<?xml version="1.0" encoding="UTF-8"?>
<kml xmlns="http://www.opengis.net/kml/2.2" xmlns:gx="http://www.google.com/kml/ext/2.2" xmlns:kml="http://www.opengis.net/kml/2.2" xmlns:atom="http://www.w3.org/2005/Atom">
<Document>
	<name>Geometry-2026-05--04</name>
	<description>177 housing projects. Heights shown as stories × 3.5m. Generated 2026-05-03.</description>
	<atom:link rel="app" href="https://www.google.com/earth/about/versions/#earth-pro" title="Google Earth Pro 7.3.7.1155"></atom:link>
	<Style id="style_Application_Submitted_parcel5">
		<LineStyle>
			<color>ff00ffff</color>
			<width>1.5</width>
		</LineStyle>
		<PolyStyle>
			<color>8000ffff</color>
		</PolyStyle>
	</Style>
	<Style id="style_Application_Submitted_parcel4">
		<LineStyle>
			<color>ff00ffff</color>
			<width>1.5</width>
		</LineStyle>
		<PolyStyle>
			<color>8000ffff</color>
		</PolyStyle>
	</Style>
	<Style id="style_Application_Submitted_parcel">
		<LineStyle>
			<color>ff00ffff</color>
			<width>1.5</width>
		</LineStyle>
		<PolyStyle>
			<color>8000ffff</color>
		</PolyStyle>
	</Style>
	<StyleMap id="style_Application_Submitted_parcel0">
		<Pair>
			<key>normal</key>
			<styleUrl>#style_Application_Submitted_parcel</styleUrl>
		</Pair>
		<Pair>
			<key>highlight</key>
			<styleUrl>#style_Application_Submitted_parcel3</styleUrl>
		</Pair>
	</StyleMap>
	<Style id="style_Application_Submitted_parcel3">
		<LineStyle>
			<color>ff00ffff</color>
			<width>1.5</width>
		</LineStyle>
		<PolyStyle>
			<color>8000ffff</color>
		</PolyStyle>
	</Style>
	<Style id="style_Application_Submitted_parcel2">
		<LineStyle>
			<color>ff00ffff</color>
			<width>1.5</width>
		</LineStyle>
		<PolyStyle>
			<color>8000ffff</color>
		</PolyStyle>
	</Style>
	<StyleMap id="style_Application_Submitted_parcel1">
		<Pair>
			<key>normal</key>
			<styleUrl>#style_Application_Submitted_parcel5</styleUrl>
		</Pair>
		<Pair>
			<key>highlight</key>
			<styleUrl>#style_Application_Submitted_parcel2</styleUrl>
		</Pair>
	</StyleMap>
	<Style id="style_Application_Submitted_synthetic">
		<LineStyle>
			<color>ff00ffff</color>
		</LineStyle>
		<PolyStyle>
			<color>8000ffff</color>
		</PolyStyle>
	</Style>
	<Style id="style_Completed_parcel5">
		<LineStyle>
			<color>ff53c800</color>
			<width>1.5</width>
		</LineStyle>
		<PolyStyle>
			<color>8053c800</color>
		</PolyStyle>
	</Style>
	<Style id="style_Completed_parcel4">
		<LineStyle>
			<color>ff53c800</color>
			<width>1.5</width>
		</LineStyle>
		<PolyStyle>
			<color>8053c800</color>
		</PolyStyle>
	</Style>
	<StyleMap id="style_Completed_parcel">
		<Pair>
			<key>normal</key>
			<styleUrl>#style_Completed_parcel4</styleUrl>
		</Pair>
		<Pair>
			<key>highlight</key>
			<styleUrl>#style_Completed_parcel5</styleUrl>
		</Pair>
	</StyleMap>
	<Style id="style_Completed_parcel0">
		<LineStyle>
			<color>ff53c800</color>
			<width>1.5</width>
		</LineStyle>
		<PolyStyle>
			<color>8053c800</color>
		</PolyStyle>
	</Style>
	<Style id="style_Completed_parcel3">
		<LineStyle>
			<color>ff53c800</color>
			<width>1.5</width>
		</LineStyle>
		<PolyStyle>
			<color>8053c800</color>
		</PolyStyle>
	</Style>
	<Style id="style_Completed_parcel2">
		<LineStyle>
			<color>ff53c800</color>
			<width>1.5</width>
		</LineStyle>
		<PolyStyle>
			<color>8053c800</color>
		</PolyStyle>
	</Style>
	<StyleMap id="style_Completed_parcel1">
		<Pair>
			<key>normal</key>
			<styleUrl>#style_Completed_parcel2</styleUrl>
		</Pair>
		<Pair>
			<key>highlight</key>
			<styleUrl>#style_Completed_parcel3</styleUrl>
		</Pair>
	</StyleMap>
	<Style id="style_Completed_synthetic">
		<LineStyle>
			<color>ff53c800</color>
		</LineStyle>
		<PolyStyle>
			<color>8053c800</color>
		</PolyStyle>
	</Style>
	<Style id="style_Decision_Pending_parcel2">
		<LineStyle>
			<color>ff00ffff</color>
			<width>1.5</width>
		</LineStyle>
		<PolyStyle>
			<color>8000ffff</color>
		</PolyStyle>
	</Style>
	<Style id="style_Decision_Pending_parcel1">
		<LineStyle>
			<color>ff00ffff</color>
			<width>1.5</width>
		</LineStyle>
		<PolyStyle>
			<color>8000ffff</color>
		</PolyStyle>
	</Style>
	<StyleMap id="style_Decision_Pending_parcel0">
		<Pair>
			<key>normal</key>
			<styleUrl>#style_Decision_Pending_parcel2</styleUrl>
		</Pair>
		<Pair>
			<key>highlight</key>
			<styleUrl>#style_Decision_Pending_parcel1</styleUrl>
		</Pair>
	</StyleMap>
	<Style id="style_Decision_Pending_parcel">
		<LineStyle>
			<color>ff00ffff</color>
			<width>1.5</width>
		</LineStyle>
		<PolyStyle>
			<color>8000ffff</color>
		</PolyStyle>
	</Style>
	<Style id="style_Entitled_footprint2">
		<LineStyle>
			<color>ff0080ff</color>
			<width>2.5</width>
		</LineStyle>
		<PolyStyle>
			<color>800080ff</color>
		</PolyStyle>
	</Style>
	<Style id="style_Entitled_footprint0">
		<LineStyle>
			<color>ff0080ff</color>
			<width>2.5</width>
		</LineStyle>
		<PolyStyle>
			<color>800080ff</color>
		</PolyStyle>
	</Style>
	<Style id="style_Entitled_footprint">
		<LineStyle>
			<color>ff0080ff</color>
			<width>2.5</width>
		</LineStyle>
		<PolyStyle>
			<color>800080ff</color>
		</PolyStyle>
	</Style>
	<StyleMap id="style_Entitled_footprint1">
		<Pair>
			<key>normal</key>
			<styleUrl>#style_Entitled_footprint2</styleUrl>
		</Pair>
		<Pair>
			<key>highlight</key>
			<styleUrl>#style_Entitled_footprint0</styleUrl>
		</Pair>
	</StyleMap>
	<Style id="style_Entitled_parcel">
		<LineStyle>
			<color>ff0080ff</color>
			<width>1.5</width>
		</LineStyle>
		<PolyStyle>
			<color>800080ff</color>
		</PolyStyle>
	</Style>
	<Style id="style_Entitled_parcel8">
		<LineStyle>
			<color>ff0080ff</color>
			<width>1.5</width>
		</LineStyle>
		<PolyStyle>
			<color>800080ff</color>
		</PolyStyle>
	</Style>
	<Style id="style_Entitled_parcel7">
		<LineStyle>
			<color>ff0080ff</color>
			<width>1.5</width>
		</LineStyle>
		<PolyStyle>
			<color>800080ff</color>
		</PolyStyle>
	</Style>
	<Style id="style_Entitled_parcel6">
		<LineStyle>
			<color>ff0080ff</color>
			<width>1.5</width>
		</LineStyle>
		<PolyStyle>
			<color>800080ff</color>
		</PolyStyle>
	</Style>
	<StyleMap id="style_Entitled_parcel5">
		<Pair>
			<key>normal</key>
			<styleUrl>#style_Entitled_parcel4</styleUrl>
		</Pair>
		<Pair>
			<key>highlight</key>
			<styleUrl>#style_Entitled_parcel</styleUrl>
		</Pair>
	</StyleMap>
	<Style id="style_Entitled_parcel4">
		<LineStyle>
			<color>ff0080ff</color>
			<width>1.5</width>
		</LineStyle>
		<PolyStyle>
			<color>800080ff</color>
		</PolyStyle>
	</Style>
	<Style id="style_Entitled_parcel0">
		<LineStyle>
			<color>ff0080ff</color>
			<width>1.5</width>
		</LineStyle>
		<PolyStyle>
			<color>800080ff</color>
		</PolyStyle>
	</Style>
	<StyleMap id="style_Entitled_parcel1">
		<Pair>
			<key>normal</key>
			<styleUrl>#style_Entitled_parcel8</styleUrl>
		</Pair>
		<Pair>
			<key>highlight</key>
			<styleUrl>#style_Entitled_parcel3</styleUrl>
		</Pair>
	</StyleMap>
	<Style id="style_Entitled_parcel3">
		<LineStyle>
			<color>ff0080ff</color>
			<width>1.5</width>
		</LineStyle>
		<PolyStyle>
			<color>800080ff</color>
		</PolyStyle>
	</Style>
	<StyleMap id="style_Entitled_parcel2">
		<Pair>
			<key>normal</key>
			<styleUrl>#style_Entitled_parcel7</styleUrl>
		</Pair>
		<Pair>
			<key>highlight</key>
			<styleUrl>#style_Entitled_parcel0</styleUrl>
		</Pair>
	</StyleMap>
	<Style id="style_Entitled_synthetic">
		<LineStyle>
			<color>ff0080ff</color>
		</LineStyle>
		<PolyStyle>
			<color>800080ff</color>
		</PolyStyle>
	</Style>
	<Style id="style_In_Review_parcel0">
		<LineStyle>
			<color>ff00ffff</color>
			<width>1.5</width>
		</LineStyle>
		<PolyStyle>
			<color>8000ffff</color>
		</PolyStyle>
	</Style>
	<Style id="style_In_Review_parcel8">
		<LineStyle>
			<color>ff00ffff</color>
			<width>1.5</width>
		</LineStyle>
		<PolyStyle>
			<color>8000ffff</color>
		</PolyStyle>
	</Style>
	<StyleMap id="style_In_Review_parcel9">
		<Pair>
			<key>normal</key>
			<styleUrl>#style_In_Review_parcel1</styleUrl>
		</Pair>
		<Pair>
			<key>highlight</key>
			<styleUrl>#style_In_Review_parcel11</styleUrl>
		</Pair>
	</StyleMap>
	<StyleMap id="style_In_Review_parcel7">
		<Pair>
			<key>normal</key>
			<styleUrl>#style_In_Review_parcel17</styleUrl>
		</Pair>
		<Pair>
			<key>highlight</key>
			<styleUrl>#style_In_Review_parcel3</styleUrl>
		</Pair>
	</StyleMap>
	<StyleMap id="style_In_Review_parcel6">
		<Pair>
			<key>normal</key>
			<styleUrl>#style_In_Review_parcel15</styleUrl>
		</Pair>
		<Pair>
			<key>highlight</key>
			<styleUrl>#style_In_Review_parcel4</styleUrl>
		</Pair>
	</StyleMap>
	<Style id="style_In_Review_parcel5">
		<LineStyle>
			<color>ff00ffff</color>
			<width>1.5</width>
		</LineStyle>
		<PolyStyle>
			<color>8000ffff</color>
		</PolyStyle>
	</Style>
	<Style id="style_In_Review_parcel1">
		<LineStyle>
			<color>ff00ffff</color>
			<width>1.5</width>
		</LineStyle>
		<PolyStyle>
			<color>8000ffff</color>
		</PolyStyle>
	</Style>
	<Style id="style_In_Review_parcel17">
		<LineStyle>
			<color>ff00ffff</color>
			<width>1.5</width>
		</LineStyle>
		<PolyStyle>
			<color>8000ffff</color>
		</PolyStyle>
	</Style>
	<Style id="style_In_Review_parcel4">
		<LineStyle>
			<color>ff00ffff</color>
			<width>1.5</width>
		</LineStyle>
		<PolyStyle>
			<color>8000ffff</color>
		</PolyStyle>
	</Style>
	<Style id="style_In_Review_parcel10">
		<LineStyle>
			<color>ff00ffff</color>
			<width>1.5</width>
		</LineStyle>
		<PolyStyle>
			<color>8000ffff</color>
		</PolyStyle>
	</Style>
	<Style id="style_In_Review_parcel11">
		<LineStyle>
			<color>ff00ffff</color>
			<width>1.5</width>
		</LineStyle>
		<PolyStyle>
			<color>8000ffff</color>
		</PolyStyle>
	</Style>
	<StyleMap id="style_In_Review_parcel12">
		<Pair>
			<key>normal</key>
			<styleUrl>#style_In_Review_parcel16</styleUrl>
		</Pair>
		<Pair>
			<key>highlight</key>
			<styleUrl>#style_In_Review_parcel10</styleUrl>
		</Pair>
	</StyleMap>
	<Style id="style_In_Review_parcel3">
		<LineStyle>
			<color>ff00ffff</color>
			<width>1.5</width>
		</LineStyle>
		<PolyStyle>
			<color>8000ffff</color>
		</PolyStyle>
	</Style>
	<Style id="style_In_Review_parcel16">
		<LineStyle>
			<color>ff00ffff</color>
			<width>1.5</width>
		</LineStyle>
		<PolyStyle>
			<color>8000ffff</color>
		</PolyStyle>
	</Style>
	<Style id="style_In_Review_parcel13">
		<LineStyle>
			<color>ff00ffff</color>
			<width>1.5</width>
		</LineStyle>
		<PolyStyle>
			<color>8000ffff</color>
		</PolyStyle>
	</Style>
	<Style id="style_In_Review_parcel14">
		<LineStyle>
			<color>ff00ffff</color>
			<width>1.5</width>
		</LineStyle>
		<PolyStyle>
			<color>8000ffff</color>
		</PolyStyle>
	</Style>
	<Style id="style_In_Review_parcel15">
		<LineStyle>
			<color>ff00ffff</color>
			<width>1.5</width>
		</LineStyle>
		<PolyStyle>
			<color>8000ffff</color>
		</PolyStyle>
	</Style>
	<StyleMap id="style_In_Review_parcel">
		<Pair>
			<key>normal</key>
			<styleUrl>#style_In_Review_parcel14</styleUrl>
		</Pair>
		<Pair>
			<key>highlight</key>
			<styleUrl>#style_In_Review_parcel0</styleUrl>
		</Pair>
	</StyleMap>
	<StyleMap id="style_In_Review_parcel2">
		<Pair>
			<key>normal</key>
			<styleUrl>#style_In_Review_parcel13</styleUrl>
		</Pair>
		<Pair>
			<key>highlight</key>
			<styleUrl>#style_In_Review_parcel8</styleUrl>
		</Pair>
	</StyleMap>
	<Style id="style_In_Review_synthetic">
		<LineStyle>
			<color>ff00ffff</color>
		</LineStyle>
		<PolyStyle>
			<color>8000ffff</color>
		</PolyStyle>
	</Style>
	<Style id="style_In_Review_synthetic2">
		<LineStyle>
			<color>ff00ffff</color>
		</LineStyle>
		<PolyStyle>
			<color>8000ffff</color>
		</PolyStyle>
	</Style>
	<Style id="style_In_Review_synthetic1">
		<LineStyle>
			<color>ff00ffff</color>
		</LineStyle>
		<PolyStyle>
			<color>8000ffff</color>
		</PolyStyle>
	</Style>
	<StyleMap id="style_In_Review_synthetic0">
		<Pair>
			<key>normal</key>
			<styleUrl>#style_In_Review_synthetic2</styleUrl>
		</Pair>
		<Pair>
			<key>highlight</key>
			<styleUrl>#style_In_Review_synthetic1</styleUrl>
		</Pair>
	</StyleMap>
	<Style id="style_Permits_Active_parcel">
		<LineStyle>
			<color>ffffff00</color>
			<width>1.5</width>
		</LineStyle>
		<PolyStyle>
			<color>80ffff00</color>
		</PolyStyle>
	</Style>
	<Style id="style_Pre_Application_parcel">
		<LineStyle>
			<color>ffc0c0c0</color>
			<width>1.5</width>
		</LineStyle>
		<PolyStyle>
			<color>80c0c0c0</color>
		</PolyStyle>
	</Style>
	<Style id="style_Stalled_parcel">
		<LineStyle>
			<color>ff0000ff</color>
			<width>1.5</width>
		</LineStyle>
		<PolyStyle>
			<color>800000ff</color>
		</PolyStyle>
	</Style>
	<Style id="style_UC_Project_footprint4">
		<LineStyle>
			<color>ffff00aa</color>
			<width>2.5</width>
		</LineStyle>
		<PolyStyle>
			<color>80ff00aa</color>
		</PolyStyle>
	</Style>
	<Style id="style_UC_Project_footprint">
		<LineStyle>
			<color>ffff00aa</color>
			<width>2.5</width>
		</LineStyle>
		<PolyStyle>
			<color>80ff00aa</color>
		</PolyStyle>
	</Style>
	<StyleMap id="style_UC_Project_footprint2">
		<Pair>
			<key>normal</key>
			<styleUrl>#style_UC_Project_footprint0</styleUrl>
		</Pair>
		<Pair>
			<key>highlight</key>
			<styleUrl>#style_UC_Project_footprint3</styleUrl>
		</Pair>
	</StyleMap>
	<Style id="style_UC_Project_footprint5">
		<LineStyle>
			<color>ffff00aa</color>
			<width>2.5</width>
		</LineStyle>
		<PolyStyle>
			<color>80ff00aa</color>
		</PolyStyle>
	</Style>
	<Style id="style_UC_Project_footprint0">
		<LineStyle>
			<color>ffff00aa</color>
			<width>2.5</width>
		</LineStyle>
		<PolyStyle>
			<color>80ff00aa</color>
		</PolyStyle>
	</Style>
	<Style id="style_UC_Project_footprint3">
		<LineStyle>
			<color>ffff00aa</color>
			<width>2.5</width>
		</LineStyle>
		<PolyStyle>
			<color>80ff00aa</color>
		</PolyStyle>
	</Style>
	<StyleMap id="style_UC_Project_footprint1">
		<Pair>
			<key>normal</key>
			<styleUrl>#style_UC_Project_footprint5</styleUrl>
		</Pair>
		<Pair>
			<key>highlight</key>
			<styleUrl>#style_UC_Project_footprint4</styleUrl>
		</Pair>
	</StyleMap>
	<Style id="style_Under_Construction_parcel">
		<LineStyle>
			<color>ffff6229</color>
			<width>1.5</width>
		</LineStyle>
		<PolyStyle>
			<color>80ff6229</color>
		</PolyStyle>
	</Style>
	<Style id="style_Withdrawn_parcel">
		<LineStyle>
			<color>ff0000ff</color>
			<width>1.5</width>
		</LineStyle>
		<PolyStyle>
			<color>800000ff</color>
		</PolyStyle>
	</Style>
	<Folder>
		<name>Housing Projects</name>
		<open>1</open>
		<Placemark>
			<name>2400 BOWDITCH St</name>
			<description><![CDATA[<b>2400 BOWDITCH St</b><br/><b>Units:</b> 750<br/><b>VLI Units:</b> 0<br/><b>Stories:</b> 26<br/><b>Height:</b> 85.3m<br/><b>Status:</b> Pre-Application<br/><b style='color:purple'>UC Berkeley Project</b>]]></description>
			<styleUrl>#style_UC_Project_footprint1</styleUrl>
			<Polygon>
				<extrude>1</extrude>
				<altitudeMode>relativeToGround</altitudeMode>
				<outerBoundaryIs>
					<LinearRing>
						<coordinates>
							-122.2565445419804,37.86641824954469,85.3 -122.2567124763328,37.8670995495654,85.3 -122.2573632984431,37.8670059833901,85.3 -122.2573330308715,37.86677749095411,85.3 -122.2568668192754,37.8668594735373,85.3 -122.2567508474408,37.86639375435853,85.3 -122.2565445419804,37.86641824954469,85.3 
						</coordinates>
					</LinearRing>
				</outerBoundaryIs>
			</Polygon>
		</Placemark>
		<Placemark>
			<name>2556 HASTE St</name>
			<description><![CDATA[<b>2556 HASTE St</b><br/><b>Units:</b> 556<br/><b>VLI Units:</b> 0<br/><b>Stories:</b> 12<br/><b>Height:</b> 40.2m<br/><b>Status:</b> Under Construction<br/><b style='color:purple'>UC Berkeley Project</b>]]></description>
			<styleUrl>#style_UC_Project_footprint2</styleUrl>
			<Polygon>
				<extrude>1</extrude>
				<altitudeMode>relativeToGround</altitudeMode>
				<outerBoundaryIs>
					<LinearRing>
						<coordinates>
							-122.257849049515,37.86606393310299,40.2 -122.257798184082,37.86584327228867,40.2 -122.2568112451243,37.86597488893274,40.2 -122.25673268639,37.86547554566393,40.2 -122.2562992779039,37.86551647916642,40.2 -122.2564219708596,37.86623851100116,40.2 -122.257849049515,37.86606393310299,40.2 
						</coordinates>
					</LinearRing>
				</outerBoundaryIs>
			</Polygon>
		</Placemark>
		<Placemark>
			<name>2200 BANCROFT Way</name>
			<description><![CDATA[<b>2200 BANCROFT Way</b><br/><b>Units:</b> 550<br/><b>VLI Units:</b> 0<br/><b>Stories:</b> 23<br/><b>Height:</b> 77.1m<br/><b>Status:</b> Under Construction<br/><b style='color:purple'>UC Berkeley Project</b>]]></description>
			<styleUrl>#style_UC_Project_footprint</styleUrl>
			<Polygon>
				<extrude>1</extrude>
				<altitudeMode>relativeToGround</altitudeMode>
				<outerBoundaryIs>
					<LinearRing>
						<coordinates>
							-122.2653530749287,37.86734094463674,77.09999999999999 -122.2654471995935,37.86781783833246,77.09999999999999 -122.2658107301884,37.86777400642833,77.09999999999999 -122.2657254056444,37.86725787799307,77.09999999999999 -122.2653530749287,37.86734094463674,77.09999999999999 
						</coordinates>
					</LinearRing>
				</outerBoundaryIs>
			</Polygon>
		</Placemark>
		<Placemark>
			<name>1950 OXFORD St</name>
			<description><![CDATA[<b>1950 OXFORD St</b><br/><b>Units:</b> 300<br/><b>VLI Units:</b> 0<br/><b>Stories:</b> 14<br/><b>Height:</b> 46.9m<br/><b>Status:</b> Completed<br/><b style='color:purple'>UC Berkeley Project</b>]]></description>
			<styleUrl>#style_UC_Project_footprint</styleUrl>
			<Polygon>
				<extrude>1</extrude>
				<altitudeMode>relativeToGround</altitudeMode>
				<outerBoundaryIs>
					<LinearRing>
						<coordinates>
							-122.2662788617576,37.87257208642357,46.9 -122.2663591304847,37.87326413434535,46.9 -122.2669785623539,37.87317763211071,46.9 -122.266664583753,37.87255884678478,46.9 -122.2662788617576,37.87257208642357,46.9 
						</coordinates>
					</LinearRing>
				</outerBoundaryIs>
			</Polygon>
		</Placemark>
		<Placemark>
			<name>1750 SACRAMENTO St</name>
			<description><![CDATA[<b>1750 SACRAMENTO St</b><br/><b>Units:</b> 739<br/><b>VLI Units:</b> 0<br/><b>Stories:</b> 8<br/><b>Height:</b> 28.0m<br/><b>Status:</b> In Review]]></description>
			<styleUrl>#style_In_Review_parcel5</styleUrl>
			<Polygon>
				<extrude>1</extrude>
				<altitudeMode>relativeToGround</altitudeMode>
				<outerBoundaryIs>
					<LinearRing>
						<coordinates>
							-122.2825388957474,37.873963734114,28 -122.2833232633541,37.87387017609439,28 -122.2834046755,37.87466276383535,28 -122.2826482839259,37.87476620333629,28 -122.2825388957474,37.873963734114,28 
						</coordinates>
					</LinearRing>
				</outerBoundaryIs>
			</Polygon>
		</Placemark>
		<Placemark>
			<name>Ashby BART</name>
			<description><![CDATA[<b>Ashby BART</b><br/><b>Units:</b> 618<br/><b>VLI Units:</b> 309<br/><b>Stories:</b> 20<br/><b>Height:</b> 70.0m<br/><b>Status:</b> Pre-Application<br/><i>(height estimated from units)</i>]]></description>
			<styleUrl>#style_Pre_Application_parcel</styleUrl>
			<Polygon>
				<extrude>1</extrude>
				<altitudeMode>relativeToGround</altitudeMode>
				<outerBoundaryIs>
					<LinearRing>
						<coordinates>
							-122.2875536324362,37.85428954733504,70 -122.2869060695018,37.8522866296952,70 -122.288906954088,37.85186900838737,70 -122.2893057974179,37.85310864425001,70 -122.2892535021239,37.85316301019162,70 -122.2892246923659,37.85319296749443,70 -122.2894617890991,37.85390285071467,70 -122.2875536324362,37.85428954733504,70 
						</coordinates>
					</LinearRing>
				</outerBoundaryIs>
			</Polygon>
		</Placemark>
		<Placemark>
			<name>1974 SHATTUCK Ave</name>
			<description><![CDATA[<b>1974 SHATTUCK Ave</b><br/><b>Units:</b> 599<br/><b>VLI Units:</b> 58<br/><b>Stories:</b> 28<br/><b>Height:</b> 98.0m<br/><b>Status:</b> Entitled]]></description>
			<styleUrl>#style_Entitled_footprint</styleUrl>
			<Polygon>
				<extrude>1</extrude>
				<altitudeMode>relativeToGround</altitudeMode>
				<outerBoundaryIs>
					<LinearRing>
						<coordinates>
							-122.2686719879186,37.87287267616308,98.00000000000001 -122.2690361350241,37.87285390297354,98.00000000000001 -122.268933950456,37.87244611934,98.00000000000001 -122.2690904526609,37.87241886123353,98.00000000000001 -122.2690461495803,37.87222041507879,98.00000000000001 -122.2686003850768,37.87228944554767,98.00000000000001 -122.2686719879186,37.87287267616308,98.00000000000001 
						</coordinates>
					</LinearRing>
				</outerBoundaryIs>
			</Polygon>
		</Placemark>
		<Placemark>
			<name>2128 Oxford St</name>
			<description><![CDATA[<b>2128 Oxford St</b><br/><b>Units:</b> 485<br/><b>VLI Units:</b> 47<br/><b>Stories:</b> 26<br/><b>Height:</b> 91.0m<br/><b>Status:</b> Entitled]]></description>
			<styleUrl>#style_Entitled_synthetic</styleUrl>
			<Polygon>
				<extrude>1</extrude>
				<altitudeMode>relativeToGround</altitudeMode>
				<outerBoundaryIs>
					<LinearRing>
						<coordinates>
							-122.2659642026801,37.8701123031143,91 -122.2660190342187,37.8705062262155,91 -122.2664129573199,37.8704182368857,91 -122.2663581257813,37.87002431378449,91 -122.2659642026801,37.8701123031143,91 
						</coordinates>
					</LinearRing>
				</outerBoundaryIs>
			</Polygon>
		</Placemark>
		<Placemark>
			<name>2190 SHATTUCK Ave</name>
			<description><![CDATA[<b>2190 SHATTUCK Ave</b><br/><b>Units:</b> 452<br/><b>VLI Units:</b> 0<br/><b>Stories:</b> 34<br/><b>Height:</b> 119.0m<br/><b>Status:</b> In Review]]></description>
			<styleUrl>#style_In_Review_parcel</styleUrl>
			<Polygon>
				<extrude>1</extrude>
				<altitudeMode>relativeToGround</altitudeMode>
				<outerBoundaryIs>
					<LinearRing>
						<coordinates>
							-122.2682510776356,37.86942256562457,119 -122.2682738755158,37.86965158945649,119 -122.2690744986648,37.86960750656637,119 -122.2690179778003,37.86932525019976,119 -122.2682510776356,37.86942256562457,119 
						</coordinates>
					</LinearRing>
				</outerBoundaryIs>
			</Polygon>
		</Placemark>
		<Placemark>
			<name>2700 SHATTUCK Ave</name>
			<description><![CDATA[<b>2700 SHATTUCK Ave</b><br/><b>Units:</b> 359<br/><b>VLI Units:</b> 0<br/><b>Stories:</b> 15<br/><b>Height:</b> 52.5m<br/><b>Status:</b> In Review<br/><i>(height estimated from units)</i>]]></description>
			<styleUrl>#style_In_Review_parcel7</styleUrl>
			<Polygon>
				<extrude>1</extrude>
				<altitudeMode>relativeToGround</altitudeMode>
				<outerBoundaryIs>
					<LinearRing>
						<coordinates>
							-122.267680748208,37.85944794042214,52.5 -122.2673869775315,37.86020494680588,52.5 -122.2683547317199,37.86011365909602,52.5 -122.2682233195961,37.85939767351398,52.5 -122.267680748208,37.85944794042214,52.5 
						</coordinates>
					</LinearRing>
				</outerBoundaryIs>
			</Polygon>
		</Placemark>
		<Placemark>
			<name>2276 SHATTUCK Ave</name>
			<description><![CDATA[<b>2276 SHATTUCK Ave</b><br/><b>Units:</b> 336<br/><b>VLI Units:</b> 0<br/><b>Stories:</b> 18<br/><b>Height:</b> 63.0m<br/><b>Status:</b> In Review]]></description>
			<styleUrl>#style_In_Review_parcel5</styleUrl>
			<Polygon>
				<extrude>1</extrude>
				<altitudeMode>relativeToGround</altitudeMode>
				<outerBoundaryIs>
					<LinearRing>
						<coordinates>
							-122.2683982098763,37.86760063152184,63 -122.268447246836,37.86784023737008,63 -122.2680844913283,37.86788481305854,63 -122.2680598123012,37.86764895194761,63 -122.2683982098763,37.86760063152184,63 
						</coordinates>
					</LinearRing>
				</outerBoundaryIs>
			</Polygon>
		</Placemark>
		<Placemark>
			<name>2274 SHATTUCK Ave</name>
			<description><![CDATA[<b>2274 SHATTUCK Ave</b><br/><b>Units:</b> 299<br/><b>VLI Units:</b> 0<br/><b>Stories:</b> 17<br/><b>Height:</b> 59.5m<br/><b>Status:</b> Entitled]]></description>
			<styleUrl>#style_Entitled_parcel5</styleUrl>
			<Polygon>
				<extrude>1</extrude>
				<altitudeMode>relativeToGround</altitudeMode>
				<outerBoundaryIs>
					<LinearRing>
						<coordinates>
							-122.2680941057001,37.86799728196314,59.5 -122.2680844913283,37.86788481305854,59.5 -122.268447246836,37.86784023737008,59.5 -122.2683982098763,37.86760063152184,59.5 -122.2687902514216,37.86754875692188,59.5 -122.2688578662474,37.86791442273089,59.5 -122.2688457938126,37.86791666317941,59.5 -122.268859822865,37.86799611537222,59.5 -122.2684332273109,37.86805124906881,59.5 -122.2684171238047,37.86795742455347,59.5 -122.2680941057001,37.86799728196314,59.5 
						</coordinates>
					</LinearRing>
				</outerBoundaryIs>
			</Polygon>
		</Placemark>
		<Placemark>
			<name>1914 FIFTH St</name>
			<description><![CDATA[<b>1914 FIFTH St</b><br/><b>Units:</b> 257<br/><b>VLI Units:</b> 26<br/><b>Stories:</b> 15<br/><b>Height:</b> 52.5m<br/><b>Status:</b> In Review<br/><i>(height estimated from units)</i>]]></description>
			<styleUrl>#style_In_Review_synthetic</styleUrl>
			<Polygon>
				<extrude>1</extrude>
				<altitudeMode>relativeToGround</altitudeMode>
				<outerBoundaryIs>
					<LinearRing>
						<coordinates>
							-122.2990715463606,37.86807704770219,52.5 -122.2991263778993,37.86847097080339,52.5 -122.2995203010005,37.86838298147359,52.5 -122.2994654694618,37.86798905837238,52.5 -122.2990715463606,37.86807704770219,52.5 
						</coordinates>
					</LinearRing>
				</outerBoundaryIs>
			</Polygon>
		</Placemark>
		<Placemark>
			<name>2029 UNIVERSITY Ave</name>
			<description><![CDATA[<b>2029 UNIVERSITY Ave</b><br/><b>Units:</b> 240<br/><b>VLI Units:</b> 0<br/><b>Stories:</b> 23<br/><b>Height:</b> 78.0m<br/><b>Status:</b> Entitled]]></description>
			<styleUrl>#style_Entitled_parcel6</styleUrl>
			<Polygon>
				<extrude>1</extrude>
				<altitudeMode>relativeToGround</altitudeMode>
				<outerBoundaryIs>
					<LinearRing>
						<coordinates>
							-122.2696446143454,37.87213473114895,78 -122.2699970338518,37.87209237054999,78 -122.270058002845,37.87239703808411,78 -122.2697073799234,37.87244212108648,78 -122.2696446143454,37.87213473114895,78 
						</coordinates>
					</LinearRing>
				</outerBoundaryIs>
			</Polygon>
		</Placemark>
		<Placemark>
			<name>2352 Shattuck Ave</name>
			<description><![CDATA[<b>2352 Shattuck Ave</b><br/><b>Units:</b> 237<br/><b>VLI Units:</b> 0<br/><b>Stories:</b> 8<br/><b>Height:</b> 28.0m<br/><b>Status:</b> Completed]]></description>
			<styleUrl>#style_Completed_parcel</styleUrl>
			<Polygon>
				<extrude>1</extrude>
				<altitudeMode>relativeToGround</altitudeMode>
				<outerBoundaryIs>
					<LinearRing>
						<coordinates>
							-122.2687163581627,37.86644869270418,28 -122.2679469486661,37.86655004203782,28 -122.2679386821698,37.86647857044311,28 -122.2678644887076,37.86583708031741,28 -122.2682233090281,37.86578981567123,28 -122.2682247111786,37.86579644708195,28 -122.2683091540137,37.86619609926411,28 -122.2684800231324,37.86617358952481,28 -122.2684783983265,37.86616590222209,28 -122.2684685757389,37.86611941923253,28 -122.2684856628666,37.86611716761697,28 -122.268738543014,37.86608385669702,28 -122.2687770214409,37.86607878796743,28 -122.268782618349,37.86610548385499,28 -122.2688508540084,37.86643097580077,28 -122.2687163581627,37.86644869270418,28 
						</coordinates>
					</LinearRing>
				</outerBoundaryIs>
			</Polygon>
		</Placemark>
		<Placemark>
			<name>2601 SAN PABLO Ave</name>
			<description><![CDATA[<b>2601 SAN PABLO Ave</b><br/><b>Units:</b> 223<br/><b>VLI Units:</b> 0<br/><b>Stories:</b> 8<br/><b>Height:</b> 28.0m<br/><b>Status:</b> In Review]]></description>
			<styleUrl>#style_In_Review_parcel5</styleUrl>
			<Polygon>
				<extrude>1</extrude>
				<altitudeMode>relativeToGround</altitudeMode>
				<outerBoundaryIs>
					<LinearRing>
						<coordinates>
							-122.2885402191163,37.85921677438314,28 -122.2887681300361,37.85918584168565,28 -122.2888131650484,37.85932937353871,28 -122.2885713930826,37.85936050647946,28 -122.2885402191163,37.85921677438314,28 
						</coordinates>
					</LinearRing>
				</outerBoundaryIs>
			</Polygon>
		</Placemark>
		<Placemark>
			<name>2920 SHATTUCK Ave</name>
			<description><![CDATA[<b>2920 SHATTUCK Ave</b><br/><b>Units:</b> 221<br/><b>VLI Units:</b> 0<br/><b>Stories:</b> 10<br/><b>Height:</b> 35.0m<br/><b>Status:</b> In Review]]></description>
			<styleUrl>#style_In_Review_parcel5</styleUrl>
			<Polygon>
				<extrude>1</extrude>
				<altitudeMode>relativeToGround</altitudeMode>
				<outerBoundaryIs>
					<LinearRing>
						<coordinates>
							-122.2667401480044,37.85610270868192,35 -122.2670804732323,37.85606396466496,35 -122.2670933383233,37.85616815588416,35 -122.2671078520083,37.85626818617434,35 -122.2671205281962,37.85636413838727,35 -122.2671377058079,37.85650327525909,35 -122.2671503285829,37.85659716677563,35 -122.2668101898525,37.85664346318044,35 -122.2667401480044,37.85610270868192,35 
						</coordinates>
					</LinearRing>
				</outerBoundaryIs>
			</Polygon>
		</Placemark>
		<Placemark>
			<name>1899 OXFORD St</name>
			<description><![CDATA[<b>1899 OXFORD St</b><br/><b>Units:</b> 212<br/><b>VLI Units:</b> 0<br/><b>Stories:</b> 7<br/><b>Height:</b> 23.8m<br/><b>Status:</b> Decision Pending]]></description>
			<styleUrl>#style_Decision_Pending_parcel</styleUrl>
			<Polygon>
				<extrude>1</extrude>
				<altitudeMode>relativeToGround</altitudeMode>
				<outerBoundaryIs>
					<LinearRing>
						<coordinates>
							-122.2659023273881,37.87461069027057,23.8 -122.2658850473321,37.87446673469285,23.8 -122.2658635046739,37.87428989326462,23.8 -122.2661416664758,37.87425689354905,23.8 -122.2661677093624,37.87425856554528,23.8 -122.2661940562723,37.87427463575083,23.8 -122.2662152274801,37.87429013021297,23.8 -122.2662278381195,37.87431054463941,23.8 -122.2662808765738,37.87471902298317,23.8 -122.2659212360457,37.87474980254625,23.8 -122.2659023273881,37.87461069027057,23.8 
						</coordinates>
					</LinearRing>
				</outerBoundaryIs>
			</Polygon>
		</Placemark>
		<Placemark>
			<name>1598 UNIVERSITY Ave</name>
			<description><![CDATA[<b>1598 UNIVERSITY Ave</b><br/><b>Units:</b> 207<br/><b>VLI Units:</b> 21<br/><b>Stories:</b> 8<br/><b>Height:</b> 28.0m<br/><b>Status:</b> Under Construction]]></description>
			<styleUrl>#style_Under_Construction_parcel</styleUrl>
			<Polygon>
				<extrude>1</extrude>
				<altitudeMode>relativeToGround</altitudeMode>
				<outerBoundaryIs>
					<LinearRing>
						<coordinates>
							-122.2798278995951,37.87015845863151,28 -122.2800040905528,37.87013657132588,28 -122.2801388179779,37.87011942971044,28 -122.2801860502678,37.87049916071911,28 -122.279869924501,37.87053756755827,28 -122.2798278995951,37.87015845863151,28 
						</coordinates>
					</LinearRing>
				</outerBoundaryIs>
			</Polygon>
		</Placemark>
		<Placemark>
			<name>2100 MILVIA St</name>
			<description><![CDATA[<b>2100 MILVIA St</b><br/><b>Units:</b> 205<br/><b>VLI Units:</b> 0<br/><b>Stories:</b> 15<br/><b>Height:</b> 52.5m<br/><b>Status:</b> Entitled<br/><i>(height estimated from units)</i>]]></description>
			<styleUrl>#style_Entitled_parcel6</styleUrl>
			<Polygon>
				<extrude>1</extrude>
				<altitudeMode>relativeToGround</altitudeMode>
				<outerBoundaryIs>
					<LinearRing>
						<coordinates>
							-122.2710589668133,37.87055306217254,52.5 -122.2710220155198,37.87037003609498,52.5 -122.2710215970311,37.87036796774306,52.5 -122.2713999675061,37.8703199655633,52.5 -122.2714004365549,37.87031990267174,52.5 -122.2715379707583,37.87030245299931,52.5 -122.2715417684187,37.87030197087215,52.5 -122.2715855935878,37.87053711325723,52.5 -122.2716082686672,37.87065877831867,52.5 -122.2716102892256,37.87066961713597,52.5 -122.2710961959126,37.87073745180535,52.5 -122.2710589668133,37.87055306217254,52.5 
						</coordinates>
					</LinearRing>
				</outerBoundaryIs>
			</Polygon>
		</Placemark>
		<Placemark>
			<name>2131 University Ave</name>
			<description><![CDATA[<b>2131 University Ave</b><br/><b>Units:</b> 205<br/><b>VLI Units:</b> 0<br/><b>Stories:</b> 6<br/><b>Height:</b> 21.0m<br/><b>Status:</b> Completed]]></description>
			<styleUrl>#style_Completed_synthetic</styleUrl>
			<Polygon>
				<extrude>1</extrude>
				<altitudeMode>relativeToGround</altitudeMode>
				<outerBoundaryIs>
					<LinearRing>
						<coordinates>
							-122.26824437,37.87223286,21 -122.26789437,37.87223286,21 -122.26789437,37.87277286,21 -122.26824437,37.87277286,21 -122.26824437,37.87223286,21 
						</coordinates>
					</LinearRing>
				</outerBoundaryIs>
			</Polygon>
		</Placemark>
		<Placemark>
			<name>2065 Kittredge St</name>
			<description><![CDATA[<b>2065 Kittredge St</b><br/><b>Units:</b> 189<br/><b>VLI Units:</b> 0<br/><b>Stories:</b> 8<br/><b>Height:</b> 28.0m<br/><b>Status:</b> Entitled]]></description>
			<styleUrl>#style_Entitled_footprint1</styleUrl>
			<Polygon>
				<extrude>1</extrude>
				<altitudeMode>relativeToGround</altitudeMode>
				<outerBoundaryIs>
					<LinearRing>
						<coordinates>
							-122.2684852557719,37.86847272474038,28 -122.2685428704767,37.86883422983492,28 -122.2688417874279,37.86878848680792,28 -122.268922549586,37.86918411311285,28 -122.2691868580265,37.8691421151169,28 -122.2690361882526,37.86841784704875,28 -122.2684852557719,37.86847272474038,28 
						</coordinates>
					</LinearRing>
				</outerBoundaryIs>
			</Polygon>
		</Placemark>
		<Placemark>
			<name>2150 Kittredge St</name>
			<description><![CDATA[<b>2150 Kittredge St</b><br/><b>Units:</b> 169<br/><b>VLI Units:</b> 0<br/><b>Stories:</b> 3<br/><b>Height:</b> 10.5m<br/><b>Status:</b> Completed<br/><i>(height estimated from units)</i>]]></description>
			<styleUrl>#style_Completed_parcel0</styleUrl>
			<Polygon>
				<extrude>1</extrude>
				<altitudeMode>relativeToGround</altitudeMode>
				<outerBoundaryIs>
					<LinearRing>
						<coordinates>
							-122.2667128478688,37.86819513897487,10.5 -122.2668924683713,37.86817183885958,10.5 -122.266961933351,37.86854231117494,10.5 -122.2667875679257,37.86856826056821,10.5 -122.2667128478688,37.86819513897487,10.5 
						</coordinates>
					</LinearRing>
				</outerBoundaryIs>
			</Polygon>
		</Placemark>
		<Placemark>
			<name>2015 Blake St</name>
			<description><![CDATA[<b>2015 Blake St</b><br/><b>Units:</b> 168<br/><b>VLI Units:</b> 0<br/><b>Stories:</b> 7<br/><b>Height:</b> 24.5m<br/><b>Status:</b> Entitled]]></description>
			<styleUrl>#style_Entitled_parcel6</styleUrl>
			<Polygon>
				<extrude>1</extrude>
				<altitudeMode>relativeToGround</altitudeMode>
				<outerBoundaryIs>
					<LinearRing>
						<coordinates>
							-122.2689235701133,37.86296855875176,24.5 -122.2690893522727,37.86294684028008,24.5 -122.2691582620876,37.86329395390491,24.5 -122.2691409919329,37.86329627298407,24.5 -122.2690045952986,37.86331480133109,24.5 -122.2689235701133,37.86296855875176,24.5 
						</coordinates>
					</LinearRing>
				</outerBoundaryIs>
			</Polygon>
		</Placemark>
		<Placemark>
			<name>3000 SHATTUCK Ave</name>
			<description><![CDATA[<b>3000 SHATTUCK Ave</b><br/><b>Units:</b> 166<br/><b>VLI Units:</b> 17<br/><b>Stories:</b> 10<br/><b>Height:</b> 34.7m<br/><b>Status:</b> In Review]]></description>
			<styleUrl>#style_In_Review_parcel5</styleUrl>
			<Polygon>
				<extrude>1</extrude>
				<altitudeMode>relativeToGround</altitudeMode>
				<outerBoundaryIs>
					<LinearRing>
						<coordinates>
							-122.2665763553385,37.85489794582511,34.7 -122.2669337521718,37.85484932760576,34.7 -122.2669941194151,37.85512929108805,34.7 -122.2666142243859,37.85517892391511,34.7 -122.2665763553385,37.85489794582511,34.7 
						</coordinates>
					</LinearRing>
				</outerBoundaryIs>
			</Polygon>
		</Placemark>
		<Placemark>
			<name>1951 Shattuck Ave</name>
			<description><![CDATA[<b>1951 Shattuck Ave</b><br/><b>Units:</b> 163<br/><b>VLI Units:</b> 0<br/><b>Stories:</b> 3<br/><b>Height:</b> 10.5m<br/><b>Status:</b> Completed<br/><i>(height estimated from units)</i>]]></description>
			<styleUrl>#style_Completed_parcel0</styleUrl>
			<Polygon>
				<extrude>1</extrude>
				<altitudeMode>relativeToGround</altitudeMode>
				<outerBoundaryIs>
					<LinearRing>
						<coordinates>
							-122.2683168217247,37.87299924843254,10.5 -122.2678911098535,37.87305507407676,10.5 -122.2678486751289,37.87268818744872,10.5 -122.2678486237453,37.87268775000292,10.5 -122.2678507014716,37.87268747721464,10.5 -122.2680883268552,37.87265631716893,10.5 -122.2682871983009,37.87263023881466,10.5 -122.2682925332025,37.8726295392218,10.5 -122.2683224699073,37.87299849039898,10.5 -122.2683168217247,37.87299924843254,10.5 
						</coordinates>
					</LinearRing>
				</outerBoundaryIs>
			</Polygon>
		</Placemark>
		<Placemark>
			<name>1581 UNIVERSITY Ave</name>
			<description><![CDATA[<b>1581 UNIVERSITY Ave</b><br/><b>Units:</b> 158<br/><b>VLI Units:</b> 0<br/><b>Stories:</b> 7<br/><b>Height:</b> 48.2m<br/><b>Status:</b> In Review]]></description>
			<styleUrl>#style_In_Review_parcel5</styleUrl>
			<Polygon>
				<extrude>1</extrude>
				<altitudeMode>relativeToGround</altitudeMode>
				<outerBoundaryIs>
					<LinearRing>
						<coordinates>
							-122.2805519962551,37.87073191111111,48.2 -122.2807333472347,37.87070857703476,48.2 -122.2807709141232,37.87104654865218,48.2 -122.2807225032433,37.87105071339525,48.2 -122.2805894567276,37.8710657758446,48.2 -122.2805519962551,37.87073191111111,48.2 
						</coordinates>
					</LinearRing>
				</outerBoundaryIs>
			</Polygon>
		</Placemark>
		<Placemark>
			<name>2115 KITTREDGE St</name>
			<description><![CDATA[<b>2115 KITTREDGE St</b><br/><b>Units:</b> 148<br/><b>VLI Units:</b> 12<br/><b>Stories:</b> 10<br/><b>Height:</b> 35.0m<br/><b>Status:</b> Application Submitted<br/><i>(height estimated from units)</i>]]></description>
			<styleUrl>#style_Application_Submitted_parcel0</styleUrl>
			<Polygon>
				<extrude>1</extrude>
				<altitudeMode>relativeToGround</altitudeMode>
				<outerBoundaryIs>
					<LinearRing>
						<coordinates>
							-122.2670609146114,37.86906617236289,35 -122.2670613695589,37.86906856542085,35 -122.2674012789835,37.86902191388783,35 -122.2673319752963,37.86865831159945,35 -122.2669917162857,37.86870185491377,35 -122.2670609146114,37.86906617236289,35 
						</coordinates>
					</LinearRing>
				</outerBoundaryIs>
			</Polygon>
		</Placemark>
		<Placemark>
			<name>3030 TELEGRAPH Ave</name>
			<description><![CDATA[<b>3030 TELEGRAPH Ave</b><br/><b>Units:</b> 144<br/><b>VLI Units:</b> 0<br/><b>Stories:</b> 10<br/><b>Height:</b> 35.0m<br/><b>Status:</b> Under Construction<br/><i>(height estimated from units)</i>]]></description>
			<styleUrl>#style_Under_Construction_parcel</styleUrl>
			<Polygon>
				<extrude>1</extrude>
				<altitudeMode>relativeToGround</altitudeMode>
				<outerBoundaryIs>
					<LinearRing>
						<coordinates>
							-122.2600814742233,37.85463378766737,35 -122.2606219949361,37.85456460900806,35 -122.2606337528822,37.85462211326826,35 -122.2606396300726,37.85465155667876,35 -122.2606102730937,37.85465473957257,35 -122.2606240064243,37.85472251115566,35 -122.2606807891471,37.85499840756434,35 -122.2600193371512,37.85508106339045,35 -122.2600756468561,37.85463452255627,35 -122.2600814742233,37.85463378766737,35 
						</coordinates>
					</LinearRing>
				</outerBoundaryIs>
			</Polygon>
		</Placemark>
		<Placemark>
			<name>2420 SHATTUCK Ave</name>
			<description><![CDATA[<b>2420 SHATTUCK Ave</b><br/><b>Units:</b> 132<br/><b>VLI Units:</b> 0<br/><b>Stories:</b> 17<br/><b>Height:</b> 59.5m<br/><b>Status:</b> In Review]]></description>
			<styleUrl>#style_In_Review_parcel5</styleUrl>
			<Polygon>
				<extrude>1</extrude>
				<altitudeMode>relativeToGround</altitudeMode>
				<outerBoundaryIs>
					<LinearRing>
						<coordinates>
							-122.2677970130208,37.86527212454276,59.5 -122.2681855131924,37.86521823350147,59.5 -122.2681934744431,37.86526137918234,59.5 -122.2682069442377,37.8653181731219,59.5 -122.2678165376415,37.86536521967802,59.5 -122.2677970130208,37.86527212454276,59.5 
						</coordinates>
					</LinearRing>
				</outerBoundaryIs>
			</Polygon>
		</Placemark>
		<Placemark>
			<name>2847 SHATTUCK Ave</name>
			<description><![CDATA[<b>2847 SHATTUCK Ave</b><br/><b>Units:</b> 132<br/><b>VLI Units:</b> 0<br/><b>Stories:</b> 9<br/><b>Height:</b> 41.5m<br/><b>Status:</b> Application Submitted]]></description>
			<styleUrl>#style_Application_Submitted_parcel4</styleUrl>
			<Polygon>
				<extrude>1</extrude>
				<altitudeMode>relativeToGround</altitudeMode>
				<outerBoundaryIs>
					<LinearRing>
						<coordinates>
							-122.2661647243872,37.85688865891305,41.5 -122.266605074179,37.85683125014626,41.5 -122.2666334727546,37.85707803266258,41.5 -122.2662155177865,37.85713030221503,41.5 -122.2661647243872,37.85688865891305,41.5 
						</coordinates>
					</LinearRing>
				</outerBoundaryIs>
			</Polygon>
		</Placemark>
		<Placemark>
			<name>2109 VIRGINIA St</name>
			<description><![CDATA[<b>2109 VIRGINIA St</b><br/><b>Units:</b> 131<br/><b>VLI Units:</b> 0<br/><b>Stories:</b> 2<br/><b>Height:</b> 39.9m<br/><b>Status:</b> Entitled]]></description>
			<styleUrl>#style_Entitled_parcel6</styleUrl>
			<Polygon>
				<extrude>1</extrude>
				<altitudeMode>relativeToGround</altitudeMode>
				<outerBoundaryIs>
					<LinearRing>
						<coordinates>
							-122.2684051405695,37.87726574689183,39.9 -122.2683903514725,37.87715404366436,39.9 -122.2683772854215,37.87704161568805,39.9 -122.2683411796477,37.87676336747056,39.9 -122.2687506414209,37.8767132716366,39.9 -122.2688119010121,37.87724798499854,39.9 -122.2684071699731,37.87727807473793,39.9 -122.2684051405695,37.87726574689183,39.9 
						</coordinates>
					</LinearRing>
				</outerBoundaryIs>
			</Polygon>
		</Placemark>
		<Placemark>
			<name>2136 SAN PABLO Ave</name>
			<description><![CDATA[<b>2136 SAN PABLO Ave</b><br/><b>Units:</b> 125<br/><b>VLI Units:</b> 10<br/><b>Stories:</b> 6<br/><b>Height:</b> 21.0m<br/><b>Status:</b> Entitled]]></description>
			<styleUrl>#style_Entitled_parcel6</styleUrl>
			<Polygon>
				<extrude>1</extrude>
				<altitudeMode>relativeToGround</altitudeMode>
				<outerBoundaryIs>
					<LinearRing>
						<coordinates>
							-122.2918772289801,37.86663262718028,21 -122.2919863974627,37.86661157786645,21 -122.2920209372054,37.86671787770789,21 -122.2921019545426,37.86696815199153,21 -122.2921411984429,37.86708938296112,21 -122.2916877236018,37.86717867955219,21 -122.291532386811,37.86670036502953,21 -122.2918772289801,37.86663262718028,21 
						</coordinates>
					</LinearRing>
				</outerBoundaryIs>
			</Polygon>
		</Placemark>
		<Placemark>
			<name>2425 DURANT Ave</name>
			<description><![CDATA[<b>2425 DURANT Ave</b><br/><b>Units:</b> 117<br/><b>VLI Units:</b> 0<br/><b>Stories:</b> 20<br/><b>Height:</b> 61.0m<br/><b>Status:</b> Decision Pending]]></description>
			<styleUrl>#style_Decision_Pending_parcel</styleUrl>
			<Polygon>
				<extrude>1</extrude>
				<altitudeMode>relativeToGround</altitudeMode>
				<outerBoundaryIs>
					<LinearRing>
						<coordinates>
							-122.2599930122489,37.86779779616973,61 -122.2602413878907,37.8677653188486,61 -122.260317962351,37.86811738479477,61 -122.2602404724875,37.86812751695053,61 -122.260079871174,37.868148517285,61 -122.2599930122489,37.86779779616973,61 
						</coordinates>
					</LinearRing>
				</outerBoundaryIs>
			</Polygon>
		</Placemark>
		<Placemark>
			<name>2720 SAN PABLO Ave</name>
			<description><![CDATA[<b>2720 SAN PABLO Ave</b><br/><b>Units:</b> 113<br/><b>VLI Units:</b> 9<br/><b>Stories:</b> 10<br/><b>Height:</b> 35.7m<br/><b>Status:</b> In Review<br/><i>(height estimated from units)</i>]]></description>
			<styleUrl>#style_In_Review_parcel5</styleUrl>
			<Polygon>
				<extrude>1</extrude>
				<altitudeMode>relativeToGround</altitudeMode>
				<outerBoundaryIs>
					<LinearRing>
						<coordinates>
							-122.2885780863559,37.85748227996431,35.7 -122.2884939590864,37.85723140912825,35.7 -122.2888240747898,37.85714287019837,35.7 -122.2889069621622,37.85739819292412,35.7 -122.2885780863559,37.85748227996431,35.7 
						</coordinates>
					</LinearRing>
				</outerBoundaryIs>
			</Polygon>
		</Placemark>
		<Placemark>
			<name>2000 DWIGHT Way</name>
			<description><![CDATA[<b>2000 DWIGHT Way</b><br/><b>Units:</b> 113<br/><b>VLI Units:</b> 0<br/><b>Stories:</b> 6<br/><b>Height:</b> 21.0m<br/><b>Status:</b> Completed]]></description>
			<styleUrl>#style_Completed_parcel0</styleUrl>
			<Polygon>
				<extrude>1</extrude>
				<altitudeMode>relativeToGround</altitudeMode>
				<outerBoundaryIs>
					<LinearRing>
						<coordinates>
							-122.2695034243705,37.86338423421613,21 -122.2696484736413,37.86336420783969,21 -122.2696674424711,37.86336117638604,21 -122.2696935322575,37.86358327434223,21 -122.2695484471651,37.86360124379956,21 -122.2695034243705,37.86338423421613,21 
						</coordinates>
					</LinearRing>
				</outerBoundaryIs>
			</Polygon>
		</Placemark>
		<Placemark>
			<name>2530 BANCROFT Way</name>
			<description><![CDATA[<b>2530 BANCROFT Way</b><br/><b>Units:</b> 110<br/><b>VLI Units:</b> 11<br/><b>Stories:</b> 12<br/><b>Height:</b> 42.0m<br/><b>Status:</b> Entitled]]></description>
			<styleUrl>#style_Entitled_parcel6</styleUrl>
			<Polygon>
				<extrude>1</extrude>
				<altitudeMode>relativeToGround</altitudeMode>
				<outerBoundaryIs>
					<LinearRing>
						<coordinates>
							-122.2580067530384,37.86839309275174,42 -122.2582157219166,37.8683652725858,42 -122.2583970577225,37.86834128423369,42 -122.2584177952901,37.86833891196952,42 -122.2584887617401,37.86870179976934,42 -122.2580776947641,37.86875462148472,42 -122.2580067530384,37.86839309275174,42 
						</coordinates>
					</LinearRing>
				</outerBoundaryIs>
			</Polygon>
		</Placemark>
		<Placemark>
			<name>1701 SAN PABLO Ave</name>
			<description><![CDATA[<b>1701 SAN PABLO Ave</b><br/><b>Units:</b> 110<br/><b>VLI Units:</b> 110<br/><b>Stories:</b> 10<br/><b>Height:</b> 35.0m<br/><b>Status:</b> Under Construction<br/><i>(height estimated from units)</i>]]></description>
			<styleUrl>#style_Under_Construction_parcel</styleUrl>
			<Polygon>
				<extrude>1</extrude>
				<altitudeMode>relativeToGround</altitudeMode>
				<outerBoundaryIs>
					<LinearRing>
						<coordinates>
							-122.293295354317,37.87212047394777,35 -122.2931793730616,37.8717658364801,35 -122.2935069934474,37.87170112169829,35 -122.2935964947559,37.87196344821051,35 -122.2937077779059,37.87194068856764,35 -122.2937078408349,37.87194088542696,35 -122.2937362662525,37.87202966473449,35 -122.2937364749369,37.87203031491708,35 -122.293295354317,37.87212047394777,35 
						</coordinates>
					</LinearRing>
				</outerBoundaryIs>
			</Polygon>
		</Placemark>
		<Placemark>
			<name>2109 MILVIA St</name>
			<description><![CDATA[<b>2109 MILVIA St</b><br/><b>Units:</b> 105<br/><b>VLI Units:</b> 0<br/><b>Stories:</b> 14<br/><b>Height:</b> 49.0m<br/><b>Status:</b> In Review]]></description>
			<styleUrl>#style_In_Review_parcel5</styleUrl>
			<Polygon>
				<extrude>1</extrude>
				<altitudeMode>relativeToGround</altitudeMode>
				<outerBoundaryIs>
					<LinearRing>
						<coordinates>
							-122.2702190792161,37.87048932915641,49.00000000000001 -122.2702622628394,37.87048386370987,49.00000000000001 -122.2705179068313,37.87045188837567,49.00000000000001 -122.2705423846401,37.87067882035553,49.00000000000001 -122.2702591167687,37.87071533196789,49.00000000000001 -122.2702190792161,37.87048932915641,49.00000000000001 
						</coordinates>
					</LinearRing>
				</outerBoundaryIs>
			</Polygon>
		</Placemark>
		<Placemark>
			<name>2198 SAN PABLO Ave</name>
			<description><![CDATA[<b>2198 SAN PABLO Ave</b><br/><b>Units:</b> 100<br/><b>VLI Units:</b> 0<br/><b>Stories:</b> 7<br/><b>Height:</b> 24.5m<br/><b>Status:</b> Entitled]]></description>
			<styleUrl>#style_Entitled_parcel6</styleUrl>
			<Polygon>
				<extrude>1</extrude>
				<altitudeMode>relativeToGround</altitudeMode>
				<outerBoundaryIs>
					<LinearRing>
						<coordinates>
							-122.2917894913495,37.86637095150585,24.5 -122.2918772289801,37.86663262718028,24.5 -122.291532386811,37.86670036502953,24.5 -122.2914480991251,37.86643863055377,24.5 -122.2917894913495,37.86637095150585,24.5 
						</coordinates>
					</LinearRing>
				</outerBoundaryIs>
			</Polygon>
		</Placemark>
		<Placemark>
			<name>2655 SHATTUCK Ave</name>
			<description><![CDATA[<b>2655 SHATTUCK Ave</b><br/><b>Units:</b> 97<br/><b>VLI Units:</b> 0<br/><b>Stories:</b> 8<br/><b>Height:</b> 25.9m<br/><b>Status:</b> Decision Pending]]></description>
			<styleUrl>#style_Decision_Pending_parcel0</styleUrl>
			<Polygon>
				<extrude>1</extrude>
				<altitudeMode>relativeToGround</altitudeMode>
				<outerBoundaryIs>
					<LinearRing>
						<coordinates>
							-122.2663191255262,37.86089523313471,25.9 -122.2667561221218,37.8608468576224,25.9 -122.2667816502156,37.86046397517401,25.9 -122.2662486717575,37.86053818546711,25.9 -122.2663191255262,37.86089523313471,25.9 
						</coordinates>
					</LinearRing>
				</outerBoundaryIs>
			</Polygon>
		</Placemark>
		<Placemark>
			<name>2450 SHATTUCK Ave</name>
			<description><![CDATA[<b>2450 SHATTUCK Ave</b><br/><b>Units:</b> 94<br/><b>VLI Units:</b> 0<br/><b>Stories:</b> 7<br/><b>Height:</b> 24.5m<br/><b>Status:</b> In Review<br/><i>(height estimated from units)</i>]]></description>
			<styleUrl>#style_In_Review_parcel6</styleUrl>
			<Polygon>
				<extrude>1</extrude>
				<altitudeMode>relativeToGround</altitudeMode>
				<outerBoundaryIs>
					<LinearRing>
						<coordinates>
							-122.2677079790297,37.8644439220885,24.5 -122.2680879678232,37.86439702831648,24.5 -122.2680935502054,37.86441274190318,24.5 -122.2681657374722,37.86446110423199,24.5 -122.2682140824923,37.86467326704248,24.5 -122.2682199953658,37.86470270034828,24.5 -122.267745024621,37.8647626827703,24.5 -122.2677079790297,37.8644439220885,24.5 
						</coordinates>
					</LinearRing>
				</outerBoundaryIs>
			</Polygon>
		</Placemark>
		<Placemark>
			<name>2001 ASHBY Ave</name>
			<description><![CDATA[<b>2001 ASHBY Ave</b><br/><b>Units:</b> 87<br/><b>VLI Units:</b> 86<br/><b>Stories:</b> 1<br/><b>Height:</b> 3.5m<br/><b>Status:</b> Completed]]></description>
			<styleUrl>#style_Completed_parcel0</styleUrl>
			<Polygon>
				<extrude>1</extrude>
				<altitudeMode>relativeToGround</altitudeMode>
				<outerBoundaryIs>
					<LinearRing>
						<coordinates>
							-122.2680143544641,37.85560352017218,3.5 -122.2680588419296,37.85559787972672,3.5 -122.2680450383111,37.85548857423015,3.5 -122.2681134430646,37.85547990177098,3.5 -122.2680789316493,37.85520663937028,3.5 -122.2685871442872,37.85514220475695,3.5 -122.2685964923144,37.85514167517936,3.5 -122.2686058189153,37.85514239376007,3.5 -122.2686148605719,37.85514433993507,3.5 -122.2686233597965,37.85514745802748,3.5 -122.2686310741988,37.85515166000763,3.5 -122.2686377844509,37.85515682464126,3.5 -122.2686433010093,37.85516280744558,3.5 -122.2686474652964,37.85516943618993,3.5 -122.2686501586689,37.85517652356972,3.5 -122.2686513058279,37.8551838672275,3.5 -122.268650874721,37.85519125966661,3.5 -122.2686488742692,37.85519848823711,3.5 -122.2684715079074,37.85565661552959,3.5 -122.2680281580558,37.85571282566998,3.5 -122.2680280115817,37.85571165938652,3.5 -122.2680143544641,37.85560352017218,3.5 
						</coordinates>
					</LinearRing>
				</outerBoundaryIs>
			</Polygon>
		</Placemark>
		<Placemark>
			<name>2036 BANCROFT Way</name>
			<description><![CDATA[<b>2036 BANCROFT Way</b><br/><b>Units:</b> 85<br/><b>VLI Units:</b> 4<br/><b>Stories:</b> 8<br/><b>Height:</b> 25.9m<br/><b>Status:</b> In Review]]></description>
			<styleUrl>#style_In_Review_parcel2</styleUrl>
			<Polygon>
				<extrude>1</extrude>
				<altitudeMode>relativeToGround</altitudeMode>
				<outerBoundaryIs>
					<LinearRing>
						<coordinates>
							-122.2683407260099,37.86671496660818,25.9 -122.2684115119539,37.86706823711974,25.9 -122.26857562399,37.86704861446543,25.9 -122.2686482126011,37.8674046080076,25.9 -122.2684806190637,37.86742291306954,25.9 -122.2680436619393,37.86748027478138,25.9 -122.2679694310436,37.86676447485359,25.9 -122.2683407260099,37.86671496660818,25.9 
						</coordinates>
					</LinearRing>
				</outerBoundaryIs>
			</Polygon>
		</Placemark>
		<Placemark>
			<name>1700 SACRAMENTO St</name>
			<description><![CDATA[<b>1700 SACRAMENTO St</b><br/><b>Units:</b> 85<br/><b>VLI Units:</b> 0<br/><b>Stories:</b> 7<br/><b>Height:</b> 24.5m<br/><b>Status:</b> In Review<br/><i>(height estimated from units)</i>]]></description>
			<styleUrl>#style_In_Review_parcel5</styleUrl>
			<Polygon>
				<extrude>1</extrude>
				<altitudeMode>relativeToGround</altitudeMode>
				<outerBoundaryIs>
					<LinearRing>
						<coordinates>
							-122.2820801396136,37.87455641733663,24.5 -122.2822234909072,37.87453776763364,24.5 -122.2822561117269,37.87481332914388,24.5 -122.2821214290198,37.87483252745301,24.5 -122.2821151779517,37.87478867304238,24.5 -122.2820801396136,37.87455641733663,24.5 
						</coordinates>
					</LinearRing>
				</outerBoundaryIs>
			</Polygon>
		</Placemark>
		<Placemark>
			<name>2538 DURANT Ave</name>
			<description><![CDATA[<b>2538 DURANT Ave</b><br/><b>Units:</b> 83<br/><b>VLI Units:</b> 5<br/><b>Stories:</b> 8<br/><b>Height:</b> 28.0m<br/><b>Status:</b> Under Construction]]></description>
			<styleUrl>#style_Under_Construction_parcel</styleUrl>
			<Polygon>
				<extrude>1</extrude>
				<altitudeMode>relativeToGround</altitudeMode>
				<outerBoundaryIs>
					<LinearRing>
						<coordinates>
							-122.2570697371308,37.86759881421826,28 -122.257235537346,37.86757712164093,28 -122.2573078261212,37.86792282007067,28 -122.2571404110734,37.86794934609672,28 -122.2570697371308,37.86759881421826,28 
						</coordinates>
					</LinearRing>
				</outerBoundaryIs>
			</Polygon>
		</Placemark>
		<Placemark>
			<name>2000 University Ave</name>
			<description><![CDATA[<b>2000 University Ave</b><br/><b>Units:</b> 82<br/><b>VLI Units:</b> 0<br/><b>Stories:</b> 3<br/><b>Height:</b> 10.5m<br/><b>Status:</b> Completed<br/><i>(height estimated from units)</i>]]></description>
			<styleUrl>#style_Completed_parcel0</styleUrl>
			<Polygon>
				<extrude>1</extrude>
				<altitudeMode>relativeToGround</altitudeMode>
				<outerBoundaryIs>
					<LinearRing>
						<coordinates>
							-122.270396957898,37.87149925005609,10.5 -122.2705802418811,37.87148413456205,10.5 -122.2706071079295,37.87173850398432,10.5 -122.2704274263947,37.87175973367047,10.5 -122.270396957898,37.87149925005609,10.5 
						</coordinates>
					</LinearRing>
				</outerBoundaryIs>
			</Polygon>
		</Placemark>
		<Placemark>
			<name>1708 HARMON St</name>
			<description><![CDATA[<b>1708 HARMON St</b><br/><b>Units:</b> 80<br/><b>VLI Units:</b> 80<br/><b>Stories:</b> 5<br/><b>Height:</b> 17.5m<br/><b>Status:</b> Permits Active]]></description>
			<styleUrl>#style_Permits_Active_parcel</styleUrl>
			<Polygon>
				<extrude>1</extrude>
				<altitudeMode>relativeToGround</altitudeMode>
				<outerBoundaryIs>
					<LinearRing>
						<coordinates>
							-122.2732345244464,37.84923034250092,17.5 -122.2732221485848,37.84912023331194,17.5 -122.2728122705305,37.84917477286226,17.5 -122.2727783737108,37.84887318848318,17.5 -122.2729833130868,37.84884592254835,17.5 -122.2731882523263,37.84881865535392,17.5 -122.2731651158681,37.84861281266259,17.5 -122.2735749916395,37.84855827815998,17.5 -122.2736583168587,37.84929958645437,17.5 -122.2732484370311,37.8493541211987,17.5 -122.2732345244464,37.84923034250092,17.5 
						</coordinates>
					</LinearRing>
				</outerBoundaryIs>
			</Polygon>
		</Placemark>
		<Placemark>
			<name>2680 BANCROFT Way</name>
			<description><![CDATA[<b>2680 BANCROFT Way</b><br/><b>Units:</b> 79<br/><b>VLI Units:</b> 9<br/><b>Stories:</b> 8<br/><b>Height:</b> 28.0m<br/><b>Status:</b> Entitled]]></description>
			<styleUrl>#style_Entitled_parcel1</styleUrl>
			<Polygon>
				<extrude>1</extrude>
				<altitudeMode>relativeToGround</altitudeMode>
				<outerBoundaryIs>
					<LinearRing>
						<coordinates>
							-122.2550096322798,37.86916541937588,28 -122.2552234613528,37.86913050470943,28 -122.2551439672279,37.86880805511557,28 -122.2549379463754,37.86883168163379,28 -122.2550096322798,37.86916541937588,28 
						</coordinates>
					</LinearRing>
				</outerBoundaryIs>
			</Polygon>
		</Placemark>
		<Placemark>
			<name>2660 BANCROFT Way</name>
			<description><![CDATA[<b>2660 BANCROFT Way</b><br/><b>Units:</b> 78<br/><b>VLI Units:</b> 0<br/><b>Stories:</b> 8<br/><b>Height:</b> 28.0m<br/><b>Status:</b> Application Submitted]]></description>
			<styleUrl>#style_Application_Submitted_parcel1</styleUrl>
			<Polygon>
				<extrude>1</extrude>
				<altitudeMode>relativeToGround</altitudeMode>
				<outerBoundaryIs>
					<LinearRing>
						<coordinates>
							-122.2552331531562,37.8691286234623,28 -122.2554230254789,37.86909832878837,28 -122.2553593445438,37.86877910864972,28 -122.2551611236397,37.86880657452835,28 -122.2552331531562,37.8691286234623,28 
						</coordinates>
					</LinearRing>
				</outerBoundaryIs>
			</Polygon>
		</Placemark>
		<Placemark>
			<name>2427 San Pablo</name>
			<description><![CDATA[<b>2427 San Pablo</b><br/><b>Units:</b> 78<br/><b>VLI Units:</b> 0<br/><b>Stories:</b> 7<br/><b>Height:</b> 21.3m<br/><b>Status:</b> Entitled<br/><i>(height estimated from units)</i>]]></description>
			<styleUrl>#style_Entitled_parcel6</styleUrl>
			<Polygon>
				<extrude>1</extrude>
				<altitudeMode>relativeToGround</altitudeMode>
				<outerBoundaryIs>
					<LinearRing>
						<coordinates>
							-122.2892917772261,37.86193637886238,21.3 -122.2892600231865,37.8618407230334,21.3 -122.2892469620572,37.86180178129661,21.3 -122.2895796282448,37.8617328697494,21.3 -122.2896299120304,37.86187837700161,21.3 -122.2892954731531,37.86194525007528,21.3 -122.2892917772261,37.86193637886238,21.3 
						</coordinates>
					</LinearRing>
				</outerBoundaryIs>
			</Polygon>
		</Placemark>
		<Placemark>
			<name>2955 SHATTUCK Ave</name>
			<description><![CDATA[<b>2955 SHATTUCK Ave</b><br/><b>Units:</b> 74<br/><b>VLI Units:</b> 0<br/><b>Stories:</b> 2<br/><b>Height:</b> 22.9m<br/><b>Status:</b> In Review]]></description>
			<styleUrl>#style_In_Review_parcel5</styleUrl>
			<Polygon>
				<extrude>1</extrude>
				<altitudeMode>relativeToGround</altitudeMode>
				<outerBoundaryIs>
					<LinearRing>
						<coordinates>
							-122.2660397668181,37.85585979696457,22.9 -122.2660165016097,37.8557557679286,22.9 -122.2660510374353,37.85575113063698,22.9 -122.2662133320259,37.85572878240878,22.9 -122.2661935136476,37.85562402050176,22.9 -122.266424939621,37.85559515110643,22.9 -122.2664707120298,37.85591721074479,22.9 -122.2660648910223,37.85596929311244,22.9 -122.2660397668181,37.85585979696457,22.9 
						</coordinates>
					</LinearRing>
				</outerBoundaryIs>
			</Polygon>
		</Placemark>
		<Placemark>
			<name>2037 DURANT Ave</name>
			<description><![CDATA[<b>2037 DURANT Ave</b><br/><b>Units:</b> 74<br/><b>VLI Units:</b> 4<br/><b>Stories:</b> 1<br/><b>Height:</b> 27.4m<br/><b>Status:</b> Entitled]]></description>
			<styleUrl>#style_Entitled_parcel6</styleUrl>
			<Polygon>
				<extrude>1</extrude>
				<altitudeMode>relativeToGround</altitudeMode>
				<outerBoundaryIs>
					<LinearRing>
						<coordinates>
							-122.2683407260099,37.86671496660818,27.4 -122.268679295848,37.86667349714114,27.4 -122.2687483708235,37.86702749408837,27.4 -122.26857562399,37.86704861446543,27.4 -122.2684115119539,37.86706823711974,27.4 -122.2683407260099,37.86671496660818,27.4 
						</coordinates>
					</LinearRing>
				</outerBoundaryIs>
			</Polygon>
		</Placemark>
		<Placemark>
			<name>2138 KITTREDGE St</name>
			<description><![CDATA[<b>2138 KITTREDGE St</b><br/><b>Units:</b> 73<br/><b>VLI Units:</b> 5<br/><b>Stories:</b> 8<br/><b>Height:</b> 28.0m<br/><b>Status:</b> Entitled]]></description>
			<styleUrl>#style_Entitled_parcel2</styleUrl>
			<Polygon>
				<extrude>1</extrude>
				<altitudeMode>relativeToGround</altitudeMode>
				<outerBoundaryIs>
					<LinearRing>
						<coordinates>
							-122.266961933351,37.86854231117494,28 -122.2671294158954,37.86851851692969,28 -122.2670582512068,37.86814945366185,28 -122.2668924683713,37.86817183885958,28 -122.266961933351,37.86854231117494,28 
						</coordinates>
					</LinearRing>
				</outerBoundaryIs>
			</Polygon>
		</Placemark>
		<Placemark>
			<name>2099 MLK Jr Way</name>
			<description><![CDATA[<b>2099 MLK Jr Way</b><br/><b>Units:</b> 72<br/><b>VLI Units:</b> 0<br/><b>Stories:</b> 3<br/><b>Height:</b> 10.5m<br/><b>Status:</b> Completed<br/><i>(height estimated from units)</i>]]></description>
			<styleUrl>#style_Completed_parcel0</styleUrl>
			<Polygon>
				<extrude>1</extrude>
				<altitudeMode>relativeToGround</altitudeMode>
				<outerBoundaryIs>
					<LinearRing>
						<coordinates>
							-122.2724593419027,37.87072941316434,10.5 -122.2727754389462,37.87068964799388,10.5 -122.2728190673195,37.87106530189369,10.5 -122.2725081437602,37.87110430329983,10.5 -122.2724593419027,37.87072941316434,10.5 
						</coordinates>
					</LinearRing>
				</outerBoundaryIs>
			</Polygon>
		</Placemark>
		<Placemark>
			<name>2550 SHATTUCK Ave</name>
			<description><![CDATA[<b>2550 SHATTUCK Ave</b><br/><b>Units:</b> 72<br/><b>VLI Units:</b> 8<br/><b>Stories:</b> 7<br/><b>Height:</b> 24.5m<br/><b>Status:</b> Entitled]]></description>
			<styleUrl>#style_Entitled_parcel6</styleUrl>
			<Polygon>
				<extrude>1</extrude>
				<altitudeMode>relativeToGround</altitudeMode>
				<outerBoundaryIs>
					<LinearRing>
						<coordinates>
							-122.2675115118028,37.86266901739254,24.5 -122.2679760918504,37.86260986802267,24.5 -122.268021912731,37.86286051489864,24.5 -122.2675383966386,37.86292543298442,24.5 -122.2675115118028,37.86266901739254,24.5 
						</coordinates>
					</LinearRing>
				</outerBoundaryIs>
			</Polygon>
		</Placemark>
		<Placemark>
			<name>2326 DURANT Ave</name>
			<description><![CDATA[<b>2326 DURANT Ave</b><br/><b>Units:</b> 70<br/><b>VLI Units:</b> 0<br/><b>Stories:</b> 7<br/><b>Height:</b> 24.5m<br/><b>Status:</b> In Review<br/><i>(height estimated from units)</i>]]></description>
			<styleUrl>#style_In_Review_parcel5</styleUrl>
			<Polygon>
				<extrude>1</extrude>
				<altitudeMode>relativeToGround</altitudeMode>
				<outerBoundaryIs>
					<LinearRing>
						<coordinates>
							-122.262140177933,37.8669244452682,24.5 -122.2622127104336,37.86691580036684,24.5 -122.2623336247682,37.8669002554371,24.5 -122.2624063250587,37.86726243176764,24.5 -122.2622129069541,37.86728798013969,24.5 -122.262140177933,37.8669244452682,24.5 
						</coordinates>
					</LinearRing>
				</outerBoundaryIs>
			</Polygon>
		</Placemark>
		<Placemark>
			<name>2300 ELLSWORTH St</name>
			<description><![CDATA[<b>2300 ELLSWORTH St</b><br/><b>Units:</b> 69<br/><b>VLI Units:</b> 0<br/><b>Stories:</b> 7<br/><b>Height:</b> 24.5m<br/><b>Status:</b> Permits Active]]></description>
			<styleUrl>#style_Permits_Active_parcel</styleUrl>
			<Polygon>
				<extrude>1</extrude>
				<altitudeMode>relativeToGround</altitudeMode>
				<outerBoundaryIs>
					<LinearRing>
						<coordinates>
							-122.2637889733654,37.86785224763094,24.5 -122.2641395925744,37.86780718302568,24.5 -122.2641766928178,37.867983117229,24.5 -122.2638276875821,37.86802334758866,24.5 -122.2637889733654,37.86785224763094,24.5 
						</coordinates>
					</LinearRing>
				</outerBoundaryIs>
			</Polygon>
		</Placemark>
		<Placemark>
			<name>2330 DURANT Ave</name>
			<description><![CDATA[<b>2330 DURANT Ave</b><br/><b>Units:</b> 68<br/><b>VLI Units:</b> 0<br/><b>Stories:</b> 6<br/><b>Height:</b> 21.0m<br/><b>Status:</b> In Review]]></description>
			<styleUrl>#style_In_Review_parcel5</styleUrl>
			<Polygon>
				<extrude>1</extrude>
				<altitudeMode>relativeToGround</altitudeMode>
				<outerBoundaryIs>
					<LinearRing>
						<coordinates>
							-122.2619760862381,37.86694542452996,21 -122.2620141331002,37.86694279330458,21 -122.2620330883568,37.86693839574319,21 -122.262140177933,37.8669244452682,21 -122.2622129069541,37.86728798013969,21 -122.2620488246208,37.86730896766862,21 -122.2619760862381,37.86694542452996,21 
						</coordinates>
					</LinearRing>
				</outerBoundaryIs>
			</Polygon>
		</Placemark>
		<Placemark>
			<name>2455 TELEGRAPH Ave</name>
			<description><![CDATA[<b>2455 TELEGRAPH Ave</b><br/><b>Units:</b> 68<br/><b>VLI Units:</b> 7<br/><b>Stories:</b> 8<br/><b>Height:</b> 28.0m<br/><b>Status:</b> In Review]]></description>
			<styleUrl>#style_In_Review_parcel5</styleUrl>
			<Polygon>
				<extrude>1</extrude>
				<altitudeMode>relativeToGround</altitudeMode>
				<outerBoundaryIs>
					<LinearRing>
						<coordinates>
							-122.2581340947409,37.86579825469264,28 -122.2584759773152,37.86575058138047,28 -122.2585151687762,37.86594227430449,28 -122.2581249197042,37.86599615931336,28 -122.2580874666656,37.86580444026676,28 -122.2581340947409,37.86579825469264,28 
						</coordinates>
					</LinearRing>
				</outerBoundaryIs>
			</Polygon>
		</Placemark>
		<Placemark>
			<name>1752 SHATTUCK Ave</name>
			<description><![CDATA[<b>1752 SHATTUCK Ave</b><br/><b>Units:</b> 68<br/><b>VLI Units:</b> 0<br/><b>Stories:</b> 7<br/><b>Height:</b> 24.5m<br/><b>Status:</b> Completed]]></description>
			<styleUrl>#style_Completed_parcel0</styleUrl>
			<Polygon>
				<extrude>1</extrude>
				<altitudeMode>relativeToGround</altitudeMode>
				<outerBoundaryIs>
					<LinearRing>
						<coordinates>
							-122.2689195259551,37.87529478389757,24.5 -122.2692648392859,37.87524428965758,24.5 -122.2692695308692,37.87529572390658,24.5 -122.2692716275741,37.87531080199859,24.5 -122.2692198212689,37.87531775114409,24.5 -122.2692464239821,37.87556182091574,24.5 -122.2689561563897,37.87559569011744,24.5 -122.2689195259551,37.87529478389757,24.5 
						</coordinates>
					</LinearRing>
				</outerBoundaryIs>
			</Polygon>
		</Placemark>
		<Placemark>
			<name>2462 BANCROFT Way</name>
			<description><![CDATA[<b>2462 BANCROFT Way</b><br/><b>Units:</b> 66<br/><b>VLI Units:</b> 3<br/><b>Stories:</b> 8<br/><b>Height:</b> 26.8m<br/><b>Status:</b> Entitled]]></description>
			<styleUrl>#style_Entitled_parcel6</styleUrl>
			<Polygon>
				<extrude>1</extrude>
				<altitudeMode>relativeToGround</altitudeMode>
				<outerBoundaryIs>
					<LinearRing>
						<coordinates>
							-122.2598866472237,37.86817378183533,26.8 -122.260079871174,37.868148517285,26.8 -122.2601471181289,37.86850180182801,26.8 -122.2599628868304,37.86852589094273,26.8 -122.2598866472237,37.86817378183533,26.8 
						</coordinates>
					</LinearRing>
				</outerBoundaryIs>
			</Polygon>
		</Placemark>
		<Placemark>
			<name>2072 Addison St</name>
			<description><![CDATA[<b>2072 Addison St</b><br/><b>Units:</b> 66<br/><b>VLI Units:</b> 0<br/><b>Stories:</b> 6<br/><b>Height:</b> 21.0m<br/><b>Status:</b> Entitled]]></description>
			<styleUrl>#style_Entitled_parcel6</styleUrl>
			<Polygon>
				<extrude>1</extrude>
				<altitudeMode>relativeToGround</altitudeMode>
				<outerBoundaryIs>
					<LinearRing>
						<coordinates>
							-122.2687266070228,37.87067444822024,21 -122.2688129847082,37.87066422959238,21 -122.268980541036,37.87064317763038,21 -122.2690496757366,37.87099990456952,21 -122.2687974802472,37.87103115996177,21 -122.2687266070228,37.87067444822024,21 
						</coordinates>
					</LinearRing>
				</outerBoundaryIs>
			</Polygon>
		</Placemark>
		<Placemark>
			<name>2298 DURANT Ave</name>
			<description><![CDATA[<b>2298 DURANT Ave</b><br/><b>Units:</b> 65<br/><b>VLI Units:</b> 0<br/><b>Stories:</b> 8<br/><b>Height:</b> 27.7m<br/><b>Status:</b> Decision Pending]]></description>
			<styleUrl>#style_Decision_Pending_parcel</styleUrl>
			<Polygon>
				<extrude>1</extrude>
				<altitudeMode>relativeToGround</altitudeMode>
				<outerBoundaryIs>
					<LinearRing>
						<coordinates>
							-122.2635902336494,37.86685263834067,27.7 -122.2639218122931,37.86680855303636,27.7 -122.26397280918,37.86705912096451,27.7 -122.2636393975607,37.86709912470797,27.7 -122.2635902336494,37.86685263834067,27.7 
						</coordinates>
					</LinearRing>
				</outerBoundaryIs>
			</Polygon>
		</Placemark>
		<Placemark>
			<name>2441 LE CONTE Ave</name>
			<description><![CDATA[<b>2441 LE CONTE Ave</b><br/><b>Units:</b> 65<br/><b>VLI Units:</b> 0<br/><b>Stories:</b> 7<br/><b>Height:</b> 24.5m<br/><b>Status:</b> Application Submitted<br/><i>(height estimated from units)</i>]]></description>
			<styleUrl>#style_Application_Submitted_parcel4</styleUrl>
			<Polygon>
				<extrude>1</extrude>
				<altitudeMode>relativeToGround</altitudeMode>
				<outerBoundaryIs>
					<LinearRing>
						<coordinates>
							-122.2616733005797,37.87688295317811,24.5 -122.2618183929401,37.87686432216635,24.5 -122.2619096116212,37.87683823393249,24.5 -122.2620090270651,37.87679279853877,24.5 -122.2620857572782,37.87717826116437,24.5 -122.2619217129691,37.87720132159642,24.5 -122.2617455343742,37.87722523043028,24.5 -122.2616733005797,37.87688295317811,24.5 
						</coordinates>
					</LinearRing>
				</outerBoundaryIs>
			</Polygon>
		</Placemark>
		<Placemark>
			<name>3031 ADELINE St</name>
			<description><![CDATA[<b>3031 ADELINE St</b><br/><b>Units:</b> 64<br/><b>VLI Units:</b> 0<br/><b>Stories:</b> 7<br/><b>Height:</b> 24.5m<br/><b>Status:</b> In Review<br/><i>(height estimated from units)</i>]]></description>
			<styleUrl>#style_In_Review_parcel12</styleUrl>
			<Polygon>
				<extrude>1</extrude>
				<altitudeMode>relativeToGround</altitudeMode>
				<outerBoundaryIs>
					<LinearRing>
						<coordinates>
							-122.2686753904654,37.85401224715397,24.5 -122.2686501022547,37.85389589615363,24.5 -122.2688296907487,37.85387260079436,24.5 -122.2688101300903,37.85377881954651,24.5 -122.2688001190291,37.85372197404597,24.5 -122.2686809031129,37.85373475580212,24.5 -122.2686748371838,37.85369844103796,24.5 -122.2686587510868,37.85360460473294,24.5 -122.2692821298863,37.8535245364157,24.5 -122.269048771044,37.8541254526773,24.5 -122.2687067948015,37.85416697808388,24.5 -122.2686753904654,37.85401224715397,24.5 
						</coordinates>
					</LinearRing>
				</outerBoundaryIs>
			</Polygon>
		</Placemark>
		<Placemark>
			<name>2372 ELLSWORTH St</name>
			<description><![CDATA[<b>2372 ELLSWORTH St</b><br/><b>Units:</b> 63<br/><b>VLI Units:</b> 0<br/><b>Stories:</b> 7<br/><b>Height:</b> 24.5m<br/><b>Status:</b> Entitled<br/><i>(height estimated from units)</i>]]></description>
			<styleUrl>#style_Entitled_parcel6</styleUrl>
			<Polygon>
				<extrude>1</extrude>
				<altitudeMode>relativeToGround</altitudeMode>
				<outerBoundaryIs>
					<LinearRing>
						<coordinates>
							-122.263757097711,37.86636603608657,24.5 -122.2638276524073,37.86671037783683,24.5 -122.2635633720858,37.86674318237073,24.5 -122.2634945823308,37.866400171001,24.5 -122.263757097711,37.86636603608657,24.5 
						</coordinates>
					</LinearRing>
				</outerBoundaryIs>
			</Polygon>
		</Placemark>
		<Placemark>
			<name>2001 CENTER St</name>
			<description><![CDATA[<b>2001 CENTER St</b><br/><b>Units:</b> 58<br/><b>VLI Units:</b> 0<br/><b>Stories:</b> 7<br/><b>Height:</b> 30.5m<br/><b>Status:</b> In Review]]></description>
			<styleUrl>#style_In_Review_parcel5</styleUrl>
			<Polygon>
				<extrude>1</extrude>
				<altitudeMode>relativeToGround</altitudeMode>
				<outerBoundaryIs>
					<LinearRing>
						<coordinates>
							-122.2701932595191,37.87013332471112,30.5 -122.2704817095208,37.87009671917422,30.5 -122.2705003654372,37.87029763446481,30.5 -122.270232667153,37.87033256428781,30.5 -122.2701932595191,37.87013332471112,30.5 
						</coordinates>
					</LinearRing>
				</outerBoundaryIs>
			</Polygon>
		</Placemark>
		<Placemark>
			<name>2127 DWIGHT Way</name>
			<description><![CDATA[<b>2127 DWIGHT Way</b><br/><b>Units:</b> 58<br/><b>VLI Units:</b> 8<br/><b>Stories:</b> 6<br/><b>Height:</b> 21.0m<br/><b>Status:</b> Entitled]]></description>
			<styleUrl>#style_Entitled_parcel6</styleUrl>
			<Polygon>
				<extrude>1</extrude>
				<altitudeMode>relativeToGround</altitudeMode>
				<outerBoundaryIs>
					<LinearRing>
						<coordinates>
							-122.2671225270068,37.86409385677063,21 -122.2671634294443,37.86446417845478,21 -122.2665934866471,37.86453717007876,21 -122.2665189076699,37.86417116561537,21 -122.2671225270068,37.86409385677063,21 
						</coordinates>
					</LinearRing>
				</outerBoundaryIs>
			</Polygon>
		</Placemark>
		<Placemark>
			<name>2712 TELEGRAPH Ave</name>
			<description><![CDATA[<b>2712 TELEGRAPH Ave</b><br/><b>Units:</b> 57<br/><b>VLI Units:</b> 0<br/><b>Stories:</b> 6<br/><b>Height:</b> 21.0m<br/><b>Status:</b> In Review]]></description>
			<styleUrl>#style_In_Review_parcel9</styleUrl>
			<Polygon>
				<extrude>1</extrude>
				<altitudeMode>relativeToGround</altitudeMode>
				<outerBoundaryIs>
					<LinearRing>
						<coordinates>
							-122.2591867947974,37.86118063970827,21 -122.2591784717601,37.86128009924818,21 -122.2595675901718,37.86124439352367,21 -122.2595596904196,37.86114300347911,21 -122.2591867947974,37.86118063970827,21 
						</coordinates>
					</LinearRing>
				</outerBoundaryIs>
			</Polygon>
		</Placemark>
		<Placemark>
			<name>1740 SAN PABLO Ave</name>
			<description><![CDATA[<b>1740 SAN PABLO Ave</b><br/><b>Units:</b> 54<br/><b>VLI Units:</b> 0<br/><b>Stories:</b> 6<br/><b>Height:</b> 21.0m<br/><b>Status:</b> In Review]]></description>
			<styleUrl>#style_In_Review_parcel5</styleUrl>
			<Polygon>
				<extrude>1</extrude>
				<altitudeMode>relativeToGround</altitudeMode>
				<outerBoundaryIs>
					<LinearRing>
						<coordinates>
							-122.293295354317,37.87212047394777,21 -122.2931793730616,37.8717658364801,21 -122.2935069934474,37.87170112169829,21 -122.2935964947559,37.87196344821051,21 -122.2937077779059,37.87194068856764,21 -122.2937078408349,37.87194088542696,21 -122.2937362662525,37.87202966473449,21 -122.2937364749369,37.87203031491708,21 -122.293295354317,37.87212047394777,21 
						</coordinates>
					</LinearRing>
				</outerBoundaryIs>
			</Polygon>
		</Placemark>
		<Placemark>
			<name>2902 ADELINE St</name>
			<description><![CDATA[<b>2902 ADELINE St</b><br/><b>Units:</b> 54<br/><b>VLI Units:</b> 0<br/><b>Stories:</b> 6<br/><b>Height:</b> 21.0m<br/><b>Status:</b> Under Construction]]></description>
			<styleUrl>#style_Under_Construction_parcel</styleUrl>
			<Polygon>
				<extrude>1</extrude>
				<altitudeMode>relativeToGround</altitudeMode>
				<outerBoundaryIs>
					<LinearRing>
						<coordinates>
							-122.2689516184713,37.85608056732554,21 -122.2692005890103,37.85613382815464,21 -122.2692171718806,37.85632104778109,21 -122.2690220622034,37.8563473207553,21 -122.2689806274467,37.85635275338876,21 -122.2689493860513,37.8563504612152,21 -122.2689089124028,37.85632361094098,21 -122.2688927360787,37.85629913501145,21 -122.268887050377,37.85627861690572,21 -122.2688865980347,37.85626007899035,21 -122.2688946630166,37.8562345539541,21 -122.2689516184713,37.85608056732554,21 
						</coordinates>
					</LinearRing>
				</outerBoundaryIs>
			</Polygon>
		</Placemark>
		<Placemark>
			<name>2587 TELEGRAPH Ave</name>
			<description><![CDATA[<b>2587 TELEGRAPH Ave</b><br/><b>Units:</b> 52<br/><b>VLI Units:</b> 6<br/><b>Stories:</b> 8<br/><b>Height:</b> 28.0m<br/><b>Status:</b> Under Construction]]></description>
			<styleUrl>#style_Under_Construction_parcel</styleUrl>
			<Polygon>
				<extrude>1</extrude>
				<altitudeMode>relativeToGround</altitudeMode>
				<outerBoundaryIs>
					<LinearRing>
						<coordinates>
							-122.2581287861686,37.86388412769838,28 -122.2581201803062,37.86379282035163,28 -122.2581115764476,37.8637015418569,28 -122.2580989270427,37.86356734717831,28 -122.2582948277948,37.86355573440175,28 -122.2582961497166,37.86356937026654,28 -122.258492600615,37.86354449000059,28 -122.2584137664063,37.86409671989505,28 -122.2581502975043,37.86411233880385,28 -122.2581373900569,37.86397540709073,28 -122.2581287861686,37.86388412769838,28 
						</coordinates>
					</LinearRing>
				</outerBoundaryIs>
			</Polygon>
		</Placemark>
		<Placemark>
			<name>130 BERKELEY Sq</name>
			<description><![CDATA[<b>130 BERKELEY Sq</b><br/><b>Units:</b> 50<br/><b>VLI Units:</b> 0<br/><b>Stories:</b> 7<br/><b>Height:</b> 24.5m<br/><b>Status:</b> In Review<br/><i>(height estimated from units)</i>]]></description>
			<styleUrl>#style_In_Review_parcel5</styleUrl>
			<Polygon>
				<extrude>1</extrude>
				<altitudeMode>relativeToGround</altitudeMode>
				<outerBoundaryIs>
					<LinearRing>
						<coordinates>
							-122.2678647965346,37.87080655079178,24.5 -122.2680479560984,37.87078595950883,24.5 -122.268057779161,37.87090735424928,24.5 -122.2678660488419,37.87093150192055,24.5 -122.2678647965346,37.87080655079178,24.5 
						</coordinates>
					</LinearRing>
				</outerBoundaryIs>
			</Polygon>
		</Placemark>
		<Placemark>
			<name>2016 ASHBY Ave</name>
			<description><![CDATA[<b>2016 ASHBY Ave</b><br/><b>Units:</b> 50<br/><b>VLI Units:</b> 50<br/><b>Stories:</b> 7<br/><b>Height:</b> 24.5m<br/><b>Status:</b> Permits Active]]></description>
			<styleUrl>#style_Permits_Active_parcel</styleUrl>
			<Polygon>
				<extrude>1</extrude>
				<altitudeMode>relativeToGround</altitudeMode>
				<outerBoundaryIs>
					<LinearRing>
						<coordinates>
							-122.2681148583113,37.85469499081151,24.5 -122.2682701590589,37.85467000413911,24.5 -122.2683305154213,37.85494926659176,24.5 -122.2681716565586,37.85497018712021,24.5 -122.2681148583113,37.85469499081151,24.5 
						</coordinates>
					</LinearRing>
				</outerBoundaryIs>
			</Polygon>
		</Placemark>
		<Placemark>
			<name>2350 TELEGRAPH Ave</name>
			<description><![CDATA[<b>2350 TELEGRAPH Ave</b><br/><b>Units:</b> 48<br/><b>VLI Units:</b> 2<br/><b>Stories:</b> 8<br/><b>Height:</b> 28.0m<br/><b>Status:</b> In Review]]></description>
			<styleUrl>#style_In_Review_parcel5</styleUrl>
			<Polygon>
				<extrude>1</extrude>
				<altitudeMode>relativeToGround</altitudeMode>
				<outerBoundaryIs>
					<LinearRing>
						<coordinates>
							-122.2590455380466,37.867560456707,28 -122.2593771610291,37.8675177463639,28 -122.2594028423204,37.86765127202843,28 -122.2590694132677,37.86769058131705,28 -122.2590455380466,37.867560456707,28 
						</coordinates>
					</LinearRing>
				</outerBoundaryIs>
			</Polygon>
		</Placemark>
		<Placemark>
			<name>2727 HASTE St</name>
			<description><![CDATA[<b>2727 HASTE St</b><br/><b>Units:</b> 45<br/><b>VLI Units:</b> 0<br/><b>Stories:</b> 6<br/><b>Height:</b> 21.0m<br/><b>Status:</b> In Review]]></description>
			<styleUrl>#style_In_Review_parcel5</styleUrl>
			<Polygon>
				<extrude>1</extrude>
				<altitudeMode>relativeToGround</altitudeMode>
				<outerBoundaryIs>
					<LinearRing>
						<coordinates>
							-122.2526675863785,37.86679147643808,21 -122.252840349208,37.86677106089854,21 -122.2529190463202,37.86716885763084,21 -122.2527549900336,37.86719120502796,21 -122.2526675863785,37.86679147643808,21 
						</coordinates>
					</LinearRing>
				</outerBoundaryIs>
			</Polygon>
		</Placemark>
		<Placemark>
			<name>2650 TELEGRAPH Ave</name>
			<description><![CDATA[<b>2650 TELEGRAPH Ave</b><br/><b>Units:</b> 45<br/><b>VLI Units:</b> 0<br/><b>Stories:</b> 5<br/><b>Height:</b> 17.5m<br/><b>Status:</b> Completed]]></description>
			<styleUrl>#style_Completed_parcel1</styleUrl>
			<Polygon>
				<extrude>1</extrude>
				<altitudeMode>relativeToGround</altitudeMode>
				<outerBoundaryIs>
					<LinearRing>
						<coordinates>
							-122.2594818804423,37.86141491280154,17.5 -122.2595038530172,37.86153819008349,17.5 -122.2595310262993,37.86166139010827,17.5 -122.2595330912307,37.86167509372751,17.5 -122.2590754941378,37.86173685034988,17.5 -122.2591209671242,37.86146286237215,17.5 -122.2594818804423,37.86141491280154,17.5 
						</coordinates>
					</LinearRing>
				</outerBoundaryIs>
			</Polygon>
		</Placemark>
		<Placemark>
			<name>2435 SAN PABLO Ave</name>
			<description><![CDATA[<b>2435 SAN PABLO Ave</b><br/><b>Units:</b> 40<br/><b>VLI Units:</b> 0<br/><b>Stories:</b> 5<br/><b>Height:</b> 17.5m<br/><b>Status:</b> In Review<br/><i>(height estimated from units)</i>]]></description>
			<styleUrl>#style_In_Review_synthetic</styleUrl>
			<Polygon>
				<extrude>1</extrude>
				<altitudeMode>relativeToGround</altitudeMode>
				<outerBoundaryIs>
					<LinearRing>
						<coordinates>
							-122.289473,37.861532,17.5 -122.289245,37.861532,17.5 -122.289245,37.861712,17.5 -122.289473,37.861712,17.5 -122.289473,37.861532,17.5 
						</coordinates>
					</LinearRing>
				</outerBoundaryIs>
			</Polygon>
		</Placemark>
		<Placemark>
			<name>2440 SHATTUCK Ave</name>
			<description><![CDATA[<b>2440 SHATTUCK Ave</b><br/><b>Units:</b> 40<br/><b>VLI Units:</b> 0<br/><b>Stories:</b> 8<br/><b>Height:</b> 28.0m<br/><b>Status:</b> Completed]]></description>
			<styleUrl>#style_Completed_parcel0</styleUrl>
			<Polygon>
				<extrude>1</extrude>
				<altitudeMode>relativeToGround</altitudeMode>
				<outerBoundaryIs>
					<LinearRing>
						<coordinates>
							-122.2681290096855,37.86488261322081,28 -122.2681654562162,37.86510385830432,28 -122.2677855664027,37.86515555230372,28 -122.2677611907894,37.86493205684638,28 -122.2681290096855,37.86488261322081,28 
						</coordinates>
					</LinearRing>
				</outerBoundaryIs>
			</Polygon>
		</Placemark>
		<Placemark>
			<name>2449 DWIGHT Way</name>
			<description><![CDATA[<b>2449 DWIGHT Way</b><br/><b>Units:</b> 39<br/><b>VLI Units:</b> 2<br/><b>Stories:</b> 4<br/><b>Height:</b> 14.0m<br/><b>Status:</b> In Review]]></description>
			<styleUrl>#style_In_Review_parcel5</styleUrl>
			<Polygon>
				<extrude>1</extrude>
				<altitudeMode>relativeToGround</altitudeMode>
				<outerBoundaryIs>
					<LinearRing>
						<coordinates>
							-122.2589295486942,37.86515259089632,14 -122.2589915345704,37.86542908280077,14 -122.2589759998851,37.86543137705787,14 -122.2586254514512,37.86547848352895,14 -122.258573724807,37.86519702052679,14 -122.2589295486942,37.86515259089632,14 
						</coordinates>
					</LinearRing>
				</outerBoundaryIs>
			</Polygon>
		</Placemark>
		<Placemark>
			<name>1367 UNIVERSITY Ave</name>
			<description><![CDATA[<b>1367 UNIVERSITY Ave</b><br/><b>Units:</b> 39<br/><b>VLI Units:</b> 39<br/><b>Stories:</b> 4<br/><b>Height:</b> 14.0m<br/><b>Status:</b> Completed]]></description>
			<styleUrl>#style_Completed_parcel0</styleUrl>
			<Polygon>
				<extrude>1</extrude>
				<altitudeMode>relativeToGround</altitudeMode>
				<outerBoundaryIs>
					<LinearRing>
						<coordinates>
							-122.2850755543567,37.87015337570012,14 -122.2852482927737,37.87013223017887,14 -122.2853086456282,37.87040805047056,14 -122.2851272830391,37.87043139514015,14 -122.2850755543567,37.87015337570012,14 
						</coordinates>
					</LinearRing>
				</outerBoundaryIs>
			</Polygon>
		</Placemark>
		<Placemark>
			<name>2403 SAN PABLO Ave</name>
			<description><![CDATA[<b>2403 SAN PABLO Ave</b><br/><b>Units:</b> 36<br/><b>VLI Units:</b> 0<br/><b>Stories:</b> 4<br/><b>Height:</b> 14.0m<br/><b>Status:</b> Under Construction]]></description>
			<styleUrl>#style_Under_Construction_parcel</styleUrl>
			<Polygon>
				<extrude>1</extrude>
				<altitudeMode>relativeToGround</altitudeMode>
				<outerBoundaryIs>
					<LinearRing>
						<coordinates>
							-122.2895151042547,37.86264853571669,14 -122.2898604719566,37.86260279299499,14 -122.2899278240271,37.86280982982716,14 -122.2895825060205,37.86285764151032,14 -122.2895151042547,37.86264853571669,14 
						</coordinates>
					</LinearRing>
				</outerBoundaryIs>
			</Polygon>
		</Placemark>
		<Placemark>
			<name>1698 UNIVERSITY Ave</name>
			<description><![CDATA[<b>1698 UNIVERSITY Ave</b><br/><b>Units:</b> 36<br/><b>VLI Units:</b> 0<br/><b>Stories:</b> 5<br/><b>Height:</b> 17.5m<br/><b>Status:</b> Completed]]></description>
			<styleUrl>#style_Completed_parcel0</styleUrl>
			<Polygon>
				<extrude>1</extrude>
				<altitudeMode>relativeToGround</altitudeMode>
				<outerBoundaryIs>
					<LinearRing>
						<coordinates>
							-122.2775745227382,37.87054536321396,17.5 -122.2778405116316,37.87051115427237,17.5 -122.2779147615954,37.87050110873362,17.5 -122.2779440282607,37.87078221555851,17.5 -122.2776072426654,37.87082642731322,17.5 -122.2775745227382,37.87054536321396,17.5 
						</coordinates>
					</LinearRing>
				</outerBoundaryIs>
			</Polygon>
		</Placemark>
		<Placemark>
			<name>2442 HASTE St</name>
			<description><![CDATA[<b>2442 HASTE St</b><br/><b>Units:</b> 34<br/><b>VLI Units:</b> 2<br/><b>Stories:</b> 8<br/><b>Height:</b> 25.9m<br/><b>Status:</b> Under Construction]]></description>
			<styleUrl>#style_Under_Construction_parcel</styleUrl>
			<Polygon>
				<extrude>1</extrude>
				<altitudeMode>relativeToGround</altitudeMode>
				<outerBoundaryIs>
					<LinearRing>
						<coordinates>
							-122.2590142268623,37.86565535344312,25.9 -122.2589936502487,37.86551832401423,25.9 -122.2591576875904,37.86549527107525,25.9 -122.2592269732237,37.86586025164554,25.9 -122.2590576934881,37.86588131227681,25.9 -122.2590142268623,37.86565535344312,25.9 
						</coordinates>
					</LinearRing>
				</outerBoundaryIs>
			</Polygon>
		</Placemark>
		<Placemark>
			<name>2733 SAN PABLO Ave</name>
			<description><![CDATA[<b>2733 SAN PABLO Ave</b><br/><b>Units:</b> 32<br/><b>VLI Units:</b> 0<br/><b>Stories:</b> 8<br/><b>Height:</b> 28.0m<br/><b>Status:</b> In Review]]></description>
			<styleUrl>#style_In_Review_parcel5</styleUrl>
			<Polygon>
				<extrude>1</extrude>
				<altitudeMode>relativeToGround</altitudeMode>
				<outerBoundaryIs>
					<LinearRing>
						<coordinates>
							-122.2874089312717,37.85647955454271,28 -122.2873894199889,37.85638852196677,28 -122.2873719099552,37.85630912459462,28 -122.287346580033,37.85619208598696,28 -122.2877869279493,37.85613597597118,28 -122.2879121222915,37.85651519221562,28 -122.2875978121342,37.85655429358462,28 -122.287494200259,37.85656753488399,28 -122.2874302948877,37.85657537518561,28 -122.2874089312717,37.85647955454271,28 
						</coordinates>
					</LinearRing>
				</outerBoundaryIs>
			</Polygon>
		</Placemark>
		<Placemark>
			<name>2614 TELEGRAPH Ave</name>
			<description><![CDATA[<b>2614 TELEGRAPH Ave</b><br/><b>Units:</b> 31<br/><b>VLI Units:</b> 3<br/><b>Stories:</b> 5<br/><b>Height:</b> 17.4m<br/><b>Status:</b> In Review]]></description>
			<styleUrl>#style_In_Review_synthetic0</styleUrl>
			<Polygon>
				<extrude>1</extrude>
				<altitudeMode>relativeToGround</altitudeMode>
				<outerBoundaryIs>
					<LinearRing>
						<coordinates>
							-122.2589154571786,37.86252976273843,17.4 -122.2589702887172,37.86292368583964,17.4 -122.2593642118184,37.86283569650983,17.4 -122.2593093802798,37.86244177340863,17.4 -122.2589154571786,37.86252976273843,17.4 
						</coordinates>
					</LinearRing>
				</outerBoundaryIs>
			</Polygon>
		</Placemark>
		<Placemark>
			<name>3000 SAN PABLO Ave</name>
			<description><![CDATA[<b>3000 SAN PABLO Ave</b><br/><b>Units:</b> 29<br/><b>VLI Units:</b> 0<br/><b>Stories:</b> 5<br/><b>Height:</b> 17.5m<br/><b>Status:</b> In Review<br/><i>(height estimated from units)</i>]]></description>
			<styleUrl>#style_In_Review_parcel5</styleUrl>
			<Polygon>
				<extrude>1</extrude>
				<altitudeMode>relativeToGround</altitudeMode>
				<outerBoundaryIs>
					<LinearRing>
						<coordinates>
							-122.2871498413579,37.85169237651806,17.5 -122.2872376181724,37.85195611856017,17.5 -122.2868376658691,37.85203564632605,17.5 -122.2867483346732,37.85177811622123,17.5 -122.2871498413579,37.85169237651806,17.5 
						</coordinates>
					</LinearRing>
				</outerBoundaryIs>
			</Polygon>
		</Placemark>
		<Placemark>
			<name>3020 SAN PABLO Ave</name>
			<description><![CDATA[<b>3020 SAN PABLO Ave</b><br/><b>Units:</b> 29<br/><b>VLI Units:</b> 0<br/><b>Stories:</b> 5<br/><b>Height:</b> 17.5m<br/><b>Status:</b> In Review<br/><i>(height estimated from units)</i>]]></description>
			<styleUrl>#style_In_Review_parcel5</styleUrl>
			<Polygon>
				<extrude>1</extrude>
				<altitudeMode>relativeToGround</altitudeMode>
				<outerBoundaryIs>
					<LinearRing>
						<coordinates>
							-122.2867671025068,37.85097507654726,17.5 -122.2868723307908,37.85131752475877,17.5 -122.2866138651012,37.85137293907238,17.5 -122.2865034001238,37.85102919799498,17.5 -122.2867671025068,37.85097507654726,17.5 
						</coordinates>
					</LinearRing>
				</outerBoundaryIs>
			</Polygon>
		</Placemark>
		<Placemark>
			<name>2480 Bancroft Way</name>
			<description><![CDATA[<b>2480 Bancroft Way</b><br/><b>Units:</b> 28<br/><b>VLI Units:</b> 0<br/><b>Stories:</b> 8<br/><b>Height:</b> 28.0m<br/><b>Status:</b> Completed]]></description>
			<styleUrl>#style_Completed_parcel0</styleUrl>
			<Polygon>
				<extrude>1</extrude>
				<altitudeMode>relativeToGround</altitudeMode>
				<outerBoundaryIs>
					<LinearRing>
						<coordinates>
							-122.2595587597614,37.86830817933846,28 -122.2595393207529,37.86821919875468,28 -122.2597072287637,37.86819724196478,28 -122.2597877400529,37.8685487922007,28 -122.2596131350585,37.86857162269864,28 -122.2595587597614,37.86830817933846,28 
						</coordinates>
					</LinearRing>
				</outerBoundaryIs>
			</Polygon>
		</Placemark>
		<Placemark>
			<name>1773 OXFORD St</name>
			<description><![CDATA[<b>1773 OXFORD St</b><br/><b>Units:</b> 24<br/><b>VLI Units:</b> 2<br/><b>Stories:</b> 5<br/><b>Height:</b> 17.5m<br/><b>Status:</b> Completed]]></description>
			<styleUrl>#style_Completed_parcel0</styleUrl>
			<Polygon>
				<extrude>1</extrude>
				<altitudeMode>relativeToGround</altitudeMode>
				<outerBoundaryIs>
					<LinearRing>
						<coordinates>
							-122.266015289544,37.87549826294272,17.5 -122.2663974734096,37.87546781556311,17.5 -122.2664188889229,37.87563917712671,17.5 -122.2660366006676,37.87566550321942,17.5 -122.266015289544,37.87549826294272,17.5 
						</coordinates>
					</LinearRing>
				</outerBoundaryIs>
			</Polygon>
		</Placemark>
		<Placemark>
			<name>2317 CHANNING Way</name>
			<description><![CDATA[<b>2317 CHANNING Way</b><br/><b>Units:</b> 22<br/><b>VLI Units:</b> 0<br/><b>Stories:</b> 5<br/><b>Height:</b> 15.2m<br/><b>Status:</b> Stalled]]></description>
			<styleUrl>#style_Stalled_parcel</styleUrl>
			<Polygon>
				<extrude>1</extrude>
				<altitudeMode>relativeToGround</altitudeMode>
				<outerBoundaryIs>
					<LinearRing>
						<coordinates>
							-122.2624806264893,37.86652519704887,15.2 -122.2626361026639,37.8665070815042,15.2 -122.2627067987687,37.86685691545285,15.2 -122.2626152089731,37.86686652375656,15.2 -122.2625460924277,37.86687442600704,15.2 -122.2624806264893,37.86652519704887,15.2 
						</coordinates>
					</LinearRing>
				</outerBoundaryIs>
			</Polygon>
		</Placemark>
		<Placemark>
			<name>2800 TELEGRAPH Ave</name>
			<description><![CDATA[<b>2800 TELEGRAPH Ave</b><br/><b>Units:</b> 18<br/><b>VLI Units:</b> 0<br/><b>Stories:</b> 4<br/><b>Height:</b> 14.0m<br/><b>Status:</b> Permits Active<br/><i>(height estimated from units)</i>]]></description>
			<styleUrl>#style_Permits_Active_parcel</styleUrl>
			<Polygon>
				<extrude>1</extrude>
				<altitudeMode>relativeToGround</altitudeMode>
				<outerBoundaryIs>
					<LinearRing>
						<coordinates>
							-122.2594341077352,37.85925459949244,14 -122.2596206178596,37.85923053171098,14 -122.2596558256758,37.85940030160218,14 -122.259408770302,37.85942870509926,14 -122.2594341077352,37.85925459949244,14 
						</coordinates>
					</LinearRing>
				</outerBoundaryIs>
			</Polygon>
		</Placemark>
		<Placemark>
			<name>2344 FULTON St</name>
			<description><![CDATA[<b>2344 FULTON St</b><br/><b>Units:</b> 18<br/><b>VLI Units:</b> 0<br/><b>Stories:</b> 4<br/><b>Height:</b> 14.0m<br/><b>Status:</b> Pre-Application<br/><i>(height estimated from units)</i>]]></description>
			<styleUrl>#style_Pre_Application_parcel</styleUrl>
			<Polygon>
				<extrude>1</extrude>
				<altitudeMode>relativeToGround</altitudeMode>
				<outerBoundaryIs>
					<LinearRing>
						<coordinates>
							-122.2659281962935,37.86609048144079,14 -122.2659504061229,37.86622337123308,14 -122.265784651085,37.86624645176639,14 -122.2657572906457,37.86611638692021,14 -122.2659281962935,37.86609048144079,14 
						</coordinates>
					</LinearRing>
				</outerBoundaryIs>
			</Polygon>
		</Placemark>
		<Placemark>
			<name>1790 UNIVERSITY Ave</name>
			<description><![CDATA[<b>1790 UNIVERSITY Ave</b><br/><b>Units:</b> 17<br/><b>VLI Units:</b> 0<br/><b>Stories:</b> 5<br/><b>Height:</b> 17.1m<br/><b>Status:</b> In Review]]></description>
			<styleUrl>#style_In_Review_parcel5</styleUrl>
			<Polygon>
				<extrude>1</extrude>
				<altitudeMode>relativeToGround</altitudeMode>
				<outerBoundaryIs>
					<LinearRing>
						<coordinates>
							-122.2755106466407,37.87081609308427,17.1 -122.2756834063984,37.87079563501471,17.1 -122.2757187021076,37.87103956960104,17.1 -122.2757246665306,37.87107175537535,17.1 -122.2755519335904,37.87109289324105,17.1 -122.2755106466407,37.87081609308427,17.1 
						</coordinates>
					</LinearRing>
				</outerBoundaryIs>
			</Polygon>
		</Placemark>
		<Placemark>
			<name>1710 UNIVERSITY Ave</name>
			<description><![CDATA[<b>1710 UNIVERSITY Ave</b><br/><b>Units:</b> 16<br/><b>VLI Units:</b> 0<br/><b>Stories:</b> 4<br/><b>Height:</b> 14.0m<br/><b>Status:</b> Application Submitted]]></description>
			<styleUrl>#style_Application_Submitted_parcel4</styleUrl>
			<Polygon>
				<extrude>1</extrude>
				<altitudeMode>relativeToGround</altitudeMode>
				<outerBoundaryIs>
					<LinearRing>
						<coordinates>
							-122.2770412598375,37.87063305544324,14 -122.277191550189,37.87061432014789,14 -122.2772289938015,37.87087538212914,14 -122.277075289304,37.87089555749958,14 -122.2770412598375,37.87063305544324,14 
						</coordinates>
					</LinearRing>
				</outerBoundaryIs>
			</Polygon>
		</Placemark>
		<Placemark>
			<name>2147 SAN PABLO Ave</name>
			<description><![CDATA[<b>2147 SAN PABLO Ave</b><br/><b>Units:</b> 15<br/><b>VLI Units:</b> 0<br/><b>Stories:</b> 4<br/><b>Height:</b> 21.3m<br/><b>Status:</b> Decision Pending<br/><i>(height estimated from units)</i>]]></description>
			<styleUrl>#style_Decision_Pending_parcel</styleUrl>
			<Polygon>
				<extrude>1</extrude>
				<altitudeMode>relativeToGround</altitudeMode>
				<outerBoundaryIs>
					<LinearRing>
						<coordinates>
							-122.2908652017586,37.86690755571757,21.3 -122.2908614555448,37.86689593891741,21.3 -122.2912027419295,37.86682415555838,21.3 -122.2913285549679,37.86722739352544,21.3 -122.2909848736934,37.86727176169916,21.3 -122.2908652017586,37.86690755571757,21.3 
						</coordinates>
					</LinearRing>
				</outerBoundaryIs>
			</Polygon>
		</Placemark>
		<Placemark>
			<name>1740 UNIVERSITY Ave</name>
			<description><![CDATA[<b>1740 UNIVERSITY Ave</b><br/><b>Units:</b> 12<br/><b>VLI Units:</b> 0<br/><b>Stories:</b> 4<br/><b>Height:</b> 14.0m<br/><b>Status:</b> Entitled<br/><i>(height estimated from units)</i>]]></description>
			<styleUrl>#style_Entitled_parcel6</styleUrl>
			<Polygon>
				<extrude>1</extrude>
				<altitudeMode>relativeToGround</altitudeMode>
				<outerBoundaryIs>
					<LinearRing>
						<coordinates>
							-122.2765168566166,37.87058326884512,14 -122.2766257198698,37.87057133230099,14 -122.2766861746376,37.87056355514937,14 -122.276738432913,37.87093702099357,14 -122.2765656903125,37.87095816119169,14 -122.2765168566166,37.87058326884512,14 
						</coordinates>
					</LinearRing>
				</outerBoundaryIs>
			</Polygon>
		</Placemark>
		<Placemark>
			<name>2018 BLAKE St</name>
			<description><![CDATA[<b>2018 BLAKE St</b><br/><b>Units:</b> 12<br/><b>VLI Units:</b> 0<br/><b>Stories:</b> 6<br/><b>Height:</b> 21.0m<br/><b>Status:</b> Permits Active]]></description>
			<styleUrl>#style_Permits_Active_parcel</styleUrl>
			<Polygon>
				<extrude>1</extrude>
				<altitudeMode>relativeToGround</altitudeMode>
				<outerBoundaryIs>
					<LinearRing>
						<coordinates>
							-122.2687389942263,37.86241989428217,21 -122.2688511845325,37.86240311404291,21 -122.2688667444597,37.86240150722207,21 -122.2689284935812,37.86273911476908,21 -122.2688077024503,37.86275877898005,21 -122.2687389942263,37.86241989428217,21 
						</coordinates>
					</LinearRing>
				</outerBoundaryIs>
			</Polygon>
		</Placemark>
		<Placemark>
			<name>2555 COLLEGE Ave</name>
			<description><![CDATA[<b>2555 COLLEGE Ave</b><br/><b>Units:</b> 12<br/><b>VLI Units:</b> 1<br/><b>Stories:</b> 4<br/><b>Height:</b> 14.3m<br/><b>Status:</b> Completed]]></description>
			<styleUrl>#style_Completed_parcel0</styleUrl>
			<Polygon>
				<extrude>1</extrude>
				<altitudeMode>relativeToGround</altitudeMode>
				<outerBoundaryIs>
					<LinearRing>
						<coordinates>
							-122.2534527757983,37.86402343221996,14.3 -122.2536291919292,37.86401188032259,14.3 -122.2536604435935,37.86423390797881,14.3 -122.2534787743357,37.86424345729067,14.3 -122.2534527757983,37.86402343221996,14.3 
						</coordinates>
					</LinearRing>
				</outerBoundaryIs>
			</Polygon>
		</Placemark>
		<Placemark>
			<name>1015 UNIVERSITY Ave</name>
			<description><![CDATA[<b>1015 UNIVERSITY Ave</b><br/><b>Units:</b> 9<br/><b>VLI Units:</b> 0<br/><b>Stories:</b> 4<br/><b>Height:</b> 14.0m<br/><b>Status:</b> Application Submitted<br/><i>(height estimated from units)</i>]]></description>
			<styleUrl>#style_Application_Submitted_parcel4</styleUrl>
			<Polygon>
				<extrude>1</extrude>
				<altitudeMode>relativeToGround</altitudeMode>
				<outerBoundaryIs>
					<LinearRing>
						<coordinates>
							-122.2929587230795,37.86908832169384,14 -122.2932482445784,37.86902486228168,14 -122.2933360306816,37.86928791244949,14 -122.2930447903793,37.86935207647553,14 -122.2929587230795,37.86908832169384,14 
						</coordinates>
					</LinearRing>
				</outerBoundaryIs>
			</Polygon>
		</Placemark>
		<Placemark>
			<name>2428 MILVIA St</name>
			<description><![CDATA[<b>2428 MILVIA St</b><br/><b>Units:</b> 8<br/><b>VLI Units:</b> 0<br/><b>Stories:</b> 4<br/><b>Height:</b> 14.0m<br/><b>Status:</b> In Review<br/><i>(height estimated from units)</i>]]></description>
			<styleUrl>#style_In_Review_parcel5</styleUrl>
			<Polygon>
				<extrude>1</extrude>
				<altitudeMode>relativeToGround</altitudeMode>
				<outerBoundaryIs>
					<LinearRing>
						<coordinates>
							-122.2699872507569,37.86427655675264,14 -122.2701685434032,37.86425117094875,14 -122.2702076823545,37.86443943040616,14 -122.270010786763,37.86446435811148,14 -122.2699872507569,37.86427655675264,14 
						</coordinates>
					</LinearRing>
				</outerBoundaryIs>
			</Polygon>
		</Placemark>
		<Placemark>
			<name>2200 FIFTH St</name>
			<description><![CDATA[<b>2200 FIFTH St</b><br/><b>Units:</b> 8<br/><b>VLI Units:</b> 0<br/><b>Stories:</b> 3<br/><b>Height:</b> 10.5m<br/><b>Status:</b> Withdrawn]]></description>
			<styleUrl>#style_Withdrawn_parcel</styleUrl>
			<Polygon>
				<extrude>1</extrude>
				<altitudeMode>relativeToGround</altitudeMode>
				<outerBoundaryIs>
					<LinearRing>
						<coordinates>
							-122.2978934610282,37.86453872729266,10.5 -122.2983070750677,37.86445002534158,10.5 -122.2983537011781,37.86458665546985,10.5 -122.2984347165825,37.86457031288079,10.5 -122.2985225959539,37.864836094511,10.5 -122.2980245484807,37.86494394384462,10.5 -122.2978934610282,37.86453872729266,10.5 
						</coordinates>
					</LinearRing>
				</outerBoundaryIs>
			</Polygon>
		</Placemark>
		<Placemark>
			<name>1745 CEDAR St</name>
			<description><![CDATA[<b>1745 CEDAR St</b><br/><b>Units:</b> 6<br/><b>VLI Units:</b> 0<br/><b>Stories:</b> 3<br/><b>Height:</b> 10.5m<br/><b>Status:</b> In Review]]></description>
			<styleUrl>#style_In_Review_parcel5</styleUrl>
			<Polygon>
				<extrude>1</extrude>
				<altitudeMode>relativeToGround</altitudeMode>
				<outerBoundaryIs>
					<LinearRing>
						<coordinates>
							-122.2761909092565,37.87759178798435,10.5 -122.2762264997812,37.8779201686204,10.5 -122.2760969705404,37.87793791356344,10.5 -122.2760579725296,37.87761164799709,10.5 -122.2761909092565,37.87759178798435,10.5 
						</coordinates>
					</LinearRing>
				</outerBoundaryIs>
			</Polygon>
		</Placemark>
		<Placemark>
			<name>1850 BERRYMAN St</name>
			<description><![CDATA[<b>1850 BERRYMAN St</b><br/><b>Units:</b> 6<br/><b>VLI Units:</b> 0<br/><b>Stories:</b> 3<br/><b>Height:</b> 10.5m<br/><b>Status:</b> Application Submitted]]></description>
			<styleUrl>#style_Application_Submitted_synthetic</styleUrl>
			<Polygon>
				<extrude>1</extrude>
				<altitudeMode>relativeToGround</altitudeMode>
				<outerBoundaryIs>
					<LinearRing>
						<coordinates>
							-122.2745386226801,37.8828550331143,10.5 -122.2745934542187,37.8832489562155,10.5 -122.2749873773199,37.8831609668857,10.5 -122.2749325457813,37.88276704378449,10.5 -122.2745386226801,37.8828550331143,10.5 
						</coordinates>
					</LinearRing>
				</outerBoundaryIs>
			</Polygon>
		</Placemark>
		<Placemark>
			<name>1618 SIXTH St</name>
			<description><![CDATA[<b>1618 SIXTH St</b><br/><b>Units:</b> 4<br/><b>VLI Units:</b> 0<br/><b>Stories:</b> 3<br/><b>Height:</b> 10.5m<br/><b>Status:</b> In Review]]></description>
			<styleUrl>#style_In_Review_parcel5</styleUrl>
			<Polygon>
				<extrude>1</extrude>
				<altitudeMode>relativeToGround</altitudeMode>
				<outerBoundaryIs>
					<LinearRing>
						<coordinates>
							-122.2995304851045,37.87332001905457,10.5 -122.2999631985291,37.87323032565849,10.5 -122.3000131694715,37.87336209705438,10.5 -122.29958046906,37.87345178169383,10.5 -122.2995304851045,37.87332001905457,10.5 
						</coordinates>
					</LinearRing>
				</outerBoundaryIs>
			</Polygon>
		</Placemark>
		<Placemark>
			<name>2420 ASHBY Ave</name>
			<description><![CDATA[<b>2420 ASHBY Ave</b><br/><b>Units:</b> 4<br/><b>VLI Units:</b> 0<br/><b>Stories:</b> 3<br/><b>Height:</b> 10.5m<br/><b>Status:</b> In Review<br/><i>(height estimated from units)</i>]]></description>
			<styleUrl>#style_In_Review_parcel5</styleUrl>
			<Polygon>
				<extrude>1</extrude>
				<altitudeMode>relativeToGround</altitudeMode>
				<outerBoundaryIs>
					<LinearRing>
						<coordinates>
							-122.25853373974,37.85583660057264,10.5 -122.2586994576728,37.85581284039802,10.5 -122.2587626295752,37.85613945309478,10.5 -122.258600289138,37.85615971507029,10.5 -122.25853373974,37.85583660057264,10.5 
						</coordinates>
					</LinearRing>
				</outerBoundaryIs>
			</Polygon>
		</Placemark>
		<Placemark>
			<name>2942 COLLEGE Ave</name>
			<description><![CDATA[<b>2942 COLLEGE Ave</b><br/><b>Units:</b> 4<br/><b>VLI Units:</b> 0<br/><b>Stories:</b> 3<br/><b>Height:</b> 10.5m<br/><b>Status:</b> In Review<br/><i>(height estimated from units)</i>]]></description>
			<styleUrl>#style_In_Review_parcel5</styleUrl>
			<Polygon>
				<extrude>1</extrude>
				<altitudeMode>relativeToGround</altitudeMode>
				<outerBoundaryIs>
					<LinearRing>
						<coordinates>
							-122.2531963502192,37.85742467070557,10.5 -122.2534624886733,37.85739806409561,10.5 -122.2537441781479,37.85737052887114,10.5 -122.2537481837325,37.85739311632174,10.5 -122.2537638797979,37.85747118033414,10.5 -122.2537241014947,37.85747383129037,10.5 -122.2535565248495,37.85749211802541,10.5 -122.2532057623104,37.85752959852365,10.5 -122.2531963502192,37.85742467070557,10.5 
						</coordinates>
					</LinearRing>
				</outerBoundaryIs>
			</Polygon>
		</Placemark>
		<Placemark>
			<name>2437 WARRING St</name>
			<description><![CDATA[<b>2437 WARRING St</b><br/><b>Units:</b> 4<br/><b>VLI Units:</b> 0<br/><b>Stories:</b> 2<br/><b>Height:</b> 7.0m<br/><b>Status:</b> In Review]]></description>
			<styleUrl>#style_In_Review_parcel5</styleUrl>
			<Polygon>
				<extrude>1</extrude>
				<altitudeMode>relativeToGround</altitudeMode>
				<outerBoundaryIs>
					<LinearRing>
						<coordinates>
							-122.2500807588333,37.86655723923688,7 -122.2504710851602,37.86650612135452,7 -122.2504951513369,37.86664516805629,7 -122.250154852925,37.86668729610788,7 -122.2501082066693,37.86669280062856,7 -122.2500807588333,37.86655723923688,7 
						</coordinates>
					</LinearRing>
				</outerBoundaryIs>
			</Polygon>
		</Placemark>
		<Placemark>
			<name>2641 COLLEGE Ave</name>
			<description><![CDATA[<b>2641 COLLEGE Ave</b><br/><b>Units:</b> 3<br/><b>VLI Units:</b> 0<br/><b>Stories:</b> 3<br/><b>Height:</b> 10.5m<br/><b>Status:</b> In Review<br/><i>(height estimated from units)</i>]]></description>
			<styleUrl>#style_In_Review_parcel5</styleUrl>
			<Polygon>
				<extrude>1</extrude>
				<altitudeMode>relativeToGround</altitudeMode>
				<outerBoundaryIs>
					<LinearRing>
						<coordinates>
							-122.2530185934352,37.8625102230996,10.5 -122.2530138222004,37.86245536362915,10.5 -122.2531608346688,37.86244562403025,10.5 -122.2533130467585,37.86243579735059,10.5 -122.253479093848,37.86242510192267,10.5 -122.2534903029471,37.86253274670696,10.5 -122.2530231815306,37.86255822347641,10.5 -122.2530185934352,37.8625102230996,10.5 
						</coordinates>
					</LinearRing>
				</outerBoundaryIs>
			</Polygon>
		</Placemark>
		<Placemark>
			<name>2205 BLAKE St</name>
			<description><![CDATA[<b>2205 BLAKE St</b><br/><b>Units:</b> 3<br/><b>VLI Units:</b> 0<br/><b>Stories:</b> 3<br/><b>Height:</b> 10.5m<br/><b>Status:</b> In Review]]></description>
			<styleUrl>#style_In_Review_parcel5</styleUrl>
			<Polygon>
				<extrude>1</extrude>
				<altitudeMode>relativeToGround</altitudeMode>
				<outerBoundaryIs>
					<LinearRing>
						<coordinates>
							-122.2646311260385,37.86349013639898,10.5 -122.2649713395113,37.86344591901659,10.5 -122.2650492652527,37.86380869710332,10.5 -122.2649075784173,37.86382454958841,10.5 -122.2647694288627,37.86384240593343,10.5 -122.2647072694832,37.86385088918243,10.5 -122.2646311260385,37.86349013639898,10.5 
						</coordinates>
					</LinearRing>
				</outerBoundaryIs>
			</Polygon>
		</Placemark>
		<Placemark>
			<name>2221 FIFTH St</name>
			<description><![CDATA[<b>2221 FIFTH St</b><br/><b>Units:</b> 3<br/><b>VLI Units:</b> 0<br/><b>Stories:</b> 3<br/><b>Height:</b> 10.5m<br/><b>Status:</b> In Review<br/><i>(height estimated from units)</i>]]></description>
			<styleUrl>#style_In_Review_synthetic</styleUrl>
			<Polygon>
				<extrude>1</extrude>
				<altitudeMode>relativeToGround</altitudeMode>
				<outerBoundaryIs>
					<LinearRing>
						<coordinates>
							-122.2971229630672,37.86419317210891,10.5 -122.2971777946058,37.86458709521011,10.5 -122.297571717707,37.86449910588031,10.5 -122.2975168861684,37.8641051827791,10.5 -122.2971229630672,37.86419317210891,10.5 
						</coordinates>
					</LinearRing>
				</outerBoundaryIs>
			</Polygon>
		</Placemark>
		<Placemark>
			<name>1650 FIFTH St</name>
			<description><![CDATA[<b>1650 FIFTH St</b><br/><b>Units:</b> 3<br/><b>VLI Units:</b> 0<br/><b>Stories:</b> 3<br/><b>Height:</b> 10.5m<br/><b>Status:</b> In Review<br/><i>(height estimated from units)</i>]]></description>
			<styleUrl>#style_In_Review_parcel5</styleUrl>
			<Polygon>
				<extrude>1</extrude>
				<altitudeMode>relativeToGround</altitudeMode>
				<outerBoundaryIs>
					<LinearRing>
						<coordinates>
							-122.3003743549161,37.87225306619484,10.5 -122.3008744355716,37.87215547511794,10.5 -122.300904359834,37.87224634721799,10.5 -122.3004061832431,37.8723507734213,10.5 -122.3003743549161,37.87225306619484,10.5 
						</coordinates>
					</LinearRing>
				</outerBoundaryIs>
			</Polygon>
		</Placemark>
		<Placemark>
			<name>3101 SACRAMENTO St</name>
			<description><![CDATA[<b>3101 SACRAMENTO St</b><br/><b>Units:</b> 3<br/><b>VLI Units:</b> 0<br/><b>Stories:</b> 3<br/><b>Height:</b> 10.5m<br/><b>Status:</b> In Review<br/><i>(height estimated from units)</i>]]></description>
			<styleUrl>#style_In_Review_parcel5</styleUrl>
			<Polygon>
				<extrude>1</extrude>
				<altitudeMode>relativeToGround</altitudeMode>
				<outerBoundaryIs>
					<LinearRing>
						<coordinates>
							-122.2781588546664,37.85126785924448,10.5 -122.2783522052608,37.85124158639535,10.5 -122.2784005164923,37.85145029611369,10.5 -122.2781984730626,37.85147600111468,10.5 -122.2781588546664,37.85126785924448,10.5 
						</coordinates>
					</LinearRing>
				</outerBoundaryIs>
			</Polygon>
		</Placemark>
		<Placemark>
			<name>1449 CORNELL Ave</name>
			<description><![CDATA[<b>1449 CORNELL Ave</b><br/><b>Units:</b> 3<br/><b>VLI Units:</b> 0<br/><b>Stories:</b> 2<br/><b>Height:</b> 18.3m<br/><b>Status:</b> In Review]]></description>
			<styleUrl>#style_In_Review_parcel5</styleUrl>
			<Polygon>
				<extrude>1</extrude>
				<altitudeMode>relativeToGround</altitudeMode>
				<outerBoundaryIs>
					<LinearRing>
						<coordinates>
							-122.2917750764611,37.87760897961567,18.3 -122.2917544160558,37.87754268609275,18.3 -122.2918665423582,37.87752175392904,18.3 -122.2920010440345,37.87749499598228,18.3 -122.2920492253085,37.87762473014826,18.3 -122.2917975196272,37.87767731446908,18.3 -122.2917750764611,37.87760897961567,18.3 
						</coordinates>
					</LinearRing>
				</outerBoundaryIs>
			</Polygon>
		</Placemark>
		<Placemark>
			<name>1514 WALNUT St</name>
			<description><![CDATA[<b>1514 WALNUT St</b><br/><b>Units:</b> 3<br/><b>VLI Units:</b> 0<br/><b>Stories:</b> 3<br/><b>Height:</b> 10.5m<br/><b>Status:</b> In Review<br/><i>(height estimated from units)</i>]]></description>
			<styleUrl>#style_In_Review_parcel5</styleUrl>
			<Polygon>
				<extrude>1</extrude>
				<altitudeMode>relativeToGround</altitudeMode>
				<outerBoundaryIs>
					<LinearRing>
						<coordinates>
							-122.2682390319388,37.87967372045454,10.5 -122.2686692957966,37.87962401567062,10.5 -122.2686754606112,37.87966443807999,10.5 -122.2686802351938,37.87971930494268,10.5 -122.2682570266659,37.87977440007159,10.5 -122.2682390319388,37.87967372045454,10.5 
						</coordinates>
					</LinearRing>
				</outerBoundaryIs>
			</Polygon>
		</Placemark>
		<Placemark>
			<name>1464 SIXTH St</name>
			<description><![CDATA[<b>1464 SIXTH St</b><br/><b>Units:</b> 3<br/><b>VLI Units:</b> 0<br/><b>Stories:</b> 3<br/><b>Height:</b> 10.5m<br/><b>Status:</b> In Review<br/><i>(height estimated from units)</i>]]></description>
			<styleUrl>#style_In_Review_parcel5</styleUrl>
			<Polygon>
				<extrude>1</extrude>
				<altitudeMode>relativeToGround</altitudeMode>
				<outerBoundaryIs>
					<LinearRing>
						<coordinates>
							-122.3006578555886,37.87536703589974,10.5 -122.3002181920467,37.87545614427679,10.5 -122.3001785624104,37.87532215871668,10.5 -122.300618256824,37.87523511732977,10.5 -122.3006578555886,37.87536703589974,10.5 
						</coordinates>
					</LinearRing>
				</outerBoundaryIs>
			</Polygon>
		</Placemark>
		<Placemark>
			<name>2812 EIGHTH St</name>
			<description><![CDATA[<b>2812 EIGHTH St</b><br/><b>Units:</b> 3<br/><b>VLI Units:</b> 0<br/><b>Stories:</b> 3<br/><b>Height:</b> 10.5m<br/><b>Status:</b> In Review]]></description>
			<styleUrl>#style_In_Review_parcel5</styleUrl>
			<Polygon>
				<extrude>1</extrude>
				<altitudeMode>relativeToGround</altitudeMode>
				<outerBoundaryIs>
					<LinearRing>
						<coordinates>
							-122.2912987604141,37.85494486672717,10.5 -122.291743105901,37.8548392343462,10.5 -122.2917880196993,37.85497795513856,10.5 -122.2915777403029,37.85502097624864,10.5 -122.2915926658395,37.8550653737116,10.5 -122.2913548426109,37.85511568512245,10.5 -122.2912987604141,37.85494486672717,10.5 
						</coordinates>
					</LinearRing>
				</outerBoundaryIs>
			</Polygon>
		</Placemark>
		<Placemark>
			<name>2201 BLAKE St</name>
			<description><![CDATA[<b>2201 BLAKE St</b><br/><b>Units:</b> 3<br/><b>VLI Units:</b> 0<br/><b>Stories:</b> 3<br/><b>Height:</b> 10.5m<br/><b>Status:</b> Entitled]]></description>
			<styleUrl>#style_Entitled_parcel6</styleUrl>
			<Polygon>
				<extrude>1</extrude>
				<altitudeMode>relativeToGround</altitudeMode>
				<outerBoundaryIs>
					<LinearRing>
						<coordinates>
							-122.2646311260385,37.86349013639898,10.5 -122.2649713395113,37.86344591901659,10.5 -122.2650492652527,37.86380869710332,10.5 -122.2649075784173,37.86382454958841,10.5 -122.2647694288627,37.86384240593343,10.5 -122.2647072694832,37.86385088918243,10.5 -122.2646311260385,37.86349013639898,10.5 
						</coordinates>
					</LinearRing>
				</outerBoundaryIs>
			</Polygon>
		</Placemark>
		<Placemark>
			<name>2833 Seventh St</name>
			<description><![CDATA[<b>2833 Seventh St</b><br/><b>Units:</b> 3<br/><b>VLI Units:</b> 0<br/><b>Stories:</b> 2<br/><b>Height:</b> 7.0m<br/><b>Status:</b> Entitled]]></description>
			<styleUrl>#style_Entitled_synthetic</styleUrl>
			<Polygon>
				<extrude>1</extrude>
				<altitudeMode>relativeToGround</altitudeMode>
				<outerBoundaryIs>
					<LinearRing>
						<coordinates>
							-122.2953924305375,37.86391082406296,7 -122.2954472620762,37.86430474716417,7 -122.2958411851774,37.86421675783436,7 -122.2957863536387,37.86382283473316,7 -122.2953924305375,37.86391082406296,7 
						</coordinates>
					</LinearRing>
				</outerBoundaryIs>
			</Polygon>
		</Placemark>
		<Placemark>
			<name>1614 Sixth St</name>
			<description><![CDATA[<b>1614 Sixth St</b><br/><b>Units:</b> 3<br/><b>VLI Units:</b> 0<br/><b>Stories:</b> 3<br/><b>Height:</b> 10.7m<br/><b>Status:</b> Entitled<br/><i>(height estimated from units)</i>]]></description>
			<styleUrl>#style_Entitled_synthetic</styleUrl>
			<Polygon>
				<extrude>1</extrude>
				<altitudeMode>relativeToGround</altitudeMode>
				<outerBoundaryIs>
					<LinearRing>
						<coordinates>
							-122.2995342434107,37.8731831365339,10.7 -122.2995890749493,37.8735770596351,10.7 -122.2999829980505,37.8734890703053,10.7 -122.2999281665119,37.87309514720409,10.7 -122.2995342434107,37.8731831365339,10.7 
						</coordinates>
					</LinearRing>
				</outerBoundaryIs>
			</Polygon>
		</Placemark>
		<Placemark>
			<name>1716 SEVENTH St</name>
			<description><![CDATA[<b>1716 SEVENTH St</b><br/><b>Units:</b> 2<br/><b>VLI Units:</b> 0<br/><b>Stories:</b> 3<br/><b>Height:</b> 10.5m<br/><b>Status:</b> In Review<br/><i>(height estimated from units)</i>]]></description>
			<styleUrl>#style_In_Review_parcel5</styleUrl>
			<Polygon>
				<extrude>1</extrude>
				<altitudeMode>relativeToGround</altitudeMode>
				<outerBoundaryIs>
					<LinearRing>
						<coordinates>
							-122.2979072889293,37.87182852492391,10.5 -122.2983158675926,37.87174469621577,10.5 -122.2983384983046,37.87182056943755,10.5 -122.2983477635606,37.8718451524407,10.5 -122.2979375151479,37.87193174998486,10.5 -122.2979072889293,37.87182852492391,10.5 
						</coordinates>
					</LinearRing>
				</outerBoundaryIs>
			</Polygon>
		</Placemark>
		<Placemark>
			<name>1515 DERBY St</name>
			<description><![CDATA[<b>1515 DERBY St</b><br/><b>Units:</b> 2<br/><b>VLI Units:</b> 0<br/><b>Stories:</b> 3<br/><b>Height:</b> 10.5m<br/><b>Status:</b> In Review<br/><i>(height estimated from units)</i>]]></description>
			<styleUrl>#style_In_Review_parcel5</styleUrl>
			<Polygon>
				<extrude>1</extrude>
				<altitudeMode>relativeToGround</altitudeMode>
				<outerBoundaryIs>
					<LinearRing>
						<coordinates>
							-122.2794035600591,37.85889684437249,10.5 -122.2795763253005,37.85887775674125,10.5 -122.2796524134825,37.85923300939513,10.5 -122.2794762943421,37.85925695441234,10.5 -122.2794035600591,37.85889684437249,10.5 
						</coordinates>
					</LinearRing>
				</outerBoundaryIs>
			</Polygon>
		</Placemark>
		<Placemark>
			<name>1922 FRANCISCO St</name>
			<description><![CDATA[<b>1922 FRANCISCO St</b><br/><b>Units:</b> 2<br/><b>VLI Units:</b> 0<br/><b>Stories:</b> 3<br/><b>Height:</b> 10.5m<br/><b>Status:</b> In Review]]></description>
			<styleUrl>#style_In_Review_parcel5</styleUrl>
			<Polygon>
				<extrude>1</extrude>
				<altitudeMode>relativeToGround</altitudeMode>
				<outerBoundaryIs>
					<LinearRing>
						<coordinates>
							-122.2721271060999,37.8748078755748,10.5 -122.2722791872551,37.87479116935766,10.5 -122.2723537805915,37.87515811161909,10.5 -122.27220183445,37.87517962624993,10.5 -122.2721271060999,37.8748078755748,10.5 
						</coordinates>
					</LinearRing>
				</outerBoundaryIs>
			</Polygon>
		</Placemark>
		<Placemark>
			<name>2204 DWIGHT Way</name>
			<description><![CDATA[<b>2204 DWIGHT Way</b><br/><b>Units:</b> 2<br/><b>VLI Units:</b> 0<br/><b>Stories:</b> 3<br/><b>Height:</b> 10.5m<br/><b>Status:</b> Decision Pending]]></description>
			<styleUrl>#style_Decision_Pending_parcel</styleUrl>
			<Polygon>
				<extrude>1</extrude>
				<altitudeMode>relativeToGround</altitudeMode>
				<outerBoundaryIs>
					<LinearRing>
						<coordinates>
							-122.2647694288627,37.86384240593343,10.5 -122.2649075784173,37.86382454958841,10.5 -122.2649874587704,37.86419622754107,10.5 -122.2648406590461,37.86421490331741,10.5 -122.2647694288627,37.86384240593343,10.5 
						</coordinates>
					</LinearRing>
				</outerBoundaryIs>
			</Polygon>
		</Placemark>
		<Placemark>
			<name>1419 GRANT St</name>
			<description><![CDATA[<b>1419 GRANT St</b><br/><b>Units:</b> 2<br/><b>VLI Units:</b> 0<br/><b>Stories:</b> 3<br/><b>Height:</b> 10.5m<br/><b>Status:</b> In Review<br/><i>(height estimated from units)</i>]]></description>
			<styleUrl>#style_In_Review_parcel5</styleUrl>
			<Polygon>
				<extrude>1</extrude>
				<altitudeMode>relativeToGround</altitudeMode>
				<outerBoundaryIs>
					<LinearRing>
						<coordinates>
							-122.2757195842204,37.88048503632824,10.5 -122.275710746264,37.88040552598741,10.5 -122.2761703397393,37.88035054395793,10.5 -122.2761850849904,37.88045950420329,10.5 -122.2757238216694,37.88051726100064,10.5 -122.2757195842204,37.88048503632824,10.5 
						</coordinates>
					</LinearRing>
				</outerBoundaryIs>
			</Polygon>
		</Placemark>
		<Placemark>
			<name>1236 DWIGHT Way</name>
			<description><![CDATA[<b>1236 DWIGHT Way</b><br/><b>Units:</b> 2<br/><b>VLI Units:</b> 0<br/><b>Stories:</b> 3<br/><b>Height:</b> 10.5m<br/><b>Status:</b> In Review<br/><i>(height estimated from units)</i>]]></description>
			<styleUrl>#style_In_Review_parcel5</styleUrl>
			<Polygon>
				<extrude>1</extrude>
				<altitudeMode>relativeToGround</altitudeMode>
				<outerBoundaryIs>
					<LinearRing>
						<coordinates>
							-122.2858295699419,37.86150522557607,10.5 -122.2856927856159,37.86152275338185,10.5 -122.285637554962,37.86125163718545,10.5 -122.2857743387979,37.8612341094381,10.5 -122.2858295699419,37.86150522557607,10.5 
						</coordinates>
					</LinearRing>
				</outerBoundaryIs>
			</Polygon>
		</Placemark>
		<Placemark>
			<name>2808 NINTH St</name>
			<description><![CDATA[<b>2808 NINTH St</b><br/><b>Units:</b> 2<br/><b>VLI Units:</b> 0<br/><b>Stories:</b> 3<br/><b>Height:</b> 10.5m<br/><b>Status:</b> In Review<br/><i>(height estimated from units)</i>]]></description>
			<styleUrl>#style_In_Review_parcel5</styleUrl>
			<Polygon>
				<extrude>1</extrude>
				<altitudeMode>relativeToGround</altitudeMode>
				<outerBoundaryIs>
					<LinearRing>
						<coordinates>
							-122.2906988636242,37.85520101593506,10.5 -122.2907083671649,37.85523003449526,10.5 -122.2907083578212,37.85523006057654,10.5 -122.2907087845631,37.8552313168485,10.5 -122.290728675211,37.85529549169966,10.5 -122.2906252478393,37.85531629153274,10.5 -122.2902925691056,37.85538381996034,10.5 -122.2902608705141,37.85529023130587,10.5 -122.2906988636242,37.85520101593506,10.5 
						</coordinates>
					</LinearRing>
				</outerBoundaryIs>
			</Polygon>
		</Placemark>
		<Placemark>
			<name>3001 BENVENUE Ave</name>
			<description><![CDATA[<b>3001 BENVENUE Ave</b><br/><b>Units:</b> 1<br/><b>VLI Units:</b> 0<br/><b>Stories:</b> 3<br/><b>Height:</b> 10.5m<br/><b>Status:</b> Decision Pending<br/><i>(height estimated from units)</i>]]></description>
			<styleUrl>#style_Decision_Pending_parcel</styleUrl>
			<Polygon>
				<extrude>1</extrude>
				<altitudeMode>relativeToGround</altitudeMode>
				<outerBoundaryIs>
					<LinearRing>
						<coordinates>
							-122.2535669662178,37.85580887181235,10.5 -122.2538588307862,37.85577226076924,10.5 -122.2538683035356,37.85587993068437,10.5 -122.2535765333967,37.85592066305906,10.5 -122.2535669662178,37.85580887181235,10.5 
						</coordinates>
					</LinearRing>
				</outerBoundaryIs>
			</Polygon>
		</Placemark>
		<Placemark>
			<name>40 HILL Rd</name>
			<description><![CDATA[<b>40 HILL Rd</b><br/><b>Units:</b> 1<br/><b>VLI Units:</b> 0<br/><b>Stories:</b> 3<br/><b>Height:</b> 10.5m<br/><b>Status:</b> Application Submitted<br/><i>(height estimated from units)</i>]]></description>
			<styleUrl>#style_Application_Submitted_parcel4</styleUrl>
			<Polygon>
				<extrude>1</extrude>
				<altitudeMode>relativeToGround</altitudeMode>
				<outerBoundaryIs>
					<LinearRing>
						<coordinates>
							-122.2511743019085,37.88917711373094,10.5 -122.2513996066737,37.88917789153698,10.5 -122.2515034742541,37.88946681545936,10.5 -122.2512392564809,37.8895057606488,10.5 -122.2512454207317,37.88947338954652,10.5 -122.251244886985,37.88945074309589,10.5 -122.2512268486229,37.8894207930225,10.5 -122.2512091669131,37.88940526131482,10.5 -122.2511903218388,37.88934166733588,10.5 -122.2511893525845,37.88930048943742,10.5 -122.2511743019085,37.88917711373094,10.5 
						</coordinates>
					</LinearRing>
				</outerBoundaryIs>
			</Polygon>
		</Placemark>
		<Placemark>
			<name>5 W PARNASSUS Ct</name>
			<description><![CDATA[<b>5 W PARNASSUS Ct</b><br/><b>Units:</b> 1<br/><b>VLI Units:</b> 0<br/><b>Stories:</b> 3<br/><b>Height:</b> 10.5m<br/><b>Status:</b> In Review<br/><i>(height estimated from units)</i>]]></description>
			<styleUrl>#style_In_Review_parcel5</styleUrl>
			<Polygon>
				<extrude>1</extrude>
				<altitudeMode>relativeToGround</altitudeMode>
				<outerBoundaryIs>
					<LinearRing>
						<coordinates>
							-122.2576688714977,37.88235584287475,10.5 -122.257815234972,37.88224379272334,10.5 -122.2580836523327,37.88223704591338,10.5 -122.2581606349859,37.88241444513801,10.5 -122.2577763806769,37.88250531370967,10.5 -122.2577510819495,37.88246174720701,10.5 -122.2577312028601,37.88242702227031,10.5 -122.2577098589061,37.88240398953213,10.5 -122.2576688714977,37.88235584287475,10.5 
						</coordinates>
					</LinearRing>
				</outerBoundaryIs>
			</Polygon>
		</Placemark>
		<Placemark>
			<name>0 LE ROY Ave</name>
			<description><![CDATA[<b>0 LE ROY Ave</b><br/><b>Units:</b> 1<br/><b>VLI Units:</b> 0<br/><b>Stories:</b> 3<br/><b>Height:</b> 10.5m<br/><b>Status:</b> In Review<br/><i>(height estimated from units)</i>]]></description>
			<styleUrl>#style_In_Review_parcel5</styleUrl>
			<Polygon>
				<extrude>1</extrude>
				<altitudeMode>relativeToGround</altitudeMode>
				<outerBoundaryIs>
					<LinearRing>
						<coordinates>
							-122.2600553122963,37.88237248056372,10.5 -122.2604015434318,37.88235907573156,10.5 -122.2604259528359,37.88251184622342,10.5 -122.2601733099213,37.88252591142869,10.5 -122.2600937346184,37.88253122371832,10.5 -122.2600833587867,37.88253206520005,10.5 -122.2600732805144,37.8824724816044,10.5 -122.2600553122963,37.88237248056372,10.5 
						</coordinates>
					</LinearRing>
				</outerBoundaryIs>
			</Polygon>
		</Placemark>
		<Placemark>
			<name>2328 GRANT St</name>
			<description><![CDATA[<b>2328 GRANT St</b><br/><b>Units:</b> 1<br/><b>VLI Units:</b> 0<br/><b>Stories:</b> 3<br/><b>Height:</b> 10.5m<br/><b>Status:</b> In Review<br/><i>(height estimated from units)</i>]]></description>
			<styleUrl>#style_In_Review_parcel5</styleUrl>
			<Polygon>
				<extrude>1</extrude>
				<altitudeMode>relativeToGround</altitudeMode>
				<outerBoundaryIs>
					<LinearRing>
						<coordinates>
							-122.2748068034313,37.8658014264963,10.5 -122.2752644833178,37.86574305226406,10.5 -122.2752700282935,37.86582949602789,10.5 -122.2752721913305,37.86584800116381,10.5 -122.2748196545017,37.86590424850414,10.5 -122.2748068034313,37.8658014264963,10.5 
						</coordinates>
					</LinearRing>
				</outerBoundaryIs>
			</Polygon>
		</Placemark>
		<Placemark>
			<name>1939 MARIN Ave</name>
			<description><![CDATA[<b>1939 MARIN Ave</b><br/><b>Units:</b> 1<br/><b>VLI Units:</b> 0<br/><b>Stories:</b> 3<br/><b>Height:</b> 10.5m<br/><b>Status:</b> In Review<br/><i>(height estimated from units)</i>]]></description>
			<styleUrl>#style_In_Review_parcel5</styleUrl>
			<Polygon>
				<extrude>1</extrude>
				<altitudeMode>relativeToGround</altitudeMode>
				<outerBoundaryIs>
					<LinearRing>
						<coordinates>
							-122.2746692005212,37.88945051566243,10.5 -122.2748362684062,37.88940680589739,10.5 -122.2750335997726,37.88983233293715,10.5 -122.2748718662054,37.88988077065038,10.5 -122.2746692005212,37.88945051566243,10.5 
						</coordinates>
					</LinearRing>
				</outerBoundaryIs>
			</Polygon>
		</Placemark>
		<Placemark>
			<name>1731 ADDISON St</name>
			<description><![CDATA[<b>1731 ADDISON St</b><br/><b>Units:</b> 1<br/><b>VLI Units:</b> 0<br/><b>Stories:</b> 3<br/><b>Height:</b> 10.5m<br/><b>Status:</b> In Review<br/><i>(height estimated from units)</i>]]></description>
			<styleUrl>#style_In_Review_parcel5</styleUrl>
			<Polygon>
				<extrude>1</extrude>
				<altitudeMode>relativeToGround</altitudeMode>
				<outerBoundaryIs>
					<LinearRing>
						<coordinates>
							-122.2759463935778,37.87027391477567,10.5 -122.2761189825786,37.87024659707811,10.5 -122.2761714850204,37.87063035383182,10.5 -122.2760039877582,37.8706534758533,10.5 -122.2759463935778,37.87027391477567,10.5 
						</coordinates>
					</LinearRing>
				</outerBoundaryIs>
			</Polygon>
		</Placemark>
		<Placemark>
			<name>1420 FIFTH St</name>
			<description><![CDATA[<b>1420 FIFTH St</b><br/><b>Units:</b> 1<br/><b>VLI Units:</b> 0<br/><b>Stories:</b> 3<br/><b>Height:</b> 10.5m<br/><b>Status:</b> Decision Pending<br/><i>(height estimated from units)</i>]]></description>
			<styleUrl>#style_Decision_Pending_parcel</styleUrl>
			<Polygon>
				<extrude>1</extrude>
				<altitudeMode>relativeToGround</altitudeMode>
				<outerBoundaryIs>
					<LinearRing>
						<coordinates>
							-122.301732745239,37.87653518928078,10.5 -122.3019914101466,37.87648454647868,10.5 -122.3021293715947,37.87645772173673,10.5 -122.3021569742371,37.87645248751765,10.5 -122.3021980774577,37.87657546914713,10.5 -122.3017754360336,37.87665265554791,10.5 -122.301732745239,37.87653518928078,10.5 
						</coordinates>
					</LinearRing>
				</outerBoundaryIs>
			</Polygon>
		</Placemark>
		<Placemark>
			<name>1139 KEELER Ave</name>
			<description><![CDATA[<b>1139 KEELER Ave</b><br/><b>Units:</b> 1<br/><b>VLI Units:</b> 0<br/><b>Stories:</b> 3<br/><b>Height:</b> 10.5m<br/><b>Status:</b> In Review<br/><i>(height estimated from units)</i>]]></description>
			<styleUrl>#style_In_Review_parcel5</styleUrl>
			<Polygon>
				<extrude>1</extrude>
				<altitudeMode>relativeToGround</altitudeMode>
				<outerBoundaryIs>
					<LinearRing>
						<coordinates>
							-122.2574555721583,37.88980755593164,10.5 -122.2575555324617,37.88956504052949,10.5 -122.2576080384348,37.88958691607768,10.5 -122.2577218002023,37.88963466721738,10.5 -122.2577345073299,37.88963869408649,10.5 -122.2577342424561,37.88963936297466,10.5 -122.2576484993511,37.889857663151,10.5 -122.2576369204663,37.88985498450472,10.5 -122.2574555721583,37.88980755593164,10.5 
						</coordinates>
					</LinearRing>
				</outerBoundaryIs>
			</Polygon>
		</Placemark>
		<Placemark>
			<name>1111 ALLSTON Way</name>
			<description><![CDATA[<b>1111 ALLSTON Way</b><br/><b>Units:</b> 1<br/><b>VLI Units:</b> 0<br/><b>Stories:</b> 3<br/><b>Height:</b> 10.5m<br/><b>Status:</b> In Review<br/><i>(height estimated from units)</i>]]></description>
			<styleUrl>#style_In_Review_parcel5</styleUrl>
			<Polygon>
				<extrude>1</extrude>
				<altitudeMode>relativeToGround</altitudeMode>
				<outerBoundaryIs>
					<LinearRing>
						<coordinates>
							-122.2905779170747,37.86684805935617,10.5 -122.2905699876988,37.86680696938652,10.5 -122.2905147924389,37.8668167402903,10.5 -122.2905012881735,37.86675994863941,10.5 -122.2904571558732,37.8665820738315,10.5 -122.2906609375409,37.86655563474009,10.5 -122.2907374324932,37.86692529685125,10.5 -122.2905993293409,37.86694592731715,10.5 -122.2905779170747,37.86684805935617,10.5 
						</coordinates>
					</LinearRing>
				</outerBoundaryIs>
			</Polygon>
		</Placemark>
		<Placemark>
			<name>659 GRIZZLY PEAK Blvd</name>
			<description><![CDATA[<b>659 GRIZZLY PEAK Blvd</b><br/><b>Units:</b> 1<br/><b>VLI Units:</b> 0<br/><b>Stories:</b> 3<br/><b>Height:</b> 10.5m<br/><b>Status:</b> Application Submitted<br/><i>(height estimated from units)</i>]]></description>
			<styleUrl>#style_Application_Submitted_parcel4</styleUrl>
			<Polygon>
				<extrude>1</extrude>
				<altitudeMode>relativeToGround</altitudeMode>
				<outerBoundaryIs>
					<LinearRing>
						<coordinates>
							-122.2652753699198,37.90017392645916,10.5 -122.2652470769679,37.90015031277855,10.5 -122.2656159216541,37.89999098239007,10.5 -122.2657036973033,37.90011120831468,10.5 -122.26537084571,37.90025283342347,10.5 -122.2652753699198,37.90017392645916,10.5 
						</coordinates>
					</LinearRing>
				</outerBoundaryIs>
			</Polygon>
		</Placemark>
		<Placemark>
			<name>3036 REGENT St</name>
			<description><![CDATA[<b>3036 REGENT St</b><br/><b>Units:</b> 1<br/><b>VLI Units:</b> 0<br/><b>Stories:</b> 3<br/><b>Height:</b> 10.5m<br/><b>Status:</b> In Review<br/><i>(height estimated from units)</i>]]></description>
			<styleUrl>#style_In_Review_parcel5</styleUrl>
			<Polygon>
				<extrude>1</extrude>
				<altitudeMode>relativeToGround</altitudeMode>
				<outerBoundaryIs>
					<LinearRing>
						<coordinates>
							-122.2566629194917,37.85407768120614,10.5 -122.2567059867797,37.85428717123387,10.5 -122.2564487250194,37.85432190156281,10.5 -122.2564055735954,37.85410897608433,10.5 -122.2566629194917,37.85407768120614,10.5 
						</coordinates>
					</LinearRing>
				</outerBoundaryIs>
			</Polygon>
		</Placemark>
		<Placemark>
			<name>1621 SACRAMENTO St</name>
			<description><![CDATA[<b>1621 SACRAMENTO St</b><br/><b>Units:</b> 1<br/><b>VLI Units:</b> 0<br/><b>Stories:</b> 3<br/><b>Height:</b> 10.5m<br/><b>Status:</b> In Review<br/><i>(height estimated from units)</i>]]></description>
			<styleUrl>#style_In_Review_parcel5</styleUrl>
			<Polygon>
				<extrude>1</extrude>
				<altitudeMode>relativeToGround</altitudeMode>
				<outerBoundaryIs>
					<LinearRing>
						<coordinates>
							-122.2821175320758,37.87604048492319,10.5 -122.2823869444151,37.87600414521808,10.5 -122.2823985280952,37.87612551523691,10.5 -122.2821290453164,37.8761591092028,10.5 -122.2821175320758,37.87604048492319,10.5 
						</coordinates>
					</LinearRing>
				</outerBoundaryIs>
			</Polygon>
		</Placemark>
		<Placemark>
			<name>2820 San Pablo</name>
			<description><![CDATA[<b>2820 San Pablo</b><br/><b>Units:</b> 1<br/><b>VLI Units:</b> 0<br/><b>Stories:</b> 2<br/><b>Height:</b> 7.0m<br/><b>Status:</b> Entitled]]></description>
			<styleUrl>#style_Entitled_synthetic</styleUrl>
			<Polygon>
				<extrude>1</extrude>
				<altitudeMode>relativeToGround</altitudeMode>
				<outerBoundaryIs>
					<LinearRing>
						<coordinates>
							-122.2878959426801,37.8551487031143,7 -122.2879507742187,37.85554262621551,7 -122.2883446973199,37.8554546368857,7 -122.2882898657813,37.8550607137845,7 -122.2878959426801,37.8551487031143,7 
						</coordinates>
					</LinearRing>
				</outerBoundaryIs>
			</Polygon>
		</Placemark>
		<Placemark>
			<name>2820 SAN PABLO Ave</name>
			<description><![CDATA[<b>2820 SAN PABLO Ave</b><br/><b>Units:</b> 1<br/><b>VLI Units:</b> 0<br/><b>Stories:</b> 2<br/><b>Height:</b> 7.0m<br/><b>Status:</b> Entitled]]></description>
			<styleUrl>#style_Entitled_parcel6</styleUrl>
			<Polygon>
				<extrude>1</extrude>
				<altitudeMode>relativeToGround</altitudeMode>
				<outerBoundaryIs>
					<LinearRing>
						<coordinates>
							-122.2878720031796,37.85528180888238,7 -122.2883288178861,37.85518973468466,7 -122.2883666347419,37.85532169289956,7 -122.2879150319901,37.85541368519503,7 -122.2878720031796,37.85528180888238,7 
						</coordinates>
					</LinearRing>
				</outerBoundaryIs>
			</Polygon>
		</Placemark>
		<Placemark>
			<name>0 PARKER St</name>
			<description><![CDATA[<b>0 PARKER St</b><br/><b>Units:</b> 1<br/><b>VLI Units:</b> 0<br/><b>Stories:</b> 3<br/><b>Height:</b> 10.5m<br/><b>Status:</b> Entitled<br/><i>(height estimated from units)</i>]]></description>
			<styleUrl>#style_Entitled_parcel6</styleUrl>
			<Polygon>
				<extrude>1</extrude>
				<altitudeMode>relativeToGround</altitudeMode>
				<outerBoundaryIs>
					<LinearRing>
						<coordinates>
							-122.2641985165749,37.86263617999568,10.5 -122.2643677307542,37.86261304665285,10.5 -122.2643932831507,37.86274038949876,10.5 -122.264416835676,37.86285677634831,10.5 -122.2644405713173,37.86298071085767,10.5 -122.2642730709297,37.86300313397537,10.5 -122.2641985165749,37.86263617999568,10.5 
						</coordinates>
					</LinearRing>
				</outerBoundaryIs>
			</Polygon>
		</Placemark>
		<Placemark>
			<name>1522 JOSEPHINE St</name>
			<description><![CDATA[<b>1522 JOSEPHINE St</b><br/><b>Units:</b> 0<br/><b>VLI Units:</b> 0<br/><b>Stories:</b> 3<br/><b>Height:</b> 10.5m<br/><b>Status:</b> In Review<br/><i>(height estimated from units)</i>]]></description>
			<styleUrl>#style_In_Review_parcel5</styleUrl>
			<Polygon>
				<extrude>1</extrude>
				<altitudeMode>relativeToGround</altitudeMode>
				<outerBoundaryIs>
					<LinearRing>
						<coordinates>
							-122.2750209422674,37.87851581068767,10.5 -122.2754805243573,37.87846084023148,10.5 -122.2754986764271,37.87856768009149,10.5 -122.2750356889762,37.87862546059855,10.5 -122.2750209422674,37.87851581068767,10.5 
						</coordinates>
					</LinearRing>
				</outerBoundaryIs>
			</Polygon>
		</Placemark>
		<Placemark>
			<name>3035 COLBY St</name>
			<description><![CDATA[<b>3035 COLBY St</b><br/><b>Units:</b> 0<br/><b>VLI Units:</b> 0<br/><b>Stories:</b> 3<br/><b>Height:</b> 10.5m<br/><b>Status:</b> Entitled<br/><i>(height estimated from units)</i>]]></description>
			<styleUrl>#style_Entitled_parcel6</styleUrl>
			<Polygon>
				<extrude>1</extrude>
				<altitudeMode>relativeToGround</altitudeMode>
				<outerBoundaryIs>
					<LinearRing>
						<coordinates>
							-122.257224156823,37.85400545743518,10.5 -122.2572932062326,37.85399551008219,10.5 -122.2573327750343,37.85420366824454,10.5 -122.2572706070568,37.85421146888252,10.5 -122.257224156823,37.85400545743518,10.5 
						</coordinates>
					</LinearRing>
				</outerBoundaryIs>
			</Polygon>
		</Placemark>
		<Placemark>
			<name>1136 KEITH Ave</name>
			<description><![CDATA[<b>1136 KEITH Ave</b><br/><b>Units:</b> 0<br/><b>VLI Units:</b> 0<br/><b>Stories:</b> 3<br/><b>Height:</b> 10.5m<br/><b>Status:</b> In Review<br/><i>(height estimated from units)</i>]]></description>
			<styleUrl>#style_In_Review_parcel5</styleUrl>
			<Polygon>
				<extrude>1</extrude>
				<altitudeMode>relativeToGround</altitudeMode>
				<outerBoundaryIs>
					<LinearRing>
						<coordinates>
							-122.2603183956589,37.88849247177863,10.5 -122.2606843605582,37.88835998041825,10.5 -122.2607064230968,37.88841320217202,10.5 -122.2607503323817,37.88851075490241,10.5 -122.2603803930279,37.88862201597461,10.5 -122.260358294469,37.88856741045815,10.5 -122.2603183956589,37.88849247177863,10.5 
						</coordinates>
					</LinearRing>
				</outerBoundaryIs>
			</Polygon>
		</Placemark>
		<Placemark>
			<name>1730 PARKER St</name>
			<description><![CDATA[<b>1730 PARKER St</b><br/><b>Units:</b> 0<br/><b>VLI Units:</b> 0<br/><b>Stories:</b> 3<br/><b>Height:</b> 10.5m<br/><b>Status:</b> Application Submitted<br/><i>(height estimated from units)</i>]]></description>
			<styleUrl>#style_Application_Submitted_parcel4</styleUrl>
			<Polygon>
				<extrude>1</extrude>
				<altitudeMode>relativeToGround</altitudeMode>
				<outerBoundaryIs>
					<LinearRing>
						<coordinates>
							-122.2745451111923,37.86072794113542,10.5 -122.2747195517809,37.86070608238035,10.5 -122.274726275228,37.86076985335077,10.5 -122.2747523309454,37.86106267462078,10.5 -122.2746263879744,37.86108448791258,10.5 -122.2745451111923,37.86072794113542,10.5 
						</coordinates>
					</LinearRing>
				</outerBoundaryIs>
			</Polygon>
		</Placemark>
		<Placemark>
			<name>2740 SHASTA Rd</name>
			<description><![CDATA[<b>2740 SHASTA Rd</b><br/><b>Units:</b> 0<br/><b>VLI Units:</b> 0<br/><b>Stories:</b> 3<br/><b>Height:</b> 10.5m<br/><b>Status:</b> Application Submitted<br/><i>(height estimated from units)</i>]]></description>
			<styleUrl>#style_Application_Submitted_parcel4</styleUrl>
			<Polygon>
				<extrude>1</extrude>
				<altitudeMode>relativeToGround</altitudeMode>
				<outerBoundaryIs>
					<LinearRing>
						<coordinates>
							-122.2579708371979,37.88654290907646,10.5 -122.2579067509549,37.88625133656897,10.5 -122.2579752006197,37.88621338127207,10.5 -122.2583240855227,37.88601988672094,10.5 -122.2583538195581,37.88605009238004,10.5 -122.2584307602861,37.88612825196846,10.5 -122.2584307659085,37.88612825831292,10.5 -122.2584859767301,37.88618433459213,10.5 -122.2585260406167,37.88622504129849,10.5 -122.2585374466151,37.88623662890824,10.5 -122.2585909013661,37.88629092845228,10.5 -122.258693761313,37.88677454261325,10.5 -122.2585895934608,37.88676648249412,10.5 -122.2584973632489,37.88675000553771,10.5 -122.2583682100211,37.88671141170391,10.5 -122.2583000149726,37.88668495913674,10.5 -122.2582122475448,37.88663819793578,10.5 -122.2581054890759,37.88659378471049,10.5 -122.2579747581975,37.88656139128314,10.5 -122.2579708371979,37.88654290907646,10.5 
						</coordinates>
					</LinearRing>
				</outerBoundaryIs>
			</Polygon>
		</Placemark>
		<Placemark>
			<name>1109 COWPER St</name>
			<description><![CDATA[<b>1109 COWPER St</b><br/><b>Units:</b> 0<br/><b>VLI Units:</b> 0<br/><b>Stories:</b> 3<br/><b>Height:</b> 10.5m<br/><b>Status:</b> In Review<br/><i>(height estimated from units)</i>]]></description>
			<styleUrl>#style_In_Review_parcel5</styleUrl>
			<Polygon>
				<extrude>1</extrude>
				<altitudeMode>relativeToGround</altitudeMode>
				<outerBoundaryIs>
					<LinearRing>
						<coordinates>
							-122.2909085708297,37.86741231039857,10.5 -122.2910259860442,37.86739680052654,10.5 -122.2911024933024,37.86762293420208,10.5 -122.2911267134089,37.86769328445833,10.5 -122.2911490838803,37.86775887736322,10.5 -122.2911528786378,37.86777255660387,10.5 -122.2910267235518,37.86778614108349,10.5 -122.2909870293214,37.86779155315791,10.5 -122.2909085708297,37.86741231039857,10.5 
						</coordinates>
					</LinearRing>
				</outerBoundaryIs>
			</Polygon>
		</Placemark>
		<Placemark>
			<name>705 ARLINGTON Ave</name>
			<description><![CDATA[<b>705 ARLINGTON Ave</b><br/><b>Units:</b> 0<br/><b>VLI Units:</b> 0<br/><b>Stories:</b> 3<br/><b>Height:</b> 10.5m<br/><b>Status:</b> In Review<br/><i>(height estimated from units)</i>]]></description>
			<styleUrl>#style_In_Review_parcel5</styleUrl>
			<Polygon>
				<extrude>1</extrude>
				<altitudeMode>relativeToGround</altitudeMode>
				<outerBoundaryIs>
					<LinearRing>
						<coordinates>
							-122.2754522974047,37.89747647880446,10.5 -122.275744984349,37.89732306029823,10.5 -122.2757842076807,37.89736848410184,10.5 -122.2758160825325,37.89739753044255,10.5 -122.2758426934195,37.89742253275681,10.5 -122.2756100070465,37.89762105980626,10.5 -122.2755518429418,37.89758073061861,10.5 -122.2755411882552,37.89756990546643,10.5 -122.2755074815826,37.8975374463167,10.5 -122.27546128937,37.89749007240041,10.5 -122.2754522974047,37.89747647880446,10.5 
						</coordinates>
					</LinearRing>
				</outerBoundaryIs>
			</Polygon>
		</Placemark>
		<Placemark>
			<name>2027 SEVENTH St</name>
			<description><![CDATA[<b>2027 SEVENTH St</b><br/><b>Units:</b> 0<br/><b>VLI Units:</b> 0<br/><b>Stories:</b> 3<br/><b>Height:</b> 10.5m<br/><b>Status:</b> In Review<br/><i>(height estimated from units)</i>]]></description>
			<styleUrl>#style_In_Review_parcel5</styleUrl>
			<Polygon>
				<extrude>1</extrude>
				<altitudeMode>relativeToGround</altitudeMode>
				<outerBoundaryIs>
					<LinearRing>
						<coordinates>
							-122.2955865143464,37.86728286949067,10.5 -122.295543492796,37.86715168569547,10.5 -122.2956950743237,37.86711504557158,10.5 -122.2958484597055,37.86708249709688,10.5 -122.2961467119803,37.86702233367549,10.5 -122.2962277782053,37.86729371374868,10.5 -122.2959330415739,37.8673558893495,10.5 -122.2957778940745,37.867387773052,10.5 -122.295631331372,37.86741678681684,10.5 -122.2955865143464,37.86728286949067,10.5 
						</coordinates>
					</LinearRing>
				</outerBoundaryIs>
			</Polygon>
		</Placemark>
		<Placemark>
			<name>576 SAN LUIS Rd</name>
			<description><![CDATA[<b>576 SAN LUIS Rd</b><br/><b>Units:</b> 0<br/><b>VLI Units:</b> 0<br/><b>Stories:</b> 3<br/><b>Height:</b> 10.5m<br/><b>Status:</b> Application Submitted<br/><i>(height estimated from units)</i>]]></description>
			<styleUrl>#style_Application_Submitted_parcel4</styleUrl>
			<Polygon>
				<extrude>1</extrude>
				<altitudeMode>relativeToGround</altitudeMode>
				<outerBoundaryIs>
					<LinearRing>
						<coordinates>
							-122.2755873947399,37.90007837616216,10.5 -122.2758859073701,37.89987818039231,10.5 -122.2760082761299,37.89992165868265,10.5 -122.2756988211267,37.90017215948414,10.5 -122.2755873947399,37.90007837616216,10.5 
						</coordinates>
					</LinearRing>
				</outerBoundaryIs>
			</Polygon>
		</Placemark>
		<Placemark>
			<name>2009 ADDISON St</name>
			<description><![CDATA[<b>2009 ADDISON St</b><br/><b>Units:</b> 0<br/><b>VLI Units:</b> 0<br/><b>Stories:</b> 3<br/><b>Height:</b> 10.5m<br/><b>Status:</b> Application Submitted<br/><i>(height estimated from units)</i>]]></description>
			<styleUrl>#style_Application_Submitted_parcel4</styleUrl>
			<Polygon>
				<extrude>1</extrude>
				<altitudeMode>relativeToGround</altitudeMode>
				<outerBoundaryIs>
					<LinearRing>
						<coordinates>
							-122.2698683839099,37.87105718753173,10.5 -122.270156853799,37.87102148332558,10.5 -122.2702014836265,37.87136689878681,10.5 -122.2699628081217,37.87139541042202,10.5 -122.269947949242,37.87134295324412,10.5 -122.2698683839099,37.87105718753173,10.5 
						</coordinates>
					</LinearRing>
				</outerBoundaryIs>
			</Polygon>
		</Placemark>
		<Placemark>
			<name>1312 ADDISON St</name>
			<description><![CDATA[<b>1312 ADDISON St</b><br/><b>Units:</b> 0<br/><b>VLI Units:</b> 0<br/><b>Stories:</b> 3<br/><b>Height:</b> 10.5m<br/><b>Status:</b> In Review<br/><i>(height estimated from units)</i>]]></description>
			<styleUrl>#style_In_Review_parcel5</styleUrl>
			<Polygon>
				<extrude>1</extrude>
				<altitudeMode>relativeToGround</altitudeMode>
				<outerBoundaryIs>
					<LinearRing>
						<coordinates>
							-122.2839904144735,37.86688737168851,10.5 -122.2843306421425,37.86684308676911,10.5 -122.2843417704304,37.86694592073535,10.5 -122.2839981326481,37.86699232461555,10.5 -122.2839904144735,37.86688737168851,10.5 
						</coordinates>
					</LinearRing>
				</outerBoundaryIs>
			</Polygon>
		</Placemark>
		<Placemark>
			<name>2145 GRANT St</name>
			<description><![CDATA[<b>2145 GRANT St</b><br/><b>Units:</b> 0<br/><b>VLI Units:</b> 0<br/><b>Stories:</b> 3<br/><b>Height:</b> 10.5m<br/><b>Status:</b> Decision Pending<br/><i>(height estimated from units)</i>]]></description>
			<styleUrl>#style_Decision_Pending_parcel</styleUrl>
			<Polygon>
				<extrude>1</extrude>
				<altitudeMode>relativeToGround</altitudeMode>
				<outerBoundaryIs>
					<LinearRing>
						<coordinates>
							-122.2744538617769,37.86900812604266,10.5 -122.2744505008811,37.86893949897281,10.5 -122.2744489530667,37.86887566082511,10.5 -122.2744852205999,37.86887030712521,10.5 -122.2746078207512,37.86885335396828,10.5 -122.2747390604902,37.86883558686147,10.5 -122.2747410632258,37.86884654629336,10.5 -122.2748844714125,37.8688306556655,10.5 -122.2749000428892,37.86897463385072,10.5 -122.2744561092362,37.86902937163162,10.5 -122.2744538617769,37.86900812604266,10.5 
						</coordinates>
					</LinearRing>
				</outerBoundaryIs>
			</Polygon>
		</Placemark>
		<Placemark>
			<name>2903 ADELINE St</name>
			<description><![CDATA[<b>2903 ADELINE St</b><br/><b>Units:</b> 0<br/><b>VLI Units:</b> 0<br/><b>Stories:</b> 3<br/><b>Height:</b> 10.5m<br/><b>Status:</b> In Review<br/><i>(height estimated from units)</i>]]></description>
			<styleUrl>#style_In_Review_parcel5</styleUrl>
			<Polygon>
				<extrude>1</extrude>
				<altitudeMode>relativeToGround</altitudeMode>
				<outerBoundaryIs>
					<LinearRing>
						<coordinates>
							-122.2679960853905,37.85627626657994,10.5 -122.2682499657071,37.8562449897447,10.5 -122.268166830552,37.85646323598519,10.5 -122.2680148148441,37.85648130295828,10.5 -122.2679960853905,37.85627626657994,10.5 
						</coordinates>
					</LinearRing>
				</outerBoundaryIs>
			</Polygon>
		</Placemark>
		<Placemark>
			<name>2099 M L KING JR Way</name>
			<description><![CDATA[<b>2099 M L KING JR Way</b><br/><b>Units:</b> 0<br/><b>VLI Units:</b> 0<br/><b>Stories:</b> 3<br/><b>Height:</b> 10.5m<br/><b>Status:</b> Application Submitted<br/><i>(height estimated from units)</i>]]></description>
			<styleUrl>#style_Application_Submitted_parcel4</styleUrl>
			<Polygon>
				<extrude>1</extrude>
				<altitudeMode>relativeToGround</altitudeMode>
				<outerBoundaryIs>
					<LinearRing>
						<coordinates>
							-122.2724593419027,37.87072941316434,10.5 -122.2727754389462,37.87068964799388,10.5 -122.2728190673195,37.87106530189369,10.5 -122.2725081437602,37.87110430329983,10.5 -122.2724593419027,37.87072941316434,10.5 
						</coordinates>
					</LinearRing>
				</outerBoundaryIs>
			</Polygon>
		</Placemark>
		<Placemark>
			<name>1507 JOSEPHINE St</name>
			<description><![CDATA[<b>1507 JOSEPHINE St</b><br/><b>Units:</b> 0<br/><b>VLI Units:</b> 0<br/><b>Stories:</b> 3<br/><b>Height:</b> 10.5m<br/><b>Status:</b> In Review<br/><i>(height estimated from units)</i>]]></description>
			<styleUrl>#style_In_Review_parcel5</styleUrl>
			<Polygon>
				<extrude>1</extrude>
				<altitudeMode>relativeToGround</altitudeMode>
				<outerBoundaryIs>
					<LinearRing>
						<coordinates>
							-122.2745609017792,37.87913113776579,10.5 -122.2748838304272,37.87908508216814,10.5 -122.274895157545,37.87919684257528,10.5 -122.2745739226178,37.87924081944644,10.5 -122.2745609017792,37.87913113776579,10.5 
						</coordinates>
					</LinearRing>
				</outerBoundaryIs>
			</Polygon>
		</Placemark>
		<Placemark>
			<name>1338 SEVENTH St</name>
			<description><![CDATA[<b>1338 SEVENTH St</b><br/><b>Units:</b> 0<br/><b>VLI Units:</b> 0<br/><b>Stories:</b> 3<br/><b>Height:</b> 10.5m<br/><b>Status:</b> Application Submitted<br/><i>(height estimated from units)</i>]]></description>
			<styleUrl>#style_Application_Submitted_parcel4</styleUrl>
			<Polygon>
				<extrude>1</extrude>
				<altitudeMode>relativeToGround</altitudeMode>
				<outerBoundaryIs>
					<LinearRing>
						<coordinates>
							-122.2999374712929,37.87816806786761,10.5 -122.3003254464991,37.87809006201326,10.5 -122.3004374750304,37.87842277636735,10.5 -122.3000443537901,37.87850224452324,10.5 -122.2999374712929,37.87816806786761,10.5 
						</coordinates>
					</LinearRing>
				</outerBoundaryIs>
			</Polygon>
		</Placemark>
		<Placemark>
			<name>2238 SEVENTH St</name>
			<description><![CDATA[<b>2238 SEVENTH St</b><br/><b>Units:</b> 0<br/><b>VLI Units:</b> 0<br/><b>Stories:</b> 3<br/><b>Height:</b> 10.5m<br/><b>Status:</b> Application Submitted<br/><i>(height estimated from units)</i>]]></description>
			<styleUrl>#style_Application_Submitted_parcel4</styleUrl>
			<Polygon>
				<extrude>1</extrude>
				<altitudeMode>relativeToGround</altitudeMode>
				<outerBoundaryIs>
					<LinearRing>
						<coordinates>
							-122.2953972903953,37.86404590457778,10.5 -122.2955696994493,37.86401169742307,10.5 -122.295736952491,37.86397894000046,10.5 -122.2958213849067,37.8639604799748,10.5 -122.2958627231084,37.86409376269392,10.5 -122.2954384983382,37.86417368786754,10.5 -122.2953972903953,37.86404590457778,10.5 
						</coordinates>
					</LinearRing>
				</outerBoundaryIs>
			</Polygon>
		</Placemark>
		<Placemark>
			<name>703 SANTA BARBARA Rd</name>
			<description><![CDATA[<b>703 SANTA BARBARA Rd</b><br/><b>Units:</b> 0<br/><b>VLI Units:</b> 0<br/><b>Stories:</b> 3<br/><b>Height:</b> 10.5m<br/><b>Status:</b> In Review<br/><i>(height estimated from units)</i>]]></description>
			<styleUrl>#style_In_Review_parcel5</styleUrl>
			<Polygon>
				<extrude>1</extrude>
				<altitudeMode>relativeToGround</altitudeMode>
				<outerBoundaryIs>
					<LinearRing>
						<coordinates>
							-122.2712529140685,37.89791309680641,10.5 -122.2715447356929,37.89772262700021,10.5 -122.2716779863264,37.89778655524334,10.5 -122.2717451352688,37.89784047476088,10.5 -122.2717630105123,37.89786355647407,10.5 -122.2713292502223,37.89798886387032,10.5 -122.2712529140685,37.89791309680641,10.5 
						</coordinates>
					</LinearRing>
				</outerBoundaryIs>
			</Polygon>
		</Placemark>
		<Placemark>
			<name>385 VERMONT Ave</name>
			<description><![CDATA[<b>385 VERMONT Ave</b><br/><b>Units:</b> 0<br/><b>VLI Units:</b> 0<br/><b>Stories:</b> 3<br/><b>Height:</b> 10.5m<br/><b>Status:</b> In Review<br/><i>(height estimated from units)</i>]]></description>
			<styleUrl>#style_In_Review_parcel5</styleUrl>
			<Polygon>
				<extrude>1</extrude>
				<altitudeMode>relativeToGround</altitudeMode>
				<outerBoundaryIs>
					<LinearRing>
						<coordinates>
							-122.2745774010706,37.90321182490683,10.5 -122.274725258592,37.90316153129197,10.5 -122.2747688108056,37.90324327960526,10.5 -122.2748450038912,37.90338566390554,10.5 -122.2747006272903,37.90343589439705,10.5 -122.2745774010706,37.90321182490683,10.5 
						</coordinates>
					</LinearRing>
				</outerBoundaryIs>
			</Polygon>
		</Placemark>
		<Placemark>
			<name>1246 ROSE St</name>
			<description><![CDATA[<b>1246 ROSE St</b><br/><b>Units:</b> 0<br/><b>VLI Units:</b> 0<br/><b>Stories:</b> 3<br/><b>Height:</b> 10.5m<br/><b>Status:</b> In Review<br/><i>(height estimated from units)</i>]]></description>
			<styleUrl>#style_In_Review_parcel5</styleUrl>
			<Polygon>
				<extrude>1</extrude>
				<altitudeMode>relativeToGround</altitudeMode>
				<outerBoundaryIs>
					<LinearRing>
						<coordinates>
							-122.2893477272479,37.87639395136431,10.5 -122.2893121227247,37.87628256750398,10.5 -122.2893064345065,37.87626204409984,10.5 -122.2893875867471,37.87625051434158,10.5 -122.2894695109946,37.87623922442375,10.5 -122.2894733025259,37.87625040890446,10.5 -122.2895101241531,37.87635928365621,10.5 -122.2895152197925,37.87637012450193,10.5 -122.2895675955318,37.87653000887555,10.5 -122.2896163424329,37.87668309811826,10.5 -122.2894452987858,37.87670354547467,10.5 -122.2893477272479,37.87639395136431,10.5 
						</coordinates>
					</LinearRing>
				</outerBoundaryIs>
			</Polygon>
		</Placemark>
		<Placemark>
			<name>1512 CHANNING Way</name>
			<description><![CDATA[<b>1512 CHANNING Way</b><br/><b>Units:</b> 0<br/><b>VLI Units:</b> 0<br/><b>Stories:</b> 3<br/><b>Height:</b> 10.5m<br/><b>Status:</b> Application Submitted<br/><i>(height estimated from units)</i>]]></description>
			<styleUrl>#style_Application_Submitted_parcel4</styleUrl>
			<Polygon>
				<extrude>1</extrude>
				<altitudeMode>relativeToGround</altitudeMode>
				<outerBoundaryIs>
					<LinearRing>
						<coordinates>
							-122.280728665981,37.8638739556872,10.5 -122.2807283184426,37.86385953377377,10.5 -122.2808822125753,37.86384760153801,10.5 -122.2809009496127,37.86397848010414,10.5 -122.2807420906398,37.86400010698733,10.5 -122.280728665981,37.8638739556872,10.5 
						</coordinates>
					</LinearRing>
				</outerBoundaryIs>
			</Polygon>
		</Placemark>
		<Placemark>
			<name>1475 CATHERINE Dr</name>
			<description><![CDATA[<b>1475 CATHERINE Dr</b><br/><b>Units:</b> 0<br/><b>VLI Units:</b> 0<br/><b>Stories:</b> 3<br/><b>Height:</b> 10.5m<br/><b>Status:</b> In Review<br/><i>(height estimated from units)</i>]]></description>
			<styleUrl>#style_In_Review_parcel5</styleUrl>
			<Polygon>
				<extrude>1</extrude>
				<altitudeMode>relativeToGround</altitudeMode>
				<outerBoundaryIs>
					<LinearRing>
						<coordinates>
							-122.2839901854527,37.87811624028267,10.5 -122.2838871918732,37.87793993774438,10.5 -122.2840245507976,37.87788773311364,10.5 -122.2841530092581,37.87811377221383,10.5 -122.2840894629358,37.87813671211288,10.5 -122.2840173232828,37.87816321028743,10.5 -122.2839901854527,37.87811624028267,10.5 
						</coordinates>
					</LinearRing>
				</outerBoundaryIs>
			</Polygon>
		</Placemark>
		<Placemark>
			<name>1187 SHATTUCK Ave</name>
			<description><![CDATA[<b>1187 SHATTUCK Ave</b><br/><b>Units:</b> 0<br/><b>VLI Units:</b> 0<br/><b>Stories:</b> 3<br/><b>Height:</b> 10.5m<br/><b>Status:</b> Decision Pending<br/><i>(height estimated from units)</i>]]></description>
			<styleUrl>#style_Decision_Pending_parcel</styleUrl>
			<Polygon>
				<extrude>1</extrude>
				<altitudeMode>relativeToGround</altitudeMode>
				<outerBoundaryIs>
					<LinearRing>
						<coordinates>
							-122.2695235739901,37.88601668654317,10.5 -122.269928260242,37.88598315540745,10.5 -122.2699397118868,37.88609971717542,10.5 -122.2695401635072,37.88613111533204,10.5 -122.2695235739901,37.88601668654317,10.5 
						</coordinates>
					</LinearRing>
				</outerBoundaryIs>
			</Polygon>
		</Placemark>
		<Placemark>
			<name>2016 DELAWARE St A</name>
			<description><![CDATA[<b>2016 DELAWARE St A</b><br/><b>Units:</b> 0<br/><b>VLI Units:</b> 0<br/><b>Stories:</b> 3<br/><b>Height:</b> 10.5m<br/><b>Status:</b> Application Submitted<br/><i>(height estimated from units)</i>]]></description>
			<styleUrl>#style_Application_Submitted_parcel4</styleUrl>
			<Polygon>
				<extrude>1</extrude>
				<altitudeMode>relativeToGround</altitudeMode>
				<outerBoundaryIs>
					<LinearRing>
						<coordinates>
							-122.2702193052628,37.874146374614,10.5 -122.2703574797825,37.87412850492201,10.5 -122.2704318666464,37.87448653064781,10.5 -122.2702919527332,37.87450442299006,10.5 -122.2702193052628,37.874146374614,10.5 
						</coordinates>
					</LinearRing>
				</outerBoundaryIs>
			</Polygon>
		</Placemark>
		<Placemark>
			<name>1123 BLAKE St</name>
			<description><![CDATA[<b>1123 BLAKE St</b><br/><b>Units:</b> 0<br/><b>VLI Units:</b> 0<br/><b>Stories:</b> 3<br/><b>Height:</b> 10.5m<br/><b>Status:</b> In Review<br/><i>(height estimated from units)</i>]]></description>
			<styleUrl>#style_In_Review_parcel5</styleUrl>
			<Polygon>
				<extrude>1</extrude>
				<altitudeMode>relativeToGround</altitudeMode>
				<outerBoundaryIs>
					<LinearRing>
						<coordinates>
							-122.2881991768348,37.86083937795011,10.5 -122.2881173135438,37.86084986980362,10.5 -122.2880623931225,37.86085690852195,10.5 -122.287990669838,37.86050514318767,10.5 -122.2881274517778,37.86048761268489,10.5 -122.2881991768348,37.86083937795011,10.5 
						</coordinates>
					</LinearRing>
				</outerBoundaryIs>
			</Polygon>
		</Placemark>
		<Placemark>
			<name>830 BANCROFT Way</name>
			<description><![CDATA[<b>830 BANCROFT Way</b><br/><b>Units:</b> 0<br/><b>VLI Units:</b> 0<br/><b>Stories:</b> 3<br/><b>Height:</b> 10.5m<br/><b>Status:</b> Decision Pending<br/><i>(height estimated from units)</i>]]></description>
			<styleUrl>#style_Decision_Pending_parcel</styleUrl>
			<Polygon>
				<extrude>1</extrude>
				<altitudeMode>relativeToGround</altitudeMode>
				<outerBoundaryIs>
					<LinearRing>
						<coordinates>
							-122.295591700343,37.86327453181551,10.5 -122.2955504335263,37.86314399836062,10.5 -122.295943441451,37.86306247736043,10.5 -122.2960691818365,37.86346228794463,10.5 -122.2957554360562,37.86352542839894,10.5 -122.2956744311917,37.86325679446211,10.5 -122.295591700343,37.86327453181551,10.5 
						</coordinates>
					</LinearRing>
				</outerBoundaryIs>
			</Polygon>
		</Placemark>
		<Placemark>
			<name>2740 SHASTA Rd</name>
			<description><![CDATA[<b>2740 SHASTA Rd</b><br/><b>Units:</b> 0<br/><b>VLI Units:</b> 0<br/><b>Stories:</b> 3<br/><b>Height:</b> 10.5m<br/><b>Status:</b> In Review<br/><i>(height estimated from units)</i>]]></description>
			<styleUrl>#style_In_Review_parcel5</styleUrl>
			<Polygon>
				<extrude>1</extrude>
				<altitudeMode>relativeToGround</altitudeMode>
				<outerBoundaryIs>
					<LinearRing>
						<coordinates>
							-122.2579708371979,37.88654290907646,10.5 -122.2579067509549,37.88625133656897,10.5 -122.2579752006197,37.88621338127207,10.5 -122.2583240855227,37.88601988672094,10.5 -122.2583538195581,37.88605009238004,10.5 -122.2584307602861,37.88612825196846,10.5 -122.2584307659085,37.88612825831292,10.5 -122.2584859767301,37.88618433459213,10.5 -122.2585260406167,37.88622504129849,10.5 -122.2585374466151,37.88623662890824,10.5 -122.2585909013661,37.88629092845228,10.5 -122.258693761313,37.88677454261325,10.5 -122.2585895934608,37.88676648249412,10.5 -122.2584973632489,37.88675000553771,10.5 -122.2583682100211,37.88671141170391,10.5 -122.2583000149726,37.88668495913674,10.5 -122.2582122475448,37.88663819793578,10.5 -122.2581054890759,37.88659378471049,10.5 -122.2579747581975,37.88656139128314,10.5 -122.2579708371979,37.88654290907646,10.5 
						</coordinates>
					</LinearRing>
				</outerBoundaryIs>
			</Polygon>
		</Placemark>
		<Placemark>
			<name>2143 BLAKE St</name>
			<description><![CDATA[<b>2143 BLAKE St</b><br/><b>Units:</b> 0<br/><b>VLI Units:</b> 0<br/><b>Stories:</b> 3<br/><b>Height:</b> 10.5m<br/><b>Status:</b> Application Submitted<br/><i>(height estimated from units)</i>]]></description>
			<styleUrl>#style_Application_Submitted_parcel4</styleUrl>
			<Polygon>
				<extrude>1</extrude>
				<altitudeMode>relativeToGround</altitudeMode>
				<outerBoundaryIs>
					<LinearRing>
						<coordinates>
							-122.2653979201759,37.86339077239495,10.5 -122.2655101559326,37.86337536289597,10.5 -122.2655632483527,37.86364100125797,10.5 -122.2654492678771,37.86365576180536,10.5 -122.2653979201759,37.86339077239495,10.5 
						</coordinates>
					</LinearRing>
				</outerBoundaryIs>
			</Polygon>
		</Placemark>
		<Placemark>
			<name>411 VASSAR Ave</name>
			<description><![CDATA[<b>411 VASSAR Ave</b><br/><b>Units:</b> 0<br/><b>VLI Units:</b> 0<br/><b>Stories:</b> 3<br/><b>Height:</b> 10.5m<br/><b>Status:</b> Application Submitted<br/><i>(height estimated from units)</i>]]></description>
			<styleUrl>#style_Application_Submitted_parcel4</styleUrl>
			<Polygon>
				<extrude>1</extrude>
				<altitudeMode>relativeToGround</altitudeMode>
				<outerBoundaryIs>
					<LinearRing>
						<coordinates>
							-122.2721223724031,37.9044153763826,10.5 -122.272293347219,37.9041717856449,10.5 -122.2724424290066,37.90424507791309,10.5 -122.2722783108293,37.90448513585587,10.5 -122.2721223724031,37.9044153763826,10.5 
						</coordinates>
					</LinearRing>
				</outerBoundaryIs>
			</Polygon>
		</Placemark>
		<Placemark>
			<name>1048 Keith St</name>
			<description><![CDATA[<b>1048 Keith St</b><br/><b>Units:</b> 0<br/><b>VLI Units:</b> 0<br/><b>Stories:</b> 3<br/><b>Height:</b> 10.5m<br/><b>Status:</b> Entitled<br/><i>(height estimated from units)</i>]]></description>
			<styleUrl>#style_Entitled_synthetic</styleUrl>
			<Polygon>
				<extrude>1</extrude>
				<altitudeMode>relativeToGround</altitudeMode>
				<outerBoundaryIs>
					<LinearRing>
						<coordinates>
							-122.2638953026801,37.8891697231143,10.5 -122.2639501342187,37.88956364621551,10.5 -122.2643440573199,37.8894756568857,10.5 -122.2642892257813,37.88908173378449,10.5 -122.2638953026801,37.8891697231143,10.5 
						</coordinates>
					</LinearRing>
				</outerBoundaryIs>
			</Polygon>
		</Placemark>
		<Placemark>
			<name>811 Cedar</name>
			<description><![CDATA[<b>811 Cedar</b><br/><b>Units:</b> 0<br/><b>VLI Units:</b> 0<br/><b>Stories:</b> 2<br/><b>Height:</b> 7.0m<br/><b>Status:</b> Entitled]]></description>
			<styleUrl>#style_Entitled_synthetic</styleUrl>
			<Polygon>
				<extrude>1</extrude>
				<altitudeMode>relativeToGround</altitudeMode>
				<outerBoundaryIs>
					<LinearRing>
						<coordinates>
							-122.2999636626801,37.8739986131143,7 -122.3000184942187,37.87439253621551,7 -122.3004124173199,37.8743045468857,7 -122.3003575857813,37.8739106237845,7 -122.2999636626801,37.8739986131143,7 
						</coordinates>
					</LinearRing>
				</outerBoundaryIs>
			</Polygon>
		</Placemark>
		<Placemark>
			<name>1627 Jaynes St</name>
			<description><![CDATA[<b>1627 Jaynes St</b><br/><b>Units:</b> 0<br/><b>VLI Units:</b> 0<br/><b>Stories:</b> 3<br/><b>Height:</b> 10.5m<br/><b>Status:</b> Entitled]]></description>
			<styleUrl>#style_Entitled_parcel6</styleUrl>
			<Polygon>
				<extrude>1</extrude>
				<altitudeMode>relativeToGround</altitudeMode>
				<outerBoundaryIs>
					<LinearRing>
						<coordinates>
							-122.2795374438006,37.87834412351837,10.5 -122.2794761352652,37.8782441051763,10.5 -122.2793714043297,37.87806783046049,10.5 -122.2794992503154,37.87805216981601,10.5 -122.2796828783408,37.87841198209196,10.5 -122.2796536881283,37.87842272172306,10.5 -122.2795970204728,37.87844416637996,10.5 -122.2795374438006,37.87834412351837,10.5 
						</coordinates>
					</LinearRing>
				</outerBoundaryIs>
			</Polygon>
		</Placemark>
		<Placemark>
			<name>2705 BENVENUE Ave</name>
			<description><![CDATA[<b>2705 BENVENUE Ave</b><br/><b>Units:</b> -1<br/><b>VLI Units:</b> 0<br/><b>Stories:</b> 3<br/><b>Height:</b> 10.5m<br/><b>Status:</b> In Review<br/><i>(height estimated from units)</i>]]></description>
			<styleUrl>#style_In_Review_parcel5</styleUrl>
			<Polygon>
				<extrude>1</extrude>
				<altitudeMode>relativeToGround</altitudeMode>
				<outerBoundaryIs>
					<LinearRing>
						<coordinates>
							-122.2542656457475,37.86140259788645,10.5 -122.254625398627,37.86137871225898,10.5 -122.2546406536107,37.86151101218565,10.5 -122.2542773723538,37.86153220588187,10.5 -122.2542656457475,37.86140259788645,10.5 
						</coordinates>
					</LinearRing>
				</outerBoundaryIs>
			</Polygon>
		</Placemark>
	</Folder>
</Document>
</kml>
