<?xml version="1.0" encoding="UTF-8"?>
<kml xmlns="http://www.opengis.net/kml/2.2" xmlns:gx="http://www.google.com/kml/ext/2.2" xmlns:kml="http://www.opengis.net/kml/2.2" xmlns:atom="http://www.w3.org/2005/Atom">
<Document>
	<name>default_my_places</name>
	<open>1</open>
	<atom:link rel="app" href="https://www.google.com/earth/about/versions/#earth-pro" title="Google Earth Pro 7.3.7.1155"></atom:link>
	<StyleMap id="m_ylw-pushpin">
		<Pair>
			<key>normal</key>
			<styleUrl>#s_ylw-pushpin0</styleUrl>
		</Pair>
		<Pair>
			<key>highlight</key>
			<styleUrl>#s_ylw-pushpin_hl</styleUrl>
		</Pair>
	</StyleMap>
	<StyleMap id="m_ylw-pushpin0">
		<Pair>
			<key>normal</key>
			<styleUrl>#s_ylw-pushpin01</styleUrl>
		</Pair>
		<Pair>
			<key>highlight</key>
			<styleUrl>#s_ylw-pushpin_hl00</styleUrl>
		</Pair>
	</StyleMap>
	<StyleMap id="m_ylw-pushpin1">
		<Pair>
			<key>normal</key>
			<styleUrl>#s_ylw-pushpin1</styleUrl>
		</Pair>
		<Pair>
			<key>highlight</key>
			<styleUrl>#s_ylw-pushpin_hl2</styleUrl>
		</Pair>
	</StyleMap>
	<StyleMap id="m_ylw-pushpin2">
		<Pair>
			<key>normal</key>
			<styleUrl>#s_ylw-pushpin</styleUrl>
		</Pair>
		<Pair>
			<key>highlight</key>
			<styleUrl>#s_ylw-pushpin_hl0</styleUrl>
		</Pair>
	</StyleMap>
	<StyleMap id="m_ylw-pushpin3">
		<Pair>
			<key>normal</key>
			<styleUrl>#s_ylw-pushpin00</styleUrl>
		</Pair>
		<Pair>
			<key>highlight</key>
			<styleUrl>#s_ylw-pushpin_hl1</styleUrl>
		</Pair>
	</StyleMap>
	<StyleMap id="msn_ylw-pushpin">
		<Pair>
			<key>normal</key>
			<styleUrl>#sn_ylw-pushpin</styleUrl>
		</Pair>
		<Pair>
			<key>highlight</key>
			<styleUrl>#sh_ylw-pushpin0</styleUrl>
		</Pair>
	</StyleMap>
	<StyleMap id="msn_ylw-pushpin0">
		<Pair>
			<key>normal</key>
			<styleUrl>#sn_ylw-pushpin0</styleUrl>
		</Pair>
		<Pair>
			<key>highlight</key>
			<styleUrl>#sh_ylw-pushpin</styleUrl>
		</Pair>
	</StyleMap>
	<Style id="s_ylw-pushpin">
		<IconStyle>
			<scale>1.1</scale>
			<Icon>
				<href>http://maps.google.com/mapfiles/kml/pushpin/ylw-pushpin.png</href>
			</Icon>
			<hotSpot x="20" y="2" xunits="pixels" yunits="pixels"/>
		</IconStyle>
	</Style>
	<Style id="s_ylw-pushpin0">
		<IconStyle>
			<scale>1.1</scale>
			<Icon>
				<href>http://maps.google.com/mapfiles/kml/pushpin/ylw-pushpin.png</href>
			</Icon>
			<hotSpot x="20" y="2" xunits="pixels" yunits="pixels"/>
		</IconStyle>
	</Style>
	<Style id="s_ylw-pushpin00">
		<IconStyle>
			<scale>1.1</scale>
			<Icon>
				<href>http://maps.google.com/mapfiles/kml/pushpin/ylw-pushpin.png</href>
			</Icon>
			<hotSpot x="20" y="2" xunits="pixels" yunits="pixels"/>
		</IconStyle>
	</Style>
	<Style id="s_ylw-pushpin01">
		<IconStyle>
			<scale>1.1</scale>
			<Icon>
				<href>http://maps.google.com/mapfiles/kml/pushpin/ylw-pushpin.png</href>
			</Icon>
			<hotSpot x="20" y="2" xunits="pixels" yunits="pixels"/>
		</IconStyle>
	</Style>
	<Style id="s_ylw-pushpin1">
		<IconStyle>
			<scale>1.1</scale>
			<Icon>
				<href>http://maps.google.com/mapfiles/kml/pushpin/ylw-pushpin.png</href>
			</Icon>
			<hotSpot x="20" y="2" xunits="pixels" yunits="pixels"/>
		</IconStyle>
	</Style>
	<Style id="s_ylw-pushpin_hl">
		<IconStyle>
			<scale>1.3</scale>
			<Icon>
				<href>http://maps.google.com/mapfiles/kml/pushpin/ylw-pushpin.png</href>
			</Icon>
			<hotSpot x="20" y="2" xunits="pixels" yunits="pixels"/>
		</IconStyle>
	</Style>
	<Style id="s_ylw-pushpin_hl0">
		<IconStyle>
			<scale>1.3</scale>
			<Icon>
				<href>http://maps.google.com/mapfiles/kml/pushpin/ylw-pushpin.png</href>
			</Icon>
			<hotSpot x="20" y="2" xunits="pixels" yunits="pixels"/>
		</IconStyle>
	</Style>
	<Style id="s_ylw-pushpin_hl00">
		<IconStyle>
			<scale>1.3</scale>
			<Icon>
				<href>http://maps.google.com/mapfiles/kml/pushpin/ylw-pushpin.png</href>
			</Icon>
			<hotSpot x="20" y="2" xunits="pixels" yunits="pixels"/>
		</IconStyle>
	</Style>
	<Style id="s_ylw-pushpin_hl1">
		<IconStyle>
			<scale>1.3</scale>
			<Icon>
				<href>http://maps.google.com/mapfiles/kml/pushpin/ylw-pushpin.png</href>
			</Icon>
			<hotSpot x="20" y="2" xunits="pixels" yunits="pixels"/>
		</IconStyle>
	</Style>
	<Style id="s_ylw-pushpin_hl2">
		<IconStyle>
			<scale>1.3</scale>
			<Icon>
				<href>http://maps.google.com/mapfiles/kml/pushpin/ylw-pushpin.png</href>
			</Icon>
			<hotSpot x="20" y="2" xunits="pixels" yunits="pixels"/>
		</IconStyle>
	</Style>
	<Style id="sh_ylw-pushpin">
		<IconStyle>
			<scale>1.3</scale>
			<Icon>
				<href>http://maps.google.com/mapfiles/kml/pushpin/ylw-pushpin.png</href>
			</Icon>
			<hotSpot x="20" y="2" xunits="pixels" yunits="pixels"/>
		</IconStyle>
	</Style>
	<Style id="sh_ylw-pushpin0">
		<IconStyle>
			<scale>1.3</scale>
			<Icon>
				<href>http://maps.google.com/mapfiles/kml/pushpin/ylw-pushpin.png</href>
			</Icon>
			<hotSpot x="20" y="2" xunits="pixels" yunits="pixels"/>
		</IconStyle>
		<LabelStyle>
			<color>ff1a8efd</color>
		</LabelStyle>
	</Style>
	<Style id="sn_noicon">
		<IconStyle>
			<Icon>
			</Icon>
		</IconStyle>
		<LabelStyle>
			<color>00ffffff</color>
		</LabelStyle>
	</Style>
	<Style id="sn_ylw-pushpin">
		<IconStyle>
			<scale>1.1</scale>
			<Icon>
				<href>http://maps.google.com/mapfiles/kml/pushpin/ylw-pushpin.png</href>
			</Icon>
			<hotSpot x="20" y="2" xunits="pixels" yunits="pixels"/>
		</IconStyle>
		<LabelStyle>
			<color>ff1a8efd</color>
		</LabelStyle>
	</Style>
	<Style id="sn_ylw-pushpin0">
		<IconStyle>
			<scale>1.1</scale>
			<Icon>
				<href>http://maps.google.com/mapfiles/kml/pushpin/ylw-pushpin.png</href>
			</Icon>
			<hotSpot x="20" y="2" xunits="pixels" yunits="pixels"/>
		</IconStyle>
	</Style>
	<Folder>
		<name>My Places</name>
		<open>1</open>
		<Style>
			<ListStyle>
				<listItemType>check</listItemType>
				<ItemIcon>
					<state>open</state>
					<href>:/mysavedplaces_open.png</href>
				</ItemIcon>
				<ItemIcon>
					<state>closed</state>
					<href>:/mysavedplaces_closed.png</href>
				</ItemIcon>
				<bgColor>00ffffff</bgColor>
				<maxSnippetLines>2</maxSnippetLines>
			</ListStyle>
		</Style>
		<Folder>
			<name>Berkeley</name>
			<Placemark>
				<name>Santa Barbara Road</name>
				<LookAt>
					<longitude>-122.2697729060052</longitude>
					<latitude>37.89577131336027</latitude>
					<altitude>5.232520406913496</altitude>
					<heading>17.44849759406664</heading>
					<tilt>57.82280799399916</tilt>
					<range>122.002669821014</range>
					<gx:altitudeMode>relativeToSeaFloor</gx:altitudeMode>
				</LookAt>
				<styleUrl>#m_ylw-pushpin0</styleUrl>
				<Point>
					<gx:drawOrder>1</gx:drawOrder>
					<coordinates>-122.2697729060052,37.89577131336027,0</coordinates>
				</Point>
			</Placemark>
			<Placemark>
				<name>2811 Benvenue</name>
				<LookAt>
					<longitude>-122.2543636899762</longitude>
					<latitude>37.85954230872701</latitude>
					<altitude>0.9134232533089932</altitude>
					<heading>109.7895873124932</heading>
					<tilt>54.54702732241361</tilt>
					<range>72.47292820498899</range>
					<gx:altitudeMode>relativeToSeaFloor</gx:altitudeMode>
				</LookAt>
				<styleUrl>#m_ylw-pushpin0</styleUrl>
				<Point>
					<gx:drawOrder>1</gx:drawOrder>
					<coordinates>-122.2543636899762,37.85954230872701,0</coordinates>
				</Point>
			</Placemark>
			<Placemark>
				<name>Berkeley High School</name>
				<description>Linda Schacht, class of 1961</description>
				<LookAt>
					<longitude>-122.2708283000054</longitude>
					<latitude>37.86859427073703</latitude>
					<altitude>9.574777436623572</altitude>
					<heading>-140.7930895659685</heading>
					<tilt>50.59829904305375</tilt>
					<range>129.3242664060651</range>
					<gx:altitudeMode>relativeToSeaFloor</gx:altitudeMode>
				</LookAt>
				<styleUrl>#m_ylw-pushpin0</styleUrl>
				<Point>
					<gx:drawOrder>1</gx:drawOrder>
					<coordinates>-122.2708283000054,37.86859427073703,0</coordinates>
				</Point>
			</Placemark>
			<Placemark>
				<name>Alta Bates Hospital</name>
				<description>Linda Schacht Gage
Peter  Gage
Kate Gage
Susie Gage
Betsy Gage
Natalie Gage</description>
				<LookAt>
					<longitude>-122.2581908681207</longitude>
					<latitude>37.85515376956344</latitude>
					<altitude>8.338115167982817</altitude>
					<heading>45.54112428349867</heading>
					<tilt>71.52242674167685</tilt>
					<range>152.197675405186</range>
					<gx:altitudeMode>relativeToSeaFloor</gx:altitudeMode>
				</LookAt>
				<styleUrl>#m_ylw-pushpin0</styleUrl>
				<Point>
					<gx:drawOrder>1</gx:drawOrder>
					<coordinates>-122.2581908681207,37.85515376956344,0</coordinates>
				</Point>
			</Placemark>
			<Placemark>
				<name>Heart&apos;s Leap Preschool</name>
				<description>Susie Gage
Betsy Gage
Natalie Gage</description>
				<LookAt>
					<longitude>-122.253770221963</longitude>
					<latitude>37.86238306057783</latitude>
					<altitude>2.184534852631849</altitude>
					<heading>-50.6005708244147</heading>
					<tilt>54.82567640844643</tilt>
					<range>85.83855370813808</range>
					<gx:altitudeMode>relativeToSeaFloor</gx:altitudeMode>
				</LookAt>
				<styleUrl>#m_ylw-pushpin0</styleUrl>
				<Point>
					<gx:drawOrder>1</gx:drawOrder>
					<coordinates>-122.253770221963,37.86238306057783,0</coordinates>
				</Point>
			</Placemark>
			<Placemark>
				<name>Emerson Elementary</name>
				<description>Susie Gage</description>
				<LookAt>
					<longitude>-122.2507937777948</longitude>
					<latitude>37.8613414935125</latitude>
					<altitude>0</altitude>
					<heading>107.2933247371235</heading>
					<tilt>66.7661838170735</tilt>
					<range>146.5410237747281</range>
					<gx:altitudeMode>relativeToSeaFloor</gx:altitudeMode>
				</LookAt>
				<styleUrl>#m_ylw-pushpin0</styleUrl>
				<Point>
					<gx:drawOrder>1</gx:drawOrder>
					<coordinates>-122.2507937777948,37.8613414935125,0</coordinates>
				</Point>
			</Placemark>
			<Placemark>
				<name>2801 Russell</name>
				<description>Peter, Nancy, Susie, Betsy, Natalie
SoftDolly</description>
				<LookAt>
					<gx:TimeStamp><when>2020-12-31</when>
</gx:TimeStamp>
					<gx:ViewerOptions>
						<gx:option name="historicalimagery"></gx:option>
						<gx:option enabled="0" name="sunlight"></gx:option>
						<gx:option enabled="0" name="streetview"></gx:option>
					</gx:ViewerOptions>
					<longitude>-122.2509141428515</longitude>
					<latitude>37.85885715585235</latitude>
					<altitude>0</altitude>
					<heading>-96.91310374759112</heading>
					<tilt>29.75322761007945</tilt>
					<range>67.51076032005966</range>
					<gx:altitudeMode>relativeToSeaFloor</gx:altitudeMode>
				</LookAt>
				<styleUrl>#msn_ylw-pushpin</styleUrl>
				<Point>
					<gx:drawOrder>1</gx:drawOrder>
					<coordinates>-122.2509141428515,37.85885715585235,0</coordinates>
				</Point>
			</Placemark>
		</Folder>
		<Folder>
			<name>Sightseeing Tour</name>
			<description><![CDATA[Make sure 3D Buildings <br> layer is checked
    <]]></description>
			<Style id="sn_noicon">
				<IconStyle>
					<Icon>
					</Icon>
				</IconStyle>
				<LabelStyle>
					<color>00ffffff</color>
				</LabelStyle>
			</Style>
			<gx:Tour>
				<name>Start tour here</name>
				<gx:Playlist>
					<gx:FlyTo>
						<gx:duration>7</gx:duration>
						<LookAt>
							<longitude>2.291433408790398</longitude>
							<latitude>48.86046599047212</latitude>
							<altitude>0</altitude>
							<heading>-44.78443344916974</heading>
							<tilt>84.50456468378914</tilt>
							<range>1237.092264232066</range>
							<altitudeMode>relativeToGround</altitudeMode>
						</LookAt>
					</gx:FlyTo>
					<gx:Wait><gx:duration>4</gx:duration>
</gx:Wait>
					<gx:FlyTo>
						<gx:duration>5</gx:duration>
						<gx:flyToMode>smooth</gx:flyToMode>
						<LookAt>
							<longitude>2.292516819664192</longitude>
							<latitude>48.85698932280409</latitude>
							<altitude>0</altitude>
							<heading>-133.4483170172488</heading>
							<tilt>70.63136956830182</tilt>
							<range>969.7156365886258</range>
							<altitudeMode>relativeToGround</altitudeMode>
						</LookAt>
					</gx:FlyTo>
					<gx:FlyTo>
						<gx:duration>6</gx:duration>
						<gx:flyToMode>smooth</gx:flyToMode>
						<LookAt>
							<longitude>2.295838863036321</longitude>
							<latitude>48.85722765839494</latitude>
							<altitude>0</altitude>
							<heading>144.8330905543111</heading>
							<tilt>82.11044392463096</tilt>
							<range>1280.086026374546</range>
							<altitudeMode>relativeToGround</altitudeMode>
						</LookAt>
					</gx:FlyTo>
					<gx:Wait><gx:duration>0.6</gx:duration>
</gx:Wait>
					<gx:TourControl>
					</gx:TourControl>
					<gx:FlyTo>
						<gx:duration>7</gx:duration>
						<LookAt>
							<longitude>-43.20953574843956</longitude>
							<latitude>-22.950407157676</latitude>
							<altitude>0</altitude>
							<heading>-134.4620862063529</heading>
							<tilt>58.47824597790541</tilt>
							<range>518.7551361289096</range>
							<altitudeMode>relativeToGround</altitudeMode>
						</LookAt>
					</gx:FlyTo>
					<gx:Wait><gx:duration>3</gx:duration>
</gx:Wait>
					<gx:FlyTo>
						<gx:duration>6</gx:duration>
						<gx:flyToMode>smooth</gx:flyToMode>
						<LookAt>
							<longitude>-43.21454496440098</longitude>
							<latitude>-22.95360604377341</latitude>
							<altitude>0</altitude>
							<heading>-120.57288800332</heading>
							<tilt>65.17521407189773</tilt>
							<range>660</range>
							<altitudeMode>relativeToGround</altitudeMode>
						</LookAt>
					</gx:FlyTo>
					<gx:FlyTo>
						<gx:duration>6</gx:duration>
						<gx:flyToMode>smooth</gx:flyToMode>
						<LookAt>
							<longitude>-43.21660160057429</longitude>
							<latitude>-22.94806206144405</latitude>
							<altitude>0</altitude>
							<heading>-57.54538440420448</heading>
							<tilt>80.00485701436207</tilt>
							<range>1000</range>
							<altitudeMode>relativeToGround</altitudeMode>
						</LookAt>
					</gx:FlyTo>
					<gx:FlyTo>
						<gx:duration>6</gx:duration>
						<gx:flyToMode>smooth</gx:flyToMode>
						<LookAt>
							<longitude>-43.20919504667657</longitude>
							<latitude>-22.95016892675761</latitude>
							<altitude>0</altitude>
							<heading>43.40129179538381</heading>
							<tilt>66.44869267970699</tilt>
							<range>400</range>
							<altitudeMode>relativeToGround</altitudeMode>
						</LookAt>
					</gx:FlyTo>
					<gx:Wait><gx:duration>0.6</gx:duration>
</gx:Wait>
					<gx:TourControl>
					</gx:TourControl>
					<gx:FlyTo>
						<gx:duration>8</gx:duration>
						<LookAt>
							<longitude>-111.825259364926</longitude>
							<latitude>36.13629032059509</latitude>
							<altitude>0</altitude>
							<heading>-122.0385885563142</heading>
							<tilt>71.25665521441707</tilt>
							<range>2881.126209803783</range>
							<altitudeMode>relativeToGround</altitudeMode>
						</LookAt>
					</gx:FlyTo>
					<gx:Wait><gx:duration>5</gx:duration>
</gx:Wait>
					<gx:FlyTo>
						<gx:duration>10</gx:duration>
						<gx:flyToMode>smooth</gx:flyToMode>
						<LookAt>
							<longitude>-111.8178193912654</longitude>
							<latitude>36.12220415999125</latitude>
							<altitude>0</altitude>
							<heading>-20.55049931075685</heading>
							<tilt>70.46152747623586</tilt>
							<range>6923.518337176915</range>
							<altitudeMode>relativeToGround</altitudeMode>
						</LookAt>
					</gx:FlyTo>
					<gx:Wait><gx:duration>0.6</gx:duration>
</gx:Wait>
					<gx:TourControl>
					</gx:TourControl>
					<gx:FlyTo>
						<gx:duration>8</gx:duration>
						<LookAt>
							<longitude>151.2122001847845</longitude>
							<latitude>-33.85543600090152</latitude>
							<altitude>0</altitude>
							<heading>-136.7378847758026</heading>
							<tilt>68.87493344592141</tilt>
							<range>1332.179816629172</range>
							<altitudeMode>relativeToGround</altitudeMode>
						</LookAt>
					</gx:FlyTo>
					<gx:Wait><gx:duration>5</gx:duration>
</gx:Wait>
					<gx:FlyTo>
						<gx:duration>8</gx:duration>
						<gx:flyToMode>smooth</gx:flyToMode>
						<LookAt>
							<longitude>151.2102747218619</longitude>
							<latitude>-33.86562371282643</latitude>
							<altitude>0</altitude>
							<heading>-100.9504733403397</heading>
							<tilt>61.69903309250663</tilt>
							<range>1157.567447390761</range>
							<altitudeMode>relativeToGround</altitudeMode>
						</LookAt>
					</gx:FlyTo>
					<gx:FlyTo>
						<gx:duration>8</gx:duration>
						<gx:flyToMode>smooth</gx:flyToMode>
						<LookAt>
							<longitude>151.2084567507541</longitude>
							<latitude>-33.8719709424179</latitude>
							<altitude>0</altitude>
							<heading>-30.97913448260641</heading>
							<tilt>73.81737727550399</tilt>
							<range>1804.653308065182</range>
							<altitudeMode>relativeToGround</altitudeMode>
						</LookAt>
					</gx:FlyTo>
					<gx:Wait><gx:duration>1</gx:duration>
</gx:Wait>
					<gx:TourControl>
					</gx:TourControl>
					<gx:FlyTo>
						<gx:duration>7</gx:duration>
						<LookAt>
							<longitude>12.45863229278517</longitude>
							<latitude>41.90238356414683</latitude>
							<altitude>0</altitude>
							<heading>-88.09821473983064</heading>
							<tilt>72.55531058146758</tilt>
							<range>545.5229608700497</range>
							<altitudeMode>relativeToGround</altitudeMode>
						</LookAt>
					</gx:FlyTo>
					<gx:Wait><gx:duration>2</gx:duration>
</gx:Wait>
					<gx:FlyTo>
						<gx:duration>4</gx:duration>
						<gx:flyToMode>smooth</gx:flyToMode>
						<LookAt>
							<longitude>12.45576850829061</longitude>
							<latitude>41.90259432723413</latitude>
							<altitude>0</altitude>
							<heading>-45.63719485912762</heading>
							<tilt>67.45254428277359</tilt>
							<range>440.4364927688193</range>
							<altitudeMode>relativeToGround</altitudeMode>
						</LookAt>
					</gx:FlyTo>
					<gx:FlyTo>
						<gx:duration>5</gx:duration>
						<gx:flyToMode>smooth</gx:flyToMode>
						<LookAt>
							<longitude>12.45521415868397</longitude>
							<latitude>41.90223391472421</latitude>
							<altitude>0</altitude>
							<heading>62.2555896882265</heading>
							<tilt>56.44844484217481</tilt>
							<range>660</range>
							<altitudeMode>relativeToGround</altitudeMode>
						</LookAt>
					</gx:FlyTo>
					<gx:FlyTo>
						<gx:duration>5</gx:duration>
						<gx:flyToMode>smooth</gx:flyToMode>
						<LookAt>
							<longitude>12.45542893820797</longitude>
							<latitude>41.90247136879627</latitude>
							<altitude>0</altitude>
							<heading>143.1756044668531</heading>
							<tilt>54.3757116252694</tilt>
							<range>630.2289324677029</range>
							<altitudeMode>relativeToGround</altitudeMode>
						</LookAt>
					</gx:FlyTo>
					<gx:FlyTo>
						<gx:duration>4</gx:duration>
						<gx:flyToMode>smooth</gx:flyToMode>
						<LookAt>
							<longitude>12.45514725466031</longitude>
							<latitude>41.90208944848824</latitude>
							<altitude>0</altitude>
							<heading>-126.2904640924972</heading>
							<tilt>62.98553010498054</tilt>
							<range>973.0823093362777</range>
							<altitudeMode>relativeToGround</altitudeMode>
						</LookAt>
					</gx:FlyTo>
					<gx:Wait><gx:duration>0.6</gx:duration>
</gx:Wait>
					<gx:TourControl>
					</gx:TourControl>
					<gx:FlyTo>
						<gx:duration>9</gx:duration>
						<LookAt>
							<longitude>-0.120788371613878</longitude>
							<latitude>51.50501055442484</latitude>
							<altitude>0</altitude>
							<heading>-26.35029775803154</heading>
							<tilt>73.05226006937514</tilt>
							<range>454.4339921427415</range>
							<altitudeMode>relativeToGround</altitudeMode>
						</LookAt>
					</gx:FlyTo>
					<gx:Wait><gx:duration>4</gx:duration>
</gx:Wait>
					<gx:FlyTo>
						<gx:duration>3</gx:duration>
						<gx:flyToMode>smooth</gx:flyToMode>
						<LookAt>
							<longitude>-0.1218913821474976</longitude>
							<latitude>51.50305583632267</latitude>
							<altitude>0</altitude>
							<heading>-104.133103977011</heading>
							<tilt>62.33871582343829</tilt>
							<range>464.9005677104844</range>
							<altitudeMode>relativeToGround</altitudeMode>
						</LookAt>
					</gx:FlyTo>
					<gx:FlyTo>
						<gx:duration>3</gx:duration>
						<gx:flyToMode>smooth</gx:flyToMode>
						<LookAt>
							<longitude>-0.1210052471346601</longitude>
							<latitude>51.50193262427588</latitude>
							<altitude>0</altitude>
							<heading>-148.4647519019507</heading>
							<tilt>62.49820488326289</tilt>
							<range>467.9437060050972</range>
							<altitudeMode>relativeToGround</altitudeMode>
						</LookAt>
					</gx:FlyTo>
					<gx:Wait><gx:duration>0.6</gx:duration>
</gx:Wait>
					<gx:TourControl>
					</gx:TourControl>
					<gx:FlyTo>
						<gx:duration>10</gx:duration>
						<LookAt>
							<longitude>-49.94775814514536</longitude>
							<latitude>41.72923316238139</latitude>
							<altitude>0</altitude>
							<heading>-22.16745101595302</heading>
							<tilt>58.51118653734172</tilt>
							<range>15751.03428612136</range>
							<altitudeMode>relativeToGround</altitudeMode>
						</LookAt>
					</gx:FlyTo>
					<gx:Wait><gx:duration>3</gx:duration>
</gx:Wait>
					<gx:FlyTo>
						<gx:duration>3</gx:duration>
						<gx:flyToMode>smooth</gx:flyToMode>
						<LookAt>
							<longitude>-49.95064833173971</longitude>
							<latitude>41.73675356498745</latitude>
							<altitude>0</altitude>
							<heading>-22.0614952772804</heading>
							<tilt>58.41962787655594</tilt>
							<range>3785.050923503806</range>
							<gx:altitudeMode>relativeToSeaFloor</gx:altitudeMode>
						</LookAt>
					</gx:FlyTo>
					<gx:FlyTo>
						<gx:duration>3</gx:duration>
						<gx:flyToMode>smooth</gx:flyToMode>
						<LookAt>
							<longitude>-49.94963603456613</longitude>
							<latitude>41.73044100800762</latitude>
							<altitude>0</altitude>
							<heading>-21.98561736233518</heading>
							<tilt>59.14449309551124</tilt>
							<range>1298.527712044066</range>
							<gx:altitudeMode>relativeToSeaFloor</gx:altitudeMode>
						</LookAt>
					</gx:FlyTo>
					<gx:FlyTo>
						<gx:duration>3</gx:duration>
						<gx:flyToMode>smooth</gx:flyToMode>
						<LookAt>
							<longitude>-49.9476723120594</longitude>
							<latitude>41.73049451623312</latitude>
							<altitude>0</altitude>
							<heading>39.17295296812819</heading>
							<tilt>67.43152193490242</tilt>
							<range>877.6242516424816</range>
							<gx:altitudeMode>relativeToSeaFloor</gx:altitudeMode>
						</LookAt>
					</gx:FlyTo>
					<gx:FlyTo>
						<gx:duration>3</gx:duration>
						<gx:flyToMode>smooth</gx:flyToMode>
						<LookAt>
							<longitude>-49.94932550499109</longitude>
							<latitude>41.73351808554008</latitude>
							<altitude>0</altitude>
							<heading>62.89000376535781</heading>
							<tilt>76.83720128724194</tilt>
							<range>184.8131750740089</range>
							<gx:altitudeMode>relativeToSeaFloor</gx:altitudeMode>
						</LookAt>
					</gx:FlyTo>
					<gx:FlyTo>
						<gx:duration>3</gx:duration>
						<gx:flyToMode>smooth</gx:flyToMode>
						<LookAt>
							<longitude>-49.94863305687194</longitude>
							<latitude>41.7346904804198</latitude>
							<altitude>0</altitude>
							<heading>162.2375295003862</heading>
							<tilt>70.14149365018284</tilt>
							<range>231.5863465484218</range>
							<gx:altitudeMode>relativeToSeaFloor</gx:altitudeMode>
						</LookAt>
					</gx:FlyTo>
					<gx:Wait><gx:duration>0.6</gx:duration>
</gx:Wait>
					<gx:TourControl>
					</gx:TourControl>
					<gx:FlyTo>
						<gx:duration>14</gx:duration>
						<LookAt>
							<longitude>116.3908088768237</longitude>
							<latitude>39.91379916102216</latitude>
							<altitude>0</altitude>
							<heading>-1.138855209962087</heading>
							<tilt>63.78082439241467</tilt>
							<range>804.0076519351231</range>
							<altitudeMode>relativeToGround</altitudeMode>
						</LookAt>
					</gx:FlyTo>
					<gx:Wait><gx:duration>4</gx:duration>
</gx:Wait>
					<gx:FlyTo>
						<gx:duration>4</gx:duration>
						<gx:flyToMode>smooth</gx:flyToMode>
						<LookAt>
							<longitude>116.3902022277641</longitude>
							<latitude>39.91548590997697</latitude>
							<altitude>0</altitude>
							<heading>36.54261588920597</heading>
							<tilt>53.23349045734695</tilt>
							<range>1284.830404072757</range>
							<altitudeMode>relativeToGround</altitudeMode>
						</LookAt>
					</gx:FlyTo>
					<gx:FlyTo>
						<gx:duration>5</gx:duration>
						<gx:flyToMode>smooth</gx:flyToMode>
						<LookAt>
							<longitude>116.3894381947359</longitude>
							<latitude>39.91647028464102</latitude>
							<altitude>0</altitude>
							<heading>109.9844905127141</heading>
							<tilt>77.81184480203503</tilt>
							<range>434.044223900926</range>
							<altitudeMode>relativeToGround</altitudeMode>
						</LookAt>
					</gx:FlyTo>
					<gx:Wait><gx:duration>0.6</gx:duration>
</gx:Wait>
					<gx:TourControl>
					</gx:TourControl>
					<gx:FlyTo>
						<gx:duration>13</gx:duration>
						<LookAt>
							<longitude>138.7818265722904</longitude>
							<latitude>35.34063009043844</latitude>
							<altitude>0</altitude>
							<heading>-62.46343745766319</heading>
							<tilt>67.6064862659656</tilt>
							<range>7131.323646428426</range>
							<altitudeMode>relativeToGround</altitudeMode>
						</LookAt>
					</gx:FlyTo>
					<gx:Wait><gx:duration>2</gx:duration>
</gx:Wait>
					<gx:FlyTo>
						<gx:duration>5</gx:duration>
						<gx:flyToMode>smooth</gx:flyToMode>
						<LookAt>
							<longitude>138.732831233965</longitude>
							<latitude>35.34631761100981</latitude>
							<altitude>0</altitude>
							<heading>8.54680114884243</heading>
							<tilt>63.6005664023261</tilt>
							<range>4599.456156339281</range>
							<altitudeMode>relativeToGround</altitudeMode>
						</LookAt>
					</gx:FlyTo>
					<gx:FlyTo>
						<gx:duration>5</gx:duration>
						<gx:flyToMode>smooth</gx:flyToMode>
						<LookAt>
							<longitude>138.7117696613163</longitude>
							<latitude>35.35924486897797</latitude>
							<altitude>0</altitude>
							<heading>77.97081549606358</heading>
							<tilt>65.19409798035845</tilt>
							<range>8748.160445429821</range>
							<altitudeMode>relativeToGround</altitudeMode>
						</LookAt>
					</gx:FlyTo>
					<gx:Wait><gx:duration>0.6</gx:duration>
</gx:Wait>
					<gx:TourControl>
					</gx:TourControl>
					<gx:FlyTo>
						<gx:duration>8</gx:duration>
						<LookAt>
							<longitude>-122.0820910773159</longitude>
							<latitude>37.41931975444069</latitude>
							<altitude>0</altitude>
							<heading>-25.52915008078697</heading>
							<tilt>60.16567815354701</tilt>
							<range>421.7487119859438</range>
							<altitudeMode>relativeToGround</altitudeMode>
						</LookAt>
					</gx:FlyTo>
					<gx:Wait><gx:duration>3</gx:duration>
</gx:Wait>
					<gx:FlyTo>
						<gx:duration>3</gx:duration>
						<gx:flyToMode>smooth</gx:flyToMode>
						<LookAt>
							<longitude>-122.0828356355515</longitude>
							<latitude>37.41970831813314</latitude>
							<altitude>0</altitude>
							<heading>-48.22990007554524</heading>
							<tilt>77.38490900520242</tilt>
							<range>281.1183154577782</range>
							<altitudeMode>relativeToGround</altitudeMode>
						</LookAt>
					</gx:FlyTo>
					<gx:FlyTo>
						<gx:duration>3</gx:duration>
						<gx:flyToMode>smooth</gx:flyToMode>
						<LookAt>
							<longitude>-122.0837867591564</longitude>
							<latitude>37.42075190046511</latitude>
							<altitude>0</altitude>
							<heading>-48.20230753378853</heading>
							<tilt>77.38416695218248</tilt>
							<range>196.354133688462</range>
							<altitudeMode>relativeToGround</altitudeMode>
						</LookAt>
					</gx:FlyTo>
					<gx:FlyTo>
						<gx:duration>4</gx:duration>
						<gx:flyToMode>smooth</gx:flyToMode>
						<LookAt>
							<longitude>-122.0845501159868</longitude>
							<latitude>37.4218699663417</latitude>
							<altitude>0</altitude>
							<heading>-69.56777763392701</heading>
							<tilt>70.05009898715139</tilt>
							<range>179.6078491941072</range>
							<altitudeMode>relativeToGround</altitudeMode>
						</LookAt>
					</gx:FlyTo>
					<gx:FlyTo>
						<gx:duration>4</gx:duration>
						<gx:flyToMode>smooth</gx:flyToMode>
						<LookAt>
							<longitude>-122.0865370283483</longitude>
							<latitude>37.42216403229413</latitude>
							<altitude>0</altitude>
							<heading>-76.24554149800839</heading>
							<tilt>66.0643204358401</tilt>
							<range>186.138599501638</range>
							<altitudeMode>relativeToGround</altitudeMode>
						</LookAt>
					</gx:FlyTo>
					<gx:FlyTo>
						<gx:duration>4</gx:duration>
						<gx:flyToMode>smooth</gx:flyToMode>
						<LookAt>
							<longitude>-122.0855609773483</longitude>
							<latitude>37.42182792652437</latitude>
							<altitude>0</altitude>
							<heading>136.7389026227908</heading>
							<tilt>53.07129205583576</tilt>
							<range>205.5505645659833</range>
							<altitudeMode>relativeToGround</altitudeMode>
						</LookAt>
					</gx:FlyTo>
					<gx:FlyTo>
						<gx:duration>4</gx:duration>
						<gx:flyToMode>smooth</gx:flyToMode>
						<LookAt>
							<longitude>-122.0857031347691</longitude>
							<latitude>37.42169546784739</latitude>
							<altitude>0</altitude>
							<heading>51.91673446403121</heading>
							<tilt>50.75900171716816</tilt>
							<range>232.187882698068</range>
							<altitudeMode>relativeToGround</altitudeMode>
						</LookAt>
					</gx:FlyTo>
					<gx:Wait><gx:duration>0.6</gx:duration>
</gx:Wait>
					<gx:TourControl>
					</gx:TourControl>
				</gx:Playlist>
			</gx:Tour>
			<Placemark id="eiffel">
				<name>The Eiffel Tower</name>
				<description>Located in Paris, France</description>
				<LookAt>
					<longitude>2.295967680887427</longitude>
					<latitude>48.85780097266282</latitude>
					<altitude>0</altitude>
					<heading>-42.91158279440752</heading>
					<tilt>58.51308219868477</tilt>
					<range>798.4686453648802</range>
					<altitudeMode>relativeToGround</altitudeMode>
				</LookAt>
				<styleUrl>#sn_noicon</styleUrl>
				<Point>
					<coordinates>2.295967680887427,48.85780097266282,0</coordinates>
				</Point>
			</Placemark>
			<Placemark id="christ">
				<name>Christ the Redeemer</name>
				<description>Located in Rio, Brazil</description>
				<LookAt>
					<longitude>-43.20953574843956</longitude>
					<latitude>-22.950407157676</latitude>
					<altitude>0</altitude>
					<heading>-134.4620862063529</heading>
					<tilt>58.47824597790541</tilt>
					<range>518.7551361289096</range>
					<altitudeMode>relativeToGround</altitudeMode>
				</LookAt>
				<styleUrl>#sn_noicon</styleUrl>
				<Point>
					<coordinates>-43.20953574843956,-22.95040715767599,0</coordinates>
				</Point>
			</Placemark>
			<Placemark id="canyon">
				<name>The Grand Canyon</name>
				<description>Located in Arizona, USA</description>
				<LookAt>
					<longitude>-111.839335188889</longitude>
					<latitude>36.14936973429993</latitude>
					<altitude>0</altitude>
					<heading>-102.4264123877612</heading>
					<tilt>60.36812941371167</tilt>
					<range>17029.89256740801</range>
					<altitudeMode>relativeToGround</altitudeMode>
				</LookAt>
				<styleUrl>#sn_noicon</styleUrl>
				<Point>
					<coordinates>-111.839335188889,36.14936973429993,0</coordinates>
				</Point>
			</Placemark>
			<Placemark id="sydney">
				<name>Sydney</name>
				<description>New South Wales, Australia</description>
				<LookAt>
					<longitude>151.2122001847845</longitude>
					<latitude>-33.85543600090152</latitude>
					<altitude>0</altitude>
					<heading>-136.7378847758026</heading>
					<tilt>68.87493344592141</tilt>
					<range>1332.179816629172</range>
					<altitudeMode>relativeToGround</altitudeMode>
				</LookAt>
				<styleUrl>#sn_noicon</styleUrl>
				<Point>
					<coordinates>151.2122001847845,-33.85543600090152,0</coordinates>
				</Point>
			</Placemark>
			<Placemark id="peters">
				<name>St Peters Basilica</name>
				<description>Located in Vatican City</description>
				<LookAt>
					<longitude>12.45863229278517</longitude>
					<latitude>41.90238356414683</latitude>
					<altitude>0</altitude>
					<heading>-88.09821473983064</heading>
					<tilt>72.55531058146758</tilt>
					<range>545.5229608700497</range>
					<altitudeMode>relativeToGround</altitudeMode>
				</LookAt>
				<styleUrl>#sn_noicon</styleUrl>
				<Point>
					<coordinates>12.45863229278517,41.90238356414683,0</coordinates>
				</Point>
			</Placemark>
			<Placemark id="london">
				<name>The London Eye</name>
				<description>Located in London, England</description>
				<LookAt>
					<longitude>-0.1208037863755851</longitude>
					<latitude>51.50295856070689</latitude>
					<altitude>0</altitude>
					<heading>-119.6219029975624</heading>
					<tilt>54.36628262074456</tilt>
					<range>667.3903819080039</range>
					<altitudeMode>relativeToGround</altitudeMode>
				</LookAt>
				<styleUrl>#sn_noicon</styleUrl>
				<Point>
					<coordinates>-0.1208037863755851,51.50295856070689,0</coordinates>
				</Point>
			</Placemark>
			<Placemark id="titanic">
				<name>The Titanic</name>
				<description>Located in the North Atlantic Ocean</description>
				<LookAt>
					<longitude>-49.94881009327763</longitude>
					<latitude>41.72834170105288</latitude>
					<altitude>0</altitude>
					<heading>46.46743078657357</heading>
					<tilt>59.42261846268553</tilt>
					<range>858.0285123602595</range>
					<gx:altitudeMode>relativeToSeaFloor</gx:altitudeMode>
				</LookAt>
				<styleUrl>#sn_noicon</styleUrl>
				<Point>
					<coordinates>-49.94881009327763,41.72834170105288,0</coordinates>
				</Point>
			</Placemark>
			<Placemark id="forbidden">
				<name>The Forbidden City</name>
				<description>Located in China</description>
				<LookAt>
					<longitude>116.3908088768237</longitude>
					<latitude>39.91379916102216</latitude>
					<altitude>0</altitude>
					<heading>-1.138855209962087</heading>
					<tilt>63.78082439241467</tilt>
					<range>804.0076519351231</range>
					<altitudeMode>relativeToGround</altitudeMode>
				</LookAt>
				<styleUrl>#sn_noicon</styleUrl>
				<Point>
					<coordinates>116.3908088768236,39.91379916102216,0</coordinates>
				</Point>
			</Placemark>
			<Placemark id="fuji">
				<name>Mount Fuji</name>
				<description>Located near Tokyo, Japan</description>
				<LookAt>
					<longitude>138.7818265722904</longitude>
					<latitude>35.34063009043844</latitude>
					<altitude>0</altitude>
					<heading>-62.46343745766319</heading>
					<tilt>67.6064862659656</tilt>
					<range>7131.323646428426</range>
					<altitudeMode>relativeToGround</altitudeMode>
				</LookAt>
				<styleUrl>#sn_noicon</styleUrl>
				<Point>
					<coordinates>138.7818265722904,35.34063009043844,0</coordinates>
				</Point>
			</Placemark>
			<Placemark id="google">
				<name>Google Headquarters</name>
				<description>Located in Mountain View, California</description>
				<LookAt>
					<longitude>-122.0857031353512</longitude>
					<latitude>37.42169546752972</latitude>
					<altitude>0</altitude>
					<heading>51.91673446364886</heading>
					<tilt>50.75900171660835</tilt>
					<range>232.1878066927673</range>
					<altitudeMode>relativeToGround</altitudeMode>
				</LookAt>
				<styleUrl>#sn_noicon</styleUrl>
				<Point>
					<coordinates>-122.0857031353512,37.42169546752972,0</coordinates>
				</Point>
			</Placemark>
		</Folder>
		<Folder>
			<name>Longyear-Svalbard</name>
			<Placemark id="ArcticWorldArchive">
				<name>Arctic World Archive</name>
				<description>Github storage</description>
				<LookAt>
					<longitude>15.44699990639799</longitude>
					<latitude>78.23796392891693</latitude>
					<altitude>0</altitude>
					<heading>52.37069499946794</heading>
					<tilt>48.45281111942412</tilt>
					<range>182.041010911791</range>
					<gx:altitudeMode>relativeToSeaFloor</gx:altitudeMode>
				</LookAt>
				<styleUrl>#m_ylw-pushpin1</styleUrl>
				<Point>
					<gx:drawOrder>1</gx:drawOrder>
					<coordinates>15.44699990639799,78.23796392891693,0</coordinates>
				</Point>
			</Placemark>
			<Placemark id="SvalbardSatellitestation">
				<name>Svalbard Satellite station</name>
				<description>On plateau above location of fiber optic cable connection coming from mainland Norway. Probably  fiber-optic linked to Arctic World Archive.</description>
				<LookAt>
					<longitude>15.40009504735395</longitude>
					<latitude>78.22924673569396</latitude>
					<altitude>0</altitude>
					<heading>-7.565040228966761</heading>
					<tilt>18.8390810352561</tilt>
					<range>1855.759389119547</range>
					<gx:altitudeMode>relativeToSeaFloor</gx:altitudeMode>
				</LookAt>
				<styleUrl>#m_ylw-pushpin2</styleUrl>
				<Point>
					<gx:drawOrder>1</gx:drawOrder>
					<coordinates>15.40009504735396,78.22924673569398,0</coordinates>
				</Point>
			</Placemark>
			<Placemark id="SvalbardGlobalSeedVault">
				<name>Svalbard Global Seed Vault</name>
				<description>Retrieval vault for permanent film archive; linked to cloud storage; 72-hour delay to find film (PiQL) and move to cloud archive; UNESCO</description>
				<LookAt>
					<longitude>15.48989754501646</longitude>
					<latitude>78.23601510030291</latitude>
					<altitude>0</altitude>
					<heading>-157.0205349133646</heading>
					<tilt>67.42969142416322</tilt>
					<range>113.9874520210757</range>
					<gx:altitudeMode>relativeToSeaFloor</gx:altitudeMode>
				</LookAt>
				<styleUrl>#m_ylw-pushpin2</styleUrl>
				<Point>
					<altitudeMode>relativeToGround</altitudeMode>
					<gx:drawOrder>1</gx:drawOrder>
					<coordinates>15.49121324533805,78.23583782444564,2.010245795608578</coordinates>
				</Point>
			</Placemark>
			<Placemark id="Longyearbyen">
				<name>Longyearbyen</name>
				<description>Site of government; newspaper; school; Radisson Blue;</description>
				<LookAt>
					<longitude>15.63441450388172</longitude>
					<latitude>78.21856158989924</latitude>
					<altitude>0</altitude>
					<heading>-7.341939119893499</heading>
					<tilt>56.44900159768034</tilt>
					<range>2434.814605592575</range>
					<gx:altitudeMode>relativeToSeaFloor</gx:altitudeMode>
				</LookAt>
				<styleUrl>#m_ylw-pushpin2</styleUrl>
				<Point>
					<gx:drawOrder>1</gx:drawOrder>
					<coordinates>15.63441450388172,78.21856158989924,0</coordinates>
				</Point>
			</Placemark>
			<Placemark id="Propertyforsale">
				<name>Property for sale</name>
				<description>$300 million, and it&apos;s yours</description>
				<LookAt>
					<longitude>14.80169158202711</longitude>
					<latitude>77.52241642860497</latitude>
					<altitude>0</altitude>
					<heading>-8.051840515503564</heading>
					<tilt>63.97358281225853</tilt>
					<range>25389.99604103054</range>
					<gx:altitudeMode>relativeToSeaFloor</gx:altitudeMode>
				</LookAt>
				<styleUrl>#m_ylw-pushpin2</styleUrl>
				<Point>
					<gx:drawOrder>1</gx:drawOrder>
					<coordinates>14.70782900339174,77.48809081820238,0</coordinates>
				</Point>
			</Placemark>
			<gx:Tour>
				<name>Svalbard</name>
				<description>Property for sale; government; Arctic World Archive; Seed Archive.</description>
				<gx:Playlist>
					<gx:AnimatedUpdate>
						<Update>
							<targetHref></targetHref>
							<Change><Placemark targetId="VanMijenfjorden"><gx:balloonVisibility>1</gx:balloonVisibility></Placemark></Change>
						</Update>
					</gx:AnimatedUpdate>
					<gx:AnimatedUpdate>
						<Update>
							<targetHref></targetHref>
							<Change><Placemark targetId="Bellsund"><gx:balloonVisibility>1</gx:balloonVisibility></Placemark></Change>
						</Update>
					</gx:AnimatedUpdate>
					<gx:AnimatedUpdate>
						<Update>
							<targetHref></targetHref>
							<Change><Placemark targetId="VanKeulenfjorden"><gx:balloonVisibility>1</gx:balloonVisibility></Placemark></Change>
						</Update>
					</gx:AnimatedUpdate>
					<gx:AnimatedUpdate>
						<Update>
							<targetHref></targetHref>
							<Change><Placemark targetId="Propertyforsale"><gx:balloonVisibility>0</gx:balloonVisibility></Placemark></Change>
						</Update>
					</gx:AnimatedUpdate>
					<gx:AnimatedUpdate>
						<Update>
							<targetHref></targetHref>
							<Change><Placemark targetId="SvalbardSatellitestation"><gx:balloonVisibility>0</gx:balloonVisibility></Placemark></Change>
						</Update>
					</gx:AnimatedUpdate>
					<gx:AnimatedUpdate>
						<Update>
							<targetHref></targetHref>
							<Change><Placemark targetId="ArcticWorldArchive"><gx:balloonVisibility>0</gx:balloonVisibility></Placemark></Change>
						</Update>
					</gx:AnimatedUpdate>
					<gx:AnimatedUpdate>
						<Update>
							<targetHref></targetHref>
							<Change><Placemark targetId="Longyearbyen"><gx:balloonVisibility>0</gx:balloonVisibility></Placemark></Change>
						</Update>
					</gx:AnimatedUpdate>
					<gx:AnimatedUpdate>
						<Update>
							<targetHref></targetHref>
							<Change><Placemark targetId="SvalbardGlobalSeedVault"><gx:balloonVisibility>1</gx:balloonVisibility></Placemark></Change>
						</Update>
					</gx:AnimatedUpdate>
					<gx:FlyTo>
						<LookAt>
							<gx:horizFov>59.99999999999999</gx:horizFov>
							<longitude>14.67278524927554</longitude>
							<latitude>77.55247563594287</latitude>
							<altitude>0</altitude>
							<heading>-8.177655295808183</heading>
							<tilt>63.94166775585452</tilt>
							<range>21429.13532814539</range>
							<gx:altitudeMode>relativeToSeaFloor</gx:altitudeMode>
						</LookAt>
					</gx:FlyTo>
					<gx:Wait><gx:duration>15.95065200000045</gx:duration>
</gx:Wait>
					<gx:AnimatedUpdate>
						<Update>
							<targetHref></targetHref>
							<Change><Placemark targetId="SvalbardGlobalSeedVault"><gx:balloonVisibility>0</gx:balloonVisibility></Placemark></Change>
						</Update>
					</gx:AnimatedUpdate>
					<gx:Wait><gx:duration>0.001375999999254418</gx:duration>
</gx:Wait>
					<gx:AnimatedUpdate>
						<Update>
							<targetHref></targetHref>
							<Change><Placemark targetId="Longyearbyen"><gx:balloonVisibility>1</gx:balloonVisibility></Placemark></Change>
						</Update>
					</gx:AnimatedUpdate>
					<gx:Wait><gx:duration>0.9593899999999849</gx:duration>
</gx:Wait>
					<gx:FlyTo>
						<gx:duration>0.2252049999997325</gx:duration>
						<gx:flyToMode>smooth</gx:flyToMode>
						<LookAt>
							<gx:horizFov>59.99999999999999</gx:horizFov>
							<longitude>14.67665889749125</longitude>
							<latitude>77.5555016299073</latitude>
							<altitude>0</altitude>
							<heading>-8.174450043889797</heading>
							<tilt>63.90987456138922</tilt>
							<range>26205.15895122348</range>
							<gx:altitudeMode>relativeToSeaFloor</gx:altitudeMode>
						</LookAt>
					</gx:FlyTo>
					<gx:FlyTo>
						<gx:duration>0.234798999999839</gx:duration>
						<gx:flyToMode>smooth</gx:flyToMode>
						<LookAt>
							<gx:horizFov>59.99999999999999</gx:horizFov>
							<longitude>14.68949509132099</longitude>
							<latitude>77.56532368599989</latitude>
							<altitude>0</altitude>
							<heading>-8.163807854435721</heading>
							<tilt>63.80516997230343</tilt>
							<range>32833.4688814188</range>
							<gx:altitudeMode>relativeToSeaFloor</gx:altitudeMode>
						</LookAt>
					</gx:FlyTo>
					<gx:FlyTo>
						<gx:duration>0.1723770000007789</gx:duration>
						<gx:flyToMode>smooth</gx:flyToMode>
						<LookAt>
							<gx:horizFov>59.99999999999999</gx:horizFov>
							<longitude>14.70429353020267</longitude>
							<latitude>77.57648145732313</latitude>
							<altitude>0</altitude>
							<heading>-8.151514329288654</heading>
							<tilt>63.68501944154238</tilt>
							<range>37976.9229240607</range>
							<gx:altitudeMode>relativeToSeaFloor</gx:altitudeMode>
						</LookAt>
					</gx:FlyTo>
					<gx:FlyTo>
						<gx:duration>0.2729529999996885</gx:duration>
						<gx:flyToMode>smooth</gx:flyToMode>
						<LookAt>
							<gx:horizFov>59.99999999999999</gx:horizFov>
							<longitude>14.73694421585758</longitude>
							<latitude>77.59950825640261</latitude>
							<altitude>0</altitude>
							<heading>-8.124237470330641</heading>
							<tilt>63.42483248877747</tilt>
							<range>46044.31042484561</range>
							<gx:altitudeMode>relativeToSeaFloor</gx:altitudeMode>
						</LookAt>
					</gx:FlyTo>
					<gx:FlyTo>
						<gx:duration>0.2098500000001877</gx:duration>
						<gx:flyToMode>smooth</gx:flyToMode>
						<LookAt>
							<gx:horizFov>59.99999999999999</gx:horizFov>
							<longitude>14.76873406409765</longitude>
							<latitude>77.62008504669927</latitude>
							<altitude>0</altitude>
							<heading>-8.097497722080639</heading>
							<tilt>63.17719593646069</tilt>
							<range>51713.8283135774</range>
							<gx:altitudeMode>relativeToSeaFloor</gx:altitudeMode>
						</LookAt>
					</gx:FlyTo>
					<gx:FlyTo>
						<gx:duration>0.2237939999995433</gx:duration>
						<gx:flyToMode>smooth</gx:flyToMode>
						<LookAt>
							<gx:horizFov>59.99999999999999</gx:horizFov>
							<longitude>14.81037118419678</longitude>
							<latitude>77.64324841000588</latitude>
							<altitude>0</altitude>
							<heading>-8.062146819732737</heading>
							<tilt>62.86426147053765</tilt>
							<range>57008.96472419532</range>
							<gx:altitudeMode>relativeToSeaFloor</gx:altitudeMode>
						</LookAt>
					</gx:FlyTo>
					<gx:FlyTo>
						<gx:duration>0.2320639999998093</gx:duration>
						<gx:flyToMode>smooth</gx:flyToMode>
						<LookAt>
							<gx:horizFov>59.99999999999999</gx:horizFov>
							<longitude>14.85355228303451</longitude>
							<latitude>77.67924547568356</latitude>
							<altitude>0</altitude>
							<heading>-8.026101001470261</heading>
							<tilt>62.5054371745584</tilt>
							<range>62857.26713404203</range>
							<gx:altitudeMode>relativeToSeaFloor</gx:altitudeMode>
						</LookAt>
					</gx:FlyTo>
					<gx:FlyTo>
						<gx:duration>0.2107699999996839</gx:duration>
						<gx:flyToMode>smooth</gx:flyToMode>
						<LookAt>
							<gx:horizFov>59.99999999999999</gx:horizFov>
							<longitude>14.89806180095447</longitude>
							<latitude>77.71264820411301</latitude>
							<altitude>0</altitude>
							<heading>-7.988563684057957</heading>
							<tilt>62.14738474649192</tilt>
							<range>67137.24596778408</range>
							<gx:altitudeMode>relativeToSeaFloor</gx:altitudeMode>
						</LookAt>
					</gx:FlyTo>
					<gx:FlyTo>
						<gx:duration>0.2208600000003571</gx:duration>
						<gx:flyToMode>smooth</gx:flyToMode>
						<LookAt>
							<gx:horizFov>59.99999999999999</gx:horizFov>
							<longitude>14.94801870543323</longitude>
							<latitude>77.74857612626907</latitude>
							<altitude>0</altitude>
							<heading>-7.946175459772462</heading>
							<tilt>61.75057520674436</tilt>
							<range>70559.43022353889</range>
							<gx:altitudeMode>relativeToSeaFloor</gx:altitudeMode>
						</LookAt>
					</gx:FlyTo>
					<gx:FlyTo>
						<gx:duration>0.2414429999998902</gx:duration>
						<gx:flyToMode>smooth</gx:flyToMode>
						<LookAt>
							<gx:horizFov>59.99999999999999</gx:horizFov>
							<longitude>15.00770652589666</longitude>
							<latitude>77.78780157367737</latitude>
							<altitude>0</altitude>
							<heading>-7.895083061667665</heading>
							<tilt>61.28811604709043</tilt>
							<range>72850.45656008774</range>
							<gx:altitudeMode>relativeToSeaFloor</gx:altitudeMode>
						</LookAt>
					</gx:FlyTo>
					<gx:FlyTo>
						<gx:duration>0.2342650000009598</gx:duration>
						<gx:flyToMode>smooth</gx:flyToMode>
						<LookAt>
							<gx:horizFov>59.99999999999999</gx:horizFov>
							<longitude>15.06666951078061</longitude>
							<latitude>77.82552642042087</latitude>
							<altitude>0</altitude>
							<heading>-7.844303681963936</heading>
							<tilt>60.83520598293423</tilt>
							<range>73712.3285600674</range>
							<gx:altitudeMode>relativeToSeaFloor</gx:altitudeMode>
						</LookAt>
					</gx:FlyTo>
					<gx:FlyTo>
						<gx:duration>0.1897340000004988</gx:duration>
						<gx:flyToMode>smooth</gx:flyToMode>
						<LookAt>
							<gx:horizFov>59.99999999999999</gx:horizFov>
							<longitude>15.11300470649268</longitude>
							<latitude>77.85899887431275</latitude>
							<altitude>0</altitude>
							<heading>-7.804414053434654</heading>
							<tilt>60.46928545295853</tilt>
							<range>73873.18597751315</range>
							<gx:altitudeMode>relativeToSeaFloor</gx:altitudeMode>
						</LookAt>
					</gx:FlyTo>
					<gx:FlyTo>
						<gx:duration>0.2401879999997618</gx:duration>
						<gx:flyToMode>smooth</gx:flyToMode>
						<LookAt>
							<gx:horizFov>59.99999999999999</gx:horizFov>
							<longitude>15.18049004311544</longitude>
							<latitude>77.90138775861149</latitude>
							<altitude>0</altitude>
							<heading>-7.74569397633808</heading>
							<tilt>59.95541059085321</tilt>
							<range>72245.58148431937</range>
							<gx:altitudeMode>relativeToSeaFloor</gx:altitudeMode>
						</LookAt>
					</gx:FlyTo>
					<gx:FlyTo>
						<gx:duration>0.2268589999994219</gx:duration>
						<gx:flyToMode>smooth</gx:flyToMode>
						<LookAt>
							<gx:horizFov>59.99999999999999</gx:horizFov>
							<longitude>15.24029482526768</longitude>
							<latitude>77.94101637714739</latitude>
							<altitude>0</altitude>
							<heading>-7.693458652450346</heading>
							<tilt>59.49540352370285</tilt>
							<range>69688.18527109502</range>
							<gx:altitudeMode>relativeToSeaFloor</gx:altitudeMode>
						</LookAt>
					</gx:FlyTo>
					<gx:FlyTo>
						<gx:duration>0.2147679999998218</gx:duration>
						<gx:flyToMode>smooth</gx:flyToMode>
						<LookAt>
							<gx:horizFov>59.99999999999999</gx:horizFov>
							<longitude>15.29192522605868</longitude>
							<latitude>77.98297321225257</latitude>
							<altitude>0</altitude>
							<heading>-7.648468785451315</heading>
							<tilt>59.07783128762684</tilt>
							<range>66943.47093603559</range>
							<gx:altitudeMode>relativeToSeaFloor</gx:altitudeMode>
						</LookAt>
					</gx:FlyTo>
					<gx:FlyTo>
						<gx:duration>0.2361199999995733</gx:duration>
						<gx:flyToMode>smooth</gx:flyToMode>
						<LookAt>
							<gx:horizFov>59.99999999999999</gx:horizFov>
							<longitude>15.35120481046432</longitude>
							<latitude>78.02091537532407</latitude>
							<altitude>0</altitude>
							<heading>-7.596068980793473</heading>
							<tilt>58.62775017082433</tilt>
							<range>61929.38162162379</range>
							<gx:altitudeMode>relativeToSeaFloor</gx:altitudeMode>
						</LookAt>
					</gx:FlyTo>
					<gx:FlyTo>
						<gx:duration>0.2245190000003277</gx:duration>
						<gx:flyToMode>smooth</gx:flyToMode>
						<LookAt>
							<gx:horizFov>59.99999999999999</gx:horizFov>
							<longitude>15.40354594460467</longitude>
							<latitude>78.05747763106577</latitude>
							<altitude>0</altitude>
							<heading>-7.549675561506954</heading>
							<tilt>58.2229039403472</tilt>
							<range>56487.27864798594</range>
							<gx:altitudeMode>relativeToSeaFloor</gx:altitudeMode>
						</LookAt>
					</gx:FlyTo>
					<gx:FlyTo>
						<gx:duration>0.2177320000009786</gx:duration>
						<gx:flyToMode>smooth</gx:flyToMode>
						<LookAt>
							<gx:horizFov>59.99999999999999</gx:horizFov>
							<longitude>15.45369414566854</longitude>
							<latitude>78.08703573333429</latitude>
							<altitude>0</altitude>
							<heading>-7.504783356428062</heading>
							<tilt>57.85071644779102</tilt>
							<range>49908.18409109708</range>
							<gx:altitudeMode>relativeToSeaFloor</gx:altitudeMode>
						</LookAt>
					</gx:FlyTo>
					<gx:FlyTo>
						<gx:duration>0.2280099999989034</gx:duration>
						<gx:flyToMode>smooth</gx:flyToMode>
						<LookAt>
							<gx:horizFov>59.99999999999999</gx:horizFov>
							<longitude>15.50127409256688</longitude>
							<latitude>78.1154414330481</latitude>
							<altitude>0</altitude>
							<heading>-7.462005189225284</heading>
							<tilt>57.49725816402716</tilt>
							<range>42484.92850960287</range>
							<gx:altitudeMode>relativeToSeaFloor</gx:altitudeMode>
						</LookAt>
					</gx:FlyTo>
					<gx:FlyTo>
						<gx:duration>0.2302490000001853</gx:duration>
						<gx:flyToMode>smooth</gx:flyToMode>
						<LookAt>
							<gx:horizFov>59.99999999999999</gx:horizFov>
							<longitude>15.54003716954823</longitude>
							<latitude>78.1472960499698</latitude>
							<altitude>0</altitude>
							<heading>-7.427304136447314</heading>
							<tilt>57.18642730556451</tilt>
							<range>35366.99380648692</range>
							<gx:altitudeMode>relativeToSeaFloor</gx:altitudeMode>
						</LookAt>
					</gx:FlyTo>
					<gx:FlyTo>
						<gx:duration>0.2047710000006191</gx:duration>
						<gx:flyToMode>smooth</gx:flyToMode>
						<LookAt>
							<gx:horizFov>59.99999999999999</gx:horizFov>
							<longitude>15.57372426317917</longitude>
							<latitude>78.16348180646615</latitude>
							<altitude>0</altitude>
							<heading>-7.396640410846364</heading>
							<tilt>56.9474993916606</tilt>
							<range>27930.20639387609</range>
							<gx:altitudeMode>relativeToSeaFloor</gx:altitudeMode>
						</LookAt>
					</gx:FlyTo>
					<gx:FlyTo>
						<gx:duration>0.2246660000000702</gx:duration>
						<gx:flyToMode>smooth</gx:flyToMode>
						<LookAt>
							<gx:horizFov>59.99999999999999</gx:horizFov>
							<longitude>15.60136567552171</longitude>
							<latitude>78.18567857751344</latitude>
							<altitude>0</altitude>
							<heading>-7.371691178459856</heading>
							<tilt>56.72791986549393</tilt>
							<range>20340.55283028223</range>
							<gx:altitudeMode>relativeToSeaFloor</gx:altitudeMode>
						</LookAt>
					</gx:FlyTo>
					<gx:FlyTo>
						<gx:duration>0.2178519999997661</gx:duration>
						<gx:flyToMode>smooth</gx:flyToMode>
						<LookAt>
							<gx:horizFov>59.99999999999999</gx:horizFov>
							<longitude>15.61821642416451</longitude>
							<latitude>78.19952703093794</latitude>
							<altitude>0</altitude>
							<heading>-7.356450054715543</heading>
							<tilt>56.59337576696226</tilt>
							<range>14374.4865674399</range>
							<gx:altitudeMode>relativeToSeaFloor</gx:altitudeMode>
						</LookAt>
					</gx:FlyTo>
					<gx:FlyTo>
						<gx:duration>0.2277820000008433</gx:duration>
						<gx:flyToMode>smooth</gx:flyToMode>
						<LookAt>
							<gx:horizFov>59.99999999999999</gx:horizFov>
							<longitude>15.62602663529076</longitude>
							<latitude>78.20938443620868</latitude>
							<altitude>0</altitude>
							<heading>-7.349478633353621</heading>
							<tilt>56.5219411234693</tilt>
							<range>10421.02936690821</range>
							<gx:altitudeMode>relativeToSeaFloor</gx:altitudeMode>
						</LookAt>
					</gx:FlyTo>
					<gx:FlyTo>
						<gx:duration>0.2239159999999174</gx:duration>
						<gx:flyToMode>smooth</gx:flyToMode>
						<LookAt>
							<gx:horizFov>59.99999999999999</gx:horizFov>
							<longitude>15.63009458943266</longitude>
							<latitude>78.21387209615344</latitude>
							<altitude>0</altitude>
							<heading>-7.345824470328591</heading>
							<tilt>56.48646324203015</tilt>
							<range>7792.628513898168</range>
							<gx:altitudeMode>relativeToSeaFloor</gx:altitudeMode>
						</LookAt>
					</gx:FlyTo>
					<gx:FlyTo>
						<gx:duration>0.2175250000000233</gx:duration>
						<gx:flyToMode>smooth</gx:flyToMode>
						<LookAt>
							<gx:horizFov>59.99999999999999</gx:horizFov>
							<longitude>15.6320259287031</longitude>
							<latitude>78.21637705374724</latitude>
							<altitude>0</altitude>
							<heading>-7.344099901385478</heading>
							<tilt>56.46863163158739</tilt>
							<range>6075.148243539138</range>
							<gx:altitudeMode>relativeToSeaFloor</gx:altitudeMode>
						</LookAt>
					</gx:FlyTo>
					<gx:FlyTo>
						<gx:duration>0.2194830000007642</gx:duration>
						<gx:flyToMode>smooth</gx:flyToMode>
						<LookAt>
							<gx:horizFov>59.99999999999999</gx:horizFov>
							<longitude>15.63317593253882</longitude>
							<latitude>78.21745144157811</latitude>
							<altitude>0</altitude>
							<heading>-7.343060351119823</heading>
							<tilt>56.45911963912058</tilt>
							<range>4874.74349473983</range>
							<gx:altitudeMode>relativeToSeaFloor</gx:altitudeMode>
						</LookAt>
					</gx:FlyTo>
					<gx:FlyTo>
						<gx:duration>0.2137859999993452</gx:duration>
						<gx:flyToMode>smooth</gx:flyToMode>
						<LookAt>
							<gx:horizFov>59.99999999999999</gx:horizFov>
							<longitude>15.63377663647577</longitude>
							<latitude>78.2179714855654</latitude>
							<altitude>0</altitude>
							<heading>-7.342516025009036</heading>
							<tilt>56.45426129182977</tilt>
							<range>4079.907607180714</range>
							<gx:altitudeMode>relativeToSeaFloor</gx:altitudeMode>
						</LookAt>
					</gx:FlyTo>
					<gx:FlyTo>
						<gx:duration>0.2312949999995908</gx:duration>
						<gx:flyToMode>smooth</gx:flyToMode>
						<LookAt>
							<gx:horizFov>59.99999999999999</gx:horizFov>
							<longitude>15.6341050979584</longitude>
							<latitude>78.21825584041284</latitude>
							<altitude>0</altitude>
							<heading>-7.342218393030454</heading>
							<tilt>56.45160419927934</tilt>
							<range>3513.336701737081</range>
							<gx:altitudeMode>relativeToSeaFloor</gx:altitudeMode>
						</LookAt>
					</gx:FlyTo>
					<gx:FlyTo>
						<gx:duration>0.203483000000233</gx:duration>
						<gx:flyToMode>smooth</gx:flyToMode>
						<LookAt>
							<gx:horizFov>59.99999999999999</gx:horizFov>
							<longitude>15.634250053687</longitude>
							<latitude>78.21839481085158</latitude>
							<altitude>0</altitude>
							<heading>-7.342087412527907</heading>
							<tilt>56.45039672811876</tilt>
							<range>3176.780752125511</range>
							<gx:altitudeMode>relativeToSeaFloor</gx:altitudeMode>
						</LookAt>
					</gx:FlyTo>
					<gx:FlyTo>
						<gx:duration>0.2255009999998947</gx:duration>
						<gx:flyToMode>smooth</gx:flyToMode>
						<LookAt>
							<gx:horizFov>59.99999999999999</gx:horizFov>
							<longitude>15.63433201387536</longitude>
							<latitude>78.21847707966074</latitude>
							<altitude>0</altitude>
							<heading>-7.342013493635744</heading>
							<tilt>56.44970323963994</tilt>
							<range>2926.037601679202</range>
							<gx:altitudeMode>relativeToSeaFloor</gx:altitudeMode>
						</LookAt>
					</gx:FlyTo>
					<gx:FlyTo>
						<gx:duration>0.2315549999993891</gx:duration>
						<gx:flyToMode>smooth</gx:flyToMode>
						<LookAt>
							<gx:horizFov>59.99999999999999</gx:horizFov>
							<longitude>15.63437452437524</longitude>
							<latitude>78.21851833560314</latitude>
							<altitude>0</altitude>
							<heading>-7.341975089111148</heading>
							<tilt>56.44934801040309</tilt>
							<range>2756.971600329151</range>
							<gx:altitudeMode>relativeToSeaFloor</gx:altitudeMode>
						</LookAt>
					</gx:FlyTo>
					<gx:FlyTo>
						<gx:duration>0.2172339999997348</gx:duration>
						<gx:flyToMode>smooth</gx:flyToMode>
						<LookAt>
							<gx:horizFov>59.99999999999999</gx:horizFov>
							<longitude>15.6343944303305</longitude>
							<latitude>78.21853812561935</latitude>
							<altitude>0</altitude>
							<heading>-7.341957134861774</heading>
							<tilt>56.44917994101571</tilt>
							<range>2651.759057683391</range>
							<gx:altitudeMode>relativeToSeaFloor</gx:altitudeMode>
						</LookAt>
					</gx:FlyTo>
					<gx:FlyTo>
						<gx:duration>0.2140479999998206</gx:duration>
						<gx:flyToMode>smooth</gx:flyToMode>
						<LookAt>
							<gx:horizFov>59.99999999999999</gx:horizFov>
							<longitude>15.63440470758237</longitude>
							<latitude>78.21854846835191</latitude>
							<altitude>0</altitude>
							<heading>-7.341947854797166</heading>
							<tilt>56.44909328689872</tilt>
							<range>2581.151664175863</range>
							<gx:altitudeMode>relativeToSeaFloor</gx:altitudeMode>
						</LookAt>
					</gx:FlyTo>
					<gx:FlyTo>
						<gx:duration>0.21813899999961</gx:duration>
						<gx:flyToMode>smooth</gx:flyToMode>
						<LookAt>
							<gx:horizFov>59.99999999999999</gx:horizFov>
							<longitude>15.63440987828122</longitude>
							<latitude>78.21855408572117</latitude>
							<altitude>0</altitude>
							<heading>-7.341943212289701</heading>
							<tilt>56.449048141269</tilt>
							<range>2533.108340153301</range>
							<gx:altitudeMode>relativeToSeaFloor</gx:altitudeMode>
						</LookAt>
					</gx:FlyTo>
					<gx:FlyTo>
						<gx:duration>0.2188060000007681</gx:duration>
						<gx:flyToMode>smooth</gx:flyToMode>
						<LookAt>
							<gx:horizFov>59.99999999999999</gx:horizFov>
							<longitude>15.63441244326948</longitude>
							<latitude>78.21855721349054</latitude>
							<altitude>0</altitude>
							<heading>-7.341940913792968</heading>
							<tilt>56.4490250221513</tilt>
							<range>2500.74777333504</range>
							<gx:altitudeMode>relativeToSeaFloor</gx:altitudeMode>
						</LookAt>
					</gx:FlyTo>
					<gx:FlyTo>
						<gx:duration>0.2311899999995148</gx:duration>
						<gx:flyToMode>smooth</gx:flyToMode>
						<LookAt>
							<gx:horizFov>59.99999999999999</gx:horizFov>
							<longitude>15.6344137287212</longitude>
							<latitude>78.21855908630293</latitude>
							<altitude>0</altitude>
							<heading>-7.341939763531808</heading>
							<tilt>56.44901286332185</tilt>
							<range>2478.057359243027</range>
							<gx:altitudeMode>relativeToSeaFloor</gx:altitudeMode>
						</LookAt>
					</gx:FlyTo>
					<gx:FlyTo>
						<gx:duration>0.2981680000002598</gx:duration>
						<gx:flyToMode>smooth</gx:flyToMode>
						<LookAt>
							<gx:horizFov>59.99999999999999</gx:horizFov>
							<longitude>15.63441419361627</longitude>
							<latitude>78.21855995336463</latitude>
							<altitude>0</altitude>
							<heading>-7.341939369007427</heading>
							<tilt>56.44900745913568</tilt>
							<range>2464.830060367079</range>
							<gx:altitudeMode>relativeToSeaFloor</gx:altitudeMode>
						</LookAt>
					</gx:FlyTo>
					<gx:FlyTo>
						<gx:duration>0.1240260000004128</gx:duration>
						<gx:flyToMode>smooth</gx:flyToMode>
						<LookAt>
							<gx:horizFov>59.99999999999999</gx:horizFov>
							<longitude>15.63441451438326</longitude>
							<latitude>78.21856060453047</latitude>
							<altitude>0</altitude>
							<heading>-7.34193907759829</heading>
							<tilt>56.44900425095633</tilt>
							<range>2454.266273659551</range>
							<gx:altitudeMode>relativeToSeaFloor</gx:altitudeMode>
						</LookAt>
					</gx:FlyTo>
					<gx:FlyTo>
						<gx:duration>0.2021810000005644</gx:duration>
						<gx:flyToMode>smooth</gx:flyToMode>
						<LookAt>
							<gx:horizFov>59.99999999999999</gx:horizFov>
							<longitude>15.63441458028317</longitude>
							<latitude>78.21856094126308</latitude>
							<altitude>0</altitude>
							<heading>-7.341939030912641</heading>
							<tilt>56.44900282642351</tilt>
							<range>2447.889139651319</range>
							<gx:altitudeMode>relativeToSeaFloor</gx:altitudeMode>
						</LookAt>
					</gx:FlyTo>
					<gx:FlyTo>
						<gx:duration>0.1845430000003034</gx:duration>
						<gx:flyToMode>smooth</gx:flyToMode>
						<LookAt>
							<gx:horizFov>59.99999999999999</gx:horizFov>
							<longitude>15.63441462619162</longitude>
							<latitude>78.21856120612125</latitude>
							<altitude>0</altitude>
							<heading>-7.341938987020019</heading>
							<tilt>56.44900214418212</tilt>
							<range>2443.403475653441</range>
							<gx:altitudeMode>relativeToSeaFloor</gx:altitudeMode>
						</LookAt>
					</gx:FlyTo>
					<gx:FlyTo>
						<gx:duration>0.1152489999994941</gx:duration>
						<gx:flyToMode>smooth</gx:flyToMode>
						<LookAt>
							<gx:horizFov>59.99999999999999</gx:horizFov>
							<longitude>15.63441462056071</longitude>
							<latitude>78.21856131593587</latitude>
							<altitude>0</altitude>
							<heading>-7.341938997504102</heading>
							<tilt>56.44900182299211</tilt>
							<range>2440.729614223261</range>
							<gx:altitudeMode>relativeToSeaFloor</gx:altitudeMode>
						</LookAt>
					</gx:FlyTo>
					<gx:FlyTo>
						<gx:duration>0.08300700000017969</gx:duration>
						<gx:flyToMode>smooth</gx:flyToMode>
						<LookAt>
							<gx:horizFov>59.99999999999999</gx:horizFov>
							<longitude>15.63441458930171</longitude>
							<latitude>78.21856135527209</latitude>
							<altitude>0</altitude>
							<heading>-7.34193903607856</heading>
							<tilt>56.44900163660577</tilt>
							<range>2438.930653169338</range>
							<gx:altitudeMode>relativeToSeaFloor</gx:altitudeMode>
						</LookAt>
					</gx:FlyTo>
					<gx:FlyTo>
						<gx:duration>0.06647900000007212</gx:duration>
						<gx:flyToMode>smooth</gx:flyToMode>
						<LookAt>
							<gx:horizFov>59.99999999999999</gx:horizFov>
							<longitude>15.63441456771922</longitude>
							<latitude>78.21856144946049</latitude>
							<altitude>0</altitude>
							<heading>-7.341939056280741</heading>
							<tilt>56.4490015982803</tilt>
							<range>2437.585799242546</range>
							<gx:altitudeMode>relativeToSeaFloor</gx:altitudeMode>
						</LookAt>
					</gx:FlyTo>
					<gx:FlyTo>
						<gx:duration>0.04989600000044447</gx:duration>
						<gx:flyToMode>smooth</gx:flyToMode>
						<LookAt>
							<gx:horizFov>59.99999999999999</gx:horizFov>
							<longitude>15.63441456740631</longitude>
							<latitude>78.21856153539191</latitude>
							<altitude>0</altitude>
							<heading>-7.341939051573066</heading>
							<tilt>56.44900161267806</tilt>
							<range>2436.645176437615</range>
							<gx:altitudeMode>relativeToSeaFloor</gx:altitudeMode>
						</LookAt>
					</gx:FlyTo>
					<gx:FlyTo>
						<gx:duration>0.03315800000018498</gx:duration>
						<gx:flyToMode>smooth</gx:flyToMode>
						<LookAt>
							<gx:horizFov>59.99999999999999</gx:horizFov>
							<longitude>15.63441452829389</longitude>
							<latitude>78.21856151021677</latitude>
							<altitude>0</altitude>
							<heading>-7.341939098306804</heading>
							<tilt>56.44900155502524</tilt>
							<range>2436.051550559542</range>
							<gx:altitudeMode>relativeToSeaFloor</gx:altitudeMode>
						</LookAt>
					</gx:FlyTo>
					<gx:FlyTo>
						<gx:duration>0.01651200000105746</gx:duration>
						<gx:flyToMode>smooth</gx:flyToMode>
						<LookAt>
							<gx:horizFov>59.99999999999999</gx:horizFov>
							<longitude>15.63441456345219</longitude>
							<latitude>78.21856151476641</latitude>
							<altitude>0</altitude>
							<heading>-7.341939059184203</heading>
							<tilt>56.44900154582411</tilt>
							<range>2435.772035767111</range>
							<gx:altitudeMode>relativeToSeaFloor</gx:altitudeMode>
						</LookAt>
					</gx:FlyTo>
					<gx:FlyTo>
						<gx:duration>0.01670799999919836</gx:duration>
						<gx:flyToMode>smooth</gx:flyToMode>
						<LookAt>
							<gx:horizFov>59.99999999999999</gx:horizFov>
							<longitude>15.63441451657049</longitude>
							<latitude>78.21856155204152</latitude>
							<altitude>0</altitude>
							<heading>-7.341939108532468</heading>
							<tilt>56.44900157392495</tilt>
							<range>2435.509003531058</range>
							<gx:altitudeMode>relativeToSeaFloor</gx:altitudeMode>
						</LookAt>
					</gx:FlyTo>
					<gx:FlyTo>
						<gx:duration>0.01667300000099203</gx:duration>
						<gx:flyToMode>smooth</gx:flyToMode>
						<LookAt>
							<gx:horizFov>59.99999999999999</gx:horizFov>
							<longitude>15.63441452563298</longitude>
							<latitude>78.21856154066884</latitude>
							<altitude>0</altitude>
							<heading>-7.341939099639967</heading>
							<tilt>56.44900155502134</tilt>
							<range>2435.25737020724</range>
							<gx:altitudeMode>relativeToSeaFloor</gx:altitudeMode>
						</LookAt>
					</gx:FlyTo>
					<gx:FlyTo>
						<gx:duration>0.01700399999936053</gx:duration>
						<gx:flyToMode>smooth</gx:flyToMode>
						<LookAt>
							<gx:horizFov>59.99999999999999</gx:horizFov>
							<longitude>15.63441450305049</longitude>
							<latitude>78.21856161330362</latitude>
							<altitude>0</altitude>
							<heading>-7.341939118770968</heading>
							<tilt>56.44900162296636</tilt>
							<range>2435.036192147613</range>
							<gx:altitudeMode>relativeToSeaFloor</gx:altitudeMode>
						</LookAt>
					</gx:FlyTo>
					<gx:FlyTo>
						<gx:duration>0.01659999999992579</gx:duration>
						<gx:flyToMode>smooth</gx:flyToMode>
						<LookAt>
							<gx:horizFov>59.99999999999999</gx:horizFov>
							<longitude>15.63441451045279</longitude>
							<latitude>78.21856157367014</latitude>
							<altitude>0</altitude>
							<heading>-7.341939113951668</heading>
							<tilt>56.44900158148555</tilt>
							<range>2434.842557289486</range>
							<gx:altitudeMode>relativeToSeaFloor</gx:altitudeMode>
						</LookAt>
					</gx:FlyTo>
					<gx:Wait><gx:duration>0.01665400000001682</gx:duration>
</gx:Wait>
					<gx:FlyTo>
						<gx:duration>4.499999977269908e-05</gx:duration>
						<gx:flyToMode>smooth</gx:flyToMode>
						<LookAt>
							<gx:horizFov>59.99999999999999</gx:horizFov>
							<longitude>15.6344144930062</longitude>
							<latitude>78.21856159051289</latitude>
							<altitude>0</altitude>
							<heading>-7.341939131948394</heading>
							<tilt>56.44900159857273</tilt>
							<range>2434.814723767558</range>
							<gx:altitudeMode>relativeToSeaFloor</gx:altitudeMode>
						</LookAt>
					</gx:FlyTo>
					<gx:Wait><gx:duration>1.503117000000202</gx:duration>
</gx:Wait>
					<gx:AnimatedUpdate>
						<Update>
							<targetHref></targetHref>
							<Change><Placemark targetId="Longyearbyen"><gx:balloonVisibility>0</gx:balloonVisibility></Placemark></Change>
						</Update>
					</gx:AnimatedUpdate>
					<gx:Wait><gx:duration>1.599999995960388e-05</gx:duration>
</gx:Wait>
					<gx:AnimatedUpdate>
						<Update>
							<targetHref></targetHref>
							<Change><Placemark targetId="SvalbardGlobalSeedVault"><gx:balloonVisibility>1</gx:balloonVisibility></Placemark></Change>
						</Update>
					</gx:AnimatedUpdate>
					<gx:Wait><gx:duration>0.2786739999992278</gx:duration>
</gx:Wait>
					<gx:FlyTo>
						<gx:duration>0.0007459999997081468</gx:duration>
						<gx:flyToMode>smooth</gx:flyToMode>
						<LookAt>
							<gx:horizFov>59.99999999999999</gx:horizFov>
							<longitude>15.63440082630651</longitude>
							<latitude>78.21856836831559</latitude>
							<altitude>0</altitude>
							<heading>-7.353117702960898</heading>
							<tilt>56.44928089838526</tilt>
							<range>2459.923900285788</range>
							<gx:altitudeMode>relativeToSeaFloor</gx:altitudeMode>
						</LookAt>
					</gx:FlyTo>
					<gx:FlyTo>
						<gx:duration>0.2435099999993326</gx:duration>
						<gx:flyToMode>smooth</gx:flyToMode>
						<LookAt>
							<gx:horizFov>59.99999999999999</gx:horizFov>
							<longitude>15.63191095921898</longitude>
							<latitude>78.21898605511116</latitude>
							<altitude>0</altitude>
							<heading>-9.961475963297486</heading>
							<tilt>56.51869301632466</tilt>
							<range>3074.825877885145</range>
							<gx:altitudeMode>relativeToSeaFloor</gx:altitudeMode>
						</LookAt>
					</gx:FlyTo>
					<gx:FlyTo>
						<gx:duration>0.2235889999992651</gx:duration>
						<gx:flyToMode>smooth</gx:flyToMode>
						<Camera>
							<gx:horizFov>59.99999999999999</gx:horizFov>
							<longitude>15.6578836012069</longitude>
							<latitude>78.19418695675056</latitude>
							<altitude>1489.696191985449</altitude>
							<heading>-13.2591945754918</heading>
							<tilt>56.59664778768537</tilt>
							<roll>-0.634539450474064</roll>
							<gx:altitudeMode>relativeToSeaFloor</gx:altitudeMode>
						</Camera>
					</gx:FlyTo>
					<gx:FlyTo>
						<gx:duration>0.23403000000053</gx:duration>
						<gx:flyToMode>smooth</gx:flyToMode>
						<Camera>
							<gx:horizFov>59.99999999999999</gx:horizFov>
							<longitude>15.66783830171549</longitude>
							<latitude>78.19252985144171</latitude>
							<altitude>1716.881400216542</altitude>
							<heading>-17.93259844974462</heading>
							<tilt>56.76897125359465</tilt>
							<roll>-1.11773406885854</roll>
							<gx:altitudeMode>relativeToSeaFloor</gx:altitudeMode>
						</Camera>
					</gx:FlyTo>
					<gx:FlyTo>
						<gx:duration>0.2344769999999698</gx:duration>
						<gx:flyToMode>smooth</gx:flyToMode>
						<Camera>
							<gx:horizFov>59.99999999999999</gx:horizFov>
							<longitude>15.68127722363056</longitude>
							<latitude>78.19170495843038</latitude>
							<altitude>1874.523935656962</altitude>
							<heading>-23.79239363791836</heading>
							<tilt>57.03238608563585</tilt>
							<roll>-1.697089453155383</roll>
							<gx:altitudeMode>relativeToSeaFloor</gx:altitudeMode>
						</Camera>
					</gx:FlyTo>
					<gx:FlyTo>
						<gx:duration>0.225640999999996</gx:duration>
						<gx:flyToMode>smooth</gx:flyToMode>
						<Camera>
							<gx:horizFov>59.99999999999999</gx:horizFov>
							<longitude>15.6969077936308</longitude>
							<latitude>78.19199735260568</latitude>
							<altitude>2015.662762885374</altitude>
							<heading>-30.37973978321091</heading>
							<tilt>57.38823269038926</tilt>
							<roll>-2.30603704910014</roll>
							<gx:altitudeMode>relativeToSeaFloor</gx:altitudeMode>
						</Camera>
					</gx:FlyTo>
					<gx:FlyTo>
						<gx:duration>0.2064829999999347</gx:duration>
						<gx:flyToMode>smooth</gx:flyToMode>
						<Camera>
							<gx:horizFov>59.99999999999999</gx:horizFov>
							<longitude>15.71246236868531</longitude>
							<latitude>78.19338511483801</latitude>
							<altitude>2091.806410561527</altitude>
							<heading>-37.05004835041937</heading>
							<tilt>57.80879572349604</tilt>
							<roll>-2.868921206829904</roll>
							<gx:altitudeMode>relativeToSeaFloor</gx:altitudeMode>
						</Camera>
					</gx:FlyTo>
					<gx:FlyTo>
						<gx:duration>0.2295930000000226</gx:duration>
						<gx:flyToMode>smooth</gx:flyToMode>
						<Camera>
							<gx:horizFov>59.99999999999999</gx:horizFov>
							<longitude>15.72971594846328</longitude>
							<latitude>78.19632095566791</latitude>
							<altitude>2341.206520371591</altitude>
							<heading>-45.0926731285943</heading>
							<tilt>58.38924048931072</tilt>
							<roll>-3.464748392151033</roll>
							<gx:altitudeMode>relativeToSeaFloor</gx:altitudeMode>
						</Camera>
					</gx:FlyTo>
					<gx:FlyTo>
						<gx:duration>0.2238870000010138</gx:duration>
						<gx:flyToMode>smooth</gx:flyToMode>
						<Camera>
							<gx:horizFov>59.99999999999999</gx:horizFov>
							<longitude>15.7445833191371</longitude>
							<latitude>78.20061362223296</latitude>
							<altitude>2600.087746975924</altitude>
							<heading>-53.42698966711453</heading>
							<tilt>59.06484065455867</tilt>
							<roll>-3.974618422514502</roll>
							<gx:altitudeMode>relativeToSeaFloor</gx:altitudeMode>
						</Camera>
					</gx:FlyTo>
					<gx:FlyTo>
						<gx:duration>0.2171560000006139</gx:duration>
						<gx:flyToMode>smooth</gx:flyToMode>
						<Camera>
							<gx:horizFov>59.99999999999999</gx:horizFov>
							<longitude>15.75521551592447</longitude>
							<latitude>78.20599108935538</latitude>
							<altitude>2610.971110082119</altitude>
							<heading>-61.82373934016283</heading>
							<tilt>59.80846384797706</tilt>
							<roll>-4.36659736659475</roll>
							<gx:altitudeMode>relativeToSeaFloor</gx:altitudeMode>
						</Camera>
					</gx:FlyTo>
					<gx:FlyTo>
						<gx:duration>0.2257970000000569</gx:duration>
						<gx:flyToMode>smooth</gx:flyToMode>
						<Camera>
							<gx:horizFov>59.99999999999999</gx:horizFov>
							<longitude>15.76056982804702</longitude>
							<latitude>78.21261170837415</latitude>
							<altitude>2540.203563259106</altitude>
							<heading>-70.80710800519144</heading>
							<tilt>60.65676439974889</tilt>
							<roll>-4.641131833979223</roll>
							<gx:altitudeMode>relativeToSeaFloor</gx:altitudeMode>
						</Camera>
					</gx:FlyTo>
					<gx:FlyTo>
						<gx:duration>0.2393510000001697</gx:duration>
						<gx:flyToMode>smooth</gx:flyToMode>
						<Camera>
							<gx:horizFov>59.99999999999999</gx:horizFov>
							<longitude>15.75834562527242</longitude>
							<latitude>78.22028793265106</latitude>
							<altitude>2444.019939119527</altitude>
							<heading>-80.43168047771893</heading>
							<tilt>61.60333268790188</tilt>
							<roll>-4.761854423694077</roll>
							<gx:altitudeMode>relativeToSeaFloor</gx:altitudeMode>
						</Camera>
					</gx:FlyTo>
					<gx:FlyTo>
						<gx:duration>0.2255960000002233</gx:duration>
						<gx:flyToMode>smooth</gx:flyToMode>
						<Camera>
							<gx:horizFov>59.99999999999999</gx:horizFov>
							<longitude>15.74824290088232</longitude>
							<latitude>78.22757750885009</latitude>
							<altitude>2320.640142161017</altitude>
							<heading>-89.43258928535741</heading>
							<tilt>62.50068802224263</tilt>
							<roll>-4.709774915235681</roll>
							<gx:altitudeMode>relativeToSeaFloor</gx:altitudeMode>
						</Camera>
					</gx:FlyTo>
					<gx:FlyTo>
						<gx:duration>0.2012100000001737</gx:duration>
						<gx:flyToMode>smooth</gx:flyToMode>
						<Camera>
							<gx:horizFov>59.99999999999999</gx:horizFov>
							<longitude>15.73284954225535</longitude>
							<latitude>78.23373439717992</latitude>
							<altitude>2154.303421636663</altitude>
							<heading>-97.36507120353572</heading>
							<tilt>63.28278573688511</tilt>
							<roll>-4.532944404217825</roll>
							<gx:altitudeMode>relativeToSeaFloor</gx:altitudeMode>
						</Camera>
					</gx:FlyTo>
					<gx:FlyTo>
						<gx:duration>0.2162829999997484</gx:duration>
						<gx:flyToMode>smooth</gx:flyToMode>
						<Camera>
							<gx:horizFov>59.99999999999999</gx:horizFov>
							<longitude>15.71020453548767</longitude>
							<latitude>78.23963656369614</latitude>
							<altitude>2006.5867762963</altitude>
							<heading>-105.7801005662212</heading>
							<tilt>64.08542063833302</tilt>
							<roll>-4.215583451576046</roll>
							<gx:altitudeMode>relativeToSeaFloor</gx:altitudeMode>
						</Camera>
					</gx:FlyTo>
					<gx:FlyTo>
						<gx:duration>0.2544339999994918</gx:duration>
						<gx:flyToMode>smooth</gx:flyToMode>
						<Camera>
							<gx:horizFov>59.99999999999999</gx:horizFov>
							<longitude>15.67837762603817</longitude>
							<latitude>78.24499768190068</latitude>
							<altitude>1790.409126031482</altitude>
							<heading>-115.1114828487198</heading>
							<tilt>64.92143492937944</tilt>
							<roll>-3.71623519411797</roll>
							<gx:altitudeMode>relativeToSeaFloor</gx:altitudeMode>
						</Camera>
					</gx:FlyTo>
					<gx:FlyTo>
						<gx:duration>0.2077299999991737</gx:duration>
						<gx:flyToMode>smooth</gx:flyToMode>
						<Camera>
							<gx:horizFov>59.99999999999999</gx:horizFov>
							<longitude>15.64920472533898</longitude>
							<latitude>78.24805518701271</latitude>
							<altitude>1601.520588977492</altitude>
							<heading>-122.4834422997424</heading>
							<tilt>65.52693290271748</tilt>
							<roll>-3.220752846265036</roll>
							<gx:altitudeMode>relativeToSeaFloor</gx:altitudeMode>
						</Camera>
					</gx:FlyTo>
					<gx:FlyTo>
						<gx:duration>0.2270380000009027</gx:duration>
						<gx:flyToMode>smooth</gx:flyToMode>
						<Camera>
							<gx:horizFov>59.99999999999999</gx:horizFov>
							<longitude>15.61727189047099</longitude>
							<latitude>78.24983858234752</latitude>
							<altitude>1402.737191000398</altitude>
							<heading>-129.9135371656303</heading>
							<tilt>66.07642615501747</tilt>
							<roll>-2.640275564955469</roll>
							<gx:altitudeMode>relativeToSeaFloor</gx:altitudeMode>
						</Camera>
					</gx:FlyTo>
					<gx:FlyTo>
						<gx:duration>0.2095429999999396</gx:duration>
						<gx:flyToMode>smooth</gx:flyToMode>
						<Camera>
							<gx:horizFov>59.99999999999999</gx:horizFov>
							<longitude>15.58952241965251</longitude>
							<latitude>78.25015871724983</latitude>
							<altitude>1234.220094265223</altitude>
							<heading>-136.1114881758543</heading>
							<tilt>66.4811206424524</tilt>
							<roll>-2.100803796176251</roll>
							<gx:altitudeMode>relativeToSeaFloor</gx:altitudeMode>
						</Camera>
					</gx:FlyTo>
					<gx:FlyTo>
						<gx:duration>0.2160279999989143</gx:duration>
						<gx:flyToMode>smooth</gx:flyToMode>
						<Camera>
							<gx:horizFov>59.99999999999999</gx:horizFov>
							<longitude>15.56308257132583</longitude>
							<latitude>78.24932333522943</latitude>
							<altitude>1000.413237790856</altitude>
							<heading>-141.9611352868233</heading>
							<tilt>66.81355149611211</tilt>
							<roll>-1.551532949995321</roll>
							<gx:altitudeMode>relativeToSeaFloor</gx:altitudeMode>
						</Camera>
					</gx:FlyTo>
					<gx:FlyTo>
						<gx:duration>0.2255979999990814</gx:duration>
						<gx:flyToMode>smooth</gx:flyToMode>
						<Camera>
							<gx:horizFov>59.99999999999999</gx:horizFov>
							<longitude>15.53994083677133</longitude>
							<latitude>78.24747201396112</latitude>
							<altitude>794.4913374310119</altitude>
							<heading>-147.1317525837376</heading>
							<tilt>67.06451426926513</tilt>
							<roll>-1.038186438896632</roll>
							<gx:altitudeMode>relativeToSeaFloor</gx:altitudeMode>
						</Camera>
					</gx:FlyTo>
					<gx:FlyTo>
						<gx:duration>0.2184440000000905</gx:duration>
						<gx:flyToMode>smooth</gx:flyToMode>
						<Camera>
							<gx:horizFov>59.99999999999999</gx:horizFov>
							<longitude>15.52189885257294</longitude>
							<latitude>78.24502046882188</latitude>
							<altitude>601.6337838343323</altitude>
							<heading>-151.2138955714777</heading>
							<tilt>67.23296805550765</tilt>
							<roll>-0.6172824407547377</roll>
							<gx:altitudeMode>relativeToSeaFloor</gx:altitudeMode>
						</Camera>
					</gx:FlyTo>
					<gx:FlyTo>
						<gx:duration>0.2194979999994757</gx:duration>
						<gx:flyToMode>smooth</gx:flyToMode>
						<LookAt>
							<gx:horizFov>59.99999999999999</gx:horizFov>
							<longitude>15.492872979203</longitude>
							<latitude>78.23562171592793</latitude>
							<altitude>0</altitude>
							<heading>-154.0122192924442</heading>
							<tilt>67.3402627898266</tilt>
							<range>929.3834624180955</range>
							<gx:altitudeMode>relativeToSeaFloor</gx:altitudeMode>
						</LookAt>
					</gx:FlyTo>
					<gx:FlyTo>
						<gx:duration>0.2371239999993122</gx:duration>
						<gx:flyToMode>smooth</gx:flyToMode>
						<LookAt>
							<gx:horizFov>59.99999999999999</gx:horizFov>
							<longitude>15.49144133933386</longitude>
							<latitude>78.23586161429792</latitude>
							<altitude>0</altitude>
							<heading>-155.5495573081176</heading>
							<tilt>67.38787860424449</tilt>
							<range>629.4382321573298</range>
							<gx:altitudeMode>relativeToSeaFloor</gx:altitudeMode>
						</LookAt>
					</gx:FlyTo>
					<gx:FlyTo>
						<gx:duration>0.217517000000953</gx:duration>
						<gx:flyToMode>smooth</gx:flyToMode>
						<LookAt>
							<gx:horizFov>59.99999999999999</gx:horizFov>
							<longitude>15.49075234866794</longitude>
							<latitude>78.23596056237895</latitude>
							<altitude>0</altitude>
							<heading>-156.2568109240071</heading>
							<tilt>67.408425505952</tilt>
							<range>454.1529710456693</range>
							<gx:altitudeMode>relativeToSeaFloor</gx:altitudeMode>
						</LookAt>
					</gx:FlyTo>
					<gx:FlyTo>
						<gx:duration>0.1941049999986717</gx:duration>
						<gx:flyToMode>smooth</gx:flyToMode>
						<LookAt>
							<gx:horizFov>59.99999999999999</gx:horizFov>
							<longitude>15.49039252641937</longitude>
							<latitude>78.23599522693448</latitude>
							<altitude>0</altitude>
							<heading>-156.5972568177298</heading>
							<tilt>67.41801993198446</tilt>
							<range>349.6043652422174</range>
							<gx:altitudeMode>relativeToSeaFloor</gx:altitudeMode>
						</LookAt>
					</gx:FlyTo>
					<gx:FlyTo>
						<gx:duration>0.2352849999997488</gx:duration>
						<gx:flyToMode>smooth</gx:flyToMode>
						<LookAt>
							<gx:horizFov>59.99999999999999</gx:horizFov>
							<longitude>15.490151284509</longitude>
							<latitude>78.23601131315925</latitude>
							<altitude>0</altitude>
							<heading>-156.8138795696122</heading>
							<tilt>67.42402598917877</tilt>
							<range>265.5782575247299</range>
							<gx:altitudeMode>relativeToSeaFloor</gx:altitudeMode>
						</LookAt>
					</gx:FlyTo>
					<gx:FlyTo>
						<gx:duration>0.2341620000006515</gx:duration>
						<gx:flyToMode>smooth</gx:flyToMode>
						<LookAt>
							<gx:horizFov>59.99999999999999</gx:horizFov>
							<longitude>15.49003036229074</longitude>
							<latitude>78.23601762345405</latitude>
							<altitude>0</altitude>
							<heading>-156.9197048853734</heading>
							<tilt>67.42693197258488</tilt>
							<range>211.6605661843313</range>
							<gx:altitudeMode>relativeToSeaFloor</gx:altitudeMode>
						</LookAt>
					</gx:FlyTo>
					<gx:FlyTo>
						<gx:duration>0.2167740000004414</gx:duration>
						<gx:flyToMode>smooth</gx:flyToMode>
						<LookAt>
							<gx:horizFov>59.99999999999999</gx:horizFov>
							<longitude>15.48997250449629</longitude>
							<latitude>78.23601947430402</latitude>
							<altitude>0</altitude>
							<heading>-156.9684546388001</heading>
							<tilt>67.4282651727371</tilt>
							<range>179.2373264700371</range>
							<gx:altitudeMode>relativeToSeaFloor</gx:altitudeMode>
						</LookAt>
					</gx:FlyTo>
					<gx:FlyTo>
						<gx:duration>0.2202459999998609</gx:duration>
						<gx:flyToMode>smooth</gx:flyToMode>
						<LookAt>
							<gx:horizFov>59.99999999999999</gx:horizFov>
							<longitude>15.48994025375561</longitude>
							<latitude>78.23601949444819</latitude>
							<altitude>0</altitude>
							<heading>-156.9939785542587</heading>
							<tilt>67.4289625221827</tilt>
							<range>157.296335200705</range>
							<gx:altitudeMode>relativeToSeaFloor</gx:altitudeMode>
						</LookAt>
					</gx:FlyTo>
					<gx:FlyTo>
						<gx:duration>0.2192079999995258</gx:duration>
						<gx:flyToMode>smooth</gx:flyToMode>
						<LookAt>
							<gx:horizFov>59.99999999999999</gx:horizFov>
							<longitude>15.48992266703589</longitude>
							<latitude>78.2360188931157</latitude>
							<altitude>0</altitude>
							<heading>-157.0068962239295</heading>
							<tilt>67.42931564851911</tilt>
							<range>142.8830631944221</range>
							<gx:altitudeMode>relativeToSeaFloor</gx:altitudeMode>
						</LookAt>
					</gx:FlyTo>
					<gx:FlyTo>
						<gx:duration>0.2039260000001377</gx:duration>
						<gx:flyToMode>smooth</gx:flyToMode>
						<LookAt>
							<gx:horizFov>59.99999999999999</gx:horizFov>
							<longitude>15.48991327440014</longitude>
							<latitude>78.23601820181024</latitude>
							<altitude>0</altitude>
							<heading>-157.0131884726616</heading>
							<tilt>67.42948796301465</tilt>
							<range>133.8431883093874</range>
							<gx:altitudeMode>relativeToSeaFloor</gx:altitudeMode>
						</LookAt>
					</gx:FlyTo>
					<gx:FlyTo>
						<gx:duration>0.231260000000475</gx:duration>
						<gx:flyToMode>smooth</gx:flyToMode>
						<LookAt>
							<gx:horizFov>59.99999999999999</gx:horizFov>
							<longitude>15.48990705153242</longitude>
							<latitude>78.23601746417009</latitude>
							<altitude>0</altitude>
							<heading>-157.0168989879395</heading>
							<tilt>67.42958988392643</tilt>
							<range>126.9538417200654</range>
							<gx:altitudeMode>relativeToSeaFloor</gx:altitudeMode>
						</LookAt>
					</gx:FlyTo>
					<gx:FlyTo>
						<gx:duration>0.2183960000011211</gx:duration>
						<gx:flyToMode>smooth</gx:flyToMode>
						<LookAt>
							<gx:horizFov>59.99999999999999</gx:horizFov>
							<longitude>15.48990362352776</longitude>
							<latitude>78.2360168852459</latitude>
							<altitude>0</altitude>
							<heading>-157.0186595298092</heading>
							<tilt>67.42963847028393</tilt>
							<range>122.671228483226</range>
							<gx:altitudeMode>relativeToSeaFloor</gx:altitudeMode>
						</LookAt>
					</gx:FlyTo>
					<gx:FlyTo>
						<gx:duration>0.2218489999995654</gx:duration>
						<gx:flyToMode>smooth</gx:flyToMode>
						<LookAt>
							<gx:horizFov>59.99999999999999</gx:horizFov>
							<longitude>15.48990148422118</longitude>
							<latitude>78.23601641735142</latitude>
							<altitude>0</altitude>
							<heading>-157.0195830796567</heading>
							<tilt>67.42966412492864</tilt>
							<range>119.7468172859342</range>
							<gx:altitudeMode>relativeToSeaFloor</gx:altitudeMode>
						</LookAt>
					</gx:FlyTo>
					<gx:FlyTo>
						<gx:duration>0.221585000000232</gx:duration>
						<gx:flyToMode>smooth</gx:flyToMode>
						<LookAt>
							<gx:horizFov>59.99999999999999</gx:horizFov>
							<longitude>15.48990015599056</longitude>
							<latitude>78.23601606249196</latitude>
							<altitude>0</altitude>
							<heading>-157.0200504171294</heading>
							<tilt>67.42967722794401</tilt>
							<range>117.8135606784552</range>
							<gx:altitudeMode>relativeToSeaFloor</gx:altitudeMode>
						</LookAt>
					</gx:FlyTo>
					<gx:FlyTo>
						<gx:duration>0.2235659999996642</gx:duration>
						<gx:flyToMode>smooth</gx:flyToMode>
						<LookAt>
							<gx:horizFov>59.99999999999999</gx:horizFov>
							<longitude>15.48989930435904</longitude>
							<latitude>78.23601579750169</latitude>
							<altitude>0</altitude>
							<heading>-157.0202887208938</heading>
							<tilt>67.42968399586864</tilt>
							<range>116.5258957361883</range>
							<gx:altitudeMode>relativeToSeaFloor</gx:altitudeMode>
						</LookAt>
					</gx:FlyTo>
					<gx:FlyTo>
						<gx:duration>0.2355379999989964</gx:duration>
						<gx:flyToMode>smooth</gx:flyToMode>
						<LookAt>
							<gx:horizFov>59.99999999999999</gx:horizFov>
							<longitude>15.48989874640915</longitude>
							<latitude>78.23601560230718</latitude>
							<altitude>0</altitude>
							<heading>-157.0204098868676</heading>
							<tilt>67.42968749927381</tilt>
							<range>115.6702458472139</range>
							<gx:altitudeMode>relativeToSeaFloor</gx:altitudeMode>
						</LookAt>
					</gx:FlyTo>
					<gx:FlyTo>
						<gx:duration>0.1995110000007116</gx:duration>
						<gx:flyToMode>smooth</gx:flyToMode>
						<LookAt>
							<gx:horizFov>59.99999999999999</gx:horizFov>
							<longitude>15.48989837289307</longitude>
							<latitude>78.23601546028441</latitude>
							<altitude>0</altitude>
							<heading>-157.0204715456267</heading>
							<tilt>67.42968932612446</tilt>
							<range>115.100893577909</range>
							<gx:altitudeMode>relativeToSeaFloor</gx:altitudeMode>
						</LookAt>
					</gx:FlyTo>
					<gx:FlyTo>
						<gx:duration>0.1087689999994836</gx:duration>
						<gx:flyToMode>smooth</gx:flyToMode>
						<LookAt>
							<gx:horizFov>59.99999999999999</gx:horizFov>
							<longitude>15.48989812381245</longitude>
							<latitude>78.23601535917756</latitude>
							<altitude>0</altitude>
							<heading>-157.0205023623767</heading>
							<tilt>67.42969027021263</tilt>
							<range>114.7295328084979</range>
							<gx:altitudeMode>relativeToSeaFloor</gx:altitudeMode>
						</LookAt>
					</gx:FlyTo>
					<gx:FlyTo>
						<gx:duration>0.09853999999995722</gx:duration>
						<gx:flyToMode>smooth</gx:flyToMode>
						<LookAt>
							<gx:horizFov>59.99999999999999</gx:horizFov>
							<longitude>15.48989795257515</longitude>
							<latitude>78.23601528603982</latitude>
							<altitude>0</altitude>
							<heading>-157.0205181484928</heading>
							<tilt>67.42969077579032</tilt>
							<range>114.4822034408714</range>
							<gx:altitudeMode>relativeToSeaFloor</gx:altitudeMode>
						</LookAt>
					</gx:FlyTo>
					<gx:FlyTo>
						<gx:duration>0.04064399999970192</gx:duration>
						<gx:flyToMode>smooth</gx:flyToMode>
						<LookAt>
							<gx:horizFov>59.99999999999999</gx:horizFov>
							<longitude>15.48989785220849</longitude>
							<latitude>78.23601524215485</latitude>
							<altitude>0</altitude>
							<heading>-157.0205251296415</heading>
							<tilt>67.42969101130551</tilt>
							<range>114.3430117007445</range>
							<gx:altitudeMode>relativeToSeaFloor</gx:altitudeMode>
						</LookAt>
					</gx:FlyTo>
					<gx:FlyTo>
						<gx:duration>0.05036500000005617</gx:duration>
						<gx:flyToMode>smooth</gx:flyToMode>
						<LookAt>
							<gx:horizFov>59.99999999999999</gx:horizFov>
							<longitude>15.48989775398496</longitude>
							<latitude>78.23601519816901</latitude>
							<altitude>0</altitude>
							<heading>-157.0205302423762</heading>
							<tilt>67.42969119600396</tilt>
							<range>114.2127829702874</range>
							<gx:altitudeMode>relativeToSeaFloor</gx:altitudeMode>
						</LookAt>
					</gx:FlyTo>
					<gx:FlyTo>
						<gx:duration>0.01572200000100565</gx:duration>
						<gx:flyToMode>smooth</gx:flyToMode>
						<LookAt>
							<gx:horizFov>59.99999999999999</gx:horizFov>
							<longitude>15.48989772136446</longitude>
							<latitude>78.23601518298759</latitude>
							<altitude>0</altitude>
							<heading>-157.0205315317889</heading>
							<tilt>67.4296912467626</tilt>
							<range>114.1719039256868</range>
							<gx:altitudeMode>relativeToSeaFloor</gx:altitudeMode>
						</LookAt>
					</gx:FlyTo>
					<gx:FlyTo>
						<gx:duration>0.03388600000016595</gx:duration>
						<gx:flyToMode>smooth</gx:flyToMode>
						<LookAt>
							<gx:horizFov>59.99999999999999</gx:horizFov>
							<longitude>15.48989765754319</longitude>
							<latitude>78.23601515367629</latitude>
							<altitude>0</altitude>
							<heading>-157.0205334869149</heading>
							<tilt>67.42969133028356</tilt>
							<range>114.0948777073181</range>
							<gx:altitudeMode>relativeToSeaFloor</gx:altitudeMode>
						</LookAt>
					</gx:FlyTo>
					<gx:FlyTo>
						<gx:duration>0.0158449999998993</gx:duration>
						<gx:flyToMode>smooth</gx:flyToMode>
						<LookAt>
							<gx:horizFov>59.99999999999999</gx:horizFov>
							<longitude>15.48989762527472</longitude>
							<latitude>78.23601513858077</latitude>
							<altitude>0</altitude>
							<heading>-157.0205341537337</heading>
							<tilt>67.42969136401945</tilt>
							<range>114.0594870940047</range>
							<gx:altitudeMode>relativeToSeaFloor</gx:altitudeMode>
						</LookAt>
					</gx:FlyTo>
					<gx:FlyTo>
						<gx:duration>0.0174380000007659</gx:duration>
						<gx:flyToMode>smooth</gx:flyToMode>
						<LookAt>
							<gx:horizFov>59.99999999999999</gx:horizFov>
							<longitude>15.48989759383016</longitude>
							<latitude>78.23601512362347</latitude>
							<altitude>0</altitude>
							<heading>-157.0205346123539</heading>
							<tilt>67.42969139192368</tilt>
							<range>114.0269512481697</range>
							<gx:altitudeMode>relativeToSeaFloor</gx:altitudeMode>
						</LookAt>
					</gx:FlyTo>
					<gx:FlyTo>
						<gx:duration>0.01718499999969936</gx:duration>
						<gx:flyToMode>smooth</gx:flyToMode>
						<LookAt>
							<gx:horizFov>59.99999999999999</gx:horizFov>
							<longitude>15.48989756273091</longitude>
							<latitude>78.23601510869894</latitude>
							<altitude>0</altitude>
							<heading>-157.0205348632174</heading>
							<tilt>67.42969141413116</tilt>
							<range>113.9988392258232</range>
							<gx:altitudeMode>relativeToSeaFloor</gx:altitudeMode>
						</LookAt>
					</gx:FlyTo>
					<gx:Wait><gx:duration>0.01310900000044057</gx:duration>
</gx:Wait>
					<gx:FlyTo>
						<gx:duration>4.699999954027589e-05</gx:duration>
						<gx:flyToMode>smooth</gx:flyToMode>
						<LookAt>
							<gx:horizFov>59.99999999999999</gx:horizFov>
							<longitude>15.48989754481562</longitude>
							<latitude>78.23601510055538</latitude>
							<altitude>0</altitude>
							<heading>-157.0205349135046</heading>
							<tilt>67.42969142394676</tilt>
							<range>113.9874308572257</range>
							<gx:altitudeMode>relativeToSeaFloor</gx:altitudeMode>
						</LookAt>
					</gx:FlyTo>
					<gx:Wait><gx:duration>3.085818999999901</gx:duration>
</gx:Wait>
					<gx:AnimatedUpdate>
						<Update>
							<targetHref></targetHref>
							<Change><Placemark targetId="SvalbardGlobalSeedVault"><gx:balloonVisibility>0</gx:balloonVisibility></Placemark></Change>
						</Update>
					</gx:AnimatedUpdate>
					<gx:Wait><gx:duration>3.500000002532033e-05</gx:duration>
</gx:Wait>
					<gx:AnimatedUpdate>
						<Update>
							<targetHref></targetHref>
							<Change><Placemark targetId="ArcticWorldArchive"><gx:balloonVisibility>1</gx:balloonVisibility></Placemark></Change>
						</Update>
					</gx:AnimatedUpdate>
					<gx:Wait><gx:duration>0.1154859999996916</gx:duration>
</gx:Wait>
					<gx:FlyTo>
						<gx:duration>0.08854299999893556</gx:duration>
						<gx:flyToMode>smooth</gx:flyToMode>
						<LookAt>
							<gx:horizFov>59.99999999999999</gx:horizFov>
							<longitude>15.48968028677207</longitude>
							<latitude>78.23600824178307</latitude>
							<altitude>0</altitude>
							<heading>-157.6220966007106</heading>
							<tilt>67.40080719759776</tilt>
							<range>256.8624716081917</range>
							<gx:altitudeMode>relativeToSeaFloor</gx:altitudeMode>
						</LookAt>
					</gx:FlyTo>
					<gx:FlyTo>
						<gx:duration>0.2297669999998107</gx:duration>
						<gx:flyToMode>smooth</gx:flyToMode>
						<LookAt>
							<gx:horizFov>59.99999999999999</gx:horizFov>
							<longitude>15.48906544424278</longitude>
							<latitude>78.23602595650979</latitude>
							<altitude>0</altitude>
							<heading>-159.5606139983099</heading>
							<tilt>67.30002596874371</tilt>
							<range>454.5804504351099</range>
							<gx:altitudeMode>relativeToSeaFloor</gx:altitudeMode>
						</LookAt>
					</gx:FlyTo>
					<gx:FlyTo>
						<gx:duration>0.2040930000002845</gx:duration>
						<gx:flyToMode>smooth</gx:flyToMode>
						<Camera>
							<gx:horizFov>59.99999999999999</gx:horizFov>
							<longitude>15.49614850508771</longitude>
							<latitude>78.24110107681081</latitude>
							<altitude>318.0000843196513</altitude>
							<heading>-162.2463191549245</heading>
							<tilt>67.13549431220561</tilt>
							<roll>1.004871158999278</roll>
							<gx:altitudeMode>relativeToSeaFloor</gx:altitudeMode>
						</Camera>
					</gx:FlyTo>
					<gx:FlyTo>
						<gx:duration>0.2288950000001932</gx:duration>
						<gx:flyToMode>smooth</gx:flyToMode>
						<Camera>
							<gx:horizFov>59.99999999999999</gx:horizFov>
							<longitude>15.49514598757074</longitude>
							<latitude>78.24295775596707</latitude>
							<altitude>410.1331045296388</altitude>
							<heading>-166.3237693559418</heading>
							<tilt>66.85100952791989</tilt>
							<roll>1.766322689309999</roll>
							<gx:altitudeMode>relativeToSeaFloor</gx:altitudeMode>
						</Camera>
					</gx:FlyTo>
					<gx:FlyTo>
						<gx:duration>0.2183620000005249</gx:duration>
						<gx:flyToMode>smooth</gx:flyToMode>
						<Camera>
							<gx:horizFov>59.99999999999999</gx:horizFov>
							<longitude>15.49207560334857</longitude>
							<latitude>78.24473475343068</latitude>
							<altitude>499.3114356846197</altitude>
							<heading>-171.1105360175126</heading>
							<tilt>66.45560144512829</tilt>
							<roll>2.6303115642216</roll>
							<gx:altitudeMode>relativeToSeaFloor</gx:altitudeMode>
						</Camera>
					</gx:FlyTo>
					<gx:FlyTo>
						<gx:duration>0.2406990000008591</gx:duration>
						<gx:flyToMode>smooth</gx:flyToMode>
						<Camera>
							<gx:horizFov>59.99999999999999</gx:horizFov>
							<longitude>15.48597024241256</longitude>
							<latitude>78.24658078658679</latitude>
							<altitude>602.4027201027588</altitude>
							<heading>-177.3332945924243</heading>
							<tilt>65.84711186029995</tilt>
							<roll>3.696055390424748</roll>
							<gx:altitudeMode>relativeToSeaFloor</gx:altitudeMode>
						</Camera>
					</gx:FlyTo>
					<gx:FlyTo>
						<gx:duration>0.2141460000002553</gx:duration>
						<gx:flyToMode>smooth</gx:flyToMode>
						<Camera>
							<gx:horizFov>59.99999999999999</gx:horizFov>
							<longitude>15.47822233202455</longitude>
							<latitude>78.24796697741385</latitude>
							<altitude>695.9849800940767</altitude>
							<heading>176.475339684926</heading>
							<tilt>65.14312472420714</tilt>
							<roll>4.680683126202574</roll>
							<gx:altitudeMode>relativeToSeaFloor</gx:altitudeMode>
						</Camera>
					</gx:FlyTo>
					<gx:FlyTo>
						<gx:duration>0.2324119999993854</gx:duration>
						<gx:flyToMode>smooth</gx:flyToMode>
						<Camera>
							<gx:horizFov>59.99999999999999</gx:horizFov>
							<longitude>15.46749698632398</longitude>
							<latitude>78.24907388574613</latitude>
							<altitude>794.2354573174691</altitude>
							<heading>169.0410075196142</heading>
							<tilt>64.18116941760356</tilt>
							<roll>5.746902188900921</roll>
							<gx:altitudeMode>relativeToSeaFloor</gx:altitudeMode>
						</Camera>
					</gx:FlyTo>
					<gx:FlyTo>
						<gx:duration>0.2166450000004261</gx:duration>
						<gx:flyToMode>smooth</gx:flyToMode>
						<Camera>
							<gx:horizFov>59.99999999999999</gx:horizFov>
							<longitude>15.45601881772254</longitude>
							<latitude>78.24959709000554</latitude>
							<altitude>878.6277833410929</altitude>
							<heading>161.6318341287305</heading>
							<tilt>63.11334056331816</tilt>
							<roll>6.666282620057397</roll>
							<gx:altitudeMode>relativeToSeaFloor</gx:altitudeMode>
						</Camera>
					</gx:FlyTo>
					<gx:FlyTo>
						<gx:duration>0.2294609999999011</gx:duration>
						<gx:flyToMode>smooth</gx:flyToMode>
						<Camera>
							<gx:horizFov>59.99999999999999</gx:horizFov>
							<longitude>15.4430298045025</longitude>
							<latitude>78.2495367242386</latitude>
							<altitude>963.3074596152346</altitude>
							<heading>153.2946416096122</heading>
							<tilt>61.80718392033604</tilt>
							<roll>7.509829718754296</roll>
							<gx:altitudeMode>relativeToSeaFloor</gx:altitudeMode>
						</Camera>
					</gx:FlyTo>
					<gx:FlyTo>
						<gx:duration>0.2201900000000023</gx:duration>
						<gx:flyToMode>smooth</gx:flyToMode>
						<Camera>
							<gx:horizFov>59.99999999999999</gx:horizFov>
							<longitude>15.4308053295365</longitude>
							<latitude>78.24886100411874</latitude>
							<altitude>1032.310755200238</altitude>
							<heading>144.9690610122215</heading>
							<tilt>60.42290832397068</tilt>
							<roll>8.132086619213853</roll>
							<gx:altitudeMode>relativeToSeaFloor</gx:altitudeMode>
						</Camera>
					</gx:FlyTo>
					<gx:FlyTo>
						<gx:duration>0.2302589999999327</gx:duration>
						<gx:flyToMode>smooth</gx:flyToMode>
						<Camera>
							<gx:horizFov>59.99999999999999</gx:horizFov>
							<longitude>15.41922660151495</longitude>
							<latitude>78.24755132037271</latitude>
							<altitude>1087.555968114926</altitude>
							<heading>135.9570709525735</heading>
							<tilt>58.87301190011794</tilt>
							<roll>8.541138100525986</roll>
							<gx:altitudeMode>relativeToSeaFloor</gx:altitudeMode>
						</Camera>
					</gx:FlyTo>
					<gx:FlyTo>
						<gx:duration>0.224542000000838</gx:duration>
						<gx:flyToMode>smooth</gx:flyToMode>
						<Camera>
							<gx:horizFov>59.99999999999999</gx:horizFov>
							<longitude>15.41006224933474</longitude>
							<latitude>78.24580180486697</latitude>
							<altitude>1122.950616542719</altitude>
							<heading>126.9984211895966</heading>
							<tilt>57.32038910760561</tilt>
							<roll>8.664376434649567</roll>
							<gx:altitudeMode>relativeToSeaFloor</gx:altitudeMode>
						</Camera>
					</gx:FlyTo>
					<gx:FlyTo>
						<gx:duration>0.2183510000004389</gx:duration>
						<gx:flyToMode>smooth</gx:flyToMode>
						<Camera>
							<gx:horizFov>59.99999999999999</gx:horizFov>
							<longitude>15.4037492968166</longitude>
							<latitude>78.2438139126438</latitude>
							<altitude>1130.8807979403</altitude>
							<heading>118.2063256938611</heading>
							<tilt>55.82459699699623</tilt>
							<roll>8.507076082597365</roll>
							<gx:altitudeMode>relativeToSeaFloor</gx:altitudeMode>
						</Camera>
					</gx:FlyTo>
					<gx:FlyTo>
						<gx:duration>0.2279050000006464</gx:duration>
						<gx:flyToMode>smooth</gx:flyToMode>
						<Camera>
							<gx:horizFov>59.99999999999999</gx:horizFov>
							<longitude>15.40018936966923</longitude>
							<latitude>78.24163539762492</latitude>
							<altitude>1085.473869706727</altitude>
							<heading>109.0432719176884</heading>
							<tilt>54.33424737131746</tilt>
							<roll>8.054083813575181</roll>
							<gx:altitudeMode>relativeToSeaFloor</gx:altitudeMode>
						</Camera>
					</gx:FlyTo>
					<gx:FlyTo>
						<gx:duration>0.2204519999995682</gx:duration>
						<gx:flyToMode>smooth</gx:flyToMode>
						<Camera>
							<gx:horizFov>59.99999999999999</gx:horizFov>
							<longitude>15.39964575323972</longitude>
							<latitude>78.23963056809923</latitude>
							<altitude>991.7695477359273</altitude>
							<heading>100.3486198044599</heading>
							<tilt>53.01749990485484</tilt>
							<roll>7.362718003221624</roll>
							<gx:altitudeMode>relativeToSeaFloor</gx:altitudeMode>
						</Camera>
					</gx:FlyTo>
					<gx:FlyTo>
						<gx:duration>0.2158519999993587</gx:duration>
						<gx:flyToMode>smooth</gx:flyToMode>
						<Camera>
							<gx:horizFov>59.99999999999999</gx:horizFov>
							<longitude>15.40155562032472</longitude>
							<latitude>78.23790789994521</latitude>
							<altitude>880.9138245436187</altitude>
							<heading>92.03765853023586</heading>
							<tilt>51.8727826665761</tilt>
							<roll>6.47982165200316</roll>
							<gx:altitudeMode>relativeToSeaFloor</gx:altitudeMode>
						</Camera>
					</gx:FlyTo>
					<gx:FlyTo>
						<gx:duration>0.2307449999998425</gx:duration>
						<gx:flyToMode>smooth</gx:flyToMode>
						<Camera>
							<gx:horizFov>59.99999999999999</gx:horizFov>
							<longitude>15.40567450903391</longitude>
							<latitude>78.23648012730092</latitude>
							<altitude>772.0970012669893</altitude>
							<heading>83.62325632636993</heading>
							<tilt>50.84757612417779</tilt>
							<roll>5.385409594319539</roll>
							<gx:altitudeMode>relativeToSeaFloor</gx:altitudeMode>
						</Camera>
					</gx:FlyTo>
					<gx:FlyTo>
						<gx:duration>0.2273099999993065</gx:duration>
						<gx:flyToMode>smooth</gx:flyToMode>
						<Camera>
							<gx:horizFov>59.99999999999999</gx:horizFov>
							<longitude>15.41112088152627</longitude>
							<latitude>78.23555745113079</latitude>
							<altitude>666.3244192456016</altitude>
							<heading>75.9538590848468</heading>
							<tilt>50.04420605872827</tilt>
							<roll>4.23292501080154</roll>
							<gx:altitudeMode>relativeToSeaFloor</gx:altitudeMode>
						</Camera>
					</gx:FlyTo>
					<gx:FlyTo>
						<gx:duration>0.2210990000003221</gx:duration>
						<gx:flyToMode>smooth</gx:flyToMode>
						<Camera>
							<gx:horizFov>59.99999999999999</gx:horizFov>
							<longitude>15.41709384782977</longitude>
							<latitude>78.23512853911275</latitude>
							<altitude>555.3601810575868</altitude>
							<heading>69.22906566384913</heading>
							<tilt>49.45067828841484</tilt>
							<roll>3.118012014453135</roll>
							<gx:altitudeMode>relativeToSeaFloor</gx:altitudeMode>
						</Camera>
					</gx:FlyTo>
					<gx:FlyTo>
						<gx:duration>0.2174599999998463</gx:duration>
						<gx:flyToMode>smooth</gx:flyToMode>
						<Camera>
							<gx:horizFov>59.99999999999999</gx:horizFov>
							<longitude>15.42303481807441</longitude>
							<latitude>78.23511847175267</latitude>
							<altitude>454.6460571644574</altitude>
							<heading>63.53808960438369</heading>
							<tilt>49.03341420841333</tilt>
							<roll>2.110312650409403</roll>
							<gx:altitudeMode>relativeToSeaFloor</gx:altitudeMode>
						</Camera>
					</gx:FlyTo>
					<gx:FlyTo>
						<gx:duration>0.2060320000000502</gx:duration>
						<gx:flyToMode>smooth</gx:flyToMode>
						<Camera>
							<gx:horizFov>59.99999999999999</gx:horizFov>
							<longitude>15.42835343057468</longitude>
							<latitude>78.23540750399802</latitude>
							<altitude>381.8149249716997</altitude>
							<heading>59.14136457104541</heading>
							<tilt>48.76614163094873</tilt>
							<roll>1.298110991670136</roll>
							<gx:altitudeMode>relativeToSeaFloor</gx:altitudeMode>
						</Camera>
					</gx:FlyTo>
					<gx:FlyTo>
						<gx:duration>0.2455359999994471</gx:duration>
						<gx:flyToMode>smooth</gx:flyToMode>
						<Camera>
							<gx:horizFov>59.99999999999999</gx:horizFov>
							<longitude>15.43346248719559</longitude>
							<latitude>78.23592488083969</latitude>
							<altitude>284.4672628832523</altitude>
							<heading>55.63444331259817</heading>
							<tilt>48.58817593365892</tilt>
							<roll>0.632630270688446</roll>
							<gx:altitudeMode>relativeToSeaFloor</gx:altitudeMode>
						</Camera>
					</gx:FlyTo>
					<gx:FlyTo>
						<gx:duration>0.218377999999575</gx:duration>
						<gx:flyToMode>smooth</gx:flyToMode>
						<LookAt>
							<gx:horizFov>59.99999999999999</gx:horizFov>
							<longitude>15.4473500983568</longitude>
							<latitude>78.23793281213153</latitude>
							<altitude>0</altitude>
							<heading>54.07770004924524</heading>
							<tilt>48.52170487020424</tilt>
							<range>411.2850938772823</range>
							<gx:altitudeMode>relativeToSeaFloor</gx:altitudeMode>
						</LookAt>
					</gx:FlyTo>
					<gx:FlyTo>
						<gx:duration>0.2208060000002661</gx:duration>
						<gx:flyToMode>smooth</gx:flyToMode>
						<LookAt>
							<gx:horizFov>59.99999999999999</gx:horizFov>
							<longitude>15.44716229633949</longitude>
							<latitude>78.23794493602446</latitude>
							<altitude>0</altitude>
							<heading>53.25111538150934</heading>
							<tilt>48.48740707695242</tilt>
							<range>335.399651921693</range>
							<gx:altitudeMode>relativeToSeaFloor</gx:altitudeMode>
						</LookAt>
					</gx:FlyTo>
					<gx:FlyTo>
						<gx:duration>0.2130459999998493</gx:duration>
						<gx:flyToMode>smooth</gx:flyToMode>
						<LookAt>
							<gx:horizFov>59.99999999999999</gx:horizFov>
							<longitude>15.44707272043763</longitude>
							<latitude>78.23795184646636</latitude>
							<altitude>0</altitude>
							<heading>52.8353652966759</heading>
							<tilt>48.47081940447209</tilt>
							<range>286.1183018331831</range>
							<gx:altitudeMode>relativeToSeaFloor</gx:altitudeMode>
						</LookAt>
					</gx:FlyTo>
					<gx:FlyTo>
						<gx:duration>0.2194049999989147</gx:duration>
						<gx:flyToMode>smooth</gx:flyToMode>
						<LookAt>
							<gx:horizFov>59.99999999999999</gx:horizFov>
							<longitude>15.44702790294336</longitude>
							<latitude>78.23795617953648</latitude>
							<altitude>0</altitude>
							<heading>52.61036820232502</heading>
							<tilt>48.46202827431538</tilt>
							<range>251.7334326760913</range>
							<gx:altitudeMode>relativeToSeaFloor</gx:altitudeMode>
						</LookAt>
					</gx:FlyTo>
					<gx:FlyTo>
						<gx:duration>0.2285249999995358</gx:duration>
						<gx:flyToMode>smooth</gx:flyToMode>
						<LookAt>
							<gx:horizFov>59.99999999999999</gx:horizFov>
							<longitude>15.44700683710206</longitude>
							<latitude>78.23795894153967</latitude>
							<altitude>0</altitude>
							<heading>52.49035791407811</heading>
							<tilt>48.45739300958166</tilt>
							<range>227.8225814008248</range>
							<gx:altitudeMode>relativeToSeaFloor</gx:altitudeMode>
						</LookAt>
					</gx:FlyTo>
					<gx:FlyTo>
						<gx:duration>0.2237299999997049</gx:duration>
						<gx:flyToMode>smooth</gx:flyToMode>
						<LookAt>
							<gx:horizFov>59.99999999999999</gx:horizFov>
							<longitude>15.4469985001866</longitude>
							<latitude>78.23796062132843</latitude>
							<altitude>0</altitude>
							<heading>52.43143408675664</heading>
							<tilt>48.45513113364924</tilt>
							<range>212.4309076949287</range>
							<gx:altitudeMode>relativeToSeaFloor</gx:altitudeMode>
						</LookAt>
					</gx:FlyTo>
					<gx:FlyTo>
						<gx:duration>0.2246439999989889</gx:duration>
						<gx:flyToMode>smooth</gx:flyToMode>
						<LookAt>
							<gx:horizFov>59.99999999999999</gx:horizFov>
							<longitude>15.44699569634704</longitude>
							<latitude>78.23796169014558</latitude>
							<altitude>0</altitude>
							<heading>52.40175133303537</heading>
							<tilt>48.45399540717949</tilt>
							<range>202.3097118790756</range>
							<gx:altitudeMode>relativeToSeaFloor</gx:altitudeMode>
						</LookAt>
					</gx:FlyTo>
					<gx:FlyTo>
						<gx:duration>0.2051820000006046</gx:duration>
						<gx:flyToMode>smooth</gx:flyToMode>
						<LookAt>
							<gx:horizFov>59.99999999999999</gx:horizFov>
							<longitude>15.44699524506168</longitude>
							<latitude>78.23796235340477</latitude>
							<altitude>0</altitude>
							<heading>52.38719743513018</heading>
							<tilt>48.45343957033635</tilt>
							<range>195.8795977939536</range>
							<gx:altitudeMode>relativeToSeaFloor</gx:altitudeMode>
						</LookAt>
					</gx:FlyTo>
					<gx:FlyTo>
						<gx:duration>0.2327009999989968</gx:duration>
						<gx:flyToMode>smooth</gx:flyToMode>
						<LookAt>
							<gx:horizFov>59.99999999999999</gx:horizFov>
							<longitude>15.44699573946517</longitude>
							<latitude>78.23796285960462</latitude>
							<altitude>0</altitude>
							<heading>52.3788421879273</heading>
							<tilt>48.45312088625721</tilt>
							<range>191.0810759538122</range>
							<gx:altitudeMode>relativeToSeaFloor</gx:altitudeMode>
						</LookAt>
					</gx:FlyTo>
					<gx:FlyTo>
						<gx:duration>0.1997209999999541</gx:duration>
						<gx:flyToMode>smooth</gx:flyToMode>
						<LookAt>
							<gx:horizFov>59.99999999999999</gx:horizFov>
							<longitude>15.44699642023359</longitude>
							<latitude>78.23796315479494</latitude>
							<altitude>0</altitude>
							<heading>52.37514176031865</heading>
							<tilt>48.45297990328829</tilt>
							<range>188.3153753387728</range>
							<gx:altitudeMode>relativeToSeaFloor</gx:altitudeMode>
						</LookAt>
					</gx:FlyTo>
					<gx:FlyTo>
						<gx:duration>0.2421709999998711</gx:duration>
						<gx:flyToMode>smooth</gx:flyToMode>
						<LookAt>
							<gx:horizFov>59.99999999999999</gx:horizFov>
							<longitude>15.44699723782305</longitude>
							<latitude>78.23796340053373</latitude>
							<altitude>0</altitude>
							<heading>52.37284346137402</heading>
							<tilt>48.45289244498327</tilt>
							<range>186.0873083503539</range>
							<gx:altitudeMode>relativeToSeaFloor</gx:altitudeMode>
						</LookAt>
					</gx:FlyTo>
					<gx:FlyTo>
						<gx:duration>0.2502590000003693</gx:duration>
						<gx:flyToMode>smooth</gx:flyToMode>
						<LookAt>
							<gx:horizFov>59.99999999999999</gx:horizFov>
							<longitude>15.44699787359428</longitude>
							<latitude>78.23796355231337</latitude>
							<altitude>0</altitude>
							<heading>52.37180752251911</heading>
							<tilt>48.45285308651066</tilt>
							<range>184.7619238553067</range>
							<gx:altitudeMode>relativeToSeaFloor</gx:altitudeMode>
						</LookAt>
					</gx:FlyTo>
					<gx:FlyTo>
						<gx:duration>0.1665679999996428</gx:duration>
						<gx:flyToMode>smooth</gx:flyToMode>
						<LookAt>
							<gx:horizFov>59.99999999999999</gx:horizFov>
							<longitude>15.44699840205128</longitude>
							<latitude>78.23796366177685</latitude>
							<altitude>0</altitude>
							<heading>52.37125782368062</heading>
							<tilt>48.45283224424231</tilt>
							<range>183.8451720550876</range>
							<gx:altitudeMode>relativeToSeaFloor</gx:altitudeMode>
						</LookAt>
					</gx:FlyTo>
					<gx:FlyTo>
						<gx:duration>0.1167900000000373</gx:duration>
						<gx:flyToMode>smooth</gx:flyToMode>
						<LookAt>
							<gx:horizFov>59.99999999999999</gx:horizFov>
							<longitude>15.44699879777026</longitude>
							<latitude>78.23796373926328</latitude>
							<altitude>0</altitude>
							<heading>52.37098334606532</heading>
							<tilt>48.45282186785188</tilt>
							<range>183.2465952534848</range>
							<gx:altitudeMode>relativeToSeaFloor</gx:altitudeMode>
						</LookAt>
					</gx:FlyTo>
					<gx:FlyTo>
						<gx:duration>0.08350600000085251</gx:duration>
						<gx:flyToMode>smooth</gx:flyToMode>
						<LookAt>
							<gx:horizFov>59.99999999999999</gx:horizFov>
							<longitude>15.44699909786423</longitude>
							<latitude>78.23796379388764</latitude>
							<altitude>0</altitude>
							<heading>52.37084295041927</heading>
							<tilt>48.45281658165405</tilt>
							<range>182.847504309877</range>
							<gx:altitudeMode>relativeToSeaFloor</gx:altitudeMode>
						</LookAt>
					</gx:FlyTo>
					<gx:FlyTo>
						<gx:duration>0.05581900000106543</gx:duration>
						<gx:flyToMode>smooth</gx:flyToMode>
						<LookAt>
							<gx:horizFov>59.99999999999999</gx:horizFov>
							<longitude>15.44699931416924</longitude>
							<latitude>78.23796383155376</latitude>
							<altitude>0</altitude>
							<heading>52.37077228112119</heading>
							<tilt>48.45281393512637</tilt>
							<range>182.5864533088106</range>
							<gx:altitudeMode>relativeToSeaFloor</gx:altitudeMode>
						</LookAt>
					</gx:FlyTo>
					<gx:FlyTo>
						<gx:duration>0.04415100000005623</gx:duration>
						<gx:flyToMode>smooth</gx:flyToMode>
						<LookAt>
							<gx:horizFov>59.99999999999999</gx:horizFov>
							<longitude>15.44699946803505</longitude>
							<latitude>78.2379638543992</latitude>
							<altitude>0</altitude>
							<heading>52.3707357257567</heading>
							<tilt>48.45281257332719</tilt>
							<range>182.4116849771216</range>
							<gx:altitudeMode>relativeToSeaFloor</gx:altitudeMode>
						</LookAt>
					</gx:FlyTo>
					<gx:FlyTo>
						<gx:duration>0.04024299999946379</gx:duration>
						<gx:flyToMode>smooth</gx:flyToMode>
						<LookAt>
							<gx:horizFov>59.99999999999999</gx:horizFov>
							<longitude>15.44699959948883</longitude>
							<latitude>78.23796387987827</latitude>
							<altitude>0</altitude>
							<heading>52.37071483974213</heading>
							<tilt>48.45281180840023</tilt>
							<range>182.2818110690706</range>
							<gx:altitudeMode>relativeToSeaFloor</gx:altitudeMode>
						</LookAt>
					</gx:FlyTo>
					<gx:FlyTo>
						<gx:duration>0.01612900000054651</gx:duration>
						<gx:flyToMode>smooth</gx:flyToMode>
						<LookAt>
							<gx:horizFov>59.99999999999999</gx:horizFov>
							<longitude>15.44699966661728</longitude>
							<latitude>78.23796389047629</latitude>
							<altitude>0</altitude>
							<heading>52.37070718494435</heading>
							<tilt>48.45281153112672</tilt>
							<range>182.2207881175194</range>
							<gx:altitudeMode>relativeToSeaFloor</gx:altitudeMode>
						</LookAt>
					</gx:FlyTo>
					<gx:FlyTo>
						<gx:duration>0.0162640000007741</gx:duration>
						<gx:flyToMode>smooth</gx:flyToMode>
						<LookAt>
							<gx:horizFov>59.99999999999999</gx:horizFov>
							<longitude>15.44699972950507</longitude>
							<latitude>78.23796390060366</latitude>
							<altitude>0</altitude>
							<heading>52.37070138285259</heading>
							<tilt>48.45281132373657</tilt>
							<range>182.1630579626328</range>
							<gx:altitudeMode>relativeToSeaFloor</gx:altitudeMode>
						</LookAt>
					</gx:FlyTo>
					<gx:FlyTo>
						<gx:duration>0.01076500000090164</gx:duration>
						<gx:flyToMode>smooth</gx:flyToMode>
						<LookAt>
							<gx:horizFov>59.99999999999999</gx:horizFov>
							<longitude>15.44699975645434</longitude>
							<latitude>78.23796389998698</latitude>
							<altitude>0</altitude>
							<heading>52.37069917732109</heading>
							<tilt>48.45281124242042</tilt>
							<range>182.1353698533112</range>
							<gx:altitudeMode>relativeToSeaFloor</gx:altitudeMode>
						</LookAt>
					</gx:FlyTo>
					<gx:FlyTo>
						<gx:duration>0.005881000000044878</gx:duration>
						<gx:flyToMode>smooth</gx:flyToMode>
						<LookAt>
							<gx:horizFov>59.99999999999999</gx:horizFov>
							<longitude>15.44699979690593</longitude>
							<latitude>78.23796391116224</latitude>
							<altitude>0</altitude>
							<heading>52.37069744252916</heading>
							<tilt>48.45281118819968</tilt>
							<range>182.1099098340565</range>
							<gx:altitudeMode>relativeToSeaFloor</gx:altitudeMode>
						</LookAt>
					</gx:FlyTo>
					<gx:FlyTo>
						<gx:duration>0.01118199999928038</gx:duration>
						<gx:flyToMode>smooth</gx:flyToMode>
						<LookAt>
							<gx:horizFov>59.99999999999999</gx:horizFov>
							<longitude>15.44699982721443</longitude>
							<latitude>78.23796391637048</latitude>
							<altitude>0</altitude>
							<heading>52.37069616520436</heading>
							<tilt>48.45281114641494</tilt>
							<range>182.0855206931165</range>
							<gx:altitudeMode>relativeToSeaFloor</gx:altitudeMode>
						</LookAt>
					</gx:FlyTo>
					<gx:FlyTo>
						<gx:duration>0.009013999999297084</gx:duration>
						<gx:flyToMode>smooth</gx:flyToMode>
						<LookAt>
							<gx:horizFov>59.99999999999999</gx:horizFov>
							<longitude>15.44699986362944</longitude>
							<latitude>78.23796392317307</latitude>
							<altitude>0</altitude>
							<heading>52.37069535776074</heading>
							<tilt>48.45281112430727</tilt>
							<range>182.0635326496574</range>
							<gx:altitudeMode>relativeToSeaFloor</gx:altitudeMode>
						</LookAt>
					</gx:FlyTo>
					<gx:FlyTo>
						<gx:duration>0.01036500000009255</gx:duration>
						<gx:flyToMode>smooth</gx:flyToMode>
						<LookAt>
							<gx:horizFov>59.99999999999999</gx:horizFov>
							<longitude>15.44699989591188</longitude>
							<latitude>78.23796392712521</latitude>
							<altitude>0</altitude>
							<heading>52.37069501218379</heading>
							<tilt>48.4528111175103</tilt>
							<range>182.0449451730173</range>
							<gx:altitudeMode>relativeToSeaFloor</gx:altitudeMode>
						</LookAt>
					</gx:FlyTo>
					<gx:Wait><gx:duration>0.01388799999949697</gx:duration>
</gx:Wait>
					<gx:FlyTo>
						<gx:duration>4.199999966658652e-05</gx:duration>
						<gx:flyToMode>smooth</gx:flyToMode>
						<LookAt>
							<gx:horizFov>59.99999999999999</gx:horizFov>
							<longitude>15.44699990672299</longitude>
							<latitude>78.2379639294455</latitude>
							<altitude>0</altitude>
							<heading>52.37069499945102</heading>
							<tilt>48.45281111979934</tilt>
							<range>182.0410504718768</range>
							<gx:altitudeMode>relativeToSeaFloor</gx:altitudeMode>
						</LookAt>
					</gx:FlyTo>
					<gx:Wait><gx:duration>15.650936</gx:duration>
</gx:Wait>
					<gx:AnimatedUpdate>
						<Update>
							<targetHref></targetHref>
							<Change><Placemark targetId="ArcticWorldArchive"><gx:balloonVisibility>0</gx:balloonVisibility></Placemark></Change>
						</Update>
					</gx:AnimatedUpdate>
					<gx:Wait><gx:duration>0.0002720000002227607</gx:duration>
</gx:Wait>
					<gx:AnimatedUpdate>
						<Update>
							<targetHref></targetHref>
							<Change><Placemark targetId="SvalbardSatellitestation"><gx:balloonVisibility>1</gx:balloonVisibility></Placemark></Change>
						</Update>
					</gx:AnimatedUpdate>
					<gx:Wait><gx:duration>0.1950539999998</gx:duration>
</gx:Wait>
					<gx:FlyTo>
						<gx:duration>0.272012999999788</gx:duration>
						<gx:flyToMode>smooth</gx:flyToMode>
						<LookAt>
							<gx:horizFov>59.99999999999999</gx:horizFov>
							<longitude>15.44725925319633</longitude>
							<latitude>78.23799913687377</latitude>
							<altitude>0</altitude>
							<heading>52.16772606885075</heading>
							<tilt>48.33105161195377</tilt>
							<range>317.2806158609002</range>
							<gx:altitudeMode>relativeToSeaFloor</gx:altitudeMode>
						</LookAt>
					</gx:FlyTo>
					<gx:FlyTo>
						<gx:duration>0.1980469999989509</gx:duration>
						<gx:flyToMode>smooth</gx:flyToMode>
						<LookAt>
							<gx:horizFov>59.99999999999999</gx:horizFov>
							<longitude>15.44717944456059</longitude>
							<latitude>78.23797442722038</latitude>
							<altitude>0</altitude>
							<heading>51.65156677103971</heading>
							<tilt>48.02087283739556</tilt>
							<range>480.3940461883391</range>
							<gx:altitudeMode>relativeToSeaFloor</gx:altitudeMode>
						</LookAt>
					</gx:FlyTo>
					<gx:FlyTo>
						<gx:duration>0.2514270000001488</gx:duration>
						<gx:flyToMode>smooth</gx:flyToMode>
						<Camera>
							<gx:horizFov>59.99999999999999</gx:horizFov>
							<longitude>15.42870290275505</longitude>
							<latitude>78.23486238682975</latitude>
							<altitude>386.0517954229875</altitude>
							<heading>50.56027247903178</heading>
							<tilt>47.36762627661933</tilt>
							<roll>0.8096396657538932</roll>
							<gx:altitudeMode>relativeToSeaFloor</gx:altitudeMode>
						</Camera>
					</gx:FlyTo>
					<gx:FlyTo>
						<gx:duration>0.2208420000006299</gx:duration>
						<gx:flyToMode>smooth</gx:flyToMode>
						<Camera>
							<gx:horizFov>59.99999999999999</gx:horizFov>
							<longitude>15.42296353301021</longitude>
							<latitude>78.23371050438497</latitude>
							<altitude>474.4571980613774</altitude>
							<heading>49.25459423738232</heading>
							<tilt>46.57505609650644</tilt>
							<roll>1.373636108131878</roll>
							<gx:altitudeMode>relativeToSeaFloor</gx:altitudeMode>
						</Camera>
					</gx:FlyTo>
					<gx:FlyTo>
						<gx:duration>0.214190000000599</gx:duration>
						<gx:flyToMode>smooth</gx:flyToMode>
						<Camera>
							<gx:horizFov>59.99999999999999</gx:horizFov>
							<longitude>15.41746511718057</longitude>
							<latitude>78.23248606953463</latitude>
							<altitude>556.6672121042689</altitude>
							<heading>47.70737008341222</heading>
							<tilt>45.62875164732077</tilt>
							<roll>2.016105504296854</roll>
							<gx:altitudeMode>relativeToSeaFloor</gx:altitudeMode>
						</Camera>
					</gx:FlyTo>
					<gx:FlyTo>
						<gx:duration>0.2387660000003962</gx:duration>
						<gx:flyToMode>smooth</gx:flyToMode>
						<Camera>
							<gx:horizFov>59.99999999999999</gx:horizFov>
							<longitude>15.41171282417243</longitude>
							<latitude>78.23103216813962</latitude>
							<altitude>701.2126648027362</altitude>
							<heading>45.68213409464094</heading>
							<tilt>44.38122438961094</tilt>
							<roll>2.812349184563122</roll>
							<gx:altitudeMode>relativeToSeaFloor</gx:altitudeMode>
						</Camera>
					</gx:FlyTo>
					<gx:FlyTo>
						<gx:duration>0.2144629999993413</gx:duration>
						<gx:flyToMode>smooth</gx:flyToMode>
						<Camera>
							<gx:horizFov>59.99999999999999</gx:horizFov>
							<longitude>15.40710129301965</longitude>
							<latitude>78.22968000759258</latitude>
							<altitude>856.6875050143044</altitude>
							<heading>43.6085804165448</heading>
							<tilt>43.09727443523968</tilt>
							<roll>3.572155273528939</roll>
							<gx:altitudeMode>relativeToSeaFloor</gx:altitudeMode>
						</Camera>
					</gx:FlyTo>
					<gx:FlyTo>
						<gx:duration>0.2309240000004138</gx:duration>
						<gx:flyToMode>smooth</gx:flyToMode>
						<Camera>
							<gx:horizFov>59.99999999999999</gx:horizFov>
							<longitude>15.40295952605781</longitude>
							<latitude>78.22823523718699</latitude>
							<altitude>1041.942585928783</altitude>
							<heading>41.15247945742595</heading>
							<tilt>41.57351912751806</tilt>
							<roll>4.395337210478305</roll>
							<gx:altitudeMode>relativeToSeaFloor</gx:altitudeMode>
						</Camera>
					</gx:FlyTo>
					<gx:FlyTo>
						<gx:duration>0.2234960000005231</gx:duration>
						<gx:flyToMode>smooth</gx:flyToMode>
						<Camera>
							<gx:horizFov>59.99999999999999</gx:horizFov>
							<longitude>15.39984054608712</longitude>
							<latitude>78.22688096495278</latitude>
							<altitude>1226.480342127771</altitude>
							<heading>38.55362793665687</heading>
							<tilt>39.9652843693461</tilt>
							<roll>5.170454407449929</roll>
							<gx:altitudeMode>relativeToSeaFloor</gx:altitudeMode>
						</Camera>
					</gx:FlyTo>
					<gx:FlyTo>
						<gx:duration>0.2104450000006182</gx:duration>
						<gx:flyToMode>smooth</gx:flyToMode>
						<Camera>
							<gx:horizFov>59.99999999999999</gx:horizFov>
							<longitude>15.39777201917893</longitude>
							<latitude>78.22569793097878</latitude>
							<altitude>1395.133270039815</altitude>
							<heading>35.94898155211506</heading>
							<tilt>38.36607110259082</tilt>
							<roll>5.842886808953582</roll>
							<gx:altitudeMode>relativeToSeaFloor</gx:altitudeMode>
						</Camera>
					</gx:FlyTo>
					<gx:FlyTo>
						<gx:duration>0.2268149999999878</gx:duration>
						<gx:flyToMode>smooth</gx:flyToMode>
						<Camera>
							<gx:horizFov>59.99999999999999</gx:horizFov>
							<longitude>15.3964376559985</longitude>
							<latitude>78.22454694869069</latitude>
							<altitude>1570.900365399796</altitude>
							<heading>32.95400022293328</heading>
							<tilt>36.55375280184781</tilt>
							<roll>6.480283189296315</roll>
							<gx:altitudeMode>relativeToSeaFloor</gx:altitudeMode>
						</Camera>
					</gx:FlyTo>
					<gx:FlyTo>
						<gx:duration>0.2309480000003532</gx:duration>
						<gx:flyToMode>smooth</gx:flyToMode>
						<Camera>
							<gx:horizFov>59.99999999999999</gx:horizFov>
							<longitude>15.39596235409729</longitude>
							<latitude>78.22355231300722</latitude>
							<altitude>1734.76878257138</altitude>
							<heading>29.74655109707644</heading>
							<tilt>34.65774321258804</tilt>
							<roll>6.994520606660199</roll>
							<gx:altitudeMode>relativeToSeaFloor</gx:altitudeMode>
						</Camera>
					</gx:FlyTo>
					<gx:FlyTo>
						<gx:duration>0.2113699999999881</gx:duration>
						<gx:flyToMode>smooth</gx:flyToMode>
						<Camera>
							<gx:horizFov>59.99999999999999</gx:horizFov>
							<longitude>15.39618228859564</longitude>
							<latitude>78.22281639084817</latitude>
							<altitude>1868.544895036982</altitude>
							<heading>26.6758134957514</heading>
							<tilt>32.8986660106507</tilt>
							<roll>7.317761665235142</roll>
							<gx:altitudeMode>relativeToSeaFloor</gx:altitudeMode>
						</Camera>
					</gx:FlyTo>
					<gx:FlyTo>
						<gx:duration>0.226315999999315</gx:duration>
						<gx:flyToMode>smooth</gx:flyToMode>
						<Camera>
							<gx:horizFov>59.99999999999999</gx:horizFov>
							<longitude>15.39694757507661</longitude>
							<latitude>78.22222558784935</latitude>
							<altitude>1988.539006715324</altitude>
							<heading>23.26704792899066</heading>
							<tilt>31.02355540385869</tilt>
							<roll>7.478098508848229</roll>
							<gx:altitudeMode>relativeToSeaFloor</gx:altitudeMode>
						</Camera>
					</gx:FlyTo>
					<gx:FlyTo>
						<gx:duration>0.2354949999999008</gx:duration>
						<gx:flyToMode>smooth</gx:flyToMode>
						<Camera>
							<gx:horizFov>59.99999999999999</gx:horizFov>
							<longitude>15.39812674284779</longitude>
							<latitude>78.2218251801706</latitude>
							<altitude>2087.257229561343</altitude>
							<heading>19.60513559506362</heading>
							<tilt>29.11362186146821</tilt>
							<roll>7.415106096394484</roll>
							<gx:altitudeMode>relativeToSeaFloor</gx:altitudeMode>
						</Camera>
					</gx:FlyTo>
					<gx:FlyTo>
						<gx:duration>0.2050639999997657</gx:duration>
						<gx:flyToMode>smooth</gx:flyToMode>
						<Camera>
							<gx:horizFov>59.99999999999999</gx:horizFov>
							<longitude>15.39931939505782</longitude>
							<latitude>78.22164294152121</latitude>
							<altitude>2149.691506659147</altitude>
							<heading>16.31658035911931</heading>
							<tilt>27.49978701222541</tilt>
							<roll>7.151708331244305</roll>
							<gx:altitudeMode>relativeToSeaFloor</gx:altitudeMode>
						</Camera>
					</gx:FlyTo>
					<gx:FlyTo>
						<gx:duration>0.2324989999997342</gx:duration>
						<gx:flyToMode>smooth</gx:flyToMode>
						<Camera>
							<gx:horizFov>59.99999999999999</gx:horizFov>
							<longitude>15.40067283540754</longitude>
							<latitude>78.22160552376066</latitude>
							<altitude>2192.028910727178</altitude>
							<heading>12.56196654185911</heading>
							<tilt>25.78163616682064</tilt>
							<roll>6.616529681351715</roll>
							<gx:altitudeMode>relativeToSeaFloor</gx:altitudeMode>
						</Camera>
					</gx:FlyTo>
					<gx:FlyTo>
						<gx:duration>0.229205999999067</gx:duration>
						<gx:flyToMode>smooth</gx:flyToMode>
						<Camera>
							<gx:horizFov>59.99999999999999</gx:horizFov>
							<longitude>15.40188116898945</longitude>
							<latitude>78.22171476462533</latitude>
							<altitude>2204.820675419808</altitude>
							<heading>8.846916024938434</heading>
							<tilt>24.21564738553579</tilt>
							<roll>5.849795190213138</roll>
							<gx:altitudeMode>relativeToSeaFloor</gx:altitudeMode>
						</Camera>
					</gx:FlyTo>
					<gx:FlyTo>
						<gx:duration>0.2269019999994271</gx:duration>
						<gx:flyToMode>smooth</gx:flyToMode>
						<Camera>
							<gx:horizFov>59.99999999999999</gx:horizFov>
							<longitude>15.40285115455556</longitude>
							<latitude>78.22193505830425</latitude>
							<altitude>2190.078310617834</altitude>
							<heading>5.226013635727377</heading>
							<tilt>22.81763660654958</tilt>
							<roll>4.887196935341726</roll>
							<gx:altitudeMode>relativeToSeaFloor</gx:altitudeMode>
						</Camera>
					</gx:FlyTo>
					<gx:FlyTo>
						<gx:duration>0.222646999999597</gx:duration>
						<gx:flyToMode>smooth</gx:flyToMode>
						<Camera>
							<gx:horizFov>59.99999999999999</gx:horizFov>
							<longitude>15.40352150343223</longitude>
							<latitude>78.22222708152718</latitude>
							<altitude>2151.046215669185</altitude>
							<heading>1.853096082533844</heading>
							<tilt>21.62678449228255</tilt>
							<roll>3.811366834463694</roll>
							<gx:altitudeMode>relativeToSeaFloor</gx:altitudeMode>
						</Camera>
					</gx:FlyTo>
					<gx:FlyTo>
						<gx:duration>0.2182410000004893</gx:duration>
						<gx:flyToMode>smooth</gx:flyToMode>
						<Camera>
							<gx:horizFov>59.99999999999999</gx:horizFov>
							<longitude>15.40389945778454</longitude>
							<latitude>78.22255977537466</latitude>
							<altitude>2091.872279589803</altitude>
							<heading>-1.171874938677256</heading>
							<tilt>20.64686275305297</tilt>
							<roll>2.709717115593067</roll>
							<gx:altitudeMode>relativeToSeaFloor</gx:altitudeMode>
						</Camera>
					</gx:FlyTo>
					<gx:FlyTo>
						<gx:duration>0.2336679999998523</gx:duration>
						<gx:flyToMode>smooth</gx:flyToMode>
						<Camera>
							<gx:horizFov>59.99999999999999</gx:horizFov>
							<longitude>15.40402540939171</longitude>
							<latitude>78.22293955524248</latitude>
							<altitude>2010.05396850222</altitude>
							<heading>-3.92961122094722</heading>
							<tilt>19.82290930980967</tilt>
							<roll>1.600697002591659</roll>
							<gx:altitudeMode>relativeToSeaFloor</gx:altitudeMode>
						</Camera>
					</gx:FlyTo>
					<gx:FlyTo>
						<gx:duration>0.2143210000003819</gx:duration>
						<gx:flyToMode>smooth</gx:flyToMode>
						<Camera>
							<gx:horizFov>59.99999999999999</gx:horizFov>
							<longitude>15.40396922020144</longitude>
							<latitude>78.22323237755435</latitude>
							<altitude>1938.248217814596</altitude>
							<heading>-5.592652969111493</heading>
							<tilt>19.35670463252745</tilt>
							<roll>0.8866996780844528</roll>
							<gx:altitudeMode>relativeToSeaFloor</gx:altitudeMode>
						</Camera>
					</gx:FlyTo>
					<gx:FlyTo>
						<gx:duration>0.2190579999996771</gx:duration>
						<gx:flyToMode>smooth</gx:flyToMode>
						<LookAt>
							<gx:horizFov>59.99999999999999</gx:horizFov>
							<longitude>15.40060206962183</longitude>
							<latitude>78.22927614962614</latitude>
							<altitude>0</altitude>
							<heading>-6.525134963041153</heading>
							<tilt>19.11181518652203</tilt>
							<range>1996.602638087189</range>
							<gx:altitudeMode>relativeToSeaFloor</gx:altitudeMode>
						</LookAt>
					</gx:FlyTo>
					<gx:FlyTo>
						<gx:duration>0.2235389999996187</gx:duration>
						<gx:flyToMode>smooth</gx:flyToMode>
						<LookAt>
							<gx:horizFov>59.99999999999999</gx:horizFov>
							<longitude>15.40036444532219</longitude>
							<latitude>78.22925015874277</latitude>
							<altitude>0</altitude>
							<heading>-7.027077141113451</heading>
							<tilt>18.97911001276862</tilt>
							<range>1951.564796579788</range>
							<gx:altitudeMode>relativeToSeaFloor</gx:altitudeMode>
						</LookAt>
					</gx:FlyTo>
					<gx:FlyTo>
						<gx:duration>0.2240940000001501</gx:duration>
						<gx:flyToMode>smooth</gx:flyToMode>
						<LookAt>
							<gx:horizFov>59.99999999999999</gx:horizFov>
							<longitude>15.40023867996872</longitude>
							<latitude>78.22923999457579</latitude>
							<altitude>0</altitude>
							<heading>-7.289099341692399</heading>
							<tilt>18.91061794161088</tilt>
							<range>1920.259894756701</range>
							<gx:altitudeMode>relativeToSeaFloor</gx:altitudeMode>
						</LookAt>
					</gx:FlyTo>
					<gx:FlyTo>
						<gx:duration>0.218127000000095</gx:duration>
						<gx:flyToMode>smooth</gx:flyToMode>
						<LookAt>
							<gx:horizFov>59.99999999999999</gx:horizFov>
							<longitude>15.40017359040032</longitude>
							<latitude>78.22923720827302</latitude>
							<altitude>0</altitude>
							<heading>-7.42170131472594</heading>
							<tilt>18.87616100543583</tilt>
							<range>1899.332403236378</range>
							<gx:altitudeMode>relativeToSeaFloor</gx:altitudeMode>
						</LookAt>
					</gx:FlyTo>
					<gx:FlyTo>
						<gx:duration>0.2233660000001692</gx:duration>
						<gx:flyToMode>smooth</gx:flyToMode>
						<LookAt>
							<gx:horizFov>59.99999999999999</gx:horizFov>
							<longitude>15.40013799004854</longitude>
							<latitude>78.22923747715967</latitude>
							<altitude>0</altitude>
							<heading>-7.491915109174951</heading>
							<tilt>18.85797268167244</tilt>
							<range>1884.778665708658</range>
							<gx:altitudeMode>relativeToSeaFloor</gx:altitudeMode>
						</LookAt>
					</gx:FlyTo>
					<gx:FlyTo>
						<gx:duration>0.2665239999996629</gx:duration>
						<gx:flyToMode>smooth</gx:flyToMode>
						<LookAt>
							<gx:horizFov>59.99999999999999</gx:horizFov>
							<longitude>15.40011951336663</longitude>
							<latitude>78.2292388047474</latitude>
							<altitude>0</altitude>
							<heading>-7.52682322601494</heading>
							<tilt>18.84894552256438</tilt>
							<range>1875.31462593484</range>
							<gx:altitudeMode>relativeToSeaFloor</gx:altitudeMode>
						</LookAt>
					</gx:FlyTo>
					<gx:FlyTo>
						<gx:duration>0.2423180000005232</gx:duration>
						<gx:flyToMode>smooth</gx:flyToMode>
						<LookAt>
							<gx:horizFov>59.99999999999999</gx:horizFov>
							<longitude>15.40010877893755</longitude>
							<latitude>78.22924046719666</latitude>
							<altitude>0</altitude>
							<heading>-7.545930552051727</heading>
							<tilt>18.84400947928986</tilt>
							<range>1868.553673068963</range>
							<gx:altitudeMode>relativeToSeaFloor</gx:altitudeMode>
						</LookAt>
					</gx:FlyTo>
					<gx:FlyTo>
						<gx:duration>0.1422119999997449</gx:duration>
						<gx:flyToMode>smooth</gx:flyToMode>
						<LookAt>
							<gx:horizFov>59.99999999999999</gx:horizFov>
							<longitude>15.4001031063914</longitude>
							<latitude>78.22924192163086</latitude>
							<altitude>0</altitude>
							<heading>-7.555279872504979</heading>
							<tilt>18.84159602063136</tilt>
							<range>1864.219167991255</range>
							<gx:altitudeMode>relativeToSeaFloor</gx:altitudeMode>
						</LookAt>
					</gx:FlyTo>
					<gx:FlyTo>
						<gx:duration>0.09129500000017288</gx:duration>
						<gx:flyToMode>smooth</gx:flyToMode>
						<LookAt>
							<gx:horizFov>59.99999999999999</gx:horizFov>
							<longitude>15.4001002326382</longitude>
							<latitude>78.22924297986144</latitude>
							<altitude>0</altitude>
							<heading>-7.559614297114605</heading>
							<tilt>18.84047779612334</tilt>
							<range>1861.641614875912</range>
							<gx:altitudeMode>relativeToSeaFloor</gx:altitudeMode>
						</LookAt>
					</gx:FlyTo>
					<gx:FlyTo>
						<gx:duration>0.08290000000033615</gx:duration>
						<gx:flyToMode>smooth</gx:flyToMode>
						<LookAt>
							<gx:horizFov>59.99999999999999</gx:horizFov>
							<longitude>15.40009820861607</longitude>
							<latitude>78.22924399298807</latitude>
							<altitude>0</altitude>
							<heading>-7.562326075246476</heading>
							<tilt>18.83977867722701</tilt>
							<range>1859.583235760257</range>
							<gx:altitudeMode>relativeToSeaFloor</gx:altitudeMode>
						</LookAt>
					</gx:FlyTo>
					<gx:FlyTo>
						<gx:duration>0.04273899999952846</gx:duration>
						<gx:flyToMode>smooth</gx:flyToMode>
						<LookAt>
							<gx:horizFov>59.99999999999999</gx:horizFov>
							<longitude>15.40009707870309</longitude>
							<latitude>78.22924470105077</latitude>
							<altitude>0</altitude>
							<heading>-7.563618077778425</heading>
							<tilt>18.83944588071768</tilt>
							<range>1858.312151270835</range>
							<gx:altitudeMode>relativeToSeaFloor</gx:altitudeMode>
						</LookAt>
					</gx:FlyTo>
					<gx:FlyTo>
						<gx:duration>0.03171800000018266</gx:duration>
						<gx:flyToMode>smooth</gx:flyToMode>
						<LookAt>
							<gx:horizFov>59.99999999999999</gx:horizFov>
							<longitude>15.40009637320279</longitude>
							<latitude>78.22924525885362</latitude>
							<altitude>0</altitude>
							<heading>-7.56431570757883</heading>
							<tilt>18.83926638695983</tilt>
							<range>1857.43056506483</range>
							<gx:altitudeMode>relativeToSeaFloor</gx:altitudeMode>
						</LookAt>
					</gx:FlyTo>
					<gx:FlyTo>
						<gx:duration>0.01783199999954377</gx:duration>
						<gx:flyToMode>smooth</gx:flyToMode>
						<LookAt>
							<gx:horizFov>59.99999999999999</gx:horizFov>
							<longitude>15.40009595672717</longitude>
							<latitude>78.22924563734895</latitude>
							<altitude>0</altitude>
							<heading>-7.564651429062989</heading>
							<tilt>18.8391801416824</tilt>
							<range>1856.886962974555</range>
							<gx:altitudeMode>relativeToSeaFloor</gx:altitudeMode>
						</LookAt>
					</gx:FlyTo>
					<gx:FlyTo>
						<gx:duration>0.009970000000066648</gx:duration>
						<gx:flyToMode>smooth</gx:flyToMode>
						<LookAt>
							<gx:horizFov>59.99999999999999</gx:horizFov>
							<longitude>15.40009577287478</longitude>
							<latitude>78.22924582727782</latitude>
							<altitude>0</altitude>
							<heading>-7.564780435196716</heading>
							<tilt>18.83914705081521</tilt>
							<range>1856.632193046576</range>
							<gx:altitudeMode>relativeToSeaFloor</gx:altitudeMode>
						</LookAt>
					</gx:FlyTo>
					<gx:FlyTo>
						<gx:duration>0.014524999999594</gx:duration>
						<gx:flyToMode>smooth</gx:flyToMode>
						<LookAt>
							<gx:horizFov>59.99999999999999</gx:horizFov>
							<longitude>15.40009557468404</longitude>
							<latitude>78.22924604098883</latitude>
							<altitude>0</altitude>
							<heading>-7.564883562985801</heading>
							<tilt>18.83912067534544</tilt>
							<range>1856.392337816047</range>
							<gx:altitudeMode>relativeToSeaFloor</gx:altitudeMode>
						</LookAt>
					</gx:FlyTo>
					<gx:FlyTo>
						<gx:duration>0.007993000000169559</gx:duration>
						<gx:flyToMode>smooth</gx:flyToMode>
						<LookAt>
							<gx:horizFov>59.99999999999999</gx:horizFov>
							<longitude>15.40009540820928</longitude>
							<latitude>78.22924624270699</latitude>
							<altitude>0</altitude>
							<heading>-7.564960743098853</heading>
							<tilt>18.83910098128976</tilt>
							<range>1856.169304877339</range>
							<gx:altitudeMode>relativeToSeaFloor</gx:altitudeMode>
						</LookAt>
					</gx:FlyTo>
					<gx:FlyTo>
						<gx:duration>0.008514000000104716</gx:duration>
						<gx:flyToMode>smooth</gx:flyToMode>
						<LookAt>
							<gx:horizFov>59.99999999999999</gx:horizFov>
							<longitude>15.40009525865202</longitude>
							<latitude>78.22924643692271</latitude>
							<altitude>0</altitude>
							<heading>-7.565011986359193</heading>
							<tilt>18.83908797621805</tilt>
							<range>1855.969266852086</range>
							<gx:altitudeMode>relativeToSeaFloor</gx:altitudeMode>
						</LookAt>
					</gx:FlyTo>
					<gx:FlyTo>
						<gx:duration>0.008910000000469154</gx:duration>
						<gx:flyToMode>smooth</gx:flyToMode>
						<LookAt>
							<gx:horizFov>59.99999999999999</gx:horizFov>
							<longitude>15.4000951107741</longitude>
							<latitude>78.22924663516946</latitude>
							<altitude>0</altitude>
							<heading>-7.565037301603167</heading>
							<tilt>18.83908167469687</tilt>
							<range>1855.806074034788</range>
							<gx:altitudeMode>relativeToSeaFloor</gx:altitudeMode>
						</LookAt>
					</gx:FlyTo>
					<gx:Wait><gx:duration>0.01031500000044616</gx:duration>
</gx:Wait>
					<gx:FlyTo>
						<gx:duration>3.79999992219382e-05</gx:duration>
						<gx:flyToMode>smooth</gx:flyToMode>
						<LookAt>
							<gx:horizFov>59.99999999999999</gx:horizFov>
							<longitude>15.40009505053485</longitude>
							<latitude>78.2292467343153</latitude>
							<altitude>0</altitude>
							<heading>-7.565040224500071</heading>
							<tilt>18.83908103380404</tilt>
							<range>1855.759622933407</range>
							<gx:altitudeMode>relativeToSeaFloor</gx:altitudeMode>
						</LookAt>
					</gx:FlyTo>
					<gx:Wait><gx:duration>3.317266000000018</gx:duration>
</gx:Wait>
					<gx:AnimatedUpdate>
						<Update>
							<targetHref></targetHref>
							<Change><Placemark targetId="SvalbardSatellitestation"><gx:balloonVisibility>0</gx:balloonVisibility></Placemark></Change>
						</Update>
					</gx:AnimatedUpdate>
					<gx:Wait><gx:duration>1.900000006571645e-05</gx:duration>
</gx:Wait>
					<gx:AnimatedUpdate>
						<Update>
							<targetHref></targetHref>
							<Change><Placemark targetId="Propertyforsale"><gx:balloonVisibility>1</gx:balloonVisibility></Placemark></Change>
						</Update>
					</gx:AnimatedUpdate>
					<gx:Wait><gx:duration>0.02483400000073743</gx:duration>
</gx:Wait>
					<gx:FlyTo>
						<gx:duration>0.1852689999996073</gx:duration>
						<gx:flyToMode>smooth</gx:flyToMode>
						<LookAt>
							<gx:horizFov>59.99999999999999</gx:horizFov>
							<longitude>15.39821910753673</longitude>
							<latitude>78.22699953143274</latitude>
							<altitude>0</altitude>
							<heading>-7.568218267367479</heading>
							<tilt>18.97905770392357</tilt>
							<range>5216.810354707633</range>
							<gx:altitudeMode>relativeToSeaFloor</gx:altitudeMode>
						</LookAt>
					</gx:FlyTo>
					<gx:FlyTo>
						<gx:duration>0.2088530000000901</gx:duration>
						<gx:flyToMode>smooth</gx:flyToMode>
						<LookAt>
							<gx:horizFov>59.99999999999999</gx:horizFov>
							<longitude>15.38933685009194</longitude>
							<latitude>78.21684646262662</latitude>
							<altitude>0</altitude>
							<heading>-7.582682761205661</heading>
							<tilt>19.62899845967728</tilt>
							<range>11679.63095430149</range>
							<gx:altitudeMode>relativeToSeaFloor</gx:altitudeMode>
						</LookAt>
					</gx:FlyTo>
					<gx:FlyTo>
						<gx:duration>0.2313149999999951</gx:duration>
						<gx:flyToMode>smooth</gx:flyToMode>
						<LookAt>
							<gx:horizFov>59.99999999999999</gx:horizFov>
							<longitude>15.37556950849901</longitude>
							<latitude>78.20116269145012</latitude>
							<altitude>0</altitude>
							<heading>-7.603740107751349</heading>
							<tilt>20.63562231691758</tilt>
							<range>18255.18414135766</range>
							<gx:altitudeMode>relativeToSeaFloor</gx:altitudeMode>
						</LookAt>
					</gx:FlyTo>
					<gx:FlyTo>
						<gx:duration>0.2256200000001627</gx:duration>
						<gx:flyToMode>smooth</gx:flyToMode>
						<LookAt>
							<gx:horizFov>59.99999999999999</gx:horizFov>
							<longitude>15.35793841930867</longitude>
							<latitude>78.17976777598997</latitude>
							<altitude>0</altitude>
							<heading>-7.628818116610658</heading>
							<tilt>21.96103054134942</tilt>
							<range>24727.37673819803</range>
							<gx:altitudeMode>relativeToSeaFloor</gx:altitudeMode>
						</LookAt>
					</gx:FlyTo>
					<gx:FlyTo>
						<gx:duration>0.2142550000007759</gx:duration>
						<gx:flyToMode>smooth</gx:flyToMode>
						<LookAt>
							<gx:horizFov>59.99999999999999</gx:horizFov>
							<longitude>15.33720214007074</longitude>
							<latitude>78.15535757862355</latitude>
							<altitude>0</altitude>
							<heading>-7.655622286599868</heading>
							<tilt>23.50151396091113</tilt>
							<range>31005.11208801383</range>
							<gx:altitudeMode>relativeToSeaFloor</gx:altitudeMode>
						</LookAt>
					</gx:FlyTo>
					<gx:FlyTo>
						<gx:duration>0.2335510000002614</gx:duration>
						<gx:flyToMode>smooth</gx:flyToMode>
						<LookAt>
							<gx:horizFov>59.99999999999999</gx:horizFov>
							<longitude>15.31087065062635</longitude>
							<latitude>78.12453170358228</latitude>
							<altitude>0</altitude>
							<heading>-7.686433218016158</heading>
							<tilt>25.45563084589564</tilt>
							<range>37688.19632749972</range>
							<gx:altitudeMode>relativeToSeaFloor</gx:altitudeMode>
						</LookAt>
					</gx:FlyTo>
					<gx:FlyTo>
						<gx:duration>0.2181950000003781</gx:duration>
						<gx:flyToMode>smooth</gx:flyToMode>
						<LookAt>
							<gx:horizFov>59.99999999999999</gx:horizFov>
							<longitude>15.2816201219289</longitude>
							<latitude>78.09484894335756</latitude>
							<altitude>0</altitude>
							<heading>-7.717280280566261</heading>
							<tilt>27.50642891291848</tilt>
							<range>44208.10348369912</range>
							<gx:altitudeMode>relativeToSeaFloor</gx:altitudeMode>
						</LookAt>
					</gx:FlyTo>
					<gx:FlyTo>
						<gx:duration>0.227139999999963</gx:duration>
						<gx:flyToMode>smooth</gx:flyToMode>
						<LookAt>
							<gx:horizFov>59.99999999999999</gx:horizFov>
							<longitude>15.25134635796144</longitude>
							<latitude>78.0569242013005</latitude>
							<altitude>0</altitude>
							<heading>-7.746466375389013</heading>
							<tilt>29.82756573865585</tilt>
							<range>49460.13635271147</range>
							<gx:altitudeMode>relativeToSeaFloor</gx:altitudeMode>
						</LookAt>
					</gx:FlyTo>
					<gx:FlyTo>
						<gx:duration>0.21917300000041</gx:duration>
						<gx:flyToMode>smooth</gx:flyToMode>
						<LookAt>
							<gx:horizFov>59.99999999999999</gx:horizFov>
							<longitude>15.2192604547906</longitude>
							<latitude>78.01883205388926</latitude>
							<altitude>0</altitude>
							<heading>-7.774825150784459</heading>
							<tilt>32.23489645497104</tilt>
							<range>54195.95026930943</range>
							<gx:altitudeMode>relativeToSeaFloor</gx:altitudeMode>
						</LookAt>
					</gx:FlyTo>
					<gx:FlyTo>
						<gx:duration>0.221838999999818</gx:duration>
						<gx:flyToMode>smooth</gx:flyToMode>
						<LookAt>
							<gx:horizFov>59.99999999999999</gx:horizFov>
							<longitude>15.1846604178043</longitude>
							<latitude>77.97961912443604</latitude>
							<altitude>0</altitude>
							<heading>-7.803240180171059</heading>
							<tilt>34.78502485742676</tilt>
							<range>58448.17856137492</range>
							<gx:altitudeMode>relativeToSeaFloor</gx:altitudeMode>
						</LookAt>
					</gx:FlyTo>
					<gx:FlyTo>
						<gx:duration>0.2277599999997619</gx:duration>
						<gx:flyToMode>smooth</gx:flyToMode>
						<LookAt>
							<gx:horizFov>59.99999999999999</gx:horizFov>
							<longitude>15.14891817694147</longitude>
							<latitude>77.93707572362807</latitude>
							<altitude>0</altitude>
							<heading>-7.830534281725591</heading>
							<tilt>37.48006887968641</tilt>
							<range>61706.0847201686</range>
							<gx:altitudeMode>relativeToSeaFloor</gx:altitudeMode>
						</LookAt>
					</gx:FlyTo>
					<gx:FlyTo>
						<gx:duration>0.2232610000000932</gx:duration>
						<gx:flyToMode>smooth</gx:flyToMode>
						<LookAt>
							<gx:horizFov>59.99999999999999</gx:horizFov>
							<longitude>15.11431501324215</longitude>
							<latitude>77.89269441588819</latitude>
							<altitude>0</altitude>
							<heading>-7.855154577404193</heading>
							<tilt>40.18166463663241</tilt>
							<range>63688.44757685723</range>
							<gx:altitudeMode>relativeToSeaFloor</gx:altitudeMode>
						</LookAt>
					</gx:FlyTo>
					<gx:FlyTo>
						<gx:duration>0.2253580000005968</gx:duration>
						<gx:flyToMode>smooth</gx:flyToMode>
						<LookAt>
							<gx:horizFov>59.99999999999999</gx:horizFov>
							<longitude>15.07544809647231</longitude>
							<latitude>77.85353144082779</latitude>
							<altitude>0</altitude>
							<heading>-7.882598002130615</heading>
							<tilt>42.92942408269244</tilt>
							<range>65714.11960816015</range>
							<gx:altitudeMode>relativeToSeaFloor</gx:altitudeMode>
						</LookAt>
					</gx:FlyTo>
					<gx:FlyTo>
						<gx:duration>0.2196979999989708</gx:duration>
						<gx:flyToMode>smooth</gx:flyToMode>
						<LookAt>
							<gx:horizFov>59.99999999999999</gx:horizFov>
							<longitude>15.04099532456602</longitude>
							<latitude>77.81088995656295</latitude>
							<altitude>0</altitude>
							<heading>-7.905160725684732</heading>
							<tilt>45.58730520996357</tilt>
							<range>65922.4311856948</range>
							<gx:altitudeMode>relativeToSeaFloor</gx:altitudeMode>
						</LookAt>
					</gx:FlyTo>
					<gx:FlyTo>
						<gx:duration>0.2326970000003712</gx:duration>
						<gx:flyToMode>smooth</gx:flyToMode>
						<LookAt>
							<gx:horizFov>59.99999999999999</gx:horizFov>
							<longitude>15.00302687861212</longitude>
							<latitude>77.77034188820181</latitude>
							<altitude>0</altitude>
							<heading>-7.930057636971208</heading>
							<tilt>48.34517132084436</tilt>
							<range>65679.51258110936</range>
							<gx:altitudeMode>relativeToSeaFloor</gx:altitudeMode>
						</LookAt>
					</gx:FlyTo>
					<gx:FlyTo>
						<gx:duration>0.2221509999990303</gx:duration>
						<gx:flyToMode>smooth</gx:flyToMode>
						<LookAt>
							<gx:horizFov>59.99999999999999</gx:horizFov>
							<longitude>14.96945447609664</longitude>
							<latitude>77.73101949918717</latitude>
							<altitude>0</altitude>
							<heading>-7.951153330526621</heading>
							<tilt>50.8838510300003</tilt>
							<range>64167.8334779704</range>
							<gx:altitudeMode>relativeToSeaFloor</gx:altitudeMode>
						</LookAt>
					</gx:FlyTo>
					<gx:FlyTo>
						<gx:duration>0.2198829999997542</gx:duration>
						<gx:flyToMode>smooth</gx:flyToMode>
						<LookAt>
							<gx:horizFov>59.99999999999999</gx:horizFov>
							<longitude>14.93869164013392</longitude>
							<latitude>77.69273983178385</latitude>
							<altitude>0</altitude>
							<heading>-7.96988077898965</heading>
							<tilt>53.27612450383641</tilt>
							<range>61631.64607830503</range>
							<gx:altitudeMode>relativeToSeaFloor</gx:altitudeMode>
						</LookAt>
					</gx:FlyTo>
					<gx:FlyTo>
						<gx:duration>0.2189060000000609</gx:duration>
						<gx:flyToMode>smooth</gx:flyToMode>
						<LookAt>
							<gx:horizFov>59.99999999999999</gx:horizFov>
							<longitude>14.91277532471586</longitude>
							<latitude>77.65321629426819</latitude>
							<altitude>0</altitude>
							<heading>-7.984503068646567</heading>
							<tilt>55.49520912427447</tilt>
							<range>57810.44073164628</range>
							<gx:altitudeMode>relativeToSeaFloor</gx:altitudeMode>
						</LookAt>
					</gx:FlyTo>
					<gx:FlyTo>
						<gx:duration>0.2283900000002177</gx:duration>
						<gx:flyToMode>smooth</gx:flyToMode>
						<LookAt>
							<gx:horizFov>59.99999999999999</gx:horizFov>
							<longitude>14.88255202690334</longitude>
							<latitude>77.62413062375907</latitude>
							<altitude>0</altitude>
							<heading>-8.003748148067805</heading>
							<tilt>57.61740005939722</tilt>
							<range>54334.34459605785</range>
							<gx:altitudeMode>relativeToSeaFloor</gx:altitudeMode>
						</LookAt>
					</gx:FlyTo>
					<gx:FlyTo>
						<gx:duration>0.229207000000315</gx:duration>
						<gx:flyToMode>smooth</gx:flyToMode>
						<LookAt>
							<gx:horizFov>59.99999999999999</gx:horizFov>
							<longitude>14.85754774620211</longitude>
							<latitude>77.59537870800638</latitude>
							<altitude>0</altitude>
							<heading>-8.018982571352522</heading>
							<tilt>59.50522714253765</tilt>
							<range>49770.57435790689</range>
							<gx:altitudeMode>relativeToSeaFloor</gx:altitudeMode>
						</LookAt>
					</gx:FlyTo>
					<gx:FlyTo>
						<gx:duration>0.2296949999999924</gx:duration>
						<gx:flyToMode>smooth</gx:flyToMode>
						<LookAt>
							<gx:horizFov>59.99999999999999</gx:horizFov>
							<longitude>14.83676304290172</longitude>
							<latitude>77.57141679086362</latitude>
							<altitude>0</altitude>
							<heading>-8.031630150824361</heading>
							<tilt>61.0780302975833</tilt>
							<range>44848.66442796205</range>
							<gx:altitudeMode>relativeToSeaFloor</gx:altitudeMode>
						</LookAt>
					</gx:FlyTo>
					<gx:FlyTo>
						<gx:duration>0.2049500000002809</gx:duration>
						<gx:flyToMode>smooth</gx:flyToMode>
						<LookAt>
							<gx:horizFov>59.99999999999999</gx:horizFov>
							<longitude>14.82230839925423</longitude>
							<latitude>77.55146760704592</latitude>
							<altitude>0</altitude>
							<heading>-8.039967970841873</heading>
							<tilt>62.26579183663888</tilt>
							<range>39785.0089062371</range>
							<gx:altitudeMode>relativeToSeaFloor</gx:altitudeMode>
						</LookAt>
					</gx:FlyTo>
					<gx:FlyTo>
						<gx:duration>0.2271870000004128</gx:duration>
						<gx:flyToMode>smooth</gx:flyToMode>
						<LookAt>
							<gx:horizFov>59.99999999999999</gx:horizFov>
							<longitude>14.812114237294</longitude>
							<latitude>77.53721191747348</latitude>
							<altitude>0</altitude>
							<heading>-8.04585479985221</heading>
							<tilt>63.10602559561049</tilt>
							<range>35066.20974375374</range>
							<gx:altitudeMode>relativeToSeaFloor</gx:altitudeMode>
						</LookAt>
					</gx:FlyTo>
					<gx:FlyTo>
						<gx:duration>0.2222620000011375</gx:duration>
						<gx:flyToMode>smooth</gx:flyToMode>
						<LookAt>
							<gx:horizFov>59.99999999999999</gx:horizFov>
							<longitude>14.80746833241975</longitude>
							<latitude>77.5302850766375</latitude>
							<altitude>0</altitude>
							<heading>-8.048475951759887</heading>
							<tilt>63.50189732736231</tilt>
							<range>32104.0322851267</range>
							<gx:altitudeMode>relativeToSeaFloor</gx:altitudeMode>
						</LookAt>
					</gx:FlyTo>
					<gx:FlyTo>
						<gx:duration>0.224369999999908</gx:duration>
						<gx:flyToMode>smooth</gx:flyToMode>
						<LookAt>
							<gx:horizFov>59.99999999999999</gx:horizFov>
							<longitude>14.80452732022689</longitude>
							<latitude>77.5262300038471</latitude>
							<altitude>0</altitude>
							<heading>-8.050181654426389</heading>
							<tilt>63.74338801368588</tilt>
							<range>29764.76860441728</range>
							<gx:altitudeMode>relativeToSeaFloor</gx:altitudeMode>
						</LookAt>
					</gx:FlyTo>
					<gx:FlyTo>
						<gx:duration>0.2092299999994793</gx:duration>
						<gx:flyToMode>smooth</gx:flyToMode>
						<LookAt>
							<gx:horizFov>59.99999999999999</gx:horizFov>
							<longitude>14.80324931932534</longitude>
							<latitude>77.5243663023487</latitude>
							<altitude>0</altitude>
							<heading>-8.050909314151887</heading>
							<tilt>63.8511574415702</tilt>
							<range>28379.45125003584</range>
							<gx:altitudeMode>relativeToSeaFloor</gx:altitudeMode>
						</LookAt>
					</gx:FlyTo>
					<gx:FlyTo>
						<gx:duration>0.2150499999997919</gx:duration>
						<gx:flyToMode>smooth</gx:flyToMode>
						<LookAt>
							<gx:horizFov>59.99999999999999</gx:horizFov>
							<longitude>14.80250385324601</longitude>
							<latitude>77.52343379825216</latitude>
							<altitude>0</altitude>
							<heading>-8.051354933379864</heading>
							<tilt>63.90973547609576</tilt>
							<range>27416.82148463392</range>
							<gx:altitudeMode>relativeToSeaFloor</gx:altitudeMode>
						</LookAt>
					</gx:FlyTo>
					<gx:FlyTo>
						<gx:duration>0.2304119999998875</gx:duration>
						<gx:flyToMode>smooth</gx:flyToMode>
						<LookAt>
							<gx:horizFov>59.99999999999999</gx:horizFov>
							<longitude>14.80209528398983</longitude>
							<latitude>77.52292432983151</latitude>
							<altitude>0</altitude>
							<heading>-8.051599486216281</heading>
							<tilt>63.94178622474062</tilt>
							<range>26726.27773477746</range>
							<gx:altitudeMode>relativeToSeaFloor</gx:altitudeMode>
						</LookAt>
					</gx:FlyTo>
					<gx:FlyTo>
						<gx:duration>0.2200009999996837</gx:duration>
						<gx:flyToMode>smooth</gx:flyToMode>
						<LookAt>
							<gx:horizFov>59.99999999999999</gx:horizFov>
							<longitude>14.80190050876146</longitude>
							<latitude>77.52267577783391</latitude>
							<altitude>0</altitude>
							<heading>-8.05171519651339</heading>
							<tilt>63.95723833045798</tilt>
							<range>26287.11937214611</range>
							<gx:altitudeMode>relativeToSeaFloor</gx:altitudeMode>
						</LookAt>
					</gx:FlyTo>
					<gx:FlyTo>
						<gx:duration>0.2208660000005693</gx:duration>
						<gx:flyToMode>smooth</gx:flyToMode>
						<LookAt>
							<gx:horizFov>59.99999999999999</gx:horizFov>
							<longitude>14.80180224379326</longitude>
							<latitude>77.52254102095826</latitude>
							<altitude>0</altitude>
							<heading>-8.051772755632264</heading>
							<tilt>63.96522959606169</tilt>
							<range>25988.97601946045</range>
							<gx:altitudeMode>relativeToSeaFloor</gx:altitudeMode>
						</LookAt>
					</gx:FlyTo>
					<gx:FlyTo>
						<gx:duration>0.2561240000004545</gx:duration>
						<gx:flyToMode>smooth</gx:flyToMode>
						<LookAt>
							<gx:horizFov>59.99999999999999</gx:horizFov>
							<longitude>14.80176725675271</longitude>
							<latitude>77.52248360585074</latitude>
							<altitude>0</altitude>
							<heading>-8.051790974604884</heading>
							<tilt>63.96847542513787</tilt>
							<range>25834.66978382722</range>
							<gx:altitudeMode>relativeToSeaFloor</gx:altitudeMode>
						</LookAt>
					</gx:FlyTo>
					<gx:FlyTo>
						<gx:duration>0.172867999999653</gx:duration>
						<gx:flyToMode>smooth</gx:flyToMode>
						<LookAt>
							<gx:horizFov>59.99999999999999</gx:horizFov>
							<longitude>14.80173427792121</longitude>
							<latitude>77.52242765510056</latitude>
							<altitude>0</altitude>
							<heading>-8.051809290134052</heading>
							<tilt>63.97139043073118</tilt>
							<range>25654.7708411569</range>
							<gx:altitudeMode>relativeToSeaFloor</gx:altitudeMode>
						</LookAt>
					</gx:FlyTo>
					<gx:FlyTo>
						<gx:duration>0.2225520000001779</gx:duration>
						<gx:flyToMode>smooth</gx:flyToMode>
						<LookAt>
							<gx:horizFov>59.99999999999999</gx:horizFov>
							<longitude>14.80172505280839</longitude>
							<latitude>77.52240485038944</latitude>
							<altitude>0</altitude>
							<heading>-8.051813105300178</heading>
							<tilt>63.9724510507764</tilt>
							<range>25564.78908853978</range>
							<gx:altitudeMode>relativeToSeaFloor</gx:altitudeMode>
						</LookAt>
					</gx:FlyTo>
					<gx:FlyTo>
						<gx:duration>0.1828910000003816</gx:duration>
						<gx:flyToMode>smooth</gx:flyToMode>
						<LookAt>
							<gx:horizFov>59.99999999999999</gx:horizFov>
							<longitude>14.80171980377813</longitude>
							<latitude>77.52239197913825</latitude>
							<altitude>0</altitude>
							<heading>-8.051815891688836</heading>
							<tilt>63.97296723793298</tilt>
							<range>25507.41453619767</range>
							<gx:altitudeMode>relativeToSeaFloor</gx:altitudeMode>
						</LookAt>
					</gx:FlyTo>
					<gx:FlyTo>
						<gx:duration>0.1302120000000286</gx:duration>
						<gx:flyToMode>smooth</gx:flyToMode>
						<LookAt>
							<gx:horizFov>59.99999999999999</gx:horizFov>
							<longitude>14.80171772692831</longitude>
							<latitude>77.52238388147086</latitude>
							<altitude>0</altitude>
							<heading>-8.051816647807561</heading>
							<tilt>63.97324595985567</tilt>
							<range>25467.00435434057</range>
							<gx:altitudeMode>relativeToSeaFloor</gx:altitudeMode>
						</LookAt>
					</gx:FlyTo>
					<gx:FlyTo>
						<gx:duration>0.08217100000001665</gx:duration>
						<gx:flyToMode>smooth</gx:flyToMode>
						<LookAt>
							<gx:horizFov>59.99999999999999</gx:horizFov>
							<longitude>14.80172088015627</longitude>
							<latitude>77.52237976977916</latitude>
							<altitude>0</altitude>
							<heading>-8.051812532539179</heading>
							<tilt>63.9733805149219</tilt>
							<range>25441.72414124763</range>
							<gx:altitudeMode>relativeToSeaFloor</gx:altitudeMode>
						</LookAt>
					</gx:FlyTo>
					<gx:FlyTo>
						<gx:duration>0.0968589999993128</gx:duration>
						<gx:flyToMode>smooth</gx:flyToMode>
						<LookAt>
							<gx:horizFov>59.99999999999999</gx:horizFov>
							<longitude>14.80172100089383</longitude>
							<latitude>77.52237635822247</latitude>
							<altitude>0</altitude>
							<heading>-8.051812040088155</heading>
							<tilt>63.97346068686714</tilt>
							<range>25421.92486510866</range>
							<gx:altitudeMode>relativeToSeaFloor</gx:altitudeMode>
						</LookAt>
					</gx:FlyTo>
					<gx:FlyTo>
						<gx:duration>0.04514000000017404</gx:duration>
						<gx:flyToMode>smooth</gx:flyToMode>
						<LookAt>
							<gx:horizFov>59.99999999999999</gx:horizFov>
							<longitude>14.80172008645972</longitude>
							<latitude>77.52237409617143</latitude>
							<altitude>0</altitude>
							<heading>-8.051812925684875</heading>
							<tilt>63.97349461385635</tilt>
							<range>25410.73624321566</range>
							<gx:altitudeMode>relativeToSeaFloor</gx:altitudeMode>
						</LookAt>
					</gx:FlyTo>
					<gx:FlyTo>
						<gx:duration>0.02879199999915727</gx:duration>
						<gx:flyToMode>smooth</gx:flyToMode>
						<LookAt>
							<gx:horizFov>59.99999999999999</gx:horizFov>
							<longitude>14.80172027005686</longitude>
							<latitude>77.52237269478341</latitude>
							<altitude>0</altitude>
							<heading>-8.051812693000391</heading>
							<tilt>63.97351148046584</tilt>
							<range>25403.66544966649</range>
							<gx:altitudeMode>relativeToSeaFloor</gx:altitudeMode>
						</LookAt>
					</gx:FlyTo>
					<gx:FlyTo>
						<gx:duration>0.02923000000009779</gx:duration>
						<gx:flyToMode>smooth</gx:flyToMode>
						<LookAt>
							<gx:horizFov>59.99999999999999</gx:horizFov>
							<longitude>14.80172111855359</longitude>
							<latitude>77.52237151925407</latitude>
							<altitude>0</altitude>
							<heading>-8.051811759472701</heading>
							<tilt>63.97352388278308</tilt>
							<range>25397.00543213741</range>
							<gx:altitudeMode>relativeToSeaFloor</gx:altitudeMode>
						</LookAt>
					</gx:FlyTo>
					<gx:FlyTo>
						<gx:duration>0.03096600000026228</gx:duration>
						<gx:flyToMode>smooth</gx:flyToMode>
						<LookAt>
							<gx:horizFov>59.99999999999999</gx:horizFov>
							<longitude>14.80172159793659</longitude>
							<latitude>77.52237079310095</latitude>
							<altitude>0</altitude>
							<heading>-8.051811255055913</heading>
							<tilt>63.97352819444439</tilt>
							<range>25393.845357511</range>
							<gx:altitudeMode>relativeToSeaFloor</gx:altitudeMode>
						</LookAt>
					</gx:FlyTo>
					<gx:FlyTo>
						<gx:duration>0.01649499999984982</gx:duration>
						<gx:flyToMode>smooth</gx:flyToMode>
						<LookAt>
							<gx:horizFov>59.99999999999999</gx:horizFov>
							<longitude>14.80172136165383</longitude>
							<latitude>77.5223699893381</latitude>
							<altitude>0</altitude>
							<heading>-8.051811537786998</heading>
							<tilt>63.97353128351175</tilt>
							<range>25390.83766847776</range>
							<gx:altitudeMode>relativeToSeaFloor</gx:altitudeMode>
						</LookAt>
					</gx:FlyTo>
					<gx:FlyTo>
						<gx:duration>0.0147980000001553</gx:duration>
						<gx:flyToMode>smooth</gx:flyToMode>
						<LookAt>
							<gx:horizFov>59.99999999999999</gx:horizFov>
							<longitude>14.80172137581514</longitude>
							<latitude>77.522369486984</latitude>
							<altitude>0</altitude>
							<heading>-8.0518115375307</heading>
							<tilt>63.97353349587864</tilt>
							<range>25388.061108761</range>
							<gx:altitudeMode>relativeToSeaFloor</gx:altitudeMode>
						</LookAt>
					</gx:FlyTo>
					<gx:FlyTo>
						<gx:duration>0.01360300000033021</gx:duration>
						<gx:flyToMode>smooth</gx:flyToMode>
						<LookAt>
							<gx:horizFov>59.99999999999999</gx:horizFov>
							<longitude>14.80172215942818</longitude>
							<latitude>77.52236871872942</latitude>
							<altitude>0</altitude>
							<heading>-8.051810732124228</heading>
							<tilt>63.97353425396874</tilt>
							<range>25385.54743572307</range>
							<gx:altitudeMode>relativeToSeaFloor</gx:altitudeMode>
						</LookAt>
					</gx:FlyTo>
					<gx:Wait><gx:duration>0.01477800000066054</gx:duration>
</gx:Wait>
					<gx:FlyTo>
						<gx:duration>4.600000011123484e-05</gx:duration>
						<gx:flyToMode>smooth</gx:flyToMode>
						<LookAt>
							<gx:horizFov>59.99999999999999</gx:horizFov>
							<longitude>14.80172325738618</longitude>
							<latitude>77.5223685622498</latitude>
							<altitude>0</altitude>
							<heading>-8.051809553304198</heading>
							<tilt>63.97353445918966</tilt>
							<range>25384.00458982469</range>
							<gx:altitudeMode>relativeToSeaFloor</gx:altitudeMode>
						</LookAt>
					</gx:FlyTo>
					<gx:Wait><gx:duration>0.386794000000009</gx:duration>
</gx:Wait>
					<gx:AnimatedUpdate>
						<Update>
							<targetHref></targetHref>
							<Change><Placemark targetId="VanKeulenfjorden"><gx:balloonVisibility>0</gx:balloonVisibility></Placemark></Change>
						</Update>
					</gx:AnimatedUpdate>
					<gx:Wait><gx:duration>0.0005340000006981427</gx:duration>
</gx:Wait>
					<gx:AnimatedUpdate>
						<Update>
							<targetHref></targetHref>
							<Change><Placemark targetId="Bellsund"><gx:balloonVisibility>0</gx:balloonVisibility></Placemark></Change>
						</Update>
					</gx:AnimatedUpdate>
					<gx:Wait><gx:duration>0.0006980000007388298</gx:duration>
</gx:Wait>
					<gx:AnimatedUpdate>
						<Update>
							<targetHref></targetHref>
							<Change><Placemark targetId="VanMijenfjorden"><gx:balloonVisibility>0</gx:balloonVisibility></Placemark></Change>
						</Update>
					</gx:AnimatedUpdate>
				</gx:Playlist>
			</gx:Tour>
		</Folder>
		<Document>
			<name>Downtown Berkeley Overview Tour</name>
			<gx:Tour>
				<name>10 Second Downtown Berkeley Flyover</name>
				<gx:Playlist>
					<gx:FlyTo>
						<gx:duration>2.5</gx:duration>
						<LookAt>
							<longitude>-122.2682</longitude>
							<latitude>37.8701</latitude>
							<altitude>0</altitude>
							<heading>0</heading>
							<tilt>65</tilt>
							<range>1400</range>
							<altitudeMode>relativeToGround</altitudeMode>
						</LookAt>
					</gx:FlyTo>
					<gx:FlyTo>
						<gx:duration>2.5</gx:duration>
						<gx:flyToMode>smooth</gx:flyToMode>
						<LookAt>
							<longitude>-122.2682</longitude>
							<latitude>37.8701</latitude>
							<altitude>0</altitude>
							<heading>90</heading>
							<tilt>65</tilt>
							<range>1400</range>
							<altitudeMode>relativeToGround</altitudeMode>
						</LookAt>
					</gx:FlyTo>
					<gx:FlyTo>
						<gx:duration>2.5</gx:duration>
						<gx:flyToMode>smooth</gx:flyToMode>
						<LookAt>
							<longitude>-122.2682</longitude>
							<latitude>37.8701</latitude>
							<altitude>0</altitude>
							<heading>180</heading>
							<tilt>65</tilt>
							<range>1400</range>
							<altitudeMode>relativeToGround</altitudeMode>
						</LookAt>
					</gx:FlyTo>
					<gx:FlyTo>
						<gx:duration>2.5</gx:duration>
						<gx:flyToMode>smooth</gx:flyToMode>
						<LookAt>
							<longitude>-122.2682</longitude>
							<latitude>37.8701</latitude>
							<altitude>0</altitude>
							<heading>270</heading>
							<tilt>65</tilt>
							<range>1400</range>
							<altitudeMode>relativeToGround</altitudeMode>
						</LookAt>
					</gx:FlyTo>
				</gx:Playlist>
			</gx:Tour>
		</Document>
		<Document>
			<name>Berkeley Overview Tour</name>
			<open>1</open>
			<gx:Tour>
				<name>15 Second Berkeley Flyover</name>
				<gx:Playlist>
					<gx:FlyTo>
						<gx:duration>2</gx:duration>
						<LookAt>
							<longitude>-122.2682</longitude>
							<latitude>37.8701</latitude>
							<altitude>0</altitude>
							<heading>0</heading>
							<tilt>68</tilt>
							<range>1300</range>
							<altitudeMode>relativeToGround</altitudeMode>
						</LookAt>
					</gx:FlyTo>
					<gx:FlyTo>
						<gx:duration>2</gx:duration>
						<gx:flyToMode>smooth</gx:flyToMode>
						<LookAt>
							<longitude>-122.2682</longitude>
							<latitude>37.8701</latitude>
							<altitude>0</altitude>
							<heading>120</heading>
							<tilt>68</tilt>
							<range>1300</range>
							<altitudeMode>relativeToGround</altitudeMode>
						</LookAt>
					</gx:FlyTo>
					<gx:FlyTo>
						<gx:duration>2</gx:duration>
						<gx:flyToMode>smooth</gx:flyToMode>
						<LookAt>
							<longitude>-122.2682</longitude>
							<latitude>37.8701</latitude>
							<altitude>0</altitude>
							<heading>240</heading>
							<tilt>68</tilt>
							<range>1300</range>
							<altitudeMode>relativeToGround</altitudeMode>
						</LookAt>
					</gx:FlyTo>
					<gx:FlyTo>
						<gx:duration>3</gx:duration>
						<gx:flyToMode>smooth</gx:flyToMode>
						<LookAt>
							<longitude>-122.2597</longitude>
							<latitude>37.8676</latitude>
							<altitude>0</altitude>
							<heading>300</heading>
							<tilt>70</tilt>
							<range>900</range>
							<altitudeMode>relativeToGround</altitudeMode>
						</LookAt>
					</gx:FlyTo>
					<gx:FlyTo>
						<gx:duration>3</gx:duration>
						<gx:flyToMode>smooth</gx:flyToMode>
						<LookAt>
							<longitude>-122.2597</longitude>
							<latitude>37.8676</latitude>
							<altitude>0</altitude>
							<heading>60</heading>
							<tilt>70</tilt>
							<range>900</range>
							<altitudeMode>relativeToGround</altitudeMode>
						</LookAt>
					</gx:FlyTo>
					<gx:FlyTo>
						<gx:duration>3</gx:duration>
						<gx:flyToMode>smooth</gx:flyToMode>
						<LookAt>
							<longitude>-122.2597</longitude>
							<latitude>37.8676</latitude>
							<altitude>0</altitude>
							<heading>180</heading>
							<tilt>70</tilt>
							<range>900</range>
							<altitudeMode>relativeToGround</altitudeMode>
						</LookAt>
					</gx:FlyTo>
				</gx:Playlist>
			</gx:Tour>
		</Document>
		<Folder>
			<name>Flyover1</name>
		</Folder>
		<Folder>
			<name>Family</name>
			<Folder>
				<name>Drive to Yosemite</name>
				<description>Malibu, Ventura, Santa Barbara, San Luis Obispo, Fresno,</description>
				<Placemark>
					<name>Santa Barbara</name>
					<LookAt>
						<longitude>-119.6799687889449</longitude>
						<latitude>34.42575650839949</latitude>
						<altitude>0</altitude>
						<heading>-59.07120176555495</heading>
						<tilt>69.05688454519841</tilt>
						<range>5068.269481455429</range>
						<gx:altitudeMode>relativeToSeaFloor</gx:altitudeMode>
					</LookAt>
					<styleUrl>#msn_ylw-pushpin0</styleUrl>
					<Point>
						<gx:drawOrder>1</gx:drawOrder>
						<coordinates>-119.6799687889449,34.42575650839949,0</coordinates>
					</Point>
				</Placemark>
				<Placemark>
					<name>Mariposa</name>
					<LookAt>
						<longitude>-119.9719880919831</longitude>
						<latitude>37.48177032650097</latitude>
						<altitude>0</altitude>
						<heading>30.84292740087366</heading>
						<tilt>62.03920204930455</tilt>
						<range>2331.32571764091</range>
						<gx:altitudeMode>relativeToSeaFloor</gx:altitudeMode>
					</LookAt>
					<styleUrl>#msn_ylw-pushpin0</styleUrl>
					<Point>
						<gx:drawOrder>1</gx:drawOrder>
						<coordinates>-119.9719880919831,37.48177032650097,0</coordinates>
					</Point>
				</Placemark>
				<Placemark>
					<name>Fresno</name>
					<LookAt>
						<longitude>-119.7542020589599</longitude>
						<latitude>36.75522476043795</latitude>
						<altitude>0</altitude>
						<heading>41.84600936587574</heading>
						<tilt>69.06974686074815</tilt>
						<range>12341.1001467018</range>
						<gx:altitudeMode>relativeToSeaFloor</gx:altitudeMode>
					</LookAt>
					<styleUrl>#msn_ylw-pushpin0</styleUrl>
					<Point>
						<gx:drawOrder>1</gx:drawOrder>
						<coordinates>-119.7542020589599,36.75522476043795,0</coordinates>
					</Point>
				</Placemark>
				<Placemark>
					<name>Malibu Coast Highway</name>
					<LookAt>
						<longitude>-118.6762938251556</longitude>
						<latitude>34.03816321305714</latitude>
						<altitude>0</altitude>
						<heading>-70.23297017347005</heading>
						<tilt>63.84461930199565</tilt>
						<range>1370.301418740732</range>
						<gx:altitudeMode>relativeToSeaFloor</gx:altitudeMode>
					</LookAt>
					<styleUrl>#msn_ylw-pushpin0</styleUrl>
					<Point>
						<gx:drawOrder>1</gx:drawOrder>
						<coordinates>-118.6762938251556,34.03816321305714,0</coordinates>
					</Point>
				</Placemark>
				<Placemark>
					<name>San Ljuis Obispo</name>
					<LookAt>
						<longitude>-120.6750713809389</longitude>
						<latitude>35.29058210082688</latitude>
						<altitude>0</altitude>
						<heading>-19.87614480455394</heading>
						<tilt>72.21595448956167</tilt>
						<range>12661.23612518382</range>
						<gx:altitudeMode>relativeToSeaFloor</gx:altitudeMode>
					</LookAt>
					<styleUrl>#msn_ylw-pushpin0</styleUrl>
					<Point>
						<gx:drawOrder>1</gx:drawOrder>
						<coordinates>-120.6750713809389,35.29058210082687,0</coordinates>
					</Point>
				</Placemark>
				<Placemark>
					<name>Ventura</name>
					<LookAt>
						<longitude>-119.2829894646365</longitude>
						<latitude>34.26185196519402</latitude>
						<altitude>0</altitude>
						<heading>-25.43731861963576</heading>
						<tilt>65.76285815853096</tilt>
						<range>4436.556987863536</range>
						<gx:altitudeMode>relativeToSeaFloor</gx:altitudeMode>
					</LookAt>
					<styleUrl>#msn_ylw-pushpin0</styleUrl>
					<Point>
						<gx:drawOrder>1</gx:drawOrder>
						<coordinates>-119.2829894646365,34.26185196519403,0</coordinates>
					</Point>
				</Placemark>
			</Folder>
			<Folder>
				<name>Florida</name>
				<description>Jim and Linda Gage</description>
			</Folder>
			<Folder>
				<name>Hawaii</name>
				<description>Jim Gage
Linda Gage</description>
			</Folder>
			<Folder>
				<name>Iowa</name>
				<Placemark>
					<name>Aspinwall Schacht</name>
					<description>Henry Schacht
Alice Schacht</description>
					<LookAt>
						<longitude>-95.13666313214472</longitude>
						<latitude>41.9108042112761</latitude>
						<altitude>0</altitude>
						<heading>176.038159335506</heading>
						<tilt>47.18813472501236</tilt>
						<range>94.77229816430106</range>
						<gx:altitudeMode>relativeToSeaFloor</gx:altitudeMode>
					</LookAt>
					<styleUrl>#msn_ylw-pushpin0</styleUrl>
					<Point>
						<gx:drawOrder>1</gx:drawOrder>
						<coordinates>-95.1366631321447,41.9108042112761,0</coordinates>
					</Point>
				</Placemark>
				<Folder>
					<name>Manning</name>
					<open>1</open>
					<Placemark>
						<name>Manning downtown</name>
						<LookAt>
							<longitude>-95.06413153041572</longitude>
							<latitude>41.90629959901068</latitude>
							<altitude>0</altitude>
							<heading>0.000672401484432273</heading>
							<tilt>80.85126570702514</tilt>
							<range>1088.178837485963</range>
							<gx:altitudeMode>relativeToSeaFloor</gx:altitudeMode>
						</LookAt>
						<styleUrl>#m_ylw-pushpin0</styleUrl>
						<Point>
							<gx:drawOrder>1</gx:drawOrder>
							<coordinates>-95.06413153041572,41.90629959901068,0</coordinates>
						</Point>
					</Placemark>
				</Folder>
			</Folder>
			<Folder>
				<name>Wawona Tree</name>
				<description>Site of Ansel Adams picture of Harriett Doris Burdette in 1937, in 8-door Cadillac touring bus</description>
				<Style>
					<ListStyle>
						<listItemType>radioFolder</listItemType>
						<bgColor>00ffffff</bgColor>
						<maxSnippetLines>2</maxSnippetLines>
					</ListStyle>
				</Style>
				<Placemark id="default_starting_location">
					<name>Half Dome</name>
					<visibility>0</visibility>
					<LookAt>
						<longitude>-119.5624664690387</longitude>
						<latitude>37.74254771252972</latitude>
						<altitude>0</altitude>
						<heading>86.47240756882979</heading>
						<tilt>78.94600695753677</tilt>
						<range>1811.588308586344</range>
						<gx:altitudeMode>relativeToSeaFloor</gx:altitudeMode>
					</LookAt>
					<styleUrl>#m_ylw-pushpin0</styleUrl>
					<Point>
						<coordinates>-119.5624664690387,37.74254771252972,0</coordinates>
					</Point>
				</Placemark>
				<Placemark>
					<name>Half Dome</name>
					<visibility>0</visibility>
					<LookAt>
						<longitude>-119.5643338181924</longitude>
						<latitude>37.74245666940946</latitude>
						<altitude>43.0780876434567</altitude>
						<heading>86.47126453847461</heading>
						<tilt>78.94452751044842</tilt>
						<range>1643.438428516507</range>
						<gx:altitudeMode>relativeToSeaFloor</gx:altitudeMode>
					</LookAt>
					<styleUrl>#m_ylw-pushpin0</styleUrl>
					<Point>
						<gx:drawOrder>1</gx:drawOrder>
						<coordinates>-119.5643338181924,37.74245666940946,0</coordinates>
					</Point>
				</Placemark>
				<Placemark id="AhwaneeDiningHall">
					<name>Ahwanee Dining Hall</name>
					<visibility>0</visibility>
					<description>Site of Ansel Adams Christmas celebration:</description>
					<LookAt>
						<gx:ViewerOptions>
							<gx:option enabled="0" name="historicalimagery"></gx:option>
							<gx:option enabled="0" name="sunlight"></gx:option>
							<gx:option name="streetview"></gx:option>
						</gx:ViewerOptions>
						<longitude>-119.5029752521016</longitude>
						<latitude>37.66226338100739</latitude>
						<altitude>0</altitude>
						<heading>145.947270402178</heading>
						<tilt>83.89655433013611</tilt>
						<range>11370.7048825459</range>
						<gx:altitudeMode>relativeToSeaFloor</gx:altitudeMode>
					</LookAt>
					<styleUrl>#m_ylw-pushpin0</styleUrl>
					<Point>
						<gx:drawOrder>1</gx:drawOrder>
						<coordinates>-119.5747976597075,37.74627245664536,1217.496496484224</coordinates>
					</Point>
				</Placemark>
				<Placemark>
					<name>Wawona 30ft</name>
					<visibility>0</visibility>
					<LookAt>
						<gx:ViewerOptions>
							<gx:option enabled="0" name="historicalimagery"></gx:option>
							<gx:option enabled="0" name="sunlight"></gx:option>
							<gx:option name="streetview"></gx:option>
						</gx:ViewerOptions>
						<longitude>-119.5948966868583</longitude>
						<latitude>37.51472656214114</latitude>
						<altitude>0</altitude>
						<heading>-168.8744465739061</heading>
						<tilt>76.37272493298357</tilt>
						<range>7.726729077977181</range>
						<gx:altitudeMode>relativeToSeaFloor</gx:altitudeMode>
					</LookAt>
					<styleUrl>#m_ylw-pushpin0</styleUrl>
					<Point>
						<gx:drawOrder>1</gx:drawOrder>
						<coordinates>-119.5948966868583,37.51472656214114,0</coordinates>
					</Point>
				</Placemark>
				<Placemark>
					<name>W+200</name>
					<visibility>0</visibility>
					<LookAt>
						<longitude>-119.594878750833</longitude>
						<latitude>37.51469028567901</latitude>
						<altitude>0</altitude>
						<heading>168.0255585515719</heading>
						<tilt>45.37173694910125</tilt>
						<range>101.0831915518805</range>
						<gx:altitudeMode>relativeToSeaFloor</gx:altitudeMode>
					</LookAt>
					<styleUrl>#m_ylw-pushpin0</styleUrl>
					<Point>
						<gx:drawOrder>1</gx:drawOrder>
						<coordinates>-119.594878750833,37.514690285679,0</coordinates>
					</Point>
				</Placemark>
				<Placemark>
					<name>Wawona site of Ansel Adams Tree picture</name>
					<LookAt>
						<gx:ViewerOptions>
							<gx:option enabled="0" name="historicalimagery"></gx:option>
							<gx:option enabled="0" name="sunlight"></gx:option>
							<gx:option name="streetview"></gx:option>
						</gx:ViewerOptions>
						<longitude>-119.5948891909628</longitude>
						<latitude>37.5147493868453</latitude>
						<altitude>0</altitude>
						<heading>-168.8743683803701</heading>
						<tilt>76.37219710753756</tilt>
						<range>9.112491199662598</range>
						<gx:altitudeMode>relativeToSeaFloor</gx:altitudeMode>
					</LookAt>
					<styleUrl>#m_ylw-pushpin0</styleUrl>
					<Point>
						<altitudeMode>relativeToGround</altitudeMode>
						<gx:drawOrder>1</gx:drawOrder>
						<coordinates>-119.5948891909628,37.5147493868453,6</coordinates>
					</Point>
				</Placemark>
				<Placemark id="W1000">
					<name>W+1000</name>
					<visibility>0</visibility>
					<styleUrl>#m_ylw-pushpin3</styleUrl>
					<LineString>
						<tessellate>1</tessellate>
						<altitudeMode>absolute</altitudeMode>
						<coordinates>
						</coordinates>
					</LineString>
				</Placemark>
				<Placemark>
					<name>Ahwanee 200</name>
					<visibility>0</visibility>
					<LookAt>
						<longitude>-119.5743652193226</longitude>
						<latitude>37.74657909167191</latitude>
						<altitude>0</altitude>
						<heading>23.21940855215924</heading>
						<tilt>57.75150374174618</tilt>
						<range>266.7414267933769</range>
						<gx:altitudeMode>relativeToSeaFloor</gx:altitudeMode>
					</LookAt>
					<styleUrl>#m_ylw-pushpin0</styleUrl>
					<Point>
						<gx:drawOrder>1</gx:drawOrder>
						<coordinates>-119.5743652193226,37.74657909167191,0</coordinates>
					</Point>
				</Placemark>
			</Folder>
			<Folder>
				<name>Napa</name>
				<description>Jim and Harriett Gage
Laurie Gage</description>
				<Placemark id="7801HillsideDriveHollywood">
					<name>7801 Hillside Drive, Hollywood</name>
					<description>Miller, Burdette, Gage</description>
					<LookAt>
						<longitude>-118.3594184992996</longitude>
						<latitude>34.10300240081408</latitude>
						<altitude>0</altitude>
						<heading>3.926665101414635e-10</heading>
						<tilt>45</tilt>
						<range>98</range>
						<gx:altitudeMode>relativeToSeaFloor</gx:altitudeMode>
					</LookAt>
					<styleUrl>#msn_ylw-pushpin0</styleUrl>
					<Point>
						<gx:drawOrder>1</gx:drawOrder>
						<coordinates>-118.3594184992996,34.10300240081408,0</coordinates>
					</Point>
				</Placemark>
			</Folder>
			<Folder>
				<name>Long Beach</name>
				<Placemark>
					<name>Long Beach Polytechnic High</name>
					<LookAt>
						<longitude>-118.1834570128358</longitude>
						<latitude>33.7866117053546</latitude>
						<altitude>6.200934052977169</altitude>
						<heading>0.0001016291770092797</heading>
						<tilt>47.2621529546379</tilt>
						<range>266.1499099170658</range>
						<gx:altitudeMode>relativeToSeaFloor</gx:altitudeMode>
					</LookAt>
					<styleUrl>#m_ylw-pushpin0</styleUrl>
					<Point>
						<gx:drawOrder>1</gx:drawOrder>
						<coordinates>-118.1834570128358,33.7866117053546,0</coordinates>
					</Point>
				</Placemark>
			</Folder>
			<Folder>
				<name>Hollywood</name>
				<description>Miller/Burdette/Gage</description>
				<Placemark>
					<name>Los Angeles</name>
					<visibility>0</visibility>
					<LookAt>
						<longitude>-118.2426431517379</longitude>
						<latitude>34.05490736906908</latitude>
						<altitude>0</altitude>
						<heading>-8.497127744648402e-08</heading>
						<tilt>0</tilt>
						<range>98202.77387917589</range>
						<gx:altitudeMode>relativeToSeaFloor</gx:altitudeMode>
					</LookAt>
					<styleUrl>#m_ylw-pushpin0</styleUrl>
					<Point>
						<gx:drawOrder>1</gx:drawOrder>
						<coordinates>-118.2426431517379,34.05490736906908,0</coordinates>
					</Point>
				</Placemark>
				<Placemark>
					<name>Aspinwall</name>
					<description>Schacht</description>
					<LookAt>
						<longitude>-95.13544150856811</longitude>
						<latitude>41.91032527676904</latitude>
						<altitude>0</altitude>
						<heading>-1.768338414923255</heading>
						<tilt>38.95964593468418</tilt>
						<range>382.1301560260509</range>
						<gx:altitudeMode>relativeToSeaFloor</gx:altitudeMode>
					</LookAt>
					<styleUrl>#m_ylw-pushpin0</styleUrl>
					<Point>
						<gx:drawOrder>1</gx:drawOrder>
						<coordinates>-95.13544150856809,41.91032527676904,0</coordinates>
					</Point>
				</Placemark>
			</Folder>
			<Folder>
				<name>Newport</name>
				<Placemark>
					<name>67 Beacon Bay</name>
					<LookAt>
						<longitude>-117.8972668329781</longitude>
						<latitude>33.61060825690851</latitude>
						<altitude>0</altitude>
						<heading>54.99268064455916</heading>
						<tilt>53.10842111282538</tilt>
						<range>65.51603976434457</range>
						<gx:altitudeMode>relativeToSeaFloor</gx:altitudeMode>
					</LookAt>
					<styleUrl>#m_ylw-pushpin0</styleUrl>
					<Point>
						<gx:drawOrder>1</gx:drawOrder>
						<coordinates>-117.8972668329781,33.61060825690851,0</coordinates>
					</Point>
				</Placemark>
				<Placemark>
					<name>204 Pearl</name>
					<visibility>0</visibility>
					<LookAt>
						<longitude>-117.8984224567701</longitude>
						<latitude>33.60734740457109</latitude>
						<altitude>12.25509588603746</altitude>
						<heading>54.99202613561335</heading>
						<tilt>55.02371742474887</tilt>
						<range>104.4970116724247</range>
						<gx:altitudeMode>relativeToSeaFloor</gx:altitudeMode>
					</LookAt>
					<styleUrl>#m_ylw-pushpin0</styleUrl>
					<Point>
						<gx:drawOrder>1</gx:drawOrder>
						<coordinates>-117.8984224567701,33.60734740457109,0</coordinates>
					</Point>
				</Placemark>
				<Placemark>
					<name>Newport Harbor High School</name>
					<visibility>0</visibility>
					<description>Old swimming pool, new swimming pool</description>
					<LookAt>
						<longitude>-117.9132502776236</longitude>
						<latitude>33.62382724759065</latitude>
						<altitude>0</altitude>
						<heading>59.70943589048737</heading>
						<tilt>53.53361188265764</tilt>
						<range>457.8420069893364</range>
						<gx:altitudeMode>relativeToSeaFloor</gx:altitudeMode>
					</LookAt>
					<styleUrl>#m_ylw-pushpin0</styleUrl>
					<Point>
						<gx:drawOrder>1</gx:drawOrder>
						<coordinates>-117.9132502776236,33.62382724759065,0</coordinates>
					</Point>
				</Placemark>
				<Placemark>
					<name>Corona del Mar High School</name>
					<visibility>0</visibility>
					<description>Laurie Gage</description>
					<LookAt>
						<longitude>-117.8796627843078</longitude>
						<latitude>33.63252241725949</latitude>
						<altitude>8.238056071036734</altitude>
						<heading>-117.5329876917884</heading>
						<tilt>77.1097754381216</tilt>
						<range>562.3629406998307</range>
						<gx:altitudeMode>relativeToSeaFloor</gx:altitudeMode>
					</LookAt>
					<styleUrl>#m_ylw-pushpin0</styleUrl>
					<Point>
						<gx:drawOrder>1</gx:drawOrder>
						<coordinates>-117.8796627843078,33.63252241725949,0</coordinates>
					</Point>
				</Placemark>
			</Folder>
		</Folder>
		<Folder>
			<name>Kenya</name>
			<Folder>
				<name>Turkana</name>
				<Placemark>
					<name>Lodwar</name>
					<LookAt>
						<longitude>36.03787131411891</longitude>
						<latitude>3.007905416738767</latitude>
						<altitude>0</altitude>
						<heading>0.01714865211674978</heading>
						<tilt>0</tilt>
						<range>293831.0993989717</range>
						<gx:altitudeMode>relativeToSeaFloor</gx:altitudeMode>
					</LookAt>
					<styleUrl>#m_ylw-pushpin</styleUrl>
					<Point>
						<gx:drawOrder>1</gx:drawOrder>
						<coordinates>35.59233053123436,3.102609720218108,0</coordinates>
					</Point>
				</Placemark>
				<Placemark>
					<name>Kakuma Camp</name>
					<description>Camp One on Tarach River</description>
					<LookAt>
						<longitude>34.86248378915231</longitude>
						<latitude>3.709066178906471</latitude>
						<altitude>0</altitude>
						<heading>-7.017434712067112e-10</heading>
						<tilt>0</tilt>
						<range>16445.31498216346</range>
						<gx:altitudeMode>relativeToSeaFloor</gx:altitudeMode>
					</LookAt>
					<styleUrl>#m_ylw-pushpin</styleUrl>
					<Point>
						<gx:drawOrder>1</gx:drawOrder>
						<coordinates>34.83670151748892,3.741765120068389,0</coordinates>
					</Point>
				</Placemark>
				<Placemark>
					<name>Lokichar</name>
					<LookAt>
						<longitude>36.03787131411891</longitude>
						<latitude>3.007905416738767</latitude>
						<altitude>0</altitude>
						<heading>0.01714865211674978</heading>
						<tilt>0</tilt>
						<range>293831.0993989717</range>
						<gx:altitudeMode>relativeToSeaFloor</gx:altitudeMode>
					</LookAt>
					<styleUrl>#m_ylw-pushpin</styleUrl>
					<Point>
						<gx:drawOrder>1</gx:drawOrder>
						<coordinates>35.64325409824076,2.369824283419724,0</coordinates>
					</Point>
				</Placemark>
				<Placemark>
					<name>Kapenguria</name>
					<description>Tegla Loroupe</description>
					<LookAt>
						<longitude>36.08475130244574</longitude>
						<latitude>2.255805598884383</latitude>
						<altitude>0</altitude>
						<heading>0.02453966777440523</heading>
						<tilt>0</tilt>
						<range>330748.6667276624</range>
						<gx:altitudeMode>relativeToSeaFloor</gx:altitudeMode>
					</LookAt>
					<styleUrl>#m_ylw-pushpin</styleUrl>
					<Point>
						<gx:drawOrder>1</gx:drawOrder>
						<coordinates>35.09506700990313,1.211879351871236,0</coordinates>
					</Point>
				</Placemark>
				<Placemark>
					<name>Napuu Gardens</name>
					<description>possible site for Rift Valley Water Services Board drilled 3</description>
					<LookAt>
						<longitude>35.65245124177635</longitude>
						<latitude>3.108305688170463</latitude>
						<altitude>0</altitude>
						<heading>0.004078272835056531</heading>
						<tilt>27.30188237779305</tilt>
						<range>8538.260381173197</range>
						<gx:altitudeMode>relativeToSeaFloor</gx:altitudeMode>
					</LookAt>
					<styleUrl>#m_ylw-pushpin</styleUrl>
					<Point>
						<gx:drawOrder>1</gx:drawOrder>
						<coordinates>35.6402721463067,3.108333514168787,0</coordinates>
					</Point>
				</Placemark>
			</Folder>
		</Folder>
		<Document>
			<name>Berkeley Housing Pipeline - 3D Skyline</name>
			<description>165 housing projects. Heights shown as stories × 3.5m. Generated 2026-04-14.</description>
			<StyleMap id="style_Application_Submitted">
				<Pair>
					<key>normal</key>
					<styleUrl>#style_Application_Submitted2</styleUrl>
				</Pair>
				<Pair>
					<key>highlight</key>
					<styleUrl>#style_Application_Submitted1</styleUrl>
				</Pair>
			</StyleMap>
			<Style id="style_Application_Submitted0">
				<LineStyle>
					<color>ff000000</color>
				</LineStyle>
				<PolyStyle>
					<color>ff00ffff</color>
				</PolyStyle>
			</Style>
			<StyleMap id="style_Application_Submitted00">
				<Pair>
					<key>normal</key>
					<styleUrl>#style_Application_Submitted01</styleUrl>
				</Pair>
				<Pair>
					<key>highlight</key>
					<styleUrl>#style_Application_Submitted0</styleUrl>
				</Pair>
			</StyleMap>
			<Style id="style_Application_Submitted01">
				<LineStyle>
					<color>ff000000</color>
				</LineStyle>
				<PolyStyle>
					<color>ff00ffff</color>
				</PolyStyle>
			</Style>
			<Style id="style_Application_Submitted02">
				<LineStyle>
					<color>ff000000</color>
				</LineStyle>
				<PolyStyle>
					<color>ff00ffff</color>
				</PolyStyle>
			</Style>
			<Style id="style_Application_Submitted1">
				<LineStyle>
					<color>ff000000</color>
				</LineStyle>
				<PolyStyle>
					<color>ff00ffff</color>
				</PolyStyle>
			</Style>
			<Style id="style_Application_Submitted2">
				<LineStyle>
					<color>ff000000</color>
				</LineStyle>
				<PolyStyle>
					<color>ff00ffff</color>
				</PolyStyle>
			</Style>
			<Style id="style_Completed">
				<LineStyle>
					<color>ff000000</color>
				</LineStyle>
				<PolyStyle>
					<color>ffff0000</color>
				</PolyStyle>
			</Style>
			<StyleMap id="style_Completed0">
				<Pair>
					<key>normal</key>
					<styleUrl>#style_Completed1</styleUrl>
				</Pair>
				<Pair>
					<key>highlight</key>
					<styleUrl>#style_Completed2</styleUrl>
				</Pair>
			</StyleMap>
			<Style id="style_Completed1">
				<LineStyle>
					<color>ff000000</color>
				</LineStyle>
				<PolyStyle>
					<color>ffff0000</color>
				</PolyStyle>
			</Style>
			<Style id="style_Completed2">
				<LineStyle>
					<color>ff000000</color>
				</LineStyle>
				<PolyStyle>
					<color>ffff0000</color>
				</PolyStyle>
			</Style>
			<StyleMap id="style_Decision_Pending">
				<Pair>
					<key>normal</key>
					<styleUrl>#style_Decision_Pending1</styleUrl>
				</Pair>
				<Pair>
					<key>highlight</key>
					<styleUrl>#style_Decision_Pending0</styleUrl>
				</Pair>
			</StyleMap>
			<Style id="style_Decision_Pending0">
				<LineStyle>
					<color>ff000000</color>
				</LineStyle>
				<PolyStyle>
					<color>ff00ffff</color>
				</PolyStyle>
			</Style>
			<Style id="style_Decision_Pending1">
				<LineStyle>
					<color>ff000000</color>
				</LineStyle>
				<PolyStyle>
					<color>ff00ffff</color>
				</PolyStyle>
			</Style>
			<Style id="style_Decision_Pending2">
				<LineStyle>
					<color>ff000000</color>
				</LineStyle>
				<PolyStyle>
					<color>ff00ffff</color>
				</PolyStyle>
			</Style>
			<Style id="style_Entitled">
				<LineStyle>
					<color>ff000000</color>
				</LineStyle>
				<PolyStyle>
					<color>ff0080ff</color>
				</PolyStyle>
			</Style>
			<StyleMap id="style_Entitled0">
				<Pair>
					<key>normal</key>
					<styleUrl>#style_Entitled</styleUrl>
				</Pair>
				<Pair>
					<key>highlight</key>
					<styleUrl>#style_Entitled1</styleUrl>
				</Pair>
			</StyleMap>
			<Style id="style_Entitled1">
				<LineStyle>
					<color>ff000000</color>
				</LineStyle>
				<PolyStyle>
					<color>ff0080ff</color>
				</PolyStyle>
			</Style>
			<Style id="style_Entitled2">
				<LineStyle>
					<color>ff000000</color>
				</LineStyle>
				<PolyStyle>
					<color>ff0080ff</color>
				</PolyStyle>
			</Style>
			<Style id="style_Entitled20">
				<LineStyle>
					<color>ff000000</color>
				</LineStyle>
				<PolyStyle>
					<color>ff0080ff</color>
				</PolyStyle>
			</Style>
			<StyleMap id="style_Entitled21">
				<Pair>
					<key>normal</key>
					<styleUrl>#style_Entitled27</styleUrl>
				</Pair>
				<Pair>
					<key>highlight</key>
					<styleUrl>#style_Entitled211</styleUrl>
				</Pair>
			</StyleMap>
			<Style id="style_Entitled210">
				<LineStyle>
					<color>ff000000</color>
				</LineStyle>
				<PolyStyle>
					<color>ff0080ff</color>
				</PolyStyle>
			</Style>
			<Style id="style_Entitled211">
				<LineStyle>
					<color>ff000000</color>
				</LineStyle>
				<PolyStyle>
					<color>ff0080ff</color>
				</PolyStyle>
			</Style>
			<Style id="style_Entitled212">
				<LineStyle>
					<color>ff000000</color>
				</LineStyle>
				<PolyStyle>
					<color>ff0080ff</color>
				</PolyStyle>
			</Style>
			<StyleMap id="style_Entitled213">
				<Pair>
					<key>normal</key>
					<styleUrl>#style_Entitled214</styleUrl>
				</Pair>
				<Pair>
					<key>highlight</key>
					<styleUrl>#style_Entitled25</styleUrl>
				</Pair>
			</StyleMap>
			<Style id="style_Entitled214">
				<LineStyle>
					<color>ff000000</color>
				</LineStyle>
				<PolyStyle>
					<color>ff0080ff</color>
				</PolyStyle>
			</Style>
			<Style id="style_Entitled22">
				<LineStyle>
					<color>ff000000</color>
				</LineStyle>
				<PolyStyle>
					<color>ff0080ff</color>
				</PolyStyle>
			</Style>
			<Style id="style_Entitled23">
				<LineStyle>
					<color>ff000000</color>
				</LineStyle>
				<PolyStyle>
					<color>ff0080ff</color>
				</PolyStyle>
			</Style>
			<StyleMap id="style_Entitled24">
				<Pair>
					<key>normal</key>
					<styleUrl>#style_Entitled20</styleUrl>
				</Pair>
				<Pair>
					<key>highlight</key>
					<styleUrl>#style_Entitled23</styleUrl>
				</Pair>
			</StyleMap>
			<Style id="style_Entitled25">
				<LineStyle>
					<color>ff000000</color>
				</LineStyle>
				<PolyStyle>
					<color>ff0080ff</color>
				</PolyStyle>
			</Style>
			<StyleMap id="style_Entitled26">
				<Pair>
					<key>normal</key>
					<styleUrl>#style_Entitled212</styleUrl>
				</Pair>
				<Pair>
					<key>highlight</key>
					<styleUrl>#style_Entitled28</styleUrl>
				</Pair>
			</StyleMap>
			<Style id="style_Entitled27">
				<LineStyle>
					<color>ff000000</color>
				</LineStyle>
				<PolyStyle>
					<color>ff0080ff</color>
				</PolyStyle>
			</Style>
			<Style id="style_Entitled28">
				<LineStyle>
					<color>ff000000</color>
				</LineStyle>
				<PolyStyle>
					<color>ff0080ff</color>
				</PolyStyle>
			</Style>
			<StyleMap id="style_Entitled29">
				<Pair>
					<key>normal</key>
					<styleUrl>#style_Entitled210</styleUrl>
				</Pair>
				<Pair>
					<key>highlight</key>
					<styleUrl>#style_Entitled22</styleUrl>
				</Pair>
			</StyleMap>
			<Style id="style_In_Review">
				<LineStyle>
					<color>ff000000</color>
				</LineStyle>
				<PolyStyle>
					<color>ff00ffff</color>
				</PolyStyle>
			</Style>
			<Style id="style_In_Review0">
				<LineStyle>
					<color>ff000000</color>
					<width>2</width>
				</LineStyle>
				<PolyStyle>
					<color>ff00ffff</color>
				</PolyStyle>
			</Style>
			<Style id="style_In_Review00">
				<LineStyle>
					<color>ff000000</color>
				</LineStyle>
				<PolyStyle>
					<color>ff00ffff</color>
				</PolyStyle>
			</Style>
			<Style id="style_In_Review1">
				<LineStyle>
					<color>ff000000</color>
				</LineStyle>
				<PolyStyle>
					<color>ff00ffff</color>
				</PolyStyle>
			</Style>
			<Style id="style_In_Review10">
				<LineStyle>
					<color>ff000000</color>
				</LineStyle>
				<PolyStyle>
					<color>ff00ffff</color>
				</PolyStyle>
			</Style>
			<StyleMap id="style_In_Review2">
				<Pair>
					<key>normal</key>
					<styleUrl>#style_In_Review8</styleUrl>
				</Pair>
				<Pair>
					<key>highlight</key>
					<styleUrl>#style_In_Review1</styleUrl>
				</Pair>
			</StyleMap>
			<Style id="style_In_Review20">
				<LineStyle>
					<color>ff000000</color>
				</LineStyle>
				<PolyStyle>
					<color>ff00ffff</color>
				</PolyStyle>
			</Style>
			<Style id="style_In_Review3">
				<LineStyle>
					<color>ff000000</color>
					<width>2</width>
				</LineStyle>
				<PolyStyle>
					<color>ff00ffff</color>
				</PolyStyle>
			</Style>
			<StyleMap id="style_In_Review30">
				<Pair>
					<key>normal</key>
					<styleUrl>#style_In_Review00</styleUrl>
				</Pair>
				<Pair>
					<key>highlight</key>
					<styleUrl>#style_In_Review10</styleUrl>
				</Pair>
			</StyleMap>
			<Style id="style_In_Review4">
				<LineStyle>
					<color>ff000000</color>
				</LineStyle>
				<PolyStyle>
					<color>ff00ffff</color>
				</PolyStyle>
			</Style>
			<Style id="style_In_Review40">
				<LineStyle>
					<color>ff000000</color>
				</LineStyle>
				<PolyStyle>
					<color>ff00ffff</color>
				</PolyStyle>
			</Style>
			<StyleMap id="style_In_Review5">
				<Pair>
					<key>normal</key>
					<styleUrl>#style_In_Review40</styleUrl>
				</Pair>
				<Pair>
					<key>highlight</key>
					<styleUrl>#style_In_Review20</styleUrl>
				</Pair>
			</StyleMap>
			<StyleMap id="style_In_Review6">
				<Pair>
					<key>normal</key>
					<styleUrl>#style_In_Review9</styleUrl>
				</Pair>
				<Pair>
					<key>highlight</key>
					<styleUrl>#style_In_Review</styleUrl>
				</Pair>
			</StyleMap>
			<StyleMap id="style_In_Review7">
				<Pair>
					<key>normal</key>
					<styleUrl>#style_In_Review3</styleUrl>
				</Pair>
				<Pair>
					<key>highlight</key>
					<styleUrl>#style_In_Review0</styleUrl>
				</Pair>
			</StyleMap>
			<Style id="style_In_Review8">
				<LineStyle>
					<color>ff000000</color>
				</LineStyle>
				<PolyStyle>
					<color>ff00ffff</color>
				</PolyStyle>
			</Style>
			<Style id="style_In_Review9">
				<LineStyle>
					<color>ff000000</color>
				</LineStyle>
				<PolyStyle>
					<color>ff00ffff</color>
				</PolyStyle>
			</Style>
			<Style id="style_Permits_Active">
				<LineStyle>
					<color>ff000000</color>
				</LineStyle>
				<PolyStyle>
					<color>ffffff00</color>
				</PolyStyle>
			</Style>
			<Style id="style_Pre_Application">
				<LineStyle>
					<color>ff000000</color>
				</LineStyle>
				<PolyStyle>
					<color>ffc0c0c0</color>
				</PolyStyle>
			</Style>
			<Style id="style_Stalled">
				<LineStyle>
					<color>ff000000</color>
				</LineStyle>
				<PolyStyle>
					<color>ff0000ff</color>
				</PolyStyle>
			</Style>
			<Style id="style_UC_Project">
				<LineStyle>
					<color>ff000000</color>
					<width>2</width>
				</LineStyle>
				<PolyStyle>
					<color>ff00d7ff</color>
				</PolyStyle>
			</Style>
			<StyleMap id="style_UC_Project0">
				<Pair>
					<key>normal</key>
					<styleUrl>#style_UC_Project2</styleUrl>
				</Pair>
				<Pair>
					<key>highlight</key>
					<styleUrl>#style_UC_Project4</styleUrl>
				</Pair>
			</StyleMap>
			<Style id="style_UC_Project1">
				<LineStyle>
					<color>ff000000</color>
				</LineStyle>
				<PolyStyle>
					<color>ff00d7ff</color>
				</PolyStyle>
			</Style>
			<Style id="style_UC_Project2">
				<LineStyle>
					<color>ff000000</color>
					<width>2.1</width>
				</LineStyle>
				<PolyStyle>
					<color>ff00d7ff</color>
				</PolyStyle>
			</Style>
			<StyleMap id="style_UC_Project3">
				<Pair>
					<key>normal</key>
					<styleUrl>#style_UC_Project5</styleUrl>
				</Pair>
				<Pair>
					<key>highlight</key>
					<styleUrl>#style_UC_Project</styleUrl>
				</Pair>
			</StyleMap>
			<Style id="style_UC_Project4">
				<LineStyle>
					<color>ff000000</color>
					<width>2.1</width>
				</LineStyle>
				<PolyStyle>
					<color>ff00d7ff</color>
				</PolyStyle>
			</Style>
			<Style id="style_UC_Project5">
				<LineStyle>
					<color>ff000000</color>
					<width>2</width>
				</LineStyle>
				<PolyStyle>
					<color>ff00d7ff</color>
				</PolyStyle>
			</Style>
			<StyleMap id="style_Under_Construction">
				<Pair>
					<key>normal</key>
					<styleUrl>#style_Under_Construction0</styleUrl>
				</Pair>
				<Pair>
					<key>highlight</key>
					<styleUrl>#style_Under_Construction3</styleUrl>
				</Pair>
			</StyleMap>
			<Style id="style_Under_Construction0">
				<LineStyle>
					<color>ff000000</color>
				</LineStyle>
				<PolyStyle>
					<color>ff00ff00</color>
				</PolyStyle>
			</Style>
			<Style id="style_Under_Construction1">
				<LineStyle>
					<color>ff000000</color>
				</LineStyle>
				<PolyStyle>
					<color>ff00ff00</color>
				</PolyStyle>
			</Style>
			<StyleMap id="style_Under_Construction10">
				<Pair>
					<key>normal</key>
					<styleUrl>#style_Under_Construction1</styleUrl>
				</Pair>
				<Pair>
					<key>highlight</key>
					<styleUrl>#style_Under_Construction11</styleUrl>
				</Pair>
			</StyleMap>
			<Style id="style_Under_Construction11">
				<LineStyle>
					<color>ff000000</color>
				</LineStyle>
				<PolyStyle>
					<color>ff00ff00</color>
				</PolyStyle>
			</Style>
			<Style id="style_Under_Construction12">
				<LineStyle>
					<color>ff000000</color>
				</LineStyle>
				<PolyStyle>
					<color>ff00ff00</color>
				</PolyStyle>
			</Style>
			<Style id="style_Under_Construction2">
				<LineStyle>
					<color>ff000000</color>
				</LineStyle>
				<PolyStyle>
					<color>ff00ff00</color>
				</PolyStyle>
			</Style>
			<Style id="style_Under_Construction3">
				<LineStyle>
					<color>ff000000</color>
				</LineStyle>
				<PolyStyle>
					<color>ff00ff00</color>
				</PolyStyle>
			</Style>
			<Style id="style_Under_Construction4">
				<LineStyle>
					<color>ff000000</color>
				</LineStyle>
				<PolyStyle>
					<color>ff00ff00</color>
				</PolyStyle>
			</Style>
			<StyleMap id="style_Under_Construction5">
				<Pair>
					<key>normal</key>
					<styleUrl>#style_Under_Construction2</styleUrl>
				</Pair>
				<Pair>
					<key>highlight</key>
					<styleUrl>#style_Under_Construction4</styleUrl>
				</Pair>
			</StyleMap>
			<Style id="style_Unknown">
				<LineStyle>
					<color>ff000000</color>
				</LineStyle>
				<PolyStyle>
					<color>ffc0c0c0</color>
				</PolyStyle>
			</Style>
			<Style id="style_Withdrawn">
				<LineStyle>
					<color>ff000000</color>
				</LineStyle>
				<PolyStyle>
					<color>ff0000ff</color>
				</PolyStyle>
			</Style>
			<gx:Tour>
				<name>Berkeley Housing Pipeline - Extended Dramatic Tour</name>
				<gx:Playlist>
					<gx:FlyTo>
						<gx:duration>6</gx:duration>
						<Camera>
							<longitude>-122.2733</longitude>
							<latitude>37.87</latitude>
							<altitude>240</altitude>
							<heading>88</heading>
							<tilt>80</tilt>
							<roll>0</roll>
							<altitudeMode>absolute</altitudeMode>
						</Camera>
					</gx:FlyTo>
					<gx:Wait><gx:duration>4</gx:duration>
</gx:Wait>
					<gx:FlyTo>
						<gx:duration>5</gx:duration>
						<gx:flyToMode>smooth</gx:flyToMode>
						<Camera>
							<longitude>-122.2618</longitude>
							<latitude>37.8654</latitude>
							<altitude>210</altitude>
							<heading>118</heading>
							<tilt>82</tilt>
							<roll>0</roll>
							<altitudeMode>absolute</altitudeMode>
						</Camera>
					</gx:FlyTo>
					<gx:FlyTo>
						<gx:duration>4</gx:duration>
						<gx:flyToMode>smooth</gx:flyToMode>
						<Camera>
							<longitude>-122.2598</longitude>
							<latitude>37.8656</latitude>
							<altitude>205</altitude>
							<heading>180</heading>
							<tilt>82</tilt>
							<roll>0</roll>
							<altitudeMode>absolute</altitudeMode>
						</Camera>
					</gx:FlyTo>
					<gx:FlyTo>
						<gx:duration>4</gx:duration>
						<gx:flyToMode>smooth</gx:flyToMode>
						<Camera>
							<longitude>-122.2598</longitude>
							<latitude>37.8656</latitude>
							<altitude>205</altitude>
							<heading>300</heading>
							<tilt>82</tilt>
							<roll>0</roll>
							<altitudeMode>absolute</altitudeMode>
						</Camera>
					</gx:FlyTo>
					<gx:Wait><gx:duration>5</gx:duration>
</gx:Wait>
					<gx:FlyTo>
						<gx:duration>5</gx:duration>
						<gx:flyToMode>smooth</gx:flyToMode>
						<Camera>
							<longitude>-122.2691</longitude>
							<latitude>37.8538</latitude>
							<altitude>182.88</altitude>
							<heading>336</heading>
							<tilt>80</tilt>
							<roll>0</roll>
							<altitudeMode>absolute</altitudeMode>
						</Camera>
					</gx:FlyTo>
					<gx:FlyTo>
						<gx:duration>7</gx:duration>
						<gx:flyToMode>smooth</gx:flyToMode>
						<Camera>
							<longitude>-122.2689</longitude>
							<latitude>37.8607</latitude>
							<altitude>182.88</altitude>
							<heading>348</heading>
							<tilt>80</tilt>
							<roll>0</roll>
							<altitudeMode>absolute</altitudeMode>
						</Camera>
					</gx:FlyTo>
					<gx:FlyTo>
						<gx:duration>8</gx:duration>
						<gx:flyToMode>smooth</gx:flyToMode>
						<Camera>
							<longitude>-122.2684</longitude>
							<latitude>37.8772</latitude>
							<altitude>182.88</altitude>
							<heading>2</heading>
							<tilt>79</tilt>
							<roll>0</roll>
							<altitudeMode>absolute</altitudeMode>
						</Camera>
					</gx:FlyTo>
					<gx:FlyTo>
						<gx:duration>4</gx:duration>
						<gx:flyToMode>smooth</gx:flyToMode>
						<Camera>
							<longitude>-122.2684</longitude>
							<latitude>37.8772</latitude>
							<altitude>182.88</altitude>
							<heading>182</heading>
							<tilt>77</tilt>
							<roll>0</roll>
							<altitudeMode>absolute</altitudeMode>
						</Camera>
					</gx:FlyTo>
					<gx:Wait><gx:duration>10</gx:duration>
</gx:Wait>
					<gx:FlyTo>
						<gx:duration>5</gx:duration>
						<gx:flyToMode>smooth</gx:flyToMode>
						<Camera>
							<longitude>-122.285</longitude>
							<latitude>37.8707</latitude>
							<altitude>195</altitude>
							<heading>88</heading>
							<tilt>81</tilt>
							<roll>0</roll>
							<altitudeMode>absolute</altitudeMode>
						</Camera>
					</gx:FlyTo>
					<gx:Wait><gx:duration>5</gx:duration>
</gx:Wait>
					<gx:FlyTo>
						<gx:duration>5</gx:duration>
						<gx:flyToMode>smooth</gx:flyToMode>
						<Camera>
							<longitude>-122.2802</longitude>
							<latitude>37.8707</latitude>
							<altitude>195</altitude>
							<heading>88</heading>
							<tilt>81</tilt>
							<roll>0</roll>
							<altitudeMode>absolute</altitudeMode>
						</Camera>
					</gx:FlyTo>
					<gx:Wait><gx:duration>5</gx:duration>
</gx:Wait>
					<gx:FlyTo>
						<gx:duration>5</gx:duration>
						<gx:flyToMode>smooth</gx:flyToMode>
						<Camera>
							<longitude>-122.2756</longitude>
							<latitude>37.8707</latitude>
							<altitude>195</altitude>
							<heading>88</heading>
							<tilt>81</tilt>
							<roll>0</roll>
							<altitudeMode>absolute</altitudeMode>
						</Camera>
					</gx:FlyTo>
					<gx:Wait><gx:duration>5</gx:duration>
</gx:Wait>
					<gx:FlyTo>
						<gx:duration>5</gx:duration>
						<gx:flyToMode>smooth</gx:flyToMode>
						<Camera>
							<longitude>-122.2709</longitude>
							<latitude>37.8706</latitude>
							<altitude>195</altitude>
							<heading>88</heading>
							<tilt>81</tilt>
							<roll>0</roll>
							<altitudeMode>absolute</altitudeMode>
						</Camera>
					</gx:FlyTo>
					<gx:Wait><gx:duration>5</gx:duration>
</gx:Wait>
					<gx:FlyTo>
						<gx:duration>5</gx:duration>
						<gx:flyToMode>smooth</gx:flyToMode>
						<Camera>
							<longitude>-122.2679</longitude>
							<latitude>37.8706</latitude>
							<altitude>195</altitude>
							<heading>88</heading>
							<tilt>81</tilt>
							<roll>0</roll>
							<altitudeMode>absolute</altitudeMode>
						</Camera>
					</gx:FlyTo>
					<gx:Wait><gx:duration>5</gx:duration>
</gx:Wait>
					<gx:FlyTo>
						<gx:duration>5</gx:duration>
						<gx:flyToMode>smooth</gx:flyToMode>
						<Camera>
							<longitude>-122.2642</longitude>
							<latitude>37.8706</latitude>
							<altitude>195</altitude>
							<heading>88</heading>
							<tilt>81</tilt>
							<roll>0</roll>
							<altitudeMode>absolute</altitudeMode>
						</Camera>
					</gx:FlyTo>
					<gx:Wait><gx:duration>5</gx:duration>
</gx:Wait>
					<gx:FlyTo>
						<gx:duration>4</gx:duration>
						<gx:flyToMode>smooth</gx:flyToMode>
						<Camera>
							<longitude>-122.2732</longitude>
							<latitude>37.87</latitude>
							<altitude>210</altitude>
							<heading>90</heading>
							<tilt>80</tilt>
							<roll>0</roll>
							<altitudeMode>absolute</altitudeMode>
						</Camera>
					</gx:FlyTo>
					<gx:Wait><gx:duration>8</gx:duration>
</gx:Wait>
				</gx:Playlist>
			</gx:Tour>
			<Folder>
				<name>Housing Projects</name>
				<open>1</open>
				<Document>
					<name>Berkeley Housing Pipeline - Extended Dramatic Tour</name>
					<open>1</open>
				</Document>
				<Placemark>
					<name>2400 BOWDITCH St</name>
					<description><![CDATA[<b>2400 BOWDITCH St</b><br/><b>Units:</b> 750<br/><b>VLI Units:</b> 0<br/><b>Stories:</b> 26<br/><b>Height:</b> 85.3m<br/><b>Status:</b> Pre-Application<br/><b style='color:gold'>UC Berkeley Project</b>]]></description>
					<styleUrl>#style_UC_Project3</styleUrl>
					<Polygon>
						<extrude>1</extrude>
						<altitudeMode>relativeToGround</altitudeMode>
						<outerBoundaryIs>
							<LinearRing>
								<coordinates>
									-122.2565764646049,37.8664674425215,85 -122.2566673220053,37.86713696682762,85 -122.2573148486328,37.8670390607835,85 -122.2572021120195,37.86638189978208,85 -122.2565764646049,37.8664674425215,85 
								</coordinates>
							</LinearRing>
						</outerBoundaryIs>
					</Polygon>
				</Placemark>
				<Placemark>
					<name>2556 HASTE St</name>
					<description><![CDATA[<b>2556 HASTE St - People's Park</b><br/><b>Units:</b> 556 or 1,250 beds<br/><b>VLI Units:</b> 0<br/><b>Stories:</b> 12<br/><b>Height:</b> 40.2m<br/><b>Status:</b> Under Construction<br/><b style='color:gold'>UC Berkeley Project</b>]]></description>
					<styleUrl>#style_UC_Project0</styleUrl>
					<Polygon>
						<extrude>1</extrude>
						<altitudeMode>relativeToGround</altitudeMode>
						<outerBoundaryIs>
							<LinearRing>
								<coordinates>
									-122.2578741259364,37.86577910292937,42 -122.2568746717387,37.86590650756286,42 -122.256774400759,37.86545698293769,42 -122.2563009130569,37.86552458015378,42 -122.2564790711632,37.86623213936735,42 -122.2579307964613,37.86606106675232,42 -122.2578741259364,37.86577910292937,42 
								</coordinates>
							</LinearRing>
						</outerBoundaryIs>
					</Polygon>
				</Placemark>
				<Placemark>
					<name>2200 BANCROFT Way</name>
					<description><![CDATA[<b>2200 BANCROFT Way</b><br/><b>Units:</b> 550<br/><b>VLI Units:</b> 0<br/><b>Stories:</b> 23<br/><b>Height:</b> 77.1m<br/><b>Status:</b> Under Construction<br/><b style='color:gold'>UC Berkeley Project</b>]]></description>
					<styleUrl>#style_UC_Project1</styleUrl>
					<Polygon>
						<extrude>1</extrude>
						<altitudeMode>relativeToGround</altitudeMode>
						<outerBoundaryIs>
							<LinearRing>
								<coordinates>
									-122.2653611526801,37.8672850931143,77.09999999999999 -122.2654159842187,37.8676790162155,77.09999999999999 -122.2658099073199,37.8675910268857,77.09999999999999 -122.2657550757813,37.86719710378449,77.09999999999999 -122.2653611526801,37.8672850931143,77.09999999999999 
								</coordinates>
							</LinearRing>
						</outerBoundaryIs>
					</Polygon>
				</Placemark>
				<Placemark>
					<name>1750 SACRAMENTO St</name>
					<description><![CDATA[<b>1750 SACRAMENTO St</b><br/><b>Units:</b> 739<br/><b>VLI Units:</b> 0<br/><b>Stories:</b> 8<br/><b>Height:</b> 28.0m<br/><b>Status:</b> In Review]]></description>
					<styleUrl>#style_In_Review4</styleUrl>
					<Polygon>
						<extrude>1</extrude>
						<altitudeMode>relativeToGround</altitudeMode>
						<outerBoundaryIs>
							<LinearRing>
								<coordinates>
									-122.2827341566813,37.87415914726534,28 -122.2827889882199,37.87455307036655,28 -122.2831829113211,37.87446508103674,28 -122.2831280797825,37.87407115793553,28 -122.2827341566813,37.87415914726534,28 
								</coordinates>
							</LinearRing>
						</outerBoundaryIs>
					</Polygon>
				</Placemark>
				<Placemark>
					<name>Ashby BART</name>
					<description><![CDATA[<b>Ashby BART</b><br/><b>Units:</b> 618<br/><b>VLI Units:</b> 309<br/><b>Stories:</b> 20<br/><b>Height:</b> 70.0m<br/><b>Status:</b> Pre-Application<br/><i>(height estimated from units)</i>]]></description>
					<styleUrl>#style_Pre_Application</styleUrl>
					<Polygon>
						<extrude>1</extrude>
						<altitudeMode>relativeToGround</altitudeMode>
						<outerBoundaryIs>
							<LinearRing>
								<coordinates>
									-122.2701756226801,37.8529470331143,70 -122.2702304542187,37.8533409562155,70 -122.2706243773199,37.8532529668857,70 -122.2705695457813,37.85285904378449,70 -122.2701756226801,37.8529470331143,70 
								</coordinates>
							</LinearRing>
						</outerBoundaryIs>
					</Polygon>
				</Placemark>
				<Placemark>
					<name>1974 SHATTUCK Ave</name>
					<description><![CDATA[<b>1974 SHATTUCK Ave</b><br/><b>Units:</b> 599<br/><b>VLI Units:</b> 58<br/><b>Stories:</b> 28<br/><b>Height:</b> 98.0m<br/><b>Status:</b> Entitled]]></description>
					<styleUrl>#style_Entitled29</styleUrl>
					<Polygon>
						<extrude>1</extrude>
						<altitudeMode>relativeToGround</altitudeMode>
						<outerBoundaryIs>
							<LinearRing>
								<coordinates>
									-122.2686310242187,37.8728675762155,98.00000000000001 -122.2690249473199,37.8727795868857,98.00000000000001 -122.268895981028,37.87220250425422,98.00000000000001 -122.2685176475651,37.8722513412975,98.00000000000001 -122.2686310242187,37.8728675762155,98.00000000000001 
								</coordinates>
							</LinearRing>
						</outerBoundaryIs>
					</Polygon>
				</Placemark>
				<Placemark>
					<name>2128 Oxford St</name>
					<description><![CDATA[<b>2128 Oxford St</b><br/><b>Units:</b> 485<br/><b>VLI Units:</b> 47<br/><b>Stories:</b> 26<br/><b>Height:</b> 91.0m<br/><b>Status:</b> Entitled]]></description>
					<styleUrl>#style_Entitled2</styleUrl>
					<Polygon>
						<extrude>1</extrude>
						<altitudeMode>relativeToGround</altitudeMode>
						<outerBoundaryIs>
							<LinearRing>
								<coordinates>
									-122.2659642026801,37.8701123031143,91 -122.2660190342187,37.8705062262155,91 -122.2664129573199,37.8704182368857,91 -122.2663581257813,37.87002431378449,91 -122.2659642026801,37.8701123031143,91 
								</coordinates>
							</LinearRing>
						</outerBoundaryIs>
					</Polygon>
				</Placemark>
				<Placemark>
					<name>2190 SHATTUCK Ave</name>
					<description><![CDATA[<b>2190 SHATTUCK Ave</b><br/><b>Units:</b> 452<br/><b>VLI Units:</b> 0<br/><b>Stories:</b> 34<br/><b>Height:</b> 110.0m<br/><b>Status:</b> In Review]]></description>
					<styleUrl>#style_In_Review7</styleUrl>
					<Polygon>
						<extrude>1</extrude>
						<altitudeMode>relativeToGround</altitudeMode>
						<outerBoundaryIs>
							<LinearRing>
								<coordinates>
									-122.2683116441799,37.86963649170481,110 -122.2690940609671,37.86958788196535,110 -122.2690282060026,37.86932888675351,110 -122.268287952338,37.8694274928461,110 -122.2683116441799,37.86963649170481,110 
								</coordinates>
							</LinearRing>
						</outerBoundaryIs>
					</Polygon>
				</Placemark>
				<Placemark>
					<name>2700 SHATTUCK Ave</name>
					<description><![CDATA[<b>2700 SHATTUCK Ave</b><br/><b>Units:</b> 359<br/><b>VLI Units:</b> 0<br/><b>Stories:</b> 15<br/><b>Height:</b> 52.5m<br/><b>Status:</b> In Review<br/><i>(height estimated from units)</i>]]></description>
					<styleUrl>#style_In_Review4</styleUrl>
					<Polygon>
						<extrude>1</extrude>
						<altitudeMode>relativeToGround</altitudeMode>
						<outerBoundaryIs>
							<LinearRing>
								<coordinates>
									-122.267603661671,37.85962727478071,52.5 -122.2676584932096,37.86002119788191,52.5 -122.2680524163108,37.85993320855211,52.5 -122.2679975847722,37.8595392854509,52.5 -122.267603661671,37.85962727478071,52.5 
								</coordinates>
							</LinearRing>
						</outerBoundaryIs>
					</Polygon>
				</Placemark>
				<Placemark>
					<name>2276 SHATTUCK Ave</name>
					<description><![CDATA[<b>2276 SHATTUCK Ave</b><br/><b>Units:</b> 336<br/><b>VLI Units:</b> 0<br/><b>Stories:</b> 18<br/><b>Height:</b> 63.0m<br/><b>Status:</b> In Review]]></description>
					<styleUrl>#style_In_Review4</styleUrl>
					<Polygon>
						<extrude>1</extrude>
						<altitudeMode>relativeToGround</altitudeMode>
						<outerBoundaryIs>
							<LinearRing>
								<coordinates>
									-122.2680159641318,37.86758473560496,63 -122.2680707956705,37.86797865870616,63 -122.2684647187717,37.86789066937636,63 -122.268409887233,37.86749674627515,63 -122.2680159641318,37.86758473560496,63 
								</coordinates>
							</LinearRing>
						</outerBoundaryIs>
					</Polygon>
				</Placemark>
				<Placemark>
					<name>2274 SHATTUCK Ave</name>
					<description><![CDATA[<b>2274 SHATTUCK Ave</b><br/><b>Units:</b> 299<br/><b>VLI Units:</b> 0<br/><b>Stories:</b> 17<br/><b>Height:</b> 59.5m<br/><b>Status:</b> Entitled]]></description>
					<styleUrl>#style_Entitled2</styleUrl>
					<Polygon>
						<extrude>1</extrude>
						<altitudeMode>relativeToGround</altitudeMode>
						<outerBoundaryIs>
							<LinearRing>
								<coordinates>
									-122.2683393626801,37.8676702731143,59.5 -122.2683941942187,37.86806419621551,59.5 -122.2687881173199,37.8679762068857,59.5 -122.2687332857813,37.86758228378449,59.5 -122.2683393626801,37.8676702731143,59.5 
								</coordinates>
							</LinearRing>
						</outerBoundaryIs>
					</Polygon>
				</Placemark>
				<Placemark>
					<name>1914 FIFTH St</name>
					<description><![CDATA[<b>1914 FIFTH St</b><br/><b>Units:</b> 257<br/><b>VLI Units:</b> 26<br/><b>Stories:</b> 15<br/><b>Height:</b> 52.5m<br/><b>Status:</b> In Review<br/><i>(height estimated from units)</i>]]></description>
					<styleUrl>#style_In_Review4</styleUrl>
					<Polygon>
						<extrude>1</extrude>
						<altitudeMode>relativeToGround</altitudeMode>
						<outerBoundaryIs>
							<LinearRing>
								<coordinates>
									-122.2990715463606,37.86807704770219,52.5 -122.2991263778993,37.86847097080339,52.5 -122.2995203010005,37.86838298147359,52.5 -122.2994654694618,37.86798905837238,52.5 -122.2990715463606,37.86807704770219,52.5 
								</coordinates>
							</LinearRing>
						</outerBoundaryIs>
					</Polygon>
				</Placemark>
				<Placemark>
					<name>2425 DURANT Ave</name>
					<description><![CDATA[<b>2425 DURANT Ave</b><br/><b>Units:</b> 250<br/><b>VLI Units:</b> 0<br/><b>Stories:</b> 20<br/><b>Height:</b> 61.0m<br/><b>Status:</b> Decision Pending]]></description>
					<styleUrl>#style_Decision_Pending2</styleUrl>
					<Polygon>
						<extrude>1</extrude>
						<altitudeMode>relativeToGround</altitudeMode>
						<outerBoundaryIs>
							<LinearRing>
								<coordinates>
									-122.2599174389448,37.8677977156807,61 -122.2599722704834,37.86819163878191,61 -122.2603661935846,37.8681036494521,61 -122.260311362046,37.8677097263509,61 -122.2599174389448,37.8677977156807,61 
								</coordinates>
							</LinearRing>
						</outerBoundaryIs>
					</Polygon>
				</Placemark>
				<Placemark>
					<name>2029 UNIVERSITY Ave</name>
					<description><![CDATA[<b>2029 UNIVERSITY Ave</b><br/><b>Units:</b> 240<br/><b>VLI Units:</b> 0<br/><b>Stories:</b> 23<br/><b>Height:</b> 78.0m<br/><b>Status:</b> Entitled]]></description>
					<styleUrl>#style_Entitled213</styleUrl>
					<Polygon>
						<extrude>1</extrude>
						<altitudeMode>relativeToGround</altitudeMode>
						<outerBoundaryIs>
							<LinearRing>
								<coordinates>
									-122.2694408820548,37.87249023099383,78 -122.2700624749125,37.87241476997905,78 -122.2700051117461,37.87207218652572,78 -122.2694151501849,37.87216322596424,78 -122.2694408820548,37.87249023099383,78 
								</coordinates>
							</LinearRing>
						</outerBoundaryIs>
					</Polygon>
				</Placemark>
				<Placemark>
					<name>2601 SAN PABLO Ave</name>
					<description><![CDATA[<b>2601 SAN PABLO Ave</b><br/><b>Units:</b> 223<br/><b>VLI Units:</b> 0<br/><b>Stories:</b> 8<br/><b>Height:</b> 28.0m<br/><b>Status:</b> In Review]]></description>
					<styleUrl>#style_In_Review4</styleUrl>
					<Polygon>
						<extrude>1</extrude>
						<altitudeMode>relativeToGround</altitudeMode>
						<outerBoundaryIs>
							<LinearRing>
								<coordinates>
									-122.2884391082174,37.85911467662829,28 -122.288493939756,37.8595085997295,28 -122.2888878628572,37.8594206103997,28 -122.2888330313186,37.85902668729849,28 -122.2884391082174,37.85911467662829,28 
								</coordinates>
							</LinearRing>
						</outerBoundaryIs>
					</Polygon>
				</Placemark>
				<Placemark>
					<name>2920 SHATTUCK Ave</name>
					<description><![CDATA[<b>2920 SHATTUCK Ave</b><br/><b>Units:</b> 221<br/><b>VLI Units:</b> 0<br/><b>Stories:</b> 10<br/><b>Height:</b> 35.0m<br/><b>Status:</b> In Review]]></description>
					<styleUrl>#style_In_Review4</styleUrl>
					<Polygon>
						<extrude>1</extrude>
						<altitudeMode>relativeToGround</altitudeMode>
						<outerBoundaryIs>
							<LinearRing>
								<coordinates>
									-122.2667076325992,37.8561943331614,35 -122.2667624641379,37.85658825626261,35 -122.2671563872391,37.85650026693281,35 -122.2671015557004,37.8561063438316,35 -122.2667076325992,37.8561943331614,35 
								</coordinates>
							</LinearRing>
						</outerBoundaryIs>
					</Polygon>
				</Placemark>
				<Placemark>
					<name>1899 OXFORD St</name>
					<description><![CDATA[<b>1899 OXFORD St</b><br/><b>Units:</b> 212<br/><b>VLI Units:</b> 0<br/><b>Stories:</b> 7<br/><b>Height:</b> 23.8m<br/><b>Status:</b> Decision Pending]]></description>
					<styleUrl>#style_Decision_Pending</styleUrl>
					<Polygon>
						<extrude>1</extrude>
						<altitudeMode>relativeToGround</altitudeMode>
						<outerBoundaryIs>
							<LinearRing>
								<coordinates>
									-122.2658346435179,37.87434304479478,23.8 -122.2658894750565,37.87473696789598,23.8 -122.2662833981577,37.87464897856618,23.8 -122.2662285666191,37.87425505546497,23.8 -122.2658346435179,37.87434304479478,23.8 
								</coordinates>
							</LinearRing>
						</outerBoundaryIs>
					</Polygon>
				</Placemark>
				<Placemark>
					<name>1598 UNIVERSITY Ave</name>
					<description><![CDATA[<b>1598 UNIVERSITY Ave</b><br/><b>Units:</b> 207<br/><b>VLI Units:</b> 21<br/><b>Stories:</b> 8<br/><b>Height:</b> 28.0m<br/><b>Status:</b> Under Construction]]></description>
					<styleUrl>#style_Under_Construction12</styleUrl>
					<Polygon>
						<extrude>1</extrude>
						<altitudeMode>relativeToGround</altitudeMode>
						<outerBoundaryIs>
							<LinearRing>
								<coordinates>
									-122.2797814426801,37.8701762431143,28 -122.2798362742187,37.87057016621551,28 -122.2802301973199,37.8704821768857,28 -122.2801753657813,37.87008825378449,28 -122.2797814426801,37.8701762431143,28 
								</coordinates>
							</LinearRing>
						</outerBoundaryIs>
					</Polygon>
				</Placemark>
				<Placemark>
					<name>2100 MILVIA St</name>
					<description><![CDATA[<b>2100 MILVIA St</b><br/><b>Units:</b> 205<br/><b>VLI Units:</b> 0<br/><b>Stories:</b> 15<br/><b>Height:</b> 52.5m<br/><b>Status:</b> Entitled<br/><i>(height estimated from units)</i>]]></description>
					<styleUrl>#style_Entitled2</styleUrl>
					<Polygon>
						<extrude>1</extrude>
						<altitudeMode>relativeToGround</altitudeMode>
						<outerBoundaryIs>
							<LinearRing>
								<coordinates>
									-122.2706772826801,37.8705158631143,52.5 -122.2707321142187,37.87090978621551,52.5 -122.2711260373199,37.8708217968857,52.5 -122.2710712057813,37.87042787378449,52.5 -122.2706772826801,37.8705158631143,52.5 
								</coordinates>
							</LinearRing>
						</outerBoundaryIs>
					</Polygon>
				</Placemark>
				<Placemark>
					<name>3000 SHATTUCK Ave</name>
					<description><![CDATA[<b>3000 SHATTUCK Ave</b><br/><b>Units:</b> 166<br/><b>VLI Units:</b> 17<br/><b>Stories:</b> 10<br/><b>Height:</b> 34.7m<br/><b>Status:</b> In Review]]></description>
					<styleUrl>#style_In_Review4</styleUrl>
					<Polygon>
						<extrude>1</extrude>
						<altitudeMode>relativeToGround</altitudeMode>
						<outerBoundaryIs>
							<LinearRing>
								<coordinates>
									-122.2665476642067,37.85485513148993,34.7 -122.2666024957453,37.85524905459114,34.7 -122.2669964188465,37.85516106526133,34.7 -122.2669415873079,37.85476714216013,34.7 -122.2665476642067,37.85485513148993,34.7 
								</coordinates>
							</LinearRing>
						</outerBoundaryIs>
					</Polygon>
				</Placemark>
				<Placemark>
					<name>1581 UNIVERSITY Ave</name>
					<description><![CDATA[<b>1581 UNIVERSITY Ave</b><br/><b>Units:</b> 158<br/><b>VLI Units:</b> 0<br/><b>Stories:</b> 7<br/><b>Height:</b> 48.2m<br/><b>Status:</b> In Review]]></description>
					<styleUrl>#style_In_Review4</styleUrl>
					<Polygon>
						<extrude>1</extrude>
						<altitudeMode>relativeToGround</altitudeMode>
						<outerBoundaryIs>
							<LinearRing>
								<coordinates>
									-122.2804238829083,37.87072978856681,48.2 -122.2804787144469,37.87112371166801,48.2 -122.2808726375481,37.87103572233821,48.2 -122.2808178060095,37.870641799237,48.2 -122.2804238829083,37.87072978856681,48.2 
								</coordinates>
							</LinearRing>
						</outerBoundaryIs>
					</Polygon>
				</Placemark>
				<Placemark>
					<name>2115 KITTREDGE St</name>
					<description><![CDATA[<b>2115 KITTREDGE St</b><br/><b>Units:</b> 148<br/><b>VLI Units:</b> 12<br/><b>Stories:</b> 10<br/><b>Height:</b> 35.0m<br/><b>Status:</b> Application Submitted<br/><i>(height estimated from units)</i>]]></description>
					<styleUrl>#style_Application_Submitted02</styleUrl>
					<Polygon>
						<extrude>1</extrude>
						<altitudeMode>relativeToGround</altitudeMode>
						<outerBoundaryIs>
							<LinearRing>
								<coordinates>
									-122.2669589111471,37.8687039305853,35 -122.2670137426857,37.8690978536865,35 -122.267407665787,37.8690098643567,35 -122.2673528342483,37.86861594125549,35 -122.2669589111471,37.8687039305853,35 
								</coordinates>
							</LinearRing>
						</outerBoundaryIs>
					</Polygon>
				</Placemark>
				<Placemark>
					<name>3030 TELEGRAPH Ave</name>
					<description><![CDATA[<b>3030 TELEGRAPH Ave</b><br/><b>Units:</b> 144<br/><b>VLI Units:</b> 0<br/><b>Stories:</b> 10<br/><b>Height:</b> 35.0m<br/><b>Status:</b> Under Construction<br/><i>(height estimated from units)</i>]]></description>
					<styleUrl>#style_Under_Construction12</styleUrl>
					<Polygon>
						<extrude>1</extrude>
						<altitudeMode>relativeToGround</altitudeMode>
						<outerBoundaryIs>
							<LinearRing>
								<coordinates>
									-122.2601209226801,37.8546743731143,35 -122.2601757542187,37.85506829621551,35 -122.2605696773199,37.8549803068857,35 -122.2605148457813,37.85458638378449,35 -122.2601209226801,37.8546743731143,35 
								</coordinates>
							</LinearRing>
						</outerBoundaryIs>
					</Polygon>
				</Placemark>
				<Placemark>
					<name>2420 SHATTUCK Ave</name>
					<description><![CDATA[<b>2420 SHATTUCK Ave</b><br/><b>Units:</b> 132<br/><b>VLI Units:</b> 0<br/><b>Stories:</b> 17<br/><b>Height:</b> 59.5m<br/><b>Status:</b> In Review]]></description>
					<styleUrl>#style_In_Review4</styleUrl>
					<Polygon>
						<extrude>1</extrude>
						<altitudeMode>relativeToGround</altitudeMode>
						<outerBoundaryIs>
							<LinearRing>
								<coordinates>
									-122.2677644106995,37.86513535701611,59.5 -122.2678192422381,37.86552928011731,59.5 -122.2682131653393,37.86544129078751,59.5 -122.2681583338007,37.8650473676863,59.5 -122.2677644106995,37.86513535701611,59.5 
								</coordinates>
							</LinearRing>
						</outerBoundaryIs>
					</Polygon>
				</Placemark>
				<Placemark>
					<name>2847 SHATTUCK Ave</name>
					<description><![CDATA[<b>2847 SHATTUCK Ave</b><br/><b>Units:</b> 132<br/><b>VLI Units:</b> 0<br/><b>Stories:</b> 9<br/><b>Height:</b> 41.5m<br/><b>Status:</b> Application Submitted]]></description>
					<styleUrl>#style_Application_Submitted02</styleUrl>
					<Polygon>
						<extrude>1</extrude>
						<altitudeMode>relativeToGround</altitudeMode>
						<outerBoundaryIs>
							<LinearRing>
								<coordinates>
									-122.2661615197886,37.85682480314181,41.5 -122.2662163513272,37.85721872624302,41.5 -122.2666102744284,37.85713073691321,41.5 -122.2665554428898,37.85673681381201,41.5 -122.2661615197886,37.85682480314181,41.5 
								</coordinates>
							</LinearRing>
						</outerBoundaryIs>
					</Polygon>
				</Placemark>
				<Placemark>
					<name>2109 VIRGINIA St</name>
					<description><![CDATA[<b>2109 VIRGINIA St</b><br/><b>Units:</b> 131<br/><b>VLI Units:</b> 0<br/><b>Stories:</b> 2<br/><b>Height:</b> 39.9m<br/><b>Status:</b> Entitled]]></description>
					<styleUrl>#style_Entitled21</styleUrl>
					<Polygon>
						<extrude>1</extrude>
						<altitudeMode>relativeToGround</altitudeMode>
						<outerBoundaryIs>
							<LinearRing>
								<coordinates>
									-122.2683973608542,37.87723060050095,28 -122.2688234788564,37.87722641537103,28 -122.2687514544757,37.87673420840549,28 -122.2683191391917,37.87675717109736,28 -122.2683973608542,37.87723060050095,28 
								</coordinates>
							</LinearRing>
						</outerBoundaryIs>
					</Polygon>
				</Placemark>
				<Placemark>
					<name>2136 SAN PABLO Ave</name>
					<description><![CDATA[<b>2136 SAN PABLO Ave</b><br/><b>Units:</b> 125<br/><b>VLI Units:</b> 10<br/><b>Stories:</b> 6<br/><b>Height:</b> 21.0m<br/><b>Status:</b> Entitled]]></description>
					<styleUrl>#style_Entitled2</styleUrl>
					<Polygon>
						<extrude>1</extrude>
						<altitudeMode>relativeToGround</altitudeMode>
						<outerBoundaryIs>
							<LinearRing>
								<coordinates>
									-122.2916125026801,37.8667419331143,21 -122.2916673342187,37.8671358562155,21 -122.2920612573199,37.8670478668857,21 -122.2920064257813,37.86665394378449,21 -122.2916125026801,37.8667419331143,21 
								</coordinates>
							</LinearRing>
						</outerBoundaryIs>
					</Polygon>
				</Placemark>
				<Placemark>
					<name>2720 SAN PABLO Ave</name>
					<description><![CDATA[<b>2720 SAN PABLO Ave</b><br/><b>Units:</b> 113<br/><b>VLI Units:</b> 9<br/><b>Stories:</b> 10<br/><b>Height:</b> 35.7m<br/><b>Status:</b> In Review<br/><i>(height estimated from units)</i>]]></description>
					<styleUrl>#style_In_Review4</styleUrl>
					<Polygon>
						<extrude>1</extrude>
						<altitudeMode>relativeToGround</altitudeMode>
						<outerBoundaryIs>
							<LinearRing>
								<coordinates>
									-122.2884664322734,37.85715737035902,35.7 -122.288521263812,37.85755129346023,35.7 -122.2889151869132,37.85746330413042,35.7 -122.2888603553746,37.85706938102921,35.7 -122.2884664322734,37.85715737035902,35.7 
								</coordinates>
							</LinearRing>
						</outerBoundaryIs>
					</Polygon>
				</Placemark>
				<Placemark>
					<name>2530 BANCROFT Way</name>
					<description><![CDATA[<b>2530 BANCROFT Way</b><br/><b>Units:</b> 110<br/><b>VLI Units:</b> 11<br/><b>Stories:</b> 12<br/><b>Height:</b> 42.0m<br/><b>Status:</b> Entitled]]></description>
					<styleUrl>#style_Entitled2</styleUrl>
					<Polygon>
						<extrude>1</extrude>
						<altitudeMode>relativeToGround</altitudeMode>
						<outerBoundaryIs>
							<LinearRing>
								<coordinates>
									-122.2580235026801,37.8683939931143,42 -122.2580783342187,37.86878791621551,42 -122.2584722573199,37.8686999268857,42 -122.2584174257813,37.8683060037845,42 -122.2580235026801,37.8683939931143,42 
								</coordinates>
							</LinearRing>
						</outerBoundaryIs>
					</Polygon>
				</Placemark>
				<Placemark>
					<name>1701 SAN PABLO Ave</name>
					<description><![CDATA[<b>1701 SAN PABLO Ave</b><br/><b>Units:</b> 110<br/><b>VLI Units:</b> 110<br/><b>Stories:</b> 10<br/><b>Height:</b> 35.0m<br/><b>Status:</b> Under Construction<br/><i>(height estimated from units)</i>]]></description>
					<styleUrl>#style_Under_Construction10</styleUrl>
					<Polygon>
						<extrude>1</extrude>
						<altitudeMode>relativeToGround</altitudeMode>
						<outerBoundaryIs>
							<LinearRing>
								<coordinates>
									-122.2924392577212,37.8728407949115,35 -122.2926585929506,37.87355295306411,35 -122.2932515309313,37.87344807830666,35 -122.2930302601737,37.87271156846251,35 -122.2924392577212,37.8728407949115,35 
								</coordinates>
							</LinearRing>
						</outerBoundaryIs>
					</Polygon>
				</Placemark>
				<Placemark>
					<name>2109 MILVIA St</name>
					<description><![CDATA[<b>2109 MILVIA St</b><br/><b>Units:</b> 105<br/><b>VLI Units:</b> 0<br/><b>Stories:</b> 14<br/><b>Height:</b> 49.0m<br/><b>Status:</b> In Review]]></description>
					<styleUrl>#style_In_Review4</styleUrl>
					<Polygon>
						<extrude>1</extrude>
						<altitudeMode>relativeToGround</altitudeMode>
						<outerBoundaryIs>
							<LinearRing>
								<coordinates>
									-122.2701167355092,37.87042653844735,49.00000000000001 -122.2701715670478,37.87082046154856,49.00000000000001 -122.270565490149,37.87073247221876,49.00000000000001 -122.2705106586104,37.87033854911755,49.00000000000001 -122.2701167355092,37.87042653844735,49.00000000000001 
								</coordinates>
							</LinearRing>
						</outerBoundaryIs>
					</Polygon>
				</Placemark>
				<Placemark>
					<name>2198 SAN PABLO Ave</name>
					<description><![CDATA[<b>2198 SAN PABLO Ave</b><br/><b>Units:</b> 100<br/><b>VLI Units:</b> 0<br/><b>Stories:</b> 7<br/><b>Height:</b> 24.5m<br/><b>Status:</b> Entitled]]></description>
					<styleUrl>#style_Entitled2</styleUrl>
					<Polygon>
						<extrude>1</extrude>
						<altitudeMode>relativeToGround</altitudeMode>
						<outerBoundaryIs>
							<LinearRing>
								<coordinates>
									-122.2914375526801,37.8663828731143,24.5 -122.2914923842187,37.8667767962155,24.5 -122.2918863073199,37.8666888068857,24.5 -122.2918314757813,37.86629488378449,24.5 -122.2914375526801,37.8663828731143,24.5 
								</coordinates>
							</LinearRing>
						</outerBoundaryIs>
					</Polygon>
				</Placemark>
				<Placemark>
					<name>2655 SHATTUCK Ave</name>
					<description><![CDATA[<b>2655 SHATTUCK Ave</b><br/><b>Units:</b> 97<br/><b>VLI Units:</b> 0<br/><b>Stories:</b> 8<br/><b>Height:</b> 25.9m<br/><b>Status:</b> Decision Pending]]></description>
					<styleUrl>#style_Decision_Pending2</styleUrl>
					<Polygon>
						<extrude>1</extrude>
						<altitudeMode>relativeToGround</altitudeMode>
						<outerBoundaryIs>
							<LinearRing>
								<coordinates>
									-122.2662166493975,37.86053768664379,25.9 -122.2662714809362,37.86093160974499,25.9 -122.2666654040374,37.86084362041519,25.9 -122.2666105724987,37.86044969731398,25.9 -122.2662166493975,37.86053768664379,25.9 
								</coordinates>
							</LinearRing>
						</outerBoundaryIs>
					</Polygon>
				</Placemark>
				<Placemark>
					<name>2450 SHATTUCK Ave</name>
					<description><![CDATA[<b>2450 SHATTUCK Ave</b><br/><b>Units:</b> 94<br/><b>VLI Units:</b> 0<br/><b>Stories:</b> 7<br/><b>Height:</b> 24.5m<br/><b>Status:</b> In Review<br/><i>(height estimated from units)</i>]]></description>
					<styleUrl>#style_In_Review4</styleUrl>
					<Polygon>
						<extrude>1</extrude>
						<altitudeMode>relativeToGround</altitudeMode>
						<outerBoundaryIs>
							<LinearRing>
								<coordinates>
									-122.2677264029798,37.86441575942104,24.5 -122.2677812345184,37.86480968252224,24.5 -122.2681751576196,37.86472169319244,24.5 -122.268120326081,37.86432777009123,24.5 -122.2677264029798,37.86441575942104,24.5 
								</coordinates>
							</LinearRing>
						</outerBoundaryIs>
					</Polygon>
				</Placemark>
				<Placemark>
					<name>2001 ASHBY Ave</name>
					<description><![CDATA[<b>2001 ASHBY Ave</b><br/><b>Units:</b> 87<br/><b>VLI Units:</b> 86<br/><b>Stories:</b> 1<br/><b>Height:</b> 3.5m<br/><b>Status:</b> Completed]]></description>
					<styleUrl>#style_Completed</styleUrl>
					<Polygon>
						<extrude>1</extrude>
						<altitudeMode>relativeToGround</altitudeMode>
						<outerBoundaryIs>
							<LinearRing>
								<coordinates>
									-122.2680976126801,37.8552642631143,3.5 -122.2681524442187,37.85565818621551,3.5 -122.2685463673199,37.8555701968857,3.5 -122.2684915357813,37.85517627378449,3.5 -122.2680976126801,37.8552642631143,3.5 
								</coordinates>
							</LinearRing>
						</outerBoundaryIs>
					</Polygon>
				</Placemark>
				<Placemark>
					<name>2036 BANCROFT Way</name>
					<description><![CDATA[<b>2036 BANCROFT Way</b><br/><b>Units:</b> 85<br/><b>VLI Units:</b> 4<br/><b>Stories:</b> 8<br/><b>Height:</b> 25.9m<br/><b>Status:</b> In Review]]></description>
					<styleUrl>#style_In_Review2</styleUrl>
					<Polygon>
						<extrude>1</extrude>
						<altitudeMode>relativeToGround</altitudeMode>
						<outerBoundaryIs>
							<LinearRing>
								<coordinates>
									-122.2682922832183,37.86707788027578,25.9 -122.2683375275576,37.86743592704324,25.9 -122.2686754616008,37.86739179383098,25.9 -122.2686862063195,37.86698989094597,25.9 -122.2682922832183,37.86707788027578,25.9 
								</coordinates>
							</LinearRing>
						</outerBoundaryIs>
					</Polygon>
				</Placemark>
				<Placemark>
					<name>1700 SACRAMENTO St</name>
					<description><![CDATA[<b>1700 SACRAMENTO St</b><br/><b>Units:</b> 85<br/><b>VLI Units:</b> 0<br/><b>Stories:</b> 7<br/><b>Height:</b> 24.5m<br/><b>Status:</b> In Review<br/><i>(height estimated from units)</i>]]></description>
					<styleUrl>#style_In_Review4</styleUrl>
					<Polygon>
						<extrude>1</extrude>
						<altitudeMode>relativeToGround</altitudeMode>
						<outerBoundaryIs>
							<LinearRing>
								<coordinates>
									-122.2819457326801,37.8745306131143,24.5 -122.2820005642187,37.87492453621551,24.5 -122.2823944873199,37.8748365468857,24.5 -122.2823396557813,37.8744426237845,24.5 -122.2819457326801,37.8745306131143,24.5 
								</coordinates>
							</LinearRing>
						</outerBoundaryIs>
					</Polygon>
				</Placemark>
				<Placemark>
					<name>2538 DURANT Ave</name>
					<description><![CDATA[<b>2538 DURANT Ave</b><br/><b>Units:</b> 83<br/><b>VLI Units:</b> 5<br/><b>Stories:</b> 8<br/><b>Height:</b> 28.0m<br/><b>Status:</b> Under Construction]]></description>
					<styleUrl>#style_Under_Construction</styleUrl>
					<Polygon>
						<extrude>1</extrude>
						<altitudeMode>relativeToGround</altitudeMode>
						<outerBoundaryIs>
							<LinearRing>
								<coordinates>
									-122.2569511826801,37.8676045631143,28 -122.2570413367168,37.86795292844712,28 -122.2573999373199,37.8679104968857,28 -122.2573451057813,37.86751657378449,28 -122.2569511826801,37.8676045631143,28 
								</coordinates>
							</LinearRing>
						</outerBoundaryIs>
					</Polygon>
				</Placemark>
				<Placemark>
					<name>1708 HARMON St</name>
					<description><![CDATA[<b>1708 HARMON St</b><br/><b>Units:</b> 80<br/><b>VLI Units:</b> 80<br/><b>Stories:</b> 5<br/><b>Height:</b> 17.5m<br/><b>Status:</b> Permits Active]]></description>
					<styleUrl>#style_Permits_Active</styleUrl>
					<Polygon>
						<extrude>1</extrude>
						<altitudeMode>relativeToGround</altitudeMode>
						<outerBoundaryIs>
							<LinearRing>
								<coordinates>
									-122.2730683526801,37.8488149531143,17.5 -122.2731231842187,37.84920887621551,17.5 -122.2735171073199,37.8491208868857,17.5 -122.2734622757813,37.84872696378449,17.5 -122.2730683526801,37.8488149531143,17.5 
								</coordinates>
							</LinearRing>
						</outerBoundaryIs>
					</Polygon>
				</Placemark>
				<Placemark>
					<name>2680 BANCROFT Way</name>
					<description><![CDATA[<b>2680 BANCROFT Way</b><br/><b>Units:</b> 79<br/><b>VLI Units:</b> 9<br/><b>Stories:</b> 8<br/><b>Height:</b> 28.0m<br/><b>Status:</b> Entitled]]></description>
					<styleUrl>#style_Entitled0</styleUrl>
					<Polygon>
						<extrude>1</extrude>
						<altitudeMode>relativeToGround</altitudeMode>
						<outerBoundaryIs>
							<LinearRing>
								<coordinates>
									-122.2550715119968,37.86880802320772,28 -122.2548629440078,37.86883117445132,28 -122.254945059755,37.86916185534063,28 -122.2551898426521,37.86914530590965,28 -122.2550715119968,37.86880802320772,28 
								</coordinates>
							</LinearRing>
						</outerBoundaryIs>
					</Polygon>
				</Placemark>
				<Placemark>
					<name>2660 BANCROFT Way</name>
					<description><![CDATA[<b>2660 BANCROFT Way</b><br/><b>Units:</b> 78<br/><b>VLI Units:</b> 0<br/><b>Stories:</b> 8<br/><b>Height:</b> 28.0m<br/><b>Status:</b> Application Submitted]]></description>
					<styleUrl>#style_Application_Submitted</styleUrl>
					<Polygon>
						<extrude>1</extrude>
						<altitudeMode>relativeToGround</altitudeMode>
						<outerBoundaryIs>
							<LinearRing>
								<coordinates>
									-122.2553309458461,37.86877083549708,28 -122.2551246706078,37.86880686439757,28 -122.255230314653,37.86912740417359,28 -122.2554885370636,37.86913095526866,28 -122.2553514769383,37.86876765572134,28 -122.2553309458461,37.86877083549708,28 
								</coordinates>
							</LinearRing>
						</outerBoundaryIs>
					</Polygon>
				</Placemark>
				<Placemark>
					<name>2427 San Pablo</name>
					<description><![CDATA[<b>2427 San Pablo</b><br/><b>Units:</b> 78<br/><b>VLI Units:</b> 0<br/><b>Stories:</b> 7<br/><b>Height:</b> 21.3m<br/><b>Status:</b> Entitled<br/><i>(height estimated from units)</i>]]></description>
					<styleUrl>#style_Entitled2</styleUrl>
					<Polygon>
						<extrude>1</extrude>
						<altitudeMode>relativeToGround</altitudeMode>
						<outerBoundaryIs>
							<LinearRing>
								<coordinates>
									-122.2894968326801,37.8625768031143,21.3 -122.2895516642187,37.86297072621551,21.3 -122.2899455873199,37.8628827368857,21.3 -122.2898907557813,37.86248881378449,21.3 -122.2894968326801,37.8625768031143,21.3 
								</coordinates>
							</LinearRing>
						</outerBoundaryIs>
					</Polygon>
				</Placemark>
				<Placemark>
					<name>2955 SHATTUCK Ave</name>
					<description><![CDATA[<b>2955 SHATTUCK Ave</b><br/><b>Units:</b> 74<br/><b>VLI Units:</b> 0<br/><b>Stories:</b> 2<br/><b>Height:</b> 22.9m<br/><b>Status:</b> In Review]]></description>
					<styleUrl>#style_In_Review4</styleUrl>
					<Polygon>
						<extrude>1</extrude>
						<altitudeMode>relativeToGround</altitudeMode>
						<outerBoundaryIs>
							<LinearRing>
								<coordinates>
									-122.2660065613004,37.85562407926159,22.9 -122.266061392839,37.8560180023628,22.9 -122.2664553159402,37.85593001303299,22.9 -122.2664004844016,37.85553608993178,22.9 -122.2660065613004,37.85562407926159,22.9 
								</coordinates>
							</LinearRing>
						</outerBoundaryIs>
					</Polygon>
				</Placemark>
				<Placemark>
					<name>2037 DURANT Ave</name>
					<description><![CDATA[<b>2037 DURANT Ave</b><br/><b>Units:</b> 74<br/><b>VLI Units:</b> 4<br/><b>Stories:</b> 1<br/><b>Height:</b> 27.4m<br/><b>Status:</b> Entitled]]></description>
					<styleUrl>#style_Entitled24</styleUrl>
					<Polygon>
						<extrude>1</extrude>
						<altitudeMode>relativeToGround</altitudeMode>
						<outerBoundaryIs>
							<LinearRing>
								<coordinates>
									-122.2683130376536,37.86673630307085,27.4 -122.2683754542187,37.8671118962155,27.4 -122.2687693773199,37.8670239068857,27.4 -122.268693422231,37.86667380826459,27.4 -122.2683130376536,37.86673630307085,27.4 
								</coordinates>
							</LinearRing>
						</outerBoundaryIs>
					</Polygon>
				</Placemark>
				<Placemark>
					<name>2138 KITTREDGE St</name>
					<description><![CDATA[<b>2138 KITTREDGE St</b><br/><b>Units:</b> 73<br/><b>VLI Units:</b> 5<br/><b>Stories:</b> 8<br/><b>Height:</b> 28.0m<br/><b>Status:</b> Entitled]]></description>
					<styleUrl>#style_Entitled2</styleUrl>
					<Polygon>
						<extrude>1</extrude>
						<altitudeMode>relativeToGround</altitudeMode>
						<outerBoundaryIs>
							<LinearRing>
								<coordinates>
									-122.266773355142,37.86818768032093,28 -122.2668281866807,37.86858160342214,28 -122.2672221097819,37.86849361409233,28 -122.2671672782432,37.86809969099112,28 -122.266773355142,37.86818768032093,28 
								</coordinates>
							</LinearRing>
						</outerBoundaryIs>
					</Polygon>
				</Placemark>
				<Placemark>
					<name>2550 SHATTUCK Ave</name>
					<description><![CDATA[<b>2550 SHATTUCK Ave</b><br/><b>Units:</b> 72<br/><b>VLI Units:</b> 8<br/><b>Stories:</b> 7<br/><b>Height:</b> 24.5m<br/><b>Status:</b> Entitled]]></description>
					<styleUrl>#style_Entitled2</styleUrl>
					<Polygon>
						<extrude>1</extrude>
						<altitudeMode>relativeToGround</altitudeMode>
						<outerBoundaryIs>
							<LinearRing>
								<coordinates>
									-122.2675372226801,37.8626141731143,24.5 -122.2675920542187,37.86300809621551,24.5 -122.2679859773199,37.8629201068857,24.5 -122.2679311457813,37.8625261837845,24.5 -122.2675372226801,37.8626141731143,24.5 
								</coordinates>
							</LinearRing>
						</outerBoundaryIs>
					</Polygon>
				</Placemark>
				<Placemark>
					<name>2326 DURANT Ave</name>
					<description><![CDATA[<b>2326 DURANT Ave</b><br/><b>Units:</b> 70<br/><b>VLI Units:</b> 0<br/><b>Stories:</b> 7<br/><b>Height:</b> 24.5m<br/><b>Status:</b> In Review<br/><i>(height estimated from units)</i>]]></description>
					<styleUrl>#style_In_Review4</styleUrl>
					<Polygon>
						<extrude>1</extrude>
						<altitudeMode>relativeToGround</altitudeMode>
						<outerBoundaryIs>
							<LinearRing>
								<coordinates>
									-122.2620356654864,37.86693609316953,24.5 -122.262090497025,37.86733001627073,24.5 -122.2624844201262,37.86724202694093,24.5 -122.2624295885876,37.86684810383972,24.5 -122.2620356654864,37.86693609316953,24.5 
								</coordinates>
							</LinearRing>
						</outerBoundaryIs>
					</Polygon>
				</Placemark>
				<Placemark>
					<name>2300 ELLSWORTH St</name>
					<description><![CDATA[<b>2300 ELLSWORTH St</b><br/><b>Units:</b> 69<br/><b>VLI Units:</b> 0<br/><b>Stories:</b> 7<br/><b>Height:</b> 24.5m<br/><b>Status:</b> Permits Active]]></description>
					<styleUrl>#style_Permits_Active</styleUrl>
					<Polygon>
						<extrude>1</extrude>
						<altitudeMode>relativeToGround</altitudeMode>
						<outerBoundaryIs>
							<LinearRing>
								<coordinates>
									-122.2637595926801,37.8677633031143,24.5 -122.2638144242187,37.86815722621551,24.5 -122.2642083473199,37.8680692368857,24.5 -122.2641535157813,37.8676753137845,24.5 -122.2637595926801,37.8677633031143,24.5 
								</coordinates>
							</LinearRing>
						</outerBoundaryIs>
					</Polygon>
				</Placemark>
				<Placemark>
					<name>2330 DURANT Ave</name>
					<description><![CDATA[<b>2330 DURANT Ave</b><br/><b>Units:</b> 68<br/><b>VLI Units:</b> 0<br/><b>Stories:</b> 6<br/><b>Height:</b> 21.0m<br/><b>Status:</b> In Review]]></description>
					<styleUrl>#style_In_Review4</styleUrl>
					<Polygon>
						<extrude>1</extrude>
						<altitudeMode>relativeToGround</altitudeMode>
						<outerBoundaryIs>
							<LinearRing>
								<coordinates>
									-122.261856909728,37.86695883531895,21 -122.2619117412667,37.86735275842015,21 -122.2623056643679,37.86726476909035,21 -122.2622508328293,37.86687084598914,21 -122.261856909728,37.86695883531895,21 
								</coordinates>
							</LinearRing>
						</outerBoundaryIs>
					</Polygon>
				</Placemark>
				<Placemark>
					<name>2455 TELEGRAPH Ave</name>
					<description><![CDATA[<b>2455 TELEGRAPH Ave</b><br/><b>Units:</b> 68<br/><b>VLI Units:</b> 7<br/><b>Stories:</b> 8<br/><b>Height:</b> 28.0m<br/><b>Status:</b> In Review]]></description>
					<styleUrl>#style_In_Review4</styleUrl>
					<Polygon>
						<extrude>1</extrude>
						<altitudeMode>relativeToGround</altitudeMode>
						<outerBoundaryIs>
							<LinearRing>
								<coordinates>
									-122.2580637339149,37.86571544663249,28 -122.2581185654536,37.8661093697337,28 -122.2585124885548,37.86602138040389,28 -122.2584576570162,37.86562745730269,28 -122.2580637339149,37.86571544663249,28 
								</coordinates>
							</LinearRing>
						</outerBoundaryIs>
					</Polygon>
				</Placemark>
				<Placemark>
					<name>2455 TELEGRAPH Ave</name>
					<description><![CDATA[<b>2455 TELEGRAPH Ave</b><br/><b>Units:</b> 68<br/><b>VLI Units:</b> 7<br/><b>Stories:</b> 8<br/><b>Height:</b> 28.0m<br/><b>Status:</b> In Review]]></description>
					<styleUrl>#style_In_Review4</styleUrl>
					<Polygon>
						<extrude>1</extrude>
						<altitudeMode>relativeToGround</altitudeMode>
						<outerBoundaryIs>
							<LinearRing>
								<coordinates>
									-122.2580637339149,37.86571544663249,28 -122.2581185654536,37.8661093697337,28 -122.2585124885548,37.86602138040389,28 -122.2584576570162,37.86562745730269,28 -122.2580637339149,37.86571544663249,28 
								</coordinates>
							</LinearRing>
						</outerBoundaryIs>
					</Polygon>
				</Placemark>
				<Placemark>
					<name>1752 SHATTUCK Ave</name>
					<description><![CDATA[<b>1752 SHATTUCK Ave</b><br/><b>Units:</b> 68<br/><b>VLI Units:</b> 0<br/><b>Stories:</b> 7<br/><b>Height:</b> 24.5m<br/><b>Status:</b> Completed]]></description>
					<styleUrl>#style_Completed0</styleUrl>
					<Polygon>
						<extrude>1</extrude>
						<altitudeMode>relativeToGround</altitudeMode>
						<outerBoundaryIs>
							<LinearRing>
								<coordinates>
									-122.2691872310328,37.87777686699244,24.5 -122.2695370546179,37.87778776766782,24.5 -122.2694881636465,37.87747400359366,24.5 -122.2691619282458,37.87751928573886,24.5 -122.2691872310328,37.87777686699244,24.5 
								</coordinates>
							</LinearRing>
						</outerBoundaryIs>
					</Polygon>
				</Placemark>
				<Placemark>
					<name>2462 BANCROFT Way</name>
					<description><![CDATA[<b>2462 BANCROFT Way</b><br/><b>Units:</b> 66<br/><b>VLI Units:</b> 3<br/><b>Stories:</b> 8<br/><b>Height:</b> 26.8m<br/><b>Status:</b> Entitled]]></description>
					<styleUrl>#style_Entitled2</styleUrl>
					<Polygon>
						<extrude>1</extrude>
						<altitudeMode>relativeToGround</altitudeMode>
						<outerBoundaryIs>
							<LinearRing>
								<coordinates>
									-122.2580235026801,37.8683939931143,26.8 -122.2580783342187,37.86878791621551,26.8 -122.2584722573199,37.8686999268857,26.8 -122.2584174257813,37.8683060037845,26.8 -122.2580235026801,37.8683939931143,26.8 
								</coordinates>
							</LinearRing>
						</outerBoundaryIs>
					</Polygon>
				</Placemark>
				<Placemark>
					<name>2138 KITTREDGE St</name>
					<description><![CDATA[<b>2138 KITTREDGE St</b><br/><b>Units:</b> 66<br/><b>VLI Units:</b> 5<br/><b>Stories:</b> 8<br/><b>Height:</b> 28.0m<br/><b>Status:</b> Entitled]]></description>
					<styleUrl>#style_Entitled2</styleUrl>
					<Polygon>
						<extrude>1</extrude>
						<altitudeMode>relativeToGround</altitudeMode>
						<outerBoundaryIs>
							<LinearRing>
								<coordinates>
									-122.266773355142,37.86818768032093,28 -122.2668281866807,37.86858160342214,28 -122.2672221097819,37.86849361409233,28 -122.2671672782432,37.86809969099112,28 -122.266773355142,37.86818768032093,28 
								</coordinates>
							</LinearRing>
						</outerBoundaryIs>
					</Polygon>
				</Placemark>
				<Placemark>
					<name>2298 DURANT Ave</name>
					<description><![CDATA[<b>2298 DURANT Ave</b><br/><b>Units:</b> 65<br/><b>VLI Units:</b> 0<br/><b>Stories:</b> 8<br/><b>Height:</b> 27.7m<br/><b>Status:</b> Decision Pending]]></description>
					<styleUrl>#style_Decision_Pending2</styleUrl>
					<Polygon>
						<extrude>1</extrude>
						<altitudeMode>relativeToGround</altitudeMode>
						<outerBoundaryIs>
							<LinearRing>
								<coordinates>
									-122.2635439566114,37.86679670914888,27.7 -122.26359878815,37.86719063225009,27.7 -122.2639927112512,37.86710264292028,27.7 -122.2639378797126,37.86670871981907,27.7 -122.2635439566114,37.86679670914888,27.7 
								</coordinates>
							</LinearRing>
						</outerBoundaryIs>
					</Polygon>
				</Placemark>
				<Placemark>
					<name>2441 LE CONTE Ave</name>
					<description><![CDATA[<b>2441 LE CONTE Ave</b><br/><b>Units:</b> 65<br/><b>VLI Units:</b> 0<br/><b>Stories:</b> 7<br/><b>Height:</b> 24.5m<br/><b>Status:</b> Application Submitted<br/><i>(height estimated from units)</i>]]></description>
					<styleUrl>#style_Application_Submitted00</styleUrl>
					<Polygon>
						<extrude>1</extrude>
						<altitudeMode>relativeToGround</altitudeMode>
						<outerBoundaryIs>
							<LinearRing>
								<coordinates>
									-122.2616419788132,37.8768688781526,24.5 -122.2616968103518,37.87726280125381,24.5 -122.262090733453,37.877174811924,24.5 -122.2620359019144,37.87678088882279,24.5 -122.2616419788132,37.8768688781526,24.5 
								</coordinates>
							</LinearRing>
						</outerBoundaryIs>
					</Polygon>
				</Placemark>
				<Placemark>
					<name>2372 ELLSWORTH St</name>
					<description><![CDATA[<b>2372 ELLSWORTH St</b><br/><b>Units:</b> 63<br/><b>VLI Units:</b> 0<br/><b>Stories:</b> 7<br/><b>Height:</b> 24.5m<br/><b>Status:</b> Entitled<br/><i>(height estimated from units)</i>]]></description>
					<styleUrl>#style_Entitled2</styleUrl>
					<Polygon>
						<extrude>1</extrude>
						<altitudeMode>relativeToGround</altitudeMode>
						<outerBoundaryIs>
							<LinearRing>
								<coordinates>
									-122.2634235428374,37.86639685772377,24.5 -122.2634783743761,37.86679078082498,24.5 -122.2638722974773,37.86670279149517,24.5 -122.2638174659387,37.86630886839396,24.5 -122.2634235428374,37.86639685772377,24.5 
								</coordinates>
							</LinearRing>
						</outerBoundaryIs>
					</Polygon>
				</Placemark>
				<Placemark>
					<name>2001 CENTER St</name>
					<description><![CDATA[<b>2001 CENTER St</b><br/><b>Units:</b> 58<br/><b>VLI Units:</b> 0<br/><b>Stories:</b> 7<br/><b>Height:</b> 30.5m<br/><b>Status:</b> In Review]]></description>
					<styleUrl>#style_In_Review4</styleUrl>
					<Polygon>
						<extrude>1</extrude>
						<altitudeMode>relativeToGround</altitudeMode>
						<outerBoundaryIs>
							<LinearRing>
								<coordinates>
									-122.270082820514,37.87005794333013,30.5 -122.2701376520526,37.87045186643134,30.5 -122.2705315751538,37.87036387710153,30.5 -122.2704767436152,37.86996995400033,30.5 -122.270082820514,37.87005794333013,30.5 
								</coordinates>
							</LinearRing>
						</outerBoundaryIs>
					</Polygon>
				</Placemark>
				<Placemark>
					<name>2127 DWIGHT Way</name>
					<description><![CDATA[<b>2127 DWIGHT Way</b><br/><b>Units:</b> 58<br/><b>VLI Units:</b> 8<br/><b>Stories:</b> 6<br/><b>Height:</b> 21.0m<br/><b>Status:</b> Entitled]]></description>
					<styleUrl>#style_Entitled2</styleUrl>
					<Polygon>
						<extrude>1</extrude>
						<altitudeMode>relativeToGround</altitudeMode>
						<outerBoundaryIs>
							<LinearRing>
								<coordinates>
									-122.2666249326801,37.8641618631143,21 -122.2666797642187,37.8645557862155,21 -122.2670736873199,37.8644677968857,21 -122.2670188557813,37.86407387378449,21 -122.2666249326801,37.8641618631143,21 
								</coordinates>
							</LinearRing>
						</outerBoundaryIs>
					</Polygon>
				</Placemark>
				<Placemark>
					<name>2712 TELEGRAPH Ave</name>
					<description><![CDATA[<b>2712 TELEGRAPH Ave</b><br/><b>Units:</b> 57<br/><b>VLI Units:</b> 0<br/><b>Stories:</b> 6<br/><b>Height:</b> 21.0m<br/><b>Status:</b> In Review]]></description>
					<styleUrl>#style_In_Review30</styleUrl>
					<Polygon>
						<altitudeMode>relativeToGround</altitudeMode>
						<outerBoundaryIs>
							<LinearRing>
								<coordinates>
									-122.2591861358536,37.86084158581691,21 -122.2591336560589,37.86128032604749,21 -122.2595894570679,37.86122292859982,21 -122.2595594599652,37.86082594761834,21 -122.2591861358536,37.86084158581691,21 
								</coordinates>
							</LinearRing>
						</outerBoundaryIs>
					</Polygon>
				</Placemark>
				<Placemark>
					<name>1740 SAN PABLO Ave</name>
					<description><![CDATA[<b>1740 SAN PABLO Ave</b><br/><b>Units:</b> 54<br/><b>VLI Units:</b> 0<br/><b>Stories:</b> 6<br/><b>Height:</b> 21.0m<br/><b>Status:</b> In Review]]></description>
					<styleUrl>#style_In_Review4</styleUrl>
					<Polygon>
						<extrude>1</extrude>
						<altitudeMode>relativeToGround</altitudeMode>
						<outerBoundaryIs>
							<LinearRing>
								<coordinates>
									-122.2932247463496,37.87174010059217,21 -122.2932795778882,37.87213402369338,21 -122.2936735009894,37.87204603436357,21 -122.2936186694508,37.87165211126236,21 -122.2932247463496,37.87174010059217,21 
								</coordinates>
							</LinearRing>
						</outerBoundaryIs>
					</Polygon>
				</Placemark>
				<Placemark>
					<name>2902 ADELINE St</name>
					<description><![CDATA[<b>2902 ADELINE St</b><br/><b>Units:</b> 54<br/><b>VLI Units:</b> 0<br/><b>Stories:</b> 6<br/><b>Height:</b> 21.0m<br/><b>Status:</b> Under Construction]]></description>
					<styleUrl>#style_Under_Construction12</styleUrl>
					<Polygon>
						<extrude>1</extrude>
						<altitudeMode>relativeToGround</altitudeMode>
						<outerBoundaryIs>
							<LinearRing>
								<coordinates>
									-122.2688264826801,37.8560734931143,21 -122.2688813142187,37.85646741621551,21 -122.2692752373199,37.8563794268857,21 -122.2692204057813,37.8559855037845,21 -122.2688264826801,37.8560734931143,21 
								</coordinates>
							</LinearRing>
						</outerBoundaryIs>
					</Polygon>
				</Placemark>
				<Placemark>
					<name>2587 TELEGRAPH Ave</name>
					<description><![CDATA[<b>2587 TELEGRAPH Ave</b><br/><b>Units:</b> 52<br/><b>VLI Units:</b> 6<br/><b>Stories:</b> 8<br/><b>Height:</b> 28.0m<br/><b>Status:</b> Under Construction]]></description>
					<styleUrl>#style_Under_Construction5</styleUrl>
					<Polygon>
						<extrude>1</extrude>
						<altitudeMode>relativeToGround</altitudeMode>
						<outerBoundaryIs>
							<LinearRing>
								<coordinates>
									-122.2581550293838,37.86358335301535,28 -122.2581192442187,37.86405493621551,28 -122.2584847264567,37.86408112334436,28 -122.2585300838636,37.86358770906386,28 -122.2581550293838,37.86358335301535,28 
								</coordinates>
							</LinearRing>
						</outerBoundaryIs>
					</Polygon>
				</Placemark>
				<Placemark>
					<name>130 BERKELEY Sq</name>
					<description><![CDATA[<b>130 BERKELEY Sq</b><br/><b>Units:</b> 50<br/><b>VLI Units:</b> 0<br/><b>Stories:</b> 7<br/><b>Height:</b> 24.5m<br/><b>Status:</b> In Review<br/><i>(height estimated from units)</i>]]></description>
					<styleUrl>#style_In_Review4</styleUrl>
					<Polygon>
						<extrude>1</extrude>
						<altitudeMode>relativeToGround</altitudeMode>
						<outerBoundaryIs>
							<LinearRing>
								<coordinates>
									-122.2677346226801,37.8707050331143,24.5 -122.2677894542187,37.8710989562155,24.5 -122.2681833773199,37.8710109668857,24.5 -122.2681285457813,37.87061704378449,24.5 -122.2677346226801,37.8707050331143,24.5 
								</coordinates>
							</LinearRing>
						</outerBoundaryIs>
					</Polygon>
				</Placemark>
				<Placemark>
					<name>2016 ASHBY Ave</name>
					<description><![CDATA[<b>2016 ASHBY Ave</b><br/><b>Units:</b> 50<br/><b>VLI Units:</b> 50<br/><b>Stories:</b> 7<br/><b>Height:</b> 24.5m<br/><b>Status:</b> Permits Active]]></description>
					<styleUrl>#style_Permits_Active</styleUrl>
					<Polygon>
						<extrude>1</extrude>
						<altitudeMode>relativeToGround</altitudeMode>
						<outerBoundaryIs>
							<LinearRing>
								<coordinates>
									-122.2679977126801,37.8546685031143,24.5 -122.2680525442187,37.8550624262155,24.5 -122.2684464673199,37.8549744368857,24.5 -122.2683916357813,37.85458051378449,24.5 -122.2679977126801,37.8546685031143,24.5 
								</coordinates>
							</LinearRing>
						</outerBoundaryIs>
					</Polygon>
				</Placemark>
				<Placemark>
					<name>2350 TELEGRAPH Ave</name>
					<description><![CDATA[<b>2350 TELEGRAPH Ave</b><br/><b>Units:</b> 48<br/><b>VLI Units:</b> 2<br/><b>Stories:</b> 8<br/><b>Height:</b> 28.0m<br/><b>Status:</b> In Review]]></description>
					<styleUrl>#style_In_Review4</styleUrl>
					<Polygon>
						<extrude>1</extrude>
						<altitudeMode>relativeToGround</altitudeMode>
						<outerBoundaryIs>
							<LinearRing>
								<coordinates>
									-122.2590001126801,37.8674519931143,28 -122.2590549442187,37.86784591621551,28 -122.2594488673199,37.8677579268857,28 -122.2593940357813,37.86736400378449,28 -122.2590001126801,37.8674519931143,28 
								</coordinates>
							</LinearRing>
						</outerBoundaryIs>
					</Polygon>
				</Placemark>
				<Placemark>
					<name>2727 HASTE St</name>
					<description><![CDATA[<b>2727 HASTE St</b><br/><b>Units:</b> 45<br/><b>VLI Units:</b> 0<br/><b>Stories:</b> 6<br/><b>Height:</b> 21.0m<br/><b>Status:</b> In Review]]></description>
					<styleUrl>#style_In_Review4</styleUrl>
					<Polygon>
						<extrude>1</extrude>
						<altitudeMode>relativeToGround</altitudeMode>
						<outerBoundaryIs>
							<LinearRing>
								<coordinates>
									-122.2525557218352,37.86682340209538,21 -122.2526105533739,37.86721732519659,21 -122.2530044764751,37.86712933586679,21 -122.2529496449365,37.86673541276558,21 -122.2525557218352,37.86682340209538,21 
								</coordinates>
							</LinearRing>
						</outerBoundaryIs>
					</Polygon>
				</Placemark>
				<Placemark>
					<name>2449 DWIGHT Way</name>
					<description><![CDATA[<b>2449 DWIGHT Way</b><br/><b>Units:</b> 39<br/><b>VLI Units:</b> 2<br/><b>Stories:</b> 4<br/><b>Height:</b> 14.0m<br/><b>Status:</b> In Review]]></description>
					<styleUrl>#style_In_Review4</styleUrl>
					<Polygon>
						<extrude>1</extrude>
						<altitudeMode>relativeToGround</altitudeMode>
						<outerBoundaryIs>
							<LinearRing>
								<coordinates>
									-122.2585450386678,37.86515623528639,14 -122.2585998702064,37.8655501583876,14 -122.2589937933076,37.86546216905779,14 -122.258938961769,37.86506824595659,14 -122.2585450386678,37.86515623528639,14 
								</coordinates>
							</LinearRing>
						</outerBoundaryIs>
					</Polygon>
				</Placemark>
				<Placemark>
					<name>1367 UNIVERSITY Ave</name>
					<description><![CDATA[<b>1367 UNIVERSITY Ave</b><br/><b>Units:</b> 39<br/><b>VLI Units:</b> 39<br/><b>Stories:</b> 4<br/><b>Height:</b> 14.0m<br/><b>Status:</b> Completed]]></description>
					<styleUrl>#style_Completed</styleUrl>
					<Polygon>
						<extrude>1</extrude>
						<altitudeMode>relativeToGround</altitudeMode>
						<outerBoundaryIs>
							<LinearRing>
								<coordinates>
									-122.2849657426801,37.8701294531143,14 -122.2850205742187,37.87052337621551,14 -122.2854144973199,37.8704353868857,14 -122.2853596657813,37.8700414637845,14 -122.2849657426801,37.8701294531143,14 
								</coordinates>
							</LinearRing>
						</outerBoundaryIs>
					</Polygon>
				</Placemark>
				<Placemark>
					<name>2403 SAN PABLO Ave</name>
					<description><![CDATA[<b>2403 SAN PABLO Ave</b><br/><b>Units:</b> 36<br/><b>VLI Units:</b> 0<br/><b>Stories:</b> 4<br/><b>Height:</b> 14.0m<br/><b>Status:</b> Under Construction]]></description>
					<styleUrl>#style_Under_Construction12</styleUrl>
					<Polygon>
						<extrude>1</extrude>
						<altitudeMode>relativeToGround</altitudeMode>
						<outerBoundaryIs>
							<LinearRing>
								<coordinates>
									-122.2894968326801,37.8625768031143,14 -122.2895516642187,37.86297072621551,14 -122.2899455873199,37.8628827368857,14 -122.2898907557813,37.86248881378449,14 -122.2894968326801,37.8625768031143,14 
								</coordinates>
							</LinearRing>
						</outerBoundaryIs>
					</Polygon>
				</Placemark>
				<Placemark>
					<name>2442 HASTE St</name>
					<description><![CDATA[<b>2442 HASTE St</b><br/><b>Units:</b> 34<br/><b>VLI Units:</b> 2<br/><b>Stories:</b> 8<br/><b>Height:</b> 25.9m<br/><b>Status:</b> Under Construction]]></description>
					<styleUrl>#style_Under_Construction12</styleUrl>
					<Polygon>
						<extrude>1</extrude>
						<altitudeMode>relativeToGround</altitudeMode>
						<outerBoundaryIs>
							<LinearRing>
								<coordinates>
									-122.2588839726801,37.8655366331143,25.9 -122.2589388042187,37.86593055621551,25.9 -122.2593327273199,37.8658425668857,25.9 -122.2592778957813,37.8654486437845,25.9 -122.2588839726801,37.8655366331143,25.9 
								</coordinates>
							</LinearRing>
						</outerBoundaryIs>
					</Polygon>
				</Placemark>
				<Placemark>
					<name>2733 SAN PABLO Ave</name>
					<description><![CDATA[<b>2733 SAN PABLO Ave</b><br/><b>Units:</b> 32<br/><b>VLI Units:</b> 0<br/><b>Stories:</b> 8<br/><b>Height:</b> 28.0m<br/><b>Status:</b> In Review]]></description>
					<styleUrl>#style_In_Review4</styleUrl>
					<Polygon>
						<extrude>1</extrude>
						<altitudeMode>relativeToGround</altitudeMode>
						<outerBoundaryIs>
							<LinearRing>
								<coordinates>
									-122.2873917678175,37.85619528854339,28 -122.2874465993561,37.8565892116446,28 -122.2878405224574,37.85650122231479,28 -122.2877856909187,37.85610729921358,28 -122.2873917678175,37.85619528854339,28 
								</coordinates>
							</LinearRing>
						</outerBoundaryIs>
					</Polygon>
				</Placemark>
				<Placemark>
					<name>2614 TELEGRAPH Ave</name>
					<description><![CDATA[<b>2614 TELEGRAPH Ave</b><br/><b>Units:</b> 31<br/><b>VLI Units:</b> 3<br/><b>Stories:</b> 5<br/><b>Height:</b> 17.4m<br/><b>Status:</b> In Review]]></description>
					<styleUrl>#style_In_Review5</styleUrl>
					<Polygon>
						<extrude>1</extrude>
						<altitudeMode>relativeToGround</altitudeMode>
						<outerBoundaryIs>
							<LinearRing>
								<coordinates>
									-122.2589948559883,37.86255447748323,17.4 -122.2589840380225,37.8627242001978,17.4 -122.2593812664759,37.86270172742625,17.4 -122.2593358623849,37.86251751817301,17.4 -122.2589948559883,37.86255447748323,17.4 
								</coordinates>
							</LinearRing>
						</outerBoundaryIs>
					</Polygon>
				</Placemark>
				<Placemark>
					<name>2480 Bancroft Way</name>
					<description><![CDATA[<b>2480 Bancroft Way</b><br/><b>Units:</b> 28<br/><b>VLI Units:</b> 0<br/><b>Stories:</b> 8<br/><b>Height:</b> 28.0m<br/><b>Status:</b> Completed]]></description>
					<styleUrl>#style_Completed</styleUrl>
					<Polygon>
						<extrude>1</extrude>
						<altitudeMode>relativeToGround</altitudeMode>
						<outerBoundaryIs>
							<LinearRing>
								<coordinates>
									-122.2594379426801,37.8682324431143,28 -122.2594927742187,37.86862636621551,28 -122.2598866973199,37.8685383768857,28 -122.2598318657813,37.8681444537845,28 -122.2594379426801,37.8682324431143,28 
								</coordinates>
							</LinearRing>
						</outerBoundaryIs>
					</Polygon>
				</Placemark>
				<Placemark>
					<name>2317 CHANNING Way</name>
					<description><![CDATA[<b>2317 CHANNING Way</b><br/><b>Units:</b> 22<br/><b>VLI Units:</b> 0<br/><b>Stories:</b> 5<br/><b>Height:</b> 15.2m<br/><b>Status:</b> Stalled]]></description>
					<styleUrl>#style_Stalled</styleUrl>
					<Polygon>
						<extrude>1</extrude>
						<altitudeMode>relativeToGround</altitudeMode>
						<outerBoundaryIs>
							<LinearRing>
								<coordinates>
									-122.2623561295825,37.8665325718523,15.2 -122.2624109611212,37.8669264949535,15.2 -122.2628048842224,37.8668385056237,15.2 -122.2627500526838,37.86644458252249,15.2 -122.2623561295825,37.8665325718523,15.2 
								</coordinates>
							</LinearRing>
						</outerBoundaryIs>
					</Polygon>
				</Placemark>
				<Placemark>
					<name>2800 TELEGRAPH Ave</name>
					<description><![CDATA[<b>2800 TELEGRAPH Ave</b><br/><b>Units:</b> 18<br/><b>VLI Units:</b> 0<br/><b>Stories:</b> 4<br/><b>Height:</b> 14.0m<br/><b>Status:</b> Permits Active<br/><i>(height estimated from units)</i>]]></description>
					<styleUrl>#style_Permits_Active</styleUrl>
					<Polygon>
						<extrude>1</extrude>
						<altitudeMode>relativeToGround</altitudeMode>
						<outerBoundaryIs>
							<LinearRing>
								<coordinates>
									-122.2592955826801,37.8591701831143,14 -122.2593504142187,37.85956410621551,14 -122.2597443373199,37.8594761168857,14 -122.2596895057813,37.8590821937845,14 -122.2592955826801,37.8591701831143,14 
								</coordinates>
							</LinearRing>
						</outerBoundaryIs>
					</Polygon>
				</Placemark>
				<Placemark>
					<name>2344 FULTON St</name>
					<description><![CDATA[<b>2344 FULTON St</b><br/><b>Units:</b> 18<br/><b>VLI Units:</b> 0<br/><b>Stories:</b> 4<br/><b>Height:</b> 14.0m<br/><b>Status:</b> Pre-Application<br/><i>(height estimated from units)</i>]]></description>
					<styleUrl>#style_Pre_Application</styleUrl>
					<Polygon>
						<extrude>1</extrude>
						<altitudeMode>relativeToGround</altitudeMode>
						<outerBoundaryIs>
							<LinearRing>
								<coordinates>
									-122.2656309026801,37.8660158131143,14 -122.2656857342187,37.86640973621551,14 -122.2660796573199,37.8663217468857,14 -122.2660248257813,37.8659278237845,14 -122.2656309026801,37.8660158131143,14 
								</coordinates>
							</LinearRing>
						</outerBoundaryIs>
					</Polygon>
				</Placemark>
				<Placemark>
					<name>1790 UNIVERSITY Ave</name>
					<description><![CDATA[<b>1790 UNIVERSITY Ave</b><br/><b>Units:</b> 17<br/><b>VLI Units:</b> 0<br/><b>Stories:</b> 5<br/><b>Height:</b> 17.1m<br/><b>Status:</b> In Review]]></description>
					<styleUrl>#style_In_Review4</styleUrl>
					<Polygon>
						<extrude>1</extrude>
						<altitudeMode>relativeToGround</altitudeMode>
						<outerBoundaryIs>
							<LinearRing>
								<coordinates>
									-122.27538007076,37.8707862194244,17.1 -122.2754349022987,37.8711801425256,17.1 -122.2758288253999,37.8710921531958,17.1 -122.2757739938613,37.87069823009459,17.1 -122.27538007076,37.8707862194244,17.1 
								</coordinates>
							</LinearRing>
						</outerBoundaryIs>
					</Polygon>
				</Placemark>
				<Placemark>
					<name>1710 UNIVERSITY Ave</name>
					<description><![CDATA[<b>1710 UNIVERSITY Ave</b><br/><b>Units:</b> 16<br/><b>VLI Units:</b> 0<br/><b>Stories:</b> 4<br/><b>Height:</b> 14.0m<br/><b>Status:</b> Application Submitted]]></description>
					<styleUrl>#style_Application_Submitted02</styleUrl>
					<Polygon>
						<extrude>1</extrude>
						<altitudeMode>relativeToGround</altitudeMode>
						<outerBoundaryIs>
							<LinearRing>
								<coordinates>
									-122.2768975345824,37.87059661020985,14 -122.276952366121,37.87099053331106,14 -122.2773462892222,37.87090254398125,14 -122.2772914576836,37.87050862088005,14 -122.2768975345824,37.87059661020985,14 
								</coordinates>
							</LinearRing>
						</outerBoundaryIs>
					</Polygon>
				</Placemark>
				<Placemark>
					<name>2147 SAN PABLO Ave</name>
					<description><![CDATA[<b>2147 SAN PABLO Ave</b><br/><b>Units:</b> 15<br/><b>VLI Units:</b> 0<br/><b>Stories:</b> 4<br/><b>Height:</b> 21.3m<br/><b>Status:</b> Decision Pending<br/><i>(height estimated from units)</i>]]></description>
					<styleUrl>#style_Decision_Pending2</styleUrl>
					<Polygon>
						<extrude>1</extrude>
						<altitudeMode>relativeToGround</altitudeMode>
						<outerBoundaryIs>
							<LinearRing>
								<coordinates>
									-122.2908575113028,37.86689416530496,21.3 -122.2909123428414,37.86728808840616,21.3 -122.2913062659426,37.86720009907636,21.3 -122.291251434404,37.86680617597515,21.3 -122.2908575113028,37.86689416530496,21.3 
								</coordinates>
							</LinearRing>
						</outerBoundaryIs>
					</Polygon>
				</Placemark>
				<Placemark>
					<name>1740 UNIVERSITY Ave</name>
					<description><![CDATA[<b>1740 UNIVERSITY Ave</b><br/><b>Units:</b> 12<br/><b>VLI Units:</b> 0<br/><b>Stories:</b> 4<br/><b>Height:</b> 14.0m<br/><b>Status:</b> Entitled<br/><i>(height estimated from units)</i>]]></description>
					<styleUrl>#style_Entitled2</styleUrl>
					<Polygon>
						<extrude>1</extrude>
						<altitudeMode>relativeToGround</altitudeMode>
						<outerBoundaryIs>
							<LinearRing>
								<coordinates>
									-122.2763900565155,37.87060290301071,14 -122.2764448880541,37.87099682611192,14 -122.2768388111553,37.87090883678211,14 -122.2767839796167,37.87051491368091,14 -122.2763900565155,37.87060290301071,14 
								</coordinates>
							</LinearRing>
						</outerBoundaryIs>
					</Polygon>
				</Placemark>
				<Placemark>
					<name>2018 BLAKE St</name>
					<description><![CDATA[<b>2018 BLAKE St</b><br/><b>Units:</b> 12<br/><b>VLI Units:</b> 0<br/><b>Stories:</b> 6<br/><b>Height:</b> 21.0m<br/><b>Status:</b> Permits Active]]></description>
					<styleUrl>#style_Permits_Active</styleUrl>
					<Polygon>
						<extrude>1</extrude>
						<altitudeMode>relativeToGround</altitudeMode>
						<outerBoundaryIs>
							<LinearRing>
								<coordinates>
									-122.2686107326801,37.8624252331143,21 -122.2686655642187,37.86281915621551,21 -122.2690594873199,37.8627311668857,21 -122.2690046557813,37.86233724378449,21 -122.2686107326801,37.8624252331143,21 
								</coordinates>
							</LinearRing>
						</outerBoundaryIs>
					</Polygon>
				</Placemark>
				<Placemark>
					<name>2555 COLLEGE Ave</name>
					<description><![CDATA[<b>2555 COLLEGE Ave</b><br/><b>Units:</b> 12<br/><b>VLI Units:</b> 1<br/><b>Stories:</b> 4<br/><b>Height:</b> 14.3m<br/><b>Status:</b> Completed]]></description>
					<styleUrl>#style_Completed</styleUrl>
					<Polygon>
						<extrude>1</extrude>
						<altitudeMode>relativeToGround</altitudeMode>
						<outerBoundaryIs>
							<LinearRing>
								<coordinates>
									-122.2533190426801,37.8639700631143,14.3 -122.2533738742187,37.86436398621551,14.3 -122.2537677973199,37.8642759968857,14.3 -122.2537129657813,37.8638820737845,14.3 -122.2533190426801,37.8639700631143,14.3 
								</coordinates>
							</LinearRing>
						</outerBoundaryIs>
					</Polygon>
				</Placemark>
				<Placemark>
					<name>1015 UNIVERSITY Ave</name>
					<description><![CDATA[<b>1015 UNIVERSITY Ave</b><br/><b>Units:</b> 9<br/><b>VLI Units:</b> 0<br/><b>Stories:</b> 4<br/><b>Height:</b> 14.0m<br/><b>Status:</b> Application Submitted<br/><i>(height estimated from units)</i>]]></description>
					<styleUrl>#style_Application_Submitted02</styleUrl>
					<Polygon>
						<extrude>1</extrude>
						<altitudeMode>relativeToGround</altitudeMode>
						<outerBoundaryIs>
							<LinearRing>
								<coordinates>
									-122.2929097862312,37.86903030515066,14 -122.2929646177699,37.86942422825187,14 -122.2933585408711,37.86933623892206,14 -122.2933037093324,37.86894231582085,14 -122.2929097862312,37.86903030515066,14 
								</coordinates>
							</LinearRing>
						</outerBoundaryIs>
					</Polygon>
				</Placemark>
				<Placemark>
					<name>2428 MILVIA St</name>
					<description><![CDATA[<b>2428 MILVIA St</b><br/><b>Units:</b> 8<br/><b>VLI Units:</b> 0<br/><b>Stories:</b> 4<br/><b>Height:</b> 14.0m<br/><b>Status:</b> In Review<br/><i>(height estimated from units)</i>]]></description>
					<styleUrl>#style_In_Review4</styleUrl>
					<Polygon>
						<extrude>1</extrude>
						<altitudeMode>relativeToGround</altitudeMode>
						<outerBoundaryIs>
							<LinearRing>
								<coordinates>
									-122.2698598883048,37.86419932858308,14 -122.2699147198435,37.86459325168429,14 -122.2703086429447,37.86450526235448,14 -122.2702538114061,37.86411133925328,14 -122.2698598883048,37.86419932858308,14 
								</coordinates>
							</LinearRing>
						</outerBoundaryIs>
					</Polygon>
				</Placemark>
				<Placemark>
					<name>2200 FIFTH St</name>
					<description><![CDATA[<b>2200 FIFTH St</b><br/><b>Units:</b> 8<br/><b>VLI Units:</b> 0<br/><b>Stories:</b> 3<br/><b>Height:</b> 10.5m<br/><b>Status:</b> Withdrawn]]></description>
					<styleUrl>#style_Withdrawn</styleUrl>
					<Polygon>
						<extrude>1</extrude>
						<altitudeMode>relativeToGround</altitudeMode>
						<outerBoundaryIs>
							<LinearRing>
								<coordinates>
									-122.2979704399944,37.86452982148835,10.5 -122.298025271533,37.86492374458955,10.5 -122.2984191946342,37.86483575525975,10.5 -122.2983643630956,37.86444183215854,10.5 -122.2979704399944,37.86452982148835,10.5 
								</coordinates>
							</LinearRing>
						</outerBoundaryIs>
					</Polygon>
				</Placemark>
				<Placemark>
					<name>1745 CEDAR St</name>
					<description><![CDATA[<b>1745 CEDAR St</b><br/><b>Units:</b> 6<br/><b>VLI Units:</b> 0<br/><b>Stories:</b> 3<br/><b>Height:</b> 10.5m<br/><b>Status:</b> In Review]]></description>
					<styleUrl>#style_In_Review4</styleUrl>
					<Polygon>
						<extrude>1</extrude>
						<altitudeMode>relativeToGround</altitudeMode>
						<outerBoundaryIs>
							<LinearRing>
								<coordinates>
									-122.2759046536483,37.8776074576372,10.5 -122.2759594851869,37.87800138073841,10.5 -122.2763534082881,37.8779133914086,10.5 -122.2762985767495,37.8775194683074,10.5 -122.2759046536483,37.8776074576372,10.5 
								</coordinates>
							</LinearRing>
						</outerBoundaryIs>
					</Polygon>
				</Placemark>
				<Placemark>
					<name>1850 BERRYMAN St</name>
					<description><![CDATA[<b>1850 BERRYMAN St</b><br/><b>Units:</b> 6<br/><b>VLI Units:</b> 0<br/><b>Stories:</b> 3<br/><b>Height:</b> 10.5m<br/><b>Status:</b> Application Submitted]]></description>
					<styleUrl>#style_Application_Submitted02</styleUrl>
					<Polygon>
						<extrude>1</extrude>
						<altitudeMode>relativeToGround</altitudeMode>
						<outerBoundaryIs>
							<LinearRing>
								<coordinates>
									-122.2745386226801,37.8828550331143,10.5 -122.2745934542187,37.8832489562155,10.5 -122.2749873773199,37.8831609668857,10.5 -122.2749325457813,37.88276704378449,10.5 -122.2745386226801,37.8828550331143,10.5 
								</coordinates>
							</LinearRing>
						</outerBoundaryIs>
					</Polygon>
				</Placemark>
				<Placemark>
					<name>1618 SIXTH St</name>
					<description><![CDATA[<b>1618 SIXTH St</b><br/><b>Units:</b> 4<br/><b>VLI Units:</b> 0<br/><b>Stories:</b> 3<br/><b>Height:</b> 10.5m<br/><b>Status:</b> In Review]]></description>
					<styleUrl>#style_In_Review4</styleUrl>
					<Polygon>
						<extrude>1</extrude>
						<altitudeMode>relativeToGround</altitudeMode>
						<outerBoundaryIs>
							<LinearRing>
								<coordinates>
									-122.2995342434107,37.8731831365339,10.5 -122.2995890749493,37.8735770596351,10.5 -122.2999829980505,37.8734890703053,10.5 -122.2999281665119,37.87309514720409,10.5 -122.2995342434107,37.8731831365339,10.5 
								</coordinates>
							</LinearRing>
						</outerBoundaryIs>
					</Polygon>
				</Placemark>
				<Placemark>
					<name>2420 ASHBY Ave</name>
					<description><![CDATA[<b>2420 ASHBY Ave</b><br/><b>Units:</b> 4<br/><b>VLI Units:</b> 0<br/><b>Stories:</b> 3<br/><b>Height:</b> 10.5m<br/><b>Status:</b> In Review<br/><i>(height estimated from units)</i>]]></description>
					<styleUrl>#style_In_Review4</styleUrl>
					<Polygon>
						<extrude>1</extrude>
						<altitudeMode>relativeToGround</altitudeMode>
						<outerBoundaryIs>
							<LinearRing>
								<coordinates>
									-122.258410612972,37.85582902241146,10.5 -122.2584654445107,37.85622294551267,10.5 -122.2588593676119,37.85613495618286,10.5 -122.2588045360733,37.85574103308166,10.5 -122.258410612972,37.85582902241146,10.5 
								</coordinates>
							</LinearRing>
						</outerBoundaryIs>
					</Polygon>
				</Placemark>
				<Placemark>
					<name>2942 COLLEGE Ave</name>
					<description><![CDATA[<b>2942 COLLEGE Ave</b><br/><b>Units:</b> 4<br/><b>VLI Units:</b> 0<br/><b>Stories:</b> 3<br/><b>Height:</b> 10.5m<br/><b>Status:</b> In Review<br/><i>(height estimated from units)</i>]]></description>
					<styleUrl>#style_In_Review4</styleUrl>
					<Polygon>
						<extrude>1</extrude>
						<altitudeMode>relativeToGround</altitudeMode>
						<outerBoundaryIs>
							<LinearRing>
								<coordinates>
									-122.2532425305823,37.85729039285393,10.5 -122.2532973621209,37.85768431595514,10.5 -122.2536912852222,37.85759632662533,10.5 -122.2536364536835,37.85720240352413,10.5 -122.2532425305823,37.85729039285393,10.5 
								</coordinates>
							</LinearRing>
						</outerBoundaryIs>
					</Polygon>
				</Placemark>
				<Placemark>
					<name>2437 WARRING St</name>
					<description><![CDATA[<b>2437 WARRING St</b><br/><b>Units:</b> 4<br/><b>VLI Units:</b> 0<br/><b>Stories:</b> 2<br/><b>Height:</b> 7.0m<br/><b>Status:</b> In Review]]></description>
					<styleUrl>#style_In_Review4</styleUrl>
					<Polygon>
						<extrude>1</extrude>
						<altitudeMode>relativeToGround</altitudeMode>
						<outerBoundaryIs>
							<LinearRing>
								<coordinates>
									-122.2500503815933,37.86644253098711,7 -122.2501052131319,37.86683645408831,7 -122.2504991362331,37.86674846475851,7 -122.2504443046945,37.8663545416573,7 -122.2500503815933,37.86644253098711,7 
								</coordinates>
							</LinearRing>
						</outerBoundaryIs>
					</Polygon>
				</Placemark>
				<Placemark>
					<name>2641 COLLEGE Ave</name>
					<description><![CDATA[<b>2641 COLLEGE Ave</b><br/><b>Units:</b> 3<br/><b>VLI Units:</b> 0<br/><b>Stories:</b> 3<br/><b>Height:</b> 10.5m<br/><b>Status:</b> In Review<br/><i>(height estimated from units)</i>]]></description>
					<styleUrl>#style_In_Review4</styleUrl>
					<Polygon>
						<extrude>1</extrude>
						<altitudeMode>relativeToGround</altitudeMode>
						<outerBoundaryIs>
							<LinearRing>
								<coordinates>
									-122.2530144932475,37.86233481109458,10.5 -122.2530693247861,37.86272873419578,10.5 -122.2534632478873,37.86264074486598,10.5 -122.2534084163487,37.86224682176477,10.5 -122.2530144932475,37.86233481109458,10.5 
								</coordinates>
							</LinearRing>
						</outerBoundaryIs>
					</Polygon>
				</Placemark>
				<Placemark>
					<name>2205 BLAKE St</name>
					<description><![CDATA[<b>2205 BLAKE St</b><br/><b>Units:</b> 3<br/><b>VLI Units:</b> 0<br/><b>Stories:</b> 3<br/><b>Height:</b> 10.5m<br/><b>Status:</b> In Review]]></description>
					<styleUrl>#style_In_Review4</styleUrl>
					<Polygon>
						<extrude>1</extrude>
						<altitudeMode>relativeToGround</altitudeMode>
						<outerBoundaryIs>
							<LinearRing>
								<coordinates>
									-122.2646026220721,37.86349018533092,10.5 -122.2646574536107,37.86388410843212,10.5 -122.2650513767119,37.86379611910232,10.5 -122.2649965451733,37.86340219600111,10.5 -122.2646026220721,37.86349018533092,10.5 
								</coordinates>
							</LinearRing>
						</outerBoundaryIs>
					</Polygon>
				</Placemark>
				<Placemark>
					<name>2221 FIFTH St</name>
					<description><![CDATA[<b>2221 FIFTH St</b><br/><b>Units:</b> 3<br/><b>VLI Units:</b> 0<br/><b>Stories:</b> 3<br/><b>Height:</b> 10.5m<br/><b>Status:</b> In Review<br/><i>(height estimated from units)</i>]]></description>
					<styleUrl>#style_In_Review4</styleUrl>
					<Polygon>
						<extrude>1</extrude>
						<altitudeMode>relativeToGround</altitudeMode>
						<outerBoundaryIs>
							<LinearRing>
								<coordinates>
									-122.2971229630672,37.86419317210891,10.5 -122.2971777946058,37.86458709521011,10.5 -122.297571717707,37.86449910588031,10.5 -122.2975168861684,37.8641051827791,10.5 -122.2971229630672,37.86419317210891,10.5 
								</coordinates>
							</LinearRing>
						</outerBoundaryIs>
					</Polygon>
				</Placemark>
				<Placemark>
					<name>1650 FIFTH St</name>
					<description><![CDATA[<b>1650 FIFTH St</b><br/><b>Units:</b> 3<br/><b>VLI Units:</b> 0<br/><b>Stories:</b> 3<br/><b>Height:</b> 10.5m<br/><b>Status:</b> In Review<br/><i>(height estimated from units)</i>]]></description>
					<styleUrl>#style_In_Review4</styleUrl>
					<Polygon>
						<extrude>1</extrude>
						<altitudeMode>relativeToGround</altitudeMode>
						<outerBoundaryIs>
							<LinearRing>
								<coordinates>
									-122.3004017545654,37.87209371294543,10.5 -122.300456586104,37.87248763604664,10.5 -122.3008505092053,37.87239964671683,10.5 -122.3007956776666,37.87200572361562,10.5 -122.3004017545654,37.87209371294543,10.5 
								</coordinates>
							</LinearRing>
						</outerBoundaryIs>
					</Polygon>
				</Placemark>
				<Placemark>
					<name>3101 SACRAMENTO St</name>
					<description><![CDATA[<b>3101 SACRAMENTO St</b><br/><b>Units:</b> 3<br/><b>VLI Units:</b> 0<br/><b>Stories:</b> 3<br/><b>Height:</b> 10.5m<br/><b>Status:</b> In Review<br/><i>(height estimated from units)</i>]]></description>
					<styleUrl>#style_In_Review4</styleUrl>
					<Polygon>
						<extrude>1</extrude>
						<altitudeMode>relativeToGround</altitudeMode>
						<outerBoundaryIs>
							<LinearRing>
								<coordinates>
									-122.2780421140185,37.85120062847681,10.5 -122.2780969455571,37.85159455157802,10.5 -122.2784908686583,37.85150656224821,10.5 -122.2784360371197,37.851112639147,10.5 -122.2780421140185,37.85120062847681,10.5 
								</coordinates>
							</LinearRing>
						</outerBoundaryIs>
					</Polygon>
				</Placemark>
				<Placemark>
					<name>1449 CORNELL Ave</name>
					<description><![CDATA[<b>1449 CORNELL Ave</b><br/><b>Units:</b> 3<br/><b>VLI Units:</b> 0<br/><b>Stories:</b> 2<br/><b>Height:</b> 18.3m<br/><b>Status:</b> In Review]]></description>
					<styleUrl>#style_In_Review4</styleUrl>
					<Polygon>
						<extrude>1</extrude>
						<altitudeMode>relativeToGround</altitudeMode>
						<outerBoundaryIs>
							<LinearRing>
								<coordinates>
									-122.2916642163942,37.87742721992729,18.3 -122.2917190479329,37.8778211430285,18.3 -122.2921129710341,37.87773315369869,18.3 -122.2920581394955,37.87733923059749,18.3 -122.2916642163942,37.87742721992729,18.3 
								</coordinates>
							</LinearRing>
						</outerBoundaryIs>
					</Polygon>
				</Placemark>
				<Placemark>
					<name>1514 WALNUT St</name>
					<description><![CDATA[<b>1514 WALNUT St</b><br/><b>Units:</b> 3<br/><b>VLI Units:</b> 0<br/><b>Stories:</b> 3<br/><b>Height:</b> 10.5m<br/><b>Status:</b> In Review<br/><i>(height estimated from units)</i>]]></description>
					<styleUrl>#style_In_Review4</styleUrl>
					<Polygon>
						<extrude>1</extrude>
						<altitudeMode>relativeToGround</altitudeMode>
						<outerBoundaryIs>
							<LinearRing>
								<coordinates>
									-122.2682220367597,37.87954021189529,10.5 -122.2682768682983,37.8799341349965,10.5 -122.2686707913995,37.87984614566669,10.5 -122.2686159598609,37.87945222256548,10.5 -122.2682220367597,37.87954021189529,10.5 
								</coordinates>
							</LinearRing>
						</outerBoundaryIs>
					</Polygon>
				</Placemark>
				<Placemark>
					<name>1464 SIXTH St</name>
					<description><![CDATA[<b>1464 SIXTH St</b><br/><b>Units:</b> 3<br/><b>VLI Units:</b> 0<br/><b>Stories:</b> 3<br/><b>Height:</b> 10.5m<br/><b>Status:</b> In Review<br/><i>(height estimated from units)</i>]]></description>
					<styleUrl>#style_In_Review4</styleUrl>
					<Polygon>
						<extrude>1</extrude>
						<altitudeMode>relativeToGround</altitudeMode>
						<outerBoundaryIs>
							<LinearRing>
								<coordinates>
									-122.300180610902,37.87518724572041,10.5 -122.3002354424406,37.87558116882162,10.5 -122.3006293655418,37.87549317949181,10.5 -122.3005745340032,37.87509925639061,10.5 -122.300180610902,37.87518724572041,10.5 
								</coordinates>
							</LinearRing>
						</outerBoundaryIs>
					</Polygon>
				</Placemark>
				<Placemark>
					<name>2812 EIGHTH St</name>
					<description><![CDATA[<b>2812 EIGHTH St</b><br/><b>Units:</b> 3<br/><b>VLI Units:</b> 0<br/><b>Stories:</b> 3<br/><b>Height:</b> 10.5m<br/><b>Status:</b> In Review]]></description>
					<styleUrl>#style_In_Review4</styleUrl>
					<Polygon>
						<extrude>1</extrude>
						<altitudeMode>relativeToGround</altitudeMode>
						<outerBoundaryIs>
							<LinearRing>
								<coordinates>
									-122.2913056125261,37.85482337137027,10.5 -122.2913604440647,37.85521729447147,10.5 -122.2917543671659,37.85512930514167,10.5 -122.2916995356273,37.85473538204046,10.5 -122.2913056125261,37.85482337137027,10.5 
								</coordinates>
							</LinearRing>
						</outerBoundaryIs>
					</Polygon>
				</Placemark>
				<Placemark>
					<name>2201 BLAKE St</name>
					<description><![CDATA[<b>2201 BLAKE St</b><br/><b>Units:</b> 3<br/><b>VLI Units:</b> 0<br/><b>Stories:</b> 3<br/><b>Height:</b> 10.5m<br/><b>Status:</b> Entitled]]></description>
					<styleUrl>#style_Entitled2</styleUrl>
					<Polygon>
						<extrude>1</extrude>
						<altitudeMode>relativeToGround</altitudeMode>
						<outerBoundaryIs>
							<LinearRing>
								<coordinates>
									-122.2646026220721,37.86349018533092,10.5 -122.2646574536107,37.86388410843212,10.5 -122.2650513767119,37.86379611910232,10.5 -122.2649965451733,37.86340219600111,10.5 -122.2646026220721,37.86349018533092,10.5 
								</coordinates>
							</LinearRing>
						</outerBoundaryIs>
					</Polygon>
				</Placemark>
				<Placemark>
					<name>2833 Seventh St</name>
					<description><![CDATA[<b>2833 Seventh St</b><br/><b>Units:</b> 3<br/><b>VLI Units:</b> 0<br/><b>Stories:</b> 2<br/><b>Height:</b> 7.0m<br/><b>Status:</b> Entitled]]></description>
					<styleUrl>#style_Entitled2</styleUrl>
					<Polygon>
						<extrude>1</extrude>
						<altitudeMode>relativeToGround</altitudeMode>
						<outerBoundaryIs>
							<LinearRing>
								<coordinates>
									-122.2953924305375,37.86391082406296,7 -122.2954472620762,37.86430474716417,7 -122.2958411851774,37.86421675783436,7 -122.2957863536387,37.86382283473316,7 -122.2953924305375,37.86391082406296,7 
								</coordinates>
							</LinearRing>
						</outerBoundaryIs>
					</Polygon>
				</Placemark>
				<Placemark>
					<name>1614 Sixth St</name>
					<description><![CDATA[<b>1614 Sixth St</b><br/><b>Units:</b> 3<br/><b>VLI Units:</b> 0<br/><b>Stories:</b> 3<br/><b>Height:</b> 10.7m<br/><b>Status:</b> Entitled<br/><i>(height estimated from units)</i>]]></description>
					<styleUrl>#style_Entitled2</styleUrl>
					<Polygon>
						<extrude>1</extrude>
						<altitudeMode>relativeToGround</altitudeMode>
						<outerBoundaryIs>
							<LinearRing>
								<coordinates>
									-122.2995342434107,37.8731831365339,10.7 -122.2995890749493,37.8735770596351,10.7 -122.2999829980505,37.8734890703053,10.7 -122.2999281665119,37.87309514720409,10.7 -122.2995342434107,37.8731831365339,10.7 
								</coordinates>
							</LinearRing>
						</outerBoundaryIs>
					</Polygon>
				</Placemark>
				<Placemark>
					<name>1716 SEVENTH St</name>
					<description><![CDATA[<b>1716 SEVENTH St</b><br/><b>Units:</b> 2<br/><b>VLI Units:</b> 0<br/><b>Stories:</b> 3<br/><b>Height:</b> 10.5m<br/><b>Status:</b> In Review<br/><i>(height estimated from units)</i>]]></description>
					<styleUrl>#style_In_Review4</styleUrl>
					<Polygon>
						<extrude>1</extrude>
						<altitudeMode>relativeToGround</altitudeMode>
						<outerBoundaryIs>
							<LinearRing>
								<coordinates>
									-122.2978899347753,37.87167957389352,10.5 -122.2979447663139,37.87207349699472,10.5 -122.2983386894151,37.87198550766492,10.5 -122.2982838578765,37.87159158456371,10.5 -122.2978899347753,37.87167957389352,10.5 
								</coordinates>
							</LinearRing>
						</outerBoundaryIs>
					</Polygon>
				</Placemark>
				<Placemark>
					<name>1515 DERBY St</name>
					<description><![CDATA[<b>1515 DERBY St</b><br/><b>Units:</b> 2<br/><b>VLI Units:</b> 0<br/><b>Stories:</b> 3<br/><b>Height:</b> 10.5m<br/><b>Status:</b> In Review<br/><i>(height estimated from units)</i>]]></description>
					<styleUrl>#style_In_Review4</styleUrl>
					<Polygon>
						<extrude>1</extrude>
						<altitudeMode>relativeToGround</altitudeMode>
						<outerBoundaryIs>
							<LinearRing>
								<coordinates>
									-122.2792903877845,37.85890861563039,10.5 -122.2793452193231,37.8593025387316,10.5 -122.2797391424243,37.85921454940179,10.5 -122.2796843108857,37.85882062630058,10.5 -122.2792903877845,37.85890861563039,10.5 
								</coordinates>
							</LinearRing>
						</outerBoundaryIs>
					</Polygon>
				</Placemark>
				<Placemark>
					<name>1922 FRANCISCO St</name>
					<description><![CDATA[<b>1922 FRANCISCO St</b><br/><b>Units:</b> 2<br/><b>VLI Units:</b> 0<br/><b>Stories:</b> 3<br/><b>Height:</b> 10.5m<br/><b>Status:</b> In Review]]></description>
					<styleUrl>#style_In_Review4</styleUrl>
					<Polygon>
						<extrude>1</extrude>
						<altitudeMode>relativeToGround</altitudeMode>
						<outerBoundaryIs>
							<LinearRing>
								<coordinates>
									-122.2720028364831,37.87482690337868,10.5 -122.2720576680217,37.87522082647988,10.5 -122.272451591123,37.87513283715008,10.5 -122.2723967595843,37.87473891404887,10.5 -122.2720028364831,37.87482690337868,10.5 
								</coordinates>
							</LinearRing>
						</outerBoundaryIs>
					</Polygon>
				</Placemark>
				<Placemark>
					<name>2204 DWIGHT Way</name>
					<description><![CDATA[<b>2204 DWIGHT Way</b><br/><b>Units:</b> 2<br/><b>VLI Units:</b> 0<br/><b>Stories:</b> 3<br/><b>Height:</b> 10.5m<br/><b>Status:</b> Decision Pending]]></description>
					<styleUrl>#style_Decision_Pending2</styleUrl>
					<Polygon>
						<extrude>1</extrude>
						<altitudeMode>relativeToGround</altitudeMode>
						<outerBoundaryIs>
							<LinearRing>
								<coordinates>
									-122.2646408660487,37.8638612777474,10.5 -122.2646956975873,37.86425520084861,10.5 -122.2650896206885,37.8641672115188,10.5 -122.2650347891499,37.8637732884176,10.5 -122.2646408660487,37.8638612777474,10.5 
								</coordinates>
							</LinearRing>
						</outerBoundaryIs>
					</Polygon>
				</Placemark>
				<Placemark>
					<name>1419 GRANT St</name>
					<description><![CDATA[<b>1419 GRANT St</b><br/><b>Units:</b> 2<br/><b>VLI Units:</b> 0<br/><b>Stories:</b> 3<br/><b>Height:</b> 10.5m<br/><b>Status:</b> In Review<br/><i>(height estimated from units)</i>]]></description>
					<styleUrl>#style_In_Review4</styleUrl>
					<Polygon>
						<extrude>1</extrude>
						<altitudeMode>relativeToGround</altitudeMode>
						<outerBoundaryIs>
							<LinearRing>
								<coordinates>
									-122.2757103237978,37.88027525983528,10.5 -122.2757651553365,37.88066918293649,10.5 -122.2761590784377,37.88058119360668,10.5 -122.2761042468991,37.88018727050547,10.5 -122.2757103237978,37.88027525983528,10.5 
								</coordinates>
							</LinearRing>
						</outerBoundaryIs>
					</Polygon>
				</Placemark>
				<Placemark>
					<name>1236 DWIGHT Way</name>
					<description><![CDATA[<b>1236 DWIGHT Way</b><br/><b>Units:</b> 2<br/><b>VLI Units:</b> 0<br/><b>Stories:</b> 3<br/><b>Height:</b> 10.5m<br/><b>Status:</b> In Review<br/><i>(height estimated from units)</i>]]></description>
					<styleUrl>#style_In_Review4</styleUrl>
					<Polygon>
						<extrude>1</extrude>
						<altitudeMode>relativeToGround</altitudeMode>
						<outerBoundaryIs>
							<LinearRing>
								<coordinates>
									-122.2855024859092,37.86121881440641,10.5 -122.2855573174478,37.86161273750762,10.5 -122.285951240549,37.86152474817781,10.5 -122.2858964090104,37.86113082507661,10.5 -122.2855024859092,37.86121881440641,10.5 
								</coordinates>
							</LinearRing>
						</outerBoundaryIs>
					</Polygon>
				</Placemark>
				<Placemark>
					<name>2808 NINTH St</name>
					<description><![CDATA[<b>2808 NINTH St</b><br/><b>Units:</b> 2<br/><b>VLI Units:</b> 0<br/><b>Stories:</b> 3<br/><b>Height:</b> 10.5m<br/><b>Status:</b> In Review<br/><i>(height estimated from units)</i>]]></description>
					<styleUrl>#style_In_Review4</styleUrl>
					<Polygon>
						<extrude>1</extrude>
						<altitudeMode>relativeToGround</altitudeMode>
						<outerBoundaryIs>
							<LinearRing>
								<coordinates>
									-122.2902571869613,37.85513479698861,10.5 -122.2903120184999,37.85552872008981,10.5 -122.2907059416012,37.85544073076001,10.5 -122.2906511100625,37.8550468076588,10.5 -122.2902571869613,37.85513479698861,10.5 
								</coordinates>
							</LinearRing>
						</outerBoundaryIs>
					</Polygon>
				</Placemark>
				<Placemark>
					<name>3001 BENVENUE Ave</name>
					<description><![CDATA[<b>3001 BENVENUE Ave</b><br/><b>Units:</b> 1<br/><b>VLI Units:</b> 0<br/><b>Stories:</b> 3<br/><b>Height:</b> 10.5m<br/><b>Status:</b> Decision Pending<br/><i>(height estimated from units)</i>]]></description>
					<styleUrl>#style_Decision_Pending2</styleUrl>
					<Polygon>
						<extrude>1</extrude>
						<altitudeMode>relativeToGround</altitudeMode>
						<outerBoundaryIs>
							<LinearRing>
								<coordinates>
									-122.2534800415502,37.85568755482251,10.5 -122.2535348730888,37.85608147792372,10.5 -122.25392879619,37.85599348859391,10.5 -122.2538739646514,37.8555995654927,10.5 -122.2534800415502,37.85568755482251,10.5 
								</coordinates>
							</LinearRing>
						</outerBoundaryIs>
					</Polygon>
				</Placemark>
				<Placemark>
					<name>40 HILL Rd</name>
					<description><![CDATA[<b>40 HILL Rd</b><br/><b>Units:</b> 1<br/><b>VLI Units:</b> 0<br/><b>Stories:</b> 3<br/><b>Height:</b> 10.5m<br/><b>Status:</b> Application Submitted<br/><i>(height estimated from units)</i>]]></description>
					<styleUrl>#style_Application_Submitted02</styleUrl>
					<Polygon>
						<extrude>1</extrude>
						<altitudeMode>relativeToGround</altitudeMode>
						<outerBoundaryIs>
							<LinearRing>
								<coordinates>
									-122.2511011787104,37.88917657941289,10.5 -122.251156010249,37.8895705025141,10.5 -122.2515499333502,37.88948251318429,10.5 -122.2514951018116,37.88908859008308,10.5 -122.2511011787104,37.88917657941289,10.5 
								</coordinates>
							</LinearRing>
						</outerBoundaryIs>
					</Polygon>
				</Placemark>
				<Placemark>
					<name>5 W PARNASSUS Ct</name>
					<description><![CDATA[<b>5 W PARNASSUS Ct</b><br/><b>Units:</b> 1<br/><b>VLI Units:</b> 0<br/><b>Stories:</b> 3<br/><b>Height:</b> 10.5m<br/><b>Status:</b> In Review<br/><i>(height estimated from units)</i>]]></description>
					<styleUrl>#style_In_Review4</styleUrl>
					<Polygon>
						<extrude>1</extrude>
						<altitudeMode>relativeToGround</altitudeMode>
						<outerBoundaryIs>
							<LinearRing>
								<coordinates>
									-122.2538215181392,37.88093621339152,10.5 -122.2538763496778,37.88133013649273,10.5 -122.254270272779,37.88124214716292,10.5 -122.2542154412404,37.88084822406172,10.5 -122.2538215181392,37.88093621339152,10.5 
								</coordinates>
							</LinearRing>
						</outerBoundaryIs>
					</Polygon>
				</Placemark>
				<Placemark>
					<name>0 LE ROY Ave</name>
					<description><![CDATA[<b>0 LE ROY Ave</b><br/><b>Units:</b> 1<br/><b>VLI Units:</b> 0<br/><b>Stories:</b> 3<br/><b>Height:</b> 10.5m<br/><b>Status:</b> In Review<br/><i>(height estimated from units)</i>]]></description>
					<styleUrl>#style_In_Review6</styleUrl>
					<Polygon>
						<extrude>1</extrude>
						<altitudeMode>relativeToGround</altitudeMode>
						<outerBoundaryIs>
							<LinearRing>
								<coordinates>
									-122.2647756226801,37.8783470331143,10.5 -122.2648304542187,37.87874095621551,10.5 -122.2652243773199,37.8786529668857,10.5 -122.2651695457813,37.8782590437845,10.5 -122.2647756226801,37.8783470331143,10.5 
								</coordinates>
							</LinearRing>
						</outerBoundaryIs>
					</Polygon>
				</Placemark>
				<Placemark>
					<name>2328 GRANT St</name>
					<description><![CDATA[<b>2328 GRANT St</b><br/><b>Units:</b> 1<br/><b>VLI Units:</b> 0<br/><b>Stories:</b> 3<br/><b>Height:</b> 10.5m<br/><b>Status:</b> In Review<br/><i>(height estimated from units)</i>]]></description>
					<styleUrl>#style_In_Review4</styleUrl>
					<Polygon>
						<extrude>1</extrude>
						<altitudeMode>relativeToGround</altitudeMode>
						<outerBoundaryIs>
							<LinearRing>
								<coordinates>
									-122.2748019159415,37.86566641284572,10.5 -122.2748567474801,37.86606033594693,10.5 -122.2752506705813,37.86597234661712,10.5 -122.2751958390427,37.86557842351591,10.5 -122.2748019159415,37.86566641284572,10.5 
								</coordinates>
							</LinearRing>
						</outerBoundaryIs>
					</Polygon>
				</Placemark>
				<Placemark>
					<name>1939 MARIN Ave</name>
					<description><![CDATA[<b>1939 MARIN Ave</b><br/><b>Units:</b> 1<br/><b>VLI Units:</b> 0<br/><b>Stories:</b> 3<br/><b>Height:</b> 10.5m<br/><b>Status:</b> In Review<br/><i>(height estimated from units)</i>]]></description>
					<styleUrl>#style_In_Review4</styleUrl>
					<Polygon>
						<extrude>1</extrude>
						<altitudeMode>relativeToGround</altitudeMode>
						<outerBoundaryIs>
							<LinearRing>
								<coordinates>
									-122.274613842857,37.88948054990688,10.5 -122.2746686743956,37.88987447300808,10.5 -122.2750625974968,37.88978648367828,10.5 -122.2750077659582,37.88939256057707,10.5 -122.274613842857,37.88948054990688,10.5 
								</coordinates>
							</LinearRing>
						</outerBoundaryIs>
					</Polygon>
				</Placemark>
				<Placemark>
					<name>1731 ADDISON St</name>
					<description><![CDATA[<b>1731 ADDISON St</b><br/><b>Units:</b> 1<br/><b>VLI Units:</b> 0<br/><b>Stories:</b> 3<br/><b>Height:</b> 10.5m<br/><b>Status:</b> In Review<br/><i>(height estimated from units)</i>]]></description>
					<styleUrl>#style_In_Review4</styleUrl>
					<Polygon>
						<extrude>1</extrude>
						<altitudeMode>relativeToGround</altitudeMode>
						<outerBoundaryIs>
							<LinearRing>
								<coordinates>
									-122.2758213636518,37.87029305390687,10.5 -122.2758761951904,37.87068697700808,10.5 -122.2762701182916,37.87059898767827,10.5 -122.276215286753,37.87020506457706,10.5 -122.2758213636518,37.87029305390687,10.5 
								</coordinates>
							</LinearRing>
						</outerBoundaryIs>
					</Polygon>
				</Placemark>
				<Placemark>
					<name>1420 FIFTH St</name>
					<description><![CDATA[<b>1420 FIFTH St</b><br/><b>Units:</b> 1<br/><b>VLI Units:</b> 0<br/><b>Stories:</b> 3<br/><b>Height:</b> 10.5m<br/><b>Status:</b> Decision Pending<br/><i>(height estimated from units)</i>]]></description>
					<styleUrl>#style_Decision_Pending2</styleUrl>
					<Polygon>
						<extrude>1</extrude>
						<altitudeMode>relativeToGround</altitudeMode>
						<outerBoundaryIs>
							<LinearRing>
								<coordinates>
									-122.3017278386047,37.87639587469436,10.5 -122.3017826701433,37.87678979779557,10.5 -122.3021765932445,37.87670180846576,10.5 -122.3021217617059,37.87630788536455,10.5 -122.3017278386047,37.87639587469436,10.5 
								</coordinates>
							</LinearRing>
						</outerBoundaryIs>
					</Polygon>
				</Placemark>
				<Placemark>
					<name>1139 KEELER Ave</name>
					<description><![CDATA[<b>1139 KEELER Ave</b><br/><b>Units:</b> 1<br/><b>VLI Units:</b> 0<br/><b>Stories:</b> 3<br/><b>Height:</b> 10.5m<br/><b>Status:</b> In Review<br/><i>(height estimated from units)</i>]]></description>
					<styleUrl>#style_In_Review4</styleUrl>
					<Polygon>
						<extrude>1</extrude>
						<altitudeMode>relativeToGround</altitudeMode>
						<outerBoundaryIs>
							<LinearRing>
								<coordinates>
									-122.2573512072996,37.88955282125708,10.5 -122.2574060388382,37.88994674435829,10.5 -122.2577999619394,37.88985875502848,10.5 -122.2577451304008,37.88946483192728,10.5 -122.2573512072996,37.88955282125708,10.5 
								</coordinates>
							</LinearRing>
						</outerBoundaryIs>
					</Polygon>
				</Placemark>
				<Placemark>
					<name>1111 ALLSTON Way</name>
					<description><![CDATA[<b>1111 ALLSTON Way</b><br/><b>Units:</b> 1<br/><b>VLI Units:</b> 0<br/><b>Stories:</b> 3<br/><b>Height:</b> 10.5m<br/><b>Status:</b> In Review<br/><i>(height estimated from units)</i>]]></description>
					<styleUrl>#style_In_Review4</styleUrl>
					<Polygon>
						<extrude>1</extrude>
						<altitudeMode>relativeToGround</altitudeMode>
						<outerBoundaryIs>
							<LinearRing>
								<coordinates>
									-122.2903597736685,37.86658836271054,10.5 -122.2904146052071,37.86698228581175,10.5 -122.2908085283083,37.86689429648195,10.5 -122.2907536967697,37.86650037338074,10.5 -122.2903597736685,37.86658836271054,10.5 
								</coordinates>
							</LinearRing>
						</outerBoundaryIs>
					</Polygon>
				</Placemark>
				<Placemark>
					<name>659 GRIZZLY PEAK Blvd</name>
					<description><![CDATA[<b>659 GRIZZLY PEAK Blvd</b><br/><b>Units:</b> 1<br/><b>VLI Units:</b> 0<br/><b>Stories:</b> 3<br/><b>Height:</b> 10.5m<br/><b>Status:</b> Application Submitted<br/><i>(height estimated from units)</i>]]></description>
					<styleUrl>#style_Application_Submitted02</styleUrl>
					<Polygon>
						<extrude>1</extrude>
						<altitudeMode>relativeToGround</altitudeMode>
						<outerBoundaryIs>
							<LinearRing>
								<coordinates>
									-122.2652378064364,37.89997209075791,10.5 -122.2652926379751,37.90036601385912,10.5 -122.2656865610763,37.90027802452931,10.5 -122.2656317295376,37.89988410142811,10.5 -122.2652378064364,37.89997209075791,10.5 
								</coordinates>
							</LinearRing>
						</outerBoundaryIs>
					</Polygon>
				</Placemark>
				<Placemark>
					<name>1621 SACRAMENTO St</name>
					<description><![CDATA[<b>1621 SACRAMENTO St</b><br/><b>Units:</b> 1<br/><b>VLI Units:</b> 0<br/><b>Stories:</b> 3<br/><b>Height:</b> 10.5m<br/><b>Status:</b> In Review<br/><i>(height estimated from units)</i>]]></description>
					<styleUrl>#style_In_Review4</styleUrl>
					<Polygon>
						<extrude>1</extrude>
						<altitudeMode>relativeToGround</altitudeMode>
						<outerBoundaryIs>
							<LinearRing>
								<coordinates>
									-122.282020447883,37.87592435867789,10.5 -122.2820752794216,37.8763182817791,10.5 -122.2824692025228,37.87623029244929,10.5 -122.2824143709842,37.87583636934809,10.5 -122.282020447883,37.87592435867789,10.5 
								</coordinates>
							</LinearRing>
						</outerBoundaryIs>
					</Polygon>
				</Placemark>
				<Placemark>
					<name>2820 SAN PABLO Ave</name>
					<description><![CDATA[<b>2820 SAN PABLO Ave</b><br/><b>Units:</b> 1<br/><b>VLI Units:</b> 0<br/><b>Stories:</b> 2<br/><b>Height:</b> 7.0m<br/><b>Status:</b> Entitled]]></description>
					<styleUrl>#style_Entitled2</styleUrl>
					<Polygon>
						<extrude>1</extrude>
						<altitudeMode>relativeToGround</altitudeMode>
						<outerBoundaryIs>
							<LinearRing>
								<coordinates>
									-122.2878959426801,37.8551487031143,7 -122.2879507742187,37.85554262621551,7 -122.2883446973199,37.8554546368857,7 -122.2882898657813,37.8550607137845,7 -122.2878959426801,37.8551487031143,7 
								</coordinates>
							</LinearRing>
						</outerBoundaryIs>
					</Polygon>
				</Placemark>
				<Placemark>
					<name>0 PARKER St</name>
					<description><![CDATA[<b>0 PARKER St</b><br/><b>Units:</b> 1<br/><b>VLI Units:</b> 0<br/><b>Stories:</b> 3<br/><b>Height:</b> 10.5m<br/><b>Status:</b> Entitled<br/><i>(height estimated from units)</i>]]></description>
					<styleUrl>#style_Entitled2</styleUrl>
					<Polygon>
						<extrude>1</extrude>
						<altitudeMode>relativeToGround</altitudeMode>
						<outerBoundaryIs>
							<LinearRing>
								<coordinates>
									-122.2667756226801,37.8598470331143,10.5 -122.2668304542187,37.86024095621551,10.5 -122.2672243773199,37.8601529668857,10.5 -122.2671695457813,37.85975904378449,10.5 -122.2667756226801,37.8598470331143,10.5 
								</coordinates>
							</LinearRing>
						</outerBoundaryIs>
					</Polygon>
				</Placemark>
				<Placemark>
					<name>1522 JOSEPHINE St</name>
					<description><![CDATA[<b>1522 JOSEPHINE St</b><br/><b>Units:</b> 0<br/><b>VLI Units:</b> 0<br/><b>Stories:</b> 3<br/><b>Height:</b> 10.5m<br/><b>Status:</b> In Review<br/><i>(height estimated from units)</i>]]></description>
					<styleUrl>#style_In_Review4</styleUrl>
					<Polygon>
						<extrude>1</extrude>
						<altitudeMode>relativeToGround</altitudeMode>
						<outerBoundaryIs>
							<LinearRing>
								<coordinates>
									-122.2750222205784,37.87838444125168,10.5 -122.275077052117,37.87877836435288,10.5 -122.2754709752182,37.87869037502308,10.5 -122.2754161436796,37.87829645192187,10.5 -122.2750222205784,37.87838444125168,10.5 
								</coordinates>
							</LinearRing>
						</outerBoundaryIs>
					</Polygon>
				</Placemark>
				<Placemark>
					<name>3035 COLBY St</name>
					<description><![CDATA[<b>3035 COLBY St</b><br/><b>Units:</b> 0<br/><b>VLI Units:</b> 0<br/><b>Stories:</b> 3<br/><b>Height:</b> 10.5m<br/><b>Status:</b> Entitled<br/><i>(height estimated from units)</i>]]></description>
					<styleUrl>#style_Entitled2</styleUrl>
					<Polygon>
						<extrude>1</extrude>
						<altitudeMode>relativeToGround</altitudeMode>
						<outerBoundaryIs>
							<LinearRing>
								<coordinates>
									-122.2570408914712,37.85394612334029,10.5 -122.2570957230099,37.8543400464415,10.5 -122.2574896461111,37.85425205711169,10.5 -122.2574348145724,37.85385813401049,10.5 -122.2570408914712,37.85394612334029,10.5 
								</coordinates>
							</LinearRing>
						</outerBoundaryIs>
					</Polygon>
				</Placemark>
				<Placemark>
					<name>1136 KEITH Ave</name>
					<description><![CDATA[<b>1136 KEITH Ave</b><br/><b>Units:</b> 0<br/><b>VLI Units:</b> 0<br/><b>Stories:</b> 3<br/><b>Height:</b> 10.5m<br/><b>Status:</b> In Review<br/><i>(height estimated from units)</i>]]></description>
					<styleUrl>#style_In_Review4</styleUrl>
					<Polygon>
						<extrude>1</extrude>
						<altitudeMode>relativeToGround</altitudeMode>
						<outerBoundaryIs>
							<LinearRing>
								<coordinates>
									-122.2602968433034,37.88833701943776,10.5 -122.260351674842,37.88873094253896,10.5 -122.2607455979432,37.88864295320916,10.5 -122.2606907664046,37.88824903010795,10.5 -122.2602968433034,37.88833701943776,10.5 
								</coordinates>
							</LinearRing>
						</outerBoundaryIs>
					</Polygon>
				</Placemark>
				<Placemark>
					<name>1730 PARKER St</name>
					<description><![CDATA[<b>1730 PARKER St</b><br/><b>Units:</b> 0<br/><b>VLI Units:</b> 0<br/><b>Stories:</b> 3<br/><b>Height:</b> 10.5m<br/><b>Status:</b> Application Submitted<br/><i>(height estimated from units)</i>]]></description>
					<styleUrl>#style_Application_Submitted02</styleUrl>
					<Polygon>
						<extrude>1</extrude>
						<altitudeMode>relativeToGround</altitudeMode>
						<outerBoundaryIs>
							<LinearRing>
								<coordinates>
									-122.2744111173519,37.86073991612134,10.5 -122.2744659488905,37.86113383922255,10.5 -122.2748598719917,37.86104584989274,10.5 -122.2748050404531,37.86065192679153,10.5 -122.2744111173519,37.86073991612134,10.5 
								</coordinates>
							</LinearRing>
						</outerBoundaryIs>
					</Polygon>
				</Placemark>
				<Placemark>
					<name>2740 SHASTA Rd</name>
					<description><![CDATA[<b>2740 SHASTA Rd</b><br/><b>Units:</b> 0<br/><b>VLI Units:</b> 0<br/><b>Stories:</b> 3<br/><b>Height:</b> 10.5m<br/><b>Status:</b> Application Submitted<br/><i>(height estimated from units)</i>]]></description>
					<styleUrl>#style_Application_Submitted02</styleUrl>
					<Polygon>
						<extrude>1</extrude>
						<altitudeMode>relativeToGround</altitudeMode>
						<outerBoundaryIs>
							<LinearRing>
								<coordinates>
									-122.2580642369715,37.88619936779916,10.5 -122.2581190685102,37.88659329090037,10.5 -122.2585129916114,37.88650530157057,10.5 -122.2584581600728,37.88611137846936,10.5 -122.2580642369715,37.88619936779916,10.5 
								</coordinates>
							</LinearRing>
						</outerBoundaryIs>
					</Polygon>
				</Placemark>
				<Placemark>
					<name>1109 COWPER St</name>
					<description><![CDATA[<b>1109 COWPER St</b><br/><b>Units:</b> 0<br/><b>VLI Units:</b> 0<br/><b>Stories:</b> 3<br/><b>Height:</b> 10.5m<br/><b>Status:</b> In Review<br/><i>(height estimated from units)</i>]]></description>
					<styleUrl>#style_In_Review4</styleUrl>
					<Polygon>
						<extrude>1</extrude>
						<altitudeMode>relativeToGround</altitudeMode>
						<outerBoundaryIs>
							<LinearRing>
								<coordinates>
									-122.2907930553845,37.86744293316329,10.5 -122.2908478869231,37.8678368562645,10.5 -122.2912418100244,37.86774886693469,10.5 -122.2911869784857,37.86735494383348,10.5 -122.2907930553845,37.86744293316329,10.5 
								</coordinates>
							</LinearRing>
						</outerBoundaryIs>
					</Polygon>
				</Placemark>
				<Placemark>
					<name>705 ARLINGTON Ave</name>
					<description><![CDATA[<b>705 ARLINGTON Ave</b><br/><b>Units:</b> 0<br/><b>VLI Units:</b> 0<br/><b>Stories:</b> 3<br/><b>Height:</b> 10.5m<br/><b>Status:</b> In Review<br/><i>(height estimated from units)</i>]]></description>
					<styleUrl>#style_In_Review4</styleUrl>
					<Polygon>
						<extrude>1</extrude>
						<altitudeMode>relativeToGround</altitudeMode>
						<outerBoundaryIs>
							<LinearRing>
								<coordinates>
									-122.2754095849087,37.89732409487653,10.5 -122.2754644164473,37.89771801797774,10.5 -122.2758583395486,37.89763002864793,10.5 -122.2758035080099,37.89723610554672,10.5 -122.2754095849087,37.89732409487653,10.5 
								</coordinates>
							</LinearRing>
						</outerBoundaryIs>
					</Polygon>
				</Placemark>
				<Placemark>
					<name>2027 SEVENTH St</name>
					<description><![CDATA[<b>2027 SEVENTH St</b><br/><b>Units:</b> 0<br/><b>VLI Units:</b> 0<br/><b>Stories:</b> 3<br/><b>Height:</b> 10.5m<br/><b>Status:</b> In Review<br/><i>(height estimated from units)</i>]]></description>
					<styleUrl>#style_In_Review4</styleUrl>
					<Polygon>
						<extrude>1</extrude>
						<altitudeMode>relativeToGround</altitudeMode>
						<outerBoundaryIs>
							<LinearRing>
								<coordinates>
									-122.2956480739994,37.86706239289003,10.5 -122.295702905538,37.86745631599123,10.5 -122.2960968286393,37.86736832666143,10.5 -122.2960419971006,37.86697440356022,10.5 -122.2956480739994,37.86706239289003,10.5 
								</coordinates>
							</LinearRing>
						</outerBoundaryIs>
					</Polygon>
				</Placemark>
				<Placemark>
					<name>576 SAN LUIS Rd</name>
					<description><![CDATA[<b>576 SAN LUIS Rd</b><br/><b>Units:</b> 0<br/><b>VLI Units:</b> 0<br/><b>Stories:</b> 3<br/><b>Height:</b> 10.5m<br/><b>Status:</b> Application Submitted<br/><i>(height estimated from units)</i>]]></description>
					<styleUrl>#style_Application_Submitted02</styleUrl>
					<Polygon>
						<extrude>1</extrude>
						<altitudeMode>relativeToGround</altitudeMode>
						<outerBoundaryIs>
							<LinearRing>
								<coordinates>
									-122.2755600985329,37.8998568707338,10.5 -122.2756149300715,37.90025079383501,10.5 -122.2760088531727,37.9001628045052,10.5 -122.2759540216341,37.89976888140399,10.5 -122.2755600985329,37.8998568707338,10.5 
								</coordinates>
							</LinearRing>
						</outerBoundaryIs>
					</Polygon>
				</Placemark>
				<Placemark>
					<name>2009 ADDISON St</name>
					<description><![CDATA[<b>2009 ADDISON St</b><br/><b>Units:</b> 0<br/><b>VLI Units:</b> 0<br/><b>Stories:</b> 3<br/><b>Height:</b> 10.5m<br/><b>Status:</b> Application Submitted<br/><i>(height estimated from units)</i>]]></description>
					<styleUrl>#style_Application_Submitted02</styleUrl>
					<Polygon>
						<extrude>1</extrude>
						<altitudeMode>relativeToGround</altitudeMode>
						<outerBoundaryIs>
							<LinearRing>
								<coordinates>
									-122.2697973583746,37.87105375873919,10.5 -122.2698521899132,37.87144768184039,10.5 -122.2702461130144,37.87135969251059,10.5 -122.2701912814758,37.87096576940938,10.5 -122.2697973583746,37.87105375873919,10.5 
								</coordinates>
							</LinearRing>
						</outerBoundaryIs>
					</Polygon>
				</Placemark>
				<Placemark>
					<name>3036 REGENT St</name>
					<description><![CDATA[<b>3036 REGENT St</b><br/><b>Units:</b> 0<br/><b>VLI Units:</b> 0<br/><b>Stories:</b> 3<br/><b>Height:</b> 10.5m<br/><b>Status:</b> In Review<br/><i>(height estimated from units)</i>]]></description>
					<styleUrl>#style_In_Review4</styleUrl>
					<Polygon>
						<extrude>1</extrude>
						<altitudeMode>relativeToGround</altitudeMode>
						<outerBoundaryIs>
							<LinearRing>
								<coordinates>
									-122.2563181959268,37.85404116434373,10.5 -122.2563730274655,37.85443508744493,10.5 -122.2567669505667,37.85434709811513,10.5 -122.2567121190281,37.85395317501392,10.5 -122.2563181959268,37.85404116434373,10.5 
								</coordinates>
							</LinearRing>
						</outerBoundaryIs>
					</Polygon>
				</Placemark>
				<Placemark>
					<name>1312 ADDISON St</name>
					<description><![CDATA[<b>1312 ADDISON St</b><br/><b>Units:</b> 0<br/><b>VLI Units:</b> 0<br/><b>Stories:</b> 3<br/><b>Height:</b> 10.5m<br/><b>Status:</b> In Review<br/><i>(height estimated from units)</i>]]></description>
					<styleUrl>#style_In_Review4</styleUrl>
					<Polygon>
						<extrude>1</extrude>
						<altitudeMode>relativeToGround</altitudeMode>
						<outerBoundaryIs>
							<LinearRing>
								<coordinates>
									-122.2839285009875,37.86675915958889,10.5 -122.2839833325261,37.86715308269009,10.5 -122.2843772556273,37.86706509336029,10.5 -122.2843224240887,37.86667117025908,10.5 -122.2839285009875,37.86675915958889,10.5 
								</coordinates>
							</LinearRing>
						</outerBoundaryIs>
					</Polygon>
				</Placemark>
				<Placemark>
					<name>2145 GRANT St</name>
					<description><![CDATA[<b>2145 GRANT St</b><br/><b>Units:</b> 0<br/><b>VLI Units:</b> 0<br/><b>Stories:</b> 3<br/><b>Height:</b> 10.5m<br/><b>Status:</b> Decision Pending<br/><i>(height estimated from units)</i>]]></description>
					<styleUrl>#style_Decision_Pending2</styleUrl>
					<Polygon>
						<extrude>1</extrude>
						<altitudeMode>relativeToGround</altitudeMode>
						<outerBoundaryIs>
							<LinearRing>
								<coordinates>
									-122.2744369322382,37.86876545678715,10.5 -122.2744917637768,37.86915937988836,10.5 -122.274885686878,37.86907139055855,10.5 -122.2748308553394,37.86867746745735,10.5 -122.2744369322382,37.86876545678715,10.5 
								</coordinates>
							</LinearRing>
						</outerBoundaryIs>
					</Polygon>
				</Placemark>
				<Placemark>
					<name>2903 ADELINE St</name>
					<description><![CDATA[<b>2903 ADELINE St</b><br/><b>Units:</b> 0<br/><b>VLI Units:</b> 0<br/><b>Stories:</b> 3<br/><b>Height:</b> 10.5m<br/><b>Status:</b> In Review<br/><i>(height estimated from units)</i>]]></description>
					<styleUrl>#style_In_Review4</styleUrl>
					<Polygon>
						<extrude>1</extrude>
						<altitudeMode>relativeToGround</altitudeMode>
						<outerBoundaryIs>
							<LinearRing>
								<coordinates>
									-122.2678781140582,37.85620880006898,10.5 -122.2679329455969,37.85660272317018,10.5 -122.2683268686981,37.85651473384038,10.5 -122.2682720371594,37.85612081073917,10.5 -122.2678781140582,37.85620880006898,10.5 
								</coordinates>
							</LinearRing>
						</outerBoundaryIs>
					</Polygon>
				</Placemark>
				<Placemark>
					<name>2099 M L KING JR Way</name>
					<description><![CDATA[<b>2099 M L KING JR Way</b><br/><b>Units:</b> 0<br/><b>VLI Units:</b> 0<br/><b>Stories:</b> 3<br/><b>Height:</b> 10.5m<br/><b>Status:</b> Application Submitted<br/><i>(height estimated from units)</i>]]></description>
					<styleUrl>#style_Application_Submitted02</styleUrl>
					<Polygon>
						<extrude>1</extrude>
						<altitudeMode>relativeToGround</altitudeMode>
						<outerBoundaryIs>
							<LinearRing>
								<coordinates>
									-122.2724016228922,37.87073940077767,10.5 -122.2724564544309,37.87113332387888,10.5 -122.2728503775321,37.87104533454907,10.5 -122.2727955459934,37.87065141144787,10.5 -122.2724016228922,37.87073940077767,10.5 
								</coordinates>
							</LinearRing>
						</outerBoundaryIs>
					</Polygon>
				</Placemark>
				<Placemark>
					<name>1507 JOSEPHINE St</name>
					<description><![CDATA[<b>1507 JOSEPHINE St</b><br/><b>Units:</b> 0<br/><b>VLI Units:</b> 0<br/><b>Stories:</b> 3<br/><b>Height:</b> 10.5m<br/><b>Status:</b> In Review<br/><i>(height estimated from units)</i>]]></description>
					<styleUrl>#style_In_Review4</styleUrl>
					<Polygon>
						<extrude>1</extrude>
						<altitudeMode>relativeToGround</altitudeMode>
						<outerBoundaryIs>
							<LinearRing>
								<coordinates>
									-122.2744904511679,37.87900559241785,10.5 -122.2745452827065,37.87939951551905,10.5 -122.2749392058077,37.87931152618925,10.5 -122.2748843742691,37.87891760308804,10.5 -122.2744904511679,37.87900559241785,10.5 
								</coordinates>
							</LinearRing>
						</outerBoundaryIs>
					</Polygon>
				</Placemark>
				<Placemark>
					<name>1338 SEVENTH St</name>
					<description><![CDATA[<b>1338 SEVENTH St</b><br/><b>Units:</b> 0<br/><b>VLI Units:</b> 0<br/><b>Stories:</b> 3<br/><b>Height:</b> 10.5m<br/><b>Status:</b> Application Submitted<br/><i>(height estimated from units)</i>]]></description>
					<styleUrl>#style_Application_Submitted02</styleUrl>
					<Polygon>
						<extrude>1</extrude>
						<altitudeMode>relativeToGround</altitudeMode>
						<outerBoundaryIs>
							<LinearRing>
								<coordinates>
									-122.2999498858078,37.87813763581364,10.5 -122.3000047173464,37.87853155891484,10.5 -122.3003986404476,37.87844356958504,10.5 -122.300343808909,37.87804964648383,10.5 -122.2999498858078,37.87813763581364,10.5 
								</coordinates>
							</LinearRing>
						</outerBoundaryIs>
					</Polygon>
				</Placemark>
				<Placemark>
					<name>2238 SEVENTH St</name>
					<description><![CDATA[<b>2238 SEVENTH St</b><br/><b>Units:</b> 0<br/><b>VLI Units:</b> 0<br/><b>Stories:</b> 3<br/><b>Height:</b> 10.5m<br/><b>Status:</b> Application Submitted<br/><i>(height estimated from units)</i>]]></description>
					<styleUrl>#style_Application_Submitted02</styleUrl>
					<Polygon>
						<extrude>1</extrude>
						<altitudeMode>relativeToGround</altitudeMode>
						<outerBoundaryIs>
							<LinearRing>
								<coordinates>
									-122.2953924305375,37.86391082406296,10.5 -122.2954472620762,37.86430474716417,10.5 -122.2958411851774,37.86421675783436,10.5 -122.2957863536387,37.86382283473316,10.5 -122.2953924305375,37.86391082406296,10.5 
								</coordinates>
							</LinearRing>
						</outerBoundaryIs>
					</Polygon>
				</Placemark>
				<Placemark>
					<name>703 SANTA BARBARA Rd</name>
					<description><![CDATA[<b>703 SANTA BARBARA Rd</b><br/><b>Units:</b> 0<br/><b>VLI Units:</b> 0<br/><b>Stories:</b> 3<br/><b>Height:</b> 10.5m<br/><b>Status:</b> In Review<br/><i>(height estimated from units)</i>]]></description>
					<styleUrl>#style_In_Review4</styleUrl>
					<Polygon>
						<extrude>1</extrude>
						<altitudeMode>relativeToGround</altitudeMode>
						<outerBoundaryIs>
							<LinearRing>
								<coordinates>
									-122.271270833494,37.897683620403,10.5 -122.2713256650327,37.89807754350421,10.5 -122.2717195881339,37.8979895541744,10.5 -122.2716647565953,37.89759563107319,10.5 -122.271270833494,37.897683620403,10.5 
								</coordinates>
							</LinearRing>
						</outerBoundaryIs>
					</Polygon>
				</Placemark>
				<Placemark>
					<name>385 VERMONT Ave</name>
					<description><![CDATA[<b>385 VERMONT Ave</b><br/><b>Units:</b> 0<br/><b>VLI Units:</b> 0<br/><b>Stories:</b> 3<br/><b>Height:</b> 10.5m<br/><b>Status:</b> In Review<br/><i>(height estimated from units)</i>]]></description>
					<styleUrl>#style_In_Review4</styleUrl>
					<Polygon>
						<extrude>1</extrude>
						<altitudeMode>relativeToGround</altitudeMode>
						<outerBoundaryIs>
							<LinearRing>
								<coordinates>
									-122.274473609553,37.9031413419248,10.5 -122.2745284410916,37.90353526502601,10.5 -122.2749223641928,37.9034472756962,10.5 -122.2748675326542,37.90305335259499,10.5 -122.274473609553,37.9031413419248,10.5 
								</coordinates>
							</LinearRing>
						</outerBoundaryIs>
					</Polygon>
				</Placemark>
				<Placemark>
					<name>1246 ROSE St</name>
					<description><![CDATA[<b>1246 ROSE St</b><br/><b>Units:</b> 0<br/><b>VLI Units:</b> 0<br/><b>Stories:</b> 3<br/><b>Height:</b> 10.5m<br/><b>Status:</b> In Review<br/><i>(height estimated from units)</i>]]></description>
					<styleUrl>#style_In_Review4</styleUrl>
					<Polygon>
						<extrude>1</extrude>
						<altitudeMode>relativeToGround</altitudeMode>
						<outerBoundaryIs>
							<LinearRing>
								<coordinates>
									-122.2892238117709,37.87631303659121,10.5 -122.2892786433095,37.87670695969242,10.5 -122.2896725664107,37.87661897036261,10.5 -122.2896177348721,37.87622504726141,10.5 -122.2892238117709,37.87631303659121,10.5 
								</coordinates>
							</LinearRing>
						</outerBoundaryIs>
					</Polygon>
				</Placemark>
				<Placemark>
					<name>1512 CHANNING Way</name>
					<description><![CDATA[<b>1512 CHANNING Way</b><br/><b>Units:</b> 0<br/><b>VLI Units:</b> 0<br/><b>Stories:</b> 3<br/><b>Height:</b> 10.5m<br/><b>Status:</b> Application Submitted<br/><i>(height estimated from units)</i>]]></description>
					<styleUrl>#style_Application_Submitted02</styleUrl>
					<Polygon>
						<extrude>1</extrude>
						<altitudeMode>relativeToGround</altitudeMode>
						<outerBoundaryIs>
							<LinearRing>
								<coordinates>
									-122.2805770285962,37.86376363460838,10.5 -122.2806318601349,37.86415755770959,10.5 -122.2810257832361,37.86406956837978,10.5 -122.2809709516974,37.86367564527858,10.5 -122.2805770285962,37.86376363460838,10.5 
								</coordinates>
							</LinearRing>
						</outerBoundaryIs>
					</Polygon>
				</Placemark>
				<Placemark>
					<name>1475 CATHERINE Dr</name>
					<description><![CDATA[<b>1475 CATHERINE Dr</b><br/><b>Units:</b> 0<br/><b>VLI Units:</b> 0<br/><b>Stories:</b> 3<br/><b>Height:</b> 10.5m<br/><b>Status:</b> In Review<br/><i>(height estimated from units)</i>]]></description>
					<styleUrl>#style_In_Review4</styleUrl>
					<Polygon>
						<extrude>1</extrude>
						<altitudeMode>relativeToGround</altitudeMode>
						<outerBoundaryIs>
							<LinearRing>
								<coordinates>
									-122.2837825247538,37.87786787238369,10.5 -122.2838373562925,37.8782617954849,10.5 -122.2842312793937,37.87817380615509,10.5 -122.284176447855,37.87777988305388,10.5 -122.2837825247538,37.87786787238369,10.5 
								</coordinates>
							</LinearRing>
						</outerBoundaryIs>
					</Polygon>
				</Placemark>
				<Placemark>
					<name>1187 SHATTUCK Ave</name>
					<description><![CDATA[<b>1187 SHATTUCK Ave</b><br/><b>Units:</b> 0<br/><b>VLI Units:</b> 0<br/><b>Stories:</b> 3<br/><b>Height:</b> 10.5m<br/><b>Status:</b> Decision Pending<br/><i>(height estimated from units)</i>]]></description>
					<styleUrl>#style_Decision_Pending2</styleUrl>
					<Polygon>
						<extrude>1</extrude>
						<altitudeMode>relativeToGround</altitudeMode>
						<outerBoundaryIs>
							<LinearRing>
								<coordinates>
									-122.2694940601852,37.88589983544862,10.5 -122.2695488917238,37.88629375854983,10.5 -122.269942814825,37.88620576922002,10.5 -122.2698879832864,37.88581184611881,10.5 -122.2694940601852,37.88589983544862,10.5 
								</coordinates>
							</LinearRing>
						</outerBoundaryIs>
					</Polygon>
				</Placemark>
				<Placemark>
					<name>2016 DELAWARE St A</name>
					<description><![CDATA[<b>2016 DELAWARE St A</b><br/><b>Units:</b> 0<br/><b>VLI Units:</b> 0<br/><b>Stories:</b> 3<br/><b>Height:</b> 10.5m<br/><b>Status:</b> Application Submitted<br/><i>(height estimated from units)</i>]]></description>
					<styleUrl>#style_Application_Submitted02</styleUrl>
					<Polygon>
						<extrude>1</extrude>
						<altitudeMode>relativeToGround</altitudeMode>
						<outerBoundaryIs>
							<LinearRing>
								<coordinates>
									-122.2700880037932,37.87415845377176,10.5 -122.2701428353318,37.87455237687296,10.5 -122.270536758433,37.87446438754316,10.5 -122.2704819268944,37.87407046444195,10.5 -122.2700880037932,37.87415845377176,10.5 
								</coordinates>
							</LinearRing>
						</outerBoundaryIs>
					</Polygon>
				</Placemark>
				<Placemark>
					<name>1123 BLAKE St</name>
					<description><![CDATA[<b>1123 BLAKE St</b><br/><b>Units:</b> 0<br/><b>VLI Units:</b> 0<br/><b>Stories:</b> 3<br/><b>Height:</b> 10.5m<br/><b>Status:</b> In Review<br/><i>(height estimated from units)</i>]]></description>
					<styleUrl>#style_In_Review4</styleUrl>
					<Polygon>
						<extrude>1</extrude>
						<altitudeMode>relativeToGround</altitudeMode>
						<outerBoundaryIs>
							<LinearRing>
								<coordinates>
									-122.2878491917568,37.86051217298935,10.5 -122.2879040232955,37.86090609609056,10.5 -122.2882979463967,37.86081810676075,10.5 -122.288243114858,37.86042418365955,10.5 -122.2878491917568,37.86051217298935,10.5 
								</coordinates>
							</LinearRing>
						</outerBoundaryIs>
					</Polygon>
				</Placemark>
				<Placemark>
					<name>830 BANCROFT Way</name>
					<description><![CDATA[<b>830 BANCROFT Way</b><br/><b>Units:</b> 0<br/><b>VLI Units:</b> 0<br/><b>Stories:</b> 3<br/><b>Height:</b> 10.5m<br/><b>Status:</b> Decision Pending<br/><i>(height estimated from units)</i>]]></description>
					<styleUrl>#style_Decision_Pending2</styleUrl>
					<Polygon>
						<extrude>1</extrude>
						<altitudeMode>relativeToGround</altitudeMode>
						<outerBoundaryIs>
							<LinearRing>
								<coordinates>
									-122.2955722247484,37.86314441515066,10.5 -122.295627056287,37.86353833825186,10.5 -122.2960209793883,37.86345034892206,10.5 -122.2959661478496,37.86305642582085,10.5 -122.2955722247484,37.86314441515066,10.5 
								</coordinates>
							</LinearRing>
						</outerBoundaryIs>
					</Polygon>
				</Placemark>
				<Placemark>
					<name>2740 SHASTA Rd</name>
					<description><![CDATA[<b>2740 SHASTA Rd</b><br/><b>Units:</b> 0<br/><b>VLI Units:</b> 0<br/><b>Stories:</b> 3<br/><b>Height:</b> 10.5m<br/><b>Status:</b> In Review<br/><i>(height estimated from units)</i>]]></description>
					<styleUrl>#style_In_Review4</styleUrl>
					<Polygon>
						<extrude>1</extrude>
						<altitudeMode>relativeToGround</altitudeMode>
						<outerBoundaryIs>
							<LinearRing>
								<coordinates>
									-122.2580642369715,37.88619936779916,10.5 -122.2581190685102,37.88659329090037,10.5 -122.2585129916114,37.88650530157057,10.5 -122.2584581600728,37.88611137846936,10.5 -122.2580642369715,37.88619936779916,10.5 
								</coordinates>
							</LinearRing>
						</outerBoundaryIs>
					</Polygon>
				</Placemark>
				<Placemark>
					<name>2143 BLAKE St</name>
					<description><![CDATA[<b>2143 BLAKE St</b><br/><b>Units:</b> 0<br/><b>VLI Units:</b> 0<br/><b>Stories:</b> 3<br/><b>Height:</b> 10.5m<br/><b>Status:</b> Application Submitted<br/><i>(height estimated from units)</i>]]></description>
					<styleUrl>#style_Application_Submitted02</styleUrl>
					<Polygon>
						<extrude>1</extrude>
						<altitudeMode>relativeToGround</altitudeMode>
						<outerBoundaryIs>
							<LinearRing>
								<coordinates>
									-122.2652430013937,37.86335763854937,10.5 -122.2652978329323,37.86375156165058,10.5 -122.2656917560335,37.86366357232077,10.5 -122.2656369244949,37.86326964921957,10.5 -122.2652430013937,37.86335763854937,10.5 
								</coordinates>
							</LinearRing>
						</outerBoundaryIs>
					</Polygon>
				</Placemark>
				<Placemark>
					<name>411 VASSAR Ave</name>
					<description><![CDATA[<b>411 VASSAR Ave</b><br/><b>Units:</b> 0<br/><b>VLI Units:</b> 0<br/><b>Stories:</b> 3<br/><b>Height:</b> 10.5m<br/><b>Status:</b> Application Submitted<br/><i>(height estimated from units)</i>]]></description>
					<styleUrl>#style_Application_Submitted02</styleUrl>
					<Polygon>
						<extrude>1</extrude>
						<altitudeMode>relativeToGround</altitudeMode>
						<outerBoundaryIs>
							<LinearRing>
								<coordinates>
									-122.2720447869085,37.90417541784876,10.5 -122.2720996184472,37.90456934094996,10.5 -122.2724935415484,37.90448135162016,10.5 -122.2724387100098,37.90408742851895,10.5 -122.2720447869085,37.90417541784876,10.5 
								</coordinates>
							</LinearRing>
						</outerBoundaryIs>
					</Polygon>
				</Placemark>
				<Placemark>
					<name>2820 San Pablo</name>
					<description><![CDATA[<b>2820 San Pablo</b><br/><b>Units:</b> 0<br/><b>VLI Units:</b> 0<br/><b>Stories:</b> 2<br/><b>Height:</b> 7.0m<br/><b>Status:</b> Unknown]]></description>
					<styleUrl>#style_Unknown</styleUrl>
					<Polygon>
						<extrude>1</extrude>
						<altitudeMode>relativeToGround</altitudeMode>
						<outerBoundaryIs>
							<LinearRing>
								<coordinates>
									-122.2878959426801,37.8551487031143,7 -122.2879507742187,37.85554262621551,7 -122.2883446973199,37.8554546368857,7 -122.2882898657813,37.8550607137845,7 -122.2878959426801,37.8551487031143,7 
								</coordinates>
							</LinearRing>
						</outerBoundaryIs>
					</Polygon>
				</Placemark>
				<Placemark>
					<name>1048 Keith St</name>
					<description><![CDATA[<b>1048 Keith St</b><br/><b>Units:</b> 0<br/><b>VLI Units:</b> 0<br/><b>Stories:</b> 3<br/><b>Height:</b> 10.5m<br/><b>Status:</b> Entitled<br/><i>(height estimated from units)</i>]]></description>
					<styleUrl>#style_Entitled2</styleUrl>
					<Polygon>
						<extrude>1</extrude>
						<altitudeMode>relativeToGround</altitudeMode>
						<outerBoundaryIs>
							<LinearRing>
								<coordinates>
									-122.2638953026801,37.8891697231143,10.5 -122.2639501342187,37.88956364621551,10.5 -122.2643440573199,37.8894756568857,10.5 -122.2642892257813,37.88908173378449,10.5 -122.2638953026801,37.8891697231143,10.5 
								</coordinates>
							</LinearRing>
						</outerBoundaryIs>
					</Polygon>
				</Placemark>
				<Placemark>
					<name>811 Cedar</name>
					<description><![CDATA[<b>811 Cedar</b><br/><b>Units:</b> 0<br/><b>VLI Units:</b> 0<br/><b>Stories:</b> 2<br/><b>Height:</b> 7.0m<br/><b>Status:</b> Entitled]]></description>
					<styleUrl>#style_Entitled2</styleUrl>
					<Polygon>
						<extrude>1</extrude>
						<altitudeMode>relativeToGround</altitudeMode>
						<outerBoundaryIs>
							<LinearRing>
								<coordinates>
									-122.2999636626801,37.8739986131143,7 -122.3000184942187,37.87439253621551,7 -122.3004124173199,37.8743045468857,7 -122.3003575857813,37.8739106237845,7 -122.2999636626801,37.8739986131143,7 
								</coordinates>
							</LinearRing>
						</outerBoundaryIs>
					</Polygon>
				</Placemark>
				<Placemark>
					<name>1627 Jaynes St</name>
					<description><![CDATA[<b>1627 Jaynes St</b><br/><b>Units:</b> 0<br/><b>VLI Units:</b> 0<br/><b>Stories:</b> 3<br/><b>Height:</b> 10.5m<br/><b>Status:</b> Entitled]]></description>
					<styleUrl>#style_Entitled2</styleUrl>
					<Polygon>
						<extrude>1</extrude>
						<altitudeMode>relativeToGround</altitudeMode>
						<outerBoundaryIs>
							<LinearRing>
								<coordinates>
									-122.2793078126801,37.8780826331143,10.5 -122.2793626442187,37.8784765562155,10.5 -122.2797565673199,37.8783885668857,10.5 -122.2797017357813,37.87799464378449,10.5 -122.2793078126801,37.8780826331143,10.5 
								</coordinates>
							</LinearRing>
						</outerBoundaryIs>
					</Polygon>
				</Placemark>
				<Placemark>
					<name>2150 Kittredge St</name>
					<description><![CDATA[<b>2150 Kittredge St</b><br/><b>Units:</b> 0<br/><b>VLI Units:</b> 0<br/><b>Stories:</b> 3<br/><b>Height:</b> 10.5m<br/><b>Status:</b> Completed<br/><i>(height estimated from units)</i>]]></description>
					<styleUrl>#style_Completed</styleUrl>
					<Polygon>
						<extrude>1</extrude>
						<altitudeMode>relativeToGround</altitudeMode>
						<outerBoundaryIs>
							<LinearRing>
								<coordinates>
									-122.2666140426801,37.8682156331143,10.5 -122.2666688742187,37.8686095562155,10.5 -122.2670627973199,37.8685215668857,10.5 -122.2670079657813,37.86812764378449,10.5 -122.2666140426801,37.8682156331143,10.5 
								</coordinates>
							</LinearRing>
						</outerBoundaryIs>
					</Polygon>
				</Placemark>
				<Placemark>
					<name>1951 Shattuck Ave</name>
					<description><![CDATA[<b>1951 Shattuck Ave</b><br/><b>Units:</b> 0<br/><b>VLI Units:</b> 0<br/><b>Stories:</b> 3<br/><b>Height:</b> 10.5m<br/><b>Status:</b> Completed<br/><i>(height estimated from units)</i>]]></description>
					<styleUrl>#style_Completed</styleUrl>
					<Polygon>
						<extrude>1</extrude>
						<altitudeMode>relativeToGround</altitudeMode>
						<outerBoundaryIs>
							<LinearRing>
								<coordinates>
									-122.2685894026801,37.8726228031143,10.5 -122.2686442342187,37.8730167262155,10.5 -122.2690381573199,37.8729287368857,10.5 -122.2689833257813,37.87253481378449,10.5 -122.2685894026801,37.8726228031143,10.5 
								</coordinates>
							</LinearRing>
						</outerBoundaryIs>
					</Polygon>
				</Placemark>
				<Placemark>
					<name>2000 University Ave</name>
					<description><![CDATA[<b>2000 University Ave</b><br/><b>Units:</b> 0<br/><b>VLI Units:</b> 0<br/><b>Stories:</b> 3<br/><b>Height:</b> 10.5m<br/><b>Status:</b> Completed<br/><i>(height estimated from units)</i>]]></description>
					<styleUrl>#style_Completed</styleUrl>
					<Polygon>
						<extrude>1</extrude>
						<altitudeMode>relativeToGround</altitudeMode>
						<outerBoundaryIs>
							<LinearRing>
								<coordinates>
									-122.2702781426801,37.8714671331143,10.5 -122.2703329742187,37.87186105621551,10.5 -122.2707268973199,37.8717730668857,10.5 -122.2706720657813,37.87137914378449,10.5 -122.2702781426801,37.8714671331143,10.5 
								</coordinates>
							</LinearRing>
						</outerBoundaryIs>
					</Polygon>
				</Placemark>
				<Placemark>
					<name>2099 MLK Jr Way</name>
					<description><![CDATA[<b>2099 MLK Jr Way</b><br/><b>Units:</b> 0<br/><b>VLI Units:</b> 0<br/><b>Stories:</b> 3<br/><b>Height:</b> 10.5m<br/><b>Status:</b> Completed<br/><i>(height estimated from units)</i>]]></description>
					<styleUrl>#style_Completed</styleUrl>
					<Polygon>
						<extrude>1</extrude>
						<altitudeMode>relativeToGround</altitudeMode>
						<outerBoundaryIs>
							<LinearRing>
								<coordinates>
									-122.2724160626801,37.8707436831143,10.5 -122.2724708942187,37.87113760621551,10.5 -122.2728648173199,37.8710496168857,10.5 -122.2728099857813,37.87065569378449,10.5 -122.2724160626801,37.8707436831143,10.5 
								</coordinates>
							</LinearRing>
						</outerBoundaryIs>
					</Polygon>
				</Placemark>
				<Placemark>
					<name>2705 BENVENUE Ave</name>
					<description><![CDATA[<b>2705 BENVENUE Ave</b><br/><b>Units:</b> -1<br/><b>VLI Units:</b> 0<br/><b>Stories:</b> 3<br/><b>Height:</b> 10.5m<br/><b>Status:</b> In Review<br/><i>(height estimated from units)</i>]]></description>
					<styleUrl>#style_In_Review4</styleUrl>
					<Polygon>
						<extrude>1</extrude>
						<altitudeMode>relativeToGround</altitudeMode>
						<outerBoundaryIs>
							<LinearRing>
								<coordinates>
									-122.2542155749183,37.86129812481273,10.5 -122.254270406457,37.86169204791394,10.5 -122.2546643295582,37.86160405858413,10.5 -122.2546094980195,37.86121013548293,10.5 -122.2542155749183,37.86129812481273,10.5 
								</coordinates>
							</LinearRing>
						</outerBoundaryIs>
					</Polygon>
				</Placemark>
				<Placemark>
					<name>Francisco</name>
					<styleUrl>#style_Entitled26</styleUrl>
					<Polygon>
						<extrude>1</extrude>
						<tessellate>1</tessellate>
						<altitudeMode>relativeToGround</altitudeMode>
						<outerBoundaryIs>
							<LinearRing>
								<coordinates>
									-122.2694612756638,37.87559742512745,28 -122.2693868872366,37.87531529393856,28 -122.2689557534101,37.87533621678025,28 -122.268964082991,37.87563983990648,28 -122.2694612756638,37.87559742512745,28 
								</coordinates>
							</LinearRing>
						</outerBoundaryIs>
					</Polygon>
				</Placemark>
			</Folder>
			<Document>
				<name>Berkeley Housing Pipeline - 62Second Flyover</name>
				<gx:Tour>
					<name>3D Skyline Tour-62sec</name>
					<gx:Playlist>
						<gx:FlyTo>
							<gx:duration>3</gx:duration>
							<LookAt>
								<longitude>-122.26854</longitude>
								<latitude>37.86823</latitude>
								<altitude>0</altitude>
								<heading>20</heading>
								<tilt>78</tilt>
								<range>500</range>
								<altitudeMode>relativeToGround</altitudeMode>
							</LookAt>
						</gx:FlyTo>
						<gx:FlyTo>
							<gx:duration>5</gx:duration>
							<gx:flyToMode>smooth</gx:flyToMode>
							<LookAt>
								<longitude>-122.26854</longitude>
								<latitude>37.86823</latitude>
								<altitude>0</altitude>
								<heading>140</heading>
								<tilt>90</tilt>
								<range>800</range>
								<altitudeMode>relativeToGround</altitudeMode>
							</LookAt>
						</gx:FlyTo>
						<gx:FlyTo>
							<gx:duration>5</gx:duration>
							<gx:flyToMode>smooth</gx:flyToMode>
							<LookAt>
								<longitude>-122.26854</longitude>
								<latitude>37.86823</latitude>
								<altitude>0</altitude>
								<heading>270</heading>
								<tilt>78</tilt>
								<range>650</range>
								<altitudeMode>relativeToGround</altitudeMode>
							</LookAt>
						</gx:FlyTo>
						<gx:FlyTo>
							<gx:duration>3</gx:duration>
							<gx:flyToMode>smooth</gx:flyToMode>
							<LookAt>
								<longitude>-122.25829</longitude>
								<latitude>37.86524</latitude>
								<altitude>0</altitude>
								<heading>315</heading>
								<tilt>70</tilt>
								<range>540</range>
								<altitudeMode>relativeToGround</altitudeMode>
							</LookAt>
						</gx:FlyTo>
						<gx:FlyTo>
							<gx:duration>7.5</gx:duration>
							<gx:flyToMode>smooth</gx:flyToMode>
							<LookAt>
								<longitude>-122.25829</longitude>
								<latitude>37.86524</latitude>
								<altitude>0</altitude>
								<heading>80</heading>
								<tilt>70</tilt>
								<range>1000</range>
								<altitudeMode>relativeToGround</altitudeMode>
							</LookAt>
						</gx:FlyTo>
						<gx:FlyTo>
							<gx:duration>3.5</gx:duration>
							<gx:flyToMode>smooth</gx:flyToMode>
							<LookAt>
								<longitude>-122.25829</longitude>
								<latitude>37.86524</latitude>
								<altitude>0</altitude>
								<heading>210</heading>
								<tilt>70</tilt>
								<range>300</range>
								<altitudeMode>relativeToGround</altitudeMode>
							</LookAt>
						</gx:FlyTo>
						<gx:FlyTo>
							<gx:duration>4</gx:duration>
							<gx:flyToMode>smooth</gx:flyToMode>
							<LookAt>
								<longitude>-122.26782</longitude>
								<latitude>37.8589</latitude>
								<altitude>0</altitude>
								<heading>350</heading>
								<tilt>72</tilt>
								<range>800</range>
								<altitudeMode>relativeToGround</altitudeMode>
							</LookAt>
						</gx:FlyTo>
						<gx:FlyTo>
							<gx:duration>5</gx:duration>
							<gx:flyToMode>smooth</gx:flyToMode>
							<LookAt>
								<longitude>-122.26782</longitude>
								<latitude>37.8728</latitude>
								<altitude>0</altitude>
								<heading>350</heading>
								<tilt>72</tilt>
								<range>800</range>
								<altitudeMode>relativeToGround</altitudeMode>
							</LookAt>
						</gx:FlyTo>
						<gx:FlyTo>
							<gx:duration>4</gx:duration>
							<gx:flyToMode>smooth</gx:flyToMode>
							<LookAt>
								<longitude>-122.26782</longitude>
								<latitude>37.86593</latitude>
								<altitude>0</altitude>
								<heading>110</heading>
								<tilt>70</tilt>
								<range>600</range>
								<altitudeMode>relativeToGround</altitudeMode>
							</LookAt>
						</gx:FlyTo>
						<gx:FlyTo>
							<gx:duration>4</gx:duration>
							<gx:flyToMode>smooth</gx:flyToMode>
							<LookAt>
								<longitude>-122.2679</longitude>
								<latitude>37.8687</latitude>
								<altitude>0</altitude>
								<heading>320</heading>
								<tilt>62</tilt>
								<range>1200</range>
								<altitudeMode>relativeToGround</altitudeMode>
							</LookAt>
						</gx:FlyTo>
						<gx:FlyTo>
							<gx:duration>14</gx:duration>
							<gx:flyToMode>smooth</gx:flyToMode>
							<LookAt>
								<longitude>-122.2679</longitude>
								<latitude>37.8687</latitude>
								<altitude>0</altitude>
								<heading>80</heading>
								<tilt>62</tilt>
								<range>800</range>
								<altitudeMode>relativeToGround</altitudeMode>
							</LookAt>
						</gx:FlyTo>
						<gx:FlyTo>
							<gx:duration>4</gx:duration>
							<gx:flyToMode>smooth</gx:flyToMode>
							<LookAt>
								<longitude>-122.2679</longitude>
								<latitude>37.8687</latitude>
								<altitude>0</altitude>
								<heading>210</heading>
								<tilt>62</tilt>
								<range>2200</range>
								<altitudeMode>relativeToGround</altitudeMode>
							</LookAt>
						</gx:FlyTo>
					</gx:Playlist>
				</gx:Tour>
			</Document>
		</Document>
		<Document>
			<name>Berkeley Housing Pipeline - Rebuilt 45s Tour</name>
			<gx:Tour>
				<name>Rebuilt 45s Tour</name>
				<gx:Playlist>
					<gx:FlyTo>
						<gx:duration>6</gx:duration>
						<Camera>
							<longitude>-122.2732</longitude>
							<latitude>37.869</latitude>
							<altitude>280</altitude>
							<heading>78</heading>
							<tilt>78</tilt>
							<roll>0</roll>
							<altitudeMode>absolute</altitudeMode>
						</Camera>
					</gx:FlyTo>
					<gx:Wait><gx:duration>3</gx:duration>
</gx:Wait>
					<gx:FlyTo>
						<gx:duration>4</gx:duration>
						<gx:flyToMode>smooth</gx:flyToMode>
						<Camera>
							<longitude>-122.2714</longitude>
							<latitude>37.8691</latitude>
							<altitude>260</altitude>
							<heading>96</heading>
							<tilt>80</tilt>
							<roll>0</roll>
							<altitudeMode>absolute</altitudeMode>
						</Camera>
					</gx:FlyTo>
					<gx:Wait><gx:duration>2</gx:duration>
</gx:Wait>
					<gx:FlyTo>
						<gx:duration>5</gx:duration>
						<gx:flyToMode>smooth</gx:flyToMode>
						<Camera>
							<longitude>-122.2623</longitude>
							<latitude>37.8652</latitude>
							<altitude>240</altitude>
							<heading>112</heading>
							<tilt>81</tilt>
							<roll>0</roll>
							<altitudeMode>absolute</altitudeMode>
						</Camera>
					</gx:FlyTo>
					<gx:FlyTo>
						<gx:duration>5</gx:duration>
						<gx:flyToMode>smooth</gx:flyToMode>
						<Camera>
							<longitude>-122.2588</longitude>
							<latitude>37.866</latitude>
							<altitude>220</altitude>
							<heading>192</heading>
							<tilt>80</tilt>
							<roll>0</roll>
							<altitudeMode>absolute</altitudeMode>
						</Camera>
					</gx:FlyTo>
					<gx:FlyTo>
						<gx:duration>6</gx:duration>
						<gx:flyToMode>smooth</gx:flyToMode>
						<Camera>
							<longitude>-122.2686</longitude>
							<latitude>37.8552</latitude>
							<altitude>260</altitude>
							<heading>350</heading>
							<tilt>77</tilt>
							<roll>0</roll>
							<altitudeMode>absolute</altitudeMode>
						</Camera>
					</gx:FlyTo>
					<gx:FlyTo>
						<gx:duration>6</gx:duration>
						<gx:flyToMode>smooth</gx:flyToMode>
						<Camera>
							<longitude>-122.2685</longitude>
							<latitude>37.8769</latitude>
							<altitude>280</altitude>
							<heading>6</heading>
							<tilt>77</tilt>
							<roll>0</roll>
							<altitudeMode>absolute</altitudeMode>
						</Camera>
					</gx:FlyTo>
					<gx:FlyTo>
						<gx:duration>3</gx:duration>
						<gx:flyToMode>smooth</gx:flyToMode>
						<Camera>
							<longitude>-122.2677</longitude>
							<latitude>37.8661</latitude>
							<altitude>300</altitude>
							<heading>110</heading>
							<tilt>78</tilt>
							<roll>0</roll>
							<altitudeMode>absolute</altitudeMode>
						</Camera>
					</gx:FlyTo>
					<gx:FlyTo>
						<gx:duration>5</gx:duration>
						<gx:flyToMode>smooth</gx:flyToMode>
						<Camera>
							<longitude>-122.279</longitude>
							<latitude>37.8676</latitude>
							<altitude>305</altitude>
							<heading>72</heading>
							<tilt>72</tilt>
							<roll>0</roll>
							<altitudeMode>absolute</altitudeMode>
						</Camera>
					</gx:FlyTo>
				</gx:Playlist>
			</gx:Tour>
		</Document>
		<Document>
			<name>Berkeley Housing Pipeline - Telegraph Shattuck Cedar Tour</name>
			<gx:Tour>
				<name>Telegraph Shattuck Cedar Tour-51</name>
				<gx:Playlist>
					<gx:FlyTo>
						<gx:duration>6</gx:duration>
						<Camera>
							<longitude>-122.2732</longitude>
							<latitude>37.869</latitude>
							<altitude>280</altitude>
							<heading>78</heading>
							<tilt>78</tilt>
							<roll>0</roll>
							<altitudeMode>absolute</altitudeMode>
						</Camera>
					</gx:FlyTo>
					<gx:FlyTo>
						<gx:duration>4</gx:duration>
						<gx:flyToMode>smooth</gx:flyToMode>
						<Camera>
							<longitude>-122.2623</longitude>
							<latitude>37.8652</latitude>
							<altitude>240</altitude>
							<heading>112</heading>
							<tilt>81</tilt>
							<roll>0</roll>
							<altitudeMode>absolute</altitudeMode>
						</Camera>
					</gx:FlyTo>
					<gx:FlyTo>
						<gx:duration>3</gx:duration>
						<gx:flyToMode>smooth</gx:flyToMode>
						<Camera>
							<longitude>-122.2598</longitude>
							<latitude>37.8656</latitude>
							<altitude>230</altitude>
							<heading>155</heading>
							<tilt>81</tilt>
							<roll>0</roll>
							<altitudeMode>absolute</altitudeMode>
						</Camera>
					</gx:FlyTo>
					<gx:FlyTo>
						<gx:duration>3</gx:duration>
						<gx:flyToMode>smooth</gx:flyToMode>
						<Camera>
							<longitude>-122.2598</longitude>
							<latitude>37.8656</latitude>
							<altitude>230</altitude>
							<heading>235</heading>
							<tilt>81</tilt>
							<roll>0</roll>
							<altitudeMode>absolute</altitudeMode>
						</Camera>
					</gx:FlyTo>
					<gx:FlyTo>
						<gx:duration>3</gx:duration>
						<gx:flyToMode>smooth</gx:flyToMode>
						<Camera>
							<longitude>-122.2598</longitude>
							<latitude>37.8656</latitude>
							<altitude>230</altitude>
							<heading>315</heading>
							<tilt>81</tilt>
							<roll>0</roll>
							<altitudeMode>absolute</altitudeMode>
						</Camera>
					</gx:FlyTo>
					<gx:Wait><gx:duration>5</gx:duration>
</gx:Wait>
					<gx:FlyTo>
						<gx:duration>4</gx:duration>
						<gx:flyToMode>smooth</gx:flyToMode>
						<Camera>
							<longitude>-122.2686</longitude>
							<latitude>37.8539</latitude>
							<altitude>182.88</altitude>
							<heading>350</heading>
							<tilt>78</tilt>
							<roll>0</roll>
							<altitudeMode>absolute</altitudeMode>
						</Camera>
					</gx:FlyTo>
					<gx:FlyTo>
						<gx:duration>6</gx:duration>
						<gx:flyToMode>smooth</gx:flyToMode>
						<Camera>
							<longitude>-122.2685</longitude>
							<latitude>37.8772</latitude>
							<altitude>182.88</altitude>
							<heading>358</heading>
							<tilt>78</tilt>
							<roll>0</roll>
							<altitudeMode>absolute</altitudeMode>
						</Camera>
					</gx:FlyTo>
					<gx:FlyTo>
						<gx:duration>3</gx:duration>
						<gx:flyToMode>smooth</gx:flyToMode>
						<Camera>
							<longitude>-122.2685</longitude>
							<latitude>37.8772</latitude>
							<altitude>182.88</altitude>
							<heading>178</heading>
							<tilt>76</tilt>
							<roll>0</roll>
							<altitudeMode>absolute</altitudeMode>
						</Camera>
					</gx:FlyTo>
					<gx:Wait><gx:duration>10</gx:duration>
</gx:Wait>
					<gx:FlyTo>
						<gx:duration>4</gx:duration>
						<gx:flyToMode>smooth</gx:flyToMode>
						<Camera>
							<longitude>-122.2733</longitude>
							<latitude>37.8701</latitude>
							<altitude>220</altitude>
							<heading>90</heading>
							<tilt>79</tilt>
							<roll>0</roll>
							<altitudeMode>absolute</altitudeMode>
						</Camera>
					</gx:FlyTo>
				</gx:Playlist>
			</gx:Tour>
		</Document>
		<Document>
			<name>Longer Corridors Tour-2</name>
			<open>1</open>
			<gx:Tour>
				<name>Longer Corridors Tour-200</name>
				<gx:Playlist>
					<gx:FlyTo>
						<gx:duration>7</gx:duration>
						<Camera>
							<longitude>-122.2733</longitude>
							<latitude>37.87</latitude>
							<altitude>240</altitude>
							<heading>88</heading>
							<tilt>80</tilt>
							<roll>0</roll>
							<altitudeMode>absolute</altitudeMode>
						</Camera>
					</gx:FlyTo>
					<gx:Wait><gx:duration>5</gx:duration>
</gx:Wait>
					<gx:FlyTo>
						<gx:duration>6</gx:duration>
						<gx:flyToMode>smooth</gx:flyToMode>
						<Camera>
							<longitude>-122.2618</longitude>
							<latitude>37.8654</latitude>
							<altitude>210</altitude>
							<heading>118</heading>
							<tilt>82</tilt>
							<roll>0</roll>
							<altitudeMode>absolute</altitudeMode>
						</Camera>
					</gx:FlyTo>
					<gx:FlyTo>
						<gx:duration>5</gx:duration>
						<gx:flyToMode>smooth</gx:flyToMode>
						<Camera>
							<longitude>-122.2598</longitude>
							<latitude>37.8656</latitude>
							<altitude>205</altitude>
							<heading>180</heading>
							<tilt>82</tilt>
							<roll>0</roll>
							<altitudeMode>absolute</altitudeMode>
						</Camera>
					</gx:FlyTo>
					<gx:FlyTo>
						<gx:duration>5</gx:duration>
						<gx:flyToMode>smooth</gx:flyToMode>
						<Camera>
							<longitude>-122.2598</longitude>
							<latitude>37.8656</latitude>
							<altitude>205</altitude>
							<heading>320</heading>
							<tilt>82</tilt>
							<roll>0</roll>
							<altitudeMode>absolute</altitudeMode>
						</Camera>
					</gx:FlyTo>
					<gx:Wait><gx:duration>6</gx:duration>
</gx:Wait>
					<gx:FlyTo>
						<gx:duration>6</gx:duration>
						<gx:flyToMode>smooth</gx:flyToMode>
						<Camera>
							<longitude>-122.263429</longitude>
							<latitude>37.849308</latitude>
							<altitude>182.88</altitude>
							<heading>338</heading>
							<tilt>80</tilt>
							<roll>0</roll>
							<altitudeMode>absolute</altitudeMode>
						</Camera>
					</gx:FlyTo>
					<gx:FlyTo>
						<gx:duration>10</gx:duration>
						<gx:flyToMode>smooth</gx:flyToMode>
						<Camera>
							<longitude>-122.263229</longitude>
							<latitude>37.8607</latitude>
							<altitude>182.88</altitude>
							<heading>350</heading>
							<tilt>80</tilt>
							<roll>0</roll>
							<altitudeMode>absolute</altitudeMode>
						</Camera>
					</gx:FlyTo>
					<gx:FlyTo>
						<gx:duration>12</gx:duration>
						<gx:flyToMode>smooth</gx:flyToMode>
						<Camera>
							<longitude>-122.262729</longitude>
							<latitude>37.881692</latitude>
							<altitude>182.88</altitude>
							<heading>2</heading>
							<tilt>79</tilt>
							<roll>0</roll>
							<altitudeMode>absolute</altitudeMode>
						</Camera>
					</gx:FlyTo>
					<gx:FlyTo>
						<gx:duration>5</gx:duration>
						<gx:flyToMode>smooth</gx:flyToMode>
						<Camera>
							<longitude>-122.262729</longitude>
							<latitude>37.881692</latitude>
							<altitude>182.88</altitude>
							<heading>182</heading>
							<tilt>77</tilt>
							<roll>0</roll>
							<altitudeMode>absolute</altitudeMode>
						</Camera>
					</gx:FlyTo>
					<gx:Wait><gx:duration>12</gx:duration>
</gx:Wait>
					<gx:FlyTo>
						<gx:duration>6</gx:duration>
						<gx:flyToMode>smooth</gx:flyToMode>
						<Camera>
							<longitude>-122.288</longitude>
							<latitude>37.868005</latitude>
							<altitude>195</altitude>
							<heading>88</heading>
							<tilt>81</tilt>
							<roll>0</roll>
							<altitudeMode>absolute</altitudeMode>
						</Camera>
					</gx:FlyTo>
					<gx:FlyTo>
						<gx:duration>4</gx:duration>
						<gx:flyToMode>smooth</gx:flyToMode>
						<Camera>
							<longitude>-122.285</longitude>
							<latitude>37.868005</latitude>
							<altitude>195</altitude>
							<heading>88</heading>
							<tilt>81</tilt>
							<roll>0</roll>
							<altitudeMode>absolute</altitudeMode>
						</Camera>
					</gx:FlyTo>
					<gx:Wait><gx:duration>8</gx:duration>
</gx:Wait>
					<gx:FlyTo>
						<gx:duration>6</gx:duration>
						<gx:flyToMode>smooth</gx:flyToMode>
						<Camera>
							<longitude>-122.2802</longitude>
							<latitude>37.868005</latitude>
							<altitude>195</altitude>
							<heading>88</heading>
							<tilt>81</tilt>
							<roll>0</roll>
							<altitudeMode>absolute</altitudeMode>
						</Camera>
					</gx:FlyTo>
					<gx:Wait><gx:duration>5</gx:duration>
</gx:Wait>
					<gx:FlyTo>
						<gx:duration>6</gx:duration>
						<gx:flyToMode>smooth</gx:flyToMode>
						<Camera>
							<longitude>-122.2756</longitude>
							<latitude>37.868005</latitude>
							<altitude>195</altitude>
							<heading>88</heading>
							<tilt>81</tilt>
							<roll>0</roll>
							<altitudeMode>absolute</altitudeMode>
						</Camera>
					</gx:FlyTo>
					<gx:Wait><gx:duration>5</gx:duration>
</gx:Wait>
					<gx:FlyTo>
						<gx:duration>6</gx:duration>
						<gx:flyToMode>smooth</gx:flyToMode>
						<Camera>
							<longitude>-122.2709</longitude>
							<latitude>37.868005</latitude>
							<altitude>195</altitude>
							<heading>88</heading>
							<tilt>81</tilt>
							<roll>0</roll>
							<altitudeMode>absolute</altitudeMode>
						</Camera>
					</gx:FlyTo>
					<gx:Wait><gx:duration>5</gx:duration>
</gx:Wait>
					<gx:FlyTo>
						<gx:duration>6</gx:duration>
						<gx:flyToMode>smooth</gx:flyToMode>
						<Camera>
							<longitude>-122.2679</longitude>
							<latitude>37.868005</latitude>
							<altitude>195</altitude>
							<heading>88</heading>
							<tilt>81</tilt>
							<roll>0</roll>
							<altitudeMode>absolute</altitudeMode>
						</Camera>
					</gx:FlyTo>
					<gx:Wait><gx:duration>5</gx:duration>
</gx:Wait>
					<gx:FlyTo>
						<gx:duration>6</gx:duration>
						<gx:flyToMode>smooth</gx:flyToMode>
						<Camera>
							<longitude>-122.2642</longitude>
							<latitude>37.868005</latitude>
							<altitude>195</altitude>
							<heading>88</heading>
							<tilt>81</tilt>
							<roll>0</roll>
							<altitudeMode>absolute</altitudeMode>
						</Camera>
					</gx:FlyTo>
					<gx:Wait><gx:duration>6</gx:duration>
</gx:Wait>
					<gx:FlyTo>
						<gx:duration>7</gx:duration>
						<gx:flyToMode>smooth</gx:flyToMode>
						<Camera>
							<longitude>-122.2892</longitude>
							<latitude>37.8529</latitude>
							<altitude>182.88</altitude>
							<heading>356</heading>
							<tilt>80</tilt>
							<roll>0</roll>
							<altitudeMode>absolute</altitudeMode>
						</Camera>
					</gx:FlyTo>
					<gx:FlyTo>
						<gx:duration>12</gx:duration>
						<gx:flyToMode>smooth</gx:flyToMode>
						<Camera>
							<longitude>-122.285</longitude>
							<latitude>37.868</latitude>
							<altitude>182.88</altitude>
							<heading>358</heading>
							<tilt>80</tilt>
							<roll>0</roll>
							<altitudeMode>absolute</altitudeMode>
						</Camera>
					</gx:FlyTo>
					<gx:Wait><gx:duration>6</gx:duration>
</gx:Wait>
					<gx:FlyTo>
						<gx:duration>10</gx:duration>
						<gx:flyToMode>smooth</gx:flyToMode>
						<Camera>
							<longitude>-122.2848</longitude>
							<latitude>37.8769</latitude>
							<altitude>182.88</altitude>
							<heading>2</heading>
							<tilt>79</tilt>
							<roll>0</roll>
							<altitudeMode>absolute</altitudeMode>
						</Camera>
					</gx:FlyTo>
					<gx:Wait><gx:duration>8</gx:duration>
</gx:Wait>
					<gx:FlyTo>
						<gx:duration>8</gx:duration>
						<gx:flyToMode>smooth</gx:flyToMode>
						<Camera>
							<longitude>-122.2732</longitude>
							<latitude>37.87</latitude>
							<altitude>210</altitude>
							<heading>90</heading>
							<tilt>80</tilt>
							<roll>0</roll>
							<altitudeMode>absolute</altitudeMode>
						</Camera>
					</gx:FlyTo>
					<gx:Wait><gx:duration>12</gx:duration>
</gx:Wait>
				</gx:Playlist>
			</gx:Tour>
		</Document>
		<Document>
			<name>Berkeley Housing Pipeline - 3D Skyline</name>
			<description>165 housing projects. Heights shown as stories × 3.5m. Generated 2026-04-24.</description>
			<Style id="style_Application_Submitted3">
				<LineStyle>
					<color>ff000000</color>
				</LineStyle>
				<PolyStyle>
					<color>ff00ffff</color>
				</PolyStyle>
			</Style>
			<Style id="style_Completed3">
				<LineStyle>
					<color>ff000000</color>
				</LineStyle>
				<PolyStyle>
					<color>ffff0000</color>
				</PolyStyle>
			</Style>
			<Style id="style_Decision_Pending3">
				<LineStyle>
					<color>ff000000</color>
				</LineStyle>
				<PolyStyle>
					<color>ff00ffff</color>
				</PolyStyle>
			</Style>
			<Style id="style_Entitled3">
				<LineStyle>
					<color>ff000000</color>
				</LineStyle>
				<PolyStyle>
					<color>ff0080ff</color>
				</PolyStyle>
			</Style>
			<Style id="style_In_Review11">
				<LineStyle>
					<color>ff000000</color>
				</LineStyle>
				<PolyStyle>
					<color>ff00ffff</color>
				</PolyStyle>
			</Style>
			<Style id="style_Permits_Active0">
				<LineStyle>
					<color>ff000000</color>
				</LineStyle>
				<PolyStyle>
					<color>ffffff00</color>
				</PolyStyle>
			</Style>
			<Style id="style_Pre_Application0">
				<LineStyle>
					<color>ff000000</color>
				</LineStyle>
				<PolyStyle>
					<color>ffc0c0c0</color>
				</PolyStyle>
			</Style>
			<Style id="style_Stalled0">
				<LineStyle>
					<color>ff000000</color>
				</LineStyle>
				<PolyStyle>
					<color>ff0000ff</color>
				</PolyStyle>
			</Style>
			<Style id="style_UC_Project6">
				<LineStyle>
					<width>3</width>
				</LineStyle>
				<PolyStyle>
					<color>ff00ecff</color>
				</PolyStyle>
			</Style>
			<Style id="style_Under_Construction6">
				<LineStyle>
					<color>ff000000</color>
				</LineStyle>
				<PolyStyle>
					<color>ff00ff00</color>
				</PolyStyle>
			</Style>
			<Style id="style_Unknown0">
				<LineStyle>
					<color>ff000000</color>
				</LineStyle>
				<PolyStyle>
					<color>ffc0c0c0</color>
				</PolyStyle>
			</Style>
			<Style id="style_Withdrawn0">
				<LineStyle>
					<color>ff000000</color>
				</LineStyle>
				<PolyStyle>
					<color>ff0000ff</color>
				</PolyStyle>
			</Style>
			<Folder>
				<name>Housing Projects</name>
				<Placemark>
					<name>2400 BOWDITCH St</name>
					<description><![CDATA[<b>2400 BOWDITCH St</b><br/><b>Units:</b> 750<br/><b>VLI Units:</b> 0<br/><b>Stories:</b> 26<br/><b>Height:</b> 85.3m<br/><b>Status:</b> Pre-Application<br/><b style='color:gold'>UC Berkeley Project</b>]]></description>
					<styleUrl>#style_UC_Project6</styleUrl>
					<Polygon>
						<extrude>1</extrude>
						<altitudeMode>relativeToGround</altitudeMode>
						<outerBoundaryIs>
							<LinearRing>
								<coordinates>
									-122.2566210475748,37.86683078872532,85.3 -122.2566895869981,37.86732319260183,85.3 -122.2573789524252,37.86716921127467,85.3 -122.2573104130019,37.86667680739816,85.3 -122.2566210475748,37.86683078872532,85.3 
								</coordinates>
							</LinearRing>
						</outerBoundaryIs>
					</Polygon>
				</Placemark>
				<Placemark>
					<name>2556 HASTE St</name>
					<description><![CDATA[<b>2556 HASTE St</b><br/><b>Units:</b> 556<br/><b>VLI Units:</b> 0<br/><b>Stories:</b> 12<br/><b>Height:</b> 40.2m<br/><b>Status:</b> Under Construction<br/><b style='color:gold'>UC Berkeley Project</b>]]></description>
					<styleUrl>#style_UC_Project6</styleUrl>
					<Polygon>
						<extrude>1</extrude>
						<altitudeMode>relativeToGround</altitudeMode>
						<outerBoundaryIs>
							<LinearRing>
								<coordinates>
									-122.25596,37.86538,40.2 -122.25596,37.86612,40.2 -122.2575,37.86612,40.2 -122.2575,37.86538,40.2 -122.25596,37.86538,40.2 
								</coordinates>
							</LinearRing>
						</outerBoundaryIs>
					</Polygon>
				</Placemark>
				<Placemark>
					<name>2200 BANCROFT Way</name>
					<description><![CDATA[<b>2200 BANCROFT Way</b><br/><b>Units:</b> 550<br/><b>VLI Units:</b> 0<br/><b>Stories:</b> 23<br/><b>Height:</b> 77.1m<br/><b>Status:</b> Under Construction<br/><b style='color:gold'>UC Berkeley Project</b>]]></description>
					<styleUrl>#style_UC_Project6</styleUrl>
					<Polygon>
						<extrude>1</extrude>
						<altitudeMode>relativeToGround</altitudeMode>
						<outerBoundaryIs>
							<LinearRing>
								<coordinates>
									-122.2653611526801,37.8672850931143,77.09999999999999 -122.2654159842187,37.8676790162155,77.09999999999999 -122.2658099073199,37.8675910268857,77.09999999999999 -122.2657550757813,37.86719710378449,77.09999999999999 -122.2653611526801,37.8672850931143,77.09999999999999 
								</coordinates>
							</LinearRing>
						</outerBoundaryIs>
					</Polygon>
				</Placemark>
				<Placemark>
					<name>1950 OXFORD St</name>
					<description><![CDATA[<b>1950 OXFORD St</b><br/><b>Units:</b> 300<br/><b>VLI Units:</b> 0<br/><b>Stories:</b> 14<br/><b>Height:</b> 46.9m<br/><b>Status:</b> Completed<br/><b style='color:gold'>UC Berkeley Project</b>]]></description>
					<styleUrl>#style_UC_Project6</styleUrl>
					<Polygon>
						<extrude>1</extrude>
						<altitudeMode>relativeToGround</altitudeMode>
						<outerBoundaryIs>
							<LinearRing>
								<coordinates>
									-122.2657756226801,37.8723470331143,46.9 -122.2658304542187,37.87274095621551,46.9 -122.2662243773199,37.8726529668857,46.9 -122.2661695457813,37.8722590437845,46.9 -122.2657756226801,37.8723470331143,46.9 
								</coordinates>
							</LinearRing>
						</outerBoundaryIs>
					</Polygon>
				</Placemark>
				<Placemark>
					<name>1750 SACRAMENTO St</name>
					<description><![CDATA[<b>1750 SACRAMENTO St</b><br/><b>Units:</b> 739<br/><b>VLI Units:</b> 0<br/><b>Stories:</b> 8<br/><b>Height:</b> 28.0m<br/><b>Status:</b> In Review]]></description>
					<styleUrl>#style_In_Review11</styleUrl>
					<Polygon>
						<extrude>1</extrude>
						<altitudeMode>relativeToGround</altitudeMode>
						<outerBoundaryIs>
							<LinearRing>
								<coordinates>
									-122.2827341566813,37.87415914726534,28 -122.2827889882199,37.87455307036655,28 -122.2831829113211,37.87446508103674,28 -122.2831280797825,37.87407115793553,28 -122.2827341566813,37.87415914726534,28 
								</coordinates>
							</LinearRing>
						</outerBoundaryIs>
					</Polygon>
				</Placemark>
				<Placemark>
					<name>Ashby BART</name>
					<description><![CDATA[<b>Ashby BART</b><br/><b>Units:</b> 618<br/><b>VLI Units:</b> 309<br/><b>Stories:</b> 20<br/><b>Height:</b> 70.0m<br/><b>Status:</b> Pre-Application<br/><i>(height estimated from units)</i>]]></description>
					<styleUrl>#style_Pre_Application0</styleUrl>
					<Polygon>
						<extrude>1</extrude>
						<altitudeMode>relativeToGround</altitudeMode>
						<outerBoundaryIs>
							<LinearRing>
								<coordinates>
									-122.2701756226801,37.8529470331143,70 -122.2702304542187,37.8533409562155,70 -122.2706243773199,37.8532529668857,70 -122.2705695457813,37.85285904378449,70 -122.2701756226801,37.8529470331143,70 
								</coordinates>
							</LinearRing>
						</outerBoundaryIs>
					</Polygon>
				</Placemark>
				<Placemark>
					<name>1974 SHATTUCK Ave</name>
					<description><![CDATA[<b>1974 SHATTUCK Ave</b><br/><b>Units:</b> 599<br/><b>VLI Units:</b> 58<br/><b>Stories:</b> 28<br/><b>Height:</b> 98.0m<br/><b>Status:</b> Entitled]]></description>
					<styleUrl>#style_Entitled3</styleUrl>
					<Polygon>
						<extrude>1</extrude>
						<altitudeMode>relativeToGround</altitudeMode>
						<outerBoundaryIs>
							<LinearRing>
								<coordinates>
									-122.2685761926801,37.8724736531143,98.00000000000001 -122.2686310242187,37.8728675762155,98.00000000000001 -122.2690249473199,37.8727795868857,98.00000000000001 -122.2689701157813,37.87238566378449,98.00000000000001 -122.2685761926801,37.8724736531143,98.00000000000001 
								</coordinates>
							</LinearRing>
						</outerBoundaryIs>
					</Polygon>
				</Placemark>
				<Placemark>
					<name>2128 Oxford St</name>
					<description><![CDATA[<b>2128 Oxford St</b><br/><b>Units:</b> 485<br/><b>VLI Units:</b> 47<br/><b>Stories:</b> 26<br/><b>Height:</b> 91.0m<br/><b>Status:</b> Entitled]]></description>
					<styleUrl>#style_Entitled3</styleUrl>
					<Polygon>
						<extrude>1</extrude>
						<altitudeMode>relativeToGround</altitudeMode>
						<outerBoundaryIs>
							<LinearRing>
								<coordinates>
									-122.2659642026801,37.8701123031143,91 -122.2660190342187,37.8705062262155,91 -122.2664129573199,37.8704182368857,91 -122.2663581257813,37.87002431378449,91 -122.2659642026801,37.8701123031143,91 
								</coordinates>
							</LinearRing>
						</outerBoundaryIs>
					</Polygon>
				</Placemark>
				<Placemark>
					<name>2190 SHATTUCK Ave</name>
					<description><![CDATA[<b>2190 SHATTUCK Ave</b><br/><b>Units:</b> 452<br/><b>VLI Units:</b> 0<br/><b>Stories:</b> 34<br/><b>Height:</b> 119.0m<br/><b>Status:</b> In Review]]></description>
					<styleUrl>#style_In_Review11</styleUrl>
					<Polygon>
						<extrude>1</extrude>
						<altitudeMode>relativeToGround</altitudeMode>
						<outerBoundaryIs>
							<LinearRing>
								<coordinates>
									-122.2684217070945,37.86933563737885,119 -122.2684765386332,37.86972956048006,119 -122.2688704617344,37.86964157115025,119 -122.2688156301957,37.86924764804905,119 -122.2684217070945,37.86933563737885,119 
								</coordinates>
							</LinearRing>
						</outerBoundaryIs>
					</Polygon>
				</Placemark>
				<Placemark>
					<name>2700 SHATTUCK Ave</name>
					<description><![CDATA[<b>2700 SHATTUCK Ave</b><br/><b>Units:</b> 359<br/><b>VLI Units:</b> 0<br/><b>Stories:</b> 15<br/><b>Height:</b> 52.5m<br/><b>Status:</b> In Review<br/><i>(height estimated from units)</i>]]></description>
					<styleUrl>#style_In_Review11</styleUrl>
					<Polygon>
						<extrude>1</extrude>
						<altitudeMode>relativeToGround</altitudeMode>
						<outerBoundaryIs>
							<LinearRing>
								<coordinates>
									-122.267603661671,37.85962727478071,52.5 -122.2676584932096,37.86002119788191,52.5 -122.2680524163108,37.85993320855211,52.5 -122.2679975847722,37.8595392854509,52.5 -122.267603661671,37.85962727478071,52.5 
								</coordinates>
							</LinearRing>
						</outerBoundaryIs>
					</Polygon>
				</Placemark>
				<Placemark>
					<name>2276 SHATTUCK Ave</name>
					<description><![CDATA[<b>2276 SHATTUCK Ave</b><br/><b>Units:</b> 336<br/><b>VLI Units:</b> 0<br/><b>Stories:</b> 18<br/><b>Height:</b> 63.0m<br/><b>Status:</b> In Review]]></description>
					<styleUrl>#style_In_Review11</styleUrl>
					<Polygon>
						<extrude>1</extrude>
						<altitudeMode>relativeToGround</altitudeMode>
						<outerBoundaryIs>
							<LinearRing>
								<coordinates>
									-122.2680159641318,37.86758473560496,63 -122.2680707956705,37.86797865870616,63 -122.2684647187717,37.86789066937636,63 -122.268409887233,37.86749674627515,63 -122.2680159641318,37.86758473560496,63 
								</coordinates>
							</LinearRing>
						</outerBoundaryIs>
					</Polygon>
				</Placemark>
				<Placemark>
					<name>2274 SHATTUCK Ave</name>
					<description><![CDATA[<b>2274 SHATTUCK Ave</b><br/><b>Units:</b> 299<br/><b>VLI Units:</b> 0<br/><b>Stories:</b> 17<br/><b>Height:</b> 59.5m<br/><b>Status:</b> Entitled]]></description>
					<styleUrl>#style_Entitled3</styleUrl>
					<Polygon>
						<extrude>1</extrude>
						<altitudeMode>relativeToGround</altitudeMode>
						<outerBoundaryIs>
							<LinearRing>
								<coordinates>
									-122.2683393626801,37.8676702731143,59.5 -122.2683941942187,37.86806419621551,59.5 -122.2687881173199,37.8679762068857,59.5 -122.2687332857813,37.86758228378449,59.5 -122.2683393626801,37.8676702731143,59.5 
								</coordinates>
							</LinearRing>
						</outerBoundaryIs>
					</Polygon>
				</Placemark>
				<Placemark>
					<name>1914 FIFTH St</name>
					<description><![CDATA[<b>1914 FIFTH St</b><br/><b>Units:</b> 257<br/><b>VLI Units:</b> 26<br/><b>Stories:</b> 15<br/><b>Height:</b> 52.5m<br/><b>Status:</b> In Review<br/><i>(height estimated from units)</i>]]></description>
					<styleUrl>#style_In_Review11</styleUrl>
					<Polygon>
						<extrude>1</extrude>
						<altitudeMode>relativeToGround</altitudeMode>
						<outerBoundaryIs>
							<LinearRing>
								<coordinates>
									-122.2990715463606,37.86807704770219,52.5 -122.2991263778993,37.86847097080339,52.5 -122.2995203010005,37.86838298147359,52.5 -122.2994654694618,37.86798905837238,52.5 -122.2990715463606,37.86807704770219,52.5 
								</coordinates>
							</LinearRing>
						</outerBoundaryIs>
					</Polygon>
				</Placemark>
				<Placemark>
					<name>2029 UNIVERSITY Ave</name>
					<description><![CDATA[<b>2029 UNIVERSITY Ave</b><br/><b>Units:</b> 240<br/><b>VLI Units:</b> 0<br/><b>Stories:</b> 23<br/><b>Height:</b> 78.0m<br/><b>Status:</b> Entitled]]></description>
					<styleUrl>#style_Entitled3</styleUrl>
					<Polygon>
						<extrude>1</extrude>
						<altitudeMode>relativeToGround</altitudeMode>
						<outerBoundaryIs>
							<LinearRing>
								<coordinates>
									-122.2696137202726,37.87210883620765,78 -122.2696685518112,37.87250275930886,78 -122.2700624749125,37.87241476997905,78 -122.2700076433738,37.87202084687785,78 -122.2696137202726,37.87210883620765,78 
								</coordinates>
							</LinearRing>
						</outerBoundaryIs>
					</Polygon>
				</Placemark>
				<Placemark>
					<name>2601 SAN PABLO Ave</name>
					<description><![CDATA[<b>2601 SAN PABLO Ave</b><br/><b>Units:</b> 223<br/><b>VLI Units:</b> 0<br/><b>Stories:</b> 8<br/><b>Height:</b> 28.0m<br/><b>Status:</b> In Review]]></description>
					<styleUrl>#style_In_Review11</styleUrl>
					<Polygon>
						<extrude>1</extrude>
						<altitudeMode>relativeToGround</altitudeMode>
						<outerBoundaryIs>
							<LinearRing>
								<coordinates>
									-122.2884391082174,37.85911467662829,28 -122.288493939756,37.8595085997295,28 -122.2888878628572,37.8594206103997,28 -122.2888330313186,37.85902668729849,28 -122.2884391082174,37.85911467662829,28 
								</coordinates>
							</LinearRing>
						</outerBoundaryIs>
					</Polygon>
				</Placemark>
				<Placemark>
					<name>2920 SHATTUCK Ave</name>
					<description><![CDATA[<b>2920 SHATTUCK Ave</b><br/><b>Units:</b> 221<br/><b>VLI Units:</b> 0<br/><b>Stories:</b> 10<br/><b>Height:</b> 35.0m<br/><b>Status:</b> In Review]]></description>
					<styleUrl>#style_In_Review11</styleUrl>
					<Polygon>
						<extrude>1</extrude>
						<altitudeMode>relativeToGround</altitudeMode>
						<outerBoundaryIs>
							<LinearRing>
								<coordinates>
									-122.2667076325992,37.8561943331614,35 -122.2667624641379,37.85658825626261,35 -122.2671563872391,37.85650026693281,35 -122.2671015557004,37.8561063438316,35 -122.2667076325992,37.8561943331614,35 
								</coordinates>
							</LinearRing>
						</outerBoundaryIs>
					</Polygon>
				</Placemark>
				<Placemark>
					<name>1899 OXFORD St</name>
					<description><![CDATA[<b>1899 OXFORD St</b><br/><b>Units:</b> 212<br/><b>VLI Units:</b> 0<br/><b>Stories:</b> 7<br/><b>Height:</b> 23.8m<br/><b>Status:</b> Decision Pending]]></description>
					<styleUrl>#style_Decision_Pending3</styleUrl>
					<Polygon>
						<extrude>1</extrude>
						<altitudeMode>relativeToGround</altitudeMode>
						<outerBoundaryIs>
							<LinearRing>
								<coordinates>
									-122.2658346435179,37.87434304479478,23.8 -122.2658894750565,37.87473696789598,23.8 -122.2662833981577,37.87464897856618,23.8 -122.2662285666191,37.87425505546497,23.8 -122.2658346435179,37.87434304479478,23.8 
								</coordinates>
							</LinearRing>
						</outerBoundaryIs>
					</Polygon>
				</Placemark>
				<Placemark>
					<name>1598 UNIVERSITY Ave</name>
					<description><![CDATA[<b>1598 UNIVERSITY Ave</b><br/><b>Units:</b> 207<br/><b>VLI Units:</b> 21<br/><b>Stories:</b> 8<br/><b>Height:</b> 28.0m<br/><b>Status:</b> Under Construction]]></description>
					<styleUrl>#style_Under_Construction6</styleUrl>
					<Polygon>
						<extrude>1</extrude>
						<altitudeMode>relativeToGround</altitudeMode>
						<outerBoundaryIs>
							<LinearRing>
								<coordinates>
									-122.2797814426801,37.8701762431143,28 -122.2798362742187,37.87057016621551,28 -122.2802301973199,37.8704821768857,28 -122.2801753657813,37.87008825378449,28 -122.2797814426801,37.8701762431143,28 
								</coordinates>
							</LinearRing>
						</outerBoundaryIs>
					</Polygon>
				</Placemark>
				<Placemark>
					<name>2100 MILVIA St</name>
					<description><![CDATA[<b>2100 MILVIA St</b><br/><b>Units:</b> 205<br/><b>VLI Units:</b> 0<br/><b>Stories:</b> 15<br/><b>Height:</b> 52.5m<br/><b>Status:</b> Entitled<br/><i>(height estimated from units)</i>]]></description>
					<styleUrl>#style_Entitled3</styleUrl>
					<Polygon>
						<extrude>1</extrude>
						<altitudeMode>relativeToGround</altitudeMode>
						<outerBoundaryIs>
							<LinearRing>
								<coordinates>
									-122.2706772826801,37.8705158631143,52.5 -122.2707321142187,37.87090978621551,52.5 -122.2711260373199,37.8708217968857,52.5 -122.2710712057813,37.87042787378449,52.5 -122.2706772826801,37.8705158631143,52.5 
								</coordinates>
							</LinearRing>
						</outerBoundaryIs>
					</Polygon>
				</Placemark>
				<Placemark>
					<name>3000 SHATTUCK Ave</name>
					<description><![CDATA[<b>3000 SHATTUCK Ave</b><br/><b>Units:</b> 166<br/><b>VLI Units:</b> 17<br/><b>Stories:</b> 10<br/><b>Height:</b> 34.7m<br/><b>Status:</b> In Review]]></description>
					<styleUrl>#style_In_Review11</styleUrl>
					<Polygon>
						<extrude>1</extrude>
						<altitudeMode>relativeToGround</altitudeMode>
						<outerBoundaryIs>
							<LinearRing>
								<coordinates>
									-122.2665476642067,37.85485513148993,34.7 -122.2666024957453,37.85524905459114,34.7 -122.2669964188465,37.85516106526133,34.7 -122.2669415873079,37.85476714216013,34.7 -122.2665476642067,37.85485513148993,34.7 
								</coordinates>
							</LinearRing>
						</outerBoundaryIs>
					</Polygon>
				</Placemark>
				<Placemark>
					<name>1581 UNIVERSITY Ave</name>
					<description><![CDATA[<b>1581 UNIVERSITY Ave</b><br/><b>Units:</b> 158<br/><b>VLI Units:</b> 0<br/><b>Stories:</b> 7<br/><b>Height:</b> 48.2m<br/><b>Status:</b> In Review]]></description>
					<styleUrl>#style_In_Review11</styleUrl>
					<Polygon>
						<extrude>1</extrude>
						<altitudeMode>relativeToGround</altitudeMode>
						<outerBoundaryIs>
							<LinearRing>
								<coordinates>
									-122.2804238829083,37.87072978856681,48.2 -122.2804787144469,37.87112371166801,48.2 -122.2808726375481,37.87103572233821,48.2 -122.2808178060095,37.870641799237,48.2 -122.2804238829083,37.87072978856681,48.2 
								</coordinates>
							</LinearRing>
						</outerBoundaryIs>
					</Polygon>
				</Placemark>
				<Placemark>
					<name>2115 KITTREDGE St</name>
					<description><![CDATA[<b>2115 KITTREDGE St</b><br/><b>Units:</b> 148<br/><b>VLI Units:</b> 12<br/><b>Stories:</b> 10<br/><b>Height:</b> 35.0m<br/><b>Status:</b> Application Submitted<br/><i>(height estimated from units)</i>]]></description>
					<styleUrl>#style_Application_Submitted3</styleUrl>
					<Polygon>
						<extrude>1</extrude>
						<altitudeMode>relativeToGround</altitudeMode>
						<outerBoundaryIs>
							<LinearRing>
								<coordinates>
									-122.2669589111471,37.8687039305853,35 -122.2670137426857,37.8690978536865,35 -122.267407665787,37.8690098643567,35 -122.2673528342483,37.86861594125549,35 -122.2669589111471,37.8687039305853,35 
								</coordinates>
							</LinearRing>
						</outerBoundaryIs>
					</Polygon>
				</Placemark>
				<Placemark>
					<name>3030 TELEGRAPH Ave</name>
					<description><![CDATA[<b>3030 TELEGRAPH Ave</b><br/><b>Units:</b> 144<br/><b>VLI Units:</b> 0<br/><b>Stories:</b> 10<br/><b>Height:</b> 35.0m<br/><b>Status:</b> Under Construction<br/><i>(height estimated from units)</i>]]></description>
					<styleUrl>#style_Under_Construction6</styleUrl>
					<Polygon>
						<extrude>1</extrude>
						<altitudeMode>relativeToGround</altitudeMode>
						<outerBoundaryIs>
							<LinearRing>
								<coordinates>
									-122.2601209226801,37.8546743731143,35 -122.2601757542187,37.85506829621551,35 -122.2605696773199,37.8549803068857,35 -122.2605148457813,37.85458638378449,35 -122.2601209226801,37.8546743731143,35 
								</coordinates>
							</LinearRing>
						</outerBoundaryIs>
					</Polygon>
				</Placemark>
				<Placemark>
					<name>2420 SHATTUCK Ave</name>
					<description><![CDATA[<b>2420 SHATTUCK Ave</b><br/><b>Units:</b> 132<br/><b>VLI Units:</b> 0<br/><b>Stories:</b> 17<br/><b>Height:</b> 59.5m<br/><b>Status:</b> In Review]]></description>
					<styleUrl>#style_In_Review11</styleUrl>
					<Polygon>
						<extrude>1</extrude>
						<altitudeMode>relativeToGround</altitudeMode>
						<outerBoundaryIs>
							<LinearRing>
								<coordinates>
									-122.2677644106995,37.86513535701611,59.5 -122.2678192422381,37.86552928011731,59.5 -122.2682131653393,37.86544129078751,59.5 -122.2681583338007,37.8650473676863,59.5 -122.2677644106995,37.86513535701611,59.5 
								</coordinates>
							</LinearRing>
						</outerBoundaryIs>
					</Polygon>
				</Placemark>
				<Placemark>
					<name>2847 SHATTUCK Ave</name>
					<description><![CDATA[<b>2847 SHATTUCK Ave</b><br/><b>Units:</b> 132<br/><b>VLI Units:</b> 0<br/><b>Stories:</b> 9<br/><b>Height:</b> 41.5m<br/><b>Status:</b> Application Submitted]]></description>
					<styleUrl>#style_Application_Submitted3</styleUrl>
					<Polygon>
						<extrude>1</extrude>
						<altitudeMode>relativeToGround</altitudeMode>
						<outerBoundaryIs>
							<LinearRing>
								<coordinates>
									-122.2661615197886,37.85682480314181,41.5 -122.2662163513272,37.85721872624302,41.5 -122.2666102744284,37.85713073691321,41.5 -122.2665554428898,37.85673681381201,41.5 -122.2661615197886,37.85682480314181,41.5 
								</coordinates>
							</LinearRing>
						</outerBoundaryIs>
					</Polygon>
				</Placemark>
				<Placemark>
					<name>2109 VIRGINIA St</name>
					<description><![CDATA[<b>2109 VIRGINIA St</b><br/><b>Units:</b> 131<br/><b>VLI Units:</b> 0<br/><b>Stories:</b> 2<br/><b>Height:</b> 39.9m<br/><b>Status:</b> Entitled]]></description>
					<styleUrl>#style_Entitled3</styleUrl>
					<Polygon>
						<extrude>1</extrude>
						<altitudeMode>relativeToGround</altitudeMode>
						<outerBoundaryIs>
							<LinearRing>
								<coordinates>
									-122.2682993107388,37.87662460965196,39.9 -122.2683541422774,37.87701853275317,39.9 -122.2687480653786,37.87693054342336,39.9 -122.26869323384,37.87653662032216,39.9 -122.2682993107388,37.87662460965196,39.9 
								</coordinates>
							</LinearRing>
						</outerBoundaryIs>
					</Polygon>
				</Placemark>
				<Placemark>
					<name>2136 SAN PABLO Ave</name>
					<description><![CDATA[<b>2136 SAN PABLO Ave</b><br/><b>Units:</b> 125<br/><b>VLI Units:</b> 10<br/><b>Stories:</b> 6<br/><b>Height:</b> 21.0m<br/><b>Status:</b> Entitled]]></description>
					<styleUrl>#style_Entitled3</styleUrl>
					<Polygon>
						<extrude>1</extrude>
						<altitudeMode>relativeToGround</altitudeMode>
						<outerBoundaryIs>
							<LinearRing>
								<coordinates>
									-122.2916125026801,37.8667419331143,21 -122.2916673342187,37.8671358562155,21 -122.2920612573199,37.8670478668857,21 -122.2920064257813,37.86665394378449,21 -122.2916125026801,37.8667419331143,21 
								</coordinates>
							</LinearRing>
						</outerBoundaryIs>
					</Polygon>
				</Placemark>
				<Placemark>
					<name>2425 DURANT Ave</name>
					<description><![CDATA[<b>2425 DURANT Ave</b><br/><b>Units:</b> 117<br/><b>VLI Units:</b> 0<br/><b>Stories:</b> 20<br/><b>Height:</b> 61.0m<br/><b>Status:</b> Decision Pending]]></description>
					<styleUrl>#style_Decision_Pending3</styleUrl>
					<Polygon>
						<extrude>1</extrude>
						<altitudeMode>relativeToGround</altitudeMode>
						<outerBoundaryIs>
							<LinearRing>
								<coordinates>
									-122.2599174389448,37.8677977156807,61 -122.2599722704834,37.86819163878191,61 -122.2603661935846,37.8681036494521,61 -122.260311362046,37.8677097263509,61 -122.2599174389448,37.8677977156807,61 
								</coordinates>
							</LinearRing>
						</outerBoundaryIs>
					</Polygon>
				</Placemark>
				<Placemark>
					<name>2720 SAN PABLO Ave</name>
					<description><![CDATA[<b>2720 SAN PABLO Ave</b><br/><b>Units:</b> 113<br/><b>VLI Units:</b> 9<br/><b>Stories:</b> 10<br/><b>Height:</b> 35.7m<br/><b>Status:</b> In Review<br/><i>(height estimated from units)</i>]]></description>
					<styleUrl>#style_In_Review11</styleUrl>
					<Polygon>
						<extrude>1</extrude>
						<altitudeMode>relativeToGround</altitudeMode>
						<outerBoundaryIs>
							<LinearRing>
								<coordinates>
									-122.2884664322734,37.85715737035902,35.7 -122.288521263812,37.85755129346023,35.7 -122.2889151869132,37.85746330413042,35.7 -122.2888603553746,37.85706938102921,35.7 -122.2884664322734,37.85715737035902,35.7 
								</coordinates>
							</LinearRing>
						</outerBoundaryIs>
					</Polygon>
				</Placemark>
				<Placemark>
					<name>2530 BANCROFT Way</name>
					<description><![CDATA[<b>2530 BANCROFT Way</b><br/><b>Units:</b> 110<br/><b>VLI Units:</b> 11<br/><b>Stories:</b> 12<br/><b>Height:</b> 42.0m<br/><b>Status:</b> Entitled]]></description>
					<styleUrl>#style_Entitled3</styleUrl>
					<Polygon>
						<extrude>1</extrude>
						<altitudeMode>relativeToGround</altitudeMode>
						<outerBoundaryIs>
							<LinearRing>
								<coordinates>
									-122.2580235026801,37.8683939931143,42 -122.2580783342187,37.86878791621551,42 -122.2584722573199,37.8686999268857,42 -122.2584174257813,37.8683060037845,42 -122.2580235026801,37.8683939931143,42 
								</coordinates>
							</LinearRing>
						</outerBoundaryIs>
					</Polygon>
				</Placemark>
				<Placemark>
					<name>1701 SAN PABLO Ave</name>
					<description><![CDATA[<b>1701 SAN PABLO Ave</b><br/><b>Units:</b> 110<br/><b>VLI Units:</b> 110<br/><b>Stories:</b> 10<br/><b>Height:</b> 35.0m<br/><b>Status:</b> Under Construction<br/><i>(height estimated from units)</i>]]></description>
					<styleUrl>#style_Under_Construction6</styleUrl>
					<Polygon>
						<extrude>1</extrude>
						<altitudeMode>relativeToGround</altitudeMode>
						<outerBoundaryIs>
							<LinearRing>
								<coordinates>
									-122.2924956226801,37.8726670331143,35 -122.2925504542187,37.8730609562155,35 -122.2929443773199,37.8729729668857,35 -122.2928895457813,37.87257904378449,35 -122.2924956226801,37.8726670331143,35 
								</coordinates>
							</LinearRing>
						</outerBoundaryIs>
					</Polygon>
				</Placemark>
				<Placemark>
					<name>2109 MILVIA St</name>
					<description><![CDATA[<b>2109 MILVIA St</b><br/><b>Units:</b> 105<br/><b>VLI Units:</b> 0<br/><b>Stories:</b> 14<br/><b>Height:</b> 49.0m<br/><b>Status:</b> In Review]]></description>
					<styleUrl>#style_In_Review11</styleUrl>
					<Polygon>
						<extrude>1</extrude>
						<altitudeMode>relativeToGround</altitudeMode>
						<outerBoundaryIs>
							<LinearRing>
								<coordinates>
									-122.2701167355092,37.87042653844735,49.00000000000001 -122.2701715670478,37.87082046154856,49.00000000000001 -122.270565490149,37.87073247221876,49.00000000000001 -122.2705106586104,37.87033854911755,49.00000000000001 -122.2701167355092,37.87042653844735,49.00000000000001 
								</coordinates>
							</LinearRing>
						</outerBoundaryIs>
					</Polygon>
				</Placemark>
				<Placemark>
					<name>2198 SAN PABLO Ave</name>
					<description><![CDATA[<b>2198 SAN PABLO Ave</b><br/><b>Units:</b> 100<br/><b>VLI Units:</b> 0<br/><b>Stories:</b> 7<br/><b>Height:</b> 24.5m<br/><b>Status:</b> Entitled]]></description>
					<styleUrl>#style_Entitled3</styleUrl>
					<Polygon>
						<extrude>1</extrude>
						<altitudeMode>relativeToGround</altitudeMode>
						<outerBoundaryIs>
							<LinearRing>
								<coordinates>
									-122.2914375526801,37.8663828731143,24.5 -122.2914923842187,37.8667767962155,24.5 -122.2918863073199,37.8666888068857,24.5 -122.2918314757813,37.86629488378449,24.5 -122.2914375526801,37.8663828731143,24.5 
								</coordinates>
							</LinearRing>
						</outerBoundaryIs>
					</Polygon>
				</Placemark>
				<Placemark>
					<name>2655 SHATTUCK Ave</name>
					<description><![CDATA[<b>2655 SHATTUCK Ave</b><br/><b>Units:</b> 97<br/><b>VLI Units:</b> 0<br/><b>Stories:</b> 8<br/><b>Height:</b> 25.9m<br/><b>Status:</b> Decision Pending]]></description>
					<styleUrl>#style_Decision_Pending3</styleUrl>
					<Polygon>
						<extrude>1</extrude>
						<altitudeMode>relativeToGround</altitudeMode>
						<outerBoundaryIs>
							<LinearRing>
								<coordinates>
									-122.2662166493975,37.86053768664379,25.9 -122.2662714809362,37.86093160974499,25.9 -122.2666654040374,37.86084362041519,25.9 -122.2666105724987,37.86044969731398,25.9 -122.2662166493975,37.86053768664379,25.9 
								</coordinates>
							</LinearRing>
						</outerBoundaryIs>
					</Polygon>
				</Placemark>
				<Placemark>
					<name>2450 SHATTUCK Ave</name>
					<description><![CDATA[<b>2450 SHATTUCK Ave</b><br/><b>Units:</b> 94<br/><b>VLI Units:</b> 0<br/><b>Stories:</b> 7<br/><b>Height:</b> 24.5m<br/><b>Status:</b> In Review<br/><i>(height estimated from units)</i>]]></description>
					<styleUrl>#style_In_Review11</styleUrl>
					<Polygon>
						<extrude>1</extrude>
						<altitudeMode>relativeToGround</altitudeMode>
						<outerBoundaryIs>
							<LinearRing>
								<coordinates>
									-122.2677264029798,37.86441575942104,24.5 -122.2677812345184,37.86480968252224,24.5 -122.2681751576196,37.86472169319244,24.5 -122.268120326081,37.86432777009123,24.5 -122.2677264029798,37.86441575942104,24.5 
								</coordinates>
							</LinearRing>
						</outerBoundaryIs>
					</Polygon>
				</Placemark>
				<Placemark>
					<name>2001 ASHBY Ave</name>
					<description><![CDATA[<b>2001 ASHBY Ave</b><br/><b>Units:</b> 87<br/><b>VLI Units:</b> 86<br/><b>Stories:</b> 1<br/><b>Height:</b> 3.5m<br/><b>Status:</b> Completed]]></description>
					<styleUrl>#style_Completed3</styleUrl>
					<Polygon>
						<extrude>1</extrude>
						<altitudeMode>relativeToGround</altitudeMode>
						<outerBoundaryIs>
							<LinearRing>
								<coordinates>
									-122.2680976126801,37.8552642631143,3.5 -122.2681524442187,37.85565818621551,3.5 -122.2685463673199,37.8555701968857,3.5 -122.2684915357813,37.85517627378449,3.5 -122.2680976126801,37.8552642631143,3.5 
								</coordinates>
							</LinearRing>
						</outerBoundaryIs>
					</Polygon>
				</Placemark>
				<Placemark>
					<name>2036 BANCROFT Way</name>
					<description><![CDATA[<b>2036 BANCROFT Way</b><br/><b>Units:</b> 85<br/><b>VLI Units:</b> 4<br/><b>Stories:</b> 8<br/><b>Height:</b> 25.9m<br/><b>Status:</b> In Review]]></description>
					<styleUrl>#style_In_Review11</styleUrl>
					<Polygon>
						<extrude>1</extrude>
						<altitudeMode>relativeToGround</altitudeMode>
						<outerBoundaryIs>
							<LinearRing>
								<coordinates>
									-122.2682922832183,37.86707788027578,25.9 -122.2683471147569,37.86747180337699,25.9 -122.2687410378581,37.86738381404718,25.9 -122.2686862063195,37.86698989094597,25.9 -122.2682922832183,37.86707788027578,25.9 
								</coordinates>
							</LinearRing>
						</outerBoundaryIs>
					</Polygon>
				</Placemark>
				<Placemark>
					<name>1700 SACRAMENTO St</name>
					<description><![CDATA[<b>1700 SACRAMENTO St</b><br/><b>Units:</b> 85<br/><b>VLI Units:</b> 0<br/><b>Stories:</b> 7<br/><b>Height:</b> 24.5m<br/><b>Status:</b> In Review<br/><i>(height estimated from units)</i>]]></description>
					<styleUrl>#style_In_Review11</styleUrl>
					<Polygon>
						<extrude>1</extrude>
						<altitudeMode>relativeToGround</altitudeMode>
						<outerBoundaryIs>
							<LinearRing>
								<coordinates>
									-122.2819457326801,37.8745306131143,24.5 -122.2820005642187,37.87492453621551,24.5 -122.2823944873199,37.8748365468857,24.5 -122.2823396557813,37.8744426237845,24.5 -122.2819457326801,37.8745306131143,24.5 
								</coordinates>
							</LinearRing>
						</outerBoundaryIs>
					</Polygon>
				</Placemark>
				<Placemark>
					<name>2538 DURANT Ave</name>
					<description><![CDATA[<b>2538 DURANT Ave</b><br/><b>Units:</b> 83<br/><b>VLI Units:</b> 5<br/><b>Stories:</b> 8<br/><b>Height:</b> 28.0m<br/><b>Status:</b> Under Construction]]></description>
					<styleUrl>#style_Under_Construction6</styleUrl>
					<Polygon>
						<extrude>1</extrude>
						<altitudeMode>relativeToGround</altitudeMode>
						<outerBoundaryIs>
							<LinearRing>
								<coordinates>
									-122.2569511826801,37.8676045631143,28 -122.2570060142187,37.86799848621551,28 -122.2573999373199,37.8679104968857,28 -122.2573451057813,37.86751657378449,28 -122.2569511826801,37.8676045631143,28 
								</coordinates>
							</LinearRing>
						</outerBoundaryIs>
					</Polygon>
				</Placemark>
				<Placemark>
					<name>1708 HARMON St</name>
					<description><![CDATA[<b>1708 HARMON St</b><br/><b>Units:</b> 80<br/><b>VLI Units:</b> 80<br/><b>Stories:</b> 5<br/><b>Height:</b> 17.5m<br/><b>Status:</b> Permits Active]]></description>
					<styleUrl>#style_Permits_Active0</styleUrl>
					<Polygon>
						<extrude>1</extrude>
						<altitudeMode>relativeToGround</altitudeMode>
						<outerBoundaryIs>
							<LinearRing>
								<coordinates>
									-122.2730683526801,37.8488149531143,17.5 -122.2731231842187,37.84920887621551,17.5 -122.2735171073199,37.8491208868857,17.5 -122.2734622757813,37.84872696378449,17.5 -122.2730683526801,37.8488149531143,17.5 
								</coordinates>
							</LinearRing>
						</outerBoundaryIs>
					</Polygon>
				</Placemark>
				<Placemark>
					<name>2680 BANCROFT Way</name>
					<description><![CDATA[<b>2680 BANCROFT Way</b><br/><b>Units:</b> 79<br/><b>VLI Units:</b> 9<br/><b>Stories:</b> 8<br/><b>Height:</b> 28.0m<br/><b>Status:</b> Entitled]]></description>
					<styleUrl>#style_Entitled3</styleUrl>
					<Polygon>
						<extrude>1</extrude>
						<altitudeMode>relativeToGround</altitudeMode>
						<outerBoundaryIs>
							<LinearRing>
								<coordinates>
									-122.254711632703,37.86882424421976,28 -122.2547664642416,37.86921816732097,28 -122.2551603873429,37.86913017799116,28 -122.2551055558042,37.86873625488995,28 -122.254711632703,37.86882424421976,28 
								</coordinates>
							</LinearRing>
						</outerBoundaryIs>
					</Polygon>
				</Placemark>
				<Placemark>
					<name>2660 BANCROFT Way</name>
					<description><![CDATA[<b>2660 BANCROFT Way</b><br/><b>Units:</b> 78<br/><b>VLI Units:</b> 0<br/><b>Stories:</b> 8<br/><b>Height:</b> 28.0m<br/><b>Status:</b> Application Submitted]]></description>
					<styleUrl>#style_Application_Submitted3</styleUrl>
					<Polygon>
						<extrude>1</extrude>
						<altitudeMode>relativeToGround</altitudeMode>
						<outerBoundaryIs>
							<LinearRing>
								<coordinates>
									-122.2550666226801,37.8687860331143,28 -122.2551214542187,37.8691799562155,28 -122.2555153773199,37.8690919668857,28 -122.2554605457813,37.86869804378449,28 -122.2550666226801,37.8687860331143,28 
								</coordinates>
							</LinearRing>
						</outerBoundaryIs>
					</Polygon>
				</Placemark>
				<Placemark>
					<name>2427 San Pablo</name>
					<description><![CDATA[<b>2427 San Pablo</b><br/><b>Units:</b> 78<br/><b>VLI Units:</b> 0<br/><b>Stories:</b> 7<br/><b>Height:</b> 21.3m<br/><b>Status:</b> Entitled<br/><i>(height estimated from units)</i>]]></description>
					<styleUrl>#style_Entitled3</styleUrl>
					<Polygon>
						<extrude>1</extrude>
						<altitudeMode>relativeToGround</altitudeMode>
						<outerBoundaryIs>
							<LinearRing>
								<coordinates>
									-122.2894968326801,37.8625768031143,21.3 -122.2895516642187,37.86297072621551,21.3 -122.2899455873199,37.8628827368857,21.3 -122.2898907557813,37.86248881378449,21.3 -122.2894968326801,37.8625768031143,21.3 
								</coordinates>
							</LinearRing>
						</outerBoundaryIs>
					</Polygon>
				</Placemark>
				<Placemark>
					<name>2955 SHATTUCK Ave</name>
					<description><![CDATA[<b>2955 SHATTUCK Ave</b><br/><b>Units:</b> 74<br/><b>VLI Units:</b> 0<br/><b>Stories:</b> 2<br/><b>Height:</b> 22.9m<br/><b>Status:</b> In Review]]></description>
					<styleUrl>#style_In_Review11</styleUrl>
					<Polygon>
						<extrude>1</extrude>
						<altitudeMode>relativeToGround</altitudeMode>
						<outerBoundaryIs>
							<LinearRing>
								<coordinates>
									-122.2660065613004,37.85562407926159,22.9 -122.266061392839,37.8560180023628,22.9 -122.2664553159402,37.85593001303299,22.9 -122.2664004844016,37.85553608993178,22.9 -122.2660065613004,37.85562407926159,22.9 
								</coordinates>
							</LinearRing>
						</outerBoundaryIs>
					</Polygon>
				</Placemark>
				<Placemark>
					<name>2037 DURANT Ave</name>
					<description><![CDATA[<b>2037 DURANT Ave</b><br/><b>Units:</b> 74<br/><b>VLI Units:</b> 4<br/><b>Stories:</b> 1<br/><b>Height:</b> 27.4m<br/><b>Status:</b> Entitled]]></description>
					<styleUrl>#style_Entitled3</styleUrl>
					<Polygon>
						<extrude>1</extrude>
						<altitudeMode>relativeToGround</altitudeMode>
						<outerBoundaryIs>
							<LinearRing>
								<coordinates>
									-122.2683206226801,37.8667179731143,27.4 -122.2683754542187,37.8671118962155,27.4 -122.2687693773199,37.8670239068857,27.4 -122.2687145457813,37.86662998378449,27.4 -122.2683206226801,37.8667179731143,27.4 
								</coordinates>
							</LinearRing>
						</outerBoundaryIs>
					</Polygon>
				</Placemark>
				<Placemark>
					<name>2138 KITTREDGE St</name>
					<description><![CDATA[<b>2138 KITTREDGE St</b><br/><b>Units:</b> 73<br/><b>VLI Units:</b> 5<br/><b>Stories:</b> 8<br/><b>Height:</b> 28.0m<br/><b>Status:</b> Entitled]]></description>
					<styleUrl>#style_Entitled3</styleUrl>
					<Polygon>
						<extrude>1</extrude>
						<altitudeMode>relativeToGround</altitudeMode>
						<outerBoundaryIs>
							<LinearRing>
								<coordinates>
									-122.266773355142,37.86818768032093,28 -122.2668281866807,37.86858160342214,28 -122.2672221097819,37.86849361409233,28 -122.2671672782432,37.86809969099112,28 -122.266773355142,37.86818768032093,28 
								</coordinates>
							</LinearRing>
						</outerBoundaryIs>
					</Polygon>
				</Placemark>
				<Placemark>
					<name>2550 SHATTUCK Ave</name>
					<description><![CDATA[<b>2550 SHATTUCK Ave</b><br/><b>Units:</b> 72<br/><b>VLI Units:</b> 8<br/><b>Stories:</b> 7<br/><b>Height:</b> 24.5m<br/><b>Status:</b> Entitled]]></description>
					<styleUrl>#style_Entitled3</styleUrl>
					<Polygon>
						<extrude>1</extrude>
						<altitudeMode>relativeToGround</altitudeMode>
						<outerBoundaryIs>
							<LinearRing>
								<coordinates>
									-122.2675372226801,37.8626141731143,24.5 -122.2675920542187,37.86300809621551,24.5 -122.2679859773199,37.8629201068857,24.5 -122.2679311457813,37.8625261837845,24.5 -122.2675372226801,37.8626141731143,24.5 
								</coordinates>
							</LinearRing>
						</outerBoundaryIs>
					</Polygon>
				</Placemark>
				<Placemark>
					<name>2326 DURANT Ave</name>
					<description><![CDATA[<b>2326 DURANT Ave</b><br/><b>Units:</b> 70<br/><b>VLI Units:</b> 0<br/><b>Stories:</b> 7<br/><b>Height:</b> 24.5m<br/><b>Status:</b> In Review<br/><i>(height estimated from units)</i>]]></description>
					<styleUrl>#style_In_Review11</styleUrl>
					<Polygon>
						<extrude>1</extrude>
						<altitudeMode>relativeToGround</altitudeMode>
						<outerBoundaryIs>
							<LinearRing>
								<coordinates>
									-122.2620356654864,37.86693609316953,24.5 -122.262090497025,37.86733001627073,24.5 -122.2624844201262,37.86724202694093,24.5 -122.2624295885876,37.86684810383972,24.5 -122.2620356654864,37.86693609316953,24.5 
								</coordinates>
							</LinearRing>
						</outerBoundaryIs>
					</Polygon>
				</Placemark>
				<Placemark>
					<name>2300 ELLSWORTH St</name>
					<description><![CDATA[<b>2300 ELLSWORTH St</b><br/><b>Units:</b> 69<br/><b>VLI Units:</b> 0<br/><b>Stories:</b> 7<br/><b>Height:</b> 24.5m<br/><b>Status:</b> Permits Active]]></description>
					<styleUrl>#style_Permits_Active0</styleUrl>
					<Polygon>
						<extrude>1</extrude>
						<altitudeMode>relativeToGround</altitudeMode>
						<outerBoundaryIs>
							<LinearRing>
								<coordinates>
									-122.2637595926801,37.8677633031143,24.5 -122.2638144242187,37.86815722621551,24.5 -122.2642083473199,37.8680692368857,24.5 -122.2641535157813,37.8676753137845,24.5 -122.2637595926801,37.8677633031143,24.5 
								</coordinates>
							</LinearRing>
						</outerBoundaryIs>
					</Polygon>
				</Placemark>
				<Placemark>
					<name>2330 DURANT Ave</name>
					<description><![CDATA[<b>2330 DURANT Ave</b><br/><b>Units:</b> 68<br/><b>VLI Units:</b> 0<br/><b>Stories:</b> 6<br/><b>Height:</b> 21.0m<br/><b>Status:</b> In Review]]></description>
					<styleUrl>#style_In_Review11</styleUrl>
					<Polygon>
						<extrude>1</extrude>
						<altitudeMode>relativeToGround</altitudeMode>
						<outerBoundaryIs>
							<LinearRing>
								<coordinates>
									-122.261856909728,37.86695883531895,21 -122.2619117412667,37.86735275842015,21 -122.2623056643679,37.86726476909035,21 -122.2622508328293,37.86687084598914,21 -122.261856909728,37.86695883531895,21 
								</coordinates>
							</LinearRing>
						</outerBoundaryIs>
					</Polygon>
				</Placemark>
				<Placemark>
					<name>2455 TELEGRAPH Ave</name>
					<description><![CDATA[<b>2455 TELEGRAPH Ave</b><br/><b>Units:</b> 68<br/><b>VLI Units:</b> 7<br/><b>Stories:</b> 8<br/><b>Height:</b> 28.0m<br/><b>Status:</b> In Review]]></description>
					<styleUrl>#style_In_Review11</styleUrl>
					<Polygon>
						<extrude>1</extrude>
						<altitudeMode>relativeToGround</altitudeMode>
						<outerBoundaryIs>
							<LinearRing>
								<coordinates>
									-122.2580637339149,37.86571544663249,28 -122.2581185654536,37.8661093697337,28 -122.2585124885548,37.86602138040389,28 -122.2584576570162,37.86562745730269,28 -122.2580637339149,37.86571544663249,28 
								</coordinates>
							</LinearRing>
						</outerBoundaryIs>
					</Polygon>
				</Placemark>
				<Placemark>
					<name>2455 TELEGRAPH Ave</name>
					<description><![CDATA[<b>2455 TELEGRAPH Ave</b><br/><b>Units:</b> 68<br/><b>VLI Units:</b> 7<br/><b>Stories:</b> 8<br/><b>Height:</b> 28.0m<br/><b>Status:</b> In Review]]></description>
					<styleUrl>#style_In_Review11</styleUrl>
					<Polygon>
						<extrude>1</extrude>
						<altitudeMode>relativeToGround</altitudeMode>
						<outerBoundaryIs>
							<LinearRing>
								<coordinates>
									-122.2580637339149,37.86571544663249,28 -122.2581185654536,37.8661093697337,28 -122.2585124885548,37.86602138040389,28 -122.2584576570162,37.86562745730269,28 -122.2580637339149,37.86571544663249,28 
								</coordinates>
							</LinearRing>
						</outerBoundaryIs>
					</Polygon>
				</Placemark>
				<Placemark>
					<name>1752 SHATTUCK Ave</name>
					<description><![CDATA[<b>1752 SHATTUCK Ave</b><br/><b>Units:</b> 68<br/><b>VLI Units:</b> 0<br/><b>Stories:</b> 7<br/><b>Height:</b> 24.5m<br/><b>Status:</b> Completed]]></description>
					<styleUrl>#style_Completed3</styleUrl>
					<Polygon>
						<extrude>1</extrude>
						<altitudeMode>relativeToGround</altitudeMode>
						<outerBoundaryIs>
							<LinearRing>
								<coordinates>
									-122.2688756226801,37.8774470331143,24.5 -122.2689304542187,37.87784095621551,24.5 -122.2693243773199,37.8777529668857,24.5 -122.2692695457813,37.87735904378449,24.5 -122.2688756226801,37.8774470331143,24.5 
								</coordinates>
							</LinearRing>
						</outerBoundaryIs>
					</Polygon>
				</Placemark>
				<Placemark>
					<name>2462 BANCROFT Way</name>
					<description><![CDATA[<b>2462 BANCROFT Way</b><br/><b>Units:</b> 66<br/><b>VLI Units:</b> 3<br/><b>Stories:</b> 8<br/><b>Height:</b> 26.8m<br/><b>Status:</b> Entitled]]></description>
					<styleUrl>#style_Entitled3</styleUrl>
					<Polygon>
						<extrude>1</extrude>
						<altitudeMode>relativeToGround</altitudeMode>
						<outerBoundaryIs>
							<LinearRing>
								<coordinates>
									-122.2580235026801,37.8683939931143,26.8 -122.2580783342187,37.86878791621551,26.8 -122.2584722573199,37.8686999268857,26.8 -122.2584174257813,37.8683060037845,26.8 -122.2580235026801,37.8683939931143,26.8 
								</coordinates>
							</LinearRing>
						</outerBoundaryIs>
					</Polygon>
				</Placemark>
				<Placemark>
					<name>2138 KITTREDGE St</name>
					<description><![CDATA[<b>2138 KITTREDGE St</b><br/><b>Units:</b> 66<br/><b>VLI Units:</b> 5<br/><b>Stories:</b> 8<br/><b>Height:</b> 28.0m<br/><b>Status:</b> Entitled]]></description>
					<styleUrl>#style_Entitled3</styleUrl>
					<Polygon>
						<extrude>1</extrude>
						<altitudeMode>relativeToGround</altitudeMode>
						<outerBoundaryIs>
							<LinearRing>
								<coordinates>
									-122.266773355142,37.86818768032093,28 -122.2668281866807,37.86858160342214,28 -122.2672221097819,37.86849361409233,28 -122.2671672782432,37.86809969099112,28 -122.266773355142,37.86818768032093,28 
								</coordinates>
							</LinearRing>
						</outerBoundaryIs>
					</Polygon>
				</Placemark>
				<Placemark>
					<name>2298 DURANT Ave</name>
					<description><![CDATA[<b>2298 DURANT Ave</b><br/><b>Units:</b> 65<br/><b>VLI Units:</b> 0<br/><b>Stories:</b> 8<br/><b>Height:</b> 27.7m<br/><b>Status:</b> Decision Pending]]></description>
					<styleUrl>#style_Decision_Pending3</styleUrl>
					<Polygon>
						<extrude>1</extrude>
						<altitudeMode>relativeToGround</altitudeMode>
						<outerBoundaryIs>
							<LinearRing>
								<coordinates>
									-122.2635439566114,37.86679670914888,27.7 -122.26359878815,37.86719063225009,27.7 -122.2639927112512,37.86710264292028,27.7 -122.2639378797126,37.86670871981907,27.7 -122.2635439566114,37.86679670914888,27.7 
								</coordinates>
							</LinearRing>
						</outerBoundaryIs>
					</Polygon>
				</Placemark>
				<Placemark>
					<name>2441 LE CONTE Ave</name>
					<description><![CDATA[<b>2441 LE CONTE Ave</b><br/><b>Units:</b> 65<br/><b>VLI Units:</b> 0<br/><b>Stories:</b> 7<br/><b>Height:</b> 24.5m<br/><b>Status:</b> Application Submitted<br/><i>(height estimated from units)</i>]]></description>
					<styleUrl>#style_Application_Submitted3</styleUrl>
					<Polygon>
						<extrude>1</extrude>
						<altitudeMode>relativeToGround</altitudeMode>
						<outerBoundaryIs>
							<LinearRing>
								<coordinates>
									-122.2616419788132,37.8768688781526,24.5 -122.2616968103518,37.87726280125381,24.5 -122.262090733453,37.877174811924,24.5 -122.2620359019144,37.87678088882279,24.5 -122.2616419788132,37.8768688781526,24.5 
								</coordinates>
							</LinearRing>
						</outerBoundaryIs>
					</Polygon>
				</Placemark>
				<Placemark>
					<name>2372 ELLSWORTH St</name>
					<description><![CDATA[<b>2372 ELLSWORTH St</b><br/><b>Units:</b> 63<br/><b>VLI Units:</b> 0<br/><b>Stories:</b> 7<br/><b>Height:</b> 24.5m<br/><b>Status:</b> Entitled<br/><i>(height estimated from units)</i>]]></description>
					<styleUrl>#style_Entitled3</styleUrl>
					<Polygon>
						<extrude>1</extrude>
						<altitudeMode>relativeToGround</altitudeMode>
						<outerBoundaryIs>
							<LinearRing>
								<coordinates>
									-122.2634235428374,37.86639685772377,24.5 -122.2634783743761,37.86679078082498,24.5 -122.2638722974773,37.86670279149517,24.5 -122.2638174659387,37.86630886839396,24.5 -122.2634235428374,37.86639685772377,24.5 
								</coordinates>
							</LinearRing>
						</outerBoundaryIs>
					</Polygon>
				</Placemark>
				<Placemark>
					<name>2001 CENTER St</name>
					<description><![CDATA[<b>2001 CENTER St</b><br/><b>Units:</b> 58<br/><b>VLI Units:</b> 0<br/><b>Stories:</b> 7<br/><b>Height:</b> 30.5m<br/><b>Status:</b> In Review]]></description>
					<styleUrl>#style_In_Review11</styleUrl>
					<Polygon>
						<extrude>1</extrude>
						<altitudeMode>relativeToGround</altitudeMode>
						<outerBoundaryIs>
							<LinearRing>
								<coordinates>
									-122.270082820514,37.87005794333013,30.5 -122.2701376520526,37.87045186643134,30.5 -122.2705315751538,37.87036387710153,30.5 -122.2704767436152,37.86996995400033,30.5 -122.270082820514,37.87005794333013,30.5 
								</coordinates>
							</LinearRing>
						</outerBoundaryIs>
					</Polygon>
				</Placemark>
				<Placemark>
					<name>2127 DWIGHT Way</name>
					<description><![CDATA[<b>2127 DWIGHT Way</b><br/><b>Units:</b> 58<br/><b>VLI Units:</b> 8<br/><b>Stories:</b> 6<br/><b>Height:</b> 21.0m<br/><b>Status:</b> Entitled]]></description>
					<styleUrl>#style_Entitled3</styleUrl>
					<Polygon>
						<extrude>1</extrude>
						<altitudeMode>relativeToGround</altitudeMode>
						<outerBoundaryIs>
							<LinearRing>
								<coordinates>
									-122.2666249326801,37.8641618631143,21 -122.2666797642187,37.8645557862155,21 -122.2670736873199,37.8644677968857,21 -122.2670188557813,37.86407387378449,21 -122.2666249326801,37.8641618631143,21 
								</coordinates>
							</LinearRing>
						</outerBoundaryIs>
					</Polygon>
				</Placemark>
				<Placemark>
					<name>2712 TELEGRAPH Ave</name>
					<description><![CDATA[<b>2712 TELEGRAPH Ave</b><br/><b>Units:</b> 57<br/><b>VLI Units:</b> 0<br/><b>Stories:</b> 6<br/><b>Height:</b> 21.0m<br/><b>Status:</b> In Review]]></description>
					<styleUrl>#style_In_Review11</styleUrl>
					<Polygon>
						<extrude>1</extrude>
						<altitudeMode>relativeToGround</altitudeMode>
						<outerBoundaryIs>
							<LinearRing>
								<coordinates>
									-122.2591249308281,37.86085454983675,21 -122.2591797623667,37.86124847293796,21 -122.2595736854679,37.86116048360815,21 -122.2595188539293,37.86076656050695,21 -122.2591249308281,37.86085454983675,21 
								</coordinates>
							</LinearRing>
						</outerBoundaryIs>
					</Polygon>
				</Placemark>
				<Placemark>
					<name>1740 SAN PABLO Ave</name>
					<description><![CDATA[<b>1740 SAN PABLO Ave</b><br/><b>Units:</b> 54<br/><b>VLI Units:</b> 0<br/><b>Stories:</b> 6<br/><b>Height:</b> 21.0m<br/><b>Status:</b> In Review]]></description>
					<styleUrl>#style_In_Review11</styleUrl>
					<Polygon>
						<extrude>1</extrude>
						<altitudeMode>relativeToGround</altitudeMode>
						<outerBoundaryIs>
							<LinearRing>
								<coordinates>
									-122.2932247463496,37.87174010059217,21 -122.2932795778882,37.87213402369338,21 -122.2936735009894,37.87204603436357,21 -122.2936186694508,37.87165211126236,21 -122.2932247463496,37.87174010059217,21 
								</coordinates>
							</LinearRing>
						</outerBoundaryIs>
					</Polygon>
				</Placemark>
				<Placemark>
					<name>2902 ADELINE St</name>
					<description><![CDATA[<b>2902 ADELINE St</b><br/><b>Units:</b> 54<br/><b>VLI Units:</b> 0<br/><b>Stories:</b> 6<br/><b>Height:</b> 21.0m<br/><b>Status:</b> Under Construction]]></description>
					<styleUrl>#style_Under_Construction6</styleUrl>
					<Polygon>
						<extrude>1</extrude>
						<altitudeMode>relativeToGround</altitudeMode>
						<outerBoundaryIs>
							<LinearRing>
								<coordinates>
									-122.2688264826801,37.8560734931143,21 -122.2688813142187,37.85646741621551,21 -122.2692752373199,37.8563794268857,21 -122.2692204057813,37.8559855037845,21 -122.2688264826801,37.8560734931143,21 
								</coordinates>
							</LinearRing>
						</outerBoundaryIs>
					</Polygon>
				</Placemark>
				<Placemark>
					<name>2587 TELEGRAPH Ave</name>
					<description><![CDATA[<b>2587 TELEGRAPH Ave</b><br/><b>Units:</b> 52<br/><b>VLI Units:</b> 6<br/><b>Stories:</b> 8<br/><b>Height:</b> 28.0m<br/><b>Status:</b> Under Construction]]></description>
					<styleUrl>#style_Under_Construction6</styleUrl>
					<Polygon>
						<extrude>1</extrude>
						<altitudeMode>relativeToGround</altitudeMode>
						<outerBoundaryIs>
							<LinearRing>
								<coordinates>
									-122.2580644126801,37.8636610131143,28 -122.2581192442187,37.86405493621551,28 -122.2585131673199,37.8639669468857,28 -122.2584583357813,37.8635730237845,28 -122.2580644126801,37.8636610131143,28 
								</coordinates>
							</LinearRing>
						</outerBoundaryIs>
					</Polygon>
				</Placemark>
				<Placemark>
					<name>130 BERKELEY Sq</name>
					<description><![CDATA[<b>130 BERKELEY Sq</b><br/><b>Units:</b> 50<br/><b>VLI Units:</b> 0<br/><b>Stories:</b> 7<br/><b>Height:</b> 24.5m<br/><b>Status:</b> In Review<br/><i>(height estimated from units)</i>]]></description>
					<styleUrl>#style_In_Review11</styleUrl>
					<Polygon>
						<extrude>1</extrude>
						<altitudeMode>relativeToGround</altitudeMode>
						<outerBoundaryIs>
							<LinearRing>
								<coordinates>
									-122.2677346226801,37.8707050331143,24.5 -122.2677894542187,37.8710989562155,24.5 -122.2681833773199,37.8710109668857,24.5 -122.2681285457813,37.87061704378449,24.5 -122.2677346226801,37.8707050331143,24.5 
								</coordinates>
							</LinearRing>
						</outerBoundaryIs>
					</Polygon>
				</Placemark>
				<Placemark>
					<name>2016 ASHBY Ave</name>
					<description><![CDATA[<b>2016 ASHBY Ave</b><br/><b>Units:</b> 50<br/><b>VLI Units:</b> 50<br/><b>Stories:</b> 7<br/><b>Height:</b> 24.5m<br/><b>Status:</b> Permits Active]]></description>
					<styleUrl>#style_Permits_Active0</styleUrl>
					<Polygon>
						<extrude>1</extrude>
						<altitudeMode>relativeToGround</altitudeMode>
						<outerBoundaryIs>
							<LinearRing>
								<coordinates>
									-122.2679977126801,37.8546685031143,24.5 -122.2680525442187,37.8550624262155,24.5 -122.2684464673199,37.8549744368857,24.5 -122.2683916357813,37.85458051378449,24.5 -122.2679977126801,37.8546685031143,24.5 
								</coordinates>
							</LinearRing>
						</outerBoundaryIs>
					</Polygon>
				</Placemark>
				<Placemark>
					<name>2350 TELEGRAPH Ave</name>
					<description><![CDATA[<b>2350 TELEGRAPH Ave</b><br/><b>Units:</b> 48<br/><b>VLI Units:</b> 2<br/><b>Stories:</b> 8<br/><b>Height:</b> 28.0m<br/><b>Status:</b> In Review]]></description>
					<styleUrl>#style_In_Review11</styleUrl>
					<Polygon>
						<extrude>1</extrude>
						<altitudeMode>relativeToGround</altitudeMode>
						<outerBoundaryIs>
							<LinearRing>
								<coordinates>
									-122.2590001126801,37.8674519931143,28 -122.2590549442187,37.86784591621551,28 -122.2594488673199,37.8677579268857,28 -122.2593940357813,37.86736400378449,28 -122.2590001126801,37.8674519931143,28 
								</coordinates>
							</LinearRing>
						</outerBoundaryIs>
					</Polygon>
				</Placemark>
				<Placemark>
					<name>2727 HASTE St</name>
					<description><![CDATA[<b>2727 HASTE St</b><br/><b>Units:</b> 45<br/><b>VLI Units:</b> 0<br/><b>Stories:</b> 6<br/><b>Height:</b> 21.0m<br/><b>Status:</b> In Review]]></description>
					<styleUrl>#style_In_Review11</styleUrl>
					<Polygon>
						<extrude>1</extrude>
						<altitudeMode>relativeToGround</altitudeMode>
						<outerBoundaryIs>
							<LinearRing>
								<coordinates>
									-122.2525557218352,37.86682340209538,21 -122.2526105533739,37.86721732519659,21 -122.2530044764751,37.86712933586679,21 -122.2529496449365,37.86673541276558,21 -122.2525557218352,37.86682340209538,21 
								</coordinates>
							</LinearRing>
						</outerBoundaryIs>
					</Polygon>
				</Placemark>
				<Placemark>
					<name>2449 DWIGHT Way</name>
					<description><![CDATA[<b>2449 DWIGHT Way</b><br/><b>Units:</b> 39<br/><b>VLI Units:</b> 2<br/><b>Stories:</b> 4<br/><b>Height:</b> 14.0m<br/><b>Status:</b> In Review]]></description>
					<styleUrl>#style_In_Review11</styleUrl>
					<Polygon>
						<extrude>1</extrude>
						<altitudeMode>relativeToGround</altitudeMode>
						<outerBoundaryIs>
							<LinearRing>
								<coordinates>
									-122.2585450386678,37.86515623528639,14 -122.2585998702064,37.8655501583876,14 -122.2589937933076,37.86546216905779,14 -122.258938961769,37.86506824595659,14 -122.2585450386678,37.86515623528639,14 
								</coordinates>
							</LinearRing>
						</outerBoundaryIs>
					</Polygon>
				</Placemark>
				<Placemark>
					<name>1367 UNIVERSITY Ave</name>
					<description><![CDATA[<b>1367 UNIVERSITY Ave</b><br/><b>Units:</b> 39<br/><b>VLI Units:</b> 39<br/><b>Stories:</b> 4<br/><b>Height:</b> 14.0m<br/><b>Status:</b> Completed]]></description>
					<styleUrl>#style_Completed3</styleUrl>
					<Polygon>
						<extrude>1</extrude>
						<altitudeMode>relativeToGround</altitudeMode>
						<outerBoundaryIs>
							<LinearRing>
								<coordinates>
									-122.2849657426801,37.8701294531143,14 -122.2850205742187,37.87052337621551,14 -122.2854144973199,37.8704353868857,14 -122.2853596657813,37.8700414637845,14 -122.2849657426801,37.8701294531143,14 
								</coordinates>
							</LinearRing>
						</outerBoundaryIs>
					</Polygon>
				</Placemark>
				<Placemark>
					<name>2403 SAN PABLO Ave</name>
					<description><![CDATA[<b>2403 SAN PABLO Ave</b><br/><b>Units:</b> 36<br/><b>VLI Units:</b> 0<br/><b>Stories:</b> 4<br/><b>Height:</b> 14.0m<br/><b>Status:</b> Under Construction]]></description>
					<styleUrl>#style_Under_Construction6</styleUrl>
					<Polygon>
						<extrude>1</extrude>
						<altitudeMode>relativeToGround</altitudeMode>
						<outerBoundaryIs>
							<LinearRing>
								<coordinates>
									-122.2894968326801,37.8625768031143,14 -122.2895516642187,37.86297072621551,14 -122.2899455873199,37.8628827368857,14 -122.2898907557813,37.86248881378449,14 -122.2894968326801,37.8625768031143,14 
								</coordinates>
							</LinearRing>
						</outerBoundaryIs>
					</Polygon>
				</Placemark>
				<Placemark>
					<name>2442 HASTE St</name>
					<description><![CDATA[<b>2442 HASTE St</b><br/><b>Units:</b> 34<br/><b>VLI Units:</b> 2<br/><b>Stories:</b> 8<br/><b>Height:</b> 25.9m<br/><b>Status:</b> Under Construction]]></description>
					<styleUrl>#style_Under_Construction6</styleUrl>
					<Polygon>
						<extrude>1</extrude>
						<altitudeMode>relativeToGround</altitudeMode>
						<outerBoundaryIs>
							<LinearRing>
								<coordinates>
									-122.2588839726801,37.8655366331143,25.9 -122.2589388042187,37.86593055621551,25.9 -122.2593327273199,37.8658425668857,25.9 -122.2592778957813,37.8654486437845,25.9 -122.2588839726801,37.8655366331143,25.9 
								</coordinates>
							</LinearRing>
						</outerBoundaryIs>
					</Polygon>
				</Placemark>
				<Placemark>
					<name>2733 SAN PABLO Ave</name>
					<description><![CDATA[<b>2733 SAN PABLO Ave</b><br/><b>Units:</b> 32<br/><b>VLI Units:</b> 0<br/><b>Stories:</b> 8<br/><b>Height:</b> 28.0m<br/><b>Status:</b> In Review]]></description>
					<styleUrl>#style_In_Review11</styleUrl>
					<Polygon>
						<extrude>1</extrude>
						<altitudeMode>relativeToGround</altitudeMode>
						<outerBoundaryIs>
							<LinearRing>
								<coordinates>
									-122.2873917678175,37.85619528854339,28 -122.2874465993561,37.8565892116446,28 -122.2878405224574,37.85650122231479,28 -122.2877856909187,37.85610729921358,28 -122.2873917678175,37.85619528854339,28 
								</coordinates>
							</LinearRing>
						</outerBoundaryIs>
					</Polygon>
				</Placemark>
				<Placemark>
					<name>2614 TELEGRAPH Ave</name>
					<description><![CDATA[<b>2614 TELEGRAPH Ave</b><br/><b>Units:</b> 31<br/><b>VLI Units:</b> 3<br/><b>Stories:</b> 5<br/><b>Height:</b> 17.4m<br/><b>Status:</b> In Review]]></description>
					<styleUrl>#style_In_Review11</styleUrl>
					<Polygon>
						<extrude>1</extrude>
						<altitudeMode>relativeToGround</altitudeMode>
						<outerBoundaryIs>
							<LinearRing>
								<coordinates>
									-122.2589154571786,37.86252976273843,17.4 -122.2589702887172,37.86292368583964,17.4 -122.2593642118184,37.86283569650983,17.4 -122.2593093802798,37.86244177340863,17.4 -122.2589154571786,37.86252976273843,17.4 
								</coordinates>
							</LinearRing>
						</outerBoundaryIs>
					</Polygon>
				</Placemark>
				<Placemark>
					<name>2480 Bancroft Way</name>
					<description><![CDATA[<b>2480 Bancroft Way</b><br/><b>Units:</b> 28<br/><b>VLI Units:</b> 0<br/><b>Stories:</b> 8<br/><b>Height:</b> 28.0m<br/><b>Status:</b> Completed]]></description>
					<styleUrl>#style_Completed3</styleUrl>
					<Polygon>
						<extrude>1</extrude>
						<altitudeMode>relativeToGround</altitudeMode>
						<outerBoundaryIs>
							<LinearRing>
								<coordinates>
									-122.2594379426801,37.8682324431143,28 -122.2594927742187,37.86862636621551,28 -122.2598866973199,37.8685383768857,28 -122.2598318657813,37.8681444537845,28 -122.2594379426801,37.8682324431143,28 
								</coordinates>
							</LinearRing>
						</outerBoundaryIs>
					</Polygon>
				</Placemark>
				<Placemark>
					<name>2317 CHANNING Way</name>
					<description><![CDATA[<b>2317 CHANNING Way</b><br/><b>Units:</b> 22<br/><b>VLI Units:</b> 0<br/><b>Stories:</b> 5<br/><b>Height:</b> 15.2m<br/><b>Status:</b> Stalled]]></description>
					<styleUrl>#style_Stalled0</styleUrl>
					<Polygon>
						<extrude>1</extrude>
						<altitudeMode>relativeToGround</altitudeMode>
						<outerBoundaryIs>
							<LinearRing>
								<coordinates>
									-122.2623561295825,37.8665325718523,15.2 -122.2624109611212,37.8669264949535,15.2 -122.2628048842224,37.8668385056237,15.2 -122.2627500526838,37.86644458252249,15.2 -122.2623561295825,37.8665325718523,15.2 
								</coordinates>
							</LinearRing>
						</outerBoundaryIs>
					</Polygon>
				</Placemark>
				<Placemark>
					<name>2800 TELEGRAPH Ave</name>
					<description><![CDATA[<b>2800 TELEGRAPH Ave</b><br/><b>Units:</b> 18<br/><b>VLI Units:</b> 0<br/><b>Stories:</b> 4<br/><b>Height:</b> 14.0m<br/><b>Status:</b> Permits Active<br/><i>(height estimated from units)</i>]]></description>
					<styleUrl>#style_Permits_Active0</styleUrl>
					<Polygon>
						<extrude>1</extrude>
						<altitudeMode>relativeToGround</altitudeMode>
						<outerBoundaryIs>
							<LinearRing>
								<coordinates>
									-122.2592955826801,37.8591701831143,14 -122.2593504142187,37.85956410621551,14 -122.2597443373199,37.8594761168857,14 -122.2596895057813,37.8590821937845,14 -122.2592955826801,37.8591701831143,14 
								</coordinates>
							</LinearRing>
						</outerBoundaryIs>
					</Polygon>
				</Placemark>
				<Placemark>
					<name>2344 FULTON St</name>
					<description><![CDATA[<b>2344 FULTON St</b><br/><b>Units:</b> 18<br/><b>VLI Units:</b> 0<br/><b>Stories:</b> 4<br/><b>Height:</b> 14.0m<br/><b>Status:</b> Pre-Application<br/><i>(height estimated from units)</i>]]></description>
					<styleUrl>#style_Pre_Application0</styleUrl>
					<Polygon>
						<extrude>1</extrude>
						<altitudeMode>relativeToGround</altitudeMode>
						<outerBoundaryIs>
							<LinearRing>
								<coordinates>
									-122.2656309026801,37.8660158131143,14 -122.2656857342187,37.86640973621551,14 -122.2660796573199,37.8663217468857,14 -122.2660248257813,37.8659278237845,14 -122.2656309026801,37.8660158131143,14 
								</coordinates>
							</LinearRing>
						</outerBoundaryIs>
					</Polygon>
				</Placemark>
				<Placemark>
					<name>1790 UNIVERSITY Ave</name>
					<description><![CDATA[<b>1790 UNIVERSITY Ave</b><br/><b>Units:</b> 17<br/><b>VLI Units:</b> 0<br/><b>Stories:</b> 5<br/><b>Height:</b> 17.1m<br/><b>Status:</b> In Review]]></description>
					<styleUrl>#style_In_Review11</styleUrl>
					<Polygon>
						<extrude>1</extrude>
						<altitudeMode>relativeToGround</altitudeMode>
						<outerBoundaryIs>
							<LinearRing>
								<coordinates>
									-122.27538007076,37.8707862194244,17.1 -122.2754349022987,37.8711801425256,17.1 -122.2758288253999,37.8710921531958,17.1 -122.2757739938613,37.87069823009459,17.1 -122.27538007076,37.8707862194244,17.1 
								</coordinates>
							</LinearRing>
						</outerBoundaryIs>
					</Polygon>
				</Placemark>
				<Placemark>
					<name>1710 UNIVERSITY Ave</name>
					<description><![CDATA[<b>1710 UNIVERSITY Ave</b><br/><b>Units:</b> 16<br/><b>VLI Units:</b> 0<br/><b>Stories:</b> 4<br/><b>Height:</b> 14.0m<br/><b>Status:</b> Application Submitted]]></description>
					<styleUrl>#style_Application_Submitted3</styleUrl>
					<Polygon>
						<extrude>1</extrude>
						<altitudeMode>relativeToGround</altitudeMode>
						<outerBoundaryIs>
							<LinearRing>
								<coordinates>
									-122.2768975345824,37.87059661020985,14 -122.276952366121,37.87099053331106,14 -122.2773462892222,37.87090254398125,14 -122.2772914576836,37.87050862088005,14 -122.2768975345824,37.87059661020985,14 
								</coordinates>
							</LinearRing>
						</outerBoundaryIs>
					</Polygon>
				</Placemark>
				<Placemark>
					<name>2147 SAN PABLO Ave</name>
					<description><![CDATA[<b>2147 SAN PABLO Ave</b><br/><b>Units:</b> 15<br/><b>VLI Units:</b> 0<br/><b>Stories:</b> 4<br/><b>Height:</b> 21.3m<br/><b>Status:</b> Decision Pending<br/><i>(height estimated from units)</i>]]></description>
					<styleUrl>#style_Decision_Pending3</styleUrl>
					<Polygon>
						<extrude>1</extrude>
						<altitudeMode>relativeToGround</altitudeMode>
						<outerBoundaryIs>
							<LinearRing>
								<coordinates>
									-122.2908575113028,37.86689416530496,21.3 -122.2909123428414,37.86728808840616,21.3 -122.2913062659426,37.86720009907636,21.3 -122.291251434404,37.86680617597515,21.3 -122.2908575113028,37.86689416530496,21.3 
								</coordinates>
							</LinearRing>
						</outerBoundaryIs>
					</Polygon>
				</Placemark>
				<Placemark>
					<name>1740 UNIVERSITY Ave</name>
					<description><![CDATA[<b>1740 UNIVERSITY Ave</b><br/><b>Units:</b> 12<br/><b>VLI Units:</b> 0<br/><b>Stories:</b> 4<br/><b>Height:</b> 14.0m<br/><b>Status:</b> Entitled<br/><i>(height estimated from units)</i>]]></description>
					<styleUrl>#style_Entitled3</styleUrl>
					<Polygon>
						<extrude>1</extrude>
						<altitudeMode>relativeToGround</altitudeMode>
						<outerBoundaryIs>
							<LinearRing>
								<coordinates>
									-122.2763900565155,37.87060290301071,14 -122.2764448880541,37.87099682611192,14 -122.2768388111553,37.87090883678211,14 -122.2767839796167,37.87051491368091,14 -122.2763900565155,37.87060290301071,14 
								</coordinates>
							</LinearRing>
						</outerBoundaryIs>
					</Polygon>
				</Placemark>
				<Placemark>
					<name>2018 BLAKE St</name>
					<description><![CDATA[<b>2018 BLAKE St</b><br/><b>Units:</b> 12<br/><b>VLI Units:</b> 0<br/><b>Stories:</b> 6<br/><b>Height:</b> 21.0m<br/><b>Status:</b> Permits Active]]></description>
					<styleUrl>#style_Permits_Active0</styleUrl>
					<Polygon>
						<extrude>1</extrude>
						<altitudeMode>relativeToGround</altitudeMode>
						<outerBoundaryIs>
							<LinearRing>
								<coordinates>
									-122.2686107326801,37.8624252331143,21 -122.2686655642187,37.86281915621551,21 -122.2690594873199,37.8627311668857,21 -122.2690046557813,37.86233724378449,21 -122.2686107326801,37.8624252331143,21 
								</coordinates>
							</LinearRing>
						</outerBoundaryIs>
					</Polygon>
				</Placemark>
				<Placemark>
					<name>2555 COLLEGE Ave</name>
					<description><![CDATA[<b>2555 COLLEGE Ave</b><br/><b>Units:</b> 12<br/><b>VLI Units:</b> 1<br/><b>Stories:</b> 4<br/><b>Height:</b> 14.3m<br/><b>Status:</b> Completed]]></description>
					<styleUrl>#style_Completed3</styleUrl>
					<Polygon>
						<extrude>1</extrude>
						<altitudeMode>relativeToGround</altitudeMode>
						<outerBoundaryIs>
							<LinearRing>
								<coordinates>
									-122.2533190426801,37.8639700631143,14.3 -122.2533738742187,37.86436398621551,14.3 -122.2537677973199,37.8642759968857,14.3 -122.2537129657813,37.8638820737845,14.3 -122.2533190426801,37.8639700631143,14.3 
								</coordinates>
							</LinearRing>
						</outerBoundaryIs>
					</Polygon>
				</Placemark>
				<Placemark>
					<name>1015 UNIVERSITY Ave</name>
					<description><![CDATA[<b>1015 UNIVERSITY Ave</b><br/><b>Units:</b> 9<br/><b>VLI Units:</b> 0<br/><b>Stories:</b> 4<br/><b>Height:</b> 14.0m<br/><b>Status:</b> Application Submitted<br/><i>(height estimated from units)</i>]]></description>
					<styleUrl>#style_Application_Submitted3</styleUrl>
					<Polygon>
						<extrude>1</extrude>
						<altitudeMode>relativeToGround</altitudeMode>
						<outerBoundaryIs>
							<LinearRing>
								<coordinates>
									-122.2929097862312,37.86903030515066,14 -122.2929646177699,37.86942422825187,14 -122.2933585408711,37.86933623892206,14 -122.2933037093324,37.86894231582085,14 -122.2929097862312,37.86903030515066,14 
								</coordinates>
							</LinearRing>
						</outerBoundaryIs>
					</Polygon>
				</Placemark>
				<Placemark>
					<name>2428 MILVIA St</name>
					<description><![CDATA[<b>2428 MILVIA St</b><br/><b>Units:</b> 8<br/><b>VLI Units:</b> 0<br/><b>Stories:</b> 4<br/><b>Height:</b> 14.0m<br/><b>Status:</b> In Review<br/><i>(height estimated from units)</i>]]></description>
					<styleUrl>#style_In_Review11</styleUrl>
					<Polygon>
						<extrude>1</extrude>
						<altitudeMode>relativeToGround</altitudeMode>
						<outerBoundaryIs>
							<LinearRing>
								<coordinates>
									-122.2698598883048,37.86419932858308,14 -122.2699147198435,37.86459325168429,14 -122.2703086429447,37.86450526235448,14 -122.2702538114061,37.86411133925328,14 -122.2698598883048,37.86419932858308,14 
								</coordinates>
							</LinearRing>
						</outerBoundaryIs>
					</Polygon>
				</Placemark>
				<Placemark>
					<name>2200 FIFTH St</name>
					<description><![CDATA[<b>2200 FIFTH St</b><br/><b>Units:</b> 8<br/><b>VLI Units:</b> 0<br/><b>Stories:</b> 3<br/><b>Height:</b> 10.5m<br/><b>Status:</b> Withdrawn]]></description>
					<styleUrl>#style_Withdrawn0</styleUrl>
					<Polygon>
						<extrude>1</extrude>
						<altitudeMode>relativeToGround</altitudeMode>
						<outerBoundaryIs>
							<LinearRing>
								<coordinates>
									-122.2979704399944,37.86452982148835,10.5 -122.298025271533,37.86492374458955,10.5 -122.2984191946342,37.86483575525975,10.5 -122.2983643630956,37.86444183215854,10.5 -122.2979704399944,37.86452982148835,10.5 
								</coordinates>
							</LinearRing>
						</outerBoundaryIs>
					</Polygon>
				</Placemark>
				<Placemark>
					<name>1745 CEDAR St</name>
					<description><![CDATA[<b>1745 CEDAR St</b><br/><b>Units:</b> 6<br/><b>VLI Units:</b> 0<br/><b>Stories:</b> 3<br/><b>Height:</b> 10.5m<br/><b>Status:</b> In Review]]></description>
					<styleUrl>#style_In_Review11</styleUrl>
					<Polygon>
						<extrude>1</extrude>
						<altitudeMode>relativeToGround</altitudeMode>
						<outerBoundaryIs>
							<LinearRing>
								<coordinates>
									-122.2759046536483,37.8776074576372,10.5 -122.2759594851869,37.87800138073841,10.5 -122.2763534082881,37.8779133914086,10.5 -122.2762985767495,37.8775194683074,10.5 -122.2759046536483,37.8776074576372,10.5 
								</coordinates>
							</LinearRing>
						</outerBoundaryIs>
					</Polygon>
				</Placemark>
				<Placemark>
					<name>1850 BERRYMAN St</name>
					<description><![CDATA[<b>1850 BERRYMAN St</b><br/><b>Units:</b> 6<br/><b>VLI Units:</b> 0<br/><b>Stories:</b> 3<br/><b>Height:</b> 10.5m<br/><b>Status:</b> Application Submitted]]></description>
					<styleUrl>#style_Application_Submitted3</styleUrl>
					<Polygon>
						<extrude>1</extrude>
						<altitudeMode>relativeToGround</altitudeMode>
						<outerBoundaryIs>
							<LinearRing>
								<coordinates>
									-122.2745386226801,37.8828550331143,10.5 -122.2745934542187,37.8832489562155,10.5 -122.2749873773199,37.8831609668857,10.5 -122.2749325457813,37.88276704378449,10.5 -122.2745386226801,37.8828550331143,10.5 
								</coordinates>
							</LinearRing>
						</outerBoundaryIs>
					</Polygon>
				</Placemark>
				<Placemark>
					<name>1618 SIXTH St</name>
					<description><![CDATA[<b>1618 SIXTH St</b><br/><b>Units:</b> 4<br/><b>VLI Units:</b> 0<br/><b>Stories:</b> 3<br/><b>Height:</b> 10.5m<br/><b>Status:</b> In Review]]></description>
					<styleUrl>#style_In_Review11</styleUrl>
					<Polygon>
						<extrude>1</extrude>
						<altitudeMode>relativeToGround</altitudeMode>
						<outerBoundaryIs>
							<LinearRing>
								<coordinates>
									-122.2995342434107,37.8731831365339,10.5 -122.2995890749493,37.8735770596351,10.5 -122.2999829980505,37.8734890703053,10.5 -122.2999281665119,37.87309514720409,10.5 -122.2995342434107,37.8731831365339,10.5 
								</coordinates>
							</LinearRing>
						</outerBoundaryIs>
					</Polygon>
				</Placemark>
				<Placemark>
					<name>2420 ASHBY Ave</name>
					<description><![CDATA[<b>2420 ASHBY Ave</b><br/><b>Units:</b> 4<br/><b>VLI Units:</b> 0<br/><b>Stories:</b> 3<br/><b>Height:</b> 10.5m<br/><b>Status:</b> In Review<br/><i>(height estimated from units)</i>]]></description>
					<styleUrl>#style_In_Review11</styleUrl>
					<Polygon>
						<extrude>1</extrude>
						<altitudeMode>relativeToGround</altitudeMode>
						<outerBoundaryIs>
							<LinearRing>
								<coordinates>
									-122.258410612972,37.85582902241146,10.5 -122.2584654445107,37.85622294551267,10.5 -122.2588593676119,37.85613495618286,10.5 -122.2588045360733,37.85574103308166,10.5 -122.258410612972,37.85582902241146,10.5 
								</coordinates>
							</LinearRing>
						</outerBoundaryIs>
					</Polygon>
				</Placemark>
				<Placemark>
					<name>2942 COLLEGE Ave</name>
					<description><![CDATA[<b>2942 COLLEGE Ave</b><br/><b>Units:</b> 4<br/><b>VLI Units:</b> 0<br/><b>Stories:</b> 3<br/><b>Height:</b> 10.5m<br/><b>Status:</b> In Review<br/><i>(height estimated from units)</i>]]></description>
					<styleUrl>#style_In_Review11</styleUrl>
					<Polygon>
						<extrude>1</extrude>
						<altitudeMode>relativeToGround</altitudeMode>
						<outerBoundaryIs>
							<LinearRing>
								<coordinates>
									-122.2532425305823,37.85729039285393,10.5 -122.2532973621209,37.85768431595514,10.5 -122.2536912852222,37.85759632662533,10.5 -122.2536364536835,37.85720240352413,10.5 -122.2532425305823,37.85729039285393,10.5 
								</coordinates>
							</LinearRing>
						</outerBoundaryIs>
					</Polygon>
				</Placemark>
				<Placemark>
					<name>2437 WARRING St</name>
					<description><![CDATA[<b>2437 WARRING St</b><br/><b>Units:</b> 4<br/><b>VLI Units:</b> 0<br/><b>Stories:</b> 2<br/><b>Height:</b> 7.0m<br/><b>Status:</b> In Review]]></description>
					<styleUrl>#style_In_Review11</styleUrl>
					<Polygon>
						<extrude>1</extrude>
						<altitudeMode>relativeToGround</altitudeMode>
						<outerBoundaryIs>
							<LinearRing>
								<coordinates>
									-122.2500503815933,37.86644253098711,7 -122.2501052131319,37.86683645408831,7 -122.2504991362331,37.86674846475851,7 -122.2504443046945,37.8663545416573,7 -122.2500503815933,37.86644253098711,7 
								</coordinates>
							</LinearRing>
						</outerBoundaryIs>
					</Polygon>
				</Placemark>
				<Placemark>
					<name>2641 COLLEGE Ave</name>
					<description><![CDATA[<b>2641 COLLEGE Ave</b><br/><b>Units:</b> 3<br/><b>VLI Units:</b> 0<br/><b>Stories:</b> 3<br/><b>Height:</b> 10.5m<br/><b>Status:</b> In Review<br/><i>(height estimated from units)</i>]]></description>
					<styleUrl>#style_In_Review11</styleUrl>
					<Polygon>
						<extrude>1</extrude>
						<altitudeMode>relativeToGround</altitudeMode>
						<outerBoundaryIs>
							<LinearRing>
								<coordinates>
									-122.2530144932475,37.86233481109458,10.5 -122.2530693247861,37.86272873419578,10.5 -122.2534632478873,37.86264074486598,10.5 -122.2534084163487,37.86224682176477,10.5 -122.2530144932475,37.86233481109458,10.5 
								</coordinates>
							</LinearRing>
						</outerBoundaryIs>
					</Polygon>
				</Placemark>
				<Placemark>
					<name>2205 BLAKE St</name>
					<description><![CDATA[<b>2205 BLAKE St</b><br/><b>Units:</b> 3<br/><b>VLI Units:</b> 0<br/><b>Stories:</b> 3<br/><b>Height:</b> 10.5m<br/><b>Status:</b> In Review]]></description>
					<styleUrl>#style_In_Review11</styleUrl>
					<Polygon>
						<extrude>1</extrude>
						<altitudeMode>relativeToGround</altitudeMode>
						<outerBoundaryIs>
							<LinearRing>
								<coordinates>
									-122.2646026220721,37.86349018533092,10.5 -122.2646574536107,37.86388410843212,10.5 -122.2650513767119,37.86379611910232,10.5 -122.2649965451733,37.86340219600111,10.5 -122.2646026220721,37.86349018533092,10.5 
								</coordinates>
							</LinearRing>
						</outerBoundaryIs>
					</Polygon>
				</Placemark>
				<Placemark>
					<name>2221 FIFTH St</name>
					<description><![CDATA[<b>2221 FIFTH St</b><br/><b>Units:</b> 3<br/><b>VLI Units:</b> 0<br/><b>Stories:</b> 3<br/><b>Height:</b> 10.5m<br/><b>Status:</b> In Review<br/><i>(height estimated from units)</i>]]></description>
					<styleUrl>#style_In_Review11</styleUrl>
					<Polygon>
						<extrude>1</extrude>
						<altitudeMode>relativeToGround</altitudeMode>
						<outerBoundaryIs>
							<LinearRing>
								<coordinates>
									-122.2971229630672,37.86419317210891,10.5 -122.2971777946058,37.86458709521011,10.5 -122.297571717707,37.86449910588031,10.5 -122.2975168861684,37.8641051827791,10.5 -122.2971229630672,37.86419317210891,10.5 
								</coordinates>
							</LinearRing>
						</outerBoundaryIs>
					</Polygon>
				</Placemark>
				<Placemark>
					<name>1650 FIFTH St</name>
					<description><![CDATA[<b>1650 FIFTH St</b><br/><b>Units:</b> 3<br/><b>VLI Units:</b> 0<br/><b>Stories:</b> 3<br/><b>Height:</b> 10.5m<br/><b>Status:</b> In Review<br/><i>(height estimated from units)</i>]]></description>
					<styleUrl>#style_In_Review11</styleUrl>
					<Polygon>
						<extrude>1</extrude>
						<altitudeMode>relativeToGround</altitudeMode>
						<outerBoundaryIs>
							<LinearRing>
								<coordinates>
									-122.3004017545654,37.87209371294543,10.5 -122.300456586104,37.87248763604664,10.5 -122.3008505092053,37.87239964671683,10.5 -122.3007956776666,37.87200572361562,10.5 -122.3004017545654,37.87209371294543,10.5 
								</coordinates>
							</LinearRing>
						</outerBoundaryIs>
					</Polygon>
				</Placemark>
				<Placemark>
					<name>3101 SACRAMENTO St</name>
					<description><![CDATA[<b>3101 SACRAMENTO St</b><br/><b>Units:</b> 3<br/><b>VLI Units:</b> 0<br/><b>Stories:</b> 3<br/><b>Height:</b> 10.5m<br/><b>Status:</b> In Review<br/><i>(height estimated from units)</i>]]></description>
					<styleUrl>#style_In_Review11</styleUrl>
					<Polygon>
						<extrude>1</extrude>
						<altitudeMode>relativeToGround</altitudeMode>
						<outerBoundaryIs>
							<LinearRing>
								<coordinates>
									-122.2780421140185,37.85120062847681,10.5 -122.2780969455571,37.85159455157802,10.5 -122.2784908686583,37.85150656224821,10.5 -122.2784360371197,37.851112639147,10.5 -122.2780421140185,37.85120062847681,10.5 
								</coordinates>
							</LinearRing>
						</outerBoundaryIs>
					</Polygon>
				</Placemark>
				<Placemark>
					<name>1449 CORNELL Ave</name>
					<description><![CDATA[<b>1449 CORNELL Ave</b><br/><b>Units:</b> 3<br/><b>VLI Units:</b> 0<br/><b>Stories:</b> 2<br/><b>Height:</b> 18.3m<br/><b>Status:</b> In Review]]></description>
					<styleUrl>#style_In_Review11</styleUrl>
					<Polygon>
						<extrude>1</extrude>
						<altitudeMode>relativeToGround</altitudeMode>
						<outerBoundaryIs>
							<LinearRing>
								<coordinates>
									-122.2916642163942,37.87742721992729,18.3 -122.2917190479329,37.8778211430285,18.3 -122.2921129710341,37.87773315369869,18.3 -122.2920581394955,37.87733923059749,18.3 -122.2916642163942,37.87742721992729,18.3 
								</coordinates>
							</LinearRing>
						</outerBoundaryIs>
					</Polygon>
				</Placemark>
				<Placemark>
					<name>1514 WALNUT St</name>
					<description><![CDATA[<b>1514 WALNUT St</b><br/><b>Units:</b> 3<br/><b>VLI Units:</b> 0<br/><b>Stories:</b> 3<br/><b>Height:</b> 10.5m<br/><b>Status:</b> In Review<br/><i>(height estimated from units)</i>]]></description>
					<styleUrl>#style_In_Review11</styleUrl>
					<Polygon>
						<extrude>1</extrude>
						<altitudeMode>relativeToGround</altitudeMode>
						<outerBoundaryIs>
							<LinearRing>
								<coordinates>
									-122.2682220367597,37.87954021189529,10.5 -122.2682768682983,37.8799341349965,10.5 -122.2686707913995,37.87984614566669,10.5 -122.2686159598609,37.87945222256548,10.5 -122.2682220367597,37.87954021189529,10.5 
								</coordinates>
							</LinearRing>
						</outerBoundaryIs>
					</Polygon>
				</Placemark>
				<Placemark>
					<name>1464 SIXTH St</name>
					<description><![CDATA[<b>1464 SIXTH St</b><br/><b>Units:</b> 3<br/><b>VLI Units:</b> 0<br/><b>Stories:</b> 3<br/><b>Height:</b> 10.5m<br/><b>Status:</b> In Review<br/><i>(height estimated from units)</i>]]></description>
					<styleUrl>#style_In_Review11</styleUrl>
					<Polygon>
						<extrude>1</extrude>
						<altitudeMode>relativeToGround</altitudeMode>
						<outerBoundaryIs>
							<LinearRing>
								<coordinates>
									-122.300180610902,37.87518724572041,10.5 -122.3002354424406,37.87558116882162,10.5 -122.3006293655418,37.87549317949181,10.5 -122.3005745340032,37.87509925639061,10.5 -122.300180610902,37.87518724572041,10.5 
								</coordinates>
							</LinearRing>
						</outerBoundaryIs>
					</Polygon>
				</Placemark>
				<Placemark>
					<name>2812 EIGHTH St</name>
					<description><![CDATA[<b>2812 EIGHTH St</b><br/><b>Units:</b> 3<br/><b>VLI Units:</b> 0<br/><b>Stories:</b> 3<br/><b>Height:</b> 10.5m<br/><b>Status:</b> In Review]]></description>
					<styleUrl>#style_In_Review11</styleUrl>
					<Polygon>
						<extrude>1</extrude>
						<altitudeMode>relativeToGround</altitudeMode>
						<outerBoundaryIs>
							<LinearRing>
								<coordinates>
									-122.2913056125261,37.85482337137027,10.5 -122.2913604440647,37.85521729447147,10.5 -122.2917543671659,37.85512930514167,10.5 -122.2916995356273,37.85473538204046,10.5 -122.2913056125261,37.85482337137027,10.5 
								</coordinates>
							</LinearRing>
						</outerBoundaryIs>
					</Polygon>
				</Placemark>
				<Placemark>
					<name>2201 BLAKE St</name>
					<description><![CDATA[<b>2201 BLAKE St</b><br/><b>Units:</b> 3<br/><b>VLI Units:</b> 0<br/><b>Stories:</b> 3<br/><b>Height:</b> 10.5m<br/><b>Status:</b> Entitled]]></description>
					<styleUrl>#style_Entitled3</styleUrl>
					<Polygon>
						<extrude>1</extrude>
						<altitudeMode>relativeToGround</altitudeMode>
						<outerBoundaryIs>
							<LinearRing>
								<coordinates>
									-122.2646026220721,37.86349018533092,10.5 -122.2646574536107,37.86388410843212,10.5 -122.2650513767119,37.86379611910232,10.5 -122.2649965451733,37.86340219600111,10.5 -122.2646026220721,37.86349018533092,10.5 
								</coordinates>
							</LinearRing>
						</outerBoundaryIs>
					</Polygon>
				</Placemark>
				<Placemark>
					<name>2833 Seventh St</name>
					<description><![CDATA[<b>2833 Seventh St</b><br/><b>Units:</b> 3<br/><b>VLI Units:</b> 0<br/><b>Stories:</b> 2<br/><b>Height:</b> 7.0m<br/><b>Status:</b> Entitled]]></description>
					<styleUrl>#style_Entitled3</styleUrl>
					<Polygon>
						<extrude>1</extrude>
						<altitudeMode>relativeToGround</altitudeMode>
						<outerBoundaryIs>
							<LinearRing>
								<coordinates>
									-122.2953924305375,37.86391082406296,7 -122.2954472620762,37.86430474716417,7 -122.2958411851774,37.86421675783436,7 -122.2957863536387,37.86382283473316,7 -122.2953924305375,37.86391082406296,7 
								</coordinates>
							</LinearRing>
						</outerBoundaryIs>
					</Polygon>
				</Placemark>
				<Placemark>
					<name>1614 Sixth St</name>
					<description><![CDATA[<b>1614 Sixth St</b><br/><b>Units:</b> 3<br/><b>VLI Units:</b> 0<br/><b>Stories:</b> 3<br/><b>Height:</b> 10.7m<br/><b>Status:</b> Entitled<br/><i>(height estimated from units)</i>]]></description>
					<styleUrl>#style_Entitled3</styleUrl>
					<Polygon>
						<extrude>1</extrude>
						<altitudeMode>relativeToGround</altitudeMode>
						<outerBoundaryIs>
							<LinearRing>
								<coordinates>
									-122.2995342434107,37.8731831365339,10.7 -122.2995890749493,37.8735770596351,10.7 -122.2999829980505,37.8734890703053,10.7 -122.2999281665119,37.87309514720409,10.7 -122.2995342434107,37.8731831365339,10.7 
								</coordinates>
							</LinearRing>
						</outerBoundaryIs>
					</Polygon>
				</Placemark>
				<Placemark>
					<name>1716 SEVENTH St</name>
					<description><![CDATA[<b>1716 SEVENTH St</b><br/><b>Units:</b> 2<br/><b>VLI Units:</b> 0<br/><b>Stories:</b> 3<br/><b>Height:</b> 10.5m<br/><b>Status:</b> In Review<br/><i>(height estimated from units)</i>]]></description>
					<styleUrl>#style_In_Review11</styleUrl>
					<Polygon>
						<extrude>1</extrude>
						<altitudeMode>relativeToGround</altitudeMode>
						<outerBoundaryIs>
							<LinearRing>
								<coordinates>
									-122.2978899347753,37.87167957389352,10.5 -122.2979447663139,37.87207349699472,10.5 -122.2983386894151,37.87198550766492,10.5 -122.2982838578765,37.87159158456371,10.5 -122.2978899347753,37.87167957389352,10.5 
								</coordinates>
							</LinearRing>
						</outerBoundaryIs>
					</Polygon>
				</Placemark>
				<Placemark>
					<name>1515 DERBY St</name>
					<description><![CDATA[<b>1515 DERBY St</b><br/><b>Units:</b> 2<br/><b>VLI Units:</b> 0<br/><b>Stories:</b> 3<br/><b>Height:</b> 10.5m<br/><b>Status:</b> In Review<br/><i>(height estimated from units)</i>]]></description>
					<styleUrl>#style_In_Review11</styleUrl>
					<Polygon>
						<extrude>1</extrude>
						<altitudeMode>relativeToGround</altitudeMode>
						<outerBoundaryIs>
							<LinearRing>
								<coordinates>
									-122.2792903877845,37.85890861563039,10.5 -122.2793452193231,37.8593025387316,10.5 -122.2797391424243,37.85921454940179,10.5 -122.2796843108857,37.85882062630058,10.5 -122.2792903877845,37.85890861563039,10.5 
								</coordinates>
							</LinearRing>
						</outerBoundaryIs>
					</Polygon>
				</Placemark>
				<Placemark>
					<name>1922 FRANCISCO St</name>
					<description><![CDATA[<b>1922 FRANCISCO St</b><br/><b>Units:</b> 2<br/><b>VLI Units:</b> 0<br/><b>Stories:</b> 3<br/><b>Height:</b> 10.5m<br/><b>Status:</b> In Review]]></description>
					<styleUrl>#style_In_Review11</styleUrl>
					<Polygon>
						<extrude>1</extrude>
						<altitudeMode>relativeToGround</altitudeMode>
						<outerBoundaryIs>
							<LinearRing>
								<coordinates>
									-122.2720028364831,37.87482690337868,10.5 -122.2720576680217,37.87522082647988,10.5 -122.272451591123,37.87513283715008,10.5 -122.2723967595843,37.87473891404887,10.5 -122.2720028364831,37.87482690337868,10.5 
								</coordinates>
							</LinearRing>
						</outerBoundaryIs>
					</Polygon>
				</Placemark>
				<Placemark>
					<name>2204 DWIGHT Way</name>
					<description><![CDATA[<b>2204 DWIGHT Way</b><br/><b>Units:</b> 2<br/><b>VLI Units:</b> 0<br/><b>Stories:</b> 3<br/><b>Height:</b> 10.5m<br/><b>Status:</b> Decision Pending]]></description>
					<styleUrl>#style_Decision_Pending3</styleUrl>
					<Polygon>
						<extrude>1</extrude>
						<altitudeMode>relativeToGround</altitudeMode>
						<outerBoundaryIs>
							<LinearRing>
								<coordinates>
									-122.2646408660487,37.8638612777474,10.5 -122.2646956975873,37.86425520084861,10.5 -122.2650896206885,37.8641672115188,10.5 -122.2650347891499,37.8637732884176,10.5 -122.2646408660487,37.8638612777474,10.5 
								</coordinates>
							</LinearRing>
						</outerBoundaryIs>
					</Polygon>
				</Placemark>
				<Placemark>
					<name>1419 GRANT St</name>
					<description><![CDATA[<b>1419 GRANT St</b><br/><b>Units:</b> 2<br/><b>VLI Units:</b> 0<br/><b>Stories:</b> 3<br/><b>Height:</b> 10.5m<br/><b>Status:</b> In Review<br/><i>(height estimated from units)</i>]]></description>
					<styleUrl>#style_In_Review11</styleUrl>
					<Polygon>
						<extrude>1</extrude>
						<altitudeMode>relativeToGround</altitudeMode>
						<outerBoundaryIs>
							<LinearRing>
								<coordinates>
									-122.2757103237978,37.88027525983528,10.5 -122.2757651553365,37.88066918293649,10.5 -122.2761590784377,37.88058119360668,10.5 -122.2761042468991,37.88018727050547,10.5 -122.2757103237978,37.88027525983528,10.5 
								</coordinates>
							</LinearRing>
						</outerBoundaryIs>
					</Polygon>
				</Placemark>
				<Placemark>
					<name>1236 DWIGHT Way</name>
					<description><![CDATA[<b>1236 DWIGHT Way</b><br/><b>Units:</b> 2<br/><b>VLI Units:</b> 0<br/><b>Stories:</b> 3<br/><b>Height:</b> 10.5m<br/><b>Status:</b> In Review<br/><i>(height estimated from units)</i>]]></description>
					<styleUrl>#style_In_Review11</styleUrl>
					<Polygon>
						<extrude>1</extrude>
						<altitudeMode>relativeToGround</altitudeMode>
						<outerBoundaryIs>
							<LinearRing>
								<coordinates>
									-122.2855024859092,37.86121881440641,10.5 -122.2855573174478,37.86161273750762,10.5 -122.285951240549,37.86152474817781,10.5 -122.2858964090104,37.86113082507661,10.5 -122.2855024859092,37.86121881440641,10.5 
								</coordinates>
							</LinearRing>
						</outerBoundaryIs>
					</Polygon>
				</Placemark>
				<Placemark>
					<name>2808 NINTH St</name>
					<description><![CDATA[<b>2808 NINTH St</b><br/><b>Units:</b> 2<br/><b>VLI Units:</b> 0<br/><b>Stories:</b> 3<br/><b>Height:</b> 10.5m<br/><b>Status:</b> In Review<br/><i>(height estimated from units)</i>]]></description>
					<styleUrl>#style_In_Review11</styleUrl>
					<Polygon>
						<extrude>1</extrude>
						<altitudeMode>relativeToGround</altitudeMode>
						<outerBoundaryIs>
							<LinearRing>
								<coordinates>
									-122.2902571869613,37.85513479698861,10.5 -122.2903120184999,37.85552872008981,10.5 -122.2907059416012,37.85544073076001,10.5 -122.2906511100625,37.8550468076588,10.5 -122.2902571869613,37.85513479698861,10.5 
								</coordinates>
							</LinearRing>
						</outerBoundaryIs>
					</Polygon>
				</Placemark>
				<Placemark>
					<name>3001 BENVENUE Ave</name>
					<description><![CDATA[<b>3001 BENVENUE Ave</b><br/><b>Units:</b> 1<br/><b>VLI Units:</b> 0<br/><b>Stories:</b> 3<br/><b>Height:</b> 10.5m<br/><b>Status:</b> Decision Pending<br/><i>(height estimated from units)</i>]]></description>
					<styleUrl>#style_Decision_Pending3</styleUrl>
					<Polygon>
						<extrude>1</extrude>
						<altitudeMode>relativeToGround</altitudeMode>
						<outerBoundaryIs>
							<LinearRing>
								<coordinates>
									-122.2534800415502,37.85568755482251,10.5 -122.2535348730888,37.85608147792372,10.5 -122.25392879619,37.85599348859391,10.5 -122.2538739646514,37.8555995654927,10.5 -122.2534800415502,37.85568755482251,10.5 
								</coordinates>
							</LinearRing>
						</outerBoundaryIs>
					</Polygon>
				</Placemark>
				<Placemark>
					<name>40 HILL Rd</name>
					<description><![CDATA[<b>40 HILL Rd</b><br/><b>Units:</b> 1<br/><b>VLI Units:</b> 0<br/><b>Stories:</b> 3<br/><b>Height:</b> 10.5m<br/><b>Status:</b> Application Submitted<br/><i>(height estimated from units)</i>]]></description>
					<styleUrl>#style_Application_Submitted3</styleUrl>
					<Polygon>
						<extrude>1</extrude>
						<altitudeMode>relativeToGround</altitudeMode>
						<outerBoundaryIs>
							<LinearRing>
								<coordinates>
									-122.2511011787104,37.88917657941289,10.5 -122.251156010249,37.8895705025141,10.5 -122.2515499333502,37.88948251318429,10.5 -122.2514951018116,37.88908859008308,10.5 -122.2511011787104,37.88917657941289,10.5 
								</coordinates>
							</LinearRing>
						</outerBoundaryIs>
					</Polygon>
				</Placemark>
				<Placemark>
					<name>5 W PARNASSUS Ct</name>
					<description><![CDATA[<b>5 W PARNASSUS Ct</b><br/><b>Units:</b> 1<br/><b>VLI Units:</b> 0<br/><b>Stories:</b> 3<br/><b>Height:</b> 10.5m<br/><b>Status:</b> In Review<br/><i>(height estimated from units)</i>]]></description>
					<styleUrl>#style_In_Review11</styleUrl>
					<Polygon>
						<extrude>1</extrude>
						<altitudeMode>relativeToGround</altitudeMode>
						<outerBoundaryIs>
							<LinearRing>
								<coordinates>
									-122.2538215181392,37.88093621339152,10.5 -122.2538763496778,37.88133013649273,10.5 -122.254270272779,37.88124214716292,10.5 -122.2542154412404,37.88084822406172,10.5 -122.2538215181392,37.88093621339152,10.5 
								</coordinates>
							</LinearRing>
						</outerBoundaryIs>
					</Polygon>
				</Placemark>
				<Placemark>
					<name>0 LE ROY Ave</name>
					<description><![CDATA[<b>0 LE ROY Ave</b><br/><b>Units:</b> 1<br/><b>VLI Units:</b> 0<br/><b>Stories:</b> 3<br/><b>Height:</b> 10.5m<br/><b>Status:</b> In Review<br/><i>(height estimated from units)</i>]]></description>
					<styleUrl>#style_In_Review11</styleUrl>
					<Polygon>
						<extrude>1</extrude>
						<altitudeMode>relativeToGround</altitudeMode>
						<outerBoundaryIs>
							<LinearRing>
								<coordinates>
									-122.2647756226801,37.8783470331143,10.5 -122.2648304542187,37.87874095621551,10.5 -122.2652243773199,37.8786529668857,10.5 -122.2651695457813,37.8782590437845,10.5 -122.2647756226801,37.8783470331143,10.5 
								</coordinates>
							</LinearRing>
						</outerBoundaryIs>
					</Polygon>
				</Placemark>
				<Placemark>
					<name>2328 GRANT St</name>
					<description><![CDATA[<b>2328 GRANT St</b><br/><b>Units:</b> 1<br/><b>VLI Units:</b> 0<br/><b>Stories:</b> 3<br/><b>Height:</b> 10.5m<br/><b>Status:</b> In Review<br/><i>(height estimated from units)</i>]]></description>
					<styleUrl>#style_In_Review11</styleUrl>
					<Polygon>
						<extrude>1</extrude>
						<altitudeMode>relativeToGround</altitudeMode>
						<outerBoundaryIs>
							<LinearRing>
								<coordinates>
									-122.2748019159415,37.86566641284572,10.5 -122.2748567474801,37.86606033594693,10.5 -122.2752506705813,37.86597234661712,10.5 -122.2751958390427,37.86557842351591,10.5 -122.2748019159415,37.86566641284572,10.5 
								</coordinates>
							</LinearRing>
						</outerBoundaryIs>
					</Polygon>
				</Placemark>
				<Placemark>
					<name>1939 MARIN Ave</name>
					<description><![CDATA[<b>1939 MARIN Ave</b><br/><b>Units:</b> 1<br/><b>VLI Units:</b> 0<br/><b>Stories:</b> 3<br/><b>Height:</b> 10.5m<br/><b>Status:</b> In Review<br/><i>(height estimated from units)</i>]]></description>
					<styleUrl>#style_In_Review11</styleUrl>
					<Polygon>
						<extrude>1</extrude>
						<altitudeMode>relativeToGround</altitudeMode>
						<outerBoundaryIs>
							<LinearRing>
								<coordinates>
									-122.274613842857,37.88948054990688,10.5 -122.2746686743956,37.88987447300808,10.5 -122.2750625974968,37.88978648367828,10.5 -122.2750077659582,37.88939256057707,10.5 -122.274613842857,37.88948054990688,10.5 
								</coordinates>
							</LinearRing>
						</outerBoundaryIs>
					</Polygon>
				</Placemark>
				<Placemark>
					<name>1731 ADDISON St</name>
					<description><![CDATA[<b>1731 ADDISON St</b><br/><b>Units:</b> 1<br/><b>VLI Units:</b> 0<br/><b>Stories:</b> 3<br/><b>Height:</b> 10.5m<br/><b>Status:</b> In Review<br/><i>(height estimated from units)</i>]]></description>
					<styleUrl>#style_In_Review11</styleUrl>
					<Polygon>
						<extrude>1</extrude>
						<altitudeMode>relativeToGround</altitudeMode>
						<outerBoundaryIs>
							<LinearRing>
								<coordinates>
									-122.2758213636518,37.87029305390687,10.5 -122.2758761951904,37.87068697700808,10.5 -122.2762701182916,37.87059898767827,10.5 -122.276215286753,37.87020506457706,10.5 -122.2758213636518,37.87029305390687,10.5 
								</coordinates>
							</LinearRing>
						</outerBoundaryIs>
					</Polygon>
				</Placemark>
				<Placemark>
					<name>1420 FIFTH St</name>
					<description><![CDATA[<b>1420 FIFTH St</b><br/><b>Units:</b> 1<br/><b>VLI Units:</b> 0<br/><b>Stories:</b> 3<br/><b>Height:</b> 10.5m<br/><b>Status:</b> Decision Pending<br/><i>(height estimated from units)</i>]]></description>
					<styleUrl>#style_Decision_Pending3</styleUrl>
					<Polygon>
						<extrude>1</extrude>
						<altitudeMode>relativeToGround</altitudeMode>
						<outerBoundaryIs>
							<LinearRing>
								<coordinates>
									-122.3017278386047,37.87639587469436,10.5 -122.3017826701433,37.87678979779557,10.5 -122.3021765932445,37.87670180846576,10.5 -122.3021217617059,37.87630788536455,10.5 -122.3017278386047,37.87639587469436,10.5 
								</coordinates>
							</LinearRing>
						</outerBoundaryIs>
					</Polygon>
				</Placemark>
				<Placemark>
					<name>1139 KEELER Ave</name>
					<description><![CDATA[<b>1139 KEELER Ave</b><br/><b>Units:</b> 1<br/><b>VLI Units:</b> 0<br/><b>Stories:</b> 3<br/><b>Height:</b> 10.5m<br/><b>Status:</b> In Review<br/><i>(height estimated from units)</i>]]></description>
					<styleUrl>#style_In_Review11</styleUrl>
					<Polygon>
						<extrude>1</extrude>
						<altitudeMode>relativeToGround</altitudeMode>
						<outerBoundaryIs>
							<LinearRing>
								<coordinates>
									-122.2573512072996,37.88955282125708,10.5 -122.2574060388382,37.88994674435829,10.5 -122.2577999619394,37.88985875502848,10.5 -122.2577451304008,37.88946483192728,10.5 -122.2573512072996,37.88955282125708,10.5 
								</coordinates>
							</LinearRing>
						</outerBoundaryIs>
					</Polygon>
				</Placemark>
				<Placemark>
					<name>1111 ALLSTON Way</name>
					<description><![CDATA[<b>1111 ALLSTON Way</b><br/><b>Units:</b> 1<br/><b>VLI Units:</b> 0<br/><b>Stories:</b> 3<br/><b>Height:</b> 10.5m<br/><b>Status:</b> In Review<br/><i>(height estimated from units)</i>]]></description>
					<styleUrl>#style_In_Review11</styleUrl>
					<Polygon>
						<extrude>1</extrude>
						<altitudeMode>relativeToGround</altitudeMode>
						<outerBoundaryIs>
							<LinearRing>
								<coordinates>
									-122.2903597736685,37.86658836271054,10.5 -122.2904146052071,37.86698228581175,10.5 -122.2908085283083,37.86689429648195,10.5 -122.2907536967697,37.86650037338074,10.5 -122.2903597736685,37.86658836271054,10.5 
								</coordinates>
							</LinearRing>
						</outerBoundaryIs>
					</Polygon>
				</Placemark>
				<Placemark>
					<name>659 GRIZZLY PEAK Blvd</name>
					<description><![CDATA[<b>659 GRIZZLY PEAK Blvd</b><br/><b>Units:</b> 1<br/><b>VLI Units:</b> 0<br/><b>Stories:</b> 3<br/><b>Height:</b> 10.5m<br/><b>Status:</b> Application Submitted<br/><i>(height estimated from units)</i>]]></description>
					<styleUrl>#style_Application_Submitted3</styleUrl>
					<Polygon>
						<extrude>1</extrude>
						<altitudeMode>relativeToGround</altitudeMode>
						<outerBoundaryIs>
							<LinearRing>
								<coordinates>
									-122.2652378064364,37.89997209075791,10.5 -122.2652926379751,37.90036601385912,10.5 -122.2656865610763,37.90027802452931,10.5 -122.2656317295376,37.89988410142811,10.5 -122.2652378064364,37.89997209075791,10.5 
								</coordinates>
							</LinearRing>
						</outerBoundaryIs>
					</Polygon>
				</Placemark>
				<Placemark>
					<name>1621 SACRAMENTO St</name>
					<description><![CDATA[<b>1621 SACRAMENTO St</b><br/><b>Units:</b> 1<br/><b>VLI Units:</b> 0<br/><b>Stories:</b> 3<br/><b>Height:</b> 10.5m<br/><b>Status:</b> In Review<br/><i>(height estimated from units)</i>]]></description>
					<styleUrl>#style_In_Review11</styleUrl>
					<Polygon>
						<extrude>1</extrude>
						<altitudeMode>relativeToGround</altitudeMode>
						<outerBoundaryIs>
							<LinearRing>
								<coordinates>
									-122.282020447883,37.87592435867789,10.5 -122.2820752794216,37.8763182817791,10.5 -122.2824692025228,37.87623029244929,10.5 -122.2824143709842,37.87583636934809,10.5 -122.282020447883,37.87592435867789,10.5 
								</coordinates>
							</LinearRing>
						</outerBoundaryIs>
					</Polygon>
				</Placemark>
				<Placemark>
					<name>2820 SAN PABLO Ave</name>
					<description><![CDATA[<b>2820 SAN PABLO Ave</b><br/><b>Units:</b> 1<br/><b>VLI Units:</b> 0<br/><b>Stories:</b> 2<br/><b>Height:</b> 7.0m<br/><b>Status:</b> Entitled]]></description>
					<styleUrl>#style_Entitled3</styleUrl>
					<Polygon>
						<extrude>1</extrude>
						<altitudeMode>relativeToGround</altitudeMode>
						<outerBoundaryIs>
							<LinearRing>
								<coordinates>
									-122.2878959426801,37.8551487031143,7 -122.2879507742187,37.85554262621551,7 -122.2883446973199,37.8554546368857,7 -122.2882898657813,37.8550607137845,7 -122.2878959426801,37.8551487031143,7 
								</coordinates>
							</LinearRing>
						</outerBoundaryIs>
					</Polygon>
				</Placemark>
				<Placemark>
					<name>0 PARKER St</name>
					<description><![CDATA[<b>0 PARKER St</b><br/><b>Units:</b> 1<br/><b>VLI Units:</b> 0<br/><b>Stories:</b> 3<br/><b>Height:</b> 10.5m<br/><b>Status:</b> Entitled<br/><i>(height estimated from units)</i>]]></description>
					<styleUrl>#style_Entitled3</styleUrl>
					<Polygon>
						<extrude>1</extrude>
						<altitudeMode>relativeToGround</altitudeMode>
						<outerBoundaryIs>
							<LinearRing>
								<coordinates>
									-122.2667756226801,37.8598470331143,10.5 -122.2668304542187,37.86024095621551,10.5 -122.2672243773199,37.8601529668857,10.5 -122.2671695457813,37.85975904378449,10.5 -122.2667756226801,37.8598470331143,10.5 
								</coordinates>
							</LinearRing>
						</outerBoundaryIs>
					</Polygon>
				</Placemark>
				<Placemark>
					<name>1522 JOSEPHINE St</name>
					<description><![CDATA[<b>1522 JOSEPHINE St</b><br/><b>Units:</b> 0<br/><b>VLI Units:</b> 0<br/><b>Stories:</b> 3<br/><b>Height:</b> 10.5m<br/><b>Status:</b> In Review<br/><i>(height estimated from units)</i>]]></description>
					<styleUrl>#style_In_Review11</styleUrl>
					<Polygon>
						<extrude>1</extrude>
						<altitudeMode>relativeToGround</altitudeMode>
						<outerBoundaryIs>
							<LinearRing>
								<coordinates>
									-122.2750222205784,37.87838444125168,10.5 -122.275077052117,37.87877836435288,10.5 -122.2754709752182,37.87869037502308,10.5 -122.2754161436796,37.87829645192187,10.5 -122.2750222205784,37.87838444125168,10.5 
								</coordinates>
							</LinearRing>
						</outerBoundaryIs>
					</Polygon>
				</Placemark>
				<Placemark>
					<name>3035 COLBY St</name>
					<description><![CDATA[<b>3035 COLBY St</b><br/><b>Units:</b> 0<br/><b>VLI Units:</b> 0<br/><b>Stories:</b> 3<br/><b>Height:</b> 10.5m<br/><b>Status:</b> Entitled<br/><i>(height estimated from units)</i>]]></description>
					<styleUrl>#style_Entitled3</styleUrl>
					<Polygon>
						<extrude>1</extrude>
						<altitudeMode>relativeToGround</altitudeMode>
						<outerBoundaryIs>
							<LinearRing>
								<coordinates>
									-122.2570408914712,37.85394612334029,10.5 -122.2570957230099,37.8543400464415,10.5 -122.2574896461111,37.85425205711169,10.5 -122.2574348145724,37.85385813401049,10.5 -122.2570408914712,37.85394612334029,10.5 
								</coordinates>
							</LinearRing>
						</outerBoundaryIs>
					</Polygon>
				</Placemark>
				<Placemark>
					<name>1136 KEITH Ave</name>
					<description><![CDATA[<b>1136 KEITH Ave</b><br/><b>Units:</b> 0<br/><b>VLI Units:</b> 0<br/><b>Stories:</b> 3<br/><b>Height:</b> 10.5m<br/><b>Status:</b> In Review<br/><i>(height estimated from units)</i>]]></description>
					<styleUrl>#style_In_Review11</styleUrl>
					<Polygon>
						<extrude>1</extrude>
						<altitudeMode>relativeToGround</altitudeMode>
						<outerBoundaryIs>
							<LinearRing>
								<coordinates>
									-122.2602968433034,37.88833701943776,10.5 -122.260351674842,37.88873094253896,10.5 -122.2607455979432,37.88864295320916,10.5 -122.2606907664046,37.88824903010795,10.5 -122.2602968433034,37.88833701943776,10.5 
								</coordinates>
							</LinearRing>
						</outerBoundaryIs>
					</Polygon>
				</Placemark>
				<Placemark>
					<name>1730 PARKER St</name>
					<description><![CDATA[<b>1730 PARKER St</b><br/><b>Units:</b> 0<br/><b>VLI Units:</b> 0<br/><b>Stories:</b> 3<br/><b>Height:</b> 10.5m<br/><b>Status:</b> Application Submitted<br/><i>(height estimated from units)</i>]]></description>
					<styleUrl>#style_Application_Submitted3</styleUrl>
					<Polygon>
						<extrude>1</extrude>
						<altitudeMode>relativeToGround</altitudeMode>
						<outerBoundaryIs>
							<LinearRing>
								<coordinates>
									-122.2744111173519,37.86073991612134,10.5 -122.2744659488905,37.86113383922255,10.5 -122.2748598719917,37.86104584989274,10.5 -122.2748050404531,37.86065192679153,10.5 -122.2744111173519,37.86073991612134,10.5 
								</coordinates>
							</LinearRing>
						</outerBoundaryIs>
					</Polygon>
				</Placemark>
				<Placemark>
					<name>2740 SHASTA Rd</name>
					<description><![CDATA[<b>2740 SHASTA Rd</b><br/><b>Units:</b> 0<br/><b>VLI Units:</b> 0<br/><b>Stories:</b> 3<br/><b>Height:</b> 10.5m<br/><b>Status:</b> Application Submitted<br/><i>(height estimated from units)</i>]]></description>
					<styleUrl>#style_Application_Submitted3</styleUrl>
					<Polygon>
						<extrude>1</extrude>
						<altitudeMode>relativeToGround</altitudeMode>
						<outerBoundaryIs>
							<LinearRing>
								<coordinates>
									-122.2580642369715,37.88619936779916,10.5 -122.2581190685102,37.88659329090037,10.5 -122.2585129916114,37.88650530157057,10.5 -122.2584581600728,37.88611137846936,10.5 -122.2580642369715,37.88619936779916,10.5 
								</coordinates>
							</LinearRing>
						</outerBoundaryIs>
					</Polygon>
				</Placemark>
				<Placemark>
					<name>1109 COWPER St</name>
					<description><![CDATA[<b>1109 COWPER St</b><br/><b>Units:</b> 0<br/><b>VLI Units:</b> 0<br/><b>Stories:</b> 3<br/><b>Height:</b> 10.5m<br/><b>Status:</b> In Review<br/><i>(height estimated from units)</i>]]></description>
					<styleUrl>#style_In_Review11</styleUrl>
					<Polygon>
						<extrude>1</extrude>
						<altitudeMode>relativeToGround</altitudeMode>
						<outerBoundaryIs>
							<LinearRing>
								<coordinates>
									-122.2907930553845,37.86744293316329,10.5 -122.2908478869231,37.8678368562645,10.5 -122.2912418100244,37.86774886693469,10.5 -122.2911869784857,37.86735494383348,10.5 -122.2907930553845,37.86744293316329,10.5 
								</coordinates>
							</LinearRing>
						</outerBoundaryIs>
					</Polygon>
				</Placemark>
				<Placemark>
					<name>705 ARLINGTON Ave</name>
					<description><![CDATA[<b>705 ARLINGTON Ave</b><br/><b>Units:</b> 0<br/><b>VLI Units:</b> 0<br/><b>Stories:</b> 3<br/><b>Height:</b> 10.5m<br/><b>Status:</b> In Review<br/><i>(height estimated from units)</i>]]></description>
					<styleUrl>#style_In_Review11</styleUrl>
					<Polygon>
						<extrude>1</extrude>
						<altitudeMode>relativeToGround</altitudeMode>
						<outerBoundaryIs>
							<LinearRing>
								<coordinates>
									-122.2754095849087,37.89732409487653,10.5 -122.2754644164473,37.89771801797774,10.5 -122.2758583395486,37.89763002864793,10.5 -122.2758035080099,37.89723610554672,10.5 -122.2754095849087,37.89732409487653,10.5 
								</coordinates>
							</LinearRing>
						</outerBoundaryIs>
					</Polygon>
				</Placemark>
				<Placemark>
					<name>2027 SEVENTH St</name>
					<description><![CDATA[<b>2027 SEVENTH St</b><br/><b>Units:</b> 0<br/><b>VLI Units:</b> 0<br/><b>Stories:</b> 3<br/><b>Height:</b> 10.5m<br/><b>Status:</b> In Review<br/><i>(height estimated from units)</i>]]></description>
					<styleUrl>#style_In_Review11</styleUrl>
					<Polygon>
						<extrude>1</extrude>
						<altitudeMode>relativeToGround</altitudeMode>
						<outerBoundaryIs>
							<LinearRing>
								<coordinates>
									-122.2956480739994,37.86706239289003,10.5 -122.295702905538,37.86745631599123,10.5 -122.2960968286393,37.86736832666143,10.5 -122.2960419971006,37.86697440356022,10.5 -122.2956480739994,37.86706239289003,10.5 
								</coordinates>
							</LinearRing>
						</outerBoundaryIs>
					</Polygon>
				</Placemark>
				<Placemark>
					<name>576 SAN LUIS Rd</name>
					<description><![CDATA[<b>576 SAN LUIS Rd</b><br/><b>Units:</b> 0<br/><b>VLI Units:</b> 0<br/><b>Stories:</b> 3<br/><b>Height:</b> 10.5m<br/><b>Status:</b> Application Submitted<br/><i>(height estimated from units)</i>]]></description>
					<styleUrl>#style_Application_Submitted3</styleUrl>
					<Polygon>
						<extrude>1</extrude>
						<altitudeMode>relativeToGround</altitudeMode>
						<outerBoundaryIs>
							<LinearRing>
								<coordinates>
									-122.2755600985329,37.8998568707338,10.5 -122.2756149300715,37.90025079383501,10.5 -122.2760088531727,37.9001628045052,10.5 -122.2759540216341,37.89976888140399,10.5 -122.2755600985329,37.8998568707338,10.5 
								</coordinates>
							</LinearRing>
						</outerBoundaryIs>
					</Polygon>
				</Placemark>
				<Placemark>
					<name>2009 ADDISON St</name>
					<description><![CDATA[<b>2009 ADDISON St</b><br/><b>Units:</b> 0<br/><b>VLI Units:</b> 0<br/><b>Stories:</b> 3<br/><b>Height:</b> 10.5m<br/><b>Status:</b> Application Submitted<br/><i>(height estimated from units)</i>]]></description>
					<styleUrl>#style_Application_Submitted3</styleUrl>
					<Polygon>
						<extrude>1</extrude>
						<altitudeMode>relativeToGround</altitudeMode>
						<outerBoundaryIs>
							<LinearRing>
								<coordinates>
									-122.2697973583746,37.87105375873919,10.5 -122.2698521899132,37.87144768184039,10.5 -122.2702461130144,37.87135969251059,10.5 -122.2701912814758,37.87096576940938,10.5 -122.2697973583746,37.87105375873919,10.5 
								</coordinates>
							</LinearRing>
						</outerBoundaryIs>
					</Polygon>
				</Placemark>
				<Placemark>
					<name>3036 REGENT St</name>
					<description><![CDATA[<b>3036 REGENT St</b><br/><b>Units:</b> 0<br/><b>VLI Units:</b> 0<br/><b>Stories:</b> 3<br/><b>Height:</b> 10.5m<br/><b>Status:</b> In Review<br/><i>(height estimated from units)</i>]]></description>
					<styleUrl>#style_In_Review11</styleUrl>
					<Polygon>
						<extrude>1</extrude>
						<altitudeMode>relativeToGround</altitudeMode>
						<outerBoundaryIs>
							<LinearRing>
								<coordinates>
									-122.2563181959268,37.85404116434373,10.5 -122.2563730274655,37.85443508744493,10.5 -122.2567669505667,37.85434709811513,10.5 -122.2567121190281,37.85395317501392,10.5 -122.2563181959268,37.85404116434373,10.5 
								</coordinates>
							</LinearRing>
						</outerBoundaryIs>
					</Polygon>
				</Placemark>
				<Placemark>
					<name>1312 ADDISON St</name>
					<description><![CDATA[<b>1312 ADDISON St</b><br/><b>Units:</b> 0<br/><b>VLI Units:</b> 0<br/><b>Stories:</b> 3<br/><b>Height:</b> 10.5m<br/><b>Status:</b> In Review<br/><i>(height estimated from units)</i>]]></description>
					<styleUrl>#style_In_Review11</styleUrl>
					<Polygon>
						<extrude>1</extrude>
						<altitudeMode>relativeToGround</altitudeMode>
						<outerBoundaryIs>
							<LinearRing>
								<coordinates>
									-122.2839285009875,37.86675915958889,10.5 -122.2839833325261,37.86715308269009,10.5 -122.2843772556273,37.86706509336029,10.5 -122.2843224240887,37.86667117025908,10.5 -122.2839285009875,37.86675915958889,10.5 
								</coordinates>
							</LinearRing>
						</outerBoundaryIs>
					</Polygon>
				</Placemark>
				<Placemark>
					<name>2145 GRANT St</name>
					<description><![CDATA[<b>2145 GRANT St</b><br/><b>Units:</b> 0<br/><b>VLI Units:</b> 0<br/><b>Stories:</b> 3<br/><b>Height:</b> 10.5m<br/><b>Status:</b> Decision Pending<br/><i>(height estimated from units)</i>]]></description>
					<styleUrl>#style_Decision_Pending3</styleUrl>
					<Polygon>
						<extrude>1</extrude>
						<altitudeMode>relativeToGround</altitudeMode>
						<outerBoundaryIs>
							<LinearRing>
								<coordinates>
									-122.2744369322382,37.86876545678715,10.5 -122.2744917637768,37.86915937988836,10.5 -122.274885686878,37.86907139055855,10.5 -122.2748308553394,37.86867746745735,10.5 -122.2744369322382,37.86876545678715,10.5 
								</coordinates>
							</LinearRing>
						</outerBoundaryIs>
					</Polygon>
				</Placemark>
				<Placemark>
					<name>2903 ADELINE St</name>
					<description><![CDATA[<b>2903 ADELINE St</b><br/><b>Units:</b> 0<br/><b>VLI Units:</b> 0<br/><b>Stories:</b> 3<br/><b>Height:</b> 10.5m<br/><b>Status:</b> In Review<br/><i>(height estimated from units)</i>]]></description>
					<styleUrl>#style_In_Review11</styleUrl>
					<Polygon>
						<extrude>1</extrude>
						<altitudeMode>relativeToGround</altitudeMode>
						<outerBoundaryIs>
							<LinearRing>
								<coordinates>
									-122.2678781140582,37.85620880006898,10.5 -122.2679329455969,37.85660272317018,10.5 -122.2683268686981,37.85651473384038,10.5 -122.2682720371594,37.85612081073917,10.5 -122.2678781140582,37.85620880006898,10.5 
								</coordinates>
							</LinearRing>
						</outerBoundaryIs>
					</Polygon>
				</Placemark>
				<Placemark>
					<name>2099 M L KING JR Way</name>
					<description><![CDATA[<b>2099 M L KING JR Way</b><br/><b>Units:</b> 0<br/><b>VLI Units:</b> 0<br/><b>Stories:</b> 3<br/><b>Height:</b> 10.5m<br/><b>Status:</b> Application Submitted<br/><i>(height estimated from units)</i>]]></description>
					<styleUrl>#style_Application_Submitted3</styleUrl>
					<Polygon>
						<extrude>1</extrude>
						<altitudeMode>relativeToGround</altitudeMode>
						<outerBoundaryIs>
							<LinearRing>
								<coordinates>
									-122.2724016228922,37.87073940077767,10.5 -122.2724564544309,37.87113332387888,10.5 -122.2728503775321,37.87104533454907,10.5 -122.2727955459934,37.87065141144787,10.5 -122.2724016228922,37.87073940077767,10.5 
								</coordinates>
							</LinearRing>
						</outerBoundaryIs>
					</Polygon>
				</Placemark>
				<Placemark>
					<name>1507 JOSEPHINE St</name>
					<description><![CDATA[<b>1507 JOSEPHINE St</b><br/><b>Units:</b> 0<br/><b>VLI Units:</b> 0<br/><b>Stories:</b> 3<br/><b>Height:</b> 10.5m<br/><b>Status:</b> In Review<br/><i>(height estimated from units)</i>]]></description>
					<styleUrl>#style_In_Review11</styleUrl>
					<Polygon>
						<extrude>1</extrude>
						<altitudeMode>relativeToGround</altitudeMode>
						<outerBoundaryIs>
							<LinearRing>
								<coordinates>
									-122.2744904511679,37.87900559241785,10.5 -122.2745452827065,37.87939951551905,10.5 -122.2749392058077,37.87931152618925,10.5 -122.2748843742691,37.87891760308804,10.5 -122.2744904511679,37.87900559241785,10.5 
								</coordinates>
							</LinearRing>
						</outerBoundaryIs>
					</Polygon>
				</Placemark>
				<Placemark>
					<name>1338 SEVENTH St</name>
					<description><![CDATA[<b>1338 SEVENTH St</b><br/><b>Units:</b> 0<br/><b>VLI Units:</b> 0<br/><b>Stories:</b> 3<br/><b>Height:</b> 10.5m<br/><b>Status:</b> Application Submitted<br/><i>(height estimated from units)</i>]]></description>
					<styleUrl>#style_Application_Submitted3</styleUrl>
					<Polygon>
						<extrude>1</extrude>
						<altitudeMode>relativeToGround</altitudeMode>
						<outerBoundaryIs>
							<LinearRing>
								<coordinates>
									-122.2999498858078,37.87813763581364,10.5 -122.3000047173464,37.87853155891484,10.5 -122.3003986404476,37.87844356958504,10.5 -122.300343808909,37.87804964648383,10.5 -122.2999498858078,37.87813763581364,10.5 
								</coordinates>
							</LinearRing>
						</outerBoundaryIs>
					</Polygon>
				</Placemark>
				<Placemark>
					<name>2238 SEVENTH St</name>
					<description><![CDATA[<b>2238 SEVENTH St</b><br/><b>Units:</b> 0<br/><b>VLI Units:</b> 0<br/><b>Stories:</b> 3<br/><b>Height:</b> 10.5m<br/><b>Status:</b> Application Submitted<br/><i>(height estimated from units)</i>]]></description>
					<styleUrl>#style_Application_Submitted3</styleUrl>
					<Polygon>
						<extrude>1</extrude>
						<altitudeMode>relativeToGround</altitudeMode>
						<outerBoundaryIs>
							<LinearRing>
								<coordinates>
									-122.2953924305375,37.86391082406296,10.5 -122.2954472620762,37.86430474716417,10.5 -122.2958411851774,37.86421675783436,10.5 -122.2957863536387,37.86382283473316,10.5 -122.2953924305375,37.86391082406296,10.5 
								</coordinates>
							</LinearRing>
						</outerBoundaryIs>
					</Polygon>
				</Placemark>
				<Placemark>
					<name>703 SANTA BARBARA Rd</name>
					<description><![CDATA[<b>703 SANTA BARBARA Rd</b><br/><b>Units:</b> 0<br/><b>VLI Units:</b> 0<br/><b>Stories:</b> 3<br/><b>Height:</b> 10.5m<br/><b>Status:</b> In Review<br/><i>(height estimated from units)</i>]]></description>
					<styleUrl>#style_In_Review11</styleUrl>
					<Polygon>
						<extrude>1</extrude>
						<altitudeMode>relativeToGround</altitudeMode>
						<outerBoundaryIs>
							<LinearRing>
								<coordinates>
									-122.271270833494,37.897683620403,10.5 -122.2713256650327,37.89807754350421,10.5 -122.2717195881339,37.8979895541744,10.5 -122.2716647565953,37.89759563107319,10.5 -122.271270833494,37.897683620403,10.5 
								</coordinates>
							</LinearRing>
						</outerBoundaryIs>
					</Polygon>
				</Placemark>
				<Placemark>
					<name>385 VERMONT Ave</name>
					<description><![CDATA[<b>385 VERMONT Ave</b><br/><b>Units:</b> 0<br/><b>VLI Units:</b> 0<br/><b>Stories:</b> 3<br/><b>Height:</b> 10.5m<br/><b>Status:</b> In Review<br/><i>(height estimated from units)</i>]]></description>
					<styleUrl>#style_In_Review11</styleUrl>
					<Polygon>
						<extrude>1</extrude>
						<altitudeMode>relativeToGround</altitudeMode>
						<outerBoundaryIs>
							<LinearRing>
								<coordinates>
									-122.274473609553,37.9031413419248,10.5 -122.2745284410916,37.90353526502601,10.5 -122.2749223641928,37.9034472756962,10.5 -122.2748675326542,37.90305335259499,10.5 -122.274473609553,37.9031413419248,10.5 
								</coordinates>
							</LinearRing>
						</outerBoundaryIs>
					</Polygon>
				</Placemark>
				<Placemark>
					<name>1246 ROSE St</name>
					<description><![CDATA[<b>1246 ROSE St</b><br/><b>Units:</b> 0<br/><b>VLI Units:</b> 0<br/><b>Stories:</b> 3<br/><b>Height:</b> 10.5m<br/><b>Status:</b> In Review<br/><i>(height estimated from units)</i>]]></description>
					<styleUrl>#style_In_Review11</styleUrl>
					<Polygon>
						<extrude>1</extrude>
						<altitudeMode>relativeToGround</altitudeMode>
						<outerBoundaryIs>
							<LinearRing>
								<coordinates>
									-122.2892238117709,37.87631303659121,10.5 -122.2892786433095,37.87670695969242,10.5 -122.2896725664107,37.87661897036261,10.5 -122.2896177348721,37.87622504726141,10.5 -122.2892238117709,37.87631303659121,10.5 
								</coordinates>
							</LinearRing>
						</outerBoundaryIs>
					</Polygon>
				</Placemark>
				<Placemark>
					<name>1512 CHANNING Way</name>
					<description><![CDATA[<b>1512 CHANNING Way</b><br/><b>Units:</b> 0<br/><b>VLI Units:</b> 0<br/><b>Stories:</b> 3<br/><b>Height:</b> 10.5m<br/><b>Status:</b> Application Submitted<br/><i>(height estimated from units)</i>]]></description>
					<styleUrl>#style_Application_Submitted3</styleUrl>
					<Polygon>
						<extrude>1</extrude>
						<altitudeMode>relativeToGround</altitudeMode>
						<outerBoundaryIs>
							<LinearRing>
								<coordinates>
									-122.2805770285962,37.86376363460838,10.5 -122.2806318601349,37.86415755770959,10.5 -122.2810257832361,37.86406956837978,10.5 -122.2809709516974,37.86367564527858,10.5 -122.2805770285962,37.86376363460838,10.5 
								</coordinates>
							</LinearRing>
						</outerBoundaryIs>
					</Polygon>
				</Placemark>
				<Placemark>
					<name>1475 CATHERINE Dr</name>
					<description><![CDATA[<b>1475 CATHERINE Dr</b><br/><b>Units:</b> 0<br/><b>VLI Units:</b> 0<br/><b>Stories:</b> 3<br/><b>Height:</b> 10.5m<br/><b>Status:</b> In Review<br/><i>(height estimated from units)</i>]]></description>
					<styleUrl>#style_In_Review11</styleUrl>
					<Polygon>
						<extrude>1</extrude>
						<altitudeMode>relativeToGround</altitudeMode>
						<outerBoundaryIs>
							<LinearRing>
								<coordinates>
									-122.2837825247538,37.87786787238369,10.5 -122.2838373562925,37.8782617954849,10.5 -122.2842312793937,37.87817380615509,10.5 -122.284176447855,37.87777988305388,10.5 -122.2837825247538,37.87786787238369,10.5 
								</coordinates>
							</LinearRing>
						</outerBoundaryIs>
					</Polygon>
				</Placemark>
				<Placemark>
					<name>1187 SHATTUCK Ave</name>
					<description><![CDATA[<b>1187 SHATTUCK Ave</b><br/><b>Units:</b> 0<br/><b>VLI Units:</b> 0<br/><b>Stories:</b> 3<br/><b>Height:</b> 10.5m<br/><b>Status:</b> Decision Pending<br/><i>(height estimated from units)</i>]]></description>
					<styleUrl>#style_Decision_Pending3</styleUrl>
					<Polygon>
						<extrude>1</extrude>
						<altitudeMode>relativeToGround</altitudeMode>
						<outerBoundaryIs>
							<LinearRing>
								<coordinates>
									-122.2694940601852,37.88589983544862,10.5 -122.2695488917238,37.88629375854983,10.5 -122.269942814825,37.88620576922002,10.5 -122.2698879832864,37.88581184611881,10.5 -122.2694940601852,37.88589983544862,10.5 
								</coordinates>
							</LinearRing>
						</outerBoundaryIs>
					</Polygon>
				</Placemark>
				<Placemark>
					<name>2016 DELAWARE St A</name>
					<description><![CDATA[<b>2016 DELAWARE St A</b><br/><b>Units:</b> 0<br/><b>VLI Units:</b> 0<br/><b>Stories:</b> 3<br/><b>Height:</b> 10.5m<br/><b>Status:</b> Application Submitted<br/><i>(height estimated from units)</i>]]></description>
					<styleUrl>#style_Application_Submitted3</styleUrl>
					<Polygon>
						<extrude>1</extrude>
						<altitudeMode>relativeToGround</altitudeMode>
						<outerBoundaryIs>
							<LinearRing>
								<coordinates>
									-122.2700880037932,37.87415845377176,10.5 -122.2701428353318,37.87455237687296,10.5 -122.270536758433,37.87446438754316,10.5 -122.2704819268944,37.87407046444195,10.5 -122.2700880037932,37.87415845377176,10.5 
								</coordinates>
							</LinearRing>
						</outerBoundaryIs>
					</Polygon>
				</Placemark>
				<Placemark>
					<name>1123 BLAKE St</name>
					<description><![CDATA[<b>1123 BLAKE St</b><br/><b>Units:</b> 0<br/><b>VLI Units:</b> 0<br/><b>Stories:</b> 3<br/><b>Height:</b> 10.5m<br/><b>Status:</b> In Review<br/><i>(height estimated from units)</i>]]></description>
					<styleUrl>#style_In_Review11</styleUrl>
					<Polygon>
						<extrude>1</extrude>
						<altitudeMode>relativeToGround</altitudeMode>
						<outerBoundaryIs>
							<LinearRing>
								<coordinates>
									-122.2878491917568,37.86051217298935,10.5 -122.2879040232955,37.86090609609056,10.5 -122.2882979463967,37.86081810676075,10.5 -122.288243114858,37.86042418365955,10.5 -122.2878491917568,37.86051217298935,10.5 
								</coordinates>
							</LinearRing>
						</outerBoundaryIs>
					</Polygon>
				</Placemark>
				<Placemark>
					<name>830 BANCROFT Way</name>
					<description><![CDATA[<b>830 BANCROFT Way</b><br/><b>Units:</b> 0<br/><b>VLI Units:</b> 0<br/><b>Stories:</b> 3<br/><b>Height:</b> 10.5m<br/><b>Status:</b> Decision Pending<br/><i>(height estimated from units)</i>]]></description>
					<styleUrl>#style_Decision_Pending3</styleUrl>
					<Polygon>
						<extrude>1</extrude>
						<altitudeMode>relativeToGround</altitudeMode>
						<outerBoundaryIs>
							<LinearRing>
								<coordinates>
									-122.2955722247484,37.86314441515066,10.5 -122.295627056287,37.86353833825186,10.5 -122.2960209793883,37.86345034892206,10.5 -122.2959661478496,37.86305642582085,10.5 -122.2955722247484,37.86314441515066,10.5 
								</coordinates>
							</LinearRing>
						</outerBoundaryIs>
					</Polygon>
				</Placemark>
				<Placemark>
					<name>2740 SHASTA Rd</name>
					<description><![CDATA[<b>2740 SHASTA Rd</b><br/><b>Units:</b> 0<br/><b>VLI Units:</b> 0<br/><b>Stories:</b> 3<br/><b>Height:</b> 10.5m<br/><b>Status:</b> In Review<br/><i>(height estimated from units)</i>]]></description>
					<styleUrl>#style_In_Review11</styleUrl>
					<Polygon>
						<extrude>1</extrude>
						<altitudeMode>relativeToGround</altitudeMode>
						<outerBoundaryIs>
							<LinearRing>
								<coordinates>
									-122.2580642369715,37.88619936779916,10.5 -122.2581190685102,37.88659329090037,10.5 -122.2585129916114,37.88650530157057,10.5 -122.2584581600728,37.88611137846936,10.5 -122.2580642369715,37.88619936779916,10.5 
								</coordinates>
							</LinearRing>
						</outerBoundaryIs>
					</Polygon>
				</Placemark>
				<Placemark>
					<name>2143 BLAKE St</name>
					<description><![CDATA[<b>2143 BLAKE St</b><br/><b>Units:</b> 0<br/><b>VLI Units:</b> 0<br/><b>Stories:</b> 3<br/><b>Height:</b> 10.5m<br/><b>Status:</b> Application Submitted<br/><i>(height estimated from units)</i>]]></description>
					<styleUrl>#style_Application_Submitted3</styleUrl>
					<Polygon>
						<extrude>1</extrude>
						<altitudeMode>relativeToGround</altitudeMode>
						<outerBoundaryIs>
							<LinearRing>
								<coordinates>
									-122.2652430013937,37.86335763854937,10.5 -122.2652978329323,37.86375156165058,10.5 -122.2656917560335,37.86366357232077,10.5 -122.2656369244949,37.86326964921957,10.5 -122.2652430013937,37.86335763854937,10.5 
								</coordinates>
							</LinearRing>
						</outerBoundaryIs>
					</Polygon>
				</Placemark>
				<Placemark>
					<name>411 VASSAR Ave</name>
					<description><![CDATA[<b>411 VASSAR Ave</b><br/><b>Units:</b> 0<br/><b>VLI Units:</b> 0<br/><b>Stories:</b> 3<br/><b>Height:</b> 10.5m<br/><b>Status:</b> Application Submitted<br/><i>(height estimated from units)</i>]]></description>
					<styleUrl>#style_Application_Submitted3</styleUrl>
					<Polygon>
						<extrude>1</extrude>
						<altitudeMode>relativeToGround</altitudeMode>
						<outerBoundaryIs>
							<LinearRing>
								<coordinates>
									-122.2720447869085,37.90417541784876,10.5 -122.2720996184472,37.90456934094996,10.5 -122.2724935415484,37.90448135162016,10.5 -122.2724387100098,37.90408742851895,10.5 -122.2720447869085,37.90417541784876,10.5 
								</coordinates>
							</LinearRing>
						</outerBoundaryIs>
					</Polygon>
				</Placemark>
				<Placemark>
					<name>2820 San Pablo</name>
					<description><![CDATA[<b>2820 San Pablo</b><br/><b>Units:</b> 0<br/><b>VLI Units:</b> 0<br/><b>Stories:</b> 2<br/><b>Height:</b> 7.0m<br/><b>Status:</b> Unknown]]></description>
					<styleUrl>#style_Unknown0</styleUrl>
					<Polygon>
						<extrude>1</extrude>
						<altitudeMode>relativeToGround</altitudeMode>
						<outerBoundaryIs>
							<LinearRing>
								<coordinates>
									-122.2878959426801,37.8551487031143,7 -122.2879507742187,37.85554262621551,7 -122.2883446973199,37.8554546368857,7 -122.2882898657813,37.8550607137845,7 -122.2878959426801,37.8551487031143,7 
								</coordinates>
							</LinearRing>
						</outerBoundaryIs>
					</Polygon>
				</Placemark>
				<Placemark>
					<name>1048 Keith St</name>
					<description><![CDATA[<b>1048 Keith St</b><br/><b>Units:</b> 0<br/><b>VLI Units:</b> 0<br/><b>Stories:</b> 3<br/><b>Height:</b> 10.5m<br/><b>Status:</b> Entitled<br/><i>(height estimated from units)</i>]]></description>
					<styleUrl>#style_Entitled3</styleUrl>
					<Polygon>
						<extrude>1</extrude>
						<altitudeMode>relativeToGround</altitudeMode>
						<outerBoundaryIs>
							<LinearRing>
								<coordinates>
									-122.2638953026801,37.8891697231143,10.5 -122.2639501342187,37.88956364621551,10.5 -122.2643440573199,37.8894756568857,10.5 -122.2642892257813,37.88908173378449,10.5 -122.2638953026801,37.8891697231143,10.5 
								</coordinates>
							</LinearRing>
						</outerBoundaryIs>
					</Polygon>
				</Placemark>
				<Placemark>
					<name>811 Cedar</name>
					<description><![CDATA[<b>811 Cedar</b><br/><b>Units:</b> 0<br/><b>VLI Units:</b> 0<br/><b>Stories:</b> 2<br/><b>Height:</b> 7.0m<br/><b>Status:</b> Entitled]]></description>
					<styleUrl>#style_Entitled3</styleUrl>
					<Polygon>
						<extrude>1</extrude>
						<altitudeMode>relativeToGround</altitudeMode>
						<outerBoundaryIs>
							<LinearRing>
								<coordinates>
									-122.2999636626801,37.8739986131143,7 -122.3000184942187,37.87439253621551,7 -122.3004124173199,37.8743045468857,7 -122.3003575857813,37.8739106237845,7 -122.2999636626801,37.8739986131143,7 
								</coordinates>
							</LinearRing>
						</outerBoundaryIs>
					</Polygon>
				</Placemark>
				<Placemark>
					<name>1627 Jaynes St</name>
					<description><![CDATA[<b>1627 Jaynes St</b><br/><b>Units:</b> 0<br/><b>VLI Units:</b> 0<br/><b>Stories:</b> 3<br/><b>Height:</b> 10.5m<br/><b>Status:</b> Entitled]]></description>
					<styleUrl>#style_Entitled3</styleUrl>
					<Polygon>
						<extrude>1</extrude>
						<altitudeMode>relativeToGround</altitudeMode>
						<outerBoundaryIs>
							<LinearRing>
								<coordinates>
									-122.2793078126801,37.8780826331143,10.5 -122.2793626442187,37.8784765562155,10.5 -122.2797565673199,37.8783885668857,10.5 -122.2797017357813,37.87799464378449,10.5 -122.2793078126801,37.8780826331143,10.5 
								</coordinates>
							</LinearRing>
						</outerBoundaryIs>
					</Polygon>
				</Placemark>
				<Placemark>
					<name>2150 Kittredge St</name>
					<description><![CDATA[<b>2150 Kittredge St</b><br/><b>Units:</b> 0<br/><b>VLI Units:</b> 0<br/><b>Stories:</b> 3<br/><b>Height:</b> 10.5m<br/><b>Status:</b> Completed<br/><i>(height estimated from units)</i>]]></description>
					<styleUrl>#style_Completed3</styleUrl>
					<Polygon>
						<extrude>1</extrude>
						<altitudeMode>relativeToGround</altitudeMode>
						<outerBoundaryIs>
							<LinearRing>
								<coordinates>
									-122.2666140426801,37.8682156331143,10.5 -122.2666688742187,37.8686095562155,10.5 -122.2670627973199,37.8685215668857,10.5 -122.2670079657813,37.86812764378449,10.5 -122.2666140426801,37.8682156331143,10.5 
								</coordinates>
							</LinearRing>
						</outerBoundaryIs>
					</Polygon>
				</Placemark>
				<Placemark>
					<name>1951 Shattuck Ave</name>
					<description><![CDATA[<b>1951 Shattuck Ave</b><br/><b>Units:</b> 0<br/><b>VLI Units:</b> 0<br/><b>Stories:</b> 3<br/><b>Height:</b> 10.5m<br/><b>Status:</b> Completed<br/><i>(height estimated from units)</i>]]></description>
					<styleUrl>#style_Completed3</styleUrl>
					<Polygon>
						<extrude>1</extrude>
						<altitudeMode>relativeToGround</altitudeMode>
						<outerBoundaryIs>
							<LinearRing>
								<coordinates>
									-122.2685894026801,37.8726228031143,10.5 -122.2686442342187,37.8730167262155,10.5 -122.2690381573199,37.8729287368857,10.5 -122.2689833257813,37.87253481378449,10.5 -122.2685894026801,37.8726228031143,10.5 
								</coordinates>
							</LinearRing>
						</outerBoundaryIs>
					</Polygon>
				</Placemark>
				<Placemark>
					<name>2000 University Ave</name>
					<description><![CDATA[<b>2000 University Ave</b><br/><b>Units:</b> 0<br/><b>VLI Units:</b> 0<br/><b>Stories:</b> 3<br/><b>Height:</b> 10.5m<br/><b>Status:</b> Completed<br/><i>(height estimated from units)</i>]]></description>
					<styleUrl>#style_Completed3</styleUrl>
					<Polygon>
						<extrude>1</extrude>
						<altitudeMode>relativeToGround</altitudeMode>
						<outerBoundaryIs>
							<LinearRing>
								<coordinates>
									-122.2702781426801,37.8714671331143,10.5 -122.2703329742187,37.87186105621551,10.5 -122.2707268973199,37.8717730668857,10.5 -122.2706720657813,37.87137914378449,10.5 -122.2702781426801,37.8714671331143,10.5 
								</coordinates>
							</LinearRing>
						</outerBoundaryIs>
					</Polygon>
				</Placemark>
				<Placemark>
					<name>2099 MLK Jr Way</name>
					<description><![CDATA[<b>2099 MLK Jr Way</b><br/><b>Units:</b> 0<br/><b>VLI Units:</b> 0<br/><b>Stories:</b> 3<br/><b>Height:</b> 10.5m<br/><b>Status:</b> Completed<br/><i>(height estimated from units)</i>]]></description>
					<styleUrl>#style_Completed3</styleUrl>
					<Polygon>
						<extrude>1</extrude>
						<altitudeMode>relativeToGround</altitudeMode>
						<outerBoundaryIs>
							<LinearRing>
								<coordinates>
									-122.2724160626801,37.8707436831143,10.5 -122.2724708942187,37.87113760621551,10.5 -122.2728648173199,37.8710496168857,10.5 -122.2728099857813,37.87065569378449,10.5 -122.2724160626801,37.8707436831143,10.5 
								</coordinates>
							</LinearRing>
						</outerBoundaryIs>
					</Polygon>
				</Placemark>
				<Placemark>
					<name>2705 BENVENUE Ave</name>
					<description><![CDATA[<b>2705 BENVENUE Ave</b><br/><b>Units:</b> -1<br/><b>VLI Units:</b> 0<br/><b>Stories:</b> 3<br/><b>Height:</b> 10.5m<br/><b>Status:</b> In Review<br/><i>(height estimated from units)</i>]]></description>
					<styleUrl>#style_In_Review11</styleUrl>
					<Polygon>
						<extrude>1</extrude>
						<altitudeMode>relativeToGround</altitudeMode>
						<outerBoundaryIs>
							<LinearRing>
								<coordinates>
									-122.2542155749183,37.86129812481273,10.5 -122.254270406457,37.86169204791394,10.5 -122.2546643295582,37.86160405858413,10.5 -122.2546094980195,37.86121013548293,10.5 -122.2542155749183,37.86129812481273,10.5 
								</coordinates>
							</LinearRing>
						</outerBoundaryIs>
					</Polygon>
				</Placemark>
			</Folder>
		</Document>
	</Folder>
</Document>
</kml>
