v2_document_id,record_key,record_key_source,title,doc_date,doc_type,store_url,sha256,file_size_bytes,page_count,address_hint,apn_hint,v2_source_system
49,ZP2022-0021,capture filename,2022-08-30 RESUB 7.A 2449 DWIGHT WAY ZONING PLANS 2022 0829 2449 Dwight,,application,https://pub-2cee87f70da64080ab70ee0a34b55099.r2.dev/architect_plans/proj38_2449-dwight-way_2022-08-30_236e5306.pdf,236e530653ccadeb94d888618b62a5ffdafd1b476e325204a4a08ac650671148,77845226,44,2449 DWIGHT Way,055-1881-004-00,ZP2022-0021_2449_DWIGHT_Way.txt
54,ZP2022-0021,capture filename,2024-11-22 RESUB PLANS 2449 Dwight,,application,https://pub-2cee87f70da64080ab70ee0a34b55099.r2.dev/architect_plans/proj38_2449-dwight-way_2024-11-22.pdf,cd9eda1ea1ef3072118431d5e774a967e60bf9c46b409492683c06a3e9050b9a,17224211,42,2449 DWIGHT Way,055-1881-004-00,ZP2022-0021_2449_DWIGHT_Way.txt
68,ZP2022-0021,capture filename,2026-01-09 RESUB PLANS 2449 DWIGHT,,application,https://pub-2cee87f70da64080ab70ee0a34b55099.r2.dev/architect_plans/proj38_2449-dwight-way_2026-01-09.pdf,a9246a69097c030dcb33ec9bf84d8df1a33f989c97392a4e421b0d4f13fb4af8,32307600,57,2449 DWIGHT Way,055-1881-004-00,ZP2022-0021_2449_DWIGHT_Way.txt
157,,none,Pages Landscape and Utility Plans  from 2023-07-20 2587 Telegraph Resubmittal Plan Set,,application,https://pub-2cee87f70da64080ab70ee0a34b55099.r2.dev/architect_plans/proj157_2587-telegraph-ave_2023-07-20.pdf,dae8250648014d86b553793382b3af1f79866415f174192a10f9a8e8e1f01e9c,54267584,,2587 TELEGRAPH Ave,055-1839-019-01,2587_TELEGRAPH_Ave.txt
163,,none,2023-09-13 2587 Telegraph Revised Plan Set 09.13.2023,,application,https://pub-2cee87f70da64080ab70ee0a34b55099.r2.dev/architect_plans/proj157_2587-telegraph-ave_2023-09-13.pdf,7dd7e83f9d1425def0e8523fabc53e2a8d6814f12b2b4918d22d95edabffb18f,91228001,,2587 TELEGRAPH Ave,055-1839-019-01,2587_TELEGRAPH_Ave.txt
186,,none,2023-12-21 DRC ITEM IV.2 ATT1 Plans 2587 Telegraph,,application,https://pub-2cee87f70da64080ab70ee0a34b55099.r2.dev/architect_plans/proj157_2587-telegraph-ave_2023-09-13.pdf,7dd7e83f9d1425def0e8523fabc53e2a8d6814f12b2b4918d22d95edabffb18f,91228001,,2587 TELEGRAPH Ave,055-1839-019-01,2587_TELEGRAPH_Ave.txt
207,,none,2024-11-22 2+3 2587 Telegraph Use Permit Modification Plan Set,,application,https://pub-2cee87f70da64080ab70ee0a34b55099.r2.dev/architect_plans/proj157_2587-telegraph-ave_2024-11-22.pdf,fa3ae672e35be0102a8f74a861699c8dbe62a3c89c42b9190e87d6800e95aa3b,45213180,,2587 TELEGRAPH Ave,055-1839-019-01,2587_TELEGRAPH_Ave.txt
210,,none,2025-01-16 2+3 2587 Telegraph UP Mod Revised Plan Set,,application,https://pub-2cee87f70da64080ab70ee0a34b55099.r2.dev/architect_plans/proj157_2587-telegraph-ave_2025-01-16.pdf,ae26ba152c610f194ebb36f15aac6536c2ee401e4af99f6dbf7aad25f5cd12c0,46922627,,2587 TELEGRAPH Ave,055-1839-019-01,2587_TELEGRAPH_Ave.txt
519,ZP2024-0126,capture filename,2024-09-05 Plans 2298 Durant,2024-09-05,plan_set,https://pub-2cee87f70da64080ab70ee0a34b55099.r2.dev/architect_plans/proj26_2298-durant_2024-09-05.pdf,68d48ed380c2b2b9706f834e0f6facfab78eafb8bcac696a501acbeab9da22c1,36023236,34,2298 DURANT Ave,055-1887-001-00,ZP2024-0126_2298_DURANT_Ave.txt
538,ZP2024-0126,capture filename,2025-04-18 RESUB Plans 2298 Durant,2025-04-18,plan_set,https://pub-2cee87f70da64080ab70ee0a34b55099.r2.dev/architect_plans/proj26_2298-durant_2025-04-18.pdf,3c88165b8ddd8b541532131aafe7c4bdb9fc6be31c35113f3bb07c2d5ab54203,65477605,51,2298 DURANT Ave,055-1887-001-00,ZP2024-0126_2298_DURANT_Ave.txt
547,ZP2024-0126,capture filename,2025-07-10 Plans 2298 Durant,2025-07-10,plan_set,https://pub-2cee87f70da64080ab70ee0a34b55099.r2.dev/architect_plans/proj26_2298-durant_2025-07-10.pdf,c614959b178cfd823351e9eae2b6dfa16c357737b51bad2dbe26f55a1b398e9d,66465283,51,2298 DURANT Ave,055-1887-001-00,ZP2024-0126_2298_DURANT_Ave.txt
551,ZP2024-0126,capture filename,2025-09-11 Updated Plans 2298 Durant,2025-09-11,plan_set,https://pub-2cee87f70da64080ab70ee0a34b55099.r2.dev/architect_plans/proj26_2298-durant_2025-09-11.pdf,0f5ab9c1607d14eeddc2272c8f49276e0eb1b7bbe0bd39e6d9d7b7a95a351ab5,66374447,51,2298 DURANT Ave,055-1887-001-00,ZP2024-0126_2298_DURANT_Ave.txt
588,ZP2024-0066,capture filename,2025-04-11 Plans ,2025-04-11,plan_set,https://pub-2cee87f70da64080ab70ee0a34b55099.r2.dev/architect_plans/proj15_2109-virginia_2025-04-11.pdf,ecfe3cd347f1b4591eda420a56afc6a8b3439748f82307024954a80b3b24e041,56072904,37,2109 VIRGINIA St,058-2178-018-00,ZP2024-0066_2109_VIRGINIA_St.txt
590,ZP2024-0066,capture filename,2024-09-19 Panoramic,2024-09-19,plan_set,https://pub-2cee87f70da64080ab70ee0a34b55099.r2.dev/architect_plans/proj15_2109-virginia_2024-09-19.pdf,c88182a86ece4d9aa07b9736b8420200c1633d2f4259c383a2d1e6f0b20c3abe,60080467,37,2109 VIRGINIA St,058-2178-018-00,ZP2024-0066_2109_VIRGINIA_St.txt
613,ZP2024-0066,capture filename,2024-06-04 Plans,2024-06-04,plan_set,https://pub-2cee87f70da64080ab70ee0a34b55099.r2.dev/architect_plans/proj15_2109-virginia_2024-06-04.pdf,0c4d79182b4e8b502a8d2b00247d0c5be37c6e40d4b7b4075c8dcc187cadcc24,51560957,35,2109 VIRGINIA St,058-2178-018-00,ZP2024-0066_2109_VIRGINIA_St.txt
615,ZP2024-0066,permit_number,2025-06-02 Plan,2025-06-02,plan_set,https://pub-2cee87f70da64080ab70ee0a34b55099.r2.dev/architect_plans/proj15_2109-virginia_2025-06-02_zoning-resubmission.pdf,8db8d805844d8afdc164a9d2ef297e5c7fc8d8c6a5176b620a13fc22cbc7a0cd,82459609,40,2109 VIRGINIA St,058-2178-018-00,ZP2024-0066_2109_VIRGINIA_St.txt
617,ZP2024-0066,permit_number,2025-07-09 planset 2109,2025-07-09,plan_set,https://pub-2cee87f70da64080ab70ee0a34b55099.r2.dev/architect_plans/proj15_2109-virginia_2025-07-09_planset_ZP2024-0066.pdf,eac26eb618fcde2e2d5e5e50d790baf15e72e90df7bb4da422e9cd37671165e2,49108285,40,2109 VIRGINIA St,058-2178-018-00,ZP2024-0066_2109_VIRGINIA_St.txt
661,ZP2023-0099,capture filename,2024-03-12 RESUB 2109A,2024-03-12,plan_set,https://pub-2cee87f70da64080ab70ee0a34b55099.r2.dev/architect_plans/proj17_2109-milvia_2024-03-12.pdf,611a87902b7d3862a7ef3c11289c8e35dcc74c3285b4054d5e002bda65fe45a8,47383980,42,2109 MILVIA St,057-2023-016-01,ZP2023-0099_2109_MILVIA_St.txt
702,ZP2024-0074,capture filename,2024-06-14 Plans 1581,2024-06-14,plan_set,https://pub-2cee87f70da64080ab70ee0a34b55099.r2.dev/architect_plans/proj11_1581-university_2024-06-14.pdf,47240fe6ed7cb88cb98ec44aea6d480d0a4b3ef934c7e3907914cefb04e4f5c2,34367490,30,1581 UNIVERSITY Ave,057-2071-006-01,ZP2024-0074_1581_UNIVERSITY_Ave.txt
873,ZP2024-0096,capture filename,2024-08-06 RESUB Plans 2147 San Pablo,2024-08-06,plan_set,https://pub-2cee87f70da64080ab70ee0a34b55099.r2.dev/architect_plans/proj41_2147-san-pablo_2024-08-06.pdf,41a3d897cfb32c72fdc9c5fe70eb74be9165a94b3065f362ef6febb9b06629a2,27298061,32,2147 SAN PABLO Ave,056-1983-042-01,ZP2024-0096_2147_SAN_PABLO_Ave.txt
877,ZP2024-0096,capture filename,2024-06-27 Plans 2147 San Pablo,2024-06-27,plan_set,https://pub-2cee87f70da64080ab70ee0a34b55099.r2.dev/architect_plans/proj41_2147-san-pablo_2024-06-27.pdf,ef0f04481961f7d6a2255cc8e861b70ed71364296705df03ced28af43041838a,29437573,31,2147 SAN PABLO Ave,056-1983-042-01,ZP2024-0096_2147_SAN_PABLO_Ave.txt
1071,,none,2018-09-27 RESUB Plans 2198 San Pablo,,application,https://pub-2cee87f70da64080ab70ee0a34b55099.r2.dev/architect_plans/proj149_2198-san-pablo-ave_2018-09-27.pdf,de4ea8066eec4784977aba4f0ec42415d4e36435d485b23bf5a90261abd72c94,36820877,55,2198 SAN PABLO Ave,056-1977-013-00,2198_SAN_PABLO_Ave.txt
1080,,none,2019-03-18 RESUB Project Plans 2198 San Pablo,,application,https://pub-2cee87f70da64080ab70ee0a34b55099.r2.dev/architect_plans/proj149_2198-san-pablo-ave_2019-03-18.pdf,7bc5741655dd4363215c87c76ae7dce50120e1c69ad14d3869375a077a71636f,64692060,48,2198 SAN PABLO Ave,056-1977-013-00,2198_SAN_PABLO_Ave.txt
1085,,none,2018-11-02 RESUB PLANS Revised Plans 2198 San Pablo,,application,https://pub-2cee87f70da64080ab70ee0a34b55099.r2.dev/architect_plans/proj149_2198-san-pablo-ave_2018-11-02.pdf,874beb1d38799bb05b0d8d944971c787f7944871f1f69dcd47dbccae82132b89,29296217,33,2198 SAN PABLO Ave,056-1977-013-00,2198_SAN_PABLO_Ave.txt
1086,,none,2019-04-19 RESUB Project Plans + Revised Landscaping 2198 San Pablo,,application,https://pub-2cee87f70da64080ab70ee0a34b55099.r2.dev/architect_plans/proj149_2198-san-pablo-ave_2019-04-19.pdf,bcd1394dd1f96a0abaae234e1581089340814f7f3aeffc0bc569cc59b18419ac,75739022,48,2198 SAN PABLO Ave,056-1977-013-00,2198_SAN_PABLO_Ave.txt
1113,,none,2019-01-10 PLANS ZAB Preview 2198 Sant Pablo Part1,,application,https://pub-2cee87f70da64080ab70ee0a34b55099.r2.dev/architect_plans/proj149_2198-san-pablo-ave_2019-01-10.pdf,85e4beb0f8c27aa8675827ec0f5f95aac2e8ac5882363ae82e9ca6ed1ef7640b,20828496,22,2198 SAN PABLO Ave,056-1977-013-00,2198_SAN_PABLO_Ave.txt
1114,,none,2019-01-10 PLANS ZAB Preview 2198 Sant Pablo Part2,,application,https://pub-2cee87f70da64080ab70ee0a34b55099.r2.dev/architect_plans/proj149_2198-san-pablo-ave_2019-01-10_45890f06.pdf,45890f0662bfa05659ecb569fd7616c46cecb604c58db88865e4d39988470363,18895509,16,2198 SAN PABLO Ave,056-1977-013-00,2198_SAN_PABLO_Ave.txt
1116,,none,2018-05-31 APP PLANS 2198 San Pablo,,application,https://pub-2cee87f70da64080ab70ee0a34b55099.r2.dev/architect_plans/proj149_2198-san-pablo-ave_2018-05-31.pdf,57c4d9ff315c6ceaeeb92c04bfc7c5d015cce30c32d5d06593ba22656b3de65b,29023911,29,2198 SAN PABLO Ave,056-1977-013-00,2198_SAN_PABLO_Ave.txt
1117,,none,2018-09-27 RESUB PLANS 2198 San Pablo (2),,application,https://pub-2cee87f70da64080ab70ee0a34b55099.r2.dev/architect_plans/proj149_2198-san-pablo-ave_2018-09-27_9259d7f7.pdf,9259d7f798b2880a096104a714c8208dbfb359a52dd8af6a5adf15301c07fd76,54196981,38,2198 SAN PABLO Ave,056-1977-013-00,2198_SAN_PABLO_Ave.txt
1232,ZP2023-0090,capture filename,2023-12-13 2733 ZONING RESUBMITTAL SET,2023-12-13,plan_set,https://pub-2cee87f70da64080ab70ee0a34b55099.r2.dev/architect_plans/proj36_2733-san-pablo_2023-12-13.pdf,c5d29a97e7653aa923ad463f82d1bf608c7ab69cce0f73c7711da7386b3dff45,45498572,40,2733 SAN PABLO Ave,054-1742-032-00,ZP2023-0090_2733_SAN_PABLO_Ave.txt
1251,ZP2023-0090,capture filename,2024-04-10 Resub 2733 San Pablo Ave 2733 San Pablo Zoning Resubmittal set 2024.04.10,2024-04-10,plan_set,https://pub-2cee87f70da64080ab70ee0a34b55099.r2.dev/architect_plans/proj36_2733-san-pablo_2024-04-10.pdf,3b7f4365fc32647cedddb4ee8442c017d310f30539639d3b18c5b289ffd8a10b,47633061,41,2733 SAN PABLO Ave,054-1742-032-00,ZP2023-0090_2733_SAN_PABLO_Ave.txt
1377,,none,2023-10-06 Landscaping Plans 2550 Shattuck,,application,https://pub-2cee87f70da64080ab70ee0a34b55099.r2.dev/architect_plans/proj156_2550-shattuck-ave_2023-10-06.pdf,d6064ab465f9ec4bbcce388c5edb8b940697c17051ae10b925b83f0b22b1f83d,11417422,11,2550 SHATTUCK Ave,055-1821-001-01,2550_SHATTUCK_Ave.txt
1381,,none,2023-11-18 RESUB Plans 2550 Shattuck,,application,https://pub-2cee87f70da64080ab70ee0a34b55099.r2.dev/architect_plans/proj156_2550-shattuck-ave_2023-11-18.pdf,c1e311b7aa90015e1448f29b94f965cadf7f1e5176d365e9987d79a96fc57cfb,86125999,45,2550 SHATTUCK Ave,055-1821-001-01,2550_SHATTUCK_Ave.txt
1388,,none,2024-07-01 RESUB Partial Plans 2550 Shattuck,,application,https://pub-2cee87f70da64080ab70ee0a34b55099.r2.dev/architect_plans/proj156_2550-shattuck-ave_2024-07-01.pdf,011bca8a4262cd96d0ae167d28b8f512a820065107c08ff905db4b99289996f4,10469778,9,2550 SHATTUCK Ave,055-1821-001-01,2550_SHATTUCK_Ave.txt
1394,,none,2024-07-31 RESUB Plans 2550 Shattuck,,application,https://pub-2cee87f70da64080ab70ee0a34b55099.r2.dev/architect_plans/proj156_2550-shattuck-ave_2024-07-31.pdf,e31f7ae22f9b17f4acabc1a094b98f481ae85d97bd39d2f7c8c8e239da677e54,10483516,9,2550 SHATTUCK Ave,055-1821-001-01,2550_SHATTUCK_Ave.txt
1397,,none,2024-12-03 Final Plans 2550 Shattuck,,application,https://pub-2cee87f70da64080ab70ee0a34b55099.r2.dev/architect_plans/proj156_2550-shattuck-ave_2024-12-03.pdf,7cd35ec426e974c6ecacc2989d3c6b7893e512782d5197fb12be3cc4f70e2607,34470115,42,2550 SHATTUCK Ave,055-1821-001-01,2550_SHATTUCK_Ave.txt
2118,ZP2022-0046,permit_number,2022-07-08_RESUB_2022.07.08 Plans_3000 Shattuck,2022-07-08,plan_set,https://pub-2cee87f70da64080ab70ee0a34b55099.r2.dev/architect_plans/proj10_3000-shattuck_2022-07-08.pdf,92979833d029bc3e90285e7e7d211f0590d85ee2f686de9c064594b810f51120,43257628,35,3000 SHATTUCK Ave,053-1592-001-00,ZP2022-0046_3000_SHATTUCK_Ave.txt
2119,ZP2022-0046,permit_number,2023-01-11_DRC_Project Plans_3000 Shattuck,2023-01-11,plan_set,https://pub-2cee87f70da64080ab70ee0a34b55099.r2.dev/architect_plans/proj10_3000-shattuck_2023-01-11.pdf,4ec7b9c7299077f7b527f57182ac87a3ab8ebd4238219a7b5afbc4a71681488f,50824627,38,3000 SHATTUCK Ave,053-1592-001-00,ZP2022-0046_3000_SHATTUCK_Ave.txt
2120,ZP2022-0046,permit_number,2023-05-02_Final Plans_3000 Shattuck,2023-05-02,plan_set,https://pub-2cee87f70da64080ab70ee0a34b55099.r2.dev/architect_plans/proj10_3000-shattuck_2023-05-02.pdf,2ca370a16517af96951d049c1b917084766c85a53745f2b30be48d08bbbc5a2a,50745742,43,3000 SHATTUCK Ave,053-1592-001-00,ZP2022-0046_3000_SHATTUCK_Ave.txt
2121,ZP2024-0075,permit_number,2024-10-01_1899 OXFORD ZONING RESUBMISSION_1899 Oxford_ZP2024-0075,2024-10-01,plan_set,https://pub-2cee87f70da64080ab70ee0a34b55099.r2.dev/architect_plans/proj9_1899-oxford_2024-10-01.pdf,003f70c72860590ad25529865e971ddd5169e458b83ece84444895a42a7eb8a2,39352188,34,1899 OXFORD St,058-2181-019-05,ZP2024-0075_1899_OXFORD_St.txt
2122,ZP2024-0075,permit_number,2024-06-18_Plan Set_ 1899 OXFORD _ZP2024-0075,2024-06-18,plan_set,https://pub-2cee87f70da64080ab70ee0a34b55099.r2.dev/architect_plans/proj9_1899-oxford_2024-06-18.pdf,9314d0e040d2bc8bdb86e542cbda4fb9b9776a04e442733222bc16286ee4b430,36046475,32,1899 OXFORD St,058-2181-019-05,ZP2024-0075_1899_OXFORD_St.txt
2123,ZP2024-0075,permit_number,2025-02-28_ 1899 Oxford_Zoning Resubmission Set_02.28.25,2025-02-28,plan_set,https://pub-2cee87f70da64080ab70ee0a34b55099.r2.dev/architect_plans/proj9_1899-oxford_2025-02-28.pdf,b9924554566a038f7f068d3d0a563287c16e002fff95347de5517418535eafd5,88330528,36,1899 OXFORD St,058-2181-019-05,ZP2024-0075_1899_OXFORD_St.txt
2124,ZP2024-0075,permit_number,2025-09-18_1899 Oxford Plans - DRC Hearing Set_07.17.2025,2025-09-18,plan_set,https://pub-2cee87f70da64080ab70ee0a34b55099.r2.dev/architect_plans/proj9_1899-oxford_2025-09-18.pdf,7d684b67cb84475f9fac3f7843c690de8b7b98d6778dbf8df7cb8a0b9757b2eb,40869631,36,1899 OXFORD St,058-2181-019-05,ZP2024-0075_1899_OXFORD_St.txt
2125,ZP2023-0040,permit_number,2023-07-21_RESUB_2209 - Zoning Resubmittal 2023.07.18_1974 Shattuck,2023-07-21,plan_set,https://pub-2cee87f70da64080ab70ee0a34b55099.r2.dev/architect_plans/proj119_1974-shattuck_2023-07-21.pdf,ac8c7bdef87b4ff66ce712734750e6fb72fedd1cc05327209be747896cfbb0e8,64448059,55,1974 SHATTUCK Ave,057-2053-002-00,ZP2023-0040_1974_Shattuck.txt
2126,ZP2023-0040,permit_number,2024-03-12_RESUB_2209 - 2024.03.12 - Zoning Resubmission_1974 Shattuck,2024-03-12,plan_set,https://pub-2cee87f70da64080ab70ee0a34b55099.r2.dev/architect_plans/proj119_1974-shattuck_2024-03-12.pdf,f466c194738c034cca35a26b9195dd38e545170c130073732db9302005fbbca6,65347429,57,1974 SHATTUCK Ave,057-2053-002-00,ZP2023-0040_1974_Shattuck.txt
2127,ZP2023-0040,permit_number,2025-01-21_RESUB-DRC Plan Set_1950-1998 Shattuck,2025-01-21,plan_set,https://pub-2cee87f70da64080ab70ee0a34b55099.r2.dev/architect_plans/proj119_1974-shattuck_2025-01-21.pdf,4571e7bb6714a263ed7672e424a577737ee7ebb43309fb48e31b27382a91677d,58602775,57,1974 SHATTUCK Ave,057-2053-002-00,ZP2023-0040_1974_Shattuck.txt
2128,ZP2023-0040,permit_number,2025-01-24_RESUB ZAB Hearing Plan Set_1950-98 Shattuck,2025-01-24,plan_set,https://pub-2cee87f70da64080ab70ee0a34b55099.r2.dev/architect_plans/proj119_1974-shattuck_2025-01-24.pdf,1e7636b5ea5b41ece76e8a4f262b56dac25d574395cf546a595a94adbb100e11,80831111,55,1974 SHATTUCK Ave,057-2053-002-00,ZP2023-0040_1974_Shattuck.txt
2129,ZP2023-0079,permit_number,2023-08-17_RESUB_2201 - 2023.08.09 - Zoning Resubmittal_2274 Shattuck,2023-08-17,plan_set,https://pub-2cee87f70da64080ab70ee0a34b55099.r2.dev/architect_plans/proj120_2274-shattuck_2023-08-17.pdf,6d59020ca2fdca97ad46a239dfb986427fcf213175228013ae9138662cd5b758,59774871,41,2274 SHATTUCK Ave,057-2028-003-00,ZP2023-0079_2274_Shattuck .txt
2130,ZP2023-0079,permit_number,2023-12-08_RESUB_2201-Zoning Resubmittal Drawings_2274 Shattuck,2023-12-08,plan_set,https://pub-2cee87f70da64080ab70ee0a34b55099.r2.dev/architect_plans/proj120_2274-shattuck_2023-12-08.pdf,6dd88d8ab4e4476c85cba2d7e8738189cc96750c9aa768d0c8d7e284ef24ddf8,61097682,42,2274 SHATTUCK Ave,057-2028-003-00,ZP2023-0079_2274_Shattuck .txt
2131,ZP2023-0163,permit_number,2024-04-18_Resub_2100 Milvia St_COMPLETE SET ARCHITECTURAL,2024-04-18,plan_set,https://pub-2cee87f70da64080ab70ee0a34b55099.r2.dev/architect_plans/proj121_2100-milvia_2024-04-18.pdf,97847aff714ee59d9518328c827b4b13be7211d9576341900633f3a6f438a6eb,49092603,37,2100 MILVIA St,057-2022-017-01,ZP2023-0163_2100_Milvia.txt
2132,ZP2023-0163,permit_number,2025-05-14_Resub_Plans_2100 Milvia,2025-05-14,plan_set,https://pub-2cee87f70da64080ab70ee0a34b55099.r2.dev/architect_plans/proj121_2100-milvia_2025-05-14.pdf,c0ea9b2fea50be30865562ede9cf043c3183dfdc7ac981d04fb68d81954d81e2,45407702,58,2100 MILVIA St,057-2022-017-01,ZP2023-0163_2100_Milvia.txt
2133,ZP2018-0135,permit_number,2018-08-29_RESUB Plan Set_2352 Shattuck,2018-08-29,plan_set,https://pub-2cee87f70da64080ab70ee0a34b55099.r2.dev/architect_plans/proj179_2352-shattuck_2018-08-29.pdf,2ebd37f1e76e788785f4093112a09809ca0481e4177fbd6f2bd41f66a631ab9e,19088060,36,2352 Shattuck Ave,055-1895-018-05,Accela ZP2018-0135
2134,ZP2018-0135,permit_number,2018-10-16_RESUB_Plan Set Sheets_2352 Shattuck,2018-10-16,plan_set,https://pub-2cee87f70da64080ab70ee0a34b55099.r2.dev/architect_plans/proj179_2352-shattuck_2018-10-16.pdf,44ee0cbd9f8ce41787623d4020e65ef005d00ef7e71280f155fe59e690314cd5,9268999,7,2352 Shattuck Ave,055-1895-018-05,Accela ZP2018-0135
2135,ZP2018-0135,permit_number,2019-02-04_RESUB_Plan Set_2352 Shattuck,2019-02-04,plan_set,https://pub-2cee87f70da64080ab70ee0a34b55099.r2.dev/architect_plans/proj179_2352-shattuck_2019-02-04.pdf,4a2fc291778b237517c58e26d4dccae33b04ff4d58c661637b9b520d571a7b15,24464488,38,2352 Shattuck Ave,055-1895-018-05,Accela ZP2018-0135
2136,ZP2018-0135,permit_number,2019-03-28_Resub Plan Set_2352 Shattuck,2019-03-28,plan_set,https://pub-2cee87f70da64080ab70ee0a34b55099.r2.dev/architect_plans/proj179_2352-shattuck_2019-03-28.pdf,369aa3bcf87cecb76945adc5f266effd19cf0e90bfb449881c5ef049c694d125,24428775,38,2352 Shattuck Ave,055-1895-018-05,Accela ZP2018-0135
2137,ZP2018-0135,permit_number,2019-04-26_Resub Plan Set_2352 Shattuck,2019-04-26,plan_set,https://pub-2cee87f70da64080ab70ee0a34b55099.r2.dev/architect_plans/proj179_2352-shattuck_2019-04-26.pdf,4772d72580e3f674cc721b60056940856ea01cc375065944c0944446c2896650,24424033,38,2352 Shattuck Ave,055-1895-018-05,Accela ZP2018-0135
2138,ZP2018-0135,permit_number,2019-08-26_RESUB_Plans_2352 Shattuck,2019-08-26,plan_set,https://pub-2cee87f70da64080ab70ee0a34b55099.r2.dev/architect_plans/proj179_2352-shattuck_2019-08-26.pdf,68c88ec442a5b5becd63b96211ea0520468d3741998aeea9df4fc08a45354797,21215762,24,2352 Shattuck Ave,055-1895-018-05,Accela ZP2018-0135
2139,ZP2024-0067,permit_number,2024-06-05_2. 2276 Shattuck Ave_Plan Set,2024-06-05,plan_set,https://pub-2cee87f70da64080ab70ee0a34b55099.r2.dev/architect_plans/proj2_2276-shattuck_2024-06-05.pdf,aa05c49cc42203c6cc1561b34a140e0c49b8a20a4be9525b4fbe84f04ca91acd,42744021,66,2276 SHATTUCK Ave,057-2028-004-00,Accela ZP2024-0067
2140,ZP2024-0067,permit_number,2024-09-30_2276 Shattuck Ave_Revised Plan Set,2024-09-30,plan_set,https://pub-2cee87f70da64080ab70ee0a34b55099.r2.dev/architect_plans/proj2_2276-shattuck_2024-09-30.pdf,562d4cb288575f54f571e00ea66397ec2adbedc0f42d6cf900bbc3b036b9b1c2,48356828,68,2276 SHATTUCK Ave,057-2028-004-00,Accela ZP2024-0067
2141,ZP2024-0067,permit_number,2024-11-21_2276 Shattuck Ave_Plans,2024-11-21,plan_set,https://pub-2cee87f70da64080ab70ee0a34b55099.r2.dev/architect_plans/proj2_2276-shattuck_2024-11-21.pdf,969a5090effac10b9da09848208d984d8e99d91d96eb45d3579bde67adaa60d7,67568005,67,2276 SHATTUCK Ave,057-2028-004-00,Accela ZP2024-0067
2142,ZP2024-0067,permit_number,2025-10-17_2276 Shattuck Ave_Revised Plan Set,2025-10-17,plan_set,https://pub-2cee87f70da64080ab70ee0a34b55099.r2.dev/architect_plans/proj2_2276-shattuck_2025-10-17.pdf,cfe3f393bbaf5080778cffbd14349629559b84a2e344bcba5a02063ffebb3d05,50334732,68,2276 SHATTUCK Ave,057-2028-004-00,Accela ZP2024-0067
2143,ZP2024-0058,permit_number,2024-09-10_RESUB_2307 - 2024.09.10 - ZONING RESUBMITTAL_2700 Shattuck,2024-09-10,plan_set,https://pub-2cee87f70da64080ab70ee0a34b55099.r2.dev/architect_plans/proj3_2700-shattuck_2024-09-10.pdf,f715b80f5a8bb47ca117d69f40b9e2dcba965a299c0e809161375ba144bfa18e,73936694,42,2700 SHATTUCK Ave,054-1723-001-00,ZP2024-0058_2700_SHATTUCK_Ave.txt
2144,ZP2024-0058,permit_number,2025-01-10_RESUB_PCKT_8 - Landscape Drawings_2700 Shattuck,2025-01-10,plan_set,https://pub-2cee87f70da64080ab70ee0a34b55099.r2.dev/architect_plans/proj3_2700-shattuck_2025-01-10.pdf,898dacdd99ab7ca6c83d3603ea40fcf11d89b6a62fc3c6efe358f237a3f81a34,25882181,10,2700 SHATTUCK Ave,054-1723-001-00,ZP2024-0058_2700_SHATTUCK_Ave.txt
2145,ZP2024-0058,permit_number,2025-01-10_RESUB_PCKT_7 - Architectural Drawings_2700 Shattuck,2025-01-10,plan_set,https://pub-2cee87f70da64080ab70ee0a34b55099.r2.dev/architect_plans/proj3_2700-shattuck_2025-01-10_architectural.pdf,039842a7e9b2ba46833d5ddef6f4324fde568d12a77aec5b6c33c9571cff7dc1,47240497,33,2700 SHATTUCK Ave,054-1723-001-00,ZP2024-0058_2700_SHATTUCK_Ave.txt
2146,ZP2024-0058,permit_number,2025-12-22_RESUB_PCKT_Zoning Resubmittal Drawings_2700 Shattuck,2025-12-22,plan_set,https://pub-2cee87f70da64080ab70ee0a34b55099.r2.dev/architect_plans/proj3_2700-shattuck_2025-12-22.pdf,3c7363c3ba72e9112b5bed6a9c88a98d3895498b17a6f40b401d12258d6e4980,79948288,51,2700 SHATTUCK Ave,054-1723-001-00,ZP2024-0058_2700_SHATTUCK_Ave.txt
2147,ZP2024-0058,permit_number,2026-01-20_RESUB_Zoning Resubmittal Drawings_2700 Shattuck,2026-01-20,plan_set,https://pub-2cee87f70da64080ab70ee0a34b55099.r2.dev/architect_plans/proj3_2700-shattuck_2026-01-20.pdf,0a9c8339531ad8060d7d6cbe48edff2f4da9d83a8a0d87e9e08acdb6f03c80ff,83962691,53,2700 SHATTUCK Ave,054-1723-001-00,ZP2024-0058_2700_SHATTUCK_Ave.txt
2148,ZP2025-0101,permit_number,2026-02-18_RESUB_UP MOD PLANS_2190 Shattuck,2026-02-18,plan_set,https://pub-2cee87f70da64080ab70ee0a34b55099.r2.dev/architect_plans/proj35_2190-shattuck_2026-02-18.pdf,0a95a8f6d80dd1486fe1f072f0317db0903dfab845f24c867806318fd2848268,141532547,44,2190 SHATTUCK Ave,057-2026-004-05,ZP2025-0101_2190_SHATTUCK.txt
2149,ZP2020-0104,permit_number,2023-05-23_Spengers Zoning Drawings,2023-05-23,plan_set,https://pub-2cee87f70da64080ab70ee0a34b55099.r2.dev/architect_plans/proj4_1914-fifth_2023-05-23.pdf,a1f48267c8074a03ce810e70bc1f1b194085272abacedc6f1cae333afad54295,80093932,48,1914 FIFTH St,057-2100-007-08,Accela ZP2020-0104
2150,ZP2024-0181,permit_number,2024-04-03_8. 2029 University Ave_Revised Plans_Mulitfamily,2024-04-03,plan_set,https://pub-2cee87f70da64080ab70ee0a34b55099.r2.dev/architect_plans/proj6_2029-university_2024-04-03.pdf,4f4dd748e03b7a383bd92ed252ad7c94733720b48cc25bc8a1f0ad11242513a6,47448167,44,2029 UNIVERSITY Ave,057-2053-008-01,ZP2024-0181_2029_UNIVERSITY.txt
2151,ZP2024-0181,permit_number,2025-05-19_2. 2029 University Ave_Plans_05.19.2025 Zoning Resubmission_Mulifamily,2025-05-19,plan_set,https://pub-2cee87f70da64080ab70ee0a34b55099.r2.dev/architect_plans/proj6_2029-university_2025-05-19.pdf,ba759ce6f59fd7d84c09b096a2efdf8f04800e03e3be31ca477981c2c4df588c,48249774,44,2029 UNIVERSITY Ave,057-2053-008-01,ZP2024-0181_2029_UNIVERSITY.txt
2152,ZP2024-0181,permit_number,2024-12-19_6. 2029 University Ave_Multifamily Plans,2024-12-19,plan_set,https://pub-2cee87f70da64080ab70ee0a34b55099.r2.dev/architect_plans/proj6_2029-university_2024-12-19.pdf,dfeff8782a24a715f41ff2c818ae2a37cc86b862c05f2ba8c2d253c18ea00e22,20384367,43,2029 UNIVERSITY Ave,057-2053-008-01,ZP2024-0181_2029_UNIVERSITY.txt
2153,ZP2022-0171,permit_number,2023-03-11_RESUB_2601 SAN PABLO - ZONING RESUBMISSION_2601 San Pablo,2023-03-11,plan_set,https://pub-2cee87f70da64080ab70ee0a34b55099.r2.dev/architect_plans/proj7_2601-san-pablo_2023-03-11.pdf,2317663dfe84cf12e07d7ad7272370cd2e163dae963d4c37e85d0a18f2f1e042,86400542,40,2601 SAN PABLO Ave,054-1785-017-00,ZP2022-0171_2601_SAN_PABLO_Ave.txt
2154,ZP2022-0171,permit_number,2023-06-20_Resub_Plans_2601 San Pablo Ave,2023-06-20,plan_set,https://pub-2cee87f70da64080ab70ee0a34b55099.r2.dev/architect_plans/proj7_2601-san-pablo_2023-06-20.pdf,5f42e10ab94739b1423fa8b0e1284c50a3d214a33bbaacc30726648c4f4c8b4b,87933278,41,2601 SAN PABLO Ave,054-1785-017-00,ZP2022-0171_2601_SAN_PABLO_Ave.txt
2155,ZP2022-0116,permit_number,2022-11-30_RESUB_2920 Shattuck Resubmission Set_12.01.2022_2920 Shattuck,2022-11-30,plan_set,https://pub-2cee87f70da64080ab70ee0a34b55099.r2.dev/architect_plans/proj8_2920-shattuck_2022-11-30.pdf,d403b8be893d40838aad3dbbca444db3f39f53014d8180d46e55b24bbb599ca1,48775277,32,2920 SHATTUCK Ave,053-1590-005-01,ZP2022-0116_2920_SHATTUCK_Ave.txt
2156,ZP2022-0116,permit_number,2023-04-17_Resub Plans_2920 Shattuck,2023-04-17,plan_set,https://pub-2cee87f70da64080ab70ee0a34b55099.r2.dev/architect_plans/proj8_2920-shattuck_2023-04-17.pdf,78402d065f161af566374fb510593e466ac16d3b3719b14ae3f32c6cc7219ab8,48021535,42,2920 SHATTUCK Ave,053-1590-005-01,ZP2022-0116_2920_SHATTUCK_Ave.txt
2157,ZP2022-0116,permit_number,2025-10-03_RESUB_Revised Plans_2920 Shattuck,2025-10-03,plan_set,https://pub-2cee87f70da64080ab70ee0a34b55099.r2.dev/architect_plans/proj8_2920-shattuck_2025-10-03.pdf,8df927e1ea289f2d517453253e22b63fb6ba1456b7226100ece95fcffda5f09b,58488779,44,2920 SHATTUCK Ave,053-1590-005-01,ZP2022-0116_2920_SHATTUCK_Ave.txt
2158,ZP2022-0116,permit_number,2025-10-16_RESUB_Revised Plans_2920 Shattuck,2025-10-16,plan_set,https://pub-2cee87f70da64080ab70ee0a34b55099.r2.dev/architect_plans/proj8_2920-shattuck_2025-10-16.pdf,b6056156253c712f1f0c30385069a4f5bf218971f342646770f8399a5cc0d5f3,44469279,44,2920 SHATTUCK Ave,053-1590-005-01,ZP2022-0116_2920_SHATTUCK_Ave.txt
2159,ZP2022-0171,permit_number,2023-06-09_7 - 2023 -  Density Bonus Eligibility Statement,2023-06-09,density_bonus_application,https://pub-2cee87f70da64080ab70ee0a34b55099.r2.dev/affordability_forms/proj7_dbe_2023-06-09.pdf,f00cc45722ccfecbbea2f9f7817e0fb4d74d85740e76214f6cb07ffaafee4527,280512,1,2601 SAN PABLO Ave,054-1785-017-00,ZP2022-0171_2601_SAN_PABLO_Ave.txt
2160,ZP2022-0171,permit_number,2023-06-09_1.E - 2023 - Tabulation_Form_New,2023-06-09,tabulation_form,https://pub-2cee87f70da64080ab70ee0a34b55099.r2.dev/affordability_forms/proj7_tabulation_2023-06-09.pdf,ae3654dd99b0717a1a519d1e596c82a27706c6c3e5c9e1bd77d8a2559ee9b3ff,201309,1,2601 SAN PABLO Ave,054-1785-017-00,ZP2022-0171_2601_SAN_PABLO_Ave.txt
2161,ZP2022-0116,permit_number,2025-10-03_RESUB_Density Bonus Eligibility Statement_2920 Shattuck,2025-10-03,density_bonus_application,https://pub-2cee87f70da64080ab70ee0a34b55099.r2.dev/affordability_forms/proj8_dbe_2025-10-03.pdf,92af91e9a2c34c434853292137a23963931fb7e7ade06e4da99667fc8aa32946,18889,1,2920 SHATTUCK Ave,053-1590-005-01,ZP2022-0116_2920_SHATTUCK_Ave.txt
2162,ZP2022-0116,permit_number,2025-10-03_RESUB_Tabulation Form_2920 Shattuck,2025-10-03,tabulation_form,https://pub-2cee87f70da64080ab70ee0a34b55099.r2.dev/affordability_forms/proj8_tabulation_2025-10-03.pdf,2fc5ef10753dfc1b252bdcb2c454535f7a4d30dccebb40e5f7cf9dc15ca930a9,200284,1,2920 SHATTUCK Ave,053-1590-005-01,ZP2022-0116_2920_SHATTUCK_Ave.txt
2163,ZP2024-0075,permit_number,2025-02-28_Density Bonus Eligibility Statement_1899 Oxofrd_ZP2024-0075,2025-02-28,density_bonus_application,https://pub-2cee87f70da64080ab70ee0a34b55099.r2.dev/affordability_forms/proj9_dbe_2025-02-28.pdf,fe7e7123015fd0867f4ac1dd104019ce57ffec5f6e3b2a93badf577c22fc2fc8,63578,1,1899 OXFORD St,058-2181-019-05,ZP2024-0075_1899_OXFORD_St.txt
2164,ZP2024-0075,permit_number,2025-02-28_Tabulation Form_1899 Oxfrord_ZP2024-0075,2025-02-28,tabulation_form,https://pub-2cee87f70da64080ab70ee0a34b55099.r2.dev/affordability_forms/proj9_tabulation_2025-02-28.pdf,2fa72d7497136182fe8197cc14f9775c07a9943be91d0bb9cfdcf0da4debf1c0,126977,1,1899 OXFORD St,058-2181-019-05,ZP2024-0075_1899_OXFORD_St.txt
2165,ZP2022-0046,permit_number,2022-07-08_RESUB_Density Bonus Eligibility Statement_3000 Shattuck,2022-07-08,density_bonus_application,https://pub-2cee87f70da64080ab70ee0a34b55099.r2.dev/affordability_forms/proj10_dbe_2022-07-08.pdf,c493d19cefe0018f638d0e8dd519424fa04633fd22e9a0ab17c383c68498c2cf,82899,1,3000 SHATTUCK Ave,053-1592-001-00,ZP2022-0046_3000_SHATTUCK_Ave.txt
2166,ZP2022-0046,permit_number,2022-07-08_RESUB_Tabulation_Form_3000 Shattuck,2022-07-08,tabulation_form,https://pub-2cee87f70da64080ab70ee0a34b55099.r2.dev/affordability_forms/proj10_tabulation_2022-07-08.pdf,a35726b7e1d31ffd5a3089c0c580ab28e03d5a57f13a6b4e4c5ca46f6e400770,200805,1,3000 SHATTUCK Ave,053-1592-001-00,ZP2022-0046_3000_SHATTUCK_Ave.txt
2167,ZP2024-0066,permit_number,2025-04-11_5.C - 2431 -  Density Bonus Eligibility Statement,2025-04-11,density_bonus_application,https://pub-2cee87f70da64080ab70ee0a34b55099.r2.dev/affordability_forms/proj15_dbe_2025-04-11.pdf,b8c6bd2b0bcfdb2432a299d27d442ca82eb4a1793886a32cf220b026a36020c0,106128,1,2109 VIRGINIA St,058-2178-018-00,ZP2024-0066_2109_VIRGINIA_St.txt
2168,ZP2024-0066,permit_number,2025-04-11_1.E - 2341 - Tabulation_Form,2025-04-11,tabulation_form,https://pub-2cee87f70da64080ab70ee0a34b55099.r2.dev/affordability_forms/proj15_tabulation_2025-04-11.pdf,eb011d66510fcb01b0d246a237f4fbe626890d10fe3600e6e45591f3e808f919,127719,1,2109 VIRGINIA St,058-2178-018-00,ZP2024-0066_2109_VIRGINIA_St.txt
2169,ZP2023-0099,permit_number,2024-03-12_RESUB_7 - 2233 -  Density Bonus Eligibility Statement_2109 Milvia,2024-03-12,density_bonus_application,https://pub-2cee87f70da64080ab70ee0a34b55099.r2.dev/affordability_forms/proj17_dbe_2024-03-12.pdf,1550f589a82d342dec0e302b7f8afb8aef94fcab21bb1feaf1b818eacb89f5bf,58371,1,2109 MILVIA St,057-2023-016-01,ZP2023-0099_2109_MILVIA_St.txt
2170,ZP2023-0090,permit_number,2024-04-10_Resub_2733 San Pablo Ave_7 - 2203 -  Density Bonus Eligibility Statement,2024-04-10,density_bonus_application,https://pub-2cee87f70da64080ab70ee0a34b55099.r2.dev/affordability_forms/proj36_dbe_2024-04-10.pdf,0b297abe520c437b548f6ed61476bb05f3ec250cccae8ecfd0db0419e656f5e5,64811,1,2733 SAN PABLO Ave,054-1742-032-00,ZP2023-0090_2733_SAN_PABLO_Ave.txt
2171,ZP2023-0090,permit_number,2023-12-13_1.E - 2203 - Tabulation_Form,2023-12-13,tabulation_form,https://pub-2cee87f70da64080ab70ee0a34b55099.r2.dev/affordability_forms/proj36_tabulation_2023-12-13.pdf,6fa0249f91c5dff4f12003bcc81c7bdd417edc4f9e5336be845142a2aa3e0505,201859,1,2733 SAN PABLO Ave,054-1742-032-00,ZP2023-0090_2733_SAN_PABLO_Ave.txt
2172,ZP2023-0040,permit_number,2024-03-12_RESUB_7 - 2209 -  Density Bonus Eligibility Statement_1974 Shattuck,2024-03-12,density_bonus_application,https://pub-2cee87f70da64080ab70ee0a34b55099.r2.dev/affordability_forms/proj119_dbe_2024-03-12.pdf,9d48a0605fe958afe5fc569ea24489f42986076df9569db3cbb773af080ef245,65144,1,1974 SHATTUCK Ave,057-2053-002-00,ZP2023-0040_1974_Shattuck.txt
2173,ZP2023-0040,permit_number,2023-07-21_RESUB_1.E - 2209 - Tabulation_Form_1974 Shattuck,2023-07-21,tabulation_form,https://pub-2cee87f70da64080ab70ee0a34b55099.r2.dev/affordability_forms/proj119_tabulation_2023-07-21.pdf,40dcbbe2cd3e6244f6e0b59ed5f8cb26c653b1dc23ba531d2d9f06fc5d95233c,202513,1,1974 SHATTUCK Ave,057-2053-002-00,ZP2023-0040_1974_Shattuck.txt
2174,ZP2022-0149,permit_number,Density Bonus Eligibility Statement (2420 Shattuck),2023-04-18,density_bonus_application,https://pub-2cee87f70da64080ab70ee0a34b55099.r2.dev/affordability_forms/proj13_dbe_2023-04-18.pdf,e61f611f576f0fd2ca00cc1101a2aeb29039f1a189d6cd3cc84d263c0159cbb4,83598,1,2420 SHATTUCK Ave,055-1896-003-00,accela
2175,ZP2022-0149,permit_number,Affordable Housing Tabulation Form 1.E (2420 Shattuck),2023-11-02,tabulation_form,https://pub-2cee87f70da64080ab70ee0a34b55099.r2.dev/affordability_forms/proj13_tabulation_2023-11-02.pdf,0278d5639831b7e8a644591d66b0b8c9797a833c4d60fc8503cdb28c40ba21de,204126,1,2420 SHATTUCK Ave,055-1896-003-00,accela
2176,ZP2025-0101,permit_number,Affordable Housing Compliance Plan 5.A (2190 Shattuck),2026-02-18,affordable_housing_agreement,https://pub-2cee87f70da64080ab70ee0a34b55099.r2.dev/affordability_forms/proj35_ahcp_2026-02-18.pdf,3bcf8eb09b8a29aff1f8af86e855ff073a19fd988d79b404c7a04feceb841c92,546919,7,2190 SHATTUCK Ave,057-2026-004-05,accela
2177,ZP2025-0101,permit_number,Tabulation Form 1.E (2190 Shattuck),2026-02-18,tabulation_form,https://pub-2cee87f70da64080ab70ee0a34b55099.r2.dev/affordability_forms/proj35_tabulation_2026-02-18.pdf,5de25cc4a944ce7facb4c3f83cf213d28a36b50ef3f010a0642bab9ac0c64f04,216766,1,2190 SHATTUCK Ave,057-2026-004-05,accela
2179,ZP2023-0107,permit_number,2023-07-20 PLANS 2462 Bancroft,2023-07-20,plan_set,https://pub-2cee87f70da64080ab70ee0a34b55099.r2.dev/architect_plans/proj116_2462-bancroft-way_2023-07-20.pdf,95695b36a86449e6cb9050062dc5d36d6c141e39c5ac844c45f265598028b944,28897472,35,2462 BANCROFT Way,055-1878-020-00,accela_citizen_portal
2180,ZP2023-0107,permit_number,2024-05-30 ZAB Item 3 Att2 2462 Bancroft Project Plans,2024-05-30,plan_set,https://pub-2cee87f70da64080ab70ee0a34b55099.r2.dev/architect_plans/proj116_2462-bancroft-way_2024-05-30.pdf,0fd9fa73b1912e226583707d56183b9eed5aee5e9e51b5643599f55130eb4e10,15969476,40,2462 BANCROFT Way,055-1878-020-00,accela_citizen_portal
2181,ZP2023-0107,permit_number,2024-05-21 ZAB Plans 2462 Bancroft,2024-05-21,plan_set,https://pub-2cee87f70da64080ab70ee0a34b55099.r2.dev/architect_plans/proj116_2462-bancroft-way_2024-05-21.pdf,4f55a1e2cf623f33f6a689c44d40b8ce2e0ed6efb0894f800a2e18c8fee545ce,40468905,40,2462 BANCROFT Way,055-1878-020-00,accela_citizen_portal
2182,ZP2023-0126,permit_number,1 - Zoning Resubmittal Plans - 10.31.2023 RED 3,,plan_set,https://pub-2cee87f70da64080ab70ee0a34b55099.r2.dev/architect_plans/proj122_2530-bancroft-way_2023-10-31.pdf,e645a2427781b6121468f07112bf4b8336bd39606cfcfaa01054480a894745f8,25198980,27,2530 BANCROFT Way,055-1877-016-01,accela_citizen_portal
2183,ZP2023-0126,permit_number,1 - Zoning Resubmittal Plans - 10.31.2023,,plan_set,https://pub-2cee87f70da64080ab70ee0a34b55099.r2.dev/architect_plans/proj122_2530-bancroft-way_2023-10-31_2b9737b1.pdf,2b9737b15d6eaa88f11378560d654c332a70e4c973472d0b63c2d46772294094,53452072,39,2530 BANCROFT Way,055-1877-016-01,accela_citizen_portal
2184,ZP2022-0135,permit_number,2023-02-15 RESUB 2 HUB Berkeley - Plan Set 02-08-23 low-res 2128 Oxford,2023-02-15,plan_set,https://pub-2cee87f70da64080ab70ee0a34b55099.r2.dev/architect_plans/proj133_2128-oxford-st_2023-02-15.pdf,ab0b923453c232f74c9f77dc8585f803c3b02e571f7765f9877e5ccf614c6c3f,41906187,68,2128 Oxford St,057-2031-001-01,accela_citizen_portal
2185,ZP2022-0135,permit_number,2023-11-03 RESUB 2 HUB Berkeley - Plan Set 11-01-23 low-res,2023-11-03,plan_set,https://pub-2cee87f70da64080ab70ee0a34b55099.r2.dev/architect_plans/proj133_2128-oxford-st_2023-11-03.pdf,0bbc119ef4fb07aacd866b1e9a1d93f8d5d794b68f2fb91845344fe770fe6cfe,59121478,74,2128 Oxford St,057-2031-001-01,accela_citizen_portal
2186,ZP2022-0135,permit_number,2024-02-26 RESUB HUB Berkeley Plans 02-26-24 2128 Oxford,2024-02-26,plan_set,https://pub-2cee87f70da64080ab70ee0a34b55099.r2.dev/architect_plans/proj133_2128-oxford-st_2024-02-26.pdf,3176e66bda5c83519afe55899fdaf284a7c5c294abec5ffd0b8575972e915763,144755348,75,2128 Oxford St,057-2031-001-01,accela_citizen_portal
2187,ZP2022-0135,permit_number,2024-03-15 RESUB HUB Berkeley Plans 2128 Oxford,2024-03-15,plan_set,https://pub-2cee87f70da64080ab70ee0a34b55099.r2.dev/architect_plans/proj133_2128-oxford-st_2024-03-15.pdf,14814281a8ef5ad4f9bdd2ddea7720bd0e68bdf0eab07e007cab058fb4893c01,144759750,75,2128 Oxford St,057-2031-001-01,accela_citizen_portal
2188,ZP2022-0135,permit_number,2024-09-12 ZAB Item 5 Att3 2128-2130 Oxford Project Plans,2024-09-12,plan_set,https://pub-2cee87f70da64080ab70ee0a34b55099.r2.dev/architect_plans/proj133_2128-oxford-st_2024-09-12.pdf,9be2399933263721a7a5904c810a1fddbb6ffac1e86533b9b1226c8b5488d9c4,30875709,75,2128 Oxford St,057-2031-001-01,accela_citizen_portal
2189,ZP2021-0162,permit_number,2022-01-20 RESUB 3 HUB Berkeley Plan Set 01-20-22 2128 Oxford,2022-01-20,plan_set,https://pub-2cee87f70da64080ab70ee0a34b55099.r2.dev/architect_plans/proj133_2128-oxford-st_2022-01-20.pdf,90c25c4920038ad1a736c1b5b9e95502b70f296d3c18c9a25baf8849c3bd9ee2,33527976,63,2128 Oxford St,057-2031-001-01,accela_citizen_portal
2190,ZP2021-0162,permit_number,2022-01-20 RESUB 3 HUB Berkeley Plan Set 01-20-22 Small 2128 Oxford,2022-01-20,plan_set,https://pub-2cee87f70da64080ab70ee0a34b55099.r2.dev/architect_plans/proj133_2128-oxford-st_2022-01-20_b4043d24.pdf,b4043d24d76fb7d3b0817b84a6e8867c47746cc6a3c370d13e3a954110ce3691,28789829,63,2128 Oxford St,057-2031-001-01,accela_citizen_portal
2191,ZP2021-0046,permit_number,2021-08-03 RESUB Plans 2136 San Pablo,2021-08-03,plan_set,https://pub-2cee87f70da64080ab70ee0a34b55099.r2.dev/architect_plans/proj140_2136-san-pablo-ave_2021-08-03.pdf,aa554d74c7a76987a3ff74564cd5870cde8849bf4f24713c837f0306f30f970a,59948295,40,2136 SAN PABLO Ave,056-1977-011-01,accela_citizen_portal
2192,ZP2021-0046,permit_number,ABAG Final RHNA Allocation Plan 2023-2031,,plan_set,https://pub-2cee87f70da64080ab70ee0a34b55099.r2.dev/architect_plans/proj140_2136-san-pablo-ave_nodate.pdf,0a37d770554c3344a4aa7feaaa800f713d58c81d889f58a1a1567aaa40222b5e,5788891,123,2136 SAN PABLO Ave,056-1977-011-01,accela_citizen_portal
2193,ZP2021-0046,permit_number,Berkeley June2014 Local Hazard Mitigation Plan,,plan_set,https://pub-2cee87f70da64080ab70ee0a34b55099.r2.dev/architect_plans/proj140_2136-san-pablo-ave_nodate_a06ca964.pdf,a06ca96466f9c31ee3bdc7c7cc7d74c38ae993307dfa3a8f64e323fd4f8b5f84,13395346,248,2136 SAN PABLO Ave,056-1977-011-01,accela_citizen_portal
2194,ZP2021-0046,permit_number,wsmp-2040-revised-final-plan,,plan_set,https://pub-2cee87f70da64080ab70ee0a34b55099.r2.dev/architect_plans/proj140_2136-san-pablo-ave_nodate_25993b72.pdf,25993b72b718501539f1ef80ba8d8b86e70b793bd193bc40af28a354430de575,8766338,152,2136 SAN PABLO Ave,056-1977-011-01,accela_citizen_portal
2195,ZP2021-0046,permit_number,East Bay Plain Subbasin Groundwater Sustainability Plan 2022 Part5,,plan_set,https://pub-2cee87f70da64080ab70ee0a34b55099.r2.dev/architect_plans/proj140_2136-san-pablo-ave_nodate_c42343d9.pdf,c42343d914246f4d5c446d2addb709eea7265644e0566b1856db8e49673cd92d,43369863,206,2136 SAN PABLO Ave,056-1977-011-01,accela_citizen_portal
2196,ZP2021-0046,permit_number,East Bay Plain Subbasin Groundwater Sustainability Plan 2022 Part2,,plan_set,https://pub-2cee87f70da64080ab70ee0a34b55099.r2.dev/architect_plans/proj140_2136-san-pablo-ave_nodate_1929f870.pdf,1929f87059c4f5882cd022b035d88a870960564fcb6731811bc34fce69b3ebba,52475553,403,2136 SAN PABLO Ave,056-1977-011-01,accela_citizen_portal
2197,ZP2021-0046,permit_number,East Bay Plain Subbasin Groundwater Sustainability Plan 2022 Part1,,plan_set,https://pub-2cee87f70da64080ab70ee0a34b55099.r2.dev/architect_plans/proj140_2136-san-pablo-ave_nodate_a7401ef7.pdf,a7401ef7a81156935490d77bb1c45524b4235031b10df4eb8cdd292172ce71e4,52133781,235,2136 SAN PABLO Ave,056-1977-011-01,accela_citizen_portal
2198,ZP2021-0046,permit_number,East Bay Plain Subbasin Groundwater Sustainability Plan 2022 Part3,,plan_set,https://pub-2cee87f70da64080ab70ee0a34b55099.r2.dev/architect_plans/proj140_2136-san-pablo-ave_nodate_f350f752.pdf,f350f752ef4912ff942c3160c673241d45672b544a426c73e87e629396008feb,52419911,3063,2136 SAN PABLO Ave,056-1977-011-01,accela_citizen_portal
2199,ZP2021-0193,permit_number,2021-09-09 RESUB Plans 2065 Kittredge,2021-09-09,plan_set,https://pub-2cee87f70da64080ab70ee0a34b55099.r2.dev/architect_plans/proj180_2065-kittredge-st_2021-09-09.pdf,91d08c9223dc05068a01832f56b5f46695bbb0a686363dfc457af3e7cec5a52f,12745777,15,2065 Kittredge St,057-2027-006-00,accela_citizen_portal
2200,ZP2021-0193,permit_number,2021-12-15 RESUB 2F - Street Strip Elevations - RESUBMISSION 2065 Kittredge,2021-12-15,plan_set,https://pub-2cee87f70da64080ab70ee0a34b55099.r2.dev/architect_plans/proj180_2065-kittredge-st_2021-12-15.pdf,20bc9b2068e9a6443753fdedf165f7807db2ed4b8307751cf739f94418fa92dc,9027329,1,2065 Kittredge St,057-2027-006-00,accela_citizen_portal
2201,ZP2021-0193,permit_number,2021-12-15 RESUB 3A - Site Photographs - RESUBMISSION 2065 Kittredge,2021-12-15,plan_set,https://pub-2cee87f70da64080ab70ee0a34b55099.r2.dev/architect_plans/proj180_2065-kittredge-st_2021-12-15_88c889e4.pdf,88c889e4ed8875c39f568d11b2e2fb7e9734ebb0078d8afba80e706100f56190,10139702,1,2065 Kittredge St,057-2027-006-00,accela_citizen_portal
2202,ZP2021-0193,permit_number,2021-12-15 RESUB 3G - Renderings - RESUBMISSION 2065 Kittredge,2021-12-15,plan_set,https://pub-2cee87f70da64080ab70ee0a34b55099.r2.dev/architect_plans/proj180_2065-kittredge-st_2021-12-15_1c4ff7e9.pdf,1c4ff7e99599f09faa028e020706c324c9fa3f6f49cdba899f92aea0fb0190a8,25520178,1,2065 Kittredge St,057-2027-006-00,accela_citizen_portal
2203,ZP2021-0193,permit_number,2021-12-15 RESUB 3B - Shadow Studies - RESUBMISSION 2065 Kittredge,2021-12-15,plan_set,https://pub-2cee87f70da64080ab70ee0a34b55099.r2.dev/architect_plans/proj180_2065-kittredge-st_2021-12-15_b3990bd8.pdf,b3990bd8e28cefb76a13e84709771e8d0bdaedebbee2c65983669d1dc8a7f670,31126474,3,2065 Kittredge St,057-2027-006-00,accela_citizen_portal
2204,ZP2021-0193,permit_number,"2021-12-15 RESUB 2D,E -Full Architecture Package - Floor Plans, Elevations - RESUBMISSION 2065 Kittredge",2021-12-15,plan_set,https://pub-2cee87f70da64080ab70ee0a34b55099.r2.dev/architect_plans/proj180_2065-kittredge-st_2021-12-15_1869567c.pdf,1869567c261ae32fd160161ad23cffc1bc84830d882a6fdaa702624648cec561,108833254,28,2065 Kittredge St,057-2027-006-00,accela_citizen_portal
2205,ZP2021-0193,permit_number,2022-03-17 RESUB Plans 2065 Kittredge,2022-03-17,plan_set,https://pub-2cee87f70da64080ab70ee0a34b55099.r2.dev/architect_plans/proj180_2065-kittredge-st_2022-03-17.pdf,42a33296ea56edd40507ae5b12ef6132219708ef6fbd5c901524a87ebb81f62a,49137552,34,2065 Kittredge St,057-2027-006-00,accela_citizen_portal
2206,ZP2021-0193,permit_number,2022-05-02 RESUB Plans 2065 Kittredge,2022-05-02,plan_set,https://pub-2cee87f70da64080ab70ee0a34b55099.r2.dev/architect_plans/proj180_2065-kittredge-st_2022-05-02.pdf,140040f03e7385ff8c12ed4a8b15a771bcb2e2a71594ef60fa2c61187b7b61a8,25302760,36,2065 Kittredge St,057-2027-006-00,accela_citizen_portal
2207,ZP2022-0178,permit_number,2023-03-09 RESUB 3. Revised Plans 2015 Blake,2023-03-09,plan_set,https://pub-2cee87f70da64080ab70ee0a34b55099.r2.dev/architect_plans/proj181_2015-blake-st_2023-03-09.pdf,729f2a700dfefe7dd3510afc0c756b248d2dcbd1b91c611513fe172f9e61c829,42808455,64,2015 Blake St,055-1822-013-03,accela_citizen_portal
2208,ZP2022-0178,permit_number,2023-02-09 RESUB 10. Revised Plans 2015 Blake,2023-02-09,plan_set,https://pub-2cee87f70da64080ab70ee0a34b55099.r2.dev/architect_plans/proj181_2015-blake-st_2023-02-09.pdf,cd8c137362ce07470f3066a4e3d63772a6f108a49337c1dea91c5d76b5b9b9bf,42140157,64,2015 Blake St,055-1822-013-03,accela_citizen_portal
2209,ZP2022-0178,permit_number,2023-06-22 RESUB-Revised Plan Set 2015 Blake,2023-06-22,plan_set,https://pub-2cee87f70da64080ab70ee0a34b55099.r2.dev/architect_plans/proj181_2015-blake-st_2023-06-22.pdf,91aee610ac04655b6501069b26c3cd30e99a3b5fbc784625181d480ca5e2b77c,70204806,65,2015 Blake St,055-1822-013-03,accela_citizen_portal
2210,ZP2018-0239,permit_number,2019-08-16 RESUB PLANS 2015 Blake,2019-08-16,plan_set,https://pub-2cee87f70da64080ab70ee0a34b55099.r2.dev/architect_plans/proj181_2015-blake-st_2019-08-16.pdf,58b6d3c5f0c1c700b120becaa202aa65fc6dd273cbe7cbe0a269caf48ef84e74,118203986,67,2015 Blake St,055-1822-013-03,accela_citizen_portal
2211,ZP2018-0239,permit_number,2019-12-10 RESUB 4 Revised Plan Set 2015 Blake,2019-12-10,plan_set,https://pub-2cee87f70da64080ab70ee0a34b55099.r2.dev/architect_plans/proj181_2015-blake-st_2019-12-10.pdf,d33f8e11e79410f62c2606c83bb50a70e064b6ee7a084ebdc6554c2fcbda5789,15102827,68,2015 Blake St,055-1822-013-03,accela_citizen_portal
2212,ZP2024-0029,permit_number,2660-2680 Bancroft Plan Set for ZAB Comments 03.07.25,,plan_set,https://pub-2cee87f70da64080ab70ee0a34b55099.r2.dev/architect_plans/proj34_2680-bancroft-way_nodate.pdf,9f1254b33b8ef2eb47a0bc82dfc4e25ae0e858622875d91780f8f8357d676be3,27624626,70,2680 BANCROFT Way,055-1871-001-03,accela_citizen_portal
2213,ZP2024-0162,permit_number,2024-11-15 2+3. 2425 Durant Entitlement Plan Set,2024-11-15,plan_set,https://pub-2cee87f70da64080ab70ee0a34b55099.r2.dev/architect_plans/proj5_2425-durant-ave_2024-11-15.pdf,dfe7bb4660b3ec0168167acb26aca5f84e85f83eec79cae9c3bb70c3a94d5a3c,43963165,34,2425 DURANT Ave,055-1878-007-01,accela_citizen_portal
2214,ZP2024-0162,permit_number,2025-02-13 2+3 2425 Durant Revised Plan Set,2025-02-13,plan_set,https://pub-2cee87f70da64080ab70ee0a34b55099.r2.dev/architect_plans/proj5_2425-durant-ave_2025-02-13.pdf,7ca76e4bd22ef07fba05626da293a06a76e025ecff1e24612b832dc9ebb94b37,66693030,34,2425 DURANT Ave,055-1878-007-01,accela_citizen_portal
2215,ZP2024-0162,permit_number,2025-04-11 2+3. 2425 Durant Revised Plan Set Apr 2025,2025-04-11,plan_set,https://pub-2cee87f70da64080ab70ee0a34b55099.r2.dev/architect_plans/proj5_2425-durant-ave_2025-04-11.pdf,0825d039b91c159364157b82d82b5f75db230a8bca1ee4f3e1c2a2e60294c66c,79634648,35,2425 DURANT Ave,055-1878-007-01,accela_citizen_portal
2216,ZP2022-0115,permit_number,2022-09-16 RESUB Plans 2427-2433 San Pablo,2022-09-16,plan_set,https://pub-2cee87f70da64080ab70ee0a34b55099.r2.dev/architect_plans/proj126_2427-san-pablo_2022-09-16.pdf,31c0e8ef8ac54fd98c4c284fab2e46af6c9fbdbcd8f7ea1ea8df65a7d4563363,23750316,45,2427 San Pablo,056-1928-022-00,accela_citizen_portal
2217,ZP2022-0115,permit_number,2022-12-05 RESUB Plans 2427-2433 San Pablo,2022-12-05,plan_set,https://pub-2cee87f70da64080ab70ee0a34b55099.r2.dev/architect_plans/proj126_2427-san-pablo_2022-12-05.pdf,4c803155a86e111814cada004f0215aa7c9871a8f7632ef61c4b22e5ad2acfa9,179453819,1606,2427 San Pablo,056-1928-022-00,accela_citizen_portal
2218,ZP2022-0115,permit_number,2024-07-11 ZAB Item 2 Att2 2427 San Pablo Project Plans,2024-07-11,plan_set,https://pub-2cee87f70da64080ab70ee0a34b55099.r2.dev/architect_plans/proj126_2427-san-pablo_2024-07-11.pdf,f91ccb12f4d4493da19a4bbedd8244cdba3f69bc68dd4ceb32748c3d0f1abc22,14795324,42,2427 San Pablo,056-1928-022-00,accela_citizen_portal
2219,PLN2024-0010,permit_number,2024-02-20 APP PCKT No Plans 1750 Sacramento,2024-02-20,plan_set,https://pub-2cee87f70da64080ab70ee0a34b55099.r2.dev/architect_plans/proj1_1750-sacramento-st_2024-02-20.pdf,41824a306702a35c8c3a217473cfb384117f14aadfb7ff5a08bdb69be99cc2f2,101692058,1430,1750 SACRAMENTO St,058-2149-019-04,accela_citizen_portal
2220,PLN2024-0010,permit_number,2024-02-20 APP PCKT Plans Only 1750 Sacramento REDUCED,2024-02-20,plan_set,https://pub-2cee87f70da64080ab70ee0a34b55099.r2.dev/architect_plans/proj1_1750-sacramento-st_2024-02-20_2ecbeb88.pdf,2ecbeb8847e6990ce0ff24a8256d8852ec7a795b3528fc75968094e8160805b1,66844601,108,1750 SACRAMENTO St,058-2149-019-04,accela_citizen_portal
2221,PLN2024-0010,permit_number,2024-04-05 RESUB Affordable Housing Compliance Plan 3.18.24 1750 Sacramento,2024-04-05,plan_set,https://pub-2cee87f70da64080ab70ee0a34b55099.r2.dev/architect_plans/proj1_1750-sacramento-st_2024-04-05.pdf,e2fe0da7c60e385fc7e2fefbbc7f92cc2433ff757794b45b915f6a37de156a84,8149844,15,1750 SACRAMENTO St,058-2149-019-04,accela_citizen_portal
2222,PLN2024-0010,permit_number,2024-04-05 RESUB 4. NBBART Revised Plans 1750 Sacramento,2024-04-05,plan_set,https://pub-2cee87f70da64080ab70ee0a34b55099.r2.dev/architect_plans/proj1_1750-sacramento-st_2024-04-05_447944c6.pdf,447944c640a4f285ad64c853f67d25e17830178bbef242278900a5acc416d683,88170318,123,1750 SACRAMENTO St,058-2149-019-04,accela_citizen_portal
2223,PLN2024-0010,permit_number,5. NB BART Revised Plans,,plan_set,https://pub-2cee87f70da64080ab70ee0a34b55099.r2.dev/architect_plans/proj1_1750-sacramento-st_nodate.pdf,e9a76f6e3b6cea4680b1edb3b24b0dedc9aca3d4819111a22a586889c463b98d,83046261,124,1750 SACRAMENTO St,058-2149-019-04,accela_citizen_portal
2224,PLN2024-0010,permit_number,5. NB BART Revised Plans with Latest Civil,,plan_set,https://pub-2cee87f70da64080ab70ee0a34b55099.r2.dev/architect_plans/proj1_1750-sacramento-st_nodate_d46b4b16.pdf,d46b4b162661edaf1ef8b6885942cceacd9c5fd9c4dfd2bb8630aec2f9ff52b0,84337924,124,1750 SACRAMENTO St,058-2149-019-04,accela_citizen_portal
2225,ZP2024-0070,permit_number,2025-04-29 250422 2442 Haste Entitlement Application Plans,2025-04-29,plan_set,https://pub-2cee87f70da64080ab70ee0a34b55099.r2.dev/architect_plans/proj124_2442-haste-st_2025-04-29.pdf,9feebac7dbaf68a52f5ad317576b5feff4bd64fb11c5040345fd48250875b6a9,108038213,33,2442 HASTE St,055-1881-018-00,accela_citizen_portal
2226,ZP2022-0038,permit_number,2022-08-30 RESUB Revised Plans 2820 San Pablo,2022-08-30,plan_set,https://pub-2cee87f70da64080ab70ee0a34b55099.r2.dev/architect_plans/proj127_2820-san-pablo_2022-08-30.pdf,23f26e871054cea3e460d133ff8cb10b13effe50d8f9d4aea0eb6bc10c098fce,7752551,5,2820 San Pablo,053-1661-011-00,accela_citizen_portal
2227,ZP2022-0038,permit_number,2022-08-30 RESUB Full Plan Set 2820 San Pablo,2022-08-30,plan_set,https://pub-2cee87f70da64080ab70ee0a34b55099.r2.dev/architect_plans/proj127_2820-san-pablo_2022-08-30_3249fd09.pdf,3249fd09dc32cfec577a25957e357834ab4fce18d3d7f7eb28840858bcc1649f,58500434,50,2820 San Pablo,053-1661-011-00,accela_citizen_portal
2228,ZP2022-0038,permit_number,2024-01-10 RESUB Full Plan Set 2820 San Pablo,2024-01-10,plan_set,https://pub-2cee87f70da64080ab70ee0a34b55099.r2.dev/architect_plans/proj127_2820-san-pablo_2024-01-10.pdf,6ca5ae44c7056ba73262e9b44b8359ae6df4f0d1243b2a8a49cf1b81da79075a,36168328,50,2820 San Pablo,053-1661-011-00,accela_citizen_portal
2229,ZP2022-0038,permit_number,2024-08-15 Plans for DRC 2820 San Pablo,2024-08-15,plan_set,https://pub-2cee87f70da64080ab70ee0a34b55099.r2.dev/architect_plans/proj127_2820-san-pablo_2024-08-15.pdf,1e8f2df50225793d8fe6b6cebbdf10d86f22cbab8e39ef36c5f4cc1ff509b9ac,37661834,50,2820 San Pablo,053-1661-011-00,accela_citizen_portal
2230,ZP2022-0038,permit_number,2022-07-15 RESUB Resubmittal Set 2820 San Pablo,2022-07-15,plan_set,https://pub-2cee87f70da64080ab70ee0a34b55099.r2.dev/architect_plans/proj127_2820-san-pablo_2022-07-15.pdf,fc7cc4b7c8bcab21621c463ccbe5d9d3329b06aa43f6ea5d3a20042e90afe1d5,54450815,50,2820 San Pablo,053-1661-011-00,accela_citizen_portal
2231,ZP2022-0038,permit_number,2024-11-04 RESUB Full Plan Set 2820 San Pablo,2024-11-04,plan_set,https://pub-2cee87f70da64080ab70ee0a34b55099.r2.dev/architect_plans/proj127_2820-san-pablo_2024-11-04.pdf,d51f5ec1f665215e35994cf0a0e5a934d31e56d7c8d842b7aa195a625ef6d38b,89960949,50,2820 San Pablo,053-1661-011-00,accela_citizen_portal
2232,DRCP2022-0005,permit_number,2024-08-29 DRC Item IV.2 Att1 2820 San Pablo Project Plans,2024-08-29,plan_set,https://pub-2cee87f70da64080ab70ee0a34b55099.r2.dev/architect_plans/proj127_2820-san-pablo_2024-08-29.pdf,44615dfaecd87ae203ae1b4021bbda350df0f12961aa5435c65ac43d6fb9bf18,21139988,50,2820 San Pablo,053-1661-011-00,accela_citizen_portal
2233,DRCP2022-0005,permit_number,2024-08-29 PN-Drawings 2820 San Pablo,2024-08-29,plan_set,https://pub-2cee87f70da64080ab70ee0a34b55099.r2.dev/architect_plans/proj127_2820-san-pablo_2024-08-29_a086ce55.pdf,a086ce559fdf4dc59dcd6e64b4ec55c818ae0abdb9ea7988abd374d5e610c004,18482165,10,2820 San Pablo,053-1661-011-00,accela_citizen_portal
2234,ZP2024-0014,permit_number,0 - 2 Plan Set,,plan_set,https://pub-2cee87f70da64080ab70ee0a34b55099.r2.dev/architect_plans/proj130_1048-keith-st_nodate.pdf,5c5b57ea23260146d77c0c3793be54a13706e73ffb18c3cf5e19b3f6e157e99a,6759887,18,1048 Keith St,061-2555-031-01,accela_citizen_portal
2235,ZP2024-0014,permit_number,00- 2 Plan Set,,plan_set,https://pub-2cee87f70da64080ab70ee0a34b55099.r2.dev/architect_plans/proj130_1048-keith-st_nodate_bdb593d5.pdf,bdb593d5c410b788e051643c0a3cc9d917582f60fe33754ee2614ff8118ce843,6762799,18,1048 Keith St,061-2555-031-01,accela_citizen_portal
2236,ZP2024-0014,permit_number,000 - 2 Plan Set,,plan_set,https://pub-2cee87f70da64080ab70ee0a34b55099.r2.dev/architect_plans/proj130_1048-keith-st_nodate_f4d4bdfa.pdf,f4d4bdfa7fa54298ebae2c7956e7cd9c745f6b0d680a3bba999dd1a87e3546d4,6762899,18,1048 Keith St,061-2555-031-01,accela_citizen_portal
2237,ZP2024-0014,permit_number,2024-09-26 Project Plans 1048 Keith,2024-09-26,plan_set,https://pub-2cee87f70da64080ab70ee0a34b55099.r2.dev/architect_plans/proj130_1048-keith-st_2024-09-26.pdf,9a718e8f2e2cf102470150b67b3d9b8245046aa85c303c82601b28efa84696ad,6731936,18,1048 Keith St,061-2555-031-01,accela_citizen_portal
2238,ZP2024-0014,permit_number,07 plan,,plan_set,https://pub-2cee87f70da64080ab70ee0a34b55099.r2.dev/architect_plans/proj130_1048-keith-st_nodate_af7c6957.pdf,af7c6957396f453da322921f175efca1608d12ec0bef30cae8613d2e3a8f9a9c,6835270,18,1048 Keith St,061-2555-031-01,accela_citizen_portal
2239,ZP2024-0014,permit_number,00000-2 Plan Set,,plan_set,https://pub-2cee87f70da64080ab70ee0a34b55099.r2.dev/architect_plans/proj130_1048-keith-st_nodate_e04a7385.pdf,e04a738552a61601bf2184db2bb9a9f0237f722615e2cff3225e1ccfff2b4448,6805277,18,1048 Keith St,061-2555-031-01,accela_citizen_portal
2240,ZP2024-0014,permit_number,2024-12-09 Complete Plan Set 1048 Keith,2024-12-09,plan_set,https://pub-2cee87f70da64080ab70ee0a34b55099.r2.dev/architect_plans/proj130_1048-keith-st_2024-12-09.pdf,9bdc12d238d451701b92a36642df54330ee407fde99769a251e6cdadd7b54400,6818859,18,1048 Keith St,061-2555-031-01,accela_citizen_portal
2241,ZP2022-0021,permit_number,2.A-H 250325 2449 Dwight Entitlement Plans,,plan_set,https://pub-2cee87f70da64080ab70ee0a34b55099.r2.dev/architect_plans/proj38_2449-dwight-way_nodate.pdf,eb3e492fbe70fb3d871f9518b9ad90ecfb3eeb1c2b9c61dfd3967ea2b059a7b1,179947553,38,2449 DWIGHT Way,055-1881-004-00,accela_citizen_portal
2242,DRCF2026-0001,permit_number,2026-04-16 DRC Item 6b Att1 2449 Dwight Project Plans,2026-04-16,plan_set,https://pub-2cee87f70da64080ab70ee0a34b55099.r2.dev/architect_plans/proj38_2449-dwight-way_2026-04-16.pdf,a3be8648921630d2c2c437bb57a62cb4042629a988beb52b30ee93921894aa07,31636524,71,2449 DWIGHT Way,055-1881-004-00,accela_citizen_portal
2243,DRCF2026-0001,permit_number,2026-04-16 DRC Item 6b Att2 2449 Dwight Approved UP Drawings,2026-04-16,plan_set,https://pub-2cee87f70da64080ab70ee0a34b55099.r2.dev/architect_plans/proj38_2449-dwight-way_2026-04-16_9ed31280.pdf,9ed31280a7f9f88d93f9464f934d1b3e71f75c79ec859d173c5e78ff65ab3bf0,23374873,57,2449 DWIGHT Way,055-1881-004-00,accela_citizen_portal
2244,,none,2025-03-13 ZAB Item 4 2655 Shattuck Staff Report and Attachments,2025-03-13,zab_packet,https://pub-2cee87f70da64080ab70ee0a34b55099.r2.dev/zab_packets/proj18_2655-shattuck-ave_2025-03-13.pdf,b20ad2891c3c5e47664f1b3a5affdde51e02c37d824fd98ddfbd8e2b3d20de35,40834757,148,2655 SHATTUCK Ave,055-1826-018-02,berkeleyca.gov
2245,,none,2025-10-30 ZAB Item 6b 2372 Ellsworth Staff Report and Attachments 0,2025-10-30,zab_packet,https://pub-2cee87f70da64080ab70ee0a34b55099.r2.dev/zab_packets/proj28_2372-ellsworth-st_2025-10-30.pdf,43a2b6d7b96c03d6b3c426bf198033684ca3f09277ce5e069779f208811b56bb,1957303,52,2372 ELLSWORTH St,055-1887-003-00,berkeleyca.gov
2246,,none,2026-01-22 ZAB Item 6d 1740 University Staff Report and Attachments,2026-01-22,zab_packet,https://pub-2cee87f70da64080ab70ee0a34b55099.r2.dev/zab_packets/proj42_1740-university-ave_2026-01-22.pdf,d1ecd1f5f0565f7120b0391a9bc3d37a076cbcef0642e17c5caaced38f69fc27,3978703,49,1740 UNIVERSITY Ave,056-2011-022-00,berkeleyca.gov
2247,,none,2025-09-25 ZAB Item 7a 2138 Kittredge Staff Report and Attachments,2025-09-25,zab_packet,https://pub-2cee87f70da64080ab70ee0a34b55099.r2.dev/zab_packets/proj113_2138-kittredge-st_2025-09-25.pdf,71f6989703510dffb71806dbbb48799d526d7a5645b65e507e13714d929f3b5d,17251710,426,2138 KITTREDGE St,057-2029-015-00,berkeleyca.gov
2248,,none,2024-05-09 ZAB Item 2 2037 Durant Staff Report and Attachments,2024-05-09,zab_packet,https://pub-2cee87f70da64080ab70ee0a34b55099.r2.dev/zab_packets/proj123_2037-durant-ave_2024-05-09.pdf,5a39de03f88b301f509fef0877c2f633f999b0ecd8b37739f56cf2226cbd5849,36036630,160,2037 DURANT Ave,055-1894-002-00,berkeleyca.gov
2249,,none,2024-03-14 ZAB Item 4 Staff Report 2833 Seventh - Pkt,2024-03-14,zab_packet,https://pub-2cee87f70da64080ab70ee0a34b55099.r2.dev/zab_packets/proj128_2833-seventh-st_2024-03-14.pdf,39af9c66c041d931d9ed3598c4649952ac2a744335818a5cd33425903e43a442,2979207,37,2833 Seventh St,053-1658-035-00,berkeleyca.gov
2250,ZP2026-0007,permit_number,2026-02-09 RESUB 2502 - Plan Set 2727 Haste,2026-02-09,plan_set,https://pub-2cee87f70da64080ab70ee0a34b55099.r2.dev/architect_plans/proj114_2727-haste-st_2026-02-09.pdf,e4bc15554412182449652c66492e8449d13204aac09c3f8a7066f7388eccf78c,27050655,31,2727 HASTE St,055-1868-005-00,accela_harvest_batch2_2026-08-23
2251,ZP2024-0079,permit_number,2024-10-17 RESUB Resubmittal Plan Set REDUCED 2036 Bancroft,2024-10-17,plan_set,https://pub-2cee87f70da64080ab70ee0a34b55099.r2.dev/architect_plans/proj20_2036-bancroft-way_2024-10-17.pdf,2b04af55352dee741c95d447e4bd86f24c2b2db9468b4a146ecf0dc7c5e1fc9c,29528974,50,2036 BANCROFT Way,055-1894-017-04,accela_harvest_batch2_2026-08-23
2252,ZP2024-0079,permit_number,2025-07-08 RESUB Entitlement Plan Set 2036 Bancroft,2025-07-08,plan_set,https://pub-2cee87f70da64080ab70ee0a34b55099.r2.dev/architect_plans/proj20_2036-bancroft-way_2025-07-08.pdf,e7300fcfdbf4dad5407bc27b525ed4e3552dae88380556364998693009809441,155289213,51,2036 BANCROFT Way,055-1894-017-04,accela_harvest_batch2_2026-08-23
2253,ZP2024-0079,permit_number,2025-10-02 RESUB Entitlement Plan Set 2036 Bancroft,2025-10-02,plan_set,https://pub-2cee87f70da64080ab70ee0a34b55099.r2.dev/architect_plans/proj20_2036-bancroft-way_2025-10-02.pdf,59fd8e22578203270ed4888fe846bd333c14ce111115dcb60f7783b2873892a7,26191600,60,2036 BANCROFT Way,055-1894-017-04,accela_harvest_batch2_2026-08-23
2254,ZP2024-0071,permit_number,2024-11-19 RESUB Plans 2955 Shattuck,2024-11-19,plan_set,https://pub-2cee87f70da64080ab70ee0a34b55099.r2.dev/architect_plans/proj22_2955-shattuck-ave_2024-11-19.pdf,9e39429f6baa4ec5a1851b3e9594c8af650d2c6f836157c0b1b4f42154430c41,20099746,40,2955 SHATTUCK Ave,053-1589-018-01,accela_harvest_batch2_2026-08-23
2255,ZP2024-0071,permit_number,2025-05-21 RESUB Plans 2955 Shattuck,2025-05-21,plan_set,https://pub-2cee87f70da64080ab70ee0a34b55099.r2.dev/architect_plans/proj22_2955-shattuck-ave_2025-05-21.pdf,a22a7c29fda9e8b5d3e989e79d7c357bfea87a19198c2511e871c1a6a9399713,21980118,40,2955 SHATTUCK Ave,053-1589-018-01,accela_harvest_batch2_2026-08-23
2256,ZP2024-0071,permit_number,2025-05-21 RESUB Plans 2955 Shattuck,2025-05-21,plan_set,https://pub-2cee87f70da64080ab70ee0a34b55099.r2.dev/architect_plans/proj22_2955-shattuck-ave_2025-05-21_63139cdb.pdf,63139cdba9775e0a4bbfa51502095b2050aefa8aa5c53f40ae64e81989eb182e,19810957,38,2955 SHATTUCK Ave,053-1589-018-01,accela_harvest_batch2_2026-08-23
2257,ZP2024-0071,permit_number,2024-07-23 2 Project Plans-072224,2024-07-23,plan_set,https://pub-2cee87f70da64080ab70ee0a34b55099.r2.dev/architect_plans/proj22_2955-shattuck-ave_2024-07-23.pdf,05c36147693a38e24e5f4eee6aacaa4def841fea6488c5f3559969e1f05d512f,78388835,40,2955 SHATTUCK Ave,053-1589-018-01,accela_harvest_batch2_2026-08-23
2258,ZP2024-0071,permit_number,2024-11-19 2955 Shattuck Project Plans,2024-11-19,plan_set,https://pub-2cee87f70da64080ab70ee0a34b55099.r2.dev/architect_plans/proj22_2955-shattuck-ave_2024-11-19_3f03a426.pdf,3f03a426f9f33fcdb7e2cf10e7ebfaf39768c76cb55cf150dbb4ef371311db30,196171175,40,2955 SHATTUCK Ave,053-1589-018-01,accela_harvest_batch2_2026-08-23
2259,ZP2024-0071,permit_number,2025-06-26 Plans 2955 Shattuck,2025-06-26,plan_set,https://pub-2cee87f70da64080ab70ee0a34b55099.r2.dev/architect_plans/proj22_2955-shattuck-ave_2025-06-26.pdf,d5fe71534f1733d93a57a5710d03b9a94be9a0aa91771842ae7f3e892e64456c,201099669,40,2955 SHATTUCK Ave,053-1589-018-01,accela_harvest_batch2_2026-08-23
2260,ZP2023-0089,permit_number,2023-06-15 APP PCKT 4 of 4 2 Project Plans 2441 LeConte,2023-06-15,plan_set,https://pub-2cee87f70da64080ab70ee0a34b55099.r2.dev/architect_plans/proj27_2441-le-conte-ave_2023-06-15.pdf,63c90dd0e1df5fc9a0bb4e63833cfc634788a5f2b65dd40efa0cabbfa3b26954,169926661,33,2441 LE CONTE Ave,058-2193-006-00,accela_harvest_batch2_2026-08-23
2261,ZP2023-0089,permit_number,2023-10-24 2 Project Plans,2023-10-24,plan_set,https://pub-2cee87f70da64080ab70ee0a34b55099.r2.dev/architect_plans/proj27_2441-le-conte-ave_2023-10-24.pdf,096f0fcc81cd573ad50a4dbc71eebd6374c320aee5b386f9d519fdf4680ae3d9,183779267,35,2441 LE CONTE Ave,058-2193-006-00,accela_harvest_batch2_2026-08-23
2262,ZP2023-0057,permit_number,2023-10-09 Revised Tabulation Form  2127-2159 Dwight,2023-10-09,tabulation_form,https://pub-2cee87f70da64080ab70ee0a34b55099.r2.dev/architect_plans/proj144_2127-dwight-way_2023-10-09.pdf,fa610482795ff2f19b3f10e726562593f2a267b6ea908d89d2b00099ed1c565e,135918,1,2127 DWIGHT Way,055-1890-012-01,accela_harvest_phase2_2026-08-23
2263,ZP2021-0095,permit_number,2021-08-12 RESUB Plan Check 1 Tabulation Form 2018 Blake,2021-08-12,tabulation_form,https://pub-2cee87f70da64080ab70ee0a34b55099.r2.dev/architect_plans/proj148_2018-blake-st_2021-08-12.pdf,3c1a471cf0c574fee80a97b6bfcae1b8b8f2ae414ab3da1868e3b7e65fee8bd1,234796,1,2018 BLAKE St,055-1821-021-00,accela_harvest_phase2_2026-08-23
2264,ZP2021-0095,permit_number,2021-10-18 RESUB Plan Check 2 Tabulation Form 2018 Blake,2021-10-18,tabulation_form,https://pub-2cee87f70da64080ab70ee0a34b55099.r2.dev/architect_plans/proj148_2018-blake-st_2021-10-18.pdf,21ef41e539990fdd86bc71ecb00fa51b147bf5ee04dad1262a85aa0d473682ad,234807,1,2018 BLAKE St,055-1821-021-00,accela_harvest_phase2_2026-08-23
2265,ZP2018-0112,permit_number,2018-11-01 RESUB Tabulation Form 2198 San Pablo,2018-11-01,tabulation_form,https://pub-2cee87f70da64080ab70ee0a34b55099.r2.dev/architect_plans/proj149_2198-san-pablo-ave_2018-11-01.pdf,42aab708c8eb95bd4da73d0974e20ee987771071e817a154471b6d18d32467f0,133881,1,2198 SAN PABLO Ave,056-1977-013-00,accela_harvest_phase2_2026-08-23
2266,ZP2018-0112,permit_number,2019-04-02 RESUB Revised Tabulation Form 2198 San Pablo,2019-04-02,tabulation_form,https://pub-2cee87f70da64080ab70ee0a34b55099.r2.dev/architect_plans/proj149_2198-san-pablo-ave_2019-04-02.pdf,12ace73b0d26df01c777d8fe1a8f4d2c768b2322fbacfff75e3a793c6970ac0a,214501,1,2198 SAN PABLO Ave,056-1977-013-00,accela_harvest_phase2_2026-08-23
2267,ZP2018-0112,permit_number,2018-09-27 RESUB Tabulation Form 2198 San Pablo,2018-09-27,tabulation_form,https://pub-2cee87f70da64080ab70ee0a34b55099.r2.dev/architect_plans/proj149_2198-san-pablo-ave_2018-09-27_6076e0d1.pdf,6076e0d1f6ca397b7f21baeb897e47883fc58c7f700ff6b758898ddd80d0bcb0,200964,1,2198 SAN PABLO Ave,056-1977-013-00,accela_harvest_phase2_2026-08-23
2268,ZP2024-0170,permit_number,2024-11-22 1E 2587 Telegraph Tabulation Form,2024-11-22,tabulation_form,https://pub-2cee87f70da64080ab70ee0a34b55099.r2.dev/architect_plans/proj157_2587-telegraph-ave_2024-11-22_70220445.pdf,7022044511a0500e0b88fca96e6e9ad1e78af95651f64b131171aebb4b940992,395834,1,2587 TELEGRAPH Ave,055-1839-019-01,accela_harvest_phase2_2026-08-23
2269,ZP2023-0068,permit_number,2023-09-13 2587 Telegraph Revised Tabulation Form 09.13.2023,2023-09-13,tabulation_form,https://pub-2cee87f70da64080ab70ee0a34b55099.r2.dev/architect_plans/proj157_2587-telegraph-ave_2023-09-13_f40953f0.pdf,f40953f06477653e9b25c7b0fe4006406f05bddc35ed148d7bc769439d1bcab0,142397,1,2587 TELEGRAPH Ave,055-1839-019-01,accela_harvest_phase2_2026-08-23
2270,ZP2022-0021,permit_number,2022-08-30 RESUB 2.A-H 2449 DWIGHT WAY ZONING PLANS 2449 Dwight,2022-08-30,plan_set,https://pub-2cee87f70da64080ab70ee0a34b55099.r2.dev/architect_plans/proj38_2449-dwight-way_2022-08-30.pdf,8c0f7318776b2b32d605bbd362dd06fe0b6b7faebfe2caa535633ff1f0ce0840,185437,4,2449 DWIGHT Way,055-1881-004-00,accela_harvest_phase2_2026-08-23
2271,ZP2022-0021,permit_number,1.E 2449 Dwight Tabulation Form 2025 0314,,tabulation_form,https://pub-2cee87f70da64080ab70ee0a34b55099.r2.dev/architect_plans/proj38_2449-dwight-way_nodate_36cd55e9.pdf,36cd55e95063df028a69474cb52e76b0486dee7abbb04d55f5c4996f8f7c245d,126852,1,2449 DWIGHT Way,055-1881-004-00,accela_harvest_phase2_2026-08-23
2272,ZP2022-0021,permit_number,2025-12-10 RESUB 1.E 2449 Dwight Tabulation Form 2025 1204,2025-12-10,tabulation_form,https://pub-2cee87f70da64080ab70ee0a34b55099.r2.dev/architect_plans/proj38_2449-dwight-way_2025-12-10.pdf,3e8613717070d4b11516e9ef33307ba7ba034609be756e11a30a1e0dda53b9d4,126879,1,2449 DWIGHT Way,055-1881-004-00,accela_harvest_phase2_2026-08-23
2273,ZP2024-0162,permit_number,2024-11-15 1E. 2425 Durant Tabulation Form,2024-11-15,tabulation_form,https://pub-2cee87f70da64080ab70ee0a34b55099.r2.dev/architect_plans/proj5_2425-durant-ave_2024-11-15_016a4b09.pdf,016a4b09bf21fe10db1d393720c205ec17976da60625921dcd043e416a9aac81,167377,1,2425 DURANT Ave,055-1878-007-01,accela_harvest_phase2_2026-08-23
2274,ZP2024-0162,permit_number,2025-08-27  2425 Durant Tabulation Form,2025-08-27,tabulation_form,https://pub-2cee87f70da64080ab70ee0a34b55099.r2.dev/architect_plans/proj5_2425-durant-ave_2025-08-27.pdf,f70b106918a63b904ffaf075f47336a74ade44d7448974e017468556db09f72b,122713,1,2425 DURANT Ave,055-1878-007-01,accela_harvest_phase2_2026-08-23
2275,ZP2024-0059,permit_number,2024-05-24 Tabulation Form 2204 Dwight ZP2024-0059,2024-05-24,tabulation_form,https://pub-2cee87f70da64080ab70ee0a34b55099.r2.dev/architect_plans/proj66_2204-dwight-way_2024-05-24.pdf,20be797859101d0ada00d774d93ee4c5a9f7c56bea4e0c506fffc9345bf6b4dd,125335,1,2204 DWIGHT Way,055-1830-016-00,accela_harvest_phase2_2026-08-23
2276,ZP2025-0048,permit_number,2025-09-12 RESUB Plans ZP2025-0048 2538 Durant Ave,2025-09-12,plan_set,https://pub-2cee87f70da64080ab70ee0a34b55099.r2.dev/architect_plans/proj139_2538-durant-ave_2025-09-12.pdf,84e8c244bd74be316ad5c2506e16e791783565ca542ae2cadb6c73c90bed2a35,42326015,45,2538 DURANT Ave,055-1876-021-01,accela_harvest_phase2_2026-08-23
2277,ZP2015-0177,permit_number,2015-08-17 APP PLANS 2902 Adeline,2015-08-17,plan_set,https://pub-2cee87f70da64080ab70ee0a34b55099.r2.dev/architect_plans/proj143_2902-adeline-st_2015-08-17.pdf,d6049b3d64357a10a4ceb19c5bf9c9353879084ba36c0b8718b70df7a9514b06,13558790,29,2902 ADELINE St,053-1598-006-00,accela_harvest_phase2_2026-08-23
2278,ZP2015-0177,permit_number,2016-02-17 RESUB Plan Set 2902 Adeline,2016-02-17,plan_set,https://pub-2cee87f70da64080ab70ee0a34b55099.r2.dev/architect_plans/proj143_2902-adeline-st_2016-02-17.pdf,031ef4a7c41c0d6252a718734c2d10920b888df18cdd89bc087e30746f5e9ef2,39490804,35,2902 ADELINE St,053-1598-006-00,accela_harvest_phase2_2026-08-23
2279,ZP2015-0177,permit_number,2016-02-25 ZAB ATT1  2902 Re-Submittal Plans,2016-02-25,plan_set,https://pub-2cee87f70da64080ab70ee0a34b55099.r2.dev/architect_plans/proj143_2902-adeline-st_2016-02-25.pdf,fa8ddac183370102fd1c477b29a74a19c95889a9b9f76d8160b246536e3db41c,13734615,35,2902 ADELINE St,053-1598-006-00,accela_harvest_phase2_2026-08-23
2280,ZP2015-0177,permit_number,2016-06-06 RESUB PLANS 2902 Adeline,2016-06-06,plan_set,https://pub-2cee87f70da64080ab70ee0a34b55099.r2.dev/architect_plans/proj143_2902-adeline-st_2016-06-06.pdf,e2f0f66dadc376bade05dfcc2df4c0021f13c8a881b760d8f525567cf895f792,31454615,32,2902 ADELINE St,053-1598-006-00,accela_harvest_phase2_2026-08-23
2281,ZP2015-0177,permit_number,2016-07-27 RESUB PLANS 2902 Adeline,2016-07-27,plan_set,https://pub-2cee87f70da64080ab70ee0a34b55099.r2.dev/architect_plans/proj143_2902-adeline-st_2016-07-27.pdf,84b88fb12e66f5eb0dc1b3d0d0e8947232077b9351be17c6103925edaf96bcc7,45679144,38,2902 ADELINE St,053-1598-006-00,accela_harvest_phase2_2026-08-23
2282,ZP2015-0177,permit_number,2016-08-31 RESUB PLANS 2902 Adeline,2016-08-31,plan_set,https://pub-2cee87f70da64080ab70ee0a34b55099.r2.dev/architect_plans/proj143_2902-adeline-st_2016-08-31.pdf,0760ccaf5e6f0e2260fba81c25454251316c226882d6eaa2bc6e5446ed4849f0,27443621,33,2902 ADELINE St,053-1598-006-00,accela_harvest_phase2_2026-08-23
2283,ZP2015-0177,permit_number,2016-10-11 RESUB PLANS ZAB Set 2902 Adeline,2016-10-11,plan_set,https://pub-2cee87f70da64080ab70ee0a34b55099.r2.dev/architect_plans/proj143_2902-adeline-st_2016-10-11.pdf,fe459b37027d0af126458f23cf1336dd223498dc30aef130538ca2e368900ede,45680946,38,2902 ADELINE St,053-1598-006-00,accela_harvest_phase2_2026-08-23
2284,DRCF2021-0005,permit_number,2021-10-21 DRC ATT1 2902 Adeline Project Plans,2021-10-21,plan_set,https://pub-2cee87f70da64080ab70ee0a34b55099.r2.dev/architect_plans/proj143_2902-adeline-st_2021-10-21.pdf,b3a13dc39e0b01a96b09d1517d473389834c75c98ebda6ce33afd308e4e9614d,20097545,28,2902 ADELINE St,053-1598-006-00,accela_harvest_phase2_2026-08-23
2285,DRCF2021-0005,permit_number,2021-07-15 DRC ATT1 2902 Adeline Project Plans,2021-07-15,plan_set,https://pub-2cee87f70da64080ab70ee0a34b55099.r2.dev/architect_plans/proj143_2902-adeline-st_2021-07-15.pdf,af7028acea5cd48a514db7b499498b2acca0f45d4a0169dea8a6f90c296ea35a,15213012,23,2902 ADELINE St,053-1598-006-00,accela_harvest_phase2_2026-08-23
2286,DRCF2021-0005,permit_number,2021-07-15 DRC ATT2 2902 Adeline Approved UP Plans,2021-07-15,plan_set,https://pub-2cee87f70da64080ab70ee0a34b55099.r2.dev/architect_plans/proj143_2902-adeline-st_2021-07-15_d8401274.pdf,d84012745fd8b452c7649154b2ebe295e56ba7159823d347873ac3e0c9bc033e,21686645,26,2902 ADELINE St,053-1598-006-00,accela_harvest_phase2_2026-08-23
2287,DRCP2015-0019,permit_number,2016-04-21 DRC ATT1 Project Plans 2902 Adeline,2016-04-21,plan_set,https://pub-2cee87f70da64080ab70ee0a34b55099.r2.dev/architect_plans/proj143_2902-adeline-st_2016-04-21.pdf,b37c33f36bb2167a0855082a600c8e4bdea278687773e50c1cca73d888555237,27109956,37,2902 ADELINE St,053-1598-006-00,accela_harvest_phase2_2026-08-23
2288,DRCP2015-0019,permit_number,2016-04-21 Project Plans 2902 Adeline,2016-04-21,plan_set,https://pub-2cee87f70da64080ab70ee0a34b55099.r2.dev/architect_plans/proj143_2902-adeline-st_2016-04-21_e5f0a01b.pdf,e5f0a01b5f18c81454ecd0049a5eead87b4c9942243814a6676b16c8180b1b60,69550517,37,2902 ADELINE St,053-1598-006-00,accela_harvest_phase2_2026-08-23
2289,DRCP2015-0019,permit_number,2016-08-18 DRC ATT1.A 2902 Adeline ProjectPlans,2016-08-18,plan_set,https://pub-2cee87f70da64080ab70ee0a34b55099.r2.dev/architect_plans/proj143_2902-adeline-st_2016-08-18.pdf,3fa4edd1971f125f5bdd775439e29f3a2836d5ed9627e2c90bacbf7498e26ad1,23950468,19,2902 ADELINE St,053-1598-006-00,accela_harvest_phase2_2026-08-23
2290,DRCP2015-0019,permit_number,2016-08-18 DRC ATT1.B 2902 Adeline ProjectPlans,2016-08-18,plan_set,https://pub-2cee87f70da64080ab70ee0a34b55099.r2.dev/architect_plans/proj143_2902-adeline-st_2016-08-18_1fd93b39.pdf,1fd93b390959690a57b3c40fe482f4388cddf8cb43a3cec351fbad1b6f9c6091,22335654,19,2902 ADELINE St,053-1598-006-00,accela_harvest_phase2_2026-08-23
2291,DRCP2015-0019,permit_number,2016-09-15 DRC ATT1 2902 Adeline Project Plans,2016-09-15,plan_set,https://pub-2cee87f70da64080ab70ee0a34b55099.r2.dev/architect_plans/proj143_2902-adeline-st_2016-09-15.pdf,fd8d5485d969ef0e30535cfd6979cfc6712df1365d76b3ce5d0445fbd2617111,27946314,33,2902 ADELINE St,053-1598-006-00,accela_harvest_phase2_2026-08-23
2292,ZP2023-0057,permit_number,2023-10-04 DRC Plans 2127-2159 Dwight,2023-10-04,plan_set,https://pub-2cee87f70da64080ab70ee0a34b55099.r2.dev/architect_plans/proj144_2127-dwight-way_2023-10-04.pdf,750630cef592b823800d906b209746fd94f21f44ea0d390c354432541a5f3fdd,120884496,42,2127 DWIGHT Way,055-1890-012-01,accela_harvest_phase2_2026-08-23
2293,ZP2023-0057,permit_number,2023-10-19 Final Plans 2127-2159 Dwight,2023-10-19,plan_set,https://pub-2cee87f70da64080ab70ee0a34b55099.r2.dev/architect_plans/proj144_2127-dwight-way_2023-10-19.pdf,3fc1a3d2b3f175b0359f358d0880b1b73a9acfe4379db323c631bcdadfd83dbf,121435243,42,2127 DWIGHT Way,055-1890-012-01,accela_harvest_phase2_2026-08-23
2294,ZP2022-0107,permit_number,2023-04-27- RESUB Plans 2800 Telegragh,2023-04-27,plan_set,https://pub-2cee87f70da64080ab70ee0a34b55099.r2.dev/architect_plans/proj146_2800-telegraph-ave_2023-04-27.pdf,f3722462d89e58799be8c4e5532e152daacf53f10921fb657bbdb17e4b3cf486,44937738,34,2800 TELEGRAPH Ave,053-1689-001-00,accela_harvest_phase2_2026-08-23
2295,ZP2021-0095,permit_number,2021-08-12 RESUB Plan Check 1 Drawing Set 2018 Blake,2021-08-12,plan_set,https://pub-2cee87f70da64080ab70ee0a34b55099.r2.dev/architect_plans/proj148_2018-blake-st_2021-08-12_1403c802.pdf,1403c80275b25ee1405f8d1e19f273e811123df5822b610bd8f685947fe64bdb,30309166,19,2018 BLAKE St,055-1821-021-00,accela_harvest_phase2_2026-08-23
2296,ZP2021-0095,permit_number,2021-10-18 RESUB Plan Check 2 Drawing Set 2018 Blake.pdf,2021-10-18,plan_set,https://pub-2cee87f70da64080ab70ee0a34b55099.r2.dev/architect_plans/proj148_2018-blake-st_2021-10-18_869b0709.pdf,869b07099f6a9dfe62963e507ad6f4cf6f7e11c67fca2bd7e3da236f49fda4d5,30877964,20,2018 BLAKE St,055-1821-021-00,accela_harvest_phase2_2026-08-23
2297,ZP2021-0095,permit_number,2022-01-15 RESUB Plan Check 2 Prelim Landscape and Irrigation Design 2018 Blake St,2022-01-15,plan_set,https://pub-2cee87f70da64080ab70ee0a34b55099.r2.dev/architect_plans/proj148_2018-blake-st_2022-01-15.pdf,941ed9697c88c921cb8b5ffaf20755ce8ecbfbff5c77383edde265fc385c7f16,6451885,4,2018 BLAKE St,055-1821-021-00,accela_harvest_phase2_2026-08-23
2298,ZP2021-0095,permit_number,2022 01 13 RESUB Use Permit Resubmission Full Arch Set 2065 Kittredge,2022-01-13,plan_set,https://pub-2cee87f70da64080ab70ee0a34b55099.r2.dev/architect_plans/proj148_2018-blake-st_2022-01-13.pdf,a2c09cfaad771fe7277be6ba25832d5cd420872245d14aaf05633b55b02a69cb,20091416,32,2018 BLAKE St,055-1821-021-00,accela_harvest_phase2_2026-08-23
2299,DRCF2023-0004,permit_number,2023-12-21 ATT1 Plans 2018 Blake,2023-12-21,plan_set,https://pub-2cee87f70da64080ab70ee0a34b55099.r2.dev/architect_plans/proj148_2018-blake-st_2023-12-21.pdf,a4e188caabfec3367330b4e3903bbf9ec41ed7dade1b9f243cc7315ba8a3430d,11610062,7,2018 BLAKE St,055-1821-021-00,accela_harvest_phase2_2026-08-23
2300,DRCP2018-0003,permit_number,2019-01-17 DRC ATT1 2198 San Pablo Project Plans,2019-01-17,plan_set,https://pub-2cee87f70da64080ab70ee0a34b55099.r2.dev/architect_plans/proj149_2198-san-pablo-ave_2019-01-17.pdf,b8f61ef5479a3eca559fc18ae14d83a4a692b8c70023fba871d570e8261ca039,37664301,36,2198 SAN PABLO Ave,056-1977-013-00,accela_harvest_phase2_2026-08-23
2301,DRCP2018-0003,permit_number,2019-03-21 DRC Plans 2198 San Pablo,2019-03-21,plan_set,https://pub-2cee87f70da64080ab70ee0a34b55099.r2.dev/architect_plans/proj149_2198-san-pablo-ave_2019-03-21.pdf,39508369c143ef87693e86fa3e06e0a7d3573be5933f03abbb4553ee2d99d4d1,40242221,42,2198 SAN PABLO Ave,056-1977-013-00,accela_harvest_phase2_2026-08-23
2302,ZP2023-0070,permit_number,2+3 1790 University Entitlement Plan Set,,plan_set,https://pub-2cee87f70da64080ab70ee0a34b55099.r2.dev/architect_plans/proj39_1790-university-ave_nodate.pdf,09b4c80afaf52a6096b701b7314d23774f847bfe0cd3fff63279758cb6d306bb,44605164,37,1790 UNIVERSITY Ave,056-2011-028-00,accela_harvest_phase2_2026-08-23
2303,ZP2023-0070,permit_number,2023-08-28 1790 University Ave Revised SB 330 Project Plan Set,2023-08-28,plan_set,https://pub-2cee87f70da64080ab70ee0a34b55099.r2.dev/architect_plans/proj39_1790-university-ave_2023-08-28.pdf,02e59755c51b69fc8cc184cd071f366edfdd254076bcf47db60f47a853ca7b65,183445157,41,1790 UNIVERSITY Ave,056-2011-028-00,accela_harvest_phase2_2026-08-23
2304,ZP2021-0127,permit_number,2022-03-03 RESUB Plans 1710 University,2022-03-03,plan_set,https://pub-2cee87f70da64080ab70ee0a34b55099.r2.dev/architect_plans/proj40_1710-university-ave_2022-03-03.pdf,a0a48f6e8875d53d35073cca646dea2ab5d60a35fe5a4d39557a6c3c99d14eb8,11138460,18,1710 UNIVERSITY Ave,056-2011-020-00,accela_harvest_phase2_2026-08-23
2305,ZP2021-0127,permit_number,2022-10-03 RESUB 01 Tabulation Form 1710 University,2022-10-03,tabulation_form,https://pub-2cee87f70da64080ab70ee0a34b55099.r2.dev/architect_plans/proj40_1710-university-ave_2022-10-03.pdf,5ca22f554eaa35f7f24ce0ac6a2fb1ac2933dfded0ddb0d8ed962fa48f208053,2776645,1,1710 UNIVERSITY Ave,056-2011-020-00,accela_harvest_phase2_2026-08-23
2306,ZP2021-0127,permit_number,2022-10-03 RESUB 20220527  1710 University Pre-Planning Set-R3 1710 University,2022-10-03,plan_set,https://pub-2cee87f70da64080ab70ee0a34b55099.r2.dev/architect_plans/proj40_1710-university-ave_2022-10-03_24387b7d.pdf,24387b7d885c31e55f9e8d049ff84d00ec729c89a08085fb0b7ef3e2a5797fe6,17647647,27,1710 UNIVERSITY Ave,056-2011-020-00,accela_harvest_phase2_2026-08-23
2307,ZP2022-0144,permit_number,2023-01-27 RESUB 1E Tabulation Form revised 2115 Kittredge,2023-01-27,tabulation_form,https://pub-2cee87f70da64080ab70ee0a34b55099.r2.dev/architect_plans/proj12_2115-kittredge-st_2023-01-27.pdf,b0fce8841d08f1952aba8ac17d9a935f818b746acfe4f388ae0f4e7cfef67c42,140886,1,2115 KITTREDGE St,057-2030-009-00,accela_harvest_phase2_2026-08-23
2308,ZP2022-0144,permit_number,2023-03-07 RESUB 1E Revised Tabulation Form 2115 Kittredge,2023-03-07,tabulation_form,https://pub-2cee87f70da64080ab70ee0a34b55099.r2.dev/architect_plans/proj12_2115-kittredge-st_2023-03-07.pdf,620eb73fb2ae95703f0396b9d668e3da25c66228d428ea1b9ab8f3cc07620564,140963,1,2115 KITTREDGE St,057-2030-009-00,accela_harvest_phase2_2026-08-23
2309,ZP2023-0064,permit_number,231204 JJY01 2037 Durant Tabulation Form Rev 01,,tabulation_form,https://pub-2cee87f70da64080ab70ee0a34b55099.r2.dev/architect_plans/proj123_2037-durant-ave_nodate.pdf,e2b6b8e014cf211d6056c6c81264e2fd59ade3f33b5c64d10517ec07e232c72b,206670,1,2037 DURANT Ave,055-1894-002-00,accela_harvest_phase2_2026-08-23
2310,ZP2022-0149,permit_number,2023-01-20 RESUB 1.E - 2136 - Tabulation Form 2420 Shattuck,2023-01-20,tabulation_form,https://pub-2cee87f70da64080ab70ee0a34b55099.r2.dev/architect_plans/proj13_2420-shattuck-ave_2023-01-20.pdf,a3e49705ac7fb6473c94fec782a1f5f142f1269c24d7fa19ac43fd8d5d7c0249,201784,1,2420 SHATTUCK Ave,055-1896-003-00,accela_harvest_phase2_2026-08-23
2311,ZP2022-0149,permit_number,2023-08-13 Resub 1.E - 2136 - Tabulation Form,2023-08-13,tabulation_form,https://pub-2cee87f70da64080ab70ee0a34b55099.r2.dev/architect_plans/proj13_2420-shattuck-ave_2023-08-13.pdf,4abc52ac3cdc96da97f0fa943173cfe37ba4519837943c6178ddaccb38c4f197,112837,1,2420 SHATTUCK Ave,055-1896-003-00,accela_harvest_phase2_2026-08-23
2312,ZP2022-0149,permit_number,2023-09-26 1.E - 2136 - Tabulation Form 2023-09-27 00.52.18,2023-09-26,tabulation_form,https://pub-2cee87f70da64080ab70ee0a34b55099.r2.dev/architect_plans/proj13_2420-shattuck-ave_2023-09-26.pdf,5488c4a1f1ead79e9dc91bf1b0ecf49453a254dd1a3e2836c2df03ebf31438f9,201774,1,2420 SHATTUCK Ave,055-1896-003-00,accela_harvest_phase2_2026-08-23
2313,ZP2023-0024,permit_number,2023-07-18 3. Revised Tabulation Form - 2300-2310 Ellsworth,2023-07-18,tabulation_form,https://pub-2cee87f70da64080ab70ee0a34b55099.r2.dev/architect_plans/proj147_2300-ellsworth-st_2023-07-18.pdf,edfedee85e16341aa82622edfda84432c6a5cd9fd78d816648e87b5b0add7067,127219,1,2300 ELLSWORTH St,055-1886-001-00,accela_harvest_phase2_2026-08-23
2314,ZP2023-0024,permit_number,3. 2024-02-13 Revised Tabulation Form - 2300-2310 Ellsworth,2024-02-13,tabulation_form,https://pub-2cee87f70da64080ab70ee0a34b55099.r2.dev/architect_plans/proj147_2300-ellsworth-st_2024-02-13.pdf,ad405f5d5b48ac42662a22dabe23d0aababa20a512ece30630f4901127ccd91c,127213,1,2300 ELLSWORTH St,055-1886-001-00,accela_harvest_phase2_2026-08-23
2315,ZP2023-0024,permit_number,3.1 Tabulation Form - 2300-2310 Ellsworth (03.13.24),,tabulation_form,https://pub-2cee87f70da64080ab70ee0a34b55099.r2.dev/architect_plans/proj147_2300-ellsworth-st_nodate.pdf,7b827c0cb9b5aa227efc29e2eb8befdfd7394d67b5784dae8ba7f01affa5fe32,127223,1,2300 ELLSWORTH St,055-1886-001-00,accela_harvest_phase2_2026-08-23
2316,ZP2016-0014,permit_number,2019-03-22 RESUB Revised Tabulation Form 3.21.19 2720 San Pablo,2019-03-22,tabulation_form,https://pub-2cee87f70da64080ab70ee0a34b55099.r2.dev/architect_plans/proj16_2720-san-pablo-ave_2019-03-22.pdf,95b0bf6818247ab8a8ffeec30b7ebe4ec91f1fa99db81d0f3fe3a4963886a486,188295,1,2720 SAN PABLO Ave,054-1744-007-00,accela_harvest_phase2_2026-08-23
2317,ZP2019-0070,permit_number,00 -1758 - Tabulation Form Revised R1,,tabulation_form,https://pub-2cee87f70da64080ab70ee0a34b55099.r2.dev/architect_plans/proj172_2650-telegraph-ave_nodate.pdf,ceb7d98c5642bdf3ae22635073cfb735be10185f70d2e2c5f39c9bb5de482984,200359,1,2650 TELEGRAPH Ave,055-1835-009-01,accela_harvest_phase2_2026-08-23
2318,ZP2019-0074,permit_number,2019-12-18 RESUB 03-REVISED-2.1 Tabulation Form 2000 Dwight,2019-12-18,tabulation_form,https://pub-2cee87f70da64080ab70ee0a34b55099.r2.dev/architect_plans/proj173_2000-dwight-way_2019-12-18.pdf,14d88377d12b1a93cdc850dbf21727babdca60452a338d69b7c60a902a44e398,308841,1,2000 DWIGHT Way,055-1822-019-02,accela_harvest_phase2_2026-08-23
2319,ZP2024-0169,permit_number,2024-11-19 Tabulation Form 2372 Ellsworth ZP2024-0169,2024-11-19,tabulation_form,https://pub-2cee87f70da64080ab70ee0a34b55099.r2.dev/architect_plans/proj28_2372-ellsworth-st_2024-11-19.pdf,fe7279cf1929f54ec6ef16edf05367bb454407876c74623e4ee12654ac4fa3fa,126855,1,2372 ELLSWORTH St,055-1887-003-00,accela_harvest_phase2_2026-08-23
2320,ZP2017-0004,permit_number,2017-10-23 RESUB Tabulation data,2017-10-23,tabulation_form,https://pub-2cee87f70da64080ab70ee0a34b55099.r2.dev/architect_plans/proj91_2009-addison-st_2017-10-23.pdf,3dd9a5a3fbaba3ff703b4ab872ee242dd9626b729e920ffc152b757d095a0558,340432,1,2009 ADDISON St,057-2025-023-00,accela_harvest_phase2_2026-08-23
2321,ZP2017-0004,permit_number,2017-12-21 RESUB Tabulation data,2017-12-21,tabulation_form,https://pub-2cee87f70da64080ab70ee0a34b55099.r2.dev/architect_plans/proj91_2009-addison-st_2017-12-21.pdf,54ecf189bccd3155db5f846f65ff82cb73947a59999015605c30307839d86b2a,633170,2,2009 ADDISON St,057-2025-023-00,accela_harvest_phase2_2026-08-23
2322,ZP2024-0114,permit_number,2025-02-18 RESUB 1E - TABULATION FORM - REVISED 2138 Kittredge,2025-02-18,tabulation_form,https://pub-2cee87f70da64080ab70ee0a34b55099.r2.dev/architect_plans/proj113_2138-kittredge-st_2025-02-18.pdf,72908b7a7743f54ecd9f48119184409af9545999be4d0d01479d36d036b218e4,2999637,1,2138 KITTREDGE St,057-2029-015-00,accela_harvest_phase2_2026-08-23
2323,ZP2018-0137,permit_number,2018-09-12 RESUB  Tabulation Form  1951 Shattuck,2018-09-12,tabulation_form,https://pub-2cee87f70da64080ab70ee0a34b55099.r2.dev/architect_plans/proj136_1951-shattuck-ave_2018-09-12.pdf,db7f7b502af09ef25f3f84590ff7ff69bd745a5ebb1f082a6f029f74ef60777a,29786,1,1951 Shattuck Ave,057-2046-001-00,accela_harvest_phase2_2026-08-23
2324,ZP2018-0137,permit_number,2018-09-12 RESUB Large Scale Plan Set 1951 Shattuck,2018-09-12,plan_set,https://pub-2cee87f70da64080ab70ee0a34b55099.r2.dev/architect_plans/proj136_1951-shattuck-ave_2018-09-12_79980466.pdf,799804669a65bc68338d1f6b423238fcc7aacbfb5e29db3c02483a301df601bc,16398783,24,1951 Shattuck Ave,057-2046-001-00,accela_harvest_phase2_2026-08-23
2325,ZP2018-0137,permit_number,2019-06-18 RESUB Plan Set 1951-75 Shattuck,2019-06-18,plan_set,https://pub-2cee87f70da64080ab70ee0a34b55099.r2.dev/architect_plans/proj136_1951-shattuck-ave_2019-06-18.pdf,ea07999d8cd511da9cf60702ced9e1ca6f534961170d6d2351411275f10374e9,19098257,73,1951 Shattuck Ave,057-2046-001-00,accela_harvest_phase2_2026-08-23
2326,ZP2018-0137,permit_number,2019-03-13 DR Plans 1951 Shattuck,2019-03-13,plan_set,https://pub-2cee87f70da64080ab70ee0a34b55099.r2.dev/architect_plans/proj136_1951-shattuck-ave_2019-03-13.pdf,809591cc1b0746815471031c922f8e553136ac692ccca2355f45c1a2b6e860d7,32185434,69,1951 Shattuck Ave,057-2046-001-00,accela_harvest_phase2_2026-08-23
2327,ZP2018-0137,permit_number,2018-07-06 DR PLANS 1951 Shattuck,2018-07-06,plan_set,https://pub-2cee87f70da64080ab70ee0a34b55099.r2.dev/architect_plans/proj136_1951-shattuck-ave_2018-07-06.pdf,0ee7ca73739ba4038fae9e33d824de9175392349ca3a0621006a2d06389c9c06,14463506,24,1951 Shattuck Ave,057-2046-001-00,accela_harvest_phase2_2026-08-23
2328,ZP2018-0137,permit_number,2019-03-13 DRC ATT1 1951 Shattuck Project Plans,2019-03-13,plan_set,https://pub-2cee87f70da64080ab70ee0a34b55099.r2.dev/architect_plans/proj136_1951-shattuck-ave_2019-03-13_2b203322.pdf,2b203322b75167444bf761cda0563dda6e53be3966ef6c53a68b6e605934fdfc,25854627,69,1951 Shattuck Ave,057-2046-001-00,accela_harvest_phase2_2026-08-23
2329,ZP2018-0137,permit_number,2018-11-15 DRC ATT1 1951-75 Shattuck Project Plans,2018-11-15,plan_set,https://pub-2cee87f70da64080ab70ee0a34b55099.r2.dev/architect_plans/proj136_1951-shattuck-ave_2018-11-15.pdf,c5f6831f2409115a05823fe2d3fe5ca560e0a6ef98ded1b6bf5aaa3ca217ddc6,18465486,49,1951 Shattuck Ave,057-2046-001-00,accela_harvest_phase2_2026-08-23
2330,UP2013-0058,permit_number,2013-12-19 APP PLANS 1951-75 Shattuck,2013-12-19,plan_set,https://pub-2cee87f70da64080ab70ee0a34b55099.r2.dev/architect_plans/proj136_1951-shattuck-ave_2013-12-19.pdf,45c37c48af86a0fa76cfa193a1fd5c84c56350f8fb9199dd3cdb7eda16948259,19668214,30,1951 Shattuck Ave,057-2046-001-00,accela_harvest_phase2_2026-08-23
2331,UP2013-0058,permit_number,2014-02-27 Resub PLANS 1951-75 Shattuck,2014-02-27,plan_set,https://pub-2cee87f70da64080ab70ee0a34b55099.r2.dev/architect_plans/proj136_1951-shattuck-ave_2014-02-27.pdf,f3cc69ba01909b9c6b062af0795467234bff845cbade3daa7e6ab4df620a9cad,5585450,29,1951 Shattuck Ave,057-2046-001-00,accela_harvest_phase2_2026-08-23
2332,UP2013-0058,permit_number,2014-04-03 RESUB Plan Set 1951-75 Shattuck,2014-04-03,plan_set,https://pub-2cee87f70da64080ab70ee0a34b55099.r2.dev/architect_plans/proj136_1951-shattuck-ave_2014-04-03.pdf,a30dd6425370455cf0ddaf16850e077fd34d301f6695b0fa992b27a084e7a7ee,9348959,33,1951 Shattuck Ave,057-2046-001-00,accela_harvest_phase2_2026-08-23
2333,UP2013-0058,permit_number,2015-02-24 RESUB PLANS 1951-75 Shattuck,2015-02-24,plan_set,https://pub-2cee87f70da64080ab70ee0a34b55099.r2.dev/architect_plans/proj136_1951-shattuck-ave_2015-02-24.pdf,3cbb32c1570242a48fd7146f65693287d0d6cdafe023719eebb8115ab30684a0,16447509,40,1951 Shattuck Ave,057-2046-001-00,accela_harvest_phase2_2026-08-23
2334,UP2013-0058,permit_number,2015-02-11 RESUB Plan Set 1951-75 Shattuck,2015-02-11,plan_set,https://pub-2cee87f70da64080ab70ee0a34b55099.r2.dev/architect_plans/proj136_1951-shattuck-ave_2015-02-11.pdf,692d7fd4f086e2d8246c101e5aa2731fe10a3aa341928745f7dfd87159a4e43b,11999515,35,1951 Shattuck Ave,057-2046-001-00,accela_harvest_phase2_2026-08-23
2335,UP2013-0058,permit_number,2014-06-26 ZAB ATT1 1951-75 Shattuck Project Plans,2014-06-26,plan_set,https://pub-2cee87f70da64080ab70ee0a34b55099.r2.dev/architect_plans/proj136_1951-shattuck-ave_2014-06-26.pdf,c6d91ab3c0cc9bcd62d49958c1bc7850ddbaae5d5d0b7584d031351d77d0b263,7662087,33,1951 Shattuck Ave,057-2046-001-00,accela_harvest_phase2_2026-08-23
2336,UP2013-0058,permit_number,2015-06-09 RESUB PLan Set 1951-75 Shattuck,2015-06-09,plan_set,https://pub-2cee87f70da64080ab70ee0a34b55099.r2.dev/architect_plans/proj136_1951-shattuck-ave_2015-06-09.pdf,dede5033441cdc37ab4a88440dddf66e103b04d57caaf8da3e12924a129e20cc,31330381,41,1951 Shattuck Ave,057-2046-001-00,accela_harvest_phase2_2026-08-23
2337,UP2013-0058,permit_number,2016-08-31 RESUB PLANS 1951 Shattuck,2016-08-31,plan_set,https://pub-2cee87f70da64080ab70ee0a34b55099.r2.dev/architect_plans/proj136_1951-shattuck-ave_2016-08-31.pdf,a740caf54abe1aa9acdd15f63ec9b0d2f4c211b48b06dff465304120f6b3cc9e,11469873,25,1951 Shattuck Ave,057-2046-001-00,accela_harvest_phase2_2026-08-23
2338,DRCF2021-0006,permit_number,2021-10-21 DRC ATT1 1951 Shattuck Project Plans,2021-10-21,plan_set,https://pub-2cee87f70da64080ab70ee0a34b55099.r2.dev/architect_plans/proj136_1951-shattuck-ave_2021-10-21.pdf,0063f12fe50ee2da83b9e0f0cf866940404a0a4d281f2f09c7e76ca201b64892,21208233,19,1951 Shattuck Ave,057-2046-001-00,accela_harvest_phase2_2026-08-23
2339,DRCF2021-0006,permit_number,2021-08-19 DRC ATT2 1951 Shattuck Approved UP Plans,2021-08-19,plan_set,https://pub-2cee87f70da64080ab70ee0a34b55099.r2.dev/architect_plans/proj136_1951-shattuck-ave_2021-08-19.pdf,dfd2888a9248e32e308f4fbe08bde8c2e06516d3798bb1255a1a16e13fcc4b0f,7804325,24,1951 Shattuck Ave,057-2046-001-00,accela_harvest_phase2_2026-08-23
2340,DRCF2021-0006,permit_number,2021-08-19 DRC ATT1 1951 Shattuck Project Plans,2021-08-19,plan_set,https://pub-2cee87f70da64080ab70ee0a34b55099.r2.dev/architect_plans/proj136_1951-shattuck-ave_2021-08-19_2cef7dde.pdf,2cef7ddee1cf3046bd2487ff3bfd479ec8b9c6add08e44ed8c6a192e19a1c526,133636453,56,1951 Shattuck Ave,057-2046-001-00,accela_harvest_phase2_2026-08-23
2341,ZP2022-0099,permit_number,2023-04-17 RESUB Plans 1598 University,2023-04-17,plan_set,https://pub-2cee87f70da64080ab70ee0a34b55099.r2.dev/architect_plans/proj152_1598-university-ave_2023-04-17.pdf,a4d04f959c67f920bae461d1c2a4721d3d5af1318fc033aaf79c36d0c7ad6e50,57741079,43,1598 UNIVERSITY Ave,056-2003-001-00,accela_harvest_phase2_2026-08-23
2342,ZP2022-0099,permit_number,2023-04-18 RESUB Plans 1598 University,2023-04-18,plan_set,https://pub-2cee87f70da64080ab70ee0a34b55099.r2.dev/architect_plans/proj152_1598-university-ave_2023-04-18.pdf,d77740b1f6d0e5b810276c17a58ef50e22279d210641e88ed527edbf0f824bec,58080225,43,1598 UNIVERSITY Ave,056-2003-001-00,accela_harvest_phase2_2026-08-23
2343,ZP2022-0099,permit_number,2023-05-03 RESUB Plans 1598 University,2023-05-03,plan_set,https://pub-2cee87f70da64080ab70ee0a34b55099.r2.dev/architect_plans/proj152_1598-university-ave_2023-05-03.pdf,7112e3104adab2ceb8ca47699724a202634abf02cd650a86bd12e54a62c9958f,62118865,44,1598 UNIVERSITY Ave,056-2003-001-00,accela_harvest_phase2_2026-08-23
2344,ZP2019-0074,permit_number,2019-12-18 RESUB 02-REVISED-1.E-1815 Applicant Statement 2000 Dwight,2019-12-18,tabulation_form,https://pub-2cee87f70da64080ab70ee0a34b55099.r2.dev/architect_plans/proj173_2000-dwight-way_2019-12-18_e47e0640.pdf,e47e0640f08d548d326c82a0cd997ebf8d3776dda744669578e943d140cf1b06,18628,2,2000 DWIGHT Way,055-1822-019-02,accela_harvest_phase2_2026-08-23
2345,ZP2024-0070,permit_number,1E Tabulation Form,,tabulation_form,https://pub-2cee87f70da64080ab70ee0a34b55099.r2.dev/architect_plans/proj124_2442-haste-st_nodate.pdf,3a5c9faf6cffc2fb8dd30f27e6bbb73454ba3dcee77f413de176fedc845db794,124538,1,2442 HASTE St,055-1881-018-00,accela_harvest_phase2_2026-08-23
2346,ZP2024-0070,permit_number,1E Tabulation Form 2024 1127,,tabulation_form,https://pub-2cee87f70da64080ab70ee0a34b55099.r2.dev/architect_plans/proj124_2442-haste-st_nodate_88d2da48.pdf,88d2da488df86e45f73c5b2f5d2414f7f2f96e152f2fb2aaa96bf491c306a7a9,125968,1,2442 HASTE St,055-1881-018-00,accela_harvest_phase2_2026-08-23
2347,ZP2024-0070,permit_number,2025-03-11 1E Tabulation Form 250228,2025-03-11,tabulation_form,https://pub-2cee87f70da64080ab70ee0a34b55099.r2.dev/architect_plans/proj124_2442-haste-st_2025-03-11.pdf,83426eac892c72d78a8d71c305531905f89b92235c6d3f741c53bf60110d1d78,125981,1,2442 HASTE St,055-1881-018-00,accela_harvest_phase2_2026-08-23
2348,ZP2024-0070,permit_number,2025-04-29 1E Tabulation Form 250415,2025-04-29,tabulation_form,https://pub-2cee87f70da64080ab70ee0a34b55099.r2.dev/architect_plans/proj124_2442-haste-st_2025-04-29_bc691a51.pdf,bc691a51c8fda7451d61911e88216e7515f11b87fca53a578c6ab726bd679dd7,126036,1,2442 HASTE St,055-1881-018-00,accela_harvest_phase2_2026-08-23
2349,ZP2022-0135,permit_number,2023-02-15 RESUB 1.E Tabulation Form 02-08-23 2128 Oxford,2023-02-15,tabulation_form,https://pub-2cee87f70da64080ab70ee0a34b55099.r2.dev/architect_plans/proj133_2128-oxford-st_2023-02-15_278b0e1d.pdf,278b0e1d3c82a875c09d52a4fc3af4e8dd1da12e951b7329b631ca3ef7e33989,294298,1,2128 Oxford St,057-2031-001-01,accela_harvest_phase2_2026-08-23
2350,ZP2022-0135,permit_number,2023-11-03 RESUB 1.E Tabulation Form 11-01-23,2023-11-03,tabulation_form,https://pub-2cee87f70da64080ab70ee0a34b55099.r2.dev/architect_plans/proj133_2128-oxford-st_2023-11-03_b0ef3879.pdf,b0ef38796191a55fd16bc94461f2ec868fed533d943c2bd696035967ba4c72c7,294239,1,2128 Oxford St,057-2031-001-01,accela_harvest_phase2_2026-08-23
2351,ZP2021-0162,permit_number,2022-01-20 RESUB 6 Tabulation Form 2128 Oxford,2022-01-20,tabulation_form,https://pub-2cee87f70da64080ab70ee0a34b55099.r2.dev/architect_plans/proj133_2128-oxford-st_2022-01-20_5a01a3c0.pdf,5a01a3c0ebd892e3aefe9b6b62e91f9e0092baf898c364383d128a2bc90531d1,269323,1,2128 Oxford St,057-2031-001-01,accela_harvest_phase2_2026-08-23
2352,ZP2022-0148,permit_number,2023-02-09 RESUB TABULATION FORM 2480 Bancroft,2023-02-09,tabulation_form,https://pub-2cee87f70da64080ab70ee0a34b55099.r2.dev/architect_plans/proj134_2480-bancroft-way_2023-02-09.pdf,2b7cf157075d703656047da931fdb6d056aa97650a71b960802b60c967c25992,125830,1,2480 Bancroft Way,055-1878-022-00,accela_harvest_phase2_2026-08-23
2353,ZP2022-0148,permit_number,2023-05-01 RESUB Tabulation Form 2480 Bancroft,2023-05-01,tabulation_form,https://pub-2cee87f70da64080ab70ee0a34b55099.r2.dev/architect_plans/proj134_2480-bancroft-way_2023-05-01.pdf,2cddc17457363071557a2d4abdb7aa3f275666474d372843fb1c5d3255cf2993,125811,1,2480 Bancroft Way,055-1878-022-00,accela_harvest_phase2_2026-08-23
2354,ZP2022-0097,permit_number,3.2538 Durant Ave  Revised Tabulation Form 03.01.2023,,tabulation_form,https://pub-2cee87f70da64080ab70ee0a34b55099.r2.dev/architect_plans/proj139_2538-durant-ave_2023-03-01.pdf,84d70bb0781f21713f76aadb7693cb37e512b624012262714012ff83904d8392,289030,1,2538 DURANT Ave,055-1876-021-01,accela_harvest_phase2_2026-08-23
2355,ZP2019-0173,permit_number,2019-11-22 RESUB 0 - Revised Tabulation Form 1367 University,2019-11-22,tabulation_form,https://pub-2cee87f70da64080ab70ee0a34b55099.r2.dev/architect_plans/proj158_1367-university-ave_2019-11-22.pdf,4d038edc8f7be6c2116f370524e75302b47e42c897fe28b03529c0d9e9dafc84,212194,1,1367 UNIVERSITY Ave,057-2073-005-00,accela_harvest_phase2_2026-08-23
2356,ZP2019-0173,permit_number,2020-01-31 RESUB 0 - Revised Tabulation Form 1367 University,2020-01-31,tabulation_form,https://pub-2cee87f70da64080ab70ee0a34b55099.r2.dev/architect_plans/proj158_1367-university-ave_2020-01-31.pdf,4f33a1b933ae0efe9d856cb83397cc89f80b8ac3d57a05252a95d5f5da885034,203169,1,1367 UNIVERSITY Ave,057-2073-005-00,accela_harvest_phase2_2026-08-23
2357,ZP2021-0193,permit_number,2021-12-15 RESUB 1E - Tabulation Form - RESUBMISSION 2065 Kittredge,2021-12-15,tabulation_form,https://pub-2cee87f70da64080ab70ee0a34b55099.r2.dev/architect_plans/proj180_2065-kittredge-st_2021-12-15_6d9b2f1a.pdf,6d9b2f1a672821cf26c4d105870813a930593b7b0313c4ee97de4478e6fdcadc,321962,1,2065 Kittredge St,057-2027-006-00,accela_harvest_phase2_2026-08-23
2358,ZP2024-0067,permit_number,2024-06-05 1E. 2276 Shattuck Ave Tabulation Form,2024-06-05,tabulation_form,https://pub-2cee87f70da64080ab70ee0a34b55099.r2.dev/architect_plans/proj2_2276-shattuck-ave_2024-06-05.pdf,f33f0b7690a304324d3dd1a942da243bf713188182c629fe280765e3424d932b,151977,1,2276 SHATTUCK Ave,057-2028-004-00,accela_harvest_phase2_2026-08-23
2359,ZP2024-0067,permit_number,2024-09-30 2276 Shattuck Ave Revised Tabulation,2024-09-30,tabulation_form,https://pub-2cee87f70da64080ab70ee0a34b55099.r2.dev/architect_plans/proj2_2276-shattuck-ave_2024-09-30.pdf,3fa56cd9f7ad1421a56db43817bef68d5cf5dfbffdc0f14a8fd89f5a42ff5b58,127217,1,2276 SHATTUCK Ave,057-2028-004-00,accela_harvest_phase2_2026-08-23
2360,LMSAP2024-0005,permit_number,6-11-2024 4. 2276 Shattuck  Ave Tabulation Form,,tabulation_form,https://pub-2cee87f70da64080ab70ee0a34b55099.r2.dev/architect_plans/proj2_2276-shattuck-ave_nodate.pdf,2786a1836077f95d56a2e11c2fb59845073e8f0afab8e8ba201e998f274c25bf,151977,1,2276 SHATTUCK Ave,057-2028-004-00,accela_harvest_phase2_2026-08-23
2361,ZP2024-0071,permit_number,2024-06-11 1E Tabulation Form Nov 2019,2024-06-11,tabulation_form,https://pub-2cee87f70da64080ab70ee0a34b55099.r2.dev/architect_plans/proj22_2955-shattuck-ave_2024-06-11.pdf,e89f690cb3690a9053f6754832a6314112f34e2daa0b9db6db5696d26a4a7d83,125922,1,2955 SHATTUCK Ave,053-1589-018-01,accela_harvest_phase2_2026-08-23
2362,ZP2024-0071,permit_number,2024-11-19 1E Tabulation Form Nov 2019,2024-11-19,tabulation_form,https://pub-2cee87f70da64080ab70ee0a34b55099.r2.dev/architect_plans/proj22_2955-shattuck-ave_2024-11-19_205d7cba.pdf,205d7cba46ee881c9d6a5c9e799f4850c3608f8ff85046ee22813cd88ee216d4,125943,1,2955 SHATTUCK Ave,053-1589-018-01,accela_harvest_phase2_2026-08-23
2363,ZP2024-0071,permit_number,2025-05-25 1E Tabulation Form Nov 2019,2025-05-25,tabulation_form,https://pub-2cee87f70da64080ab70ee0a34b55099.r2.dev/architect_plans/proj22_2955-shattuck-ave_2025-05-25.pdf,af23efb8a3273c770b3597bde96e60ac0e9b8139d5a88532562f4f38be604b26,126006,1,2955 SHATTUCK Ave,053-1589-018-01,accela_harvest_phase2_2026-08-23
2364,ZP2026-0039,permit_number,2026-04-03 E. Tabulation Form,2026-04-03,tabulation_form,https://pub-2cee87f70da64080ab70ee0a34b55099.r2.dev/architect_plans/proj26_2298-durant-ave_2026-04-03.pdf,ae15c4cc3c64dda530b22c8017bb23adf083491d5a0a2350a11317efabd7abe4,125971,1,2298 DURANT Ave,055-1887-001-00,accela_harvest_phase2_2026-08-23
2365,ZP2024-0181,permit_number,2024-12-19 7. 2029 University Ave Tabulation Form Multifamily,2024-12-19,tabulation_form,https://pub-2cee87f70da64080ab70ee0a34b55099.r2.dev/architect_plans/proj6_2029-university-ave_2024-12-19.pdf,9778c286021297c0240ce6ff7e690ab4183360120e49b2c4a53f0ea711feb31c,126137,1,2029 UNIVERSITY Ave,057-2053-008-01,accela_harvest_phase2_2026-08-23
2366,ZP2024-0182,permit_number,2024-12-19 7. 2029 University Ave Tabulation Form Student Housing,2024-12-19,tabulation_form,https://pub-2cee87f70da64080ab70ee0a34b55099.r2.dev/architect_plans/proj6_2029-university-ave_2024-12-19_2c282259.pdf,2c282259f2efd8f3022bd7fd73d2e44dab4d062846e3f89732db51849a8a7cd4,140304,1,2029 UNIVERSITY Ave,057-2053-008-01,accela_harvest_phase2_2026-08-23
2367,ZP2019-0173,permit_number,2020-01-31 RESUB 1.E - Revised Applicant Statement 1367 University,2020-01-31,tabulation_form,https://pub-2cee87f70da64080ab70ee0a34b55099.r2.dev/architect_plans/proj158_1367-university-ave_2020-01-31_71be350e.pdf,71be350e083ed5c9d955e5c4ea145d40fee3d1bd599c1676fa4ee595afd64a62,16505,1,1367 UNIVERSITY Ave,057-2073-005-00,accela_harvest_phase2_2026-08-23
2368,ZP2022-0178,permit_number,2023-02-09 RESUB 12. Revised Tabulation Forms 2015 Blake,2023-02-09,tabulation_form,https://pub-2cee87f70da64080ab70ee0a34b55099.r2.dev/architect_plans/proj181_2015-blake-st_2023-02-09_6abb2058.pdf,6abb2058cbbbafb68798f29761634cfed5d0726b63d5312be1002e1267b3eaab,1287132,5,2015 Blake St,055-1822-013-03,accela_harvest_phase2_2026-08-23
2369,ZP2015-0229,permit_number,2017-03-01 RESUB Tabulation Form 3000 Shattuck,2017-03-01,tabulation_form,https://pub-2cee87f70da64080ab70ee0a34b55099.r2.dev/architect_plans/proj10_3000-shattuck-ave_2017-03-01.pdf,62c0895ee954278d976cd9dface91436f4adfbf4e3923a8d79ea9e8a9b49818f,127379,1,3000 SHATTUCK Ave,053-1592-001-00,accela_harvest_phase2_2026-08-23
2370,ZP2015-0229,permit_number,2017-01-05 RESUB Tabulation Form 3000 Shattuck,2017-01-05,tabulation_form,https://pub-2cee87f70da64080ab70ee0a34b55099.r2.dev/architect_plans/proj10_3000-shattuck-ave_2017-01-05.pdf,b9255ea8a31327653524f187c513d3795096c8ce801d7c0843a9992321e56605,191534,1,3000 SHATTUCK Ave,053-1592-001-00,accela_harvest_phase2_2026-08-23
2371,ZP2015-0229,permit_number,2017-05-31 RESUB Tabulation 3000 Shattuck,2017-05-31,tabulation_form,https://pub-2cee87f70da64080ab70ee0a34b55099.r2.dev/architect_plans/proj10_3000-shattuck-ave_2017-05-31.pdf,3db1a4ca9a9710cdf2f8f06f63708ef513218092cf3f132da0aa3afa6cfced83,172016,1,3000 SHATTUCK Ave,053-1592-001-00,accela_harvest_phase2_2026-08-23
2372,UP2012-0039,permit_number,2012-12-13 DRC Tabulation Form 2701 Shattuck,2012-12-13,tabulation_form,https://pub-2cee87f70da64080ab70ee0a34b55099.r2.dev/architect_plans/proj219_2701-shattuck-ave_2012-12-13.pdf,9808b50857a4d3679a5cefb4edce91cdfb86b88f7f9eac4f258a3e43a9d272c8,967898,1,2701 Shattuck Ave,054-1719-039-00,accela_harvest_phase2_2026-08-23
2373,ZP2023-0089,permit_number,2023-10-24 1E Tabulation Form Nov 2019,2023-10-24,tabulation_form,https://pub-2cee87f70da64080ab70ee0a34b55099.r2.dev/architect_plans/proj27_2441-le-conte-ave_2023-10-24_7c93f44a.pdf,7c93f44a44879a43e4e8ddfb4c6065566c0ce6153f78ad6e6afc7cd405e0166e,125343,1,2441 LE CONTE Ave,058-2193-006-00,accela_harvest_phase2_2026-08-23
2374,ZP2025-0101,permit_number,2025-10-23 Attachment 1.E Tabulation Form Oct 2025 2190 Shattuck,2025-10-23,tabulation_form,https://pub-2cee87f70da64080ab70ee0a34b55099.r2.dev/architect_plans/proj35_2190-shattuck-ave_2025-10-23.pdf,40514841e2a97208f2634f4326433dd867b715d27a60de6f46433bd58d72bf99,218258,1,2190 SHATTUCK Ave,057-2026-004-05,accela_harvest_phase2_2026-08-23
2375,ZP2022-0026,permit_number,2022-07-27 RESUB Tabulation 2190 Shattuck,2022-07-27,tabulation_form,https://pub-2cee87f70da64080ab70ee0a34b55099.r2.dev/architect_plans/proj35_2190-shattuck-ave_2022-07-27.pdf,dacb538142e8d4aad47683dea10516879a66e075ffb47fd70d39a15135a0a7d7,217868,1,2190 SHATTUCK Ave,057-2026-004-05,accela_harvest_phase2_2026-08-23
2376,ZP2026-0049,permit_number,2026-04-27 Tabulation Form 2437 Warring,2026-04-27,tabulation_form,https://pub-2cee87f70da64080ab70ee0a34b55099.r2.dev/architect_plans/proj52_2437-warring-st_2026-04-27.pdf,27aa8402e76d93785a10eb0e4c3a26952f46d08657182c9ff038311196b6e588,125308,1,2437 WARRING St,055-1865-014-01,accela_harvest_phase2_2026-08-23
2377,ZP2022-0171,permit_number,2023-03-11 RESUB 1.E - 2023 - Tabulation Form Revised 2601 San Pablo,2023-03-11,tabulation_form,https://pub-2cee87f70da64080ab70ee0a34b55099.r2.dev/architect_plans/proj7_2601-san-pablo-ave_2023-03-11.pdf,c02217b3590c4ed19295becb8340b1c8dc5c4db9a69ba8cadb8f106e7d255dd8,200135,1,2601 SAN PABLO Ave,054-1785-017-00,accela_harvest_phase2_2026-08-23
2378,UP2013-0061,permit_number,2014-08-21 DRC ATT3 2539 Telegraph Tabulation Form,2014-08-21,tabulation_form,https://pub-2cee87f70da64080ab70ee0a34b55099.r2.dev/architect_plans/proj890_2539-telegraph-ave_2014-08-21.pdf,7295ca0e22f3b89960ae69d102718cc8fad44713ee015bbeae7d78b52448c91d,304971,1,2539 TELEGRAPH Ave,055-1839-020-00,accela_harvest_phase2_2026-08-23
2379,UP2013-0016,permit_number,2013-09-19 DRC ATT4 2631 Durant Tabulation Form,2013-09-19,tabulation_form,https://pub-2cee87f70da64080ab70ee0a34b55099.r2.dev/architect_plans/proj894_2631-durant-ave_2013-09-19.pdf,9b777a672d962d96900443f5dc5010474e56288a9d4e3e53f1e766c897f4eb9a,249407,1,2631 DURANT Ave,055-1871-006-00,accela_harvest_phase2_2026-08-23
2380,LMSAP2015-0002,permit_number,2015-05-21 DRC ATT2 2597 Telegraph Tabulation Form,2015-05-21,tabulation_form,https://pub-2cee87f70da64080ab70ee0a34b55099.r2.dev/architect_plans/proj898_2597-telegraph-ave_2015-05-21.pdf,cf6da42bd45a19ff4aeca461e3f82a4f39edb8648e1269487b5d1a00eb5e5fcc,512296,2,2597 TELEGRAPH Ave,055-1837-003-00,accela_harvest_phase2_2026-08-23
2381,ZP2024-0075,permit_number,2024-06-18 Tabulation Form 1899 Oxford ZP2024-0075,2024-06-18,tabulation_form,https://pub-2cee87f70da64080ab70ee0a34b55099.r2.dev/architect_plans/proj9_1899-oxford-st_2024-06-18.pdf,f3d2a23f9d5adbfa42555b89a63cc82ab0e66a911b56d13e4991d90396e9e908,126102,1,1899 OXFORD St,058-2181-019-05,accela_harvest_phase2_2026-08-23
2382,UP2012-0039,permit_number,2012-12-13 DRC ATT3 2701 Shattuck Tabulation Form,2012-12-13,tabulation_form,https://pub-2cee87f70da64080ab70ee0a34b55099.r2.dev/architect_plans/proj219_2701-shattuck-ave_2012-12-13_a29694e6.pdf,a29694e6e061b1efd8842b47b081b404e5247d7464c470937627e1be0e731666,1067229,1,2701 Shattuck Ave,054-1719-039-00,accela_harvest_phase2_2026-08-23
2383,ZP2020-0075,permit_number,2020-09-17 RESUB Tabulation Form 2980 College,2020-09-17,tabulation_form,https://pub-2cee87f70da64080ab70ee0a34b55099.r2.dev/architect_plans/proj381_2980-college-ave_2020-09-17.pdf,b1f8e4a3c9cd8cbcf9450e20d5e0e3ee8e79817014deed90466ed5f4ddcaa5d1,38205,1,2980 College Ave,052-1573-093-00,accela_harvest_phase2_2026-08-23
2389,,none,2023-06-08 ZAB ATT2 3030 Telegraph Project Plans,2023-06-08,plan_set,https://pub-2cee87f70da64080ab70ee0a34b55099.r2.dev/architect_plans/proj150_3030-telegraph-ave_2023-06-08.pdf,03b1b05dc269cc72fe16d338a6924a94ebaddf4c0194a9cd6081fce7bd52d850,96992412,,3030 TELEGRAPH Ave,052-1576-027-01,accela_harvest_batch2_2026-08-23
2390,,none,2026-08-20 RESUB Project Plans 2700 Shattuck,2026-08-20,plan_set,https://pub-2cee87f70da64080ab70ee0a34b55099.r2.dev/architect_plans/proj3_2700-shattuck-ave_2026-08-20.pdf,dda0440b23b249781bc497a7fba70a1786c3aa463e2a83c3c29bc1e06271e2fe,82382105,,2700 SHATTUCK Ave,054-1723-001-00,accela_harvest_batch2_2026-08-23
2391,,none,2026-06-30 RESUB Project Plans 2700 Shattuck,2026-06-30,plan_set,https://pub-2cee87f70da64080ab70ee0a34b55099.r2.dev/architect_plans/proj3_2700-shattuck-ave_2026-06-30.pdf,f6275b5c7701bf76f4d04f444b0f1e171a8fea907f8a8167cf2d9ede6c991500,82393131,,2700 SHATTUCK Ave,054-1723-001-00,accela_harvest_batch2_2026-08-23
2392,,none,2022-10-31 APP PCKT Plans 2115 Kittredge,2022-10-31,plan_set,https://pub-2cee87f70da64080ab70ee0a34b55099.r2.dev/architect_plans/proj12_2115-kittredge-st_2022-10-31.pdf,174d643619099ea78aa252c85784a500789fd6f73fb90764d43d82cd329feb07,85251247,,2115 KITTREDGE St,057-2030-009-00,accela_harvest_phase2_2026-08-23
2393,,none,2023-01-27 RESUB 2 Entitlement Plan Set revised 2115 Kittredge,2023-01-27,plan_set,https://pub-2cee87f70da64080ab70ee0a34b55099.r2.dev/architect_plans/proj12_2115-kittredge-st_2023-01-27_resub-2-entitlement-plan-set-revised.pdf,b866a61d7e8c343e27d3413d18847931b6999f9a831bf811f620c58f5f7c280f,68023211,,2115 KITTREDGE St,057-2030-009-00,accela_harvest_phase2_2026-08-23
