record,module,source,record_type,role,units,units_source,status_source,address,apn,filed,issued,finaled,status,status_asof,description,production
B2014-01391,Building,cpra,New,new_unit,2,cpra_UnitsAdded,census,1471 SCENIC AVE,059-2249-030-02,2014-03-28,,2026-02-24,Finaled,2026-07-07,"NEW SINGLE FAMILY DWELLING W/ATTACHED ACCESSORY DWELLING UNIT. TOTAL 4310 SQFT

8/3/17 - ELEC & MECH ISSUED",BP_Annual Permit Report-2025-2026-07-07.xlsx
B2014-02844,Building,cpra,New,new_unit,44,cpra_UnitsAdded,census,2526 DURANT AVE,055-1876-017-00,2014-06-25,2016-02-16,2019-06-14,Finaled,,"NEW MIXED USE BUILDING - 44 APTS WITH COMMERCIAL ON GROUND FLOOR. ADDING 41,634 S.F.: 36,638 S.F. RESIDENTIAL AND 4,996 S.F. COMMERCIAL
Backcheck processed.  $$",BP_Annual Permit Report-2018-2022.xlsx
B2014-05786,Building,cpra,New,new_unit,44,cpra_UnitsAdded,census,1808 UNIVERSITY AVE,057-2016-021-01,2014-12-29,2016-01-21,2021-08-31,Finaled,,"**PHASE II: NEW 36,554 SQFT MIXED USE BLDG. (28,095 RES /2,996COMM /6,083 GARAGE), 44 D.U. SEE 14-2907 FOR PHASE I.",BP_Annual Permit Report-2018-2022.xlsx
B2015-03000,Building,cpra,New,new_unit,65,cpra_UnitsAdded,census,1900 WALNUT ST,057-2046-006-00,2015-06-23,2018-06-27,2022-10-25,Finaled,2026-07-08,"""ACHESON COMMONS"" - BUILDING ""C"": (N) 82,740 SFT, 65 RES. UNIT, 6 STORY, TYPE III-A SPRINKLERED OVER TYPE I-A SPRINKLERED RESIDENTIAL PODIUM BUILDING WITH PARKI",BP_Annual Permit Report-2018-2022.xlsx
B2015-03005,Building,cpra,New,new_unit,68,cpra_UnitsAdded,census,2111 UNIVERSITY AVE,057-2046-010-00,2015-06-23,2018-06-27,2022-03-04,Finaled,2026-07-08,"ACHESON BLDG D: NEW 6 STORY 67,558 SFT  BUILDING, TYPE IIIA OVER IA, WITH 68 NEW RESIDENTIAL UNITS (2ND- 6TH FL) AND NEW COMMERCIAL FIRST FLOOR. EXISTING STREET",BP_Annual Permit Report-2018-2022.xlsx
B2016-00895,Building,cpra,New,new_unit,82,cpra_UnitsAdded,census,2035 BLAKE St,055-1822-009-00,2016-03-01,2017-08-10,2022-04-20,Finaled,2026-07-08,"New Construction 5-story (82) residential units and 1 ground floor retail space, with 63 underground parking spaces. Total of 86,144 sq ft.
**July 12, 2018, Dev",BP_Annual Permit Report-2018-2022.xlsx
B2016-03148,Building,cpra,Addition/Alteration,ambiguous,6,cpra_UnitsAdded,census,2002 ADDISON St,057-2023-017-01,2016-07-01,2018-02-01,2018-08-28,Finaled,2026-07-08,"MEP permits issued.
Convert existing second floor office space into (6) residential dwelling units.",BP_Annual Permit Report-2018-2022.xlsx
B2016-03471,Building,cpra,New,new_unit,70,cpra_UnitsAdded,census,2539 TELEGRAPH Ave,055-1839-020-00,2016-07-22,2017-07-12,2019-09-30,Finaled,2026-07-08,"New 69,667 sq.ft.  6-story 70' tall, mixed use podium building with 70 residential units, 5,330 sq.ft. of commercial floor area. Nine (9) automobile and fourtee",BP_Annual Permit Report-2018-2022.xlsx
B2016-04483,Building,cpra,New,new_unit,50,cpra_UnitsAdded,census,2124 BANCROFT Way,055-1893-018-00,2016-09-22,2017-11-06,2019-11-15,Finaled,2026-07-08,"New 50 unit mixed use multi-family building with retail and parking garage. 
**Contractor, Power Plus added Temp Power pole 400 Amps.**
REV01: Added and expande",BP_Annual Permit Report-2018-2022.xlsx
B2017-01029,Building,cpra,New,new_unit,2,cpra_UnitsAdded,census,2411 FIFTH St,056-1943-023-00,2017-03-13,2017-08-02,2018-10-30,Finaled,2026-07-08,"Construct new 3,348 sq.ft. 3-story duplex.

8/9/17 - Plumbing issued for plumbing work in bathrooms, kitchens, laundry and installation of water heaters.",BP_Annual Permit Report-2018-2022.xlsx
B2017-01850,Building,cpra,New,new_unit,10,cpra_UnitsAdded,census,2597 TELEGRAPH Ave,055-1837-003-00,2017-05-03,2018-08-09,2021-11-10,Finaled,2026-07-08,"New Residential building 25,182 sq ft.; 10 living units above concrete podium and parking. Includes the demo of Parking Slab on grade
- Deferred 02: truss joist",BP_Annual Permit Report-2018-2022.xlsx
B2017-02082,Building,cpra,Alteration,ambiguous,2,cpra_UnitsAdded,census,3353 M L KING JR Way,052-1433-012-00,2017-05-16,2019-08-07,2022-09-28,Finaled,2026-07-08,"Legalize two(2) residential units that were converted without Permits from original commercial.
See use permit ZP2015-0184 conditions on 2nd page of plans.",BP_Annual Permit Report-2018-2022.xlsx
B2017-02610,Building,cpra,New,new_unit,50,cpra_UnitsAdded,census,2067 UNIVERSITY Ave,057-2053-005-00,2017-06-15,2018-10-10,2023-08-10,Finaled,2026-07-08,"New 7-story, 29,968 sq.ft. mixed use building: R-2 and B occupancies and III-A over I-A. 50 residential units",BP_Annual Permit Report-2023-2025_rerun-2026-07-07.xlsx
B2017-03295,Building,cpra,New,new_unit,2,cpra_UnitsAdded,census,1030 GRAYSON St,053-1661-003-03,2017-07-28,2018-02-01,2018-10-17,Finaled,2026-07-08,New Rear (southern) Duplex (Address assignment needed) for 1032 and 1034 Grayson. Full plan check fees were assessed on B2017-00518 with valuation of $928042.00,BP_Annual Permit Report-2018-2022.xlsx
B2018-01337,Building,cpra,New,new_unit,40,cpra_UnitsAdded,census,2510 CHANNING Way,055-1875-008-00,2018-04-05,2020-01-27,,Closed Expired,2026-07-08,"Phase II of II: Superstructure and close in for a new 8 story mixed use building. Floors 1 through 3 is Type IA which include R-2, A-2 (restaurant) and M occupa",BP_Annual Permit Report-2018-2022.xlsx
B2018-02291,Building,cpra,New,new_unit,14,cpra_UnitsAdded,census,2340 FIFTH St,056-1945-006-00,2018-06-12,2019-05-30,2022-05-13,Finaled,2026-07-08,"Building A: 3 story, 6 Unit Apartment Building (Project consists of 3 separate buildings A, B and C)",BP_Annual Permit Report-2018-2022.xlsx
B2018-03255,Building,cpra,New,new_unit,63,cpra_UnitsAdded,census,2527 SAN PABLO Ave,054-1781-015-01,2018-08-17,2023-07-21,2024-04-30,Finaled,2026-07-08,"New 6 story mixed use with 63 residential units, leasing offices, community room, parking and commercial retail space.",BP_Annual Permit Report-2023-2025_rerun-2026-07-07.xlsx
B2018-04293,Building,cpra,New,new_unit,66,cpra_UnitsAdded,census,2072 ADDISON St,057-2023-025-00,2018-10-26,2020-01-29,2023-07-18,Finaled,2026-07-08,"New seven story building with ground commercial space and parking garage for twenty-nine automobiles with parking lift, and six stories of residential apartment",BP_Annual Permit Report-2023-2025_rerun-2026-07-07.xlsx
B2019-00478,Building,cpra,New,new_unit,117,cpra_UnitsAdded,census,2580 BANCROFT Way,055-1877-019-02,2019-02-04,2019-09-24,2021-11-29,Finaled,2026-07-08,"Phase II: Build out for a new 8 story 117 dwelling unit multi-family building. Phase I Foundation under permit B2018-02807.

**Revision 2-Changes and Engineerin",BP_Annual Permit Report-2018-2022.xlsx
B2019-01950,Building,cpra,New,new_unit,78,cpra_UnitsAdded,census,2628 SHATTUCK Ave,055-1819-001-02,2019-05-09,2020-05-05,2021-07-16,Finaled,2026-07-08,"Phase II:  Architectural and Structural Superstructure for new mixed use 6-story building including 78 Dwelling Units, Commercial Space, Office Suite and Parkin",BP_Annual Permit Report-2018-2022.xlsx
B2019-02956,Building,cpra,New,new_unit,45,cpra_UnitsAdded,census,2009 ADDISON St,057-2025-023-00,2019-07-18,2021-06-24,2023-04-04,Finaled,2026-07-08,"Phase II of II for a New 7 story mixed use residential (artist housing) for Berkeley Repertory Theater. (Demo permit for existing structure is # B2019-02958, Ph",BP_Annual Permit Report-2023-2025_rerun-2026-07-07.xlsx
B2019-03689,Building,cpra,New,new_unit,96,cpra_UnitsAdded,census,2100 SAN PABLO Ave,056-1977-006-05,2019-08-30,2020-07-20,2023-05-02,Finaled,2026-07-08,New  4-story mixed-use building containing Residential Care Facility for the Elderly (Senior Housing) with 96 residential units on the floors 2-4 and commercial,BP_Annual Permit Report-2023-2025_rerun-2026-07-07.xlsx
B2019-03765,Building,cpra,New,new_unit,2,cpra_UnitsAdded,census,1811 SIXTY-THIRD St,052-1527-011-00,2019-09-05,2020-01-28,2021-09-16,Finaled,2026-07-08,"Construction of Duplex on vacant Lot and associated sitework.  Construction of single family dwelling on same site under separate permit.  Adding 3,247 SF Total",BP_Annual Permit Report-2018-2022.xlsx
B2019-03862,Building,cpra,New,new_unit,142,cpra_UnitsAdded,census,2012 BERKELEY Way,057-2053-022-01,2019-09-12,2020-07-06,2022-09-23,Finaled,2026-07-08,"Phase II:  Super structure including concrete podium, mechanical, electrical, plumbing for new mixed use building - BRIDGE HOUSING PROJECT. Phase I: Site prepar",BP_Annual Permit Report-2018-2022.xlsx
B2019-05488,Building,cpra,New,ambiguous,2,cpra_UnitsAdded,census,LATHAM Ln,063-2969-034-37,2019-12-18,2020-09-08,2022-08-08,Finaled,2026-07-08,"Construct new 3,871 SF house and 439 SF garage. - Property in Fire Zone 2.",BP_Annual Permit Report-2018-2022.xlsx
B2019-05608,Building,cpra,New,new_unit,163,cpra_UnitsAdded,census,1951 SHATTUCK Ave,057-2046-001-00,2019-12-27,2022-09-08,2024-10-24,Finaled,2026-07-08,"Phase 1 of 2 consists of the Basement and first floor of a new building. New mixed-use building: approx. 179,680 GSF, 12 story residential building with 163 ren",BP_Annual Permit Report-2023-2025_rerun-2026-07-07.xlsx
B2020-00206,Building,cpra,New,new_unit,15,cpra_UnitsAdded,census,1717 UNIVERSITY Ave,057-2061-010-00,2020-01-17,2020-10-28,2023-04-04,Finaled,2026-07-08,New 5-story mixed-use building with ground floor retail and 15 residential apartments.,BP_Annual Permit Report-2023-2025_rerun-2026-07-07.xlsx
B2020-01498,Building,cpra,New,new_unit,2,cpra_UnitsAdded,census,2339 OREGON St,053-1689-006-02,2020-05-19,2021-03-03,2023-03-10,Finaled,2026-07-08,"7/27/21 - Upgrade electrical service panel to 200-Amps.
New construction of two detached Accessory Dwelling Units (ADU - 749 SF each unit) in the rear of an exi",BP_Annual Permit Report-2023-2025_rerun-2026-07-07.xlsx
B2020-01991,Building,cpra,New,new_unit,57,cpra_UnitsAdded,census,2701 SHATTUCK Ave,054-1719-001-00,2020-06-30,2022-06-22,2024-07-18,Finaled,2026-07-08,(N) fifty-seven (57) apartment units over a parking garage.,BP_Annual Permit Report-2023-2025_rerun-2026-07-07.xlsx
B2020-02394,Building,cpra,Alteration,new_unit,2,cpra_UnitsAdded,census,2116 ALLSTON Way,057-2030-002-00,2020-07-28,2021-01-21,2021-10-29,Finaled,2026-07-08,Conversion of (2) non-habitable existing roof top accessory residential spaces to: (2) accessory dwelling units (no proposed changes to (E) ground floor commerc,BP_Annual Permit Report-2018-2022.xlsx
B2020-02423,Building,cpra,Addition/Alteration,new_unit,2,cpra_UnitsAdded,census,2233 GRANT St,057-2014-019-01,2020-07-30,2021-12-15,2024-03-28,Finaled,2026-07-08,"Convert carports into 2 ADU's (1st Unit - 648SF, 2nd Unit 666SF)",BP_Annual Permit Report-2023-2025_rerun-2026-07-07.xlsx
B2020-02735,Building,cpra,New,new_unit,2,cpra_UnitsAdded,census,3411 ADELINE St,052-1434-003-00,2020-08-21,2020-12-16,2026-04-16,Finaled,2026-07-08,"Build two-unit, two-story ADU at rear.",BP_Annual Permit Report-2025-2026-07-07.xlsx
B2020-03077,Building,cpra,Addition/Alteration,new_unit,2,cpra_UnitsAdded,capdetail,1581 LE ROY Ave,058-2245-009-03,2020-09-15,2021-07-13,,Issued,2026-09-21,"Change Occupancy Type from E to R3, Single family with ADU. Add roof deck over second floor. Valuation increased from $600,000 to $1,200,000.",BP_Annual Permit Report-2018-2022.xlsx
B2020-03292,Building,cpra,New,new_unit,2,cpra_UnitsAdded,census,2132 MCGEE Ave,056-2006-010-00,2020-09-29,2022-02-09,2025-02-20,Finaled,2026-07-08,Replace (E) garage carport with (2) ADU's consisting of 850 SF.,BP_Annual Permit Report-2025-2026-07-07.xlsx
B2020-04316,Building,cpra,New,new_unit,78,cpra_UnitsAdded,census,3000 SAN PABLO Ave,053-1633-001-01,2020-12-09,2021-09-30,2023-06-05,Finaled,2026-07-08,"Construction of new 6 story mixed-use building with 78 dwelling units, ground level lobby, parking and commercial, with state of California density bonus. Demol",BP_Annual Permit Report-2023-2025_rerun-2026-07-07.xlsx
B2021-00008,Building,cpra,New,new_unit,169,cpra_UnitsAdded,census,2150 KITTREDGE St,057-2029-016-00,2021-01-04,2021-10-27,2024-03-20,Finaled,2026-07-08,169 units of market rate housing and ground floor retail/commercial space.  (5) floors of Type III-A construction over (2) floors + basement Type I construction,BP_Annual Permit Report-2023-2025_rerun-2026-07-07.xlsx
B2021-00200,Building,cpra,Alteration,new_unit,2,cpra_UnitsAdded,census,1817 SIXTH St,057-2095-013-02,2021-01-15,2021-08-25,,Closed Expired,2026-07-08,"Constuct two 599 sqft detached ADUs (total size ~1,198 sqft) in one building structure in the backyard.",BP_Annual Permit Report-2023-2025_rerun-2026-07-07.xlsx
B2021-00697,Building,cpra,New,new_unit,2,cpra_UnitsAdded,census,2519 COLLEGE Ave,055-1847-028-00,2021-02-19,2021-06-14,2023-05-11,Finaled,2026-07-08,New Duplex: Building 2 new ADUs on an existing multi-family property.,BP_Annual Permit Report-2023-2025_rerun-2026-07-07.xlsx
B2021-02307,Building,cpra,Addition/Alteration,new_unit,2,cpra_UnitsAdded,census,2737 FOREST Ave,054-1708-005-00,2021-06-04,2022-11-10,2024-03-11,Finaled,2026-07-08,"Convert (E) Garage 1 & 2 into ADU #1 and #2. ADU #1 add 598SF.  Convert (E) Garage 3 into ADU
#2 add 172SF. (E) Rear deck alteration.",BP_Annual Permit Report-2023-2025_rerun-2026-07-07.xlsx
B2021-02315,Building,cpra,New,new_unit,2,cpra_UnitsAdded,census,1683 OXFORD St,058-2183-015-00,2021-06-04,2022-08-08,2024-07-24,Finaled,2026-07-08,Construction of two detached ADU units in the rear of existing 4-plex.,BP_Annual Permit Report-2023-2025_rerun-2026-07-07.xlsx
B2021-02404,Building,cpra,New,new_unit,113,cpra_UnitsAdded,census,2000 DWIGHT Way,055-1822-018-00,2021-06-10,2023-08-15,2025-06-17,Finaled,2026-07-08,Construction of new 6 story senior living facility type I-A.  The project includes basement parking with senior amenities and 113 Units.,BP_Annual Permit Report-2025-2026-07-07.xlsx
B2021-02423,Building,cpra,New,new_unit,40,cpra_UnitsAdded,census,SAN PABLO Ave,056-1928-019-00,2021-06-11,2022-08-12,2025-03-20,Finaled,2026-07-08,New 4-story group living accommodations with 40 sleeping units and one manager's dwelling unit. Foundation under B2021-04949.,BP_Annual Permit Report-2025-2026-07-07.xlsx
B2021-02905,Building,cpra,New,new_unit,87,cpra_UnitsAdded,census,2001 ASHBY Ave,053-1591-018-03,2021-07-02,2022-02-04,2025-02-24,Finaled,2026-07-08,"New six-story, 103,425 sq ft  multi-family housing consisting of 87 affordable rental units, community amenity spaces, commercial tenant space, structured parki",BP_Annual Permit Report-2025-2026-07-07.xlsx
B2021-03071,Building,cpra,New,new_unit,2,cpra_UnitsAdded,census,1677 ARCH St,058-2187-019-00,2021-07-13,2021-11-16,2022-04-20,Finaled,2026-07-08,Build new pre-fabricated Accessory Dwelling Unit with a 1.860 KW PV solar panels (12 modules) on the roof. Fire Zone 2 Property.,BP_Annual Permit Report-2018-2022.xlsx
B2021-03292,Building,cpra,Addition/Alteration,new_unit,3,cpra_UnitsAdded,census,2200 DWIGHT Way,055-1830-015-00,2021-07-23,2022-12-06,,Closed Expired,2026-07-08,"Change 1st floor covered parking garage and storage to a 3 accessory dwelling unit, total area 2094sf. 
[x.REF P2022-01624]",BP_Annual Permit Report-2018-2022.xlsx
B2021-03950,Building,cpra,New,new_unit,72,cpra_UnitsAdded,census,2099 M L KING JR Way,057-2024-013-00,2021-09-02,2023-07-17,2024-05-17,Finaled,2026-07-08,New Mixed Use Building: 72 units of market rate housing and ground floor retail/commercial space.  (5) floors of Type III-A construction over (2) floors Type I ,BP_Annual Permit Report-2023-2025_rerun-2026-07-07.xlsx
B2021-05043,Building,cpra,New,new_unit,2,cpra_UnitsAdded,census,776 PAGE St,059-2325-004-00,2021-11-04,2022-06-03,2023-08-30,Finaled,2026-07-08,"New three story house, wood construction",BP_Annual Permit Report-2023-2025_rerun-2026-07-07.xlsx
B2021-05365,Building,cpra,New,new_unit,2,cpra_UnitsAdded,census,1436 Fifth St,059-2325-004-00,2021-11-29,2022-06-03,2023-09-20,Finaled,2026-07-08,"New wood construction, three story single family house",BP_Annual Permit Report-2023-2025_rerun-2026-07-07.xlsx
B2022-01111,Building,cpra,New,new_unit,81,cpra_UnitsAdded,census,2000 UNIVERSITY Ave,057-2025-013-00,2022-03-14,2022-12-22,2024-04-09,Finaled,2026-07-08,"Phase 2 of construction of a new 8- story mixed use building with 81 dwelling units, Ground level lobby, Commercial space ( Warm Shell), with state of Californi",BP_Annual Permit Report-2023-2025_rerun-2026-07-07.xlsx
B2022-03366,Building,cpra,Alteration,new_unit,2,cpra_UnitsAdded,census,131 AVENIDA Dr,060-2487-031-00,2022-07-20,2022-11-08,2023-08-15,Finaled,2026-07-08,Convert (E) garage into (N) 354 SF Junior ADU. Add barn door to separate units and add kitchenette. Garage floor and attic floor above were lowered to be aligne,BP_Annual Permit Report-2023-2025_rerun-2026-07-07.xlsx
B2022-03494,Building,cpra,Addition,new_unit,2,cpra_UnitsAdded,census,1515 HARMON St,052-1536-011-00,2022-07-28,2022-12-06,2025-05-13,Finaled,2026-07-08,Convert the storage into 2 ADU's.,BP_Annual Permit Report-2025-2026-07-07.xlsx
B2022-04445,Building,cpra,Alteration,ambiguous,2,cpra_UnitsAdded,census,2817 CALIFORNIA St,053-1674-016-00,2022-09-26,2022-11-09,2023-01-10,Finaled,2026-07-08,"53 Sq Ft Full Bathroom Remodel on Ground Floor. No Structural. No Changes to Walls or Openings. Replace Exiting with (N) Tub/Shower, Toilet, and Vanity. All (N)",BP_Annual Permit Report-2023-2025_rerun-2026-07-07.xlsx
B2022-06004,Building,cpra,Alteration,ambiguous,4,cpra_UnitsAdded,census,1841 PRINCE St,053-1601-016-00,2022-12-22,2022-12-23,2023-12-13,Finaled,2026-07-08,400 amps main service panel upgrade(320 amps cont.),BP_Annual Permit Report-2023-2025_rerun-2026-07-07.xlsx
B2014-05752,Building,cpra,New,new_unit,36,cpra_UnitsAdded,census,1698 UNIVERSITY AVE,056-2004-001-00,2014-12-19,2017-06-20,2025-05-22,Finaled,2026-07-07,New 36-unit mixed use building with retail at ground level and structured parking below.,BP_Annual Permit Report-2025-2026-07-07.xlsx
B2018-05100,Building,cpra,New,new_unit,2,cpra_UnitsAdded,census,1331 ASHBY Ave,053-1623-012-01,2018-12-21,2023-04-04,,Issued (CPRA; not in census),2026-07-07,"New duplex, 3-stories (site includes 2 units) 1331 A & B  (2254 sq ft) added.",BP_Annual Permit Report-2023-2025_rerun-2026-07-07.xlsx
B2021-02225,Building,cpra,New,new_unit,45,cpra_UnitsAdded,census,2650 TELEGRAPH Ave,055-1835-009-01,2021-05-28,2023-08-02,2025-06-16,Finaled,2026-07-08,"Construction of new 5 story mixed use building with 45-dwelling units, ground level lobby",BP_Annual Permit Report-2025-2026-07-07.xlsx
B2021-03440,Building,cpra,Addition/Alteration,ambiguous,2,cpra_UnitsAdded,census,1828 EUCLID Ave,058-2191-002-00,2021-08-03,2023-09-27,2025-05-22,Finaled,2026-07-08,"Conversion of ground floor restaurant space into 2 dwelling units, while maintaining and retaining the storefront area along Euclid avenue.  Property in Fire Zo",BP_Annual Permit Report-2025-2026-07-07.xlsx
B2021-04232,Building,cpra,New,new_unit,57,cpra_UnitsAdded,capdetail,2902 ADELINE St,053-1598-006-00,2021-09-20,2025-02-27,,Issued,2026-09-21,Construction of new 6-story mixed-use multifamily building with 54 units and 24 car parking spaces. Demolition under B2021-05386 and B2022-00381.,BP_Annual Permit Report-2025-2026-07-07.xlsx
B2021-04893,Building,cpra,New,new_unit,163,cpra_UnitsAdded,census,1951 SHATTUCK Ave,057-2046-001-00,2021-10-27,,2024-10-24,Finaled,2026-07-08,"Phase 2:  Consists of levels 2-12 of new construction approx 179,680 GSF, 12 story residential building with 163 rental units and ground floor retail.",BP_Annual Permit Report-2023-2025_rerun-2026-07-07.xlsx
B2021-04907,Building,cpra,New,new_unit,3,cpra_UnitsAdded,capdetail,2421 FIFTH St,056-1943-020-00,2021-10-27,2024-04-18,,Issued,2026-09-21,Construction of new residential building consisting of three (3) dwelling units. Existing house on site to be demolished under a separate permit.,BP_Annual Permit Report-2023-2025_rerun-2026-07-07.xlsx
B2021-05671,Building,cpra,New,new_unit,2,cpra_UnitsAdded,census,2618 COLLEGE Ave,055-1845-010-00,2021-12-16,2024-08-01,2025-07-25,Finaled,2026-07-08,Detached duplex ADU.,BP_Annual Permit Report-2025-2026-07-07.xlsx
B2022-01079,Building,cpra,Alteration,new_unit,2,cpra_UnitsAdded,census,2701 DURANT Ave,055-1870-008-00,2022-03-10,2023-05-01,,Issued (CPRA; not in census),2026-07-07,Convert the basement into two accessory dwelling units,BP_Annual Permit Report-2025-2026-07-07.xlsx
B2022-01345,Building,cpra,New,new_unit,3,cpra_UnitsAdded,census,1837 BERKELEY Way,057-2063-007-00,2022-03-28,2023-03-09,2024-12-03,Finaled,2026-07-08,"Construct 3 new townhouses. 3 stories each townhouse. Total 2323 sq ft. Associated demolition permit #B2022-01344, zoning permit #Z2020-015.",BP_Annual Permit Report-2023-2025_rerun-2026-07-07.xlsx
B2022-03844,Building,cpra,New,new_unit,2,cpra_UnitsAdded,census,2226 DWIGHT Way,055-1830-022-00,2022-08-18,2023-05-18,2024-06-03,Finaled,2026-07-08,"At rear yard, erect new 1-story detached building with 2 ADU's. Unit 1- 842 sq. ft. 2 x1, Unit 2-914 sq. ft. 2 x1. Install 200 AMP electrical panels.",BP_Annual Permit Report-2023-2025_rerun-2026-07-07.xlsx
B2022-04242,Building,cpra,New,new_unit,17,cpra_UnitsAdded,capdetail,2317 CHANNING Way,055-1884-006-00,2022-09-12,2025-09-08,,Issued,2026-09-21,"The proposed project will provide 17 apartments in a newly constructed 5 story building on an existing surface parking lot and replace a 1,414 SF existing offic",BP_Annual Permit Report-2025-2026-07-07.xlsx
B2022-04366,Building,cpra,New,new_unit,39,cpra_UnitsAdded,census,1367 UNIVERSITY Ave,057-2073-005-00,2022-09-20,2023-10-16,2025-05-06,Finaled,2026-07-08,"Construction of a 9665-SF, four story 39-unit congregate residence.",BP_Annual Permit Report-2025-2026-07-07.xlsx
B2022-04721,Building,cpra,New,new_unit,2,cpra_UnitsAdded,census,2327 OREGON St,053-1689-009-00,2022-10-12,2023-03-07,2025-02-28,Finaled,2026-07-08,New single-family dwelling to replace existing. New structure includes attached ADU at the front of the building. A separate application will be submitted to le,BP_Annual Permit Report-2025-2026-07-07.xlsx
B2022-05117,Building,cpra,New,new_unit,40,cpra_UnitsAdded,census,2440 SHATTUCK Ave,055-1896-005-00,2022-11-01,2023-08-03,2025-03-05,Finaled,2026-07-08,Phase II for 8-story multi-family building with 40 residential Units (Phase I under B2022-02525),BP_Annual Permit Report-2025-2026-07-07.xlsx
B2022-05880,Building,cpra,New,new_unit,28,cpra_UnitsAdded,census,2480 BANCROFT Way,055-1878-022-00,2022-12-16,2023-12-13,2025-07-10,Finaled,2026-07-08,"Construction of new, 8-story, mixed-use building w/ 28 residential units over a ground floor restaurant.  See Demo permit for B2022-05919.",BP_Annual Permit Report-2025-2026-07-07.xlsx
B2022-05881,Building,cpra,New,new_unit,54,cpra_UnitsAdded,capdetail,1740 SAN PABLO Ave,058-2127-014-03,2022-12-16,2025-12-18,,Issued,2026-09-21,Proposed residential development of a 100% affordable large family housing project with 54 units complying with government code section 65913.4,BP_Annual Permit Report-2025-2026-07-07.xlsx
B2022-05957,Building,cpra,New,new_unit,13,cpra_UnitsAdded,capdetail,2328 CHANNING Way,055-1883-027-00,2022-12-21,2024-09-05,,Issued,2026-09-21,"Restoration and relocation of existing historic Luttrell House, and new construction of 13 unit 4-story residential building behind.",BP_Annual Permit Report-2023-2025_rerun-2026-07-07.xlsx
B2023-00117,Building,cpra,Alteration,ambiguous,3,cpra_UnitsAdded,census,1025 HEINZ Ave,053-1660-024-00,2023-01-12,2023-01-24,2024-11-19,Finaled,2026-07-08,"Upgrade existing electrical service to new 400amp overhead electrical service for existing duplex and future detached residence in rear, Unit C. approved under ",BP_Annual Permit Report-2023-2025_rerun-2026-07-07.xlsx
B2023-00774,Building,cpra,New,ambiguous,72,cpra_UnitsAdded,capdetail,1752 SHATTUCK Ave,058-2176-001-01,2023-02-22,2024-06-13,,Issued,2026-09-21,"72-unit, 7-story, mixed-use apartment building.",BP_Annual Permit Report-2025-2026-07-07.xlsx
B2023-01529,Building,cpra,New,ambiguous,2,cpra_UnitsAdded,census,2371 OAK St,061-2551-026-03,2023-03-30,2025-09-18,,Issued (CPRA; not in census),2026-07-07,"Addition to existing house, new 783 SF unit at 1st floor, 633 SF addition to 2nd floor, and 693 SF addition to 3rd floor.",BP_Annual Permit Report-2025-2026-07-07.xlsx
B2023-01905,Building,cpra,,ambiguous,2,cpra_UnitsAdded,census,1423 ACROFT Ct,056-1998-040-00,2023-04-17,2023-04-17,2024-02-23,Finaled,2026-07-08,To replace an existing temp power with a 400 Amp 2 meter service,BP_Annual Permit Report-2023-2025_rerun-2026-07-07.xlsx
B2023-02332,Building,cpra,New,new_unit,83,cpra_UnitsAdded,capdetail,2538 DURANT Ave,055-1876-021-01,2023-05-05,2024-09-24,,Finaled,2026-09-21,The new construction of an 8-story building with (83) dwelling units and a commercial space. (Ref. #B2023-01880 Demo),BP_Annual Permit Report-2023-2025_rerun-2026-07-07.xlsx
B2023-02354,Building,cpra,New,new_unit,24,cpra_UnitsAdded,census,1773 OXFORD St,058-2181-027-00,2023-05-08,2023-11-13,2025-05-21,Finaled,2026-07-08,New construction of 5-story residential apartment with no parking. Shoring under B2023-04569,BP_Annual Permit Report-2025-2026-07-07.xlsx
B2023-02659,Building,cpra,New,new_unit,2,cpra_UnitsAdded,census,2631 REGENT St,055-1841-024-00,2023-05-22,2024-01-16,2025-06-03,Finaled,2026-07-08,Construction of 2 ADUs in (N) 1600 sq. ft. detached structure,BP_Annual Permit Report-2025-2026-07-07.xlsx
B2023-02975,Building,cpra,New,new_unit,12,cpra_UnitsAdded,census,2555 COLLEGE Ave,055-1847-020-00,2023-06-09,2024-04-26,2025-07-25,Finaled,2026-07-08,"Construction of a 9,815 SF, four story 11-unit + attached ADU multifamily residential building.",BP_Annual Permit Report-2025-2026-07-07.xlsx
B2023-04424,Building,cpra,Alteration,new_unit,2,cpra_UnitsAdded,census,1403 CARLETON St,054-1794-014-01,2023-08-28,2024-08-21,2026-03-27,Finaled,2026-07-08,ADU conversion adding 2 units to an existing apartment building. Soft Story Retrofit per BMC 19.39 - NOT for transfer tax rebate.,BP_Annual Permit Report-2025-2026-07-07.xlsx
B2023-04737,Building,cpra,New,new_unit,2,cpra_UnitsAdded,census,2227 CARLETON St,055-1828-011-00,2023-09-14,2024-09-04,2025-09-10,Finaled,2026-07-08,New Detached 2 Story ADUs (total 2000SF),BP_Annual Permit Report-2025-2026-07-07.xlsx
B2023-04951,Building,cpra,New,new_unit,2,cpra_UnitsAdded,capdetail,945 CRESTON Rd,063-3120-063-00,2023-09-25,2025-10-23,,Issued,2026-09-21,New residential duplex.  Property in Fire Zone 2.,BP_Annual Permit Report-2025-2026-07-07.xlsx
B2023-05281,Building,cpra,New,new_unit,2,cpra_UnitsAdded,census,2436 CHANNING Way,055-1880-022-01,2023-10-16,2024-04-17,2025-06-17,Finaled,2026-07-08,"Two (2) New ADUs, one building 1,000 sq. ft.- (5) bed, (2) bath each.",BP_Annual Permit Report-2025-2026-07-07.xlsx
B2023-05812,Building,cpra,Addition/Alteration,new_unit,2,cpra_UnitsAdded,census,1817 SIXTY-SECOND St,052-1526-009-00,2023-11-09,2024-03-12,2025-06-24,Finaled,2026-07-08,"Renovation of (e) garage into a (n) detached accessory dwelling unit- ADU. 1 Bed, 1 Bath- 308 sq. ft.",BP_Annual Permit Report-2025-2026-07-07.xlsx
B2023-06071,Building,cpra,New,new_unit,2,cpra_UnitsAdded,census,2639 REGENT St,055-1841-021-00,2023-11-27,2024-06-11,2025-07-29,Finaled,2026-07-08,Addition of (2) ADUs in the rear of existing residential building.,BP_Annual Permit Report-2025-2026-07-07.xlsx
B2023-06132,Building,cpra,New,new_unit,2,cpra_UnitsAdded,capdetail,2623 COLLEGE Ave,055-1848-023-00,2023-11-30,2025-10-14,,Issued,2026-09-21,"A detached duplex (stacked) ADU at the rear of the property, (5) bedrooms, (2) bathrooms, all electric.",BP_Annual Permit Report-2025-2026-07-07.xlsx
B2023-06416,Building,cpra,New,new_unit,144,cpra_UnitsAdded,census,3030 TELEGRAPH Ave,052-1576-027-01,2023-12-19,2024-10-15,2026-04-16,Finaled,2026-07-08,"Construction of a 5-story, mixed-use building with (144) dwelling units.",BP_Annual Permit Report-2025-2026-07-07.xlsx
B2024-00143,Building,cpra,New,new_unit,36,cpra_UnitsAdded,capdetail,2403 SAN PABLO Ave,056-1928-001-00,2024-01-10,2025-06-03,,Issued,2026-09-21,"Privately funded, 4-story, mixed use, (36) unit condominium project with garage.",BP_Annual Permit Report-2025-2026-07-07.xlsx
B2024-00257,Building,cpra,New,new_unit,2,cpra_UnitsAdded,capdetail,2323 SEVENTH St,056-1938-029-00,2024-01-18,2025-06-17,,Issued,2026-09-21,"Adding two factory-built, state-approved ADUs to the property. The ADUs will be detached from the main building but attached to each other, with floor areas of ",BP_Annual Permit Report-2025-2026-07-07.xlsx
B2024-00701,Building,cpra,New,new_unit,2,cpra_UnitsAdded,capdetail,805 JONES St,059-2326-012-00,2024-02-15,2024-09-06,,Issued,2026-09-21,New two story duplex (815 - 817 Jones St.),BP_Annual Permit Report-2025-2026-07-07.xlsx
B2024-00721,Building,cpra,New,new_unit,2,cpra_UnitsAdded,capdetail,805 JONES St,059-2326-012-00,2024-02-16,2024-09-23,,Issued,2026-09-21,"New Detached, (2) Story-Duplex, (807 - 809 Jones St)",BP_Annual Permit Report-2025-2026-07-07.xlsx
B2024-00797,Building,cpra,New,new_unit,2,cpra_UnitsAdded,capdetail,805 JONES St,059-2326-012-00,2024-02-22,2024-09-12,,Issued,2026-09-21,New two story duplex. (811 - 813 Jones St),BP_Annual Permit Report-2025-2026-07-07.xlsx
B2024-00819,Building,cpra,New,new_unit,2,cpra_UnitsAdded,census,2619 COLLEGE Ave,055-1848-024-00,2024-02-22,2024-09-13,2025-06-24,Finaled,2026-07-08,"Proposed new construction of a 1,998 square feet detached two story building which contains two 999 square feet ADUs, one unit on each floor.",BP_Annual Permit Report-2025-2026-07-07.xlsx
B2024-00824,Building,cpra,Addition/Alteration,new_unit,2,cpra_UnitsAdded,census,1300 MONTEREY Ave,060-2429-024-00,2024-02-22,2024-07-23,2025-10-21,Finaled,2026-07-08,Convert garage into 2 ADU's,BP_Annual Permit Report-2025-2026-07-07.xlsx
B2024-01117,Building,cpra,New,new_unit,2,cpra_UnitsAdded,capdetail,1173 HEARST Ave,057-2086-088-00,2024-03-12,2025-02-25,,Issued,2026-09-21,New 2-story duplex.,BP_Annual Permit Report-2025-2026-07-07.xlsx
B2024-01193,Building,cpra,New,new_unit,2,cpra_UnitsAdded,census,2620 REGENT St,055-1840-007-00,2024-03-15,2024-06-14,2025-05-30,Finaled,2026-07-08,"Two (2) new 1,000 sf detached ADU",BP_Annual Permit Report-2025-2026-07-07.xlsx
B2024-01429,Building,cpra,New,new_unit,2,cpra_UnitsAdded,capdetail,944 CHANNING Way,056-1936-005-00,2024-03-28,2025-09-24,,Issued,2026-09-21,2-story ADUs in the rear yard.,BP_Annual Permit Report-2025-2026-07-07.xlsx
B2024-01924,Building,cpra,New,new_unit,207,cpra_UnitsAdded,capdetail,1598 UNIVERSITY Ave,056-2003-001-00,2024-04-19,2024-12-16,,Issued,2026-09-21,Phase II - 207-unit mixed use building with commercial use and associated parking.,BP_Annual Permit Report-2023-2025_rerun-2026-07-07.xlsx
B2024-02212,Building,cpra,New,new_unit,2,cpra_UnitsAdded,capdetail,1732 CALIFORNIA St,058-2150-003-00,2024-05-06,2024-12-30,,Issued,2026-09-21,"New detached ADU, 989 sq ft 2 bed 2 bath",BP_Annual Permit Report-2023-2025_rerun-2026-07-07.xlsx
B2024-02377,Building,cpra,New,new_unit,2,cpra_UnitsAdded,capdetail,2211 CHANNING Way,055-1887-011-00,2024-05-14,2025-12-01,,Issued,2026-09-21,Duplex ADU at rear of lot.,BP_Annual Permit Report-2025-2026-07-07.xlsx
B2024-02435,Building,cpra,New,new_unit,2,cpra_UnitsAdded,capdetail,1650 OXFORD St,058-2179-008-00,2024-05-16,2024-11-12,,Issued,2026-09-21,Two new accessory dwelling units (detached ADUs) on an existing multi- family lot.,BP_Annual Permit Report-2023-2025_rerun-2026-07-07.xlsx
B2024-02481,Building,cpra,New,new_unit,2,cpra_UnitsAdded,census,2021 CHANNING Way,055-1895-009-00,2024-05-17,2025-04-29,2026-04-27,Finaled,2026-07-08,Duplex ADU at rear of lot.,BP_Annual Permit Report-2025-2026-07-07.xlsx
B2024-02487,Building,cpra,New,new_unit,2,cpra_UnitsAdded,capdetail,2215 CHANNING Way,055-1887-010-00,2024-05-17,2025-12-01,,Issued,2026-09-21,Duplex ADU at rear of lot.,BP_Annual Permit Report-2025-2026-07-07.xlsx
B2024-02927,Building,cpra,New,new_unit,2,cpra_UnitsAdded,capdetail,2800 M L KING JR Way,053-1677-008-00,2024-06-12,2024-10-22,,Finaled,2026-09-21,New detached duplex ADU.,BP_Annual Permit Report-2025-2026-07-07.xlsx
B2024-02966,Building,cpra,New,new_unit,110,cpra_UnitsAdded,capdetail,1701 SAN PABLO Ave,058-2129-017-00,2024-06-17,2025-05-06,,Issued,2026-09-21,"New 6-story, 110-unit, publicly funded multi-family residential development with lobby, resident amenities and 55 parking spaces. Includes partial demolish of t",BP_Annual Permit Report-2025-2026-07-07.xlsx
B2024-03463,Building,cpra,New,new_unit,2,cpra_UnitsAdded,capdetail,1729 EIGHTH St,058-2123-019-00,2024-07-15,2025-08-11,,Issued,2026-09-21,Build new duplex. (See demolition Permit #B2025-02476.) The demolition permit is required to be issued prior to this (rebuild) permit.,BP_Annual Permit Report-2025-2026-07-07.xlsx
B2024-03840,Building,cpra,New,new_unit,2,cpra_UnitsAdded,capdetail,2124 PARKER St,055-1825-024-01,2024-08-06,2025-04-09,,Issued,2026-09-21,New detached 2-story duplex ADU structure.,BP_Annual Permit Report-2025-2026-07-07.xlsx
B2024-04276,Building,cpra,New,new_unit,2,cpra_UnitsAdded,capdetail,2325 CHANNING Way,055-1884-005-00,2024-09-03,2025-06-02,,Issued,2026-09-21,Two new accessory dwelling units (detached ADUs) on an existing multi- family lot. Alterations of existing building under B2025-00391.,BP_Annual Permit Report-2025-2026-07-07.xlsx
B2024-04291,Building,cpra,New,ambiguous,2,cpra_UnitsAdded,capdetail,2620 HILLEGASS Ave,055-1841-009-00,2024-09-03,2025-08-20,,Finaled,2026-09-21,Construction of two unit accessory dwelling structure at  the rear of the lot on the existing parcel with a  existing 12 unit multi-family apartment building,BP_Annual Permit Report-2025-2026-07-07.xlsx
B2024-04593,Building,cpra,,ambiguous,8,cpra_UnitsAdded,census,2235 HEARST Ave,058-2181-017-00,2024-09-23,2024-09-27,2024-11-25,Finaled,2026-07-08,"REROOF BUR: REMOVE TAR & GRAVEL ROOFING. INSTALL 2 LAYER POLY ISO, INSTALL 1 LAYER CERTAINTEED MEMBRANE.INSTALL NEW PIPES & FLASHINGS. TILE:REMOVE TILES AND UND",BP_Annual Permit Report-2023-2025_rerun-2026-07-07.xlsx
B2024-05037,Building,cpra,,ambiguous,2,cpra_UnitsAdded,capdetail,2326 GRANT St,055-1905-011-03,2024-10-18,2024-11-06,,Issued,2026-09-21,Replace existing furnace with new unit at same location with same hookups,BP_Annual Permit Report-2023-2025_rerun-2026-07-07.xlsx
B2024-05944,Building,cpra,New,new_unit,69,cpra_UnitsAdded,capdetail,2300 ELLSWORTH St,055-1886-001-00,2024-12-17,2025-09-04,,Issued,2026-09-21,"Construct of new (7) story, (69) unit, mixed-use building, Levels 1-2 - concrete / elevated slabs, Levels 3-7 wood superstructure",BP_Annual Permit Report-2025-2026-07-07.xlsx
B2024-06003,Building,cpra,New,new_unit,2,cpra_UnitsAdded,capdetail,2708 PRINCE St,052-1563-036-00,2024-12-20,2025-07-11,,Issued,2026-09-21,Construct new Duplex (2 units). Detached ADU under B2024-06000.,BP_Annual Permit Report-2025-2026-07-07.xlsx
B2024-06011,Building,cpra,New,ambiguous,83,cpra_UnitsAdded,capdetail,2538 DURANT Ave,055-1876-021-01,2024-12-20,2025-05-09,,Issued,2026-09-21,"Temporary Power Service for construction use. 400 Amps.  Will source power to tower crane, material hoist elevator, task lighting, power tools and egress lighti",BP_Annual Permit Report-2025-2026-07-07.xlsx
B2024-06085,Building,cpra,Alteration,ambiguous,2,cpra_UnitsAdded,capdetail,2220 ROSE St,059-2257-006-00,2024-12-30,2024-12-30,,Finaled,2026-09-21,"Repair roof, and any dryrot",BP_Annual Permit Report-2023-2025_rerun-2026-07-07.xlsx
B2025-00168,Building,cpra,Addition/Alteration,new_unit,6,cpra_UnitsAdded,capdetail,2330 BLAKE St,055-1832-026-01,2025-01-14,2025-07-30,,Issued,2026-09-21,"Interior remodel of apartment building, including addition of 6 ADU's at ground level.  (Ref #B2024-04552)",BP_Annual Permit Report-2025-2026-07-07.xlsx
B2025-02283,Building,cpra,New,new_unit,2,cpra_UnitsAdded,capdetail,0 VIRGINIA St 94702,059-2287-020-00,2025-06-04,2025-10-10,,Issued,2026-09-21,Construction of a new single family house with an attached ADU,BP_Annual Permit Report-2025-2026-07-07.xlsx
B2025-03731,Building,cpra,Alteration,ambiguous,11,cpra_UnitsAdded,census,2012 CHANNING Way,055-1896-021-00,2025-09-02,2025-09-03,2025-12-04,Finaled,2026-07-08,"Install water heater stand, bond, smitty pan tnp to exit building, per housing case #H2025-00431 item #3",BP_Annual Permit Report-2025-2026-07-07.xlsx
B2024-01268,Building,cpra,New,new_unit,50,cpra_UnitsAdded,capdetail,2016 ASHBY Ave,053-1592-020-00,2024-03-20,2026-03-26,,Issued,2026-09-21,"New 7-story building consisting of 50 affordable rental apartments and related services and amenities, with supportive spaces for the adjacent church.",BP_Annual Permit Report-2025-2026-07-07.xlsx
B2024-04179,Building,cpra,New,new_unit,2,cpra_UnitsAdded,capdetail,2331 EIGHTH St,056-1937-022-00,2024-08-26,2026-01-20,,Issued,2026-09-21,New detached wood framed structure at the rear yard of the property consisting of 2 stories for 2 ADU's.,BP_Annual Permit Report-2025-2026-07-07.xlsx
B2025-00752,Building,cpra,Addition,new_unit,5,cpra_UnitsAdded,capdetail,2918 FLORENCE St,052-1572-006-00,2025-02-25,,,Corrections List Issued,2026-09-21,Remodel (4) unit apartment building. Level 1: Demolish 150 sq ft addition and replace with new 272 sq ft addition as part of a new  (2) bedroom (2) bath JADU.  ,BP_Annual Permit Report-2025-2026-07-07.xlsx
B2025-03529,Building,cpra,New,new_unit,38,cpra_UnitsAdded,capdetail,2442 HASTE St,055-1881-018-00,2025-08-20,2026-05-20,,Issued,2026-09-21,"Construction of new 8-Story, 38-Unit residential building, Levels 1-3 (IA), Levels 4-8 (IIIA), including underground, rough and finish MEP",BP_Annual Permit Report-2025-2026-07-07.xlsx
B2026-00031,Building,cpra,New,new_unit,2,cpra_UnitsAdded,capdetail,2808 NINTH St,061-2561-001-00,2026-01-06,2026-06-01,,Issued,2026-09-21,Construct new duplex.,BP_Annual Permit Report-2025-2026-07-07.xlsx
B2018-01151,Building,census,Permit,screen,4,description,capdetail,"2319 ROOSEVELT Ave, BERKELEY CA 94703",055-1905-030-00,2018-03-24,,,Issued,2026-09-21,"Install 3.0KW PV solar panels on roof (9 modules). 4 units, 2 stories.",Building_2018-03-22_2018-03-25
B2024-01060,Building,census,Building Permit,screen,6,description,capdetail,"2716 HASTE St, BERKELEY CA 94704",055-1867-017-00,2024-03-08,,,Closed Expired,2026-09-21,Two (2) ADUs behind existing 6-unit apartment building.,Building_2024-03-06_2024-03-09
B2024-01675,Building,census,Electrical Permit,screen,6,description,capdetail,"2212 ASHBY Ave, BERKELEY CA 94705",052-1583-004-00,2024-04-08,,,Finaled,2026-09-21,"Electrical Upgrade for 6 unit Bldg to 400 amps, add house meter",Building_2024-04-07_2024-04-10
B2025-00984,Building,census,Building Electrical Permit,screen,66,description,capdetail,"2138 KITTREDGE St, BERKELEY CA 94704",057-2029-015-00,2025-03-11,,,Issued,2026-09-21,"Phase I of 66 unit multifamily building - underground piping, earthwork, foundation, floor slab, elevated concrete slabs (basement - 3rd floor), MEP rough-ins.",Building_2025-03-09_2025-03-12
B2025-02762,Building,census,Building Permit,screen,6,description,capdetail,"2649 BENVENUE Ave, BERKELEY CA 94704",055-1845-019-00,2025-07-03,,,Issued,2026-09-21,"Rehab existing 3 story 6 unit building. Demo existing deck on east side of property. Replace all electrical outlets, switches and lighting. Update all the plumb",Building_2025-07-03_2025-07-06
B2025-03595,Building,census,Building Electrical Mechanical Plumbing Permit,screen,39,description,capdetail,"2449 DWIGHT Way, BERKELEY CA 94704",055-1881-004-00,2025-08-25,,,Corrections List Issued,2026-09-21,Renovations to existing 8-story mixed use building - new foundation; rebuild 24 existing mixed-use units due to fire damage; 39 new residential units; structura,Building_2025-08-24_2025-08-27
B2025-05618,Building,census,Building Permit,screen,18,description,capdetail,"2800 TELEGRAPH Ave, BERKELEY CA 94705",053-1689-001-00,2025-12-05,,,Issued,2026-09-21,"New construction of a 6-story, 18 unit multi-family building",Building_2025-12-02_2025-12-05
B2025-05534,Building,census,Building Permit,screen,60,description,capdetail,"1750 SACRAMENTO St, BERKELEY CA 94702",058-2149-019-04,2025-12-03,,,Corrections List Issued,2026-09-21,New Construction of a 6-story (5 floors 3A / 1 floor 1A) multi family with 60 residential units,Building_2025-12-02_2025-12-05
B2025-05654,Building,census,Building Electrical Mechanical Plumbing Permit,screen,49,description,capdetail,"2372 ELLSWORTH St, BERKELEY CA 94704",055-1887-003-00,2025-12-08,,,Approved w/Conditions,2026-09-21,New Construction of a 7-story (49 unit multifamily apartment).,Building_2025-12-06_2025-12-09
B2025-05635,Building,census,Building Permit,screen,56,description,capdetail,"2712 TELEGRAPH Ave, BERKELEY CA 94705",054-1714-005-01,2025-12-08,,,Under Review,2026-09-21,"Construction of new 6-story residential building with 56 residential units, a ground level lobby and (2) parking spaces",Building_2025-12-06_2025-12-09
B2025-05624,Building,census,Building Permit,screen,6,description,capdetail,"1850 BERRYMAN St, BERKELEY CA 94709",,2025-12-08,,,Corrections List Issued,2026-09-21,"New Construction of a 3 story, Type IIIA, multi-family building with 6 residential units",Building_2025-12-06_2025-12-09
B2026-01187,Building,census,Building Electrical Mechanical Plumbing Permit,screen,10,description,capdetail,"1862 ARCH St, 7, BERKELEY CA 94709",058-2182-019-01,2026-03-23,,,Issued,2026-09-21,Unit 7: Minor alterations of (1) dwelling unit on the 2nd story of an existing 10-unit multifamily building. Scope of work to include: demolition of interior pa,Building_2026-03-20_2026-03-23
B2026-01302,Building,census,Building Permit record created from ESR-2026-00983,screen,10,description,capdetail,"1130 BANCROFT Way, BERKELEY CA 94702",056-1926-028-00,2026-03-31,,,Approved w/Conditions,2026-09-21,Existing main panel 200a 240v s-ph install new main panel 200a 240v s-ph 10 meter 50a each (10 units),Building_2026-03-28_2026-03-31
B2026-01944,Building,census,Building Permit record created from ESR-2026-01470,screen,5,description,capdetail,"2217 CALIFORNIA St, BERKELEY CA 94703",056-2007-032-00,2026-05-11,,,Finaled,2026-09-21,MPU to 400A. New 5-meter pack servicing 5 units. Service entry upgrade.,Building_2026-05-11_2026-05-14
B2026-02222,Building,census,Building Permit,screen,2,description,capdetail,"2127 WOOLSEY St, BERKELEY CA 94705",052-1555-007-00,2026-05-27,,,Corrections List Issued,2026-09-21,"Remodel and Addition to (E) 2 unit building. Add new third floor, new interior stair, revised exterior stair. 965 added sf.",Building_2026-05-27_2026-05-30
B2026-02298,Building,census,Building Permit record created from ESR-2026-01211,screen,6,description,capdetail,"1899 OXFORD St, BERKELEY CA 94709",058-2181-019-05,2026-06-02,,,Under Review,2026-09-21,"Phase I - New construction of a 7-story mixed-use building with partial modular construction and ground-floor office/business space, lobby, leasing, mechanical,",Building_2026-05-31_2026-06-03
B2026-03228,Building,census,Building Permit,screen,124,description,capdetail,"1750 SACRAMENTO St, BERKELEY CA 94702",058-2149-019-04,2026-07-30,,,Corrections List Issued,2026-09-21,Construction of a new 124 Unit Mixed Use Bldg,Building_2026-07-28_2026-07-31
B2026-03339,Building,census,Building Electrical Mechanical Plumbing Permit,screen,2,description,capdetail,"2219 MCKINLEY Ave, BERKELEY CA 94703",057-2018-028-00,2026-08-07,,,Corrections List Issued,2026-09-21,Duplex - Existing 2-unit residential remodel with a rear yard addition. Relocate unit 2221 to the basement with a new designated entry door. Expand unit 2219 to,Building_2026-08-05_2026-08-08
B2026-03321,Building,census,Plumbing Permit,screen,2,description,capdetail,"1400 SIXTY-SEVENTH St, BERKELEY CA 94702",052-1540-020-01,2026-08-06,,,Issued,2026-09-21,Correct housing violation case #26-001057 item #1 - installation of water heater connected to 2 units. Water heater located in laundry room per housing report.,Building_2026-08-05_2026-08-08
B2026-03320,Building,census,Building Electrical Mechanical Plumbing Permit,screen,40,description,capdetail,"1499 ALCATRAZ Ave, BERKELEY CA 94702",052-1519-027-00,2026-08-06,,,Under Review,2026-09-21,"Renovation, including accessibility requirements, of a 40-unit publicly funded affordable senior housing. Related to P2026-00892.",Building_2026-08-05_2026-08-08
B2026-03288,Building,census,Plumbing Permit,screen,2,description,capdetail,"2418 ASHBY Ave, BERKELEY CA 94705",052-1573-077-01,2026-08-05,,,Issued,2026-09-21,Run 80ft pf 3/4 galvanized pipe under crawlspace for 2 meters supplies for 2 Units.,Building_2026-08-05_2026-08-08
B2026-03426,Building,census,Electrical Permit,screen,12,description,capdetail,"2336 BLAKE St, BERKELEY CA 94704",055-1832-007-02,2026-08-12,,,Corrections List Issued,2026-09-21,Relocate & replace existing electrical meter and gas meter. Install one additional electrical meter. Install total 14 individualized gas meter. New line for eac,Building_2026-08-09_2026-08-12
B2026-03411,Building,census,Building Electrical Mechanical Plumbing Permit,screen,28,description,capdetail,"2577 SAN PABLO Ave, BERKELEY CA 94702",054-1784-017-00,2026-08-12,,,Under Review,2026-09-21,"Renovation, including accessibility enhancements, of a 28-unit publicly funded affordable senior housing community. Related to P2026-00919.",Building_2026-08-09_2026-08-12
B2026-03396,Building,census,Building Permit,screen,12,description,capdetail,"1740 UNIVERSITY Ave, BERKELEY CA 94703",056-2011-022-00,2026-08-11,,,Under Review,2026-09-21,Conversion of an existing two story commercial building into a mixed-use building with 12 residential units and 3 retail tenant spaces.,Building_2026-08-09_2026-08-12
B2026-03505,Building,census,Electrical Permit,screen,3,description,capdetail,"2112 GRANT St, BERKELEY CA 94703",056-2012-008-00,2026-08-18,,,Issued,2026-09-21,400A Service Upgrade – 3-Unit Multi-Meter Service – Flatlands Mitigation Area,Building_2026-08-17_2026-08-20
B2026-03665,Building,census,Electrical Permit,screen,36,description,capdetail,"2601 COLLEGE Ave, BERKELEY CA 94704, SHARE",055-1848-064-00,2026-08-26,,,Corrections List Issued,2026-09-21,"Replace existing 36-unit meter bank on a like for like basis at existing location, in the garage.",Building_2026-08-25_2026-08-28
B2026-03747,Building,census,Electrical Permit,screen,38,description,capdetail,"2442 HASTE St, BERKELEY CA 94704",055-1881-018-00,2026-09-01,,,Issued,2026-09-21,"Install 200 AMP, 120 / 240 V Overhead Temporary Power Pole. (See Permit B2025-03529 for New 8 Story, 38 Unit Structure.) Subject to Field Inspection.",Building_2026-08-29_2026-09-01
B2026-03975,Building,census,Building Permit record created from ESR-2026-02890,screen,4,description,capdetail,"1122 UNIVERSITY Ave, 216, BERKELEY CA 94702",056-1979-023-01,2026-09-15,,,Under Review,2026-09-21,"Repair dryrot to the exterior wall framing and exterior/interior finishes to 4 units, 216, 316, 416, and 516, at the rear of the apartment building.",Building_2026-09-14_2026-09-17
DRCP2015-0001,Planning,census,Design Review Committee Preliminary,screen,50,description,capdetail,2121 DURANT Ave,,2015-01-22,,,Approved,2026-09-21,Proposed 50 unit apartment building,Planning_2015-01-21_2015-01-24
ZP2015-0014,Planning,census,Zoning Permit,screen,50,description,capdetail,2121 DURANT Ave,,2015-01-22,,,Approved,2026-09-21,Proposed 50 unit apartment building,Planning_2015-01-21_2015-01-24
DRCP2015-0002,Planning,census,Design Review Committee Preliminary,screen,10,description,census,2597 Telegraph,,2015-01-27,,,Withdrawn,2026-07-08,DR for 10 units bldg.,Planning_2015-01-25_2015-01-28
ZP2015-0018,Planning,census,Zoning Permit,screen,10,description,census,2597 Telegraph,,2015-01-27,,,Approved,2026-07-08,new 10-unit residential building w/density bonus,Planning_2015-01-25_2015-01-28
ZP2015-0043,Planning,census,Zoning Permit,screen,170,description,census,1500 SPA,059-2310-002-05,2015-03-05,,,Approved,2026-07-08,1500 San Pablo is a mixed-used development located along the San Pablo Avenue commercial corridor in West Berkeley. The project is bounded by San Pablo Avenue t,Planning_2015-03-02_2015-03-05
DRCP2015-0004,Planning,census,Design Review Committee Preliminary,screen,170,description,census,1500 SPA,059-2310-002-05,2015-03-02,,,Approved,2026-07-08,1500 San Pablo is a mixed-used development located along the San Pablo Avenue commercial corridor in West Berkeley. The project is bounded by San Pablo Avenue t,Planning_2015-03-02_2015-03-05
DRCF2015-0003,Planning,census,Design Review Committee Final,screen,36,description,census,1698 University,056-2004-001-00,2015-03-11,,,Approved,2026-07-08,FDR for new 36 unit residential mixed use building at corner of University Ave and McGee.,Planning_2015-03-10_2015-03-13
PLN2015-0016,Planning,census,Pre-Application,screen,10,description,capdetail,2747 SAN PABLO Ave,,2015-04-15,,,Closed,2026-09-21,Modify existing Use Permit #06-10000109 to add 10 residential units within the previously entitled building envelope.,Planning_2015-04-15_2015-04-18
ZP2015-0096,Planning,census,Zoning Permit,screen,76,description,census,2556 Telegraph,055-1837-001-00,2015-04-21,,,Approved,2026-07-08,"Demolish 14,500 sq. ft. of existing retail space and construct a 7-story mixed-use building with 76 dwelling units above 2,679 sq. ft.. of retail space and 2 li",Planning_2015-04-19_2015-04-22
ZP2015-0115,Planning,census,Zoning Permit,screen,10,description,capdetail,2747 SAN PABLO Ave,,2015-05-15,,,Withdrawn,2026-09-21,Use Permit Mod @ 2747 San Pablo to add 10 unit to an previously entitled mixed use project; no exterior changes,Planning_2015-05-13_2015-05-16
ZP2015-0125,Planning,census,Zoning Permit,screen,58,description,census,800 UNIVERSITY,056-1961-017-00,2015-05-28,,,Closed,2026-07-08,"Use Permit Modification to substitute 10% of the required automobile parking spaces with bicycle/motorcycle parking, in an approved Mixed Use Project, under con",Planning_2015-05-25_2015-05-28
ZP2015-0135,Planning,census,Zoning Permit,screen,6,description,census,2002 Addison Street,,2015-06-10,,,Approved,2026-07-08,Convert entire second floor officespace to 6 dwelling units,Planning_2015-06-10_2015-06-13
ZP2015-0141,Planning,census,Zoning Permit,screen,4,description,census,1030 Grayson,,2015-06-19,,,Approved,2026-07-08,Demolish existing SFR+accessory building and construct 4 dwelling units,Planning_2015-06-18_2015-06-21
ZP2015-0146,Planning,census,Zoning Permit,screen,2,description,census,1915 Virginia Street,058-2171-019-00,2015-06-29,,,Approved,2026-07-08,AUP for restoration of a single family home (2 units to one).,Planning_2015-06-26_2015-06-29
ZP2015-0168,Planning,census,Zoning Permit,screen,5,description,census,1940 Haste,055-1898-029-00,2015-07-08,,,Withdrawn,2026-07-08,Phase 1: relocate existing 5 unit building from 2121 Durant to 1940 Haste Street,Planning_2015-07-08_2015-07-11
DRCP2015-0017,Planning,census,Design Review Committee Preliminary,screen,152,description,capdetail,2001 FOURTH St,,2015-07-14,,,Approved,2026-09-21,"To demolish an existing 40,000 sq. ft. grocery store/office building and construct a 174,612 sq. ft., 5-story, 58-foot tall, mixed-use project with 152 Resident",Planning_2015-07-12_2015-07-15
ZP2015-0157,Planning,census,Zoning Permit,screen,152,description,capdetail,2001 FOURTH St,,2015-07-14,,,Closed,2026-09-21,"To demolish an existing 40,000 sq. ft. grocery store/office building and construct a 174,612 sq. ft., 5-story, 58-foot tall, mixed-use project with 152 Resident",Planning_2015-07-12_2015-07-15
ZP2015-0177,Planning,census,Zoning Permit,screen,50,description,census,1946 Russell,053-1598-005-01,2015-08-17,,,Approved,2026-07-08,"Mixed Use Project involving the demolition of an existing house at 1946 Russell Street and an existing building at 2908 Adeline Street, and construction of a ne",Planning_2015-08-17_2015-08-20
DRCP2015-0019,Planning,census,Design Review Committee Preliminary,screen,50,description,census,2902 Adeline,053-1598-006-00,2015-08-21,,,Approved,2026-07-08,"Mixed Use Project involving the demolition of an existing house at 1946 Russell Street and an existing building at 2908 Adeline Street, and construction of a ne",Planning_2015-08-21_2015-08-24
ZP2015-0184,Planning,census,Zoning Permit,screen,2,description,census,3359 M L King Jr,052-1433-012-00,2015-08-25,,,Approved,2026-07-08,Converting commercial building into 2 residential dwelling units with three parking space waiver for one dwelling unit.,Planning_2015-08-25_2015-08-28
ZP2015-0204,Planning,census,Zoning Permit,screen,4,description,capdetail,2817 EIGHTH St,,2015-09-24,,,Approved,2026-09-21,"To introduce architectural projections, reduce (front) façade plane changes, and change the roof form and exterior materials on a previously-approved UP to demo",Planning_2015-09-22_2015-09-25
DRSL2015-0027,Planning,census,Design Review Staff Level,screen,4,description,census,1030 Grayson,,2015-10-15,,,Approved,2026-07-08,Demolish existing SFR+accessory building and construct 4 dwelling units,Planning_2015-10-12_2015-10-15
PLN2015-0054,Planning,census,Pre-Application,screen,55,description,capdetail,2527 SAN PABLO Ave,,2015-11-30,,,Closed,2026-09-21,"mixed use, 55-unit, approx. 3500 sqft. commercial with 28 parking. Application to look at density bonus",Planning_2015-11-29_2015-12-02
ZP2016-0028,Planning,census,Zoning Permit,screen,18,description,census,1173 Hearst,057-2086-013-00,2016-02-02,,,Approved,2026-07-08,"Residential development of 18 units (including BMR units), including community garden, play area, and vehicle and bicycle parking (1155-1173 Hearst Ave). Densit",Planning_2016-02-01_2016-02-04
PLN2016-0007,Planning,census,Pre-Application,screen,15,description,census,2737 Durant Avenue,055-1870-003-00,2016-03-30,,,Closed,2026-07-08,Staff Level Design Review for a 15 unit apartment building,Planning_2016-03-28_2016-03-31
ZP2016-0072,Planning,census,Zoning Permit,screen,4,description,capdetail,2701 PRINCE St,,2016-04-13,,,Approved,2026-09-21,"Interior remodel of existing 4 unit apartment building to convert two, one bedroom units to two, two bedroom units, resulting in an increase from 6 bedrooms to ",Planning_2016-04-13_2016-04-16
DRCP2016-0007,Planning,census,Design Review Committee Preliminary,screen,28,description,census,1717 University,057-2061-010-00,2016-05-12,,,Approved,2026-07-08,"New 5-story, 28-unit mixed use building at 1717 University with ground floor food service",Planning_2016-05-11_2016-05-14
ZP2016-0101,Planning,census,Zoning Permit,screen,28,description,census,1717 University,057-2061-010-00,2016-05-12,,,Approved,2026-07-08,"New 5-story, 28-unit mixed use building with a food service at ground floor. Two Density Bonus waivers.",Planning_2016-05-11_2016-05-14
ZP2016-0129,Planning,census,Zoning Permit,screen,2,description,capdetail,2212 TENTH St,,2016-06-28,,,Approved,2026-09-21,Demolish existing single family home and construct 2 dwelling units on the property.,Planning_2016-06-28_2016-07-01
DRCF2016-0006,Planning,census,Design Review Committee Final,screen,71,description,capdetail,2631 DURANT Ave,,2016-08-29,,,Approved,2026-09-21,"Design Review Preview of a project to demolish an existing 18 unit, 2-story, apartment building and construct a new 71 unit, 6-story apartment building.",Planning_2016-08-27_2016-08-30
ZP2016-0172,Planning,census,Zoning Permit,screen,32,description,capdetail,2542 DURANT Ave,,2016-09-16,,,Approved,2026-09-21,"New 5-story, 32-unit mixed-use building on an existing surface parking lot with a proposed building height of 68 ft-6 in in the C-T",Planning_2016-09-16_2016-09-19
ZP2016-0194,Planning,census,Zoning Permit,screen,2,description,capdetail,2210 M L KING JR Way,,2016-10-11,,,Approved,2026-09-21,Variance application including: exceeding residential density and not providing 3 off-street parking spaces. Use Permit with public hearing to establish 2 dwell,Planning_2016-10-10_2016-10-13
ZP2016-0207,Planning,census,Zoning Permit,screen,63,description,capdetail,2527 SAN PABLO Ave,,2016-10-21,,,Approved,2026-09-21,"Demo an existing non-residential building (one-story, auto use) and construct a New 6-story mixed use project with 63 apartments and ground floor retail.",Planning_2016-10-18_2016-10-21
ZP2016-0216,Planning,census,Zoning Permit,screen,44,description,census,1486 University,056-1996-026-01,2016-10-28,,,Withdrawn,2026-07-08,"Demo existing mixed-use building and construct new 4-story, 44-unit mixed-use building including Density Bonus considerations, spanning two parcels. Existing Bl",Planning_2016-10-26_2016-10-29
DRCP2016-0015,Planning,census,Design Review Committee Preliminary,screen,44,description,census,1486 University,056-1996-026-01,2016-10-28,,,Withdrawn,2026-07-08,"Four-story, 44-unit mixed use building NOTE: Landscape plans are pending",Planning_2016-10-26_2016-10-29
ZP2016-0214,Planning,census,Zoning Permit,screen,4,description,capdetail,3014 COLLEGE Ave,,2016-10-27,,,Approved,2026-09-21,Remodel and add 1611 sq ft to (e) 4 unit building by raising building and converting attic space,Planning_2016-10-26_2016-10-29
DRCP2016-0020,Planning,census,Design Review Committee Preliminary,screen,32,description,census,2542 Durant,,2016-12-22,,,Approved,2026-07-08,"Construction of a 5-story mixed-use building with 32 dwelling units and 1,500 sq. ft. of retail/general commercial spae",Planning_2016-12-21_2016-12-24
ZP2017-0003,Planning,census,Zoning Permit,screen,36,description,census,2510 Channing,,2017-01-06,,,Approved,2026-07-08,"construction of a seven story building, ground level commercial with 36 units above.",Planning_2017-01-06_2017-01-09
DRCP2017-0002,Planning,census,Design Review Committee Preliminary,screen,36,description,census,2510 Channing,055-1875-008-00,2017-01-18,,,Approved,2026-07-08,"Construction of a seven story building, ground level commercial with 36 units above.",Planning_2017-01-18_2017-01-21
ZP2017-0015,Planning,census,Zoning Permit,screen,22,description,capdetail,2236 CHANNING Way,,2017-02-03,,,Approved,2026-09-21,"Convert approx. 2,910 SF of office space to three dwelling units for a total of 22 dwelling units in a mixed use building in R-3",Planning_2017-02-03_2017-02-06
DRCP2017-0004,Planning,census,Design Review Committee Preliminary,screen,40,description,capdetail,1110 UNIVERSITY Ave,,2017-03-03,,,Approved,2026-09-21,"5 story mixed use building with 40 dwelling units, retail space and roof garden",Planning_2017-03-03_2017-03-06
ZP2017-0035,Planning,census,Zoning Permit,screen,40,description,capdetail,1110 UNIVERSITY Ave,,2017-03-03,,,Withdrawn,2026-09-21,5 story mixed use project with 40 residential dwelling units,Planning_2017-03-03_2017-03-06
DRCF2017-0003,Planning,census,Design Review Committee Final,screen,170,description,capdetail,1500 SAN PABLO Ave * View Additional Locations>>1) 1500 SAN PABLO Ave,,2017-03-30,,,Approved,2026-09-21,"1500 San Pablo is a proposed mixed-use along the San Pablo corridor with approximately 170 residential units with 10,870 SF of commercial space.",Planning_2017-03-27_2017-03-30
ZP2017-0070,Planning,census,Zoning Permit,screen,2,description,census,1220 Carleton Street,054-1787-022-00,2017-05-05,,,Approved,2026-07-08,"Convert 2-unit property to SFR, addition over 14', legalize hot tub.",Planning_2017-05-02_2017-05-05
DRCP2017-0009,Planning,census,Design Review Committee Preliminary,screen,42,description,census,3031 adeline,053-1595-009-03,2017-05-24,,,Approved,2026-07-08,"Pre-application review for 42 unit, 39 parking space, mixed use bldg with ground floor commercial.",Planning_2017-05-22_2017-05-25
ZP2017-0083,Planning,census,Zoning Permit,screen,122,description,capdetail,2580 BANCROFT Way,,2017-05-26,,,Approved,2026-09-21,to construct a new 8-story mixed use building with ground level retail and 122 dwelling units,Planning_2017-05-26_2017-05-29
DRCP2017-0012,Planning,census,Design Review Committee Preliminary,screen,37,description,capdetail,2028 BANCROFT Way,,2017-06-30,,,Approved,2026-09-21,Construction of new 6-story 37 unit apartment building,Planning_2017-06-27_2017-06-30
DRCP2017-0011,Planning,census,Design Review Committee Preliminary,screen,2,description,capdetail,2025 DURANT Ave,,2017-06-30,,,Approved,2026-09-21,Remodel covered parking area into 2 new units,Planning_2017-06-27_2017-06-30
ZP2017-0103,Planning,census,Zoning Permit,screen,37,description,capdetail,2028 BANCROFT Way,,2017-06-30,,,Approved,2026-09-21,Construction of new 6-story 37 unit apartment building,Planning_2017-06-27_2017-06-30
ZP2017-0102,Planning,census,Zoning Permit,screen,2,description,capdetail,2025 DURANT Ave,,2017-06-30,,,Approved,2026-09-21,Remodel covered parking area into 2 new units,Planning_2017-06-27_2017-06-30
DRCF2017-0007,Planning,census,Design Review Committee Final,screen,50,description,capdetail,2121 DURANT Ave,,2017-07-20,,,Approved,2026-09-21,Proposed 50 unit apartment building,Planning_2017-07-17_2017-07-20
ZP2017-0133,Planning,census,Zoning Permit,screen,7,description,capdetail,2215 CEDAR St,,2017-08-08,,,Approved,2026-09-21,"to construct 420 sq. ft. of new deck over 14 ft. in average height on the second floor of an existing three story 7-unit apartment building, to legalize an unpe",Planning_2017-08-06_2017-08-09
PLN2017-0057,Planning,census,Pre-Application,screen,92,description,capdetail,1951 Shattuck,057-2046-001-00,2017-10-20,,,Pending,2026-09-21,Applicant is requesting preliminary staff feedback on a new multifamily project at 1951 Shattuck Avenue. 1951 Shattuck Avenue was the subject of a prior submitt,Planning_2017-10-17_2017-10-20
ZP2017-0179,Planning,census,Zoning Permit,screen,4,description,capdetail,1711 M L KING JR Way,,2017-11-17,,,Approved,2026-09-21,"Legalize 4 dwelling units, exceed density on the site, to have substandard usable open space, and to have substandard parking for the site.",Planning_2017-11-14_2017-11-17
ZP2018-0014,Planning,census,Zoning Permit,screen,5,description,census,1720 Delaware Street,057-2065-024-00,2018-01-19,,,Approved,2026-07-08,Legalize conversion of attic to habitable space in 5-unit building bringing the bedroom count to 6.,Planning_2018-01-17_2018-01-20
ZP2018-0035,Planning,census,Zoning Permit,screen,37,description,capdetail,1601 OXFORD St,,2018-02-16,,,Approved,2026-09-21,"Construction of 4 story, 37 unit senior affordable housing project",Planning_2018-02-14_2018-02-17
ZP2018-0034,Planning,census,Zoning Permit,screen,4,description,capdetail,2714 ALCATRAZ Ave,,2018-02-16,,,Approved,2026-09-21,"Use Permit application to enlarge an existing 4-unit, 2-story dwelling unit by adding a ninth and tenth at the rear of the building and extending the nonconform",Planning_2018-02-14_2018-02-17
ZP2018-0052,Planning,census,Zoning Permit,screen,260,description,census,1900 Fourth Street,057-2101-001-03,2018-03-08,,,Closed,2026-07-08,"Mixed use development with 260 dwelling units over approximately 27,500 of retail, including restaurant and café space. Proposed project includes 290 vehicle pa",Planning_2018-03-06_2018-03-09
ZP2018-0050,Planning,census,Zoning Permit,screen,78,description,census,2628 Shattuck Avenue,055-1819-001-02,2018-03-06,,,Approved,2026-07-08,"To demolish a partial two-story care facility building in the C-SA zoning district, and to construct a six-story mixed-use building with ground floor parking an",Planning_2018-03-06_2018-03-09
ZP2018-0061,Planning,census,Zoning Permit,screen,40,description,census,2510 Channing,055-1875-008-00,2018-03-19,,,Approved,2026-07-08,MODUP to modify project to DB for a total of 40 units and 8 stories,Planning_2018-03-18_2018-03-21
ZP2018-0075,Planning,census,Zoning Permit,screen,2,description,census,1636 Hearst,057-2069-024-00,2018-04-17,,,Approved,2026-07-08,New 240SF one-story accessory building in the rear of a 2-unit condominium.,Planning_2018-04-15_2018-04-18
ZP2018-0085,Planning,census,Zoning Permit,screen,3,description,census,1825 Berkeley Way,057-2063-011-00,2018-05-03,,,Approved,2026-07-08,Create 3 units on a lot with an existing single family residence; 8 bedrooms; reduced rear yard.,Planning_2018-05-01_2018-05-04
ZP2018-0113,Planning,census,Zoning Permit,screen,2,description,capdetail,2435 VIRGINIA St,,2018-05-31,,,Approved,2026-09-21,3 story addition to main building with 2 new units,Planning_2018-05-29_2018-06-01
ZP2018-0112,Planning,census,Zoning Permit,screen,56,description,capdetail,2198 SAN PABLO Ave,,2018-05-31,,,Approved,2026-09-21,"Demolish existing 1-story commercial building and construct 6-story, 56-unit mixed-use building with reduced parking",Planning_2018-05-29_2018-06-01
ZP2018-0127,Planning,census,Zoning Permit,screen,3,description,capdetail,1629 STUART St A,,2018-06-20,,,Approved,2026-09-21,Second story addition of 595 SF to existing house on lot that has non-conforming side setback and is over density standard (3 units where 2 allowed).,Planning_2018-06-18_2018-06-21
ZP2018-0137,Planning,census,Zoning Permit,screen,156,description,census,1951 Shattuck,057-2046-001-00,2018-06-29,,,Approved,2026-07-08,Mixed use project consisting of 12-story residential building with 156 rental units and ground floor retail.,Planning_2018-06-26_2018-06-29
ZP2018-0136,Planning,census,Zoning Permit,screen,27,description,capdetail,1201 SAN PABLO Ave,,2018-06-28,,,Withdrawn,2026-09-21,"Use Permit Modification to an approved 5-story, 27-unit mixed-use project. Proposed modifications include additional gross floor area, relocation of parking fro",Planning_2018-06-26_2018-06-29
DRCP2018-0005,Planning,census,Design Review Committee Preliminary,screen,156,description,census,1951 Shattuck,057-2046-001-00,2018-07-06,,,Approved,2026-07-08,Mixed use project consisting of 12-story residential building with 156 rental units and ground floor retail.,Planning_2018-07-04_2018-07-07
ZP2018-0144,Planning,census,Zoning Permit,screen,17,description,capdetail,2425 PROSPECT St,,2018-07-06,,,Withdrawn,2026-09-21,"Application to convert an existing 3-story, 18,028 square-foot GLA to 17 dwelling units, to allow fewer parking spaces than required, and to construct a 2,016 s",Planning_2018-07-04_2018-07-07
PLN2018-0029,Planning,census,Pre-Application,screen,4,description,capdetail,2795 SAN PABLO Ave,,2018-07-27,,,Pending,2026-09-21,"Pre-application for demo of SFR and construction of 3-story, 4-unit dwelling.",Planning_2018-07-24_2018-07-27
PLN2018-0048,Planning,census,Pre-Application,screen,142,description,capdetail,2012 BERKELEY Way,,2018-10-26,,,Pending,2026-09-21,"SB 35 application to demolish existing City parking lot with 112 spaces and construct 6-story, 65' tall, mixed-use building with 142 units, transitional dorms (",Planning_2018-10-24_2018-10-27
PLN2018-0050,Planning,census,Pre-Application,screen,95,description,capdetail,3031 Telegraph Avenue,052-1574-104-00,2018-11-01,,,Pending,2026-09-21,"Demolish existing 22,066 SF medical office and construct a 5-story mixed use building including 95 dwelling units, 6388 SF ground level commercial space and one",Planning_2018-11-01_2018-11-04
DRCP2018-0009,Planning,census,Design Review Committee Preliminary,screen,95,description,census,1835 San Pablo Avenue,057-2086-025-01,2018-11-19,,,Approved,2026-07-08,"Removal of existing 1-story commercial structure and construction of new 6-story mixed use building with 95 dwelling units, ground-level lobbies, parking and 4 ",Planning_2018-11-17_2018-11-20
ZP2018-0220,Planning,census,Zoning Permit,screen,95,description,census,1835 San Pablo Avenue,057-2086-025-01,2018-11-19,,,Approved,2026-07-08,"Demolition of existing 1-story commercial structure and construction of new 6-story mixed use building with 95 dwelling units, ground-level lobbies, parking and",Planning_2018-11-17_2018-11-20
DRCF2018-0007,Planning,census,Design Review Committee Final,screen,96,description,census,2100 San Pablo Avenue,056-1977-006-05,2018-11-26,,,Approved,2026-07-08,Design Review for modifications to a previously approved Use Permit (ZP2016-0034) for a 4-story mixed-use development containing 96-unit residential care facili,Planning_2018-11-25_2018-11-28
DRCP2018-0010,Planning,census,Design Review Committee Preliminary,screen,96,description,census,2100 San Pablo Avenue,056-1977-006-05,2018-11-26,,,Void,2026-07-08,Design Review for a Use Permit Modification to a previously approved Use Permit (ZP2016-0034) for a 4-story mixed-use development containing 96-unit residential,Planning_2018-11-25_2018-11-28
ZP2018-0222,Planning,census,Zoning Permit,screen,96,description,census,2100 San Pablo Avenue,056-1977-006-05,2018-11-26,,,Approved,2026-07-08,Use Permit Modification to a previously approved Use Permit (ZP2016-0034) for a 4-story mixed-use development containing 96-unit residential care facility for e,Planning_2018-11-25_2018-11-28
DRCP2018-0011,Planning,census,Design Review Committee Preliminary,screen,28,description,census,1717 University,057-2061-010-00,2018-12-05,,,Approved,2026-07-08,"Modification to Design Review for a new 5-story, 28-unit mixed use building at 1717 University with ground floor food service",Planning_2018-12-03_2018-12-06
ZP2018-0237,Planning,census,Zoning Permit,screen,2,description,capdetail,2128 WARD St,,2018-12-18,,,Approved,2026-09-21,Construct 2 new dwelling units (duplex) on site with existing duplex.,Planning_2018-12-15_2018-12-18
ZP2018-0239,Planning,census,Zoning Permit,screen,155,description,capdetail,2015 BLAKE St,,2018-12-20,,,Withdrawn,2026-09-21,New multi-family residential building with 155 dwelling units and underground parking. Density Bonus project,Planning_2018-12-19_2018-12-22
DRCP2019-0001,Planning,census,Design Review Committee Preliminary,screen,165,description,capdetail,2176 KITTREDGE St,,2019-02-07,,,Approved,2026-09-21,"Design review of new 75 ft. tall mixed-use building with 165 dwelling units and approximately 20,000 sq. ft. of ground floor commercial space",Planning_2019-02-05_2019-02-08
ZP2019-0027,Planning,census,Zoning Permit,screen,165,description,capdetail,2176 KITTREDGE St,,2019-02-07,,,Approved,2026-09-21,"To demolish an existing 8,575 sq. ft. non-residential building and structure (Touchless carwash) and merge two parcels, 2176 Kittredge and 2150 Kittredge, to co",Planning_2019-02-05_2019-02-08
DRCF2021-0003,Planning,census,Design Review Committee Final,screen,48,description,census,2023 Shattuck,057-2034-008-00,2019-03-05,,,Approved,2026-07-08,"Final Design Review for a new 7-story 73 ft.-5 in. tall mixed-use building with 48 dwelling units, and a 1,250 sq. ft. ground-floor commercial space and no park",Planning_2019-03-05_2019-03-08
DRCP2019-0002,Planning,census,Design Review Committee Preliminary,screen,48,description,capdetail,2023 SHATTUCK Ave,,2019-03-05,,,Approved,2026-09-21,"Demolish the remaining burned out structure to construct a new 7-story 73 ft.-5 in. tall mixed-use building with 48 dwelling units, and a 1,250 sq. ft. ground-f",Planning_2019-03-05_2019-03-08
ZP2019-0041,Planning,census,Zoning Permit,screen,48,description,capdetail,2023 SHATTUCK Ave,,2019-03-05,,,Approved,2026-09-21,"Demolish the remaining burned out structure, to construct a new 7-story 73 ft. 5 in. tall mixed-use building with 48 dwelling units, and a 1,250 sq. ft. ground-",Planning_2019-03-05_2019-03-08
ZP2019-0048,Planning,census,Zoning Permit,screen,4,description,capdetail,2795 SAN PABLO Ave,,2019-03-15,,,Approved,2026-09-21,"demolish single-family; build 3-story, 4-unit building with 4 parking spaces",Planning_2019-03-13_2019-03-16
DRCP2019-0004,Planning,census,Design Review Committee Preliminary,screen,45,description,capdetail,2650 TELEGRAPH Ave,,2019-04-18,,,Approved,2026-09-21,"5 story mixed use Density Bonus project, 45 dwelling units with ground floor lobbies and commercial space",Planning_2019-04-18_2019-04-21
ZP2019-0070,Planning,census,Zoning Permit,screen,45,description,capdetail,2650 TELEGRAPH Ave,,2019-04-18,,,Approved,2026-09-21,"5 story mixed use Density Bonus project, 45 dwelling units with ground floor lobbies and commercial space",Planning_2019-04-18_2019-04-21
DRCP2019-0005,Planning,census,Design Review Committee Preliminary,screen,126,description,census,2000 Dwight Way,,2019-04-24,,,Void,2026-07-08,Demolition of 6 non-residential buildings and the construction of a 6 story residential building with 126 dwelling units for senior housing.,Planning_2019-04-22_2019-04-25
ZP2019-0074,Planning,census,Zoning Permit,screen,126,description,census,2000 Dwight Street,,2019-04-24,,,Approved,2026-07-08,Demolition of 6 non-residential buildings and the construction of a six-story residential building with 126 dwelling units for senior housing.,Planning_2019-04-22_2019-04-25
PLN2019-0021,Planning,census,Pre-Application,screen,40,description,census,1367 University,057-2073-005-00,2019-04-29,,,Closed,2026-07-08,Pre-application meeting fir 40 units of supportive housing.,Planning_2019-04-26_2019-04-29
PLN2019-0020,Planning,census,Pre-Application,screen,11,description,capdetail,1650 SHATTUCK Ave,,2019-04-26,,,Closed,2026-09-21,Pre-app for 11 dwelling units,Planning_2019-04-26_2019-04-29
ZP2019-0081,Planning,census,Zoning Permit,screen,72,description,census,2099 MLK,057-2024-013-00,2019-05-02,,,Approved,2026-07-08,"To demo one-story commercial building in C-D/MU Buffer, and to construct a new, 7-story, mixed-use building with a total of 72 dwelling units and a total of 12 ",Planning_2019-04-30_2019-05-03
ZP2019-0084,Planning,census,Zoning Permit,screen,7,description,census,1632 Prince,052-1545-031-00,2019-05-07,,,Withdrawn,2026-07-08,"Variance to add one unit on a lot that is non-conforming for density. 3 units allowed, legal non-conforming for 6 units, propose 1 more unit for 7 units total.",Planning_2019-05-04_2019-05-07
ZP2019-0089,Planning,census,Zoning Permit,screen,6,description,capdetail,2371 SAN PABLO Ave,,2019-05-15,,,Closed,2026-09-21,"to alter a an existing one-story, 2,105 sq. ft. 17'-5"" tall mixed-use building with 2 commercial retail tenant spaces and 2 dwelling units by adding two stories",Planning_2019-05-12_2019-05-15
ZP2019-0093,Planning,census,Zoning Permit,screen,5,description,census,3020 College Avenue,052-1562-010-00,2019-05-21,,,Approved,2026-07-08,Existing 5-unit residential building. Eliminate one unit on a parcel over density and combine it with another unit for a total of 4 units on the parcel. Constru,Planning_2019-05-20_2019-05-23
ZP2019-0100,Planning,census,Zoning Permit,screen,87,description,capdetail,2590 BANCROFT Way,,2019-05-31,,,Approved,2026-09-21,demo of existing 2-story commercial building and construction of 87 dwelling unit-Density Bonus project with ground floor commercial space.,Planning_2019-05-28_2019-05-31
DRCF2019-0005,Planning,census,Design Review Committee Final,screen,32,description,census,2542 Durant,055-1876-021-01,2019-09-06,,,Approved,2026-07-08,"Construction of a 5-story mixed-use building with 32 dwelling units and 1,500 sq. ft. of retail/general commercial spae",Planning_2019-09-05_2019-09-08
ZP2019-0155,Planning,census,Zoning Permit,screen,78,description,census,3000 San Pablo,053-1633-001-01,2019-09-27,,,Approved,2026-07-08,"Demolish the existing commercial building at 3000 San Pablo Avenue, and demolish part of the building at 1042 Ashby that encroaches onto 3000 San Pablo Avenue, ",Planning_2019-09-25_2019-09-28
DRCP2019-0014,Planning,census,Design Review Committee Preliminary,screen,40,description,census,1367 University,,2019-10-18,,,Approved,2026-07-08,"New 4-story, 40 unit residential building utilizing Density Bonus",Planning_2019-10-15_2019-10-18
ZP2019-0173,Planning,census,Zoning Permit,screen,40,description,census,1367 University,,2019-10-18,,,Approved,2026-07-08,"New 4-story, 40 unit residential building utilizing Density Bonus",Planning_2019-10-15_2019-10-18
ZP2019-0172,Planning,census,Zoning Permit,screen,3,description,census,1920 Vine Street,059-2268-005-00,2019-10-18,,,Approved,2026-07-08,"Addition of 228 sq. ft. living space to the upper unit resulting the average height of over 28 ft. on a lot containing 3 dwelling units, that is over lot covera",Planning_2019-10-15_2019-10-18
DRCP2019-0015,Planning,census,Design Review Committee Preliminary,screen,123,description,capdetail,2136 SAN PABLO Ave,,2019-10-29,,,Withdrawn,2026-09-21,"To demolish an existing two-story 8,046 sq. ft. commercial building, and construct a new six-story mixed-use building with 123 dwelling units and three ground f",Planning_2019-10-27_2019-10-30
ZP2019-0179,Planning,census,Zoning Permit,screen,123,description,capdetail,2136 SAN PABLO Ave,,2019-10-29,,,Withdrawn,2026-09-21,"To demolish an existing two-story 8,046 sq. ft. commercial building and construct a new six-story mixed use building with 123 dwelling units, and three ground f",Planning_2019-10-27_2019-10-30
DRCP2019-0016,Planning,census,Design Review Committee Preliminary,screen,104,description,capdetail,1200 SAN PABLO Ave,,2019-12-02,,,Approved,2026-09-21,"Demo 3 existing commercial building, and construct a new, 99,000 SF, 6-story, mixed-use building with 104 units, 3000 SF ground floor retail. Density bonus requ",Planning_2019-12-02_2019-12-05
ZP2019-0192,Planning,census,Zoning Permit,screen,104,description,capdetail,1200 SAN PABLO Ave,,2019-12-02,,,Approved,2026-09-21,"Demo 3 existing commercial building, and construct a new, 99,000 SF, 6-story, mixed-use building with 104 units, 3000 SF ground floor retail. Density bonus requ",Planning_2019-12-02_2019-12-05
ZP2019-0195,Planning,census,Zoning Permit,screen,2,description,capdetail,2003 PRINCE St,,2019-12-06,,,Withdrawn,2026-09-21,"Use Permit to create addition on lot with non-conforming residential density (not sufficient lot area for 2 units - 2950 sq. ft. needed, but only 2890 sq. ft. e",Planning_2019-12-06_2019-12-09
ZP2019-0217,Planning,census,Zoning Permit,screen,17,description,capdetail,2317 CHANNING Way,,2019-12-20,,,Withdrawn,2026-09-21,"To demolish an existing 2,215 sq. ft. commercial building on a 6,500 sq. ft. residential parcel, and construct a new 4-story residential apartment building with",Planning_2019-12-18_2019-12-21
ZP2019-0213,Planning,census,Zoning Permit,screen,10,description,capdetail,1862 ARCH St,,2019-12-20,,,Approved,2026-09-21,"to add 15 bedrooms to an existing 10-unit, 10-bedroom multi-family residential building, for a total of 25 bedrooms on the parcel.",Planning_2019-12-18_2019-12-21
ZP2019-0212,Planning,census,Zoning Permit,screen,10,description,capdetail,1850 ARCH St,,2019-12-20,,,Approved,2026-09-21,"to add 18 bedrooms to an existing 10-unit, 12-bedroom multi-family residential building, for a total of 30 bedrooms on the parcel.",Planning_2019-12-18_2019-12-21
PLN2020-0001,Planning,census,Pre-Application,screen,27,description,capdetail,1650 ALCATRAZ Ave,,2020-01-03,,,Closed,2026-09-21,"demolish existing commercial building and construct a new 4-story market-rate, mixed-use building with 27 residential units over commercial and parking. Request",Planning_2020-01-03_2020-01-06
DRSL2020-0001,Planning,census,Design Review Staff Level,screen,2,description,census,2327 Fifth Street,056-1942-022-00,2020-01-23,,,Approved,2026-07-08,"Construct a new 1,680 square foot live/work building at the rear of a lot with an existing 2-story, 2-unit live/work building.",Planning_2020-01-23_2020-01-26
ZP2020-0009,Planning,census,Zoning Permit,screen,2,description,census,2327 Fifth Street,056-1942-022-00,2020-01-23,,,Approved,2026-07-08,"Construct a new 1,680 square foot live/work building at the rear of a lot with an existing 2-story, 2-unit live/work building.",Planning_2020-01-23_2020-01-26
ZP2020-0016,Planning,census,Zoning Permit,screen,4,description,capdetail,2737 DURANT Ave,,2020-02-05,,,Approved,2026-09-21,New 3 story residential building with 4 new units.,Planning_2020-02-04_2020-02-07
DRCF2020-0002,Planning,census,Design Review Committee Final,screen,37,description,capdetail,2028 BANCROFT Way,,2020-03-05,,,Approved,2026-09-21,Construction of new 6-story 37 unit apartment building,Planning_2020-03-03_2020-03-06
DRSL2020-0007,Planning,census,Design Review Staff Level,screen,4,description,capdetail,2421 FIFTH St,,2020-05-13,,,Approved,2026-09-21,Demo existing SFR and construct new 4-unit residential building in MU-R.,Planning_2020-05-10_2020-05-13
ZP2020-0043,Planning,census,Zoning Permit,screen,4,description,capdetail,2421 FIFTH St,,2020-05-13,,,Approved,2026-09-21,Demo existing SFR and construct new 4-unit residential building in MU-R.,Planning_2020-05-10_2020-05-13
DRCP2020-0003,Planning,census,Design Review Committee Preliminary,screen,3,description,capdetail,1652 UNIVERSITY Ave,,2020-05-11,,,Withdrawn,2026-09-21,"Construction of a 3-story, 4,196 square-foot building with 3 dwelling units and 5 commercial parking spaces",Planning_2020-05-10_2020-05-13
ZP2020-0041,Planning,census,Zoning Permit,screen,3,description,capdetail,1652 UNIVERSITY Ave,,2020-05-11,,,Withdrawn,2026-09-21,"construct a new 3-story, 4,196 square-foot building containing 3 dwelling units and 5 commercial parking spaces located on the ground floor to serve the existin",Planning_2020-05-10_2020-05-13
ZP2020-0052,Planning,census,Zoning Permit,screen,20,description,capdetail,2328 CHANNING Way,,2020-06-05,,,Approved,2026-09-21,"Restoration and relocation of (e) potentially historic SFR; construction of new, detached 20-unit, 5-story housing development with Density Bonus to permit a 5t",Planning_2020-06-03_2020-06-06
PLN2020-0025,Planning,census,Pre-Application,screen,110,description,capdetail,3031 TELEGRAPH Ave COM,,2020-06-18,,,Pending,2026-09-21,"Demolish one existing commercial building and construct a 6-story, 69'-tall, 110-unit mixed-use residential building with 5,400 sf ground floor commercial space",Planning_2020-06-15_2020-06-18
PLN2020-0023,Planning,census,Pre-Application,screen,168,description,capdetail,2015 BLAKE St,,2020-06-17,,,Closed,2026-09-21,Demolish 3 existing commercial buildings and 1 duplex; restore and relocate 2 residential buildings on the site (includes 7 rent-controlled units); merge and re,Planning_2020-06-15_2020-06-18
ZP2020-0069,Planning,census,Zoning Permit,screen,110,description,capdetail,3031 TELEGRAPH Ave COM,,2020-07-06,,,Approved,2026-09-21,"Demolish an existing commercial building and construct a six-story, 98,338 square-foot mixed-use building with 110 units (including 7 Very Low-Income units), in",Planning_2020-07-05_2020-07-08
ZP2020-0072,Planning,census,Zoning Permit,screen,168,description,capdetail,2015 BLAKE St,,2020-07-10,,,Approved,2026-09-21,Demolish 3 existing commercial buildings and 1 duplex; restore and relocate 2 residential buildings on the site (includes 7 rent-controlled units); merge and re,Planning_2020-07-09_2020-07-12
PLN2020-0030,Planning,census,Pre-Application,screen,40,description,capdetail,1820 SAN PABLO Ave,,2020-08-10,,,Pending,2026-09-21,"Demolish existing building, except the front facade and first floor walls. Construct a 5-story, 40-unit, mixed-use building, with ground-floor commercial. The A",Planning_2020-08-10_2020-08-13
PLN2020-0032,Planning,census,Pre-Application,screen,17,description,capdetail,2317 CHANNING Way,,2020-08-18,,,Pending,2026-09-21,"SB 330 Preliminary Application - Proposed development of 17 dwelling units, 4 stories, plus a basement.",Planning_2020-08-18_2020-08-21
PLN2020-0041,Planning,census,Pre-Application,screen,126,description,capdetail,2136 SAN PABLO Ave,,2020-09-25,,,Pending,2026-09-21,Demolition of the existing building and construction of a new 6 story mixed-use building with 126 dwelling units (of which 3 are live/work) and 10 are provided ,Planning_2020-09-23_2020-09-26
ZP2020-0104,Planning,census,Zoning Permit,screen,257,description,capdetail,1914 FIFTH St,,2020-09-25,,,Under Review,2026-09-21,"demolish an existing parking lot and portions of an existing commercial building and construct a new seven-story mixed-use building with 5,500 square feet of co",Planning_2020-09-23_2020-09-26
DRCP2020-0008,Planning,census,Design Review Committee Preliminary,screen,82,description,capdetail,2000 UNIVERSITY Ave,,2020-09-24,,,Withdrawn,2026-09-21,Construction of new 8-story mixed-use building with 82 dwelling units; ground level commercial.,Planning_2020-09-23_2020-09-26
ZP2020-0102,Planning,census,Zoning Permit,screen,82,description,capdetail,2000 UNIVERSITY Ave,,2020-09-24,,,Withdrawn,2026-09-21,Removal of Existing Commercial Buildings (2000 University and 2001 Milvia). Construction of new 8-story mixed-use building with 82 dwelling units; ground level ,Planning_2020-09-23_2020-09-26
ZP2020-0090,Planning,census,Zoning Permit,screen,17,description,capdetail,2317 CHANNING Way,,2020-10-02,,,Approved,2026-09-21,Demolition of existing Medical building. Construction of 4-story (plus basement) residential apartment building with 17 dwelling units.,Planning_2020-10-01_2020-10-04
PLN2020-0044,Planning,census,Pre-Application,screen,254,description,capdetail,1914 FIFTH St,,2020-10-09,,,Pending,2026-09-21,SB330 preliminary development project to remove an existing parking lot and portions of an existing commercial building to construct a new 6-story mixed-use bui,Planning_2020-10-09_2020-10-12
DRCP2020-0010,Planning,census,Design Review Committee Preliminary,screen,90,description,census,2801 Adeline,053-1684-001-00,2020-10-16,,,Withdrawn,2026-07-08,"Site: 2801 Adeline and 2900-2920 Shattuck parcels. Demolish three commercial buildings and construct two new buildings: a seven-story, mixed use building with 2",Planning_2020-10-13_2020-10-16
ZP2020-0118,Planning,census,Zoning Permit,screen,90,description,census,2801 Adeline,053-1684-001-00,2020-10-16,,,Withdrawn,2026-07-08,"Site: 2801 Adeline and 2900-2920 Shattuck parcels. Demolish three commercial buildings and construct two new buildings: a seven-story, mixed use building with 2",Planning_2020-10-13_2020-10-16
PLN2020-0045,Planning,census,Pre-Application,screen,82,description,capdetail,2000 University,057-2025-013-00,2020-10-21,,,Pending,2026-09-21,"SB330 Preliminary Application for a Housing Development Project at 2000 University/2001 Milvia. Proposal for 8-story mixed use building with 82 dwelling units, ",Planning_2020-10-21_2020-10-24
DRCP2020-0011,Planning,census,Design Review Committee Preliminary,screen,82,description,census,2000 University,057-2025-013-00,2020-11-04,,,Approved,2026-07-08,"Removal of structures at 2000 University and 2001 Milvia; construction of new, 8-story mixed-use building with 82 dwelling units, ground floor commercial unit.",Planning_2020-11-02_2020-11-05
ZP2020-0134,Planning,census,Zoning Permit,screen,82,description,census,2000 University,057-2025-013-00,2020-11-10,,,Approved,2026-07-08,"Removal of existing structures at 2000 University and 2001 Milvia; Construction of new 8-story mixed-use building with 82 dwelling units, utilizing State Densit",Planning_2020-11-10_2020-11-13
PLN2020-0049,Planning,census,Pre-Application,screen,54,description,capdetail,1740 SAN PABLO Ave,,2020-11-19,,,Closed,2026-09-21,"Construct a 6-story (73'-tall), 54-unit, 100% affordable housing project, under State Density Bonus and SB-35.",Planning_2020-11-18_2020-11-21
PLN2020-0052,Planning,census,Pre-Application,screen,25,description,capdetail,2435 Haste,055-1880-007-00,2020-11-30,,,Pending,2026-09-21,"Demolish existing two-story residential building at 2435 Haste St. (16 Rent controlled units) and construct a 25-unit, five story, residential building. Include",Planning_2020-11-30_2020-12-03
ZP2021-0011,Planning,census,Zoning Permit,screen,56,description,capdetail,2631 DURANT Ave,,2021-01-21,,,Withdrawn,2026-09-21,To convert an existing 56-unit apartment building to a group living accommodation containing 141 beds.,Planning_2021-01-21_2021-01-24
PLN2021-0004,Planning,census,Pre-Application,screen,194,description,capdetail,2601 SAN PABLO Ave,,2021-02-17,,,Pending,2026-09-21,"SB-330 Preliminary Development Application for the construction of a new 7-story mixed-use residential development with 194 dwelling units, ground level lobbies",Planning_2021-02-14_2021-02-17
DRCF2021-0002,Planning,census,Design Review Committee Final,screen,78,description,census,3000 San Pablo Avenue,053-1633-001-01,2021-03-02,,,Approved,2026-07-08,"Final Design Review for a new 6-story mixed use building with 78 dwelling units, ground level lobbies, parking an commercial with State of California Density Bo",Planning_2021-03-02_2021-03-05
PLN2021-0012,Planning,census,Pre-Application,screen,66,description,capdetail,1201 SAN PABLO Ave,,2021-03-16,,,Closed,2026-09-21,"SB330 Preliminary Application for a six-story, mixed-use building with 66 dwelling units, ground-level lobby, commercial space, and parking, with density bonus.",Planning_2021-03-14_2021-03-17
DRCP2021-0003,Planning,census,Design Review Committee Preliminary,screen,85,description,capdetail,1709 SHATTUCK Ave,,2021-03-19,,,Approved,2026-09-21,exterior alterations to existing 85-unit residential building,Planning_2021-03-18_2021-03-21
ZP2021-0048,Planning,census,Zoning Permit,screen,85,description,capdetail,1709 SHATTUCK Ave,,2021-03-19,,,Withdrawn,2026-09-21,"to eliminate 75 dwelling units within an 85-unit residential building through a change of use to GLA's, and reduce the minimum usable open space and site area r",Planning_2021-03-18_2021-03-21
PLN2021-0013,Planning,census,Pre-Application,screen,44,description,capdetail,1820 SAN PABLO Ave,,2021-03-18,,,Pending,2026-09-21,"SB330 Preliminary Application for a 5-story mixed-use building with 44 units and ground floor commercial, incorporating the existing façade",Planning_2021-03-18_2021-03-21
DRCP2021-0002,Planning,census,Design Review Committee Preliminary,screen,126,description,capdetail,2136 SAN PABLO Ave,,2021-03-18,,,Approved,2026-09-21,Demolition of the existing building and construction of a new 6 story mixed-use building with 126 dwelling units (of which 3 are live/work) and 10 are provided ,Planning_2021-03-18_2021-03-21
ZP2021-0046,Planning,census,Zoning Permit,screen,126,description,capdetail,2136 SAN PABLO Ave,,2021-03-18,,,Approved,2026-09-21,Demolition of the existing building and construction of a new 6 story mixed-use building with 126 dwelling units (of which 3 are live/work) and 10 are provided ,Planning_2021-03-18_2021-03-21
ZP2021-0066,Planning,census,Zoning Permit,screen,194,description,capdetail,2601 SAN PABLO Ave,,2021-05-03,,,Withdrawn,2026-09-21,"OUTSTANDING BALANCE IS NOT CORRECT. BALANCE IS ZERO. REFUND IS PROGRESS. Withdrawn Project: Demolition of existing commercial buildings; construction of new, 7-",Planning_2021-05-01_2021-05-04
DRCP2021-0007,Planning,census,Design Review Committee Preliminary,screen,66,description,capdetail,1201 SAN PABLO Ave,,2021-05-06,,,Approved,2026-09-21,"Construct a six-story, mixed-use building with 66 dwelling units (including 5 VLI units), ground-level lobby, commercial space, and parking, with density bonus.",Planning_2021-05-05_2021-05-08
ZP2021-0070,Planning,census,Zoning Permit,screen,66,description,capdetail,1201 SAN PABLO Ave,,2021-05-06,,,Approved,2026-09-21,"Construct a six-story, mixed-use building with 66 dwelling units (including 5 VLI units), ground-level lobby, commercial space, and parking, with density bonus.",Planning_2021-05-05_2021-05-08
DRCP2021-0008,Planning,census,Design Review Committee Preliminary,screen,44,description,capdetail,2147 SAN PABLO Ave,,2021-05-11,,,Withdrawn,2026-09-21,"Demolish commercial building and construct a 42,573 sf, 5-story, mixed-use building with 44 units for student housing, 3,300 SF retail, and 55 ground level park",Planning_2021-05-09_2021-05-12
ZP2021-0073,Planning,census,Zoning Permit,screen,44,description,capdetail,2147 SAN PABLO Ave,,2021-05-11,,,Withdrawn,2026-09-21,"Demolish commercial building and construct a 42,573 sf, 5-story, mixed-use building with 44 units for student housing, 3,300 SF retail, and 55 ground level park",Planning_2021-05-09_2021-05-12
ZP2021-0095,Planning,census,Zoning Permit,screen,12,description,capdetail,2018 BLAKE St,,2021-06-02,,,Approved,2026-09-21,"Demolish fire-damaged SFR and construct a six-story, multi-family residential building with 12 units (including 1 VLI unit), under State Density Bonus.",Planning_2021-06-02_2021-06-05
PLN2021-0024,Planning,census,Pre-Application,screen,40,description,capdetail,2037 DURANT Ave,,2021-06-10,,,Pending,2026-09-21,"SB330 Preliminary Application to demolish a commercial building and construct an eight-story, multifamily, mixed-use building with 40 units, 1,251 SF of commerc",Planning_2021-06-10_2021-06-13
ZP2021-0110,Planning,census,Zoning Permit,screen,50,description,capdetail,130 BERKELEY Sq,,2021-06-23,,,Void,2026-09-21,6-story 50 unit residential building,Planning_2021-06-22_2021-06-25
DRCF2021-0005,Planning,census,Design Review Committee Final,screen,50,description,census,2902 Adeline,053-1598-006-00,2021-07-01,,,Approved,2026-07-08,"Mixed Use Project involving the demolition of an existing house at 1946 Russell Street and an existing building at 2908 Adeline Street, and construction of a ne",Planning_2021-06-30_2021-07-03
DRCF2021-0004,Planning,census,Design Review Committee Final,screen,165,description,capdetail,2176 KITTREDGE St,,2021-07-01,,,Approved,2026-09-21,"Design review of new 75 ft. tall mixed-use building with 165 dwelling units and approximately 20,000 sq. ft. of ground floor commercial space",Planning_2021-06-30_2021-07-03
PLN2021-0031,Planning,census,Pre-Application,screen,189,description,capdetail,2065 KITTREDGE St,,2021-07-22,,,Pending,2026-09-21,"SB330 Preliminary Application for project to demolish the existing commercial building on Unit B of Parcel Map 6889 (condominium) and construct an 8-story, 216,",Planning_2021-07-20_2021-07-23
ZP2021-0193,Planning,census,Zoning Permit,screen,189,description,capdetail,2065 KITTREDGE St,,2021-07-22,,,Approved,2026-09-21,"New multi-family residential apartment building with a total of 189 units. The project unit types include studios, 1 bedroom, 2 bedroom, and 3 bedroom units. Th",Planning_2021-07-20_2021-07-23
PLN2021-0032,Planning,census,Pre-Application,screen,50,description,capdetail,130 BERKELEY Sq,,2021-07-27,,,Pending,2026-09-21,50 unit multi-family mixed-use project,Planning_2021-07-24_2021-07-27
ZP2021-0158,Planning,census,Zoning Permit,screen,50,description,capdetail,130 BERKELEY Sq,,2021-07-27,,,In Review,2026-09-21,50 unit multi-family mixed-use project,Planning_2021-07-24_2021-07-27
PLN2021-0037,Planning,census,Pre-Application,screen,82,description,capdetail,1708 HARMON St,,2021-08-26,,,Pending,2026-09-21,"Demolish three non-residential buildings, and construct a 100% affordable residential, five-story building for seniors, with 82 units, 63 ground-level parking s",Planning_2021-08-25_2021-08-28
DRCP2021-0016,Planning,census,Design Review Committee Preliminary,screen,283,description,capdetail,2128 OXFORD St,,2021-09-01,,,Withdrawn,2026-09-21,"demo two buildings, construct a 17-story mixed use building including 283 dwelling units, 10,164 sq.ft. commercial",Planning_2021-08-29_2021-09-01
ZP2021-0162,Planning,census,Zoning Permit,screen,283,description,capdetail,2128 OXFORD St,,2021-09-01,,,Withdrawn,2026-09-21,"demo two existing buildings construct 17-story mixed-use 283 dwelling units, 10,164 sq.ft. commercial",Planning_2021-08-29_2021-09-01
DRCF2021-0007,Planning,census,Design Review Committee Final,screen,45,description,capdetail,2650 TELEGRAPH Ave,,2021-08-31,,,Approved,2026-09-21,"5 story mixed use Density Bonus project, 45 dwelling units with ground floor lobbies and commercial space",Planning_2021-08-29_2021-09-01
PLN2021-0045,Planning,census,Pre-Application,screen,3,description,capdetail,2225 HEARST Ave,,2021-09-15,,,Pending,2026-09-21,Review proposal to add 3 dwelling units and at least one Accessory Dwelling Unit within existing spaces.,Planning_2021-09-14_2021-09-17
PLN2021-0051,Planning,census,Pre-Application,screen,37,description,capdetail,2435 HASTE St,,2021-10-18,,,Closed,2026-09-21,SB330 Preliminary Application for Density Bonus application. Demolish a two-story apartment building and construct an 8-story all residential apartment building,Planning_2021-10-16_2021-10-19
DRCP2021-0018,Planning,census,Design Review Committee Preliminary,screen,22,description,capdetail,2439 DURANT Ave,,2021-10-25,,,Approved,2026-09-21,"Demolition of a two-story 10,554 sq. ft. commercial building, construction of 37,507 sq. ft. 7-story mixed-use building with 7,799 sq. ft. commercial space, and",Planning_2021-10-24_2021-10-27
ZP2021-0192,Planning,census,Zoning Permit,screen,22,description,capdetail,2439 DURANT Ave,,2021-10-25,,,Approved,2026-09-21,"Use Permit #ZP2021-0192 to demolish a 10,554 square foot, two-story (25 feet) commercial building, and construct a 36,529 square-foot, 7-story (75 feet) mixed-u",Planning_2021-10-24_2021-10-27
PLN2021-0055,Planning,census,Pre-Application,screen,57,description,capdetail,1752 SHATTUCK Ave,,2021-10-28,,,Pending,2026-09-21,"SB330 pre-application to remove an existing one-story commercial building and construct a 7-story mixed-use building containing 57 dwelling units, ground-level ",Planning_2021-10-28_2021-10-31
DRCP2021-0020,Planning,census,Design Review Committee Preliminary,screen,40,description,capdetail,2440 SHATTUCK Ave,,2021-11-05,,,Approved,2026-09-21,"New 8-story, mixed-use building with 40 Dwelling Units. Utilizing State Density Bonus. Demolition of existing commercial structure",Planning_2021-11-05_2021-11-08
DRCP2021-0019,Planning,census,Design Review Committee Preliminary,screen,50,description,capdetail,130 BERKELEY Sq,,2021-11-05,,,In Review,2026-09-21,The proposed project is a privately funded multi-family housing project with 50 units. It is a podium style building with Type IA concrete structure below and T,Planning_2021-11-05_2021-11-08
ZP2021-0201,Planning,census,Zoning Permit,screen,40,description,capdetail,2440 SHATTUCK Ave,,2021-11-09,,,Approved,2026-09-21,"New 8-story, mixed-use building with 40 Dwelling Units. Utilizing State Density Bonus. Demolition of existing commercial structure",Planning_2021-11-09_2021-11-12
ZP2021-0210,Planning,census,Zoning Permit,screen,37,description,capdetail,2435 HASTE St,,2021-11-30,,,Approved,2026-09-21,Demolish 2-story apartment building with 8 units. Construct 8-story residential building with 37 units (Density Bonus).,Planning_2021-11-29_2021-12-02
DRCF2021-0010,Planning,census,Design Review Committee Final,screen,40,description,census,1367 University,057-2073-005-00,2021-11-29,,,Approved,2026-07-08,"New 4-story, 40 unit residential building utilizing Density Bonus",Planning_2021-11-29_2021-12-02
PLN2021-0069,Planning,census,Pre-Application,screen,156,description,capdetail,3000 SHATTUCK Ave,,2021-12-10,,,Closed,2026-09-21,"Removal of existing 1 story commercial structure & construction of a new 9-story mixed-use building with 156-dwelling units, ground level commercial, and lobbie",Planning_2021-12-07_2021-12-10
PLN2021-0067,Planning,census,Pre-Application,screen,11,description,capdetail,2555 COLLEGE Ave,,2021-12-09,,,Pending,2026-09-21,"SB330 pre-application, demolition of two existing one-story commercial buildings and construction of a 4-story residential building with 11 dwelling units under",Planning_2021-12-07_2021-12-10
PLN2021-0066,Planning,census,Pre-Application,screen,22,description,capdetail,2439 Durant,055-1878-004-00,2021-12-08,,,Pending,2026-09-21,"SB330 PreApp for demolition of a two-story 10,554 sq. ft. commercial building, construction of 37,507 sq. ft. 7-story mixed-use building with 7,799 sq. ft. comm",Planning_2021-12-07_2021-12-10
DRCP2022-0001,Planning,census,Design Review Committee Preliminary,screen,68,description,capdetail,1752 SHATTUCK Ave,,2022-01-18,,,Approved,2026-09-21,"demolish existing non-residential building, construct new mixed-use residential development containing 68 dwelling units and 1,200 sq.ft. of commercial space, s",Planning_2022-01-16_2022-01-19
ZP2022-0011,Planning,census,Zoning Permit,screen,68,description,capdetail,1752 SHATTUCK Ave,,2022-01-18,,,Approved,2026-09-21,"demolish existing non-residential building, construct new mixed-use residential development containing 68 dwelling units and 1,200 sq.ft. commercial space, six ",Planning_2022-01-16_2022-01-19
PLN2022-0008,Planning,census,Pre-Application,screen,210,description,capdetail,1598 UNIVERSITY Ave,,2022-01-26,,,Closed,2026-09-21,SB 330 Preliminary Application to demolish a existing two one-story commercial buildings and construct an eight-story mixed-use residential development with 210,Planning_2022-01-24_2022-01-27
PLN2022-0010,Planning,census,Pre-Application,screen,326,description,capdetail,2190 SHATTUCK Ave,,2022-02-04,,,Closed,2026-09-21,SB 330 Preliminary Application to remove an existing structure and construct a new 25-story mixed-use housing development with 326 dwelling units and ground-flo,Planning_2022-02-01_2022-02-04
ZP2022-0019,Planning,census,Zoning Permit,screen,11,description,capdetail,2555 COLLEGE Ave,,2022-02-04,,,Approved,2026-09-21,"Use Permit #ZP2022-0019 to demolish two single-story (11 feet, 9 inches) commercial structures with a combined size of 834 square feet and construct a, four-sto",Planning_2022-02-01_2022-02-04
DRCP2022-0003,Planning,census,Design Review Committee Preliminary,screen,51,description,census,2449 Dwight Avenue Final Design Review,,2022-02-09,,,Approved,2026-07-08,"Renovation of existing 4-story 27,456 square foot, mixed-use building, and add 4 additional stories of residential dwelling units, resulting in an 8-story, 56,2",Planning_2022-02-09_2022-02-12
ZP2022-0021,Planning,census,Zoning Permit,screen,51,description,census,2449 Dwight Avenue Final Design Review,,2022-02-09,,,Approved,2026-07-08,"Renovation of existing 4-story 27,456 square foot, mixed-use building, and add 4 additional stories of residential dwelling units, resulting in an 8-story, 56,2",Planning_2022-02-09_2022-02-12
PLN2022-0014,Planning,census,Pre-Application,screen,8,description,capdetail,2427 SAN PABLO Ave,,2022-02-16,,,Closed,2026-09-21,"SB 330 Preliminary Application for demolition of two apartment buildings (8 units), and construction of a five-story mixed-use building with one retail space, 8",Planning_2022-02-13_2022-02-16
PLN2022-0016,Planning,census,Pre-Application,screen,221,description,capdetail,2920 SHATTUCK Ave,,2022-02-24,,,Closed,2026-09-21,"SB 330 Preliminary Application to demolish existing non-residential structures, construct new 10-story mixed-use residential development with 221 dwelling units",Planning_2022-02-21_2022-02-24
ZP2022-0026,Planning,census,Zoning Permit,screen,326,description,capdetail,2190 SHATTUCK Ave,,2022-02-23,,,Approved,2026-09-21,Use Permit modification of ZP2016-0117 to construct a 25-story mixed-use housing development with 326 dwelling units and ground-floor commercial under Density B,Planning_2022-02-21_2022-02-24
ZP2022-0033,Planning,census,Zoning Permit,screen,4,description,capdetail,2727 SAN PABLO Ave,,2022-03-01,,,Closed,2026-09-21,"Demo existing non-residential building and construct 3-story, 6,928 sq.ft residential building with 4 dwelling units and two off-street parking spaces",Planning_2022-03-01_2022-03-04
PLN2022-0020,Planning,census,Pre-Application,screen,2,description,capdetail,2147 SAN PABLO Ave,,2022-03-11,,,Closed,2026-09-21,"SB 3330 Preliminary Application - Demolish existing commercial building and construct 6-story, mixed-use building with 3,000 SF of retail (2 units),128 GLA unit",Planning_2022-03-09_2022-03-12
PLN2022-0026,Planning,census,Pre-Application,screen,323,description,capdetail,1931 SAN PABLO Ave,,2022-03-17,,,Closed,2026-09-21,"SB 330 Preliminary Application for the construction of a new 7-story mixed-use residential development with up to 323 dwelling units on 59,000 sqft. lot, fronti",Planning_2022-03-17_2022-03-20
DRCF2022-0001,Planning,census,Design Review Committee Final,screen,82,description,census,2000 University,057-2025-013-00,2022-04-04,,,Approved,2026-07-08,"Removal of structures at 2000 University and 2001 Milvia; construction of new, 8-story mixed-use building with 82 dwelling units, ground floor commercial unit.",Planning_2022-04-02_2022-04-05
PLN2022-0031,Planning,census,Pre-Application,screen,112,description,capdetail,2847 SHATTUCK Ave,,2022-04-07,,,Closed,2026-09-21,"SB 330 Preliminary Application to demolish 1-story commercial building ad construct a 9-story mixed use building with 112 dwelling units, utilizing Density bonu",Planning_2022-04-06_2022-04-09
PLN2022-0036,Planning,census,Pre-Application,screen,146,description,capdetail,2420 SHATTUCK Ave,,2022-04-29,,,Closed,2026-09-21,"SB 330 Preliminary Application to demolish existing 2 story commercial structure and construct 16-story mixed-use building with 146 dwelling units, ground level",Planning_2022-04-26_2022-04-29
PLN2022-0039,Planning,census,Pre-Application,screen,257,description,capdetail,1914 FIFTH St,,2022-05-03,,,Closed,2026-09-21,SB 330 Preliminary Application for the removal of the existing parking lot and portions of the existing commercial structure in order to construct a new 7-story,Planning_2022-04-30_2022-05-03
ZP2022-0062,Planning,census,Zoning Permit,screen,22,description,census,1773 Oxford Street,058-2181-027-00,2022-05-10,,,Approved,2026-07-08,"1773 Oxford Street-To demolish an existing four-story 6-unit building and replace it with a 5-story building 20,786 square feet. There will be 22 units and and ",Planning_2022-05-08_2022-05-11
PLN2022-0048,Planning,census,Pre-Application,screen,242,description,capdetail,2601 SAN PABLO Ave,,2022-05-12,,,Closed,2026-09-21,"SB 330 Preliminary Application for the demolition of existing commercial buildings; construction of new, 8-story mixed-use residential development with resident",Planning_2022-05-12_2022-05-15
PLN2022-0047,Planning,census,Pre-Application,screen,26,description,capdetail,1652 UNIVERSITY Ave,,2022-05-12,,,Closed,2026-09-21,"SB 330 Preliminary Application: Demo commercial building and construction 5-story mixed use building with 26 units, and commercial space, using a Density Bonus.",Planning_2022-05-12_2022-05-15
PLN2022-0056,Planning,census,Pre-Application,screen,551,description,capdetail,2128 OXFORD St,,2022-06-06,,,Closed,2026-09-21,SB 330 Preliminary Application to DEMO EXISTING COMMERCIAL BUILDING; CONSTRUCT 25-STORY MIXED USE BUILDING CONTAINING 551 RESIDENTIAL UNITS PER SB 330 AND STATE,Planning_2022-06-05_2022-06-08
PLN2022-0060,Planning,census,Pre-Application,screen,13,description,capdetail,2800 TELEGRAPH Ave,,2022-06-09,,,Closed,2026-09-21,SB 330 Preliminary Application for the removal of existing one - story commercial structure and construction of a new five-story residential building with 13 dw,Planning_2022-06-09_2022-06-12
PLN2022-0061,Planning,census,Pre-Application,screen,35,description,capdetail,2712 TELEGRAPH Ave,,2022-06-13,,,Closed,2026-09-21,"SB 330 Preliminary Application submittal of demolition of 2 commercial buildings and construction of a 5-story, mixed-use building with 35 dwelling units.",Planning_2022-06-13_2022-06-16
ZP2022-0089,Planning,census,Zoning Permit,screen,2,description,census,1341 ADDISON STREET,056-1995-010-01,2022-06-27,,,Approved,2026-07-08,1. Alteration to SFR to develop 2 townhouses of approximately 1700 sq f each. The proposed total floor area to be build is 3580 sq ft and the lot is 8534 sq ft.,Planning_2022-06-25_2022-06-28
DRCF2022-0003,Planning,census,Design Review Committee Final,screen,40,description,capdetail,2440 SHATTUCK Ave,,2022-07-12,,,Approved,2026-09-21,"New 8-story, mixed-use building with 40 Dwelling Units. Utilizing State Density Bonus. Demolition of existing commercial structure",Planning_2022-07-11_2022-07-14
PLN2022-0065,Planning,census,Pre-Application,screen,83,description,census,2538 Durant Ave,055-1876-021-01,2022-07-11,,,Closed,2026-07-08,"SB 330 Preliminary Application for a Density Bonus project that would demolish: a four-story (52 feet), 14,780 square foot residential building that includes 12",Planning_2022-07-11_2022-07-14
PLN2022-0066,Planning,census,Pre-Application,screen,48,description,census,2959 San Pablo,053-1629-019-01,2022-07-15,,,Withdrawn,2026-07-08,SB-330 pre-application for the demolition of a commercial building and construction of a new 6-story mixed-use development consisting of 48 residential units (2,Planning_2022-07-15_2022-07-18
DRCP2022-0008,Planning,census,Design Review Committee Preliminary,screen,207,description,capdetail,1598 UNIVERSITY Ave,,2022-07-22,,,Approved,2026-09-21,"Demolish two one-story commercial buildings and construct an 8-story mixed-sue building with approximately 5,700 square feet of commercial space, 207 dwelling u",Planning_2022-07-19_2022-07-22
ZP2022-0099,Planning,census,Zoning Permit,screen,207,description,capdetail,1598 UNIVERSITY Ave,,2022-07-22,,,Approved,2026-09-21,"Use Permit #ZP2022-0099 to demolish anon-residential structure and construct a 134,409 square-foot, eight-story (89 feet- 2 inches) mixed-use residential buildi",Planning_2022-07-19_2022-07-22
PLN2022-0067,Planning,census,Pre-Application,screen,214,description,census,2113 KITTREDGE,057-2030-009-00,2022-07-28,,,Closed,2026-07-08,SB 330 Preliminary Application for a MIXED-USED BUILDING - LIVE THEATER AND 214 RESIDENTIAL DWELLING UNITS (22 VLI). PROPOSED 15 STORIES. HISTORIC LANDMARK.,Planning_2022-07-27_2022-07-30
PLN2022-0069,Planning,census,Pre-Application,screen,84,description,census,2720 SAN PABLO,054-1744-007-00,2022-08-04,,,Closed,2026-07-08,SB 330 Preliminary Application to demolish a single-story nonresidential building and construct an 8-story mixed-use residential development with ground-level l,Planning_2022-08-04_2022-08-07
PLN2022-0072,Planning,census,Pre-Application,screen,239,description,capdetail,2274 SHATTUCK Ave,,2022-08-15,,,Closed,2026-09-21,SB 330 Preliminary Application for the partial removal of the existing commercial structure to allow for the construction of a new 17-story mixed-use developmen,Planning_2022-08-12_2022-08-15
DRCP2022-0010,Planning,census,Design Review Committee Preliminary,screen,26,description,capdetail,1652 UNIVERSITY Ave,,2022-08-18,,,Approved,2026-09-21,"Demolish 2-story commercial building and construct a 5-stroy mixed-use building with ground-floor retail, 2 live/work units, 26 dwelling units, and residential ",Planning_2022-08-16_2022-08-19
ZP2022-0110,Planning,census,Zoning Permit,screen,26,description,census,1652 University - Use Permit,056-2004-020-00,2022-08-17,,,Approved,2026-07-08,"Demolish a two-story 6,232 square-foot commercial building, construct a 24,732 square-foot 5-story mixed-use building with a height of 59 feet 10 inches, 2,264 ",Planning_2022-08-16_2022-08-19
DRCP2022-0009,Planning,census,Design Review Committee Preliminary,screen,13,description,census,2800 Telegraph Avenue,053-1689-001-00,2022-08-17,,,Approved,2026-07-08,Demolition of a one-story commercial structure to construct a five story residential building containing 13 dwelling units (1 VLI unit) with 18 bicycle parking ,Planning_2022-08-16_2022-08-19
ZP2022-0107,Planning,census,Zoning Permit,screen,16,description,census,2800 Telegraph Avenue,053-1689-001-00,2022-08-17,,,Approved,2026-07-08,"to demolish a one-story (18 feet), 3,290 square foot non-residential building and construct a six-story (70 feet and 5 inches), 19,936 square-foot residential b",Planning_2022-08-16_2022-08-19
PLN2022-0075,Planning,census,Pre-Application,screen,17,description,capdetail,1790 UNIVERSITY Ave,,2022-08-25,,,Closed,2026-09-21,"SB 330 Preliminary Application, proposes to demolish the existing 3 structures on-site at 1776-1790 University. Proposes to construct a five-story, mixed-use bu",Planning_2022-08-24_2022-08-27
DRCP2022-0011,Planning,census,Design Review Committee Preliminary,screen,2,description,capdetail,2147 SAN PABLO Ave,,2022-08-31,,,Approved,2026-09-21,"SB 3330 Application - Demolish existing commercial building and construct 6-story, mixed-use building with 3,000 SF of retail (2 units),128 GLA units (bed, bath",Planning_2022-08-28_2022-08-31
DRCP2022-0013,Planning,census,Design Review Committee Preliminary,screen,221,description,census,2920 Shattuck,053-1590-005-01,2022-09-03,,,Approved,2026-07-08,"Demolish two commercial buildings and construct a 10-story mixed-use residential building with 221 dwelling units, ground-floor retail, and nine uncovered parki",Planning_2022-09-01_2022-09-04
ZP2022-0116,Planning,census,Zoning Permit,screen,221,description,capdetail,2920 Shattuck,053-1590-005-01,2022-09-03,,,In Review,2026-09-21,"Demolish two commercial buildings and construct a 10-story mixed-use residential building with 221 dwelling units, ground-floor retail, and nine uncovered parki",Planning_2022-09-01_2022-09-04
ZP2022-0115,Planning,census,Zoning Permit,screen,78,description,capdetail,2427 SAN PABLO Ave,,2022-09-02,,,Approved,2026-09-21,"Use Permit #ZP2022-0115 to demolish two existing multifamily buildings and construct a 36,280 square foot, five-story (70 feet, 8 inches), residential building ",Planning_2022-09-01_2022-09-04
ZP2022-0126,Planning,census,Zoning Permit,screen,17,description,capdetail,3031 TELEGRAPH Ave 100,,2022-09-23,,,Approved,2026-09-21,"Modify Use Permit #ZP2020-0069 to add 17 units within the approved envelope (six-story, 93,338 98,338 square-foot mixed-use building utilizing State Density Bon",Planning_2022-09-21_2022-09-24
ZP2022-0132,Planning,census,Zoning Permit,screen,112,description,capdetail,2847 Shattuck,053-1686-020-00,2022-09-28,,,Incomplete Pending Applicant,2026-09-21,"DEMOLITION OF EXISTING 1 STORY COMMERCIAL STRUCTURE AND CONSTRUCTION OF A NEW 9-STORY MIXED-USE RESIDENTIAL BUILDING WITH 112 DWELLING UNITS, GROUND LEVEL LOBBI",Planning_2022-09-25_2022-09-28
PLN2022-0084,Planning,census,Pre-Application,screen,127,description,capdetail,2300 ELLSWORTH St,,2022-09-26,,,Closed,2026-09-21,SB 330 Preliminary Application: Demolition of two existing commercial buildings (LM initiated) and a 12-unit residential building. Merging of two parcels. Devel,Planning_2022-09-25_2022-09-28
PLN2022-0086,Planning,census,Pre-Application,screen,174,description,capdetail,3030 TELEGRAPH Ave,,2022-09-29,,,Closed,2026-09-21,"SB 330 Preliminary Application to demolish 10,000 square foot medical building, surface parking lot, and two residential duplexes (4 units total, vacant since 2",Planning_2022-09-29_2022-10-02
PLN2022-0091,Planning,census,Pre-Application,screen,28,description,capdetail,2480 BANCROFT Way,,2022-10-08,,,Closed,2026-09-21,"Demolish one-story retail building and construct am 8-story mixed-use building with ground-floor commercial and 28 dwelling units, utilizing State Density Bonus",Planning_2022-10-07_2022-10-10
DRCP2022-0014,Planning,census,Design Review Committee Preliminary,screen,485,description,capdetail,2128 OXFORD St,,2022-10-07,,,Approved,2026-09-21,"SB330 Application – Demolition of existing structure(s) (includes 16 rent-controlled units) and construction of 26-Story, mixed use building with 485 dwelling u",Planning_2022-10-07_2022-10-10
ZP2022-0135,Planning,census,Zoning Permit,screen,485,description,capdetail,2128 OXFORD St,,2022-10-07,,,Approved,2026-09-21,"SB330 Application – Demolition of existing structure(s) (includes 16 rent-controlled units) and construction of 26-Story, mixed use building with 485 dwelling u",Planning_2022-10-07_2022-10-10
DRCP2022-0016,Planning,census,Design Review Committee Preliminary,screen,112,description,capdetail,2847 SHATTUCK Ave,,2022-10-14,,,Application Complete,2026-09-21,"DEMOLITION OF EXISTING 1 STORY COMMERCIAL STRUCTURE AND CONSTRUCTION OF A NEW 9-STORY MIXED-USE RESIDENTIAL BUILDING WITH 112 DWELLING UNITS, GROUND LEVEL LOBBI",Planning_2022-10-11_2022-10-14
ZP2022-0144,Planning,census,Zoning Permit,screen,214,description,census,2115 KITTREDGE,057-2030-008-00,2022-10-18,,,Approved,2026-07-08,"Construction of a 15-story, mixed-used building (155,741 sq. ft) with a live performance theater (19,108 sq. ft) on the ground and basement floors, and 214 dwel",Planning_2022-10-15_2022-10-18
PLN2022-0099,Planning,census,Pre-Application,screen,80,description,capdetail,1708 HARMON St,,2022-10-25,,,Closed,2026-09-21,"SB 35 Preliminary Development Application to demolish three non-residential buildings, and construct a 100% affordable residential, five-story building for seni",Planning_2022-10-23_2022-10-26
PLN2022-0104,Planning,census,Pre-Application,screen,66,description,census,2462 BANCROFT,055-1878-020-00,2022-10-29,,,Closed,2026-07-08,SB 330 Preliminary Application: Removal of existing two-story commercial structure & construction of a new eight-story mixed-use building with 66 dwelling units,Planning_2022-10-27_2022-10-30
DRCP2022-0018,Planning,census,Design Review Committee Preliminary,screen,132,description,capdetail,2420 SHATTUCK Ave,,2022-10-28,,,Approved,2026-09-21,Demolish two non-residential buildings and construct a 17-stroy mixed-use residential building with ground-floor commercial and 132 dwelling units utilizing Sta,Planning_2022-10-27_2022-10-30
ZP2022-0149,Planning,census,Zoning Permit,screen,132,description,capdetail,2420 SHATTUCK Ave,,2022-10-28,,,In Review,2026-09-21,Demolish two non-residential buildings and construct a 17-story mixed-use residential building with ground-floor commercial and 132 dwelling units utilizing Sta,Planning_2022-10-27_2022-10-30
PLN2022-0101,Planning,census,Pre-Application,screen,82,description,capdetail,1708 HARMON St,,2022-10-27,,,Closed,2026-09-21,"SB 35 Preliminary Development Application to demolish three non-residential buildings, and construct a 100% affordable residential, five-story building for seni",Planning_2022-10-27_2022-10-30
DRCP2022-0017,Planning,census,Design Review Committee Preliminary,screen,28,description,census,2480 Bancroft Mixed Use Buiilding,055-1878-022-00,2022-10-27,,,Approved,2026-07-08,Demolish an existing one story retail building and construct a new eight story mixed-use building with 28 residential units. Proposed restaurant space on the fi,Planning_2022-10-27_2022-10-30
ZP2022-0148,Planning,census,Zoning Permit,screen,28,description,census,2480 Bancroft Mixed Use Buiilding,055-1878-022-00,2022-10-27,,,Approved,2026-07-08,Demolish an existing one story retail building and construct a new eight story mixed-use building with 28 residential units. Proposed restaurant space on the fi,Planning_2022-10-27_2022-10-30
PLN2022-0109,Planning,census,Pre-Application,screen,68,description,census,2159 DWIGHT,055-1890-007-00,2022-11-15,,,Closed,2026-07-08,SB 330 Preliminary Application for the development of a 6-story - 68-unit residential apartment building that combines a total of four parcels with 8 units curr,Planning_2022-11-12_2022-11-15
ZP2022-0163,Planning,census,Zoning Permit,screen,2,description,census,2337 Grant Street,055-1904-020-00,2022-11-18,,,Withdrawn,2026-07-08,Legalization of addition to rear building (NOV issued); alter roofline of a portion of the building (sloped to flat roof) and cover stairwell which leads to the,Planning_2022-11-16_2022-11-19
DRCP2022-0019,Planning,census,Design Review Committee Preliminary,screen,6,description,census,805 JONES STREET,059-2326-012-00,2022-11-17,,,Approved,2026-07-08,"Construction of three (3) new duplex residences, total of 6 residential units. Second story addition to existing commercial building",Planning_2022-11-16_2022-11-19
PLN2022-0112,Planning,census,Pre-Application,screen,65,description,census,2201 SAN PABLO,056-1983-038-01,2022-11-28,,,Closed,2026-07-08,"SB 330 Preliminary Application for the construction of a 6-story, 48,290 sq. ft. mixed-use residential development with 65 residential units, and commercial spa",Planning_2022-11-28_2022-12-01
ZP2022-0171,Planning,census,Zoning Permit,screen,223,description,capdetail,2601 SAN PABLO Ave,,2022-12-02,,,In Review,2026-09-21,"Demolish existing development (includes vacant residential) to construct an 8-story mixed-use building 223 dwelling units over a 1,940 commercial space, utilizi",Planning_2022-12-02_2022-12-05
DRCP2022-0020,Planning,census,Design Review Committee Preliminary,screen,144,description,capdetail,3030 TELEGRAPH Ave,,2022-12-02,,,Approved,2026-09-21,"To demolish one commercial and two residential buildings and construct a 5-story mixed use building with 144 dwelling units and ground floor retail, utilizing S",Planning_2022-12-02_2022-12-05
ZP2022-0170,Planning,census,Zoning Permit,screen,144,description,census,2330 Webster,052-1576-027-01,2022-12-02,,,Approved,2026-07-08,"Demolish a one-story medical office building and two duplexes containing four units (2330 Webster Street and 2334-2336 Webster Street), and construct a five-sto",Planning_2022-12-02_2022-12-05
ZP2022-0175,Planning,census,Zoning Permit,screen,599,description,census,1998 Shattuck,057-2053-003-01,2022-12-12,,,Void,2026-07-08,SB 330 pre-application. Removal of existing structures and new construction of a 28-story mixed-use housing development with 599 dwelling units and a rooftop re,Planning_2022-12-10_2022-12-13
PLN2022-0120,Planning,census,Pre-Application,screen,219,description,capdetail,2015 BLAKE St,,2022-12-16,,,Closed,2026-09-21,"SB 330 Preliminary Application: Modify ZP2020-0072 and demolish existing structures, retain two Victorian homes, and construct a residential project with one th",Planning_2022-12-14_2022-12-17
PLN2022-0118,Planning,census,Pre-Application,screen,599,description,census,1998 SHATTUCK,057-2053-003-01,2022-12-14,,,Closed,2026-07-08,SB 330 Preliminary Application. Removal of existing structures and new construction of a 28-story mixed-use housing development with 599 dwelling units and a ro,Planning_2022-12-14_2022-12-17
ZP2022-0178,Planning,census,Zoning Permit,screen,219,description,census,2015 BLAKE,055-1822-013-04,2022-12-19,,,Approved,2026-07-08,"SB 330 / Modify ZP2020-0072 and demolish existing structures, retain two Victorian homes, and construct a residential project with one three-story building and ",Planning_2022-12-18_2022-12-21
DRCP2022-0021,Planning,census,Design Review Committee Preliminary,screen,41,description,census,2712 TELEGRAPH AVENUE,054-1714-005-01,2022-12-27,,,Denied,2026-07-08,"Demolition of two existing two-story commercial structures and construction, with the State of California Density Bonus, of a new 6-story residential building w",Planning_2022-12-26_2022-12-29
ZP2022-0179,Planning,census,Zoning Permit,screen,40,description,census,2712 TELEGRAPH AVENUE,054-1714-005-01,2022-12-27,,,Approved,2026-07-08,"Use Permit #ZP2022-0179 to demolish two non-residential structures and construct a 41,065 square-foot, six-story (70 feet) mixed-use residential building contai",Planning_2022-12-26_2022-12-29
PLN2023-0001,Planning,census,Pre-Application,screen,105,description,census,2109 MILVIA,057-2023-016-01,2023-01-10,,,Closed,2026-07-08,"Removal of existing parking lot and construction of a new 14-story mixed-use building with 105 dwelling units, ground floor level lobbies and commercial space w",Planning_2023-01-07_2023-01-10
ZP2023-0003,Planning,census,Zoning Permit,screen,105,description,census,2109 MILVIA,057-2023-016-01,2023-01-10,,,Void,2026-07-08,"Removal of existing parking lot and construction of a new 14-story mixed-use building containing 105 dwelling units, ground floor lobbies and commercial space w",Planning_2023-01-07_2023-01-10
PLN2023-0008,Planning,census,Pre-Application,screen,16,description,capdetail,2800 TELEGRAPH Ave,,2023-01-31,,,Closed,2026-09-21,"SB 330 Preliminary Application - To demolish an existing non-residential structure and construct a 19,936 square-foot, six-story residential building containing",Planning_2023-01-31_2023-02-03
ZP2023-0024,Planning,census,Zoning Permit,screen,69,description,census,2310 ELLSWORTH,055-1886-002-00,2023-02-17,,,Approved,2026-07-08,"Demolish two residential buildings with a total of 12 dwelling units and construct a 7-story residential apartment building (72,500 square feet) and 69 dwelling",Planning_2023-02-16_2023-02-19
PLN2023-0018,Planning,census,Pre-Application,screen,40,description,census,2712 Telegraph,054-1714-005-01,2023-03-03,,,Closed,2026-07-08,"SB 330 Preliminary Application: demolition of two existing, two-story commercial structures and the construction of a new six-story mixed use building with 40 d",Planning_2023-02-28_2023-03-03
DRCP2023-0003,Planning,census,Design Review Committee Preliminary,screen,599,description,census,98 SHATTUCK,,2023-03-17,,,Approved,2026-07-08,"Submission of Preliminary Design Review application in conjunction with ZP2023-0040. Demolition of structures at the following addresses: 1950,1974,1984,1998 Sh",Planning_2023-03-16_2023-03-19
ZP2023-0040,Planning,census,Zoning Permit,screen,599,description,census,98 SHATTUCK,,2023-03-17,,,Approved,2026-07-08,"Demolition of structures at the following addresses: 1950,1974,1984,1998 Shattuck Ave & 2071 University. Construction of a 28-story, 28,319 sq ft mixed-use buil",Planning_2023-03-16_2023-03-19
DRSA2023-0004,Planning,census,Design Review Signs and Awnings,screen,169,description,capdetail,2150 KITTREDGE St,,2023-03-21,,,Approved,2026-09-21,"169 Unit multi-family development with approximately 15,000 sqft of commercial space in a 7 story 75' building. Sign program.",Planning_2023-03-20_2023-03-23
PLN2023-0026,Planning,census,Pre-Application,screen,75,description,capdetail,2550 SHATTUCK Ave,,2023-03-30,,,Closed,2026-09-21,SB 330 Preliminary Application to demolish a commercial building and construct a 7-story 75-foot high mixed-use building with 75 dwelling units using a State De,Planning_2023-03-28_2023-03-31
PLN2023-0034,Planning,census,Pre-Application,screen,78,description,census,2660 BANCROFT,,2023-04-14,,,Closed,2026-07-08,"SB 330 Preliminary Application for a proposed project of 78 residential units in an 8-story building with approximately 32,000 square feet that includes afforda",Planning_2023-04-13_2023-04-16
PLN2023-0033,Planning,census,Pre-Application,screen,15,description,census,2680 Bancroft,055-1871-001-03,2023-04-14,,,Closed,2026-07-08,"SB 330 Preliminary Application for proposed project of conversion of Bancroft Hotel into a residential building. Proposed project will have approximately 15,800",Planning_2023-04-13_2023-04-16
DRCP2023-0004,Planning,census,Design Review Committee Preliminary,screen,66,description,census,2159 Dwight,055-1890-007-00,2023-04-26,,,Approved,2026-07-08,The project proposes the demolition of two of the existing four residential apartment buildings ion the C-SA Zoning District. Both buildings to be demolished co,Planning_2023-04-25_2023-04-28
ZP2023-0057,Planning,census,Zoning Permit,screen,66,description,census,2159 Dwight,055-1890-007-00,2023-04-26,,,Approved,2026-07-08,"Demolish two of the existing four residential buildings (demolish eight units and retain eight units) and replace with a new 72,251 square foot, six-story (71-f",Planning_2023-04-25_2023-04-28
PLN2023-0038,Planning,census,Pre-Application,screen,207,description,capdetail,1598 UNIVERSITY Ave,,2023-05-05,,,Closed,2026-09-21,"SB330 Preliminary Application superseding PLN2022-0008. Demolish a non-residential structure and construct a 127,492 square-foot, eight-story (89 feet- 2 inches",Planning_2023-05-03_2023-05-06
DRCP2023-0005,Planning,census,Design Review Committee Preliminary,screen,84,description,capdetail,2720 SAN PABLO Ave,,2023-05-03,,,Application Complete,2026-09-21,"Demolish the existing non-residential building, and build an eight-story (89 foot) mixed-use building with 84 dwelling units, including nine Very Low-Income uni",Planning_2023-05-03_2023-05-06
ZP2023-0058,Planning,census,Zoning Permit,screen,84,description,capdetail,2720 San Pablo Density Bonus Project,,2023-05-03,,,Under Review,2026-09-21,"Demolish the existing non-residential building, and build an eight-story (89 foot) mixed-use building with 84 dwelling units, including nine Very Low-Income uni",Planning_2023-05-03_2023-05-06
DRCP2023-0006,Planning,census,Design Review Committee Preliminary,screen,74,description,census,2037 DURANT AVE,055-1894-002-00,2023-05-11,,,Approved,2026-07-08,"Demolish 1-story commercial building, 13,000 sq. ft and construction of an 8-story building, 76,373 sq ft, with 1552 sq ft of ground commercial floor space and ",Planning_2023-05-11_2023-05-14
ZP2023-0064,Planning,census,Zoning Permit,screen,74,description,census,2037 DURANT AVE,055-1894-002-00,2023-05-11,,,Approved,2026-07-08,"Demolish 1-story 13,000 square foot commercial building, and construct an 8-story (90 feet), 76,373 square foot mixed-use building with 1,552 square feet of gro",Planning_2023-05-11_2023-05-14
ZP2023-0063,Planning,census,Zoning Permit,screen,3,description,capdetail,1850 Berryman Street,,2023-05-11,,,Incomplete Pending Applicant,2026-09-21,"construct a new 3-unit building on a vacant lot (recently split form LM site 1300 MLK) above 28' in height (33'-5""), and place a parking spot within the require",Planning_2023-05-11_2023-05-14
PLN2023-0045,Planning,census,Pre-Application,screen,201,description,census,2100 Milvia,057-2022-017-01,2023-05-18,,,Closed,2026-07-08,"SB 330 Preliminary Application for an 8-story mixed use building with 201 units, ground floor commercial. 3 live/work units, and 9 parking spaces.",Planning_2023-05-15_2023-05-18
ZP2023-0068,Planning,census,Zoning Permit,screen,52,description,census,2587 TELEGRAPH AVE,055-1839-019-01,2023-05-17,,,Approved,2026-07-08,Construction of 8-story mixed-use development with 52 dwelling units and 2500 sf of ground-floor commercial space. This project includes residential amenities a,Planning_2023-05-15_2023-05-18
DRCP2023-0007,Planning,census,Design Review Committee Preliminary,screen,17,description,capdetail,1790 UNIVERSITY Ave,,2023-05-20,,,Application Complete,2026-09-21,"Demolish two nonresidential structures and one single-family residence, and construct a 5-story (56 feet) mixed-use building with 17 dwelling units (two VLI) an",Planning_2023-05-19_2023-05-22
ZP2023-0070,Planning,census,Zoning Permit,screen,17,description,capdetail,1790 UNIVERSITY Ave,,2023-05-20,,,Under Review,2026-09-21,"Demolish two nonresidential structures and one single-family residence, and construct a 5-story (56 feet) mixed-use building with 17 dwelling units (two VLI) an",Planning_2023-05-19_2023-05-22
DRCP2023-0008,Planning,census,Design Review Committee Preliminary,screen,227,description,census,2274 SHATTUCK AVENUE,057-2028-003-00,2023-05-30,,,Approved,2026-07-08,"Partial demo of existing commercial structures to construct a new 17-story mixed-used building with 227 dwelling units, ground level lobbies, commercial space, ",Planning_2023-05-27_2023-05-30
ZP2023-0079,Planning,census,Zoning Permit,screen,227,description,census,2274 SHATTUCK AVENUE,057-2028-003-00,2023-05-30,,,Approved,2026-07-08,"Partial demo of existing commercial structures to construct a new 17-story mixed-used building with 227 dwelling units, ground level lobbies, commercial space, ",Planning_2023-05-27_2023-05-30
DRCP2023-0009,Planning,census,Design Review Committee Preliminary,screen,52,description,census,2587 TELEGRAPH AVENUE,055-1839-019-01,2023-06-01,,,Approved,2026-07-08,Construction of 8-story mixed-use development with 52 dwelling units and 2500 sf of ground-floor commercial space. This project includes residential amenities a,Planning_2023-05-31_2023-06-03
DRCF2023-0001,Planning,census,Design Review Committee Final,screen,68,description,census,1752 Shattuck Final Design Review,058-2176-001-01,2023-06-27,,,Approved,2026-07-08,"Removal of an existing one story commercial structure and construction of a new seven story mixed use building with 68 dwelling units, ground level lobbies, com",Planning_2023-06-24_2023-06-27
ZP2023-0096,Planning,census,Zoning Permit,screen,37,description,capdetail,2680 BANCROFT WAY,055-1871-001-03,2023-06-30,,,Incomplete Pending Applicant,2026-09-21,"Conversion of the Bancroft Hotel (17,466 SF) into a residential building, with 15 dwelling units and 22 Group Living Accommodation rooms for a total of 37 units",Planning_2023-06-28_2023-07-01
DRCF2023-0002,Planning,census,Design Review Committee Final,screen,187,description,census,2065 Kittredge Street,057-2027-006-00,2023-06-28,,,Approved,2026-07-08,"Final Design Review. Use Permit ZP2021-0193 to demolish portions of existing City Landmark commercial buildings and construct an 8-story, mixed-use building wit",Planning_2023-06-28_2023-07-01
DRCP2023-0013,Planning,census,Design Review Committee Preliminary,screen,66,description,census,2462 BANCROFT WAY,055-1878-020-00,2023-07-17,,,Approved,2026-07-08,"Removal of existing 2-story commercial structure & construction of a new 8-story mixed-use building with 66 dwelling units, ground level lobbies, and commercial",Planning_2023-07-14_2023-07-17
ZP2023-0107,Planning,census,Zoning Permit,screen,66,description,census,2462 BANCROFT WAY,055-1878-020-00,2023-07-17,,,Approved,2026-07-08,"Use Permit #ZP2023-0107 to demolish an existing non-residential structure and construct at 40,086 square foot, eight-story (88 feet 6 inches) mixed use resident",Planning_2023-07-14_2023-07-17
PLN2023-0059,Planning,census,Pre-Application,screen,110,description,census,2530 BANCROFT,055-1877-016-01,2023-08-14,,,Closed,2026-07-08,SB 330 Preliminary Application - Removal of existing commercial structure and new construction of a 12-story mixed-use housing development with 110 dwelling uni,Planning_2023-08-11_2023-08-14
PLN2023-0065,Planning,census,Pre-Application,screen,54,description,capdetail,1740 SAN PABLO,058-2127-014-03,2023-08-25,,,Under Review,2026-09-21,"SB 35 Preliminary Development Application (Modification): Demolition of existing 1 story commercial structure. Construction of a 6-story, 54 units, Mixed-Use Re",Planning_2023-08-23_2023-08-26
PLN2023-0061,Planning,census,Pre-Application,screen,39,description,census,2320 CHANNING,055-1883-026-00,2023-08-24,,,Closed,2026-07-08,Misc. Pre-Application regarding a development of a property with a base configuration of 26 flats with a Density bonus addition of 13 flats for a total of 39 fl,Planning_2023-08-23_2023-08-26
DRCP2023-0014,Planning,census,Design Review Committee Preliminary,screen,110,description,census,2530 BANCROFT WAY,055-1877-016-01,2023-09-06,,,Approved,2026-07-08,SB-330 PROJECT: Removal of existing commercial structure. Construction of a new 12-story mixed use housing development over ground-level commercial and lobbies ,Planning_2023-09-04_2023-09-07
ZP2023-0126,Planning,census,Zoning Permit,screen,110,description,census,2530 BANCROFT WAY,055-1877-016-01,2023-09-06,,,Approved,2026-07-08,SB-330 PROJECT: Removal of existing commercial structure. Construction of a new 12-story mixed use housing development over ground-level commercial and lobbies ,Planning_2023-09-04_2023-09-07
DRCF2023-0005,Planning,census,Design Review Committee Final,screen,28,description,census,2480 BANCROFT WAY,055-1878-022-00,2023-09-08,,,Approved,2026-07-08,Demolish an existing one story retail building and construct a new eight story mixed-use building with 28 residential units. Proposed restaurant space on the fi,Planning_2023-09-08_2023-09-11
DRCP2023-0015,Planning,census,Design Review Committee Preliminary,screen,72,description,census,2550 SHATTUCK AVE,055-1821-001-01,2023-09-25,,,Approved,2026-07-08,"Use permit for SB-330 project that demos two existing two story commercial structures, to construct a seven-story mixed-use development with 72 dwelling units, ",Planning_2023-09-24_2023-09-27
ZP2023-0138,Planning,census,Zoning Permit,screen,72,description,census,2550 SHATTUCK AVE,055-1821-001-01,2023-09-25,,,Approved,2026-07-08,"Demolish a two-story (25 feet) 14,296 square-foot non-residential building, and construct a seven-story (75 feet) 68,672 square-foot mixed-use building, with 72",Planning_2023-09-24_2023-09-27
PLN2023-0073,Planning,census,Pre-Application,screen,111,description,census,2480 SHATTUCK,055-1897-001-03,2023-10-30,,,Closed,2026-07-08,SB 330 Preliminary Application: Eight Story Mixed-Use with 111 residential units above 2000 sq ft of retail space; 3750 sq ft of residential amenities and lobbi,Planning_2023-10-30_2023-11-02
PLN2023-0080,Planning,census,Pre-Application,screen,66,description,capdetail,2462 BANCROFT Way,,2023-11-16,,,Closed,2026-09-21,SB 330 Preliminary Application for the removal of existing two-story commercial structure and construction of a new eight- story mixed-use building with 66 dwel,Planning_2023-11-15_2023-11-18
PLN2023-0081,Planning,census,Pre-Application,screen,293,description,census,2700 SHATTUCK,054-1723-001-00,2023-11-21,,,Closed,2026-07-08,SB 330 Preliminary Application: Removal of existing commercial structures and new construction of a 9-story mixed-use housing development with 293 dwelling unit,Planning_2023-11-19_2023-11-22
PLN2023-0083,Planning,census,Pre-Application,screen,599,description,census,1998 Shattuck,057-2053-003-01,2023-11-30,,,Closed,2026-07-08,"SB 330 Preliminary Application: Demolition of structures at the following addresses: 1950,1974,1984,1998 Shattuck Ave & 2071 University. Construction of a 28-st",Planning_2023-11-27_2023-11-30
PLN2023-0086,Planning,census,Pre-Application,screen,95,description,capdetail,2655 SHATTUCK Ave,,2023-12-04,,,Closed,2026-09-21,"SB 330 Preliminary Application: • Demolition of one commercial building • Eight-story building (83,325 square feet) mixed-use/residential building • 95 units • ",Planning_2023-12-01_2023-12-04
PLN2023-0085,Planning,census,Pre-Application,screen,80,description,capdetail,2955 SHATTUCK Ave,,2023-12-04,,,Closed,2026-09-21,"SB 330 Preliminary Application to: Demolish two - 1 story commercial buildings and one - 2 story commercial building and build a eight story 78,072 SQFT (GFA) -",Planning_2023-12-01_2023-12-04
PLN2023-0084,Planning,census,Pre-Application,screen,19,description,capdetail,2417 CARLETON St COM * View Additional Locations>>1) 2417 CARLETON St 1 2) 2417 CARLETON St 2 3) 2417 CARLETON St 3 4) 2417 CARLETON St 4 5) 2417 CARLETON St 5 6) 2614 TELEGRAPH Ave,,2023-12-01,,,Closed,2026-09-21,"SB 330 Preliminary Application to demolish a residential building and a commercial building, and construct a four-story 29,479 sq. ft. mixed-use/residential bui",Planning_2023-12-01_2023-12-04
PLN2023-0090,Planning,census,Pre-Application,screen,132,description,capdetail,2420 SHATTUCK Ave,,2023-12-08,,,Closed,2026-09-21,"SB 330 Preliminary Application for demolition of 2 commercial buildings and construct a 17-story building (181 feet, 3 inches in height) with mixed-use building",Planning_2023-12-05_2023-12-08
PLN2023-0089,Planning,census,Pre-Application,screen,223,description,capdetail,2601 SAN PABLO Ave,,2023-12-08,,,Closed,2026-09-21,"SB 330 Preliminary Application: Demolition of a 2-unit residential building and construction of an 8-story mixed-use building (86,336 gross square-feet) with 22",Planning_2023-12-05_2023-12-08
DRCP2023-0018,Planning,census,Design Review Committee Preliminary,screen,201,description,census,2108 MILVIA,057-2022-003-01,2023-12-12,,,Approved,2026-07-08,"Proposed construction of a 209,296 sq ft, Mixed-used residential and commercial building with 201 Apartments, 4 ground floor live-work units and 1 commercial sp",Planning_2023-12-09_2023-12-12
ZP2023-0163,Planning,census,Zoning Permit,screen,201,description,capdetail,2100 MILVIA St,,2023-12-12,,,Approved,2026-09-21,"Demolish existing two story office building to allow for construction of a new mixed use eight-story development with 201 dwelling units, 4 live-work units, 1 c",Planning_2023-12-09_2023-12-12
PLN2023-0093,Planning,census,Pre-Application,screen,56,description,capdetail,2276 SHATTUCK Ave,,2023-12-14,,,Closed,2026-09-21,"SB330 Preliminary Application: Retaining of the existing east and south facades of the existing morse block building; Reduction of existing 32,350 square feet o",Planning_2023-12-13_2023-12-16
PLN2023-0092,Planning,census,Pre-Application,screen,152,description,census,2733 SAN PABLO,054-1742-032-00,2023-12-13,,,Closed,2026-07-08,"SB 330 Preliminary Application: Preliminary application for the construction of an new eight-story, 152-unit mixed use housing development with 84,504 sf of res",Planning_2023-12-13_2023-12-16
PLN2023-0091,Planning,census,Pre-Application,screen,132,description,census,2109 VIRGINIA,058-2178-018-00,2023-12-13,,,Closed,2026-07-08,"SB 330 Preliminary Application for the construction of a new 7-story, 132-unit mixed use housing development with 84,803 sf of new residential use, parking gara",Planning_2023-12-13_2023-12-16
PLN2023-0099,Planning,census,Pre-Application,screen,156,description,census,1581 UNIVERSITY,057-2071-006-01,2023-12-20,,,Closed,2026-07-08,SB-330 Preliminary Application for the demolition of 2 existing non-landmarked mixed-use structures and surface parking for the construction of a new eight-stor,Planning_2023-12-17_2023-12-20
PLN2023-0096,Planning,census,Pre-Application,screen,221,description,census,2920 SHATTUCK,053-1590-005-01,2023-12-18,,,Closed,2026-07-08,"SB-330 Preliminary application for the construction of a ten-story, 221-unit mixed-use housing development. 109,858 sf of new residential use, 9 parking spots a",Planning_2023-12-17_2023-12-20
PLN2023-0102,Planning,census,Pre-Application,screen,136,description,capdetail,2847 SHATTUCK Ave,,2023-12-22,,,Closed,2026-09-21,"SB 330 Preliminary Application for demolition of a commercial building and construction of a 9-story, 58,954-square-foot (gross floor area) mixed-use/residentia",Planning_2023-12-21_2023-12-24
PLN2023-0101,Planning,census,Pre-Application,screen,96,description,capdetail,2720 SAN PABLO Ave,,2023-12-22,,,Closed,2026-09-21,"SB 330 Preliminary Application for demolition of existing commercial structures, and construction of a 7-story, 41,975-square-foot (gross floor area) mixed-use/",Planning_2023-12-21_2023-12-24
PLN2023-0100,Planning,census,Pre-Application,screen,168,description,census,1899 OXFORD,058-2181-019-05,2023-12-21,,,Closed,2026-07-08,"SB-330 Preliminary Application for the demolition of an existing non-landmarked structure and surface parking for the construction of a new seven-story, 168-uni",Planning_2023-12-21_2023-12-24
PLN2024-0009,Planning,census,Pre-Application,screen,36,description,census,2442 Haste Street,055-1881-018-00,2024-02-06,,,Closed,2026-07-08,"SB 330 Pre-App: Proposing the demolition of existing three-story residential building and construct an eight-story 41,633 square-foot residential building; Dens",Planning_2024-02-03_2024-02-06
PLN2024-0011,Planning,census,Pre-Application,screen,66,description,capdetail,2138 Kittredge Street,057-2029-015-00,2024-02-14,,,Under Review,2026-09-21,"SB 330 Pre-Application to demolish an existing 3-unit residential building and construct an 8 story 42,951 square-foot residential building; Density Bonus Proje",Planning_2024-02-11_2024-02-14
PLN2024-0010,Planning,census,Pre-Application,screen,739,description,capdetail,1750 SACRAMENTO St,,2024-02-20,,,Approved,2026-09-21,AB 2011 Ministerial Application. The proposed project is a transit-oriented in-fill development of 13 mixed-use and multi-family residential buildings totaling ,Planning_2024-02-19_2024-02-22
ZP2024-0027,Planning,census,Zoning Permit,screen,32,description,capdetail,2614 TELEGRAPH Ave,,2024-03-01,,,Approved,2026-09-21,"SB-330 Mixed-Use Housing Development Project. Use Permit to merge two parcels, demolish a single-family dwelling (2614 Telegraph) and a commercial office (2417 ",Planning_2024-02-27_2024-03-01
ZP2024-0029,Planning,census,Zoning Permit,screen,79,description,census,2680 BANCROFT WAY,055-1871-001-03,2024-03-04,,,Approved,2026-07-08,"Use Permit #ZP2024-0029 to demolish the parking lot ancillary to the Bancroft Hotel at 2680 Bancroft Way to construct a 32,241 square-foot, 8-story (88 feet) mu",Planning_2024-03-02_2024-03-05
DRCP2024-0002,Planning,census,Design Review Committee Preliminary,screen,19,description,capdetail,2614 TELEGRAPH Ave,,2024-03-06,,,Approved,2026-09-21,"SB-330 Mixed-Use Housing Development Project for the construction of two, 4-story buildings with a total of 19 units with 28,748-sqft of residential area, and 7",Planning_2024-03-06_2024-03-09
PLN2024-0018,Planning,census,Pre-Application,screen,22,description,capdetail,2317 CHANNING WAY,055-1884-006-00,2024-03-13,,,Under Review,2026-09-21,"The proposed project is a modification to approved UPPH - ZP2020-0090. The modification includes raising the building out of the ground, increasing the max buil",Planning_2024-03-10_2024-03-13
ZP2024-0033,Planning,census,Zoning Permit,screen,22,description,census,2317 CHANNING WAY,055-1884-006-00,2024-03-13,,,Approved,2026-07-08,"2317 Channing Avenue Use Permit Modification #ZP2024-0033 to modify the project originally approved under #ZP2020-0090 to construct a five-story (50 feet), 17,0",Planning_2024-03-10_2024-03-13
PLN2024-0023,Planning,census,Pre-Application,screen,70,description,capdetail,2334 DURANT,055-1884-018-00,2024-03-25,,,Pending,2026-09-21,"Pre App requesting feedback on a project proposing a six-story, 70 unit development consisting of 100% affordable housing to low income households (80% AMI). Ap",Planning_2024-03-22_2024-03-25
DRCF2024-0002,Planning,census,Design Review Committee Final,screen,58,description,capdetail,2127 DWIGHT Way,,2024-03-28,,,Approved,2026-09-21,The Project will demolish two of four existing residential buildings (eliminating 8 of 16 units total The Project will replace these two buildings with a 6-stor,Planning_2024-03-26_2024-03-29
DRCF2024-0001,Planning,census,Design Review Committee Final,screen,144,description,census,3030 Telegraph,052-1576-027-01,2024-03-28,,,Approved,2026-07-08,"The Project proposes the demolition of an existing -10,000 SF medical office building and 2 residential buildings each with 2 vacant apartments (4 apartments to",Planning_2024-03-26_2024-03-29
DRCF2024-0003,Planning,census,Design Review Committee Final,screen,36,description,capdetail,2403 SAN PABLO Ave,,2024-04-08,,,Approved,2026-09-21,"The project is a (4) story co-housing building with 36 units. The ground floor contains a retail space along San Pablo Ave, with garage parking off of Channing ",Planning_2024-04-07_2024-04-10
DRCP2024-0004,Planning,census,Design Review Committee Preliminary,screen,94,description,capdetail,80 Shattuck,,2024-04-26,,,Incomplete Pending Applicant,2026-09-21,"Mixed-Use Housing Development Project, to construct an eight-story building, 134,115 sqft mixed-use building, with 94 residential units.",Planning_2024-04-23_2024-04-26
ZP2024-0047,Planning,census,Zoning Permit,screen,94,description,capdetail,80 SHATTUCK,,2024-04-26,,,Corrections Pending Applicant,2026-09-21,"SB-330 Mixed-Use Housing Development Project for the construction of an eight story building with 94 residential units, 2,438-sqft of retail space; 4,653-sqft o",Planning_2024-04-23_2024-04-26
DRCF2024-0004,Planning,census,Design Review Committee Final,screen,207,description,capdetail,1598 UNIVERSITY Ave,,2024-05-02,,,Approved,2026-09-21,"REMOVAL OF TWO EXISTING 1 STORY COMMERCIAL STRUCTURES & CONSTRUCTION OF A NEW 8-STORY MIXED-USE BUILDING WITH 207 DWELLING UNITS, GROUND LEVEL LOBBY AND AMENITI",Planning_2024-05-01_2024-05-04
DRCP2024-0006,Planning,census,Design Review Committee Preliminary,screen,276,description,census,2700 SHATTUCK AVENUE,054-1723-001-00,2024-05-14,,,Approved,2026-07-08,Design review for a use permit to demolish an existing commercial structure and construct a eight-story mixed-use housing development with 276 dwelling units.,Planning_2024-05-13_2024-05-16
ZP2024-0058,Planning,census,Zoning Permit,screen,276,description,capdetail,2700 SHATTUCK AVENUE,054-1723-001-00,2024-05-14,,,Appealed,2026-09-21,SB330 project to demolish an existing commercial structure and construct a eight-story mixed-use housing development with 276 dwelling units.,Planning_2024-05-13_2024-05-16
DRCP2024-0005,Planning,census,Design Review Committee Preliminary,screen,97,description,census,2655 SHATTUCK AVENUE,055-1826-018-02,2024-05-22,,,Approved,2026-07-08,"Demolish an existing 1-story commercial building to construct an 85-foot tall, 83,479 square foot, 8-story Mixed Use residential/commercial building. Total of 9",Planning_2024-05-21_2024-05-24
ZP2024-0057,Planning,census,Zoning Permit,screen,97,description,census,2655 SHATTUCK AVENUE,055-1826-018-02,2024-05-22,,,Approved,2026-07-08,"Demolish an existing 1-story commercial building to construct an 85-foot tall, 83,479 square foot, 8-story Mixed Use residential/commercial building. Total of 9",Planning_2024-05-21_2024-05-24
DRCP2024-0008,Planning,census,Design Review Committee Preliminary,screen,36,description,census,2442 HASTE ST,055-1881-018-00,2024-06-05,,,Approved,2026-07-08,"SB330 project to demolish an existing three-story residential building with four units, and construct a eight-story, 85-feet tall residential building, with 36 ",Planning_2024-06-02_2024-06-05
ZP2024-0070,Planning,census,Zoning Permit,screen,38,description,census,2442 HASTE ST,055-1881-018-00,2024-06-05,,,Approved,2026-07-08,"Revised Project Description based on resubmittal of 03/11/2025: On March 11, 2025, staff received application material resubmitted for the zoning permit applica",Planning_2024-06-02_2024-06-05
ZP2024-0067,Planning,census,Zoning Permit,screen,56,description,capdetail,2276 SHATTUCK Ave,,2024-06-05,,,Pending Final Action,2026-09-21,"SB330 Preliminary Application: Retaining of the existing east and south facades of the existing morse block building; Reduction of existing 32,350 square feet o",Planning_2024-06-02_2024-06-05
DRCP2024-0007,Planning,census,Design Review Committee Preliminary,screen,131,description,census,2109 VIRGINIA,058-2178-018-00,2024-06-04,,,Approved,2026-07-08,"Demolition of existing non-landmarked 2-story commercial structure and surface parking. Construction of a new 8-story(88'-4"" tall), 131-unit mixed-use housing d",Planning_2024-06-02_2024-06-05
ZP2024-0066,Planning,census,Zoning Permit,screen,131,description,census,2109 VIRGINIA STREET,058-2178-018-00,2024-06-04,,,Approved,2026-07-08,"Demolition of existing non-landmarked 2-story commercial structure and surface parking. Construction of a new 8-story(88'-4"" tall), 131-unit mixed-use housing d",Planning_2024-06-02_2024-06-05
DRCP2024-0009,Planning,census,Design Review Committee Preliminary,screen,74,description,capdetail,2955 SHATTUCK AVENUE,053-1589-018-01,2024-06-11,,,Application Complete,2026-09-21,State Density Bonus Project to merge two lots and demolish (2) existing 2-story commercial structures and (1) existing 1-story commercial structure. The propose,Planning_2024-06-10_2024-06-13
ZP2024-0071,Planning,census,Zoning Permit,screen,74,description,capdetail,2955 SHATTUCK AVENUE,053-1589-018-01,2024-06-11,,,Pending Final Action,2026-09-21,State Density Bonus Project to merge two lots and demolish (2) existing 2-story commercial structures and (1) existing 1-story commercial structure. The propose,Planning_2024-06-10_2024-06-13
DRCP2024-0010,Planning,census,Design Review Committee Preliminary,screen,158,description,capdetail,1581 UNIVERSITY Ave,,2024-06-17,,,Incomplete Pending Applicant,2026-09-21,"SB-330 Project - Demolition of 2 existing non-landmarked mixed-use structures and surface parking to construct a new 88'6"", 7-story, 158-unit mixed-use housing ",Planning_2024-06-14_2024-06-17
ZP2024-0074,Planning,census,Zoning Permit,screen,158,description,capdetail,1581 UNIVERSITY,057-2071-006-01,2024-06-14,,,Corrections Pending Applicant,2026-09-21,"SB-330 Project - Demolition of 2 existing non-landmarked mixed-use structures and surface parking to construct a new 88'6"", 7-story, 158-unit mixed-use housing ",Planning_2024-06-14_2024-06-17
ZP2024-0079,Planning,census,Zoning Permit,screen,87,description,capdetail,2036 BANCROFT,055-1894-017-04,2024-06-19,,,In Review,2026-09-21,"SB-330 Project - Demolition of two existing landmarked buildings and a partial landmarked commercial office building to construct an 85', 8-story, multi-family ",Planning_2024-06-18_2024-06-21
DRCP2024-0013,Planning,census,Design Review Committee Preliminary,screen,136,description,capdetail,2847 SHATTUCK,053-1686-020-00,2024-06-18,,,Incomplete Pending Applicant,2026-09-21,"SB-330 Project - Demolition of existing non-landmarked mixed-use structure and surface parking to construct a new 9-story, 102'0"" in height, 136-unit mixed-use ",Planning_2024-06-18_2024-06-21
ZP2024-0077,Planning,census,Zoning Permit,screen,136,description,capdetail,2847 SHATTUCK,053-1686-020-00,2024-06-18,,,In Review,2026-09-21,"SB-330 Project - Demolition of existing non-landmarked mixed-use structure and surface parking to construct a new 9-story, 102'0"" in height, 136-unit mixed-use ",Planning_2024-06-18_2024-06-21
DRCP2024-0012,Planning,census,Design Review Committee Preliminary,screen,117,description,capdetail,2720 SAN PABLO,054-1744-007-00,2024-06-18,,,Incomplete Pending Applicant,2026-09-21,"SB-330 Project: Demolition of existing non-landmarked mixed-use structure and surface parking for the construction of a new eight-story, 88'10"" in height, 117-u",Planning_2024-06-18_2024-06-21
ZP2024-0076,Planning,census,Zoning Permit,screen,117,description,capdetail,2720 SAN PABLO,054-1744-007-00,2024-06-18,,,In Review,2026-09-21,"SB-330 Project - Demolition of existing non-landmarked mixed-use structure and surface parking for the construction of a new eight-story, 88'10"" in height, 117-",Planning_2024-06-18_2024-06-21
DRCP2024-0011,Planning,census,Design Review Committee Preliminary,screen,214,description,census,1899 OXFORD STREET,058-2181-019-05,2024-06-18,,,Approved,2026-07-08,"SB-330 Project - Demolition of existing non-landmarked mixed-use structure and surface parking to construct a new 7-story, 214-unit mixed use housing developmen",Planning_2024-06-18_2024-06-21
ZP2024-0075,Planning,census,Zoning Permit,screen,8,description,census,1899 OXFORD,058-2181-019-05,2024-06-18,,,Approved,2026-07-08,"SB-330 Project - Use Permit to demolish a two-story multifamily building (8 units), merge two lots, and construct a 7-story, (78 feet, 9 inches in maximum heigh",Planning_2024-06-18_2024-06-21
PLN2024-0049,Planning,census,Pre-Application,screen,117,description,capdetail,2425 DURANT AVENUE,055-1878-007-01,2024-08-08,,,Under Review,2026-09-21,SB 330 Pre-App to construct a residential building with approximately 117 apartments. This projects involves the demolition of three existing residential buildi,Planning_2024-08-05_2024-08-08
ZP2024-0114,Planning,census,Zoning Permit,screen,66,description,census,2138 KITTREDGE STREET,057-2029-015-00,2024-08-12,,,Approved,2026-07-08,"Use Permit Application to demolish an existing 3-unit residential building and construct an 8 story 42,951 square-foot residential building; Density Bonus Proje",Planning_2024-08-09_2024-08-12
DRCP2024-0015,Planning,census,Design Review Committee Preliminary,screen,66,description,census,2138 KITTREDGE STREET - PDR,057-2029-015-00,2024-08-22,,,Approved,2026-07-08,"Design Review Application to demolish an existing 3-unit residential building and construct an 8 story 42,951 square-foot residential building; Density Bonus Pr",Planning_2024-08-21_2024-08-24
DRCF2024-0005,Planning,census,Design Review Committee Final,screen,52,description,census,2587 TELEGRAPH AVE,055-1839-019-01,2024-08-26,,,Approved,2026-07-08,"The proposed project is an 8-story mixed use development with 52 dwelling units and approximately 2,900 square feet of ground-floor commercial space for rent. T",Planning_2024-08-25_2024-08-28
ZP2024-0131,Planning,census,Zoning Permit,screen,148,description,capdetail,2115 KITTREDGE STREET,057-2030-008-00,2024-09-16,,,Incomplete Pending Applicant,2026-09-21,Construction of a twenty-three-story building with a live performance theater and 148 dwelling units that will retain the original primary south facade of the b,Planning_2024-09-14_2024-09-17
PLN2024-0054,Planning,census,Pre-Application,screen,63,description,capdetail,2372 ELLSWORTH STREET,055-1887-003-00,2024-09-20,,,Under Review,2026-09-21,"SB-330 Project: Demolition of existing building to construct a seven-story, 49,900-square-foot residential building. A total of 63 units comprised of studios, t",Planning_2024-09-18_2024-09-21
ZP2024-0147,Planning,census,Zoning Permit,screen,4,description,capdetail,2420 Ashby,052-1573-078-02,2024-10-08,,,In Review,2026-09-21,"Use Permit to convert a nonconforming medical office use to a multifamily residential use by reconfiguring interior space to create 4 dwelling units, establish ",Planning_2024-10-08_2024-10-11
ZP2024-0169,Planning,census,Zoning Permit,screen,49,description,census,2372 ELLSWORTH STREET,055-1887-003-00,2024-11-19,,,Approved,2026-07-08,"SB-330 project to demolish one existing one-story commercial building and surface parking lot, and construct a 7-Story (approximately 85 feet) 49,900 square fee",Planning_2024-11-17_2024-11-20
ZP2024-0170,Planning,census,Zoning Permit,screen,52,description,census,2587 Telegraph,055-1839-019-01,2024-11-26,,,Approved,2026-07-08,Use Permit Modification to ZP2023-0068 for the construction of an eight-story mixed-use development with 52 dwelling units and 2500 square-feet of ground-floor ,Planning_2024-11-25_2024-11-28
PLN2024-0070,Planning,census,Pre-Application,screen,160,description,capdetail,2029 University student housing,,2024-12-10,,,Under Review,2026-09-21,"SB 330 Pre-app to demolish a two-story commercial building, and construct a 23-story (256-foot) 160-unit multifamily development, with 12 Very Low-Income units,",Planning_2024-12-07_2024-12-10
PLN2024-0069,Planning,census,Pre-Application,screen,240,description,capdetail,2029 UNIVERSITY AVENUE APARTMENTS,,2024-12-10,,,Under Review,2026-09-21,"SB 330 Pre-app to demolish a two-story commercial building, and construct a 23-story (256-foot) 240-unit multifamily development, with 18 Very Low-Income units,",Planning_2024-12-07_2024-12-10
DRCF2024-0006,Planning,census,Design Review Committee Final,screen,456,description,census,2128 OXFORD STREET,057-2031-001-01,2024-12-09,,,Approved,2026-07-08,New construction of 26 stories Mixed Use Development that consists of commercial ground floor and 456 dwelling units with 40 affordable units and 36 parking sta,Planning_2024-12-07_2024-12-10
ZP2024-0182,Planning,census,Zoning Permit,screen,160,description,capdetail,2029 University Avenue,057-2053-008-01,2024-12-19,,,Pending Final Action,2026-09-21,"The project is the construction of a new 23-story (256'-0""), 160-unit student housing development with 189,650 sf of new residential use and parking garage for ",Planning_2024-12-19_2024-12-22
ZP2024-0181,Planning,census,Zoning Permit,screen,240,description,capdetail,2029 University Avenue,057-2053-008-01,2024-12-19,,,Pending Final Action,2026-09-21,"The project is the construction of a new 23-story (256'-0""), 240-unit housing development with 190,878_sf of new residential use and parking garage for up to 29",Planning_2024-12-19_2024-12-22
DRCP2025-0002,Planning,census,Design Review Committee Preliminary,screen,160,description,census,2029 University - Student Housing,057-2053-008-01,2025-01-09,,,Approved,2026-07-08,"The project is the construction of a new 23-story (256'-0""), 160-unit student housing development with 189,650 sf of new residential use and parking garage for ",Planning_2025-01-08_2025-01-11
DRCP2025-0001,Planning,census,Design Review Committee Preliminary,screen,240,description,census,2029 University - Multi-Family,057-2053-008-01,2025-01-09,,,Approved,2026-07-08,"The project is the construction of a new 23-story (256'-0""), 240-unit housing development with 190,878_sf of new residential use and parking garage for up to 29",Planning_2025-01-08_2025-01-11
PLN2025-0019,Planning,census,Pre-Application,screen,18,description,census,2344 FULTON STREET,055-1892-004-00,2025-05-01,,,Closed,2026-07-08,Pre-application request for a meeting with LUP staff and feedback for a proposed project for an 18-residential unit multi-family dwelling (apartment building).,Planning_2025-04-30_2025-05-03
PLN2025-0053,Planning,census,Pre-Application,screen,68,description,capdetail,2330 DURANT Ave,,2025-06-13,,,Under Review,2026-09-21,"SB 330 Preliminary Application for the removal of all of existing structures and new construction of a 100% affordable 65,585 sq. ft. 6-story housing developmen",Planning_2025-06-13_2025-06-16
PLN2025-0038,Planning,census,Pre-Application,screen,68,description,capdetail,2330 DURANT,055-1884-017-00,2025-06-13,,,Under Review,2026-09-21,"Removal of all of existing structures and new construction of a 100% affordable 65,585 sq. ft. 6-story housing development with 68 dwelling units using a state ",Planning_2025-06-13_2025-06-16
PLN2025-0047,Planning,census,Pre-Application,screen,6,description,capdetail,1745 CEDAR St,,2025-06-27,,,Closed,2026-09-21,This is a preliminary application for a SB-684 Subdivision Homeownership Project which vests rights under zoning applicable as of the submittal date per Califor,Planning_2025-06-25_2025-06-28
PLN2025-0040,Planning,census,Pre-Application,screen,6,description,census,1745 CEDAR,059-2275-016-00,2025-06-27,,,Closed,2026-07-08,"The project is the construction of a new 3-story (35'-0""), 6-unit housing development with 8,976 sf of new residential use and 6 parking spots. Project includes",Planning_2025-06-25_2025-06-28
PLN2025-0050,Planning,census,Pre-Application,screen,6,description,capdetail,1850 BERRYMAN ST,,2025-06-25,,,Under Review,2026-09-21,"Preliminary application for the construction of a new 3-story residential development with 7,272 sf of new residential use, 6 dwelling units and ground level pa",Planning_2025-06-25_2025-06-28
PLN2025-0039,Planning,census,Pre-Application,screen,58,description,capdetail,2001 CENTER STREET,057-2023-013-00,2025-07-08,,,Closed,2026-09-21,Pre-Application Project Feedback on project to convert office building to mixed-use with commercial ground floor and approx. 58 residential units above.,Planning_2025-07-07_2025-07-10
ZP2025-0069,Planning,census,Zoning Permit,screen,3,description,capdetail,3101 SACRAMENTO STREET,052-1542-017-00,2025-07-28,,,Pending Final Action,2026-09-21,"Create a first-floor building shell for a future tenant. Remove (e) partial second floor framing (1st floor ceiling frame), fire-damaged framing, and replace in",Planning_2025-07-27_2025-07-30
PLN2025-0052,Planning,census,Pre-Application,screen,6,description,capdetail,1850 BERRYMAN,,2025-08-01,,,Under Review,2026-09-21,"Preliminary application for the construction of a new 3-story residential development with 7,272 sf of new residential use, 6 dwelling units and ground level pa",Planning_2025-07-31_2025-08-03
PLN2025-0055,Planning,census,Pre-Application,screen,45,description,census,2727 HASTE STREET,055-1868-005-00,2025-08-19,,,Closed,2026-07-08,"SB330 Preliminary Application for demolition of an existing non-landmarked group living residential structure and new construction of a 17,738 sf, 6-story (66')",Planning_2025-08-16_2025-08-19
ZP2025-0079,Planning,census,Zoning Permit,screen,12,description,census,1740 UNIVERSITY,056-2011-022-00,2025-08-19,,,Approved,2026-07-08,"Use Permit with Public Hearing to convert an existing 12,503 SF, 31 feet in maximum height two story commercial building into a mixed-use building with 12 resid",Planning_2025-08-16_2025-08-19
ZP2025-0086,Planning,census,Zoning Permit,screen,4,description,census,2705 BENVENUE,054-1709-028-00,2025-09-05,,,Approved,2026-07-08,Reasonable Accommodation Request to demolish and reconstruct the interior staircase and combine the existing dwelling unit on the first floor and the two dwelli,Planning_2025-09-05_2025-09-08
PLN2025-0058,Planning,census,Pre-Application,screen,4,description,capdetail,2812 EIGHTH STREET,053-1658-005-03,2025-09-11,,,Under Review,2026-09-21,"Demolish unoccupied single-family residence and a garden shed and construct 4 residential units in 3 separate buildings, each 3 stories. There is a total square",Planning_2025-09-09_2025-09-12
PLN2025-0066,Planning,census,Pre-Application,screen,68,description,capdetail,2455 TELEGRAPH AVE,055-1875-029-00,2025-09-30,,,Under Review,2026-09-21,"SB 330 preliminary application to retain historic mural and front facade of the non-residential building at 2455 Telegraph Ave, while demolishing the rest of th",Planning_2025-09-29_2025-10-02
PLN2025-0100,Planning,census,Pre-Application,screen,68,description,capdetail,2330 DURANT AVE,055-1884-017-00,2025-11-14,,,Pending,2026-09-21,"SB 35 Development Application: Removal of all of existing structures and new construction of a 100% affordable 65,585 sq. ft. 6-story housing development with 6",Planning_2025-11-12_2025-11-15
ZP2025-0107,Planning,census,Zoning Permit,screen,58,description,capdetail,2001 CENTER STREET,057-2023-013-00,2025-11-26,,,Corrections Pending Applicant,2026-09-21,"To convert the existing 7-story, ~35,904 sq.ft. office building in Berkeley, converting Levels 2–7 into ~58 residential units and keeping ground-floor retail. T",Planning_2025-11-24_2025-11-27
ZP2025-0105,Planning,census,Zoning Permit,screen,50,description,census,2712 TELEGRAPH,054-1714-005-01,2025-11-25,,,Approved,2026-07-08,"Use Permit Modification #ZP2025-0105 to modify the project originally approved under #ZP2022-0179,to construct a six-story (70 feet, 7 inches), 43,525 square-fo",Planning_2025-11-24_2025-11-27
DRCF2025-0003,Planning,census,Design Review Committee Final,screen,36,description,census,2442 HASTE ST,055-1881-018-00,2025-12-19,,,Approved,2026-07-08,"SB330 project to demolish an existing three-story residential building with four units, and construct a eight-story, 85-feet tall residential building, with 36 ",Planning_2025-12-18_2025-12-21
ZP2026-0007,Planning,census,Zoning Permit,screen,45,description,capdetail,2727 HASTE STREET,055-1868-005-00,2026-01-15,,,In Review,2026-09-21,"Use Permit #ZP2026-0007 to construct a new 6-story (66’-3”), 45-unit housing development, with 34,526-square-feet of new residential use. The project includes a",Planning_2026-01-15_2026-01-18
PLN2026-0032,Planning,census,Pre-Application,screen,94,description,capdetail,2147 SAN PABLO Ave,,2026-01-26,,,Under Review,2026-09-21,"AB 2011 Ministerial Application. New Construction for 100% Affordable Workforce Housing: a mix of 94 units (Studios, 2 BR and 3BR) with parking for 46 cars. Tot",Planning_2026-01-23_2026-01-26
PLN2026-0035,Planning,census,Pre-Application,screen,3,description,census,2336 DWIGHT,055-1831-029-00,2026-01-29,,,Closed,2026-07-08,"Request for project feedback on proposal of 3-unit, 3-story building. Each unit will be 1350 square feet and have 4 bedrooms.",Planning_2026-01-27_2026-01-30
ZP2026-0015,Planning,census,Zoning Permit,screen,68,description,capdetail,2455 TELEGRAPH,055-1875-029-00,2026-02-10,,,Pending Final Action,2026-09-21,"to demolish a non-residential building at 2506 Haste Street and construct a 85,000 square-foot, 8-story mixed-use building, including ground-floor record store ",Planning_2026-02-08_2026-02-11
PLN2026-0074,Planning,census,Pre-Application,screen,45,description,capdetail,2298 DURANT,055-1887-001-00,2026-03-06,,,Under Review,2026-09-21,"SB330 Pre-Application to demolish a non-residential building and construct a 49,950 sq. ft., Seven-story (85 ft.),45-unit building including 2 VLI units.",Planning_2026-03-04_2026-03-07
PLN2026-0083,Planning,census,Pre-Application,screen,8,description,census,2200 FIFTH ST,056-1958-003-01,2026-03-19,,,Closed,2026-07-08,"TO CONSTRUCT A 3-STORY MULTI-FAMILY RESIDENTIAL BUILDING, INCLUDING 8 NEW TOWNHOMES IN THE MU-R",Planning_2026-03-16_2026-03-19
ZP2026-0040,Planning,census,Zoning Permit,screen,23,description,capdetail,2330 PRINCE ST,052-1557-001-00,2026-03-20,,,In Review,2026-09-21,"Project consists of the demolition of three buildings including a 6,800 square-foot 2-story church, a 6,200 square-foot 1-story school and paved playground, and",Planning_2026-03-20_2026-03-23
DRCF2026-0002,Planning,census,Design Review Committee Final,screen,66,description,census,2138 KITTREDGE STREET - Final Design Review,057-2029-015-00,2026-04-02,,,Approved,2026-07-08,"Design Review Application to demolish an existing 3-unit residential building and construct an 8 story 42,951 square-foot residential building; Density Bonus Pr",Planning_2026-04-01_2026-04-04
DRCF2026-0001,Planning,census,Design Review Committee Final,screen,51,description,census,2449 Dwight Avenue Final Design Review,055-1881-004-00,2026-04-02,,,Approved,2026-07-08,"Renovation of existing 4-story 27,456 square foot, mixed-use building, and add 4 additional stories of residential dwelling units, resulting in an 8-story, 56,2",Planning_2026-04-01_2026-04-04
PLN2026-0118,Planning,census,Pre-Application,screen,12,description,capdetail,2709 CHANNING Way,,2026-04-07,,,Under Review,2026-09-21,"SB 330 preliminary application to renovate an existing 12-unit three-story multifamily building and construct a new 6-story, 24,659 sf, 60'-8"" tall multifamily ",Planning_2026-04-05_2026-04-08
PLN2026-0115,Planning,census,Pre-Application,screen,23,description,capdetail,2437 WARRING STREET,055-1865-014-01,2026-04-30,,,Under Review,2026-09-21,"As stated in the submitted SB 330 preliminary development application materials, the proposed project would be an addition (less than 50% of exterior walls and ",Planning_2026-04-29_2026-05-02
DRCF2026-0003,Planning,census,Design Review Committee Final,screen,17,description,capdetail,2800 TELEGRAPH AVENUE,053-1689-001-00,2026-05-07,,,Application Complete,2026-09-21,"Final Design Review for Demolition of existing (3,694 SF) single-story commercial structure and construction of new (19,605 SF) 6-story 17-unit multifamily buil",Planning_2026-05-07_2026-05-10
PLN2026-0141,Planning,census,Pre-Application,screen,60,description,capdetail,2201 SAN PABLO AVENUE,056-1983-038-01,2026-06-03,,,Under Review,2026-09-21,"SB 330 preliminary application to construct a new 50,640 sf, 78'-7"" height, 6-story mixed use residential development with 60 residential units, including 6 VLI",Planning_2026-05-31_2026-06-03
PLN2026-0147,Planning,census,Pre-Application,screen,5,description,capdetail,1922 TENTH,057-2089-009-05,2026-06-24,,,Under Review,2026-09-21,"Request to meet with Land Use staff to discuss project which involves demolishing an existing, fire-burned house at 1922 Tenth street, merging the two lots toge",Planning_2026-06-24_2026-06-27
PLN2026-0155,Planning,census,Pre-Application,screen,40,description,capdetail,2032 FRANCISCO STREET,058-2176-027-00,2026-07-07,,,Under Review,2026-09-21,"SB330 pre-application to construct a new 6-story (69'-6""), 40-unit housing development with 48,223 sf of residential area and a 10,224 sf garage with up to 51 s",Planning_2026-07-04_2026-07-07
ZP2026-0076,Planning,census,Zoning Permit,screen,60,description,capdetail,2712 TELEGRAPH AVE,054-1714-005-01,2026-08-11,,,Under Review,2026-09-21,"UP Mod of ZP2022-0179, which was granted another UP Mod under ZP2025-0105. Demolition of two existing two-story commercial structures & construction, with the s",Planning_2026-08-09_2026-08-12
ZP2026-0077,Planning,census,Zoning Permit,screen,222,description,capdetail,1899 Oxford,058-2181-019-05,2026-08-11,,,Under Review,2026-09-21,Use Permit Modification (Administrative/No Public Hearing) to ZP2024?0075 for 1899 Oxford Street to add a State Density Bonus waiver for the removal of a Coast ,Planning_2026-08-09_2026-08-12
PLN2026-0177,Planning,census,Pre-Application,screen,3,description,capdetail,2930 MLK JR WAY,,2026-08-21,,,Under Review,2026-09-21,Discussion and questions regarding phased remodel of office building. The project includes relocating one of the 3 residential units as well as a small 30 squar,Planning_2026-08-21_2026-08-24
PLN2026-0184,Planning,census,Pre-Application,screen,65,description,capdetail,3120 Shattuck,052-1554-004-00,2026-09-17,,,Pending,2026-09-21,"Modification to an SB35 application utilizing State Density Bonus, deemed Compliant on August 23, 2023 (PLN2023-0017) for the project at 3120-30 Shattuck Avenue",Planning_2026-09-14_2026-09-17
ZP2026-0091,Planning,census,Zoning Permit,screen,10,description,capdetail,2338 DWIGHT,055-1831-029-00,2026-09-15,,,Under Review,2026-09-21,"Infill Development project: Retention of two existing SFH on site, construction of a new, detached 3-story multifamily building at the rear of the lot, adding a",Planning_2026-09-14_2026-09-17
