<?xml version="1.0" ?>
<kml xmlns="http://www.opengis.net/kml/2.2">
  <Document>
    <name>Berkeley Housing Pipeline - 3D Skyline</name>
    <description>177 housing projects. Heights shown as stories × 3.5m. Generated 2026-05-03.</description>
    <Style id="style_UC_Project_parcel">
      <PolyStyle>
        <color>80FF00AA</color>
        <fill>1</fill>
        <outline>1</outline>
      </PolyStyle>
      <LineStyle>
        <color>FFFF00AA</color>
        <width>1.5</width>
      </LineStyle>
    </Style>
    <Style id="style_UC_Project_footprint">
      <PolyStyle>
        <color>80FF00AA</color>
        <fill>1</fill>
        <outline>1</outline>
      </PolyStyle>
      <LineStyle>
        <color>FFFF00AA</color>
        <width>2.5</width>
      </LineStyle>
    </Style>
    <Style id="style_UC_Project_synthetic">
      <PolyStyle>
        <color>80FF00AA</color>
        <fill>1</fill>
        <outline>1</outline>
      </PolyStyle>
      <LineStyle>
        <color>FFFF00AA</color>
        <width>1.0</width>
      </LineStyle>
    </Style>
    <Style id="style_Under_Construction_parcel">
      <PolyStyle>
        <color>80FF6229</color>
        <fill>1</fill>
        <outline>1</outline>
      </PolyStyle>
      <LineStyle>
        <color>FFFF6229</color>
        <width>1.5</width>
      </LineStyle>
    </Style>
    <Style id="style_Under_Construction_footprint">
      <PolyStyle>
        <color>80FF6229</color>
        <fill>1</fill>
        <outline>1</outline>
      </PolyStyle>
      <LineStyle>
        <color>FFFF6229</color>
        <width>2.5</width>
      </LineStyle>
    </Style>
    <Style id="style_Under_Construction_synthetic">
      <PolyStyle>
        <color>80FF6229</color>
        <fill>1</fill>
        <outline>1</outline>
      </PolyStyle>
      <LineStyle>
        <color>FFFF6229</color>
        <width>1.0</width>
      </LineStyle>
    </Style>
    <Style id="style_Completed_parcel">
      <PolyStyle>
        <color>8053C800</color>
        <fill>1</fill>
        <outline>1</outline>
      </PolyStyle>
      <LineStyle>
        <color>FF53C800</color>
        <width>1.5</width>
      </LineStyle>
    </Style>
    <Style id="style_Completed_footprint">
      <PolyStyle>
        <color>8053C800</color>
        <fill>1</fill>
        <outline>1</outline>
      </PolyStyle>
      <LineStyle>
        <color>FF53C800</color>
        <width>2.5</width>
      </LineStyle>
    </Style>
    <Style id="style_Completed_synthetic">
      <PolyStyle>
        <color>8053C800</color>
        <fill>1</fill>
        <outline>1</outline>
      </PolyStyle>
      <LineStyle>
        <color>FF53C800</color>
        <width>1.0</width>
      </LineStyle>
    </Style>
    <Style id="style_Permits_Active_parcel">
      <PolyStyle>
        <color>80FFFF00</color>
        <fill>1</fill>
        <outline>1</outline>
      </PolyStyle>
      <LineStyle>
        <color>FFFFFF00</color>
        <width>1.5</width>
      </LineStyle>
    </Style>
    <Style id="style_Permits_Active_footprint">
      <PolyStyle>
        <color>80FFFF00</color>
        <fill>1</fill>
        <outline>1</outline>
      </PolyStyle>
      <LineStyle>
        <color>FFFFFF00</color>
        <width>2.5</width>
      </LineStyle>
    </Style>
    <Style id="style_Permits_Active_synthetic">
      <PolyStyle>
        <color>80FFFF00</color>
        <fill>1</fill>
        <outline>1</outline>
      </PolyStyle>
      <LineStyle>
        <color>FFFFFF00</color>
        <width>1.0</width>
      </LineStyle>
    </Style>
    <Style id="style_Entitled_parcel">
      <PolyStyle>
        <color>800080FF</color>
        <fill>1</fill>
        <outline>1</outline>
      </PolyStyle>
      <LineStyle>
        <color>FF0080FF</color>
        <width>1.5</width>
      </LineStyle>
    </Style>
    <Style id="style_Entitled_footprint">
      <PolyStyle>
        <color>800080FF</color>
        <fill>1</fill>
        <outline>1</outline>
      </PolyStyle>
      <LineStyle>
        <color>FF0080FF</color>
        <width>2.5</width>
      </LineStyle>
    </Style>
    <Style id="style_Entitled_synthetic">
      <PolyStyle>
        <color>800080FF</color>
        <fill>1</fill>
        <outline>1</outline>
      </PolyStyle>
      <LineStyle>
        <color>FF0080FF</color>
        <width>1.0</width>
      </LineStyle>
    </Style>
    <Style id="style_In_Review_parcel">
      <PolyStyle>
        <color>8000FFFF</color>
        <fill>1</fill>
        <outline>1</outline>
      </PolyStyle>
      <LineStyle>
        <color>FF00FFFF</color>
        <width>1.5</width>
      </LineStyle>
    </Style>
    <Style id="style_In_Review_footprint">
      <PolyStyle>
        <color>8000FFFF</color>
        <fill>1</fill>
        <outline>1</outline>
      </PolyStyle>
      <LineStyle>
        <color>FF00FFFF</color>
        <width>2.5</width>
      </LineStyle>
    </Style>
    <Style id="style_In_Review_synthetic">
      <PolyStyle>
        <color>8000FFFF</color>
        <fill>1</fill>
        <outline>1</outline>
      </PolyStyle>
      <LineStyle>
        <color>FF00FFFF</color>
        <width>1.0</width>
      </LineStyle>
    </Style>
    <Style id="style_Decision_Pending_parcel">
      <PolyStyle>
        <color>8000FFFF</color>
        <fill>1</fill>
        <outline>1</outline>
      </PolyStyle>
      <LineStyle>
        <color>FF00FFFF</color>
        <width>1.5</width>
      </LineStyle>
    </Style>
    <Style id="style_Decision_Pending_footprint">
      <PolyStyle>
        <color>8000FFFF</color>
        <fill>1</fill>
        <outline>1</outline>
      </PolyStyle>
      <LineStyle>
        <color>FF00FFFF</color>
        <width>2.5</width>
      </LineStyle>
    </Style>
    <Style id="style_Decision_Pending_synthetic">
      <PolyStyle>
        <color>8000FFFF</color>
        <fill>1</fill>
        <outline>1</outline>
      </PolyStyle>
      <LineStyle>
        <color>FF00FFFF</color>
        <width>1.0</width>
      </LineStyle>
    </Style>
    <Style id="style_Application_Submitted_parcel">
      <PolyStyle>
        <color>8000FFFF</color>
        <fill>1</fill>
        <outline>1</outline>
      </PolyStyle>
      <LineStyle>
        <color>FF00FFFF</color>
        <width>1.5</width>
      </LineStyle>
    </Style>
    <Style id="style_Application_Submitted_footprint">
      <PolyStyle>
        <color>8000FFFF</color>
        <fill>1</fill>
        <outline>1</outline>
      </PolyStyle>
      <LineStyle>
        <color>FF00FFFF</color>
        <width>2.5</width>
      </LineStyle>
    </Style>
    <Style id="style_Application_Submitted_synthetic">
      <PolyStyle>
        <color>8000FFFF</color>
        <fill>1</fill>
        <outline>1</outline>
      </PolyStyle>
      <LineStyle>
        <color>FF00FFFF</color>
        <width>1.0</width>
      </LineStyle>
    </Style>
    <Style id="style_Pre_Application_parcel">
      <PolyStyle>
        <color>80C0C0C0</color>
        <fill>1</fill>
        <outline>1</outline>
      </PolyStyle>
      <LineStyle>
        <color>FFC0C0C0</color>
        <width>1.5</width>
      </LineStyle>
    </Style>
    <Style id="style_Pre_Application_footprint">
      <PolyStyle>
        <color>80C0C0C0</color>
        <fill>1</fill>
        <outline>1</outline>
      </PolyStyle>
      <LineStyle>
        <color>FFC0C0C0</color>
        <width>2.5</width>
      </LineStyle>
    </Style>
    <Style id="style_Pre_Application_synthetic">
      <PolyStyle>
        <color>80C0C0C0</color>
        <fill>1</fill>
        <outline>1</outline>
      </PolyStyle>
      <LineStyle>
        <color>FFC0C0C0</color>
        <width>1.0</width>
      </LineStyle>
    </Style>
    <Style id="style_Stalled_parcel">
      <PolyStyle>
        <color>800000FF</color>
        <fill>1</fill>
        <outline>1</outline>
      </PolyStyle>
      <LineStyle>
        <color>FF0000FF</color>
        <width>1.5</width>
      </LineStyle>
    </Style>
    <Style id="style_Stalled_footprint">
      <PolyStyle>
        <color>800000FF</color>
        <fill>1</fill>
        <outline>1</outline>
      </PolyStyle>
      <LineStyle>
        <color>FF0000FF</color>
        <width>2.5</width>
      </LineStyle>
    </Style>
    <Style id="style_Stalled_synthetic">
      <PolyStyle>
        <color>800000FF</color>
        <fill>1</fill>
        <outline>1</outline>
      </PolyStyle>
      <LineStyle>
        <color>FF0000FF</color>
        <width>1.0</width>
      </LineStyle>
    </Style>
    <Style id="style_Withdrawn_parcel">
      <PolyStyle>
        <color>800000FF</color>
        <fill>1</fill>
        <outline>1</outline>
      </PolyStyle>
      <LineStyle>
        <color>FF0000FF</color>
        <width>1.5</width>
      </LineStyle>
    </Style>
    <Style id="style_Withdrawn_footprint">
      <PolyStyle>
        <color>800000FF</color>
        <fill>1</fill>
        <outline>1</outline>
      </PolyStyle>
      <LineStyle>
        <color>FF0000FF</color>
        <width>2.5</width>
      </LineStyle>
    </Style>
    <Style id="style_Withdrawn_synthetic">
      <PolyStyle>
        <color>800000FF</color>
        <fill>1</fill>
        <outline>1</outline>
      </PolyStyle>
      <LineStyle>
        <color>FF0000FF</color>
        <width>1.0</width>
      </LineStyle>
    </Style>
    <Style id="style_Unknown_parcel">
      <PolyStyle>
        <color>80C0C0C0</color>
        <fill>1</fill>
        <outline>1</outline>
      </PolyStyle>
      <LineStyle>
        <color>FFC0C0C0</color>
        <width>1.5</width>
      </LineStyle>
    </Style>
    <Style id="style_Unknown_footprint">
      <PolyStyle>
        <color>80C0C0C0</color>
        <fill>1</fill>
        <outline>1</outline>
      </PolyStyle>
      <LineStyle>
        <color>FFC0C0C0</color>
        <width>2.5</width>
      </LineStyle>
    </Style>
    <Style id="style_Unknown_synthetic">
      <PolyStyle>
        <color>80C0C0C0</color>
        <fill>1</fill>
        <outline>1</outline>
      </PolyStyle>
      <LineStyle>
        <color>FFC0C0C0</color>
        <width>1.0</width>
      </LineStyle>
    </Style>
    <Folder>
      <name>Housing Projects</name>
      <Placemark>
        <name>2400 BOWDITCH St</name>
        <description><![CDATA[
<b>2400 BOWDITCH St</b><br/><b>Units:</b> 750<br/><b>VLI Units:</b> 0<br/><b>Stories:</b> 26<br/><b>Height:</b> 85.3m<br/><b>Status:</b> Pre-Application<br/><b style='color:purple'>UC Berkeley Project</b>
]]></description>
        <styleUrl>#style_UC_Project_footprint</styleUrl>
        <Polygon>
          <extrude>1</extrude>
          <altitudeMode>relativeToGround</altitudeMode>
          <outerBoundaryIs>
            <LinearRing>
              <coordinates>        -122.2566210475748,37.86683078872532,85.3
        -122.25668958699809,37.86732319260183,85.3
        -122.25737895242521,37.86716921127467,85.3
        -122.25731041300192,37.866676807398164,85.3
        -122.2566210475748,37.86683078872532,85.3</coordinates>
            </LinearRing>
          </outerBoundaryIs>
        </Polygon>
      </Placemark>
      <Placemark>
        <name>2556 HASTE St</name>
        <description><![CDATA[
<b>2556 HASTE St</b><br/><b>Units:</b> 556<br/><b>VLI Units:</b> 0<br/><b>Stories:</b> 12<br/><b>Height:</b> 40.2m<br/><b>Status:</b> Under Construction<br/><b style='color:purple'>UC Berkeley Project</b>
]]></description>
        <styleUrl>#style_UC_Project_footprint</styleUrl>
        <Polygon>
          <extrude>1</extrude>
          <altitudeMode>relativeToGround</altitudeMode>
          <outerBoundaryIs>
            <LinearRing>
              <coordinates>        -122.257849049515,37.86606393310299,40.2
        -122.257798184082,37.86584327228867,40.2
        -122.2568112451243,37.86597488893274,40.2
        -122.25673268639,37.86547554566393,40.2
        -122.2562992779039,37.86551647916642,40.2
        -122.2564014484253,37.86624309729953,40.2
        -122.257849049515,37.86606393310299,40.2</coordinates>
            </LinearRing>
          </outerBoundaryIs>
        </Polygon>
      </Placemark>
      <Placemark>
        <name>2200 BANCROFT Way</name>
        <description><![CDATA[
<b>2200 BANCROFT Way</b><br/><b>Units:</b> 550<br/><b>VLI Units:</b> 0<br/><b>Stories:</b> 23<br/><b>Height:</b> 77.1m<br/><b>Status:</b> Under Construction<br/><b style='color:purple'>UC Berkeley Project</b>
]]></description>
        <styleUrl>#style_UC_Project_footprint</styleUrl>
        <Polygon>
          <extrude>1</extrude>
          <altitudeMode>relativeToGround</altitudeMode>
          <outerBoundaryIs>
            <LinearRing>
              <coordinates>        -122.2653530749287,37.86734094463674,77.1
        -122.2654471995935,37.86781783833246,77.1
        -122.2658107301884,37.86777400642833,77.1
        -122.2657254056444,37.86725787799307,77.1
        -122.2653530749287,37.86734094463674,77.1</coordinates>
            </LinearRing>
          </outerBoundaryIs>
        </Polygon>
      </Placemark>
      <Placemark>
        <name>1950 OXFORD St</name>
        <description><![CDATA[
<b>1950 OXFORD St</b><br/><b>Units:</b> 300<br/><b>VLI Units:</b> 0<br/><b>Stories:</b> 14<br/><b>Height:</b> 46.9m<br/><b>Status:</b> Completed<br/><b style='color:purple'>UC Berkeley Project</b>
]]></description>
        <styleUrl>#style_UC_Project_footprint</styleUrl>
        <Polygon>
          <extrude>1</extrude>
          <altitudeMode>relativeToGround</altitudeMode>
          <outerBoundaryIs>
            <LinearRing>
              <coordinates>        -122.2662788617576,37.87257208642357,46.9
        -122.2663591304847,37.87326413434535,46.9
        -122.2669785623539,37.87317763211071,46.9
        -122.266664583753,37.87255884678478,46.9
        -122.2662788617576,37.87257208642357,46.9</coordinates>
            </LinearRing>
          </outerBoundaryIs>
        </Polygon>
      </Placemark>
      <Placemark>
        <name>1750 SACRAMENTO St</name>
        <description><![CDATA[
<b>1750 SACRAMENTO St</b><br/><b>Units:</b> 739<br/><b>VLI Units:</b> 0<br/><b>Stories:</b> 8<br/><b>Height:</b> 28.0m<br/><b>Status:</b> In Review
]]></description>
        <styleUrl>#style_In_Review_parcel</styleUrl>
        <Polygon>
          <extrude>1</extrude>
          <altitudeMode>relativeToGround</altitudeMode>
          <outerBoundaryIs>
            <LinearRing>
              <coordinates>        -122.28253889574741,37.873963734114,28.0
        -122.2833232633541,37.87387017609439,28.0
        -122.28340467549997,37.874662763835346,28.0
        -122.28264828392587,37.874766203336286,28.0
        -122.28253889574741,37.873963734114,28.0</coordinates>
            </LinearRing>
          </outerBoundaryIs>
        </Polygon>
      </Placemark>
      <Placemark>
        <name>Ashby BART</name>
        <description><![CDATA[
<b>Ashby BART</b><br/><b>Units:</b> 618<br/><b>VLI Units:</b> 309<br/><b>Stories:</b> 20<br/><b>Height:</b> 70.0m<br/><b>Status:</b> Pre-Application<br/><i>(height estimated from units)</i>
]]></description>
        <styleUrl>#style_Pre_Application_parcel</styleUrl>
        <Polygon>
          <extrude>1</extrude>
          <altitudeMode>relativeToGround</altitudeMode>
          <outerBoundaryIs>
            <LinearRing>
              <coordinates>        -122.28755363243624,37.85428954733504,70.0
        -122.2869060695018,37.8522866296952,70.0
        -122.28890695408803,37.85186900838737,70.0
        -122.28930579741785,37.85310864425001,70.0
        -122.28925350212391,37.85316301019162,70.0
        -122.28922469236595,37.85319296749443,70.0
        -122.28946178909911,37.85390285071467,70.0
        -122.28755363243624,37.85428954733504,70.0</coordinates>
            </LinearRing>
          </outerBoundaryIs>
        </Polygon>
      </Placemark>
      <Placemark>
        <name>1974 SHATTUCK Ave</name>
        <description><![CDATA[
<b>1974 SHATTUCK Ave</b><br/><b>Units:</b> 599<br/><b>VLI Units:</b> 58<br/><b>Stories:</b> 28<br/><b>Height:</b> 98.0m<br/><b>Status:</b> Entitled
]]></description>
        <styleUrl>#style_Entitled_footprint</styleUrl>
        <Polygon>
          <extrude>1</extrude>
          <altitudeMode>relativeToGround</altitudeMode>
          <outerBoundaryIs>
            <LinearRing>
              <coordinates>        -122.2686719879186,37.87287267616308,98.0
        -122.2690361350241,37.87285390297354,98.0
        -122.268933950456,37.87244611934,98.0
        -122.2690904526609,37.87241886123353,98.0
        -122.2690461495803,37.87222041507879,98.0
        -122.2686003850768,37.87228944554767,98.0
        -122.2686719879186,37.87287267616308,98.0</coordinates>
            </LinearRing>
          </outerBoundaryIs>
        </Polygon>
      </Placemark>
      <Placemark>
        <name>2128 Oxford St</name>
        <description><![CDATA[
<b>2128 Oxford St</b><br/><b>Units:</b> 485<br/><b>VLI Units:</b> 47<br/><b>Stories:</b> 26<br/><b>Height:</b> 91.0m<br/><b>Status:</b> Entitled
]]></description>
        <styleUrl>#style_Entitled_synthetic</styleUrl>
        <Polygon>
          <extrude>1</extrude>
          <altitudeMode>relativeToGround</altitudeMode>
          <outerBoundaryIs>
            <LinearRing>
              <coordinates>        -122.26596420268008,37.8701123031143,91.0
        -122.26601903421871,37.870506226215504,91.0
        -122.26641295731993,37.8704182368857,91.0
        -122.2663581257813,37.87002431378449,91.0
        -122.26596420268008,37.8701123031143,91.0</coordinates>
            </LinearRing>
          </outerBoundaryIs>
        </Polygon>
      </Placemark>
      <Placemark>
        <name>2190 SHATTUCK Ave</name>
        <description><![CDATA[
<b>2190 SHATTUCK Ave</b><br/><b>Units:</b> 452<br/><b>VLI Units:</b> 0<br/><b>Stories:</b> 34<br/><b>Height:</b> 119.0m<br/><b>Status:</b> In Review
]]></description>
        <styleUrl>#style_In_Review_parcel</styleUrl>
        <Polygon>
          <extrude>1</extrude>
          <altitudeMode>relativeToGround</altitudeMode>
          <outerBoundaryIs>
            <LinearRing>
              <coordinates>        -122.26901797780027,37.869325250199765,119.0
        -122.2690673552271,37.86957926860162,119.0
        -122.2686697405353,37.86961544319144,119.0
        -122.26827387551579,37.86965158945649,119.0
        -122.2682510776356,37.86942256562457,119.0
        -122.26901797780027,37.869325250199765,119.0</coordinates>
            </LinearRing>
          </outerBoundaryIs>
        </Polygon>
      </Placemark>
      <Placemark>
        <name>2700 SHATTUCK Ave</name>
        <description><![CDATA[
<b>2700 SHATTUCK Ave</b><br/><b>Units:</b> 359<br/><b>VLI Units:</b> 0<br/><b>Stories:</b> 15<br/><b>Height:</b> 52.5m<br/><b>Status:</b> In Review<br/><i>(height estimated from units)</i>
]]></description>
        <styleUrl>#style_In_Review_parcel</styleUrl>
        <Polygon>
          <extrude>1</extrude>
          <altitudeMode>relativeToGround</altitudeMode>
          <outerBoundaryIs>
            <LinearRing>
              <coordinates>        -122.26814529534384,37.85938810237744,52.5
        -122.26828837728414,37.860085707524775,52.5
        -122.26823133889663,37.86009136377392,52.5
        -122.26815904707063,37.85974703866181,52.5
        -122.26802097411243,37.85976765369747,52.5
        -122.26808972700947,37.86010927644639,52.5
        -122.26738697753152,37.86020494680588,52.5
        -122.26768074820805,37.859447940422136,52.5
        -122.26814529534384,37.85938810237744,52.5</coordinates>
            </LinearRing>
          </outerBoundaryIs>
        </Polygon>
      </Placemark>
      <Placemark>
        <name>2276 SHATTUCK Ave</name>
        <description><![CDATA[
<b>2276 SHATTUCK Ave</b><br/><b>Units:</b> 336<br/><b>VLI Units:</b> 0<br/><b>Stories:</b> 18<br/><b>Height:</b> 63.0m<br/><b>Status:</b> In Review
]]></description>
        <styleUrl>#style_In_Review_parcel</styleUrl>
        <Polygon>
          <extrude>1</extrude>
          <altitudeMode>relativeToGround</altitudeMode>
          <outerBoundaryIs>
            <LinearRing>
              <coordinates>        -122.26839820987634,37.86760063152184,63.0
        -122.268447246836,37.86784023737008,63.0
        -122.26808449132832,37.86788481305854,63.0
        -122.2680598123012,37.867648951947615,63.0
        -122.26839820987634,37.86760063152184,63.0</coordinates>
            </LinearRing>
          </outerBoundaryIs>
        </Polygon>
      </Placemark>
      <Placemark>
        <name>2274 SHATTUCK Ave</name>
        <description><![CDATA[
<b>2274 SHATTUCK Ave</b><br/><b>Units:</b> 299<br/><b>VLI Units:</b> 0<br/><b>Stories:</b> 17<br/><b>Height:</b> 59.5m<br/><b>Status:</b> Entitled
]]></description>
        <styleUrl>#style_Entitled_parcel</styleUrl>
        <Polygon>
          <extrude>1</extrude>
          <altitudeMode>relativeToGround</altitudeMode>
          <outerBoundaryIs>
            <LinearRing>
              <coordinates>        -122.26809410570006,37.86799728196314,59.5
        -122.26808449132832,37.86788481305854,59.5
        -122.268447246836,37.86784023737008,59.5
        -122.26839820987634,37.86760063152184,59.5
        -122.26879025142163,37.867548756921884,59.5
        -122.26885786624739,37.86791442273089,59.5
        -122.26884579381257,37.867916663179415,59.5
        -122.26885982286495,37.86799611537222,59.5
        -122.2684332273109,37.868051249068806,59.5
        -122.2684171238047,37.86795742455347,59.5
        -122.26809410570006,37.86799728196314,59.5</coordinates>
            </LinearRing>
          </outerBoundaryIs>
        </Polygon>
      </Placemark>
      <Placemark>
        <name>1914 FIFTH St</name>
        <description><![CDATA[
<b>1914 FIFTH St</b><br/><b>Units:</b> 257<br/><b>VLI Units:</b> 26<br/><b>Stories:</b> 15<br/><b>Height:</b> 52.5m<br/><b>Status:</b> In Review<br/><i>(height estimated from units)</i>
]]></description>
        <styleUrl>#style_In_Review_synthetic</styleUrl>
        <Polygon>
          <extrude>1</extrude>
          <altitudeMode>relativeToGround</altitudeMode>
          <outerBoundaryIs>
            <LinearRing>
              <coordinates>        -122.29907154636064,37.86807704770219,52.5
        -122.29912637789927,37.86847097080339,52.5
        -122.29952030100048,37.86838298147359,52.5
        -122.29946546946185,37.86798905837238,52.5
        -122.29907154636064,37.86807704770219,52.5</coordinates>
            </LinearRing>
          </outerBoundaryIs>
        </Polygon>
      </Placemark>
      <Placemark>
        <name>2029 UNIVERSITY Ave</name>
        <description><![CDATA[
<b>2029 UNIVERSITY Ave</b><br/><b>Units:</b> 240<br/><b>VLI Units:</b> 0<br/><b>Stories:</b> 23<br/><b>Height:</b> 78.0m<br/><b>Status:</b> Entitled
]]></description>
        <styleUrl>#style_Entitled_parcel</styleUrl>
        <Polygon>
          <extrude>1</extrude>
          <altitudeMode>relativeToGround</altitudeMode>
          <outerBoundaryIs>
            <LinearRing>
              <coordinates>        -122.26964461434542,37.872134731148954,78.0
        -122.26999703385181,37.872092370549986,78.0
        -122.27005800284498,37.87239703808411,78.0
        -122.26970737992343,37.87244212108648,78.0
        -122.26964461434542,37.872134731148954,78.0</coordinates>
            </LinearRing>
          </outerBoundaryIs>
        </Polygon>
      </Placemark>
      <Placemark>
        <name>2352 Shattuck Ave</name>
        <description><![CDATA[
<b>2352 Shattuck Ave</b><br/><b>Units:</b> 237<br/><b>VLI Units:</b> 0<br/><b>Stories:</b> 8<br/><b>Height:</b> 28.0m<br/><b>Status:</b> Completed
]]></description>
        <styleUrl>#style_Completed_parcel</styleUrl>
        <Polygon>
          <extrude>1</extrude>
          <altitudeMode>relativeToGround</altitudeMode>
          <outerBoundaryIs>
            <LinearRing>
              <coordinates>        -122.26871635816266,37.866448692704175,28.0
        -122.26794694866614,37.86655004203782,28.0
        -122.26793868216974,37.866478570443114,28.0
        -122.26786448870763,37.86583708031741,28.0
        -122.26822330902806,37.86578981567123,28.0
        -122.26822471117862,37.86579644708195,28.0
        -122.26830915401374,37.86619609926411,28.0
        -122.26848002313245,37.86617358952481,28.0
        -122.26847839832645,37.866165902222086,28.0
        -122.26846857573886,37.86611941923253,28.0
        -122.26848566286662,37.86611716761697,28.0
        -122.26873854301401,37.866083856697024,28.0
        -122.26877702144088,37.86607878796743,28.0
        -122.26878261834896,37.86610548385499,28.0
        -122.26885085400843,37.86643097580077,28.0
        -122.26871635816266,37.866448692704175,28.0</coordinates>
            </LinearRing>
          </outerBoundaryIs>
        </Polygon>
      </Placemark>
      <Placemark>
        <name>2601 SAN PABLO Ave</name>
        <description><![CDATA[
<b>2601 SAN PABLO Ave</b><br/><b>Units:</b> 223<br/><b>VLI Units:</b> 0<br/><b>Stories:</b> 8<br/><b>Height:</b> 28.0m<br/><b>Status:</b> In Review
]]></description>
        <styleUrl>#style_In_Review_parcel</styleUrl>
        <Polygon>
          <extrude>1</extrude>
          <altitudeMode>relativeToGround</altitudeMode>
          <outerBoundaryIs>
            <LinearRing>
              <coordinates>        -122.28854021911629,37.859216774383135,28.0
        -122.28876813003608,37.85918584168565,28.0
        -122.28881316504844,37.859329373538706,28.0
        -122.28857139308256,37.85936050647946,28.0
        -122.28854021911629,37.859216774383135,28.0</coordinates>
            </LinearRing>
          </outerBoundaryIs>
        </Polygon>
      </Placemark>
      <Placemark>
        <name>2920 SHATTUCK Ave</name>
        <description><![CDATA[
<b>2920 SHATTUCK Ave</b><br/><b>Units:</b> 221<br/><b>VLI Units:</b> 0<br/><b>Stories:</b> 10<br/><b>Height:</b> 35.0m<br/><b>Status:</b> In Review
]]></description>
        <styleUrl>#style_In_Review_parcel</styleUrl>
        <Polygon>
          <extrude>1</extrude>
          <altitudeMode>relativeToGround</altitudeMode>
          <outerBoundaryIs>
            <LinearRing>
              <coordinates>        -122.2667401480044,37.856102708681924,35.0
        -122.26708047323233,37.85606396466496,35.0
        -122.26709333832326,37.856168155884156,35.0
        -122.26710785200832,37.85626818617434,35.0
        -122.26712052819616,37.85636413838727,35.0
        -122.26713770580794,37.856503275259094,35.0
        -122.26715032858293,37.85659716677563,35.0
        -122.26681018985246,37.85664346318044,35.0
        -122.2667401480044,37.856102708681924,35.0</coordinates>
            </LinearRing>
          </outerBoundaryIs>
        </Polygon>
      </Placemark>
      <Placemark>
        <name>1899 OXFORD St</name>
        <description><![CDATA[
<b>1899 OXFORD St</b><br/><b>Units:</b> 212<br/><b>VLI Units:</b> 0<br/><b>Stories:</b> 7<br/><b>Height:</b> 23.8m<br/><b>Status:</b> Decision Pending
]]></description>
        <styleUrl>#style_Decision_Pending_parcel</styleUrl>
        <Polygon>
          <extrude>1</extrude>
          <altitudeMode>relativeToGround</altitudeMode>
          <outerBoundaryIs>
            <LinearRing>
              <coordinates>        -122.26590232738812,37.87461069027057,23.8
        -122.26588504733212,37.874466734692845,23.8
        -122.26586350467389,37.874289893264624,23.8
        -122.2661416664758,37.874256893549045,23.8
        -122.26616770936238,37.874258565545276,23.8
        -122.26619405627233,37.87427463575083,23.8
        -122.26621522748009,37.87429013021297,23.8
        -122.26622783811946,37.87431054463941,23.8
        -122.26628087657382,37.87471902298317,23.8
        -122.26592123604571,37.874749802546255,23.8
        -122.26590232738812,37.87461069027057,23.8</coordinates>
            </LinearRing>
          </outerBoundaryIs>
        </Polygon>
      </Placemark>
      <Placemark>
        <name>1598 UNIVERSITY Ave</name>
        <description><![CDATA[
<b>1598 UNIVERSITY Ave</b><br/><b>Units:</b> 207<br/><b>VLI Units:</b> 21<br/><b>Stories:</b> 8<br/><b>Height:</b> 28.0m<br/><b>Status:</b> Under Construction
]]></description>
        <styleUrl>#style_Under_Construction_parcel</styleUrl>
        <Polygon>
          <extrude>1</extrude>
          <altitudeMode>relativeToGround</altitudeMode>
          <outerBoundaryIs>
            <LinearRing>
              <coordinates>        -122.27982789959513,37.870158458631515,28.0
        -122.28000409055281,37.87013657132588,28.0
        -122.28013881797791,37.870119429710435,28.0
        -122.28018605026783,37.870499160719106,28.0
        -122.27986992450103,37.870537567558266,28.0
        -122.27982789959513,37.870158458631515,28.0</coordinates>
            </LinearRing>
          </outerBoundaryIs>
        </Polygon>
      </Placemark>
      <Placemark>
        <name>2100 MILVIA St</name>
        <description><![CDATA[
<b>2100 MILVIA St</b><br/><b>Units:</b> 205<br/><b>VLI Units:</b> 0<br/><b>Stories:</b> 15<br/><b>Height:</b> 52.5m<br/><b>Status:</b> Entitled<br/><i>(height estimated from units)</i>
]]></description>
        <styleUrl>#style_Entitled_parcel</styleUrl>
        <Polygon>
          <extrude>1</extrude>
          <altitudeMode>relativeToGround</altitudeMode>
          <outerBoundaryIs>
            <LinearRing>
              <coordinates>        -122.27105896681327,37.87055306217254,52.5
        -122.2710220155198,37.87037003609498,52.5
        -122.2710215970311,37.870367967743064,52.5
        -122.2713999675061,37.870319965563304,52.5
        -122.27140043655491,37.87031990267174,52.5
        -122.27153797075826,37.87030245299931,52.5
        -122.27154176841871,37.87030197087215,52.5
        -122.27158559358782,37.87053711325723,52.5
        -122.27160826866718,37.87065877831867,52.5
        -122.27161028922558,37.87066961713597,52.5
        -122.27109619591256,37.87073745180535,52.5
        -122.27105896681327,37.87055306217254,52.5</coordinates>
            </LinearRing>
          </outerBoundaryIs>
        </Polygon>
      </Placemark>
      <Placemark>
        <name>2131 University Ave</name>
        <description><![CDATA[
<b>2131 University Ave</b><br/><b>Units:</b> 205<br/><b>VLI Units:</b> 0<br/><b>Stories:</b> 6<br/><b>Height:</b> 21.0m<br/><b>Status:</b> Completed
]]></description>
        <styleUrl>#style_Completed_synthetic</styleUrl>
        <Polygon>
          <extrude>1</extrude>
          <altitudeMode>relativeToGround</altitudeMode>
          <outerBoundaryIs>
            <LinearRing>
              <coordinates>        -122.26824437,37.87223286,21.0
        -122.26789437000001,37.87223286,21.0
        -122.26789437000001,37.87277286,21.0
        -122.26824437,37.87277286,21.0
        -122.26824437,37.87223286,21.0</coordinates>
            </LinearRing>
          </outerBoundaryIs>
        </Polygon>
      </Placemark>
      <Placemark>
        <name>2065 Kittredge St</name>
        <description><![CDATA[
<b>2065 Kittredge St</b><br/><b>Units:</b> 189<br/><b>VLI Units:</b> 0<br/><b>Stories:</b> 8<br/><b>Height:</b> 28.0m<br/><b>Status:</b> Entitled
]]></description>
        <styleUrl>#style_Entitled_footprint</styleUrl>
        <Polygon>
          <extrude>1</extrude>
          <altitudeMode>relativeToGround</altitudeMode>
          <outerBoundaryIs>
            <LinearRing>
              <coordinates>        -122.2684852557719,37.86847272474038,28.0
        -122.2685428704767,37.86883422983492,28.0
        -122.2688417874279,37.86878848680792,28.0
        -122.268922549586,37.86918411311285,28.0
        -122.2691868580265,37.8691421151169,28.0
        -122.2690361882526,37.86841784704875,28.0
        -122.2684852557719,37.86847272474038,28.0</coordinates>
            </LinearRing>
          </outerBoundaryIs>
        </Polygon>
      </Placemark>
      <Placemark>
        <name>2150 Kittredge St</name>
        <description><![CDATA[
<b>2150 Kittredge St</b><br/><b>Units:</b> 169<br/><b>VLI Units:</b> 0<br/><b>Stories:</b> 3<br/><b>Height:</b> 10.5m<br/><b>Status:</b> Completed<br/><i>(height estimated from units)</i>
]]></description>
        <styleUrl>#style_Completed_parcel</styleUrl>
        <Polygon>
          <extrude>1</extrude>
          <altitudeMode>relativeToGround</altitudeMode>
          <outerBoundaryIs>
            <LinearRing>
              <coordinates>        -122.26671284786879,37.86819513897487,10.5
        -122.26689246837125,37.86817183885958,10.5
        -122.26696193335101,37.86854231117494,10.5
        -122.26678756792572,37.86856826056821,10.5
        -122.26671284786879,37.86819513897487,10.5</coordinates>
            </LinearRing>
          </outerBoundaryIs>
        </Polygon>
      </Placemark>
      <Placemark>
        <name>2015 Blake St</name>
        <description><![CDATA[
<b>2015 Blake St</b><br/><b>Units:</b> 168<br/><b>VLI Units:</b> 0<br/><b>Stories:</b> 7<br/><b>Height:</b> 24.5m<br/><b>Status:</b> Entitled
]]></description>
        <styleUrl>#style_Entitled_parcel</styleUrl>
        <Polygon>
          <extrude>1</extrude>
          <altitudeMode>relativeToGround</altitudeMode>
          <outerBoundaryIs>
            <LinearRing>
              <coordinates>        -122.26892357011333,37.86296855875176,24.5
        -122.26908935227267,37.86294684028008,24.5
        -122.26915826208756,37.86329395390491,24.5
        -122.26914099193286,37.86329627298407,24.5
        -122.2690045952986,37.86331480133109,24.5
        -122.26892357011333,37.86296855875176,24.5</coordinates>
            </LinearRing>
          </outerBoundaryIs>
        </Polygon>
      </Placemark>
      <Placemark>
        <name>3000 SHATTUCK Ave</name>
        <description><![CDATA[
<b>3000 SHATTUCK Ave</b><br/><b>Units:</b> 166<br/><b>VLI Units:</b> 17<br/><b>Stories:</b> 10<br/><b>Height:</b> 34.7m<br/><b>Status:</b> In Review
]]></description>
        <styleUrl>#style_In_Review_parcel</styleUrl>
        <Polygon>
          <extrude>1</extrude>
          <altitudeMode>relativeToGround</altitudeMode>
          <outerBoundaryIs>
            <LinearRing>
              <coordinates>        -122.26657635533849,37.85489794582511,34.7
        -122.26693375217175,37.85484932760576,34.7
        -122.26699411941514,37.855129291088055,34.7
        -122.26661422438595,37.85517892391511,34.7
        -122.26657635533849,37.85489794582511,34.7</coordinates>
            </LinearRing>
          </outerBoundaryIs>
        </Polygon>
      </Placemark>
      <Placemark>
        <name>1951 Shattuck Ave</name>
        <description><![CDATA[
<b>1951 Shattuck Ave</b><br/><b>Units:</b> 163<br/><b>VLI Units:</b> 0<br/><b>Stories:</b> 3<br/><b>Height:</b> 10.5m<br/><b>Status:</b> Completed<br/><i>(height estimated from units)</i>
]]></description>
        <styleUrl>#style_Completed_parcel</styleUrl>
        <Polygon>
          <extrude>1</extrude>
          <altitudeMode>relativeToGround</altitudeMode>
          <outerBoundaryIs>
            <LinearRing>
              <coordinates>        -122.26831682172471,37.87299924843254,10.5
        -122.26789110985354,37.87305507407676,10.5
        -122.2678486751289,37.87268818744872,10.5
        -122.26784862374527,37.872687750002925,10.5
        -122.26785070147159,37.87268747721464,10.5
        -122.26808832685522,37.87265631716893,10.5
        -122.2682871983009,37.87263023881466,10.5
        -122.26829253320255,37.872629539221805,10.5
        -122.26832246990735,37.872998490398984,10.5
        -122.26831682172471,37.87299924843254,10.5</coordinates>
            </LinearRing>
          </outerBoundaryIs>
        </Polygon>
      </Placemark>
      <Placemark>
        <name>1581 UNIVERSITY Ave</name>
        <description><![CDATA[
<b>1581 UNIVERSITY Ave</b><br/><b>Units:</b> 158<br/><b>VLI Units:</b> 0<br/><b>Stories:</b> 7<br/><b>Height:</b> 48.2m<br/><b>Status:</b> In Review
]]></description>
        <styleUrl>#style_In_Review_parcel</styleUrl>
        <Polygon>
          <extrude>1</extrude>
          <altitudeMode>relativeToGround</altitudeMode>
          <outerBoundaryIs>
            <LinearRing>
              <coordinates>        -122.28055199625508,37.87073191111111,48.2
        -122.28073334723472,37.87070857703476,48.2
        -122.28077091412317,37.87104654865218,48.2
        -122.2807225032433,37.87105071339525,48.2
        -122.2805894567276,37.8710657758446,48.2
        -122.28055199625508,37.87073191111111,48.2</coordinates>
            </LinearRing>
          </outerBoundaryIs>
        </Polygon>
      </Placemark>
      <Placemark>
        <name>2115 KITTREDGE St</name>
        <description><![CDATA[
<b>2115 KITTREDGE St</b><br/><b>Units:</b> 148<br/><b>VLI Units:</b> 12<br/><b>Stories:</b> 10<br/><b>Height:</b> 35.0m<br/><b>Status:</b> Application Submitted<br/><i>(height estimated from units)</i>
]]></description>
        <styleUrl>#style_Application_Submitted_parcel</styleUrl>
        <Polygon>
          <extrude>1</extrude>
          <altitudeMode>relativeToGround</altitudeMode>
          <outerBoundaryIs>
            <LinearRing>
              <coordinates>        -122.26699171628572,37.868701854913766,35.0
        -122.26733197529634,37.868658311599454,35.0
        -122.26736758175193,37.86884387843026,35.0
        -122.26738141237793,37.86891509444319,35.0
        -122.26740127898348,37.869021913887835,35.0
        -122.26736770810464,37.869026768447014,35.0
        -122.26719468226673,37.86905178582438,35.0
        -122.26706136955896,37.86906856542085,35.0
        -122.2670609146114,37.86906617236289,35.0
        -122.26699171628572,37.868701854913766,35.0</coordinates>
            </LinearRing>
          </outerBoundaryIs>
        </Polygon>
      </Placemark>
      <Placemark>
        <name>3030 TELEGRAPH Ave</name>
        <description><![CDATA[
<b>3030 TELEGRAPH Ave</b><br/><b>Units:</b> 144<br/><b>VLI Units:</b> 0<br/><b>Stories:</b> 10<br/><b>Height:</b> 35.0m<br/><b>Status:</b> Under Construction<br/><i>(height estimated from units)</i>
]]></description>
        <styleUrl>#style_Under_Construction_parcel</styleUrl>
        <Polygon>
          <extrude>1</extrude>
          <altitudeMode>relativeToGround</altitudeMode>
          <outerBoundaryIs>
            <LinearRing>
              <coordinates>        -122.26008147422328,37.85463378766737,35.0
        -122.26062199493607,37.85456460900806,35.0
        -122.26063375288217,37.85462211326826,35.0
        -122.2606396300726,37.85465155667876,35.0
        -122.26061027309375,37.854654739572574,35.0
        -122.2606240064243,37.854722511155664,35.0
        -122.26068078914706,37.85499840756434,35.0
        -122.26001933715119,37.85508106339045,35.0
        -122.2600756468561,37.854634522556275,35.0
        -122.26008147422328,37.85463378766737,35.0</coordinates>
            </LinearRing>
          </outerBoundaryIs>
        </Polygon>
      </Placemark>
      <Placemark>
        <name>2420 SHATTUCK Ave</name>
        <description><![CDATA[
<b>2420 SHATTUCK Ave</b><br/><b>Units:</b> 132<br/><b>VLI Units:</b> 0<br/><b>Stories:</b> 17<br/><b>Height:</b> 59.5m<br/><b>Status:</b> In Review
]]></description>
        <styleUrl>#style_In_Review_parcel</styleUrl>
        <Polygon>
          <extrude>1</extrude>
          <altitudeMode>relativeToGround</altitudeMode>
          <outerBoundaryIs>
            <LinearRing>
              <coordinates>        -122.2677970130208,37.865272124542756,59.5
        -122.26818551319239,37.865218233501466,59.5
        -122.2681934744431,37.865261379182336,59.5
        -122.26820694423766,37.8653181731219,59.5
        -122.26781653764152,37.86536521967802,59.5
        -122.2677970130208,37.865272124542756,59.5</coordinates>
            </LinearRing>
          </outerBoundaryIs>
        </Polygon>
      </Placemark>
      <Placemark>
        <name>2847 SHATTUCK Ave</name>
        <description><![CDATA[
<b>2847 SHATTUCK Ave</b><br/><b>Units:</b> 132<br/><b>VLI Units:</b> 0<br/><b>Stories:</b> 9<br/><b>Height:</b> 41.5m<br/><b>Status:</b> Application Submitted
]]></description>
        <styleUrl>#style_Application_Submitted_parcel</styleUrl>
        <Polygon>
          <extrude>1</extrude>
          <altitudeMode>relativeToGround</altitudeMode>
          <outerBoundaryIs>
            <LinearRing>
              <coordinates>        -122.26616472438718,37.85688865891305,41.5
        -122.26660507417897,37.85683125014626,41.5
        -122.26663347275465,37.85707803266258,41.5
        -122.26621551778646,37.857130302215026,41.5
        -122.26616472438718,37.85688865891305,41.5</coordinates>
            </LinearRing>
          </outerBoundaryIs>
        </Polygon>
      </Placemark>
      <Placemark>
        <name>2109 VIRGINIA St</name>
        <description><![CDATA[
<b>2109 VIRGINIA St</b><br/><b>Units:</b> 131<br/><b>VLI Units:</b> 0<br/><b>Stories:</b> 2<br/><b>Height:</b> 39.9m<br/><b>Status:</b> Entitled
]]></description>
        <styleUrl>#style_Entitled_parcel</styleUrl>
        <Polygon>
          <extrude>1</extrude>
          <altitudeMode>relativeToGround</altitudeMode>
          <outerBoundaryIs>
            <LinearRing>
              <coordinates>        -122.2684051405695,37.87726574689183,39.9
        -122.26839035147249,37.87715404366436,39.9
        -122.26837728542152,37.87704161568805,39.9
        -122.26834117964766,37.87676336747056,39.9
        -122.26875064142084,37.8767132716366,39.9
        -122.26881190101207,37.87724798499854,39.9
        -122.2684071699731,37.87727807473793,39.9
        -122.2684051405695,37.87726574689183,39.9</coordinates>
            </LinearRing>
          </outerBoundaryIs>
        </Polygon>
      </Placemark>
      <Placemark>
        <name>2136 SAN PABLO Ave</name>
        <description><![CDATA[
<b>2136 SAN PABLO Ave</b><br/><b>Units:</b> 125<br/><b>VLI Units:</b> 10<br/><b>Stories:</b> 6<br/><b>Height:</b> 21.0m<br/><b>Status:</b> Entitled
]]></description>
        <styleUrl>#style_Entitled_parcel</styleUrl>
        <Polygon>
          <extrude>1</extrude>
          <altitudeMode>relativeToGround</altitudeMode>
          <outerBoundaryIs>
            <LinearRing>
              <coordinates>        -122.29187722898011,37.86663262718028,21.0
        -122.29198639746271,37.86661157786645,21.0
        -122.2920209372054,37.86671787770789,21.0
        -122.29210195454256,37.86696815199153,21.0
        -122.29214119844286,37.86708938296112,21.0
        -122.29168772360184,37.86717867955219,21.0
        -122.29153238681103,37.86670036502953,21.0
        -122.29187722898011,37.86663262718028,21.0</coordinates>
            </LinearRing>
          </outerBoundaryIs>
        </Polygon>
      </Placemark>
      <Placemark>
        <name>2425 DURANT Ave</name>
        <description><![CDATA[
<b>2425 DURANT Ave</b><br/><b>Units:</b> 117<br/><b>VLI Units:</b> 0<br/><b>Stories:</b> 20<br/><b>Height:</b> 61.0m<br/><b>Status:</b> Decision Pending
]]></description>
        <styleUrl>#style_Decision_Pending_parcel</styleUrl>
        <Polygon>
          <extrude>1</extrude>
          <altitudeMode>relativeToGround</altitudeMode>
          <outerBoundaryIs>
            <LinearRing>
              <coordinates>        -122.25999301224887,37.867797796169725,61.0
        -122.26024138789072,37.8677653188486,61.0
        -122.26031796235097,37.86811738479477,61.0
        -122.2602404724875,37.86812751695053,61.0
        -122.26007987117404,37.868148517285,61.0
        -122.25999301224887,37.867797796169725,61.0</coordinates>
            </LinearRing>
          </outerBoundaryIs>
        </Polygon>
      </Placemark>
      <Placemark>
        <name>2720 SAN PABLO Ave</name>
        <description><![CDATA[
<b>2720 SAN PABLO Ave</b><br/><b>Units:</b> 113<br/><b>VLI Units:</b> 9<br/><b>Stories:</b> 10<br/><b>Height:</b> 35.7m<br/><b>Status:</b> In Review<br/><i>(height estimated from units)</i>
]]></description>
        <styleUrl>#style_In_Review_parcel</styleUrl>
        <Polygon>
          <extrude>1</extrude>
          <altitudeMode>relativeToGround</altitudeMode>
          <outerBoundaryIs>
            <LinearRing>
              <coordinates>        -122.2885780863559,37.85748227996431,35.7
        -122.28849395908641,37.857231409128254,35.7
        -122.28882407478976,37.857142870198366,35.7
        -122.28890696216224,37.857398192924116,35.7
        -122.2885780863559,37.85748227996431,35.7</coordinates>
            </LinearRing>
          </outerBoundaryIs>
        </Polygon>
      </Placemark>
      <Placemark>
        <name>2000 DWIGHT Way</name>
        <description><![CDATA[
<b>2000 DWIGHT Way</b><br/><b>Units:</b> 113<br/><b>VLI Units:</b> 0<br/><b>Stories:</b> 6<br/><b>Height:</b> 21.0m<br/><b>Status:</b> Completed
]]></description>
        <styleUrl>#style_Completed_parcel</styleUrl>
        <Polygon>
          <extrude>1</extrude>
          <altitudeMode>relativeToGround</altitudeMode>
          <outerBoundaryIs>
            <LinearRing>
              <coordinates>        -122.2695034243705,37.863384234216134,21.0
        -122.26964847364131,37.86336420783969,21.0
        -122.26966744247115,37.863361176386036,21.0
        -122.26969353225746,37.86358327434223,21.0
        -122.26954844716515,37.86360124379956,21.0
        -122.2695034243705,37.863384234216134,21.0</coordinates>
            </LinearRing>
          </outerBoundaryIs>
        </Polygon>
      </Placemark>
      <Placemark>
        <name>2530 BANCROFT Way</name>
        <description><![CDATA[
<b>2530 BANCROFT Way</b><br/><b>Units:</b> 110<br/><b>VLI Units:</b> 11<br/><b>Stories:</b> 12<br/><b>Height:</b> 42.0m<br/><b>Status:</b> Entitled
]]></description>
        <styleUrl>#style_Entitled_parcel</styleUrl>
        <Polygon>
          <extrude>1</extrude>
          <altitudeMode>relativeToGround</altitudeMode>
          <outerBoundaryIs>
            <LinearRing>
              <coordinates>        -122.25800675303839,37.86839309275174,42.0
        -122.25821572191657,37.8683652725858,42.0
        -122.25839705772249,37.86834128423369,42.0
        -122.25841779529007,37.868338911969516,42.0
        -122.25848876174013,37.86870179976934,42.0
        -122.25807769476411,37.86875462148472,42.0
        -122.25800675303839,37.86839309275174,42.0</coordinates>
            </LinearRing>
          </outerBoundaryIs>
        </Polygon>
      </Placemark>
      <Placemark>
        <name>1701 SAN PABLO Ave</name>
        <description><![CDATA[
<b>1701 SAN PABLO Ave</b><br/><b>Units:</b> 110<br/><b>VLI Units:</b> 110<br/><b>Stories:</b> 10<br/><b>Height:</b> 35.0m<br/><b>Status:</b> Under Construction<br/><i>(height estimated from units)</i>
]]></description>
        <styleUrl>#style_Under_Construction_parcel</styleUrl>
        <Polygon>
          <extrude>1</extrude>
          <altitudeMode>relativeToGround</altitudeMode>
          <outerBoundaryIs>
            <LinearRing>
              <coordinates>        -122.29329535431697,37.872120473947774,35.0
        -122.29317937306163,37.8717658364801,35.0
        -122.2935069934474,37.87170112169829,35.0
        -122.29359649475589,37.87196344821051,35.0
        -122.29370777790587,37.87194068856764,35.0
        -122.2937078408349,37.87194088542696,35.0
        -122.2937362662525,37.87202966473449,35.0
        -122.29373647493694,37.872030314917076,35.0
        -122.29329535431697,37.872120473947774,35.0</coordinates>
            </LinearRing>
          </outerBoundaryIs>
        </Polygon>
      </Placemark>
      <Placemark>
        <name>2109 MILVIA St</name>
        <description><![CDATA[
<b>2109 MILVIA St</b><br/><b>Units:</b> 105<br/><b>VLI Units:</b> 0<br/><b>Stories:</b> 14<br/><b>Height:</b> 49.0m<br/><b>Status:</b> In Review
]]></description>
        <styleUrl>#style_In_Review_parcel</styleUrl>
        <Polygon>
          <extrude>1</extrude>
          <altitudeMode>relativeToGround</altitudeMode>
          <outerBoundaryIs>
            <LinearRing>
              <coordinates>        -122.27021907921606,37.87048932915641,49.0
        -122.27026226283938,37.87048386370987,49.0
        -122.27051790683129,37.87045188837567,49.0
        -122.27054238464014,37.87067882035553,49.0
        -122.27025911676868,37.870715331967894,49.0
        -122.27021907921606,37.87048932915641,49.0</coordinates>
            </LinearRing>
          </outerBoundaryIs>
        </Polygon>
      </Placemark>
      <Placemark>
        <name>2198 SAN PABLO Ave</name>
        <description><![CDATA[
<b>2198 SAN PABLO Ave</b><br/><b>Units:</b> 100<br/><b>VLI Units:</b> 0<br/><b>Stories:</b> 7<br/><b>Height:</b> 24.5m<br/><b>Status:</b> Entitled
]]></description>
        <styleUrl>#style_Entitled_parcel</styleUrl>
        <Polygon>
          <extrude>1</extrude>
          <altitudeMode>relativeToGround</altitudeMode>
          <outerBoundaryIs>
            <LinearRing>
              <coordinates>        -122.29178949134955,37.86637095150585,24.5
        -122.29187722898011,37.86663262718028,24.5
        -122.29153238681103,37.86670036502953,24.5
        -122.29144809912512,37.866438630553766,24.5
        -122.29178949134955,37.86637095150585,24.5</coordinates>
            </LinearRing>
          </outerBoundaryIs>
        </Polygon>
      </Placemark>
      <Placemark>
        <name>2655 SHATTUCK Ave</name>
        <description><![CDATA[
<b>2655 SHATTUCK Ave</b><br/><b>Units:</b> 97<br/><b>VLI Units:</b> 0<br/><b>Stories:</b> 8<br/><b>Height:</b> 25.9m<br/><b>Status:</b> Decision Pending
]]></description>
        <styleUrl>#style_Decision_Pending_parcel</styleUrl>
        <Polygon>
          <extrude>1</extrude>
          <altitudeMode>relativeToGround</altitudeMode>
          <outerBoundaryIs>
            <LinearRing>
              <coordinates>        -122.26613057025851,37.860547199248735,25.9
        -122.26678165021562,37.860463975174014,25.9
        -122.26677505799377,37.860551282036184,25.9
        -122.2667561221218,37.8608468576224,25.9
        -122.26632954472754,37.86090130626557,25.9
        -122.26619648327699,37.86091496264939,25.9
        -122.26613057025851,37.860547199248735,25.9</coordinates>
            </LinearRing>
          </outerBoundaryIs>
        </Polygon>
      </Placemark>
      <Placemark>
        <name>2450 SHATTUCK Ave</name>
        <description><![CDATA[
<b>2450 SHATTUCK Ave</b><br/><b>Units:</b> 94<br/><b>VLI Units:</b> 0<br/><b>Stories:</b> 7<br/><b>Height:</b> 24.5m<br/><b>Status:</b> In Review<br/><i>(height estimated from units)</i>
]]></description>
        <styleUrl>#style_In_Review_parcel</styleUrl>
        <Polygon>
          <extrude>1</extrude>
          <altitudeMode>relativeToGround</altitudeMode>
          <outerBoundaryIs>
            <LinearRing>
              <coordinates>        -122.26770797902974,37.8644439220885,24.5
        -122.26808796782319,37.86439702831648,24.5
        -122.26809355020539,37.86441274190318,24.5
        -122.26816573747223,37.86446110423199,24.5
        -122.2682140824923,37.86467326704248,24.5
        -122.2682199953658,37.86470270034828,24.5
        -122.26774502462095,37.8647626827703,24.5
        -122.26770797902974,37.8644439220885,24.5</coordinates>
            </LinearRing>
          </outerBoundaryIs>
        </Polygon>
      </Placemark>
      <Placemark>
        <name>2001 ASHBY Ave</name>
        <description><![CDATA[
<b>2001 ASHBY Ave</b><br/><b>Units:</b> 87<br/><b>VLI Units:</b> 86<br/><b>Stories:</b> 1<br/><b>Height:</b> 3.5m<br/><b>Status:</b> Completed
]]></description>
        <styleUrl>#style_Completed_parcel</styleUrl>
        <Polygon>
          <extrude>1</extrude>
          <altitudeMode>relativeToGround</altitudeMode>
          <outerBoundaryIs>
            <LinearRing>
              <coordinates>        -122.26801435446409,37.85560352017218,3.5
        -122.26805884192954,37.855597879726716,3.5
        -122.26804503831112,37.85548857423015,3.5
        -122.26811344306456,37.85547990177098,3.5
        -122.26807893164928,37.85520663937028,3.5
        -122.26858714428717,37.85514220475695,3.5
        -122.26859649231442,37.85514167517936,3.5
        -122.26860581891533,37.85514239376007,3.5
        -122.26861486057186,37.85514433993507,3.5
        -122.2686233597965,37.85514745802748,3.5
        -122.26863107419884,37.85515166000763,3.5
        -122.26863778445087,37.855156824641256,3.5
        -122.26864330100928,37.85516280744558,3.5
        -122.2686474652964,37.85516943618993,3.5
        -122.26865015866888,37.855176523569725,3.5
        -122.2686513058279,37.855183867227495,3.5
        -122.26865087472105,37.85519125966661,3.5
        -122.26864887426922,37.855198488237114,3.5
        -122.26847150790736,37.85565661552959,3.5
        -122.2680281580558,37.85571282566998,3.5
        -122.26802801158169,37.85571165938652,3.5
        -122.26801435446409,37.85560352017218,3.5</coordinates>
            </LinearRing>
          </outerBoundaryIs>
        </Polygon>
      </Placemark>
      <Placemark>
        <name>2036 BANCROFT Way</name>
        <description><![CDATA[
<b>2036 BANCROFT Way</b><br/><b>Units:</b> 85<br/><b>VLI Units:</b> 4<br/><b>Stories:</b> 8<br/><b>Height:</b> 25.9m<br/><b>Status:</b> In Review
]]></description>
        <styleUrl>#style_In_Review_parcel</styleUrl>
        <Polygon>
          <extrude>1</extrude>
          <altitudeMode>relativeToGround</altitudeMode>
          <outerBoundaryIs>
            <LinearRing>
              <coordinates>        -122.26834072600992,37.86671496660818,25.9
        -122.26841151195394,37.86706823711974,25.9
        -122.26857562398996,37.86704861446543,25.9
        -122.26864821260112,37.8674046080076,25.9
        -122.26848061906367,37.86742291306954,25.9
        -122.26804366193926,37.86748027478138,25.9
        -122.2679694310436,37.86676447485359,25.9
        -122.26834072600992,37.86671496660818,25.9</coordinates>
            </LinearRing>
          </outerBoundaryIs>
        </Polygon>
      </Placemark>
      <Placemark>
        <name>1700 SACRAMENTO St</name>
        <description><![CDATA[
<b>1700 SACRAMENTO St</b><br/><b>Units:</b> 85<br/><b>VLI Units:</b> 0<br/><b>Stories:</b> 7<br/><b>Height:</b> 24.5m<br/><b>Status:</b> In Review<br/><i>(height estimated from units)</i>
]]></description>
        <styleUrl>#style_In_Review_parcel</styleUrl>
        <Polygon>
          <extrude>1</extrude>
          <altitudeMode>relativeToGround</altitudeMode>
          <outerBoundaryIs>
            <LinearRing>
              <coordinates>        -122.28208013961356,37.874556417336635,24.5
        -122.28222349090716,37.87453776763364,24.5
        -122.28225611172685,37.874813329143876,24.5
        -122.2821214290198,37.87483252745301,24.5
        -122.28211517795165,37.87478867304238,24.5
        -122.28208013961356,37.874556417336635,24.5</coordinates>
            </LinearRing>
          </outerBoundaryIs>
        </Polygon>
      </Placemark>
      <Placemark>
        <name>2538 DURANT Ave</name>
        <description><![CDATA[
<b>2538 DURANT Ave</b><br/><b>Units:</b> 83<br/><b>VLI Units:</b> 5<br/><b>Stories:</b> 8<br/><b>Height:</b> 28.0m<br/><b>Status:</b> Under Construction
]]></description>
        <styleUrl>#style_Under_Construction_parcel</styleUrl>
        <Polygon>
          <extrude>1</extrude>
          <altitudeMode>relativeToGround</altitudeMode>
          <outerBoundaryIs>
            <LinearRing>
              <coordinates>        -122.25706973713083,37.86759881421826,28.0
        -122.25723553734598,37.86757712164093,28.0
        -122.2573078261212,37.86792282007067,28.0
        -122.25714041107342,37.86794934609672,28.0
        -122.25706973713083,37.86759881421826,28.0</coordinates>
            </LinearRing>
          </outerBoundaryIs>
        </Polygon>
      </Placemark>
      <Placemark>
        <name>2000 University Ave</name>
        <description><![CDATA[
<b>2000 University Ave</b><br/><b>Units:</b> 82<br/><b>VLI Units:</b> 0<br/><b>Stories:</b> 3<br/><b>Height:</b> 10.5m<br/><b>Status:</b> Completed<br/><i>(height estimated from units)</i>
]]></description>
        <styleUrl>#style_Completed_parcel</styleUrl>
        <Polygon>
          <extrude>1</extrude>
          <altitudeMode>relativeToGround</altitudeMode>
          <outerBoundaryIs>
            <LinearRing>
              <coordinates>        -122.27039695789797,37.87149925005609,10.5
        -122.2705802418811,37.87148413456205,10.5
        -122.27060710792944,37.87173850398432,10.5
        -122.27042742639472,37.87175973367047,10.5
        -122.27039695789797,37.87149925005609,10.5</coordinates>
            </LinearRing>
          </outerBoundaryIs>
        </Polygon>
      </Placemark>
      <Placemark>
        <name>1708 HARMON St</name>
        <description><![CDATA[
<b>1708 HARMON St</b><br/><b>Units:</b> 80<br/><b>VLI Units:</b> 80<br/><b>Stories:</b> 5<br/><b>Height:</b> 17.5m<br/><b>Status:</b> Permits Active
]]></description>
        <styleUrl>#style_Permits_Active_parcel</styleUrl>
        <Polygon>
          <extrude>1</extrude>
          <altitudeMode>relativeToGround</altitudeMode>
          <outerBoundaryIs>
            <LinearRing>
              <coordinates>        -122.27323452444641,37.84923034250092,17.5
        -122.27322214858485,37.84912023331194,17.5
        -122.27281227053048,37.84917477286226,17.5
        -122.27277837371086,37.848873188483175,17.5
        -122.27298331308677,37.84884592254835,17.5
        -122.27318825232626,37.848818655353924,17.5
        -122.27316511586814,37.84861281266259,17.5
        -122.27357499163948,37.84855827815998,17.5
        -122.27365831685873,37.84929958645437,17.5
        -122.27324843703113,37.8493541211987,17.5
        -122.27323452444641,37.84923034250092,17.5</coordinates>
            </LinearRing>
          </outerBoundaryIs>
        </Polygon>
      </Placemark>
      <Placemark>
        <name>2680 BANCROFT Way</name>
        <description><![CDATA[
<b>2680 BANCROFT Way</b><br/><b>Units:</b> 79<br/><b>VLI Units:</b> 9<br/><b>Stories:</b> 8<br/><b>Height:</b> 28.0m<br/><b>Status:</b> Entitled
]]></description>
        <styleUrl>#style_Entitled_parcel</styleUrl>
        <Polygon>
          <extrude>1</extrude>
          <altitudeMode>relativeToGround</altitudeMode>
          <outerBoundaryIs>
            <LinearRing>
              <coordinates>        -122.25466412920818,37.868948935488255,28.0
        -122.2549301345941,37.868915455299344,28.0
        -122.25490670150172,37.86880387046044,28.0
        -122.25499481960095,37.868793641436895,28.0
        -122.2551606616823,37.86877331031076,28.0
        -122.25523315315624,37.8691286234623,28.0
        -122.25481346326082,37.869182936639234,28.0
        -122.25478221800248,37.86918064967872,28.0
        -122.2547561456385,37.869176916435116,28.0
        -122.25472458265983,37.869160910698575,28.0
        -122.25470851241903,37.869140546143385,28.0
        -122.25469737419317,37.86910912692665,28.0
        -122.25466412920818,37.868948935488255,28.0</coordinates>
            </LinearRing>
          </outerBoundaryIs>
        </Polygon>
      </Placemark>
      <Placemark>
        <name>2660 BANCROFT Way</name>
        <description><![CDATA[
<b>2660 BANCROFT Way</b><br/><b>Units:</b> 78<br/><b>VLI Units:</b> 0<br/><b>Stories:</b> 8<br/><b>Height:</b> 28.0m<br/><b>Status:</b> Application Submitted
]]></description>
        <styleUrl>#style_Application_Submitted_parcel</styleUrl>
        <Polygon>
          <extrude>1</extrude>
          <altitudeMode>relativeToGround</altitudeMode>
          <outerBoundaryIs>
            <LinearRing>
              <coordinates>        -122.2551606616823,37.86877331031076,28.0
        -122.25523323065747,37.86876536665233,28.0
        -122.25534722426896,37.86875061973853,28.0
        -122.25542302547893,37.86909832878837,28.0
        -122.25523315315624,37.8691286234623,28.0
        -122.2551606616823,37.86877331031076,28.0</coordinates>
            </LinearRing>
          </outerBoundaryIs>
        </Polygon>
      </Placemark>
      <Placemark>
        <name>2427 San Pablo</name>
        <description><![CDATA[
<b>2427 San Pablo</b><br/><b>Units:</b> 78<br/><b>VLI Units:</b> 0<br/><b>Stories:</b> 7<br/><b>Height:</b> 21.3m<br/><b>Status:</b> Entitled<br/><i>(height estimated from units)</i>
]]></description>
        <styleUrl>#style_Entitled_parcel</styleUrl>
        <Polygon>
          <extrude>1</extrude>
          <altitudeMode>relativeToGround</altitudeMode>
          <outerBoundaryIs>
            <LinearRing>
              <coordinates>        -122.28929177722608,37.86193637886238,21.3
        -122.2892600231865,37.8618407230334,21.3
        -122.2892469620572,37.861801781296606,21.3
        -122.28957962824481,37.8617328697494,21.3
        -122.28962991203038,37.86187837700161,21.3
        -122.28929547315306,37.86194525007528,21.3
        -122.28929177722608,37.86193637886238,21.3</coordinates>
            </LinearRing>
          </outerBoundaryIs>
        </Polygon>
      </Placemark>
      <Placemark>
        <name>2955 SHATTUCK Ave</name>
        <description><![CDATA[
<b>2955 SHATTUCK Ave</b><br/><b>Units:</b> 74<br/><b>VLI Units:</b> 0<br/><b>Stories:</b> 2<br/><b>Height:</b> 22.9m<br/><b>Status:</b> In Review
]]></description>
        <styleUrl>#style_In_Review_parcel</styleUrl>
        <Polygon>
          <extrude>1</extrude>
          <altitudeMode>relativeToGround</altitudeMode>
          <outerBoundaryIs>
            <LinearRing>
              <coordinates>        -122.26603976681804,37.85585979696457,22.9
        -122.26601650160971,37.8557557679286,22.9
        -122.26605103743535,37.85575113063698,22.9
        -122.26621333202593,37.855728782408775,22.9
        -122.26619351364758,37.85562402050176,22.9
        -122.266424939621,37.85559515110643,22.9
        -122.2664707120298,37.85591721074479,22.9
        -122.26606489102232,37.85596929311244,22.9
        -122.26603976681804,37.85585979696457,22.9</coordinates>
            </LinearRing>
          </outerBoundaryIs>
        </Polygon>
      </Placemark>
      <Placemark>
        <name>2037 DURANT Ave</name>
        <description><![CDATA[
<b>2037 DURANT Ave</b><br/><b>Units:</b> 74<br/><b>VLI Units:</b> 4<br/><b>Stories:</b> 1<br/><b>Height:</b> 27.4m<br/><b>Status:</b> Entitled
]]></description>
        <styleUrl>#style_Entitled_parcel</styleUrl>
        <Polygon>
          <extrude>1</extrude>
          <altitudeMode>relativeToGround</altitudeMode>
          <outerBoundaryIs>
            <LinearRing>
              <coordinates>        -122.26834072600992,37.86671496660818,27.4
        -122.26867929584796,37.866673497141136,27.4
        -122.26874837082353,37.86702749408837,27.4
        -122.26857562398996,37.86704861446543,27.4
        -122.26841151195394,37.86706823711974,27.4
        -122.26834072600992,37.86671496660818,27.4</coordinates>
            </LinearRing>
          </outerBoundaryIs>
        </Polygon>
      </Placemark>
      <Placemark>
        <name>2138 KITTREDGE St</name>
        <description><![CDATA[
<b>2138 KITTREDGE St</b><br/><b>Units:</b> 73<br/><b>VLI Units:</b> 5<br/><b>Stories:</b> 8<br/><b>Height:</b> 28.0m<br/><b>Status:</b> Entitled
]]></description>
        <styleUrl>#style_Entitled_parcel</styleUrl>
        <Polygon>
          <extrude>1</extrude>
          <altitudeMode>relativeToGround</altitudeMode>
          <outerBoundaryIs>
            <LinearRing>
              <coordinates>        -122.26689246837125,37.86817183885958,28.0
        -122.26705825120678,37.86814945366185,28.0
        -122.26711745398454,37.86845276803579,28.0
        -122.26712941589538,37.86851851692969,28.0
        -122.26696193335101,37.86854231117494,28.0
        -122.26689246837125,37.86817183885958,28.0</coordinates>
            </LinearRing>
          </outerBoundaryIs>
        </Polygon>
      </Placemark>
      <Placemark>
        <name>2099 MLK Jr Way</name>
        <description><![CDATA[
<b>2099 MLK Jr Way</b><br/><b>Units:</b> 72<br/><b>VLI Units:</b> 0<br/><b>Stories:</b> 3<br/><b>Height:</b> 10.5m<br/><b>Status:</b> Completed<br/><i>(height estimated from units)</i>
]]></description>
        <styleUrl>#style_Completed_parcel</styleUrl>
        <Polygon>
          <extrude>1</extrude>
          <altitudeMode>relativeToGround</altitudeMode>
          <outerBoundaryIs>
            <LinearRing>
              <coordinates>        -122.27245934190269,37.87072941316434,10.5
        -122.2727754389462,37.87068964799388,10.5
        -122.2728190673195,37.871065301893694,10.5
        -122.2725081437602,37.87110430329983,10.5
        -122.27245934190269,37.87072941316434,10.5</coordinates>
            </LinearRing>
          </outerBoundaryIs>
        </Polygon>
      </Placemark>
      <Placemark>
        <name>2550 SHATTUCK Ave</name>
        <description><![CDATA[
<b>2550 SHATTUCK Ave</b><br/><b>Units:</b> 72<br/><b>VLI Units:</b> 8<br/><b>Stories:</b> 7<br/><b>Height:</b> 24.5m<br/><b>Status:</b> Entitled
]]></description>
        <styleUrl>#style_Entitled_parcel</styleUrl>
        <Polygon>
          <extrude>1</extrude>
          <altitudeMode>relativeToGround</altitudeMode>
          <outerBoundaryIs>
            <LinearRing>
              <coordinates>        -122.26751151180275,37.86266901739254,24.5
        -122.26797609185039,37.862609868022666,24.5
        -122.26802191273097,37.86286051489864,24.5
        -122.26753839663859,37.86292543298442,24.5
        -122.26751151180275,37.86266901739254,24.5</coordinates>
            </LinearRing>
          </outerBoundaryIs>
        </Polygon>
      </Placemark>
      <Placemark>
        <name>2326 DURANT Ave</name>
        <description><![CDATA[
<b>2326 DURANT Ave</b><br/><b>Units:</b> 70<br/><b>VLI Units:</b> 0<br/><b>Stories:</b> 7<br/><b>Height:</b> 24.5m<br/><b>Status:</b> In Review<br/><i>(height estimated from units)</i>
]]></description>
        <styleUrl>#style_In_Review_parcel</styleUrl>
        <Polygon>
          <extrude>1</extrude>
          <altitudeMode>relativeToGround</altitudeMode>
          <outerBoundaryIs>
            <LinearRing>
              <coordinates>        -122.26214017793305,37.866924445268204,24.5
        -122.26221271043364,37.86691580036684,24.5
        -122.26233362476823,37.8669002554371,24.5
        -122.26240632505872,37.867262431767635,24.5
        -122.26221290695409,37.86728798013969,24.5
        -122.26214017793305,37.866924445268204,24.5</coordinates>
            </LinearRing>
          </outerBoundaryIs>
        </Polygon>
      </Placemark>
      <Placemark>
        <name>2300 ELLSWORTH St</name>
        <description><![CDATA[
<b>2300 ELLSWORTH St</b><br/><b>Units:</b> 69<br/><b>VLI Units:</b> 0<br/><b>Stories:</b> 7<br/><b>Height:</b> 24.5m<br/><b>Status:</b> Permits Active
]]></description>
        <styleUrl>#style_Permits_Active_parcel</styleUrl>
        <Polygon>
          <extrude>1</extrude>
          <altitudeMode>relativeToGround</altitudeMode>
          <outerBoundaryIs>
            <LinearRing>
              <coordinates>        -122.26378897336537,37.867852247630935,24.5
        -122.26413959257442,37.86780718302568,24.5
        -122.26417669281781,37.867983117228995,24.5
        -122.26382768758215,37.86802334758866,24.5
        -122.26378897336537,37.867852247630935,24.5</coordinates>
            </LinearRing>
          </outerBoundaryIs>
        </Polygon>
      </Placemark>
      <Placemark>
        <name>2330 DURANT Ave</name>
        <description><![CDATA[
<b>2330 DURANT Ave</b><br/><b>Units:</b> 68<br/><b>VLI Units:</b> 0<br/><b>Stories:</b> 6<br/><b>Height:</b> 21.0m<br/><b>Status:</b> In Review
]]></description>
        <styleUrl>#style_In_Review_parcel</styleUrl>
        <Polygon>
          <extrude>1</extrude>
          <altitudeMode>relativeToGround</altitudeMode>
          <outerBoundaryIs>
            <LinearRing>
              <coordinates>        -122.26197608623805,37.86694542452996,21.0
        -122.26201413310024,37.86694279330458,21.0
        -122.26203308835683,37.86693839574319,21.0
        -122.26214017793305,37.866924445268204,21.0
        -122.26221290695409,37.86728798013969,21.0
        -122.26204882462079,37.86730896766862,21.0
        -122.26197608623805,37.86694542452996,21.0</coordinates>
            </LinearRing>
          </outerBoundaryIs>
        </Polygon>
      </Placemark>
      <Placemark>
        <name>2455 TELEGRAPH Ave</name>
        <description><![CDATA[
<b>2455 TELEGRAPH Ave</b><br/><b>Units:</b> 68<br/><b>VLI Units:</b> 7<br/><b>Stories:</b> 8<br/><b>Height:</b> 28.0m<br/><b>Status:</b> In Review
]]></description>
        <styleUrl>#style_In_Review_parcel</styleUrl>
        <Polygon>
          <extrude>1</extrude>
          <altitudeMode>relativeToGround</altitudeMode>
          <outerBoundaryIs>
            <LinearRing>
              <coordinates>        -122.25813409474087,37.86579825469264,28.0
        -122.25847597731523,37.86575058138047,28.0
        -122.2585151687762,37.865942274304494,28.0
        -122.25812491970417,37.86599615931336,28.0
        -122.25808746666563,37.865804440266764,28.0
        -122.25813409474087,37.86579825469264,28.0</coordinates>
            </LinearRing>
          </outerBoundaryIs>
        </Polygon>
      </Placemark>
      <Placemark>
        <name>1752 SHATTUCK Ave</name>
        <description><![CDATA[
<b>1752 SHATTUCK Ave</b><br/><b>Units:</b> 68<br/><b>VLI Units:</b> 0<br/><b>Stories:</b> 7<br/><b>Height:</b> 24.5m<br/><b>Status:</b> Completed
]]></description>
        <styleUrl>#style_Completed_parcel</styleUrl>
        <Polygon>
          <extrude>1</extrude>
          <altitudeMode>relativeToGround</altitudeMode>
          <outerBoundaryIs>
            <LinearRing>
              <coordinates>        -122.26891952595507,37.87529478389757,24.5
        -122.26926483928594,37.87524428965758,24.5
        -122.26926953086924,37.87529572390658,24.5
        -122.2692716275741,37.87531080199859,24.5
        -122.26921982126885,37.87531775114409,24.5
        -122.26924642398214,37.87556182091574,24.5
        -122.2689561563897,37.875595690117436,24.5
        -122.26891952595507,37.87529478389757,24.5</coordinates>
            </LinearRing>
          </outerBoundaryIs>
        </Polygon>
      </Placemark>
      <Placemark>
        <name>2462 BANCROFT Way</name>
        <description><![CDATA[
<b>2462 BANCROFT Way</b><br/><b>Units:</b> 66<br/><b>VLI Units:</b> 3<br/><b>Stories:</b> 8<br/><b>Height:</b> 26.8m<br/><b>Status:</b> Entitled
]]></description>
        <styleUrl>#style_Entitled_parcel</styleUrl>
        <Polygon>
          <extrude>1</extrude>
          <altitudeMode>relativeToGround</altitudeMode>
          <outerBoundaryIs>
            <LinearRing>
              <coordinates>        -122.25988664722365,37.86817378183533,26.8
        -122.26007987117404,37.868148517285,26.8
        -122.26014711812886,37.86850180182801,26.8
        -122.25996288683038,37.868525890942735,26.8
        -122.25988664722365,37.86817378183533,26.8</coordinates>
            </LinearRing>
          </outerBoundaryIs>
        </Polygon>
      </Placemark>
      <Placemark>
        <name>2072 Addison St</name>
        <description><![CDATA[
<b>2072 Addison St</b><br/><b>Units:</b> 66<br/><b>VLI Units:</b> 0<br/><b>Stories:</b> 6<br/><b>Height:</b> 21.0m<br/><b>Status:</b> Entitled
]]></description>
        <styleUrl>#style_Entitled_parcel</styleUrl>
        <Polygon>
          <extrude>1</extrude>
          <altitudeMode>relativeToGround</altitudeMode>
          <outerBoundaryIs>
            <LinearRing>
              <coordinates>        -122.26872660702283,37.870674448220235,21.0
        -122.26881298470822,37.87066422959238,21.0
        -122.268980541036,37.87064317763038,21.0
        -122.26904967573658,37.870999904569516,21.0
        -122.26879748024724,37.87103115996177,21.0
        -122.26872660702283,37.870674448220235,21.0</coordinates>
            </LinearRing>
          </outerBoundaryIs>
        </Polygon>
      </Placemark>
      <Placemark>
        <name>2298 DURANT Ave</name>
        <description><![CDATA[
<b>2298 DURANT Ave</b><br/><b>Units:</b> 65<br/><b>VLI Units:</b> 0<br/><b>Stories:</b> 8<br/><b>Height:</b> 27.7m<br/><b>Status:</b> Decision Pending
]]></description>
        <styleUrl>#style_Decision_Pending_parcel</styleUrl>
        <Polygon>
          <extrude>1</extrude>
          <altitudeMode>relativeToGround</altitudeMode>
          <outerBoundaryIs>
            <LinearRing>
              <coordinates>        -122.26359023364937,37.86685263834067,27.7
        -122.26392181229312,37.86680855303636,27.7
        -122.26397280917999,37.86705912096451,27.7
        -122.26363939756068,37.86709912470797,27.7
        -122.26359023364937,37.86685263834067,27.7</coordinates>
            </LinearRing>
          </outerBoundaryIs>
        </Polygon>
      </Placemark>
      <Placemark>
        <name>2441 LE CONTE Ave</name>
        <description><![CDATA[
<b>2441 LE CONTE Ave</b><br/><b>Units:</b> 65<br/><b>VLI Units:</b> 0<br/><b>Stories:</b> 7<br/><b>Height:</b> 24.5m<br/><b>Status:</b> Application Submitted<br/><i>(height estimated from units)</i>
]]></description>
        <styleUrl>#style_Application_Submitted_parcel</styleUrl>
        <Polygon>
          <extrude>1</extrude>
          <altitudeMode>relativeToGround</altitudeMode>
          <outerBoundaryIs>
            <LinearRing>
              <coordinates>        -122.26167330057974,37.87688295317811,24.5
        -122.26181839294014,37.87686432216635,24.5
        -122.26190961162122,37.87683823393249,24.5
        -122.26200902706515,37.87679279853877,24.5
        -122.26208575727821,37.877178261164374,24.5
        -122.26192171296908,37.877201321596424,24.5
        -122.26174553437416,37.877225230430284,24.5
        -122.26167330057974,37.87688295317811,24.5</coordinates>
            </LinearRing>
          </outerBoundaryIs>
        </Polygon>
      </Placemark>
      <Placemark>
        <name>3031 ADELINE St</name>
        <description><![CDATA[
<b>3031 ADELINE St</b><br/><b>Units:</b> 64<br/><b>VLI Units:</b> 0<br/><b>Stories:</b> 7<br/><b>Height:</b> 24.5m<br/><b>Status:</b> In Review<br/><i>(height estimated from units)</i>
]]></description>
        <styleUrl>#style_In_Review_parcel</styleUrl>
        <Polygon>
          <extrude>1</extrude>
          <altitudeMode>relativeToGround</altitudeMode>
          <outerBoundaryIs>
            <LinearRing>
              <coordinates>        -122.26867539046543,37.854012247153975,24.5
        -122.26865010225467,37.85389589615363,24.5
        -122.2688296907487,37.85387260079436,24.5
        -122.26881013009034,37.85377881954651,24.5
        -122.26880011902912,37.85372197404597,24.5
        -122.26868090311288,37.853734755802115,24.5
        -122.26867483718375,37.85369844103796,24.5
        -122.2686587510868,37.853604604732936,24.5
        -122.26928212988626,37.853524536415705,24.5
        -122.26904877104396,37.8541254526773,24.5
        -122.26870679480147,37.85416697808388,24.5
        -122.26867539046543,37.854012247153975,24.5</coordinates>
            </LinearRing>
          </outerBoundaryIs>
        </Polygon>
      </Placemark>
      <Placemark>
        <name>2372 ELLSWORTH St</name>
        <description><![CDATA[
<b>2372 ELLSWORTH St</b><br/><b>Units:</b> 63<br/><b>VLI Units:</b> 0<br/><b>Stories:</b> 7<br/><b>Height:</b> 24.5m<br/><b>Status:</b> Entitled<br/><i>(height estimated from units)</i>
]]></description>
        <styleUrl>#style_Entitled_parcel</styleUrl>
        <Polygon>
          <extrude>1</extrude>
          <altitudeMode>relativeToGround</altitudeMode>
          <outerBoundaryIs>
            <LinearRing>
              <coordinates>        -122.26375709771106,37.866366036086575,24.5
        -122.26382765240729,37.86671037783683,24.5
        -122.26356337208578,37.866743182370726,24.5
        -122.26349458233076,37.866400171001,24.5
        -122.26375709771106,37.866366036086575,24.5</coordinates>
            </LinearRing>
          </outerBoundaryIs>
        </Polygon>
      </Placemark>
      <Placemark>
        <name>2001 CENTER St</name>
        <description><![CDATA[
<b>2001 CENTER St</b><br/><b>Units:</b> 58<br/><b>VLI Units:</b> 0<br/><b>Stories:</b> 7<br/><b>Height:</b> 30.5m<br/><b>Status:</b> In Review
]]></description>
        <styleUrl>#style_In_Review_parcel</styleUrl>
        <Polygon>
          <extrude>1</extrude>
          <altitudeMode>relativeToGround</altitudeMode>
          <outerBoundaryIs>
            <LinearRing>
              <coordinates>        -122.27019325951906,37.87013332471112,30.5
        -122.27048170952081,37.87009671917422,30.5
        -122.27050036543717,37.870297634464805,30.5
        -122.27023266715302,37.87033256428781,30.5
        -122.27019325951906,37.87013332471112,30.5</coordinates>
            </LinearRing>
          </outerBoundaryIs>
        </Polygon>
      </Placemark>
      <Placemark>
        <name>2127 DWIGHT Way</name>
        <description><![CDATA[
<b>2127 DWIGHT Way</b><br/><b>Units:</b> 58<br/><b>VLI Units:</b> 8<br/><b>Stories:</b> 6<br/><b>Height:</b> 21.0m<br/><b>Status:</b> Entitled
]]></description>
        <styleUrl>#style_Entitled_parcel</styleUrl>
        <Polygon>
          <extrude>1</extrude>
          <altitudeMode>relativeToGround</altitudeMode>
          <outerBoundaryIs>
            <LinearRing>
              <coordinates>        -122.26712252700682,37.86409385677063,21.0
        -122.26716342944428,37.86446417845478,21.0
        -122.26659348664707,37.86453717007876,21.0
        -122.2665189076699,37.86417116561537,21.0
        -122.26712252700682,37.86409385677063,21.0</coordinates>
            </LinearRing>
          </outerBoundaryIs>
        </Polygon>
      </Placemark>
      <Placemark>
        <name>2712 TELEGRAPH Ave</name>
        <description><![CDATA[
<b>2712 TELEGRAPH Ave</b><br/><b>Units:</b> 57<br/><b>VLI Units:</b> 0<br/><b>Stories:</b> 6<br/><b>Height:</b> 21.0m<br/><b>Status:</b> In Review
]]></description>
        <styleUrl>#style_In_Review_parcel</styleUrl>
        <Polygon>
          <extrude>1</extrude>
          <altitudeMode>relativeToGround</altitudeMode>
          <outerBoundaryIs>
            <LinearRing>
              <coordinates>        -122.25919983464402,37.86091714017034,21.0
        -122.25952622373165,37.86087382308346,21.0
        -122.25954982924208,37.860992956579395,21.0
        -122.25955950649721,37.861036071282676,21.0
        -122.25953018196398,37.861041320761004,21.0
        -122.25954385982362,37.86110703349734,21.0
        -122.2591638704972,37.86115389976048,21.0
        -122.25919983464402,37.86091714017034,21.0</coordinates>
            </LinearRing>
          </outerBoundaryIs>
        </Polygon>
      </Placemark>
      <Placemark>
        <name>1740 SAN PABLO Ave</name>
        <description><![CDATA[
<b>1740 SAN PABLO Ave</b><br/><b>Units:</b> 54<br/><b>VLI Units:</b> 0<br/><b>Stories:</b> 6<br/><b>Height:</b> 21.0m<br/><b>Status:</b> In Review
]]></description>
        <styleUrl>#style_In_Review_parcel</styleUrl>
        <Polygon>
          <extrude>1</extrude>
          <altitudeMode>relativeToGround</altitudeMode>
          <outerBoundaryIs>
            <LinearRing>
              <coordinates>        -122.29329535431697,37.872120473947774,21.0
        -122.29317937306163,37.8717658364801,21.0
        -122.2935069934474,37.87170112169829,21.0
        -122.29359649475589,37.87196344821051,21.0
        -122.29370777790587,37.87194068856764,21.0
        -122.2937078408349,37.87194088542696,21.0
        -122.2937362662525,37.87202966473449,21.0
        -122.29373647493694,37.872030314917076,21.0
        -122.29329535431697,37.872120473947774,21.0</coordinates>
            </LinearRing>
          </outerBoundaryIs>
        </Polygon>
      </Placemark>
      <Placemark>
        <name>2902 ADELINE St</name>
        <description><![CDATA[
<b>2902 ADELINE St</b><br/><b>Units:</b> 54<br/><b>VLI Units:</b> 0<br/><b>Stories:</b> 6<br/><b>Height:</b> 21.0m<br/><b>Status:</b> Under Construction
]]></description>
        <styleUrl>#style_Under_Construction_parcel</styleUrl>
        <Polygon>
          <extrude>1</extrude>
          <altitudeMode>relativeToGround</altitudeMode>
          <outerBoundaryIs>
            <LinearRing>
              <coordinates>        -122.2689516184713,37.85608056732554,21.0
        -122.26920058901027,37.85613382815464,21.0
        -122.26921717188063,37.856321047781094,21.0
        -122.2690220622034,37.856347320755305,21.0
        -122.2689806274467,37.85635275338876,21.0
        -122.26894938605128,37.8563504612152,21.0
        -122.26890891240284,37.85632361094098,21.0
        -122.26889273607873,37.85629913501145,21.0
        -122.26888705037702,37.85627861690572,21.0
        -122.26888659803465,37.856260078990346,21.0
        -122.2688946630166,37.856234553954096,21.0
        -122.2689516184713,37.85608056732554,21.0</coordinates>
            </LinearRing>
          </outerBoundaryIs>
        </Polygon>
      </Placemark>
      <Placemark>
        <name>2587 TELEGRAPH Ave</name>
        <description><![CDATA[
<b>2587 TELEGRAPH Ave</b><br/><b>Units:</b> 52<br/><b>VLI Units:</b> 6<br/><b>Stories:</b> 8<br/><b>Height:</b> 28.0m<br/><b>Status:</b> Under Construction
]]></description>
        <styleUrl>#style_Under_Construction_parcel</styleUrl>
        <Polygon>
          <extrude>1</extrude>
          <altitudeMode>relativeToGround</altitudeMode>
          <outerBoundaryIs>
            <LinearRing>
              <coordinates>        -122.25812878616863,37.863884127698384,28.0
        -122.25812018030621,37.86379282035163,28.0
        -122.25811157644763,37.8637015418569,28.0
        -122.25809892704267,37.86356734717831,28.0
        -122.25829482779483,37.86355573440175,28.0
        -122.25829614971663,37.86356937026654,28.0
        -122.258492600615,37.863544490000585,28.0
        -122.25841376640629,37.86409671989505,28.0
        -122.25815029750429,37.86411233880385,28.0
        -122.25813739005689,37.86397540709073,28.0
        -122.25812878616863,37.863884127698384,28.0</coordinates>
            </LinearRing>
          </outerBoundaryIs>
        </Polygon>
      </Placemark>
      <Placemark>
        <name>130 BERKELEY Sq</name>
        <description><![CDATA[
<b>130 BERKELEY Sq</b><br/><b>Units:</b> 50<br/><b>VLI Units:</b> 0<br/><b>Stories:</b> 7<br/><b>Height:</b> 24.5m<br/><b>Status:</b> In Review<br/><i>(height estimated from units)</i>
]]></description>
        <styleUrl>#style_In_Review_parcel</styleUrl>
        <Polygon>
          <extrude>1</extrude>
          <altitudeMode>relativeToGround</altitudeMode>
          <outerBoundaryIs>
            <LinearRing>
              <coordinates>        -122.26786479653461,37.870806550791784,24.5
        -122.26804795609837,37.87078595950883,24.5
        -122.268057779161,37.87090735424928,24.5
        -122.26786604884194,37.87093150192055,24.5
        -122.26786479653461,37.870806550791784,24.5</coordinates>
            </LinearRing>
          </outerBoundaryIs>
        </Polygon>
      </Placemark>
      <Placemark>
        <name>2016 ASHBY Ave</name>
        <description><![CDATA[
<b>2016 ASHBY Ave</b><br/><b>Units:</b> 50<br/><b>VLI Units:</b> 50<br/><b>Stories:</b> 7<br/><b>Height:</b> 24.5m<br/><b>Status:</b> Permits Active
]]></description>
        <styleUrl>#style_Permits_Active_parcel</styleUrl>
        <Polygon>
          <extrude>1</extrude>
          <altitudeMode>relativeToGround</altitudeMode>
          <outerBoundaryIs>
            <LinearRing>
              <coordinates>        -122.26811485831125,37.85469499081151,24.5
        -122.26827015905893,37.85467000413911,24.5
        -122.26833051542134,37.85494926659176,24.5
        -122.2681716565586,37.85497018712021,24.5
        -122.26811485831125,37.85469499081151,24.5</coordinates>
            </LinearRing>
          </outerBoundaryIs>
        </Polygon>
      </Placemark>
      <Placemark>
        <name>2350 TELEGRAPH Ave</name>
        <description><![CDATA[
<b>2350 TELEGRAPH Ave</b><br/><b>Units:</b> 48<br/><b>VLI Units:</b> 2<br/><b>Stories:</b> 8<br/><b>Height:</b> 28.0m<br/><b>Status:</b> In Review
]]></description>
        <styleUrl>#style_In_Review_parcel</styleUrl>
        <Polygon>
          <extrude>1</extrude>
          <altitudeMode>relativeToGround</altitudeMode>
          <outerBoundaryIs>
            <LinearRing>
              <coordinates>        -122.25904553804656,37.867560456707004,28.0
        -122.2593771610291,37.8675177463639,28.0
        -122.25940284232045,37.86765127202843,28.0
        -122.2590694132677,37.86769058131705,28.0
        -122.25904553804656,37.867560456707004,28.0</coordinates>
            </LinearRing>
          </outerBoundaryIs>
        </Polygon>
      </Placemark>
      <Placemark>
        <name>2727 HASTE St</name>
        <description><![CDATA[
<b>2727 HASTE St</b><br/><b>Units:</b> 45<br/><b>VLI Units:</b> 0<br/><b>Stories:</b> 6<br/><b>Height:</b> 21.0m<br/><b>Status:</b> In Review
]]></description>
        <styleUrl>#style_In_Review_parcel</styleUrl>
        <Polygon>
          <extrude>1</extrude>
          <altitudeMode>relativeToGround</altitudeMode>
          <outerBoundaryIs>
            <LinearRing>
              <coordinates>        -122.25266758637845,37.86679147643808,21.0
        -122.25284034920797,37.86677106089854,21.0
        -122.25291904632024,37.867168857630844,21.0
        -122.25275499003358,37.867191205027964,21.0
        -122.25266758637845,37.86679147643808,21.0</coordinates>
            </LinearRing>
          </outerBoundaryIs>
        </Polygon>
      </Placemark>
      <Placemark>
        <name>2650 TELEGRAPH Ave</name>
        <description><![CDATA[
<b>2650 TELEGRAPH Ave</b><br/><b>Units:</b> 45<br/><b>VLI Units:</b> 0<br/><b>Stories:</b> 5<br/><b>Height:</b> 17.5m<br/><b>Status:</b> Completed
]]></description>
        <styleUrl>#style_Completed_parcel</styleUrl>
        <Polygon>
          <extrude>1</extrude>
          <altitudeMode>relativeToGround</altitudeMode>
          <outerBoundaryIs>
            <LinearRing>
              <coordinates>        -122.25948188044228,37.86141491280154,17.5
        -122.25950385301715,37.861538190083486,17.5
        -122.2595310262993,37.86166139010827,17.5
        -122.25953309123067,37.86167509372751,17.5
        -122.2590754941378,37.86173685034988,17.5
        -122.25912096712422,37.86146286237215,17.5
        -122.25948188044228,37.86141491280154,17.5</coordinates>
            </LinearRing>
          </outerBoundaryIs>
        </Polygon>
      </Placemark>
      <Placemark>
        <name>2435 SAN PABLO Ave</name>
        <description><![CDATA[
<b>2435 SAN PABLO Ave</b><br/><b>Units:</b> 40<br/><b>VLI Units:</b> 0<br/><b>Stories:</b> 5<br/><b>Height:</b> 17.5m<br/><b>Status:</b> In Review<br/><i>(height estimated from units)</i>
]]></description>
        <styleUrl>#style_In_Review_synthetic</styleUrl>
        <Polygon>
          <extrude>1</extrude>
          <altitudeMode>relativeToGround</altitudeMode>
          <outerBoundaryIs>
            <LinearRing>
              <coordinates>        -122.289473,37.861532,17.5
        -122.28924500000001,37.861532,17.5
        -122.28924500000001,37.861712,17.5
        -122.289473,37.861712,17.5
        -122.289473,37.861532,17.5</coordinates>
            </LinearRing>
          </outerBoundaryIs>
        </Polygon>
      </Placemark>
      <Placemark>
        <name>2440 SHATTUCK Ave</name>
        <description><![CDATA[
<b>2440 SHATTUCK Ave</b><br/><b>Units:</b> 40<br/><b>VLI Units:</b> 0<br/><b>Stories:</b> 8<br/><b>Height:</b> 28.0m<br/><b>Status:</b> Completed
]]></description>
        <styleUrl>#style_Completed_parcel</styleUrl>
        <Polygon>
          <extrude>1</extrude>
          <altitudeMode>relativeToGround</altitudeMode>
          <outerBoundaryIs>
            <LinearRing>
              <coordinates>        -122.26812900968554,37.86488261322081,28.0
        -122.2681654562162,37.865103858304316,28.0
        -122.26778556640264,37.86515555230372,28.0
        -122.26776119078944,37.864932056846385,28.0
        -122.26812900968554,37.86488261322081,28.0</coordinates>
            </LinearRing>
          </outerBoundaryIs>
        </Polygon>
      </Placemark>
      <Placemark>
        <name>2449 DWIGHT Way</name>
        <description><![CDATA[
<b>2449 DWIGHT Way</b><br/><b>Units:</b> 39<br/><b>VLI Units:</b> 2<br/><b>Stories:</b> 4<br/><b>Height:</b> 14.0m<br/><b>Status:</b> In Review
]]></description>
        <styleUrl>#style_In_Review_parcel</styleUrl>
        <Polygon>
          <extrude>1</extrude>
          <altitudeMode>relativeToGround</altitudeMode>
          <outerBoundaryIs>
            <LinearRing>
              <coordinates>        -122.25892954869417,37.865152590896315,14.0
        -122.25899153457044,37.865429082800766,14.0
        -122.25897599988512,37.865431377057874,14.0
        -122.25862545145115,37.865478483528946,14.0
        -122.25857372480695,37.865197020526786,14.0
        -122.25892954869417,37.865152590896315,14.0</coordinates>
            </LinearRing>
          </outerBoundaryIs>
        </Polygon>
      </Placemark>
      <Placemark>
        <name>1367 UNIVERSITY Ave</name>
        <description><![CDATA[
<b>1367 UNIVERSITY Ave</b><br/><b>Units:</b> 39<br/><b>VLI Units:</b> 39<br/><b>Stories:</b> 4<br/><b>Height:</b> 14.0m<br/><b>Status:</b> Completed
]]></description>
        <styleUrl>#style_Completed_parcel</styleUrl>
        <Polygon>
          <extrude>1</extrude>
          <altitudeMode>relativeToGround</altitudeMode>
          <outerBoundaryIs>
            <LinearRing>
              <coordinates>        -122.28507555435668,37.87015337570012,14.0
        -122.28524829277372,37.870132230178875,14.0
        -122.28530864562822,37.87040805047056,14.0
        -122.28512728303906,37.87043139514015,14.0
        -122.28507555435668,37.87015337570012,14.0</coordinates>
            </LinearRing>
          </outerBoundaryIs>
        </Polygon>
      </Placemark>
      <Placemark>
        <name>2403 SAN PABLO Ave</name>
        <description><![CDATA[
<b>2403 SAN PABLO Ave</b><br/><b>Units:</b> 36<br/><b>VLI Units:</b> 0<br/><b>Stories:</b> 4<br/><b>Height:</b> 14.0m<br/><b>Status:</b> Under Construction
]]></description>
        <styleUrl>#style_Under_Construction_parcel</styleUrl>
        <Polygon>
          <extrude>1</extrude>
          <altitudeMode>relativeToGround</altitudeMode>
          <outerBoundaryIs>
            <LinearRing>
              <coordinates>        -122.28951510425468,37.862648535716694,14.0
        -122.28986047195664,37.86260279299499,14.0
        -122.2899278240271,37.86280982982716,14.0
        -122.28958250602045,37.862857641510324,14.0
        -122.28951510425468,37.862648535716694,14.0</coordinates>
            </LinearRing>
          </outerBoundaryIs>
        </Polygon>
      </Placemark>
      <Placemark>
        <name>1698 UNIVERSITY Ave</name>
        <description><![CDATA[
<b>1698 UNIVERSITY Ave</b><br/><b>Units:</b> 36<br/><b>VLI Units:</b> 0<br/><b>Stories:</b> 5<br/><b>Height:</b> 17.5m<br/><b>Status:</b> Completed
]]></description>
        <styleUrl>#style_Completed_parcel</styleUrl>
        <Polygon>
          <extrude>1</extrude>
          <altitudeMode>relativeToGround</altitudeMode>
          <outerBoundaryIs>
            <LinearRing>
              <coordinates>        -122.27757452273816,37.87054536321396,17.5
        -122.2778405116316,37.87051115427237,17.5
        -122.27791476159544,37.87050110873362,17.5
        -122.27794402826069,37.87078221555851,17.5
        -122.27760724266541,37.87082642731322,17.5
        -122.27757452273816,37.87054536321396,17.5</coordinates>
            </LinearRing>
          </outerBoundaryIs>
        </Polygon>
      </Placemark>
      <Placemark>
        <name>2442 HASTE St</name>
        <description><![CDATA[
<b>2442 HASTE St</b><br/><b>Units:</b> 34<br/><b>VLI Units:</b> 2<br/><b>Stories:</b> 8<br/><b>Height:</b> 25.9m<br/><b>Status:</b> Under Construction
]]></description>
        <styleUrl>#style_Under_Construction_parcel</styleUrl>
        <Polygon>
          <extrude>1</extrude>
          <altitudeMode>relativeToGround</altitudeMode>
          <outerBoundaryIs>
            <LinearRing>
              <coordinates>        -122.25901422686232,37.865655353443124,25.9
        -122.25899365024874,37.865518324014225,25.9
        -122.25915768759043,37.865495271075254,25.9
        -122.25922697322375,37.865860251645536,25.9
        -122.2590576934881,37.865881312276805,25.9
        -122.25901422686232,37.865655353443124,25.9</coordinates>
            </LinearRing>
          </outerBoundaryIs>
        </Polygon>
      </Placemark>
      <Placemark>
        <name>2733 SAN PABLO Ave</name>
        <description><![CDATA[
<b>2733 SAN PABLO Ave</b><br/><b>Units:</b> 32<br/><b>VLI Units:</b> 0<br/><b>Stories:</b> 8<br/><b>Height:</b> 28.0m<br/><b>Status:</b> In Review
]]></description>
        <styleUrl>#style_In_Review_parcel</styleUrl>
        <Polygon>
          <extrude>1</extrude>
          <altitudeMode>relativeToGround</altitudeMode>
          <outerBoundaryIs>
            <LinearRing>
              <coordinates>        -122.28740893127171,37.85647955454271,28.0
        -122.28738941998894,37.85638852196677,28.0
        -122.28737190995523,37.85630912459462,28.0
        -122.28734658003305,37.85619208598696,28.0
        -122.28778692794924,37.85613597597118,28.0
        -122.28791212229147,37.85651519221562,28.0
        -122.28759781213422,37.856554293584615,28.0
        -122.28749420025899,37.85656753488399,28.0
        -122.28743029488768,37.856575375185606,28.0
        -122.28740893127171,37.85647955454271,28.0</coordinates>
            </LinearRing>
          </outerBoundaryIs>
        </Polygon>
      </Placemark>
      <Placemark>
        <name>2614 TELEGRAPH Ave</name>
        <description><![CDATA[
<b>2614 TELEGRAPH Ave</b><br/><b>Units:</b> 31<br/><b>VLI Units:</b> 3<br/><b>Stories:</b> 5<br/><b>Height:</b> 17.4m<br/><b>Status:</b> In Review
]]></description>
        <styleUrl>#style_In_Review_synthetic</styleUrl>
        <Polygon>
          <extrude>1</extrude>
          <altitudeMode>relativeToGround</altitudeMode>
          <outerBoundaryIs>
            <LinearRing>
              <coordinates>        -122.25891545717856,37.86252976273843,17.4
        -122.2589702887172,37.86292368583964,17.4
        -122.25936421181841,37.86283569650983,17.4
        -122.25930938027977,37.86244177340863,17.4
        -122.25891545717856,37.86252976273843,17.4</coordinates>
            </LinearRing>
          </outerBoundaryIs>
        </Polygon>
      </Placemark>
      <Placemark>
        <name>3000 SAN PABLO Ave</name>
        <description><![CDATA[
<b>3000 SAN PABLO Ave</b><br/><b>Units:</b> 29<br/><b>VLI Units:</b> 0<br/><b>Stories:</b> 5<br/><b>Height:</b> 17.5m<br/><b>Status:</b> In Review<br/><i>(height estimated from units)</i>
]]></description>
        <styleUrl>#style_In_Review_parcel</styleUrl>
        <Polygon>
          <extrude>1</extrude>
          <altitudeMode>relativeToGround</altitudeMode>
          <outerBoundaryIs>
            <LinearRing>
              <coordinates>        -122.28714984135793,37.85169237651806,17.5
        -122.28723761817237,37.85195611856017,17.5
        -122.28683766586913,37.85203564632605,17.5
        -122.28674833467322,37.85177811622123,17.5
        -122.28714984135793,37.85169237651806,17.5</coordinates>
            </LinearRing>
          </outerBoundaryIs>
        </Polygon>
      </Placemark>
      <Placemark>
        <name>3020 SAN PABLO Ave</name>
        <description><![CDATA[
<b>3020 SAN PABLO Ave</b><br/><b>Units:</b> 29<br/><b>VLI Units:</b> 0<br/><b>Stories:</b> 5<br/><b>Height:</b> 17.5m<br/><b>Status:</b> In Review<br/><i>(height estimated from units)</i>
]]></description>
        <styleUrl>#style_In_Review_parcel</styleUrl>
        <Polygon>
          <extrude>1</extrude>
          <altitudeMode>relativeToGround</altitudeMode>
          <outerBoundaryIs>
            <LinearRing>
              <coordinates>        -122.28676710250677,37.850975076547265,17.5
        -122.28687233079081,37.85131752475877,17.5
        -122.28661386510117,37.85137293907238,17.5
        -122.28650340012382,37.851029197994976,17.5
        -122.28676710250677,37.850975076547265,17.5</coordinates>
            </LinearRing>
          </outerBoundaryIs>
        </Polygon>
      </Placemark>
      <Placemark>
        <name>2480 Bancroft Way</name>
        <description><![CDATA[
<b>2480 Bancroft Way</b><br/><b>Units:</b> 28<br/><b>VLI Units:</b> 0<br/><b>Stories:</b> 8<br/><b>Height:</b> 28.0m<br/><b>Status:</b> Completed
]]></description>
        <styleUrl>#style_Completed_parcel</styleUrl>
        <Polygon>
          <extrude>1</extrude>
          <altitudeMode>relativeToGround</altitudeMode>
          <outerBoundaryIs>
            <LinearRing>
              <coordinates>        -122.2595587597614,37.868308179338456,28.0
        -122.25953932075286,37.86821919875468,28.0
        -122.25970722876374,37.86819724196478,28.0
        -122.25978774005284,37.8685487922007,28.0
        -122.25961313505856,37.86857162269864,28.0
        -122.2595587597614,37.868308179338456,28.0</coordinates>
            </LinearRing>
          </outerBoundaryIs>
        </Polygon>
      </Placemark>
      <Placemark>
        <name>1773 OXFORD St</name>
        <description><![CDATA[
<b>1773 OXFORD St</b><br/><b>Units:</b> 24<br/><b>VLI Units:</b> 2<br/><b>Stories:</b> 5<br/><b>Height:</b> 17.5m<br/><b>Status:</b> Completed
]]></description>
        <styleUrl>#style_Completed_parcel</styleUrl>
        <Polygon>
          <extrude>1</extrude>
          <altitudeMode>relativeToGround</altitudeMode>
          <outerBoundaryIs>
            <LinearRing>
              <coordinates>        -122.266015289544,37.87549826294272,17.5
        -122.2663974734096,37.87546781556311,17.5
        -122.26641888892286,37.875639177126715,17.5
        -122.26603660066758,37.87566550321942,17.5
        -122.266015289544,37.87549826294272,17.5</coordinates>
            </LinearRing>
          </outerBoundaryIs>
        </Polygon>
      </Placemark>
      <Placemark>
        <name>2317 CHANNING Way</name>
        <description><![CDATA[
<b>2317 CHANNING Way</b><br/><b>Units:</b> 22<br/><b>VLI Units:</b> 0<br/><b>Stories:</b> 5<br/><b>Height:</b> 15.2m<br/><b>Status:</b> Stalled
]]></description>
        <styleUrl>#style_Stalled_parcel</styleUrl>
        <Polygon>
          <extrude>1</extrude>
          <altitudeMode>relativeToGround</altitudeMode>
          <outerBoundaryIs>
            <LinearRing>
              <coordinates>        -122.26248062648926,37.866525197048865,15.2
        -122.26263610266395,37.8665070815042,15.2
        -122.26270679876866,37.86685691545285,15.2
        -122.26261520897306,37.86686652375656,15.2
        -122.2625460924277,37.866874426007044,15.2
        -122.26248062648926,37.866525197048865,15.2</coordinates>
            </LinearRing>
          </outerBoundaryIs>
        </Polygon>
      </Placemark>
      <Placemark>
        <name>2800 TELEGRAPH Ave</name>
        <description><![CDATA[
<b>2800 TELEGRAPH Ave</b><br/><b>Units:</b> 18<br/><b>VLI Units:</b> 0<br/><b>Stories:</b> 4<br/><b>Height:</b> 14.0m<br/><b>Status:</b> Permits Active<br/><i>(height estimated from units)</i>
]]></description>
        <styleUrl>#style_Permits_Active_parcel</styleUrl>
        <Polygon>
          <extrude>1</extrude>
          <altitudeMode>relativeToGround</altitudeMode>
          <outerBoundaryIs>
            <LinearRing>
              <coordinates>        -122.25943410773516,37.859254599492445,14.0
        -122.25962061785957,37.859230531710985,14.0
        -122.25965582567575,37.85940030160218,14.0
        -122.25940877030206,37.85942870509926,14.0
        -122.25943410773516,37.859254599492445,14.0</coordinates>
            </LinearRing>
          </outerBoundaryIs>
        </Polygon>
      </Placemark>
      <Placemark>
        <name>2344 FULTON St</name>
        <description><![CDATA[
<b>2344 FULTON St</b><br/><b>Units:</b> 18<br/><b>VLI Units:</b> 0<br/><b>Stories:</b> 4<br/><b>Height:</b> 14.0m<br/><b>Status:</b> Pre-Application<br/><i>(height estimated from units)</i>
]]></description>
        <styleUrl>#style_Pre_Application_parcel</styleUrl>
        <Polygon>
          <extrude>1</extrude>
          <altitudeMode>relativeToGround</altitudeMode>
          <outerBoundaryIs>
            <LinearRing>
              <coordinates>        -122.26592819629349,37.86609048144079,14.0
        -122.26595040612291,37.866223371233076,14.0
        -122.26578465108499,37.86624645176639,14.0
        -122.26575729064567,37.86611638692021,14.0
        -122.26592819629349,37.86609048144079,14.0</coordinates>
            </LinearRing>
          </outerBoundaryIs>
        </Polygon>
      </Placemark>
      <Placemark>
        <name>1790 UNIVERSITY Ave</name>
        <description><![CDATA[
<b>1790 UNIVERSITY Ave</b><br/><b>Units:</b> 17<br/><b>VLI Units:</b> 0<br/><b>Stories:</b> 5<br/><b>Height:</b> 17.1m<br/><b>Status:</b> In Review
]]></description>
        <styleUrl>#style_In_Review_parcel</styleUrl>
        <Polygon>
          <extrude>1</extrude>
          <altitudeMode>relativeToGround</altitudeMode>
          <outerBoundaryIs>
            <LinearRing>
              <coordinates>        -122.27551064664067,37.870816093084265,17.1
        -122.27568340639839,37.87079563501471,17.1
        -122.27571870210761,37.87103956960104,17.1
        -122.27572466653064,37.871071755375354,17.1
        -122.27555193359036,37.87109289324105,17.1
        -122.27551064664067,37.870816093084265,17.1</coordinates>
            </LinearRing>
          </outerBoundaryIs>
        </Polygon>
      </Placemark>
      <Placemark>
        <name>1710 UNIVERSITY Ave</name>
        <description><![CDATA[
<b>1710 UNIVERSITY Ave</b><br/><b>Units:</b> 16<br/><b>VLI Units:</b> 0<br/><b>Stories:</b> 4<br/><b>Height:</b> 14.0m<br/><b>Status:</b> Application Submitted
]]></description>
        <styleUrl>#style_Application_Submitted_parcel</styleUrl>
        <Polygon>
          <extrude>1</extrude>
          <altitudeMode>relativeToGround</altitudeMode>
          <outerBoundaryIs>
            <LinearRing>
              <coordinates>        -122.2770412598375,37.87063305544324,14.0
        -122.27719155018897,37.87061432014789,14.0
        -122.27722899380149,37.87087538212914,14.0
        -122.27707528930401,37.87089555749958,14.0
        -122.2770412598375,37.87063305544324,14.0</coordinates>
            </LinearRing>
          </outerBoundaryIs>
        </Polygon>
      </Placemark>
      <Placemark>
        <name>2147 SAN PABLO Ave</name>
        <description><![CDATA[
<b>2147 SAN PABLO Ave</b><br/><b>Units:</b> 15<br/><b>VLI Units:</b> 0<br/><b>Stories:</b> 4<br/><b>Height:</b> 21.3m<br/><b>Status:</b> Decision Pending<br/><i>(height estimated from units)</i>
]]></description>
        <styleUrl>#style_Decision_Pending_parcel</styleUrl>
        <Polygon>
          <extrude>1</extrude>
          <altitudeMode>relativeToGround</altitudeMode>
          <outerBoundaryIs>
            <LinearRing>
              <coordinates>        -122.29086520175858,37.86690755571757,21.3
        -122.29086145554481,37.86689593891741,21.3
        -122.29120274192951,37.866824155558376,21.3
        -122.2913285549679,37.86722739352544,21.3
        -122.29098487369336,37.867271761699165,21.3
        -122.29086520175858,37.86690755571757,21.3</coordinates>
            </LinearRing>
          </outerBoundaryIs>
        </Polygon>
      </Placemark>
      <Placemark>
        <name>1740 UNIVERSITY Ave</name>
        <description><![CDATA[
<b>1740 UNIVERSITY Ave</b><br/><b>Units:</b> 12<br/><b>VLI Units:</b> 0<br/><b>Stories:</b> 4<br/><b>Height:</b> 14.0m<br/><b>Status:</b> Entitled<br/><i>(height estimated from units)</i>
]]></description>
        <styleUrl>#style_Entitled_parcel</styleUrl>
        <Polygon>
          <extrude>1</extrude>
          <altitudeMode>relativeToGround</altitudeMode>
          <outerBoundaryIs>
            <LinearRing>
              <coordinates>        -122.27651685661657,37.87058326884512,14.0
        -122.27662571986978,37.87057133230099,14.0
        -122.27668617463756,37.87056355514937,14.0
        -122.27673843291299,37.870937020993566,14.0
        -122.27656569031248,37.870958161191695,14.0
        -122.27651685661657,37.87058326884512,14.0</coordinates>
            </LinearRing>
          </outerBoundaryIs>
        </Polygon>
      </Placemark>
      <Placemark>
        <name>2018 BLAKE St</name>
        <description><![CDATA[
<b>2018 BLAKE St</b><br/><b>Units:</b> 12<br/><b>VLI Units:</b> 0<br/><b>Stories:</b> 6<br/><b>Height:</b> 21.0m<br/><b>Status:</b> Permits Active
]]></description>
        <styleUrl>#style_Permits_Active_parcel</styleUrl>
        <Polygon>
          <extrude>1</extrude>
          <altitudeMode>relativeToGround</altitudeMode>
          <outerBoundaryIs>
            <LinearRing>
              <coordinates>        -122.26873899422633,37.86241989428217,21.0
        -122.2688511845325,37.862403114042905,21.0
        -122.26886674445971,37.862401507222074,21.0
        -122.26892849358116,37.862739114769084,21.0
        -122.2688077024503,37.86275877898005,21.0
        -122.26873899422633,37.86241989428217,21.0</coordinates>
            </LinearRing>
          </outerBoundaryIs>
        </Polygon>
      </Placemark>
      <Placemark>
        <name>2555 COLLEGE Ave</name>
        <description><![CDATA[
<b>2555 COLLEGE Ave</b><br/><b>Units:</b> 12<br/><b>VLI Units:</b> 1<br/><b>Stories:</b> 4<br/><b>Height:</b> 14.3m<br/><b>Status:</b> Completed
]]></description>
        <styleUrl>#style_Completed_parcel</styleUrl>
        <Polygon>
          <extrude>1</extrude>
          <altitudeMode>relativeToGround</altitudeMode>
          <outerBoundaryIs>
            <LinearRing>
              <coordinates>        -122.25345277579832,37.86402343221996,14.3
        -122.25362919192915,37.864011880322586,14.3
        -122.25366044359352,37.86423390797881,14.3
        -122.25347877433568,37.86424345729067,14.3
        -122.25345277579832,37.86402343221996,14.3</coordinates>
            </LinearRing>
          </outerBoundaryIs>
        </Polygon>
      </Placemark>
      <Placemark>
        <name>1015 UNIVERSITY Ave</name>
        <description><![CDATA[
<b>1015 UNIVERSITY Ave</b><br/><b>Units:</b> 9<br/><b>VLI Units:</b> 0<br/><b>Stories:</b> 4<br/><b>Height:</b> 14.0m<br/><b>Status:</b> Application Submitted<br/><i>(height estimated from units)</i>
]]></description>
        <styleUrl>#style_Application_Submitted_parcel</styleUrl>
        <Polygon>
          <extrude>1</extrude>
          <altitudeMode>relativeToGround</altitudeMode>
          <outerBoundaryIs>
            <LinearRing>
              <coordinates>        -122.29295872307944,37.869088321693845,14.0
        -122.2932482445784,37.869024862281684,14.0
        -122.29333603068157,37.869287912449494,14.0
        -122.29304479037928,37.86935207647553,14.0
        -122.29295872307944,37.869088321693845,14.0</coordinates>
            </LinearRing>
          </outerBoundaryIs>
        </Polygon>
      </Placemark>
      <Placemark>
        <name>2428 MILVIA St</name>
        <description><![CDATA[
<b>2428 MILVIA St</b><br/><b>Units:</b> 8<br/><b>VLI Units:</b> 0<br/><b>Stories:</b> 4<br/><b>Height:</b> 14.0m<br/><b>Status:</b> In Review<br/><i>(height estimated from units)</i>
]]></description>
        <styleUrl>#style_In_Review_parcel</styleUrl>
        <Polygon>
          <extrude>1</extrude>
          <altitudeMode>relativeToGround</altitudeMode>
          <outerBoundaryIs>
            <LinearRing>
              <coordinates>        -122.2699872507569,37.86427655675264,14.0
        -122.27016854340319,37.86425117094875,14.0
        -122.27020768235445,37.86443943040616,14.0
        -122.27001078676301,37.86446435811148,14.0
        -122.2699872507569,37.86427655675264,14.0</coordinates>
            </LinearRing>
          </outerBoundaryIs>
        </Polygon>
      </Placemark>
      <Placemark>
        <name>2200 FIFTH St</name>
        <description><![CDATA[
<b>2200 FIFTH St</b><br/><b>Units:</b> 8<br/><b>VLI Units:</b> 0<br/><b>Stories:</b> 3<br/><b>Height:</b> 10.5m<br/><b>Status:</b> Withdrawn
]]></description>
        <styleUrl>#style_Withdrawn_parcel</styleUrl>
        <Polygon>
          <extrude>1</extrude>
          <altitudeMode>relativeToGround</altitudeMode>
          <outerBoundaryIs>
            <LinearRing>
              <coordinates>        -122.29789346102818,37.86453872729266,10.5
        -122.29830707506765,37.86445002534158,10.5
        -122.29835370117814,37.86458665546985,10.5
        -122.29843471658255,37.86457031288079,10.5
        -122.2985225959539,37.864836094511,10.5
        -122.29802454848067,37.86494394384462,10.5
        -122.29789346102818,37.86453872729266,10.5</coordinates>
            </LinearRing>
          </outerBoundaryIs>
        </Polygon>
      </Placemark>
      <Placemark>
        <name>1745 CEDAR St</name>
        <description><![CDATA[
<b>1745 CEDAR St</b><br/><b>Units:</b> 6<br/><b>VLI Units:</b> 0<br/><b>Stories:</b> 3<br/><b>Height:</b> 10.5m<br/><b>Status:</b> In Review
]]></description>
        <styleUrl>#style_In_Review_parcel</styleUrl>
        <Polygon>
          <extrude>1</extrude>
          <altitudeMode>relativeToGround</altitudeMode>
          <outerBoundaryIs>
            <LinearRing>
              <coordinates>        -122.27619090925651,37.87759178798435,10.5
        -122.27622649978123,37.8779201686204,10.5
        -122.27609697054037,37.877937913563436,10.5
        -122.27605797252959,37.87761164799709,10.5
        -122.27619090925651,37.87759178798435,10.5</coordinates>
            </LinearRing>
          </outerBoundaryIs>
        </Polygon>
      </Placemark>
      <Placemark>
        <name>1850 BERRYMAN St</name>
        <description><![CDATA[
<b>1850 BERRYMAN St</b><br/><b>Units:</b> 6<br/><b>VLI Units:</b> 0<br/><b>Stories:</b> 3<br/><b>Height:</b> 10.5m<br/><b>Status:</b> Application Submitted
]]></description>
        <styleUrl>#style_Application_Submitted_synthetic</styleUrl>
        <Polygon>
          <extrude>1</extrude>
          <altitudeMode>relativeToGround</altitudeMode>
          <outerBoundaryIs>
            <LinearRing>
              <coordinates>        -122.27453862268007,37.882855033114296,10.5
        -122.2745934542187,37.8832489562155,10.5
        -122.27498737731992,37.8831609668857,10.5
        -122.27493254578128,37.88276704378449,10.5
        -122.27453862268007,37.882855033114296,10.5</coordinates>
            </LinearRing>
          </outerBoundaryIs>
        </Polygon>
      </Placemark>
      <Placemark>
        <name>1618 SIXTH St</name>
        <description><![CDATA[
<b>1618 SIXTH St</b><br/><b>Units:</b> 4<br/><b>VLI Units:</b> 0<br/><b>Stories:</b> 3<br/><b>Height:</b> 10.5m<br/><b>Status:</b> In Review
]]></description>
        <styleUrl>#style_In_Review_parcel</styleUrl>
        <Polygon>
          <extrude>1</extrude>
          <altitudeMode>relativeToGround</altitudeMode>
          <outerBoundaryIs>
            <LinearRing>
              <coordinates>        -122.29953048510448,37.87332001905457,10.5
        -122.29996319852914,37.87323032565849,10.5
        -122.30001316947148,37.873362097054375,10.5
        -122.29958046905996,37.87345178169383,10.5
        -122.29953048510448,37.87332001905457,10.5</coordinates>
            </LinearRing>
          </outerBoundaryIs>
        </Polygon>
      </Placemark>
      <Placemark>
        <name>2420 ASHBY Ave</name>
        <description><![CDATA[
<b>2420 ASHBY Ave</b><br/><b>Units:</b> 4<br/><b>VLI Units:</b> 0<br/><b>Stories:</b> 3<br/><b>Height:</b> 10.5m<br/><b>Status:</b> In Review<br/><i>(height estimated from units)</i>
]]></description>
        <styleUrl>#style_In_Review_parcel</styleUrl>
        <Polygon>
          <extrude>1</extrude>
          <altitudeMode>relativeToGround</altitudeMode>
          <outerBoundaryIs>
            <LinearRing>
              <coordinates>        -122.25853373974,37.855836600572644,10.5
        -122.2586994576728,37.855812840398016,10.5
        -122.25876262957517,37.856139453094784,10.5
        -122.25860028913803,37.85615971507029,10.5
        -122.25853373974,37.855836600572644,10.5</coordinates>
            </LinearRing>
          </outerBoundaryIs>
        </Polygon>
      </Placemark>
      <Placemark>
        <name>2942 COLLEGE Ave</name>
        <description><![CDATA[
<b>2942 COLLEGE Ave</b><br/><b>Units:</b> 4<br/><b>VLI Units:</b> 0<br/><b>Stories:</b> 3<br/><b>Height:</b> 10.5m<br/><b>Status:</b> In Review<br/><i>(height estimated from units)</i>
]]></description>
        <styleUrl>#style_In_Review_parcel</styleUrl>
        <Polygon>
          <extrude>1</extrude>
          <altitudeMode>relativeToGround</altitudeMode>
          <outerBoundaryIs>
            <LinearRing>
              <coordinates>        -122.25319635021918,37.85742467070557,10.5
        -122.25346248867325,37.85739806409561,10.5
        -122.2537441781479,37.85737052887114,10.5
        -122.2537481837325,37.85739311632174,10.5
        -122.25376387979789,37.857471180334144,10.5
        -122.25372410149465,37.85747383129037,10.5
        -122.25355652484947,37.857492118025405,10.5
        -122.25320576231039,37.85752959852365,10.5
        -122.25319635021918,37.85742467070557,10.5</coordinates>
            </LinearRing>
          </outerBoundaryIs>
        </Polygon>
      </Placemark>
      <Placemark>
        <name>2437 WARRING St</name>
        <description><![CDATA[
<b>2437 WARRING St</b><br/><b>Units:</b> 4<br/><b>VLI Units:</b> 0<br/><b>Stories:</b> 2<br/><b>Height:</b> 7.0m<br/><b>Status:</b> In Review
]]></description>
        <styleUrl>#style_In_Review_parcel</styleUrl>
        <Polygon>
          <extrude>1</extrude>
          <altitudeMode>relativeToGround</altitudeMode>
          <outerBoundaryIs>
            <LinearRing>
              <coordinates>        -122.25008075883333,37.86655723923688,7.0
        -122.25047108516017,37.86650612135452,7.0
        -122.25049515133692,37.866645168056294,7.0
        -122.250154852925,37.866687296107884,7.0
        -122.25010820666927,37.866692800628556,7.0
        -122.25008075883333,37.86655723923688,7.0</coordinates>
            </LinearRing>
          </outerBoundaryIs>
        </Polygon>
      </Placemark>
      <Placemark>
        <name>2641 COLLEGE Ave</name>
        <description><![CDATA[
<b>2641 COLLEGE Ave</b><br/><b>Units:</b> 3<br/><b>VLI Units:</b> 0<br/><b>Stories:</b> 3<br/><b>Height:</b> 10.5m<br/><b>Status:</b> In Review<br/><i>(height estimated from units)</i>
]]></description>
        <styleUrl>#style_In_Review_parcel</styleUrl>
        <Polygon>
          <extrude>1</extrude>
          <altitudeMode>relativeToGround</altitudeMode>
          <outerBoundaryIs>
            <LinearRing>
              <coordinates>        -122.25301859343524,37.8625102230996,10.5
        -122.25301382220039,37.862455363629145,10.5
        -122.25316083466879,37.86244562403025,10.5
        -122.25331304675855,37.86243579735059,10.5
        -122.25347909384804,37.862425101922675,10.5
        -122.25349030294711,37.86253274670696,10.5
        -122.25302318153064,37.862558223476405,10.5
        -122.25301859343524,37.8625102230996,10.5</coordinates>
            </LinearRing>
          </outerBoundaryIs>
        </Polygon>
      </Placemark>
      <Placemark>
        <name>2205 BLAKE St</name>
        <description><![CDATA[
<b>2205 BLAKE St</b><br/><b>Units:</b> 3<br/><b>VLI Units:</b> 0<br/><b>Stories:</b> 3<br/><b>Height:</b> 10.5m<br/><b>Status:</b> In Review
]]></description>
        <styleUrl>#style_In_Review_parcel</styleUrl>
        <Polygon>
          <extrude>1</extrude>
          <altitudeMode>relativeToGround</altitudeMode>
          <outerBoundaryIs>
            <LinearRing>
              <coordinates>        -122.26463112603851,37.86349013639898,10.5
        -122.26497133951135,37.86344591901659,10.5
        -122.26504926525271,37.863808697103316,10.5
        -122.2649075784173,37.86382454958841,10.5
        -122.26476942886273,37.86384240593343,10.5
        -122.2647072694832,37.86385088918243,10.5
        -122.26463112603851,37.86349013639898,10.5</coordinates>
            </LinearRing>
          </outerBoundaryIs>
        </Polygon>
      </Placemark>
      <Placemark>
        <name>2221 FIFTH St</name>
        <description><![CDATA[
<b>2221 FIFTH St</b><br/><b>Units:</b> 3<br/><b>VLI Units:</b> 0<br/><b>Stories:</b> 3<br/><b>Height:</b> 10.5m<br/><b>Status:</b> In Review<br/><i>(height estimated from units)</i>
]]></description>
        <styleUrl>#style_In_Review_synthetic</styleUrl>
        <Polygon>
          <extrude>1</extrude>
          <altitudeMode>relativeToGround</altitudeMode>
          <outerBoundaryIs>
            <LinearRing>
              <coordinates>        -122.29712296306715,37.864193172108905,10.5
        -122.29717779460579,37.86458709521011,10.5
        -122.297571717707,37.864499105880306,10.5
        -122.29751688616837,37.8641051827791,10.5
        -122.29712296306715,37.864193172108905,10.5</coordinates>
            </LinearRing>
          </outerBoundaryIs>
        </Polygon>
      </Placemark>
      <Placemark>
        <name>1650 FIFTH St</name>
        <description><![CDATA[
<b>1650 FIFTH St</b><br/><b>Units:</b> 3<br/><b>VLI Units:</b> 0<br/><b>Stories:</b> 3<br/><b>Height:</b> 10.5m<br/><b>Status:</b> In Review<br/><i>(height estimated from units)</i>
]]></description>
        <styleUrl>#style_In_Review_parcel</styleUrl>
        <Polygon>
          <extrude>1</extrude>
          <altitudeMode>relativeToGround</altitudeMode>
          <outerBoundaryIs>
            <LinearRing>
              <coordinates>        -122.30037435491612,37.872253066194844,10.5
        -122.30087443557161,37.872155475117935,10.5
        -122.30090435983402,37.87224634721799,10.5
        -122.30040618324306,37.8723507734213,10.5
        -122.30037435491612,37.872253066194844,10.5</coordinates>
            </LinearRing>
          </outerBoundaryIs>
        </Polygon>
      </Placemark>
      <Placemark>
        <name>3101 SACRAMENTO St</name>
        <description><![CDATA[
<b>3101 SACRAMENTO St</b><br/><b>Units:</b> 3<br/><b>VLI Units:</b> 0<br/><b>Stories:</b> 3<br/><b>Height:</b> 10.5m<br/><b>Status:</b> In Review<br/><i>(height estimated from units)</i>
]]></description>
        <styleUrl>#style_In_Review_parcel</styleUrl>
        <Polygon>
          <extrude>1</extrude>
          <altitudeMode>relativeToGround</altitudeMode>
          <outerBoundaryIs>
            <LinearRing>
              <coordinates>        -122.27815885466646,37.85126785924448,10.5
        -122.27835220526083,37.851241586395346,10.5
        -122.27840051649233,37.85145029611369,10.5
        -122.27819847306257,37.851476001114676,10.5
        -122.27815885466646,37.85126785924448,10.5</coordinates>
            </LinearRing>
          </outerBoundaryIs>
        </Polygon>
      </Placemark>
      <Placemark>
        <name>1449 CORNELL Ave</name>
        <description><![CDATA[
<b>1449 CORNELL Ave</b><br/><b>Units:</b> 3<br/><b>VLI Units:</b> 0<br/><b>Stories:</b> 2<br/><b>Height:</b> 18.3m<br/><b>Status:</b> In Review
]]></description>
        <styleUrl>#style_In_Review_parcel</styleUrl>
        <Polygon>
          <extrude>1</extrude>
          <altitudeMode>relativeToGround</altitudeMode>
          <outerBoundaryIs>
            <LinearRing>
              <coordinates>        -122.29177507646112,37.877608979615665,18.3
        -122.29175441605581,37.877542686092745,18.3
        -122.2918665423582,37.87752175392904,18.3
        -122.2920010440345,37.87749499598228,18.3
        -122.29204922530852,37.877624730148256,18.3
        -122.29179751962722,37.87767731446908,18.3
        -122.29177507646112,37.877608979615665,18.3</coordinates>
            </LinearRing>
          </outerBoundaryIs>
        </Polygon>
      </Placemark>
      <Placemark>
        <name>1514 WALNUT St</name>
        <description><![CDATA[
<b>1514 WALNUT St</b><br/><b>Units:</b> 3<br/><b>VLI Units:</b> 0<br/><b>Stories:</b> 3<br/><b>Height:</b> 10.5m<br/><b>Status:</b> In Review<br/><i>(height estimated from units)</i>
]]></description>
        <styleUrl>#style_In_Review_parcel</styleUrl>
        <Polygon>
          <extrude>1</extrude>
          <altitudeMode>relativeToGround</altitudeMode>
          <outerBoundaryIs>
            <LinearRing>
              <coordinates>        -122.26823903193883,37.87967372045454,10.5
        -122.2686692957966,37.87962401567062,10.5
        -122.26867546061119,37.87966443807999,10.5
        -122.26868023519383,37.87971930494268,10.5
        -122.26825702666595,37.87977440007159,10.5
        -122.26823903193883,37.87967372045454,10.5</coordinates>
            </LinearRing>
          </outerBoundaryIs>
        </Polygon>
      </Placemark>
      <Placemark>
        <name>1464 SIXTH St</name>
        <description><![CDATA[
<b>1464 SIXTH St</b><br/><b>Units:</b> 3<br/><b>VLI Units:</b> 0<br/><b>Stories:</b> 3<br/><b>Height:</b> 10.5m<br/><b>Status:</b> In Review<br/><i>(height estimated from units)</i>
]]></description>
        <styleUrl>#style_In_Review_parcel</styleUrl>
        <Polygon>
          <extrude>1</extrude>
          <altitudeMode>relativeToGround</altitudeMode>
          <outerBoundaryIs>
            <LinearRing>
              <coordinates>        -122.30065785558863,37.87536703589974,10.5
        -122.30021819204673,37.87545614427679,10.5
        -122.30017856241041,37.875322158716685,10.5
        -122.300618256824,37.87523511732977,10.5
        -122.30065785558863,37.87536703589974,10.5</coordinates>
            </LinearRing>
          </outerBoundaryIs>
        </Polygon>
      </Placemark>
      <Placemark>
        <name>2812 EIGHTH St</name>
        <description><![CDATA[
<b>2812 EIGHTH St</b><br/><b>Units:</b> 3<br/><b>VLI Units:</b> 0<br/><b>Stories:</b> 3<br/><b>Height:</b> 10.5m<br/><b>Status:</b> In Review
]]></description>
        <styleUrl>#style_In_Review_parcel</styleUrl>
        <Polygon>
          <extrude>1</extrude>
          <altitudeMode>relativeToGround</altitudeMode>
          <outerBoundaryIs>
            <LinearRing>
              <coordinates>        -122.29129876041414,37.85494486672717,10.5
        -122.29174310590096,37.8548392343462,10.5
        -122.29178801969928,37.85497795513856,10.5
        -122.29157774030288,37.85502097624864,10.5
        -122.29159266583954,37.8550653737116,10.5
        -122.2913548426109,37.85511568512245,10.5
        -122.29129876041414,37.85494486672717,10.5</coordinates>
            </LinearRing>
          </outerBoundaryIs>
        </Polygon>
      </Placemark>
      <Placemark>
        <name>2201 BLAKE St</name>
        <description><![CDATA[
<b>2201 BLAKE St</b><br/><b>Units:</b> 3<br/><b>VLI Units:</b> 0<br/><b>Stories:</b> 3<br/><b>Height:</b> 10.5m<br/><b>Status:</b> Entitled
]]></description>
        <styleUrl>#style_Entitled_parcel</styleUrl>
        <Polygon>
          <extrude>1</extrude>
          <altitudeMode>relativeToGround</altitudeMode>
          <outerBoundaryIs>
            <LinearRing>
              <coordinates>        -122.26463112603851,37.86349013639898,10.5
        -122.26497133951135,37.86344591901659,10.5
        -122.26504926525271,37.863808697103316,10.5
        -122.2649075784173,37.86382454958841,10.5
        -122.26476942886273,37.86384240593343,10.5
        -122.2647072694832,37.86385088918243,10.5
        -122.26463112603851,37.86349013639898,10.5</coordinates>
            </LinearRing>
          </outerBoundaryIs>
        </Polygon>
      </Placemark>
      <Placemark>
        <name>2833 Seventh St</name>
        <description><![CDATA[
<b>2833 Seventh St</b><br/><b>Units:</b> 3<br/><b>VLI Units:</b> 0<br/><b>Stories:</b> 2<br/><b>Height:</b> 7.0m<br/><b>Status:</b> Entitled
]]></description>
        <styleUrl>#style_Entitled_synthetic</styleUrl>
        <Polygon>
          <extrude>1</extrude>
          <altitudeMode>relativeToGround</altitudeMode>
          <outerBoundaryIs>
            <LinearRing>
              <coordinates>        -122.29539243053752,37.86391082406296,7.0
        -122.29544726207615,37.86430474716417,7.0
        -122.29584118517737,37.86421675783436,7.0
        -122.29578635363873,37.863822834733156,7.0
        -122.29539243053752,37.86391082406296,7.0</coordinates>
            </LinearRing>
          </outerBoundaryIs>
        </Polygon>
      </Placemark>
      <Placemark>
        <name>1614 Sixth St</name>
        <description><![CDATA[
<b>1614 Sixth St</b><br/><b>Units:</b> 3<br/><b>VLI Units:</b> 0<br/><b>Stories:</b> 3<br/><b>Height:</b> 10.7m<br/><b>Status:</b> Entitled<br/><i>(height estimated from units)</i>
]]></description>
        <styleUrl>#style_Entitled_synthetic</styleUrl>
        <Polygon>
          <extrude>1</extrude>
          <altitudeMode>relativeToGround</altitudeMode>
          <outerBoundaryIs>
            <LinearRing>
              <coordinates>        -122.29953424341068,37.873183136533896,10.7
        -122.29958907494931,37.8735770596351,10.7
        -122.29998299805052,37.8734890703053,10.7
        -122.29992816651189,37.87309514720409,10.7
        -122.29953424341068,37.873183136533896,10.7</coordinates>
            </LinearRing>
          </outerBoundaryIs>
        </Polygon>
      </Placemark>
      <Placemark>
        <name>1716 SEVENTH St</name>
        <description><![CDATA[
<b>1716 SEVENTH St</b><br/><b>Units:</b> 2<br/><b>VLI Units:</b> 0<br/><b>Stories:</b> 3<br/><b>Height:</b> 10.5m<br/><b>Status:</b> In Review<br/><i>(height estimated from units)</i>
]]></description>
        <styleUrl>#style_In_Review_parcel</styleUrl>
        <Polygon>
          <extrude>1</extrude>
          <altitudeMode>relativeToGround</altitudeMode>
          <outerBoundaryIs>
            <LinearRing>
              <coordinates>        -122.29790728892927,37.871828524923906,10.5
        -122.2983158675926,37.87174469621577,10.5
        -122.29833849830462,37.87182056943755,10.5
        -122.29834776356057,37.8718451524407,10.5
        -122.29793751514786,37.87193174998486,10.5
        -122.29790728892927,37.871828524923906,10.5</coordinates>
            </LinearRing>
          </outerBoundaryIs>
        </Polygon>
      </Placemark>
      <Placemark>
        <name>1515 DERBY St</name>
        <description><![CDATA[
<b>1515 DERBY St</b><br/><b>Units:</b> 2<br/><b>VLI Units:</b> 0<br/><b>Stories:</b> 3<br/><b>Height:</b> 10.5m<br/><b>Status:</b> In Review<br/><i>(height estimated from units)</i>
]]></description>
        <styleUrl>#style_In_Review_parcel</styleUrl>
        <Polygon>
          <extrude>1</extrude>
          <altitudeMode>relativeToGround</altitudeMode>
          <outerBoundaryIs>
            <LinearRing>
              <coordinates>        -122.27940356005912,37.85889684437249,10.5
        -122.2795763253005,37.85887775674125,10.5
        -122.27965241348251,37.85923300939513,10.5
        -122.27947629434213,37.85925695441234,10.5
        -122.27940356005912,37.85889684437249,10.5</coordinates>
            </LinearRing>
          </outerBoundaryIs>
        </Polygon>
      </Placemark>
      <Placemark>
        <name>1922 FRANCISCO St</name>
        <description><![CDATA[
<b>1922 FRANCISCO St</b><br/><b>Units:</b> 2<br/><b>VLI Units:</b> 0<br/><b>Stories:</b> 3<br/><b>Height:</b> 10.5m<br/><b>Status:</b> In Review
]]></description>
        <styleUrl>#style_In_Review_parcel</styleUrl>
        <Polygon>
          <extrude>1</extrude>
          <altitudeMode>relativeToGround</altitudeMode>
          <outerBoundaryIs>
            <LinearRing>
              <coordinates>        -122.27212710609986,37.8748078755748,10.5
        -122.27227918725508,37.87479116935766,10.5
        -122.27235378059147,37.875158111619086,10.5
        -122.27220183445,37.87517962624993,10.5
        -122.27212710609986,37.8748078755748,10.5</coordinates>
            </LinearRing>
          </outerBoundaryIs>
        </Polygon>
      </Placemark>
      <Placemark>
        <name>2204 DWIGHT Way</name>
        <description><![CDATA[
<b>2204 DWIGHT Way</b><br/><b>Units:</b> 2<br/><b>VLI Units:</b> 0<br/><b>Stories:</b> 3<br/><b>Height:</b> 10.5m<br/><b>Status:</b> Decision Pending
]]></description>
        <styleUrl>#style_Decision_Pending_parcel</styleUrl>
        <Polygon>
          <extrude>1</extrude>
          <altitudeMode>relativeToGround</altitudeMode>
          <outerBoundaryIs>
            <LinearRing>
              <coordinates>        -122.26476942886273,37.86384240593343,10.5
        -122.2649075784173,37.86382454958841,10.5
        -122.26498745877043,37.86419622754107,10.5
        -122.2648406590461,37.86421490331741,10.5
        -122.26476942886273,37.86384240593343,10.5</coordinates>
            </LinearRing>
          </outerBoundaryIs>
        </Polygon>
      </Placemark>
      <Placemark>
        <name>1419 GRANT St</name>
        <description><![CDATA[
<b>1419 GRANT St</b><br/><b>Units:</b> 2<br/><b>VLI Units:</b> 0<br/><b>Stories:</b> 3<br/><b>Height:</b> 10.5m<br/><b>Status:</b> In Review<br/><i>(height estimated from units)</i>
]]></description>
        <styleUrl>#style_In_Review_parcel</styleUrl>
        <Polygon>
          <extrude>1</extrude>
          <altitudeMode>relativeToGround</altitudeMode>
          <outerBoundaryIs>
            <LinearRing>
              <coordinates>        -122.27571958422035,37.88048503632824,10.5
        -122.27571074626404,37.880405525987406,10.5
        -122.27617033973934,37.88035054395793,10.5
        -122.2761850849904,37.88045950420329,10.5
        -122.27572382166939,37.88051726100064,10.5
        -122.27571958422035,37.88048503632824,10.5</coordinates>
            </LinearRing>
          </outerBoundaryIs>
        </Polygon>
      </Placemark>
      <Placemark>
        <name>1236 DWIGHT Way</name>
        <description><![CDATA[
<b>1236 DWIGHT Way</b><br/><b>Units:</b> 2<br/><b>VLI Units:</b> 0<br/><b>Stories:</b> 3<br/><b>Height:</b> 10.5m<br/><b>Status:</b> In Review<br/><i>(height estimated from units)</i>
]]></description>
        <styleUrl>#style_In_Review_parcel</styleUrl>
        <Polygon>
          <extrude>1</extrude>
          <altitudeMode>relativeToGround</altitudeMode>
          <outerBoundaryIs>
            <LinearRing>
              <coordinates>        -122.28582956994188,37.86150522557607,10.5
        -122.28569278561585,37.86152275338185,10.5
        -122.28563755496198,37.86125163718545,10.5
        -122.2857743387979,37.8612341094381,10.5
        -122.28582956994188,37.86150522557607,10.5</coordinates>
            </LinearRing>
          </outerBoundaryIs>
        </Polygon>
      </Placemark>
      <Placemark>
        <name>2808 NINTH St</name>
        <description><![CDATA[
<b>2808 NINTH St</b><br/><b>Units:</b> 2<br/><b>VLI Units:</b> 0<br/><b>Stories:</b> 3<br/><b>Height:</b> 10.5m<br/><b>Status:</b> In Review<br/><i>(height estimated from units)</i>
]]></description>
        <styleUrl>#style_In_Review_parcel</styleUrl>
        <Polygon>
          <extrude>1</extrude>
          <altitudeMode>relativeToGround</altitudeMode>
          <outerBoundaryIs>
            <LinearRing>
              <coordinates>        -122.29069886362417,37.85520101593506,10.5
        -122.29070836716494,37.855230034495264,10.5
        -122.29070835782116,37.85523006057654,10.5
        -122.29070878456308,37.855231316848496,10.5
        -122.29072867521097,37.85529549169966,10.5
        -122.2906252478393,37.855316291532745,10.5
        -122.29029256910565,37.85538381996034,10.5
        -122.29026087051406,37.85529023130587,10.5
        -122.29069886362417,37.85520101593506,10.5</coordinates>
            </LinearRing>
          </outerBoundaryIs>
        </Polygon>
      </Placemark>
      <Placemark>
        <name>3001 BENVENUE Ave</name>
        <description><![CDATA[
<b>3001 BENVENUE Ave</b><br/><b>Units:</b> 1<br/><b>VLI Units:</b> 0<br/><b>Stories:</b> 3<br/><b>Height:</b> 10.5m<br/><b>Status:</b> Decision Pending<br/><i>(height estimated from units)</i>
]]></description>
        <styleUrl>#style_Decision_Pending_parcel</styleUrl>
        <Polygon>
          <extrude>1</extrude>
          <altitudeMode>relativeToGround</altitudeMode>
          <outerBoundaryIs>
            <LinearRing>
              <coordinates>        -122.25356696621779,37.85580887181235,10.5
        -122.25385883078619,37.855772260769236,10.5
        -122.25386830353563,37.855879930684374,10.5
        -122.25357653339667,37.85592066305906,10.5
        -122.25356696621779,37.85580887181235,10.5</coordinates>
            </LinearRing>
          </outerBoundaryIs>
        </Polygon>
      </Placemark>
      <Placemark>
        <name>40 HILL Rd</name>
        <description><![CDATA[
<b>40 HILL Rd</b><br/><b>Units:</b> 1<br/><b>VLI Units:</b> 0<br/><b>Stories:</b> 3<br/><b>Height:</b> 10.5m<br/><b>Status:</b> Application Submitted<br/><i>(height estimated from units)</i>
]]></description>
        <styleUrl>#style_Application_Submitted_parcel</styleUrl>
        <Polygon>
          <extrude>1</extrude>
          <altitudeMode>relativeToGround</altitudeMode>
          <outerBoundaryIs>
            <LinearRing>
              <coordinates>        -122.25117430190845,37.88917711373094,10.5
        -122.2513996066737,37.88917789153698,10.5
        -122.25150347425411,37.88946681545936,10.5
        -122.25123925648094,37.8895057606488,10.5
        -122.25124542073172,37.88947338954652,10.5
        -122.251244886985,37.88945074309589,10.5
        -122.25122684862286,37.8894207930225,10.5
        -122.25120916691307,37.88940526131482,10.5
        -122.25119032183885,37.88934166733588,10.5
        -122.2511893525845,37.88930048943742,10.5
        -122.25117430190845,37.88917711373094,10.5</coordinates>
            </LinearRing>
          </outerBoundaryIs>
        </Polygon>
      </Placemark>
      <Placemark>
        <name>5 W PARNASSUS Ct</name>
        <description><![CDATA[
<b>5 W PARNASSUS Ct</b><br/><b>Units:</b> 1<br/><b>VLI Units:</b> 0<br/><b>Stories:</b> 3<br/><b>Height:</b> 10.5m<br/><b>Status:</b> In Review<br/><i>(height estimated from units)</i>
]]></description>
        <styleUrl>#style_In_Review_parcel</styleUrl>
        <Polygon>
          <extrude>1</extrude>
          <altitudeMode>relativeToGround</altitudeMode>
          <outerBoundaryIs>
            <LinearRing>
              <coordinates>        -122.25766887149767,37.88235584287475,10.5
        -122.25781523497199,37.88224379272334,10.5
        -122.25808365233272,37.88223704591338,10.5
        -122.25816063498587,37.88241444513801,10.5
        -122.25777638067694,37.88250531370967,10.5
        -122.25775108194951,37.88246174720701,10.5
        -122.25773120286011,37.88242702227031,10.5
        -122.2577098589061,37.88240398953213,10.5
        -122.25766887149767,37.88235584287475,10.5</coordinates>
            </LinearRing>
          </outerBoundaryIs>
        </Polygon>
      </Placemark>
      <Placemark>
        <name>0 LE ROY Ave</name>
        <description><![CDATA[
<b>0 LE ROY Ave</b><br/><b>Units:</b> 1<br/><b>VLI Units:</b> 0<br/><b>Stories:</b> 3<br/><b>Height:</b> 10.5m<br/><b>Status:</b> In Review<br/><i>(height estimated from units)</i>
]]></description>
        <styleUrl>#style_In_Review_parcel</styleUrl>
        <Polygon>
          <extrude>1</extrude>
          <altitudeMode>relativeToGround</altitudeMode>
          <outerBoundaryIs>
            <LinearRing>
              <coordinates>        -122.26005531229625,37.882372480563724,10.5
        -122.2604015434318,37.882359075731564,10.5
        -122.26042595283587,37.88251184622342,10.5
        -122.26017330992129,37.882525911428694,10.5
        -122.26009373461838,37.88253122371832,10.5
        -122.2600833587867,37.882532065200046,10.5
        -122.26007328051445,37.882472481604395,10.5
        -122.26005531229625,37.882372480563724,10.5</coordinates>
            </LinearRing>
          </outerBoundaryIs>
        </Polygon>
      </Placemark>
      <Placemark>
        <name>2328 GRANT St</name>
        <description><![CDATA[
<b>2328 GRANT St</b><br/><b>Units:</b> 1<br/><b>VLI Units:</b> 0<br/><b>Stories:</b> 3<br/><b>Height:</b> 10.5m<br/><b>Status:</b> In Review<br/><i>(height estimated from units)</i>
]]></description>
        <styleUrl>#style_In_Review_parcel</styleUrl>
        <Polygon>
          <extrude>1</extrude>
          <altitudeMode>relativeToGround</altitudeMode>
          <outerBoundaryIs>
            <LinearRing>
              <coordinates>        -122.27480680343135,37.865801426496304,10.5
        -122.2752644833178,37.86574305226406,10.5
        -122.27527002829355,37.865829496027885,10.5
        -122.27527219133047,37.86584800116381,10.5
        -122.27481965450174,37.865904248504144,10.5
        -122.27480680343135,37.865801426496304,10.5</coordinates>
            </LinearRing>
          </outerBoundaryIs>
        </Polygon>
      </Placemark>
      <Placemark>
        <name>1939 MARIN Ave</name>
        <description><![CDATA[
<b>1939 MARIN Ave</b><br/><b>Units:</b> 1<br/><b>VLI Units:</b> 0<br/><b>Stories:</b> 3<br/><b>Height:</b> 10.5m<br/><b>Status:</b> In Review<br/><i>(height estimated from units)</i>
]]></description>
        <styleUrl>#style_In_Review_parcel</styleUrl>
        <Polygon>
          <extrude>1</extrude>
          <altitudeMode>relativeToGround</altitudeMode>
          <outerBoundaryIs>
            <LinearRing>
              <coordinates>        -122.27466920052125,37.88945051566243,10.5
        -122.27483626840623,37.889406805897394,10.5
        -122.2750335997726,37.889832332937154,10.5
        -122.27487186620542,37.88988077065038,10.5
        -122.27466920052125,37.88945051566243,10.5</coordinates>
            </LinearRing>
          </outerBoundaryIs>
        </Polygon>
      </Placemark>
      <Placemark>
        <name>1731 ADDISON St</name>
        <description><![CDATA[
<b>1731 ADDISON St</b><br/><b>Units:</b> 1<br/><b>VLI Units:</b> 0<br/><b>Stories:</b> 3<br/><b>Height:</b> 10.5m<br/><b>Status:</b> In Review<br/><i>(height estimated from units)</i>
]]></description>
        <styleUrl>#style_In_Review_parcel</styleUrl>
        <Polygon>
          <extrude>1</extrude>
          <altitudeMode>relativeToGround</altitudeMode>
          <outerBoundaryIs>
            <LinearRing>
              <coordinates>        -122.27594639357781,37.87027391477567,10.5
        -122.27611898257855,37.870246597078115,10.5
        -122.27617148502041,37.87063035383182,10.5
        -122.2760039877582,37.8706534758533,10.5
        -122.27594639357781,37.87027391477567,10.5</coordinates>
            </LinearRing>
          </outerBoundaryIs>
        </Polygon>
      </Placemark>
      <Placemark>
        <name>1420 FIFTH St</name>
        <description><![CDATA[
<b>1420 FIFTH St</b><br/><b>Units:</b> 1<br/><b>VLI Units:</b> 0<br/><b>Stories:</b> 3<br/><b>Height:</b> 10.5m<br/><b>Status:</b> Decision Pending<br/><i>(height estimated from units)</i>
]]></description>
        <styleUrl>#style_Decision_Pending_parcel</styleUrl>
        <Polygon>
          <extrude>1</extrude>
          <altitudeMode>relativeToGround</altitudeMode>
          <outerBoundaryIs>
            <LinearRing>
              <coordinates>        -122.30173274523895,37.87653518928078,10.5
        -122.30199141014656,37.87648454647868,10.5
        -122.30212937159469,37.876457721736735,10.5
        -122.30215697423705,37.87645248751765,10.5
        -122.30219807745769,37.876575469147134,10.5
        -122.30177543603358,37.876652655547915,10.5
        -122.30173274523895,37.87653518928078,10.5</coordinates>
            </LinearRing>
          </outerBoundaryIs>
        </Polygon>
      </Placemark>
      <Placemark>
        <name>1139 KEELER Ave</name>
        <description><![CDATA[
<b>1139 KEELER Ave</b><br/><b>Units:</b> 1<br/><b>VLI Units:</b> 0<br/><b>Stories:</b> 3<br/><b>Height:</b> 10.5m<br/><b>Status:</b> In Review<br/><i>(height estimated from units)</i>
]]></description>
        <styleUrl>#style_In_Review_parcel</styleUrl>
        <Polygon>
          <extrude>1</extrude>
          <altitudeMode>relativeToGround</altitudeMode>
          <outerBoundaryIs>
            <LinearRing>
              <coordinates>        -122.25745557215826,37.88980755593164,10.5
        -122.25755553246172,37.88956504052949,10.5
        -122.25760803843475,37.889586916077675,10.5
        -122.25772180020226,37.88963466721738,10.5
        -122.25773450732987,37.889638694086486,10.5
        -122.25773424245612,37.88963936297466,10.5
        -122.25764849935115,37.889857663151,10.5
        -122.25763692046625,37.88985498450472,10.5
        -122.25745557215826,37.88980755593164,10.5</coordinates>
            </LinearRing>
          </outerBoundaryIs>
        </Polygon>
      </Placemark>
      <Placemark>
        <name>1111 ALLSTON Way</name>
        <description><![CDATA[
<b>1111 ALLSTON Way</b><br/><b>Units:</b> 1<br/><b>VLI Units:</b> 0<br/><b>Stories:</b> 3<br/><b>Height:</b> 10.5m<br/><b>Status:</b> In Review<br/><i>(height estimated from units)</i>
]]></description>
        <styleUrl>#style_In_Review_parcel</styleUrl>
        <Polygon>
          <extrude>1</extrude>
          <altitudeMode>relativeToGround</altitudeMode>
          <outerBoundaryIs>
            <LinearRing>
              <coordinates>        -122.29057791707469,37.866848059356165,10.5
        -122.29056998769883,37.866806969386516,10.5
        -122.29051479243894,37.866816740290304,10.5
        -122.29050128817354,37.86675994863941,10.5
        -122.29045715587318,37.8665820738315,10.5
        -122.29066093754089,37.86655563474009,10.5
        -122.29073743249322,37.86692529685125,10.5
        -122.29059932934095,37.86694592731715,10.5
        -122.29057791707469,37.866848059356165,10.5</coordinates>
            </LinearRing>
          </outerBoundaryIs>
        </Polygon>
      </Placemark>
      <Placemark>
        <name>659 GRIZZLY PEAK Blvd</name>
        <description><![CDATA[
<b>659 GRIZZLY PEAK Blvd</b><br/><b>Units:</b> 1<br/><b>VLI Units:</b> 0<br/><b>Stories:</b> 3<br/><b>Height:</b> 10.5m<br/><b>Status:</b> Application Submitted<br/><i>(height estimated from units)</i>
]]></description>
        <styleUrl>#style_Application_Submitted_parcel</styleUrl>
        <Polygon>
          <extrude>1</extrude>
          <altitudeMode>relativeToGround</altitudeMode>
          <outerBoundaryIs>
            <LinearRing>
              <coordinates>        -122.26527536991978,37.90017392645916,10.5
        -122.26524707696791,37.90015031277855,10.5
        -122.26561592165407,37.899990982390065,10.5
        -122.26570369730332,37.900111208314684,10.5
        -122.26537084571004,37.900252833423465,10.5
        -122.26527536991978,37.90017392645916,10.5</coordinates>
            </LinearRing>
          </outerBoundaryIs>
        </Polygon>
      </Placemark>
      <Placemark>
        <name>3036 REGENT St</name>
        <description><![CDATA[
<b>3036 REGENT St</b><br/><b>Units:</b> 1<br/><b>VLI Units:</b> 0<br/><b>Stories:</b> 3<br/><b>Height:</b> 10.5m<br/><b>Status:</b> In Review<br/><i>(height estimated from units)</i>
]]></description>
        <styleUrl>#style_In_Review_parcel</styleUrl>
        <Polygon>
          <extrude>1</extrude>
          <altitudeMode>relativeToGround</altitudeMode>
          <outerBoundaryIs>
            <LinearRing>
              <coordinates>        -122.2566629194917,37.854077681206135,10.5
        -122.25670598677974,37.85428717123387,10.5
        -122.2564487250194,37.854321901562805,10.5
        -122.25640557359534,37.85410897608433,10.5
        -122.2566629194917,37.854077681206135,10.5</coordinates>
            </LinearRing>
          </outerBoundaryIs>
        </Polygon>
      </Placemark>
      <Placemark>
        <name>1621 SACRAMENTO St</name>
        <description><![CDATA[
<b>1621 SACRAMENTO St</b><br/><b>Units:</b> 1<br/><b>VLI Units:</b> 0<br/><b>Stories:</b> 3<br/><b>Height:</b> 10.5m<br/><b>Status:</b> In Review<br/><i>(height estimated from units)</i>
]]></description>
        <styleUrl>#style_In_Review_parcel</styleUrl>
        <Polygon>
          <extrude>1</extrude>
          <altitudeMode>relativeToGround</altitudeMode>
          <outerBoundaryIs>
            <LinearRing>
              <coordinates>        -122.28211753207576,37.876040484923195,10.5
        -122.2823869444151,37.87600414521808,10.5
        -122.28239852809521,37.87612551523691,10.5
        -122.28212904531634,37.8761591092028,10.5
        -122.28211753207576,37.876040484923195,10.5</coordinates>
            </LinearRing>
          </outerBoundaryIs>
        </Polygon>
      </Placemark>
      <Placemark>
        <name>2820 San Pablo</name>
        <description><![CDATA[
<b>2820 San Pablo</b><br/><b>Units:</b> 1<br/><b>VLI Units:</b> 0<br/><b>Stories:</b> 2<br/><b>Height:</b> 7.0m<br/><b>Status:</b> Entitled
]]></description>
        <styleUrl>#style_Entitled_synthetic</styleUrl>
        <Polygon>
          <extrude>1</extrude>
          <altitudeMode>relativeToGround</altitudeMode>
          <outerBoundaryIs>
            <LinearRing>
              <coordinates>        -122.28789594268008,37.8551487031143,7.0
        -122.28795077421871,37.85554262621551,7.0
        -122.28834469731993,37.8554546368857,7.0
        -122.2882898657813,37.855060713784496,7.0
        -122.28789594268008,37.8551487031143,7.0</coordinates>
            </LinearRing>
          </outerBoundaryIs>
        </Polygon>
      </Placemark>
      <Placemark>
        <name>2820 SAN PABLO Ave</name>
        <description><![CDATA[
<b>2820 SAN PABLO Ave</b><br/><b>Units:</b> 1<br/><b>VLI Units:</b> 0<br/><b>Stories:</b> 2<br/><b>Height:</b> 7.0m<br/><b>Status:</b> Entitled
]]></description>
        <styleUrl>#style_Entitled_parcel</styleUrl>
        <Polygon>
          <extrude>1</extrude>
          <altitudeMode>relativeToGround</altitudeMode>
          <outerBoundaryIs>
            <LinearRing>
              <coordinates>        -122.2878720031796,37.85528180888238,7.0
        -122.28832881788608,37.855189734684664,7.0
        -122.28836663474193,37.85532169289956,7.0
        -122.28791503199007,37.85541368519503,7.0
        -122.2878720031796,37.85528180888238,7.0</coordinates>
            </LinearRing>
          </outerBoundaryIs>
        </Polygon>
      </Placemark>
      <Placemark>
        <name>0 PARKER St</name>
        <description><![CDATA[
<b>0 PARKER St</b><br/><b>Units:</b> 1<br/><b>VLI Units:</b> 0<br/><b>Stories:</b> 3<br/><b>Height:</b> 10.5m<br/><b>Status:</b> Entitled<br/><i>(height estimated from units)</i>
]]></description>
        <styleUrl>#style_Entitled_parcel</styleUrl>
        <Polygon>
          <extrude>1</extrude>
          <altitudeMode>relativeToGround</altitudeMode>
          <outerBoundaryIs>
            <LinearRing>
              <coordinates>        -122.26419851657487,37.862636179995675,10.5
        -122.26436773075416,37.862613046652854,10.5
        -122.26439328315065,37.86274038949876,10.5
        -122.26441683567595,37.86285677634831,10.5
        -122.26444057131724,37.86298071085767,10.5
        -122.26427307092966,37.86300313397537,10.5
        -122.26419851657487,37.862636179995675,10.5</coordinates>
            </LinearRing>
          </outerBoundaryIs>
        </Polygon>
      </Placemark>
      <Placemark>
        <name>1522 JOSEPHINE St</name>
        <description><![CDATA[
<b>1522 JOSEPHINE St</b><br/><b>Units:</b> 0<br/><b>VLI Units:</b> 0<br/><b>Stories:</b> 3<br/><b>Height:</b> 10.5m<br/><b>Status:</b> In Review<br/><i>(height estimated from units)</i>
]]></description>
        <styleUrl>#style_In_Review_parcel</styleUrl>
        <Polygon>
          <extrude>1</extrude>
          <altitudeMode>relativeToGround</altitudeMode>
          <outerBoundaryIs>
            <LinearRing>
              <coordinates>        -122.27502094226745,37.878515810687674,10.5
        -122.27548052435736,37.878460840231476,10.5
        -122.2754986764271,37.87856768009149,10.5
        -122.27503568897622,37.87862546059855,10.5
        -122.27502094226745,37.878515810687674,10.5</coordinates>
            </LinearRing>
          </outerBoundaryIs>
        </Polygon>
      </Placemark>
      <Placemark>
        <name>3035 COLBY St</name>
        <description><![CDATA[
<b>3035 COLBY St</b><br/><b>Units:</b> 0<br/><b>VLI Units:</b> 0<br/><b>Stories:</b> 3<br/><b>Height:</b> 10.5m<br/><b>Status:</b> Entitled<br/><i>(height estimated from units)</i>
]]></description>
        <styleUrl>#style_Entitled_parcel</styleUrl>
        <Polygon>
          <extrude>1</extrude>
          <altitudeMode>relativeToGround</altitudeMode>
          <outerBoundaryIs>
            <LinearRing>
              <coordinates>        -122.25722415682304,37.85400545743518,10.5
        -122.25729320623265,37.85399551008219,10.5
        -122.25733277503427,37.85420366824454,10.5
        -122.25727060705682,37.85421146888252,10.5
        -122.25722415682304,37.85400545743518,10.5</coordinates>
            </LinearRing>
          </outerBoundaryIs>
        </Polygon>
      </Placemark>
      <Placemark>
        <name>1136 KEITH Ave</name>
        <description><![CDATA[
<b>1136 KEITH Ave</b><br/><b>Units:</b> 0<br/><b>VLI Units:</b> 0<br/><b>Stories:</b> 3<br/><b>Height:</b> 10.5m<br/><b>Status:</b> In Review<br/><i>(height estimated from units)</i>
]]></description>
        <styleUrl>#style_In_Review_parcel</styleUrl>
        <Polygon>
          <extrude>1</extrude>
          <altitudeMode>relativeToGround</altitudeMode>
          <outerBoundaryIs>
            <LinearRing>
              <coordinates>        -122.26031839565893,37.888492471778626,10.5
        -122.2606843605582,37.88835998041825,10.5
        -122.26070642309682,37.88841320217202,10.5
        -122.26075033238175,37.888510754902406,10.5
        -122.26038039302789,37.88862201597461,10.5
        -122.26035829446896,37.88856741045815,10.5
        -122.26031839565893,37.888492471778626,10.5</coordinates>
            </LinearRing>
          </outerBoundaryIs>
        </Polygon>
      </Placemark>
      <Placemark>
        <name>1730 PARKER St</name>
        <description><![CDATA[
<b>1730 PARKER St</b><br/><b>Units:</b> 0<br/><b>VLI Units:</b> 0<br/><b>Stories:</b> 3<br/><b>Height:</b> 10.5m<br/><b>Status:</b> Application Submitted<br/><i>(height estimated from units)</i>
]]></description>
        <styleUrl>#style_Application_Submitted_parcel</styleUrl>
        <Polygon>
          <extrude>1</extrude>
          <altitudeMode>relativeToGround</altitudeMode>
          <outerBoundaryIs>
            <LinearRing>
              <coordinates>        -122.27454511119225,37.860727941135416,10.5
        -122.27471955178086,37.860706082380354,10.5
        -122.27472627522802,37.860769853350774,10.5
        -122.27475233094536,37.86106267462078,10.5
        -122.2746263879744,37.861084487912585,10.5
        -122.27454511119225,37.860727941135416,10.5</coordinates>
            </LinearRing>
          </outerBoundaryIs>
        </Polygon>
      </Placemark>
      <Placemark>
        <name>2740 SHASTA Rd</name>
        <description><![CDATA[
<b>2740 SHASTA Rd</b><br/><b>Units:</b> 0<br/><b>VLI Units:</b> 0<br/><b>Stories:</b> 3<br/><b>Height:</b> 10.5m<br/><b>Status:</b> Application Submitted<br/><i>(height estimated from units)</i>
]]></description>
        <styleUrl>#style_Application_Submitted_parcel</styleUrl>
        <Polygon>
          <extrude>1</extrude>
          <altitudeMode>relativeToGround</altitudeMode>
          <outerBoundaryIs>
            <LinearRing>
              <coordinates>        -122.25797083719793,37.88654290907646,10.5
        -122.2579067509549,37.88625133656897,10.5
        -122.25797520061973,37.88621338127207,10.5
        -122.25832408552269,37.88601988672094,10.5
        -122.25835381955811,37.88605009238004,10.5
        -122.2584307602861,37.88612825196846,10.5
        -122.25843076590851,37.886128258312915,10.5
        -122.25848597673009,37.88618433459213,10.5
        -122.2585260406167,37.88622504129849,10.5
        -122.25853744661507,37.88623662890824,10.5
        -122.25859090136605,37.886290928452276,10.5
        -122.25869376131304,37.88677454261325,10.5
        -122.25858959346078,37.886766482494124,10.5
        -122.25849736324892,37.886750005537706,10.5
        -122.25836821002115,37.886711411703914,10.5
        -122.25830001497258,37.886684959136744,10.5
        -122.25821224754476,37.88663819793578,10.5
        -122.25810548907592,37.88659378471049,10.5
        -122.25797475819753,37.886561391283145,10.5
        -122.25797083719793,37.88654290907646,10.5</coordinates>
            </LinearRing>
          </outerBoundaryIs>
        </Polygon>
      </Placemark>
      <Placemark>
        <name>1109 COWPER St</name>
        <description><![CDATA[
<b>1109 COWPER St</b><br/><b>Units:</b> 0<br/><b>VLI Units:</b> 0<br/><b>Stories:</b> 3<br/><b>Height:</b> 10.5m<br/><b>Status:</b> In Review<br/><i>(height estimated from units)</i>
]]></description>
        <styleUrl>#style_In_Review_parcel</styleUrl>
        <Polygon>
          <extrude>1</extrude>
          <altitudeMode>relativeToGround</altitudeMode>
          <outerBoundaryIs>
            <LinearRing>
              <coordinates>        -122.2909085708297,37.86741231039857,10.5
        -122.29102598604419,37.86739680052654,10.5
        -122.29110249330243,37.86762293420208,10.5
        -122.29112671340887,37.86769328445833,10.5
        -122.29114908388027,37.867758877363215,10.5
        -122.2911528786378,37.86777255660387,10.5
        -122.2910267235518,37.86778614108349,10.5
        -122.29098702932144,37.867791553157915,10.5
        -122.2909085708297,37.86741231039857,10.5</coordinates>
            </LinearRing>
          </outerBoundaryIs>
        </Polygon>
      </Placemark>
      <Placemark>
        <name>705 ARLINGTON Ave</name>
        <description><![CDATA[
<b>705 ARLINGTON Ave</b><br/><b>Units:</b> 0<br/><b>VLI Units:</b> 0<br/><b>Stories:</b> 3<br/><b>Height:</b> 10.5m<br/><b>Status:</b> In Review<br/><i>(height estimated from units)</i>
]]></description>
        <styleUrl>#style_In_Review_parcel</styleUrl>
        <Polygon>
          <extrude>1</extrude>
          <altitudeMode>relativeToGround</altitudeMode>
          <outerBoundaryIs>
            <LinearRing>
              <coordinates>        -122.27545229740473,37.89747647880446,10.5
        -122.27574498434905,37.89732306029823,10.5
        -122.2757842076807,37.89736848410184,10.5
        -122.27581608253254,37.89739753044255,10.5
        -122.27584269341952,37.89742253275681,10.5
        -122.27561000704651,37.897621059806255,10.5
        -122.27555184294181,37.89758073061861,10.5
        -122.27554118825523,37.897569905466426,10.5
        -122.27550748158262,37.897537446316704,10.5
        -122.27546128936996,37.89749007240041,10.5
        -122.27545229740473,37.89747647880446,10.5</coordinates>
            </LinearRing>
          </outerBoundaryIs>
        </Polygon>
      </Placemark>
      <Placemark>
        <name>2027 SEVENTH St</name>
        <description><![CDATA[
<b>2027 SEVENTH St</b><br/><b>Units:</b> 0<br/><b>VLI Units:</b> 0<br/><b>Stories:</b> 3<br/><b>Height:</b> 10.5m<br/><b>Status:</b> In Review<br/><i>(height estimated from units)</i>
]]></description>
        <styleUrl>#style_In_Review_parcel</styleUrl>
        <Polygon>
          <extrude>1</extrude>
          <altitudeMode>relativeToGround</altitudeMode>
          <outerBoundaryIs>
            <LinearRing>
              <coordinates>        -122.29558651434638,37.867282869490666,10.5
        -122.29554349279601,37.86715168569547,10.5
        -122.29569507432373,37.86711504557158,10.5
        -122.29584845970554,37.86708249709688,10.5
        -122.2961467119803,37.867022333675486,10.5
        -122.29622777820526,37.86729371374868,10.5
        -122.29593304157392,37.867355889349504,10.5
        -122.29577789407452,37.867387773052,10.5
        -122.295631331372,37.86741678681684,10.5
        -122.29558651434638,37.867282869490666,10.5</coordinates>
            </LinearRing>
          </outerBoundaryIs>
        </Polygon>
      </Placemark>
      <Placemark>
        <name>576 SAN LUIS Rd</name>
        <description><![CDATA[
<b>576 SAN LUIS Rd</b><br/><b>Units:</b> 0<br/><b>VLI Units:</b> 0<br/><b>Stories:</b> 3<br/><b>Height:</b> 10.5m<br/><b>Status:</b> Application Submitted<br/><i>(height estimated from units)</i>
]]></description>
        <styleUrl>#style_Application_Submitted_parcel</styleUrl>
        <Polygon>
          <extrude>1</extrude>
          <altitudeMode>relativeToGround</altitudeMode>
          <outerBoundaryIs>
            <LinearRing>
              <coordinates>        -122.27558739473994,37.900078376162156,10.5
        -122.27588590737012,37.899878180392314,10.5
        -122.27600827612994,37.89992165868265,10.5
        -122.27569882112671,37.90017215948414,10.5
        -122.27558739473994,37.900078376162156,10.5</coordinates>
            </LinearRing>
          </outerBoundaryIs>
        </Polygon>
      </Placemark>
      <Placemark>
        <name>2009 ADDISON St</name>
        <description><![CDATA[
<b>2009 ADDISON St</b><br/><b>Units:</b> 0<br/><b>VLI Units:</b> 0<br/><b>Stories:</b> 3<br/><b>Height:</b> 10.5m<br/><b>Status:</b> Application Submitted<br/><i>(height estimated from units)</i>
]]></description>
        <styleUrl>#style_Application_Submitted_parcel</styleUrl>
        <Polygon>
          <extrude>1</extrude>
          <altitudeMode>relativeToGround</altitudeMode>
          <outerBoundaryIs>
            <LinearRing>
              <coordinates>        -122.26986838390988,37.871057187531726,10.5
        -122.27015685379902,37.87102148332558,10.5
        -122.27020148362651,37.87136689878681,10.5
        -122.26996280812168,37.87139541042202,10.5
        -122.26994794924204,37.871342953244124,10.5
        -122.26986838390988,37.871057187531726,10.5</coordinates>
            </LinearRing>
          </outerBoundaryIs>
        </Polygon>
      </Placemark>
      <Placemark>
        <name>1312 ADDISON St</name>
        <description><![CDATA[
<b>1312 ADDISON St</b><br/><b>Units:</b> 0<br/><b>VLI Units:</b> 0<br/><b>Stories:</b> 3<br/><b>Height:</b> 10.5m<br/><b>Status:</b> In Review<br/><i>(height estimated from units)</i>
]]></description>
        <styleUrl>#style_In_Review_parcel</styleUrl>
        <Polygon>
          <extrude>1</extrude>
          <altitudeMode>relativeToGround</altitudeMode>
          <outerBoundaryIs>
            <LinearRing>
              <coordinates>        -122.28399041447351,37.866887371688506,10.5
        -122.28433064214246,37.86684308676911,10.5
        -122.28434177043039,37.866945920735354,10.5
        -122.28399813264805,37.86699232461555,10.5
        -122.28399041447351,37.866887371688506,10.5</coordinates>
            </LinearRing>
          </outerBoundaryIs>
        </Polygon>
      </Placemark>
      <Placemark>
        <name>2145 GRANT St</name>
        <description><![CDATA[
<b>2145 GRANT St</b><br/><b>Units:</b> 0<br/><b>VLI Units:</b> 0<br/><b>Stories:</b> 3<br/><b>Height:</b> 10.5m<br/><b>Status:</b> Decision Pending<br/><i>(height estimated from units)</i>
]]></description>
        <styleUrl>#style_Decision_Pending_parcel</styleUrl>
        <Polygon>
          <extrude>1</extrude>
          <altitudeMode>relativeToGround</altitudeMode>
          <outerBoundaryIs>
            <LinearRing>
              <coordinates>        -122.27445386177686,37.86900812604266,10.5
        -122.27445050088112,37.86893949897281,10.5
        -122.27444895306671,37.86887566082511,10.5
        -122.27448522059987,37.868870307125206,10.5
        -122.2746078207512,37.86885335396828,10.5
        -122.27473906049022,37.86883558686147,10.5
        -122.27474106322583,37.868846546293355,10.5
        -122.27488447141253,37.8688306556655,10.5
        -122.27490004288916,37.86897463385072,10.5
        -122.27445610923624,37.86902937163162,10.5
        -122.27445386177686,37.86900812604266,10.5</coordinates>
            </LinearRing>
          </outerBoundaryIs>
        </Polygon>
      </Placemark>
      <Placemark>
        <name>2903 ADELINE St</name>
        <description><![CDATA[
<b>2903 ADELINE St</b><br/><b>Units:</b> 0<br/><b>VLI Units:</b> 0<br/><b>Stories:</b> 3<br/><b>Height:</b> 10.5m<br/><b>Status:</b> In Review<br/><i>(height estimated from units)</i>
]]></description>
        <styleUrl>#style_In_Review_parcel</styleUrl>
        <Polygon>
          <extrude>1</extrude>
          <altitudeMode>relativeToGround</altitudeMode>
          <outerBoundaryIs>
            <LinearRing>
              <coordinates>        -122.26799608539054,37.85627626657994,10.5
        -122.26824996570706,37.856244989744695,10.5
        -122.26816683055199,37.85646323598519,10.5
        -122.26801481484412,37.85648130295828,10.5
        -122.26799608539054,37.85627626657994,10.5</coordinates>
            </LinearRing>
          </outerBoundaryIs>
        </Polygon>
      </Placemark>
      <Placemark>
        <name>2099 M L KING JR Way</name>
        <description><![CDATA[
<b>2099 M L KING JR Way</b><br/><b>Units:</b> 0<br/><b>VLI Units:</b> 0<br/><b>Stories:</b> 3<br/><b>Height:</b> 10.5m<br/><b>Status:</b> Application Submitted<br/><i>(height estimated from units)</i>
]]></description>
        <styleUrl>#style_Application_Submitted_parcel</styleUrl>
        <Polygon>
          <extrude>1</extrude>
          <altitudeMode>relativeToGround</altitudeMode>
          <outerBoundaryIs>
            <LinearRing>
              <coordinates>        -122.27245934190269,37.87072941316434,10.5
        -122.2727754389462,37.87068964799388,10.5
        -122.2728190673195,37.871065301893694,10.5
        -122.2725081437602,37.87110430329983,10.5
        -122.27245934190269,37.87072941316434,10.5</coordinates>
            </LinearRing>
          </outerBoundaryIs>
        </Polygon>
      </Placemark>
      <Placemark>
        <name>1507 JOSEPHINE St</name>
        <description><![CDATA[
<b>1507 JOSEPHINE St</b><br/><b>Units:</b> 0<br/><b>VLI Units:</b> 0<br/><b>Stories:</b> 3<br/><b>Height:</b> 10.5m<br/><b>Status:</b> In Review<br/><i>(height estimated from units)</i>
]]></description>
        <styleUrl>#style_In_Review_parcel</styleUrl>
        <Polygon>
          <extrude>1</extrude>
          <altitudeMode>relativeToGround</altitudeMode>
          <outerBoundaryIs>
            <LinearRing>
              <coordinates>        -122.27456090177918,37.87913113776579,10.5
        -122.27488383042717,37.87908508216814,10.5
        -122.274895157545,37.87919684257528,10.5
        -122.27457392261779,37.87924081944644,10.5
        -122.27456090177918,37.87913113776579,10.5</coordinates>
            </LinearRing>
          </outerBoundaryIs>
        </Polygon>
      </Placemark>
      <Placemark>
        <name>1338 SEVENTH St</name>
        <description><![CDATA[
<b>1338 SEVENTH St</b><br/><b>Units:</b> 0<br/><b>VLI Units:</b> 0<br/><b>Stories:</b> 3<br/><b>Height:</b> 10.5m<br/><b>Status:</b> Application Submitted<br/><i>(height estimated from units)</i>
]]></description>
        <styleUrl>#style_Application_Submitted_parcel</styleUrl>
        <Polygon>
          <extrude>1</extrude>
          <altitudeMode>relativeToGround</altitudeMode>
          <outerBoundaryIs>
            <LinearRing>
              <coordinates>        -122.29993747129286,37.87816806786761,10.5
        -122.3003254464991,37.878090062013264,10.5
        -122.30043747503042,37.87842277636735,10.5
        -122.30004435379011,37.87850224452324,10.5
        -122.29993747129286,37.87816806786761,10.5</coordinates>
            </LinearRing>
          </outerBoundaryIs>
        </Polygon>
      </Placemark>
      <Placemark>
        <name>2238 SEVENTH St</name>
        <description><![CDATA[
<b>2238 SEVENTH St</b><br/><b>Units:</b> 0<br/><b>VLI Units:</b> 0<br/><b>Stories:</b> 3<br/><b>Height:</b> 10.5m<br/><b>Status:</b> Application Submitted<br/><i>(height estimated from units)</i>
]]></description>
        <styleUrl>#style_Application_Submitted_parcel</styleUrl>
        <Polygon>
          <extrude>1</extrude>
          <altitudeMode>relativeToGround</altitudeMode>
          <outerBoundaryIs>
            <LinearRing>
              <coordinates>        -122.2953972903953,37.86404590457778,10.5
        -122.29556969944933,37.86401169742307,10.5
        -122.295736952491,37.863978940000464,10.5
        -122.2958213849067,37.8639604799748,10.5
        -122.29586272310841,37.86409376269392,10.5
        -122.29543849833824,37.86417368786754,10.5
        -122.2953972903953,37.86404590457778,10.5</coordinates>
            </LinearRing>
          </outerBoundaryIs>
        </Polygon>
      </Placemark>
      <Placemark>
        <name>703 SANTA BARBARA Rd</name>
        <description><![CDATA[
<b>703 SANTA BARBARA Rd</b><br/><b>Units:</b> 0<br/><b>VLI Units:</b> 0<br/><b>Stories:</b> 3<br/><b>Height:</b> 10.5m<br/><b>Status:</b> In Review<br/><i>(height estimated from units)</i>
]]></description>
        <styleUrl>#style_In_Review_parcel</styleUrl>
        <Polygon>
          <extrude>1</extrude>
          <altitudeMode>relativeToGround</altitudeMode>
          <outerBoundaryIs>
            <LinearRing>
              <coordinates>        -122.27125291406851,37.897913096806406,10.5
        -122.27154473569288,37.897722627000206,10.5
        -122.27167798632638,37.897786555243336,10.5
        -122.27174513526884,37.89784047476088,10.5
        -122.27176301051229,37.89786355647407,10.5
        -122.2713292502223,37.89798886387032,10.5
        -122.27125291406851,37.897913096806406,10.5</coordinates>
            </LinearRing>
          </outerBoundaryIs>
        </Polygon>
      </Placemark>
      <Placemark>
        <name>385 VERMONT Ave</name>
        <description><![CDATA[
<b>385 VERMONT Ave</b><br/><b>Units:</b> 0<br/><b>VLI Units:</b> 0<br/><b>Stories:</b> 3<br/><b>Height:</b> 10.5m<br/><b>Status:</b> In Review<br/><i>(height estimated from units)</i>
]]></description>
        <styleUrl>#style_In_Review_parcel</styleUrl>
        <Polygon>
          <extrude>1</extrude>
          <altitudeMode>relativeToGround</altitudeMode>
          <outerBoundaryIs>
            <LinearRing>
              <coordinates>        -122.27457740107057,37.90321182490683,10.5
        -122.27472525859199,37.90316153129197,10.5
        -122.27476881080555,37.903243279605256,10.5
        -122.27484500389122,37.90338566390554,10.5
        -122.27470062729033,37.90343589439705,10.5
        -122.27457740107057,37.90321182490683,10.5</coordinates>
            </LinearRing>
          </outerBoundaryIs>
        </Polygon>
      </Placemark>
      <Placemark>
        <name>1246 ROSE St</name>
        <description><![CDATA[
<b>1246 ROSE St</b><br/><b>Units:</b> 0<br/><b>VLI Units:</b> 0<br/><b>Stories:</b> 3<br/><b>Height:</b> 10.5m<br/><b>Status:</b> In Review<br/><i>(height estimated from units)</i>
]]></description>
        <styleUrl>#style_In_Review_parcel</styleUrl>
        <Polygon>
          <extrude>1</extrude>
          <altitudeMode>relativeToGround</altitudeMode>
          <outerBoundaryIs>
            <LinearRing>
              <coordinates>        -122.28934772724791,37.876393951364314,10.5
        -122.28931212272468,37.876282567503985,10.5
        -122.28930643450647,37.87626204409984,10.5
        -122.28938758674713,37.87625051434158,10.5
        -122.28946951099456,37.87623922442375,10.5
        -122.28947330252596,37.87625040890446,10.5
        -122.28951012415305,37.87635928365621,10.5
        -122.28951521979248,37.87637012450193,10.5
        -122.28956759553176,37.87653000887555,10.5
        -122.28961634243288,37.87668309811826,10.5
        -122.28944529878575,37.87670354547467,10.5
        -122.28934772724791,37.876393951364314,10.5</coordinates>
            </LinearRing>
          </outerBoundaryIs>
        </Polygon>
      </Placemark>
      <Placemark>
        <name>1512 CHANNING Way</name>
        <description><![CDATA[
<b>1512 CHANNING Way</b><br/><b>Units:</b> 0<br/><b>VLI Units:</b> 0<br/><b>Stories:</b> 3<br/><b>Height:</b> 10.5m<br/><b>Status:</b> Application Submitted<br/><i>(height estimated from units)</i>
]]></description>
        <styleUrl>#style_Application_Submitted_parcel</styleUrl>
        <Polygon>
          <extrude>1</extrude>
          <altitudeMode>relativeToGround</altitudeMode>
          <outerBoundaryIs>
            <LinearRing>
              <coordinates>        -122.280728665981,37.863873955687204,10.5
        -122.28072831844264,37.86385953377377,10.5
        -122.28088221257528,37.86384760153801,10.5
        -122.28090094961274,37.86397848010414,10.5
        -122.28074209063982,37.864000106987326,10.5
        -122.280728665981,37.863873955687204,10.5</coordinates>
            </LinearRing>
          </outerBoundaryIs>
        </Polygon>
      </Placemark>
      <Placemark>
        <name>1475 CATHERINE Dr</name>
        <description><![CDATA[
<b>1475 CATHERINE Dr</b><br/><b>Units:</b> 0<br/><b>VLI Units:</b> 0<br/><b>Stories:</b> 3<br/><b>Height:</b> 10.5m<br/><b>Status:</b> In Review<br/><i>(height estimated from units)</i>
]]></description>
        <styleUrl>#style_In_Review_parcel</styleUrl>
        <Polygon>
          <extrude>1</extrude>
          <altitudeMode>relativeToGround</altitudeMode>
          <outerBoundaryIs>
            <LinearRing>
              <coordinates>        -122.28399018545272,37.878116240282665,10.5
        -122.28388719187318,37.87793993774438,10.5
        -122.28402455079761,37.87788773311364,10.5
        -122.28415300925812,37.87811377221383,10.5
        -122.2840894629358,37.87813671211288,10.5
        -122.28401732328275,37.87816321028743,10.5
        -122.28399018545272,37.878116240282665,10.5</coordinates>
            </LinearRing>
          </outerBoundaryIs>
        </Polygon>
      </Placemark>
      <Placemark>
        <name>1187 SHATTUCK Ave</name>
        <description><![CDATA[
<b>1187 SHATTUCK Ave</b><br/><b>Units:</b> 0<br/><b>VLI Units:</b> 0<br/><b>Stories:</b> 3<br/><b>Height:</b> 10.5m<br/><b>Status:</b> Decision Pending<br/><i>(height estimated from units)</i>
]]></description>
        <styleUrl>#style_Decision_Pending_parcel</styleUrl>
        <Polygon>
          <extrude>1</extrude>
          <altitudeMode>relativeToGround</altitudeMode>
          <outerBoundaryIs>
            <LinearRing>
              <coordinates>        -122.26952357399013,37.886016686543165,10.5
        -122.26992826024204,37.88598315540745,10.5
        -122.26993971188685,37.88609971717542,10.5
        -122.26954016350717,37.88613111533204,10.5
        -122.26952357399013,37.886016686543165,10.5</coordinates>
            </LinearRing>
          </outerBoundaryIs>
        </Polygon>
      </Placemark>
      <Placemark>
        <name>2016 DELAWARE St A</name>
        <description><![CDATA[
<b>2016 DELAWARE St A</b><br/><b>Units:</b> 0<br/><b>VLI Units:</b> 0<br/><b>Stories:</b> 3<br/><b>Height:</b> 10.5m<br/><b>Status:</b> Application Submitted<br/><i>(height estimated from units)</i>
]]></description>
        <styleUrl>#style_Application_Submitted_parcel</styleUrl>
        <Polygon>
          <extrude>1</extrude>
          <altitudeMode>relativeToGround</altitudeMode>
          <outerBoundaryIs>
            <LinearRing>
              <coordinates>        -122.27021930526284,37.874146374614,10.5
        -122.27035747978249,37.874128504922005,10.5
        -122.27043186664639,37.874486530647815,10.5
        -122.27029195273317,37.87450442299006,10.5
        -122.27021930526284,37.874146374614,10.5</coordinates>
            </LinearRing>
          </outerBoundaryIs>
        </Polygon>
      </Placemark>
      <Placemark>
        <name>1123 BLAKE St</name>
        <description><![CDATA[
<b>1123 BLAKE St</b><br/><b>Units:</b> 0<br/><b>VLI Units:</b> 0<br/><b>Stories:</b> 3<br/><b>Height:</b> 10.5m<br/><b>Status:</b> In Review<br/><i>(height estimated from units)</i>
]]></description>
        <styleUrl>#style_In_Review_parcel</styleUrl>
        <Polygon>
          <extrude>1</extrude>
          <altitudeMode>relativeToGround</altitudeMode>
          <outerBoundaryIs>
            <LinearRing>
              <coordinates>        -122.28819917683482,37.860839377950114,10.5
        -122.28811731354378,37.86084986980362,10.5
        -122.28806239312246,37.86085690852195,10.5
        -122.28799066983797,37.86050514318767,10.5
        -122.28812745177777,37.860487612684885,10.5
        -122.28819917683482,37.860839377950114,10.5</coordinates>
            </LinearRing>
          </outerBoundaryIs>
        </Polygon>
      </Placemark>
      <Placemark>
        <name>830 BANCROFT Way</name>
        <description><![CDATA[
<b>830 BANCROFT Way</b><br/><b>Units:</b> 0<br/><b>VLI Units:</b> 0<br/><b>Stories:</b> 3<br/><b>Height:</b> 10.5m<br/><b>Status:</b> Decision Pending<br/><i>(height estimated from units)</i>
]]></description>
        <styleUrl>#style_Decision_Pending_parcel</styleUrl>
        <Polygon>
          <extrude>1</extrude>
          <altitudeMode>relativeToGround</altitudeMode>
          <outerBoundaryIs>
            <LinearRing>
              <coordinates>        -122.295591700343,37.86327453181551,10.5
        -122.29555043352629,37.86314399836062,10.5
        -122.295943441451,37.86306247736043,10.5
        -122.29606918183646,37.86346228794463,10.5
        -122.2957554360562,37.86352542839894,10.5
        -122.29567443119174,37.86325679446211,10.5
        -122.295591700343,37.86327453181551,10.5</coordinates>
            </LinearRing>
          </outerBoundaryIs>
        </Polygon>
      </Placemark>
      <Placemark>
        <name>2740 SHASTA Rd</name>
        <description><![CDATA[
<b>2740 SHASTA Rd</b><br/><b>Units:</b> 0<br/><b>VLI Units:</b> 0<br/><b>Stories:</b> 3<br/><b>Height:</b> 10.5m<br/><b>Status:</b> In Review<br/><i>(height estimated from units)</i>
]]></description>
        <styleUrl>#style_In_Review_parcel</styleUrl>
        <Polygon>
          <extrude>1</extrude>
          <altitudeMode>relativeToGround</altitudeMode>
          <outerBoundaryIs>
            <LinearRing>
              <coordinates>        -122.25797083719793,37.88654290907646,10.5
        -122.2579067509549,37.88625133656897,10.5
        -122.25797520061973,37.88621338127207,10.5
        -122.25832408552269,37.88601988672094,10.5
        -122.25835381955811,37.88605009238004,10.5
        -122.2584307602861,37.88612825196846,10.5
        -122.25843076590851,37.886128258312915,10.5
        -122.25848597673009,37.88618433459213,10.5
        -122.2585260406167,37.88622504129849,10.5
        -122.25853744661507,37.88623662890824,10.5
        -122.25859090136605,37.886290928452276,10.5
        -122.25869376131304,37.88677454261325,10.5
        -122.25858959346078,37.886766482494124,10.5
        -122.25849736324892,37.886750005537706,10.5
        -122.25836821002115,37.886711411703914,10.5
        -122.25830001497258,37.886684959136744,10.5
        -122.25821224754476,37.88663819793578,10.5
        -122.25810548907592,37.88659378471049,10.5
        -122.25797475819753,37.886561391283145,10.5
        -122.25797083719793,37.88654290907646,10.5</coordinates>
            </LinearRing>
          </outerBoundaryIs>
        </Polygon>
      </Placemark>
      <Placemark>
        <name>2143 BLAKE St</name>
        <description><![CDATA[
<b>2143 BLAKE St</b><br/><b>Units:</b> 0<br/><b>VLI Units:</b> 0<br/><b>Stories:</b> 3<br/><b>Height:</b> 10.5m<br/><b>Status:</b> Application Submitted<br/><i>(height estimated from units)</i>
]]></description>
        <styleUrl>#style_Application_Submitted_parcel</styleUrl>
        <Polygon>
          <extrude>1</extrude>
          <altitudeMode>relativeToGround</altitudeMode>
          <outerBoundaryIs>
            <LinearRing>
              <coordinates>        -122.26539792017589,37.86339077239495,10.5
        -122.2655101559326,37.863375362895965,10.5
        -122.2655632483527,37.863641001257974,10.5
        -122.2654492678771,37.86365576180536,10.5
        -122.26539792017589,37.86339077239495,10.5</coordinates>
            </LinearRing>
          </outerBoundaryIs>
        </Polygon>
      </Placemark>
      <Placemark>
        <name>411 VASSAR Ave</name>
        <description><![CDATA[
<b>411 VASSAR Ave</b><br/><b>Units:</b> 0<br/><b>VLI Units:</b> 0<br/><b>Stories:</b> 3<br/><b>Height:</b> 10.5m<br/><b>Status:</b> Application Submitted<br/><i>(height estimated from units)</i>
]]></description>
        <styleUrl>#style_Application_Submitted_parcel</styleUrl>
        <Polygon>
          <extrude>1</extrude>
          <altitudeMode>relativeToGround</altitudeMode>
          <outerBoundaryIs>
            <LinearRing>
              <coordinates>        -122.27212237240308,37.9044153763826,10.5
        -122.27229334721905,37.9041717856449,10.5
        -122.27244242900665,37.90424507791309,10.5
        -122.27227831082925,37.90448513585587,10.5
        -122.27212237240308,37.9044153763826,10.5</coordinates>
            </LinearRing>
          </outerBoundaryIs>
        </Polygon>
      </Placemark>
      <Placemark>
        <name>1048 Keith St</name>
        <description><![CDATA[
<b>1048 Keith St</b><br/><b>Units:</b> 0<br/><b>VLI Units:</b> 0<br/><b>Stories:</b> 3<br/><b>Height:</b> 10.5m<br/><b>Status:</b> Entitled<br/><i>(height estimated from units)</i>
]]></description>
        <styleUrl>#style_Entitled_synthetic</styleUrl>
        <Polygon>
          <extrude>1</extrude>
          <altitudeMode>relativeToGround</altitudeMode>
          <outerBoundaryIs>
            <LinearRing>
              <coordinates>        -122.26389530268007,37.8891697231143,10.5
        -122.2639501342187,37.88956364621551,10.5
        -122.26434405731992,37.8894756568857,10.5
        -122.26428922578128,37.889081733784494,10.5
        -122.26389530268007,37.8891697231143,10.5</coordinates>
            </LinearRing>
          </outerBoundaryIs>
        </Polygon>
      </Placemark>
      <Placemark>
        <name>811 Cedar</name>
        <description><![CDATA[
<b>811 Cedar</b><br/><b>Units:</b> 0<br/><b>VLI Units:</b> 0<br/><b>Stories:</b> 2<br/><b>Height:</b> 7.0m<br/><b>Status:</b> Entitled
]]></description>
        <styleUrl>#style_Entitled_synthetic</styleUrl>
        <Polygon>
          <extrude>1</extrude>
          <altitudeMode>relativeToGround</altitudeMode>
          <outerBoundaryIs>
            <LinearRing>
              <coordinates>        -122.29996366268007,37.8739986131143,7.0
        -122.3000184942187,37.87439253621551,7.0
        -122.30041241731992,37.8743045468857,7.0
        -122.30035758578128,37.8739106237845,7.0
        -122.29996366268007,37.8739986131143,7.0</coordinates>
            </LinearRing>
          </outerBoundaryIs>
        </Polygon>
      </Placemark>
      <Placemark>
        <name>1627 Jaynes St</name>
        <description><![CDATA[
<b>1627 Jaynes St</b><br/><b>Units:</b> 0<br/><b>VLI Units:</b> 0<br/><b>Stories:</b> 3<br/><b>Height:</b> 10.5m<br/><b>Status:</b> Entitled
]]></description>
        <styleUrl>#style_Entitled_parcel</styleUrl>
        <Polygon>
          <extrude>1</extrude>
          <altitudeMode>relativeToGround</altitudeMode>
          <outerBoundaryIs>
            <LinearRing>
              <coordinates>        -122.27953744380063,37.87834412351837,10.5
        -122.27947613526518,37.8782441051763,10.5
        -122.27937140432965,37.878067830460495,10.5
        -122.27949925031538,37.87805216981601,10.5
        -122.27968287834075,37.87841198209196,10.5
        -122.27965368812832,37.87842272172306,10.5
        -122.27959702047286,37.87844416637996,10.5
        -122.27953744380063,37.87834412351837,10.5</coordinates>
            </LinearRing>
          </outerBoundaryIs>
        </Polygon>
      </Placemark>
      <Placemark>
        <name>2705 BENVENUE Ave</name>
        <description><![CDATA[
<b>2705 BENVENUE Ave</b><br/><b>Units:</b> -1<br/><b>VLI Units:</b> 0<br/><b>Stories:</b> 3<br/><b>Height:</b> 10.5m<br/><b>Status:</b> In Review<br/><i>(height estimated from units)</i>
]]></description>
        <styleUrl>#style_In_Review_parcel</styleUrl>
        <Polygon>
          <extrude>1</extrude>
          <altitudeMode>relativeToGround</altitudeMode>
          <outerBoundaryIs>
            <LinearRing>
              <coordinates>        -122.25426564574751,37.86140259788645,10.5
        -122.25462539862698,37.86137871225898,10.5
        -122.25464065361074,37.86151101218565,10.5
        -122.25427737235378,37.86153220588187,10.5
        -122.25426564574751,37.86140259788645,10.5</coordinates>
            </LinearRing>
          </outerBoundaryIs>
        </Polygon>
      </Placemark>
    </Folder>
  </Document>
</kml>