JURIS_NAME,CNTY_NAME,YEAR,PRIOR_APN,APN,STREET_ADDRESS,PROJECT_NAME,JURS_TRACKING_ID,UNIT_CAT,TENURE,ACUTELY_LOW_INCOME_DR,ACUTELY_LOW_INCOME_NDR,EXTREMELY_LOW_INCOME_DR,EXTREMELY_LOW_INCOME_NDR,VLOW_INCOME_DR,VLOW_INCOME_NDR,LOW_INCOME_DR,LOW_INCOME_NDR,MOD_INCOME_DR,MOD_INCOME_NDR,ABOVE_MOD_INCOME,ENT_APPROVE_DT1,NO_ENTITLEMENTS,BP_ACUTELY_LOW_INCOME_DR,BP_ACUTELY_LOW_INCOME_NDR,BP_EXTREMELY_LOW_INCOME_DR,BP_EXTREMELY_INCOME_NDR,BP_VLOW_INCOME_DR,BP_VLOW_INCOME_NDR,BP_LOW_INCOME_DR,BP_LOW_INCOME_NDR,BP_MOD_INCOME_DR,BP_MOD_INCOME_NDR,BP_ABOVE_MOD_INCOME,BP_ISSUE_DT1,NO_BUILDING_PERMITS,CO_ACUTELY_LOW_INCOME_DR,CO_ACUTELY_LOW_INCOME_NDR,CO_EXTREMELY_LOW_INCOME_DR,CO_EXTREMELY_INCOME_NDR,CO_VLOW_INCOME_DR,CO_VLOW_INCOME_NDR,CO_LOW_INCOME_DR,CO_LOW_INCOME_NDR,CO_MOD_INCOME_DR,CO_MOD_INCOME_NDR,CO_ABOVE_MOD_INCOME,CO_ISSUE_DT1,NO_OTHER_FORMS_OF_READINESS,EXTR_LOW_INCOME_UNITS,APPROVE_SB35,HISTORIC_SITES,INFILL_UNITS,FIN_ASSIST_NAME,DR_TYPE,NO_FA_DR,TERM_AFF_DR,DEM_DES_UNITS,DEM_OR_DES_UNITS,DEM_DES_UNITS_OWN_RENT,DENSITY_BONUS_TOTAL,DENSITY_BONUS_NUMBER_OTHER_INCENTIVES,DENSITY_BONUS_INCENTIVES,DENSITY_BONUS_RECEIVE_REDUCTION,NOTES,LATITUDE,LONGITUDE,STD_ADDRESS,SCORE
BERKELEY,Alameda,2023,,055 187000300,2737 Durant Ave,,B2021-04892,2 to 4,Renter,0,0,0,0,0,0,0,0,0,0,4,2021-06-16,4,0,0,0,0,0,0,0,0,0,0,4,2023-03-22,4,0,0,0,0,0,0,0,0,0,0,0,,0,0,NONE,0,Y,,,0,,0,0,0,0,0,,,,37.868631,-122.252716,"2737 Durant Ave, Berkeley, California, 94704",100
BERKELEY,Alameda,2023,,055 187800400,2439 Durant Ave,,ZP2021-0192,5+,Renter,0,0,0,0,0,0,0,0,0,0,22,2023-05-24,22,0,0,0,0,0,0,0,0,0,0,0,,0,0,0,0,0,0,0,0,0,0,0,0,,0,0,NONE,0,Y,,,0,,0,0,0,0,0,,,,37.867769,-122.259552,"2439 Durant Ave, Berkeley, California, 94704",100
BERKELEY,Alameda,2023,,055 189401500,2028 Bancroft Way,,B2019-04686,5+,Renter,0,0,0,0,2,0,0,0,0,0,35,2019-08-14,37,0,0,0,0,0,0,0,0,0,0,0,,0,0,0,0,0,2,0,0,0,0,0,35,2023-07-28,37,0,NONE,0,Y,Other,DB,0,1000,0,0,0,23,1,Development Standards Modification,N,1 unit relocated to 1940 Haste,37.867423,-122.268867,"2028 Bancroft Way, Berkeley, California, 94704",100
BERKELEY,Alameda,2023,,055 187802200,2480 Bancroft Way,,B2022-05880,5+,Renter,0,0,0,0,2,0,0,0,0,0,26,2023-09-25,28,0,0,0,0,2,0,0,0,0,0,26,2023-12-13,28,0,0,0,0,0,0,0,0,0,0,0,,0,0,NONE,0,Y,Other,DB,0,1000,0,0,0,20,2,Development Standards Modification,N,Concession for public art allocation exemption; waiver to increase building height,37.868621,-122.259692,"2480 Bancroft Way, Berkeley, California, 94704",100
BERKELEY,Alameda,2023,,053 163300101,3000 San Pablo Ave,,B2020-04316,5+,Renter,0,0,0,0,7,0,0,0,0,0,71,2020-07-31,78,0,0,0,0,0,0,0,0,0,0,0,,0,0,0,0,0,7,0,0,0,0,0,71,2023-06-05,78,0,NONE,0,Y,Other,DB,0,1000,0,0,0,35,4,Development Standards Modification,Y,,37.851943,-122.286703,"3000 San Pablo Ave, Berkeley, California, 94702",100
BERKELEY,Alameda,2023,,055 187700100,2590 Bancroft Way,,B2020-02831,5+,Renter,0,0,0,0,5,0,0,0,0,0,82,2020-07-17,87,0,0,0,0,0,0,0,0,0,0,0,,0,0,0,0,0,5,0,0,0,0,0,82,2023-11-15,87,0,NONE,0,Y,Other,DB,0,1000,0,0,0,25,4,Development Standards Modification,N,"Waiver to exceed height, waiver to exceed FAR, waiver to permit ground floor residential units, concessino to decrease usable open space",37.868935,-122.257169,"2590 Bancroft Way, Berkeley, California, 94704",100
BERKELEY,Alameda,2023,,052 155400400,3120-30 Shattuck,,PLN2023-0017,5+,Owner,0,0,0,0,0,0,33,0,0,0,7,2023-08-23,40,0,0,0,0,0,0,0,0,0,0,0,,0,0,0,0,0,0,0,0,0,0,0,0,,0,0,SB 35 (2017),0,Y,"Other, CalHOME",DB,0,55,0,0,0,5,2,Development Standards Modification,N,"Waiver: exceed height, landscaped area (City Housing Trust Fund (predevelopment loan)
CalHome
California Energy Commission EPIC Design Grant
Mass Timber Competition )",37.889458,-122.269181,"Shattuck Ave, Berkeley, California, 94707",89.489999999999995
BERKELEY,Alameda,2023,,053 162701800,1221 Carrison St,,B2022-02837,ADU,Renter,0,0,0,0,0,1,0,0,0,0,0,2023-04-20,1,0,0,0,0,0,1,0,0,0,0,0,2023-04-20,1,0,0,0,0,0,0,0,0,0,0,0,,0,0,NONE,0,Y,Other,,ABAG ADU Affordability Methodlogy,,0,0,0,0,0,,,ABAG ADU Affordability Methodlogy,37.851579,-122.285344,"1221 Carrison St, Berkeley, California, 94702",100
BERKELEY,Alameda,2023,,054 179101000,1327 Carleton St,,B2022-00935,ADU,Renter,0,0,0,0,0,1,0,0,0,0,0,2023-01-12,1,0,0,0,0,0,1,0,0,0,0,0,2023-01-12,1,0,0,0,0,0,0,0,0,0,0,0,,0,0,NONE,0,Y,Other,,ABAG ADU Affordability Methodlogy,,0,0,0,0,0,,,ABAG ADU Affordability Methodlogy,37.859198,-122.283691,"1327 Carleton St, Berkeley, California, 94702",100
BERKELEY,Alameda,2023,,060 239105500,1371 Curtis St,,B2023-01554,ADU,Renter,0,0,0,0,0,1,0,0,0,0,0,2023-12-14,1,0,0,0,0,0,1,0,0,0,0,0,2023-12-14,1,0,0,0,0,0,0,0,0,0,0,0,,0,0,NONE,0,Y,Other,,ABAG ADU Affordability Methodlogy,,0,0,0,0,0,,,ABAG ADU Affordability Methodlogy,37.879196,-122.290812,"1371 Curtis St, Berkeley, California, 94702",100
BERKELEY,Alameda,2023,,060 242304000,1381 Ada St,,B2023-03756,ADU,Renter,0,0,0,0,0,1,0,0,0,0,0,2023-12-07,1,0,0,0,0,0,1,0,0,0,0,0,2023-12-07,1,0,0,0,0,0,0,0,0,0,0,0,,0,0,NONE,0,Y,Other,,ABAG ADU Affordability Methodlogy,,0,0,0,0,0,,,ABAG ADU Affordability Methodlogy,37.878732,-122.285872,"1381 Ada St, Berkeley, California, 94702",100
BERKELEY,Alameda,2023,,054 179501800,1404 Blake St,,B2022-03080,ADU,Renter,0,0,0,0,0,1,0,0,0,0,0,2023-03-30,1,0,0,0,0,0,1,0,0,0,0,0,2023-03-30,1,0,0,0,0,0,1,0,0,0,0,0,2023-07-06,1,0,NONE,0,Y,Other,,ABAG ADU Affordability Methodlogy,,0,0,0,0,0,,,ABAG ADU Affordability Methodlogy,37.861075,-122.282713,"1404 Blake St, Berkeley, California, 94702",100
BERKELEY,Alameda,2023,,060 242304900,1449 Ordway St,,B2023-03417,ADU,Renter,0,0,0,0,0,0,0,1,0,0,0,2023-10-13,1,0,0,0,0,0,0,0,1,0,0,0,2023-10-13,1,0,0,0,0,0,0,0,0,0,0,0,,0,0,NONE,0,Y,Other,,ABAG ADU Affordability Methodlogy,,0,0,0,0,0,,,ABAG ADU Affordability Methodlogy,37.878394,-122.287267,"1449 Ordway St, Berkeley, California, 94702",100
BERKELEY,Alameda,2023,,054 180002800,1532 Blake St,,B2023-03115,ADU,Renter,0,0,0,0,0,0,0,1,0,0,0,2023-10-30,1,0,0,0,0,0,0,0,1,0,0,0,2023-10-30,1,0,0,0,0,0,0,0,0,0,0,0,,0,0,NONE,0,Y,,,ABAG ADU Affordability Methodlogy,,0,0,0,0,0,,,,37.861529,-122.279230,"1532 Blake St, Berkeley, California, 94703",100
BERKELEY,Alameda,2023,,052 152600400,1827 Sixty-Second St,,B2019-00439,ADU,Renter,0,0,0,0,0,0,0,0,0,0,0,,0,0,0,0,0,0,0,0,0,0,0,0,,0,0,0,0,0,0,0,0,1,0,0,0,2023-07-18,1,0,NONE,0,Y,,,ABAG ADU Affordability Methodlogy,,0,0,0,0,0,,,,37.847184,-122.269560,"1827 62nd St, Berkeley, California, 94703",100
BERKELEY,Alameda,2023,,058 215101801,1709 Sacramento St,,B2022-03086,ADU,Renter,0,0,0,0,0,0,0,1,0,0,0,2023-02-09,1,0,0,0,0,0,0,0,1,0,0,0,2023-02-09,1,0,0,0,0,0,0,0,0,0,0,0,,0,0,NONE,0,Y,,,ABAG ADU Affordability Methodlogy,,0,0,0,0,0,,,,37.874512,-122.282290,"1709 Sacramento St, Berkeley, California, 94702",100
BERKELEY,Alameda,2023,,062 289903000,1884 Thousand Oaks Blvd,,B2019-01573,ADU,Renter,0,0,0,0,0,0,0,0,0,0,0,,0,0,0,0,0,0,0,0,0,0,0,0,,0,0,0,0,0,0,0,0,1,0,0,0,2023-08-02,1,0,NONE,0,Y,,,ABAG ADU Affordability Methodlogy,,0,0,0,0,0,,,,37.897165,-122.279050,"1884 Thousand Oaks Blvd, Berkeley, California, 94707",100
BERKELEY,Alameda,2023,,052 152802200,1894 Harmon St,,B2021-00336,ADU,Renter,0,0,0,0,0,0,0,0,0,0,0,,0,0,0,0,0,0,0,0,0,0,0,0,,0,0,0,0,0,0,0,0,1,0,0,0,2023-09-01,1,0,NONE,0,Y,,,ABAG ADU Affordability Methodlogy,,0,0,0,0,0,,,,37.849726,-122.270045,"1894 Harmon St, Berkeley, California, 94703",100
BERKELEY,Alameda,2023,,052 158200400,2150 Russell St,,B2022-05356,ADU,Renter,0,0,0,0,0,0,0,1,0,0,0,2023-03-28,1,0,0,0,0,0,0,0,1,0,0,0,2023-03-28,1,0,0,0,0,0,0,0,0,0,0,0,,0,0,NONE,0,Y,,,ABAG ADU Affordability Methodlogy,,0,0,0,0,0,,,,37.857019,-122.264227,"2150 Russell St, Berkeley, California, 94705",100
BERKELEY,Alameda,2023,,056 198401600,2238 Curtis St,,B2019-05017,ADU,Renter,0,0,0,0,0,0,0,0,0,0,0,,0,0,0,0,0,0,0,0,0,0,0,0,,0,0,0,0,0,0,0,0,1,0,0,0,2023-07-07,1,0,NONE,0,Y,,,ABAG ADU Affordability Methodlogy,,0,0,0,0,0,,,,37.865316,-122.288780,"2238 Curtis St, Berkeley, California, 94702",100
BERKELEY,Alameda,2023,,055 190902600,2331 Jefferson Ave,,B2022-03622,ADU,Renter,0,0,0,0,0,0,0,0,0,0,0,,0,0,0,0,0,0,0,0,0,0,0,0,,0,0,0,0,0,0,1,0,0,0,0,0,2023-07-07,1,0,NONE,0,Y,,,ABAG ADU Affordability Methodlogy,,0,0,0,0,0,,,,37.865076,-122.277998,"2331 Jefferson Ave, Berkeley, California, 94703",100
BERKELEY,Alameda,2023,,055 190403300,2303 Grant St,,B2023-01058,ADU,Renter,0,0,0,0,0,0,0,0,0,1,0,2023-10-19,1,0,0,0,0,0,0,0,0,0,1,0,2023-10-19,1,0,0,0,0,0,0,0,0,0,0,0,,0,0,NONE,0,Y,Other,,ABAG ADU Affordability Methodlogy,,0,0,0,0,0,,,ABAG ADU Affordability Methodlogy,37.866575,-122.274717,"2303 Grant St, Berkeley, California, 94703",100
BERKELEY,Alameda,2023,,053 168900602,2339 Oregon St,,B2020-01498,ADU,Renter,0,0,0,0,0,0,0,0,0,0,0,,0,0,0,0,0,0,0,0,0,0,0,0,,0,0,0,0,0,0,0,0,0,0,2,0,2023-03-10,2,0,NONE,0,Y,,,ABAG ADU Affordability Methodlogy,,0,0,0,0,0,,,,37.858552,-122.259956,"2339 Oregon St, Berkeley, California, 94705",100
BERKELEY,Alameda,2023,,056 194202000,2335 Fifth St,,B2023-02152,ADU,Renter,0,0,0,0,0,0,0,0,0,1,0,2023-07-31,1,0,0,0,0,0,0,0,0,0,1,0,2023-07-31,1,0,0,0,0,0,0,0,0,0,0,0,,0,0,NONE,0,Y,,,ABAG ADU Affordability Methodlogy,,0,0,0,0,0,,,,37.862082,-122.296966,"2335 5th St, Berkeley, California, 94710",100
BERKELEY,Alameda,2023,,053 169102400,2432 Oregon St,,B2021-04655,ADU,Renter,0,0,0,0,0,0,0,0,0,0,0,,0,0,0,0,0,0,0,0,0,0,0,0,,0,0,0,0,0,0,0,0,0,0,1,0,2023-07-28,1,0,NONE,0,Y,,,ABAG ADU Affordability Methodlogy,,0,0,0,0,0,,,,37.858769,-122.257722,"2432 Oregon St, Berkeley, California, 94705",100
BERKELEY,Alameda,2023,,053 169800600,2806 Kelsey St,,B2021-01297,ADU,Renter,0,0,0,0,0,0,0,0,0,0,0,,0,0,0,0,0,0,0,0,0,0,0,0,,0,0,0,0,0,0,0,0,0,0,1,0,2023-09-07,1,0,NONE,0,Y,,,ABAG ADU Affordability Methodlogy,,0,0,0,0,0,,,,37.859664,-122.250223,"2806 Kelsey St, Berkeley, California, 94705",100
BERKELEY,Alameda,2023,,053 167302000,2877 California St,,B2021-04004,ADU,Renter,0,0,0,0,0,0,0,0,0,0,0,,0,0,0,0,0,0,0,0,0,0,0,0,,0,0,0,0,0,0,0,0,0,0,1,0,2023-01-05,1,0,NONE,0,Y,,,ABAG ADU Affordability Methodlogy,,0,0,0,0,0,,,,37.855593,-122.277218,"2877 California St, Berkeley, California, 94703",100
BERKELEY,Alameda,2023,,064 429504600,6450 Mystic St,,B2021-01404,ADU,Renter,0,0,0,0,0,0,0,0,0,0,0,,0,0,0,0,0,0,0,0,0,0,0,0,,0,0,0,0,0,0,0,0,0,0,0,1,2023-02-23,1,0,NONE,0,Y,,,0,,0,0,0,0,0,,,,37.851511,-122.249316,"6450 Mystic St, Oakland, California, 94618",100
BERKELEY,Alameda,2023,,064 429502600,8 Brookside Ave,,B2023-03522,ADU,Renter,0,0,0,0,0,0,0,0,0,0,1,2023-12-18,1,0,0,0,0,0,0,0,0,0,0,1,2023-12-18,1,0,0,0,0,0,0,0,0,0,0,0,,0,0,NONE,0,Y,,,0,,0,0,0,0,0,,,,37.852634,-122.249156,"8 Brookside Ave, Berkeley, California, 94705",100
BERKELEY,Alameda,2023,,063 296103300,911 Regal Rd,,B2021-02006,ADU,Renter,0,0,0,0,0,0,0,0,0,0,0,,0,0,0,0,0,0,0,0,0,0,0,0,,0,0,0,0,0,0,0,0,0,0,0,1,2023-12-14,1,0,NONE,0,Y,,,0,,0,0,0,0,0,,,,37.894346,-122.264859,"911 Regal Rd, Berkeley, California, 94708",100
BERKELEY,Alameda,2023,,058 211900900,1716 Seventh St,,B2022-01386,SFD,Owner,0,0,0,0,0,0,0,0,0,0,0,,0,0,0,0,0,0,0,0,0,0,0,1,2023-06-06,1,0,0,0,0,0,0,0,0,0,0,0,,0,0,NONE,0,Y,,,0,,0,0,0,0,0,,,ABAG ADU Affordability Methodlogy,37.871920,-122.297875,"1716 7th St, Berkeley, California, 94710",100
BERKELEY,Alameda,2023,,059 232500500,1442 Fifth St,,B2021-05050,SFD,Owner,0,0,0,0,0,0,0,0,0,0,0,,0,0,0,0,0,0,0,0,0,0,0,0,,0,0,0,0,0,0,0,0,0,0,0,1,2023-06-22,1,0,NONE,0,Y,,,0,,0,0,0,0,0,,,,37.875920,-122.301517,"1442 5th St, Berkeley, California, 94710",100
BERKELEY,Alameda,2023,,063 299200200,2910 Shasta Rd,,B2023-04232,SFD,Owner,0,0,0,0,0,0,0,0,0,0,0,,0,0,0,0,0,0,0,0,0,0,0,1,2023-11-19,1,0,0,0,0,0,0,0,0,0,0,0,,0,0,NONE,0,Y,,,0,,1,0,0,0,0,,,,37.888782,-122.253778,"2910 Shasta Rd, Berkeley, California, 94708",100
BERKELEY,Alameda,2023,,056 194500704,739 Channing Way,,B2019-02831,2 to 4,Renter,0,0,0,0,0,0,0,0,0,0,14,2017-11-23,14,0,0,0,0,0,0,0,0,0,0,0,,0,0,0,0,0,0,0,0,0,0,0,4,2023-03-28,4,0,NONE,0,Y,,,0,,0,0,0,0,0,,,"10 dwellings, four Arts and Crafts live-work units",37.861489,-122.297079,"739 Channing Way, Berkeley, California, 94710",100
BERKELEY,Alameda,2023,,057 208601300,1173 Hearst Ave,,B2020-02942,2 to 4,Renter,0,0,0,0,0,0,0,0,0,0,0,,0,0,0,0,0,0,0,0,0,0,0,0,,0,0,0,0,0,0,0,0,0,0,0,2,2023-03-15,2,0,NONE,0,Y,,,0,,0,0,0,0,0,,,,37.870877,-122.290341,"1173 Hearst Ave, Berkeley, California, 94702",100
BERKELEY,Alameda,2023,,054 171400501,2712 Telegraph Ave,,ZP2022-0179,5+,Renter,0,0,0,0,4,0,0,0,0,0,36,2023-11-01,40,0,0,0,0,0,0,0,0,0,0,0,,0,0,0,0,0,0,0,0,0,0,0,0,,0,0,NONE,0,Y,Other,DB,0,,0,0,0,46,4,Development Standards Modification,N,"Waiver to exceed avg. height, exceed # of stories, exceed FAR, reduce open space",37.860939,-122.259135,"2712 Telegraph Ave, Berkeley, California, 94705",100
BERKELEY,Alameda,2023,,058 218102700,1773 Oxford St,,B2023-02354,5+,Renter,0,0,0,0,3,0,0,0,0,0,21,2023-02-15,24,0,0,0,0,3,0,0,0,0,0,21,2023-11-13,24,0,0,0,0,0,0,0,0,0,0,0,,0,0,NONE,0,Y,Other,DB,0,1000,6,0,0,50,5,Development Standards Modification,N,"Concession to reduce residential UOS; waiver to exceed lot coverage, reduce setbacks",37.875548,-122.266493,"1773 Oxford St, Berkeley, California, 94709",100
BERKELEY,Alameda,2023,,055 189504100,2352 Shattuck Ave,,B2021-03302,5+,Renter,0,0,0,0,14,0,0,0,0,0,190,2019-11-20,204,0,0,0,0,0,0,0,0,0,0,0,,0,0,0,0,0,6,0,0,0,0,0,63,2023-08-08,69,0,NONE,0,Y,Other,DB,0,1000,0,0,0,35,6,Development Standards Modification,Y,"Waiver to: exceed height, construct rooftop projections, reduce setback, and reduce comemrcial parking",37.866411,-122.267740,"2352 Shattuck Ave, Berkeley, California, 94704",100
BERKELEY,Alameda,2018,,057 208601400,1155-73 Hearst,,ZP2016-0028,5+,Renter,0,0,0,0,0,0,0,0,0,0,6,2018-09-13,6,0,0,0,0,0,0,0,0,0,0,0,,0,0,0,0,0,0,0,0,0,0,0,0,,0,0,N,0,0,,,0,,0,0,0,0,0,,,,37.868937,-122.299985,"Hearst Ave, Berkeley, California, 94710",89
BERKELEY,Alameda,2018,,058 217700600,1722 Walnut,,ZP2018-0021,5+,Renter,0,0,0,0,0,0,0,0,0,0,1,2018-11-30,1,0,0,0,0,0,0,0,0,0,0,0,,0,0,0,0,0,0,0,0,0,0,0,0,,0,0,N,0,0,,,0,,0,0,0,0,0,,,,37.876261,-122.267778,"1722 Walnut St, Berkeley, California, 94709",98.909999999999997
BERKELEY,Alameda,2018,,055 187701902,2580 Bancroft Way,,ZP2017-0083,5+,Renter,0,0,0,0,11,0,0,0,0,0,111,2018-10-25,122,0,0,0,0,0,0,0,0,0,0,0,,0,0,0,0,0,0,0,0,0,0,0,0,,0,0,N,0,0,,DB;INC,0,,0,0,0,0,0,,,"11 BMR. 50 percent AMI - 301 bedrooms, 331 beds. Student housing.",37.868872,-122.257688,"2580 Bancroft Way, Berkeley, California, 94704",100
BERKELEY,Alameda,2023,,056 200900700,2208 Roosevelt Ave,,ZP2023-0059,2 to 4,Renter,0,0,0,0,0,0,0,0,0,0,1,2023-09-25,1,0,0,0,0,0,0,0,0,0,0,0,,0,0,0,0,0,0,0,0,0,0,0,0,,0,0,NONE,0,Y,,,0,,0,0,0,0,0,,,Convert a SFD into 2 units,37.867951,-122.276066,"2208 Roosevelt Ave, Berkeley, California, 94703",100
BERKELEY,Alameda,2023,,056 193800700,2310 Eighth St,,ZP2022-0098,2 to 4,Owner,0,0,0,0,0,0,0,0,0,0,2,2023-01-30,2,0,0,0,0,0,0,0,0,0,0,0,,0,0,0,0,0,0,0,0,0,0,0,0,,0,0,NONE,0,Y,,,0,,1,0,0,0,0,,,,37.863520,-122.294011,"2310 8th St, Berkeley, California, 94710",100
BERKELEY,Alameda,2023,,060 235000802,0 Camelia St,,ZP2022-0020,2 to 4,Renter,0,0,0,0,0,0,0,0,0,0,3,2023-03-09,3,0,0,0,0,0,0,0,0,0,0,0,,0,0,0,0,0,0,0,0,0,0,0,0,,0,0,NONE,0,Y,,,0,,0,0,0,0,0,,,,37.877723,-122.300265,"Camelia St, Berkeley, California, 94710",99
BERKELEY,Alameda,2023,,057 202700600,2065 Kittredge St,,ZP2021-0193,5+,Renter,0,0,0,0,9,0,0,0,0,0,178,2023-01-31,187,0,0,0,0,0,0,0,0,0,0,0,,0,0,0,0,0,0,0,0,0,0,0,0,,0,0,NONE,0,Y,Other,DB,0,,0,0,0,20,6,Development Standards Modification,Y,Concession: reduce open space; Waiver: exceed building height; reduce setbacks; increase front setback; reduce landscaped useable open space; exceed building height limits,37.868426,-122.268593,"2065 Kittredge St, Berkeley, California, 94704",100
BERKELEY,Alameda,2023,,057 202600405,2190 Shattuck Ave,,ZP2022-0026,5+,Renter,0,0,0,0,32,0,0,0,0,0,294,2023-04-25,326,0,0,0,0,0,0,0,0,0,0,0,,0,0,0,0,0,0,0,0,0,0,0,0,,0,0,NONE,0,Y,Other,DB,0,,0,0,0,46.25,6,Development Standards Modification,Y,"Concessions: reduce car share requirement; Waivers: exceed building height limits, modify setbacks, exceed width in diagonal measurement, reduce usable open space requirement, reduce privately-owned public open space",37.869443,-122.268048,"2190 Shattuck Ave, Berkeley, California, 94704",100
BERKELEY,Alameda,2023,,056 192800100,2403 San Pablo Ave,,ZP2021-0220,5+,Renter,0,0,0,0,0,0,0,0,0,0,36,2023-04-25,36,0,0,0,0,0,0,0,0,0,0,0,,0,0,0,0,0,0,0,0,0,0,0,0,,0,0,NONE,0,Y,,,0,,0,0,0,0,0,,,,37.862664,-122.289958,"2403 San Pablo Ave, Berkeley, California, 94702",100
BERKELEY,Alameda,2023,,053-153300103,1708 Harmon,,PLN2022-0099,5+,Renter,0,0,0,0,79,0,0,0,0,0,1,2023-01-20,80,0,0,0,0,0,0,0,0,0,0,0,,0,0,0,0,0,0,0,0,0,0,0,0,,0,21,SB 35 (2017),0,Y,"LIHTC, MHP, Other, PBS8, CDBG, CDLAC",DB,0,55,0,0,0,110,3,Development Standards Modification,N,"Concessions: Lot coverage, reduced front/side setbacks; increased FAR (Only City Trust Fund funding has been secured so far)",37.849388,-122.273427,"1708 Harmon St, Berkeley, California, 94703",98.909999999999997
BERKELEY,Alameda,2023,,061 258802500,1074 Spruce St,,B2020-04459,ADU,Renter,0,0,0,0,0,0,0,0,0,0,0,,0,0,0,0,0,0,0,0,0,0,0,0,,0,0,0,0,0,0,2,0,0,0,0,0,2023-03-30,2,0,NONE,0,Y,Other,,ABAG ADU Affordability Methodlogy,,0,0,0,0,0,,,ABAG ADU Affordability Methodlogy,37.889293,-122.266812,"1074 Spruce St, Berkeley, California, 94707",100
BERKELEY,Alameda,2023,,063 298301301,1176 Miller Ave,,B2022-00059,ADU,Renter,0,0,0,0,0,1,0,0,0,0,0,2023-10-19,1,0,0,0,0,0,1,0,0,0,0,0,2023-10-19,1,0,0,0,0,0,0,0,0,0,0,0,,0,0,NONE,0,Y,Other,,ABAG ADU Affordability Methodlogy,,0,0,0,0,0,,,ABAG ADU Affordability Methodlogy,37.890127,-122.254302,"1176 Miller Ave, Berkeley, California, 94708",100
BERKELEY,Alameda,2023,,054 178301700,1301 Blake St,,B2021-04281,ADU,Renter,0,0,0,0,0,0,0,0,0,0,0,,0,0,0,0,0,0,0,0,0,0,0,0,,0,0,0,0,0,0,1,0,0,0,0,0,2023-08-21,1,0,NONE,0,Y,Other,,ABAG ADU Affordability Methodlogy,,0,0,0,0,0,,,ABAG ADU Affordability Methodlogy,37.860816,-122.285169,"1301 Blake St, Berkeley, California, 94702",100
BERKELEY,Alameda,2023,,060 240601600,1238 Stannage Ave,,B2023-03731,ADU,Renter,0,0,0,0,0,1,0,0,0,0,0,2023-11-29,1,0,0,0,0,0,1,0,0,0,0,0,2023-11-29,1,0,0,0,0,0,0,0,0,0,0,0,,0,0,NONE,0,Y,Other,,ABAG ADU Affordability Methodlogy,,0,0,0,0,0,,,ABAG ADU Affordability Methodlogy,37.881298,-122.294225,"1238 Stannage Ave, Albany, California, 94706",100
BERKELEY,Alameda,2023,,052 151800800,1325 Alcatraz Ave,,B2020-03772,ADU,Renter,0,0,0,0,0,1,0,0,0,0,0,2023-04-13,1,0,0,0,0,0,1,0,0,0,0,0,2023-04-13,1,0,0,0,0,0,0,0,0,0,0,0,,0,0,NONE,0,Y,Other,,ABAG ADU Affordability Methodlogy,,0,0,0,0,0,,,ABAG ADU Affordability Methodlogy,37.847590,-122.280277,"1325 Alcatraz Ave, Berkeley, California, 94702",100
BERKELEY,Alameda,2023,,060 241705600,1417 Northside Ave,,B2022-04122,ADU,Renter,0,0,0,0,0,0,0,0,0,0,0,,0,0,0,0,0,0,0,0,0,0,0,0,,0,0,0,0,0,0,1,0,0,0,0,0,2023-05-31,1,0,NONE,0,Y,Other,,ABAG ADU Affordability Methodlogy,,0,0,0,0,0,,,ABAG ADU Affordability Methodlogy,37.878418,-122.289746,"1417 Northside Ave, Berkeley, California, 94702",100
BERKELEY,Alameda,2023,,062 286801600,1575 Portland Ave,,B2021-01628,ADU,Renter,0,0,0,0,0,0,0,0,0,0,0,,0,0,0,0,0,0,0,0,0,0,0,0,,0,0,0,0,0,0,0,0,1,0,0,0,2023-03-09,1,0,NONE,0,Y,,,ABAG ADU Affordability Methodlogy,,0,0,0,0,0,,,,37.894728,-122.286047,"1575 Portland Ave, Berkeley, California, 94707",100
BERKELEY,Alameda,2023,,058 217700300,1700 Walnut St,,B2022-04690,ADU,Renter,0,0,0,0,0,0,0,1,0,0,0,2023-05-31,1,0,0,0,0,0,0,0,1,0,0,0,2023-05-31,1,0,0,0,0,0,0,0,0,0,0,0,,0,0,NONE,0,Y,,,ABAG ADU Affordability Methodlogy,,0,0,0,0,0,,,,37.876602,-122.267817,"1700 Walnut St, Berkeley, California, 94709",100
BERKELEY,Alameda,2023,,056 191500700,2304 Sacramento St,,B2023-00332,ADU,Renter,0,0,0,0,0,0,0,0,0,1,0,2023-12-11,1,0,0,0,0,0,0,0,0,0,1,0,2023-12-11,1,0,0,0,0,0,0,0,0,0,0,0,,0,0,NONE,0,Y,Other,,ABAG ADU Affordability Methodlogy,,0,0,0,0,0,,,ABAG ADU Affordability Methodlogy,37.865508,-122.281596,"2304 Sacramento St, Berkeley, California, 94702",100
BERKELEY,Alameda,2023,,055 191301500,2332 California St,,B2020-02495,ADU,Renter,0,0,0,0,0,0,0,0,0,1,0,2023-01-17,1,0,0,0,0,0,0,0,0,0,1,0,2023-01-17,1,0,0,0,0,0,0,0,0,0,0,0,,0,0,NONE,0,Y,,,ABAG ADU Affordability Methodlogy,,0,0,0,0,0,,,,37.864784,-122.279194,"2332 California St, Berkeley, California, 94703",100
BERKELEY,Alameda,2023,,056 193502603,2429 Ninth St,,B2020-00601,ADU,Renter,0,0,0,0,0,0,0,0,0,0,0,,0,0,0,0,0,0,0,0,0,0,0,0,,0,0,0,0,0,0,0,0,0,0,1,0,2023-02-28,1,0,NONE,0,Y,,,ABAG ADU Affordability Methodlogy,,0,0,0,0,0,,,,37.861216,-122.291983,"2429 9th St, Berkeley, California, 94710",100
BERKELEY,Alameda,2023,,055 185202300,2607 Piedmont Ave,,B2023-01656,ADU,Renter,0,0,0,0,0,0,0,0,0,1,0,2023-08-31,1,0,0,0,0,0,0,0,0,0,1,0,2023-08-31,1,0,0,0,0,0,0,0,0,0,0,0,,0,0,NONE,0,Y,,,ABAG ADU Affordability Methodlogy,,0,0,0,0,0,,,,37.863712,-122.251379,"2607 Piedmont Ave, Berkeley, California, 94704",100
BERKELEY,Alameda,2023,,055 184902200,2633 Etna St,,B2019-02700,ADU,Renter,0,0,0,0,0,0,0,0,0,0,0,,0,0,0,0,0,0,0,0,0,0,0,0,,0,0,0,0,0,0,0,0,0,0,1,0,2023-04-25,1,0,NONE,0,Y,,,ABAG ADU Affordability Methodlogy,,0,0,0,0,0,,,,37.862749,-122.252459,"2633 Etna St, Berkeley, California, 94704",100
BERKELEY,Alameda,2023,,052 156404400,2736 Webster St,,B2023-00578,ADU,Renter,0,0,0,0,0,0,0,0,0,1,0,2023-06-19,1,0,0,0,0,0,0,0,0,0,1,0,2023-06-19,1,0,0,0,0,0,0,0,0,0,0,0,,0,0,NONE,0,Y,,,ABAG ADU Affordability Methodlogy,,0,0,0,0,0,,,,37.855859,-122.251252,"2736 Webster St, Berkeley, California, 94705",100
BERKELEY,Alameda,2023,,053 168600500,2842 Fulton St,,B2022-00877,ADU,Renter,0,0,0,0,0,0,0,0,0,0,0,,0,0,0,0,0,0,0,0,0,0,0,0,,0,0,0,0,0,0,0,0,0,0,1,0,2023-05-18,1,0,NONE,0,Y,,,ABAG ADU Affordability Methodlogy,,0,0,0,0,0,,,,37.857368,-122.263865,"2842 Fulton St, Berkeley, California, 94705",100
BERKELEY,Alameda,2023,,052 155600600,3120 Deakin St,,B2023-01911,ADU,Renter,0,0,0,0,0,0,0,0,0,1,0,2023-11-17,1,0,0,0,0,0,0,0,0,0,1,0,2023-11-17,1,0,0,0,0,0,0,0,0,0,0,0,,0,0,NONE,0,Y,Other,,ABAG ADU Affordability Methodlogy,,0,0,0,0,0,,,ABAG ADU Affordability Methodlogy,37.852888,-122.261942,"3120 Deakin St, Berkeley, California, 94705",100
BERKELEY,Alameda,2023,,059 231300800,919 Bataan Ave,,B2020-01463,ADU,Renter,0,0,0,0,0,0,0,0,0,0,1,2023-07-13,1,0,0,0,0,0,0,0,0,0,0,1,2023-07-13,1,0,0,0,0,0,0,0,0,0,0,0,,0,0,NONE,0,Y,,,0,,0,0,0,0,0,,,,37.875108,-122.297873,"919 Bataan Ave, Berkeley, California, 94710",100
BERKELEY,Alameda,2023,,059 232500400,776 Page St,,B2021-05043,SFD,Owner,0,0,0,0,0,0,0,0,0,0,0,,0,0,0,0,0,0,0,0,0,0,0,0,,0,0,0,0,0,0,0,0,0,0,0,1,2023-08-30,1,0,NONE,0,Y,,,0,,0,0,0,0,0,,,,37.876128,-122.301732,"776 Page St, Berkeley, California, 94710",100
BERKELEY,Alameda,2023,,056 200300100,1598 University Ave,,ZP2022-0099,5+,Renter,0,0,0,0,21,0,0,0,0,0,186,2023-10-27,207,0,0,0,0,0,0,0,0,0,0,0,,0,0,0,0,0,0,0,0,0,0,0,0,,0,0,NONE,0,Y,Other,DB,0,,0,0,0,50,8,Development Standards Modification,N,"Concession to reduce open space; waiver to reduce ground floor commercial use, minimum ground floor area for commercial use, increase building height, number of stories, FAR, reduce rear setback, reduce side setback",37.870577,-122.279943,"1598 University Ave, Berkeley, California, 94703",100
BERKELEY,Alameda,2023,,063 298701300,1071 Euclid Ave,,B2020-00013,ADU,Renter,0,0,0,0,0,0,0,0,0,0,0,,0,0,0,0,0,0,0,0,0,0,0,0,,0,0,0,0,0,0,1,0,0,0,0,0,2023-10-25,1,0,NONE,0,Y,Other,,ABAG ADU Affordability Methodlogy,,0,0,0,0,0,,,ABAG ADU Affordability Methodlogy,37.890327,-122.262803,"1071 Euclid Ave, Berkeley, California, 94708",100
BERKELEY,Alameda,2023,,053 162700700,1253 Carrison St,,B2020-03209,ADU,Renter,0,0,0,0,0,0,0,0,0,0,0,,0,0,0,0,0,0,0,0,0,0,0,0,,0,0,0,0,0,0,1,0,0,0,0,0,2023-04-26,1,0,NONE,0,Y,Other,,ABAG ADU Affordability Methodlogy,,0,0,0,0,0,,,ABAG ADU Affordability Methodlogy,37.851852,-122.284053,"1253 Carrison St, Berkeley, California, 94702",100
BERKELEY,Alameda,2023,,060 246903801,1278 Campus Dr,,B2022-04555,ADU,Renter,0,0,0,0,0,1,0,0,0,0,0,2023-09-27,1,0,0,0,0,0,1,0,0,0,0,0,2023-09-27,1,0,0,0,0,0,0,0,0,0,0,0,,0,0,NONE,0,Y,Other,,ABAG ADU Affordability Methodlogy,,0,0,0,0,0,,,ABAG ADU Affordability Methodlogy,37.885933,-122.254892,"1278 Campus Dr, Berkeley, California, 94708",100
BERKELEY,Alameda,2023,,054 178300600,1333 Blake St,,B2021-05139,ADU,Renter,0,0,0,0,0,0,0,0,0,0,0,,0,0,0,0,0,0,0,0,0,0,0,0,,0,0,0,0,0,0,1,0,0,0,0,0,2023-07-28,1,0,NONE,0,Y,Other,,ABAG ADU Affordability Methodlogy,,0,0,0,0,0,,,ABAG ADU Affordability Methodlogy,37.860992,-122.283997,"1333 Blake St, Berkeley, California, 94702",100
BERKELEY,Alameda,2023,,058 217200301,1600 Milvia St,,B2022-05577,ADU,Renter,0,0,0,0,0,0,0,1,0,0,0,2023-07-27,1,0,0,0,0,0,0,0,1,0,0,0,2023-07-27,1,0,0,0,0,0,0,0,0,0,0,0,,0,0,NONE,0,Y,,,ABAG ADU Affordability Methodlogy,,0,0,0,0,0,,,,37.877978,-122.271425,"1600 Milvia St, Berkeley, California, 94709",100
BERKELEY,Alameda,2023,,053 160701500,1615 Tyler St,,B2022-02366,ADU,Renter,0,0,0,0,0,0,0,1,0,0,0,2023-01-27,1,0,0,0,0,0,0,0,1,0,0,0,2023-01-27,1,0,0,0,0,0,0,0,1,0,0,0,2023-08-21,1,0,NONE,0,Y,,,ABAG ADU Affordability Methodlogy,,0,0,0,0,0,,,,37.852794,-122.275911,"1615 Tyler St, Berkeley, California, 94703",100
BERKELEY,Alameda,2023,,058 212102600,1625 Seventh St,,B2022-03940,ADU,Renter,0,0,0,0,0,0,0,1,0,0,0,2023-05-08,1,0,0,0,0,0,0,0,1,0,0,0,2023-05-08,1,0,0,0,0,0,0,0,0,0,0,0,,0,0,NONE,0,Y,,,ABAG ADU Affordability Methodlogy,,0,0,0,0,0,,,,37.873368,-122.298274,"1625 7th St, Berkeley, California, 94710",100
BERKELEY,Alameda,2023,,057 208100100,1901 Chestnut St,,B2022-03063,ADU,Renter,0,0,0,0,0,0,0,0,0,0,0,,0,0,0,0,0,0,0,0,0,0,0,0,,0,0,0,0,0,0,0,0,1,0,0,0,2023-12-01,1,0,NONE,0,Y,,,ABAG ADU Affordability Methodlogy,,0,0,0,0,0,,,,37.871002,-122.288161,"1901 Chestnut St, Berkeley, California, 94702",100
BERKELEY,Alameda,2023,,064 424001700,20 Oakvale Ave,,B2019-04140,ADU,Renter,0,0,0,0,0,0,0,0,0,0,0,,0,0,0,0,0,0,0,0,0,0,0,0,,0,0,0,0,0,0,0,0,1,0,0,0,2023-05-05,1,0,NONE,0,Y,,,ABAG ADU Affordability Methodlogy,,0,0,0,0,0,,,,37.855597,-122.246069,"20 Oakvale Ave, Berkeley, California, 94705",100
BERKELEY,Alameda,2023,,056 191901100,2424 Edwards St,,B2021-04271,ADU,Renter,0,0,0,0,0,0,0,0,0,0,0,,0,0,0,0,0,0,0,0,0,0,0,0,,0,0,0,0,0,0,0,0,0,0,1,0,2023-02-24,1,0,NONE,0,Y,,,ABAG ADU Affordability Methodlogy,,0,0,0,0,0,,,,37.862985,-122.282225,"2424 Edwards St, Berkeley, California, 94702",100
BERKELEY,Alameda,2023,,056 193503000,2415 Ninth St,,B2021-04244,ADU,Renter,0,0,0,0,0,0,0,0,0,1,0,2023-06-13,1,0,0,0,0,0,0,0,0,0,1,0,2023-06-13,1,0,0,0,0,0,0,0,0,0,0,0,,0,0,NONE,0,Y,Other,,ABAG ADU Affordability Methodlogy,,0,0,0,0,0,,,ABAG ADU Affordability Methodlogy,37.861773,-122.292168,"2415 9th St, Berkeley, California, 94710",100
BERKELEY,Alameda,2023,,052 156901700,2605 Ashby Ave,,B2021-00091,ADU,Renter,0,0,0,0,0,0,0,0,0,0,0,,0,0,0,0,0,0,0,0,0,0,0,0,,0,0,0,0,0,0,0,0,0,0,1,0,2023-08-23,1,0,NONE,0,Y,,,ABAG ADU Affordability Methodlogy,,0,0,0,0,0,,,,37.856794,-122.255157,"2605 Ashby Ave, Berkeley, California, 94705",100
BERKELEY,Alameda,2018,,053 159200100,3000 Shattuck Ave,,ZP2015-0229,5+,Renter,0,0,0,0,0,0,0,0,0,0,23,2018-09-25,23,0,0,0,0,0,0,0,0,0,0,0,,0,0,0,0,0,0,0,0,0,0,0,0,,0,0,N,0,0,,INC,Afffordable Housing Mitigation Fee paid into the Housing Trust Fund in lieu of on-site units,,0,0,0,0,0,,,,37.855013,-122.266501,"3000 Shattuck Ave, Berkeley, California, 94705",100
BERKELEY,Alameda,2018,,061 256001500,1145 Amador Ave,,B2018-02352,ADU,Renter,0,0,0,0,0,0,0,0,0,0,1,2018-01-04,1,0,0,0,0,0,0,0,0,0,0,1,2018-08-30,1,0,0,0,0,0,0,0,0,0,0,0,,0,0,N,0,0,,,0,,0,0,0,0,0,,,,37.886647,-122.270781,"1145 Amador Ave, Berkeley, California, 94707",100
BERKELEY,Alameda,2018,,059 229103701,1207 Virginia St,,B2016-05136,ADU,Renter,0,0,0,0,0,0,0,0,0,0,0,,0,0,0,0,0,0,0,0,0,0,0,0,,0,0,0,0,0,0,0,0,0,0,0,1,2018-01-12,1,0,N,0,0,,,0,,0,0,0,0,0,,,,37.873975,-122.289711,"1207 Virginia St, Berkeley, California, 94702",100
BERKELEY,Alameda,2018,,060 240902600,1211 Talbot Ave,,B2018-01061,ADU,Renter,0,0,0,0,0,0,0,0,0,0,0,,0,0,0,0,0,0,0,0,0,0,0,1,2018-10-11,1,0,0,0,0,0,0,0,0,0,0,0,,0,0,N,0,0,,,0,,0,0,0,0,0,,,,37.882471,-122.292755,"1211 Talbot Ave, Albany, California, 94706",100
BERKELEY,Alameda,2018,,060 240601100,1224 Stannage Ave,,B2017-04713,ADU,Renter,0,0,0,0,0,0,0,0,0,0,0,,0,0,0,0,0,0,0,0,0,0,0,1,2018-04-09,1,0,0,0,0,0,0,0,0,0,0,1,2018-10-22,1,0,N,0,0,,,0,,0,0,0,0,0,,,,37.881767,-122.294373,"1224 Stannage Ave, Albany, California, 94706",100
BERKELEY,Alameda,2018,,060 240905100,1233 Evelyn Ave,,B2017-03483,ADU,Renter,0,0,0,0,0,0,0,0,0,0,0,,0,0,0,0,0,0,0,0,0,0,0,1,2018-02-23,1,0,0,0,0,0,0,0,0,0,0,1,2018-12-04,1,0,N,0,0,,,0,,0,0,0,0,0,,,,37.882053,-122.291724,"1233 Evelyn Ave, Albany, California, 94706",100
BERKELEY,Alameda,2018,,052 151901500,1401 Alcatraz Ave.,,ZP2017-0134,ADU,Renter,0,0,0,0,0,0,0,0,0,0,1,2018-03-13,1,0,0,0,0,0,0,0,0,0,0,0,,0,0,0,0,0,0,0,0,0,0,0,0,,0,0,N,0,0,,,0,,0,0,0,0,0,,,,37.847704,-122.279428,"1401 Alcatraz Ave, Berkeley, California, 94702",100
BERKELEY,Alameda,2023,,063 296104700,26 Rock Ln,,B2022-06033,ADU,Renter,0,0,0,0,0,0,0,0,0,1,0,2023-05-05,1,0,0,0,0,0,0,0,0,0,1,0,2023-05-05,1,0,0,0,0,0,0,0,0,0,0,0,,0,0,NONE,0,Y,,,ABAG ADU Affordability Methodlogy,,0,0,0,0,0,,,,37.895695,-122.266674,"26 Rock Ln, Berkeley, California, 94708",100
BERKELEY,Alameda,2023,,052 156100900,3020 Benvenue Ave,,B2021-01835,ADU,Renter,0,0,0,0,0,0,0,0,0,0,0,,0,0,0,0,0,0,0,0,0,0,0,0,,0,0,0,0,0,0,0,0,0,0,1,0,2023-09-08,1,0,NONE,0,Y,,,ABAG ADU Affordability Methodlogy,,0,0,0,0,0,,,,37.855020,-122.253952,"3020 Benvenue Ave, Berkeley, California, 94705",100
BERKELEY,Alameda,2023,,052 156312600,3129 Lewiston Ave,,B2019-05564,ADU,Renter,0,0,0,0,0,0,0,0,0,0,0,,0,0,0,0,0,0,0,0,0,0,0,0,,0,0,0,0,0,0,0,0,0,0,1,0,2023-01-24,1,0,NONE,0,Y,,,ABAG ADU Affordability Methodlogy,,1,0,0,0,0,,,,37.852871,-122.251562,"3129 Lewiston Ave, Berkeley, California, 94705",100
BERKELEY,Alameda,2023,,062 286900800,734 Peralta Ave,,B2021-05544,ADU,Renter,0,0,0,0,0,0,0,0,0,0,0,,0,0,0,0,0,0,0,0,0,0,0,0,,0,0,0,0,0,0,0,0,0,0,0,1,2023-03-01,1,0,NONE,0,Y,,,0,,0,0,0,0,0,,,,37.893967,-122.285625,"734 Peralta Ave, Berkeley, California, 94707",100
BERKELEY,Alameda,2023,,061 261301900,921 Ensenada Ave,,B2023-02857,ADU,Renter,0,0,0,0,0,0,0,0,0,0,1,2023-09-29,1,0,0,0,0,0,0,0,0,0,0,1,2023-09-29,1,0,0,0,0,0,0,0,0,0,0,0,,0,0,NONE,0,Y,,,0,,0,0,0,0,0,,,,37.890598,-122.281130,"921 Ensenada Ave, Berkeley, California, 94707",100
BERKELEY,Alameda,2023,,059 231200100,956 Jones St,,B2022-04798,ADU,Renter,0,0,0,0,0,0,0,0,0,0,1,2023-04-24,1,0,0,0,0,0,0,0,0,0,0,1,2023-04-24,1,0,0,0,0,0,0,0,0,0,0,1,2023-12-13,1,0,NONE,0,Y,,,0,,0,0,0,0,0,,,,37.875722,-122.297665,"956 Jones St, Berkeley, California, 94710",100
BERKELEY,Alameda,2023,,063 296903435,0 Grizzly Peak Blvd,,B2019-05487,SFD,Owner,0,0,0,0,0,0,0,0,0,0,0,,0,0,0,0,0,0,0,0,0,0,0,0,,0,0,0,0,0,0,0,0,0,0,0,1,2023-03-23,1,0,NONE,0,Y,,,0,,0,0,0,0,0,,,,37.892608,-122.256773,"Grizzly Peak Blvd, Berkeley, California, 94708",99.150000000000006
BERKELEY,Alameda,2018,,060 242303600,1430 Acton St,,B2018-01961,ADU,Renter,0,0,0,0,0,0,0,0,0,0,0,,0,0,0,0,0,0,0,0,0,0,0,1,2018-11-07,1,0,0,0,0,0,0,0,0,0,0,0,,0,0,N,0,0,,,0,,0,0,0,0,0,,,,37.879315,-122.285356,"1430 Acton St, Berkeley, California, 94702",100
BERKELEY,Alameda,2018,,059 225701500,1432 Spruce St,,B2017-02347,ADU,Renter,0,0,0,0,0,0,0,0,0,0,0,,0,0,0,0,0,0,0,0,0,0,0,1,2018-02-22,1,0,0,0,0,0,0,0,0,0,0,0,,0,0,N,0,0,,,0,,0,0,0,0,0,,,,37.881053,-122.266011,"1432 Spruce St, Berkeley, California, 94709",100
BERKELEY,Alameda,2018,,060 243300200,1584 Ada St,,B2017-05470,ADU,Renter,0,0,0,0,0,0,0,0,0,0,0,,0,0,0,0,0,0,0,0,0,0,0,1,2018-02-27,1,0,0,0,0,0,0,0,0,0,0,0,,0,0,N,0,0,,,0,,0,0,0,0,0,,,,37.880921,-122.281034,"1584 Ada St, Berkeley, California, 94703",100
BERKELEY,Alameda,2018,,058 212503500,1611 Ninth St,,B2018-01352,ADU,Renter,0,0,0,0,0,0,0,0,0,0,0,,0,0,0,0,0,0,0,0,0,0,0,1,2018-07-25,1,0,0,0,0,0,0,0,0,0,0,0,,0,0,N,0,0,,,0,,0,0,0,0,0,,,,37.874233,-122.296189,"1611 9th St, Berkeley, California, 94710",100
BERKELEY,Alameda,2018,,061 260601800,1707 Beverly Pl,,B2018-03696,ADU,Renter,0,0,0,0,0,0,0,0,0,0,1,2018-07-16,1,0,0,0,0,0,0,0,0,0,0,1,2018-11-30,1,0,0,0,0,0,0,0,0,0,0,0,,0,0,N,0,0,,,0,,0,0,0,0,0,,,,37.884985,-122.277998,"1707 Beverly Pl, Berkeley, California, 94707",100
BERKELEY,Alameda,2018,,054 172601500,1801 Stuart St,,B2018-00613,ADU,Renter,0,0,0,0,0,0,0,0,0,0,1,2018-06-12,1,0,0,0,0,0,0,0,0,0,0,1,2018-06-12,1,0,0,0,0,0,0,0,0,0,0,0,,0,0,N,0,0,,,0,,0,0,0,0,0,,,,37.857805,-122.273046,"1801 Stuart St, Berkeley, California, 94703",100
BERKELEY,Alameda,2018,,055 181601100,1923 Parker St,,B2018-01059,ADU,Renter,0,0,0,0,0,0,0,0,0,0,0,,0,0,0,0,0,0,0,0,0,0,0,1,2018-06-29,1,0,0,0,0,0,0,0,0,0,0,0,,0,0,N,0,0,,,0,,0,0,0,0,0,,,,37.861743,-122.270614,"1923 Parker St, Berkeley, California, 94704",100
BERKELEY,Alameda,2018,,063 296404400,2633 Marin Ave.,,ZP2017-0159,ADU,Renter,0,0,0,0,0,0,0,0,0,0,1,2018-06-14,1,0,0,0,0,0,0,0,0,0,0,0,,0,0,0,0,0,0,0,0,0,0,0,0,,0,0,N,0,0,,,0,,0,0,0,0,0,,,,37.896598,-122.262380,"2633 Marin Ave, Berkeley, California, 94708",100
BERKELEY,Alameda,2023,,058 211900900,1716 Seventh St,,B2022-01332,SFD,Owner,0,0,0,0,0,0,0,0,0,0,0,,0,0,0,0,0,0,0,0,0,0,1,0,2023-06-06,1,0,0,0,0,0,0,0,0,0,0,0,,0,0,NONE,0,Y,Other,,ABAG ADU Affordability Methodlogy,,1,0,0,0,0,,,,37.871920,-122.297875,"1716 7th St, Berkeley, California, 94710",100
BERKELEY,Alameda,2023,,063 298300900,1160 Miller Ave,,B2022-05275,SFD,Owner,0,0,0,0,0,0,0,0,0,0,0,,0,0,0,0,0,0,0,0,0,0,0,1,2023-01-30,1,0,0,0,0,0,0,0,0,0,0,0,,0,0,NONE,0,Y,,,0,,0,0,0,0,0,,,,37.890388,-122.254915,"1160 Miller Ave, Berkeley, California, 94708",100
BERKELEY,Alameda,2023,,063 295504001,705 Euclid Ave,,ZP2022-0104,SFD,Owner,0,0,0,0,0,0,0,0,0,0,1,2023-10-23,1,0,0,0,0,0,0,0,0,0,0,0,,0,0,0,0,0,0,0,0,0,0,0,0,,0,0,NONE,0,Y,,,0,,1,0,0,0,0,,,,37.898527,-122.267055,"705 Euclid Ave, Berkeley, California, 94708",100
BERKELEY,Alameda,2023,,056 193800700,2310 Eighth St,,B2023-02555,SFD,Owner,0,0,0,0,0,0,0,0,0,0,0,,0,0,0,0,0,0,0,0,0,0,0,1,2023-12-04,1,0,0,0,0,0,0,0,0,0,0,0,,0,0,NONE,0,Y,,,0,,0,0,0,0,0,,,,37.863520,-122.294011,"2310 8th St, Berkeley, California, 94710",100
BERKELEY,Alameda,2023,,053 168900900,2327 Oregon St,,B2022-04721,SFD,Owner,0,0,0,0,0,0,0,0,0,0,0,,0,0,0,0,0,0,0,0,0,0,0,1,2023-03-07,1,0,0,0,0,0,0,0,0,0,0,0,,0,0,NONE,0,Y,,,0,,1,0,0,0,0,,,,37.858504,-122.260329,"2327 Oregon St, Berkeley, California, 94705",100
BERKELEY,Alameda,2018,,055 184901300,2634 Piedmont Ave,,B2017-00128,ADU,Renter,0,0,0,0,0,0,0,0,0,0,0,,0,0,0,0,0,0,0,0,0,0,0,0,,0,0,0,0,0,0,0,0,0,0,0,1,2018-11-05,1,0,N,0,0,,,0,,0,0,0,0,0,,,,37.862838,-122.251358,"2634 Piedmont Ave, Berkeley, California, 94704",100
BERKELEY,Alameda,2018,,052 156406700,2856 Webster St,,B2018-00747,ADU,Renter,0,0,0,0,0,0,0,0,0,0,0,,0,0,0,0,0,0,0,0,0,0,0,1,2018-06-19,1,0,0,0,0,0,0,0,0,0,0,0,,0,0,N,0,0,,,0,,0,0,0,0,0,,,,37.856053,-122.247940,"2856 Webster St, Berkeley, California, 94705",100
BERKELEY,Alameda,2018,,052 156501300,2954 Russell St,,B2016-02666,ADU,Renter,0,0,0,0,0,0,0,0,0,0,0,,0,0,0,0,0,0,0,0,0,0,0,0,,0,0,0,0,0,0,0,0,0,0,0,1,2018-09-21,1,0,N,0,0,,,0,,0,0,0,0,0,,,,37.858883,-122.246104,"2954 Russell St, Berkeley, California, 94705",100
BERKELEY,Alameda,2018,,063 295203300,680 Cragmont Ave,,B2014-02827-REV03,ADU,Renter,0,0,0,0,0,0,0,0,0,0,0,,0,0,0,0,0,0,0,0,0,0,0,1,2018-05-22,1,0,0,0,0,0,0,0,0,0,0,0,,0,0,N,0,0,,,0,,0,0,0,0,0,,,,37.898893,-122.268164,"680 Cragmont Ave, Berkeley, California, 94708",100
BERKELEY,Alameda,2018,,058 212501300,1626 Tenth St,,B2018-01356,SFD,Owner,0,0,0,0,0,0,0,0,0,0,1,2018-02-22,1,0,0,0,0,0,0,0,0,0,0,1,2018-10-30,1,0,0,0,0,0,0,0,0,0,0,0,,0,0,N,0,0,,,0,,0,0,0,0,0,,,,37.874112,-122.295030,"1626 10th St, Berkeley, California, 94710",100
BERKELEY,Alameda,2018,,060 247801300,0 Campus,,ZP2016-0146,SFD,Owner,0,0,0,0,0,0,0,0,0,0,1,2018-01-30,1,0,0,0,0,0,0,0,0,0,0,0,,0,0,0,0,0,0,0,0,0,0,0,0,,0,0,N,0,0,,,0,,0,0,0,0,0,,,,37.884075,-122.252814,"Campus Dr, Berkeley, California, 94708",96.75
BERKELEY,Alameda,2023,,055 186901600,2718 Durant Ave,,B2020-03715,2 to 4,Renter,0,0,0,0,0,0,0,0,0,0,0,,0,0,0,0,0,0,0,0,0,0,0,0,,0,0,0,0,0,0,0,0,0,0,0,2,2023-01-05,2,0,NONE,0,Y,,,0,,0,0,0,0,0,,,,37.868390,-122.253554,"2718 Durant Ave, Berkeley, California, 94704",100
BERKELEY,Alameda,2023,,053 162301201,1331 Ashby Ave,,B2018-05102,2 to 4,Renter,0,0,0,0,1,0,0,0,0,0,1,2018-10-18,2,0,0,0,0,1,0,0,0,0,0,1,2023-04-04,2,0,0,0,0,0,0,0,0,0,0,0,,0,0,NONE,0,Y,Other,INC,0,1000,0,0,0,0,0,,,,37.853064,-122.282265,"1331 Ashby Ave, Berkeley, California, 94702",100
BERKELEY,Alameda,2023,,053 168900100,2800 Telegraph Ave,,ZP2022-0107,5+,Renter,0,0,0,0,1,0,0,0,0,0,15,2023-05-24,16,0,0,0,0,0,0,0,0,0,0,0,,0,0,0,0,0,0,0,0,0,0,0,0,,0,0,NONE,0,Y,Other,DB,0,,0,0,0,28,9,Development Standards Modification,N,"Waiver to exceed average building height, number of stories, lot coverage, all setbacks, open space, and concession to increase the height limit",37.859298,-122.259336,"2800 Telegraph Ave, Berkeley, California, 94705",100
BERKELEY,Alameda,2023,,057 208700500,1820 San Pablo Ave,,ZP2021-0186,5+,Renter,0,0,0,0,4,0,0,0,0,0,40,2023-02-15,44,0,0,0,0,0,0,0,0,0,0,0,,0,0,0,0,0,0,0,0,0,0,0,0,,0,0,NONE,0,Y,Other,DB,0,,0,0,0,20,4,Development Standards Modification,N,"Waiver: exceed FAR, exceed building height, exceed maximum stories, reduce rear yard minimum",37.870808,-122.292803,"1820 San Pablo Ave, Berkeley, California, 94702",100
BERKELEY,Alameda,2023,,057 202302500,2072 Addison St,,B2018-04293,5+,Renter,0,0,0,0,0,0,0,0,0,0,66,2017-12-21,66,0,0,0,0,0,0,0,0,0,0,0,,0,0,0,0,0,0,0,0,0,0,0,66,2023-07-18,66,0,NONE,0,Y,,,0,,0,0,0,0,0,,,,37.871058,-122.268916,"2072 Addison St, Berkeley, California, 94704",100
BERKELEY,Alameda,2023,,053 159200100,3000 Shattuck,,ZP2022-0046,5+,Renter,0,0,0,0,17,0,0,0,0,0,153,2023-06-02,170,0,0,0,0,0,0,0,0,0,0,0,,0,0,0,0,0,0,0,0,0,0,0,0,,0,0,NONE,0,Y,Other,DB,0,,0,0,0,50,7,Development Standards Modification,N,"Waivers: exceed FAR, building height limits, reduce all setbacks, exceed lot coverage",37.855013,-122.266501,"3000 Shattuck Ave, Berkeley, California, 94705",98.909999999999997
BERKELEY,Alameda,2023,,057 205300500,2067 University Ave,,B2017-02610,5+,Renter,0,0,0,0,0,0,0,0,0,0,50,2016-09-26,50,0,0,0,0,0,0,0,0,0,0,0,,0,0,0,0,0,4,0,0,0,0,0,46,2023-08-10,50,0,NONE,0,Y,Other,DB,0,1000,0,0,0,33,2,Development Standards Modification,N,Waiver to exceed height limit; side yard modification,37.872122,-122.269107,"2067 University Ave, Berkeley, California, 94704",100
BERKELEY,Alameda,2023,,056 197700605,2100 San Pablo Ave,,B2019-03689,5+,Renter,0,0,0,0,0,0,0,0,0,0,96,2019-05-17,96,0,0,0,0,0,0,0,0,0,0,0,,0,0,0,0,0,0,0,0,0,0,0,96,2023-05-02,96,0,NONE,0,Y,,,0,,0,0,0,0,0,,,,37.867696,-122.291802,"2100 San Pablo Ave, Berkeley, California, 94702",100
BERKELEY,Alameda,2023,,059 226800601,1506 Bonita Ave,,B2018-02604,5+,Renter,0,0,0,0,0,0,0,0,0,0,2,2018-05-22,2,0,0,0,0,0,0,0,0,0,0,0,,0,0,0,0,0,0,0,0,0,0,0,2,2023-01-31,2,0,NONE,0,Y,,,0,,0,0,0,0,0,,,Increases total # of dwellings from 6-8,37.879284,-122.272720,"1506 Bonita Ave, Berkeley, California, 94709",100
BERKELEY,Alameda,2023,,057 202502300,2009 Addison St,,B2019-02956,5+,Renter,0,0,0,0,0,0,0,0,0,0,0,,0,0,0,0,0,0,0,0,0,0,0,0,,0,0,0,0,0,45,0,0,0,0,0,0,2023-04-04,45,0,NONE,0,Y,Other,,0,,0,0,0,0,0,,,Berkeley Rep - how to classify units,37.870984,-122.269928,"2009 Addison St, Berkeley, California, 94704",100
BERKELEY,Alameda,2023,,052 157602701,3030 Telegraph Ave,,ZP2022-0170,5+,Renter,0,0,0,0,7,0,1,0,0,0,136,2023-06-30,144,0,0,0,0,0,0,0,0,0,0,0,,0,0,0,0,0,0,0,0,0,0,0,0,,0,0,NONE,0,Y,Other,DB,0,,4,0,0,20,3,Development Standards Modification,N,"Waivers: exceed building height, reduce street side setback, exceed maximum FAR",37.854679,-122.260002,"3030 Telegraph Ave, Berkeley, California, 94705",100
BERKELEY,Alameda,2023,,056 197602000,1027 Bancroft Way,,B2022-02804,ADU,Renter,0,0,0,0,0,1,0,0,0,0,0,2023-09-19,1,0,0,0,0,0,1,0,0,0,0,0,2023-09-19,1,0,0,0,0,0,0,0,0,0,0,0,,0,0,NONE,0,Y,Other,,ABAG ADU Affordability Methodlogy,,0,0,0,0,0,,,ABAG ADU Affordability Methodlogy,37.864456,-122.291639,"1027 Bancroft Way, Berkeley, California, 94710",100
BERKELEY,Alameda,2023,,061 260501700,1154 Josephine St,,B2019-05341,ADU,Renter,0,0,0,0,0,1,0,0,0,0,0,2023-08-23,1,0,0,0,0,0,1,0,0,0,0,0,2023-08-23,1,0,0,0,0,0,0,0,0,0,0,0,,0,0,NONE,0,Y,Other,,ABAG ADU Affordability Methodlogy,,0,0,0,0,0,,,ABAG ADU Affordability Methodlogy,37.885905,-122.275846,"1154 Josephine St, Berkeley, California, 94707",100
BERKELEY,Alameda,2023,,052 151701500,1305 Sixty-Sixth St,,B2021-02542,ADU,Renter,0,0,0,0,0,1,0,0,0,0,0,2023-03-01,1,0,0,0,0,0,1,0,0,0,0,0,2023-03-01,1,0,0,0,0,0,0,0,0,0,0,0,,0,0,NONE,0,Y,Other,,ABAG ADU Affordability Methodlogy,,0,0,0,0,0,,,ABAG ADU Affordability Methodlogy,37.849533,-122.282456,"1305 66th St, Berkeley, California, 94702",100
BERKELEY,Alameda,2023,,060 248201600,1340 Queens Rd,,B2022-05670,ADU,Renter,0,0,0,0,0,1,0,0,0,0,0,2023-02-14,1,0,0,0,0,0,1,0,0,0,0,0,2023-02-14,1,0,0,0,0,0,0,0,0,0,0,0,,0,0,NONE,0,Y,Other,,ABAG ADU Affordability Methodlogy,,0,0,0,0,0,,,ABAG ADU Affordability Methodlogy,37.885380,-122.252685,"1340 Queens Rd, Berkeley, California, 94708",100
BERKELEY,Alameda,2023,,060 239202200,1386 Curtis St,,B2023-00589,ADU,Renter,0,0,0,0,0,1,0,0,0,0,0,2023-11-01,1,0,0,0,0,0,1,0,0,0,0,0,2023-11-01,1,0,0,0,0,0,0,0,0,0,0,0,,0,0,NONE,0,Y,Other,,ABAG ADU Affordability Methodlogy,,0,0,0,0,0,,,ABAG ADU Affordability Methodlogy,37.878878,-122.290998,"1386 Curtis St, Berkeley, California, 94702",100
BERKELEY,Alameda,2023,,059 225701200,1426 Spruce St,,B2022-02002,ADU,Renter,0,0,0,0,0,1,0,0,0,0,0,2023-06-10,1,0,0,0,0,0,1,0,0,0,0,0,2023-06-10,1,0,0,0,0,0,0,0,0,0,0,0,,0,0,NONE,0,Y,Other,,ABAG ADU Affordability Methodlogy,,0,0,0,0,0,,,ABAG ADU Affordability Methodlogy,37.881465,-122.266055,"1426 Spruce St, Berkeley, California, 94709",100
BERKELEY,Alameda,2023,,060 243401700,1516 Hopkins St,,B2021-03341,ADU,Renter,0,0,0,0,0,0,0,0,0,0,0,,0,0,0,0,0,0,0,0,0,0,0,0,,0,0,0,0,0,0,0,0,1,0,0,0,2023-04-21,1,0,NONE,0,Y,,,ABAG ADU Affordability Methodlogy,,0,0,0,0,0,,,,37.881187,-122.282829,"1516 Hopkins St, Berkeley, California, 94707",100
BERKELEY,Alameda,2023,,058 215302800,1536 Lincoln St,,B2023-03870,ADU,Renter,0,0,0,0,0,0,0,1,0,0,0,2023-12-18,1,0,0,0,0,0,0,0,1,0,0,0,2023-12-18,1,0,0,0,0,0,0,0,0,0,0,0,,0,0,NONE,0,Y,,,ABAG ADU Affordability Methodlogy,,0,0,0,0,0,,,,37.875933,-122.281112,"1536 Lincoln St, Berkeley, California, 94703",100
BERKELEY,Alameda,2023,,058 212402800,1621 Eighth St,,B2022-02980,ADU,Renter,0,0,0,0,0,0,0,0,0,0,0,,0,0,0,0,0,0,0,0,0,0,0,0,,0,0,0,0,0,0,0,0,1,0,0,0,2023-05-30,1,0,NONE,0,Y,,,ABAG ADU Affordability Methodlogy,,0,0,0,0,0,,,,37.873700,-122.297186,"1621 8th St, Berkeley, California, 94710",100
BERKELEY,Alameda,2023,,060 243702800,1701 Hopkins St,,B2023-00291,ADU,Renter,0,0,0,0,0,0,0,1,0,0,0,2023-05-09,1,0,0,0,0,0,0,0,1,0,0,0,2023-05-09,1,0,0,0,0,0,0,0,0,0,0,0,,0,0,NONE,0,Y,,,ABAG ADU Affordability Methodlogy,,0,0,0,0,0,,,,37.883070,-122.279216,"1701 Hopkins St, Berkeley, California, 94707",100
BERKELEY,Alameda,2023,,061 257600700,1966 Yosemite Rd,,B2022-03233,ADU,Renter,0,0,0,0,0,0,0,1,0,0,0,2023-02-01,1,0,0,0,0,0,0,0,1,0,0,0,2023-02-01,1,0,0,0,0,0,0,0,0,0,0,0,,0,0,NONE,0,Y,,,ABAG ADU Affordability Methodlogy,,0,0,0,0,0,,,,37.895626,-122.276361,"1966 Yosemite Rd, Berkeley, California, 94707",100
BERKELEY,Alameda,2023,,055 191201800,2334 Jefferson Ave,,B2018-01256,ADU,Renter,0,0,0,0,0,0,0,0,0,0,0,,0,0,0,0,0,0,0,0,0,0,0,0,,0,0,0,0,0,0,1,0,0,0,0,0,2023-05-03,1,0,NONE,0,Y,,,ABAG ADU Affordability Methodlogy,,0,0,0,0,0,,,,37.865048,-122.278051,"2334 Jefferson Ave, Berkeley, California, 94703",100
BERKELEY,Alameda,2023,,054 178100400,2516 Mathews St,,B2022-04803,ADU,Renter,0,0,0,0,0,0,0,0,0,1,0,2023-02-21,1,0,0,0,0,0,0,0,0,0,1,0,2023-02-21,1,0,0,0,0,0,0,0,0,0,0,0,,0,0,NONE,0,Y,Other,,ABAG ADU Affordability Methodlogy,,1,0,0,0,0,,,ABAG ADU Affordability Methodlogy,37.860799,-122.287228,"2516 Mathews St, Berkeley, California, 94702",100
BERKELEY,Alameda,2023,,052 156405600,2818 Webster St,,B2022-01755,ADU,Renter,0,0,0,0,0,0,0,0,0,1,0,2023-06-22,1,0,0,0,0,0,0,0,0,0,1,0,2023-06-22,1,0,0,0,0,0,0,0,0,0,0,0,,0,0,NONE,0,Y,,,ABAG ADU Affordability Methodlogy,,0,0,0,0,0,,,,37.855973,-122.249485,"2818 Webster St, Berkeley, California, 94705",100
BERKELEY,Alameda,2023,,053 160900201,2906 King St,,B2022-01264,ADU,Renter,0,0,0,0,0,0,0,0,0,1,0,2023-01-30,1,0,0,0,0,0,0,0,0,0,1,0,2023-01-30,1,0,0,0,0,0,0,0,0,0,0,0,,0,0,NONE,0,Y,Other,,ABAG ADU Affordability Methodlogy,,0,0,0,0,0,,,ABAG ADU Affordability Methodlogy,37.855370,-122.274412,"2906 King St, Berkeley, California, 94703",100
BERKELEY,Alameda,2023,,053 162400200,3004 Acton St,,B2020-00137,ADU,Renter,0,0,0,0,0,0,0,0,0,0,0,,0,0,0,0,0,0,0,0,0,0,0,0,,0,0,0,0,0,0,0,0,0,0,1,0,2023-10-27,1,0,NONE,0,Y,,,ABAG ADU Affordability Methodlogy,,0,0,0,0,0,,,,37.852978,-122.281372,"3004 Acton St, Berkeley, California, 94702",100
BERKELEY,Alameda,2023,,052 153600400,3216 California St,,B2023-03241,ADU,Renter,0,0,0,0,0,0,0,0,0,0,1,2023-09-25,1,0,0,0,0,0,0,0,0,0,0,1,2023-09-25,1,0,0,0,0,0,0,0,0,0,0,0,,0,0,NONE,0,Y,,,0,,0,0,0,0,0,,,,37.849110,-122.276102,"3216 California St, Berkeley, California, 94703",100
BERKELEY,Alameda,2023,,062 286800100,605 Neilson St,,B2020-00481,ADU,Renter,0,0,0,0,0,0,0,0,0,0,0,,0,0,0,0,0,0,0,0,0,0,0,0,,0,0,0,0,0,0,0,0,0,0,0,1,2023-04-20,1,0,NONE,0,Y,,,0,,0,0,0,0,0,,,,37.896424,-122.286331,"605 Neilson St, Berkeley, California, 94707",100
BERKELEY,Alameda,2023,,062 291503100,655 San Luis Rd,,B2022-02844,ADU,Renter,0,0,0,0,0,0,0,0,0,0,1,2023-03-29,1,0,0,0,0,0,0,0,0,0,0,1,2023-03-29,1,0,0,0,0,0,0,0,0,0,0,0,,0,0,NONE,0,Y,,,0,,0,0,0,0,0,,,,37.898510,-122.274071,"655 San Luis Rd, Berkeley, California, 94707",100
BERKELEY,Alameda,2023,,062 288202500,766 Vincente Ave,,B2023-01770,ADU,Renter,0,0,0,0,0,0,0,0,0,0,1,2023-07-19,1,0,0,0,0,0,0,0,0,0,0,1,2023-07-19,1,0,0,0,0,0,0,0,0,0,0,0,,0,0,NONE,0,Y,,,0,,0,0,0,0,0,,,,37.894269,-122.283102,"766 Vincente Ave, Berkeley, California, 94707",100
BERKELEY,Alameda,2023,,064 423700900,85 Hazel Rd,,B2022-04367,ADU,Renter,0,0,0,0,0,0,0,0,0,0,1,2023-05-23,1,0,0,0,0,0,0,0,0,0,0,1,2023-05-23,1,0,0,0,0,0,0,0,0,0,0,0,,0,0,NONE,0,Y,,,0,,0,0,0,0,0,,,,37.856505,-122.244693,"85 Hazel Rd, Berkeley, California, 94705",100
BERKELEY,Alameda,2023,,059 232500400,1436 Fifth St,,B2021-05365,SFD,Owner,0,0,0,0,0,0,0,0,0,0,0,,0,0,0,0,0,0,0,0,0,0,0,0,,0,0,0,0,0,0,0,0,0,0,0,1,2023-09-20,1,0,NONE,0,Y,,,0,,0,0,0,0,0,,,,37.876052,-122.301609,"1436 5th St, Berkeley, California, 94710",100
BERKELEY,Alameda,2023,,053 166002400,1025 Heinz Ave,,B2022-02577,SFD,Owner,0,0,0,0,0,0,0,0,0,0,0,,0,0,0,0,0,0,0,0,0,0,0,1,2023-05-09,1,0,0,0,0,0,0,0,0,0,0,0,,0,0,NONE,0,Y,,,0,,0,0,0,0,0,,,,37.854112,-122.288908,"1025 Heinz Ave, Berkeley, California, 94710",100
BERKELEY,Alameda,2023,,057 208901601,1921 Ninth St,,B2019-05503,SFD,Owner,0,0,0,0,0,0,0,0,0,0,0,,0,0,0,0,0,0,0,0,0,0,0,0,,0,0,0,0,0,0,0,0,0,0,0,1,2023-06-21,1,0,NONE,0,Y,,,0,,0,0,0,0,0,,,,37.869207,-122.294517,"1921 Ninth St, Berkeley, California, 94710",100
BERKELEY,Alameda,2023,,064 422900215,63 Vicente Rd,,B2019-05360,SFD,Owner,0,0,0,0,0,0,0,0,0,0,0,,0,0,0,0,0,0,0,0,0,0,0,1,2023-07-25,1,0,0,0,0,0,0,0,0,0,0,0,,0,0,NONE,0,Y,,,0,,0,0,0,0,0,,,,37.855280,-122.235526,"63 Vicente Rd, Berkeley, California, 94705",100
BERKELEY,Alameda,2023,,056 194002600,2411 Sixth St,,ZP2023-0101,SFD,Owner,0,0,0,0,0,0,0,0,0,0,1,2023-11-01,1,0,0,0,0,0,0,0,0,0,0,0,,0,0,0,0,0,0,0,0,0,0,0,0,,0,0,NONE,0,Y,,,0,,1,0,0,0,0,,,,37.861266,-122.295481,"2411 6th St, Berkeley, California, 94710",100
BERKELEY,Alameda,2023,,062 294502800,469 Kentucky Ave,,ZP2022-0087,SFD,Owner,0,0,0,0,0,0,0,0,0,0,1,2023-02-15,1,0,0,0,0,0,0,0,0,0,0,0,,0,0,0,0,0,0,0,0,0,0,0,0,,0,0,NONE,0,Y,,,0,,0,0,0,0,0,,,,37.902107,-122.271937,"469 Kentucky Ave, Berkeley, California, 94707",100
BERKELEY,Alameda,2023,,059 232500301,766 Page St,,B2021-01329,SFD,Owner,0,0,0,0,0,0,0,0,0,0,0,,0,0,0,0,0,0,0,0,0,0,0,0,,0,0,0,0,0,0,0,0,0,0,0,1,2023-01-19,1,0,NONE,0,Y,,,0,,0,0,0,0,0,,,,37.876040,-122.302025,"766 Page St, Berkeley, California, 94710",100
BERKELEY,Alameda,2018,,052 157404400,3028 Regent Street,,ZP2018-0038,2 to 4,Renter,0,0,0,0,0,0,0,0,0,0,2,2018-04-26,2,0,0,0,0,0,0,0,0,0,0,0,,0,0,0,0,0,0,0,0,0,0,0,0,,0,0,N,0,0,,,0,,0,0,0,0,0,,,,37.854555,-122.256430,"3028 Regent St, Berkeley, California, 94705",100
BERKELEY,Alameda,2018,,053 163502100,803 Folger,,ZP2018-0042,2 to 4,Renter,0,0,0,0,0,0,0,0,0,0,4,2018-06-07,4,0,0,0,0,0,0,0,0,0,0,0,,0,0,0,0,0,0,0,0,0,0,0,0,,0,0,N,0,0,,,0,,0,0,0,0,0,,,,37.849723,-122.292470,"803 Folger Ave, Berkeley, California, 94710",98.909999999999997
BERKELEY,Alameda,2018,,057 202502300,2009 Addison St,,ZP2017-0004,5+,Renter,0,0,0,0,45,0,0,0,0,0,0,2018-03-16,45,0,0,0,0,0,0,0,0,0,0,0,,0,0,0,0,0,0,0,0,0,0,0,0,,0,0,N,0,0,,INC,Afffordable Housing Mitigation Fee paid into the Housing Trust Fund in lieu of on-site units,,0,0,0,0,0,,,45 rent free dwelling units,37.870984,-122.269928,"2009 Addison St, Berkeley, California, 94704",100
BERKELEY,Alameda,2018,,055 188802700,2236 Channing Way,,ZP2017-0015,5+,Renter,0,0,0,0,0,0,0,0,0,0,22,2018-03-08,22,0,0,0,0,0,0,0,0,0,0,0,,0,0,0,0,0,0,0,0,0,0,0,0,,0,0,N,0,0,,INC,Afffordable Housing Mitigation Fee paid into the Housing Trust Fund in lieu of on-site units,,0,0,0,0,0,,,,37.866251,-122.263731,"2236 Channing Way, Berkeley, California, 94704",100
BERKELEY,Alameda,2018,,061 256300800,1014 Mariposa Ave,,B2018-02099,ADU,Renter,0,0,0,0,0,0,0,0,0,0,0,,0,0,0,0,0,0,0,0,0,0,0,1,2018-10-15,1,0,0,0,0,0,0,0,0,0,0,0,,0,0,N,0,0,,,0,,0,0,0,0,0,,,,37.889192,-122.270463,"1014 Mariposa Ave, Berkeley, California, 94707",100
BERKELEY,Alameda,2018,,063 315005900,1118 Park Hills Road,,ZP2017-0089,ADU,Renter,0,0,0,0,0,0,0,0,0,0,1,2018-01-09,1,0,0,0,0,0,0,0,0,0,0,0,,0,0,0,0,0,0,0,0,0,0,0,0,,0,0,N,0,0,,,0,,0,0,0,0,0,,,,37.891807,-122.253186,"1118 Park Hills Rd, Berkeley, California, 94708",100
BERKELEY,Alameda,2018,,063 315008200,1175 Grizzly Peak Blvd,,B2017-05497,ADU,Renter,0,0,0,0,0,0,0,0,0,0,0,,0,0,0,0,0,0,0,0,0,0,0,1,2018-05-22,1,0,0,0,0,0,0,0,0,0,0,0,,0,0,N,0,0,,,0,,0,0,0,0,0,,,,37.890725,-122.252868,"1175 Grizzly Peak Blvd, Berkeley, California, 94708",100
BERKELEY,Alameda,2018,,060 240900800,1218 Evelyn Ave,,B2017-03316,ADU,Renter,0,0,0,0,0,0,0,0,0,0,0,,0,0,0,0,0,0,0,0,0,0,0,0,,0,0,0,0,0,0,0,0,0,0,0,1,2018-12-28,1,0,N,0,0,,,0,,0,0,0,0,0,,,,37.882377,-122.291884,"1218 Evelyn Ave, Albany, California, 94706",100
BERKELEY,Alameda,2018,,060 243802000,1350 Carlotta Ave,,B2017-00340,ADU,Renter,0,0,0,0,0,0,0,0,0,0,0,,0,0,0,0,0,0,0,0,0,0,0,0,,0,0,0,0,0,0,0,0,0,0,0,1,2018-01-10,1,0,N,0,0,,,0,,0,0,0,0,0,,,,37.881027,-122.278944,"1350 Carlotta Ave, Berkeley, California, 94703",100
BERKELEY,Alameda,2018,,059 227002901,1417 Josephine St,,B2017-00828,ADU,Renter,0,0,0,0,0,0,0,0,0,0,0,,0,0,0,0,0,0,0,0,0,0,0,0,,0,0,0,0,0,0,0,0,0,0,0,1,2018-06-27,1,0,N,0,0,,,0,,0,0,0,0,0,,,,37.880635,-122.275091,"1417 Josephine St, Berkeley, California, 94703",100
BERKELEY,Alameda,2018,,058 215702200,1612 Virginia St,,B2017-03281,ADU,Renter,0,0,0,0,0,0,0,0,0,0,0,,0,0,0,0,0,0,0,0,0,0,0,1,2018-03-01,1,0,0,0,0,0,0,0,0,0,0,0,,0,0,N,0,0,,,0,,0,0,0,0,0,,,,37.875188,-122.279723,"1612 Virginia St, Berkeley, California, 94703",100
BERKELEY,Alameda,2018,,061 260400700,1835 Monterey Ave,,B2017-01124,ADU,Renter,0,0,0,0,0,0,0,0,0,0,0,,0,0,0,0,0,0,0,0,0,0,0,0,,0,0,0,0,0,0,0,0,0,0,0,1,2018-04-30,1,0,N,0,0,,,0,,0,0,0,0,0,,,,37.887932,-122.276658,"1835 Monterey Ave, Berkeley, California, 94707",100
BERKELEY,Alameda,2018,,062 292203200,1843 San Ramon Ave,,B2018-03583,ADU,Renter,0,0,0,0,0,0,0,0,0,0,1,2018-05-02,1,0,0,0,0,0,0,0,0,0,0,1,2018-12-19,1,0,0,0,0,0,0,0,0,0,0,0,,0,0,N,0,0,,,0,,0,0,0,0,0,,,,37.898687,-122.279284,"1843 San Ramon Ave, Berkeley, California, 94707",100
BERKELEY,Alameda,2018,,056 201202300,2135 Roosevelt Ave,,B2016-02610,ADU,Renter,0,0,0,0,0,0,0,0,0,0,0,,0,0,0,0,0,0,0,0,0,0,0,0,,0,0,0,0,0,0,0,0,0,0,0,1,2018-05-23,1,0,N,0,0,,,0,,0,0,0,0,0,,,,37.868828,-122.276106,"2135 Roosevelt Ave, Berkeley, California, 94703",100
BERKELEY,Alameda,2018,,056 197002000,2217 Eighth St,,B2017-03507,ADU,Renter,0,0,0,0,0,0,0,0,0,0,0,,0,0,0,0,0,0,0,0,0,0,0,1,2018-03-06,1,0,0,0,0,0,0,0,0,0,0,1,2018-11-08,1,0,N,0,0,,,0,,0,0,0,0,0,,,,37.865082,-122.294424,"2217 8th St, Berkeley, California, 94710",100
BERKELEY,Alameda,2018,,056 198702800,2233 Curtis,,B2017-04756,ADU,Renter,0,0,0,0,0,0,0,0,0,0,0,,0,0,0,0,0,0,0,0,0,0,0,1,2018-06-21,1,0,0,0,0,0,0,0,0,0,0,0,,0,0,N,0,0,,,0,,0,0,0,0,0,,,,37.865528,-122.288765,"2233 Curtis St, Berkeley, California, 94702",98.909999999999997
BERKELEY,Alameda,2018,,054 174204300,2744 Mathews St,,B2017-00305,ADU,Renter,0,0,0,0,0,0,0,0,0,0,0,,0,0,0,0,0,0,0,0,0,0,0,0,,0,0,0,0,0,0,0,0,0,0,0,1,2018-09-04,1,0,N,0,0,,,0,,0,0,0,0,0,,,,37.856354,-122.285967,"2744 Mathews St, Berkeley, California, 94702",100
BERKELEY,Alameda,2018,,054 170208900,2946 Claremont Blvd,,B2016-05318,ADU,Renter,0,0,0,0,0,0,0,0,0,0,0,,0,0,0,0,0,0,0,0,0,0,0,1,2018-05-17,1,0,0,0,0,0,0,0,0,0,0,0,,0,0,N,0,0,,,0,,0,0,0,0,0,,,,37.860636,-122.246478,"2946 Claremont Blvd, Berkeley, California, 94705",100
BERKELEY,Alameda,2018,,059 228902801,1157 Virginia St,,B2018-03458,SFD,Owner,0,0,0,0,0,0,0,0,0,0,1,2018-05-24,1,0,0,0,0,0,0,0,0,0,0,1,2018-12-07,1,0,0,0,0,0,0,0,0,0,0,0,,0,0,N,0,0,,,0,,0,0,0,0,0,,,,37.873759,-122.291295,"1157 Virginia St, Berkeley, California, 94702",100
BERKELEY,Alameda,2018,,052 151602400,1310 Haskell St,,B2018-01347,SFD,Owner,0,0,0,0,0,0,0,0,0,0,0,,0,0,0,0,0,0,0,0,0,0,0,1,2018-08-22,1,0,0,0,0,0,0,0,0,0,0,0,,0,0,N,0,0,,,0,,0,0,0,0,0,,,bldg permit 2 of 3 SFHs on a lot,37.851183,-122.282724,"1310 Haskell St, Berkeley, California, 94702",100
BERKELEY,Alameda,2018,,052 151602400,1310 Haskell St,,B2018-01348,SFD,Owner,0,0,0,0,0,0,0,0,0,0,0,,0,0,0,0,0,0,0,0,0,0,0,1,2018-09-10,1,0,0,0,0,0,0,0,0,0,0,0,,0,0,N,0,0,,,0,,0,0,0,0,0,,,bldg permit 3 of 3 SFHs on a lot,37.851183,-122.282724,"1310 Haskell St, Berkeley, California, 94702",100
BERKELEY,Alameda,2018,,057 207401200,1353 Berkeley Way,,ZP2017-0202,SFD,Owner,0,0,0,0,0,0,0,0,0,0,1,2018-09-27,1,0,0,0,0,0,0,0,0,0,0,0,,0,0,0,0,0,0,0,0,0,0,0,0,,0,0,N,0,0,,,0,,0,0,0,0,0,,,,37.870730,-122.285761,"1353 Berkeley Way, Berkeley, California, 94702",100
BERKELEY,Alameda,2018,,060 249304700,1441 Grizzly Peak Blvd,,B2017-02990,SFD,Owner,0,0,0,0,0,0,0,0,0,0,0,,0,0,0,0,0,0,0,0,0,0,0,1,2018-05-22,1,0,0,0,0,0,0,0,0,0,0,0,,0,0,N,0,0,,,0,,0,0,0,0,0,,,,37.883885,-122.248172,"1441 Grizzly Peak Blvd, Berkeley, California, 94708",100
BERKELEY,Alameda,2018,,061 256202001,2075 Eunice St,,B2017-02712,SFD,Owner,0,0,0,0,0,0,0,0,0,0,0,,0,0,0,0,0,0,0,0,0,0,0,0,,0,0,0,0,0,0,0,0,0,0,0,1,2018-10-31,1,0,N,0,0,,,0,,0,0,0,0,0,,,,37.885600,-122.270591,"2075 Eunice St, Berkeley, California, 94709",100
BERKELEY,Alameda,2018,,053 166100303,1030 Grayson St,,B2017-03295,2 to 4,Renter,0,0,0,0,0,0,0,0,0,0,0,,0,0,0,0,0,0,0,0,0,0,0,2,2018-02-01,2,0,0,0,0,0,0,0,0,0,0,2,2018-10-17,2,0,N,0,0,,,0,,0,0,0,0,0,,,2 BLDG PERMITS EACH FOR 2 UNITS FOR A TOTAL OF 4,37.856021,-122.288779,"1030 Grayson St, Berkeley, California, 94710",100
BERKELEY,Alameda,2018,,057 202301701,2002 Addison St,,B2016-03148,5+,Renter,0,0,0,0,0,0,0,0,0,0,0,,0,0,0,0,0,0,0,0,0,0,0,6,2018-02-01,6,0,0,0,0,1,0,0,0,0,0,6,2018-08-28,7,0,N,0,0,Other,Other,Deed restricted,1000,0,0,0,0,0,,,,37.870876,-122.270341,"2002 Addison St, Berkeley, California, 94704",100
BERKELEY,Alameda,2018,,057 204600802,2145 University,,B2015-02998,5+,Renter,0,0,0,0,0,0,0,0,0,0,0,,0,0,0,0,0,0,0,0,0,0,0,35,2018-06-27,35,0,0,0,0,0,0,0,0,0,0,0,,0,0,N,0,0,,,0,,0,0,0,0,0,,,,37.872351,-122.267327,"2145 University Ave, Berkeley, California, 94704",98.909999999999997
BERKELEY,Alameda,2018,,055 188300500,2414 Dana St,,B2015-05182,5+,Renter,0,0,0,0,0,0,0,0,0,0,0,,0,0,0,0,0,0,0,0,0,0,0,0,,0,0,0,0,0,0,0,0,0,0,0,1,2018-03-08,1,0,N,0,0,,,0,,0,0,0,0,0,,,,37.866011,-122.260987,"2414 Dana St, Berkeley, California, 94704",100
BERKELEY,Alameda,2018,,054 178502200,1120 Parker St,,B2017-03353,ADU,Renter,0,0,0,0,0,0,0,0,0,0,0,,0,0,0,0,0,0,0,0,0,0,0,0,,0,0,0,0,0,0,0,0,0,0,0,1,2018-06-26,1,0,N,0,0,,,0,,0,0,0,0,0,,,,37.859488,-122.287961,"1120 Parker St, Berkeley, California, 94702",100
BERKELEY,Alameda,2018,,053 166300300,1206 Oregon St,,B2016-04519,ADU,Renter,0,0,0,0,0,0,0,0,0,0,0,,0,0,0,0,0,0,0,0,0,0,0,0,,0,0,0,0,0,0,0,0,0,0,0,1,2018-02-16,1,0,N,0,0,,,0,,0,0,0,0,0,,,,37.855074,-122.286187,"1206 Oregon St, Berkeley, California, 94702",100
BERKELEY,Alameda,2018,,053 162601800,1211 Haskell St,,B2017-02125,ADU,Renter,0,0,0,0,0,0,0,0,0,0,0,,0,0,0,0,0,0,0,0,0,0,0,0,,0,0,0,0,0,0,0,0,0,0,0,1,2018-03-14,1,0,N,0,0,,,0,,0,0,0,0,0,,,,37.850777,-122.285001,"1211 Haskell St, Berkeley, California, 94702",100
BERKELEY,Alameda,2018,,054 178301100,1319 Blake St,,B2017-01805,ADU,Renter,0,0,0,0,0,0,0,0,0,0,0,,0,0,0,0,0,0,0,0,0,0,0,1,2018-01-19,1,0,0,0,0,0,0,0,0,0,0,0,,0,0,N,0,0,,,0,,0,0,0,0,0,,,,37.860906,-122.284447,"1319 Blake St, Berkeley, California, 94702",100
BERKELEY,Alameda,2018,,060 241703701,1340 Peralta,,B2018-01207,ADU,Renter,0,0,0,0,0,0,0,0,0,0,0,,0,0,0,0,0,0,0,0,0,0,0,1,2018-08-06,1,0,0,0,0,0,0,0,0,0,0,0,,0,0,N,0,0,,,0,,0,0,0,0,0,,,,37.879347,-122.288383,"1340 Peralta Ave, Berkeley, California, 94702",98.909999999999997
BERKELEY,Alameda,2018,,059 228000700,1406 Mcgee Ave,,B2018-01751,ADU,Renter,0,0,0,0,0,0,0,0,0,0,0,,0,0,0,0,0,0,0,0,0,0,0,1,2018-08-27,1,0,0,0,0,0,0,0,0,0,0,0,,0,0,N,0,0,,,0,,0,0,0,0,0,,,,37.879757,-122.279790,"1406 McGee Ave, Berkeley, California, 94703",100
BERKELEY,Alameda,2018,,059 227000504,1412 M L King Jr Way,,B2018-00964,ADU,Renter,0,0,0,0,0,0,0,0,0,0,0,,0,0,0,0,0,0,0,0,0,0,0,1,2018-08-09,1,0,0,0,0,0,0,0,0,0,0,0,,0,0,N,0,0,,,0,,0,0,0,0,0,,,,37.880955,-122.274049,"1412 Martin Luther King Jr Way, Berkeley, California, 94709",100
BERKELEY,Alameda,2018,,058 212402300,1641 Eighth St,,B2016-04204,ADU,Renter,0,0,0,0,0,0,0,0,0,0,0,,0,0,0,0,0,0,0,0,0,0,0,0,,0,0,0,0,0,0,0,0,0,0,0,1,2018-02-02,1,0,N,0,0,,,0,,0,0,0,0,0,,,,37.873157,-122.297015,"1641 8th St, Berkeley, California, 94710",100
BERKELEY,Alameda,2018,,052 152602400,1838 Sixty-Third St,,B2017-02864,ADU,Renter,0,0,0,0,0,0,0,0,0,0,0,,0,0,0,0,0,0,0,0,0,0,0,1,2018-07-17,1,0,0,0,0,0,0,0,0,0,0,0,,0,0,N,0,0,,,0,,0,0,0,0,0,,,,37.848040,-122.269589,"1838 63rd St, Berkeley, California, 94703",100
BERKELEY,Alameda,2018,,064 423101200,24 Vicente Rd,,ZP2017-0082,ADU,Renter,0,0,0,0,0,0,0,0,0,0,1,2018-01-09,1,0,0,0,0,0,0,0,0,0,0,0,,0,0,0,0,0,0,0,0,0,0,0,0,,0,0,N,0,0,,,0,,0,0,0,0,0,,,,37.854098,-122.234950,"24 Vicente Rd, Berkeley, California, 94705",100
BERKELEY,Alameda,2018,,056 192902200,2435 Byron St,,B2017-04158,ADU,Renter,0,0,0,0,0,0,0,0,0,0,0,,0,0,0,0,0,0,0,0,0,0,0,0,,0,0,0,0,0,0,0,0,0,0,0,1,2018-07-20,1,0,N,0,0,,,0,,0,0,0,0,0,,,,37.861738,-122.288836,"2435 Byron St, Berkeley, California, 94702",100
BERKELEY,Alameda,2018,,054 180700200,2504 Grant St,,B2017-03447,ADU,Renter,0,0,0,0,0,0,0,0,0,0,0,,0,0,0,0,0,0,0,0,0,0,0,0,,0,0,0,0,0,0,0,0,0,0,0,1,2018-01-29,1,0,N,0,0,,,0,,0,0,0,0,0,,,,37.862870,-122.274358,"2504 Grant St, Berkeley, California, 94703",100
BERKELEY,Alameda,2018,,052 156603000,2810 Ashby Ave,,B2017-02581,ADU,Renter,0,0,0,0,0,0,0,0,0,0,0,,0,0,0,0,0,0,0,0,0,0,0,0,,0,0,0,0,0,0,0,0,0,0,0,1,2018-07-26,1,0,N,0,0,,,0,,0,0,0,0,0,,,,37.857738,-122.250074,"2810 Ashby Ave, Berkeley, California, 94705",100
BERKELEY,Alameda,2018,,062 292300500,450 Arlington Ave,,B2017-03153,ADU,Renter,0,0,0,0,0,0,0,0,0,0,0,,0,0,0,0,0,0,0,0,0,0,0,1,2018-10-22,1,0,0,0,0,0,0,0,0,0,0,0,,0,0,N,0,0,,,0,,0,0,0,0,0,,,,37.902480,-122.277029,"450 Arlington Ave, Berkeley, California, 94707",100
BERKELEY,Alameda,2018,,062 294401100,462 Kentucky Ave.,,ZP2018-0054,ADU,Renter,0,0,0,0,0,0,0,0,0,0,1,2018-06-13,1,0,0,0,0,0,0,0,0,0,0,0,,0,0,0,0,0,0,0,0,0,0,0,0,,0,0,N,0,0,,,0,,0,0,0,0,0,,,,37.902212,-122.272246,"462 Kentucky Ave, Berkeley, California, 94707",100
BERKELEY,Alameda,2018,,062 286900600,724 Peralta Ave,,B2018-01975,ADU,Renter,0,0,0,0,0,0,0,0,0,0,0,,0,0,0,0,0,0,0,0,0,0,0,1,2018-12-11,1,0,0,0,0,0,0,0,0,0,0,0,,0,0,N,0,0,,,0,,0,0,0,0,0,,,,37.894162,-122.285616,"724 Peralta Ave, Berkeley, California, 94707",100
BERKELEY,Alameda,2018,,060 248201000,0 Queens Rd,,B2017-03352,SFD,Owner,0,0,0,0,0,0,0,0,0,0,0,,0,0,0,0,0,0,0,0,0,0,0,1,2018-04-23,1,0,0,0,0,0,0,0,0,0,0,0,,0,0,N,0,0,,,0,,0,0,0,0,0,,,,37.885355,-122.253021,"Queens Rd, Berkeley, California, 94708",98.969999999999999
BERKELEY,Alameda,2018,,052 151602400,1310 Haskell St,,B2018-01346,SFD,Owner,0,0,0,0,0,0,0,0,0,0,0,,0,0,0,0,0,0,0,0,0,0,0,1,2018-08-22,1,0,0,0,0,0,0,0,0,0,0,0,,0,0,N,0,0,,,0,,0,0,0,0,0,,,bldg permit 1 of 3 SFHs on a lot,37.851183,-122.282724,"1310 Haskell St, Berkeley, California, 94702",100
BERKELEY,Alameda,2018,,059 232500700,1446 Fifth St,,B2018-03576,SFD,Owner,0,0,0,0,0,0,0,0,0,0,0,,0,0,0,0,0,0,0,0,0,0,0,1,2018-10-30,1,0,0,0,0,0,0,0,0,0,0,0,,0,0,N,0,0,,,0,,0,0,0,0,0,,,,37.875665,-122.301429,"1446 5th St, Berkeley, California, 94710",100
BERKELEY,Alameda,2018,,058 212403100,1609 Eighth Street,,ZP2018-0003,SFD,Owner,0,0,0,0,0,0,0,0,0,0,1,2018-05-08,1,0,0,0,0,0,0,0,0,0,0,0,,0,0,0,0,0,0,0,0,0,0,0,0,,0,0,N,0,0,,,0,,1,0,0,0,0,,,,37.874014,-122.297285,"1609 8th St, Berkeley, California, 94710",100
BERKELEY,Alameda,2018,,056 197500900,2212 Tenth St,,B2018-01573,SFD,Owner,0,0,0,0,0,0,0,0,0,0,0,,0,0,0,0,0,0,0,0,0,0,0,1,2018-09-20,1,0,0,0,0,0,0,0,0,0,0,0,,0,0,N,0,0,,,0,,0,0,0,0,0,,,bldg permit 1 of 2 SFHs on a lot,37.865659,-122.292293,"2212 10th St, Berkeley, California, 94710",100
BERKELEY,Alameda,2018,,055 186300901,2350 Prospect Street,,ZP2017-0123,SFD,Owner,0,0,0,0,0,0,0,0,0,0,1,2018-04-26,1,0,0,0,0,0,0,0,0,0,0,0,,0,0,0,0,0,0,0,0,0,0,0,0,,0,0,N,0,0,,,0,,0,0,0,0,0,,,,37.868328,-122.250048,"2350 Prospect St, Berkeley, California, 94704",100
BERKELEY,Alameda,2018,,062 291403700,715 Santa Barbara Rd,,B2017-05170,SFD,Owner,0,0,0,0,0,0,0,0,0,0,0,,0,0,0,0,0,0,0,0,0,0,0,1,2018-07-09,1,0,0,0,0,0,0,0,0,0,0,0,,0,0,N,0,0,,,0,,0,0,0,0,0,,,,37.897441,-122.271135,"715 Santa Barbara Rd, Berkeley, California, 94707",100
BERKELEY,Alameda,2018,,059 232600102,812 Page St,,B2016-02794,SFD,Owner,0,0,0,0,0,0,0,0,0,0,0,,0,0,0,0,0,0,0,0,0,0,0,0,,0,0,0,0,0,0,0,0,0,0,0,1,2018-02-06,1,0,N,0,0,,,0,,0,0,0,0,0,,,,37.876264,-122.301062,"812 Page St, Berkeley, California, 94710",100
BERKELEY,Alameda,2018,,058 218300100,1601 Oxford Street,,ZP2018-0035,5+,Renter,0,0,0,0,0,0,35,0,0,0,2,2018-11-08,37,0,0,0,0,0,0,0,0,0,0,0,,0,0,0,0,0,0,0,0,0,0,0,0,,0,0,Y,0,0,,DB;INC;Other,0,55,0,0,0,0,0,,,SB-35,37.878577,-122.266818,"1601 Oxford St, Berkeley, California, 94709",100
BERKELEY,Alameda,2018,,058 212701403,1740 San Pablo Ave,,ZP2017-0014,5+,Renter,0,0,0,0,0,0,0,0,0,0,48,2018-03-08,48,0,0,0,0,0,0,0,0,0,0,0,,0,0,0,0,0,0,0,0,0,0,0,0,,0,0,N,0,0,,INC,Afffordable Housing Mitigation Fee paid into the Housing Trust Fund in lieu of on-site units,,0,0,0,0,0,,,,37.872091,-122.293214,"1740 San Pablo Ave, Berkeley, California, 94702",100
BERKELEY,Alameda,2018,,057 205300500,2067 University,,B2017-02610,5+,Renter,0,0,0,0,0,0,0,0,0,0,0,,0,0,0,0,0,0,0,0,0,0,0,50,2018-10-10,50,0,0,0,0,0,0,0,0,0,0,0,,0,0,N,0,0,,,0,,0,0,0,0,0,,,,37.872122,-122.269107,"2067 University Ave, Berkeley, California, 94704",98.909999999999997
BERKELEY,Alameda,2018,,055 187500800,2510 Channing Way,,ZP2018-0061,5+,Renter,0,0,0,0,3,0,0,0,0,0,37,2018-08-23,40,0,0,0,0,0,0,0,0,0,0,0,,0,0,0,0,0,0,0,0,0,0,0,0,,0,0,N,0,0,,INC,Afffordable Housing Mitigation Fee paid into the Housing Trust Fund in lieu of on-site units,,0,0,0,0,0,,,student housing -- 144 beds,37.866953,-122.258330,"2510 Channing Way, Berkeley, California, 94704",100
BERKELEY,Alameda,2018,,064 424501700,105 Parkside Dr,,B2018-02206,ADU,Renter,0,0,0,0,0,0,0,0,0,0,0,,0,0,0,0,0,0,0,0,0,0,0,1,2018-09-26,1,0,0,0,0,0,0,0,0,0,0,0,,0,0,N,0,0,,,0,,0,0,0,0,0,,,,37.854270,-122.243561,"105 Parkside Dr, Berkeley, California, 94705",100
BERKELEY,Alameda,2018,,054 178600900,1113 Derby St,,B2017-03179,ADU,Renter,0,0,0,0,0,0,0,0,0,0,0,,0,0,0,0,0,0,0,0,0,0,0,1,2018-04-23,1,0,0,0,0,0,0,0,0,0,0,0,,0,0,N,0,0,,,0,,0,0,0,0,0,,,,37.857755,-122.287773,"1113 Derby St, Berkeley, California, 94702",100
BERKELEY,Alameda,2018,,054 178100700,1127 Blake St,,B2018-01749,ADU,Renter,0,0,0,0,0,0,0,0,0,0,1,2018-01-11,1,0,0,0,0,0,0,0,0,0,0,1,2018-10-23,1,0,0,0,0,0,0,0,0,0,0,0,,0,0,N,0,0,,,0,,0,0,0,0,0,,,,37.860474,-122.287773,"1127 Blake St, Berkeley, California, 94702",100
BERKELEY,Alameda,2018,,054 178900900,1215 Parker St,,B2018-03397,ADU,Renter,0,0,0,0,0,0,0,0,0,0,0,,0,0,0,0,0,0,0,0,0,0,0,1,2018-08-28,1,0,0,0,0,0,0,0,0,0,0,0,,0,0,N,0,0,,,0,,0,0,0,0,0,,,,37.859766,-122.286265,"1215 Parker St, Berkeley, California, 94702",100
BERKELEY,Alameda,2018,,056 193102300,1229 Dwight Way,,B2017-04413,ADU,Renter,0,0,0,0,0,0,0,0,0,0,0,,0,0,0,0,0,0,0,0,0,0,0,1,2018-10-05,1,0,0,0,0,0,0,0,0,0,0,0,,0,0,N,0,0,,,0,,0,0,0,0,0,,,,37.861510,-122.286577,"1229 Dwight Way, Berkeley, California, 94702",100
BERKELEY,Alameda,2018,,056 198900300,1234 Addison St,,B2018-00429,ADU,Renter,0,0,0,0,0,0,0,0,0,0,0,,0,0,0,0,0,0,0,0,0,0,0,1,2018-05-17,1,0,0,0,0,0,0,0,0,0,0,0,,0,0,N,0,0,,,0,,0,0,0,0,0,,,,37.868657,-122.287827,"1234 Addison St, Berkeley, California, 94702",100
BERKELEY,Alameda,2018,,053 162803700,1234 Burnett St,,B2018-02318,ADU,Renter,0,0,0,0,0,0,0,0,0,0,0,,0,0,0,0,0,0,0,0,0,0,0,1,2018-11-13,1,0,0,0,0,0,0,0,0,0,0,0,,0,0,N,0,0,,,0,,0,0,0,0,0,,,,37.853328,-122.285191,"1234 Burnett St, Berkeley, California, 94702",100
BERKELEY,Alameda,2018,,054 179203100,1330 Carleton St,,B2017-05024,ADU,Renter,0,0,0,0,0,0,0,0,0,0,0,,0,0,0,0,0,0,0,0,0,0,0,1,2018-07-18,1,0,0,0,0,0,0,0,0,0,0,0,,0,0,N,0,0,,,0,,0,0,0,0,0,,,,37.859161,-122.283541,"1330 Carleton St, Berkeley, California, 94702",100
BERKELEY,Alameda,2018,,054 180001100,1527 Parker St,,B2016-03120,ADU,Renter,0,0,0,0,0,0,0,0,0,0,0,,0,0,0,0,0,0,0,0,0,0,0,0,,0,0,0,0,0,0,0,0,0,0,0,1,2018-11-05,1,0,N,0,0,,,0,,0,0,0,0,0,,,,37.860654,-122.279428,"1527 Parker St, Berkeley, California, 94703",100
BERKELEY,Alameda,2018,,061 262002100,1547 Posen Ave,,B2017-03938,ADU,Renter,0,0,0,0,0,0,0,0,0,0,0,,0,0,0,0,0,0,0,0,0,0,0,1,2018-04-16,1,0,0,0,0,0,0,0,0,0,0,0,,0,0,N,0,0,,,0,,0,0,0,0,0,,,,37.885082,-122.282113,"1547 Posen Ave, Albany, California, 94706",100
BERKELEY,Alameda,2018,,060 243600100,1624 Posen Ave.,,ZP2017-0129,ADU,Renter,0,0,0,0,0,0,0,0,0,0,1,2018-05-23,1,0,0,0,0,0,0,0,0,0,0,0,,0,0,0,0,0,0,0,0,0,0,0,0,,0,0,N,0,0,,,0,,0,0,0,0,0,,,,37.884590,-122.279937,"1624 Posen Ave, Berkeley, California, 94707",100
BERKELEY,Alameda,2018,,057 207802400,1805 Franklin St,,B2018-00693,ADU,Renter,0,0,0,0,0,0,0,0,0,0,0,,0,0,0,0,0,0,0,0,0,0,0,1,2018-05-22,1,0,0,0,0,0,0,0,0,0,0,1,2018-07-16,1,0,N,0,0,,,0,,0,0,0,0,0,,,,37.872191,-122.285662,"1805 Franklin St, Berkeley, California, 94702",100
BERKELEY,Alameda,2018,,062 291102200,1891 San Juan Ave,,B2017-02390,ADU,Renter,0,0,0,0,0,0,0,0,0,0,0,,0,0,0,0,0,0,0,0,0,0,0,0,,0,0,0,0,0,0,0,0,0,0,0,1,2018-11-13,1,0,N,0,0,,,0,,0,0,0,0,0,,,,37.897813,-122.278267,"1891 San Juan Ave, Berkeley, California, 94707",100
BERKELEY,Alameda,2018,,056 191503200,2313 Edwards St,,B2017-03973,ADU,Renter,0,0,0,0,0,0,0,0,0,0,0,,0,0,0,0,0,0,0,0,0,0,0,1,2018-04-30,1,0,0,0,0,0,0,0,0,0,0,0,,0,0,N,0,0,,,0,,0,0,0,0,0,,,,37.865155,-122.282522,"2313 Edwards St, Berkeley, California, 94702",100
BERKELEY,Alameda,2018,,054 171002500,2707 Hillegass Ave,,B2018-00483,ADU,Renter,0,0,0,0,0,0,0,0,0,0,0,,0,0,0,0,0,0,0,0,0,0,0,1,2018-07-26,1,0,0,0,0,0,0,0,0,0,0,0,,0,0,N,0,0,,,0,,0,0,0,0,0,,,,37.861228,-122.255917,"2707 Hillegass Ave, Berkeley, California, 94705",100
BERKELEY,Alameda,2018,,052 156001300,3030 Hillegass Ave,,B2017-00955,ADU,Renter,0,0,0,0,0,0,0,0,0,0,0,,0,0,0,0,0,0,0,0,0,0,0,0,,0,0,0,0,0,0,0,0,0,0,0,1,2018-05-30,1,0,N,0,0,,,0,,0,0,0,0,0,,,,37.854575,-122.254946,"3030 Hillegass Ave, Berkeley, California, 94705",100
BERKELEY,Alameda,2018,,052 158402400,3087 Wheeler St,,B2017-02842,ADU,Renter,0,0,0,0,0,0,0,0,0,0,0,,0,0,0,0,0,0,0,0,0,0,0,1,2018-01-30,1,0,0,0,0,0,0,0,0,0,0,0,,0,0,N,0,0,,,0,,0,0,0,0,0,,,Building permit 2 for 2 SFHs on one lot,37.853672,-122.264170,"3087 Wheeler St, Berkeley, California, 94705",100
BERKELEY,Alameda,2018,,052 144800500,3232 Idaho St,,B2016-04602,ADU,Renter,0,0,0,0,0,0,0,0,0,0,0,,0,0,0,0,0,0,0,0,0,0,0,0,,0,0,0,0,0,0,0,0,0,0,0,1,2018-02-22,1,0,N,0,0,,,0,,0,0,0,0,0,,,,37.848478,-122.281592,"3232 Idaho St, Berkeley, California, 94702",100
BERKELEY,Alameda,2018,,062 287401700,825 Peralta Ave,,B2017-01223,ADU,Renter,0,0,0,0,0,0,0,0,0,0,0,,0,0,0,0,0,0,0,0,0,0,0,0,,0,0,0,0,0,0,0,0,0,0,0,1,2018-04-26,1,0,N,0,0,,,0,,0,0,0,0,0,,,,37.892289,-122.285686,"825 Peralta Ave, Berkeley, California, 94707",100
BERKELEY,Alameda,2018,,063 297207000,901 Cragmont Ave,,B2017-02860,ADU,Renter,0,0,0,0,0,0,0,0,0,0,0,,0,0,0,0,0,0,0,0,0,0,0,1,2018-01-29,1,0,0,0,0,0,0,0,0,0,0,0,,0,0,N,0,0,,,0,,0,0,0,0,0,,,,37.894097,-122.266170,"901 Cragmont Ave, Berkeley, California, 94708",100
BERKELEY,Alameda,2018,,057 209401600,905 Hearst Ave,,B2016-03511,ADU,Renter,0,0,0,0,0,0,0,0,0,0,0,,0,0,0,0,0,0,0,0,0,0,0,0,,0,0,0,0,0,0,0,0,0,0,0,1,2018-03-21,1,0,N,0,0,,,0,,0,0,0,0,0,,,,37.869604,-122.296786,"905 Hearst Ave, Berkeley, California, 94710",100
BERKELEY,Alameda,2018,,057 201800400,2200 MLK Jr Way,,ZP2017-0172,SFD,Owner,0,0,0,0,0,0,0,0,0,0,1,2018-05-24,1,0,0,0,0,0,0,0,0,0,0,0,,0,0,0,0,0,0,0,0,0,0,0,0,,0,0,N,0,0,,,0,,0,0,0,0,0,,,,37.868637,-122.272714,"2200 Martin Luther King Jr Way, Berkeley, California, 94704",100
BERKELEY,Alameda,2018,,060 246400900,2257 Glen Ave,,B2018-01529,SFD,Owner,0,0,0,0,0,0,0,0,0,0,0,,0,0,0,0,0,0,0,0,0,0,0,1,2018-09-24,1,0,0,0,0,0,0,0,0,0,0,0,,0,0,N,0,0,,,0,,0,0,0,0,0,,,,37.884558,-122.264934,"2257 Glen Ave, Berkeley, California, 94709",100
BERKELEY,Alameda,2018,,055 191001500,2434 Mcgee Ave,,B2017-02417,SFD,Owner,0,0,0,0,0,0,0,0,0,0,0,,0,0,0,0,0,0,0,0,0,0,0,0,,0,0,0,0,0,0,0,0,0,0,0,1,2018-02-28,1,0,N,0,0,,,0,,0,0,0,0,0,,,,37.863350,-122.276752,"2434 McGee Ave, Berkeley, California, 94703",100
BERKELEY,Alameda,2023,,054 178102900,1200 Dwight Way,,ZP2022-0028,2 to 4,Renter,0,0,0,0,0,0,0,0,0,0,2,2023-01-30,2,0,0,0,0,0,0,0,0,0,0,0,,0,0,0,0,0,0,0,0,0,0,0,0,,0,0,NONE,0,Y,,,0,,0,0,0,0,0,,,,37.861312,-122.287684,"1200 Dwight Way, Berkeley, California, 94702",100
BERKELEY,Alameda,2023,,056 199501001,1341 Addison St,,B2023-01652,2 to 4,Renter,0,0,0,0,0,0,0,0,0,0,1,2023-03-09,1,0,0,0,0,0,0,0,0,0,0,1,2023-07-09,1,0,0,0,0,0,0,0,0,0,0,0,,0,0,NONE,0,Y,,,0,,0,0,0,0,0,,,,37.869071,-122.285076,"1341 Addison St, Berkeley, California, 94702",100
BERKELEY,Alameda,2023,,058 217800300,1600 Walnut St,,B2020-02078,2 to 4,Renter,0,0,0,0,0,0,0,0,0,0,1,2020-02-04,1,0,0,0,0,0,0,0,0,0,0,0,,0,0,0,0,0,0,0,0,0,0,0,1,2023-11-16,1,0,NONE,0,Y,,,0,,0,0,0,0,0,,,,37.878434,-122.267991,"1600 Walnut St, Berkeley, California, 94709",100
BERKELEY,Alameda,2023,,052 157408100,3031 Telegraph Ave,,ZP2022-0126,5+,Renter,0,0,0,0,2,0,0,0,0,0,15,2023-05-24,17,0,0,0,0,0,0,0,0,0,0,0,,0,0,0,0,0,0,0,0,0,0,0,0,,0,0,NONE,0,Y,Other,DB,0,,0,0,0,22,5,Development Standards Modification,N,Use Permit Modification - Adds 17 units,37.855098,-122.259834,"3031 Telegraph Ave, Berkeley, California, 94705",100
BERKELEY,Alameda,2023,,055 186901600,2718 Durant Ave,,B2021-01148,ADU,Renter,0,0,0,0,0,0,0,0,0,0,0,,0,0,0,0,0,0,0,0,0,0,0,0,,0,0,0,0,0,0,1,0,0,0,0,0,2023-05-24,1,0,NONE,0,Y,Other,,ABAG ADU Affordability Methodlogy,,0,0,0,0,0,,,ABAG ADU Affordability Methodlogy,37.868390,-122.253554,"2718 Durant Ave, Berkeley, California, 94704",100
BERKELEY,Alameda,2023,,060 240701400,1240 Cornell Ave,,B2021-04272,ADU,Renter,0,0,0,0,0,0,0,0,0,0,0,,0,0,0,0,0,0,0,0,0,0,0,0,,0,0,0,0,0,0,1,0,0,0,0,0,2023-06-20,1,0,NONE,0,Y,Other,,ABAG ADU Affordability Methodlogy,,0,0,0,0,0,,,ABAG ADU Affordability Methodlogy,37.881745,-122.293472,"1240 Cornell Ave, Albany, California, 94706",100
BERKELEY,Alameda,2023,,060 248703100,131 Avenida Dr,,B2022-03366,ADU,Renter,0,0,0,0,0,0,0,0,0,0,0,,0,0,0,0,0,0,0,0,0,0,0,0,,0,0,0,0,0,0,1,0,0,0,0,0,2023-08-15,1,0,NONE,0,Y,Other,,ABAG ADU Affordability Methodlogy,,0,0,0,0,0,,,ABAG ADU Affordability Methodlogy,37.883980,-122.249430,"131 Avenida Dr, Berkeley, California, 94708",100
BERKELEY,Alameda,2023,,060 246201500,1321 Spruce St,,B2023-02600,ADU,Renter,0,0,0,0,0,1,0,0,0,0,0,2023-11-29,1,0,0,0,0,0,1,0,0,0,0,0,2023-11-29,1,0,0,0,0,0,0,0,0,0,0,0,,0,0,NONE,0,Y,Other,,ABAG ADU Affordability Methodlogy,,0,0,0,0,0,,,ABAG ADU Affordability Methodlogy,37.883132,-122.266192,"1321 Spruce St, Berkeley, California, 94709",100
BERKELEY,Alameda,2023,,060 245101400,1332 Milvia St,,B2022-03410,ADU,Renter,0,0,0,0,0,1,0,0,0,0,0,2023-06-22,1,0,0,0,0,0,1,0,0,0,0,0,2023-06-22,1,0,0,0,0,0,0,0,0,0,0,0,,0,0,NONE,0,Y,Other,,ABAG ADU Affordability Methodlogy,,0,0,0,0,0,,,ABAG ADU Affordability Methodlogy,37.882305,-122.271915,"1332 Milvia St, Berkeley, California, 94709",100
BERKELEY,Alameda,2023,,053 162301201,1331 Ashby Ave,,B2018-05101,2 to 4,Renter,0,0,0,0,0,0,0,0,0,0,2,2018-10-18,2,0,0,0,0,0,0,0,0,0,0,2,2023-04-04,2,0,0,0,0,0,0,0,0,0,0,0,,0,0,NONE,0,Y,,,0,,0,0,0,0,0,,,,37.853064,-122.282265,"1331 Ashby Ave, Berkeley, California, 94702",100
BERKELEY,Alameda,2023,,055 182201304,2015 Blake St,,ZP2022-0178,5+,Renter,0,0,0,0,23,0,2,0,0,0,194,2023-09-25,219,0,0,0,0,0,0,0,0,0,0,0,,0,0,0,0,0,0,0,0,0,0,0,0,,0,0,NONE,0,Y,Other,DB,0,,0,0,0,50,6,Development Standards Modification,N,"Concession to preserve existing non-conforming; waiver to exceed height, reduce setback, exceed lot coverage, reduce UOS, allow enclosed structure in front setback",37.862831,-122.269202,"2015 Blake St, Berkeley, California, 94704",100
BERKELEY,Alameda,2023,,055 183500901,2650 Telegraph Ave,,B2021-02225,5+,Renter,0,0,0,0,0,0,0,0,0,0,0,,0,0,0,0,0,4,0,0,0,0,0,41,2023-08-02,45,0,0,0,0,0,0,0,0,0,0,0,,0,0,NONE,0,Y,,DB,0,1000,0,0,0,35,3,Development Standards Modification,Y,"Waiver to reduce parking requirement; Waivers: exceed height, exceed maximum FAR",37.861475,-122.259068,"2650 Telegraph Ave, Berkeley, California, 94704",100
BERKELEY,Alameda,2023,,055 184702000,2555 College Ave,,ZP2022-0019,5+,Renter,0,0,0,0,1,0,0,0,0,0,10,2023-05-24,11,0,0,0,0,0,0,0,0,0,0,0,,0,0,0,0,0,0,0,0,0,0,0,0,,0,0,NONE,0,Y,Other,DB,0,,0,0,0,46,8,Development Standards Modification,N,"Concessions: reduce residential useable open space, increase height limit; Waivers: exceed height limit, exceed three-story limit, reduce rear setback, reduce front setback, reduce street side setback, exceed lot coverage",37.864058,-122.253716,"2555 College Ave, Berkeley, California, 94704",100
BERKELEY,Alameda,2023,,059 233000600,1044 Page St,,B2021-04809,ADU,Renter,0,0,0,0,0,0,0,0,0,0,0,,0,0,0,0,0,0,0,0,0,0,0,0,,0,0,0,0,0,0,1,0,0,0,0,0,2023-01-20,1,0,NONE,0,Y,Other,,ABAG ADU Affordability Methodlogy,,0,0,0,0,0,,,ABAG ADU Affordability Methodlogy,37.877271,-122.296176,"1044 Page St, Berkeley, California, 94710",100
BERKELEY,Alameda,2023,,060 242303100,1362 Hopkins St,,B2021-01537,ADU,Renter,0,0,0,0,0,0,0,0,0,0,0,,0,0,0,0,0,0,0,0,0,0,0,0,,0,0,0,0,0,0,1,0,0,0,0,0,2023-08-14,1,0,NONE,0,Y,Other,,ABAG ADU Affordability Methodlogy,,0,0,0,0,0,,,ABAG ADU Affordability Methodlogy,37.879379,-122.286189,"1362 Hopkins St, Berkeley, California, 94702",100
BERKELEY,Alameda,2023,,056 199802600,1429 Bancroft Way,,B2023-00510,ADU,Renter,0,0,0,0,0,0,0,1,0,0,0,2023-07-26,1,0,0,0,0,0,0,0,1,0,0,0,2023-07-26,1,0,0,0,0,0,0,0,0,0,0,0,,0,0,NONE,0,Y,Other,,ABAG ADU Affordability Methodlogy,,0,0,0,0,0,,,ABAG ADU Affordability Methodlogy,37.865733,-122.282409,"1429 Bancroft Way, Berkeley, California, 94702",100
BERKELEY,Alameda,2023,,053 161002000,1510 Russell St,,B2022-01691,ADU,Renter,0,0,0,0,0,0,0,1,0,0,0,2023-01-12,1,0,0,0,0,0,0,0,1,0,0,0,2023-01-12,1,0,0,0,0,0,0,0,1,0,0,0,2023-10-11,1,0,NONE,0,Y,,,ABAG ADU Affordability Methodlogy,,0,0,0,0,0,,,,37.854974,-122.278778,"1510 Russell St, Berkeley, California, 94703",100
BERKELEY,Alameda,2023,,058 212801600,1655 Tenth St,,B2022-05902,ADU,Renter,0,0,0,0,0,0,0,1,0,0,0,2023-08-16,1,0,0,0,0,0,0,0,1,0,0,0,2023-08-16,1,0,0,0,0,0,0,0,0,0,0,0,,0,0,NONE,0,Y,,,ABAG ADU Affordability Methodlogy,,0,0,0,0,0,,,,37.873337,-122.294724,"1655 10th St, Berkeley, California, 94710",100
BERKELEY,Alameda,2023,,058 216001300,1709 Francisco St,,B2023-03055,ADU,Renter,0,0,0,0,0,0,0,1,0,0,0,2023-10-23,1,0,0,0,0,0,0,0,1,0,0,0,2023-10-23,1,0,0,0,0,0,0,0,0,0,0,0,,0,0,NONE,0,Y,,,ABAG ADU Affordability Methodlogy,,0,0,0,0,0,,,,37.874645,-122.277451,"1709 Francisco St, Berkeley, California, 94703",100
BERKELEY,Alameda,2023,,057 208600900,1824 Curtis St,,B2021-03122,ADU,Renter,0,0,0,0,0,0,0,1,0,0,0,2023-05-04,1,0,0,0,0,0,0,0,1,0,0,0,2023-05-04,1,0,0,0,0,0,0,0,0,0,0,0,,0,0,NONE,0,Y,,,ABAG ADU Affordability Methodlogy,,0,0,0,0,0,,,,37.871178,-122.289740,"1824 Curtis St, Berkeley, California, 94702",100
BERKELEY,Alameda,2023,,061 257002100,1917 Napa Ave,,B2022-00343,ADU,Renter,0,0,0,0,0,0,0,1,0,0,0,2022-04-28,1,0,0,0,0,0,0,0,1,0,0,0,2022-04-28,1,0,0,0,0,0,0,0,1,0,0,0,2023-04-26,1,0,NONE,0,Y,,,ABAG ADU Affordability Methodlogy,,0,0,0,0,0,,,,37.886640,-122.275036,"1917 Napa Ave, Berkeley, California, 94707",100
BERKELEY,Alameda,2023,,052 151502600,1216 Haskell St,,B2022-03577,ADU,Renter,0,0,0,0,0,1,0,0,0,0,0,2023-05-23,1,0,0,0,0,0,1,0,0,0,0,0,2023-05-23,1,0,0,0,0,0,0,0,0,0,0,0,,0,0,NONE,0,Y,Other,,ABAG ADU Affordability Methodlogy,,0,0,0,0,0,,,ABAG ADU Affordability Methodlogy,37.850673,-122.285238,"1216 Haskell St, Berkeley, California, 94702",100
BERKELEY,Alameda,2023,,060 243302400,1325 California St,,B2021-05114,ADU,Renter,0,0,0,0,0,1,0,0,0,0,0,2023-01-26,1,0,0,0,0,0,1,0,0,0,0,0,2023-01-26,1,0,0,0,0,0,1,0,0,0,0,0,2023-06-12,1,0,NONE,0,Y,Other,,ABAG ADU Affordability Methodlogy,,0,0,0,0,0,,,ABAG ADU Affordability Methodlogy,37.880466,-122.281359,"1325 California St, Berkeley, California, 94703",100
BERKELEY,Alameda,2023,,060 239300100,1437 Stannage Ave,,B2021-01034,ADU,Renter,0,0,0,0,0,0,0,0,0,0,0,,0,0,0,0,0,0,0,0,0,0,0,0,,0,0,0,0,0,0,1,0,0,0,0,0,2023-04-03,1,0,NONE,0,Y,Other,,ABAG ADU Affordability Methodlogy,,0,0,0,0,0,,,ABAG ADU Affordability Methodlogy,37.877761,-122.293030,"1437 Stannage Ave, Berkeley, California, 94702",100
BERKELEY,Alameda,2023,,064 424702100,15 Hillcrest Rd,,B2023-00606,ADU,Renter,0,0,0,0,0,0,0,1,0,0,0,2023-07-25,1,0,0,0,0,0,0,0,1,0,0,0,2023-07-25,1,0,0,0,0,0,0,0,0,0,0,0,,0,0,NONE,0,Y,Other,,ABAG ADU Affordability Methodlogy,,0,0,0,0,0,,,ABAG ADU Affordability Methodlogy,37.853055,-122.248623,"15 Hillcrest Rd, Berkeley, California, 94705",100
BERKELEY,Alameda,2023,,057 211701500,1609 Fifth St,,B2023-01998,ADU,Renter,0,0,0,0,0,0,0,1,0,0,0,2023-08-18,1,0,0,0,0,0,0,0,1,0,0,0,2023-08-18,1,0,0,0,0,0,0,0,0,0,0,0,,0,0,NONE,0,Y,,,ABAG ADU Affordability Methodlogy,,0,0,0,0,0,,,,37.873463,-122.300622,"1609 5th St, Berkeley, California, 94710",100
BERKELEY,Alameda,2023,,052 153502800,1634 Fairview St,,B2022-01505,ADU,Renter,0,0,0,0,0,0,0,1,0,0,0,2023-04-05,1,0,0,0,0,0,0,0,1,0,0,0,2023-04-05,1,0,0,0,0,0,0,0,0,0,0,0,,0,0,NONE,0,Y,,,ABAG ADU Affordability Methodlogy,,0,0,0,0,0,,,,37.850145,-122.274653,"1634 Fairview St, Berkeley, California, 94703",100
BERKELEY,Alameda,2023,,060 243802800,1707 Rose St,,B2022-02628,ADU,Renter,0,0,0,0,0,0,0,1,0,0,0,2023-08-25,1,0,0,0,0,0,0,0,1,0,0,0,2023-08-25,1,0,0,0,0,0,0,0,0,0,0,0,,0,0,NONE,0,Y,,,ABAG ADU Affordability Methodlogy,,0,0,0,0,0,,,,37.880243,-122.279469,"1707 Rose St, Berkeley, California, 94703",100
BERKELEY,Alameda,2023,,053 168603300,2164 Oregon St,,B2023-02897,ADU,Renter,0,0,0,0,0,0,0,0,0,1,0,2023-08-25,1,0,0,0,0,0,0,0,0,0,1,0,2023-08-25,1,0,0,0,0,0,0,0,0,0,0,0,,0,0,NONE,0,Y,Other,,ABAG ADU Affordability Methodlogy,,0,0,0,0,0,,,ABAG ADU Affordability Methodlogy,37.857878,-122.264657,"2164 Oregon St, Berkeley, California, 94705",100
BERKELEY,Alameda,2023,,055 186300901,2350 Prospect St,,B2021-04921,ADU,Renter,0,0,0,0,0,0,0,0,0,1,0,2023-01-04,1,0,0,0,0,0,0,0,0,0,1,0,2023-01-04,1,0,0,0,0,0,0,0,0,0,1,0,2023-09-26,1,0,NONE,0,Y,,,ABAG ADU Affordability Methodlogy,,0,0,0,0,0,,,,37.868328,-122.250048,"2350 Prospect St, Berkeley, California, 94704",100
BERKELEY,Alameda,2023,,056 191904100,2410 Sacramento St,,B2022-03559,ADU,Renter,0,0,0,0,0,0,0,0,0,1,0,2023-11-20,1,0,0,0,0,0,0,0,0,0,1,0,2023-11-20,1,0,0,0,0,0,0,0,0,0,0,0,,0,0,NONE,0,Y,,,ABAG ADU Affordability Methodlogy,,0,0,0,0,0,,,,37.863528,-122.281384,"2410 Sacramento St, Berkeley, California, 94702",100
BERKELEY,Alameda,2023,,052 157101900,2445 Ashby Ave,,B2020-04419,ADU,Renter,0,0,0,0,0,0,0,0,0,0,0,,0,0,0,0,0,0,0,0,0,0,0,0,,0,0,0,0,0,0,0,0,0,0,1,0,2023-06-27,1,0,NONE,0,Y,,,ABAG ADU Affordability Methodlogy,,0,0,0,0,0,,,,37.856480,-122.257615,"2445 Ashby Ave, Berkeley, California, 94705",100
BERKELEY,Alameda,2023,,056 194002600,2411 Sixth St,,B2022-05925,ADU,Renter,0,0,0,0,0,0,0,0,0,1,0,2023-04-13,1,0,0,0,0,0,0,0,0,0,1,0,2023-04-13,1,0,0,0,0,0,0,0,0,0,0,0,,0,0,NONE,0,Y,,,ABAG ADU Affordability Methodlogy,,0,0,0,0,0,,,,37.861266,-122.295481,"2411 6th St, Berkeley, California, 94710",100
BERKELEY,Alameda,2023,,055 185102200,2523 Piedmont Ave,,B2021-02219,ADU,Renter,0,0,0,0,0,0,0,0,0,0,0,,0,0,0,0,0,0,0,0,0,0,0,0,,0,0,0,0,0,0,0,0,0,0,1,0,2023-05-02,1,0,NONE,0,Y,,,ABAG ADU Affordability Methodlogy,,0,0,0,0,0,,,,37.864924,-122.251485,"2523 Piedmont Ave, Berkeley, California, 94704",100
BERKELEY,Alameda,2023,,055 184000900,2624 Regent St,,B2021-01738,ADU,Renter,0,0,0,0,0,0,0,0,0,0,0,,0,0,0,0,0,0,0,0,0,0,0,0,,0,0,0,0,0,0,0,0,0,0,1,0,2023-08-28,1,0,NONE,0,Y,,,ABAG ADU Affordability Methodlogy,,0,0,0,0,0,,,,37.862415,-122.257559,"2624 Regent St, Berkeley, California, 94704",100
BERKELEY,Alameda,2023,,055 184800500,2614 Etna St,,B2022-06012,ADU,Renter,0,0,0,0,0,0,0,0,0,1,0,2023-05-08,1,0,0,0,0,0,0,0,0,0,1,0,2023-05-08,1,0,0,0,0,0,0,0,0,0,0,0,,0,0,NONE,0,Y,,,ABAG ADU Affordability Methodlogy,,0,0,0,0,0,,,,37.863427,-122.252570,"2614 Etna St, Berkeley, California, 94704",100
BERKELEY,Alameda,2023,,053 167700900,2804 M L King Jr Way,,B2020-03494,ADU,Renter,0,0,0,0,0,0,0,0,0,0,0,,0,0,0,0,0,0,0,0,0,0,0,0,,0,0,0,0,0,0,0,0,0,0,1,0,2023-09-22,1,0,NONE,0,Y,,,ABAG ADU Affordability Methodlogy,,0,0,0,0,0,,,,37.857738,-122.271497,"2804 Martin Luther King Jr Way, Berkeley, California, 94703",100
BERKELEY,Alameda,2023,,053 169601200,2830 Cherry St,,B2022-04111,ADU,Renter,0,0,0,0,0,0,0,0,0,1,0,2023-01-17,1,0,0,0,0,0,0,0,0,0,1,0,2023-01-17,1,0,0,0,0,0,0,0,0,0,0,0,,0,0,NONE,0,Y,,,ABAG ADU Affordability Methodlogy,,0,0,0,0,0,,,,37.858919,-122.252226,"2830 Cherry St, Berkeley, California, 94705",100
BERKELEY,Alameda,2023,,053 160200300,3002 Harper St,,B2022-04521,ADU,Renter,0,0,0,0,0,0,0,0,0,1,0,2023-02-21,1,0,0,0,0,0,0,0,0,0,1,0,2023-02-21,1,0,0,0,0,0,0,0,0,0,0,0,,0,0,NONE,0,Y,Other,,ABAG ADU Affordability Methodlogy,,0,0,0,0,0,,,ABAG ADU Affordability Methodlogy,37.853914,-122.272166,"3002 Harper St, Berkeley, California, 94703",100
BERKELEY,Alameda,2023,,052 154400200,3134 California St,,B2022-04102,ADU,Renter,0,0,0,0,0,0,0,0,0,0,1,2023-11-07,1,0,0,0,0,0,0,0,0,0,0,1,2023-11-07,1,0,0,0,0,0,0,0,0,0,0,0,,0,0,NONE,0,Y,Other,,0,,0,0,0,0,0,,,ABAG ADU Affordability Methodlogy,37.850629,-122.276357,"3134 California St, Berkeley, California, 94703",100
BERKELEY,Alameda,2023,,061 260202700,842 The Alameda,,B2021-05401,ADU,Renter,0,0,0,0,0,0,0,0,0,0,0,,0,0,0,0,0,0,0,0,0,0,0,0,,0,0,0,0,0,0,0,0,0,0,0,1,2023-08-15,1,0,NONE,0,Y,,,0,,0,0,0,0,0,,,,37.892571,-122.277365,"842 The Alameda, Berkeley, California, 94707",100
BERKELEY,Alameda,2023,,062 288600200,816 Colusa Ave,,B2022-05928,ADU,Renter,0,0,0,0,0,0,0,0,0,0,1,2023-05-22,1,0,0,0,0,0,0,0,0,0,0,1,2023-05-22,1,0,0,0,0,0,0,0,0,0,0,0,,0,0,NONE,0,Y,,,0,,0,0,0,0,0,,,,37.893570,-122.280960,"816 Colusa Ave, Berkeley, California, 94707",100
BERKELEY,Alameda,2023,,057 208901601,1923 Ninth St,,B2019-05504,SFD,Owner,0,0,0,0,0,0,0,0,0,0,0,,0,0,0,0,0,0,0,0,0,0,0,0,,0,0,0,0,0,0,0,0,0,0,0,1,2023-06-29,1,0,NONE,0,Y,,,0,,0,0,0,0,0,,,,37.869207,-122.294563,"1923 9th St, Berkeley, California, 94710",100
BERKELEY,Alameda,2023,,059 232500301,768 Page St,,B2021-01330,SFD,Owner,0,0,0,0,0,0,0,0,0,0,0,,0,0,0,0,0,0,0,0,0,0,0,0,,0,0,0,0,0,0,0,0,0,0,0,1,2023-01-11,1,0,NONE,0,Y,,,0,,0,0,0,0,0,,,,37.876044,-122.302004,"768 Page St, Berkeley, California, 94710",100
BERKELEY,Alameda,2023,,057 208302900,1907 Curtis St,,B2021-05343,ADU,Renter,0,0,0,0,0,0,0,0,0,0,0,,0,0,0,0,0,0,0,0,0,0,0,0,,0,0,0,0,0,0,0,0,1,0,0,0,2023-12-05,1,0,NONE,0,Y,,,ABAG ADU Affordability Methodlogy,,0,0,0,0,0,,,,37.870506,-122.289607,"1907 Curtis St, Berkeley, California, 94702",100
BERKELEY,Alameda,2023,,055 181601200,1921 Parker St,,B2021-00733,ADU,Renter,0,0,0,0,0,0,0,0,0,0,0,,0,0,0,0,0,0,0,0,0,0,0,0,,0,0,0,0,0,0,0,0,1,0,0,0,2023-06-28,1,0,NONE,0,Y,,,ABAG ADU Affordability Methodlogy,,0,0,0,0,0,,,,37.861727,-122.270738,"1921 Parker St, Berkeley, California, 94704",100
BERKELEY,Alameda,2023,,053 168002400,1912 Stuart St,,B2023-00520,ADU,Renter,0,0,0,0,0,0,0,1,0,0,0,2023-07-27,1,0,0,0,0,0,0,0,1,0,0,0,2023-07-27,1,0,0,0,0,0,0,0,0,0,0,0,,0,0,NONE,0,Y,,,ABAG ADU Affordability Methodlogy,,0,0,0,0,0,,,,37.857978,-122.270842,"1912 Stuart St, Berkeley, California, 94703",100
BERKELEY,Alameda,2023,,052 157901400,2304 Russell St,,B2021-02411,ADU,Renter,0,0,0,0,0,0,0,0,0,0,0,,0,0,0,0,0,0,0,0,0,0,0,0,,0,0,0,0,0,0,0,0,1,0,0,0,2023-06-23,1,0,NONE,0,Y,,,ABAG ADU Affordability Methodlogy,,0,0,0,0,0,,,,37.857385,-122.261345,"2304 Russell St, Berkeley, California, 94705",100
BERKELEY,Alameda,2023,,055 183002200,2226 Dwight Way,,B2022-03844,ADU,Renter,0,0,0,0,0,0,0,0,0,2,0,2023-05-18,2,0,0,0,0,0,0,0,0,0,2,0,2023-05-18,2,0,0,0,0,0,0,0,0,0,0,0,,0,0,NONE,0,Y,Other,,ABAG ADU Affordability Methodlogy,,0,0,0,0,0,,,ABAG ADU Affordability Methodlogy,37.864386,-122.263921,"2226 Dwight Way, Berkeley, California, 94704",100
BERKELEY,Alameda,2023,,052 157101600,2455 Ashby Ave,,B2022-05864,ADU,Renter,0,0,0,0,0,0,0,0,0,1,0,2023-09-14,1,0,0,0,0,0,0,0,0,0,1,0,2023-09-14,1,0,0,0,0,0,0,0,0,0,0,0,,0,0,NONE,0,Y,Other,,ABAG ADU Affordability Methodlogy,,0,0,0,0,0,,,ABAG ADU Affordability Methodlogy,37.856529,-122.257215,"2455 Ashby Ave, Berkeley, California, 94705",100
BERKELEY,Alameda,2023,,055 185200600,2610 Warring St,,B2023-01199,ADU,Renter,0,0,0,0,0,0,0,0,0,1,0,2023-05-15,1,0,0,0,0,0,0,0,0,0,1,0,2023-05-15,1,0,0,0,0,0,0,0,0,0,0,0,,0,0,NONE,0,Y,,,ABAG ADU Affordability Methodlogy,,0,0,0,0,0,,,,37.863671,-122.250265,"2610 Warring St, Berkeley, California, 94704",100
BERKELEY,Alameda,2023,,055 187000800,2701 Durant Ave,,B2022-01079,ADU,Renter,0,0,0,0,0,0,0,0,0,1,0,2023-05-01,1,0,0,0,0,0,0,0,0,0,1,0,2023-05-01,1,0,0,0,0,0,0,0,0,0,0,0,,0,0,NONE,0,Y,,,ABAG ADU Affordability Methodlogy,,0,0,0,0,0,,,,37.868372,-122.254093,"2701 Durant Ave, Berkeley, California, 94704",100
BERKELEY,Alameda,2023,,059 232500500,1438 Fifth St,,B2021-05366,SFD,Owner,0,0,0,0,0,0,0,0,0,0,0,,0,0,0,0,0,0,0,0,0,0,0,0,,0,0,0,0,0,0,0,0,0,0,0,1,2023-06-23,1,0,NONE,0,Y,,,0,,0,0,0,0,0,,,,37.876020,-122.301598,"1438 5th St, Berkeley, California, 94710",100
BERKELEY,Alameda,2023,,063 296903435,0 Grizzly Peak Blvd,,B2020-00781,SFD,Owner,0,0,0,0,0,0,0,0,0,0,0,,0,0,0,0,0,0,0,0,0,0,0,0,,0,0,0,0,0,0,0,0,0,0,0,1,2023-08-15,1,0,NONE,0,Y,,,0,,0,0,0,0,0,,,,37.892608,-122.256773,"Grizzly Peak Blvd, Berkeley, California, 94708",99.150000000000006
BERKELEY,Alameda,2023,,063 296903423,0 Miller Ave,,B2021-05697,SFD,Owner,0,0,0,0,0,0,0,0,0,0,0,,0,0,0,0,0,0,0,0,0,0,0,1,2023-06-15,1,0,0,0,0,0,0,0,0,0,0,0,,0,0,NONE,0,Y,,,0,,0,0,0,0,0,,,,37.892143,-122.257904,"Miller Ave, Berkeley, California, 94708",99
BERKELEY,Alameda,2023,,054 180201400,1515 Derby St,,ZP2023-0045,SFD,Owner,0,0,0,0,0,0,0,0,0,0,1,2023-11-17,1,0,0,0,0,0,0,0,0,0,0,0,,0,0,0,0,0,0,0,0,0,0,0,0,,0,0,NONE,0,Y,,,0,,0,0,0,0,0,,,,37.858835,-122.279468,"1515 Derby St, Berkeley, California, 94703",100
BERKELEY,Alameda,2023,,061 255000300,1182 Euclid Ave,,B2022-01596,SFD,Owner,0,0,0,0,0,0,0,0,0,0,0,,0,0,0,0,0,0,0,0,0,0,0,1,2023-06-12,1,0,0,0,0,0,0,0,0,0,0,0,,0,0,NONE,0,Y,,,0,,0,0,0,0,0,,,,37.887440,-122.262610,"1182 Euclid Ave, Berkeley, California, 94708",100
BERKELEY,Alameda,2023,,059 232500301,764 Page St,,B2021-01332,SFD,Owner,0,0,0,0,0,0,0,0,0,0,0,,0,0,0,0,0,0,0,0,0,0,0,0,,0,0,0,0,0,0,0,0,0,0,0,1,2023-01-17,1,0,NONE,0,Y,,,0,,0,0,0,0,0,,,,37.876035,-122.302046,"764 Page St, Berkeley, California, 94710",100
BERKELEY,Alameda,2018,,060 235400200,1200 San Pablo Ave,,ZP2017-0191,5+,Renter,0,0,0,0,0,0,0,0,0,0,57,2018-10-11,57,0,0,0,0,0,0,0,0,0,0,0,,0,0,0,0,0,0,0,0,0,0,0,0,,0,0,N,0,0,,INC,Afffordable Housing Mitigation Fee paid into the Housing Trust Fund in lieu of on-site units,,0,0,0,0,0,,,,37.882041,-122.296412,"1200 San Pablo Ave, Albany, California, 94706",100
BERKELEY,Alameda,2018,,053 162301201,1331 Ashby Ave.,,ZP2017-0205,5+,Renter,0,0,0,0,0,0,0,0,0,0,6,2018-10-18,6,0,0,0,0,0,0,0,0,0,0,0,,0,0,0,0,0,0,0,0,0,0,0,0,,0,0,N,0,0,,INC,Afffordable Housing Mitigation Fee paid into the Housing Trust Fund in lieu of on-site units,,1,0,0,0,0,,,,37.853064,-122.282265,"1331 Ashby Ave, Berkeley, California, 94702",100
BERKELEY,Alameda,2018,,057 204600803,2131 University Ave,,B2015-02995,5+,Renter,0,0,0,0,0,0,0,0,0,0,0,,0,0,0,0,0,0,0,0,0,0,0,37,2018-06-27,37,0,0,0,0,0,0,0,0,0,0,0,,0,0,N,0,0,,INC,Afffordable Housing Mitigation Fee paid into the Housing Trust Fund in lieu of on-site units,,0,0,0,0,0,,,,37.872351,-122.267327,"2131 University Ave, Berkeley, California, 94704",100
BERKELEY,Alameda,2018,,054 178101501,2527 San Pablo,,ZP2016-0207,5+,Renter,0,0,0,0,13,0,25,0,0,0,24,2018-01-24,62,0,0,0,0,0,0,0,0,0,0,0,,0,0,0,0,0,0,0,0,0,0,0,0,,0,0,N,0,0,"LIHTC, PBS8, IIG, HOME, AHSC",DB;Other,0,55,0,0,0,0,0,,,"AL: AHSC, HOME, IIG, LIHTC, PBS8; AM: DB, Other",37.860480,-122.289253,"2527 San Pablo Ave, Berkeley, California, 94702",98.909999999999997
BERKELEY,Alameda,2018,,058 213003300,1121 Delaware St,,B2017-03440,ADU,Renter,0,0,0,0,0,0,0,0,0,0,0,,0,0,0,0,0,0,0,0,0,0,0,1,2018-06-07,1,0,0,0,0,0,0,0,0,0,0,0,,0,0,N,0,0,,,0,,0,0,0,0,0,,,,37.871837,-122.291989,"1121 Delaware St, Berkeley, California, 94702",100
BERKELEY,Alameda,2018,,058 212900200,1157 Francisco St,,B2017-04979,ADU,Renter,0,0,0,0,0,0,0,0,0,0,0,,0,0,0,0,0,0,0,0,0,0,0,1,2018-07-26,1,0,0,0,0,0,0,0,0,0,0,0,,0,0,N,0,0,,,0,,0,0,0,0,0,,,,37.872910,-122.290853,"1157 Francisco St, Berkeley, California, 94702",100
BERKELEY,Alameda,2018,,060 241600700,1218 Ordway St,,B2018-02331,ADU,Renter,0,0,0,0,0,0,0,0,0,0,0,,0,0,0,0,0,0,0,0,0,0,0,1,2018-09-13,1,0,0,0,0,0,0,0,0,0,0,0,,0,0,N,0,0,,,0,,0,0,0,0,0,,,,37.881655,-122.286341,"1218 Ordway St, Albany, California, 94706",100
BERKELEY,Alameda,2018,,059 224902301,1410 Hawthrone Terrace,,ZP2018-0096,ADU,Renter,0,0,0,0,0,0,0,0,0,0,1,2018-10-25,1,0,0,0,0,0,0,0,0,0,0,0,,0,0,0,0,0,0,0,0,0,0,0,0,,0,0,N,0,0,,,0,,0,0,0,0,0,,,,37.882403,-122.262611,"1410 Hawthorne Ter, Berkeley, California, 94708",98.040000000000006
BERKELEY,Alameda,2018,,059 227000600,1414 M L King Jr Way,,B2018-02818,ADU,Renter,0,0,0,0,0,0,0,0,0,0,0,,0,0,0,0,0,0,0,0,0,0,0,1,2018-12-10,1,0,0,0,0,0,0,0,0,0,0,0,,0,0,N,0,0,,,0,,0,0,0,0,0,,,,37.880849,-122.274037,"1414 Martin Luther King Jr Way, Berkeley, California, 94709",100
BERKELEY,Alameda,2018,,059 228604700,1538 Acton St,,B2017-04815,ADU,Renter,0,0,0,0,0,0,0,0,0,0,0,,0,0,0,0,0,0,0,0,0,0,0,1,2018-04-23,1,0,0,0,0,0,0,0,0,0,0,1,2018-12-18,1,0,N,0,0,,,0,,0,0,0,0,0,,,,37.877007,-122.285111,"1538 Acton St, Berkeley, California, 94702",100
BERKELEY,Alameda,2018,,059 228903900,1611 Stannage Ave,,B2017-04866,ADU,Renter,0,0,0,0,0,0,0,0,0,0,0,,0,0,0,0,0,0,0,0,0,0,0,1,2018-11-07,1,0,0,0,0,0,0,0,0,0,0,0,,0,0,N,0,0,,,0,,0,0,0,0,0,,,,37.874909,-122.292102,"1611 Stannage Ave, Berkeley, California, 94702",100
BERKELEY,Alameda,2018,,057 208202301,1815 Curtis St,,B2016-04149,ADU,Renter,0,0,0,0,0,0,0,0,0,0,0,,0,0,0,0,0,0,0,0,0,0,0,0,,0,0,0,0,0,0,0,0,0,0,0,1,2018-09-27,1,0,N,0,0,,,0,,0,0,0,0,0,,,,37.871482,-122.289717,"1815 Curtis St, Berkeley, California, 94702",100
BERKELEY,Alameda,2018,,053 168802800,2224 Stuart St,,B2016-02018,ADU,Renter,0,0,0,0,0,0,0,0,0,0,0,,0,0,0,0,0,0,0,0,0,0,0,0,,0,0,0,0,0,0,0,0,0,0,0,1,2018-07-02,1,0,N,0,0,,,0,,0,0,0,0,0,,,,37.859029,-122.262908,"2224 Stuart St, Berkeley, California, 94705",100
BERKELEY,Alameda,2018,,053 169202000,2425 Oregon St,,B2018-01833,ADU,Renter,0,0,0,0,0,0,0,0,0,0,0,,0,0,0,0,0,0,0,0,0,0,0,1,2018-08-03,1,0,0,0,0,0,0,0,0,0,0,0,,0,0,N,0,0,,,0,,0,0,0,0,0,,,,37.858790,-122.258067,"2425 Oregon St, Berkeley, California, 94705",100
BERKELEY,Alameda,2018,,055 191305900,2431 Spaulding Ave,,B2018-03595,ADU,Renter,0,0,0,0,0,0,0,0,0,0,0,,0,0,0,0,0,0,0,0,0,0,0,1,2018-12-03,1,0,0,0,0,0,0,0,0,0,0,0,,0,0,N,0,0,,,0,,0,0,0,0,0,,,,37.862970,-122.280102,"2431 Spaulding Ave, Berkeley, California, 94703",100
BERKELEY,Alameda,2018,,054 170801500,2709 College Ave,,B2017-02721,ADU,Renter,0,0,0,0,0,0,0,0,0,0,0,,0,0,0,0,0,0,0,0,0,0,0,1,2018-09-20,1,0,0,0,0,0,0,0,0,0,0,0,,0,0,N,0,0,,,0,,0,0,0,0,0,,,,37.861687,-122.253485,"2709 College Ave, Berkeley, California, 94705",100
BERKELEY,Alameda,2018,,052 156405400,2814 Webster St,,B2018-01917,ADU,Renter,0,0,0,0,0,0,0,0,0,0,0,,0,0,0,0,0,0,0,0,0,0,0,1,2018-08-27,1,0,0,0,0,0,0,0,0,0,0,0,,0,0,N,0,0,,,0,,0,0,0,0,0,,,,37.855959,-122.249735,"2814 Webster St, Berkeley, California, 94705",100
BERKELEY,Alameda,2018,,052 156405800,2828 Webster St,,B2018-03006,ADU,Renter,0,0,0,0,0,0,0,0,0,0,0,,0,0,0,0,0,0,0,0,0,0,0,1,2018-10-19,1,0,0,0,0,0,0,0,0,0,0,0,,0,0,N,0,0,,,0,,0,0,0,0,0,,,,37.855990,-122.249151,"2828 Webster St, Berkeley, California, 94705",100
BERKELEY,Alameda,2018,,064 424000200,59 The Plaza Dr,,B2018-01758,ADU,Renter,0,0,0,0,0,0,0,0,0,0,0,,0,0,0,0,0,0,0,0,0,0,0,1,2018-10-30,1,0,0,0,0,0,0,0,0,0,0,0,,0,0,N,0,0,,,0,,0,0,0,0,0,,,,37.855028,-122.243847,"59 Plaza Dr, Berkeley, California, 94705",99.189999999999998
BERKELEY,Alameda,2018,,052 145202100,1222 Sixty-Sixth St,,B2017-02832,SFD,Owner,0,0,0,0,0,0,0,0,0,0,0,,0,0,0,0,0,0,0,0,0,0,0,1,2018-04-23,1,0,0,0,0,0,0,0,0,0,0,0,,0,0,N,0,0,,,0,,0,0,0,0,0,,,,37.849433,-122.282649,"1222 66th St, Berkeley, California, 94702",100
BERKELEY,Alameda,2018,,059 232500700,1446 Fifth St,,B2018-03127,SFD,Owner,0,0,0,0,0,0,0,0,0,0,0,,0,0,0,0,0,0,0,0,0,0,0,1,2018-10-09,1,0,0,0,0,0,0,0,0,0,0,0,,0,0,N,0,0,,,0,,0,0,0,0,0,,,,37.875665,-122.301429,"1446 5th St, Berkeley, California, 94710",100
BERKELEY,Alameda,2018,,059 232500700,1446 Fifth St,,B2018-03577,SFD,Owner,0,0,0,0,0,0,0,0,0,0,0,,0,0,0,0,0,0,0,0,0,0,0,1,2018-10-30,1,0,0,0,0,0,0,0,0,0,0,0,,0,0,N,0,0,,,0,,0,0,0,0,0,,,,37.875665,-122.301429,"1446 5th St, Berkeley, California, 94710",100
BERKELEY,Alameda,2018,,058 212401600,1640 Ninth St,,B2018-03252,SFD,Owner,0,0,0,0,0,0,0,0,0,0,1,2018-03-22,1,0,0,0,0,0,0,0,0,0,0,1,2018-12-12,1,0,0,0,0,0,0,0,0,0,0,0,,0,0,N,0,0,,,0,,0,0,0,0,0,,,,37.873428,-122.295985,"1640 9th St, Berkeley, California, 94710",100
BERKELEY,Alameda,2018,,058 212701900,1737 Tenth St,,B2017-01412,SFD,Owner,0,0,0,0,0,0,0,0,0,0,0,,0,0,0,0,0,0,0,0,0,0,0,0,,0,0,0,0,0,0,0,0,0,0,0,1,2018-07-03,1,0,N,0,0,,,0,,0,0,0,0,0,,,,37.871846,-122.294229,"1737 10th St, Berkeley, California, 94710",100
BERKELEY,Alameda,2018,,056 197500900,2212 Tenth St,,B2018-01574,SFD,Owner,0,0,0,0,0,0,0,0,0,0,0,,0,0,0,0,0,0,0,0,0,0,0,1,2018-09-20,1,0,0,0,0,0,0,0,0,0,0,0,,0,0,N,0,0,,,0,,0,0,0,0,0,,,bldg permit 2 of 2 SFHs on a lot,37.865659,-122.292293,"2212 10th St, Berkeley, California, 94710",100
BERKELEY,Alameda,2018,,058 212100400,912 Cedar St,,B2017-05298,SFD,Owner,0,0,0,0,0,0,0,0,0,0,0,,0,0,0,0,0,0,0,0,0,0,0,1,2018-07-25,1,0,0,0,0,0,0,0,0,0,0,0,,0,0,N,0,0,,,0,,0,0,0,0,0,,,,37.874413,-122.297963,"912 Cedar St, Berkeley, California, 94710",100
BERKELEY,Alameda,2018,,053 166100303,1030 Grayson St,,B2017-00518,2 to 4,Renter,0,0,0,0,0,0,0,0,0,0,0,,0,0,0,0,0,0,0,0,0,0,0,2,2018-01-18,2,0,0,0,0,0,0,0,0,0,0,2,2018-10-17,2,0,N,0,0,,,0,,0,0,0,0,0,,,2 BLDG PERMITS EACH FOR 2 UNITS FOR A TOTAL OF 4,37.856021,-122.288779,"1030 Grayson St, Berkeley, California, 94710",100
BERKELEY,Alameda,2018,,059 226800601,1506 Bonita Ave.,,ZP2016-0050,5+,Renter,0,0,0,0,0,0,0,0,0,0,2,2018-05-22,2,0,0,0,0,0,0,0,0,0,0,0,,0,0,0,0,0,0,0,0,0,0,0,0,,0,0,N,0,0,,,0,,4,0,0,0,0,,,,37.879284,-122.272720,"1506 Bonita Ave, Berkeley, California, 94709",100
BERKELEY,Alameda,2018,,058 218100600,1734 Spruce,,ZP2016-0174,5+,Renter,0,0,0,0,0,0,0,0,0,0,1,2018-02-22,1,0,0,0,0,0,0,0,0,0,0,0,,0,0,0,0,0,0,0,0,0,0,0,0,,0,0,N,0,0,,,0,,0,0,0,0,0,,,,37.876328,-122.265428,"1734 Spruce St, Berkeley, California, 94709",98.909999999999997
BERKELEY,Alameda,2018,,056 197400200,1004 Addison St,,B2017-00432,ADU,Renter,0,0,0,0,0,0,0,0,0,0,0,,0,0,0,0,0,0,0,0,0,0,0,0,,0,0,0,0,0,0,0,0,0,0,0,1,2018-04-11,1,0,N,0,0,,,0,,0,0,0,0,0,,,,37.867413,-122.293648,"1004 Addison St, Berkeley, California, 94710",100
BERKELEY,Alameda,2018,,061 256301400,1040 Mariposa Ave,,B2017-03979,ADU,Renter,0,0,0,0,0,0,0,0,0,0,0,,0,0,0,0,0,0,0,0,0,0,0,1,2018-03-26,1,0,0,0,0,0,0,0,0,0,0,0,,0,0,N,0,0,,,0,,0,0,0,0,0,,,,37.888441,-122.270915,"1040 Mariposa Ave, Berkeley, California, 94707",100
BERKELEY,Alameda,2018,,064 424501200,123 Parkside Dr,,B2017-03194,ADU,Renter,0,0,0,0,0,0,0,0,0,0,0,,0,0,0,0,0,0,0,0,0,0,0,1,2018-01-04,1,0,0,0,0,0,0,0,0,0,0,1,2018-06-14,1,0,N,0,0,,,0,,0,0,0,0,0,,,,37.854296,-122.242708,"123 Parkside Dr, Berkeley, California, 94705",100
BERKELEY,Alameda,2018,,056 198800203,1234 Allston Way,,B2016-03935,ADU,Renter,0,0,0,0,0,0,0,0,0,0,0,,0,0,0,0,0,0,0,0,0,0,0,0,,0,0,0,0,0,0,0,0,0,0,0,1,2018-04-26,1,0,N,0,0,,,0,,0,0,0,0,0,,,,37.866851,-122.287505,"1234 Allston Way, Berkeley, California, 94702",100
BERKELEY,Alameda,2018,,054 179202900,1322 Carleton St,,B2018-03253,ADU,Renter,0,0,0,0,0,0,0,0,0,0,0,,0,0,0,0,0,0,0,0,0,0,0,1,2018-12-03,1,0,0,0,0,0,0,0,0,0,0,0,,0,0,N,0,0,,,0,,0,0,0,0,0,,,,37.859128,-122.283807,"1322 Carleton St, Berkeley, California, 94702",100
BERKELEY,Alameda,2018,,060 246605300,1330 Spruce St,,B2018-02060,ADU,Renter,0,0,0,0,0,0,0,0,0,0,0,,0,0,0,0,0,0,0,0,0,0,0,1,2018-09-26,1,0,0,0,0,0,0,0,0,0,0,0,,0,0,N,0,0,,,0,,0,0,0,0,0,,,,37.882995,-122.266230,"1330 Spruce St, Berkeley, California, 94709",100
BERKELEY,Alameda,2018,,060 241706300,1357 Northside Ave,,B2017-04855,ADU,Renter,0,0,0,0,0,0,0,0,0,0,0,,0,0,0,0,0,0,0,0,0,0,0,1,2018-04-06,1,0,0,0,0,0,0,0,0,0,0,1,2018-11-15,1,0,N,0,0,,,0,,0,0,0,0,0,,,,37.879068,-122.289492,"1357 Northside Ave, Berkeley, California, 94702",100
BERKELEY,Alameda,2018,,060 247801400,1442 Campus Drive,,ZP2018-0128,ADU,Renter,0,0,0,0,0,0,0,0,0,0,1,2018-11-15,1,0,0,0,0,0,0,0,0,0,0,0,,0,0,0,0,0,0,0,0,0,0,0,0,,0,0,N,0,0,,,0,,0,0,0,0,0,,,,37.883072,-122.252759,"1442 Campus Dr, Berkeley, California, 94708",100
BERKELEY,Alameda,2018,,059 232601600,1449 Fifth St,,B2016-05671,ADU,Renter,0,0,0,0,0,0,0,0,0,0,0,,0,0,0,0,0,0,0,0,0,0,0,0,,0,0,0,0,0,0,0,0,0,0,0,1,2018-07-06,1,0,N,0,0,,,0,,0,0,0,0,0,,,,37.875629,-122.301359,"1449 5th St, Berkeley, California, 94710",100
BERKELEY,Alameda,2018,,058 224700800,1516 Le Roy,,B2018-00510,ADU,Renter,0,0,0,0,0,0,0,0,0,0,0,,0,0,0,0,0,0,0,0,0,0,0,1,2018-08-02,1,0,0,0,0,0,0,0,0,0,0,0,,0,0,N,0,0,,,0,,0,0,0,0,0,,,,37.881274,-122.260400,"1516 Le Roy Ave, Berkeley, California, 94708",98.909999999999997
BERKELEY,Alameda,2018,,059 228403900,1517 Holly St,,B2016-02850,ADU,Renter,0,0,0,0,0,0,0,0,0,0,0,,0,0,0,0,0,0,0,0,0,0,0,0,,0,0,0,0,0,0,0,0,0,0,0,1,2018-01-05,1,0,N,0,0,,,0,,0,0,0,0,0,,,,37.877382,-122.281568,"1517 Holly St, Berkeley, California, 94703",100
BERKELEY,Alameda,2018,,058 216201400,1729 Virginia St,,B2017-01113,ADU,Renter,0,0,0,0,0,0,0,0,0,0,0,,0,0,0,0,0,0,0,0,0,0,0,0,,0,0,0,0,0,0,0,0,0,0,0,1,2018-07-13,1,0,N,0,0,,,0,,0,0,0,0,0,,,,37.875617,-122.276747,"1729 Virginia St, Berkeley, California, 94703",100
BERKELEY,Alameda,2018,,060 243701800,1735 Hopkins Street,,ZP2018-0076,ADU,Renter,0,0,0,0,0,0,0,0,0,0,1,2018-08-01,1,0,0,0,0,0,0,0,0,0,0,0,,0,0,0,0,0,0,0,0,0,0,0,0,,0,0,N,0,0,,,0,,0,0,0,0,0,,,,37.883667,-122.278051,"1735 Hopkins St, Berkeley, California, 94707",100
BERKELEY,Alameda,2018,,056 200803500,2213 Jefferson Ave,,B2018-02733,ADU,Renter,0,0,0,0,0,0,0,0,0,0,0,,0,0,0,0,0,0,0,0,0,0,0,1,2018-11-13,1,0,0,0,0,0,0,0,0,0,0,0,,0,0,N,0,0,,,0,,0,0,0,0,0,,,,37.867602,-122.278261,"2213 Jefferson Ave, Berkeley, California, 94703",100
BERKELEY,Alameda,2018,,052 157702800,2300 Ashby Ave,,B2016-02420,ADU,Renter,0,0,0,0,0,0,0,0,0,0,0,,0,0,0,0,0,0,0,0,0,0,0,0,,0,0,0,0,0,0,0,0,0,0,0,1,2018-03-20,1,0,N,0,0,,,0,,0,0,0,0,0,,,,37.855965,-122.261117,"2300 Ashby Ave, Berkeley, California, 94705",100
BERKELEY,Alameda,2018,,056 191701300,2322 Acton St,,B2018-01921,ADU,Renter,0,0,0,0,0,0,0,0,0,0,0,,0,0,0,0,0,0,0,0,0,0,0,1,2018-08-15,1,0,0,0,0,0,0,0,0,0,0,0,,0,0,N,0,0,,,0,,0,0,0,0,0,,,,37.864383,-122.283428,"2322 Acton St, Berkeley, California, 94702",100
BERKELEY,Alameda,2018,,060 246500300,2374 Eunice St,,B2017-01320,ADU,Renter,0,0,0,0,0,0,0,0,0,0,0,,0,0,0,0,0,0,0,0,0,0,0,1,2018-04-11,1,0,0,0,0,0,0,0,0,0,0,1,2018-10-17,1,0,N,0,0,,,0,,0,0,0,0,0,,,,37.886417,-122.263730,"2374 Eunice St, Berkeley, California, 94708",100
BERKELEY,Alameda,2018,,052 156303700,2712 Prince St,,B2016-05926,ADU,Renter,0,0,0,0,0,0,0,0,0,0,0,,0,0,0,0,0,0,0,0,0,0,0,0,,0,0,0,0,0,0,0,0,0,0,0,1,2018-06-11,1,0,N,0,0,,,0,,0,0,0,0,0,,,,37.854886,-122.252207,"2712 Prince St, Berkeley, California, 94705",100
BERKELEY,Alameda,2018,,052 156402200,2751 Prince St,,B2017-04165,ADU,Renter,0,0,0,0,0,0,0,0,0,0,0,,0,0,0,0,0,0,0,0,0,0,0,1,2018-02-14,1,0,0,0,0,0,0,0,0,0,0,1,2018-07-24,1,0,N,0,0,,,0,,0,0,0,0,0,,,,37.855051,-122.250570,"2751 Prince St, Berkeley, California, 94705",100
BERKELEY,Alameda,2018,,052 158000900,2928 Ellsworth Street,,ZP2016-0232,ADU,Renter,0,0,0,0,0,0,0,0,0,0,1,2018-02-07,1,0,0,0,0,0,0,0,0,0,0,0,,0,0,0,0,0,0,0,0,0,0,0,0,,0,0,N,0,0,,,0,,0,0,0,0,0,,,Code Enforcement warning,37.856607,-122.261383,"2928 Ellsworth St, Berkeley, California, 94705",100
BERKELEY,Alameda,2018,,053 170300400,3040 Tremont St,,B2016-02154,ADU,Renter,0,0,0,0,0,0,0,0,0,0,0,,0,0,0,0,0,0,0,0,0,0,0,0,,0,0,0,0,0,0,0,0,0,0,0,1,2018-03-22,1,0,N,0,0,,,0,,0,0,0,0,0,,,,37.853460,-122.268295,"3040 Tremont St, Berkeley, California, 94703",100
BERKELEY,Alameda,2018,,064 424000300,53 The Plaza Dr,,B2018-00431,ADU,Renter,0,0,0,0,0,0,0,0,0,0,0,,0,0,0,0,0,0,0,0,0,0,0,1,2018-07-18,1,0,0,0,0,0,0,0,0,0,0,0,,0,0,N,0,0,,,0,,0,0,0,0,0,,,,37.855017,-122.244052,"53 Plaza Dr, Berkeley, California, 94705",99.189999999999998
BERKELEY,Alameda,2018,,062 286903300,725 Neilson St,,B2018-03598,ADU,Renter,0,0,0,0,0,0,0,0,0,0,0,,0,0,0,0,0,0,0,0,0,0,0,1,2018-12-11,1,0,0,0,0,0,0,0,0,0,0,0,,0,0,N,0,0,,,0,,0,0,0,0,0,,,,37.894181,-122.286418,"725 Neilson St, Berkeley, California, 94707",100
BERKELEY,Alameda,2018,,059 233600900,847 Page St,,B2018-02250,ADU,Renter,0,0,0,0,0,0,0,0,0,0,0,,0,0,0,0,0,0,0,0,0,0,0,1,2018-08-21,1,0,0,0,0,0,0,0,0,0,0,0,,0,0,N,0,0,,,0,,0,0,0,0,0,,,,37.876635,-122.299536,"847 Page St, Berkeley, California, 94710",100
BERKELEY,Alameda,2018,,060 239800100,1403 Stanage,,ZP2017-0079,ADU,Renter,0,0,0,0,0,0,0,0,0,0,1,2018-11-23,1,0,0,0,0,0,0,0,0,0,0,0,,0,0,0,0,0,0,0,0,0,0,0,0,,0,0,N,0,0,,,0,,0,0,0,0,0,,,,37.878946,-122.293411,"1403 Stannage Ave, Berkeley, California, 94702",96.459999999999994
BERKELEY,Alameda,2018,,053 159802700,2921 Otis,,ZP2017-0207,ADU,Renter,0,0,0,0,0,0,0,0,0,0,1,2018-05-22,1,0,0,0,0,0,0,0,0,0,0,0,,0,0,0,0,0,0,0,0,0,0,0,0,,0,0,N,0,0,,,0,,0,0,0,0,0,,,,37.855577,-122.270106,"2921 Otis St, Berkeley, California, 94703",98.909999999999997
BERKELEY,Alameda,2018,,058 223201201,85 Parnassus,,ZP2017-0106,ADU,Renter,0,0,0,0,0,0,0,0,0,0,1,2018-03-18,1,0,0,0,0,0,0,0,0,0,0,0,,0,0,0,0,0,0,0,0,0,0,0,0,,0,0,N,0,0,,,0,,0,0,0,0,0,,,,37.881382,-122.253192,"85 Parnassus Rd, Berkeley, California, 94708",98.909999999999997
BERKELEY,Alameda,2018,,059 232500700,1446 Fifth St,,B2018-02503,SFD,Owner,0,0,0,0,0,0,0,0,0,0,0,,0,0,0,0,0,0,0,0,0,0,0,1,2018-08-31,1,0,0,0,0,0,0,0,0,0,0,0,,0,0,N,0,0,,,0,,0,0,0,0,0,,,,37.875665,-122.301429,"1446 5th St, Berkeley, California, 94710",100
BERKELEY,Alameda,2018,,056 197402300,2129 Ninth Street,,ZP2016-0179,SFD,Owner,0,0,0,0,0,0,0,0,0,0,2,2018-09-25,2,0,0,0,0,0,0,0,0,0,0,0,,0,0,0,0,0,0,0,0,0,0,0,0,,0,0,N,0,0,,,0,,2,0,0,0,0,,,,37.866325,-122.293631,"2129 9th St, Berkeley, California, 94710",100
BERKELEY,Alameda,2018,,059 232600102,812 Page St,,B2016-02797,SFD,Owner,0,0,0,0,0,0,0,0,0,0,0,,0,0,0,0,0,0,0,0,0,0,0,0,,0,0,0,0,0,0,0,0,0,0,0,1,2018-01-30,1,0,N,0,0,,,0,,0,0,0,0,0,,,,37.876264,-122.301062,"812 Page St, Berkeley, California, 94710",100
BERKELEY,Alameda,2023,,057 206300700,1837 Berkeley Way,,B2022-01345,2 to 4,Renter,0,0,0,0,0,0,0,0,0,0,3,2022-02-01,3,0,0,0,0,0,0,0,0,0,0,3,2023-03-09,3,0,0,0,0,0,0,0,0,0,0,0,,0,0,NONE,0,Y,,,0,,1,0,0,0,0,,,,37.872425,-122.273635,"1837 Berkeley Way, Berkeley, California, 94703",100
BERKELEY,Alameda,2023,,057 208601300,1173 Hearst Ave,,B2020-02941,2 to 4,Renter,0,0,0,0,0,0,0,0,0,0,0,,0,0,0,0,0,0,0,0,0,0,0,0,,0,0,0,0,0,0,0,0,0,0,0,2,2023-03-06,2,0,NONE,0,Y,,,0,,0,0,0,0,0,,,,37.870877,-122.290341,"1173 Hearst Ave, Berkeley, California, 94702",100
BERKELEY,Alameda,2023,,056 198304201,2147 San Pablo Ave,,ZP2022-0113,5+,Renter,0,0,0,0,12,0,0,0,0,0,116,2023-09-25,128,0,0,0,0,0,0,0,0,0,0,0,,0,0,0,0,0,0,0,0,0,0,0,0,,0,0,NONE,0,Y,Other,DB,0,,0,0,0,43,2,Development Standards Modification,N,"Waiver to exceed building height, and exceed FAR",37.866943,-122.291338,"2147 San Pablo Ave, Berkeley, California, 94702",100
BERKELEY,Alameda,2023,,057 203400800,2023 Shattuck Ave,,B2020-03911,5+,Renter,0,0,0,0,4,0,0,0,0,0,44,2020-07-01,48,0,0,0,0,0,0,0,0,0,0,0,,0,0,0,0,0,4,0,0,0,0,0,44,2023-08-16,48,0,NONE,0,Y,Other,DB,0,1000,0,0,0,35,3,Development Standards Modification,Y,Height modification to exceed the maximum 60’ height limit to permit a 73’-5” building.,37.871569,-122.268314,"2023 Shattuck Ave, Berkeley, California, 94704",100
BERKELEY,Alameda,2023,,052 157309300,2980 College Ave,,B2021-04563,5+,Renter,0,0,0,0,0,0,0,0,0,0,4,2021-02-03,4,0,0,0,0,0,0,0,0,0,0,0,,0,0,0,0,0,0,0,0,0,0,0,4,2023-11-15,4,0,NONE,0,Y,,,0,,0,0,0,0,0,,,Total of 6 units,37.856567,-122.253030,"2980 College Ave, Berkeley, California, 94705",100
BERKELEY,Alameda,2023,,058 212901700,"1701 San Pablo; 1700-01 SPA, 1150 Franciosco",,PLN2022-0119,5+,Renter,0,0,0,0,32,0,48,0,0,0,30,2023-03-31,110,0,0,0,0,0,0,0,0,0,0,0,,0,0,0,0,0,0,0,0,0,0,0,0,,0,12,SB 35 (2017),0,Y,LIHTC,DB,0,55,0,0,0,50,9,Development Standards Modification,N,"Concessions: Remove commercial component; additional height;Waiver: FAR, building height, useable open space; lot coverage; setbacks; lot line screening; lot area minimum  (Only City Trust Fund funding has been secured so far)",37.872801,-122.293224,"1701 San Pablo Ave, Berkeley, California, 94702",83.75
BERKELEY,Alameda,2023,,058 212701403,1740 San Pablo,,PLN2023-0065,5+,Renter,0,0,0,0,6,0,37,0,10,0,1,2023-12-11,54,0,0,0,0,0,0,0,0,0,0,0,,0,0,0,0,0,0,0,0,0,0,0,0,,0,0,SB 35 (2017),0,Y,"LIHTC, MHP, Other, PBS8, CDBG, CDLAC",DB,0,55,0,0,0,80,3,Development Standards Modification,N,"Waivers: increase far, increase max height; concession: reduce open space",37.872091,-122.293214,"1740 San Pablo Ave, Berkeley, California, 94702",98.909999999999997
BERKELEY,Alameda,2023,,054 178101501,2527 San Pablo Ave,,B2018-03255,5+,Renter,0,0,0,0,0,0,0,0,0,0,0,,0,0,0,0,0,13,0,25,0,0,0,25,2023-07-21,63,0,0,0,0,0,0,0,0,0,0,0,,0,0,NONE,0,Y,"LIHTC, PBS8, IIG, HOME, AHSC",DB;Other,0,55,0,0,0,35,2,Development Standards Modification,N,,37.860480,-122.289253,"2527 San Pablo Ave, Berkeley, California, 94702",100
BERKELEY,Alameda,2023,,057 202401300,2099 M L King Jr Way,,B2021-03950,5+,Renter,0,0,0,0,0,0,0,0,0,0,0,,0,0,0,0,0,5,0,0,0,0,0,67,2023-07-17,72,0,0,0,0,0,0,0,0,0,0,0,,0,0,NONE,0,Y,,DB,0,1000,0,0,0,35,2,Development Standards Modification,Y,Concession to reduce off-street parking,37.870859,-122.272908,"2099 Martin Luther King Jr Way, Berkeley, California, 94704",100
BERKELEY,Alameda,2023,,063 314000204,1010 Wildcat Canyon Rd,,B2021-05189,ADU,Renter,0,0,0,0,0,0,0,0,0,0,0,,0,0,0,0,0,0,0,0,0,0,0,0,,0,0,0,0,0,0,1,0,0,0,0,0,2023-03-07,1,0,NONE,0,Y,Other,,ABAG ADU Affordability Methodlogy,,0,0,0,0,0,,,ABAG ADU Affordability Methodlogy,37.896206,-122.254509,"1010 Wildcat Canyon Rd, Berkeley, California, 94708",100
BERKELEY,Alameda,2023,,056 193400400,1016 Bancroft Way,,B2022-03219,ADU,Renter,0,0,0,0,0,0,0,0,0,0,0,,0,0,0,0,0,0,0,0,0,0,0,0,,0,0,0,0,0,0,1,0,0,0,0,0,2023-01-09,1,0,NONE,0,Y,Other,,ABAG ADU Affordability Methodlogy,,0,0,0,0,0,,,ABAG ADU Affordability Methodlogy,37.864281,-122.292215,"1016 Bancroft Way, Berkeley, California, 94710",100
BERKELEY,Alameda,2023,,061 256301300,1036 Mariposa Ave,,B2022-04665,ADU,Renter,0,0,0,0,0,1,0,0,0,0,0,2023-05-04,1,0,0,0,0,0,1,0,0,0,0,0,2023-05-04,1,0,0,0,0,0,0,0,0,0,0,0,,0,0,NONE,0,Y,Other,,ABAG ADU Affordability Methodlogy,,0,0,0,0,0,,,ABAG ADU Affordability Methodlogy,37.888569,-122.270838,"1036 Mariposa Ave, Berkeley, California, 94707",100
BERKELEY,Alameda,2023,,054 178602000,1118 Carleton St,,B2022-04626,ADU,Renter,0,0,0,0,0,1,0,0,0,0,0,2023-04-11,1,0,0,0,0,0,1,0,0,0,0,0,2023-04-11,1,0,0,0,0,0,1,0,0,0,0,0,2023-10-06,1,0,NONE,0,Y,Other,,ABAG ADU Affordability Methodlogy,,0,0,0,0,0,,,ABAG ADU Affordability Methodlogy,37.858610,-122.287760,"1118 Carleton St, Berkeley, California, 94702",100
BERKELEY,Alameda,2023,,060 246604400,1209 Oxford St,,B2022-05663,ADU,Renter,0,0,0,0,0,1,0,0,0,0,0,2023-07-13,1,0,0,0,0,0,1,0,0,0,0,0,2023-07-13,1,0,0,0,0,0,0,0,0,0,0,0,,0,0,NONE,0,Y,Other,,ABAG ADU Affordability Methodlogy,,0,0,0,0,0,,,ABAG ADU Affordability Methodlogy,37.885593,-122.267619,"1209 Oxford St, Berkeley, California, 94709",100
BERKELEY,Alameda,2023,,054 178702300,1222 Carleton St,,B2019-01241,ADU,Renter,0,0,0,0,0,0,0,0,0,0,0,,0,0,0,0,0,0,0,0,0,0,0,0,,0,0,0,0,0,0,1,0,0,0,0,0,2023-10-23,1,0,NONE,0,Y,Other,,ABAG ADU Affordability Methodlogy,,0,0,0,0,0,,,ABAG ADU Affordability Methodlogy,37.858907,-122.285521,"1222 Carleton St, Berkeley, California, 94702",100
BERKELEY,Alameda,2023,,053 162803200,1220 Burnett St,,B2022-01276,ADU,Renter,0,0,0,0,0,1,0,0,0,0,0,2023-01-05,1,0,0,0,0,0,1,0,0,0,0,0,2023-01-05,1,0,0,0,0,0,0,0,0,0,0,0,,0,0,NONE,0,Y,Other,,ABAG ADU Affordability Methodlogy,,0,0,0,0,0,,,ABAG ADU Affordability Methodlogy,37.853209,-122.285783,"1220 Burnett St, Berkeley, California, 94702",100
BERKELEY,Alameda,2023,,060 242301400,1327 Ordway St,,B2023-00391,ADU,Renter,0,0,0,0,0,1,0,0,0,0,0,2023-08-25,1,0,0,0,0,0,1,0,0,0,0,0,2023-08-25,1,0,0,0,0,0,0,0,0,0,0,0,,0,0,NONE,0,Y,Other,,ABAG ADU Affordability Methodlogy,,0,0,0,0,0,,,ABAG ADU Affordability Methodlogy,37.879633,-122.287066,"1327 Ordway St, Berkeley, California, 94702",100
BERKELEY,Alameda,2023,,052 151600100,1346 Haskell St,,B2021-05573,ADU,Renter,0,0,0,0,0,0,0,0,0,0,0,,0,0,0,0,0,0,0,0,0,0,0,0,,0,0,0,0,0,0,1,0,0,0,0,0,2023-04-11,1,0,NONE,0,Y,Other,,ABAG ADU Affordability Methodlogy,,0,0,0,0,0,,,ABAG ADU Affordability Methodlogy,37.851490,-122.281256,"1346 Haskell St, Berkeley, California, 94702",100
BERKELEY,Alameda,2023,,060 239205400,1441 Cornell Ave,,B2021-01449,ADU,Renter,0,0,0,0,0,0,0,0,0,0,0,,0,0,0,0,0,0,0,0,0,0,0,0,,0,0,0,0,0,0,1,0,0,0,0,0,2023-10-27,1,0,NONE,0,Y,Other,,ABAG ADU Affordability Methodlogy,,0,0,0,0,0,,,ABAG ADU Affordability Methodlogy,37.877862,-122.292155,"1441 Cornell Ave, Berkeley, California, 94702",100
BERKELEY,Alameda,2023,,060 243400400,1525 Ada St,,B2022-02784,ADU,Renter,0,0,0,0,0,0,0,0,0,0,0,,0,0,0,0,0,0,0,0,0,0,0,0,,0,0,0,0,0,0,0,0,1,0,0,0,2023-09-07,1,0,NONE,0,Y,,,ABAG ADU Affordability Methodlogy,,0,0,0,0,0,,,,37.880471,-122.282051,"1525 Ada St, Berkeley, California, 94703",100
BERKELEY,Alameda,2023,,057 211701600,1607 Fifth St,,B2022-05138,ADU,Renter,0,0,0,0,0,0,0,0,0,0,0,,0,0,0,0,0,0,0,0,0,0,0,0,,0,0,0,0,0,0,0,0,1,0,0,0,2023-04-28,1,0,NONE,0,Y,,,ABAG ADU Affordability Methodlogy,,0,0,0,0,0,,,,37.873563,-122.300653,"1607 5th St, Berkeley, California, 94710",100
BERKELEY,Alameda,2023,,054 173002102,1608 Ward St,,B2022-00662,ADU,Renter,0,0,0,0,0,0,0,0,0,0,0,,0,0,0,0,0,0,0,0,0,0,0,0,,0,0,0,0,0,0,0,0,1,0,0,0,2023-10-11,1,0,NONE,0,Y,,,ABAG ADU Affordability Methodlogy,,0,0,0,0,0,,,,37.858096,-122.277406,"1608 Ward St, Berkeley, California, 94703",100
BERKELEY,Alameda,2023,,058 216401000,1614 Grant St,,B2022-01554,ADU,Renter,0,0,0,0,0,0,0,0,0,0,0,,0,0,0,0,0,0,0,0,0,0,0,0,,0,0,0,0,0,0,0,0,1,0,0,0,2023-07-27,1,0,NONE,0,Y,,,ABAG ADU Affordability Methodlogy,,0,0,0,0,0,,,,37.876984,-122.275934,"1614 Grant St, Berkeley, California, 94703",100
BERKELEY,Alameda,2023,,060 243600300,1630 Posen Ave,,B2023-02002,ADU,Renter,0,0,0,0,0,0,0,1,0,0,0,2023-10-30,1,0,0,0,0,0,0,0,1,0,0,0,2023-10-30,1,0,0,0,0,0,0,0,0,0,0,0,,0,0,NONE,0,Y,,,ABAG ADU Affordability Methodlogy,,0,0,0,0,0,,,,37.884449,-122.279676,"1630 Posen Ave, Berkeley, California, 94707",100
BERKELEY,Alameda,2023,,055 181601300,1919 Parker St,,B2022-04253,ADU,Renter,0,0,0,0,0,0,0,0,0,0,0,,0,0,0,0,0,0,0,0,0,0,0,0,,0,0,0,0,0,0,0,0,1,0,0,0,2023-03-24,1,0,NONE,0,Y,,,ABAG ADU Affordability Methodlogy,,0,0,0,0,0,,,,37.861710,-122.270869,"1919 Parker St, Berkeley, California, 94704",100
BERKELEY,Alameda,2023,,062 288803100,1876 San Pedro Ave,,B2022-03481,ADU,Renter,0,0,0,0,0,0,0,1,0,0,0,2023-01-05,1,0,0,0,0,0,0,0,1,0,0,0,2023-01-05,1,0,0,0,0,0,0,0,1,0,0,0,2023-06-12,1,0,NONE,0,Y,,,ABAG ADU Affordability Methodlogy,,0,0,0,0,0,,,,37.893746,-122.277757,"1876 San Pedro Ave, Berkeley, California, 94707",100
BERKELEY,Alameda,2023,,057 201800700,2210 M L King Jr Way,,B2020-02346,ADU,Renter,0,0,0,0,0,0,0,0,0,0,0,,0,0,0,0,0,0,0,0,0,0,0,0,,0,0,0,0,0,0,0,0,1,0,0,0,2023-01-11,1,0,NONE,0,Y,,,ABAG ADU Affordability Methodlogy,,0,0,0,0,0,,,,37.868246,-122.272677,"2210 Martin Luther King Jr Way, Berkeley, California, 94704",100
BERKELEY,Alameda,2023,,056 193400800,2310 Tenth St,,B2019-05135,ADU,Renter,0,0,0,0,0,0,0,0,0,0,0,,0,0,0,0,0,0,0,0,0,0,0,0,,0,0,0,0,0,0,1,0,0,0,0,0,2023-05-15,1,0,NONE,0,Y,,,ABAG ADU Affordability Methodlogy,,0,0,0,0,0,,,,37.863930,-122.291735,"2310 10th St, Berkeley, California, 94710",100
BERKELEY,Alameda,2023,,056 192401600,2336 Bonar St,,B2020-04487,ADU,Renter,0,0,0,0,0,0,0,0,0,0,0,,0,0,0,0,0,0,0,0,0,0,0,0,,0,0,0,0,0,0,0,0,0,0,1,0,2023-05-30,1,0,NONE,0,Y,,,ABAG ADU Affordability Methodlogy,,0,0,0,0,0,,,,37.863897,-122.286355,"2336 Bonar St, Berkeley, California, 94702",100
BERKELEY,Alameda,2023,,055 184702800,2519 College Ave,,B2021-00697,ADU,Renter,0,0,0,0,0,0,0,0,0,0,0,,0,0,0,0,0,0,0,0,0,0,0,0,,0,0,0,0,0,0,0,0,0,0,2,0,2023-05-11,2,0,NONE,0,Y,,,ABAG ADU Affordability Methodlogy,,0,0,0,0,0,,,,37.865044,-122.253789,"2519 College Ave, Berkeley, California, 94704",100
BERKELEY,Alameda,2023,,054 178302000,2501 Mabel St,,B2022-04896,ADU,Renter,0,0,0,0,0,0,0,0,0,1,0,2023-05-17,1,0,0,0,0,0,0,0,0,0,1,0,2023-05-17,1,0,0,0,0,0,0,0,0,0,0,0,,0,0,NONE,0,Y,Other,,ABAG ADU Affordability Methodlogy,,0,0,0,0,0,,,ABAG ADU Affordability Methodlogy,37.861442,-122.285407,"2501 Mabel St, Berkeley, California, 94702",100
BERKELEY,Alameda,2023,,053 166902600,2853 Stanton St,,B2023-03761,ADU,Renter,0,0,0,0,0,0,0,0,0,1,0,2023-12-13,1,0,0,0,0,0,0,0,0,0,1,0,2023-12-13,1,0,0,0,0,0,0,0,0,0,0,0,,0,0,NONE,0,Y,,,ABAG ADU Affordability Methodlogy,,0,0,0,0,0,,,,37.855164,-122.280197,"2853 Stanton St, Berkeley, California, 94702",100
BERKELEY,Alameda,2023,,052 156310001,3107 Lewiston Ave,,B2022-00713,ADU,Renter,0,0,0,0,0,0,0,0,0,0,0,,0,0,0,0,0,0,0,0,0,0,0,0,,0,0,0,0,0,0,0,0,0,0,0,1,2023-06-22,1,0,NONE,0,Y,,,0,,0,0,0,0,0,,,,37.853706,-122.251633,"3107 Lewiston Ave, Berkeley, California, 94705",100
BERKELEY,Alameda,2023,,064 424100500,34 Oak Ridge Rd,,B2022-01072,ADU,Renter,0,0,0,0,0,0,0,0,0,0,1,2023-03-09,1,0,0,0,0,0,0,0,0,0,0,1,2023-03-09,1,0,0,0,0,0,0,0,0,0,0,0,,0,0,NONE,0,Y,,,0,,0,0,0,0,0,,,,37.856826,-122.242793,"34 Oak Ridge Rd, Berkeley, California, 94705",100
BERKELEY,Alameda,2023,,061 257802600,956 Indian Rock Ave,,B2022-00005,ADU,Renter,0,0,0,0,0,0,0,0,0,0,1,2023-05-11,1,0,0,0,0,0,0,0,0,0,0,1,2023-05-11,1,0,0,0,0,0,0,0,0,0,0,0,,0,0,NONE,0,Y,,,0,,0,0,0,0,0,,,,37.891746,-122.272353,"956 Indian Rock Ave, Berkeley, California, 94707",100
BERKELEY,Alameda,2023,,057 208901601,1919 Ninth St,,B2019-05502,SFD,Owner,0,0,0,0,0,0,0,0,0,0,0,,0,0,0,0,0,0,0,0,0,0,0,0,,0,0,0,0,0,0,0,0,0,0,0,1,2023-06-21,1,0,NONE,0,Y,,,0,,0,0,0,0,0,,,,37.869210,-122.294518,"1919 Ninth St, Berkeley, California, 94710",100
BERKELEY,Alameda,2018,,059 226100403,1444 Walnut St,,B2018-02012,5+,Renter,0,0,0,0,0,0,0,0,0,0,0,,0,0,0,0,0,0,0,0,0,0,0,1,2018-08-13,1,0,0,0,0,0,0,0,0,0,0,1,2018-12-24,1,0,N,0,0,,,0,,0,0,0,0,0,,,,37.880588,-122.268234,"1444 Walnut St, Berkeley, California, 94709",100
BERKELEY,Alameda,2018,,058 217001700,1711 M L King Jr Way,,B2018-02288,5+,Renter,0,0,0,0,0,0,0,0,0,0,1,2018-05-10,1,0,0,0,0,0,0,0,0,0,0,1,2018-11-16,1,0,0,0,0,0,0,0,0,0,0,0,,0,0,N,0,0,,,0,,0,0,0,0,0,,,,37.875515,-122.273433,"1711 Martin Luther King Jr Way, Berkeley, California, 94709",100
BERKELEY,Alameda,2018,,057 204600600,1900 Walnut,,B2015-03000,5+,Renter,0,0,0,0,0,0,0,0,0,0,0,,0,0,0,0,0,0,0,0,0,0,0,65,2018-06-27,65,0,0,0,0,0,0,0,0,0,0,0,,0,0,N,0,0,,,0,,0,0,0,0,0,,,,37.872679,-122.266955,"1900 Walnut St, Berkeley, California, 94704",98.909999999999997
BERKELEY,Alameda,2018,,055 183700100,2556 Telegraph Ave,,ZP2015-0096,5+,Renter,0,0,0,0,0,0,0,0,0,0,24,2018-02-13,24,0,0,0,0,0,0,0,0,0,0,0,,0,0,0,0,0,0,0,0,0,0,0,0,,0,0,N,0,0,,INC,Afffordable Housing Mitigation Fee paid into the Housing Trust Fund in lieu of on-site units,,0,0,0,0,0,,,,37.863885,-122.258703,"2556 Telegraph Ave, Berkeley, California, 94704",100
BERKELEY,Alameda,2018,,055 183700300,2597 Telegraph Ave,,B2017-01850,5+,Renter,0,0,0,0,0,0,0,0,0,0,0,,0,0,0,0,0,1,0,0,0,0,0,9,2018-08-09,10,0,0,0,0,0,0,0,0,0,0,0,,0,0,N,0,0,,DB;INC,0,,0,0,0,0,0,,,,37.863357,-122.258570,"2597 Telegraph Ave, Berkeley, California, 94704",100
BERKELEY,Alameda,2018,,052 156317900,2714 Alcatraz Ave,,ZP2018-0034,5+,Renter,0,0,0,0,0,0,0,0,0,0,5,2018-11-08,5,0,0,0,0,0,0,0,0,0,0,0,,0,0,0,0,0,0,0,0,0,0,0,0,,0,0,N,0,0,,INC,Afffordable Housing Mitigation Fee paid into the Housing Trust Fund in lieu of on-site units,,0,0,0,0,0,,,,37.851419,-122.251824,"2714 Alcatraz Ave, Berkeley, California, 94705",100
BERKELEY,Alameda,2018,,060 248501100,110 Fairlawn Dr,,B2015-05829,ADU,Renter,0,0,0,0,0,0,0,0,0,0,0,,0,0,0,0,0,0,0,0,0,0,0,0,,0,0,0,0,0,0,0,0,0,0,0,1,2018-10-17,1,0,N,0,0,,,0,,0,0,0,0,0,,,,37.886274,-122.251759,"110 Fairlawn Dr, Berkeley, California, 94708",100
BERKELEY,Alameda,2018,,061 255801200,1118 Oxford Street,,ZP2018-0154,ADU,Renter,0,0,0,0,0,0,0,0,0,0,1,2018-12-19,1,0,0,0,0,0,0,0,0,0,0,0,,0,0,0,0,0,0,0,0,0,0,0,0,,0,0,N,0,0,,,0,,0,0,0,0,0,,,,37.888233,-122.268344,"1118 Oxford St, Berkeley, California, 94707",100
BERKELEY,Alameda,2018,,054 178402400,1128 Blake St,,B2017-04149,ADU,Renter,0,0,0,0,0,0,0,0,0,0,0,,0,0,0,0,0,0,0,0,0,0,0,1,2018-04-03,1,0,0,0,0,0,0,0,0,0,0,0,,0,0,N,0,0,,,0,,0,0,0,0,0,,,,37.860403,-122.287893,"1128 Blake St, Berkeley, California, 94702",100
BERKELEY,Alameda,2018,,061 256001200,1157 Amador Ave,,B2017-01688,ADU,Renter,0,0,0,0,0,0,0,0,0,0,0,,0,0,0,0,0,0,0,0,0,0,0,0,,0,0,0,0,0,0,0,0,0,0,0,1,2018-10-24,1,0,N,0,0,,,0,,0,0,0,0,0,,,,37.886527,-122.270315,"1157 Amador Ave, Berkeley, California, 94707",100
BERKELEY,Alameda,2018,,054 178901600,1204 Blake St,,B2017-04626,ADU,Renter,0,0,0,0,0,0,0,0,0,0,0,,0,0,0,0,0,0,0,0,0,0,0,1,2018-05-24,1,0,0,0,0,0,0,0,0,0,0,0,,0,0,N,0,0,,,0,,0,0,0,0,0,,,,37.860539,-122.286836,"1204 Blake St, Berkeley, California, 94702",100
BERKELEY,Alameda,2018,,054 174000600,1222 Derby St,,B2017-02460,ADU,Renter,0,0,0,0,0,0,0,0,0,0,0,,0,0,0,0,0,0,0,0,0,0,0,1,2018-08-21,1,0,0,0,0,0,0,0,0,0,0,0,,0,0,N,0,0,,,0,,0,0,0,0,0,,,,37.857984,-122.285596,"1222 Derby St, Berkeley, California, 94702",100
BERKELEY,Alameda,2018,,060 246201800,1311 Spruce St,,B2017-04092,ADU,Renter,0,0,0,0,0,0,0,0,0,0,0,,0,0,0,0,0,0,0,0,0,0,0,1,2018-07-05,1,0,0,0,0,0,0,0,0,0,0,0,,0,0,N,0,0,,,0,,0,0,0,0,0,,,,37.883543,-122.266244,"1311 Spruce St, Berkeley, California, 94709",100
BERKELEY,Alameda,2018,,054 179202600,1316 Carleton St,,B2016-03592,ADU,Renter,0,0,0,0,0,0,0,0,0,0,0,,0,0,0,0,0,0,0,0,0,0,0,1,2018-07-19,1,0,0,0,0,0,0,0,0,0,0,0,,0,0,N,0,0,,,0,,0,0,0,0,0,,,,37.859079,-122.284208,"1316 Carleton St, Berkeley, California, 94702",100
BERKELEY,Alameda,2018,,052 151603300,1342 Haskell St,,B2016-01067,ADU,Renter,0,0,0,0,0,0,0,0,0,0,0,,0,0,0,0,0,0,0,0,0,0,0,0,,0,0,0,0,0,0,0,0,0,0,0,1,2018-03-21,1,0,N,0,0,,,0,,0,0,0,0,0,,,,37.851432,-122.281536,"1342 Haskell St, Berkeley, California, 94702",100
BERKELEY,Alameda,2018,,056 191602100,1409 Channing Way,,ZP2017-0177,ADU,Renter,0,0,0,0,0,0,0,0,0,0,1,2018-05-16,1,0,0,0,0,0,0,0,0,0,0,0,,0,0,0,0,0,0,0,0,0,0,0,0,,0,0,N,0,0,,,0,,0,0,0,0,0,,,,37.863842,-122.282725,"1409 Channing Way, Berkeley, California, 94702",100
BERKELEY,Alameda,2018,,060 239103800,1461  Curtis Street,,ZP2017-0181,ADU,Renter,0,0,0,0,0,0,0,0,0,0,1,2018-07-11,1,0,0,0,0,0,0,0,0,0,0,0,,0,0,0,0,0,0,0,0,0,0,0,0,,0,0,N,0,0,,,0,,0,0,0,0,0,,,,37.877268,-122.291250,"1461 Curtis St, Berkeley, California, 94702",100
BERKELEY,Alameda,2018,,054 180201000,1531 Derby St,,B2017-02961,ADU,Renter,0,0,0,0,0,0,0,0,0,0,0,,0,0,0,0,0,0,0,0,0,0,0,0,,0,0,0,0,0,0,0,0,0,0,0,1,2018-11-20,1,0,N,0,0,,,0,,0,0,0,0,0,,,,37.858904,-122.278910,"1531 Derby St, Berkeley, California, 94703",100
BERKELEY,Alameda,2018,,058 216502500,1631 Grant St,,B2017-05402,ADU,Renter,0,0,0,0,0,0,0,0,0,0,0,,0,0,0,0,0,0,0,0,0,0,0,1,2018-10-09,1,0,0,0,0,0,0,0,0,0,0,0,,0,0,N,0,0,,,0,,0,0,0,0,0,,,,37.876387,-122.275809,"1631 Grant St, Berkeley, California, 94703",100
BERKELEY,Alameda,2018,,060 243702200,1725 Hopkins St,,B2017-04758,ADU,Renter,0,0,0,0,0,0,0,0,0,0,0,,0,0,0,0,0,0,0,0,0,0,0,1,2018-04-25,1,0,0,0,0,0,0,0,0,0,0,0,,0,0,N,0,0,,,0,,0,0,0,0,0,,,,37.883434,-122.278524,"1725 Hopkins St, Berkeley, California, 94707",100
BERKELEY,Alameda,2018,,056 196903000,2223 Seventh St,,B2017-00538,ADU,Renter,0,0,0,0,0,0,0,0,0,0,0,,0,0,0,0,0,0,0,0,0,0,0,1,2018-04-03,1,0,0,0,0,0,0,0,0,0,0,1,2018-09-18,1,0,N,0,0,,,0,,0,0,0,0,0,,,,37.864594,-122.295480,"2223 7th St, Berkeley, California, 94710",100
BERKELEY,Alameda,2018,,053 168902500,2312 Stuart St,,B2017-03830,ADU,Renter,0,0,0,0,0,0,0,0,0,0,0,,0,0,0,0,0,0,0,0,0,0,0,1,2018-04-17,1,0,0,0,0,0,0,0,0,0,0,0,,0,0,N,0,0,,,0,,0,0,0,0,0,,,,37.859254,-122.261217,"2312 Stuart St, Berkeley, California, 94705",100
BERKELEY,Alameda,2018,,052 156503900,2915 Pine Ave,,B2016-01064,ADU,Renter,0,0,0,0,0,0,0,0,0,0,0,,0,0,0,0,0,0,0,0,0,0,0,0,,0,0,0,0,0,0,0,0,0,0,0,1,2018-11-27,1,0,N,0,0,,,0,,0,0,0,0,0,,,,37.858155,-122.248409,"2915 Pine Ave, Berkeley, California, 94705",100
BERKELEY,Alameda,2018,,052 156403400,3011 College Ave,,B2016-00729,ADU,Renter,0,0,0,0,0,0,0,0,0,0,0,,0,0,0,0,0,0,0,0,0,0,0,0,,0,0,0,0,0,0,0,0,0,0,0,1,2018-06-14,1,0,N,0,0,,,0,,0,0,0,0,0,,,,37.855327,-122.252850,"3011 College Ave, Berkeley, California, 94705",100
BERKELEY,Alameda,2018,,052 156102200,3055 Hillegass Ave.,,ZP2018-0081,ADU,Renter,0,0,0,0,0,0,0,0,0,0,1,2018-06-13,1,0,0,0,0,0,0,0,0,0,0,0,,0,0,0,0,0,0,0,0,0,0,0,0,,0,0,N,0,0,,,0,,0,0,0,0,0,,,,37.854044,-122.254831,"3055 Hillegass Ave, Berkeley, California, 94705",100
BERKELEY,Alameda,2018,,063 295801500,681 Spruce St,,B2017-03691,ADU,Renter,0,0,0,0,0,0,0,0,0,0,0,,0,0,0,0,0,0,0,0,0,0,0,1,2018-08-13,1,0,0,0,0,0,0,0,0,0,0,0,,0,0,N,0,0,,,0,,0,0,0,0,0,,,,37.898398,-122.269969,"681 Spruce St, Berkeley, California, 94707",100
BERKELEY,Alameda,2018,,062 287400500,826 Miramar Ave,,B2018-02161,ADU,Renter,0,0,0,0,0,0,0,0,0,0,0,,0,0,0,0,0,0,0,0,0,0,0,1,2018-10-24,1,0,0,0,0,0,0,0,0,0,0,0,,0,0,N,0,0,,,0,,0,0,0,0,0,,,,37.892295,-122.284858,"826 Miramar Ave, Berkeley, California, 94707",100
BERKELEY,Alameda,2018,,063 296701703,901 Grizzly Peak Blvd,,B2017-03093,ADU,Renter,0,0,0,0,0,0,0,0,0,0,0,,0,0,0,0,0,0,0,0,0,0,0,0,,0,0,0,0,0,0,0,0,0,0,0,1,2018-08-10,1,0,N,0,0,,,0,,0,0,0,0,0,,,,37.896800,-122.261183,"901 Grizzly Peak Blvd, Berkeley, California, 94708",100
BERKELEY,Alameda,2018,,063 315001002,1140 Wildcat Canyon Road,,ZP2015-0234,SFD,Owner,0,0,0,0,0,0,0,0,0,0,1,2018-06-14,1,0,0,0,0,0,0,0,0,0,0,0,,0,0,0,0,0,0,0,0,0,0,0,0,,0,0,N,0,0,,,0,,0,0,0,0,0,,,,37.893812,-122.251153,"1140 Wildcat Canyon Rd, Berkeley, California, 94708",100
BERKELEY,Alameda,2018,,063 298504900,1169 Cragmont Ave,,B2016-03666,SFD,Owner,0,0,0,0,0,0,0,0,0,0,0,,0,0,0,0,0,0,0,0,0,0,0,0,,0,0,0,0,0,0,0,0,0,0,0,1,2018-07-16,1,0,N,0,0,,,0,,0,0,0,0,0,,,,37.888856,-122.257679,"1169 Cragmont Ave, Berkeley, California, 94708",100
BERKELEY,Alameda,2018,,060 248903200,122 Avenida Dr,,B2015-03376,SFD,Owner,0,0,0,0,0,0,0,0,0,0,0,,0,0,0,0,0,0,0,0,0,0,0,0,,0,0,0,0,0,0,0,0,0,0,0,1,2018-05-29,1,0,N,0,0,,,0,,0,0,0,0,0,,,,37.883830,-122.249548,"122 Avenida Dr, Berkeley, California, 94708",100
BERKELEY,Alameda,2018,,052 145202100,1222 Sixty-Sixth St,,B2017-02788,SFD,Owner,0,0,0,0,0,0,0,0,0,0,0,,0,0,0,0,0,0,0,0,0,0,0,1,2018-04-23,1,0,0,0,0,0,0,0,0,0,0,0,,0,0,N,0,0,,,0,,0,0,0,0,0,,,Building Permit 1 for 2 SFHs on one lot,37.849433,-122.282649,"1222 66th St, Berkeley, California, 94702",100
BERKELEY,Alameda,2018,,057 201502200,2145 Grant Street,,ZP2017-0186,SFD,Owner,0,0,0,0,0,0,0,0,0,0,1,2018-06-14,1,0,0,0,0,0,0,0,0,0,0,0,,0,0,0,0,0,0,0,0,0,0,0,0,,0,0,N,0,0,,,0,,0,0,0,0,0,,,,37.868927,-122.274985,"2145 Grant St, Berkeley, California, 94703",100
BERKELEY,Alameda,2018,,055 184200200,2524 Dwight Way,,ZP2016-0253,SFD,Owner,0,0,0,0,0,0,0,0,0,0,1,2018-01-25,1,0,0,0,0,0,0,0,0,0,0,0,,0,0,0,0,0,0,0,0,0,0,0,0,,0,0,N,0,0,,,0,,0,0,0,0,0,,,,37.865226,-122.257408,"2524 Dwight Way, Berkeley, California, 94704",100
BERKELEY,Alameda,2018,,058 212100400,912 Cedar St,,B2017-05297,SFD,Owner,0,0,0,0,0,0,0,0,0,0,0,,0,0,0,0,0,0,0,0,0,0,0,1,2018-07-25,1,0,0,0,0,0,0,0,0,0,0,0,,0,0,N,0,0,,,0,,1,0,0,0,0,,,,37.874413,-122.297963,"912 Cedar St, Berkeley, California, 94710",100
BERKELEY,Alameda,2021,,052 157310000,2980 College,,ZP2020-0075,2 to 4,Renter,0,0,0,0,0,0,0,0,0,0,4,2021-02-05,4,0,0,0,0,0,0,0,0,0,0,0,,0,0,0,0,0,0,0,0,0,0,0,0,,0,0,N,0,0,,,0,,0,0,0,0,0,,,,37.856567,-122.253030,"2980 College Ave, Berkeley, California, 94705",98.909999999999997
BERKELEY,Alameda,2021,,060 244901300,1915 Berryman,,ZP2020-0045,5+,Renter,0,0,0,0,3,0,0,0,0,0,8,2021-11-24,11,0,0,0,0,0,0,0,0,0,0,0,,0,0,0,0,0,0,0,0,0,0,0,0,,0,0,N,0,0,,DB,0,,3,0,0,50,6,Development Standards Modification,N,,37.883404,-122.273400,"1915 Berryman St, Berkeley, California, 94709",98.909999999999997
BERKELEY,Alameda,2021,,055 181900102,2628 Shattuck,,B2019-01950,5+,Renter,0,0,0,0,0,0,0,0,0,0,0,,0,0,0,0,0,0,0,0,0,0,0,0,,0,0,0,0,0,0,0,0,0,0,0,78,2021-07-16,78,0,N,0,0,,,0,,0,0,0,0,0,,,,37.861004,-122.267105,"2628 Shattuck Ave, Berkeley, California, 94704",98.909999999999997
BERKELEY,Alameda,2021,,060 235400200,1200 San Pablo,,ZP2019-0192,5+,Renter,0,0,0,0,9,0,0,0,0,0,95,2021-10-26,104,0,0,0,0,0,0,0,0,0,0,0,,0,0,0,0,0,0,0,0,0,0,0,0,,0,0,N,0,0,,DB,0,,0,0,0,35,5,Development Standards Modification,Y,,37.850485,-122.286021,"1200 San Pablo Ave, Berkeley, California, 94702",98.909999999999997
BERKELEY,Alameda,2021,,061 260900700,1112 Fresno,,B2020-02014,ADU,Renter,0,0,0,0,0,0,0,0,0,0,0,,0,0,0,0,0,0,0,0,0,0,0,0,,0,0,0,0,0,0,0,0,0,0,0,1,2021-02-18,1,0,N,0,0,,,0,,0,0,0,0,0,,,,37.886892,-122.277257,"1112 Fresno Ave, Berkeley, California, 94707",98.909999999999997
BERKELEY,Alameda,2021,,059 228800600,1131 Cedar,,B2021-02335,ADU,Renter,0,0,0,0,0,0,0,0,0,0,1,2021-10-26,1,0,0,0,0,0,0,0,0,0,0,1,2021-10-26,1,0,0,0,0,0,0,0,0,0,0,0,,0,0,N,0,0,,,0,,0,0,0,0,0,,,,37.875424,-122.292629,"1131 Cedar St, Berkeley, California, 94702",98.909999999999997
BERKELEY,Alameda,2021,,060 240800500,1206 Talbot,,B2021-01428,ADU,Renter,0,0,0,0,0,0,0,0,0,0,1,2021-07-06,1,0,0,0,0,0,0,0,0,0,0,1,2021-07-06,1,0,0,0,0,0,0,0,0,0,0,1,2021-12-22,1,0,N,0,0,,,0,,0,0,0,0,0,,,,37.882635,-122.292864,"1206 Talbot Ave, Albany, California, 94706",98.879999999999995
BERKELEY,Alameda,2021,,060 243504100,1255 Monterey,,B2020-04225,ADU,Renter,0,0,0,0,0,0,0,0,0,0,1,2021-04-20,1,0,0,0,0,0,0,0,0,0,0,1,2021-04-20,1,0,0,0,0,0,0,0,0,0,0,0,,0,0,N,0,0,,,0,,0,0,0,0,0,,,,37.883465,-122.281545,"1255 Monterey Ave, Berkeley, California, 94707",98.909999999999997
BERKELEY,Alameda,2021,,057 208100700,1284 Hearst,,B2020-00906,ADU,Renter,0,0,0,0,0,0,0,0,0,0,0,,0,0,0,0,0,0,0,0,0,0,0,0,,0,0,0,0,0,0,0,0,0,0,0,1,2021-07-15,1,0,N,0,0,,,0,,0,0,0,0,0,,,,37.871225,-122.287109,"1284 Hearst Ave, Berkeley, California, 94702",98.909999999999997
BERKELEY,Alameda,2021,,054 173901700,1307 Ward,,B2020-01020,ADU,Renter,0,0,0,0,0,0,0,0,0,0,0,,0,0,0,0,0,0,0,0,0,0,0,0,,0,0,0,0,0,0,0,0,0,0,0,1,2021-03-12,1,0,N,0,0,,,0,,0,0,0,0,0,,,,37.857392,-122.284221,"1307 Ward St, Berkeley, California, 94702",98.909999999999997
BERKELEY,Alameda,2021,,056 199705200,1431 Acton,,B2020-04073,ADU,Renter,0,0,0,0,0,0,0,0,0,0,1,2021-01-25,1,0,0,0,0,0,0,0,0,0,0,1,2021-01-25,1,0,0,0,0,0,0,0,0,0,0,0,,0,0,N,0,0,,,0,,0,0,0,0,0,,,,37.868031,-122.283004,"1431 Acton Cres, Berkeley, California, 94702",98.909999999999997
BERKELEY,Alameda,2021,,060 247801300,1446 Campus,,B2019-03338-REV01,ADU,Renter,0,0,0,0,0,0,0,0,0,0,1,2021-11-09,1,0,0,0,0,0,0,0,0,0,0,1,2021-11-09,1,0,0,0,0,0,0,0,0,0,0,0,,0,0,N,0,0,,,0,,0,0,0,0,0,,,,37.883007,-122.252757,"1446 Campus Dr, Berkeley, California, 94708",98.909999999999997
BERKELEY,Alameda,2021,,062 286801600,1575 Portland,,B2021-01628,ADU,Renter,0,0,0,0,0,0,0,0,0,0,1,2021-11-09,1,0,0,0,0,0,0,0,0,0,0,1,2021-11-09,1,0,0,0,0,0,0,0,0,0,0,0,,0,0,N,0,0,,,0,,0,0,0,0,0,,,,37.894728,-122.286047,"1575 Portland Ave, Berkeley, California, 94707",98.909999999999997
BERKELEY,Alameda,2021,,053 167301200,1625 Russell,,B2020-01282,ADU,Renter,0,0,0,0,0,0,0,0,0,0,0,,0,0,0,0,0,0,0,0,0,0,0,0,,0,0,0,0,0,0,0,0,0,0,0,1,2021-07-30,1,0,N,0,0,,,0,,0,0,0,0,0,,,,37.855498,-122.275760,"1625 Russell St, Berkeley, California, 94703",98.909999999999997
BERKELEY,Alameda,2021,,058 212000600,1628 Seventh,,B2019-05208,ADU,Renter,0,0,0,0,0,0,0,0,0,0,0,,0,0,0,0,0,0,0,0,0,0,0,0,,0,0,0,0,0,0,0,0,0,0,0,1,2021-03-18,1,0,N,0,0,,,0,,0,0,0,0,0,,,,37.873765,-122.298457,"1628 7th St, Berkeley, California, 94710",98.909999999999997
BERKELEY,Alameda,2021,,053 160602600,1628 Tyler,,B2020-04188,ADU,Renter,0,0,0,0,0,0,0,0,0,0,1,2021-07-22,1,0,0,0,0,0,0,0,0,0,0,1,2021-07-22,1,0,0,0,0,0,0,0,0,0,0,0,,0,0,N,0,0,,,0,,0,0,0,0,0,,,,37.852808,-122.275380,"1628 Tyler St, Berkeley, California, 94703",98.909999999999997
BERKELEY,Alameda,2021,,055 190902300,1631 Channing,,B2020-04513,ADU,Renter,0,0,0,0,0,0,0,0,0,0,1,2021-09-15,1,0,0,0,0,0,0,0,0,0,0,1,2021-09-15,1,0,0,0,0,0,0,0,0,0,0,0,,0,0,N,0,0,,,0,,0,0,0,0,0,,,,37.864502,-122.277655,"1631 Channing Way, Berkeley, California, 94703",98.909999999999997
BERKELEY,Alameda,2021,,057 201800700,2210 M L King Jr,,B2020-02346,ADU,Renter,0,0,0,0,0,0,0,0,0,0,1,2021-06-15,1,0,0,0,0,0,0,0,0,0,0,1,2021-06-15,1,0,0,0,0,0,0,0,0,0,0,0,,0,0,N,0,0,,,0,,0,0,0,0,0,,,,37.868246,-122.272677,"2210 Martin Luther King Jr Way, Berkeley, California, 94704",98.909999999999997
BERKELEY,Alameda,2021,,056 196901600,2236 Eighth,,B2020-01864,ADU,Renter,0,0,0,0,0,0,0,0,0,0,0,,0,0,0,0,0,0,0,0,0,0,0,0,,0,0,0,0,0,0,0,0,0,0,0,1,2021-07-21,1,0,N,0,0,,,0,,0,0,0,0,0,,,,37.864372,-122.294260,"2236 8th St, Berkeley, California, 94710",98.909999999999997
BERKELEY,Alameda,2021,,056 192600300,2310 Curtis,,B2019-05408,ADU,Renter,0,0,0,0,0,0,0,0,0,0,0,,0,0,0,0,0,0,0,0,0,0,0,0,,0,0,0,0,0,0,0,0,0,0,0,1,2021-07-07,1,0,N,0,0,,,0,,0,0,0,0,0,,,,37.864491,-122.288588,"2310 Curtis St, Berkeley, California, 94702",98.909999999999997
BERKELEY,Alameda,2021,,055 191203400,2321 California,,B2020-04134,ADU,Renter,0,0,0,0,0,0,0,0,0,0,1,2021-04-01,1,0,0,0,0,0,0,0,0,0,0,1,2021-04-01,1,0,0,0,0,0,0,0,0,0,0,0,,0,0,N,0,0,,,0,,0,0,0,0,0,,,,37.865236,-122.279186,"2321 California St, Berkeley, California, 94703",98.909999999999997
BERKELEY,Alameda,2021,,052 155901200,2417 Woolsey,,B2020-01052,ADU,Renter,0,0,0,0,0,0,0,0,0,0,0,,0,0,0,0,0,0,0,0,0,0,0,0,,0,0,0,0,0,0,0,0,0,0,0,1,2021-03-30,1,0,N,0,0,,,0,,0,0,0,0,0,,,,37.853299,-122.257511,"2417 Woolsey St, Berkeley, California, 94705",98.909999999999997
BERKELEY,Alameda,2021,,052 157101900,2445 Ashby,,B2020-04419,ADU,Renter,0,0,0,0,0,0,0,0,0,0,1,2021-07-07,1,0,0,0,0,0,0,0,0,0,0,1,2021-07-07,1,0,0,0,0,0,0,0,0,0,0,0,,0,0,N,0,0,,,0,,0,0,0,0,0,,,,37.856480,-122.257615,"2445 Ashby Ave, Berkeley, California, 94705",98.909999999999997
BERKELEY,Alameda,2021,,053 160103000,3005 Harper,,B2020-03895,ADU,Renter,0,0,0,0,0,0,0,0,0,0,1,2021-06-17,1,0,0,0,0,0,0,0,0,0,0,1,2021-06-17,1,0,0,0,0,0,0,0,0,0,0,0,,0,0,N,0,0,,,0,,0,0,0,0,0,,,,37.853898,-122.272109,"3005 Harper St, Berkeley, California, 94703",98.909999999999997
BERKELEY,Alameda,2021,,062 292302400,584 Arlington,,B2019-00524,ADU,Renter,0,0,0,0,0,0,0,0,0,0,0,,0,0,0,0,0,0,0,0,0,0,0,0,,0,0,0,0,0,0,0,0,0,0,0,1,2021-07-20,1,0,N,0,0,,,0,,0,0,0,0,0,,,,37.899642,-122.277762,"584 Arlington Ave, Berkeley, California, 94707",98.909999999999997
BERKELEY,Alameda,2021,,064 429504600,6450 Mystic,,B2021-01404,ADU,Renter,0,0,0,0,0,0,0,0,0,0,1,2021-10-06,1,0,0,0,0,0,0,0,0,0,0,1,2021-10-06,1,0,0,0,0,0,0,0,0,0,0,0,,0,0,N,0,0,,,0,,0,0,0,0,0,,,,37.851511,-122.249316,"6450 Mystic St, Oakland, California, 94618",98.879999999999995
BERKELEY,Alameda,2021,,059 232500600,1444 Fifth,,B2019-01349,SFD,Renter,0,0,0,0,0,0,0,0,0,0,0,,0,0,0,0,0,0,0,0,0,0,0,0,,0,0,0,0,0,0,0,0,0,0,0,1,2021-03-16,1,0,N,0,0,,,0,,0,0,0,0,0,,,,37.875787,-122.301471,"1444 5th St, Berkeley, California, 94710",98.909999999999997
BERKELEY,Alameda,2021,,058 212501300,1626 Tenth,,B2018-01356,SFD,Renter,0,0,0,0,0,0,0,0,0,0,0,,0,0,0,0,0,0,0,0,0,0,0,0,,0,0,0,0,0,0,0,0,0,0,0,1,2021-10-07,1,0,N,0,0,,,0,,0,0,0,0,0,,,,37.874112,-122.295030,"1626 10th St, Berkeley, California, 94710",98.909999999999997
BERKELEY,Alameda,2021,,058 212401600,1640 Ninth,,B2018-03252,SFD,Renter,0,0,0,0,0,0,0,0,0,0,0,,0,0,0,0,0,0,0,0,0,0,0,0,,0,0,0,0,0,0,0,0,0,0,0,1,2021-11-16,1,0,N,0,0,,,0,,0,0,0,0,0,,,,37.873428,-122.295985,"1640 9th St, Berkeley, California, 94710",98.909999999999997
BERKELEY,Alameda,2021,,056 193702300,2323 Eighth,,B2018-01153,SFD,Renter,0,0,0,0,0,0,0,0,0,0,0,,0,0,0,0,0,0,0,0,0,0,0,0,,0,0,0,0,0,0,0,0,0,0,0,1,2021-05-24,1,0,N,0,0,,,0,,1,0,0,0,0,,,,37.862943,-122.293768,"2323 8th St, Berkeley, California, 94710",98.909999999999997
BERKELEY,Alameda,2021,,053 165900900,2808 Ninth,,ZP2019-0220,SFD,Renter,0,0,0,0,0,0,0,0,0,0,1,2021-08-26,1,0,0,0,0,0,0,0,0,0,0,0,,0,0,0,0,0,0,0,0,0,0,0,0,,0,0,N,0,0,,,0,,1,0,0,0,0,,,,37.855381,-122.290188,"2808 9th St, Berkeley, California, 94710",98.909999999999997
BERKELEY,Alameda,2021,,063 296903426,55 Latham,,ZP2020-0158,SFD,Owner,0,0,0,0,0,0,0,0,0,0,1,2021-06-02,1,0,0,0,0,0,0,0,0,0,0,0,,0,0,0,0,0,0,0,0,0,0,0,0,,0,0,N,0,0,,,0,,0,0,0,0,0,,,,37.893461,-122.258460,"55 Latham Ln, Berkeley, California, 94708",98.909999999999997
BERKELEY,Alameda,2021,,054 180302900,1630 Carleton,,ZP2020-0136,SFD,Owner,0,0,0,0,0,0,0,0,0,0,1,2021-08-09,1,0,0,0,0,0,0,0,0,0,0,0,,0,0,0,0,0,0,0,0,0,0,0,0,,0,0,N,0,0,,,0,,1,0,0,0,0,,,,37.860044,-122.276681,"1630 Carleton St, Berkeley, California, 94703",98.909999999999997
BERKELEY,Alameda,2021,,053 159400300,2031 Prince,,B2014-02947,2 to 4,Renter,0,0,0,0,0,0,0,0,0,0,0,,0,0,0,0,0,0,0,0,0,0,0,1,2021-01-13,1,0,0,0,0,0,0,0,0,0,0,1,2021-07-21,1,0,N,0,Y,,,0,,0,0,0,0,0,,,Reissued (previously issued 12/23/20),37.853047,-122.266777,"2031 Prince St, Berkeley, California, 94703",98.909999999999997
BERKELEY,Alameda,2021,,057 202501300,2000 University,,ZP2020-0134,5+,Renter,0,0,0,0,7,0,0,0,0,0,75,2021-07-14,82,0,0,0,0,0,0,0,0,0,0,0,,0,0,0,0,0,0,0,0,0,0,0,0,,0,0,N,0,0,,DB,0,,0,0,0,32.5,5,Development Standards Modification,Y,,37.871799,-122.270525,"2000 University Ave, Berkeley, California, 94704",98.909999999999997
BERKELEY,Alameda,2021,,061 255901500,1039 Mariposa,,B2019-05173,ADU,Renter,0,0,0,0,0,0,0,0,0,0,0,,0,0,0,0,0,0,0,0,0,0,0,0,,0,0,0,0,0,0,0,0,0,0,0,1,2021-05-03,1,0,N,0,0,,,0,,0,0,0,0,0,,,,37.888622,-122.270743,"1039 Mariposa Ave, Berkeley, California, 94707",98.909999999999997
BERKELEY,Alameda,2021,,061 260902300,1107 Colusa,,B2020-02775,ADU,Renter,0,0,0,0,0,0,0,0,0,0,1,2021-01-14,1,0,0,0,0,0,0,0,0,0,0,1,2021-01-14,1,0,0,0,0,0,0,0,0,0,0,1,2021-10-14,1,0,N,0,0,,,0,,0,0,0,0,0,,,,37.886723,-122.278274,"1107 Colusa Ave, Berkeley, California, 94707",98.909999999999997
BERKELEY,Alameda,2021,,060 243504900,1215 Monterey,,B2021-01873,ADU,Renter,0,0,0,0,0,0,0,0,0,0,1,2021-10-12,1,0,0,0,0,0,0,0,0,0,0,1,2021-10-12,1,0,0,0,0,0,0,0,0,0,0,0,,0,0,N,0,0,,,0,,0,0,0,0,0,,,,37.884372,-122.281300,"1215 Monterey Ave, Berkeley, California, 94707",98.909999999999997
BERKELEY,Alameda,2021,,058 213500300,1262 Francisco,,B2021-02473,ADU,Renter,0,0,0,0,0,0,0,0,0,0,1,2021-09-14,1,0,0,0,0,0,0,0,0,0,0,1,2021-09-14,1,0,0,0,0,0,0,0,0,0,0,0,,0,0,N,0,0,,,0,,0,0,0,0,0,,,,37.873259,-122.287767,"1262 Francisco St, Berkeley, California, 94702",98.909999999999997
BERKELEY,Alameda,2021,,052 151902200,1412 Harmon,,B2019-04142,ADU,Renter,0,0,0,0,0,0,0,0,0,0,0,,0,0,0,0,0,0,0,0,0,0,0,0,,0,0,0,0,0,0,0,0,0,0,0,1,2021-09-23,1,0,N,0,0,,,0,,0,0,0,0,0,,,,37.848635,-122.279159,"1412 Harmon St, Berkeley, California, 94702",98.909999999999997
BERKELEY,Alameda,2021,,057 209501302,1817 Sixth,,B2021-00200,ADU,Renter,0,0,0,0,0,0,0,0,0,0,2,2021-08-25,2,0,0,0,0,0,0,0,0,0,0,2,2021-08-25,2,0,0,0,0,0,0,0,0,0,0,0,,0,0,N,0,0,,,0,,0,0,0,0,0,,,,37.869849,-122.298252,"1817 6th St, Berkeley, California, 94710",98.909999999999997
BERKELEY,Alameda,2021,,057 206800400,1912 California,,B2021-00811,ADU,Renter,0,0,0,0,0,0,0,0,0,0,1,2021-06-04,1,0,0,0,0,0,0,0,0,0,0,1,2021-06-04,1,0,0,0,0,0,0,0,0,0,0,0,,0,0,N,0,0,,,0,,0,0,0,0,0,,,,37.871724,-122.279923,"1912 California St, Berkeley, California, 94703",98.909999999999997
BERKELEY,Alameda,2021,,057 203000200,2116 Allston,,B2020-02394,ADU,Renter,0,0,0,0,0,0,0,0,0,0,2,2021-01-21,2,0,0,0,0,0,0,0,0,0,0,2,2021-01-21,2,0,0,0,0,0,0,0,0,0,0,2,2021-10-29,2,0,N,0,0,,,0,,0,0,0,0,0,,,,37.869490,-122.267071,"2116 Allston Way, Berkeley, California, 94704",98.909999999999997
BERKELEY,Alameda,2021,,055 182601100,2131 Derby,,B2020-03928,ADU,Renter,0,0,0,0,0,0,0,0,0,0,1,2021-02-26,1,0,0,0,0,0,0,0,0,0,0,1,2021-02-26,1,0,0,0,0,0,0,0,0,0,0,1,2021-05-14,1,0,N,0,0,,,0,,0,0,0,0,0,,,,37.860584,-122.265451,"2131 Derby St, Berkeley, California, 94705",98.909999999999997
BERKELEY,Alameda,2021,,054 172002900,2148 Ward,,B2020-03619,ADU,Renter,0,0,0,0,0,0,0,0,0,0,1,2021-01-07,1,0,0,0,0,0,0,0,0,0,0,1,2021-01-07,1,0,0,0,0,0,0,0,0,0,0,1,2021-05-06,1,0,N,0,0,,,0,,0,0,0,0,0,,,,37.859695,-122.264879,"2148 Ward St, Berkeley, California, 94705",98.909999999999997
BERKELEY,Alameda,2021,,057 201303200,2215 Roosevelt,,B2020-04505,ADU,Renter,0,0,0,0,0,0,0,0,0,0,1,2021-09-14,1,0,0,0,0,0,0,0,0,0,0,1,2021-09-14,1,0,0,0,0,0,0,0,0,0,0,0,,0,0,N,0,0,,,0,,0,0,0,0,0,,,,37.867973,-122.276013,"2215 Roosevelt Ave, Berkeley, California, 94703",98.909999999999997
BERKELEY,Alameda,2021,,057 201401901,2233 Grant,,B2020-02423,ADU,Renter,0,0,0,0,0,0,0,0,0,0,2,2021-12-15,2,0,0,0,0,0,0,0,0,0,0,2,2021-12-15,2,0,0,0,0,0,0,0,0,0,0,0,,0,0,N,0,0,,,0,,0,0,0,0,0,,,,37.867333,-122.274811,"2233 Grant St, Berkeley, California, 94703",98.909999999999997
BERKELEY,Alameda,2021,,053 168900602,2339 Oregon,,B2020-01498,ADU,Renter,0,0,0,0,0,0,0,0,0,0,2,2021-03-03,2,0,0,0,0,0,0,0,0,0,0,2,2021-03-03,2,0,0,0,0,0,0,0,0,0,0,0,,0,0,N,0,0,,,0,,0,0,0,0,0,,,,37.858552,-122.259956,"2339 Oregon St, Berkeley, California, 94705",98.909999999999997
BERKELEY,Alameda,2021,,053 167700900,2804 M L King Jr,,B2020-03494,ADU,Renter,0,0,0,0,0,0,0,0,0,0,1,2021-09-27,1,0,0,0,0,0,0,0,0,0,0,1,2021-09-27,1,0,0,0,0,0,0,0,0,0,0,0,,0,0,N,0,0,,,0,,0,0,0,0,0,,,,37.857738,-122.271497,"2804 Martin Luther King Jr Way, Berkeley, California, 94703",98.909999999999997
BERKELEY,Alameda,2021,,055 186300800,2901 Channing,,B2020-01816,ADU,Renter,0,0,0,0,0,0,0,0,0,0,1,2021-11-12,1,0,0,0,0,0,0,0,0,0,0,1,2021-11-12,1,0,0,0,0,0,0,0,0,0,0,0,,0,0,N,0,0,,,0,,0,0,0,0,0,,,,37.868012,-122.250445,"2901 Channing Way, Berkeley, California, 94704",98.909999999999997
BERKELEY,Alameda,2021,,053 160002700,2915 Harper,,B2020-01503,ADU,Renter,0,0,0,0,0,0,0,0,0,0,0,,0,0,0,0,0,0,0,0,0,0,0,0,,0,0,0,0,0,0,0,0,0,0,0,1,2021-11-01,1,0,N,0,0,,,0,,0,0,0,0,0,,,,37.855326,-122.272278,"2915 Harper St, Berkeley, California, 94703",98.909999999999997
BERKELEY,Alameda,2021,,053 159802700,2921 Otis,,B2019-02062,ADU,Renter,0,0,0,0,0,0,0,0,0,0,0,,0,0,0,0,0,0,0,0,0,0,0,0,,0,0,0,0,0,0,0,0,0,0,0,1,2021-09-20,1,0,N,0,0,,,0,,0,0,0,0,0,,,,37.855577,-122.270106,"2921 Otis St, Berkeley, California, 94703",98.909999999999997
BERKELEY,Alameda,2021,,052 156703700,2936 Piedmont,,B2021-03236,ADU,Renter,0,0,0,0,0,0,0,0,0,0,1,2021-09-08,1,0,0,0,0,0,0,0,0,0,0,1,2021-09-08,1,0,0,0,0,0,0,0,0,0,0,0,,0,0,N,0,0,,,0,,0,0,0,0,0,,,,37.857290,-122.250696,"2936 Piedmont Ave, Berkeley, California, 94705",98.909999999999997
BERKELEY,Alameda,2021,,052 156307200,3130 Lewiston,,B2020-02258,ADU,Renter,0,0,0,0,0,0,0,0,0,0,0,,0,0,0,0,0,0,0,0,0,0,0,0,,0,0,0,0,0,0,0,0,0,0,0,1,2021-07-12,1,0,N,0,0,,,0,,0,0,0,0,0,,,,37.852877,-122.251617,"3130 Lewiston Ave, Berkeley, California, 94705",98.909999999999997
BERKELEY,Alameda,2021,,060 246901800,50 Northgate,,B2017-02783,ADU,Renter,0,0,0,0,0,0,0,0,0,0,0,,0,0,0,0,0,0,0,0,0,0,0,0,,0,0,0,0,0,0,0,0,0,0,0,1,2021-01-29,1,0,N,0,0,,,0,,0,0,0,0,0,,,,37.886434,-122.255933,"50 Northgate Ave, Berkeley, California, 94708",98.909999999999997
BERKELEY,Alameda,2021,,062 286800100,605 Neilson,,B2020-00481,ADU,Renter,0,0,0,0,0,0,0,0,0,0,1,2021-06-04,1,0,0,0,0,0,0,0,0,0,0,1,2021-06-04,1,0,0,0,0,0,0,0,0,0,0,0,,0,0,N,0,0,,,0,,0,0,0,0,0,,,,37.896424,-122.286331,"605 Neilson St, Berkeley, California, 94707",98.909999999999997
BERKELEY,Alameda,2021,,062 286902500,773 Neilson,,B2020-01576,ADU,Renter,0,0,0,0,0,0,0,0,0,0,0,,0,0,0,0,0,0,0,0,0,0,0,0,,0,0,0,0,0,0,0,0,0,0,0,1,2021-04-29,1,0,N,0,0,,,0,,0,0,0,0,0,,,,37.893364,-122.286462,"773 Neilson St, Berkeley, California, 94707",98.909999999999997
BERKELEY,Alameda,2021,,055 186300901,2350 Prospect,,B2019-02693,SFD,Renter,0,0,0,0,0,0,0,0,0,0,0,,0,0,0,0,0,0,0,0,0,0,0,0,,0,0,0,0,0,0,0,0,0,0,0,1,2021-09-02,1,0,N,0,0,,,0,,0,0,0,0,0,,,,37.868328,-122.250048,"2350 Prospect St, Berkeley, California, 94704",98.909999999999997
BERKELEY,Alameda,2021,,059 232500400,776 Page,,ZP2021-0084,SFD,Renter,0,0,0,0,0,0,0,0,0,0,3,2021-10-28,3,0,0,0,0,0,0,0,0,0,0,0,,0,0,0,0,0,0,0,0,0,0,0,0,,0,0,N,0,0,,,0,,1,0,0,0,0,,,,37.876128,-122.301732,"776 Page St, Berkeley, California, 94710",98.909999999999997
BERKELEY,Alameda,2021,,060 235401503,1207 Tenth Street,,ZP2020-0046,2 to 4,Renter,0,0,0,0,0,0,0,0,0,0,2,2021-07-22,2,0,0,0,0,0,0,0,0,0,0,0,,0,0,0,0,0,0,0,0,0,0,0,0,,0,0,N,0,0,,,0,,0,0,0,0,0,,,,37.881469,-122.297341,"1207 10th St, Berkeley, California, 94710",100
BERKELEY,Alameda,2021,,052 152701100,1811 Sixty-Third,,B2019-03765,2 to 4,Renter,0,0,0,0,0,0,0,0,0,0,0,,0,0,0,0,0,0,0,0,0,0,0,0,,0,0,0,0,0,0,0,0,0,0,0,2,2021-09-16,2,0,N,0,0,,,0,,0,0,0,0,0,,,,37.847960,-122.270682,"1811 63rd St, Berkeley, California, 94703",98.909999999999997
BERKELEY,Alameda,2021,,057 202901600,2150-76 Kittredge,,B2021-00008,5+,Renter,0,0,0,0,0,0,0,0,0,0,0,,0,0,0,0,0,0,0,0,0,0,0,169,2021-10-27,169,0,0,0,0,0,0,0,0,0,0,0,,0,0,N,0,Y,,,0,,0,0,0,0,0,,,,37.868437,-122.268321,"Kittredge St, Berkeley, California, 94704",89.719999999999999
BERKELEY,Alameda,2021,,055 188400600,2317 Channing,,ZP2020-0090,5+,Renter,0,0,0,0,0,0,0,0,0,0,17,2021-04-12,17,0,0,0,0,0,0,0,0,0,0,0,,0,0,0,0,0,0,0,0,0,0,0,0,,0,0,N,0,0,,,0,,0,0,0,0,0,,,,37.866457,-122.262561,"2317 Channing Way, Berkeley, California, 94704",98.909999999999997
BERKELEY,Alameda,2021,,055 183700300,2597 Telegraph,,B2017-01850,5+,Renter,0,0,0,0,0,0,0,0,0,0,0,,0,0,0,0,0,0,0,0,0,0,0,0,,0,0,0,0,0,1,0,0,0,0,0,9,2021-11-10,10,0,N,0,Y,,DB,0,,0,0,0,35,7,Development Standards Modification,N,,37.863357,-122.258570,"2597 Telegraph Ave, Berkeley, California, 94704",98.909999999999997
BERKELEY,Alameda,2021,,060 243600700,1212 Colusa,,B2020-01359,ADU,Renter,0,0,0,0,0,0,0,0,0,0,0,,0,0,0,0,0,0,0,0,0,0,0,0,,0,0,0,0,0,0,0,0,0,0,0,1,2021-06-09,1,0,N,0,0,,,0,,0,0,0,0,0,,,,37.883798,-122.279438,"1212 Colusa Ave, Berkeley, California, 94707",98.909999999999997
BERKELEY,Alameda,2021,,060 241501700,1227 Neilson,,B2020-00258,ADU,Renter,0,0,0,0,0,0,0,0,0,0,0,,0,0,0,0,0,0,0,0,0,0,0,0,,0,0,0,0,0,0,0,0,0,0,0,1,2021-06-16,1,0,N,0,0,,,0,,0,0,0,0,0,,,,37.881861,-122.288920,"1227 Neilson St, Albany, California, 94706",98.879999999999995
BERKELEY,Alameda,2021,,059 233600500,1414 Seventh,,B2021-03412,ADU,Renter,0,0,0,0,0,0,0,0,0,0,1,2021-11-16,1,0,0,0,0,0,0,0,0,0,0,1,2021-11-16,1,0,0,0,0,0,0,0,0,0,0,0,,0,0,N,0,0,,,0,,0,0,0,0,0,,,,37.877466,-122.299638,"1414 7th St, Berkeley, California, 94710",98.909999999999997
BERKELEY,Alameda,2021,,060 239801300,1423 Stannage,,B2020-00799,ADU,Renter,0,0,0,0,0,0,0,0,0,0,0,,0,0,0,0,0,0,0,0,0,0,0,0,,0,0,0,0,0,0,0,0,0,0,0,1,2021-03-05,1,0,N,0,0,,,0,,0,0,0,0,0,,,,37.878226,-122.293180,"1423 Stannage Ave, Berkeley, California, 94702",98.909999999999997
BERKELEY,Alameda,2021,,060 239801000,1428 Cornell,,B2021-00065,ADU,Renter,0,0,0,0,0,0,0,0,0,0,1,2021-06-17,1,0,0,0,0,0,0,0,0,0,0,1,2021-06-17,1,0,0,0,0,0,0,0,0,0,0,0,,0,0,N,0,0,,,0,,0,0,0,0,0,,,,37.878250,-122.292337,"1428 Cornell Ave, Berkeley, California, 94702",98.909999999999997
BERKELEY,Alameda,2021,,059 224801400,1445 Euclid,,B2020-00043,ADU,Renter,0,0,0,0,0,0,0,0,0,0,0,,0,0,0,0,0,0,0,0,0,0,0,0,,0,0,0,0,0,0,0,0,0,0,0,1,2021-02-10,1,0,N,0,0,,,0,,0,0,0,0,0,,,,37.882268,-122.261529,"1445 Euclid Ave, Berkeley, California, 94708",98.909999999999997
BERKELEY,Alameda,2021,,058 215302600,1530 Lincoln,,B2021-00628,ADU,Renter,0,0,0,0,0,0,0,0,0,0,1,2021-05-17,1,0,0,0,0,0,0,0,0,0,0,1,2021-05-17,1,0,0,0,0,0,0,0,0,0,0,0,,0,0,N,0,0,,,0,,0,0,0,0,0,,,,37.875901,-122.281373,"1530 Lincoln St, Berkeley, California, 94703",98.909999999999997
BERKELEY,Alameda,2021,,054 179702300,1534 Dwight,,B2020-01851,ADU,Renter,0,0,0,0,0,0,0,0,0,0,0,,0,0,0,0,0,0,0,0,0,0,0,0,,0,0,0,0,0,0,0,0,0,0,0,1,2021-04-20,1,0,N,0,0,,,0,,0,0,0,0,0,,,,37.862352,-122.279638,"1534 Dwight Way, Berkeley, California, 94703",98.909999999999997
BERKELEY,Alameda,2021,,059 228403700,1595 Holly,,B2020-01517,ADU,Renter,0,0,0,0,0,0,0,0,0,0,0,,0,0,0,0,0,0,0,0,0,0,0,0,,0,0,0,0,0,0,0,0,0,0,0,1,2021-10-12,1,0,N,0,0,,,0,,0,0,0,0,0,,,,37.877053,-122.281529,"1595 Holly St, Berkeley, California, 94703",98.909999999999997
BERKELEY,Alameda,2021,,053 167302600,1610 Oregon,,B2019-03475,ADU,Renter,0,0,0,0,0,0,0,0,0,0,0,,0,0,0,0,0,0,0,0,0,0,0,0,,0,0,0,0,0,0,0,0,0,0,0,1,2021-01-20,1,0,N,0,0,,,0,,0,0,0,0,0,,,,37.856357,-122.276825,"1610 Oregon St, Berkeley, California, 94703",98.909999999999997
BERKELEY,Alameda,2021,,053 167301400,1623 Russell,,B2020-03294,ADU,Renter,0,0,0,0,0,0,0,0,0,0,1,2021-12-01,1,0,0,0,0,0,0,0,0,0,0,1,2021-12-01,1,0,0,0,0,0,0,0,0,0,0,0,,0,0,N,0,0,,,0,,0,0,0,0,0,,,,37.855500,-122.275743,"1623 Russell St, Berkeley, California, 94703",98.909999999999997
BERKELEY,Alameda,2021,,060 243600100,1624 Posen,,B2017-00207,ADU,Renter,0,0,0,0,0,0,0,0,0,0,0,,0,0,0,0,0,0,0,0,0,0,0,0,,0,0,0,0,0,0,0,0,0,0,0,1,2021-09-09,1,0,N,0,0,,,0,,0,0,0,0,0,,,,37.884590,-122.279937,"1624 Posen Ave, Berkeley, California, 94707",98.909999999999997
BERKELEY,Alameda,2021,,054 172901700,1711 Stuart,,B2019-03190,ADU,Renter,0,0,0,0,0,0,0,0,0,0,0,,0,0,0,0,0,0,0,0,0,0,0,0,,0,0,0,0,0,0,0,0,0,0,0,1,2021-10-20,1,0,N,0,0,,,0,,0,0,0,0,0,,,,37.857570,-122.274882,"1711 Stuart St, Berkeley, California, 94703",98.909999999999997
BERKELEY,Alameda,2021,,056 194102100,2317 Sixth,,B2020-02676,ADU,Renter,0,0,0,0,0,0,0,0,0,0,1,2021-04-12,1,0,0,0,0,0,0,0,0,0,0,1,2021-04-12,1,0,0,0,0,0,0,0,0,0,0,1,2021-11-15,1,0,N,0,0,,,0,,0,0,0,0,0,,,,37.862836,-122.295987,"2317 6th St, Berkeley, California, 94710",98.909999999999997
BERKELEY,Alameda,2021,,055 184702800,2519 College,,B2021-00697,ADU,Renter,0,0,0,0,0,0,0,0,0,0,1,2021-06-14,1,0,0,0,0,0,0,0,0,0,0,1,2021-06-14,1,0,0,0,0,0,0,0,0,0,0,0,,0,0,N,0,0,,,0,,0,0,0,0,0,,,,37.865044,-122.253789,"2519 College Ave, Berkeley, California, 94704",98.909999999999997
BERKELEY,Alameda,2021,,053 160200800,3020 Harper,,B2021-00448,ADU,Renter,0,0,0,0,0,0,0,0,0,0,1,2021-05-24,1,0,0,0,0,0,0,0,0,0,0,1,2021-05-24,1,0,0,0,0,0,0,0,0,0,0,0,,0,0,N,0,0,,,0,,0,0,0,0,0,,,,37.853356,-122.272106,"3020 Harper St, Berkeley, California, 94703",98.909999999999997
BERKELEY,Alameda,2021,,063 296903435,0 Grizzly Peak,,B2019-05487,SFD,Renter,0,0,0,0,0,0,0,0,0,0,0,,0,0,0,0,0,0,0,0,0,0,0,1,2021-04-16,1,0,0,0,0,0,0,0,0,0,0,0,,0,0,N,0,0,,,0,,0,0,0,0,0,,,,37.880616,-122.230108,Grizzly Peak,98.379999999999995
BERKELEY,Alameda,2021,,059 232500600,1444 Fifth,,B2019-01863,SFD,Renter,0,0,0,0,0,0,0,0,0,0,0,,0,0,0,0,0,0,0,0,0,0,0,0,,0,0,0,0,0,0,0,0,0,0,0,1,2021-03-16,1,0,N,0,0,,,0,,0,0,0,0,0,,,,37.875787,-122.301471,"1444 5th St, Berkeley, California, 94710",98.909999999999997
BERKELEY,Alameda,2021,,052 152701100,1811 Sixty-Third,,B2019-03766,SFD,Renter,0,0,0,0,0,0,0,0,0,0,0,,0,0,0,0,0,0,0,0,0,0,0,0,,0,0,0,0,0,0,0,0,0,0,0,1,2021-09-01,1,0,N,0,0,,,0,,0,0,0,0,0,,,,37.847960,-122.270682,"1811 63rd St, Berkeley, California, 94703",98.909999999999997
BERKELEY,Alameda,2021,,060 246906800,2702 Shasta,,B2017-04282,SFD,Renter,0,0,0,0,0,0,0,0,0,0,0,,0,0,0,0,0,0,0,0,0,0,0,0,,0,0,0,0,0,0,0,0,0,0,0,1,2021-03-09,1,0,N,0,0,,,0,,0,0,0,0,0,,,,37.885728,-122.258610,"2702 Shasta Rd, Berkeley, California, 94708",98.909999999999997
BERKELEY,Alameda,2021,,058 224211501,2851 Buena Vista,,B2018-02859,SFD,Renter,0,0,0,0,0,0,0,0,0,0,0,,0,0,0,0,0,0,0,0,0,0,0,0,,0,0,0,0,0,0,0,0,0,0,0,1,2021-07-12,1,0,N,0,0,,,0,,0,0,0,0,0,,,,37.881951,-122.256345,"2851 Buena Vista Way, Berkeley, California, 94708",98.909999999999997
BERKELEY,Alameda,2021,,054 180803100,1730 Blake,,ZP2019-0032,SFD,Owner,0,0,0,0,0,0,0,0,0,0,1,2021-06-10,1,0,0,0,0,0,0,0,0,0,0,0,,0,0,0,0,0,0,0,0,0,0,0,0,,0,0,N,0,0,,,0,,0,0,0,0,0,,,,37.862054,-122.275079,"1730 Blake St, Berkeley, California, 94703",98.909999999999997
BERKELEY,Alameda,2021,,056 194101900,2325 Sixth,,B2020-01409,2 to 4,Renter,0,0,0,0,0,0,0,0,0,0,0,,0,0,0,0,0,0,0,0,0,0,0,2,2021-01-13,2,0,0,0,0,0,0,0,0,0,0,0,,0,0,N,0,Y,,,0,,0,0,0,0,0,,,,37.862565,-122.295901,"2325 6th St, Berkeley, California, 94710",98.909999999999997
BERKELEY,Alameda,2021,,055 186401000,2815 Channing,,B2018-02623,2 to 4,Renter,0,0,0,0,0,0,0,0,0,0,0,,0,0,0,0,0,0,0,0,0,0,0,0,,0,0,0,0,0,0,0,0,0,0,0,2,2021-05-28,2,0,N,0,0,,,0,,0,0,0,0,0,,,,37.867910,-122.251132,"2815 Channing Way, Berkeley, California, 94704",98.909999999999997
BERKELEY,Alameda,2021,,056 194302000,2421 Fifth,,ZP2020-0043,2 to 4,Renter,0,0,0,0,0,0,0,0,0,0,4,2021-06-01,4,0,0,0,0,0,0,0,0,0,0,0,,0,0,0,0,0,0,0,0,0,0,0,0,,0,0,N,0,0,,,0,,1,0,0,0,0,,,,37.860701,-122.296527,"2421 5th St, Berkeley, California, 94710",98.909999999999997
BERKELEY,Alameda,2021,,057 203400800,2023 Shattuck,,B2020-03911,5+,Renter,0,0,0,0,0,0,0,0,0,0,0,,0,0,0,0,0,4,0,0,0,0,0,44,2021-11-29,48,0,0,0,0,0,0,0,0,0,0,0,,0,0,N,0,Y,,DB,0,,0,0,0,35,3,Development Standards Modification,Y,,37.871569,-122.268314,"2023 Shattuck Ave, Berkeley, California, 94704",98.909999999999997
BERKELEY,Alameda,2021,,057 208001400,1275 Hearst,,B2020-00441,ADU,Renter,0,0,0,0,0,0,0,0,0,0,1,2021-07-14,1,0,0,0,0,0,0,0,0,0,0,1,2021-07-14,1,0,0,0,0,0,0,0,0,0,0,0,,0,0,N,0,0,,,0,,0,0,0,0,0,,,,37.871233,-122.287493,"1275 Hearst Ave, Berkeley, California, 94702",98.909999999999997
BERKELEY,Alameda,2021,,052 144801100,1279 Alcatraz,,B2021-00975,ADU,Renter,0,0,0,0,0,0,0,0,0,0,1,2021-08-11,1,0,0,0,0,0,0,0,0,0,0,1,2021-08-11,1,0,0,0,0,0,0,0,0,0,0,0,,0,0,N,0,0,,,0,,0,0,0,0,0,,,,37.847422,-122.281540,"1279 Alcatraz Ave, Berkeley, California, 94702",98.909999999999997
BERKELEY,Alameda,2021,,060 245301800,1315 Milvia,,B2020-03702,ADU,Renter,0,0,0,0,0,0,0,0,0,0,1,2021-01-22,1,0,0,0,0,0,0,0,0,0,0,1,2021-01-22,1,0,0,0,0,0,0,0,0,0,0,1,2021-08-26,1,0,N,0,0,,,0,,0,0,0,0,0,,,,37.882972,-122.271939,"1315 Milvia St, Berkeley, California, 94709",98.909999999999997
BERKELEY,Alameda,2021,,060 239400201,1430 Stannage,,B2021-01569,ADU,Renter,0,0,0,0,0,0,0,0,0,0,0,,0,0,0,0,0,0,0,0,0,0,0,1,2021-07-29,1,0,0,0,0,0,0,0,0,0,0,0,,0,0,N,0,0,,,0,,0,0,0,0,0,,,,37.877786,-122.293096,"1430 Stannage Ave, Berkeley, California, 94702",98.909999999999997
BERKELEY,Alameda,2021,,058 215501701,1601 Lincoln,,B2020-03794,ADU,Renter,0,0,0,0,0,0,0,0,0,0,1,2021-04-16,1,0,0,0,0,0,0,0,0,0,0,1,2021-04-16,1,0,0,0,0,0,0,0,0,0,0,0,,0,0,N,0,0,,,0,,0,0,0,0,0,,,,37.876096,-122.280218,"1601 Lincoln St, Berkeley, California, 94703",98.909999999999997
BERKELEY,Alameda,2021,,059 228903900,1611 Stannage,,B2017-04866,ADU,Renter,0,0,0,0,0,0,0,0,0,0,0,,0,0,0,0,0,0,0,0,0,0,0,0,,0,0,0,0,0,0,0,0,0,0,0,1,2021-03-29,1,0,N,0,0,,,0,,0,0,0,0,0,,,,37.874909,-122.292102,"1611 Stannage Ave, Berkeley, California, 94702",98.909999999999997
BERKELEY,Alameda,2021,,058 216401000,1614 Grant,,B2021-03710,ADU,Renter,0,0,0,0,0,0,0,0,0,0,1,2021-11-23,1,0,0,0,0,0,0,0,0,0,0,1,2021-11-23,1,0,0,0,0,0,0,0,0,0,0,1,2021-12-17,1,0,N,0,0,,,0,,0,0,0,0,0,,,,37.876984,-122.275934,"1614 Grant St, Berkeley, California, 94703",98.909999999999997
BERKELEY,Alameda,2021,,058 218701900,1677 Arch,,B2021-03071,ADU,Renter,0,0,0,0,0,0,0,0,0,0,1,2021-11-16,1,0,0,0,0,0,0,0,0,0,0,1,2021-11-16,1,0,0,0,0,0,0,0,0,0,0,0,,0,0,Y,0,0,,,0,,0,0,0,0,0,,,,37.877769,-122.264304,"1677 Arch St, Berkeley, California, 94709",98.909999999999997
BERKELEY,Alameda,2021,,054 172701000,1821 Ward,,B2020-03080,ADU,Renter,0,0,0,0,0,0,0,0,0,0,1,2021-03-24,1,0,0,0,0,0,0,0,0,0,0,1,2021-03-24,1,0,0,0,0,0,0,0,0,0,0,1,2021-11-16,1,0,N,0,0,,,0,,0,0,0,0,0,,,,37.858807,-122.272388,"1821 Ward St, Berkeley, California, 94703",98.909999999999997
BERKELEY,Alameda,2021,,052 152802200,1894 Harmon,,B2021-00336,ADU,Renter,0,0,0,0,0,0,0,0,0,0,1,2021-07-21,1,0,0,0,0,0,0,0,0,0,0,1,2021-07-21,1,0,0,0,0,0,0,0,0,0,0,0,,0,0,N,0,0,,,0,,0,0,0,0,0,,,,37.849726,-122.270045,"1894 Harmon St, Berkeley, California, 94703",98.909999999999997
BERKELEY,Alameda,2021,,052 157901400,2304 Russell,,B2021-02411,ADU,Renter,0,0,0,0,0,0,0,0,0,0,1,2021-10-25,1,0,0,0,0,0,0,0,0,0,0,1,2021-10-25,1,0,0,0,0,0,0,0,0,0,0,0,,0,0,N,0,0,,,0,,0,0,0,0,0,,,,37.857385,-122.261345,"2304 Russell St, Berkeley, California, 94705",98.909999999999997
BERKELEY,Alameda,2021,,055 188600300,2314 Ellsworth,,B2018-02534,ADU,Renter,0,0,0,0,0,0,0,0,0,0,0,,0,0,0,0,0,0,0,0,0,0,0,0,,0,0,0,0,0,0,0,0,0,0,0,1,2021-09-20,1,0,N,0,0,,,0,,0,0,0,0,0,,,,37.867570,-122.263637,"2314 Ellsworth St, Berkeley, California, 94704",98.909999999999997
BERKELEY,Alameda,2021,,055 191203100,2335 California,,B2020-02678,ADU,Renter,0,0,0,0,0,0,0,0,0,0,1,2021-01-27,1,0,0,0,0,0,0,0,0,0,0,1,2021-01-27,1,0,0,0,0,0,0,0,0,0,0,1,2021-05-26,1,0,N,0,0,,,0,,0,0,0,0,0,,,,37.864880,-122.279149,"2335 California St, Berkeley, California, 94703",98.909999999999997
BERKELEY,Alameda,2021,,056 191902500,2433 Acton,,B2021-01939,ADU,Renter,0,0,0,0,0,0,0,0,0,0,1,2021-09-02,1,0,0,0,0,0,0,0,0,0,0,1,2021-09-02,1,0,0,0,0,0,0,0,0,0,0,0,,0,0,N,0,0,,,0,,0,0,0,0,0,,,,37.862535,-122.283076,"2433 Acton St, Berkeley, California, 94702",98.909999999999997
BERKELEY,Alameda,2021,,052 156202300,2629 Woolsey,,B2020-01236,ADU,Renter,0,0,0,0,0,0,0,0,0,0,0,,0,0,0,0,0,0,0,0,0,0,0,0,,0,0,0,0,0,0,0,0,0,0,0,1,2021-06-14,1,0,N,0,0,,,0,,0,0,0,0,0,,,,37.853837,-122.253448,"2629 Woolsey St, Berkeley, California, 94705",98.909999999999997
BERKELEY,Alameda,2021,,053 158802000,2911 Lorina,,B2020-02547,ADU,Renter,0,0,0,0,0,0,0,0,0,0,0,,0,0,0,0,0,0,0,0,0,0,0,0,,0,0,0,0,0,0,0,0,0,0,0,1,2021-09-15,1,0,N,0,0,,,0,,0,0,0,0,0,,,,37.856410,-122.265646,"2911 Lorina St, Berkeley, California, 94705",98.909999999999997
BERKELEY,Alameda,2021,,052 156310100,3109 Lewiston,,B2019-02948,ADU,Renter,0,0,0,0,0,0,0,0,0,0,0,,0,0,0,0,0,0,0,0,0,0,0,0,,0,0,0,0,0,0,0,0,0,0,0,1,2021-10-08,1,0,N,0,0,,,0,,0,0,0,0,0,,,,37.853545,-122.251622,"3109 Lewiston Ave, Berkeley, California, 94705",98.909999999999997
BERKELEY,Alameda,2021,,064 424000200,59 The Plaza,,B2018-01758,ADU,Renter,0,0,0,0,0,0,0,0,0,0,0,,0,0,0,0,0,0,0,0,0,0,0,0,,0,0,0,0,0,0,0,0,0,0,0,1,2021-04-27,1,0,N,0,0,,,0,,0,0,0,0,0,,,,37.855050,-122.243982,"59 The Plaza Dr, Berkeley, California, 94705",98.909999999999997
BERKELEY,Alameda,2021,,062 289003900,620 San Miguel,,B2021-01552,ADU,Renter,0,0,0,0,0,0,0,0,0,0,1,2021-07-07,1,0,0,0,0,0,0,0,0,0,0,1,2021-07-07,1,0,0,0,0,0,0,0,0,0,0,0,,0,0,N,0,0,,,0,,0,0,0,0,0,,,,37.896530,-122.282926,"620 San Miguel Ave, Berkeley, California, 94707",98.909999999999997
BERKELEY,Alameda,2021,,062 286800900,652 Peralta,,B2020-04204,ADU,Renter,0,0,0,0,0,0,0,0,0,0,1,2021-05-19,1,0,0,0,0,0,0,0,0,0,0,1,2021-05-19,1,0,0,0,0,0,0,0,0,0,0,0,,0,0,N,0,0,,,0,,0,0,0,0,0,,,,37.895530,-122.285554,"652 Peralta Ave, Berkeley, California, 94707",98.909999999999997
BERKELEY,Alameda,2021,,060 240907004,1218 Santa Fe,,B2017-04803,SFD,Renter,0,0,0,0,0,0,0,0,0,0,0,,0,0,0,0,0,0,0,0,0,0,0,1,2021-06-18,1,0,0,0,0,0,0,0,0,0,0,0,,0,0,N,0,0,,,0,,0,0,0,0,0,,,,37.882543,-122.290498,"1218 Santa Fe Ave, Albany, California, 94706",98.879999999999995
BERKELEY,Alameda,2021,,059 232500501,1442 Fifth,,ZP2021-0083,SFD,Renter,0,0,0,0,0,0,0,0,0,0,3,2021-10-28,3,0,0,0,0,0,0,0,0,0,0,0,,0,0,0,0,0,0,0,0,0,0,0,0,,0,0,N,0,0,,,0,,1,0,0,0,0,,,,37.875920,-122.301517,"1442 5th St, Berkeley, California, 94710",98.909999999999997
BERKELEY,Alameda,2021,,056 193702300,2325 Eighth,,B2018-01154,SFD,Renter,0,0,0,0,0,0,0,0,0,0,0,,0,0,0,0,0,0,0,0,0,0,0,0,,0,0,0,0,0,0,0,0,0,0,0,1,2021-05-24,1,0,N,0,0,,,0,,0,0,0,0,0,,,,37.863543,-122.293914,"2325 8th St, Berkeley, California, 94710",98.909999999999997
BERKELEY,Alameda,2021,,059 232500301,764 Page,,B2021-01332,SFD,Owner,0,0,0,0,0,0,0,0,0,0,0,,0,0,0,0,0,0,0,0,0,0,0,1,2021-10-13,1,0,0,0,0,0,0,0,0,0,0,0,,0,0,N,0,0,,,0,,0,0,0,0,0,,,,37.876035,-122.302046,"764 Page St, Berkeley, California, 94710",98.909999999999997
BERKELEY,Alameda,2021,,062 291101100,1854 San Ramon,,B2020-03985,2 to 4,Renter,0,0,0,0,0,0,0,0,0,0,0,,0,0,0,0,0,0,0,0,0,0,0,1,2021-04-22,1,0,0,0,0,0,0,0,0,0,0,1,2021-12-06,1,0,N,0,0,,,0,,0,0,0,0,0,,,,37.898514,-122.279010,"1854 San Ramon Ave, Berkeley, California, 94707",98.909999999999997
BERKELEY,Alameda,2021,,057 202502300,2009 Addison,,B2019-02956,5+,Renter,0,0,0,0,0,0,0,0,0,0,0,,0,0,0,0,0,45,0,0,0,0,0,0,2021-06-24,45,0,0,0,0,0,0,0,0,0,0,0,,0,0,N,0,Y,,Other,0,,0,0,0,0,0,,,,37.870984,-122.269928,"2009 Addison St, Berkeley, California, 94704",98.909999999999997
BERKELEY,Alameda,2021,,055 183700100,2556 Telegraph,,B2018-05067,5+,Renter,0,0,0,0,0,0,0,0,0,0,0,,0,0,0,0,0,0,0,0,0,0,0,24,2021-11-03,24,0,0,0,0,0,0,0,0,0,0,0,,0,0,N,0,0,,,0,,0,0,0,0,0,,,,37.863885,-122.258703,"2556 Telegraph Ave, Berkeley, California, 94704",98.909999999999997
BERKELEY,Alameda,2021,,056 192702600,1130 Chaucer,,B2021-02706,ADU,Renter,0,0,0,0,0,0,0,0,0,0,1,2021-10-18,1,0,0,0,0,0,0,0,0,0,0,1,2021-10-18,1,0,0,0,0,0,0,0,0,0,0,0,,0,0,N,0,0,,,0,,0,0,0,0,0,,,,37.863811,-122.288904,"1130 Chaucer St, Berkeley, California, 94702",98.909999999999997
BERKELEY,Alameda,2021,,060 240900902,1222 Evelyn,,B2019-04580,ADU,Renter,0,0,0,0,0,0,0,0,0,0,0,,0,0,0,0,0,0,0,0,0,0,0,0,,0,0,0,0,0,0,0,0,0,0,0,1,2021-02-18,1,0,N,0,0,,,0,,0,0,0,0,0,,,,37.882273,-122.291851,"1222 Evelyn Ave, Albany, California, 94706",98.879999999999995
BERKELEY,Alameda,2021,,052 151504600,1248 Haskell,,B2020-00446,ADU,Renter,0,0,0,0,0,0,0,0,0,0,0,,0,0,0,0,0,0,0,0,0,0,0,0,,0,0,0,0,0,0,0,0,0,0,0,1,2021-06-04,1,0,N,0,0,,,0,,0,0,0,0,0,,,,37.850947,-122.283890,"1248 Haskell St, Berkeley, California, 94702",98.909999999999997
BERKELEY,Alameda,2021,,060 241701800,1248 Peralta,,B2020-03244,ADU,Renter,0,0,0,0,0,0,0,0,0,0,1,2021-04-27,1,0,0,0,0,0,0,0,0,0,0,1,2021-04-27,1,0,0,0,0,0,0,0,0,0,0,0,,0,0,N,0,0,,,0,,0,0,0,0,0,,,,37.880999,-122.287748,"1248 Peralta Ave, Albany, California, 94706",98.879999999999995
BERKELEY,Alameda,2021,,060 242301800,1315 Ordway,,B2019-03691,ADU,Renter,0,0,0,0,0,0,0,0,0,0,0,,0,0,0,0,0,0,0,0,0,0,0,0,,0,0,0,0,0,0,0,0,0,0,0,1,2021-07-16,1,0,N,0,0,,,0,,0,0,0,0,0,,,,37.880052,-122.286901,"1315 Ordway St, Berkeley, California, 94702",98.909999999999997
BERKELEY,Alameda,2021,,060 246608000,1332 Oxford,,B2020-02794,ADU,Renter,0,0,0,0,0,0,0,0,0,0,1,2021-01-25,1,0,0,0,0,0,0,0,0,0,0,1,2021-01-25,1,0,0,0,0,0,0,0,0,0,0,0,,0,0,N,0,0,,,0,,0,0,0,0,0,,,,37.882909,-122.267357,"1332 Oxford St, Berkeley, California, 94709",98.909999999999997
BERKELEY,Alameda,2021,,052 151902200,1412 Harmon,,B2019-04125,ADU,Renter,0,0,0,0,0,0,0,0,0,0,0,,0,0,0,0,0,0,0,0,0,0,0,0,,0,0,0,0,0,0,0,0,0,0,0,1,2021-09-14,1,0,N,0,0,,,0,,0,0,0,0,0,,,,37.848635,-122.279159,"1412 Harmon St, Berkeley, California, 94702",98.909999999999997
BERKELEY,Alameda,2021,,056 199804000,1423 Acroft,,B2021-01581,ADU,Renter,0,0,0,0,0,0,0,0,0,0,1,2021-07-07,1,0,0,0,0,0,0,0,0,0,0,1,2021-07-07,1,0,0,0,0,0,0,0,0,0,0,0,,0,0,N,0,0,,,0,,0,0,0,0,0,,,,37.866141,-122.282852,"1423 Acroft Ct, Berkeley, California, 94702",98.909999999999997
BERKELEY,Alameda,2021,,060 239205400,1441 Cornell,,B2021-01449,ADU,Renter,0,0,0,0,0,0,0,0,0,0,1,2021-09-28,1,0,0,0,0,0,0,0,0,0,0,1,2021-09-28,1,0,0,0,0,0,0,0,0,0,0,0,,0,0,N,0,0,,,0,,0,0,0,0,0,,,,37.877862,-122.292155,"1441 Cornell Ave, Berkeley, California, 94702",98.909999999999997
BERKELEY,Alameda,2021,,059 225600600,1510 Spruce,,B2018-00955,ADU,Renter,0,0,0,0,0,0,0,0,0,0,0,,0,0,0,0,0,0,0,0,0,0,0,0,,0,0,0,0,0,0,0,0,0,0,0,1,2021-07-09,1,0,N,0,0,,,0,,0,0,0,0,0,,,,37.880223,-122.265915,"1510 Spruce St, Berkeley, California, 94709",98.909999999999997
BERKELEY,Alameda,2021,,057 206701700,1821 Sacramento,,B2020-00943,ADU,Renter,0,0,0,0,0,0,0,0,0,0,1,2021-03-02,1,0,0,0,0,0,0,0,0,0,0,1,2021-03-02,1,0,0,0,0,0,0,0,0,0,0,1,2021-06-10,1,0,N,0,0,,,0,,0,0,0,0,0,,,,37.872358,-122.282062,"1821 Sacramento St, Berkeley, California, 94702",98.909999999999997
BERKELEY,Alameda,2021,,060 246605900,2207 Rose,,B2021-00048,ADU,Renter,0,0,0,0,0,0,0,0,0,0,1,2021-05-13,1,0,0,0,0,0,0,0,0,0,0,1,2021-05-13,1,0,0,0,0,0,0,0,0,0,0,1,2021-12-22,1,0,N,0,0,,,0,,0,0,0,0,0,,,,37.882417,-122.266843,"2207 Rose St, Berkeley, California, 94709",98.909999999999997
BERKELEY,Alameda,2021,,057 201802700,2223 Mckinley,,B2020-03753,ADU,Renter,0,0,0,0,0,0,0,0,0,0,1,2021-02-01,1,0,0,0,0,0,0,0,0,0,0,1,2021-02-01,1,0,0,0,0,0,0,0,0,0,0,1,2021-12-09,1,0,N,0,0,,,0,,0,0,0,0,0,,,,37.867973,-122.273745,"2223 McKinley Ave, Berkeley, California, 94703",98.909999999999997
BERKELEY,Alameda,2021,,056 191900600,2408 Edwards,,B2020-03458,ADU,Renter,0,0,0,0,0,0,0,0,0,0,1,2021-05-10,1,0,0,0,0,0,0,0,0,0,0,1,2021-05-10,1,0,0,0,0,0,0,0,0,0,0,0,,0,0,N,0,0,,,0,,0,0,0,0,0,,,,37.863471,-122.282274,"2408 Edwards St, Berkeley, California, 94702",98.909999999999997
BERKELEY,Alameda,2021,,056 193502603,2429 Ninth,,B2020-00601,ADU,Renter,0,0,0,0,0,0,0,0,0,0,1,2021-09-02,1,0,0,0,0,0,0,0,0,0,0,1,2021-09-02,1,0,0,0,0,0,0,0,0,0,0,0,,0,0,N,0,0,,,0,,0,0,0,0,0,,,,37.861216,-122.291983,"2429 9th St, Berkeley, California, 94710",98.909999999999997
BERKELEY,Alameda,2021,,055 190601500,2440 Grant,,B2020-00118,ADU,Renter,0,0,0,0,0,0,0,0,0,0,1,2021-04-15,1,0,0,0,0,0,0,0,0,0,0,1,2021-04-15,1,0,0,0,0,0,0,0,0,0,0,0,,0,0,N,0,0,,,0,,0,0,0,0,0,,,,37.863451,-122.274476,"2440 Grant St, Berkeley, California, 94703",98.909999999999997
BERKELEY,Alameda,2021,,054 178302000,2501 Mabel,,B2020-03502,ADU,Renter,0,0,0,0,0,0,0,0,0,0,1,2021-10-18,1,0,0,0,0,0,0,0,0,0,0,1,2021-10-18,1,0,0,0,0,0,0,0,0,0,0,0,,0,0,N,0,0,,,0,,0,0,0,0,0,,,,37.861442,-122.285407,"2501 Mabel St, Berkeley, California, 94702",98.909999999999997
BERKELEY,Alameda,2021,,052 156901700,2605 Ashby,,B2021-00091,ADU,Renter,0,0,0,0,0,0,0,0,0,0,1,2021-07-15,1,0,0,0,0,0,0,0,0,0,0,1,2021-07-15,1,0,0,0,0,0,0,0,0,0,0,0,,0,0,N,0,0,,,0,,0,0,0,0,0,,,,37.856794,-122.255157,"2605 Ashby Ave, Berkeley, California, 94705",98.909999999999997
BERKELEY,Alameda,2021,,055 189401600,2662 Hilgard,,B2020-04271,ADU,Renter,0,0,0,0,0,0,0,0,0,0,1,2021-03-24,1,0,0,0,0,0,0,0,0,0,0,1,2021-03-24,1,0,0,0,0,0,0,0,0,0,0,0,,0,0,N,0,0,,,0,,0,0,0,0,0,,,,37.878968,-122.258061,"2662 Hilgard Ave, Berkeley, California, 94709",98.909999999999997
BERKELEY,Alameda,2021,,053 169700800,2820 Piedmont,,B2020-03267,ADU,Renter,0,0,0,0,0,0,0,0,0,0,1,2021-01-25,1,0,0,0,0,0,0,0,0,0,0,1,2021-01-25,1,0,0,0,0,0,0,0,0,0,0,1,2021-07-20,1,0,N,0,0,,,0,,0,0,0,0,0,,,,37.859251,-122.251234,"2820 Piedmont Ave, Berkeley, California, 94705",98.909999999999997
BERKELEY,Alameda,2021,,053 162400200,3004 Acton,,B2020-00137,ADU,Renter,0,0,0,0,0,0,0,0,0,0,1,2021-06-15,1,0,0,0,0,0,0,0,0,0,0,1,2021-06-15,1,0,0,0,0,0,0,0,0,0,0,0,,0,0,N,0,0,,,0,,0,0,0,0,0,,,,37.852978,-122.281372,"3004 Acton St, Berkeley, California, 94702",98.909999999999997
BERKELEY,Alameda,2021,,052 156316800,3139 Eton,,B2019-05267,ADU,Renter,0,0,0,0,0,0,0,0,0,0,1,2021-08-18,1,0,0,0,0,0,0,0,0,0,0,1,2021-08-18,1,0,0,0,0,0,0,0,0,0,0,0,,0,0,N,0,0,,,0,,0,0,0,0,0,,,,37.852791,-122.250375,"3139 Eton Ave, Berkeley, California, 94705",98.909999999999997
BERKELEY,Alameda,2021,,063 296103300,911 Regal,,B2021-02006,ADU,Renter,0,0,0,0,0,0,0,0,0,0,1,2021-10-07,1,0,0,0,0,0,0,0,0,0,0,1,2021-10-07,1,0,0,0,0,0,0,0,0,0,0,0,,0,0,N,0,0,,,0,,0,0,0,0,0,,,,37.894346,-122.264859,"911 Regal Rd, Berkeley, California, 94708",98.909999999999997
BERKELEY,Alameda,2021,,058 212301500,935 Delaware,,B2021-04759,ADU,Renter,0,0,0,0,0,0,0,0,0,0,1,2021-12-20,1,0,0,0,0,0,0,0,0,0,0,1,2021-12-20,1,0,0,0,0,0,0,0,0,0,0,0,,0,0,N,0,0,,,0,,0,0,0,0,0,,,,37.871133,-122.295856,"935 Delaware St, Berkeley, California, 94710",98.909999999999997
BERKELEY,Alameda,2021,,063 313001600,994 Wildcat Canyon,,B2020-01793,ADU,Renter,0,0,0,0,0,0,0,0,0,0,1,2021-06-15,1,0,0,0,0,0,0,0,0,0,0,1,2021-06-15,1,0,0,0,0,0,0,0,0,0,0,0,,0,0,N,0,0,,,0,,0,0,0,0,0,,,,37.896199,-122.256101,"994 Wildcat Canyon Rd, Berkeley, California, 94708",98.909999999999997
BERKELEY,Alameda,2021,,063 296903435,0 Grizzly Peak,,B2020-00781,SFD,Renter,0,0,0,0,0,0,0,0,0,0,0,,0,0,0,0,0,0,0,0,0,0,0,1,2021-08-26,1,0,0,0,0,0,0,0,0,0,0,0,,0,0,N,0,0,,,0,,0,0,0,0,0,,,,37.880616,-122.230108,Grizzly Peak,98.379999999999995
BERKELEY,Alameda,2021,,060 240907004,1218 Santa Fe,,B2017-04801,SFD,Renter,0,0,0,0,0,0,0,0,0,0,0,,0,0,0,0,0,0,0,0,0,0,0,1,2021-06-09,1,0,0,0,0,0,0,0,0,0,0,0,,0,0,N,0,0,,,0,,0,0,0,0,0,,,,37.882543,-122.290498,"1218 Santa Fe Ave, Albany, California, 94706",98.879999999999995
BERKELEY,Alameda,2021,,060 249402001,1325 Grizzly Peak,,B2018-03587,SFD,Renter,0,0,0,0,0,0,0,0,0,0,0,,0,0,0,0,0,0,0,0,0,0,0,0,,0,0,0,0,0,0,0,0,0,0,0,1,2021-05-17,1,0,N,0,0,,,0,,0,0,0,0,0,,,,37.886404,-122.250579,"1325 Grizzly Peak Blvd, Berkeley, California, 94708",98.909999999999997
BERKELEY,Alameda,2021,,059 231502700,1526 Sixth,,B2019-00047,SFD,Renter,0,0,0,0,0,0,0,0,0,0,0,,0,0,0,0,0,0,0,0,0,0,0,0,,0,0,0,0,0,0,0,0,0,0,0,1,2021-02-09,1,0,N,0,0,,,0,,0,0,0,0,0,,,,37.874244,-122.299725,"1526 6th St, Berkeley, California, 94710",98.909999999999997
BERKELEY,Alameda,2021,,060 246906903,2704 Shasta,,B2017-03522,SFD,Renter,0,0,0,0,0,0,0,0,0,0,0,,0,0,0,0,0,0,0,0,0,0,0,0,,0,0,0,0,0,0,0,0,0,0,0,1,2021-03-09,1,0,N,0,0,,,0,,0,0,0,0,0,,,,37.885844,-122.258726,"2704 Shasta Rd, Berkeley, California, 94708",98.909999999999997
BERKELEY,Alameda,2021,,059 232500301,768 Page,,B2021-01330,SFD,Owner,0,0,0,0,0,0,0,0,0,0,0,,0,0,0,0,0,0,0,0,0,0,0,1,2021-10-13,1,0,0,0,0,0,0,0,0,0,0,0,,0,0,N,0,0,,,0,,0,0,0,0,0,,,,37.876044,-122.302004,"768 Page St, Berkeley, California, 94710",98.909999999999997
BERKELEY,Alameda,2021,,053 166002400,1025 Heinz,,ZP2021-0015,SFD,Owner,0,0,0,0,0,0,0,0,0,0,1,2021-08-10,1,0,0,0,0,0,0,0,0,0,0,0,,0,0,0,0,0,0,0,0,0,0,0,0,,0,0,N,0,0,,,0,,0,0,0,0,0,,,,37.854112,-122.288908,"1025 Heinz Ave, Berkeley, California, 94710",98.909999999999997
BERKELEY,Alameda,2021,,053 162801100,1241 Ashby,,ZP2018-0178,SFD,Renter,0,0,0,0,0,0,0,0,0,0,1,2021-06-01,1,0,0,0,0,0,0,0,0,0,0,0,,0,0,0,0,0,0,0,0,0,0,0,0,,0,0,N,0,0,,,0,,0,0,0,0,0,,,,37.852534,-122.284871,"1241 Ashby Ave, Berkeley, California, 94702",98.909999999999997
BERKELEY,Alameda,2021,,055 189900400,1943 Haste,,B2019-04085,2 to 4,Renter,0,0,0,0,0,0,0,0,0,0,0,,0,0,0,0,0,0,0,0,0,0,0,0,,0,0,0,0,0,0,0,0,0,0,0,1,2021-10-22,1,0,N,0,0,,,0,,0,0,0,0,0,,,,37.864537,-122.270329,"1943 Haste St, Berkeley, California, 94704",98.909999999999997
BERKELEY,Alameda,2021,,055 186901600,2718 Durant,,B2020-03715,2 to 4,Renter,0,0,0,0,0,0,0,0,0,0,0,,0,0,0,0,0,0,0,0,0,0,0,2,2021-02-25,2,0,0,0,0,0,0,0,0,0,0,0,,0,0,N,0,Y,,,0,,0,0,0,0,0,,,,37.868390,-122.253554,"2718 Durant Ave, Berkeley, California, 94704",98.909999999999997
BERKELEY,Alameda,2021,,055 186401000,2813 Channing,,B2018-02626,2 to 4,Renter,0,0,0,0,0,0,0,0,0,0,0,,0,0,0,0,0,0,0,0,0,0,0,2,2021-01-13,2,0,0,0,0,0,0,0,0,0,0,2,2021-05-28,2,0,N,0,0,,,0,,0,0,0,0,0,,,,37.867919,-122.251059,"2813 Channing Way, Berkeley, California, 94704",98.909999999999997
BERKELEY,Alameda,2021,,053 163300101,3000 San Pablo,,B2020-04316,5+,Renter,0,0,0,0,0,0,0,0,0,0,0,,0,0,0,0,0,7,0,0,0,0,0,71,2021-09-30,78,0,0,0,0,0,0,0,0,0,0,0,,0,0,Y,0,Y,,DB,0,,0,0,0,35,1,Development Standards Modification,Y,,37.851943,-122.286703,"3000 San Pablo Ave, Berkeley, California, 94702",98.909999999999997
BERKELEY,Alameda,2021,,052 157408100,3031 Telegraph,,ZP2020-0069,5+,Renter,0,0,0,0,7,0,0,0,0,0,103,2021-04-21,110,0,0,0,0,0,0,0,0,0,0,0,,0,0,0,0,0,0,0,0,0,0,0,0,,0,0,N,0,0,,DB,0,,0,0,0,35,5,Development Standards Modification,Y,,37.855098,-122.259834,"3031 Telegraph Ave, Berkeley, California, 94705",98.909999999999997
BERKELEY,Alameda,2021,,061 255902000,1015 Mariposa,,B2019-04275,ADU,Renter,0,0,0,0,0,0,0,0,0,0,0,,0,0,0,0,0,0,0,0,0,0,0,0,,0,0,0,0,0,0,0,0,0,0,0,1,2021-08-19,1,0,N,0,0,,,0,,0,0,0,0,0,,,,37.889255,-122.270360,"1015 Mariposa Ave, Berkeley, California, 94707",98.909999999999997
BERKELEY,Alameda,2021,,061 255801200,1120 Oxford,,B2018-00512,ADU,Renter,0,0,0,0,0,0,0,0,0,0,0,,0,0,0,0,0,0,0,0,0,0,0,0,,0,0,0,0,0,0,0,0,0,0,0,1,2021-12-03,1,0,N,0,0,,,0,,0,0,0,0,0,,,,37.888231,-122.268390,"1120 Oxford St, Berkeley, California, 94707",98.909999999999997
BERKELEY,Alameda,2021,,061 256200700,1132 Amador,,B2020-00059,ADU,Renter,0,0,0,0,0,0,0,0,0,0,0,,0,0,0,0,0,0,0,0,0,0,0,0,,0,0,0,0,0,0,0,0,0,0,0,1,2021-04-05,1,0,N,0,0,,,0,,0,0,0,0,0,,,,37.886939,-122.271466,"1132 Amador Ave, Berkeley, California, 94707",98.909999999999997
BERKELEY,Alameda,2021,,061 255400300,1158 Glen,,B2021-01866,ADU,Renter,0,0,0,0,0,0,0,0,0,0,1,2021-11-02,1,0,0,0,0,0,0,0,0,0,0,1,2021-11-02,1,0,0,0,0,0,0,0,0,0,0,0,,0,0,N,0,0,,,0,,0,0,0,0,0,,,,37.887487,-122.264508,"1158 Glen Ave, Berkeley, California, 94708",98.909999999999997
BERKELEY,Alameda,2021,,059 233801000,1420 Fifth,,B2020-01978,ADU,Renter,0,0,0,0,0,0,0,0,0,0,0,,0,0,0,0,0,0,0,0,0,0,0,0,,0,0,0,0,0,0,0,0,0,0,0,1,2021-12-09,1,0,N,0,0,,,0,,0,0,0,0,0,,,,37.876630,-122.301733,"1420 5th St, Berkeley, California, 94710",98.909999999999997
BERKELEY,Alameda,2021,,060 243000900,1433 Ada,,B2021-03915,ADU,Renter,0,0,0,0,0,0,0,0,0,0,1,2021-12-13,1,0,0,0,0,0,0,0,0,0,0,1,2021-12-13,1,0,0,0,0,0,0,0,0,0,0,0,,0,0,N,0,0,,,0,,0,0,0,0,0,,,,37.879672,-122.283753,"1433 Ada St, Berkeley, California, 94702",98.909999999999997
BERKELEY,Alameda,2021,,060 247801400,1442 Campus,,B2019-02404,ADU,Renter,0,0,0,0,0,0,0,0,0,0,0,,0,0,0,0,0,0,0,0,0,0,0,0,,0,0,0,0,0,0,0,0,0,0,0,1,2021-06-08,1,0,N,0,0,,,0,,0,0,0,0,0,,,,37.883072,-122.252759,"1442 Campus Dr, Berkeley, California, 94708",98.909999999999997
BERKELEY,Alameda,2021,,059 233100500,1462 San Pablo,,B2021-02085,ADU,Renter,0,0,0,0,0,0,0,0,0,0,0,,0,0,0,0,0,0,0,0,0,0,0,1,2021-08-16,1,0,0,0,0,0,0,0,0,0,0,0,,0,0,N,0,0,,,0,,0,0,0,0,0,,,,37.876604,-122.294658,"1462 San Pablo Ave, Berkeley, California, 94702",98.909999999999997
BERKELEY,Alameda,2021,,059 225202500,1505 Arch,,B2017-01520,ADU,Renter,0,0,0,0,0,0,0,0,0,0,0,,0,0,0,0,0,0,0,0,0,0,0,0,,0,0,0,0,0,0,0,0,0,0,0,1,2021-01-11,1,0,N,0,0,,,0,,0,0,0,0,0,,,,37.880572,-122.264723,"1505 Arch St, Berkeley, California, 94708",98.909999999999997
BERKELEY,Alameda,2021,,058 218300300,1612 Spruce,,B2019-04885,ADU,Renter,0,0,0,0,0,0,0,0,0,0,0,,0,0,0,0,0,0,0,0,0,0,0,0,,0,0,0,0,0,0,0,0,0,0,0,1,2021-05-10,1,0,N,0,0,,,0,,0,0,0,0,0,,,,37.878329,-122.265701,"1612 Spruce St, Berkeley, California, 94709",98.909999999999997
BERKELEY,Alameda,2021,,057 206602700,1620 Delaware,,B2020-01519,ADU,Renter,0,0,0,0,0,0,0,0,0,0,0,,0,0,0,0,0,0,0,0,0,0,0,0,,0,0,0,0,0,0,0,0,0,0,0,1,2021-09-23,1,0,N,0,0,,,0,,0,0,0,0,0,,,,37.873445,-122.279049,"1620 Delaware St, Berkeley, California, 94703",98.909999999999997
BERKELEY,Alameda,2021,,053 160900800,1639 Julia,,B2021-00470,ADU,Renter,0,0,0,0,0,0,0,0,0,0,1,2021-06-21,1,0,0,0,0,0,0,0,0,0,0,1,2021-06-21,1,0,0,0,0,0,0,0,0,0,0,0,,0,0,N,0,0,,,0,,0,0,0,0,0,,,,37.854699,-122.275336,"1639 Julia St, Berkeley, California, 94703",98.909999999999997
BERKELEY,Alameda,2021,,061 262900500,1720 Sonoma,,B2021-02612,ADU,Renter,0,0,0,0,0,0,0,0,0,0,1,2021-12-16,1,0,0,0,0,0,0,0,0,0,0,1,2021-12-16,1,0,0,0,0,0,0,0,0,0,0,0,,0,0,N,0,0,,,0,,0,0,0,0,0,,,,37.886511,-122.281463,"1720 Sonoma Ave, Berkeley, California, 94707",98.909999999999997
BERKELEY,Alameda,2021,,054 181301300,1813 Parker,,B2021-00818,ADU,Renter,0,0,0,0,0,0,0,0,0,0,1,2021-06-18,1,0,0,0,0,0,0,0,0,0,0,1,2021-06-18,1,0,0,0,0,0,0,0,0,0,0,0,,0,0,N,0,0,,,0,,0,0,0,0,0,,,,37.861390,-122.273287,"1813 Parker St, Berkeley, California, 94703",98.909999999999997
BERKELEY,Alameda,2021,,057 206301100,1825 Berkeley,,B2021-02227,ADU,Renter,0,0,0,0,0,0,0,0,0,0,1,2021-09-03,1,0,0,0,0,0,0,0,0,0,0,1,2021-09-03,1,0,0,0,0,0,0,0,0,0,0,0,,0,0,N,0,0,,,0,,0,0,0,0,0,,,,37.872352,-122.274178,"1825 Berkeley Way, Berkeley, California, 94703",98.909999999999997
BERKELEY,Alameda,2021,,057 206300700,1839 Berkeley,,B2020-02131,ADU,Renter,0,0,0,0,0,0,0,0,0,0,0,,0,0,0,0,0,0,0,0,0,0,0,0,,0,0,0,0,0,0,0,0,0,0,0,1,2021-04-06,1,0,N,0,0,,,0,,0,0,0,0,0,,,,37.872425,-122.273635,"1839 Berkeley Way, Berkeley, California, 94703",98.909999999999997
BERKELEY,Alameda,2021,,062 288800800,1879 Catalina,,B2021-01114,ADU,Renter,0,0,0,0,0,0,0,0,0,0,1,2021-06-18,1,0,0,0,0,0,0,0,0,0,0,1,2021-06-18,1,0,0,0,0,0,0,0,0,0,0,0,,0,0,N,0,0,,,0,,0,0,0,0,0,,,,37.892869,-122.277844,"1879 Catalina Ave, Berkeley, California, 94707",98.909999999999997
BERKELEY,Alameda,2021,,060 245102300,1929 Rose,,B2019-02517,ADU,Renter,0,0,0,0,0,0,0,0,0,0,0,,0,0,0,0,0,0,0,0,0,0,0,1,2021-12-30,1,0,0,0,0,0,0,0,0,0,0,0,,0,0,N,0,0,,,0,,0,0,0,0,0,,,,37.881653,-122.272819,"1929 Rose St, Berkeley, California, 94709",98.909999999999997
BERKELEY,Alameda,2021,,056 200700801,2206 Jefferson,,B2020-03053,ADU,Renter,0,0,0,0,0,0,0,0,0,0,1,2021-09-20,1,0,0,0,0,0,0,0,0,0,0,1,2021-09-20,1,0,0,0,0,0,0,0,0,0,0,0,,0,0,N,0,0,,,0,,0,0,0,0,0,,,,37.867747,-122.278330,"2206 Jefferson Ave, Berkeley, California, 94703",98.909999999999997
BERKELEY,Alameda,2021,,056 191902800,2425 Acton,,B2021-01081,ADU,Renter,0,0,0,0,0,0,0,0,0,0,1,2021-08-31,1,0,0,0,0,0,0,0,0,0,0,1,2021-08-31,1,0,0,0,0,0,0,0,0,0,0,0,,0,0,N,0,0,,,0,,0,0,0,0,0,,,,37.862818,-122.283112,"2425 Acton St, Berkeley, California, 94702",98.909999999999997
BERKELEY,Alameda,2021,,055 185102200,2523 Piedmont,,B2021-02219,ADU,Renter,0,0,0,0,0,0,0,0,0,0,1,2021-11-08,1,0,0,0,0,0,0,0,0,0,0,1,2021-11-08,1,0,0,0,0,0,0,0,0,0,0,0,,0,0,N,0,0,,,0,,0,0,0,0,0,,,,37.864924,-122.251485,"2523 Piedmont Ave, Berkeley, California, 94704",98.909999999999997
BERKELEY,Alameda,2021,,054 173300700,2748 California,,B2020-00475,ADU,Renter,0,0,0,0,0,0,0,0,0,0,0,,0,0,0,0,0,0,0,0,0,0,0,0,,0,0,0,0,0,0,0,0,0,0,0,1,2021-02-04,1,0,N,0,0,,,0,,0,0,0,0,0,,,,37.857436,-122.277684,"2748 California St, Berkeley, California, 94703",98.909999999999997
BERKELEY,Alameda,2021,,053 166302000,2821 Wallace,,B2020-02188,ADU,Renter,0,0,0,0,0,0,0,0,0,0,1,2021-02-24,1,0,0,0,0,0,0,0,0,0,0,1,2021-02-24,1,0,0,0,0,0,0,0,0,0,0,0,,0,0,N,0,0,,,0,,0,0,0,0,0,,,,37.854253,-122.286362,"2821 Wallace St, Berkeley, California, 94702",98.909999999999997
BERKELEY,Alameda,2021,,052 156400400,2847 Prince,,B2020-02202,ADU,Renter,0,0,0,0,0,0,0,0,0,0,0,,0,0,0,0,0,0,0,0,0,0,0,0,,0,0,0,0,0,0,0,0,0,0,0,1,2021-07-22,1,0,N,0,0,,,0,,0,0,0,0,0,,,,37.855195,-122.247877,"2847 Prince St, Berkeley, California, 94705",98.909999999999997
BERKELEY,Alameda,2021,,052 156902400,2911 Hillegass,,B2020-01030,ADU,Renter,0,0,0,0,0,0,0,0,0,0,0,,0,0,0,0,0,0,0,0,0,0,0,0,,0,0,0,0,0,0,0,0,0,0,0,1,2021-08-06,1,0,N,0,0,,,0,,0,0,0,0,0,,,,37.857729,-122.255681,"2911 Hillegass Ave, Berkeley, California, 94705",98.909999999999997
BERKELEY,Alameda,2021,,053 162400600,3020 Acton,,B2019-05560,ADU,Renter,0,0,0,0,0,0,0,0,0,0,0,,0,0,0,0,0,0,0,0,0,0,0,0,,0,0,0,0,0,0,0,0,0,0,0,1,2021-03-31,1,0,N,0,0,,,0,,0,0,0,0,0,,,,37.852542,-122.281274,"3020 Acton St, Berkeley, California, 94702",98.909999999999997
BERKELEY,Alameda,2021,,059 233601400,831 Page,,B2020-03633,ADU,Renter,0,0,0,0,0,0,0,0,0,0,1,2021-06-16,1,0,0,0,0,0,0,0,0,0,0,1,2021-06-16,1,0,0,0,0,0,0,0,0,0,0,1,2021-12-01,1,0,N,0,0,,,0,,0,0,0,0,0,,,,37.876502,-122.300195,"831 Page St, Berkeley, California, 94710",98.909999999999997
BERKELEY,Alameda,2021,,057 209500400,840 Delaware,,B2020-01218,ADU,Renter,0,0,0,0,0,0,0,0,0,0,0,,0,0,0,0,0,0,0,0,0,0,0,0,,0,0,0,0,0,0,0,0,0,0,0,1,2021-08-19,1,0,N,0,0,,,0,,0,0,0,0,0,,,,37.870709,-122.297752,"840 Delaware St, Berkeley, California, 94710",98.909999999999997
BERKELEY,Alameda,2021,,061 261102300,929 Colusa,,B2019-02327,ADU,Renter,0,0,0,0,0,0,0,0,0,0,0,,0,0,0,0,0,0,0,0,0,0,0,0,,0,0,0,0,0,0,0,0,0,0,0,1,2021-03-17,1,0,N,0,0,,,0,,0,0,0,0,0,,,,37.890338,-122.279011,"929 Colusa Ave, Berkeley, California, 94707",98.909999999999997
BERKELEY,Alameda,2021,,059 232500605,1444 Fifth,,B2019-03782,SFD,Renter,0,0,0,0,0,0,0,0,0,0,0,,0,0,0,0,0,0,0,0,0,0,0,0,,0,0,0,0,0,0,0,0,0,0,0,1,2021-03-16,1,0,N,0,0,,,0,,0,0,0,0,0,,,,37.875787,-122.301471,"1444 5th St, Berkeley, California, 94710",98.909999999999997
BERKELEY,Alameda,2021,,063 298602200,0 Cragmont,,ZP2020-0058,SFD,Owner,0,0,0,0,0,0,0,0,0,0,1,2021-07-29,1,0,0,0,0,0,0,0,0,0,0,0,,0,0,0,0,0,0,0,0,0,0,0,0,,0,0,N,0,0,,,0,,0,0,0,0,0,,,,37.891792,-122.262784,"Cragmont Ave, Berkeley, California, 94708",96.849999999999994
BERKELEY,Alameda,2022,,056 192801900,2435 SAN PABLO,,,5+,Renter,0,0,0,0,0,0,0,0,0,0,0,,0,0,0,0,0,0,0,0,0,0,0,41,2022-08-12,41,0,0,0,0,0,0,0,0,0,0,0,,0,0,N,0,Y,,,0,,0,0,0,0,0,,,,37.861446,-122.289567,"2435 San Pablo Ave, Berkeley, California, 94702",98.909999999999997
BERKELEY,Alameda,2022,,055 182201800,2000 DWIGHT,,,5+,Renter,0,0,0,0,0,0,0,0,0,0,0,,0,0,0,0,0,0,0,0,0,0,0,113,2022-04-18,113,0,0,0,0,0,0,0,0,0,0,0,,0,0,N,0,Y,,DB,0,,0,0,0,20,5,Development Standards Modification,Y,,37.863670,-122.269480,"2000 Dwight Way, Berkeley, California, 94704",98.909999999999997
BERKELEY,Alameda,2022,,053 159101803,2001 ASHBY,,,5+,Renter,0,0,0,0,0,0,0,0,0,0,0,,0,0,0,0,0,53,0,33,0,0,0,1,2022-02-04,87,0,0,0,0,0,0,0,0,0,0,0,,0,25,Y,0,Y,"LHTF, LIHTC, NPLH, Other, PBS8, IIG, CDLAC, AHP, AHSC",DB;Other,0,1000,5,0,0,35,3,Development Standards Modification,N,Other: City of Berkeley HTF; Other - Other - City Regulatory Agreement (VLI/LI Households),37.855076,-122.268367,"2001 Ashby Ave, Berkeley, California, 94703",98.909999999999997
BERKELEY,Alameda,2022,,055 182102100,2018 BLAKE,,,5+,Renter,0,0,0,0,0,0,2,0,0,0,10,2022-11-28,12,0,0,0,0,0,0,0,0,0,0,0,,0,0,0,0,0,0,0,0,0,0,0,0,,0,0,N,0,Y,,DB,0,1000,2,0,0,50,2,Development Standards Modification,N,,37.862819,-122.268874,"2018 Blake St, Berkeley, California, 94704",98.909999999999997
BERKELEY,Alameda,2022,,057 204601000,2111 UNIVERSITY,,,5+,Renter,0,0,0,0,0,0,0,0,0,0,0,,0,0,0,0,0,0,0,0,0,0,0,0,,0,0,0,0,0,3,0,0,0,0,0,65,2022-03-04,68,0,N,0,Y,,INC,0,1000,3,0,0,0,0,,,,37.872260,-122.268031,"2111 University Ave, Berkeley, California, 94704",98.909999999999997
BERKELEY,Alameda,2022,,055 183700100,2556 TELEGRAPH,,,5+,Renter,0,0,0,0,0,0,0,0,0,0,0,,0,0,0,0,0,0,0,0,0,0,0,0,,0,0,0,0,0,0,0,0,0,0,0,22,2022-09-01,22,0,N,0,Y,,,0,,0,0,0,0,0,,,,37.863885,-122.258703,"2556 Telegraph Ave, Berkeley, California, 94704",98.909999999999997
BERKELEY,Alameda,2022,,060 246608000,1332 OXFORD,,,ADU,Renter,0,0,0,0,0,0,0,0,0,0,0,,0,0,0,0,0,0,0,0,0,0,0,0,,0,0,0,0,0,0,0,0,0,0,0,1,2022-01-24,1,0,N,0,Y,,,0,,0,0,0,0,0,,,,37.882909,-122.267357,"1332 Oxford St, Berkeley, California, 94709",98.909999999999997
BERKELEY,Alameda,2022,,052 156901700,2605 ASHBY,,,ADU,Renter,0,0,0,0,0,0,0,0,0,0,0,,0,0,0,0,0,0,0,0,0,0,0,1,2022-08-26,1,0,0,0,0,0,0,0,0,0,0,0,,0,0,N,0,Y,,,0,,0,0,0,0,0,,,,37.856794,-122.255157,"2605 Ashby Ave, Berkeley, California, 94705",98.909999999999997
BERKELEY,Alameda,2022,,064 429501200,40 HILLCREST,,,ADU,Renter,0,0,0,0,0,0,0,0,0,0,0,,0,0,0,0,0,0,0,0,0,0,0,0,,0,0,0,0,0,0,0,0,0,0,0,1,2022-12-20,1,0,N,0,Y,,,0,,0,0,0,0,0,,,,37.852506,-122.247773,"40 Hillcrest Rd, Berkeley, California, 94705",98.909999999999997
BERKELEY,Alameda,2022,,059 225300300,2312 ROSE,,,ADU,Renter,0,0,0,0,0,0,0,0,0,0,0,,0,0,0,0,0,0,0,0,0,0,0,0,,0,0,0,0,0,0,0,0,0,0,0,1,2022-06-29,1,0,N,0,Y,,,0,,0,0,0,0,0,,,,37.883041,-122.264443,"2312 Rose St, Berkeley, California, 94708",98.909999999999997
BERKELEY,Alameda,2022,,058 212301500,935 DELAWARE,,,ADU,Renter,0,0,0,0,0,0,0,0,0,0,0,,0,0,0,0,0,0,0,0,0,0,0,0,,0,0,0,0,0,0,0,0,0,0,0,1,2022-08-16,1,0,N,0,Y,,,0,,0,0,0,0,0,,,,37.871133,-122.295856,"935 Delaware St, Berkeley, California, 94710",98.909999999999997
BERKELEY,Alameda,2022,,052 156406900,2870 WEBSTER,,,ADU,Renter,0,0,0,0,0,0,0,0,0,0,0,,0,0,0,0,0,0,0,0,0,0,0,0,,0,0,0,0,0,0,0,0,0,0,0,1,2022-04-19,1,0,N,0,Y,,,0,,0,0,0,0,0,,,,37.856078,-122.247518,"2870 Webster St, Berkeley, California, 94705",98.909999999999997
BERKELEY,Alameda,2022,,055 185101800,2543 PIEDMONT,,,ADU,Renter,0,0,0,0,0,0,0,0,0,0,0,,0,0,0,0,0,0,0,0,0,0,0,0,,0,0,0,0,0,0,0,0,0,0,0,1,2022-04-13,1,0,N,0,Y,,,0,,0,0,0,0,0,,,,37.864527,-122.251450,"2543 Piedmont Ave, Berkeley, California, 94704",98.909999999999997
BERKELEY,Alameda,2022,,063 298302500,2949 SHASTA,,,ADU,Renter,0,0,0,0,0,0,0,0,0,0,0,,0,0,0,0,0,0,0,0,0,0,0,0,,0,0,0,0,0,0,0,0,0,0,0,1,2022-07-25,1,0,N,0,Y,,,0,,0,0,0,0,0,,,,37.888474,-122.252748,"2949 Shasta Rd, Berkeley, California, 94708",98.909999999999997
BERKELEY,Alameda,2022,,060 240200300,1306 CORNELL,,,ADU,Renter,0,0,0,0,0,0,0,0,0,0,0,,0,0,0,0,0,0,0,0,0,0,0,0,,0,0,0,0,0,0,0,0,0,0,0,1,2022-06-14,1,0,N,0,Y,,,0,,0,0,0,0,0,,,,37.880738,-122.293154,"1306 Cornell Ave, Berkeley, California, 94702",98.909999999999997
BERKELEY,Alameda,2022,,062 286901500,772 PERALTA,,,ADU,Renter,0,0,0,0,0,0,0,0,0,0,0,,0,0,0,0,0,0,0,0,0,0,0,0,,0,0,0,0,0,0,0,0,0,0,0,1,2022-05-16,1,0,N,0,Y,,,0,,0,0,0,0,0,,,,37.893290,-122.285666,"772 Peralta Ave, Berkeley, California, 94707",98.909999999999997
BERKELEY,Alameda,2022,,061 256300200,2014 LOS ANGELES,,,ADU,Renter,0,0,0,0,0,0,0,0,0,0,0,,0,0,0,0,0,0,0,0,0,0,0,0,,0,0,0,0,0,0,0,0,0,0,0,1,2022-08-22,1,0,N,0,Y,,,0,,0,0,0,0,0,,,,37.889992,-122.271286,"2014 Los Angeles Ave, Berkeley, California, 94707",98.909999999999997
BERKELEY,Alameda,2022,,052 156318200,2724 ALCATRAZ,,,ADU,Renter,0,0,0,0,0,0,0,0,0,0,0,,0,0,0,0,0,0,0,0,0,0,0,1,2022-04-13,1,0,0,0,0,0,0,0,0,0,0,0,,0,0,N,0,Y,,,0,,0,0,0,0,0,,,,37.851584,-122.251308,"2724 Alcatraz Ave, Berkeley, California, 94705",98.909999999999997
BERKELEY,Alameda,2022,,054 173601000,1407 WARD,,,ADU,Renter,0,0,0,0,0,0,0,0,0,0,0,,0,0,0,0,0,0,0,0,0,0,0,1,2022-07-14,1,0,0,0,0,0,0,0,0,0,0,0,,0,0,N,0,Y,,,0,,0,0,0,0,0,,,,37.857691,-122.281974,"1407 Ward St, Berkeley, California, 94702",98.909999999999997
BERKELEY,Alameda,2022,,054 173902500,1310 DERBY,,,ADU,Renter,0,0,0,0,0,0,0,0,0,0,0,,0,0,0,0,0,0,0,0,0,0,0,1,2022-03-01,1,0,0,0,0,0,0,0,0,0,0,0,,0,0,N,0,Y,,,0,,0,0,0,0,0,,,,37.858166,-122.284159,"1310 Derby St, Berkeley, California, 94702",98.909999999999997
BERKELEY,Alameda,2022,,055 186901600,2718 DURANT,,,ADU,Renter,0,0,0,0,0,0,0,0,0,0,0,,0,0,0,0,0,0,0,0,0,0,0,1,2022-06-15,1,0,0,0,0,0,0,0,0,0,0,0,,0,0,N,0,Y,,,0,,0,0,0,0,0,,,,37.868390,-122.253554,"2718 Durant Ave, Berkeley, California, 94704",98.909999999999997
BERKELEY,Alameda,2022,,055 189401600,2662 HILGARD,,,ADU,Renter,0,0,0,0,0,0,0,0,0,0,0,,0,0,0,0,0,0,0,0,0,0,0,0,,0,0,0,0,0,0,0,0,0,0,0,1,2022-04-29,1,0,N,0,Y,,,0,,0,0,0,0,0,,,,37.878968,-122.258061,"2662 Hilgard Ave, Berkeley, California, 94709",98.909999999999997
BERKELEY,Alameda,2022,,055 191304300,2422 CALIFORNIA,,,ADU,Renter,0,0,0,0,0,0,0,0,0,0,0,,0,0,0,0,0,0,0,0,0,0,0,1,2022-09-30,1,0,0,0,0,0,0,0,0,0,0,0,,0,0,N,0,Y,,,0,,0,0,0,0,0,,,,37.863484,-122.279062,"2422 California St, Berkeley, California, 94703",98.909999999999997
BERKELEY,Alameda,2022,,057 208100100,1901 CHESTNUT,,,ADU,Renter,0,0,0,0,0,0,0,0,0,0,0,,0,0,0,0,0,0,0,0,0,0,0,1,2022-10-25,1,0,0,0,0,0,0,0,0,0,0,0,,0,0,N,0,Y,,,0,,0,0,0,0,0,,,,37.871002,-122.288161,"1901 Chestnut St, Berkeley, California, 94702",98.909999999999997
BERKELEY,Alameda,2022,,057 211701600,1607 FIFTH,,,ADU,Renter,0,0,0,0,0,0,0,0,0,0,0,,0,0,0,0,0,0,0,0,0,0,0,1,2022-12-19,1,0,0,0,0,0,0,0,0,0,0,0,,0,0,N,0,Y,,,0,,0,0,0,0,0,,,,37.873563,-122.300653,"1607 5th St, Berkeley, California, 94710",98.909999999999997
BERKELEY,Alameda,2022,,058 213700100,1625 CHESTNUT,,,ADU,Renter,0,0,0,0,0,0,0,0,0,0,0,,0,0,0,0,0,0,0,0,0,0,0,1,2022-10-03,1,0,0,0,0,0,0,0,0,0,0,0,,0,0,N,0,Y,,,0,,0,0,0,0,0,,,,37.874910,-122.288624,"1625 Chestnut St, Berkeley, California, 94702",98.909999999999997
BERKELEY,Alameda,2022,,060 239300100,1437 STANNAGE,,,ADU,Renter,0,0,0,0,0,0,0,0,0,0,0,,0,0,0,0,0,0,0,0,0,0,0,1,2022-03-10,1,0,0,0,0,0,0,0,0,0,0,0,,0,0,N,0,Y,,,0,,0,0,0,0,0,,,,37.877761,-122.293030,"1437 Stannage Ave, Berkeley, California, 94702",98.909999999999997
BERKELEY,Alameda,2022,,060 242300100,1380 GILMAN,,,ADU,Renter,0,0,0,0,0,0,0,0,0,0,0,,0,0,0,0,0,0,0,0,0,0,0,1,2022-09-16,1,0,0,0,0,0,0,0,0,0,0,0,,0,0,N,0,Y,,,0,,0,0,0,0,0,,,,37.880540,-122.286345,"1380 Gilman St, Albany, California, 94706",98.879999999999995
BERKELEY,Alameda,2022,,057 206301100,1825 BERKELEY (2),,,ADU,Renter,0,0,0,0,0,0,0,0,0,0,0,,0,0,0,0,0,0,0,0,0,0,0,0,,0,0,0,0,0,0,0,0,0,0,0,1,2022-03-11,1,0,N,0,Y,,,0,,0,0,0,0,0,,,,37.872352,-122.274178,"1825 Berkeley Way, Berkeley, California, 94703",97.870000000000005
BERKELEY,Alameda,2022,,059 233000600,1044 PAGE,,,ADU,Renter,0,0,0,0,0,0,0,0,0,0,0,,0,0,0,0,0,0,0,0,0,0,0,1,2022-04-12,1,0,0,0,0,0,0,0,0,0,0,0,,0,0,N,0,Y,,,0,,0,0,0,0,0,,,,37.877271,-122.296176,"1044 Page St, Berkeley, California, 94710",98.909999999999997
BERKELEY,Alameda,2022,,053 167302000,2875 CALIFORNIA,,,ADU,Renter,0,0,0,0,0,0,0,0,0,0,0,,0,0,0,0,0,0,0,0,0,0,0,1,2022-04-13,1,0,0,0,0,0,0,0,0,0,0,0,,0,0,N,0,Y,,,0,,0,0,0,0,0,,,,37.855691,-122.277282,"2875 California St, Berkeley, California, 94703",98.909999999999997
BERKELEY,Alameda,2022,,052 156101300,3038 BENVENUE,,,ADU,Renter,0,0,0,0,0,0,0,0,0,0,0,,0,0,0,0,0,0,0,0,0,0,0,1,2022-03-24,1,0,0,0,0,0,0,0,0,0,0,0,,0,0,N,0,Y,,,0,,0,0,0,0,0,,,,37.854606,-122.253917,"3038 Benvenue Ave, Berkeley, California, 94705",98.909999999999997
BERKELEY,Alameda,2022,,053 167402901,1632 STUART,,,SFD,Renter,0,0,0,0,0,0,0,0,0,0,0,,0,0,0,0,0,0,0,0,0,0,0,0,,0,0,0,0,0,0,0,0,0,0,0,1,2022-06-22,1,0,N,0,Y,,,0,,0,0,0,0,0,,,,37.857362,-122.276103,"1632 Stuart St, Berkeley, California, 94703",98.909999999999997
BERKELEY,Alameda,2022,,059 232500500,1442 FIFTH,,,SFD,Renter,0,0,0,0,0,0,0,0,0,0,0,,0,0,0,0,0,0,0,0,0,0,0,1,2022-03-08,1,0,0,0,0,0,0,0,0,0,0,0,,0,0,N,0,Y,,,0,,1,0,0,0,0,,,,37.875920,-122.301517,"1442 5th St, Berkeley, California, 94710",98.909999999999997
BERKELEY,Alameda,2022,,058 224201624,8 MAYBECK TWIN,,,SFD,Renter,0,0,0,0,0,0,0,0,0,0,0,,0,0,0,0,0,0,0,0,0,0,0,0,,0,0,0,0,0,0,0,0,0,0,0,1,2022-03-30,1,0,N,0,Y,,,0,,0,0,0,0,0,,,,37.882228,-122.257234,"8 Maybeck Twin Dr, Berkeley, California, 94708",98.909999999999997
BERKELEY,Alameda,2022,,060 249304700,1441 GRIZZLY PEAK,,,SFD,Renter,0,0,0,0,0,0,0,0,0,0,0,,0,0,0,0,0,0,0,0,0,0,0,0,,0,0,0,0,0,0,0,0,0,0,0,1,2022-04-14,1,0,N,0,Y,,,0,,0,0,0,0,0,,,,37.883885,-122.248172,"1441 Grizzly Peak Blvd, Berkeley, California, 94708",98.909999999999997
BERKELEY,Alameda,2022,,057 211701700,1613 FIFTH,,,SFD,Owner,0,0,0,0,0,0,0,0,0,0,1,2022-07-08,1,0,0,0,0,0,0,0,0,0,0,0,,0,0,0,0,0,0,0,0,0,0,0,0,,0,0,N,0,Y,,,0,,0,0,0,0,0,,,,37.873306,-122.300572,"1613 5th St, Berkeley, California, 94710",98.909999999999997
BERKELEY,Alameda,2022,,056 191800600,2418 ACTON,,,SFD,Owner,0,0,0,0,0,0,0,0,0,0,0,,0,0,0,0,0,0,0,0,0,0,0,1,2022-01-20,1,0,0,0,0,0,0,0,0,0,0,0,,0,0,N,0,Y,,,0,,0,0,0,0,0,,,,37.862956,-122.283231,"2418 Acton St, Berkeley, California, 94702",98.909999999999997
BERKELEY,Alameda,2021,,052 157404400,3028 Regent,,B2018-00105,2 to 4,Owner,0,0,0,0,0,0,0,0,0,0,0,,0,0,0,0,0,0,0,0,0,0,0,1,2021-02-10,1,0,0,0,0,0,0,0,0,0,0,0,,0,0,N,0,0,,,0,,0,0,0,0,0,,,,37.854555,-122.256430,"3028 Regent St, Berkeley, California, 94705",98.909999999999997
BERKELEY,Alameda,2021,,052 154503100,1632 Prince,,B2019-05530,5+,Renter,0,0,0,0,0,0,0,0,0,0,1,2021-06-25,1,0,0,0,0,0,0,0,0,0,0,1,2021-07-28,1,0,0,0,0,0,0,0,0,0,0,1,2021-12-19,1,0,N,0,Y,,,0,,0,0,0,0,0,,,,37.851945,-122.274944,"1632 Prince St, Berkeley, California, 94703",98.909999999999997
BERKELEY,Alameda,2021,,055 187701902,2580 Bancroft,,B2019-00478,5+,Renter,0,0,0,0,0,0,0,0,0,0,0,,0,0,0,0,0,0,0,0,0,0,0,0,,0,0,0,0,0,11,0,0,0,0,0,111,2021-11-29,122,0,N,0,0,,DB,0,,0,0,0,35,3,Development Standards Modification,N,,37.868872,-122.257688,"2580 Bancroft Way, Berkeley, California, 94704",98.909999999999997
BERKELEY,Alameda,2021,,056 193302100,1031 Channing,,B2020-01885,ADU,Renter,0,0,0,0,0,0,0,0,0,0,0,,0,0,0,0,0,0,0,0,0,0,0,0,,0,0,0,0,0,0,0,0,0,0,0,1,2021-11-10,1,0,N,0,0,,,0,,0,0,0,0,0,,,,37.862727,-122.291012,"1031 Channing Way, Berkeley, California, 94710",98.909999999999997
BERKELEY,Alameda,2021,,063 298701300,1071 Euclid,,B2020-00013,ADU,Renter,0,0,0,0,0,0,0,0,0,0,0,,0,0,0,0,0,0,0,0,0,0,0,1,2021-12-30,1,0,0,0,0,0,0,0,0,0,0,0,,0,0,N,0,0,,,0,,0,0,0,0,0,,,,37.890327,-122.262803,"1071 Euclid Ave, Berkeley, California, 94708",98.909999999999997
BERKELEY,Alameda,2021,,054 178701600,1204 Carleton,,B2020-01013,ADU,Renter,0,0,0,0,0,0,0,0,0,0,0,,0,0,0,0,0,0,0,0,0,0,0,0,,0,0,0,0,0,0,0,0,0,0,0,1,2021-02-04,1,0,N,0,0,,,0,,0,0,0,0,0,,,,37.858783,-122.286459,"1204 Carleton St, Berkeley, California, 94702",98.909999999999997
BERKELEY,Alameda,2021,,060 241700600,1208 Peralta,,B2021-00369,ADU,Renter,0,0,0,0,0,0,0,0,0,0,1,2021-05-13,1,0,0,0,0,0,0,0,0,0,0,1,2021-05-13,1,0,0,0,0,0,0,0,0,0,0,0,,0,0,N,0,0,,,0,,0,0,0,0,0,,,,37.882099,-122.287325,"1208 Peralta Ave, Albany, California, 94706",98.879999999999995
BERKELEY,Alameda,2021,,053 162700700,1253 Carrison,,B2020-03209,ADU,Renter,0,0,0,0,0,0,0,0,0,0,1,2021-07-02,1,0,0,0,0,0,0,0,0,0,0,1,2021-07-02,1,0,0,0,0,0,0,0,0,0,0,0,,0,0,N,0,0,,,0,,0,0,0,0,0,,,,37.851852,-122.284053,"1253 Carrison St, Berkeley, California, 94702",98.909999999999997
BERKELEY,Alameda,2021,,060 242901800,1280 Monterey,,B2018-04710,ADU,Renter,0,0,0,0,0,0,0,0,0,0,0,,0,0,0,0,0,0,0,0,0,0,0,0,,0,0,0,0,0,0,0,0,0,0,0,1,2021-02-01,1,0,N,0,0,,,0,,0,0,0,0,0,,,,37.882695,-122.282094,"1280 Monterey Ave, Berkeley, California, 94707",98.909999999999997
BERKELEY,Alameda,2021,,054 178301300,1315 Blake,,B2020-01422,ADU,Renter,0,0,0,0,0,0,0,0,0,0,0,,0,0,0,0,0,0,0,0,0,0,0,0,,0,0,0,0,0,0,0,0,0,0,0,1,2021-03-16,1,0,N,0,0,,,0,,0,0,0,0,0,,,,37.860876,-122.284687,"1315 Blake St, Berkeley, California, 94702",98.909999999999997
BERKELEY,Alameda,2021,,052 151701100,1315 Sixty-Sixth,,B2020-03973,ADU,Renter,0,0,0,0,0,0,0,0,0,0,1,2021-05-25,1,0,0,0,0,0,0,0,0,0,0,1,2021-05-25,1,0,0,0,0,0,0,0,0,0,0,0,,0,0,N,0,0,,,0,,0,0,0,0,0,,,,37.849641,-122.281979,"1315 66th St, Berkeley, California, 94702",98.909999999999997
BERKELEY,Alameda,2021,,054 179002500,1334 Blake,,B2019-04237,ADU,Renter,0,0,0,0,0,0,0,0,0,0,0,,0,0,0,0,0,0,0,0,0,0,0,0,,0,0,0,0,0,0,0,0,0,0,0,1,2021-10-12,1,0,N,0,0,,,0,,0,0,0,0,0,,,,37.860937,-122.283758,"1334 Blake St, Berkeley, California, 94702",98.909999999999997
BERKELEY,Alameda,2021,,058 214101000,1335 Delaware,,B2021-00868,ADU,Renter,0,0,0,0,0,0,0,0,0,0,1,2021-05-25,1,0,0,0,0,0,0,0,0,0,0,1,2021-05-25,1,0,0,0,0,0,0,0,0,0,0,1,2021-10-19,1,0,N,0,0,,,0,,0,0,0,0,0,,,,37.872596,-122.286110,"1335 Delaware St, Berkeley, California, 94702",98.909999999999997
BERKELEY,Alameda,2021,,060 239701900,1407 Kains,,B2020-02776,ADU,Renter,0,0,0,0,0,0,0,0,0,0,1,2021-08-05,1,0,0,0,0,0,0,0,0,0,0,1,2021-08-05,1,0,0,0,0,0,0,0,0,0,0,0,,0,0,N,0,0,,,0,,0,0,0,0,0,,,,37.878621,-122.294199,"1407 Kains Ave, Berkeley, California, 94702",98.909999999999997
BERKELEY,Alameda,2021,,059 227702200,1512 North,,B2019-05151,ADU,Renter,0,0,0,0,0,0,0,0,0,0,0,,0,0,0,0,0,0,0,0,0,0,0,0,,0,0,0,0,0,0,0,0,0,0,0,1,2021-09-03,1,0,N,0,0,,,0,,0,0,0,0,0,,,,37.878420,-122.278101,"1512 North St, Berkeley, California, 94703",98.909999999999997
BERKELEY,Alameda,2021,,059 228603900,1535 Juanita,,B2020-04509,ADU,Renter,0,0,0,0,0,0,0,0,0,0,1,2021-06-16,1,0,0,0,0,0,0,0,0,0,0,1,2021-06-16,1,0,0,0,0,0,0,0,0,0,0,1,2021-09-29,1,0,N,0,0,,,0,,0,0,0,0,0,,,,37.876780,-122.286267,"1535 Juanita Way, Berkeley, California, 94702",98.909999999999997
BERKELEY,Alameda,2021,,059 227801500,1628 Jaynes,,B2020-01658,ADU,Renter,0,0,0,0,0,0,0,0,0,0,0,,0,0,0,0,0,0,0,0,0,0,0,0,,0,0,0,0,0,0,0,0,0,0,0,1,2021-01-27,1,0,N,0,0,,,0,,0,0,0,0,0,,,,37.877990,-122.279224,"1628 Jaynes St, Berkeley, California, 94703",98.909999999999997
BERKELEY,Alameda,2021,,058 216700400,1712 M L King Jr,,B2020-01101,ADU,Renter,0,0,0,0,0,0,0,0,0,0,1,2021-06-08,1,0,0,0,0,0,0,0,0,0,0,1,2021-06-08,1,0,0,0,0,0,0,0,0,0,0,0,,0,0,N,0,0,,,0,,0,0,0,0,0,,,,37.875471,-122.273483,"1712 Martin Luther King Jr Way, Berkeley, California, 94709",98.909999999999997
BERKELEY,Alameda,2021,,061 260801100,1775 Sonoma,,B2020-01556,ADU,Renter,0,0,0,0,0,0,0,0,0,0,0,,0,0,0,0,0,0,0,0,0,0,0,0,,0,0,0,0,0,0,0,0,0,0,0,1,2021-07-15,1,0,N,0,0,,,0,,0,0,0,0,0,,,,37.886011,-122.279102,"1775 Sonoma Ave, Berkeley, California, 94707",98.909999999999997
BERKELEY,Alameda,2021,,061 260901400,1825 Sonoma,,B2021-01026,ADU,Renter,0,0,0,0,0,0,0,0,0,0,1,2021-10-06,1,0,0,0,0,0,0,0,0,0,0,1,2021-10-06,1,0,0,0,0,0,0,0,0,0,0,0,,0,0,N,0,0,,,0,,0,0,0,0,0,,,,37.885606,-122.277289,"1825 Sonoma Ave, Berkeley, California, 94707",98.909999999999997
BERKELEY,Alameda,2021,,057 207500201,1904 Sacramento,,B2019-00961-REV01,ADU,Renter,0,0,0,0,0,0,0,0,0,0,1,2021-09-02,1,0,0,0,0,0,0,0,0,0,0,1,2021-09-02,1,0,0,0,0,0,0,0,0,0,0,0,,0,0,N,0,0,,,0,,0,0,0,0,0,,,,37.871604,-122.282200,"1904 Sacramento St, Berkeley, California, 94702",98.909999999999997
BERKELEY,Alameda,2021,,056 197102400,2117 Eighth,,B2020-00103,ADU,Renter,0,0,0,0,0,0,0,0,0,0,0,,0,0,0,0,0,0,0,0,0,0,0,0,,0,0,0,0,0,0,0,0,0,0,0,1,2021-10-13,1,0,N,0,0,,,0,,0,0,0,0,0,,,,37.866415,-122.294849,"2117 8th St, Berkeley, California, 94710",98.909999999999997
BERKELEY,Alameda,2021,,057 201800700,2210 M L King Jr,,B2020-01827,ADU,Renter,0,0,0,0,0,0,0,0,0,0,1,2021-05-13,1,0,0,0,0,0,0,0,0,0,0,1,2021-05-13,1,0,0,0,0,0,0,0,0,0,0,0,,0,0,N,0,0,,,0,,0,0,0,0,0,,,,37.868246,-122.272677,"2210 Martin Luther King Jr Way, Berkeley, California, 94704",98.909999999999997
BERKELEY,Alameda,2021,,056 193400800,2310 Tenth,,B2019-05135,ADU,Renter,0,0,0,0,0,0,0,0,0,0,1,2021-01-26,1,0,0,0,0,0,0,0,0,0,0,1,2021-01-26,1,0,0,0,0,0,0,0,0,0,0,0,,0,0,N,0,0,,,0,,0,0,0,0,0,,,,37.863930,-122.291735,"2310 10th St, Berkeley, California, 94710",98.909999999999997
BERKELEY,Alameda,2021,,054 171602700,2322 Ward,,B2021-01872,ADU,Renter,0,0,0,0,0,0,0,0,0,0,1,2021-11-29,1,0,0,0,0,0,0,0,0,0,0,1,2021-11-29,1,0,0,0,0,0,0,0,0,0,0,0,,0,0,N,0,0,,,0,,0,0,0,0,0,,,,37.860201,-122.260861,"2322 Ward St, Berkeley, California, 94705",98.909999999999997
BERKELEY,Alameda,2021,,056 192401600,2336 Bonar,,B2020-04487,ADU,Renter,0,0,0,0,0,0,0,0,0,0,1,2021-06-08,1,0,0,0,0,0,0,0,0,0,0,1,2021-06-08,1,0,0,0,0,0,0,0,0,0,0,0,,0,0,N,0,0,,,0,,0,0,0,0,0,,,,37.863897,-122.286355,"2336 Bonar St, Berkeley, California, 94702",98.909999999999997
BERKELEY,Alameda,2021,,053 169600100,2801 College,,B2020-01591,ADU,Renter,0,0,0,0,0,0,0,0,0,0,2,2021-08-11,2,0,0,0,0,0,0,0,0,0,0,2,2021-08-11,2,0,0,0,0,0,0,0,0,0,0,0,,0,0,N,0,0,,,0,,0,0,0,0,0,,,,37.859651,-122.253279,"2801 College Ave, Berkeley, California, 94705",98.909999999999997
BERKELEY,Alameda,2021,,053 166700300,2804 Acton,,B2020-04057,ADU,Renter,0,0,0,0,0,0,0,0,0,0,1,2021-06-30,1,0,0,0,0,0,0,0,0,0,0,1,2021-06-30,1,0,0,0,0,0,0,0,0,0,0,0,,0,0,N,0,0,,,0,,0,0,0,0,0,,,,37.855473,-122.282155,"2804 Acton St, Berkeley, California, 94702",98.909999999999997
BERKELEY,Alameda,2021,,064 424200600,30 El Camino Real,,B2021-00982,ADU,Renter,0,0,0,0,0,0,0,0,0,0,1,2021-06-20,1,0,0,0,0,0,0,0,0,0,0,1,2021-06-20,1,0,0,0,0,0,0,0,0,0,0,0,,0,0,N,0,0,,,0,,0,0,0,0,0,,,,37.856320,-122.242925,"30 El Camino Real, Berkeley, California, 94705",100
BERKELEY,Alameda,2021,,061 257506400,801 The Alameda,,B2020-04067,ADU,Renter,0,0,0,0,0,0,0,0,0,0,1,2021-03-30,1,0,0,0,0,0,0,0,0,0,0,1,2021-03-30,1,0,0,0,0,0,0,0,0,0,0,0,,0,0,N,0,0,,,0,,0,0,0,0,0,,,,37.894097,-122.277022,"801 The Alameda, Berkeley, California, 94707",100
BERKELEY,Alameda,2021,,056 194000200,828 Channing,,B2020-03543,ADU,Renter,0,0,0,0,0,0,0,0,0,0,1,2021-06-23,1,0,0,0,0,0,0,0,0,0,0,1,2021-06-23,1,0,0,0,0,0,0,0,0,0,0,0,,0,0,N,0,0,,,0,,0,0,0,0,0,,,,37.861797,-122.295283,"828 Channing Way, Berkeley, California, 94710",98.909999999999997
BERKELEY,Alameda,2021,,063 296103200,915 Regal,,B2021-00455,ADU,Renter,0,0,0,0,0,0,0,0,0,0,1,2021-08-05,1,0,0,0,0,0,0,0,0,0,0,1,2021-08-05,1,0,0,0,0,0,0,0,0,0,0,0,,0,0,N,0,0,,,0,,0,0,0,0,0,,,,37.894312,-122.264695,"915 Regal Rd, Berkeley, California, 94708",98.909999999999997
BERKELEY,Alameda,2021,,059 232500605,1444 Fifth,,B2019-03783,SFD,Renter,0,0,0,0,0,0,0,0,0,0,0,,0,0,0,0,0,0,0,0,0,0,0,0,,0,0,0,0,0,0,0,0,0,0,0,1,2021-03-17,1,0,N,0,0,,,0,,0,0,0,0,0,,,,37.875787,-122.301471,"1444 5th St, Berkeley, California, 94710",98.909999999999997
BERKELEY,Alameda,2021,,057 201502200,2145 Grant,,B2019-01597,SFD,Renter,0,0,0,0,0,0,0,0,0,0,0,,0,0,0,0,0,0,0,0,0,0,0,0,,0,0,0,0,0,0,0,0,0,0,0,1,2021-09-30,1,0,N,0,0,,,0,,0,0,0,0,0,,,,37.868927,-122.274985,"2145 Grant St, Berkeley, California, 94703",98.909999999999997
BERKELEY,Alameda,2021,,059 232500301,766 Page,,B2021-01329,SFD,Renter,0,0,0,0,0,0,0,0,0,0,1,2021-11-28,1,0,0,0,0,0,0,0,0,0,0,1,2021-10-13,1,0,0,0,0,0,0,0,0,0,0,0,,0,0,N,0,0,,,0,,0,0,0,0,0,,,,37.876040,-122.302025,"766 Page St, Berkeley, California, 94710",98.909999999999997
BERKELEY,Alameda,2021,,059 232500300,770 Page,,B2021-01331,SFD,Renter,0,0,0,0,0,0,0,0,0,0,4,2021-03-21,4,0,0,0,0,0,0,0,0,0,0,1,2021-10-06,1,0,0,0,0,0,0,0,0,0,0,0,,0,0,N,0,0,,,0,,1,0,0,0,0,,,,37.876088,-122.301935,"770 Page St, Berkeley, California, 94710",98.909999999999997
BERKELEY,Alameda,2021,,058 211900900,1716 Seventh,,ZP2020-0123,SFD,Renter,0,0,0,0,0,0,0,0,0,0,2,2021-10-20,2,0,0,0,0,0,0,0,0,0,0,0,,0,0,0,0,0,0,0,0,0,0,0,0,,0,0,N,0,0,,,0,,1,0,0,0,0,,,,37.871920,-122.297875,"1716 7th St, Berkeley, California, 94710",98.909999999999997
BERKELEY,Alameda,2022,,052 155600300,3108 DEAKIN,,,2 to 4,Renter,0,0,0,0,0,0,0,0,0,0,0,,0,0,0,0,0,0,0,0,0,0,0,0,,0,0,0,0,0,0,0,0,0,0,0,1,2022-01-19,1,0,N,0,Y,,,0,,0,0,0,0,0,,,,37.853256,-122.262007,"3108 Deakin St, Berkeley, California, 94705",98.909999999999997
BERKELEY,Alameda,2022,,058 218300100,1601 OXFORD,,,5+,Renter,0,0,0,0,0,0,0,0,0,0,0,,0,0,0,0,0,0,0,0,0,0,0,0,,0,0,0,0,0,7,0,14,0,12,0,1,2022-03-09,34,7,N,0,Y,"LHTF, NPLH, Other, PBS8, HOME, CDLAC",DB;Other,0,1000,0,0,0,35,4,Development Standards Modification,N,"Other: Alameda Coutny A1 Bond Funds, City of Berkeley HTF; Other - City Regulatory Agreement (VLI/LI Households)",37.878577,-122.266818,"1601 Oxford St, Berkeley, California, 94709",98.909999999999997
BERKELEY,Alameda,2022,,055 189600500,2440 SHATTUCK,,,5+,Renter,0,0,0,0,3,0,0,0,0,0,37,2022-06-24,40,0,0,0,0,0,0,0,0,0,0,0,,0,0,0,0,0,0,0,0,0,0,0,0,,0,0,N,0,Y,,DB,0,1000,0,0,0,32.5,7,Development Standards Modification,Y,,37.865060,-122.267591,"2440 Shattuck Ave, Berkeley, California, 94704",98.909999999999997
BERKELEY,Alameda,2022,,053 169600100,2801 COLLEGE,,,ADU,Renter,0,0,0,0,0,0,0,0,0,0,0,,0,0,0,0,0,0,0,0,0,0,0,0,,0,0,0,0,0,0,0,0,0,0,0,1,2022-07-28,1,0,N,0,Y,,,0,,0,0,0,0,0,,,,37.859651,-122.253279,"2801 College Ave, Berkeley, California, 94705",98.909999999999997
BERKELEY,Alameda,2022,,056 194000200,828 CHANNING,,,ADU,Renter,0,0,0,0,0,0,0,0,0,0,0,,0,0,0,0,0,0,0,0,0,0,0,0,,0,0,0,0,0,0,0,0,0,0,0,1,2022-04-25,1,0,N,0,Y,,,0,,0,0,0,0,0,,,,37.861797,-122.295283,"828 Channing Way, Berkeley, California, 94710",98.909999999999997
BERKELEY,Alameda,2022,,055 191203400,2321 CALIFORNIA,,,ADU,Renter,0,0,0,0,0,0,0,0,0,0,0,,0,0,0,0,0,0,0,0,0,0,0,0,,0,0,0,0,0,0,0,0,0,0,0,1,2022-01-19,1,0,N,0,Y,,,0,,0,0,0,0,0,,,,37.865236,-122.279186,"2321 California St, Berkeley, California, 94703",98.909999999999997
BERKELEY,Alameda,2022,,060 243504100,1255 MONTEREY,,,ADU,Renter,0,0,0,0,0,0,0,0,0,0,0,,0,0,0,0,0,0,0,0,0,0,0,0,,0,0,0,0,0,0,0,0,0,0,0,1,2022-12-08,1,0,N,0,Y,,,0,,0,0,0,0,0,,,,37.883465,-122.281545,"1255 Monterey Ave, Berkeley, California, 94707",98.909999999999997
BERKELEY,Alameda,2022,,060 241700600,1208 PERALTA,,,ADU,Renter,0,0,0,0,0,0,0,0,0,0,0,,0,0,0,0,0,0,0,0,0,0,0,0,,0,0,0,0,0,0,0,0,0,0,0,1,2022-01-21,1,0,N,0,Y,,,0,,0,0,0,0,0,,,,37.882099,-122.287325,"1208 Peralta Ave, Albany, California, 94706",98.879999999999995
BERKELEY,Alameda,2022,,053 160900800,1639 JULIA,,,ADU,Renter,0,0,0,0,0,0,0,0,0,0,0,,0,0,0,0,0,0,0,0,0,0,0,0,,0,0,0,0,0,0,0,0,0,0,0,1,2022-06-16,1,0,N,0,Y,,,0,,0,0,0,0,0,,,,37.854699,-122.275336,"1639 Julia St, Berkeley, California, 94703",98.909999999999997
BERKELEY,Alameda,2022,,058 215302600,1530 LINCOLN,,,ADU,Renter,0,0,0,0,0,0,0,0,0,0,0,,0,0,0,0,0,0,0,0,0,0,0,0,,0,0,0,0,0,0,0,0,0,0,0,1,2022-08-15,1,0,N,0,Y,,,0,,0,0,0,0,0,,,,37.875901,-122.281373,"1530 Lincoln St, Berkeley, California, 94703",98.909999999999997
BERKELEY,Alameda,2022,,055 184702800,2519 COLLEGE,,,ADU,Renter,0,0,0,0,0,0,0,0,0,0,0,,0,0,0,0,0,0,0,0,0,0,0,1,2022-09-09,1,0,0,0,0,0,0,0,0,0,0,0,,0,0,N,0,Y,,,0,,0,0,0,0,0,,,,37.865044,-122.253789,"2519 College Ave, Berkeley, California, 94704",98.909999999999997
BERKELEY,Alameda,2022,,052 144801100,1279 ALCATRAZ,,,ADU,Renter,0,0,0,0,0,0,0,0,0,0,0,,0,0,0,0,0,0,0,0,0,0,0,0,,0,0,0,0,0,0,0,0,0,0,0,1,2022-03-31,1,0,N,0,Y,,,0,,0,0,0,0,0,,,,37.847422,-122.281540,"1279 Alcatraz Ave, Berkeley, California, 94702",98.909999999999997
BERKELEY,Alameda,2022,,062 288800800,1879 CATALINA,,,ADU,Renter,0,0,0,0,0,0,0,0,0,0,0,,0,0,0,0,0,0,0,0,0,0,0,0,,0,0,0,0,0,0,0,0,0,0,0,1,2022-03-10,1,0,N,0,Y,,,0,,0,0,0,0,0,,,,37.892869,-122.277844,"1879 Catalina Ave, Berkeley, California, 94707",98.909999999999997
BERKELEY,Alameda,2022,,053 169701400,2823 CHERRY,,,ADU,Renter,0,0,0,0,0,0,0,0,0,0,0,,0,0,0,0,0,0,0,0,0,0,0,0,,0,0,0,0,0,0,0,0,0,0,0,1,2022-12-06,1,0,N,0,Y,,,0,,0,0,0,0,0,,,,37.859017,-122.252180,"2823 Cherry St, Berkeley, California, 94705",98.909999999999997
BERKELEY,Alameda,2022,,054 173304100,1516 WARD,,,ADU,Renter,0,0,0,0,0,0,0,0,0,0,0,,0,0,0,0,0,0,0,0,0,0,0,0,,0,0,0,0,0,0,0,0,0,0,0,1,2022-05-06,1,0,N,0,Y,,,0,,0,0,0,0,0,,,,37.857885,-122.279290,"1516 Ward St, Berkeley, California, 94703",98.909999999999997
BERKELEY,Alameda,2022,,052 152601000,1815 SIXTY-SECOND,,,ADU,Renter,0,0,0,0,0,0,0,0,0,0,0,,0,0,0,0,0,0,0,0,0,0,0,0,,0,0,0,0,0,0,0,0,0,0,0,1,2022-10-20,1,0,N,0,Y,,,0,,0,0,0,0,0,,,,37.847079,-122.270391,"1815 62nd St, Berkeley, California, 94703",98.909999999999997
BERKELEY,Alameda,2022,,055 189401401,2025 DURANT,,,5+,Renter,0,0,0,0,0,0,0,0,0,0,0,,0,0,0,0,0,0,0,0,0,0,0,2,2022-01-31,2,0,0,0,0,0,0,0,0,0,0,0,,0,0,N,0,Y,,,0,,0,0,0,0,0,,,,37.866546,-122.269033,"2025 Durant Ave, Berkeley, California, 94704",98.909999999999997
BERKELEY,Alameda,2022,,055 189501805,2352 SHATTUCK,,,5+,Renter,0,0,0,0,0,0,0,0,0,0,0,,0,0,0,0,0,0,0,0,0,0,0,0,,0,0,0,0,0,8,0,0,0,0,0,127,2022-01-14,135,0,N,0,Y,,DB,0,1000,0,0,0,25,6,Development Standards Modification,Y,,37.866411,-122.267740,"2352 Shattuck Ave, Berkeley, California, 94704",98.909999999999997
BERKELEY,Alameda,2022,,055 188000700,2435 HASTE,,,5+,Renter,0,0,0,0,5,0,1,0,0,0,31,2022-11-28,37,0,0,0,0,0,0,0,0,0,0,0,,0,0,0,0,0,0,0,0,0,0,0,0,,0,3,N,0,Y,,DB,0,1000,8,0,0,50,2,Development Standards Modification,N,,37.865958,-122.259338,"2435 Haste St, Berkeley, California, 94704",98.909999999999997
BERKELEY,Alameda,2022,,058 215803000,1618 FRANCISCO,,,ADU,Renter,0,0,0,0,0,0,0,0,0,0,0,,0,0,0,0,0,0,0,0,0,0,0,1,2022-08-11,1,0,0,0,0,0,0,0,0,0,0,0,,0,0,N,0,Y,,,0,,0,0,0,0,0,,,,37.874350,-122.279259,"1618 Francisco St, Berkeley, California, 94703",98.909999999999997
BERKELEY,Alameda,2022,,053 166302000,2821 WALLACE,,,ADU,Renter,0,0,0,0,0,0,0,0,0,0,0,,0,0,0,0,0,0,0,0,0,0,0,0,,0,0,0,0,0,0,0,0,0,0,0,1,2022-02-16,1,0,N,0,Y,,,0,,0,0,0,0,0,,,,37.854253,-122.286362,"2821 Wallace St, Berkeley, California, 94702",98.909999999999997
BERKELEY,Alameda,2022,,057 201800700,2210 M L KING JR,,,ADU,Renter,0,0,0,0,0,0,0,0,0,0,0,,0,0,0,0,0,0,0,0,0,0,0,1,2022-09-15,1,0,0,0,0,0,0,0,0,0,0,0,,0,0,N,0,Y,,,0,,0,0,0,0,0,,,,37.868246,-122.272677,"2210 Martin Luther King Jr Way, Berkeley, California, 94704",98.909999999999997
BERKELEY,Alameda,2022,,058 215501701,1601 LINCOLN,,,ADU,Renter,0,0,0,0,0,0,0,0,0,0,0,,0,0,0,0,0,0,0,0,0,0,0,0,,0,0,0,0,0,0,0,0,0,0,0,1,2022-03-09,1,0,N,0,Y,,,0,,0,0,0,0,0,,,,37.876096,-122.280218,"1601 Lincoln St, Berkeley, California, 94703",98.909999999999997
BERKELEY,Alameda,2022,,057 209501302,1817 SIXTH,,,ADU,Renter,0,0,0,0,0,0,0,0,0,0,0,,0,0,0,0,0,0,0,0,0,0,0,1,2022-11-30,1,0,0,0,0,0,0,0,0,0,0,0,,0,0,N,0,Y,,,0,,0,0,0,0,0,,,,37.869849,-122.298252,"1817 6th St, Berkeley, California, 94710",98.909999999999997
BERKELEY,Alameda,2022,,052 152802200,1894 HARMON,,,ADU,Renter,0,0,0,0,0,0,0,0,0,0,0,,0,0,0,0,0,0,0,0,0,0,0,1,2022-10-11,1,0,0,0,0,0,0,0,0,0,0,0,,0,0,N,0,Y,,,0,,0,0,0,0,0,,,,37.849726,-122.270045,"1894 Harmon St, Berkeley, California, 94703",98.909999999999997
BERKELEY,Alameda,2022,,063 314001001,1051 WOODSIDE,,,ADU,Renter,0,0,0,0,0,0,0,0,0,0,0,,0,0,0,0,0,0,0,0,0,0,0,0,,0,0,0,0,0,0,0,0,0,0,0,1,2022-11-01,1,0,N,0,Y,,,0,,0,0,0,0,0,,,,37.894218,-122.253756,"1051 Woodside Rd, Berkeley, California, 94708",98.909999999999997
BERKELEY,Alameda,2022,,052 155602400,2210 PRINCE,,,ADU,Renter,0,0,0,0,0,0,0,0,0,0,0,,0,0,0,0,0,0,0,0,0,0,0,0,,0,0,0,0,0,0,0,0,0,0,0,1,2022-08-08,1,0,N,0,Y,,,0,,0,0,0,0,0,,,,37.853413,-122.263575,"2210 Prince St, Berkeley, California, 94705",98.909999999999997
BERKELEY,Alameda,2022,,062 290700200,540 THE ALAMEDA,,,ADU,Renter,0,0,0,0,0,0,0,0,0,0,0,,0,0,0,0,0,0,0,0,0,0,0,1,2022-04-18,1,0,0,0,0,0,0,0,0,0,0,0,,0,0,N,0,Y,,,0,,0,0,0,0,0,,,,37.899519,-122.281386,"540 The Alameda, Berkeley, California, 94707",100
BERKELEY,Alameda,2022,,052 142502000,2146 WOOLSEY,,,ADU,Renter,0,0,0,0,0,0,0,0,0,0,0,,0,0,0,0,0,0,0,0,0,0,0,1,2022-09-12,1,0,0,0,0,0,0,0,0,0,0,0,,0,0,N,0,Y,,,0,,0,0,0,0,0,,,,37.852509,-122.264056,"2146 Woolsey St, Berkeley, California, 94705",98.909999999999997
BERKELEY,Alameda,2022,,054 178301700,1301 BLAKE,,,ADU,Renter,0,0,0,0,0,0,0,0,0,0,0,,0,0,0,0,0,0,0,0,0,0,0,1,2022-06-03,1,0,0,0,0,0,0,0,0,0,0,0,,0,0,N,0,Y,,,0,,0,0,0,0,0,,,,37.860816,-122.285169,"1301 Blake St, Berkeley, California, 94702",98.909999999999997
BERKELEY,Alameda,2022,,058 212402800,1621 EIGHTH,,,ADU,Renter,0,0,0,0,0,0,0,0,0,0,0,,0,0,0,0,0,0,0,0,0,0,0,1,2022-09-15,1,0,0,0,0,0,0,0,0,0,0,0,,0,0,N,0,Y,,,0,,0,0,0,0,0,,,,37.873700,-122.297186,"1621 8th St, Berkeley, California, 94710",98.909999999999997
BERKELEY,Alameda,2022,,059 226802500,1535 M L KING JR,,,ADU,Renter,0,0,0,0,0,0,0,0,0,0,0,,0,0,0,0,0,0,0,0,0,0,0,2,2022-07-07,2,0,0,0,0,0,0,0,0,0,0,0,,0,0,N,0,Y,,,0,,0,0,0,0,0,,,,37.878439,-122.273704,"1535 Martin Luther King Jr Way, Berkeley, California, 94709",98.909999999999997
BERKELEY,Alameda,2022,,061 257002100,1917 NAPA,,,ADU,Renter,0,0,0,0,0,0,0,0,0,0,0,,0,0,0,0,0,0,0,0,0,0,0,1,2022-04-28,1,0,0,0,0,0,0,0,0,0,0,0,,0,0,N,0,Y,,,0,,0,0,0,0,0,,,,37.886640,-122.275036,"1917 Napa Ave, Berkeley, California, 94707",98.909999999999997
BERKELEY,Alameda,2022,,063 296300500,690 GRIZZLY PEAK,,,ADU,Renter,0,0,0,0,0,0,0,0,0,0,0,,0,0,0,0,0,0,0,0,0,0,0,1,2022-09-13,1,0,0,0,0,0,0,0,0,0,0,0,,0,0,N,0,Y,,,0,,0,0,0,0,0,,,,37.899340,-122.265269,"690 Grizzly Peak Blvd, Berkeley, California, 94708",98.909999999999997
BERKELEY,Alameda,2022,,063 311004800,635 CRESTON,,,ADU,Renter,0,0,0,0,0,0,0,0,0,0,0,,0,0,0,0,0,0,0,0,0,0,0,1,2022-05-26,1,0,0,0,0,0,0,0,0,0,0,0,,0,0,N,0,Y,,,0,,0,0,0,0,0,,,,37.901428,-122.265538,"635 Creston Rd, Berkeley, California, 94708",98.909999999999997
BERKELEY,Alameda,2022,,052 153601100,1515 HARMON,,,ADU,Renter,0,0,0,0,0,0,0,0,0,0,0,,0,0,0,0,0,0,0,0,0,0,0,1,2022-12-06,1,0,0,0,0,0,0,0,0,0,0,0,,0,0,N,0,Y,,,0,,0,0,0,0,0,,,,37.848923,-122.277440,"1515 Harmon St, Berkeley, California, 94703",98.909999999999997
BERKELEY,Alameda,2022,,054 178300600,1333 BLAKE,,,ADU,Renter,0,0,0,0,0,0,0,0,0,0,0,,0,0,0,0,0,0,0,0,0,0,0,1,2022-03-16,1,0,0,0,0,0,0,0,0,0,0,0,,0,0,N,0,Y,,,0,,0,0,0,0,0,,,,37.860992,-122.283997,"1333 Blake St, Berkeley, California, 94702",98.909999999999997
BERKELEY,Alameda,2022,,055 182202400,2022 DWIGHT,,,ADU,Renter,0,0,0,0,0,0,0,0,0,0,0,,0,0,0,0,0,0,0,0,0,0,0,1,2022-05-24,1,0,0,0,0,0,0,0,0,0,0,0,,0,0,N,0,Y,,,0,,0,0,0,0,0,,,,37.863773,-122.268664,"2022 Dwight Way, Berkeley, California, 94704",98.909999999999997
BERKELEY,Alameda,2022,,055 183001500,2200 DWIGHT,,,ADU,Renter,0,0,0,0,0,0,0,0,0,0,0,,0,0,0,0,0,0,0,0,0,0,0,2,2022-12-06,2,0,0,0,0,0,0,0,0,0,0,0,,0,0,N,0,Y,,,0,,0,0,0,0,0,,,,37.864237,-122.265054,"2200 Dwight Way, Berkeley, California, 94704",98.909999999999997
BERKELEY,Alameda,2022,,055 191201800,2334 JEFFERSON,,,ADU,Renter,0,0,0,0,0,0,0,0,0,0,0,,0,0,0,0,0,0,0,0,0,0,0,1,2022-05-11,1,0,0,0,0,0,0,0,0,0,0,0,,0,0,N,0,Y,,,0,,0,0,0,0,0,,,,37.865048,-122.278051,"2334 Jefferson Ave, Berkeley, California, 94703",98.909999999999997
BERKELEY,Alameda,2022,,057 207600200,1428 DELAWARE,,,ADU,Renter,0,0,0,0,0,0,0,0,0,0,0,,0,0,0,0,0,0,0,0,0,0,0,1,2022-08-10,1,0,0,0,0,0,0,0,0,0,0,0,,0,0,N,0,Y,,,0,,0,0,0,0,0,,,,37.872915,-122.283223,"1428 Delaware St, Berkeley, California, 94702",98.909999999999997
BERKELEY,Alameda,2022,,057 208302900,1907 CURTIS,,,ADU,Renter,0,0,0,0,0,0,0,0,0,0,0,,0,0,0,0,0,0,0,0,0,0,0,1,2022-05-17,1,0,0,0,0,0,0,0,0,0,0,0,,0,0,N,0,Y,,,0,,0,0,0,0,0,,,,37.870506,-122.289607,"1907 Curtis St, Berkeley, California, 94702",98.909999999999997
BERKELEY,Alameda,2022,,058 216201400,1729 VIRGINIA,,,ADU,Renter,0,0,0,0,0,0,0,0,0,0,0,,0,0,0,0,0,0,0,0,0,0,0,1,2022-08-16,1,0,0,0,0,0,0,0,0,0,0,0,,0,0,N,0,Y,,,0,,0,0,0,0,0,,,,37.875617,-122.276747,"1729 Virginia St, Berkeley, California, 94703",98.909999999999997
BERKELEY,Alameda,2022,,054 180202000,1512 CARLETON (Unit B),,,SFD,Renter,0,0,0,0,0,0,0,0,0,0,0,,0,0,0,0,0,0,0,0,0,0,0,0,,0,0,0,0,0,0,0,0,0,0,0,1,2022-06-01,1,0,N,0,Y,,,0,,0,0,0,0,0,,,,37.859670,-122.279622,"1512 Carleton St, Berkeley, California, 94703",98.909999999999997
BERKELEY,Alameda,2022,,059 232500300,770 PAGE,,,SFD,Renter,0,0,0,0,0,0,0,0,0,0,0,,0,0,0,0,0,0,0,0,0,0,0,0,,0,0,0,0,0,0,0,0,0,0,0,1,2022-12-23,1,0,N,0,Y,,,0,,1,0,0,0,0,,,,37.876088,-122.301935,"770 Page St, Berkeley, California, 94710",98.909999999999997
BERKELEY,Alameda,2022,,059 232004,1434 FIFTH,,,SFD,Owner,0,0,0,0,0,0,0,0,0,0,0,,0,0,0,0,0,0,0,0,0,0,0,1,2022-06-03,1,0,0,0,0,0,0,0,0,0,0,0,,0,0,N,0,Y,,,0,,0,0,0,0,0,,,,37.876083,-122.301620,"1434 5th St, Berkeley, California, 94710",98.909999999999997
BERKELEY,Alameda,2022,,060 247801300,1446 CAMPUS,,,ADU,Renter,0,0,0,0,0,0,0,0,0,0,0,,0,0,0,0,0,0,0,0,0,0,0,1,2022-09-16,1,0,0,0,0,0,0,0,0,0,0,0,,0,0,N,0,Y,,,0,,0,0,0,0,0,,,,37.883007,-122.252757,"1446 Campus Dr, Berkeley, California, 94708",98.909999999999997
BERKELEY,Alameda,2022,,060 240501800,1242 KAINS,,,ADU,Renter,0,0,0,0,0,0,0,0,0,0,0,,0,0,0,0,0,0,0,0,0,0,0,1,2022-11-23,1,0,0,0,0,0,0,0,0,0,0,0,,0,0,N,0,Y,,,0,,0,0,0,0,0,,,,37.881005,-122.295027,"1242 Kains Ave, Albany, California, 94706",98.879999999999995
BERKELEY,Alameda,2022,,062 286801300,680 PERALTA,,,ADU,Renter,0,0,0,0,0,0,0,0,0,0,0,,0,0,0,0,0,0,0,0,0,0,0,1,2022-10-04,1,0,0,0,0,0,0,0,0,0,0,0,,0,0,N,0,Y,,,0,,0,0,0,0,0,,,,37.895086,-122.285573,"680 Peralta Ave, Berkeley, California, 94707",98.909999999999997
BERKELEY,Alameda,2022,,062 292201800,610 ARLINGTON,,,ADU,Renter,0,0,0,0,0,0,0,0,0,0,0,,0,0,0,0,0,0,0,0,0,0,0,1,2022-10-19,1,0,0,0,0,0,0,0,0,0,0,0,,0,0,N,0,Y,,,0,,0,0,0,0,0,,,,37.899047,-122.277211,"610 Arlington Ave, Berkeley, California, 94707",98.909999999999997
BERKELEY,Alameda,2022,,052 154401200,1519 FAIRVIEW (ADU),,,ADU,Renter,0,0,0,0,0,0,0,0,0,0,0,,0,0,0,0,0,0,0,0,0,0,0,1,2022-07-29,1,0,0,0,0,0,0,0,0,0,0,0,,0,0,N,0,Y,,,0,,0,0,0,0,0,,,,37.849842,-122.277449,"1519 Fairview St, Berkeley, California, 94703",98.170000000000002
BERKELEY,Alameda,2022,,054 180202000,1516 CARLETON (Unit A),,,SFD,Renter,0,0,0,0,0,0,0,0,0,0,0,,0,0,0,0,0,0,0,0,0,0,0,0,,0,0,0,0,0,0,0,0,0,0,0,1,2022-06-09,1,0,N,0,Y,,,0,,0,0,0,0,0,,,,37.859670,-122.279622,"1516 Carleton St, Berkeley, California, 94703",98.909999999999997
BERKELEY,Alameda,2022,,057 201800400,2200 M L KING JR,,,SFD,Renter,0,0,0,0,0,0,0,0,0,0,0,,0,0,0,0,0,0,0,0,0,0,0,0,,0,0,0,0,0,0,0,0,0,0,0,1,2022-09-08,1,0,N,0,Y,,,0,,0,0,0,0,0,,,,37.868613,-122.272977,"2200 M L K Jr, Berkeley, California, 94704",100
BERKELEY,Alameda,2022,,063 296903435,1026 GRIZZLY PEAK,,,SFD,Renter,0,0,0,0,0,0,0,0,0,0,0,,0,0,0,0,0,0,0,0,0,0,0,1,2022-12-28,1,0,0,0,0,0,0,0,0,0,0,0,,0,0,N,0,Y,,,0,,0,0,0,0,0,,,,37.894264,-122.258796,"1026 Grizzly Peak Blvd, Berkeley, California, 94708",98.909999999999997
BERKELEY,Alameda,2022,,060 247801503,1436 CAMPUS,,,SFD,Owner,0,0,0,0,0,0,0,0,0,0,1,2022-10-21,1,0,0,0,0,0,0,0,0,0,0,0,,0,0,0,0,0,0,0,0,0,0,0,0,,0,0,N,0,Y,,,0,,0,0,0,0,0,,,,37.883242,-122.252805,"1436 Campus Dr, Berkeley, California, 94708",98.909999999999997
BERKELEY,Alameda,2022,,053 168900900,2327 Oregon,,,SFD,Owner,0,0,0,0,0,0,0,0,0,0,1,2022-09-08,1,0,0,0,0,0,0,0,0,0,0,0,,0,0,0,0,0,0,0,0,0,0,0,0,,0,0,N,0,Y,,,0,,0,0,0,0,0,,,,37.858504,-122.260329,"2327 Oregon St, Berkeley, California, 94705",98.909999999999997
BERKELEY,Alameda,2020,,064 425102900,116 The Uplands,,B2019-01781,ADU,Renter,0,0,0,0,0,0,0,0,0,0,1,2020-10-29,1,0,0,0,0,0,0,0,0,0,0,1,2020-10-29,1,0,0,0,0,0,0,0,0,0,0,0,,0,0,N,0,0,,,0,,0,0,0,0,0,,,,37.853815,-122.243202,"116 The Uplands, Berkeley, California, 94705",100
BERKELEY,Alameda,2020,,061 255000400,1181 Laurel,,B2018-02038,ADU,Renter,0,0,0,0,0,0,0,0,0,0,0,,0,0,0,0,0,0,0,0,0,0,0,0,,0,0,0,0,0,0,0,0,0,0,0,1,2020-10-02,1,0,N,0,0,,,0,,0,0,0,0,0,,,,37.887017,-122.263260,"1181 Laurel St, Berkeley, California, 94708",98.909999999999997
BERKELEY,Alameda,2020,,060 240900902,1222 Evelyn,,B2019-04580,ADU,Renter,0,0,0,0,0,0,0,0,0,0,1,2020-03-26,1,0,0,0,0,0,0,0,0,0,0,1,2020-03-26,1,0,0,0,0,0,0,0,0,0,0,0,,0,0,N,0,0,,,0,,0,0,0,0,0,,,,37.882273,-122.291851,"1222 Evelyn Ave, Albany, California, 94706",98.879999999999995
BERKELEY,Alameda,2020,,052 151700700,1325 Sixty-Sixth,,B2019-04677,ADU,Renter,0,0,0,0,0,0,0,0,0,0,1,2020-02-20,1,0,0,0,0,0,0,0,0,0,0,1,2020-02-20,1,0,0,0,0,0,0,0,0,0,0,0,,0,0,N,0,0,,,0,,0,0,0,0,0,,,,37.849751,-122.281494,"1325 66th St, Berkeley, California, 94702",98.909999999999997
BERKELEY,Alameda,2020,,060 239301200,1470 Cornell,,B2017-01634-REV01,SFD,Owner,0,0,0,0,0,0,0,0,0,0,0,,0,0,0,0,0,0,0,0,0,0,0,1,2020-01-24,1,0,0,0,0,0,0,0,0,0,0,0,,0,0,N,0,0,,,0,,1,0,0,0,0,,,Reconstruction due to inadvertent demo,37.876803,-122.291882,"1470 Cornell Ave, Berkeley, California, 94702",98.909999999999997
BERKELEY,Alameda,2020,,054 173304100,1516 Ward,,B2020-01536,ADU,Renter,0,0,0,0,0,0,0,0,0,0,1,2020-09-24,1,0,0,0,0,0,0,0,0,0,0,1,2020-09-24,1,0,0,0,0,0,0,0,0,0,0,0,,0,0,N,0,0,,,0,,0,0,0,0,0,,,,37.857885,-122.279290,"1516 Ward St, Berkeley, California, 94703",98.909999999999997
BERKELEY,Alameda,2020,,059 227900300,1612 Buena,,B2019-02435,ADU,Renter,0,0,0,0,0,0,0,0,0,0,0,,0,0,0,0,0,0,0,0,0,0,0,0,,0,0,0,0,0,0,0,0,0,0,0,1,2020-07-16,1,0,N,0,0,,,0,,0,0,0,0,0,,,,37.878686,-122.280167,"1612 Buena Ave, Berkeley, California, 94703",98.909999999999997
BERKELEY,Alameda,2020,,058 212102200,1641 Seventh,,B2019-03539,SFD,Owner,0,0,0,0,0,0,0,0,0,0,0,,0,0,0,0,0,0,0,0,0,0,0,1,2020-02-28,1,0,0,0,0,0,0,0,0,0,0,0,,0,0,N,0,0,,,0,,0,0,0,0,0,,,,37.872934,-122.298137,"1641 7th St, Berkeley, California, 94710",98.909999999999997
BERKELEY,Alameda,2020,,057 206101000,1717 University,"changed zp (approved in 2017 for 28 units), changed unit count for bp (15u)",B2020-00206,5+,Renter,0,0,0,0,0,0,0,0,0,0,0,,0,0,0,0,0,0,0,0,0,0,0,15,2020-10-28,15,0,0,0,0,0,0,0,0,0,0,0,,0,0,N,0,0,,DB,0,,0,0,0,0,0,,,,37.871119,-122.277060,"1717 University Ave, Berkeley, California, 94703",98.909999999999997
BERKELEY,Alameda,2020,,052 155001300,1821 Woolsey,,B2020-01376,ADU,Renter,0,0,0,0,0,0,0,0,0,0,1,2020-09-30,1,0,0,0,0,0,0,0,0,0,0,1,2020-09-30,1,0,0,0,0,0,0,0,0,0,0,0,,0,0,N,0,0,,,0,,0,0,0,0,0,,,,37.851499,-122.271730,"1821 Woolsey St, Berkeley, California, 94703",98.909999999999997
BERKELEY,Alameda,2020,,057 201800300,1872 Allston,,ZP2019-0106,SFD,Owner,0,0,0,0,0,0,0,0,0,0,1,2020-02-18,1,0,0,0,0,0,0,0,0,0,0,0,,0,0,0,0,0,0,0,0,0,0,0,0,,0,0,N,0,0,,,0,,0,0,0,0,0,,,,37.868669,-122.273169,"1872 Allston Way, Berkeley, California, 94703",98.909999999999997
BERKELEY,Alameda,2020,,055 182201800,2000 Dwight,,ZP2019-0074,5+,Renter,0,0,0,0,0,0,0,0,0,0,126,2020-10-14,126,0,0,0,0,0,0,0,0,0,0,0,,0,0,0,0,0,0,0,0,0,0,0,0,,0,0,N,0,0,,DB,0,,0,0,0,0,0,,,Senior housing,37.863670,-122.269480,"2000 Dwight Way, Berkeley, California, 94704",98.909999999999997
BERKELEY,Alameda,2020,,056 196502000,2125 Sixth,,B2018-04808,ADU,Renter,0,0,0,0,0,0,0,0,0,0,0,,0,0,0,0,0,0,0,0,0,0,0,0,,0,0,0,0,0,0,0,0,0,0,0,1,2020-08-14,1,0,N,0,0,,,0,,0,0,0,0,0,,,,37.865798,-122.296984,"2125 6th St, Berkeley, California, 94710",98.909999999999997
BERKELEY,Alameda,2020,,060 246400900,2257 Glen,,B2018-01529,SFD,Owner,0,0,0,0,0,0,0,0,0,0,0,,0,0,0,0,0,0,0,0,0,0,0,0,,0,0,0,0,0,0,0,0,0,0,0,1,2020-08-21,1,0,N,0,0,,,0,,1,0,0,0,0,,,,37.884558,-122.264934,"2257 Glen Ave, Berkeley, California, 94709",98.909999999999997
BERKELEY,Alameda,2020,,056 192600300,2310 Curtis,,B2019-05408,ADU,Renter,0,0,0,0,0,0,0,0,0,0,1,2020-07-13,1,0,0,0,0,0,0,0,0,0,0,1,2020-07-13,1,0,0,0,0,0,0,0,0,0,0,0,,0,0,N,0,0,,,0,,0,0,0,0,0,,,,37.864491,-122.288588,"2310 Curtis St, Berkeley, California, 94702",98.909999999999997
BERKELEY,Alameda,2020,,055 186300901,2350 Prospect,,B2019-02693,SFD,Renter,0,0,0,0,0,0,0,0,0,0,0,,0,0,0,0,0,0,0,0,0,0,0,1,2020-08-26,1,0,0,0,0,0,0,0,0,0,0,0,,0,0,N,0,0,,,0,,0,0,0,0,0,,,Group Living Accommodation structured as single-family dwelling unit.,37.868328,-122.250048,"2350 Prospect St, Berkeley, California, 94704",98.909999999999997
BERKELEY,Alameda,2020,,055 189501805,2352 Shattuck,North Building; Phase II,B2019-05574,5+,Renter,0,0,0,0,0,0,0,0,0,0,0,,0,0,0,0,0,8,0,0,0,0,0,127,2020-09-10,135,0,0,0,0,0,0,0,0,0,0,0,,0,0,N,0,0,,DB,0,,0,0,0,0,0,,,,37.866411,-122.267740,"2352 Shattuck Ave, Berkeley, California, 94704",98.909999999999997
BERKELEY,Alameda,2020,,052 155901200,2417 Woolsey,,B2020-01052,ADU,Renter,0,0,0,0,0,0,0,0,0,0,1,2020-09-02,1,0,0,0,0,0,0,0,0,0,0,1,2020-09-02,1,0,0,0,0,0,0,0,0,0,0,0,,0,0,N,0,0,,,0,,0,0,0,0,0,,,,37.853299,-122.257511,"2417 Woolsey St, Berkeley, California, 94705",98.909999999999997
BERKELEY,Alameda,2020,,056 191904500,2418 Sacramento,,ZP2019-0130,ADU,Renter,0,0,0,0,0,0,0,0,0,0,1,2020-04-29,1,0,0,0,0,0,0,0,0,0,0,0,,0,0,0,0,0,0,0,0,0,0,0,0,,0,0,N,0,0,,,0,,0,0,0,0,0,,,,37.863149,-122.281341,"2418 Sacramento St, Berkeley, California, 94702",98.909999999999997
BERKELEY,Alameda,2020,,056 193101800,2436 Bonar,,B2019-02468,ADU,Renter,0,0,0,0,0,0,0,0,0,0,0,,0,0,0,0,0,0,0,0,0,0,0,0,,0,0,0,0,0,0,0,0,0,0,0,1,2020-12-29,1,0,N,0,0,,,0,,0,0,0,0,0,,,,37.862005,-122.285952,"2436 Bonar St, Berkeley, California, 94702",98.909999999999997
BERKELEY,Alameda,2020,,055 190601500,2440 Grant,,B2019-00501,ADU,Renter,0,0,0,0,0,0,0,0,0,0,0,,0,0,0,0,0,0,0,0,0,0,0,0,,0,0,0,0,0,0,0,0,0,0,0,1,2020-02-27,1,0,N,0,0,,,0,,0,0,0,0,0,,,,37.863451,-122.274476,"2440 Grant St, Berkeley, California, 94703",98.909999999999997
BERKELEY,Alameda,2020,,055 187700100,2590 Bancroft,,ZP2019-0100,5+,Renter,0,0,0,0,5,0,0,0,0,0,82,2020-07-23,87,0,0,0,0,0,0,0,0,0,0,0,,0,0,0,0,0,0,0,0,0,0,0,0,,0,0,N,0,0,,DB,0,,0,0,0,0,0,,,,37.868935,-122.257169,"2590 Bancroft Way, Berkeley, California, 94704",98.909999999999997
BERKELEY,Alameda,2020,,054 174207200,2725 Mathews,,B2020-01744,ADU,Renter,0,0,0,0,0,0,0,0,0,0,1,2020-10-14,1,0,0,0,0,0,0,0,0,0,0,1,2020-10-14,1,0,0,0,0,0,0,0,0,0,0,0,,0,0,N,0,0,,,0,,0,0,0,0,0,,,,37.856927,-122.286072,"2725 Mathews St, Berkeley, California, 94702",98.909999999999997
BERKELEY,Alameda,2020,,054 173300700,2748 California,,B2020-00475,ADU,Renter,0,0,0,0,0,0,0,0,0,0,0,,0,0,0,0,0,0,0,0,0,0,0,1,2020-09-01,1,0,0,0,0,0,0,0,0,0,0,0,,0,0,N,0,0,,,0,,0,0,0,0,0,,,,37.857436,-122.277684,"2748 California St, Berkeley, California, 94703",98.909999999999997
BERKELEY,Alameda,2020,,054 174202900,2795 San Pablo,,ZP2019-0048,5+,Renter,0,0,0,0,0,0,0,0,0,0,5,2020-11-04,5,0,0,0,0,0,0,0,0,0,0,0,,0,0,0,0,0,0,0,0,0,0,0,0,,0,0,N,0,0,,,0,,1,0,0,0,0,,,,37.855684,-122.287717,"2795 San Pablo Ave, Berkeley, California, 94702",98.909999999999997
BERKELEY,Alameda,2020,,053 169701400,2823 Cherry,,B2020-00547,ADU,Renter,0,0,0,0,0,0,0,0,0,0,1,2020-08-05,1,0,0,0,0,0,0,0,0,0,0,1,2020-08-05,1,0,0,0,0,0,0,0,0,0,0,0,,0,0,N,0,0,,,0,,0,0,0,0,0,,,,37.859017,-122.252180,"2823 Cherry St, Berkeley, California, 94705",98.909999999999997
BERKELEY,Alameda,2020,,052 156604700,2955 Piedmont,,B2019-04476,ADU,Renter,0,0,0,0,0,0,0,0,0,0,1,2020-02-26,1,0,0,0,0,0,0,0,0,0,0,1,2020-02-26,1,0,0,0,0,0,0,0,0,0,0,1,2020-07-15,1,0,N,0,0,,,0,,0,0,0,0,0,,,,37.856635,-122.250578,"2955 Piedmont Ave, Berkeley, California, 94705",98.909999999999997
BERKELEY,Alameda,2020,,053 163300101,3000 San Pablo,,ZP2019-0155,5+,Renter,0,0,0,0,7,0,0,0,0,0,71,2020-07-23,78,0,0,0,0,0,0,0,0,0,0,0,,0,0,0,0,0,0,0,0,0,0,0,0,,0,0,N,0,0,,DB,0,,0,0,0,0,0,,,,37.851943,-122.286703,"3000 San Pablo Ave, Berkeley, California, 94702",98.909999999999997
BERKELEY,Alameda,2020,,052 155600300,3108 Deakin,,B2019-05540,2 to 4,Renter,0,0,0,0,0,0,0,0,0,0,1,2020-05-05,1,0,0,0,0,0,0,0,0,0,0,1,2020-05-05,1,0,0,0,0,0,0,0,0,0,0,0,,0,0,N,0,0,,,0,,0,0,0,0,0,,,,37.853256,-122.262007,"3108 Deakin St, Berkeley, California, 94705",98.909999999999997
BERKELEY,Alameda,2020,,052 156310100,3109 Lewiston,,B2019-02948,ADU,Renter,0,0,0,0,0,0,0,0,0,0,1,2020-09-16,1,0,0,0,0,0,0,0,0,0,0,1,2020-09-16,1,0,0,0,0,0,0,0,0,0,0,0,,0,0,N,0,0,,,0,,0,0,0,0,0,,,,37.853545,-122.251622,"3109 Lewiston Ave, Berkeley, California, 94705",98.909999999999997
BERKELEY,Alameda,2020,,053 163502100,815 Folger,,B2018-00018,SFD,Owner,0,0,0,0,0,0,0,0,0,0,0,,0,0,0,0,0,0,0,0,0,0,0,0,,0,0,0,0,0,0,0,0,0,0,0,1,2020-08-19,1,0,N,0,0,,,0,,0,0,0,0,0,,,,37.849734,-122.292378,"815 Folger Ave, Berkeley, California, 94710",98.909999999999997
BERKELEY,Alameda,2020,,057 209100200,932 Delaware,,ZP2019-0203,ADU,Renter,0,0,0,0,0,0,0,0,0,0,1,2020-09-30,1,0,0,0,0,0,0,0,0,0,0,0,,0,0,0,0,0,0,0,0,0,0,0,0,,0,0,N,0,0,,,0,,0,0,0,0,0,,,,37.871063,-122.295937,"932 Delaware St, Berkeley, California, 94710",98.909999999999997
BERKELEY,Alameda,2022,,053 159801600,2970 ADELINE,,,2 to 4,Renter,0,0,0,0,0,0,0,0,0,0,2,2022-06-24,2,0,0,0,0,0,0,0,0,0,0,0,,0,0,0,0,0,0,0,0,0,0,0,0,,0,0,N,0,Y,,,0,,0,0,0,0,0,,,,37.854974,-122.269077,"2970 Adeline St, Berkeley, California, 94703",98.909999999999997
BERKELEY,Alameda,2022,,052 154401200,1519 Fairview,,,2 to 4,Renter,0,0,0,0,0,0,0,0,0,0,1,2022-02-03,1,0,0,0,0,0,0,0,0,0,0,0,,0,0,0,0,0,0,0,0,0,0,0,0,,0,0,N,0,Y,,,0,,0,0,0,0,0,,,,37.849842,-122.277449,"1519 Fairview St, Berkeley, California, 94703",98.909999999999997
BERKELEY,Alameda,2022,,060 240500100,1201 SAN PABLO,,,5+,Renter,0,0,0,0,5,0,0,0,0,0,61,2022-10-04,66,0,0,0,0,0,0,0,0,0,0,0,,0,0,0,0,0,0,0,0,0,0,0,0,,0,0,N,0,Y,,DB,0,1000,0,0,0,32.5,4,Development Standards Modification,N,,37.850619,-122.285933,"1201 San Pablo Ave, Berkeley, California, 94702",98.909999999999997
BERKELEY,Alameda,2022,,058 217001700,1711 M L KING JR,,,5+,Renter,0,0,0,0,0,0,0,0,0,0,0,,0,0,0,0,0,0,0,0,0,0,0,0,,0,0,0,0,0,0,0,0,0,0,0,1,2022-01-14,1,0,N,0,Y,,,0,,0,0,0,0,0,,,,37.875515,-122.273433,"1711 Martin Luther King Jr Way, Berkeley, California, 94709",98.909999999999997
BERKELEY,Alameda,2022,,055 187700100,2590 BANCROFT,,,5+,Renter,0,0,0,0,0,0,0,0,0,0,0,,0,0,0,0,0,5,0,0,0,0,0,82,2022-03-07,87,0,0,0,0,0,0,0,0,0,0,0,,0,0,N,0,Y,,DB,0,1000,0,0,0,25,4,Development Standards Modification,N,,37.868935,-122.257169,"2590 Bancroft Way, Berkeley, California, 94704",98.909999999999997
BERKELEY,Alameda,2022,,056 196800800,2114 EIGHTH,,,ADU,Renter,0,0,0,0,0,0,0,0,0,0,0,,0,0,0,0,0,0,0,0,0,0,0,0,,0,0,0,0,0,0,0,0,0,0,0,1,2022-03-16,1,0,N,0,Y,,,0,,0,0,0,0,0,,,,37.866538,-122.294946,"2114 8th St, Berkeley, California, 94710",98.909999999999997
BERKELEY,Alameda,2022,,058 224500903,1581 LE ROY,,,ADU,Renter,0,0,0,0,0,0,0,0,0,0,0,,0,0,0,0,0,0,0,0,0,0,0,1,2022-08-23,1,0,0,0,0,0,0,0,0,0,0,0,,0,0,N,0,Y,,,0,,0,0,0,0,0,,,,37.880530,-122.259008,"1581 Le Roy Ave, Berkeley, California, 94708",98.909999999999997
BERKELEY,Alameda,2022,,056 200801101,2220 MCGEE,,,ADU,Renter,0,0,0,0,0,0,0,0,0,0,0,,0,0,0,0,0,0,0,0,0,0,0,0,,0,0,0,0,0,0,0,0,0,0,0,1,2022-08-25,1,0,N,0,Y,,,0,,0,0,0,0,0,,,,37.867394,-122.277174,"2220 McGee Ave, Berkeley, California, 94703",98.909999999999997
BERKELEY,Alameda,2022,,053 167700900,2804 M L KING JR,,,ADU,Renter,0,0,0,0,0,0,0,0,0,0,0,,0,0,0,0,0,0,0,0,0,0,0,1,2022-09-07,1,0,0,0,0,0,0,0,0,0,0,0,,0,0,N,0,Y,,,0,,0,0,0,0,0,,,,37.857738,-122.271497,"2804 Martin Luther King Jr Way, Berkeley, California, 94703",98.909999999999997
BERKELEY,Alameda,2022,,054 181301300,1813 PARKER,,,ADU,Renter,0,0,0,0,0,0,0,0,0,0,0,,0,0,0,0,0,0,0,0,0,0,0,0,,0,0,0,0,0,0,0,0,0,0,0,1,2022-04-18,1,0,N,0,Y,,,0,,0,0,0,0,0,,,,37.861390,-122.273287,"1813 Parker St, Berkeley, California, 94703",98.909999999999997
BERKELEY,Alameda,2022,,062 289003900,620 SAN MIGUEL,,,ADU,Renter,0,0,0,0,0,0,0,0,0,0,0,,0,0,0,0,0,0,0,0,0,0,0,0,,0,0,0,0,0,0,0,0,0,0,0,1,2022-07-01,1,0,N,0,Y,,,0,,0,0,0,0,0,,,,37.896530,-122.282926,"620 San Miguel Ave, Berkeley, California, 94707",98.909999999999997
BERKELEY,Alameda,2022,,060 243504900,1215 MONTEREY,,,ADU,Renter,0,0,0,0,0,0,0,0,0,0,0,,0,0,0,0,0,0,0,0,0,0,0,0,,0,0,0,0,0,0,0,0,0,0,0,1,2022-06-14,1,0,N,0,Y,,,0,,0,0,0,0,0,,,,37.884372,-122.281300,"1215 Monterey Ave, Berkeley, California, 94707",98.909999999999997
BERKELEY,Alameda,2022,,059 225600700,1512 SPRUCE,,,ADU,Renter,0,0,0,0,0,0,0,0,0,0,0,,0,0,0,0,0,0,0,0,0,0,0,0,,0,0,0,0,0,0,0,0,0,0,0,1,2022-10-20,1,0,N,0,Y,,,0,,0,0,0,0,0,,,,37.880099,-122.265899,"1512 Spruce St, Berkeley, California, 94709",98.909999999999997
BERKELEY,Alameda,2022,,053 160200800,3020 HARPER,,,ADU,Renter,0,0,0,0,0,0,0,0,0,0,0,,0,0,0,0,0,0,0,0,0,0,0,0,,0,0,0,0,0,0,0,0,0,0,0,1,2022-03-04,1,0,N,0,Y,,,0,,0,0,0,0,0,,,,37.853356,-122.272106,"3020 Harper St, Berkeley, California, 94703",98.909999999999997
BERKELEY,Alameda,2022,,053 160803300,1626 JULIA,,,ADU,Renter,0,0,0,0,0,0,0,0,0,0,0,,0,0,0,0,0,0,0,0,0,0,0,0,,0,0,0,0,0,0,0,0,0,0,0,1,2022-10-04,1,0,N,0,Y,,,0,,0,0,0,0,0,,,,37.854557,-122.276017,"1626 Julia St, Berkeley, California, 94703",98.909999999999997
BERKELEY,Alameda,2022,,056 197602000,1027 BANCROFT,,,ADU,Renter,0,0,0,0,0,0,0,0,0,0,0,,0,0,0,0,0,0,0,0,0,0,0,0,,0,0,0,0,0,0,0,0,0,0,0,1,2022-09-28,1,0,N,0,Y,,,0,,0,0,0,0,0,,,,37.864456,-122.291639,"1027 Bancroft Way, Berkeley, California, 94710",98.909999999999997
BERKELEY,Alameda,2022,,063 296201300,790 HILLDALE,,,ADU,Renter,0,0,0,0,0,0,0,0,0,0,0,,0,0,0,0,0,0,0,0,0,0,0,0,,0,0,0,0,0,0,0,0,0,0,0,1,2022-10-03,1,0,N,0,Y,,,0,,0,0,0,0,0,,,,37.896816,-122.264469,"790 Hilldale Ave, Berkeley, California, 94708",98.909999999999997
BERKELEY,Alameda,2022,,060 242303100,1362 HOPKINS,,,ADU,Renter,0,0,0,0,0,0,0,0,0,0,0,,0,0,0,0,0,0,0,0,0,0,0,1,2022-02-23,1,0,0,0,0,0,0,0,0,0,0,0,,0,0,N,0,Y,,,0,,0,0,0,0,0,,,,37.879379,-122.286189,"1362 Hopkins St, Berkeley, California, 94702",98.909999999999997
BERKELEY,Alameda,2022,,052 154800800,1822 WOOLSEY,,,ADU,Renter,0,0,0,0,0,0,0,0,0,0,0,,0,0,0,0,0,0,0,0,0,0,0,1,2022-07-20,1,0,0,0,0,0,0,0,0,0,0,0,,0,0,N,0,Y,,,0,,0,0,0,0,0,,,,37.851437,-122.271779,"1822 Woolsey St, Berkeley, California, 94703",98.909999999999997
BERKELEY,Alameda,2022,,052 156203800,3005 BENVENUE,,,ADU,Renter,0,0,0,0,0,0,0,0,0,0,0,,0,0,0,0,0,0,0,0,0,0,0,1,2022-04-07,1,0,0,0,0,0,0,0,0,0,0,0,,0,0,N,0,Y,,,0,,0,0,0,0,0,,,,37.855724,-122.253947,"3005 Benvenue Ave, Berkeley, California, 94705",98.909999999999997
BERKELEY,Alameda,2022,,053 169800600,2806 KELSEY,,,ADU,Renter,0,0,0,0,0,0,0,0,0,0,0,,0,0,0,0,0,0,0,0,0,0,0,1,2022-09-14,1,0,0,0,0,0,0,0,0,0,0,0,,0,0,N,0,Y,,,0,,0,0,0,0,0,,,,37.859664,-122.250223,"2806 Kelsey St, Berkeley, California, 94705",98.909999999999997
BERKELEY,Alameda,2022,,055 182700500,2237 DERBY,,,ADU,Renter,0,0,0,0,0,0,0,0,0,0,0,,0,0,0,0,0,0,0,0,0,0,0,1,2022-04-25,1,0,0,0,0,0,0,0,0,0,0,0,,0,0,N,0,Y,,,0,,0,0,0,0,0,,,,37.860914,-122.262895,"2237 Derby St, Berkeley, California, 94705",98.909999999999997
BERKELEY,Alameda,2022,,056 200601000,2132 MCGEE,,,ADU,Renter,0,0,0,0,0,0,0,0,0,0,0,,0,0,0,0,0,0,0,0,0,0,0,1,2022-02-09,1,0,0,0,0,0,0,0,0,0,0,0,,0,0,N,0,Y,,,0,,0,0,0,0,0,,,,37.868847,-122.277319,"2132 McGee Ave, Berkeley, California, 94703",98.909999999999997
BERKELEY,Alameda,2022,,060 240701400,1240 CORNELL,,,ADU,Renter,0,0,0,0,0,0,0,0,0,0,0,,0,0,0,0,0,0,0,0,0,0,0,1,2022-07-21,1,0,0,0,0,0,0,0,0,0,0,0,,0,0,N,0,Y,,,0,,0,0,0,0,0,,,,37.881745,-122.293472,"1240 Cornell Ave, Albany, California, 94706",98.879999999999995
BERKELEY,Alameda,2022,,060 241705600,1417 NORTHSIDE,,,ADU,Renter,0,0,0,0,0,0,0,0,0,0,0,,0,0,0,0,0,0,0,0,0,0,0,1,2022-12-08,1,0,0,0,0,0,0,0,0,0,0,0,,0,0,N,0,Y,,,0,,0,0,0,0,0,,,,37.878418,-122.289746,"1417 Northside Ave, Berkeley, California, 94702",98.909999999999997
BERKELEY,Alameda,2022,,064 425102900,116 THE UPLANDS,,,ADU,Renter,0,0,0,0,0,0,0,0,0,0,0,,0,0,0,0,0,0,0,0,0,0,0,1,2022-12-12,1,0,0,0,0,0,0,0,0,0,0,0,,0,0,N,0,Y,,,0,,0,0,0,0,0,,,,37.853815,-122.243202,"116 The Uplands, Berkeley, California, 94705",100
BERKELEY,Alameda,2022,,058 216401000,1614 GRANT,,,ADU,Renter,0,0,0,0,0,0,0,0,0,0,0,,0,0,0,0,0,0,0,0,0,0,0,1,2022-09-27,1,0,0,0,0,0,0,0,0,0,0,0,,0,0,N,0,Y,,,0,,0,0,0,0,0,,,,37.876984,-122.275934,"1614 Grant St, Berkeley, California, 94703",98.909999999999997
BERKELEY,Alameda,2022,,055 189401600,2032 BANCROFT,,,ADU,Renter,0,0,0,0,0,0,0,0,0,0,0,,0,0,0,0,0,0,0,0,0,0,0,1,2022-05-18,1,0,0,0,0,0,0,0,0,0,0,0,,0,0,N,0,Y,,,0,,0,0,0,0,0,,,,37.867442,-122.268728,"2032 Bancroft Way, Berkeley, California, 94704",98.909999999999997
BERKELEY,Alameda,2022,,056 193400400,1016 BANCROFT,,,ADU,Renter,0,0,0,0,0,0,0,0,0,0,0,,0,0,0,0,0,0,0,0,0,0,0,1,2022-10-06,1,0,0,0,0,0,0,0,0,0,0,0,,0,0,N,0,Y,,,0,,0,0,0,0,0,,,,37.864281,-122.292215,"1016 Bancroft Way, Berkeley, California, 94710",98.909999999999997
BERKELEY,Alameda,2022,,056 193502800,2421 NINTH,,,SFD,Renter,0,0,0,0,0,0,0,0,0,0,0,,0,0,0,0,0,0,0,0,0,0,0,0,,0,0,0,0,0,0,0,0,0,0,0,1,2022-01-26,1,0,N,0,Y,,,0,,0,0,0,0,0,,,,37.861595,-122.292106,"2421 9th St, Berkeley, California, 94710",98.909999999999997
BERKELEY,Alameda,2022,,054 179101500,1311 CARLETON,,,SFD,Owner,0,0,0,0,0,0,0,0,0,0,0,,0,0,0,0,0,0,0,0,0,0,0,1,2022-03-29,1,0,0,0,0,0,0,0,0,0,0,0,,0,0,N,0,Y,,,0,,0,0,0,0,0,,,,37.859113,-122.284373,"1311 Carleton St, Berkeley, California, 94702",98.909999999999997
BERKELEY,Alameda,2022,,052 157309300,2980 COLLEGE,,,2 to 4,Renter,0,0,0,0,0,0,0,0,0,0,0,,0,0,0,0,0,0,0,0,0,0,0,4,2022-09-15,4,0,0,0,0,0,0,0,0,0,0,0,,0,0,N,0,Y,,,0,,0,0,0,0,0,,,,37.856567,-122.253030,"2980 College Ave, Berkeley, California, 94705",98.909999999999997
BERKELEY,Alameda,2022,,057 206300700,1837 BERKELEY WAY,,,2 to 4,Renter,0,0,0,0,0,0,0,0,0,0,3,2022-01-12,3,0,0,0,0,0,0,0,0,0,0,0,,0,0,0,0,0,0,0,0,0,0,0,0,,0,0,N,0,Y,,,0,,0,0,0,0,0,,,,37.872425,-122.273635,"1837 Berkeley Way, Berkeley, California, 94703",100
BERKELEY,Alameda,2022,,052 153101202,3233 ELLIS,,,2 to 4,Renter,0,0,0,0,0,0,0,0,0,0,3,2022-03-16,3,0,0,0,0,0,0,0,0,0,0,0,,0,0,0,0,0,0,0,0,0,0,0,0,,0,0,N,0,Y,,,0,,0,0,0,0,0,,,,37.849192,-122.272653,"3233 Ellis St, Berkeley, California, 94703",98.909999999999997
BERKELEY,Alameda,2022,,057 206301100,1825 BERKELEY (1),,,2 to 4,Renter,0,0,0,0,0,0,0,0,0,0,0,,0,0,0,0,0,0,0,0,0,0,0,1,2022-10-13,1,0,0,0,0,0,0,0,0,0,0,0,,0,0,N,0,Y,,,0,,0,0,0,0,0,,,,37.872352,-122.274178,"1825 Berkeley Way, Berkeley, California, 94703",97.870000000000005
BERKELEY,Alameda,2022,,057 204600100,1951 SHATTUCK,,,5+,Renter,0,0,0,0,0,0,0,0,0,0,0,,0,0,0,0,0,0,0,0,0,0,0,156,2022-09-08,156,0,0,0,0,0,0,0,0,0,0,0,,0,0,N,0,Y,,,0,,0,0,0,0,0,,,,37.872841,-122.268387,"1951 Shattuck Ave, Berkeley, California, 94704",98.909999999999997
BERKELEY,Alameda,2022,,055 182200900,2035 BLAKE,,,5+,Renter,0,0,0,0,0,0,0,0,0,0,0,,0,0,0,0,0,0,0,0,0,0,0,0,,0,0,0,0,0,0,0,0,0,0,0,82,2022-04-20,82,0,N,0,Y,,,0,,0,0,0,0,0,,,,37.862978,-122.268097,"2035 Blake St, Berkeley, California, 94704",98.909999999999997
BERKELEY,Alameda,2022,,056 197701001,2100 SAN PABLO,,,5+,Renter,0,0,0,0,0,0,0,0,0,0,96,2022-07-09,96,0,0,0,0,0,0,0,0,0,0,0,,0,0,0,0,0,0,0,0,0,0,0,0,,0,0,N,0,Y,,,0,,0,0,0,0,0,,,,37.867696,-122.291802,"2100 San Pablo Ave, Berkeley, California, 94702",98.909999999999997
BERKELEY,Alameda,2022,,052 153101301,3233 Ellis St,,,5+,Renter,0,0,0,0,0,0,0,0,0,0,3,2022-03-16,3,0,0,0,0,0,0,0,0,0,0,0,,0,0,0,0,0,0,0,0,0,0,0,0,,0,0,N,0,Y,,,0,,1,0,0,0,0,,,,37.849192,-122.272653,"3233 Ellis St, Berkeley, California, 94703",100
BERKELEY,Alameda,2022,,055 190601500,2440 GRANT,,,ADU,Renter,0,0,0,0,0,0,0,0,0,0,0,,0,0,0,0,0,0,0,0,0,0,0,0,,0,0,0,0,0,0,0,0,0,0,0,1,2022-01-24,1,0,N,0,Y,,,0,,0,0,0,0,0,,,,37.863451,-122.274476,"2440 Grant St, Berkeley, California, 94703",98.909999999999997
BERKELEY,Alameda,2022,,052 154700600,3136 ELLIS,,,ADU,Renter,0,0,0,0,0,0,0,0,0,0,0,,0,0,0,0,0,0,0,0,0,0,0,1,2022-08-11,1,0,0,0,0,0,0,0,0,0,0,0,,0,0,N,0,Y,,,0,,0,0,0,0,0,,,,37.850864,-122.272895,"3136 Ellis St, Berkeley, California, 94703",98.909999999999997
BERKELEY,Alameda,2022,,056 200700801,2206 JEFFERSON,,,ADU,Renter,0,0,0,0,0,0,0,0,0,0,0,,0,0,0,0,0,0,0,0,0,0,0,1,2022-12-12,1,0,0,0,0,0,0,0,0,0,0,0,,0,0,N,0,Y,,,0,,0,0,0,0,0,,,,37.867747,-122.278330,"2206 Jefferson Ave, Berkeley, California, 94703",98.909999999999997
BERKELEY,Alameda,2022,,053 162700700,1253 CARRISON,,,ADU,Renter,0,0,0,0,0,0,0,0,0,0,0,,0,0,0,0,0,0,0,0,0,0,0,1,2022-06-22,1,0,0,0,0,0,0,0,0,0,0,0,,0,0,N,0,Y,,,0,,0,0,0,0,0,,,,37.851852,-122.284053,"1253 Carrison St, Berkeley, California, 94702",98.909999999999997
BERKELEY,Alameda,2022,,056 191902800,2425 ACTON,,,ADU,Renter,0,0,0,0,0,0,0,0,0,0,0,,0,0,0,0,0,0,0,0,0,0,0,0,,0,0,0,0,0,0,0,0,0,0,0,1,2022-03-22,1,0,N,0,Y,,,0,,0,0,0,0,0,,,,37.862818,-122.283112,"2425 Acton St, Berkeley, California, 94702",98.909999999999997
BERKELEY,Alameda,2022,,062 286801600,1575 PORTLAND,,,ADU,Renter,0,0,0,0,0,0,0,0,0,0,0,,0,0,0,0,0,0,0,0,0,0,0,1,2022-12-19,1,0,0,0,0,0,0,0,0,0,0,0,,0,0,N,0,Y,,,0,,0,0,0,0,0,,,,37.894728,-122.286047,"1575 Portland Ave, Berkeley, California, 94707",98.909999999999997
BERKELEY,Alameda,2022,,059 228800600,1131 CEDAR,,,ADU,Renter,0,0,0,0,0,0,0,0,0,0,0,,0,0,0,0,0,0,0,0,0,0,0,0,,0,0,0,0,0,0,0,0,0,0,0,1,2022-11-17,1,0,N,0,Y,,,0,,0,0,0,0,0,,,,37.875424,-122.292629,"1131 Cedar St, Berkeley, California, 94702",98.909999999999997
BERKELEY,Alameda,2022,,052 156703700,2936 PIEDMONT,,,ADU,Renter,0,0,0,0,0,0,0,0,0,0,0,,0,0,0,0,0,0,0,0,0,0,0,0,,0,0,0,0,0,0,0,0,0,0,0,1,2022-03-22,1,0,N,0,Y,,,0,,0,0,0,0,0,,,,37.857290,-122.250696,"2936 Piedmont Ave, Berkeley, California, 94705",98.909999999999997
BERKELEY,Alameda,2022,,060 239400201,1430 STANNAGE,,,ADU,Renter,0,0,0,0,0,0,0,0,0,0,0,,0,0,0,0,0,0,0,0,0,0,0,0,,0,0,0,0,0,0,0,0,0,0,0,1,2022-11-03,1,0,N,0,Y,,,0,,0,0,0,0,0,,,,37.877786,-122.293096,"1430 Stannage Ave, Berkeley, California, 94702",98.909999999999997
BERKELEY,Alameda,2022,,052 154500800,1635 WOOLSEY,,,ADU,Renter,0,0,0,0,0,0,0,0,0,0,0,,0,0,0,0,0,0,0,0,0,0,0,0,,0,0,0,0,0,0,0,0,0,0,0,1,2022-12-13,1,0,N,0,Y,,,0,,0,0,0,0,0,,,,37.851131,-122.274548,"1635 Woolsey St, Berkeley, California, 94703",98.909999999999997
BERKELEY,Alameda,2022,,055 181601300,1919 PARKER,,,ADU,Renter,0,0,0,0,0,0,0,0,0,0,0,,0,0,0,0,0,0,0,0,0,0,0,1,2022-12-21,1,0,0,0,0,0,0,0,0,0,0,0,,0,0,N,0,Y,,,0,,0,0,0,0,0,,,,37.861710,-122.270869,"1919 Parker St, Berkeley, California, 94704",98.909999999999997
BERKELEY,Alameda,2022,,052 156100900,3020 BENVENUE,,,ADU,Renter,0,0,0,0,0,0,0,0,0,0,0,,0,0,0,0,0,0,0,0,0,0,0,1,2022-08-26,1,0,0,0,0,0,0,0,0,0,0,0,,0,0,N,0,Y,,,0,,0,0,0,0,0,,,,37.855020,-122.253952,"3020 Benvenue Ave, Berkeley, California, 94705",98.909999999999997
BERKELEY,Alameda,2022,,052 156310001,3107 LEWISTON,,,ADU,Renter,0,0,0,0,0,0,0,0,0,0,0,,0,0,0,0,0,0,0,0,0,0,0,1,2022-09-29,1,0,0,0,0,0,0,0,0,0,0,0,,0,0,N,0,Y,,,0,,0,0,0,0,0,,,,37.853706,-122.251633,"3107 Lewiston Ave, Berkeley, California, 94705",98.909999999999997
BERKELEY,Alameda,2022,,B2022-03216,3044 MLK Jr,,,ADU,Renter,0,0,0,0,0,0,0,0,0,0,0,,0,0,0,0,0,0,0,0,0,0,0,1,2022-10-26,1,0,0,0,0,0,0,0,0,0,0,0,,0,0,N,0,Y,,,0,,0,0,0,0,0,,,,37.853025,-122.271054,"3044 Martin Luther King Jr Way, Berkeley, California, 94703",98.909999999999997
BERKELEY,Alameda,2022,,054 178001100,2523 TENTH,,,ADU,Renter,0,0,0,0,0,0,0,0,0,0,0,,0,0,0,0,0,0,0,0,0,0,0,1,2022-11-14,1,0,0,0,0,0,0,0,0,0,0,0,,0,0,N,0,Y,,,0,,0,0,0,0,0,,,,37.860094,-122.290456,"2523 10th St, Berkeley, California, 94710",98.909999999999997
BERKELEY,Alameda,2022,,055 181601200,1921 PARKER,,,ADU,Renter,0,0,0,0,0,0,0,0,0,0,0,,0,0,0,0,0,0,0,0,0,0,0,1,2022-04-25,1,0,0,0,0,0,0,0,0,0,0,0,,0,0,N,0,Y,,,0,,0,0,0,0,0,,,,37.861727,-122.270738,"1921 Parker St, Berkeley, California, 94704",98.909999999999997
BERKELEY,Alameda,2022,,055 184000900,2624 REGENT,,,ADU,Renter,0,0,0,0,0,0,0,0,0,0,0,,0,0,0,0,0,0,0,0,0,0,0,1,2022-08-23,1,0,0,0,0,0,0,0,0,0,0,0,,0,0,N,0,Y,,,0,,0,0,0,0,0,,,,37.862415,-122.257559,"2624 Regent St, Berkeley, California, 94704",98.909999999999997
BERKELEY,Alameda,2022,,056 191901100,2424 EDWARDS,,,ADU,Renter,0,0,0,0,0,0,0,0,0,0,0,,0,0,0,0,0,0,0,0,0,0,0,1,2022-09-29,1,0,0,0,0,0,0,0,0,0,0,0,,0,0,N,0,Y,,,0,,0,0,0,0,0,,,,37.862985,-122.282225,"2424 Edwards St, Berkeley, California, 94702",98.909999999999997
BERKELEY,Alameda,2022,,056 198401600,2238 CURTIS,,,ADU,Renter,0,0,0,0,0,0,0,0,0,0,0,,0,0,0,0,0,0,0,0,0,0,0,1,2022-08-01,1,0,0,0,0,0,0,0,0,0,0,0,,0,0,N,0,Y,,,0,,0,0,0,0,0,,,,37.865316,-122.288780,"2238 Curtis St, Berkeley, California, 94702",98.909999999999997
BERKELEY,Alameda,2022,,058 218301500,1683 OXFORD,,,ADU,Renter,0,0,0,0,0,0,0,0,0,0,0,,0,0,0,0,0,0,0,0,0,0,0,2,2022-08-08,2,0,0,0,0,0,0,0,0,0,0,0,,0,0,N,0,Y,,,0,,0,0,0,0,0,,,,37.877200,-122.266672,"1683 Oxford St, Berkeley, California, 94709",98.909999999999997
BERKELEY,Alameda,2022,,058 218400600,1620 ARCH,,,ADU,Renter,0,0,0,0,0,0,0,0,0,0,0,,0,0,0,0,0,0,0,0,0,0,0,2,2022-08-01,2,0,0,0,0,0,0,0,0,0,0,0,,0,0,N,0,Y,,,0,,0,0,0,0,0,,,,37.878647,-122.264433,"1620 Arch St, Berkeley, California, 94709",98.909999999999997
BERKELEY,Alameda,2022,,062 286900800,734 PERALTA,,,ADU,Renter,0,0,0,0,0,0,0,0,0,0,0,,0,0,0,0,0,0,0,0,0,0,0,1,2022-06-09,1,0,0,0,0,0,0,0,0,0,0,0,,0,0,N,0,Y,,,0,,0,0,0,0,0,,,,37.893967,-122.285625,"734 Peralta Ave, Berkeley, California, 94707",98.909999999999997
BERKELEY,Alameda,2022,,062 288902100,799 COLUSA,,,ADU,Renter,0,0,0,0,0,0,0,0,0,0,0,,0,0,0,0,0,0,0,0,0,0,0,1,2022-10-17,1,0,0,0,0,0,0,0,0,0,0,0,,0,0,N,0,Y,,,0,,0,0,0,0,0,,,,37.893774,-122.281176,"799 Colusa Ave, Berkeley, California, 94707",98.909999999999997
BERKELEY,Alameda,2022,,063 314000204,1010 WILDCAT CANYON,,,ADU,Renter,0,0,0,0,0,0,0,0,0,0,0,,0,0,0,0,0,0,0,0,0,0,0,1,2022-03-10,1,0,0,0,0,0,0,0,0,0,0,0,,0,0,N,0,Y,,,0,,0,0,0,0,0,,,,37.896206,-122.254509,"1010 Wildcat Canyon Rd, Berkeley, California, 94708",98.909999999999997
BERKELEY,Alameda,2022,,062 292300400,430 ARLINGTON,,,ADU,Renter,0,0,0,0,0,0,0,0,0,0,0,,0,0,0,0,0,0,0,0,0,0,0,1,2022-01-14,1,0,0,0,0,0,0,0,0,0,0,0,,0,0,N,0,Y,,,0,,0,0,0,0,0,,,,37.902566,-122.277265,"430 Arlington Ave, Berkeley, California, 94707",98.909999999999997
BERKELEY,Alameda,2022,,064 422901900,200 ALVARADO,,,SFD,Renter,0,0,0,0,0,0,0,0,0,0,0,,0,0,0,0,0,0,0,0,0,0,0,0,,0,0,0,0,0,0,0,0,0,0,0,1,2022-04-25,1,0,N,0,Y,,,0,,0,0,0,0,0,,,,37.855978,-122.236375,"200 Alvarado Rd, Berkeley, California, 94705",98.909999999999997
BERKELEY,Alameda,2022,,059 232500400,1436 FIFTH,,,SFD,Owner,0,0,0,0,0,0,0,0,0,0,0,,0,0,0,0,0,0,0,0,0,0,0,1,2022-06-03,1,0,0,0,0,0,0,0,0,0,0,0,,0,0,N,0,Y,,,0,,0,0,0,0,0,,,,37.876052,-122.301609,"1436 5th St, Berkeley, California, 94710",98.909999999999997
BERKELEY,Alameda,2022,,054 178102900,1200 Dwight,,,2 to 4,Owner,0,0,0,0,0,0,0,0,0,0,2,2022-12-08,2,0,0,0,0,0,0,0,0,0,0,0,,0,0,0,0,0,0,0,0,0,0,0,0,,0,0,N,0,Y,,,0,,0,0,0,0,0,,,,37.861312,-122.287684,"1200 Dwight Way, Berkeley, California, 94702",98.909999999999997
BERKELEY,Alameda,2022,,057 204600600,1922 WALNUT,,,5+,Renter,0,0,0,0,0,0,0,0,0,0,0,,0,0,0,0,0,0,0,0,0,0,0,0,,0,0,0,0,0,0,0,0,0,0,0,65,2022-10-25,65,0,N,0,Y,,,0,,0,0,0,0,0,,,,37.873129,-122.267049,"1922 Walnut St, Berkeley, California, 94704",98.909999999999997
BERKELEY,Alameda,2022,,057 204600803,2131 UNIVERSITY,,,5+,Renter,0,0,0,0,0,0,0,0,0,0,0,,0,0,0,0,0,0,0,0,0,0,0,0,,0,0,0,0,0,1,0,0,0,0,0,36,2022-08-05,37,0,N,0,Y,,INC,0,1000,1,0,0,0,0,,,,37.872351,-122.267327,"2131 University Ave, Berkeley, California, 94704",98.909999999999997
BERKELEY,Alameda,2022,,057 207500201,1904 SACRAMENTO,,,ADU,Renter,0,0,0,0,0,0,0,0,0,0,0,,0,0,0,0,0,0,0,0,0,0,0,0,,0,0,0,0,0,0,0,0,0,0,0,1,2022-07-22,1,0,N,0,Y,,,0,,0,0,0,0,0,,,,37.871604,-122.282200,"1904 Sacramento St, Berkeley, California, 94702",98.909999999999997
BERKELEY,Alameda,2022,,060 239701900,1407 KAINS,,,ADU,Renter,0,0,0,0,0,0,0,0,0,0,0,,0,0,0,0,0,0,0,0,0,0,0,0,,0,0,0,0,0,0,0,0,0,0,0,1,2022-01-12,1,0,N,0,Y,,,0,,0,0,0,0,0,,,,37.878621,-122.294199,"1407 Kains Ave, Berkeley, California, 94702",98.909999999999997
BERKELEY,Alameda,2022,,056 199705200,1431 ACTON,,,ADU,Renter,0,0,0,0,0,0,0,0,0,0,0,,0,0,0,0,0,0,0,0,0,0,0,0,,0,0,0,0,0,0,0,0,0,0,0,1,2022-01-13,1,0,N,0,Y,,,0,,0,0,0,0,0,,,,37.868031,-122.283004,"1431 Acton Cres, Berkeley, California, 94702",98.909999999999997
BERKELEY,Alameda,2022,,055 190902300,1631 CHANNING,,,ADU,Renter,0,0,0,0,0,0,0,0,0,0,0,,0,0,0,0,0,0,0,0,0,0,0,0,,0,0,0,0,0,0,0,0,0,0,0,1,2022-08-26,1,0,N,0,Y,,,0,,0,0,0,0,0,,,,37.864502,-122.277655,"1631 Channing Way, Berkeley, California, 94703",98.909999999999997
BERKELEY,Alameda,2022,,060 239801000,1428 CORNELL,,,ADU,Renter,0,0,0,0,0,0,0,0,0,0,0,,0,0,0,0,0,0,0,0,0,0,0,0,,0,0,0,0,0,0,0,0,0,0,0,1,2022-07-12,1,0,N,0,Y,,,0,,0,0,0,0,0,,,,37.878250,-122.292337,"1428 Cornell Ave, Berkeley, California, 94702",98.909999999999997
BERKELEY,Alameda,2022,,061 260500700,1116 THE ALAMEDA,,,ADU,Renter,0,0,0,0,0,0,0,0,0,0,0,,0,0,0,0,0,0,0,0,0,0,0,0,,0,0,0,0,0,0,0,0,0,0,0,1,2022-04-18,1,0,N,0,Y,,,0,,0,0,0,0,0,,,,37.887290,-122.276195,"1116 The Alameda, Berkeley, California, 94707",100
BERKELEY,Alameda,2022,,060 243000900,1433 ADA,,,ADU,Renter,0,0,0,0,0,0,0,0,0,0,0,,0,0,0,0,0,0,0,0,0,0,0,0,,0,0,0,0,0,0,0,0,0,0,0,1,2022-12-29,1,0,N,0,Y,,,0,,0,0,0,0,0,,,,37.879672,-122.283753,"1433 Ada St, Berkeley, California, 94702",98.909999999999997
BERKELEY,Alameda,2022,,060 243702200,1725 HOPKINS,,,ADU,Renter,0,0,0,0,0,0,0,0,0,0,0,,0,0,0,0,0,0,0,0,0,0,0,0,,0,0,0,0,0,0,0,0,0,0,0,1,2022-07-20,1,0,N,0,Y,,,0,,0,0,0,0,0,,,,37.883434,-122.278524,"1725 Hopkins St, Berkeley, California, 94707",98.909999999999997
BERKELEY,Alameda,2022,,060 240801900,1259 CORNELL,,,ADU,Renter,0,0,0,0,0,0,0,0,0,0,0,,0,0,0,0,0,0,0,0,0,0,0,0,,0,0,0,0,0,0,0,0,0,0,0,1,2022-08-11,1,0,N,0,Y,,,0,,0,0,0,0,0,,,,37.881269,-122.293266,"1259 Cornell Ave, Albany, California, 94706",98.879999999999995
BERKELEY,Alameda,2022,,062 289903000,1884 THOUSAND OAKS,,,ADU,Renter,0,0,0,0,0,0,0,0,0,0,0,,0,0,0,0,0,0,0,0,0,0,0,1,2022-08-24,1,0,0,0,0,0,0,0,0,0,0,0,,0,0,N,0,Y,,,0,,0,0,0,0,0,,,,37.897165,-122.279050,"1884 Thousand Oaks Blvd, Berkeley, California, 94707",98.909999999999997
BERKELEY,Alameda,2022,,B2021-01398,2473 PRINCE,,,ADU,Renter,0,0,0,0,0,0,0,0,0,0,0,,0,0,0,0,0,0,0,0,0,0,0,1,2022-09-01,1,0,0,0,0,0,0,0,0,0,0,0,,0,0,N,0,Y,,,0,,0,0,0,0,0,,,,37.854028,-122.256889,"2473 Prince St, Berkeley, California, 94705",98.909999999999997
BERKELEY,Alameda,2022,,053 168600500,2842 FULTON,,,ADU,Renter,0,0,0,0,0,0,0,0,0,0,0,,0,0,0,0,0,0,0,0,0,0,0,1,2022-07-12,1,0,0,0,0,0,0,0,0,0,0,0,,0,0,N,0,Y,,,0,,0,0,0,0,0,,,,37.857368,-122.263865,"2842 Fulton St, Berkeley, California, 94705",98.909999999999997
BERKELEY,Alameda,2022,,054 173002102,1614 WARD,,,ADU,Renter,0,0,0,0,0,0,0,0,0,0,0,,0,0,0,0,0,0,0,0,0,0,0,1,2022-06-28,1,0,0,0,0,0,0,0,0,0,0,0,,0,0,N,0,Y,,,0,,0,0,0,0,0,,,,37.858155,-122.277166,"1614 Ward St, Berkeley, California, 94703",98.909999999999997
BERKELEY,Alameda,2022,,054 178502500,1128 PARKER,,,ADU,Renter,0,0,0,0,0,0,0,0,0,0,0,,0,0,0,0,0,0,0,0,0,0,0,1,2022-10-17,1,0,0,0,0,0,0,0,0,0,0,0,,0,0,N,0,Y,,,0,,0,0,0,0,0,,,,37.859545,-122.287536,"1128 Parker St, Berkeley, California, 94702",98.909999999999997
BERKELEY,Alameda,2022,,055 191002900,2419 JEFFERSON,,,ADU,Renter,0,0,0,0,0,0,0,0,0,0,0,,0,0,0,0,0,0,0,0,0,0,0,1,2022-01-25,1,0,0,0,0,0,0,0,0,0,0,0,,0,0,N,0,Y,,,0,,0,0,0,0,0,,,,37.863706,-122.277857,"2419 Jefferson Ave, Berkeley, California, 94703",98.909999999999997
BERKELEY,Alameda,2022,,056 191703201,2313 VALLEY,,,ADU,Renter,0,0,0,0,0,0,0,0,0,0,0,,0,0,0,0,0,0,0,0,0,0,0,1,2022-12-30,1,0,0,0,0,0,0,0,0,0,0,0,,0,0,N,0,Y,,,0,,0,0,0,0,0,,,,37.865019,-122.284438,"2313 Valley St, Berkeley, California, 94702",98.909999999999997
BERKELEY,Alameda,2022,,057 206201000,1725 BERKELEY,,,ADU,Renter,0,0,0,0,0,0,0,0,0,0,0,,0,0,0,0,0,0,0,0,0,0,0,1,2022-09-06,1,0,0,0,0,0,0,0,0,0,0,0,,0,0,N,0,Y,,,0,,0,0,0,0,0,,,,37.872046,-122.276552,"1725 Berkeley Way, Berkeley, California, 94703",98.909999999999997
BERKELEY,Alameda,2022,,058 213702100,1657 Chestnut St,,,ADU,Renter,0,0,0,0,0,0,0,0,0,0,0,,0,0,0,0,0,0,0,0,0,0,0,1,2022-12-06,1,0,0,0,0,0,0,0,0,0,0,0,,0,0,N,0,Y,,,0,,0,0,0,0,0,,,,37.874613,-122.288541,"1657 Chestnut St, Berkeley, California, 94702",100
BERKELEY,Alameda,2022,,060 239107403,1332 NEILSON,,,ADU,Renter,0,0,0,0,0,0,0,0,0,0,0,,0,0,0,0,0,0,0,0,0,0,0,1,2022-02-28,1,0,0,0,0,0,0,0,0,0,0,0,,0,0,N,0,Y,,,0,,0,0,0,0,0,,,,37.880158,-122.289607,"1332 Neilson St, Berkeley, California, 94702",98.909999999999997
BERKELEY,Alameda,2022,,060 241605200,1321 HOPKINS,,,ADU,Renter,0,0,0,0,0,0,0,0,0,0,0,,0,0,0,0,0,0,0,0,0,0,0,1,2022-05-27,1,0,0,0,0,0,0,0,0,0,0,0,,0,0,N,0,Y,,,0,,0,0,0,0,0,,,,37.878590,-122.287778,"1321 Hopkins St, Berkeley, California, 94702",98.909999999999997
BERKELEY,Alameda,2022,,060 243401700,1516 HOPKINS,,,ADU,Renter,0,0,0,0,0,0,0,0,0,0,0,,0,0,0,0,0,0,0,0,0,0,0,1,2022-04-13,1,0,0,0,0,0,0,0,0,0,0,0,,0,0,N,0,Y,,,0,,0,0,0,0,0,,,,37.881187,-122.282829,"1516 Hopkins St, Berkeley, California, 94707",98.909999999999997
BERKELEY,Alameda,2022,,061 258802500,1074 SPRUCE,,,ADU,Renter,0,0,0,0,0,0,0,0,0,0,0,,0,0,0,0,0,0,0,0,0,0,0,1,2022-03-30,1,0,0,0,0,0,0,0,0,0,0,0,,0,0,N,0,Y,,,0,,0,0,0,0,0,,,,37.889293,-122.266812,"1074 Spruce St, Berkeley, California, 94707",98.909999999999997
BERKELEY,Alameda,2022,,063 296903437,0 LATHAM,,,SFD,Renter,0,0,0,0,0,0,0,0,0,0,0,,0,0,0,0,0,0,0,0,0,0,0,0,,0,0,0,0,0,0,0,0,0,0,0,1,2022-08-08,1,0,N,0,Y,,,0,,0,0,0,0,0,,,,37.894123,-122.258037,"Latham Walk, Berkeley, California, 94708",96.75
BERKELEY,Alameda,2022,,059 232500500,1438 FIFTH,,,SFD,Owner,0,0,0,0,0,0,0,0,0,0,0,,0,0,0,0,0,0,0,0,0,0,0,1,2022-03-29,1,0,0,0,0,0,0,0,0,0,0,0,,0,0,N,0,Y,,,0,,0,0,0,0,0,,,,37.876020,-122.301598,"1438 5th St, Berkeley, California, 94710",98.909999999999997
BERKELEY,Alameda,2022,,059 232500500,1440 FIFTH,,,SFD,Owner,0,0,0,0,0,0,0,0,0,0,0,,0,0,0,0,0,0,0,0,0,0,0,1,2022-03-22,1,0,0,0,0,0,0,0,0,0,0,0,,0,0,N,0,Y,,,0,,0,0,0,0,0,,,,37.875988,-122.301587,"1440 5th St, Berkeley, California, 94710",98.909999999999997
BERKELEY,Alameda,2022,,063 296903435,1024 GRIZZLY PEAK,,,SFD,Renter,0,0,0,0,0,0,0,0,0,0,0,,0,0,0,0,0,0,0,0,0,0,0,1,2022-11-29,1,0,0,0,0,0,0,0,0,0,0,0,,0,0,N,0,Y,,,0,,0,0,0,0,0,,,,37.894289,-122.258772,"1024 Grizzly Peak Blvd, Berkeley, California, 94708",98.909999999999997
BERKELEY,Alameda,2022,,063 298602200,0 CRAGMONT,,,SFD,Owner,0,0,0,0,0,0,0,0,0,0,0,,0,0,0,0,0,0,0,0,0,0,0,1,2022-07-26,1,0,0,0,0,0,0,0,0,0,0,0,,0,0,N,0,Y,,,0,,0,0,0,0,0,,,,37.891792,-122.262784,"Cragmont Ave, Berkeley, California, 94708",96.849999999999994
BERKELEY,Alameda,2022,,052 143301200,3353 M L KING JR,,,2 to 4,Renter,0,0,0,0,0,0,0,0,0,0,0,,0,0,0,0,0,0,0,0,0,0,0,0,,0,0,0,0,0,0,0,0,0,0,0,2,2022-09-28,2,0,N,0,Y,,,0,,0,0,0,0,0,,,,37.846788,-122.271026,"3353 Martin Luther King Jr Way, Berkeley, California, 94703",98.909999999999997
BERKELEY,Alameda,2022,,058 219100200,1828 EUCLID,,,2 to 4,Renter,0,0,0,0,0,0,0,0,0,0,3,2022-06-24,3,0,0,0,0,0,0,0,0,0,0,0,,0,0,0,0,0,0,0,0,0,0,0,0,,0,0,N,0,Y,,,0,,0,0,0,0,0,,,,37.875614,-122.260277,"1828 Euclid Ave, Berkeley, California, 94709",98.909999999999997
BERKELEY,Alameda,2022,,057 202401300,2099 M L KING JR,,,5+,Renter,0,0,0,0,0,0,0,0,0,0,0,,0,0,0,0,0,5,0,0,0,0,0,67,2022-07-06,72,0,0,0,0,0,0,0,0,0,0,0,,0,0,N,0,Y,,DB,0,1000,0,0,0,35,3,Development Standards Modification,Y,,37.870859,-122.272908,"2099 Martin Luther King Jr Way, Berkeley, California, 94704",98.909999999999997
BERKELEY,Alameda,2022,,054 178101501,2527 SAN PABLO,,,5+,Renter,0,0,0,0,0,0,0,0,0,0,0,,0,0,0,0,0,13,0,25,0,0,0,24,2022-08-01,62,0,0,0,0,0,0,0,0,0,0,0,,0,13,Y,0,Y,"LIHTC, PBS8, IIG, HOME, AHSC",DB;Other,0,55,0,0,0,35,2,Development Standards Modification,N,"Other: City of Berkeley HTF, HCD Accelerator Funds, CA Department of Developmental Services Community Placement Plan Program Financing for Multifamily Housing Project; Other - City Regulatory Agreement (VLI/LI Households)",37.860480,-122.289253,"2527 San Pablo Ave, Berkeley, California, 94702",98.909999999999997
BERKELEY,Alameda,2022,,057 208001400,1275 HEARST,,,ADU,Renter,0,0,0,0,0,0,0,0,0,0,0,,0,0,0,0,0,0,0,0,0,0,0,0,,0,0,0,0,0,0,0,0,0,0,0,1,2022-12-07,1,0,N,0,Y,,,0,,0,0,0,0,0,,,,37.871233,-122.287493,"1275 Hearst Ave, Berkeley, California, 94702",98.909999999999997
BERKELEY,Alameda,2022,,063 313001600,994 WILDCAT CANYON,,,ADU,Renter,0,0,0,0,0,0,0,0,0,0,0,,0,0,0,0,0,0,0,0,0,0,0,0,,0,0,0,0,0,0,0,0,0,0,0,1,2022-06-13,1,0,N,0,Y,,,0,,0,0,0,0,0,,,,37.896199,-122.256101,"994 Wildcat Canyon Rd, Berkeley, California, 94708",98.909999999999997
BERKELEY,Alameda,2022,,056 191900600,2408 EDWARDS,,,ADU,Renter,0,0,0,0,0,0,0,0,0,0,0,,0,0,0,0,0,0,0,0,0,0,0,0,,0,0,0,0,0,0,0,0,0,0,0,1,2022-10-07,1,0,N,0,Y,,,0,,0,0,0,0,0,,,,37.863471,-122.282274,"2408 Edwards St, Berkeley, California, 94702",98.909999999999997
BERKELEY,Alameda,2022,,056 192401600,2336 BONAR,,,ADU,Renter,0,0,0,0,0,0,0,0,0,0,0,,0,0,0,0,0,0,0,0,0,0,0,1,2022-09-06,1,0,0,0,0,0,0,0,0,0,0,0,,0,0,N,0,Y,,,0,,0,0,0,0,0,,,,37.863897,-122.286355,"2336 Bonar St, Berkeley, California, 94702",98.909999999999997
BERKELEY,Alameda,2022,,064 424200600,30 EL CAMINO REAL,,,ADU,Renter,0,0,0,0,0,0,0,0,0,0,0,,0,0,0,0,0,0,0,0,0,0,0,0,,0,0,0,0,0,0,0,0,0,0,0,1,2022-01-16,1,0,N,0,Y,,,0,,0,0,0,0,0,,,,37.856320,-122.242925,"30 El Camino Real, Berkeley, California, 94705",100
BERKELEY,Alameda,2022,,056 199804000,1423 ACROFT,,,ADU,Renter,0,0,0,0,0,0,0,0,0,0,0,,0,0,0,0,0,0,0,0,0,0,0,1,2022-08-25,1,0,0,0,0,0,0,0,0,0,0,0,,0,0,N,0,Y,,,0,,0,0,0,0,0,,,,37.866141,-122.282852,"1423 Acroft Ct, Berkeley, California, 94702",98.909999999999997
BERKELEY,Alameda,2022,,054 171602700,2322 WARD,,,ADU,Renter,0,0,0,0,0,0,0,0,0,0,0,,0,0,0,0,0,0,0,0,0,0,0,0,,0,0,0,0,0,0,0,0,0,0,0,1,2022-09-29,1,0,N,0,Y,,,0,,0,0,0,0,0,,,,37.860201,-122.260861,"2322 Ward St, Berkeley, California, 94705",98.909999999999997
BERKELEY,Alameda,2022,,058 213500300,1262 FRANCISCO,,,ADU,Renter,0,0,0,0,0,0,0,0,0,0,0,,0,0,0,0,0,0,0,0,0,0,0,0,,0,0,0,0,0,0,0,0,0,0,0,1,2022-07-22,1,0,N,0,Y,,,0,,0,0,0,0,0,,,,37.873259,-122.287767,"1262 Francisco St, Berkeley, California, 94702",98.909999999999997
BERKELEY,Alameda,2022,,056 192702600,1130 CHAUCER,,,ADU,Renter,0,0,0,0,0,0,0,0,0,0,0,,0,0,0,0,0,0,0,0,0,0,0,0,,0,0,0,0,0,0,0,0,0,0,0,1,2022-09-08,1,0,N,0,Y,,,0,,0,0,0,0,0,,,,37.863811,-122.288904,"1130 Chaucer St, Berkeley, California, 94702",98.909999999999997
BERKELEY,Alameda,2022,,053 167301400,1623 RUSSELL,,,ADU,Renter,0,0,0,0,0,0,0,0,0,0,0,,0,0,0,0,0,0,0,0,0,0,0,0,,0,0,0,0,0,0,0,0,0,0,0,1,2022-08-04,1,0,N,0,Y,,,0,,0,0,0,0,0,,,,37.855500,-122.275743,"1623 Russell St, Berkeley, California, 94703",98.909999999999997
BERKELEY,Alameda,2022,,062 289900800,1859 YOSEMITE,,,ADU,Renter,0,0,0,0,0,0,0,0,0,0,0,,0,0,0,0,0,0,0,0,0,0,0,0,,0,0,0,0,0,0,0,0,0,0,0,1,2022-03-08,1,0,N,0,Y,,,0,,0,0,0,0,0,,,,37.896651,-122.279809,"1859 Yosemite Rd, Berkeley, California, 94707",98.909999999999997
BERKELEY,Alameda,2022,,060 243501000,1222 CARLOTTA,,,ADU,Renter,0,0,0,0,0,0,0,0,0,0,0,,0,0,0,0,0,0,0,0,0,0,0,0,,0,0,0,0,0,0,0,0,0,0,0,1,2022-04-05,1,0,N,0,Y,,,0,,0,0,0,0,0,,,,37.883846,-122.280435,"1222 Carlotta Ave, Berkeley, California, 94707",98.909999999999997
BERKELEY,Alameda,2022,,054 179501500,1403 PARKER,,,ADU,Renter,0,0,0,0,0,0,0,0,0,0,0,,0,0,0,0,0,0,0,0,0,0,0,0,,0,0,0,0,0,0,0,0,0,0,0,1,2022-09-29,1,0,N,0,Y,,,0,,0,0,0,0,0,,,,37.860234,-122.282586,"1403 Parker St, Berkeley, California, 94702",98.909999999999997
BERKELEY,Alameda,2022,,058 212900200,1157 FRANCISCO,,,ADU,Renter,0,0,0,0,0,0,0,0,0,0,0,,0,0,0,0,0,0,0,0,0,0,0,0,,0,0,0,0,0,0,0,0,0,0,0,1,2022-11-09,1,0,N,0,Y,,,0,,0,0,0,0,0,,,,37.872910,-122.290853,"1157 Francisco St, Berkeley, California, 94702",98.909999999999997
BERKELEY,Alameda,2022,,052 151600100,1346 HASKELL,,,ADU,Renter,0,0,0,0,0,0,0,0,0,0,0,,0,0,0,0,0,0,0,0,0,0,0,1,2022-04-01,1,0,0,0,0,0,0,0,0,0,0,0,,0,0,N,0,Y,,,0,,0,0,0,0,0,,,,37.851490,-122.281256,"1346 Haskell St, Berkeley, California, 94702",98.909999999999997
BERKELEY,Alameda,2022,,B2021-00565,2243 ASHBY,,,ADU,Renter,0,0,0,0,0,0,0,0,0,0,0,,0,0,0,0,0,0,0,0,0,0,0,1,2022-01-12,1,0,0,0,0,0,0,0,0,0,0,0,,0,0,N,0,Y,,,0,,0,0,0,0,0,,,,37.855948,-122.261669,"2243 Ashby Ave, Berkeley, California, 94705",98.909999999999997
BERKELEY,Alameda,2022,,053 169102400,2432 OREGON,,,ADU,Renter,0,0,0,0,0,0,0,0,0,0,0,,0,0,0,0,0,0,0,0,0,0,0,1,2022-06-13,1,0,0,0,0,0,0,0,0,0,0,0,,0,0,N,0,Y,,,0,,0,0,0,0,0,,,,37.858769,-122.257722,"2432 Oregon St, Berkeley, California, 94705",98.909999999999997
BERKELEY,Alameda,2022,,054 170800500,2737 FOREST,,,ADU,Renter,0,0,0,0,0,0,0,0,0,0,0,,0,0,0,0,0,0,0,0,0,0,0,1,2022-11-10,1,0,0,0,0,0,0,0,0,0,0,0,,0,0,N,0,Y,,,0,,0,0,0,0,0,,,,37.861528,-122.251792,"2737 Forest Ave, Berkeley, California, 94705",98.909999999999997
BERKELEY,Alameda,2022,,055 184902200,2633 ETNA,,,ADU,Renter,0,0,0,0,0,0,0,0,0,0,0,,0,0,0,0,0,0,0,0,0,0,0,1,2022-12-07,1,0,0,0,0,0,0,0,0,0,0,0,,0,0,N,0,Y,,,0,,0,0,0,0,0,,,,37.862749,-122.252459,"2633 Etna St, Berkeley, California, 94704",98.909999999999997
BERKELEY,Alameda,2022,,055 185601400,2425 PROSPECT,,,ADU,Renter,0,0,0,0,0,0,0,0,0,0,0,,0,0,0,0,0,0,0,0,0,0,0,1,2022-09-15,1,0,0,0,0,0,0,0,0,0,0,0,,0,0,N,0,Y,,,0,,0,0,0,0,0,,,,37.866445,-122.249634,"2425 Prospect St, Berkeley, California, 94704",98.909999999999997
BERKELEY,Alameda,2022,,055 190902600,2331 JEFFERSON,,,ADU,Renter,0,0,0,0,0,0,0,0,0,0,0,,0,0,0,0,0,0,0,0,0,0,0,1,2022-10-27,1,0,0,0,0,0,0,0,0,0,0,0,,0,0,N,0,Y,,,0,,0,0,0,0,0,,,,37.865076,-122.277998,"2331 Jefferson Ave, Berkeley, California, 94703",98.909999999999997
BERKELEY,Alameda,2022,,056 200900600,2206 ROOSEVELT,,,ADU,Renter,0,0,0,0,0,0,0,0,0,0,0,,0,0,0,0,0,0,0,0,0,0,0,1,2022-01-03,1,0,0,0,0,0,0,0,0,0,0,0,,0,0,N,0,Y,,,0,,0,0,0,0,0,,,,37.868041,-122.276075,"2206 Roosevelt Ave, Berkeley, California, 94703",98.909999999999997
BERKELEY,Alameda,2022,,059 229201702,1230 CEDAR,,,ADU,Renter,0,0,0,0,0,0,0,0,0,0,0,,0,0,0,0,0,0,0,0,0,0,0,1,2022-05-05,1,0,0,0,0,0,0,0,0,0,0,0,,0,0,N,0,Y,,,0,,0,0,0,0,0,,,,37.875817,-122.289146,"1230 Cedar St, Berkeley, California, 94702",98.909999999999997
BERKELEY,Alameda,2022,,060 241502600,1231 NEILSON,,,ADU,Renter,0,0,0,0,0,0,0,0,0,0,0,,0,0,0,0,0,0,0,0,0,0,0,1,2022-12-22,1,0,0,0,0,0,0,0,0,0,0,0,,0,0,N,0,Y,,,0,,0,0,0,0,0,,,,37.881688,-122.288988,"1231 Neilson St, Albany, California, 94706",98.879999999999995
BERKELEY,Alameda,2022,,060 243400400,1525 ADA,,,ADU,Renter,0,0,0,0,0,0,0,0,0,0,0,,0,0,0,0,0,0,0,0,0,0,0,1,2022-10-25,1,0,0,0,0,0,0,0,0,0,0,0,,0,0,N,0,Y,,,0,,0,0,0,0,0,,,,37.880471,-122.282051,"1525 Ada St, Berkeley, California, 94703",98.909999999999997
BERKELEY,Alameda,2022,,063 311006900,655 VISTAMONT,,,ADU,Renter,0,0,0,0,0,0,0,0,0,0,0,,0,0,0,0,0,0,0,0,0,0,0,1,2022-10-04,1,0,0,0,0,0,0,0,0,0,0,0,,0,0,N,0,Y,,,0,,0,0,0,0,0,,,,37.900611,-122.262082,"655 Vistamont Ave, Berkeley, California, 94708",98.909999999999997
BERKELEY,Alameda,2022,,054 180202000,1516 CARLETON (Unit C),,,SFD,Renter,0,0,0,0,0,0,0,0,0,0,0,,0,0,0,0,0,0,0,0,0,0,0,0,,0,0,0,0,0,0,0,0,0,0,0,1,2022-06-01,1,0,N,0,Y,,,0,,0,0,0,0,0,,,,37.859670,-122.279622,"1516 Carleton St, Berkeley, California, 94703",98.909999999999997
BERKELEY,Alameda,2020,,052 151504600,1248 Haskell,,B2020-00446,ADU,Renter,0,0,0,0,0,0,0,0,0,0,1,2020-09-10,1,0,0,0,0,0,0,0,0,0,0,1,2020-09-10,1,0,0,0,0,0,0,0,0,0,0,0,,0,0,N,0,0,,,0,,0,0,0,0,0,,,,37.850947,-122.283890,"1248 Haskell St, Berkeley, California, 94702",98.909999999999997
BERKELEY,Alameda,2020,,057 207401200,1353 Berkeley,,B2018-04404,ADU,Renter,0,0,0,0,0,0,0,0,0,0,0,,0,0,0,0,0,0,0,0,0,0,0,0,,0,0,0,0,0,0,0,0,0,0,0,1,2020-10-23,1,0,N,0,0,,,0,,0,0,0,0,0,,,,37.870730,-122.285761,"1353 Berkeley Way, Berkeley, California, 94702",98.909999999999997
BERKELEY,Alameda,2020,,052 151902200,1412 Harmon,,B2019-04125,ADU,Renter,0,0,0,0,0,0,0,0,0,0,1,2020-11-10,1,0,0,0,0,0,0,0,0,0,0,1,2020-11-10,1,0,0,0,0,0,0,0,0,0,0,0,,0,0,N,0,0,,,0,,0,0,0,0,0,,,,37.848635,-122.279159,"1412 Harmon St, Berkeley, California, 94702",98.909999999999997
BERKELEY,Alameda,2020,,059 225800800,1416 Oxford,,B2019-01817,ADU,Renter,0,0,0,0,0,0,0,0,0,0,0,,0,0,0,0,0,0,0,0,0,0,0,0,,0,0,0,0,0,0,0,0,0,0,0,1,2020-05-26,1,0,N,0,0,,,0,,0,0,0,0,0,,,,37.881646,-122.267209,"1416 Oxford St, Berkeley, California, 94709",98.909999999999997
BERKELEY,Alameda,2020,,059 231000205,1500 San Pablo,,B2017-01855,5+,Renter,0,0,0,0,0,0,0,0,0,0,0,,0,0,0,0,0,0,0,0,0,0,0,0,,0,0,0,0,0,16,0,0,0,0,0,154,2020-09-11,170,0,N,0,0,,DB,0,,0,0,0,0,0,,,,37.875976,-122.294456,"1500 San Pablo Ave, Berkeley, California, 94702",98.909999999999997
BERKELEY,Alameda,2020,,054 180202000,1512 Carleton,,B2020-01040,SFD,Owner,0,0,0,0,0,0,0,0,0,0,1,2020-02-05,1,0,0,0,0,0,0,0,0,0,0,1,2020-09-22,1,0,0,0,0,0,0,0,0,0,0,0,,0,0,N,0,0,,,0,,0,0,0,0,0,,,,37.859670,-122.279622,"1512 Carleton St, Berkeley, California, 94703",98.909999999999997
BERKELEY,Alameda,2020,,058 214400900,1614 Acton,,B2018-01245,ADU,Renter,0,0,0,0,0,0,0,0,0,0,0,,0,0,0,0,0,0,0,0,0,0,0,0,,0,0,0,0,0,0,0,0,0,0,0,1,2020-08-17,1,0,N,0,0,,,0,,0,0,0,0,0,,,,37.875759,-122.284970,"1614 Acton St, Berkeley, California, 94702",98.909999999999997
BERKELEY,Alameda,2020,,053 167301200,1625 Russell,,B2020-01282,ADU,Renter,0,0,0,0,0,0,0,0,0,0,1,2020-07-21,1,0,0,0,0,0,0,0,0,0,0,1,2020-07-21,1,0,0,0,0,0,0,0,0,0,0,0,,0,0,N,0,0,,,0,,0,0,0,0,0,,,,37.855498,-122.275760,"1625 Russell St, Berkeley, California, 94703",98.909999999999997
BERKELEY,Alameda,2020,,059 227801500,1628 Jaynes,,B2020-01658,ADU,Renter,0,0,0,0,0,0,0,0,0,0,0,,0,0,0,0,0,0,0,0,0,0,0,1,2020-08-12,1,0,0,0,0,0,0,0,0,0,0,0,,0,0,N,0,0,,,0,,0,0,0,0,0,,,,37.877990,-122.279224,"1628 Jaynes St, Berkeley, California, 94703",98.909999999999997
BERKELEY,Alameda,2020,,058 211901500,1732 Seventh,,B2018-02645,ADU,Renter,0,0,0,0,0,0,0,0,0,0,0,,0,0,0,0,0,0,0,0,0,0,0,0,,0,0,0,0,0,0,0,0,0,0,0,1,2020-03-11,1,0,N,0,0,,,0,,0,0,0,0,0,,,,37.871204,-122.297652,"1732 7th St, Berkeley, California, 94710",98.909999999999997
BERKELEY,Alameda,2020,,052 152701100,1811 Sixty-Third,,B2019-03766,SFD,Renter,0,0,0,0,0,0,0,0,0,0,0,,0,0,0,0,0,0,0,0,0,0,0,1,2020-01-28,1,0,0,0,0,0,0,0,0,0,0,0,,0,0,N,0,0,,,0,,0,0,0,0,0,,,,37.847960,-122.270682,"1811 63rd St, Berkeley, California, 94703",98.909999999999997
BERKELEY,Alameda,2020,,062 292202700,1873 San Ramon,,B2019-01938,ADU,Renter,0,0,0,0,0,0,0,0,0,0,0,,0,0,0,0,0,0,0,0,0,0,0,0,,0,0,0,0,0,0,0,0,0,0,0,1,2020-07-10,1,0,N,0,0,,,0,,0,0,0,0,0,,,,37.898485,-122.278386,"1873 San Ramon Ave, Berkeley, California, 94707",98.909999999999997
BERKELEY,Alameda,2020,,053 167902200,1914 Oregon,,B2019-00805,ADU,Renter,0,0,0,0,0,0,0,0,0,0,0,,0,0,0,0,0,0,0,0,0,0,0,0,,0,0,0,0,0,0,0,0,0,0,0,1,2020-07-10,1,0,N,0,0,,,0,,0,0,0,0,0,,,,37.857113,-122.270549,"1914 Oregon St, Berkeley, California, 94703",98.909999999999997
BERKELEY,Alameda,2020,,057 208901601,1923 Ninth,,B2019-05504,SFD,Owner,0,0,0,0,0,0,0,0,0,0,0,,0,0,0,0,0,0,0,0,0,0,0,1,2020-12-02,1,0,0,0,0,0,0,0,0,0,0,0,,0,0,N,0,0,,,0,,2,0,0,0,0,,,,37.869207,-122.294563,"1923 9th St, Berkeley, California, 94710",98.909999999999997
BERKELEY,Alameda,2020,,055 181701000,1931 Carleton,,B2018-04609-REV01,ADU,Renter,0,0,0,0,0,0,0,0,0,0,1,2020-10-19,1,0,0,0,0,0,0,0,0,0,0,1,2020-10-19,1,0,0,0,0,0,0,0,0,0,0,0,,0,0,N,0,0,,,0,,0,0,0,0,0,,,,37.860825,-122.270545,"1931 Carleton St, Berkeley, California, 94704",98.909999999999997
BERKELEY,Alameda,2020,,064 422901900,200 Alvarado,,B2019-04517,SFD,Owner,0,0,0,0,0,0,0,0,0,0,1,2020-02-13,1,0,0,0,0,0,0,0,0,0,0,1,2020-03-16,1,0,0,0,0,0,0,0,0,0,0,0,,0,0,N,0,0,,,0,,0,0,0,0,0,,,,37.855978,-122.236375,"200 Alvarado Rd, Berkeley, California, 94705",98.909999999999997
BERKELEY,Alameda,2020,,057 202401300,2099 M L K Jr.,,ZP2019-0081,5+,Renter,0,0,0,0,5,0,0,0,0,0,67,2020-07-23,72,0,0,0,0,0,0,0,0,0,0,0,,0,0,0,0,0,0,0,0,0,0,0,0,,0,0,N,0,0,,DB,0,,0,0,0,0,0,,,,37.870859,-122.272908,"2099 Martin Luther King Jr Way, Berkeley, California, 94704",98.909999999999997
BERKELEY,Alameda,2020,,053 168602400,2128 Oregon,,B2018-04967,ADU,Renter,0,0,0,0,0,0,0,0,0,0,0,,0,0,0,0,0,0,0,0,0,0,0,0,,0,0,0,0,0,0,0,0,0,0,0,1,2020-03-17,1,0,N,0,0,,,0,,0,0,0,0,0,,,,37.857733,-122.265810,"2128 Oregon St, Berkeley, California, 94705",98.909999999999997
BERKELEY,Alameda,2020,,056 191503200,2313 Edwards,,B2017-03973,ADU,Renter,0,0,0,0,0,0,0,0,0,0,0,,0,0,0,0,0,0,0,0,0,0,0,0,,0,0,0,0,0,0,0,0,0,0,0,1,2020-05-14,1,0,N,0,0,,,0,,0,0,0,0,0,,,,37.865155,-122.282522,"2313 Edwards St, Berkeley, California, 94702",98.909999999999997
BERKELEY,Alameda,2020,,055 187100600,2631 Durant,,B2016-05821,5+,Renter,0,0,0,0,0,0,0,0,0,0,0,,0,0,0,0,0,0,0,0,0,0,0,0,,0,0,0,0,0,0,0,0,0,0,0,56,2020-08-12,56,0,N,0,0,,,0,,0,0,0,0,0,,,,37.868302,-122.255378,"2631 Durant Ave, Berkeley, California, 94704",98.909999999999997
BERKELEY,Alameda,2020,,053 166902400,2817 Stanton,,B2018-03850,ADU,Renter,0,0,0,0,0,0,0,0,0,0,1,2020-01-27,1,0,0,0,0,0,0,0,0,0,0,1,2020-01-27,1,0,0,0,0,0,0,0,0,0,0,0,,0,0,N,0,0,,,0,,0,0,0,0,0,,,,37.855367,-122.280256,"2817 Stanton St, Berkeley, California, 94702",98.909999999999997
BERKELEY,Alameda,2020,,052 154801100,3140 Harper,,B2020-01549,ADU,Renter,0,0,0,0,0,0,0,0,0,0,1,2020-07-30,1,0,0,0,0,0,0,0,0,0,0,1,2020-07-30,1,0,0,0,0,0,0,0,0,0,0,1,2020-10-29,1,0,N,0,0,,,0,,0,0,0,0,0,,,,37.850736,-122.271514,"3140 Harper St, Berkeley, California, 94703",98.909999999999997
BERKELEY,Alameda,2020,,053 163502100,811 Folger,,B2018-00016,SFD,Owner,0,0,0,0,0,0,0,0,0,0,0,,0,0,0,0,0,0,0,0,0,0,0,0,,0,0,0,0,0,0,0,0,0,0,0,1,2020-11-16,1,0,N,0,0,,,0,,0,0,0,0,0,,,,37.849717,-122.292521,"811 Folger Ave, Berkeley, California, 94710",98.909999999999997
BERKELEY,Alameda,2020,,053 163502100,813 Folger,,B2018-00017,SFD,Owner,0,0,0,0,0,0,0,0,0,0,0,,0,0,0,0,0,0,0,0,0,0,0,0,,0,0,0,0,0,0,0,0,0,0,0,1,2020-08-19,1,0,N,0,0,,,0,,0,0,0,0,0,,,,37.849723,-122.292470,"813 Folger Ave, Berkeley, California, 94710",98.909999999999997
BERKELEY,Alameda,2020,,062 287002400,857 Neilson,,B2019-01118,ADU,Renter,0,0,0,0,0,0,0,0,0,0,0,,0,0,0,0,0,0,0,0,0,0,0,0,,0,0,0,0,0,0,0,0,0,0,0,1,2020-08-06,1,0,N,0,0,,,0,,0,0,0,0,0,,,,37.891777,-122.286533,"857 Neilson St, Berkeley, California, 94707",98.909999999999997
BERKELEY,Alameda,2020,,057 208100700,1284 Hearst,,B2020-00906,ADU,Renter,0,0,0,0,0,0,0,0,0,0,1,2020-06-26,1,0,0,0,0,0,0,0,0,0,0,1,2020-06-26,1,0,0,0,0,0,0,0,0,0,0,0,,0,0,N,0,0,,,0,,0,0,0,0,0,,,,37.871225,-122.287109,"1284 Hearst Ave, Berkeley, California, 94702",98.909999999999997
BERKELEY,Alameda,2020,,052 151601000,1331 Sixty-Seventh,,B2019-01663,ADU,Renter,0,0,0,0,0,0,0,0,0,0,0,,0,0,0,0,0,0,0,0,0,0,0,0,,0,0,0,0,0,0,0,0,0,0,0,1,2020-11-05,1,0,N,0,0,,,0,,0,0,0,0,0,,,,37.850579,-122.281470,"1331 67th St, Berkeley, California, 94702",98.909999999999997
BERKELEY,Alameda,2020,,060 239700900,1424 Stannage,,B2020-01331,ADU,Renter,0,0,0,0,0,0,0,0,0,0,1,2020-08-17,1,0,0,0,0,0,0,0,0,0,0,1,2020-08-17,1,0,0,0,0,0,0,0,0,0,0,1,2020-11-13,1,0,N,0,0,,,0,,0,0,0,0,0,,,,37.878191,-122.293227,"1424 Stannage Ave, Berkeley, California, 94702",98.909999999999997
BERKELEY,Alameda,2020,,052 143802900,1522 Alcatraz,,B2018-00936,ADU,Renter,0,0,0,0,0,0,0,0,0,0,1,2020-02-11,1,0,0,0,0,0,0,0,0,0,0,1,2020-02-11,1,0,0,0,0,0,0,0,0,0,0,0,,0,0,N,0,0,,,0,,0,0,0,0,0,,,,37.848005,-122.276718,"1522 Alcatraz Ave, Berkeley, California, 94703",98.909999999999997
BERKELEY,Alameda,2020,,058 218300100,1601 Oxford,,B2019-05475,5+,Renter,0,0,0,0,0,0,0,0,0,0,0,,0,0,0,0,0,21,0,13,0,0,0,3,2020-08-13,37,0,0,0,0,0,0,0,0,0,0,0,,0,0,Y,0,0,,DB,0,,0,0,0,0,0,,,,37.878577,-122.266818,"1601 Oxford St, Berkeley, California, 94709",98.909999999999997
BERKELEY,Alameda,2020,,059 229202100,1606 Chestnut,,B2019-04441,ADU,Renter,0,0,0,0,0,0,0,0,0,0,1,2020-01-06,1,0,0,0,0,0,0,0,0,0,0,1,2020-01-06,1,0,0,0,0,0,0,0,0,0,0,1,2020-12-23,1,0,N,0,0,,,0,,0,0,0,0,0,,,,37.875337,-122.288723,"1606 Chestnut St, Berkeley, California, 94702",98.909999999999997
BERKELEY,Alameda,2020,,058 218300300,1612 Spruce,,B2019-04885,ADU,Renter,0,0,0,0,0,0,0,0,0,0,1,2020-05-14,1,0,0,0,0,0,0,0,0,0,0,1,2020-05-14,1,0,0,0,0,0,0,0,0,0,0,0,,0,0,N,0,0,,,0,,0,0,0,0,0,,,,37.878329,-122.265701,"1612 Spruce St, Berkeley, California, 94709",98.909999999999997
BERKELEY,Alameda,2020,,059 228803500,1625 Kains,,B2019-02889,ADU,Renter,0,0,0,0,0,0,0,0,0,0,1,2020-01-27,1,0,0,0,0,0,0,0,0,0,0,1,2020-01-27,1,0,0,0,0,0,0,0,0,0,0,1,2020-09-02,1,0,N,0,0,,,0,,0,0,0,0,0,,,,37.874403,-122.292841,"1625 Kains Ave, Berkeley, California, 94702",98.909999999999997
BERKELEY,Alameda,2020,,053 160803300,1626 Julia,,B2020-01225,ADU,Renter,0,0,0,0,0,0,0,0,0,0,1,2020-07-07,1,0,0,0,0,0,0,0,0,0,0,1,2020-07-07,1,0,0,0,0,0,0,0,0,0,0,0,,0,0,N,0,0,,,0,,0,0,0,0,0,,,,37.854557,-122.276017,"1626 Julia St, Berkeley, California, 94703",98.909999999999997
BERKELEY,Alameda,2020,,058 213300900,1710 Chestnut,,B2019-00801,ADU,Renter,0,0,0,0,0,0,0,0,0,0,0,,0,0,0,0,0,0,0,0,0,0,0,0,,0,0,0,0,0,0,0,0,0,0,0,1,2020-07-02,1,0,N,0,0,,,0,,0,0,0,0,0,,,,37.873678,-122.288522,"1710 Chestnut St, Berkeley, California, 94702",98.909999999999997
BERKELEY,Alameda,2020,,054 172901700,1711 Stuart,,B2019-03190,ADU,Renter,0,0,0,0,0,0,0,0,0,0,1,2020-01-06,1,0,0,0,0,0,0,0,0,0,0,1,2020-01-06,1,0,0,0,0,0,0,0,0,0,0,0,,0,0,N,0,0,,,0,,0,0,0,0,0,,,,37.857570,-122.274882,"1711 Stuart St, Berkeley, California, 94703",98.909999999999997
BERKELEY,Alameda,2020,,062 289900800,1859 Yosemite,,B2020-02167,ADU,Renter,0,0,0,0,0,0,0,0,0,0,1,2020-11-04,1,0,0,0,0,0,0,0,0,0,0,1,2020-11-04,1,0,0,0,0,0,0,0,0,0,0,0,,0,0,N,0,0,,,0,,0,0,0,0,0,,,,37.896651,-122.279809,"1859 Yosemite Rd, Berkeley, California, 94707",98.909999999999997
BERKELEY,Alameda,2020,,056 197700605,2100 San Pablo,,B2019-03689,5+,Renter,0,0,0,0,0,0,0,0,0,0,0,,0,0,0,0,0,0,0,0,0,0,0,96,2020-07-20,96,0,0,0,0,0,0,0,0,0,0,0,,0,0,N,0,0,,,0,,0,0,0,0,0,,,,37.867696,-122.291802,"2100 San Pablo Ave, Berkeley, California, 94702",98.909999999999997
BERKELEY,Alameda,2020,,056 197402300,2129 Ninth,,B2019-01963,SFD,Owner,0,0,0,0,0,0,0,0,0,0,0,,0,0,0,0,0,0,0,0,0,0,0,0,,0,0,0,0,0,0,0,0,0,0,0,1,2020-12-15,1,0,N,0,0,,,0,,0,0,0,0,0,,,,37.866325,-122.293631,"2129 9th St, Berkeley, California, 94710",98.909999999999997
BERKELEY,Alameda,2020,,053 168501100,2139 Oregon,,ZP2019-0141,SFD,Owner,0,0,0,0,0,0,0,0,0,0,1,2020-06-19,1,0,0,0,0,0,0,0,0,0,0,0,,0,0,0,0,0,0,0,0,0,0,0,0,,0,0,N,0,0,,,0,,1,0,0,0,0,,,,37.857878,-122.265097,"2139 Oregon St, Berkeley, California, 94705",98.909999999999997
BERKELEY,Alameda,2020,,057 202700202,2210 Harold,,ZP2020-0011,5+,Renter,0,0,0,0,0,0,0,0,0,0,38,2020-11-20,38,0,0,0,0,0,0,0,0,0,0,0,,0,0,0,0,0,0,0,0,0,0,0,0,,0,0,N,0,0,,,0,,0,0,0,0,0,,,,37.868775,-122.269247,"2210 Harold Way, Berkeley, California, 94704",98.909999999999997
BERKELEY,Alameda,2020,,053 168902500,2312 Stuart,,B2017-03830,ADU,Renter,0,0,0,0,0,0,0,0,0,0,0,,0,0,0,0,0,0,0,0,0,0,0,0,,0,0,0,0,0,0,0,0,0,0,0,1,2020-03-10,1,0,N,0,0,,,0,,1,0,0,0,0,,,Converted duplex to SFD,37.859254,-122.261217,"2312 Stuart St, Berkeley, California, 94705",98.909999999999997
BERKELEY,Alameda,2020,,055 186300901,2335 Warring,,B2020-00635,ADU,Renter,0,0,0,0,0,0,0,0,0,0,1,2020-09-10,1,0,0,0,0,0,0,0,0,0,0,1,2020-09-10,1,0,0,0,0,0,0,0,0,0,0,0,,0,0,N,0,0,,,0,,0,0,0,0,0,,,,37.868208,-122.250689,"2335 Warring St, Berkeley, California, 94704",98.909999999999997
BERKELEY,Alameda,2020,,055 183300700,2341 Carleton,,B2019-01469,ADU,Renter,0,0,0,0,0,0,0,0,0,0,0,,0,0,0,0,0,0,0,0,0,0,0,0,,0,0,0,0,0,0,0,0,0,0,0,1,2020-05-08,1,0,N,0,0,,,0,,0,0,0,0,0,,,,37.862122,-122.260661,"2341 Carleton St, Berkeley, California, 94704",98.909999999999997
BERKELEY,Alameda,2020,,055 190302300,2425 Grant,,B2020-00577,ADU,Renter,0,0,0,0,0,0,0,0,0,0,1,2020-08-13,1,0,0,0,0,0,0,0,0,0,0,1,2020-08-13,1,0,0,0,0,0,0,0,0,0,0,0,,0,0,N,0,0,,,0,,0,0,0,0,0,,,,37.863880,-122.274463,"2425 Grant St, Berkeley, California, 94703",98.909999999999997
BERKELEY,Alameda,2020,,055 187500800,2510 Channing,,B2018-01337,5+,Renter,0,0,0,0,0,0,0,0,0,0,0,,0,0,0,0,0,3,0,0,0,0,0,37,2020-01-27,40,0,0,0,0,0,0,0,0,0,0,0,,0,0,N,0,0,,DB,0,,0,0,0,0,0,,,,37.866953,-122.258330,"2510 Channing Way, Berkeley, California, 94704",98.909999999999997
BERKELEY,Alameda,2020,,063 296404400,2633 Marin,,B2018-04394,ADU,Renter,0,0,0,0,0,0,0,0,0,0,0,,0,0,0,0,0,0,0,0,0,0,0,0,,0,0,0,0,0,0,0,0,0,0,0,1,2020-09-24,1,0,N,0,0,,,0,,0,0,0,0,0,,,,37.896598,-122.262380,"2633 Marin Ave, Berkeley, California, 94708",98.909999999999997
BERKELEY,Alameda,2020,,055 183500901,2650 Telegraph,,ZP2019-0070,5+,Renter,0,0,0,0,0,0,0,0,0,0,45,2020-06-16,45,0,0,0,0,0,0,0,0,0,0,0,,0,0,0,0,0,0,0,0,0,0,0,0,,0,0,N,0,0,,,0,,0,0,0,0,0,,,,37.861475,-122.259068,"2650 Telegraph Ave, Berkeley, California, 94704",98.909999999999997
BERKELEY,Alameda,2020,,055 186901600,2716 Durant,,ZP2019-0051,SFD,Owner,0,0,0,0,0,0,0,0,0,0,3,2020-09-28,3,0,0,0,0,0,0,0,0,0,0,0,,0,0,0,0,0,0,0,0,0,0,0,0,,0,0,N,0,0,,,0,,1,0,0,0,0,,,,37.868390,-122.253554,"2716 Durant Ave, Berkeley, California, 94704",98.909999999999997
BERKELEY,Alameda,2020,,056 193302100,1031 Channing,,B2020-01885,ADU,Renter,0,0,0,0,0,0,0,0,0,0,1,2020-09-16,1,0,0,0,0,0,0,0,0,0,0,1,2020-09-16,1,0,0,0,0,0,0,0,0,0,0,0,,0,0,N,0,0,,,0,,0,0,0,0,0,,,,37.862727,-122.291012,"1031 Channing Way, Berkeley, California, 94710",98.909999999999997
BERKELEY,Alameda,2020,,060 243600700,1212 Colusa,,B2020-01359,ADU,Renter,0,0,0,0,0,0,0,0,0,0,1,2020-08-04,1,0,0,0,0,0,0,0,0,0,0,1,2020-08-04,1,0,0,0,0,0,0,0,0,0,0,0,,0,0,N,0,0,,,0,,0,0,0,0,0,,,,37.883798,-122.279438,"1212 Colusa Ave, Berkeley, California, 94707",98.909999999999997
BERKELEY,Alameda,2020,,060 241501700,1227 Neilson,,B2020-00258,ADU,Renter,0,0,0,0,0,0,0,0,0,0,1,2020-09-09,1,0,0,0,0,0,0,0,0,0,0,1,2020-09-09,1,0,0,0,0,0,0,0,0,0,0,0,,0,0,N,0,0,,,0,,0,0,0,0,0,,,,37.881861,-122.288920,"1227 Neilson St, Albany, California, 94706",98.879999999999995
BERKELEY,Alameda,2020,,054 179203100,1330 Carleton,,B2017-05024,ADU,Renter,0,0,0,0,0,0,0,0,0,0,0,,0,0,0,0,0,0,0,0,0,0,0,0,,0,0,0,0,0,0,0,0,0,0,0,1,2020-09-14,1,0,N,0,0,,,0,,0,0,0,0,0,,,,37.859161,-122.283541,"1330 Carleton St, Berkeley, California, 94702",98.909999999999997
BERKELEY,Alameda,2020,,060 244504300,1333 Carlotta,,B2019-00843,ADU,Renter,0,0,0,0,0,0,0,0,0,0,0,,0,0,0,0,0,0,0,0,0,0,0,0,,0,0,0,0,0,0,0,0,0,0,0,1,2020-10-02,1,0,N,0,0,,,0,,0,0,0,0,0,,,,37.881532,-122.279306,"1333 Carlotta Ave, Berkeley, California, 94703",98.909999999999997
BERKELEY,Alameda,2020,,060 243300700,1336 Mcgee,,B2020-01103,ADU,Renter,0,0,0,0,0,0,0,0,0,0,1,2020-12-02,1,0,0,0,0,0,0,0,0,0,0,1,2020-12-02,1,0,0,0,0,0,0,0,0,0,0,0,,0,0,N,0,0,,,0,,0,0,0,0,0,,,,37.880816,-122.280243,"1336 McGee Ave, Berkeley, California, 94703",98.909999999999997
BERKELEY,Alameda,2020,,060 242802800,1353 Acton,,B2018-04874,ADU,Renter,0,0,0,0,0,0,0,0,0,0,0,,0,0,0,0,0,0,0,0,0,0,0,0,,0,0,0,0,0,0,0,0,0,0,0,1,2020-01-21,1,0,N,0,0,,,0,,0,0,0,0,0,,,,37.881245,-122.285211,"1353 Acton St, Albany, California, 94706",98.879999999999995
BERKELEY,Alameda,2020,,052 156601400,2801 Ashby,,B2016-05928,ADU,Renter,0,0,0,0,0,0,0,0,0,0,0,,0,0,0,0,0,0,0,0,0,0,0,0,,0,0,0,0,0,0,0,0,0,0,0,1,2020-07-28,1,0,N,0,0,,,0,,0,0,0,0,0,,,,37.857773,-122.250411,"2801 Ashby Ave, Berkeley, California, 94705",98.909999999999997
BERKELEY,Alameda,2020,,054 170209502,2955 Russell,,B2019-03075,ADU,Renter,0,0,0,0,0,0,0,0,0,0,1,2020-07-08,1,0,0,0,0,0,0,0,0,0,0,1,2020-07-08,1,0,0,0,0,0,0,0,0,0,0,0,,0,0,N,0,0,,,0,,0,0,0,0,0,,,,37.858928,-122.246288,"2955 Russell St, Berkeley, California, 94705",98.909999999999997
BERKELEY,Alameda,2020,,059 228500600,1414 Holly,,B2019-04410,ADU,Renter,0,0,0,0,0,0,0,0,0,0,1,2020-10-22,1,0,0,0,0,0,0,0,0,0,0,1,2020-10-22,1,0,0,0,0,0,0,0,0,0,0,0,,0,0,N,0,0,,,0,,0,0,0,0,0,,,,37.878733,-122.281807,"1414 Holly St, Berkeley, California, 94703",98.909999999999997
BERKELEY,Alameda,2020,,054 180202000,1516 Carleton,,B2020-01039,SFD,Owner,0,0,0,0,0,0,0,0,0,0,1,2020-02-05,1,0,0,0,0,0,0,0,0,0,0,1,2020-09-08,1,0,0,0,0,0,0,0,0,0,0,0,,0,0,N,0,0,,,0,,1,0,0,0,0,,,Replaced by this and two other SFDs,37.859670,-122.279622,"1516 Carleton St, Berkeley, California, 94703",98.909999999999997
BERKELEY,Alameda,2020,,059 228403700,1595 Holly,,B2020-01517,ADU,Renter,0,0,0,0,0,0,0,0,0,0,1,2020-10-06,1,0,0,0,0,0,0,0,0,0,0,1,2020-10-06,1,0,0,0,0,0,0,0,0,0,0,0,,0,0,N,0,0,,,0,,0,0,0,0,0,,,,37.877053,-122.281529,"1595 Holly St, Berkeley, California, 94703",98.909999999999997
BERKELEY,Alameda,2020,,058 215501500,1611 Lincoln,,B2019-04354,ADU,Renter,0,0,0,0,0,0,0,0,0,0,0,,0,0,0,0,0,0,0,0,0,0,0,0,,0,0,0,0,0,0,0,0,0,0,0,1,2020-08-25,1,0,N,0,0,,,0,,0,0,0,0,0,,,,37.876140,-122.279872,"1611 Lincoln St, Berkeley, California, 94703",98.909999999999997
BERKELEY,Alameda,2020,,058 217001700,1711 M L King Jr,,B2018-02288,2 to 4,Renter,0,0,0,0,0,0,0,0,0,0,0,,0,0,0,0,0,0,0,0,0,0,0,0,,0,0,0,0,0,0,0,0,0,0,0,1,2020-03-02,1,0,N,0,0,,,0,,0,0,0,0,0,,,,37.875515,-122.273433,"1711 Martin Luther King Jr Way, Berkeley, California, 94709",98.909999999999997
BERKELEY,Alameda,2020,,052 152701100,1811 Sixty-Third,,B2019-03765,2 to 4,Renter,0,0,0,0,0,0,0,0,0,0,0,,0,0,0,0,0,0,0,0,0,0,0,2,2020-01-28,2,0,0,0,0,0,0,0,0,0,0,2,2020-01-28,2,0,N,0,0,,,0,,0,0,0,0,0,,,,37.847960,-122.270682,"1811 63rd St, Berkeley, California, 94703",98.909999999999997
BERKELEY,Alameda,2020,,057 208901601,1919 Ninth,,B2019-05502,SFD,Owner,0,0,0,0,0,0,0,0,0,0,0,,0,0,0,0,0,0,0,0,0,0,0,1,2020-12-02,1,0,0,0,0,0,0,0,0,0,0,0,,0,0,N,0,0,,,0,,0,0,0,0,0,,,,37.869210,-122.294518,"1919 Ninth St, Berkeley, California, 94710",98.909999999999997
BERKELEY,Alameda,2020,,053 159400300,2031 Prince,,B2014-02947,2 to 4,Owner,0,0,0,0,0,0,0,0,0,0,0,,0,0,0,0,0,0,0,0,0,0,0,1,2020-12-23,1,0,0,0,0,0,0,0,0,0,0,0,,0,0,N,0,0,,,0,,0,0,0,0,0,,,,37.853047,-122.266777,"2031 Prince St, Berkeley, California, 94703",98.909999999999997
BERKELEY,Alameda,2020,,056 197402300,2129 Ninth,,B2019-01961,SFD,Owner,0,0,0,0,0,0,0,0,0,0,0,,0,0,0,0,0,0,0,0,0,0,0,0,,0,0,0,0,0,0,0,0,0,0,0,1,2020-12-15,1,0,N,0,0,,,0,,0,0,0,0,0,,,,37.866325,-122.293631,"2129 9th St, Berkeley, California, 94710",98.909999999999997
BERKELEY,Alameda,2020,,052 155602400,2210 Prince,,B2019-05479,ADU,Renter,0,0,0,0,0,0,0,0,0,0,1,2020-07-20,1,0,0,0,0,0,0,0,0,0,0,1,2020-07-20,1,0,0,0,0,0,0,0,0,0,0,0,,0,0,N,0,0,,,0,,0,0,0,0,0,,,,37.853413,-122.263575,"2210 Prince St, Berkeley, California, 94705",98.909999999999997
BERKELEY,Alameda,2020,,055 187500400,2503 Haste,,B2018-03422,5+,Renter,0,0,0,0,0,0,0,0,0,0,0,,0,0,0,0,0,0,0,0,0,0,0,0,,0,0,0,0,0,0,0,0,0,0,0,55,2020-08-19,55,0,N,0,0,,,0,,0,0,0,0,0,,,Group Living Accommodation. That has separate kitchenn/ sanitary facilities within each group of units.,37.866093,-122.258302,"2503 Haste St, Berkeley, California, 94704",98.909999999999997
BERKELEY,Alameda,2020,,052 156202300,2629 Woolsey,,B2020-01236,ADU,Renter,0,0,0,0,0,0,0,0,0,0,1,2020-11-12,1,0,0,0,0,0,0,0,0,0,0,1,2020-11-12,1,0,0,0,0,0,0,0,0,0,0,0,,0,0,N,0,0,,,0,,1,0,0,0,0,,,Conversion of Duplex into SFD,37.853837,-122.253448,"2629 Woolsey St, Berkeley, California, 94705",98.909999999999997
BERKELEY,Alameda,2020,,054 174400700,2720 San Pablo,,ZP2016-0014,5+,Renter,0,0,0,0,2,0,0,0,0,0,23,2020-09-28,25,0,0,0,0,0,0,0,0,0,0,0,,0,0,0,0,0,0,0,0,0,0,0,0,,0,0,N,0,0,,DB,0,,0,0,0,0,0,,,,37.857394,-122.288458,"2720 San Pablo Ave, Berkeley, California, 94702",98.909999999999997
BERKELEY,Alameda,2020,,053 160002700,2915 Harper,,B2020-01503,ADU,Renter,0,0,0,0,0,0,0,0,0,0,1,2020-10-20,1,0,0,0,0,0,0,0,0,0,0,1,2020-10-20,1,0,0,0,0,0,0,0,0,0,0,0,,0,0,N,0,0,,,0,,0,0,0,0,0,,,,37.855326,-122.272278,"2915 Harper St, Berkeley, California, 94703",98.909999999999997
BERKELEY,Alameda,2020,,053 162400600,3020 Acton,,B2019-05560,ADU,Renter,0,0,0,0,0,0,0,0,0,0,1,2020-05-20,1,0,0,0,0,0,0,0,0,0,0,1,2020-05-20,1,0,0,0,0,0,0,0,0,0,0,0,,0,0,N,0,0,,,0,,0,0,0,0,0,,,,37.852542,-122.281274,"3020 Acton St, Berkeley, California, 94702",98.909999999999997
BERKELEY,Alameda,2020,,063 296201300,790 Hilldale,,B2020-01468,ADU,Renter,0,0,0,0,0,0,0,0,0,0,1,2020-10-26,1,0,0,0,0,0,0,0,0,0,0,1,2020-10-26,1,0,0,0,0,0,0,0,0,0,0,0,,0,0,N,0,0,,,0,,0,0,0,0,0,,,,37.896816,-122.264469,"790 Hilldale Ave, Berkeley, California, 94708",98.909999999999997
BERKELEY,Alameda,2020,,062 287100400,868 Ensenada,,B2019-01705,ADU,Renter,0,0,0,0,0,0,0,0,0,0,0,,0,0,0,0,0,0,0,0,0,0,0,0,,0,0,0,0,0,0,0,0,0,0,0,1,2020-03-11,1,0,N,0,0,,,0,,0,0,0,0,0,,,,37.891917,-122.282007,"868 Ensenada Ave, Berkeley, California, 94707",98.909999999999997
BERKELEY,Alameda,2020,,056 193800300,910 Bancroft,,B2019-04260,ADU,Renter,0,0,0,0,0,0,0,0,0,0,1,2020-07-13,1,0,0,0,0,0,0,0,0,0,0,1,2020-07-13,1,0,0,0,0,0,0,0,0,0,0,0,,0,0,N,0,0,,,0,,0,0,0,0,0,,,,37.863791,-122.294717,"910 Bancroft Way, Berkeley, California, 94710",98.909999999999997
BERKELEY,Alameda,2020,,064 425102400,94 The Uplands,,B2018-00704,ADU,Renter,0,0,0,0,0,0,0,0,0,0,0,,0,0,0,0,0,0,0,0,0,0,0,0,,0,0,0,0,0,0,0,0,0,0,0,1,2020-11-23,1,0,N,0,0,,,0,,0,0,0,0,0,,,,37.854001,-122.244327,"94 The Uplands, Berkeley, California, 94705",100
BERKELEY,Alameda,2020,,063 296903437,0 Latham,,B2019-05488,SFD,Renter,0,0,0,0,0,0,0,0,0,0,1,2020-09-08,1,0,0,0,0,0,0,0,0,0,0,1,2020-09-08,1,0,0,0,0,0,0,0,0,0,0,0,,0,0,N,0,0,,,0,,0,0,0,0,0,,,,37.894123,-122.258037,"Latham Walk, Berkeley, California, 94708",96.75
BERKELEY,Alameda,2020,,061 255801200,1120 Oxford,,B2018-00512,ADU,Renter,0,0,0,0,0,0,0,0,0,0,1,2020-09-18,1,0,0,0,0,0,0,0,0,0,0,1,2020-09-18,1,0,0,0,0,0,0,0,0,0,0,0,,0,0,N,0,0,,,0,,0,0,0,0,0,,,,37.888231,-122.268390,"1120 Oxford St, Berkeley, California, 94707",98.909999999999997
BERKELEY,Alameda,2020,,060 243501000,1222 Carlotta,,B2019-03270,ADU,Renter,0,0,0,0,0,0,0,0,0,0,1,2020-02-25,1,0,0,0,0,0,0,0,0,0,0,1,2020-02-25,1,0,0,0,0,0,0,0,0,0,0,0,,0,0,N,0,0,,,0,,0,0,0,0,0,,,,37.883846,-122.280435,"1222 Carlotta Ave, Berkeley, California, 94707",98.909999999999997
BERKELEY,Alameda,2020,,054 174000600,1222 Derby,,B2017-02460,ADU,Renter,0,0,0,0,0,0,0,0,0,0,0,,0,0,0,0,0,0,0,0,0,0,0,0,,0,0,0,0,0,0,0,0,0,0,0,1,2020-07-20,1,0,N,0,0,,,0,,0,0,0,0,0,,,,37.857984,-122.285596,"1222 Derby St, Berkeley, California, 94702",98.909999999999997
BERKELEY,Alameda,2020,,056 193400200,1008 Bancroft,,B2019-03999,ADU,Renter,0,0,0,0,0,0,0,0,0,0,1,2020-01-06,1,0,0,0,0,0,0,0,0,0,0,1,2020-01-06,1,0,0,0,0,0,0,0,0,0,0,1,2020-11-13,1,0,N,0,0,,,0,,0,0,0,0,0,,,,37.864220,-122.292504,"1008 Bancroft Way, Berkeley, California, 94710",98.909999999999997
BERKELEY,Alameda,2020,,061 255902000,1015 Mariposa,,B2019-04275,ADU,Renter,0,0,0,0,0,0,0,0,0,0,1,2020-01-23,1,0,0,0,0,0,0,0,0,0,0,1,2020-01-23,1,0,0,0,0,0,0,0,0,0,0,0,,0,0,N,0,0,,,0,,0,0,0,0,0,,,,37.889255,-122.270360,"1015 Mariposa Ave, Berkeley, California, 94707",98.909999999999997
BERKELEY,Alameda,2020,,061 255602400,1191 Spruce,,B2015-02031,ADU,Renter,0,0,0,0,0,0,0,0,0,0,0,,0,0,0,0,0,0,0,0,0,0,0,0,,0,0,0,0,0,0,0,0,0,0,0,1,2020-06-25,1,0,N,0,0,,,0,,0,0,0,0,0,,,,37.886365,-122.266576,"1191 Spruce St, Berkeley, California, 94707",98.909999999999997
BERKELEY,Alameda,2020,,054 178701000,1209 Derby,,B2020-01244,ADU,Renter,0,0,0,0,0,0,0,0,0,0,1,2020-07-08,1,0,0,0,0,0,0,0,0,0,0,1,2020-07-08,1,0,0,0,0,0,0,0,0,0,0,0,,0,0,N,0,0,,,0,,0,0,0,0,0,,,,37.857961,-122.286171,"1209 Derby St, Berkeley, California, 94702",98.909999999999997
BERKELEY,Alameda,2020,,060 242901800,1280 Monterey,,B2018-04710,ADU,Renter,0,0,0,0,0,0,0,0,0,0,0,,0,0,0,0,0,0,0,0,0,0,0,1,2020-07-08,1,0,0,0,0,0,0,0,0,0,0,0,,0,0,N,0,0,,,0,,0,0,0,0,0,,,,37.882695,-122.282094,"1280 Monterey Ave, Berkeley, California, 94707",98.909999999999997
BERKELEY,Alameda,2020,,054 173901700,1307 Ward,,B2020-01020,ADU,Renter,0,0,0,0,0,0,0,0,0,0,1,2020-07-09,1,0,0,0,0,0,0,0,0,0,0,1,2020-07-09,1,0,0,0,0,0,0,0,0,0,0,0,,0,0,N,0,0,,,0,,0,0,0,0,0,,,,37.857392,-122.284221,"1307 Ward St, Berkeley, California, 94702",98.909999999999997
BERKELEY,Alameda,2020,,054 179200800,1333 Derby,,B2020-01247,ADU,Renter,0,0,0,0,0,0,0,0,0,0,1,2020-10-21,1,0,0,0,0,0,0,0,0,0,0,1,2020-10-21,1,0,0,0,0,0,0,0,0,0,0,0,,0,0,N,0,0,,,0,,0,0,0,0,0,,,,37.858350,-122.283231,"1333 Derby St, Berkeley, California, 94702",98.909999999999997
BERKELEY,Alameda,2020,,054 179002500,1334 Blake,,B2019-04237,ADU,Renter,0,0,0,0,0,0,0,0,0,0,1,2020-10-22,1,0,0,0,0,0,0,0,0,0,0,1,2020-10-22,1,0,0,0,0,0,0,0,0,0,0,0,,0,0,N,0,0,,,0,,0,0,0,0,0,,,,37.860937,-122.283758,"1334 Blake St, Berkeley, California, 94702",98.909999999999997
BERKELEY,Alameda,2020,,052 151902200,1412 Harmon,,B2019-04142,ADU,Renter,0,0,0,0,0,0,0,0,0,0,1,2020-11-10,1,0,0,0,0,0,0,0,0,0,0,1,2020-11-10,1,0,0,0,0,0,0,0,0,0,0,0,,0,0,N,0,0,,,0,,0,0,0,0,0,,,,37.848635,-122.279159,"1412 Harmon St, Berkeley, California, 94702",98.909999999999997
BERKELEY,Alameda,2020,,060 247801300,1448 Campus,,B2019-03338,SFD,Owner,0,0,0,0,0,0,0,0,0,0,1,2020-06-22,1,0,0,0,0,0,0,0,0,0,0,1,2020-08-21,1,0,0,0,0,0,0,0,0,0,0,0,,0,0,N,0,0,,,0,,0,0,0,0,0,,,,37.882955,-122.252792,"1448 Campus Dr, Berkeley, California, 94708",98.909999999999997
BERKELEY,Alameda,2020,,053 161201700,1507 Tyler,,B2019-00401,ADU,Renter,0,0,0,0,0,0,0,0,0,0,0,,0,0,0,0,0,0,0,0,0,0,0,0,,0,0,0,0,0,0,0,0,0,0,0,1,2020-10-08,1,0,N,0,0,,,0,,0,0,0,0,0,,,,37.852456,-122.278519,"1507 Tyler St, Berkeley, California, 94703",98.909999999999997
BERKELEY,Alameda,2020,,057 206802100,1510 Hearst,,B2018-01311,SFA,Owner,0,0,0,0,0,0,0,0,0,0,0,,0,0,0,0,0,0,0,0,0,0,0,1,2020-02-21,1,0,0,0,0,0,0,0,0,0,0,0,,0,0,N,0,0,,,0,,0,0,0,0,0,,,,37.872195,-122.281565,"1510 Hearst Ave, Berkeley, California, 94703",98.909999999999997
BERKELEY,Alameda,2020,,058 212000600,1628 Seventh,,B2019-05208,ADU,Renter,0,0,0,0,0,0,0,0,0,0,1,2020-05-07,1,0,0,0,0,0,0,0,0,0,0,1,2020-05-07,1,0,0,0,0,0,0,0,0,0,0,0,,0,0,N,0,0,,,0,,0,0,0,0,0,,,,37.873765,-122.298457,"1628 7th St, Berkeley, California, 94710",98.909999999999997
BERKELEY,Alameda,2020,,060 246201800,1311 Spruce,,B2017-04092,ADU,Renter,0,0,0,0,0,0,0,0,0,0,0,,0,0,0,0,0,0,0,0,0,0,0,0,,0,0,0,0,0,0,0,0,0,0,0,1,2020-07-20,1,0,N,0,0,,,0,,0,0,0,0,0,,,,37.883543,-122.266244,"1311 Spruce St, Berkeley, California, 94709",98.909999999999997
BERKELEY,Alameda,2020,,060 244504500,1327 Carlotta,,B2019-00017,ADU,Renter,0,0,0,0,0,0,0,0,0,0,1,2020-01-28,1,0,0,0,0,0,0,0,0,0,0,1,2020-01-28,1,0,0,0,0,0,0,0,0,0,0,0,,0,0,N,0,0,,,0,,0,0,0,0,0,,,,37.881691,-122.279444,"1327 Carlotta Ave, Berkeley, California, 94703",98.909999999999997
BERKELEY,Alameda,2020,,060 247801400,1442 Campus,,B2019-02404,ADU,Renter,0,0,0,0,0,0,0,0,0,0,1,2020-08-21,1,0,0,0,0,0,0,0,0,0,0,1,2020-08-21,1,0,0,0,0,0,0,0,0,0,0,0,,0,0,N,0,0,,,0,,0,0,0,0,0,,,,37.883072,-122.252759,"1442 Campus Dr, Berkeley, California, 94708",98.909999999999997
BERKELEY,Alameda,2020,,060 249201704,1531 Summit,,ZP2019-0193,SFD,Owner,0,0,0,0,0,0,0,0,0,0,1,2020-09-28,1,0,0,0,0,0,0,0,0,0,0,0,,0,0,0,0,0,0,0,0,0,0,0,0,,0,0,N,0,0,,,0,,0,0,0,0,0,,,,37.882078,-122.247036,"1531 Summit Rd, Berkeley, California, 94708",98.909999999999997
BERKELEY,Alameda,2020,,058 215701200,1615 Francisco,,B2019-04236,ADU,Renter,0,0,0,0,0,0,0,0,0,0,0,,0,0,0,0,0,0,0,0,0,0,0,0,,0,0,0,0,0,0,0,0,0,0,0,1,2020-05-04,1,0,N,0,0,,,0,,0,0,0,0,0,,,,37.874376,-122.279479,"1615 Francisco St, Berkeley, California, 94703",98.909999999999997
BERKELEY,Alameda,2020,,057 206602700,1620 Delaware,,B2020-01519,ADU,Renter,0,0,0,0,0,0,0,0,0,0,1,2020-10-14,1,0,0,0,0,0,0,0,0,0,0,1,2020-10-14,1,0,0,0,0,0,0,0,0,0,0,0,,0,0,N,0,0,,,0,,0,0,0,0,0,,,,37.873445,-122.279049,"1620 Delaware St, Berkeley, California, 94703",98.909999999999997
BERKELEY,Alameda,2020,,054 180602300,1620 Dwight,,B2019-03683,ADU,Renter,0,0,0,0,0,0,0,0,0,0,1,2020-06-30,1,0,0,0,0,0,0,0,0,0,0,1,2020-06-30,1,0,0,0,0,0,0,0,0,0,0,0,,0,0,N,0,0,,,0,,0,0,0,0,0,,,,37.862577,-122.277899,"1620 Dwight Way, Berkeley, California, 94703",98.909999999999997
BERKELEY,Alameda,2020,,058 217001700,1711 M L King Jr,,B2019-03245,5+,Renter,0,0,0,0,0,0,0,0,0,0,0,,0,0,0,0,0,0,0,0,0,0,0,1,2020-12-15,1,0,0,0,0,0,0,0,0,0,0,0,,0,0,N,0,0,,,0,,0,0,0,0,0,,,,37.875515,-122.273433,"1711 Martin Luther King Jr Way, Berkeley, California, 94709",98.909999999999997
BERKELEY,Alameda,2020,,058 215903300,1730 Francisco,,B2018-05070,ADU,Renter,0,0,0,0,0,0,0,0,0,0,0,,0,0,0,0,0,0,0,0,0,0,0,1,2020-01-31,1,0,0,0,0,0,0,0,0,0,0,0,,0,0,N,0,0,,,0,,0,0,0,0,0,,,,37.874703,-122.276537,"1730 Francisco St, Berkeley, California, 94703",98.909999999999997
BERKELEY,Alameda,2020,,055 190502100,1731 Channing,,B2019-00717,ADU,Renter,0,0,0,0,0,0,0,0,0,0,1,2020-01-27,1,0,0,0,0,0,0,0,0,0,0,1,2020-07-20,1,0,0,0,0,0,0,0,0,0,0,0,,0,0,N,0,0,,,0,,0,0,0,0,0,,,,37.864821,-122.275252,"1731 Channing Way, Berkeley, California, 94703",98.909999999999997
BERKELEY,Alameda,2020,,058 216702200,1814 Virginia,,B2020-01259,ADU,Renter,0,0,0,0,0,0,0,0,0,0,1,2020-08-25,1,0,0,0,0,0,0,0,0,0,0,1,2020-08-25,1,0,0,0,0,0,0,0,0,0,0,0,,0,0,N,0,0,,,0,,0,0,0,0,0,,,,37.875785,-122.275190,"1814 Virginia St, Berkeley, California, 94703",98.909999999999997
BERKELEY,Alameda,2020,,057 206001600,1828 Berkeley,,B2016-04789,ADU,Renter,0,0,0,0,0,0,0,0,0,0,0,,0,0,0,0,0,0,0,0,0,0,0,0,,0,0,0,0,0,0,0,0,0,0,0,1,2020-07-02,1,0,N,0,0,,,0,,0,0,0,0,0,,,,37.872316,-122.274038,"1828 Berkeley Way, Berkeley, California, 94703",98.909999999999997
BERKELEY,Alameda,2020,,062 289903000,1884 Thousand Oaks,,B2019-01573,ADU,Renter,0,0,0,0,0,0,0,0,0,0,1,2020-05-28,1,0,0,0,0,0,0,0,0,0,0,1,2020-05-28,1,0,0,0,0,0,0,0,0,0,0,0,,0,0,N,0,0,,,0,,0,0,0,0,0,,,,37.897165,-122.279050,"1884 Thousand Oaks Blvd, Berkeley, California, 94707",98.909999999999997
BERKELEY,Alameda,2020,,053 168001100,1919 Oregon,,ZP2019-0029,2 to 4,Renter,0,0,0,0,0,0,0,0,0,0,2,2020-03-17,2,0,0,0,0,0,0,0,0,0,0,0,,0,0,0,0,0,0,0,0,0,0,0,0,,0,0,N,0,0,,,0,,0,0,0,0,0,,,,37.857188,-122.270407,"1919 Oregon St, Berkeley, California, 94703",98.909999999999997
BERKELEY,Alameda,2020,,057 208901601,1921 Ninth,,B2019-05503,SFD,Owner,0,0,0,0,0,0,0,0,0,0,0,,0,0,0,0,0,0,0,0,0,0,0,1,2020-12-02,1,0,0,0,0,0,0,0,0,0,0,0,,0,0,N,0,0,,,0,,0,0,0,0,0,,,,37.869207,-122.294517,"1921 Ninth St, Berkeley, California, 94710",98.909999999999997
BERKELEY,Alameda,2020,,056 199804700,2215 Acton,,B2019-02162,ADU,Renter,0,0,0,0,0,0,0,0,0,0,0,,0,0,0,0,0,0,0,0,0,0,0,0,,0,0,0,0,0,0,0,0,0,0,0,1,2020-08-14,1,0,N,0,0,,,0,,0,0,0,0,0,,,,37.866446,-122.283835,"2215 Acton St, Berkeley, California, 94702",98.909999999999997
BERKELEY,Alameda,2020,,052 156406900,2870 Webster,,B2019-05406,ADU,Renter,0,0,0,0,0,0,0,0,0,0,1,2020-02-13,1,0,0,0,0,0,0,0,0,0,0,1,2020-02-13,1,0,0,0,0,0,0,0,0,0,0,0,,0,0,N,0,0,,,0,,0,0,0,0,0,,,,37.856078,-122.247518,"2870 Webster St, Berkeley, California, 94705",98.909999999999997
BERKELEY,Alameda,2020,,052 156504000,2909 Pine,,B2017-01537,ADU,Renter,0,0,0,0,0,0,0,0,0,0,1,2020-02-28,1,0,0,0,0,0,0,0,0,0,0,1,2020-02-28,1,0,0,0,0,0,0,0,0,0,0,1,2020-07-16,1,0,N,0,0,,,0,,0,0,0,0,0,,,,37.858265,-122.248425,"2909 Pine Ave, Berkeley, California, 94705",98.909999999999997
BERKELEY,Alameda,2020,,053 160802300,2959 California,,B2019-01859,ADU,Renter,0,0,0,0,0,0,0,0,0,0,0,,0,0,0,0,0,0,0,0,0,0,0,0,,0,0,0,0,0,0,0,0,0,0,0,1,2020-03-12,1,0,N,0,0,,,0,,0,0,0,0,0,,,,37.854012,-122.276990,"2959 California St, Berkeley, California, 94703",98.909999999999997
BERKELEY,Alameda,2020,,052 156312600,3129 Lewiston,,B2019-05564,ADU,Renter,0,0,0,0,0,0,0,0,0,0,1,2020-07-30,1,0,0,0,0,0,0,0,0,0,0,1,2020-07-30,1,0,0,0,0,0,0,0,0,0,0,0,,0,0,N,0,0,,,0,,0,0,0,0,0,,,,37.852871,-122.251562,"3129 Lewiston Ave, Berkeley, California, 94705",98.909999999999997
BERKELEY,Alameda,2020,,058 212100300,908 Cedar,,B2017-02402,SFD,Owner,0,0,0,0,0,0,0,0,0,0,0,,0,0,0,0,0,0,0,0,0,0,0,0,,0,0,0,0,0,0,0,0,0,0,0,1,2020-05-11,1,0,N,0,0,,,0,,0,0,0,0,0,,,,37.874390,-122.298081,"908 Cedar St, Berkeley, California, 94710",98.909999999999997
BERKELEY,Alameda,2020,,058 212100300,908 Cedar,,B2017-02403,SFD,Owner,0,0,0,0,0,0,0,0,0,0,0,,0,0,0,0,0,0,0,0,0,0,0,0,,0,0,0,0,0,0,0,0,0,0,0,1,2020-05-04,1,0,N,0,0,,,0,,0,0,0,0,0,,,,37.874390,-122.298081,"908 Cedar St, Berkeley, California, 94710",98.909999999999997
BERKELEY,Alameda,2020,,057 201602101,1812 University,,B2019-05321,5+,Renter,0,0,0,0,0,0,0,0,0,0,0,,0,0,0,0,0,0,0,0,0,0,0,2,2020-05-22,2,0,0,0,0,0,0,0,0,0,0,0,,0,0,N,0,0,,,0,,0,0,0,0,0,,,,37.871258,-122.274658,"1812 University Ave, Berkeley, California, 94703",98.909999999999997
BERKELEY,Alameda,2020,,061 257400200,1991 Marin,,B2019-02858,ADU,Renter,0,0,0,0,0,0,0,0,0,0,0,,0,0,0,0,0,0,0,0,0,0,0,0,,0,0,0,0,0,0,0,0,0,0,0,1,2020-11-18,1,0,N,0,0,,,0,,0,0,0,0,0,,,,37.889897,-122.272924,"1991 Marin Ave, Berkeley, California, 94707",98.909999999999997
BERKELEY,Alameda,2020,,57205302201,2012 Berkeley Way,,B2019-03862,5+,Renter,0,0,0,0,53,0,88,0,0,0,1,2020-07-06,142,0,0,0,0,53,0,88,0,0,0,1,2020-07-06,142,0,0,0,0,0,0,0,0,0,0,0,,0,0,Y,0,0,,DB,0,,0,0,0,0,0,,,SB 35,37.872711,-122.270125,"2012 Berkeley Way, Berkeley, California, 94704",100
BERKELEY,Alameda,2020,,057 202900204,2150-76 Kittredge,,ZP2019-0027,5+,Renter,0,0,0,0,0,0,0,0,0,0,165,2020-04-29,165,0,0,0,0,0,0,0,0,0,0,0,,0,0,0,0,0,0,0,0,0,0,0,0,,0,0,N,0,0,,,0,,0,0,0,0,0,,,,37.868437,-122.268321,"Kittredge St, Berkeley, California, 94704",89.719999999999999
BERKELEY,Alameda,2020,,056 196901600,2236 Eighth,,B2020-01864,ADU,Renter,0,0,0,0,0,0,0,0,0,0,1,2020-09-23,1,0,0,0,0,0,0,0,0,0,0,1,2020-09-23,1,0,0,0,0,0,0,0,0,0,0,0,,0,0,N,0,0,,,0,,0,0,0,0,0,,,,37.864372,-122.294260,"2236 8th St, Berkeley, California, 94710",98.909999999999997
BERKELEY,Alameda,2020,,064 423101200,24 Vicente,,B2018-00868,ADU,Renter,0,0,0,0,0,0,0,0,0,0,0,,0,0,0,0,0,0,0,0,0,0,0,0,,0,0,0,0,0,0,0,0,0,0,0,1,2020-08-13,1,0,N,0,0,,,0,,0,0,0,0,0,,,,37.854098,-122.234950,"24 Vicente Rd, Berkeley, California, 94705",98.909999999999997
BERKELEY,Alameda,2020,,056 193202300,2407 Tenth,,B2020-01988,ADU,Renter,0,0,0,0,0,0,0,0,0,0,0,,0,0,0,0,0,0,0,0,0,0,0,1,2020-11-24,1,0,0,0,0,0,0,0,0,0,0,0,,0,0,N,0,0,,,0,,0,0,0,0,0,,,,37.862318,-122.291158,"2407 10th St, Berkeley, California, 94710",98.909999999999997
BERKELEY,Alameda,2020,,056 194401100,2422 Fifth,,B2020-02038,2 to 4,Renter,0,0,0,0,0,0,0,0,0,0,2,2020-02-25,2,0,0,0,0,0,0,0,0,0,0,2,2020-12-03,2,0,0,0,0,0,0,0,0,0,0,0,,0,0,N,0,0,,,0,,0,0,0,0,0,,,,37.860650,-122.296568,"2422 5th St, Berkeley, California, 94710",98.909999999999997
BERKELEY,Alameda,2020,,055 184200200,2524 Dwight,,B2018-03160,2 to 4,Renter,0,0,0,0,0,0,0,0,0,0,0,,0,0,0,0,0,0,0,0,0,0,0,0,,0,0,0,0,0,0,0,0,0,0,0,1,2020-10-06,1,0,N,0,0,,,0,,0,0,0,0,0,,,,37.865226,-122.257408,"2524 Dwight Way, Berkeley, California, 94704",98.909999999999997
BERKELEY,Alameda,2020,,052 157403300,3021 Dana,,B2019-02673,5+,Renter,0,0,0,0,0,0,0,0,0,0,0,,0,0,0,0,0,0,0,0,0,0,0,0,,0,0,0,0,0,0,0,0,0,0,0,1,2020-10-07,1,0,N,0,0,,,0,,0,0,0,0,0,,,,37.854469,-122.258580,"3021 Dana St, Berkeley, California, 94705",98.909999999999997
BERKELEY,Alameda,2020,,062 286902500,773 Neilson,,B2020-01576,ADU,Renter,0,0,0,0,0,0,0,0,0,0,1,2020-08-18,1,0,0,0,0,0,0,0,0,0,0,1,2020-08-18,1,0,0,0,0,0,0,0,0,0,0,0,,0,0,N,0,0,,,0,,0,0,0,0,0,,,,37.893364,-122.286462,"773 Neilson St, Berkeley, California, 94707",98.909999999999997
BERKELEY,Alameda,2020,,058 212100400,912 Cedar,,B2017-05297,SFD,Owner,0,0,0,0,0,0,0,0,0,0,0,,0,0,0,0,0,0,0,0,0,0,0,0,,0,0,0,0,0,0,0,0,0,0,0,1,2020-05-06,1,0,N,0,0,,,0,,0,0,0,0,0,,,,37.874413,-122.297963,"912 Cedar St, Berkeley, California, 94710",98.909999999999997
BERKELEY,Alameda,2020,,061 255901500,1039 Mariposa,,B2019-05173,ADU,Renter,0,0,0,0,0,0,0,0,0,0,1,2020-06-24,1,0,0,0,0,0,0,0,0,0,0,1,2020-06-24,1,0,0,0,0,0,0,0,0,0,0,0,,0,0,N,0,0,,,0,,0,0,0,0,0,,,,37.888622,-122.270743,"1039 Mariposa Ave, Berkeley, California, 94707",98.909999999999997
BERKELEY,Alameda,2020,,061 260900700,1112 Fresno,,B2020-02014,ADU,Renter,0,0,0,0,0,0,0,0,0,0,1,2020-10-27,1,0,0,0,0,0,0,0,0,0,0,1,2020-10-27,1,0,0,0,0,0,0,0,0,0,0,0,,0,0,N,0,0,,,0,,0,0,0,0,0,,,,37.886892,-122.277257,"1112 Fresno Ave, Berkeley, California, 94707",98.909999999999997
BERKELEY,Alameda,2020,,063 315005900,1118 Park Hills,,B2019-01052,ADU,Renter,0,0,0,0,0,0,0,0,0,0,0,,0,0,0,0,0,0,0,0,0,0,0,0,,0,0,0,0,0,0,0,0,0,0,0,1,2020-03-03,1,0,N,0,0,,,0,,0,0,0,0,0,,,,37.891807,-122.253186,"1118 Park Hills Rd, Berkeley, California, 94708",98.909999999999997
BERKELEY,Alameda,2020,,061 256200700,1132 Amador,,B2020-00059,ADU,Renter,0,0,0,0,0,0,0,0,0,0,1,2020-04-09,1,0,0,0,0,0,0,0,0,0,0,1,2020-04-09,1,0,0,0,0,0,0,0,0,0,0,0,,0,0,N,0,0,,,0,,0,0,0,0,0,,,,37.886939,-122.271466,"1132 Amador Ave, Berkeley, California, 94707",98.909999999999997
BERKELEY,Alameda,2020,,054 178500500,1133 Carleton,,B2017-02775,ADU,Renter,0,0,0,0,0,0,0,0,0,0,0,,0,0,0,0,0,0,0,0,0,0,0,0,,0,0,0,0,0,0,0,0,0,0,0,1,2020-09-29,1,0,N,0,0,,,0,,0,0,0,0,0,,,,37.858734,-122.287243,"1133 Carleton St, Berkeley, California, 94702",98.909999999999997
BERKELEY,Alameda,2020,,060 235400200,1200 San Pablo,,ZP2019-0192,5+,Renter,0,0,0,0,9,0,0,0,0,0,95,2020-12-08,104,0,0,0,0,0,0,0,0,0,0,0,,0,0,0,0,0,0,0,0,0,0,0,0,,0,0,N,0,0,,DB,0,,0,0,0,0,0,,,,37.850485,-122.286021,"1200 San Pablo Ave, Berkeley, California, 94702",98.909999999999997
BERKELEY,Alameda,2020,,056 192401900,1237 Channing,,B2018-05107,ADU,Renter,0,0,0,0,0,0,0,0,0,0,0,,0,0,0,0,0,0,0,0,0,0,0,0,,0,0,0,0,0,0,0,0,0,0,0,1,2020-03-12,1,0,N,0,0,,,0,,0,0,0,0,0,,,,37.863369,-122.286476,"1237 Channing Way, Berkeley, California, 94702",98.909999999999997
BERKELEY,Alameda,2020,,054 178301300,1315 Blake,,B2020-01422,ADU,Renter,0,0,0,0,0,0,0,0,0,0,1,2020-07-21,1,0,0,0,0,0,0,0,0,0,0,1,2020-07-21,1,0,0,0,0,0,0,0,0,0,0,0,,0,0,N,0,0,,,0,,0,0,0,0,0,,,,37.860876,-122.284687,"1315 Blake St, Berkeley, California, 94702",98.909999999999997
BERKELEY,Alameda,2020,,057 203400800,1367 University,,ZP2019-0173,5+,Renter,0,0,0,0,5,0,0,0,0,0,34,2020-07-31,39,0,0,0,0,0,0,0,0,0,0,0,,0,0,0,0,0,0,0,0,0,0,0,0,,0,0,N,0,0,,DB,0,,0,0,0,0,0,,,Group Living Accommodations that has separate kitchen/ sanitary facilities within each unit.,37.870079,-122.285164,"1367 University Ave, Berkeley, California, 94702",98.909999999999997
BERKELEY,Alameda,2020,,054 179501500,1403 Parker,,B2020-01300,ADU,Renter,0,0,0,0,0,0,0,0,0,0,1,2020-09-17,1,0,0,0,0,0,0,0,0,0,0,1,2020-09-17,1,0,0,0,0,0,0,0,0,0,0,0,,0,0,N,0,0,,,0,,0,0,0,0,0,,,,37.860234,-122.282586,"1403 Parker St, Berkeley, California, 94702",98.909999999999997
BERKELEY,Alameda,2020,,059 224902301,1410 Hawthorne,,B2018-05114,ADU,Renter,0,0,0,0,0,0,0,0,0,0,0,,0,0,0,0,0,0,0,0,0,0,0,0,,0,0,0,0,0,0,0,0,0,0,0,1,2020-05-29,1,0,N,0,0,,,0,,0,0,0,0,0,,,,37.882403,-122.262611,"1410 Hawthorne Ter, Berkeley, California, 94708",98.909999999999997
BERKELEY,Alameda,2020,,060 239801300,1423 Stannage,,B2020-00799,ADU,Renter,0,0,0,0,0,0,0,0,0,0,1,2020-06-22,1,0,0,0,0,0,0,0,0,0,0,1,2020-06-22,1,0,0,0,0,0,0,0,0,0,0,0,,0,0,N,0,0,,,0,,0,0,0,0,0,,,,37.878226,-122.293180,"1423 Stannage Ave, Berkeley, California, 94702",98.909999999999997
BERKELEY,Alameda,2020,,059 233202100,1427 Tenth,,B2020-01219,ADU,Renter,0,0,0,0,0,0,0,0,0,0,1,2020-07-06,1,0,0,0,0,0,0,0,0,0,0,1,2020-07-06,1,0,0,0,0,0,0,0,0,0,0,1,2020-11-25,1,0,N,0,0,,,0,,0,0,0,0,0,,,,37.877650,-122.296108,"1427 10th St, Berkeley, California, 94710",98.909999999999997
BERKELEY,Alameda,2020,,054 180202000,1516 Carleton,,B2020-01041,SFD,Owner,0,0,0,0,0,0,0,0,0,0,1,2020-02-05,1,0,0,0,0,0,0,0,0,0,0,1,2020-09-22,1,0,0,0,0,0,0,0,0,0,0,0,,0,0,N,0,0,,,0,,0,0,0,0,0,,,,37.859670,-122.279622,"1516 Carleton St, Berkeley, California, 94703",98.909999999999997
BERKELEY,Alameda,2020,,054 179702401,1536 Dwight,,B2020-00794,ADU,Renter,0,0,0,0,0,0,0,0,0,0,1,2020-07-22,1,0,0,0,0,0,0,0,0,0,0,1,2020-07-22,1,0,0,0,0,0,0,0,0,0,0,0,,0,0,N,0,0,,,0,,0,0,0,0,0,,,,37.862372,-122.279487,"1536 Dwight Way, Berkeley, California, 94703",98.909999999999997
BERKELEY,Alameda,2020,,058 212100700,1608 Eighth,,B2016-05739,ADU,Renter,0,0,0,0,0,0,0,0,0,0,0,,0,0,0,0,0,0,0,0,0,0,0,0,,0,0,0,0,0,0,0,0,0,0,0,1,2020-11-20,1,0,N,0,0,,,0,,0,0,0,0,0,,,,37.874101,-122.297370,"1608 8th St, Berkeley, California, 94710",98.909999999999997
BERKELEY,Alameda,2020,,061 261502300,1712 Marin,,B2020-00688,ADU,Renter,0,0,0,0,0,0,0,0,0,0,1,2020-09-21,1,0,0,0,0,0,0,0,0,0,0,1,2020-09-21,1,0,0,0,0,0,0,0,0,0,0,1,2020-10-14,1,0,N,0,0,,,0,,0,0,0,0,0,,,,37.889758,-122.280989,"1712 Marin Ave, Berkeley, California, 94707",98.909999999999997
BERKELEY,Alameda,2020,,058 212301900,1729 Eighth,,B2019-01366,ADU,Renter,0,0,0,0,0,0,0,0,0,0,1,2020-11-02,1,0,0,0,0,0,0,0,0,0,0,1,2020-11-02,1,0,0,0,0,0,0,0,0,0,0,0,,0,0,N,0,0,,,0,,0,0,0,0,0,,,,37.871548,-122.296519,"1729 8th St, Berkeley, California, 94710",98.909999999999997
BERKELEY,Alameda,2020,,060 243700800,1732 Beverly,,B2018-03582,ADU,Renter,0,0,0,0,0,0,0,0,0,0,0,,0,0,0,0,0,0,0,0,0,0,0,0,,0,0,0,0,0,0,0,0,0,0,0,1,2020-01-16,1,0,N,0,0,,,0,,0,0,0,0,0,,,,37.884667,-122.277167,"1732 Beverly Pl, Berkeley, California, 94707",98.909999999999997
BERKELEY,Alameda,2020,,062 288600700,1767 Tacoma,,B2018-03002,ADU,Renter,0,0,0,0,0,0,0,0,0,0,0,,0,0,0,0,0,0,0,0,0,0,0,0,,0,0,0,0,0,0,0,0,0,0,0,1,2020-09-08,1,0,N,0,0,,,0,,0,0,0,0,0,,,,37.892872,-122.281198,"1767 Tacoma Ave, Berkeley, California, 94707",98.909999999999997
BERKELEY,Alameda,2020,,057 206300700,1839 Berkeley,,B2020-02131,ADU,Renter,0,0,0,0,0,0,0,0,0,0,1,2020-10-07,1,0,0,0,0,0,0,0,0,0,0,1,2020-10-07,1,0,0,0,0,0,0,0,0,0,0,0,,0,0,N,0,0,,,0,,0,0,0,0,0,,,,37.872425,-122.273635,"1839 Berkeley Way, Berkeley, California, 94703",98.909999999999997
BERKELEY,Alameda,2020,,062 292002800,1963 Yosemite,,B2019-04743,ADU,Renter,0,0,0,0,0,0,0,0,0,0,1,2020-07-24,1,0,0,0,0,0,0,0,0,0,0,1,2020-07-24,1,0,0,0,0,0,0,0,0,0,0,0,,0,0,N,0,0,,,0,,0,0,0,0,0,,,,37.895790,-122.276422,"1963 Yosemite Rd, Berkeley, California, 94707",98.909999999999997
BERKELEY,Alameda,2020,,057 202302500,2072 Addison,,B2018-04293,5+,Renter,0,0,0,0,0,0,0,0,0,0,0,,0,0,0,0,0,0,0,0,0,0,0,66,2020-01-29,66,0,0,0,0,0,0,0,0,0,0,0,,0,0,N,0,0,,,0,,0,0,0,0,0,,,,37.871058,-122.268916,"2072 Addison St, Berkeley, California, 94704",98.909999999999997
BERKELEY,Alameda,2020,,055 191403600,2312 Spaulding,,B2019-00959,ADU,Renter,0,0,0,0,0,0,0,0,0,0,0,,0,0,0,0,0,0,0,0,0,0,0,0,,0,0,0,0,0,0,0,0,0,0,0,1,2020-12-10,1,0,N,0,0,,,0,,0,0,0,0,0,,,,37.865428,-122.280426,"2312 Spaulding Ave, Berkeley, California, 94703",98.909999999999997
BERKELEY,Alameda,2020,,055 188600300,2314 Ellsworth,,B2018-02534,ADU,Renter,0,0,0,0,0,0,0,0,0,0,1,2020-10-08,1,0,0,0,0,0,0,0,0,0,0,1,2020-10-08,1,0,0,0,0,0,0,0,0,0,0,0,,0,0,N,0,0,,,0,,0,0,0,0,0,,,,37.867570,-122.263637,"2314 Ellsworth St, Berkeley, California, 94704",98.909999999999997
BERKELEY,Alameda,2020,,055 187602200,2511 Channing,,ZP2019-0156,SFA,Renter,0,0,0,0,0,0,0,0,0,0,1,2020-07-31,1,0,0,0,0,0,0,0,0,0,0,0,,0,0,0,0,0,0,0,0,0,0,0,0,,0,0,N,0,0,,,0,,0,0,0,0,0,,,,37.867009,-122.258321,"2511 Channing Way, Berkeley, California, 94704",98.909999999999997
BERKELEY,Alameda,2020,,055 183700100,2556 Telegraph,,B2018-05067,5+,Renter,0,0,0,0,0,0,0,0,0,0,0,,0,0,0,0,0,0,0,0,0,0,0,24,2020-11-18,24,0,0,0,0,0,0,0,0,0,0,0,,0,0,N,0,0,,,0,,0,0,0,0,0,,,,37.863885,-122.258703,"2556 Telegraph Ave, Berkeley, California, 94704",98.909999999999997
BERKELEY,Alameda,2020,,054 174203101,2747 San Pablo,,B2016-03011,5+,Renter,0,0,0,0,0,0,0,0,0,0,0,,0,0,0,0,0,0,0,0,0,0,0,0,,0,0,0,0,0,6,0,0,0,0,0,35,2020-07-01,41,0,N,0,0,,INC,0,,0,0,0,0,0,,,,37.855942,-122.287802,"2747 San Pablo Ave, Berkeley, California, 94702",98.909999999999997
BERKELEY,Alameda,2020,,053 166900400,2832 Stanton,,B2018-05064,ADU,Renter,0,0,0,0,0,0,0,0,0,0,0,,0,0,0,0,0,0,0,0,0,0,0,0,,0,0,0,0,0,0,0,0,0,0,0,1,2020-02-21,1,0,N,0,0,,,0,,0,0,0,0,0,,,,37.855622,-122.280386,"2832 Stanton St, Berkeley, California, 94702",98.909999999999997
BERKELEY,Alameda,2020,,053 158802000,2911 Lorina,,B2020-02547,ADU,Renter,0,0,0,0,0,0,0,0,0,0,1,2020-12-14,1,0,0,0,0,0,0,0,0,0,0,1,2020-12-14,1,0,0,0,0,0,0,0,0,0,0,0,,0,0,N,0,0,,,0,,0,0,0,0,0,,,,37.856410,-122.265646,"2911 Lorina St, Berkeley, California, 94705",98.909999999999997
BERKELEY,Alameda,2020,,053 159802700,2921 Otis,,B2019-02062,ADU,Renter,0,0,0,0,0,0,0,0,0,0,0,,0,0,0,0,0,0,0,0,0,0,0,1,2020-03-18,1,0,0,0,0,0,0,0,0,0,0,0,,0,0,N,0,0,,,0,,0,0,0,0,0,,,,37.855577,-122.270106,"2921 Otis St, Berkeley, California, 94703",98.909999999999997
BERKELEY,Alameda,2020,,063 298302500,2949 Shasta,,B2020-01774,ADU,Renter,0,0,0,0,0,0,0,0,0,0,1,2020-09-23,1,0,0,0,0,0,0,0,0,0,0,1,2020-09-23,1,0,0,0,0,0,0,0,0,0,0,0,,0,0,N,0,0,,,0,,0,0,0,0,0,,,,37.888474,-122.252748,"2949 Shasta Rd, Berkeley, California, 94708",98.909999999999997
BERKELEY,Alameda,2020,,053 162500600,3034 Acton,,B2019-00978,ADU,Renter,0,0,0,0,0,0,0,0,0,0,0,,0,0,0,0,0,0,0,0,0,0,0,0,,0,0,0,0,0,0,0,0,0,0,0,1,2020-02-20,1,0,N,0,0,,,0,,0,0,0,0,0,,,,37.851823,-122.281112,"3034 Acton St, Berkeley, California, 94702",98.909999999999997
BERKELEY,Alameda,2020,,052 156307200,3130 Lewiston,,B2020-02258,ADU,Renter,0,0,0,0,0,0,0,0,0,0,1,2020-10-26,1,0,0,0,0,0,0,0,0,0,0,1,2020-10-26,1,0,0,0,0,0,0,0,0,0,0,0,,0,0,N,0,0,,,0,,0,0,0,0,0,,,,37.852877,-122.251617,"3130 Lewiston Ave, Berkeley, California, 94705",98.909999999999997
BERKELEY,Alameda,2020,,052 143400300,3411 Adeline,,B2020-02735,ADU,Renter,0,0,0,0,0,0,0,0,0,0,1,2020-12-16,1,0,0,0,0,0,0,0,0,0,0,1,2020-12-16,1,0,0,0,0,0,0,0,0,0,0,0,,0,0,N,0,0,,,0,,0,0,0,0,0,,,,37.846496,-122.272334,"3411 Adeline St, Berkeley, California, 94703",98.909999999999997
BERKELEY,Alameda,2020,,064 424202500,65 Domingo,,B2019-00584,ADU,Renter,0,0,0,0,0,0,0,0,0,0,0,,0,0,0,0,0,0,0,0,0,0,0,0,,0,0,0,0,0,0,0,0,0,0,0,1,2020-01-09,1,0,N,0,0,,,0,,0,0,0,0,0,,,,37.855614,-122.243614,"65 Domingo Ave, Berkeley, California, 94705",98.909999999999997
BERKELEY,Alameda,2019,,055 182901000,0 Parker,,ZP2018-0161,2 to 4,Owner,0,0,0,0,0,0,0,0,0,0,2,2019-11-01,2,0,0,0,0,0,0,0,0,0,0,0,,0,0,0,0,0,0,0,0,0,0,0,0,,0,0,N,0,0,,,0,,0,0,0,0,0,,,,37.858409,-122.293622,"Parker St, Berkeley, California, 94710",96.75
BERKELEY,Alameda,2019,,054 178600900,1113 Derby St,,B2017-03179,ADU,Renter,0,0,0,0,0,0,0,0,0,0,0,,0,0,0,0,0,0,0,0,0,0,0,0,,0,0,0,0,0,0,0,0,0,0,0,1,2019-08-09,1,0,N,0,0,,,0,,0,0,0,0,0,,,,37.857755,-122.287773,"1113 Derby St, Berkeley, California, 94702",100
BERKELEY,Alameda,2019,,063 315008200,1175 Grizzly Peak Blvd,,B2017-05497,ADU,Renter,0,0,0,0,0,0,0,0,0,0,0,,0,0,0,0,0,0,0,0,0,0,0,0,,0,0,0,0,0,0,0,0,0,0,0,1,2019-06-26,1,0,N,0,0,,,0,,0,0,0,0,0,,,,37.890725,-122.252868,"1175 Grizzly Peak Blvd, Berkeley, California, 94708",100
BERKELEY,Alameda,2019,,056 193102300,1229 Dwight Way,,B2017-04413,ADU,Renter,0,0,0,0,0,0,0,0,0,0,0,,0,0,0,0,0,0,0,0,0,0,0,0,,0,0,0,0,0,0,0,0,0,0,0,1,2019-06-17,1,0,N,0,0,,,0,,0,0,0,0,0,,,,37.861510,-122.286577,"1229 Dwight Way, Berkeley, California, 94702",100
BERKELEY,Alameda,2019,,054 179202900,1322 Carleton St,,B2018-03253,ADU,Renter,0,0,0,0,0,0,0,0,0,0,0,,0,0,0,0,0,0,0,0,0,0,0,0,,0,0,0,0,0,0,0,0,0,0,0,1,2019-12-10,1,0,N,0,0,,,0,,0,0,0,0,0,,,,37.859128,-122.283807,"1322 Carleton St, Berkeley, California, 94702",100
BERKELEY,Alameda,2019,,057 207401200,1353 Berkeley Way,,B2018-04404,SFD,Owner,0,0,0,0,0,0,0,0,0,0,0,,0,0,0,0,0,0,0,0,0,0,0,1,2019-10-25,1,0,0,0,0,0,0,0,0,0,0,0,,0,0,N,0,0,,,0,,0,0,0,0,0,,,,37.870730,-122.285761,"1353 Berkeley Way, Berkeley, California, 94702",100
BERKELEY,Alameda,2019,,052 153701600,1406 Fairview,,B2019-00838,ADU,Renter,0,0,0,0,0,0,0,0,0,0,0,,0,0,0,0,0,0,0,0,0,0,0,1,2019-05-03,1,0,0,0,0,0,0,0,0,0,0,1,2019-12-24,1,0,N,0,0,,,0,,0,0,0,0,0,,,,37.849343,-122.279552,"1406 Fairview St, Berkeley, California, 94702",98.909999999999997
BERKELEY,Alameda,2019,,059 232500605,1444 Fifth,,B2019-03782,SFD,Owner,0,0,0,0,0,0,0,0,0,0,1,2019-05-29,1,0,0,0,0,0,0,0,0,0,0,1,2019-12-31,1,0,0,0,0,0,0,0,0,0,0,0,,0,0,N,0,0,,,0,,0,0,0,0,0,,,,37.875787,-122.301471,"1444 5th St, Berkeley, California, 94710",98.909999999999997
BERKELEY,Alameda,2019,,060 239403000,1462 Stannage,,B2019-01994,ADU,Renter,0,0,0,0,0,0,0,0,0,0,0,,0,0,0,0,0,0,0,0,0,0,0,1,2019-07-17,1,0,0,0,0,0,0,0,0,0,0,0,,0,0,N,0,0,,,0,,0,0,0,0,0,,,,37.876998,-122.292841,"1462 Stannage Ave, Berkeley, California, 94702",98.909999999999997
BERKELEY,Alameda,2019,,058 224500903,1581 Le Roy,,ZP2019-0061,ADU,Renter,0,0,0,0,0,0,0,0,0,0,1,2019-12-04,1,0,0,0,0,0,0,0,0,0,0,0,,0,0,0,0,0,0,0,0,0,0,0,0,,0,0,N,0,0,,,0,,0,0,0,0,0,,,,37.880530,-122.259008,"1581 Le Roy Ave, Berkeley, California, 94708",98.909999999999997
BERKELEY,Alameda,2019,,058 215501500,1611 Lincoln,,B2019-04354,ADU,Renter,0,0,0,0,0,0,0,0,0,0,0,,0,0,0,0,0,0,0,0,0,0,0,1,2019-12-02,1,0,0,0,0,0,0,0,0,0,0,0,,0,0,N,0,0,,,0,,0,0,0,0,0,,,,37.876140,-122.279872,"1611 Lincoln St, Berkeley, California, 94703",98.909999999999997
BERKELEY,Alameda,2019,,058 214400900,1614 Acton,,B2018-01245,ADU,Renter,0,0,0,0,0,0,0,0,0,0,0,,0,0,0,0,0,0,0,0,0,0,0,1,2019-08-30,1,0,0,0,0,0,0,0,0,0,0,0,,0,0,N,0,0,,,0,,0,0,0,0,0,,,,37.875759,-122.284970,"1614 Acton St, Berkeley, California, 94702",98.909999999999997
BERKELEY,Alameda,2019,,058 212102200,1641 Seventh,,ZP2019-0026,SFD,Owner,0,0,0,0,0,0,0,0,0,0,1,2019-09-24,1,0,0,0,0,0,0,0,0,0,0,0,,0,0,0,0,0,0,0,0,0,0,0,0,,0,0,N,0,0,,,0,,1,0,0,0,0,,,,37.872934,-122.298137,"1641 7th St, Berkeley, California, 94710",98.909999999999997
BERKELEY,Alameda,2019,,061 261802103,1709 Sonoma,,B2018-04302,ADU,Renter,0,0,0,0,0,0,0,0,0,0,0,,0,0,0,0,0,0,0,0,0,0,0,1,2019-03-18,1,0,0,0,0,0,0,0,0,0,0,1,2019-12-05,1,0,N,0,0,,,0,,0,0,0,0,0,,,,37.886616,-122.281686,"1709 Sonoma Ave, Berkeley, California, 94707",98.909999999999997
BERKELEY,Alameda,2019,,057 201602101,1812 University,,ZP2018-0201,5+,Renter,0,0,0,0,0,0,0,0,0,0,2,2019-09-16,2,0,0,0,0,0,0,0,0,0,0,0,,0,0,0,0,0,0,0,0,0,0,0,0,,0,0,N,0,0,,,0,,0,0,0,0,0,,,,37.871258,-122.274658,"1812 University Ave, Berkeley, California, 94703",98.909999999999997
BERKELEY,Alameda,2019,,053 168801000,2231 Oregon,,B2018-01649,ADU,Renter,0,0,0,0,0,0,0,0,0,0,0,,0,0,0,0,0,0,0,0,0,0,0,0,,0,0,0,0,0,0,0,0,0,0,0,1,2019-04-04,1,0,N,0,0,,,0,,0,0,0,0,0,,,,37.858191,-122.262673,"2231 Oregon St, Berkeley, California, 94705",98.909999999999997
BERKELEY,Alameda,2019,,056 198702800,2233 Curtis,,B2017-04756,ADU,Renter,0,0,0,0,0,0,0,0,0,0,0,,0,0,0,0,0,0,0,0,0,0,0,0,,0,0,0,0,0,0,0,0,0,0,0,1,2019-01-08,1,0,N,0,0,,,0,,0,0,0,0,0,,,,37.865528,-122.288765,"2233 Curtis St, Berkeley, California, 94702",98.909999999999997
BERKELEY,Alameda,2019,,055 183300700,2341 Carleton,,B2019-01469,ADU,Renter,0,0,0,0,0,0,0,0,0,0,0,,0,0,0,0,0,0,0,0,0,0,0,1,2019-07-10,1,0,0,0,0,0,0,0,0,0,0,0,,0,0,N,0,0,,,0,,0,0,0,0,0,,,,37.862122,-122.260661,"2341 Carleton St, Berkeley, California, 94704",98.909999999999997
BERKELEY,Alameda,2019,,056 197701300,2198 San Pablo,,ZP2018-0112,5+,Renter,0,0,0,0,5,0,0,0,0,0,51,2019-07-09,56,0,0,0,0,0,0,0,0,0,0,0,,0,0,0,0,0,0,0,0,0,0,0,0,,0,0,N,0,0,,DB,0,,0,0,0,0,0,,,,37.866524,-122.291422,"2198 San Pablo Ave, Berkeley, California, 94702",98.909999999999997
BERKELEY,Alameda,2019,,056 193101200,2422 Bonar,,B2019-02641,ADU,Renter,0,0,0,0,0,0,0,0,0,0,0,,0,0,0,0,0,0,0,0,0,0,0,1,2019-08-29,1,0,0,0,0,0,0,0,0,0,0,0,,0,0,N,0,0,,,0,,0,0,0,0,0,,,,37.862636,-122.286080,"2422 Bonar St, Berkeley, California, 94702",98.909999999999997
BERKELEY,Alameda,2019,,055 190202400,2431 Mckinley,,B2019-03192,ADU,Renter,0,0,0,0,0,0,0,0,0,0,0,,0,0,0,0,0,0,0,0,0,0,0,1,2019-12-05,1,0,0,0,0,0,0,0,0,0,0,0,,0,0,N,0,0,,,0,,0,0,0,0,0,,,,37.863941,-122.273312,"2431 McKinley Ave, Berkeley, California, 94703",98.909999999999997
BERKELEY,Alameda,2019,,056 192101001,2440 Valley St,,B2017-04116,SFD,Owner,0,0,0,0,0,0,0,0,0,0,0,,0,0,0,0,0,0,0,0,0,0,0,0,,0,0,0,0,0,0,0,0,0,0,0,1,2019-11-13,1,0,N,0,0,,,0,,0,0,0,0,0,,,,37.862549,-122.283955,"2440 Valley St, Berkeley, California, 94702",100
BERKELEY,Alameda,2019,,054 180200200,2630 California,,B2017-01609,ADU,Renter,0,0,0,0,0,0,0,0,0,0,0,,0,0,0,0,0,0,0,0,0,0,0,0,,0,0,0,0,0,0,0,0,0,0,0,1,2019-08-21,1,0,N,0,0,,,0,,0,0,0,0,0,,,,37.859587,-122.278134,"2630 California St, Berkeley, California, 94703",98.909999999999997
BERKELEY,Alameda,2019,,055 187701902,2580 Bancroft,,B2019-00478,5+,Renter,0,0,0,0,0,0,0,0,0,0,0,,0,0,0,0,0,11,0,0,0,0,0,111,2019-09-24,122,0,0,0,0,0,0,0,0,0,0,0,,0,0,N,0,0,,DB,0,,0,0,0,0,0,,,"11 BMR. 50 percent AMI - 301 bedrooms, 331 beds. Student housing.",37.868872,-122.257688,"2580 Bancroft Way, Berkeley, California, 94704",98.909999999999997
BERKELEY,Alameda,2019,,053 160401200,2924 Ellis,,B2019-00281,ADU,Renter,0,0,0,0,0,0,0,0,0,0,0,,0,0,0,0,0,0,0,0,0,0,0,1,2019-07-31,1,0,0,0,0,0,0,0,0,0,0,0,,0,0,N,0,0,,,0,,0,0,0,0,0,,,,37.854889,-122.273322,"2924 Ellis St, Berkeley, California, 94703",98.909999999999997
BERKELEY,Alameda,2019,,052 156512400,2965 Magnolia,,ZP2019-0091,ADU,Renter,0,0,0,0,0,0,0,0,0,0,1,2019-12-10,1,0,0,0,0,0,0,0,0,0,0,0,,0,0,0,0,0,0,0,0,0,0,0,0,,0,0,N,0,0,,,0,,0,0,0,0,0,,,,37.856349,-122.248916,"2965 Magnolia St, Berkeley, California, 94705",98.909999999999997
BERKELEY,Alameda,2019,,062 292300500,450 Arlington,,B2017-03153,ADU,Renter,0,0,0,0,0,0,0,0,0,0,0,,0,0,0,0,0,0,0,0,0,0,0,0,,0,0,0,0,0,0,0,0,0,0,0,1,2019-12-02,1,0,N,0,0,,,0,,0,0,0,0,0,,,,37.902480,-122.277029,"450 Arlington Ave, Berkeley, California, 94707",98.909999999999997
BERKELEY,Alameda,2019,,062 292302400,584 Arlington,,B2019-00524,ADU,Renter,0,0,0,0,0,0,0,0,0,0,0,,0,0,0,0,0,0,0,0,0,0,0,1,2019-12-04,1,0,0,0,0,0,0,0,0,0,0,0,,0,0,N,0,0,,,0,,0,0,0,0,0,,,,37.899642,-122.277762,"584 Arlington Ave, Berkeley, California, 94707",98.909999999999997
BERKELEY,Alameda,2019,,056 194500704,739 Channing,,B2019-02831,2 to 4,Renter,0,0,0,0,0,0,0,0,0,0,0,,0,0,0,0,0,0,0,0,0,0,0,4,2019-07-11,4,0,0,0,0,0,0,0,0,0,0,0,,0,0,N,0,0,,,0,,0,0,0,0,0,,,,37.861489,-122.297079,"739 Channing Way, Berkeley, California, 94710",98.909999999999997
BERKELEY,Alameda,2019,,063 296305900,791 Hilldale,,B2017-02782,ADU,Renter,0,0,0,0,0,0,0,0,0,0,0,,0,0,0,0,0,0,0,0,0,0,0,1,2019-02-14,1,0,0,0,0,0,0,0,0,0,0,0,,0,0,N,0,0,,,0,,0,0,0,0,0,,,,37.896972,-122.264403,"791 Hilldale Ave, Berkeley, California, 94708",98.909999999999997
BERKELEY,Alameda,2019,,053 163502100,809 Folger,,B2018-00015,SFD,Owner,0,0,0,0,0,0,0,0,0,0,0,,0,0,0,0,0,0,0,0,0,0,0,1,2019-03-11,1,0,0,0,0,0,0,0,0,0,0,0,,0,0,N,0,0,,,0,,0,0,0,0,0,,,,37.849702,-122.292597,"809 Folger Ave, Berkeley, California, 94710",98.909999999999997
BERKELEY,Alameda,2019,,056 193600100,926 Channing,,B2018-03653,SFD,Owner,0,0,0,0,0,0,0,0,0,0,0,,0,0,0,0,0,0,0,0,0,0,0,1,2019-02-07,1,0,0,0,0,0,0,0,0,0,0,1,2019-07-31,1,0,N,0,0,,,0,,0,0,0,0,0,,,,37.862189,-122.293351,"926 Channing Way, Berkeley, California, 94710",98.909999999999997
BERKELEY,Alameda,2019,,061 256300800,1014 Mariposa Ave,,B2018-02099,ADU,Renter,0,0,0,0,0,0,0,0,0,0,0,,0,0,0,0,0,0,0,0,0,0,0,0,,0,0,0,0,0,0,0,0,0,0,0,1,2019-09-17,1,0,N,0,0,,,0,,0,0,0,0,0,,,,37.889192,-122.270463,"1014 Mariposa Ave, Berkeley, California, 94707",100
BERKELEY,Alameda,2019,,063-2969-34-35,1024 Grizzly Peak,,ZP2018-0193,SFD,Owner,0,0,0,0,0,0,0,0,0,0,1,2019-09-16,1,0,0,0,0,0,0,0,0,0,0,0,,0,0,0,0,0,0,0,0,0,0,0,0,,0,0,N,0,0,,,0,,0,0,0,0,0,,,,37.894289,-122.258772,"1024 Grizzly Peak Blvd, Berkeley, California, 94708",98.909999999999997
BERKELEY,Alameda,2019,,054 178901600,1204 Blake St,,B2017-04626,ADU,Renter,0,0,0,0,0,0,0,0,0,0,0,,0,0,0,0,0,0,0,0,0,0,0,0,,0,0,0,0,0,0,0,0,0,0,0,1,2019-02-27,1,0,N,0,0,,,0,,0,0,0,0,0,,,,37.860539,-122.286836,"1204 Blake St, Berkeley, California, 94702",100
BERKELEY,Alameda,2019,,054 178202300,1214 Dwight,,B2017-02989,ADU,Renter,0,0,0,0,0,0,0,0,0,0,0,,0,0,0,0,0,0,0,0,0,0,0,0,,0,0,0,0,0,0,0,0,0,0,0,1,2019-09-06,1,0,N,0,0,,,0,,0,0,0,0,0,,,,37.861461,-122.286531,"1214 Dwight Way, Berkeley, California, 94702",98.909999999999997
BERKELEY,Alameda,2019,,052 144800300,1276 Sixty-Fifth,,B2018-04819,ADU,Renter,0,0,0,0,0,0,0,0,0,0,0,,0,0,0,0,0,0,0,0,0,0,0,1,2019-03-28,1,0,0,0,0,0,0,0,0,0,0,1,2019-10-22,1,0,N,0,0,,,0,,0,0,0,0,0,,,,37.848788,-122.281983,"1276 65th St, Berkeley, California, 94702",98.909999999999997
BERKELEY,Alameda,2019,,060 246605300,1330 Spruce St,,B2018-02060,ADU,Renter,0,0,0,0,0,0,0,0,0,0,0,,0,0,0,0,0,0,0,0,0,0,0,0,,0,0,0,0,0,0,0,0,0,0,0,1,2019-05-28,1,0,N,0,0,,,0,,0,0,0,0,0,,,,37.882995,-122.266230,"1330 Spruce St, Berkeley, California, 94709",100
BERKELEY,Alameda,2019,,060 242802800,1353 Acton,,B2018-04874,ADU,Renter,0,0,0,0,0,0,0,0,0,0,0,,0,0,0,0,0,0,0,0,0,0,0,1,2019-04-19,1,0,0,0,0,0,0,0,0,0,0,0,,0,0,N,0,0,,,0,,0,0,0,0,0,,,,37.881245,-122.285211,"1353 Acton St, Albany, California, 94706",98.879999999999995
BERKELEY,Alameda,2019,,054 179402700,1440 Parker,,B2018-00101,ADU,Renter,0,0,0,0,0,0,0,0,0,0,0,,0,0,0,0,0,0,0,0,0,0,0,1,2019-11-06,1,0,0,0,0,0,0,0,0,0,0,0,,0,0,N,0,0,,,0,,0,0,0,0,0,,,,37.860388,-122.281047,"1440 Parker St, Berkeley, California, 94702",98.909999999999997
BERKELEY,Alameda,2019,,059 232500700,1446 Fifth St,,B2018-02503,SFD,Owner,0,0,0,0,0,0,0,0,0,0,0,,0,0,0,0,0,0,0,0,0,0,0,0,,0,0,0,0,0,0,0,0,0,0,0,1,2019-12-30,1,0,N,0,0,,,0,,0,0,0,0,0,,,,37.875665,-122.301429,"1446 5th St, Berkeley, California, 94710",100
BERKELEY,Alameda,2019,,064 422900300,151 Tunnel,,ZP2018-0162,ADU,Renter,0,0,0,0,0,0,0,0,0,0,1,2019-10-17,1,0,0,0,0,0,0,0,0,0,0,0,,0,0,0,0,0,0,0,0,0,0,0,0,,0,0,N,0,0,,,0,,0,0,0,0,0,,,,37.855188,-122.238032,"151 Tunnel Rd, Berkeley, California, 94705",98.909999999999997
BERKELEY,Alameda,2019,,059 231502700,1526 Sixth,,ZP2018-0086,5+,Renter,0,0,0,0,0,0,0,0,0,0,1,2019-02-05,1,0,0,0,0,0,0,0,0,0,0,1,2019-03-22,1,0,0,0,0,0,0,0,0,0,0,0,,0,0,N,0,0,,,0,,0,0,0,0,0,,,,37.874244,-122.299725,"1526 6th St, Berkeley, California, 94710",98.909999999999997
BERKELEY,Alameda,2019,,061 262002100,1547 Posen Ave,,B2017-03938,ADU,Renter,0,0,0,0,0,0,0,0,0,0,0,,0,0,0,0,0,0,0,0,0,0,0,0,,0,0,0,0,0,0,0,0,0,0,0,1,2019-01-25,1,0,N,0,0,,,0,,0,0,0,0,0,,,,37.885082,-122.282113,"1547 Posen Ave, Albany, California, 94706",100
BERKELEY,Alameda,2019,,053 160703200,1642 Ashby,,B2018-03725,ADU,Renter,0,0,0,0,0,0,0,0,0,0,0,,0,0,0,0,0,0,0,0,0,0,0,1,2019-01-22,1,0,0,0,0,0,0,0,0,0,0,1,2019-07-09,1,0,N,0,0,,,0,,0,0,0,0,0,,,,37.853748,-122.275206,"1642 Ashby Ave, Berkeley, California, 94703",98.909999999999997
BERKELEY,Alameda,2019,,058 218100600,1734 Spruce,,B2018-02640,5+,Renter,0,0,0,0,0,0,0,0,0,0,0,,0,0,0,0,0,0,0,0,0,0,0,1,2019-01-24,1,0,0,0,0,0,0,0,0,0,0,0,,0,0,N,0,0,,,0,,0,0,0,0,0,,,,37.876328,-122.265428,"1734 Spruce St, Berkeley, California, 94709",98.909999999999997
BERKELEY,Alameda,2019,,059 229004300,1736 Dwight,,B2018-00281,2 to 4,Renter,0,0,0,0,0,0,0,0,0,0,0,,0,0,0,0,0,0,0,0,0,0,0,1,2019-05-30,1,0,0,0,0,0,0,0,0,0,0,0,,0,0,N,0,0,,,0,,0,0,0,0,0,,,,37.862963,-122.274898,"1736 Dwight Way, Berkeley, California, 94703",98.909999999999997
BERKELEY,Alameda,2019,,062 292202700,1873 San Ramon,,B2019-01938,ADU,Owner,0,0,0,0,0,0,0,0,0,0,1,2019-04-16,1,0,0,0,0,0,0,0,0,0,0,1,2019-08-22,1,0,0,0,0,0,0,0,0,0,0,0,,0,0,N,0,0,,,0,,0,0,0,0,0,,,,37.898485,-122.278386,"1873 San Ramon Ave, Berkeley, California, 94707",98.909999999999997
BERKELEY,Alameda,2019,,058 218100600,2013 Second,,B2015-06007,5+,Renter,0,0,0,0,0,0,0,0,0,0,0,,0,0,0,0,0,0,0,0,0,0,0,0,,0,0,0,0,0,0,0,0,0,0,0,19,2019-01-11,19,0,N,0,0,,,0,,0,0,0,0,0,,,L/W,37.866595,-122.301930,"2013 2nd St, Berkeley, California, 94710",98.909999999999997
BERKELEY,Alameda,2019,,055 189401500,2028 Bancroft,,B2019-04686,5+,Renter,0,0,0,0,2,0,0,0,0,0,35,2019-03-14,37,0,0,0,0,2,0,0,0,0,0,35,2019-10-29,37,0,0,0,0,0,0,0,0,0,0,0,,0,0,N,0,0,,DB,0,,0,0,0,0,0,,,,37.867423,-122.268867,"2028 Bancroft Way, Berkeley, California, 94704",98.909999999999997
BERKELEY,Alameda,2019,,054 171801200,2225 Ward,,B2018-04829,ADU,Renter,0,0,0,0,0,0,0,0,0,0,0,,0,0,0,0,0,0,0,0,0,0,0,1,2019-04-15,1,0,0,0,0,0,0,0,0,0,0,1,2019-08-30,1,0,N,0,0,,,0,,0,0,0,0,0,,,,37.859962,-122.263268,"2225 Ward St, Berkeley, California, 94705",98.909999999999997
BERKELEY,Alameda,2019,,055 191405400,2335 Sacramento,,B2018-01872,ADU,Renter,0,0,0,0,0,0,0,0,0,0,0,,0,0,0,0,0,0,0,0,0,0,0,1,2019-01-14,1,0,0,0,0,0,0,0,0,0,0,1,2019-12-10,1,0,N,0,0,,,0,,0,0,0,0,0,,,,37.864553,-122.281255,"2335 Sacramento St, Berkeley, California, 94702",98.909999999999997
BERKELEY,Alameda,2019,,060 246500100,2350 Eunice,,ZP2018-0183,ADU,Owner,0,0,0,0,0,0,0,0,0,0,1,2019-07-04,1,0,0,0,0,0,0,0,0,0,0,0,,0,0,0,0,0,0,0,0,0,0,0,0,,0,0,N,0,0,,,0,,0,0,0,0,0,,,,37.886362,-122.264176,"2350 Eunice St, Berkeley, California, 94708",98.909999999999997
BERKELEY,Alameda,2019,,055 190601500,2440 Grant,,B2019-00501,ADU,Renter,0,0,0,0,0,0,0,0,0,0,0,,0,0,0,0,0,0,0,0,0,0,0,1,2019-03-19,1,0,0,0,0,0,0,0,0,0,0,0,,0,0,N,0,0,,,0,,0,0,0,0,0,,,,37.863451,-122.274476,"2440 Grant St, Berkeley, California, 94703",98.909999999999997
BERKELEY,Alameda,2019,,060 247400102,2606 Shasta,,B2018-04067,ADU,Renter,0,0,0,0,0,0,0,0,0,0,0,,0,0,0,0,0,0,0,0,0,0,0,1,2019-01-14,1,0,0,0,0,0,0,0,0,0,0,0,,0,0,N,0,0,,,0,,0,0,0,0,0,,,,37.883576,-122.259474,"2606 Shasta Rd, Berkeley, California, 94708",98.909999999999997
BERKELEY,Alameda,2019,,055 184902200,2633 Etna,,B2019-02700,ADU,Renter,0,0,0,0,0,0,0,0,0,0,0,,0,0,0,0,0,0,0,0,0,0,0,1,2019-11-26,1,0,0,0,0,0,0,0,0,0,0,0,,0,0,N,0,0,,,0,,0,0,0,0,0,,,,37.862749,-122.252459,"2633 Etna St, Berkeley, California, 94704",98.909999999999997
BERKELEY,Alameda,2019,,060 247300800,2693 Shasta,,ZP2019-0165,ADU,Owner,0,0,0,0,0,0,0,0,0,0,1,2019-12-17,1,0,0,0,0,0,0,0,0,0,0,0,,0,0,0,0,0,0,0,0,0,0,0,0,,0,0,N,0,0,,,0,,0,0,0,0,0,,,,37.885635,-122.258596,"2693 Shasta Rd, Berkeley, California, 94708",98.909999999999997
BERKELEY,Alameda,2019,,052 156303800,2714 Prince,,B2016-02228,ADU,Renter,0,0,0,0,0,0,0,0,0,0,0,,0,0,0,0,0,0,0,0,0,0,0,1,2019-02-26,1,0,0,0,0,0,0,0,0,0,0,0,,0,0,N,0,0,,,0,,0,0,0,0,0,,,,37.854895,-122.252078,"2714 Prince St, Berkeley, California, 94705",98.909999999999997
BERKELEY,Alameda,2019,,052 156707600,2740 Elmwood,,B2017-02662,ADU,Renter,0,0,0,0,0,0,0,0,0,0,0,,0,0,0,0,0,0,0,0,0,0,0,0,,0,0,0,0,0,0,0,0,0,0,0,1,2019-05-24,1,0,N,0,0,,,0,,0,0,0,0,0,,,,37.856744,-122.251440,"2740 Elmwood Ave, Berkeley, California, 94705",98.909999999999997
BERKELEY,Alameda,2019,,052 156705200,2741 Webster,,B2018-04005,ADU,Renter,0,0,0,0,0,0,0,0,0,0,0,,0,0,0,0,0,0,0,0,0,0,0,1,2019-03-29,1,0,0,0,0,0,0,0,0,0,0,1,2019-12-06,1,0,N,0,0,,,0,,0,0,0,0,0,,,,37.855928,-122.251057,"2741 Webster St, Berkeley, California, 94705",98.909999999999997
BERKELEY,Alameda,2019,,054 174204800,2758 Mathews,,ZP2018-0208,ADU,Renter,0,0,0,0,0,0,0,0,0,0,1,2019-10-03,1,0,0,0,0,0,0,0,0,0,0,0,,0,0,0,0,0,0,0,0,0,0,0,0,,0,0,N,0,0,,,0,,0,0,0,0,0,,,,37.855875,-122.285861,"2758 Mathews St, Berkeley, California, 94702",98.909999999999997
BERKELEY,Alameda,2019,,052 156405400,2814 Webster,,B2018-01917,ADU,Renter,0,0,0,0,0,0,0,0,0,0,0,,0,0,0,0,0,0,0,0,0,0,0,0,,0,0,0,0,0,0,0,0,0,0,0,1,2019-04-22,1,0,N,0,0,,,0,,0,0,0,0,0,,,,37.855959,-122.249735,"2814 Webster St, Berkeley, California, 94705",98.909999999999997
BERKELEY,Alameda,2019,,055 186401000,2815 Channing,,B2018-02623,2 to 4,Renter,0,0,0,0,0,0,0,0,0,0,0,,0,0,0,0,0,0,0,0,0,0,0,3,2019-05-08,3,0,0,0,0,0,0,0,0,0,0,0,,0,0,N,0,0,,,0,,0,0,0,0,0,,,,37.867910,-122.251132,"2815 Channing Way, Berkeley, California, 94704",98.909999999999997
BERKELEY,Alameda,2019,,053 169403200,2816 Benvenue,,B2018-04616,ADU,Renter,0,0,0,0,0,0,0,0,0,0,0,,0,0,0,0,0,0,0,0,0,0,0,1,2019-05-15,1,0,0,0,0,0,0,0,0,0,0,0,,0,0,N,0,0,,,0,,0,0,0,0,0,,,,37.859376,-122.254554,"2816 Benvenue Ave, Berkeley, California, 94705",98.909999999999997
BERKELEY,Alameda,2019,,058 224211501,2851 Buena Vista,,B2018-02859,SFD,Owner,0,0,0,0,0,0,0,0,0,0,0,,0,0,0,0,0,0,0,0,0,0,0,1,2019-06-21,1,0,0,0,0,0,0,0,0,0,0,0,,0,0,N,0,0,,,0,,1,0,0,0,0,,,,37.881951,-122.256345,"2851 Buena Vista Way, Berkeley, California, 94708",98.909999999999997
BERKELEY,Alameda,2019,,053 159900900,2918 Otis,,ZP2018-0122,ADU,Renter,0,0,0,0,0,0,0,0,0,0,1,2019-07-11,1,0,0,0,0,0,0,0,0,0,0,0,,0,0,0,0,0,0,0,0,0,0,0,0,,0,0,N,0,0,,,0,,0,0,0,0,0,,,,37.855519,-122.270155,"2918 Otis St, Berkeley, California, 94703",98.909999999999997
BERKELEY,Alameda,2019,,052 156604700,2955 Piedmont,,B2019-04512,ADU,Renter,0,0,0,0,0,0,0,0,0,0,0,,0,0,0,0,0,0,0,0,0,0,0,1,2019-11-01,1,0,0,0,0,0,0,0,0,0,0,0,,0,0,N,0,0,,,0,,0,0,0,0,0,,,,37.856635,-122.250578,"2955 Piedmont Ave, Berkeley, California, 94705",98.909999999999997
BERKELEY,Alameda,2019,,053 160802300,2959 California,,B2019-01859,ADU,Renter,0,0,0,0,0,0,0,0,0,0,0,,0,0,0,0,0,0,0,0,0,0,0,1,2019-08-29,1,0,0,0,0,0,0,0,0,0,0,0,,0,0,N,0,0,,,0,,0,0,0,0,0,,,,37.854012,-122.276990,"2959 California St, Berkeley, California, 94703",98.909999999999997
BERKELEY,Alameda,2019,,053 162400600,3020 Acton,,ZP2019-0036,ADU,Renter,0,0,0,0,0,0,0,0,0,0,1,2019-11-19,1,0,0,0,0,0,0,0,0,0,0,0,,0,0,0,0,0,0,0,0,0,0,0,0,,0,0,N,0,0,,,0,,0,0,0,0,0,,,,37.852542,-122.281274,"3020 Acton St, Berkeley, California, 94702",98.909999999999997
BERKELEY,Alameda,2019,,052 156307900,3154 Lewiston,,B2019-01872,ADU,Renter,0,0,0,0,0,0,0,0,0,0,0,,0,0,0,0,0,0,0,0,0,0,0,1,2019-09-04,1,0,0,0,0,0,0,0,0,0,0,0,,0,0,N,0,0,,,0,,0,0,0,0,0,,,,37.851976,-122.251537,"3154 Lewiston Ave, Berkeley, California, 94705",98.909999999999997
BERKELEY,Alameda,2019,,063 297207000,901 Cragmont,,B2017-02860,ADU,Renter,0,0,0,0,0,0,0,0,0,0,0,,0,0,0,0,0,0,0,0,0,0,0,0,,0,0,0,0,0,0,0,0,0,0,0,1,2019-03-05,1,0,N,0,0,,,0,,0,0,0,0,0,,,,37.894097,-122.266170,"901 Cragmont Ave, Berkeley, California, 94708",98.909999999999997
BERKELEY,Alameda,2019,,059 231300800,919 Bataan,,ZP2019-0066,ADU,Renter,0,0,0,0,0,0,0,0,0,0,1,2019-12-18,1,0,0,0,0,0,0,0,0,0,0,0,,0,0,0,0,0,0,0,0,0,0,0,0,,0,0,N,0,0,,,0,,0,0,0,0,0,,,,37.875108,-122.297873,"919 Bataan Ave, Berkeley, California, 94710",98.909999999999997
BERKELEY,Alameda,2019,,061 261102300,929 Colusa,,B2019-02327,ADU,Renter,0,0,0,0,0,0,0,0,0,0,0,,0,0,0,0,0,0,0,0,0,0,0,1,2019-09-09,1,0,0,0,0,0,0,0,0,0,0,0,,0,0,N,0,0,,,0,,0,0,0,0,0,,,,37.890338,-122.279011,"929 Colusa Ave, Berkeley, California, 94707",98.909999999999997
BERKELEY,Alameda,2019,,053 159500903,3049 Adeline,,B2016-03160,5+,Renter,0,0,0,0,0,0,0,0,0,0,0,,0,0,0,0,0,0,0,0,0,0,0,11,2019-11-12,11,0,0,0,0,0,0,0,0,0,0,0,,0,0,N,0,0,,,0,,0,0,0,0,0,,,,37.853785,-122.269299,"3049 Adeline St, Berkeley, California, 94703",98.909999999999997
BERKELEY,Alameda,2019,,060 240902600,1211 Talbot Ave,,B2018-01061,ADU,Renter,0,0,0,0,0,0,0,0,0,0,0,,0,0,0,0,0,0,0,0,0,0,0,0,,0,0,0,0,0,0,0,0,0,0,0,1,2019-08-12,1,0,N,0,0,,,0,,0,0,0,0,0,,,,37.882471,-122.292755,"1211 Talbot Ave, Albany, California, 94706",100
BERKELEY,Alameda,2019,,056 192401900,1237 Channing,,B2018-05107,ADU,Renter,0,0,0,0,0,0,0,0,0,0,0,,0,0,0,0,0,0,0,0,0,0,0,1,2019-08-20,1,0,0,0,0,0,0,0,0,0,0,0,,0,0,N,0,0,,,0,,0,0,0,0,0,,,,37.863369,-122.286476,"1237 Channing Way, Berkeley, California, 94702",98.909999999999997
BERKELEY,Alameda,2019,,054 179202600,1316 Carleton St,,B2016-03592,ADU,Renter,0,0,0,0,0,0,0,0,0,0,0,,0,0,0,0,0,0,0,0,0,0,0,0,,0,0,0,0,0,0,0,0,0,0,0,1,2019-05-30,1,0,N,0,0,,,0,,0,0,0,0,0,,,,37.859079,-122.284208,"1316 Carleton St, Berkeley, California, 94702",100
BERKELEY,Alameda,2019,,060 241703701,1340 Peralta,,B2018-01207,ADU,Renter,0,0,0,0,0,0,0,0,0,0,0,,0,0,0,0,0,0,0,0,0,0,0,0,,0,0,0,0,0,0,0,0,0,0,0,1,2019-01-09,1,0,N,0,0,,,0,,0,0,0,0,0,,,,37.879347,-122.288383,"1340 Peralta Ave, Berkeley, California, 94702",98.909999999999997
BERKELEY,Alameda,2019,,060 242303600,1430 Acton St,,B2018-01961,ADU,Renter,0,0,0,0,0,0,0,0,0,0,0,,0,0,0,0,0,0,0,0,0,0,0,0,,0,0,0,0,0,0,0,0,0,0,0,1,2019-10-21,1,0,N,0,0,,,0,,0,0,0,0,0,,,,37.879315,-122.285356,"1430 Acton St, Berkeley, California, 94702",100
BERKELEY,Alameda,2019,,059 232500700,1446 Fifth St,,B2018-03577,SFD,Owner,0,0,0,0,0,0,0,0,0,0,0,,0,0,0,0,0,0,0,0,0,0,0,0,,0,0,0,0,0,0,0,0,0,0,0,1,2019-12-17,1,0,N,0,0,,,0,,0,0,0,0,0,,,,37.875665,-122.301429,"1446 5th St, Berkeley, California, 94710",100
BERKELEY,Alameda,2019,,060 249402001,1510 Spruce,,B2018-03588,ADU,Renter,0,0,0,0,0,0,0,0,0,0,0,,0,0,0,0,0,0,0,0,0,0,0,1,2019-01-23,1,0,0,0,0,0,0,0,0,0,0,0,,0,0,N,0,0,,,0,,0,0,0,0,0,,,,37.880223,-122.265915,"1510 Spruce St, Berkeley, California, 94709",98.909999999999997
BERKELEY,Alameda,2019,,058 211901500,1732 Seventh,,B2018-02645,ADU,Renter,0,0,0,0,0,0,0,0,0,0,0,,0,0,0,0,0,0,0,0,0,0,0,1,2019-05-21,1,0,0,0,0,0,0,0,0,0,0,0,,0,0,N,0,0,,,0,,0,0,0,0,0,,,,37.871204,-122.297652,"1732 7th St, Berkeley, California, 94710",98.909999999999997
BERKELEY,Alameda,2019,,062 288600700,1767 Tacoma,,B2018-03002,ADU,Renter,0,0,0,0,0,0,0,0,0,0,0,,0,0,0,0,0,0,0,0,0,0,0,1,2019-05-01,1,0,0,0,0,0,0,0,0,0,0,0,,0,0,N,0,0,,,0,,0,0,0,0,0,,,,37.892872,-122.281198,"1767 Tacoma Ave, Berkeley, California, 94707",98.909999999999997
BERKELEY,Alameda,2019,,064 422901900,190 Alvarado,,ZP2019-0014,SFD,Owner,0,0,0,0,0,0,0,0,0,0,1,2019-12-20,1,0,0,0,0,0,0,0,0,0,0,0,,0,0,0,0,0,0,0,0,0,0,0,0,,0,0,N,0,0,,,0,,0,0,0,0,0,,,,37.855820,-122.236893,"190 Alvarado Rd, Berkeley, California, 94705",98.909999999999997
BERKELEY,Alameda,2019,,058 217101900,1915 Virginia,,B2016-01284,ADU,Renter,0,0,0,0,0,0,0,0,0,0,0,,0,0,0,0,0,0,0,0,0,0,0,0,,0,0,0,0,0,0,0,0,0,0,0,1,2019-01-23,1,0,N,0,0,,,0,,0,0,0,0,0,,,,37.876134,-122.272759,"1915 Virginia St, Berkeley, California, 94709",98.909999999999997
BERKELEY,Alameda,2019,,054 171900900,2130 Derby,,B2018-03289,ADU,Renter,0,0,0,0,0,0,0,0,0,0,0,,0,0,0,0,0,0,0,0,0,0,0,1,2019-01-07,1,0,0,0,0,0,0,0,0,0,0,1,2019-09-05,1,0,N,0,0,,,0,,0,0,0,0,0,,,,37.860513,-122.265564,"2130 Derby St, Berkeley, California, 94705",98.909999999999997
BERKELEY,Alameda,2019,,052 158200500,2152 Russell,,B2016-02733,ADU,Renter,0,0,0,0,0,0,0,0,0,0,0,,0,0,0,0,0,0,0,0,0,0,0,0,,0,0,0,0,0,0,0,0,0,0,0,1,2019-01-11,1,0,N,0,0,,,0,,0,0,0,0,0,,,,37.857036,-122.264080,"2152 Russell St, Berkeley, California, 94705",98.909999999999997
BERKELEY,Alameda,2019,,057 202600405,2190 Shattuck,,ZP2016-0117,5+,Renter,0,0,0,0,0,0,0,0,0,0,274,2019-02-01,274,0,0,0,0,0,0,0,0,0,0,0,,0,0,0,0,0,0,0,0,0,0,0,0,,0,0,N,0,0,,,0,,0,0,0,0,0,,,,37.869443,-122.268048,"2190 Shattuck Ave, Berkeley, California, 94704",98.909999999999997
BERKELEY,Alameda,2019,,056 197500900,2212 Tenth,,B2018-01574,SFD,Owner,0,0,0,0,0,0,0,0,0,0,0,,0,0,0,0,0,0,0,0,0,0,0,0,,0,0,0,0,0,0,0,0,0,0,0,1,2019-06-04,1,0,N,0,0,,,0,,0,0,0,0,0,,,bldg permit 2 of 2 SFHs on a lot,37.865659,-122.292293,"2212 10th St, Berkeley, California, 94710",98.909999999999997
BERKELEY,Alameda,2019,,056 193702300,2323 Eighth,,B2018-01154,SFD,Owner,0,0,0,0,0,0,0,0,0,0,0,,0,0,0,0,0,0,0,0,0,0,0,1,2019-03-29,1,0,0,0,0,0,0,0,0,0,0,0,,0,0,N,0,0,,,0,,0,0,0,0,0,,,,37.862943,-122.293768,"2323 8th St, Berkeley, California, 94710",98.909999999999997
BERKELEY,Alameda,2019,,060 246502000,2333 Rose,,B2018-03242,ADU,Renter,0,0,0,0,0,0,0,0,0,0,0,,0,0,0,0,0,0,0,0,0,0,0,1,2019-08-01,1,0,0,0,0,0,0,0,0,0,0,0,,0,0,N,0,0,,,0,,0,0,0,0,0,,,,37.883274,-122.263908,"2333 Rose St, Berkeley, California, 94708",98.909999999999997
BERKELEY,Alameda,2019,,055 187500400,2503 Haste,,B2018-03422,5+,Renter,0,0,0,0,0,0,0,0,0,0,0,,0,0,0,0,0,0,0,0,0,0,0,55,2019-03-07,55,0,0,0,0,0,0,0,0,0,0,0,,0,0,N,0,0,,,0,,0,0,0,0,0,,,,37.866093,-122.258302,"2503 Haste St, Berkeley, California, 94704",98.909999999999997
BERKELEY,Alameda,2019,,055 183902000,2539 Telegraph,,B2016-03471,5+,Renter,0,0,0,0,0,0,0,0,0,0,0,,0,0,0,0,0,0,0,0,0,0,0,0,,0,0,0,0,0,0,0,0,0,0,0,70,2019-09-30,70,0,N,0,0,,,0,,0,0,0,0,0,,,,37.864297,-122.258487,"2539 Telegraph Ave, Berkeley, California, 94704",98.909999999999997
BERKELEY,Alameda,2019,,063 295205000,27 Alamo,,B2018-02706,SFD,Owner,0,0,0,0,0,0,0,0,0,0,0,,0,0,0,0,0,0,0,0,0,0,0,1,2019-06-28,1,0,0,0,0,0,0,0,0,0,0,0,,0,0,N,0,0,,,0,,0,0,0,0,0,,,,37.899272,-122.269893,"27 Alamo Ave, Berkeley, California, 94708",98.909999999999997
BERKELEY,Alameda,2019,,052 156313700,2828 Woolsey,,B2018-04990,ADU,Renter,0,0,0,0,0,0,0,0,0,0,0,,0,0,0,0,0,0,0,0,0,0,0,1,2019-05-15,1,0,0,0,0,0,0,0,0,0,0,0,,0,0,N,0,0,,,0,,0,0,0,0,0,,,,37.854233,-122.250009,"2828 Woolsey St, Berkeley, California, 94705",98.909999999999997
BERKELEY,Alameda,2019,,052 156505700,2940 Ashby,,B2019-00276,ADU,Renter,0,0,0,0,0,0,0,0,0,0,0,,0,0,0,0,0,0,0,0,0,0,0,1,2019-03-27,1,0,0,0,0,0,0,0,0,0,0,1,2019-09-17,1,0,N,0,0,,,0,,0,0,0,0,0,,,,37.857968,-122.246350,"2940 Ashby Ave, Berkeley, California, 94705",98.909999999999997
BERKELEY,Alameda,2019,,053 162500600,3034 Acton,,B2019-00978,ADU,Renter,0,0,0,0,0,0,0,0,0,0,0,,0,0,0,0,0,0,0,0,0,0,0,1,2019-05-30,1,0,0,0,0,0,0,0,0,0,0,0,,0,0,N,0,0,,,0,,0,0,0,0,0,,,,37.851823,-122.281112,"3034 Acton St, Berkeley, California, 94702",98.909999999999997
BERKELEY,Alameda,2019,,055 181900102,2628 Shattuck,,ZP2018-0050,5+,Renter,0,0,0,0,0,0,0,0,0,0,78,2019-02-13,78,0,0,0,0,0,0,0,0,0,0,0,,0,0,0,0,0,0,0,0,0,0,0,0,,0,0,N,0,0,,,0,,0,0,0,0,0,,,,37.861004,-122.267105,"2628 Shattuck Ave, Berkeley, California, 94704",98.909999999999997
BERKELEY,Alameda,2019,,063 295101300,45 Alta,,B2019-02213,ADU,Owner,0,0,0,0,0,0,0,0,0,0,1,2019-05-10,1,0,0,0,0,0,0,0,0,0,0,1,2019-08-14,1,0,0,0,0,0,0,0,0,0,0,0,,0,0,N,0,0,,,0,,0,0,0,0,0,,,,37.902771,-122.270261,"45 Alta Rd, Berkeley, California, 94708",98.909999999999997
BERKELEY,Alameda,2019,,064 422900215,63 Vicente,,ZP2019-0020,SFD,Owner,0,0,0,0,0,0,0,0,0,0,1,2019-09-16,1,0,0,0,0,0,0,0,0,0,0,0,,0,0,0,0,0,0,0,0,0,0,0,0,,0,0,N,0,0,,,0,,0,0,0,0,0,,,,37.855280,-122.235526,"63 Vicente Rd, Berkeley, California, 94705",98.909999999999997
BERKELEY,Alameda,2019,,062 286900600,724 Peralta,,B2018-01975,ADU,Renter,0,0,0,0,0,0,0,0,0,0,0,,0,0,0,0,0,0,0,0,0,0,0,0,,0,0,0,0,0,0,0,0,0,0,0,1,2019-10-21,1,0,N,0,0,,,0,,0,0,0,0,0,,,,37.894162,-122.285616,"724 Peralta Ave, Berkeley, California, 94707",98.909999999999997
BERKELEY,Alameda,2019,,058 224201624,8 Maybeck Twin,,B2018-00857,SFD,Owner,0,0,0,0,0,0,0,0,0,0,0,,0,0,0,0,0,0,0,0,0,0,0,1,2019-06-19,1,0,0,0,0,0,0,0,0,0,0,0,,0,0,N,0,0,,,0,,0,0,0,0,0,,,,37.882228,-122.257234,"8 Maybeck Twin Dr, Berkeley, California, 94708",98.909999999999997
BERKELEY,Alameda,2019,,062 287100400,868 Ensenada,,B2019-01705,ADU,Renter,0,0,0,0,0,0,0,0,0,0,0,,0,0,0,0,0,0,0,0,0,0,0,1,2019-09-05,1,0,0,0,0,0,0,0,0,0,0,0,,0,0,N,0,0,,,0,,0,0,0,0,0,,,,37.891917,-122.282007,"868 Ensenada Ave, Berkeley, California, 94707",98.909999999999997
BERKELEY,Alameda,2019,,054 174402500,2740 San Pablo,,B2016-05139,5+,Renter,0,0,0,0,0,0,0,0,0,0,0,,0,0,0,0,0,0,0,0,0,0,0,0,,0,0,0,0,0,0,0,0,0,0,0,23,2019-10-23,23,0,N,0,0,,,0,,0,0,0,0,0,,,,37.856448,-122.288164,"2740 San Pablo Ave, Berkeley, California, 94702",98.909999999999997
BERKELEY,Alameda,2019,,063-2969-34-36,1026 Grizzly Peak,,ZP2018-0227,SFD,Owner,0,0,0,0,0,0,0,0,0,0,1,2019-09-16,1,0,0,0,0,0,0,0,0,0,0,0,,0,0,0,0,0,0,0,0,0,0,0,0,,0,0,N,0,0,,,0,,0,0,0,0,0,,,,37.894264,-122.258796,"1026 Grizzly Peak Blvd, Berkeley, California, 94708",98.909999999999997
BERKELEY,Alameda,2019,,053 162803700,1234 Burnett St,,B2018-02318,ADU,Renter,0,0,0,0,0,0,0,0,0,0,0,,0,0,0,0,0,0,0,0,0,0,0,0,,0,0,0,0,0,0,0,0,0,0,0,1,2019-11-04,1,0,N,0,0,,,0,,0,0,0,0,0,,,,37.853328,-122.285191,"1234 Burnett St, Berkeley, California, 94702",100
BERKELEY,Alameda,2019,,052 151602400,1310 Haskell St,,B2018-01346,SFD,Owner,0,0,0,0,0,0,0,0,0,0,0,,0,0,0,0,0,0,0,0,0,0,0,0,,0,0,0,0,0,0,0,0,0,0,0,1,2019-07-19,1,0,N,0,0,,,0,,1,0,0,0,0,,,bldg permit 1 of 3 SFHs on a lot,37.851183,-122.282724,"1310 Haskell St, Berkeley, California, 94702",100
BERKELEY,Alameda,2019,,052 151601000,1331 Sixty-Seventh,,B2019-01663,ADU,Renter,0,0,0,0,0,0,0,0,0,0,0,,0,0,0,0,0,0,0,0,0,0,0,1,2019-08-26,1,0,0,0,0,0,0,0,0,0,0,0,,0,0,N,0,0,,,0,,0,0,0,0,0,,,,37.850579,-122.281470,"1331 67th St, Berkeley, California, 94702",98.909999999999997
BERKELEY,Alameda,2019,,059 224902301,1410 Hawthrone Terrace,,B2018-05114,ADU,Renter,0,0,0,0,0,0,0,0,0,0,0,,0,0,0,0,0,0,0,0,0,0,0,1,2019-08-16,1,0,0,0,0,0,0,0,0,0,0,0,,0,0,N,0,0,,,0,,0,0,0,0,0,,,,37.882403,-122.262611,"1410 Hawthorne Ter, Berkeley, California, 94708",98.040000000000006
BERKELEY,Alameda,2019,,059 232500600,1444 Fifth,,B2019-01863,SFD,Owner,0,0,0,0,0,0,0,0,0,0,1,2019-05-29,1,0,0,0,0,0,0,0,0,0,0,1,2019-12-11,1,0,0,0,0,0,0,0,0,0,0,0,,0,0,N,0,0,,,0,,0,0,0,0,0,,,,37.875787,-122.301471,"1444 5th St, Berkeley, California, 94710",98.909999999999997
BERKELEY,Alameda,2019,,059 225202500,1505 Arch,,B2017-01520,ADU,Renter,0,0,0,0,0,0,0,0,0,0,0,,0,0,0,0,0,0,0,0,0,0,0,1,2019-04-04,1,0,0,0,0,0,0,0,0,0,0,0,,0,0,N,0,0,,,0,,0,0,0,0,0,,,,37.880572,-122.264723,"1505 Arch St, Berkeley, California, 94708",98.909999999999997
BERKELEY,Alameda,2019,,058 224500903,1581 Le Roy,,ZP2019-0061,SFD,Owner,0,0,0,0,0,0,0,0,0,0,1,2019-12-04,1,0,0,0,0,0,0,0,0,0,0,0,,0,0,0,0,0,0,0,0,0,0,0,0,,0,0,N,0,0,,,0,,0,0,0,0,0,,,,37.880530,-122.259008,"1581 Le Roy Ave, Berkeley, California, 94708",98.909999999999997
BERKELEY,Alameda,2019,,058 212503500,1611 Ninth St,,B2018-01352,ADU,Renter,0,0,0,0,0,0,0,0,0,0,0,,0,0,0,0,0,0,0,0,0,0,0,0,,0,0,0,0,0,0,0,0,0,0,0,1,2019-07-30,1,0,N,0,0,,,0,,0,0,0,0,0,,,,37.874233,-122.296189,"1611 9th St, Berkeley, California, 94710",100
BERKELEY,Alameda,2019,,058 215702200,1612 Virginia St,,B2017-03281,ADU,Renter,0,0,0,0,0,0,0,0,0,0,0,,0,0,0,0,0,0,0,0,0,0,0,0,,0,0,0,0,0,0,0,0,0,0,0,1,2019-12-04,1,0,N,0,0,,,0,,0,0,0,0,0,,,,37.875188,-122.279723,"1612 Virginia St, Berkeley, California, 94703",100
BERKELEY,Alameda,2019,,053 167402901,1632 Stuart,,ZP2019-0034,SFD,Owner,0,0,0,0,0,0,0,0,0,0,1,2019-02-21,1,0,0,0,0,0,0,0,0,0,0,0,,0,0,0,0,0,0,0,0,0,0,0,0,,0,0,N,0,0,,,0,,0,0,0,0,0,,,,37.857362,-122.276103,"1632 Stuart St, Berkeley, California, 94703",98.909999999999997
BERKELEY,Alameda,2019,,058 217001700,1711 Mlk Jr Way,,B2018-02288,2 to 4,Renter,0,0,0,0,0,0,0,0,0,0,0,,0,0,0,0,0,0,0,0,0,0,0,2,2019-08-05,2,0,0,0,0,0,0,0,0,0,0,2,2019-05-30,2,0,N,0,0,,,0,,0,0,0,0,0,,,,37.875515,-122.273433,"1711 Martin Luther King Jr Way, Berkeley, California, 94709",100
BERKELEY,Alameda,2019,,060 243700800,1732 Beverly,,B2018-03582,ADU,Renter,0,0,0,0,0,0,0,0,0,0,0,,0,0,0,0,0,0,0,0,0,0,0,1,2019-04-09,1,0,0,0,0,0,0,0,0,0,0,0,,0,0,N,0,0,,,0,,0,0,0,0,0,,,,37.884667,-122.277167,"1732 Beverly Pl, Berkeley, California, 94707",98.909999999999997
BERKELEY,Alameda,2019,,57 206301100,1825 Berkeley,,ZP2018-0085,2 to 4,Renter,0,0,0,0,0,0,0,0,0,0,2,2019-10-22,2,0,0,0,0,0,0,0,0,0,0,0,,0,0,0,0,0,0,0,0,0,0,0,0,,0,0,N,0,0,,,0,,0,0,0,0,0,,,,37.872352,-122.274178,"1825 Berkeley Way, Berkeley, California, 94703",98.909999999999997
BERKELEY,Alameda,2019,,062 289903000,1884 Thousand Oaks,,ZP2018-0141,ADU,Renter,0,0,0,0,0,0,0,0,0,0,1,2019-01-03,1,0,0,0,0,0,0,0,0,0,0,0,,0,0,0,0,0,0,0,0,0,0,0,0,,0,0,N,0,0,,,0,,0,0,0,0,0,,,,37.897165,-122.279050,"1884 Thousand Oaks Blvd, Berkeley, California, 94707",98.909999999999997
BERKELEY,Alameda,2019,,057 208901601,1923 Ninth,,ZP2018-0226,2 to 4,Owner,0,0,0,0,0,0,0,0,0,0,3,2019-11-01,3,0,0,0,0,0,0,0,0,0,0,0,,0,0,0,0,0,0,0,0,0,0,0,0,,0,0,N,0,0,,,0,,2,0,0,0,0,,,,37.869207,-122.294563,"1923 9th St, Berkeley, California, 94710",98.909999999999997
BERKELEY,Alameda,2019,,061 256900900,1925 Hopkins,,ZP2019-0082,ADU,Owner,0,0,0,0,0,0,0,0,0,0,1,2019-08-15,1,0,0,0,0,0,0,0,0,0,0,0,,0,0,0,0,0,0,0,0,0,0,0,0,,0,0,N,0,0,,,0,,0,0,0,0,0,,,,37.886097,-122.274178,"1925 Hopkins St, Berkeley, California, 94707",98.909999999999997
BERKELEY,Alameda,2019,,056 197201800,2015 Eighth,,ZP2018-0145,2 to 4,Renter,0,0,0,0,0,0,0,0,0,0,2,2019-11-13,2,0,0,0,0,0,0,0,0,0,0,0,,0,0,0,0,0,0,0,0,0,0,0,0,,0,0,N,0,0,,,0,,0,0,0,0,0,,,,37.867811,-122.295294,"2015 8th St, Berkeley, California, 94710",98.909999999999997
BERKELEY,Alameda,2019,,055 189401401,2025 DURANT,,,5+,Renter,0,0,0,0,0,0,0,0,0,0,2,2019-03-14,2,0,0,0,0,0,0,0,0,0,0,0,,0,0,0,0,0,0,0,0,0,0,0,0,,0,0,N,0,0,,,0,,0,0,0,0,0,,,,37.866546,-122.269033,"2025 Durant Ave, Berkeley, California, 94704",98.909999999999997
BERKELEY,Alameda,2019,,056 197402300,2129 Ninth,,B2019-01961,SFD,Owner,0,0,0,0,0,0,0,0,0,0,0,,0,0,0,0,0,0,0,0,0,0,0,1,2019-11-13,1,0,0,0,0,0,0,0,0,0,0,0,,0,0,N,0,0,,,0,,1,0,0,0,0,,,,37.866325,-122.293631,"2129 9th St, Berkeley, California, 94710",98.909999999999997
BERKELEY,Alameda,2019,,056 197500900,2212 Tenth,,B2018-01573,SFD,Owner,0,0,0,0,0,0,0,0,0,0,0,,0,0,0,0,0,0,0,0,0,0,0,0,,0,0,0,0,0,0,0,0,0,0,0,1,2019-06-04,1,0,N,0,0,,,0,,0,0,0,0,0,,,bldg permit 1 of 2 SFHs on a lot,37.865659,-122.292293,"2212 10th St, Berkeley, California, 94710",98.909999999999997
BERKELEY,Alameda,2019,,056 197000200,2214 Ninth,,B2017-01699,ADU,Renter,0,0,0,0,0,0,0,0,0,0,0,,0,0,0,0,0,0,0,0,0,0,0,0,,0,0,0,0,0,0,0,0,0,0,0,1,2019-05-16,1,0,N,0,0,,,0,,0,0,0,0,0,,,,37.865343,-122.293380,"2214 9th St, Berkeley, California, 94710",98.909999999999997
BERKELEY,Alameda,2019,,056 191701300,2322 Acton,,B2018-01921,ADU,Renter,0,0,0,0,0,0,0,0,0,0,0,,0,0,0,0,0,0,0,0,0,0,0,0,,0,0,0,0,0,0,0,0,0,0,0,1,2019-01-17,1,0,N,0,0,,,0,,0,0,0,0,0,,,,37.864383,-122.283428,"2322 Acton St, Berkeley, California, 94702",98.909999999999997
BERKELEY,Alameda,2019,,056 193702300,2323 Eighth,,B2018-01153,SFD,Owner,0,0,0,0,0,0,0,0,0,0,0,,0,0,0,0,0,0,0,0,0,0,0,1,2019-03-29,1,0,0,0,0,0,0,0,0,0,0,0,,0,0,N,0,0,,,0,,1,0,0,0,0,,,,37.862943,-122.293768,"2323 8th St, Berkeley, California, 94710",98.909999999999997
BERKELEY,Alameda,2019,,063 296404400,2633 Marin,,B2018-04394,ADU,Renter,0,0,0,0,0,0,0,0,0,0,0,,0,0,0,0,0,0,0,0,0,0,0,1,2019-06-17,1,0,0,0,0,0,0,0,0,0,0,0,,0,0,N,0,0,,,0,,0,0,0,0,0,,,,37.896598,-122.262380,"2633 Marin Ave, Berkeley, California, 94708",98.909999999999997
BERKELEY,Alameda,2019,,054 170202300,2732 Claremont,,B2018-03492,ADU,Renter,0,0,0,0,0,0,0,0,0,0,0,,0,0,0,0,0,0,0,0,0,0,0,1,2019-05-08,1,0,0,0,0,0,0,0,0,0,0,1,2019-09-26,1,0,N,0,0,,,0,,0,0,0,0,0,,,,37.861332,-122.246987,"2732 Claremont Blvd, Berkeley, California, 94705",98.909999999999997
BERKELEY,Alameda,2019,,063 298302500,2949 Shasta,,ZP2019-0154,ADU,Renter,0,0,0,0,0,0,0,0,0,0,1,2019-12-17,1,0,0,0,0,0,0,0,0,0,0,0,,0,0,0,0,0,0,0,0,0,0,0,0,,0,0,N,0,0,,,0,,0,0,0,0,0,,,,37.888474,-122.252748,"2949 Shasta Rd, Berkeley, California, 94708",98.909999999999997
BERKELEY,Alameda,2019,,063 295801500,681 Spruce,,B2017-03691,ADU,Renter,0,0,0,0,0,0,0,0,0,0,0,,0,0,0,0,0,0,0,0,0,0,0,0,,0,0,0,0,0,0,0,0,0,0,0,1,2019-07-19,1,0,N,0,0,,,0,,0,0,0,0,0,,,,37.898398,-122.269969,"681 Spruce St, Berkeley, California, 94707",98.909999999999997
BERKELEY,Alameda,2019,,054 171900100,2701 Shattuck,,,5+,Renter,0,0,0,0,5,0,0,0,0,0,52,2019-11-22,57,0,0,0,0,0,0,0,0,0,0,0,,0,0,0,0,0,0,0,0,0,0,0,0,,0,0,N,0,0,,DB,0,1000,0,0,0,0,0,,,,37.860010,-122.266982,"2701 Shattuck Ave, Berkeley, California, 94705",98.909999999999997
BERKELEY,Alameda,2019,,053 163502100,813 Folger,,B2018-00017,SFD,Owner,0,0,0,0,0,0,0,0,0,0,0,,0,0,0,0,0,0,0,0,0,0,0,1,2019-03-11,1,0,0,0,0,0,0,0,0,0,0,0,,0,0,N,0,0,,,0,,0,0,0,0,0,,,,37.849723,-122.292470,"813 Folger Ave, Berkeley, California, 94710",98.909999999999997
BERKELEY,Alameda,2019,,053 163502100,815 Folger,,B2018-00018,SFD,Owner,0,0,0,0,0,0,0,0,0,0,0,,0,0,0,0,0,0,0,0,0,0,0,1,2019-03-11,1,0,0,0,0,0,0,0,0,0,0,0,,0,0,N,0,0,,,0,,0,0,0,0,0,,,,37.849734,-122.292378,"815 Folger Ave, Berkeley, California, 94710",98.909999999999997
BERKELEY,Alameda,2019,,052 157403300,3021 Dana,,B2019-02673,5+,Renter,0,0,0,0,0,0,0,0,0,0,1,2019-04-19,1,0,0,0,0,0,0,0,0,0,0,1,2019-10-01,1,0,0,0,0,0,0,0,0,0,0,0,,0,0,N,0,0,,,0,,0,0,0,0,0,,,,37.854469,-122.258580,"3021 Dana St, Berkeley, California, 94705",98.909999999999997
BERKELEY,Alameda,2019,,064 424501700,105 Parkside Dr,,B2018-02206,ADU,Renter,0,0,0,0,0,0,0,0,0,0,0,,0,0,0,0,0,0,0,0,0,0,0,0,,0,0,0,0,0,0,0,0,0,0,0,1,2019-07-08,1,0,N,0,0,,,0,,0,0,0,0,0,,,,37.854270,-122.243561,"105 Parkside Dr, Berkeley, California, 94705",100
BERKELEY,Alameda,2019,,052 145202100,1222 Sixty-Sixth St,,B2017-02788,SFD,Owner,0,0,0,0,0,0,0,0,0,0,0,,0,0,0,0,0,0,0,0,0,0,0,0,,0,0,0,0,0,0,0,0,0,0,0,1,2019-07-26,1,0,N,0,0,,,0,,0,0,0,0,0,,,Building Permit 1 for 2 SFHs on one lot,37.849433,-122.282649,"1222 66th St, Berkeley, California, 94702",100
BERKELEY,Alameda,2019,,054 178700500,1225 Derby,,B2018-04312,ADU,Renter,0,0,0,0,0,0,0,0,0,0,0,,0,0,0,0,0,0,0,0,0,0,0,1,2019-02-19,1,0,0,0,0,0,0,0,0,0,0,1,2019-06-04,1,0,N,0,0,,,0,,0,0,0,0,0,,,,37.858051,-122.285513,"1225 Derby St, Berkeley, California, 94702",98.909999999999997
BERKELEY,Alameda,2019,,052 151602400,1310 Haskell St,,B2018-01348,SFD,Owner,0,0,0,0,0,0,0,0,0,0,0,,0,0,0,0,0,0,0,0,0,0,0,0,,0,0,0,0,0,0,0,0,0,0,0,1,2019-07-19,1,0,N,0,0,,,0,,0,0,0,0,0,,,bldg permit 2 of 3 SFHs on a lot,37.851183,-122.282724,"1310 Haskell St, Berkeley, California, 94702",100
BERKELEY,Alameda,2019,,054 178301100,1319 Blake St,,B2017-01805,ADU,Renter,0,0,0,0,0,0,0,0,0,0,0,,0,0,0,0,0,0,0,0,0,0,0,0,,0,0,0,0,0,0,0,0,0,0,0,1,2019-06-04,1,0,N,0,0,,,0,,0,0,0,0,0,,,,37.860906,-122.284447,"1319 Blake St, Berkeley, California, 94702",100
BERKELEY,Alameda,2019,,060 249402001,1325 Grizzy Peak,,B2018-03587,SFD,Renter,0,0,0,0,0,0,0,0,0,0,0,,0,0,0,0,0,0,0,0,0,0,0,1,2019-03-04,1,0,0,0,0,0,0,0,0,0,0,0,,0,0,N,0,0,,,0,,1,0,0,0,0,,,,37.886404,-122.250579,"1325 Grizzly Peak Blvd, Berkeley, California, 94708",97.379999999999995
BERKELEY,Alameda,2019,,059 227000504,1412 M L King Jr Way,,B2018-00964,ADU,Renter,0,0,0,0,0,0,0,0,0,0,0,,0,0,0,0,0,0,0,0,0,0,0,0,,0,0,0,0,0,0,0,0,0,0,0,1,2019-07-24,1,0,N,0,0,,,0,,0,0,0,0,0,,,,37.880955,-122.274049,"1412 Martin Luther King Jr Way, Berkeley, California, 94709",100
BERKELEY,Alameda,2019,,059 232500605,1444 Fifth,,B2019-03783,SFD,Owner,0,0,0,0,0,0,0,0,0,0,1,2019-05-29,1,0,0,0,0,0,0,0,0,0,0,1,2019-12-31,1,0,0,0,0,0,0,0,0,0,0,0,,0,0,N,0,0,,,0,,0,0,0,0,0,,,,37.875787,-122.301471,"1444 5th St, Berkeley, California, 94710",98.909999999999997
BERKELEY,Alameda,2019,,053 161201700,1507 Tyler,,B2019-00401,ADU,Renter,0,0,0,0,0,0,0,0,0,0,0,,0,0,0,0,0,0,0,0,0,0,0,1,2019-10-17,1,0,0,0,0,0,0,0,0,0,0,0,,0,0,N,0,0,,,0,,0,0,0,0,0,,,,37.852456,-122.278519,"1507 Tyler St, Berkeley, California, 94703",98.909999999999997
BERKELEY,Alameda,2019,,052 143500600,1626 Sixty-Second,,B2017-02517,ADU,Renter,0,0,0,0,0,0,0,0,0,0,0,,0,0,0,0,0,0,0,0,0,0,0,0,,0,0,0,0,0,0,0,0,0,0,0,1,2019-10-17,1,0,N,0,0,,,0,,0,0,0,0,0,,,,37.846515,-122.274226,"1626 62nd St, Berkeley, California, 94703",98.909999999999997
BERKELEY,Alameda,2019,,056 201000300,1710 Addison,,B2018-03979,ADU,Renter,0,0,0,0,0,0,0,0,0,0,0,,0,0,0,0,0,0,0,0,0,0,0,1,2019-01-09,1,0,0,0,0,0,0,0,0,0,0,1,2019-07-09,1,0,N,0,0,,,0,,0,0,0,0,0,,,,37.870044,-122.276874,"1710 Addison St, Berkeley, California, 94703",98.909999999999997
BERKELEY,Alameda,2019,,058 215903100,1724 Francisco St,,B2018-03167,ADU,Renter,0,0,0,0,0,0,0,0,0,0,0,,0,0,0,0,0,0,0,0,0,0,0,0,,0,0,0,0,0,0,0,0,0,0,0,1,2019-11-18,1,0,N,0,0,,,0,,0,0,0,0,0,,,,37.874672,-122.276792,"1724 Francisco St, Berkeley, California, 94703",100
BERKELEY,Alameda,2019,,060 243701800,1735 Hopkins,,B2018-04862,ADU,Renter,0,0,0,0,0,0,0,0,0,0,0,,0,0,0,0,0,0,0,0,0,0,0,1,2019-03-20,1,0,0,0,0,0,0,0,0,0,0,1,2019-10-17,1,0,N,0,0,,,0,,0,0,0,0,0,,,,37.883667,-122.278051,"1735 Hopkins St, Berkeley, California, 94707",98.909999999999997
BERKELEY,Alameda,2019,,053 159101803,2001 Ashby,,PLN2019-0059,5+,Renter,0,0,0,0,53,0,33,0,0,0,0,2019-12-20,86,0,0,0,0,0,0,0,0,0,0,0,,0,0,0,0,0,0,0,0,0,0,0,0,,0,0,Y,0,0,NPLH,Other,0,55,0,0,0,0,0,,,"35 of the low inc units are funded under LHTF.  Developeer is still pursuing funds (AHP, AHSC, IIG, NPLH, state 4% tax credits and state tax exempt bonds) for the remaining 33 units; these are expected to be restricted to 80% AMI or less.  Units are deed r",37.855076,-122.268367,"2001 Ashby Ave, Berkeley, California, 94703",98.909999999999997
BERKELEY,Alameda,2019,,058 217602500,2026 Francisco,,B2017-02592,ADU,Renter,0,0,0,0,0,0,0,0,0,0,0,,0,0,0,0,0,0,0,0,0,0,0,0,,0,0,0,0,0,0,0,0,0,0,0,1,2019-07-30,1,0,N,0,0,,,0,,0,0,0,0,0,,,,37.875526,-122.269931,"2026 Francisco St, Berkeley, California, 94709",98.909999999999997
BERKELEY,Alameda,2019,,056 197102300,2119 Eighth,,ZP2017-0055,SFD,Owner,0,0,0,0,0,0,0,0,0,0,1,2019-03-08,1,0,0,0,0,0,0,0,0,0,0,0,,0,0,0,0,0,0,0,0,0,0,0,0,,0,0,N,0,0,,,0,,0,0,0,0,0,,,,37.866310,-122.294814,"2119 8th St, Berkeley, California, 94710",98.909999999999997
BERKELEY,Alameda,2019,,057 201800400,2200 Mlk Jr,,B2018-03054,SFD,Owner,0,0,0,0,0,0,0,0,0,0,0,,0,0,0,0,0,0,0,0,0,0,0,1,2019-05-31,1,0,0,0,0,0,0,0,0,0,0,0,,0,0,N,0,0,,,0,,0,0,0,0,0,,,,37.868613,-122.272977,"2200 M L K Jr, Berkeley, California, 94704",100
BERKELEY,Alameda,2019,,056 200803500,2213 Jefferson,,B2018-02733,ADU,Renter,0,0,0,0,0,0,0,0,0,0,0,,0,0,0,0,0,0,0,0,0,0,0,0,,0,0,0,0,0,0,0,0,0,0,0,1,2019-05-22,1,0,N,0,0,,,0,,0,0,0,0,0,,,,37.867602,-122.278261,"2213 Jefferson Ave, Berkeley, California, 94703",98.909999999999997
BERKELEY,Alameda,2019,,056 199804700,2215 Acton,,B2019-02162,ADU,Owner,0,0,0,0,0,0,0,0,0,0,1,2019-05-24,1,0,0,0,0,0,0,0,0,0,0,1,2019-08-20,1,0,0,0,0,0,0,0,0,0,0,0,,0,0,N,0,0,,,0,,0,0,0,0,0,,,,37.866446,-122.283835,"2215 Acton St, Berkeley, California, 94702",98.909999999999997
BERKELEY,Alameda,2019,,055 191305900,2431 Spaulding,,B2018-03595,ADU,Renter,0,0,0,0,0,0,0,0,0,0,0,,0,0,0,0,0,0,0,0,0,0,0,0,,0,0,0,0,0,0,0,0,0,0,0,1,2019-04-03,1,0,N,0,0,,,0,,0,0,0,0,0,,,,37.862970,-122.280102,"2431 Spaulding Ave, Berkeley, California, 94703",98.909999999999997
BERKELEY,Alameda,2019,,055 187601700,2526 Durant,,B2014-02844,5+,Renter,0,0,0,0,0,0,0,0,0,0,0,,0,0,0,0,0,0,0,0,0,0,0,0,,0,0,0,0,0,0,0,0,0,0,0,44,2019-06-14,44,0,N,0,0,,,0,,0,0,0,0,0,,,,37.867939,-122.257769,"2526 Durant Ave, Berkeley, California, 94704",98.909999999999997
BERKELEY,Alameda,2019,,053 169401400,2615 Russell,,B2018-03427,ADU,Renter,0,0,0,0,0,0,0,0,0,0,0,,0,0,0,0,0,0,0,0,0,0,0,1,2019-06-17,1,0,0,0,0,0,0,0,0,0,0,1,2019-09-09,1,0,N,0,0,,,0,,0,0,0,0,0,,,,37.858291,-122.254945,"2615 Russell St, Berkeley, California, 94705",98.909999999999997
BERKELEY,Alameda,2019,,064 424202500,65 Domingo,,B2019-00584,ADU,Renter,0,0,0,0,0,0,0,0,0,0,0,,0,0,0,0,0,0,0,0,0,0,0,1,2019-04-19,1,0,0,0,0,0,0,0,0,0,0,0,,0,0,N,0,0,,,0,,0,0,0,0,0,,,,37.855614,-122.243614,"65 Domingo Ave, Berkeley, California, 94705",98.909999999999997
BERKELEY,Alameda,2019,,059 231100200,1004 Jones,,B2018-04738,ADU,Renter,0,0,0,0,0,0,0,0,0,0,0,,0,0,0,0,0,0,0,0,0,0,0,1,2019-03-11,1,0,0,0,0,0,0,0,0,0,0,1,2019-07-26,1,0,N,0,0,,,0,,0,0,0,0,0,,,,37.875963,-122.296388,"1004 Jones St, Berkeley, California, 94710",98.909999999999997
BERKELEY,Alameda,2019,,058 213003300,1121 Delaware St,,B2017-03440,ADU,Renter,0,0,0,0,0,0,0,0,0,0,0,,0,0,0,0,0,0,0,0,0,0,0,0,,0,0,0,0,0,0,0,0,0,0,0,1,2019-05-28,1,0,N,0,0,,,0,,0,0,0,0,0,,,,37.871837,-122.291989,"1121 Delaware St, Berkeley, California, 94702",100
BERKELEY,Alameda,2019,,060 244504300,1333 Carlotta,,B2019-00843,ADU,Renter,0,0,0,0,0,0,0,0,0,0,0,,0,0,0,0,0,0,0,0,0,0,0,1,2019-07-15,1,0,0,0,0,0,0,0,0,0,0,0,,0,0,N,0,0,,,0,,0,0,0,0,0,,,,37.881532,-122.279306,"1333 Carlotta Ave, Berkeley, California, 94703",98.909999999999997
BERKELEY,Alameda,2019,,059 228000700,1406 Mcgee Ave,,B2018-01751,ADU,Renter,0,0,0,0,0,0,0,0,0,0,0,,0,0,0,0,0,0,0,0,0,0,0,0,,0,0,0,0,0,0,0,0,0,0,0,1,2019-07-10,1,0,N,0,0,,,0,,0,0,0,0,0,,,,37.879757,-122.279790,"1406 McGee Ave, Berkeley, California, 94703",100
BERKELEY,Alameda,2019,,059 228202900,1407 Cypress St,,B2018-03533,ADU,Renter,0,0,0,0,0,0,0,0,0,0,0,,0,0,0,0,0,0,0,0,0,0,0,0,,0,0,0,0,0,0,0,0,0,0,0,1,2019-04-29,1,0,N,0,0,,,0,,0,0,0,0,0,,,,37.880211,-122.278495,"1407 Cypress St, Berkeley, California, 94703",100
BERKELEY,Alameda,2019,,060 239701900,1407 Kains,,ZP2019-0042,ADU,Renter,0,0,0,0,0,0,0,0,0,0,1,2019-12-17,1,0,0,0,0,0,0,0,0,0,0,0,,0,0,0,0,0,0,0,0,0,0,0,0,,0,0,N,0,0,,,0,,0,0,0,0,0,,,,37.878621,-122.294199,"1407 Kains Ave, Berkeley, California, 94702",98.909999999999997
BERKELEY,Alameda,2019,,059 225800800,1416 Oxford,,B2019-01817,ADU,Renter,0,0,0,0,0,0,0,0,0,0,0,,0,0,0,0,0,0,0,0,0,0,0,1,2019-08-26,1,0,0,0,0,0,0,0,0,0,0,0,,0,0,N,0,0,,,0,,0,0,0,0,0,,,,37.881646,-122.267209,"1416 Oxford St, Berkeley, California, 94709",98.909999999999997
BERKELEY,Alameda,2019,,052 154200800,1527 Woolsey,,B2019-00029,ADU,Renter,0,0,0,0,0,0,0,0,0,0,0,,0,0,0,0,0,0,0,0,0,0,0,1,2019-04-29,1,0,0,0,0,0,0,0,0,0,0,1,2019-11-27,1,0,N,0,0,,,0,,0,0,0,0,0,,,,37.850785,-122.277260,"1527 Woolsey St, Berkeley, California, 94703",98.909999999999997
BERKELEY,Alameda,2019,,053 167302600,1610 Oregon,,B2019-03475,ADU,Renter,0,0,0,0,0,0,0,0,0,0,0,,0,0,0,0,0,0,0,0,0,0,0,1,2019-12-06,1,0,0,0,0,0,0,0,0,0,0,0,,0,0,N,0,0,,,0,,0,0,0,0,0,,,,37.856357,-122.276825,"1610 Oregon St, Berkeley, California, 94703",98.909999999999997
BERKELEY,Alameda,2019,,052 152701100,1811 Sixty - Third,,ZP2018-0196,SFD,Owner,0,0,0,0,0,0,0,0,0,0,1,2019-07-23,1,0,0,0,0,0,0,0,0,0,0,0,,0,0,0,0,0,0,0,0,0,0,0,0,,0,0,N,0,0,,,0,,0,0,0,0,0,,,,37.847960,-122.270682,"1811 63rd St, Berkeley, California, 94703",98.909999999999997
BERKELEY,Alameda,2019,,052 152600400,1827 Sixty-Second,,B2019-00439,ADU,Renter,0,0,0,0,0,0,0,0,0,0,1,2019-08-07,1,0,0,0,0,0,0,0,0,0,0,1,2019-06-19,1,0,0,0,0,0,0,0,0,0,0,0,,0,0,N,0,0,,,0,,0,0,0,0,0,,,,37.847184,-122.269560,"1827 62nd St, Berkeley, California, 94703",98.909999999999997
BERKELEY,Alameda,2019,,062 292203200,1843 San Ramon,,B2018-03583,ADU,Renter,0,0,0,0,0,0,0,0,0,0,0,,0,0,0,0,0,0,0,0,0,0,0,0,,0,0,0,0,0,0,0,0,0,0,0,1,2019-12-11,1,0,N,0,0,,,0,,0,0,0,0,0,,,,37.898687,-122.279284,"1843 San Ramon Ave, Berkeley, California, 94707",98.909999999999997
BERKELEY,Alameda,2019,,061 257400200,1991 Marin,,B2019-02858,ADU,Renter,0,0,0,0,0,0,0,0,0,0,1,2019-04-09,1,0,0,0,0,0,0,0,0,0,0,1,2019-11-19,1,0,0,0,0,0,0,0,0,0,0,0,,0,0,N,0,0,,,0,,0,0,0,0,0,,,,37.889897,-122.272924,"1991 Marin Ave, Berkeley, California, 94707",98.909999999999997
BERKELEY,Alameda,2019,,053 168602400,2128 Oregon,,B2018-04967,ADU,Renter,0,0,0,0,0,0,0,0,0,0,0,,0,0,0,0,0,0,0,0,0,0,0,1,2019-06-27,1,0,0,0,0,0,0,0,0,0,0,0,,0,0,N,0,0,,,0,,0,0,0,0,0,,,,37.857733,-122.265810,"2128 Oregon St, Berkeley, California, 94705",98.909999999999997
BERKELEY,Alameda,2019,,055 191201300,2320 Jefferson,,B2018-04354,ADU,Renter,0,0,0,0,0,0,0,0,0,0,0,,0,0,0,0,0,0,0,0,0,0,0,1,2019-03-06,1,0,0,0,0,0,0,0,0,0,0,1,2019-11-26,1,0,N,0,0,,,0,,0,0,0,0,0,,,,37.865595,-122.278111,"2320 Jefferson Ave, Berkeley, California, 94703",98.909999999999997
BERKELEY,Alameda,2019,,053 159001800,2913 Newbury,,B2019-01102,ADU,Renter,0,0,0,0,0,0,0,0,0,0,0,,0,0,0,0,0,0,0,0,0,0,0,1,2019-06-27,1,0,0,0,0,0,0,0,0,0,0,1,2019-11-18,1,0,N,0,0,,,0,,0,0,0,0,0,,,,37.856067,-122.267484,"2913 Newbury St, Berkeley, California, 94703",98.909999999999997
BERKELEY,Alameda,2019,,052 156307100,3124 Lewiston,,B2018-05115,ADU,Renter,0,0,0,0,0,0,0,0,0,0,0,,0,0,0,0,0,0,0,0,0,0,0,1,2019-05-15,1,0,0,0,0,0,0,0,0,0,0,1,2019-12-10,1,0,N,0,0,,,0,,0,0,0,0,0,,,,37.853007,-122.251629,"3124 Lewiston Ave, Berkeley, California, 94705",98.909999999999997
BERKELEY,Alameda,2019,,062 286903300,725 Neilson,,B2018-03598,ADU,Renter,0,0,0,0,0,0,0,0,0,0,0,,0,0,0,0,0,0,0,0,0,0,0,0,,0,0,0,0,0,0,0,0,0,0,0,1,2019-03-22,1,0,N,0,0,,,0,,0,0,0,0,0,,,,37.894181,-122.286418,"725 Neilson St, Berkeley, California, 94707",98.909999999999997
BERKELEY,Alameda,2019,,062 287400500,826 Miramar,,B2018-02161,ADU,Renter,0,0,0,0,0,0,0,0,0,0,0,,0,0,0,0,0,0,0,0,0,0,0,0,,0,0,0,0,0,0,0,0,0,0,0,1,2019-07-11,1,0,N,0,0,,,0,,0,0,0,0,0,,,,37.892295,-122.284858,"826 Miramar Ave, Berkeley, California, 94707",98.909999999999997
BERKELEY,Alameda,2019,,062 287002400,857 Neilson,,B2019-01118,ADU,Renter,0,0,0,0,0,0,0,0,0,0,0,,0,0,0,0,0,0,0,0,0,0,0,1,2019-08-16,1,0,0,0,0,0,0,0,0,0,0,0,,0,0,N,0,0,,,0,,0,0,0,0,0,,,,37.891777,-122.286533,"857 Neilson St, Berkeley, California, 94707",98.909999999999997
BERKELEY,Alameda,2019,,056 194500704,739 Channing,,B2019-02824,2 to 4,Renter,0,0,0,0,0,0,0,0,0,0,0,,0,0,0,0,0,0,0,0,0,0,0,4,2019-07-11,4,0,0,0,0,0,0,0,0,0,0,0,,0,0,N,0,0,,,0,,0,0,0,0,0,,,,37.861489,-122.297079,"739 Channing Way, Berkeley, California, 94710",98.909999999999997
BERKELEY,Alameda,2019,,053 163502100,811 Folger,,B2018-00016,SFD,Owner,0,0,0,0,0,0,0,0,0,0,0,,0,0,0,0,0,0,0,0,0,0,0,1,2019-03-11,1,0,0,0,0,0,0,0,0,0,0,0,,0,0,N,0,0,,,0,,0,0,0,0,0,,,,37.849717,-122.292521,"811 Folger Ave, Berkeley, California, 94710",98.909999999999997
BERKELEY,Alameda,2019,,058 223201201,85 Parnassus,,B2015-00442,ADU,Renter,0,0,0,0,0,0,0,0,0,0,0,,0,0,0,0,0,0,0,0,0,0,0,0,,0,0,0,0,0,0,0,0,0,0,0,1,2019-05-28,1,0,N,0,0,,,0,,0,0,0,0,0,,,,37.881382,-122.253192,"85 Parnassus Rd, Berkeley, California, 94708",98.909999999999997
BERKELEY,Alameda,2019,,061 256301400,1040 Mariposa Ave,,B2017-03979,ADU,Renter,0,0,0,0,0,0,0,0,0,0,0,,0,0,0,0,0,0,0,0,0,0,0,0,,0,0,0,0,0,0,0,0,0,0,0,1,2019-02-05,1,0,N,0,0,,,0,,0,0,0,0,0,,,,37.888441,-122.270915,"1040 Mariposa Ave, Berkeley, California, 94707",100
BERKELEY,Alameda,2019,,056 198301100,1111 Allston,,ZP2018-0182,SFD,Renter,0,0,0,0,0,0,0,0,0,0,1,2019-07-09,1,0,0,0,0,0,0,0,0,0,0,0,,0,0,0,0,0,0,0,0,0,0,0,0,,0,0,N,0,0,,,0,,0,0,0,0,0,,,,37.866501,-122.290616,"1111 Allston Way, Berkeley, California, 94702",98.909999999999997
BERKELEY,Alameda,2019,,063 315005900,1118 Park Hills,,B2019-01052,ADU,Renter,0,0,0,0,0,0,0,0,0,0,0,,0,0,0,0,0,0,0,0,0,0,0,1,2019-07-15,1,0,0,0,0,0,0,0,0,0,0,0,,0,0,N,0,0,,,0,,0,0,0,0,0,,,,37.891807,-122.253186,"1118 Park Hills Rd, Berkeley, California, 94708",98.909999999999997
BERKELEY,Alameda,2019,,054 178100700,1127 Blake St,,B2018-01749,ADU,Renter,0,0,0,0,0,0,0,0,0,0,0,,0,0,0,0,0,0,0,0,0,0,0,0,,0,0,0,0,0,0,0,0,0,0,0,1,2019-09-16,1,0,N,0,0,,,0,,0,0,0,0,0,,,,37.860474,-122.287773,"1127 Blake St, Berkeley, California, 94702",100
BERKELEY,Alameda,2019,,058 212900200,1157 Francisco St,,B2017-04979,ADU,Renter,0,0,0,0,0,0,0,0,0,0,0,,0,0,0,0,0,0,0,0,0,0,0,0,,0,0,0,0,0,0,0,0,0,0,0,1,2019-07-25,1,0,N,0,0,,,0,,0,0,0,0,0,,,,37.872910,-122.290853,"1157 Francisco St, Berkeley, California, 94702",100
BERKELEY,Alameda,2019,,052 145202100,1222 Sixty-Sixth St,,B2017-02832,SFD,Owner,0,0,0,0,0,0,0,0,0,0,0,,0,0,0,0,0,0,0,0,0,0,0,0,,0,0,0,0,0,0,0,0,0,0,0,1,2019-07-26,1,0,N,0,0,,,0,,0,0,0,0,0,,,,37.849433,-122.282649,"1222 66th St, Berkeley, California, 94702",100
BERKELEY,Alameda,2019,,059 233202300,1419 Tenth,,B2018-04427,ADU,Renter,0,0,0,0,0,0,0,0,0,0,0,,0,0,0,0,0,0,0,0,0,0,0,1,2019-03-15,1,0,0,0,0,0,0,0,0,0,0,1,2019-07-23,1,0,N,0,0,,,0,,0,0,0,0,0,,,,37.877819,-122.296163,"1419 10th St, Berkeley, California, 94710",98.909999999999997
BERKELEY,Alameda,2019,,060 239205400,1441 Cornell,,ZP2018-0168,ADU,Renter,0,0,0,0,0,0,0,0,0,0,1,2019-07-24,1,0,0,0,0,0,0,0,0,0,0,0,,0,0,0,0,0,0,0,0,0,0,0,0,,0,0,N,0,0,,,0,,0,0,0,0,0,,,,37.877862,-122.292155,"1441 Cornell Ave, Berkeley, California, 94702",98.909999999999997
BERKELEY,Alameda,2019,,057 207600700,1442 Delaware,,B2018-03476,ADU,Renter,0,0,0,0,0,0,0,0,0,0,0,,0,0,0,0,0,0,0,0,0,0,0,1,2019-05-07,1,0,0,0,0,0,0,0,0,0,0,0,,0,0,N,0,0,,,0,,0,0,0,0,0,,,,37.872994,-122.282595,"1442 Delaware St, Berkeley, California, 94702",98.909999999999997
BERKELEY,Alameda,2019,,059 232500600,1444 Fifth,,B2019-01349,SFD,Owner,0,0,0,0,0,0,0,0,0,0,1,2019-05-29,1,0,0,0,0,0,0,0,0,0,0,1,2019-12-09,1,0,0,0,0,0,0,0,0,0,0,0,,0,0,N,0,0,,,0,,0,0,0,0,0,,,,37.875787,-122.301471,"1444 5th St, Berkeley, California, 94710",98.909999999999997
BERKELEY,Alameda,2019,,059 233001000,1472 Tenth,,B2019-01023,ADU,Renter,0,0,0,0,0,0,0,0,0,0,0,,0,0,0,0,0,0,0,0,0,0,0,1,2019-07-29,1,0,0,0,0,0,0,0,0,0,0,1,2019-11-15,1,0,N,0,0,,,0,,0,0,0,0,0,,,,37.876670,-122.295846,"1472 10th St, Berkeley, California, 94710",98.909999999999997
BERKELEY,Alameda,2019,,059 226800601,1506 Bonita Ave.,,B2018-02604,2 to 4,Renter,0,0,0,0,0,0,0,0,0,0,0,,0,0,0,0,0,0,0,0,0,0,0,2,2019-03-06,2,0,0,0,0,0,0,0,0,0,0,0,,0,0,N,0,0,,,0,,4,0,0,0,0,,,,37.879284,-122.272720,"1506 Bonita Ave, Berkeley, California, 94709",100
BERKELEY,Alameda,2019,,059 229004300,1619 Cornell,,B2009-02862,2 to 4,Renter,0,0,0,0,0,0,0,0,0,0,0,,0,0,0,0,0,0,0,0,0,0,0,0,,0,0,0,0,0,0,0,0,0,0,0,1,2019-10-24,1,0,N,0,0,,,0,,0,0,0,0,0,,,,37.875006,-122.291229,"1619 Cornell Ave, Berkeley, California, 94702",98.909999999999997
BERKELEY,Alameda,2019,,058 216502500,1631 Grant St,,B2017-05402,ADU,Renter,0,0,0,0,0,0,0,0,0,0,0,,0,0,0,0,0,0,0,0,0,0,0,0,,0,0,0,0,0,0,0,0,0,0,0,1,2019-03-22,1,0,N,0,0,,,0,,0,0,0,0,0,,,,37.876387,-122.275809,"1631 Grant St, Berkeley, California, 94703",100
BERKELEY,Alameda,2019,,055 190502100,1731 Channing,,ZP2019-0092,ADU,Owner,0,0,0,0,0,0,0,0,0,0,1,2019-12-31,1,0,0,0,0,0,0,0,0,0,0,0,,0,0,0,0,0,0,0,0,0,0,0,0,,0,0,N,0,0,,,0,,0,0,0,0,0,,,,37.864821,-122.275252,"1731 Channing Way, Berkeley, California, 94703",98.909999999999997
BERKELEY,Alameda,2019,,057 207500201,1904 Sacramento,,B2019-00961,ADU,Renter,0,0,0,0,0,0,0,0,0,0,0,,0,0,0,0,0,0,0,0,0,0,0,1,2019-03-27,1,0,0,0,0,0,0,0,0,0,0,0,,0,0,N,0,0,,,0,,0,0,0,0,0,,,,37.871604,-122.282200,"1904 Sacramento St, Berkeley, California, 94702",98.909999999999997
BERKELEY,Alameda,2019,,053 167902200,1914 Oregon,,B2019-00805,ADU,Renter,0,0,0,0,0,0,0,0,0,0,0,,0,0,0,0,0,0,0,0,0,0,0,1,2019-10-04,1,0,0,0,0,0,0,0,0,0,0,0,,0,0,N,0,0,,,0,,0,0,0,0,0,,,,37.857113,-122.270549,"1914 Oregon St, Berkeley, California, 94703",98.909999999999997
BERKELEY,Alameda,2019,,056 196502000,2125 Sixth,,B2018-04808,ADU,Renter,0,0,0,0,0,0,0,0,0,0,0,,0,0,0,0,0,0,0,0,0,0,0,1,2019-04-09,1,0,0,0,0,0,0,0,0,0,0,0,,0,0,N,0,0,,,0,,0,0,0,0,0,,,,37.865798,-122.296984,"2125 6th St, Berkeley, California, 94710",98.909999999999997
BERKELEY,Alameda,2019,,056 197402300,2129 Ninth,,B2019-01963,SFD,Owner,0,0,0,0,0,0,0,0,0,0,0,,0,0,0,0,0,0,0,0,0,0,0,1,2019-11-13,1,0,0,0,0,0,0,0,0,0,0,0,,0,0,N,0,0,,,0,,0,0,0,0,0,,,,37.866325,-122.293631,"2129 9th St, Berkeley, California, 94710",98.909999999999997
BERKELEY,Alameda,2019,,056 198501200,2132 Curtis,,B2018-04041,ADU,Renter,0,0,0,0,0,0,0,0,0,0,0,,0,0,0,0,0,0,0,0,0,0,0,1,2019-01-30,1,0,0,0,0,0,0,0,0,0,0,1,2019-09-10,1,0,N,0,0,,,0,,0,0,0,0,0,,,,37.867320,-122.289163,"2132 Curtis St, Berkeley, California, 94702",98.909999999999997
BERKELEY,Alameda,2019,,055 189301800,2124 Bancroft,,B2016-04483,5+,Renter,0,0,0,0,0,0,0,0,0,0,0,,0,0,0,0,0,0,0,0,0,0,0,0,,0,0,0,0,0,0,0,0,0,0,0,50,2019-11-15,50,0,N,0,0,,,0,,0,0,0,0,0,,,,37.867719,-122.266580,"2124 Bancroft Way, Berkeley, California, 94704",98.909999999999997
BERKELEY,Alameda,2019,,056 194101900,2325 Sixth,,ZP2017-0146,2 to 4,Renter,0,0,0,0,0,0,0,0,0,0,1,2019-09-25,1,0,0,0,0,0,0,0,0,0,0,0,,0,0,0,0,0,0,0,0,0,0,0,0,,0,0,N,0,0,,,0,,0,0,0,0,0,,,,37.862565,-122.295901,"2325 6th St, Berkeley, California, 94710",98.909999999999997
BERKELEY,Alameda,2019,,053 169202000,2425 Oregon,,B2018-01833,ADU,Renter,0,0,0,0,0,0,0,0,0,0,0,,0,0,0,0,0,0,0,0,0,0,0,0,,0,0,0,0,0,0,0,0,0,0,0,1,2019-04-23,1,0,N,0,0,,,0,,0,0,0,0,0,,,,37.858790,-122.258067,"2425 Oregon St, Berkeley, California, 94705",98.909999999999997
BERKELEY,Alameda,2019,,055 184200200,2524 Dwight,,B2018-03160,SFD,Owner,0,0,0,0,0,0,0,0,0,0,0,,0,0,0,0,0,0,0,0,0,0,0,1,2019-04-04,1,0,0,0,0,0,0,0,0,0,0,0,,0,0,N,0,0,,,0,,0,0,0,0,0,,,,37.865226,-122.257408,"2524 Dwight Way, Berkeley, California, 94704",98.909999999999997
BERKELEY,Alameda,2019,,055 189501805,2352 Shattuck,,ZP2018-0135,5+,Renter,0,0,0,0,14,0,0,0,0,0,190,2019-11-20,204,0,0,0,0,0,0,0,0,0,0,0,,0,0,0,0,0,0,0,0,0,0,0,0,,0,0,N,0,0,,DB,0,,0,0,0,0,0,,,,37.866411,-122.267740,"2352 Shattuck Ave, Berkeley, California, 94704",98.909999999999997
BERKELEY,Alameda,2019,,053 170101300,2848 Garber,,B2018-03258-REV01,ADU,Renter,0,0,0,0,0,0,0,0,0,0,0,,0,0,0,0,0,0,0,0,0,0,0,1,2019-07-17,1,0,0,0,0,0,0,0,0,0,0,0,,0,0,N,0,0,,,0,,0,0,0,0,0,,,,37.860879,-122.248935,"2848 Garber St, Berkeley, California, 94705",98.909999999999997
BERKELEY,Alameda,2019,,052 156406700,2856 Webster,,B2018-00747,ADU,Renter,0,0,0,0,0,0,0,0,0,0,0,,0,0,0,0,0,0,0,0,0,0,0,0,,0,0,0,0,0,0,0,0,0,0,0,1,2019-07-30,1,0,N,0,0,,,0,,0,0,0,0,0,,,,37.856053,-122.247940,"2856 Webster St, Berkeley, California, 94705",98.909999999999997
BERKELEY,Alameda,2019,,052 157603200,3046 Telegraph,,B2016-05172,2 to 4,Renter,0,0,0,0,0,0,0,0,0,0,0,,0,0,0,0,0,0,0,0,0,0,0,0,,0,0,0,0,0,0,0,0,0,0,0,1,2019-01-22,1,0,N,0,0,,,0,,0,0,0,0,0,,,,37.854248,-122.260061,"3046 Telegraph Ave, Berkeley, California, 94705",98.909999999999997
BERKELEY,Alameda,2019,,052 156312600,3129 Lewiston,,ZP2019-0015,ADU,Renter,0,0,0,0,0,0,0,0,0,0,1,2019-11-01,1,0,0,0,0,0,0,0,0,0,0,0,,0,0,0,0,0,0,0,0,0,0,0,0,,0,0,N,0,0,,,0,,0,0,0,0,0,,,,37.852871,-122.251562,"3129 Lewiston Ave, Berkeley, California, 94705",98.909999999999997
BERKELEY,Alameda,2019,,052 143301200,3353 M L King Jr,,B2017-02082,2 to 4,Renter,0,0,0,0,0,0,0,0,0,0,0,,0,0,0,0,0,0,0,0,0,0,0,2,2019-08-07,2,0,0,0,0,0,0,0,0,0,0,0,,0,0,N,0,0,,,0,,0,0,0,0,0,,,,37.846788,-122.271026,"3353 Martin Luther King Jr Way, Berkeley, California, 94703",98.909999999999997
BERKELEY,Alameda,2019,,064 424000300,53 The Plaza,,B2018-00431,ADU,Renter,0,0,0,0,0,0,0,0,0,0,0,,0,0,0,0,0,0,0,0,0,0,0,0,,0,0,0,0,0,0,0,0,0,0,0,1,2019-05-06,1,0,N,0,0,,,0,,0,0,0,0,0,,,,37.855035,-122.244181,"53 The Plaza Dr, Berkeley, California, 94705",98.909999999999997
BERKELEY,Alameda,2019,,056 193800300,910 Bancroft,,ZP2019-0098,ADU,Renter,0,0,0,0,0,0,0,0,0,0,1,2019-08-20,1,0,0,0,0,0,0,0,0,0,0,0,,0,0,0,0,0,0,0,0,0,0,0,0,,0,0,N,0,0,,,0,,0,0,0,0,0,,,,37.863791,-122.294717,"910 Bancroft Way, Berkeley, California, 94710",98.909999999999997
BERKELEY,Alameda,2024,,058 215301200,1517 VIRGINIA,,B2022-01742,ADU,Renter,0,0,0,0,0,0,0,0,0,0,0,,0,0,0,0,0,0,0,0,0,0,0,0,,0,0,0,0,0,0,1,0,0,0,0,0,2024-09-12,1,0,NONE,0,Y,,,ABAG ADU Affordability Methodology,,0,0,0,0,0,,,,37.875009,-122.281538,"1517 Virginia St, Berkeley, California, 94703",98.909999999999997
BERKELEY,Alameda,2024,,058 215301200,1517 VIRGINIA St,,B2022-01742-REV01,ADU,Renter,0,0,0,0,0,1,0,0,0,0,0,2024-06-17,1,0,0,0,0,0,1,0,0,0,0,0,2024-06-17,1,0,0,0,0,0,0,0,0,0,0,0,,0,0,NONE,0,Y,,,ABAG ADU Affordability Methodology,,0,0,0,0,0,,,,37.875009,-122.281538,"1517 Virginia St, Berkeley, California, 94703",100
BERKELEY,Alameda,2024,,058 217700300,1700 Walnut St,,B2022-04690-REV01,ADU,Renter,0,0,0,0,0,0,0,0,0,0,0,,0,0,0,0,0,0,0,0,0,0,0,0,,0,0,0,0,0,0,0,0,0,0,1,0,2024-08-07,1,0,NONE,0,Y,,,ABAG ADU Affordability Methodology,,0,0,0,0,0,,,Original permit issued in 2023 for a new ADU. This revision removes ADU from scope of work.,37.876602,-122.267817,"1700 Walnut St, Berkeley, California, 94709",100
BERKELEY,Alameda,2024,,057 206201000,1725 BERKELEY Way,,B2022-01835,ADU,Renter,0,0,0,0,0,0,0,0,0,0,0,,0,0,0,0,0,0,0,0,0,0,0,0,,0,0,0,0,0,0,0,0,0,0,1,0,2024-04-19,1,0,NONE,0,Y,,,ABAG ADU Affordability Methodology,,0,0,0,0,0,,,,37.872046,-122.276552,"1725 Berkeley Way, Berkeley, California, 94703",100
BERKELEY,Alameda,2024,,057 206000800,1933 Grant St,,B2023-00762,ADU,Renter,0,0,0,0,0,0,0,1,0,0,0,2024-02-20,1,0,0,0,0,0,0,0,1,0,0,0,2024-02-20,1,0,0,0,0,0,0,0,0,0,0,0,,0,0,NONE,0,Y,,,ABAG ADU Affordability Methodology,,0,0,0,0,0,,,,37.871803,-122.275304,"1933 Grant St, Berkeley, California, 94703",100
BERKELEY,Alameda,2024,,053 168603300,2164 OREGON St,,B2023-02897,ADU,Renter,0,0,0,0,0,0,0,0,0,0,0,,0,0,0,0,0,0,0,0,0,0,0,0,,0,0,0,0,0,0,0,0,1,0,0,0,2024-04-02,1,0,NONE,0,Y,,,ABAG ADU Affordability Methodology,,0,0,0,0,0,,,,37.857878,-122.264657,"2164 Oregon St, Berkeley, California, 94705",100
BERKELEY,Alameda,2024,,057 201303200,2215 ROOSEVELT,,B2020-04505,ADU,Renter,0,0,0,0,0,0,0,0,0,0,0,,0,0,0,0,0,0,0,0,0,0,0,0,,0,0,0,0,0,0,0,0,1,0,0,0,2024-07-23,1,0,NONE,0,Y,,,ABAG ADU Affordability Methodology,,0,0,0,0,0,,,,37.867973,-122.276013,"2215 Roosevelt Ave, Berkeley, California, 94703",98.909999999999997
BERKELEY,Alameda,2024,,054 171701000,2223 Stuart St,,B2024-03483,ADU,Renter,0,0,0,0,0,0,0,1,0,0,0,2024-10-24,1,0,0,0,0,0,0,0,1,0,0,0,2024-10-24,1,0,0,0,0,0,0,0,0,0,0,0,,0,0,NONE,0,Y,,,ABAG ADU Affordability Methodology,,0,0,0,0,0,,,,37.859055,-122.263125,"2223 Stuart St, Berkeley, California, 94705",100
BERKELEY,Alameda,2024,,057 201401901,2233 GRANT St,,B2020-02423,ADU,Renter,0,0,0,0,0,0,0,0,0,0,0,,0,0,0,0,0,0,0,0,0,0,0,0,,0,0,0,0,0,0,0,0,2,0,0,0,2024-03-28,2,0,NONE,0,Y,,,ABAG ADU Affordability Methodology,,0,0,0,0,0,,,,37.867333,-122.274811,"2233 Grant St, Berkeley, California, 94703",100
BERKELEY,Alameda,2024,,055 191302700,2331 Spaulding Ave,,B2021-03913,ADU,Renter,0,0,0,0,0,0,0,1,0,0,0,2024-08-07,1,0,0,0,0,0,0,0,1,0,0,0,2024-08-07,1,0,0,0,0,0,0,0,1,0,0,0,2024-12-11,1,0,NONE,0,Y,,,ABAG ADU Affordability Methodology,,0,0,0,0,0,,,,37.864812,-122.280303,"2331 Spaulding Ave, Berkeley, California, 94703",100
BERKELEY,Alameda,2024,,056 193101400,2428 Bonar St,,B2023-03614,ADU,Renter,0,0,0,0,0,0,0,1,0,0,0,2024-06-18,1,0,0,0,0,0,0,0,1,0,0,0,2024-06-18,1,0,0,0,0,0,0,0,0,0,0,0,,0,0,NONE,0,Y,,,ABAG ADU Affordability Methodology,,0,0,0,0,0,,,,37.862439,-122.286040,"2428 Bonar St, Berkeley, California, 94702",100
BERKELEY,Alameda,2024,,055 184702000,2555 College Ave,,B2023-02975,ADU,Renter,0,0,0,0,0,0,0,1,0,0,0,2024-04-26,1,0,0,0,0,0,0,0,1,0,0,0,2024-04-26,1,0,0,0,0,0,0,0,0,0,0,0,,0,0,NONE,0,Y,,,ABAG ADU Affordability Methodology,,0,0,0,0,0,,,,37.864058,-122.253716,"2555 College Ave, Berkeley, California, 94704",100
BERKELEY,Alameda,2024,,055 184102400,2631 Regent St,,B2023-02659,ADU,Renter,0,0,0,0,0,0,0,0,0,2,0,2024-01-16,2,0,0,0,0,0,0,0,0,0,2,0,2024-01-16,2,0,0,0,0,0,0,0,0,0,0,0,,0,0,NONE,0,Y,,,ABAG ADU Affordability Methodology,,0,0,0,0,0,,,,37.862259,-122.257489,"2631 Regent St, Berkeley, California, 94704",100
BERKELEY,Alameda,2024,,057 206300700,1837 Berkeley Way,,B2022-01345,2 to 4,Owner,0,0,0,0,0,0,0,0,0,0,0,,0,0,0,0,0,0,0,0,0,0,0,0,,0,0,0,0,0,0,0,0,0,0,0,3,2024-12-03,3,0,NONE,0,Y,,,0,,0,0,0,0,0,,,,37.872425,-122.273635,"1837 Berkeley Way, Berkeley, California, 94703",100
BERKELEY,Alameda,2024,,053 160200300,3002 HARPER St,,B2022-04521,ADU,Renter,0,0,0,0,0,0,0,0,0,0,0,,0,0,0,0,0,0,0,0,0,0,0,0,,0,0,0,0,0,0,0,0,0,0,1,0,2024-02-28,1,0,NONE,0,Y,,,ABAG ADU Affordability Methodology,,0,0,0,0,0,,,,37.853914,-122.272166,"3002 Harper St, Berkeley, California, 94703",100
BERKELEY,Alameda,2024,,059 232601200,805 Jones St,,B2024-00797,2 to 4,Renter,0,0,0,0,0,0,0,0,0,0,0,,0,0,0,0,0,0,0,0,0,0,0,2,2024-09-12,2,0,0,0,0,0,0,0,0,0,0,0,,0,0,NONE,0,Y,,,0,,0,0,0,0,0,,,,37.875136,-122.300777,"805 Jones St, Berkeley, California, 94710",100
BERKELEY,Alameda,2024,,057 202401300,2099 M L KING JR Way,,B2021-03950,5+,Renter,0,0,0,0,0,0,0,0,0,0,0,,0,0,0,0,0,0,0,0,0,0,0,0,,0,0,0,0,0,5,0,0,0,0,0,67,2024-05-17,72,0,NONE,0,Y,,DB,0,,0,0,0,0.34999999999999998,2,Development Standards Modification,Yes,,37.870859,-122.272908,"2099 Martin Luther King Jr Way, Berkeley, California, 94704",100
BERKELEY,Alameda,2024,,055 189000900,2137 Dwight Way,,B2024-00763,5+,Renter,0,0,0,0,0,0,0,0,0,0,0,,0,0,0,3,0,5,0,3,0,0,0,59,2024-10-24,70,0,0,0,0,0,0,0,0,0,0,0,,0,3,NONE,0,Y,,DB,0,,8,0,0,0.25,3,Development Standards Modification,No,G:\LANDUSE\Projects by Address\Dwight\2127\ZP2023-0057,37.864135,-122.266279,"2137 Dwight Way, Berkeley, California, 94704",100
BERKELEY,Alameda,2024,,054 178101501,2527 SAN PABLO Ave,,B2018-03255,5+,Renter,0,0,0,0,0,0,0,0,0,0,0,,0,0,0,0,0,0,0,0,0,0,0,0,,0,0,0,0,0,13,0,25,0,0,0,25,2024-04-30,63,0,NONE,0,Y,,DB,0,,0,0,0,0.34999999999999998,4,Development Standards Modification,No,,37.860480,-122.289253,"2527 San Pablo Ave, Berkeley, California, 94702",100
BERKELEY,Alameda,2024,,061 260501700,1154 Josephine St,,B2019-05341-REV01,ADU,Renter,0,0,0,0,0,0,0,0,0,0,1,2024-02-13,1,0,0,0,0,0,0,0,0,0,0,1,2024-02-13,1,0,0,0,0,0,1,0,0,0,0,0,2024-09-23,1,0,NONE,0,Y,,,ABAG ADU Affordability Methodology,,0,0,0,0,0,,,,37.885905,-122.275846,"1154 Josephine St, Berkeley, California, 94707",100
BERKELEY,Alameda,2024,,060 240603300,1205 Kains Ave,,B2024-02503,ADU,Renter,0,0,0,0,0,0,0,0,0,1,0,2024-08-29,1,0,0,0,0,0,0,0,0,0,1,0,2024-08-29,1,0,0,0,0,0,0,0,0,0,0,0,,0,0,NONE,0,Y,,,ABAG ADU Affordability Methodology,,0,0,0,0,0,,,,37.882185,-122.295348,"1205 Kains Ave, Albany, California, 94706",100
BERKELEY,Alameda,2024,,060 242902400,1300 Monterey Ave,,B2024-00824,ADU,Renter,0,0,0,0,0,2,0,0,0,0,0,2024-07-23,2,0,0,0,0,0,2,0,0,0,0,0,2024-07-23,2,0,0,0,0,0,0,0,0,0,0,0,,0,0,NONE,0,Y,,,ABAG ADU Affordability Methodology,,0,0,0,0,0,,,,37.882103,-122.282157,"1300 Monterey Ave, Berkeley, California, 94707",100
BERKELEY,Alameda,2024,,060 247801300,1446 Campus Dr,,B2019-03338-REV01,ADU,Renter,0,0,0,0,0,0,0,0,0,0,0,,0,0,0,0,0,0,0,0,0,0,0,0,,0,0,0,0,0,0,1,0,0,0,0,0,2024-08-02,1,0,NONE,0,Y,,,ABAG ADU Affordability Methodology,,0,0,0,0,0,,,,37.883007,-122.252757,"1446 Campus Dr, Berkeley, California, 94708",100
BERKELEY,Alameda,2024,,057 211701500,1609 FIFTH St,,B2023-01998,ADU,Renter,0,0,0,0,0,0,0,0,0,0,0,,0,0,0,0,0,0,0,0,0,0,0,0,,0,0,0,0,0,0,1,0,0,0,0,0,2024-03-04,1,0,NONE,0,Y,,,ABAG ADU Affordability Methodology,,0,0,0,0,0,,,,37.873463,-122.300622,"1609 5th St, Berkeley, California, 94710",100
BERKELEY,Alameda,2024,,058 217900800,1650 Oxford St,,B2024-01607,ADU,Renter,0,0,0,0,0,0,0,1,0,0,0,2024-11-18,1,0,0,0,0,0,0,0,1,0,0,0,2024-11-18,1,0,0,0,0,0,0,0,0,0,0,0,,0,0,NONE,0,Y,,,ABAG ADU Affordability Methodology,,0,0,0,0,0,,,,37.877819,-122.266794,"1650 Oxford St, Berkeley, California, 94709",100
BERKELEY,Alameda,2024,,052 151603100,1330 Haskell St,,ZP2023-0112,2 to 4,Renter,0,0,0,0,0,0,0,0,0,0,2,2024-03-20,2,0,0,0,0,0,0,0,0,0,0,0,,0,0,0,0,0,0,0,0,0,0,0,0,,0,0,NONE,0,Y,,,0,,2,0,0,0,0,,,,37.851372,-122.281820,"1330 Haskell St, Berkeley, California, 94702",100
BERKELEY,Alameda,2024,,058 215000300,1732 California St,,B2024-02212,ADU,Renter,0,0,0,0,0,0,0,1,0,0,0,2024-12-30,1,0,0,0,0,0,0,0,1,0,0,0,2024-12-30,1,0,0,0,0,0,0,0,0,0,0,0,,0,0,NONE,0,Y,,,ABAG ADU Affordability Methodology,,0,0,0,0,0,,,,37.873841,-122.280177,"1732 California St, Berkeley, California, 94703",100
BERKELEY,Alameda,2024,,052 154800800,1822 WOOLSEY St,,B2022-01667,ADU,Renter,0,0,0,0,0,0,0,0,0,0,0,,0,0,0,0,0,0,0,0,0,0,0,0,,0,0,0,0,0,0,0,0,1,0,0,0,2024-01-03,1,0,NONE,0,Y,,,ABAG ADU Affordability Methodology,,0,0,0,0,0,,,,37.851437,-122.271779,"1822 Woolsey St, Berkeley, California, 94703",100
BERKELEY,Alameda,2024,,053 168002400,1912 STUART St,,B2023-00520,ADU,Renter,0,0,0,0,0,0,0,0,0,0,0,,0,0,0,0,0,0,0,0,0,0,0,0,,0,0,0,0,0,0,0,0,1,0,0,0,2024-04-29,1,0,NONE,0,Y,,,ABAG ADU Affordability Methodology,,0,0,0,0,0,,,,37.857978,-122.270842,"1912 Stuart St, Berkeley, California, 94703",100
BERKELEY,Alameda,2024,,052 155402000,2024 Prince Street,,B2022-05486,ADU,Renter,0,0,0,0,0,0,0,1,0,0,0,2024-01-23,1,0,0,0,0,0,0,0,1,0,0,0,2024-01-23,1,0,0,0,0,0,0,0,1,0,0,0,2024-11-04,1,0,NONE,0,Y,,,ABAG ADU Affordability Methodology,,0,0,0,0,0,,,,37.852968,-122.266967,"2024 Prince St, Berkeley, California, 94703",100
BERKELEY,Alameda,2024,,052 158200200,2144 Russell St,,B2022-06045,ADU,Renter,0,0,0,0,0,0,0,1,0,0,0,2024-06-12,1,0,0,0,0,0,0,0,1,0,0,0,2024-06-12,1,0,0,0,0,0,0,0,0,0,0,0,,0,0,NONE,0,Y,,,ABAG ADU Affordability Methodology,,0,0,0,0,0,,,,37.856991,-122.264468,"2144 Russell St, Berkeley, California, 94705",100
BERKELEY,Alameda,2024,,052 158200400,2150 RUSSELL St,,B2022-05356,ADU,Renter,0,0,0,0,0,0,0,0,0,0,0,,0,0,0,0,0,0,0,0,0,0,0,0,,0,0,0,0,0,0,0,0,1,0,0,0,2024-02-09,1,0,NONE,0,Y,,,ABAG ADU Affordability Methodology,,0,0,0,0,0,,,,37.857019,-122.264227,"2150 Russell St, Berkeley, California, 94705",100
BERKELEY,Alameda,2024,,056 199501001,1341 ADDISON,,B2023-01652,2 to 4,Renter,0,0,0,0,0,0,0,0,0,0,0,,0,0,0,0,0,0,0,0,0,0,0,0,,0,0,0,0,0,0,0,0,0,0,0,1,2024-10-16,1,0,NONE,0,Y,,,0,,0,0,0,0,0,,,Convert SFD to Duplex,37.869071,-122.285076,"1341 Addison St, Berkeley, California, 94702",98.909999999999997
BERKELEY,Alameda,2024,,055 191304300,2422 CALIFORNIA St,,B2022-02858,ADU,Renter,0,0,0,0,0,0,0,0,0,0,0,,0,0,0,0,0,0,0,0,0,0,0,0,,0,0,0,0,0,0,0,0,1,0,0,0,2024-03-29,1,0,NONE,0,Y,,,ABAG ADU Affordability Methodology,,0,0,0,0,0,,,,37.863484,-122.279062,"2422 California St, Berkeley, California, 94703",100
BERKELEY,Alameda,2024,,055 185601400,2425 Prospect St,,B2021-05291,ADU,Renter,0,0,0,0,0,0,0,0,0,0,0,,0,0,0,0,0,0,0,0,0,0,0,0,,0,0,0,0,0,0,0,0,1,0,0,0,2024-07-10,1,0,NONE,0,Y,,,ABAG ADU Affordability Methodology,,0,0,0,0,0,,,,37.866445,-122.249634,"2425 Prospect St, Berkeley, California, 94704",100
BERKELEY,Alameda,2024,,052 156405600,2818 Webster St,,B2022-01755,ADU,Renter,0,0,0,0,0,0,0,0,0,0,0,,0,0,0,0,0,0,0,0,0,0,0,0,,0,0,0,0,0,0,0,0,0,0,1,0,2024-09-24,1,0,NONE,0,Y,,,ABAG ADU Affordability Methodology,,0,0,0,0,0,,,,37.855973,-122.249485,"2818 Webster St, Berkeley, California, 94705",100
BERKELEY,Alameda,2024,,053 161603600,3007 Acton St,,B2024-01527,ADU,Renter,0,0,0,0,0,0,0,0,0,1,0,2024-07-09,1,0,0,0,0,0,0,0,0,0,1,0,2024-07-09,1,0,0,0,0,0,0,0,0,0,0,0,,0,0,NONE,0,Y,,,ABAG ADU Affordability Methodology,,0,0,0,0,0,,,,37.852833,-122.281283,"3007 Acton St, Berkeley, California, 94702",100
BERKELEY,Alameda,2024,,064 424601000,51 Parkside Dr,,B2024-02736,ADU,Renter,0,0,0,0,0,0,0,0,0,1,0,2024-12-04,1,0,0,0,0,0,0,0,0,0,1,0,2024-12-04,1,0,0,0,0,0,0,0,0,0,0,0,,0,0,NONE,0,Y,,,ABAG ADU Affordability Methodology,,0,0,0,0,0,,,,37.854048,-122.245887,"51 Parkside Dr, Berkeley, California, 94705",100
BERKELEY,Alameda,2024,,062 286800600,626 Peralta Ave,,B2022-00430,ADU,Renter,0,0,0,0,0,0,0,0,0,1,0,2024-01-19,1,0,0,0,0,0,0,0,0,0,1,0,2024-01-19,1,0,0,0,0,0,0,0,0,0,1,0,2024-12-12,1,0,NONE,0,Y,,,ABAG ADU Affordability Methodology,,0,0,0,0,0,,,,37.895978,-122.285537,"626 Peralta Ave, Berkeley, California, 94707",100
BERKELEY,Alameda,2024,,062 284900400,726 Neilson St,,B2024-01121,ADU,Renter,0,0,0,0,0,0,0,0,0,1,0,2024-09-24,1,0,0,0,0,0,0,0,0,0,1,0,2024-09-24,1,0,0,0,0,0,0,0,0,0,0,0,,0,0,NONE,0,Y,,,ABAG ADU Affordability Methodology,,0,0,0,0,0,,,,37.894175,-122.286473,"726 Neilson St, Berkeley, California, 94707",100
BERKELEY,Alameda,2024,,059 232501100,737 Jones St,,B2023-05338,ADU,Renter,0,0,0,0,0,0,0,0,0,0,1,2024-04-30,1,0,0,0,0,0,0,0,0,0,0,1,2024-04-30,1,0,0,0,0,0,0,0,0,0,0,0,,0,0,NONE,0,Y,,,0,,0,0,0,0,0,,,,37.875009,-122.301414,"737 Jones St, Berkeley, California, 94710",100
BERKELEY,Alameda,2024,,062 287400800,844 Miramar Ave,,B2023-05727,ADU,Renter,0,0,0,0,0,0,0,0,0,0,1,2024-01-30,1,0,0,0,0,0,0,0,0,0,0,1,2024-01-30,1,0,0,0,0,0,0,0,0,0,0,1,2024-09-12,1,0,NONE,0,Y,,,0,,0,0,0,0,0,,,,37.891975,-122.284864,"844 Miramar Ave, Berkeley, California, 94707",100
BERKELEY,Alameda,2024,,061 261301900,921 ENSENADA Ave,,B2023-02857,ADU,Renter,0,0,0,0,0,0,0,0,0,0,0,,0,0,0,0,0,0,0,0,0,0,0,0,,0,0,0,0,0,0,0,0,0,0,1,0,2024-04-29,1,0,NONE,0,Y,,,ABAG ADU Affordability Methodology,,0,0,0,0,0,,,,37.890598,-122.281130,"921 Ensenada Ave, Berkeley, California, 94707",100
BERKELEY,Alameda,2024,,061 261200800,932 Colusa Ave,,B2023-03347,ADU,Renter,0,0,0,0,0,0,0,0,0,0,1,2024-05-02,1,0,0,0,0,0,0,0,0,0,0,1,2024-05-02,1,0,0,0,0,0,0,0,0,0,0,0,,0,0,NONE,0,Y,,,0,,0,0,0,0,0,,,,37.890282,-122.279056,"932 Colusa Ave, Berkeley, California, 94707",100
BERKELEY,Alameda,2024,,063 298602200,0 Cragmont Ave,,B2022-01436,SFD,Owner,0,0,0,0,0,0,0,0,0,0,0,,0,0,0,0,0,0,0,0,0,0,0,0,,0,0,0,0,0,0,0,0,0,0,0,1,2024-10-24,1,0,NONE,0,Y,,,0,,0,0,0,0,0,,,,37.891792,-122.262784,"Cragmont Ave, Berkeley, California, 94708",99.049999999999997
BERKELEY,Alameda,2024,,056 193800700,2312 Eighth St,,B2023-02556,SFD,Owner,0,0,0,0,0,0,0,0,0,0,0,,0,0,0,0,0,0,0,0,0,0,0,1,2024-01-04,1,0,0,0,0,0,0,0,0,0,0,1,2024-12-17,1,0,NONE,0,Y,,,0,,1,0,0,0,0,,,,37.863692,-122.294111,"2312 8th St, Berkeley, California, 94710",100
BERKELEY,Alameda,2024,,053 166101100,2820 SAN PABLO Ave,,ZP2022-0038,SFD,Renter,0,0,0,0,0,0,0,0,0,0,1,2024-12-06,1,0,0,0,0,0,0,0,0,0,0,0,,0,0,0,0,0,0,0,0,0,0,0,0,,0,0,NONE,0,Y,,,0,,0,0,0,0,0,,,,37.855403,-122.287822,"2820 San Pablo Ave, Berkeley, California, 94702",100
BERKELEY,Alameda,2024,,063 299200200,2910 Shasta Rd,,B2023-05565,SFD,Owner,0,0,0,0,0,0,0,0,0,0,0,,0,0,0,0,0,0,0,0,0,0,0,1,2024-08-12,1,0,0,0,0,0,0,0,0,0,0,0,,0,0,NONE,0,Y,,,0,,0,0,0,0,0,,,,37.888782,-122.253778,"2910 Shasta Rd, Berkeley, California, 94708",100
BERKELEY,Alameda,2024,,052 156003200,3019 Bateman St,,B2023-03857,SFD,Owner,0,0,0,0,0,0,0,0,0,0,0,,0,0,0,0,0,0,0,0,0,0,0,1,2024-05-01,1,0,0,0,0,0,0,0,0,0,0,0,,0,0,SB 9 (2021) - Residential Lot Split,0,Y,,,0,,0,0,0,0,0,,,,37.855035,-122.255812,"3019 Bateman St, Berkeley, California, 94705",100
BERKELEY,Alameda,2024,,052 156003200,3019 Bateman St,,B2023-038562,SFD,Owner,0,0,0,0,0,0,0,0,0,0,0,,0,0,0,0,0,0,0,0,0,0,0,1,2024-06-03,1,0,0,0,0,0,0,0,0,0,0,0,,0,0,SB 9 (2021) - Residential Lot Split,0,Y,,,0,,0,0,0,0,0,,,,37.855035,-122.255812,"3019 Bateman St, Berkeley, California, 94705",100
BERKELEY,Alameda,2024,,052 157602701,2330 Webster St,,B2023-06442,2 to 4,Renter,0,0,0,0,0,0,0,0,0,0,0,,0,0,0,0,0,0,0,0,0,0,0,2,2024-09-19,2,0,0,0,0,0,0,0,0,0,0,0,,0,0,NONE,0,Y,,,0,,2,0,0,0,0,,,,37.855095,-122.260369,"2330 Webster St, Berkeley, California, 94705",100
BERKELEY,Alameda,2024,,058 217600101,1752 Shattuck Ave,,B2023-00774,5+,Renter,0,0,0,0,0,0,0,0,0,0,0,,0,0,0,0,0,7,0,0,0,0,0,67,2024-06-13,74,0,0,0,0,0,0,0,0,0,0,0,,0,0,NONE,0,Y,,DB,0,,0,0,0,0.5,3,Development Standards Modification,Yes,"Concession to reduce long-term bicycle parking requirement

G:\LANDUSE\Projects by Address\Shattuck\1752\ZP2022-0011",37.875411,-122.268852,"1752 Shattuck Ave, Berkeley, California, 94709",100
BERKELEY,Alameda,2024,,055 187602101,2538 DURANT Ave,,B2023-02332,5+,Renter,0,0,0,0,0,0,0,0,0,0,0,,0,0,0,0,0,6,0,0,0,0,0,77,2024-09-24,83,0,0,0,0,0,0,0,0,0,0,0,,0,0,NONE,0,Y,,DB,0,,12,0,0,0.23000000000000001,5,Development Standards Modification,No,,37.868007,-122.257241,"2538 Durant Ave, Berkeley, California, 94704",100
BERKELEY,Alameda,2024,,055 183901901,2587 Telegraph St,,ZP2023-0068,5+,Renter,0,0,0,0,6,0,0,0,0,0,46,2024-02-23,52,0,0,0,0,0,0,0,0,0,0,0,,0,0,0,0,0,0,0,0,0,0,0,0,,0,0,NONE,0,Y,,DB,0,,0,0,0,0.5,3,Development Standards Modification,No,,37.863869,-122.258543,"2587 Telegraph Ave, Berkeley, California, 94704",98.189999999999998
BERKELEY,Alameda,2024,,054 178502500,1128 Parker St,,B2021-01591,ADU,Renter,0,0,0,0,0,0,0,0,0,0,0,,0,0,0,0,0,0,0,0,0,0,0,0,,0,0,0,0,0,0,1,0,0,0,0,0,2024-06-12,1,0,NONE,0,Y,,,ABAG ADU Affordability Methodology,,0,0,0,0,0,,,,37.859545,-122.287536,"1128 Parker St, Berkeley, California, 94702",100
BERKELEY,Alameda,2024,,054 178400400,1139 Parker St,,B2024-03760,ADU,Renter,0,0,0,0,0,0,0,1,0,0,0,2024-11-19,1,0,0,0,0,0,0,0,1,0,0,0,2024-11-19,1,0,0,0,0,0,0,0,0,0,0,0,,0,0,NONE,0,Y,,,ABAG ADU Affordability Methodology,,0,0,0,0,0,,,,37.859646,-122.287169,"1139 Parker St, Berkeley, California, 94702",100
BERKELEY,Alameda,2024,,060 241501200,1215 Neilson St,,B2024-00362,ADU,Renter,0,0,0,0,0,1,0,0,0,0,0,2024-06-03,1,0,0,0,0,0,1,0,0,0,0,0,2024-06-03,1,0,0,0,0,0,0,0,0,0,0,0,,0,0,NONE,0,Y,,,ABAG ADU Affordability Methodology,,1,0,0,0,0,,,,37.882386,-122.288735,"1215 Neilson St, Albany, California, 94706",100
BERKELEY,Alameda,2024,,053 162701800,1221 Carrison St,,B2022-02837,ADU,Renter,0,0,0,0,0,0,0,0,0,0,0,,0,0,0,0,0,0,0,0,0,0,0,0,,0,0,0,0,0,0,1,0,0,0,0,0,2024-09-12,1,0,NONE,0,Y,,,ABAG ADU Affordability Methodology,,0,0,0,0,0,,,,37.851579,-122.285344,"1221 Carrison St, Berkeley, California, 94702",100
BERKELEY,Alameda,2024,,060 244701000,1326 M L King Jr Way,,B2023-05179,ADU,Renter,0,0,0,0,0,1,0,0,0,0,0,2024-01-29,1,0,0,0,0,0,1,0,0,0,0,0,2024-01-29,1,0,0,0,0,0,1,0,0,0,0,0,2024-09-16,1,0,NONE,0,Y,,,ABAG ADU Affordability Methodology,,0,0,0,0,0,,,,37.882235,-122.274192,"1326 Martin Luther King Jr Way, Berkeley, California, 94709",100
BERKELEY,Alameda,2024,,060 239107403,1332 NEILSON St,,B2020-03497,ADU,Renter,0,0,0,0,0,0,0,0,0,0,0,,0,0,0,0,0,0,0,0,0,0,0,0,,0,0,0,0,0,0,0,0,0,0,0,1,2024-02-05,1,0,NONE,0,Y,,,0,,0,0,0,0,0,,,,37.880158,-122.289607,"1332 Neilson St, Berkeley, California, 94702",100
BERKELEY,Alameda,2024,,060 242300100,1380 GILMAN,,B2021-03801,ADU,Renter,0,0,0,0,0,0,0,0,0,0,0,,0,0,0,0,0,0,0,0,0,0,0,0,,0,0,0,0,0,0,0,0,0,0,0,1,2024-07-29,1,0,NONE,0,Y,,,0,,0,0,0,0,0,,,,37.880540,-122.286345,"1380 Gilman St, Albany, California, 94706",98.879999999999995
BERKELEY,Alameda,2024,,060 242304000,1381 Ada St,,B2023-03756,ADU,Renter,0,0,0,0,0,0,0,0,0,0,0,,0,0,0,0,0,0,0,0,0,0,0,0,,0,0,0,0,0,0,0,0,0,0,0,1,2024-11-04,1,0,NONE,0,Y,,,0,,0,0,0,0,0,,,,37.878732,-122.285872,"1381 Ada St, Berkeley, California, 94702",100
BERKELEY,Alameda,2024,,059 228203700,1408 Edith St,,B2022-00473,ADU,Renter,0,0,0,0,0,1,0,0,0,0,0,2024-07-20,1,0,0,0,0,0,1,0,0,0,0,0,2024-07-20,1,0,0,0,0,0,0,0,0,0,0,0,,0,0,NONE,0,Y,,,ABAG ADU Affordability Methodology,,0,0,0,0,0,,,,37.880422,-122.277489,"1408 Edith St, Berkeley, California, 94703",100
BERKELEY,Alameda,2024,,064 424702100,15 Hillcrest Rd,,B2023-00606,ADU,Renter,0,0,0,0,0,0,0,0,0,0,0,,0,0,0,0,0,0,0,0,0,0,0,0,,0,0,0,0,0,0,0,0,0,0,0,1,2024-05-06,1,0,NONE,0,Y,,,0,,0,0,0,0,0,,,,37.853055,-122.248623,"15 Hillcrest Rd, Berkeley, California, 94705",100
BERKELEY,Alameda,2024,,059 231101000,1520 Tenth St,,B2023-03106,ADU,Renter,0,0,0,0,0,1,0,0,0,0,0,2024-04-23,1,0,0,0,0,0,1,0,0,0,0,0,2024-04-23,1,0,0,0,0,0,0,0,0,0,0,0,,0,0,NONE,0,Y,,,ABAG ADU Affordability Methodology,,0,0,0,0,0,,,,37.875386,-122.295437,"1520 10th St, Berkeley, California, 94710",100
BERKELEY,Alameda,2024,,058 216301400,1615 McGee Ave,,B2023-03480,ADU,Renter,0,0,0,0,0,1,0,0,0,0,0,2024-04-22,1,0,0,0,0,0,1,0,0,0,0,0,2024-04-22,1,0,0,0,0,0,0,0,0,0,0,0,,0,0,NONE,0,Y,,,ABAG ADU Affordability Methodology,,0,0,0,0,0,,,,37.876680,-122.278120,"1615 McGee Ave, Berkeley, California, 94703",100
BERKELEY,Alameda,2024,,058 217900800,1650 Oxford St,,B2024-02435,ADU,Renter,0,0,0,0,0,0,0,2,0,0,0,2024-11-12,2,0,0,0,0,0,0,0,2,0,0,0,2024-11-12,2,0,0,0,0,0,0,0,0,0,0,0,,0,0,NONE,0,Y,,,ABAG ADU Affordability Methodology,,0,0,0,0,0,,,,37.877819,-122.266794,"1650 Oxford St, Berkeley, California, 94709",100
BERKELEY,Alameda,2024,,059 229203300,1655 Belvedere Ave,,B2023-05114,ADU,Renter,0,0,0,0,0,1,0,0,0,0,0,2024-02-16,1,0,0,0,0,0,1,0,0,0,0,0,2024-02-16,1,0,0,0,0,0,1,0,0,0,0,0,2024-05-10,1,0,NONE,0,Y,,,ABAG ADU Affordability Methodology,,0,0,0,0,0,,,,37.874186,-122.289177,"1655 Belvedere Ave, Berkeley, California, 94702",100
BERKELEY,Alameda,2024,,058 212801600,1655 Tenth St,,B2022-05902,ADU,Renter,0,0,0,0,0,0,0,0,0,0,0,,0,0,0,0,0,0,0,0,0,0,0,0,,0,0,0,0,0,0,0,0,0,0,1,0,2024-11-25,1,0,NONE,0,Y,,,ABAG ADU Affordability Methodology,,0,0,0,0,0,,,,37.873337,-122.294724,"1655 10th St, Berkeley, California, 94710",100
BERKELEY,Alameda,2024,,061 257301800,1912 MONTEREY Ave,,B2017-02331,ADU,Renter,0,0,0,0,0,0,0,0,0,0,0,,0,0,0,0,0,0,0,0,0,0,0,0,,0,0,0,0,0,0,0,0,1,0,0,0,2024-02-28,1,0,NONE,0,Y,,,ABAG ADU Affordability Methodology,,0,0,0,0,0,,,,37.888409,-122.276000,"1912 Monterey Ave, Berkeley, California, 94707",100
BERKELEY,Alameda,2024,,060 241605100,1333 Hopkins St,,B2004-04914,2 to 4,Renter,0,0,0,0,0,0,0,0,0,0,0,,0,0,0,0,0,0,0,0,0,0,0,2,2024-06-25,2,0,0,0,0,0,0,0,0,0,0,0,,0,0,NONE,0,Y,,,0,,2,0,0,0,0,,,,37.878707,-122.287561,"1333 Hopkins St, Berkeley, California, 94702",100
BERKELEY,Alameda,2024,,055 184501000,2618 College Ave,,B2021-05671,ADU,Renter,0,0,0,0,0,0,0,0,0,2,0,2024-08-01,2,0,0,0,0,0,0,0,0,0,2,0,2024-08-01,2,0,0,0,0,0,0,0,0,0,0,0,,0,0,NONE,0,Y,,,ABAG ADU Affordability Methodology,,0,0,0,0,0,,,,37.862946,-122.253658,"2618 College Ave, Berkeley, California, 94704",100
BERKELEY,Alameda,2024,,055 184000700,2620 Regent St,,B2024-01193,ADU,Renter,0,0,0,0,0,0,0,0,0,2,0,2024-06-14,2,0,0,0,0,0,0,0,0,0,2,0,2024-06-14,2,0,0,0,0,0,0,0,0,0,0,0,,0,0,NONE,0,Y,,,ABAG ADU Affordability Methodology,,0,0,0,0,0,,,,37.862666,-122.257583,"2620 Regent St, Berkeley, California, 94704",100
BERKELEY,Alameda,2024,,054 174200900,2716 Wallace St,,B2023-05510,ADU,Renter,0,0,0,0,0,0,0,0,0,1,0,2024-10-18,1,0,0,0,0,0,0,0,0,0,1,0,2024-10-18,1,0,0,0,0,0,0,0,0,0,0,0,,0,0,NONE,0,Y,,,ABAG ADU Affordability Methodology,,0,0,0,0,0,,,,37.856429,-122.286918,"2716 Wallace St, Berkeley, California, 94702",100
BERKELEY,Alameda,2024,,053 169502101,2819 Benvenue Ave,,B2021-01192,ADU,Renter,0,0,0,0,0,0,0,0,0,0,0,,0,0,0,0,0,0,0,0,0,0,0,0,,0,0,0,0,0,0,0,0,0,0,1,0,2024-05-14,1,0,NONE,0,Y,,,ABAG ADU Affordability Methodology,,0,0,0,0,0,,,,37.859096,-122.254470,"2819 Benvenue Ave, Berkeley, California, 94705",100
BERKELEY,Alameda,2024,,052 155100300,1840 Woolsey St,,ZP2023-0127,2 to 4,Renter,0,0,0,0,0,0,0,0,0,0,2,2024-02-23,2,0,0,0,0,0,0,0,0,0,0,0,,0,0,0,0,0,0,0,0,0,0,0,0,,0,0,NONE,0,Y,,,0,,0,0,0,0,0,,,,37.851533,-122.271018,"1840 Woolsey St, Berkeley, California, 94703",100
BERKELEY,Alameda,2024,,052 155600600,3120 Deakin St,,B2023-01911,ADU,Renter,0,0,0,0,0,0,0,0,0,0,0,,0,0,0,0,0,0,0,0,0,0,0,0,,0,0,0,0,0,0,0,0,0,0,1,0,2024-12-06,1,0,NONE,0,Y,,,ABAG ADU Affordability Methodology,,0,0,0,0,0,,,,37.852888,-122.261942,"3120 Deakin St, Berkeley, California, 94705",100
BERKELEY,Alameda,2024,,052 156310400,3122 Eton Ave,,B2023-05730,ADU,Renter,0,0,0,0,0,0,0,0,0,1,0,2024-01-29,1,0,0,0,0,0,0,0,0,0,1,0,2024-01-29,1,0,0,0,0,0,0,0,0,0,1,0,2024-01-31,1,0,NONE,0,Y,,,ABAG ADU Affordability Methodology,,0,0,0,0,0,,,,37.853303,-122.250834,"3122 Eton Ave, Berkeley, California, 94705",100
BERKELEY,Alameda,2024,,061 257802600,956 INDIAN ROCK Ave,,B2022-00005,ADU,Renter,0,0,0,0,0,0,0,0,0,0,0,,0,0,0,0,0,0,0,0,0,0,0,0,,0,0,0,0,0,0,0,0,0,0,1,0,2024-03-01,1,0,NONE,0,Y,,,ABAG ADU Affordability Methodology,,0,0,0,0,0,,,,37.891746,-122.272353,"956 Indian Rock Ave, Berkeley, California, 94707",100
BERKELEY,Alameda,2024,,055 182901100,0 PARKER St,,ZP2024-0100,SFD,Owner,0,0,0,0,0,0,0,0,0,0,1,2024-12-27,1,0,0,0,0,0,0,0,0,0,0,0,,0,0,0,0,0,0,0,0,0,0,0,0,,0,0,NONE,0,Y,,,0,,0,0,0,0,0,,,,37.858409,-122.293622,"Parker St, Berkeley, California, 94710",98.969999999999999
BERKELEY,Alameda,2024,,063 298803800,1136 KEITH Ave,,B2024-02570,SFD,Owner,0,0,0,0,0,0,0,0,0,0,0,,0,0,0,0,0,0,0,0,0,0,0,1,2024-09-27,1,0,0,0,0,0,0,0,0,0,0,0,,0,0,NONE,0,Y,,,0,,1,0,0,0,0,,,,37.888582,-122.260308,"1136 Keith Ave, Berkeley, California, 94708",100
BERKELEY,Alameda,2024,,052 153101500,1804 Harmon St,,ZP2023-0036,SFD,Owner,0,0,0,0,0,0,0,0,0,0,1,2024-01-31,1,0,0,0,0,0,0,0,0,0,0,0,,0,0,0,0,0,0,0,0,0,0,0,0,,0,0,NONE,0,Y,,,0,,0,0,0,0,0,,,,37.849471,-122.272497,"1804 Harmon St, Berkeley, California, 94703",100
BERKELEY,Alameda,2024,,056 193800700,2310 EIGHTH,,B2023-02555,SFD,Owner,0,0,0,0,0,0,0,0,0,0,0,,0,0,0,0,0,0,0,0,0,0,0,0,,0,0,0,0,0,0,0,0,0,0,0,1,2024-12-06,1,0,NONE,0,Y,,,0,,1,0,0,0,0,,,,37.863520,-122.294011,"2310 8th St, Berkeley, California, 94710",98.909999999999997
BERKELEY,Alameda,2024,,060 246905902,2707 Rose St,,B2023-05062,SFD,Owner,0,0,0,0,0,0,0,0,0,0,0,,0,0,0,0,0,0,0,0,0,0,0,1,2024-09-05,1,0,0,0,0,0,0,0,0,0,0,0,,0,0,NONE,0,Y,,,0,,0,0,0,0,0,,,,37.883659,-122.257761,"2707 Rose St, Berkeley, California, 94708",100
BERKELEY,Alameda,2024,,053 167700800,2800 M L King Jr Way,,ZP2023-0098,2 to 4,Renter,0,0,0,0,0,0,0,0,0,0,2,2024-01-31,2,0,0,0,0,0,0,0,0,0,0,2,2024-04-08,2,0,0,0,0,0,0,0,0,0,0,0,,0,0,NONE,0,Y,,,0,,0,0,0,0,0,,,,37.857847,-122.271509,"2800 Martin Luther King Jr Way, Berkeley, California, 94703",100
BERKELEY,Alameda,2024,,057 204600100,1951 SHATTUCK Ave,,B2021-04893,5+,Renter,0,0,0,0,0,0,0,0,0,0,0,,0,0,0,0,0,0,0,0,0,0,0,0,,0,0,0,0,0,0,0,0,0,0,0,163,2024-10-24,163,0,NONE,0,Y,,,0,,0,0,0,0,0,,,,37.872841,-122.268387,"1951 Shattuck Ave, Berkeley, California, 94704",100
BERKELEY,Alameda,2024,,063 297204600,1023 Cragmont Ave,,B2023-04195-REV01,ADU,Renter,0,0,0,0,0,0,0,0,0,0,0,,0,0,0,0,0,0,0,0,0,0,0,0,,0,0,0,0,0,0,1,0,0,0,0,0,2024-07-29,1,0,NONE,0,Y,,,ABAG ADU Affordability Methodology,,1,0,0,0,0,,,,37.890358,-122.264753,"1023 Cragmont Ave, Berkeley, California, 94708",100
BERKELEY,Alameda,2024,,063 314004900,1067 Park Hills Rd,,B2023-03560,ADU,Renter,0,0,0,0,0,1,0,0,0,0,0,2024-03-06,1,0,0,0,0,0,1,0,0,0,0,0,2024-03-06,1,0,0,0,0,0,1,0,0,0,0,0,2024-12-05,1,0,NONE,0,Y,,,ABAG ADU Affordability Methodology,,0,0,0,0,0,,,,37.892916,-122.254426,"1067 Park Hills Rd, Berkeley, California, 94708",100
BERKELEY,Alameda,2024,,060 241501200,1215 Neilson St,,B2023-06445,ADU,Renter,0,0,0,0,0,1,0,0,0,0,0,2024-07-30,1,0,0,0,0,0,1,0,0,0,0,0,2024-07-30,1,0,0,0,0,0,0,0,0,0,0,0,,0,0,NONE,0,Y,,,ABAG ADU Affordability Methodology,,0,0,0,0,0,,,,37.882386,-122.288735,"1215 Neilson St, Albany, California, 94706",100
BERKELEY,Alameda,2024,,058 215101801,1709 Sacramento St,,B2022-03086,ADU,Renter,0,0,0,0,0,0,0,0,0,0,0,,0,0,0,0,0,0,0,0,0,0,0,0,,0,0,0,0,0,0,0,0,0,0,1,0,2024-09-24,1,0,NONE,0,Y,,,ABAG ADU Affordability Methodology,,0,0,0,0,0,,,,37.874512,-122.282290,"1709 Sacramento St, Berkeley, California, 94702",100
BERKELEY,Alameda,2024,,055 182202700,2020 Dwight Way,,B2023-06296,ADU,Renter,0,0,0,0,0,0,0,1,0,0,0,2024-07-19,1,0,0,0,0,0,0,0,1,0,0,0,2024-07-19,1,0,0,0,0,0,0,0,0,0,0,0,,0,0,NONE,0,Y,,,ABAG ADU Affordability Methodology,,0,0,0,0,0,,,,37.863750,-122.268843,"2020 Dwight Way, Berkeley, California, 94704",100
BERKELEY,Alameda,2024,,053 159402200,2026 Essex St,,B2022-05608,ADU,Renter,0,0,0,0,0,0,0,1,0,0,0,2024-03-13,1,0,0,0,0,0,0,0,1,0,0,0,2024-03-13,1,0,0,0,0,0,0,0,0,0,0,0,,0,0,NONE,0,Y,,,ABAG ADU Affordability Methodology,,0,0,0,0,0,,,,37.853679,-122.267128,"2026 Essex St, Berkeley, California, 94703",100
BERKELEY,Alameda,2024,,055 183002200,2226 DWIGHT Way,,B2022-03844,ADU,Renter,0,0,0,0,0,0,0,0,0,0,0,,0,0,0,0,0,0,0,0,0,0,0,0,,0,0,0,0,0,0,0,0,2,0,0,0,2024-06-03,2,0,NONE,0,Y,,,ABAG ADU Affordability Methodology,,0,0,0,0,0,,,,37.864386,-122.263921,"2226 Dwight Way, Berkeley, California, 94704",100
BERKELEY,Alameda,2024,,055 182801100,2227 Carleton St,,B2023-04737,ADU,Renter,0,0,0,0,0,0,0,2,0,0,0,2024-09-04,2,0,0,0,0,0,0,0,2,0,0,0,2024-09-04,2,0,0,0,0,0,0,0,0,0,0,0,,0,0,NONE,0,Y,,,ABAG ADU Affordability Methodology,,0,0,0,0,0,,,,37.861731,-122.263611,"2227 Carleton St, Berkeley, California, 94704",100
BERKELEY,Alameda,2024,,055 183201400,2309 Parker St,,B2024-02185,ADU,Renter,0,0,0,0,0,0,0,1,0,0,0,2024-08-05,1,0,0,0,0,0,0,0,1,0,0,0,2024-08-05,1,0,0,0,0,0,0,0,0,0,0,0,,0,0,NONE,0,Y,,,ABAG ADU Affordability Methodology,,0,0,0,0,0,,,,37.862853,-122.262174,"2309 Parker St, Berkeley, California, 94704",100
BERKELEY,Alameda,2024,,056 193800800,2314 Eighth St,ADU 1,B2022-00337,ADU,Renter,0,0,0,0,0,0,0,1,0,0,0,2024-07-11,1,0,0,0,0,0,0,0,1,0,0,0,2024-07-11,1,0,0,0,0,0,0,0,0,0,0,0,,0,0,NONE,0,Y,,,ABAG ADU Affordability Methodology,,0,0,0,0,0,,,,37.863394,-122.293970,"2314 8th St, Berkeley, California, 94710",100
BERKELEY,Alameda,2024,,055 191002900,2419 Jefferson Ave,,B2020-03762,ADU,Renter,0,0,0,0,0,0,0,0,0,0,0,,0,0,0,0,0,0,0,0,0,0,0,0,,0,0,0,0,0,0,0,0,1,0,0,0,2024-06-26,1,0,NONE,0,Y,,,ABAG ADU Affordability Methodology,,0,0,0,0,0,,,,37.863706,-122.277857,"2419 Jefferson Ave, Berkeley, California, 94703",100
BERKELEY,Alameda,2024,,057 206301100,1825 BERKELEY Way,,B2022-02049,2 to 4,Renter,0,0,0,0,0,0,0,0,0,0,0,,0,0,0,0,0,0,0,0,0,0,0,0,,0,0,0,0,0,0,0,0,0,0,0,1,2024-02-02,1,0,NONE,0,Y,,,0,,0,0,0,0,0,,,,37.872352,-122.274178,"1825 Berkeley Way, Berkeley, California, 94703",100
BERKELEY,Alameda,2024,,055 184102100,2639 Regent St,,B2023-06071,ADU,Renter,0,0,0,0,0,0,0,0,0,2,0,2024-06-11,2,0,0,0,0,0,0,0,0,0,2,0,2024-06-11,2,0,0,0,0,0,0,0,0,0,0,0,,0,0,NONE,0,Y,,,ABAG ADU Affordability Methodology,,0,0,0,0,0,,,,37.861855,-122.257451,"2639 Regent St, Berkeley, California, 94704",100
BERKELEY,Alameda,2024,,058 220901600,2655 Virginia St,,B2022-05775,ADU,Renter,0,0,0,0,0,0,0,0,0,1,0,2024-05-07,1,0,0,0,0,0,0,0,0,0,1,0,2024-05-07,1,0,0,0,0,0,0,0,0,0,0,0,,0,0,NONE,0,Y,,,ABAG ADU Affordability Methodology,,0,0,0,0,0,,,,37.878169,-122.257950,"2655 Virginia St, Berkeley, California, 94709",100
BERKELEY,Alameda,2024,,054 170800900,2723 Forest Ave,,B2023-00475,ADU,Renter,0,0,0,0,0,0,0,0,0,0,0,,0,0,0,0,0,0,0,0,0,0,0,0,,0,0,0,0,0,0,0,0,0,0,1,0,2024-11-13,1,0,NONE,0,Y,,,ABAG ADU Affordability Methodology,,0,0,0,0,0,,,,37.861491,-122.252385,"2723 Forest Ave, Berkeley, California, 94705",100
BERKELEY,Alameda,2024,,060 242904100,28 Hopkins Ct,,B2024-00221,ADU,Renter,0,0,0,0,0,0,0,0,0,1,0,2024-05-10,1,0,0,0,0,0,0,0,0,0,1,0,2024-05-10,1,0,0,0,0,0,0,0,0,0,1,0,2024-08-20,1,0,NONE,0,Y,,,ABAG ADU Affordability Methodology,,0,0,0,0,0,,,,37.881710,-122.283020,"28 Hopkins Ct, Albany, California, 94706",100
BERKELEY,Alameda,2024,,053 161902600,2922 Dohr St,,B2023-03581,ADU,Renter,0,0,0,0,0,0,0,0,0,1,0,2024-06-20,1,0,0,0,0,0,0,0,0,0,1,0,2024-06-20,1,0,0,0,0,0,0,0,0,0,0,0,,0,0,NONE,0,Y,,,ABAG ADU Affordability Methodology,,0,0,0,0,0,,,,37.853818,-122.281005,"2922 Dohr St, Berkeley, California, 94702",100
BERKELEY,Alameda,2024,,064 424701700,35 Hillcrest Rd,,B2023-01703,ADU,Renter,0,0,0,0,0,0,0,0,0,1,0,2024-01-23,1,0,0,0,0,0,0,0,0,0,1,0,2024-01-23,1,0,0,0,0,0,0,0,0,0,1,0,2024-05-13,1,0,NONE,0,Y,,,ABAG ADU Affordability Methodology,,0,0,0,0,0,,,,37.852599,-122.247848,"35 Hillcrest Rd, Berkeley, California, 94705",100
BERKELEY,Alameda,2024,,062 294203000,483 Boynton Ave,,B2023-04099,ADU,Renter,0,0,0,0,0,0,0,0,0,1,0,2024-01-23,1,0,0,0,0,0,0,0,0,0,1,0,2024-01-23,1,0,0,0,0,0,0,0,0,0,1,0,2024-06-27,1,0,NONE,0,Y,,,ABAG ADU Affordability Methodology,,0,0,0,0,0,,,,37.901259,-122.274517,"483 Boynton Ave, Berkeley, California, 94707",100
BERKELEY,Alameda,2024,,052 155100300,1840 Woolsey St,,B2023-03328,2 to 4,Owner,0,0,0,0,0,0,0,0,0,0,0,,0,0,0,0,0,0,0,0,0,0,0,1,2024-06-18,1,0,0,0,0,0,0,0,0,0,0,0,,0,0,NONE,0,Y,,,0,,0,0,0,0,0,,,,37.851533,-122.271018,"1840 Woolsey St, Berkeley, California, 94703",100
BERKELEY,Alameda,2024,,056 193801903,917 Channing Way,,B2024-02148,ADU,Renter,0,0,0,0,0,0,0,0,0,0,1,2024-11-06,1,0,0,0,0,0,0,0,0,0,0,1,2024-11-06,1,0,0,0,0,0,0,0,0,0,0,0,,0,0,NONE,0,Y,,,0,,0,0,0,0,0,,,,37.862140,-122.293875,"917 Channing Way, Berkeley, California, 94710",100
BERKELEY,Alameda,2024,,053 166002400,1027 HEINZ,,B2022-02577,SFD,Owner,0,0,0,0,0,0,0,0,0,0,0,,0,0,0,0,0,0,0,0,0,0,0,0,,0,0,0,0,0,0,0,0,0,0,0,1,2024-11-07,1,0,NONE,0,Y,,,0,,0,0,0,0,0,,,,37.854163,-122.288810,"1027 Heinz Ave, Berkeley, California, 94710",98.909999999999997
BERKELEY,Alameda,2024,,060 249301000,1330 Sumit Rd,,B2019-05318,SFD,Owner,0,0,0,0,0,0,0,0,0,0,0,,0,0,0,0,0,0,0,0,0,0,0,1,2024-04-01,1,0,0,0,0,0,0,0,0,0,0,0,,0,0,NONE,0,Y,,,0,,0,0,0,0,0,,,,37.886486,-122.248654,"1330 Summit Rd, Berkeley, California, 94708",100
BERKELEY,Alameda,2024,,060 247801503,1436 Campus Dr,,B2023-02301,SFD,Owner,0,0,0,0,0,0,0,0,0,0,0,,0,0,0,0,0,0,0,0,0,0,0,1,2024-06-18,1,0,0,0,0,0,0,0,0,0,0,0,,0,0,NONE,0,Y,,,0,,0,0,0,0,0,,,,37.883242,-122.252805,"1436 Campus Dr, Berkeley, California, 94708",100
BERKELEY,Alameda,2024,,057 211700401,1614 SIXTH St,,ZP2024-0008,SFD,Owner,0,0,0,0,0,0,0,0,0,0,2,2024-10-17,2,0,0,0,0,0,0,0,0,0,0,0,,0,0,0,0,0,0,0,0,0,0,0,0,,0,0,NONE,0,Y,,,0,,0,0,0,0,0,,,,37.873552,-122.299507,"1614 6th St, Berkeley, California, 94710",100
BERKELEY,Alameda,2024,,062 294502800,469 Kentucky Ave,,B2023-04472,SFD,Owner,0,0,0,0,0,0,0,0,0,0,0,,0,0,0,0,0,0,0,0,0,0,0,1,2024-03-18,1,0,0,0,0,0,0,0,0,0,0,1,2024-10-09,1,0,NONE,0,Y,,,0,,1,0,0,0,0,,,,37.902107,-122.271937,"469 Kentucky Ave, Berkeley, California, 94707",100
BERKELEY,Alameda,2024,,059 232601200,805 Jones St,,B2024-00721,2 to 4,Renter,0,0,0,0,0,0,0,0,0,0,0,,0,0,0,0,0,0,0,0,0,0,0,2,2024-09-23,2,0,0,0,0,0,0,0,0,0,0,0,,0,0,NONE,0,Y,,,0,,0,0,0,0,0,,,,37.875136,-122.300777,"805 Jones St, Berkeley, California, 94710",100
BERKELEY,Alameda,2024,,056 197701101,2136 San Pablo Ave,,ZP2021-0046,5+,Renter,0,0,0,0,10,0,0,0,0,0,116,2024-05-22,126,0,0,0,0,0,0,0,0,0,0,0,,0,0,0,0,0,0,0,0,0,0,0,0,,0,0,NONE,0,Y,,DB,0,,0,0,0,0.33000000000000002,2,Development Standards Modification,No,G:\LANDUSE\Projects by Address\San Pablo\2136\ZP2021-0046,37.867018,-122.291580,"2136 San Pablo Ave, Berkeley, California, 94702",100
BERKELEY,Alameda,2024,,055 187802000,2462 Bancroft Way,,ZP2023-0107,5+,Renter,0,0,0,0,3,0,0,0,0,0,63,2024-07-01,66,0,0,0,0,0,0,0,0,0,0,0,,0,0,0,0,0,0,0,0,0,0,0,0,,0,0,NONE,0,Y,,DB,0,,0,0,0,0.20000000000000001,3,Development Standards Modification,No,G:\LANDUSE\Projects by Address\Bancroft\2462\ZP2023-0107,37.868576,-122.260047,"2462 Bancroft Way, Berkeley, California, 94704",100
BERKELEY,Alameda,2024,,054 178602400,1132 CARLETON St,,B2024-03947,ADU,Renter,0,0,0,0,0,1,0,0,0,0,0,2024-10-08,1,0,0,0,0,0,1,0,0,0,0,0,2024-10-08,1,0,0,0,0,0,0,0,0,0,0,0,,0,0,NONE,0,Y,,,ABAG ADU Affordability Methodology,,0,0,0,0,0,,,,37.858682,-122.287216,"1132 Carleton St, Berkeley, California, 94702",100
BERKELEY,Alameda,2024,,054 174203500,1134 Ward St,,B2022-02658,ADU,Renter,0,0,0,0,0,0,0,1,0,0,0,2024-02-08,1,0,0,0,0,0,0,0,1,0,0,0,2024-02-08,1,0,0,0,0,0,0,0,0,0,0,0,,0,0,NONE,0,Y,,,ABAG ADU Affordability Methodology,,0,0,0,0,0,,,,37.857018,-122.286729,"1134 Ward St, Berkeley, California, 94702",100
BERKELEY,Alameda,2024,,057 208200200,1208 Delaware St,,B2024-00243,ADU,Renter,0,0,0,0,0,0,0,0,0,1,0,2024-07-11,1,0,0,0,0,0,0,0,0,0,1,0,2024-07-11,1,0,0,0,0,0,0,0,0,0,0,0,,0,0,NONE,0,Y,,,ABAG ADU Affordability Methodology,,0,0,0,0,0,,,,37.872118,-122.289474,"1208 Delaware St, Berkeley, California, 94702",100
BERKELEY,Alameda,2024,,056 192400500,1280 Bancroft Way,,B2024-01337,ADU,Renter,0,0,0,0,0,1,0,0,0,0,0,2024-09-26,1,0,0,0,0,0,1,0,0,0,0,0,2024-09-26,1,0,0,0,0,0,0,0,0,0,0,0,,0,0,NONE,0,Y,,,ABAG ADU Affordability Methodology,,0,0,0,0,0,,,,37.865095,-122.286965,"1280 Bancroft Way, Berkeley, California, 94702",100
BERKELEY,Alameda,2024,,060 239202200,1386 Curtis St,,B2023-00589,ADU,Renter,0,0,0,0,0,0,0,0,0,0,0,,0,0,0,0,0,0,0,0,0,0,0,0,,0,0,0,0,0,0,0,0,0,0,0,1,2024-07-09,1,0,NONE,0,Y,,,0,,0,0,0,0,0,,,,37.878878,-122.290998,"1386 Curtis St, Berkeley, California, 94702",100
BERKELEY,Alameda,2024,,056 199802600,1429 Bancroft Way,,B2023-00510,ADU,Renter,0,0,0,0,0,0,0,0,0,0,0,,0,0,0,0,0,0,0,0,0,0,0,0,,0,0,0,0,0,0,1,0,0,0,0,0,2024-07-02,1,0,NONE,0,Y,,,ABAG ADU Affordability Methodology,,0,0,0,0,0,,,,37.865733,-122.282409,"1429 Bancroft Way, Berkeley, California, 94702",100
BERKELEY,Alameda,2024,,060 243301800,1601 Rose St,,B2024-01282,ADU,Renter,0,0,0,0,0,1,0,0,0,0,0,2024-08-05,1,0,0,0,0,0,1,0,0,0,0,0,2024-08-05,1,0,0,0,0,0,0,0,0,0,0,0,,0,0,NONE,0,Y,,,ABAG ADU Affordability Methodology,,0,0,0,0,0,,,,37.879765,-122.280743,"1601 Rose St, Berkeley, California, 94703",100
BERKELEY,Alameda,2024,,058 218301500,1683 Oxford St,,B2021-02315,ADU,Renter,0,0,0,0,0,0,0,0,0,0,0,,0,0,0,0,0,0,0,0,0,0,0,0,,0,0,0,0,0,0,0,0,0,0,2,0,2024-07-24,2,0,NONE,0,Y,,,ABAG ADU Affordability Methodology,,0,0,0,0,0,,,,37.877200,-122.266672,"1683 Oxford St, Berkeley, California, 94709",100
BERKELEY,Alameda,2024,,060 243702800,1701 Hopkins St,,B2023-00291,ADU,Renter,0,0,0,0,0,0,0,0,0,0,0,,0,0,0,0,0,0,0,0,0,0,0,0,,0,0,0,0,0,0,0,0,0,0,1,0,2024-07-25,1,0,NONE,0,Y,,,ABAG ADU Affordability Methodology,,0,0,0,0,0,,,,37.883070,-122.279216,"1701 Hopkins St, Berkeley, California, 94707",100
BERKELEY,Alameda,2024,,058 216001300,1709 Francisco St,,B2023-03055,ADU,Renter,0,0,0,0,0,0,0,0,0,0,0,,0,0,0,0,0,0,0,0,0,0,0,0,,0,0,0,0,0,0,0,0,0,0,1,0,2024-12-11,1,0,NONE,0,Y,,,ABAG ADU Affordability Methodology,,0,0,0,0,0,,,,37.874645,-122.277451,"1709 Francisco St, Berkeley, California, 94703",100
BERKELEY,Alameda,2024,,062 288701200,1851 San Pedro Ave,,B2023-04611,ADU,Renter,0,0,0,0,0,0,0,1,0,0,0,2024-02-27,1,0,0,0,0,0,0,0,1,0,0,0,2024-02-27,1,0,0,0,0,0,0,0,0,0,0,0,,0,0,NONE,0,Y,,,ABAG ADU Affordability Methodology,,0,0,0,0,0,,,,37.893378,-122.278568,"1851 San Pedro Ave, Berkeley, California, 94707",100
BERKELEY,Alameda,2024,,056 198701400,2228 Browning St,,B2023-06362,ADU,Renter,0,0,0,0,0,0,0,1,0,0,0,2024-07-26,1,0,0,0,0,0,0,0,1,0,0,0,2024-07-26,1,0,0,0,0,0,0,0,0,0,0,0,,0,0,NONE,0,Y,,,ABAG ADU Affordability Methodology,,0,0,0,0,0,,,,37.865779,-122.287806,"2228 Browning St, Berkeley, California, 94702",100
BERKELEY,Alameda,2024,,056 193800800,2314 Eighth St,ADU 2,B2022-00339,ADU,Renter,0,0,0,0,0,0,0,1,0,0,0,2024-07-11,1,0,0,0,0,0,0,0,1,0,0,0,2024-07-11,1,0,0,0,0,0,0,0,0,0,0,0,,0,0,NONE,0,Y,,,ABAG ADU Affordability Methodology,,0,0,0,0,0,,,,37.863394,-122.293970,"2314 8th St, Berkeley, California, 94710",100
BERKELEY,Alameda,2024,,056 191902500,2433 Acton St,,B2021-01939,ADU,Renter,0,0,0,0,0,0,0,0,0,0,0,,0,0,0,0,0,0,0,0,0,0,0,0,,0,0,0,0,0,0,0,0,1,0,0,0,2024-08-23,1,0,NONE,0,Y,,,ABAG ADU Affordability Methodology,,0,0,0,0,0,,,,37.862535,-122.283076,"2433 Acton St, Berkeley, California, 94702",100
BERKELEY,Alameda,2024,,052 155901900,2440 Prince St,,B2023-05918,ADU,Renter,0,0,0,0,0,0,0,1,0,0,0,2024-05-14,1,0,0,0,0,0,0,0,1,0,0,0,2024-05-14,1,0,0,0,0,0,0,0,0,0,0,0,,0,0,NONE,0,Y,,,ABAG ADU Affordability Methodology,,0,0,0,0,0,,,,37.853813,-122.258152,"2440 Prince St, Berkeley, California, 94705",100
BERKELEY,Alameda,2024,,055 184802400,2619 College Ave,,B2024-00819,ADU,Renter,0,0,0,0,0,0,0,0,0,2,0,2024-09-13,2,0,0,0,0,0,0,0,0,0,2,0,2024-09-13,2,0,0,0,0,0,0,0,0,0,0,0,,0,0,NONE,0,Y,,,ABAG ADU Affordability Methodology,,0,0,0,0,0,,,,37.863133,-122.253621,"2619 College Ave, Berkeley, California, 94704",100
BERKELEY,Alameda,2024,,054 170800500,2737 FOREST Ave,,B2021-02307,ADU,Renter,0,0,0,0,0,0,0,0,0,0,0,,0,0,0,0,0,0,0,0,0,0,0,0,,0,0,0,0,0,0,0,0,2,0,0,0,2024-03-11,2,0,NONE,0,Y,,,ABAG ADU Affordability Methodology,,0,0,0,0,0,,,,37.861528,-122.251792,"2737 Forest Ave, Berkeley, California, 94705",100
BERKELEY,Alameda,2024,,053 169601200,2830 Cherry St,,B2022-04111,ADU,Renter,0,0,0,0,0,0,0,0,0,0,0,,0,0,0,0,0,0,0,0,0,0,0,0,,0,0,0,0,0,0,0,0,0,0,1,0,2024-09-23,1,0,NONE,0,Y,,,ABAG ADU Affordability Methodology,,0,0,0,0,0,,,,37.858919,-122.252226,"2830 Cherry St, Berkeley, California, 94705",100
BERKELEY,Alameda,2024,,053 160202100,3037 Ellis St,,B2023-03018,ADU,Renter,0,0,0,0,0,0,0,0,0,1,0,2024-02-21,1,0,0,0,0,0,0,0,0,0,1,0,2024-02-21,1,0,0,0,0,0,0,0,0,0,0,0,,0,0,NONE,0,Y,,,ABAG ADU Affordability Methodology,,0,0,0,0,0,,,,37.852600,-122.273020,"3037 Ellis St, Berkeley, California, 94703",100
BERKELEY,Alameda,2024,,052 154700600,3136 Ellis St,,B2020-02422,ADU,Renter,0,0,0,0,0,0,0,0,0,0,0,,0,0,0,0,0,0,0,0,0,0,0,0,,0,0,0,0,0,0,0,0,0,0,1,0,2024-11-15,1,0,NONE,0,Y,,,ABAG ADU Affordability Methodology,,0,0,0,0,0,,,,37.850864,-122.272895,"3136 Ellis St, Berkeley, California, 94703",100
BERKELEY,Alameda,2024,,060 248904100,98 Avenida Dr,,B2023-04171,ADU,Renter,0,0,0,0,0,0,0,0,0,0,1,2024-08-20,1,0,0,0,0,0,0,0,0,0,0,1,2024-08-20,1,0,0,0,0,0,0,0,0,0,0,0,,0,0,SB 9 (2021) - Duplex in SF Zone,0,Y,,,0,,0,0,0,0,0,,,,37.883710,-122.249923,"98 Avenida Dr, Berkeley, California, 94708",100
BERKELEY,Alameda,2024,,056 194302000,2421 Fifth St,Building B,B2021-05014,2 to 4,Renter,0,0,0,0,0,0,0,0,0,0,0,,0,0,0,0,0,0,0,0,0,0,0,1,2024-04-24,1,0,0,0,0,0,0,0,0,0,0,0,,0,0,NONE,0,Y,,,0,,0,0,0,0,0,,,,37.860701,-122.296527,"2421 5th St, Berkeley, California, 94710",100
BERKELEY,Alameda,2024,,060 246905902,2707 Rose St,,B2023-05059,SFD,Owner,0,0,0,0,0,0,0,0,0,0,0,,0,0,0,0,0,0,0,0,0,0,0,1,2024-08-28,1,0,0,0,0,0,0,0,0,0,0,0,,0,0,NONE,0,Y,,,0,,0,0,0,0,0,,,,37.883659,-122.257761,"2707 Rose St, Berkeley, California, 94708",100
BERKELEY,Alameda,2024,,053 165803500,2833 Seventh St,,ZP2023-0123,SFD,Owner,0,0,0,0,0,0,0,0,0,0,1,2024-05-07,1,0,0,0,0,0,0,0,0,0,0,0,,0,0,0,0,0,0,0,0,0,0,0,0,,0,0,NONE,0,Y,,,0,,0,0,0,0,0,,,,37.854025,-122.292049,"2833 7th St, Berkeley, California, 94710",100
BERKELEY,Alameda,2024,,056 200300100,1598 University Ave,,B2024-01924,5+,Renter,0,0,0,0,0,0,0,0,0,0,0,,0,0,0,0,0,21,0,0,0,0,0,186,2024-12-16,207,0,0,0,0,0,0,0,0,0,0,0,,0,0,NONE,0,Y,,DB,0,,0,0,0,0.5,8,Development Standards Modification,No,,37.870577,-122.279943,"1598 University Ave, Berkeley, California, 94703",100
BERKELEY,Alameda,2024,,058 214901904,1750 SACRAMENTO St,,PLN2024-0010,5+,Renter,0,0,0,0,248,0,133,0,0,0,358,2024-02-22,739,0,0,0,0,0,0,0,0,0,0,0,,0,0,0,0,0,0,0,0,0,0,0,0,,0,0,AB 2011 (2022),0,Y,,DB,0,,0,0,0,0,20,On-Site Improvements,No,,37.874289,-122.282555,"1750 Sacramento St, Berkeley, California, 94702",100
BERKELEY,Alameda,2024,,055 189400200,2037 Durant Ave,,ZP2023-0064,5+,Renter,0,0,0,0,4,0,0,0,0,0,70,2024-06-19,74,0,0,0,0,0,0,0,0,0,0,0,,0,0,0,0,0,0,0,0,0,0,0,0,,0,0,NONE,0,Y,,DB,0,,0,0,0,0.20000000000000001,5,Development Standards Modification,No,G:\LANDUSE\Projects by Address\Durant\2037\ZP2023-0064,37.866612,-122.268520,"2037 Durant Ave, Berkeley, California, 94704",100
BERKELEY,Alameda,2024,,057 203100101,2128 OXFORD St,,ZP2022-0135,5+,Renter,0,0,0,0,40,0,0,0,0,0,416,2024-10-04,456,0,0,0,0,0,0,0,0,0,0,0,,0,0,0,0,0,0,0,0,0,0,0,0,,0,0,NONE,0,Y,,DB,0,,16,0,0,0.39000000000000001,10,"Development Standards Modification, On-Site Improvements",No,,37.870332,-122.265955,"2128 Oxford St, Berkeley, California, 94704",100
BERKELEY,Alameda,2024,,063 297204600,1023 Cragmont Ave,,B2023-04195,ADU,Renter,0,0,0,0,0,0,0,0,0,0,0,,0,0,0,0,0,0,0,0,0,0,0,0,,0,0,0,0,0,0,1,0,0,0,0,0,2024-07-29,1,0,NONE,0,Y,,,ABAG ADU Affordability Methodology,,0,0,0,0,0,,,,37.890358,-122.264753,"1023 Cragmont Ave, Berkeley, California, 94708",100
BERKELEY,Alameda,2024,,052 151502600,1216 Haskell St,,B2022-03577,ADU,Renter,0,0,0,0,0,0,0,0,0,0,0,,0,0,0,0,0,0,0,0,0,0,0,0,,0,0,0,0,0,0,1,0,0,0,0,0,2024-07-31,1,0,NONE,0,Y,,,ABAG ADU Affordability Methodology,,0,0,0,0,0,,,,37.850673,-122.285238,"1216 Haskell St, Berkeley, California, 94702",100
BERKELEY,Alameda,2024,,054 173902500,1310 DERBY,,B2021-03651,ADU,Renter,0,0,0,0,0,0,0,0,0,0,0,,0,0,0,0,0,0,0,0,0,0,0,0,,0,0,0,0,0,0,1,0,0,0,0,0,2024-06-14,1,0,NONE,0,Y,,,ABAG ADU Affordability Methodology,,0,0,0,0,0,,,,37.858166,-122.284159,"1310 Derby St, Berkeley, California, 94702",98.909999999999997
BERKELEY,Alameda,2024,,052 151800800,1325 ALCATRAZ,,B2020-03772,ADU,Renter,0,0,0,0,0,0,0,0,0,0,0,,0,0,0,0,0,0,0,0,0,0,0,0,,0,0,0,0,0,0,1,0,0,0,0,0,2024-10-31,1,0,NONE,0,Y,,,ABAG ADU Affordability Methodology,,0,0,0,0,0,,,,37.847590,-122.280277,"1325 Alcatraz Ave, Berkeley, California, 94702",98.909999999999997
BERKELEY,Alameda,2024,,060 245101400,1332 MILVIA,,B2022-03410,ADU,Renter,0,0,0,0,0,0,0,0,0,0,0,,0,0,0,0,0,0,0,0,0,0,0,0,,0,0,0,0,0,0,0,0,0,0,1,0,2024-07-30,1,0,NONE,0,Y,,,ABAG ADU Affordability Methodology,,0,0,0,0,0,,,,37.882305,-122.271915,"1332 Milvia St, Berkeley, California, 94709",98.909999999999997
BERKELEY,Alameda,2024,,057 207600200,1428 DELAWARE St,,B2022-00248,ADU,Renter,0,0,0,0,0,0,0,0,0,0,0,,0,0,0,0,0,0,0,0,0,0,0,0,,0,0,0,0,0,0,1,0,0,0,0,0,2024-02-07,1,0,NONE,0,Y,,,ABAG ADU Affordability Methodology,,0,0,0,0,0,,,,37.872915,-122.283223,"1428 Delaware St, Berkeley, California, 94702",100
BERKELEY,Alameda,2024,,059 228201300,1509 McGee Ave,,B2023-02001,ADU,Renter,0,0,0,0,0,1,0,0,0,0,0,2024-04-18,1,0,0,0,0,0,1,0,0,0,0,0,2024-04-18,1,0,0,0,0,0,0,0,0,0,0,0,,0,0,NONE,0,Y,,,ABAG ADU Affordability Methodology,,0,0,0,0,0,,,,37.878869,-122.279213,"1509 McGee Ave, Berkeley, California, 94703",100
BERKELEY,Alameda,2024,,054 180002200,1514 Blake St,,B2023-05250,ADU,Renter,0,0,0,0,0,1,0,0,0,0,0,2024-10-10,1,0,0,0,0,0,1,0,0,0,0,0,2024-10-10,1,0,0,0,0,0,0,0,0,0,0,0,,0,0,NONE,0,Y,,,ABAG ADU Affordability Methodology,,0,0,0,0,0,,,,37.861415,-122.280059,"1514 Blake St, Berkeley, California, 94703",100
BERKELEY,Alameda,2024,,058 224603800,1570 Le Roy Ave,,B2024-01316,ADU,Renter,0,0,0,0,0,1,0,0,0,0,0,2024-09-12,1,0,0,0,0,0,1,0,0,0,0,0,2024-09-12,1,0,0,0,0,0,0,0,0,0,0,0,,0,0,NONE,0,Y,,,ABAG ADU Affordability Methodology,,0,0,0,0,0,,,,37.880416,-122.259411,"1570 Le Roy Ave, Berkeley, California, 94708",100
BERKELEY,Alameda,2024,,060 243600300,1630 Posen Ave,,B2023-02002,ADU,Renter,0,0,0,0,0,0,0,0,0,0,0,,0,0,0,0,0,0,0,0,0,0,0,0,,0,0,0,0,0,0,0,0,1,0,0,0,2024-07-17,1,0,NONE,0,Y,,,ABAG ADU Affordability Methodology,,0,0,0,0,0,,,,37.884449,-122.279676,"1630 Posen Ave, Berkeley, California, 94707",100
BERKELEY,Alameda,2024,,058 216700400,1712 M L King Jr Way,,B2020-01101,ADU,Renter,0,0,0,0,0,0,0,0,0,0,0,,0,0,0,0,0,0,0,0,0,0,0,0,,0,0,0,0,0,0,0,0,0,0,1,0,2024-10-07,1,0,NONE,0,Y,,,ABAG ADU Affordability Methodology,,0,0,0,0,0,,,,37.875471,-122.273483,"1712 Martin Luther King Jr Way, Berkeley, California, 94709",100
BERKELEY,Alameda,2024,,058 220700501,1724 La Vereda Rd,,B2023-04429,ADU,Renter,0,0,0,0,0,1,0,0,0,0,0,2024-04-29,1,0,0,0,0,0,1,0,0,0,0,0,2024-04-29,1,0,0,0,0,0,1,0,0,0,0,0,2024-07-19,1,0,NONE,0,Y,,,ABAG ADU Affordability Methodology,,0,0,0,0,0,,,,37.878381,-122.255951,"1724 La Vereda Rd, Berkeley, California, 94709",100
BERKELEY,Alameda,2024,,056 194202000,2335 Fifth St,,B2023-02152,ADU,Renter,0,0,0,0,0,0,0,0,0,0,0,,0,0,0,0,0,0,0,0,0,0,0,0,,0,0,0,0,0,0,0,0,1,0,0,0,2024-05-31,1,0,NONE,0,Y,,,ABAG ADU Affordability Methodology,,0,0,0,0,0,,,,37.862082,-122.296966,"2335 5th St, Berkeley, California, 94710",100
BERKELEY,Alameda,2024,,055 186500700,2430 Prospect St,,B2023-02685,ADU,Renter,0,0,0,0,0,0,0,1,0,0,0,2024-03-15,1,0,0,0,0,0,0,0,1,0,0,0,2024-03-15,1,0,0,0,0,0,0,0,1,0,0,0,2024-12-20,1,0,NONE,0,Y,,,ABAG ADU Affordability Methodology,,0,0,0,0,0,,,,37.867042,-122.249795,"2430 Prospect St, Berkeley, California, 94704",100
BERKELEY,Alameda,2024,,055 188002201,2436 Channing Way,,B2023-05281,ADU,Renter,0,0,0,0,0,0,0,2,0,0,0,2024-04-17,2,0,0,0,0,0,0,0,2,0,0,0,2024-04-17,2,0,0,0,0,0,0,0,0,0,0,0,,0,0,NONE,0,Y,,,ABAG ADU Affordability Methodology,,0,0,0,0,0,,,,37.866857,-122.259067,"2436 Channing Way, Berkeley, California, 94704",100
BERKELEY,Alameda,2024,,053 167700800,2800 M L King Jr Way,,B2024-02927,ADU,Renter,0,0,0,0,0,0,0,0,0,2,0,2024-10-22,2,0,0,0,0,0,0,0,0,0,2,0,2024-10-22,2,0,0,0,0,0,0,0,0,0,0,0,,0,0,NONE,0,Y,,,ABAG ADU Affordability Methodology,,0,0,0,0,0,,,,37.857847,-122.271509,"2800 Martin Luther King Jr Way, Berkeley, California, 94703",100
BERKELEY,Alameda,2024,,062 288202500,766 Vincente Ave,,B2023-01770,ADU,Renter,0,0,0,0,0,0,0,0,0,0,0,,0,0,0,0,0,0,0,0,0,0,0,0,,0,0,0,0,0,0,0,0,0,0,1,0,2024-07-17,1,0,NONE,0,Y,,,ABAG ADU Affordability Methodology,,0,0,0,0,0,,,,37.894269,-122.283102,"766 Vincente Ave, Berkeley, California, 94707",100
BERKELEY,Alameda,2024,,061 261101300,948 Fresno Ave,,B2023-05794,ADU,Renter,0,0,0,0,0,0,0,0,0,0,1,2024-03-14,1,0,0,0,0,0,0,0,0,0,0,1,2024-03-14,1,0,0,0,0,0,0,0,0,0,0,0,,0,0,NONE,0,Y,,,0,,0,0,0,0,0,,,,37.889883,-122.277901,"948 Fresno Ave, Berkeley, California, 94707",100
BERKELEY,Alameda,2024,,054 178102900,1200 Dwight Way,,B2023-03735,SFD,Owner,0,0,0,0,0,0,0,0,0,0,0,,0,0,0,0,0,0,0,0,0,0,0,1,2024-09-09,1,0,0,0,0,0,0,0,0,0,0,0,,0,0,NONE,0,Y,,,0,,0,0,0,0,0,,,,37.861312,-122.287684,"1200 Dwight Way, Berkeley, California, 94702",100
BERKELEY,Alameda,2024,,054 178102900,1200 Dwight Way,,B2024-03439,SFD,Owner,0,0,0,0,0,0,0,0,0,0,0,,0,0,0,0,0,0,0,0,0,0,0,1,2024-09-05,1,0,0,0,0,0,0,0,0,0,0,0,,0,0,NONE,0,Y,,,0,,1,0,0,0,0,,,,37.861312,-122.287684,"1200 Dwight Way, Berkeley, California, 94702",100
BERKELEY,Alameda,2024,,060 248904100,98 Avenida Dr,,B2023-04170,SFD,Owner,0,0,0,0,0,0,0,0,0,0,0,,0,0,0,0,0,0,0,0,0,0,0,1,2024-08-20,1,0,0,0,0,0,0,0,0,0,0,0,,0,0,SB 9 (2021) - Duplex in SF Zone,0,Y,,,0,,0,0,0,0,0,,,,37.883710,-122.249923,"98 Avenida Dr, Berkeley, California, 94708",100
BERKELEY,Alameda,2024,,057 204600100,1951 SHATTUCK Ave,,B2021-04893-REV14,5+,Renter,0,0,0,0,0,0,0,0,0,0,0,,0,0,0,0,0,0,0,0,0,0,0,7,2024-04-26,7,0,0,0,0,0,0,0,0,0,0,0,,0,0,NONE,0,Y,,,0,,0,0,0,0,0,,,Permit Revision to add 7 additional units to the original 156.,37.872841,-122.268387,"1951 Shattuck Ave, Berkeley, California, 94704",100
BERKELEY,Alameda,2024,,057 203000800,2115 Kittredge St,,ZP2022-0144,5+,Renter,0,0,0,0,22,0,0,0,0,0,192,2024-06-04,214,0,0,0,0,0,0,0,0,0,0,0,,0,0,0,0,0,0,0,0,0,0,0,0,,0,0,NONE,0,Y,,DB,0,,0,0,0,0.5,6,Development Standards Modification,Yes,"Waiver to provide zero commercial short-term bicycle parking.

G:\LANDUSE\Projects by Address\Kittredge\2113-2115\ZP2022-0144",37.868620,-122.267173,"2115 Kittredge St, Berkeley, California, 94704",100
BERKELEY,Alameda,2024,,055 187701601,2530 BANCROFT Way,,ZP2023-0126,5+,Renter,0,0,0,0,11,0,0,0,0,0,99,2024-12-27,110,0,0,0,0,0,0,0,0,0,0,0,,0,0,0,0,0,0,0,0,0,0,0,0,,0,0,NONE,0,Y,,DB,0,,0,0,0,0.5,3,Development Standards Modification,No,,37.868800,-122.258281,"2530 Bancroft Way, Berkeley, California, 94704",100
BERKELEY,Alameda,2024,,052 157602701,3030 TELEGRAPH Ave,,B2023-06416,5+,Renter,0,0,0,0,0,0,0,0,0,0,0,,0,0,0,0,0,7,0,1,0,0,0,136,2024-10-15,144,0,0,0,0,0,0,0,0,0,0,0,,0,0,NONE,0,Y,,DB,0,,4,0,0,0.20000000000000001,3,Development Standards Modification,No,,37.854679,-122.260002,"3030 Telegraph Ave, Berkeley, California, 94705",100
BERKELEY,Alameda,2024,,056 197402000,1009 Allston Way,,B2022-02472,ADU,Renter,0,0,0,0,0,1,0,0,0,0,0,2024-07-15,1,0,0,0,0,0,1,0,0,0,0,0,2024-07-15,1,0,0,0,0,0,0,0,0,0,0,0,,0,0,NONE,0,Y,,,ABAG ADU Affordability Methodology,,0,0,0,0,0,,,,37.866039,-122.293148,"1009 Allston Way, Berkeley, California, 94710",100
BERKELEY,Alameda,2024,,060 241502600,1231 NEILSON,,B2020-02816,ADU,Renter,0,0,0,0,0,0,0,0,0,0,0,,0,0,0,0,0,0,0,0,0,0,0,0,,0,0,0,0,0,0,1,0,0,0,0,0,2024-09-19,1,0,NONE,0,Y,,,ABAG ADU Affordability Methodology,,0,0,0,0,0,,,,37.881688,-122.288988,"1231 Neilson St, Albany, California, 94706",98.879999999999995
BERKELEY,Alameda,2024,,057 208300200,1238 Hearst Ave,,B2021-04128,ADU,Renter,0,0,0,0,0,1,0,0,0,0,0,2024-03-05,1,0,0,0,0,0,1,0,0,0,0,0,2024-03-05,1,0,0,0,0,0,0,0,0,0,0,0,,0,0,NONE,0,Y,,,ABAG ADU Affordability Methodology,,0,0,0,0,0,,,,37.870954,-122.289179,"1238 Hearst Ave, Berkeley, California, 94702",100
BERKELEY,Alameda,2024,,060 240501800,1242 Kains Ave,,B2022-02055,ADU,Renter,0,0,0,0,0,0,0,0,0,0,0,,0,0,0,0,0,0,0,0,0,0,0,0,,0,0,0,0,0,0,1,0,0,0,0,0,2024-06-10,1,0,NONE,0,Y,,,ABAG ADU Affordability Methodology,,0,0,0,0,0,,,,37.881005,-122.295027,"1242 Kains Ave, Albany, California, 94706",100
BERKELEY,Alameda,2024,,052 151701500,1305 SIXTY-SIXTH,,B2021-02542,ADU,Renter,0,0,0,0,0,0,0,0,0,0,0,,0,0,0,0,0,0,0,0,0,0,0,0,,0,0,0,0,0,0,1,0,0,0,0,0,2024-09-06,1,0,NONE,0,Y,,,ABAG ADU Affordability Methodology,,0,0,0,0,0,,,,37.849533,-122.282456,"1305 66th St, Berkeley, California, 94702",98.909999999999997
BERKELEY,Alameda,2024,,054 179401401,1403 Carleton St,,B2023-04424,ADU,Renter,0,0,0,0,0,2,0,0,0,0,0,2024-08-21,2,0,0,0,0,0,2,0,0,0,0,0,2024-08-21,2,0,0,0,0,0,0,0,0,0,0,0,,0,0,NONE,0,Y,,,ABAG ADU Affordability Methodology,,0,0,0,0,0,,,,37.859390,-122.282242,"1403 Carleton St, Berkeley, California, 94702",100
BERKELEY,Alameda,2024,,056 199804000,1423 Acroft Ct,,B2021-01581,ADU,Renter,0,0,0,0,0,0,0,0,0,0,0,,0,0,0,0,0,0,0,0,0,0,0,0,,0,0,0,0,0,0,1,0,0,0,0,0,2024-06-19,1,0,NONE,0,Y,,,ABAG ADU Affordability Methodology,,0,0,0,0,0,,,,37.866141,-122.282852,"1423 Acroft Ct, Berkeley, California, 94702",100
BERKELEY,Alameda,2024,,060 242304900,1449 ORDWAY St,,B2023-03417,ADU,Renter,0,0,0,0,0,0,0,0,0,0,0,,0,0,0,0,0,0,0,0,0,0,0,0,,0,0,0,0,0,0,0,0,0,0,0,1,2024-04-05,1,0,NONE,0,Y,,,0,,0,0,0,0,0,,,,37.878394,-122.287267,"1449 Ordway St, Berkeley, California, 94702",100
BERKELEY,Alameda,2024,,064 422900300,151 Tunnel Rd,,B2020-01212,ADU,Renter,0,0,0,0,0,0,0,0,0,0,0,,0,0,0,0,0,0,0,0,0,0,0,0,,0,0,0,0,0,0,1,0,0,0,0,0,2024-07-17,1,0,NONE,0,Y,,,ABAG ADU Affordability Methodology,,0,0,0,0,0,,,,37.855188,-122.238032,"151 Tunnel Rd, Berkeley, California, 94705",100
BERKELEY,Alameda,2024,,058 216401600,1619 Edith St,,B2024-01247,ADU,Renter,0,0,0,0,0,1,0,0,0,0,0,2024-08-27,1,0,0,0,0,0,1,0,0,0,0,0,2024-08-27,1,0,0,0,0,0,0,0,0,0,0,0,,0,0,NONE,0,Y,,,ABAG ADU Affordability Methodology,,0,0,0,0,0,,,,37.876631,-122.276984,"1619 Edith St, Berkeley, California, 94703",100
BERKELEY,Alameda,2024,,058 212102600,1625 SEVENTH St,,B2022-03940,ADU,Renter,0,0,0,0,0,0,0,0,0,0,0,,0,0,0,0,0,0,0,0,0,0,0,0,,0,0,0,0,0,0,1,0,0,0,0,0,2024-04-24,1,0,NONE,0,Y,,,ABAG ADU Affordability Methodology,,0,0,0,0,0,,,,37.873368,-122.298274,"1625 7th St, Berkeley, California, 94710",100
BERKELEY,Alameda,2024,,052 152600900,1817 Sixty-Second St,,B2023-05812,ADU,Renter,0,0,0,0,0,0,0,1,0,0,0,2024-03-12,1,0,0,0,0,0,0,0,1,0,0,0,2024-03-12,1,0,0,0,0,0,0,0,0,0,0,0,,0,0,NONE,0,Y,,,ABAG ADU Affordability Methodology,,0,0,0,0,0,,,,37.847097,-122.270245,"1817 62nd St, Berkeley, California, 94703",100
BERKELEY,Alameda,2024,,055 182801200,2221 Carleton St,,B2023-04736,ADU,Renter,0,0,0,0,0,0,0,1,0,0,0,2024-04-08,1,0,0,0,0,0,0,0,1,0,0,0,2024-04-08,1,0,0,0,0,0,0,0,0,0,0,0,,0,0,NONE,0,Y,,,ABAG ADU Affordability Methodology,,0,0,0,0,0,,,,37.861716,-122.263724,"2221 Carleton St, Berkeley, California, 94704",100
BERKELEY,Alameda,2024,,054 178100400,2516 Mathews St,,B2022-04803,ADU,Renter,0,0,0,0,0,0,0,0,0,0,0,,0,0,0,0,0,0,0,0,0,0,0,0,,0,0,0,0,0,0,0,0,1,0,0,0,2024-11-22,1,0,NONE,0,Y,,,ABAG ADU Affordability Methodology,,0,0,0,0,0,,,,37.860799,-122.287228,"2516 Mathews St, Berkeley, California, 94702",100
BERKELEY,Alameda,2024,,055 185200600,2610 Warring St,,B2023-01199,ADU,Renter,0,0,0,0,0,0,0,0,0,0,0,,0,0,0,0,0,0,0,0,0,0,0,0,,0,0,0,0,0,0,0,0,1,0,0,0,2024-07-25,1,0,NONE,0,Y,,,ABAG ADU Affordability Methodology,,0,0,0,0,0,,,,37.863671,-122.250265,"2610 Warring St, Berkeley, California, 94704",100
BERKELEY,Alameda,2024,,054 179301400,2633 Acton St,,B2024-01364,ADU,Renter,0,0,0,0,0,0,0,0,0,1,0,2024-06-13,1,0,0,0,0,0,0,0,0,0,1,0,2024-06-13,1,0,0,0,0,0,0,0,0,0,0,0,,0,0,NONE,0,Y,,,ABAG ADU Affordability Methodology,,0,0,0,0,0,,,,37.858908,-122.282571,"2633 Acton St, Berkeley, California, 94702",100
BERKELEY,Alameda,2024,,054 170903500,2710 College Ave,,B2024-00176,ADU,Renter,0,0,0,0,0,0,0,0,0,1,0,2024-07-05,1,0,0,0,0,0,0,0,0,0,1,0,2024-07-05,1,0,0,0,0,0,0,0,0,0,0,0,,0,0,NONE,0,Y,,,ABAG ADU Affordability Methodology,,0,0,0,0,0,,,,37.861257,-122.253493,"2710 College Ave, Berkeley, California, 94705",100
BERKELEY,Alameda,2024,,052 153600400,3216 California St,,B2023-03241,ADU,Renter,0,0,0,0,0,0,0,0,0,0,0,,0,0,0,0,0,0,0,0,0,0,0,0,,0,0,0,0,0,0,0,0,0,0,1,0,2024-06-12,1,0,NONE,0,Y,,,ABAG ADU Affordability Methodology,,0,0,0,0,0,,,,37.849110,-122.276102,"3216 California St, Berkeley, California, 94703",100
BERKELEY,Alameda,2024,,064 423700900,85 Hazel Rd,,B2022-04367,ADU,Renter,0,0,0,0,0,0,0,0,0,0,0,,0,0,0,0,0,0,0,0,0,0,0,0,,0,0,0,0,0,0,0,0,0,0,1,0,2024-05-16,1,0,NONE,0,Y,,,ABAG ADU Affordability Methodology,,0,0,0,0,0,,,,37.856505,-122.244693,"85 Hazel Rd, Berkeley, California, 94705",100
BERKELEY,Alameda,2024,,061 257700600,886 Arlington Ave,,B2023-04456,ADU,Renter,0,0,0,0,0,0,0,0,0,0,1,2024-02-05,1,0,0,0,0,0,0,0,0,0,0,1,2024-02-05,1,0,0,0,0,0,0,0,0,0,0,1,2024-12-06,1,0,NONE,0,Y,,,0,,0,0,0,0,0,,,,37.892357,-122.274475,"886 Arlington Ave, Berkeley, California, 94707",100
BERKELEY,Alameda,2024,,052 157602701,2334 Webster St,,B2023-06443,2 to 4,Renter,0,0,0,0,0,0,0,0,0,0,0,,0,0,0,0,0,0,0,0,0,0,0,2,2024-09-19,2,0,0,0,0,0,0,0,0,0,0,0,,0,0,NONE,0,Y,,,0,,2,0,0,0,0,,,,37.855043,-122.260548,"2334 Webster St, Berkeley, California, 94705",100
BERKELEY,Alameda,2024,,063 297400400,987 Spruce St,,B2023-00581,ADU,Renter,0,0,0,0,0,0,0,0,0,0,1,2024-07-31,1,0,0,0,0,0,0,0,0,0,0,1,2024-07-31,1,0,0,0,0,0,0,0,0,0,0,0,,0,0,NONE,0,Y,,,0,,0,0,0,0,0,,,,37.891034,-122.267187,"987 Spruce St, Berkeley, California, 94707",100
BERKELEY,Alameda,2024,,056 198301100,1111 Allston Way,,B2023-00192,SFD,Owner,0,0,0,0,0,0,0,0,0,0,0,,0,0,0,0,0,0,0,0,0,0,0,1,2024-03-20,1,0,0,0,0,0,0,0,0,0,0,0,,0,0,NONE,0,Y,,,0,,0,0,0,0,0,,,,37.866501,-122.290616,"1111 Allston Way, Berkeley, California, 94702",100
BERKELEY,Alameda,2024,,054 180201400,1515 Derby St,,ZP2023-0045,SFD,Owner,0,0,0,0,0,0,0,0,0,0,1,2024-01-25,1,0,0,0,0,0,0,0,0,0,0,0,,0,0,0,0,0,0,0,0,0,0,0,0,,0,0,NONE,0,Y,,,0,,0,0,0,0,0,,,,37.858835,-122.279468,"1515 Derby St, Berkeley, California, 94703",100
BERKELEY,Alameda,2024,,056 194302000,2421 Fifth St,,B2021-04907,2 to 4,Renter,0,0,0,0,0,0,0,0,0,0,0,,0,0,0,0,0,0,0,0,0,0,0,3,2024-04-18,3,0,0,0,0,0,0,0,0,0,0,0,,0,0,NONE,0,Y,,,0,,1,0,0,0,0,,,,37.860701,-122.296527,"2421 5th St, Berkeley, California, 94710",100
BERKELEY,Alameda,2024,,056 194002600,2411 Sixth St,,B2023-05709,SFD,Owner,0,0,0,0,0,0,0,0,0,0,0,,0,0,0,0,0,0,0,0,0,0,0,1,2024-03-01,1,0,0,0,0,0,0,0,0,0,0,0,,0,0,NONE,0,Y,,,0,,1,0,0,0,0,,,,37.861266,-122.295481,"2411 6th St, Berkeley, California, 94710",100
BERKELEY,Alameda,2024,,057 202501300,2000 UNIVERSITY Ave,,B2022-01111,5+,Renter,0,0,0,0,0,0,0,0,0,0,0,,0,0,0,0,0,0,0,0,0,0,0,0,,0,0,0,0,0,7,0,0,0,0,0,75,2024-04-09,82,0,NONE,0,Y,,DB,0,,0,0,0,0.33000000000000002,4,Development Standards Modification,Yes,,37.871799,-122.270525,"2000 University Ave, Berkeley, California, 94704",100
BERKELEY,Alameda,2024,,057 202901600,2150 KITTREDGE St,,B2021-00008,5+,Renter,0,0,0,0,0,0,0,0,0,0,0,,0,0,0,0,0,0,0,0,0,0,0,0,,0,0,0,0,0,0,0,0,0,0,0,169,2024-03-20,169,0,NONE,0,Y,,,0,,0,0,0,0,0,,,,37.868598,-122.266912,"2150 Kittredge St, Berkeley, California, 94704",100
BERKELEY,Alameda,2024,,055 188600100,2300 ELLSWORTH St,,ZP2023-0024,5+,Renter,0,0,0,0,7,0,2,0,1,0,59,2024-10-21,69,0,0,0,0,0,0,0,0,0,0,0,,0,0,0,0,0,0,0,0,0,0,0,0,,0,0,NONE,0,Y,,DB,0,,12,0,0,0.42999999999999999,3,Development Standards Modification,No,,37.867980,-122.263728,"2300 Ellsworth St, Berkeley, California, 94704",100
BERKELEY,Alameda,2024,,056 192802200,2427 SAN PABLO Ave,,ZP2022-0115,5+,Renter,0,0,0,0,0,0,0,0,0,0,8,2024-09-16,8,0,0,0,0,0,0,0,0,0,0,0,,0,0,0,0,0,0,0,0,0,0,0,0,,0,0,NONE,0,Y,,DB,0,,8,0,0,0.25,3,Development Standards Modification,No,75 units are for GLA (residential hotels). Which is why only 8 units were counted for this multi-family development,37.861791,-122.289678,"2427 San Pablo Ave, Berkeley, California, 94702",100
BERKELEY,Alameda,2024,,055 184702000,2555 College Ave,,B2023-02975,5+,Renter,0,0,0,0,0,0,0,0,0,0,0,,0,0,0,0,0,1,0,0,0,0,0,11,2024-04-26,12,0,0,0,0,0,0,0,0,0,0,0,,0,0,NONE,0,Y,,DB,0,,0,0,0,0.46000000000000002,8,Development Standards Modification,No,,37.864058,-122.253716,"2555 College Ave, Berkeley, California, 94704",100
BERKELEY,Alameda,2024,,054 171900100,2701 Shattuck Ave,,B2020-01991,5+,Renter,0,0,0,0,0,0,0,0,0,0,0,,0,0,0,0,0,0,0,0,0,0,0,0,,0,0,0,0,0,5,0,0,0,0,0,52,2024-07-18,57,0,NONE,0,Y,,DB,0,,0,0,0,0.34999999999999998,6,Development Standards Modification,Yes,"Waiver to provide 14 parking spaces, where 29 is the minimum

G:\LANDUSE\Projects by Address\Shattuck\2701\ZP2016-0244",37.860010,-122.266982,"2701 Shattuck Ave, Berkeley, California, 94705",100
BERKELEY,Alameda,2024,,059 232601200,805 Jones St,,ZP2022-0162,5+,Renter,0,0,0,0,0,0,0,0,0,0,6,2024-01-25,6,0,0,0,0,0,0,0,0,0,0,0,,0,0,0,0,0,0,0,0,0,0,0,0,,0,0,NONE,0,Y,,,0,,0,0,0,0,0,,,,37.875136,-122.300777,"805 Jones St, Berkeley, California, 94710",100
BERKELEY,Alameda,2024,,061 261000900,1016 Fresno Ave,,B2024-02618,ADU,Renter,0,0,0,0,0,1,0,0,0,0,0,2024-07-24,1,0,0,0,0,0,1,0,0,0,0,0,2024-07-24,1,0,0,0,0,0,0,0,0,0,0,0,,0,0,NONE,0,Y,,,ABAG ADU Affordability Methodology,,0,0,0,0,0,,,,37.888195,-122.277529,"1016 Fresno Ave, Berkeley, California, 94707",100
BERKELEY,Alameda,2024,,056 197602000,1027 BANCROFT Way,,B2022-02804,ADU,Renter,0,0,0,0,0,0,0,0,0,0,0,,0,0,0,0,0,0,0,0,0,0,0,0,,0,0,0,0,0,0,1,0,0,0,0,0,2024-04-24,1,0,NONE,0,Y,,,ABAG ADU Affordability Methodology,,0,0,0,0,0,,,,37.864456,-122.291639,"1027 Bancroft Way, Berkeley, California, 94710",100
BERKELEY,Alameda,2024,,061 260501300,1140 The Alameda,,B2023-02425,ADU,Renter,0,0,0,0,0,0,0,1,0,0,0,2024-03-30,1,0,0,0,0,0,0,0,1,0,0,0,2024-03-30,1,0,0,0,0,0,0,0,0,0,0,0,,0,0,NONE,0,Y,,,ABAG ADU Affordability Methodology,,0,0,0,0,0,,,,37.886255,-122.275874,"1140 The Alameda, Berkeley, California, 94707",100
BERKELEY,Alameda,2024,,055 185300400,12 Panoramic Way,,B2024-00772,ADU,Renter,0,0,0,0,0,0,0,0,0,1,0,2024-09-27,1,0,0,0,0,0,0,0,0,0,1,0,2024-09-27,1,0,0,0,0,0,0,0,0,0,0,0,,0,0,NONE,0,Y,,,ABAG ADU Affordability Methodology,,0,0,0,0,0,,,,37.868645,-122.249487,"12 Panoramic Way, Berkeley, California, 94704",100
BERKELEY,Alameda,2024,,054 178700800,1219 Derby St,,B2024-01564,ADU,Renter,0,0,0,0,0,1,0,0,0,0,0,2024-08-23,1,0,0,0,0,0,1,0,0,0,0,0,2024-08-23,1,0,0,0,0,0,0,0,0,0,0,0,,0,0,NONE,0,Y,,,ABAG ADU Affordability Methodology,,0,0,0,0,0,,,,37.857997,-122.285913,"1219 Derby St, Berkeley, California, 94702",100
BERKELEY,Alameda,2024,,060 239106700,1329 Curtis St,,B2024-00594,ADU,Renter,0,0,0,0,0,1,0,0,0,0,0,2024-07-09,1,0,0,0,0,0,1,0,0,0,0,0,2024-07-09,1,0,0,0,0,0,0,0,0,0,0,0,,0,0,NONE,0,Y,,,ABAG ADU Affordability Methodology,,0,0,0,0,0,,,,37.880411,-122.290339,"1329 Curtis St, Berkeley, California, 94702",100
BERKELEY,Alameda,2024,,060 248201600,1340 QUEENS Rd,,B2022-05670,ADU,Renter,0,0,0,0,0,0,0,0,0,0,0,,0,0,0,0,0,0,0,0,0,0,0,0,,0,0,0,0,0,0,0,0,0,0,0,1,2024-02-27,1,0,NONE,0,Y,,,0,,0,0,0,0,0,,,,37.885380,-122.252685,"1340 Queens Rd, Berkeley, California, 94708",100
BERKELEY,Alameda,2025,,057 211701700,1613 FIFTH STREET,,B2023-03200,SFD,Owner,0,0,0,0,0,0,0,0,0,0,0,,0,0,0,0,0,0,0,0,0,0,0,1,2025-02-24,1,0,0,0,0,0,0,0,0,0,0,0,,0,0,NONE,No,Y,,,0,,0,0,0,0,0,,,,37.873306,-122.300572,"1613 5th St, Berkeley, California, 94710",100
BERKELEY,Alameda,2025,,056 192600400,2312 CURTIS ST,,B2024-00955,ADU,Renter,0,0,0,0,0,0,0,1,0,0,0,2025-01-15,1,0,0,0,0,0,0,0,1,0,0,0,2025-01-15,1,0,0,0,0,0,0,0,1,0,0,0,2025-08-05,1,0,NONE,No,Y,,Other,ABAG ADU Affordability Assumptions,,0,0,0,0,0,,,,37.864382,-122.288557,"2312 Curtis St, Berkeley, California, 94702",100
BERKELEY,Alameda,2025,,055 182801100,2227 CARLETON ST,,B2024-01632,ADU,Renter,0,0,0,0,0,0,0,0,0,1,0,2025-01-08,1,0,0,0,0,0,0,0,0,0,1,0,2025-01-08,1,0,0,0,0,0,0,0,0,0,0,0,,0,0,NONE,No,Y,,Other,ABAG ADU Affordability Assumptions,,0,0,0,0,0,,,,37.861731,-122.263611,"2227 Carleton St, Berkeley, California, 94704",100
BERKELEY,Alameda,2025,,060 242802700,1355 ACTON ST,,B2024-05992,ADU,Renter,0,0,0,0,0,0,0,0,0,0,1,2025-03-21,1,0,0,0,0,0,0,0,0,0,0,1,2025-03-21,1,0,0,0,0,0,0,0,0,0,0,1,2025-07-18,1,0,NONE,No,Y,,,0,,0,0,0,0,0,,,,37.881140,-122.285251,"1355 Acton St, Albany, California, 94706",100
BERKELEY,Alameda,2025,,054 178302000,2501 MABEL St,,B2022-04896,ADU,Renter,0,0,0,0,0,0,0,0,0,0,0,,0,0,0,0,0,0,0,0,0,0,0,0,,0,0,0,0,0,0,0,0,1,0,0,0,2025-07-22,1,0,NONE,No,Y,,Other,ABAG ADU Affordability Assumptions,,0,0,0,0,0,,,,37.861442,-122.285407,"2501 Mabel St, Berkeley, California, 94702",100
BERKELEY,Alameda,2025,,055 189600500,2440 SHATTUCK Ave,,B2022-05117,5+,Renter,0,0,0,0,0,0,0,0,0,0,0,,0,0,0,0,0,0,0,0,0,0,0,0,,0,0,0,0,0,3,0,0,0,0,0,37,2025-03-05,40,0,NONE,No,Y,Other,DB,0,,0,0,0,0.32500000000000001,6,"Development Standards Modification, On-Site Improvements, Off-site Improvements",Yes,,37.865060,-122.267591,"2440 Shattuck Ave, Berkeley, California, 94704",100
BERKELEY,Alameda,2025,,061 260501300,1140 THE ALAMEDA,,B2023-02425,ADU,Renter,0,0,0,0,0,0,0,0,0,0,0,,0,0,0,0,0,0,0,0,0,0,0,0,,0,0,0,0,0,0,0,0,1,0,0,0,2025-08-08,1,0,NONE,No,Y,,Other,ABAG ADU Affordability Assumptions,,0,0,0,0,0,,,,37.886255,-122.275874,"1140 The Alameda, Berkeley, California, 94707",100
BERKELEY,Alameda,2025,,059 231101000,1520 TENTH St,,B2023-03106,ADU,Renter,0,0,0,0,0,0,0,0,0,0,0,,0,0,0,0,0,0,0,0,0,0,0,0,,0,0,0,0,0,0,0,0,1,0,0,0,2025-03-18,1,0,NONE,No,Y,,Other,ABAG ADU Affordability Assumptions,,0,0,0,0,0,,,,37.875386,-122.295437,"1520 10th St, Berkeley, California, 94710",100
BERKELEY,Alameda,2025,,060 240601600,1238 STANNAGE Ave,,B2023-03731,ADU,Renter,0,0,0,0,0,0,0,0,0,0,0,,0,0,0,0,0,0,0,0,0,0,0,0,,0,0,0,0,0,0,0,0,1,0,0,0,2025-07-21,1,0,NONE,No,Y,,Other,ABAG ADU Affordability Assumptions,,0,0,0,0,0,,,,37.881298,-122.294225,"1238 Stannage Ave, Albany, California, 94706",100
BERKELEY,Alameda,2025,,052 156003200,3019 BATEMAN St,,B2023-03857,SFD,Owner,0,0,0,0,0,0,0,0,0,0,0,,0,0,0,0,0,0,0,0,0,0,0,0,,0,0,0,0,0,0,0,0,0,0,0,1,2025-09-15,1,0,NONE,No,Y,,,0,,0,0,0,0,0,,,,37.855035,-122.255812,"3019 Bateman St, Berkeley, California, 94705",100
BERKELEY,Alameda,2025,,055 188002201,2436 CHANNING Way,,B2023-05281,ADU,Renter,0,0,0,0,0,0,0,0,0,0,0,,0,0,0,0,0,0,0,0,0,0,0,0,,0,0,0,0,0,0,0,0,0,0,1,0,2025-06-17,1,0,NONE,No,Y,,Other,ABAG ADU Affordability Assumptions,,0,0,0,0,0,,,,37.866857,-122.259067,"2436 Channing Way, Berkeley, California, 94704",100
BERKELEY,Alameda,2025,,059 232501100,737 JONES St,,B2023-05338,ADU,Renter,0,0,0,0,0,0,0,0,0,0,0,,0,0,0,0,0,0,0,0,0,0,0,0,,0,0,0,0,0,0,0,0,0,0,1,0,2025-05-23,1,0,NONE,No,Y,,Other,ABAG ADU Affordability Assumptions,,0,0,0,0,0,,,,37.875009,-122.301414,"737 Jones St, Berkeley, California, 94710",100
BERKELEY,Alameda,2025,,055 184102100,2639 REGENT St,,B2023-06071,ADU,Renter,0,0,0,0,0,0,0,0,0,0,0,,0,0,0,0,0,0,0,0,0,0,0,0,,0,0,0,0,0,0,0,0,0,0,2,0,2025-07-29,2,0,NONE,No,Y,,Other,ABAG ADU Affordability Assumptions,,0,0,0,0,0,,,,37.861855,-122.257451,"2639 Regent St, Berkeley, California, 94704",100
BERKELEY,Alameda,2025,,060 239106700,1329 CURTIS St,,B2024-00594,ADU,Renter,0,0,0,0,0,0,0,0,0,0,0,,0,0,0,0,0,0,0,0,0,0,0,0,,0,0,0,0,0,0,0,0,0,0,1,0,2025-03-25,1,0,NONE,No,Y,,Other,ABAG ADU Affordability Assumptions,,0,0,0,0,0,,,,37.880411,-122.290339,"1329 Curtis St, Berkeley, California, 94702",100
BERKELEY,Alameda,2025,,060 242902400,1300 MONTEREY Ave,,B2024-00824,ADU,Renter,0,0,0,0,0,0,0,0,0,0,0,,0,0,0,0,0,0,0,0,0,0,0,0,,0,0,0,0,0,0,0,0,0,0,1,0,2025-10-21,1,0,NONE,No,Y,,Other,ABAG ADU Affordability Assumptions,,0,0,0,0,0,,,,37.882103,-122.282157,"1300 Monterey Ave, Berkeley, California, 94707",100
BERKELEY,Alameda,2025,,064 429502301,20 BROOKSIDE Ave,,B2024-01983,ADU,Renter,0,0,0,0,0,0,0,0,0,0,0,,0,0,0,0,0,0,0,0,0,0,0,0,,0,0,0,0,0,0,1,0,0,0,0,0,2025-06-10,1,0,NONE,No,Y,,Other,ABAG ADU Affordability Assumptions,,0,0,0,0,0,,,,37.852337,-122.248902,"20 Brookside Ave, Berkeley, California, 94705",100
BERKELEY,Alameda,2025,,057 202800300,2274 SHATTUCK Ave,,ZP2023-0079,5+,Renter,0,0,0,0,23,0,0,0,0,0,204,2025-04-22,227,0,0,0,0,0,0,0,0,0,0,0,,0,0,0,0,0,0,0,0,0,0,0,0,,0,0,NONE,Yes - Local,Y,Other,DB,0,,0,0,0,0.5,6,Development Standards Modification,N,,37.867915,-122.267918,"2274 Shattuck Ave, Berkeley, California, 94704",100
BERKELEY,Alameda,2025,,055 183001400,"2201 BLAKE St, BERKELEY",,ZP2024-0060,2 to 4,Renter,0,0,0,0,0,0,0,0,0,0,3,2025-09-08,3,0,0,0,0,0,0,0,0,0,0,0,,0,0,0,0,0,0,0,0,0,0,0,0,,0,0,NONE,No,Y,,,0,,0,0,0,0,0,,,,37.863409,-122.264853,"2201 Blake St, Berkeley, California, 94704",99.200000000000003
BERKELEY,Alameda,2025,,057 202201701,2100 MILVIA St,,ZP2023-0163,5+,Renter,0,0,0,0,9,0,0,0,0,0,192,2025-07-01,201,0,0,0,0,0,0,0,0,0,0,0,,0,0,0,0,0,0,0,0,0,0,0,0,,0,0,NONE,No,Y,Other,DB,0,,0,0,0,20,7,"Development Standards Modification, On-Site Improvements",No,,37.870589,-122.270638,"2100 Milvia St, Berkeley, California, 94704",100
BERKELEY,Alameda,2025,,056 200400100,1698 UNIVERSITY AVE,,B2014-05752,5+,Renter,0,0,0,0,0,0,0,0,0,0,0,,0,0,0,0,0,0,0,0,0,0,0,0,,0,0,0,0,0,0,0,0,0,0,0,36,2025-05-22,36,0,NONE,No,Y,,,0,,0,0,0,0,0,,,,37.870861,-122.277766,"1698 University Ave, Berkeley, California, 94703",100
BERKELEY,Alameda,2025,,058 218400600,1620 ARCH St,,B2019-05024,ADU,Renter,0,0,0,0,0,0,0,0,0,0,0,,0,0,0,0,0,0,0,0,0,0,0,0,,0,0,0,0,0,0,0,0,0,0,0,1,2025-05-06,1,0,NONE,No,Y,,,0,,0,0,0,0,0,,,,37.878647,-122.264433,"1620 Arch St, Berkeley, California, 94709",100
BERKELEY,Alameda,2025,,056 194101900,2325 SIXTH St,,B2020-01409,2 to 4,Renter,0,0,0,0,0,0,0,0,0,0,0,,0,0,0,0,0,0,0,0,0,0,0,0,,0,0,0,0,0,0,0,0,0,0,0,1,2025-04-14,1,0,NONE,No,Y,,,0,,0,0,0,0,0,,,,37.862565,-122.295901,"2325 6th St, Berkeley, California, 94710",100
BERKELEY,Alameda,2025,,056 191702600,2325 VALLEY St,,B2025-03127,ADU,Renter,0,0,0,0,0,1,0,0,0,0,0,2025-11-20,1,0,0,0,0,0,1,0,0,0,0,0,2025-11-20,1,0,0,0,0,0,0,0,0,0,0,0,,0,0,NONE,No,Y,,Other,ABAG ADU Affordability Assumptions,,0,0,0,0,0,,,,37.864428,-122.284306,"2325 Valley St, Berkeley, California, 94702",100
BERKELEY,Alameda,2025,,055 190501200,2328 GRANT St,,B2024-01452,ADU,Renter,0,0,0,0,0,1,0,0,0,0,0,2025-12-04,1,0,0,0,0,0,1,0,0,0,0,0,2025-12-04,1,0,0,0,0,0,0,0,0,0,0,0,,0,0,NONE,No,Y,,Other,ABAG ADU Affordability Assumptions,,0,0,0,0,0,,,"reduce the Open Space requirement from 2,160 sf to 1,484 sf to eliminate the costs of a",37.865873,-122.274706,"2328 Grant St, Berkeley, California, 94703",100
BERKELEY,Alameda,2025,,055 189801100,1923 DWIGHT Way,,B2025-03206,ADU,Renter,0,0,0,0,0,1,0,0,0,0,0,2025-12-15,1,0,0,0,0,0,1,0,0,0,0,0,2025-12-15,1,0,0,0,0,0,0,0,0,0,0,0,,0,0,NONE,No,Y,,,ABAG ADU Affordability Assumptions,,0,0,0,0,0,,,,37.863506,-122.271157,"1923 Dwight Way, Berkeley, California, 94704",100
BERKELEY,Alameda,2025,,056 192800100,2403 SAN PABLO AVE,,B2024-00143,5+,Renter,0,0,0,0,0,0,0,0,0,0,0,,0,0,0,0,0,0,0,0,0,0,0,36,2025-06-03,36,0,0,0,0,0,0,0,0,0,0,0,,0,0,NONE,No,Y,,,0,,0,0,0,0,0,,,"All condominiums.

Related to ZP2021-0220 and ZP2023-0103.",37.862664,-122.289958,"2403 San Pablo Ave, Berkeley, California, 94702",100
BERKELEY,Alameda,2025,,055 183901501,2520 REGENT ST,,B2024-02051,ADU,Renter,0,0,0,0,0,1,0,0,0,0,0,2025-06-25,1,0,0,0,0,0,1,0,0,0,0,0,2025-06-25,1,0,0,0,0,0,0,0,0,0,0,0,,0,0,NONE,No,Y,,Other,ABAG ADU Affordability Assumptions,,0,0,0,0,0,,,,37.864503,-122.257756,"2520 Regent St, Berkeley, California, 94704",100
BERKELEY,Alameda,2025,,059 229202900,1630 CHESTNUT ST,,B2024-02715,ADU,Renter,0,0,0,0,0,0,0,0,0,0,1,2025-06-23,1,0,0,0,0,0,0,0,0,0,0,1,2025-06-23,1,0,0,0,0,0,0,0,0,0,0,0,,0,0,NONE,No,Y,,,0,,0,0,0,0,0,,,,37.874705,-122.288653,"1630 Chestnut St, Berkeley, California, 94702",100
BERKELEY,Alameda,2025,,055 182502401,2124 PARKER ST,,B2024-03741,ADU,Renter,0,0,0,0,0,1,0,0,0,0,0,2025-04-15,1,0,0,0,0,0,1,0,0,0,0,0,2025-04-15,1,0,0,0,0,0,0,0,0,0,0,0,,0,0,NONE,No,Y,,Other,ABAG ADU Affordability Assumptions,,0,0,0,0,0,,,,37.862322,-122.265690,"2124 Parker St, Berkeley, California, 94704",100
BERKELEY,Alameda,2025,,060 246603000,1220 SPRUCE ST,,B2024-04255,ADU,Renter,0,0,0,0,0,0,0,1,0,0,0,2025-06-17,1,0,0,0,0,0,0,0,1,0,0,0,2025-06-17,1,0,0,0,0,0,0,0,0,0,0,0,,0,0,NONE,No,Y,,Other,ABAG ADU Affordability Assumptions,,0,0,0,0,0,,,,37.885295,-122.266500,"1220 Spruce St, Berkeley, California, 94709",100
BERKELEY,Alameda,2025,,052 152001700,1522 HARMON ST,,B2024-04977,ADU,Renter,0,0,0,0,0,0,0,1,0,0,0,2025-06-10,1,0,0,0,0,0,0,0,1,0,0,0,2025-06-10,1,0,0,0,0,0,0,0,1,0,0,0,2025-09-22,1,0,NONE,No,Y,,Other,ABAG ADU Affordability Assumptions,,0,0,0,0,0,,,,37.848922,-122.277040,"1522 Harmon St, Berkeley, California, 94703",100
BERKELEY,Alameda,2025,,061 256500600,1964 HOPKINS ST,,B2025-00158,ADU,Renter,0,0,0,0,0,0,0,1,0,0,0,2025-06-04,1,0,0,0,0,0,0,0,1,0,0,0,2025-06-04,1,0,0,0,0,0,0,0,1,0,0,0,2025-12-02,1,0,NONE,No,Y,,Other,ABAG ADU Affordability Assumptions,,0,0,0,0,0,,,,37.887479,-122.273195,"1964 Hopkins St, Berkeley, California, 94707",100
BERKELEY,Alameda,2025,,060 243200303,1360 CALIFORNIA ST,,B2025-00880,ADU,Renter,0,0,0,0,0,0,0,1,0,0,0,2025-06-02,1,0,0,0,0,0,0,0,1,0,0,0,2025-06-02,1,0,0,0,0,0,0,0,0,0,0,0,,0,0,NONE,No,Y,,Other,ABAG ADU Affordability Assumptions,,0,0,0,0,0,,,,37.879942,-122.281017,"1360 California St, Berkeley, California, 94703",100
BERKELEY,Alameda,2025,,063 295201600,580 CRAGMONT AVE,,B2025-00992,ADU,Renter,0,0,0,0,0,0,0,1,0,0,0,2025-06-19,1,0,0,0,0,0,0,0,1,0,0,0,2025-06-19,1,0,0,0,0,0,0,0,0,0,0,0,,0,0,NONE,No,Y,,Other,ABAG ADU Affordability Assumptions,,0,0,0,0,0,,,,37.901182,-122.268920,"580 Cragmont Ave, Berkeley, California, 94708",100
BERKELEY,Alameda,2025,,054 180000500,1543 Parker Street,,B2024-03154,ADU,Renter,0,0,0,0,0,0,0,1,0,0,0,2025-08-01,1,0,0,0,0,0,0,0,1,0,0,0,2025-08-01,1,0,0,0,0,0,0,0,0,0,0,0,,0,0,NONE,No,Y,,Other,ABAG ADU Affordability Assumptions,,0,0,0,0,0,,,,37.860733,-122.278751,"1543 Parker St, Berkeley, California, 94703",100
BERKELEY,Alameda,2025,,055 184100900,2620 Hillegass Avenue,,B2024-04291,ADU,Renter,0,0,0,0,0,0,0,1,0,0,0,2025-08-20,1,0,0,0,0,0,0,0,1,0,0,0,2025-08-20,1,0,0,0,0,0,0,0,0,0,0,0,,0,0,NONE,No,Y,,Other,ABAG ADU Affordability Assumptions,,0,0,0,0,0,,,,37.862618,-122.256268,"2620 Hillegass Ave, Berkeley, California, 94704",100
BERKELEY,Alameda,2025,,058 218102300,1803 Oxford Street,,B2024-05185,ADU,Renter,0,0,0,0,0,0,0,1,0,0,0,2025-09-29,1,0,0,0,0,0,0,0,1,0,0,0,2025-09-29,1,0,0,0,0,0,0,0,0,0,0,0,,0,0,NONE,No,Y,,Other,ABAG ADU Affordability Assumptions,,0,0,0,0,0,,,,37.875012,-122.266425,"1803 Oxford St, Berkeley, California, 94709",100
BERKELEY,Alameda,2025,,058 215800500,1738 McGee Avenue,,B2024-05631,ADU,Renter,0,0,0,0,0,0,0,1,0,0,0,2025-07-30,1,0,0,0,0,0,0,0,1,0,0,0,2025-07-30,1,0,0,0,0,0,0,0,0,0,0,0,,0,0,NONE,No,Y,,Other,ABAG ADU Affordability Assumptions,,0,0,0,0,0,,,,37.874029,-122.277906,"1738 McGee Ave, Berkeley, California, 94703",100
BERKELEY,Alameda,2025,,064 425103200,126 The Uplands,,B2025-01063,ADU,Renter,0,0,0,0,0,0,0,0,0,1,0,2025-08-12,1,0,0,0,0,0,0,0,0,0,1,0,2025-08-12,1,0,0,0,0,0,0,0,0,0,0,0,,0,0,NONE,No,Y,,Other,ABAG ADU Affordability Assumptions,,0,0,0,0,0,,,,37.853533,-122.242869,"126 The Uplands, Berkeley, California, 94705",100
BERKELEY,Alameda,2025,,053 169700200,2728 Stuart Street,,B2025-01379,ADU,Renter,0,0,0,0,0,0,0,0,0,1,0,2025-08-13,1,0,0,0,0,0,0,0,0,0,1,0,2025-08-13,1,0,0,0,0,0,0,0,0,0,0,0,,0,0,NONE,No,Y,,Other,ABAG ADU Affordability Assumptions,,0,0,0,0,0,,,,37.859914,-122.251835,"2728 Stuart St, Berkeley, California, 94705",100
BERKELEY,Alameda,2025,,053 168801100,2227 Oregon Street,,B2025-01862,ADU,Renter,0,0,0,0,0,0,0,0,0,1,0,2025-09-09,1,0,0,0,0,0,0,0,0,0,1,0,2025-09-09,1,0,0,0,0,0,0,0,0,0,0,0,,0,0,NONE,No,Y,,Other,ABAG ADU Affordability Assumptions,,0,0,0,0,0,,,,37.858170,-122.262827,"2227 Oregon St, Berkeley, California, 94705",100
BERKELEY,Alameda,2025,,053 170101800,2922 Garber Steet,,B2025-01928,ADU,Renter,0,0,0,0,0,0,0,0,0,1,0,2025-07-07,1,0,0,0,0,0,0,0,0,0,1,0,2025-07-07,1,0,0,0,0,0,0,0,0,0,0,0,,0,0,NONE,No,Y,,Other,ABAG ADU Affordability Assumptions,,0,0,0,0,0,,,,37.860931,-122.247931,"2922 Garber St, Berkeley, California, 94705",100
BERKELEY,Alameda,2025,,060 243501700,1244 Carlotta Avenue,,B2025-01965,ADU,Renter,0,0,0,0,0,0,0,0,0,1,0,2025-08-20,1,0,0,0,0,0,0,0,0,0,1,0,2025-08-20,1,0,0,0,0,0,0,0,0,0,0,0,,0,0,NONE,No,Y,,Other,ABAG ADU Affordability Assumptions,,0,0,0,0,0,,,,37.883152,-122.280704,"1244 Carlotta Ave, Berkeley, California, 94707",100
BERKELEY,Alameda,2025,,058 212101300,1632 EIGHTH ST,,B2022-03404,ADU,Renter,0,0,0,0,0,0,0,0,0,1,0,2025-01-08,1,0,0,0,0,0,0,0,0,0,1,0,2025-01-08,1,0,0,0,0,0,0,0,0,0,0,0,,0,0,NONE,No,Y,,Other,ABAG ADU Affordability Assumptions,,0,0,0,0,0,,,,37.873329,-122.297126,"1632 8th St, Berkeley, California, 94710",100
BERKELEY,Alameda,2025,,053 159400400,2025 PRINCE ST,,B2024-03130,ADU,Renter,0,0,0,0,0,0,0,0,0,1,0,2025-01-09,1,0,0,0,0,0,0,0,0,0,1,0,2025-01-09,1,0,0,0,0,0,0,0,0,0,0,0,,0,0,NONE,No,Y,,Other,ABAG ADU Affordability Assumptions,,0,0,0,0,0,,,,37.853028,-122.266934,"2025 Prince St, Berkeley, California, 94703",100
BERKELEY,Alameda,2025,,054 173802501,2761 ACTON ST,,B2024-05116,ADU,Renter,0,0,0,0,0,0,0,0,0,0,1,2025-03-24,1,0,0,0,0,0,0,0,0,0,0,1,2025-03-24,1,0,0,0,0,0,0,0,0,0,0,1,2025-08-12,1,0,NONE,No,Y,,,0,,0,0,0,0,0,,,,37.856314,-122.282270,"2761 Acton St, Berkeley, California, 94702",100
BERKELEY,Alameda,2025,,054 178302000,2501 MABEL St,,B2020-03502,ADU,Renter,0,0,0,0,0,0,0,0,0,0,0,,0,0,0,0,0,0,0,0,0,0,0,0,,0,0,0,0,0,0,1,0,0,0,0,0,2025-07-22,1,0,NONE,No,Y,,Other,ABAG ADU Affordability Assumptions,,0,0,0,0,0,,,,37.861442,-122.285407,"2501 Mabel St, Berkeley, California, 94702",100
BERKELEY,Alameda,2025,,053 159101803,2001 ASHBY Ave,,B2021-02905,5+,Renter,0,0,0,0,0,0,0,0,0,0,0,,0,0,0,0,0,0,0,0,0,0,0,0,,0,0,0,0,0,80,0,6,0,0,0,1,2025-02-24,87,0,NONE,No,Y,"LHTF, LIHTC, NPLH, PBS8, AHSC",DB,0,,0,0,0,0.34999999999999998,5,Development Standards Modification,No,SB 35,37.855076,-122.268367,"2001 Ashby Ave, Berkeley, California, 94703",100
BERKELEY,Alameda,2025,,055 187000300,2737 DURANT Ave,,B2021-04892,2 to 4,Renter,0,0,0,0,0,0,0,0,0,0,0,,0,0,0,0,0,0,0,0,0,0,0,0,,0,0,0,0,0,0,0,0,0,0,0,4,2025-07-07,4,0,NONE,No,Y,,,0,,0,0,0,0,0,,,,37.868631,-122.252716,"2737 Durant Ave, Berkeley, California, 94704",100
BERKELEY,Alameda,2025,,055 184501000,2618 COLLEGE Ave,,B2021-05671,ADU,Renter,0,0,0,0,0,0,0,0,0,0,0,,0,0,0,0,0,0,0,0,0,0,0,0,,0,0,0,0,0,0,2,0,0,0,0,0,2025-07-25,2,0,NONE,No,Y,,Other,ABAG ADU Affordability Assumptions,,0,0,0,0,0,,,,37.862946,-122.253658,"2618 College Ave, Berkeley, California, 94704",100
BERKELEY,Alameda,2025,,061 255000300,1182 EUCLID Ave,,B2022-01596,SFD,Renter,0,0,0,0,0,0,0,0,0,0,0,,0,0,0,0,0,0,0,0,0,0,0,0,,0,0,0,0,0,0,0,0,0,0,0,1,2025-05-06,1,0,NONE,No,Y,,,0,,0,0,0,0,0,,,,37.887440,-122.262610,"1182 Euclid Ave, Berkeley, California, 94708",100
BERKELEY,Alameda,2025,,052 153601100,1515 HARMON St,,B2022-03494,ADU,Renter,0,0,0,0,0,0,0,0,0,0,0,,0,0,0,0,0,0,0,0,0,0,0,0,,0,0,0,0,0,0,2,0,0,0,0,0,2025-05-13,2,0,NONE,No,Y,,Other,ABAG ADU Affordability Assumptions,,0,0,0,0,0,,,,37.848923,-122.277440,"1515 Harmon St, Berkeley, California, 94703",100
BERKELEY,Alameda,2025,,054 179100900,1331 CARLETON St,,B2025-01504,ADU,Renter,0,0,0,0,0,1,0,0,0,0,0,2025-10-02,1,0,0,0,0,0,1,0,0,0,0,0,2025-10-02,1,0,0,0,0,0,0,0,0,0,0,0,,0,0,NONE,No,Y,,Other,ABAG ADU Affordability Assumptions,,0,0,0,0,0,,,,37.859215,-122.283553,"1331 Carleton St, Berkeley, California, 94702",100
BERKELEY,Alameda,2025,,053 168900900,2327 OREGON St,,B2022-04721,SFD,Owner,0,0,0,0,0,0,0,0,0,0,0,,0,0,0,0,0,0,0,0,0,0,0,0,,0,0,0,0,0,0,0,0,0,0,0,1,2025-02-28,1,0,NONE,No,Y,,Other,ABAG ADU Affordability Assumptions,,0,0,0,0,0,,,,37.858504,-122.260329,"2327 Oregon St, Berkeley, California, 94705",100
BERKELEY,Alameda,2025,,054 173301300,1521 STUART St,,B2025-01728,SFD,Owner,0,0,0,0,0,0,0,0,0,0,0,,0,0,0,0,0,0,0,0,0,0,0,1,2025-10-28,1,0,0,0,0,0,0,0,0,0,0,0,,0,0,NONE,No,Y,,Other,0,,0,0,0,0,0,,,,37.857106,-122.278679,"1521 Stuart St, Berkeley, California, 94703",100
BERKELEY,Alameda,2025,,061 261200800,932 COLUSA Ave,,B2023-03347,ADU,Renter,0,0,0,0,0,0,0,0,0,0,0,,0,0,0,0,0,0,0,0,0,0,0,0,,0,0,0,0,0,0,0,0,1,0,0,0,2025-11-13,1,0,NONE,No,Y,,Other,ABAG ADU Affordability Assumptions,,0,0,0,0,0,,,,37.890282,-122.279056,"932 Colusa Ave, Berkeley, California, 94707",100
BERKELEY,Alameda,2025,,055 182801200,2221 CARLETON St,,B2023-04736,ADU,Renter,0,0,0,0,0,0,0,0,0,0,0,,0,0,0,0,0,0,0,0,0,0,0,0,,0,0,0,0,0,0,0,0,1,0,0,0,2025-09-15,1,0,NONE,No,Y,,Other,ABAG ADU Affordability Assumptions,,0,0,0,0,0,,,,37.861716,-122.263724,"2221 Carleton St, Berkeley, California, 94704",100
BERKELEY,Alameda,2025,,059 228702000,0 VIRGINIA St,,B2025-02283,ADU,Renter,0,0,0,0,0,1,0,0,0,0,0,2025-10-10,1,0,0,0,0,0,1,0,0,0,0,0,2025-10-10,1,0,0,0,0,0,0,0,0,0,0,0,,0,0,NONE,No,Y,,Other,ABAG ADU Affordability Assumptions,,0,0,0,0,0,,,,37.872302,-122.299185,"Virginia St, Berkeley, California, 94710",99.170000000000002
BERKELEY,Alameda,2025,,062 284900400,726 NEILSON St,,B2024-01121,ADU,Renter,0,0,0,0,0,0,0,0,0,0,0,,0,0,0,0,0,0,0,0,0,0,0,0,,0,0,0,0,0,0,0,0,0,0,1,0,2025-08-15,1,0,NONE,No,Y,,Other,ABAG ADU Affordability Assumptions,,0,0,0,0,0,,,,37.894175,-122.286473,"726 Neilson St, Berkeley, California, 94707",100
BERKELEY,Alameda,2025,,059 228702000,0 VIRGINIA St,,B2025-02283,ADU,Renter,0,0,0,0,0,0,0,0,0,0,1,2025-04-16,1,0,0,0,0,0,0,0,0,0,0,1,2025-10-10,1,0,0,0,0,0,0,0,0,0,0,0,,0,0,NONE,No,Y,,Other,0,,0,0,0,0,0,,,,37.872302,-122.299185,"Virginia St, Berkeley, California, 94710",99.170000000000002
BERKELEY,Alameda,2025,,058 212500800,1608 TENTH St,,B2025-02295,ADU,Renter,0,0,0,0,0,1,0,0,0,0,0,2025-10-07,1,0,0,0,0,0,1,0,0,0,0,0,2025-10-07,1,0,0,0,0,0,0,0,0,0,0,0,,0,0,NONE,No,Y,,Other,ABAG ADU Affordability Assumptions,,0,0,0,0,0,,,,37.874613,-122.295191,"1608 10th St, Berkeley, California, 94710",100
BERKELEY,Alameda,2025,,057 205300200,"1974 SHATTUCK Ave, BERKELEY",,ZP2023-0040,5+,Renter,0,0,0,0,58,0,0,0,0,0,541,2025-06-03,599,0,0,0,0,0,0,0,0,0,0,0,,0,0,0,0,0,0,0,0,0,0,0,0,,0,0,NONE,No,Y,Other,DB,0,,0,0,0,0.46250000000000002,6,"Development Standards Modification, On-Site Improvements",N,SB 330,37.872710,-122.268545,"1974 Shattuck Ave, Berkeley, California, 94704",99.260000000000005
BERKELEY,Alameda,2025,,054 174702700,924 CARLETON St,,ZP2023-0094,2 to 4,Renter,0,0,0,0,0,0,0,0,0,0,4,2025-07-31,4,0,0,0,0,0,0,0,0,0,0,0,,0,0,0,0,0,0,0,0,0,0,0,0,,0,0,NONE,No,Y,,,0,,0,0,0,0,0,,,,37.857132,-122.292148,"924 Carleton St, Berkeley, California, 94710",100
BERKELEY,Alameda,2025,,056 192802001,2435 SAN PABLO Ave,,ZP2024-0120,5+,Renter,0,0,0,0,0,0,0,0,0,0,1,2025-11-04,1,0,0,0,0,0,0,0,0,0,0,0,,0,0,0,0,0,0,0,0,0,0,0,0,,0,0,NONE,No,Y,,,0,,0,0,0,0,0,,,,37.861446,-122.289567,"2435 San Pablo Ave, Berkeley, California, 94702",100
BERKELEY,Alameda,2025,,053 169801500,2805 RUSSELL ST,,B2024-03194,ADU,Renter,0,0,0,0,0,1,0,0,0,0,0,2025-05-20,1,0,0,0,0,0,1,0,0,0,0,0,2025-05-20,1,0,0,0,0,0,1,0,0,0,0,0,2025-11-07,1,0,NONE,No,Y,,Other,ABAG ADU Affordability Assumptions,,0,0,0,0,0,,,,37.858662,-122.250797,"2805 Russell St, Berkeley, California, 94705",100
BERKELEY,Alameda,2025,,052 152802100,1890 HARMON ST,,B2024-05549,ADU,Renter,0,0,0,0,0,0,0,1,0,0,0,2025-05-20,1,0,0,0,0,0,0,0,1,0,0,0,2025-05-20,1,0,0,0,0,0,0,0,0,0,0,0,,0,0,NONE,No,Y,,Other,ABAG ADU Affordability Assumptions,,0,0,0,0,0,,,,37.849710,-122.270182,"1890 Harmon St, Berkeley, California, 94703",100
BERKELEY,Alameda,2025,,060 240401500,1338 Kains Avenue,,B2024-00780,ADU,Renter,0,0,0,0,0,0,0,1,0,0,0,2025-08-04,1,0,0,0,0,0,0,0,1,0,0,0,2025-08-04,1,0,0,0,0,0,0,0,0,0,0,0,,0,0,NONE,No,Y,,Other,ABAG ADU Affordability Assumptions,,0,0,0,0,0,,,,37.879226,-122.294451,"1338 Kains Ave, Berkeley, California, 94702",100
BERKELEY,Alameda,2025,,056 193600500,944 Channing Way,,B2024-01429,ADU,Renter,0,0,0,0,0,0,0,1,0,0,0,2025-09-24,1,0,0,0,0,0,0,0,1,0,0,0,2025-09-24,1,0,0,0,0,0,0,0,0,0,0,0,,0,0,NONE,No,Y,,Other,ABAG ADU Affordability Assumptions,,0,0,0,0,0,,,,37.862305,-122.292777,"944 Channing Way, Berkeley, California, 94710",100
BERKELEY,Alameda,2025,,052 136400200,1916 Alcatraz Avenue,,B2024-02003,ADU,Renter,0,0,0,0,0,0,0,1,0,0,0,2025-09-24,1,0,0,0,0,0,0,0,1,0,0,0,2025-09-24,1,0,0,0,0,0,0,0,0,0,0,0,,0,0,NONE,No,Y,,Other,ABAG ADU Affordability Assumptions,,0,0,0,0,0,,,,37.849067,-122.268777,"1916 Alcatraz Ave, Berkeley, California, 94703",100
BERKELEY,Alameda,2025,,055 188600100,2300 Ellsworth Street,,B2024-05944,5+,Renter,0,0,0,0,0,0,0,0,0,0,0,,0,0,0,5,0,2,0,2,0,0,0,60,2025-09-04,69,0,0,0,0,0,0,0,0,0,0,0,,0,5,NONE,No,Y,Other,DB,0,,0,0,0,0.42499999999999999,3,"• Waiver from BMC 23.202.140(E)(1)(a) to allow for an increase in building height – up to 87 feet 6 inches where a maximum of 75 feet (with a Use Permit) is allowed 
• Waiver from BMC 23.202.140(E)(1)(a) to allow for the building height to be 7-stories whe",N,,37.867980,-122.263728,"2300 Ellsworth St, Berkeley, California, 94704",100
BERKELEY,Alameda,2025,,057 211700401,1614 Sixth Street,,B2024-06099,SFD,Owner,0,0,0,0,0,0,0,0,0,0,0,,0,0,0,0,0,0,0,0,0,0,0,1,2025-08-29,1,0,0,0,0,0,0,0,0,0,0,0,,0,0,NONE,Yes - Local,Y,,Other,0,,0,0,0,0,0,,,,37.873552,-122.299507,"1614 6th St, Berkeley, California, 94710",100
BERKELEY,Alameda,2025,,052 152200300,1641 Sixty-third Street,,B2025-00152,ADU,Renter,0,0,0,0,0,0,0,1,0,0,0,2025-09-18,1,0,0,0,0,0,0,0,1,0,0,0,2025-09-18,1,0,0,0,0,0,0,0,0,0,0,0,,0,0,NONE,No,Y,,Other,ABAG ADU Affordability Assumptions,,0,0,0,0,0,,,,37.847540,-122.273771,"1641 63rd St, Berkeley, California, 94703",100
BERKELEY,Alameda,2025,,061 262900600,1724 Sonoma Avenue,,B2025-02284,ADU,Renter,0,0,0,0,0,0,0,0,0,1,0,2025-09-08,1,0,0,0,0,0,0,0,0,0,1,0,2025-09-08,1,0,0,0,0,0,0,0,0,0,0,0,,0,0,NONE,No,Y,,Other,ABAG ADU Affordability Assumptions,,0,0,0,0,0,,,,37.886468,-122.281270,"1724 Sonoma Ave, Berkeley, California, 94707",100
BERKELEY,Alameda,2025,,059 231501400,811 Cedar Street,,B2025-02361,SFA,Owner,0,0,0,0,0,0,0,0,0,0,1,2025-07-03,1,0,0,0,0,0,0,0,0,0,0,1,2025-09-26,1,0,0,0,0,0,0,0,0,0,0,0,,0,0,NONE,No,Y,,Other,0,,0,0,0,0,0,,,,37.874015,-122.300174,"811 Cedar St, Berkeley, California, 94710",100
BERKELEY,Alameda,2025,,063 298401900,1170 Sterling Avenue,,B2025-02439,ADU,Renter,0,0,0,0,0,0,0,0,0,1,0,2025-09-16,1,0,0,0,0,0,0,0,0,0,1,0,2025-09-16,1,0,0,0,0,0,0,0,0,0,0,0,,0,0,NONE,No,Y,,Other,ABAG ADU Affordability Assumptions,,0,0,0,0,0,,,,37.889605,-122.255234,"1170 Sterling Ave, Berkeley, California, 94708",100
BERKELEY,Alameda,2025,,060 243002800,1448 HOPKINS ST,,B2023-04361,ADU,Renter,0,0,0,0,0,0,0,0,0,1,0,2025-02-12,1,0,0,0,0,0,0,0,0,0,1,0,2025-02-12,1,0,0,0,0,0,0,0,0,0,0,0,,0,0,NONE,No,Y,,Other,ABAG ADU Affordability Assumptions,,0,0,0,0,0,,,,37.880413,-122.284264,"1448 Hopkins St, Berkeley, California, 94702",100
BERKELEY,Alameda,2025,,052 151603200,1340 HASKELL ST,,B2024-02474,SFD,Owner,0,0,0,0,0,0,0,0,0,0,0,,0,0,0,0,0,0,0,0,0,0,0,1,2025-03-17,1,0,0,0,0,0,0,0,0,0,0,0,,0,0,NONE,No,Y,,,0,,1,0,0,0,0,,,,37.851402,-122.281678,"1340 Haskell St, Berkeley, California, 94702",100
BERKELEY,Alameda,2025,,061 255703400,1147 OXFORD St,,B2023-05994-REV01,ADU,Renter,0,0,0,0,0,0,0,0,0,1,0,2025-10-06,1,0,0,0,0,0,0,0,0,0,1,0,2025-10-06,1,0,0,0,0,0,0,0,0,0,0,0,,0,0,NONE,No,Y,,Other,ABAG ADU Affordability Assumptions,,0,0,0,0,0,,,,37.887202,-122.267830,"1147 Oxford St, Berkeley, California, 94707",100
BERKELEY,Alameda,2025,,053 168001200,1917 OREGON ST,,B2024-04040,ADU,Renter,0,0,0,0,0,0,0,0,0,1,0,2025-01-30,1,0,0,0,0,0,0,0,0,0,1,0,2025-01-30,1,0,0,0,0,0,0,0,0,0,0,0,,0,0,NONE,No,Y,,Other,ABAG ADU Affordability Assumptions,,0,0,0,0,0,,,,37.857171,-122.270527,"1917 Oregon St, Berkeley, California, 94703",100
BERKELEY,Alameda,2025,,063 295102303,401 SPRUCE ST,,B2024-04170,ADU,Renter,0,0,0,0,0,0,0,0,0,0,1,2025-03-07,1,0,0,0,0,0,0,0,0,0,0,1,2025-03-07,1,0,0,0,0,0,0,0,0,0,0,0,,0,0,NONE,No,Y,,,0,,0,0,0,0,0,,,,37.904378,-122.270148,"401 Spruce St, Berkeley, California, 94708",100
BERKELEY,Alameda,2025,,052 158000100,2901 DEAKIN St,,B2024-05176,ADU,Renter,0,0,0,0,0,1,0,0,0,0,0,2025-11-18,1,0,0,0,0,0,1,0,0,0,0,0,2025-11-18,1,0,0,0,0,0,0,0,0,0,0,0,,0,0,NONE,No,Y,,Other,ABAG ADU Affordability Assumptions,,0,0,0,0,0,,,,37.857100,-122.262588,"2901 Deakin St, Berkeley, California, 94705",100
BERKELEY,Alameda,2025,,053 166700300,2804 ACTON St,,B2020-04057,ADU,Renter,0,0,0,0,0,0,0,0,0,0,0,,0,0,0,0,0,0,0,0,0,0,0,0,,0,0,0,0,0,0,1,0,0,0,0,0,2025-04-23,1,0,NONE,No,Y,,Other,ABAG ADU Affordability Assumptions,,0,0,0,0,0,,,,37.855473,-122.282155,"2804 Acton St, Berkeley, California, 94702",100
BERKELEY,Alameda,2025,,055 183500901,2650 TELEGRAPH Ave,,B2021-02225,5+,Renter,0,0,0,0,0,0,0,0,0,0,0,,0,0,0,0,0,0,0,0,0,0,0,0,,0,0,0,0,0,4,0,0,0,0,0,41,2025-06-16,45,0,NONE,No,Y,Other,DB,0,,0,0,0,0.34999999999999998,3,"Development Standards Modification, On-Site Improvements",Yes,,37.861475,-122.259068,"2650 Telegraph Ave, Berkeley, California, 94704",100
BERKELEY,Alameda,2025,,058 223202200,5 PARNASSUS Ct,,B2025-01579,ADU,Renter,0,0,0,0,0,1,0,0,0,0,0,2025-10-08,1,0,0,0,0,0,1,0,0,0,0,0,2025-10-08,1,0,0,0,0,0,0,0,0,0,0,0,,0,0,NONE,No,Y,,Other,ABAG ADU Affordability Assumptions,,0,0,0,0,0,,,,37.881314,-122.253968,"5 W Parnassus Ct, Berkeley, California, 94708",99.579999999999998
BERKELEY,Alameda,2025,,063 298301100,1168 MILLER Ave,,B2023-01963,ADU,Renter,0,0,0,0,0,0,0,0,0,0,0,,0,0,0,0,0,0,0,0,0,0,0,0,,0,0,0,0,0,0,0,0,1,0,0,0,2025-03-28,1,0,NONE,No,Y,,Other,ABAG,,0,0,0,0,0,,,,37.890243,-122.254593,"1168 Miller Ave, Berkeley, California, 94708",100
BERKELEY,Alameda,2025,,058 216301400,1615 MCGEE Ave,,B2023-03480,ADU,Renter,0,0,0,0,0,0,0,0,0,0,0,,0,0,0,0,0,0,0,0,0,0,0,0,,0,0,0,0,0,0,0,0,1,0,0,0,2025-02-18,1,0,NONE,No,Y,,Other,ABAG ADU Affordability Assumptions,,0,0,0,0,0,,,,37.876680,-122.278120,"1615 McGee Ave, Berkeley, California, 94703",100
BERKELEY,Alameda,2025,,058 213401800,1215 DELAWARE St,,B2023-04400,ADU,Renter,0,0,0,0,0,0,0,0,0,0,0,,0,0,0,0,0,0,0,0,0,0,0,0,,0,0,0,0,0,0,0,0,1,0,0,0,2025-02-07,1,0,NONE,No,Y,,Other,ABAG ADU Affordability Assumptions,,0,0,0,0,0,,,,37.872214,-122.289157,"1215 Delaware St, Berkeley, California, 94702",100
BERKELEY,Alameda,2025,,061 261101300,948 FRESNO Ave,,B2023-05794,ADU,Renter,0,0,0,0,0,0,0,0,0,0,0,,0,0,0,0,0,0,0,0,0,0,0,0,,0,0,0,0,0,0,0,0,0,0,1,0,2025-01-28,1,0,NONE,No,Y,,Other,ABAG ADU Affordability Assumptions,,0,0,0,0,0,,,,37.889883,-122.277901,"948 Fresno Ave, Berkeley, California, 94707",100
BERKELEY,Alameda,2025,,060 242900900,1228 MONTEREY Ave,,B2024-01931,ADU,Renter,0,0,0,0,0,0,0,0,0,0,0,,0,0,0,0,0,0,0,0,0,0,0,0,,0,0,0,0,0,0,1,0,0,0,0,0,2025-10-15,1,0,NONE,No,Y,,Other,ABAG ADU Affordability Assumptions,,0,0,0,0,0,,,,37.883980,-122.281491,"1228 Monterey Ave, Berkeley, California, 94707",100
BERKELEY,Alameda,2025,,055 188101800,2442 HASTE St,,ZP2024-0070,5+,Renter,0,0,1,0,1,0,2,0,0,0,34,2025-09-08,38,0,0,0,0,0,0,0,0,0,0,0,,0,0,0,0,0,0,0,0,0,0,0,0,,0,0,NONE,No,Y,Other,DB,0,,4,0,0,0.20000000000000001,6,"Development Standards Modification, On-Site Improvements",N,,37.865929,-122.259136,"2442 Haste St, Berkeley, California, 94704",100
BERKELEY,Alameda,2025,,057 201602101,1812 UNIVERSITY Ave,,B2019-05321,5+,Renter,0,0,0,0,0,0,0,0,0,0,0,,0,0,0,0,0,0,0,0,0,0,0,0,,0,0,0,0,0,0,0,0,0,0,0,2,2025-09-02,2,0,NONE,No,Y,,,0,,0,0,0,0,0,,,,37.871258,-122.274658,"1812 University Ave, Berkeley, California, 94703",100
BERKELEY,Alameda,2025,,064 422900215,63 VICENTE Rd,,B2019-05360,SFD,Owner,0,0,0,0,0,0,0,0,0,0,0,,0,0,0,0,0,0,0,0,0,0,0,0,,0,0,0,0,0,0,0,0,0,0,0,1,2025-04-03,1,0,NONE,No,Y,,,0,,0,0,0,0,0,,,,37.855280,-122.235526,"63 Vicente Rd, Berkeley, California, 94705",100
BERKELEY,Alameda,2025,,058 212701403,1740 SAN PABLO Ave,,B2022-05881,5+,Renter,0,0,0,0,0,0,0,0,0,0,0,,0,0,0,0,0,6,0,37,0,10,0,1,2025-12-18,54,0,0,0,0,0,0,0,0,0,0,0,,0,0,SMAP,No,Y,PBS8,DB,0,,0,0,0,0.80000000000000004,2,Other,N,The project requests a cost-reduction Concession to,37.872091,-122.293214,"1740 San Pablo Ave, Berkeley, California, 94702",100
BERKELEY,Alameda,2025,,058 217200301,1600 MILVIA St,,B2025-04535,ADU,Renter,0,0,0,0,0,1,0,0,0,0,0,2025-12-16,1,0,0,0,0,0,1,0,0,0,0,0,2025-12-16,1,0,0,0,0,0,0,0,0,0,0,0,,0,0,NONE,No,Y,,,ABAG ADU Affordability Assumptions,,0,0,0,0,0,,,,37.877978,-122.271425,"1600 Milvia St, Berkeley, California, 94709",100
BERKELEY,Alameda,2025,,055 182502401,2124 PARKER ST,,B2024-03840,ADU,Renter,0,0,0,0,0,0,0,0,0,1,0,2025-04-09,1,0,0,0,0,0,0,0,0,0,1,0,2025-04-09,1,0,0,0,0,0,0,0,0,0,0,0,,0,0,NONE,No,Y,,Other,ABAG ADU Affordability Assumptions,,0,0,0,0,0,,,,37.862322,-122.265690,"2124 Parker St, Berkeley, California, 94704",100
BERKELEY,Alameda,2025,,060 241704400,1418 PERALTA AVE,,B2024-04942,ADU,Renter,0,0,0,0,0,0,0,1,0,0,0,2025-05-06,1,0,0,0,0,0,0,0,1,0,0,0,2025-05-06,1,0,0,0,0,0,0,0,0,0,0,0,,0,0,NONE,No,Y,,Other,ABAG ADU Affordability Assumptions,,0,0,0,0,0,,,,37.878178,-122.288825,"1418 Peralta Ave, Berkeley, California, 94702",100
BERKELEY,Alameda,2025,,052 158403000,3031 WHEELER,,B2024-05069,ADU,Renter,0,0,0,0,0,0,0,1,0,0,0,2025-04-08,1,0,0,0,0,0,0,0,1,0,0,0,2025-04-08,1,0,0,0,0,0,0,0,0,0,0,0,,0,0,NONE,No,Y,,Other,ABAG ADU Affordability Assumptions,,0,0,0,0,0,,,,37.854340,-122.264309,"3031 Wheeler St, Berkeley, California, 94705",98.909999999999997
BERKELEY,Alameda,2025,,058 215502700,1616 CEDAR ST,,B2025-00145,ADU,Renter,0,0,0,0,0,0,0,1,0,0,0,2025-05-12,1,0,0,0,0,0,0,0,1,0,0,0,2025-05-12,1,0,0,0,0,0,0,0,0,0,0,0,,0,0,NONE,No,Y,,Other,ABAG ADU Affordability Assumptions,,0,0,0,0,0,,,,37.877034,-122.279544,"1616 Cedar St, Berkeley, California, 94703",100
BERKELEY,Alameda,2025,,060 240000800,1316 EVELYN AVE,,B2025-00312,ADU,Renter,0,0,0,0,0,0,0,1,0,0,0,2025-05-14,1,0,0,0,0,0,0,0,1,0,0,0,2025-05-14,1,0,0,0,0,0,0,0,0,0,0,0,,0,0,NONE,No,Y,,Other,ABAG ADU Affordability Assumptions,,0,0,0,0,0,,,,37.880756,-122.291357,"1316 Evelyn Ave, Berkeley, California, 94702",100
BERKELEY,Alameda,2025,,052 156303600,2708 Prince Street,,B2024-06000,ADU,Renter,0,0,0,0,0,0,0,1,0,0,0,2025-07-07,1,0,0,0,0,0,0,0,1,0,0,0,2025-07-07,1,0,0,0,0,0,0,0,0,0,0,0,,0,0,NONE,No,Y,,Other,ABAG ADU Affordability Assumptions,,0,0,0,0,0,,,,37.854876,-122.252354,"2708 Prince St, Berkeley, California, 94705",100
BERKELEY,Alameda,2025,,052 155901300,2415 Woolsey Street,,B2025-01813,ADU,Renter,0,0,0,0,0,0,0,0,0,1,0,2025-09-16,1,0,0,0,0,0,0,0,0,0,1,0,2025-09-16,1,0,0,0,0,0,0,0,0,0,0,0,,0,0,NONE,No,Y,,Other,ABAG ADU Affordability Assumptions,,0,0,0,0,0,,,,37.853285,-122.257653,"2415 Woolsey St, Berkeley, California, 94705",100
BERKELEY,Alameda,2025,,059 225501900,1529 SPRUCE ST,,B2024-00975,ADU,Renter,0,0,0,0,0,0,0,0,0,1,0,2025-01-31,1,0,0,0,0,0,0,0,0,0,1,0,2025-01-31,1,0,0,0,0,0,0,0,0,0,1,0,2025-04-04,1,0,NONE,No,Y,,Other,ABAG ADU Affordability Assumptions,,0,0,0,0,0,,,,37.879550,-122.265775,"1529 Spruce St, Berkeley, California, 94709",100
BERKELEY,Alameda,2025,,055 184802300,2623 COLLEGE Ave,,B2023-06132,ADU,Renter,0,0,0,0,0,2,0,0,0,0,0,2025-10-14,2,0,0,0,0,0,2,0,0,0,0,0,2025-10-14,2,0,0,0,0,0,0,0,0,0,0,0,,0,0,NONE,No,Y,,Other,ABAG ADU Affordability Assumptions,,0,0,0,0,0,,,,37.863028,-122.253611,"2623 College Ave, Berkeley, California, 94704",100
BERKELEY,Alameda,2025,,056 200901200,2224 ROOSEVELT AVE,,B2024-03709,SFD,Owner,0,0,0,0,0,0,0,0,0,0,0,,0,0,0,0,0,0,0,0,0,0,0,1,2025-02-23,1,0,0,0,0,0,0,0,0,0,0,0,,0,0,NONE,No,Y,,,0,,2,0,0,0,0,,,,37.867454,-122.276016,"2224 Roosevelt Ave, Berkeley, California, 94703",100
BERKELEY,Alameda,2025,,063 298301301,1176 MILLER Ave,,B2022-00059,ADU,Renter,0,0,0,0,0,0,0,0,0,0,0,,0,0,0,0,0,0,0,0,0,0,0,0,,0,0,0,0,0,0,1,0,0,0,0,0,2025-01-27,1,0,NONE,No,Y,,Other,ABAG ADU Affordability Assumptions,,0,0,0,0,0,,,,37.890127,-122.254302,"1176 Miller Ave, Berkeley, California, 94708",100
BERKELEY,Alameda,2025,,060 242301400,1327 ORDWAY St,,B2023-00391,ADU,Renter,0,0,0,0,0,0,0,0,0,0,0,,0,0,0,0,0,0,0,0,0,0,0,0,,0,0,0,0,0,0,0,0,1,0,0,0,2025-07-25,1,0,NONE,No,Y,,Other,ABAG ADU Affordability Assumptions,,0,0,0,0,0,,,,37.879633,-122.287066,"1327 Ordway St, Berkeley, California, 94702",100
BERKELEY,Alameda,2025,,055 184102400,2631 REGENT St,,B2023-02659,ADU,Renter,0,0,0,0,0,0,0,0,0,0,0,,0,0,0,0,0,0,0,0,0,0,0,0,,0,0,0,0,0,0,0,0,2,0,0,0,2025-06-03,2,0,NONE,No,Y,,Other,ABAG ADU Affordability Assumptions,,0,0,0,0,0,,,,37.862259,-122.257489,"2631 Regent St, Berkeley, California, 94704",100
BERKELEY,Alameda,2025,,064 429502600,8 BROOKSIDE Ave,,B2023-03522,ADU,Renter,0,0,0,0,0,0,0,0,0,0,0,,0,0,0,0,0,0,0,0,0,0,0,0,,0,0,0,0,0,0,0,0,1,0,0,0,2025-06-04,1,0,NONE,No,Y,,Other,ABAG ADU Affordability Assumptions,,0,0,0,0,0,,,,37.852634,-122.249156,"8 Brookside Ave, Berkeley, California, 94705",100
BERKELEY,Alameda,2025,,058 215302800,1536 LINCOLN St,,B2023-03870,ADU,Renter,0,0,0,0,0,0,0,0,0,0,0,,0,0,0,0,0,0,0,0,0,0,0,0,,0,0,0,0,0,0,0,0,1,0,0,0,2025-02-21,1,0,NONE,No,Y,,Other,ABAG ADU Affordability Assumptions,,0,0,0,0,0,,,,37.875933,-122.281112,"1536 Lincoln St, Berkeley, California, 94703",100
BERKELEY,Alameda,2025,,055 182801100,2227 CARLETON St,,B2023-04737,ADU,Renter,0,0,0,0,0,0,0,0,0,0,0,,0,0,0,0,0,0,0,0,0,0,0,0,,0,0,0,0,0,0,0,0,0,0,1,0,2025-09-10,1,0,NONE,No,Y,,Other,ABAG ADU Affordability Assumptions,,0,0,0,0,0,,,,37.861731,-122.263611,"2227 Carleton St, Berkeley, California, 94704",100
BERKELEY,Alameda,2025,,052 155901900,2440 PRINCE St,,B2023-05918,ADU,Renter,0,0,0,0,0,0,0,0,0,0,0,,0,0,0,0,0,0,0,0,0,0,0,0,,0,0,0,0,0,0,0,0,0,0,1,0,2025-05-07,1,0,NONE,No,Y,,Other,ABAG ADU Affordability Assumptions,,0,0,0,0,0,,,,37.853813,-122.258152,"2440 Prince St, Berkeley, California, 94705",100
BERKELEY,Alameda,2025,,057 208200200,1208 DELAWARE St,,B2024-00243,ADU,Renter,0,0,0,0,0,0,0,0,0,0,0,,0,0,0,0,0,0,0,0,0,0,0,0,,0,0,0,0,0,0,0,0,0,0,1,0,2025-02-24,1,0,NONE,No,Y,,Other,ABAG ADU Affordability Assumptions,,0,0,0,0,0,,,,37.872118,-122.289474,"1208 Delaware St, Berkeley, California, 94702",100
BERKELEY,Alameda,2025,,060 244801600,1913 ROSE St,,B2025-02286,ADU,Renter,0,0,0,0,0,1,0,0,0,0,0,2025-10-29,1,0,0,0,0,0,1,0,0,0,0,0,2025-10-29,1,0,0,0,0,0,0,0,0,0,0,0,,0,0,NONE,No,Y,,Other,ABAG ADU Affordability Assumptions,,0,0,0,0,0,,,,37.881561,-122.273470,"1913 Rose St, Berkeley, California, 94709",100
BERKELEY,Alameda,2025,,055 187100103,2680 BANCROFT Way,,ZP2024-0029,5+,Renter,0,0,0,0,9,0,0,0,0,0,70,2025-06-13,79,0,0,0,0,0,0,0,0,0,0,0,,0,0,0,0,0,0,0,0,0,0,0,0,,0,0,NONE,No,Y,Other,DB,0,,0,0,0,0.5,8,Development Standards Modification,N,,37.869202,-122.254993,"2680 Bancroft Way, Berkeley, California, 94704",100
BERKELEY,Alameda,2025,,059 232500700,1446 FIFTH St,,B2018-03576,SFD,Owner,0,0,0,0,0,0,0,0,0,0,0,,0,0,0,0,0,0,0,0,0,0,0,0,,0,0,0,0,0,0,0,0,0,0,0,1,2025-08-12,1,0,NONE,No,Y,,,0,,0,0,0,0,0,,,,37.875665,-122.301429,"1446 5th St, Berkeley, California, 94710",100
BERKELEY,Alameda,2025,,056 193802900,2323 SEVENTH ST,,B2024-00257,ADU,Renter,0,0,0,0,0,2,0,0,0,0,0,2025-06-17,2,0,0,0,0,0,2,0,0,0,0,0,2025-06-17,2,0,0,0,0,0,0,0,0,0,0,0,,0,0,NONE,No,Y,,Other,ABAG ADU Affordability Assumptions,,0,0,0,0,0,,,,37.862917,-122.294925,"2323 7th St, Berkeley, California, 94710",100
BERKELEY,Alameda,2025,,055 188400500,2325 CHANNING WAY,,B2024-04276,ADU,Renter,0,0,0,0,0,0,0,2,0,0,0,2025-06-02,2,0,0,0,0,0,0,0,2,0,0,0,2025-06-02,2,0,0,0,0,0,0,0,0,0,0,0,,0,0,NONE,No,Y,,Other,ABAG ADU Affordability Assumptions,,0,0,0,0,0,,,,37.866481,-122.262380,"2325 Channing Way, Berkeley, California, 94704",100
BERKELEY,Alameda,2025,,058 218102300,1803 OXFORD ST,,B2024-05121,ADU,Renter,0,0,0,0,0,0,0,1,0,0,0,2025-05-19,1,0,0,0,0,0,0,0,1,0,0,0,2025-05-19,1,0,0,0,0,0,0,0,0,0,0,0,,0,0,NONE,No,Y,,Other,ABAG ADU Affordability Assumptions,,0,0,0,0,0,,,,37.875012,-122.266425,"1803 Oxford St, Berkeley, California, 94709",100
BERKELEY,Alameda,2025,,064 423401400,54 TUNNEL RD,,B2025-00022,ADU,Renter,0,0,0,0,0,0,0,1,0,0,0,2025-05-20,1,0,0,0,0,0,0,0,1,0,0,0,2025-05-20,1,0,0,0,0,0,0,0,0,0,0,0,,0,0,NONE,No,Y,,Other,ABAG ADU Affordability Assumptions,,0,0,0,0,0,,,,37.857103,-122.241697,"54 Tunnel Rd, Berkeley, California, 94705",100
BERKELEY,Alameda,2025,,056 199403300,2161 VALLEY ST,,B2025-00528,ADU,Renter,0,0,0,0,0,0,0,1,0,0,0,2025-06-16,1,0,0,0,0,0,0,0,1,0,0,0,2025-06-16,1,0,0,0,0,0,0,0,0,0,0,0,,0,0,NONE,No,Y,,Other,ABAG ADU Affordability Assumptions,,0,0,0,0,0,,,,37.867779,-122.284867,"2161 N Valley St, Berkeley, California, 94702",99.579999999999998
BERKELEY,Alameda,2025,,054 180503300,1634 BLAKE ST,,B2025-01031,ADU,Renter,0,0,0,0,0,0,0,1,0,0,0,2025-05-29,1,0,0,0,0,0,0,0,1,0,0,0,2025-05-29,1,0,0,0,0,0,0,0,0,0,0,0,,0,0,NONE,No,Y,,Other,ABAG ADU Affordability Assumptions,,0,0,0,0,0,,,,37.861847,-122.276771,"1634 Blake St, Berkeley, California, 94703",100
BERKELEY,Alameda,2025,,052 152701002,1813 Sixty-third Street,,B2024-03408,ADU,Renter,0,0,0,0,0,0,0,1,0,0,0,2025-09-04,1,0,0,0,0,0,0,0,1,0,0,0,2025-09-04,1,0,0,0,0,0,0,0,0,0,0,0,,0,0,NONE,No,Y,,Other,ABAG ADU Affordability Assumptions,,0,0,0,0,0,,,,37.847978,-122.270530,"1813 63rd St, Berkeley, California, 94703",100
BERKELEY,Alameda,2025,,059 231500200,806 Jones Street,,B2025-01509,ADU,Renter,0,0,0,0,0,0,0,0,0,1,0,2025-07-22,1,0,0,0,0,0,0,0,0,0,1,0,2025-07-22,1,0,0,0,0,0,0,0,0,0,0,0,,0,0,NONE,No,Y,,Other,ABAG ADU Affordability Assumptions,,0,0,0,0,0,,,,37.875089,-122.300733,"806 Jones St, Berkeley, California, 94710",100
BERKELEY,Alameda,2025,,060 240400200,1300 KAINS AVE,,B2023-00112,ADU,Renter,0,0,0,0,0,0,0,0,0,1,0,2025-01-22,1,0,0,0,0,0,0,0,0,0,1,0,2025-01-22,1,0,0,0,0,0,0,0,0,0,1,0,2025-09-05,1,0,NONE,No,Y,,Other,ABAG ADU Affordability Assumptions,,0,0,0,0,0,,,,37.880553,-122.294882,"1300 Kains Ave, Berkeley, California, 94702",100
BERKELEY,Alameda,2025,,054 177901000,2520 TENTH,,B2024-01417,ADU,Renter,0,0,0,0,0,0,0,0,0,1,0,2025-02-10,1,0,0,0,0,0,0,0,0,0,1,0,2025-02-10,1,0,0,0,0,0,0,0,0,0,0,0,,0,0,NONE,No,Y,,Other,ABAG ADU Affordability Assumptions,,0,0,0,0,0,,,,37.859979,-122.290476,"2520 10th St, Berkeley, California, 94710",98.909999999999997
BERKELEY,Alameda,2025,,052 151603100,1330 HASKELL ST,,B2024-02475,SFD,Owner,0,0,0,0,0,0,0,0,0,0,0,,0,0,0,0,0,0,0,0,0,0,0,1,2025-03-17,1,0,0,0,0,0,0,0,0,0,0,0,,0,0,NONE,No,Y,,,0,,0,0,0,0,0,,,,37.851372,-122.281820,"1330 Haskell St, Berkeley, California, 94702",100
BERKELEY,Alameda,2025,,057 201301700,1741 BANCROFT WAY,,B2024-02444,ADU,Renter,0,0,0,0,0,0,0,0,0,1,0,2025-01-21,1,0,0,0,0,0,0,0,0,0,1,0,2025-01-21,1,0,0,0,0,0,0,0,0,0,0,0,,0,0,NONE,No,Y,,Other,ABAG ADU Affordability Assumptions,,0,0,0,0,0,,,,37.866673,-122.275111,"1741 Bancroft Way, Berkeley, California, 94703",100
BERKELEY,Alameda,2025,,054 173903500,1342 DERBY ST,,B2024-02794,ADU,Renter,0,0,0,0,0,0,0,0,0,1,0,2025-03-27,1,0,0,0,0,0,0,0,0,0,1,0,2025-03-27,1,0,0,0,0,0,0,0,0,0,0,0,,0,0,NONE,No,Y,,Other,ABAG ADU Affordability Assumptions,,0,0,0,0,0,,,,37.858356,-122.282792,"1342 Derby St, Berkeley, California, 94702",100
BERKELEY,Alameda,2025,,061 261201300,935 MODOC ST,,B2024-04779,ADU,Renter,0,0,0,0,0,0,0,0,0,0,1,2025-02-20,1,0,0,0,0,0,0,0,0,0,0,1,2025-02-20,1,0,0,0,0,0,0,0,0,0,0,0,,0,0,NONE,No,Y,,,0,,0,0,0,0,0,,,,37.890060,-122.279992,"935 Modoc St, Berkeley, California, 94707",100
BERKELEY,Alameda,2025,,052 154200800,1527 WOOLSEY ST,,B2024-05661,ADU,Renter,0,0,0,0,0,0,0,0,0,0,1,2025-03-28,1,0,0,0,0,0,0,0,0,0,0,1,2025-03-28,1,0,0,0,0,0,0,0,0,0,0,0,,0,0,NONE,No,Y,,,0,,0,0,0,0,0,,,,37.850785,-122.277260,"1527 Woolsey St, Berkeley, California, 94703",100
BERKELEY,Alameda,2025,,055 191100700,2410 JEFFERSON AVE,,B2024-05755,ADU,Renter,0,0,0,0,0,0,0,0,0,0,1,2025-03-19,1,0,0,0,0,0,0,0,0,0,0,1,2025-03-19,1,0,0,0,0,0,0,0,0,0,0,1,2025-10-22,1,0,NONE,No,Y,,,0,,0,0,0,0,0,,,,37.863982,-122.277940,"2410 Jefferson Ave, Berkeley, California, 94703",100
BERKELEY,Alameda,2025,,055 184802400,2619 COLLEGE AVE,,B2024-04912,ADU,Renter,0,0,0,0,0,0,0,0,0,0,2,2025-02-11,2,0,0,0,0,0,0,0,0,0,0,2,2025-02-11,2,0,0,0,0,0,0,0,0,0,0,2,2025-06-24,2,0,NONE,No,Y,,,0,,0,0,0,0,0,,,,37.863133,-122.253621,"2619 College Ave, Berkeley, California, 94704",100
BERKELEY,Alameda,2025,,059 228503800,1521 SACRAMENTO St,,B2021-02467,ADU,Renter,0,0,0,0,0,0,0,0,0,0,0,,0,0,0,0,0,0,0,0,0,0,0,0,,0,0,0,0,0,0,1,0,0,0,0,0,2025-04-14,1,0,NONE,No,Y,,Other,ABAG ADU Affordability Assumptions,,0,0,0,0,0,,,,37.878234,-122.282743,"1521 Sacramento St, Berkeley, California, 94702",100
BERKELEY,Alameda,2025,,059 225701200,1426 SPRUCE St,,B2022-02002,ADU,Renter,0,0,0,0,0,0,0,0,0,0,0,,0,0,0,0,0,0,0,0,0,0,0,0,,0,0,0,0,0,0,1,0,0,0,0,0,2025-06-25,1,0,NONE,No,Y,,Other,ABAG ADU Affordability Assumptions,,0,0,0,0,0,,,,37.881465,-122.266055,"1426 Spruce St, Berkeley, California, 94709",100
BERKELEY,Alameda,2025,,061 257600700,1966 YOSEMITE Rd,,B2022-03233,ADU,Renter,0,0,0,0,0,0,0,0,0,0,0,,0,0,0,0,0,0,0,0,0,0,0,0,,0,0,0,0,0,0,1,0,0,0,0,0,2025-01-24,1,0,NONE,No,Y,,Other,ABAG ADU Affordability Assumptions,,0,0,0,0,0,,,,37.895626,-122.276361,"1966 Yosemite Rd, Berkeley, California, 94707",100
BERKELEY,Alameda,2025,,060 240905500,1217 EVELYN Ave,,B2022-04050,ADU,Renter,0,0,0,0,0,0,0,0,0,0,0,,0,0,0,0,0,0,0,0,0,0,0,0,,0,0,0,0,0,0,0,0,1,0,0,0,2025-01-09,1,0,NONE,No,Y,,Other,ABAG ADU Affordability Assumptions,,0,0,0,0,0,,,,37.882522,-122.291872,"1217 Evelyn Ave, Albany, California, 94706",100
BERKELEY,Alameda,2025,,062 286800100,605 NEILSON St,,B2022-06065,ADU,Renter,0,0,0,0,0,0,0,0,0,0,0,,0,0,0,0,0,0,0,0,0,0,0,0,,0,0,0,0,0,0,0,0,1,0,0,0,2025-09-04,1,0,NONE,No,Y,,Other,ABAG ADU Affordability Assumptions,,0,0,0,0,0,,,,37.896424,-122.286331,"605 Neilson St, Berkeley, California, 94707",100
BERKELEY,Alameda,2025,,055 185300400,12 PANORAMIC Way,,B2024-00772,ADU,Renter,0,0,0,0,0,0,0,0,0,0,0,,0,0,0,0,0,0,0,0,0,0,0,0,,0,0,0,0,0,0,0,0,0,0,1,0,2025-09-08,1,0,NONE,No,Y,,Other,ABAG ADU Affordability Assumptions,,0,0,0,0,0,,,,37.868645,-122.249487,"12 Panoramic Way, Berkeley, California, 94704",100
BERKELEY,Alameda,2025,,055 184000700,2620 REGENT St,,B2024-01193,ADU,Renter,0,0,0,0,0,0,0,0,0,0,0,,0,0,0,0,0,0,0,0,0,0,0,0,,0,0,0,0,0,0,0,0,0,0,2,0,2025-05-30,2,0,NONE,No,Y,,Other,ABAG ADU Affordability Assumptions,,0,0,0,0,0,,,,37.862666,-122.257583,"2620 Regent St, Berkeley, California, 94704",100
BERKELEY,Alameda,2025,,055 182100101,2550 Shattuck Ave,,ZP2023-0138,5+,Renter,0,0,0,0,8,0,7,0,0,0,60,2025-01-21,75,0,0,0,0,0,0,0,0,0,0,0,,0,0,0,0,0,0,0,0,0,0,0,0,,0,0,NONE,No,Y,Other,Other,Local Density Bonus Deed Restriction,,0,0,0,0,0,,,Project located in the C-AC Zoning District and used a local density bonus with 21% affordable units (deed restricted).,37.862819,-122.267320,"2550 Shattuck Ave, Berkeley, California, 94704",100
BERKELEY,Alameda,2025,,057 202901500,2138 KITTREDGE St,,ZP2024-0114,5+,Renter,0,0,2,0,3,0,0,0,0,0,61,2025-10-20,66,0,0,0,0,0,0,0,0,0,0,0,,0,0,0,0,0,0,0,0,0,0,0,0,,0,0,NONE,No,Y,Other,DB,0,,3,0,0,0.29999999999999999,7,"Development Standards Modification, On-Site Improvements",N,"SB330, SB 1214",37.868579,-122.267058,"2138 Kittredge St, Berkeley, California, 94704",100
BERKELEY,Alameda,2025,,054 172502100,1902 WARD ST,,B2024-03373,ADU,Renter,0,0,0,0,0,1,0,0,0,0,0,2025-06-24,1,0,0,0,0,0,1,0,0,0,0,0,2025-06-24,1,0,0,0,0,0,0,0,0,0,0,0,,0,0,NONE,No,Y,,Other,ABAG ADU Affordability Assumptions,,0,0,0,0,0,,,,37.858834,-122.271296,"1902 Ward St, Berkeley, California, 94703",100
BERKELEY,Alameda,2025,,060 248903300,124 AVENIDA DR,,B2025-00609,ADU,Renter,0,0,0,0,0,0,0,1,0,0,0,2025-05-21,1,0,0,0,0,0,0,0,1,0,0,0,2025-05-21,1,0,0,0,0,0,0,0,0,0,0,0,,0,0,NONE,No,Y,,Other,ABAG ADU Affordability Assumptions,,0,0,0,0,0,,,,37.883908,-122.249433,"124 Avenida Dr, Berkeley, California, 94708",100
BERKELEY,Alameda,2025,,060 242308500,1440 ORDWAY ST,,B2025-00750,ADU,Renter,0,0,0,0,0,0,0,1,0,0,0,2025-04-29,1,0,0,0,0,0,0,0,1,0,0,0,2025-04-29,1,0,0,0,0,0,0,0,0,0,0,0,,0,0,NONE,No,Y,,Other,ABAG ADU Affordability Assumptions,,0,0,0,0,0,,,,37.878326,-122.287299,"1440 Ordway St, Berkeley, California, 94702",100
BERKELEY,Alameda,2025,,058 212301900,1729 Eighth Street,,B2024-03463,2 to 4,Renter,0,0,0,0,0,0,0,0,0,0,2,2023-04-06,2,0,0,0,0,0,0,0,0,0,0,2,2025-08-11,2,0,0,0,0,0,0,0,0,0,0,0,,0,0,NONE,No,Y,,Other,0,,0,0,0,0,0,,,,37.871548,-122.296519,"1729 8th St, Berkeley, California, 94710",100
BERKELEY,Alameda,2025,,057 211700401,1614 Sixth Street,,B2024-04504,SFD,Owner,0,0,0,0,0,0,0,0,0,0,0,,0,0,0,0,0,0,0,0,0,0,0,1,2025-08-29,1,0,0,0,0,0,0,0,0,0,0,0,,0,0,NONE,Yes - Local,Y,,Other,0,,0,0,0,0,0,,,,37.873552,-122.299507,"1614 6th St, Berkeley, California, 94710",100
BERKELEY,Alameda,2025,,052 136400200,1916 Alcatraz Avenue,,B2024-04763,ADU,Renter,0,0,0,0,0,0,0,1,0,0,0,2025-09-24,1,0,0,0,0,0,0,0,1,0,0,0,2025-09-24,1,0,0,0,0,0,0,0,0,0,0,0,,0,0,NONE,No,Y,,Other,ABAG ADU Affordability Assumptions,,0,0,0,0,0,,,,37.849067,-122.268777,"1916 Alcatraz Ave, Berkeley, California, 94703",100
BERKELEY,Alameda,2025,,052 156303600,2708 Prince Street,,B2024-06003,2 to 4,Renter,0,0,0,0,0,0,0,0,0,0,2,2025-01-21,2,0,0,0,0,0,0,0,0,0,0,2,2025-07-11,2,0,0,0,0,0,0,0,0,0,0,0,,0,0,NONE,No,Y,,Other,0,,0,0,0,0,0,,,,37.854876,-122.252354,"2708 Prince St, Berkeley, California, 94705",100
BERKELEY,Alameda,2025,,061 257301400,1109 The Alameda,,B2025-00857,ADU,Renter,0,0,0,0,0,0,0,0,0,1,0,2025-09-09,1,0,0,0,0,0,0,0,0,0,1,0,2025-09-09,1,0,0,0,0,0,0,0,0,0,0,0,,0,0,NONE,No,Y,,Other,ABAG ADU Affordability Assumptions,,0,0,0,0,0,,,,37.887639,-122.276231,"1109 The Alameda, Berkeley, California, 94707",100
BERKELEY,Alameda,2025,,054 173600900,1411 Ward Street,,B2025-01432,ADU,Renter,0,0,0,0,0,0,0,0,0,1,0,2025-07-21,1,0,0,0,0,0,0,0,0,0,1,0,2025-07-21,1,0,0,0,0,0,0,0,0,0,0,0,,0,0,NONE,No,Y,,Other,ABAG ADU Affordability Assumptions,,0,0,0,0,0,,,,37.857705,-122.281861,"1411 Ward St, Berkeley, California, 94702",100
BERKELEY,Alameda,2025,,63314006300,1030 Middlefield Road,,B2025-01487,ADU,Renter,0,0,0,0,0,0,0,0,0,1,0,2025-09-18,1,0,0,0,0,0,0,0,0,0,1,0,2025-09-18,1,0,0,0,0,0,0,0,0,0,0,0,,0,0,NONE,No,Y,,Other,ABAG ADU Affordability Assumptions,,0,0,0,0,0,,,,37.894071,-122.255816,"1030 Middlefield Rd, Berkeley, California, 94708",100
BERKELEY,Alameda,2025,,061 258302900,915 Indian Rock Avenue,,B2025-01962,SFD,Renter,0,0,0,0,0,0,0,0,0,0,1,2025-09-03,1,0,0,0,0,0,0,0,0,0,0,1,2025-09-03,1,0,0,0,0,0,0,0,0,0,0,0,,0,0,NONE,No,Y,,Other,0,,0,0,0,0,0,,,,37.893006,-122.272672,"915 Indian Rock Ave, Berkeley, California, 94707",100
BERKELEY,Alameda,2025,,053 159800600,2902 ADELINE ST,,B2021-04232,5+,Renter,0,0,0,0,0,0,0,0,0,0,0,,0,0,0,0,0,4,0,4,0,1,0,45,2025-02-27,54,0,0,0,0,0,0,0,0,0,0,0,,0,0,NONE,No,Y,Other,DB,Unit affordability was based on the Area Median Income (AMI) for the Oakland Primary Metropolitan Statistical Area reported by the United States Department of Housing and Urban Development (HUD).,,0,0,0,0.34999999999999998,2,"Increase in maximum building height from 3 stories and 35 (R-4 District) and 36 (C-SA District) feet to four stories and 45.5 feet. 

Increase in maximum FAR from 4.0 to 4.5 in the C-SA District.",Yes,"Use permit was approved for parking reduction, it was not a concession or waiver based on the density bonus.",37.855994,-122.268832,"2902 Adeline St, Berkeley, California, 94703",100
BERKELEY,Alameda,2025,,056 193701400,949 CHANNING WAY,,B2023-04322,ADU,Renter,0,0,0,0,0,0,0,0,0,1,0,2025-02-10,1,0,0,0,0,0,0,0,0,0,1,0,2025-02-10,1,0,0,0,0,0,0,0,0,0,0,0,,0,0,NONE,No,Y,,Other,ABAG ADU Affordability Assumptions,,0,0,0,0,0,,,,37.862391,-122.292625,"949 Channing Way, Berkeley, California, 94710",100
BERKELEY,Alameda,2025,,052 151603100,1330 HASKELL ST,,B2024-02477,SFD,Owner,0,0,0,0,0,0,0,0,0,0,0,,0,0,0,0,0,0,0,0,0,0,0,1,2025-03-17,1,0,0,0,0,0,0,0,0,0,0,0,,0,0,NONE,No,Y,,,0,,1,0,0,0,0,,,,37.851372,-122.281820,"1330 Haskell St, Berkeley, California, 94702",100
BERKELEY,Alameda,2025,,054 174208100,2742 MABEL ST,,B2024-03873,ADU,Renter,0,0,0,0,0,0,0,0,0,1,0,2025-02-13,1,0,0,0,0,0,0,0,0,0,1,0,2025-02-13,1,0,0,0,0,0,0,0,0,0,1,0,2025-10-07,1,0,NONE,No,Y,,Other,ABAG ADU Affordability Assumptions,,0,0,0,0,0,,,,37.856382,-122.285057,"2742 Mabel St, Berkeley, California, 94702",100
BERKELEY,Alameda,2025,,059 231300800,919 BATAAN Ave,,B2020-01463,ADU,Owner,0,0,0,0,0,0,0,0,0,0,0,,0,0,0,0,0,0,0,0,0,0,0,0,,0,0,0,0,0,0,1,0,0,0,0,0,2025-07-30,1,0,NONE,No,Y,,Other,ABAG ADU Affordability Assumptions,,0,0,0,0,0,,,,37.875108,-122.297873,"919 Bataan Ave, Berkeley, California, 94710",100
BERKELEY,Alameda,2025,,059 228203700,1408 EDITH St,,B2022-00473,ADU,Renter,0,0,0,0,0,0,0,0,0,0,0,,0,0,0,0,0,0,0,0,0,0,0,0,,0,0,0,0,0,0,1,0,0,0,0,0,2025-06-27,1,0,NONE,No,Y,,Other,ABAG ADU Affordability Assumptions,,0,0,0,0,0,,,,37.880422,-122.277489,"1408 Edith St, Berkeley, California, 94703",100
BERKELEY,Alameda,2025,,054 174203500,1134 WARD St,,B2022-02658,ADU,Renter,0,0,0,0,0,0,0,0,0,0,0,,0,0,0,0,0,0,0,0,0,0,0,0,,0,0,0,0,0,0,1,0,0,0,0,0,2025-04-15,1,0,NONE,No,Y,,Other,ABAG ADU Affordability Assumptions,,0,0,0,0,0,,,,37.857018,-122.286729,"1134 Ward St, Berkeley, California, 94702",100
BERKELEY,Alameda,2025,,062 291503100,655 SAN LUIS Rd,,B2022-02844,ADU,Renter,0,0,0,0,0,0,0,0,0,0,0,,0,0,0,0,0,0,0,0,0,0,0,0,,0,0,0,0,0,0,1,0,0,0,0,0,2025-03-14,1,0,NONE,No,Y,,Other,ABAG ADU Affordability Assumptions,,0,0,0,0,0,,,,37.898510,-122.274071,"655 San Luis Rd, Berkeley, California, 94707",100
BERKELEY,Alameda,2025,,052 154400200,3134 CALIFORNIA St,,B2022-04102,ADU,Renter,0,0,0,0,0,0,0,0,0,0,0,,0,0,0,0,0,0,0,0,0,0,0,0,,0,0,0,0,0,0,0,0,1,0,0,0,2025-03-19,1,0,NONE,No,Y,,Other,ABAG ADU Affordability Assumptions,,0,0,0,0,0,,,,37.850629,-122.276357,"3134 California St, Berkeley, California, 94703",100
BERKELEY,Alameda,2025,,053 159402200,2026 ESSEX St,,B2022-05608,ADU,Renter,0,0,0,0,0,0,0,0,0,0,0,,0,0,0,0,0,0,0,0,0,0,0,0,,0,0,0,0,0,0,0,0,1,0,0,0,2025-01-08,1,0,NONE,No,Y,,Other,ABAG ADU Affordability Assumptions,,0,0,0,0,0,,,,37.853679,-122.267128,"2026 Essex St, Berkeley, California, 94703",100
BERKELEY,Alameda,2025,,055 187802200,2480 BANCROFT Way,,B2022-05880,5+,Renter,0,0,0,0,0,0,0,0,0,0,0,,0,0,0,0,0,0,0,0,0,0,0,0,,0,0,0,0,0,2,0,0,0,0,0,26,2025-07-10,28,0,NONE,No,Y,Other,DB,0,,0,0,0,0.20000000000000001,2,"Development Standards Modification, On-Site Improvements",No,,37.868621,-122.259692,"2480 Bancroft Way, Berkeley, California, 94704",100
BERKELEY,Alameda,2025,,052 158200200,2144 RUSSELL St,,B2022-06045,ADU,Renter,0,0,0,0,0,0,0,0,0,0,0,,0,0,0,0,0,0,0,0,0,0,0,0,,0,0,0,0,0,0,0,0,1,0,0,0,2025-05-28,1,0,NONE,No,Y,,Other,ABAG ADU Affordability Assumptions,,0,0,0,0,0,,,,37.856991,-122.264468,"2144 Russell St, Berkeley, California, 94705",100
BERKELEY,Alameda,2025,,058 218102700,1773 OXFORD St,,B2023-02354,5+,Renter,0,0,0,0,0,0,0,0,0,0,0,,0,0,0,0,0,0,0,0,0,0,0,0,,0,0,0,0,0,3,0,0,0,0,0,21,2025-04-21,24,0,NONE,No,Y,Other,DB,0,,0,0,0,0.5,5,Development Standards Modification,No,,37.875548,-122.266493,"1773 Oxford St, Berkeley, California, 94709",100
BERKELEY,Alameda,2025,,055 185202300,2607 PIEDMONT Ave,,B2023-01656,ADU,Renter,0,0,0,0,0,0,0,0,0,0,0,,0,0,0,0,0,0,0,0,0,0,0,0,,0,0,0,0,0,0,0,0,0,0,0,1,2025-05-21,1,0,NONE,No,Y,,DB,0,,6,0,0,0.5,5,Development Standards Modification,No,,37.863712,-122.251379,"2607 Piedmont Ave, Berkeley, California, 94704",100
BERKELEY,Alameda,2025,,055 184702000,2555 COLLEGE Ave,,B2023-02975,5+,Renter,0,0,0,0,0,0,0,0,0,0,0,,0,0,0,0,0,0,0,0,0,0,0,0,,0,0,0,0,0,1,0,0,0,0,0,10,2025-07-25,11,0,NONE,No,Y,Other,DB,0,,0,0,0,0.46250000000000002,8,Development Standards Modification,No,,37.864058,-122.253716,"2555 College Ave, Berkeley, California, 94704",100
BERKELEY,Alameda,2025,,052 156003200,3019 BATEMAN St,,B2023-03862,SFD,Owner,0,0,0,0,0,0,0,0,0,0,0,,0,0,0,0,0,0,0,0,0,0,0,0,,0,0,0,0,0,0,0,0,0,0,0,1,2025-09-15,1,0,NONE,No,Y,,,0,,0,0,0,0,0,,,,37.855035,-122.255812,"3019 Bateman St, Berkeley, California, 94705",100
BERKELEY,Alameda,2025,,054 170903500,2710 COLLEGE Ave,,B2024-00176,ADU,Renter,0,0,0,0,0,0,0,0,0,0,0,,0,0,0,0,0,0,0,0,0,0,0,0,,0,0,0,0,0,0,0,0,0,0,1,0,2025-01-17,1,0,NONE,No,Y,,Other,ABAG ADU Affordability Assumptions,,0,0,0,0,0,,,,37.861257,-122.253493,"2710 College Ave, Berkeley, California, 94705",100
BERKELEY,Alameda,2025,,055 184802400,2619 COLLEGE Ave,,B2024-00819,ADU,Renter,0,0,0,0,0,0,0,0,0,0,0,,0,0,0,0,0,0,0,0,0,0,0,0,,0,0,0,0,0,0,0,0,0,0,2,0,2025-09-08,2,0,NONE,No,Y,,Other,ABAG ADU Affordability Assumptions,,0,0,0,0,0,,,,37.863133,-122.253621,"2619 College Ave, Berkeley, California, 94704",100
BERKELEY,Alameda,2025,,055 188400600,2317 CHANNING Way,,ZP2024-0033,5+,Renter,0,0,0,0,0,0,0,0,0,0,22,2025-01-21,22,0,0,0,0,0,0,0,0,0,0,0,,0,0,0,0,0,0,0,0,0,0,0,0,,0,0,NONE,No,Y,,,0,,0,0,0,0,0,,,,37.866457,-122.262561,"2317 Channing Way, Berkeley, California, 94704",100
BERKELEY,Alameda,2025,,055 191302900,2325 SPAULDING Ave,,B2025-02497,ADU,Renter,0,0,0,0,0,1,0,0,0,0,0,2025-11-17,1,0,0,0,0,0,1,0,0,0,0,0,2025-11-17,1,0,0,0,0,0,0,0,0,0,0,0,,0,0,NONE,No,Y,,Other,ABAG ADU Affordability Assumptions,,0,0,0,0,0,,,,37.865016,-122.280325,"2325 Spaulding Ave, Berkeley, California, 94703",100
BERKELEY,Alameda,2025,,052 156304700,2740 PRINCE St,,B2025-03285,ADU,Renter,0,0,0,0,0,1,0,0,0,0,0,2025-11-17,1,0,0,0,0,0,1,0,0,0,0,0,2025-11-17,1,0,0,0,0,0,0,0,0,0,0,0,,0,0,NONE,No,Y,,Other,ABAG ADU Affordability Assumptions,,0,0,0,0,0,,,,37.854978,-122.250839,"2740 Prince St, Berkeley, California, 94705",100
BERKELEY,Alameda,2025,,055 189500900,2021 CHANNING WAY,,B2024-02481,ADU,Renter,0,0,0,0,0,1,0,0,0,0,0,2025-04-29,1,0,0,0,0,0,1,0,0,0,0,0,2025-04-29,1,0,0,0,0,0,0,0,0,0,0,0,,0,0,NONE,No,Y,,Other,ABAG ADU Affordability Assumptions,,0,0,0,0,0,,,,37.865615,-122.269089,"2021 Channing Way, Berkeley, California, 94704",100
BERKELEY,Alameda,2025,,052 156601300,2815 ASHBY AVE,,B2024-03769,ADU,Renter,0,0,0,0,0,1,0,0,0,0,0,2025-04-23,1,0,0,0,0,0,1,0,0,0,0,0,2025-04-23,1,0,0,0,0,0,1,0,0,0,0,0,2025-07-31,1,0,NONE,No,Y,,Other,ABAG ADU Affordability Assumptions,,0,0,0,0,0,,,,37.857793,-122.250068,"2815 Ashby Ave, Berkeley, California, 94705",100
BERKELEY,Alameda,2025,,052 142800800,2022 Woolsey Street,,B2024-05536,ADU,Renter,0,0,0,0,0,0,0,1,0,0,0,2025-07-09,1,0,0,0,0,0,0,0,1,0,0,0,2025-07-09,1,0,0,0,0,0,0,0,0,0,0,0,,0,0,NONE,No,Y,,Other,ABAG ADU Affordability Assumptions,,0,0,0,0,0,,,,37.852253,-122.266956,"2022 Woolsey St, Berkeley, California, 94703",100
BERKELEY,Alameda,2025,,054 173902800,1320 Derby Street,,B2025-00165,ADU,Renter,0,0,0,0,0,0,0,1,0,0,0,2025-07-15,1,0,0,0,0,0,0,0,1,0,0,0,2025-07-15,1,0,0,0,0,0,0,0,0,0,0,0,,0,0,NONE,No,Y,,Other,ABAG ADU Affordability Assumptions,,0,0,0,0,0,,,,37.858223,-122.283747,"1320 Derby St, Berkeley, California, 94702",100
BERKELEY,Alameda,2025,,057 208608800,1173 HEARST AVE,,B2024-01117,2 to 4,Renter,0,0,0,0,0,0,0,0,0,0,0,,0,0,0,0,0,0,0,0,0,0,0,2,2025-02-25,2,0,0,0,0,0,0,0,0,0,0,0,,0,0,NONE,No,Y,,,0,,0,0,0,0,0,,,,37.870877,-122.290341,"1173 Hearst Ave, Berkeley, California, 94702",100
BERKELEY,Alameda,2025,,053 167601200,2847 MCGEE AVE,,B2024-01935,ADU,Renter,0,0,0,0,0,0,0,0,0,1,0,2025-03-04,1,0,0,0,0,0,0,0,0,0,1,0,2025-03-04,1,0,0,0,0,0,0,0,0,0,0,0,,0,0,NONE,No,Y,,Other,ABAG ADU Affordability Assumptions,,0,0,0,0,0,,,,37.855911,-122.275070,"2847 McGee Ave, Berkeley, California, 94703",100
BERKELEY,Alameda,2025,,054 174206700,2735 WALLACE ST,,B2024-02286,ADU,Renter,0,0,0,0,0,0,0,0,0,1,0,2025-01-22,1,0,0,0,0,0,0,0,0,0,1,0,2025-01-22,1,0,0,0,0,0,0,0,0,0,1,0,2025-12-01,1,0,NONE,No,Y,,Other,ABAG ADU Affordability Assumptions,,0,0,0,0,0,,,,37.856398,-122.286855,"2735 Wallace St, Berkeley, California, 94702",100
BERKELEY,Alameda,2025,,056 196300400,812 ALLSTON WAY,,B2024-04001,ADU,Renter,0,0,0,0,0,0,0,0,0,1,0,2025-02-05,1,0,0,0,0,0,0,0,0,0,1,0,2025-02-05,1,0,0,0,0,0,0,0,0,0,0,0,,0,0,NONE,No,Y,,Other,ABAG ADU Affordability Assumptions,,0,0,0,0,0,,,,37.865135,-122.297293,"812 Allston Way, Berkeley, California, 94710",100
BERKELEY,Alameda,2025,,063 296405200,833 KEELER AVE,,B2024-04293,ADU,Renter,0,0,0,0,0,0,0,0,0,0,1,2025-03-19,1,0,0,0,0,0,0,0,0,0,0,1,2025-03-19,1,0,0,0,0,0,0,0,0,0,0,0,,0,0,NONE,No,Y,,,0,,0,0,0,0,0,,,,37.897258,-122.263220,"833 Keeler Ave, Berkeley, California, 94708",100
BERKELEY,Alameda,2025,,057 201800700,2210 M L KING JR Way,,B2020-01827,ADU,Renter,0,0,0,0,0,0,0,0,0,0,0,,0,0,0,0,0,0,0,0,0,0,0,0,,0,0,0,0,0,0,1,0,0,0,0,0,2025-03-26,1,0,NONE,No,Y,,Other,ABAG ADU Affordability Assumptions,,0,0,0,0,0,,,,37.868246,-122.272677,"2210 Martin Luther King Jr Way, Berkeley, California, 94704",100
BERKELEY,Alameda,2025,,062 286801300,680 PERALTA Ave,,B2022-02710,ADU,Renter,0,0,0,0,0,0,0,0,0,0,0,,0,0,0,0,0,0,0,0,0,0,0,0,,0,0,0,0,0,0,1,0,0,0,0,0,2025-09-10,1,0,NONE,No,Y,,Other,ABAG ADU Affordability Assumptions,,0,0,0,0,0,,,,37.895086,-122.285573,"680 Peralta Ave, Berkeley, California, 94707",100
BERKELEY,Alameda,2025,,053 160202100,3037 ELLIS St,,B2023-03018,ADU,Renter,0,0,0,0,0,0,0,0,0,0,0,,0,0,0,0,0,0,0,0,0,0,0,0,,0,0,0,0,0,0,0,0,1,0,0,0,2025-08-01,1,0,NONE,No,Y,,Other,ABAG ADU Affordability Assumptions,,0,0,0,0,0,,,,37.852600,-122.273020,"3037 Ellis St, Berkeley, California, 94703",100
BERKELEY,Alameda,2025,,054 180201400,1515 DERBY St,,B2023-04430,ADU,Renter,0,0,0,0,0,0,0,0,0,0,0,,0,0,0,0,0,0,0,0,0,0,0,0,,0,0,0,0,0,0,0,0,1,0,0,0,2025-05-23,1,0,NONE,No,Y,,Other,ABAG ADU Affordability Assumptions,,0,0,0,0,0,,,,37.858835,-122.279468,"1515 Derby St, Berkeley, California, 94703",100
BERKELEY,Alameda,2025,,052 152600900,1817 SIXTY-SECOND St,,B2023-05812,ADU,Renter,0,0,0,0,0,0,0,0,0,0,0,,0,0,0,0,0,0,0,0,0,0,0,0,,0,0,0,0,0,0,0,0,0,0,1,0,2025-06-24,1,0,NONE,No,Y,,Other,ABAG ADU Affordability Assumptions,,0,0,0,0,0,,,,37.847097,-122.270245,"1817 62nd St, Berkeley, California, 94703",100
BERKELEY,Alameda,2025,,055 182202700,2020 DWIGHT Way,,B2023-06296,ADU,Renter,0,0,0,0,0,0,0,0,0,0,0,,0,0,0,0,0,0,0,0,0,0,0,0,,0,0,0,0,0,0,0,0,0,0,1,0,2025-05-30,1,0,NONE,No,Y,,Other,ABAG ADU Affordability Assumptions,,0,0,0,0,0,,,,37.863750,-122.268843,"2020 Dwight Way, Berkeley, California, 94704",100
BERKELEY,Alameda,2025,,058 216401600,1619 EDITH St,,B2024-01247,ADU,Renter,0,0,0,0,0,0,0,0,0,0,0,,0,0,0,0,0,0,0,0,0,0,0,0,,0,0,0,0,0,0,0,0,0,0,1,0,2025-08-15,1,0,NONE,No,Y,,Other,ABAG ADU Affordability Assumptions,,0,0,0,0,0,,,,37.876631,-122.276984,"1619 Edith St, Berkeley, California, 94703",100
BERKELEY,Alameda,2025,,056 192400500,1280 BANCROFT Way,,B2024-01337,ADU,Renter,0,0,0,0,0,0,0,0,0,0,0,,0,0,0,0,0,0,0,0,0,0,0,0,,0,0,0,0,0,0,0,0,0,0,1,0,2025-08-14,1,0,NONE,No,Y,,Other,ABAG ADU Affordability Assumptions,,0,0,0,0,0,,,,37.865095,-122.286965,"1280 Bancroft Way, Berkeley, California, 94702",100
BERKELEY,Alameda,2025,,060 240603300,1205 KAINS Ave,,B2024-02503,ADU,Renter,0,0,0,0,0,0,0,0,0,0,0,,0,0,0,0,0,0,0,0,0,0,0,0,,0,0,0,0,0,0,1,0,0,0,0,0,2025-08-27,1,0,NONE,No,Y,,Other,ABAG ADU Affordability Assumptions,,0,0,0,0,0,,,,37.882185,-122.295348,"1205 Kains Ave, Albany, California, 94706",100
BERKELEY,Alameda,2025,,061 261000900,1016 FRESNO Ave,,B2024-02618,ADU,Renter,0,0,0,0,0,0,0,0,0,0,0,,0,0,0,0,0,0,0,0,0,0,0,0,,0,0,0,0,0,0,1,0,0,0,0,0,2025-03-18,1,0,NONE,No,Y,,Other,ABAG ADU Affordability Assumptions,,0,0,0,0,0,,,,37.888195,-122.277529,"1016 Fresno Ave, Berkeley, California, 94707",100
BERKELEY,Alameda,2025,,056 196300300,808 ALLSTON Way,,ZP2024-0011,SFD,Owner,0,0,0,0,0,0,0,0,0,0,2,2025-01-08,2,0,0,0,0,0,0,0,0,0,0,0,,0,0,0,0,0,0,0,0,0,0,0,0,,0,0,NONE,No,Y,,,0,,0,0,0,0,0,,,,37.865102,-122.297458,"808 Allston Way, Berkeley, California, 94710",100
BERKELEY,Alameda,2025,,055 188700300,2372 ELLSWORTH St,,ZP2024-0169,5+,Renter,0,0,0,0,0,0,0,0,0,0,49,2025-11-18,49,0,0,0,0,0,0,0,0,0,0,0,,0,0,0,0,0,0,0,0,0,0,0,0,,0,0,NONE,No,Y,,,0,,0,0,0,0,0,,,,37.866596,-122.263438,"2372 Ellsworth St, Berkeley, California, 94704",100
BERKELEY,Alameda,2025,,055 181602300,1910 BLAKE St,,B2016-00118,ADU,Renter,0,0,0,0,0,0,0,0,0,0,0,,0,0,0,0,0,0,0,0,0,0,0,0,,0,0,0,0,0,0,0,0,0,0,0,1,2025-06-02,1,0,NONE,No,Y,,,0,,0,0,0,0,0,,,,37.862512,-122.271333,"1910 Blake St, Berkeley, California, 94704",100
BERKELEY,Alameda,2025,,052 154502900,1626 PRINCE St,,B2025-03021,ADU,Renter,0,0,0,0,0,1,0,0,0,0,0,2025-11-20,1,0,0,0,0,0,1,0,0,0,0,0,2025-11-20,1,0,0,0,0,0,0,0,0,0,0,0,,0,0,NONE,No,Y,,Other,ABAG ADU Affordability Assumptions,,0,0,0,0,0,,,,37.851906,-122.275243,"1626 Prince St, Berkeley, California, 94703",100
BERKELEY,Alameda,2025,,055 188701000,2215 CHANNING Way,,B2024-02487,ADU,Renter,0,0,0,0,0,2,0,0,0,0,0,2025-12-01,2,0,0,0,0,0,2,0,0,0,0,0,2025-12-01,2,0,0,0,0,0,0,0,0,0,0,0,,0,0,NONE,No,Y,,,ABAG ADU Affordability Assumptions,,0,0,0,0,0,,,,37.866152,-122.264929,"2215 Channing Way, Berkeley, California, 94704",100
BERKELEY,Alameda,2025,,056 200800500,1640 ALLSTON Way,,B2025-00495,ADU,Renter,0,0,0,0,0,1,0,0,0,0,0,2025-12-02,1,0,0,0,0,0,1,0,0,0,0,0,2025-12-02,1,0,0,0,0,0,0,0,0,0,0,0,,0,0,NONE,No,Y,,,ABAG ADU Affordability Assumptions,,0,0,0,0,0,,,,37.868125,-122.277623,"1640 Allston Way, Berkeley, California, 94703",100
BERKELEY,Alameda,2025,,059 227501201,1528 GRANT St,,B2025-01431,ADU,Renter,0,0,0,0,0,1,0,0,0,0,0,2025-12-19,1,0,0,0,0,0,1,0,0,0,0,0,2025-12-19,1,0,0,0,0,0,0,0,0,0,0,0,,0,0,NONE,No,Y,,,ABAG ADU Affordability Assumptions,,0,0,0,0,0,,,,37.878800,-122.276140,"1528 Grant St, Berkeley, California, 94703",100
BERKELEY,Alameda,2025,,055 183102900,2338 DWIGHT Way,,B2025-04153,ADU,Renter,0,0,0,0,0,1,0,0,0,0,0,2025-12-03,1,0,0,0,0,0,1,0,0,0,0,0,2025-12-03,1,0,0,0,0,0,0,0,0,0,0,0,,0,0,NONE,No,Y,,,ABAG ADU Affordability Assumptions,,0,0,0,0,0,,,,37.864728,-122.261266,"2338 Dwight Way, Berkeley, California, 94704",100
BERKELEY,Alameda,2025,,060 243300100,1321 CALIFORNIA ST,,B2024-04037,ADU,Renter,0,0,0,0,0,1,0,0,0,0,0,2025-04-14,1,0,0,0,0,0,1,0,0,0,0,0,2025-04-14,1,0,0,0,0,0,0,0,0,0,0,0,,0,0,NONE,No,Y,,Other,ABAG ADU Affordability Assumptions,,0,0,0,0,0,,,,37.880525,-122.281406,"1321 California St, Berkeley, California, 94703",100
BERKELEY,Alameda,2025,,052 143802300,1516 ALCATRAZ AVE,,B2021-02470,ADU,Renter,0,0,0,0,0,1,0,0,0,0,0,2025-04-28,1,0,0,0,0,0,1,0,0,0,0,0,2025-04-28,1,0,0,0,0,0,0,0,0,0,0,0,,0,0,NONE,No,Y,,Other,ABAG ADU Affordability Assumptions,,0,0,0,0,0,,,,37.847956,-122.277096,"1516 Alcatraz Ave, Berkeley, California, 94703",100
BERKELEY,Alameda,2025,,058 212901700,1701 SAN PABLO AVE,,B2024-02966,5+,Renter,0,0,0,0,0,0,0,0,0,0,0,,0,0,0,12,0,20,0,48,0,0,0,30,2025-05-06,110,0,0,0,0,0,0,0,0,0,0,0,,0,12,SMAP,No,Y,"LIHTC, IIG, CDLAC",DB,0,,0,0,0,0.5,8,"On-Site Improvements, Development Standards Modification",No,"Applicant statement notes use of LIHTC: ""This development will utilize the Low-Income Housing Tax Credit program (LIHTC) in order to finance the
project and achieve the target affordability levels. The LIHTC program requires that the gross cost of any
commercial space (and associated dedicated parking) be excluded from the funding formula. As a
result, including commercial space in the project would require the project Sponsors to exclude
$500,000 in project costs, resulting in a financing gap.""

Waivers: (C-W: floor-area ration, height; R-2: density, usable open space, height, setbacks, lot coverage)
Concession: elimination of commercial space

Related to PLN2022-0119.",37.872801,-122.293224,"1701 San Pablo Ave, Berkeley, California, 94702",100
BERKELEY,Alameda,2025,,050 215747600,3025 Regent Street,,B2022-06048,SFD,Renter,0,0,0,0,0,0,0,0,0,0,0,,0,0,0,0,0,0,0,0,0,0,0,1,2025-09-04,1,0,0,0,0,0,0,0,0,0,0,0,,0,0,NONE,No,Y,,Other,0,,0,0,0,0,0,,,,37.854727,-122.256410,"3025 Regent St, Berkeley, California, 94705",100
BERKELEY,Alameda,2025,,056 191904600,2420 Sacramento Street,,B2025-01534,ADU,Renter,0,0,0,0,0,0,0,0,0,1,0,2025-09-04,1,0,0,0,0,0,0,0,0,0,1,0,2025-09-04,1,0,0,0,0,0,0,0,0,0,0,0,,0,0,NONE,No,Y,,Other,ABAG ADU Affordability Assumptions,,0,0,0,0,0,,,,37.863055,-122.281331,"2420 Sacramento St, Berkeley, California, 94702",100
BERKELEY,Alameda,2023,,057 206301100,1825 Berkeley (1),,B2022-02049,2 to 4,Renter,0,0,0,0,0,0,0,0,0,0,0,,0,0,0,0,0,0,0,0,0,0,0,0,,0,0,0,0,0,0,0,0,0,0,0,1,2023-12-04,1,0,NONE,0,Y,,,0,,0,0,0,0,0,,,,37.872352,-122.274178,"1825 Berkeley Way, Berkeley, California, 94703",97.870000000000005
BERKELEY,Alameda,2023,,056 193502700,2425 Ninth St,,B2020-04102,2 to 4,Renter,0,0,0,0,0,0,0,0,0,0,0,,0,0,0,0,0,0,0,0,0,0,0,1,2023-03-30,1,0,0,0,0,0,0,0,0,0,0,0,,0,0,NONE,0,Y,,,0,,0,0,0,0,0,,,,37.861445,-122.292057,"2425 9th St, Berkeley, California, 94710",100
BERKELEY,Alameda,2023,,053 162301201,1331 Ashby Ave,,B2018-05100,2 to 4,Renter,0,0,0,0,0,0,0,0,0,0,2,2018-10-18,2,0,0,0,0,0,0,0,0,0,0,2,2023-04-04,2,0,0,0,0,0,0,0,0,0,0,0,,0,0,NONE,0,Y,,,0,,1,0,0,0,0,,,,37.853064,-122.282265,"1331 Ashby Ave, Berkeley, California, 94702",100
BERKELEY,Alameda,2023,,056 194401100,2422 Fifth St,,B2020-02038,2 to 4,Renter,0,0,0,0,0,0,0,0,0,0,2,2019-11-20,2,0,0,0,0,0,0,0,0,0,0,0,,0,0,0,0,0,0,0,0,0,0,0,2,2023-03-13,2,0,NONE,0,Y,,,0,,0,0,0,0,0,,,,37.860650,-122.296568,"2422 5th St, Berkeley, California, 94710",100
BERKELEY,Alameda,2023,,055 189600500,2440 Shattuck Ave,,B2022-05117,5+,Renter,0,0,0,0,0,0,0,0,0,0,0,,0,0,0,0,0,3,0,0,0,0,0,37,2023-08-03,40,0,0,0,0,0,0,0,0,0,0,0,,0,0,NONE,0,Y,,DB,0,1000,0,0,0,33,6,Development Standards Modification,Y,"Concession to reduce required commercial  parking; Waivers: exceed maximum height, reduce rear, street and interior side setbacks, reduce useable open spaee, reduce open space",37.865060,-122.267591,"2440 Shattuck Ave, Berkeley, California, 94704",100
BERKELEY,Alameda,2023,,057 207300500,1367 University Ave,,zc,5+,Renter,0,0,0,0,5,0,0,0,0,0,34,2020-07-31,39,0,0,0,0,5,0,0,0,0,0,34,2023-10-16,39,0,0,0,0,0,0,0,0,0,0,0,,0,0,NONE,0,Y,Other,DB,0,,0,0,0,35,6,Development Standards Modification,N,"Waiver to reduce setbacks, increase height, eliminiate commercial use, off-street parking, and UOS",37.870079,-122.285164,"1367 University Ave, Berkeley, California, 94702",100
BERKELEY,Alameda,2023,,057 206101000,1717 University Ave,,B2020-00206,5+,Renter,0,0,0,0,3,0,0,0,0,0,25,2017-11-23,28,0,0,0,0,0,0,0,0,0,0,0,,0,0,0,0,0,3,0,0,0,0,0,12,2023-04-04,15,0,NONE,0,Y,Other,DB,0,1000,0,0,0,50,5,Development Standards Modification,Y,Waiver to exceed height; waiver to exceed max lot coverage;  waiver to reduce required rear yard setbacks; waiver to reduce usable open space,37.871119,-122.277060,"1717 University Ave, Berkeley, California, 94703",100
BERKELEY,Alameda,2023,,055 187602101,2538 Durant Ave,,ZP2022-0097,5+,Renter,0,0,0,0,6,0,0,0,0,0,77,2023-05-24,83,0,0,0,0,0,0,0,0,0,0,0,,0,0,0,0,0,0,0,0,0,0,0,0,,0,0,NONE,0,Y,Other,DB,0,,12,0,0,23,4,Development Standards Modification,Y,"Concession to reduce residential long-term bike parking; Waivers: include residential units on the ground floor, reduce useable open space, exceed FAR, exceed building height",37.868007,-122.257241,"2538 Durant Ave, Berkeley, California, 94704",100
BERKELEY,Alameda,2023,,064 425102900,116 The Uplands,,B2019-01781,ADU,Renter,0,0,0,0,0,0,0,0,0,0,0,,0,0,0,0,0,0,0,0,0,0,0,0,,0,0,0,0,0,0,1,0,0,0,0,0,2023-03-03,1,0,NONE,0,Y,Other,,ABAG ADU Affordability Methodlogy,,0,0,0,0,0,,,ABAG ADU Affordability Methodlogy,37.853815,-122.243202,"116 The Uplands, Berkeley, California, 94705",100
BERKELEY,Alameda,2023,,063 298301100,1168 Miller Ave,,B2023-01963,ADU,Renter,0,0,0,0,0,1,0,0,0,0,0,2023-10-16,1,0,0,0,0,0,1,0,0,0,0,0,2023-10-16,1,0,0,0,0,0,0,0,0,0,0,0,,0,0,NONE,0,Y,Other,,ABAG ADU Affordability Methodlogy,,0,0,0,0,0,,,ABAG ADU Affordability Methodlogy,37.890243,-122.254593,"1168 Miller Ave, Berkeley, California, 94708",100
BERKELEY,Alameda,2023,,058 213401800,1215 Delaware St,,B2023-04400,ADU,Renter,0,0,0,0,0,1,0,0,0,0,0,2023-12-20,1,0,0,0,0,0,1,0,0,0,0,0,2023-12-20,1,0,0,0,0,0,0,0,0,0,0,0,,0,0,NONE,0,Y,Other,,ABAG ADU Affordability Methodlogy,,0,0,0,0,0,,,ABAG ADU Affordability Methodlogy,37.872214,-122.289157,"1215 Delaware St, Berkeley, California, 94702",100
BERKELEY,Alameda,2023,,060 240905500,1217 Evelyn Ave,,B2022-04050,ADU,Renter,0,0,0,0,0,1,0,0,0,0,0,2023-02-02,1,0,0,0,0,0,1,0,0,0,0,0,2023-02-02,1,0,0,0,0,0,0,0,0,0,0,0,,0,0,NONE,0,Y,Other,,ABAG ADU Affordability Methodlogy,,0,0,0,0,0,,,ABAG ADU Affordability Methodlogy,37.882522,-122.291872,"1217 Evelyn Ave, Albany, California, 94706",100
BERKELEY,Alameda,2023,,060 243803400,1339 McGee Ave,,B2022-04658,ADU,Renter,0,0,0,0,0,1,0,0,0,0,0,2023-06-28,1,0,0,0,0,0,1,0,0,0,0,0,2023-06-28,1,0,0,0,0,0,0,0,0,0,0,0,,0,0,NONE,0,Y,Other,,ABAG ADU Affordability Methodlogy,,0,0,0,0,0,,,ABAG ADU Affordability Methodlogy,37.880847,-122.280197,"1339 McGee Ave, Berkeley, California, 94703",100
BERKELEY,Alameda,2023,,059 233600500,1414 Seventh St,,B2021-03412,ADU,Renter,0,0,0,0,0,0,0,0,0,0,0,,0,0,0,0,0,0,0,0,0,0,0,0,,0,0,0,0,0,0,1,0,0,0,0,0,2023-01-13,1,0,NONE,0,Y,Other,,ABAG ADU Affordability Methodlogy,,0,0,0,0,0,,,ABAG ADU Affordability Methodlogy,37.877466,-122.299638,"1414 7th St, Berkeley, California, 94710",100
BERKELEY,Alameda,2023,,059 233100500,1462 San Pablo Ave,,B2021-02085,ADU,Renter,0,0,0,0,0,0,0,0,0,0,0,,0,0,0,0,0,0,0,0,0,0,0,0,,0,0,0,0,0,0,1,0,0,0,0,0,2023-06-08,1,0,NONE,0,Y,,,ABAG ADU Affordability Methodlogy,,0,0,0,0,0,,,,37.876604,-122.294658,"1462 San Pablo Ave, Berkeley, California, 94702",100
BERKELEY,Alameda,2023,,059 229200500,1506 Chestnut St,,B2022-02018,ADU,Renter,0,0,0,0,0,0,0,1,0,0,0,2023-05-15,1,0,0,0,0,0,0,0,1,0,0,0,2023-05-15,1,0,0,0,0,0,0,0,0,0,0,0,,0,0,NONE,0,Y,,,ABAG ADU Affordability Methodlogy,,0,0,0,0,0,,,,37.876428,-122.288969,"1506 Chestnut St, Berkeley, California, 94702",100
BERKELEY,Alameda,2023,,059 228503800,1521 Sacramento St,,B2021-02467,ADU,Renter,0,0,0,0,0,0,0,1,0,0,0,2023-05-17,1,0,0,0,0,0,0,0,1,0,0,0,2023-05-17,1,0,0,0,0,0,0,0,0,0,0,0,,0,0,NONE,0,Y,,,ABAG ADU Affordability Methodlogy,,0,0,0,0,0,,,,37.878234,-122.282743,"1521 Sacramento St, Berkeley, California, 94702",100
BERKELEY,Alameda,2023,,054 180602300,1620 Dwight Way,,B2019-03683,ADU,Renter,0,0,0,0,0,0,0,0,0,0,0,,0,0,0,0,0,0,0,0,0,0,0,0,,0,0,0,0,0,0,0,0,1,0,0,0,2023-01-05,1,0,NONE,0,Y,,,ABAG ADU Affordability Methodlogy,,0,0,0,0,0,,,,37.862577,-122.277899,"1620 Dwight Way, Berkeley, California, 94703",100
BERKELEY,Alameda,2023,,058 213700100,1625 Chestnut St,,B2022-00304,ADU,Renter,0,0,0,0,0,0,0,0,0,0,0,,0,0,0,0,0,0,0,0,0,0,0,0,,0,0,0,0,0,0,0,0,1,0,0,0,2023-08-14,1,0,NONE,0,Y,,,ABAG ADU Affordability Methodlogy,,0,0,0,0,0,,,,37.874910,-122.288624,"1625 Chestnut St, Berkeley, California, 94702",100
BERKELEY,Alameda,2023,,053 160602100,1614 Tyler St,,B2023-02047,ADU,Renter,0,0,0,0,0,0,0,1,0,0,0,2023-08-25,1,0,0,0,0,0,0,0,1,0,0,0,2023-08-25,1,0,0,0,0,0,0,0,0,0,0,0,,0,0,NONE,0,Y,,,ABAG ADU Affordability Methodlogy,,0,0,0,0,0,,,,37.852723,-122.276037,"1614 Tyler St, Berkeley, California, 94703",100
BERKELEY,Alameda,2023,,060 248702700,165 Avenida Dr,,B2022-01995,ADU,Renter,0,0,0,0,0,0,0,1,0,0,0,2023-10-12,1,0,0,0,0,0,0,0,1,0,0,0,2023-10-12,1,0,0,0,0,0,0,0,0,0,0,0,,0,0,NONE,0,Y,,,ABAG ADU Affordability Methodlogy,,0,0,0,0,0,,,,37.884709,-122.249455,"165 Avenida Dr, Berkeley, California, 94708",100
BERKELEY,Alameda,2023,,061 256900900,1925 Hopkins St,,B2019-05420,ADU,Renter,0,0,0,0,0,0,0,0,0,0,0,,0,0,0,0,0,0,0,0,0,0,0,0,,0,0,0,0,0,0,0,0,1,0,0,0,2023-03-29,1,0,NONE,0,Y,,,ABAG ADU Affordability Methodlogy,,0,0,0,0,0,,,,37.886097,-122.274178,"1925 Hopkins St, Berkeley, California, 94707",100
BERKELEY,Alameda,2023,,055 182202400,2022 Dwight Way,,B2021-05070,ADU,Renter,0,0,0,0,0,0,0,0,0,0,0,,0,0,0,0,0,0,0,0,0,0,0,0,,0,0,0,0,0,0,0,0,1,0,0,0,2023-05-18,1,0,NONE,0,Y,,,ABAG ADU Affordability Methodlogy,,0,0,0,0,0,,,,37.863773,-122.268664,"2022 Dwight Way, Berkeley, California, 94704",100
BERKELEY,Alameda,2023,,055 182700500,2237 Derby St,,B2021-04253,ADU,Renter,0,0,0,0,0,0,0,0,0,0,0,,0,0,0,0,0,0,0,0,0,0,0,0,,0,0,0,0,0,0,0,0,1,0,0,0,2023-06-06,1,0,NONE,0,Y,,,ABAG ADU Affordability Methodlogy,,0,0,0,0,0,,,,37.860914,-122.262895,"2237 Derby St, Berkeley, California, 94705",100
BERKELEY,Alameda,2023,,058 218101800,2225 Hearst Ave,,B2022-01040,ADU,Renter,0,0,0,0,0,0,0,0,0,1,0,2023-04-06,1,0,0,0,0,0,0,0,0,0,1,0,2023-04-06,1,0,0,0,0,0,0,0,0,0,1,0,2023-08-04,1,0,NONE,0,Y,,,ABAG ADU Affordability Methodlogy,,0,0,0,0,0,,,,37.874255,-122.265782,"2225 Hearst Ave, Berkeley, California, 94709",100
BERKELEY,Alameda,2023,,052 157404900,2473 Prince St,,B2021-01398,ADU,Renter,0,0,0,0,0,0,0,0,0,0,0,,0,0,0,0,0,0,0,0,0,0,0,0,,0,0,0,0,0,0,0,0,0,0,1,0,2023-05-31,1,0,NONE,0,Y,,,ABAG ADU Affordability Methodlogy,,0,0,0,0,0,,,,37.854028,-122.256889,"2473 Prince St, Berkeley, California, 94705",100
BERKELEY,Alameda,2023,,055 185000600,2526 Piedmont Ave,,B2022-05694,ADU,Renter,0,0,0,0,0,0,0,0,0,1,0,2023-05-01,1,0,0,0,0,0,0,0,0,0,1,0,2023-05-01,1,0,0,0,0,0,0,0,0,0,0,0,,0,0,NONE,0,Y,,,ABAG ADU Affordability Methodlogy,,0,0,0,0,0,,,,37.864900,-122.251537,"2526 Piedmont Ave, Berkeley, California, 94704",100
BERKELEY,Alameda,2023,,052 156318200,2724 Alcatraz Ave,,B2021-04796,ADU,Renter,0,0,0,0,0,0,0,0,0,0,0,,0,0,0,0,0,0,0,0,0,0,0,0,,0,0,0,0,0,0,0,0,0,0,1,0,2023-03-28,1,0,NONE,0,Y,,,ABAG ADU Affordability Methodlogy,,0,0,0,0,0,,,,37.851584,-122.251308,"2724 Alcatraz Ave, Berkeley, California, 94705",100
BERKELEY,Alameda,2023,,063 295800400,30 Alamo Ave,,B2023-01505,ADU,Renter,0,0,0,0,0,0,0,0,0,0,0,,0,0,0,0,0,0,0,0,0,0,0,0,,0,0,0,0,0,0,0,0,0,0,1,0,2023-07-12,1,0,NONE,0,Y,,,ABAG ADU Affordability Methodlogy,,0,0,0,0,0,,,,37.899322,-122.269539,"30 Alamo Ave, Berkeley, California, 94708",100
BERKELEY,Alameda,2023,,053 160103000,3005 Harper St,,B2020-03895,ADU,Renter,0,0,0,0,0,0,0,0,0,0,0,,0,0,0,0,0,0,0,0,0,0,0,0,,0,0,0,0,0,0,0,0,0,0,2,0,2023-08-08,2,0,NONE,0,Y,,,ABAG ADU Affordability Methodlogy,,0,0,0,0,0,,,,37.853898,-122.272109,"3005 Harper St, Berkeley, California, 94703",100
BERKELEY,Alameda,2023,,052 156101300,3038 Benvenue Ave,,B2021-03009,ADU,Renter,0,0,0,0,0,0,0,0,0,0,0,,0,0,0,0,0,0,0,0,0,0,0,0,,0,0,0,0,0,0,0,0,0,0,0,1,2023-01-25,1,0,NONE,0,Y,,,0,,0,0,0,0,0,,,,37.854606,-122.253917,"3038 Benvenue Ave, Berkeley, California, 94705",100
BERKELEY,Alameda,2023,,052 156316800,3139 Eton Ave,,B2019-05267,ADU,Renter,0,0,0,0,0,0,0,0,0,0,0,,0,0,0,0,0,0,0,0,0,0,0,0,,0,0,0,0,0,0,0,0,0,0,0,1,2023-07-18,1,0,NONE,0,Y,,,0,,0,0,0,0,0,,,,37.852791,-122.250375,"3139 Eton Ave, Berkeley, California, 94705",100
BERKELEY,Alameda,2023,,059 233700400,808 Camelia St,,B2022-04888,ADU,Renter,0,0,0,0,0,0,0,0,0,0,0,,0,0,0,0,0,0,0,0,0,0,0,0,,0,0,0,0,0,0,0,0,0,0,0,1,2023-08-16,1,0,NONE,0,Y,,,0,,0,0,0,0,0,,,,37.877469,-122.301405,"808 Camelia St, Berkeley, California, 94710",100
BERKELEY,Alameda,2023,,059 232500400,1434 Fifth St,,B2021-05520,SFD,Owner,0,0,0,0,0,0,0,0,0,0,0,,0,0,0,0,0,0,0,0,0,0,0,0,,0,0,0,0,0,0,0,0,0,0,0,1,2023-09-20,1,0,NONE,0,Y,,,0,,0,0,0,0,0,,,,37.876083,-122.301620,"1434 5th St, Berkeley, California, 94710",100
BERKELEY,Alameda,2023,,063 295202300,0 Cragmont Ave,,ZP2021-0177,SFD,Owner,0,0,0,0,0,0,0,0,0,0,1,2023-04-19,1,0,0,0,0,0,0,0,0,0,0,0,,0,0,0,0,0,0,0,0,0,0,0,0,,0,0,NONE,0,Y,,,0,,0,0,0,0,0,,,,37.891792,-122.262784,"Cragmont Ave, Berkeley, California, 94708",99.049999999999997
BERKELEY,Alameda,2023,,059 232500500,1440 Fifth St,,B2021-05315,SFD,Owner,0,0,0,0,0,0,0,0,0,0,0,,0,0,0,0,0,0,0,0,0,0,0,0,,0,0,0,0,0,0,0,0,0,0,0,1,2023-06-23,1,0,NONE,0,Y,,,0,,0,0,0,0,0,,,,37.875988,-122.301587,"1440 5th St, Berkeley, California, 94710",100
BERKELEY,Alameda,2018,,056 194302300,2411 Fifth St,,B2017-01029,2 to 4,Renter,0,0,0,0,0,0,0,0,0,0,0,,0,0,0,0,0,0,0,0,0,0,0,0,,0,0,0,0,0,0,0,0,0,0,0,2,2018-10-30,2,0,N,0,0,,,0,,0,0,0,0,0,,,,37.861079,-122.296646,"2411 5th St, Berkeley, California, 94710",100
BERKELEY,Alameda,2018,,053 165903000,2817 Eighth St,,B2016-05831,2 to 4,Owner,0,0,0,0,0,0,0,0,0,0,0,,0,0,0,0,0,0,0,0,0,0,0,0,,0,0,0,0,0,0,0,0,0,0,0,4,2018-09-06,4,0,N,0,0,,,0,,0,0,0,0,0,,,,37.854888,-122.291138,"2817 8th St, Berkeley, California, 94710",100
BERKELEY,Alameda,2018,,056 196001404,2001 Fourth Street,,B2016-03894,5+,Renter,0,0,0,0,0,0,0,0,0,0,0,,0,0,0,0,0,0,0,0,0,0,0,0,,0,0,0,0,0,12,0,0,0,0,0,140,2018-07-31,152,0,N,0,0,Other,Other,Deed restricted,1000,0,0,0,0,0,,,,37.866846,-122.299113,"2001 4th St, Berkeley, California, 94710",100
BERKELEY,Alameda,2018,,057 205302201,2012 Berkeley Way,,No ZP,5+,Renter,0,0,0,0,53,0,54,0,34,0,1,2018-12-21,142,0,0,0,0,0,0,0,0,0,0,0,,0,0,0,0,0,0,0,0,0,0,0,0,,0,0,Y,0,0,,DB;INC;Other,0,55,0,0,0,0,0,,,sb-35,37.872711,-122.270125,"2012 Berkeley Way, Berkeley, California, 94704",100
BERKELEY,Alameda,2018,,056 197700605,2100 San Pablo Ave,,ZP2016-0034,5+,Renter,0,0,0,0,0,0,0,0,0,0,96,2018-02-07,96,0,0,0,0,0,0,0,0,0,0,0,,0,0,0,0,0,0,0,0,0,0,0,0,,0,0,N,0,0,,INC,Afffordable Housing Mitigation Fee paid into the Housing Trust Fund in lieu of on-site units,,0,0,0,0,0,,,94 assisted living suites,37.867696,-122.291802,"2100 San Pablo Ave, Berkeley, California, 94702",100
BERKELEY,Alameda,2018,,057 204601000,2111 University,,B2015-03005,5+,Renter,0,0,0,0,0,0,0,0,0,0,0,,0,0,0,0,0,3,0,0,0,0,0,65,2018-06-27,68,0,0,0,0,0,0,0,0,0,0,0,,0,0,N,0,0,Other,Other,0,1000,0,0,0,0,0,,,,37.872260,-122.268031,"2111 University Ave, Berkeley, California, 94704",98.909999999999997
BERKELEY,Alameda,2018,,055 187602100,2542 Durant Ave,,ZP2016-0172,5+,Renter,0,0,0,0,0,0,0,0,0,0,32,2018-06-19,32,0,0,0,0,0,0,0,0,0,0,0,,0,0,0,0,0,0,0,0,0,0,0,0,,0,0,N,0,0,,INC,Afffordable Housing Mitigation Fee paid into the Housing Trust Fund in lieu of on-site units,,0,0,0,0,0,,,,37.867879,-122.257999,"2542 Durant Ave, Berkeley, California, 94704",100
BERKELEY,Alameda,2018,,059 228202900,1407 Cypress St,,B2018-03533,ADU,Renter,0,0,0,0,0,0,0,0,0,0,1,2018-05-23,1,0,0,0,0,0,0,0,0,0,0,1,2018-11-29,1,0,0,0,0,0,0,0,0,0,0,0,,0,0,N,0,0,,,0,,0,0,0,0,0,,,,37.880211,-122.278495,"1407 Cypress St, Berkeley, California, 94703",100
BERKELEY,Alameda,2018,,060 239102900,1444 Neilson St,,B2017-01227,ADU,Renter,0,0,0,0,0,0,0,0,0,0,0,,0,0,0,0,0,0,0,0,0,0,0,1,2018-01-17,1,0,0,0,0,0,0,0,0,0,0,1,2018-12-11,1,0,N,0,0,,,0,,0,0,0,0,0,,,,37.877600,-122.290599,"1444 Neilson St, Berkeley, California, 94702",100
BERKELEY,Alameda,2018,,059 225100500,1518 Hawthorne Ter,,B2015-02601,ADU,Renter,0,0,0,0,0,0,0,0,0,0,0,,0,0,0,0,0,0,0,0,0,0,0,0,,0,0,0,0,0,0,0,0,0,0,0,1,2018-02-26,1,0,N,0,0,,,0,,0,0,0,0,0,,,,37.880715,-122.262495,"1518 Hawthorne Ter, Berkeley, California, 94708",100
BERKELEY,Alameda,2018,,058 215903100,1724 Francisco St,,B2018-03167,ADU,Renter,0,0,0,0,0,0,0,0,0,0,0,,0,0,0,0,0,0,0,0,0,0,0,1,2018-11-14,1,0,0,0,0,0,0,0,0,0,0,0,,0,0,N,0,0,,,0,,0,0,0,0,0,,,,37.874672,-122.276792,"1724 Francisco St, Berkeley, California, 94703",100
BERKELEY,Alameda,2018,,062 288600700,1767 Tacoma Ave.,,ZP2017-0166,ADU,Renter,0,0,0,0,0,0,0,0,0,0,1,2018-03-29,1,0,0,0,0,0,0,0,0,0,0,0,,0,0,0,0,0,0,0,0,0,0,0,0,,0,0,N,0,0,,,0,,0,0,0,0,0,,,,37.892872,-122.281198,"1767 Tacoma Ave, Berkeley, California, 94707",100
BERKELEY,Alameda,2018,,053 168801000,2231 Oregon St,,B2018-01649,ADU,Renter,0,0,0,0,0,0,0,0,0,0,0,,0,0,0,0,0,0,0,0,0,0,0,1,2018-09-13,1,0,0,0,0,0,0,0,0,0,0,0,,0,0,N,0,0,,,0,,0,0,0,0,0,,,,37.858191,-122.262673,"2231 Oregon St, Berkeley, California, 94705",100
BERKELEY,Alameda,2018,,060 247400102,2606 Shasta Rd,,ZP2017-0158,ADU,Renter,0,0,0,0,0,0,0,0,0,0,1,2018-03-19,1,0,0,0,0,0,0,0,0,0,0,0,,0,0,0,0,0,0,0,0,0,0,0,0,,0,0,N,0,0,,,0,,0,0,0,0,0,,,,37.883576,-122.259474,"2606 Shasta Rd, Berkeley, California, 94708",100
BERKELEY,Alameda,2018,,060 249301000,1330 Summit Road,,ZP2015-0111,SFD,Owner,0,0,0,0,0,0,0,0,0,0,1,2018-04-12,1,0,0,0,0,0,0,0,0,0,0,0,,0,0,0,0,0,0,0,0,0,0,0,0,,0,0,N,0,0,,,0,,0,0,0,0,0,,,,37.886486,-122.248654,"1330 Summit Rd, Berkeley, California, 94708",100
BERKELEY,Alameda,2018,,058 224211501,2851 Buena Vista Way,,ZP2017-0145,SFD,Owner,0,0,0,0,0,0,0,0,0,0,1,2018-06-14,1,0,0,0,0,0,0,0,0,0,0,0,,0,0,0,0,0,0,0,0,0,0,0,0,,0,0,N,0,0,,,0,,1,0,0,0,0,,,,37.881951,-122.256345,"2851 Buena Vista Way, Berkeley, California, 94708",100
BERKELEY,Alameda,2018,,056 192101001,2440 Valley St,,B2017-04116,SFD,Owner,0,0,0,0,0,0,0,0,0,0,0,,0,0,0,0,0,0,0,0,0,0,0,1,2018-05-04,1,0,0,0,0,0,0,0,0,0,0,0,,0,0,N,0,0,,,0,,0,0,0,0,0,,,,37.862549,-122.283955,"2440 Valley St, Berkeley, California, 94702",100
BERKELEY,Alameda,2018,,060 246906902,2706 Shasta Rd,,B2017-01399,SFD,Owner,0,0,0,0,0,0,0,0,0,0,0,,0,0,0,0,0,0,0,0,0,0,0,1,2018-01-03,1,0,0,0,0,0,0,0,0,0,0,0,,0,0,N,0,0,,,0,,0,0,0,0,0,,,,37.885952,-122.258846,"2706 Shasta Rd, Berkeley, California, 94708",100
BERKELEY,Alameda,2021,,057 208601300,1173 Hearst,,B2020-02941,2 to 4,Renter,0,0,0,0,0,0,0,0,0,0,0,,0,0,0,0,0,0,0,0,0,0,0,2,2021-04-13,2,0,0,0,0,0,0,0,0,0,0,0,,0,0,N,0,Y,,Other,0,,0,0,0,0,0,,,,37.870877,-122.290341,"1173 Hearst Ave, Berkeley, California, 94702",98.909999999999997
BERKELEY,Alameda,2021,,055 187000300,2737 Durant,,ZP2020-0016,2 to 4,Renter,0,0,0,0,0,0,0,0,0,0,4,2021-06-16,4,0,0,0,0,0,0,0,0,0,0,0,,0,0,0,0,0,0,0,0,0,0,0,0,,0,0,N,0,0,,,0,,0,0,0,0,0,,,,37.868631,-122.252716,"2737 Durant Ave, Berkeley, California, 94704",98.909999999999997
BERKELEY,Alameda,2021,,055 182201303,2015 Blake,,ZP2020-0072,5+,Renter,0,0,0,0,9,0,2,0,0,0,150,2021-09-23,161,0,0,0,0,0,0,0,0,0,0,0,,0,0,0,0,0,0,0,0,0,0,0,0,,0,0,N,0,0,,DB,0,,0,0,0,35,8,Development Standards Modification,Y,,37.862831,-122.269202,"2015 Blake St, Berkeley, California, 94704",98.909999999999997
BERKELEY,Alameda,2021,,059 231502700,1526 Sixth,,ZP2018-0086,5+,Renter,0,0,0,0,0,0,0,0,0,0,0,,0,0,0,0,0,0,0,0,0,0,0,0,,0,0,0,0,0,0,0,0,0,0,0,1,2021-02-09,1,0,N,0,0,,,0,,0,0,0,0,0,,,,37.874244,-122.299725,"1526 6th St, Berkeley, California, 94710",98.909999999999997
BERKELEY,Alameda,2021,,059 233201700,1071 Page,,B2020-03820,ADU,Renter,0,0,0,0,0,0,0,0,0,0,1,2021-11-30,1,0,0,0,0,0,0,0,0,0,0,1,2021-11-30,1,0,0,0,0,0,0,0,0,0,0,0,,0,0,N,0,0,,,0,,0,0,0,0,0,,,,37.877446,-122.295579,"1071 Page St, Berkeley, California, 94710",98.909999999999997
BERKELEY,Alameda,2021,,061 260500700,1116 The Alameda,,B2021-02133,ADU,Renter,0,0,0,0,0,0,0,0,0,0,1,2021-09-02,1,0,0,0,0,0,0,0,0,0,0,1,2021-09-02,1,0,0,0,0,0,0,0,0,0,0,0,,0,0,N,0,0,,,0,,0,0,0,0,0,,,,37.887290,-122.276195,"1116 The Alameda, Berkeley, California, 94707",100
BERKELEY,Alameda,2021,,054 178701000,1209 Derby,,B2020-01244,ADU,Renter,0,0,0,0,0,0,0,0,0,0,0,,0,0,0,0,0,0,0,0,0,0,0,0,,0,0,0,0,0,0,0,0,0,0,0,1,2021-03-11,1,0,N,0,0,,,0,,0,0,0,0,0,,,,37.857961,-122.286171,"1209 Derby St, Berkeley, California, 94702",98.909999999999997
BERKELEY,Alameda,2021,,060 245100900,1316 Milvia,,B2019-03350,ADU,Renter,0,0,0,0,0,0,0,0,0,0,0,,0,0,0,0,0,0,0,0,0,0,0,0,,0,0,0,0,0,0,0,0,0,0,0,1,2021-03-26,1,0,N,0,0,,,0,,0,0,0,0,0,,,,37.882853,-122.271980,"1316 Milvia St, Berkeley, California, 94709",98.909999999999997
BERKELEY,Alameda,2021,,059 228500600,1414 Holly,,B2019-04410,ADU,Renter,0,0,0,0,0,0,0,0,0,0,0,,0,0,0,0,0,0,0,0,0,0,0,0,,0,0,0,0,0,0,0,0,0,0,0,1,2021-10-26,1,0,N,0,0,,,0,,0,0,0,0,0,,,,37.878733,-122.281807,"1414 Holly St, Berkeley, California, 94703",98.909999999999997
BERKELEY,Alameda,2021,,059 227000600,1414 M L King Jr,,B2018-02818,ADU,Renter,0,0,0,0,0,0,0,0,0,0,0,,0,0,0,0,0,0,0,0,0,0,0,0,,0,0,0,0,0,0,0,0,0,0,0,1,2021-02-09,1,0,N,0,0,,,0,,0,0,0,0,0,,,,37.880849,-122.274037,"1414 Martin Luther King Jr Way, Berkeley, California, 94709",98.909999999999997
BERKELEY,Alameda,2021,,054 179402700,1440 Parker,,B2018-00101,ADU,Renter,0,0,0,0,0,0,0,0,0,0,0,,0,0,0,0,0,0,0,0,0,0,0,0,,0,0,0,0,0,0,0,0,0,0,0,1,2021-07-29,1,0,N,0,0,,,0,,0,0,0,0,0,,,,37.860388,-122.281047,"1440 Parker St, Berkeley, California, 94702",98.909999999999997
BERKELEY,Alameda,2021,,053 161201800,1505 Tyler,,B2019-01035,ADU,Renter,0,0,0,0,0,0,0,0,0,0,0,,0,0,0,0,0,0,0,0,0,0,0,0,,0,0,0,0,0,0,0,0,0,0,0,1,2021-05-03,1,0,N,0,0,,,0,,0,0,0,0,0,,,,37.852444,-122.278614,"1505 Tyler St, Berkeley, California, 94703",98.909999999999997
BERKELEY,Alameda,2021,,059 225600700,1512 Spruce,,B2021-01987,ADU,Renter,0,0,0,0,0,0,0,0,0,0,1,2021-10-21,1,0,0,0,0,0,0,0,0,0,0,1,2021-10-21,1,0,0,0,0,0,0,0,0,0,0,0,,0,0,N,0,0,,,0,,0,0,0,0,0,,,,37.880099,-122.265899,"1512 Spruce St, Berkeley, California, 94709",98.909999999999997
BERKELEY,Alameda,2021,,052 143802900,1522 Alcatraz,,B2018-00936,ADU,Renter,0,0,0,0,0,0,0,0,0,0,0,,0,0,0,0,0,0,0,0,0,0,0,0,,0,0,0,0,0,0,0,0,0,0,0,1,2021-06-18,1,0,N,0,0,,,0,,0,0,0,0,0,,,,37.848005,-122.276718,"1522 Alcatraz Ave, Berkeley, California, 94703",98.909999999999997
BERKELEY,Alameda,2021,,054 179702401,1536 Dwight,,B2020-00794,ADU,Renter,0,0,0,0,0,0,0,0,0,0,0,,0,0,0,0,0,0,0,0,0,0,0,0,,0,0,0,0,0,0,0,0,0,0,0,1,2021-06-18,1,0,N,0,0,,,0,,0,0,0,0,0,,,,37.862372,-122.279487,"1536 Dwight Way, Berkeley, California, 94703",98.909999999999997
BERKELEY,Alameda,2021,,058 215803000,1618 Francisco,,B2020-01421,ADU,Renter,0,0,0,0,0,0,0,0,0,0,1,2021-04-01,1,0,0,0,0,0,0,0,0,0,0,1,2021-04-01,1,0,0,0,0,0,0,0,0,0,0,0,,0,0,N,0,0,,,0,,0,0,0,0,0,,,,37.874350,-122.279259,"1618 Francisco St, Berkeley, California, 94703",98.909999999999997
BERKELEY,Alameda,2021,,058 215903300,1730 Francisco,,B2018-05070,ADU,Renter,0,0,0,0,0,0,0,0,0,0,0,,0,0,0,0,0,0,0,0,0,0,0,0,,0,0,0,0,0,0,0,0,0,0,0,1,2021-01-07,1,0,N,0,0,,,0,,0,0,0,0,0,,,,37.874703,-122.276537,"1730 Francisco St, Berkeley, California, 94703",98.909999999999997
BERKELEY,Alameda,2021,,058 216702200,1814 Virginia,,B2020-01259,ADU,Renter,0,0,0,0,0,0,0,0,0,0,0,,0,0,0,0,0,0,0,0,0,0,0,0,,0,0,0,0,0,0,0,0,0,0,0,1,2021-06-17,1,0,N,0,0,,,0,,0,0,0,0,0,,,,37.875785,-122.275190,"1814 Virginia St, Berkeley, California, 94703",98.909999999999997
BERKELEY,Alameda,2021,,052 155001300,1821 Woolsey,,B2020-01376,ADU,Renter,0,0,0,0,0,0,0,0,0,0,0,,0,0,0,0,0,0,0,0,0,0,0,0,,0,0,0,0,0,0,0,0,0,0,0,1,2021-07-07,1,0,N,0,0,,,0,,0,0,0,0,0,,,,37.851499,-122.271730,"1821 Woolsey St, Berkeley, California, 94703",98.909999999999997
BERKELEY,Alameda,2021,,056 196800800,2114 Eighth,,B2020-02428,ADU,Renter,0,0,0,0,0,0,0,0,0,0,1,2021-05-04,1,0,0,0,0,0,0,0,0,0,0,1,2021-05-04,1,0,0,0,0,0,0,0,0,0,0,0,,0,0,N,0,0,,,0,,0,0,0,0,0,,,,37.866538,-122.294946,"2114 8th St, Berkeley, California, 94710",98.909999999999997
BERKELEY,Alameda,2021,,056 200801101,2220 Mcgee,,B2020-03174,ADU,Renter,0,0,0,0,0,0,0,0,0,0,1,2021-07-21,1,0,0,0,0,0,0,0,0,0,0,1,2021-07-21,1,0,0,0,0,0,0,0,0,0,0,0,,0,0,N,0,0,,,0,,0,0,0,0,0,,,,37.867394,-122.277174,"2220 McGee Ave, Berkeley, California, 94703",98.909999999999997
BERKELEY,Alameda,2021,,059 225300300,2312 Rose,,B2021-03186,ADU,Renter,0,0,0,0,0,0,0,0,0,0,1,2021-10-14,1,0,0,0,0,0,0,0,0,0,0,1,2021-10-14,1,0,0,0,0,0,0,0,0,0,0,0,,0,0,N,0,0,,,0,,0,0,0,0,0,,,,37.883041,-122.264443,"2312 Rose St, Berkeley, California, 94708",98.909999999999997
BERKELEY,Alameda,2021,,055 190101600,2337 Mckinley,,B2021-00301,ADU,Renter,0,0,0,0,0,0,0,0,0,0,1,2021-06-24,1,0,0,0,0,0,0,0,0,0,0,1,2021-06-24,1,0,0,0,0,0,0,0,0,0,0,0,,0,0,N,0,0,,,0,,0,0,0,0,0,,,,37.865480,-122.273475,"2337 McKinley Ave, Berkeley, California, 94703",98.909999999999997
BERKELEY,Alameda,2021,,056 193202300,2407 Tenth,,B2020-01988,ADU,Renter,0,0,0,0,0,0,0,0,0,0,0,,0,0,0,0,0,0,0,0,0,0,0,0,,0,0,0,0,0,0,0,0,0,0,0,1,2021-09-02,1,0,N,0,0,,,0,,0,0,0,0,0,,,,37.862318,-122.291158,"2407 10th St, Berkeley, California, 94710",98.909999999999997
BERKELEY,Alameda,2021,,055 190302300,2425 Grant,,B2020-00577,ADU,Renter,0,0,0,0,0,0,0,0,0,0,0,,0,0,0,0,0,0,0,0,0,0,0,0,,0,0,0,0,0,0,0,0,0,0,0,1,2021-02-01,1,0,N,0,0,,,0,,0,0,0,0,0,,,,37.863880,-122.274463,"2425 Grant St, Berkeley, California, 94703",98.909999999999997
BERKELEY,Alameda,2021,,054 174207200,2725 Mathews,,B2020-01744,ADU,Renter,0,0,0,0,0,0,0,0,0,0,0,,0,0,0,0,0,0,0,0,0,0,0,0,,0,0,0,0,0,0,0,0,0,0,0,1,2021-05-07,1,0,N,0,0,,,0,,0,0,0,0,0,,,,37.856927,-122.286072,"2725 Mathews St, Berkeley, California, 94702",98.909999999999997
BERKELEY,Alameda,2021,,054 174204800,2758 Mathews,,B2020-03792,ADU,Renter,0,0,0,0,0,0,0,0,0,0,1,2021-02-09,1,0,0,0,0,0,0,0,0,0,0,1,2021-02-09,1,0,0,0,0,0,0,0,0,0,0,0,,0,0,N,0,0,,,0,,0,0,0,0,0,,,,37.855875,-122.285861,"2758 Mathews St, Berkeley, California, 94702",98.909999999999997
BERKELEY,Alameda,2021,,063 299100100,2854 Shasta,,B2021-02151,ADU,Renter,0,0,0,0,0,0,0,0,0,0,1,2021-10-21,1,0,0,0,0,0,0,0,0,0,0,1,2021-10-21,1,0,0,0,0,0,0,0,0,0,0,0,,0,0,N,0,0,,,0,,0,0,0,0,0,,,,37.887790,-122.254774,"2854 Shasta Rd, Berkeley, California, 94708",98.909999999999997
BERKELEY,Alameda,2021,,052 154700600,3136 Ellis,,B2020-02422,ADU,Renter,0,0,0,0,0,0,0,0,0,0,1,2021-04-06,1,0,0,0,0,0,0,0,0,0,0,1,2021-04-06,1,0,0,0,0,0,0,0,0,0,0,0,,0,0,N,0,0,,,0,,0,0,0,0,0,,,,37.850864,-122.272895,"3136 Ellis St, Berkeley, California, 94703",98.909999999999997
BERKELEY,Alameda,2021,,064 429501200,40 Hillcrest,,B2021-03087,ADU,Renter,0,0,0,0,0,0,0,0,0,0,1,2021-10-19,1,0,0,0,0,0,0,0,0,0,0,1,2021-10-19,1,0,0,0,0,0,0,0,0,0,0,0,,0,0,N,0,0,,,0,,0,0,0,0,0,,,,37.852506,-122.247773,"40 Hillcrest Rd, Berkeley, California, 94705",98.909999999999997
BERKELEY,Alameda,2021,,061 257402400,961 The Alameda,,B2021-00688,ADU,Owner,0,0,0,0,0,0,0,0,0,0,0,,0,0,0,0,0,0,0,0,0,0,0,1,2021-05-14,1,0,0,0,0,0,0,0,0,0,0,0,,0,0,N,0,0,,,0,,0,0,0,0,0,,,,37.889475,-122.276618,"961 The Alameda, Berkeley, California, 94707",100
BERKELEY,Alameda,2021,,060 248201000,0 Queens,,B2017-03352,SFD,Renter,0,0,0,0,0,0,0,0,0,0,0,,0,0,0,0,0,0,0,0,0,0,0,0,,0,0,0,0,0,0,0,0,0,0,0,1,2021-09-14,1,0,N,0,0,,,0,,0,0,0,0,0,,,,37.885355,-122.253021,"Queens Rd, Berkeley, California, 94708",96.75
BERKELEY,Alameda,2021,,053 167402901,1632 Stuart,,B2020-00314,SFD,Renter,0,0,0,0,0,0,0,0,0,0,0,,0,0,0,0,0,0,0,0,0,0,0,1,2021-01-07,1,0,0,0,0,0,0,0,0,0,0,0,,0,0,N,0,0,,,0,,0,0,0,0,0,,,,37.857362,-122.276103,"1632 Stuart St, Berkeley, California, 94703",98.909999999999997
BERKELEY,Alameda,2021,,058 212102200,1641 Seventh,,B2019-03539,SFD,Renter,0,0,0,0,0,0,0,0,0,0,0,,0,0,0,0,0,0,0,0,0,0,0,0,,0,0,0,0,0,0,0,0,0,0,0,1,2021-08-20,1,0,N,0,0,,,0,,0,0,0,0,0,,,,37.872934,-122.298137,"1641 7th St, Berkeley, California, 94710",98.909999999999997
BERKELEY,Alameda,2021,,063 296903438,75 Latham,,ZP2020-0160,SFD,Owner,0,0,0,0,0,0,0,0,0,0,1,2021-06-02,1,0,0,0,0,0,0,0,0,0,0,0,,0,0,0,0,0,0,0,0,0,0,0,0,,0,0,N,0,0,,,0,,0,0,0,0,0,,,,37.893678,-122.258304,"75 Latham Ln, Berkeley, California, 94708",98.909999999999997
BERKELEY,Alameda,2021,,063 296903402,65 Latham,,ZP2020-0159,SFD,Owner,0,0,0,0,0,0,0,0,0,0,1,2021-06-02,1,0,0,0,0,0,0,0,0,0,0,0,,0,0,0,0,0,0,0,0,0,0,0,0,,0,0,N,0,0,,,0,,0,0,0,0,0,,,,37.893571,-122.258377,"65 Latham Ln, Berkeley, California, 94708",98.909999999999997
BERKELEY,Alameda,2021,,056 192801900,2435 San Pablo,,ZP2018-0229,5+,Renter,0,0,0,0,0,0,0,0,0,0,42,2021-01-22,42,0,0,0,0,0,0,0,0,0,0,0,,0,0,0,0,0,0,0,0,0,0,0,0,,0,0,N,0,0,,,0,,0,0,0,0,0,,,,37.861446,-122.289567,"2435 San Pablo Ave, Berkeley, California, 94702",98.909999999999997
BERKELEY,Alameda,2022,,057 202201900,1950 ADDISON,,,5+,Renter,0,0,0,0,0,0,0,0,0,0,0,,0,0,0,0,0,0,0,0,0,0,0,0,,0,0,0,0,0,4,0,0,0,0,0,103,2022-08-09,107,0,N,0,Y,,DB,0,1000,0,0,0,20,2,Development Standards Modification,N,,37.870695,-122.271787,"1950 Addison St, Berkeley, California, 94704",98.909999999999997
BERKELEY,Alameda,2022,,057 202501300,2000 UNIVERSITY,,,5+,Renter,0,0,0,0,0,0,0,0,0,0,0,,0,0,0,0,0,7,0,0,0,0,0,75,2022-12-22,82,0,0,0,0,0,0,0,0,0,0,0,,0,0,N,0,Y,,DB,0,1000,2,0,0,32.5,5,Development Standards Modification,Y,,37.871799,-122.270525,"2000 University Ave, Berkeley, California, 94704",98.909999999999997
BERKELEY,Alameda,2022,,057 205302201,2012 BERKELEY,,,5+,Renter,0,0,0,0,0,0,0,0,0,0,0,,0,0,0,0,0,0,0,0,0,0,0,0,,0,0,0,0,0,107,0,34,0,0,0,1,2022-09-23,142,53,Y,0,Y,"SHMHP, LIHTC, NPLH, Other, PBS8, CDLAC, AHP, AHSC",DB;Other,0,55,0,0,0,35,2,Development Standards Modification,N,"Other: City of Berkeley HTF, Alameda County A1 Bond Funds, HCD Housing for a Healthy California; Other - City Regulatory Agreement (VLI/LI Households)",37.872711,-122.270125,"2012 Berkeley Way, Berkeley, California, 94704",98.909999999999997
BERKELEY,Alameda,2022,,057 204600802,2145 UNIVERSITY,,,5+,Renter,0,0,0,0,0,0,0,0,0,0,0,,0,0,0,0,0,0,0,0,0,0,0,0,,0,0,0,0,0,0,0,0,0,0,0,35,2022-10-20,35,0,N,0,Y,,,0,,0,0,0,0,0,,,,37.872351,-122.267327,"2145 University Ave, Berkeley, California, 94704",98.909999999999997
BERKELEY,Alameda,2022,,054 171900100,2701 SHATTUCK,,,5+,Renter,0,0,0,0,0,0,0,0,0,0,0,,0,0,0,0,0,5,0,0,0,0,0,52,2022-06-22,57,0,0,0,0,0,0,0,0,0,0,0,,0,0,N,0,Y,,DB,0,1000,0,0,0,35,3,Development Standards Modification,Y,,37.860010,-122.266982,"2701 Shattuck Ave, Berkeley, California, 94705",98.909999999999997
BERKELEY,Alameda,2022,,056 194500600,739 CHANNING,,,5+,Renter,0,0,0,0,0,0,0,0,0,0,0,,0,0,0,0,0,0,0,0,0,0,0,0,,0,0,0,0,0,0,0,0,0,0,0,13,2022-05-13,13,0,N,0,Y,,,0,,0,0,0,0,0,,,,37.861489,-122.297079,"739 Channing Way, Berkeley, California, 94710",98.909999999999997
BERKELEY,Alameda,2022,,053 160602600,1628 TYLER,,,ADU,Renter,0,0,0,0,0,0,0,0,0,0,0,,0,0,0,0,0,0,0,0,0,0,0,0,,0,0,0,0,0,0,0,0,0,0,0,1,2022-11-17,1,0,N,0,Y,,,0,,0,0,0,0,0,,,,37.852808,-122.275380,"1628 Tyler St, Berkeley, California, 94703",98.909999999999997
BERKELEY,Alameda,2022,,063 296103200,915 REGAL,,,ADU,Renter,0,0,0,0,0,0,0,0,0,0,0,,0,0,0,0,0,0,0,0,0,0,0,0,,0,0,0,0,0,0,0,0,0,0,0,1,2022-04-26,1,0,N,0,Y,,,0,,0,0,0,0,0,,,,37.894312,-122.264695,"915 Regal Rd, Berkeley, California, 94708",98.909999999999997
BERKELEY,Alameda,2022,,061 260901400,1825 SONOMA,,,ADU,Renter,0,0,0,0,0,0,0,0,0,0,0,,0,0,0,0,0,0,0,0,0,0,0,0,,0,0,0,0,0,0,0,0,0,0,0,1,2022-09-28,1,0,N,0,Y,,,0,,0,0,0,0,0,,,,37.885606,-122.277289,"1825 Sonoma Ave, Berkeley, California, 94707",98.909999999999997
BERKELEY,Alameda,2022,,058 218701900,1677 ARCH,,,ADU,Renter,0,0,0,0,0,0,0,0,0,0,0,,0,0,0,0,0,0,0,0,0,0,0,0,,0,0,0,0,0,0,0,0,0,0,0,1,2022-04-20,1,0,N,0,Y,,,0,,0,0,0,0,0,,,,37.877769,-122.264304,"1677 Arch St, Berkeley, California, 94709",98.909999999999997
BERKELEY,Alameda,2022,,061 257402400,961 THE ALAMEDA,,,ADU,Renter,0,0,0,0,0,0,0,0,0,0,0,,0,0,0,0,0,0,0,0,0,0,0,0,,0,0,0,0,0,0,0,0,0,0,0,1,2022-05-12,1,0,N,0,Y,,,0,,0,0,0,0,0,,,,37.889475,-122.276618,"961 The Alameda, Berkeley, California, 94707",100
BERKELEY,Alameda,2022,,054 179602600,1420 DWIGHT,,,ADU,Renter,0,0,0,0,0,0,0,0,0,0,0,,0,0,0,0,0,0,0,0,0,0,0,0,,0,0,0,0,0,0,0,0,0,0,0,1,2022-07-22,1,0,N,0,Y,,,0,,0,0,0,0,0,,,,37.861976,-122.282534,"1420 Dwight Way, Berkeley, California, 94702",98.909999999999997
BERKELEY,Alameda,2022,,062 292002800,1963 YOSEMITE,,,ADU,Renter,0,0,0,0,0,0,0,0,0,0,0,,0,0,0,0,0,0,0,0,0,0,0,0,,0,0,0,0,0,0,0,0,0,0,0,1,2022-09-27,1,0,N,0,Y,,,0,,0,0,0,0,0,,,,37.895790,-122.276422,"1963 Yosemite Rd, Berkeley, California, 94707",98.909999999999997
BERKELEY,Alameda,2022,,B2021-03815,2631 WEBSTER,,,ADU,Renter,0,0,0,0,0,0,0,0,0,0,0,,0,0,0,0,0,0,0,0,0,0,0,1,2022-08-26,1,0,0,0,0,0,0,0,0,0,0,0,,0,0,N,0,Y,,,0,,0,0,0,0,0,,,,37.856015,-122.253683,"2631 Webster St, Berkeley, California, 94705",98.909999999999997
BERKELEY,Alameda,2022,,059 233700400,808 CAMELIA,,,ADU,Renter,0,0,0,0,0,0,0,0,0,0,0,,0,0,0,0,0,0,0,0,0,0,0,1,2022-12-21,1,0,0,0,0,0,0,0,0,0,0,0,,0,0,N,0,Y,,,0,,0,0,0,0,0,,,,37.877469,-122.301405,"808 Camelia St, Berkeley, California, 94710",98.909999999999997
BERKELEY,Alameda,2022,,060 240901700,1241 TALBOT,,,ADU,Renter,0,0,0,0,0,0,0,0,0,0,0,,0,0,0,0,0,0,0,0,0,0,0,1,2022-03-29,1,0,0,0,0,0,0,0,0,0,0,0,,0,0,N,0,Y,,,0,,0,0,0,0,0,,,,37.881451,-122.292439,"1241 Talbot Ave, Albany, California, 94706",98.879999999999995
BERKELEY,Alameda,2022,,060 242900200,1570 POSEN,,,ADU,Renter,0,0,0,0,0,0,0,0,0,0,0,,0,0,0,0,0,0,0,0,0,0,0,1,2022-03-29,1,0,0,0,0,0,0,0,0,0,0,0,,0,0,N,0,Y,,,0,,0,0,0,0,0,,,,37.884916,-122.281606,"1570 Posen Ave, Albany, California, 94706",98.879999999999995
BERKELEY,Alameda,2022,,060 248703100,131 AVENIDA,,,ADU,Renter,0,0,0,0,0,0,0,0,0,0,0,,0,0,0,0,0,0,0,0,0,0,0,1,2022-11-08,1,0,0,0,0,0,0,0,0,0,0,0,,0,0,N,0,Y,,,0,,0,0,0,0,0,,,,37.883980,-122.249430,"131 Avenida Dr, Berkeley, California, 94708",98.909999999999997
BERKELEY,Alameda,2022,,061 260202700,842 THE ALAMEDA,,,ADU,Renter,0,0,0,0,0,0,0,0,0,0,0,,0,0,0,0,0,0,0,0,0,0,0,1,2022-03-16,1,0,0,0,0,0,0,0,0,0,0,0,,0,0,N,0,Y,,,0,,0,0,0,0,0,,,,37.892571,-122.277365,"842 The Alameda, Berkeley, California, 94707",100
BERKELEY,Alameda,2022,,064 424001700,20 OAKVALE,,,ADU,Renter,0,0,0,0,0,0,0,0,0,0,0,,0,0,0,0,0,0,0,0,0,0,0,1,2022-05-05,1,0,0,0,0,0,0,0,0,0,0,0,,0,0,N,0,Y,,,0,,0,0,0,0,0,,,,37.855597,-122.246069,"20 Oakvale Ave, Berkeley, California, 94705",98.909999999999997
BERKELEY,Alameda,2022,,053 169502101,2819 BENVENUE,,,ADU,Renter,0,0,0,0,0,0,0,0,0,0,0,,0,0,0,0,0,0,0,0,0,0,0,1,2022-01-10,1,0,0,0,0,0,0,0,0,0,0,0,,0,0,N,0,Y,,,0,,0,0,0,0,0,,,,37.859096,-122.254470,"2819 Benvenue Ave, Berkeley, California, 94705",98.909999999999997
BERKELEY,Alameda,2022,,059 232500400,776 PAGE,,,SFD,Renter,0,0,0,0,0,0,0,0,0,0,0,,0,0,0,0,0,0,0,0,0,0,0,1,2022-06-03,1,0,0,0,0,0,0,0,0,0,0,0,,0,0,N,0,Y,,,0,,1,0,0,0,0,,,,37.876128,-122.301732,"776 Page St, Berkeley, California, 94710",98.909999999999997
BERKELEY,Alameda,2022,,063 295205000,27 ALAMO,,,SFD,Renter,0,0,0,0,0,0,0,0,0,0,0,,0,0,0,0,0,0,0,0,0,0,0,0,,0,0,0,0,0,0,0,0,0,0,0,1,2022-07-11,1,0,N,0,Y,,,0,,0,0,0,0,0,,,,37.899272,-122.269893,"27 Alamo Ave, Berkeley, California, 94708",98.909999999999997
BERKELEY,Alameda,2020,,060 239301500,1159 Hopkins,,B2019-05628,ADU,Renter,0,0,0,0,0,0,0,0,0,0,1,2020-09-29,1,0,0,0,0,0,0,0,0,0,0,1,2020-09-29,1,0,0,0,0,0,0,0,0,0,0,0,,0,0,N,0,0,,,0,,0,0,0,0,0,,,,37.876318,-122.291999,"1159 Hopkins St, Berkeley, California, 94702",98.909999999999997
BERKELEY,Alameda,2020,,054 178701600,1204 Carleton,,B2020-01013,ADU,Renter,0,0,0,0,0,0,0,0,0,0,1,2020-07-14,1,0,0,0,0,0,0,0,0,0,0,1,2020-07-14,1,0,0,0,0,0,0,0,0,0,0,0,,0,0,N,0,0,,,0,,0,0,0,0,0,,,,37.858783,-122.286459,"1204 Carleton St, Berkeley, California, 94702",98.909999999999997
BERKELEY,Alameda,2020,,060 244603200,1211 Josephine,,B2016-01248-REV02,ADU,Renter,0,0,0,0,0,0,0,0,0,0,1,2020-03-02,1,0,0,0,0,0,0,0,0,0,0,1,2020-03-02,1,0,0,0,0,0,0,0,0,0,0,0,,0,0,N,0,0,,,0,,0,0,0,0,0,,,,37.884396,-122.275505,"1211 Josephine St, Berkeley, California, 94703",98.909999999999997
BERKELEY,Alameda,2020,,060 242301800,1315 Ordway,,B2019-03691,ADU,Renter,0,0,0,0,0,0,0,0,0,0,1,2020-09-03,1,0,0,0,0,0,0,0,0,0,0,1,2020-09-03,1,0,0,0,0,0,0,0,0,0,0,0,,0,0,N,0,0,,,0,,0,0,0,0,0,,,,37.880052,-122.286901,"1315 Ordway St, Berkeley, California, 94702",98.909999999999997
BERKELEY,Alameda,2020,,060 245100900,1316 Milvia,,B2019-03350,ADU,Renter,0,0,0,0,0,0,0,0,0,0,1,2020-04-02,1,0,0,0,0,0,0,0,0,0,0,1,2020-04-02,1,0,0,0,0,0,0,0,0,0,0,0,,0,0,N,0,0,,,0,,0,0,0,0,0,,,,37.882853,-122.271980,"1316 Milvia St, Berkeley, California, 94709",98.909999999999997
BERKELEY,Alameda,2020,,059 233801000,1420 Fifth,,B2020-01978,ADU,Renter,0,0,0,0,0,0,0,0,0,0,1,2020-11-04,1,0,0,0,0,0,0,0,0,0,0,1,2020-11-04,1,0,0,0,0,0,0,0,0,0,0,0,,0,0,N,0,0,,,0,,0,0,0,0,0,,,,37.876630,-122.301733,"1420 5th St, Berkeley, California, 94710",98.909999999999997
BERKELEY,Alameda,2020,,060 239600900,1422 Kains,,B2019-03603,ADU,Renter,0,0,0,0,0,0,0,0,0,0,1,2020-02-21,1,0,0,0,0,0,0,0,0,0,0,1,2020-02-21,1,0,0,0,0,0,0,0,0,0,0,1,2020-11-17,1,0,N,0,0,,,0,,0,0,0,0,0,,,,37.878058,-122.294078,"1422 Kains Ave, Berkeley, California, 94702",98.909999999999997
BERKELEY,Alameda,2020,,057 207600700,1442 Delaware,,B2018-03476,ADU,Renter,0,0,0,0,0,0,0,0,0,0,0,,0,0,0,0,0,0,0,0,0,0,0,0,,0,0,0,0,0,0,0,0,0,0,0,1,2020-01-24,1,0,N,0,0,,,0,,0,0,0,0,0,,,,37.872994,-122.282595,"1442 Delaware St, Berkeley, California, 94702",98.909999999999997
BERKELEY,Alameda,2020,,059 224801400,1445 Euclid,,B2020-00043,ADU,Renter,0,0,0,0,0,0,0,0,0,0,1,2020-06-01,1,0,0,0,0,0,0,0,0,0,0,1,2020-06-01,1,0,0,0,0,0,0,0,0,0,0,0,,0,0,N,0,0,,,0,,0,0,0,0,0,,,,37.882268,-122.261529,"1445 Euclid Ave, Berkeley, California, 94708",98.909999999999997
BERKELEY,Alameda,2020,,060 239403000,1462 Stannage,,B2019-01994,ADU,Renter,0,0,0,0,0,0,0,0,0,0,0,,0,0,0,0,0,0,0,0,0,0,0,0,,0,0,0,0,0,0,0,0,0,0,0,1,2020-05-26,1,0,N,0,0,,,0,,0,0,0,0,0,,,,37.876998,-122.292841,"1462 Stannage Ave, Berkeley, California, 94702",98.909999999999997
BERKELEY,Alameda,2020,,053 161201800,1505 Tyler,,B2019-01035,ADU,Renter,0,0,0,0,0,0,0,0,0,0,1,2020-03-24,1,0,0,0,0,0,0,0,0,0,0,1,2020-03-24,1,0,0,0,0,0,0,0,0,0,0,0,,0,0,N,0,0,,,0,,0,0,0,0,0,,,,37.852444,-122.278614,"1505 Tyler St, Berkeley, California, 94703",98.909999999999997
BERKELEY,Alameda,2020,,064 422900300,151 Tunnel,,B2020-01212,ADU,Renter,0,0,0,0,0,0,0,0,0,0,1,2020-07-30,1,0,0,0,0,0,0,0,0,0,0,1,2020-07-30,1,0,0,0,0,0,0,0,0,0,0,0,,0,0,N,0,0,,,0,,0,0,0,0,0,,,,37.855188,-122.238032,"151 Tunnel Rd, Berkeley, California, 94705",98.909999999999997
BERKELEY,Alameda,2020,,059 227702200,1512 North,,B2019-05151,ADU,Renter,0,0,0,0,0,0,0,0,0,0,1,2020-07-15,1,0,0,0,0,0,0,0,0,0,0,1,2020-07-15,1,0,0,0,0,0,0,0,0,0,0,0,,0,0,N,0,0,,,0,,0,0,0,0,0,,,,37.878420,-122.278101,"1512 North St, Berkeley, California, 94703",98.909999999999997
BERKELEY,Alameda,2020,,061 262000300,1534 Beverly,,B2019-02804,ADU,Renter,0,0,0,0,0,0,0,0,0,0,0,,0,0,0,0,0,0,0,0,0,0,0,0,,0,0,0,0,0,0,0,0,0,0,0,1,2020-10-23,1,0,N,0,0,,,0,,0,0,0,0,0,,,,37.885892,-122.282237,"1534 Beverly Pl, Albany, California, 94706",98.879999999999995
BERKELEY,Alameda,2020,,054 179702300,1534 Dwight,,B2020-01851,ADU,Renter,0,0,0,0,0,0,0,0,0,0,1,2020-08-20,1,0,0,0,0,0,0,0,0,0,0,1,2020-08-20,1,0,0,0,0,0,0,0,0,0,0,0,,0,0,N,0,0,,,0,,0,0,0,0,0,,,,37.862352,-122.279638,"1534 Dwight Way, Berkeley, California, 94703",98.909999999999997
BERKELEY,Alameda,2020,,058 218100600,1734 Spruce,,B2018-02640,5+,Renter,0,0,0,0,0,0,0,0,0,0,0,,0,0,0,0,0,0,0,0,0,0,0,0,,0,0,0,0,0,0,0,0,0,0,0,1,2020-12-15,1,0,N,0,0,,,0,,0,0,0,0,0,,,,37.876328,-122.265428,"1734 Spruce St, Berkeley, California, 94709",98.909999999999997
BERKELEY,Alameda,2020,,061 260801100,1775 Sonoma,,B2020-01556,ADU,Renter,0,0,0,0,0,0,0,0,0,0,1,2020-12-03,1,0,0,0,0,0,0,0,0,0,0,1,2020-12-03,1,0,0,0,0,0,0,0,0,0,0,0,,0,0,N,0,0,,,0,,0,0,0,0,0,,,,37.886011,-122.279102,"1775 Sonoma Ave, Berkeley, California, 94707",98.909999999999997
BERKELEY,Alameda,2020,,061 256900900,1925 Hopkins,,B2019-05420,ADU,Renter,0,0,0,0,0,0,0,0,0,0,1,2020-04-06,1,0,0,0,0,0,0,0,0,0,0,1,2020-04-06,1,0,0,0,0,0,0,0,0,0,0,0,,0,0,N,0,0,,,0,,0,0,0,0,0,,,,37.886097,-122.274178,"1925 Hopkins St, Berkeley, California, 94707",98.909999999999997
BERKELEY,Alameda,2020,,057 203400800,2023 Shattuck,,ZP2019-0041,5+,Renter,0,0,0,0,4,0,0,0,0,0,44,2020-07-01,48,0,0,0,0,0,0,0,0,0,0,0,,0,0,0,0,0,0,0,0,0,0,0,0,,0,0,N,0,0,,DB,0,,0,0,0,0,0,,,,37.871569,-122.268314,"2023 Shattuck Ave, Berkeley, California, 94704",98.909999999999997
BERKELEY,Alameda,2020,,056 200000500,2108 Spaulding,,B2019-03488,ADU,Renter,0,0,0,0,0,0,0,0,0,0,1,2020-01-09,1,0,0,0,0,0,0,0,0,0,0,1,2020-01-09,1,0,0,0,0,0,0,0,0,0,0,0,,0,0,N,0,0,,,0,,0,0,0,0,0,,,,37.869150,-122.280823,"2108 Spaulding Ave, Berkeley, California, 94703",98.909999999999997
BERKELEY,Alameda,2020,,056 197102400,2117 Eighth,,B2020-00103,ADU,Renter,0,0,0,0,0,0,0,0,0,0,1,2020-06-04,1,0,0,0,0,0,0,0,0,0,0,1,2020-06-04,1,0,0,0,0,0,0,0,0,0,0,0,,0,0,N,0,0,,,0,,0,0,0,0,0,,,,37.866415,-122.294849,"2117 8th St, Berkeley, California, 94710",98.909999999999997
BERKELEY,Alameda,2020,,054 172002400,2128 Ward,,ZP2018-0237,2 to 4,Renter,0,0,0,0,0,0,0,0,0,0,2,2020-02-05,2,0,0,0,0,0,0,0,0,0,0,0,,0,0,0,0,0,0,0,0,0,0,0,0,,0,0,N,0,0,,,0,,0,0,0,0,0,,,,37.859577,-122.265697,"2128 Ward St, Berkeley, California, 94705",98.909999999999997
BERKELEY,Alameda,2020,,056 194202200,2327 Fifth,,ZP2020-0009,2 to 4,Owner,0,0,0,0,0,0,0,0,0,0,1,2020-09-23,1,0,0,0,0,0,0,0,0,0,0,0,,0,0,0,0,0,0,0,0,0,0,0,0,,0,0,N,0,0,,,0,,0,0,0,0,0,,,,37.862324,-122.297044,"2327 5th St, Berkeley, California, 94710",98.909999999999997
BERKELEY,Alameda,2020,,060 246502000,2333 Rose,,B2018-03242,ADU,Renter,0,0,0,0,0,0,0,0,0,0,0,,0,0,0,0,0,0,0,0,0,0,0,0,,0,0,0,0,0,0,0,0,0,0,0,1,2020-03-16,1,0,N,0,0,,,0,,0,0,0,0,0,,,,37.883274,-122.263908,"2333 Rose St, Berkeley, California, 94708",98.909999999999997
BERKELEY,Alameda,2020,,056 193101200,2422 Bonar,,B2019-02641,ADU,Renter,0,0,0,0,0,0,0,0,0,0,0,,0,0,0,0,0,0,0,0,0,0,0,0,,0,0,0,0,0,0,0,0,0,0,0,1,2020-08-10,1,0,N,0,0,,,0,,0,0,0,0,0,,,,37.862636,-122.286080,"2422 Bonar St, Berkeley, California, 94702",98.909999999999997
BERKELEY,Alameda,2020,,055 190202400,2431 Mckinley,,B2019-03192,ADU,Renter,0,0,0,0,0,0,0,0,0,0,0,,0,0,0,0,0,0,0,0,0,0,0,0,,0,0,0,0,0,0,0,0,0,0,0,1,2020-03-05,1,0,N,0,0,,,0,,0,0,0,0,0,,,,37.863941,-122.273312,"2431 McKinley Ave, Berkeley, California, 94703",98.909999999999997
BERKELEY,Alameda,2020,,052 155900600,2441 Woolsey,,B2019-05629,ADU,Renter,0,0,0,0,0,0,0,0,0,0,1,2020-06-03,1,0,0,0,0,0,0,0,0,0,0,1,2020-06-03,1,0,0,0,0,0,0,0,0,0,0,1,2020-11-19,1,0,N,0,0,,,0,,0,0,0,0,0,,,,37.853447,-122.256484,"2441 Woolsey St, Berkeley, California, 94705",98.909999999999997
BERKELEY,Alameda,2020,,054 178001100,2523 Tenth,,ZP2018-0214,2 to 4,Renter,0,0,0,0,0,0,0,0,0,0,1,2020-06-17,1,0,0,0,0,0,0,0,0,0,0,0,,0,0,0,0,0,0,0,0,0,0,0,0,,0,0,N,0,0,,,0,,0,0,0,0,0,,,,37.860094,-122.290456,"2523 10th St, Berkeley, California, 94710",98.909999999999997
BERKELEY,Alameda,2020,,055 185101800,2543 Piedmont,,B2020-02125,ADU,Renter,0,0,0,0,0,0,0,0,0,0,1,2020-11-25,1,0,0,0,0,0,0,0,0,0,0,1,2020-11-25,1,0,0,0,0,0,0,0,0,0,0,0,,0,0,N,0,0,,,0,,0,0,0,0,0,,,,37.864527,-122.251450,"2543 Piedmont Ave, Berkeley, California, 94704",98.909999999999997
BERKELEY,Alameda,2020,,060 247400102,2606 Shasta,,B2018-04067,ADU,Renter,0,0,0,0,0,0,0,0,0,0,0,,0,0,0,0,0,0,0,0,0,0,0,0,,0,0,0,0,0,0,0,0,0,0,0,1,2020-07-14,1,0,N,0,0,,,0,,0,0,0,0,0,,,,37.883576,-122.259474,"2606 Shasta Rd, Berkeley, California, 94708",98.909999999999997
BERKELEY,Alameda,2020,,055 181900102,2628 Shattuck,,B2019-01950,5+,Renter,0,0,0,0,0,0,0,0,0,0,0,,0,0,0,0,0,0,0,0,0,0,0,78,2020-05-05,78,0,0,0,0,0,0,0,0,0,0,0,,0,0,N,0,0,,,0,,0,0,0,0,0,,,,37.861004,-122.267105,"2628 Shattuck Ave, Berkeley, California, 94704",98.909999999999997
BERKELEY,Alameda,2020,,053 170100300,2808 Garber,,B2020-01569,ADU,Renter,0,0,0,0,0,0,0,0,0,0,1,2020-07-20,1,0,0,0,0,0,0,0,0,0,0,1,2020-07-20,1,0,0,0,0,0,0,0,0,0,0,1,2020-12-09,1,0,N,0,0,,,0,,0,0,0,0,0,,,,37.860798,-122.250640,"2808 Garber St, Berkeley, California, 94705",98.909999999999997
BERKELEY,Alameda,2020,,052 156400400,2847 Prince,,B2020-02202,ADU,Renter,0,0,0,0,0,0,0,0,0,0,1,2020-09-22,1,0,0,0,0,0,0,0,0,0,0,1,2020-09-22,1,0,0,0,0,0,0,0,0,0,0,0,,0,0,N,0,0,,,0,,0,0,0,0,0,,,,37.855195,-122.247877,"2847 Prince St, Berkeley, California, 94705",98.909999999999997
BERKELEY,Alameda,2020,,052 156902400,2911 Hillegass,,B2020-01030,ADU,Renter,0,0,0,0,0,0,0,0,0,0,1,2020-06-05,1,0,0,0,0,0,0,0,0,0,0,1,2020-06-05,1,0,0,0,0,0,0,0,0,0,0,0,,0,0,N,0,0,,,0,,0,0,0,0,0,,,,37.857729,-122.255681,"2911 Hillegass Ave, Berkeley, California, 94705",98.909999999999997
BERKELEY,Alameda,2020,,053 159900900,2918 Otis,,B2019-03876,ADU,Renter,0,0,0,0,0,0,0,0,0,0,1,2020-03-11,1,0,0,0,0,0,0,0,0,0,0,1,2020-03-11,1,0,0,0,0,0,0,0,0,0,0,0,,0,0,N,0,0,,,0,,0,0,0,0,0,,,,37.855519,-122.270155,"2918 Otis St, Berkeley, California, 94703",98.909999999999997
BERKELEY,Alameda,2020,,052 156512400,2965 Magnolia,,B2019-05580,ADU,Renter,0,0,0,0,0,0,0,0,0,0,1,2020-05-07,1,0,0,0,0,0,0,0,0,0,0,1,2020-05-07,1,0,0,0,0,0,0,0,0,0,0,0,,0,0,N,0,0,,,0,,0,0,0,0,0,,,,37.856349,-122.248916,"2965 Magnolia St, Berkeley, California, 94705",98.909999999999997
BERKELEY,Alameda,2020,,053 163502100,809 Folger,,B2018-00015,SFD,Owner,0,0,0,0,0,0,0,0,0,0,0,,0,0,0,0,0,0,0,0,0,0,0,0,,0,0,0,0,0,0,0,0,0,0,0,1,2020-08-19,1,0,N,0,0,,,0,,0,0,0,0,0,,,,37.849702,-122.292597,"809 Folger Ave, Berkeley, California, 94710",98.909999999999997
BERKELEY,Alameda,2020,,057 209500400,840 Delaware,,B2020-01218,ADU,Renter,0,0,0,0,0,0,0,0,0,0,1,2020-11-12,1,0,0,0,0,0,0,0,0,0,0,1,2020-11-12,1,0,0,0,0,0,0,0,0,0,0,0,,0,0,N,0,0,,,0,,0,0,0,0,0,,,,37.870709,-122.297752,"840 Delaware St, Berkeley, California, 94710",98.909999999999997
BERKELEY,Alameda,2020,,058 212100400,912 Cedar,,B2017-05298,SFD,Owner,0,0,0,0,0,0,0,0,0,0,0,,0,0,0,0,0,0,0,0,0,0,0,0,,0,0,0,0,0,0,0,0,0,0,0,1,2020-05-06,1,0,N,0,0,,,0,,0,0,0,0,0,,,,37.874413,-122.297963,"912 Cedar St, Berkeley, California, 94710",98.909999999999997
BERKELEY,Alameda,2019,,054 178402400,1128 Blake St,,B2017-04149,ADU,Renter,0,0,0,0,0,0,0,0,0,0,0,,0,0,0,0,0,0,0,0,0,0,0,0,,0,0,0,0,0,0,0,0,0,0,0,1,2019-07-17,1,0,N,0,0,,,0,,0,0,0,0,0,,,,37.860403,-122.287893,"1128 Blake St, Berkeley, California, 94702",100
BERKELEY,Alameda,2019,,059 228902801,1157 Virginia St,,B2018-03458,SFD,Owner,0,0,0,0,0,0,0,0,0,0,0,,0,0,0,0,0,0,0,0,0,0,0,0,,0,0,0,0,0,0,0,0,0,0,0,1,2019-12-05,1,0,N,0,0,,,0,,0,0,0,0,0,,,,37.873759,-122.291295,"1157 Virginia St, Berkeley, California, 94702",100
BERKELEY,Alameda,2019,,061 255000400,1181 Laurel,,B2018-02038,ADU,Renter,0,0,0,0,0,0,0,0,0,0,0,,0,0,0,0,0,0,0,0,0,0,0,1,2019-04-03,1,0,0,0,0,0,0,0,0,0,0,0,,0,0,N,0,0,,,0,,0,0,0,0,0,,,,37.887017,-122.263260,"1181 Laurel St, Berkeley, California, 94708",98.909999999999997
BERKELEY,Alameda,2019,,060 241600700,1218 Ordway St,,B2018-02331,ADU,Renter,0,0,0,0,0,0,0,0,0,0,1,2019-07-18,1,0,0,0,0,0,0,0,0,0,0,0,,0,0,0,0,0,0,0,0,0,0,0,1,2019-07-18,1,0,N,0,0,,,0,,0,0,0,0,0,,,,37.881655,-122.286341,"1218 Ordway St, Albany, California, 94706",100
BERKELEY,Alameda,2019,,054 178702300,1222 Carleton,,B2019-01241,ADU,Renter,0,0,0,0,0,0,0,0,0,0,0,,0,0,0,0,0,0,0,0,0,0,0,1,2019-07-30,1,0,0,0,0,0,0,0,0,0,0,0,,0,0,N,0,0,,,0,,0,0,0,0,0,,,,37.858907,-122.285521,"1222 Carleton St, Berkeley, California, 94702",98.909999999999997
BERKELEY,Alameda,2019,,057 208100700,1284 Hearst,,ZP2019-0022,ADU,Owner,0,0,0,0,0,0,0,0,0,0,0,,0,0,0,0,0,0,0,0,0,0,0,0,,0,0,0,0,0,0,0,0,0,0,0,1,2019-12-18,1,0,N,0,0,,,0,,0,0,0,0,0,,,,37.871225,-122.287109,"1284 Hearst Ave, Berkeley, California, 94702",98.909999999999997
BERKELEY,Alameda,2019,,056 192000200,1302 Channing,,B2017-01506,ADU,Renter,0,0,0,0,0,0,0,0,0,0,0,,0,0,0,0,0,0,0,0,0,0,0,0,,0,0,0,0,0,0,0,0,0,0,0,1,2019-09-05,1,0,N,0,0,,,0,,0,0,0,0,0,,,,37.863390,-122.285897,"1302 Channing Way, Berkeley, California, 94702",98.909999999999997
BERKELEY,Alameda,2019,,052 151602400,1310 Haskell St,,B2018-01347,SFD,Owner,0,0,0,0,0,0,0,0,0,0,0,,0,0,0,0,0,0,0,0,0,0,0,0,,0,0,0,0,0,0,0,0,0,0,0,1,2019-07-19,1,0,N,0,0,,,0,,0,0,0,0,0,,,bldg permit 3 of 3 SFHs on a lot,37.851183,-122.282724,"1310 Haskell St, Berkeley, California, 94702",100
BERKELEY,Alameda,2019,,060 239105701,1365 Curtis,,B2017-02359,ADU,Renter,0,0,0,0,0,0,0,0,0,0,0,,0,0,0,0,0,0,0,0,0,0,0,0,,0,0,0,0,0,0,0,0,0,0,0,1,2019-03-21,1,0,N,0,0,,,0,,0,0,0,0,0,,,,37.879322,-122.290762,"1365 Curtis St, Berkeley, California, 94702",98.909999999999997
BERKELEY,Alameda,2019,,054 179602600,1420 Dwight,,B2017-05247,ADU,Renter,0,0,0,0,0,0,0,0,0,0,0,,0,0,0,0,0,0,0,0,0,0,0,1,2019-04-09,1,0,0,0,0,0,0,0,0,0,0,0,,0,0,N,0,0,,,0,,0,0,0,0,0,,,,37.861976,-122.282534,"1420 Dwight Way, Berkeley, California, 94702",98.909999999999997
BERKELEY,Alameda,2019,,053 161901200,1421 Ashby,,B2017-02462,ADU,Renter,0,0,0,0,0,0,0,0,0,0,0,,0,0,0,0,0,0,0,0,0,0,0,0,,0,0,0,0,0,0,0,0,0,0,0,1,2019-02-27,1,0,N,0,0,,,0,,0,0,0,0,0,,,,37.853261,-122.280400,"1421 Ashby Ave, Berkeley, California, 94702",98.909999999999997
BERKELEY,Alameda,2019,,059 225701500,1432 Spruce St,,B2017-02347,ADU,Renter,0,0,0,0,0,0,0,0,0,0,0,,0,0,0,0,0,0,0,0,0,0,0,0,,0,0,0,0,0,0,0,0,0,0,0,1,2019-06-10,1,0,N,0,0,,,0,,0,0,0,0,0,,,,37.881053,-122.266011,"1432 Spruce St, Berkeley, California, 94709",100
BERKELEY,Alameda,2019,,059 232500700,1446 Fifth St,,B2018-03127,SFD,Owner,0,0,0,0,0,0,0,0,0,0,0,,0,0,0,0,0,0,0,0,0,0,0,0,,0,0,0,0,0,0,0,0,0,0,0,1,2019-12-24,1,0,N,0,0,,,0,,0,0,0,0,0,,,,37.875665,-122.301429,"1446 5th St, Berkeley, California, 94710",100
BERKELEY,Alameda,2019,,060 239103800,1461 Curtis,,B2018-03893,ADU,Renter,0,0,0,0,0,0,0,0,0,0,0,,0,0,0,0,0,0,0,0,0,0,0,1,2019-01-23,1,0,0,0,0,0,0,0,0,0,0,1,2019-08-22,1,0,N,0,0,,,0,,0,0,0,0,0,,,,37.877268,-122.291250,"1461 Curtis St, Berkeley, California, 94702",98.909999999999997
BERKELEY,Alameda,2019,,058 224700800,1516 Le Roy,,B2018-00510,ADU,Renter,0,0,0,0,0,0,0,0,0,0,0,,0,0,0,0,0,0,0,0,0,0,0,0,,0,0,0,0,0,0,0,0,0,0,0,1,2019-02-20,1,0,N,0,0,,,0,,0,0,0,0,0,,,,37.881274,-122.260400,"1516 Le Roy Ave, Berkeley, California, 94708",98.909999999999997
BERKELEY,Alameda,2019,,061 262000300,1534 Beverly,,B2019-02804,ADU,Renter,0,0,0,0,0,0,0,0,0,0,0,,0,0,0,0,0,0,0,0,0,0,0,1,2019-10-28,1,0,0,0,0,0,0,0,0,0,0,0,,0,0,N,0,0,,,0,,0,0,0,0,0,,,,37.885892,-122.282237,"1534 Beverly Pl, Albany, California, 94706",98.879999999999995
BERKELEY,Alameda,2019,,059 227900300,1612 Buena,,B2019-02435,ADU,Renter,0,0,0,0,0,0,0,0,0,0,0,,0,0,0,0,0,0,0,0,0,0,0,1,2019-08-20,1,0,0,0,0,0,0,0,0,0,0,0,,0,0,N,0,0,,,0,,0,0,0,0,0,,,,37.878686,-122.280167,"1612 Buena Ave, Berkeley, California, 94703",98.909999999999997
BERKELEY,Alameda,2019,,058 215701200,1615 Francisco,,B2019-04236,ADU,Renter,0,0,0,0,0,0,0,0,0,0,0,,0,0,0,0,0,0,0,0,0,0,0,1,2019-12-16,1,0,0,0,0,0,0,0,0,0,0,0,,0,0,N,0,0,,,0,,0,0,0,0,0,,,,37.874376,-122.279479,"1615 Francisco St, Berkeley, California, 94703",98.909999999999997
BERKELEY,Alameda,2019,,060 243600100,1624 Posen Ave.,,B2017-00207,ADU,Renter,0,0,0,0,0,0,0,0,0,0,0,,0,0,0,0,0,0,0,0,0,0,0,1,2019-10-29,1,0,0,0,0,0,0,0,0,0,0,0,,0,0,N,0,0,,,0,,0,0,0,0,0,,,,37.884590,-122.279937,"1624 Posen Ave, Berkeley, California, 94707",100
BERKELEY,Alameda,2019,,058 213300900,1710 Chestnut,,B2019-00801,ADU,Renter,0,0,0,0,0,0,0,0,0,0,0,,0,0,0,0,0,0,0,0,0,0,0,1,2019-11-05,1,0,0,0,0,0,0,0,0,0,0,0,,0,0,N,0,0,,,0,,0,0,0,0,0,,,,37.873678,-122.288522,"1710 Chestnut St, Berkeley, California, 94702",98.909999999999997
BERKELEY,Alameda,2019,,058 217001700,1711 Mlk Jr Way,,ZP2018-0189,5+,Renter,0,0,0,0,0,0,0,0,0,0,1,2019-05-10,1,0,0,0,0,0,0,0,0,0,0,0,,0,0,0,0,0,0,0,0,0,0,0,0,,0,0,N,0,0,,,0,,0,0,0,0,0,,,,37.875515,-122.273433,"1711 Martin Luther King Jr Way, Berkeley, California, 94709",100
BERKELEY,Alameda,2019,,054 172601500,1801 Stuart,,B2018-00613,ADU,Renter,0,0,0,0,0,0,0,0,0,0,0,,0,0,0,0,0,0,0,0,0,0,0,0,,0,0,0,0,0,0,0,0,0,0,0,1,2019-12-19,1,0,N,0,0,,,0,,0,0,0,0,0,,,,37.857805,-122.273046,"1801 Stuart St, Berkeley, California, 94703",98.909999999999997
BERKELEY,Alameda,2019,,052 152701100,1811 Sixty - Third,,ZP2018-0196,2 to 4,Renter,0,0,0,0,0,0,0,0,0,0,2,2019-07-23,2,0,0,0,0,0,0,0,0,0,0,0,,0,0,0,0,0,0,0,0,0,0,0,0,,0,0,N,0,0,,,0,,0,0,0,0,0,,,,37.847960,-122.270682,"1811 63rd St, Berkeley, California, 94703",98.909999999999997
BERKELEY,Alameda,2019,,052 152602400,1838 Sixty-Third,,B2017-02864,ADU,Renter,0,0,0,0,0,0,0,0,0,0,0,,0,0,0,0,0,0,0,0,0,0,0,0,,0,0,0,0,0,0,0,0,0,0,0,1,2019-06-05,1,0,N,0,0,,,0,,0,0,0,0,0,,,,37.848040,-122.269589,"1838 63rd St, Berkeley, California, 94703",98.909999999999997
BERKELEY,Alameda,2019,,055 181601100,1923 Parker,,B2018-01059,ADU,Renter,0,0,0,0,0,0,0,0,0,0,0,,0,0,0,0,0,0,0,0,0,0,0,0,,0,0,0,0,0,0,0,0,0,0,0,1,2019-01-25,1,0,N,0,0,,,0,,0,0,0,0,0,,,,37.861743,-122.270614,"1923 Parker St, Berkeley, California, 94704",98.909999999999997
BERKELEY,Alameda,2019,,057 204600100,1951 Shattuck,,ZP2018-0137,5+,Renter,0,0,0,0,0,0,0,0,0,0,156,2019-07-19,156,0,0,0,0,0,0,0,0,0,0,0,,0,0,0,0,0,0,0,0,0,0,0,0,,0,0,N,0,0,,,0,,0,0,0,0,0,,,,37.872841,-122.268387,"1951 Shattuck Ave, Berkeley, California, 94704",98.909999999999997
BERKELEY,Alameda,2019,,062 292002800,1963 Yosemite,,ZP2018-0221,ADU,Owner,0,0,0,0,0,0,0,0,0,0,1,2019-05-23,1,0,0,0,0,0,0,0,0,0,0,0,,0,0,0,0,0,0,0,0,0,0,0,0,,0,0,N,0,0,,,0,,0,0,0,0,0,,,,37.895790,-122.276422,"1963 Yosemite Rd, Berkeley, California, 94707",98.909999999999997
BERKELEY,Alameda,2019,,056 201202900,2115 Roosevelt,,B2016-05191,ADU,Renter,0,0,0,0,0,0,0,0,0,0,0,,0,0,0,0,0,0,0,0,0,0,0,0,,0,0,0,0,0,0,0,0,0,0,0,1,2019-07-31,1,0,N,0,0,,,0,,0,0,0,0,0,,,,37.869648,-122.276201,"2115 Roosevelt Ave, Berkeley, California, 94703",98.909999999999997
BERKELEY,Alameda,2019,,057 201502200,2145 Grant,,B2019-01597,SFD,Owner,0,0,0,0,0,0,0,0,0,0,0,,0,0,0,0,0,0,0,0,0,0,0,1,2019-07-22,1,0,0,0,0,0,0,0,0,0,0,0,,0,0,N,0,0,,,0,,0,0,0,0,0,,,,37.868927,-122.274985,"2145 Grant St, Berkeley, California, 94703",98.909999999999997
BERKELEY,Alameda,2019,,058 218401400,2271 Virginia,,B2018-02528,ADU,Renter,0,0,0,0,0,0,0,0,0,0,0,,0,0,0,0,0,0,0,0,0,0,0,1,2019-02-19,1,0,0,0,0,0,0,0,0,0,0,1,2019-12-12,1,0,N,0,0,,,0,,0,0,0,0,0,,,,37.877797,-122.264975,"2271 Virginia St, Berkeley, California, 94709",98.909999999999997
BERKELEY,Alameda,2019,,055 191403600,2312 Spaulding,,B2019-00959,ADU,Renter,0,0,0,0,0,0,0,0,0,0,0,,0,0,0,0,0,0,0,0,0,0,0,1,2019-08-14,1,0,0,0,0,0,0,0,0,0,0,0,,0,0,N,0,0,,,0,,0,0,0,0,0,,,,37.865428,-122.280426,"2312 Spaulding Ave, Berkeley, California, 94703",98.909999999999997
BERKELEY,Alameda,2019,,064 423101200,24 Vicente,,B2018-00868,ADU,Renter,0,0,0,0,0,0,0,0,0,0,0,,0,0,0,0,0,0,0,0,0,0,0,1,2019-04-03,1,0,0,0,0,0,0,0,0,0,0,0,,0,0,N,0,0,,,0,,0,0,0,0,0,,,,37.854098,-122.234950,"24 Vicente Rd, Berkeley, California, 94705",98.909999999999997
BERKELEY,Alameda,2019,,056 193101800,2436 Bonar,,B2019-02468,ADU,Renter,0,0,0,0,0,0,0,0,0,0,0,,0,0,0,0,0,0,0,0,0,0,0,1,2019-10-01,1,0,0,0,0,0,0,0,0,0,0,0,,0,0,N,0,0,,,0,,0,0,0,0,0,,,,37.862005,-122.285952,"2436 Bonar St, Berkeley, California, 94702",98.909999999999997
BERKELEY,Alameda,2019,,058 219400800,2449 Virginia,,B2017-01244,SFD,Renter,0,0,0,0,0,0,0,0,0,0,0,,0,0,0,0,0,0,0,0,0,0,0,0,,0,0,0,0,0,0,0,0,0,0,0,1,2019-10-10,1,0,N,0,0,,,0,,0,0,0,0,0,,,,37.877719,-122.261784,"2449 Virginia St, Berkeley, California, 94709",98.909999999999997
BERKELEY,Alameda,2019,,060 246906800,2702 Shasta,,B2017-04282,SFD,Owner,0,0,0,0,0,0,0,0,0,0,0,,0,0,0,0,0,0,0,0,0,0,0,1,2019-07-23,1,0,0,0,0,0,0,0,0,0,0,0,,0,0,N,0,0,,,0,,0,0,0,0,0,,,,37.885728,-122.258610,"2702 Shasta Rd, Berkeley, California, 94708",98.909999999999997
BERKELEY,Alameda,2019,,060 246906903,2704 Shasta,,B2017-03522,SFD,Owner,0,0,0,0,0,0,0,0,0,0,0,,0,0,0,0,0,0,0,0,0,0,0,1,2019-07-23,1,0,0,0,0,0,0,0,0,0,0,0,,0,0,N,0,0,,,0,,0,0,0,0,0,,,,37.885844,-122.258726,"2704 Shasta Rd, Berkeley, California, 94708",98.909999999999997
BERKELEY,Alameda,2019,,054 171002500,2707 Hillegass,,B2019-02963,ADU,Renter,0,0,0,0,0,0,0,0,0,0,0,,0,0,0,0,0,0,0,0,0,0,0,0,,0,0,0,0,0,0,0,0,0,0,0,1,2019-04-05,1,0,N,0,0,,,0,,0,0,0,0,0,,,,37.861228,-122.255917,"2707 Hillegass Ave, Berkeley, California, 94705",98.909999999999997
BERKELEY,Alameda,2019,,052 156405800,2828 Webster,,B2018-03006,ADU,Renter,0,0,0,0,0,0,0,0,0,0,0,,0,0,0,0,0,0,0,0,0,0,0,0,,0,0,0,0,0,0,0,0,0,0,0,1,2019-10-29,1,0,N,0,0,,,0,,0,0,0,0,0,,,,37.855990,-122.249151,"2828 Webster St, Berkeley, California, 94705",98.909999999999997
BERKELEY,Alameda,2019,,053 166900400,2832 Stanton,,B2018-05064,ADU,Renter,0,0,0,0,0,0,0,0,0,0,0,,0,0,0,0,0,0,0,0,0,0,0,1,2019-06-25,1,0,0,0,0,0,0,0,0,0,0,0,,0,0,N,0,0,,,0,,0,0,0,0,0,,,,37.855622,-122.280386,"2832 Stanton St, Berkeley, California, 94702",98.909999999999997
BERKELEY,Alameda,2019,,063 296201300,790 Hilldale,,ZP2019-0183,ADU,Renter,0,0,0,0,0,0,0,0,0,0,1,2019-12-18,1,0,0,0,0,0,0,0,0,0,0,0,,0,0,0,0,0,0,0,0,0,0,0,0,,0,0,N,0,0,,,0,,0,0,0,0,0,,,,37.896816,-122.264469,"790 Hilldale Ave, Berkeley, California, 94708",98.909999999999997
BERKELEY,Alameda,2019,,064 425102400,94 The Uplands,,B2018-00704,ADU,Renter,0,0,0,0,0,0,0,0,0,0,0,,0,0,0,0,0,0,0,0,0,0,0,1,2019-05-17,1,0,0,0,0,0,0,0,0,0,0,0,,0,0,N,0,0,,,0,,0,0,0,0,0,,,,37.854001,-122.244327,"94 The Uplands, Berkeley, California, 94705",100
BERKELEY,Alameda,2019,,056 194500600,739 Channing,,B2018-02291,5+,Owner,0,0,0,0,0,0,0,0,0,0,0,,0,0,0,0,0,0,0,0,0,0,0,6,2019-05-30,6,0,0,0,0,0,0,0,0,0,0,0,,0,0,N,0,0,,,0,,0,0,0,0,0,,,,37.861489,-122.297079,"739 Channing Way, Berkeley, California, 94710",98.909999999999997
BERKELEY,Alameda,2024,,054 180201400,1515 Derby St,,B2023-04430,ADU,Renter,0,0,0,0,0,0,0,0,0,0,1,2024-07-24,1,0,0,0,0,0,0,0,0,0,0,1,2024-07-24,1,0,0,0,0,0,0,0,0,0,0,0,,0,0,NONE,0,Y,,,0,,0,0,0,0,0,,,,37.858835,-122.279468,"1515 Derby St, Berkeley, California, 94703",100
BERKELEY,Alameda,2024,,054 180002800,1532 Blake St,,B2023-03115,ADU,Renter,0,0,0,0,0,0,0,0,0,0,0,,0,0,0,0,0,0,0,0,0,0,0,0,,0,0,0,0,0,0,1,0,0,0,0,0,2024-05-22,1,0,NONE,0,Y,,,ABAG ADU Affordability Methodology,,0,0,0,0,0,,,,37.861529,-122.279230,"1532 Blake St, Berkeley, California, 94703",100
BERKELEY,Alameda,2024,,060 242900200,1570 POSEN Ave,,B2021-01799,ADU,Renter,0,0,0,0,0,0,0,0,0,0,0,,0,0,0,0,0,0,0,0,0,0,0,0,,0,0,0,0,0,0,1,0,0,0,0,0,2024-01-08,1,0,NONE,0,Y,,,ABAG ADU Affordability Methodology,,0,0,0,0,0,,,,37.884916,-122.281606,"1570 Posen Ave, Albany, California, 94706",100
BERKELEY,Alameda,2024,,052 152100900,1635 Alcatraz Ave,,B2024-00890,ADU,Renter,0,0,0,0,0,1,0,0,0,0,0,2024-12-30,1,0,0,0,0,0,1,0,0,0,0,0,2024-12-30,1,0,0,0,0,0,0,0,0,0,0,0,,0,0,NONE,0,Y,,,ABAG ADU Affordability Methodology,,0,0,0,0,0,,,,37.848388,-122.274279,"1635 Alcatraz Ave, Berkeley, California, 94703",100
BERKELEY,Alameda,2024,,052 143301000,1812 Sixty-Second St,,B2023-04866,ADU,Renter,0,0,0,0,0,1,0,0,0,0,0,2024-02-06,1,0,0,0,0,0,1,0,0,0,0,0,2024-02-06,1,0,0,0,0,0,1,0,0,0,0,0,2024-07-29,1,0,NONE,0,Y,,,ABAG ADU Affordability Methodology,,0,0,0,0,0,,,,37.847015,-122.270461,"1812 62nd St, Berkeley, California, 94703",100
BERKELEY,Alameda,2024,,064 429502301,20 Brookside Ave,,B2024-01983,ADU,Renter,0,0,0,0,0,0,0,1,0,0,0,2024-08-12,1,0,0,0,0,0,0,0,1,0,0,0,2024-08-12,1,0,0,0,0,0,0,0,0,0,0,0,,0,0,NONE,0,Y,,,ABAG ADU Affordability Methodology,,0,0,0,0,0,,,,37.852337,-122.248902,"20 Brookside Ave, Berkeley, California, 94705",100
BERKELEY,Alameda,2024,,056 200900600,2206 Roosevelt Ave,,B2019-00301,ADU,Renter,0,0,0,0,0,0,0,0,0,0,0,,0,0,0,0,0,0,0,0,0,0,0,0,,0,0,0,0,0,0,0,0,1,0,0,0,2024-08-30,1,0,NONE,0,Y,,,ABAG ADU Affordability Methodology,,0,0,0,0,0,,,,37.868041,-122.276075,"2206 Roosevelt Ave, Berkeley, California, 94703",100
BERKELEY,Alameda,2024,,052 151603200,1340 Haskell St,,ZP2023-0113,2 to 4,Renter,0,0,0,0,0,0,0,0,0,0,2,2024-03-20,2,0,0,0,0,0,0,0,0,0,0,0,,0,0,0,0,0,0,0,0,0,0,0,0,,0,0,NONE,0,Y,,,0,,1,0,0,0,0,,,,37.851402,-122.281678,"1340 Haskell St, Berkeley, California, 94702",100
BERKELEY,Alameda,2024,,055 190403300,2303 GRANT St,,B2023-01058,ADU,Renter,0,0,0,0,0,0,0,0,0,0,0,,0,0,0,0,0,0,0,0,0,0,0,0,,0,0,0,0,0,0,0,0,1,0,0,0,2024-09-15,1,0,NONE,0,Y,,,ABAG ADU Affordability Methodology,,0,0,0,0,0,,,,37.866575,-122.274717,"2303 Grant St, Berkeley, California, 94703",100
BERKELEY,Alameda,2024,,054 180001700,2555 Sacramento St,,B2024-04198,ADU,Renter,0,0,0,0,0,0,0,1,0,0,0,2024-12-19,1,0,0,0,0,0,0,0,1,0,0,0,2024-12-19,1,0,0,0,0,0,0,0,0,0,0,0,,0,0,NONE,0,Y,,,ABAG ADU Affordability Methodology,,0,0,0,0,0,,,,37.860650,-122.280453,"2555 Sacramento St, Berkeley, California, 94702",100
BERKELEY,Alameda,2024,,063 296104700,26 Rock Ln,,B2022-06033,ADU,Renter,0,0,0,0,0,0,0,0,0,0,0,,0,0,0,0,0,0,0,0,0,0,0,0,,0,0,0,0,0,0,0,0,1,0,0,0,2024-09-09,1,0,NONE,0,Y,,,ABAG ADU Affordability Methodology,,0,0,0,0,0,,,,37.895695,-122.266674,"26 Rock Ln, Berkeley, California, 94708",100
BERKELEY,Alameda,2024,,052 157300900,2631 WEBSTER St,,B2021-03815,ADU,Renter,0,0,0,0,0,0,0,0,0,0,0,,0,0,0,0,0,0,0,0,0,0,0,0,,0,0,0,0,0,0,0,0,1,0,0,0,2024-01-31,1,0,NONE,0,Y,,,ABAG ADU Affordability Methodology,,0,0,0,0,0,,,,37.856015,-122.253683,"2631 Webster St, Berkeley, California, 94705",100
BERKELEY,Alameda,2024,,063 299101400,2792 Shasta Rd,,B2022-01864,ADU,Renter,0,0,0,0,0,0,0,0,0,1,0,2024-03-25,1,0,0,0,0,0,0,0,0,0,1,0,2024-03-25,1,0,0,0,0,0,0,0,0,0,0,0,,0,0,NONE,0,Y,,,ABAG ADU Affordability Methodology,,0,0,0,0,0,,,,37.887710,-122.256478,"2792 Shasta Rd, Berkeley, California, 94708",100
BERKELEY,Alameda,2024,,054 178102900,1200 DWIGHT Way,,B2023-03743,SFD,Owner,0,0,0,0,0,0,0,0,0,0,0,,0,0,0,0,0,0,0,0,0,0,0,1,2024-09-23,1,0,0,0,0,0,0,0,0,0,0,0,,0,0,NONE,0,Y,,,0,,0,0,0,0,0,,,,37.861312,-122.287684,"1200 Dwight Way, Berkeley, California, 94702",100
BERKELEY,Alameda,2024,,059 233701800,1415 Fifth St,,B2017-03769,SFD,Owner,0,0,0,0,0,0,0,0,0,0,0,,0,0,0,0,0,0,0,0,0,0,0,0,,0,0,0,0,0,0,0,0,0,0,0,1,2024-10-31,1,0,NONE,0,Y,,,0,,0,0,0,0,0,,,"Revision to original scope of work. Revision submitted in 2022 reduced total units from 3 to 1, where one unit previously existed. No addition of units.",37.876804,-122.301724,"1415 5th St, Berkeley, California, 94710",100
BERKELEY,Alameda,2024,,059 232601200,805 Jones St,,B2024-00701,2 to 4,Renter,0,0,0,0,0,0,0,0,0,0,0,,0,0,0,0,0,0,0,0,0,0,0,2,2024-09-06,2,0,0,0,0,0,0,0,0,0,0,0,,0,0,NONE,0,Y,,,0,,0,0,0,0,0,,,,37.875136,-122.300777,"805 Jones St, Berkeley, California, 94710",100
BERKELEY,Alameda,2024,,059 233201700,1071 Page St,,B2020-03820,ADU,Renter,0,0,0,0,0,0,0,0,0,0,0,,0,0,0,0,0,0,0,0,0,0,0,0,,0,0,0,0,0,0,1,0,0,0,0,0,2024-05-24,1,0,NONE,0,Y,,,ABAG ADU Affordability Methodology,,0,0,0,0,0,,,,37.877446,-122.295579,"1071 Page St, Berkeley, California, 94710",100
BERKELEY,Alameda,2024,,060 242900900,1228 Monterey Ave,,B2024-01931,ADU,Renter,0,0,0,0,0,1,0,0,0,0,0,2024-09-23,1,0,0,0,0,0,1,0,0,0,0,0,2024-09-23,1,0,0,0,0,0,0,0,0,0,0,0,,0,0,NONE,0,Y,,,ABAG ADU Affordability Methodology,,0,0,0,0,0,,,,37.883980,-122.281491,"1228 Monterey Ave, Berkeley, California, 94707",100
BERKELEY,Alameda,2024,,054 179102400,1310 Parker St,,B2022-02623,ADU,Renter,0,0,0,0,0,1,0,0,0,0,0,2024-11-18,1,0,0,0,0,0,1,0,0,0,0,0,2024-11-18,1,0,0,0,0,0,0,0,0,0,0,0,,0,0,NONE,0,Y,,,ABAG ADU Affordability Methodology,,0,0,0,0,0,,,,37.859927,-122.284541,"1310 Parker St, Berkeley, California, 94702",100
BERKELEY,Alameda,2024,,060 239401600,1449 Kains Ave,,B2023-04863,ADU,Renter,0,0,0,0,0,1,0,0,0,0,0,2024-01-18,1,0,0,0,0,0,1,0,0,0,0,0,2024-01-18,1,0,0,0,0,0,0,0,0,0,0,0,,0,0,NONE,0,Y,,,ABAG ADU Affordability Methodology,,0,0,0,0,0,,,,37.877256,-122.293762,"1449 Kains Ave, Berkeley, California, 94702",100
BERKELEY,Alameda,2025,,061 256000900,1130 SHATTUCK AVE,,B2022-04181,ADU,Renter,0,0,0,0,0,0,0,0,0,1,0,2025-02-27,1,0,0,0,0,0,0,0,0,0,1,0,2025-02-27,1,0,0,0,0,0,0,0,0,0,0,0,,0,0,NONE,No,Y,,Other,ABAG ADU Affordability Assumptions,,0,0,0,0,0,,,,37.887352,-122.270478,"1130 Shattuck Ave, Berkeley, California, 94707",100
BERKELEY,Alameda,2025,,057 211701700,1613 FIFTH STREET,,B2023-03200,ADU,Renter,0,0,0,0,0,0,0,1,0,0,0,2025-02-24,1,0,0,0,0,0,0,0,1,0,0,0,2025-02-24,1,0,0,0,0,0,0,0,0,0,0,0,,0,0,NONE,No,Y,,Other,ABAG ADU Affordability Assumptions,,0,0,0,0,0,,,,37.873306,-122.300572,"1613 5th St, Berkeley, California, 94710",100
BERKELEY,Alameda,2025,,062 291403400,731 SANTA BARBARA RD,,B2023-04394,ADU,Renter,0,0,0,0,0,0,0,0,0,1,0,2025-01-28,1,0,0,0,0,0,0,0,0,0,1,0,2025-01-28,1,0,0,0,0,0,0,0,0,0,0,0,,0,0,NONE,No,Y,,Other,ABAG ADU Affordability Assumptions,,0,0,0,0,0,,,,37.897213,-122.270816,"731 Santa Barbara Rd, Berkeley, California, 94707",100
BERKELEY,Alameda,2025,,058 218601100,1633 ARCH ST,,B2024-01215,ADU,Renter,0,0,0,0,0,0,0,0,0,1,0,2025-02-21,1,0,0,0,0,0,0,0,0,0,1,0,2025-02-21,1,0,0,0,0,0,0,0,0,0,0,0,,0,0,NONE,No,Y,,Other,ABAG ADU Affordability Assumptions,,0,0,0,0,0,,,,37.878502,-122.264364,"1633 Arch St, Berkeley, California, 94709",100
BERKELEY,Alameda,2025,,052 151603200,1340 HASKELL ST,,B2024-02473,SFD,Owner,0,0,0,0,0,0,0,0,0,0,0,,0,0,0,0,0,0,0,0,0,0,0,1,2025-02-19,1,0,0,0,0,0,0,0,0,0,0,0,,0,0,NONE,No,Y,,,0,,0,0,0,0,0,,,,37.851402,-122.281678,"1340 Haskell St, Berkeley, California, 94702",100
BERKELEY,Alameda,2025,,055 186701000,2715 DWIGHT WAY,,B2024-03777,ADU,Renter,0,0,0,0,0,0,0,0,0,1,0,2025-03-27,1,0,0,0,0,0,0,0,0,0,1,0,2025-03-27,1,0,0,0,0,0,0,0,0,0,1,0,2025-11-14,1,0,NONE,No,Y,,Other,ABAG ADU Affordability Assumptions,,0,0,0,0,0,,,,37.865805,-122.252988,"2715 Dwight Way, Berkeley, California, 94704",100
BERKELEY,Alameda,2025,,056 192200900,2350 WEST ST,,B2024-05217,ADU,Renter,0,0,0,0,0,0,0,0,0,0,1,2025-03-19,1,0,0,0,0,0,0,0,0,0,0,1,2025-03-19,1,0,0,0,0,0,0,0,0,0,0,1,2025-07-29,1,0,NONE,No,Y,,,0,,0,0,0,0,0,,,,37.864318,-122.285159,"2350 West St, Berkeley, California, 94702",100
BERKELEY,Alameda,2025,,056 192200700,2330 WEST ST,,B2024-04294,ADU,Renter,0,0,0,0,0,1,0,0,0,0,0,2025-01-24,1,0,0,0,0,0,1,0,0,0,0,0,2025-01-24,1,0,0,0,0,0,0,0,0,0,0,0,,0,0,NONE,No,Y,,Other,ABAG ADU Affordability Assumptions,,0,0,0,0,0,,,,37.864600,-122.285216,"2330 West St, Berkeley, California, 94702",100
BERKELEY,Alameda,2025,,056 200601000,2132 MCGEE Ave,,B2020-03292,ADU,Renter,0,0,0,0,0,0,0,0,0,0,0,,0,0,0,0,0,0,0,0,0,0,0,0,,0,0,0,0,0,0,2,0,0,0,0,0,2025-02-20,2,0,NONE,No,Y,,Other,ABAG ADU Affordability Assumptions,,0,0,0,0,0,,,,37.868847,-122.277319,"2132 McGee Ave, Berkeley, California, 94703",100
BERKELEY,Alameda,2025,,055 182201800,2000 DWIGHT Way,,B2021-02404,5+,Renter,0,0,0,0,0,0,0,0,0,0,0,,0,0,0,0,0,0,0,0,0,0,0,0,,0,0,0,0,0,0,0,0,0,0,0,113,2025-06-17,113,0,NONE,No,Y,,DB,0,,0,0,0,0.20000000000000001,5,"Development Standards Modification, On-Site Improvements",No,,37.863670,-122.269480,"2000 Dwight Way, Berkeley, California, 94704",100
BERKELEY,Alameda,2025,,057 208600900,1824 CURTIS St,,B2021-03122,ADU,Renter,0,0,0,0,0,0,0,0,0,0,0,,0,0,0,0,0,0,0,0,0,0,0,0,,0,0,0,0,0,0,1,0,0,0,0,0,2025-02-06,1,0,NONE,No,Y,,Other,ABAG ADU Affordability Assumptions,,0,0,0,0,0,,,,37.871178,-122.289740,"1824 Curtis St, Berkeley, California, 94702",100
BERKELEY,Alameda,2025,,058 219100200,1828 EUCLID Ave,,B2021-03440,2 to 4,Renter,0,0,0,0,0,0,0,0,0,0,0,,0,0,0,0,0,0,0,0,0,0,0,0,,0,0,0,0,0,0,0,0,0,0,0,2,2025-05-22,2,0,NONE,No,Y,,,0,,0,0,0,0,0,,,,37.875614,-122.260277,"1828 Euclid Ave, Berkeley, California, 94709",100
BERKELEY,Alameda,2025,,061 257502300,852 CONTRA COSTA Ave,,B2025-01012,ADU,Renter,0,0,0,0,0,1,0,0,0,0,0,2025-10-16,1,0,0,0,0,0,1,0,0,0,0,0,2025-10-16,1,0,0,0,0,0,0,0,0,0,0,0,,0,0,NONE,No,Y,,Other,ABAG ADU Affordability Assumptions,,0,0,0,0,0,,,,37.892696,-122.276446,"852 Contra Costa Ave, Berkeley, California, 94707",100
BERKELEY,Alameda,2025,,056 191904100,2410 SACRAMENTO St,,B2022-03559,ADU,Renter,0,0,0,0,0,0,0,0,0,0,0,,0,0,0,0,0,0,0,0,0,0,0,0,,0,0,0,0,0,0,0,0,1,0,0,0,2025-04-21,1,0,NONE,No,Y,,Other,ABAG ADU Affordability Assumptions,,0,0,0,0,0,,,,37.863528,-122.281384,"2410 Sacramento St, Berkeley, California, 94702",100
BERKELEY,Alameda,2025,,052 157101600,2455 ASHBY Ave,,B2022-05864,ADU,Renter,0,0,0,0,0,0,0,0,0,0,0,,0,0,0,0,0,0,0,0,0,0,0,0,,0,0,0,0,0,0,0,0,1,0,0,0,2025-02-06,1,0,NONE,No,Y,,Other,ABAG ADU Affordability Assumptions,,0,0,0,0,0,,,,37.856529,-122.257215,"2455 Ashby Ave, Berkeley, California, 94705",100
BERKELEY,Alameda,2025,,055 184702000,2555 COLLEGE Ave,,B2023-02975,ADU,Renter,0,0,0,0,0,0,0,0,0,0,0,,0,0,0,0,0,0,0,0,0,0,0,0,,0,0,0,0,0,0,0,0,1,0,0,0,2025-07-25,1,0,NONE,No,Y,,Other,ABAG ADU Affordability Assumptions,,0,0,0,0,0,,,,37.864058,-122.253716,"2555 College Ave, Berkeley, California, 94704",100
BERKELEY,Alameda,2025,,061 255801000,1110 OXFORD St,,B2025-01930,ADU,Renter,0,0,0,0,0,1,0,0,0,0,0,2025-10-28,1,0,0,0,0,0,1,0,0,0,0,0,2025-10-28,1,0,0,0,0,0,0,0,0,0,0,0,,0,0,NONE,No,Y,,Other,ABAG ADU Affordability Assumptions,,0,0,0,0,0,,,,37.888375,-122.268238,"1110 Oxford St, Berkeley, California, 94707",100
BERKELEY,Alameda,2025,,060 239401600,1449 KAINS Ave,,B2023-04863,ADU,Renter,0,0,0,0,0,0,0,0,0,0,0,,0,0,0,0,0,0,0,0,0,0,0,0,,0,0,0,0,0,0,0,0,0,0,1,0,2025-01-31,1,0,NONE,No,Y,,Other,ABAG ADU Affordability Assumptions,,0,0,0,0,0,,,,37.877256,-122.293762,"1449 Kains Ave, Berkeley, California, 94702",100
BERKELEY,Alameda,2025,,058 224603800,1570 LE ROY Ave,,B2024-01316,ADU,Renter,0,0,0,0,0,0,0,0,0,0,0,,0,0,0,0,0,0,0,0,0,0,0,0,,0,0,0,0,0,0,0,0,0,0,1,0,2025-07-28,1,0,NONE,No,Y,,Other,ABAG ADU Affordability Assumptions,,0,0,0,0,0,,,,37.880416,-122.259411,"1570 Le Roy Ave, Berkeley, California, 94708",100
BERKELEY,Alameda,2025,,053 161603600,3007 ACTON St,,B2024-01527,ADU,Renter,0,0,0,0,0,0,0,0,0,0,0,,0,0,0,0,0,0,0,0,0,0,0,0,,0,0,0,0,0,0,1,0,0,0,0,0,2025-06-09,1,0,NONE,No,Y,,Other,ABAG ADU Affordability Assumptions,,0,0,0,0,0,,,,37.852833,-122.281283,"3007 Acton St, Berkeley, California, 94702",100
BERKELEY,Alameda,2025,,054 178700800,1219 DERBY St,,B2024-01564,ADU,Renter,0,0,0,0,0,0,0,0,0,0,0,,0,0,0,0,0,0,0,0,0,0,0,0,,0,0,0,0,0,0,1,0,0,0,0,0,2025-04-24,1,0,NONE,No,Y,,Other,ABAG ADU Affordability Assumptions,,0,0,0,0,0,,,,37.857997,-122.285913,"1219 Derby St, Berkeley, California, 94702",100
BERKELEY,Alameda,2025,,056 193801903,917 CHANNING Way,,B2024-02148,ADU,Renter,0,0,0,0,0,0,0,0,0,0,0,,0,0,0,0,0,0,0,0,0,0,0,0,,0,0,0,0,0,0,1,0,0,0,0,0,2025-10-07,1,0,NONE,No,Y,,Other,ABAG ADU Affordability Assumptions,,0,0,0,0,0,,,,37.862140,-122.293875,"917 Channing Way, Berkeley, California, 94710",100
BERKELEY,Alameda,2025,,052 156800900,2942 COLLEGE Ave,,ZP2022-0136,5+,Renter,0,0,0,0,0,0,0,0,0,0,6,2025-09-08,6,0,0,0,0,0,0,0,0,0,0,0,,0,0,0,0,0,0,0,0,0,0,0,0,,0,0,NONE,No,Y,,,0,,0,0,0,0,0,,,,37.857499,-122.253123,"2942 College Ave, Berkeley, California, 94705",100
BERKELEY,Alameda,2025,,056 191800600,2418 ACTON St,,B2019-05445,SFD,Owner,0,0,0,0,0,0,0,0,0,0,0,,0,0,0,0,0,0,0,0,0,0,0,0,,0,0,0,0,0,0,0,0,0,0,0,1,2025-04-04,1,0,NONE,No,Y,,,0,,0,0,0,0,0,,,,37.862956,-122.283231,"2418 Acton St, Berkeley, California, 94702",100
BERKELEY,Alameda,2025,,055 188701100,2211 CHANNING Way,,B2024-02377,ADU,Renter,0,0,0,0,0,1,0,0,0,0,0,2025-12-01,1,0,0,0,0,0,1,0,0,0,0,0,2025-12-01,1,0,0,0,0,0,0,0,0,0,0,0,,0,0,NONE,No,Y,,,ABAG ADU Affordability Assumptions,,0,0,0,0,0,,,,37.866128,-122.265118,"2211 Channing Way, Berkeley, California, 94704",100
BERKELEY,Alameda,2025,,052 154402800,1517 FAIRVIEW ST,,B2024-04825,SFD,Owner,0,0,0,0,0,0,0,0,0,0,0,,0,0,0,0,0,0,0,0,0,0,0,1,2025-04-04,1,0,0,0,0,0,0,0,0,0,0,0,,0,0,NONE,No,Y,,,0,,0,0,0,0,0,,,,37.849871,-122.277459,"1517 Fairview St, Berkeley, California, 94703",100
BERKELEY,Alameda,2025,,060 240302200,1333 KAINS AVE,,B2023-00406,ADU,Renter,0,0,0,0,0,1,0,0,0,0,0,2025-04-01,1,0,0,0,0,0,1,0,0,0,0,0,2025-04-01,1,0,0,0,0,0,0,0,0,0,0,0,,0,0,NONE,No,Y,,Other,ABAG ADU Affordability Assumptions,,0,0,0,0,0,,,,37.879532,-122.294492,"1333 Kains Ave, Berkeley, California, 94702",100
BERKELEY,Alameda,2025,,053 158900700,2916 LORINA ST,,B2025-00269,ADU,Renter,0,0,0,0,0,0,0,1,0,0,0,2025-05-29,1,0,0,0,0,0,0,0,1,0,0,0,2025-05-29,1,0,0,0,0,0,0,0,0,0,0,0,,0,0,NONE,No,Y,,Other,ABAG ADU Affordability Assumptions,,0,0,0,0,0,,,,37.856213,-122.265661,"2916 Lorina St, Berkeley, California, 94705",100
BERKELEY,Alameda,2025,,059 232601100,1463 Sixth Street,,B2024-02508,5+,Renter,0,0,0,0,0,0,0,0,0,0,3,2025-07-29,3,0,0,0,0,0,0,0,0,0,0,3,2025-09-18,3,0,0,0,0,0,0,0,0,0,0,0,,0,0,SMAP,No,Y,,Other,0,,0,0,0,0,0,,,,37.875930,-122.300159,"1463 6th St, Berkeley, California, 94710",100
BERKELEY,Alameda,2025,,055 183202601,2330 Blake Street,,B2025-00168,ADU,Renter,0,0,0,0,0,0,0,1,0,0,0,2025-07-30,1,0,0,0,0,0,0,0,1,0,0,0,2025-07-30,1,0,0,0,0,0,0,0,0,0,0,0,,0,0,NONE,No,Y,,Other,ABAG ADU Affordability Assumptions,,0,0,0,0,0,,,,37.863813,-122.261430,"2330 Blake St, Berkeley, California, 94704",100
BERKELEY,Alameda,2025,,055 182901100,2217 Parker St,,B2025-00820,SFD,Owner,0,0,0,0,0,0,0,0,0,0,0,,0,0,0,0,0,0,0,0,0,0,0,1,2025-07-14,1,0,0,0,0,0,0,0,0,0,0,0,,0,0,NONE,No,Y,,,0,,0,0,0,0,0,,,,37.862583,-122.264129,"2217 Parker St, Berkeley, California, 94704",100
BERKELEY,Alameda,2025,,054 170207500,2721 Belrose Avenue,,B2025-01220,ADU,Renter,0,0,0,0,0,0,0,0,0,1,0,2025-07-25,1,0,0,0,0,0,0,0,0,0,1,0,2025-07-25,1,0,0,0,0,0,0,0,0,0,0,0,,0,0,NONE,No,Y,,Other,ABAG ADU Affordability Assumptions,,0,0,0,0,0,,,,37.861745,-122.245866,"2721 Belrose Ave, Berkeley, California, 94705",100
