record,ruling,effect,record_role,status,regex_said_housing,final,final_reader,units_stated,removes_units,reason,evidence,approved,approved_by
DRCF2021-0006,include,ADD,companion_review,Approved,False,housing_development,sonnet,163,0.0,"The record states '163 dweilling units' with '5,000 sq.ft. of commercial space on the ground floor,' satisfying units-stated sufficiency though total building square footage is not given.",data/derived/planning_scope_second_read_2026-09-28.json@6690300ef355cda5,2026-09-29,John
DRCP2015-0010,exclude,DROP,companion_review,Approved,True,housing_adjacent_not_development,sonnet,,0.0,"The record describes ""floors 4 – 12: hotel floors"" together with only ""floors 14 – 18"" of condominiums (roughly 40 units) in a 325,000 sq ft building, so the hotel component and small residential share fail every qualifying path in the definition despite housing being present.",data/derived/planning_scope_second_read_2026-09-28.json@6690300ef355cda5,2026-09-29,John
DRCP2017-0011,include,ADD,companion_review,Approved,False,housing_development,sonnet,2,0.0,"The description 'Remodel covered parking area into 2 new units' states a residential unit count with no nonresidential component mentioned, meeting the residential-only definition.",data/derived/planning_scope_second_read_2026-09-28.json@6690300ef355cda5,2026-09-29,John
DRCP2018-0002,exclude,DROP,companion_review,Approved,True,housing_adjacent_not_development,sonnet,,0.0,"The record describes relocating an ""existing dwelling unit"" and converting ""existing ground and second floor to office use,"" an alteration of an existing structure rather than a new housing development application.",data/derived/planning_scope_second_read_2026-09-28.json@6690300ef355cda5,2026-09-29,John
DRCP2020-0010,exclude,DROP,companion_review,Withdrawn,True,housing_adjacent_not_development,sonnet,174,0.0,"The record describes a 'seven-story, mixed use building with 222-room hotel, 84 residential units...and retail' alongside a 'six-story, mixed use building with 90 residential units and retail,' and because a hotel component is present the definition's requirement that 'there is no hotel or motel component' is not satisfied, and as a 'Design Review Committee Preliminary' this is a companion review rather than the development application itself.",data/derived/planning_scope_second_read_2026-09-28.json@6690300ef355cda5,2026-09-29,John
DRCP2021-0003,exclude,DROP,companion_review,Approved,True,housing_adjacent_not_development,jev,50_or_more,,,data/derived/planning_scope_evidence_2026-09-28.json@0861ffec4c55bf14,2026-09-29,John
DRCP2021-0007,exclude,DROP,companion_review,Approved,True,housing_adjacent_not_development,sonnet,66,0.0,"The record is explicitly a 'Design Review Committee Preliminary' record, which per Berkeley's terminology is 'a companion review, not the application,' even though it describes '66 dwelling units (including 5 VLI units)' and 'commercial space' with no stated square-footage split.",data/derived/planning_scope_second_read_2026-09-28.json@6690300ef355cda5,2026-09-29,John
DRCP2021-0009,exclude,DROP,companion_review,Withdrawn,True,housing_adjacent_not_development,sonnet,4,0.0,"Although the description states '3,278 sq.ft. of residential space' against '1,206 sq.ft. of ground floor commercial space' (residential exceeds two-thirds of total), the record type is a 'Design Review Committee Preliminary,' which per Berkeley's own terminology is a companion review, not the application itself.",data/derived/planning_scope_second_read_2026-09-28.json@6690300ef355cda5,2026-09-29,John
DRCP2021-0016,exclude,DROP,companion_review,Withdrawn,True,housing_adjacent_not_development,sonnet,283,0.0,"This is a 'Design Review Committee Preliminary' record, which per the definitions is a companion review and 'not the application', even though it describes '283 dwelling units, 10,164 sq.ft. commercial' with no total square footage given to test the two-thirds split.",data/derived/planning_scope_second_read_2026-09-28.json@6690300ef355cda5,2026-09-29,John
DRCP2026-0002,exclude,DROP,companion_review,Application Complete,True,housing_adjacent_not_development,sonnet,23,0.0,"The record is a ""Design Review Committee Preliminary"" for a ""23 residential lot subdivision,"" and per the rubric DRC/DRCP/DRCF records are ""companion reviews, not the application,"" so despite describing 23 residential units this record itself is not the housing development application.",data/derived/planning_scope_second_read_2026-09-28.json@6690300ef355cda5,2026-09-29,John
DRSA2023-0004,exclude,DROP,companion_review,Approved,True,housing_adjacent_not_development,sonnet,169,0.0,"The record type is ""Design Review Signs and Awnings"" for a ""Sign program,"" which is a companion signage review and not itself an application for the housing development it describes.",data/derived/planning_scope_second_read_2026-09-28.json@6690300ef355cda5,2026-09-29,John
DRSL2015-0003,exclude,DROP,companion_review,Approved,True,housing_adjacent_not_development,sonnet,,0.0,"The description states 'Raise existing single story duplex to create a second story. No units will be added,' showing an alteration to existing housing with no new dwelling units created.",data/derived/planning_scope_second_read_2026-09-28.json@6690300ef355cda5,2026-09-29,John
DRSL2015-0005,include,ADD,companion_review,Approved,False,housing_development,sonnet,3,0.0,"The description states the project is ""resulting in 3 living units"" with no nonresidential component mentioned, so it is residential units only and the two-thirds mixed-use test does not apply.",data/derived/planning_scope_second_read_2026-09-28.json@6690300ef355cda5,2026-09-29,John
DRSL2016-0005,include,ADD,companion_review,Approved,False,housing_development,sonnet,4,0.0,"The text states ""construct new 2 story 2,400 commercial building and 4 1,500sft 3 story detached house,"" giving 6,000 sqft residential of 8,400 sqft total new construction (~71%), which exceeds the two-thirds threshold.",data/derived/planning_scope_second_read_2026-09-28.json@6690300ef355cda5,2026-09-29,John
DRSL2016-0015,exclude,DROP,companion_review,Approved,True,housing_adjacent_not_development,sonnet,,0.0,"The description states ""New second story addition to an existing SFR,"" an alteration to an existing single-family residence rather than a new housing development application.",data/derived/planning_scope_second_read_2026-09-28.json@6690300ef355cda5,2026-09-29,John
DRSL2018-0012,exclude,DROP,companion_review,Approved,True,housing_adjacent_not_development,sonnet,,0.0,"The description ""major residential addition over 14' average height"" refers to an addition to an existing residence, not a new unit-creating development application.",data/derived/planning_scope_second_read_2026-09-28.json@6690300ef355cda5,2026-09-29,John
DRSL2018-0013,include,ADD,companion_review,Approved,False,housing_development,sonnet,4,0.0,"The description ""Four new SFRs on vacant lot"" states unit count with no nonresidential use mentioned, so it is residential units only.",data/derived/planning_scope_second_read_2026-09-28.json@6690300ef355cda5,2026-09-29,John
DRSL2019-0003,exclude,DROP,companion_review,Approved,True,housing_adjacent_not_development,sonnet,,0.0,"The text describes a ""Major residential addition (3-stories, 1524 SF) to existing 1-story single family home,"" an alteration of an existing residence rather than a new housing development application.",data/derived/planning_scope_second_read_2026-09-28.json@6690300ef355cda5,2026-09-29,John
DRSL2019-0008,exclude,DROP,companion_review,Approved,True,housing_adjacent_not_development,sonnet,2,0.0,"The description says 'Remodeling front two units,' indicating alteration of existing units rather than new housing development.",data/derived/planning_scope_second_read_2026-09-28.json@6690300ef355cda5,2026-09-29,John
DRSL2020-0008,exclude,DROP,companion_review,Withdrawn,True,not_housing,jev,none_stated,,,data/derived/planning_scope_evidence_2026-09-28.json@0861ffec4c55bf14,2026-09-29,John
DRSL2021-0011,exclude,DROP,companion_review,Approved,True,housing_adjacent_not_development,sonnet,,0.0,"The text describes a ""Single Story (775 sf) residential addition"" to an existing home, not creation of new dwelling units.",data/derived/planning_scope_second_read_2026-09-28.json@6690300ef355cda5,2026-09-29,John
DRSL2021-0015,exclude,DROP,companion_review,Approved,True,housing_adjacent_not_development,sonnet,,0.0,"The project is ""the remodel of an existing duplex"" including ""upper unit and lower unit kitchens and bathrooms,"" an alteration to existing housing rather than a development application creating new units.",data/derived/planning_scope_second_read_2026-09-28.json@6690300ef355cda5,2026-09-29,John
DRSL2022-0013,exclude,DROP,companion_review,Approved,True,not_housing,jev,none_stated,,,data/derived/planning_scope_evidence_2026-09-28.json@0861ffec4c55bf14,2026-09-29,John
DRSL2024-0003,include,ADD,companion_review,Approved,False,housing_development,sonnet,2,0.0,"The description ""Renovate existing house, add two new houses"" states new residential units with no nonresidential use mentioned.",data/derived/planning_scope_second_read_2026-09-28.json@6690300ef355cda5,2026-09-29,John
DRSL2025-0001,exclude,DROP,companion_review,Approved,True,housing_adjacent_not_development,sonnet,,1.0,"The record describes converting 'the existing Accessory Dwelling Unit to a Single-Family Home' and adding a 592 sq ft addition, which merges rather than adds a dwelling unit, so it is an alteration to existing housing, not a development application.",data/derived/planning_scope_second_read_2026-09-28.json@6690300ef355cda5,2026-09-29,John
LMIN2016-0002,exclude,DROP,companion_review,Approved,True,housing_adjacent_not_development,jev,none_stated,,,data/derived/planning_scope_evidence_2026-09-28.json@0861ffec4c55bf14,2026-09-29,John
LMIN2017-0003,exclude,DROP,companion_review,Approved,True,housing_adjacent_not_development,jev,none_stated,,,data/derived/planning_scope_evidence_2026-09-28.json@0861ffec4c55bf14,2026-09-29,John
LMIN2017-0004,exclude,DROP,companion_review,Approved,True,housing_adjacent_not_development,jev,none_stated,,,data/derived/planning_scope_evidence_2026-09-28.json@0861ffec4c55bf14,2026-09-29,John
LMIN2019-0001,exclude,DROP,companion_review,Approved,True,housing_adjacent_not_development,jev,none_stated,,,data/derived/planning_scope_evidence_2026-09-28.json@0861ffec4c55bf14,2026-09-29,John
LMIN2020-0003,exclude,DROP,companion_review,Denied,True,housing_adjacent_not_development,jev,50_or_more,,,data/derived/planning_scope_evidence_2026-09-28.json@0861ffec4c55bf14,2026-09-29,John
LMIN2020-0006,exclude,DROP,companion_review,Approved,True,housing_adjacent_not_development,jev,none_stated,,,data/derived/planning_scope_evidence_2026-09-28.json@0861ffec4c55bf14,2026-09-29,John
LMIN2020-0007,exclude,DROP,companion_review,Application Compete,True,housing_adjacent_not_development,jev,none_stated,,,data/derived/planning_scope_evidence_2026-09-28.json@0861ffec4c55bf14,2026-09-29,John
LMIN2021-0001,exclude,DROP,companion_review,Denied,True,housing_adjacent_not_development,jev,2_to_9,,,data/derived/planning_scope_evidence_2026-09-28.json@0861ffec4c55bf14,2026-09-29,John
LMIN2021-0003,exclude,DROP,companion_review,Approved,True,housing_adjacent_not_development,jev,none_stated,,,data/derived/planning_scope_evidence_2026-09-28.json@0861ffec4c55bf14,2026-09-29,John
LMIN2023-0001,exclude,DROP,companion_review,Approved,True,housing_adjacent_not_development,jev,1,,,data/derived/planning_scope_evidence_2026-09-28.json@0861ffec4c55bf14,2026-09-29,John
LMIN2024-0001,exclude,DROP,companion_review,Approved,True,housing_adjacent_not_development,jev,none_stated,,,data/derived/planning_scope_evidence_2026-09-28.json@0861ffec4c55bf14,2026-09-29,John
LMIN2024-0002,exclude,DROP,companion_review,Approved,True,housing_adjacent_not_development,jev,none_stated,,,data/derived/planning_scope_evidence_2026-09-28.json@0861ffec4c55bf14,2026-09-29,John
LMIN2024-0003,exclude,DROP,companion_review,No Appeal,True,housing_adjacent_not_development,jev,none_stated,,,data/derived/planning_scope_evidence_2026-09-28.json@0861ffec4c55bf14,2026-09-29,John
LMIN2024-0007,exclude,DROP,companion_review,Approved,True,housing_adjacent_not_development,jev,none_stated,,,data/derived/planning_scope_evidence_2026-09-28.json@0861ffec4c55bf14,2026-09-29,John
LMIN2024-0008,exclude,DROP,companion_review,Denied,True,housing_adjacent_not_development,jev,none_stated,,,data/derived/planning_scope_evidence_2026-09-28.json@0861ffec4c55bf14,2026-09-29,John
LMIN2025-0001,exclude,DROP,companion_review,Approved,True,housing_adjacent_not_development,jev,none_stated,,,data/derived/planning_scope_evidence_2026-09-28.json@0861ffec4c55bf14,2026-09-29,John
LMIN2025-0003,exclude,DROP,companion_review,Approved,True,housing_adjacent_not_development,jev,2_to_9,,,data/derived/planning_scope_evidence_2026-09-28.json@0861ffec4c55bf14,2026-09-29,John
LMMA2019-0002,exclude,DROP,companion_review,Pending,True,housing_adjacent_not_development,jev,2_to_9,,,data/derived/planning_scope_evidence_2026-09-28.json@0861ffec4c55bf14,2026-09-29,John
LMMA2020-0001,exclude,DROP,companion_review,Pending,True,housing_adjacent_not_development,jev,none_stated,,,data/derived/planning_scope_evidence_2026-09-28.json@0861ffec4c55bf14,2026-09-29,John
LMMA2023-0001,exclude,DROP,companion_review,Approved,True,housing_adjacent_not_development,jev,none_stated,,,data/derived/planning_scope_evidence_2026-09-28.json@0861ffec4c55bf14,2026-09-29,John
LMSAP2017-0010,exclude,DROP,companion_review,Withdrawn,True,housing_adjacent_not_development,sonnet,,0.0,"The description says to 'Create a new second story on a SFR (designated City Landmark) and make an addition to a detached, habitable accessory building,' altering an existing residence without stating any new dwelling units.",data/derived/planning_scope_second_read_2026-09-28.json@6690300ef355cda5,2026-09-29,John
LMSAP2018-0003,exclude,DROP,companion_review,Approved,True,not_housing,sonnet,,1.0,"The record describes use permits 'to eliminate one dwelling unit' and add '14 guestrooms' to a hotel, so no new residential units are created and the project is a hotel expansion, not a housing development.",data/derived/planning_scope_second_read_2026-09-28.json@6690300ef355cda5,2026-09-29,John
LMSAP2022-0006,exclude,DROP,companion_review,Approved,True,not_housing,jev,none_stated,,,data/derived/planning_scope_evidence_2026-09-28.json@0861ffec4c55bf14,2026-09-29,John
LMSAP2022-0007,exclude,DROP,companion_review,Approved,True,housing_adjacent_not_development,jev,none_stated,,,data/derived/planning_scope_evidence_2026-09-28.json@0861ffec4c55bf14,2026-09-29,John
LMSAP2022-0012,exclude,DROP,companion_review,Approved,True,housing_adjacent_not_development,jev,none_stated,,,data/derived/planning_scope_evidence_2026-09-28.json@0861ffec4c55bf14,2026-09-29,John
LMSAP2024-0001,exclude,DROP,companion_review,Approved,True,housing_adjacent_not_development,jev,1,,,data/derived/planning_scope_evidence_2026-09-28.json@0861ffec4c55bf14,2026-09-29,John
LMSAP2026-0007,exclude,DROP,companion_review,Incomplete Pending Applicant,True,not_housing,jev,none_stated,,,data/derived/planning_scope_evidence_2026-09-28.json@0861ffec4c55bf14,2026-09-29,John
PLN2015-0033,exclude,DROP,not_an_application,Closed,True,housing_adjacent_not_development,sonnet,,0.0,"The description ""Affirm State Density Bonus Law to proposed project"" shows this is a zoning research inquiry about a residential density bonus, not a development application itself.",data/derived/planning_scope_second_read_2026-09-28.json@6690300ef355cda5,2026-09-29,John
PLN2015-0039,exclude,DROP,not_an_application,Closed,True,housing_adjacent_not_development,jev,none_stated,,,data/derived/planning_scope_evidence_2026-09-28.json@0861ffec4c55bf14,2026-09-29,John
PLN2015-0040,exclude,DROP,not_an_application,Approved,True,housing_adjacent_not_development,jev,none_stated,,,data/derived/planning_scope_evidence_2026-09-28.json@0861ffec4c55bf14,2026-09-29,John
PLN2015-0049,exclude,DROP,not_an_application,Closed,True,housing_adjacent_not_development,jev,2_to_9,,,data/derived/planning_scope_evidence_2026-09-28.json@0861ffec4c55bf14,2026-09-29,John
PLN2016-0003,exclude,DROP,not_an_application,Closed,True,housing_adjacent_not_development,jev,none_stated,,,data/derived/planning_scope_evidence_2026-09-28.json@0861ffec4c55bf14,2026-09-29,John
PLN2016-0006,exclude,DROP,not_an_application,Closed,True,housing_adjacent_not_development,jev,none_stated,,,data/derived/planning_scope_evidence_2026-09-28.json@0861ffec4c55bf14,2026-09-29,John
PLN2016-0010,exclude,DROP,not_an_application,Closed,True,housing_adjacent_not_development,jev,none_stated,,,data/derived/planning_scope_evidence_2026-09-28.json@0861ffec4c55bf14,2026-09-29,John
PLN2016-0014,exclude,DROP,not_an_application,Closed,True,housing_adjacent_not_development,jev,none_stated,,,data/derived/planning_scope_evidence_2026-09-28.json@0861ffec4c55bf14,2026-09-29,John
PLN2016-0016,exclude,DROP,not_an_application,Closed,True,housing_adjacent_not_development,jev,none_stated,,,data/derived/planning_scope_evidence_2026-09-28.json@0861ffec4c55bf14,2026-09-29,John
PLN2016-0017,exclude,DROP,not_an_application,Closed,True,housing_adjacent_not_development,jev,none_stated,,,data/derived/planning_scope_evidence_2026-09-28.json@0861ffec4c55bf14,2026-09-29,John
PLN2016-0031,exclude,DROP,not_an_application,Closed,True,housing_adjacent_not_development,jev,2_to_9,,,data/derived/planning_scope_evidence_2026-09-28.json@0861ffec4c55bf14,2026-09-29,John
PLN2016-0037,exclude,DROP,companion_review,Pending,True,housing_adjacent_not_development,sonnet,,0.0,"The description describes an 'Administrative Use Permit for major residential addition above 14' in average height' to an existing structure, indicating an alteration rather than a new housing development application.",data/derived/planning_scope_second_read_2026-09-28.json@6690300ef355cda5,2026-09-29,John
PLN2016-0050,exclude,DROP,not_an_application,Closed,True,housing_adjacent_not_development,jev,none_stated,,,data/derived/planning_scope_evidence_2026-09-28.json@0861ffec4c55bf14,2026-09-29,John
PLN2017-0003,exclude,DROP,not_an_application,Closed,True,housing_adjacent_not_development,jev,none_stated,,,data/derived/planning_scope_evidence_2026-09-28.json@0861ffec4c55bf14,2026-09-29,John
PLN2017-0004,exclude,DROP,not_an_application,Closed,True,housing_adjacent_not_development,jev,2_to_9,,,data/derived/planning_scope_evidence_2026-09-28.json@0861ffec4c55bf14,2026-09-29,John
PLN2017-0005,exclude,DROP,not_an_application,Void,True,housing_adjacent_not_development,jev,none_stated,,,data/derived/planning_scope_evidence_2026-09-28.json@0861ffec4c55bf14,2026-09-29,John
PLN2017-0013,exclude,DROP,not_an_application,Closed,True,housing_adjacent_not_development,jev,none_stated,,,data/derived/planning_scope_evidence_2026-09-28.json@0861ffec4c55bf14,2026-09-29,John
PLN2017-0016,exclude,DROP,not_an_application,Closed,True,housing_adjacent_not_development,jev,none_stated,,,data/derived/planning_scope_evidence_2026-09-28.json@0861ffec4c55bf14,2026-09-29,John
PLN2017-0024,exclude,DROP,not_an_application,Closed,True,housing_adjacent_not_development,jev,none_stated,,,data/derived/planning_scope_evidence_2026-09-28.json@0861ffec4c55bf14,2026-09-29,John
PLN2017-0025,exclude,DROP,not_an_application,Closed,True,housing_adjacent_not_development,jev,none_stated,,,data/derived/planning_scope_evidence_2026-09-28.json@0861ffec4c55bf14,2026-09-29,John
PLN2017-0026,exclude,DROP,not_an_application,Closed,True,housing_adjacent_not_development,jev,none_stated,,,data/derived/planning_scope_evidence_2026-09-28.json@0861ffec4c55bf14,2026-09-29,John
PLN2017-0031,exclude,DROP,not_an_application,Closed,True,housing_adjacent_not_development,jev,1,,,data/derived/planning_scope_evidence_2026-09-28.json@0861ffec4c55bf14,2026-09-29,John
PLN2017-0032,exclude,DROP,not_an_application,Closed,True,housing_adjacent_not_development,jev,none_stated,,,data/derived/planning_scope_evidence_2026-09-28.json@0861ffec4c55bf14,2026-09-29,John
PLN2017-0035,exclude,DROP,not_an_application,Closed,True,housing_adjacent_not_development,jev,none_stated,,,data/derived/planning_scope_evidence_2026-09-28.json@0861ffec4c55bf14,2026-09-29,John
PLN2017-0049,exclude,DROP,not_an_application,Pending,True,housing_adjacent_not_development,jev,none_stated,,,data/derived/planning_scope_evidence_2026-09-28.json@0861ffec4c55bf14,2026-09-29,John
PLN2017-0050,exclude,DROP,not_an_application,Closed,True,housing_adjacent_not_development,jev,2_to_9,,,data/derived/planning_scope_evidence_2026-09-28.json@0861ffec4c55bf14,2026-09-29,John
PLN2017-0061,include,ADD,pre_application,Pending,False,housing_development,sonnet,34,0.0,"The description ""Creation of 4-story, 34 income-restricted studios for seniors"" states a unit count for a residential-only project with no nonresidential component mentioned.",data/derived/planning_scope_second_read_2026-09-28.json@6690300ef355cda5,2026-09-29,John
PLN2017-0064,exclude,DROP,not_an_application,Closed,True,housing_adjacent_not_development,jev,none_stated,,,data/derived/planning_scope_evidence_2026-09-28.json@0861ffec4c55bf14,2026-09-29,John
PLN2018-0009,exclude,DROP,not_an_application,Closed,True,housing_adjacent_not_development,jev,none_stated,,,data/derived/planning_scope_evidence_2026-09-28.json@0861ffec4c55bf14,2026-09-29,John
PLN2018-0015,exclude,DROP,not_an_application,Closed,True,housing_adjacent_not_development,jev,none_stated,,,data/derived/planning_scope_evidence_2026-09-28.json@0861ffec4c55bf14,2026-09-29,John
PLN2018-0041,exclude,DROP,not_an_application,Closed,True,housing_adjacent_not_development,jev,none_stated,,,data/derived/planning_scope_evidence_2026-09-28.json@0861ffec4c55bf14,2026-09-29,John
PLN2019-0003,exclude,DROP,not_an_application,Closed,True,housing_adjacent_not_development,jev,none_stated,,,data/derived/planning_scope_evidence_2026-09-28.json@0861ffec4c55bf14,2026-09-29,John
PLN2019-0008,exclude,DROP,not_an_application,Closed,True,housing_adjacent_not_development,jev,1,,,data/derived/planning_scope_evidence_2026-09-28.json@0861ffec4c55bf14,2026-09-29,John
PLN2019-0009,exclude,DROP,not_an_application,Closed,True,housing_adjacent_not_development,jev,none_stated,,,data/derived/planning_scope_evidence_2026-09-28.json@0861ffec4c55bf14,2026-09-29,John
PLN2019-0017,exclude,DROP,not_an_application,Closed,True,housing_adjacent_not_development,jev,1,,,data/derived/planning_scope_evidence_2026-09-28.json@0861ffec4c55bf14,2026-09-29,John
PLN2019-0018,include,ADD,pre_application,Closed,False,housing_development,sonnet,12,0.0,"The description ""Conversion of warehouse building into 12 suites/units"" states a residential unit count with no nonresidential use mentioned.",data/derived/planning_scope_second_read_2026-09-28.json@6690300ef355cda5,2026-09-29,John
PLN2019-0026,exclude,DROP,not_an_application,Closed,True,housing_adjacent_not_development,jev,none_stated,,,data/derived/planning_scope_evidence_2026-09-28.json@0861ffec4c55bf14,2026-09-29,John
PLN2019-0031,exclude,DROP,not_an_application,Closed,True,housing_adjacent_not_development,jev,2_to_9,,,data/derived/planning_scope_evidence_2026-09-28.json@0861ffec4c55bf14,2026-09-29,John
PLN2019-0034,exclude,DROP,not_an_application,Closed,True,housing_adjacent_not_development,jev,none_stated,,,data/derived/planning_scope_evidence_2026-09-28.json@0861ffec4c55bf14,2026-09-29,John
PLN2019-0045,exclude,DROP,not_an_application,Closed,True,housing_adjacent_not_development,jev,2_to_9,,,data/derived/planning_scope_evidence_2026-09-28.json@0861ffec4c55bf14,2026-09-29,John
PLN2019-0067,exclude,DROP,not_an_application,Pending,True,housing_adjacent_not_development,jev,none_stated,,,data/derived/planning_scope_evidence_2026-09-28.json@0861ffec4c55bf14,2026-09-29,John
PLN2019-0070,exclude,DROP,not_an_application,Pending,True,housing_adjacent_not_development,jev,2_to_9,,,data/derived/planning_scope_evidence_2026-09-28.json@0861ffec4c55bf14,2026-09-29,John
PLN2020-0004,exclude,DROP,not_an_application,Pending,True,housing_adjacent_not_development,jev,none_stated,,,data/derived/planning_scope_evidence_2026-09-28.json@0861ffec4c55bf14,2026-09-29,John
PLN2020-0006,exclude,DROP,not_an_application,Pending,True,housing_adjacent_not_development,jev,none_stated,,,data/derived/planning_scope_evidence_2026-09-28.json@0861ffec4c55bf14,2026-09-29,John
PLN2020-0017,exclude,DROP,companion_review,Closed,True,housing_adjacent_not_development,sonnet,,0.0,"The appeal concerns work ""to alter an existing three-story single family dwelling... by constructing a 115 sq. ft. addition on the third floor,"" an alteration to an existing home with no new units stated.",data/derived/planning_scope_second_read_2026-09-28.json@6690300ef355cda5,2026-09-29,John
PLN2020-0018,exclude,DROP,not_an_application,Closed,True,housing_adjacent_not_development,jev,none_stated,,,data/derived/planning_scope_evidence_2026-09-28.json@0861ffec4c55bf14,2026-09-29,John
PLN2020-0024,exclude,DROP,not_an_application,Closed,True,housing_adjacent_not_development,jev,none_stated,,,data/derived/planning_scope_evidence_2026-09-28.json@0861ffec4c55bf14,2026-09-29,John
PLN2020-0027,exclude,DROP,not_an_application,Closed,True,housing_adjacent_not_development,jev,none_stated,,,data/derived/planning_scope_evidence_2026-09-28.json@0861ffec4c55bf14,2026-09-29,John
PLN2020-0034,exclude,DROP,not_an_application,Pending,True,housing_adjacent_not_development,sonnet,,0.0,"The record is a Zoning Research Letter about removing an NOL, stating ""New ADU proposed and a new NOL needs to be filed,"" which shows housing is present but this is an inquiry/NOL step, not a development application.",data/derived/planning_scope_second_read_2026-09-28.json@6690300ef355cda5,2026-09-29,John
PLN2021-0028,exclude,DROP,companion_review,Pending,True,housing_adjacent_not_development,sonnet,,0.0,"The appeal concerns a '520 square foot second-story addition' and 'legalize the enclosure of the front porch' on an existing single-family residence, not the creation of new dwelling units.",data/derived/planning_scope_second_read_2026-09-28.json@6690300ef355cda5,2026-09-29,John
PLN2021-0029,exclude,DROP,companion_review,Pending,True,housing_adjacent_not_development,sonnet,,0.0,"This is a 'Second appeal of ZP2020-0034' for the same '520 square foot second-story addition' to an existing house, not a new housing development application.",data/derived/planning_scope_second_read_2026-09-28.json@6690300ef355cda5,2026-09-29,John
PLN2022-0003,exclude,DROP,not_an_application,Closed,True,housing_adjacent_not_development,jev,2_to_9,,,data/derived/planning_scope_evidence_2026-09-28.json@0861ffec4c55bf14,2026-09-29,John
PLN2022-0017,exclude,DROP,not_an_application,Pending,True,housing_adjacent_not_development,jev,2_to_9,,,data/derived/planning_scope_evidence_2026-09-28.json@0861ffec4c55bf14,2026-09-29,John
PLN2022-0073,exclude,DROP,not_an_application,Closed,True,housing_adjacent_not_development,jev,none_stated,,,data/derived/planning_scope_evidence_2026-09-28.json@0861ffec4c55bf14,2026-09-29,John
PLN2023-0011,exclude,DROP,companion_review,Closed,True,housing_adjacent_not_development,sonnet,,0.0,"The appeal concerns a permit for a '3rd story major residential addition' and 'addition of a fifth bedroom on the lot,' an alteration to an existing home rather than creation of new dwelling units.",data/derived/planning_scope_second_read_2026-09-28.json@6690300ef355cda5,2026-09-29,John
PLN2023-0012,exclude,DROP,companion_review,Closed,True,housing_adjacent_not_development,sonnet,,0.0,"This duplicate appeal again concerns a 'major residential addition' and 'addition of a fifth bedroom,' an expansion of an existing single-family home, not a new housing development.",data/derived/planning_scope_second_read_2026-09-28.json@6690300ef355cda5,2026-09-29,John
PLN2023-0029,exclude,DROP,not_an_application,Closed,True,housing_adjacent_not_development,jev,none_stated,,,data/derived/planning_scope_evidence_2026-09-28.json@0861ffec4c55bf14,2026-09-29,John
PLN2023-0030,exclude,DROP,pre_application,Closed,True,housing_adjacent_not_development,sonnet,,0.0,"The description states 'Split existing 12,820 sq ft lot with two existing residences into two new lots,' describing a lot split of existing homes rather than a proposed housing development application.",data/derived/planning_scope_second_read_2026-09-28.json@6690300ef355cda5,2026-09-29,John
PLN2023-0035,exclude,DROP,not_an_application,Under Review,True,housing_adjacent_not_development,sonnet,,0.0,"The description is a 'ZRL requesting waiver to construct a portion of the proposed ADU within the front setback,' which is a zoning inquiry, not the housing development application itself.",data/derived/planning_scope_second_read_2026-09-28.json@6690300ef355cda5,2026-09-29,John
PLN2023-0037,exclude,DROP,pre_application,Closed,True,housing_adjacent_not_development,sonnet,,0.0,"The record is an 'SB 9 Preliminary Eligibility Determination for lot split,' an inquiry into eligibility rather than a housing development application.",data/derived/planning_scope_second_read_2026-09-28.json@6690300ef355cda5,2026-09-29,John
PLN2023-0049,exclude,DROP,pre_application,Closed,True,housing_adjacent_not_development,sonnet,,0.0,"The text describes ""a proposed remodel and addition to an existing single-family dwelling"" with a garage and second-story addition, i.e., alteration of an existing house, not creation of new dwelling units.",data/derived/planning_scope_second_read_2026-09-28.json@6690300ef355cda5,2026-09-29,John
PLN2023-0069,exclude,DROP,not_an_application,Closed,True,housing_adjacent_not_development,jev,none_stated,,,data/derived/planning_scope_evidence_2026-09-28.json@0861ffec4c55bf14,2026-09-29,John
PLN2023-0098,include,ADD,pre_application,Closed,False,housing_development,sonnet,48,0.0,"The description states 'a new eight-story, 48 united mixed-use development with 17,110 sf commercial space', giving a unit count sufficient to qualify though the residential square footage share is not stated.",data/derived/planning_scope_second_read_2026-09-28.json@6690300ef355cda5,2026-09-29,John
PLN2024-0019,exclude,DROP,pre_application,Closed,True,housing_adjacent_not_development,jev,none_stated,,,data/derived/planning_scope_evidence_2026-09-28.json@0861ffec4c55bf14,2026-09-29,John
PLN2024-0030,exclude,DROP,not_an_application,Pending,True,housing_adjacent_not_development,jev,none_stated,,,data/derived/planning_scope_evidence_2026-09-28.json@0861ffec4c55bf14,2026-09-29,John
PLN2024-0066,exclude,DROP,not_an_application,Closed,True,housing_adjacent_not_development,jev,none_stated,,,data/derived/planning_scope_evidence_2026-09-28.json@0861ffec4c55bf14,2026-09-29,John
PLN2025-0001,exclude,DROP,not_an_application,Closed,True,housing_adjacent_not_development,jev,2_to_9,,,data/derived/planning_scope_evidence_2026-09-28.json@0861ffec4c55bf14,2026-09-29,John
PLN2025-0014,exclude,DROP,companion_review,Withdrawn,True,housing_adjacent_not_development,jev,none_stated,,,data/derived/planning_scope_evidence_2026-09-28.json@0861ffec4c55bf14,2026-09-29,John
PLN2025-0015,exclude,DROP,not_an_application,Closed,True,housing_adjacent_not_development,jev,none_stated,,,data/derived/planning_scope_evidence_2026-09-28.json@0861ffec4c55bf14,2026-09-29,John
PLN2025-0020,exclude,DROP,not_an_application,Closed,True,housing_adjacent_not_development,jev,none_stated,,,data/derived/planning_scope_evidence_2026-09-28.json@0861ffec4c55bf14,2026-09-29,John
PLN2025-0022,exclude,DROP,not_an_application,Closed,True,housing_adjacent_not_development,jev,none_stated,,,data/derived/planning_scope_evidence_2026-09-28.json@0861ffec4c55bf14,2026-09-29,John
PLN2025-0023,exclude,DROP,companion_review,Under Review,True,housing_adjacent_not_development,sonnet,,0.0,"The appeal concerns an AUP 'to construct a major residential addition' (balcony enclosure, roof decks, master suite) to an existing home, with no new dwelling units stated.",data/derived/planning_scope_second_read_2026-09-28.json@6690300ef355cda5,2026-09-29,John
PLN2025-0025,exclude,DROP,not_an_application,Closed,True,housing_adjacent_not_development,jev,1,,,data/derived/planning_scope_evidence_2026-09-28.json@0861ffec4c55bf14,2026-09-29,John
PLN2025-0026,exclude,DROP,not_an_application,Closed,True,housing_adjacent_not_development,jev,none_stated,,,data/derived/planning_scope_evidence_2026-09-28.json@0861ffec4c55bf14,2026-09-29,John
PLN2025-0028,include,ADD,pre_application,Under Review,False,housing_development,sonnet,,0.0,"The pre-application is to 'address questions regarding a potential SB-684 project,' a state lot-split mechanism exclusively for residential unit development, though no unit count or square footage is given.",data/derived/planning_scope_second_read_2026-09-28.json@6690300ef355cda5,2026-09-29,John
PLN2025-0030,exclude,DROP,pre_application,Approved,True,housing_adjacent_not_development,sonnet,,0.0,"The description covers a '1217 sf residential addition adding two bedrooms and two bathrooms directly attaching to the East wing of the house,' an expansion of an existing single-family unit rather than creation of new dwelling units.",data/derived/planning_scope_second_read_2026-09-28.json@6690300ef355cda5,2026-09-29,John
PLN2025-0034,exclude,DROP,pre_application,Closed,True,housing_adjacent_not_development,jev,none_stated,,,data/derived/planning_scope_evidence_2026-09-28.json@0861ffec4c55bf14,2026-09-29,John
PLN2025-0048,exclude,DROP,pre_application,Under Review,True,housing_adjacent_not_development,jev,none_stated,,,data/derived/planning_scope_evidence_2026-09-28.json@0861ffec4c55bf14,2026-09-29,John
PLN2026-0014,exclude,DROP,pre_application,Approved,True,housing_adjacent_not_development,sonnet,,0.0,"The description says the project will ""construct a two story rear residential addition adding two bedrooms and two baths,"" which expands an existing dwelling rather than creating a new housing unit.",data/derived/planning_scope_second_read_2026-09-28.json@6690300ef355cda5,2026-09-29,John
PLN2026-0061,exclude,DROP,pre_application,Under Review,True,housing_adjacent_not_development,sonnet,,0.0,"The description describes ""Creation of second-story major residential addition (690 sq ft) to existing single-family residence,"" an alteration of existing housing rather than a new development application.",data/derived/planning_scope_second_read_2026-09-28.json@6690300ef355cda5,2026-09-29,John
PLN2026-0075,exclude,DROP,not_an_application,Closed,True,housing_adjacent_not_development,jev,none_stated,,,data/derived/planning_scope_evidence_2026-09-28.json@0861ffec4c55bf14,2026-09-29,John
PLN2026-0082,exclude,DROP,pre_application,Approved,True,housing_adjacent_not_development,sonnet,,0.0,"The description states only a residential addition ""creating two new bedrooms and one bathroom"" to an existing single-family residence, with no new dwelling units created.",data/derived/planning_scope_second_read_2026-09-28.json@6690300ef355cda5,2026-09-29,John
PLN2026-0084,include,ADD,pre_application,Under Review,False,housing_development,sonnet,1,0.0,"The description states ""convert a portion of the existing basement into a new unit,"" indicating one new residential unit with no square-footage split stated.",data/derived/planning_scope_second_read_2026-09-28.json@6690300ef355cda5,2026-09-29,John
PLN2026-0085,exclude,DROP,not_an_application,Pending,True,housing_adjacent_not_development,jev,none_stated,,,data/derived/planning_scope_evidence_2026-09-28.json@0861ffec4c55bf14,2026-09-29,John
PLN2026-0086,exclude,DROP,not_an_application,Pending,True,housing_adjacent_not_development,jev,none_stated,,,data/derived/planning_scope_evidence_2026-09-28.json@0861ffec4c55bf14,2026-09-29,John
PLN2026-0096,exclude,DROP,pre_application,Closed,True,housing_adjacent_not_development,sonnet,,0.0,"The description states only an ""888 square-foot major residential addition to existing single-family dwelling unit"" with no new units created.",data/derived/planning_scope_second_read_2026-09-28.json@6690300ef355cda5,2026-09-29,John
PLN2026-0108,exclude,DROP,not_an_application,Under Review,True,housing_adjacent_not_development,jev,none_stated,,,data/derived/planning_scope_evidence_2026-09-28.json@0861ffec4c55bf14,2026-09-29,John
PLN2026-0110,exclude,DROP,pre_application,Under Review,True,housing_adjacent_not_development,jev,1,,,data/derived/planning_scope_evidence_2026-09-28.json@0861ffec4c55bf14,2026-09-29,John
PLN2026-0120,exclude,DROP,not_an_application,Under Review,True,housing_adjacent_not_development,jev,none_stated,,,data/derived/planning_scope_evidence_2026-09-28.json@0861ffec4c55bf14,2026-09-29,John
PLN2026-0121,exclude,DROP,not_an_application,Under Review,True,housing_adjacent_not_development,jev,none_stated,,,data/derived/planning_scope_evidence_2026-09-28.json@0861ffec4c55bf14,2026-09-29,John
PLN2026-0133,exclude,DROP,not_an_application,Pending,True,housing_adjacent_not_development,jev,none_stated,,,data/derived/planning_scope_evidence_2026-09-28.json@0861ffec4c55bf14,2026-09-29,John
PLN2026-0152,include,ADD,pre_application,Under Review,False,housing_development,sonnet,,1.0,"The description is a 'Pre-application meeting on feedback about demolition of SFD, possible second story addition, modular home build option,' describing a residential-only project even though no unit count or square footage split is given.",data/derived/planning_scope_second_read_2026-09-28.json@6690300ef355cda5,2026-09-29,John
PLN2026-0154,exclude,DROP,not_an_application,Closed,True,housing_adjacent_not_development,jev,none_stated,,,data/derived/planning_scope_evidence_2026-09-28.json@0861ffec4c55bf14,2026-09-29,John
PLN2026-0176,exclude,DROP,not_an_application,Pending,True,housing_adjacent_not_development,jev,none_stated,,,data/derived/planning_scope_evidence_2026-09-28.json@0861ffec4c55bf14,2026-09-29,John
PLN2026-0177,exclude,DROP,pre_application,Under Review,True,housing_adjacent_not_development,jev,2_to_9,,,data/derived/planning_scope_evidence_2026-09-28.json@0861ffec4c55bf14,2026-09-29,John
PLN2026-0186,exclude,DROP,not_an_application,Under Review,True,housing_adjacent_not_development,jev,none_stated,,,data/derived/planning_scope_evidence_2026-09-28.json@0861ffec4c55bf14,2026-09-29,John
ZCBP2015-0580,exclude,DROP,ministerial_clearance,Closed,True,not_housing,sonnet,,0.0,"The description ""Apartment building signs"" is a signage permit, which the guidance classifies as not_housing regardless of the building's residential nature.",data/derived/planning_scope_second_read_2026-09-28.json@6690300ef355cda5,2026-09-29,John
ZCBP2015-0616,exclude,DROP,ministerial_clearance,Closed,True,housing_adjacent_not_development,jev,1,,,data/derived/planning_scope_evidence_2026-09-28.json@0861ffec4c55bf14,2026-09-29,John
ZCBP2015-0620,exclude,DROP,ministerial_clearance,Approved,True,housing_adjacent_not_development,jev,none_stated,,,data/derived/planning_scope_evidence_2026-09-28.json@0861ffec4c55bf14,2026-09-29,John
ZCBP2015-0640,exclude,DROP,ministerial_clearance,Closed,True,housing_adjacent_not_development,sonnet,,0.0,"""Convert basement to habitable space"" implies residential occupancy but states no dwelling unit count or new unit creation, indicating an alteration to existing housing rather than a housing development application.",data/derived/planning_scope_second_read_2026-09-28.json@6690300ef355cda5,2026-09-29,John
ZCBP2015-0665,exclude,DROP,ministerial_clearance,Approved,True,housing_adjacent_not_development,sonnet,,0.0,"The text describes ""remodel of kitchen; upper level addition with 1 bedroom and 1 bath"" which alters an existing unit rather than creating a new dwelling unit.",data/derived/planning_scope_second_read_2026-09-28.json@6690300ef355cda5,2026-09-29,John
ZCBP2015-0685,exclude,DROP,ministerial_clearance,Approved,True,housing_adjacent_not_development,sonnet,,0.0,"The description 'Residential addition @ rear with new deck' confirms housing is present but describes an addition to an existing home, not a new dwelling-unit application.",data/derived/planning_scope_second_read_2026-09-28.json@6690300ef355cda5,2026-09-29,John
ZCBP2015-0718,exclude,DROP,ministerial_clearance,Approved,True,housing_adjacent_not_development,sonnet,,0.0,"The description ""Residential addition and remodel"" shows housing is present, but this ZCBP is a ministerial permit for an alteration to an existing dwelling, not an application for a new housing development.",data/derived/planning_scope_second_read_2026-09-28.json@6690300ef355cda5,2026-09-29,John
ZCBP2015-0750,exclude,DROP,ministerial_clearance,Closed,True,housing_adjacent_not_development,jev,none_stated,,,data/derived/planning_scope_evidence_2026-09-28.json@0861ffec4c55bf14,2026-09-29,John
ZCBP2015-0807,exclude,DROP,ministerial_clearance,Closed,True,housing_adjacent_not_development,sonnet,,0.0,"The text ""Reapportioning the square footage between commercial and residential"" shows an existing mixed-use building's internal reallocation, not a new development application with stated units.",data/derived/planning_scope_second_read_2026-09-28.json@6690300ef355cda5,2026-09-29,John
ZCBP2015-0816,exclude,DROP,ministerial_clearance,Approved,True,housing_adjacent_not_development,jev,none_stated,,,data/derived/planning_scope_evidence_2026-09-28.json@0861ffec4c55bf14,2026-09-29,John
ZCBP2015-0817,exclude,DROP,ministerial_clearance,Closed,True,housing_adjacent_not_development,sonnet,,0.0,"The description ""Residential addition and remodel"" shows work on an existing dwelling, not an application for new housing units or a ministerial step toward one.",data/derived/planning_scope_second_read_2026-09-28.json@6690300ef355cda5,2026-09-29,John
ZCBP2015-0821,exclude,DROP,ministerial_clearance,Approved,True,housing_adjacent_not_development,sonnet,,0.0,"The record describes ""Remodel of single-family dwelling,"" an alteration to an existing home rather than a new housing development application.",data/derived/planning_scope_second_read_2026-09-28.json@6690300ef355cda5,2026-09-29,John
ZCBP2015-0840,exclude,DROP,ministerial_clearance,Approved,True,housing_adjacent_not_development,sonnet,,0.0,"The description states 'Small residential addition,' confirming housing presence but describing only a minor addition with no stated new dwelling units, so it is not itself a housing development application.",data/derived/planning_scope_second_read_2026-09-28.json@6690300ef355cda5,2026-09-29,John
ZCBP2015-0855,exclude,DROP,ministerial_clearance,Closed,True,housing_adjacent_not_development,jev,none_stated,,,data/derived/planning_scope_evidence_2026-09-28.json@0861ffec4c55bf14,2026-09-29,John
ZCBP2015-0879,exclude,DROP,ministerial_clearance,Approved,True,housing_adjacent_not_development,sonnet,,0.0,"The description ""Residential remodel"" shows housing is present, but a ZCBP remodel of an existing unit is a ministerial permit, not an application for a new housing development.",data/derived/planning_scope_second_read_2026-09-28.json@6690300ef355cda5,2026-09-29,John
ZCBP2015-0892,exclude,DROP,ministerial_clearance,Approved,True,housing_adjacent_not_development,jev,none_stated,,,data/derived/planning_scope_evidence_2026-09-28.json@0861ffec4c55bf14,2026-09-29,John
ZCBP2015-0897,exclude,DROP,ministerial_clearance,Closed,True,housing_adjacent_not_development,sonnet,,0.0,"The description ""Residential addition"" indicates an addition to an existing residence, not a new housing development application, and states no unit count.",data/derived/planning_scope_second_read_2026-09-28.json@6690300ef355cda5,2026-09-29,John
ZCBP2015-0910,exclude,DROP,ministerial_clearance,Approved,True,housing_adjacent_not_development,sonnet,,0.0,"The description ""Legalize conversion of ADU"" describes formalizing an existing condition rather than an application for new housing development.",data/derived/planning_scope_second_read_2026-09-28.json@6690300ef355cda5,2026-09-29,John
ZCBP2015-0922,exclude,DROP,ministerial_clearance,Approved,True,housing_adjacent_not_development,sonnet,,0.0,"The description ""Residential remodel/small addition"" confirms residential use but describes an alteration, not a new housing development application.",data/derived/planning_scope_second_read_2026-09-28.json@6690300ef355cda5,2026-09-29,John
ZCBP2015-0985,exclude,DROP,ministerial_clearance,Closed,True,housing_adjacent_not_development,jev,1,,,data/derived/planning_scope_evidence_2026-09-28.json@0861ffec4c55bf14,2026-09-29,John
ZCBP2015-0991,exclude,DROP,ministerial_clearance,Approved,True,housing_adjacent_not_development,sonnet,,0.0,"The record is a 'Zoning Certificate Building Permit' described only as 'RESIDENTIAL ADDITION' with no dwelling unit count stated, and a ZCBP is 'a zoning clearance for a building permit, and is ministerial,' not the development application itself.",data/derived/planning_scope_second_read_2026-09-28.json@6690300ef355cda5,2026-09-29,John
ZCBP2015-0994,exclude,DROP,ministerial_clearance,Approved,True,housing_adjacent_not_development,jev,none_stated,,,data/derived/planning_scope_evidence_2026-09-28.json@0861ffec4c55bf14,2026-09-29,John
ZCBP2015-0998,exclude,DROP,ministerial_clearance,Approved,True,housing_adjacent_not_development,jev,none_stated,,,data/derived/planning_scope_evidence_2026-09-28.json@0861ffec4c55bf14,2026-09-29,John
ZCBP2015-1031,exclude,DROP,ministerial_clearance,Approved,True,housing_adjacent_not_development,sonnet,,0.0,"The description ""REAR RESIDENTIAL ADDITION"" indicates an addition to an existing residence, not a new housing development with stated units.",data/derived/planning_scope_second_read_2026-09-28.json@6690300ef355cda5,2026-09-29,John
ZCBP2015-1047,exclude,DROP,ministerial_clearance,Approved,True,housing_adjacent_not_development,sonnet,,0.0,"The description explicitly states ""RESIDENTIAL REMODEL,"" showing housing is present, but this is an alteration permit, not an application to develop new housing units.",data/derived/planning_scope_second_read_2026-09-28.json@6690300ef355cda5,2026-09-29,John
ZCBP2015-1068,include,ADD,ministerial_clearance,Closed,False,housing_development,sonnet,1,0.0,"The description states ""NEW UNIT,"" indicating a new residential unit with no square-footage split needed since it is residential only.",data/derived/planning_scope_second_read_2026-09-28.json@6690300ef355cda5,2026-09-29,John
ZCBP2015-1098,exclude,DROP,ministerial_clearance,Approved,True,housing_adjacent_not_development,jev,1,,,data/derived/planning_scope_evidence_2026-09-28.json@0861ffec4c55bf14,2026-09-29,John
ZCBP2015-1099,exclude,DROP,ministerial_clearance,Approved,True,housing_adjacent_not_development,sonnet,,0.0,"The description says only ""RESIDENTIAL REMODEL"" with no unit count or new construction, indicating an alteration to existing housing rather than a development application.",data/derived/planning_scope_second_read_2026-09-28.json@6690300ef355cda5,2026-09-29,John
ZCBP2015-1109,exclude,DROP,ministerial_clearance,Approved,True,housing_adjacent_not_development,sonnet,,0.0,"The description ""RESIDENTIAL REMODEL."" identifies existing residential use being altered, not a new housing development application.",data/derived/planning_scope_second_read_2026-09-28.json@6690300ef355cda5,2026-09-29,John
ZCBP2015-1129,exclude,DROP,ministerial_clearance,Closed,True,housing_adjacent_not_development,sonnet,,0.0,"The description ""BY-RIGHT ADDITION TO SINGLE-FAMILY HOME"" confirms residential use but describes only an addition to an existing home, not an application creating new dwelling units, so it is housing-adjacent but not a development application.",data/derived/planning_scope_second_read_2026-09-28.json@6690300ef355cda5,2026-09-29,John
ZCBP2015-1137,exclude,DROP,ministerial_clearance,Closed,True,housing_adjacent_not_development,sonnet,,0.0,"The description ""RELOCATE 2 EXISTING PARKING SPACES AND INFILL GARAGE TO LAUNDRY"" describes an alteration to an existing structure's parking/laundry facilities, not an application to create new dwelling units.",data/derived/planning_scope_second_read_2026-09-28.json@6690300ef355cda5,2026-09-29,John
ZCBP2015-1165,exclude,DROP,ministerial_clearance,Approved,True,housing_adjacent_not_development,jev,none_stated,,,data/derived/planning_scope_evidence_2026-09-28.json@0861ffec4c55bf14,2026-09-29,John
ZCBP2015-1176,exclude,DROP,ministerial_clearance,Closed,True,housing_adjacent_not_development,sonnet,,0.0,"Text says ""REMODEL EXISTING FIRST FLOOR UNIT OF DUPLEX,"" an alteration to an existing dwelling, not an application creating new housing.",data/derived/planning_scope_second_read_2026-09-28.json@6690300ef355cda5,2026-09-29,John
ZCBP2015-1178,exclude,DROP,ministerial_clearance,Closed,True,housing_adjacent_not_development,sonnet,,0.0,"Description states only ""RESIDENTIAL REMODEL,"" indicating alteration of an existing residence with no new units proposed.",data/derived/planning_scope_second_read_2026-09-28.json@6690300ef355cda5,2026-09-29,John
ZCBP2015-1197,exclude,DROP,ministerial_clearance,Approved,True,housing_adjacent_not_development,jev,none_stated,,,data/derived/planning_scope_evidence_2026-09-28.json@0861ffec4c55bf14,2026-09-29,John
ZCBP2015-1205,include,ADD,ministerial_clearance,Approved,False,housing_development,sonnet,1,0.0,"The description states ""NEW SECOND UNIT,"" indicating one additional residential unit.",data/derived/planning_scope_second_read_2026-09-28.json@6690300ef355cda5,2026-09-29,John
ZCBP2015-1207,exclude,DROP,ministerial_clearance,Approved,True,housing_adjacent_not_development,sonnet,,0.0,"The text 'RESIDENTIAL REMODEL' indicates work on an existing residence, not creation of new units, so it is housing-adjacent rather than a development application.",data/derived/planning_scope_second_read_2026-09-28.json@6690300ef355cda5,2026-09-29,John
ZCBP2015-1217,exclude,DROP,ministerial_clearance,Approved,True,housing_adjacent_not_development,jev,none_stated,,,data/derived/planning_scope_evidence_2026-09-28.json@0861ffec4c55bf14,2026-09-29,John
ZCBP2015-1249,exclude,DROP,ministerial_clearance,Approved,True,housing_adjacent_not_development,sonnet,,0.0,"The description ""MAJOR RESIDENTIAL ADDITION AND REMODEL"" confirms residential use but describes an alteration to an existing dwelling, not a new housing development application with stated units.",data/derived/planning_scope_second_read_2026-09-28.json@6690300ef355cda5,2026-09-29,John
ZCBP2015-1402,exclude,DROP,ministerial_clearance,Approved,True,housing_adjacent_not_development,sonnet,,0.0,"""RESIDENTIAL REMODEL."" confirms housing use but describes only a remodel, not a new development application with unit counts.",data/derived/planning_scope_second_read_2026-09-28.json@6690300ef355cda5,2026-09-29,John
ZCBP2015-1411,exclude,DROP,ministerial_clearance,Approved,True,housing_adjacent_not_development,sonnet,,0.0,"""RESIDENTIAL ADDITION AND REMODEL."" confirms a residential alteration but does not describe a new development application or new units.",data/derived/planning_scope_second_read_2026-09-28.json@6690300ef355cda5,2026-09-29,John
ZCBP2015-1419,exclude,DROP,ministerial_clearance,Approved,True,housing_adjacent_not_development,jev,none_stated,,,data/derived/planning_scope_evidence_2026-09-28.json@0861ffec4c55bf14,2026-09-29,John
ZCBP2015-1437,exclude,DROP,ministerial_clearance,Closed,True,housing_adjacent_not_development,sonnet,,0.0,"The text ""RESIDENTIAL ADDITION."" confirms housing is present but describes an addition to an existing structure with no stated new dwelling units, so it is not itself a housing development application.",data/derived/planning_scope_second_read_2026-09-28.json@6690300ef355cda5,2026-09-29,John
ZCBP2015-1444,exclude,DROP,ministerial_clearance,Approved,True,housing_adjacent_not_development,jev,2_to_9,,,data/derived/planning_scope_evidence_2026-09-28.json@0861ffec4c55bf14,2026-09-29,John
ZCBP2015-1445,exclude,DROP,ministerial_clearance,Approved,True,housing_adjacent_not_development,jev,none_stated,,,data/derived/planning_scope_evidence_2026-09-28.json@0861ffec4c55bf14,2026-09-29,John
ZCBP2015-1460,exclude,DROP,ministerial_clearance,Approved,True,housing_adjacent_not_development,sonnet,,0.0,"""RESIDENTIAL REMODEL AND ADDITION"" confirms an existing residence is being altered but states no new dwelling units, so it is not a development application.",data/derived/planning_scope_second_read_2026-09-28.json@6690300ef355cda5,2026-09-29,John
ZCBP2015-1462,include,ADD,ministerial_clearance,Approved,False,housing_development,sonnet,1,0.0,"The description states ""SFR,"" indicating a single-family residential unit.",data/derived/planning_scope_second_read_2026-09-28.json@6690300ef355cda5,2026-09-29,John
ZCBP2015-1468,exclude,DROP,ministerial_clearance,Approved,True,housing_adjacent_not_development,sonnet,,0.0,"The description ""REMODEL AND ADDITION TO SINGLE-FAMILY DWELLING"" describes work on an existing residence with no stated new dwelling units, so it is not an application for a housing development project.",data/derived/planning_scope_second_read_2026-09-28.json@6690300ef355cda5,2026-09-29,John
ZCBP2015-1477,exclude,DROP,ministerial_clearance,Closed,True,housing_adjacent_not_development,sonnet,,0.0,"The description ""RESIDENTIAL REMODEL AND ADDITION"" describes alteration of an existing residence with no stated new dwelling units, so it does not qualify as a housing development project.",data/derived/planning_scope_second_read_2026-09-28.json@6690300ef355cda5,2026-09-29,John
ZCBP2015-1485,exclude,DROP,ministerial_clearance,Approved,True,housing_adjacent_not_development,jev,none_stated,,,data/derived/planning_scope_evidence_2026-09-28.json@0861ffec4c55bf14,2026-09-29,John
ZCBP2015-1486,exclude,DROP,ministerial_clearance,Approved,True,housing_adjacent_not_development,jev,none_stated,,,data/derived/planning_scope_evidence_2026-09-28.json@0861ffec4c55bf14,2026-09-29,John
ZCBP2015-1496,exclude,DROP,ministerial_clearance,Approved,True,housing_adjacent_not_development,jev,none_stated,,,data/derived/planning_scope_evidence_2026-09-28.json@0861ffec4c55bf14,2026-09-29,John
ZCBP2015-1497,include,ADD,ministerial_clearance,Closed,False,housing_development,sonnet,1,0.0,"The description 'REMODEL EXISTING CREATING A SEPARATE ACCESSORY UNIT' explicitly states the creation of a new residential unit, satisfying the units-stated sufficiency rule for a residential-only project.",data/derived/planning_scope_second_read_2026-09-28.json@6690300ef355cda5,2026-09-29,John
ZCBP2015-1500,include,ADD,ministerial_clearance,Closed,False,housing_development,sonnet,1,0.0,"The description states ""SFR,"" indicating a single-family residential unit.",data/derived/planning_scope_second_read_2026-09-28.json@6690300ef355cda5,2026-09-29,John
ZCBP2015-1516,exclude,DROP,ministerial_clearance,Closed,True,housing_adjacent_not_development,sonnet,,0.0,"The description ""ADDITION TO EXISTING RESIDENCE TO CREATE A HABITABLE SPACE UNDERNEATH A NEW WOOD DECK"" alters an existing single residence, not a new development application.",data/derived/planning_scope_second_read_2026-09-28.json@6690300ef355cda5,2026-09-29,John
ZCBP2015-1531,include,ADD,ministerial_clearance,Closed,False,housing_development,sonnet,1,0.0,"The description states ""NEW 1,935 SQ FT. HOUSE,"" indicating construction of a new residential house.",data/derived/planning_scope_second_read_2026-09-28.json@6690300ef355cda5,2026-09-29,John
ZCBP2015-1532,include,ADD,ministerial_clearance,Closed,False,housing_development,sonnet,1,0.0,"The description states ""NEW 2011 SQ. FT. HOUSE,"" indicating construction of a new residential house.",data/derived/planning_scope_second_read_2026-09-28.json@6690300ef355cda5,2026-09-29,John
ZCBP2015-1563,exclude,DROP,ministerial_clearance,Approved,True,housing_adjacent_not_development,sonnet,,0.0,"The text ""RESIDENTIAL REMODEL - KITCHEN, BATH AND ADD GUEST ROOM & BATH"" describes alteration of an existing residence, not creation of new dwelling units.",data/derived/planning_scope_second_read_2026-09-28.json@6690300ef355cda5,2026-09-29,John
ZCBP2015-1575,exclude,DROP,ministerial_clearance,Approved,True,housing_adjacent_not_development,sonnet,,0.0,"""CONVERT STORAGE TO HABITABLE SPACE"" implies an existing residential context but states no new dwelling unit count or square-footage split, and is a ministerial ZCBP rather than a development application.",data/derived/planning_scope_second_read_2026-09-28.json@6690300ef355cda5,2026-09-29,John
ZCBP2015-1581,exclude,DROP,ministerial_clearance,Closed,True,housing_adjacent_not_development,sonnet,,0.0,"""CONVERT STORAGE TO HABITABLE SPACE"" implies an existing residential context but states no new dwelling unit count or square-footage split, and is a ministerial ZCBP rather than a development application.",data/derived/planning_scope_second_read_2026-09-28.json@6690300ef355cda5,2026-09-29,John
ZCBP2015-1606,include,ADD,ministerial_clearance,Closed,False,housing_development,sonnet,1,0.0,"The description ""DETACHED TWO-STORY HOUSE"" describes a wholly residential structure, satisfying the residential-only definition (A).",data/derived/planning_scope_second_read_2026-09-28.json@6690300ef355cda5,2026-09-29,John
ZCBP2015-1607,include,ADD,ministerial_clearance,Closed,False,housing_development,sonnet,1,0.0,"The description ""DETACHED TWO-STORY HOUSE"" describes a wholly residential structure, satisfying the residential-only definition (A).",data/derived/planning_scope_second_read_2026-09-28.json@6690300ef355cda5,2026-09-29,John
ZCBP2015-1622,exclude,DROP,ministerial_clearance,Closed,True,housing_adjacent_not_development,sonnet,,0.0,"The description ""RESIDENTIAL REMODEL"" shows housing is present but this ZCBP is a ministerial building-permit clearance, not a development application, and it states no unit count.",data/derived/planning_scope_second_read_2026-09-28.json@6690300ef355cda5,2026-09-29,John
ZCBP2015-1627,exclude,DROP,ministerial_clearance,Closed,True,housing_adjacent_not_development,sonnet,,0.0,"The text ""ADD TWO-STORY ADDITION TO REAR DWELLING"" confirms housing is present, but this ZCBP is a ministerial permit clearance for an addition to an existing dwelling, not a new housing development application, and it states no unit count.",data/derived/planning_scope_second_read_2026-09-28.json@6690300ef355cda5,2026-09-29,John
ZCBP2015-1639,exclude,DROP,ministerial_clearance,Approved,True,not_housing,sonnet,,0.0,"The text ""REMODEL BASEMENT TO INCLUDE HABITABLE SPACE, 928 SQ. FT."" describes an interior remodel of existing space, not creation of new dwelling units.",data/derived/planning_scope_second_read_2026-09-28.json@6690300ef355cda5,2026-09-29,John
ZCBP2015-1653,exclude,DROP,ministerial_clearance,Closed,True,housing_adjacent_not_development,sonnet,,0.0,"The description ""RESIDENTIAL REMODEL"" confirms housing is present but describes an alteration to an existing dwelling, not a new development application, and states no unit count.",data/derived/planning_scope_second_read_2026-09-28.json@6690300ef355cda5,2026-09-29,John
ZCBP2015-1656,exclude,DROP,ministerial_clearance,Closed,True,housing_adjacent_not_development,jev,none_stated,,,data/derived/planning_scope_evidence_2026-09-28.json@0861ffec4c55bf14,2026-09-29,John
ZCBP2015-1657,exclude,DROP,ministerial_clearance,Approved,True,housing_adjacent_not_development,jev,none_stated,,,data/derived/planning_scope_evidence_2026-09-28.json@0861ffec4c55bf14,2026-09-29,John
ZCBP2015-1658,exclude,DROP,ministerial_clearance,Closed,True,housing_adjacent_not_development,jev,none_stated,,,data/derived/planning_scope_evidence_2026-09-28.json@0861ffec4c55bf14,2026-09-29,John
ZCBP2015-1674,exclude,DROP,ministerial_clearance,Approved,True,housing_adjacent_not_development,jev,none_stated,,,data/derived/planning_scope_evidence_2026-09-28.json@0861ffec4c55bf14,2026-09-29,John
ZCBP2015-1675,exclude,DROP,ministerial_clearance,Closed,True,housing_adjacent_not_development,sonnet,1,0.0,"The text ""Keep unit as one bedroom"" refers to an existing unit configuration, not an application to create new housing.",data/derived/planning_scope_second_read_2026-09-28.json@6690300ef355cda5,2026-09-29,John
ZCBP2015-1684,exclude,DROP,ministerial_clearance,Closed,True,housing_adjacent_not_development,sonnet,,0.0,"The description ""RESIDENTIAL REMODEL (KITCHEN/BATH/STAIR) ADD NEW BEDROOM, REDUCE WINDOWS"" shows alteration of an existing residence, not creation of new housing units.",data/derived/planning_scope_second_read_2026-09-28.json@6690300ef355cda5,2026-09-29,John
ZCBP2015-1723,exclude,DROP,ministerial_clearance,Approved,True,housing_adjacent_not_development,jev,none_stated,,,data/derived/planning_scope_evidence_2026-09-28.json@0861ffec4c55bf14,2026-09-29,John
ZCBP2015-1731,exclude,DROP,ministerial_clearance,Approved,True,housing_adjacent_not_development,sonnet,2,0.0,"The description ""RENOVATION OF DUPLEX, DEMO AND REBUILD GARAGE"" confirms existing housing but this is a repair/renovation permit, not an application for new housing development.",data/derived/planning_scope_second_read_2026-09-28.json@6690300ef355cda5,2026-09-29,John
ZCBP2015-1739,exclude,DROP,ministerial_clearance,Closed,True,housing_adjacent_not_development,jev,none_stated,,,data/derived/planning_scope_evidence_2026-09-28.json@0861ffec4c55bf14,2026-09-29,John
ZCBP2016-0024,exclude,DROP,ministerial_clearance,Closed,True,housing_adjacent_not_development,jev,none_stated,,,data/derived/planning_scope_evidence_2026-09-28.json@0861ffec4c55bf14,2026-09-29,John
ZCBP2016-0068,exclude,DROP,ministerial_clearance,Approved,True,housing_adjacent_not_development,sonnet,,0.0,"The description ""RESIDENTIAL ADDITION"" indicates work on an existing residence but states no dwelling unit count, so it is not shown to be a housing development project.",data/derived/planning_scope_second_read_2026-09-28.json@6690300ef355cda5,2026-09-29,John
ZP2015-0003,exclude,DROP,primary_application,Approved,True,housing_adjacent_not_development,sonnet,,0.0,"The intake planner's note describes 'Major Residential Addition of 734 sq. ft.' and 'Attic development to create a second story master suite,' confirming a residential context but describing an addition to an existing home rather than an application for new dwelling units.",data/derived/planning_scope_second_read_2026-09-28.json@6690300ef355cda5,2026-09-29,John
ZP2015-0004,exclude,DROP,primary_application,Approved,True,housing_adjacent_not_development,sonnet,,0.0,"The project name 'Residential Addition @ 115 El Camino' and description 'Residential addition >14' that requests reduced rear setback' show a residential context but describe an addition to an existing home, not an application to create new housing units.",data/derived/planning_scope_second_read_2026-09-28.json@6690300ef355cda5,2026-09-29,John
ZP2015-0010,exclude,DROP,primary_application,Approved,True,housing_adjacent_not_development,sonnet,,0.0,"Describes a ""Major residential addition"" to an existing house, not a new dwelling-unit development application.",data/derived/planning_scope_second_read_2026-09-28.json@6690300ef355cda5,2026-09-29,John
ZP2015-0017,exclude,DROP,primary_application,Approved,True,housing_adjacent_not_development,sonnet,,0.0,"""expand dormers greater than 14 ft. in average height @ duplex"" describes an alteration to an existing duplex, not new unit creation.",data/derived/planning_scope_second_read_2026-09-28.json@6690300ef355cda5,2026-09-29,John
ZP2015-0023,exclude,DROP,primary_application,Approved,True,housing_adjacent_not_development,sonnet,,0.0,"""Residential addition over 14 feet in average height"" describes an alteration to an existing home, not a new housing development application.",data/derived/planning_scope_second_read_2026-09-28.json@6690300ef355cda5,2026-09-29,John
ZP2015-0025,exclude,DROP,primary_application,Approved,True,not_housing,jev,none_stated,,,data/derived/planning_scope_evidence_2026-09-28.json@0861ffec4c55bf14,2026-09-29,John
ZP2015-0028,exclude,DROP,primary_application,Approved,True,housing_adjacent_not_development,sonnet,,0.0,"The record only describes ""Adding habitable space in basement on lot that is over lot coverage,"" with no units created or referenced.",data/derived/planning_scope_second_read_2026-09-28.json@6690300ef355cda5,2026-09-29,John
ZP2015-0035,exclude,DROP,primary_application,Approved,True,housing_adjacent_not_development,sonnet,,0.0,"The description ""2nd story addition"" to an existing residence states no new dwelling units.",data/derived/planning_scope_second_read_2026-09-28.json@6690300ef355cda5,2026-09-29,John
ZP2015-0045,include,ADD,primary_application,Approved,False,housing_development,sonnet,3,0.0,"The record states ""resulting in 3 living units with on-site parking,"" a wholly residential conversion meeting definition (A).",data/derived/planning_scope_second_read_2026-09-28.json@6690300ef355cda5,2026-09-29,John
ZP2015-0047,exclude,DROP,primary_application,Approved,True,housing_adjacent_not_development,sonnet,,1.0,"The text states ""Remove one dwelling unit, raise building and add 200 sf addition at the back,"" which eliminates a unit rather than creating new housing.",data/derived/planning_scope_second_read_2026-09-28.json@6690300ef355cda5,2026-09-29,John
ZP2015-0058,exclude,DROP,primary_application,Approved,True,housing_adjacent_not_development,sonnet,,0.0,"The description ""Major residential addition over 14' in average height"" describes an addition to an existing residence with no new dwelling units stated, so it is not a housing development application.",data/derived/planning_scope_second_read_2026-09-28.json@6690300ef355cda5,2026-09-29,John
ZP2015-0062,exclude,DROP,primary_application,Withdrawn,True,housing_adjacent_not_development,sonnet,,0.0,"The description ""convert existing basement space to 3 bedrooms and 1 bath"" adds bedrooms, not dwelling units, so it does not meet the housing development definition.",data/derived/planning_scope_second_read_2026-09-28.json@6690300ef355cda5,2026-09-29,John
ZP2015-0063,exclude,DROP,primary_application,Approved,True,housing_adjacent_not_development,sonnet,,0.0,"The record concerns ""conversion of part of the approved commercial floor area to a fitness studio for the use of the residential units only,"" an amenity change to existing units, not an application for new housing.",data/derived/planning_scope_second_read_2026-09-28.json@6690300ef355cda5,2026-09-29,John
ZP2015-0091,exclude,DROP,primary_application,Approved,True,housing_adjacent_not_development,sonnet,,0.0,"The record describes enlarging ""the existing 1,409 sq. ft. single-family dwelling"" via small additions, not creating new dwelling units.",data/derived/planning_scope_second_read_2026-09-28.json@6690300ef355cda5,2026-09-29,John
ZP2015-0093,exclude,DROP,primary_application,Approved,True,housing_adjacent_not_development,jev,none_stated,,,data/derived/planning_scope_evidence_2026-09-28.json@0861ffec4c55bf14,2026-09-29,John
ZP2015-0094,exclude,DROP,primary_application,Approved,True,housing_adjacent_not_development,sonnet,,0.0,"The description is a ""two story addition at rear of single-family home,"" an expansion of an existing unit rather than a new development application.",data/derived/planning_scope_second_read_2026-09-28.json@6690300ef355cda5,2026-09-29,John
ZP2015-0103,include,ADD,primary_application,Approved,False,housing_development,sonnet,3,0.0,"The description ""add a third unit"" to a residential structure indicates a wholly residential project meeting definition (A).",data/derived/planning_scope_second_read_2026-09-28.json@6690300ef355cda5,2026-09-29,John
ZP2015-0121,exclude,DROP,primary_application,Approved,True,housing_adjacent_not_development,jev,none_stated,,,data/derived/planning_scope_evidence_2026-09-28.json@0861ffec4c55bf14,2026-09-29,John
ZP2015-0137,exclude,DROP,primary_application,Approved,True,housing_adjacent_not_development,sonnet,,0.0,"The text describes a 'residential addition... extension of existing second story at the rear of single-family residence,' an alteration to an existing home that adds no new dwelling units.",data/derived/planning_scope_second_read_2026-09-28.json@6690300ef355cda5,2026-09-29,John
ZP2015-0142,exclude,DROP,primary_application,Approved,True,housing_adjacent_not_development,sonnet,,0.0,"The project name states 'Minor residential addition over 14 feet in average height,' an alteration to an existing home with no stated new units.",data/derived/planning_scope_second_read_2026-09-28.json@6690300ef355cda5,2026-09-29,John
ZP2015-0144,exclude,DROP,primary_application,Approved,True,housing_adjacent_not_development,sonnet,,0.0,"The record says 'add 5th bedroom to parcel' at a 'Residence,' which adds a bedroom, not a new dwelling unit.",data/derived/planning_scope_second_read_2026-09-28.json@6690300ef355cda5,2026-09-29,John
ZP2015-0145,exclude,DROP,primary_application,Approved,True,housing_adjacent_not_development,jev,none_stated,,,data/derived/planning_scope_evidence_2026-09-28.json@0861ffec4c55bf14,2026-09-29,John
ZP2015-0152,exclude,DROP,primary_application,Approved,True,housing_adjacent_not_development,sonnet,,0.0,"The description covers only a '(1) Rear addition... (2) front addition... (3) Remove and replace roof' to an existing dwelling, with no new dwelling units created.",data/derived/planning_scope_second_read_2026-09-28.json@6690300ef355cda5,2026-09-29,John
ZP2015-0155,exclude,DROP,primary_application,Approved,True,housing_adjacent_not_development,sonnet,,0.0,"The permit is for 'convert storage to bedroom' and a 'Major residential Addition' to an existing home, not new units.",data/derived/planning_scope_second_read_2026-09-28.json@6690300ef355cda5,2026-09-29,John
ZP2015-0163,exclude,DROP,primary_application,Approved,True,housing_adjacent_not_development,sonnet,,0.0,"The record describes a 'Second floor addition to a single family home,' an alteration of an existing unit rather than creation of new units.",data/derived/planning_scope_second_read_2026-09-28.json@6690300ef355cda5,2026-09-29,John
ZP2015-0173,exclude,DROP,primary_application,Approved,True,not_housing,sonnet,,0.0,"The description states conversion 'to habitable space (studio - office use)', indicating a nonresidential office use rather than a dwelling unit.",data/derived/planning_scope_second_read_2026-09-28.json@6690300ef355cda5,2026-09-29,John
ZP2015-0174,exclude,DROP,primary_application,Approved,True,housing_adjacent_not_development,sonnet,,0.0,The record describes a '565 sq ft' residential addition to an existing home with no unit count or new dwelling created.,data/derived/planning_scope_second_read_2026-09-28.json@6690300ef355cda5,2026-09-29,John
ZP2015-0175,exclude,DROP,primary_application,Approved,True,housing_adjacent_not_development,sonnet,,0.0,"The text describes a 'Major residential addition and an accessory structure' to an existing home, not a new housing unit application.",data/derived/planning_scope_second_read_2026-09-28.json@6690300ef355cda5,2026-09-29,John
ZP2015-0180,include,ADD,primary_application,Approved,False,housing_development,sonnet,2,1.0,"The text ""Remove existing house and build two new detached, two-story homes"" describes a wholly residential redevelopment meeting definition (A).",data/derived/planning_scope_second_read_2026-09-28.json@6690300ef355cda5,2026-09-29,John
ZP2015-0187,exclude,DROP,primary_application,Approved,True,housing_adjacent_not_development,sonnet,,0.0,"The text describes 'a building addition at the rear of a single-family residence' and replacing a carport, not a new housing development.",data/derived/planning_scope_second_read_2026-09-28.json@6690300ef355cda5,2026-09-29,John
ZP2015-0194,exclude,DROP,primary_application,Approved,True,housing_adjacent_not_development,sonnet,,0.0,"The description 'Addition and remodel to an existing single family residence' shows alteration of an existing home, not a new housing development.",data/derived/planning_scope_second_read_2026-09-28.json@6690300ef355cda5,2026-09-29,John
ZP2015-0198,exclude,DROP,primary_application,Withdrawn,True,housing_adjacent_not_development,sonnet,,0.0,"The description says only to ""Demolish detached garage and expand existing residential unit,"" which alters an existing unit rather than proposing a new housing development project.",data/derived/planning_scope_second_read_2026-09-28.json@6690300ef355cda5,2026-09-29,John
ZP2015-0220,exclude,DROP,primary_application,Approved,True,housing_adjacent_not_development,sonnet,,0.0,"The record states ""major residential addition at 3032 Colby Street,"" describing an alteration to an existing residence rather than a new unit-creating development.",data/derived/planning_scope_second_read_2026-09-28.json@6690300ef355cda5,2026-09-29,John
ZP2015-0221,exclude,DROP,primary_application,Approved,True,housing_adjacent_not_development,jev,none_stated,,,data/derived/planning_scope_evidence_2026-09-28.json@0861ffec4c55bf14,2026-09-29,John
ZP2015-0231,exclude,DROP,primary_application,Approved,True,housing_adjacent_not_development,sonnet,,0.0,"The record describes an ""Administrative Use Permit for a major residential addition ... and a 5th bedroom addition on a parcel,"" an alteration to an existing dwelling, not a new development application.",data/derived/planning_scope_second_read_2026-09-28.json@6690300ef355cda5,2026-09-29,John
ZP2015-0235,exclude,DROP,primary_application,Approved,True,housing_adjacent_not_development,sonnet,,0.0,"The text ""Major residential addition over 14 feet in average height"" describes an addition to an existing residence rather than a new housing development project.",data/derived/planning_scope_second_read_2026-09-28.json@6690300ef355cda5,2026-09-29,John
ZP2015-0236,exclude,DROP,primary_application,Approved,True,housing_adjacent_not_development,sonnet,,0.0,"The description ""Conversion from apartments to group living"" changes the use of existing housing but does not describe a new development application or state unit counts.",data/derived/planning_scope_second_read_2026-09-28.json@6690300ef355cda5,2026-09-29,John
ZP2015-0237,exclude,DROP,primary_application,Approved,True,housing_adjacent_not_development,sonnet,,1.0,"The record states ""elimination of a dwelling unit"" and describes only an addition to an existing structure, not an application to create new residential units.",data/derived/planning_scope_second_read_2026-09-28.json@6690300ef355cda5,2026-09-29,John
ZP2015-0240,exclude,DROP,primary_application,Approved,True,housing_adjacent_not_development,sonnet,,0.0,"Description reads ""AUP for major residential addition above 14' in average height"" with no mention of new dwelling units, indicating an addition to existing housing rather than a development application.",data/derived/planning_scope_second_read_2026-09-28.json@6690300ef355cda5,2026-09-29,John
ZP2015-0242,exclude,DROP,primary_application,Approved,True,housing_adjacent_not_development,sonnet,,0.0,"The record describes a ""2nd story addition to an existing single family home"" with no new units mentioned, so it modifies but does not create housing.",data/derived/planning_scope_second_read_2026-09-28.json@6690300ef355cda5,2026-09-29,John
ZP2015-0247,exclude,DROP,primary_application,Approved,True,housing_adjacent_not_development,sonnet,,1.0,"The text ""Restore building to original number of dwelling units. Duplex to single family"" indicates a reduction of one unit rather than a new housing development.",data/derived/planning_scope_second_read_2026-09-28.json@6690300ef355cda5,2026-09-29,John
ZP2015-0248,exclude,DROP,primary_application,Approved,True,housing_adjacent_not_development,sonnet,,0.0,"The description ""Residential addition over 14' and extension of a non-conforming front yard setback"" refers to an addition on an existing lot, not new dwelling units.",data/derived/planning_scope_second_read_2026-09-28.json@6690300ef355cda5,2026-09-29,John
ZP2015-0249,exclude,DROP,primary_application,Withdrawn,True,not_housing,jev,none_stated,,,data/derived/planning_scope_evidence_2026-09-28.json@0861ffec4c55bf14,2026-09-29,John
ZP2015-0254,exclude,DROP,primary_application,Approved,True,housing_adjacent_not_development,sonnet,,0.0,"The record describes a ""Residential addition on existing parcel with legal nonconforming density,"" indicating modification of an existing home, not new unit creation.",data/derived/planning_scope_second_read_2026-09-28.json@6690300ef355cda5,2026-09-29,John
ZP2015-0255,exclude,DROP,primary_application,Approved,True,housing_adjacent_not_development,sonnet,,0.0,"The description ""Major Residential Addition above 14' in average height"" reflects an addition to an existing residence with no new units stated.",data/derived/planning_scope_second_read_2026-09-28.json@6690300ef355cda5,2026-09-29,John
ZP2015-0267,exclude,DROP,primary_application,Approved,True,housing_adjacent_not_development,sonnet,,0.0,"The description ""major residential addition over 14' in average height, extension of a non-conforming setback, 5th bedroom, and hot tub"" describes an alteration to an existing residence, not a new housing development application.",data/derived/planning_scope_second_read_2026-09-28.json@6690300ef355cda5,2026-09-29,John
ZP2015-0269,exclude,DROP,primary_application,Withdrawn,True,housing_adjacent_not_development,sonnet,,0.0,"The description ""A second story major residential addition over 600 sq. ft. which expands...a legally non-conforming front yards setback and adds a 5th bedroom"" describes an alteration to an existing home and the record is marked ""Withdrawn,"" not a development application.",data/derived/planning_scope_second_read_2026-09-28.json@6690300ef355cda5,2026-09-29,John
ZP2016-0018,exclude,DROP,primary_application,Approved,True,not_housing,sonnet,,0.0,"The record converts ""an existing garage of a single family home"" into ""an art studio,"" a non-residential use, not a housing development.",data/derived/planning_scope_second_read_2026-09-28.json@6690300ef355cda5,2026-09-29,John
ZP2016-0022,include,ADD,primary_application,Approved,False,housing_development,sonnet,1,0.0,"The record describes a ""New SFR home in R-1H District,"" a single-family residential unit meeting definition (A).",data/derived/planning_scope_second_read_2026-09-28.json@6690300ef355cda5,2026-09-29,John
ZP2016-0023,include,ADD,primary_application,Approved,False,housing_development,sonnet,1,0.0,"The record describes a ""New SFR in the R-1H vacant lot,"" a single-family residential unit meeting definition (A).",data/derived/planning_scope_second_read_2026-09-28.json@6690300ef355cda5,2026-09-29,John
ZP2016-0024,include,ADD,primary_application,Approved,False,housing_development,sonnet,1,0.0,"The record describes a ""New SFR in the R-1H district on a vacant lot,"" a single-family residential unit meeting definition (A).",data/derived/planning_scope_second_read_2026-09-28.json@6690300ef355cda5,2026-09-29,John
ZP2016-0035,exclude,DROP,primary_application,Withdrawn,True,housing_adjacent_not_development,sonnet,,0.0,"The text describes a ""614 SF 2nd floor addition to an existing single family home"" adding a bedroom, not creating a new dwelling unit.",data/derived/planning_scope_second_read_2026-09-28.json@6690300ef355cda5,2026-09-29,John
ZP2016-0036,exclude,DROP,primary_application,Approved,True,housing_adjacent_not_development,sonnet,,0.0,"The record describes a ""major residential addition"" with a ""5th bedroom"" to an existing home, not a new housing unit application.",data/derived/planning_scope_second_read_2026-09-28.json@6690300ef355cda5,2026-09-29,John
ZP2016-0037,exclude,DROP,primary_application,Approved,True,housing_adjacent_not_development,sonnet,,0.0,"The description ""2 story addition at rear of existing single family home"" modifies an existing dwelling rather than proposing new housing units.",data/derived/planning_scope_second_read_2026-09-28.json@6690300ef355cda5,2026-09-29,John
ZP2016-0039,exclude,DROP,primary_application,Approved,True,housing_adjacent_not_development,sonnet,,0.0,"The record describes an ""Administrative Use Permit for major residential addition above 14' in average height"" with no mention of new dwelling units.",data/derived/planning_scope_second_read_2026-09-28.json@6690300ef355cda5,2026-09-29,John
ZP2016-0040,exclude,DROP,primary_application,Approved,True,housing_adjacent_not_development,sonnet,,0.0,"The project ""involves an addition above 14' in average height, continuation of a non-confirming rear and front yard setbacks"" for an existing residence, with no units stated.",data/derived/planning_scope_second_read_2026-09-28.json@6690300ef355cda5,2026-09-29,John
ZP2016-0041,include,ADD,primary_application,Approved,False,housing_development,sonnet,1,0.0,"Description states ""New two-story SFR"" indicating a single residential dwelling unit with no nonresidential component, so the mixed-use split test is not applicable.",data/derived/planning_scope_second_read_2026-09-28.json@6690300ef355cda5,2026-09-29,John
ZP2016-0045,exclude,DROP,primary_application,Approved,True,housing_adjacent_not_development,sonnet,,0.0,"The record describes a ""5,708 square foot residential addition"" with no statement of dwelling units created.",data/derived/planning_scope_second_read_2026-09-28.json@6690300ef355cda5,2026-09-29,John
ZP2016-0048,exclude,DROP,primary_application,Withdrawn,True,housing_adjacent_not_development,sonnet,,0.0,"The record notes to ""Add approx. 185 SF at the rear of an SFR"" with no new dwelling units stated, and the permit was ""Withdrawn.""",data/derived/planning_scope_second_read_2026-09-28.json@6690300ef355cda5,2026-09-29,John
ZP2016-0049,exclude,DROP,primary_application,Approved,True,housing_adjacent_not_development,sonnet,,0.0,"The description covers ""a major residential addition over 600 square-foot"" to an existing home with no dwelling unit count given.",data/derived/planning_scope_second_read_2026-09-28.json@6690300ef355cda5,2026-09-29,John
ZP2016-0052,exclude,DROP,primary_application,Approved,True,housing_adjacent_not_development,sonnet,,0.0,"The record is an ""Administrative Use Permit for major residential addition 780 sq ft above 14 feet in average height"" with no stated new dwelling units.",data/derived/planning_scope_second_read_2026-09-28.json@6690300ef355cda5,2026-09-29,John
ZP2016-0059,exclude,DROP,primary_application,Approved,True,housing_adjacent_not_development,sonnet,,0.0,"The description says only ""2nd floor addition over 20' ... on an existing single family dwelling,"" with no new dwelling units created or applied for.",data/derived/planning_scope_second_read_2026-09-28.json@6690300ef355cda5,2026-09-29,John
ZP2016-0060,exclude,DROP,primary_application,Approved,True,not_housing,jev,none_stated,,,data/derived/planning_scope_evidence_2026-09-28.json@0861ffec4c55bf14,2026-09-29,John
ZP2016-0064,exclude,DROP,primary_application,Approved,True,housing_adjacent_not_development,sonnet,,0.0,"The record describes expanding ""a property with excessive residential density"" to ""create a total of seven bedrooms"" and add a third story, referring to bedrooms not new dwelling units, so it is an alteration of an existing single-family structure rather than a housing development application.",data/derived/planning_scope_second_read_2026-09-28.json@6690300ef355cda5,2026-09-29,John
ZP2016-0071,exclude,DROP,primary_application,Approved,True,housing_adjacent_not_development,sonnet,,0.0,"The description ""Continue a nonconforming street side yard to create 32 square feet of habitable space"" describes a minor expansion to an existing dwelling, not a new-unit development application.",data/derived/planning_scope_second_read_2026-09-28.json@6690300ef355cda5,2026-09-29,John
ZP2016-0072,exclude,DROP,primary_application,Approved,True,housing_adjacent_not_development,sonnet,4,0.0,"The text describes an ""Interior remodel of existing 4 unit apartment building"" converting bedroom layouts, with the unit count staying at four and no new units proposed, so this is an alteration to existing housing rather than a development application.",data/derived/planning_scope_second_read_2026-09-28.json@6690300ef355cda5,2026-09-29,John
ZP2016-0076,exclude,DROP,primary_application,Approved,True,housing_adjacent_not_development,sonnet,,0.0,"The description ""Constructing a 3rd story addition ... of a single family home and adding a 5th bedroom"" describes an addition to an existing single-family home, not a new dwelling-unit development application.",data/derived/planning_scope_second_read_2026-09-28.json@6690300ef355cda5,2026-09-29,John
ZP2016-0080,exclude,DROP,primary_application,Approved,True,housing_adjacent_not_development,sonnet,,0.0,"The record describes work to ""raise home and add new first story and third story"" and a ""2,246 square foot addition to existing residence,"" which modifies an existing dwelling rather than creating a housing development.",data/derived/planning_scope_second_read_2026-09-28.json@6690300ef355cda5,2026-09-29,John
ZP2016-0098,exclude,DROP,primary_application,Approved,True,housing_adjacent_not_development,sonnet,,0.0,"It is a ""Major residential addition to raise house to two stories and create new first floor,"" an alteration of an existing house, not creation of new units.",data/derived/planning_scope_second_read_2026-09-28.json@6690300ef355cda5,2026-09-29,John
ZP2016-0103,exclude,DROP,primary_application,Approved,True,housing_adjacent_not_development,sonnet,,0.0,"The text ""Residential addition above 14'"" describes an addition to an existing residence, not new dwelling units.",data/derived/planning_scope_second_read_2026-09-28.json@6690300ef355cda5,2026-09-29,John
ZP2016-0120,exclude,DROP,primary_application,Approved,True,housing_adjacent_not_development,sonnet,,1.0,"The project ""involves conversion of an owner occupied duplex into a single family residence,"" which merges existing units rather than developing new housing.",data/derived/planning_scope_second_read_2026-09-28.json@6690300ef355cda5,2026-09-29,John
ZP2016-0121,exclude,DROP,primary_application,Approved,True,housing_adjacent_not_development,sonnet,,0.0,"The record describes a ""166 sq. ft. two-story addition"" and ""remodel of an existing 3 story Single Family Residence,"" indicating alteration of an existing dwelling, not a new development.",data/derived/planning_scope_second_read_2026-09-28.json@6690300ef355cda5,2026-09-29,John
ZP2016-0124,exclude,DROP,primary_application,Approved,True,housing_adjacent_not_development,sonnet,,0.0,"The record describes only a ""second floor addition ... on an existing single family home,"" an alteration to an existing dwelling, not an application creating new housing units.",data/derived/planning_scope_second_read_2026-09-28.json@6690300ef355cda5,2026-09-29,John
ZP2016-0130,exclude,DROP,primary_application,Approved,True,housing_adjacent_not_development,sonnet,,0.0,"The record only concerns raising ""the front main building 2 ft. ... to increase the ceiling clearance in the basement,"" an alteration of an existing nonconforming residential building, not a new unit-creating application.",data/derived/planning_scope_second_read_2026-09-28.json@6690300ef355cda5,2026-09-29,John
ZP2016-0131,exclude,DROP,primary_application,Approved,True,housing_adjacent_not_development,jev,none_stated,,,data/derived/planning_scope_evidence_2026-09-28.json@0861ffec4c55bf14,2026-09-29,John
ZP2016-0132,exclude,DROP,primary_application,Approved,True,housing_adjacent_not_development,sonnet,,1.0,"The description states ""Restore existing duplex back to a single family home,"" which converts and reduces units on an existing structure rather than applying for a new housing development.",data/derived/planning_scope_second_read_2026-09-28.json@6690300ef355cda5,2026-09-29,John
ZP2016-0133,exclude,DROP,primary_application,Approved,True,housing_adjacent_not_development,sonnet,,0.0,"The record describes ""618 SF Upper floor addition on a single family home,"" an alteration to an existing dwelling with no new units proposed.",data/derived/planning_scope_second_read_2026-09-28.json@6690300ef355cda5,2026-09-29,John
ZP2016-0142,exclude,DROP,primary_application,Approved,True,housing_adjacent_not_development,sonnet,,0.0,"The text describes a ""Residential addition at a SFR totaling approx. 690SF"" with ""five bedrooms,"" an addition to an existing single-family residence, not a new dwelling-unit application.",data/derived/planning_scope_second_read_2026-09-28.json@6690300ef355cda5,2026-09-29,John
ZP2016-0150,exclude,DROP,primary_application,Withdrawn,True,housing_adjacent_not_development,sonnet,,0.0,"The text ""Covert an attic to an eight bedroom on a parcel"" describes adding a bedroom to an existing non-conforming structure, not new dwelling units, and the record was ""Withdrawn.""",data/derived/planning_scope_second_read_2026-09-28.json@6690300ef355cda5,2026-09-29,John
ZP2016-0151,exclude,DROP,primary_application,Approved,True,housing_adjacent_not_development,sonnet,,0.0,"The description ""Major residential addition ... would add a 5th bedroom on a parcel"" is an addition to an existing home, not a new unit application.",data/derived/planning_scope_second_read_2026-09-28.json@6690300ef355cda5,2026-09-29,John
ZP2016-0154,exclude,DROP,primary_application,Approved,True,housing_adjacent_not_development,sonnet,,0.0,"The record only states ""Residential addition above 14-ft in average height in the R-2 Zoning District,"" an alteration with no unit count given.",data/derived/planning_scope_second_read_2026-09-28.json@6690300ef355cda5,2026-09-29,John
ZP2016-0155,exclude,DROP,primary_application,Approved,True,housing_adjacent_not_development,sonnet,,0.0,"The description ""legalize an (attic) residential addition to remain unfinished"" concerns an existing structure's addition, not a new housing development application.",data/derived/planning_scope_second_read_2026-09-28.json@6690300ef355cda5,2026-09-29,John
ZP2016-0157,exclude,DROP,primary_application,Approved,True,housing_adjacent_not_development,sonnet,,0.0,"The description is a ""two-story, approximately 26-ft. average height & 620 SF addition at the rear of an existing duplex,"" an alteration of existing housing that adds no new dwelling unit.",data/derived/planning_scope_second_read_2026-09-28.json@6690300ef355cda5,2026-09-29,John
ZP2016-0161,exclude,DROP,primary_application,Approved,True,not_housing,jev,none_stated,,,data/derived/planning_scope_evidence_2026-09-28.json@0861ffec4c55bf14,2026-09-29,John
ZP2016-0163,exclude,DROP,primary_application,Approved,True,housing_adjacent_not_development,sonnet,,0.0,"The record is for a ""2 story addition on a single family home over 14' and 20',"" an alteration of an existing single dwelling with no new unit stated.",data/derived/planning_scope_second_read_2026-09-28.json@6690300ef355cda5,2026-09-29,John
ZP2016-0173,exclude,DROP,primary_application,Approved,True,housing_adjacent_not_development,sonnet,,0.0,"The text describes ""a 726 sq. ft. one story addition... at the rear of an existing one story single family dwelling,"" an alteration with no new dwelling unit.",data/derived/planning_scope_second_read_2026-09-28.json@6690300ef355cda5,2026-09-29,John
ZP2016-0179,include,ADD,primary_application,Approved,False,housing_development,sonnet,2,1.0,"Text says to ""Demolish an existing SFR and construct two new, detached, two-story SFRs"", a residential-only project so no square-footage split applies.",data/derived/planning_scope_second_read_2026-09-28.json@6690300ef355cda5,2026-09-29,John
ZP2016-0183,exclude,DROP,primary_application,Approved,True,housing_adjacent_not_development,sonnet,,0.0,"The record describes a 'Residential addition above 14 feet in average height' to an existing R-2 structure, an alteration rather than a new housing development application.",data/derived/planning_scope_second_read_2026-09-28.json@6690300ef355cda5,2026-09-29,John
ZP2016-0185,exclude,DROP,primary_application,Approved,True,housing_adjacent_not_development,sonnet,,0.0,"The text describes a 'Major residential addition above 600 SQFT' to an existing structure, an alteration not a development application with stated units.",data/derived/planning_scope_second_read_2026-09-28.json@6690300ef355cda5,2026-09-29,John
ZP2016-0189,exclude,DROP,primary_application,Approved,True,housing_adjacent_not_development,sonnet,,1.0,"The record describes 'Conversion of an existing duplex back to single family dwelling', which removes one unit and is not an application for new housing development.",data/derived/planning_scope_second_read_2026-09-28.json@6690300ef355cda5,2026-09-29,John
ZP2016-0198,exclude,DROP,primary_application,Approved,True,housing_adjacent_not_development,sonnet,,0.0,"The description is a ""Major Residential addition (800 sq. ft.) above 14' in average height"" to an existing structure, not an application creating new dwelling units.",data/derived/planning_scope_second_read_2026-09-28.json@6690300ef355cda5,2026-09-29,John
ZP2016-0203,exclude,DROP,primary_application,Approved,True,housing_adjacent_not_development,sonnet,,0.0,"The permit is for a ""residential addition to exceed 14 feet in average height"" to an existing building, not a new unit-creating development.",data/derived/planning_scope_second_read_2026-09-28.json@6690300ef355cda5,2026-09-29,John
ZP2016-0217,exclude,DROP,primary_application,Approved,True,not_housing,jev,none_stated,,,data/derived/planning_scope_evidence_2026-09-28.json@0861ffec4c55bf14,2026-09-29,John
ZP2016-0221,exclude,DROP,primary_application,Withdrawn,True,housing_adjacent_not_development,jev,1,,,data/derived/planning_scope_evidence_2026-09-28.json@0861ffec4c55bf14,2026-09-29,John
ZP2016-0225,exclude,DROP,primary_application,Approved,True,housing_adjacent_not_development,sonnet,,0.0,"The description says to ""Raise existing rear unit approximately 4 feet"" and remodel it, indicating alteration of an existing unit rather than creation of new housing units.",data/derived/planning_scope_second_read_2026-09-28.json@6690300ef355cda5,2026-09-29,John
ZP2016-0248,exclude,DROP,primary_application,Approved,True,housing_adjacent_not_development,sonnet,,0.0,"The text describes demolishing ""portions of an existing SFR and construct a major residential addition of approximately 720 SF,"" an addition to an existing single-family home, not a new unit development.",data/derived/planning_scope_second_read_2026-09-28.json@6690300ef355cda5,2026-09-29,John
ZP2016-0250,exclude,DROP,primary_application,Approved,True,housing_adjacent_not_development,sonnet,,0.0,"The text describes a 'Major residential addition' to an existing dwelling with no new dwelling units stated, so it alters existing housing rather than creating a housing development.",data/derived/planning_scope_second_read_2026-09-28.json@6690300ef355cda5,2026-09-29,John
ZP2016-0252,include,ADD,primary_application,Approved,False,housing_development,sonnet,,0.0,"Description reads ""Expansion of (e) 172 sq. ft. second unit to 392 sq. ft."", an entirely residential alteration with no unit count or nonresidential use stated.",data/derived/planning_scope_second_read_2026-09-28.json@6690300ef355cda5,2026-09-29,John
ZP2016-0255,exclude,DROP,primary_application,Approved,True,housing_adjacent_not_development,sonnet,,0.0,"The text describes a 'residential addition... at the rear of an (E) 2-story SFR, and to add one bedroom,' which enlarges an existing home rather than creating new dwelling units.",data/derived/planning_scope_second_read_2026-09-28.json@6690300ef355cda5,2026-09-29,John
ZP2016-0256,exclude,DROP,primary_application,Approved,True,housing_adjacent_not_development,sonnet,,0.0,"The record describes a 'Major residential addition' that would 'add a 5th bedroom on a parcel,' indicating expansion of an existing residence, not new units.",data/derived/planning_scope_second_read_2026-09-28.json@6690300ef355cda5,2026-09-29,John
ZP2017-0001,exclude,DROP,primary_application,Approved,True,housing_adjacent_not_development,sonnet,,0.0,"The text describes a 'residential addition' adding a bathroom, kitchen, deck, and office, all alterations to an existing home with no new dwelling units stated.",data/derived/planning_scope_second_read_2026-09-28.json@6690300ef355cda5,2026-09-29,John
ZP2017-0011,exclude,DROP,primary_application,Approved,True,housing_adjacent_not_development,sonnet,,0.0,"The record describes a 'Residential remodel converting attic area,' an alteration to an existing dwelling with no new units stated.",data/derived/planning_scope_second_read_2026-09-28.json@6690300ef355cda5,2026-09-29,John
ZP2017-0018,exclude,DROP,primary_application,Approved,True,housing_adjacent_not_development,sonnet,,0.0,"The record describes a ""residential two-story addition of approx. 220 sq. ft."" to ""an existing SFR,"" an alteration that adds no new dwelling unit.",data/derived/planning_scope_second_read_2026-09-28.json@6690300ef355cda5,2026-09-29,John
ZP2017-0019,exclude,DROP,primary_application,Withdrawn,True,housing_adjacent_not_development,sonnet,,0.0,"The text states a ""residential addition of approx. 500 sq. ft. ... to an existing SFR,"" an alteration to an existing unit, not a new development application.",data/derived/planning_scope_second_read_2026-09-28.json@6690300ef355cda5,2026-09-29,John
ZP2017-0020,exclude,DROP,primary_application,Approved,True,housing_adjacent_not_development,sonnet,,1.0,"The description ""convert duplex into SF"" indicates removal of one unit via reasonable accommodation, not creation of housing units.",data/derived/planning_scope_second_read_2026-09-28.json@6690300ef355cda5,2026-09-29,John
ZP2017-0021,exclude,DROP,primary_application,Approved,True,housing_adjacent_not_development,sonnet,,0.0,"The record describes a ""Residential addition of 84 square feet"" to an existing dwelling in the R1-H district, an alteration not a unit-creating development.",data/derived/planning_scope_second_read_2026-09-28.json@6690300ef355cda5,2026-09-29,John
ZP2017-0022,exclude,DROP,primary_application,Approved,True,housing_adjacent_not_development,jev,none_stated,,,data/derived/planning_scope_evidence_2026-09-28.json@0861ffec4c55bf14,2026-09-29,John
ZP2017-0025,exclude,DROP,primary_application,Approved,True,housing_adjacent_not_development,jev,none_stated,,,data/derived/planning_scope_evidence_2026-09-28.json@0861ffec4c55bf14,2026-09-29,John
ZP2017-0026,exclude,DROP,primary_application,Approved,True,housing_adjacent_not_development,jev,1,,,data/derived/planning_scope_evidence_2026-09-28.json@0861ffec4c55bf14,2026-09-29,John
ZP2017-0031,exclude,DROP,primary_application,Approved,True,housing_adjacent_not_development,sonnet,,0.0,"The record describes a ""Major residential addition of 650 square feet"" as ""new construction under 14 feet average height"" to an existing home, an alteration not a new unit application.",data/derived/planning_scope_second_read_2026-09-28.json@6690300ef355cda5,2026-09-29,John
ZP2017-0033,exclude,DROP,primary_application,Approved,True,housing_adjacent_not_development,sonnet,,0.0,"The text describes a ""Major residential addition over 14' in average height (second story addition with second story deck)"" to an existing home, not a new unit-creating project.",data/derived/planning_scope_second_read_2026-09-28.json@6690300ef355cda5,2026-09-29,John
ZP2017-0041,exclude,DROP,primary_application,Approved,True,housing_adjacent_not_development,sonnet,,0.0,"Text describes only a ""72 sq. ft. addition ... at the rear main level of single family residence,"" an alteration to an existing dwelling with no stated new dwelling units.",data/derived/planning_scope_second_read_2026-09-28.json@6690300ef355cda5,2026-09-29,John
ZP2017-0042,exclude,DROP,primary_application,Approved,True,housing_adjacent_not_development,sonnet,,0.0,"The description ""Major residential addition, over 14', adding fifth bedroom"" indicates enlargement of an existing single dwelling, not creation of a new dwelling unit.",data/derived/planning_scope_second_read_2026-09-28.json@6690300ef355cda5,2026-09-29,John
ZP2017-0043,exclude,DROP,primary_application,Approved,True,housing_adjacent_not_development,jev,2_to_9,,,data/derived/planning_scope_evidence_2026-09-28.json@0861ffec4c55bf14,2026-09-29,John
ZP2017-0046,exclude,DROP,primary_application,Approved,True,housing_adjacent_not_development,jev,none_stated,,,data/derived/planning_scope_evidence_2026-09-28.json@0861ffec4c55bf14,2026-09-29,John
ZP2017-0047,exclude,DROP,primary_application,In Review,True,housing_adjacent_not_development,sonnet,,0.0,"""Major residential addition over 14' in average height and vertical expansion of non-conforming setback"" describes modification of an existing residence, not new dwelling units.",data/derived/planning_scope_second_read_2026-09-28.json@6690300ef355cda5,2026-09-29,John
ZP2017-0054,exclude,DROP,primary_application,Approved,True,housing_adjacent_not_development,jev,none_stated,,,data/derived/planning_scope_evidence_2026-09-28.json@0861ffec4c55bf14,2026-09-29,John
ZP2017-0056,exclude,DROP,primary_application,Approved,True,housing_adjacent_not_development,sonnet,,0.0,"""Major residential addition above 14' in average height by raising the existing structure"" describes alteration of an existing single-family residence, not new dwelling units.",data/derived/planning_scope_second_read_2026-09-28.json@6690300ef355cda5,2026-09-29,John
ZP2017-0057,exclude,DROP,primary_application,Approved,True,housing_adjacent_not_development,sonnet,,0.0,"The record describes a ""Two-story major residential addition ... to the rear of an existing single family residence,"" an alteration to an existing home rather than a new development application.",data/derived/planning_scope_second_read_2026-09-28.json@6690300ef355cda5,2026-09-29,John
ZP2017-0060,include,ADD,primary_application,Approved,False,housing_development,sonnet,1,1.0,"The record states ""Demolish existing SFR and construct new 1,748 sf SFR"", a single residential unit project with no mixed-use component.",data/derived/planning_scope_second_read_2026-09-28.json@6690300ef355cda5,2026-09-29,John
ZP2017-0061,exclude,DROP,primary_application,Withdrawn,True,housing_adjacent_not_development,jev,none_stated,,,data/derived/planning_scope_evidence_2026-09-28.json@0861ffec4c55bf14,2026-09-29,John
ZP2017-0064,exclude,DROP,primary_application,Approved,True,housing_adjacent_not_development,jev,1,,,data/derived/planning_scope_evidence_2026-09-28.json@0861ffec4c55bf14,2026-09-29,John
ZP2017-0067,exclude,DROP,primary_application,Approved,True,housing_adjacent_not_development,sonnet,,0.0,"The description states only ""Converting ground floor commercial space to residential amenity space for residents of the building only,"" with no dwelling units proposed, added, or removed, so this is not an application for new housing units.",data/derived/planning_scope_second_read_2026-09-28.json@6690300ef355cda5,2026-09-29,John
ZP2017-0069,exclude,DROP,primary_application,Approved,True,housing_adjacent_not_development,sonnet,,0.0,"The description is a ""2-story 800 square foot addition to an existing one-story single family residence with demolition of existing garage,"" which does not state creation of any new dwelling unit.",data/derived/planning_scope_second_read_2026-09-28.json@6690300ef355cda5,2026-09-29,John
ZP2017-0088,exclude,DROP,primary_application,Approved,True,housing_adjacent_not_development,sonnet,,0.0,"The description ""Over 14' addition to Single Family Dwelling and enclosing a balcony"" is an alteration to an existing dwelling with no stated change in unit count.",data/derived/planning_scope_second_read_2026-09-28.json@6690300ef355cda5,2026-09-29,John
ZP2017-0093,exclude,DROP,primary_application,Approved,True,housing_adjacent_not_development,sonnet,,0.0,"The description ""Residential addition over 14' average height"" is an addition to an existing single-family home with no unit count change stated.",data/derived/planning_scope_second_read_2026-09-28.json@6690300ef355cda5,2026-09-29,John
ZP2017-0096,exclude,DROP,primary_application,Approved,True,housing_adjacent_not_development,jev,1,,,data/derived/planning_scope_evidence_2026-09-28.json@0861ffec4c55bf14,2026-09-29,John
ZP2017-0097,exclude,DROP,primary_application,Approved,True,housing_adjacent_not_development,sonnet,,0.0,"The record describes raising ""an existing single family dwelling 3' and excavate for a habitable lower level,"" an addition to an existing home with no new unit count stated.",data/derived/planning_scope_second_read_2026-09-28.json@6690300ef355cda5,2026-09-29,John
ZP2017-0100,exclude,DROP,primary_application,Approved,True,housing_adjacent_not_development,sonnet,,0.0,"The description concerns raising an ""existing 2,000 square-foot duplex"" and extending nonconforming yards, with no mention of adding new dwelling units.",data/derived/planning_scope_second_read_2026-09-28.json@6690300ef355cda5,2026-09-29,John
ZP2017-0102,include,ADD,primary_application,Approved,False,housing_development,sonnet,2,0.0,"Description states ""Remodel covered parking area into 2 new units"", explicitly stating two new dwelling units with no nonresidential use mentioned.",data/derived/planning_scope_second_read_2026-09-28.json@6690300ef355cda5,2026-09-29,John
ZP2017-0109,include,ADD,primary_application,Approved,False,housing_development,sonnet,2,1.0,"Text states ""to demolish an existing one-story SFR to create two new two-story SFRs"", a purely residential project.",data/derived/planning_scope_second_read_2026-09-28.json@6690300ef355cda5,2026-09-29,John
ZP2017-0110,exclude,DROP,primary_application,Approved,True,not_housing,sonnet,,0.0,"The record describes ""adding a teaching related use within an existing single family dwelling,"" an institutional/education use rather than a residential development.",data/derived/planning_scope_second_read_2026-09-28.json@6690300ef355cda5,2026-09-29,John
ZP2017-0111,exclude,DROP,primary_application,Approved,True,housing_adjacent_not_development,sonnet,,0.0,"The description is a 'Second story residential addition... result in third bedroom on the parcel' to an existing dwelling, not a new housing development application.",data/derived/planning_scope_second_read_2026-09-28.json@6690300ef355cda5,2026-09-29,John
ZP2017-0112,exclude,DROP,primary_application,Approved,True,housing_adjacent_not_development,sonnet,,0.0,"The record describes a 'two story addition... at the rear of an existing single family dwelling,' an alteration rather than a new development.",data/derived/planning_scope_second_read_2026-09-28.json@6690300ef355cda5,2026-09-29,John
ZP2017-0114,exclude,DROP,primary_application,Approved,True,housing_adjacent_not_development,sonnet,,0.0,"It states 'Add second story and basement to existing single-family dwelling,' an addition to an existing home, not a development application.",data/derived/planning_scope_second_read_2026-09-28.json@6690300ef355cda5,2026-09-29,John
ZP2017-0117,exclude,DROP,primary_application,Withdrawn,True,housing_adjacent_not_development,sonnet,,0.0,"The text concerns a 'Request to modify UP #06-10000138 COA #25 related to Housing In Lieu fees,' a condition-of-approval modification, not a development application.",data/derived/planning_scope_second_read_2026-09-28.json@6690300ef355cda5,2026-09-29,John
ZP2017-0131,exclude,DROP,primary_application,Approved,True,housing_adjacent_not_development,sonnet,,0.0,"The text describes a 'Residential addition' adding 'a fifth bedroom (for a total of 5)' to an existing home, not the creation of new dwelling units.",data/derived/planning_scope_second_read_2026-09-28.json@6690300ef355cda5,2026-09-29,John
ZP2017-0133,exclude,DROP,primary_application,Approved,True,housing_adjacent_not_development,jev,2_to_9,,,data/derived/planning_scope_evidence_2026-09-28.json@0861ffec4c55bf14,2026-09-29,John
ZP2017-0136,exclude,DROP,primary_application,Approved,True,housing_adjacent_not_development,sonnet,,0.0,"The addition is 'at the rear of an existing two-unit building' with no new units created, only a rear extension of the current structure.",data/derived/planning_scope_second_read_2026-09-28.json@6690300ef355cda5,2026-09-29,John
ZP2017-0141,exclude,DROP,primary_application,Approved,True,housing_adjacent_not_development,sonnet,,0.0,"The record concerns enlarging 'an existing 2-story, 1,532 square-foot single-family dwelling' with no new units mentioned.",data/derived/planning_scope_second_read_2026-09-28.json@6690300ef355cda5,2026-09-29,John
ZP2017-0142,exclude,DROP,primary_application,Approved,True,housing_adjacent_not_development,jev,1,,,data/derived/planning_scope_evidence_2026-09-28.json@0861ffec4c55bf14,2026-09-29,John
ZP2017-0147,exclude,DROP,primary_application,Approved,True,housing_adjacent_not_development,sonnet,,0.0,"The addition is described as '1st floor rear addition and new 2nd floor addition on an existing single family dwelling', with no new units created.",data/derived/planning_scope_second_read_2026-09-28.json@6690300ef355cda5,2026-09-29,John
ZP2017-0157,exclude,DROP,primary_application,Withdrawn,True,housing_adjacent_not_development,sonnet,,0.0,"The description 'Constructing a second story addition to a one story single family dwelling' shows an alteration, not creation, of housing units, and the record is Withdrawn.",data/derived/planning_scope_second_read_2026-09-28.json@6690300ef355cda5,2026-09-29,John
ZP2017-0164,exclude,DROP,primary_application,Approved,True,housing_adjacent_not_development,sonnet,,0.0,"The text describes a ""second floor addition to the rear of an existing 2 story single family home,"" an alteration with no new dwelling units proposed.",data/derived/planning_scope_second_read_2026-09-28.json@6690300ef355cda5,2026-09-29,John
ZP2017-0165,exclude,DROP,primary_application,Approved,True,housing_adjacent_not_development,sonnet,,0.0,"The record enlarges ""an existing 1-story 1,070 square-foot single-family residence"" by adding square footage, remaining a single unit with no new units created.",data/derived/planning_scope_second_read_2026-09-28.json@6690300ef355cda5,2026-09-29,John
ZP2017-0170,exclude,DROP,primary_application,Approved,True,housing_adjacent_not_development,jev,1,,,data/derived/planning_scope_evidence_2026-09-28.json@0861ffec4c55bf14,2026-09-29,John
ZP2017-0174,include,ADD,primary_application,Approved,False,housing_development,sonnet,1,0.0,"Description says ""Construction of a new, 2-story, second SFR on the lot"", adding one residential unit with no nonresidential use stated.",data/derived/planning_scope_second_read_2026-09-28.json@6690300ef355cda5,2026-09-29,John
ZP2017-0176,exclude,DROP,primary_application,Approved,True,housing_adjacent_not_development,sonnet,,0.0,"The record describes a ""second story addition to an existing one story single family dwelling,"" an alteration with no new dwelling units proposed.",data/derived/planning_scope_second_read_2026-09-28.json@6690300ef355cda5,2026-09-29,John
ZP2017-0178,exclude,DROP,primary_application,Approved,True,housing_adjacent_not_development,sonnet,,0.0,"The record describes work to ""enlarge an existing 3-story, 3,922 square-foot, single-family residence"" rather than an application creating a housing development.",data/derived/planning_scope_second_read_2026-09-28.json@6690300ef355cda5,2026-09-29,John
ZP2017-0183,exclude,DROP,primary_application,Approved,True,housing_adjacent_not_development,sonnet,,0.0,"The record describes a ""Three story addition to an existing 3 story single family dwelling,"" an alteration of an existing unit rather than a new development.",data/derived/planning_scope_second_read_2026-09-28.json@6690300ef355cda5,2026-09-29,John
ZP2017-0185,exclude,DROP,primary_application,Approved,True,housing_adjacent_not_development,sonnet,,0.0,"The text describes elimination of ""a non-conforming retail use"" and expansion of ""the upstairs residential space,"" an alteration to existing residential space with no stated new units.",data/derived/planning_scope_second_read_2026-09-28.json@6690300ef355cda5,2026-09-29,John
ZP2017-0187,exclude,DROP,primary_application,Approved,True,housing_adjacent_not_development,jev,none_stated,,,data/derived/planning_scope_evidence_2026-09-28.json@0861ffec4c55bf14,2026-09-29,John
ZP2017-0189,exclude,DROP,primary_application,Approved,True,housing_adjacent_not_development,sonnet,,0.0,"The permit only adds ""approximately 91 square feet to an existing single-story dwelling,"" an alteration to an existing house rather than a new housing development application.",data/derived/planning_scope_second_read_2026-09-28.json@6690300ef355cda5,2026-09-29,John
ZP2017-0190,exclude,DROP,primary_application,Approved,True,housing_adjacent_not_development,jev,none_stated,,,data/derived/planning_scope_evidence_2026-09-28.json@0861ffec4c55bf14,2026-09-29,John
ZP2017-0196,include,ADD,primary_application,Approved,False,housing_development,sonnet,,0.0,"The permit is ""to construct an Accessory Building with a full bath and kitchenette,"" which functions as a self-contained residential unit, making the use residential only even though no unit count is stated.",data/derived/planning_scope_second_read_2026-09-28.json@6690300ef355cda5,2026-09-29,John
ZP2017-0197,exclude,DROP,primary_application,Approved,True,housing_adjacent_not_development,sonnet,,0.0,"The record describes a ""Major residential addition over 14' in height,"" an alteration to an existing residence rather than a new housing development application.",data/derived/planning_scope_second_read_2026-09-28.json@6690300ef355cda5,2026-09-29,John
ZP2017-0200,exclude,DROP,primary_application,Approved,True,housing_adjacent_not_development,sonnet,,0.0,"The text describes constructing ""an approximately 137 ground floor addition and legalize an approximately 100 square foot second story addition on an existing single-family dwelling,"" an addition to an existing home, not a new development.",data/derived/planning_scope_second_read_2026-09-28.json@6690300ef355cda5,2026-09-29,John
ZP2017-0204,exclude,DROP,primary_application,Approved,True,housing_adjacent_not_development,sonnet,,0.0,"The record concerns ""Excavation within a required front yard setback to allow for a 771-square-foot habitable basement and fifth bedroom,"" an addition to an existing dwelling, not a new housing development application.",data/derived/planning_scope_second_read_2026-09-28.json@6690300ef355cda5,2026-09-29,John
ZP2017-0206,exclude,DROP,primary_application,Approved,True,housing_adjacent_not_development,sonnet,,0.0,"The description states ""addition of two bedrooms"" and other room additions to an existing duplex, not creation of new dwelling units.",data/derived/planning_scope_second_read_2026-09-28.json@6690300ef355cda5,2026-09-29,John
ZP2017-0208,exclude,DROP,primary_application,Approved,True,housing_adjacent_not_development,sonnet,,0.0,"The text describes only a ""residential addition"" and a ""19 sf bay window,"" with no new dwelling units mentioned.",data/derived/planning_scope_second_read_2026-09-28.json@6690300ef355cda5,2026-09-29,John
ZP2018-0002,exclude,DROP,primary_application,Approved,True,housing_adjacent_not_development,sonnet,,1.0,"The record states it will ""Eliminate a dwelling unit (duplex to SFR),"" describing removal rather than creation of housing units.",data/derived/planning_scope_second_read_2026-09-28.json@6690300ef355cda5,2026-09-29,John
ZP2018-0010,exclude,DROP,primary_application,Approved,True,housing_adjacent_not_development,jev,none_stated,,,data/derived/planning_scope_evidence_2026-09-28.json@0861ffec4c55bf14,2026-09-29,John
ZP2018-0012,exclude,DROP,primary_application,Approved,True,not_housing,jev,none_stated,,,data/derived/planning_scope_evidence_2026-09-28.json@0861ffec4c55bf14,2026-09-29,John
ZP2018-0014,exclude,DROP,primary_application,Approved,True,housing_adjacent_not_development,sonnet,,0.0,"The record states it will ""Legalize conversion of attic to habitable space in 5-unit building bringing the bedroom count to 6,"" which changes bedroom count, not unit count, in an existing building.",data/derived/planning_scope_second_read_2026-09-28.json@6690300ef355cda5,2026-09-29,John
ZP2018-0017,exclude,DROP,primary_application,Approved,True,housing_adjacent_not_development,jev,none_stated,,,data/derived/planning_scope_evidence_2026-09-28.json@0861ffec4c55bf14,2026-09-29,John
ZP2018-0021,include,ADD,primary_application,Denied,False,housing_development,sonnet,1,0.0,"The record concerns ""Legalizing...a 9th unit on a property"", an application to add a residential dwelling unit even though it was ultimately ""Denied"".",data/derived/planning_scope_second_read_2026-09-28.json@6690300ef355cda5,2026-09-29,John
ZP2018-0022,exclude,DROP,primary_application,Approved,True,housing_adjacent_not_development,jev,none_stated,,,data/derived/planning_scope_evidence_2026-09-28.json@0861ffec4c55bf14,2026-09-29,John
ZP2018-0030,exclude,DROP,primary_application,Approved,True,housing_adjacent_not_development,sonnet,,0.0,"The record describes only a ""123 sq. ft. Residential addition above 14' in average height"" to an existing dwelling, not creation of new units.",data/derived/planning_scope_second_read_2026-09-28.json@6690300ef355cda5,2026-09-29,John
ZP2018-0031,exclude,DROP,primary_application,Approved,True,housing_adjacent_not_development,sonnet,,0.0,"The text describes enlarging ""an existing 920 sq. ft. two-story single-family dwelling"" via an addition, with no new dwelling units mentioned.",data/derived/planning_scope_second_read_2026-09-28.json@6690300ef355cda5,2026-09-29,John
ZP2018-0032,exclude,DROP,primary_application,Approved,True,housing_adjacent_not_development,sonnet,,0.0,"The description ""Major residential addition over 14' in average height"" refers to expansion of an existing residence, not new units.",data/derived/planning_scope_second_read_2026-09-28.json@6690300ef355cda5,2026-09-29,John
ZP2018-0033,exclude,DROP,primary_application,Approved,True,not_housing,jev,none_stated,,,data/derived/planning_scope_evidence_2026-09-28.json@0861ffec4c55bf14,2026-09-29,John
ZP2018-0037,exclude,DROP,primary_application,Closed,True,housing_adjacent_not_development,jev,none_stated,,,data/derived/planning_scope_evidence_2026-09-28.json@0861ffec4c55bf14,2026-09-29,John
ZP2018-0039,exclude,DROP,primary_application,Approved,True,housing_adjacent_not_development,sonnet,,0.0,"The record describes ""Residential additions and alterations over 14 feet in average height"" with no mention of new dwelling units.",data/derived/planning_scope_second_read_2026-09-28.json@6690300ef355cda5,2026-09-29,John
ZP2018-0046,exclude,DROP,primary_application,Approved,True,housing_adjacent_not_development,sonnet,,0.0,"The record describes legalizing ""garage conversion to habitable space which creates addition of 5th bedroom"" to an existing dwelling, not a new dwelling unit.",data/derived/planning_scope_second_read_2026-09-28.json@6690300ef355cda5,2026-09-29,John
ZP2018-0049,exclude,DROP,primary_application,Approved,True,housing_adjacent_not_development,sonnet,,0.0,"The record describes a 'Single story addition to rear of existing duplex structure' with no new units created, so it modifies existing housing rather than proposing a housing development project.",data/derived/planning_scope_second_read_2026-09-28.json@6690300ef355cda5,2026-09-29,John
ZP2018-0053,exclude,DROP,primary_application,Approved,True,housing_adjacent_not_development,sonnet,,0.0,"The text describes 'a major residential addition' with a tunnel and elevator shaft to an existing residence, with no dwelling units stated or created.",data/derived/planning_scope_second_read_2026-09-28.json@6690300ef355cda5,2026-09-29,John
ZP2018-0055,exclude,DROP,primary_application,Approved,True,housing_adjacent_not_development,sonnet,,0.0,"The description references 'creation of a total of five bedrooms on a parcel' for an SFR addition, not new dwelling units, so it is not a housing development project.",data/derived/planning_scope_second_read_2026-09-28.json@6690300ef355cda5,2026-09-29,John
ZP2018-0056,exclude,DROP,primary_application,Approved,True,housing_adjacent_not_development,sonnet,,0.0,"The record describes 'a second and third story addition ... at the rear of an existing three story single family residence,' an alteration to existing housing rather than a new development.",data/derived/planning_scope_second_read_2026-09-28.json@6690300ef355cda5,2026-09-29,John
ZP2018-0057,exclude,DROP,primary_application,Approved,True,housing_adjacent_not_development,jev,1,,,data/derived/planning_scope_evidence_2026-09-28.json@0861ffec4c55bf14,2026-09-29,John
ZP2018-0062,exclude,DROP,primary_application,Approved,True,housing_adjacent_not_development,sonnet,,0.0,"The description is 'Major residential addition by vertically and horizontally extending a non-conforming side yard,' an addition to an existing residence with no unit count given.",data/derived/planning_scope_second_read_2026-09-28.json@6690300ef355cda5,2026-09-29,John
ZP2018-0064,exclude,DROP,primary_application,Approved,True,housing_adjacent_not_development,sonnet,,0.0,"The record states 'Residential addition over 14 feet to a single family house,' an alteration of existing housing without stated new units.",data/derived/planning_scope_second_read_2026-09-28.json@6690300ef355cda5,2026-09-29,John
ZP2018-0069,exclude,DROP,primary_application,Approved,True,housing_adjacent_not_development,jev,none_stated,,,data/derived/planning_scope_evidence_2026-09-28.json@0861ffec4c55bf14,2026-09-29,John
ZP2018-0070,exclude,DROP,primary_application,Approved,True,not_housing,jev,none_stated,,,data/derived/planning_scope_evidence_2026-09-28.json@0861ffec4c55bf14,2026-09-29,John
ZP2018-0072,exclude,DROP,primary_application,Approved,True,housing_adjacent_not_development,sonnet,,0.0,"The record describes a ""Major Residential Addition over 14' in height and reduction of rear yard setback,"" an addition to an existing residence rather than a new housing development application.",data/derived/planning_scope_second_read_2026-09-28.json@6690300ef355cda5,2026-09-29,John
ZP2018-0075,exclude,DROP,primary_application,Approved,True,housing_adjacent_not_development,jev,2_to_9,,,data/derived/planning_scope_evidence_2026-09-28.json@0861ffec4c55bf14,2026-09-29,John
ZP2018-0079,exclude,DROP,primary_application,Void,True,housing_adjacent_not_development,jev,none_stated,,,data/derived/planning_scope_evidence_2026-09-28.json@0861ffec4c55bf14,2026-09-29,John
ZP2018-0082,exclude,DROP,primary_application,Approved,True,housing_adjacent_not_development,sonnet,,0.0,"Text describes a ""Residential addition over 14'"" and a 5th bedroom, an alteration to an existing home with no stated unit count or new units.",data/derived/planning_scope_second_read_2026-09-28.json@6690300ef355cda5,2026-09-29,John
ZP2018-0084,exclude,DROP,primary_application,Withdrawn,True,housing_adjacent_not_development,sonnet,,0.0,"Describes ""Conversion of basement into habitable space and alteration of covered porch,"" with no dwelling unit count stated and status Withdrawn.",data/derived/planning_scope_second_read_2026-09-28.json@6690300ef355cda5,2026-09-29,John
ZP2018-0088,exclude,DROP,primary_application,Approved,True,housing_adjacent_not_development,sonnet,,0.0,"Describes a ""Major residential addition over 14 feet and 20 feet and adding a 5th bedroom,"" an alteration with no unit count or new units stated.",data/derived/planning_scope_second_read_2026-09-28.json@6690300ef355cda5,2026-09-29,John
ZP2018-0089,exclude,DROP,primary_application,Void,True,housing_adjacent_not_development,sonnet,,1.0,"The record states it will ""Revert an existing duplex to a single family dwelling,"" removing a unit rather than developing new housing.",data/derived/planning_scope_second_read_2026-09-28.json@6690300ef355cda5,2026-09-29,John
ZP2018-0090,exclude,DROP,primary_application,Approved,True,housing_adjacent_not_development,sonnet,,1.0,"The text states it will ""Convert a duplex back into a single family dwelling,"" eliminating a unit rather than creating a housing development.",data/derived/planning_scope_second_read_2026-09-28.json@6690300ef355cda5,2026-09-29,John
ZP2018-0092,exclude,DROP,primary_application,Approved,True,housing_adjacent_not_development,jev,none_stated,,,data/derived/planning_scope_evidence_2026-09-28.json@0861ffec4c55bf14,2026-09-29,John
ZP2018-0098,exclude,DROP,primary_application,Withdrawn,True,housing_adjacent_not_development,sonnet,,0.0,"The record only describes converting 'an existing garage... to an accessory building and to relocate the off-street parking space,' with no dwelling units created.",data/derived/planning_scope_second_read_2026-09-28.json@6690300ef355cda5,2026-09-29,John
ZP2018-0111,exclude,DROP,primary_application,Approved,True,housing_adjacent_not_development,sonnet,,0.0,"The description is a 'Major residential addition of approx. 544 sq. ft. to existing single-family dwelling... includes 5th bedroom,' an addition to an existing house, not new units.",data/derived/planning_scope_second_read_2026-09-28.json@6690300ef355cda5,2026-09-29,John
ZP2018-0113,include,ADD,primary_application,Approved,False,housing_development,sonnet,2,0.0,"The description states ""3 story addition to main building with 2 new units"" giving a unit count with no square-footage mix to evaluate.",data/derived/planning_scope_second_read_2026-09-28.json@6690300ef355cda5,2026-09-29,John
ZP2018-0115,exclude,DROP,primary_application,Approved,True,housing_adjacent_not_development,sonnet,,0.0,"The text says to 'Raise existing single family dwelling and add construct new first floor,' an alteration of an existing home, not a new unit count.",data/derived/planning_scope_second_read_2026-09-28.json@6690300ef355cda5,2026-09-29,John
ZP2018-0120,exclude,DROP,primary_application,Approved,True,housing_adjacent_not_development,sonnet,,0.0,"The record describes a Use Permit 'to enlarge an lawfully non-conforming dwelling by reason of violation of the maximum allowable lot coverage,' with no unit count stated.",data/derived/planning_scope_second_read_2026-09-28.json@6690300ef355cda5,2026-09-29,John
ZP2018-0123,exclude,DROP,primary_application,Approved,True,housing_adjacent_not_development,sonnet,,0.0,"The description is a 'Major residential addition over 14' in height for a single family residence,' an addition to an existing home, not new dwelling units.",data/derived/planning_scope_second_read_2026-09-28.json@6690300ef355cda5,2026-09-29,John
ZP2018-0124,exclude,DROP,primary_application,Approved,True,housing_adjacent_not_development,sonnet,,0.0,"The description says only ""Residential addition that involves alterations within non-conforming setback"" to an existing structure, with no new dwelling units stated or created.",data/derived/planning_scope_second_read_2026-09-28.json@6690300ef355cda5,2026-09-29,John
ZP2018-0126,exclude,DROP,primary_application,Approved,True,housing_adjacent_not_development,sonnet,,0.0,"The record describes an ""AUP for major residential addition... cumulative addition of 821 sq. ft."" to an existing house, stating no new dwelling units.",data/derived/planning_scope_second_read_2026-09-28.json@6690300ef355cda5,2026-09-29,John
ZP2018-0127,exclude,DROP,primary_application,Approved,True,housing_adjacent_not_development,sonnet,,0.0,"The description ""Second story addition of 595 SF to existing house... 3 units where 2 allowed"" refers to an addition on a lot with existing non-conforming density, not to new units created by this application.",data/derived/planning_scope_second_read_2026-09-28.json@6690300ef355cda5,2026-09-29,John
ZP2018-0132,exclude,DROP,primary_application,Approved,True,housing_adjacent_not_development,sonnet,,0.0,"The text ""Administrative Use Permit to construct Major Residential Addition over 14 feet"" describes an addition to an existing residence with no new units stated.",data/derived/planning_scope_second_read_2026-09-28.json@6690300ef355cda5,2026-09-29,John
ZP2018-0133,exclude,DROP,primary_application,Approved,True,housing_adjacent_not_development,jev,none_stated,,,data/derived/planning_scope_evidence_2026-09-28.json@0861ffec4c55bf14,2026-09-29,John
ZP2018-0135,include,ADD,primary_application,Approved,False,housing_development,sonnet,237,0.0,"The record states ""mixed use seven story building, 237 dus"" giving a unit count but no square-footage split, so per units-stated sufficiency it still qualifies.",data/derived/planning_scope_second_read_2026-09-28.json@6690300ef355cda5,2026-09-29,John
ZP2018-0139,exclude,DROP,primary_application,Approved,True,housing_adjacent_not_development,sonnet,,0.0,"The description ""Major residential addition (494 sq. ft. plus 300 sq. ft. prior addition...)"" is an addition to an existing dwelling with no units created.",data/derived/planning_scope_second_read_2026-09-28.json@6690300ef355cda5,2026-09-29,John
ZP2018-0140,exclude,DROP,primary_application,Approved,True,housing_adjacent_not_development,sonnet,,0.0,"The record simply states ""Residential addition over 16 ft. avg. height"" with no mention of new dwelling units.",data/derived/planning_scope_second_read_2026-09-28.json@6690300ef355cda5,2026-09-29,John
ZP2018-0142,exclude,DROP,primary_application,Approved,True,housing_adjacent_not_development,sonnet,,0.0,"The description ""Major residential Addition that includes the construction of new 2-story rear yard addition... and new elevator"" describes an addition to an existing home, not creation of new dwelling units.",data/derived/planning_scope_second_read_2026-09-28.json@6690300ef355cda5,2026-09-29,John
ZP2018-0143,exclude,DROP,primary_application,Approved,True,housing_adjacent_not_development,sonnet,,0.0,"The text ""a 99 square-foot residential addition... at the rear of an existing 2-story... single family dwelling"" is an addition to an existing single-family home with no new units stated.",data/derived/planning_scope_second_read_2026-09-28.json@6690300ef355cda5,2026-09-29,John
ZP2018-0147,exclude,DROP,primary_application,Approved,True,housing_adjacent_not_development,sonnet,,0.0,Description is a 'Residential addition ... at rear of an existing SFR' which alters an existing dwelling rather than creating a new housing development.,data/derived/planning_scope_second_read_2026-09-28.json@6690300ef355cda5,2026-09-29,John
ZP2018-0148,exclude,DROP,primary_application,Approved,True,housing_adjacent_not_development,sonnet,,0.0,"The record describes a '210 square foot addition to third story of dwelling' which is an alteration to an existing dwelling, not a new housing development application.",data/derived/planning_scope_second_read_2026-09-28.json@6690300ef355cda5,2026-09-29,John
ZP2018-0153,exclude,DROP,primary_application,Approved,True,housing_adjacent_not_development,sonnet,,0.0,"The text describes a 'Major residential addition ... with the addition of a 5th bedroom,' an expansion of an existing single-family home rather than a new housing development.",data/derived/planning_scope_second_read_2026-09-28.json@6690300ef355cda5,2026-09-29,John
ZP2018-0157,exclude,DROP,primary_application,Approved,True,housing_adjacent_not_development,sonnet,,0.0,"The description is a 'Residential addition over 14’ and alteration of a portion of a building which encroaches into a non-conforming front yard,' an addition to an existing residence, not a new development application.",data/derived/planning_scope_second_read_2026-09-28.json@6690300ef355cda5,2026-09-29,John
ZP2018-0158,exclude,DROP,primary_application,Approved,True,housing_adjacent_not_development,sonnet,,0.0,"The record explicitly states 'No change in number of dwelling units,' confirming this interior remodel does not constitute a housing development project.",data/derived/planning_scope_second_read_2026-09-28.json@6690300ef355cda5,2026-09-29,John
ZP2018-0165,exclude,DROP,primary_application,Approved,True,housing_adjacent_not_development,sonnet,,0.0,"The description says only 'Major residential addition, including new second floor, to existing SFR' with no mention of any new dwelling unit being created.",data/derived/planning_scope_second_read_2026-09-28.json@6690300ef355cda5,2026-09-29,John
ZP2018-0167,exclude,DROP,primary_application,Approved,True,housing_adjacent_not_development,jev,none_stated,,,data/derived/planning_scope_evidence_2026-09-28.json@0861ffec4c55bf14,2026-09-29,John
ZP2018-0172,include,ADD,primary_application,Approved,False,housing_development,sonnet,4,0.0,"The description ""Four new SFRs on vacant lot in MU-R"" describes residential units only with no nonresidential component.",data/derived/planning_scope_second_read_2026-09-28.json@6690300ef355cda5,2026-09-29,John
ZP2018-0173,exclude,DROP,primary_application,Approved,True,housing_adjacent_not_development,sonnet,,0.0,"The record is a 'Modification of AUP #ZP2016-0045 for a major residential addition' to an existing structure, with no unit count stated.",data/derived/planning_scope_second_read_2026-09-28.json@6690300ef355cda5,2026-09-29,John
ZP2018-0175,exclude,DROP,primary_application,Approved,True,not_housing,jev,1,,,data/derived/planning_scope_evidence_2026-09-28.json@0861ffec4c55bf14,2026-09-29,John
ZP2018-0184,exclude,DROP,primary_application,Approved,True,housing_adjacent_not_development,sonnet,,0.0,"The text 'Construct 2 story, 19'-10"" tall addition to existing single-family dwelling' describes an addition to an existing SFR with no new unit count stated.",data/derived/planning_scope_second_read_2026-09-28.json@6690300ef355cda5,2026-09-29,John
ZP2018-0185,exclude,DROP,primary_application,Approved,True,housing_adjacent_not_development,sonnet,,0.0,The description 'Major residential addition over 14' in height' refers to an addition to an existing residence without stating any new dwelling unit.,data/derived/planning_scope_second_read_2026-09-28.json@6690300ef355cda5,2026-09-29,John
ZP2018-0187,exclude,DROP,primary_application,Withdrawn,True,housing_adjacent_not_development,sonnet,,0.0,"Text says only to ""create a total of 8 bedroom"" as an addition to an existing building, not to add dwelling units, so it is an alteration rather than a housing development application.",data/derived/planning_scope_second_read_2026-09-28.json@6690300ef355cda5,2026-09-29,John
ZP2018-0199,exclude,DROP,primary_application,Approved,True,housing_adjacent_not_development,sonnet,,0.0,"""Residential addition over 20' in hillside"" refers to an addition on an existing residence, with no unit count or new dwelling stated.",data/derived/planning_scope_second_read_2026-09-28.json@6690300ef355cda5,2026-09-29,John
ZP2018-0202,exclude,DROP,primary_application,Approved,True,housing_adjacent_not_development,sonnet,,0.0,"The text ""723 square foot single story addition at the rear of an existing dwelling"" is an addition to an existing home, not a new housing development application.",data/derived/planning_scope_second_read_2026-09-28.json@6690300ef355cda5,2026-09-29,John
ZP2018-0204,exclude,DROP,primary_application,Approved,True,housing_adjacent_not_development,sonnet,,0.0,"""Major Residential Addition of 773 SF ... for an existing 1234 SF single family dwelling"" describes expansion of an existing single-family home, not new dwelling units.",data/derived/planning_scope_second_read_2026-09-28.json@6690300ef355cda5,2026-09-29,John
ZP2018-0215,exclude,DROP,primary_application,Approved,True,housing_adjacent_not_development,sonnet,,0.0,"""Residential addition over 14' in height"" indicates an addition to an existing residence with no new dwelling units stated.",data/derived/planning_scope_second_read_2026-09-28.json@6690300ef355cda5,2026-09-29,John
ZP2018-0216,exclude,DROP,primary_application,Approved,True,housing_adjacent_not_development,sonnet,,0.0,"The text ""Residential addition of approximately 310 sq. ft. to a property that exceeds height, lot coverage and density standards"" describes an expansion of an existing residential property, not creation of new housing units.",data/derived/planning_scope_second_read_2026-09-28.json@6690300ef355cda5,2026-09-29,John
ZP2018-0224,exclude,DROP,primary_application,Approved,True,housing_adjacent_not_development,sonnet,,0.0,"This is a ""Major residential addition"" to an existing home (kitchen addition, deck, basement) with no new dwelling units stated.",data/derived/planning_scope_second_read_2026-09-28.json@6690300ef355cda5,2026-09-29,John
ZP2018-0228,exclude,DROP,primary_application,Approved,True,housing_adjacent_not_development,sonnet,,0.0,"The description ""Major residential addition - add second story"" is an alteration to an existing single-family residence, not a new housing development.",data/derived/planning_scope_second_read_2026-09-28.json@6690300ef355cda5,2026-09-29,John
ZP2018-0229,include,ADD,primary_application,Approved,False,housing_development,sonnet,42,0.0,"The record states ""New mixed-use development with 42 rooms for Group Living Accommodations and approximately 1,000 sf of retail,"" giving a residential unit count though the square-footage split needed for the two-thirds test is not stated.",data/derived/planning_scope_second_read_2026-09-28.json@6690300ef355cda5,2026-09-29,John
ZP2018-0232,exclude,DROP,primary_application,Approved,True,housing_adjacent_not_development,jev,none_stated,,,data/derived/planning_scope_evidence_2026-09-28.json@0861ffec4c55bf14,2026-09-29,John
ZP2018-0233,exclude,DROP,primary_application,Approved,True,housing_adjacent_not_development,sonnet,,0.0,"The description ""Second story addition to existing SFR"" is a modification of an existing single-family residence, not a new development project.",data/derived/planning_scope_second_read_2026-09-28.json@6690300ef355cda5,2026-09-29,John
ZP2018-0235,include,ADD,primary_application,Approved,False,housing_development,sonnet,,0.0,"The record is a ""Use Permit Modification for ZP2017-0004"" tied to the project named ""construct new 7-story mixed-use building at 2009 Addison,"" making it a step in that housing development project even though this record does not restate unit or square-footage figures.",data/derived/planning_scope_second_read_2026-09-28.json@6690300ef355cda5,2026-09-29,John
ZP2019-0007,exclude,DROP,primary_application,Approved,True,housing_adjacent_not_development,sonnet,,0.0,"The description ""Creating a 2nd story on an existing one-story single family home"" describes an addition to an existing dwelling, not creation of new residential units.",data/derived/planning_scope_second_read_2026-09-28.json@6690300ef355cda5,2026-09-29,John
ZP2019-0008,exclude,DROP,primary_application,Approved,True,housing_adjacent_not_development,sonnet,,0.0,"The record describes a ""Major residential addition"" adding a bedroom to an existing home, not new dwelling units.",data/derived/planning_scope_second_read_2026-09-28.json@6690300ef355cda5,2026-09-29,John
ZP2019-0016,exclude,DROP,primary_application,Approved,True,housing_adjacent_not_development,sonnet,,0.0,"The record describes a ""Residential addition ... for a single family dwelling,"" an alteration rather than creation of new units.",data/derived/planning_scope_second_read_2026-09-28.json@6690300ef355cda5,2026-09-29,John
ZP2019-0018,exclude,DROP,primary_application,Approved,True,housing_adjacent_not_development,jev,none_stated,,,data/derived/planning_scope_evidence_2026-09-28.json@0861ffec4c55bf14,2026-09-29,John
ZP2019-0021,exclude,DROP,primary_application,Approved,True,housing_adjacent_not_development,sonnet,,0.0,"The text describes a ""Major residential addition"" with a fifth bedroom and second story, an alteration to an existing home not creating new units.",data/derived/planning_scope_second_read_2026-09-28.json@6690300ef355cda5,2026-09-29,John
ZP2019-0023,exclude,DROP,primary_application,Approved,True,housing_adjacent_not_development,sonnet,,0.0,"""Demolition of rear portion of existing SFR and two story major residential addition"" describes modification of a single existing dwelling, not a new housing development.",data/derived/planning_scope_second_read_2026-09-28.json@6690300ef355cda5,2026-09-29,John
ZP2019-0028,exclude,DROP,primary_application,Approved,True,housing_adjacent_not_development,sonnet,,0.0,"""1198 SF addition to an existing one-story single family dwelling"" is an addition to an existing home, not creation of new dwelling units.",data/derived/planning_scope_second_read_2026-09-28.json@6690300ef355cda5,2026-09-29,John
ZP2019-0031,exclude,DROP,primary_application,Approved,True,housing_adjacent_not_development,jev,none_stated,,,data/derived/planning_scope_evidence_2026-09-28.json@0861ffec4c55bf14,2026-09-29,John
ZP2019-0035,exclude,DROP,primary_application,Approved,True,housing_adjacent_not_development,sonnet,,0.0,"The record describes a ""Major residential addition ... to existing 1-story single family home"" with no new dwelling unit created or stated.",data/derived/planning_scope_second_read_2026-09-28.json@6690300ef355cda5,2026-09-29,John
ZP2019-0037,exclude,DROP,primary_application,Approved,True,housing_adjacent_not_development,sonnet,,0.0,"This is a ""Second story addition to existing SFR"" with no unit count or new unit creation stated.",data/derived/planning_scope_second_read_2026-09-28.json@6690300ef355cda5,2026-09-29,John
ZP2019-0038,exclude,DROP,primary_application,Approved,True,housing_adjacent_not_development,sonnet,,0.0,"The permit covers a ""Major residential addition"" and ""Addition of 5th bedroom"" to an existing home, not a new unit or development application.",data/derived/planning_scope_second_read_2026-09-28.json@6690300ef355cda5,2026-09-29,John
ZP2019-0039,exclude,DROP,primary_application,Approved,True,housing_adjacent_not_development,jev,1,,,data/derived/planning_scope_evidence_2026-09-28.json@0861ffec4c55bf14,2026-09-29,John
ZP2019-0046,exclude,DROP,primary_application,Withdrawn,True,not_housing,jev,none_stated,,,data/derived/planning_scope_evidence_2026-09-28.json@0861ffec4c55bf14,2026-09-29,John
ZP2019-0047,exclude,DROP,primary_application,Closed,True,not_housing,jev,none_stated,,,data/derived/planning_scope_evidence_2026-09-28.json@0861ffec4c55bf14,2026-09-29,John
ZP2019-0049,exclude,DROP,primary_application,Approved,True,housing_adjacent_not_development,sonnet,,0.0,"The record is an ""Interior and Exterior remodel of an existing single family dwelling"" with no new units stated or created.",data/derived/planning_scope_second_read_2026-09-28.json@6690300ef355cda5,2026-09-29,John
ZP2019-0053,exclude,DROP,primary_application,Approved,True,housing_adjacent_not_development,sonnet,,0.0,"The project only ""add[s] a 5th bedroom and more than 600 SF"" to an existing single-family dwelling, not a new dwelling unit.",data/derived/planning_scope_second_read_2026-09-28.json@6690300ef355cda5,2026-09-29,John
ZP2019-0057,exclude,DROP,primary_application,Approved,True,housing_adjacent_not_development,jev,1,,,data/derived/planning_scope_evidence_2026-09-28.json@0861ffec4c55bf14,2026-09-29,John
ZP2019-0062,exclude,DROP,primary_application,Closed,True,not_housing,sonnet,,0.0,"The permit is to 'establish a large family day care at an existing single-family residence,' a commercial/institutional use, not a housing development application.",data/derived/planning_scope_second_read_2026-09-28.json@6690300ef355cda5,2026-09-29,John
ZP2019-0064,exclude,DROP,primary_application,Approved,True,housing_adjacent_not_development,sonnet,,0.0,"The project is a 'Residential addition over 14' in height, by expanding a dormer at the rear of the house,' an alteration to an existing single-family home with no stated new units.",data/derived/planning_scope_second_read_2026-09-28.json@6690300ef355cda5,2026-09-29,John
ZP2019-0068,exclude,DROP,primary_application,Approved,True,housing_adjacent_not_development,sonnet,,0.0,"The text describes a 'modification to existing ADU per ZP2017-0079' and a garage/fence, not creation of new dwelling units.",data/derived/planning_scope_second_read_2026-09-28.json@6690300ef355cda5,2026-09-29,John
ZP2019-0072,exclude,DROP,primary_application,Approved,True,housing_adjacent_not_development,sonnet,,0.0,"The permit adds a 'third story 1,125 sq. ft. addition' to an 'existing two-story single family residence,' an alteration rather than a new housing development.",data/derived/planning_scope_second_read_2026-09-28.json@6690300ef355cda5,2026-09-29,John
ZP2019-0075,exclude,DROP,primary_application,Approved,True,housing_adjacent_not_development,jev,none_stated,,,data/derived/planning_scope_evidence_2026-09-28.json@0861ffec4c55bf14,2026-09-29,John
ZP2019-0076,exclude,DROP,primary_application,Approved,True,housing_adjacent_not_development,sonnet,,0.0,"The work is to 'Renovate and expand existing rear dwelling unit' by raising the building for an addition, modifying an existing unit rather than creating new ones.",data/derived/planning_scope_second_read_2026-09-28.json@6690300ef355cda5,2026-09-29,John
ZP2019-0080,exclude,DROP,primary_application,Approved,True,housing_adjacent_not_development,sonnet,,0.0,"The record is ""A 67 SF addition to an existing single-family dwelling,"" an alteration rather than creation of new dwelling units.",data/derived/planning_scope_second_read_2026-09-28.json@6690300ef355cda5,2026-09-29,John
ZP2019-0094,exclude,DROP,primary_application,Approved,True,housing_adjacent_not_development,jev,1,,,data/derived/planning_scope_evidence_2026-09-28.json@0861ffec4c55bf14,2026-09-29,John
ZP2019-0095,exclude,DROP,primary_application,Approved,True,housing_adjacent_not_development,jev,1,,,data/derived/planning_scope_evidence_2026-09-28.json@0861ffec4c55bf14,2026-09-29,John
ZP2019-0102,exclude,DROP,primary_application,Approved,True,housing_adjacent_not_development,sonnet,,0.0,"The record alters ""an existing 2,177 sq. ft. single-family residence"" by adding a ""5th bedroom,"" not a new dwelling unit.",data/derived/planning_scope_second_read_2026-09-28.json@6690300ef355cda5,2026-09-29,John
ZP2019-0103,exclude,DROP,primary_application,Approved,True,housing_adjacent_not_development,sonnet,,0.0,"The description is ""Enlarging an existing single family home"" by adding a 5th bedroom, an alteration not a new housing development.",data/derived/planning_scope_second_read_2026-09-28.json@6690300ef355cda5,2026-09-29,John
ZP2019-0108,exclude,DROP,primary_application,Approved,True,housing_adjacent_not_development,sonnet,,0.0,"The text describes a ""Major residential addition"" with a ""707 sq. ft. second story addition,"" an alteration to an existing home rather than new unit creation.",data/derived/planning_scope_second_read_2026-09-28.json@6690300ef355cda5,2026-09-29,John
ZP2019-0110,exclude,DROP,primary_application,Approved,True,housing_adjacent_not_development,sonnet,,0.0,"The record covers construction of ""a two-story, approx. 1,050 sq. ft. addition at a SFR"" and legalizing an accessory building, not creation of new dwelling units.",data/derived/planning_scope_second_read_2026-09-28.json@6690300ef355cda5,2026-09-29,John
ZP2019-0116,exclude,DROP,primary_application,Approved,True,housing_adjacent_not_development,sonnet,,0.0,"The permit only covers converting an attached garage to habitable area on an existing residence, stating ""Convert attached garage to habitable area and establish new parking space in the rear yard,"" with no new dwelling unit created.",data/derived/planning_scope_second_read_2026-09-28.json@6690300ef355cda5,2026-09-29,John
ZP2019-0120,exclude,DROP,primary_application,Approved,True,not_housing,jev,none_stated,,,data/derived/planning_scope_evidence_2026-09-28.json@0861ffec4c55bf14,2026-09-29,John
ZP2019-0122,exclude,DROP,primary_application,Approved,True,housing_adjacent_not_development,sonnet,,0.0,"The record describes ""a 422 sq. ft. residential addition"" to an existing single family residence, not the creation of new dwelling units.",data/derived/planning_scope_second_read_2026-09-28.json@6690300ef355cda5,2026-09-29,John
ZP2019-0125,exclude,DROP,primary_application,Approved,True,housing_adjacent_not_development,jev,none_stated,,,data/derived/planning_scope_evidence_2026-09-28.json@0861ffec4c55bf14,2026-09-29,John
ZP2019-0127,exclude,DROP,primary_application,Approved,True,housing_adjacent_not_development,sonnet,,0.0,"This is ""A residential addition"" with a new window opening on an existing single-family home, not a new housing development.",data/derived/planning_scope_second_read_2026-09-28.json@6690300ef355cda5,2026-09-29,John
ZP2019-0128,exclude,DROP,primary_application,Withdrawn,True,housing_adjacent_not_development,jev,1,,,data/derived/planning_scope_evidence_2026-09-28.json@0861ffec4c55bf14,2026-09-29,John
ZP2019-0129,exclude,DROP,primary_application,Approved,True,housing_adjacent_not_development,jev,1,,,data/derived/planning_scope_evidence_2026-09-28.json@0861ffec4c55bf14,2026-09-29,John
ZP2019-0131,exclude,DROP,primary_application,Approved,True,housing_adjacent_not_development,sonnet,,0.0,"The description covers ""Demolition of the rear of an existing single-story 1,273 sq. ft. dwelling, and construction of a 1,400 sq. ft. two-story addition"" to the same single dwelling, not new units.",data/derived/planning_scope_second_read_2026-09-28.json@6690300ef355cda5,2026-09-29,John
ZP2019-0132,exclude,DROP,primary_application,Approved,True,housing_adjacent_not_development,jev,1,,,data/derived/planning_scope_evidence_2026-09-28.json@0861ffec4c55bf14,2026-09-29,John
ZP2019-0137,exclude,DROP,primary_application,Approved,True,housing_adjacent_not_development,sonnet,,0.0,"The record describes converting a bedroom back to a garage and a ""Major residential addition of 990 square feet at second floor"" to an existing single-family residence, not a new housing development project.",data/derived/planning_scope_second_read_2026-09-28.json@6690300ef355cda5,2026-09-29,John
ZP2019-0139,exclude,DROP,primary_application,Approved,True,housing_adjacent_not_development,sonnet,,1.0,"The description explicitly states the project will ""eliminate a dwelling unit to restore back to a single-family residence,"" reducing rather than creating housing units.",data/derived/planning_scope_second_read_2026-09-28.json@6690300ef355cda5,2026-09-29,John
ZP2019-0140,exclude,DROP,primary_application,Approved,True,housing_adjacent_not_development,sonnet,,0.0,"The record covers an ""Addition of 103 sq.ft. on main floor and 44.9 sq. ft. on upper floor of an existing single-family residence,"" not a new housing development.",data/derived/planning_scope_second_read_2026-09-28.json@6690300ef355cda5,2026-09-29,John
ZP2019-0144,exclude,DROP,primary_application,Approved,True,housing_adjacent_not_development,jev,1,,,data/derived/planning_scope_evidence_2026-09-28.json@0861ffec4c55bf14,2026-09-29,John
ZP2019-0146,exclude,DROP,primary_application,Approved,True,housing_adjacent_not_development,sonnet,,0.0,"The text seeks to ""legalize non-conforming residential density"" and expand setbacks on an existing structure, with no stated new units created.",data/derived/planning_scope_second_read_2026-09-28.json@6690300ef355cda5,2026-09-29,John
ZP2019-0147,exclude,DROP,primary_application,Approved,True,housing_adjacent_not_development,sonnet,,0.0,"The record describes enlarging ""an existing 1,423 sq. ft. single-family residence"" by 64 sq. ft., not creating a new dwelling unit.",data/derived/planning_scope_second_read_2026-09-28.json@6690300ef355cda5,2026-09-29,John
ZP2019-0149,exclude,DROP,primary_application,Approved,True,housing_adjacent_not_development,jev,1,,,data/derived/planning_scope_evidence_2026-09-28.json@0861ffec4c55bf14,2026-09-29,John
ZP2019-0151,exclude,DROP,primary_application,Approved,True,housing_adjacent_not_development,jev,none_stated,,,data/derived/planning_scope_evidence_2026-09-28.json@0861ffec4c55bf14,2026-09-29,John
ZP2019-0157,exclude,DROP,primary_application,Approved,True,housing_adjacent_not_development,sonnet,,0.0,"The record describes a ""Residential remodel and addition including a new balcony... and a hot tub,"" which modifies an existing dwelling without adding units.",data/derived/planning_scope_second_read_2026-09-28.json@6690300ef355cda5,2026-09-29,John
ZP2019-0158,exclude,DROP,primary_application,Withdrawn,True,housing_adjacent_not_development,sonnet,,0.0,"The record describes only a 'residential addition' by 'raising the existing single family dwelling' and expanding it, with no new dwelling units created.",data/derived/planning_scope_second_read_2026-09-28.json@6690300ef355cda5,2026-09-29,John
ZP2019-0159,exclude,DROP,primary_application,Approved,True,housing_adjacent_not_development,sonnet,,0.0,"The description is a 'second story addition to existing front SFR on lot with 3 dwellings,' an alteration with no stated new units.",data/derived/planning_scope_second_read_2026-09-28.json@6690300ef355cda5,2026-09-29,John
ZP2019-0160,exclude,DROP,primary_application,Approved,True,not_housing,sonnet,,1.0,"The record states to 'Eliminate 1 dwelling unit and establish a child care center in existing building,' converting housing to a non-residential use rather than developing housing.",data/derived/planning_scope_second_read_2026-09-28.json@6690300ef355cda5,2026-09-29,John
ZP2019-0167,exclude,DROP,primary_application,Withdrawn,True,housing_adjacent_not_development,jev,1,,,data/derived/planning_scope_evidence_2026-09-28.json@0861ffec4c55bf14,2026-09-29,John
ZP2019-0169,exclude,DROP,primary_application,Approved,True,housing_adjacent_not_development,sonnet,,0.0,"The permit is for a ""Major residential addition"" and a ""New hot tub"" to an existing single-family home, not an application creating new dwelling units.",data/derived/planning_scope_second_read_2026-09-28.json@6690300ef355cda5,2026-09-29,John
ZP2019-0181,exclude,DROP,primary_application,Approved,True,housing_adjacent_not_development,sonnet,,0.0,"The text describes ""Expansion of an existing... single-family dwelling"" with an added bedroom, not creation of new dwelling units.",data/derived/planning_scope_second_read_2026-09-28.json@6690300ef355cda5,2026-09-29,John
ZP2019-0186,exclude,DROP,primary_application,Approved,True,housing_adjacent_not_development,sonnet,,0.0,"The permit is for a ""240 sq. ft. second story addition"" to an existing nonconforming two-residence parcel, not creation of new units.",data/derived/planning_scope_second_read_2026-09-28.json@6690300ef355cda5,2026-09-29,John
ZP2019-0189,exclude,DROP,primary_application,Approved,True,housing_adjacent_not_development,sonnet,,0.0,"The record describes a ""Second-story residential addition to an existing... single-family residence"" with an added bedroom, not new dwelling unit creation.",data/derived/planning_scope_second_read_2026-09-28.json@6690300ef355cda5,2026-09-29,John
ZP2019-0194,exclude,DROP,primary_application,Approved,True,housing_adjacent_not_development,jev,1,,,data/derived/planning_scope_evidence_2026-09-28.json@0861ffec4c55bf14,2026-09-29,John
ZP2019-0195,exclude,DROP,primary_application,Withdrawn,True,housing_adjacent_not_development,sonnet,,0.0,"The withdrawn Use Permit sought an addition ""on lot with non-conforming residential density"" and a fifth bedroom, not a new housing development application.",data/derived/planning_scope_second_read_2026-09-28.json@6690300ef355cda5,2026-09-29,John
ZP2019-0197,exclude,DROP,primary_application,Approved,True,housing_adjacent_not_development,sonnet,,0.0,"The record describes only a ""Residential addition over 14 feet in average height"" to an existing dwelling with no stated new dwelling units, so it is not an application for a housing development project.",data/derived/planning_scope_second_read_2026-09-28.json@6690300ef355cda5,2026-09-29,John
ZP2019-0202,exclude,DROP,primary_application,Approved,True,housing_adjacent_not_development,sonnet,,1.0,"The record states the purpose is ""to eliminate a dwelling unit through conversion"" by ""eliminating the studio apartment,"" a unit reduction rather than a development application.",data/derived/planning_scope_second_read_2026-09-28.json@6690300ef355cda5,2026-09-29,John
ZP2019-0204,exclude,DROP,primary_application,Approved,True,housing_adjacent_not_development,sonnet,,0.0,"The project is a ""Third story, 834 square foot addition and interior remodel to existing single family dwelling"" with no new units stated.",data/derived/planning_scope_second_read_2026-09-28.json@6690300ef355cda5,2026-09-29,John
ZP2019-0205,exclude,DROP,primary_application,Withdrawn,True,housing_adjacent_not_development,sonnet,,0.0,"The record concerns demolishing a garage and constructing ""a new accessory building on an approximately 6200 sq. ft. lot with a duplex,"" adding a bedroom but no new dwelling unit; it was also ""Withdrawn.""",data/derived/planning_scope_second_read_2026-09-28.json@6690300ef355cda5,2026-09-29,John
ZP2019-0206,exclude,DROP,primary_application,Closed,True,housing_adjacent_not_development,sonnet,,0.0,"The description is a ""Major Residential Addition over 20' in height"" plus a new garage, with no new dwelling units stated.",data/derived/planning_scope_second_read_2026-09-28.json@6690300ef355cda5,2026-09-29,John
ZP2019-0207,exclude,DROP,primary_application,Approved,True,housing_adjacent_not_development,sonnet,,0.0,"The record describes moving an existing building and adding a second story (""build 2nd story"") to a residence, with no new dwelling units created.",data/derived/planning_scope_second_read_2026-09-28.json@6690300ef355cda5,2026-09-29,John
ZP2019-0208,exclude,DROP,primary_application,Withdrawn,True,housing_adjacent_not_development,sonnet,,0.0,"The project is a ""Residential addition over 14' in the hillside by horizontally expanding the 1st and 2nd floor,"" with no new dwelling units and the record was ""Withdrawn.""",data/derived/planning_scope_second_read_2026-09-28.json@6690300ef355cda5,2026-09-29,John
ZP2019-0209,exclude,DROP,primary_application,Approved,True,housing_adjacent_not_development,sonnet,,0.0,"The record describes additions to an existing single-family dwelling and adding ""the fifth bedroom on the parcel,"" with no new dwelling units created.",data/derived/planning_scope_second_read_2026-09-28.json@6690300ef355cda5,2026-09-29,John
ZP2019-0210,exclude,DROP,primary_application,Approved,True,housing_adjacent_not_development,sonnet,,0.0,"The record describes altering 'an existing three-story single family dwelling' by 'constructing a 115 sq. ft. addition,' with no new units stated.",data/derived/planning_scope_second_read_2026-09-28.json@6690300ef355cda5,2026-09-29,John
ZP2019-0216,exclude,DROP,primary_application,Approved,True,housing_adjacent_not_development,sonnet,,0.0,The record describes alterations to 'an existing 964 sq. ft. single-family residence' with additions but no new dwelling units created.,data/derived/planning_scope_second_read_2026-09-28.json@6690300ef355cda5,2026-09-29,John
ZP2019-0218,exclude,DROP,primary_application,Approved,True,housing_adjacent_not_development,sonnet,,0.0,"The record describes altering 'an existing 1,370 sq. ft. single-family residence' via a 'second story addition' with no new units stated.",data/derived/planning_scope_second_read_2026-09-28.json@6690300ef355cda5,2026-09-29,John
ZP2019-0219,exclude,DROP,primary_application,Approved,True,housing_adjacent_not_development,sonnet,,0.0,"The record describes an ""Addition to existing single family residence"" and a deck, not creation of new dwelling units.",data/derived/planning_scope_second_read_2026-09-28.json@6690300ef355cda5,2026-09-29,John
ZP2020-0004,exclude,DROP,primary_application,Approved,True,housing_adjacent_not_development,sonnet,,0.0,"The text describes a ""residential addition over 14 feet in average height,"" an alteration to an existing home, not new dwelling units.",data/derived/planning_scope_second_read_2026-09-28.json@6690300ef355cda5,2026-09-29,John
ZP2020-0005,exclude,DROP,primary_application,Approved,True,housing_adjacent_not_development,jev,none_stated,,,data/derived/planning_scope_evidence_2026-09-28.json@0861ffec4c55bf14,2026-09-29,John
ZP2020-0012,exclude,DROP,primary_application,Approved,True,housing_adjacent_not_development,jev,1,,,data/derived/planning_scope_evidence_2026-09-28.json@0861ffec4c55bf14,2026-09-29,John
ZP2020-0013,exclude,DROP,primary_application,Approved,True,housing_adjacent_not_development,sonnet,,0.0,"The description says only 'Residential addition over 14 feet in average height and over 20 feet in height in the hillside,' indicating an addition to an existing residence with no new dwelling units mentioned.",data/derived/planning_scope_second_read_2026-09-28.json@6690300ef355cda5,2026-09-29,John
ZP2020-0014,exclude,DROP,primary_application,Approved,True,housing_adjacent_not_development,sonnet,,0.0,"The record states 'Residential addition over 14 feet in height,' which describes an addition to an existing residence, not a new housing development.",data/derived/planning_scope_second_read_2026-09-28.json@6690300ef355cda5,2026-09-29,John
ZP2020-0021,exclude,DROP,primary_application,Approved,True,housing_adjacent_not_development,sonnet,,0.0,"The text 'Addition of fifth bedroom to a 5,378 sq. ft. lot that contain two dwellings' describes a bedroom addition to existing dwellings, not creation of new housing units.",data/derived/planning_scope_second_read_2026-09-28.json@6690300ef355cda5,2026-09-29,John
ZP2020-0023,exclude,DROP,primary_application,Approved,True,not_housing,jev,1,,,data/derived/planning_scope_evidence_2026-09-28.json@0861ffec4c55bf14,2026-09-29,John
ZP2020-0024,exclude,DROP,primary_application,Approved,True,housing_adjacent_not_development,sonnet,,0.0,"The record describes adding '877 square feet to an existing one-story, single family residence,' an addition to an existing home rather than a new housing development.",data/derived/planning_scope_second_read_2026-09-28.json@6690300ef355cda5,2026-09-29,John
ZP2020-0026,exclude,DROP,primary_application,Approved,True,housing_adjacent_not_development,jev,1,,,data/derived/planning_scope_evidence_2026-09-28.json@0861ffec4c55bf14,2026-09-29,John
ZP2020-0030,exclude,DROP,primary_application,Approved,True,housing_adjacent_not_development,sonnet,,0.0,"The text describes only a ""227 square-foot residential addition"" and dormer on an existing dwelling, not the creation of any new dwelling unit.",data/derived/planning_scope_second_read_2026-09-28.json@6690300ef355cda5,2026-09-29,John
ZP2020-0031,exclude,DROP,primary_application,Approved,True,housing_adjacent_not_development,jev,none_stated,,,data/derived/planning_scope_evidence_2026-09-28.json@0861ffec4c55bf14,2026-09-29,John
ZP2020-0032,exclude,DROP,primary_application,Closed,True,housing_adjacent_not_development,sonnet,,0.0,"The record describes altering ""an existing 2,700 sq. ft. two-story single-family residence"" to add ""a fifth bedroom,"" not a new dwelling unit.",data/derived/planning_scope_second_read_2026-09-28.json@6690300ef355cda5,2026-09-29,John
ZP2020-0033,exclude,DROP,primary_application,Approved,True,housing_adjacent_not_development,jev,none_stated,,,data/derived/planning_scope_evidence_2026-09-28.json@0861ffec4c55bf14,2026-09-29,John
ZP2020-0034,exclude,DROP,primary_application,Approved,True,housing_adjacent_not_development,sonnet,,0.0,"The record concerns additions to ""a one-story 824-square-foot single-family dwelling"" including a second-story addition and porch legalization, with no new units created.",data/derived/planning_scope_second_read_2026-09-28.json@6690300ef355cda5,2026-09-29,John
ZP2020-0035,exclude,DROP,primary_application,Approved,True,housing_adjacent_not_development,sonnet,,0.0,"The description enlarges ""an existing 2,344 square-foot three-story single-family dwelling"" via interior conversion and deck extension, not adding a unit.",data/derived/planning_scope_second_read_2026-09-28.json@6690300ef355cda5,2026-09-29,John
ZP2020-0036,exclude,DROP,primary_application,Approved,True,housing_adjacent_not_development,sonnet,,0.0,"The record states the project will ""Lift house 30 inches to convert existing basement into living space. Add two bedrooms,"" which is an alteration, not a new dwelling unit.",data/derived/planning_scope_second_read_2026-09-28.json@6690300ef355cda5,2026-09-29,John
ZP2020-0039,exclude,DROP,primary_application,Approved,True,housing_adjacent_not_development,jev,1,,,data/derived/planning_scope_evidence_2026-09-28.json@0861ffec4c55bf14,2026-09-29,John
ZP2020-0042,exclude,DROP,primary_application,Approved,True,housing_adjacent_not_development,sonnet,,0.0,"The description adds ""a new second story to the existing 1,038 sq. ft. dwelling,"" an addition to an existing single dwelling with no new unit stated.",data/derived/planning_scope_second_read_2026-09-28.json@6690300ef355cda5,2026-09-29,John
ZP2020-0044,exclude,DROP,primary_application,Approved,True,housing_adjacent_not_development,sonnet,,0.0,"The record describes a ""Residential addition of approximately 200 sq. ft. GFA... to a single family dwelling,"" an alteration with no new unit created.",data/derived/planning_scope_second_read_2026-09-28.json@6690300ef355cda5,2026-09-29,John
ZP2020-0046,exclude,DROP,primary_application,Approved,True,not_housing,sonnet,,0.0,"The description lists only nonresidential program elements — ""Art/Craft Studio workspaces,"" ""Research and Development facility,"" ""Light Manufacturing,"" and ""Incidental Retail"" — with no dwelling units stated.",data/derived/planning_scope_second_read_2026-09-28.json@6690300ef355cda5,2026-09-29,John
ZP2020-0048,exclude,DROP,primary_application,Approved,True,housing_adjacent_not_development,sonnet,,0.0,"The record describes a ""Residential addition above 14 ft. in average height"" to an existing structure, not a new dwelling unit.",data/derived/planning_scope_second_read_2026-09-28.json@6690300ef355cda5,2026-09-29,John
ZP2020-0054,exclude,DROP,primary_application,Approved,True,housing_adjacent_not_development,sonnet,,0.0,"The record is a ""Major Residential addition over 14 ft. in height to a single family dwelling,"" an alteration of an existing unit, not a new one.",data/derived/planning_scope_second_read_2026-09-28.json@6690300ef355cda5,2026-09-29,John
ZP2020-0056,exclude,DROP,primary_application,Approved,True,housing_adjacent_not_development,jev,1,,,data/derived/planning_scope_evidence_2026-09-28.json@0861ffec4c55bf14,2026-09-29,John
ZP2020-0057,exclude,DROP,primary_application,Approved,True,housing_adjacent_not_development,sonnet,,0.0,"The permit covers alterations ""as part of an extensive remodel of a single-family dwelling,"" not creation of new units.",data/derived/planning_scope_second_read_2026-09-28.json@6690300ef355cda5,2026-09-29,John
ZP2020-0059,exclude,DROP,primary_application,Approved,True,housing_adjacent_not_development,jev,1,,,data/derived/planning_scope_evidence_2026-09-28.json@0861ffec4c55bf14,2026-09-29,John
ZP2020-0061,exclude,DROP,primary_application,Approved,True,housing_adjacent_not_development,jev,1,,,data/derived/planning_scope_evidence_2026-09-28.json@0861ffec4c55bf14,2026-09-29,John
ZP2020-0064,exclude,DROP,primary_application,Approved,True,housing_adjacent_not_development,sonnet,,0.0,"The description details ""Alteration of an existing 1,415 sq. ft. single-story single-family dwelling"" by raising it and legalizing an accessory building, not new dwelling units.",data/derived/planning_scope_second_read_2026-09-28.json@6690300ef355cda5,2026-09-29,John
ZP2020-0067,exclude,DROP,primary_application,Approved,True,housing_adjacent_not_development,sonnet,,0.0,"The permit describes ""Alteration of an existing 1,194 sq. ft. single-story single-family dwelling"" by adding a second story, not a new dwelling unit.",data/derived/planning_scope_second_read_2026-09-28.json@6690300ef355cda5,2026-09-29,John
ZP2020-0074,exclude,DROP,primary_application,Closed,True,housing_adjacent_not_development,sonnet,,0.0,"The record describes ""Alteration of an existing 2,981 sq. ft. mixed used building ... by replacing and extending a wall within a nonconforming front yard,"" a minor alteration to an existing structure, not a new housing development application.",data/derived/planning_scope_second_read_2026-09-28.json@6690300ef355cda5,2026-09-29,John
ZP2020-0076,exclude,DROP,primary_application,Approved,True,housing_adjacent_not_development,jev,1,,,data/derived/planning_scope_evidence_2026-09-28.json@0861ffec4c55bf14,2026-09-29,John
ZP2020-0078,exclude,DROP,primary_application,Approved,True,housing_adjacent_not_development,sonnet,,0.0,"The permit is for a ""Major residential addition to raise the existing one-story single-family dwelling,"" an alteration to an existing single unit rather than an application creating a housing development.",data/derived/planning_scope_second_read_2026-09-28.json@6690300ef355cda5,2026-09-29,John
ZP2020-0079,exclude,DROP,primary_application,Approved,True,housing_adjacent_not_development,jev,1,,,data/derived/planning_scope_evidence_2026-09-28.json@0861ffec4c55bf14,2026-09-29,John
ZP2020-0081,exclude,DROP,primary_application,Approved,True,housing_adjacent_not_development,sonnet,,0.0,"The record covers an ""Administrative Use Permit for a major residential addition and construction over 14 feet,"" describing an addition to an existing dwelling, not a new housing development application.",data/derived/planning_scope_second_read_2026-09-28.json@6690300ef355cda5,2026-09-29,John
ZP2020-0084,exclude,DROP,primary_application,Void,True,housing_adjacent_not_development,sonnet,,0.0,"The record describes a ""Residential Addition over 14' in height in the R-1H District,"" an addition to an existing residence rather than a new housing development application.",data/derived/planning_scope_second_read_2026-09-28.json@6690300ef355cda5,2026-09-29,John
ZP2020-0088,exclude,DROP,primary_application,Approved,True,housing_adjacent_not_development,sonnet,,0.0,"The project ""alter[s] an existing ... single-family residence ... resulting in a 2,408 sq. ft. two-story single-family residence,"" remaining a single dwelling unit and thus not a housing development application.",data/derived/planning_scope_second_read_2026-09-28.json@6690300ef355cda5,2026-09-29,John
ZP2020-0089,exclude,DROP,primary_application,Approved,True,housing_adjacent_not_development,jev,1,,,data/derived/planning_scope_evidence_2026-09-28.json@0861ffec4c55bf14,2026-09-29,John
ZP2020-0091,exclude,DROP,primary_application,Approved,True,housing_adjacent_not_development,sonnet,,0.0,"The record describes an 'Alteration of an existing 1,358 sq. ft. two-story single-family dwelling' with a rear addition, not an application for new dwelling units.",data/derived/planning_scope_second_read_2026-09-28.json@6690300ef355cda5,2026-09-29,John
ZP2020-0095,exclude,DROP,primary_application,Approved,True,housing_adjacent_not_development,sonnet,,0.0,"The record is 'To construct a 612 sq. ft. addition to an existing two-story 1,677 sq. ft. single family dwelling,' an alteration rather than a unit-creating development.",data/derived/planning_scope_second_read_2026-09-28.json@6690300ef355cda5,2026-09-29,John
ZP2020-0097,exclude,DROP,primary_application,Approved,True,housing_adjacent_not_development,jev,1,,,data/derived/planning_scope_evidence_2026-09-28.json@0861ffec4c55bf14,2026-09-29,John
ZP2020-0100,exclude,DROP,primary_application,Approved,True,housing_adjacent_not_development,jev,none_stated,,,data/derived/planning_scope_evidence_2026-09-28.json@0861ffec4c55bf14,2026-09-29,John
ZP2020-0105,exclude,DROP,primary_application,Approved,True,housing_adjacent_not_development,jev,none_stated,,,data/derived/planning_scope_evidence_2026-09-28.json@0861ffec4c55bf14,2026-09-29,John
ZP2020-0106,exclude,DROP,primary_application,Approved,True,housing_adjacent_not_development,jev,none_stated,,,data/derived/planning_scope_evidence_2026-09-28.json@0861ffec4c55bf14,2026-09-29,John
ZP2020-0107,exclude,DROP,primary_application,Approved,True,housing_adjacent_not_development,sonnet,,0.0,"The record is a 'Major residential addition of 729 sq. ft. to add a new second story, and a fifth bedroom to an existing 1,822 sq. ft. dwelling,' an alteration of an existing single dwelling rather than new unit creation.",data/derived/planning_scope_second_read_2026-09-28.json@6690300ef355cda5,2026-09-29,John
ZP2020-0108,exclude,DROP,primary_application,Approved,True,housing_adjacent_not_development,sonnet,,0.0,"The record is a 'Major residential addition of 866 sq. ft. to add a new second story to an existing 1,485 sq. ft. dwelling,' describing an addition, not a new housing unit application.",data/derived/planning_scope_second_read_2026-09-28.json@6690300ef355cda5,2026-09-29,John
ZP2020-0111,exclude,DROP,primary_application,Void,True,housing_adjacent_not_development,jev,1,,,data/derived/planning_scope_evidence_2026-09-28.json@0861ffec4c55bf14,2026-09-29,John
ZP2020-0112,exclude,DROP,primary_application,Approved,True,housing_adjacent_not_development,jev,1,,,data/derived/planning_scope_evidence_2026-09-28.json@0861ffec4c55bf14,2026-09-29,John
ZP2020-0114,exclude,DROP,primary_application,Approved,True,housing_adjacent_not_development,sonnet,,0.0,"The description reads 'Two-story addition to rear dwelling' with no mention of new dwelling units, indicating an alteration to an existing residence rather than a housing development application.",data/derived/planning_scope_second_read_2026-09-28.json@6690300ef355cda5,2026-09-29,John
ZP2020-0118,exclude,DROP,primary_application,Withdrawn,True,housing_adjacent_not_development,sonnet,174,0.0,"The project text states a '222-room hotel' alongside '84 residential units' and '90 residential units', so the mixed-use path requiring 'no hotel or motel component' is not satisfied and the 500-unit threshold for the other paths is not reached.",data/derived/planning_scope_second_read_2026-09-28.json@6690300ef355cda5,2026-09-29,John
ZP2020-0132,exclude,DROP,primary_application,Approved,True,housing_adjacent_not_development,sonnet,,0.0,"The permit describes an ""Addition of approximately 460 sq. ft. gross floor area to a single family dwelling"" and legalizing a fence, an alteration of an existing home, not a new development.",data/derived/planning_scope_second_read_2026-09-28.json@6690300ef355cda5,2026-09-29,John
ZP2020-0135,exclude,DROP,primary_application,Approved,True,housing_adjacent_not_development,jev,2_to_9,,,data/derived/planning_scope_evidence_2026-09-28.json@0861ffec4c55bf14,2026-09-29,John
ZP2020-0137,exclude,DROP,primary_application,Approved,True,housing_adjacent_not_development,jev,none_stated,,,data/derived/planning_scope_evidence_2026-09-28.json@0861ffec4c55bf14,2026-09-29,John
ZP2020-0138,exclude,DROP,primary_application,Approved,True,housing_adjacent_not_development,jev,none_stated,,,data/derived/planning_scope_evidence_2026-09-28.json@0861ffec4c55bf14,2026-09-29,John
ZP2020-0139,exclude,DROP,primary_application,Approved,True,housing_adjacent_not_development,jev,1,,,data/derived/planning_scope_evidence_2026-09-28.json@0861ffec4c55bf14,2026-09-29,John
ZP2020-0141,exclude,DROP,primary_application,Approved,True,housing_adjacent_not_development,sonnet,,0.0,"The record states ""Raise existing single family home and demolish rear deck to expand living area on lower floor,"" describing modification of an existing dwelling, not new units.",data/derived/planning_scope_second_read_2026-09-28.json@6690300ef355cda5,2026-09-29,John
ZP2020-0142,exclude,DROP,primary_application,Approved,True,housing_adjacent_not_development,jev,1,,,data/derived/planning_scope_evidence_2026-09-28.json@0861ffec4c55bf14,2026-09-29,John
ZP2020-0143,exclude,DROP,primary_application,Approved,True,housing_adjacent_not_development,sonnet,,0.0,"The description ""Major residential addition to create a second story by raising the existing one-story dwelling up"" concerns expansion of an existing single dwelling, not new units.",data/derived/planning_scope_second_read_2026-09-28.json@6690300ef355cda5,2026-09-29,John
ZP2020-0145,exclude,DROP,primary_application,Approved,True,housing_adjacent_not_development,sonnet,,0.0,"The record describes a ""One-story 464 sq. ft. addition to the rear of an existing one-story dwelling,"" an addition to an existing home rather than new dwelling units.",data/derived/planning_scope_second_read_2026-09-28.json@6690300ef355cda5,2026-09-29,John
ZP2020-0146,exclude,DROP,primary_application,Withdrawn,True,housing_adjacent_not_development,sonnet,,0.0,"The description ""Major residential addition over 14 feet, continuing non-conforming setbacks"" refers to an addition on an existing residence, and the record was ultimately ""Withdrawn.""",data/derived/planning_scope_second_read_2026-09-28.json@6690300ef355cda5,2026-09-29,John
ZP2020-0147,exclude,DROP,primary_application,Approved,True,housing_adjacent_not_development,sonnet,,0.0,"The description only modifies an existing use permit 'to allow thirteen occupants in thirteen Group Living Accommodation rooms' in an existing building, which is an alteration of occupancy, not a housing development application.",data/derived/planning_scope_second_read_2026-09-28.json@6690300ef355cda5,2026-09-29,John
ZP2020-0150,exclude,DROP,primary_application,Approved,True,housing_adjacent_not_development,jev,1,,,data/derived/planning_scope_evidence_2026-09-28.json@0861ffec4c55bf14,2026-09-29,John
ZP2020-0151,exclude,DROP,primary_application,Approved,True,housing_adjacent_not_development,sonnet,,0.0,"The description says 'convert attic space into habitable space (new bedroom) and add 182 sq. ft. of floor area', which adds a bedroom, not a dwelling unit, to an existing residence.",data/derived/planning_scope_second_read_2026-09-28.json@6690300ef355cda5,2026-09-29,John
ZP2020-0154,exclude,DROP,primary_application,Approved,True,housing_adjacent_not_development,jev,none_stated,,,data/derived/planning_scope_evidence_2026-09-28.json@0861ffec4c55bf14,2026-09-29,John
ZP2020-0155,exclude,DROP,primary_application,Withdrawn,True,housing_adjacent_not_development,sonnet,,0.0,"The record describes 'Alteration of an existing 10,118 sq. ft. three-story Fraternity house' involving roof, balcony, and siding changes, an alteration of an existing group-living structure rather than a new housing development.",data/derived/planning_scope_second_read_2026-09-28.json@6690300ef355cda5,2026-09-29,John
ZP2020-0156,exclude,DROP,primary_application,Approved,True,housing_adjacent_not_development,sonnet,,0.0,"The text describes a '300 square foot addition to the second and third stories of an existing... single-family dwelling' and attic conversion, which alters an existing dwelling without adding units.",data/derived/planning_scope_second_read_2026-09-28.json@6690300ef355cda5,2026-09-29,John
ZP2021-0007,exclude,DROP,primary_application,Approved,True,housing_adjacent_not_development,sonnet,,0.0,"The description says ""add a second story to an existing single family dwelling"" which is an alteration of existing housing, not an application to create new units.",data/derived/planning_scope_second_read_2026-09-28.json@6690300ef355cda5,2026-09-29,John
ZP2021-0009,include,ADD,primary_application,Approved,False,housing_development,sonnet,3,1.0,"The text ""Demolition of existing SFD, construction of three new, detached SFDs"" describes residential units only, removing one unit and adding three.",data/derived/planning_scope_second_read_2026-09-28.json@6690300ef355cda5,2026-09-29,John
ZP2021-0010,exclude,DROP,primary_application,Approved,True,housing_adjacent_not_development,sonnet,,0.0,"The record describes ""alteration of an existing... single-family dwelling... resulting in a 1,903 sq. ft. two-story single family dwelling"" with no new units created.",data/derived/planning_scope_second_read_2026-09-28.json@6690300ef355cda5,2026-09-29,John
ZP2021-0013,exclude,DROP,primary_application,Approved,True,housing_adjacent_not_development,jev,1,,,data/derived/planning_scope_evidence_2026-09-28.json@0861ffec4c55bf14,2026-09-29,John
ZP2021-0018,exclude,DROP,primary_application,Approved,True,housing_adjacent_not_development,sonnet,,0.0,"The record describes ""Alteration of an existing 948 sq. ft. single-story single-family dwelling"" with an addition, not creation of new units.",data/derived/planning_scope_second_read_2026-09-28.json@6690300ef355cda5,2026-09-29,John
ZP2021-0021,exclude,DROP,primary_application,Approved,True,housing_adjacent_not_development,sonnet,,0.0,"The text refers to an addition ""at the rear of the existing two-story 2,302-square-foot single-family dwelling,"" an alteration rather than a new housing development.",data/derived/planning_scope_second_read_2026-09-28.json@6690300ef355cda5,2026-09-29,John
ZP2021-0022,exclude,DROP,primary_application,Approved,True,housing_adjacent_not_development,sonnet,,0.0,"The description ""Interior remodel of Unit 2 of fourplex to add 5th bedroom to parcel"" concerns an existing unit's interior change, not new unit creation.",data/derived/planning_scope_second_read_2026-09-28.json@6690300ef355cda5,2026-09-29,John
ZP2021-0024,exclude,DROP,primary_application,Closed,True,housing_adjacent_not_development,sonnet,,0.0,"The text describes 'Alteration of an existing ... single-family dwelling ... constructing a 935 sq. ft. two-story addition' with 'the addition of a fifth bedroom,' indicating an expansion of an existing unit rather than creation of new dwelling units.",data/derived/planning_scope_second_read_2026-09-28.json@6690300ef355cda5,2026-09-29,John
ZP2021-0026,exclude,DROP,primary_application,Approved,True,housing_adjacent_not_development,jev,none_stated,,,data/derived/planning_scope_evidence_2026-09-28.json@0861ffec4c55bf14,2026-09-29,John
ZP2021-0029,exclude,DROP,primary_application,Withdrawn,True,housing_adjacent_not_development,sonnet,,1.0,"The description states 'Convert house from duplex to single unit by eliminating a dwelling unit to restore to the original number of dwelling units,' which is a unit-reduction action, not an application to build a housing development project.",data/derived/planning_scope_second_read_2026-09-28.json@6690300ef355cda5,2026-09-29,John
ZP2021-0030,exclude,DROP,primary_application,Approved,True,housing_adjacent_not_development,sonnet,,0.0,"The text describes construction of 'a 925 sq. ft. two-story addition to an existing 1,044 sq.ft., two-story single family dwelling,' an expansion of an existing unit with no new dwelling units mentioned.",data/derived/planning_scope_second_read_2026-09-28.json@6690300ef355cda5,2026-09-29,John
ZP2021-0033,exclude,DROP,primary_application,Approved,True,housing_adjacent_not_development,sonnet,,0.0,"The record describes 'Alteration and expansion of an existing ... single-family dwelling ... constructing a 548 sq. ft. second-story addition,' which is a modification of an existing unit, not a new housing development application.",data/derived/planning_scope_second_read_2026-09-28.json@6690300ef355cda5,2026-09-29,John
ZP2021-0034,exclude,DROP,primary_application,Approved,True,housing_adjacent_not_development,jev,1,,,data/derived/planning_scope_evidence_2026-09-28.json@0861ffec4c55bf14,2026-09-29,John
ZP2021-0035,exclude,DROP,primary_application,Approved,True,housing_adjacent_not_development,sonnet,,0.0,"The permit alters an existing single-family residence with a rear addition, stating no new dwelling units, only square footage of the addition.",data/derived/planning_scope_second_read_2026-09-28.json@6690300ef355cda5,2026-09-29,John
ZP2021-0038,exclude,DROP,primary_application,Approved,True,housing_adjacent_not_development,sonnet,,0.0,The record describes a '24 square foot second-story addition' to an existing single-family dwelling with no change in unit count.,data/derived/planning_scope_second_read_2026-09-28.json@6690300ef355cda5,2026-09-29,John
ZP2021-0039,exclude,DROP,primary_application,Approved,True,housing_adjacent_not_development,sonnet,,0.0,"The description covers a small addition and porch/roof-deck alterations to an existing single-family dwelling, with no new units mentioned.",data/derived/planning_scope_second_read_2026-09-28.json@6690300ef355cda5,2026-09-29,John
ZP2021-0041,exclude,DROP,primary_application,Approved,True,housing_adjacent_not_development,jev,none_stated,,,data/derived/planning_scope_evidence_2026-09-28.json@0861ffec4c55bf14,2026-09-29,John
ZP2021-0042,exclude,DROP,primary_application,Withdrawn,True,not_housing,jev,none_stated,,,data/derived/planning_scope_evidence_2026-09-28.json@0861ffec4c55bf14,2026-09-29,John
ZP2021-0043,exclude,DROP,primary_application,Approved,True,not_housing,jev,none_stated,,,data/derived/planning_scope_evidence_2026-09-28.json@0861ffec4c55bf14,2026-09-29,John
ZP2021-0045,exclude,DROP,primary_application,Approved,True,housing_adjacent_not_development,jev,1,,,data/derived/planning_scope_evidence_2026-09-28.json@0861ffec4c55bf14,2026-09-29,John
ZP2021-0047,exclude,DROP,primary_application,Approved,True,housing_adjacent_not_development,sonnet,,0.0,"The description says 'expand ADU at first story' within an existing accessory building, an alteration to an existing unit rather than an application to create a new housing development.",data/derived/planning_scope_second_read_2026-09-28.json@6690300ef355cda5,2026-09-29,John
ZP2021-0048,exclude,DROP,primary_application,Withdrawn,True,not_housing,sonnet,85,75.0,"The text states the project will 'eliminate 75 dwelling units within an 85-unit residential building through a change of use to GLA's,' converting housing to non-residential use rather than developing housing.",data/derived/planning_scope_second_read_2026-09-28.json@6690300ef355cda5,2026-09-29,John
ZP2021-0054,exclude,DROP,primary_application,Approved,True,housing_adjacent_not_development,jev,1,,,data/derived/planning_scope_evidence_2026-09-28.json@0861ffec4c55bf14,2026-09-29,John
ZP2021-0057,exclude,DROP,primary_application,Approved,True,housing_adjacent_not_development,jev,2_to_9,,,data/derived/planning_scope_evidence_2026-09-28.json@0861ffec4c55bf14,2026-09-29,John
ZP2021-0068,exclude,DROP,primary_application,Approved,True,not_housing,sonnet,,0.0,"The description covers only 'addition of a third-story balcony within the building footprint... of a single family dwelling,' with no new dwelling units proposed.",data/derived/planning_scope_second_read_2026-09-28.json@6690300ef355cda5,2026-09-29,John
ZP2021-0069,exclude,DROP,primary_application,Approved,True,housing_adjacent_not_development,jev,none_stated,,,data/derived/planning_scope_evidence_2026-09-28.json@0861ffec4c55bf14,2026-09-29,John
ZP2021-0077,exclude,DROP,primary_application,Approved,True,not_housing,sonnet,,0.0,"The record describes alterations to 'an existing 1,204 square foot one-story single-family residence' including a porch enclosure and additions, with no new dwelling units stated.",data/derived/planning_scope_second_read_2026-09-28.json@6690300ef355cda5,2026-09-29,John
ZP2021-0078,exclude,DROP,primary_application,Approved,True,housing_adjacent_not_development,sonnet,,0.0,"The description says ""Major Residential Addition over 14-feet and over 20-feet in Hillside Overlay"" with no unit count, indicating an addition to an existing dwelling rather than a new housing development application.",data/derived/planning_scope_second_read_2026-09-28.json@6690300ef355cda5,2026-09-29,John
ZP2021-0079,exclude,DROP,primary_application,Approved,True,housing_adjacent_not_development,jev,1,,,data/derived/planning_scope_evidence_2026-09-28.json@0861ffec4c55bf14,2026-09-29,John
ZP2021-0080,exclude,DROP,primary_application,Approved,True,housing_adjacent_not_development,jev,none_stated,,,data/derived/planning_scope_evidence_2026-09-28.json@0861ffec4c55bf14,2026-09-29,John
ZP2021-0081,exclude,DROP,primary_application,Approved,True,housing_adjacent_not_development,sonnet,,0.0,"The text describes ""raising the roof height over the attic"" and adding a deck to an existing structure, with no units stated, so it is an alteration not a development application.",data/derived/planning_scope_second_read_2026-09-28.json@6690300ef355cda5,2026-09-29,John
ZP2021-0082,exclude,DROP,primary_application,Approved,True,housing_adjacent_not_development,sonnet,,0.0,"The description converts ""900 sq. ft. of ground floor area of an existing single-family dwelling to administrative offices for a private school"" without stating any new dwelling units, so this is a conversion to nonresidential use, not a housing development application.",data/derived/planning_scope_second_read_2026-09-28.json@6690300ef355cda5,2026-09-29,John
ZP2021-0088,exclude,DROP,primary_application,Withdrawn,True,housing_adjacent_not_development,sonnet,,0.0,"The description ""Legalize one accessory building in the rear setback on a single-family lot"" concerns an accessory structure, not new dwelling units, and the record was later ""Withdrawn.""",data/derived/planning_scope_second_read_2026-09-28.json@6690300ef355cda5,2026-09-29,John
ZP2021-0090,exclude,DROP,primary_application,Approved,True,housing_adjacent_not_development,sonnet,,0.0,"The text states the project results in ""a 2,518 square foot single-family dwelling,"" the same single dwelling as before, with no new units added, so it is an alteration not a development application.",data/derived/planning_scope_second_read_2026-09-28.json@6690300ef355cda5,2026-09-29,John
ZP2021-0093,exclude,DROP,primary_application,Approved,True,housing_adjacent_not_development,sonnet,,0.0,"The record describes a ""First and Second floor addition at the rear of an existing single-family dwelling"" with no new units created, so it alters existing housing rather than developing it.",data/derived/planning_scope_second_read_2026-09-28.json@6690300ef355cda5,2026-09-29,John
ZP2021-0097,exclude,DROP,primary_application,Approved,True,housing_adjacent_not_development,sonnet,,0.0,"The permit is to ""construct a 322 square-foot, one-story residential addition"" to ""an existing 1,412 square-foot, one-story single-family dwelling,"" altering but not adding units to existing housing.",data/derived/planning_scope_second_read_2026-09-28.json@6690300ef355cda5,2026-09-29,John
ZP2021-0100,exclude,DROP,primary_application,Approved,True,housing_adjacent_not_development,sonnet,,0.0,"The record describes a ""1,051 square-foot, two-story residential addition to an existing 1,513 square-foot, one-story single-family dwelling,"" an alteration of an existing single unit rather than a new development.",data/derived/planning_scope_second_read_2026-09-28.json@6690300ef355cda5,2026-09-29,John
ZP2021-0101,exclude,DROP,primary_application,Approved,True,housing_adjacent_not_development,sonnet,,0.0,"The description ""construct a 186 square foot residential addition"" to lift and expand an existing building indicates alteration of existing housing, not a new development application.",data/derived/planning_scope_second_read_2026-09-28.json@6690300ef355cda5,2026-09-29,John
ZP2021-0104,exclude,DROP,primary_application,Approved,True,housing_adjacent_not_development,sonnet,,0.0,"The permit is ""To raise an existing one-story single-family residence to accommodate the addition of new main story, to become a two story home,"" an alteration to an existing single unit, not a new housing development.",data/derived/planning_scope_second_read_2026-09-28.json@6690300ef355cda5,2026-09-29,John
ZP2021-0105,exclude,DROP,primary_application,Withdrawn,True,housing_adjacent_not_development,sonnet,,0.0,"The record describes altering ""an existing 1,742 sq. ft. two-story single-family residence"" with an addition and new basement, modifying but not adding to existing housing.",data/derived/planning_scope_second_read_2026-09-28.json@6690300ef355cda5,2026-09-29,John
ZP2021-0107,exclude,DROP,primary_application,Approved,True,housing_adjacent_not_development,sonnet,,1.0,"The description states the purpose is ""To remove a dwelling unit located in the Pilgrimage Hall... that was destroyed in a 2016 fire,"" which formalizes the removal of a unit rather than developing new housing.",data/derived/planning_scope_second_read_2026-09-28.json@6690300ef355cda5,2026-09-29,John
ZP2021-0108,exclude,DROP,primary_application,Approved,True,housing_adjacent_not_development,sonnet,,0.0,"The permit is an 'Addition to turn existing 1-story single family dwelling into 2-story single family dwelling,' with no stated change in unit count.",data/derived/planning_scope_second_read_2026-09-28.json@6690300ef355cda5,2026-09-29,John
ZP2021-0114,exclude,DROP,primary_application,Closed,True,housing_adjacent_not_development,sonnet,,0.0,"The description is for a 'major residential addition... to the existing one-story single-family dwelling,' with no new dwelling units stated, only a garage-to-carport change.",data/derived/planning_scope_second_read_2026-09-28.json@6690300ef355cda5,2026-09-29,John
ZP2021-0115,exclude,DROP,primary_application,Withdrawn,True,housing_adjacent_not_development,sonnet,,1.0,"The description states the project will ""Revert property from a two unit residential dwelling to a single family dwelling,"" which reduces existing units rather than proposing a new housing development.",data/derived/planning_scope_second_read_2026-09-28.json@6690300ef355cda5,2026-09-29,John
ZP2021-0116,exclude,DROP,primary_application,Approved,True,housing_adjacent_not_development,sonnet,,0.0,"The text describes raising ""an existing one-story single-family dwelling"" and adding floor area with no mention of new dwelling units.",data/derived/planning_scope_second_read_2026-09-28.json@6690300ef355cda5,2026-09-29,John
ZP2021-0117,exclude,DROP,primary_application,Approved,True,housing_adjacent_not_development,jev,1,,,data/derived/planning_scope_evidence_2026-09-28.json@0861ffec4c55bf14,2026-09-29,John
ZP2021-0118,exclude,DROP,primary_application,Approved,True,housing_adjacent_not_development,sonnet,,0.0,"The description is for ""a second story addition to a single family dwelling and addition of a fifth bedroom,"" not creation of new dwelling units.",data/derived/planning_scope_second_read_2026-09-28.json@6690300ef355cda5,2026-09-29,John
ZP2021-0119,exclude,DROP,primary_application,Approved,True,housing_adjacent_not_development,jev,none_stated,,,data/derived/planning_scope_evidence_2026-09-28.json@0861ffec4c55bf14,2026-09-29,John
ZP2021-0123,exclude,DROP,primary_application,Approved,True,housing_adjacent_not_development,jev,none_stated,,,data/derived/planning_scope_evidence_2026-09-28.json@0861ffec4c55bf14,2026-09-29,John
ZP2021-0124,exclude,DROP,primary_application,Approved,True,housing_adjacent_not_development,sonnet,,0.0,"The text states the project will ""create a two-story dwelling unit"" from an existing single-family residence, with the ADU ""proposed under a separate building permit,"" so this record itself adds no new units.",data/derived/planning_scope_second_read_2026-09-28.json@6690300ef355cda5,2026-09-29,John
ZP2021-0125,exclude,DROP,primary_application,Approved,True,housing_adjacent_not_development,sonnet,,0.0,"The description covers demolishing and replacing a garage and building ""a two-story, 547 square-foot addition,"" with no mention of new dwelling units.",data/derived/planning_scope_second_read_2026-09-28.json@6690300ef355cda5,2026-09-29,John
ZP2021-0126,exclude,DROP,primary_application,Approved,True,housing_adjacent_not_development,sonnet,,0.0,"The record describes ""a two-story 779 square-foot addition"" to an existing residence with no reference to new dwelling units.",data/derived/planning_scope_second_read_2026-09-28.json@6690300ef355cda5,2026-09-29,John
ZP2021-0128,exclude,DROP,primary_application,Approved,True,housing_adjacent_not_development,sonnet,,0.0,"The text describes ""a 730 square foot second-story major residential addition"" adding bedrooms to an existing single-family home, not the creation of new dwelling units.",data/derived/planning_scope_second_read_2026-09-28.json@6690300ef355cda5,2026-09-29,John
ZP2021-0130,exclude,DROP,primary_application,Approved,True,housing_adjacent_not_development,sonnet,,0.0,"The permit is to ""lift the building to create a third floor, add a sixth bedroom"" to an existing single dwelling, with no new units created.",data/derived/planning_scope_second_read_2026-09-28.json@6690300ef355cda5,2026-09-29,John
ZP2021-0131,exclude,DROP,primary_application,Approved,True,housing_adjacent_not_development,sonnet,,0.0,"The project ""would result in a total of five bedrooms on the parcel"" via additions to an existing single-family residence, not new dwelling units.",data/derived/planning_scope_second_read_2026-09-28.json@6690300ef355cda5,2026-09-29,John
ZP2021-0132,exclude,DROP,primary_application,Approved,True,housing_adjacent_not_development,sonnet,,0.0,"The description is limited to ""a residential addition over 14 feet and 28 feet in average height"" with no mention of new dwelling units.",data/derived/planning_scope_second_read_2026-09-28.json@6690300ef355cda5,2026-09-29,John
ZP2021-0133,exclude,DROP,primary_application,Approved,True,housing_adjacent_not_development,sonnet,,0.0,"The text says ""Raise single family home, addition of approximately 200 square feet, and renovation of ground floor,"" describing alteration of an existing single unit, not a new development.",data/derived/planning_scope_second_read_2026-09-28.json@6690300ef355cda5,2026-09-29,John
ZP2021-0136,exclude,DROP,primary_application,Approved,True,housing_adjacent_not_development,sonnet,,0.0,"The description is ""to construct a 431 square-foot residential addition to an existing 1,250 square-foot, one-story single-family dwelling,"" which is an alteration, not a new housing development project.",data/derived/planning_scope_second_read_2026-09-28.json@6690300ef355cda5,2026-09-29,John
ZP2021-0142,exclude,DROP,primary_application,Void,True,housing_adjacent_not_development,sonnet,,0.0,"The text ""Lift existing single family dwelling 3' 6"", continue non-conforming front setback and construct new lower floor"" describes alteration of an existing single dwelling, not creation of new units.",data/derived/planning_scope_second_read_2026-09-28.json@6690300ef355cda5,2026-09-29,John
ZP2021-0147,exclude,DROP,primary_application,Approved,True,housing_adjacent_not_development,sonnet,,0.0,The description is limited to 'construct an addition above 14 feet in average height' to a single-family residence with no mention of new dwelling units.,data/derived/planning_scope_second_read_2026-09-28.json@6690300ef355cda5,2026-09-29,John
ZP2021-0148,exclude,DROP,primary_application,Approved,True,housing_adjacent_not_development,sonnet,,0.0,The text describes demolishing a porch/utility room and adding a 'fifth bedroom to the existing single-family house' without stating any new dwelling unit is created.,data/derived/planning_scope_second_read_2026-09-28.json@6690300ef355cda5,2026-09-29,John
ZP2021-0149,exclude,DROP,primary_application,Closed,True,housing_adjacent_not_development,sonnet,,0.0,The record adds a '933 square-foot major residential addition to an existing one-story single-family dwelling' with no new unit count given.,data/derived/planning_scope_second_read_2026-09-28.json@6690300ef355cda5,2026-09-29,John
ZP2021-0152,exclude,DROP,primary_application,Approved,True,housing_adjacent_not_development,sonnet,,0.0,The description simply states 'Major residential addition over 14' in average height' with no unit information.,data/derived/planning_scope_second_read_2026-09-28.json@6690300ef355cda5,2026-09-29,John
ZP2021-0154,exclude,DROP,primary_application,Approved,True,housing_adjacent_not_development,jev,1,,,data/derived/planning_scope_evidence_2026-09-28.json@0861ffec4c55bf14,2026-09-29,John
ZP2021-0161,exclude,DROP,primary_application,Approved,True,not_housing,jev,none_stated,,,data/derived/planning_scope_evidence_2026-09-28.json@0861ffec4c55bf14,2026-09-29,John
ZP2021-0163,exclude,DROP,primary_application,Approved,True,housing_adjacent_not_development,sonnet,,0.0,"The record covers a 'Two-story residential addition to an existing single-family dwelling, including partial demolition,' with no unit count or new unit creation stated.",data/derived/planning_scope_second_read_2026-09-28.json@6690300ef355cda5,2026-09-29,John
ZP2021-0166,exclude,DROP,primary_application,Approved,True,housing_adjacent_not_development,sonnet,,0.0,"The permit is for ""a 781 square-foot, two-story residential addition to an existing... single-family dwelling,"" not creation of new dwelling units.",data/derived/planning_scope_second_read_2026-09-28.json@6690300ef355cda5,2026-09-29,John
ZP2021-0167,exclude,DROP,primary_application,Approved,True,housing_adjacent_not_development,jev,none_stated,,,data/derived/planning_scope_evidence_2026-09-28.json@0861ffec4c55bf14,2026-09-29,John
ZP2021-0170,exclude,DROP,primary_application,Approved,True,housing_adjacent_not_development,jev,1,,,data/derived/planning_scope_evidence_2026-09-28.json@0861ffec4c55bf14,2026-09-29,John
ZP2021-0171,exclude,DROP,primary_application,Approved,True,housing_adjacent_not_development,jev,1,,,data/derived/planning_scope_evidence_2026-09-28.json@0861ffec4c55bf14,2026-09-29,John
ZP2021-0173,exclude,DROP,primary_application,Approved,True,housing_adjacent_not_development,sonnet,,0.0,"The record describes ""a major residential addition over 600 square feet in area,"" an addition to an existing home, not a new housing development.",data/derived/planning_scope_second_read_2026-09-28.json@6690300ef355cda5,2026-09-29,John
ZP2021-0174,exclude,DROP,primary_application,Approved,True,housing_adjacent_not_development,sonnet,,0.0,"The text describes adding ""a 1,033 square-foot major residential addition to an existing one-story single-family dwelling,"" not new unit creation.",data/derived/planning_scope_second_read_2026-09-28.json@6690300ef355cda5,2026-09-29,John
ZP2021-0175,exclude,DROP,primary_application,Approved,True,housing_adjacent_not_development,sonnet,,0.0,"Described as ""Major residential addition, conversion of attic to second story,"" an expansion of an existing dwelling rather than new units.",data/derived/planning_scope_second_read_2026-09-28.json@6690300ef355cda5,2026-09-29,John
ZP2021-0176,exclude,DROP,primary_application,Approved,True,housing_adjacent_not_development,jev,none_stated,,,data/derived/planning_scope_evidence_2026-09-28.json@0861ffec4c55bf14,2026-09-29,John
ZP2021-0188,exclude,DROP,primary_application,Approved,True,housing_adjacent_not_development,sonnet,,0.0,"The record describes altering ""a single-family dwelling... to add a fifth bedroom,"" an addition to an existing unit, not a new development.",data/derived/planning_scope_second_read_2026-09-28.json@6690300ef355cda5,2026-09-29,John
ZP2021-0190,exclude,DROP,primary_application,Approved,True,housing_adjacent_not_development,sonnet,,0.0,"The permit is to 'Add a 663 square-foot major residential addition' to an existing dwelling with no new units stated, so it alters existing housing rather than developing new units.",data/derived/planning_scope_second_read_2026-09-28.json@6690300ef355cda5,2026-09-29,John
ZP2021-0194,exclude,DROP,primary_application,Approved,True,housing_adjacent_not_development,jev,none_stated,,,data/derived/planning_scope_evidence_2026-09-28.json@0861ffec4c55bf14,2026-09-29,John
ZP2021-0198,exclude,DROP,primary_application,Approved,True,housing_adjacent_not_development,sonnet,,0.0,"The text describes a 'major residential addition' and height increase 'to create a useable basement' on an existing home, with no new units stated.",data/derived/planning_scope_second_read_2026-09-28.json@6690300ef355cda5,2026-09-29,John
ZP2021-0204,exclude,DROP,primary_application,Approved,True,housing_adjacent_not_development,sonnet,,0.0,"The text describes additions 'resulting in a 4 bedroom, 3-1/2 bathroom, 2,858 SF single family house,' indicating alteration of one existing unit, not creation of new units.",data/derived/planning_scope_second_read_2026-09-28.json@6690300ef355cda5,2026-09-29,John
ZP2021-0209,exclude,DROP,primary_application,Approved,True,housing_adjacent_not_development,sonnet,,0.0,"The record describes a 'basement, first, and second floor addition to existing Single Family Dwelling' with 'adding 5th bedroom,' not new dwelling units.",data/derived/planning_scope_second_read_2026-09-28.json@6690300ef355cda5,2026-09-29,John
ZP2021-0214,exclude,DROP,primary_application,Approved,True,housing_adjacent_not_development,sonnet,,0.0,The description 'construct a two-story major residential addition...and an accessory trash enclosure and retaining walls' expands an existing home without stating any new dwelling units.,data/derived/planning_scope_second_read_2026-09-28.json@6690300ef355cda5,2026-09-29,John
ZP2021-0219,exclude,DROP,primary_application,Approved,True,housing_adjacent_not_development,sonnet,,0.0,"The description covers a 'second-story major residential addition' to an existing house, with no mention of new dwelling units.",data/derived/planning_scope_second_read_2026-09-28.json@6690300ef355cda5,2026-09-29,John
ZP2021-0222,exclude,DROP,primary_application,Approved,True,housing_adjacent_not_development,jev,none_stated,,,data/derived/planning_scope_evidence_2026-09-28.json@0861ffec4c55bf14,2026-09-29,John
ZP2021-0223,exclude,DROP,primary_application,Approved,True,housing_adjacent_not_development,sonnet,,0.0,"Described only as 'a new second story major residential addition' to an existing home, not the creation of new units.",data/derived/planning_scope_second_read_2026-09-28.json@6690300ef355cda5,2026-09-29,John
ZP2021-0227,exclude,DROP,primary_application,Withdrawn,True,housing_adjacent_not_development,jev,none_stated,,,data/derived/planning_scope_evidence_2026-09-28.json@0861ffec4c55bf14,2026-09-29,John
ZP2021-0228,exclude,DROP,primary_application,Approved,True,housing_adjacent_not_development,jev,1,,,data/derived/planning_scope_evidence_2026-09-28.json@0861ffec4c55bf14,2026-09-29,John
ZP2022-0001,exclude,DROP,primary_application,Approved,True,housing_adjacent_not_development,sonnet,,0.0,"The record describes 'a major residential addition' and window alterations to an existing home, with no unit count given.",data/derived/planning_scope_second_read_2026-09-28.json@6690300ef355cda5,2026-09-29,John
ZP2022-0004,exclude,DROP,primary_application,Withdrawn,True,housing_adjacent_not_development,jev,none_stated,,,data/derived/planning_scope_evidence_2026-09-28.json@0861ffec4c55bf14,2026-09-29,John
ZP2022-0008,exclude,DROP,primary_application,Approved,True,housing_adjacent_not_development,jev,1,,,data/derived/planning_scope_evidence_2026-09-28.json@0861ffec4c55bf14,2026-09-29,John
ZP2022-0012,exclude,DROP,primary_application,Approved,True,housing_adjacent_not_development,sonnet,,0.0,"The record covers a 'rear two-story major residential addition... and remodel the interior [of] a single-family home property,' not the creation of new units.",data/derived/planning_scope_second_read_2026-09-28.json@6690300ef355cda5,2026-09-29,John
ZP2022-0016,exclude,DROP,primary_application,Approved,True,housing_adjacent_not_development,sonnet,,0.0,"The text describes ""a second-story major residential addition"" to an existing dwelling, not an application to create new dwelling units.",data/derived/planning_scope_second_read_2026-09-28.json@6690300ef355cda5,2026-09-29,John
ZP2022-0017,exclude,DROP,primary_application,Approved,True,housing_adjacent_not_development,sonnet,,0.0,"The record covers ""a major residential addition"" and a fence, an alteration to an existing residence rather than a new housing development.",data/derived/planning_scope_second_read_2026-09-28.json@6690300ef355cda5,2026-09-29,John
ZP2022-0018,exclude,DROP,primary_application,Approved,True,housing_adjacent_not_development,sonnet,,0.0,"The description states a ""second-story addition ... occupied by a two-story single-family dwelling,"" indicating an alteration to an existing home, not a new unit application.",data/derived/planning_scope_second_read_2026-09-28.json@6690300ef355cda5,2026-09-29,John
ZP2022-0022,exclude,DROP,primary_application,Approved,True,housing_adjacent_not_development,jev,none_stated,,,data/derived/planning_scope_evidence_2026-09-28.json@0861ffec4c55bf14,2026-09-29,John
ZP2022-0023,exclude,DROP,primary_application,Approved,True,housing_adjacent_not_development,sonnet,,0.0,"The text describes ""A residential addition of 545 SF"" to an existing structure, with no new dwelling units mentioned.",data/derived/planning_scope_second_read_2026-09-28.json@6690300ef355cda5,2026-09-29,John
ZP2022-0024,exclude,DROP,primary_application,Approved,True,housing_adjacent_not_development,sonnet,,0.0,"The record describes ""a residential addition"" and reconfiguration of an existing porch, not creation of new dwelling units.",data/derived/planning_scope_second_read_2026-09-28.json@6690300ef355cda5,2026-09-29,John
ZP2022-0025,exclude,DROP,primary_application,Approved,True,housing_adjacent_not_development,sonnet,,0.0,"The project name notes ""Major residential addition over 14' and installation of ADA accessible elevator,"" an alteration to an existing residence, not a new unit application.",data/derived/planning_scope_second_read_2026-09-28.json@6690300ef355cda5,2026-09-29,John
ZP2022-0031,exclude,DROP,primary_application,Approved,True,housing_adjacent_not_development,sonnet,,0.0,"The description covers demolishing ""a portion of the existing single-family dwelling"" and constructing an addition, an alteration to an existing home rather than a new-unit application.",data/derived/planning_scope_second_read_2026-09-28.json@6690300ef355cda5,2026-09-29,John
ZP2022-0034,exclude,DROP,primary_application,Approved,True,housing_adjacent_not_development,sonnet,,0.0,"The record adds 'a fifth bedroom' and a garage/accessory structure with 'habitable space' to an existing house, but states no new dwelling unit being created.",data/derived/planning_scope_second_read_2026-09-28.json@6690300ef355cda5,2026-09-29,John
ZP2022-0038,exclude,DROP,primary_application,Approved,True,housing_adjacent_not_development,sonnet,1,0.0,"The project includes 'one single-family dwelling' within a 15,195 square-foot mixed-use building otherwise devoted to 'offices, and research and development,' so residential use clearly falls far short of the two-thirds threshold required for mixed-use qualification.",data/derived/planning_scope_second_read_2026-09-28.json@6690300ef355cda5,2026-09-29,John
ZP2022-0040,exclude,DROP,primary_application,Approved,True,housing_adjacent_not_development,sonnet,,0.0,"The record describes a 'major residential addition' and adding 'a fifth bedroom' to an existing single-family dwelling, not the creation of a new dwelling unit.",data/derived/planning_scope_second_read_2026-09-28.json@6690300ef355cda5,2026-09-29,John
ZP2022-0043,exclude,DROP,primary_application,Approved,True,housing_adjacent_not_development,sonnet,,0.0,"The description is for 'a major residential addition of 1,185 square feet' and an 'interior remodel,' indicating alteration of an existing home rather than a new housing development.",data/derived/planning_scope_second_read_2026-09-28.json@6690300ef355cda5,2026-09-29,John
ZP2022-0047,exclude,DROP,primary_application,Approved,True,housing_adjacent_not_development,jev,none_stated,,,data/derived/planning_scope_evidence_2026-09-28.json@0861ffec4c55bf14,2026-09-29,John
ZP2022-0056,exclude,DROP,primary_application,Approved,True,housing_adjacent_not_development,sonnet,,0.0,The record describes demolishing 'an existing 2-story portion in the rear of a single-family dwelling unit and construct a two-story addition' with no new dwelling units stated.,data/derived/planning_scope_second_read_2026-09-28.json@6690300ef355cda5,2026-09-29,John
ZP2022-0060,exclude,DROP,primary_application,Approved,True,housing_adjacent_not_development,jev,none_stated,,,data/derived/planning_scope_evidence_2026-09-28.json@0861ffec4c55bf14,2026-09-29,John
ZP2022-0061,exclude,DROP,primary_application,Approved,True,housing_adjacent_not_development,sonnet,,0.0,"The text 'construct a two-story major residential addition ... and add a fifth bedroom to the lot' describes an addition to an existing single dwelling, not a new unit.",data/derived/planning_scope_second_read_2026-09-28.json@6690300ef355cda5,2026-09-29,John
ZP2022-0063,exclude,DROP,primary_application,Incomplete Pending Applicant,True,housing_adjacent_not_development,sonnet,,0.0,The record describes 'Alteration and 239 SF addition ... to residential triplex' referring to an existing triplex with no new units stated.,data/derived/planning_scope_second_read_2026-09-28.json@6690300ef355cda5,2026-09-29,John
ZP2022-0067,exclude,DROP,primary_application,Approved,True,housing_adjacent_not_development,jev,none_stated,,,data/derived/planning_scope_evidence_2026-09-28.json@0861ffec4c55bf14,2026-09-29,John
ZP2022-0075,exclude,DROP,primary_application,Approved,True,housing_adjacent_not_development,sonnet,,0.0,"The record describes 'Demolition the rear portion of a SFR and a detached accessory structure, and construct a two-story, major residential addition' with no new dwelling units stated.",data/derived/planning_scope_second_read_2026-09-28.json@6690300ef355cda5,2026-09-29,John
ZP2022-0078,exclude,DROP,primary_application,Withdrawn,True,housing_adjacent_not_development,sonnet,,0.0,The description 'For a second-story major residential addition and new deck' describes an addition to an existing dwelling with no unit count mentioned.,data/derived/planning_scope_second_read_2026-09-28.json@6690300ef355cda5,2026-09-29,John
ZP2022-0081,exclude,DROP,primary_application,Approved,True,housing_adjacent_not_development,sonnet,,0.0,"The description ""Two-story major residential addition over 14 feet in average height"" describes an addition to an existing residence with no stated new dwelling units, so it is not a housing development application.",data/derived/planning_scope_second_read_2026-09-28.json@6690300ef355cda5,2026-09-29,John
ZP2022-0082,exclude,DROP,primary_application,Approved,True,housing_adjacent_not_development,jev,none_stated,,,data/derived/planning_scope_evidence_2026-09-28.json@0861ffec4c55bf14,2026-09-29,John
ZP2022-0086,exclude,DROP,primary_application,Approved,True,housing_adjacent_not_development,sonnet,,0.0,"The text describes a ""135 SF ADDITION"", basement excavation, and ""INTERIOR KITCHEN AND BATH REMODEL"" to an existing house with no new units mentioned, so it is an alteration, not a development application.",data/derived/planning_scope_second_read_2026-09-28.json@6690300ef355cda5,2026-09-29,John
ZP2022-0091,exclude,DROP,primary_application,Incomplete Pending Applicant,True,housing_adjacent_not_development,sonnet,,0.0,"The description covers ""an interior remodel, residential additions over 14 feet in average height... and a fence over 6' in the required front setback,"" which are alterations to an existing residence, not a new unit application.",data/derived/planning_scope_second_read_2026-09-28.json@6690300ef355cda5,2026-09-29,John
ZP2022-0094,exclude,DROP,primary_application,Approved,True,housing_adjacent_not_development,sonnet,,0.0,"The text describes ""a major residential addition... convert an existing detached garage to a habitable accessory building, and add a sixth bedroom,"" which modifies an existing home without stating any new dwelling units created.",data/derived/planning_scope_second_read_2026-09-28.json@6690300ef355cda5,2026-09-29,John
ZP2022-0100,exclude,DROP,primary_application,Approved,True,housing_adjacent_not_development,sonnet,,0.0,"The record's only description, ""Major residential addition over 14 feet in average height and 20 feet in maximum height,"" indicates an addition to an existing house without stating any new dwelling units.",data/derived/planning_scope_second_read_2026-09-28.json@6690300ef355cda5,2026-09-29,John
ZP2022-0101,exclude,DROP,primary_application,Withdrawn,True,housing_adjacent_not_development,jev,none_stated,,,data/derived/planning_scope_evidence_2026-09-28.json@0861ffec4c55bf14,2026-09-29,John
ZP2022-0109,exclude,DROP,primary_application,Approved,True,not_housing,jev,none_stated,,,data/derived/planning_scope_evidence_2026-09-28.json@0861ffec4c55bf14,2026-09-29,John
ZP2022-0111,exclude,DROP,primary_application,Approved,True,housing_adjacent_not_development,sonnet,,0.0,"The text ""Two-story major residential addition over 14 feet in height and an accessory structure (garage)"" describes an addition/accessory structure to an existing house, not a new-unit development application.",data/derived/planning_scope_second_read_2026-09-28.json@6690300ef355cda5,2026-09-29,John
ZP2022-0118,exclude,DROP,primary_application,Approved,True,housing_adjacent_not_development,sonnet,,0.0,"The description is for a ""350 square foot residential addition"" to ""an existing single-family dwelling,"" with no new dwelling units mentioned.",data/derived/planning_scope_second_read_2026-09-28.json@6690300ef355cda5,2026-09-29,John
ZP2022-0123,exclude,DROP,primary_application,Approved,True,housing_adjacent_not_development,sonnet,,0.0,"The record describes altering an existing home ('raise a two-story single-family dwelling by 3 feet and convert the unfinished basement into living area') with no new dwelling units created, so it is housing-adjacent but not a development application.",data/derived/planning_scope_second_read_2026-09-28.json@6690300ef355cda5,2026-09-29,John
ZP2022-0125,exclude,DROP,primary_application,Approved,True,housing_adjacent_not_development,sonnet,,0.0,"The description 'Residential addition over 14 feet in average height' refers to an addition to an existing residence with no stated new units, making it housing-adjacent rather than a development application.",data/derived/planning_scope_second_read_2026-09-28.json@6690300ef355cda5,2026-09-29,John
ZP2022-0127,exclude,DROP,primary_application,Approved,True,housing_adjacent_not_development,jev,none_stated,,,data/derived/planning_scope_evidence_2026-09-28.json@0861ffec4c55bf14,2026-09-29,John
ZP2022-0129,exclude,DROP,primary_application,Approved,True,housing_adjacent_not_development,sonnet,,0.0,"The text 'major residential addition over 14 feet in average height and add a fifth bedroom' describes enlarging an existing home, not creating new dwelling units.",data/derived/planning_scope_second_read_2026-09-28.json@6690300ef355cda5,2026-09-29,John
ZP2022-0140,exclude,DROP,primary_application,Approved,True,housing_adjacent_not_development,sonnet,,0.0,"The record describes demolishing a laundry room and constructing a 'two-story residential addition' to an existing home, with no new dwelling units stated, so it is housing-adjacent rather than a development application.",data/derived/planning_scope_second_read_2026-09-28.json@6690300ef355cda5,2026-09-29,John
ZP2022-0143,exclude,DROP,primary_application,Withdrawn,True,housing_adjacent_not_development,sonnet,,0.0,"The description is a ""Major residential addition to expand basement... adding 5th bedroom"" to an existing dwelling, with no new dwelling units created.",data/derived/planning_scope_second_read_2026-09-28.json@6690300ef355cda5,2026-09-29,John
ZP2022-0146,exclude,DROP,primary_application,Approved,True,housing_adjacent_not_development,sonnet,,0.0,"The record describes converting a basement and raising an existing ""single-family dwelling"" with an addition, not an application creating new dwelling units.",data/derived/planning_scope_second_read_2026-09-28.json@6690300ef355cda5,2026-09-29,John
ZP2022-0154,exclude,DROP,primary_application,In Review,True,housing_adjacent_not_development,sonnet,,0.0,"The description is a ""Major residential addition over 14 feet in average height,"" an alteration to an existing home rather than a new housing development.",data/derived/planning_scope_second_read_2026-09-28.json@6690300ef355cda5,2026-09-29,John
ZP2022-0155,exclude,DROP,primary_application,Approved,True,housing_adjacent_not_development,sonnet,,0.0,"The record describes a ""Major residential addition ... to an existing single-family dwelling,"" with no new units stated.",data/derived/planning_scope_second_read_2026-09-28.json@6690300ef355cda5,2026-09-29,John
ZP2022-0156,exclude,DROP,primary_application,Approved,True,housing_adjacent_not_development,sonnet,,0.0,"The permit is for a ""650-square foot major residential addition"" and to ""reconfigure the first-floor layout,"" not for new dwelling units.",data/derived/planning_scope_second_read_2026-09-28.json@6690300ef355cda5,2026-09-29,John
ZP2022-0158,exclude,DROP,primary_application,Approved,True,housing_adjacent_not_development,sonnet,,0.0,"The description is a ""526 square foot, second-story addition ... at the rear of a single-family dwelling,"" an alteration rather than a new unit-creating development.",data/derived/planning_scope_second_read_2026-09-28.json@6690300ef355cda5,2026-09-29,John
ZP2022-0160,exclude,DROP,primary_application,Approved,True,housing_adjacent_not_development,sonnet,,0.0,"The text describes only a ""960-square foot major residential addition, alterations and creation of new windows"" to an existing house, not the creation of any new dwelling unit.",data/derived/planning_scope_second_read_2026-09-28.json@6690300ef355cda5,2026-09-29,John
ZP2022-0161,exclude,DROP,primary_application,Approved,True,housing_adjacent_not_development,jev,1,,,data/derived/planning_scope_evidence_2026-09-28.json@0861ffec4c55bf14,2026-09-29,John
ZP2022-0163,exclude,DROP,primary_application,Withdrawn,True,housing_adjacent_not_development,sonnet,,0.0,"The record concerns ""Legalization of addition to rear building"" and roofline alterations on a lot with ""3 existing dwellings,"" with no new units proposed.",data/derived/planning_scope_second_read_2026-09-28.json@6690300ef355cda5,2026-09-29,John
ZP2022-0164,exclude,DROP,primary_application,Approved,True,housing_adjacent_not_development,jev,none_stated,,,data/derived/planning_scope_evidence_2026-09-28.json@0861ffec4c55bf14,2026-09-29,John
ZP2022-0167,exclude,DROP,primary_application,Approved,True,housing_adjacent_not_development,sonnet,,0.0,"The record is a ""Use Permit... to construct a second-story, 291 square foot residential addition to a single-family dwelling unit,"" adding floor area but not new dwelling units.",data/derived/planning_scope_second_read_2026-09-28.json@6690300ef355cda5,2026-09-29,John
ZP2022-0182,exclude,DROP,primary_application,Approved,True,housing_adjacent_not_development,sonnet,,0.0,"The record describes a ""37 square foot, one-story addition"" ""at the rear of a single-family dwelling,"" indicating housing is present but no new units or development application is stated.",data/derived/planning_scope_second_read_2026-09-28.json@6690300ef355cda5,2026-09-29,John
ZP2022-0183,exclude,DROP,primary_application,Approved,True,housing_adjacent_not_development,sonnet,,0.0,"The description is an ""Addition and remodel of an existing, two-story, single-family residence,"" showing housing presence but no unit creation or development application.",data/derived/planning_scope_second_read_2026-09-28.json@6690300ef355cda5,2026-09-29,John
ZP2023-0005,exclude,DROP,primary_application,Approved,True,housing_adjacent_not_development,sonnet,,0.0,"The text describes converting ""an existing 800 square-foot basement into habitable space"" and increasing height of what appears to be an existing dwelling, but does not state creation of new units or a development application.",data/derived/planning_scope_second_read_2026-09-28.json@6690300ef355cda5,2026-09-29,John
ZP2023-0006,exclude,DROP,primary_application,Approved,True,housing_adjacent_not_development,sonnet,,0.0,"The record describes ""a 100 square foot addition"" ""to a single-family dwelling,"" indicating housing presence without any new unit creation or development application.",data/derived/planning_scope_second_read_2026-09-28.json@6690300ef355cda5,2026-09-29,John
ZP2023-0008,exclude,DROP,primary_application,In Review,True,housing_adjacent_not_development,sonnet,,0.0,"The record describes a ""major residential addition"" to an existing house, not the creation of new dwelling units, so it is not a housing development application.",data/derived/planning_scope_second_read_2026-09-28.json@6690300ef355cda5,2026-09-29,John
ZP2023-0009,exclude,DROP,primary_application,In Review,True,housing_adjacent_not_development,jev,none_stated,,,data/derived/planning_scope_evidence_2026-09-28.json@0861ffec4c55bf14,2026-09-29,John
ZP2023-0017,exclude,DROP,primary_application,Approved,True,not_housing,sonnet,,0.0,"The text describes 'the housing of a temporary boiler in an approved BFD location within a shipping container' with no mention of residential units, indicating a non-residential/utility use.",data/derived/planning_scope_second_read_2026-09-28.json@6690300ef355cda5,2026-09-29,John
ZP2023-0019,exclude,DROP,primary_application,Approved,True,housing_adjacent_not_development,sonnet,,0.0,"The description 'construct a major residential addition... demolish the existing garage and construct an enclosed accessory structure' refers to alterations of an existing home, not a new housing development application.",data/derived/planning_scope_second_read_2026-09-28.json@6690300ef355cda5,2026-09-29,John
ZP2023-0022,exclude,DROP,primary_application,Approved,True,housing_adjacent_not_development,jev,none_stated,,,data/derived/planning_scope_evidence_2026-09-28.json@0861ffec4c55bf14,2026-09-29,John
ZP2023-0026,exclude,DROP,primary_application,Approved,True,housing_adjacent_not_development,jev,1,,,data/derived/planning_scope_evidence_2026-09-28.json@0861ffec4c55bf14,2026-09-29,John
ZP2023-0028,exclude,DROP,primary_application,Approved,True,housing_adjacent_not_development,jev,none_stated,,,data/derived/planning_scope_evidence_2026-09-28.json@0861ffec4c55bf14,2026-09-29,John
ZP2023-0030,exclude,DROP,primary_application,Withdrawn,True,housing_adjacent_not_development,sonnet,,0.0,"The record describes 'a 2-story 1,020 square-foot major residential addition' to an existing home with no unit count and the record was 'Withdrawn', indicating an addition rather than a housing development application.",data/derived/planning_scope_second_read_2026-09-28.json@6690300ef355cda5,2026-09-29,John
ZP2023-0033,exclude,DROP,primary_application,Approved,True,housing_adjacent_not_development,sonnet,,0.0,"The description 'construct a 500 square foot two-story residential addition' refers to an expansion of an existing dwelling, not a new housing unit application.",data/derived/planning_scope_second_read_2026-09-28.json@6690300ef355cda5,2026-09-29,John
ZP2023-0037,exclude,DROP,primary_application,Approved,True,housing_adjacent_not_development,sonnet,,0.0,"The text 'construct an 880 sq. ft. residential addition' indicates an addition to an existing home, not a new unit or development application.",data/derived/planning_scope_second_read_2026-09-28.json@6690300ef355cda5,2026-09-29,John
ZP2023-0042,exclude,DROP,primary_application,Approved,True,housing_adjacent_not_development,sonnet,,0.0,"The description 'construct a 488 square foot third floor addition... to a single-family dwelling' describes an addition to an existing home, not a new housing development application.",data/derived/planning_scope_second_read_2026-09-28.json@6690300ef355cda5,2026-09-29,John
ZP2023-0044,exclude,DROP,primary_application,Approved,True,housing_adjacent_not_development,sonnet,,0.0,"The permit is to ""construct a 552 square foot residential addition"" to an existing house, with no unit count stated, so this is an alteration of existing housing, not a development application.",data/derived/planning_scope_second_read_2026-09-28.json@6690300ef355cda5,2026-09-29,John
ZP2023-0047,exclude,DROP,primary_application,Approved,True,housing_adjacent_not_development,jev,1,,,data/derived/planning_scope_evidence_2026-09-28.json@0861ffec4c55bf14,2026-09-29,John
ZP2023-0049,exclude,DROP,primary_application,Approved,True,housing_adjacent_not_development,sonnet,,0.0,"The text describes ""a major residential addition over 14 feet in average height"" with no unit count, indicating an alteration rather than a new housing development.",data/derived/planning_scope_second_read_2026-09-28.json@6690300ef355cda5,2026-09-29,John
ZP2023-0051,exclude,DROP,primary_application,Approved,True,housing_adjacent_not_development,sonnet,,0.0,"The permit is ""to construct a 255 square foot residential addition"" with no dwelling unit count, showing an addition to an existing home, not a development application.",data/derived/planning_scope_second_read_2026-09-28.json@6690300ef355cda5,2026-09-29,John
ZP2023-0053,exclude,DROP,primary_application,Approved,True,housing_adjacent_not_development,sonnet,,0.0,"The record describes ""a 53 square foot residential addition"" and fence replacement, with no unit count stated, indicating a minor alteration rather than a housing development.",data/derived/planning_scope_second_read_2026-09-28.json@6690300ef355cda5,2026-09-29,John
ZP2023-0054,exclude,DROP,primary_application,Approved,True,housing_adjacent_not_development,sonnet,,0.0,"The description covers removal of a nonconforming portion and construction of ""a 490 square foot two-story addition,"" with no dwelling unit count, so it is an alteration, not a development application.",data/derived/planning_scope_second_read_2026-09-28.json@6690300ef355cda5,2026-09-29,John
ZP2023-0055,exclude,DROP,primary_application,Withdrawn,True,housing_adjacent_not_development,sonnet,,0.0,"The permit for a ""780-square foot major residential addition"" to convert attic space and add a bedroom states no unit count, and the project was ""Withdrawn,"" indicating an alteration rather than a development application.",data/derived/planning_scope_second_read_2026-09-28.json@6690300ef355cda5,2026-09-29,John
ZP2023-0056,exclude,DROP,primary_application,Approved,True,housing_adjacent_not_development,sonnet,,0.0,"The text describes ""a 90 square foot residential addition"" with a false balcony and basement excavation, with no dwelling unit count, indicating a minor addition, not a development application.",data/derived/planning_scope_second_read_2026-09-28.json@6690300ef355cda5,2026-09-29,John
ZP2023-0061,exclude,DROP,primary_application,Approved,True,housing_adjacent_not_development,sonnet,,0.0,"The record describes ""a major residential addition of approximately 1,288 square feet"" and raising the building height, with no unit count stated, indicating an alteration to an existing home.",data/derived/planning_scope_second_read_2026-09-28.json@6690300ef355cda5,2026-09-29,John
ZP2023-0062,exclude,DROP,primary_application,Closed,True,housing_adjacent_not_development,sonnet,,0.0,"The permit is to ""lift a single family dwelling"" and ""construct a major residential addition"" with off-street parking, stating no dwelling unit count, indicating an alteration to an existing single-family home rather than a development application.",data/derived/planning_scope_second_read_2026-09-28.json@6690300ef355cda5,2026-09-29,John
ZP2023-0065,exclude,DROP,primary_application,Approved,True,housing_adjacent_not_development,sonnet,,0.0,"The record describes a ""major residential addition"" over an existing structure, not new dwelling units, so it is not a housing development application.",data/derived/planning_scope_second_read_2026-09-28.json@6690300ef355cda5,2026-09-29,John
ZP2023-0067,exclude,DROP,primary_application,Approved,True,housing_adjacent_not_development,sonnet,,0.0,"The description states additions ""to existing dwelling unit"" and raising the structure, indicating alteration of an existing unit rather than creation of new housing units.",data/derived/planning_scope_second_read_2026-09-28.json@6690300ef355cda5,2026-09-29,John
ZP2023-0071,exclude,DROP,primary_application,Approved,True,housing_adjacent_not_development,sonnet,,0.0,"The text says only ""Remodel triplex by altering window sizes and locations... altering parapet roof features... new front entry,"" which alters an existing housing structure without adding units.",data/derived/planning_scope_second_read_2026-09-28.json@6690300ef355cda5,2026-09-29,John
ZP2023-0077,exclude,DROP,primary_application,Approved,True,housing_adjacent_not_development,sonnet,,0.0,"The description is ""to construct a major residential addition... and enlarge the existing front porch,"" an addition to an existing residence with no unit count given.",data/derived/planning_scope_second_read_2026-09-28.json@6690300ef355cda5,2026-09-29,John
ZP2023-0082,exclude,DROP,primary_application,Approved,True,housing_adjacent_not_development,jev,none_stated,,,data/derived/planning_scope_evidence_2026-09-28.json@0861ffec4c55bf14,2026-09-29,John
ZP2023-0093,exclude,DROP,primary_application,Withdrawn,True,housing_adjacent_not_development,sonnet,,0.0,"The text says ""Legalize roof deck on ADU,"" an alteration to an existing accessory dwelling unit, not a new housing development project.",data/derived/planning_scope_second_read_2026-09-28.json@6690300ef355cda5,2026-09-29,John
ZP2023-0100,exclude,DROP,primary_application,Approved,True,housing_adjacent_not_development,sonnet,,0.0,"The record describes ""a major residential addition ... expanding each level of an existing 3-story single family dwelling,"" an addition to an existing home rather than a new housing development.",data/derived/planning_scope_second_read_2026-09-28.json@6690300ef355cda5,2026-09-29,John
ZP2023-0102,exclude,DROP,primary_application,Approved,True,housing_adjacent_not_development,sonnet,,0.0,"The description covers ""a residential addition to a single-family dwelling"" including lifting and moving the existing structure, not creation of new dwelling units.",data/derived/planning_scope_second_read_2026-09-28.json@6690300ef355cda5,2026-09-29,John
ZP2023-0106,exclude,DROP,primary_application,Approved,True,housing_adjacent_not_development,sonnet,,0.0,"The record describes ""a 125 square foot residential addition"" to an existing structure, an alteration rather than a new housing development project.",data/derived/planning_scope_second_read_2026-09-28.json@6690300ef355cda5,2026-09-29,John
ZP2023-0109,exclude,DROP,primary_application,Approved,True,housing_adjacent_not_development,sonnet,,1.0,"The text states the project will ""eliminate one of two single-family dwelling units from single-family zoned lot through combination"" and construct an addition to the remaining structure, which reduces unit count rather than creating a new housing development.",data/derived/planning_scope_second_read_2026-09-28.json@6690300ef355cda5,2026-09-29,John
ZP2023-0116,exclude,DROP,primary_application,Approved,True,housing_adjacent_not_development,sonnet,,0.0,"The permit is to ""construct a 31 square foot residential addition"" extending a nonconforming wall of a ""single-family residence,"" an alteration rather than a new housing development project.",data/derived/planning_scope_second_read_2026-09-28.json@6690300ef355cda5,2026-09-29,John
ZP2023-0118,exclude,DROP,primary_application,Approved,True,housing_adjacent_not_development,sonnet,,0.0,"The record describes ""a two-story, 966 square-foot, major residential addition"" to an existing residence, not a new housing development project with stated units.",data/derived/planning_scope_second_read_2026-09-28.json@6690300ef355cda5,2026-09-29,John
ZP2023-0119,exclude,DROP,primary_application,Approved,True,housing_adjacent_not_development,sonnet,,0.0,"The text says to ""remodel existing single family dwelling and raise building"" with no new dwelling units mentioned, indicating alteration of an existing home.",data/derived/planning_scope_second_read_2026-09-28.json@6690300ef355cda5,2026-09-29,John
ZP2023-0124,exclude,DROP,primary_application,Approved,True,housing_adjacent_not_development,sonnet,,0.0,"The record describes ""a 296 square foot residential addition"" in the R-4 zoning district, an alteration to an existing residential structure without any stated new dwelling units.",data/derived/planning_scope_second_read_2026-09-28.json@6690300ef355cda5,2026-09-29,John
ZP2023-0128,exclude,DROP,primary_application,Approved,True,housing_adjacent_not_development,sonnet,,0.0,"The description is ""construction of an approximate 900 square foot second-story major residential addition,"" an alteration to an existing residence rather than a new housing development project.",data/derived/planning_scope_second_read_2026-09-28.json@6690300ef355cda5,2026-09-29,John
ZP2023-0133,exclude,DROP,primary_application,Approved,True,housing_adjacent_not_development,jev,1,,,data/derived/planning_scope_evidence_2026-09-28.json@0861ffec4c55bf14,2026-09-29,John
ZP2023-0134,exclude,DROP,primary_application,Approved,True,housing_adjacent_not_development,sonnet,,0.0,"The description is ""Construction of a 740 square-foot two story major residential addition,"" an addition to an existing home with no stated new dwelling units.",data/derived/planning_scope_second_read_2026-09-28.json@6690300ef355cda5,2026-09-29,John
ZP2023-0135,exclude,DROP,primary_application,Approved,True,housing_adjacent_not_development,sonnet,,0.0,"The permit is ""to construct a single-story 60 square foot residential addition... to the rear unit on a lot that is nonconforming to residential density,"" describing an addition to an existing unit, not a new housing development.",data/derived/planning_scope_second_read_2026-09-28.json@6690300ef355cda5,2026-09-29,John
ZP2023-0140,exclude,DROP,primary_application,Approved,True,housing_adjacent_not_development,sonnet,,0.0,"The permit is ""to add a one square foot addition to an existing 1,793 square foot single family dwelling unit,"" a minor alteration to an existing home, not a new development.",data/derived/planning_scope_second_read_2026-09-28.json@6690300ef355cda5,2026-09-29,John
ZP2023-0141,exclude,DROP,primary_application,Approved,True,housing_adjacent_not_development,sonnet,,0.0,"The text describes only ""a 45 square-foot one-story residential addition with a roof balcony at the rear of the duplex,"" an alteration to an existing structure with no new dwelling units created.",data/derived/planning_scope_second_read_2026-09-28.json@6690300ef355cda5,2026-09-29,John
ZP2023-0142,exclude,DROP,primary_application,Approved,True,housing_adjacent_not_development,sonnet,,0.0,"The description ""construct a 420 square foot, two-story residential addition"" and ""install a new hot tub"" describes an addition to an existing dwelling, not a housing development project creating new units.",data/derived/planning_scope_second_read_2026-09-28.json@6690300ef355cda5,2026-09-29,John
ZP2023-0146,exclude,DROP,primary_application,Approved,True,housing_adjacent_not_development,sonnet,,0.0,"The record states ""Residential addition to raise the single-family dwelling by 3 feet"" indicating a modification to an existing single unit, not new housing units.",data/derived/planning_scope_second_read_2026-09-28.json@6690300ef355cda5,2026-09-29,John
ZP2023-0147,exclude,DROP,primary_application,Approved,True,housing_adjacent_not_development,sonnet,,0.0,"The description ""construct a three-story, major residential addition (982 square feet)"" to an existing structure with a prior AUP modification indicates an addition, not new dwelling units.",data/derived/planning_scope_second_read_2026-09-28.json@6690300ef355cda5,2026-09-29,John
ZP2023-0149,exclude,DROP,primary_application,Approved,True,housing_adjacent_not_development,sonnet,,0.0,"The text describes ""Residential addition"" including ""expanding the dining room, building stairs down to garage; addition of bedroom and bath with roof deck,"" an addition to an existing home rather than new dwelling units.",data/derived/planning_scope_second_read_2026-09-28.json@6690300ef355cda5,2026-09-29,John
ZP2023-0150,exclude,DROP,primary_application,Approved,True,housing_adjacent_not_development,sonnet,,0.0,"The record describes a ""major residential addition"" and ""the addition of a fifth bedroom,"" indicating expansion of an existing single-family home rather than creation of new dwelling units.",data/derived/planning_scope_second_read_2026-09-28.json@6690300ef355cda5,2026-09-29,John
ZP2023-0155,exclude,DROP,primary_application,Corrections Pending Applicant,True,not_housing,jev,none_stated,,,data/derived/planning_scope_evidence_2026-09-28.json@0861ffec4c55bf14,2026-09-29,John
ZP2023-0165,exclude,DROP,primary_application,Approved,True,not_housing,jev,none_stated,,,data/derived/planning_scope_evidence_2026-09-28.json@0861ffec4c55bf14,2026-09-29,John
ZP2023-0166,exclude,DROP,primary_application,Approved,True,housing_adjacent_not_development,sonnet,,0.0,"The record describes a ""1,000 square foot two-story major residential addition"" to an existing home, with no new dwelling units mentioned.",data/derived/planning_scope_second_read_2026-09-28.json@6690300ef355cda5,2026-09-29,John
ZP2023-0169,exclude,DROP,primary_application,Approved,True,housing_adjacent_not_development,sonnet,,0.0,"The permit is for a ""775 square foot, two story major residential addition... at the rear of a single-family dwelling,"" with no new unit count given.",data/derived/planning_scope_second_read_2026-09-28.json@6690300ef355cda5,2026-09-29,John
ZP2024-0001,exclude,DROP,primary_application,Approved,True,housing_adjacent_not_development,sonnet,,0.0,"The description covers a ""650 square-foot major residential addition"" and ""creation of two new bedrooms (a total of six)"" within an existing single-family dwelling, not new dwelling units.",data/derived/planning_scope_second_read_2026-09-28.json@6690300ef355cda5,2026-09-29,John
ZP2024-0002,exclude,DROP,primary_application,Approved,True,housing_adjacent_not_development,sonnet,,0.0,"The permit is for a ""458 square-foot... second-story addition to a single-family dwelling and 260 square-foot deck,"" with no new units stated.",data/derived/planning_scope_second_read_2026-09-28.json@6690300ef355cda5,2026-09-29,John
ZP2024-0003,exclude,DROP,primary_application,Approved,True,housing_adjacent_not_development,sonnet,,0.0,"The record describes demolishing a garage and constructing a ""499 square-foot major residential addition on the second floor,"" with no new dwelling units mentioned.",data/derived/planning_scope_second_read_2026-09-28.json@6690300ef355cda5,2026-09-29,John
ZP2024-0004,exclude,DROP,primary_application,Approved,True,housing_adjacent_not_development,sonnet,,0.0,"The permit is to ""construct a 200-square foot residential addition"" and ""convert the lower-level existing storage space to create two new bedrooms,"" not new dwelling units.",data/derived/planning_scope_second_read_2026-09-28.json@6690300ef355cda5,2026-09-29,John
ZP2024-0006,exclude,DROP,primary_application,Approved,True,housing_adjacent_not_development,sonnet,,0.0,"The record describes only a ""major residential addition"" to an existing house with porch removal and foundation work, not creation of new dwelling units.",data/derived/planning_scope_second_read_2026-09-28.json@6690300ef355cda5,2026-09-29,John
ZP2024-0013,exclude,DROP,primary_application,Approved,True,housing_adjacent_not_development,jev,1,,,data/derived/planning_scope_evidence_2026-09-28.json@0861ffec4c55bf14,2026-09-29,John
ZP2024-0017,exclude,DROP,primary_application,Approved,True,housing_adjacent_not_development,jev,1,,,data/derived/planning_scope_evidence_2026-09-28.json@0861ffec4c55bf14,2026-09-29,John
ZP2024-0019,exclude,DROP,primary_application,Approved,True,housing_adjacent_not_development,sonnet,,0.0,"The record describes demolishing ""an accessory structure"" and building a ""major residential additional,"" an alteration to an existing home rather than new unit creation.",data/derived/planning_scope_second_read_2026-09-28.json@6690300ef355cda5,2026-09-29,John
ZP2024-0020,exclude,DROP,primary_application,Approved,True,housing_adjacent_not_development,sonnet,,0.0,"The description involves raising ceiling height and adding a dormer and roof deck to ""a two-story single-family home,"" an alteration not a new development.",data/derived/planning_scope_second_read_2026-09-28.json@6690300ef355cda5,2026-09-29,John
ZP2024-0023,exclude,DROP,primary_application,Approved,True,housing_adjacent_not_development,jev,none_stated,,,data/derived/planning_scope_evidence_2026-09-28.json@0861ffec4c55bf14,2026-09-29,John
ZP2024-0025,exclude,DROP,primary_application,Approved,True,housing_adjacent_not_development,sonnet,,0.0,"The text describes adding ""a 403 square foot residential addition"" and ""a fifth bedroom"" to ""an existing single-family home,"" not a new housing unit.",data/derived/planning_scope_second_read_2026-09-28.json@6690300ef355cda5,2026-09-29,John
ZP2024-0030,exclude,DROP,primary_application,Approved,True,housing_adjacent_not_development,jev,none_stated,,,data/derived/planning_scope_evidence_2026-09-28.json@0861ffec4c55bf14,2026-09-29,John
ZP2024-0031,exclude,DROP,primary_application,Approved,True,housing_adjacent_not_development,jev,none_stated,,,data/derived/planning_scope_evidence_2026-09-28.json@0861ffec4c55bf14,2026-09-29,John
ZP2024-0032,exclude,DROP,primary_application,Approved,True,housing_adjacent_not_development,sonnet,,0.0,"The record describes a ""major residential addition"" with new floor space and roof decks to an existing home, not creation of new dwelling units.",data/derived/planning_scope_second_read_2026-09-28.json@6690300ef355cda5,2026-09-29,John
ZP2024-0036,exclude,DROP,primary_application,Approved,True,housing_adjacent_not_development,jev,none_stated,,,data/derived/planning_scope_evidence_2026-09-28.json@0861ffec4c55bf14,2026-09-29,John
ZP2024-0041,exclude,DROP,primary_application,Approved,True,housing_adjacent_not_development,jev,none_stated,,,data/derived/planning_scope_evidence_2026-09-28.json@0861ffec4c55bf14,2026-09-29,John
ZP2024-0044,exclude,DROP,primary_application,Approved,True,housing_adjacent_not_development,sonnet,,0.0,"The record describes a ""1,400 square-foot two-story major residential addition"" to an existing home, with no statement of new dwelling units.",data/derived/planning_scope_second_read_2026-09-28.json@6690300ef355cda5,2026-09-29,John
ZP2024-0050,exclude,DROP,primary_application,Approved,True,housing_adjacent_not_development,sonnet,,0.0,"The permit is for ""a second-story addition"" creating additional floor area plus a deck on an existing dwelling, with no new dwelling units stated.",data/derived/planning_scope_second_read_2026-09-28.json@6690300ef355cda5,2026-09-29,John
ZP2024-0053,exclude,DROP,primary_application,Withdrawn,True,housing_adjacent_not_development,sonnet,,0.0,"The record describes adding 'a fourth bedroom' via a 'residential addition' to 'the main residence,' not construction of new dwelling units, and was 'Withdrawn.'",data/derived/planning_scope_second_read_2026-09-28.json@6690300ef355cda5,2026-09-29,John
ZP2024-0055,exclude,DROP,primary_application,Approved,True,housing_adjacent_not_development,sonnet,,0.0,"The project is a 'major residential addition' with 'two additional bedrooms' and remodeling 'an existing dwelling,' not creation of new dwelling units.",data/derived/planning_scope_second_read_2026-09-28.json@6690300ef355cda5,2026-09-29,John
ZP2024-0061,exclude,DROP,primary_application,Approved,True,housing_adjacent_not_development,sonnet,,0.0,"The permit covers 'conversion of a basement to habitable space' and a '248 square-foot addition' to an existing home, not new dwelling units.",data/derived/planning_scope_second_read_2026-09-28.json@6690300ef355cda5,2026-09-29,John
ZP2024-0062,exclude,DROP,primary_application,Withdrawn,True,housing_adjacent_not_development,jev,none_stated,,,data/derived/planning_scope_evidence_2026-09-28.json@0861ffec4c55bf14,2026-09-29,John
ZP2024-0063,exclude,DROP,primary_application,Approved,True,housing_adjacent_not_development,jev,none_stated,,,data/derived/planning_scope_evidence_2026-09-28.json@0861ffec4c55bf14,2026-09-29,John
ZP2024-0065,exclude,DROP,primary_application,Approved,True,housing_adjacent_not_development,sonnet,,0.0,"The record describes a 'second-story residential addition' to 'a one-story, single-family dwelling,' not the creation of new units.",data/derived/planning_scope_second_read_2026-09-28.json@6690300ef355cda5,2026-09-29,John
ZP2024-0068,exclude,DROP,primary_application,Withdrawn,True,housing_adjacent_not_development,sonnet,,0.0,"The description mentions renovating 'an existing accessory structure to become habitable' without stating any new dwelling unit is created, and the record was 'Withdrawn.'",data/derived/planning_scope_second_read_2026-09-28.json@6690300ef355cda5,2026-09-29,John
ZP2024-0069,exclude,DROP,primary_application,Approved,True,housing_adjacent_not_development,sonnet,,0.0,"The permit is for a '3-story major residential addition' and related site work on an existing residence, not new dwelling unit construction.",data/derived/planning_scope_second_read_2026-09-28.json@6690300ef355cda5,2026-09-29,John
ZP2024-0078,exclude,DROP,primary_application,Approved,True,housing_adjacent_not_development,sonnet,,0.0,"The text describes a ""second-story major residential addition"" to an existing ""single-family dwelling,"" with no new dwelling units stated, so it modifies existing housing rather than developing new units.",data/derived/planning_scope_second_read_2026-09-28.json@6690300ef355cda5,2026-09-29,John
ZP2024-0083,exclude,DROP,primary_application,Approved,True,housing_adjacent_not_development,sonnet,,0.0,"The record is for a ""634-square-foot major residential addition"" to an ""existing three-story single-family home,"" with no new units stated.",data/derived/planning_scope_second_read_2026-09-28.json@6690300ef355cda5,2026-09-29,John
ZP2024-0084,exclude,DROP,primary_application,Approved,True,housing_adjacent_not_development,sonnet,,0.0,"The description is for an ""843 square feet two-story major residential addition... to an existing single-family dwelling,"" with no unit count stated.",data/derived/planning_scope_second_read_2026-09-28.json@6690300ef355cda5,2026-09-29,John
ZP2024-0085,exclude,DROP,primary_application,Withdrawn,True,housing_adjacent_not_development,sonnet,,0.0,"The record covers a ""major residential addition (500 square feet) at the rear of an existing single-family dwelling,"" with no units stated, and the application was ""Withdrawn.""",data/derived/planning_scope_second_read_2026-09-28.json@6690300ef355cda5,2026-09-29,John
ZP2024-0087,exclude,DROP,primary_application,Approved,True,housing_adjacent_not_development,sonnet,,0.0,"The permit is to ""Construct a 454-square-foot second-story residential addition to the residence,"" an existing dwelling, with no unit count given.",data/derived/planning_scope_second_read_2026-09-28.json@6690300ef355cda5,2026-09-29,John
ZP2024-0089,exclude,DROP,primary_application,Approved,True,housing_adjacent_not_development,sonnet,,0.0,"The description is for a ""second-story addition (252 square feet) to an existing single-family dwelling,"" with no units stated as created.",data/derived/planning_scope_second_read_2026-09-28.json@6690300ef355cda5,2026-09-29,John
ZP2024-0091,exclude,DROP,primary_application,Approved,True,housing_adjacent_not_development,sonnet,,0.0,"The record covers expansion of ""a single-family residence by constructing a second-story addition,"" with no new dwelling units stated.",data/derived/planning_scope_second_read_2026-09-28.json@6690300ef355cda5,2026-09-29,John
ZP2024-0093,exclude,DROP,primary_application,Withdrawn,True,housing_adjacent_not_development,sonnet,,0.0,"The record describes only an ""860 sq. ft. major residential addition with a roof deck"" to an existing dwelling, with no dwelling units stated or created.",data/derived/planning_scope_second_read_2026-09-28.json@6690300ef355cda5,2026-09-29,John
ZP2024-0098,exclude,DROP,primary_application,Approved,True,housing_adjacent_not_development,sonnet,,0.0,"The permit is to ""demolish approximately 325 square feet from the rear of a two-story single-family dwelling and construct a two-story addition,"" an alteration of an existing single unit with no unit count stated.",data/derived/planning_scope_second_read_2026-09-28.json@6690300ef355cda5,2026-09-29,John
ZP2024-0102,exclude,DROP,primary_application,Approved,True,housing_adjacent_not_development,sonnet,,0.0,"The text describes a ""major residential addition by adding two stories to the rear of a single-family dwelling,"" not a new unit, and states no unit count.",data/derived/planning_scope_second_read_2026-09-28.json@6690300ef355cda5,2026-09-29,John
ZP2024-0103,exclude,DROP,primary_application,Approved,True,housing_adjacent_not_development,sonnet,,0.0,"The record describes a ""2-story Major Residential Addition"" and conversion of an ""existing 342-square-foot accessory structure to an accessory building,"" with no dwelling unit count given.",data/derived/planning_scope_second_read_2026-09-28.json@6690300ef355cda5,2026-09-29,John
ZP2024-0107,exclude,DROP,primary_application,Approved,True,housing_adjacent_not_development,sonnet,,0.0,"The permit is for a ""major residential addition"" and related site modifications to an existing dwelling, with no new dwelling units stated.",data/derived/planning_scope_second_read_2026-09-28.json@6690300ef355cda5,2026-09-29,John
ZP2024-0109,exclude,DROP,primary_application,Approved,True,housing_adjacent_not_development,sonnet,,0.0,"The record describes a ""280-square-foot, three-segment residential addition"" to an existing structure, with no dwelling unit count mentioned.",data/derived/planning_scope_second_read_2026-09-28.json@6690300ef355cda5,2026-09-29,John
ZP2024-0110,exclude,DROP,primary_application,Approved,True,housing_adjacent_not_development,sonnet,,0.0,"The description covers a ""315 square foot addition"" at the rear of an ""existing single-family dwelling,"" with no unit count stated.",data/derived/planning_scope_second_read_2026-09-28.json@6690300ef355cda5,2026-09-29,John
ZP2024-0111,exclude,DROP,primary_application,Approved,True,not_housing,sonnet,,9.0,"The record seeks to ""allow a tourist hotel use in no more than nine existing apartments,"" converting housing to a hotel use which the definition explicitly excludes.",data/derived/planning_scope_second_read_2026-09-28.json@6690300ef355cda5,2026-09-29,John
ZP2024-0113,exclude,DROP,primary_application,Approved,True,housing_adjacent_not_development,jev,none_stated,,,data/derived/planning_scope_evidence_2026-09-28.json@0861ffec4c55bf14,2026-09-29,John
ZP2024-0117,exclude,DROP,primary_application,Approved,True,housing_adjacent_not_development,sonnet,,0.0,"The description is limited to a ""Residential addition (338 square feet) over 14 feet in average height"" with fence and wall replacement, indicating an alteration rather than new dwelling units.",data/derived/planning_scope_second_read_2026-09-28.json@6690300ef355cda5,2026-09-29,John
ZP2024-0121,exclude,DROP,primary_application,Approved,True,housing_adjacent_not_development,jev,1,,,data/derived/planning_scope_evidence_2026-09-28.json@0861ffec4c55bf14,2026-09-29,John
ZP2024-0124,exclude,DROP,primary_application,Withdrawn,True,not_housing,jev,none_stated,,,data/derived/planning_scope_evidence_2026-09-28.json@0861ffec4c55bf14,2026-09-29,John
ZP2024-0125,exclude,DROP,primary_application,Withdrawn,True,housing_adjacent_not_development,sonnet,,0.0,"The filing describes ""a three-story major residential addition (700 square feet) to an existing duplex"" by expanding an attic, an alteration that does not state creation of new dwelling units.",data/derived/planning_scope_second_read_2026-09-28.json@6690300ef355cda5,2026-09-29,John
ZP2024-0128,exclude,DROP,primary_application,Approved,True,not_housing,sonnet,,0.0,"The text describes a ""600 square feet accessory building ... for storage and workshop use,"" which is not residential.",data/derived/planning_scope_second_read_2026-09-28.json@6690300ef355cda5,2026-09-29,John
ZP2024-0133,exclude,DROP,primary_application,Approved,True,housing_adjacent_not_development,sonnet,,0.0,"The description only states a ""Major residential addition of a total of 868 square feet"" to an existing home, with no dwelling units created or referenced.",data/derived/planning_scope_second_read_2026-09-28.json@6690300ef355cda5,2026-09-29,John
ZP2024-0138,exclude,DROP,primary_application,Approved,True,housing_adjacent_not_development,sonnet,,0.0,"The record describes adding a second story resulting in ""seven bedrooms and four bathrooms in the building, and 13 total bedrooms on the lot"" but never states a number of dwelling units.",data/derived/planning_scope_second_read_2026-09-28.json@6690300ef355cda5,2026-09-29,John
ZP2024-0140,exclude,DROP,primary_application,Approved,True,housing_adjacent_not_development,sonnet,,0.0,"The permit is ""to add a fifth bedroom to an existing single-family home"" with a small addition, not to create new dwelling units.",data/derived/planning_scope_second_read_2026-09-28.json@6690300ef355cda5,2026-09-29,John
ZP2024-0143,exclude,DROP,primary_application,Approved,True,housing_adjacent_not_development,sonnet,,0.0,"The AUP is ""to demolish the rear portion of the existing dwelling and accessory structure... raise the main building... and construct a new accessory building,"" with no unit count given.",data/derived/planning_scope_second_read_2026-09-28.json@6690300ef355cda5,2026-09-29,John
ZP2024-0144,exclude,DROP,primary_application,Approved,True,housing_adjacent_not_development,sonnet,,0.0,"The record describes an AUP ""to enclose an upper floor balcony and create a 99 square foot residential addition,"" with no dwelling units stated.",data/derived/planning_scope_second_read_2026-09-28.json@6690300ef355cda5,2026-09-29,John
ZP2024-0145,exclude,DROP,primary_application,Approved,True,housing_adjacent_not_development,sonnet,,0.0,"The AUP is ""to construct a 348 square foot 22-foot-tall residential addition"" to an existing home, with no units mentioned.",data/derived/planning_scope_second_read_2026-09-28.json@6690300ef355cda5,2026-09-29,John
ZP2024-0148,exclude,DROP,primary_application,Approved,True,housing_adjacent_not_development,sonnet,,0.0,"The AUP is ""to Construct a 118 square-feet, second-story residential addition to an existing two-story, single-family dwelling,"" with no unit count stated.",data/derived/planning_scope_second_read_2026-09-28.json@6690300ef355cda5,2026-09-29,John
ZP2024-0150,exclude,DROP,primary_application,Approved,True,housing_adjacent_not_development,sonnet,,0.0,"The record describes raising ""an existing 872-square-foot... one-story residential dwelling"" and adding square footage, with no new dwelling units stated.",data/derived/planning_scope_second_read_2026-09-28.json@6690300ef355cda5,2026-09-29,John
ZP2024-0151,exclude,DROP,primary_application,Approved,True,housing_adjacent_not_development,jev,none_stated,,,data/derived/planning_scope_evidence_2026-09-28.json@0861ffec4c55bf14,2026-09-29,John
ZP2024-0152,exclude,DROP,primary_application,Approved,True,housing_adjacent_not_development,sonnet,,0.0,"The record states the project will ""establish five bedrooms on the lot"" via an accessory building, not create new dwelling units.",data/derived/planning_scope_second_read_2026-09-28.json@6690300ef355cda5,2026-09-29,John
ZP2024-0158,exclude,DROP,primary_application,Pending Final Action,True,housing_adjacent_not_development,sonnet,,0.0,"The description covers an addition and ""legalizing the basement at the single-family home,"" an alteration to an existing dwelling with no unit count given.",data/derived/planning_scope_second_read_2026-09-28.json@6690300ef355cda5,2026-09-29,John
ZP2024-0159,exclude,DROP,primary_application,Approved,True,housing_adjacent_not_development,jev,1,,,data/derived/planning_scope_evidence_2026-09-28.json@0861ffec4c55bf14,2026-09-29,John
ZP2024-0160,exclude,DROP,primary_application,Approved,True,housing_adjacent_not_development,sonnet,,0.0,"The record describes expanding ""an existing three story single-family dwelling"" and adding ""two new bedrooms,"" which are bedrooms, not new dwelling units.",data/derived/planning_scope_second_read_2026-09-28.json@6690300ef355cda5,2026-09-29,John
ZP2024-0167,exclude,DROP,primary_application,Approved,True,housing_adjacent_not_development,sonnet,,0.0,"The text states the applicant will ""raise the existing home and construct a major residential addition"" resulting in ""5 bedrooms,"" an alteration to a single existing residence with no new units stated.",data/derived/planning_scope_second_read_2026-09-28.json@6690300ef355cda5,2026-09-29,John
ZP2024-0178,exclude,DROP,primary_application,Withdrawn,True,housing_adjacent_not_development,jev,none_stated,,,data/derived/planning_scope_evidence_2026-09-28.json@0861ffec4c55bf14,2026-09-29,John
ZP2024-0179,exclude,DROP,primary_application,Approved,True,housing_adjacent_not_development,sonnet,,0.0,"The record describes an ""Administrative Use Permit to construct residential addition"" with square-footage additions and a shed legalization to an existing residence, stating no new dwelling units created and no unit count, so it is an alteration to existing housing rather than an application for a housing development project.",data/derived/planning_scope_second_read_2026-09-28.json@6690300ef355cda5,2026-09-29,John
ZP2025-0002,exclude,DROP,primary_application,Approved,True,housing_adjacent_not_development,sonnet,,0.0,"The permit is to 'demolish an existing non-conforming...accessory structure and construct a...habitable accessory building (one-car garage with study and storage)', with no dwelling unit created or stated.",data/derived/planning_scope_second_read_2026-09-28.json@6690300ef355cda5,2026-09-29,John
ZP2025-0009,exclude,DROP,primary_application,Approved,True,housing_adjacent_not_development,sonnet,,0.0,"The record describes 'construction of a two-story 745 square-foot residential addition... and install an outdoor jacuzzi,' with no mention of new dwelling units.",data/derived/planning_scope_second_read_2026-09-28.json@6690300ef355cda5,2026-09-29,John
ZP2025-0011,exclude,DROP,primary_application,Approved,True,housing_adjacent_not_development,sonnet,,0.0,"The permit is to 'construct a residential addition totaling 234.9 square feet... on the main and second floors of the main dwelling,' with no new unit count stated.",data/derived/planning_scope_second_read_2026-09-28.json@6690300ef355cda5,2026-09-29,John
ZP2025-0019,exclude,DROP,primary_application,Withdrawn,True,housing_adjacent_not_development,sonnet,1,0.0,"The permit is for 'a two-story addition... to the rear of an existing... single-family dwelling,' adding no new unit.",data/derived/planning_scope_second_read_2026-09-28.json@6690300ef355cda5,2026-09-29,John
ZP2025-0024,exclude,DROP,primary_application,Withdrawn,True,housing_adjacent_not_development,sonnet,,0.0,"The modification is to 'convert commercial space into a residential amenity space for a lounge and gym area,' not to create dwelling units.",data/derived/planning_scope_second_read_2026-09-28.json@6690300ef355cda5,2026-09-29,John
ZP2025-0026,exclude,DROP,primary_application,Approved,True,housing_adjacent_not_development,jev,none_stated,,,data/derived/planning_scope_evidence_2026-09-28.json@0861ffec4c55bf14,2026-09-29,John
ZP2025-0029,exclude,DROP,primary_application,Approved,True,housing_adjacent_not_development,sonnet,1,0.0,"The project converts 'a two-bedroom, one-bed single-family residence into a two-story four, four-bedroom, 2.5-bath residence,' remaining a single-family dwelling with no new units.",data/derived/planning_scope_second_read_2026-09-28.json@6690300ef355cda5,2026-09-29,John
ZP2025-0030,exclude,DROP,primary_application,Approved,True,housing_adjacent_not_development,sonnet,,0.0,"The record describes only 'a residential addition... creating approximately 520 square feet of habitable space,' with no unit count or new unit created.",data/derived/planning_scope_second_read_2026-09-28.json@6690300ef355cda5,2026-09-29,John
ZP2025-0031,exclude,DROP,primary_application,Approved,True,housing_adjacent_not_development,sonnet,,0.0,"The description covers 'a new addition at the west & rear sides of the property' and 'raising the existing house,' with no new dwelling unit stated.",data/derived/planning_scope_second_read_2026-09-28.json@6690300ef355cda5,2026-09-29,John
ZP2025-0032,exclude,DROP,primary_application,Approved,True,housing_adjacent_not_development,sonnet,1,0.0,"The AUP adds 'a second-story, 596-square-foot addition... to a one-story, single-family dwelling,' with no new unit created.",data/derived/planning_scope_second_read_2026-09-28.json@6690300ef355cda5,2026-09-29,John
ZP2025-0034,exclude,DROP,primary_application,Approved,True,housing_adjacent_not_development,sonnet,1,0.0,"The permit results in 'a 5-bedroom single family residence,' an alteration of an existing single dwelling, not a new housing development.",data/derived/planning_scope_second_read_2026-09-28.json@6690300ef355cda5,2026-09-29,John
ZP2025-0038,exclude,DROP,primary_application,Approved,True,housing_adjacent_not_development,sonnet,,0.0,"The description concerns lifting and adding to an 'existing single family residence' and demolishing a garage, with no new units created.",data/derived/planning_scope_second_read_2026-09-28.json@6690300ef355cda5,2026-09-29,John
ZP2025-0041,exclude,DROP,primary_application,Corrections Pending Applicant,True,housing_adjacent_not_development,jev,none_stated,,,data/derived/planning_scope_evidence_2026-09-28.json@0861ffec4c55bf14,2026-09-29,John
ZP2025-0042,exclude,DROP,primary_application,Approved,True,housing_adjacent_not_development,jev,1,,,data/derived/planning_scope_evidence_2026-09-28.json@0861ffec4c55bf14,2026-09-29,John
ZP2025-0045,exclude,DROP,primary_application,Approved,True,housing_adjacent_not_development,sonnet,,0.0,"The record raises an existing 'single-family dwelling' to add floor area, with no mention of additional dwelling units.",data/derived/planning_scope_second_read_2026-09-28.json@6690300ef355cda5,2026-09-29,John
ZP2025-0047,exclude,DROP,primary_application,Approved,True,housing_adjacent_not_development,sonnet,,0.0,"The project results in a 'two-story, 2,960 square foot residence with six bedrooms', remaining a single-family dwelling with no new units added.",data/derived/planning_scope_second_read_2026-09-28.json@6690300ef355cda5,2026-09-29,John
ZP2025-0058,exclude,DROP,primary_application,Corrections Pending Applicant,True,housing_adjacent_not_development,sonnet,,0.0,"The description is a 'major residential addition' with a garage to an existing residence, with no new dwelling units stated.",data/derived/planning_scope_second_read_2026-09-28.json@6690300ef355cda5,2026-09-29,John
ZP2025-0059,exclude,DROP,primary_application,Approved,True,housing_adjacent_not_development,jev,1,,,data/derived/planning_scope_evidence_2026-09-28.json@0861ffec4c55bf14,2026-09-29,John
ZP2025-0060,exclude,DROP,primary_application,Withdrawn,True,housing_adjacent_not_development,sonnet,,0.0,"The record describes a 'second story major residential addition' to an existing dwelling with a roof deck, not creating new units, and the application was 'Withdrawn'.",data/derived/planning_scope_second_read_2026-09-28.json@6690300ef355cda5,2026-09-29,John
ZP2025-0061,exclude,DROP,primary_application,Incomplete Pending Applicant,True,housing_adjacent_not_development,sonnet,,0.0,"The permit is to 'establish one off street parking space' for an existing residence, not to create or modify dwelling units.",data/derived/planning_scope_second_read_2026-09-28.json@6690300ef355cda5,2026-09-29,John
ZP2025-0062,exclude,DROP,primary_application,Incomplete Pending Applicant,True,housing_adjacent_not_development,sonnet,,0.0,"The permit is only to ""establish one off street parking space within the required 20 front setback,"" a site alteration to an existing residence, not a housing development application.",data/derived/planning_scope_second_read_2026-09-28.json@6690300ef355cda5,2026-09-29,John
ZP2025-0070,exclude,DROP,primary_application,Withdrawn,True,housing_adjacent_not_development,sonnet,,0.0,"The record describes raising and adding a second story to an existing home ""resulting in ... 2,151 sq. ft. residence with 5 bedrooms,"" which is an addition to a single existing dwelling with no stated unit count change.",data/derived/planning_scope_second_read_2026-09-28.json@6690300ef355cda5,2026-09-29,John
ZP2025-0072,exclude,DROP,primary_application,Corrections Pending Applicant,True,housing_adjacent_not_development,jev,none_stated,,,data/derived/planning_scope_evidence_2026-09-28.json@0861ffec4c55bf14,2026-09-29,John
ZP2025-0073,exclude,DROP,primary_application,Approved,True,housing_adjacent_not_development,jev,1,,,data/derived/planning_scope_evidence_2026-09-28.json@0861ffec4c55bf14,2026-09-29,John
ZP2025-0075,exclude,DROP,primary_application,Withdrawn,True,housing_adjacent_not_development,sonnet,,0.0,"The description is for ""a major residential addition"" to an existing structure with specified square footage and lot coverage, but no dwelling unit count is stated, indicating an addition rather than new housing development.",data/derived/planning_scope_second_read_2026-09-28.json@6690300ef355cda5,2026-09-29,John
ZP2025-0076,exclude,DROP,primary_application,Pending Final Action,True,housing_adjacent_not_development,sonnet,,0.0,"The project converts ""existing 1br/2bath SFH to create 2br/2bath SFH,"" remaining a single dwelling unit with added bedrooms, not a new housing development.",data/derived/planning_scope_second_read_2026-09-28.json@6690300ef355cda5,2026-09-29,John
ZP2025-0077,exclude,DROP,primary_application,Pending Final Action,True,housing_adjacent_not_development,sonnet,,0.0,"The permit is for ""a 641 square feet ... major residential addition over the existing building footprint of the existing single-family dwelling,"" an addition to an existing SFH with no unit count stated.",data/derived/planning_scope_second_read_2026-09-28.json@6690300ef355cda5,2026-09-29,John
ZP2025-0081,exclude,DROP,primary_application,Withdrawn,True,housing_adjacent_not_development,sonnet,,0.0,"The permit involves lifting and relocating ""the existing single family dwelling"" and constructing an addition and shed, all modifications to one existing unit with no new units stated.",data/derived/planning_scope_second_read_2026-09-28.json@6690300ef355cda5,2026-09-29,John
ZP2025-0082,exclude,DROP,primary_application,Closed,True,housing_adjacent_not_development,sonnet,,0.0,"The work is a ""Second-story residential addition (412 sf)"" and garage conversion to habitable space for an existing home, with no dwelling unit count change stated.",data/derived/planning_scope_second_read_2026-09-28.json@6690300ef355cda5,2026-09-29,John
ZP2025-0083,exclude,DROP,primary_application,Withdrawn,True,housing_adjacent_not_development,sonnet,,0.0,"The record describes a minor ""residential addition of 18.6sf on rear side of house"" to an existing dwelling, not a housing development application.",data/derived/planning_scope_second_read_2026-09-28.json@6690300ef355cda5,2026-09-29,John
ZP2025-0088,exclude,DROP,primary_application,Approved,True,housing_adjacent_not_development,sonnet,,0.0,"The description only expands an existing 'single-family dwelling' with an attic increase, addition, and basement expansion, resulting in more bedrooms but no stated change in dwelling unit count, so this is an alteration of existing housing rather than an application for a housing development project.",data/derived/planning_scope_second_read_2026-09-28.json@6690300ef355cda5,2026-09-29,John
ZP2025-0090,exclude,DROP,primary_application,Incomplete Pending Applicant,True,housing_adjacent_not_development,sonnet,,0.0,"The permit is for a 'second-story major residential addition' to 'an existing condo', not the creation of new dwelling units.",data/derived/planning_scope_second_read_2026-09-28.json@6690300ef355cda5,2026-09-29,John
ZP2025-0091,exclude,DROP,primary_application,Under Review,True,housing_adjacent_not_development,sonnet,,0.0,"The permit covers a 'major residential addition' to 'an existing single family residence', with no new dwelling units mentioned.",data/derived/planning_scope_second_read_2026-09-28.json@6690300ef355cda5,2026-09-29,John
ZP2025-0094,exclude,DROP,primary_application,Withdrawn,True,housing_adjacent_not_development,sonnet,,0.0,"The text describes a 'major residential addition' to 'a two-family residence' with an ADU noted as 'proposed under a separate building permit', not part of this record's unit count.",data/derived/planning_scope_second_read_2026-09-28.json@6690300ef355cda5,2026-09-29,John
ZP2025-0097,exclude,DROP,primary_application,Approved,True,housing_adjacent_not_development,sonnet,,0.0,"The project is 'a 2,634 square foot addition to the existing 4,183 square foot residence', a single-family home addition with no new units.",data/derived/planning_scope_second_read_2026-09-28.json@6690300ef355cda5,2026-09-29,John
ZP2025-0100,exclude,DROP,primary_application,Corrections Pending Applicant,True,housing_adjacent_not_development,sonnet,,0.0,"The record describes 'a residential addition' to 'an existing three-story single-family residence' resulting in 'six bedrooms and five bathrooms', not new dwelling units.",data/derived/planning_scope_second_read_2026-09-28.json@6690300ef355cda5,2026-09-29,John
ZP2025-0102,exclude,DROP,primary_application,Approved,True,housing_adjacent_not_development,jev,none_stated,,,data/derived/planning_scope_evidence_2026-09-28.json@0861ffec4c55bf14,2026-09-29,John
ZP2025-0106,exclude,DROP,primary_application,Incomplete Pending Applicant,True,housing_adjacent_not_development,jev,none_stated,,,data/derived/planning_scope_evidence_2026-09-28.json@0861ffec4c55bf14,2026-09-29,John
ZP2025-0109,exclude,DROP,primary_application,Corrections Pending Applicant,True,housing_adjacent_not_development,jev,1,,,data/derived/planning_scope_evidence_2026-09-28.json@0861ffec4c55bf14,2026-09-29,John
ZP2026-0006,include,ADD,primary_application,Under Review,False,housing_development,sonnet,73,0.0,"The record states a ""Modification ... to increase unit count from 66 to 73"" with no square-footage split given, satisfying units-stated sufficiency.",data/derived/planning_scope_second_read_2026-09-28.json@6690300ef355cda5,2026-09-29,John
ZP2026-0017,exclude,DROP,primary_application,Approved,True,housing_adjacent_not_development,jev,1,,,data/derived/planning_scope_evidence_2026-09-28.json@0861ffec4c55bf14,2026-09-29,John
ZP2026-0024,exclude,DROP,primary_application,Resubmittal Pending Staff,True,not_housing,jev,none_stated,,,data/derived/planning_scope_evidence_2026-09-28.json@0861ffec4c55bf14,2026-09-29,John
ZP2026-0025,exclude,DROP,primary_application,In Review,True,not_housing,jev,none_stated,,,data/derived/planning_scope_evidence_2026-09-28.json@0861ffec4c55bf14,2026-09-29,John
ZP2026-0029,exclude,DROP,primary_application,Approved,True,housing_adjacent_not_development,jev,none_stated,,,data/derived/planning_scope_evidence_2026-09-28.json@0861ffec4c55bf14,2026-09-29,John
ZP2026-0033,exclude,DROP,primary_application,Corrections Pending Applicant,True,housing_adjacent_not_development,sonnet,,0.0,"The description covers a ""459sf upper floor addition, Remodel residence"" to an existing home, not an application to create new housing units.",data/derived/planning_scope_second_read_2026-09-28.json@6690300ef355cda5,2026-09-29,John
ZP2026-0035,exclude,DROP,primary_application,Pending Final Action,True,housing_adjacent_not_development,sonnet,,0.0,"The application is ""to establish a new uncovered parking space within the required rear setback,"" a site feature not a housing unit application.",data/derived/planning_scope_second_read_2026-09-28.json@6690300ef355cda5,2026-09-29,John
ZP2026-0050,include,ADD,primary_application,Incomplete Pending Applicant,False,housing_development,sonnet,22,0.0,"The description states ""construction of a new 6-story ... multifamily building with 22 total units, including 2 VLI, 1 LI, and 1 MI units"" giving a unit count with no explicit removal count or square-footage split provided.",data/derived/planning_scope_second_read_2026-09-28.json@6690300ef355cda5,2026-09-29,John
ZP2026-0053,exclude,DROP,primary_application,Under Review,True,not_housing,jev,none_stated,,,data/derived/planning_scope_evidence_2026-09-28.json@0861ffec4c55bf14,2026-09-29,John
ZP2026-0058,exclude,DROP,primary_application,In Review,True,housing_adjacent_not_development,sonnet,,0.0,"The record is titled ""Residential addition"" confirming housing is present, but it only concerns building height for an addition with no stated dwelling unit count, so it is not a housing development application.",data/derived/planning_scope_second_read_2026-09-28.json@6690300ef355cda5,2026-09-29,John
ZP2026-0059,exclude,DROP,primary_application,Incomplete Pending Applicant,True,housing_adjacent_not_development,jev,1,,,data/derived/planning_scope_evidence_2026-09-28.json@0861ffec4c55bf14,2026-09-29,John
ZP2026-0060,exclude,DROP,primary_application,Incomplete Pending Applicant,True,not_housing,jev,none_stated,,,data/derived/planning_scope_evidence_2026-09-28.json@0861ffec4c55bf14,2026-09-29,John
ZP2026-0061,exclude,DROP,primary_application,Incomplete Pending Applicant,True,housing_adjacent_not_development,sonnet,,0.0,"The description explicitly refers to ""AN EXISTING SINGLE-FAMILY HOME"" undergoing renovation and addition of rooms, showing housing is present but no new dwelling units are being created.",data/derived/planning_scope_second_read_2026-09-28.json@6690300ef355cda5,2026-09-29,John
ZP2026-0066,exclude,DROP,primary_application,In Review,True,housing_adjacent_not_development,sonnet,,0.0,"The record notes the site is in the ""Residential Multi-Unit 2 (R-2) Zoning District,"" confirming housing is present, but only describes a fence and driveway installation, not a housing development application.",data/derived/planning_scope_second_read_2026-09-28.json@6690300ef355cda5,2026-09-29,John
ZP2026-0080,exclude,DROP,primary_application,Incomplete Pending Applicant,True,not_housing,sonnet,,0.0,"The record describes ""Conversion of existing detached garage to accessory building/office"" with ""No change to main residence,"" indicating a non-residential accessory use rather than any dwelling unit.",data/derived/planning_scope_second_read_2026-09-28.json@6690300ef355cda5,2026-09-29,John
ZP2026-0081,exclude,DROP,primary_application,Under Review,True,housing_adjacent_not_development,sonnet,,0.0,"The description is a ""Remodel/addition to an existing one story single family dwelling to create a 4 br / 2 bath single family dwelling,"" which alters an existing unit rather than creating, converting, or adding new dwelling units.",data/derived/planning_scope_second_read_2026-09-28.json@6690300ef355cda5,2026-09-29,John
ZP2026-0084,exclude,DROP,primary_application,In Review,True,housing_adjacent_not_development,sonnet,,0.0,"The record describes only a ""Residential addition of 41 s.f. over 14 ft. in height and fifth bedroom on lot in R1-H,"" a physical addition to an existing home with no stated change in dwelling unit count.",data/derived/planning_scope_second_read_2026-09-28.json@6690300ef355cda5,2026-09-29,John
ZP2026-0089,exclude,DROP,primary_application,Under Review,True,housing_adjacent_not_development,jev,1,,,data/derived/planning_scope_evidence_2026-09-28.json@0861ffec4c55bf14,2026-09-29,John
