<?xml version="1.0" encoding="UTF-8"?>
<kml xmlns="http://www.opengis.net/kml/2.2" xmlns:gx="http://www.google.com/kml/ext/2.2" xmlns:kml="http://www.opengis.net/kml/2.2" xmlns:atom="http://www.w3.org/2005/Atom">
<Document>
<!-- TOUR PACKAGE (generated by scripts/build_tour_package.py — do not hand-edit)
     tour:     kml/tours/loops/2352-shattuck-ave.kml
     geometry: kml/geometry/geometry.kml sha256:0cc83edd59a0 placemarks:196 -->
<gx:Tour>
		<name>2352 Shattuck Ave · 237 units · Completed · loop</name>
		<gx:Playlist>
			<gx:FlyTo>
				<gx:duration>0.92</gx:duration>
				<gx:flyToMode>bounce</gx:flyToMode>
				<Camera>
					<longitude>-122.2683198602</longitude>
					<latitude>37.8661388925</latitude>
					<altitude>275.3</altitude>
					<heading>0.00</heading>
					<tilt>0.0</tilt>
					<roll>0</roll>
					<altitudeMode>relativeToGround</altitudeMode>
				</Camera>
			</gx:FlyTo>
			<gx:FlyTo>
				<gx:duration>0.92</gx:duration>
				<gx:flyToMode>smooth</gx:flyToMode>
				<Camera>
					<longitude>-122.2683198602</longitude>
					<latitude>37.8661388925</latitude>
					<altitude>275.3</altitude>
					<heading>7.50</heading>
					<tilt>0.0</tilt>
					<roll>0</roll>
					<altitudeMode>relativeToGround</altitudeMode>
				</Camera>
			</gx:FlyTo>
			<gx:FlyTo>
				<gx:duration>0.92</gx:duration>
				<gx:flyToMode>smooth</gx:flyToMode>
				<Camera>
					<longitude>-122.2683198602</longitude>
					<latitude>37.8661388925</latitude>
					<altitude>275.3</altitude>
					<heading>15.00</heading>
					<tilt>0.0</tilt>
					<roll>0</roll>
					<altitudeMode>relativeToGround</altitudeMode>
				</Camera>
			</gx:FlyTo>
			<gx:FlyTo>
				<gx:duration>0.92</gx:duration>
				<gx:flyToMode>smooth</gx:flyToMode>
				<Camera>
					<longitude>-122.2683198602</longitude>
					<latitude>37.8661388925</latitude>
					<altitude>275.3</altitude>
					<heading>22.50</heading>
					<tilt>0.0</tilt>
					<roll>0</roll>
					<altitudeMode>relativeToGround</altitudeMode>
				</Camera>
			</gx:FlyTo>
			<gx:FlyTo>
				<gx:duration>0.92</gx:duration>
				<gx:flyToMode>smooth</gx:flyToMode>
				<Camera>
					<longitude>-122.2683198602</longitude>
					<latitude>37.8661388925</latitude>
					<altitude>275.3</altitude>
					<heading>30.00</heading>
					<tilt>0.0</tilt>
					<roll>0</roll>
					<altitudeMode>relativeToGround</altitudeMode>
				</Camera>
			</gx:FlyTo>
			<gx:FlyTo>
				<gx:duration>0.92</gx:duration>
				<gx:flyToMode>smooth</gx:flyToMode>
				<Camera>
					<longitude>-122.2683198602</longitude>
					<latitude>37.8661388925</latitude>
					<altitude>275.3</altitude>
					<heading>37.50</heading>
					<tilt>0.0</tilt>
					<roll>0</roll>
					<altitudeMode>relativeToGround</altitudeMode>
				</Camera>
			</gx:FlyTo>
			<gx:FlyTo>
				<gx:duration>0.92</gx:duration>
				<gx:flyToMode>smooth</gx:flyToMode>
				<Camera>
					<longitude>-122.2683198602</longitude>
					<latitude>37.8661388925</latitude>
					<altitude>275.3</altitude>
					<heading>45.00</heading>
					<tilt>0.0</tilt>
					<roll>0</roll>
					<altitudeMode>relativeToGround</altitudeMode>
				</Camera>
			</gx:FlyTo>
			<gx:FlyTo>
				<gx:duration>0.92</gx:duration>
				<gx:flyToMode>smooth</gx:flyToMode>
				<Camera>
					<longitude>-122.2683198602</longitude>
					<latitude>37.8661388925</latitude>
					<altitude>275.3</altitude>
					<heading>52.50</heading>
					<tilt>0.0</tilt>
					<roll>0</roll>
					<altitudeMode>relativeToGround</altitudeMode>
				</Camera>
			</gx:FlyTo>
			<gx:FlyTo>
				<gx:duration>0.92</gx:duration>
				<gx:flyToMode>smooth</gx:flyToMode>
				<Camera>
					<longitude>-122.2683198602</longitude>
					<latitude>37.8661388925</latitude>
					<altitude>275.3</altitude>
					<heading>60.00</heading>
					<tilt>0.0</tilt>
					<roll>0</roll>
					<altitudeMode>relativeToGround</altitudeMode>
				</Camera>
			</gx:FlyTo>
			<gx:FlyTo>
				<gx:duration>0.92</gx:duration>
				<gx:flyToMode>smooth</gx:flyToMode>
				<Camera>
					<longitude>-122.2683198602</longitude>
					<latitude>37.8661388925</latitude>
					<altitude>275.3</altitude>
					<heading>67.50</heading>
					<tilt>0.0</tilt>
					<roll>0</roll>
					<altitudeMode>relativeToGround</altitudeMode>
				</Camera>
			</gx:FlyTo>
			<gx:FlyTo>
				<gx:duration>0.92</gx:duration>
				<gx:flyToMode>smooth</gx:flyToMode>
				<Camera>
					<longitude>-122.2683198602</longitude>
					<latitude>37.8661388925</latitude>
					<altitude>275.3</altitude>
					<heading>75.00</heading>
					<tilt>0.0</tilt>
					<roll>0</roll>
					<altitudeMode>relativeToGround</altitudeMode>
				</Camera>
			</gx:FlyTo>
			<gx:FlyTo>
				<gx:duration>0.92</gx:duration>
				<gx:flyToMode>smooth</gx:flyToMode>
				<Camera>
					<longitude>-122.2683198602</longitude>
					<latitude>37.8661388925</latitude>
					<altitude>275.3</altitude>
					<heading>82.50</heading>
					<tilt>0.0</tilt>
					<roll>0</roll>
					<altitudeMode>relativeToGround</altitudeMode>
				</Camera>
			</gx:FlyTo>
			<gx:FlyTo>
				<gx:duration>0.58</gx:duration>
				<gx:flyToMode>smooth</gx:flyToMode>
				<Camera>
					<longitude>-122.2683194994</longitude>
					<latitude>37.8661405081</latitude>
					<altitude>274.9</altitude>
					<heading>190.00</heading>
					<tilt>0.1</tilt>
					<roll>0</roll>
					<altitudeMode>relativeToGround</altitudeMode>
				</Camera>
			</gx:FlyTo>
			<gx:FlyTo>
				<gx:duration>0.58</gx:duration>
				<gx:flyToMode>smooth</gx:flyToMode>
				<Camera>
					<longitude>-122.2683170600</longitude>
					<latitude>37.8661449662</latitude>
					<altitude>273.9</altitude>
					<heading>200.00</heading>
					<tilt>0.4</tilt>
					<roll>0</roll>
					<altitudeMode>relativeToGround</altitudeMode>
				</Camera>
			</gx:FlyTo>
			<gx:FlyTo>
				<gx:duration>0.58</gx:duration>
				<gx:flyToMode>smooth</gx:flyToMode>
				<Camera>
					<longitude>-122.2683107901</longitude>
					<latitude>37.8661512946</latitude>
					<altitude>272.3</altitude>
					<heading>210.00</heading>
					<tilt>0.9</tilt>
					<roll>0</roll>
					<altitudeMode>relativeToGround</altitudeMode>
				</Camera>
			</gx:FlyTo>
			<gx:FlyTo>
				<gx:duration>0.58</gx:duration>
				<gx:flyToMode>smooth</gx:flyToMode>
				<Camera>
					<longitude>-122.2682994522</longitude>
					<latitude>37.8661580929</latitude>
					<altitude>270.0</altitude>
					<heading>220.00</heading>
					<tilt>1.6</tilt>
					<roll>0</roll>
					<altitudeMode>relativeToGround</altitudeMode>
				</Camera>
			</gx:FlyTo>
			<gx:FlyTo>
				<gx:duration>0.58</gx:duration>
				<gx:flyToMode>smooth</gx:flyToMode>
				<Camera>
					<longitude>-122.2682824565</longitude>
					<latitude>37.8661636696</latitude>
					<altitude>267.1</altitude>
					<heading>230.00</heading>
					<tilt>2.5</tilt>
					<roll>0</roll>
					<altitudeMode>relativeToGround</altitudeMode>
				</Camera>
			</gx:FlyTo>
			<gx:FlyTo>
				<gx:duration>0.58</gx:duration>
				<gx:flyToMode>smooth</gx:flyToMode>
				<Camera>
					<longitude>-122.2682599434</longitude>
					<latitude>37.8661662018</latitude>
					<altitude>263.7</altitude>
					<heading>240.00</heading>
					<tilt>3.5</tilt>
					<roll>0</roll>
					<altitudeMode>relativeToGround</altitudeMode>
				</Camera>
			</gx:FlyTo>
			<gx:FlyTo>
				<gx:duration>0.58</gx:duration>
				<gx:flyToMode>smooth</gx:flyToMode>
				<Camera>
					<longitude>-122.2682328084</longitude>
					<latitude>37.8661639056</latitude>
					<altitude>259.8</altitude>
					<heading>250.00</heading>
					<tilt>4.7</tilt>
					<roll>0</roll>
					<altitudeMode>relativeToGround</altitudeMode>
				</Camera>
			</gx:FlyTo>
			<gx:FlyTo>
				<gx:duration>0.58</gx:duration>
				<gx:flyToMode>smooth</gx:flyToMode>
				<Camera>
					<longitude>-122.2682026706</longitude>
					<latitude>37.8661552054</latitude>
					<altitude>255.4</altitude>
					<heading>260.00</heading>
					<tilt>6.0</tilt>
					<roll>0</roll>
					<altitudeMode>relativeToGround</altitudeMode>
				</Camera>
			</gx:FlyTo>
			<gx:FlyTo>
				<gx:duration>0.58</gx:duration>
				<gx:flyToMode>smooth</gx:flyToMode>
				<Camera>
					<longitude>-122.2681717853</longitude>
					<latitude>37.8661388925</latitude>
					<altitude>250.6</altitude>
					<heading>270.00</heading>
					<tilt>7.5</tilt>
					<roll>0</roll>
					<altitudeMode>relativeToGround</altitudeMode>
				</Camera>
			</gx:FlyTo>
			<gx:FlyTo>
				<gx:duration>0.58</gx:duration>
				<gx:flyToMode>smooth</gx:flyToMode>
				<Camera>
					<longitude>-122.2681429064</longitude>
					<latitude>37.8661142604</latitude>
					<altitude>245.3</altitude>
					<heading>280.00</heading>
					<tilt>9.1</tilt>
					<roll>0</roll>
					<altitudeMode>relativeToGround</altitudeMode>
				</Camera>
			</gx:FlyTo>
			<gx:FlyTo>
				<gx:duration>0.58</gx:duration>
				<gx:flyToMode>smooth</gx:flyToMode>
				<Camera>
					<longitude>-122.2681191080</longitude>
					<latitude>37.8660812093</latitude>
					<altitude>239.7</altitude>
					<heading>290.00</heading>
					<tilt>10.8</tilt>
					<roll>0</roll>
					<altitudeMode>relativeToGround</altitudeMode>
				</Camera>
			</gx:FlyTo>
			<gx:FlyTo>
				<gx:duration>0.58</gx:duration>
				<gx:flyToMode>smooth</gx:flyToMode>
				<Camera>
					<longitude>-122.2681035750</longitude>
					<latitude>37.8660403124</latitude>
					<altitude>233.7</altitude>
					<heading>300.00</heading>
					<tilt>12.6</tilt>
					<roll>0</roll>
					<altitudeMode>relativeToGround</altitudeMode>
				</Camera>
			</gx:FlyTo>
			<gx:FlyTo>
				<gx:duration>0.58</gx:duration>
				<gx:flyToMode>smooth</gx:flyToMode>
				<Camera>
					<longitude>-122.2680993758</longitude>
					<latitude>37.8659928381</latitude>
					<altitude>227.3</altitude>
					<heading>310.00</heading>
					<tilt>14.6</tilt>
					<roll>0</roll>
					<altitudeMode>relativeToGround</altitudeMode>
				</Camera>
			</gx:FlyTo>
			<gx:FlyTo>
				<gx:duration>0.58</gx:duration>
				<gx:flyToMode>smooth</gx:flyToMode>
				<Camera>
					<longitude>-122.2681092313</longitude>
					<latitude>37.8659407272</latitude>
					<altitude>220.7</altitude>
					<heading>320.00</heading>
					<tilt>16.6</tilt>
					<roll>0</roll>
					<altitudeMode>relativeToGround</altitudeMode>
				</Camera>
			</gx:FlyTo>
			<gx:FlyTo>
				<gx:duration>0.58</gx:duration>
				<gx:flyToMode>smooth</gx:flyToMode>
				<Camera>
					<longitude>-122.2681352939</longitude>
					<latitude>37.8658865234</latitude>
					<altitude>213.8</altitude>
					<heading>330.00</heading>
					<tilt>18.7</tilt>
					<roll>0</roll>
					<altitudeMode>relativeToGround</altitudeMode>
				</Camera>
			</gx:FlyTo>
			<gx:FlyTo>
				<gx:duration>0.58</gx:duration>
				<gx:flyToMode>smooth</gx:flyToMode>
				<Camera>
					<longitude>-122.2681789509</longitude>
					<latitude>37.8658332619</latitude>
					<altitude>206.6</altitude>
					<heading>340.00</heading>
					<tilt>20.8</tilt>
					<roll>0</roll>
					<altitudeMode>relativeToGround</altitudeMode>
				</Camera>
			</gx:FlyTo>
			<gx:FlyTo>
				<gx:duration>0.58</gx:duration>
				<gx:flyToMode>smooth</gx:flyToMode>
				<Camera>
					<longitude>-122.2682406648</longitude>
					<latitude>37.8657843205</latitude>
					<altitude>199.3</altitude>
					<heading>350.00</heading>
					<tilt>23.1</tilt>
					<roll>0</roll>
					<altitudeMode>relativeToGround</altitudeMode>
				</Camera>
			</gx:FlyTo>
			<gx:FlyTo>
				<gx:duration>0.58</gx:duration>
				<gx:flyToMode>smooth</gx:flyToMode>
				<Camera>
					<longitude>-122.2683198602</longitude>
					<latitude>37.8657432399</latitude>
					<altitude>191.8</altitude>
					<heading>0.00</heading>
					<tilt>25.3</tilt>
					<roll>0</roll>
					<altitudeMode>relativeToGround</altitudeMode>
				</Camera>
			</gx:FlyTo>
			<gx:FlyTo>
				<gx:duration>0.58</gx:duration>
				<gx:flyToMode>smooth</gx:flyToMode>
				<Camera>
					<longitude>-122.2684148682</longitude>
					<latitude>37.8657135251</latitude>
					<altitude>184.1</altitude>
					<heading>10.00</heading>
					<tilt>27.7</tilt>
					<roll>0</roll>
					<altitudeMode>relativeToGround</altitudeMode>
				</Camera>
			</gx:FlyTo>
			<gx:FlyTo>
				<gx:duration>0.58</gx:duration>
				<gx:flyToMode>smooth</gx:flyToMode>
				<Camera>
					<longitude>-122.2685229304</longitude>
					<latitude>37.8656984358</latitude>
					<altitude>176.3</altitude>
					<heading>20.00</heading>
					<tilt>30.0</tilt>
					<roll>0</roll>
					<altitudeMode>relativeToGround</altitudeMode>
				</Camera>
			</gx:FlyTo>
			<gx:FlyTo>
				<gx:duration>0.58</gx:duration>
				<gx:flyToMode>smooth</gx:flyToMode>
				<Camera>
					<longitude>-122.2686402675</longitude>
					<latitude>37.8657007797</latitude>
					<altitude>168.5</altitude>
					<heading>30.00</heading>
					<tilt>32.4</tilt>
					<roll>0</roll>
					<altitudeMode>relativeToGround</altitudeMode>
				</Camera>
			</gx:FlyTo>
			<gx:FlyTo>
				<gx:duration>0.58</gx:duration>
				<gx:flyToMode>smooth</gx:flyToMode>
				<Camera>
					<longitude>-122.2687622092</longitude>
					<latitude>37.8657227189</latitude>
					<altitude>160.6</altitude>
					<heading>40.00</heading>
					<tilt>34.8</tilt>
					<roll>0</roll>
					<altitudeMode>relativeToGround</altitudeMode>
				</Camera>
			</gx:FlyTo>
			<gx:FlyTo>
				<gx:duration>0.58</gx:duration>
				<gx:flyToMode>smooth</gx:flyToMode>
				<Camera>
					<longitude>-122.2688833817</longitude>
					<latitude>37.8657656020</latitude>
					<altitude>152.7</altitude>
					<heading>50.00</heading>
					<tilt>37.2</tilt>
					<roll>0</roll>
					<altitudeMode>relativeToGround</altitudeMode>
				</Camera>
			</gx:FlyTo>
			<gx:FlyTo>
				<gx:duration>0.58</gx:duration>
				<gx:flyToMode>smooth</gx:flyToMode>
				<Camera>
					<longitude>-122.2689979437</longitude>
					<latitude>37.8658298306</latitude>
					<altitude>144.8</altitude>
					<heading>60.00</heading>
					<tilt>39.6</tilt>
					<roll>0</roll>
					<altitudeMode>relativeToGround</altitudeMode>
				</Camera>
			</gx:FlyTo>
			<gx:FlyTo>
				<gx:duration>0.58</gx:duration>
				<gx:flyToMode>smooth</gx:flyToMode>
				<Camera>
					<longitude>-122.2690998620</longitude>
					<latitude>37.8659147705</latitude>
					<altitude>136.9</altitude>
					<heading>70.00</heading>
					<tilt>42.0</tilt>
					<roll>0</roll>
					<altitudeMode>relativeToGround</altitudeMode>
				</Camera>
			</gx:FlyTo>
			<gx:FlyTo>
				<gx:duration>0.58</gx:duration>
				<gx:flyToMode>smooth</gx:flyToMode>
				<Camera>
					<longitude>-122.2691832106</longitude>
					<latitude>37.8660187134</latitude>
					<altitude>129.2</altitude>
					<heading>80.00</heading>
					<tilt>44.3</tilt>
					<roll>0</roll>
					<altitudeMode>relativeToGround</altitudeMode>
				</Camera>
			</gx:FlyTo>
			<gx:FlyTo>
				<gx:duration>0.58</gx:duration>
				<gx:flyToMode>smooth</gx:flyToMode>
				<Camera>
					<longitude>-122.2692424813</longitude>
					<latitude>37.8661388925</latitude>
					<altitude>121.5</altitude>
					<heading>90.00</heading>
					<tilt>46.7</tilt>
					<roll>0</roll>
					<altitudeMode>relativeToGround</altitudeMode>
				</Camera>
			</gx:FlyTo>
			<gx:FlyTo>
				<gx:duration>0.58</gx:duration>
				<gx:flyToMode>smooth</gx:flyToMode>
				<Camera>
					<longitude>-122.2692728877</longitude>
					<latitude>37.8662715547</latitude>
					<altitude>114.0</altitude>
					<heading>100.00</heading>
					<tilt>48.9</tilt>
					<roll>0</roll>
					<altitudeMode>relativeToGround</altitudeMode>
				</Camera>
			</gx:FlyTo>
			<gx:FlyTo>
				<gx:duration>0.58</gx:duration>
				<gx:flyToMode>smooth</gx:flyToMode>
				<Camera>
					<longitude>-122.2692706475</longitude>
					<latitude>37.8664120871</latitude>
					<altitude>106.7</altitude>
					<heading>110.00</heading>
					<tilt>51.2</tilt>
					<roll>0</roll>
					<altitudeMode>relativeToGround</altitudeMode>
				</Camera>
			</gx:FlyTo>
			<gx:FlyTo>
				<gx:duration>0.58</gx:duration>
				<gx:flyToMode>smooth</gx:flyToMode>
				<Camera>
					<longitude>-122.2692332270</longitude>
					<latitude>37.8665551936</latitude>
					<altitude>99.5</altitude>
					<heading>120.00</heading>
					<tilt>53.3</tilt>
					<roll>0</roll>
					<altitudeMode>relativeToGround</altitudeMode>
				</Camera>
			</gx:FlyTo>
			<gx:FlyTo>
				<gx:duration>0.58</gx:duration>
				<gx:flyToMode>smooth</gx:flyToMode>
				<Camera>
					<longitude>-122.2691595348</longitude>
					<latitude>37.8666951137</latitude>
					<altitude>92.6</altitude>
					<heading>130.00</heading>
					<tilt>55.4</tilt>
					<roll>0</roll>
					<altitudeMode>relativeToGround</altitudeMode>
				</Camera>
			</gx:FlyTo>
			<gx:FlyTo>
				<gx:duration>0.58</gx:duration>
				<gx:flyToMode>smooth</gx:flyToMode>
				<Camera>
					<longitude>-122.2690500515</longitude>
					<latitude>37.8668258756</latitude>
					<altitude>86.0</altitude>
					<heading>140.00</heading>
					<tilt>57.4</tilt>
					<roll>0</roll>
					<altitudeMode>relativeToGround</altitudeMode>
				</Camera>
			</gx:FlyTo>
			<gx:FlyTo>
				<gx:duration>0.58</gx:duration>
				<gx:flyToMode>smooth</gx:flyToMode>
				<Camera>
					<longitude>-122.2689068868</longitude>
					<latitude>37.8669415705</latitude>
					<altitude>79.6</altitude>
					<heading>150.00</heading>
					<tilt>59.4</tilt>
					<roll>0</roll>
					<altitudeMode>relativeToGround</altitudeMode>
				</Camera>
			</gx:FlyTo>
			<gx:FlyTo>
				<gx:duration>0.58</gx:duration>
				<gx:flyToMode>smooth</gx:flyToMode>
				<Camera>
					<longitude>-122.2687337600</longitude>
					<latitude>37.8670366359</latitude>
					<altitude>73.6</altitude>
					<heading>160.00</heading>
					<tilt>61.2</tilt>
					<roll>0</roll>
					<altitudeMode>relativeToGround</altitudeMode>
				</Camera>
			</gx:FlyTo>
			<gx:FlyTo>
				<gx:duration>0.58</gx:duration>
				<gx:flyToMode>smooth</gx:flyToMode>
				<Camera>
					<longitude>-122.2685358984</longitude>
					<latitude>37.8671061334</latitude>
					<altitude>67.9</altitude>
					<heading>170.00</heading>
					<tilt>62.9</tilt>
					<roll>0</roll>
					<altitudeMode>relativeToGround</altitudeMode>
				</Camera>
			</gx:FlyTo>
			<gx:FlyTo>
				<gx:duration>0.58</gx:duration>
				<gx:flyToMode>smooth</gx:flyToMode>
				<Camera>
					<longitude>-122.2683198602</longitude>
					<latitude>37.8671460081</latitude>
					<altitude>62.7</altitude>
					<heading>180.00</heading>
					<tilt>64.5</tilt>
					<roll>0</roll>
					<altitudeMode>relativeToGround</altitudeMode>
				</Camera>
			</gx:FlyTo>
			<gx:FlyTo>
				<gx:duration>0.58</gx:duration>
				<gx:flyToMode>smooth</gx:flyToMode>
				<Camera>
					<longitude>-122.2680932840</longitude>
					<latitude>37.8671533141</latitude>
					<altitude>57.8</altitude>
					<heading>190.00</heading>
					<tilt>66.0</tilt>
					<roll>0</roll>
					<altitudeMode>relativeToGround</altitudeMode>
				</Camera>
			</gx:FlyTo>
			<gx:FlyTo>
				<gx:duration>0.58</gx:duration>
				<gx:flyToMode>smooth</gx:flyToMode>
				<Camera>
					<longitude>-122.2678645770</longitude>
					<latitude>37.8671263963</latitude>
					<altitude>53.4</altitude>
					<heading>200.00</heading>
					<tilt>67.3</tilt>
					<roll>0</roll>
					<altitudeMode>relativeToGround</altitudeMode>
				</Camera>
			</gx:FlyTo>
			<gx:FlyTo>
				<gx:duration>0.58</gx:duration>
				<gx:flyToMode>smooth</gx:flyToMode>
				<Camera>
					<longitude>-122.2676425543</longitude>
					<latitude>37.8670650151</latitude>
					<altitude>49.5</altitude>
					<heading>210.00</heading>
					<tilt>68.5</tilt>
					<roll>0</roll>
					<altitudeMode>relativeToGround</altitudeMode>
				</Camera>
			</gx:FlyTo>
			<gx:FlyTo>
				<gx:duration>0.58</gx:duration>
				<gx:flyToMode>smooth</gx:flyToMode>
				<Camera>
					<longitude>-122.2674360461</longitude>
					<latitude>37.8669704081</latitude>
					<altitude>46.1</altitude>
					<heading>220.00</heading>
					<tilt>69.5</tilt>
					<roll>0</roll>
					<altitudeMode>relativeToGround</altitudeMode>
				</Camera>
			</gx:FlyTo>
			<gx:FlyTo>
				<gx:duration>0.58</gx:duration>
				<gx:flyToMode>smooth</gx:flyToMode>
				<Camera>
					<longitude>-122.2672534892</longitude>
					<latitude>37.8668452830</latitude>
					<altitude>43.3</altitude>
					<heading>230.00</heading>
					<tilt>70.4</tilt>
					<roll>0</roll>
					<altitudeMode>relativeToGround</altitudeMode>
				</Camera>
			</gx:FlyTo>
			<gx:FlyTo>
				<gx:duration>0.58</gx:duration>
				<gx:flyToMode>smooth</gx:flyToMode>
				<Camera>
					<longitude>-122.2671025250</longitude>
					<latitude>37.8666937386</latitude>
					<altitude>41.0</altitude>
					<heading>240.00</heading>
					<tilt>71.1</tilt>
					<roll>0</roll>
					<altitudeMode>relativeToGround</altitudeMode>
				</Camera>
			</gx:FlyTo>
			<gx:FlyTo>
				<gx:duration>0.58</gx:duration>
				<gx:flyToMode>smooth</gx:flyToMode>
				<Camera>
					<longitude>-122.2669896215</longitude>
					<latitude>37.8665211169</latitude>
					<altitude>39.4</altitude>
					<heading>250.00</heading>
					<tilt>71.6</tilt>
					<roll>0</roll>
					<altitudeMode>relativeToGround</altitudeMode>
				</Camera>
			</gx:FlyTo>
			<gx:FlyTo>
				<gx:duration>0.58</gx:duration>
				<gx:flyToMode>smooth</gx:flyToMode>
				<Camera>
					<longitude>-122.2669197396</longitude>
					<latitude>37.8663337904</latitude>
					<altitude>38.3</altitude>
					<heading>260.00</heading>
					<tilt>71.9</tilt>
					<roll>0</roll>
					<altitudeMode>relativeToGround</altitudeMode>
				</Camera>
			</gx:FlyTo>
			<gx:FlyTo>
				<gx:duration>0.58</gx:duration>
				<gx:flyToMode>smooth</gx:flyToMode>
				<Camera>
					<longitude>-122.2668960624</longitude>
					<latitude>37.8661388925</latitude>
					<altitude>38.0</altitude>
					<heading>270.00</heading>
					<tilt>72.0</tilt>
					<roll>0</roll>
					<altitudeMode>relativeToGround</altitudeMode>
				</Camera>
			</gx:FlyTo>
			<gx:FlyTo>
				<gx:duration>0.61</gx:duration>
				<gx:flyToMode>smooth</gx:flyToMode>
				<Camera>
					<longitude>-122.2669176931</longitude>
					<latitude>37.8659437097</latitude>
					<altitude>38.0</altitude>
					<heading>280.00</heading>
					<tilt>72.0</tilt>
					<roll>0</roll>
					<altitudeMode>relativeToGround</altitudeMode>
				</Camera>
			</gx:FlyTo>
			<gx:FlyTo>
				<gx:duration>0.61</gx:duration>
				<gx:flyToMode>smooth</gx:flyToMode>
				<Camera>
					<longitude>-122.2669819279</longitude>
					<latitude>37.8657544574</latitude>
					<altitude>38.0</altitude>
					<heading>290.00</heading>
					<tilt>72.0</tilt>
					<roll>0</roll>
					<altitudeMode>relativeToGround</altitudeMode>
				</Camera>
			</gx:FlyTo>
			<gx:FlyTo>
				<gx:duration>0.61</gx:duration>
				<gx:flyToMode>smooth</gx:flyToMode>
				<Camera>
					<longitude>-122.2670868151</longitude>
					<latitude>37.8655768860</latitude>
					<altitude>38.0</altitude>
					<heading>300.00</heading>
					<tilt>72.0</tilt>
					<roll>0</roll>
					<altitudeMode>relativeToGround</altitudeMode>
				</Camera>
			</gx:FlyTo>
			<gx:FlyTo>
				<gx:duration>0.61</gx:duration>
				<gx:flyToMode>smooth</gx:flyToMode>
				<Camera>
					<longitude>-122.2672291678</longitude>
					<latitude>37.8654163909</latitude>
					<altitude>38.0</altitude>
					<heading>310.00</heading>
					<tilt>72.0</tilt>
					<roll>0</roll>
					<altitudeMode>relativeToGround</altitudeMode>
				</Camera>
			</gx:FlyTo>
			<gx:FlyTo>
				<gx:duration>0.61</gx:duration>
				<gx:flyToMode>smooth</gx:flyToMode>
				<Camera>
					<longitude>-122.2674046606</longitude>
					<latitude>37.8652778486</latitude>
					<altitude>38.0</altitude>
					<heading>320.00</heading>
					<tilt>72.0</tilt>
					<roll>0</roll>
					<altitudeMode>relativeToGround</altitudeMode>
				</Camera>
			</gx:FlyTo>
			<gx:FlyTo>
				<gx:duration>0.61</gx:duration>
				<gx:flyToMode>smooth</gx:flyToMode>
				<Camera>
					<longitude>-122.2676079613</longitude>
					<latitude>37.8651654687</latitude>
					<altitude>38.0</altitude>
					<heading>330.00</heading>
					<tilt>72.0</tilt>
					<roll>0</roll>
					<altitudeMode>relativeToGround</altitudeMode>
				</Camera>
			</gx:FlyTo>
			<gx:FlyTo>
				<gx:duration>0.61</gx:duration>
				<gx:flyToMode>smooth</gx:flyToMode>
				<Camera>
					<longitude>-122.2678328927</longitude>
					<latitude>37.8650826658</latitude>
					<altitude>38.0</altitude>
					<heading>340.00</heading>
					<tilt>72.0</tilt>
					<roll>0</roll>
					<altitudeMode>relativeToGround</altitudeMode>
				</Camera>
			</gx:FlyTo>
			<gx:FlyTo>
				<gx:duration>0.61</gx:duration>
				<gx:flyToMode>smooth</gx:flyToMode>
				<Camera>
					<longitude>-122.2680726203</longitude>
					<latitude>37.8650319558</latitude>
					<altitude>38.0</altitude>
					<heading>350.00</heading>
					<tilt>72.0</tilt>
					<roll>0</roll>
					<altitudeMode>relativeToGround</altitudeMode>
				</Camera>
			</gx:FlyTo>
			<gx:FlyTo>
				<gx:duration>0.61</gx:duration>
				<gx:flyToMode>smooth</gx:flyToMode>
				<Camera>
					<longitude>-122.2683198602</longitude>
					<latitude>37.8650148795</latitude>
					<altitude>38.0</altitude>
					<heading>0.00</heading>
					<tilt>72.0</tilt>
					<roll>0</roll>
					<altitudeMode>relativeToGround</altitudeMode>
				</Camera>
			</gx:FlyTo>
			<gx:FlyTo>
				<gx:duration>0.61</gx:duration>
				<gx:flyToMode>smooth</gx:flyToMode>
				<Camera>
					<longitude>-122.2685671002</longitude>
					<latitude>37.8650319558</latitude>
					<altitude>38.0</altitude>
					<heading>10.00</heading>
					<tilt>72.0</tilt>
					<roll>0</roll>
					<altitudeMode>relativeToGround</altitudeMode>
				</Camera>
			</gx:FlyTo>
			<gx:FlyTo>
				<gx:duration>0.61</gx:duration>
				<gx:flyToMode>smooth</gx:flyToMode>
				<Camera>
					<longitude>-122.2688068278</longitude>
					<latitude>37.8650826658</latitude>
					<altitude>38.0</altitude>
					<heading>20.00</heading>
					<tilt>72.0</tilt>
					<roll>0</roll>
					<altitudeMode>relativeToGround</altitudeMode>
				</Camera>
			</gx:FlyTo>
			<gx:FlyTo>
				<gx:duration>0.61</gx:duration>
				<gx:flyToMode>smooth</gx:flyToMode>
				<Camera>
					<longitude>-122.2690317592</longitude>
					<latitude>37.8651654687</latitude>
					<altitude>38.0</altitude>
					<heading>30.00</heading>
					<tilt>72.0</tilt>
					<roll>0</roll>
					<altitudeMode>relativeToGround</altitudeMode>
				</Camera>
			</gx:FlyTo>
			<gx:FlyTo>
				<gx:duration>0.61</gx:duration>
				<gx:flyToMode>smooth</gx:flyToMode>
				<Camera>
					<longitude>-122.2692350599</longitude>
					<latitude>37.8652778486</latitude>
					<altitude>38.0</altitude>
					<heading>40.00</heading>
					<tilt>72.0</tilt>
					<roll>0</roll>
					<altitudeMode>relativeToGround</altitudeMode>
				</Camera>
			</gx:FlyTo>
			<gx:FlyTo>
				<gx:duration>0.61</gx:duration>
				<gx:flyToMode>smooth</gx:flyToMode>
				<Camera>
					<longitude>-122.2694105527</longitude>
					<latitude>37.8654163909</latitude>
					<altitude>38.0</altitude>
					<heading>50.00</heading>
					<tilt>72.0</tilt>
					<roll>0</roll>
					<altitudeMode>relativeToGround</altitudeMode>
				</Camera>
			</gx:FlyTo>
			<gx:FlyTo>
				<gx:duration>0.61</gx:duration>
				<gx:flyToMode>smooth</gx:flyToMode>
				<Camera>
					<longitude>-122.2695529054</longitude>
					<latitude>37.8655768860</latitude>
					<altitude>38.0</altitude>
					<heading>60.00</heading>
					<tilt>72.0</tilt>
					<roll>0</roll>
					<altitudeMode>relativeToGround</altitudeMode>
				</Camera>
			</gx:FlyTo>
			<gx:FlyTo>
				<gx:duration>0.61</gx:duration>
				<gx:flyToMode>smooth</gx:flyToMode>
				<Camera>
					<longitude>-122.2696577926</longitude>
					<latitude>37.8657544574</latitude>
					<altitude>38.0</altitude>
					<heading>70.00</heading>
					<tilt>72.0</tilt>
					<roll>0</roll>
					<altitudeMode>relativeToGround</altitudeMode>
				</Camera>
			</gx:FlyTo>
			<gx:FlyTo>
				<gx:duration>0.61</gx:duration>
				<gx:flyToMode>smooth</gx:flyToMode>
				<Camera>
					<longitude>-122.2697220274</longitude>
					<latitude>37.8659437097</latitude>
					<altitude>38.0</altitude>
					<heading>80.00</heading>
					<tilt>72.0</tilt>
					<roll>0</roll>
					<altitudeMode>relativeToGround</altitudeMode>
				</Camera>
			</gx:FlyTo>
			<gx:FlyTo>
				<gx:duration>0.61</gx:duration>
				<gx:flyToMode>smooth</gx:flyToMode>
				<Camera>
					<longitude>-122.2697436581</longitude>
					<latitude>37.8661388925</latitude>
					<altitude>38.0</altitude>
					<heading>90.00</heading>
					<tilt>72.0</tilt>
					<roll>0</roll>
					<altitudeMode>relativeToGround</altitudeMode>
				</Camera>
			</gx:FlyTo>
			<gx:FlyTo>
				<gx:duration>0.61</gx:duration>
				<gx:flyToMode>smooth</gx:flyToMode>
				<Camera>
					<longitude>-122.2697220274</longitude>
					<latitude>37.8663340753</latitude>
					<altitude>38.0</altitude>
					<heading>100.00</heading>
					<tilt>72.0</tilt>
					<roll>0</roll>
					<altitudeMode>relativeToGround</altitudeMode>
				</Camera>
			</gx:FlyTo>
			<gx:FlyTo>
				<gx:duration>0.61</gx:duration>
				<gx:flyToMode>smooth</gx:flyToMode>
				<Camera>
					<longitude>-122.2696577926</longitude>
					<latitude>37.8665233276</latitude>
					<altitude>38.0</altitude>
					<heading>110.00</heading>
					<tilt>72.0</tilt>
					<roll>0</roll>
					<altitudeMode>relativeToGround</altitudeMode>
				</Camera>
			</gx:FlyTo>
			<gx:FlyTo>
				<gx:duration>0.61</gx:duration>
				<gx:flyToMode>smooth</gx:flyToMode>
				<Camera>
					<longitude>-122.2695529054</longitude>
					<latitude>37.8667008990</latitude>
					<altitude>38.0</altitude>
					<heading>120.00</heading>
					<tilt>72.0</tilt>
					<roll>0</roll>
					<altitudeMode>relativeToGround</altitudeMode>
				</Camera>
			</gx:FlyTo>
			<gx:FlyTo>
				<gx:duration>0.61</gx:duration>
				<gx:flyToMode>smooth</gx:flyToMode>
				<Camera>
					<longitude>-122.2694105527</longitude>
					<latitude>37.8668613941</latitude>
					<altitude>38.0</altitude>
					<heading>130.00</heading>
					<tilt>72.0</tilt>
					<roll>0</roll>
					<altitudeMode>relativeToGround</altitudeMode>
				</Camera>
			</gx:FlyTo>
			<gx:FlyTo>
				<gx:duration>0.61</gx:duration>
				<gx:flyToMode>smooth</gx:flyToMode>
				<Camera>
					<longitude>-122.2692350599</longitude>
					<latitude>37.8669999364</latitude>
					<altitude>38.0</altitude>
					<heading>140.00</heading>
					<tilt>72.0</tilt>
					<roll>0</roll>
					<altitudeMode>relativeToGround</altitudeMode>
				</Camera>
			</gx:FlyTo>
			<gx:FlyTo>
				<gx:duration>0.61</gx:duration>
				<gx:flyToMode>smooth</gx:flyToMode>
				<Camera>
					<longitude>-122.2690317592</longitude>
					<latitude>37.8671123163</latitude>
					<altitude>38.0</altitude>
					<heading>150.00</heading>
					<tilt>72.0</tilt>
					<roll>0</roll>
					<altitudeMode>relativeToGround</altitudeMode>
				</Camera>
			</gx:FlyTo>
			<gx:FlyTo>
				<gx:duration>0.61</gx:duration>
				<gx:flyToMode>smooth</gx:flyToMode>
				<Camera>
					<longitude>-122.2688068278</longitude>
					<latitude>37.8671951192</latitude>
					<altitude>38.0</altitude>
					<heading>160.00</heading>
					<tilt>72.0</tilt>
					<roll>0</roll>
					<altitudeMode>relativeToGround</altitudeMode>
				</Camera>
			</gx:FlyTo>
			<gx:FlyTo>
				<gx:duration>0.61</gx:duration>
				<gx:flyToMode>smooth</gx:flyToMode>
				<Camera>
					<longitude>-122.2685671002</longitude>
					<latitude>37.8672458291</latitude>
					<altitude>38.0</altitude>
					<heading>170.00</heading>
					<tilt>72.0</tilt>
					<roll>0</roll>
					<altitudeMode>relativeToGround</altitudeMode>
				</Camera>
			</gx:FlyTo>
			<gx:FlyTo>
				<gx:duration>0.61</gx:duration>
				<gx:flyToMode>smooth</gx:flyToMode>
				<Camera>
					<longitude>-122.2683198602</longitude>
					<latitude>37.8672629054</latitude>
					<altitude>38.0</altitude>
					<heading>180.00</heading>
					<tilt>72.0</tilt>
					<roll>0</roll>
					<altitudeMode>relativeToGround</altitudeMode>
				</Camera>
			</gx:FlyTo>
			<gx:FlyTo>
				<gx:duration>0.61</gx:duration>
				<gx:flyToMode>smooth</gx:flyToMode>
				<Camera>
					<longitude>-122.2680726203</longitude>
					<latitude>37.8672458291</latitude>
					<altitude>38.0</altitude>
					<heading>190.00</heading>
					<tilt>72.0</tilt>
					<roll>0</roll>
					<altitudeMode>relativeToGround</altitudeMode>
				</Camera>
			</gx:FlyTo>
			<gx:FlyTo>
				<gx:duration>0.61</gx:duration>
				<gx:flyToMode>smooth</gx:flyToMode>
				<Camera>
					<longitude>-122.2678328927</longitude>
					<latitude>37.8671951192</latitude>
					<altitude>38.0</altitude>
					<heading>200.00</heading>
					<tilt>72.0</tilt>
					<roll>0</roll>
					<altitudeMode>relativeToGround</altitudeMode>
				</Camera>
			</gx:FlyTo>
			<gx:FlyTo>
				<gx:duration>0.61</gx:duration>
				<gx:flyToMode>smooth</gx:flyToMode>
				<Camera>
					<longitude>-122.2676079613</longitude>
					<latitude>37.8671123163</latitude>
					<altitude>38.0</altitude>
					<heading>210.00</heading>
					<tilt>72.0</tilt>
					<roll>0</roll>
					<altitudeMode>relativeToGround</altitudeMode>
				</Camera>
			</gx:FlyTo>
			<gx:FlyTo>
				<gx:duration>0.61</gx:duration>
				<gx:flyToMode>smooth</gx:flyToMode>
				<Camera>
					<longitude>-122.2674046606</longitude>
					<latitude>37.8669999364</latitude>
					<altitude>38.0</altitude>
					<heading>220.00</heading>
					<tilt>72.0</tilt>
					<roll>0</roll>
					<altitudeMode>relativeToGround</altitudeMode>
				</Camera>
			</gx:FlyTo>
			<gx:FlyTo>
				<gx:duration>0.61</gx:duration>
				<gx:flyToMode>smooth</gx:flyToMode>
				<Camera>
					<longitude>-122.2672291678</longitude>
					<latitude>37.8668613941</latitude>
					<altitude>38.0</altitude>
					<heading>230.00</heading>
					<tilt>72.0</tilt>
					<roll>0</roll>
					<altitudeMode>relativeToGround</altitudeMode>
				</Camera>
			</gx:FlyTo>
			<gx:FlyTo>
				<gx:duration>0.61</gx:duration>
				<gx:flyToMode>smooth</gx:flyToMode>
				<Camera>
					<longitude>-122.2670868151</longitude>
					<latitude>37.8667008990</latitude>
					<altitude>38.0</altitude>
					<heading>240.00</heading>
					<tilt>72.0</tilt>
					<roll>0</roll>
					<altitudeMode>relativeToGround</altitudeMode>
				</Camera>
			</gx:FlyTo>
			<gx:FlyTo>
				<gx:duration>0.61</gx:duration>
				<gx:flyToMode>smooth</gx:flyToMode>
				<Camera>
					<longitude>-122.2669819279</longitude>
					<latitude>37.8665233276</latitude>
					<altitude>38.0</altitude>
					<heading>250.00</heading>
					<tilt>72.0</tilt>
					<roll>0</roll>
					<altitudeMode>relativeToGround</altitudeMode>
				</Camera>
			</gx:FlyTo>
			<gx:FlyTo>
				<gx:duration>0.61</gx:duration>
				<gx:flyToMode>smooth</gx:flyToMode>
				<Camera>
					<longitude>-122.2669176931</longitude>
					<latitude>37.8663340753</latitude>
					<altitude>38.0</altitude>
					<heading>260.00</heading>
					<tilt>72.0</tilt>
					<roll>0</roll>
					<altitudeMode>relativeToGround</altitudeMode>
				</Camera>
			</gx:FlyTo>
			<gx:FlyTo>
				<gx:duration>0.61</gx:duration>
				<gx:flyToMode>smooth</gx:flyToMode>
				<Camera>
					<longitude>-122.2668960624</longitude>
					<latitude>37.8661388925</latitude>
					<altitude>38.0</altitude>
					<heading>270.00</heading>
					<tilt>72.0</tilt>
					<roll>0</roll>
					<altitudeMode>relativeToGround</altitudeMode>
				</Camera>
			</gx:FlyTo>
		</gx:Playlist>
	</gx:Tour>
	<name>Berkeley Housing Geometry · 2026-08-26 · 196 buildings · geom-3378dd2b2d20</name>
	<visibility>0</visibility>
	<open>1</open>
	<description>177 housing projects. Heights shown as stories × 3.5m. Generated 2026-05-03.</description>
	<atom:link rel="app" href="https://www.google.com/earth/about/versions/#earth-pro" title="Google Earth Pro 7.3.7.1155"></atom:link>
	<Style id="style_Application_Submitted_parcel">
		<LineStyle>
			<color>ff00ffff</color>
			<width>1.5</width>
		</LineStyle>
		<PolyStyle>
			<color>8000ffff</color>
		</PolyStyle>
	
		<LabelStyle><scale>5.0</scale></LabelStyle>
		<IconStyle><scale>0.4</scale><Icon><href>transparent-1x1.png</href></Icon><hotSpot x="0.5" y="0.5" xunits="fraction" yunits="fraction"/></IconStyle>
	</Style>
	<StyleMap id="style_Application_Submitted_parcel0">
		<Pair>
			<key>normal</key>
			<styleUrl>#style_Application_Submitted_parcel</styleUrl>
		</Pair>
		<Pair>
			<key>highlight</key>
			<styleUrl>#style_Application_Submitted_parcel3</styleUrl>
		</Pair>
	</StyleMap>
	<StyleMap id="style_Application_Submitted_parcel1">
		<Pair>
			<key>normal</key>
			<styleUrl>#style_Application_Submitted_parcel5</styleUrl>
		</Pair>
		<Pair>
			<key>highlight</key>
			<styleUrl>#style_Application_Submitted_parcel2</styleUrl>
		</Pair>
	</StyleMap>
	<Style id="style_Application_Submitted_parcel2">
		<LineStyle>
			<color>ff00ffff</color>
			<width>1.5</width>
		</LineStyle>
		<PolyStyle>
			<color>8000ffff</color>
		</PolyStyle>
	
		<LabelStyle><scale>5.0</scale></LabelStyle>
		<IconStyle><scale>0.4</scale><Icon><href>transparent-1x1.png</href></Icon><hotSpot x="0.5" y="0.5" xunits="fraction" yunits="fraction"/></IconStyle>
	</Style>
	<Style id="style_Application_Submitted_parcel3">
		<LineStyle>
			<color>ff00ffff</color>
			<width>1.5</width>
		</LineStyle>
		<PolyStyle>
			<color>8000ffff</color>
		</PolyStyle>
	
		<LabelStyle><scale>5.0</scale></LabelStyle>
		<IconStyle><scale>0.4</scale><Icon><href>transparent-1x1.png</href></Icon><hotSpot x="0.5" y="0.5" xunits="fraction" yunits="fraction"/></IconStyle>
	</Style>
	<StyleMap id="style_Application_Submitted_parcel40">
		<Pair>
			<key>normal</key>
			<styleUrl>#style_Application_Submitted_parcel44</styleUrl>
		</Pair>
		<Pair>
			<key>highlight</key>
			<styleUrl>#style_Application_Submitted_parcel4</styleUrl>
		</Pair>
	</StyleMap>
	<Style id="style_Application_Submitted_parcel41">
		<LineStyle>
			<color>ff00ffff</color>
			<width>1.5</width>
		</LineStyle>
		<PolyStyle>
			<color>8000ffff</color>
		</PolyStyle>
	
		<LabelStyle><scale>5.0</scale></LabelStyle>
		<IconStyle><scale>0.4</scale><Icon><href>transparent-1x1.png</href></Icon><hotSpot x="0.5" y="0.5" xunits="fraction" yunits="fraction"/></IconStyle>
	</Style>
	<Style id="style_Application_Submitted_parcel42">
		<LineStyle>
			<color>ff00ffff</color>
			<width>1.5</width>
		</LineStyle>
		<PolyStyle>
			<color>8000ffff</color>
		</PolyStyle>
	
		<LabelStyle><scale>5.0</scale></LabelStyle>
		<IconStyle><scale>0.4</scale><Icon><href>transparent-1x1.png</href></Icon><hotSpot x="0.5" y="0.5" xunits="fraction" yunits="fraction"/></IconStyle>
	</Style>
	<Style id="style_Application_Submitted_parcel48">
		<LineStyle>
			<color>ff00ffff</color>
			<width>1.5</width>
		</LineStyle>
		<PolyStyle>
			<color>8000ffff</color>
		</PolyStyle>
	
		<LabelStyle><scale>5.0</scale></LabelStyle>
		<IconStyle><scale>0.4</scale><Icon><href>transparent-1x1.png</href></Icon><hotSpot x="0.5" y="0.5" xunits="fraction" yunits="fraction"/></IconStyle>
	</Style>
	<StyleMap id="style_Application_Submitted_parcel43">
		<Pair>
			<key>normal</key>
			<styleUrl>#style_Application_Submitted_parcel45</styleUrl>
		</Pair>
		<Pair>
			<key>highlight</key>
			<styleUrl>#style_Application_Submitted_parcel42</styleUrl>
		</Pair>
	</StyleMap>
	<Style id="style_Application_Submitted_parcel44">
		<LineStyle>
			<color>ff00ffff</color>
			<width>1.5</width>
		</LineStyle>
		<PolyStyle>
			<color>8000ffff</color>
		</PolyStyle>
	
		<LabelStyle><scale>5.0</scale></LabelStyle>
		<IconStyle><scale>0.4</scale><Icon><href>transparent-1x1.png</href></Icon><hotSpot x="0.5" y="0.5" xunits="fraction" yunits="fraction"/></IconStyle>
	</Style>
	<Style id="style_Application_Submitted_parcel45">
		<LineStyle>
			<color>ff00ffff</color>
			<width>1.5</width>
		</LineStyle>
		<PolyStyle>
			<color>8000ffff</color>
		</PolyStyle>
	
		<LabelStyle><scale>5.0</scale></LabelStyle>
		<IconStyle><scale>0.4</scale><Icon><href>transparent-1x1.png</href></Icon><hotSpot x="0.5" y="0.5" xunits="fraction" yunits="fraction"/></IconStyle>
	</Style>
	<Style id="style_Application_Submitted_parcel46">
		<LineStyle>
			<color>ff00ffff</color>
			<width>1.5</width>
		</LineStyle>
		<PolyStyle>
			<color>8000ffff</color>
		</PolyStyle>
	
		<LabelStyle><scale>5.0</scale></LabelStyle>
		<IconStyle><scale>0.4</scale><Icon><href>transparent-1x1.png</href></Icon><hotSpot x="0.5" y="0.5" xunits="fraction" yunits="fraction"/></IconStyle>
	</Style>
	<Style id="style_Application_Submitted_parcel4">
		<LineStyle>
			<color>ff00ffff</color>
			<width>1.5</width>
		</LineStyle>
		<PolyStyle>
			<color>8000ffff</color>
		</PolyStyle>
	
		<LabelStyle><scale>5.0</scale></LabelStyle>
		<IconStyle><scale>0.4</scale><Icon><href>transparent-1x1.png</href></Icon><hotSpot x="0.5" y="0.5" xunits="fraction" yunits="fraction"/></IconStyle>
	</Style>
	<StyleMap id="style_Application_Submitted_parcel47">
		<Pair>
			<key>normal</key>
			<styleUrl>#style_Application_Submitted_parcel46</styleUrl>
		</Pair>
		<Pair>
			<key>highlight</key>
			<styleUrl>#style_Application_Submitted_parcel41</styleUrl>
		</Pair>
	</StyleMap>
	<Style id="style_Application_Submitted_parcel5">
		<LineStyle>
			<color>ff00ffff</color>
			<width>1.5</width>
		</LineStyle>
		<PolyStyle>
			<color>8000ffff</color>
		</PolyStyle>
	
		<LabelStyle><scale>5.0</scale></LabelStyle>
		<IconStyle><scale>0.4</scale><Icon><href>transparent-1x1.png</href></Icon><hotSpot x="0.5" y="0.5" xunits="fraction" yunits="fraction"/></IconStyle>
	</Style>
	<Style id="style_Application_Submitted_synthetic">
		<LineStyle>
			<color>ff00ffff</color>
		</LineStyle>
		<PolyStyle>
			<color>8000ffff</color>
		</PolyStyle>
	
		<LabelStyle><scale>5.0</scale></LabelStyle>
		<IconStyle><scale>0.4</scale><Icon><href>transparent-1x1.png</href></Icon><hotSpot x="0.5" y="0.5" xunits="fraction" yunits="fraction"/></IconStyle>
	</Style>
	<StyleMap id="style_Completed_parcel">
		<Pair>
			<key>normal</key>
			<styleUrl>#style_Completed_parcel4</styleUrl>
		</Pair>
		<Pair>
			<key>highlight</key>
			<styleUrl>#style_Completed_parcel5</styleUrl>
		</Pair>
	</StyleMap>
	<StyleMap id="style_Completed_parcel03">
		<Pair>
			<key>normal</key>
			<styleUrl>#style_Completed_parcel05</styleUrl>
		</Pair>
		<Pair>
			<key>highlight</key>
			<styleUrl>#style_Completed_parcel08</styleUrl>
		</Pair>
	</StyleMap>
	<StyleMap id="style_Completed_parcel04">
		<Pair>
			<key>normal</key>
			<styleUrl>#style_Completed_parcel00</styleUrl>
		</Pair>
		<Pair>
			<key>highlight</key>
			<styleUrl>#style_Completed_parcel02</styleUrl>
		</Pair>
	</StyleMap>
	<Style id="style_Completed_parcel00">
		<LineStyle>
			<color>ffd500e0</color>
			<width>2.5</width>
		</LineStyle>
		<PolyStyle>
			<color>80e800cd</color>
		</PolyStyle>
	
		<LabelStyle><scale>5.0</scale></LabelStyle>
		<IconStyle><scale>0.4</scale><Icon><href>transparent-1x1.png</href></Icon><hotSpot x="0.5" y="0.5" xunits="fraction" yunits="fraction"/></IconStyle>
	</Style>
	<Style id="style_Completed_parcel08">
		<LineStyle>
			<color>ff53c800</color>
			<width>1.5</width>
		</LineStyle>
		<PolyStyle>
			<color>8053c800</color>
		</PolyStyle>
	
		<LabelStyle><scale>5.0</scale></LabelStyle>
		<IconStyle><scale>0.4</scale><Icon><href>transparent-1x1.png</href></Icon><hotSpot x="0.5" y="0.5" xunits="fraction" yunits="fraction"/></IconStyle>
	</Style>
	<Style id="style_Completed_parcel01">
		<LineStyle>
			<color>ff931b73</color>
			<width>2.5</width>
		</LineStyle>
		<PolyStyle>
			<color>80a5328f</color>
		</PolyStyle>
	
		<LabelStyle><scale>5.0</scale></LabelStyle>
		<IconStyle><scale>0.4</scale><Icon><href>transparent-1x1.png</href></Icon><hotSpot x="0.5" y="0.5" xunits="fraction" yunits="fraction"/></IconStyle>
	</Style>
	<Style id="style_Completed_parcel02">
		<LineStyle>
			<color>ffd500e0</color>
			<width>2.5</width>
		</LineStyle>
		<PolyStyle>
			<color>80e800cd</color>
		</PolyStyle>
	
		<LabelStyle><scale>5.0</scale></LabelStyle>
		<IconStyle><scale>0.4</scale><Icon><href>transparent-1x1.png</href></Icon><hotSpot x="0.5" y="0.5" xunits="fraction" yunits="fraction"/></IconStyle>
	</Style>
	<Style id="style_Completed_parcel05">
		<LineStyle>
			<color>ff53c800</color>
			<width>1.5</width>
		</LineStyle>
		<PolyStyle>
			<color>8053c800</color>
		</PolyStyle>
	
		<LabelStyle><scale>5.0</scale></LabelStyle>
		<IconStyle><scale>0.4</scale><Icon><href>transparent-1x1.png</href></Icon><hotSpot x="0.5" y="0.5" xunits="fraction" yunits="fraction"/></IconStyle>
	</Style>
	<Style id="style_Completed_parcel06">
		<LineStyle>
			<color>ff931b73</color>
			<width>2.5</width>
		</LineStyle>
		<PolyStyle>
			<color>80a5328f</color>
		</PolyStyle>
	
		<LabelStyle><scale>5.0</scale></LabelStyle>
		<IconStyle><scale>0.4</scale><Icon><href>transparent-1x1.png</href></Icon><hotSpot x="0.5" y="0.5" xunits="fraction" yunits="fraction"/></IconStyle>
	</Style>
	<Style id="style_Completed_parcel0">
		<LineStyle>
			<color>ff53c800</color>
			<width>1.5</width>
		</LineStyle>
		<PolyStyle>
			<color>8053c800</color>
		</PolyStyle>
	
		<LabelStyle><scale>5.0</scale></LabelStyle>
		<IconStyle><scale>0.4</scale><Icon><href>transparent-1x1.png</href></Icon><hotSpot x="0.5" y="0.5" xunits="fraction" yunits="fraction"/></IconStyle>
	</Style>
	<StyleMap id="style_Completed_parcel07">
		<Pair>
			<key>normal</key>
			<styleUrl>#style_Completed_parcel01</styleUrl>
		</Pair>
		<Pair>
			<key>highlight</key>
			<styleUrl>#style_Completed_parcel06</styleUrl>
		</Pair>
	</StyleMap>
	<StyleMap id="style_Completed_parcel1">
		<Pair>
			<key>normal</key>
			<styleUrl>#style_Completed_parcel2</styleUrl>
		</Pair>
		<Pair>
			<key>highlight</key>
			<styleUrl>#style_Completed_parcel3</styleUrl>
		</Pair>
	</StyleMap>
	<Style id="style_Completed_parcel2">
		<LineStyle>
			<color>ff53c800</color>
			<width>1.5</width>
		</LineStyle>
		<PolyStyle>
			<color>8053c800</color>
		</PolyStyle>
	
		<LabelStyle><scale>5.0</scale></LabelStyle>
		<IconStyle><scale>0.4</scale><Icon><href>transparent-1x1.png</href></Icon><hotSpot x="0.5" y="0.5" xunits="fraction" yunits="fraction"/></IconStyle>
	</Style>
	<Style id="style_Completed_parcel3">
		<LineStyle>
			<color>ff53c800</color>
			<width>1.5</width>
		</LineStyle>
		<PolyStyle>
			<color>8053c800</color>
		</PolyStyle>
	
		<LabelStyle><scale>5.0</scale></LabelStyle>
		<IconStyle><scale>0.4</scale><Icon><href>transparent-1x1.png</href></Icon><hotSpot x="0.5" y="0.5" xunits="fraction" yunits="fraction"/></IconStyle>
	</Style>
	<Style id="style_Completed_parcel4">
		<LineStyle>
			<color>ff53c800</color>
			<width>1.5</width>
		</LineStyle>
		<PolyStyle>
			<color>8053c800</color>
		</PolyStyle>
	
		<LabelStyle><scale>5.0</scale></LabelStyle>
		<IconStyle><scale>0.4</scale><Icon><href>transparent-1x1.png</href></Icon><hotSpot x="0.5" y="0.5" xunits="fraction" yunits="fraction"/></IconStyle>
	</Style>
	<Style id="style_Completed_parcel5">
		<LineStyle>
			<color>ff53c800</color>
			<width>1.5</width>
		</LineStyle>
		<PolyStyle>
			<color>8053c800</color>
		</PolyStyle>
	
		<LabelStyle><scale>5.0</scale></LabelStyle>
		<IconStyle><scale>0.4</scale><Icon><href>transparent-1x1.png</href></Icon><hotSpot x="0.5" y="0.5" xunits="fraction" yunits="fraction"/></IconStyle>
	</Style>
	<Style id="style_Completed_synthetic">
		<LineStyle>
			<color>ff53c800</color>
		</LineStyle>
		<PolyStyle>
			<color>8053c800</color>
		</PolyStyle>
	
		<LabelStyle><scale>5.0</scale></LabelStyle>
		<IconStyle><scale>0.4</scale><Icon><href>transparent-1x1.png</href></Icon><hotSpot x="0.5" y="0.5" xunits="fraction" yunits="fraction"/></IconStyle>
	</Style>
	<Style id="style_Completed_synthetic0">
		<LineStyle>
			<color>ff53c800</color>
		</LineStyle>
		<PolyStyle>
			<color>8053c800</color>
		</PolyStyle>
	
		<LabelStyle><scale>5.0</scale></LabelStyle>
		<IconStyle><scale>0.4</scale><Icon><href>transparent-1x1.png</href></Icon><hotSpot x="0.5" y="0.5" xunits="fraction" yunits="fraction"/></IconStyle>
	</Style>
	<StyleMap id="style_Completed_synthetic1">
		<Pair>
			<key>normal</key>
			<styleUrl>#style_Completed_synthetic</styleUrl>
		</Pair>
		<Pair>
			<key>highlight</key>
			<styleUrl>#style_Completed_synthetic0</styleUrl>
		</Pair>
	</StyleMap>
	<StyleMap id="style_Decision_Pending_parcel">
		<Pair>
			<key>normal</key>
			<styleUrl>#style_Decision_Pending_parcel0</styleUrl>
		</Pair>
		<Pair>
			<key>highlight</key>
			<styleUrl>#style_Decision_Pending_parcel3</styleUrl>
		</Pair>
	</StyleMap>
	<Style id="style_Decision_Pending_parcel0">
		<LineStyle>
			<color>ff00ffff</color>
			<width>1.5</width>
		</LineStyle>
		<PolyStyle>
			<color>8000ffff</color>
		</PolyStyle>
	
		<LabelStyle><scale>5.0</scale></LabelStyle>
		<IconStyle><scale>0.4</scale><Icon><href>transparent-1x1.png</href></Icon><hotSpot x="0.5" y="0.5" xunits="fraction" yunits="fraction"/></IconStyle>
	</Style>
	<StyleMap id="style_Decision_Pending_parcel00">
		<Pair>
			<key>normal</key>
			<styleUrl>#style_Decision_Pending_parcel2</styleUrl>
		</Pair>
		<Pair>
			<key>highlight</key>
			<styleUrl>#style_Decision_Pending_parcel1000</styleUrl>
		</Pair>
	</StyleMap>
	<StyleMap id="style_Decision_Pending_parcel1">
		<Pair>
			<key>normal</key>
			<styleUrl>#style_Decision_Pending_parcel12</styleUrl>
		</Pair>
		<Pair>
			<key>highlight</key>
			<styleUrl>#style_Decision_Pending_parcel11</styleUrl>
		</Pair>
	</StyleMap>
	<Style id="style_Decision_Pending_parcel105">
		<LineStyle>
			<color>ff00ffff</color>
			<width>1.5</width>
		</LineStyle>
		<PolyStyle>
			<color>8000ffff</color>
		</PolyStyle>
	
		<LabelStyle><scale>5.0</scale></LabelStyle>
		<IconStyle><scale>0.4</scale><Icon><href>transparent-1x1.png</href></Icon><hotSpot x="0.5" y="0.5" xunits="fraction" yunits="fraction"/></IconStyle>
	</Style>
	<Style id="style_Decision_Pending_parcel104">
		<LineStyle>
			<color>ff00ffff</color>
			<width>1.5</width>
		</LineStyle>
		<PolyStyle>
			<color>8000ffff</color>
		</PolyStyle>
	
		<LabelStyle><scale>5.0</scale></LabelStyle>
		<IconStyle><scale>0.4</scale><Icon><href>transparent-1x1.png</href></Icon><hotSpot x="0.5" y="0.5" xunits="fraction" yunits="fraction"/></IconStyle>
	</Style>
	<StyleMap id="style_Decision_Pending_parcel101">
		<Pair>
			<key>normal</key>
			<styleUrl>#style_Decision_Pending_parcel102</styleUrl>
		</Pair>
		<Pair>
			<key>highlight</key>
			<styleUrl>#style_Decision_Pending_parcel10</styleUrl>
		</Pair>
	</StyleMap>
	<Style id="style_Decision_Pending_parcel100">
		<LineStyle>
			<color>ff00ffff</color>
			<width>1.5</width>
		</LineStyle>
		<PolyStyle>
			<color>8000ffff</color>
		</PolyStyle>
	
		<LabelStyle><scale>5.0</scale></LabelStyle>
		<IconStyle><scale>0.4</scale><Icon><href>transparent-1x1.png</href></Icon><hotSpot x="0.5" y="0.5" xunits="fraction" yunits="fraction"/></IconStyle>
	</Style>
	<StyleMap id="style_Decision_Pending_parcel103">
		<Pair>
			<key>normal</key>
			<styleUrl>#style_Decision_Pending_parcel104</styleUrl>
		</Pair>
		<Pair>
			<key>highlight</key>
			<styleUrl>#style_Decision_Pending_parcel105</styleUrl>
		</Pair>
	</StyleMap>
	<Style id="style_Decision_Pending_parcel102">
		<LineStyle>
			<color>ff00ffff</color>
			<width>1.5</width>
		</LineStyle>
		<PolyStyle>
			<color>8000ffff</color>
		</PolyStyle>
	
		<LabelStyle><scale>5.0</scale></LabelStyle>
		<IconStyle><scale>0.4</scale><Icon><href>transparent-1x1.png</href></Icon><hotSpot x="0.5" y="0.5" xunits="fraction" yunits="fraction"/></IconStyle>
	</Style>
	<Style id="style_Decision_Pending_parcel10">
		<LineStyle>
			<color>ff00ffff</color>
			<width>1.5</width>
		</LineStyle>
		<PolyStyle>
			<color>8000ffff</color>
		</PolyStyle>
	
		<LabelStyle><scale>5.0</scale></LabelStyle>
		<IconStyle><scale>0.4</scale><Icon><href>transparent-1x1.png</href></Icon><hotSpot x="0.5" y="0.5" xunits="fraction" yunits="fraction"/></IconStyle>
	</Style>
	<Style id="style_Decision_Pending_parcel1000">
		<LineStyle>
			<color>ff00ffff</color>
			<width>1.5</width>
		</LineStyle>
		<PolyStyle>
			<color>8000ffff</color>
		</PolyStyle>
	
		<LabelStyle><scale>5.0</scale></LabelStyle>
		<IconStyle><scale>0.4</scale><Icon><href>transparent-1x1.png</href></Icon><hotSpot x="0.5" y="0.5" xunits="fraction" yunits="fraction"/></IconStyle>
	</Style>
	<Style id="style_Decision_Pending_parcel11">
		<LineStyle>
			<color>ff00ffff</color>
			<width>1.5</width>
		</LineStyle>
		<PolyStyle>
			<color>8000ffff</color>
		</PolyStyle>
	
		<LabelStyle><scale>5.0</scale></LabelStyle>
		<IconStyle><scale>0.4</scale><Icon><href>transparent-1x1.png</href></Icon><hotSpot x="0.5" y="0.5" xunits="fraction" yunits="fraction"/></IconStyle>
	</Style>
	<Style id="style_Decision_Pending_parcel12">
		<LineStyle>
			<color>ff00ffff</color>
			<width>1.5</width>
		</LineStyle>
		<PolyStyle>
			<color>8000ffff</color>
		</PolyStyle>
	
		<LabelStyle><scale>5.0</scale></LabelStyle>
		<IconStyle><scale>0.4</scale><Icon><href>transparent-1x1.png</href></Icon><hotSpot x="0.5" y="0.5" xunits="fraction" yunits="fraction"/></IconStyle>
	</Style>
	<Style id="style_Decision_Pending_parcel2">
		<LineStyle>
			<color>ff00ffff</color>
			<width>1.5</width>
		</LineStyle>
		<PolyStyle>
			<color>8000ffff</color>
		</PolyStyle>
	
		<LabelStyle><scale>5.0</scale></LabelStyle>
		<IconStyle><scale>0.4</scale><Icon><href>transparent-1x1.png</href></Icon><hotSpot x="0.5" y="0.5" xunits="fraction" yunits="fraction"/></IconStyle>
	</Style>
	<Style id="style_Decision_Pending_parcel3">
		<LineStyle>
			<color>ff00ffff</color>
			<width>1.5</width>
		</LineStyle>
		<PolyStyle>
			<color>8000ffff</color>
		</PolyStyle>
	
		<LabelStyle><scale>5.0</scale></LabelStyle>
		<IconStyle><scale>0.4</scale><Icon><href>transparent-1x1.png</href></Icon><hotSpot x="0.5" y="0.5" xunits="fraction" yunits="fraction"/></IconStyle>
	</Style>
	<Style id="style_Entitled_footprint">
		<LineStyle>
			<color>ff0080ff</color>
			<width>2.5</width>
		</LineStyle>
		<PolyStyle>
			<color>800080ff</color>
		</PolyStyle>
	
		<LabelStyle><scale>5.0</scale></LabelStyle>
		<IconStyle><scale>0.4</scale><Icon><href>transparent-1x1.png</href></Icon><hotSpot x="0.5" y="0.5" xunits="fraction" yunits="fraction"/></IconStyle>
	</Style>
	<Style id="style_Entitled_footprint0">
		<LineStyle>
			<color>ff0080ff</color>
			<width>2.5</width>
		</LineStyle>
		<PolyStyle>
			<color>800080ff</color>
		</PolyStyle>
	
		<LabelStyle><scale>5.0</scale></LabelStyle>
		<IconStyle><scale>0.4</scale><Icon><href>transparent-1x1.png</href></Icon><hotSpot x="0.5" y="0.5" xunits="fraction" yunits="fraction"/></IconStyle>
	</Style>
	<Style id="style_Entitled_footprint00">
		<LineStyle>
			<color>ff0080ff</color>
			<width>2.5</width>
		</LineStyle>
		<PolyStyle>
			<color>800080ff</color>
		</PolyStyle>
	
		<LabelStyle><scale>5.0</scale></LabelStyle>
		<IconStyle><scale>0.4</scale><Icon><href>transparent-1x1.png</href></Icon><hotSpot x="0.5" y="0.5" xunits="fraction" yunits="fraction"/></IconStyle>
	</Style>
	<StyleMap id="style_Entitled_footprint1">
		<Pair>
			<key>normal</key>
			<styleUrl>#style_Entitled_footprint20</styleUrl>
		</Pair>
		<Pair>
			<key>highlight</key>
			<styleUrl>#style_Entitled_footprint00</styleUrl>
		</Pair>
	</StyleMap>
	<StyleMap id="style_Entitled_footprint10">
		<Pair>
			<key>normal</key>
			<styleUrl>#style_Entitled_footprint2</styleUrl>
		</Pair>
		<Pair>
			<key>highlight</key>
			<styleUrl>#style_Entitled_footprint0</styleUrl>
		</Pair>
	</StyleMap>
	<Style id="style_Entitled_footprint2">
		<LineStyle>
			<color>ff0080ff</color>
			<width>2.5</width>
		</LineStyle>
		<PolyStyle>
			<color>800080ff</color>
		</PolyStyle>
	
		<LabelStyle><scale>5.0</scale></LabelStyle>
		<IconStyle><scale>0.4</scale><Icon><href>transparent-1x1.png</href></Icon><hotSpot x="0.5" y="0.5" xunits="fraction" yunits="fraction"/></IconStyle>
	</Style>
	<Style id="style_Entitled_footprint20">
		<LineStyle>
			<color>ff0080ff</color>
			<width>2.5</width>
		</LineStyle>
		<PolyStyle>
			<color>800080ff</color>
		</PolyStyle>
	
		<LabelStyle><scale>5.0</scale></LabelStyle>
		<IconStyle><scale>0.4</scale><Icon><href>transparent-1x1.png</href></Icon><hotSpot x="0.5" y="0.5" xunits="fraction" yunits="fraction"/></IconStyle>
	</Style>
	<Style id="style_Entitled_parcel">
		<LineStyle>
			<color>ff0080ff</color>
			<width>1.5</width>
		</LineStyle>
		<PolyStyle>
			<color>800080ff</color>
		</PolyStyle>
	
		<LabelStyle><scale>5.0</scale></LabelStyle>
		<IconStyle><scale>0.4</scale><Icon><href>transparent-1x1.png</href></Icon><hotSpot x="0.5" y="0.5" xunits="fraction" yunits="fraction"/></IconStyle>
	</Style>
	<Style id="style_Entitled_parcel0">
		<LineStyle>
			<color>ff0080ff</color>
			<width>1.5</width>
		</LineStyle>
		<PolyStyle>
			<color>800080ff</color>
		</PolyStyle>
	
		<LabelStyle><scale>5.0</scale></LabelStyle>
		<IconStyle><scale>0.4</scale><Icon><href>transparent-1x1.png</href></Icon><hotSpot x="0.5" y="0.5" xunits="fraction" yunits="fraction"/></IconStyle>
	</Style>
	<StyleMap id="style_Entitled_parcel1">
		<Pair>
			<key>normal</key>
			<styleUrl>#style_Entitled_parcel8</styleUrl>
		</Pair>
		<Pair>
			<key>highlight</key>
			<styleUrl>#style_Entitled_parcel3</styleUrl>
		</Pair>
	</StyleMap>
	<StyleMap id="style_Entitled_parcel2">
		<Pair>
			<key>normal</key>
			<styleUrl>#style_Entitled_parcel7</styleUrl>
		</Pair>
		<Pair>
			<key>highlight</key>
			<styleUrl>#style_Entitled_parcel0</styleUrl>
		</Pair>
	</StyleMap>
	<Style id="style_Entitled_parcel3">
		<LineStyle>
			<color>ff0080ff</color>
			<width>1.5</width>
		</LineStyle>
		<PolyStyle>
			<color>800080ff</color>
		</PolyStyle>
	
		<LabelStyle><scale>5.0</scale></LabelStyle>
		<IconStyle><scale>0.4</scale><Icon><href>transparent-1x1.png</href></Icon><hotSpot x="0.5" y="0.5" xunits="fraction" yunits="fraction"/></IconStyle>
	</Style>
	<Style id="style_Entitled_parcel4">
		<LineStyle>
			<color>ff0080ff</color>
			<width>1.5</width>
		</LineStyle>
		<PolyStyle>
			<color>800080ff</color>
		</PolyStyle>
	
		<LabelStyle><scale>5.0</scale></LabelStyle>
		<IconStyle><scale>0.4</scale><Icon><href>transparent-1x1.png</href></Icon><hotSpot x="0.5" y="0.5" xunits="fraction" yunits="fraction"/></IconStyle>
	</Style>
	<StyleMap id="style_Entitled_parcel5">
		<Pair>
			<key>normal</key>
			<styleUrl>#style_Entitled_parcel4</styleUrl>
		</Pair>
		<Pair>
			<key>highlight</key>
			<styleUrl>#style_Entitled_parcel</styleUrl>
		</Pair>
	</StyleMap>
	<Style id="style_Entitled_parcel6">
		<LineStyle>
			<color>ff0080ff</color>
			<width>1.5</width>
		</LineStyle>
		<PolyStyle>
			<color>590080ff</color>
		</PolyStyle>
	
		<LabelStyle><scale>5.0</scale></LabelStyle>
		<IconStyle><scale>0.4</scale><Icon><href>transparent-1x1.png</href></Icon><hotSpot x="0.5" y="0.5" xunits="fraction" yunits="fraction"/></IconStyle>
	</Style>
	<Style id="style_Entitled_parcel60">
		<LineStyle>
			<color>ff0080ff</color>
			<width>1.5</width>
		</LineStyle>
		<PolyStyle>
			<color>590080ff</color>
		</PolyStyle>
	
		<LabelStyle><scale>5.0</scale></LabelStyle>
		<IconStyle><scale>0.4</scale><Icon><href>transparent-1x1.png</href></Icon><hotSpot x="0.5" y="0.5" xunits="fraction" yunits="fraction"/></IconStyle>
	</Style>
	<Style id="style_Entitled_parcel61">
		<LineStyle>
			<color>ff0080ff</color>
			<width>1.5</width>
		</LineStyle>
		<PolyStyle>
			<color>800080ff</color>
		</PolyStyle>
	
		<LabelStyle><scale>5.0</scale></LabelStyle>
		<IconStyle><scale>0.4</scale><Icon><href>transparent-1x1.png</href></Icon><hotSpot x="0.5" y="0.5" xunits="fraction" yunits="fraction"/></IconStyle>
	</Style>
	<StyleMap id="style_Entitled_parcel61014">
		<Pair>
			<key>normal</key>
			<styleUrl>#style_Entitled_parcel6100</styleUrl>
		</Pair>
		<Pair>
			<key>highlight</key>
			<styleUrl>#style_Entitled_parcel6104</styleUrl>
		</Pair>
	</StyleMap>
	<Style id="style_Entitled_parcel6109">
		<LineStyle>
			<color>ff0080ff</color>
			<width>1.5</width>
		</LineStyle>
		<PolyStyle>
			<color>800080ff</color>
		</PolyStyle>
	
		<LabelStyle><scale>5.0</scale></LabelStyle>
		<IconStyle><scale>0.4</scale><Icon><href>transparent-1x1.png</href></Icon><hotSpot x="0.5" y="0.5" xunits="fraction" yunits="fraction"/></IconStyle>
	</Style>
	<Style id="style_Entitled_parcel6106">
		<LineStyle>
			<color>ff0080ff</color>
			<width>1.5</width>
		</LineStyle>
		<PolyStyle>
			<color>800080ff</color>
		</PolyStyle>
	
		<LabelStyle><scale>5.0</scale></LabelStyle>
		<IconStyle><scale>0.4</scale><Icon><href>transparent-1x1.png</href></Icon><hotSpot x="0.5" y="0.5" xunits="fraction" yunits="fraction"/></IconStyle>
	</Style>
	<Style id="style_Entitled_parcel61010">
		<LineStyle>
			<color>ff0080ff</color>
			<width>1.5</width>
		</LineStyle>
		<PolyStyle>
			<color>800080ff</color>
		</PolyStyle>
	
		<LabelStyle><scale>5.0</scale></LabelStyle>
		<IconStyle><scale>0.4</scale><Icon><href>transparent-1x1.png</href></Icon><hotSpot x="0.5" y="0.5" xunits="fraction" yunits="fraction"/></IconStyle>
	</Style>
	<Style id="style_Entitled_parcel6108">
		<LineStyle>
			<color>ff0080ff</color>
			<width>1.5</width>
		</LineStyle>
		<PolyStyle>
			<color>800080ff</color>
		</PolyStyle>
	
		<LabelStyle><scale>5.0</scale></LabelStyle>
		<IconStyle><scale>0.4</scale><Icon><href>transparent-1x1.png</href></Icon><hotSpot x="0.5" y="0.5" xunits="fraction" yunits="fraction"/></IconStyle>
	</Style>
	<Style id="style_Entitled_parcel6104">
		<LineStyle>
			<color>ff0080ff</color>
			<width>1.5</width>
		</LineStyle>
		<PolyStyle>
			<color>800080ff</color>
		</PolyStyle>
	
		<LabelStyle><scale>5.0</scale></LabelStyle>
		<IconStyle><scale>0.4</scale><Icon><href>transparent-1x1.png</href></Icon><hotSpot x="0.5" y="0.5" xunits="fraction" yunits="fraction"/></IconStyle>
	</Style>
	<Style id="style_Entitled_parcel6107">
		<LineStyle>
			<color>ff0080ff</color>
			<width>1.5</width>
		</LineStyle>
		<PolyStyle>
			<color>800080ff</color>
		</PolyStyle>
	
		<LabelStyle><scale>5.0</scale></LabelStyle>
		<IconStyle><scale>0.4</scale><Icon><href>transparent-1x1.png</href></Icon><hotSpot x="0.5" y="0.5" xunits="fraction" yunits="fraction"/></IconStyle>
	</Style>
	<StyleMap id="style_Entitled_parcel61011">
		<Pair>
			<key>normal</key>
			<styleUrl>#style_Entitled_parcel6109</styleUrl>
		</Pair>
		<Pair>
			<key>highlight</key>
			<styleUrl>#style_Entitled_parcel61013</styleUrl>
		</Pair>
	</StyleMap>
	<StyleMap id="style_Entitled_parcel610">
		<Pair>
			<key>normal</key>
			<styleUrl>#style_Entitled_parcel6103</styleUrl>
		</Pair>
		<Pair>
			<key>highlight</key>
			<styleUrl>#style_Entitled_parcel6106</styleUrl>
		</Pair>
	</StyleMap>
	<Style id="style_Entitled_parcel6102">
		<LineStyle>
			<color>ff0080ff</color>
			<width>1.5</width>
		</LineStyle>
		<PolyStyle>
			<color>800080ff</color>
		</PolyStyle>
	
		<LabelStyle><scale>5.0</scale></LabelStyle>
		<IconStyle><scale>0.4</scale><Icon><href>transparent-1x1.png</href></Icon><hotSpot x="0.5" y="0.5" xunits="fraction" yunits="fraction"/></IconStyle>
	</Style>
	<StyleMap id="style_Entitled_parcel6105">
		<Pair>
			<key>normal</key>
			<styleUrl>#style_Entitled_parcel6102</styleUrl>
		</Pair>
		<Pair>
			<key>highlight</key>
			<styleUrl>#style_Entitled_parcel6101</styleUrl>
		</Pair>
	</StyleMap>
	<Style id="style_Entitled_parcel6101">
		<LineStyle>
			<color>ff0080ff</color>
			<width>1.5</width>
		</LineStyle>
		<PolyStyle>
			<color>800080ff</color>
		</PolyStyle>
	
		<LabelStyle><scale>5.0</scale></LabelStyle>
		<IconStyle><scale>0.4</scale><Icon><href>transparent-1x1.png</href></Icon><hotSpot x="0.5" y="0.5" xunits="fraction" yunits="fraction"/></IconStyle>
	</Style>
	<Style id="style_Entitled_parcel6100">
		<LineStyle>
			<color>ff0080ff</color>
			<width>1.5</width>
		</LineStyle>
		<PolyStyle>
			<color>800080ff</color>
		</PolyStyle>
	
		<LabelStyle><scale>5.0</scale></LabelStyle>
		<IconStyle><scale>0.4</scale><Icon><href>transparent-1x1.png</href></Icon><hotSpot x="0.5" y="0.5" xunits="fraction" yunits="fraction"/></IconStyle>
	</Style>
	<StyleMap id="style_Entitled_parcel61012">
		<Pair>
			<key>normal</key>
			<styleUrl>#style_Entitled_parcel6107</styleUrl>
		</Pair>
		<Pair>
			<key>highlight</key>
			<styleUrl>#style_Entitled_parcel6108</styleUrl>
		</Pair>
	</StyleMap>
	<Style id="style_Entitled_parcel61013">
		<LineStyle>
			<color>ff0080ff</color>
			<width>1.5</width>
		</LineStyle>
		<PolyStyle>
			<color>800080ff</color>
		</PolyStyle>
	
		<LabelStyle><scale>5.0</scale></LabelStyle>
		<IconStyle><scale>0.4</scale><Icon><href>transparent-1x1.png</href></Icon><hotSpot x="0.5" y="0.5" xunits="fraction" yunits="fraction"/></IconStyle>
	</Style>
	<Style id="style_Entitled_parcel6103">
		<LineStyle>
			<color>ff0080ff</color>
			<width>1.5</width>
		</LineStyle>
		<PolyStyle>
			<color>800080ff</color>
		</PolyStyle>
	
		<LabelStyle><scale>5.0</scale></LabelStyle>
		<IconStyle><scale>0.4</scale><Icon><href>transparent-1x1.png</href></Icon><hotSpot x="0.5" y="0.5" xunits="fraction" yunits="fraction"/></IconStyle>
	</Style>
	<Style id="style_Entitled_parcel611">
		<LineStyle>
			<color>ff0080ff</color>
			<width>1.5</width>
		</LineStyle>
		<PolyStyle>
			<color>800080ff</color>
		</PolyStyle>
	
		<LabelStyle><scale>5.0</scale></LabelStyle>
		<IconStyle><scale>0.4</scale><Icon><href>transparent-1x1.png</href></Icon><hotSpot x="0.5" y="0.5" xunits="fraction" yunits="fraction"/></IconStyle>
	</Style>
	<StyleMap id="style_Entitled_parcel612">
		<Pair>
			<key>normal</key>
			<styleUrl>#style_Entitled_parcel611</styleUrl>
		</Pair>
		<Pair>
			<key>highlight</key>
			<styleUrl>#style_Entitled_parcel61</styleUrl>
		</Pair>
	</StyleMap>
	<Style id="style_Entitled_parcel613">
		<LineStyle>
			<color>ff0080ff</color>
			<width>1.5</width>
		</LineStyle>
		<PolyStyle>
			<color>800080ff</color>
		</PolyStyle>
	
		<LabelStyle><scale>5.0</scale></LabelStyle>
		<IconStyle><scale>0.4</scale><Icon><href>transparent-1x1.png</href></Icon><hotSpot x="0.5" y="0.5" xunits="fraction" yunits="fraction"/></IconStyle>
	</Style>
	<Style id="style_Entitled_parcel614">
		<LineStyle>
			<color>ff0080ff</color>
			<width>1.5</width>
		</LineStyle>
		<PolyStyle>
			<color>800080ff</color>
		</PolyStyle>
	
		<LabelStyle><scale>5.0</scale></LabelStyle>
		<IconStyle><scale>0.4</scale><Icon><href>transparent-1x1.png</href></Icon><hotSpot x="0.5" y="0.5" xunits="fraction" yunits="fraction"/></IconStyle>
	</Style>
	<Style id="style_Entitled_parcel615">
		<LineStyle>
			<color>ff0080ff</color>
			<width>1.5</width>
		</LineStyle>
		<PolyStyle>
			<color>800080ff</color>
		</PolyStyle>
	
		<LabelStyle><scale>5.0</scale></LabelStyle>
		<IconStyle><scale>0.4</scale><Icon><href>transparent-1x1.png</href></Icon><hotSpot x="0.5" y="0.5" xunits="fraction" yunits="fraction"/></IconStyle>
	</Style>
	<Style id="style_Entitled_parcel616">
		<LineStyle>
			<color>ff0080ff</color>
			<width>1.5</width>
		</LineStyle>
		<PolyStyle>
			<color>800080ff</color>
		</PolyStyle>
	
		<LabelStyle><scale>5.0</scale></LabelStyle>
		<IconStyle><scale>0.4</scale><Icon><href>transparent-1x1.png</href></Icon><hotSpot x="0.5" y="0.5" xunits="fraction" yunits="fraction"/></IconStyle>
	</Style>
	<StyleMap id="style_Entitled_parcel617">
		<Pair>
			<key>normal</key>
			<styleUrl>#style_Entitled_parcel614</styleUrl>
		</Pair>
		<Pair>
			<key>highlight</key>
			<styleUrl>#style_Entitled_parcel613</styleUrl>
		</Pair>
	</StyleMap>
	<StyleMap id="style_Entitled_parcel618">
		<Pair>
			<key>normal</key>
			<styleUrl>#style_Entitled_parcel615</styleUrl>
		</Pair>
		<Pair>
			<key>highlight</key>
			<styleUrl>#style_Entitled_parcel616</styleUrl>
		</Pair>
	</StyleMap>
	<StyleMap id="style_Entitled_parcel62">
		<Pair>
			<key>normal</key>
			<styleUrl>#style_Entitled_parcel60</styleUrl>
		</Pair>
		<Pair>
			<key>highlight</key>
			<styleUrl>#style_Entitled_parcel6</styleUrl>
		</Pair>
	</StyleMap>
	<Style id="style_Entitled_parcel7">
		<LineStyle>
			<color>ff0080ff</color>
			<width>1.5</width>
		</LineStyle>
		<PolyStyle>
			<color>800080ff</color>
		</PolyStyle>
	
		<LabelStyle><scale>5.0</scale></LabelStyle>
		<IconStyle><scale>0.4</scale><Icon><href>transparent-1x1.png</href></Icon><hotSpot x="0.5" y="0.5" xunits="fraction" yunits="fraction"/></IconStyle>
	</Style>
	<Style id="style_Entitled_parcel8">
		<LineStyle>
			<color>ff0080ff</color>
			<width>1.5</width>
		</LineStyle>
		<PolyStyle>
			<color>800080ff</color>
		</PolyStyle>
	
		<LabelStyle><scale>5.0</scale></LabelStyle>
		<IconStyle><scale>0.4</scale><Icon><href>transparent-1x1.png</href></Icon><hotSpot x="0.5" y="0.5" xunits="fraction" yunits="fraction"/></IconStyle>
	</Style>
	<StyleMap id="style_Entitled_synthetic0">
		<Pair>
			<key>normal</key>
			<styleUrl>#style_Entitled_synthetic8</styleUrl>
		</Pair>
		<Pair>
			<key>highlight</key>
			<styleUrl>#style_Entitled_synthetic</styleUrl>
		</Pair>
	</StyleMap>
	<Style id="style_Entitled_synthetic5">
		<LineStyle>
			<color>ff0080ff</color>
		</LineStyle>
		<PolyStyle>
			<color>800080ff</color>
		</PolyStyle>
	
		<LabelStyle><scale>5.0</scale></LabelStyle>
		<IconStyle><scale>0.4</scale><Icon><href>transparent-1x1.png</href></Icon><hotSpot x="0.5" y="0.5" xunits="fraction" yunits="fraction"/></IconStyle>
	</Style>
	<Style id="style_Entitled_synthetic8">
		<LineStyle>
			<color>ff0080ff</color>
		</LineStyle>
		<PolyStyle>
			<color>800080ff</color>
		</PolyStyle>
	
		<LabelStyle><scale>5.0</scale></LabelStyle>
		<IconStyle><scale>0.4</scale><Icon><href>transparent-1x1.png</href></Icon><hotSpot x="0.5" y="0.5" xunits="fraction" yunits="fraction"/></IconStyle>
	</Style>
	<Style id="style_Entitled_synthetic7">
		<LineStyle>
			<color>ff0080ff</color>
		</LineStyle>
		<PolyStyle>
			<color>800080ff</color>
		</PolyStyle>
	
		<LabelStyle><scale>5.0</scale></LabelStyle>
		<IconStyle><scale>0.4</scale><Icon><href>transparent-1x1.png</href></Icon><hotSpot x="0.5" y="0.5" xunits="fraction" yunits="fraction"/></IconStyle>
	</Style>
	<StyleMap id="style_Entitled_synthetic6">
		<Pair>
			<key>normal</key>
			<styleUrl>#style_Entitled_synthetic5</styleUrl>
		</Pair>
		<Pair>
			<key>highlight</key>
			<styleUrl>#style_Entitled_synthetic3</styleUrl>
		</Pair>
	</StyleMap>
	<Style id="style_Entitled_synthetic4">
		<LineStyle>
			<color>ff0080ff</color>
		</LineStyle>
		<PolyStyle>
			<color>800080ff</color>
		</PolyStyle>
	
		<LabelStyle><scale>5.0</scale></LabelStyle>
		<IconStyle><scale>0.4</scale><Icon><href>transparent-1x1.png</href></Icon><hotSpot x="0.5" y="0.5" xunits="fraction" yunits="fraction"/></IconStyle>
	</Style>
	<Style id="style_Entitled_synthetic">
		<LineStyle>
			<color>ff0080ff</color>
		</LineStyle>
		<PolyStyle>
			<color>800080ff</color>
		</PolyStyle>
	
		<LabelStyle><scale>5.0</scale></LabelStyle>
		<IconStyle><scale>0.4</scale><Icon><href>transparent-1x1.png</href></Icon><hotSpot x="0.5" y="0.5" xunits="fraction" yunits="fraction"/></IconStyle>
	</Style>
	<Style id="style_Entitled_synthetic2">
		<LineStyle>
			<color>ff0080ff</color>
		</LineStyle>
		<PolyStyle>
			<color>800080ff</color>
		</PolyStyle>
	
		<LabelStyle><scale>5.0</scale></LabelStyle>
		<IconStyle><scale>0.4</scale><Icon><href>transparent-1x1.png</href></Icon><hotSpot x="0.5" y="0.5" xunits="fraction" yunits="fraction"/></IconStyle>
	</Style>
	<StyleMap id="style_Entitled_synthetic1">
		<Pair>
			<key>normal</key>
			<styleUrl>#style_Entitled_synthetic7</styleUrl>
		</Pair>
		<Pair>
			<key>highlight</key>
			<styleUrl>#style_Entitled_synthetic2</styleUrl>
		</Pair>
	</StyleMap>
	<Style id="style_Entitled_synthetic3">
		<LineStyle>
			<color>ff0080ff</color>
		</LineStyle>
		<PolyStyle>
			<color>800080ff</color>
		</PolyStyle>
	
		<LabelStyle><scale>5.0</scale></LabelStyle>
		<IconStyle><scale>0.4</scale><Icon><href>transparent-1x1.png</href></Icon><hotSpot x="0.5" y="0.5" xunits="fraction" yunits="fraction"/></IconStyle>
	</Style>
	<StyleMap id="style_In_Review_parcel">
		<Pair>
			<key>normal</key>
			<styleUrl>#style_In_Review_parcel14</styleUrl>
		</Pair>
		<Pair>
			<key>highlight</key>
			<styleUrl>#style_In_Review_parcel0</styleUrl>
		</Pair>
	</StyleMap>
	<Style id="style_In_Review_parcel0">
		<LineStyle>
			<color>ff00ffff</color>
			<width>1.5</width>
		</LineStyle>
		<PolyStyle>
			<color>8000ffff</color>
		</PolyStyle>
	
		<LabelStyle><scale>5.0</scale></LabelStyle>
		<IconStyle><scale>0.4</scale><Icon><href>transparent-1x1.png</href></Icon><hotSpot x="0.5" y="0.5" xunits="fraction" yunits="fraction"/></IconStyle>
	</Style>
	<Style id="style_In_Review_parcel1">
		<LineStyle>
			<color>ff00ffff</color>
			<width>1.5</width>
		</LineStyle>
		<PolyStyle>
			<color>8000ffff</color>
		</PolyStyle>
	
		<LabelStyle><scale>5.0</scale></LabelStyle>
		<IconStyle><scale>0.4</scale><Icon><href>transparent-1x1.png</href></Icon><hotSpot x="0.5" y="0.5" xunits="fraction" yunits="fraction"/></IconStyle>
	</Style>
	<Style id="style_In_Review_parcel10">
		<LineStyle>
			<color>ff00ffff</color>
			<width>1.5</width>
		</LineStyle>
		<PolyStyle>
			<color>8000ffff</color>
		</PolyStyle>
	
		<LabelStyle><scale>5.0</scale></LabelStyle>
		<IconStyle><scale>0.4</scale><Icon><href>transparent-1x1.png</href></Icon><hotSpot x="0.5" y="0.5" xunits="fraction" yunits="fraction"/></IconStyle>
	</Style>
	<Style id="style_In_Review_parcel11">
		<LineStyle>
			<color>ff00ffff</color>
			<width>1.5</width>
		</LineStyle>
		<PolyStyle>
			<color>8000ffff</color>
		</PolyStyle>
	
		<LabelStyle><scale>5.0</scale></LabelStyle>
		<IconStyle><scale>0.4</scale><Icon><href>transparent-1x1.png</href></Icon><hotSpot x="0.5" y="0.5" xunits="fraction" yunits="fraction"/></IconStyle>
	</Style>
	<StyleMap id="style_In_Review_parcel12">
		<Pair>
			<key>normal</key>
			<styleUrl>#style_In_Review_parcel16</styleUrl>
		</Pair>
		<Pair>
			<key>highlight</key>
			<styleUrl>#style_In_Review_parcel10</styleUrl>
		</Pair>
	</StyleMap>
	<Style id="style_In_Review_parcel13">
		<LineStyle>
			<color>ff00ffff</color>
			<width>1.5</width>
		</LineStyle>
		<PolyStyle>
			<color>8000ffff</color>
		</PolyStyle>
	
		<LabelStyle><scale>5.0</scale></LabelStyle>
		<IconStyle><scale>0.4</scale><Icon><href>transparent-1x1.png</href></Icon><hotSpot x="0.5" y="0.5" xunits="fraction" yunits="fraction"/></IconStyle>
	</Style>
	<Style id="style_In_Review_parcel14">
		<LineStyle>
			<color>ff00ffff</color>
			<width>1.5</width>
		</LineStyle>
		<PolyStyle>
			<color>8000ffff</color>
		</PolyStyle>
	
		<LabelStyle><scale>5.0</scale></LabelStyle>
		<IconStyle><scale>0.4</scale><Icon><href>transparent-1x1.png</href></Icon><hotSpot x="0.5" y="0.5" xunits="fraction" yunits="fraction"/></IconStyle>
	</Style>
	<Style id="style_In_Review_parcel15">
		<LineStyle>
			<color>ff00ffff</color>
			<width>1.5</width>
		</LineStyle>
		<PolyStyle>
			<color>8000ffff</color>
		</PolyStyle>
	
		<LabelStyle><scale>5.0</scale></LabelStyle>
		<IconStyle><scale>0.4</scale><Icon><href>transparent-1x1.png</href></Icon><hotSpot x="0.5" y="0.5" xunits="fraction" yunits="fraction"/></IconStyle>
	</Style>
	<Style id="style_In_Review_parcel16">
		<LineStyle>
			<color>ff00ffff</color>
			<width>1.5</width>
		</LineStyle>
		<PolyStyle>
			<color>8000ffff</color>
		</PolyStyle>
	
		<LabelStyle><scale>5.0</scale></LabelStyle>
		<IconStyle><scale>0.4</scale><Icon><href>transparent-1x1.png</href></Icon><hotSpot x="0.5" y="0.5" xunits="fraction" yunits="fraction"/></IconStyle>
	</Style>
	<Style id="style_In_Review_parcel17">
		<LineStyle>
			<color>ff00ffff</color>
			<width>1.5</width>
		</LineStyle>
		<PolyStyle>
			<color>8000ffff</color>
		</PolyStyle>
	
		<LabelStyle><scale>5.0</scale></LabelStyle>
		<IconStyle><scale>0.4</scale><Icon><href>transparent-1x1.png</href></Icon><hotSpot x="0.5" y="0.5" xunits="fraction" yunits="fraction"/></IconStyle>
	</Style>
	<StyleMap id="style_In_Review_parcel2">
		<Pair>
			<key>normal</key>
			<styleUrl>#style_In_Review_parcel13</styleUrl>
		</Pair>
		<Pair>
			<key>highlight</key>
			<styleUrl>#style_In_Review_parcel8</styleUrl>
		</Pair>
	</StyleMap>
	<Style id="style_In_Review_parcel3">
		<LineStyle>
			<color>ff00ffff</color>
			<width>1.5</width>
		</LineStyle>
		<PolyStyle>
			<color>8000ffff</color>
		</PolyStyle>
	
		<LabelStyle><scale>5.0</scale></LabelStyle>
		<IconStyle><scale>0.4</scale><Icon><href>transparent-1x1.png</href></Icon><hotSpot x="0.5" y="0.5" xunits="fraction" yunits="fraction"/></IconStyle>
	</Style>
	<Style id="style_In_Review_parcel4">
		<LineStyle>
			<color>ff00ffff</color>
			<width>1.5</width>
		</LineStyle>
		<PolyStyle>
			<color>8000ffff</color>
		</PolyStyle>
	
		<LabelStyle><scale>5.0</scale></LabelStyle>
		<IconStyle><scale>0.4</scale><Icon><href>transparent-1x1.png</href></Icon><hotSpot x="0.5" y="0.5" xunits="fraction" yunits="fraction"/></IconStyle>
	</Style>
	<Style id="style_In_Review_parcel5">
		<LineStyle>
			<color>ff00ffff</color>
			<width>1.5</width>
		</LineStyle>
		<PolyStyle>
			<color>8000ffff</color>
		</PolyStyle>
	
		<LabelStyle><scale>5.0</scale></LabelStyle>
		<IconStyle><scale>0.4</scale><Icon><href>transparent-1x1.png</href></Icon><hotSpot x="0.5" y="0.5" xunits="fraction" yunits="fraction"/></IconStyle>
	</Style>
	<StyleMap id="style_In_Review_parcel50">
		<Pair>
			<key>normal</key>
			<styleUrl>#style_In_Review_parcel517</styleUrl>
		</Pair>
		<Pair>
			<key>highlight</key>
			<styleUrl>#style_In_Review_parcel57</styleUrl>
		</Pair>
	</StyleMap>
	<Style id="style_In_Review_parcel51">
		<LineStyle>
			<color>ff00ffff</color>
			<width>1.5</width>
		</LineStyle>
		<PolyStyle>
			<color>8000ffff</color>
		</PolyStyle>
	
		<LabelStyle><scale>5.0</scale></LabelStyle>
		<IconStyle><scale>0.4</scale><Icon><href>transparent-1x1.png</href></Icon><hotSpot x="0.5" y="0.5" xunits="fraction" yunits="fraction"/></IconStyle>
	</Style>
	<StyleMap id="style_In_Review_parcel510">
		<Pair>
			<key>normal</key>
			<styleUrl>#style_In_Review_parcel5</styleUrl>
		</Pair>
		<Pair>
			<key>highlight</key>
			<styleUrl>#style_In_Review_parcel56</styleUrl>
		</Pair>
	</StyleMap>
	<Style id="style_In_Review_parcel511">
		<LineStyle>
			<color>ff00ffff</color>
			<width>1.5</width>
		</LineStyle>
		<PolyStyle>
			<color>8000ffff</color>
		</PolyStyle>
	
		<LabelStyle><scale>5.0</scale></LabelStyle>
		<IconStyle><scale>0.4</scale><Icon><href>transparent-1x1.png</href></Icon><hotSpot x="0.5" y="0.5" xunits="fraction" yunits="fraction"/></IconStyle>
	</Style>
	<StyleMap id="style_In_Review_parcel512">
		<Pair>
			<key>normal</key>
			<styleUrl>#style_In_Review_parcel511</styleUrl>
		</Pair>
		<Pair>
			<key>highlight</key>
			<styleUrl>#style_In_Review_parcel51</styleUrl>
		</Pair>
	</StyleMap>
	<Style id="style_In_Review_parcel513">
		<LineStyle>
			<color>ff00ffff</color>
			<width>1.5</width>
		</LineStyle>
		<PolyStyle>
			<color>8000ffff</color>
		</PolyStyle>
	
		<LabelStyle><scale>5.0</scale></LabelStyle>
		<IconStyle><scale>0.4</scale><Icon><href>transparent-1x1.png</href></Icon><hotSpot x="0.5" y="0.5" xunits="fraction" yunits="fraction"/></IconStyle>
	</Style>
	<Style id="style_In_Review_parcel514">
		<LineStyle>
			<color>ff00ffff</color>
			<width>1.5</width>
		</LineStyle>
		<PolyStyle>
			<color>8000ffff</color>
		</PolyStyle>
	
		<LabelStyle><scale>5.0</scale></LabelStyle>
		<IconStyle><scale>0.4</scale><Icon><href>transparent-1x1.png</href></Icon><hotSpot x="0.5" y="0.5" xunits="fraction" yunits="fraction"/></IconStyle>
	</Style>
	<StyleMap id="style_In_Review_parcel515">
		<Pair>
			<key>normal</key>
			<styleUrl>#style_In_Review_parcel53</styleUrl>
		</Pair>
		<Pair>
			<key>highlight</key>
			<styleUrl>#style_In_Review_parcel59</styleUrl>
		</Pair>
	</StyleMap>
	<Style id="style_In_Review_parcel516">
		<LineStyle>
			<color>ff00ffff</color>
			<width>1.5</width>
		</LineStyle>
		<PolyStyle>
			<color>8000ffff</color>
		</PolyStyle>
	
		<LabelStyle><scale>5.0</scale></LabelStyle>
		<IconStyle><scale>0.4</scale><Icon><href>transparent-1x1.png</href></Icon><hotSpot x="0.5" y="0.5" xunits="fraction" yunits="fraction"/></IconStyle>
	</Style>
	<Style id="style_In_Review_parcel517">
		<LineStyle>
			<color>ff00ffff</color>
			<width>1.5</width>
		</LineStyle>
		<PolyStyle>
			<color>8000ffff</color>
		</PolyStyle>
	
		<LabelStyle><scale>5.0</scale></LabelStyle>
		<IconStyle><scale>0.4</scale><Icon><href>transparent-1x1.png</href></Icon><hotSpot x="0.5" y="0.5" xunits="fraction" yunits="fraction"/></IconStyle>
	</Style>
	<Style id="style_In_Review_parcel52">
		<LineStyle>
			<color>ff00ffff</color>
			<width>1.5</width>
		</LineStyle>
		<PolyStyle>
			<color>8000ffff</color>
		</PolyStyle>
	
		<LabelStyle><scale>5.0</scale></LabelStyle>
		<IconStyle><scale>0.4</scale><Icon><href>transparent-1x1.png</href></Icon><hotSpot x="0.5" y="0.5" xunits="fraction" yunits="fraction"/></IconStyle>
	</Style>
	<Style id="style_In_Review_parcel53">
		<LineStyle>
			<color>ff00ffff</color>
			<width>1.5</width>
		</LineStyle>
		<PolyStyle>
			<color>8000ffff</color>
		</PolyStyle>
	
		<LabelStyle><scale>5.0</scale></LabelStyle>
		<IconStyle><scale>0.4</scale><Icon><href>transparent-1x1.png</href></Icon><hotSpot x="0.5" y="0.5" xunits="fraction" yunits="fraction"/></IconStyle>
	</Style>
	<StyleMap id="style_In_Review_parcel54">
		<Pair>
			<key>normal</key>
			<styleUrl>#style_In_Review_parcel516</styleUrl>
		</Pair>
		<Pair>
			<key>highlight</key>
			<styleUrl>#style_In_Review_parcel514</styleUrl>
		</Pair>
	</StyleMap>
	<StyleMap id="style_In_Review_parcel55">
		<Pair>
			<key>normal</key>
			<styleUrl>#style_In_Review_parcel513</styleUrl>
		</Pair>
		<Pair>
			<key>highlight</key>
			<styleUrl>#style_In_Review_parcel52</styleUrl>
		</Pair>
	</StyleMap>
	<Style id="style_In_Review_parcel56">
		<LineStyle>
			<color>ff00ffff</color>
			<width>1.5</width>
		</LineStyle>
		<PolyStyle>
			<color>8000ffff</color>
		</PolyStyle>
	
		<LabelStyle><scale>5.0</scale></LabelStyle>
		<IconStyle><scale>0.4</scale><Icon><href>transparent-1x1.png</href></Icon><hotSpot x="0.5" y="0.5" xunits="fraction" yunits="fraction"/></IconStyle>
	</Style>
	<Style id="style_In_Review_parcel57">
		<LineStyle>
			<color>ff00ffff</color>
			<width>1.5</width>
		</LineStyle>
		<PolyStyle>
			<color>8000ffff</color>
		</PolyStyle>
	
		<LabelStyle><scale>5.0</scale></LabelStyle>
		<IconStyle><scale>0.4</scale><Icon><href>transparent-1x1.png</href></Icon><hotSpot x="0.5" y="0.5" xunits="fraction" yunits="fraction"/></IconStyle>
	</Style>
	<Style id="style_In_Review_parcel58">
		<LineStyle>
			<color>ff00ffff</color>
			<width>1.5</width>
		</LineStyle>
		<PolyStyle>
			<color>8000ffff</color>
		</PolyStyle>
	
		<LabelStyle><scale>5.0</scale></LabelStyle>
		<IconStyle><scale>0.4</scale><Icon><href>transparent-1x1.png</href></Icon><hotSpot x="0.5" y="0.5" xunits="fraction" yunits="fraction"/></IconStyle>
	</Style>
	<StyleMap id="style_In_Review_parcel580">
		<Pair>
			<key>normal</key>
			<styleUrl>#style_In_Review_parcel5825</styleUrl>
		</Pair>
		<Pair>
			<key>highlight</key>
			<styleUrl>#style_In_Review_parcel5823</styleUrl>
		</Pair>
	</StyleMap>
	<Style id="style_In_Review_parcel581">
		<LineStyle>
			<color>ff00ffff</color>
			<width>1.5</width>
		</LineStyle>
		<PolyStyle>
			<color>8000ffff</color>
		</PolyStyle>
	
		<LabelStyle><scale>5.0</scale></LabelStyle>
		<IconStyle><scale>0.4</scale><Icon><href>transparent-1x1.png</href></Icon><hotSpot x="0.5" y="0.5" xunits="fraction" yunits="fraction"/></IconStyle>
	</Style>
	<StyleMap id="style_In_Review_parcel5810">
		<Pair>
			<key>normal</key>
			<styleUrl>#style_In_Review_parcel5815</styleUrl>
		</Pair>
		<Pair>
			<key>highlight</key>
			<styleUrl>#style_In_Review_parcel5812</styleUrl>
		</Pair>
	</StyleMap>
	<Style id="style_In_Review_parcel5811">
		<LineStyle>
			<color>ff00ffff</color>
			<width>1.5</width>
		</LineStyle>
		<PolyStyle>
			<color>8000ffff</color>
		</PolyStyle>
	
		<LabelStyle><scale>5.0</scale></LabelStyle>
		<IconStyle><scale>0.4</scale><Icon><href>transparent-1x1.png</href></Icon><hotSpot x="0.5" y="0.5" xunits="fraction" yunits="fraction"/></IconStyle>
	</Style>
	<Style id="style_In_Review_parcel5812">
		<LineStyle>
			<color>ff00ffff</color>
			<width>1.5</width>
		</LineStyle>
		<PolyStyle>
			<color>8000ffff</color>
		</PolyStyle>
	
		<LabelStyle><scale>5.0</scale></LabelStyle>
		<IconStyle><scale>0.4</scale><Icon><href>transparent-1x1.png</href></Icon><hotSpot x="0.5" y="0.5" xunits="fraction" yunits="fraction"/></IconStyle>
	</Style>
	<Style id="style_In_Review_parcel5813">
		<LineStyle>
			<color>ff00ffff</color>
			<width>1.5</width>
		</LineStyle>
		<PolyStyle>
			<color>8000ffff</color>
		</PolyStyle>
	
		<LabelStyle><scale>5.0</scale></LabelStyle>
		<IconStyle><scale>0.4</scale><Icon><href>transparent-1x1.png</href></Icon><hotSpot x="0.5" y="0.5" xunits="fraction" yunits="fraction"/></IconStyle>
	</Style>
	<Style id="style_In_Review_parcel5814">
		<LineStyle>
			<color>ff00ffff</color>
			<width>1.5</width>
		</LineStyle>
		<PolyStyle>
			<color>8000ffff</color>
		</PolyStyle>
	
		<LabelStyle><scale>5.0</scale></LabelStyle>
		<IconStyle><scale>0.4</scale><Icon><href>transparent-1x1.png</href></Icon><hotSpot x="0.5" y="0.5" xunits="fraction" yunits="fraction"/></IconStyle>
	</Style>
	<Style id="style_In_Review_parcel5815">
		<LineStyle>
			<color>ff00ffff</color>
			<width>1.5</width>
		</LineStyle>
		<PolyStyle>
			<color>8000ffff</color>
		</PolyStyle>
	
		<LabelStyle><scale>5.0</scale></LabelStyle>
		<IconStyle><scale>0.4</scale><Icon><href>transparent-1x1.png</href></Icon><hotSpot x="0.5" y="0.5" xunits="fraction" yunits="fraction"/></IconStyle>
	</Style>
	<Style id="style_In_Review_parcel5816">
		<LineStyle>
			<color>ff00ffff</color>
			<width>1.5</width>
		</LineStyle>
		<PolyStyle>
			<color>8000ffff</color>
		</PolyStyle>
	
		<LabelStyle><scale>5.0</scale></LabelStyle>
		<IconStyle><scale>0.4</scale><Icon><href>transparent-1x1.png</href></Icon><hotSpot x="0.5" y="0.5" xunits="fraction" yunits="fraction"/></IconStyle>
	</Style>
	<StyleMap id="style_In_Review_parcel5817">
		<Pair>
			<key>normal</key>
			<styleUrl>#style_In_Review_parcel5811</styleUrl>
		</Pair>
		<Pair>
			<key>highlight</key>
			<styleUrl>#style_In_Review_parcel587</styleUrl>
		</Pair>
	</StyleMap>
	<StyleMap id="style_In_Review_parcel58189">
		<Pair>
			<key>normal</key>
			<styleUrl>#style_In_Review_parcel581837</styleUrl>
		</Pair>
		<Pair>
			<key>highlight</key>
			<styleUrl>#style_In_Review_parcel581833</styleUrl>
		</Pair>
	</StyleMap>
	<Style id="style_In_Review_parcel581835">
		<LineStyle>
			<color>ff00ffff</color>
			<width>1.5</width>
		</LineStyle>
		<PolyStyle>
			<color>8000ffff</color>
		</PolyStyle>
	
		<LabelStyle><scale>5.0</scale></LabelStyle>
		<IconStyle><scale>0.4</scale><Icon><href>transparent-1x1.png</href></Icon><hotSpot x="0.5" y="0.5" xunits="fraction" yunits="fraction"/></IconStyle>
	</Style>
	<Style id="style_In_Review_parcel581825">
		<LineStyle>
			<color>ff00ffff</color>
			<width>1.5</width>
		</LineStyle>
		<PolyStyle>
			<color>8000ffff</color>
		</PolyStyle>
	
		<LabelStyle><scale>5.0</scale></LabelStyle>
		<IconStyle><scale>0.4</scale><Icon><href>transparent-1x1.png</href></Icon><hotSpot x="0.5" y="0.5" xunits="fraction" yunits="fraction"/></IconStyle>
	</Style>
	<Style id="style_In_Review_parcel581834">
		<LineStyle>
			<color>ff00ffff</color>
			<width>1.5</width>
		</LineStyle>
		<PolyStyle>
			<color>8000ffff</color>
		</PolyStyle>
	
		<LabelStyle><scale>5.0</scale></LabelStyle>
		<IconStyle><scale>0.4</scale><Icon><href>transparent-1x1.png</href></Icon><hotSpot x="0.5" y="0.5" xunits="fraction" yunits="fraction"/></IconStyle>
	</Style>
	<Style id="style_In_Review_parcel581841">
		<LineStyle>
			<color>ff00ffff</color>
			<width>1.5</width>
		</LineStyle>
		<PolyStyle>
			<color>8000ffff</color>
		</PolyStyle>
	
		<LabelStyle><scale>5.0</scale></LabelStyle>
		<IconStyle><scale>0.4</scale><Icon><href>transparent-1x1.png</href></Icon><hotSpot x="0.5" y="0.5" xunits="fraction" yunits="fraction"/></IconStyle>
	</Style>
	<StyleMap id="style_In_Review_parcel581826">
		<Pair>
			<key>normal</key>
			<styleUrl>#style_In_Review_parcel581834</styleUrl>
		</Pair>
		<Pair>
			<key>highlight</key>
			<styleUrl>#style_In_Review_parcel581829</styleUrl>
		</Pair>
	</StyleMap>
	<Style id="style_In_Review_parcel581810">
		<LineStyle>
			<color>ff00ffff</color>
			<width>1.5</width>
		</LineStyle>
		<PolyStyle>
			<color>8000ffff</color>
		</PolyStyle>
	
		<LabelStyle><scale>5.0</scale></LabelStyle>
		<IconStyle><scale>0.4</scale><Icon><href>transparent-1x1.png</href></Icon><hotSpot x="0.5" y="0.5" xunits="fraction" yunits="fraction"/></IconStyle>
	</Style>
	<StyleMap id="style_In_Review_parcel581814">
		<Pair>
			<key>normal</key>
			<styleUrl>#style_In_Review_parcel58181</styleUrl>
		</Pair>
		<Pair>
			<key>highlight</key>
			<styleUrl>#style_In_Review_parcel581823</styleUrl>
		</Pair>
	</StyleMap>
	<StyleMap id="style_In_Review_parcel58188">
		<Pair>
			<key>normal</key>
			<styleUrl>#style_In_Review_parcel581839</styleUrl>
		</Pair>
		<Pair>
			<key>highlight</key>
			<styleUrl>#style_In_Review_parcel581825</styleUrl>
		</Pair>
	</StyleMap>
	<StyleMap id="style_In_Review_parcel58185">
		<Pair>
			<key>normal</key>
			<styleUrl>#style_In_Review_parcel581827</styleUrl>
		</Pair>
		<Pair>
			<key>highlight</key>
			<styleUrl>#style_In_Review_parcel58182</styleUrl>
		</Pair>
	</StyleMap>
	<Style id="style_In_Review_parcel581827">
		<LineStyle>
			<color>ff00ffff</color>
			<width>1.5</width>
		</LineStyle>
		<PolyStyle>
			<color>8000ffff</color>
		</PolyStyle>
	
		<LabelStyle><scale>5.0</scale></LabelStyle>
		<IconStyle><scale>0.4</scale><Icon><href>transparent-1x1.png</href></Icon><hotSpot x="0.5" y="0.5" xunits="fraction" yunits="fraction"/></IconStyle>
	</Style>
	<StyleMap id="style_In_Review_parcel5818">
		<Pair>
			<key>normal</key>
			<styleUrl>#style_In_Review_parcel58186</styleUrl>
		</Pair>
		<Pair>
			<key>highlight</key>
			<styleUrl>#style_In_Review_parcel581840</styleUrl>
		</Pair>
	</StyleMap>
	<StyleMap id="style_In_Review_parcel581813">
		<Pair>
			<key>normal</key>
			<styleUrl>#style_In_Review_parcel581821</styleUrl>
		</Pair>
		<Pair>
			<key>highlight</key>
			<styleUrl>#style_In_Review_parcel581811</styleUrl>
		</Pair>
	</StyleMap>
	<StyleMap id="style_In_Review_parcel581812">
		<Pair>
			<key>normal</key>
			<styleUrl>#style_In_Review_parcel581810</styleUrl>
		</Pair>
		<Pair>
			<key>highlight</key>
			<styleUrl>#style_In_Review_parcel581836</styleUrl>
		</Pair>
	</StyleMap>
	<Style id="style_In_Review_parcel581821">
		<LineStyle>
			<color>ff00ffff</color>
			<width>1.5</width>
		</LineStyle>
		<PolyStyle>
			<color>8000ffff</color>
		</PolyStyle>
	
		<LabelStyle><scale>5.0</scale></LabelStyle>
		<IconStyle><scale>0.4</scale><Icon><href>transparent-1x1.png</href></Icon><hotSpot x="0.5" y="0.5" xunits="fraction" yunits="fraction"/></IconStyle>
	</Style>
	<Style id="style_In_Review_parcel581824">
		<LineStyle>
			<color>ff00ffff</color>
			<width>1.5</width>
		</LineStyle>
		<PolyStyle>
			<color>8000ffff</color>
		</PolyStyle>
	
		<LabelStyle><scale>5.0</scale></LabelStyle>
		<IconStyle><scale>0.4</scale><Icon><href>transparent-1x1.png</href></Icon><hotSpot x="0.5" y="0.5" xunits="fraction" yunits="fraction"/></IconStyle>
	</Style>
	<Style id="style_In_Review_parcel581817">
		<LineStyle>
			<color>ff00ffff</color>
			<width>1.5</width>
		</LineStyle>
		<PolyStyle>
			<color>8000ffff</color>
		</PolyStyle>
	
		<LabelStyle><scale>5.0</scale></LabelStyle>
		<IconStyle><scale>0.4</scale><Icon><href>transparent-1x1.png</href></Icon><hotSpot x="0.5" y="0.5" xunits="fraction" yunits="fraction"/></IconStyle>
	</Style>
	<Style id="style_In_Review_parcel581811">
		<LineStyle>
			<color>ff00ffff</color>
			<width>1.5</width>
		</LineStyle>
		<PolyStyle>
			<color>8000ffff</color>
		</PolyStyle>
	
		<LabelStyle><scale>5.0</scale></LabelStyle>
		<IconStyle><scale>0.4</scale><Icon><href>transparent-1x1.png</href></Icon><hotSpot x="0.5" y="0.5" xunits="fraction" yunits="fraction"/></IconStyle>
	</Style>
	<StyleMap id="style_In_Review_parcel581828">
		<Pair>
			<key>normal</key>
			<styleUrl>#style_In_Review_parcel581819</styleUrl>
		</Pair>
		<Pair>
			<key>highlight</key>
			<styleUrl>#style_In_Review_parcel581835</styleUrl>
		</Pair>
	</StyleMap>
	<StyleMap id="style_In_Review_parcel581818">
		<Pair>
			<key>normal</key>
			<styleUrl>#style_In_Review_parcel581841</styleUrl>
		</Pair>
		<Pair>
			<key>highlight</key>
			<styleUrl>#style_In_Review_parcel581824</styleUrl>
		</Pair>
	</StyleMap>
	<Style id="style_In_Review_parcel581829">
		<LineStyle>
			<color>ff00ffff</color>
			<width>1.5</width>
		</LineStyle>
		<PolyStyle>
			<color>8000ffff</color>
		</PolyStyle>
	
		<LabelStyle><scale>5.0</scale></LabelStyle>
		<IconStyle><scale>0.4</scale><Icon><href>transparent-1x1.png</href></Icon><hotSpot x="0.5" y="0.5" xunits="fraction" yunits="fraction"/></IconStyle>
	</Style>
	<Style id="style_In_Review_parcel581840">
		<LineStyle>
			<color>ff00ffff</color>
			<width>1.5</width>
		</LineStyle>
		<PolyStyle>
			<color>8000ffff</color>
		</PolyStyle>
	
		<LabelStyle><scale>5.0</scale></LabelStyle>
		<IconStyle><scale>0.4</scale><Icon><href>transparent-1x1.png</href></Icon><hotSpot x="0.5" y="0.5" xunits="fraction" yunits="fraction"/></IconStyle>
	</Style>
	<Style id="style_In_Review_parcel581839">
		<LineStyle>
			<color>ff00ffff</color>
			<width>1.5</width>
		</LineStyle>
		<PolyStyle>
			<color>8000ffff</color>
		</PolyStyle>
	
		<LabelStyle><scale>5.0</scale></LabelStyle>
		<IconStyle><scale>0.4</scale><Icon><href>transparent-1x1.png</href></Icon><hotSpot x="0.5" y="0.5" xunits="fraction" yunits="fraction"/></IconStyle>
	</Style>
	<Style id="style_In_Review_parcel58184">
		<LineStyle>
			<color>ff00ffff</color>
			<width>1.5</width>
		</LineStyle>
		<PolyStyle>
			<color>8000ffff</color>
		</PolyStyle>
	
		<LabelStyle><scale>5.0</scale></LabelStyle>
		<IconStyle><scale>0.4</scale><Icon><href>transparent-1x1.png</href></Icon><hotSpot x="0.5" y="0.5" xunits="fraction" yunits="fraction"/></IconStyle>
	</Style>
	<Style id="style_In_Review_parcel58187">
		<LineStyle>
			<color>ff00ffff</color>
			<width>1.5</width>
		</LineStyle>
		<PolyStyle>
			<color>8000ffff</color>
		</PolyStyle>
	
		<LabelStyle><scale>5.0</scale></LabelStyle>
		<IconStyle><scale>0.4</scale><Icon><href>transparent-1x1.png</href></Icon><hotSpot x="0.5" y="0.5" xunits="fraction" yunits="fraction"/></IconStyle>
	</Style>
	<Style id="style_In_Review_parcel581830">
		<LineStyle>
			<color>ff00ffff</color>
			<width>1.5</width>
		</LineStyle>
		<PolyStyle>
			<color>8000ffff</color>
		</PolyStyle>
	
		<LabelStyle><scale>5.0</scale></LabelStyle>
		<IconStyle><scale>0.4</scale><Icon><href>transparent-1x1.png</href></Icon><hotSpot x="0.5" y="0.5" xunits="fraction" yunits="fraction"/></IconStyle>
	</Style>
	<Style id="style_In_Review_parcel581819">
		<LineStyle>
			<color>ff00ffff</color>
			<width>1.5</width>
		</LineStyle>
		<PolyStyle>
			<color>8000ffff</color>
		</PolyStyle>
	
		<LabelStyle><scale>5.0</scale></LabelStyle>
		<IconStyle><scale>0.4</scale><Icon><href>transparent-1x1.png</href></Icon><hotSpot x="0.5" y="0.5" xunits="fraction" yunits="fraction"/></IconStyle>
	</Style>
	<StyleMap id="style_In_Review_parcel581831">
		<Pair>
			<key>normal</key>
			<styleUrl>#style_In_Review_parcel581820</styleUrl>
		</Pair>
		<Pair>
			<key>highlight</key>
			<styleUrl>#style_In_Review_parcel58183</styleUrl>
		</Pair>
	</StyleMap>
	<Style id="style_In_Review_parcel581836">
		<LineStyle>
			<color>ff00ffff</color>
			<width>1.5</width>
		</LineStyle>
		<PolyStyle>
			<color>8000ffff</color>
		</PolyStyle>
	
		<LabelStyle><scale>5.0</scale></LabelStyle>
		<IconStyle><scale>0.4</scale><Icon><href>transparent-1x1.png</href></Icon><hotSpot x="0.5" y="0.5" xunits="fraction" yunits="fraction"/></IconStyle>
	</Style>
	<StyleMap id="style_In_Review_parcel581832">
		<Pair>
			<key>normal</key>
			<styleUrl>#style_In_Review_parcel581817</styleUrl>
		</Pair>
		<Pair>
			<key>highlight</key>
			<styleUrl>#style_In_Review_parcel581816</styleUrl>
		</Pair>
	</StyleMap>
	<Style id="style_In_Review_parcel58180">
		<LineStyle>
			<color>ff00ffff</color>
			<width>1.5</width>
		</LineStyle>
		<PolyStyle>
			<color>8000ffff</color>
		</PolyStyle>
	
		<LabelStyle><scale>5.0</scale></LabelStyle>
		<IconStyle><scale>0.4</scale><Icon><href>transparent-1x1.png</href></Icon><hotSpot x="0.5" y="0.5" xunits="fraction" yunits="fraction"/></IconStyle>
	</Style>
	<Style id="style_In_Review_parcel58186">
		<LineStyle>
			<color>ff00ffff</color>
			<width>1.5</width>
		</LineStyle>
		<PolyStyle>
			<color>8000ffff</color>
		</PolyStyle>
	
		<LabelStyle><scale>5.0</scale></LabelStyle>
		<IconStyle><scale>0.4</scale><Icon><href>transparent-1x1.png</href></Icon><hotSpot x="0.5" y="0.5" xunits="fraction" yunits="fraction"/></IconStyle>
	</Style>
	<Style id="style_In_Review_parcel581822">
		<LineStyle>
			<color>ff00ffff</color>
			<width>1.5</width>
		</LineStyle>
		<PolyStyle>
			<color>8000ffff</color>
		</PolyStyle>
	
		<LabelStyle><scale>5.0</scale></LabelStyle>
		<IconStyle><scale>0.4</scale><Icon><href>transparent-1x1.png</href></Icon><hotSpot x="0.5" y="0.5" xunits="fraction" yunits="fraction"/></IconStyle>
	</Style>
	<Style id="style_In_Review_parcel581816">
		<LineStyle>
			<color>ff00ffff</color>
			<width>1.5</width>
		</LineStyle>
		<PolyStyle>
			<color>8000ffff</color>
		</PolyStyle>
	
		<LabelStyle><scale>5.0</scale></LabelStyle>
		<IconStyle><scale>0.4</scale><Icon><href>transparent-1x1.png</href></Icon><hotSpot x="0.5" y="0.5" xunits="fraction" yunits="fraction"/></IconStyle>
	</Style>
	<StyleMap id="style_In_Review_parcel581838">
		<Pair>
			<key>normal</key>
			<styleUrl>#style_In_Review_parcel581830</styleUrl>
		</Pair>
		<Pair>
			<key>highlight</key>
			<styleUrl>#style_In_Review_parcel58184</styleUrl>
		</Pair>
	</StyleMap>
	<StyleMap id="style_In_Review_parcel581815">
		<Pair>
			<key>normal</key>
			<styleUrl>#style_In_Review_parcel58180</styleUrl>
		</Pair>
		<Pair>
			<key>highlight</key>
			<styleUrl>#style_In_Review_parcel581822</styleUrl>
		</Pair>
	</StyleMap>
	<Style id="style_In_Review_parcel581837">
		<LineStyle>
			<color>ff00ffff</color>
			<width>1.5</width>
		</LineStyle>
		<PolyStyle>
			<color>8000ffff</color>
		</PolyStyle>
	
		<LabelStyle><scale>5.0</scale></LabelStyle>
		<IconStyle><scale>0.4</scale><Icon><href>transparent-1x1.png</href></Icon><hotSpot x="0.5" y="0.5" xunits="fraction" yunits="fraction"/></IconStyle>
	</Style>
	<Style id="style_In_Review_parcel581820">
		<LineStyle>
			<color>ff00ffff</color>
			<width>1.5</width>
		</LineStyle>
		<PolyStyle>
			<color>8000ffff</color>
		</PolyStyle>
	
		<LabelStyle><scale>5.0</scale></LabelStyle>
		<IconStyle><scale>0.4</scale><Icon><href>transparent-1x1.png</href></Icon><hotSpot x="0.5" y="0.5" xunits="fraction" yunits="fraction"/></IconStyle>
	</Style>
	<Style id="style_In_Review_parcel58181">
		<LineStyle>
			<color>ff00ffff</color>
			<width>1.5</width>
		</LineStyle>
		<PolyStyle>
			<color>8000ffff</color>
		</PolyStyle>
	
		<LabelStyle><scale>5.0</scale></LabelStyle>
		<IconStyle><scale>0.4</scale><Icon><href>transparent-1x1.png</href></Icon><hotSpot x="0.5" y="0.5" xunits="fraction" yunits="fraction"/></IconStyle>
	</Style>
	<Style id="style_In_Review_parcel581823">
		<LineStyle>
			<color>ff00ffff</color>
			<width>1.5</width>
		</LineStyle>
		<PolyStyle>
			<color>8000ffff</color>
		</PolyStyle>
	
		<LabelStyle><scale>5.0</scale></LabelStyle>
		<IconStyle><scale>0.4</scale><Icon><href>transparent-1x1.png</href></Icon><hotSpot x="0.5" y="0.5" xunits="fraction" yunits="fraction"/></IconStyle>
	</Style>
	<Style id="style_In_Review_parcel58183">
		<LineStyle>
			<color>ff00ffff</color>
			<width>1.5</width>
		</LineStyle>
		<PolyStyle>
			<color>8000ffff</color>
		</PolyStyle>
	
		<LabelStyle><scale>5.0</scale></LabelStyle>
		<IconStyle><scale>0.4</scale><Icon><href>transparent-1x1.png</href></Icon><hotSpot x="0.5" y="0.5" xunits="fraction" yunits="fraction"/></IconStyle>
	</Style>
	<Style id="style_In_Review_parcel58182">
		<LineStyle>
			<color>ff00ffff</color>
			<width>1.5</width>
		</LineStyle>
		<PolyStyle>
			<color>8000ffff</color>
		</PolyStyle>
	
		<LabelStyle><scale>5.0</scale></LabelStyle>
		<IconStyle><scale>0.4</scale><Icon><href>transparent-1x1.png</href></Icon><hotSpot x="0.5" y="0.5" xunits="fraction" yunits="fraction"/></IconStyle>
	</Style>
	<Style id="style_In_Review_parcel581833">
		<LineStyle>
			<color>ff00ffff</color>
			<width>1.5</width>
		</LineStyle>
		<PolyStyle>
			<color>8000ffff</color>
		</PolyStyle>
	
		<LabelStyle><scale>5.0</scale></LabelStyle>
		<IconStyle><scale>0.4</scale><Icon><href>transparent-1x1.png</href></Icon><hotSpot x="0.5" y="0.5" xunits="fraction" yunits="fraction"/></IconStyle>
	</Style>
	<StyleMap id="style_In_Review_parcel5819">
		<Pair>
			<key>normal</key>
			<styleUrl>#style_In_Review_parcel5816</styleUrl>
		</Pair>
		<Pair>
			<key>highlight</key>
			<styleUrl>#style_In_Review_parcel5813</styleUrl>
		</Pair>
	</StyleMap>
	<Style id="style_In_Review_parcel582">
		<LineStyle>
			<color>ff00ffff</color>
			<width>1.5</width>
		</LineStyle>
		<PolyStyle>
			<color>8000ffff</color>
		</PolyStyle>
	
		<LabelStyle><scale>5.0</scale></LabelStyle>
		<IconStyle><scale>0.4</scale><Icon><href>transparent-1x1.png</href></Icon><hotSpot x="0.5" y="0.5" xunits="fraction" yunits="fraction"/></IconStyle>
	</Style>
	<StyleMap id="style_In_Review_parcel5820">
		<Pair>
			<key>normal</key>
			<styleUrl>#style_In_Review_parcel583</styleUrl>
		</Pair>
		<Pair>
			<key>highlight</key>
			<styleUrl>#style_In_Review_parcel581</styleUrl>
		</Pair>
	</StyleMap>
	<Style id="style_In_Review_parcel5821">
		<LineStyle>
			<color>ff00ffff</color>
			<width>1.5</width>
		</LineStyle>
		<PolyStyle>
			<color>8000ffff</color>
		</PolyStyle>
	
		<LabelStyle><scale>5.0</scale></LabelStyle>
		<IconStyle><scale>0.4</scale><Icon><href>transparent-1x1.png</href></Icon><hotSpot x="0.5" y="0.5" xunits="fraction" yunits="fraction"/></IconStyle>
	</Style>
	<Style id="style_In_Review_parcel5822">
		<LineStyle>
			<color>ff00ffff</color>
			<width>1.5</width>
		</LineStyle>
		<PolyStyle>
			<color>8000ffff</color>
		</PolyStyle>
	
		<LabelStyle><scale>5.0</scale></LabelStyle>
		<IconStyle><scale>0.4</scale><Icon><href>transparent-1x1.png</href></Icon><hotSpot x="0.5" y="0.5" xunits="fraction" yunits="fraction"/></IconStyle>
	</Style>
	<Style id="style_In_Review_parcel5823">
		<LineStyle>
			<color>ff00ffff</color>
			<width>1.5</width>
		</LineStyle>
		<PolyStyle>
			<color>8000ffff</color>
		</PolyStyle>
	
		<LabelStyle><scale>5.0</scale></LabelStyle>
		<IconStyle><scale>0.4</scale><Icon><href>transparent-1x1.png</href></Icon><hotSpot x="0.5" y="0.5" xunits="fraction" yunits="fraction"/></IconStyle>
	</Style>
	<StyleMap id="style_In_Review_parcel5824">
		<Pair>
			<key>normal</key>
			<styleUrl>#style_In_Review_parcel5828</styleUrl>
		</Pair>
		<Pair>
			<key>highlight</key>
			<styleUrl>#style_In_Review_parcel5821</styleUrl>
		</Pair>
	</StyleMap>
	<Style id="style_In_Review_parcel5825">
		<LineStyle>
			<color>ff00ffff</color>
			<width>1.5</width>
		</LineStyle>
		<PolyStyle>
			<color>8000ffff</color>
		</PolyStyle>
	
		<LabelStyle><scale>5.0</scale></LabelStyle>
		<IconStyle><scale>0.4</scale><Icon><href>transparent-1x1.png</href></Icon><hotSpot x="0.5" y="0.5" xunits="fraction" yunits="fraction"/></IconStyle>
	</Style>
	<Style id="style_In_Review_parcel5826">
		<LineStyle>
			<color>ff00ffff</color>
			<width>1.5</width>
		</LineStyle>
		<PolyStyle>
			<color>8000ffff</color>
		</PolyStyle>
	
		<LabelStyle><scale>5.0</scale></LabelStyle>
		<IconStyle><scale>0.4</scale><Icon><href>transparent-1x1.png</href></Icon><hotSpot x="0.5" y="0.5" xunits="fraction" yunits="fraction"/></IconStyle>
	</Style>
	<StyleMap id="style_In_Review_parcel5827">
		<Pair>
			<key>normal</key>
			<styleUrl>#style_In_Review_parcel5826</styleUrl>
		</Pair>
		<Pair>
			<key>highlight</key>
			<styleUrl>#style_In_Review_parcel5822</styleUrl>
		</Pair>
	</StyleMap>
	<Style id="style_In_Review_parcel5828">
		<LineStyle>
			<color>ff00ffff</color>
			<width>1.5</width>
		</LineStyle>
		<PolyStyle>
			<color>8000ffff</color>
		</PolyStyle>
	
		<LabelStyle><scale>5.0</scale></LabelStyle>
		<IconStyle><scale>0.4</scale><Icon><href>transparent-1x1.png</href></Icon><hotSpot x="0.5" y="0.5" xunits="fraction" yunits="fraction"/></IconStyle>
	</Style>
	<StyleMap id="style_In_Review_parcel5829">
		<Pair>
			<key>normal</key>
			<styleUrl>#style_In_Review_parcel589</styleUrl>
		</Pair>
		<Pair>
			<key>highlight</key>
			<styleUrl>#style_In_Review_parcel5814</styleUrl>
		</Pair>
	</StyleMap>
	<Style id="style_In_Review_parcel583">
		<LineStyle>
			<color>ff00ffff</color>
			<width>1.5</width>
		</LineStyle>
		<PolyStyle>
			<color>8000ffff</color>
		</PolyStyle>
	
		<LabelStyle><scale>5.0</scale></LabelStyle>
		<IconStyle><scale>0.4</scale><Icon><href>transparent-1x1.png</href></Icon><hotSpot x="0.5" y="0.5" xunits="fraction" yunits="fraction"/></IconStyle>
	</Style>
	<StyleMap id="style_In_Review_parcel584">
		<Pair>
			<key>normal</key>
			<styleUrl>#style_In_Review_parcel588</styleUrl>
		</Pair>
		<Pair>
			<key>highlight</key>
			<styleUrl>#style_In_Review_parcel586</styleUrl>
		</Pair>
	</StyleMap>
	<StyleMap id="style_In_Review_parcel585">
		<Pair>
			<key>normal</key>
			<styleUrl>#style_In_Review_parcel582</styleUrl>
		</Pair>
		<Pair>
			<key>highlight</key>
			<styleUrl>#style_In_Review_parcel58</styleUrl>
		</Pair>
	</StyleMap>
	<Style id="style_In_Review_parcel586">
		<LineStyle>
			<color>ff00ffff</color>
			<width>1.5</width>
		</LineStyle>
		<PolyStyle>
			<color>8000ffff</color>
		</PolyStyle>
	
		<LabelStyle><scale>5.0</scale></LabelStyle>
		<IconStyle><scale>0.4</scale><Icon><href>transparent-1x1.png</href></Icon><hotSpot x="0.5" y="0.5" xunits="fraction" yunits="fraction"/></IconStyle>
	</Style>
	<Style id="style_In_Review_parcel587">
		<LineStyle>
			<color>ff00ffff</color>
			<width>1.5</width>
		</LineStyle>
		<PolyStyle>
			<color>8000ffff</color>
		</PolyStyle>
	
		<LabelStyle><scale>5.0</scale></LabelStyle>
		<IconStyle><scale>0.4</scale><Icon><href>transparent-1x1.png</href></Icon><hotSpot x="0.5" y="0.5" xunits="fraction" yunits="fraction"/></IconStyle>
	</Style>
	<Style id="style_In_Review_parcel588">
		<LineStyle>
			<color>ff00ffff</color>
			<width>1.5</width>
		</LineStyle>
		<PolyStyle>
			<color>8000ffff</color>
		</PolyStyle>
	
		<LabelStyle><scale>5.0</scale></LabelStyle>
		<IconStyle><scale>0.4</scale><Icon><href>transparent-1x1.png</href></Icon><hotSpot x="0.5" y="0.5" xunits="fraction" yunits="fraction"/></IconStyle>
	</Style>
	<Style id="style_In_Review_parcel589">
		<LineStyle>
			<color>ff00ffff</color>
			<width>1.5</width>
		</LineStyle>
		<PolyStyle>
			<color>8000ffff</color>
		</PolyStyle>
	
		<LabelStyle><scale>5.0</scale></LabelStyle>
		<IconStyle><scale>0.4</scale><Icon><href>transparent-1x1.png</href></Icon><hotSpot x="0.5" y="0.5" xunits="fraction" yunits="fraction"/></IconStyle>
	</Style>
	<Style id="style_In_Review_parcel59">
		<LineStyle>
			<color>ff00ffff</color>
			<width>1.5</width>
		</LineStyle>
		<PolyStyle>
			<color>8000ffff</color>
		</PolyStyle>
	
		<LabelStyle><scale>5.0</scale></LabelStyle>
		<IconStyle><scale>0.4</scale><Icon><href>transparent-1x1.png</href></Icon><hotSpot x="0.5" y="0.5" xunits="fraction" yunits="fraction"/></IconStyle>
	</Style>
	<StyleMap id="style_In_Review_parcel6">
		<Pair>
			<key>normal</key>
			<styleUrl>#style_In_Review_parcel15</styleUrl>
		</Pair>
		<Pair>
			<key>highlight</key>
			<styleUrl>#style_In_Review_parcel4</styleUrl>
		</Pair>
	</StyleMap>
	<StyleMap id="style_In_Review_parcel7">
		<Pair>
			<key>normal</key>
			<styleUrl>#style_In_Review_parcel17</styleUrl>
		</Pair>
		<Pair>
			<key>highlight</key>
			<styleUrl>#style_In_Review_parcel3</styleUrl>
		</Pair>
	</StyleMap>
	<Style id="style_In_Review_parcel8">
		<LineStyle>
			<color>ff00ffff</color>
			<width>1.5</width>
		</LineStyle>
		<PolyStyle>
			<color>8000ffff</color>
		</PolyStyle>
	
		<LabelStyle><scale>5.0</scale></LabelStyle>
		<IconStyle><scale>0.4</scale><Icon><href>transparent-1x1.png</href></Icon><hotSpot x="0.5" y="0.5" xunits="fraction" yunits="fraction"/></IconStyle>
	</Style>
	<StyleMap id="style_In_Review_parcel9">
		<Pair>
			<key>normal</key>
			<styleUrl>#style_In_Review_parcel1</styleUrl>
		</Pair>
		<Pair>
			<key>highlight</key>
			<styleUrl>#style_In_Review_parcel11</styleUrl>
		</Pair>
	</StyleMap>
	<Style id="style_In_Review_synthetic">
		<LineStyle>
			<color>ff00ffff</color>
		</LineStyle>
		<PolyStyle>
			<color>8000ffff</color>
		</PolyStyle>
	
		<LabelStyle><scale>5.0</scale></LabelStyle>
		<IconStyle><scale>0.4</scale><Icon><href>transparent-1x1.png</href></Icon><hotSpot x="0.5" y="0.5" xunits="fraction" yunits="fraction"/></IconStyle>
	</Style>
	<Style id="style_In_Review_synthetic0">
		<LineStyle>
			<color>ff00ffff</color>
		</LineStyle>
		<PolyStyle>
			<color>8000ffff</color>
		</PolyStyle>
	
		<LabelStyle><scale>5.0</scale></LabelStyle>
		<IconStyle><scale>0.4</scale><Icon><href>transparent-1x1.png</href></Icon><hotSpot x="0.5" y="0.5" xunits="fraction" yunits="fraction"/></IconStyle>
	</Style>
	<StyleMap id="style_In_Review_synthetic00">
		<Pair>
			<key>normal</key>
			<styleUrl>#style_In_Review_synthetic20</styleUrl>
		</Pair>
		<Pair>
			<key>highlight</key>
			<styleUrl>#style_In_Review_synthetic10</styleUrl>
		</Pair>
	</StyleMap>
	<StyleMap id="style_In_Review_synthetic1">
		<Pair>
			<key>normal</key>
			<styleUrl>#style_In_Review_synthetic4</styleUrl>
		</Pair>
		<Pair>
			<key>highlight</key>
			<styleUrl>#style_In_Review_synthetic3</styleUrl>
		</Pair>
	</StyleMap>
	<Style id="style_In_Review_synthetic10">
		<LineStyle>
			<color>ff00ffff</color>
		</LineStyle>
		<PolyStyle>
			<color>8000ffff</color>
		</PolyStyle>
	
		<LabelStyle><scale>5.0</scale></LabelStyle>
		<IconStyle><scale>0.4</scale><Icon><href>transparent-1x1.png</href></Icon><hotSpot x="0.5" y="0.5" xunits="fraction" yunits="fraction"/></IconStyle>
	</Style>
	<StyleMap id="style_In_Review_synthetic2">
		<Pair>
			<key>normal</key>
			<styleUrl>#style_In_Review_synthetic</styleUrl>
		</Pair>
		<Pair>
			<key>highlight</key>
			<styleUrl>#style_In_Review_synthetic5</styleUrl>
		</Pair>
	</StyleMap>
	<Style id="style_In_Review_synthetic20">
		<LineStyle>
			<color>ff00ffff</color>
		</LineStyle>
		<PolyStyle>
			<color>8000ffff</color>
		</PolyStyle>
	
		<LabelStyle><scale>5.0</scale></LabelStyle>
		<IconStyle><scale>0.4</scale><Icon><href>transparent-1x1.png</href></Icon><hotSpot x="0.5" y="0.5" xunits="fraction" yunits="fraction"/></IconStyle>
	</Style>
	<Style id="style_In_Review_synthetic3">
		<LineStyle>
			<color>ff00ffff</color>
		</LineStyle>
		<PolyStyle>
			<color>8000ffff</color>
		</PolyStyle>
	
		<LabelStyle><scale>5.0</scale></LabelStyle>
		<IconStyle><scale>0.4</scale><Icon><href>transparent-1x1.png</href></Icon><hotSpot x="0.5" y="0.5" xunits="fraction" yunits="fraction"/></IconStyle>
	</Style>
	<Style id="style_In_Review_synthetic4">
		<LineStyle>
			<color>ff00ffff</color>
		</LineStyle>
		<PolyStyle>
			<color>8000ffff</color>
		</PolyStyle>
	
		<LabelStyle><scale>5.0</scale></LabelStyle>
		<IconStyle><scale>0.4</scale><Icon><href>transparent-1x1.png</href></Icon><hotSpot x="0.5" y="0.5" xunits="fraction" yunits="fraction"/></IconStyle>
	</Style>
	<Style id="style_In_Review_synthetic5">
		<LineStyle>
			<color>ff00ffff</color>
		</LineStyle>
		<PolyStyle>
			<color>8000ffff</color>
		</PolyStyle>
	
		<LabelStyle><scale>5.0</scale></LabelStyle>
		<IconStyle><scale>0.4</scale><Icon><href>transparent-1x1.png</href></Icon><hotSpot x="0.5" y="0.5" xunits="fraction" yunits="fraction"/></IconStyle>
	</Style>
	<Style id="style_Permits_Active_parcel2">
		<LineStyle>
			<color>ffffff00</color>
			<width>1.5</width>
		</LineStyle>
		<PolyStyle>
			<color>80ffff00</color>
		</PolyStyle>
	
		<LabelStyle><scale>5.0</scale></LabelStyle>
		<IconStyle><scale>0.4</scale><Icon><href>transparent-1x1.png</href></Icon><hotSpot x="0.5" y="0.5" xunits="fraction" yunits="fraction"/></IconStyle>
	</Style>
	<StyleMap id="style_Permits_Active_parcel1">
		<Pair>
			<key>normal</key>
			<styleUrl>#style_Permits_Active_parcel4</styleUrl>
		</Pair>
		<Pair>
			<key>highlight</key>
			<styleUrl>#style_Permits_Active_parcel3</styleUrl>
		</Pair>
	</StyleMap>
	<Style id="style_Permits_Active_parcel5">
		<LineStyle>
			<color>ffffff00</color>
			<width>1.5</width>
		</LineStyle>
		<PolyStyle>
			<color>80ffff00</color>
		</PolyStyle>
	
		<LabelStyle><scale>5.0</scale></LabelStyle>
		<IconStyle><scale>0.4</scale><Icon><href>transparent-1x1.png</href></Icon><hotSpot x="0.5" y="0.5" xunits="fraction" yunits="fraction"/></IconStyle>
	</Style>
	<Style id="style_Permits_Active_parcel4">
		<LineStyle>
			<color>ffffff00</color>
			<width>1.5</width>
		</LineStyle>
		<PolyStyle>
			<color>800880fd</color>
		</PolyStyle>
	
		<LabelStyle><scale>5.0</scale></LabelStyle>
		<IconStyle><scale>0.4</scale><Icon><href>transparent-1x1.png</href></Icon><hotSpot x="0.5" y="0.5" xunits="fraction" yunits="fraction"/></IconStyle>
	</Style>
	<Style id="style_Permits_Active_parcel3">
		<LineStyle>
			<color>ffffff00</color>
			<width>1.5</width>
		</LineStyle>
		<PolyStyle>
			<color>800880fd</color>
		</PolyStyle>
	
		<LabelStyle><scale>5.0</scale></LabelStyle>
		<IconStyle><scale>0.4</scale><Icon><href>transparent-1x1.png</href></Icon><hotSpot x="0.5" y="0.5" xunits="fraction" yunits="fraction"/></IconStyle>
	</Style>
	<StyleMap id="style_Permits_Active_parcel">
		<Pair>
			<key>normal</key>
			<styleUrl>#style_Permits_Active_parcel2</styleUrl>
		</Pair>
		<Pair>
			<key>highlight</key>
			<styleUrl>#style_Permits_Active_parcel0</styleUrl>
		</Pair>
	</StyleMap>
	<Style id="style_Permits_Active_parcel0">
		<LineStyle>
			<color>ffffff00</color>
			<width>1.5</width>
		</LineStyle>
		<PolyStyle>
			<color>80ffff00</color>
		</PolyStyle>
	
		<LabelStyle><scale>5.0</scale></LabelStyle>
		<IconStyle><scale>0.4</scale><Icon><href>transparent-1x1.png</href></Icon><hotSpot x="0.5" y="0.5" xunits="fraction" yunits="fraction"/></IconStyle>
	</Style>
	<Style id="style_Pre_Application_parcel">
		<LineStyle>
			<color>ffc0c0c0</color>
			<width>1.5</width>
		</LineStyle>
		<PolyStyle>
			<color>80c0c0c0</color>
		</PolyStyle>
	
		<LabelStyle><scale>5.0</scale></LabelStyle>
		<IconStyle><scale>0.4</scale><Icon><href>transparent-1x1.png</href></Icon><hotSpot x="0.5" y="0.5" xunits="fraction" yunits="fraction"/></IconStyle>
	</Style>
	<Style id="style_Stalled_parcel">
		<LineStyle>
			<color>ff0000ff</color>
			<width>1.5</width>
		</LineStyle>
		<PolyStyle>
			<color>800000ff</color>
		</PolyStyle>
	
		<LabelStyle><scale>5.0</scale></LabelStyle>
		<IconStyle><scale>0.4</scale><Icon><href>transparent-1x1.png</href></Icon><hotSpot x="0.5" y="0.5" xunits="fraction" yunits="fraction"/></IconStyle>
	</Style>
	<Style id="style_UC_Project_footprint">
		<LineStyle>
			<color>ffff00aa</color>
			<width>2.5</width>
		</LineStyle>
		<PolyStyle>
			<color>80ff00aa</color>
		</PolyStyle>
	
		<LabelStyle><scale>5.0</scale></LabelStyle>
		<IconStyle><scale>0.4</scale><Icon><href>transparent-1x1.png</href></Icon><hotSpot x="0.5" y="0.5" xunits="fraction" yunits="fraction"/></IconStyle>
	</Style>
	<Style id="style_UC_Project_footprint0">
		<LineStyle>
			<color>ffff00aa</color>
			<width>2.5</width>
		</LineStyle>
		<PolyStyle>
			<color>80ff00aa</color>
		</PolyStyle>
	
		<LabelStyle><scale>5.0</scale></LabelStyle>
		<IconStyle><scale>0.4</scale><Icon><href>transparent-1x1.png</href></Icon><hotSpot x="0.5" y="0.5" xunits="fraction" yunits="fraction"/></IconStyle>
	</Style>
	<Style id="style_UC_Project_footprint00">
		<LineStyle>
			<color>ffff00aa</color>
			<width>2.5</width>
		</LineStyle>
		<PolyStyle>
			<color>80ff00aa</color>
		</PolyStyle>
	
		<LabelStyle><scale>5.0</scale></LabelStyle>
		<IconStyle><scale>0.4</scale><Icon><href>transparent-1x1.png</href></Icon><hotSpot x="0.5" y="0.5" xunits="fraction" yunits="fraction"/></IconStyle>
	</Style>
	<Style id="style_UC_Project_footprint000">
		<LineStyle>
			<color>ffff00aa</color>
			<width>2.5</width>
		</LineStyle>
		<PolyStyle>
			<color>80ff00aa</color>
		</PolyStyle>
	
		<LabelStyle><scale>5.0</scale></LabelStyle>
		<IconStyle><scale>0.4</scale><Icon><href>transparent-1x1.png</href></Icon><hotSpot x="0.5" y="0.5" xunits="fraction" yunits="fraction"/></IconStyle>
	</Style>
	<StyleMap id="style_UC_Project_footprint1">
		<Pair>
			<key>normal</key>
			<styleUrl>#style_UC_Project_footprint</styleUrl>
		</Pair>
		<Pair>
			<key>highlight</key>
			<styleUrl>#style_UC_Project_footprint0</styleUrl>
		</Pair>
	</StyleMap>
	<StyleMap id="style_UC_Project_footprint100">
		<Pair>
			<key>normal</key>
			<styleUrl>#style_UC_Project_footprint50</styleUrl>
		</Pair>
		<Pair>
			<key>highlight</key>
			<styleUrl>#style_UC_Project_footprint4</styleUrl>
		</Pair>
	</StyleMap>
	<StyleMap id="style_UC_Project_footprint10">
		<Pair>
			<key>normal</key>
			<styleUrl>#style_UC_Project_footprint5</styleUrl>
		</Pair>
		<Pair>
			<key>highlight</key>
			<styleUrl>#style_UC_Project_footprint40</styleUrl>
		</Pair>
	</StyleMap>
	<StyleMap id="style_UC_Project_footprint20">
		<Pair>
			<key>normal</key>
			<styleUrl>#style_UC_Project_footprint000</styleUrl>
		</Pair>
		<Pair>
			<key>highlight</key>
			<styleUrl>#style_UC_Project_footprint301</styleUrl>
		</Pair>
	</StyleMap>
	<StyleMap id="style_UC_Project_footprint2">
		<Pair>
			<key>normal</key>
			<styleUrl>#style_UC_Project_footprint00</styleUrl>
		</Pair>
		<Pair>
			<key>highlight</key>
			<styleUrl>#style_UC_Project_footprint300</styleUrl>
		</Pair>
	</StyleMap>
	<Style id="style_UC_Project_footprint34">
		<LineStyle>
			<color>ffff00aa</color>
			<width>2.5</width>
		</LineStyle>
		<PolyStyle>
			<color>80ff00aa</color>
		</PolyStyle>
	
		<LabelStyle><scale>5.0</scale></LabelStyle>
		<IconStyle><scale>0.4</scale><Icon><href>transparent-1x1.png</href></Icon><hotSpot x="0.5" y="0.5" xunits="fraction" yunits="fraction"/></IconStyle>
	</Style>
	<Style id="style_UC_Project_footprint32">
		<LineStyle>
			<color>ffff00aa</color>
			<width>2.5</width>
		</LineStyle>
		<PolyStyle>
			<color>80ff00aa</color>
		</PolyStyle>
	
		<LabelStyle><scale>5.0</scale></LabelStyle>
		<IconStyle><scale>0.4</scale><Icon><href>transparent-1x1.png</href></Icon><hotSpot x="0.5" y="0.5" xunits="fraction" yunits="fraction"/></IconStyle>
	</Style>
	<StyleMap id="style_UC_Project_footprint31">
		<Pair>
			<key>normal</key>
			<styleUrl>#style_UC_Project_footprint34</styleUrl>
		</Pair>
		<Pair>
			<key>highlight</key>
			<styleUrl>#style_UC_Project_footprint32</styleUrl>
		</Pair>
	</StyleMap>
	<Style id="style_UC_Project_footprint33">
		<LineStyle>
			<color>ffff00aa</color>
			<width>2.5</width>
		</LineStyle>
		<PolyStyle>
			<color>80ff00aa</color>
		</PolyStyle>
	
		<LabelStyle><scale>5.0</scale></LabelStyle>
		<IconStyle><scale>0.4</scale><Icon><href>transparent-1x1.png</href></Icon><hotSpot x="0.5" y="0.5" xunits="fraction" yunits="fraction"/></IconStyle>
	</Style>
	<StyleMap id="style_UC_Project_footprint30">
		<Pair>
			<key>normal</key>
			<styleUrl>#style_UC_Project_footprint33</styleUrl>
		</Pair>
		<Pair>
			<key>highlight</key>
			<styleUrl>#style_UC_Project_footprint3</styleUrl>
		</Pair>
	</StyleMap>
	<Style id="style_UC_Project_footprint3">
		<LineStyle>
			<color>ffff00aa</color>
			<width>2.5</width>
		</LineStyle>
		<PolyStyle>
			<color>80ff00aa</color>
		</PolyStyle>
	
		<LabelStyle><scale>5.0</scale></LabelStyle>
		<IconStyle><scale>0.4</scale><Icon><href>transparent-1x1.png</href></Icon><hotSpot x="0.5" y="0.5" xunits="fraction" yunits="fraction"/></IconStyle>
	</Style>
	<Style id="style_UC_Project_footprint301">
		<LineStyle>
			<color>ffff00aa</color>
			<width>2.5</width>
		</LineStyle>
		<PolyStyle>
			<color>80ff00aa</color>
		</PolyStyle>
	
		<LabelStyle><scale>5.0</scale></LabelStyle>
		<IconStyle><scale>0.4</scale><Icon><href>transparent-1x1.png</href></Icon><hotSpot x="0.5" y="0.5" xunits="fraction" yunits="fraction"/></IconStyle>
	</Style>
	<Style id="style_UC_Project_footprint300">
		<LineStyle>
			<color>ffff00aa</color>
			<width>2.5</width>
		</LineStyle>
		<PolyStyle>
			<color>80ff00aa</color>
		</PolyStyle>
	
		<LabelStyle><scale>5.0</scale></LabelStyle>
		<IconStyle><scale>0.4</scale><Icon><href>transparent-1x1.png</href></Icon><hotSpot x="0.5" y="0.5" xunits="fraction" yunits="fraction"/></IconStyle>
	</Style>
	<Style id="style_UC_Project_footprint40">
		<LineStyle>
			<color>ffff00aa</color>
			<width>2.5</width>
		</LineStyle>
		<PolyStyle>
			<color>80ff00aa</color>
		</PolyStyle>
	
		<LabelStyle><scale>5.0</scale></LabelStyle>
		<IconStyle><scale>0.4</scale><Icon><href>transparent-1x1.png</href></Icon><hotSpot x="0.5" y="0.5" xunits="fraction" yunits="fraction"/></IconStyle>
	</Style>
	<Style id="style_UC_Project_footprint4">
		<LineStyle>
			<color>ffff00aa</color>
			<width>2.5</width>
		</LineStyle>
		<PolyStyle>
			<color>80ff00aa</color>
		</PolyStyle>
	
		<LabelStyle><scale>5.0</scale></LabelStyle>
		<IconStyle><scale>0.4</scale><Icon><href>transparent-1x1.png</href></Icon><hotSpot x="0.5" y="0.5" xunits="fraction" yunits="fraction"/></IconStyle>
	</Style>
	<Style id="style_UC_Project_footprint50">
		<LineStyle>
			<color>ffff00aa</color>
			<width>2.5</width>
		</LineStyle>
		<PolyStyle>
			<color>80ff00aa</color>
		</PolyStyle>
	
		<LabelStyle><scale>5.0</scale></LabelStyle>
		<IconStyle><scale>0.4</scale><Icon><href>transparent-1x1.png</href></Icon><hotSpot x="0.5" y="0.5" xunits="fraction" yunits="fraction"/></IconStyle>
	</Style>
	<Style id="style_UC_Project_footprint5">
		<LineStyle>
			<color>ffff00aa</color>
			<width>2.5</width>
		</LineStyle>
		<PolyStyle>
			<color>80ff00aa</color>
		</PolyStyle>
	
		<LabelStyle><scale>5.0</scale></LabelStyle>
		<IconStyle><scale>0.4</scale><Icon><href>transparent-1x1.png</href></Icon><hotSpot x="0.5" y="0.5" xunits="fraction" yunits="fraction"/></IconStyle>
	</Style>
	<Style id="style_Under_Construction_parcel">
		<LineStyle>
			<color>ffff6229</color>
			<width>1.5</width>
		</LineStyle>
		<PolyStyle>
			<color>80ff6229</color>
		</PolyStyle>
	
		<LabelStyle><scale>5.0</scale></LabelStyle>
		<IconStyle><scale>0.4</scale><Icon><href>transparent-1x1.png</href></Icon><hotSpot x="0.5" y="0.5" xunits="fraction" yunits="fraction"/></IconStyle>
	</Style>
	<StyleMap id="style_Under_Construction_parcel0">
		<Pair>
			<key>normal</key>
			<styleUrl>#style_Under_Construction_parcel1</styleUrl>
		</Pair>
		<Pair>
			<key>highlight</key>
			<styleUrl>#style_Under_Construction_parcel</styleUrl>
		</Pair>
	</StyleMap>
	<Style id="style_Under_Construction_parcel1">
		<LineStyle>
			<color>ffff6229</color>
			<width>1.5</width>
		</LineStyle>
		<PolyStyle>
			<color>80ff6229</color>
		</PolyStyle>
	
		<LabelStyle><scale>5.0</scale></LabelStyle>
		<IconStyle><scale>0.4</scale><Icon><href>transparent-1x1.png</href></Icon><hotSpot x="0.5" y="0.5" xunits="fraction" yunits="fraction"/></IconStyle>
	</Style>
	<Style id="style_Under_Construction_parcel22">
		<LineStyle>
			<color>ffff6229</color>
			<width>1.5</width>
		</LineStyle>
		<PolyStyle>
			<color>80ff6229</color>
		</PolyStyle>
	
		<LabelStyle><scale>5.0</scale></LabelStyle>
		<IconStyle><scale>0.4</scale><Icon><href>transparent-1x1.png</href></Icon><hotSpot x="0.5" y="0.5" xunits="fraction" yunits="fraction"/></IconStyle>
	</Style>
	<Style id="style_Under_Construction_parcel20">
		<LineStyle>
			<color>ffff6229</color>
			<width>1.5</width>
		</LineStyle>
		<PolyStyle>
			<color>80ff6229</color>
		</PolyStyle>
	
		<LabelStyle><scale>5.0</scale></LabelStyle>
		<IconStyle><scale>0.4</scale><Icon><href>transparent-1x1.png</href></Icon><hotSpot x="0.5" y="0.5" xunits="fraction" yunits="fraction"/></IconStyle>
	</Style>
	<StyleMap id="style_Under_Construction_parcel2">
		<Pair>
			<key>normal</key>
			<styleUrl>#style_Under_Construction_parcel21</styleUrl>
		</Pair>
		<Pair>
			<key>highlight</key>
			<styleUrl>#style_Under_Construction_parcel20</styleUrl>
		</Pair>
	</StyleMap>
	<Style id="style_Under_Construction_parcel21">
		<LineStyle>
			<color>ffff6229</color>
			<width>1.5</width>
		</LineStyle>
		<PolyStyle>
			<color>80ff6229</color>
		</PolyStyle>
	
		<LabelStyle><scale>5.0</scale></LabelStyle>
		<IconStyle><scale>0.4</scale><Icon><href>transparent-1x1.png</href></Icon><hotSpot x="0.5" y="0.5" xunits="fraction" yunits="fraction"/></IconStyle>
	</Style>
	<Style id="style_Withdrawn_parcel">
		<LineStyle>
			<color>ff0000ff</color>
			<width>1.5</width>
		</LineStyle>
		<PolyStyle>
			<color>800000ff</color>
		</PolyStyle>
	
		<LabelStyle><scale>5.0</scale></LabelStyle>
		<IconStyle><scale>0.4</scale><Icon><href>transparent-1x1.png</href></Icon><hotSpot x="0.5" y="0.5" xunits="fraction" yunits="fraction"/></IconStyle>
	</Style>
	<Folder>
		<name>Housing Projects</name>
		<visibility>0</visibility>
		<open>1</open>
		<Placemark>
			<name>2400 Bowditch St · North · 750 units · Pre-Application</name>
			<visibility>0</visibility>
			<description><![CDATA[<b>2400 BOWDITCH St</b><br/><b>Units:</b> 750<br/><b>VLI Units:</b> 0<br/><b>Stories:</b> 26<br/><b>Height:</b> 85.3m<br/><b>Status:</b> Pre-Application<br/><b style='color:purple'>UC Berkeley Project</b>]]></description>
			<styleUrl>#style_UC_Project_footprint100</styleUrl>
			<MultiGeometry><Point><coordinates>-122.25690599090315,37.866971805244454,85.3</coordinates><altitudeMode>relativeToGround</altitudeMode></Point><Polygon>
				<extrude>1</extrude>
				<altitudeMode>relativeToGround</altitudeMode>
				<outerBoundaryIs>
					<LinearRing>
						<coordinates>
							-122.2566233632381,37.86710234487586,85.3 -122.2573632984431,37.8670059833901,85.3 -122.2573330308715,37.86677749095411,85.3 -122.2565868987249,37.86687086212635,85.3 -122.2566233632381,37.86710234487586,85.3 
						</coordinates>
					</LinearRing>
				</outerBoundaryIs>
			</Polygon></MultiGeometry>
		</Placemark>
		<Placemark>
			<name>2556 Haste St · 556 units · Under Construction</name>
			<visibility>0</visibility>
			<description><![CDATA[<b>2556 HASTE St</b><br/><b>Units:</b> 556<br/><b>VLI Units:</b> 0<br/><b>Stories:</b> 12<br/><b>Height:</b> 40.2m<br/><b>Status:</b> Under Construction<br/><b style='color:purple'>UC Berkeley Project</b>]]></description>
			<styleUrl>#style_UC_Project_footprint20</styleUrl>
			<MultiGeometry><Point><coordinates>-122.25731023977428,37.866037293193145,40.2</coordinates><altitudeMode>relativeToGround</altitudeMode></Point><Polygon>
				<extrude>1</extrude>
				<altitudeMode>relativeToGround</altitudeMode>
				<outerBoundaryIs>
					<LinearRing>
						<coordinates>
							-122.2579227894452,37.86604409712099,40.2 -122.2578919739725,37.86583391331153,40.2 -122.2563916751489,37.86602584741103,40.2 -122.2564219708596,37.86623851100116,40.2 -122.2579227894452,37.86604409712099,40.2 
						</coordinates>
					</LinearRing>
				</outerBoundaryIs>
			</Polygon></MultiGeometry>
		</Placemark>
		<Placemark>
			<name>2200 Bancroft Way · North · 550 units · Under Construction</name>
			<visibility>0</visibility>
			<description><![CDATA[<b>2200 BANCROFT Way</b><br/><b>Units:</b> 550- 1,650 students <br/><b>VLI Units:</b> 0<br/><b>Stories:</b> 23<br/><b>Height:</b> 77.1m<br/><b>Status:</b> Under Construction<br/><b style='color:purple'>UC Berkeley Project</b>]]></description>
			<styleUrl>#style_UC_Project_footprint31</styleUrl>
			<MultiGeometry><Point><coordinates>-122.26551745443166,37.867675380012926,79.5</coordinates><altitudeMode>relativeToGround</altitudeMode></Point><Polygon>
				<extrude>1</extrude>
				<altitudeMode>relativeToGround</altitudeMode>
				<outerBoundaryIs>
					<LinearRing>
						<coordinates>
							-122.2653175656431,37.86760604584239,79.5 -122.265364775851,37.86782808374297,79.5 -122.2658107301884,37.86777400642833,79.5 -122.2657766348327,37.86756271820855,79.5 -122.2653175656431,37.86760604584239,79.5 
						</coordinates>
					</LinearRing>
				</outerBoundaryIs>
			</Polygon></MultiGeometry>
		</Placemark>
		<Placemark>
			<name>1950 Oxford St · 772 units · Completed</name>
			<visibility>0</visibility>
			<description><![CDATA[<b>1950 OXFORD St</b><br/><b>Units:</b> 300<br/><b>VLI Units:</b> 0<br/><b>Stories:</b> 14<br/><b>Height:</b> 46.9m<br/><b>Status:</b> Completed<br/><b style='color:purple'>UC Berkeley Project</b>]]></description>
			<styleUrl>#style_UC_Project_footprint1</styleUrl>
			<MultiGeometry><Point><coordinates>-122.26654945040669,37.87281611574529,46.9</coordinates><altitudeMode>relativeToGround</altitudeMode></Point><Polygon>
				<extrude>1</extrude>
				<altitudeMode>relativeToGround</altitudeMode>
				<outerBoundaryIs>
					<LinearRing>
						<coordinates>
							-122.2662788617576,37.87257208642357,46.9 -122.2663591304847,37.87326413434535,46.9 -122.2669785623539,37.87317763211071,46.9 -122.2668518356796,37.87249463942324,46.9 -122.2662788617576,37.87257208642357,46.9 
						</coordinates>
					</LinearRing>
				</outerBoundaryIs>
			</Polygon></MultiGeometry>
		</Placemark>
		
		<Placemark>
			<name>1974 Shattuck Ave · 599 units · Entitled</name>
			<visibility>0</visibility>
			<description><![CDATA[<b>1974 SHATTUCK Ave</b><br/><b>Units:</b> 599<br/><b>VLI Units:</b> 58<br/><b>Stories:</b> 28<br/><b>Height:</b> 98.0m<br/><b>Status:</b> Entitled]]></description>
			<styleUrl>#style_Entitled_footprint</styleUrl>
			<MultiGeometry><Point><coordinates>-122.26886443551932,37.87256772807138,98.0</coordinates><altitudeMode>relativeToGround</altitudeMode></Point><Polygon>
				<extrude>1</extrude>
				<altitudeMode>relativeToGround</altitudeMode>
				<outerBoundaryIs>
					<LinearRing>
						<coordinates>
							-122.2686719879186,37.87287267616308,98.00000000000001 -122.2690361350241,37.87285390297354,98.00000000000001 -122.268933950456,37.87244611934,98.00000000000001 -122.2690904526609,37.87241886123353,98.00000000000001 -122.2690461495803,37.87222041507879,98.00000000000001 -122.2686003850768,37.87228944554767,98.00000000000001 -122.2686719879186,37.87287267616308,98.00000000000001 
						</coordinates>
					</LinearRing>
				</outerBoundaryIs>
			</Polygon></MultiGeometry>
		</Placemark>
		<Placemark>
			<name>2128 Oxford St · 485 units · Entitled</name>
			<visibility>0</visibility>
			<description><![CDATA[<b>2128 Oxford St</b><br/><b>Units:</b> 485<br/><b>VLI Units:</b> 47<br/><b>Stories:</b> 26<br/><b>Height:</b> 91.0m<br/><b>Status:</b> Entitled]]></description>
			<styleUrl>#style_Entitled_synthetic4</styleUrl>
			<MultiGeometry><Point><coordinates>-122.266143704536,37.87023467662286,91.0</coordinates><altitudeMode>relativeToGround</altitudeMode></Point><Polygon>
				<extrude>1</extrude>
				<altitudeMode>relativeToGround</altitudeMode>
				<outerBoundaryIs>
					<LinearRing>
						<coordinates>
							-122.2659642026801,37.8701123031143,91 -122.2660190342187,37.8705062262155,91 -122.2664129573199,37.8704182368857,91 -122.2663581257813,37.87002431378449,91 -122.2659642026801,37.8701123031143,91 
						</coordinates>
					</LinearRing>
				</outerBoundaryIs>
			</Polygon></MultiGeometry>
		</Placemark>
		<Placemark>
			<name>2190 Shattuck Ave · 452 units · In Review</name>
			<visibility>0</visibility>
			<description><![CDATA[<b>2190 SHATTUCK Ave</b><br/><b>Units:</b> 452<br/><b>VLI Units:</b> 0<br/><b>Stories:</b> 34<br/><b>Height:</b> 110.0m<br/><b>Status:</b> In Review<br/><i>Footprint 19,767 sf and 34 storeys / 361 ft from the Tabulation Form 1.E, PROPOSED column. Read INDEPENDENTLY by two sessions and agreeing; column identified by the form's dwelling-units row. Was 20,117 sf at 119.0 m. 2026-08-26.</i>]]></description>
			<styleUrl>#style_In_Review_parcel</styleUrl>
			<MultiGeometry><Point><coordinates>-122.2686526,37.8694947,110.0</coordinates><altitudeMode>relativeToGround</altitudeMode></Point><Polygon>
				<extrude>1</extrude>
				<altitudeMode>relativeToGround</altitudeMode>
				<outerBoundaryIs>
					<LinearRing>
						<coordinates>-122.2690148061334,37.8693267806814,110.0 -122.2690637743408,37.8695785605333,110.0 -122.2682772101184,37.8696502285778,110.0 -122.2682546094073,37.8694232302074,110.0 -122.2690148061334,37.8693267806814,110.0</coordinates>
					</LinearRing>
				</outerBoundaryIs>
			</Polygon></MultiGeometry>
		</Placemark>
		<Placemark>
			<name>2700 Shattuck Ave · 359 units · In Review</name>
			<visibility>0</visibility>
			<description><![CDATA[<b>2700 SHATTUCK Ave</b><br/><b>Units:</b> 359<br/><b>VLI Units:</b> 0<br/><b>Stories:</b> 15<br/><b>Height:</b> 52.5m<br/><b>Status:</b> In Review<br/><i>(height estimated from units)</i>]]></description>
			<styleUrl>#style_In_Review_parcel7</styleUrl>
			<MultiGeometry><Point><coordinates>-122.2678653050527,37.85972243205204,52.5</coordinates><altitudeMode>relativeToGround</altitudeMode></Point><Polygon>
				<extrude>1</extrude>
				<altitudeMode>relativeToGround</altitudeMode>
				<outerBoundaryIs>
					<LinearRing>
						<coordinates>
							-122.267680748208,37.85944794042214,52.5 -122.2673869775315,37.86020494680588,52.5 -122.2683547317199,37.86011365909602,52.5 -122.2682233195961,37.85939767351398,52.5 -122.267680748208,37.85944794042214,52.5 
						</coordinates>
					</LinearRing>
				</outerBoundaryIs>
			</Polygon></MultiGeometry>
		</Placemark>
		<Placemark>
			<name>2276 Shattuck Ave · 336 units · Entitled</name>
			<visibility>0</visibility>
			<description><![CDATA[<b>2276 SHATTUCK Ave</b><br/><b>Units:</b> 336<br/><b>VLI Units:</b> 0<br/><b>Stories:</b> 18<br/><b>Height:</b> 62.7m<br/><b>Status:</b> In Review<br/><i>Footprint 9,853 sf and 18 storeys / 206 ft from the Tabulation Form 1.E, PROPOSED column. Read INDEPENDENTLY by two sessions and agreeing; column identified by the form's dwelling-units row. Was 8,936 sf at 63.0 m. 2026-08-26.</i>]]></description>
			<styleUrl>#style_In_Review_parcel58187</styleUrl>
			<MultiGeometry><Point><coordinates>-122.26827759404361,37.867715053083984,63.0</coordinates><altitudeMode>relativeToGround</altitudeMode></Point><Polygon>
				<extrude>1</extrude>
				<altitudeMode>relativeToGround</altitudeMode>
				<outerBoundaryIs>
					<LinearRing>
						<coordinates>
							-122.2684057545305,37.8675934743261,62.7 -122.2684572453432,37.8678450702638,62.7 -122.2680763372278,37.8678918765593,62.7 -122.2680504232403,37.8676442127489,62.7 -122.2684057545305,37.8675934743261,62.7 
						</coordinates>
					</LinearRing>
				</outerBoundaryIs>
			</Polygon></MultiGeometry>
		</Placemark>
		<Placemark>
			<name>2274 Shattuck Ave · 299 units · Entitled</name>
			<visibility>0</visibility>
			<description><![CDATA[<b>2274 SHATTUCK Ave</b><br/><b>Units:</b> 299<br/><b>VLI Units:</b> 0<br/><b>Stories:</b> 17<br/><b>Height:</b> 59.5m<br/><b>Status:</b> Entitled]]></description>
			<styleUrl>#style_Entitled_parcel5</styleUrl>
			<MultiGeometry><Point><coordinates>-122.26843795588307,37.86787043715371,59.5</coordinates><altitudeMode>relativeToGround</altitudeMode></Point><Polygon>
				<extrude>1</extrude>
				<altitudeMode>relativeToGround</altitudeMode>
				<outerBoundaryIs>
					<LinearRing>
						<coordinates>
							-122.2684171238047,37.86795742455347,59.5 -122.2684332273109,37.86805124906881,59.5 -122.268859822865,37.86799611537222,59.5 -122.2687902514216,37.86754875692188,59.5 -122.2683982098763,37.86760063152184,59.5 -122.268447246836,37.86784023737008,59.5 -122.2680844913283,37.86788481305854,59.5 -122.2680941057001,37.86799728196314,59.5 -122.2684171238047,37.86795742455347,59.5 
						</coordinates>
					</LinearRing>
				</outerBoundaryIs>
			</Polygon></MultiGeometry>
		</Placemark>
		<Placemark>
			<name>1914 Fifth St · 257 units · In Review</name>
			<visibility>0</visibility>
			<description><![CDATA[<b>1914 FIFTH St</b><br/><b>Units:</b> 257<br/><b>VLI Units:</b> 26<br/><b>Stories:</b> 15<br/><b>Height:</b> 52.5m<br/><b>Status:</b> In Review<br/><i>(height estimated from units)</i>]]></description>
			<styleUrl>#style_In_Review_synthetic0</styleUrl>
			<MultiGeometry><Point><coordinates>-122.29925104821655,37.86819942121075,52.5</coordinates><altitudeMode>relativeToGround</altitudeMode></Point><Polygon>
				<extrude>1</extrude>
				<altitudeMode>relativeToGround</altitudeMode>
				<outerBoundaryIs>
					<LinearRing>
						<coordinates>
							-122.2990715463606,37.86807704770219,52.5 -122.2991263778993,37.86847097080339,52.5 -122.2995203010005,37.86838298147359,52.5 -122.2994654694618,37.86798905837238,52.5 -122.2990715463606,37.86807704770219,52.5 
						</coordinates>
					</LinearRing>
				</outerBoundaryIs>
			</Polygon></MultiGeometry>
		</Placemark>
		<Placemark>
			<name>2029 University Ave · 240 units · Entitled</name>
			<visibility>0</visibility>
			<description><![CDATA[<b>2029 UNIVERSITY Ave</b><br/><b>Units:</b> 240<br/><b>VLI Units:</b> 0<br/><b>Stories:</b> 23<br/><b>Height:</b> 78.0m<br/><b>Status:</b> Entitled]]></description>
			<styleUrl>#style_Entitled_parcel61010</styleUrl>
			<MultiGeometry><Point><coordinates>-122.2698103290622,37.872240198403695,78.0</coordinates><altitudeMode>relativeToGround</altitudeMode></Point><Polygon>
				<extrude>1</extrude>
				<altitudeMode>relativeToGround</altitudeMode>
				<outerBoundaryIs>
					<LinearRing>
						<coordinates>
							-122.2696446143454,37.87213473114895,78 -122.2699970338518,37.87209237054999,78 -122.270058002845,37.87239703808411,78 -122.2697073799234,37.87244212108648,78 -122.2696446143454,37.87213473114895,78 
						</coordinates>
					</LinearRing>
				</outerBoundaryIs>
			</Polygon></MultiGeometry>
		</Placemark>
		<Placemark>
			<name>2352 Shattuck Ave · 237 units · Completed</name>
			<visibility>0</visibility>
			<description><![CDATA[<b>2352 Shattuck Ave</b><br/><b>Units:</b> 237<br/><b>VLI Units:</b> 0<br/><b>Stories:</b> 8<br/><b>Height:</b> 28.0m<br/><b>Status:</b> Completed]]></description>
			<styleUrl>#style_Completed_parcel</styleUrl>
			<MultiGeometry><Point><coordinates>-122.26839571649684,37.86618061867801,28.0</coordinates><altitudeMode>relativeToGround</altitudeMode></Point><Polygon>
				<extrude>1</extrude>
				<altitudeMode>relativeToGround</altitudeMode>
				<outerBoundaryIs>
					<LinearRing>
						<coordinates>
							-122.2688508540084,37.86643097580077,28 -122.2687793861453,37.86607678065289,28 -122.268254174914,37.86614866046514,28 -122.2682233090281,37.86578981567123,28 -122.2678644887076,37.86583708031741,28 -122.2679469486661,37.86655004203782,28 -122.2688508540084,37.86643097580077,28 
						</coordinates>
					</LinearRing>
				</outerBoundaryIs>
			</Polygon></MultiGeometry>
		</Placemark>
		<Placemark>
			<name>2601 San Pablo Ave · 223 units · In Review</name>
			<visibility>0</visibility>
			<description><![CDATA[<b>2601 SAN PABLO Ave</b><br/><b>Units:</b> 223<br/><b>VLI Units:</b> 0<br/><b>Stories:</b> 8<br/><b>Height:</b> 28.0m<br/><b>Status:</b> In Review<br/><i>Footprint 18,706 sf from the project's own Tabulation Form 1.E (2023-06-09), PROPOSED column: 8 storeys, 65% lot coverage, 129,658 sf gross floor area. Column identified by two independent checks - it is the only one matching v2's 8 storeys, and its 581 sf per unit across 223 units is the only plausible figure (the existing column gives 49, the permitted-maximum column 386). REPLACES a 3,668 sf polygon that gave 132 sf per unit. MULTI-PARCEL ASSEMBLY: 18,706 sf at 65% implies a 28,778 sf lot against a single county parcel of 3,669 sf, so the footprint spans several lots and the extent here is approximate; area is the architect's own.</i>]]></description>
			<styleUrl>#style_In_Review_parcel58187</styleUrl>
			<MultiGeometry><Point><coordinates>-122.28864662527994,37.85926185409402,28.0</coordinates><altitudeMode>relativeToGround</altitudeMode></Point><Polygon>
				<extrude>1</extrude>
				<altitudeMode>relativeToGround</altitudeMode>
				<outerBoundaryIs>
					<LinearRing>
						<coordinates>
							-122.2883728788662,37.8591458795230,28.0 -122.2888875300951,37.8590760296413,28.0 -122.2889892247592,37.8594001424334,28.0 -122.2884432735629,37.8594704444893,28.0 -122.2883728788662,37.8591458795230,28.0 
						</coordinates>
					</LinearRing>
				</outerBoundaryIs>
			</Polygon></MultiGeometry>
		</Placemark>
		<Placemark>
			<name>2920 Shattuck Ave · 242 units · In Review</name>
			<visibility>0</visibility>
			<description><![CDATA[<b>2920 SHATTUCK Ave</b><br/><b>Units:</b> 242<br/><b>VLI Units:</b> 0<br/><b>Stories:</b> 11<br/><b>Height:</b> 38.2m<br/><b>Status:</b> In Review<br/><i>All figures from the project's own Tabulation Form 1.E dated 09/22/2025 (documents 2162), PROPOSED column: 242 dwelling units, 11 stories, 125'-2" average AND maximum height = 38.2 m, footprint 10,232 sf, lot 19,586 sf, coverage 52%. FEET BEAT STOREYS x 3.5 where a form states a height, so 38.2 m, not 11 x 3.5. Moved 4.97 m EAST 2026-08-26: the polygon had been synthesised as a box from the AREA alone and sat 5.0 m west of the Shattuck frontage of APN 53-1590-5-1, floating behind the sidewalk. The 1.E states a FRONT YARD SETBACK of "VARIES; 0 to 2'", so the east face belongs on the property line. Was 10 storeys / 35.0 m and a stale 221-unit body against a 242 label.</i>]]></description>
			<styleUrl>#style_In_Review_parcel512</styleUrl>
			<MultiGeometry><Point><coordinates>-122.26686172008853,37.85641015329668,38.2</coordinates><altitudeMode>relativeToGround</altitudeMode></Point><Polygon>
				<extrude>1</extrude>
				<altitudeMode>relativeToGround</altitudeMode>
				<outerBoundaryIs>
					<LinearRing>
						<coordinates>
							-122.2667909056235,37.8565630244853,38.2 -122.2670372281291,37.8565294974406,38.2 -122.2669866401088,37.8561433618196,38.2 -122.26674018254499,37.8561714195574,38.2 -122.2667909056235,37.8565630244853,38.2 
						</coordinates>
					</LinearRing>
				</outerBoundaryIs>
			</Polygon></MultiGeometry>
		</Placemark>
		<Placemark>
			<name>1899 Oxford St · 212 units · Entitled</name>
			<visibility>0</visibility>
			<description><![CDATA[<b>1899 OXFORD St</b><br/><b>Units:</b> 212<br/><b>VLI Units:</b> 0<br/><b>Stories:</b> 8<br/><b>Height:</b> 24.0m<br/><b>Status:</b> Decision Pending<br/><i>Footprint 16,505 sf and 8 storeys from the project's own Tabulation Form 1.E, PROPOSED column — identified by the form's DWELLING-UNITS row matching v2's count, not by column position. Was 15,406 sf at 23.8 m. 2026-08-26.</i><br/><i>Footprint 16,505 sf and 8 storeys / 79 ft from the Tabulation Form 1.E, PROPOSED column. Read INDEPENDENTLY by two sessions and agreeing; column identified by the form's dwelling-units row. Was 16,505 sf at 28.0 m. 2026-08-26.</i>]]></description>
			<styleUrl>#style_Decision_Pending_parcel1</styleUrl>
			<MultiGeometry><Point><coordinates>-122.2660521810506,37.87456752225695,23.8</coordinates><altitudeMode>relativeToGround</altitudeMode></Point><Polygon>
				<extrude>1</extrude>
				<altitudeMode>relativeToGround</altitudeMode>
				<outerBoundaryIs>
					<LinearRing>
						<coordinates>
							-122.2659309492900,37.8747643468999,24.0 -122.2662878740974,37.8747259848309,24.0 -122.2662199241825,37.8742820605421,24.0 -122.2658861202480,37.8743091329202,24.0 -122.2659309492900,37.8747643468999,24.0 
						</coordinates>
					</LinearRing>
				</outerBoundaryIs>
			</Polygon></MultiGeometry>
		</Placemark>
		<Placemark>
			<name>1598 University Ave · 207 units · Completed</name>
			<visibility>0</visibility>
			<description><![CDATA[<b>1598 UNIVERSITY Ave</b><br/><b>Units:</b> 207<br/><b>VLI Units:</b> 21<br/><b>Stories:</b> 8<br/><b>Height:</b> 28.0m<br/><b>Status:</b> Under Construction]]></description>
			<styleUrl>#style_Under_Construction_parcel2</styleUrl>
			<MultiGeometry><Point><coordinates>-122.27997852336857,37.87037043683552,28.0</coordinates><altitudeMode>relativeToGround</altitudeMode></Point><Polygon>
				<extrude>1</extrude>
				<altitudeMode>relativeToGround</altitudeMode>
				<outerBoundaryIs>
					<LinearRing>
						<coordinates>
							-122.279869924501,37.87053756755827,28 -122.2801860502678,37.87049916071911,28 -122.2801388179779,37.87011942971044,28 -122.2798278995951,37.87015845863151,28 -122.279869924501,37.87053756755827,28 
						</coordinates>
					</LinearRing>
				</outerBoundaryIs>
			</Polygon></MultiGeometry>
		</Placemark>
		<Placemark>
			<name>2100 Milvia St · 205 units · Entitled</name>
			<visibility>0</visibility>
			<description><![CDATA[<b>2100 MILVIA St</b><br/><b>Units:</b> 205<br/><b>VLI Units:</b> 0<br/><b>Stories:</b> 15<br/><b>Height:</b> 52.5m<br/><b>Status:</b> Entitled<br/><i>(height estimated from units)</i>]]></description>
			<styleUrl>#style_Entitled_parcel61011</styleUrl>
			<MultiGeometry><Point><coordinates>-122.27112457780126,37.870564925334456,52.5</coordinates><altitudeMode>relativeToGround</altitudeMode></Point><Polygon>
				<extrude>1</extrude>
				<altitudeMode>relativeToGround</altitudeMode>
				<outerBoundaryIs>
					<LinearRing>
						<coordinates>
							-122.2708281246631,37.87072978696136,52.5 -122.2716323525428,37.87063269552003,52.5 -122.2715631856695,37.87031858327006,52.5 -122.2707711014678,37.87041377395948,52.5 -122.2708281246631,37.87072978696136,52.5 
						</coordinates>
					</LinearRing>
				</outerBoundaryIs>
			</Polygon></MultiGeometry>
		</Placemark>
		<Placemark>
			<name>2131 University Ave · 205 units · Completed</name>
			<visibility>0</visibility>
			<description><![CDATA[<b>2131 University Ave</b><br/><b>Units:</b> 205<br/><b>VLI Units:</b> 0<br/><b>Stories:</b> 6<br/><b>Height:</b> 21.0m<br/><b>Status:</b> Completed]]></description>
			<styleUrl>#style_Completed_synthetic1</styleUrl>
			<MultiGeometry><Point><coordinates>-122.26741102768862,37.8725320351303,21.0</coordinates><altitudeMode>relativeToGround</altitudeMode></Point><Polygon>
				<extrude>1</extrude>
				<altitudeMode>relativeToGround</altitudeMode>
				<outerBoundaryIs>
					<LinearRing>
						<coordinates>
							-122.2672534244582,37.87246000617155,21 -122.2672983138265,37.87268358919264,21 -122.2676412911225,37.87264086208047,21 -122.2676086845777,37.87241571203526,21 -122.2672534244582,37.87246000617155,21 
						</coordinates>
					</LinearRing>
				</outerBoundaryIs>
			</Polygon></MultiGeometry>
		</Placemark>
		<Placemark>
			<name>2065 Kittredge St · 189 units · Entitled</name>
			<visibility>0</visibility>
			<description><![CDATA[<b>2065 Kittredge St</b><br/><b>Units:</b> 189<br/><b>VLI Units:</b> 0<br/><b>Stories:</b> 8<br/><b>Height:</b> 28.0m<br/><b>Status:</b> Entitled]]></description>
			<styleUrl>#style_Entitled_footprint10</styleUrl>
			<MultiGeometry><Point><coordinates>-122.26878159815519,37.868767005909696,26.5</coordinates><altitudeMode>relativeToGround</altitudeMode></Point><Polygon>
				<extrude>1</extrude>
				<altitudeMode>relativeToGround</altitudeMode>
				<outerBoundaryIs>
					<LinearRing>
						<coordinates>
							-122.2684704666583,37.86850112472327,26.5 -122.2685428704767,37.86883422983492,26.5 -122.2688417874279,37.86878848680792,26.5 -122.268922549586,37.86918411311285,26.5 -122.2691868580265,37.8691421151169,26.5 -122.2690361882526,37.86841784704875,26.5 -122.2684704666583,37.86850112472327,26.5 
						</coordinates>
					</LinearRing>
				</outerBoundaryIs>
			</Polygon></MultiGeometry>
		</Placemark>
		<Placemark>
			<name>2150 Kittredge St · 169 units · Completed</name>
			<visibility>0</visibility>
			<description><![CDATA[<b>2150 Kittredge St</b><br/><b>Units:</b> 169<br/><b>VLI Units:</b> 0<br/><b>Stories:</b> 7<br/><b>Height:</b> 24.5m<br/><b>Status:</b> Completed<br/><i>(height estimated from units)</i><br/><i>Footprint 32,581 sf and 7 storeys / 24.5 m, resolved 2026-08-26 WITHOUT a Tabulation Form. Height from the project's own building permit B2021-00008 ($35.8M, 169 units), which describes '(5) floors of Type III-A over (2) floors + basement Type I' - a 5-over-2 podium, 7 storeys. Footprint from the assessor parcel APN 57-2029-17, RE-PLATTED after construction so absent from the 2026-08-12 taxparcel snapshot but present in berkeley.db with $61.5M of improvements confirming the built building. Replaces a 7,100 sf polygon at the 10.5 m migration placeholder - WRONG ON BOTH COUNTS, and the only building in the geometry still failing the floor-area-per-unit test (126 sf/unit; now 1,350 gross incl. ground-floor retail and a two-floor parking podium).</i>]]></description>
			<styleUrl>#style_Completed_parcel0</styleUrl>
			<MultiGeometry><Point><coordinates>-122.26681353307713,37.868334537710496,24.5</coordinates><altitudeMode>relativeToGround</altitudeMode></Point><Polygon>
				<extrude>1</extrude>
				<altitudeMode>relativeToGround</altitudeMode>
				<outerBoundaryIs>
					<LinearRing>
						<coordinates>
							-122.2662079255790,37.8682555632085,24.5 -122.2665029556750,37.8682205516608,24.5 -122.2665505385370,37.8682149046812,24.5 -122.2665445252150,37.8681830552257,24.5 -122.2664813008870,37.8678482408217,24.5 -122.2666526051200,37.8678279121576,24.5 -122.2667203722280,37.8681867747311,24.5 -122.2667218445670,37.8681945761182,24.5 -122.2668931505970,37.8681742468405,24.5 -122.2669623909420,37.8685409097869,24.5 -122.2663938382160,37.8686083817540,24.5 -122.2663762355940,37.8686080724021,24.5 -122.2663597753200,37.8686031383511,24.5 -122.2663463489710,37.8685941466103,24.5 -122.2663374994740,37.8685821304894,24.5 -122.2662246153790,37.8683439419226,24.5 -122.2662079255790,37.8682555632085,24.5 
						</coordinates>
					</LinearRing>
				</outerBoundaryIs>
			</Polygon></MultiGeometry>
		</Placemark>
		<Placemark>
			<name>2015 Blake St · 168 units · Entitled</name>
			<visibility>0</visibility>
			<description><![CDATA[<b>2015 Blake St</b><br/><b>Units:</b> 168<br/><b>VLI Units:</b> 0<br/><b>Stories:</b> 7<br/><b>Height:</b> 24.5m<br/><b>Status:</b> Entitled]]></description>
			<styleUrl>#style_Entitled_parcel61010</styleUrl>
			<MultiGeometry><Point><coordinates>-122.26904005696974,37.863131497667275,24.5</coordinates><altitudeMode>relativeToGround</altitudeMode></Point><Polygon>
				<extrude>1</extrude>
				<altitudeMode>relativeToGround</altitudeMode>
				<outerBoundaryIs>
					<LinearRing>
						<coordinates>
							-122.2689235701133,37.86296855875176,24.5 -122.2690893522727,37.86294684028008,24.5 -122.2691582620876,37.86329395390491,24.5 -122.2691409919329,37.86329627298407,24.5 -122.2690045952986,37.86331480133109,24.5 -122.2689235701133,37.86296855875176,24.5 
						</coordinates>
					</LinearRing>
				</outerBoundaryIs>
			</Polygon></MultiGeometry>
		</Placemark>
		<Placemark>
			<name>3000 Shattuck Ave · 166 units · Entitled</name>
			<visibility>0</visibility>
			<description><![CDATA[<b>3000 SHATTUCK Ave</b><br/><b>Units:</b> 166<br/><b>VLI Units:</b> 17<br/><b>Stories:</b> 10<br/><b>Height:</b> 34.7m<br/><b>Status:</b> In Review]]></description>
			<styleUrl>#style_In_Review_parcel58187</styleUrl>
			<MultiGeometry><Point><coordinates>-122.26673896132995,37.85499068685183,34.7</coordinates><altitudeMode>relativeToGround</altitudeMode></Point><Polygon>
				<extrude>1</extrude>
				<altitudeMode>relativeToGround</altitudeMode>
				<outerBoundaryIs>
					<LinearRing>
						<coordinates>
							-122.2665763553385,37.85489794582511,34.7 -122.2669337521718,37.85484932760576,34.7 -122.2669941194151,37.85512929108805,34.7 -122.2666142243859,37.85517892391511,34.7 -122.2665763553385,37.85489794582511,34.7 
						</coordinates>
					</LinearRing>
				</outerBoundaryIs>
			</Polygon></MultiGeometry>
		</Placemark>
		<Placemark>
			<name>1951 Shattuck Ave · 163 units · Completed</name>
			<visibility>0</visibility>
			<description><![CDATA[<b>1951 Shattuck Ave</b><br/><b>Units:</b> 163<br/><b>VLI Units:</b> 0<br/><b>Stories:</b> 12<br/><b>Height:</b> 42.0m<br/><b>Status:</b> Completed<br/><i>(height estimated from units)</i><br/><i>Height corrected 42.0m / 12 storeys from v2 (Overture num_floors), 2026-08-26. Was the 10.5m migration placeholder for a 163-unit building.</i>]]></description>
			<styleUrl>#style_Completed_parcel03</styleUrl>
			<MultiGeometry><Point><coordinates>-122.26811962729457,37.8724720039045,42.0</coordinates><altitudeMode>relativeToGround</altitudeMode></Point><Polygon>
				<extrude>1</extrude>
				<altitudeMode>relativeToGround</altitudeMode>
				<outerBoundaryIs>
					<LinearRing>
						<coordinates>-122.2682560704467,37.87231964640237,42.0 -122.2678625869371,37.87237536033668,42.0 -122.2679264155894,37.87269095364908,42.0 -122.268296993053,37.87265441273202,42.0 -122.2682560704467,37.87231964640237,42.0</coordinates>
					</LinearRing>
				</outerBoundaryIs>
			</Polygon></MultiGeometry>
		</Placemark>
		<Placemark>
			<name>1581 University Ave · 158 units · In Review</name>
			<visibility>0</visibility>
			<description><![CDATA[<b>1581 UNIVERSITY Ave</b><br/><b>Units:</b> 158<br/><b>VLI Units:</b> 0<br/><b>Stories:</b> 7<br/><b>Height:</b> 48.2m<br/><b>Status:</b> In Review]]></description>
			<styleUrl>#style_In_Review_parcel5818</styleUrl>
			<MultiGeometry><Point><coordinates>-122.28064703421364,37.87092371769745,48.2</coordinates><altitudeMode>relativeToGround</altitudeMode></Point><Polygon>
				<extrude>1</extrude>
				<altitudeMode>relativeToGround</altitudeMode>
				<outerBoundaryIs>
					<LinearRing>
						<coordinates>
							-122.2805894567276,37.8710657758446,48.2 -122.2807709141232,37.87104654865218,48.2 -122.2807333472347,37.87070857703476,48.2 -122.2805519962551,37.87073191111111,48.2 -122.2805894567276,37.8710657758446,48.2 
						</coordinates>
					</LinearRing>
				</outerBoundaryIs>
			</Polygon></MultiGeometry>
		</Placemark>
		<Placemark>
			<name>2115 Kittredge St · 148 units · In Review</name>
			<visibility>0</visibility>
			<description><![CDATA[<b>2115 KITTREDGE St</b><br/><b>Units:</b> 148<br/><b>VLI Units:</b> 12<br/><b>Stories:</b> 10<br/><b>Height:</b> 35.0m<br/><b>Status:</b> In Review<br/><i>(height estimated from units)</i>]]></description>
			<styleUrl>#style_Application_Submitted_parcel0</styleUrl>
			<MultiGeometry><Point><coordinates>-122.26715136155786,37.86893049842461,35.0</coordinates><altitudeMode>relativeToGround</altitudeMode></Point><Polygon>
				<extrude>1</extrude>
				<altitudeMode>relativeToGround</altitudeMode>
				<outerBoundaryIs>
					<LinearRing>
						<coordinates>
							-122.2670609146114,37.86906617236289,35 -122.2670613695589,37.86906856542085,35 -122.2674012789835,37.86902191388783,35 -122.2673319752963,37.86865831159945,35 -122.2669917162857,37.86870185491377,35 -122.2670609146114,37.86906617236289,35 
						</coordinates>
					</LinearRing>
				</outerBoundaryIs>
			</Polygon></MultiGeometry>
		</Placemark>
		<Placemark>
			<name>3030 Telegraph Ave · 144 units · Completed</name>
			<visibility>0</visibility>
			<description><![CDATA[<b>3030 TELEGRAPH Ave</b><br/><b>Units:</b> 144<br/><b>VLI Units:</b> 0<br/><b>Stories:</b> 5<br/><b>Height:</b> 19.2m<br/><b>Status:</b> Completed<br/><i>(height estimated from units)</i><br/><i>Footprint 19,811 sf and height 63 ft / 5 storeys from the architect zoning tabulation (ZP2022-0170 plan set, 2026-08-23). Was the county PARCEL polygon (27,531 sf) at a 10-storey placeholder. Validated: implied lot 27,138 vs parcel 27,397; GFA/footprint 94,664/19,811 = 4.8 storeys.</i>]]></description>
			<styleUrl>#style_Under_Construction_parcel22</styleUrl>
			<MultiGeometry><Point><coordinates>-122.260406837901,37.85471970985291,19.2</coordinates><altitudeMode>relativeToGround</altitudeMode></Point><Polygon>
				<extrude>1</extrude>
				<altitudeMode>relativeToGround</altitudeMode>
				<outerBoundaryIs>
					<LinearRing>
						<coordinates>
							-122.2601363225377,37.8546482720348,19.2 -122.2605948366012,37.8545895890141,19.2 -122.2606048106568,37.8546383688506,19.2 -122.2606097961724,37.8546633451697,19.2 -122.2605848931718,37.8546660451616,19.2 -122.2605965429107,37.8547235345847,19.2 -122.2606447106800,37.8549575725789,19.2 -122.2600836127696,37.8550276880394,19.2 -122.2601313792862,37.8546488954279,19.2 -122.2601363225377,37.8546482720348,19.2 
						</coordinates>
					</LinearRing>
				</outerBoundaryIs>
			</Polygon></MultiGeometry>
		</Placemark>
		<Placemark>
			<name>2420 Shattuck Ave · 132 units · In Review</name>
			<visibility>0</visibility>
			<description><![CDATA[<b>2420 SHATTUCK Ave</b><br/><b>Units:</b> 132<br/><b>VLI Units:</b> 0<br/><b>Stories:</b> 17<br/><b>Height:</b> 59.5m<br/><b>Status:</b> In Review]]></description>
			<styleUrl>#style_In_Review_parcel58188</styleUrl>
			<MultiGeometry><Point><coordinates>-122.26796450914678,37.86530779410443,59.5</coordinates><altitudeMode>relativeToGround</altitudeMode></Point><Polygon>
				<extrude>1</extrude>
				<altitudeMode>relativeToGround</altitudeMode>
				<outerBoundaryIs>
					<LinearRing>
						<coordinates>
							-122.2678165376415,37.86536521967802,59.5 -122.2682069442377,37.8653181731219,59.5 -122.2681855131924,37.86521823350147,59.5 -122.2677970130208,37.86527212454276,59.5 -122.2678165376415,37.86536521967802,59.5 
						</coordinates>
					</LinearRing>
				</outerBoundaryIs>
			</Polygon></MultiGeometry>
		</Placemark>
		<Placemark>
			<name>2847 Shattuck Ave · 132 units · In Review</name>
			<visibility>0</visibility>
			<description><![CDATA[<b>2847 SHATTUCK Ave</b><br/><b>Units:</b> 132<br/><b>VLI Units:</b> 0<br/><b>Stories:</b> 9<br/><b>Height:</b> 41.5m<br/><b>Status:</b> Application Submitted]]></description>
			<styleUrl>#style_Application_Submitted_parcel48</styleUrl>
			<MultiGeometry><Point><coordinates>-122.26635670269891,37.856963380569994,41.5</coordinates><altitudeMode>relativeToGround</altitudeMode></Point><Polygon>
				<extrude>1</extrude>
				<altitudeMode>relativeToGround</altitudeMode>
				<outerBoundaryIs>
					<LinearRing>
						<coordinates>
							-122.2661647243872,37.85688865891305,41.5 -122.266605074179,37.85683125014626,41.5 -122.2666334727546,37.85707803266258,41.5 -122.2662155177865,37.85713030221503,41.5 -122.2661647243872,37.85688865891305,41.5 
						</coordinates>
					</LinearRing>
				</outerBoundaryIs>
			</Polygon></MultiGeometry>
		</Placemark>
		<Placemark>
			<name>2109 Virginia St · 110 units · Entitled</name>
			<visibility>0</visibility>
			<description><![CDATA[<b>2109 VIRGINIA St</b><br/><b>Units:</b> 110<br/><b>VLI Units:</b> 0<br/><b>Stories:</b> 2<br/><b>Height:</b> 27.2m<br/><b>Status:</b> Entitled]]></description>
			<styleUrl>#style_Entitled_parcel612</styleUrl>
			<MultiGeometry><Point><coordinates>-122.26852053376608,37.877091086745565,27.2</coordinates><altitudeMode>relativeToGround</altitudeMode></Point><Polygon>
				<extrude>1</extrude>
				<altitudeMode>relativeToGround</altitudeMode>
				<outerBoundaryIs>
					<LinearRing>
						<coordinates>
							-122.2684071699731,37.87727807473793,27.2 -122.2688119010121,37.87724798499854,27.2 -122.2687506414209,37.8767132716366,27.2 -122.2683411796477,37.87676336747056,27.2 -122.2684051405695,37.87726574689183,27.2 -122.2684071699731,37.87727807473793,27.2 
						</coordinates>
					</LinearRing>
				</outerBoundaryIs>
			</Polygon></MultiGeometry>
		</Placemark>
		<Placemark>
			<name>2136 San Pablo Ave · 125 units · Entitled</name>
			<visibility>0</visibility>
			<description><![CDATA[<b>2136 SAN PABLO Ave</b><br/><b>Units:</b> 125<br/><b>VLI Units:</b> 10<br/><b>Stories:</b> 6<br/><b>Height:</b> 21.0m<br/><b>Status:</b> Entitled]]></description>
			<styleUrl>#style_Entitled_parcel62</styleUrl>
			<MultiGeometry><Point><coordinates>-122.29177601862588,37.866856074087764,21.0</coordinates><altitudeMode>relativeToGround</altitudeMode></Point><Polygon>
				<extrude>1</extrude>
				<altitudeMode>relativeToGround</altitudeMode>
				<outerBoundaryIs>
					<LinearRing>
						<coordinates>
							-122.291532386811,37.86670036502953,21 -122.2916877236018,37.86717867955219,21 -122.2921411984429,37.86708938296112,21 -122.2919863974627,37.86661157786645,21 -122.291532386811,37.86670036502953,21 
						</coordinates>
					</LinearRing>
				</outerBoundaryIs>
			</Polygon></MultiGeometry>
		</Placemark>
		<Placemark>
			<name>2425 Durant Ave · 117 units · Entitled</name>
			<visibility>0</visibility>
			<description><![CDATA[<b>2425 DURANT Ave</b><br/><b>Units:</b> 117<br/><b>VLI Units:</b> 0<br/><b>Stories:</b> 20<br/><b>Height:</b> 61.0m<br/><b>Status:</b> Decision Pending]]></description>
			<styleUrl>#style_Decision_Pending_parcel100</styleUrl>
			<MultiGeometry><Point><coordinates>-122.26014428640018,37.867959055036394,63.4</coordinates><altitudeMode>relativeToGround</altitudeMode></Point><Polygon>
				<extrude>1</extrude>
				<altitudeMode>relativeToGround</altitudeMode>
				<outerBoundaryIs>
					<LinearRing>
						<coordinates>
							-122.2599930122489,37.86779779616973,63.4 -122.2602413878907,37.8677653188486,63.4 -122.260317962351,37.86811738479477,63.4 -122.2602404724875,37.86812751695053,63.4 -122.260079871174,37.868148517285,63.4 -122.2599930122489,37.86779779616973,63.4 
						</coordinates>
					</LinearRing>
				</outerBoundaryIs>
			</Polygon></MultiGeometry>
		</Placemark>
		<Placemark>
			<name>2720 San Pablo Ave · 113 units · In Review</name>
			<visibility>0</visibility>
			<description><![CDATA[<b>2720 SAN PABLO Ave</b><br/><b>Units:</b> 113<br/><b>VLI Units:</b> 9<br/><b>Stories:</b> 10<br/><b>Height:</b> 35.7m<br/><b>Status:</b> In Review<br/><i>(height estimated from units)</i>]]></description>
			<styleUrl>#style_In_Review_parcel58187</styleUrl>
			<MultiGeometry><Point><coordinates>-122.28867623375004,37.85734740643587,20.1</coordinates><altitudeMode>relativeToGround</altitudeMode></Point><Polygon>
				<extrude>1</extrude>
				<altitudeMode>relativeToGround</altitudeMode>
				<outerBoundaryIs>
					<LinearRing>
						<coordinates>
							-122.2885780863559,37.85748227996431,20.1 -122.2884939590864,37.85723140912825,20.1 -122.2888240747898,37.85714287019837,20.1 -122.2889069621622,37.85739819292412,20.1 -122.2885780863559,37.85748227996431,20.1 
						</coordinates>
					</LinearRing>
				</outerBoundaryIs>
			</Polygon></MultiGeometry>
		</Placemark>
		<Placemark>
			<name>2000 Dwight Way · 113 units · Completed</name>
			<visibility>0</visibility>
			<description><![CDATA[<b>2000 DWIGHT Way</b><br/><b>Units:</b> 113<br/><b>VLI Units:</b> 0<br/><b>Stories:</b> 6<br/><b>Height:</b> 21.0m<br/><b>Status:</b> Completed<br/><i>Footprint 22,177 sf from the project's own Tabulation Form 2.1 (2019-12-18), PROPOSED column: 6 storeys, 86,059 sf gross floor area - matching v2's 6 storeys and the applicant statement's 'new 6-story Senior Housing building'. 762 sf per unit. REPLACES a 3,639 sf polygon that gave 193 sf per unit. MULTI-PARCEL: implied footprint far exceeds the single 3,639 sf county parcel, so extent is approximate; area is the architect's own. Note the form states 126 units against v2's 113 - a different filing vintage, not reconciled here.</i>]]></description>
			<styleUrl>#style_Completed_parcel0</styleUrl>
			<MultiGeometry><Point><coordinates>-122.26959412404601,37.863446395133295,21.0</coordinates><altitudeMode>relativeToGround</altitudeMode></Point><Polygon>
				<extrude>1</extrude>
				<altitudeMode>relativeToGround</altitudeMode>
				<outerBoundaryIs>
					<LinearRing>
						<coordinates>
							-122.2693435686815,37.8632746773055,21.0 -122.2697016557516,37.8632252376466,21.0 -122.2697484846164,37.8632177538148,21.0 -122.2698128931800,37.8637660530649,21.0 -122.2694547176761,37.8638104147518,21.0 -122.2693435686815,37.8632746773055,21.0 
						</coordinates>
					</LinearRing>
				</outerBoundaryIs>
			</Polygon></MultiGeometry>
		</Placemark>
		<Placemark>
			<name>2530 Bancroft Way · 110 units · Entitled</name>
			<visibility>0</visibility>
			<description><![CDATA[<b>2530 BANCROFT Way</b><br/><b>Units:</b> 110<br/><b>VLI Units:</b> 11<br/><b>Stories:</b> 12<br/><b>Height:</b> 42.0m<br/><b>Status:</b> Entitled]]></description>
			<styleUrl>#style_Entitled_parcel61014</styleUrl>
			<MultiGeometry><Point><coordinates>-122.25821373991934,37.86858860949201,42.0</coordinates><altitudeMode>relativeToGround</altitudeMode></Point><Polygon>
				<extrude>1</extrude>
				<altitudeMode>relativeToGround</altitudeMode>
				<outerBoundaryIs>
					<LinearRing>
						<coordinates>
							-122.2580776947641,37.86875462148472,42 -122.2584887617401,37.86870179976934,42 -122.2584177952901,37.86833891196952,42 -122.2580067530384,37.86839309275174,42 -122.2580776947641,37.86875462148472,42 
						</coordinates>
					</LinearRing>
				</outerBoundaryIs>
			</Polygon></MultiGeometry>
		</Placemark>
		<Placemark>
			<name>1717 SAN PABLO Ave</name>
			<visibility>0</visibility>
			<description><![CDATA[<b>1701- 1717 SAN PABLO Ave</b><br/><b>Units:</b> 110<br/><b>VLI Units:</b> 110<br/><b>Stories:</b> 10<br/><b>Height:</b> 35.0m<br/><b>Status:</b> Under Construction<br/><i>(height estimated from units)</i>]]></description>
			<styleUrl>#style_Under_Construction_parcel0</styleUrl>
			<Polygon>
				<extrude>1</extrude>
				<altitudeMode>relativeToGround</altitudeMode>
				<outerBoundaryIs>
					<LinearRing>
						<coordinates>
							-122.293343837942,37.87337176305611,35 -122.293122874638,37.87268684640154,35 -122.2925053248902,37.87280945527666,35 -122.2927141179213,37.87350122265381,35 -122.293343837942,37.87337176305611,35 
						</coordinates>
					</LinearRing>
				</outerBoundaryIs>
			</Polygon>
		</Placemark>
		<Placemark>
			<name>2109 Milvia St · 105 units · In Review</name>
			<visibility>0</visibility>
			<description><![CDATA[<b>2109 MILVIA St</b><br/><b>Units:</b> 105<br/><b>VLI Units:</b> 0<br/><b>Stories:</b> 14<br/><b>Height:</b> 49.0m<br/><b>Status:</b> In Review]]></description>
			<styleUrl>#style_In_Review_parcel581814</styleUrl>
			<MultiGeometry><Point><coordinates>-122.27035952084498,37.870610140364676,49.0</coordinates><altitudeMode>relativeToGround</altitudeMode></Point><Polygon>
				<extrude>1</extrude>
				<altitudeMode>relativeToGround</altitudeMode>
				<outerBoundaryIs>
					<LinearRing>
						<coordinates>
							-122.2702591167687,37.87071533196789,49.00000000000001 -122.2705423846401,37.87067882035553,49.00000000000001 -122.2705179068313,37.87045188837567,49.00000000000001 -122.2702190792161,37.87048932915641,49.00000000000001 -122.2702591167687,37.87071533196789,49.00000000000001 
						</coordinates>
					</LinearRing>
				</outerBoundaryIs>
			</Polygon></MultiGeometry>
		</Placemark>
		<Placemark>
			<name>2198 San Pablo Ave · 100 units · Entitled</name>
			<visibility>0</visibility>
			<description><![CDATA[<b>2198 SAN PABLO Ave</b><br/><b>Units:</b> 100<br/><b>VLI Units:</b> 0<br/><b>Stories:</b> 7<br/><b>Height:</b> 24.5m<br/><b>Status:</b> Entitled]]></description>
			<styleUrl>#style_Entitled_parcel618</styleUrl>
			<MultiGeometry><Point><coordinates>-122.29161868186893,37.866515402643266,24.5</coordinates><altitudeMode>relativeToGround</altitudeMode></Point><Polygon>
				<extrude>1</extrude>
				<altitudeMode>relativeToGround</altitudeMode>
				<outerBoundaryIs>
					<LinearRing>
						<coordinates>
							-122.2914480991251,37.86643863055377,24.5 -122.291532386811,37.86670036502953,24.5 -122.2918753329339,37.8666284355734,24.5 -122.2917894913495,37.86637095150585,24.5 -122.2914480991251,37.86643863055377,24.5 
						</coordinates>
					</LinearRing>
				</outerBoundaryIs>
			</Polygon></MultiGeometry>
		</Placemark>
		<Placemark>
			<name>2655 Shattuck Ave · 97 units · Entitled</name>
			<visibility>0</visibility>
			<description><![CDATA[<b>2655 SHATTUCK Ave</b><br/><b>Units:</b> 97<br/><b>VLI Units:</b> 0<br/><b>Stories:</b> 8<br/><b>Height:</b> 25.9m<br/><b>Status:</b> Decision Pending]]></description>
			<styleUrl>#style_Decision_Pending_parcel00</styleUrl>
			<MultiGeometry><Point><coordinates>-122.26648493902947,37.86072789690659,25.9</coordinates><altitudeMode>relativeToGround</altitudeMode></Point><Polygon>
				<extrude>1</extrude>
				<altitudeMode>relativeToGround</altitudeMode>
				<outerBoundaryIs>
					<LinearRing>
						<coordinates>
							-122.2663191255262,37.86089523313471,25.9 -122.2667561221218,37.8608468576224,25.9 -122.2667816502156,37.86046397517401,25.9 -122.2662486717575,37.86053818546711,25.9 -122.2663191255262,37.86089523313471,25.9 
						</coordinates>
					</LinearRing>
				</outerBoundaryIs>
			</Polygon></MultiGeometry>
		</Placemark>
		<Placemark>
			<name>2450 Shattuck Ave · 94 units · In Review</name>
			<visibility>0</visibility>
			<description><![CDATA[<b>2450 SHATTUCK Ave</b><br/><b>Units:</b> 94<br/><b>VLI Units:</b> 0<br/><b>Stories:</b> 7<br/><b>Height:</b> 24.5m<br/><b>Status:</b> In Review<br/><i>(height estimated from units)</i>]]></description>
			<styleUrl>#style_In_Review_parcel6</styleUrl>
			<MultiGeometry><Point><coordinates>-122.26791504573075,37.864610326929565,24.5</coordinates><altitudeMode>relativeToGround</altitudeMode></Point><Polygon>
				<extrude>1</extrude>
				<altitudeMode>relativeToGround</altitudeMode>
				<outerBoundaryIs>
					<LinearRing>
						<coordinates>
							-122.267745024621,37.8647626827703,24.5 -122.2682199953658,37.86470270034828,24.5 -122.2681572050163,37.86437964667046,24.5 -122.2677079790297,37.8644439220885,24.5 -122.267745024621,37.8647626827703,24.5 
						</coordinates>
					</LinearRing>
				</outerBoundaryIs>
			</Polygon></MultiGeometry>
		</Placemark>
		<Placemark>
			<name>2001 Ashby Ave · 87 units · Completed</name>
			<visibility>0</visibility>
			<description><![CDATA[<b>2001 ASHBY Ave</b><br/><b>Units:</b> 87<br/><b>VLI Units:</b> 86<br/><b>Stories:</b> 1<br/><b>Height:</b> 3.5m<br/><b>Status:</b> Completed]]></description>
			<styleUrl>#style_Completed_parcel0</styleUrl>
			<MultiGeometry><Point><coordinates>-122.26841096162525,37.85532591248513,3.5</coordinates><altitudeMode>relativeToGround</altitudeMode></Point><Polygon>
				<extrude>1</extrude>
				<altitudeMode>relativeToGround</altitudeMode>
				<outerBoundaryIs>
					<LinearRing>
						<coordinates>
							-122.2680143544641,37.85560352017218,3.5 -122.2680588419296,37.85559787972672,3.5 -122.2680450383111,37.85548857423015,3.5 -122.2681134430646,37.85547990177098,3.5 -122.2680789316493,37.85520663937028,3.5 -122.2685871442872,37.85514220475695,3.5 -122.2685964923144,37.85514167517936,3.5 -122.2686058189153,37.85514239376007,3.5 -122.2686148605719,37.85514433993507,3.5 -122.2686233597965,37.85514745802748,3.5 -122.2686310741988,37.85515166000763,3.5 -122.2686377844509,37.85515682464126,3.5 -122.2686433010093,37.85516280744558,3.5 -122.2686474652964,37.85516943618993,3.5 -122.2686501586689,37.85517652356972,3.5 -122.2686513058279,37.8551838672275,3.5 -122.268650874721,37.85519125966661,3.5 -122.2686488742692,37.85519848823711,3.5 -122.2684715079074,37.85565661552959,3.5 -122.2680281580558,37.85571282566998,3.5 -122.2680280115817,37.85571165938652,3.5 -122.2680143544641,37.85560352017218,3.5 
						</coordinates>
					</LinearRing>
				</outerBoundaryIs>
			</Polygon></MultiGeometry>
		</Placemark>
		<Placemark>
			<name>2036 Bancroft Way · 87 units · In Review</name>
			<visibility>0</visibility>
			<description><![CDATA[<b>2036 BANCROFT Way</b><br/><b>Units:</b> 87<br/><b>VLI Units:</b> 4<br/><b>Stories:</b> 8<br/><b>Height:</b> 25.9m<br/><b>Status:</b> In Review<br/><i>Position MEASURED OFF SHEET A100 PROPOSED SITE PLAN (1"=10'-0") of the 2025-10-02 RESUB Entitlement Plan Set (documents 2253), not derived. Its key map dimensions the enlarged parcel directly: APN 55-1894-16 = <b>113'-1" along Bancroft x 130'-0" deep</b>, with 118'-10" remaining from its east edge to Shattuck Ave. Plan note 1: "A LOT LINE ADJUSTMENT FOR PARCELS (APN: 55-1894-16) &amp; (APN: 55-1894-17-4) WILL BE SUBMITTED FOR APPROVAL" — the tabulation books it as -016 growing 6,595 -&gt; 14,582 sf while -017-04 shrinks 37,696 -&gt; 29,709 sf (7,987 sf transfers, both sides matching exactly). Building placed to the sheet's dimensioned setbacks: <b>0' required on the east, (P) 7'-0" side setback on the west</b>, front 0'-0" per the tabulation, giving 32.3 x 33.4 m = 11,608 sf against the stated 11,610 and a 6.3 m rear gap against the drawing's 5'-0" minimum. West property line is -016's EXISTING line against 2028 Bancroft, unchanged by the adjustment. 8 storeys / 85 ft = 25.9 m. -017-04 retains the existing 4-storey 2300-2350 Shattuck building (office &amp; retail, HT 45'+/-, footprint 31,115 -&gt; 24,535 sf, height NO CHANGE). Units 87 per the plan set unit table (31 studio + 8 one-bed + 13 two-bed + 35 three-bed; 8 below-market-rate). SUPERSEDES a 30.8 x 35.0 m ring derived from lot area alone — right area, wrong shape — and before that a 11,636 sf box floating in the interior of -017-04, touching no street.</i>]]></description>
			<styleUrl>#style_In_Review_parcel2</styleUrl>
			<MultiGeometry><Point><coordinates>-122.26856926266572,37.86725848611434,25.9</coordinates><altitudeMode>relativeToGround</altitudeMode></Point><Polygon>
				<extrude>1</extrude>
				<altitudeMode>relativeToGround</altitudeMode>
				<outerBoundaryIs>
					<LinearRing>
						<coordinates>
							-122.26878039760649,37.86738096114307,25.9 -122.26841816252386,37.86743189846606,25.9 -122.26835812772495,37.8671360110856,25.9 -122.26872036280758,37.86708507376261,25.9 -122.26878039760649,37.86738096114307,25.9 </coordinates>
					</LinearRing>
				</outerBoundaryIs>
			</Polygon></MultiGeometry>
		</Placemark>
		<Placemark>
			<name>1700 Sacramento St · 85 units · In Review</name>
			<visibility>0</visibility>
			<description><![CDATA[<b>1700 SACRAMENTO St</b><br/><b>Units:</b> 85<br/><b>VLI Units:</b> 0<br/><b>Stories:</b> 7<br/><b>Height:</b> 24.5m<br/><b>Status:</b> In Review<br/><i>(height estimated from units)</i>]]></description>
			<styleUrl>#style_In_Review_parcel58189</styleUrl>
			<MultiGeometry><Point><coordinates>-122.28216052005746,37.87471451380403,24.5</coordinates><altitudeMode>relativeToGround</altitudeMode></Point><Polygon>
				<extrude>1</extrude>
				<altitudeMode>relativeToGround</altitudeMode>
				<outerBoundaryIs>
					<LinearRing>
						<coordinates>
							-122.2821214290198,37.87483252745301,24.5 -122.2822561117269,37.87481332914388,24.5 -122.2822234909072,37.87453776763364,24.5 -122.2820801396136,37.87455641733663,24.5 -122.2821214290198,37.87483252745301,24.5 
						</coordinates>
					</LinearRing>
				</outerBoundaryIs>
			</Polygon></MultiGeometry>
		</Placemark>
		<Placemark>
			<name>2538 Durant Ave · 83 units · Under Construction</name>
			<visibility>0</visibility>
			<description><![CDATA[<b>2538 DURANT Ave</b><br/><b>Units:</b> 83<br/><b>VLI Units:</b> 5<br/><b>Stories:</b> 8<br/><b>Height:</b> 28.0m<br/><b>Status:</b> Under Construction<br/><i>Footprint 10,465 sf from the architect tabulation's 'PROPOSED BUILDING - LOT COVERAGE DIAGRAM' (lot 12,792 sf); 10,465/12,792 = 81.8% reproduces the stated 82%. The 10,935 sf / 85% block is the existing condition. Was 6,275 sf. NOTE: MULTI-PARCEL SITE - the stated lot (12,792 sf) is 2.04x the single county parcel (6,275 sf), so extent across the second parcel is approximate; area and position are right.</i>]]></description>
			<styleUrl>#style_Under_Construction_parcel22</styleUrl>
			<MultiGeometry><Point><coordinates>-122.25716464976044,37.86772938324897,28.0</coordinates><altitudeMode>relativeToGround</altitudeMode></Point><Polygon>
				<extrude>1</extrude>
				<altitudeMode>relativeToGround</altitudeMode>
				<outerBoundaryIs>
					<LinearRing>
						<coordinates>
							-122.2570351595889,37.8675512467223,28.0 -122.2572492818359,37.8675232319010,28.0 -122.2573426389824,37.8679696832187,28.0 -122.2571264312641,37.8680039401845,28.0 -122.2570351595889,37.8675512467223,28.0 
						</coordinates>
					</LinearRing>
				</outerBoundaryIs>
			</Polygon></MultiGeometry>
		</Placemark>
		<Placemark>
			<name>2000 University Ave · 82 units · Completed</name>
			<visibility>0</visibility>
			<description><![CDATA[<b>2000 University Ave</b><br/><b>Units:</b> 82<br/><b>VLI Units:</b> 0<br/><b>Stories:</b> 8<br/><b>Height:</b> 25.6m<br/><b>Status:</b> Completed<br/><i>(8 storeys / 84 ft — DRC Staff Report DRCF2022-0001)</i><br/><i>Height corrected 28.0m / 8 storeys from v2 (Overture num_floors), 2026-08-26. Was the 10.5m migration placeholder for a 82-unit building.</i>]]></description>
			<styleUrl>#style_Completed_parcel0</styleUrl>
			<MultiGeometry><Point><coordinates>-122.27048173840026,37.87159617446581,25.6</coordinates><altitudeMode>relativeToGround</altitudeMode></Point><Polygon>
				<extrude>1</extrude>
				<altitudeMode>relativeToGround</altitudeMode>
				<outerBoundaryIs>
					<LinearRing>
						<coordinates>-122.270396957898,37.87149925005609,25.6 -122.2705802418811,37.87148413456205,25.6 -122.2706071079295,37.87173850398432,25.6 -122.2704274263947,37.87175973367047,25.6 -122.270396957898,37.87149925005609,25.6</coordinates>
					</LinearRing>
				</outerBoundaryIs>
			</Polygon></MultiGeometry>
		</Placemark>
		<Placemark>
			<name>1708 Harmon St · 80 units · Permitted</name>
			<visibility>0</visibility>
			<description><![CDATA[<b>1708 HARMON St</b><br/><b>Units:</b> 80<br/><b>VLI Units:</b> 80<br/><b>Stories:</b> 5<br/><b>Height:</b> 17.5m<br/><b>Status:</b> Permits Active]]></description>
			<styleUrl>#style_Permits_Active_parcel5</styleUrl>
			<MultiGeometry><Point><coordinates>-122.27319093350266,37.84901075054883,17.5</coordinates><altitudeMode>relativeToGround</altitudeMode></Point><Polygon>
				<extrude>1</extrude>
				<altitudeMode>relativeToGround</altitudeMode>
				<outerBoundaryIs>
					<LinearRing>
						<coordinates>
							-122.2732345244464,37.84923034250092,17.5 -122.2732221485848,37.84912023331194,17.5 -122.2728122705305,37.84917477286226,17.5 -122.2727783737108,37.84887318848318,17.5 -122.2729833130868,37.84884592254835,17.5 -122.2731882523263,37.84881865535392,17.5 -122.2731651158681,37.84861281266259,17.5 -122.2735749916395,37.84855827815998,17.5 -122.2736583168587,37.84929958645437,17.5 -122.2732484370311,37.8493541211987,17.5 -122.2732345244464,37.84923034250092,17.5 
						</coordinates>
					</LinearRing>
				</outerBoundaryIs>
			</Polygon></MultiGeometry>
		</Placemark>
		<Placemark>
			<name>2680 Bancroft Way · 79 units · Entitled</name>
			<visibility>0</visibility>
			<description><![CDATA[<b>2680 BANCROFT Way</b><br/><b>Units:</b> 79<br/><b>VLI Units:</b> 9<br/><b>Stories:</b> 8<br/><b>Height:</b> 28.0m<br/><b>Status:</b> Entitled<br/><i>Footprint 5,215 sf = the NEW 8-storey building on APN 055-1871-001-03 (lot 7,150 sf); 5,215/7,150 = 72.9% reproduces the sheet's stated 73%. The 5,261 sf on APN 55-1871-20 is an EXISTING 4-storey building RETAINED ('NO CHANGE' in its lot, footprint, storey and height rows) and is NOT part of this figure. Was 7,469 sf.</i>]]></description>
			<styleUrl>#style_Entitled_parcel1</styleUrl>
			<MultiGeometry><Point><coordinates>-122.25506492790313,37.86902021604211,28.0</coordinates><altitudeMode>relativeToGround</altitudeMode></Point><Polygon>
				<extrude>1</extrude>
				<altitudeMode>relativeToGround</altitudeMode>
				<outerBoundaryIs>
					<LinearRing>
						<coordinates>
							-122.2550209944442,37.8691355829431,28.0 -122.2551996733779,37.8691064076991,28.0 -122.2551332468379,37.8688369637512,28.0 -122.2549610925759,37.8688567064412,28.0 -122.2550209944442,37.8691355829431,28.0 
						</coordinates>
					</LinearRing>
				</outerBoundaryIs>
			</Polygon></MultiGeometry>
		</Placemark>
		<Placemark>
			<name>2660 Bancroft Way · 78 units · In Review</name>
			<visibility>0</visibility>
			<description><![CDATA[<b>2660 BANCROFT Way</b><br/><b>Units:</b> 78<br/><b>VLI Units:</b> 0<br/><b>Stories:</b> 8<br/><b>Height:</b> 28.0m<br/><b>Status:</b> Application Submitted]]></description>
			<styleUrl>#style_Application_Submitted_parcel1</styleUrl>
			<MultiGeometry><Point><coordinates>-122.25528195999496,37.868988251778205,28.0</coordinates><altitudeMode>relativeToGround</altitudeMode></Point><Polygon>
				<extrude>1</extrude>
				<altitudeMode>relativeToGround</altitudeMode>
				<outerBoundaryIs>
					<LinearRing>
						<coordinates>
							-122.2552331531562,37.8691286234623,28 -122.2554230254789,37.86909832878837,28 -122.2553593445438,37.86877910864972,28 -122.2551611236397,37.86880657452835,28 -122.2552331531562,37.8691286234623,28 
						</coordinates>
					</LinearRing>
				</outerBoundaryIs>
			</Polygon></MultiGeometry>
		</Placemark>
		<Placemark>
			<name>2427 San Pablo · 78 units · Completed</name>
			<visibility>0</visibility>
			<description><![CDATA[<b>2427 San Pablo</b><br/><b>Units:</b> 78<br/><b>VLI Units:</b> 0<br/><b>Stories:</b> 7<br/><b>Height:</b> 21.3m<br/><b>Status:</b> Completed<br/><i>(height estimated from units)</i>]]></description>
			<styleUrl>#style_Entitled_parcel61010</styleUrl>
			<MultiGeometry><Point><coordinates>-122.28937079330345,37.861867394125866,21.3</coordinates><altitudeMode>relativeToGround</altitudeMode></Point><Polygon>
				<extrude>1</extrude>
				<altitudeMode>relativeToGround</altitudeMode>
				<outerBoundaryIs>
					<LinearRing>
						<coordinates>
							-122.2892917772261,37.86193637886238,21.3 -122.2892600231865,37.8618407230334,21.3 -122.2892469620572,37.86180178129661,21.3 -122.2895796282448,37.8617328697494,21.3 -122.2896299120304,37.86187837700161,21.3 -122.2892954731531,37.86194525007528,21.3 -122.2892917772261,37.86193637886238,21.3 
						</coordinates>
					</LinearRing>
				</outerBoundaryIs>
			</Polygon></MultiGeometry>
		</Placemark>
		<Placemark>
			<name>2955 Shattuck Ave · 74 units · In Review</name>
			<visibility>0</visibility>
			<description><![CDATA[<b>2955 SHATTUCK Ave</b><br/><b>Units:</b> 74<br/><b>VLI Units:</b> 0<br/><b>Stories:</b> 8<br/><b>Height:</b> 25.9m<br/><b>Status:</b> In Review<br/><i>Footprint 15,610 sf and height 8 storeys from the project's own Tabulation Form 1.E (2025-05-25), PROPOSED column: lot 16,968 sf x 92% coverage. CORRECTS AN EARLIER EDIT OF MINE THAT TOOK THE EXISTING COLUMN (51% -> 8,654 sf) from a plan set, when a 1.E was on R2 all along. The units row settles the column order beyond doubt: 0 existing, 74 proposed. Before either edit the polygon was a degenerate 1,113 sf sliver. Lot 16,968 sf exceeds the single county parcel (12,207 sf), so this is a multi-parcel site and the extent is approximate; area and height are the architect's own. Moved 1.84 m EAST 2026-08-26: the footprint's WEST edge (its Shattuck frontage — 2955 is on the EAST side of the street) overhung the property line into the roadway. Site is TWO parcels, 53-1589-18-1 (2925 Shattuck, 12,235 sf) + 53-1589-19 (2921 Shattuck, 4,831 sf) = 17,066 sf against the 1.E's stated 16,968 sf lot; at 92% coverage the building nearly fills the site, so placement error shows up immediately as a street intrusion.</i><br/><i>Footprint 15,611 sf and 8 storeys / 85 ft from the Tabulation Form 1.E, PROPOSED column. Read INDEPENDENTLY by two sessions and agreeing; column identified by the form's dwelling-units row. Was 15,611 sf at 28.0 m. 2026-08-26.</i>]]></description>
			<styleUrl>#style_In_Review_parcel581815</styleUrl>
			<MultiGeometry><Point><coordinates>-122.2660772427984,37.85572309388094,25.9</coordinates><altitudeMode>relativeToGround</altitudeMode></Point><Polygon>
				<extrude>1</extrude>
				<altitudeMode>relativeToGround</altitudeMode>
				<outerBoundaryIs>
					<LinearRing>
						<coordinates>
							-122.26599991428715,37.8558708753554,25.9 -122.26597360465355,37.8557532333461,25.9 -122.26601265974826,37.8557479892304,25.9 -122.26619619179395,37.8557227165703,25.9 -122.26617378003256,37.8556042457884,25.9 -122.26643548981716,37.8555715986178,25.9 -122.26648725188646,37.8559358021560,25.9 -122.26602832618006,37.8559946998889,25.9 -122.26599991428715,37.8558708753554,25.9 
						</coordinates>
					</LinearRing>
				</outerBoundaryIs>
			</Polygon></MultiGeometry>
		</Placemark>
		<Placemark>
			<name>2037 Durant Ave · 74 units · Entitled</name>
			<visibility>0</visibility>
			<description><![CDATA[<b>2037 DURANT Ave</b><br/><b>Units:</b> 74<br/><b>VLI Units:</b> 4<br/><b>Stories:</b> 1<br/><b>Height:</b> 27.4m<br/><b>Status:</b> Entitled]]></description>
			<styleUrl>#style_Entitled_parcel61012</styleUrl>
			<MultiGeometry><Point><coordinates>-122.26852565750944,37.86691015909018,27.4</coordinates><altitudeMode>relativeToGround</altitudeMode></Point><Polygon>
				<extrude>1</extrude>
				<altitudeMode>relativeToGround</altitudeMode>
				<outerBoundaryIs>
					<LinearRing>
						<coordinates>
							-122.2684223227929,37.86706859785014,27.4 -122.2687483708235,37.86702749408837,27.4 -122.268679295848,37.86667349714114,27.4 -122.2683559752899,37.86671260852114,27.4 -122.2684223227929,37.86706859785014,27.4 
						</coordinates>
					</LinearRing>
				</outerBoundaryIs>
			</Polygon></MultiGeometry>
		</Placemark>
		<Placemark>
			<name>2138 Kittredge St · 73 units · Permitted</name>
			<visibility>0</visibility>
			<description><![CDATA[<b>2138 KITTREDGE St</b><br/><b>Units:</b> 73<br/><b>VLI Units:</b> 5<br/><b>Stories:</b> 8<br/><b>Height:</b> 28.0m<br/><b>Status:</b> Entitled]]></description>
			<styleUrl>#style_Entitled_parcel2</styleUrl>
			<MultiGeometry><Point><coordinates>-122.26700080043511,37.868384886360204,28.0</coordinates><altitudeMode>relativeToGround</altitudeMode></Point><Polygon>
				<extrude>1</extrude>
				<altitudeMode>relativeToGround</altitudeMode>
				<outerBoundaryIs>
					<LinearRing>
						<coordinates>
							-122.266961933351,37.86854231117494,28 -122.2671294158954,37.86851851692969,28 -122.2670582512068,37.86814945366185,28 -122.2668924683713,37.86817183885958,28 -122.266961933351,37.86854231117494,28 
						</coordinates>
					</LinearRing>
				</outerBoundaryIs>
			</Polygon></MultiGeometry>
		</Placemark>
		<Placemark>
			<name>2099 MLK Jr Way · 72 units · Completed</name>
			<visibility>0</visibility>
			<description><![CDATA[<b>2099 MLK Jr Way</b><br/><b>Units:</b> 72<br/><b>VLI Units:</b> 0<br/><b>Stories:</b> 7<br/><b>Height:</b> 24.5m<br/><b>Status:</b> Completed<br/><i>(7 storeys, building permit B2021-03950)</i>]]></description>
			<styleUrl>#style_Completed_parcel0</styleUrl>
			<MultiGeometry><Point><coordinates>-122.27260426676625,37.87086361590322,24.5</coordinates><altitudeMode>relativeToGround</altitudeMode></Point><Polygon>
				<extrude>1</extrude>
				<altitudeMode>relativeToGround</altitudeMode>
				<outerBoundaryIs>
					<LinearRing>
						<coordinates>
							-122.2724593419027,37.87072941316434,24.5 -122.2727754389462,37.87068964799388,24.5 -122.2728190673195,37.87106530189369,24.5 -122.2725081437602,37.87110430329983,24.5 -122.2724593419027,37.87072941316434,24.5 
						</coordinates>
					</LinearRing>
				</outerBoundaryIs>
			</Polygon></MultiGeometry>
		</Placemark>
		<Placemark>
			<name>2550 Shattuck Ave · 72 units · Entitled</name>
			<visibility>0</visibility>
			<description><![CDATA[<b>2550 SHATTUCK Ave</b><br/><b>Units:</b> 72<br/><b>VLI Units:</b> 8<br/><b>Stories:</b> 7<br/><b>Height:</b> 24.5m<br/><b>Status:</b> Entitled]]></description>
			<styleUrl>#style_Entitled_parcel61010</styleUrl>
			<MultiGeometry><Point><coordinates>-122.26771188496511,37.862746770138166,24.5</coordinates><altitudeMode>relativeToGround</altitudeMode></Point><Polygon>
				<extrude>1</extrude>
				<altitudeMode>relativeToGround</altitudeMode>
				<outerBoundaryIs>
					<LinearRing>
						<coordinates>
							-122.2675115118028,37.86266901739254,24.5 -122.2679760918504,37.86260986802267,24.5 -122.268021912731,37.86286051489864,24.5 -122.2675383966386,37.86292543298442,24.5 -122.2675115118028,37.86266901739254,24.5 
						</coordinates>
					</LinearRing>
				</outerBoundaryIs>
			</Polygon></MultiGeometry>
		</Placemark>
		<Placemark>
			<name>2326 Durant Ave · 70 units · In Review</name>
			<visibility>0</visibility>
			<description><![CDATA[<b>2326 DURANT Ave</b><br/><b>Units:</b> 70<br/><b>VLI Units:</b> 0<br/><b>Stories:</b> 7<br/><b>Height:</b> 24.5m<br/><b>Status:</b> In Review<br/><i>(height estimated from units)</i>]]></description>
			<styleUrl>#style_In_Review_parcel581828</styleUrl>
			<MultiGeometry><Point><coordinates>-122.26226118833362,37.867132618550464,24.5</coordinates><altitudeMode>relativeToGround</altitudeMode></Point><Polygon>
				<extrude>1</extrude>
				<altitudeMode>relativeToGround</altitudeMode>
				<outerBoundaryIs>
					<LinearRing>
						<coordinates>
							-122.2622129069541,37.86728798013969,24.5 -122.2624063250587,37.86726243176764,24.5 -122.2623336247682,37.8669002554371,24.5 -122.262140177933,37.8669244452682,24.5 -122.2622129069541,37.86728798013969,24.5 
						</coordinates>
					</LinearRing>
				</outerBoundaryIs>
			</Polygon></MultiGeometry>
		</Placemark>
		<Placemark>
			<name>2300 Ellsworth St · 69 units · Under Construction</name>
			<visibility>0</visibility>
			<description><![CDATA[<b>2300 ELLSWORTH St</b><br/><b>Units:</b> 69<br/><b>VLI Units:</b> 0<br/><b>Stories:</b> 7<br/><b>Height:</b> 22.9m<br/><b>Status:</b> Permits Active<br/><i>Footprint 12,640 sf and 7 storeys from the project's own Tabulation Form 1.E, PROPOSED column — identified by the form's DWELLING-UNITS row matching v2's count, not by column position. Was 6,547 sf at 24.5 m. 2026-08-26.</i><br/><i>Footprint 12,640 sf and 7 storeys / 75 ft from the Tabulation Form 1.E, PROPOSED column. Read INDEPENDENTLY by two sessions and agreeing; column identified by the form's dwelling-units row. Was 12,640 sf at 24.5 m. 2026-08-26.</i>]]></description>
			<styleUrl>#style_Permits_Active_parcel5</styleUrl>
			<MultiGeometry><Point><coordinates>-122.26394438394102,37.86790362862105,22.9</coordinates><altitudeMode>relativeToGround</altitudeMode></Point><Polygon>
				<extrude>1</extrude>
				<altitudeMode>relativeToGround</altitudeMode>
				<outerBoundaryIs>
					<LinearRing>
						<coordinates>
							-122.2637133126157,37.8678272330898,22.9 -122.2642004893896,37.8677646169284,22.9 -122.2642520392660,37.8680090731800,22.9 -122.2637671050683,37.8680649722760,22.9 -122.2637133126157,37.8678272330898,22.9 
						</coordinates>
					</LinearRing>
				</outerBoundaryIs>
			</Polygon></MultiGeometry>
		</Placemark>
		<Placemark>
			<name>2330 Durant Ave · 68 units · In Review</name>
			<visibility>0</visibility>
			<description><![CDATA[<b>2330 DURANT Ave</b><br/><b>Units:</b> 68<br/><b>VLI Units:</b> 0<br/><b>Stories:</b> 6<br/><b>Height:</b> 21.0m<br/><b>Status:</b> In Review]]></description>
			<styleUrl>#style_In_Review_parcel581838</styleUrl>
			<MultiGeometry><Point><coordinates>-122.26208536407337,37.867155157055016,21.0</coordinates><altitudeMode>relativeToGround</altitudeMode></Point><Polygon>
				<extrude>1</extrude>
				<altitudeMode>relativeToGround</altitudeMode>
				<outerBoundaryIs>
					<LinearRing>
						<coordinates>
							-122.2620488246208,37.86730896766862,21 -122.2622129069541,37.86728798013969,21 -122.262140177933,37.8669244452682,21 -122.2619760862381,37.86694542452996,21 -122.2620488246208,37.86730896766862,21 
						</coordinates>
					</LinearRing>
				</outerBoundaryIs>
			</Polygon></MultiGeometry>
		</Placemark>
		<Placemark>
			<name>2455 Telegraph Ave · 68 units · In Review</name>
			<visibility>0</visibility>
			<description><![CDATA[<b>2455 TELEGRAPH Ave</b><br/><b>Units:</b> 68<br/><b>VLI Units:</b> 7<br/><b>Stories:</b> 8<br/><b>Height:</b> 28.0m<br/><b>Status:</b> In Review]]></description>
			<styleUrl>#style_In_Review_parcel5824</styleUrl>
			<MultiGeometry><Point><coordinates>-122.25825819982535,37.86585957910636,28.0</coordinates><altitudeMode>relativeToGround</altitudeMode></Point><Polygon>
				<extrude>1</extrude>
				<altitudeMode>relativeToGround</altitudeMode>
				<outerBoundaryIs>
					<LinearRing>
						<coordinates>
							-122.2580874666656,37.86580444026676,28 -122.2581249197042,37.86599615931336,28 -122.2585151687762,37.86594227430449,28 -122.2584759773152,37.86575058138047,28 -122.2580874666656,37.86580444026676,28 
						</coordinates>
					</LinearRing>
				</outerBoundaryIs>
			</Polygon></MultiGeometry>
		</Placemark>
		<Placemark>
			<name>1752 Shattuck Ave · 72 units · Completed</name>
			<visibility>0</visibility>
			<description><![CDATA[<b>1752 SHATTUCK Ave</b><br/><b>Units:</b> 68<br/><b>VLI Units:</b> 0<br/><b>Stories:</b> 7<br/><b>Height:</b> 24.5m<br/><b>Status:</b> Completed]]></description>
			<styleUrl>#style_Completed_parcel0</styleUrl>
			<MultiGeometry><Point><coordinates>-122.26913343141001,37.875364455691894,24.5</coordinates><altitudeMode>relativeToGround</altitudeMode></Point><Polygon>
				<extrude>1</extrude>
				<altitudeMode>relativeToGround</altitudeMode>
				<outerBoundaryIs>
					<LinearRing>
						<coordinates>
							-122.2689195259551,37.87529478389757,24.5 -122.2692648392859,37.87524428965758,24.5 -122.2692695308692,37.87529572390658,24.5 -122.2692716275741,37.87531080199859,24.5 -122.2692198212689,37.87531775114409,24.5 -122.2692464239821,37.87556182091574,24.5 -122.2689561563897,37.87559569011744,24.5 -122.2689195259551,37.87529478389757,24.5 
						</coordinates>
					</LinearRing>
				</outerBoundaryIs>
			</Polygon></MultiGeometry>
		</Placemark>
		<Placemark>
			<name>2462 Bancroft Way · 66 units · Entitled</name>
			<visibility>0</visibility>
			<description><![CDATA[<b>2462 BANCROFT Way</b><br/><b>Units:</b> 66<br/><b>VLI Units:</b> 3<br/><b>Stories:</b> 8<br/><b>Height:</b> 26.8m<br/><b>Status:</b> Entitled]]></description>
			<styleUrl>#style_Entitled_parcel61010</styleUrl>
			<MultiGeometry><Point><coordinates>-122.25999263411613,37.86830475474528,26.8</coordinates><altitudeMode>relativeToGround</altitudeMode></Point><Polygon>
				<extrude>1</extrude>
				<altitudeMode>relativeToGround</altitudeMode>
				<outerBoundaryIs>
					<LinearRing>
						<coordinates>
							-122.2598866472237,37.86817378183533,26.8 -122.260079871174,37.868148517285,26.8 -122.2601471181289,37.86850180182801,26.8 -122.2599628868304,37.86852589094273,26.8 -122.2598866472237,37.86817378183533,26.8 
						</coordinates>
					</LinearRing>
				</outerBoundaryIs>
			</Polygon></MultiGeometry>
		</Placemark>
		<Placemark>
			<name>2072 Addison St · 66 units · Completed</name>
			<visibility>0</visibility>
			<description><![CDATA[<b>2072 Addison St</b><br/><b>Units:</b> 66<br/><b>VLI Units:</b> 0<br/><b>Stories:</b> 6<br/><b>Height:</b> 21.0m<br/><b>Status:</b> Entitled]]></description>
			<styleUrl>#style_Entitled_parcel610</styleUrl>
			<MultiGeometry><Point><coordinates>-122.26887035685795,37.87087597006873,21.0</coordinates><altitudeMode>relativeToGround</altitudeMode></Point><Polygon>
				<extrude>1</extrude>
				<altitudeMode>relativeToGround</altitudeMode>
				<outerBoundaryIs>
					<LinearRing>
						<coordinates>
							-122.2687974802472,37.87103115996177,21 -122.2690496757366,37.87099990456952,21 -122.268980541036,37.87064317763038,21 -122.2687266070228,37.87067444822024,21 -122.2687974802472,37.87103115996177,21 
						</coordinates>
					</LinearRing>
				</outerBoundaryIs>
			</Polygon></MultiGeometry>
		</Placemark>
		<Placemark>
			<name>2298 Durant Ave · 65 units · In Review</name>
			<visibility>0</visibility>
			<description><![CDATA[<b>2298 DURANT Ave</b><br/><b>Units:</b> 65<br/><b>VLI Units:</b> 0<br/><b>Stories:</b> 7<br/><b>Height:</b> 25.9m<br/><b>Status:</b> Decision Pending<br/><i>Footprint 7,438 sf and 7 storeys / 85 ft from the Tabulation Form 1.E, PROPOSED column. Read INDEPENDENTLY by two sessions and agreeing; column identified by the form's dwelling-units row. Was 8,903 sf at 27.7 m. 2026-08-26.</i>]]></description>
			<styleUrl>#style_Decision_Pending_parcel100</styleUrl>
			<MultiGeometry><Point><coordinates>-122.26374289726652,37.866934415078035,25.9</coordinates><altitudeMode>relativeToGround</altitudeMode></Point><Polygon>
				<extrude>1</extrude>
				<altitudeMode>relativeToGround</altitudeMode>
				<outerBoundaryIs>
					<LinearRing>
						<coordinates>
							-122.2636066407854,37.8668614270886,25.9 -122.2639097109684,37.8668211321495,25.9 -122.2639563232462,37.8670501567544,25.9 -122.2636515776831,37.8670867210569,25.9 -122.2636066407854,37.8668614270886,25.9 
						</coordinates>
					</LinearRing>
				</outerBoundaryIs>
			</Polygon></MultiGeometry>
		</Placemark>
		<Placemark>
			<name>2441 Le Conte Ave · 65 units · Completed</name>
			<visibility>0</visibility>
			<description><![CDATA[<b>2441 LE CONTE Ave</b><br/><b>Units:</b> 65<br/><b>VLI Units:</b> 0<br/><b>Stories:</b> 5<br/><b>Height:</b> 17.2m<br/><b>Status:</b> Completed<br/><i>(height estimated from units)</i><br/><i>Footprint 5,902 sf derived from the architect tabulation (lot 12,830 x 46% coverage). County parcel 13,023 sf agrees with the stated lot (0.99); 5,902/13,023 = 45.3% reproduces the stated 46%. Was the parcel polygon (13,455 sf).</i><br/><i>Footprint 9,109 sf and 5 storeys / 56 ft from the Tabulation Form 1.E, PROPOSED column. Read INDEPENDENTLY by two sessions and agreeing; column identified by the form's dwelling-units row. Was 5,902 sf at 24.5 m. 2026-08-26.</i>]]></description>
			<styleUrl>#style_Application_Submitted_parcel47</styleUrl>
			<MultiGeometry><Point><coordinates>-122.26185183073429,37.87706089474836,17.2</coordinates><altitudeMode>relativeToGround</altitudeMode></Point><Polygon>
				<extrude>1</extrude>
				<altitudeMode>relativeToGround</altitudeMode>
				<outerBoundaryIs>
					<LinearRing>
						<coordinates>
							-122.2617690817008,37.8771888259291,17.2 -122.2620490102367,37.8771501805654,17.2 -122.2619858781666,37.8768330297001,17.2 -122.2617096491932,37.8769072071169,17.2 -122.2617690817008,37.8771888259291,17.2 
						</coordinates>
					</LinearRing>
				</outerBoundaryIs>
			</Polygon></MultiGeometry>
		</Placemark>
		<Placemark>
			<name>3031 Adeline St · 64 units · In Review</name>
			<visibility>0</visibility>
			<description><![CDATA[<b>3031 ADELINE St</b><br/><b>Units:</b> 64<br/><b>VLI Units:</b> 0<br/><b>Stories:</b> 7<br/><b>Height:</b> 24.5m<br/><b>Status:</b> In Review<br/><i>(height estimated from units)</i>]]></description>
			<styleUrl>#style_In_Review_parcel12</styleUrl>
			<MultiGeometry><Point><coordinates>-122.2688780229624,37.85405218064878,24.5</coordinates><altitudeMode>relativeToGround</altitudeMode></Point><Polygon>
				<extrude>1</extrude>
				<altitudeMode>relativeToGround</altitudeMode>
				<outerBoundaryIs>
					<LinearRing>
						<coordinates>
							-122.2687358077533,37.85417776073294,24.5 -122.2690668533487,37.85412804295623,24.5 -122.2691693777175,37.85387207791494,24.5 -122.2686822682392,37.85390526090685,24.5 -122.2687358077533,37.85417776073294,24.5 
						</coordinates>
					</LinearRing>
				</outerBoundaryIs>
			</Polygon></MultiGeometry>
		</Placemark>
		<Placemark>
			<name>2372 Ellsworth St · 63 units · Entitled</name>
			<visibility>0</visibility>
			<description><![CDATA[<b>2372 ELLSWORTH St</b><br/><b>Units:</b> 63<br/><b>VLI Units:</b> 0<br/><b>Stories:</b> 7<br/><b>Height:</b> 25.8m<br/><b>Status:</b> Entitled<br/><i>(height estimated from units)</i><br/><i>Footprint 7,702 sf and 7 storeys / 84 ft from the Tabulation Form 1.E, PROPOSED column. Read INDEPENDENTLY by two sessions and agreeing; column identified by the form's dwelling-units row. Was 9,756 sf at 24.5 m. 2026-08-26.</i>]]></description>
			<styleUrl>#style_Entitled_parcel61010</styleUrl>
			<MultiGeometry><Point><coordinates>-122.26367996044917,37.86651716067634,25.8</coordinates><altitudeMode>relativeToGround</altitudeMode></Point><Polygon>
				<extrude>1</extrude>
				<altitudeMode>relativeToGround</altitudeMode>
				<outerBoundaryIs>
					<LinearRing>
						<coordinates>
							-122.2637463487208,37.8663870951272,25.8 -122.2638090380434,37.8666930499707,25.8 -122.2635742194530,37.8667221974849,25.8 -122.2635130983177,37.8664174247123,25.8 -122.2637463487208,37.8663870951272,25.8 
						</coordinates>
					</LinearRing>
				</outerBoundaryIs>
			</Polygon></MultiGeometry>
		</Placemark>
		<Placemark>
			<name>2001 Center St · 58 units · In Review</name>
			<visibility>0</visibility>
			<description><![CDATA[<b>2001 CENTER St</b><br/><b>Units:</b> 58<br/><b>VLI Units:</b> 0<br/><b>Stories:</b> 7<br/><b>Height:</b> 30.5m<br/><b>Status:</b> In Review]]></description>
			<styleUrl>#style_In_Review_parcel58187</styleUrl>
			<MultiGeometry><Point><coordinates>-122.27032025222984,37.87019871346981,30.5</coordinates><altitudeMode>relativeToGround</altitudeMode></Point><Polygon>
				<extrude>1</extrude>
				<altitudeMode>relativeToGround</altitudeMode>
				<outerBoundaryIs>
					<LinearRing>
						<coordinates>
							-122.2701932595191,37.87013332471112,30.5 -122.2704817095208,37.87009671917422,30.5 -122.2705003654372,37.87029763446481,30.5 -122.270232667153,37.87033256428781,30.5 -122.2701932595191,37.87013332471112,30.5 
						</coordinates>
					</LinearRing>
				</outerBoundaryIs>
			</Polygon></MultiGeometry>
		</Placemark>
		<Placemark>
			<name>2127 Dwight Way · 58 units · Withdrawn</name>
			<visibility>0</visibility>
			<description><![CDATA[<b>2127 DWIGHT Way</b><br/><b>Units:</b> 58<br/><b>VLI Units:</b> 8<br/><b>Stories:</b> 6<br/><b>Height:</b> 21.0m<br/><b>Status:</b> Entitled]]></description>
			<styleUrl>#style_Entitled_parcel61010</styleUrl>
			<MultiGeometry><Point><coordinates>-122.26690417555498,37.86427204553804,21.0</coordinates><altitudeMode>relativeToGround</altitudeMode></Point><Polygon>
				<extrude>1</extrude>
				<altitudeMode>relativeToGround</altitudeMode>
				<outerBoundaryIs>
					<LinearRing>
						<coordinates>
							-122.2671225270068,37.86409385677063,21 -122.2671634294443,37.86446417845478,21 -122.2665934866471,37.86453717007876,21 -122.2665189076699,37.86417116561537,21 -122.2671225270068,37.86409385677063,21 
						</coordinates>
					</LinearRing>
				</outerBoundaryIs>
			</Polygon></MultiGeometry>
		</Placemark>
		<Placemark>
			<name>2712 Telegraph Ave · 57 units · In Review</name>
			<visibility>0</visibility>
			<description><![CDATA[<b>2712 TELEGRAPH Ave</b><br/><b>Units:</b> 57<br/><b>VLI Units:</b> 0<br/><b>Stories:</b> 6<br/><b>Height:</b> 21.0m<br/><b>Status:</b> In Review]]></description>
			<styleUrl>#style_In_Review_parcel9</styleUrl>
			<MultiGeometry><Point><coordinates>-122.25933586838926,37.8612057551335,21.0</coordinates><altitudeMode>relativeToGround</altitudeMode></Point><Polygon>
				<extrude>1</extrude>
				<altitudeMode>relativeToGround</altitudeMode>
				<outerBoundaryIs>
					<LinearRing>
						<coordinates>
							-122.2591867947974,37.86118063970827,21 -122.2591784717601,37.86128009924818,21 -122.2595675901718,37.86124439352367,21 -122.2595596904196,37.86114300347911,21 -122.2591867947974,37.86118063970827,21 
						</coordinates>
					</LinearRing>
				</outerBoundaryIs>
			</Polygon></MultiGeometry>
		</Placemark>
		<Placemark>
			<name>1740 San Pablo Ave · 54 units · Permitted</name>
			<visibility>0</visibility>
			<description><![CDATA[<b>1740 SAN PABLO Ave</b><br/><b>Units:</b> 54<br/><b>VLI Units:</b> 0<br/><b>Stories:</b> 6<br/><b>Height:</b> 21.0m<br/><b>Status:</b> In Review- Demolition Permit issued]]></description>
			<styleUrl>#style_In_Review_parcel50</styleUrl>
			<MultiGeometry><Point><coordinates>-122.29352910331434,37.87195698977007,21.0</coordinates><altitudeMode>relativeToGround</altitudeMode></Point><Polygon>
				<extrude>1</extrude>
				<altitudeMode>relativeToGround</altitudeMode>
				<outerBoundaryIs>
					<LinearRing>
						<coordinates>
							-122.293295354317,37.87212047394777,21 -122.2931793730616,37.8717658364801,21 -122.2935069934474,37.87170112169829,21 -122.2935964947559,37.87196344821051,21 -122.2937077779059,37.87194068856764,21 -122.2937078408349,37.87194088542696,21 -122.2937362662525,37.87202966473449,21 -122.2937364749369,37.87203031491708,21 -122.293295354317,37.87212047394777,21 
						</coordinates>
					</LinearRing>
				</outerBoundaryIs>
			</Polygon></MultiGeometry>
		</Placemark>
		<Placemark>
			<name>2902 Adeline St · 54 units · Withdrawn</name>
			<visibility>0</visibility>
			<description><![CDATA[<b>2902 ADELINE St</b><br/><b>Units:</b> 54<br/><b>VLI Units:</b> 0<br/><b>Stories:</b> 6<br/><b>Height:</b> 21.0m<br/><b>Status:</b> Under Construction]]></description>
			<styleUrl>#style_Under_Construction_parcel22</styleUrl>
			<MultiGeometry><Point><coordinates>-122.2689785861204,37.85625521181239,21.0</coordinates><altitudeMode>relativeToGround</altitudeMode></Point><Polygon>
				<extrude>1</extrude>
				<altitudeMode>relativeToGround</altitudeMode>
				<outerBoundaryIs>
					<LinearRing>
						<coordinates>
							-122.2689516184713,37.85608056732554,21 -122.2692005890103,37.85613382815464,21 -122.2692171718806,37.85632104778109,21 -122.2690220622034,37.8563473207553,21 -122.2689806274467,37.85635275338876,21 -122.2689493860513,37.8563504612152,21 -122.2689089124028,37.85632361094098,21 -122.2688927360787,37.85629913501145,21 -122.268887050377,37.85627861690572,21 -122.2688865980347,37.85626007899035,21 -122.2688946630166,37.8562345539541,21 -122.2689516184713,37.85608056732554,21 
						</coordinates>
					</LinearRing>
				</outerBoundaryIs>
			</Polygon></MultiGeometry>
		</Placemark>
		<Placemark>
			<name>2587 Telegraph Ave · 52 units · Withdrawn</name>
			<visibility>0</visibility>
			<description><![CDATA[<b>2587 TELEGRAPH Ave</b><br/><b>Units:</b> 52<br/><b>VLI Units:</b> 6<br/><b>Stories:</b> 8<br/><b>Height:</b> 28.0m<br/><b>Status:</b> Under Construction]]></description>
			<styleUrl>#style_Under_Construction_parcel22</styleUrl>
			<MultiGeometry><Point><coordinates>-122.25821575347523,37.86378945684019,28.0</coordinates><altitudeMode>relativeToGround</altitudeMode></Point><Polygon>
				<extrude>1</extrude>
				<altitudeMode>relativeToGround</altitudeMode>
				<outerBoundaryIs>
					<LinearRing>
						<coordinates>
							-122.2581287861686,37.86388412769838,28 -122.2581201803062,37.86379282035163,28 -122.2581115764476,37.8637015418569,28 -122.2580989270427,37.86356734717831,28 -122.2582948277948,37.86355573440175,28 -122.2582961497166,37.86356937026654,28 -122.258492600615,37.86354449000059,28 -122.2584137664063,37.86409671989505,28 -122.2581502975043,37.86411233880385,28 -122.2581373900569,37.86397540709073,28 -122.2581287861686,37.86388412769838,28 
						</coordinates>
					</LinearRing>
				</outerBoundaryIs>
			</Polygon></MultiGeometry>
		</Placemark>
		<Placemark>
			<name>130 Berkeley Sq · 50 units · In Review</name>
			<visibility>0</visibility>
			<description><![CDATA[<b>130 BERKELEY Sq</b><br/><b>Units:</b> 50<br/><b>VLI Units:</b> 0<br/><b>Stories:</b> 7<br/><b>Height:</b> 24.5m<br/><b>Status:</b> In Review<br/><i>(height estimated from units)</i>]]></description>
			<styleUrl>#style_In_Review_parcel58187</styleUrl>
			<MultiGeometry><Point><coordinates>-122.2679402754341,37.870847583452445,24.5</coordinates><altitudeMode>relativeToGround</altitudeMode></Point><Polygon>
				<extrude>1</extrude>
				<altitudeMode>relativeToGround</altitudeMode>
				<outerBoundaryIs>
					<LinearRing>
						<coordinates>
							-122.2678647965346,37.87080655079178,24.5 -122.2680479560984,37.87078595950883,24.5 -122.268057779161,37.87090735424928,24.5 -122.2678660488419,37.87093150192055,24.5 -122.2678647965346,37.87080655079178,24.5 
						</coordinates>
					</LinearRing>
				</outerBoundaryIs>
			</Polygon></MultiGeometry>
		</Placemark>
		<Placemark>
			<name>2016 Ashby Ave · 50 units · Withdrawn</name>
			<visibility>0</visibility>
			<description><![CDATA[<b>2016 ASHBY Ave</b><br/><b>Units:</b> 50<br/><b>VLI Units:</b> 50<br/><b>Stories:</b> 7<br/><b>Height:</b> 24.5m<br/><b>Status:</b> Permits Active]]></description>
			<styleUrl>#style_Permits_Active_parcel5</styleUrl>
			<MultiGeometry><Point><coordinates>-122.26820040953228,37.85479588789482,24.5</coordinates><altitudeMode>relativeToGround</altitudeMode></Point><Polygon>
				<extrude>1</extrude>
				<altitudeMode>relativeToGround</altitudeMode>
				<outerBoundaryIs>
					<LinearRing>
						<coordinates>
							-122.2681148583113,37.85469499081151,24.5 -122.2682701590589,37.85467000413911,24.5 -122.2683305154213,37.85494926659176,24.5 -122.2681716565586,37.85497018712021,24.5 -122.2681148583113,37.85469499081151,24.5 
						</coordinates>
					</LinearRing>
				</outerBoundaryIs>
			</Polygon></MultiGeometry>
		</Placemark>
		<Placemark>
			<name>2350 Telegraph Ave · 48 units · In Review</name>
			<visibility>0</visibility>
			<description><![CDATA[<b>2350 TELEGRAPH Ave</b><br/><b>Units:</b> 48<br/><b>VLI Units:</b> 2<br/><b>Stories:</b> 8<br/><b>Height:</b> 28.0m<br/><b>Status:</b> In Review]]></description>
			<styleUrl>#style_In_Review_parcel58187</styleUrl>
			<MultiGeometry><Point><coordinates>-122.25918809854208,37.867596102624674,28.0</coordinates><altitudeMode>relativeToGround</altitudeMode></Point><Polygon>
				<extrude>1</extrude>
				<altitudeMode>relativeToGround</altitudeMode>
				<outerBoundaryIs>
					<LinearRing>
						<coordinates>
							-122.2590455380466,37.867560456707,28 -122.2593771610291,37.8675177463639,28 -122.2594028423204,37.86765127202843,28 -122.2590694132677,37.86769058131705,28 -122.2590455380466,37.867560456707,28 
						</coordinates>
					</LinearRing>
				</outerBoundaryIs>
			</Polygon></MultiGeometry>
		</Placemark>
		<Placemark>
			<name>2727 Haste St · 45 units · In Review</name>
			<visibility>0</visibility>
			<description><![CDATA[<b>2727 HASTE St</b><br/><b>Units:</b> 45<br/><b>VLI Units:</b> 0<br/><b>Stories:</b> 6<br/><b>Height:</b> 21.0m<br/><b>Status:</b> In Review]]></description>
			<styleUrl>#style_In_Review_parcel58187</styleUrl>
			<MultiGeometry><Point><coordinates>-122.25276991166375,37.8669428152867,21.0</coordinates><altitudeMode>relativeToGround</altitudeMode></Point><Polygon>
				<extrude>1</extrude>
				<altitudeMode>relativeToGround</altitudeMode>
				<outerBoundaryIs>
					<LinearRing>
						<coordinates>
							-122.2526675863785,37.86679147643808,21 -122.252840349208,37.86677106089854,21 -122.2529190463202,37.86716885763084,21 -122.2527549900336,37.86719120502796,21 -122.2526675863785,37.86679147643808,21 
						</coordinates>
					</LinearRing>
				</outerBoundaryIs>
			</Polygon></MultiGeometry>
		</Placemark>
		<Placemark>
			<name>2650 Telegraph Ave · 45 units · Completed</name>
			<visibility>0</visibility>
			<description><![CDATA[<b>2650 TELEGRAPH Ave</b><br/><b>Units:</b> 45<br/><b>VLI Units:</b> 0<br/><b>Stories:</b> 5<br/><b>Height:</b> 18.1m<br/><b>Status:</b> Completed<br/><i>Footprint 9,261 sf and 5 storeys from the project's own Tabulation Form 1.E, PROPOSED column — identified by the form's DWELLING-UNITS row matching v2's count, not by column position. Was 11,476 sf at 17.5 m. 2026-08-26.</i><br/><i>Footprint 9,261 sf and 5 storeys / 60 ft from the Tabulation Form 1.E, PROPOSED column. Read INDEPENDENTLY by two sessions and agreeing; column identified by the form's dwelling-units row. Was 9,261 sf at 17.5 m. 2026-08-26.</i>]]></description>
			<styleUrl>#style_Completed_parcel1</styleUrl>
			<MultiGeometry><Point><coordinates>-122.2593897418134,37.86155774460634,18.1</coordinates><altitudeMode>relativeToGround</altitudeMode></Point><Polygon>
				<extrude>1</extrude>
				<altitudeMode>relativeToGround</altitudeMode>
				<outerBoundaryIs>
					<LinearRing>
						<coordinates>
							-122.2594709489874,37.8614318585652,18.1 -122.2594906871137,37.8615425994575,18.1 -122.2595150970735,37.8616532709491,18.1 -122.2595169520167,37.8616655810114,18.1 -122.2591058891704,37.8617210574411,18.1 -122.2591467378898,37.8614749320184,18.1 -122.2594709489874,37.8614318585652,18.1 
						</coordinates>
					</LinearRing>
				</outerBoundaryIs>
			</Polygon></MultiGeometry>
		</Placemark>
		<Placemark>
			<name>2435 San Pablo Ave · 40 units · In Review</name>
			<visibility>0</visibility>
			<description><![CDATA[<b>2435 SAN PABLO Ave</b><br/><b>Units:</b> 40<br/><b>VLI Units:</b> 0<br/><b>Stories:</b> 5<br/><b>Height:</b> 17.5m<br/><b>Status:</b> In Review<br/><i>(height estimated from units)</i>]]></description>
			<styleUrl>#style_In_Review_synthetic1</styleUrl>
			<MultiGeometry><Point><coordinates>-122.28939463616129,37.86152034452806,17.5</coordinates><altitudeMode>relativeToGround</altitudeMode></Point><Polygon>
				<extrude>1</extrude>
				<altitudeMode>relativeToGround</altitudeMode>
				<outerBoundaryIs>
					<LinearRing>
						<coordinates>
							-122.2895042915844,37.86142280011865,17.5 -122.2891663897388,37.8614571759268,17.5 -122.2892316568631,37.86166939314461,17.5 -122.2895665510358,37.86162955333157,17.5 -122.2895042915844,37.86142280011865,17.5 
						</coordinates>
					</LinearRing>
				</outerBoundaryIs>
			</Polygon></MultiGeometry>
		</Placemark>
		<Placemark>
			<name>2440 Shattuck Ave · 40 units · Completed</name>
			<visibility>0</visibility>
			<description><![CDATA[<b>2440 SHATTUCK Ave</b><br/><b>Units:</b> 40<br/><b>VLI Units:</b> 0<br/><b>Stories:</b> 8<br/><b>Height:</b> 28.0m<br/><b>Status:</b> Completed]]></description>
			<styleUrl>#style_Completed_parcel0</styleUrl>
			<MultiGeometry><Point><coordinates>-122.26799404655586,37.864991338779205,28.0</coordinates><altitudeMode>relativeToGround</altitudeMode></Point><Polygon>
				<extrude>1</extrude>
				<altitudeMode>relativeToGround</altitudeMode>
				<outerBoundaryIs>
					<LinearRing>
						<coordinates>
							-122.2681290096855,37.86488261322081,28 -122.2681654562162,37.86510385830432,28 -122.2677855664027,37.86515555230372,28 -122.2677611907894,37.86493205684638,28 -122.2681290096855,37.86488261322081,28 
						</coordinates>
					</LinearRing>
				</outerBoundaryIs>
			</Polygon></MultiGeometry>
		</Placemark>
		<Placemark>
			<name>2449 Dwight Way · 39 units · Entitled</name>
			<visibility>0</visibility>
			<description><![CDATA[<b>2449 DWIGHT Way</b><br/><b>Units:</b> 39<br/><b>VLI Units:</b> 2<br/><b>Stories:</b> 4<br/><b>Height:</b> 14.0m<br/><b>Status:</b> In Review]]></description>
			<styleUrl>#style_In_Review_parcel58187</styleUrl>
			<MultiGeometry><Point><coordinates>-122.25883763468369,37.86530685761784,25.7</coordinates><altitudeMode>relativeToGround</altitudeMode></Point><Polygon>
				<extrude>1</extrude>
				<altitudeMode>relativeToGround</altitudeMode>
				<outerBoundaryIs>
					<LinearRing>
						<coordinates>
							-122.2589295486942,37.86515259089632,25.7 -122.2589915345704,37.86542908280077,25.7 -122.2589759998851,37.86543137705787,25.7 -122.2586254514512,37.86547848352895,25.7 -122.258573724807,37.86519702052679,25.7 -122.2589295486942,37.86515259089632,25.7 
						</coordinates>
					</LinearRing>
				</outerBoundaryIs>
			</Polygon></MultiGeometry>
		</Placemark>
		<Placemark>
			<name>1367 University Ave · 39 units · Completed</name>
			<visibility>0</visibility>
			<description><![CDATA[<b>1367 UNIVERSITY Ave</b><br/><b>Units:</b> 39<br/><b>VLI Units:</b> 39<br/><b>Stories:</b> 4<br/><b>Height:</b> 14.0m<br/><b>Status:</b> Completed]]></description>
			<styleUrl>#style_Completed_parcel0</styleUrl>
			<MultiGeometry><Point><coordinates>-122.28516706603088,37.87025568543796,14.0</coordinates><altitudeMode>relativeToGround</altitudeMode></Point><Polygon>
				<extrude>1</extrude>
				<altitudeMode>relativeToGround</altitudeMode>
				<outerBoundaryIs>
					<LinearRing>
						<coordinates>
							-122.2850755543567,37.87015337570012,14 -122.2852482927737,37.87013223017887,14 -122.2853086456282,37.87040805047056,14 -122.2851272830391,37.87043139514015,14 -122.2850755543567,37.87015337570012,14 
						</coordinates>
					</LinearRing>
				</outerBoundaryIs>
			</Polygon></MultiGeometry>
		</Placemark>
		<Placemark>
			<name>2403 San Pablo Ave · 36 units · Under Construction</name>
			<visibility>0</visibility>
			<description><![CDATA[<b>2403 SAN PABLO Ave</b><br/><b>Units:</b> 36<br/><b>VLI Units:</b> 0<br/><b>Stories:</b> 4<br/><b>Height:</b> 14.0m<br/><b>Status:</b> Under Construction]]></description>
			<styleUrl>#style_Under_Construction_parcel22</styleUrl>
			<MultiGeometry><Point><coordinates>-122.28968020210273,37.86271346715317,14.0</coordinates><altitudeMode>relativeToGround</altitudeMode></Point><Polygon>
				<extrude>1</extrude>
				<altitudeMode>relativeToGround</altitudeMode>
				<outerBoundaryIs>
					<LinearRing>
						<coordinates>
							-122.2895151042547,37.86264853571669,14 -122.2898604719566,37.86260279299499,14 -122.2899278240271,37.86280982982716,14 -122.2895825060205,37.86285764151032,14 -122.2895151042547,37.86264853571669,14 
						</coordinates>
					</LinearRing>
				</outerBoundaryIs>
			</Polygon></MultiGeometry>
		</Placemark>
		<Placemark>
			<name>1698 University Ave · 36 units · Completed</name>
			<visibility>0</visibility>
			<description><![CDATA[<b>1698 UNIVERSITY Ave</b><br/><b>Units:</b> 36<br/><b>VLI Units:</b> 0<br/><b>Stories:</b> 5<br/><b>Height:</b> 17.5m<br/><b>Status:</b> Completed]]></description>
			<styleUrl>#style_Completed_parcel0</styleUrl>
			<MultiGeometry><Point><coordinates>-122.27774259827159,37.87061860538427,17.5</coordinates><altitudeMode>relativeToGround</altitudeMode></Point><Polygon>
				<extrude>1</extrude>
				<altitudeMode>relativeToGround</altitudeMode>
				<outerBoundaryIs>
					<LinearRing>
						<coordinates>
							-122.2775745227382,37.87054536321396,17.5 -122.2778405116316,37.87051115427237,17.5 -122.2779147615954,37.87050110873362,17.5 -122.2779440282607,37.87078221555851,17.5 -122.2776072426654,37.87082642731322,17.5 -122.2775745227382,37.87054536321396,17.5 
						</coordinates>
					</LinearRing>
				</outerBoundaryIs>
			</Polygon></MultiGeometry>
		</Placemark>
		<Placemark>
			<name>2442 Haste St · 34 units · Under Construction</name>
			<visibility>0</visibility>
			<description><![CDATA[<b>2442 HASTE St</b><br/><b>Units:</b> 34<br/><b>VLI Units:</b> 2<br/><b>Stories:</b> 8<br/><b>Height:</b> 25.9m<br/><b>Status:</b> Under Construction]]></description>
			<styleUrl>#style_Under_Construction_parcel22</styleUrl>
			<MultiGeometry><Point><coordinates>-122.25907740971259,37.86567764431634,25.9</coordinates><altitudeMode>relativeToGround</altitudeMode></Point><Polygon>
				<extrude>1</extrude>
				<altitudeMode>relativeToGround</altitudeMode>
				<outerBoundaryIs>
					<LinearRing>
						<coordinates>
							-122.2590142268623,37.86565535344312,25.9 -122.2589936502487,37.86551832401423,25.9 -122.2591576875904,37.86549527107525,25.9 -122.2592269732237,37.86586025164554,25.9 -122.2590576934881,37.86588131227681,25.9 -122.2590142268623,37.86565535344312,25.9 
						</coordinates>
					</LinearRing>
				</outerBoundaryIs>
			</Polygon></MultiGeometry>
		</Placemark>
		<Placemark>
			<name>2733 San Pablo Ave · 152 units · In Review</name>
			<visibility>0</visibility>
			<description><![CDATA[<b>2733 SAN PABLO Ave</b><br/><b>Units:</b> 32<br/><b>VLI Units:</b> 0<br/><b>Stories:</b> 8<br/><b>Height:</b> 28.0m<br/><b>Status:</b> In Review]]></description>
			<styleUrl>#style_In_Review_parcel55</styleUrl>
			<MultiGeometry><Point><coordinates>-122.28760428930529,37.85641810849397,28.0</coordinates><altitudeMode>relativeToGround</altitudeMode></Point><Polygon>
				<extrude>1</extrude>
				<altitudeMode>relativeToGround</altitudeMode>
				<outerBoundaryIs>
					<LinearRing>
						<coordinates>
							-122.2874478591054,37.85658022051834,28 -122.2879121222915,37.85651519221562,28 -122.2878253858753,37.8561710203662,28 -122.2873882201489,37.85624388885134,28 -122.2874478591054,37.85658022051834,28 
						</coordinates>
					</LinearRing>
				</outerBoundaryIs>
			</Polygon></MultiGeometry>
		</Placemark>
		<Placemark>
			<name>2614 Telegraph Ave · 31 units · In Review</name>
			<visibility>0</visibility>
			<description><![CDATA[<b>2614 TELEGRAPH Ave</b><br/><b>Units:</b> 31<br/><b>VLI Units:</b> 3<br/><b>Stories:</b> 5<br/><b>Height:</b> 17.4m<br/><b>Status:</b> In Review]]></description>
			<styleUrl>#style_In_Review_synthetic00</styleUrl>
			<MultiGeometry><Point><coordinates>-122.25915279841328,37.862737148969686,17.4</coordinates><altitudeMode>relativeToGround</altitudeMode></Point><Polygon>
				<extrude>1</extrude>
				<altitudeMode>relativeToGround</altitudeMode>
				<outerBoundaryIs>
					<LinearRing>
						<coordinates>
							-122.259021335817,37.86267379256085,17.4 -122.2589822734276,37.86284465967871,17.4 -122.2593853167459,37.8628168379219,17.4 -122.2593537302589,37.86267666212611,17.4 -122.259021335817,37.86267379256085,17.4 
						</coordinates>
					</LinearRing>
				</outerBoundaryIs>
			</Polygon></MultiGeometry>
		</Placemark>
		<Placemark>
			<name>3000 San Pablo Ave · 78 units · Completed</name>
			<visibility>0</visibility>
			<description><![CDATA[<b>3000 SAN PABLO Ave</b><br/><b>Units:</b> 78<br/><b>VLI Units:</b> 0<br/><b>Stories:</b> 5<br/><b>Height:</b> 17.5m<br/><b>Status:</b> Completed<br/><i>(height estimated from units)</i>]]></description>
			<styleUrl>#style_In_Review_parcel58187</styleUrl>
			<MultiGeometry><Point><coordinates>-122.28702466028611,37.85183092682871,17.5</coordinates><altitudeMode>relativeToGround</altitudeMode></Point><Polygon>
				<extrude>1</extrude>
				<altitudeMode>relativeToGround</altitudeMode>
				<outerBoundaryIs>
					<LinearRing>
						<coordinates>
							-122.2871498413579,37.85169237651806,17.5 -122.2872376181724,37.85195611856017,17.5 -122.2868376658691,37.85203564632605,17.5 -122.2867483346732,37.85177811622123,17.5 -122.2871498413579,37.85169237651806,17.5 
						</coordinates>
					</LinearRing>
				</outerBoundaryIs>
			</Polygon></MultiGeometry>
		</Placemark>
		<Placemark>
			<name>3020 San Pablo Ave · 29 units · In Review</name>
			<visibility>0</visibility>
			<description><![CDATA[<b>3020 SAN PABLO Ave</b><br/><b>Units:</b> 29<br/><b>VLI Units:</b> 0<br/><b>Stories:</b> 5<br/><b>Height:</b> 17.5m<br/><b>Status:</b> In Review<br/><i>(height estimated from units)</i>]]></description>
			<styleUrl>#style_In_Review_parcel58187</styleUrl>
			<MultiGeometry><Point><coordinates>-122.28670476020588,37.85113396298413,17.5</coordinates><altitudeMode>relativeToGround</altitudeMode></Point><Polygon>
				<extrude>1</extrude>
				<altitudeMode>relativeToGround</altitudeMode>
				<outerBoundaryIs>
					<LinearRing>
						<coordinates>
							-122.2867671025068,37.85097507654726,17.5 -122.2868723307908,37.85131752475877,17.5 -122.2866138651012,37.85137293907238,17.5 -122.2865034001238,37.85102919799498,17.5 -122.2867671025068,37.85097507654726,17.5 
						</coordinates>
					</LinearRing>
				</outerBoundaryIs>
			</Polygon></MultiGeometry>
		</Placemark>
		<Placemark>
			<name>2480 Bancroft Way · 28 units · Completed</name>
			<visibility>0</visibility>
			<description><![CDATA[<b>2480 Bancroft Way</b><br/><b>Units:</b> 28<br/><b>VLI Units:</b> 0<br/><b>Stories:</b> 8<br/><b>Height:</b> 28.0m<br/><b>Status:</b> Completed<br/><i>Footprint 5,330 sf and 8 storeys from the project's own Tabulation Form 1.E, PROPOSED column — identified by the form's DWELLING-UNITS row matching v2's count, not by column position. Was 6,500 sf at 28.0 m. 2026-08-26.</i>]]></description>
			<styleUrl>#style_Completed_parcel0</styleUrl>
			<MultiGeometry><Point><coordinates>-122.2596274906918,37.86835886904929,28.0</coordinates><altitudeMode>relativeToGround</altitudeMode></Point><Polygon>
				<extrude>1</extrude>
				<altitudeMode>relativeToGround</altitudeMode>
				<outerBoundaryIs>
					<LinearRing>
						<coordinates>
							-122.2595665502356,37.8683139248868,28.0 -122.2595489473618,37.8682333490700,28.0 -122.2597009954216,37.8682134662348,28.0 -122.2597739019211,37.8685318103748,28.0 -122.2596157894493,37.8685524843908,28.0 -122.2595665502356,37.8683139248868,28.0 
						</coordinates>
					</LinearRing>
				</outerBoundaryIs>
			</Polygon></MultiGeometry>
		</Placemark>
		<Placemark>
			<name>1773 Oxford St · 24 units · Completed</name>
			<visibility>0</visibility>
			<description><![CDATA[<b>1773 OXFORD St</b><br/><b>Units:</b> 24<br/><b>VLI Units:</b> 2<br/><b>Stories:</b> 5<br/><b>Height:</b> 17.5m<br/><b>Status:</b> Completed]]></description>
			<styleUrl>#style_Completed_parcel0</styleUrl>
			<MultiGeometry><Point><coordinates>-122.26617670841763,37.87555380435894,17.5</coordinates><altitudeMode>relativeToGround</altitudeMode></Point><Polygon>
				<extrude>1</extrude>
				<altitudeMode>relativeToGround</altitudeMode>
				<outerBoundaryIs>
					<LinearRing>
						<coordinates>
							-122.266015289544,37.87549826294272,17.5 -122.2663974734096,37.87546781556311,17.5 -122.2664188889229,37.87563917712671,17.5 -122.2660366006676,37.87566550321942,17.5 -122.266015289544,37.87549826294272,17.5 
						</coordinates>
					</LinearRing>
				</outerBoundaryIs>
			</Polygon></MultiGeometry>
		</Placemark>
		<Placemark>
			<name>2317 Channing Way · 22 units · Stalled</name>
			<visibility>0</visibility>
			<description><![CDATA[<b>2317 CHANNING Way</b><br/><b>Units:</b> 22<br/><b>VLI Units:</b> 0<br/><b>Stories:</b> 5<br/><b>Height:</b> 15.2m<br/><b>Status:</b> Stalled]]></description>
			<styleUrl>#style_Stalled_parcel</styleUrl>
			<MultiGeometry><Point><coordinates>-122.26257757596868,37.866692556803066,15.2</coordinates><altitudeMode>relativeToGround</altitudeMode></Point><Polygon>
				<extrude>1</extrude>
				<altitudeMode>relativeToGround</altitudeMode>
				<outerBoundaryIs>
					<LinearRing>
						<coordinates>
							-122.2624806264893,37.86652519704887,15.2 -122.2626361026639,37.8665070815042,15.2 -122.2627067987687,37.86685691545285,15.2 -122.2626152089731,37.86686652375656,15.2 -122.2625460924277,37.86687442600704,15.2 -122.2624806264893,37.86652519704887,15.2 
						</coordinates>
					</LinearRing>
				</outerBoundaryIs>
			</Polygon></MultiGeometry>
		</Placemark>
		<Placemark>
			<name>2800 Telegraph Ave · 18 units · Permitted</name>
			<visibility>0</visibility>
			<description><![CDATA[<b>2800 TELEGRAPH Ave</b><br/><b>Units:</b> 18<br/><b>VLI Units:</b> 0<br/><b>Stories:</b> 4<br/><b>Height:</b> 14.0m<br/><b>Status:</b> Permitted<br/><i>(height estimated from units)</i>]]></description>
			<styleUrl>#style_Permits_Active_parcel1</styleUrl>
			<MultiGeometry><Point><coordinates>-122.25952235614366,37.85934140169242,14.0</coordinates><altitudeMode>relativeToGround</altitudeMode></Point><Polygon>
				<extrude>1</extrude>
				<altitudeMode>relativeToGround</altitudeMode>
				<outerBoundaryIs>
					<LinearRing>
						<coordinates>
							-122.2594466557661,37.85941383905027,14 -122.2596637435913,37.85939419915811,14 -122.2596206178596,37.85923053171098,14 -122.2594341077352,37.85925459949244,14 -122.2594466557661,37.85941383905027,14 
						</coordinates>
					</LinearRing>
				</outerBoundaryIs>
			</Polygon></MultiGeometry>
		</Placemark>
		<Placemark>
			<name>2344 Fulton St · 18 units · Pre-Application</name>
			<visibility>0</visibility>
			<description><![CDATA[<b>2344 FULTON St</b><br/><b>Units:</b> 18<br/><b>VLI Units:</b> 0<br/><b>Stories:</b> 4<br/><b>Height:</b> 14.0m<br/><b>Status:</b> Pre-Application<br/><i>(height estimated from units)</i>]]></description>
			<styleUrl>#style_Pre_Application_parcel</styleUrl>
			<MultiGeometry><Point><coordinates>-122.26586974808811,37.86615343456025,14.0</coordinates><altitudeMode>relativeToGround</altitudeMode></Point><Polygon>
				<extrude>1</extrude>
				<altitudeMode>relativeToGround</altitudeMode>
				<outerBoundaryIs>
					<LinearRing>
						<coordinates>
							-122.2659281962935,37.86609048144079,14 -122.2659504061229,37.86622337123308,14 -122.265784651085,37.86624645176639,14 -122.2657572906457,37.86611638692021,14 -122.2659281962935,37.86609048144079,14 
						</coordinates>
					</LinearRing>
				</outerBoundaryIs>
			</Polygon></MultiGeometry>
		</Placemark>
		<Placemark>
			<name>1790 University Ave · 17 units · In Review</name>
			<visibility>0</visibility>
			<description><![CDATA[<b>1790 UNIVERSITY Ave</b><br/><b>Units:</b> 17<br/><b>VLI Units:</b> 0<br/><b>Stories:</b> 5<br/><b>Height:</b> 17.1m<br/><b>Status:</b> In Review]]></description>
			<styleUrl>#style_In_Review_parcel58187</styleUrl>
			<MultiGeometry><Point><coordinates>-122.27561666698473,37.87093867323345,17.1</coordinates><altitudeMode>relativeToGround</altitudeMode></Point><Polygon>
				<extrude>1</extrude>
				<altitudeMode>relativeToGround</altitudeMode>
				<outerBoundaryIs>
					<LinearRing>
						<coordinates>
							-122.2755106466407,37.87081609308427,17.1 -122.2756834063984,37.87079563501471,17.1 -122.2757187021076,37.87103956960104,17.1 -122.2757246665306,37.87107175537535,17.1 -122.2755519335904,37.87109289324105,17.1 -122.2755106466407,37.87081609308427,17.1 
						</coordinates>
					</LinearRing>
				</outerBoundaryIs>
			</Polygon></MultiGeometry>
		</Placemark>
		<Placemark>
			<name>1710 University Ave · 16 units · In Review</name>
			<visibility>0</visibility>
			<description><![CDATA[<b>1710 UNIVERSITY Ave</b><br/><b>Units:</b> 16<br/><b>VLI Units:</b> 0<br/><b>Stories:</b> 4<br/><b>Height:</b> 14.0m<br/><b>Status:</b> Application Submitted]]></description>
			<styleUrl>#style_Application_Submitted_parcel48</styleUrl>
			<MultiGeometry><Point><coordinates>-122.27711567059391,37.87073027413262,14.0</coordinates><altitudeMode>relativeToGround</altitudeMode></Point><Polygon>
				<extrude>1</extrude>
				<altitudeMode>relativeToGround</altitudeMode>
				<outerBoundaryIs>
					<LinearRing>
						<coordinates>
							-122.2770412598375,37.87063305544324,14 -122.277191550189,37.87061432014789,14 -122.2772289938015,37.87087538212914,14 -122.277075289304,37.87089555749958,14 -122.2770412598375,37.87063305544324,14 
						</coordinates>
					</LinearRing>
				</outerBoundaryIs>
			</Polygon></MultiGeometry>
		</Placemark>
		<Placemark>
			<name>2147 San Pablo Ave · 15 units · Entitled</name>
			<visibility>0</visibility>
			<description><![CDATA[<b>2147 SAN PABLO Ave</b><br/><b>Units:</b> 15<br/><b>VLI Units:</b> 0<br/><b>Stories:</b> 4<br/><b>Height:</b> 21.3m<br/><b>Status:</b> Entitled<br/><i>(height estimated from units)</i>]]></description>
			<styleUrl>#style_Decision_Pending_parcel</styleUrl>
			<MultiGeometry><Point><coordinates>-122.2910724999658,37.867098202279905,21.3</coordinates><altitudeMode>relativeToGround</altitudeMode></Point><Polygon>
				<extrude>1</extrude>
				<altitudeMode>relativeToGround</altitudeMode>
				<outerBoundaryIs>
					<LinearRing>
						<coordinates>
							-122.2909848736934,37.86727176169916,21.3 -122.2913285549679,37.86722739352544,21.3 -122.2912027419295,37.86682415555838,21.3 -122.2908614555448,37.86689593891741,21.3 -122.2909848736934,37.86727176169916,21.3 
						</coordinates>
					</LinearRing>
				</outerBoundaryIs>
			</Polygon></MultiGeometry>
		</Placemark>
		<Placemark>
			<name>1740 University Ave · 12 units · Entitled</name>
			<visibility>0</visibility>
			<description><![CDATA[<b>1740 UNIVERSITY Ave</b><br/><b>Units:</b> 12<br/><b>VLI Units:</b> 0<br/><b>Stories:</b> 4<br/><b>Height:</b> 14.0m<br/><b>Status:</b> Entitled<br/><i>(height estimated from units)</i>]]></description>
			<styleUrl>#style_Entitled_parcel617</styleUrl>
			<MultiGeometry><Point><coordinates>-122.27661456895844,37.87080003347428,14.0</coordinates><altitudeMode>relativeToGround</altitudeMode></Point><Polygon>
				<extrude>1</extrude>
				<altitudeMode>relativeToGround</altitudeMode>
				<outerBoundaryIs>
					<LinearRing>
						<coordinates>
							-122.2765656903125,37.87095816119169,14 -122.276738432913,37.87093702099357,14 -122.2766861746376,37.87056355514937,14 -122.2765168566166,37.87058326884512,14 -122.2765656903125,37.87095816119169,14 
						</coordinates>
					</LinearRing>
				</outerBoundaryIs>
			</Polygon></MultiGeometry>
		</Placemark>
		<Placemark>
			<name>2018 Blake St · 12 units · Permitted</name>
			<visibility>0</visibility>
			<description><![CDATA[<b>2018 BLAKE St</b><br/><b>Units:</b> 12<br/><b>VLI Units:</b> 0<br/><b>Stories:</b> 6<br/><b>Height:</b> 19.8m<br/><b>Status:</b> Permits Active<br/><i>Footprint RESTORED to 4,547 sf 2026-08-26 after a bad automated write set it to 16 sf: the 1.E parser returned 16 for the footprint (a stray token, not a measurement) and it was applied without a plausibility floor. Height 19.8 m / 6 storeys from the 1.E stands -- both parsers agreed on storeys. Footprint here is the pre-existing polygon, NOT a stated value.</i>]]></description>
			<styleUrl>#style_Permits_Active_parcel</styleUrl>
			<MultiGeometry><Point><coordinates>-122.26882992743356,37.86261561484669,19.8</coordinates><altitudeMode>relativeToGround</altitudeMode></Point><Polygon>
				<extrude>1</extrude>
				<altitudeMode>relativeToGround</altitudeMode>
				<outerBoundaryIs>
					<LinearRing>
						<coordinates>
							-122.2688076463589,37.8627591402995,19.8 -122.2689286813727,37.8627394363842,19.8 -122.2688668075762,37.8624011471925,19.8 -122.2687387994095,37.8624195713772,19.8 -122.2688076463589,37.8627591402995,19.8 
						</coordinates>
					</LinearRing>
				</outerBoundaryIs>
			</Polygon></MultiGeometry>
		</Placemark>
		<Placemark>
			<name>2555 College Ave · 12 units · Completed</name>
			<visibility>0</visibility>
			<description><![CDATA[<b>2555 COLLEGE Ave</b><br/><b>Units:</b> 12<br/><b>VLI Units:</b> 1<br/><b>Stories:</b> 4<br/><b>Height:</b> 14.3m<br/><b>Status:</b> Completed]]></description>
			<styleUrl>#style_Completed_parcel0</styleUrl>
			<MultiGeometry><Point><coordinates>-122.25353479229099,37.864107222006396,14.3</coordinates><altitudeMode>relativeToGround</altitudeMode></Point><Polygon>
				<extrude>1</extrude>
				<altitudeMode>relativeToGround</altitudeMode>
				<outerBoundaryIs>
					<LinearRing>
						<coordinates>
							-122.2534527757983,37.86402343221996,14.3 -122.2536291919292,37.86401188032259,14.3 -122.2536604435935,37.86423390797881,14.3 -122.2534787743357,37.86424345729067,14.3 -122.2534527757983,37.86402343221996,14.3 
						</coordinates>
					</LinearRing>
				</outerBoundaryIs>
			</Polygon></MultiGeometry>
		</Placemark>
		<Placemark>
			<name>1015 University Ave · 9 units · In Review</name>
			<visibility>0</visibility>
			<description><![CDATA[<b>1015 UNIVERSITY Ave</b><br/><b>Units:</b> 9<br/><b>VLI Units:</b> 0<br/><b>Stories:</b> 4<br/><b>Height:</b> 14.0m<br/><b>Status:</b> In Review<br/><i>(height estimated from units)</i>]]></description>
			<styleUrl>#style_Application_Submitted_parcel48</styleUrl>
			<MultiGeometry><Point><coordinates>-122.29310930235965,37.86916829891887,14.0</coordinates><altitudeMode>relativeToGround</altitudeMode></Point><Polygon>
				<extrude>1</extrude>
				<altitudeMode>relativeToGround</altitudeMode>
				<outerBoundaryIs>
					<LinearRing>
						<coordinates>
							-122.2929587230795,37.86908832169384,14 -122.2932482445784,37.86902486228168,14 -122.2933360306816,37.86928791244949,14 -122.2930447903793,37.86935207647553,14 -122.2929587230795,37.86908832169384,14 
						</coordinates>
					</LinearRing>
				</outerBoundaryIs>
			</Polygon></MultiGeometry>
		</Placemark>
		<Placemark>
			<name>2428 Milvia St · 8 units · In Review</name>
			<visibility>0</visibility>
			<description><![CDATA[<b>2428 MILVIA St</b><br/><b>Units:</b> 8<br/><b>VLI Units:</b> 0<br/><b>Stories:</b> 4<br/><b>Height:</b> 14.0m<br/><b>Status:</b> In Review<br/><i>(height estimated from units)</i>]]></description>
			<styleUrl>#style_In_Review_parcel58187</styleUrl>
			<MultiGeometry><Point><coordinates>-122.2700723028069,37.86434161459433,14.0</coordinates><altitudeMode>relativeToGround</altitudeMode></Point><Polygon>
				<extrude>1</extrude>
				<altitudeMode>relativeToGround</altitudeMode>
				<outerBoundaryIs>
					<LinearRing>
						<coordinates>
							-122.2699872507569,37.86427655675264,14 -122.2701685434032,37.86425117094875,14 -122.2702076823545,37.86443943040616,14 -122.270010786763,37.86446435811148,14 -122.2699872507569,37.86427655675264,14 
						</coordinates>
					</LinearRing>
				</outerBoundaryIs>
			</Polygon></MultiGeometry>
		</Placemark>
		<Placemark>
			<name>2200 Fifth St · 8 units · Withdrawn</name>
			<visibility>0</visibility>
			<description><![CDATA[<b>2200 FIFTH St</b><br/><b>Units:</b> 8<br/><b>VLI Units:</b> 0<br/><b>Stories:</b> 3<br/><b>Height:</b> 10.4m<br/><b>Status:</b> Withdrawn]]></description>
			<styleUrl>#style_Withdrawn_parcel</styleUrl>
			<MultiGeometry><Point><coordinates>-122.29820422275989,37.86463778380473,10.4</coordinates><altitudeMode>relativeToGround</altitudeMode></Point><Polygon>
				<extrude>1</extrude>
				<altitudeMode>relativeToGround</altitudeMode>
				<outerBoundaryIs>
					<LinearRing>
						<coordinates>
							-122.2978934610282,37.86453872729266,10.4 -122.2983070750677,37.86445002534158,10.4 -122.2983537011781,37.86458665546985,10.4 -122.2984347165825,37.86457031288079,10.4 -122.2985225959539,37.864836094511,10.4 -122.2980245484807,37.86494394384462,10.4 -122.2978934610282,37.86453872729266,10.4 
						</coordinates>
					</LinearRing>
				</outerBoundaryIs>
			</Polygon></MultiGeometry>
		</Placemark>
		<Placemark>
			<name>1745 Cedar St · 6 units · In Review</name>
			<visibility>0</visibility>
			<description><![CDATA[<b>1745 CEDAR St</b><br/><b>Units:</b> 6<br/><b>VLI Units:</b> 0<br/><b>Stories:</b> 3<br/><b>Height:</b> 10.5m<br/><b>Status:</b> In Review]]></description>
			<styleUrl>#style_In_Review_parcel58187</styleUrl>
			<MultiGeometry><Point><coordinates>-122.27615265227284,37.87773066122993,10.5</coordinates><altitudeMode>relativeToGround</altitudeMode></Point><Polygon>
				<extrude>1</extrude>
				<altitudeMode>relativeToGround</altitudeMode>
				<outerBoundaryIs>
					<LinearRing>
						<coordinates>
							-122.2761909092565,37.87759178798435,10.5 -122.2762264997812,37.8779201686204,10.5 -122.2760969705404,37.87793791356344,10.5 -122.2760579725296,37.87761164799709,10.5 -122.2761909092565,37.87759178798435,10.5 
						</coordinates>
					</LinearRing>
				</outerBoundaryIs>
			</Polygon></MultiGeometry>
		</Placemark>
		<Placemark>
			<name>1850 Berryman St · 6 units · In Review</name>
			<visibility>0</visibility>
			<description><![CDATA[<b>1850 BERRYMAN St</b><br/><b>Units:</b> 6<br/><b>VLI Units:</b> 0<br/><b>Stories:</b> 3<br/><b>Height:</b> 10.5m<br/><b>Status:</b> Application Submitted]]></description>
			<styleUrl>#style_Application_Submitted_synthetic</styleUrl>
			<MultiGeometry><Point><coordinates>-122.27471812453602,37.88297740662286,10.5</coordinates><altitudeMode>relativeToGround</altitudeMode></Point><Polygon>
				<extrude>1</extrude>
				<altitudeMode>relativeToGround</altitudeMode>
				<outerBoundaryIs>
					<LinearRing>
						<coordinates>
							-122.2745386226801,37.8828550331143,10.5 -122.2745934542187,37.8832489562155,10.5 -122.2749873773199,37.8831609668857,10.5 -122.2749325457813,37.88276704378449,10.5 -122.2745386226801,37.8828550331143,10.5 
						</coordinates>
					</LinearRing>
				</outerBoundaryIs>
			</Polygon></MultiGeometry>
		</Placemark>
		<Placemark>
			<name>1618 Sixth St · 4 units · In Review</name>
			<visibility>0</visibility>
			<description><![CDATA[<b>1618 SIXTH St</b><br/><b>Units:</b> 4<br/><b>VLI Units:</b> 0<br/><b>Stories:</b> 3<br/><b>Height:</b> 10.5m<br/><b>Status:</b> In Review]]></description>
			<styleUrl>#style_In_Review_parcel58187</styleUrl>
			<MultiGeometry><Point><coordinates>-122.29972356145393,37.87333684850317,10.5</coordinates><altitudeMode>relativeToGround</altitudeMode></Point><Polygon>
				<extrude>1</extrude>
				<altitudeMode>relativeToGround</altitudeMode>
				<outerBoundaryIs>
					<LinearRing>
						<coordinates>
							-122.2995304851045,37.87332001905457,10.5 -122.2999631985291,37.87323032565849,10.5 -122.3000131694715,37.87336209705438,10.5 -122.29958046906,37.87345178169383,10.5 -122.2995304851045,37.87332001905457,10.5 
						</coordinates>
					</LinearRing>
				</outerBoundaryIs>
			</Polygon></MultiGeometry>
		</Placemark>
		<Placemark>
			<name>2420 Ashby Ave · 4 units · In Review</name>
			<visibility>0</visibility>
			<description><![CDATA[<b>2420 ASHBY Ave</b><br/><b>Units:</b> 4<br/><b>VLI Units:</b> 0<br/><b>Stories:</b> 3<br/><b>Height:</b> 10.5m<br/><b>Status:</b> In Review<br/><i>(height estimated from units)</i>]]></description>
			<styleUrl>#style_In_Review_parcel58187</styleUrl>
			<MultiGeometry><Point><coordinates>-122.2586259711732,37.85595704194167,10.5</coordinates><altitudeMode>relativeToGround</altitudeMode></Point><Polygon>
				<extrude>1</extrude>
				<altitudeMode>relativeToGround</altitudeMode>
				<outerBoundaryIs>
					<LinearRing>
						<coordinates>
							-122.25853373974,37.85583660057264,10.5 -122.2586994576728,37.85581284039802,10.5 -122.2587626295752,37.85613945309478,10.5 -122.258600289138,37.85615971507029,10.5 -122.25853373974,37.85583660057264,10.5 
						</coordinates>
					</LinearRing>
				</outerBoundaryIs>
			</Polygon></MultiGeometry>
		</Placemark>
		<Placemark>
			<name>2942 College Ave · 4 units · In Review</name>
			<visibility>0</visibility>
			<description><![CDATA[<b>2942 COLLEGE Ave</b><br/><b>Units:</b> 4<br/><b>VLI Units:</b> 0<br/><b>Stories:</b> 3<br/><b>Height:</b> 10.5m<br/><b>Status:</b> In Review<br/><i>(height estimated from units)</i>]]></description>
			<styleUrl>#style_In_Review_parcel585</styleUrl>
			<MultiGeometry><Point><coordinates>-122.2534389224883,37.85747287528726,7</coordinates><altitudeMode>relativeToGround</altitudeMode></Point><Polygon>
				<extrude>1</extrude>
				<altitudeMode>relativeToGround</altitudeMode>
				<outerBoundaryIs>
					<LinearRing>
						<coordinates>
							-122.2532238291327,37.85753020711667,7 -122.2537753013353,37.8574658666837,7 -122.2537554519357,37.85738521502774,7 -122.2532162009051,37.8574528804915,7 -122.2532238291327,37.85753020711667,7 
						</coordinates>
					</LinearRing>
				</outerBoundaryIs>
			</Polygon></MultiGeometry>
		</Placemark>
		<Placemark>
			<name>2437 Warring St · 4 units · In Review</name>
			<visibility>0</visibility>
			<description><![CDATA[<b>2437 WARRING St</b><br/><b>Units:</b> 4<br/><b>VLI Units:</b> 0<br/><b>Stories:</b> 2<br/><b>Height:</b> 7.0m<br/><b>Status:</b> In Review]]></description>
			<styleUrl>#style_In_Review_parcel58187</styleUrl>
			<MultiGeometry><Point><coordinates>-122.250231802293,37.8666076441035,18.5</coordinates><altitudeMode>relativeToGround</altitudeMode></Point><Polygon>
				<extrude>1</extrude>
				<altitudeMode>relativeToGround</altitudeMode>
				<outerBoundaryIs>
					<LinearRing>
						<coordinates>
							-122.2500807588333,37.86655723923688,18.5 -122.2504710851602,37.86650612135452,18.5 -122.2504951513369,37.86664516805629,18.5 -122.250154852925,37.86668729610788,18.5 -122.2501082066693,37.86669280062856,18.5 -122.2500807588333,37.86655723923688,18.5 
						</coordinates>
					</LinearRing>
				</outerBoundaryIs>
			</Polygon></MultiGeometry>
		</Placemark>
		<Placemark>
			<name>2641 College Ave · 3 units · Completed</name>
			<visibility>0</visibility>
			<description><![CDATA[<b>2641 COLLEGE Ave</b><br/><b>Units:</b> 3<br/><b>VLI Units:</b> 0<br/><b>Stories:</b> 3<br/><b>Height:</b> 10.5m<br/><b>Status:</b> Completed<br/><i>(height estimated from units)</i>]]></description>
			<styleUrl>#style_In_Review_parcel5810</styleUrl>
			<MultiGeometry><Point><coordinates>-122.25324087799723,37.86250312903989,10.5</coordinates><altitudeMode>relativeToGround</altitudeMode></Point><Polygon>
				<extrude>1</extrude>
				<altitudeMode>relativeToGround</altitudeMode>
				<outerBoundaryIs>
					<LinearRing>
						<coordinates>
							-122.2530578732031,37.86254796112829,10.5 -122.2535242177577,37.86253117715281,10.5 -122.2535130336069,37.86243548415662,10.5 -122.2530513922153,37.86245306163342,10.5 -122.2530578732031,37.86254796112829,10.5 
						</coordinates>
					</LinearRing>
				</outerBoundaryIs>
			</Polygon></MultiGeometry>
		</Placemark>
		<Placemark>
			<name>2205 Blake St · 3 units · In Review</name>
			<visibility>0</visibility>
			<description><![CDATA[<b>2205 BLAKE St</b><br/><b>Units:</b> 3<br/><b>VLI Units:</b> 0<br/><b>Stories:</b> 3<br/><b>Height:</b> 10.5m<br/><b>Status:</b> In Review]]></description>
			<styleUrl>#style_In_Review_parcel58187</styleUrl>
			<MultiGeometry><Point><coordinates>-122.26480959051489,37.863678961946015,10.5</coordinates><altitudeMode>relativeToGround</altitudeMode></Point><Polygon>
				<extrude>1</extrude>
				<altitudeMode>relativeToGround</altitudeMode>
				<outerBoundaryIs>
					<LinearRing>
						<coordinates>
							-122.2646311260385,37.86349013639898,10.5 -122.2649713395113,37.86344591901659,10.5 -122.2650492652527,37.86380869710332,10.5 -122.2649075784173,37.86382454958841,10.5 -122.2647694288627,37.86384240593343,10.5 -122.2647072694832,37.86385088918243,10.5 -122.2646311260385,37.86349013639898,10.5 
						</coordinates>
					</LinearRing>
				</outerBoundaryIs>
			</Polygon></MultiGeometry>
		</Placemark>
		<Placemark>
			<name>2221 Fifth St · 3 units · In Review</name>
			<visibility>0</visibility>
			<description><![CDATA[<b>2221 FIFTH St</b><br/><b>Units:</b> 3<br/><b>VLI Units:</b> 0<br/><b>Stories:</b> 3<br/><b>Height:</b> 10.5m<br/><b>Status:</b> In Review<br/><i>(height estimated from units)</i>]]></description>
			<styleUrl>#style_In_Review_synthetic2</styleUrl>
			<MultiGeometry><Point><coordinates>-122.29711148154315,37.864435277273074,10.5</coordinates><altitudeMode>relativeToGround</altitudeMode></Point><Polygon>
				<extrude>1</extrude>
				<altitudeMode>relativeToGround</altitudeMode>
				<outerBoundaryIs>
					<LinearRing>
						<coordinates>
							-122.2967213715244,37.86433626785998,10.5 -122.2968424322612,37.86473602267948,10.5 -122.297691870285,37.86460387695374,10.5 -122.2975803621208,37.86416395101219,10.5 -122.2967213715244,37.86433626785998,10.5 
						</coordinates>
					</LinearRing>
				</outerBoundaryIs>
			</Polygon></MultiGeometry>
		</Placemark>
		<Placemark>
			<name>1650 Fifth St · 3 units · In Review</name>
			<visibility>0</visibility>
			<description><![CDATA[<b>1650 FIFTH St</b><br/><b>Units:</b> 3<br/><b>VLI Units:</b> 0<br/><b>Stories:</b> 3<br/><b>Height:</b> 10.5m<br/><b>Status:</b> In Review<br/><i>(height estimated from units)</i>]]></description>
			<styleUrl>#style_In_Review_parcel58187</styleUrl>
			<MultiGeometry><Point><coordinates>-122.30058673769618,37.872251745629384,10.5</coordinates><altitudeMode>relativeToGround</altitudeMode></Point><Polygon>
				<extrude>1</extrude>
				<altitudeMode>relativeToGround</altitudeMode>
				<outerBoundaryIs>
					<LinearRing>
						<coordinates>
							-122.3003743549161,37.87225306619484,10.5 -122.3008744355716,37.87215547511794,10.5 -122.300904359834,37.87224634721799,10.5 -122.3004061832431,37.8723507734213,10.5 -122.3003743549161,37.87225306619484,10.5 
						</coordinates>
					</LinearRing>
				</outerBoundaryIs>
			</Polygon></MultiGeometry>
		</Placemark>
		<Placemark>
			<name>3101 Sacramento St · 3 units · In Review</name>
			<visibility>0</visibility>
			<description><![CDATA[<b>3101 SACRAMENTO St</b><br/><b>Units:</b> 3<br/><b>VLI Units:</b> 0<br/><b>Stories:</b> 3<br/><b>Height:</b> 10.5m<br/><b>Status:</b> In Review<br/><i>(height estimated from units)</i>]]></description>
			<styleUrl>#style_In_Review_parcel58187</styleUrl>
			<MultiGeometry><Point><coordinates>-122.27825378082971,37.851340720422535,10.5</coordinates><altitudeMode>relativeToGround</altitudeMode></Point><Polygon>
				<extrude>1</extrude>
				<altitudeMode>relativeToGround</altitudeMode>
				<outerBoundaryIs>
					<LinearRing>
						<coordinates>
							-122.2781588546664,37.85126785924448,10.5 -122.2783522052608,37.85124158639535,10.5 -122.2784005164923,37.85145029611369,10.5 -122.2781984730626,37.85147600111468,10.5 -122.2781588546664,37.85126785924448,10.5 
						</coordinates>
					</LinearRing>
				</outerBoundaryIs>
			</Polygon></MultiGeometry>
		</Placemark>
		<Placemark>
			<name>1449 Cornell Ave · 3 units · In Review</name>
			<visibility>0</visibility>
			<description><![CDATA[<b>1449 CORNELL Ave</b><br/><b>Units:</b> 3<br/><b>VLI Units:</b> 0<br/><b>Stories:</b> 2<br/><b>Height:</b> 18.3m<br/><b>Status:</b> In Review]]></description>
			<styleUrl>#style_In_Review_parcel5817</styleUrl>
			<MultiGeometry><Point><coordinates>-122.29187994493063,37.87760340823229,18.3</coordinates><altitudeMode>relativeToGround</altitudeMode></Point><Polygon>
				<extrude>1</extrude>
				<altitudeMode>relativeToGround</altitudeMode>
				<outerBoundaryIs>
					<LinearRing>
						<coordinates>
							-122.2917975196272,37.87767731446908,18.3 -122.2920492253085,37.87762473014826,18.3 -122.2920010440345,37.87749499598228,18.3 -122.2917544160558,37.87754268609275,18.3 -122.2917975196272,37.87767731446908,18.3 
						</coordinates>
					</LinearRing>
				</outerBoundaryIs>
			</Polygon></MultiGeometry>
		</Placemark>
		<Placemark>
			<name>1514 Walnut St · 3 units · In Review</name>
			<visibility>0</visibility>
			<description><![CDATA[<b>1514 WALNUT St</b><br/><b>Units:</b> 3<br/><b>VLI Units:</b> 0<br/><b>Stories:</b> 3<br/><b>Height:</b> 10.5m<br/><b>Status:</b> In Review<br/><i>(height estimated from units)</i>]]></description>
			<styleUrl>#style_In_Review_parcel584</styleUrl>
			<MultiGeometry><Point><coordinates>-122.26842052325222,37.879713168242205,10.5</coordinates><altitudeMode>relativeToGround</altitudeMode></Point><Polygon>
				<extrude>1</extrude>
				<altitudeMode>relativeToGround</altitudeMode>
				<outerBoundaryIs>
					<LinearRing>
						<coordinates>
							-122.2682570266659,37.87977440007159,10.5 -122.2686802351938,37.87971930494268,10.5 -122.2686692957966,37.87962401567062,10.5 -122.2682390319388,37.87967372045454,10.5 -122.2682570266659,37.87977440007159,10.5 
						</coordinates>
					</LinearRing>
				</outerBoundaryIs>
			</Polygon></MultiGeometry>
		</Placemark>
		<Placemark>
			<name>1464 Sixth St · 3 units · Permitted</name>
			<visibility>0</visibility>
			<description><![CDATA[<b>1464 SIXTH St</b><br/><b>Units:</b> 3<br/><b>VLI Units:</b> 0<br/><b>Stories:</b> 3<br/><b>Height:</b> 10.5m<br/><b>Status:</b> Permitted<br/><i>(height estimated from units)</i>]]></description>
			<styleUrl>#style_In_Review_parcel58187</styleUrl>
			<MultiGeometry><Point><coordinates>-122.30046614449165,37.87534949842454,10.5</coordinates><altitudeMode>relativeToGround</altitudeMode></Point><Polygon>
				<extrude>1</extrude>
				<altitudeMode>relativeToGround</altitudeMode>
				<outerBoundaryIs>
					<LinearRing>
						<coordinates>
							-122.3006578555886,37.87536703589974,10.5 -122.3002181920467,37.87545614427679,10.5 -122.3001785624104,37.87532215871668,10.5 -122.300618256824,37.87523511732977,10.5 -122.3006578555886,37.87536703589974,10.5 
						</coordinates>
					</LinearRing>
				</outerBoundaryIs>
			</Polygon></MultiGeometry>
		</Placemark>
		<Placemark>
			<name>2812 Eighth St · 3 units · In Review</name>
			<visibility>0</visibility>
			<description><![CDATA[<b>2812 EIGHTH St</b><br/><b>Units:</b> 3<br/><b>VLI Units:</b> 0<br/><b>Stories:</b> 3<br/><b>Height:</b> 10.5m<br/><b>Status:</b> In Review]]></description>
			<styleUrl>#style_In_Review_parcel58187</styleUrl>
			<MultiGeometry><Point><coordinates>-122.29152198502597,37.85498699400311,10.5</coordinates><altitudeMode>relativeToGround</altitudeMode></Point><Polygon>
				<extrude>1</extrude>
				<altitudeMode>relativeToGround</altitudeMode>
				<outerBoundaryIs>
					<LinearRing>
						<coordinates>
							-122.2912987604141,37.85494486672717,10.5 -122.291743105901,37.8548392343462,10.5 -122.2917880196993,37.85497795513856,10.5 -122.2915777403029,37.85502097624864,10.5 -122.2915926658395,37.8550653737116,10.5 -122.2913548426109,37.85511568512245,10.5 -122.2912987604141,37.85494486672717,10.5 
						</coordinates>
					</LinearRing>
				</outerBoundaryIs>
			</Polygon></MultiGeometry>
		</Placemark>
		<Placemark>
			<name>2201 Blake St · 3 units · Entitled</name>
			<visibility>0</visibility>
			<description><![CDATA[<b>2201 BLAKE St</b><br/><b>Units:</b> 3<br/><b>VLI Units:</b> 0<br/><b>Stories:</b> 3<br/><b>Height:</b> 10.5m<br/><b>Status:</b> Entitled]]></description>
			<styleUrl>#style_Entitled_parcel61010</styleUrl>
			<MultiGeometry><Point><coordinates>-122.26480959051489,37.863678961946015,10.5</coordinates><altitudeMode>relativeToGround</altitudeMode></Point><Polygon>
				<extrude>1</extrude>
				<altitudeMode>relativeToGround</altitudeMode>
				<outerBoundaryIs>
					<LinearRing>
						<coordinates>
							-122.2646311260385,37.86349013639898,10.5 -122.2649713395113,37.86344591901659,10.5 -122.2650492652527,37.86380869710332,10.5 -122.2649075784173,37.86382454958841,10.5 -122.2647694288627,37.86384240593343,10.5 -122.2647072694832,37.86385088918243,10.5 -122.2646311260385,37.86349013639898,10.5 
						</coordinates>
					</LinearRing>
				</outerBoundaryIs>
			</Polygon></MultiGeometry>
		</Placemark>
		<Placemark>
			<name>2833 Seventh St · 3 units · Entitled</name>
			<visibility>0</visibility>
			<description><![CDATA[<b>2833 Seventh St</b><br/><b>Units:</b> 3<br/><b>VLI Units:</b> 0<br/><b>Stories:</b> 2<br/><b>Height:</b> 7.0m<br/><b>Status:</b> Entitled]]></description>
			<styleUrl>#style_Entitled_synthetic0</styleUrl>
			<MultiGeometry><Point><coordinates>-122.29168512350479,37.85423854407371,7.0</coordinates><altitudeMode>relativeToGround</altitudeMode></Point><Polygon>
				<extrude>1</extrude>
				<altitudeMode>relativeToGround</altitudeMode>
				<outerBoundaryIs>
					<LinearRing>
						<coordinates>
							-122.2914171990375,37.85419157639416,7 -122.2915090073438,37.85442358699142,7 -122.2920866889824,37.85431806921419,7 -122.2919955231228,37.85406791137463,7 -122.2914171990375,37.85419157639416,7 
						</coordinates>
					</LinearRing>
				</outerBoundaryIs>
			</Polygon></MultiGeometry>
		</Placemark>
		<Placemark>
			<name>1614 Sixth St · 3 units · Completed</name>
			<visibility>0</visibility>
			<description><![CDATA[<b>1614 Sixth St</b><br/><b>Units:</b> 3<br/><b>VLI Units:</b> 0<br/><b>Stories:</b> 3<br/><b>Height:</b> 10.7m<br/><b>Status:</b> Completed<br/><i>(height estimated from units)</i>]]></description>
			<styleUrl>#style_Entitled_synthetic6</styleUrl>
			<MultiGeometry><Point><coordinates>-122.29971151889211,37.87333975003524,10.7</coordinates><altitudeMode>relativeToGround</altitudeMode></Point><Polygon>
				<extrude>1</extrude>
				<altitudeMode>relativeToGround</altitudeMode>
				<outerBoundaryIs>
					<LinearRing>
						<coordinates>
							-122.2995356660045,37.87331635156045,10.7 -122.2995789123657,37.87346161634748,10.7 -122.2999528449162,37.87336950282449,10.7 -122.2999545051696,37.87323492788338,10.7 -122.2995356660045,37.87331635156045,10.7 
						</coordinates>
					</LinearRing>
				</outerBoundaryIs>
			</Polygon></MultiGeometry>
		</Placemark>
		<Placemark>
			<name>1716 Seventh St · 2 units · Completed</name>
			<visibility>0</visibility>
			<description><![CDATA[<b>1716 SEVENTH St</b><br/><b>Units:</b> 2<br/><b>VLI Units:</b> 0<br/><b>Stories:</b> 3<br/><b>Height:</b> 10.5m<br/><b>Status:</b> Completed<br/><i>(height estimated from units)</i>]]></description>
			<styleUrl>#style_In_Review_parcel58187</styleUrl>
			<MultiGeometry><Point><coordinates>-122.29812570374405,37.87183320298778,7</coordinates><altitudeMode>relativeToGround</altitudeMode></Point><Polygon>
				<extrude>1</extrude>
				<altitudeMode>relativeToGround</altitudeMode>
				<outerBoundaryIs>
					<LinearRing>
						<coordinates>
							-122.2979072889293,37.87182852492391,7 -122.2983158675926,37.87174469621577,7 -122.2983384983046,37.87182056943755,7 -122.2983477635606,37.8718451524407,7 -122.2979375151479,37.87193174998486,7 -122.2979072889293,37.87182852492391,7 
						</coordinates>
					</LinearRing>
				</outerBoundaryIs>
			</Polygon></MultiGeometry>
		</Placemark>
		<Placemark>
			<name>1515 Derby St · 2 units · Completed</name>
			<visibility>0</visibility>
			<description><![CDATA[<b>1515 DERBY St</b><br/><b>Units:</b> 2<br/><b>VLI Units:</b> 0<br/><b>Stories:</b> 3<br/><b>Height:</b> 10.5m<br/><b>Status:</b> Completed<br/><i>(height estimated from units)</i>]]></description>
			<styleUrl>#style_In_Review_parcel58187</styleUrl>
			<MultiGeometry><Point><coordinates>-122.27950243064865,37.859032281858745,10.5</coordinates><altitudeMode>relativeToGround</altitudeMode></Point><Polygon>
				<extrude>1</extrude>
				<altitudeMode>relativeToGround</altitudeMode>
				<outerBoundaryIs>
					<LinearRing>
						<coordinates>
							-122.2794035600591,37.85889684437249,10.5 -122.2795763253005,37.85887775674125,10.5 -122.2796524134825,37.85923300939513,10.5 -122.2794762943421,37.85925695441234,10.5 -122.2794035600591,37.85889684437249,10.5 
						</coordinates>
					</LinearRing>
				</outerBoundaryIs>
			</Polygon></MultiGeometry>
		</Placemark>
		<Placemark>
			<name>1922 Francisco St · 2 units · In Review</name>
			<visibility>0</visibility>
			<description><![CDATA[<b>1922 FRANCISCO St</b><br/><b>Units:</b> 2<br/><b>VLI Units:</b> 0<br/><b>Stories:</b> 3<br/><b>Height:</b> 10.5m<br/><b>Status:</b> In Review]]></description>
			<styleUrl>#style_In_Review_parcel58187</styleUrl>
			<MultiGeometry><Point><coordinates>-122.27221780289929,37.87494893167526,10.5</coordinates><altitudeMode>relativeToGround</altitudeMode></Point><Polygon>
				<extrude>1</extrude>
				<altitudeMode>relativeToGround</altitudeMode>
				<outerBoundaryIs>
					<LinearRing>
						<coordinates>
							-122.2721271060999,37.8748078755748,10.5 -122.2722791872551,37.87479116935766,10.5 -122.2723537805915,37.87515811161909,10.5 -122.27220183445,37.87517962624993,10.5 -122.2721271060999,37.8748078755748,10.5 
						</coordinates>
					</LinearRing>
				</outerBoundaryIs>
			</Polygon></MultiGeometry>
		</Placemark>
		<Placemark>
			<name>2204 Dwight Way · 2 units · In Review</name>
			<visibility>0</visibility>
			<description><![CDATA[<b>2204 DWIGHT Way</b><br/><b>Units:</b> 2<br/><b>VLI Units:</b> 0<br/><b>Stories:</b> 3<br/><b>Height:</b> 10.7m<br/><b>Status:</b> Decision Pending<br/><i>Footprint 1,944 sf and 2 storeys from the project's own Tabulation Form 1.E, PROPOSED column — identified by the form's DWELLING-UNITS row matching v2's count, not by column position. Was 5,715 sf at 10.5 m. 2026-08-26.</i><br/><i>Footprint 2,430 sf and 3 storeys / 35 ft from the Tabulation Form 1.E, PROPOSED column. Read INDEPENDENTLY by two sessions and agreeing; column identified by the form's dwelling-units row. Was 1,944 sf at 7.0 m. 2026-08-26.</i>]]></description>
			<styleUrl>#style_Decision_Pending_parcel100</styleUrl>
			<MultiGeometry><Point><coordinates>-122.26485491079184,37.86398409846275,10.5</coordinates><altitudeMode>relativeToGround</altitudeMode></Point><Polygon>
				<extrude>1</extrude>
				<altitudeMode>relativeToGround</altitudeMode>
				<outerBoundaryIs>
					<LinearRing>
						<coordinates>
							-122.2648066057422,37.8639040293214,10.7 -122.2648966892843,37.8638923856877,10.7 -122.2649487770755,37.8641347467044,10.7 -122.2648530529945,37.8641469246668,10.7 -122.2648066057422,37.8639040293214,10.7 
						</coordinates>
					</LinearRing>
				</outerBoundaryIs>
			</Polygon></MultiGeometry>
		</Placemark>
		<Placemark>
			<name>1419 Grant St · 2 units · Permitted</name>
			<visibility>0</visibility>
			<description><![CDATA[<b>1419 GRANT St</b><br/><b>Units:</b> 2<br/><b>VLI Units:</b> 0<br/><b>Stories:</b> 3<br/><b>Height:</b> 10.5m<br/><b>Status:</b> Permitted<br/><i>(height estimated from units)</i>]]></description>
			<styleUrl>#style_In_Review_parcel581826</styleUrl>
			<MultiGeometry><Point><coordinates>-122.27590276286651,37.88045001922998,7</coordinates><altitudeMode>relativeToGround</altitudeMode></Point><Polygon>
				<extrude>1</extrude>
				<altitudeMode>relativeToGround</altitudeMode>
				<outerBoundaryIs>
					<LinearRing>
						<coordinates>
							-122.2757238216694,37.88051726100064,7 -122.2761850849904,37.88045950420329,7 -122.2761703397393,37.88035054395793,7 -122.275710746264,37.88040552598741,7 -122.2757238216694,37.88051726100064,7 
						</coordinates>
					</LinearRing>
				</outerBoundaryIs>
			</Polygon></MultiGeometry>
		</Placemark>
		<Placemark>
			<name>1236 Dwight Way · 2 units · In Review</name>
			<visibility>0</visibility>
			<description><![CDATA[<b>1236 DWIGHT Way</b><br/><b>Units:</b> 2<br/><b>VLI Units:</b> 0<br/><b>Stories:</b> 3<br/><b>Height:</b> 10.5m<br/><b>Status:</b> In Review<br/><i>(height estimated from units)</i>]]></description>
			<styleUrl>#style_In_Review_parcel58187</styleUrl>
			<MultiGeometry><Point><coordinates>-122.2857527638519,37.861403790231506,10.5</coordinates><altitudeMode>relativeToGround</altitudeMode></Point><Polygon>
				<extrude>1</extrude>
				<altitudeMode>relativeToGround</altitudeMode>
				<outerBoundaryIs>
					<LinearRing>
						<coordinates>
							-122.2858295699419,37.86150522557607,10.5 -122.2856927856159,37.86152275338185,10.5 -122.285637554962,37.86125163718545,10.5 -122.2857743387979,37.8612341094381,10.5 -122.2858295699419,37.86150522557607,10.5 
						</coordinates>
					</LinearRing>
				</outerBoundaryIs>
			</Polygon></MultiGeometry>
		</Placemark>
		<Placemark>
			<name>2808 Ninth St · 2 units · In Review</name>
			<visibility>0</visibility>
			<description><![CDATA[<b>2808 NINTH St</b><br/><b>Units:</b> 2<br/><b>VLI Units:</b> 0<br/><b>Stories:</b> 3<br/><b>Height:</b> 10.5m<br/><b>Status:</b> In Review<br/><i>(height estimated from units)</i>]]></description>
			<styleUrl>#style_In_Review_parcel5827</styleUrl>
			<MultiGeometry><Point><coordinates>-122.29044836979381,37.85529215804136,7</coordinates><altitudeMode>relativeToGround</altitudeMode></Point><Polygon>
				<extrude>1</extrude>
				<altitudeMode>relativeToGround</altitudeMode>
				<outerBoundaryIs>
					<LinearRing>
						<coordinates>
							-122.2902608705141,37.85529023130587,7 -122.2902925691056,37.85538381996034,7 -122.290728675211,37.85529549169966,7 -122.2906988636242,37.85520101593506,7 -122.2902608705141,37.85529023130587,7 
						</coordinates>
					</LinearRing>
				</outerBoundaryIs>
			</Polygon></MultiGeometry>
		</Placemark>
		<Placemark>
			<name>3001 Benvenue Ave · 1 units · Completed</name>
			<visibility>0</visibility>
			<description><![CDATA[<b>3001 BENVENUE Ave</b><br/><b>Units:</b> 1<br/><b>VLI Units:</b> 0<br/><b>Stories:</b> 3<br/><b>Height:</b> 10.5m<br/><b>Status:</b> Completed<br/><i>(height estimated from units)</i>]]></description>
			<styleUrl>#style_Decision_Pending_parcel100</styleUrl>
			<MultiGeometry><Point><coordinates>-122.25368752003082,37.85583811962748,10.5</coordinates><altitudeMode>relativeToGround</altitudeMode></Point><Polygon>
				<extrude>1</extrude>
				<altitudeMode>relativeToGround</altitudeMode>
				<outerBoundaryIs>
					<LinearRing>
						<coordinates>
							-122.2535669662178,37.85580887181235,10.5 -122.2538588307862,37.85577226076924,10.5 -122.2538683035356,37.85587993068437,10.5 -122.2535765333967,37.85592066305906,10.5 -122.2535669662178,37.85580887181235,10.5 
						</coordinates>
					</LinearRing>
				</outerBoundaryIs>
			</Polygon></MultiGeometry>
		</Placemark>
		<Placemark>
			<name>40 Hill Rd · 1 units · Completed</name>
			<visibility>0</visibility>
			<description><![CDATA[<b>40 HILL Rd</b><br/><b>Units:</b> 1<br/><b>VLI Units:</b> 0<br/><b>Stories:</b> 3<br/><b>Height:</b> 10.5m<br/><b>Status:</b> Completed<br/><i>(height estimated from units)</i>]]></description>
			<styleUrl>#style_Application_Submitted_parcel48</styleUrl>
			<MultiGeometry><Point><coordinates>-122.2512542671729,37.88935427626,10.5</coordinates><altitudeMode>relativeToGround</altitudeMode></Point><Polygon>
				<extrude>1</extrude>
				<altitudeMode>relativeToGround</altitudeMode>
				<outerBoundaryIs>
					<LinearRing>
						<coordinates>
							-122.2511743019085,37.88917711373094,10.5 -122.2513996066737,37.88917789153698,10.5 -122.2515034742541,37.88946681545936,10.5 -122.2512392564809,37.8895057606488,10.5 -122.2512454207317,37.88947338954652,10.5 -122.251244886985,37.88945074309589,10.5 -122.2512268486229,37.8894207930225,10.5 -122.2512091669131,37.88940526131482,10.5 -122.2511903218388,37.88934166733588,10.5 -122.2511893525845,37.88930048943742,10.5 -122.2511743019085,37.88917711373094,10.5 
						</coordinates>
					</LinearRing>
				</outerBoundaryIs>
			</Polygon></MultiGeometry>
		</Placemark>
		<Placemark>
			<name>5 W Parnassus Ct · 1 units · Permitted</name>
			<visibility>0</visibility>
			<description><![CDATA[<b>5 W PARNASSUS Ct</b><br/><b>Units:</b> 1<br/><b>VLI Units:</b> 0<br/><b>Stories:</b> 3<br/><b>Height:</b> 10.5m<br/><b>Status:</b> Permitted<br/><i>(height estimated from units)</i>]]></description>
			<styleUrl>#style_In_Review_parcel581813</styleUrl>
			<MultiGeometry><Point><coordinates>-122.25789016844237,37.882410929050806,10.5</coordinates><altitudeMode>relativeToGround</altitudeMode></Point><Polygon>
				<extrude>1</extrude>
				<altitudeMode>relativeToGround</altitudeMode>
				<outerBoundaryIs>
					<LinearRing>
						<coordinates>
							-122.2577747370187,37.88252427616687,10.5 -122.2581606349859,37.88241444513801,10.5 -122.2580718616908,37.88223580490754,10.5 -122.2576688714977,37.88235584287475,10.5 -122.2577747370187,37.88252427616687,10.5 
						</coordinates>
					</LinearRing>
				</outerBoundaryIs>
			</Polygon></MultiGeometry>
		</Placemark>
		<Placemark>
			<name>0 Le Roy Ave · 1 units · In Review</name>
			<visibility>0</visibility>
			<description><![CDATA[<b>0 LE ROY Ave</b><br/><b>Units:</b> 1<br/><b>VLI Units:</b> 0<br/><b>Stories:</b> 3<br/><b>Height:</b> 10.5m<br/><b>Status:</b> In Review<br/><i>(height estimated from units)</i>]]></description>
			<styleUrl>#style_In_Review_parcel581831</styleUrl>
			<MultiGeometry><Point><coordinates>-122.2601905434593,37.882473126106184,10.5</coordinates><altitudeMode>relativeToGround</altitudeMode></Point><Polygon>
				<extrude>1</extrude>
				<altitudeMode>relativeToGround</altitudeMode>
				<outerBoundaryIs>
					<LinearRing>
						<coordinates>
							-122.2600833587867,37.88253206520005,10.5 -122.2600937346184,37.88253122371832,10.5 -122.2604259528359,37.88251184622342,10.5 -122.2604015434318,37.88235907573156,10.5 -122.2600553122963,37.88237248056372,10.5 -122.2600833587867,37.88253206520005,10.5 
						</coordinates>
					</LinearRing>
				</outerBoundaryIs>
			</Polygon></MultiGeometry>
		</Placemark>
		<Placemark>
			<name>2328 Grant St · 1 units · In Review</name>
			<visibility>0</visibility>
			<description><![CDATA[<b>2328 GRANT St</b><br/><b>Units:</b> 1<br/><b>VLI Units:</b> 0<br/><b>Stories:</b> 3<br/><b>Height:</b> 10.5m<br/><b>Status:</b> In Review<br/><i>(height estimated from units)</i>]]></description>
			<styleUrl>#style_In_Review_parcel58185</styleUrl>
			<MultiGeometry><Point><coordinates>-122.2749965574166,37.86584019538649,10.5</coordinates><altitudeMode>relativeToGround</altitudeMode></Point><Polygon>
				<extrude>1</extrude>
				<altitudeMode>relativeToGround</altitudeMode>
				<outerBoundaryIs>
					<LinearRing>
						<coordinates>
							-122.2748196545017,37.86590424850414,10.5 -122.2752721913305,37.86584800116381,10.5 -122.2752644833178,37.86574305226406,10.5 -122.2748068034313,37.8658014264963,10.5 -122.2748196545017,37.86590424850414,10.5 
						</coordinates>
					</LinearRing>
				</outerBoundaryIs>
			</Polygon></MultiGeometry>
		</Placemark>
		<Placemark>
			<name>1939 Marin Ave · 1 units · In Review</name>
			<visibility>0</visibility>
			<description><![CDATA[<b>1939 MARIN Ave</b><br/><b>Units:</b> 1<br/><b>VLI Units:</b> 0<br/><b>Stories:</b> 3<br/><b>Height:</b> 10.5m<br/><b>Status:</b> In Review<br/><i>(height estimated from units)</i>]]></description>
			<styleUrl>#style_In_Review_parcel58187</styleUrl>
			<MultiGeometry><Point><coordinates>-122.27481602708534,37.889604188161954,10.5</coordinates><altitudeMode>relativeToGround</altitudeMode></Point><Polygon>
				<extrude>1</extrude>
				<altitudeMode>relativeToGround</altitudeMode>
				<outerBoundaryIs>
					<LinearRing>
						<coordinates>
							-122.2746692005212,37.88945051566243,10.5 -122.2748362684062,37.88940680589739,10.5 -122.2750335997726,37.88983233293715,10.5 -122.2748718662054,37.88988077065038,10.5 -122.2746692005212,37.88945051566243,10.5 
						</coordinates>
					</LinearRing>
				</outerBoundaryIs>
			</Polygon></MultiGeometry>
		</Placemark>
		<Placemark>
			<name>1731 Addison St · 1 units · In Review</name>
			<visibility>0</visibility>
			<description><![CDATA[<b>1731 ADDISON St</b><br/><b>Units:</b> 1<br/><b>VLI Units:</b> 0<br/><b>Stories:</b> 3<br/><b>Height:</b> 10.5m<br/><b>Status:</b> In Review<br/><i>(height estimated from units)</i>]]></description>
			<styleUrl>#style_In_Review_parcel58187</styleUrl>
			<MultiGeometry><Point><coordinates>-122.27603744850255,37.87041565126292,10.5</coordinates><altitudeMode>relativeToGround</altitudeMode></Point><Polygon>
				<extrude>1</extrude>
				<altitudeMode>relativeToGround</altitudeMode>
				<outerBoundaryIs>
					<LinearRing>
						<coordinates>
							-122.2759463935778,37.87027391477567,10.5 -122.2761189825786,37.87024659707811,10.5 -122.2761714850204,37.87063035383182,10.5 -122.2760039877582,37.8706534758533,10.5 -122.2759463935778,37.87027391477567,10.5 
						</coordinates>
					</LinearRing>
				</outerBoundaryIs>
			</Polygon></MultiGeometry>
		</Placemark>
		<Placemark>
			<name>1420 Fifth St · 1 units · In Review</name>
			<visibility>0</visibility>
			<description><![CDATA[<b>1420 FIFTH St</b><br/><b>Units:</b> 1<br/><b>VLI Units:</b> 0<br/><b>Stories:</b> 3<br/><b>Height:</b> 10.5m<br/><b>Status:</b> In Review<br/><i>(height estimated from units)</i>]]></description>
			<styleUrl>#style_Decision_Pending_parcel101</styleUrl>
			<MultiGeometry><Point><coordinates>-122.30196134009928,37.876554363129685,10.5</coordinates><altitudeMode>relativeToGround</altitudeMode></Point><Polygon>
				<extrude>1</extrude>
				<altitudeMode>relativeToGround</altitudeMode>
				<outerBoundaryIs>
					<LinearRing>
						<coordinates>
							-122.3017754360336,37.87665265554791,10.5 -122.3021980774577,37.87657546914713,10.5 -122.3021569742371,37.87645248751765,10.5 -122.3021293715947,37.87645772173673,10.5 -122.301732745239,37.87653518928078,10.5 -122.3017754360336,37.87665265554791,10.5 
						</coordinates>
					</LinearRing>
				</outerBoundaryIs>
			</Polygon></MultiGeometry>
		</Placemark>
		<Placemark>
			<name>1139 Keeler Ave · 1 units · In Review</name>
			<visibility>0</visibility>
			<description><![CDATA[<b>1139 KEELER Ave</b><br/><b>Units:</b> 1<br/><b>VLI Units:</b> 0<br/><b>Stories:</b> 3<br/><b>Height:</b> 10.5m<br/><b>Status:</b> In Review<br/><i>(height estimated from units)</i>]]></description>
			<styleUrl>#style_In_Review_parcel58187</styleUrl>
			<MultiGeometry><Point><coordinates>-122.25761674277987,37.889710271156076,10.5</coordinates><altitudeMode>relativeToGround</altitudeMode></Point><Polygon>
				<extrude>1</extrude>
				<altitudeMode>relativeToGround</altitudeMode>
				<outerBoundaryIs>
					<LinearRing>
						<coordinates>
							-122.2574555721583,37.88980755593164,10.5 -122.2575555324617,37.88956504052949,10.5 -122.2576080384348,37.88958691607768,10.5 -122.2577218002023,37.88963466721738,10.5 -122.2577345073299,37.88963869408649,10.5 -122.2577342424561,37.88963936297466,10.5 -122.2576484993511,37.889857663151,10.5 -122.2576369204663,37.88985498450472,10.5 -122.2574555721583,37.88980755593164,10.5 
						</coordinates>
					</LinearRing>
				</outerBoundaryIs>
			</Polygon></MultiGeometry>
		</Placemark>
		<Placemark>
			<name>1111 Allston Way · 1 units · Completed</name>
			<visibility>0</visibility>
			<description><![CDATA[<b>1111 ALLSTON Way</b><br/><b>Units:</b> 1<br/><b>VLI Units:</b> 0<br/><b>Stories:</b> 3<br/><b>Height:</b> 10.5m<br/><b>Status:</b> Completed<br/><i>(height estimated from units)</i>]]></description>
			<styleUrl>#style_In_Review_parcel510</styleUrl>
			<MultiGeometry><Point><coordinates>-122.29062210697528,37.8667907776094,10.5</coordinates><altitudeMode>relativeToGround</altitudeMode></Point><Polygon>
				<extrude>1</extrude>
				<altitudeMode>relativeToGround</altitudeMode>
				<outerBoundaryIs>
					<LinearRing>
						<coordinates>
							-122.2905993293409,37.86694592731715,10.5 -122.2907374324932,37.86692529685125,10.5 -122.2906609375409,37.86655563474009,10.5 -122.2905135061605,37.86658110182137,10.5 -122.2905993293409,37.86694592731715,10.5 
						</coordinates>
					</LinearRing>
				</outerBoundaryIs>
			</Polygon></MultiGeometry>
		</Placemark>
		<Placemark>
			<name>659 Grizzly Peak Blvd · 1 units · In Review</name>
			<visibility>0</visibility>
			<description><![CDATA[<b>659 GRIZZLY PEAK Blvd</b><br/><b>Units:</b> 1<br/><b>VLI Units:</b> 0<br/><b>Stories:</b> 3<br/><b>Height:</b> 10.5m<br/><b>Status:</b> In Review<br/><i>(height estimated from units)</i>]]></description>
			<styleUrl>#style_Application_Submitted_parcel48</styleUrl>
			<MultiGeometry><Point><coordinates>-122.26541471357915,37.90014219830418,10.5</coordinates><altitudeMode>relativeToGround</altitudeMode></Point><Polygon>
				<extrude>1</extrude>
				<altitudeMode>relativeToGround</altitudeMode>
				<outerBoundaryIs>
					<LinearRing>
						<coordinates>
							-122.2652753699198,37.90017392645916,10.5 -122.2652470769679,37.90015031277855,10.5 -122.2656159216541,37.89999098239007,10.5 -122.2657036973033,37.90011120831468,10.5 -122.26537084571,37.90025283342347,10.5 -122.2652753699198,37.90017392645916,10.5 
						</coordinates>
					</LinearRing>
				</outerBoundaryIs>
			</Polygon></MultiGeometry>
		</Placemark>
		<Placemark>
			<name>3036 Regent St · 1 units · Completed</name>
			<visibility>0</visibility>
			<description><![CDATA[<b>3036 REGENT St</b><br/><b>Units:</b> 1<br/><b>VLI Units:</b> 0<br/><b>Stories:</b> 3<br/><b>Height:</b> 10.5m<br/><b>Status:</b> Completed<br/><i>(height estimated from units)</i>]]></description>
			<styleUrl>#style_In_Review_parcel58187</styleUrl>
			<MultiGeometry><Point><coordinates>-122.25657722487558,37.85417468225866,10.5</coordinates><altitudeMode>relativeToGround</altitudeMode></Point><Polygon>
				<extrude>1</extrude>
				<altitudeMode>relativeToGround</altitudeMode>
				<outerBoundaryIs>
					<LinearRing>
						<coordinates>
							-122.2566629194917,37.85407768120614,10.5 -122.2567059867797,37.85428717123387,10.5 -122.2564487250194,37.85432190156281,10.5 -122.2564055735954,37.85410897608433,10.5 -122.2566629194917,37.85407768120614,10.5 
						</coordinates>
					</LinearRing>
				</outerBoundaryIs>
			</Polygon></MultiGeometry>
		</Placemark>
		<Placemark>
			<name>1621 Sacramento St · 1 units · In Review</name>
			<visibility>0</visibility>
			<description><![CDATA[<b>1621 SACRAMENTO St</b><br/><b>Units:</b> 1<br/><b>VLI Units:</b> 0<br/><b>Stories:</b> 3<br/><b>Height:</b> 10.5m<br/><b>Status:</b> In Review<br/><i>(height estimated from units)</i>]]></description>
			<styleUrl>#style_In_Review_parcel58187</styleUrl>
			<MultiGeometry><Point><coordinates>-122.28222991639566,37.876073947900835,10.5</coordinates><altitudeMode>relativeToGround</altitudeMode></Point><Polygon>
				<extrude>1</extrude>
				<altitudeMode>relativeToGround</altitudeMode>
				<outerBoundaryIs>
					<LinearRing>
						<coordinates>
							-122.2821175320758,37.87604048492319,10.5 -122.2823869444151,37.87600414521808,10.5 -122.2823985280952,37.87612551523691,10.5 -122.2821290453164,37.8761591092028,10.5 -122.2821175320758,37.87604048492319,10.5 
						</coordinates>
					</LinearRing>
				</outerBoundaryIs>
			</Polygon></MultiGeometry>
		</Placemark>
		<Placemark>
			<name>2820 San Pablo Ave · 1 units · Entitled</name>
			<visibility>0</visibility>
			<description><![CDATA[<b>2820 SAN PABLO Ave</b><br/><b>Units:</b> 1<br/><b>VLI Units:</b> 0<br/><b>Stories:</b> 2<br/><b>Height:</b> 7.0m<br/><b>Status:</b> Entitled]]></description>
			<styleUrl>#style_Entitled_parcel61010</styleUrl>
			<MultiGeometry><Point><coordinates>-122.28807089819546,37.8552977461088,7.0</coordinates><altitudeMode>relativeToGround</altitudeMode></Point><Polygon>
				<extrude>1</extrude>
				<altitudeMode>relativeToGround</altitudeMode>
				<outerBoundaryIs>
					<LinearRing>
						<coordinates>
							-122.2878720031796,37.85528180888238,7 -122.2883288178861,37.85518973468466,7 -122.2883666347419,37.85532169289956,7 -122.2879150319901,37.85541368519503,7 -122.2878720031796,37.85528180888238,7 
						</coordinates>
					</LinearRing>
				</outerBoundaryIs>
			</Polygon></MultiGeometry>
		</Placemark>
		<Placemark>
			<name>0 Parker St · 1 units · Permitted</name>
			<visibility>0</visibility>
			<description><![CDATA[<b>0 PARKER St</b><br/><b>Units:</b> 1<br/><b>VLI Units:</b> 0<br/><b>Stories:</b> 3<br/><b>Height:</b> 10.5m<br/><b>Status:</b> Permitted<br/><i>(height estimated from units)</i>]]></description>
			<styleUrl>#style_Entitled_parcel61010</styleUrl>
			<MultiGeometry><Point><coordinates>-122.26432693213967,37.86278091676062,3.5</coordinates><altitudeMode>relativeToGround</altitudeMode></Point><Polygon>
				<extrude>1</extrude>
				<altitudeMode>relativeToGround</altitudeMode>
				<outerBoundaryIs>
					<LinearRing>
						<coordinates>
							-122.2641985165749,37.86263617999568,3.5 -122.2643677307542,37.86261304665285,3.5 -122.2643932831507,37.86274038949876,3.5 -122.264416835676,37.86285677634831,3.5 -122.2644405713173,37.86298071085767,3.5 -122.2642730709297,37.86300313397537,3.5 -122.2641985165749,37.86263617999568,3.5 
						</coordinates>
					</LinearRing>
				</outerBoundaryIs>
			</Polygon></MultiGeometry>
		</Placemark>
		<Placemark>
			<name>1522 Josephine St · 0 units · In Review</name>
			<visibility>0</visibility>
			<description><![CDATA[<b>1522 JOSEPHINE St</b><br/><b>Units:</b> 0<br/><b>VLI Units:</b> 0<br/><b>Stories:</b> 3<br/><b>Height:</b> 8.5m<br/><b>Status:</b> In Review<br/><i>(height estimated from units)</i>]]></description>
			<styleUrl>#style_In_Review_parcel58187</styleUrl>
			<MultiGeometry><Point><coordinates>-122.27521135485908,37.87853712045937,8.5</coordinates><altitudeMode>relativeToGround</altitudeMode></Point><Polygon>
				<extrude>1</extrude>
				<altitudeMode>relativeToGround</altitudeMode>
				<outerBoundaryIs>
					<LinearRing>
						<coordinates>
							-122.2750209422674,37.87851581068767,8.5 -122.2754805243573,37.87846084023148,8.5 -122.2754986764271,37.87856768009149,8.5 -122.2750356889762,37.87862546059855,8.5 -122.2750209422674,37.87851581068767,8.5 
						</coordinates>
					</LinearRing>
				</outerBoundaryIs>
			</Polygon></MultiGeometry>
		</Placemark>
		<Placemark>
			<name>3035 Colby St · 0 units · Entitled</name>
			<visibility>0</visibility>
			<description><![CDATA[<b>3035 COLBY St</b><br/><b>Units:</b> 0<br/><b>VLI Units:</b> 0<br/><b>Stories:</b> 3<br/><b>Height:</b> 10.5m<br/><b>Status:</b> Entitled<br/><i>(height estimated from units)</i>]]></description>
			<styleUrl>#style_Entitled_parcel61010</styleUrl>
			<MultiGeometry><Point><coordinates>-122.25726898039393,37.85408431241592,10.5</coordinates><altitudeMode>relativeToGround</altitudeMode></Point><Polygon>
				<extrude>1</extrude>
				<altitudeMode>relativeToGround</altitudeMode>
				<outerBoundaryIs>
					<LinearRing>
						<coordinates>
							-122.257224156823,37.85400545743518,10.5 -122.2572932062326,37.85399551008219,10.5 -122.2573327750343,37.85420366824454,10.5 -122.2572706070568,37.85421146888252,10.5 -122.257224156823,37.85400545743518,10.5 
						</coordinates>
					</LinearRing>
				</outerBoundaryIs>
			</Polygon></MultiGeometry>
		</Placemark>
		<Placemark>
			<name>1136 Keith Ave · 1 units · Completed</name>
			<visibility>0</visibility>
			<description><![CDATA[<b>1136 KEITH Ave</b><br/><b>Units:</b> 1<br/><b>VLI Units:</b> 0<br/><b>Stories:</b> 3<br/><b>Height:</b> 10.5m<br/><b>Status:</b> Completed<br/><i>(height estimated from units)</i>]]></description>
			<styleUrl>#style_In_Review_parcel581812</styleUrl>
			<MultiGeometry><Point><coordinates>-122.2605367162919,37.88850340687009,10.5</coordinates><altitudeMode>relativeToGround</altitudeMode></Point><Polygon>
				<extrude>1</extrude>
				<altitudeMode>relativeToGround</altitudeMode>
				<outerBoundaryIs>
					<LinearRing>
						<coordinates>
							-122.2603803930279,37.88862201597461,10.5 -122.2607503323817,37.88851075490241,10.5 -122.2607064230968,37.88841320217202,10.5 -122.2606843605582,37.88835998041825,10.5 -122.2603183956589,37.88849247177863,10.5 -122.2603803930279,37.88862201597461,10.5 
						</coordinates>
					</LinearRing>
				</outerBoundaryIs>
			</Polygon></MultiGeometry>
		</Placemark>
		<Placemark>
			<name>1730 Parker St · 0 units · Permitted</name>
			<visibility>0</visibility>
			<description><![CDATA[<b>1730 PARKER St</b><br/><b>Units:</b> 0<br/><b>VLI Units:</b> 0<br/><b>Stories:</b> 3<br/><b>Height:</b> 10.5m<br/><b>Status:</b> Permitted<br/><i>(height estimated from units)</i>]]></description>
			<styleUrl>#style_Application_Submitted_parcel40</styleUrl>
			<MultiGeometry><Point><coordinates>-122.27465861236325,37.86095262631066,10.5</coordinates><altitudeMode>relativeToGround</altitudeMode></Point><Polygon>
				<extrude>1</extrude>
				<altitudeMode>relativeToGround</altitudeMode>
				<outerBoundaryIs>
					<LinearRing>
						<coordinates>
							-122.274622459079,37.86111193876957,10.5 -122.2747818818366,37.86110226775669,10.5 -122.2747211506294,37.86070904512206,10.5 -122.2745451111923,37.86072794113542,10.5 -122.274622459079,37.86111193876957,10.5 
						</coordinates>
					</LinearRing>
				</outerBoundaryIs>
			</Polygon></MultiGeometry>
		</Placemark>
		<Placemark>
			<name>1109 Cowper St · 0 units · Completed</name>
			<visibility>0</visibility>
			<description><![CDATA[<b>1109 COWPER St</b><br/><b>Units:</b> 0<br/><b>VLI Units:</b> 0<br/><b>Stories:</b> 3<br/><b>Height:</b> 10.5m<br/><b>Status:</b> Completed<br/><i>(height estimated from units)</i>]]></description>
			<styleUrl>#style_In_Review_parcel515</styleUrl>
			<MultiGeometry><Point><coordinates>-122.29102222731242,37.86763192470967,10.5</coordinates><altitudeMode>relativeToGround</altitudeMode></Point><Polygon>
				<extrude>1</extrude>
				<altitudeMode>relativeToGround</altitudeMode>
				<outerBoundaryIs>
					<LinearRing>
						<coordinates>
							-122.2909929745718,37.86778978798448,10.5 -122.2911528786378,37.86777255660387,10.5 -122.291063737951,37.86739518057693,10.5 -122.2909085708297,37.86741231039857,10.5 -122.2909929745718,37.86778978798448,10.5 
						</coordinates>
					</LinearRing>
				</outerBoundaryIs>
			</Polygon></MultiGeometry>
		</Placemark>
		<Placemark>
			<name>705 Arlington Ave · 0 units · Completed</name>
			<visibility>0</visibility>
			<description><![CDATA[<b>705 ARLINGTON Ave</b><br/><b>Units:</b> 0<br/><b>VLI Units:</b> 0<br/><b>Stories:</b> 3<br/><b>Height:</b> 10.5m<br/><b>Status:</b> Completed<br/><i>(height estimated from units)</i>]]></description>
			<styleUrl>#style_In_Review_parcel581832</styleUrl>
			<MultiGeometry><Point><coordinates>-122.27569432563992,37.89746145800234,7</coordinates><altitudeMode>relativeToGround</altitudeMode></Point><Polygon>
				<extrude>1</extrude>
				<altitudeMode>relativeToGround</altitudeMode>
				<outerBoundaryIs>
					<LinearRing>
						<coordinates>
							-122.2756100070465,37.89762105980626,7 -122.2758426934195,37.89742253275681,7 -122.2758160825325,37.89739753044255,7 -122.2757842076807,37.89736848410184,7 -122.275744984349,37.89732306029823,7 -122.2754522974047,37.89747647880446,7 -122.2756100070465,37.89762105980626,7 
						</coordinates>
					</LinearRing>
				</outerBoundaryIs>
			</Polygon></MultiGeometry>
		</Placemark>
		<Placemark>
			<name>2027 Seventh St · 0 units · In Review</name>
			<visibility>0</visibility>
			<description><![CDATA[<b>2027 SEVENTH St</b><br/><b>Units:</b> 0<br/><b>VLI Units:</b> 0<br/><b>Stories:</b> 3<br/><b>Height:</b> 10.5m<br/><b>Status:</b> In Review<br/><i>(height estimated from units)</i>]]></description>
			<styleUrl>#style_In_Review_parcel54</styleUrl>
			<MultiGeometry><Point><coordinates>-122.29583612914512,37.867260261350665,10.5</coordinates><altitudeMode>relativeToGround</altitudeMode></Point><Polygon>
				<extrude>1</extrude>
				<altitudeMode>relativeToGround</altitudeMode>
				<outerBoundaryIs>
					<LinearRing>
						<coordinates>
							-122.295631331372,37.86741678681684,10.5 -122.2962277782053,37.86729371374868,10.5 -122.2961467119803,37.86702233367549,10.5 -122.295543492796,37.86715168569547,10.5 -122.295631331372,37.86741678681684,10.5 
						</coordinates>
					</LinearRing>
				</outerBoundaryIs>
			</Polygon></MultiGeometry>
		</Placemark>
		<Placemark>
			<name>576 San Luis Rd · 0 units · Completed</name>
			<visibility>0</visibility>
			<description><![CDATA[<b>576 SAN LUIS Rd</b><br/><b>Units:</b> 0<br/><b>VLI Units:</b> 0<br/><b>Stories:</b> 3<br/><b>Height:</b> 6.1m<br/><b>Status:</b> Completed<br/><i>(height estimated from units)</i>]]></description>
			<styleUrl>#style_Application_Submitted_parcel48</styleUrl>
			<MultiGeometry><Point><coordinates>-122.2757535588213,37.90002575017668,6.1</coordinates><altitudeMode>relativeToGround</altitudeMode></Point><Polygon>
				<extrude>1</extrude>
				<altitudeMode>relativeToGround</altitudeMode>
				<outerBoundaryIs>
					<LinearRing>
						<coordinates>
							-122.2755873947399,37.90007837616216,6.1 -122.2758859073701,37.89987818039231,6.1 -122.2760082761299,37.89992165868265,6.1 -122.2756988211267,37.90017215948414,6.1 -122.2755873947399,37.90007837616216,6.1 
						</coordinates>
					</LinearRing>
				</outerBoundaryIs>
			</Polygon></MultiGeometry>
		</Placemark>
		<Placemark>
			<name>2009 Addison St · 45 units · Completed</name>
			<visibility>0</visibility>
			<description><![CDATA[<b>2009 ADDISON St</b><br/><b>Units:</b> 45<br/><b>VLI Units:</b> 0<br/><b>Stories:</b> 7<br/><b>Height:</b> 24.5m<br/><b>Status:</b> Completed<br/><i>(7 storeys — DRC Staff Report DRCP2017-0001)</i><br/><i>Height corrected 24.5m / 7 storeys from v2 (7 storeys — DRC Staff Report DRCP2017-0001), 2026-08-26. Was the 10.5m migration placeholder for a 45-unit building.</i>]]></description>
			<styleUrl>#style_Application_Submitted_parcel43</styleUrl>
			<MultiGeometry><Point><coordinates>-122.27003046751577,37.871247278097634,24.5</coordinates><altitudeMode>relativeToGround</altitudeMode></Point><Polygon>
				<extrude>1</extrude>
				<altitudeMode>relativeToGround</altitudeMode>
				<outerBoundaryIs>
					<LinearRing>
						<coordinates>-122.2699628081217,37.87139541042202,24.5 -122.2702014836265,37.87136689878681,24.5 -122.270156853799,37.87102148332558,24.5 -122.2698683839099,37.87105718753173,24.5 -122.2699628081217,37.87139541042202,24.5</coordinates>
					</LinearRing>
				</outerBoundaryIs>
			</Polygon></MultiGeometry>
		</Placemark>
		<Placemark>
			<name>1312 Addison St · 0 units · In Review</name>
			<visibility>0</visibility>
			<description><![CDATA[<b>1312 ADDISON St</b><br/><b>Units:</b> 0<br/><b>VLI Units:</b> 0<br/><b>Stories:</b> 3<br/><b>Height:</b> 10.5m<br/><b>Status:</b> In Review<br/><i>(height estimated from units)</i>]]></description>
			<styleUrl>#style_In_Review_parcel58187</styleUrl>
			<MultiGeometry><Point><coordinates>-122.28413027483359,37.86691121509941,10.5</coordinates><altitudeMode>relativeToGround</altitudeMode></Point><Polygon>
				<extrude>1</extrude>
				<altitudeMode>relativeToGround</altitudeMode>
				<outerBoundaryIs>
					<LinearRing>
						<coordinates>
							-122.2839904144735,37.86688737168851,10.5 -122.2843306421425,37.86684308676911,10.5 -122.2843417704304,37.86694592073535,10.5 -122.2839981326481,37.86699232461555,10.5 -122.2839904144735,37.86688737168851,10.5 
						</coordinates>
					</LinearRing>
				</outerBoundaryIs>
			</Polygon></MultiGeometry>
		</Placemark>
		<Placemark>
			<name>2145 Grant St · 1 units · Entitled</name>
			<visibility>0</visibility>
			<description><![CDATA[<b>2145 GRANT St</b><br/><b>Units:</b> 1<br/><b>VLI Units:</b> 0<br/><b>Stories:</b> 3<br/><b>Height:</b> 10.5m<br/><b>Status:</b> Entitled<br/><i>(height estimated from units)</i>]]></description>
			<styleUrl>#style_Decision_Pending_parcel103</styleUrl>
			<MultiGeometry><Point><coordinates>-122.27462913716815,37.868947938720915,10.5</coordinates><altitudeMode>relativeToGround</altitudeMode></Point><Polygon>
				<extrude>1</extrude>
				<altitudeMode>relativeToGround</altitudeMode>
				<outerBoundaryIs>
					<LinearRing>
						<coordinates>
							-122.2744561092362,37.86902937163162,10.5 -122.2749000428892,37.86897463385072,10.5 -122.2748844714125,37.8688306556655,10.5 -122.2744489530667,37.86887566082511,10.5 -122.2744561092362,37.86902937163162,10.5 
						</coordinates>
					</LinearRing>
				</outerBoundaryIs>
			</Polygon></MultiGeometry>
		</Placemark>
		<Placemark>
			<name>2903 Adeline St · 0 units · In Review</name>
			<visibility>0</visibility>
			<description><![CDATA[<b>2903 ADELINE St</b><br/><b>Units:</b> 0<br/><b>VLI Units:</b> 0<br/><b>Stories:</b> 3<br/><b>Height:</b> 10.5m<br/><b>Status:</b> In Review<br/><i>(height estimated from units)</i>]]></description>
			<styleUrl>#style_In_Review_parcel58187</styleUrl>
			<MultiGeometry><Point><coordinates>-122.26808475637684,37.856348412369606,10.5</coordinates><altitudeMode>relativeToGround</altitudeMode></Point><Polygon>
				<extrude>1</extrude>
				<altitudeMode>relativeToGround</altitudeMode>
				<outerBoundaryIs>
					<LinearRing>
						<coordinates>
							-122.2679960853905,37.85627626657994,10.5 -122.2682499657071,37.8562449897447,10.5 -122.268166830552,37.85646323598519,10.5 -122.2680148148441,37.85648130295828,10.5 -122.2679960853905,37.85627626657994,10.5 
						</coordinates>
					</LinearRing>
				</outerBoundaryIs>
			</Polygon></MultiGeometry>
		</Placemark>
		<Placemark>
			<name>1507 Josephine St · 0 units · In Review</name>
			<visibility>0</visibility>
			<description><![CDATA[<b>1507 JOSEPHINE St</b><br/><b>Units:</b> 0<br/><b>VLI Units:</b> 0<br/><b>Stories:</b> 3<br/><b>Height:</b> 10.5m<br/><b>Status:</b> In Review<br/><i>(height estimated from units)</i>]]></description>
			<styleUrl>#style_In_Review_parcel58187</styleUrl>
			<MultiGeometry><Point><coordinates>-122.27469494282968,37.879157003944286,10.5</coordinates><altitudeMode>relativeToGround</altitudeMode></Point><Polygon>
				<extrude>1</extrude>
				<altitudeMode>relativeToGround</altitudeMode>
				<outerBoundaryIs>
					<LinearRing>
						<coordinates>
							-122.2745609017792,37.87913113776579,10.5 -122.2748838304272,37.87908508216814,10.5 -122.274895157545,37.87919684257528,10.5 -122.2745739226178,37.87924081944644,10.5 -122.2745609017792,37.87913113776579,10.5 
						</coordinates>
					</LinearRing>
				</outerBoundaryIs>
			</Polygon></MultiGeometry>
		</Placemark>
		<Placemark>
			<name>1338 Seventh St · 0 units · In Review</name>
			<visibility>0</visibility>
			<description><![CDATA[<b>1338 SEVENTH St</b><br/><b>Units:</b> 0<br/><b>VLI Units:</b> 0<br/><b>Stories:</b> 3<br/><b>Height:</b> 10.5m<br/><b>Status:</b> In Review<br/><i>(height estimated from units)</i>]]></description>
			<styleUrl>#style_Application_Submitted_parcel48</styleUrl>
			<MultiGeometry><Point><coordinates>-122.3001364435811,37.87827024372781,10.5</coordinates><altitudeMode>relativeToGround</altitudeMode></Point><Polygon>
				<extrude>1</extrude>
				<altitudeMode>relativeToGround</altitudeMode>
				<outerBoundaryIs>
					<LinearRing>
						<coordinates>
							-122.2999374712929,37.87816806786761,10.5 -122.3003254464991,37.87809006201326,10.5 -122.3004374750304,37.87842277636735,10.5 -122.3000443537901,37.87850224452324,10.5 -122.2999374712929,37.87816806786761,10.5 
						</coordinates>
					</LinearRing>
				</outerBoundaryIs>
			</Polygon></MultiGeometry>
		</Placemark>
		<Placemark>
			<name>2238 Seventh St · 0 units · In Review</name>
			<visibility>0</visibility>
			<description><![CDATA[<b>2238 SEVENTH St</b><br/><b>Units:</b> 0<br/><b>VLI Units:</b> 0<br/><b>Stories:</b> 3<br/><b>Height:</b> 10.5m<br/><b>Status:</b> In Review<br/><i>(height estimated from units)</i>]]></description>
			<styleUrl>#style_Application_Submitted_parcel48</styleUrl>
			<MultiGeometry><Point><coordinates>-122.29560340558346,37.864044339587906,10.5</coordinates><altitudeMode>relativeToGround</altitudeMode></Point><Polygon>
				<extrude>1</extrude>
				<altitudeMode>relativeToGround</altitudeMode>
				<outerBoundaryIs>
					<LinearRing>
						<coordinates>
							-122.2953972903953,37.86404590457778,10.5 -122.2955696994493,37.86401169742307,10.5 -122.295736952491,37.86397894000046,10.5 -122.2958213849067,37.8639604799748,10.5 -122.2958627231084,37.86409376269392,10.5 -122.2954384983382,37.86417368786754,10.5 -122.2953972903953,37.86404590457778,10.5 
						</coordinates>
					</LinearRing>
				</outerBoundaryIs>
			</Polygon></MultiGeometry>
		</Placemark>
		<Placemark>
			<name>703 Santa Barbara Rd · 0 units · In Review</name>
			<visibility>0</visibility>
			<description><![CDATA[<b>703 SANTA BARBARA Rd</b><br/><b>Units:</b> 0<br/><b>VLI Units:</b> 0<br/><b>Stories:</b> 3<br/><b>Height:</b> 10.5m<br/><b>Status:</b> In Review<br/><i>(height estimated from units)</i>]]></description>
			<styleUrl>#style_In_Review_parcel58187</styleUrl>
			<MultiGeometry><Point><coordinates>-122.27150942087995,37.89786118156595,10.5</coordinates><altitudeMode>relativeToGround</altitudeMode></Point><Polygon>
				<extrude>1</extrude>
				<altitudeMode>relativeToGround</altitudeMode>
				<outerBoundaryIs>
					<LinearRing>
						<coordinates>
							-122.2712529140685,37.89791309680641,10.5 -122.2715447356929,37.89772262700021,10.5 -122.2716779863264,37.89778655524334,10.5 -122.2717451352688,37.89784047476088,10.5 -122.2717630105123,37.89786355647407,10.5 -122.2713292502223,37.89798886387032,10.5 -122.2712529140685,37.89791309680641,10.5 
						</coordinates>
					</LinearRing>
				</outerBoundaryIs>
			</Polygon></MultiGeometry>
		</Placemark>
		<Placemark>
			<name>385 Vermont Ave · 0 units · In Review</name>
			<visibility>0</visibility>
			<description><![CDATA[<b>385 VERMONT Ave</b><br/><b>Units:</b> 0<br/><b>VLI Units:</b> 0<br/><b>Stories:</b> 3<br/><b>Height:</b> 10.5m<br/><b>Status:</b> In Review<br/><i>(height estimated from units)</i>]]></description>
			<styleUrl>#style_In_Review_parcel58187</styleUrl>
			<MultiGeometry><Point><coordinates>-122.27469908378673,37.903275003168915,10.5</coordinates><altitudeMode>relativeToGround</altitudeMode></Point><Polygon>
				<extrude>1</extrude>
				<altitudeMode>relativeToGround</altitudeMode>
				<outerBoundaryIs>
					<LinearRing>
						<coordinates>
							-122.2745774010706,37.90321182490683,10.5 -122.274725258592,37.90316153129197,10.5 -122.2747688108056,37.90324327960526,10.5 -122.2748450038912,37.90338566390554,10.5 -122.2747006272903,37.90343589439705,10.5 -122.2745774010706,37.90321182490683,10.5 
						</coordinates>
					</LinearRing>
				</outerBoundaryIs>
			</Polygon></MultiGeometry>
		</Placemark>
		<Placemark>
			<name>1246 Rose St · 0 units · Completed</name>
			<visibility>0</visibility>
			<description><![CDATA[<b>1246 ROSE St</b><br/><b>Units:</b> 0<br/><b>VLI Units:</b> 0<br/><b>Stories:</b> 3<br/><b>Height:</b> 10.5m<br/><b>Status:</b> Completed<br/><i>(height estimated from units)</i>]]></description>
			<styleUrl>#style_In_Review_parcel580</styleUrl>
			<MultiGeometry><Point><coordinates>-122.28945657710112,37.87651829151824,10.5</coordinates><altitudeMode>relativeToGround</altitudeMode></Point><Polygon>
				<extrude>1</extrude>
				<altitudeMode>relativeToGround</altitudeMode>
				<outerBoundaryIs>
					<LinearRing>
						<coordinates>
							-122.2894452987858,37.87670354547467,10.5 -122.2896163424329,37.87668309811826,10.5 -122.2894695109946,37.87623922442375,10.5 -122.2893064345065,37.87626204409984,10.5 -122.2894452987858,37.87670354547467,10.5 
						</coordinates>
					</LinearRing>
				</outerBoundaryIs>
			</Polygon></MultiGeometry>
		</Placemark>
		<Placemark>
			<name>1512 Channing Way · 0 units · In Review</name>
			<visibility>0</visibility>
			<description><![CDATA[<b>1512 CHANNING Way</b><br/><b>Units:</b> 0<br/><b>VLI Units:</b> 0<br/><b>Stories:</b> 3<br/><b>Height:</b> 10.5m<br/><b>Status:</b> In Review<br/><i>(height estimated from units)</i>]]></description>
			<styleUrl>#style_Application_Submitted_parcel48</styleUrl>
			<MultiGeometry><Point><coordinates>-122.28078515053873,37.863905605629604,10.5</coordinates><altitudeMode>relativeToGround</altitudeMode></Point><Polygon>
				<extrude>1</extrude>
				<altitudeMode>relativeToGround</altitudeMode>
				<outerBoundaryIs>
					<LinearRing>
						<coordinates>
							-122.280728665981,37.8638739556872,10.5 -122.2807283184426,37.86385953377377,10.5 -122.2808822125753,37.86384760153801,10.5 -122.2809009496127,37.86397848010414,10.5 -122.2807420906398,37.86400010698733,10.5 -122.280728665981,37.8638739556872,10.5 
						</coordinates>
					</LinearRing>
				</outerBoundaryIs>
			</Polygon></MultiGeometry>
		</Placemark>
		<Placemark>
			<name>1475 Catherine Dr · 0 units · In Review</name>
			<visibility>0</visibility>
			<description><![CDATA[<b>1475 CATHERINE Dr</b><br/><b>Units:</b> 0<br/><b>VLI Units:</b> 0<br/><b>Stories:</b> 3<br/><b>Height:</b> 10.5m<br/><b>Status:</b> In Review<br/><i>(height estimated from units)</i>]]></description>
			<styleUrl>#style_In_Review_parcel58187</styleUrl>
			<MultiGeometry><Point><coordinates>-122.28402170129327,37.878067692291076,10.5</coordinates><altitudeMode>relativeToGround</altitudeMode></Point><Polygon>
				<extrude>1</extrude>
				<altitudeMode>relativeToGround</altitudeMode>
				<outerBoundaryIs>
					<LinearRing>
						<coordinates>
							-122.2839901854527,37.87811624028267,10.5 -122.2838871918732,37.87793993774438,10.5 -122.2840245507976,37.87788773311364,10.5 -122.2841530092581,37.87811377221383,10.5 -122.2840894629358,37.87813671211288,10.5 -122.2840173232828,37.87816321028743,10.5 -122.2839901854527,37.87811624028267,10.5 
						</coordinates>
					</LinearRing>
				</outerBoundaryIs>
			</Polygon></MultiGeometry>
		</Placemark>
		<Placemark>
			<name>1187 Shattuck Ave · 0 units · Completed</name>
			<visibility>0</visibility>
			<description><![CDATA[<b>1187 SHATTUCK Ave</b><br/><b>Units:</b> 0<br/><b>VLI Units:</b> 0<br/><b>Stories:</b> 3<br/><b>Height:</b> 10.5m<br/><b>Status:</b> Completed<br/><i>(height estimated from units)</i>]]></description>
			<styleUrl>#style_Decision_Pending_parcel100</styleUrl>
			<MultiGeometry><Point><coordinates>-122.26969105672325,37.88604947220025,10.5</coordinates><altitudeMode>relativeToGround</altitudeMode></Point><Polygon>
				<extrude>1</extrude>
				<altitudeMode>relativeToGround</altitudeMode>
				<outerBoundaryIs>
					<LinearRing>
						<coordinates>
							-122.2695235739901,37.88601668654317,10.5 -122.269928260242,37.88598315540745,10.5 -122.2699397118868,37.88609971717542,10.5 -122.2695401635072,37.88613111533204,10.5 -122.2695235739901,37.88601668654317,10.5 
						</coordinates>
					</LinearRing>
				</outerBoundaryIs>
			</Polygon></MultiGeometry>
		</Placemark>
		<Placemark>
			<name>2016 Delaware St A · 0 units · In Review</name>
			<visibility>0</visibility>
			<description><![CDATA[<b>2016 DELAWARE St A</b><br/><b>Units:</b> 0<br/><b>VLI Units:</b> 0<br/><b>Stories:</b> 3<br/><b>Height:</b> 10.5m<br/><b>Status:</b> In Review<br/><i>(height estimated from units)</i>]]></description>
			<styleUrl>#style_Application_Submitted_parcel48</styleUrl>
			<MultiGeometry><Point><coordinates>-122.27030398193753,37.874282441557575,10.5</coordinates><altitudeMode>relativeToGround</altitudeMode></Point><Polygon>
				<extrude>1</extrude>
				<altitudeMode>relativeToGround</altitudeMode>
				<outerBoundaryIs>
					<LinearRing>
						<coordinates>
							-122.2702193052628,37.874146374614,10.5 -122.2703574797825,37.87412850492201,10.5 -122.2704318666464,37.87448653064781,10.5 -122.2702919527332,37.87450442299006,10.5 -122.2702193052628,37.874146374614,10.5 
						</coordinates>
					</LinearRing>
				</outerBoundaryIs>
			</Polygon></MultiGeometry>
		</Placemark>
		<Placemark>
			<name>1123 Blake St · 0 units · In Review</name>
			<visibility>0</visibility>
			<description><![CDATA[<b>1123 BLAKE St</b><br/><b>Units:</b> 0<br/><b>VLI Units:</b> 0<br/><b>Stories:</b> 3<br/><b>Height:</b> 10.5m<br/><b>Status:</b> In Review<br/><i>(height estimated from units)</i>]]></description>
			<styleUrl>#style_In_Review_parcel581818</styleUrl>
			<MultiGeometry><Point><coordinates>-122.28810142867019,37.8606353310059,10.5</coordinates><altitudeMode>relativeToGround</altitudeMode></Point><Polygon>
				<extrude>1</extrude>
				<altitudeMode>relativeToGround</altitudeMode>
				<outerBoundaryIs>
					<LinearRing>
						<coordinates>
							-122.2881274517778,37.86048761268489,10.5 -122.287990669838,37.86050514318767,10.5 -122.2880623931225,37.86085690852195,10.5 -122.2881991768348,37.86083937795011,10.5 -122.2881274517778,37.86048761268489,10.5 
						</coordinates>
					</LinearRing>
				</outerBoundaryIs>
			</Polygon></MultiGeometry>
		</Placemark>
		<Placemark>
			<name>830 Bancroft Way · 0 units · In Review</name>
			<visibility>0</visibility>
			<description><![CDATA[<b>830 BANCROFT Way</b><br/><b>Units:</b> 0<br/><b>VLI Units:</b> 0<br/><b>Stories:</b> 3<br/><b>Height:</b> 10.5m<br/><b>Status:</b> In Review<br/><i>(height estimated from units)</i>]]></description>
			<styleUrl>#style_Decision_Pending_parcel100</styleUrl>
			<MultiGeometry><Point><coordinates>-122.29573947496395,37.863285721451106,10.5</coordinates><altitudeMode>relativeToGround</altitudeMode></Point><Polygon>
				<extrude>1</extrude>
				<altitudeMode>relativeToGround</altitudeMode>
				<outerBoundaryIs>
					<LinearRing>
						<coordinates>
							-122.295591700343,37.86327453181551,10.5 -122.2955504335263,37.86314399836062,10.5 -122.295943441451,37.86306247736043,10.5 -122.2960691818365,37.86346228794463,10.5 -122.2957554360562,37.86352542839894,10.5 -122.2956744311917,37.86325679446211,10.5 -122.295591700343,37.86327453181551,10.5 
						</coordinates>
					</LinearRing>
				</outerBoundaryIs>
			</Polygon></MultiGeometry>
		</Placemark>
		<Placemark>
			<name>2740 Shasta Rd · 0 units · In Review</name>
			<visibility>0</visibility>
			<description><![CDATA[<b>2740 SHASTA Rd</b><br/><b>Units:</b> 0<br/><b>VLI Units:</b> 0<br/><b>Stories:</b> 3<br/><b>Height:</b> 10.5m<br/><b>Status:</b> In Review<br/><i>(height estimated from units)</i>]]></description>
			<styleUrl>#style_In_Review_parcel58187</styleUrl>
			<MultiGeometry><Point><coordinates>-122.25831224302041,37.88641473670213,10.5</coordinates><altitudeMode>relativeToGround</altitudeMode></Point><Polygon>
				<extrude>1</extrude>
				<altitudeMode>relativeToGround</altitudeMode>
				<outerBoundaryIs>
					<LinearRing>
						<coordinates>
							-122.2579708371979,37.88654290907646,10.5 -122.2579067509549,37.88625133656897,10.5 -122.2579752006197,37.88621338127207,10.5 -122.2583240855227,37.88601988672094,10.5 -122.2583538195581,37.88605009238004,10.5 -122.2584307602861,37.88612825196846,10.5 -122.2584307659085,37.88612825831292,10.5 -122.2584859767301,37.88618433459213,10.5 -122.2585260406167,37.88622504129849,10.5 -122.2585374466151,37.88623662890824,10.5 -122.2585909013661,37.88629092845228,10.5 -122.258693761313,37.88677454261325,10.5 -122.2585895934608,37.88676648249412,10.5 -122.2584973632489,37.88675000553771,10.5 -122.2583682100211,37.88671141170391,10.5 -122.2583000149726,37.88668495913674,10.5 -122.2582122475448,37.88663819793578,10.5 -122.2581054890759,37.88659378471049,10.5 -122.2579747581975,37.88656139128314,10.5 -122.2579708371979,37.88654290907646,10.5 
						</coordinates>
					</LinearRing>
				</outerBoundaryIs>
			</Polygon></MultiGeometry>
		</Placemark>
		<Placemark>
			<name>2143 Blake St · 0 units · In Review</name>
			<visibility>0</visibility>
			<description><![CDATA[<b>2143 BLAKE St</b><br/><b>Units:</b> 0<br/><b>VLI Units:</b> 0<br/><b>Stories:</b> 3<br/><b>Height:</b> 10.5m<br/><b>Status:</b> In Review<br/><i>(height estimated from units)</i>]]></description>
			<styleUrl>#style_Application_Submitted_parcel48</styleUrl>
			<MultiGeometry><Point><coordinates>-122.26546370250284,37.86349073414984,10.5</coordinates><altitudeMode>relativeToGround</altitudeMode></Point><Polygon>
				<extrude>1</extrude>
				<altitudeMode>relativeToGround</altitudeMode>
				<outerBoundaryIs>
					<LinearRing>
						<coordinates>
							-122.2653979201759,37.86339077239495,10.5 -122.2655101559326,37.86337536289597,10.5 -122.2655632483527,37.86364100125797,10.5 -122.2654492678771,37.86365576180536,10.5 -122.2653979201759,37.86339077239495,10.5 
						</coordinates>
					</LinearRing>
				</outerBoundaryIs>
			</Polygon></MultiGeometry>
		</Placemark>
		<Placemark>
			<name>411 Vassar Ave · 0 units · Completed</name>
			<visibility>0</visibility>
			<description><![CDATA[<b>411 VASSAR Ave</b><br/><b>Units:</b> 0<br/><b>VLI Units:</b> 0<br/><b>Stories:</b> 3<br/><b>Height:</b> 10.5m<br/><b>Status:</b> Completed<br/><i>(height estimated from units)</i>]]></description>
			<styleUrl>#style_Application_Submitted_parcel48</styleUrl>
			<MultiGeometry><Point><coordinates>-122.27225176637221,37.90434655043581,10.5</coordinates><altitudeMode>relativeToGround</altitudeMode></Point><Polygon>
				<extrude>1</extrude>
				<altitudeMode>relativeToGround</altitudeMode>
				<outerBoundaryIs>
					<LinearRing>
						<coordinates>
							-122.2721223724031,37.9044153763826,10.5 -122.272293347219,37.9041717856449,10.5 -122.2724424290066,37.90424507791309,10.5 -122.2722783108293,37.90448513585587,10.5 -122.2721223724031,37.9044153763826,10.5 
						</coordinates>
					</LinearRing>
				</outerBoundaryIs>
			</Polygon></MultiGeometry>
		</Placemark>
		<Placemark>
			<name>1048 Keith St · 0 units · Entitled</name>
			<visibility>0</visibility>
			<description><![CDATA[<b>1048 Keith St</b><br/><b>Units:</b> 0<br/><b>VLI Units:</b> 0<br/><b>Stories:</b> 3<br/><b>Height:</b> 10.5m<br/><b>Status:</b> Entitled<br/><i>(height estimated from units)</i>]]></description>
			<styleUrl>#style_Entitled_synthetic4</styleUrl>
			<MultiGeometry><Point><coordinates>-122.26407480453602,37.88929209662286,10.5</coordinates><altitudeMode>relativeToGround</altitudeMode></Point><Polygon>
				<extrude>1</extrude>
				<altitudeMode>relativeToGround</altitudeMode>
				<outerBoundaryIs>
					<LinearRing>
						<coordinates>
							-122.2638953026801,37.8891697231143,10.5 -122.2639501342187,37.88956364621551,10.5 -122.2643440573199,37.8894756568857,10.5 -122.2642892257813,37.88908173378449,10.5 -122.2638953026801,37.8891697231143,10.5 
						</coordinates>
					</LinearRing>
				</outerBoundaryIs>
			</Polygon></MultiGeometry>
		</Placemark>
		<Placemark>
			<name>811 Cedar · 0 units · Permitted</name>
			<visibility>0</visibility>
			<description><![CDATA[<b>811 Cedar</b><br/><b>Units:</b> 0<br/><b>VLI Units:</b> 0<br/><b>Stories:</b> 2<br/><b>Height:</b> 7.0m<br/><b>Status:</b> Entitled]]></description>
			<styleUrl>#style_Entitled_synthetic1</styleUrl>
			<MultiGeometry><Point><coordinates>-122.30017082997347,37.87420569940248,7.0</coordinates><altitudeMode>relativeToGround</altitudeMode></Point><Polygon>
				<extrude>1</extrude>
				<altitudeMode>relativeToGround</altitudeMode>
				<outerBoundaryIs>
					<LinearRing>
						<coordinates>
							-122.3000546194649,37.87412438368553,7 -122.3001327621919,37.8743707679404,7 -122.3003467220076,37.87433158529969,7 -122.3002654267381,37.87407737640122,7 -122.3000546194649,37.87412438368553,7 
						</coordinates>
					</LinearRing>
				</outerBoundaryIs>
			</Polygon></MultiGeometry>
		</Placemark>
		<Placemark>
			<name>1627 Jaynes St · 0 units · Permitted</name>
			<visibility>0</visibility>
			<description><![CDATA[<b>1627 Jaynes St</b><br/><b>Units:</b> 0<br/><b>VLI Units:</b> 0<br/><b>Stories:</b> 3<br/><b>Height:</b> 10.5m<br/><b>Status:</b> Entitled]]></description>
			<styleUrl>#style_Entitled_parcel6105</styleUrl>
			<MultiGeometry><Point><coordinates>-122.27956687700997,37.87830717280857,7</coordinates><altitudeMode>relativeToGround</altitudeMode></Point><Polygon>
				<extrude>1</extrude>
				<altitudeMode>relativeToGround</altitudeMode>
				<outerBoundaryIs>
					<LinearRing>
						<coordinates>
							-122.2795970204728,37.87844416637996,7 -122.2796536881283,37.87842272172306,7 -122.2796828783408,37.87841198209196,7 -122.2794992503154,37.87805216981601,7 -122.2793714043297,37.87806783046049,7 -122.2795970204728,37.87844416637996,7 
						</coordinates>
					</LinearRing>
				</outerBoundaryIs>
			</Polygon></MultiGeometry>
		</Placemark>
		<Placemark>
			<name>2705 Benvenue Ave · 0 units · Completed</name>
			<visibility>0</visibility>
			<description><![CDATA[<b>2705 BENVENUE Ave</b><br/><b>Units:</b> -1<br/><b>VLI Units:</b> 0<br/><b>Stories:</b> 3<br/><b>Height:</b> 10.5m<br/><b>Status:</b> Completed<br/><i>(height estimated from units)</i>]]></description>
			<styleUrl>#style_In_Review_parcel58187</styleUrl>
			<MultiGeometry><Point><coordinates>-122.25441494321731,37.861445425219884,10.5</coordinates><altitudeMode>relativeToGround</altitudeMode></Point><Polygon>
				<extrude>1</extrude>
				<altitudeMode>relativeToGround</altitudeMode>
				<outerBoundaryIs>
					<LinearRing>
						<coordinates>
							-122.2542656457475,37.86140259788645,10.5 -122.254625398627,37.86137871225898,10.5 -122.2546406536107,37.86151101218565,10.5 -122.2542773723538,37.86153220588187,10.5 -122.2542656457475,37.86140259788645,10.5 
						</coordinates>
					</LinearRing>
				</outerBoundaryIs>
			</Polygon></MultiGeometry>
		</Placemark>
		<Placemark>
			<name>Dharma University</name>
			<visibility>0</visibility>
			<description><![CDATA[Dharma University<br/> permitted for 10 stories. <br/>David Warner, builder.]]></description>
			<styleUrl>#style_Entitled_footprint1</styleUrl>
			<Polygon>
				<extrude>1</extrude>
				<tessellate>1</tessellate>
				<altitudeMode>relativeToGround</altitudeMode>
				<outerBoundaryIs>
					<LinearRing>
						<coordinates>
							-122.269674191628,37.86864932665493,30 -122.2693289456677,37.86869576065031,30 -122.2693790205421,37.86888187897799,30 -122.2697097045671,37.86883158061335,30 -122.269674191628,37.86864932665493,30 
						</coordinates>
					</LinearRing>
				</outerBoundaryIs>
			</Polygon>
		</Placemark>
		
		
		
		<Placemark>
			<name>Innovation Zone - North - Bakar</name>
			<visibility>0</visibility>
			<styleUrl>#style_Completed_parcel04</styleUrl>
			<Polygon>
				<extrude>1</extrude>
				<tessellate>1</tessellate>
				<altitudeMode>relativeToGround</altitudeMode>
				<outerBoundaryIs>
					<LinearRing>
						<coordinates>
							-122.267328443652,37.87176960562297,37.1 -122.2662399593354,37.87190347733946,37.1 -122.2662911006978,37.87228017099693,37.1 -122.267413621036,37.87215179581181,37.1 -122.267328443652,37.87176960562297,37.1 
						</coordinates>
					</LinearRing>
				</outerBoundaryIs>
			</Polygon>
		</Placemark>
		<Placemark>
			<name>Innovation Zone - South</name>
			<visibility>0</visibility>
			<styleUrl>#style_Completed_parcel07</styleUrl>
			<Polygon>
				<extrude>1</extrude>
				<tessellate>1</tessellate>
				<altitudeMode>relativeToGround</altitudeMode>
				<outerBoundaryIs>
					<LinearRing>
						<coordinates>
							-122.267020314943,37.87168720370968,39.99999999999999 -122.2669531966398,37.87144851995421,39.99999999999999 -122.2662075480891,37.87153993096269,39.99999999999999 -122.2662398762645,37.87177359632058,39.99999999999999 -122.267020314943,37.87168720370968,39.99999999999999 
						</coordinates>
					</LinearRing>
				</outerBoundaryIs>
			</Polygon>
		</Placemark>
		<Placemark>
			<name>2400 Bowditch St · South · 750 units · Pre-Application</name>
			<visibility>0</visibility>
			<description>Anna Head School: 14 stories, wing of project 171. UC Project.</description>
			<styleUrl>#style_UC_Project_footprint10</styleUrl>
			<MultiGeometry><Point><coordinates>-122.25673937261527,37.86657585474497,45</coordinates><altitudeMode>relativeToGround</altitudeMode></Point><Polygon>
				<extrude>1</extrude>
				<tessellate>1</tessellate>
				<altitudeMode>relativeToGround</altitudeMode>
				<outerBoundaryIs>
					<LinearRing>
						<coordinates>
							-122.2565388133437,37.86641537905257,45 -122.2566143664062,37.86686889207091,45 -122.2570428011614,37.86681972901643,45 -122.2569620688213,37.8663598945324,45 -122.2565388133437,37.86641537905257,45 
						</coordinates>
					</LinearRing>
				</outerBoundaryIs>
			</Polygon></MultiGeometry>
		</Placemark>
		<Placemark>
			<name>2556 Haste St · South · 556 units · Under Construction</name>
			<visibility>0</visibility>
			<description><![CDATA[<b>2556 HASTE St</b><br/><b>Units:</b> 556<br/><b>VLI Units:</b> 0<br/><b>Stories:</b> 12<br/><b>Height:</b> 40.2m<br/><b>Status:</b> Under Construction<br/><b style='color:purple'>UC Berkeley Project</b>]]></description>
			<styleUrl>#style_UC_Project_footprint2</styleUrl>
			<MultiGeometry><Point><coordinates>-122.25693406638342,37.86564721395722,35</coordinates><altitudeMode>relativeToGround</altitudeMode></Point><Polygon>
				<extrude>1</extrude>
				<tessellate>1</tessellate>
				<altitudeMode>relativeToGround</altitudeMode>
				<outerBoundaryIs>
					<LinearRing>
						<coordinates>
							-122.2570177047192,37.86543481224203,35 -122.2566921511384,37.86548054947252,35 -122.2568052511388,37.86596617140792,35 -122.2571375202016,37.86591972442157,35 -122.2570177047192,37.86543481224203,35 
						</coordinates>
					</LinearRing>
				</outerBoundaryIs>
			</Polygon></MultiGeometry>
		</Placemark>
		<Placemark>
			<name>2200 Bancroft Way · South · 550 units · Under Construction</name>
			<visibility>0</visibility>
			<styleUrl>#style_UC_Project_footprint30</styleUrl>
			<MultiGeometry><Point><coordinates>-122.26536662962917,37.86730874479118,36</coordinates><altitudeMode>relativeToGround</altitudeMode></Point><Polygon>
				<extrude>1</extrude>
				<tessellate>1</tessellate>
				<altitudeMode>relativeToGround</altitudeMode>
				<outerBoundaryIs>
					<LinearRing>
						<coordinates>
							-122.2652188789822,37.86713632381449,36 -122.265322355842,37.86759924427003,36 -122.2655875132185,37.86757898617641,36 -122.265485521121,37.86709284588049,36 -122.2652188789822,37.86713632381449,36 
						</coordinates>
					</LinearRing>
				</outerBoundaryIs>
			</Polygon></MultiGeometry>
		</Placemark>
	</Folder>
		<Placemark>
			<name>North Berkeley BART: Bridge 1 (8 st)</name>
			<description><![CDATA[<b>1750 SACRAMENTO St</b><br/><b>Units:</b> 0<br/><b>VLI Units:</b> 0<br/><b>Stories:</b> 8<br/><b>Height:</b> 28.0m<br/><b>Status:</b> Pre-Application<br/><i>BART JOINT-DEVELOPMENT PLACEHOLDER — North Berkeley BART: Bridge 1 (8 st). Massing from the published master plan, packed onto the real site parcels and sized by unit count; ORIENTATION IS A REGULAR GRID, NOT THE REAL SITE PLAN. Counts and heights are right, placement is approximate. BART self-permits on its own land, so there is no city Form 1.E for these. Source: data/reference/bart_developments.csv. 2026-08-26.</i>]]></description>
			<styleUrl>#style_Pre_Application_parcel</styleUrl>
			<Polygon><extrude>1</extrude><altitudeMode>relativeToGround</altitudeMode>
      <outerBoundaryIs><LinearRing><coordinates>-122.284246,37.873212,28.0 -122.284239,37.872932,28.0 -122.284516,37.872928,28.0 -122.284548,37.873208,28.0 -122.284246,37.873212,28.0</coordinates></LinearRing></outerBoundaryIs>
    </Polygon>
		</Placemark>
		<Placemark>
			<name>North Berkeley BART: Bridge 2 (8 st)</name>
			<description><![CDATA[<b>1750 SACRAMENTO St</b><br/><b>Units:</b> 0<br/><b>VLI Units:</b> 0<br/><b>Stories:</b> 8<br/><b>Height:</b> 28.0m<br/><b>Status:</b> Pre-Application<br/><i>BART JOINT-DEVELOPMENT PLACEHOLDER — North Berkeley BART: Bridge 2 (8 st). Massing from the published master plan, packed onto the real site parcels and sized by unit count; ORIENTATION IS A REGULAR GRID, NOT THE REAL SITE PLAN. Counts and heights are right, placement is approximate. BART self-permits on its own land, so there is no city Form 1.E for these. Source: data/reference/bart_developments.csv. 2026-08-26.</i>]]></description>
			<styleUrl>#style_Pre_Application_parcel</styleUrl>
			<Polygon><extrude>1</extrude><altitudeMode>relativeToGround</altitudeMode>
      <outerBoundaryIs><LinearRing><coordinates>-122.284120,37.873214,28.0 -122.283767,37.873220,28.0 -122.283761,37.872988,28.0 -122.284114,37.872943,28.0 -122.284120,37.873214,28.0</coordinates></LinearRing></outerBoundaryIs>
    </Polygon>
		</Placemark>
		<Placemark>
			<name>North Berkeley BART: Avalon (8 st)</name>
			<description><![CDATA[<b>1750 SACRAMENTO St</b><br/><b>Units:</b> 0<br/><b>VLI Units:</b> 0<br/><b>Stories:</b> 8<br/><b>Height:</b> 28.0m<br/><b>Status:</b> Pre-Application<br/><i>BART JOINT-DEVELOPMENT PLACEHOLDER — North Berkeley BART: Avalon (8 st). Massing from the published master plan, packed onto the real site parcels and sized by unit count; ORIENTATION IS A REGULAR GRID, NOT THE REAL SITE PLAN. Counts and heights are right, placement is approximate. BART self-permits on its own land, so there is no city Form 1.E for these. Source: data/reference/bart_developments.csv. 2026-08-26.</i>]]></description>
			<styleUrl>#style_Pre_Application_parcel</styleUrl>
			<Polygon><extrude>1</extrude><altitudeMode>relativeToGround</altitudeMode>
      <outerBoundaryIs><LinearRing><coordinates>-122.283641,37.873222,28.0 -122.283287,37.873227,28.0 -122.283283,37.873048,28.0 -122.283636,37.873004,28.0 -122.283641,37.873222,28.0</coordinates></LinearRing></outerBoundaryIs>
    </Polygon>
		</Placemark>
		<Placemark>
			<name>North Berkeley BART: EBALDC (6 st)</name>
			<description><![CDATA[<b>1750 SACRAMENTO St</b><br/><b>Units:</b> 0<br/><b>VLI Units:</b> 0<br/><b>Stories:</b> 6<br/><b>Height:</b> 21.0m<br/><b>Status:</b> Pre-Application<br/><i>BART JOINT-DEVELOPMENT PLACEHOLDER — North Berkeley BART: EBALDC (6 st). Massing from the published master plan, packed onto the real site parcels and sized by unit count; ORIENTATION IS A REGULAR GRID, NOT THE REAL SITE PLAN. Counts and heights are right, placement is approximate. BART self-permits on its own land, so there is no city Form 1.E for these. Source: data/reference/bart_developments.csv. 2026-08-26.</i>]]></description>
			<styleUrl>#style_Pre_Application_parcel</styleUrl>
			<Polygon><extrude>1</extrude><altitudeMode>relativeToGround</altitudeMode>
      <outerBoundaryIs><LinearRing><coordinates>-122.284254,37.873563,21.0 -122.284247,37.873283,21.0 -122.284555,37.873278,21.0 -122.284587,37.873558,21.0 -122.284254,37.873563,21.0</coordinates></LinearRing></outerBoundaryIs>
    </Polygon>
		</Placemark>
		<Placemark>
			<name>North Berkeley BART: Insight (6 st)</name>
			<description><![CDATA[<b>1750 SACRAMENTO St</b><br/><b>Units:</b> 0<br/><b>VLI Units:</b> 0<br/><b>Stories:</b> 6<br/><b>Height:</b> 21.0m<br/><b>Status:</b> Pre-Application<br/><i>BART JOINT-DEVELOPMENT PLACEHOLDER — North Berkeley BART: Insight (6 st). Massing from the published master plan, packed onto the real site parcels and sized by unit count; ORIENTATION IS A REGULAR GRID, NOT THE REAL SITE PLAN. Counts and heights are right, placement is approximate. BART self-permits on its own land, so there is no city Form 1.E for these. Source: data/reference/bart_developments.csv. 2026-08-26.</i>]]></description>
			<styleUrl>#style_Pre_Application_parcel</styleUrl>
			<Polygon><extrude>1</extrude><altitudeMode>relativeToGround</altitudeMode>
      <outerBoundaryIs><LinearRing><coordinates>-122.283768,37.873290,21.0 -122.283775,37.873570,21.0 -122.284129,37.873565,21.0 -122.284122,37.873284,21.0 -122.283768,37.873290,21.0</coordinates></LinearRing></outerBoundaryIs>
    </Polygon>
		</Placemark>
		<Placemark>
			<name>North Berkeley BART: Bridge 2 Walk-up A (3 st)</name>
			<description><![CDATA[<b>1750 SACRAMENTO St</b><br/><b>Units:</b> 0<br/><b>VLI Units:</b> 0<br/><b>Stories:</b> 3<br/><b>Height:</b> 10.5m<br/><b>Status:</b> Pre-Application<br/><i>BART JOINT-DEVELOPMENT PLACEHOLDER — North Berkeley BART: Bridge 2 Walk-up A (3 st). Massing from the published master plan, packed onto the real site parcels and sized by unit count; ORIENTATION IS A REGULAR GRID, NOT THE REAL SITE PLAN. Counts and heights are right, placement is approximate. BART self-permits on its own land, so there is no city Form 1.E for these. Source: data/reference/bart_developments.csv. 2026-08-26.</i>]]></description>
			<styleUrl>#style_Pre_Application_parcel</styleUrl>
			<Polygon><extrude>1</extrude><altitudeMode>relativeToGround</altitudeMode>
      <outerBoundaryIs><LinearRing><coordinates>-122.283334,37.873331,10.5 -122.283339,37.873542,10.5 -122.283605,37.873538,10.5 -122.283600,37.873327,10.5 -122.283334,37.873331,10.5</coordinates></LinearRing></outerBoundaryIs>
    </Polygon>
		</Placemark>
		<Placemark>
			<name>North Berkeley BART: Bridge 2 Walk-up B (3 st)</name>
			<description><![CDATA[<b>1750 SACRAMENTO St</b><br/><b>Units:</b> 0<br/><b>VLI Units:</b> 0<br/><b>Stories:</b> 3<br/><b>Height:</b> 10.5m<br/><b>Status:</b> Pre-Application<br/><i>BART JOINT-DEVELOPMENT PLACEHOLDER — North Berkeley BART: Bridge 2 Walk-up B (3 st). Massing from the published master plan, packed onto the real site parcels and sized by unit count; ORIENTATION IS A REGULAR GRID, NOT THE REAL SITE PLAN. Counts and heights are right, placement is approximate. BART self-permits on its own land, so there is no city Form 1.E for these. Source: data/reference/bart_developments.csv. 2026-08-26.</i>]]></description>
			<styleUrl>#style_Pre_Application_parcel</styleUrl>
			<Polygon><extrude>1</extrude><altitudeMode>relativeToGround</altitudeMode>
      <outerBoundaryIs><LinearRing><coordinates>-122.284301,37.873667,10.5 -122.284306,37.873878,10.5 -122.284571,37.873874,10.5 -122.284566,37.873663,10.5 -122.284301,37.873667,10.5</coordinates></LinearRing></outerBoundaryIs>
    </Polygon>
		</Placemark>
		<Placemark>
			<name>North Berkeley BART: Bridge 2 Walk-up C (3 st)</name>
			<description><![CDATA[<b>1750 SACRAMENTO St</b><br/><b>Units:</b> 0<br/><b>VLI Units:</b> 0<br/><b>Stories:</b> 3<br/><b>Height:</b> 10.5m<br/><b>Status:</b> Pre-Application<br/><i>BART JOINT-DEVELOPMENT PLACEHOLDER — North Berkeley BART: Bridge 2 Walk-up C (3 st). Massing from the published master plan, packed onto the real site parcels and sized by unit count; ORIENTATION IS A REGULAR GRID, NOT THE REAL SITE PLAN. Counts and heights are right, placement is approximate. BART self-permits on its own land, so there is no city Form 1.E for these. Source: data/reference/bart_developments.csv. 2026-08-26.</i>]]></description>
			<styleUrl>#style_Pre_Application_parcel</styleUrl>
			<Polygon><extrude>1</extrude><altitudeMode>relativeToGround</altitudeMode>
      <outerBoundaryIs><LinearRing><coordinates>-122.283822,37.873675,10.5 -122.283827,37.873885,10.5 -122.284092,37.873881,10.5 -122.284087,37.873671,10.5 -122.283822,37.873675,10.5</coordinates></LinearRing></outerBoundaryIs>
    </Polygon>
		</Placemark>
		<Placemark>
			<name>North Berkeley BART: Avalon Walk-up A (3 st)</name>
			<description><![CDATA[<b>1750 SACRAMENTO St</b><br/><b>Units:</b> 0<br/><b>VLI Units:</b> 0<br/><b>Stories:</b> 3<br/><b>Height:</b> 10.5m<br/><b>Status:</b> Pre-Application<br/><i>BART JOINT-DEVELOPMENT PLACEHOLDER — North Berkeley BART: Avalon Walk-up A (3 st). Massing from the published master plan, packed onto the real site parcels and sized by unit count; ORIENTATION IS A REGULAR GRID, NOT THE REAL SITE PLAN. Counts and heights are right, placement is approximate. BART self-permits on its own land, so there is no city Form 1.E for these. Source: data/reference/bart_developments.csv. 2026-08-26.</i>]]></description>
			<styleUrl>#style_Pre_Application_parcel</styleUrl>
			<Polygon><extrude>1</extrude><altitudeMode>relativeToGround</altitudeMode>
      <outerBoundaryIs><LinearRing><coordinates>-122.283357,37.873693,10.5 -122.283361,37.873881,10.5 -122.283599,37.873877,10.5 -122.283594,37.873689,10.5 -122.283357,37.873693,10.5</coordinates></LinearRing></outerBoundaryIs>
    </Polygon>
		</Placemark>
		<Placemark>
			<name>North Berkeley BART: Avalon Walk-up B (3 st)</name>
			<description><![CDATA[<b>1750 SACRAMENTO St</b><br/><b>Units:</b> 0<br/><b>VLI Units:</b> 0<br/><b>Stories:</b> 3<br/><b>Height:</b> 10.5m<br/><b>Status:</b> Pre-Application<br/><i>BART JOINT-DEVELOPMENT PLACEHOLDER — North Berkeley BART: Avalon Walk-up B (3 st). Massing from the published master plan, packed onto the real site parcels and sized by unit count; ORIENTATION IS A REGULAR GRID, NOT THE REAL SITE PLAN. Counts and heights are right, placement is approximate. BART self-permits on its own land, so there is no city Form 1.E for these. Source: data/reference/bart_developments.csv. 2026-08-26.</i>]]></description>
			<styleUrl>#style_Pre_Application_parcel</styleUrl>
			<Polygon><extrude>1</extrude><altitudeMode>relativeToGround</altitudeMode>
      <outerBoundaryIs><LinearRing><coordinates>-122.284323,37.874029,10.5 -122.284328,37.874217,10.5 -122.284566,37.874213,10.5 -122.284561,37.874025,10.5 -122.284323,37.874029,10.5</coordinates></LinearRing></outerBoundaryIs>
    </Polygon>
		</Placemark>
		<Placemark>
			<name>North Berkeley BART: Avalon Walk-up C (3 st)</name>
			<description><![CDATA[<b>1750 SACRAMENTO St</b><br/><b>Units:</b> 0<br/><b>VLI Units:</b> 0<br/><b>Stories:</b> 3<br/><b>Height:</b> 10.5m<br/><b>Status:</b> Pre-Application<br/><i>BART JOINT-DEVELOPMENT PLACEHOLDER — North Berkeley BART: Avalon Walk-up C (3 st). Massing from the published master plan, packed onto the real site parcels and sized by unit count; ORIENTATION IS A REGULAR GRID, NOT THE REAL SITE PLAN. Counts and heights are right, placement is approximate. BART self-permits on its own land, so there is no city Form 1.E for these. Source: data/reference/bart_developments.csv. 2026-08-26.</i>]]></description>
			<styleUrl>#style_Pre_Application_parcel</styleUrl>
			<Polygon><extrude>1</extrude><altitudeMode>relativeToGround</altitudeMode>
      <outerBoundaryIs><LinearRing><coordinates>-122.283844,37.874036,10.5 -122.283849,37.874224,10.5 -122.284086,37.874221,10.5 -122.284082,37.874032,10.5 -122.283844,37.874036,10.5</coordinates></LinearRing></outerBoundaryIs>
    </Polygon>
		</Placemark>
		<Placemark>
			<name>North Berkeley BART: Avalon Walk-up D (3 st)</name>
			<description><![CDATA[<b>1750 SACRAMENTO St</b><br/><b>Units:</b> 0<br/><b>VLI Units:</b> 0<br/><b>Stories:</b> 3<br/><b>Height:</b> 10.5m<br/><b>Status:</b> Pre-Application<br/><i>BART JOINT-DEVELOPMENT PLACEHOLDER — North Berkeley BART: Avalon Walk-up D (3 st). Massing from the published master plan, packed onto the real site parcels and sized by unit count; ORIENTATION IS A REGULAR GRID, NOT THE REAL SITE PLAN. Counts and heights are right, placement is approximate. BART self-permits on its own land, so there is no city Form 1.E for these. Source: data/reference/bart_developments.csv. 2026-08-26.</i>]]></description>
			<styleUrl>#style_Pre_Application_parcel</styleUrl>
			<Polygon><extrude>1</extrude><altitudeMode>relativeToGround</altitudeMode>
      <outerBoundaryIs><LinearRing><coordinates>-122.283365,37.874043,10.5 -122.283370,37.874232,10.5 -122.283607,37.874228,10.5 -122.283603,37.874040,10.5 -122.283365,37.874043,10.5</coordinates></LinearRing></outerBoundaryIs>
    </Polygon>
		</Placemark>
		<Placemark>
			<name>North Berkeley BART: Avalon Walk-up E (3 st)</name>
			<description><![CDATA[<b>1750 SACRAMENTO St</b><br/><b>Units:</b> 0<br/><b>VLI Units:</b> 0<br/><b>Stories:</b> 3<br/><b>Height:</b> 10.5m<br/><b>Status:</b> Pre-Application<br/><i>BART JOINT-DEVELOPMENT PLACEHOLDER — North Berkeley BART: Avalon Walk-up E (3 st). Massing from the published master plan, packed onto the real site parcels and sized by unit count; ORIENTATION IS A REGULAR GRID, NOT THE REAL SITE PLAN. Counts and heights are right, placement is approximate. BART self-permits on its own land, so there is no city Form 1.E for these. Source: data/reference/bart_developments.csv. 2026-08-26.</i>]]></description>
			<styleUrl>#style_Pre_Application_parcel</styleUrl>
			<Polygon><extrude>1</extrude><altitudeMode>relativeToGround</altitudeMode>
      <outerBoundaryIs><LinearRing><coordinates>-122.284332,37.874379,10.5 -122.284569,37.874376,10.5 -122.284573,37.874512,10.5 -122.284336,37.874543,10.5 -122.284332,37.874379,10.5</coordinates></LinearRing></outerBoundaryIs>
    </Polygon>
		</Placemark>
		<Placemark>
			<name>Ashby BART: Adeline Tower (8 st)</name>
			<description><![CDATA[<b>Ashby BART</b><br/><b>Units:</b> 0<br/><b>VLI Units:</b> 0<br/><b>Stories:</b> 8<br/><b>Height:</b> 28.0m<br/><b>Status:</b> Pre-Application<br/><i>BART JOINT-DEVELOPMENT PLACEHOLDER — Ashby BART: Adeline Tower (8 st). Massing from the published master plan, packed onto the real site parcels and sized by unit count; ORIENTATION IS A REGULAR GRID, NOT THE REAL SITE PLAN. Counts and heights are right, placement is approximate. BART self-permits on its own land, so there is no city Form 1.E for these. Source: data/reference/bart_developments.csv. 2026-08-26.</i>]]></description>
			<styleUrl>#style_Pre_Application_parcel</styleUrl>
			<Polygon><extrude>1</extrude><altitudeMode>relativeToGround</altitudeMode>
      <outerBoundaryIs><LinearRing><coordinates>-122.270321,37.852517,28.0 -122.270320,37.852482,28.0 -122.270463,37.852107,28.0 -122.270720,37.852103,28.0 -122.270764,37.852510,28.0 -122.270321,37.852517,28.0</coordinates></LinearRing></outerBoundaryIs>
    </Polygon>
		</Placemark>
		<Placemark>
			<name>Ashby BART: Building B (7 st)</name>
			<description><![CDATA[<b>Ashby BART</b><br/><b>Units:</b> 0<br/><b>VLI Units:</b> 0<br/><b>Stories:</b> 7<br/><b>Height:</b> 24.5m<br/><b>Status:</b> Pre-Application<br/><i>BART JOINT-DEVELOPMENT PLACEHOLDER — Ashby BART: Building B (7 st). Massing from the published master plan, packed onto the real site parcels and sized by unit count; ORIENTATION IS A REGULAR GRID, NOT THE REAL SITE PLAN. Counts and heights are right, placement is approximate. BART self-permits on its own land, so there is no city Form 1.E for these. Source: data/reference/bart_developments.csv. 2026-08-26.</i>]]></description>
			<styleUrl>#style_Pre_Application_parcel</styleUrl>
			<Polygon><extrude>1</extrude><altitudeMode>relativeToGround</altitudeMode>
      <outerBoundaryIs><LinearRing><coordinates>-122.2699198992708,37.8527151103640,24.5 -122.2699288992708,37.8531211103640,24.5 -122.2704408992708,37.8531131103640,24.5 -122.2704318992708,37.8527071103640,24.5 -122.2699198992708,37.8527151103640,24.5</coordinates></LinearRing></outerBoundaryIs>
    </Polygon>
		</Placemark>
		<Placemark>
			<name>Ashby BART: MLK Building C (6 st)</name>
			<description><![CDATA[<b>Ashby BART</b><br/><b>Units:</b> 0<br/><b>VLI Units:</b> 0<br/><b>Stories:</b> 6<br/><b>Height:</b> 21.0m<br/><b>Status:</b> Pre-Application<br/><i>BART JOINT-DEVELOPMENT PLACEHOLDER — Ashby BART: MLK Building C (6 st). Massing from the published master plan, packed onto the real site parcels and sized by unit count; ORIENTATION IS A REGULAR GRID, NOT THE REAL SITE PLAN. Counts and heights are right, placement is approximate. BART self-permits on its own land, so there is no city Form 1.E for these. Source: data/reference/bart_developments.csv. 2026-08-26.</i>]]></description>
			<styleUrl>#style_Pre_Application_parcel</styleUrl>
			<Polygon><extrude>1</extrude><altitudeMode>relativeToGround</altitudeMode>
      <outerBoundaryIs><LinearRing><coordinates>-122.270338,37.853360,21.0 -122.270329,37.852947,21.0 -122.270811,37.852940,21.0 -122.270856,37.853352,21.0 -122.270338,37.853360,21.0</coordinates></LinearRing></outerBoundaryIs>
    </Polygon>
		</Placemark>
		<Placemark>
			<name>Ashby BART: MLK Building D (6 st)</name>
			<description><![CDATA[<b>Ashby BART</b><br/><b>Units:</b> 0<br/><b>VLI Units:</b> 0<br/><b>Stories:</b> 6<br/><b>Height:</b> 21.0m<br/><b>Status:</b> Pre-Application<br/><i>BART JOINT-DEVELOPMENT PLACEHOLDER — Ashby BART: MLK Building D (6 st). Massing from the published master plan, packed onto the real site parcels and sized by unit count; ORIENTATION IS A REGULAR GRID, NOT THE REAL SITE PLAN. Counts and heights are right, placement is approximate. BART self-permits on its own land, so there is no city Form 1.E for these. Source: data/reference/bart_developments.csv. 2026-08-26.</i>]]></description>
			<styleUrl>#style_Pre_Application_parcel</styleUrl>
			<Polygon><extrude>1</extrude><altitudeMode>relativeToGround</altitudeMode>
      <outerBoundaryIs><LinearRing><coordinates>-122.270178,37.852950,21.0 -122.270187,37.853362,21.0 -122.269985,37.853365,21.0 -122.270142,37.852950,21.0 -122.270178,37.852950,21.0</coordinates></LinearRing></outerBoundaryIs>
    </Polygon>
		</Placemark>
		<Placemark>
			<name>Ashby BART: MLK Building E (6 st)</name>
			<description><![CDATA[<b>Ashby BART</b><br/><b>Units:</b> 0<br/><b>VLI Units:</b> 0<br/><b>Stories:</b> 6<br/><b>Height:</b> 21.0m<br/><b>Status:</b> Pre-Application<br/><i>BART JOINT-DEVELOPMENT PLACEHOLDER — Ashby BART: MLK Building E (6 st). Massing from the published master plan, packed onto the real site parcels and sized by unit count; ORIENTATION IS A REGULAR GRID, NOT THE REAL SITE PLAN. Counts and heights are right, placement is approximate. BART self-permits on its own land, so there is no city Form 1.E for these. Source: data/reference/bart_developments.csv. 2026-08-26.</i>]]></description>
			<styleUrl>#style_Pre_Application_parcel</styleUrl>
			<Polygon><extrude>1</extrude><altitudeMode>relativeToGround</altitudeMode>
      <outerBoundaryIs><LinearRing><coordinates>-122.270357,37.853794,21.0 -122.270366,37.854194,21.0 -122.270870,37.854186,21.0 -122.270861,37.853786,21.0 -122.270357,37.853794,21.0</coordinates></LinearRing></outerBoundaryIs>
    </Polygon>
		</Placemark>
</Document>
</kml>
