<?xml version="1.0" encoding="UTF-8"?>
<kml xmlns="http://www.opengis.net/kml/2.2" xmlns:gx="http://www.google.com/kml/ext/2.2">
<Document>
	<name>Ashby Ave W-to-E · I-80 to the Claremont · 08-28 07:28 · cp-287eb7</name>
	<description><![CDATA[Generated by scripts/gen_corridor_tour.py from Ashby Control Points DERIVED.kml (38 control points). Cruise 25 m; orbits at roof + 10 m, derived from the current extrusion height in geometry.kml. Camera-only: load alongside the geometry, or run build_tour_package.py to splice.]]></description>
	<gx:Tour>
		<name>Ashby Ave W-to-E · I-80 to the Claremont · 08-28 07:28 · cp-287eb7</name>
		<gx:Playlist>
			<gx:FlyTo>
				<gx:duration>0.10</gx:duration>
				<gx:flyToMode>bounce</gx:flyToMode>
				<Camera>
					<longitude>-122.2942000000</longitude>
					<latitude>37.8500800000</latitude>
					<altitude>25.0</altitude>
					<heading>252.90</heading>
					<tilt>88.0</tilt>
					<roll>0</roll>
					<altitudeMode>relativeToGround</altitudeMode>
				</Camera>
			</gx:FlyTo>
			<gx:FlyTo>
				<gx:duration>3.11</gx:duration>
				<gx:flyToMode>smooth</gx:flyToMode>
				<Camera>
					<longitude>-122.2946057143</longitude>
					<latitude>37.8499814286</latitude>
					<altitude>25.0</altitude>
					<heading>252.90</heading>
					<tilt>88.0</tilt>
					<roll>0</roll>
					<altitudeMode>relativeToGround</altitudeMode>
				</Camera>
			</gx:FlyTo>
			<gx:FlyTo>
				<gx:duration>3.11</gx:duration>
				<gx:flyToMode>smooth</gx:flyToMode>
				<Camera>
					<longitude>-122.2950114286</longitude>
					<latitude>37.8498828571</latitude>
					<altitude>25.0</altitude>
					<heading>252.90</heading>
					<tilt>88.0</tilt>
					<roll>0</roll>
					<altitudeMode>relativeToGround</altitudeMode>
				</Camera>
			</gx:FlyTo>
			<gx:FlyTo>
				<gx:duration>3.11</gx:duration>
				<gx:flyToMode>smooth</gx:flyToMode>
				<Camera>
					<longitude>-122.2954171429</longitude>
					<latitude>37.8497842857</latitude>
					<altitude>25.0</altitude>
					<heading>252.90</heading>
					<tilt>88.0</tilt>
					<roll>0</roll>
					<altitudeMode>relativeToGround</altitudeMode>
				</Camera>
			</gx:FlyTo>
			<gx:FlyTo>
				<gx:duration>3.11</gx:duration>
				<gx:flyToMode>smooth</gx:flyToMode>
				<Camera>
					<longitude>-122.2958228571</longitude>
					<latitude>37.8496857143</latitude>
					<altitude>25.0</altitude>
					<heading>252.90</heading>
					<tilt>88.0</tilt>
					<roll>0</roll>
					<altitudeMode>relativeToGround</altitudeMode>
				</Camera>
			</gx:FlyTo>
			<gx:FlyTo>
				<gx:duration>3.11</gx:duration>
				<gx:flyToMode>smooth</gx:flyToMode>
				<Camera>
					<longitude>-122.2962285714</longitude>
					<latitude>37.8495871429</latitude>
					<altitude>25.0</altitude>
					<heading>252.90</heading>
					<tilt>88.0</tilt>
					<roll>0</roll>
					<altitudeMode>relativeToGround</altitudeMode>
				</Camera>
			</gx:FlyTo>
			<gx:FlyTo>
				<gx:duration>3.11</gx:duration>
				<gx:flyToMode>smooth</gx:flyToMode>
				<Camera>
					<longitude>-122.2966342857</longitude>
					<latitude>37.8494885714</latitude>
					<altitude>25.0</altitude>
					<heading>252.90</heading>
					<tilt>88.0</tilt>
					<roll>0</roll>
					<altitudeMode>relativeToGround</altitudeMode>
				</Camera>
			</gx:FlyTo>
			<gx:FlyTo>
				<gx:duration>3.11</gx:duration>
				<gx:flyToMode>smooth</gx:flyToMode>
				<Camera>
					<longitude>-122.2970400000</longitude>
					<latitude>37.8493900000</latitude>
					<altitude>25.0</altitude>
					<heading>252.90</heading>
					<tilt>88.0</tilt>
					<roll>0</roll>
					<altitudeMode>relativeToGround</altitudeMode>
				</Camera>
			</gx:FlyTo>
			<gx:FlyTo>
				<gx:duration>3.37</gx:duration>
				<gx:flyToMode>smooth</gx:flyToMode>
				<Camera>
					<longitude>-122.2974800000</longitude>
					<latitude>37.8492822222</latitude>
					<altitude>25.0</altitude>
					<heading>252.77</heading>
					<tilt>88.0</tilt>
					<roll>0</roll>
					<altitudeMode>relativeToGround</altitudeMode>
				</Camera>
			</gx:FlyTo>
			<gx:FlyTo>
				<gx:duration>3.37</gx:duration>
				<gx:flyToMode>smooth</gx:flyToMode>
				<Camera>
					<longitude>-122.2979200000</longitude>
					<latitude>37.8491744444</latitude>
					<altitude>25.0</altitude>
					<heading>252.77</heading>
					<tilt>88.0</tilt>
					<roll>0</roll>
					<altitudeMode>relativeToGround</altitudeMode>
				</Camera>
			</gx:FlyTo>
			<gx:FlyTo>
				<gx:duration>3.37</gx:duration>
				<gx:flyToMode>smooth</gx:flyToMode>
				<Camera>
					<longitude>-122.2983600000</longitude>
					<latitude>37.8490666667</latitude>
					<altitude>25.0</altitude>
					<heading>252.77</heading>
					<tilt>88.0</tilt>
					<roll>0</roll>
					<altitudeMode>relativeToGround</altitudeMode>
				</Camera>
			</gx:FlyTo>
			<gx:FlyTo>
				<gx:duration>3.37</gx:duration>
				<gx:flyToMode>smooth</gx:flyToMode>
				<Camera>
					<longitude>-122.2988000000</longitude>
					<latitude>37.8489588889</latitude>
					<altitude>25.0</altitude>
					<heading>252.77</heading>
					<tilt>88.0</tilt>
					<roll>0</roll>
					<altitudeMode>relativeToGround</altitudeMode>
				</Camera>
			</gx:FlyTo>
			<gx:FlyTo>
				<gx:duration>3.37</gx:duration>
				<gx:flyToMode>smooth</gx:flyToMode>
				<Camera>
					<longitude>-122.2992400000</longitude>
					<latitude>37.8488511111</latitude>
					<altitude>25.0</altitude>
					<heading>252.77</heading>
					<tilt>88.0</tilt>
					<roll>0</roll>
					<altitudeMode>relativeToGround</altitudeMode>
				</Camera>
			</gx:FlyTo>
			<gx:FlyTo>
				<gx:duration>3.37</gx:duration>
				<gx:flyToMode>smooth</gx:flyToMode>
				<Camera>
					<longitude>-122.2996800000</longitude>
					<latitude>37.8487433333</latitude>
					<altitude>25.0</altitude>
					<heading>252.77</heading>
					<tilt>88.0</tilt>
					<roll>0</roll>
					<altitudeMode>relativeToGround</altitudeMode>
				</Camera>
			</gx:FlyTo>
			<gx:FlyTo>
				<gx:duration>3.37</gx:duration>
				<gx:flyToMode>smooth</gx:flyToMode>
				<Camera>
					<longitude>-122.3001200000</longitude>
					<latitude>37.8486355556</latitude>
					<altitude>25.0</altitude>
					<heading>252.77</heading>
					<tilt>88.0</tilt>
					<roll>0</roll>
					<altitudeMode>relativeToGround</altitudeMode>
				</Camera>
			</gx:FlyTo>
			<gx:FlyTo>
				<gx:duration>3.37</gx:duration>
				<gx:flyToMode>smooth</gx:flyToMode>
				<Camera>
					<longitude>-122.3005600000</longitude>
					<latitude>37.8485277778</latitude>
					<altitude>25.0</altitude>
					<heading>252.77</heading>
					<tilt>88.0</tilt>
					<roll>0</roll>
					<altitudeMode>relativeToGround</altitudeMode>
				</Camera>
			</gx:FlyTo>
			<gx:FlyTo>
				<gx:duration>3.37</gx:duration>
				<gx:flyToMode>smooth</gx:flyToMode>
				<Camera>
					<longitude>-122.3010000000</longitude>
					<latitude>37.8484200000</latitude>
					<altitude>25.0</altitude>
					<heading>252.77</heading>
					<tilt>88.0</tilt>
					<roll>0</roll>
					<altitudeMode>relativeToGround</altitudeMode>
				</Camera>
			</gx:FlyTo>
			<gx:FlyTo>
				<gx:duration>3.40</gx:duration>
				<gx:flyToMode>smooth</gx:flyToMode>
				<Camera>
					<longitude>-122.3014444444</longitude>
					<latitude>37.8483111111</latitude>
					<altitude>25.0</altitude>
					<heading>252.76</heading>
					<tilt>88.0</tilt>
					<roll>0</roll>
					<altitudeMode>relativeToGround</altitudeMode>
				</Camera>
			</gx:FlyTo>
			<gx:FlyTo>
				<gx:duration>3.40</gx:duration>
				<gx:flyToMode>smooth</gx:flyToMode>
				<Camera>
					<longitude>-122.3018888889</longitude>
					<latitude>37.8482022222</latitude>
					<altitude>25.0</altitude>
					<heading>252.76</heading>
					<tilt>88.0</tilt>
					<roll>0</roll>
					<altitudeMode>relativeToGround</altitudeMode>
				</Camera>
			</gx:FlyTo>
			<gx:FlyTo>
				<gx:duration>3.40</gx:duration>
				<gx:flyToMode>smooth</gx:flyToMode>
				<Camera>
					<longitude>-122.3023333333</longitude>
					<latitude>37.8480933333</latitude>
					<altitude>25.0</altitude>
					<heading>252.76</heading>
					<tilt>88.0</tilt>
					<roll>0</roll>
					<altitudeMode>relativeToGround</altitudeMode>
				</Camera>
			</gx:FlyTo>
			<gx:FlyTo>
				<gx:duration>3.40</gx:duration>
				<gx:flyToMode>smooth</gx:flyToMode>
				<Camera>
					<longitude>-122.3027777778</longitude>
					<latitude>37.8479844444</latitude>
					<altitude>25.0</altitude>
					<heading>252.76</heading>
					<tilt>88.0</tilt>
					<roll>0</roll>
					<altitudeMode>relativeToGround</altitudeMode>
				</Camera>
			</gx:FlyTo>
			<gx:FlyTo>
				<gx:duration>3.40</gx:duration>
				<gx:flyToMode>smooth</gx:flyToMode>
				<Camera>
					<longitude>-122.3032222222</longitude>
					<latitude>37.8478755556</latitude>
					<altitude>25.0</altitude>
					<heading>252.76</heading>
					<tilt>88.0</tilt>
					<roll>0</roll>
					<altitudeMode>relativeToGround</altitudeMode>
				</Camera>
			</gx:FlyTo>
			<gx:FlyTo>
				<gx:duration>3.40</gx:duration>
				<gx:flyToMode>smooth</gx:flyToMode>
				<Camera>
					<longitude>-122.3036666667</longitude>
					<latitude>37.8477666667</latitude>
					<altitude>25.0</altitude>
					<heading>252.76</heading>
					<tilt>88.0</tilt>
					<roll>0</roll>
					<altitudeMode>relativeToGround</altitudeMode>
				</Camera>
			</gx:FlyTo>
			<gx:FlyTo>
				<gx:duration>3.40</gx:duration>
				<gx:flyToMode>smooth</gx:flyToMode>
				<Camera>
					<longitude>-122.3041111111</longitude>
					<latitude>37.8476577778</latitude>
					<altitude>25.0</altitude>
					<heading>252.76</heading>
					<tilt>88.0</tilt>
					<roll>0</roll>
					<altitudeMode>relativeToGround</altitudeMode>
				</Camera>
			</gx:FlyTo>
			<gx:FlyTo>
				<gx:duration>3.40</gx:duration>
				<gx:flyToMode>smooth</gx:flyToMode>
				<Camera>
					<longitude>-122.3045555556</longitude>
					<latitude>37.8475488889</latitude>
					<altitude>25.0</altitude>
					<heading>252.76</heading>
					<tilt>88.0</tilt>
					<roll>0</roll>
					<altitudeMode>relativeToGround</altitudeMode>
				</Camera>
			</gx:FlyTo>
			<gx:FlyTo>
				<gx:duration>3.40</gx:duration>
				<gx:flyToMode>smooth</gx:flyToMode>
				<Camera>
					<longitude>-122.3050000000</longitude>
					<latitude>37.8474400000</latitude>
					<altitude>25.0</altitude>
					<heading>252.76</heading>
					<tilt>88.0</tilt>
					<roll>0</roll>
					<altitudeMode>relativeToGround</altitudeMode>
				</Camera>
			</gx:FlyTo>
			<gx:FlyTo>
				<gx:duration>3.32</gx:duration>
				<gx:flyToMode>smooth</gx:flyToMode>
				<Camera>
					<longitude>-122.3045716344</longitude>
					<latitude>37.8475567712</latitude>
					<altitude>25.0</altitude>
					<heading>70.95</heading>
					<tilt>88.0</tilt>
					<roll>0</roll>
					<altitudeMode>relativeToGround</altitudeMode>
				</Camera>
			</gx:FlyTo>
			<gx:FlyTo>
				<gx:duration>3.32</gx:duration>
				<gx:flyToMode>smooth</gx:flyToMode>
				<Camera>
					<longitude>-122.3041432688</longitude>
					<latitude>37.8476735424</latitude>
					<altitude>25.0</altitude>
					<heading>70.95</heading>
					<tilt>88.0</tilt>
					<roll>0</roll>
					<altitudeMode>relativeToGround</altitudeMode>
				</Camera>
			</gx:FlyTo>
			<gx:FlyTo>
				<gx:duration>3.32</gx:duration>
				<gx:flyToMode>smooth</gx:flyToMode>
				<Camera>
					<longitude>-122.3037149033</longitude>
					<latitude>37.8477903136</latitude>
					<altitude>25.0</altitude>
					<heading>70.95</heading>
					<tilt>88.0</tilt>
					<roll>0</roll>
					<altitudeMode>relativeToGround</altitudeMode>
				</Camera>
			</gx:FlyTo>
			<gx:FlyTo>
				<gx:duration>3.32</gx:duration>
				<gx:flyToMode>smooth</gx:flyToMode>
				<Camera>
					<longitude>-122.3032865377</longitude>
					<latitude>37.8479070849</latitude>
					<altitude>25.0</altitude>
					<heading>70.95</heading>
					<tilt>88.0</tilt>
					<roll>0</roll>
					<altitudeMode>relativeToGround</altitudeMode>
				</Camera>
			</gx:FlyTo>
			<gx:FlyTo>
				<gx:duration>3.32</gx:duration>
				<gx:flyToMode>smooth</gx:flyToMode>
				<Camera>
					<longitude>-122.3028581721</longitude>
					<latitude>37.8480238561</latitude>
					<altitude>25.0</altitude>
					<heading>70.95</heading>
					<tilt>88.0</tilt>
					<roll>0</roll>
					<altitudeMode>relativeToGround</altitudeMode>
				</Camera>
			</gx:FlyTo>
			<gx:FlyTo>
				<gx:duration>3.32</gx:duration>
				<gx:flyToMode>smooth</gx:flyToMode>
				<Camera>
					<longitude>-122.3024298065</longitude>
					<latitude>37.8481406273</latitude>
					<altitude>25.0</altitude>
					<heading>70.95</heading>
					<tilt>88.0</tilt>
					<roll>0</roll>
					<altitudeMode>relativeToGround</altitudeMode>
				</Camera>
			</gx:FlyTo>
			<gx:FlyTo>
				<gx:duration>3.32</gx:duration>
				<gx:flyToMode>smooth</gx:flyToMode>
				<Camera>
					<longitude>-122.3020014409</longitude>
					<latitude>37.8482573985</latitude>
					<altitude>25.0</altitude>
					<heading>70.95</heading>
					<tilt>88.0</tilt>
					<roll>0</roll>
					<altitudeMode>relativeToGround</altitudeMode>
				</Camera>
			</gx:FlyTo>
			<gx:FlyTo>
				<gx:duration>3.32</gx:duration>
				<gx:flyToMode>smooth</gx:flyToMode>
				<Camera>
					<longitude>-122.3015730753</longitude>
					<latitude>37.8483741697</latitude>
					<altitude>25.0</altitude>
					<heading>70.95</heading>
					<tilt>88.0</tilt>
					<roll>0</roll>
					<altitudeMode>relativeToGround</altitudeMode>
				</Camera>
			</gx:FlyTo>
			<gx:FlyTo>
				<gx:duration>3.32</gx:duration>
				<gx:flyToMode>smooth</gx:flyToMode>
				<Camera>
					<longitude>-122.3011447098</longitude>
					<latitude>37.8484909409</latitude>
					<altitude>25.0</altitude>
					<heading>70.95</heading>
					<tilt>88.0</tilt>
					<roll>0</roll>
					<altitudeMode>relativeToGround</altitudeMode>
				</Camera>
			</gx:FlyTo>
			<gx:FlyTo>
				<gx:duration>3.32</gx:duration>
				<gx:flyToMode>smooth</gx:flyToMode>
				<Camera>
					<longitude>-122.3007163442</longitude>
					<latitude>37.8486077122</latitude>
					<altitude>25.0</altitude>
					<heading>70.95</heading>
					<tilt>88.0</tilt>
					<roll>0</roll>
					<altitudeMode>relativeToGround</altitudeMode>
				</Camera>
			</gx:FlyTo>
			<gx:FlyTo>
				<gx:duration>3.32</gx:duration>
				<gx:flyToMode>smooth</gx:flyToMode>
				<Camera>
					<longitude>-122.3002879786</longitude>
					<latitude>37.8487244834</latitude>
					<altitude>25.0</altitude>
					<heading>70.95</heading>
					<tilt>88.0</tilt>
					<roll>0</roll>
					<altitudeMode>relativeToGround</altitudeMode>
				</Camera>
			</gx:FlyTo>
			<gx:FlyTo>
				<gx:duration>3.32</gx:duration>
				<gx:flyToMode>smooth</gx:flyToMode>
				<Camera>
					<longitude>-122.2998596130</longitude>
					<latitude>37.8488412546</latitude>
					<altitude>25.0</altitude>
					<heading>70.95</heading>
					<tilt>88.0</tilt>
					<roll>0</roll>
					<altitudeMode>relativeToGround</altitudeMode>
				</Camera>
			</gx:FlyTo>
			<gx:FlyTo>
				<gx:duration>3.32</gx:duration>
				<gx:flyToMode>smooth</gx:flyToMode>
				<Camera>
					<longitude>-122.2994312474</longitude>
					<latitude>37.8489580258</latitude>
					<altitude>25.0</altitude>
					<heading>70.95</heading>
					<tilt>88.0</tilt>
					<roll>0</roll>
					<altitudeMode>relativeToGround</altitudeMode>
				</Camera>
			</gx:FlyTo>
			<gx:FlyTo>
				<gx:duration>3.32</gx:duration>
				<gx:flyToMode>smooth</gx:flyToMode>
				<Camera>
					<longitude>-122.2990028818</longitude>
					<latitude>37.8490747970</latitude>
					<altitude>25.0</altitude>
					<heading>70.95</heading>
					<tilt>88.0</tilt>
					<roll>0</roll>
					<altitudeMode>relativeToGround</altitudeMode>
				</Camera>
			</gx:FlyTo>
			<gx:FlyTo>
				<gx:duration>3.32</gx:duration>
				<gx:flyToMode>smooth</gx:flyToMode>
				<Camera>
					<longitude>-122.2985745163</longitude>
					<latitude>37.8491915682</latitude>
					<altitude>25.0</altitude>
					<heading>70.95</heading>
					<tilt>88.0</tilt>
					<roll>0</roll>
					<altitudeMode>relativeToGround</altitudeMode>
				</Camera>
			</gx:FlyTo>
			<gx:FlyTo>
				<gx:duration>3.32</gx:duration>
				<gx:flyToMode>smooth</gx:flyToMode>
				<Camera>
					<longitude>-122.2981461507</longitude>
					<latitude>37.8493083394</latitude>
					<altitude>25.0</altitude>
					<heading>70.95</heading>
					<tilt>88.0</tilt>
					<roll>0</roll>
					<altitudeMode>relativeToGround</altitudeMode>
				</Camera>
			</gx:FlyTo>
			<gx:FlyTo>
				<gx:duration>3.32</gx:duration>
				<gx:flyToMode>smooth</gx:flyToMode>
				<Camera>
					<longitude>-122.2977177851</longitude>
					<latitude>37.8494251107</latitude>
					<altitude>25.0</altitude>
					<heading>70.95</heading>
					<tilt>88.0</tilt>
					<roll>0</roll>
					<altitudeMode>relativeToGround</altitudeMode>
				</Camera>
			</gx:FlyTo>
			<gx:FlyTo>
				<gx:duration>3.32</gx:duration>
				<gx:flyToMode>smooth</gx:flyToMode>
				<Camera>
					<longitude>-122.2972894195</longitude>
					<latitude>37.8495418819</latitude>
					<altitude>25.0</altitude>
					<heading>70.95</heading>
					<tilt>88.0</tilt>
					<roll>0</roll>
					<altitudeMode>relativeToGround</altitudeMode>
				</Camera>
			</gx:FlyTo>
			<gx:FlyTo>
				<gx:duration>3.32</gx:duration>
				<gx:flyToMode>smooth</gx:flyToMode>
				<Camera>
					<longitude>-122.2968610539</longitude>
					<latitude>37.8496586531</latitude>
					<altitude>25.0</altitude>
					<heading>70.95</heading>
					<tilt>88.0</tilt>
					<roll>0</roll>
					<altitudeMode>relativeToGround</altitudeMode>
				</Camera>
			</gx:FlyTo>
			<gx:FlyTo>
				<gx:duration>3.32</gx:duration>
				<gx:flyToMode>smooth</gx:flyToMode>
				<Camera>
					<longitude>-122.2964326883</longitude>
					<latitude>37.8497754243</latitude>
					<altitude>25.0</altitude>
					<heading>70.95</heading>
					<tilt>88.0</tilt>
					<roll>0</roll>
					<altitudeMode>relativeToGround</altitudeMode>
				</Camera>
			</gx:FlyTo>
			<gx:FlyTo>
				<gx:duration>3.32</gx:duration>
				<gx:flyToMode>smooth</gx:flyToMode>
				<Camera>
					<longitude>-122.2960043228</longitude>
					<latitude>37.8498921955</latitude>
					<altitude>25.0</altitude>
					<heading>70.95</heading>
					<tilt>88.0</tilt>
					<roll>0</roll>
					<altitudeMode>relativeToGround</altitudeMode>
				</Camera>
			</gx:FlyTo>
			<gx:FlyTo>
				<gx:duration>3.32</gx:duration>
				<gx:flyToMode>smooth</gx:flyToMode>
				<Camera>
					<longitude>-122.2955759572</longitude>
					<latitude>37.8500089667</latitude>
					<altitude>25.0</altitude>
					<heading>70.95</heading>
					<tilt>88.0</tilt>
					<roll>0</roll>
					<altitudeMode>relativeToGround</altitudeMode>
				</Camera>
			</gx:FlyTo>
			<gx:FlyTo>
				<gx:duration>3.32</gx:duration>
				<gx:flyToMode>smooth</gx:flyToMode>
				<Camera>
					<longitude>-122.2951475916</longitude>
					<latitude>37.8501257379</latitude>
					<altitude>25.0</altitude>
					<heading>70.95</heading>
					<tilt>88.0</tilt>
					<roll>0</roll>
					<altitudeMode>relativeToGround</altitudeMode>
				</Camera>
			</gx:FlyTo>
			<gx:FlyTo>
				<gx:duration>3.32</gx:duration>
				<gx:flyToMode>smooth</gx:flyToMode>
				<Camera>
					<longitude>-122.2947192260</longitude>
					<latitude>37.8502425092</latitude>
					<altitude>25.0</altitude>
					<heading>70.95</heading>
					<tilt>88.0</tilt>
					<roll>0</roll>
					<altitudeMode>relativeToGround</altitudeMode>
				</Camera>
			</gx:FlyTo>
			<gx:FlyTo>
				<gx:duration>3.32</gx:duration>
				<gx:flyToMode>smooth</gx:flyToMode>
				<Camera>
					<longitude>-122.2942908604</longitude>
					<latitude>37.8503592804</latitude>
					<altitude>25.0</altitude>
					<heading>70.95</heading>
					<tilt>88.0</tilt>
					<roll>0</roll>
					<altitudeMode>relativeToGround</altitudeMode>
				</Camera>
			</gx:FlyTo>
			<gx:FlyTo>
				<gx:duration>3.32</gx:duration>
				<gx:flyToMode>smooth</gx:flyToMode>
				<Camera>
					<longitude>-122.2938624948</longitude>
					<latitude>37.8504760516</latitude>
					<altitude>25.0</altitude>
					<heading>70.95</heading>
					<tilt>88.0</tilt>
					<roll>0</roll>
					<altitudeMode>relativeToGround</altitudeMode>
				</Camera>
			</gx:FlyTo>
			<gx:FlyTo>
				<gx:duration>3.32</gx:duration>
				<gx:flyToMode>smooth</gx:flyToMode>
				<Camera>
					<longitude>-122.2934341293</longitude>
					<latitude>37.8505928228</latitude>
					<altitude>25.0</altitude>
					<heading>70.95</heading>
					<tilt>88.0</tilt>
					<roll>0</roll>
					<altitudeMode>relativeToGround</altitudeMode>
				</Camera>
			</gx:FlyTo>
			<gx:FlyTo>
				<gx:duration>3.32</gx:duration>
				<gx:flyToMode>smooth</gx:flyToMode>
				<Camera>
					<longitude>-122.2930057637</longitude>
					<latitude>37.8507095940</latitude>
					<altitude>25.0</altitude>
					<heading>70.95</heading>
					<tilt>88.0</tilt>
					<roll>0</roll>
					<altitudeMode>relativeToGround</altitudeMode>
				</Camera>
			</gx:FlyTo>
			<gx:FlyTo>
				<gx:duration>3.32</gx:duration>
				<gx:flyToMode>smooth</gx:flyToMode>
				<Camera>
					<longitude>-122.2925773981</longitude>
					<latitude>37.8508263652</latitude>
					<altitude>25.0</altitude>
					<heading>70.95</heading>
					<tilt>88.0</tilt>
					<roll>0</roll>
					<altitudeMode>relativeToGround</altitudeMode>
				</Camera>
			</gx:FlyTo>
			<gx:FlyTo>
				<gx:duration>3.32</gx:duration>
				<gx:flyToMode>smooth</gx:flyToMode>
				<Camera>
					<longitude>-122.2921490325</longitude>
					<latitude>37.8509431365</latitude>
					<altitude>25.0</altitude>
					<heading>70.95</heading>
					<tilt>88.0</tilt>
					<roll>0</roll>
					<altitudeMode>relativeToGround</altitudeMode>
				</Camera>
			</gx:FlyTo>
			<gx:FlyTo>
				<gx:duration>3.32</gx:duration>
				<gx:flyToMode>smooth</gx:flyToMode>
				<Camera>
					<longitude>-122.2917206669</longitude>
					<latitude>37.8510599077</latitude>
					<altitude>25.0</altitude>
					<heading>70.95</heading>
					<tilt>88.0</tilt>
					<roll>0</roll>
					<altitudeMode>relativeToGround</altitudeMode>
				</Camera>
			</gx:FlyTo>
			<gx:FlyTo>
				<gx:duration>3.32</gx:duration>
				<gx:flyToMode>smooth</gx:flyToMode>
				<Camera>
					<longitude>-122.2912923014</longitude>
					<latitude>37.8511766789</latitude>
					<altitude>25.0</altitude>
					<heading>70.95</heading>
					<tilt>88.0</tilt>
					<roll>0</roll>
					<altitudeMode>relativeToGround</altitudeMode>
				</Camera>
			</gx:FlyTo>
			<gx:FlyTo>
				<gx:duration>3.32</gx:duration>
				<gx:flyToMode>smooth</gx:flyToMode>
				<Camera>
					<longitude>-122.2908639358</longitude>
					<latitude>37.8512934501</latitude>
					<altitude>25.0</altitude>
					<heading>70.95</heading>
					<tilt>88.0</tilt>
					<roll>0</roll>
					<altitudeMode>relativeToGround</altitudeMode>
				</Camera>
			</gx:FlyTo>
			<gx:FlyTo>
				<gx:duration>3.32</gx:duration>
				<gx:flyToMode>smooth</gx:flyToMode>
				<Camera>
					<longitude>-122.2904355702</longitude>
					<latitude>37.8514102213</latitude>
					<altitude>25.0</altitude>
					<heading>70.95</heading>
					<tilt>88.0</tilt>
					<roll>0</roll>
					<altitudeMode>relativeToGround</altitudeMode>
				</Camera>
			</gx:FlyTo>
			<gx:FlyTo>
				<gx:duration>3.35</gx:duration>
				<gx:flyToMode>smooth</gx:flyToMode>
				<Camera>
					<longitude>-122.2900927130</longitude>
					<latitude>37.8516496012</latitude>
					<altitude>25.0</altitude>
					<heading>48.51</heading>
					<tilt>88.0</tilt>
					<roll>0</roll>
					<altitudeMode>relativeToGround</altitudeMode>
				</Camera>
			</gx:FlyTo>
			<gx:FlyTo>
				<gx:duration>3.35</gx:duration>
				<gx:flyToMode>smooth</gx:flyToMode>
				<Camera>
					<longitude>-122.2897498559</longitude>
					<latitude>37.8518889812</latitude>
					<altitude>25.0</altitude>
					<heading>48.51</heading>
					<tilt>88.0</tilt>
					<roll>0</roll>
					<altitudeMode>relativeToGround</altitudeMode>
				</Camera>
			</gx:FlyTo>
			<gx:FlyTo>
				<gx:duration>3.35</gx:duration>
				<gx:flyToMode>smooth</gx:flyToMode>
				<Camera>
					<longitude>-122.2894069988</longitude>
					<latitude>37.8521283611</latitude>
					<altitude>25.0</altitude>
					<heading>48.51</heading>
					<tilt>88.0</tilt>
					<roll>0</roll>
					<altitudeMode>relativeToGround</altitudeMode>
				</Camera>
			</gx:FlyTo>
			<gx:FlyTo>
				<gx:duration>3.35</gx:duration>
				<gx:flyToMode>smooth</gx:flyToMode>
				<Camera>
					<longitude>-122.2890641416</longitude>
					<latitude>37.8523677410</latitude>
					<altitude>25.0</altitude>
					<heading>48.51</heading>
					<tilt>88.0</tilt>
					<roll>0</roll>
					<altitudeMode>relativeToGround</altitudeMode>
				</Camera>
			</gx:FlyTo>
			<gx:FlyTo>
				<gx:duration>3.35</gx:duration>
				<gx:flyToMode>smooth</gx:flyToMode>
				<Camera>
					<longitude>-122.2887212845</longitude>
					<latitude>37.8526071209</latitude>
					<altitude>25.0</altitude>
					<heading>48.51</heading>
					<tilt>88.0</tilt>
					<roll>0</roll>
					<altitudeMode>relativeToGround</altitudeMode>
				</Camera>
			</gx:FlyTo>
			<gx:FlyTo>
				<gx:duration>3.35</gx:duration>
				<gx:flyToMode>smooth</gx:flyToMode>
				<Camera>
					<longitude>-122.2883784273</longitude>
					<latitude>37.8528465008</latitude>
					<altitude>25.0</altitude>
					<heading>48.51</heading>
					<tilt>88.0</tilt>
					<roll>0</roll>
					<altitudeMode>relativeToGround</altitudeMode>
				</Camera>
			</gx:FlyTo>
			<gx:FlyTo>
				<gx:duration>3.35</gx:duration>
				<gx:flyToMode>smooth</gx:flyToMode>
				<Camera>
					<longitude>-122.2880355702</longitude>
					<latitude>37.8530858808</latitude>
					<altitude>25.0</altitude>
					<heading>48.51</heading>
					<tilt>88.0</tilt>
					<roll>0</roll>
					<altitudeMode>relativeToGround</altitudeMode>
				</Camera>
			</gx:FlyTo>
			<gx:FlyTo>
				<gx:duration>3.21</gx:duration>
				<gx:flyToMode>smooth</gx:flyToMode>
				<Camera>
					<longitude>-122.2876355702</longitude>
					<latitude>37.8529429078</latitude>
					<altitude>25.0</altitude>
					<heading>114.35</heading>
					<tilt>88.0</tilt>
					<roll>0</roll>
					<altitudeMode>relativeToGround</altitudeMode>
				</Camera>
			</gx:FlyTo>
			<gx:FlyTo>
				<gx:duration>3.21</gx:duration>
				<gx:flyToMode>smooth</gx:flyToMode>
				<Camera>
					<longitude>-122.2872355702</longitude>
					<latitude>37.8527999349</latitude>
					<altitude>25.0</altitude>
					<heading>114.35</heading>
					<tilt>88.0</tilt>
					<roll>0</roll>
					<altitudeMode>relativeToGround</altitudeMode>
				</Camera>
			</gx:FlyTo>
			<gx:FlyTo>
				<gx:duration>3.21</gx:duration>
				<gx:flyToMode>smooth</gx:flyToMode>
				<Camera>
					<longitude>-122.2868355702</longitude>
					<latitude>37.8526569619</latitude>
					<altitude>25.0</altitude>
					<heading>114.35</heading>
					<tilt>88.0</tilt>
					<roll>0</roll>
					<altitudeMode>relativeToGround</altitudeMode>
				</Camera>
			</gx:FlyTo>
			<gx:FlyTo>
				<gx:duration>3.21</gx:duration>
				<gx:flyToMode>smooth</gx:flyToMode>
				<Camera>
					<longitude>-122.2864355702</longitude>
					<latitude>37.8525139890</latitude>
					<altitude>25.0</altitude>
					<heading>114.35</heading>
					<tilt>88.0</tilt>
					<roll>0</roll>
					<altitudeMode>relativeToGround</altitudeMode>
				</Camera>
			</gx:FlyTo>
			<gx:FlyTo>
				<gx:duration>3.21</gx:duration>
				<gx:flyToMode>smooth</gx:flyToMode>
				<Camera>
					<longitude>-122.2860355702</longitude>
					<latitude>37.8523710160</latitude>
					<altitude>25.0</altitude>
					<heading>114.35</heading>
					<tilt>88.0</tilt>
					<roll>0</roll>
					<altitudeMode>relativeToGround</altitudeMode>
				</Camera>
			</gx:FlyTo>
			<gx:FlyTo>
				<gx:duration>3.21</gx:duration>
				<gx:flyToMode>smooth</gx:flyToMode>
				<Camera>
					<longitude>-122.2856355702</longitude>
					<latitude>37.8522280431</latitude>
					<altitude>25.0</altitude>
					<heading>114.35</heading>
					<tilt>88.0</tilt>
					<roll>0</roll>
					<altitudeMode>relativeToGround</altitudeMode>
				</Camera>
			</gx:FlyTo>
			<gx:FlyTo>
				<gx:duration>2.95</gx:duration>
				<gx:flyToMode>smooth</gx:flyToMode>
				<Camera>
					<longitude>-122.2852355702</longitude>
					<latitude>37.8522711239</latitude>
					<altitude>25.0</altitude>
					<heading>82.23</heading>
					<tilt>88.0</tilt>
					<roll>0</roll>
					<altitudeMode>relativeToGround</altitudeMode>
				</Camera>
			</gx:FlyTo>
			<gx:FlyTo>
				<gx:duration>2.95</gx:duration>
				<gx:flyToMode>smooth</gx:flyToMode>
				<Camera>
					<longitude>-122.2848355702</longitude>
					<latitude>37.8523142048</latitude>
					<altitude>25.0</altitude>
					<heading>82.23</heading>
					<tilt>88.0</tilt>
					<roll>0</roll>
					<altitudeMode>relativeToGround</altitudeMode>
				</Camera>
			</gx:FlyTo>
			<gx:FlyTo>
				<gx:duration>2.95</gx:duration>
				<gx:flyToMode>smooth</gx:flyToMode>
				<Camera>
					<longitude>-122.2844355702</longitude>
					<latitude>37.8523572857</latitude>
					<altitude>25.0</altitude>
					<heading>82.23</heading>
					<tilt>88.0</tilt>
					<roll>0</roll>
					<altitudeMode>relativeToGround</altitudeMode>
				</Camera>
			</gx:FlyTo>
			<gx:FlyTo>
				<gx:duration>3.88</gx:duration>
				<gx:flyToMode>smooth</gx:flyToMode>
				<Camera>
					<longitude>-122.2840355702</longitude>
					<latitude>37.8526315771</latitude>
					<altitude>25.0</altitude>
					<heading>49.03</heading>
					<tilt>88.0</tilt>
					<roll>0</roll>
					<altitudeMode>relativeToGround</altitudeMode>
				</Camera>
			</gx:FlyTo>
			<gx:FlyTo>
				<gx:duration>3.88</gx:duration>
				<gx:flyToMode>smooth</gx:flyToMode>
				<Camera>
					<longitude>-122.2836355702</longitude>
					<latitude>37.8529058685</latitude>
					<altitude>25.0</altitude>
					<heading>49.03</heading>
					<tilt>88.0</tilt>
					<roll>0</roll>
					<altitudeMode>relativeToGround</altitudeMode>
				</Camera>
			</gx:FlyTo>
			<gx:FlyTo>
				<gx:duration>3.88</gx:duration>
				<gx:flyToMode>smooth</gx:flyToMode>
				<Camera>
					<longitude>-122.2832355702</longitude>
					<latitude>37.8531801599</latitude>
					<altitude>25.0</altitude>
					<heading>49.03</heading>
					<tilt>88.0</tilt>
					<roll>0</roll>
					<altitudeMode>relativeToGround</altitudeMode>
				</Camera>
			</gx:FlyTo>
			<gx:FlyTo>
				<gx:duration>2.93</gx:duration>
				<gx:flyToMode>smooth</gx:flyToMode>
				<Camera>
					<longitude>-122.2828355702</longitude>
					<latitude>37.8532001608</latitude>
					<altitude>25.0</altitude>
					<heading>86.38</heading>
					<tilt>88.0</tilt>
					<roll>0</roll>
					<altitudeMode>relativeToGround</altitudeMode>
				</Camera>
			</gx:FlyTo>
			<gx:FlyTo>
				<gx:duration>2.93</gx:duration>
				<gx:flyToMode>smooth</gx:flyToMode>
				<Camera>
					<longitude>-122.2824355702</longitude>
					<latitude>37.8532201618</latitude>
					<altitude>25.0</altitude>
					<heading>86.38</heading>
					<tilt>88.0</tilt>
					<roll>0</roll>
					<altitudeMode>relativeToGround</altitudeMode>
				</Camera>
			</gx:FlyTo>
			<gx:FlyTo>
				<gx:duration>2.93</gx:duration>
				<gx:flyToMode>smooth</gx:flyToMode>
				<Camera>
					<longitude>-122.2820355702</longitude>
					<latitude>37.8532401628</latitude>
					<altitude>25.0</altitude>
					<heading>86.38</heading>
					<tilt>88.0</tilt>
					<roll>0</roll>
					<altitudeMode>relativeToGround</altitudeMode>
				</Camera>
			</gx:FlyTo>
			<gx:FlyTo>
				<gx:duration>3.54</gx:duration>
				<gx:flyToMode>smooth</gx:flyToMode>
				<Camera>
					<longitude>-122.2815555702</longitude>
					<latitude>37.8532863185</latitude>
					<altitude>25.0</altitude>
					<heading>83.06</heading>
					<tilt>88.0</tilt>
					<roll>0</roll>
					<altitudeMode>relativeToGround</altitudeMode>
				</Camera>
			</gx:FlyTo>
			<gx:FlyTo>
				<gx:duration>3.54</gx:duration>
				<gx:flyToMode>smooth</gx:flyToMode>
				<Camera>
					<longitude>-122.2810755702</longitude>
					<latitude>37.8533324742</latitude>
					<altitude>25.0</altitude>
					<heading>83.06</heading>
					<tilt>88.0</tilt>
					<roll>0</roll>
					<altitudeMode>relativeToGround</altitudeMode>
				</Camera>
			</gx:FlyTo>
			<gx:FlyTo>
				<gx:duration>3.54</gx:duration>
				<gx:flyToMode>smooth</gx:flyToMode>
				<Camera>
					<longitude>-122.2805955702</longitude>
					<latitude>37.8533786299</latitude>
					<altitude>25.0</altitude>
					<heading>83.06</heading>
					<tilt>88.0</tilt>
					<roll>0</roll>
					<altitudeMode>relativeToGround</altitudeMode>
				</Camera>
			</gx:FlyTo>
			<gx:FlyTo>
				<gx:duration>3.54</gx:duration>
				<gx:flyToMode>smooth</gx:flyToMode>
				<Camera>
					<longitude>-122.2801155702</longitude>
					<latitude>37.8534247856</latitude>
					<altitude>25.0</altitude>
					<heading>83.06</heading>
					<tilt>88.0</tilt>
					<roll>0</roll>
					<altitudeMode>relativeToGround</altitudeMode>
				</Camera>
			</gx:FlyTo>
			<gx:FlyTo>
				<gx:duration>3.54</gx:duration>
				<gx:flyToMode>smooth</gx:flyToMode>
				<Camera>
					<longitude>-122.2796355702</longitude>
					<latitude>37.8534709413</latitude>
					<altitude>25.0</altitude>
					<heading>83.06</heading>
					<tilt>88.0</tilt>
					<roll>0</roll>
					<altitudeMode>relativeToGround</altitudeMode>
				</Camera>
			</gx:FlyTo>
			<gx:FlyTo>
				<gx:duration>2.99</gx:duration>
				<gx:flyToMode>smooth</gx:flyToMode>
				<Camera>
					<longitude>-122.2792355702</longitude>
					<latitude>37.8535354903</latitude>
					<altitude>25.0</altitude>
					<heading>78.45</heading>
					<tilt>88.0</tilt>
					<roll>0</roll>
					<altitudeMode>relativeToGround</altitudeMode>
				</Camera>
			</gx:FlyTo>
			<gx:FlyTo>
				<gx:duration>2.99</gx:duration>
				<gx:flyToMode>smooth</gx:flyToMode>
				<Camera>
					<longitude>-122.2788355702</longitude>
					<latitude>37.8536000393</latitude>
					<altitude>25.0</altitude>
					<heading>78.45</heading>
					<tilt>88.0</tilt>
					<roll>0</roll>
					<altitudeMode>relativeToGround</altitudeMode>
				</Camera>
			</gx:FlyTo>
			<gx:FlyTo>
				<gx:duration>2.99</gx:duration>
				<gx:flyToMode>smooth</gx:flyToMode>
				<Camera>
					<longitude>-122.2784355702</longitude>
					<latitude>37.8536645882</latitude>
					<altitude>25.0</altitude>
					<heading>78.45</heading>
					<tilt>88.0</tilt>
					<roll>0</roll>
					<altitudeMode>relativeToGround</altitudeMode>
				</Camera>
			</gx:FlyTo>
			<gx:FlyTo>
				<gx:duration>3.01</gx:duration>
				<gx:flyToMode>smooth</gx:flyToMode>
				<Camera>
					<longitude>-122.2780355702</longitude>
					<latitude>37.8535894334</latitude>
					<altitude>25.0</altitude>
					<heading>103.38</heading>
					<tilt>88.0</tilt>
					<roll>0</roll>
					<altitudeMode>relativeToGround</altitudeMode>
				</Camera>
			</gx:FlyTo>
			<gx:FlyTo>
				<gx:duration>3.01</gx:duration>
				<gx:flyToMode>smooth</gx:flyToMode>
				<Camera>
					<longitude>-122.2776355702</longitude>
					<latitude>37.8535142786</latitude>
					<altitude>25.0</altitude>
					<heading>103.38</heading>
					<tilt>88.0</tilt>
					<roll>0</roll>
					<altitudeMode>relativeToGround</altitudeMode>
				</Camera>
			</gx:FlyTo>
			<gx:FlyTo>
				<gx:duration>3.01</gx:duration>
				<gx:flyToMode>smooth</gx:flyToMode>
				<Camera>
					<longitude>-122.2772355702</longitude>
					<latitude>37.8534391237</latitude>
					<altitude>25.0</altitude>
					<heading>103.38</heading>
					<tilt>88.0</tilt>
					<roll>0</roll>
					<altitudeMode>relativeToGround</altitudeMode>
				</Camera>
			</gx:FlyTo>
			<gx:FlyTo>
				<gx:duration>3.25</gx:duration>
				<gx:flyToMode>smooth</gx:flyToMode>
				<Camera>
					<longitude>-122.2768355702</longitude>
					<latitude>37.8535919176</latitude>
					<altitude>25.0</altitude>
					<heading>64.18</heading>
					<tilt>88.0</tilt>
					<roll>0</roll>
					<altitudeMode>relativeToGround</altitudeMode>
				</Camera>
			</gx:FlyTo>
			<gx:FlyTo>
				<gx:duration>3.25</gx:duration>
				<gx:flyToMode>smooth</gx:flyToMode>
				<Camera>
					<longitude>-122.2764355702</longitude>
					<latitude>37.8537447114</latitude>
					<altitude>25.0</altitude>
					<heading>64.18</heading>
					<tilt>88.0</tilt>
					<roll>0</roll>
					<altitudeMode>relativeToGround</altitudeMode>
				</Camera>
			</gx:FlyTo>
			<gx:FlyTo>
				<gx:duration>3.25</gx:duration>
				<gx:flyToMode>smooth</gx:flyToMode>
				<Camera>
					<longitude>-122.2760355702</longitude>
					<latitude>37.8538975053</latitude>
					<altitude>25.0</altitude>
					<heading>64.18</heading>
					<tilt>88.0</tilt>
					<roll>0</roll>
					<altitudeMode>relativeToGround</altitudeMode>
				</Camera>
			</gx:FlyTo>
			<gx:FlyTo>
				<gx:duration>3.00</gx:duration>
				<gx:flyToMode>smooth</gx:flyToMode>
				<Camera>
					<longitude>-122.2756355702</longitude>
					<latitude>37.8538239452</latitude>
					<altitude>25.0</altitude>
					<heading>103.11</heading>
					<tilt>88.0</tilt>
					<roll>0</roll>
					<altitudeMode>relativeToGround</altitudeMode>
				</Camera>
			</gx:FlyTo>
			<gx:FlyTo>
				<gx:duration>3.00</gx:duration>
				<gx:flyToMode>smooth</gx:flyToMode>
				<Camera>
					<longitude>-122.2752355702</longitude>
					<latitude>37.8537503851</latitude>
					<altitude>25.0</altitude>
					<heading>103.11</heading>
					<tilt>88.0</tilt>
					<roll>0</roll>
					<altitudeMode>relativeToGround</altitudeMode>
				</Camera>
			</gx:FlyTo>
			<gx:FlyTo>
				<gx:duration>3.00</gx:duration>
				<gx:flyToMode>smooth</gx:flyToMode>
				<Camera>
					<longitude>-122.2748355702</longitude>
					<latitude>37.8536768250</latitude>
					<altitude>25.0</altitude>
					<heading>103.11</heading>
					<tilt>88.0</tilt>
					<roll>0</roll>
					<altitudeMode>relativeToGround</altitudeMode>
				</Camera>
			</gx:FlyTo>
			<gx:FlyTo>
				<gx:duration>3.27</gx:duration>
				<gx:flyToMode>smooth</gx:flyToMode>
				<Camera>
					<longitude>-122.2744355702</longitude>
					<latitude>37.8538341219</latitude>
					<altitude>25.0</altitude>
					<heading>63.52</heading>
					<tilt>88.0</tilt>
					<roll>0</roll>
					<altitudeMode>relativeToGround</altitudeMode>
				</Camera>
			</gx:FlyTo>
			<gx:FlyTo>
				<gx:duration>3.27</gx:duration>
				<gx:flyToMode>smooth</gx:flyToMode>
				<Camera>
					<longitude>-122.2740355702</longitude>
					<latitude>37.8539914189</latitude>
					<altitude>25.0</altitude>
					<heading>63.52</heading>
					<tilt>88.0</tilt>
					<roll>0</roll>
					<altitudeMode>relativeToGround</altitudeMode>
				</Camera>
			</gx:FlyTo>
			<gx:FlyTo>
				<gx:duration>3.27</gx:duration>
				<gx:flyToMode>smooth</gx:flyToMode>
				<Camera>
					<longitude>-122.2736355702</longitude>
					<latitude>37.8541487159</latitude>
					<altitude>25.0</altitude>
					<heading>63.52</heading>
					<tilt>88.0</tilt>
					<roll>0</roll>
					<altitudeMode>relativeToGround</altitudeMode>
				</Camera>
			</gx:FlyTo>
			<gx:FlyTo>
				<gx:duration>3.55</gx:duration>
				<gx:flyToMode>smooth</gx:flyToMode>
				<Camera>
					<longitude>-122.2731555702</longitude>
					<latitude>37.8542024461</latitude>
					<altitude>25.0</altitude>
					<heading>81.93</heading>
					<tilt>88.0</tilt>
					<roll>0</roll>
					<altitudeMode>relativeToGround</altitudeMode>
				</Camera>
			</gx:FlyTo>
			<gx:FlyTo>
				<gx:duration>3.55</gx:duration>
				<gx:flyToMode>smooth</gx:flyToMode>
				<Camera>
					<longitude>-122.2726755702</longitude>
					<latitude>37.8542561763</latitude>
					<altitude>25.0</altitude>
					<heading>81.93</heading>
					<tilt>88.0</tilt>
					<roll>0</roll>
					<altitudeMode>relativeToGround</altitudeMode>
				</Camera>
			</gx:FlyTo>
			<gx:FlyTo>
				<gx:duration>3.55</gx:duration>
				<gx:flyToMode>smooth</gx:flyToMode>
				<Camera>
					<longitude>-122.2721955702</longitude>
					<latitude>37.8543099066</latitude>
					<altitude>25.0</altitude>
					<heading>81.93</heading>
					<tilt>88.0</tilt>
					<roll>0</roll>
					<altitudeMode>relativeToGround</altitudeMode>
				</Camera>
			</gx:FlyTo>
			<gx:FlyTo>
				<gx:duration>3.55</gx:duration>
				<gx:flyToMode>smooth</gx:flyToMode>
				<Camera>
					<longitude>-122.2717155702</longitude>
					<latitude>37.8543636368</latitude>
					<altitude>25.0</altitude>
					<heading>81.93</heading>
					<tilt>88.0</tilt>
					<roll>0</roll>
					<altitudeMode>relativeToGround</altitudeMode>
				</Camera>
			</gx:FlyTo>
			<gx:FlyTo>
				<gx:duration>3.55</gx:duration>
				<gx:flyToMode>smooth</gx:flyToMode>
				<Camera>
					<longitude>-122.2712355702</longitude>
					<latitude>37.8544173670</latitude>
					<altitude>25.0</altitude>
					<heading>81.93</heading>
					<tilt>88.0</tilt>
					<roll>0</roll>
					<altitudeMode>relativeToGround</altitudeMode>
				</Camera>
			</gx:FlyTo>
			<gx:FlyTo>
				<gx:duration>3.02</gx:duration>
				<gx:flyToMode>smooth</gx:flyToMode>
				<Camera>
					<longitude>-122.2708355702</longitude>
					<latitude>37.8544984410</latitude>
					<altitude>25.0</altitude>
					<heading>75.60</heading>
					<tilt>88.0</tilt>
					<roll>0</roll>
					<altitudeMode>relativeToGround</altitudeMode>
				</Camera>
			</gx:FlyTo>
			<gx:FlyTo>
				<gx:duration>3.02</gx:duration>
				<gx:flyToMode>smooth</gx:flyToMode>
				<Camera>
					<longitude>-122.2704355702</longitude>
					<latitude>37.8545795150</latitude>
					<altitude>25.0</altitude>
					<heading>75.60</heading>
					<tilt>88.0</tilt>
					<roll>0</roll>
					<altitudeMode>relativeToGround</altitudeMode>
				</Camera>
			</gx:FlyTo>
			<gx:FlyTo>
				<gx:duration>3.02</gx:duration>
				<gx:flyToMode>smooth</gx:flyToMode>
				<Camera>
					<longitude>-122.2700355702</longitude>
					<latitude>37.8546605890</latitude>
					<altitude>25.0</altitude>
					<heading>75.60</heading>
					<tilt>88.0</tilt>
					<roll>0</roll>
					<altitudeMode>relativeToGround</altitudeMode>
				</Camera>
			</gx:FlyTo>
			<gx:FlyTo>
				<gx:duration>0.30</gx:duration>
				<gx:flyToMode>smooth</gx:flyToMode>
				<Camera>
					<longitude>-122.2695137530</longitude>
					<latitude>37.8547148751</latitude>
					<altitude>24.9</altitude>
					<heading>81.66</heading>
					<tilt>87.8</tilt>
					<roll>0</roll>
					<altitudeMode>relativeToGround</altitudeMode>
				</Camera>
			</gx:FlyTo>
			<gx:FlyTo>
				<gx:duration>0.30</gx:duration>
				<gx:flyToMode>smooth</gx:flyToMode>
				<Camera>
					<longitude>-122.2694641887</longitude>
					<latitude>37.8546984724</latitude>
					<altitude>24.5</altitude>
					<heading>80.46</heading>
					<tilt>87.3</tilt>
					<roll>0</roll>
					<altitudeMode>relativeToGround</altitudeMode>
				</Camera>
			</gx:FlyTo>
			<gx:FlyTo>
				<gx:duration>0.30</gx:duration>
				<gx:flyToMode>smooth</gx:flyToMode>
				<Camera>
					<longitude>-122.2693993905</longitude>
					<latitude>37.8546555750</latitude>
					<altitude>23.9</altitude>
					<heading>78.22</heading>
					<tilt>86.5</tilt>
					<roll>0</roll>
					<altitudeMode>relativeToGround</altitudeMode>
				</Camera>
			</gx:FlyTo>
			<gx:FlyTo>
				<gx:duration>0.30</gx:duration>
				<gx:flyToMode>smooth</gx:flyToMode>
				<Camera>
					<longitude>-122.2693137948</longitude>
					<latitude>37.8545856171</latitude>
					<altitude>23.2</altitude>
					<heading>74.82</heading>
					<tilt>85.5</tilt>
					<roll>0</roll>
					<altitudeMode>relativeToGround</altitudeMode>
				</Camera>
			</gx:FlyTo>
			<gx:FlyTo>
				<gx:duration>0.30</gx:duration>
				<gx:flyToMode>smooth</gx:flyToMode>
				<Camera>
					<longitude>-122.2692055093</longitude>
					<latitude>37.8544955071</latitude>
					<altitude>22.3</altitude>
					<heading>70.18</heading>
					<tilt>84.3</tilt>
					<roll>0</roll>
					<altitudeMode>relativeToGround</altitudeMode>
				</Camera>
			</gx:FlyTo>
			<gx:FlyTo>
				<gx:duration>0.30</gx:duration>
				<gx:flyToMode>smooth</gx:flyToMode>
				<Camera>
					<longitude>-122.2690779489</longitude>
					<latitude>37.8543983962</latitude>
					<altitude>21.4</altitude>
					<heading>64.29</heading>
					<tilt>82.9</tilt>
					<roll>0</roll>
					<altitudeMode>relativeToGround</altitudeMode>
				</Camera>
			</gx:FlyTo>
			<gx:FlyTo>
				<gx:duration>0.30</gx:duration>
				<gx:flyToMode>smooth</gx:flyToMode>
				<Camera>
					<longitude>-122.2689412899</longitude>
					<latitude>37.8543121952</latitude>
					<altitude>20.3</altitude>
					<heading>57.20</heading>
					<tilt>81.5</tilt>
					<roll>0</roll>
					<altitudeMode>relativeToGround</altitudeMode>
				</Camera>
			</gx:FlyTo>
			<gx:FlyTo>
				<gx:duration>0.30</gx:duration>
				<gx:flyToMode>smooth</gx:flyToMode>
				<Camera>
					<longitude>-122.2688136618</longitude>
					<latitude>37.8542578380</latitude>
					<altitude>19.2</altitude>
					<heading>49.02</heading>
					<tilt>80.0</tilt>
					<roll>0</roll>
					<altitudeMode>relativeToGround</altitudeMode>
				</Camera>
			</gx:FlyTo>
			<gx:FlyTo>
				<gx:duration>0.30</gx:duration>
				<gx:flyToMode>smooth</gx:flyToMode>
				<Camera>
					<longitude>-122.2686969256</longitude>
					<latitude>37.8542307234</latitude>
					<altitude>18.2</altitude>
					<heading>39.90</heading>
					<tilt>78.5</tilt>
					<roll>0</roll>
					<altitudeMode>relativeToGround</altitudeMode>
				</Camera>
			</gx:FlyTo>
			<gx:FlyTo>
				<gx:duration>0.30</gx:duration>
				<gx:flyToMode>smooth</gx:flyToMode>
				<Camera>
					<longitude>-122.2685770954</longitude>
					<latitude>37.8542118330</latitude>
					<altitude>17.1</altitude>
					<heading>30.07</heading>
					<tilt>77.1</tilt>
					<roll>0</roll>
					<altitudeMode>relativeToGround</altitudeMode>
				</Camera>
			</gx:FlyTo>
			<gx:FlyTo>
				<gx:duration>0.30</gx:duration>
				<gx:flyToMode>smooth</gx:flyToMode>
				<Camera>
					<longitude>-122.2684551158</longitude>
					<latitude>37.8542015376</latitude>
					<altitude>16.2</altitude>
					<heading>19.81</heading>
					<tilt>75.7</tilt>
					<roll>0</roll>
					<altitudeMode>relativeToGround</altitudeMode>
				</Camera>
			</gx:FlyTo>
			<gx:FlyTo>
				<gx:duration>0.30</gx:duration>
				<gx:flyToMode>smooth</gx:flyToMode>
				<Camera>
					<longitude>-122.2683320229</longitude>
					<latitude>37.8542001368</latitude>
					<altitude>15.3</altitude>
					<heading>9.46</heading>
					<tilt>74.5</tilt>
					<roll>0</roll>
					<altitudeMode>relativeToGround</altitudeMode>
				</Camera>
			</gx:FlyTo>
			<gx:FlyTo>
				<gx:duration>0.30</gx:duration>
				<gx:flyToMode>smooth</gx:flyToMode>
				<Camera>
					<longitude>-122.2682089349</longitude>
					<latitude>37.8542078468</latitude>
					<altitude>14.6</altitude>
					<heading>359.42</heading>
					<tilt>73.5</tilt>
					<roll>0</roll>
					<altitudeMode>relativeToGround</altitudeMode>
				</Camera>
			</gx:FlyTo>
			<gx:FlyTo>
				<gx:duration>0.30</gx:duration>
				<gx:flyToMode>smooth</gx:flyToMode>
				<Camera>
					<longitude>-122.2680870404</longitude>
					<latitude>37.8542247873</latitude>
					<altitude>14.0</altitude>
					<heading>350.15</heading>
					<tilt>72.7</tilt>
					<roll>0</roll>
					<altitudeMode>relativeToGround</altitudeMode>
				</Camera>
			</gx:FlyTo>
			<gx:FlyTo>
				<gx:duration>0.30</gx:duration>
				<gx:flyToMode>smooth</gx:flyToMode>
				<Camera>
					<longitude>-122.2679675833</longitude>
					<latitude>37.8542509709</latitude>
					<altitude>13.6</altitude>
					<heading>342.16</heading>
					<tilt>72.2</tilt>
					<roll>0</roll>
					<altitudeMode>relativeToGround</altitudeMode>
				</Camera>
			</gx:FlyTo>
			<gx:FlyTo>
				<gx:duration>0.30</gx:duration>
				<gx:flyToMode>smooth</gx:flyToMode>
				<Camera>
					<longitude>-122.2678518466</longitude>
					<latitude>37.8542862930</latitude>
					<altitude>13.5</altitude>
					<heading>336.03</heading>
					<tilt>72.0</tilt>
					<roll>0</roll>
					<altitudeMode>relativeToGround</altitudeMode>
				</Camera>
			</gx:FlyTo>
			<gx:FlyTo>
				<gx:duration>0.53</gx:duration>
				<gx:flyToMode>smooth</gx:flyToMode>
				<Camera>
					<longitude>-122.2677048387</longitude>
					<latitude>37.8543462143</latitude>
					<altitude>13.5</altitude>
					<heading>329.36</heading>
					<tilt>72.0</tilt>
					<roll>0</roll>
					<altitudeMode>relativeToGround</altitudeMode>
				</Camera>
			</gx:FlyTo>
			<gx:FlyTo>
				<gx:duration>0.53</gx:duration>
				<gx:flyToMode>smooth</gx:flyToMode>
				<Camera>
					<longitude>-122.2675676353</longitude>
					<latitude>37.8544192055</latitude>
					<altitude>13.5</altitude>
					<heading>322.70</heading>
					<tilt>72.0</tilt>
					<roll>0</roll>
					<altitudeMode>relativeToGround</altitudeMode>
				</Camera>
			</gx:FlyTo>
			<gx:FlyTo>
				<gx:duration>0.53</gx:duration>
				<gx:flyToMode>smooth</gx:flyToMode>
				<Camera>
					<longitude>-122.2674420919</longitude>
					<latitude>37.8545042797</latitude>
					<altitude>13.5</altitude>
					<heading>316.03</heading>
					<tilt>72.0</tilt>
					<roll>0</roll>
					<altitudeMode>relativeToGround</altitudeMode>
				</Camera>
			</gx:FlyTo>
			<gx:FlyTo>
				<gx:duration>0.53</gx:duration>
				<gx:flyToMode>smooth</gx:flyToMode>
				<Camera>
					<longitude>-122.2673299062</longitude>
					<latitude>37.8546002862</latitude>
					<altitude>13.5</altitude>
					<heading>309.36</heading>
					<tilt>72.0</tilt>
					<roll>0</roll>
					<altitudeMode>relativeToGround</altitudeMode>
				</Camera>
			</gx:FlyTo>
			<gx:FlyTo>
				<gx:duration>0.53</gx:duration>
				<gx:flyToMode>smooth</gx:flyToMode>
				<Camera>
					<longitude>-122.2672325953</longitude>
					<latitude>37.8547059268</latitude>
					<altitude>13.5</altitude>
					<heading>302.70</heading>
					<tilt>72.0</tilt>
					<roll>0</roll>
					<altitudeMode>relativeToGround</altitudeMode>
				</Camera>
			</gx:FlyTo>
			<gx:FlyTo>
				<gx:duration>0.53</gx:duration>
				<gx:flyToMode>smooth</gx:flyToMode>
				<Camera>
					<longitude>-122.2671514751</longitude>
					<latitude>37.8548197729</latitude>
					<altitude>13.5</altitude>
					<heading>296.03</heading>
					<tilt>72.0</tilt>
					<roll>0</roll>
					<altitudeMode>relativeToGround</altitudeMode>
				</Camera>
			</gx:FlyTo>
			<gx:FlyTo>
				<gx:duration>0.53</gx:duration>
				<gx:flyToMode>smooth</gx:flyToMode>
				<Camera>
					<longitude>-122.2670876428</longitude>
					<latitude>37.8549402849</latitude>
					<altitude>13.5</altitude>
					<heading>289.36</heading>
					<tilt>72.0</tilt>
					<roll>0</roll>
					<altitudeMode>relativeToGround</altitudeMode>
				</Camera>
			</gx:FlyTo>
			<gx:FlyTo>
				<gx:duration>0.53</gx:duration>
				<gx:flyToMode>smooth</gx:flyToMode>
				<Camera>
					<longitude>-122.2670419615</longitude>
					<latitude>37.8550658330</latitude>
					<altitude>13.5</altitude>
					<heading>282.70</heading>
					<tilt>72.0</tilt>
					<roll>0</roll>
					<altitudeMode>relativeToGround</altitudeMode>
				</Camera>
			</gx:FlyTo>
			<gx:FlyTo>
				<gx:duration>0.53</gx:duration>
				<gx:flyToMode>smooth</gx:flyToMode>
				<Camera>
					<longitude>-122.2670150490</longitude>
					<latitude>37.8551947195</latitude>
					<altitude>13.5</altitude>
					<heading>276.03</heading>
					<tilt>72.0</tilt>
					<roll>0</roll>
					<altitudeMode>relativeToGround</altitudeMode>
				</Camera>
			</gx:FlyTo>
			<gx:FlyTo>
				<gx:duration>0.53</gx:duration>
				<gx:flyToMode>smooth</gx:flyToMode>
				<Camera>
					<longitude>-122.2670072692</longitude>
					<latitude>37.8553252015</latitude>
					<altitude>13.5</altitude>
					<heading>269.36</heading>
					<tilt>72.0</tilt>
					<roll>0</roll>
					<altitudeMode>relativeToGround</altitudeMode>
				</Camera>
			</gx:FlyTo>
			<gx:FlyTo>
				<gx:duration>0.53</gx:duration>
				<gx:flyToMode>smooth</gx:flyToMode>
				<Camera>
					<longitude>-122.2670187273</longitude>
					<latitude>37.8554555142</latitude>
					<altitude>13.5</altitude>
					<heading>262.70</heading>
					<tilt>72.0</tilt>
					<roll>0</roll>
					<altitudeMode>relativeToGround</altitudeMode>
				</Camera>
			</gx:FlyTo>
			<gx:FlyTo>
				<gx:duration>0.53</gx:duration>
				<gx:flyToMode>smooth</gx:flyToMode>
				<Camera>
					<longitude>-122.2670492684</longitude>
					<latitude>37.8555838956</latitude>
					<altitude>13.5</altitude>
					<heading>256.03</heading>
					<tilt>72.0</tilt>
					<roll>0</roll>
					<altitudeMode>relativeToGround</altitudeMode>
				</Camera>
			</gx:FlyTo>
			<gx:FlyTo>
				<gx:duration>0.53</gx:duration>
				<gx:flyToMode>smooth</gx:flyToMode>
				<Camera>
					<longitude>-122.2670984795</longitude>
					<latitude>37.8557086094</latitude>
					<altitude>13.5</altitude>
					<heading>249.36</heading>
					<tilt>72.0</tilt>
					<roll>0</roll>
					<altitudeMode>relativeToGround</altitudeMode>
				</Camera>
			</gx:FlyTo>
			<gx:FlyTo>
				<gx:duration>0.53</gx:duration>
				<gx:flyToMode>smooth</gx:flyToMode>
				<Camera>
					<longitude>-122.2671656950</longitude>
					<latitude>37.8558279691</latitude>
					<altitude>13.5</altitude>
					<heading>242.70</heading>
					<tilt>72.0</tilt>
					<roll>0</roll>
					<altitudeMode>relativeToGround</altitudeMode>
				</Camera>
			</gx:FlyTo>
			<gx:FlyTo>
				<gx:duration>0.53</gx:duration>
				<gx:flyToMode>smooth</gx:flyToMode>
				<Camera>
					<longitude>-122.2672500061</longitude>
					<latitude>37.8559403606</latitude>
					<altitude>13.5</altitude>
					<heading>236.03</heading>
					<tilt>72.0</tilt>
					<roll>0</roll>
					<altitudeMode>relativeToGround</altitudeMode>
				</Camera>
			</gx:FlyTo>
			<gx:FlyTo>
				<gx:duration>0.53</gx:duration>
				<gx:flyToMode>smooth</gx:flyToMode>
				<Camera>
					<longitude>-122.2673502725</longitude>
					<latitude>37.8560442639</latitude>
					<altitude>13.5</altitude>
					<heading>229.36</heading>
					<tilt>72.0</tilt>
					<roll>0</roll>
					<altitudeMode>relativeToGround</altitudeMode>
				</Camera>
			</gx:FlyTo>
			<gx:FlyTo>
				<gx:duration>0.53</gx:duration>
				<gx:flyToMode>smooth</gx:flyToMode>
				<Camera>
					<longitude>-122.2674651382</longitude>
					<latitude>37.8561382740</latitude>
					<altitude>13.5</altitude>
					<heading>222.70</heading>
					<tilt>72.0</tilt>
					<roll>0</roll>
					<altitudeMode>relativeToGround</altitudeMode>
				</Camera>
			</gx:FlyTo>
			<gx:FlyTo>
				<gx:duration>0.53</gx:duration>
				<gx:flyToMode>smooth</gx:flyToMode>
				<Camera>
					<longitude>-122.2675930501</longitude>
					<latitude>37.8562211196</latitude>
					<altitude>13.5</altitude>
					<heading>216.03</heading>
					<tilt>72.0</tilt>
					<roll>0</roll>
					<altitudeMode>relativeToGround</altitudeMode>
				</Camera>
			</gx:FlyTo>
			<gx:FlyTo>
				<gx:duration>0.53</gx:duration>
				<gx:flyToMode>smooth</gx:flyToMode>
				<Camera>
					<longitude>-122.2677322781</longitude>
					<latitude>37.8562916802</latitude>
					<altitude>13.5</altitude>
					<heading>209.36</heading>
					<tilt>72.0</tilt>
					<roll>0</roll>
					<altitudeMode>relativeToGround</altitudeMode>
				</Camera>
			</gx:FlyTo>
			<gx:FlyTo>
				<gx:duration>0.53</gx:duration>
				<gx:flyToMode>smooth</gx:flyToMode>
				<Camera>
					<longitude>-122.2678809397</longitude>
					<latitude>37.8563490018</latitude>
					<altitude>13.5</altitude>
					<heading>202.70</heading>
					<tilt>72.0</tilt>
					<roll>0</roll>
					<altitudeMode>relativeToGround</altitudeMode>
				</Camera>
			</gx:FlyTo>
			<gx:FlyTo>
				<gx:duration>0.53</gx:duration>
				<gx:flyToMode>smooth</gx:flyToMode>
				<Camera>
					<longitude>-122.2680370242</longitude>
					<latitude>37.8563923090</latitude>
					<altitude>13.5</altitude>
					<heading>196.03</heading>
					<tilt>72.0</tilt>
					<roll>0</roll>
					<altitudeMode>relativeToGround</altitudeMode>
				</Camera>
			</gx:FlyTo>
			<gx:FlyTo>
				<gx:duration>0.53</gx:duration>
				<gx:flyToMode>smooth</gx:flyToMode>
				<Camera>
					<longitude>-122.2681984210</longitude>
					<latitude>37.8564210163</latitude>
					<altitude>13.5</altitude>
					<heading>189.36</heading>
					<tilt>72.0</tilt>
					<roll>0</roll>
					<altitudeMode>relativeToGround</altitudeMode>
				</Camera>
			</gx:FlyTo>
			<gx:FlyTo>
				<gx:duration>0.53</gx:duration>
				<gx:flyToMode>smooth</gx:flyToMode>
				<Camera>
					<longitude>-122.2683629475</longitude>
					<latitude>37.8564347354</latitude>
					<altitude>13.5</altitude>
					<heading>182.70</heading>
					<tilt>72.0</tilt>
					<roll>0</roll>
					<altitudeMode>relativeToGround</altitudeMode>
				</Camera>
			</gx:FlyTo>
			<gx:FlyTo>
				<gx:duration>0.53</gx:duration>
				<gx:flyToMode>smooth</gx:flyToMode>
				<Camera>
					<longitude>-122.2685283786</longitude>
					<latitude>37.8564332808</latitude>
					<altitude>13.5</altitude>
					<heading>176.03</heading>
					<tilt>72.0</tilt>
					<roll>0</roll>
					<altitudeMode>relativeToGround</altitudeMode>
				</Camera>
			</gx:FlyTo>
			<gx:FlyTo>
				<gx:duration>0.53</gx:duration>
				<gx:flyToMode>smooth</gx:flyToMode>
				<Camera>
					<longitude>-122.2686924773</longitude>
					<latitude>37.8564166721</latitude>
					<altitude>13.5</altitude>
					<heading>169.36</heading>
					<tilt>72.0</tilt>
					<roll>0</roll>
					<altitudeMode>relativeToGround</altitudeMode>
				</Camera>
			</gx:FlyTo>
			<gx:FlyTo>
				<gx:duration>0.53</gx:duration>
				<gx:flyToMode>smooth</gx:flyToMode>
				<Camera>
					<longitude>-122.2688530244</longitude>
					<latitude>37.8563851341</latitude>
					<altitude>13.5</altitude>
					<heading>162.70</heading>
					<tilt>72.0</tilt>
					<roll>0</roll>
					<altitudeMode>relativeToGround</altitudeMode>
				</Camera>
			</gx:FlyTo>
			<gx:FlyTo>
				<gx:duration>0.53</gx:duration>
				<gx:flyToMode>smooth</gx:flyToMode>
				<Camera>
					<longitude>-122.2690078488</longitude>
					<latitude>37.8563390931</latitude>
					<altitude>13.5</altitude>
					<heading>156.03</heading>
					<tilt>72.0</tilt>
					<roll>0</roll>
					<altitudeMode>relativeToGround</altitudeMode>
				</Camera>
			</gx:FlyTo>
			<gx:FlyTo>
				<gx:duration>0.53</gx:duration>
				<gx:flyToMode>smooth</gx:flyToMode>
				<Camera>
					<longitude>-122.2691548567</longitude>
					<latitude>37.8562791718</latitude>
					<altitude>13.5</altitude>
					<heading>149.36</heading>
					<tilt>72.0</tilt>
					<roll>0</roll>
					<altitudeMode>relativeToGround</altitudeMode>
				</Camera>
			</gx:FlyTo>
			<gx:FlyTo>
				<gx:duration>0.53</gx:duration>
				<gx:flyToMode>smooth</gx:flyToMode>
				<Camera>
					<longitude>-122.2692920600</longitude>
					<latitude>37.8562061806</latitude>
					<altitude>13.5</altitude>
					<heading>142.70</heading>
					<tilt>72.0</tilt>
					<roll>0</roll>
					<altitudeMode>relativeToGround</altitudeMode>
				</Camera>
			</gx:FlyTo>
			<gx:FlyTo>
				<gx:duration>0.53</gx:duration>
				<gx:flyToMode>smooth</gx:flyToMode>
				<Camera>
					<longitude>-122.2694176035</longitude>
					<latitude>37.8561211065</latitude>
					<altitude>13.5</altitude>
					<heading>136.03</heading>
					<tilt>72.0</tilt>
					<roll>0</roll>
					<altitudeMode>relativeToGround</altitudeMode>
				</Camera>
			</gx:FlyTo>
			<gx:FlyTo>
				<gx:duration>0.40</gx:duration>
				<gx:flyToMode>smooth</gx:flyToMode>
				<Camera>
					<longitude>-122.2695287965</longitude>
					<latitude>37.8560244570</latitude>
					<altitude>13.7</altitude>
					<heading>129.36</heading>
					<tilt>72.3</tilt>
					<roll>0</roll>
					<altitudeMode>relativeToGround</altitudeMode>
				</Camera>
			</gx:FlyTo>
			<gx:FlyTo>
				<gx:duration>0.40</gx:duration>
				<gx:flyToMode>smooth</gx:flyToMode>
				<Camera>
					<longitude>-122.2696230321</longitude>
					<latitude>37.8559173977</latitude>
					<altitude>14.4</altitude>
					<heading>122.70</heading>
					<tilt>73.2</tilt>
					<roll>0</roll>
					<altitudeMode>relativeToGround</altitudeMode>
				</Camera>
			</gx:FlyTo>
			<gx:FlyTo>
				<gx:duration>0.40</gx:duration>
				<gx:flyToMode>smooth</gx:flyToMode>
				<Camera>
					<longitude>-122.2696990579</longitude>
					<latitude>37.8558020804</latitude>
					<altitude>15.3</altitude>
					<heading>116.03</heading>
					<tilt>74.5</tilt>
					<roll>0</roll>
					<altitudeMode>relativeToGround</altitudeMode>
				</Camera>
			</gx:FlyTo>
			<gx:FlyTo>
				<gx:duration>0.40</gx:duration>
				<gx:flyToMode>smooth</gx:flyToMode>
				<Camera>
					<longitude>-122.2697560908</longitude>
					<latitude>37.8556806725</latitude>
					<altitude>16.5</altitude>
					<heading>109.36</heading>
					<tilt>76.1</tilt>
					<roll>0</roll>
					<altitudeMode>relativeToGround</altitudeMode>
				</Camera>
			</gx:FlyTo>
			<gx:FlyTo>
				<gx:duration>0.40</gx:duration>
				<gx:flyToMode>smooth</gx:flyToMode>
				<Camera>
					<longitude>-122.2697937869</longitude>
					<latitude>37.8555552937</latitude>
					<altitude>17.8</altitude>
					<heading>102.70</heading>
					<tilt>78.0</tilt>
					<roll>0</roll>
					<altitudeMode>relativeToGround</altitudeMode>
				</Camera>
			</gx:FlyTo>
			<gx:FlyTo>
				<gx:duration>0.40</gx:duration>
				<gx:flyToMode>smooth</gx:flyToMode>
				<Camera>
					<longitude>-122.2698121981</longitude>
					<latitude>37.8554279609</latitude>
					<altitude>19.2</altitude>
					<heading>96.03</heading>
					<tilt>80.0</tilt>
					<roll>0</roll>
					<altitudeMode>relativeToGround</altitudeMode>
				</Camera>
			</gx:FlyTo>
			<gx:FlyTo>
				<gx:duration>0.40</gx:duration>
				<gx:flyToMode>smooth</gx:flyToMode>
				<Camera>
					<longitude>-122.2698117184</longitude>
					<latitude>37.8553005426</latitude>
					<altitude>20.7</altitude>
					<heading>89.36</heading>
					<tilt>82.0</tilt>
					<roll>0</roll>
					<altitudeMode>relativeToGround</altitudeMode>
				</Camera>
			</gx:FlyTo>
			<gx:FlyTo>
				<gx:duration>0.40</gx:duration>
				<gx:flyToMode>smooth</gx:flyToMode>
				<Camera>
					<longitude>-122.2697930215</longitude>
					<latitude>37.8551747246</latitude>
					<altitude>22.0</altitude>
					<heading>82.70</heading>
					<tilt>83.9</tilt>
					<roll>0</roll>
					<altitudeMode>relativeToGround</altitudeMode>
				</Camera>
			</gx:FlyTo>
			<gx:FlyTo>
				<gx:duration>0.40</gx:duration>
				<gx:flyToMode>smooth</gx:flyToMode>
				<Camera>
					<longitude>-122.2697569949</longitude>
					<latitude>37.8550519868</latitude>
					<altitude>23.2</altitude>
					<heading>76.03</heading>
					<tilt>85.5</tilt>
					<roll>0</roll>
					<altitudeMode>relativeToGround</altitudeMode>
				</Camera>
			</gx:FlyTo>
			<gx:FlyTo>
				<gx:duration>0.40</gx:duration>
				<gx:flyToMode>smooth</gx:flyToMode>
				<Camera>
					<longitude>-122.2697046700</longitude>
					<latitude>37.8549335921</latitude>
					<altitude>24.1</altitude>
					<heading>69.36</heading>
					<tilt>86.8</tilt>
					<roll>0</roll>
					<altitudeMode>relativeToGround</altitudeMode>
				</Camera>
			</gx:FlyTo>
			<gx:FlyTo>
				<gx:duration>0.40</gx:duration>
				<gx:flyToMode>smooth</gx:flyToMode>
				<Camera>
					<longitude>-122.2696371548</longitude>
					<latitude>37.8548205876</latitude>
					<altitude>24.8</altitude>
					<heading>62.70</heading>
					<tilt>87.7</tilt>
					<roll>0</roll>
					<altitudeMode>relativeToGround</altitudeMode>
				</Camera>
			</gx:FlyTo>
			<gx:FlyTo>
				<gx:duration>0.40</gx:duration>
				<gx:flyToMode>smooth</gx:flyToMode>
				<Camera>
					<longitude>-122.2695555702</longitude>
					<latitude>37.8547138166</latitude>
					<altitude>25.0</altitude>
					<heading>56.03</heading>
					<tilt>88.0</tilt>
					<roll>0</roll>
					<altitudeMode>relativeToGround</altitudeMode>
				</Camera>
			</gx:FlyTo>
			<gx:FlyTo>
				<gx:duration>3.55</gx:duration>
				<gx:flyToMode>smooth</gx:flyToMode>
				<Camera>
					<longitude>-122.2695555702</longitude>
					<latitude>37.8547138166</latitude>
					<altitude>25.0</altitude>
					<heading>82.00</heading>
					<tilt>88.0</tilt>
					<roll>0</roll>
					<altitudeMode>relativeToGround</altitudeMode>
				</Camera>
			</gx:FlyTo>
			<gx:FlyTo>
				<gx:duration>3.55</gx:duration>
				<gx:flyToMode>smooth</gx:flyToMode>
				<Camera>
					<longitude>-122.2690755702</longitude>
					<latitude>37.8547670442</latitude>
					<altitude>25.0</altitude>
					<heading>82.00</heading>
					<tilt>88.0</tilt>
					<roll>0</roll>
					<altitudeMode>relativeToGround</altitudeMode>
				</Camera>
			</gx:FlyTo>
			<gx:FlyTo>
				<gx:duration>0.30</gx:duration>
				<gx:flyToMode>smooth</gx:flyToMode>
				<Camera>
					<longitude>-122.2685568444</longitude>
					<latitude>37.8548256919</latitude>
					<altitude>25.1</altitude>
					<heading>82.15</heading>
					<tilt>87.8</tilt>
					<roll>0</roll>
					<altitudeMode>relativeToGround</altitudeMode>
				</Camera>
			</gx:FlyTo>
			<gx:FlyTo>
				<gx:duration>0.30</gx:duration>
				<gx:flyToMode>smooth</gx:flyToMode>
				<Camera>
					<longitude>-122.2685283101</longitude>
					<latitude>37.8548361514</latitude>
					<altitude>25.4</altitude>
					<heading>82.77</heading>
					<tilt>87.3</tilt>
					<roll>0</roll>
					<altitudeMode>relativeToGround</altitudeMode>
				</Camera>
			</gx:FlyTo>
			<gx:FlyTo>
				<gx:duration>0.30</gx:duration>
				<gx:flyToMode>smooth</gx:flyToMode>
				<Camera>
					<longitude>-122.2685171659</longitude>
					<latitude>37.8548554968</latitude>
					<altitude>25.9</altitude>
					<heading>84.11</heading>
					<tilt>86.5</tilt>
					<roll>0</roll>
					<altitudeMode>relativeToGround</altitudeMode>
				</Camera>
			</gx:FlyTo>
			<gx:FlyTo>
				<gx:duration>0.30</gx:duration>
				<gx:flyToMode>smooth</gx:flyToMode>
				<Camera>
					<longitude>-122.2685260596</longitude>
					<latitude>37.8548862269</latitude>
					<altitude>26.5</altitude>
					<heading>86.35</heading>
					<tilt>85.5</tilt>
					<roll>0</roll>
					<altitudeMode>relativeToGround</altitudeMode>
				</Camera>
			</gx:FlyTo>
			<gx:FlyTo>
				<gx:duration>0.30</gx:duration>
				<gx:flyToMode>smooth</gx:flyToMode>
				<Camera>
					<longitude>-122.2685522114</longitude>
					<latitude>37.8549289420</latitude>
					<altitude>27.2</altitude>
					<heading>89.62</heading>
					<tilt>84.3</tilt>
					<roll>0</roll>
					<altitudeMode>relativeToGround</altitudeMode>
				</Camera>
			</gx:FlyTo>
			<gx:FlyTo>
				<gx:duration>0.30</gx:duration>
				<gx:flyToMode>smooth</gx:flyToMode>
				<Camera>
					<longitude>-122.2685872685</longitude>
					<latitude>37.8549814787</latitude>
					<altitude>28.0</altitude>
					<heading>93.97</heading>
					<tilt>82.9</tilt>
					<roll>0</roll>
					<altitudeMode>relativeToGround</altitudeMode>
				</Camera>
			</gx:FlyTo>
			<gx:FlyTo>
				<gx:duration>0.30</gx:duration>
				<gx:flyToMode>smooth</gx:flyToMode>
				<Camera>
					<longitude>-122.2686179437</longitude>
					<latitude>37.8550379967</latitude>
					<altitude>28.9</altitude>
					<heading>99.43</heading>
					<tilt>81.5</tilt>
					<roll>0</roll>
					<altitudeMode>relativeToGround</altitudeMode>
				</Camera>
			</gx:FlyTo>
			<gx:FlyTo>
				<gx:duration>0.30</gx:duration>
				<gx:flyToMode>smooth</gx:flyToMode>
				<Camera>
					<longitude>-122.2686273907</longitude>
					<latitude>37.8550882781</latitude>
					<altitude>29.8</altitude>
					<heading>105.92</heading>
					<tilt>80.0</tilt>
					<roll>0</roll>
					<altitudeMode>relativeToGround</altitudeMode>
				</Camera>
			</gx:FlyTo>
			<gx:FlyTo>
				<gx:duration>0.30</gx:duration>
				<gx:flyToMode>smooth</gx:flyToMode>
				<Camera>
					<longitude>-122.2686167825</longitude>
					<latitude>37.8551312087</latitude>
					<altitude>30.6</altitude>
					<heading>113.35</heading>
					<tilt>78.5</tilt>
					<roll>0</roll>
					<altitudeMode>relativeToGround</altitudeMode>
				</Camera>
			</gx:FlyTo>
			<gx:FlyTo>
				<gx:duration>0.30</gx:duration>
				<gx:flyToMode>smooth</gx:flyToMode>
				<Camera>
					<longitude>-122.2685990443</longitude>
					<latitude>37.8551740445</latitude>
					<altitude>31.5</altitude>
					<heading>121.54</heading>
					<tilt>77.1</tilt>
					<roll>0</roll>
					<altitudeMode>relativeToGround</altitudeMode>
				</Camera>
			</gx:FlyTo>
			<gx:FlyTo>
				<gx:duration>0.30</gx:duration>
				<gx:flyToMode>smooth</gx:flyToMode>
				<Camera>
					<longitude>-122.2685736762</longitude>
					<latitude>37.8552155028</latitude>
					<altitude>32.3</altitude>
					<heading>130.26</heading>
					<tilt>75.7</tilt>
					<roll>0</roll>
					<altitudeMode>relativeToGround</altitudeMode>
				</Camera>
			</gx:FlyTo>
			<gx:FlyTo>
				<gx:duration>0.30</gx:duration>
				<gx:flyToMode>smooth</gx:flyToMode>
				<Camera>
					<longitude>-122.2685405482</longitude>
					<latitude>37.8552541743</latitude>
					<altitude>33.0</altitude>
					<heading>139.24</heading>
					<tilt>74.5</tilt>
					<roll>0</roll>
					<altitudeMode>relativeToGround</altitudeMode>
				</Camera>
			</gx:FlyTo>
			<gx:FlyTo>
				<gx:duration>0.30</gx:duration>
				<gx:flyToMode>smooth</gx:flyToMode>
				<Camera>
					<longitude>-122.2684999324</longitude>
					<latitude>37.8552885799</latitude>
					<altitude>33.6</altitude>
					<heading>148.12</heading>
					<tilt>73.5</tilt>
					<roll>0</roll>
					<altitudeMode>relativeToGround</altitudeMode>
				</Camera>
			</gx:FlyTo>
			<gx:FlyTo>
				<gx:duration>0.30</gx:duration>
				<gx:flyToMode>smooth</gx:flyToMode>
				<Camera>
					<longitude>-122.2684525234</longitude>
					<latitude>37.8553172305</latitude>
					<altitude>34.1</altitude>
					<heading>156.49</heading>
					<tilt>72.7</tilt>
					<roll>0</roll>
					<altitudeMode>relativeToGround</altitudeMode>
				</Camera>
			</gx:FlyTo>
			<gx:FlyTo>
				<gx:duration>0.30</gx:duration>
				<gx:flyToMode>smooth</gx:flyToMode>
				<Camera>
					<longitude>-122.2683994459</longitude>
					<latitude>37.8553386906</latitude>
					<altitude>34.4</altitude>
					<heading>163.91</heading>
					<tilt>72.2</tilt>
					<roll>0</roll>
					<altitudeMode>relativeToGround</altitudeMode>
				</Camera>
			</gx:FlyTo>
			<gx:FlyTo>
				<gx:duration>0.30</gx:duration>
				<gx:flyToMode>smooth</gx:flyToMode>
				<Camera>
					<longitude>-122.2683422495</longitude>
					<latitude>37.8553516418</latitude>
					<altitude>34.5</altitude>
					<heading>169.84</heading>
					<tilt>72.0</tilt>
					<roll>0</roll>
					<altitudeMode>relativeToGround</altitudeMode>
				</Camera>
			</gx:FlyTo>
			<gx:FlyTo>
				<gx:duration>0.53</gx:duration>
				<gx:flyToMode>smooth</gx:flyToMode>
				<Camera>
					<longitude>-122.2682634295</longitude>
					<latitude>37.8553590956</latitude>
					<altitude>34.5</altitude>
					<heading>176.50</heading>
					<tilt>72.0</tilt>
					<roll>0</roll>
					<altitudeMode>relativeToGround</altitudeMode>
				</Camera>
			</gx:FlyTo>
			<gx:FlyTo>
				<gx:duration>0.53</gx:duration>
				<gx:flyToMode>smooth</gx:flyToMode>
				<Camera>
					<longitude>-122.2681840465</longitude>
					<latitude>37.8553592741</latitude>
					<altitude>34.5</altitude>
					<heading>183.17</heading>
					<tilt>72.0</tilt>
					<roll>0</roll>
					<altitudeMode>relativeToGround</altitudeMode>
				</Camera>
			</gx:FlyTo>
			<gx:FlyTo>
				<gx:duration>0.53</gx:duration>
				<gx:flyToMode>smooth</gx:flyToMode>
				<Camera>
					<longitude>-122.2681051739</longitude>
					<latitude>37.8553521748</latitude>
					<altitude>34.5</altitude>
					<heading>189.84</heading>
					<tilt>72.0</tilt>
					<roll>0</roll>
					<altitudeMode>relativeToGround</altitudeMode>
				</Camera>
			</gx:FlyTo>
			<gx:FlyTo>
				<gx:duration>0.53</gx:duration>
				<gx:flyToMode>smooth</gx:flyToMode>
				<Camera>
					<longitude>-122.2680278785</longitude>
					<latitude>37.8553378939</latitude>
					<altitude>34.5</altitude>
					<heading>196.50</heading>
					<tilt>72.0</tilt>
					<roll>0</roll>
					<altitudeMode>relativeToGround</altitudeMode>
				</Camera>
			</gx:FlyTo>
			<gx:FlyTo>
				<gx:duration>0.53</gx:duration>
				<gx:flyToMode>smooth</gx:flyToMode>
				<Camera>
					<longitude>-122.2679532056</longitude>
					<latitude>37.8553166244</latitude>
					<altitude>34.5</altitude>
					<heading>203.17</heading>
					<tilt>72.0</tilt>
					<roll>0</roll>
					<altitudeMode>relativeToGround</altitudeMode>
				</Camera>
			</gx:FlyTo>
			<gx:FlyTo>
				<gx:duration>0.53</gx:duration>
				<gx:flyToMode>smooth</gx:flyToMode>
				<Camera>
					<longitude>-122.2678821648</longitude>
					<latitude>37.8552886539</latitude>
					<altitude>34.5</altitude>
					<heading>209.84</heading>
					<tilt>72.0</tilt>
					<roll>0</roll>
					<altitudeMode>relativeToGround</altitudeMode>
				</Camera>
			</gx:FlyTo>
			<gx:FlyTo>
				<gx:duration>0.53</gx:duration>
				<gx:flyToMode>smooth</gx:flyToMode>
				<Camera>
					<longitude>-122.2678157170</longitude>
					<latitude>37.8552543607</latitude>
					<altitude>34.5</altitude>
					<heading>216.50</heading>
					<tilt>72.0</tilt>
					<roll>0</roll>
					<altitudeMode>relativeToGround</altitudeMode>
				</Camera>
			</gx:FlyTo>
			<gx:FlyTo>
				<gx:duration>0.53</gx:duration>
				<gx:flyToMode>smooth</gx:flyToMode>
				<Camera>
					<longitude>-122.2677547608</longitude>
					<latitude>37.8552142086</latitude>
					<altitude>34.5</altitude>
					<heading>223.17</heading>
					<tilt>72.0</tilt>
					<roll>0</roll>
					<altitudeMode>relativeToGround</altitudeMode>
				</Camera>
			</gx:FlyTo>
			<gx:FlyTo>
				<gx:duration>0.53</gx:duration>
				<gx:flyToMode>smooth</gx:flyToMode>
				<Camera>
					<longitude>-122.2677001204</longitude>
					<latitude>37.8551687405</latitude>
					<altitude>34.5</altitude>
					<heading>229.84</heading>
					<tilt>72.0</tilt>
					<roll>0</roll>
					<altitudeMode>relativeToGround</altitudeMode>
				</Camera>
			</gx:FlyTo>
			<gx:FlyTo>
				<gx:duration>0.53</gx:duration>
				<gx:flyToMode>smooth</gx:flyToMode>
				<Camera>
					<longitude>-122.2676525348</longitude>
					<latitude>37.8551185714</latitude>
					<altitude>34.5</altitude>
					<heading>236.50</heading>
					<tilt>72.0</tilt>
					<roll>0</roll>
					<altitudeMode>relativeToGround</altitudeMode>
				</Camera>
			</gx:FlyTo>
			<gx:FlyTo>
				<gx:duration>0.53</gx:duration>
				<gx:flyToMode>smooth</gx:flyToMode>
				<Camera>
					<longitude>-122.2676126475</longitude>
					<latitude>37.8550643796</latitude>
					<altitude>34.5</altitude>
					<heading>243.17</heading>
					<tilt>72.0</tilt>
					<roll>0</roll>
					<altitudeMode>relativeToGround</altitudeMode>
				</Camera>
			</gx:FlyTo>
			<gx:FlyTo>
				<gx:duration>0.53</gx:duration>
				<gx:flyToMode>smooth</gx:flyToMode>
				<Camera>
					<longitude>-122.2675809980</longitude>
					<latitude>37.8550068980</latitude>
					<altitude>34.5</altitude>
					<heading>249.84</heading>
					<tilt>72.0</tilt>
					<roll>0</roll>
					<altitudeMode>relativeToGround</altitudeMode>
				</Camera>
			</gx:FlyTo>
			<gx:FlyTo>
				<gx:duration>0.53</gx:duration>
				<gx:flyToMode>smooth</gx:flyToMode>
				<Camera>
					<longitude>-122.2675580141</longitude>
					<latitude>37.8549469040</latitude>
					<altitude>34.5</altitude>
					<heading>256.50</heading>
					<tilt>72.0</tilt>
					<roll>0</roll>
					<altitudeMode>relativeToGround</altitudeMode>
				</Camera>
			</gx:FlyTo>
			<gx:FlyTo>
				<gx:duration>0.53</gx:duration>
				<gx:flyToMode>smooth</gx:flyToMode>
				<Camera>
					<longitude>-122.2675440067</longitude>
					<latitude>37.8548852089</latitude>
					<altitude>34.5</altitude>
					<heading>263.17</heading>
					<tilt>72.0</tilt>
					<roll>0</roll>
					<altitudeMode>relativeToGround</altitudeMode>
				</Camera>
			</gx:FlyTo>
			<gx:FlyTo>
				<gx:duration>0.53</gx:duration>
				<gx:flyToMode>smooth</gx:flyToMode>
				<Camera>
					<longitude>-122.2675391654</longitude>
					<latitude>37.8548226470</latitude>
					<altitude>34.5</altitude>
					<heading>269.84</heading>
					<tilt>72.0</tilt>
					<roll>0</roll>
					<altitudeMode>relativeToGround</altitudeMode>
				</Camera>
			</gx:FlyTo>
			<gx:FlyTo>
				<gx:duration>0.53</gx:duration>
				<gx:flyToMode>smooth</gx:flyToMode>
				<Camera>
					<longitude>-122.2675435554</longitude>
					<latitude>37.8547600644</latitude>
					<altitude>34.5</altitude>
					<heading>276.50</heading>
					<tilt>72.0</tilt>
					<roll>0</roll>
					<altitudeMode>relativeToGround</altitudeMode>
				</Camera>
			</gx:FlyTo>
			<gx:FlyTo>
				<gx:duration>0.53</gx:duration>
				<gx:flyToMode>smooth</gx:flyToMode>
				<Camera>
					<longitude>-122.2675571175</longitude>
					<latitude>37.8546983073</latitude>
					<altitude>34.5</altitude>
					<heading>283.17</heading>
					<tilt>72.0</tilt>
					<roll>0</roll>
					<altitudeMode>relativeToGround</altitudeMode>
				</Camera>
			</gx:FlyTo>
			<gx:FlyTo>
				<gx:duration>0.53</gx:duration>
				<gx:flyToMode>smooth</gx:flyToMode>
				<Camera>
					<longitude>-122.2675796682</longitude>
					<latitude>37.8546382109</latitude>
					<altitude>34.5</altitude>
					<heading>289.84</heading>
					<tilt>72.0</tilt>
					<roll>0</roll>
					<altitudeMode>relativeToGround</altitudeMode>
				</Camera>
			</gx:FlyTo>
			<gx:FlyTo>
				<gx:duration>0.53</gx:duration>
				<gx:flyToMode>smooth</gx:flyToMode>
				<Camera>
					<longitude>-122.2676109027</longitude>
					<latitude>37.8545805880</latitude>
					<altitude>34.5</altitude>
					<heading>296.50</heading>
					<tilt>72.0</tilt>
					<roll>0</roll>
					<altitudeMode>relativeToGround</altitudeMode>
				</Camera>
			</gx:FlyTo>
			<gx:FlyTo>
				<gx:duration>0.53</gx:duration>
				<gx:flyToMode>smooth</gx:flyToMode>
				<Camera>
					<longitude>-122.2676503984</longitude>
					<latitude>37.8545262177</latitude>
					<altitude>34.5</altitude>
					<heading>303.17</heading>
					<tilt>72.0</tilt>
					<roll>0</roll>
					<altitudeMode>relativeToGround</altitudeMode>
				</Camera>
			</gx:FlyTo>
			<gx:FlyTo>
				<gx:duration>0.53</gx:duration>
				<gx:flyToMode>smooth</gx:flyToMode>
				<Camera>
					<longitude>-122.2676976214</longitude>
					<latitude>37.8544758354</latitude>
					<altitude>34.5</altitude>
					<heading>309.84</heading>
					<tilt>72.0</tilt>
					<roll>0</roll>
					<altitudeMode>relativeToGround</altitudeMode>
				</Camera>
			</gx:FlyTo>
			<gx:FlyTo>
				<gx:duration>0.53</gx:duration>
				<gx:flyToMode>smooth</gx:flyToMode>
				<Camera>
					<longitude>-122.2677519329</longitude>
					<latitude>37.8544301223</latitude>
					<altitude>34.5</altitude>
					<heading>316.50</heading>
					<tilt>72.0</tilt>
					<roll>0</roll>
					<altitudeMode>relativeToGround</altitudeMode>
				</Camera>
			</gx:FlyTo>
			<gx:FlyTo>
				<gx:duration>0.53</gx:duration>
				<gx:flyToMode>smooth</gx:flyToMode>
				<Camera>
					<longitude>-122.2678125985</longitude>
					<latitude>37.8543896967</latitude>
					<altitude>34.5</altitude>
					<heading>323.17</heading>
					<tilt>72.0</tilt>
					<roll>0</roll>
					<altitudeMode>relativeToGround</altitudeMode>
				</Camera>
			</gx:FlyTo>
			<gx:FlyTo>
				<gx:duration>0.53</gx:duration>
				<gx:flyToMode>smooth</gx:flyToMode>
				<Camera>
					<longitude>-122.2678787979</longitude>
					<latitude>37.8543551053</latitude>
					<altitude>34.5</altitude>
					<heading>329.84</heading>
					<tilt>72.0</tilt>
					<roll>0</roll>
					<altitudeMode>relativeToGround</altitudeMode>
				</Camera>
			</gx:FlyTo>
			<gx:FlyTo>
				<gx:duration>0.53</gx:duration>
				<gx:flyToMode>smooth</gx:flyToMode>
				<Camera>
					<longitude>-122.2679496357</longitude>
					<latitude>37.8543268158</latitude>
					<altitude>34.5</altitude>
					<heading>336.50</heading>
					<tilt>72.0</tilt>
					<roll>0</roll>
					<altitudeMode>relativeToGround</altitudeMode>
				</Camera>
			</gx:FlyTo>
			<gx:FlyTo>
				<gx:duration>0.53</gx:duration>
				<gx:flyToMode>smooth</gx:flyToMode>
				<Camera>
					<longitude>-122.2680241540</longitude>
					<latitude>37.8543052109</latitude>
					<altitude>34.5</altitude>
					<heading>343.17</heading>
					<tilt>72.0</tilt>
					<roll>0</roll>
					<altitudeMode>relativeToGround</altitudeMode>
				</Camera>
			</gx:FlyTo>
			<gx:FlyTo>
				<gx:duration>0.53</gx:duration>
				<gx:flyToMode>smooth</gx:flyToMode>
				<Camera>
					<longitude>-122.2681013451</longitude>
					<latitude>37.8542905826</latitude>
					<altitude>34.5</altitude>
					<heading>349.84</heading>
					<tilt>72.0</tilt>
					<roll>0</roll>
					<altitudeMode>relativeToGround</altitudeMode>
				</Camera>
			</gx:FlyTo>
			<gx:FlyTo>
				<gx:duration>0.53</gx:duration>
				<gx:flyToMode>smooth</gx:flyToMode>
				<Camera>
					<longitude>-122.2681801652</longitude>
					<latitude>37.8542831288</latitude>
					<altitude>34.5</altitude>
					<heading>356.50</heading>
					<tilt>72.0</tilt>
					<roll>0</roll>
					<altitudeMode>relativeToGround</altitudeMode>
				</Camera>
			</gx:FlyTo>
			<gx:FlyTo>
				<gx:duration>0.53</gx:duration>
				<gx:flyToMode>smooth</gx:flyToMode>
				<Camera>
					<longitude>-122.2682595482</longitude>
					<latitude>37.8542829503</latitude>
					<altitude>34.5</altitude>
					<heading>3.17</heading>
					<tilt>72.0</tilt>
					<roll>0</roll>
					<altitudeMode>relativeToGround</altitudeMode>
				</Camera>
			</gx:FlyTo>
			<gx:FlyTo>
				<gx:duration>0.53</gx:duration>
				<gx:flyToMode>smooth</gx:flyToMode>
				<Camera>
					<longitude>-122.2683384207</longitude>
					<latitude>37.8542900495</latitude>
					<altitude>34.5</altitude>
					<heading>9.84</heading>
					<tilt>72.0</tilt>
					<roll>0</roll>
					<altitudeMode>relativeToGround</altitudeMode>
				</Camera>
			</gx:FlyTo>
			<gx:FlyTo>
				<gx:duration>0.40</gx:duration>
				<gx:flyToMode>smooth</gx:flyToMode>
				<Camera>
					<longitude>-122.2684139898</longitude>
					<latitude>37.8543089311</latitude>
					<altitude>34.3</altitude>
					<heading>16.50</heading>
					<tilt>72.3</tilt>
					<roll>0</roll>
					<altitudeMode>relativeToGround</altitudeMode>
				</Camera>
			</gx:FlyTo>
			<gx:FlyTo>
				<gx:duration>0.40</gx:duration>
				<gx:flyToMode>smooth</gx:flyToMode>
				<Camera>
					<longitude>-122.2684813872</longitude>
					<latitude>37.8543422071</latitude>
					<altitude>33.8</altitude>
					<heading>23.17</heading>
					<tilt>73.2</tilt>
					<roll>0</roll>
					<altitudeMode>relativeToGround</altitudeMode>
				</Camera>
			</gx:FlyTo>
			<gx:FlyTo>
				<gx:duration>0.40</gx:duration>
				<gx:flyToMode>smooth</gx:flyToMode>
				<Camera>
					<longitude>-122.2685374192</longitude>
					<latitude>37.8543866237</latitude>
					<altitude>33.0</altitude>
					<heading>29.84</heading>
					<tilt>74.5</tilt>
					<roll>0</roll>
					<altitudeMode>relativeToGround</altitudeMode>
				</Camera>
			</gx:FlyTo>
			<gx:FlyTo>
				<gx:duration>0.40</gx:duration>
				<gx:flyToMode>smooth</gx:flyToMode>
				<Camera>
					<longitude>-122.2685802433</longitude>
					<latitude>37.8544386849</latitude>
					<altitude>32.0</altitude>
					<heading>36.50</heading>
					<tilt>76.1</tilt>
					<roll>0</roll>
					<altitudeMode>relativeToGround</altitudeMode>
				</Camera>
			</gx:FlyTo>
			<gx:FlyTo>
				<gx:duration>0.40</gx:duration>
				<gx:flyToMode>smooth</gx:flyToMode>
				<Camera>
					<longitude>-122.2686093472</longitude>
					<latitude>37.8544949183</latitude>
					<altitude>30.9</altitude>
					<heading>43.17</heading>
					<tilt>78.0</tilt>
					<roll>0</roll>
					<altitudeMode>relativeToGround</altitudeMode>
				</Camera>
			</gx:FlyTo>
			<gx:FlyTo>
				<gx:duration>0.40</gx:duration>
				<gx:flyToMode>smooth</gx:flyToMode>
				<Camera>
					<longitude>-122.2686254570</longitude>
					<latitude>37.8545521266</latitude>
					<altitude>29.8</altitude>
					<heading>49.84</heading>
					<tilt>80.0</tilt>
					<roll>0</roll>
					<altitudeMode>relativeToGround</altitudeMode>
				</Camera>
			</gx:FlyTo>
			<gx:FlyTo>
				<gx:duration>0.40</gx:duration>
				<gx:flyToMode>smooth</gx:flyToMode>
				<Camera>
					<longitude>-122.2686303800</longitude>
					<latitude>37.8546076137</latitude>
					<altitude>28.6</altitude>
					<heading>56.50</heading>
					<tilt>82.0</tilt>
					<roll>0</roll>
					<altitudeMode>relativeToGround</altitudeMode>
				</Camera>
			</gx:FlyTo>
			<gx:FlyTo>
				<gx:duration>0.40</gx:duration>
				<gx:flyToMode>smooth</gx:flyToMode>
				<Camera>
					<longitude>-122.2686267902</longitude>
					<latitude>37.8546593760</latitude>
					<altitude>27.5</altitude>
					<heading>63.17</heading>
					<tilt>83.9</tilt>
					<roll>0</roll>
					<altitudeMode>relativeToGround</altitudeMode>
				</Camera>
			</gx:FlyTo>
			<gx:FlyTo>
				<gx:duration>0.40</gx:duration>
				<gx:flyToMode>smooth</gx:flyToMode>
				<Camera>
					<longitude>-122.2686179667</longitude>
					<latitude>37.8547062515</latitude>
					<altitude>26.5</altitude>
					<heading>69.84</heading>
					<tilt>85.5</tilt>
					<roll>0</roll>
					<altitudeMode>relativeToGround</altitudeMode>
				</Camera>
			</gx:FlyTo>
			<gx:FlyTo>
				<gx:duration>0.40</gx:duration>
				<gx:flyToMode>smooth</gx:flyToMode>
				<Camera>
					<longitude>-122.2686074964</longitude>
					<latitude>37.8547480193</latitude>
					<altitude>25.7</altitude>
					<heading>76.50</heading>
					<tilt>86.8</tilt>
					<roll>0</roll>
					<altitudeMode>relativeToGround</altitudeMode>
				</Camera>
			</gx:FlyTo>
			<gx:FlyTo>
				<gx:duration>0.40</gx:duration>
				<gx:flyToMode>smooth</gx:flyToMode>
				<Camera>
					<longitude>-122.2685989533</longitude>
					<latitude>37.8547854456</latitude>
					<altitude>25.2</altitude>
					<heading>83.17</heading>
					<tilt>87.7</tilt>
					<roll>0</roll>
					<altitudeMode>relativeToGround</altitudeMode>
				</Camera>
			</gx:FlyTo>
			<gx:FlyTo>
				<gx:duration>0.40</gx:duration>
				<gx:flyToMode>smooth</gx:flyToMode>
				<Camera>
					<longitude>-122.2685955702</longitude>
					<latitude>37.8548202718</latitude>
					<altitude>25.0</altitude>
					<heading>89.84</heading>
					<tilt>88.0</tilt>
					<roll>0</roll>
					<altitudeMode>relativeToGround</altitudeMode>
				</Camera>
			</gx:FlyTo>
			<gx:FlyTo>
				<gx:duration>3.55</gx:duration>
				<gx:flyToMode>smooth</gx:flyToMode>
				<Camera>
					<longitude>-122.2685955702</longitude>
					<latitude>37.8548202718</latitude>
					<altitude>25.0</altitude>
					<heading>82.00</heading>
					<tilt>88.0</tilt>
					<roll>0</roll>
					<altitudeMode>relativeToGround</altitudeMode>
				</Camera>
			</gx:FlyTo>
			<gx:FlyTo>
				<gx:duration>3.55</gx:duration>
				<gx:flyToMode>smooth</gx:flyToMode>
				<Camera>
					<longitude>-122.2681155702</longitude>
					<latitude>37.8548734994</latitude>
					<altitude>25.0</altitude>
					<heading>82.00</heading>
					<tilt>88.0</tilt>
					<roll>0</roll>
					<altitudeMode>relativeToGround</altitudeMode>
				</Camera>
			</gx:FlyTo>
			<gx:FlyTo>
				<gx:duration>3.55</gx:duration>
				<gx:flyToMode>smooth</gx:flyToMode>
				<Camera>
					<longitude>-122.2676355702</longitude>
					<latitude>37.8549267270</latitude>
					<altitude>25.0</altitude>
					<heading>82.00</heading>
					<tilt>88.0</tilt>
					<roll>0</roll>
					<altitudeMode>relativeToGround</altitudeMode>
				</Camera>
			</gx:FlyTo>
			<gx:FlyTo>
				<gx:duration>0.30</gx:duration>
				<gx:flyToMode>smooth</gx:flyToMode>
				<Camera>
					<longitude>-122.2672029996</longitude>
					<latitude>37.8551710057</latitude>
					<altitude>25.2</altitude>
					<heading>55.23</heading>
					<tilt>87.8</tilt>
					<roll>0</roll>
					<altitudeMode>relativeToGround</altitudeMode>
				</Camera>
			</gx:FlyTo>
			<gx:FlyTo>
				<gx:duration>0.30</gx:duration>
				<gx:flyToMode>smooth</gx:flyToMode>
				<Camera>
					<longitude>-122.2671745760</longitude>
					<latitude>37.8551933237</latitude>
					<altitude>25.8</altitude>
					<heading>57.39</heading>
					<tilt>87.3</tilt>
					<roll>0</roll>
					<altitudeMode>relativeToGround</altitudeMode>
				</Camera>
			</gx:FlyTo>
			<gx:FlyTo>
				<gx:duration>0.30</gx:duration>
				<gx:flyToMode>smooth</gx:flyToMode>
				<Camera>
					<longitude>-122.2671525413</longitude>
					<latitude>37.8552207962</latitude>
					<altitude>26.8</altitude>
					<heading>61.13</heading>
					<tilt>86.5</tilt>
					<roll>0</roll>
					<altitudeMode>relativeToGround</altitudeMode>
				</Camera>
			</gx:FlyTo>
			<gx:FlyTo>
				<gx:duration>0.30</gx:duration>
				<gx:flyToMode>smooth</gx:flyToMode>
				<Camera>
					<longitude>-122.2671367229</longitude>
					<latitude>37.8552544849</latitude>
					<altitude>28.1</altitude>
					<heading>66.48</heading>
					<tilt>85.5</tilt>
					<roll>0</roll>
					<altitudeMode>relativeToGround</altitudeMode>
				</Camera>
			</gx:FlyTo>
			<gx:FlyTo>
				<gx:duration>0.30</gx:duration>
				<gx:flyToMode>smooth</gx:flyToMode>
				<Camera>
					<longitude>-122.2671245948</longitude>
					<latitude>37.8552940446</latitude>
					<altitude>29.6</altitude>
					<heading>73.42</heading>
					<tilt>84.3</tilt>
					<roll>0</roll>
					<altitudeMode>relativeToGround</altitudeMode>
				</Camera>
			</gx:FlyTo>
			<gx:FlyTo>
				<gx:duration>0.30</gx:duration>
				<gx:flyToMode>smooth</gx:flyToMode>
				<Camera>
					<longitude>-122.2671118137</longitude>
					<latitude>37.8553374041</latitude>
					<altitude>31.2</altitude>
					<heading>81.88</heading>
					<tilt>82.9</tilt>
					<roll>0</roll>
					<altitudeMode>relativeToGround</altitudeMode>
				</Camera>
			</gx:FlyTo>
			<gx:FlyTo>
				<gx:duration>0.30</gx:duration>
				<gx:flyToMode>smooth</gx:flyToMode>
				<Camera>
					<longitude>-122.2670931787</longitude>
					<latitude>37.8553806069</latitude>
					<altitude>33.0</altitude>
					<heading>91.72</heading>
					<tilt>81.5</tilt>
					<roll>0</roll>
					<altitudeMode>relativeToGround</altitudeMode>
				</Camera>
			</gx:FlyTo>
			<gx:FlyTo>
				<gx:duration>0.30</gx:duration>
				<gx:flyToMode>smooth</gx:flyToMode>
				<Camera>
					<longitude>-122.2670639006</longitude>
					<latitude>37.8554179499</latitude>
					<altitude>34.9</altitude>
					<heading>102.74</heading>
					<tilt>80.0</tilt>
					<roll>0</roll>
					<altitudeMode>relativeToGround</altitudeMode>
				</Camera>
			</gx:FlyTo>
			<gx:FlyTo>
				<gx:duration>0.30</gx:duration>
				<gx:flyToMode>smooth</gx:flyToMode>
				<Camera>
					<longitude>-122.2670256045</longitude>
					<latitude>37.8554490483</latitude>
					<altitude>36.7</altitude>
					<heading>114.70</heading>
					<tilt>78.5</tilt>
					<roll>0</roll>
					<altitudeMode>relativeToGround</altitudeMode>
				</Camera>
			</gx:FlyTo>
			<gx:FlyTo>
				<gx:duration>0.30</gx:duration>
				<gx:flyToMode>smooth</gx:flyToMode>
				<Camera>
					<longitude>-122.2669823643</longitude>
					<latitude>37.8554774267</latitude>
					<altitude>38.5</altitude>
					<heading>127.28</heading>
					<tilt>77.1</tilt>
					<roll>0</roll>
					<altitudeMode>relativeToGround</altitudeMode>
				</Camera>
			</gx:FlyTo>
			<gx:FlyTo>
				<gx:duration>0.30</gx:duration>
				<gx:flyToMode>smooth</gx:flyToMode>
				<Camera>
					<longitude>-122.2669344110</longitude>
					<latitude>37.8555021936</latitude>
					<altitude>40.1</altitude>
					<heading>140.11</heading>
					<tilt>75.7</tilt>
					<roll>0</roll>
					<altitudeMode>relativeToGround</altitudeMode>
				</Camera>
			</gx:FlyTo>
			<gx:FlyTo>
				<gx:duration>0.30</gx:duration>
				<gx:flyToMode>smooth</gx:flyToMode>
				<Camera>
					<longitude>-122.2668822338</longitude>
					<latitude>37.8555224606</latitude>
					<altitude>41.6</altitude>
					<heading>152.76</heading>
					<tilt>74.5</tilt>
					<roll>0</roll>
					<altitudeMode>relativeToGround</altitudeMode>
				</Camera>
			</gx:FlyTo>
			<gx:FlyTo>
				<gx:duration>0.30</gx:duration>
				<gx:flyToMode>smooth</gx:flyToMode>
				<Camera>
					<longitude>-122.2668265818</longitude>
					<latitude>37.8555373812</latitude>
					<altitude>42.9</altitude>
					<heading>164.74</heading>
					<tilt>73.5</tilt>
					<roll>0</roll>
					<altitudeMode>relativeToGround</altitudeMode>
				</Camera>
			</gx:FlyTo>
			<gx:FlyTo>
				<gx:duration>0.30</gx:duration>
				<gx:flyToMode>smooth</gx:flyToMode>
				<Camera>
					<longitude>-122.2667684573</longitude>
					<latitude>37.8555461903</latitude>
					<altitude>43.9</altitude>
					<heading>175.52</heading>
					<tilt>72.7</tilt>
					<roll>0</roll>
					<altitudeMode>relativeToGround</altitudeMode>
				</Camera>
			</gx:FlyTo>
			<gx:FlyTo>
				<gx:duration>0.30</gx:duration>
				<gx:flyToMode>smooth</gx:flyToMode>
				<Camera>
					<longitude>-122.2667091008</longitude>
					<latitude>37.8555482425</latitude>
					<altitude>44.5</altitude>
					<heading>184.47</heading>
					<tilt>72.2</tilt>
					<roll>0</roll>
					<altitudeMode>relativeToGround</altitudeMode>
				</Camera>
			</gx:FlyTo>
			<gx:FlyTo>
				<gx:duration>0.30</gx:duration>
				<gx:flyToMode>smooth</gx:flyToMode>
				<Camera>
					<longitude>-122.2666499683</longitude>
					<latitude>37.8555430493</latitude>
					<altitude>44.7</altitude>
					<heading>190.95</heading>
					<tilt>72.0</tilt>
					<roll>0</roll>
					<altitudeMode>relativeToGround</altitudeMode>
				</Camera>
			</gx:FlyTo>
			<gx:FlyTo>
				<gx:duration>0.53</gx:duration>
				<gx:flyToMode>smooth</gx:flyToMode>
				<Camera>
					<longitude>-122.2665730380</longitude>
					<latitude>37.8555275876</latitude>
					<altitude>44.7</altitude>
					<heading>197.61</heading>
					<tilt>72.0</tilt>
					<roll>0</roll>
					<altitudeMode>relativeToGround</altitudeMode>
				</Camera>
			</gx:FlyTo>
			<gx:FlyTo>
				<gx:duration>0.53</gx:duration>
				<gx:flyToMode>smooth</gx:flyToMode>
				<Camera>
					<longitude>-122.2664989012</longitude>
					<latitude>37.8555051787</latitude>
					<altitude>44.7</altitude>
					<heading>204.28</heading>
					<tilt>72.0</tilt>
					<roll>0</roll>
					<altitudeMode>relativeToGround</altitudeMode>
				</Camera>
			</gx:FlyTo>
			<gx:FlyTo>
				<gx:duration>0.53</gx:duration>
				<gx:flyToMode>smooth</gx:flyToMode>
				<Camera>
					<longitude>-122.2664285606</longitude>
					<latitude>37.8554761258</latitude>
					<altitude>44.7</altitude>
					<heading>210.95</heading>
					<tilt>72.0</tilt>
					<roll>0</roll>
					<altitudeMode>relativeToGround</altitudeMode>
				</Camera>
			</gx:FlyTo>
			<gx:FlyTo>
				<gx:duration>0.53</gx:duration>
				<gx:flyToMode>smooth</gx:flyToMode>
				<Camera>
					<longitude>-122.2663629674</longitude>
					<latitude>37.8554408217</latitude>
					<altitude>44.7</altitude>
					<heading>217.61</heading>
					<tilt>72.0</tilt>
					<roll>0</roll>
					<altitudeMode>relativeToGround</altitudeMode>
				</Camera>
			</gx:FlyTo>
			<gx:FlyTo>
				<gx:duration>0.53</gx:duration>
				<gx:flyToMode>smooth</gx:flyToMode>
				<Camera>
					<longitude>-122.2663030086</longitude>
					<latitude>37.8553997438</latitude>
					<altitude>44.7</altitude>
					<heading>224.28</heading>
					<tilt>72.0</tilt>
					<roll>0</roll>
					<altitudeMode>relativeToGround</altitudeMode>
				</Camera>
			</gx:FlyTo>
			<gx:FlyTo>
				<gx:duration>0.53</gx:duration>
				<gx:flyToMode>smooth</gx:flyToMode>
				<Camera>
					<longitude>-122.2662494950</longitude>
					<latitude>37.8553534477</latitude>
					<altitude>44.7</altitude>
					<heading>230.95</heading>
					<tilt>72.0</tilt>
					<roll>0</roll>
					<altitudeMode>relativeToGround</altitudeMode>
				</Camera>
			</gx:FlyTo>
			<gx:FlyTo>
				<gx:duration>0.53</gx:duration>
				<gx:flyToMode>smooth</gx:flyToMode>
				<Camera>
					<longitude>-122.2662031504</longitude>
					<latitude>37.8553025594</latitude>
					<altitude>44.7</altitude>
					<heading>237.61</heading>
					<tilt>72.0</tilt>
					<roll>0</roll>
					<altitudeMode>relativeToGround</altitudeMode>
				</Camera>
			</gx:FlyTo>
			<gx:FlyTo>
				<gx:duration>0.53</gx:duration>
				<gx:flyToMode>smooth</gx:flyToMode>
				<Camera>
					<longitude>-122.2661646014</longitude>
					<latitude>37.8552477671</latitude>
					<altitude>44.7</altitude>
					<heading>244.28</heading>
					<tilt>72.0</tilt>
					<roll>0</roll>
					<altitudeMode>relativeToGround</altitudeMode>
				</Camera>
			</gx:FlyTo>
			<gx:FlyTo>
				<gx:duration>0.53</gx:duration>
				<gx:flyToMode>smooth</gx:flyToMode>
				<Camera>
					<longitude>-122.2661343694</longitude>
					<latitude>37.8551898118</latitude>
					<altitude>44.7</altitude>
					<heading>250.95</heading>
					<tilt>72.0</tilt>
					<roll>0</roll>
					<altitudeMode>relativeToGround</altitudeMode>
				</Camera>
			</gx:FlyTo>
			<gx:FlyTo>
				<gx:duration>0.53</gx:duration>
				<gx:flyToMode>smooth</gx:flyToMode>
				<Camera>
					<longitude>-122.2661128632</longitude>
					<latitude>37.8551294772</latitude>
					<altitude>44.7</altitude>
					<heading>257.61</heading>
					<tilt>72.0</tilt>
					<roll>0</roll>
					<altitudeMode>relativeToGround</altitudeMode>
				</Camera>
			</gx:FlyTo>
			<gx:FlyTo>
				<gx:duration>0.53</gx:duration>
				<gx:flyToMode>smooth</gx:flyToMode>
				<Camera>
					<longitude>-122.2661003737</longitude>
					<latitude>37.8550675792</latitude>
					<altitude>44.7</altitude>
					<heading>264.28</heading>
					<tilt>72.0</tilt>
					<roll>0</roll>
					<altitudeMode>relativeToGround</altitudeMode>
				</Camera>
			</gx:FlyTo>
			<gx:FlyTo>
				<gx:duration>0.53</gx:duration>
				<gx:flyToMode>smooth</gx:flyToMode>
				<Camera>
					<longitude>-122.2660970697</longitude>
					<latitude>37.8550049550</latitude>
					<altitude>44.7</altitude>
					<heading>270.95</heading>
					<tilt>72.0</tilt>
					<roll>0</roll>
					<altitudeMode>relativeToGround</altitudeMode>
				</Camera>
			</gx:FlyTo>
			<gx:FlyTo>
				<gx:duration>0.53</gx:duration>
				<gx:flyToMode>smooth</gx:flyToMode>
				<Camera>
					<longitude>-122.2661029960</longitude>
					<latitude>37.8549424513</latitude>
					<altitude>44.7</altitude>
					<heading>277.61</heading>
					<tilt>72.0</tilt>
					<roll>0</roll>
					<altitudeMode>relativeToGround</altitudeMode>
				</Camera>
			</gx:FlyTo>
			<gx:FlyTo>
				<gx:duration>0.53</gx:duration>
				<gx:flyToMode>smooth</gx:flyToMode>
				<Camera>
					<longitude>-122.2661180723</longitude>
					<latitude>37.8548809134</latitude>
					<altitude>44.7</altitude>
					<heading>284.28</heading>
					<tilt>72.0</tilt>
					<roll>0</roll>
					<altitudeMode>relativeToGround</altitudeMode>
				</Camera>
			</gx:FlyTo>
			<gx:FlyTo>
				<gx:duration>0.53</gx:duration>
				<gx:flyToMode>smooth</gx:flyToMode>
				<Camera>
					<longitude>-122.2661420948</longitude>
					<latitude>37.8548211736</latitude>
					<altitude>44.7</altitude>
					<heading>290.95</heading>
					<tilt>72.0</tilt>
					<roll>0</roll>
					<altitudeMode>relativeToGround</altitudeMode>
				</Camera>
			</gx:FlyTo>
			<gx:FlyTo>
				<gx:duration>0.53</gx:duration>
				<gx:flyToMode>smooth</gx:flyToMode>
				<Camera>
					<longitude>-122.2661747386</longitude>
					<latitude>37.8547640398</latitude>
					<altitude>44.7</altitude>
					<heading>297.61</heading>
					<tilt>72.0</tilt>
					<roll>0</roll>
					<altitudeMode>relativeToGround</altitudeMode>
				</Camera>
			</gx:FlyTo>
			<gx:FlyTo>
				<gx:duration>0.53</gx:duration>
				<gx:flyToMode>smooth</gx:flyToMode>
				<Camera>
					<longitude>-122.2662155624</longitude>
					<latitude>37.8547102844</latitude>
					<altitude>44.7</altitude>
					<heading>304.28</heading>
					<tilt>72.0</tilt>
					<roll>0</roll>
					<altitudeMode>relativeToGround</altitudeMode>
				</Camera>
			</gx:FlyTo>
			<gx:FlyTo>
				<gx:duration>0.53</gx:duration>
				<gx:flyToMode>smooth</gx:flyToMode>
				<Camera>
					<longitude>-122.2662640139</longitude>
					<latitude>37.8546606346</latitude>
					<altitude>44.7</altitude>
					<heading>310.95</heading>
					<tilt>72.0</tilt>
					<roll>0</roll>
					<altitudeMode>relativeToGround</altitudeMode>
				</Camera>
			</gx:FlyTo>
			<gx:FlyTo>
				<gx:duration>0.53</gx:duration>
				<gx:flyToMode>smooth</gx:flyToMode>
				<Camera>
					<longitude>-122.2663194381</longitude>
					<latitude>37.8546157617</latitude>
					<altitude>44.7</altitude>
					<heading>317.61</heading>
					<tilt>72.0</tilt>
					<roll>0</roll>
					<altitudeMode>relativeToGround</altitudeMode>
				</Camera>
			</gx:FlyTo>
			<gx:FlyTo>
				<gx:duration>0.53</gx:duration>
				<gx:flyToMode>smooth</gx:flyToMode>
				<Camera>
					<longitude>-122.2663810853</longitude>
					<latitude>37.8545762726</latitude>
					<altitude>44.7</altitude>
					<heading>324.28</heading>
					<tilt>72.0</tilt>
					<roll>0</roll>
					<altitudeMode>relativeToGround</altitudeMode>
				</Camera>
			</gx:FlyTo>
			<gx:FlyTo>
				<gx:duration>0.53</gx:duration>
				<gx:flyToMode>smooth</gx:flyToMode>
				<Camera>
					<longitude>-122.2664481219</longitude>
					<latitude>37.8545427012</latitude>
					<altitude>44.7</altitude>
					<heading>330.95</heading>
					<tilt>72.0</tilt>
					<roll>0</roll>
					<altitudeMode>relativeToGround</altitudeMode>
				</Camera>
			</gx:FlyTo>
			<gx:FlyTo>
				<gx:duration>0.53</gx:duration>
				<gx:flyToMode>smooth</gx:flyToMode>
				<Camera>
					<longitude>-122.2665196414</longitude>
					<latitude>37.8545155017</latitude>
					<altitude>44.7</altitude>
					<heading>337.61</heading>
					<tilt>72.0</tilt>
					<roll>0</roll>
					<altitudeMode>relativeToGround</altitudeMode>
				</Camera>
			</gx:FlyTo>
			<gx:FlyTo>
				<gx:duration>0.53</gx:duration>
				<gx:flyToMode>smooth</gx:flyToMode>
				<Camera>
					<longitude>-122.2665946765</longitude>
					<latitude>37.8544950417</latitude>
					<altitude>44.7</altitude>
					<heading>344.28</heading>
					<tilt>72.0</tilt>
					<roll>0</roll>
					<altitudeMode>relativeToGround</altitudeMode>
				</Camera>
			</gx:FlyTo>
			<gx:FlyTo>
				<gx:duration>0.53</gx:duration>
				<gx:flyToMode>smooth</gx:flyToMode>
				<Camera>
					<longitude>-122.2666722126</longitude>
					<latitude>37.8544815980</latitude>
					<altitude>44.7</altitude>
					<heading>350.95</heading>
					<tilt>72.0</tilt>
					<roll>0</roll>
					<altitudeMode>relativeToGround</altitudeMode>
				</Camera>
			</gx:FlyTo>
			<gx:FlyTo>
				<gx:duration>0.53</gx:duration>
				<gx:flyToMode>smooth</gx:flyToMode>
				<Camera>
					<longitude>-122.2667512011</longitude>
					<latitude>37.8544753524</latitude>
					<altitude>44.7</altitude>
					<heading>357.61</heading>
					<tilt>72.0</tilt>
					<roll>0</roll>
					<altitudeMode>relativeToGround</altitudeMode>
				</Camera>
			</gx:FlyTo>
			<gx:FlyTo>
				<gx:duration>0.53</gx:duration>
				<gx:flyToMode>smooth</gx:flyToMode>
				<Camera>
					<longitude>-122.2668305738</longitude>
					<latitude>37.8544763894</latitude>
					<altitude>44.7</altitude>
					<heading>4.28</heading>
					<tilt>72.0</tilt>
					<roll>0</roll>
					<altitudeMode>relativeToGround</altitudeMode>
				</Camera>
			</gx:FlyTo>
			<gx:FlyTo>
				<gx:duration>0.53</gx:duration>
				<gx:flyToMode>smooth</gx:flyToMode>
				<Camera>
					<longitude>-122.2669092574</longitude>
					<latitude>37.8544846949</latitude>
					<altitude>44.7</altitude>
					<heading>10.95</heading>
					<tilt>72.0</tilt>
					<roll>0</roll>
					<altitudeMode>relativeToGround</altitudeMode>
				</Camera>
			</gx:FlyTo>
			<gx:FlyTo>
				<gx:duration>0.53</gx:duration>
				<gx:flyToMode>smooth</gx:flyToMode>
				<Camera>
					<longitude>-122.2669861877</longitude>
					<latitude>37.8545001566</latitude>
					<altitude>44.7</altitude>
					<heading>17.61</heading>
					<tilt>72.0</tilt>
					<roll>0</roll>
					<altitudeMode>relativeToGround</altitudeMode>
				</Camera>
			</gx:FlyTo>
			<gx:FlyTo>
				<gx:duration>0.53</gx:duration>
				<gx:flyToMode>smooth</gx:flyToMode>
				<Camera>
					<longitude>-122.2670603244</longitude>
					<latitude>37.8545225655</latitude>
					<altitude>44.7</altitude>
					<heading>24.28</heading>
					<tilt>72.0</tilt>
					<roll>0</roll>
					<altitudeMode>relativeToGround</altitudeMode>
				</Camera>
			</gx:FlyTo>
			<gx:FlyTo>
				<gx:duration>0.53</gx:duration>
				<gx:flyToMode>smooth</gx:flyToMode>
				<Camera>
					<longitude>-122.2671306651</longitude>
					<latitude>37.8545516184</latitude>
					<altitude>44.7</altitude>
					<heading>30.95</heading>
					<tilt>72.0</tilt>
					<roll>0</roll>
					<altitudeMode>relativeToGround</altitudeMode>
				</Camera>
			</gx:FlyTo>
			<gx:FlyTo>
				<gx:duration>0.40</gx:duration>
				<gx:flyToMode>smooth</gx:flyToMode>
				<Camera>
					<longitude>-122.2671939236</longitude>
					<latitude>37.8545893149</latitude>
					<altitude>44.3</altitude>
					<heading>37.61</heading>
					<tilt>72.3</tilt>
					<roll>0</roll>
					<altitudeMode>relativeToGround</altitudeMode>
				</Camera>
			</gx:FlyTo>
			<gx:FlyTo>
				<gx:duration>0.40</gx:duration>
				<gx:flyToMode>smooth</gx:flyToMode>
				<Camera>
					<longitude>-122.2672461628</longitude>
					<latitude>37.8546361406</latitude>
					<altitude>43.2</altitude>
					<heading>44.28</heading>
					<tilt>73.2</tilt>
					<roll>0</roll>
					<altitudeMode>relativeToGround</altitudeMode>
				</Camera>
			</gx:FlyTo>
			<gx:FlyTo>
				<gx:duration>0.40</gx:duration>
				<gx:flyToMode>smooth</gx:flyToMode>
				<Camera>
					<longitude>-122.2672861410</longitude>
					<latitude>37.8546894072</latitude>
					<altitude>41.6</altitude>
					<heading>50.95</heading>
					<tilt>74.5</tilt>
					<roll>0</roll>
					<altitudeMode>relativeToGround</altitudeMode>
				</Camera>
			</gx:FlyTo>
			<gx:FlyTo>
				<gx:duration>0.40</gx:duration>
				<gx:flyToMode>smooth</gx:flyToMode>
				<Camera>
					<longitude>-122.2673135121</longitude>
					<latitude>37.8547465001</latitude>
					<altitude>39.6</altitude>
					<heading>57.61</heading>
					<tilt>76.1</tilt>
					<roll>0</roll>
					<altitudeMode>relativeToGround</altitudeMode>
				</Camera>
			</gx:FlyTo>
			<gx:FlyTo>
				<gx:duration>0.40</gx:duration>
				<gx:flyToMode>smooth</gx:flyToMode>
				<Camera>
					<longitude>-122.2673287399</longitude>
					<latitude>37.8548050336</latitude>
					<altitude>37.3</altitude>
					<heading>64.28</heading>
					<tilt>78.0</tilt>
					<roll>0</roll>
					<altitudeMode>relativeToGround</altitudeMode>
				</Camera>
			</gx:FlyTo>
			<gx:FlyTo>
				<gx:duration>0.40</gx:duration>
				<gx:flyToMode>smooth</gx:flyToMode>
				<Camera>
					<longitude>-122.2673329758</longitude>
					<latitude>37.8548629856</latitude>
					<altitude>34.9</altitude>
					<heading>70.95</heading>
					<tilt>80.0</tilt>
					<roll>0</roll>
					<altitudeMode>relativeToGround</altitudeMode>
				</Camera>
			</gx:FlyTo>
			<gx:FlyTo>
				<gx:duration>0.40</gx:duration>
				<gx:flyToMode>smooth</gx:flyToMode>
				<Camera>
					<longitude>-122.2673279037</longitude>
					<latitude>37.8549188061</latitude>
					<altitude>32.4</altitude>
					<heading>77.61</heading>
					<tilt>82.0</tilt>
					<roll>0</roll>
					<altitudeMode>relativeToGround</altitudeMode>
				</Camera>
			</gx:FlyTo>
			<gx:FlyTo>
				<gx:duration>0.40</gx:duration>
				<gx:flyToMode>smooth</gx:flyToMode>
				<Camera>
					<longitude>-122.2673155612</longitude>
					<latitude>37.8549714949</latitude>
					<altitude>30.1</altitude>
					<heading>84.28</heading>
					<tilt>83.9</tilt>
					<roll>0</roll>
					<altitudeMode>relativeToGround</altitudeMode>
				</Camera>
			</gx:FlyTo>
			<gx:FlyTo>
				<gx:duration>0.40</gx:duration>
				<gx:flyToMode>smooth</gx:flyToMode>
				<Camera>
					<longitude>-122.2672981449</longitude>
					<latitude>37.8550206465</latitude>
					<altitude>28.1</altitude>
					<heading>90.95</heading>
					<tilt>85.5</tilt>
					<roll>0</roll>
					<altitudeMode>relativeToGround</altitudeMode>
				</Camera>
			</gx:FlyTo>
			<gx:FlyTo>
				<gx:duration>0.40</gx:duration>
				<gx:flyToMode>smooth</gx:flyToMode>
				<Camera>
					<longitude>-122.2672778077</longitude>
					<latitude>37.8550664595</latitude>
					<altitude>26.5</altitude>
					<heading>97.61</heading>
					<tilt>86.8</tilt>
					<roll>0</roll>
					<altitudeMode>relativeToGround</altitudeMode>
				</Camera>
			</gx:FlyTo>
			<gx:FlyTo>
				<gx:duration>0.40</gx:duration>
				<gx:flyToMode>smooth</gx:flyToMode>
				<Camera>
					<longitude>-122.2672564582</longitude>
					<latitude>37.8551097101</latitude>
					<altitude>25.4</altitude>
					<heading>104.28</heading>
					<tilt>87.7</tilt>
					<roll>0</roll>
					<altitudeMode>relativeToGround</altitudeMode>
				</Camera>
			</gx:FlyTo>
			<gx:FlyTo>
				<gx:duration>0.40</gx:duration>
				<gx:flyToMode>smooth</gx:flyToMode>
				<Camera>
					<longitude>-122.2672355702</longitude>
					<latitude>37.8551516914</latitude>
					<altitude>25.0</altitude>
					<heading>110.95</heading>
					<tilt>88.0</tilt>
					<roll>0</roll>
					<altitudeMode>relativeToGround</altitudeMode>
				</Camera>
			</gx:FlyTo>
			<gx:FlyTo>
				<gx:duration>3.59</gx:duration>
				<gx:flyToMode>smooth</gx:flyToMode>
				<Camera>
					<longitude>-122.2672355702</longitude>
					<latitude>37.8551516914</latitude>
					<altitude>25.0</altitude>
					<heading>54.54</heading>
					<tilt>88.0</tilt>
					<roll>0</roll>
					<altitudeMode>relativeToGround</altitudeMode>
				</Camera>
			</gx:FlyTo>
			<gx:FlyTo>
				<gx:duration>0.30</gx:duration>
				<gx:flyToMode>smooth</gx:flyToMode>
				<Camera>
					<longitude>-122.2668016437</longitude>
					<latitude>37.8553926895</latitude>
					<altitude>25.1</altitude>
					<heading>54.46</heading>
					<tilt>87.8</tilt>
					<roll>0</roll>
					<altitudeMode>relativeToGround</altitudeMode>
				</Camera>
			</gx:FlyTo>
			<gx:FlyTo>
				<gx:duration>0.30</gx:duration>
				<gx:flyToMode>smooth</gx:flyToMode>
				<Camera>
					<longitude>-122.2667639894</longitude>
					<latitude>37.8553948603</latitude>
					<altitude>25.5</altitude>
					<heading>54.05</heading>
					<tilt>87.3</tilt>
					<roll>0</roll>
					<altitudeMode>relativeToGround</altitudeMode>
				</Camera>
			</gx:FlyTo>
			<gx:FlyTo>
				<gx:duration>0.30</gx:duration>
				<gx:flyToMode>smooth</gx:flyToMode>
				<Camera>
					<longitude>-122.2667185937</longitude>
					<latitude>37.8553759525</latitude>
					<altitude>26.0</altitude>
					<heading>53.02</heading>
					<tilt>86.5</tilt>
					<roll>0</roll>
					<altitudeMode>relativeToGround</altitudeMode>
				</Camera>
			</gx:FlyTo>
			<gx:FlyTo>
				<gx:duration>0.30</gx:duration>
				<gx:flyToMode>smooth</gx:flyToMode>
				<Camera>
					<longitude>-122.2666623100</longitude>
					<latitude>37.8553353937</latitude>
					<altitude>26.7</altitude>
					<heading>51.19</heading>
					<tilt>85.5</tilt>
					<roll>0</roll>
					<altitudeMode>relativeToGround</altitudeMode>
				</Camera>
			</gx:FlyTo>
			<gx:FlyTo>
				<gx:duration>0.30</gx:duration>
				<gx:flyToMode>smooth</gx:flyToMode>
				<Camera>
					<longitude>-122.2665940007</longitude>
					<latitude>37.8552784409</latitude>
					<altitude>27.5</altitude>
					<heading>48.41</heading>
					<tilt>84.3</tilt>
					<roll>0</roll>
					<altitudeMode>relativeToGround</altitudeMode>
				</Camera>
			</gx:FlyTo>
			<gx:FlyTo>
				<gx:duration>0.30</gx:duration>
				<gx:flyToMode>smooth</gx:flyToMode>
				<Camera>
					<longitude>-122.2665154840</longitude>
					<latitude>37.8552152260</latitude>
					<altitude>28.4</altitude>
					<heading>44.59</heading>
					<tilt>82.9</tilt>
					<roll>0</roll>
					<altitudeMode>relativeToGround</altitudeMode>
				</Camera>
			</gx:FlyTo>
			<gx:FlyTo>
				<gx:duration>0.30</gx:duration>
				<gx:flyToMode>smooth</gx:flyToMode>
				<Camera>
					<longitude>-122.2664322601</longitude>
					<latitude>37.8551596870</latitude>
					<altitude>29.4</altitude>
					<heading>39.72</heading>
					<tilt>81.5</tilt>
					<roll>0</roll>
					<altitudeMode>relativeToGround</altitudeMode>
				</Camera>
			</gx:FlyTo>
			<gx:FlyTo>
				<gx:duration>0.30</gx:duration>
				<gx:flyToMode>smooth</gx:flyToMode>
				<Camera>
					<longitude>-122.2663539975</longitude>
					<latitude>37.8551284108</latitude>
					<altitude>30.4</altitude>
					<heading>33.82</heading>
					<tilt>80.0</tilt>
					<roll>0</roll>
					<altitudeMode>relativeToGround</altitudeMode>
				</Camera>
			</gx:FlyTo>
			<gx:FlyTo>
				<gx:duration>0.30</gx:duration>
				<gx:flyToMode>smooth</gx:flyToMode>
				<Camera>
					<longitude>-122.2662818937</longitude>
					<latitude>37.8551176924</latitude>
					<altitude>31.5</altitude>
					<heading>26.99</heading>
					<tilt>78.5</tilt>
					<roll>0</roll>
					<altitudeMode>relativeToGround</altitudeMode>
				</Camera>
			</gx:FlyTo>
			<gx:FlyTo>
				<gx:duration>0.30</gx:duration>
				<gx:flyToMode>smooth</gx:flyToMode>
				<Camera>
					<longitude>-122.2662088738</longitude>
					<latitude>37.8551119779</latitude>
					<altitude>32.5</altitude>
					<heading>19.37</heading>
					<tilt>77.1</tilt>
					<roll>0</roll>
					<altitudeMode>relativeToGround</altitudeMode>
				</Camera>
			</gx:FlyTo>
			<gx:FlyTo>
				<gx:duration>0.30</gx:duration>
				<gx:flyToMode>smooth</gx:flyToMode>
				<Camera>
					<longitude>-122.2661354943</longitude>
					<latitude>37.8551113141</latitude>
					<altitude>33.4</altitude>
					<heading>11.19</heading>
					<tilt>75.7</tilt>
					<roll>0</roll>
					<altitudeMode>relativeToGround</altitudeMode>
				</Camera>
			</gx:FlyTo>
			<gx:FlyTo>
				<gx:duration>0.30</gx:duration>
				<gx:flyToMode>smooth</gx:flyToMode>
				<Camera>
					<longitude>-122.2660623152</longitude>
					<latitude>37.8551157087</latitude>
					<altitude>34.2</altitude>
					<heading>2.70</heading>
					<tilt>74.5</tilt>
					<roll>0</roll>
					<altitudeMode>relativeToGround</altitudeMode>
				</Camera>
			</gx:FlyTo>
			<gx:FlyTo>
				<gx:duration>0.30</gx:duration>
				<gx:flyToMode>smooth</gx:flyToMode>
				<Camera>
					<longitude>-122.2659898961</longitude>
					<latitude>37.8551251311</latitude>
					<altitude>34.9</altitude>
					<heading>354.23</heading>
					<tilt>73.5</tilt>
					<roll>0</roll>
					<altitudeMode>relativeToGround</altitudeMode>
				</Camera>
			</gx:FlyTo>
			<gx:FlyTo>
				<gx:duration>0.30</gx:duration>
				<gx:flyToMode>smooth</gx:flyToMode>
				<Camera>
					<longitude>-122.2659187917</longitude>
					<latitude>37.8551395117</latitude>
					<altitude>35.4</altitude>
					<heading>346.17</heading>
					<tilt>72.7</tilt>
					<roll>0</roll>
					<altitudeMode>relativeToGround</altitudeMode>
				</Camera>
			</gx:FlyTo>
			<gx:FlyTo>
				<gx:duration>0.30</gx:duration>
				<gx:flyToMode>smooth</gx:flyToMode>
				<Camera>
					<longitude>-122.2658495475</longitude>
					<latitude>37.8551587429</latitude>
					<altitude>35.8</altitude>
					<heading>338.96</heading>
					<tilt>72.2</tilt>
					<roll>0</roll>
					<altitudeMode>relativeToGround</altitudeMode>
				</Camera>
			</gx:FlyTo>
			<gx:FlyTo>
				<gx:duration>0.30</gx:duration>
				<gx:flyToMode>smooth</gx:flyToMode>
				<Camera>
					<longitude>-122.2657826955</longitude>
					<latitude>37.8551826794</latitude>
					<altitude>35.9</altitude>
					<heading>333.10</heading>
					<tilt>72.0</tilt>
					<roll>0</roll>
					<altitudeMode>relativeToGround</altitudeMode>
				</Camera>
			</gx:FlyTo>
			<gx:FlyTo>
				<gx:duration>0.53</gx:duration>
				<gx:flyToMode>smooth</gx:flyToMode>
				<Camera>
					<longitude>-122.2656981563</longitude>
					<latitude>37.8552215818</latitude>
					<altitude>35.9</altitude>
					<heading>326.43</heading>
					<tilt>72.0</tilt>
					<roll>0</roll>
					<altitudeMode>relativeToGround</altitudeMode>
				</Camera>
			</gx:FlyTo>
			<gx:FlyTo>
				<gx:duration>0.53</gx:duration>
				<gx:flyToMode>smooth</gx:flyToMode>
				<Camera>
					<longitude>-122.2656199088</longitude>
					<latitude>37.8552679702</latitude>
					<altitude>35.9</altitude>
					<heading>319.77</heading>
					<tilt>72.0</tilt>
					<roll>0</roll>
					<altitudeMode>relativeToGround</altitudeMode>
				</Camera>
			</gx:FlyTo>
			<gx:FlyTo>
				<gx:duration>0.53</gx:duration>
				<gx:flyToMode>smooth</gx:flyToMode>
				<Camera>
					<longitude>-122.2655490110</longitude>
					<latitude>37.8553212173</latitude>
					<altitude>35.9</altitude>
					<heading>313.10</heading>
					<tilt>72.0</tilt>
					<roll>0</roll>
					<altitudeMode>relativeToGround</altitudeMode>
				</Camera>
			</gx:FlyTo>
			<gx:FlyTo>
				<gx:duration>0.53</gx:duration>
				<gx:flyToMode>smooth</gx:flyToMode>
				<Camera>
					<longitude>-122.2654864219</longitude>
					<latitude>37.8553806030</latitude>
					<altitude>35.9</altitude>
					<heading>306.43</heading>
					<tilt>72.0</tilt>
					<roll>0</roll>
					<altitudeMode>relativeToGround</altitudeMode>
				</Camera>
			</gx:FlyTo>
			<gx:FlyTo>
				<gx:duration>0.53</gx:duration>
				<gx:flyToMode>smooth</gx:flyToMode>
				<Camera>
					<longitude>-122.2654329878</longitude>
					<latitude>37.8554453242</latitude>
					<altitude>35.9</altitude>
					<heading>299.77</heading>
					<tilt>72.0</tilt>
					<roll>0</roll>
					<altitudeMode>relativeToGround</altitudeMode>
				</Camera>
			</gx:FlyTo>
			<gx:FlyTo>
				<gx:duration>0.53</gx:duration>
				<gx:flyToMode>smooth</gx:flyToMode>
				<Camera>
					<longitude>-122.2653894313</longitude>
					<latitude>37.8555145056</latitude>
					<altitude>35.9</altitude>
					<heading>293.10</heading>
					<tilt>72.0</tilt>
					<roll>0</roll>
					<altitudeMode>relativeToGround</altitudeMode>
				</Camera>
			</gx:FlyTo>
			<gx:FlyTo>
				<gx:duration>0.53</gx:duration>
				<gx:flyToMode>smooth</gx:flyToMode>
				<Camera>
					<longitude>-122.2653563414</longitude>
					<latitude>37.8555872118</latitude>
					<altitude>35.9</altitude>
					<heading>286.43</heading>
					<tilt>72.0</tilt>
					<roll>0</roll>
					<altitudeMode>relativeToGround</altitudeMode>
				</Camera>
			</gx:FlyTo>
			<gx:FlyTo>
				<gx:duration>0.53</gx:duration>
				<gx:flyToMode>smooth</gx:flyToMode>
				<Camera>
					<longitude>-122.2653341656</longitude>
					<latitude>37.8556624594</latitude>
					<altitude>35.9</altitude>
					<heading>279.77</heading>
					<tilt>72.0</tilt>
					<roll>0</roll>
					<altitudeMode>relativeToGround</altitudeMode>
				</Camera>
			</gx:FlyTo>
			<gx:FlyTo>
				<gx:duration>0.53</gx:duration>
				<gx:flyToMode>smooth</gx:flyToMode>
				<Camera>
					<longitude>-122.2653232038</longitude>
					<latitude>37.8557392309</latitude>
					<altitude>35.9</altitude>
					<heading>273.10</heading>
					<tilt>72.0</tilt>
					<roll>0</roll>
					<altitudeMode>relativeToGround</altitudeMode>
				</Camera>
			</gx:FlyTo>
			<gx:FlyTo>
				<gx:duration>0.53</gx:duration>
				<gx:flyToMode>smooth</gx:flyToMode>
				<Camera>
					<longitude>-122.2653236043</longitude>
					<latitude>37.8558164881</latitude>
					<altitude>35.9</altitude>
					<heading>266.43</heading>
					<tilt>72.0</tilt>
					<roll>0</roll>
					<altitudeMode>relativeToGround</altitudeMode>
				</Camera>
			</gx:FlyTo>
			<gx:FlyTo>
				<gx:duration>0.53</gx:duration>
				<gx:flyToMode>smooth</gx:flyToMode>
				<Camera>
					<longitude>-122.2653353615</longitude>
					<latitude>37.8558931862</latitude>
					<altitude>35.9</altitude>
					<heading>259.77</heading>
					<tilt>72.0</tilt>
					<roll>0</roll>
					<altitudeMode>relativeToGround</altitudeMode>
				</Camera>
			</gx:FlyTo>
			<gx:FlyTo>
				<gx:duration>0.53</gx:duration>
				<gx:flyToMode>smooth</gx:flyToMode>
				<Camera>
					<longitude>-122.2653583167</longitude>
					<latitude>37.8559682880</latitude>
					<altitude>35.9</altitude>
					<heading>253.10</heading>
					<tilt>72.0</tilt>
					<roll>0</roll>
					<altitudeMode>relativeToGround</altitudeMode>
				</Camera>
			</gx:FlyTo>
			<gx:FlyTo>
				<gx:duration>0.53</gx:duration>
				<gx:flyToMode>smooth</gx:flyToMode>
				<Camera>
					<longitude>-122.2653921592</longitude>
					<latitude>37.8560407779</latitude>
					<altitude>35.9</altitude>
					<heading>246.43</heading>
					<tilt>72.0</tilt>
					<roll>0</roll>
					<altitudeMode>relativeToGround</altitudeMode>
				</Camera>
			</gx:FlyTo>
			<gx:FlyTo>
				<gx:duration>0.53</gx:duration>
				<gx:flyToMode>smooth</gx:flyToMode>
				<Camera>
					<longitude>-122.2654364315</longitude>
					<latitude>37.8561096755</latitude>
					<altitude>35.9</altitude>
					<heading>239.77</heading>
					<tilt>72.0</tilt>
					<roll>0</roll>
					<altitudeMode>relativeToGround</altitudeMode>
				</Camera>
			</gx:FlyTo>
			<gx:FlyTo>
				<gx:duration>0.53</gx:duration>
				<gx:flyToMode>smooth</gx:flyToMode>
				<Camera>
					<longitude>-122.2654905348</longitude>
					<latitude>37.8561740492</latitude>
					<altitude>35.9</altitude>
					<heading>233.10</heading>
					<tilt>72.0</tilt>
					<roll>0</roll>
					<altitudeMode>relativeToGround</altitudeMode>
				</Camera>
			</gx:FlyTo>
			<gx:FlyTo>
				<gx:duration>0.53</gx:duration>
				<gx:flyToMode>smooth</gx:flyToMode>
				<Camera>
					<longitude>-122.2655537374</longitude>
					<latitude>37.8562330284</latitude>
					<altitude>35.9</altitude>
					<heading>226.43</heading>
					<tilt>72.0</tilt>
					<roll>0</roll>
					<altitudeMode>relativeToGround</altitudeMode>
				</Camera>
			</gx:FlyTo>
			<gx:FlyTo>
				<gx:duration>0.53</gx:duration>
				<gx:flyToMode>smooth</gx:flyToMode>
				<Camera>
					<longitude>-122.2656251848</longitude>
					<latitude>37.8562858155</latitude>
					<altitude>35.9</altitude>
					<heading>219.77</heading>
					<tilt>72.0</tilt>
					<roll>0</roll>
					<altitudeMode>relativeToGround</altitudeMode>
				</Camera>
			</gx:FlyTo>
			<gx:FlyTo>
				<gx:duration>0.53</gx:duration>
				<gx:flyToMode>smooth</gx:flyToMode>
				<Camera>
					<longitude>-122.2657039106</longitude>
					<latitude>37.8563316967</latitude>
					<altitude>35.9</altitude>
					<heading>213.10</heading>
					<tilt>72.0</tilt>
					<roll>0</roll>
					<altitudeMode>relativeToGround</altitudeMode>
				</Camera>
			</gx:FlyTo>
			<gx:FlyTo>
				<gx:duration>0.53</gx:duration>
				<gx:flyToMode>smooth</gx:flyToMode>
				<Camera>
					<longitude>-122.2657888503</longitude>
					<latitude>37.8563700514</latitude>
					<altitude>35.9</altitude>
					<heading>206.43</heading>
					<tilt>72.0</tilt>
					<roll>0</roll>
					<altitudeMode>relativeToGround</altitudeMode>
				</Camera>
			</gx:FlyTo>
			<gx:FlyTo>
				<gx:duration>0.53</gx:duration>
				<gx:flyToMode>smooth</gx:flyToMode>
				<Camera>
					<longitude>-122.2658788551</longitude>
					<latitude>37.8564003611</latitude>
					<altitude>35.9</altitude>
					<heading>199.77</heading>
					<tilt>72.0</tilt>
					<roll>0</roll>
					<altitudeMode>relativeToGround</altitudeMode>
				</Camera>
			</gx:FlyTo>
			<gx:FlyTo>
				<gx:duration>0.53</gx:duration>
				<gx:flyToMode>smooth</gx:flyToMode>
				<Camera>
					<longitude>-122.2659727079</longitude>
					<latitude>37.8564222158</latitude>
					<altitude>35.9</altitude>
					<heading>193.10</heading>
					<tilt>72.0</tilt>
					<roll>0</roll>
					<altitudeMode>relativeToGround</altitudeMode>
				</Camera>
			</gx:FlyTo>
			<gx:FlyTo>
				<gx:duration>0.53</gx:duration>
				<gx:flyToMode>smooth</gx:flyToMode>
				<Camera>
					<longitude>-122.2660691396</longitude>
					<latitude>37.8564353200</latitude>
					<altitude>35.9</altitude>
					<heading>186.43</heading>
					<tilt>72.0</tilt>
					<roll>0</roll>
					<altitudeMode>relativeToGround</altitudeMode>
				</Camera>
			</gx:FlyTo>
			<gx:FlyTo>
				<gx:duration>0.53</gx:duration>
				<gx:flyToMode>smooth</gx:flyToMode>
				<Camera>
					<longitude>-122.2661668460</longitude>
					<latitude>37.8564394965</latitude>
					<altitude>35.9</altitude>
					<heading>179.77</heading>
					<tilt>72.0</tilt>
					<roll>0</roll>
					<altitudeMode>relativeToGround</altitudeMode>
				</Camera>
			</gx:FlyTo>
			<gx:FlyTo>
				<gx:duration>0.53</gx:duration>
				<gx:flyToMode>smooth</gx:flyToMode>
				<Camera>
					<longitude>-122.2662645058</longitude>
					<latitude>37.8564346887</latitude>
					<altitude>35.9</altitude>
					<heading>173.10</heading>
					<tilt>72.0</tilt>
					<roll>0</roll>
					<altitudeMode>relativeToGround</altitudeMode>
				</Camera>
			</gx:FlyTo>
			<gx:FlyTo>
				<gx:duration>0.53</gx:duration>
				<gx:flyToMode>smooth</gx:flyToMode>
				<Camera>
					<longitude>-122.2663607984</longitude>
					<latitude>37.8564209617</latitude>
					<altitude>35.9</altitude>
					<heading>166.43</heading>
					<tilt>72.0</tilt>
					<roll>0</roll>
					<altitudeMode>relativeToGround</altitudeMode>
				</Camera>
			</gx:FlyTo>
			<gx:FlyTo>
				<gx:duration>0.53</gx:duration>
				<gx:flyToMode>smooth</gx:flyToMode>
				<Camera>
					<longitude>-122.2664544215</longitude>
					<latitude>37.8563985012</latitude>
					<altitude>35.9</altitude>
					<heading>159.77</heading>
					<tilt>72.0</tilt>
					<roll>0</roll>
					<altitudeMode>relativeToGround</altitudeMode>
				</Camera>
			</gx:FlyTo>
			<gx:FlyTo>
				<gx:duration>0.53</gx:duration>
				<gx:flyToMode>smooth</gx:flyToMode>
				<Camera>
					<longitude>-122.2665441091</longitude>
					<latitude>37.8563676109</latitude>
					<altitude>35.9</altitude>
					<heading>153.10</heading>
					<tilt>72.0</tilt>
					<roll>0</roll>
					<altitudeMode>relativeToGround</altitudeMode>
				</Camera>
			</gx:FlyTo>
			<gx:FlyTo>
				<gx:duration>0.53</gx:duration>
				<gx:flyToMode>smooth</gx:flyToMode>
				<Camera>
					<longitude>-122.2666286483</longitude>
					<latitude>37.8563287085</latitude>
					<altitude>35.9</altitude>
					<heading>146.43</heading>
					<tilt>72.0</tilt>
					<roll>0</roll>
					<altitudeMode>relativeToGround</altitudeMode>
				</Camera>
			</gx:FlyTo>
			<gx:FlyTo>
				<gx:duration>0.53</gx:duration>
				<gx:flyToMode>smooth</gx:flyToMode>
				<Camera>
					<longitude>-122.2667068958</longitude>
					<latitude>37.8562823200</latitude>
					<altitude>35.9</altitude>
					<heading>139.77</heading>
					<tilt>72.0</tilt>
					<roll>0</roll>
					<altitudeMode>relativeToGround</altitudeMode>
				</Camera>
			</gx:FlyTo>
			<gx:FlyTo>
				<gx:duration>0.53</gx:duration>
				<gx:flyToMode>smooth</gx:flyToMode>
				<Camera>
					<longitude>-122.2667777936</longitude>
					<latitude>37.8562290729</latitude>
					<altitude>35.9</altitude>
					<heading>133.10</heading>
					<tilt>72.0</tilt>
					<roll>0</roll>
					<altitudeMode>relativeToGround</altitudeMode>
				</Camera>
			</gx:FlyTo>
			<gx:FlyTo>
				<gx:duration>0.40</gx:duration>
				<gx:flyToMode>smooth</gx:flyToMode>
				<Camera>
					<longitude>-122.2668403688</longitude>
					<latitude>37.8561696792</latitude>
					<altitude>35.7</altitude>
					<heading>126.43</heading>
					<tilt>72.3</tilt>
					<roll>0</roll>
					<altitudeMode>relativeToGround</altitudeMode>
				</Camera>
			</gx:FlyTo>
			<gx:FlyTo>
				<gx:duration>0.40</gx:duration>
				<gx:flyToMode>smooth</gx:flyToMode>
				<Camera>
					<longitude>-122.2668937606</longitude>
					<latitude>37.8561049407</latitude>
					<altitude>35.1</altitude>
					<heading>119.77</heading>
					<tilt>73.2</tilt>
					<roll>0</roll>
					<altitudeMode>relativeToGround</altitudeMode>
				</Camera>
			</gx:FlyTo>
			<gx:FlyTo>
				<gx:duration>0.40</gx:duration>
				<gx:flyToMode>smooth</gx:flyToMode>
				<Camera>
					<longitude>-122.2669372476</longitude>
					<latitude>37.8560357423</latitude>
					<altitude>34.2</altitude>
					<heading>113.10</heading>
					<tilt>74.5</tilt>
					<roll>0</roll>
					<altitudeMode>relativeToGround</altitudeMode>
				</Camera>
			</gx:FlyTo>
			<gx:FlyTo>
				<gx:duration>0.40</gx:duration>
				<gx:flyToMode>smooth</gx:flyToMode>
				<Camera>
					<longitude>-122.2669702457</longitude>
					<latitude>37.8559630278</latitude>
					<altitude>33.1</altitude>
					<heading>106.43</heading>
					<tilt>76.1</tilt>
					<roll>0</roll>
					<altitudeMode>relativeToGround</altitudeMode>
				</Camera>
			</gx:FlyTo>
			<gx:FlyTo>
				<gx:duration>0.40</gx:duration>
				<gx:flyToMode>smooth</gx:flyToMode>
				<Camera>
					<longitude>-122.2669923147</longitude>
					<latitude>37.8558877868</latitude>
					<altitude>31.8</altitude>
					<heading>99.77</heading>
					<tilt>78.0</tilt>
					<roll>0</roll>
					<altitudeMode>relativeToGround</altitudeMode>
				</Camera>
			</gx:FlyTo>
			<gx:FlyTo>
				<gx:duration>0.40</gx:duration>
				<gx:flyToMode>smooth</gx:flyToMode>
				<Camera>
					<longitude>-122.2670031640</longitude>
					<latitude>37.8558110407</latitude>
					<altitude>30.4</altitude>
					<heading>93.10</heading>
					<tilt>80.0</tilt>
					<roll>0</roll>
					<altitudeMode>relativeToGround</altitudeMode>
				</Camera>
			</gx:FlyTo>
			<gx:FlyTo>
				<gx:duration>0.40</gx:duration>
				<gx:flyToMode>smooth</gx:flyToMode>
				<Camera>
					<longitude>-122.2670026556</longitude>
					<latitude>37.8557338290</latitude>
					<altitude>29.1</altitude>
					<heading>86.43</heading>
					<tilt>82.0</tilt>
					<roll>0</roll>
					<altitudeMode>relativeToGround</altitudeMode>
				</Camera>
			</gx:FlyTo>
			<gx:FlyTo>
				<gx:duration>0.40</gx:duration>
				<gx:flyToMode>smooth</gx:flyToMode>
				<Camera>
					<longitude>-122.2669908053</longitude>
					<latitude>37.8556571950</latitude>
					<altitude>27.8</altitude>
					<heading>79.77</heading>
					<tilt>83.9</tilt>
					<roll>0</roll>
					<altitudeMode>relativeToGround</altitudeMode>
				</Camera>
			</gx:FlyTo>
			<gx:FlyTo>
				<gx:duration>0.40</gx:duration>
				<gx:flyToMode>smooth</gx:flyToMode>
				<Camera>
					<longitude>-122.2669677816</longitude>
					<latitude>37.8555821717</latitude>
					<altitude>26.7</altitude>
					<heading>73.10</heading>
					<tilt>85.5</tilt>
					<roll>0</roll>
					<altitudeMode>relativeToGround</altitudeMode>
				</Camera>
			</gx:FlyTo>
			<gx:FlyTo>
				<gx:duration>0.40</gx:duration>
				<gx:flyToMode>smooth</gx:flyToMode>
				<Camera>
					<longitude>-122.2669339029</longitude>
					<latitude>37.8555097681</latitude>
					<altitude>25.8</altitude>
					<heading>66.43</heading>
					<tilt>86.8</tilt>
					<roll>0</roll>
					<altitudeMode>relativeToGround</altitudeMode>
				</Camera>
			</gx:FlyTo>
			<gx:FlyTo>
				<gx:duration>0.40</gx:duration>
				<gx:flyToMode>smooth</gx:flyToMode>
				<Camera>
					<longitude>-122.2668896321</longitude>
					<latitude>37.8554409557</latitude>
					<altitude>25.2</altitude>
					<heading>59.77</heading>
					<tilt>87.7</tilt>
					<roll>0</roll>
					<altitudeMode>relativeToGround</altitudeMode>
				</Camera>
			</gx:FlyTo>
			<gx:FlyTo>
				<gx:duration>0.40</gx:duration>
				<gx:flyToMode>smooth</gx:flyToMode>
				<Camera>
					<longitude>-122.2668355702</longitude>
					<latitude>37.8553766558</latitude>
					<altitude>25.0</altitude>
					<heading>53.10</heading>
					<tilt>88.0</tilt>
					<roll>0</roll>
					<altitudeMode>relativeToGround</altitudeMode>
				</Camera>
			</gx:FlyTo>
			<gx:FlyTo>
				<gx:duration>3.59</gx:duration>
				<gx:flyToMode>smooth</gx:flyToMode>
				<Camera>
					<longitude>-122.2668355702</longitude>
					<latitude>37.8553766558</latitude>
					<altitude>25.0</altitude>
					<heading>54.54</heading>
					<tilt>88.0</tilt>
					<roll>0</roll>
					<altitudeMode>relativeToGround</altitudeMode>
				</Camera>
			</gx:FlyTo>
			<gx:FlyTo>
				<gx:duration>3.59</gx:duration>
				<gx:flyToMode>smooth</gx:flyToMode>
				<Camera>
					<longitude>-122.2664355702</longitude>
					<latitude>37.8556016203</latitude>
					<altitude>25.0</altitude>
					<heading>54.54</heading>
					<tilt>88.0</tilt>
					<roll>0</roll>
					<altitudeMode>relativeToGround</altitudeMode>
				</Camera>
			</gx:FlyTo>
			<gx:FlyTo>
				<gx:duration>3.15</gx:duration>
				<gx:flyToMode>smooth</gx:flyToMode>
				<Camera>
					<longitude>-122.2660355702</longitude>
					<latitude>37.8554759036</latitude>
					<altitude>25.0</altitude>
					<heading>111.71</heading>
					<tilt>88.0</tilt>
					<roll>0</roll>
					<altitudeMode>relativeToGround</altitudeMode>
				</Camera>
			</gx:FlyTo>
			<gx:FlyTo>
				<gx:duration>3.15</gx:duration>
				<gx:flyToMode>smooth</gx:flyToMode>
				<Camera>
					<longitude>-122.2656355702</longitude>
					<latitude>37.8553501868</latitude>
					<altitude>25.0</altitude>
					<heading>111.71</heading>
					<tilt>88.0</tilt>
					<roll>0</roll>
					<altitudeMode>relativeToGround</altitudeMode>
				</Camera>
			</gx:FlyTo>
			<gx:FlyTo>
				<gx:duration>3.15</gx:duration>
				<gx:flyToMode>smooth</gx:flyToMode>
				<Camera>
					<longitude>-122.2652355702</longitude>
					<latitude>37.8552244701</latitude>
					<altitude>25.0</altitude>
					<heading>111.71</heading>
					<tilt>88.0</tilt>
					<roll>0</roll>
					<altitudeMode>relativeToGround</altitudeMode>
				</Camera>
			</gx:FlyTo>
			<gx:FlyTo>
				<gx:duration>2.96</gx:duration>
				<gx:flyToMode>smooth</gx:flyToMode>
				<Camera>
					<longitude>-122.2648355702</longitude>
					<latitude>37.8552702591</latitude>
					<altitude>25.0</altitude>
					<heading>81.75</heading>
					<tilt>88.0</tilt>
					<roll>0</roll>
					<altitudeMode>relativeToGround</altitudeMode>
				</Camera>
			</gx:FlyTo>
			<gx:FlyTo>
				<gx:duration>2.96</gx:duration>
				<gx:flyToMode>smooth</gx:flyToMode>
				<Camera>
					<longitude>-122.2644355702</longitude>
					<latitude>37.8553160481</latitude>
					<altitude>25.0</altitude>
					<heading>81.75</heading>
					<tilt>88.0</tilt>
					<roll>0</roll>
					<altitudeMode>relativeToGround</altitudeMode>
				</Camera>
			</gx:FlyTo>
			<gx:FlyTo>
				<gx:duration>2.96</gx:duration>
				<gx:flyToMode>smooth</gx:flyToMode>
				<Camera>
					<longitude>-122.2640355702</longitude>
					<latitude>37.8553618371</latitude>
					<altitude>25.0</altitude>
					<heading>81.75</heading>
					<tilt>88.0</tilt>
					<roll>0</roll>
					<altitudeMode>relativeToGround</altitudeMode>
				</Camera>
			</gx:FlyTo>
			<gx:FlyTo>
				<gx:duration>2.99</gx:duration>
				<gx:flyToMode>smooth</gx:flyToMode>
				<Camera>
					<longitude>-122.2636355702</longitude>
					<latitude>37.8554294074</latitude>
					<altitude>25.0</altitude>
					<heading>77.92</heading>
					<tilt>88.0</tilt>
					<roll>0</roll>
					<altitudeMode>relativeToGround</altitudeMode>
				</Camera>
			</gx:FlyTo>
			<gx:FlyTo>
				<gx:duration>2.99</gx:duration>
				<gx:flyToMode>smooth</gx:flyToMode>
				<Camera>
					<longitude>-122.2632355702</longitude>
					<latitude>37.8554969777</latitude>
					<altitude>25.0</altitude>
					<heading>77.92</heading>
					<tilt>88.0</tilt>
					<roll>0</roll>
					<altitudeMode>relativeToGround</altitudeMode>
				</Camera>
			</gx:FlyTo>
			<gx:FlyTo>
				<gx:duration>2.99</gx:duration>
				<gx:flyToMode>smooth</gx:flyToMode>
				<Camera>
					<longitude>-122.2628355702</longitude>
					<latitude>37.8555645480</latitude>
					<altitude>25.0</altitude>
					<heading>77.92</heading>
					<tilt>88.0</tilt>
					<roll>0</roll>
					<altitudeMode>relativeToGround</altitudeMode>
				</Camera>
			</gx:FlyTo>
			<gx:FlyTo>
				<gx:duration>3.45</gx:duration>
				<gx:flyToMode>smooth</gx:flyToMode>
				<Camera>
					<longitude>-122.2624355702</longitude>
					<latitude>37.8557616424</latitude>
					<altitude>25.0</altitude>
					<heading>58.03</heading>
					<tilt>88.0</tilt>
					<roll>0</roll>
					<altitudeMode>relativeToGround</altitudeMode>
				</Camera>
			</gx:FlyTo>
			<gx:FlyTo>
				<gx:duration>3.45</gx:duration>
				<gx:flyToMode>smooth</gx:flyToMode>
				<Camera>
					<longitude>-122.2620355702</longitude>
					<latitude>37.8559587368</latitude>
					<altitude>25.0</altitude>
					<heading>58.03</heading>
					<tilt>88.0</tilt>
					<roll>0</roll>
					<altitudeMode>relativeToGround</altitudeMode>
				</Camera>
			</gx:FlyTo>
			<gx:FlyTo>
				<gx:duration>3.45</gx:duration>
				<gx:flyToMode>smooth</gx:flyToMode>
				<Camera>
					<longitude>-122.2616355702</longitude>
					<latitude>37.8561558312</latitude>
					<altitude>25.0</altitude>
					<heading>58.03</heading>
					<tilt>88.0</tilt>
					<roll>0</roll>
					<altitudeMode>relativeToGround</altitudeMode>
				</Camera>
			</gx:FlyTo>
			<gx:FlyTo>
				<gx:duration>2.98</gx:duration>
				<gx:flyToMode>smooth</gx:flyToMode>
				<Camera>
					<longitude>-122.2612355702</longitude>
					<latitude>37.8562163643</latitude>
					<altitude>25.0</altitude>
					<heading>79.15</heading>
					<tilt>88.0</tilt>
					<roll>0</roll>
					<altitudeMode>relativeToGround</altitudeMode>
				</Camera>
			</gx:FlyTo>
			<gx:FlyTo>
				<gx:duration>2.98</gx:duration>
				<gx:flyToMode>smooth</gx:flyToMode>
				<Camera>
					<longitude>-122.2608355702</longitude>
					<latitude>37.8562768975</latitude>
					<altitude>25.0</altitude>
					<heading>79.15</heading>
					<tilt>88.0</tilt>
					<roll>0</roll>
					<altitudeMode>relativeToGround</altitudeMode>
				</Camera>
			</gx:FlyTo>
			<gx:FlyTo>
				<gx:duration>2.98</gx:duration>
				<gx:flyToMode>smooth</gx:flyToMode>
				<Camera>
					<longitude>-122.2604355702</longitude>
					<latitude>37.8563374306</latitude>
					<altitude>25.0</altitude>
					<heading>79.15</heading>
					<tilt>88.0</tilt>
					<roll>0</roll>
					<altitudeMode>relativeToGround</altitudeMode>
				</Camera>
			</gx:FlyTo>
			<gx:FlyTo>
				<gx:duration>2.95</gx:duration>
				<gx:flyToMode>smooth</gx:flyToMode>
				<Camera>
					<longitude>-122.2600355702</longitude>
					<latitude>37.8563815193</latitude>
					<altitude>25.0</altitude>
					<heading>82.05</heading>
					<tilt>88.0</tilt>
					<roll>0</roll>
					<altitudeMode>relativeToGround</altitudeMode>
				</Camera>
			</gx:FlyTo>
			<gx:FlyTo>
				<gx:duration>2.95</gx:duration>
				<gx:flyToMode>smooth</gx:flyToMode>
				<Camera>
					<longitude>-122.2596355702</longitude>
					<latitude>37.8564256080</latitude>
					<altitude>25.0</altitude>
					<heading>82.05</heading>
					<tilt>88.0</tilt>
					<roll>0</roll>
					<altitudeMode>relativeToGround</altitudeMode>
				</Camera>
			</gx:FlyTo>
			<gx:FlyTo>
				<gx:duration>2.95</gx:duration>
				<gx:flyToMode>smooth</gx:flyToMode>
				<Camera>
					<longitude>-122.2592355702</longitude>
					<latitude>37.8564696966</latitude>
					<altitude>25.0</altitude>
					<heading>82.05</heading>
					<tilt>88.0</tilt>
					<roll>0</roll>
					<altitudeMode>relativeToGround</altitudeMode>
				</Camera>
			</gx:FlyTo>
			<gx:FlyTo>
				<gx:duration>3.03</gx:duration>
				<gx:flyToMode>smooth</gx:flyToMode>
				<Camera>
					<longitude>-122.2588355702</longitude>
					<latitude>37.8565541201</latitude>
					<altitude>25.0</altitude>
					<heading>75.03</heading>
					<tilt>88.0</tilt>
					<roll>0</roll>
					<altitudeMode>relativeToGround</altitudeMode>
				</Camera>
			</gx:FlyTo>
			<gx:FlyTo>
				<gx:duration>3.03</gx:duration>
				<gx:flyToMode>smooth</gx:flyToMode>
				<Camera>
					<longitude>-122.2584355702</longitude>
					<latitude>37.8566385436</latitude>
					<altitude>25.0</altitude>
					<heading>75.03</heading>
					<tilt>88.0</tilt>
					<roll>0</roll>
					<altitudeMode>relativeToGround</altitudeMode>
				</Camera>
			</gx:FlyTo>
			<gx:FlyTo>
				<gx:duration>3.03</gx:duration>
				<gx:flyToMode>smooth</gx:flyToMode>
				<Camera>
					<longitude>-122.2580355702</longitude>
					<latitude>37.8567229671</latitude>
					<altitude>25.0</altitude>
					<heading>75.03</heading>
					<tilt>88.0</tilt>
					<roll>0</roll>
					<altitudeMode>relativeToGround</altitudeMode>
				</Camera>
			</gx:FlyTo>
			<gx:FlyTo>
				<gx:duration>2.93</gx:duration>
				<gx:flyToMode>smooth</gx:flyToMode>
				<Camera>
					<longitude>-122.2576355702</longitude>
					<latitude>37.8567364109</latitude>
					<altitude>25.0</altitude>
					<heading>87.56</heading>
					<tilt>88.0</tilt>
					<roll>0</roll>
					<altitudeMode>relativeToGround</altitudeMode>
				</Camera>
			</gx:FlyTo>
			<gx:FlyTo>
				<gx:duration>2.93</gx:duration>
				<gx:flyToMode>smooth</gx:flyToMode>
				<Camera>
					<longitude>-122.2572355702</longitude>
					<latitude>37.8567498547</latitude>
					<altitude>25.0</altitude>
					<heading>87.56</heading>
					<tilt>88.0</tilt>
					<roll>0</roll>
					<altitudeMode>relativeToGround</altitudeMode>
				</Camera>
			</gx:FlyTo>
			<gx:FlyTo>
				<gx:duration>2.93</gx:duration>
				<gx:flyToMode>smooth</gx:flyToMode>
				<Camera>
					<longitude>-122.2568355702</longitude>
					<latitude>37.8567632986</latitude>
					<altitude>25.0</altitude>
					<heading>87.56</heading>
					<tilt>88.0</tilt>
					<roll>0</roll>
					<altitudeMode>relativeToGround</altitudeMode>
				</Camera>
			</gx:FlyTo>
			<gx:FlyTo>
				<gx:duration>2.97</gx:duration>
				<gx:flyToMode>smooth</gx:flyToMode>
				<Camera>
					<longitude>-122.2564355702</longitude>
					<latitude>37.8568173628</latitude>
					<altitude>25.0</altitude>
					<heading>80.29</heading>
					<tilt>88.0</tilt>
					<roll>0</roll>
					<altitudeMode>relativeToGround</altitudeMode>
				</Camera>
			</gx:FlyTo>
			<gx:FlyTo>
				<gx:duration>2.97</gx:duration>
				<gx:flyToMode>smooth</gx:flyToMode>
				<Camera>
					<longitude>-122.2560355702</longitude>
					<latitude>37.8568714269</latitude>
					<altitude>25.0</altitude>
					<heading>80.29</heading>
					<tilt>88.0</tilt>
					<roll>0</roll>
					<altitudeMode>relativeToGround</altitudeMode>
				</Camera>
			</gx:FlyTo>
			<gx:FlyTo>
				<gx:duration>2.97</gx:duration>
				<gx:flyToMode>smooth</gx:flyToMode>
				<Camera>
					<longitude>-122.2556355702</longitude>
					<latitude>37.8569254911</latitude>
					<altitude>25.0</altitude>
					<heading>80.29</heading>
					<tilt>88.0</tilt>
					<roll>0</roll>
					<altitudeMode>relativeToGround</altitudeMode>
				</Camera>
			</gx:FlyTo>
			<gx:FlyTo>
				<gx:duration>3.02</gx:duration>
				<gx:flyToMode>smooth</gx:flyToMode>
				<Camera>
					<longitude>-122.2552355702</longitude>
					<latitude>37.8568449920</latitude>
					<altitude>25.0</altitude>
					<heading>104.30</heading>
					<tilt>88.0</tilt>
					<roll>0</roll>
					<altitudeMode>relativeToGround</altitudeMode>
				</Camera>
			</gx:FlyTo>
			<gx:FlyTo>
				<gx:duration>3.02</gx:duration>
				<gx:flyToMode>smooth</gx:flyToMode>
				<Camera>
					<longitude>-122.2548355702</longitude>
					<latitude>37.8567644929</latitude>
					<altitude>25.0</altitude>
					<heading>104.30</heading>
					<tilt>88.0</tilt>
					<roll>0</roll>
					<altitudeMode>relativeToGround</altitudeMode>
				</Camera>
			</gx:FlyTo>
			<gx:FlyTo>
				<gx:duration>3.02</gx:duration>
				<gx:flyToMode>smooth</gx:flyToMode>
				<Camera>
					<longitude>-122.2544355702</longitude>
					<latitude>37.8566839938</latitude>
					<altitude>25.0</altitude>
					<heading>104.30</heading>
					<tilt>88.0</tilt>
					<roll>0</roll>
					<altitudeMode>relativeToGround</altitudeMode>
				</Camera>
			</gx:FlyTo>
			<gx:FlyTo>
				<gx:duration>2.96</gx:duration>
				<gx:flyToMode>smooth</gx:flyToMode>
				<Camera>
					<longitude>-122.2540355702</longitude>
					<latitude>37.8567314647</latitude>
					<altitude>25.0</altitude>
					<heading>81.45</heading>
					<tilt>88.0</tilt>
					<roll>0</roll>
					<altitudeMode>relativeToGround</altitudeMode>
				</Camera>
			</gx:FlyTo>
			<gx:FlyTo>
				<gx:duration>2.96</gx:duration>
				<gx:flyToMode>smooth</gx:flyToMode>
				<Camera>
					<longitude>-122.2536355702</longitude>
					<latitude>37.8567789357</latitude>
					<altitude>25.0</altitude>
					<heading>81.45</heading>
					<tilt>88.0</tilt>
					<roll>0</roll>
					<altitudeMode>relativeToGround</altitudeMode>
				</Camera>
			</gx:FlyTo>
			<gx:FlyTo>
				<gx:duration>2.96</gx:duration>
				<gx:flyToMode>smooth</gx:flyToMode>
				<Camera>
					<longitude>-122.2532355702</longitude>
					<latitude>37.8568264066</latitude>
					<altitude>25.0</altitude>
					<heading>81.45</heading>
					<tilt>88.0</tilt>
					<roll>0</roll>
					<altitudeMode>relativeToGround</altitudeMode>
				</Camera>
			</gx:FlyTo>
			<gx:FlyTo>
				<gx:duration>3.01</gx:duration>
				<gx:flyToMode>smooth</gx:flyToMode>
				<Camera>
					<longitude>-122.2529355702</longitude>
					<latitude>37.8570482604</latitude>
					<altitude>25.0</altitude>
					<heading>46.87</heading>
					<tilt>88.0</tilt>
					<roll>0</roll>
					<altitudeMode>relativeToGround</altitudeMode>
				</Camera>
			</gx:FlyTo>
			<gx:FlyTo>
				<gx:duration>3.01</gx:duration>
				<gx:flyToMode>smooth</gx:flyToMode>
				<Camera>
					<longitude>-122.2526355702</longitude>
					<latitude>37.8572701143</latitude>
					<altitude>25.0</altitude>
					<heading>46.87</heading>
					<tilt>88.0</tilt>
					<roll>0</roll>
					<altitudeMode>relativeToGround</altitudeMode>
				</Camera>
			</gx:FlyTo>
			<gx:FlyTo>
				<gx:duration>3.01</gx:duration>
				<gx:flyToMode>smooth</gx:flyToMode>
				<Camera>
					<longitude>-122.2523355702</longitude>
					<latitude>37.8574919681</latitude>
					<altitude>25.0</altitude>
					<heading>46.87</heading>
					<tilt>88.0</tilt>
					<roll>0</roll>
					<altitudeMode>relativeToGround</altitudeMode>
				</Camera>
			</gx:FlyTo>
			<gx:FlyTo>
				<gx:duration>3.01</gx:duration>
				<gx:flyToMode>smooth</gx:flyToMode>
				<Camera>
					<longitude>-122.2520355702</longitude>
					<latitude>37.8577138219</latitude>
					<altitude>25.0</altitude>
					<heading>46.87</heading>
					<tilt>88.0</tilt>
					<roll>0</roll>
					<altitudeMode>relativeToGround</altitudeMode>
				</Camera>
			</gx:FlyTo>
			<gx:FlyTo>
				<gx:duration>2.98</gx:duration>
				<gx:flyToMode>smooth</gx:flyToMode>
				<Camera>
					<longitude>-122.2516355702</longitude>
					<latitude>37.8577732164</latitude>
					<altitude>25.0</altitude>
					<heading>79.35</heading>
					<tilt>88.0</tilt>
					<roll>0</roll>
					<altitudeMode>relativeToGround</altitudeMode>
				</Camera>
			</gx:FlyTo>
			<gx:FlyTo>
				<gx:duration>2.98</gx:duration>
				<gx:flyToMode>smooth</gx:flyToMode>
				<Camera>
					<longitude>-122.2512355702</longitude>
					<latitude>37.8578326109</latitude>
					<altitude>25.0</altitude>
					<heading>79.35</heading>
					<tilt>88.0</tilt>
					<roll>0</roll>
					<altitudeMode>relativeToGround</altitudeMode>
				</Camera>
			</gx:FlyTo>
			<gx:FlyTo>
				<gx:duration>2.98</gx:duration>
				<gx:flyToMode>smooth</gx:flyToMode>
				<Camera>
					<longitude>-122.2508355702</longitude>
					<latitude>37.8578920053</latitude>
					<altitude>25.0</altitude>
					<heading>79.35</heading>
					<tilt>88.0</tilt>
					<roll>0</roll>
					<altitudeMode>relativeToGround</altitudeMode>
				</Camera>
			</gx:FlyTo>
			<gx:FlyTo>
				<gx:duration>2.97</gx:duration>
				<gx:flyToMode>smooth</gx:flyToMode>
				<Camera>
					<longitude>-122.2504355702</longitude>
					<latitude>37.8579450379</latitude>
					<altitude>25.0</altitude>
					<heading>80.47</heading>
					<tilt>88.0</tilt>
					<roll>0</roll>
					<altitudeMode>relativeToGround</altitudeMode>
				</Camera>
			</gx:FlyTo>
			<gx:FlyTo>
				<gx:duration>2.97</gx:duration>
				<gx:flyToMode>smooth</gx:flyToMode>
				<Camera>
					<longitude>-122.2500355702</longitude>
					<latitude>37.8579980705</latitude>
					<altitude>25.0</altitude>
					<heading>80.47</heading>
					<tilt>88.0</tilt>
					<roll>0</roll>
					<altitudeMode>relativeToGround</altitudeMode>
				</Camera>
			</gx:FlyTo>
			<gx:FlyTo>
				<gx:duration>2.97</gx:duration>
				<gx:flyToMode>smooth</gx:flyToMode>
				<Camera>
					<longitude>-122.2496355702</longitude>
					<latitude>37.8580511031</latitude>
					<altitude>25.0</altitude>
					<heading>80.47</heading>
					<tilt>88.0</tilt>
					<roll>0</roll>
					<altitudeMode>relativeToGround</altitudeMode>
				</Camera>
			</gx:FlyTo>
			<gx:FlyTo>
				<gx:duration>2.93</gx:duration>
				<gx:flyToMode>smooth</gx:flyToMode>
				<Camera>
					<longitude>-122.2492355702</longitude>
					<latitude>37.8580402265</latitude>
					<altitude>25.0</altitude>
					<heading>91.97</heading>
					<tilt>88.0</tilt>
					<roll>0</roll>
					<altitudeMode>relativeToGround</altitudeMode>
				</Camera>
			</gx:FlyTo>
			<gx:FlyTo>
				<gx:duration>2.93</gx:duration>
				<gx:flyToMode>smooth</gx:flyToMode>
				<Camera>
					<longitude>-122.2488355702</longitude>
					<latitude>37.8580293499</latitude>
					<altitude>25.0</altitude>
					<heading>91.97</heading>
					<tilt>88.0</tilt>
					<roll>0</roll>
					<altitudeMode>relativeToGround</altitudeMode>
				</Camera>
			</gx:FlyTo>
			<gx:FlyTo>
				<gx:duration>2.93</gx:duration>
				<gx:flyToMode>smooth</gx:flyToMode>
				<Camera>
					<longitude>-122.2484355702</longitude>
					<latitude>37.8580184733</latitude>
					<altitude>25.0</altitude>
					<heading>91.97</heading>
					<tilt>88.0</tilt>
					<roll>0</roll>
					<altitudeMode>relativeToGround</altitudeMode>
				</Camera>
			</gx:FlyTo>
			<gx:FlyTo>
				<gx:duration>2.98</gx:duration>
				<gx:flyToMode>smooth</gx:flyToMode>
				<Camera>
					<longitude>-122.2480355702</longitude>
					<latitude>37.8580794224</latitude>
					<altitude>25.0</altitude>
					<heading>79.08</heading>
					<tilt>88.0</tilt>
					<roll>0</roll>
					<altitudeMode>relativeToGround</altitudeMode>
				</Camera>
			</gx:FlyTo>
			<gx:FlyTo>
				<gx:duration>2.98</gx:duration>
				<gx:flyToMode>smooth</gx:flyToMode>
				<Camera>
					<longitude>-122.2476355702</longitude>
					<latitude>37.8581403715</latitude>
					<altitude>25.0</altitude>
					<heading>79.08</heading>
					<tilt>88.0</tilt>
					<roll>0</roll>
					<altitudeMode>relativeToGround</altitudeMode>
				</Camera>
			</gx:FlyTo>
			<gx:FlyTo>
				<gx:duration>2.98</gx:duration>
				<gx:flyToMode>smooth</gx:flyToMode>
				<Camera>
					<longitude>-122.2472355702</longitude>
					<latitude>37.8582013207</latitude>
					<altitude>25.0</altitude>
					<heading>79.08</heading>
					<tilt>88.0</tilt>
					<roll>0</roll>
					<altitudeMode>relativeToGround</altitudeMode>
				</Camera>
			</gx:FlyTo>
			<gx:FlyTo>
				<gx:duration>2.94</gx:duration>
				<gx:flyToMode>smooth</gx:flyToMode>
				<Camera>
					<longitude>-122.2468355702</longitude>
					<latitude>37.8582258957</latitude>
					<altitude>25.0</altitude>
					<heading>85.55</heading>
					<tilt>88.0</tilt>
					<roll>0</roll>
					<altitudeMode>relativeToGround</altitudeMode>
				</Camera>
			</gx:FlyTo>
			<gx:FlyTo>
				<gx:duration>2.94</gx:duration>
				<gx:flyToMode>smooth</gx:flyToMode>
				<Camera>
					<longitude>-122.2464355702</longitude>
					<latitude>37.8582504706</latitude>
					<altitude>25.0</altitude>
					<heading>85.55</heading>
					<tilt>88.0</tilt>
					<roll>0</roll>
					<altitudeMode>relativeToGround</altitudeMode>
				</Camera>
			</gx:FlyTo>
			<gx:FlyTo>
				<gx:duration>2.94</gx:duration>
				<gx:flyToMode>smooth</gx:flyToMode>
				<Camera>
					<longitude>-122.2460355702</longitude>
					<latitude>37.8582750456</latitude>
					<altitude>25.0</altitude>
					<heading>85.55</heading>
					<tilt>88.0</tilt>
					<roll>0</roll>
					<altitudeMode>relativeToGround</altitudeMode>
				</Camera>
			</gx:FlyTo>
			<gx:FlyTo>
				<gx:duration>3.27</gx:duration>
				<gx:flyToMode>smooth</gx:flyToMode>
				<Camera>
					<longitude>-122.2456355702</longitude>
					<latitude>37.8581186087</latitude>
					<altitude>25.0</altitude>
					<heading>116.35</heading>
					<tilt>88.0</tilt>
					<roll>0</roll>
					<altitudeMode>relativeToGround</altitudeMode>
				</Camera>
			</gx:FlyTo>
			<gx:FlyTo>
				<gx:duration>3.27</gx:duration>
				<gx:flyToMode>smooth</gx:flyToMode>
				<Camera>
					<longitude>-122.2452355702</longitude>
					<latitude>37.8579621717</latitude>
					<altitude>25.0</altitude>
					<heading>116.35</heading>
					<tilt>88.0</tilt>
					<roll>0</roll>
					<altitudeMode>relativeToGround</altitudeMode>
				</Camera>
			</gx:FlyTo>
			<gx:FlyTo>
				<gx:duration>3.27</gx:duration>
				<gx:flyToMode>smooth</gx:flyToMode>
				<Camera>
					<longitude>-122.2448355702</longitude>
					<latitude>37.8578057347</latitude>
					<altitude>25.0</altitude>
					<heading>116.35</heading>
					<tilt>88.0</tilt>
					<roll>0</roll>
					<altitudeMode>relativeToGround</altitudeMode>
				</Camera>
			</gx:FlyTo>
		</gx:Playlist>
	</gx:Tour>
</Document>
</kml>
