<?xml version="1.0" encoding="UTF-8"?>
<kml xmlns="http://www.opengis.net/kml/2.2" xmlns:gx="http://www.google.com/kml/ext/2.2">
<Document>
	<name>Bancroft Way E-to-W · College to San Pablo · swoop · 08-29 11:38 · cp-dae2a1</name>
	<description><![CDATA[Generated by scripts/gen_corridor_tour.py from Bancroft-E-W.kml (14 control points). Cruise 25 m; orbits at roof + 10 m, derived from the current extrusion height in geometry.kml. Camera-only: load alongside the geometry, or run build_tour_package.py to splice. SWOOP APPLIED by scripts/add_intro_swoop.py: 8s hold 50m back / 75m up, descend 4s, mirrored close beyond the end. RE-RUNNING gen_corridor_tour.py FOR THIS CORRIDOR REMOVES IT -- re-apply this script after.]]></description>
	<gx:Tour>
		<name>Bancroft Way E-to-W · College to San Pablo · swoop · 08-29 11:38 · cp-dae2a1</name>
		<gx:Playlist>
<!--SWOOP-INTRO-->
			<gx:FlyTo>
				<gx:duration>0.10</gx:duration>
				<gx:flyToMode>bounce</gx:flyToMode>
				<Camera>
					<longitude>-122.2518167270</longitude>
					<latitude>37.8696559228</latitude>
					<altitude>100.0</altitude>
					<heading>260.82</heading>
					<tilt>69.4</tilt>
					<roll>0</roll>
					<altitudeMode>relativeToGround</altitudeMode>
				</Camera>
			</gx:FlyTo>
			<gx:Wait><gx:duration>8.00</gx:duration></gx:Wait>
			<gx:FlyTo>
				<gx:duration>4.00</gx:duration>
				<gx:flyToMode>smooth</gx:flyToMode>
				<Camera>
					<longitude>-122.2523784158</longitude>
					<latitude>37.8695842660</latitude>
					<altitude>25.0</altitude>
					<heading>260.82</heading>
					<tilt>88.0</tilt>
					<roll>0</roll>
					<altitudeMode>relativeToGround</altitudeMode>
				</Camera>
			</gx:FlyTo>
<!--/SWOOP-INTRO-->
			<gx:FlyTo>
				<gx:duration>0.10</gx:duration>
				<gx:flyToMode>bounce</gx:flyToMode>
				<Camera>
					<longitude>-122.2523784158</longitude>
					<latitude>37.8695842660</latitude>
					<altitude>25.0</altitude>
					<heading>260.82</heading>
					<tilt>88.0</tilt>
					<roll>0</roll>
					<altitudeMode>relativeToGround</altitudeMode>
				</Camera>
			</gx:FlyTo>
			<gx:FlyTo>
				<gx:duration>3.36</gx:duration>
				<gx:flyToMode>smooth</gx:flyToMode>
				<Camera>
					<longitude>-122.2528319304</longitude>
					<latitude>37.8695263911</latitude>
					<altitude>25.0</altitude>
					<heading>260.82</heading>
					<tilt>88.0</tilt>
					<roll>0</roll>
					<altitudeMode>relativeToGround</altitudeMode>
				</Camera>
			</gx:FlyTo>
			<gx:FlyTo>
				<gx:duration>3.36</gx:duration>
				<gx:flyToMode>smooth</gx:flyToMode>
				<Camera>
					<longitude>-122.2532854449</longitude>
					<latitude>37.8694685163</latitude>
					<altitude>25.0</altitude>
					<heading>260.82</heading>
					<tilt>88.0</tilt>
					<roll>0</roll>
					<altitudeMode>relativeToGround</altitudeMode>
				</Camera>
			</gx:FlyTo>
			<gx:FlyTo>
				<gx:duration>3.36</gx:duration>
				<gx:flyToMode>smooth</gx:flyToMode>
				<Camera>
					<longitude>-122.2537389595</longitude>
					<latitude>37.8694106414</latitude>
					<altitude>25.0</altitude>
					<heading>260.82</heading>
					<tilt>88.0</tilt>
					<roll>0</roll>
					<altitudeMode>relativeToGround</altitudeMode>
				</Camera>
			</gx:FlyTo>
			<gx:FlyTo>
				<gx:duration>3.36</gx:duration>
				<gx:flyToMode>smooth</gx:flyToMode>
				<Camera>
					<longitude>-122.2541924741</longitude>
					<latitude>37.8693527666</latitude>
					<altitude>25.0</altitude>
					<heading>260.82</heading>
					<tilt>88.0</tilt>
					<roll>0</roll>
					<altitudeMode>relativeToGround</altitudeMode>
				</Camera>
			</gx:FlyTo>
			<gx:FlyTo>
				<gx:duration>3.36</gx:duration>
				<gx:flyToMode>smooth</gx:flyToMode>
				<Camera>
					<longitude>-122.2546459887</longitude>
					<latitude>37.8692948917</latitude>
					<altitude>25.0</altitude>
					<heading>260.82</heading>
					<tilt>88.0</tilt>
					<roll>0</roll>
					<altitudeMode>relativeToGround</altitudeMode>
				</Camera>
			</gx:FlyTo>
			<gx:FlyTo>
				<gx:duration>3.36</gx:duration>
				<gx:flyToMode>smooth</gx:flyToMode>
				<Camera>
					<longitude>-122.2550995033</longitude>
					<latitude>37.8692370169</latitude>
					<altitude>25.0</altitude>
					<heading>260.82</heading>
					<tilt>88.0</tilt>
					<roll>0</roll>
					<altitudeMode>relativeToGround</altitudeMode>
				</Camera>
			</gx:FlyTo>
			<gx:FlyTo>
				<gx:duration>3.36</gx:duration>
				<gx:flyToMode>smooth</gx:flyToMode>
				<Camera>
					<longitude>-122.2555530178</longitude>
					<latitude>37.8691791420</latitude>
					<altitude>25.0</altitude>
					<heading>260.82</heading>
					<tilt>88.0</tilt>
					<roll>0</roll>
					<altitudeMode>relativeToGround</altitudeMode>
				</Camera>
			</gx:FlyTo>
			<gx:FlyTo>
				<gx:duration>3.36</gx:duration>
				<gx:flyToMode>smooth</gx:flyToMode>
				<Camera>
					<longitude>-122.2560065324</longitude>
					<latitude>37.8691212672</latitude>
					<altitude>25.0</altitude>
					<heading>260.82</heading>
					<tilt>88.0</tilt>
					<roll>0</roll>
					<altitudeMode>relativeToGround</altitudeMode>
				</Camera>
			</gx:FlyTo>
			<gx:FlyTo>
				<gx:duration>3.36</gx:duration>
				<gx:flyToMode>smooth</gx:flyToMode>
				<Camera>
					<longitude>-122.2564600470</longitude>
					<latitude>37.8690633923</latitude>
					<altitude>25.0</altitude>
					<heading>260.82</heading>
					<tilt>88.0</tilt>
					<roll>0</roll>
					<altitudeMode>relativeToGround</altitudeMode>
				</Camera>
			</gx:FlyTo>
			<gx:FlyTo>
				<gx:duration>3.36</gx:duration>
				<gx:flyToMode>smooth</gx:flyToMode>
				<Camera>
					<longitude>-122.2569135616</longitude>
					<latitude>37.8690055175</latitude>
					<altitude>25.0</altitude>
					<heading>260.82</heading>
					<tilt>88.0</tilt>
					<roll>0</roll>
					<altitudeMode>relativeToGround</altitudeMode>
				</Camera>
			</gx:FlyTo>
			<gx:FlyTo>
				<gx:duration>3.36</gx:duration>
				<gx:flyToMode>smooth</gx:flyToMode>
				<Camera>
					<longitude>-122.2573670762</longitude>
					<latitude>37.8689476426</latitude>
					<altitude>25.0</altitude>
					<heading>260.82</heading>
					<tilt>88.0</tilt>
					<roll>0</roll>
					<altitudeMode>relativeToGround</altitudeMode>
				</Camera>
			</gx:FlyTo>
			<gx:FlyTo>
				<gx:duration>0.30</gx:duration>
				<gx:flyToMode>smooth</gx:flyToMode>
				<Camera>
					<longitude>-122.2578609646</longitude>
					<latitude>37.8688860604</latitude>
					<altitude>25.3</altitude>
					<heading>260.36</heading>
					<tilt>87.8</tilt>
					<roll>0</roll>
					<altitudeMode>relativeToGround</altitudeMode>
				</Camera>
			</gx:FlyTo>
			<gx:FlyTo>
				<gx:duration>0.30</gx:duration>
				<gx:flyToMode>smooth</gx:flyToMode>
				<Camera>
					<longitude>-122.2579013167</longitude>
					<latitude>37.8688897517</latitude>
					<altitude>26.2</altitude>
					<heading>258.83</heading>
					<tilt>87.3</tilt>
					<roll>0</roll>
					<altitudeMode>relativeToGround</altitudeMode>
				</Camera>
			</gx:FlyTo>
			<gx:FlyTo>
				<gx:duration>0.30</gx:duration>
				<gx:flyToMode>smooth</gx:flyToMode>
				<Camera>
					<longitude>-122.2579425073</longitude>
					<latitude>37.8689047380</latitude>
					<altitude>27.5</altitude>
					<heading>256.09</heading>
					<tilt>86.5</tilt>
					<roll>0</roll>
					<altitudeMode>relativeToGround</altitudeMode>
				</Camera>
			</gx:FlyTo>
			<gx:FlyTo>
				<gx:duration>0.30</gx:duration>
				<gx:flyToMode>smooth</gx:flyToMode>
				<Camera>
					<longitude>-122.2579859433</longitude>
					<latitude>37.8689313461</latitude>
					<altitude>29.2</altitude>
					<heading>252.03</heading>
					<tilt>85.5</tilt>
					<roll>0</roll>
					<altitudeMode>relativeToGround</altitudeMode>
				</Camera>
			</gx:FlyTo>
			<gx:FlyTo>
				<gx:duration>0.30</gx:duration>
				<gx:flyToMode>smooth</gx:flyToMode>
				<Camera>
					<longitude>-122.2580330155</longitude>
					<latitude>37.8689666738</latitude>
					<altitude>31.3</altitude>
					<heading>246.61</heading>
					<tilt>84.3</tilt>
					<roll>0</roll>
					<altitudeMode>relativeToGround</altitudeMode>
				</Camera>
			</gx:FlyTo>
			<gx:FlyTo>
				<gx:duration>0.30</gx:duration>
				<gx:flyToMode>smooth</gx:flyToMode>
				<Camera>
					<longitude>-122.2580844598</longitude>
					<latitude>37.8690050524</latitude>
					<altitude>33.5</altitude>
					<heading>239.85</heading>
					<tilt>82.9</tilt>
					<roll>0</roll>
					<altitudeMode>relativeToGround</altitudeMode>
				</Camera>
			</gx:FlyTo>
			<gx:FlyTo>
				<gx:duration>0.30</gx:duration>
				<gx:flyToMode>smooth</gx:flyToMode>
				<Camera>
					<longitude>-122.2581397098</longitude>
					<latitude>37.8690386676</latitude>
					<altitude>36.0</altitude>
					<heading>231.83</heading>
					<tilt>81.5</tilt>
					<roll>0</roll>
					<altitudeMode>relativeToGround</altitudeMode>
				</Camera>
			</gx:FlyTo>
			<gx:FlyTo>
				<gx:duration>0.30</gx:duration>
				<gx:flyToMode>smooth</gx:flyToMode>
				<Camera>
					<longitude>-122.2581963196</longitude>
					<latitude>37.8690583654</latitude>
					<altitude>38.5</altitude>
					<heading>222.68</heading>
					<tilt>80.0</tilt>
					<roll>0</roll>
					<altitudeMode>relativeToGround</altitudeMode>
				</Camera>
			</gx:FlyTo>
			<gx:FlyTo>
				<gx:duration>0.30</gx:duration>
				<gx:flyToMode>smooth</gx:flyToMode>
				<Camera>
					<longitude>-122.2582530215</longitude>
					<latitude>37.8690659479</latitude>
					<altitude>41.0</altitude>
					<heading>212.60</heading>
					<tilt>78.5</tilt>
					<roll>0</roll>
					<altitudeMode>relativeToGround</altitudeMode>
				</Camera>
			</gx:FlyTo>
			<gx:FlyTo>
				<gx:duration>0.30</gx:duration>
				<gx:flyToMode>smooth</gx:flyToMode>
				<Camera>
					<longitude>-122.2583109832</longitude>
					<latitude>37.8690693861</latitude>
					<altitude>43.5</altitude>
					<heading>201.84</heading>
					<tilt>77.1</tilt>
					<roll>0</roll>
					<altitudeMode>relativeToGround</altitudeMode>
				</Camera>
			</gx:FlyTo>
			<gx:FlyTo>
				<gx:duration>0.30</gx:duration>
				<gx:flyToMode>smooth</gx:flyToMode>
				<Camera>
					<longitude>-122.2583696522</longitude>
					<latitude>37.8690683832</latitude>
					<altitude>45.7</altitude>
					<heading>190.71</heading>
					<tilt>75.7</tilt>
					<roll>0</roll>
					<altitudeMode>relativeToGround</altitudeMode>
				</Camera>
			</gx:FlyTo>
			<gx:FlyTo>
				<gx:duration>0.30</gx:duration>
				<gx:flyToMode>smooth</gx:flyToMode>
				<Camera>
					<longitude>-122.2584283809</longitude>
					<latitude>37.8690626972</latitude>
					<altitude>47.8</altitude>
					<heading>179.58</heading>
					<tilt>74.5</tilt>
					<roll>0</roll>
					<altitudeMode>relativeToGround</altitudeMode>
				</Camera>
			</gx:FlyTo>
			<gx:FlyTo>
				<gx:duration>0.30</gx:duration>
				<gx:flyToMode>smooth</gx:flyToMode>
				<Camera>
					<longitude>-122.2584864362</longitude>
					<latitude>37.8690521564</latitude>
					<altitude>49.5</altitude>
					<heading>168.89</heading>
					<tilt>73.5</tilt>
					<roll>0</roll>
					<altitudeMode>relativeToGround</altitudeMode>
				</Camera>
			</gx:FlyTo>
			<gx:FlyTo>
				<gx:duration>0.30</gx:duration>
				<gx:flyToMode>smooth</gx:flyToMode>
				<Camera>
					<longitude>-122.2585430125</longitude>
					<latitude>37.8690366721</latitude>
					<altitude>50.8</altitude>
					<heading>159.11</heading>
					<tilt>72.7</tilt>
					<roll>0</roll>
					<altitudeMode>relativeToGround</altitudeMode>
				</Camera>
			</gx:FlyTo>
			<gx:FlyTo>
				<gx:duration>0.30</gx:duration>
				<gx:flyToMode>smooth</gx:flyToMode>
				<Camera>
					<longitude>-122.2585972481</longitude>
					<latitude>37.8690162514</latitude>
					<altitude>51.7</altitude>
					<heading>150.79</heading>
					<tilt>72.2</tilt>
					<roll>0</roll>
					<altitudeMode>relativeToGround</altitudeMode>
				</Camera>
			</gx:FlyTo>
			<gx:FlyTo>
				<gx:duration>0.30</gx:duration>
				<gx:flyToMode>smooth</gx:flyToMode>
				<Camera>
					<longitude>-122.2586482440</longitude>
					<latitude>37.8689910074</latitude>
					<altitude>52.0</altitude>
					<heading>144.54</heading>
					<tilt>72.0</tilt>
					<roll>0</roll>
					<altitudeMode>relativeToGround</altitudeMode>
				</Camera>
			</gx:FlyTo>
			<gx:FlyTo>
				<gx:duration>0.53</gx:duration>
				<gx:flyToMode>smooth</gx:flyToMode>
				<Camera>
					<longitude>-122.2587108164</longitude>
					<latitude>37.8689513022</latitude>
					<altitude>52.0</altitude>
					<heading>137.87</heading>
					<tilt>72.0</tilt>
					<roll>0</roll>
					<altitudeMode>relativeToGround</altitudeMode>
				</Camera>
			</gx:FlyTo>
			<gx:FlyTo>
				<gx:duration>0.53</gx:duration>
				<gx:flyToMode>smooth</gx:flyToMode>
				<Camera>
					<longitude>-122.2587671267</longitude>
					<latitude>37.8689061310</latitude>
					<altitude>52.0</altitude>
					<heading>131.21</heading>
					<tilt>72.0</tilt>
					<roll>0</roll>
					<altitudeMode>relativeToGround</altitudeMode>
				</Camera>
			</gx:FlyTo>
			<gx:FlyTo>
				<gx:duration>0.53</gx:duration>
				<gx:flyToMode>smooth</gx:flyToMode>
				<Camera>
					<longitude>-122.2588164133</longitude>
					<latitude>37.8688561047</latitude>
					<altitude>52.0</altitude>
					<heading>124.54</heading>
					<tilt>72.0</tilt>
					<roll>0</roll>
					<altitudeMode>relativeToGround</altitudeMode>
				</Camera>
			</gx:FlyTo>
			<gx:FlyTo>
				<gx:duration>0.53</gx:duration>
				<gx:flyToMode>smooth</gx:flyToMode>
				<Camera>
					<longitude>-122.2588580097</longitude>
					<latitude>37.8688018996</latitude>
					<altitude>52.0</altitude>
					<heading>117.87</heading>
					<tilt>72.0</tilt>
					<roll>0</roll>
					<altitudeMode>relativeToGround</altitudeMode>
				</Camera>
			</gx:FlyTo>
			<gx:FlyTo>
				<gx:duration>0.53</gx:duration>
				<gx:flyToMode>smooth</gx:flyToMode>
				<Camera>
					<longitude>-122.2588913535</longitude>
					<latitude>37.8687442489</latitude>
					<altitude>52.0</altitude>
					<heading>111.21</heading>
					<tilt>72.0</tilt>
					<roll>0</roll>
					<altitudeMode>relativeToGround</altitudeMode>
				</Camera>
			</gx:FlyTo>
			<gx:FlyTo>
				<gx:duration>0.53</gx:duration>
				<gx:flyToMode>smooth</gx:flyToMode>
				<Camera>
					<longitude>-122.2589159936</longitude>
					<latitude>37.8686839322</latitude>
					<altitude>52.0</altitude>
					<heading>104.54</heading>
					<tilt>72.0</tilt>
					<roll>0</roll>
					<altitudeMode>relativeToGround</altitudeMode>
				</Camera>
			</gx:FlyTo>
			<gx:FlyTo>
				<gx:duration>0.53</gx:duration>
				<gx:flyToMode>smooth</gx:flyToMode>
				<Camera>
					<longitude>-122.2589315969</longitude>
					<latitude>37.8686217651</latitude>
					<altitude>52.0</altitude>
					<heading>97.87</heading>
					<tilt>72.0</tilt>
					<roll>0</roll>
					<altitudeMode>relativeToGround</altitudeMode>
				</Camera>
			</gx:FlyTo>
			<gx:FlyTo>
				<gx:duration>0.53</gx:duration>
				<gx:flyToMode>smooth</gx:flyToMode>
				<Camera>
					<longitude>-122.2589379523</longitude>
					<latitude>37.8685585885</latitude>
					<altitude>52.0</altitude>
					<heading>91.21</heading>
					<tilt>72.0</tilt>
					<roll>0</roll>
					<altitudeMode>relativeToGround</altitudeMode>
				</Camera>
			</gx:FlyTo>
			<gx:FlyTo>
				<gx:duration>0.53</gx:duration>
				<gx:flyToMode>smooth</gx:flyToMode>
				<Camera>
					<longitude>-122.2589349740</longitude>
					<latitude>37.8684952565</latitude>
					<altitude>52.0</altitude>
					<heading>84.54</heading>
					<tilt>72.0</tilt>
					<roll>0</roll>
					<altitudeMode>relativeToGround</altitudeMode>
				</Camera>
			</gx:FlyTo>
			<gx:FlyTo>
				<gx:duration>0.53</gx:duration>
				<gx:flyToMode>smooth</gx:flyToMode>
				<Camera>
					<longitude>-122.2589227021</longitude>
					<latitude>37.8684326258</latitude>
					<altitude>52.0</altitude>
					<heading>77.87</heading>
					<tilt>72.0</tilt>
					<roll>0</roll>
					<altitudeMode>relativeToGround</altitudeMode>
				</Camera>
			</gx:FlyTo>
			<gx:FlyTo>
				<gx:duration>0.53</gx:duration>
				<gx:flyToMode>smooth</gx:flyToMode>
				<Camera>
					<longitude>-122.2589013027</longitude>
					<latitude>37.8683715431</latitude>
					<altitude>52.0</altitude>
					<heading>71.21</heading>
					<tilt>72.0</tilt>
					<roll>0</roll>
					<altitudeMode>relativeToGround</altitudeMode>
				</Camera>
			</gx:FlyTo>
			<gx:FlyTo>
				<gx:duration>0.53</gx:duration>
				<gx:flyToMode>smooth</gx:flyToMode>
				<Camera>
					<longitude>-122.2588710651</longitude>
					<latitude>37.8683128347</latitude>
					<altitude>52.0</altitude>
					<heading>64.54</heading>
					<tilt>72.0</tilt>
					<roll>0</roll>
					<altitudeMode>relativeToGround</altitudeMode>
				</Camera>
			</gx:FlyTo>
			<gx:FlyTo>
				<gx:duration>0.53</gx:duration>
				<gx:flyToMode>smooth</gx:flyToMode>
				<Camera>
					<longitude>-122.2588323983</longitude>
					<latitude>37.8682572944</latitude>
					<altitude>52.0</altitude>
					<heading>57.87</heading>
					<tilt>72.0</tilt>
					<roll>0</roll>
					<altitudeMode>relativeToGround</altitudeMode>
				</Camera>
			</gx:FlyTo>
			<gx:FlyTo>
				<gx:duration>0.53</gx:duration>
				<gx:flyToMode>smooth</gx:flyToMode>
				<Camera>
					<longitude>-122.2587858251</longitude>
					<latitude>37.8682056734</latitude>
					<altitude>52.0</altitude>
					<heading>51.21</heading>
					<tilt>72.0</tilt>
					<roll>0</roll>
					<altitudeMode>relativeToGround</altitudeMode>
				</Camera>
			</gx:FlyTo>
			<gx:FlyTo>
				<gx:duration>0.53</gx:duration>
				<gx:flyToMode>smooth</gx:flyToMode>
				<Camera>
					<longitude>-122.2587319754</longitude>
					<latitude>37.8681586696</latitude>
					<altitude>52.0</altitude>
					<heading>44.54</heading>
					<tilt>72.0</tilt>
					<roll>0</roll>
					<altitudeMode>relativeToGround</altitudeMode>
				</Camera>
			</gx:FlyTo>
			<gx:FlyTo>
				<gx:duration>0.53</gx:duration>
				<gx:flyToMode>smooth</gx:flyToMode>
				<Camera>
					<longitude>-122.2586715774</longitude>
					<latitude>37.8681169187</latitude>
					<altitude>52.0</altitude>
					<heading>37.87</heading>
					<tilt>72.0</tilt>
					<roll>0</roll>
					<altitudeMode>relativeToGround</altitudeMode>
				</Camera>
			</gx:FlyTo>
			<gx:FlyTo>
				<gx:duration>0.53</gx:duration>
				<gx:flyToMode>smooth</gx:flyToMode>
				<Camera>
					<longitude>-122.2586054479</longitude>
					<latitude>37.8680809854</latitude>
					<altitude>52.0</altitude>
					<heading>31.21</heading>
					<tilt>72.0</tilt>
					<roll>0</roll>
					<altitudeMode>relativeToGround</altitudeMode>
				</Camera>
			</gx:FlyTo>
			<gx:FlyTo>
				<gx:duration>0.53</gx:duration>
				<gx:flyToMode>smooth</gx:flyToMode>
				<Camera>
					<longitude>-122.2585344812</longitude>
					<latitude>37.8680513556</latitude>
					<altitude>52.0</altitude>
					<heading>24.54</heading>
					<tilt>72.0</tilt>
					<roll>0</roll>
					<altitudeMode>relativeToGround</altitudeMode>
				</Camera>
			</gx:FlyTo>
			<gx:FlyTo>
				<gx:duration>0.53</gx:duration>
				<gx:flyToMode>smooth</gx:flyToMode>
				<Camera>
					<longitude>-122.2584596369</longitude>
					<latitude>37.8680284300</latitude>
					<altitude>52.0</altitude>
					<heading>17.87</heading>
					<tilt>72.0</tilt>
					<roll>0</roll>
					<altitudeMode>relativeToGround</altitudeMode>
				</Camera>
			</gx:FlyTo>
			<gx:FlyTo>
				<gx:duration>0.53</gx:duration>
				<gx:flyToMode>smooth</gx:flyToMode>
				<Camera>
					<longitude>-122.2583819272</longitude>
					<latitude>37.8680125186</latitude>
					<altitude>52.0</altitude>
					<heading>11.21</heading>
					<tilt>72.0</tilt>
					<roll>0</roll>
					<altitudeMode>relativeToGround</altitudeMode>
				</Camera>
			</gx:FlyTo>
			<gx:FlyTo>
				<gx:duration>0.53</gx:duration>
				<gx:flyToMode>smooth</gx:flyToMode>
				<Camera>
					<longitude>-122.2583024030</longitude>
					<latitude>37.8680038366</latitude>
					<altitude>52.0</altitude>
					<heading>4.54</heading>
					<tilt>72.0</tilt>
					<roll>0</roll>
					<altitudeMode>relativeToGround</altitudeMode>
				</Camera>
			</gx:FlyTo>
			<gx:FlyTo>
				<gx:duration>0.53</gx:duration>
				<gx:flyToMode>smooth</gx:flyToMode>
				<Camera>
					<longitude>-122.2582221398</longitude>
					<latitude>37.8680025013</latitude>
					<altitude>52.0</altitude>
					<heading>357.87</heading>
					<tilt>72.0</tilt>
					<roll>0</roll>
					<altitudeMode>relativeToGround</altitudeMode>
				</Camera>
			</gx:FlyTo>
			<gx:FlyTo>
				<gx:duration>0.53</gx:duration>
				<gx:flyToMode>smooth</gx:flyToMode>
				<Camera>
					<longitude>-122.2581422229</longitude>
					<latitude>37.8680085310</latitude>
					<altitude>52.0</altitude>
					<heading>351.21</heading>
					<tilt>72.0</tilt>
					<roll>0</roll>
					<altitudeMode>relativeToGround</altitudeMode>
				</Camera>
			</gx:FlyTo>
			<gx:FlyTo>
				<gx:duration>0.53</gx:duration>
				<gx:flyToMode>smooth</gx:flyToMode>
				<Camera>
					<longitude>-122.2580637331</longitude>
					<latitude>37.8680218439</latitude>
					<altitude>52.0</altitude>
					<heading>344.54</heading>
					<tilt>72.0</tilt>
					<roll>0</roll>
					<altitudeMode>relativeToGround</altitudeMode>
				</Camera>
			</gx:FlyTo>
			<gx:FlyTo>
				<gx:duration>0.53</gx:duration>
				<gx:flyToMode>smooth</gx:flyToMode>
				<Camera>
					<longitude>-122.2579877318</longitude>
					<latitude>37.8680422601</latitude>
					<altitude>52.0</altitude>
					<heading>337.87</heading>
					<tilt>72.0</tilt>
					<roll>0</roll>
					<altitudeMode>relativeToGround</altitudeMode>
				</Camera>
			</gx:FlyTo>
			<gx:FlyTo>
				<gx:duration>0.53</gx:duration>
				<gx:flyToMode>smooth</gx:flyToMode>
				<Camera>
					<longitude>-122.2579152468</longitude>
					<latitude>37.8680695035</latitude>
					<altitude>52.0</altitude>
					<heading>331.21</heading>
					<tilt>72.0</tilt>
					<roll>0</roll>
					<altitudeMode>relativeToGround</altitudeMode>
				</Camera>
			</gx:FlyTo>
			<gx:FlyTo>
				<gx:duration>0.53</gx:duration>
				<gx:flyToMode>smooth</gx:flyToMode>
				<Camera>
					<longitude>-122.2578472584</longitude>
					<latitude>37.8681032056</latitude>
					<altitude>52.0</altitude>
					<heading>324.54</heading>
					<tilt>72.0</tilt>
					<roll>0</roll>
					<altitudeMode>relativeToGround</altitudeMode>
				</Camera>
			</gx:FlyTo>
			<gx:FlyTo>
				<gx:duration>0.53</gx:duration>
				<gx:flyToMode>smooth</gx:flyToMode>
				<Camera>
					<longitude>-122.2577846860</longitude>
					<latitude>37.8681429108</latitude>
					<altitude>52.0</altitude>
					<heading>317.87</heading>
					<tilt>72.0</tilt>
					<roll>0</roll>
					<altitudeMode>relativeToGround</altitudeMode>
				</Camera>
			</gx:FlyTo>
			<gx:FlyTo>
				<gx:duration>0.53</gx:duration>
				<gx:flyToMode>smooth</gx:flyToMode>
				<Camera>
					<longitude>-122.2577283757</longitude>
					<latitude>37.8681880819</latitude>
					<altitude>52.0</altitude>
					<heading>311.21</heading>
					<tilt>72.0</tilt>
					<roll>0</roll>
					<altitudeMode>relativeToGround</altitudeMode>
				</Camera>
			</gx:FlyTo>
			<gx:FlyTo>
				<gx:duration>0.53</gx:duration>
				<gx:flyToMode>smooth</gx:flyToMode>
				<Camera>
					<longitude>-122.2576790891</longitude>
					<latitude>37.8682381083</latitude>
					<altitude>52.0</altitude>
					<heading>304.54</heading>
					<tilt>72.0</tilt>
					<roll>0</roll>
					<altitudeMode>relativeToGround</altitudeMode>
				</Camera>
			</gx:FlyTo>
			<gx:FlyTo>
				<gx:duration>0.40</gx:duration>
				<gx:flyToMode>smooth</gx:flyToMode>
				<Camera>
					<longitude>-122.2576389077</longitude>
					<latitude>37.8682929042</latitude>
					<altitude>51.5</altitude>
					<heading>297.87</heading>
					<tilt>72.3</tilt>
					<roll>0</roll>
					<altitudeMode>relativeToGround</altitudeMode>
				</Camera>
			</gx:FlyTo>
			<gx:FlyTo>
				<gx:duration>0.40</gx:duration>
				<gx:flyToMode>smooth</gx:flyToMode>
				<Camera>
					<longitude>-122.2576097672</longitude>
					<latitude>37.8683516850</latitude>
					<altitude>50.0</altitude>
					<heading>291.21</heading>
					<tilt>73.2</tilt>
					<roll>0</roll>
					<altitudeMode>relativeToGround</altitudeMode>
				</Camera>
			</gx:FlyTo>
			<gx:FlyTo>
				<gx:duration>0.40</gx:duration>
				<gx:flyToMode>smooth</gx:flyToMode>
				<Camera>
					<longitude>-122.2575918135</longitude>
					<latitude>37.8684128002</latitude>
					<altitude>47.8</altitude>
					<heading>284.54</heading>
					<tilt>74.5</tilt>
					<roll>0</roll>
					<altitudeMode>relativeToGround</altitudeMode>
				</Camera>
			</gx:FlyTo>
			<gx:FlyTo>
				<gx:duration>0.40</gx:duration>
				<gx:flyToMode>smooth</gx:flyToMode>
				<Camera>
					<longitude>-122.2575847988</longitude>
					<latitude>37.8684747289</latitude>
					<altitude>45.0</altitude>
					<heading>277.87</heading>
					<tilt>76.1</tilt>
					<roll>0</roll>
					<altitudeMode>relativeToGround</altitudeMode>
				</Camera>
			</gx:FlyTo>
			<gx:FlyTo>
				<gx:duration>0.40</gx:duration>
				<gx:flyToMode>smooth</gx:flyToMode>
				<Camera>
					<longitude>-122.2575881457</longitude>
					<latitude>37.8685361335</latitude>
					<altitude>41.8</altitude>
					<heading>271.21</heading>
					<tilt>78.0</tilt>
					<roll>0</roll>
					<altitudeMode>relativeToGround</altitudeMode>
				</Camera>
			</gx:FlyTo>
			<gx:FlyTo>
				<gx:duration>0.40</gx:duration>
				<gx:flyToMode>smooth</gx:flyToMode>
				<Camera>
					<longitude>-122.2576010216</longitude>
					<latitude>37.8685959013</latitude>
					<altitude>38.5</altitude>
					<heading>264.54</heading>
					<tilt>80.0</tilt>
					<roll>0</roll>
					<altitudeMode>relativeToGround</altitudeMode>
				</Camera>
			</gx:FlyTo>
			<gx:FlyTo>
				<gx:duration>0.40</gx:duration>
				<gx:flyToMode>smooth</gx:flyToMode>
				<Camera>
					<longitude>-122.2576224208</longitude>
					<latitude>37.8686531709</latitude>
					<altitude>35.2</altitude>
					<heading>257.87</heading>
					<tilt>82.0</tilt>
					<roll>0</roll>
					<altitudeMode>relativeToGround</altitudeMode>
				</Camera>
			</gx:FlyTo>
			<gx:FlyTo>
				<gx:duration>0.40</gx:duration>
				<gx:flyToMode>smooth</gx:flyToMode>
				<Camera>
					<longitude>-122.2576512503</longitude>
					<latitude>37.8687073444</latitude>
					<altitude>32.0</altitude>
					<heading>251.21</heading>
					<tilt>83.9</tilt>
					<roll>0</roll>
					<altitudeMode>relativeToGround</altitudeMode>
				</Camera>
			</gx:FlyTo>
			<gx:FlyTo>
				<gx:duration>0.40</gx:duration>
				<gx:flyToMode>smooth</gx:flyToMode>
				<Camera>
					<longitude>-122.2576864149</longitude>
					<latitude>37.8687580841</latitude>
					<altitude>29.2</altitude>
					<heading>244.54</heading>
					<tilt>85.5</tilt>
					<roll>0</roll>
					<altitudeMode>relativeToGround</altitudeMode>
				</Camera>
			</gx:FlyTo>
			<gx:FlyTo>
				<gx:duration>0.40</gx:duration>
				<gx:flyToMode>smooth</gx:flyToMode>
				<Camera>
					<longitude>-122.2577268987</longitude>
					<latitude>37.8688052953</latitude>
					<altitude>27.0</altitude>
					<heading>237.87</heading>
					<tilt>86.8</tilt>
					<roll>0</roll>
					<altitudeMode>relativeToGround</altitudeMode>
				</Camera>
			</gx:FlyTo>
			<gx:FlyTo>
				<gx:duration>0.40</gx:duration>
				<gx:flyToMode>smooth</gx:flyToMode>
				<Camera>
					<longitude>-122.2577718394</longitude>
					<latitude>37.8688490949</latitude>
					<altitude>25.5</altitude>
					<heading>231.21</heading>
					<tilt>87.7</tilt>
					<roll>0</roll>
					<altitudeMode>relativeToGround</altitudeMode>
				</Camera>
			</gx:FlyTo>
			<gx:FlyTo>
				<gx:duration>0.40</gx:duration>
				<gx:flyToMode>smooth</gx:flyToMode>
				<Camera>
					<longitude>-122.2578205907</longitude>
					<latitude>37.8688897678</latitude>
					<altitude>25.0</altitude>
					<heading>224.54</heading>
					<tilt>88.0</tilt>
					<roll>0</roll>
					<altitudeMode>relativeToGround</altitudeMode>
				</Camera>
			</gx:FlyTo>
			<gx:FlyTo>
				<gx:duration>3.36</gx:duration>
				<gx:flyToMode>smooth</gx:flyToMode>
				<Camera>
					<longitude>-122.2578205907</longitude>
					<latitude>37.8688897678</latitude>
					<altitude>25.0</altitude>
					<heading>260.82</heading>
					<tilt>88.0</tilt>
					<roll>0</roll>
					<altitudeMode>relativeToGround</altitudeMode>
				</Camera>
			</gx:FlyTo>
			<gx:FlyTo>
				<gx:duration>3.36</gx:duration>
				<gx:flyToMode>smooth</gx:flyToMode>
				<Camera>
					<longitude>-122.2582741053</longitude>
					<latitude>37.8688318929</latitude>
					<altitude>25.0</altitude>
					<heading>260.82</heading>
					<tilt>88.0</tilt>
					<roll>0</roll>
					<altitudeMode>relativeToGround</altitudeMode>
				</Camera>
			</gx:FlyTo>
			<gx:FlyTo>
				<gx:duration>1.37</gx:duration>
				<gx:flyToMode>smooth</gx:flyToMode>
				<Camera>
					<longitude>-122.2584610946</longitude>
					<latitude>37.8688341942</latitude>
					<altitude>25.0</altitude>
					<heading>270.89</heading>
					<tilt>88.0</tilt>
					<roll>0</roll>
					<altitudeMode>relativeToGround</altitudeMode>
				</Camera>
			</gx:FlyTo>
			<gx:FlyTo>
				<gx:duration>3.44</gx:duration>
				<gx:flyToMode>smooth</gx:flyToMode>
				<Camera>
					<longitude>-122.2589246634</longitude>
					<latitude>37.8687707212</latitude>
					<altitude>25.0</altitude>
					<heading>260.16</heading>
					<tilt>88.0</tilt>
					<roll>0</roll>
					<altitudeMode>relativeToGround</altitudeMode>
				</Camera>
			</gx:FlyTo>
			<gx:FlyTo>
				<gx:duration>3.44</gx:duration>
				<gx:flyToMode>smooth</gx:flyToMode>
				<Camera>
					<longitude>-122.2593882323</longitude>
					<latitude>37.8687072482</latitude>
					<altitude>25.0</altitude>
					<heading>260.16</heading>
					<tilt>88.0</tilt>
					<roll>0</roll>
					<altitudeMode>relativeToGround</altitudeMode>
				</Camera>
			</gx:FlyTo>
			<gx:FlyTo>
				<gx:duration>3.44</gx:duration>
				<gx:flyToMode>smooth</gx:flyToMode>
				<Camera>
					<longitude>-122.2598518011</longitude>
					<latitude>37.8686437753</latitude>
					<altitude>25.0</altitude>
					<heading>260.16</heading>
					<tilt>88.0</tilt>
					<roll>0</roll>
					<altitudeMode>relativeToGround</altitudeMode>
				</Camera>
			</gx:FlyTo>
			<gx:FlyTo>
				<gx:duration>3.44</gx:duration>
				<gx:flyToMode>smooth</gx:flyToMode>
				<Camera>
					<longitude>-122.2603153700</longitude>
					<latitude>37.8685803023</latitude>
					<altitude>25.0</altitude>
					<heading>260.16</heading>
					<tilt>88.0</tilt>
					<roll>0</roll>
					<altitudeMode>relativeToGround</altitudeMode>
				</Camera>
			</gx:FlyTo>
			<gx:FlyTo>
				<gx:duration>3.44</gx:duration>
				<gx:flyToMode>smooth</gx:flyToMode>
				<Camera>
					<longitude>-122.2607789388</longitude>
					<latitude>37.8685168293</latitude>
					<altitude>25.0</altitude>
					<heading>260.16</heading>
					<tilt>88.0</tilt>
					<roll>0</roll>
					<altitudeMode>relativeToGround</altitudeMode>
				</Camera>
			</gx:FlyTo>
			<gx:FlyTo>
				<gx:duration>3.44</gx:duration>
				<gx:flyToMode>smooth</gx:flyToMode>
				<Camera>
					<longitude>-122.2612425077</longitude>
					<latitude>37.8684533563</latitude>
					<altitude>25.0</altitude>
					<heading>260.16</heading>
					<tilt>88.0</tilt>
					<roll>0</roll>
					<altitudeMode>relativeToGround</altitudeMode>
				</Camera>
			</gx:FlyTo>
			<gx:FlyTo>
				<gx:duration>3.44</gx:duration>
				<gx:flyToMode>smooth</gx:flyToMode>
				<Camera>
					<longitude>-122.2617060765</longitude>
					<latitude>37.8683898833</latitude>
					<altitude>25.0</altitude>
					<heading>260.16</heading>
					<tilt>88.0</tilt>
					<roll>0</roll>
					<altitudeMode>relativeToGround</altitudeMode>
				</Camera>
			</gx:FlyTo>
			<gx:FlyTo>
				<gx:duration>3.44</gx:duration>
				<gx:flyToMode>smooth</gx:flyToMode>
				<Camera>
					<longitude>-122.2621696453</longitude>
					<latitude>37.8683264103</latitude>
					<altitude>25.0</altitude>
					<heading>260.16</heading>
					<tilt>88.0</tilt>
					<roll>0</roll>
					<altitudeMode>relativeToGround</altitudeMode>
				</Camera>
			</gx:FlyTo>
			<gx:FlyTo>
				<gx:duration>2.16</gx:duration>
				<gx:flyToMode>smooth</gx:flyToMode>
				<Camera>
					<longitude>-122.2624647153</longitude>
					<latitude>37.8683107443</latitude>
					<altitude>25.0</altitude>
					<heading>266.15</heading>
					<tilt>88.0</tilt>
					<roll>0</roll>
					<altitudeMode>relativeToGround</altitudeMode>
				</Camera>
			</gx:FlyTo>
			<gx:FlyTo>
				<gx:duration>3.40</gx:duration>
				<gx:flyToMode>smooth</gx:flyToMode>
				<Camera>
					<longitude>-122.2629220904</longitude>
					<latitude>37.8682484565</latitude>
					<altitude>25.0</altitude>
					<heading>260.21</heading>
					<tilt>88.0</tilt>
					<roll>0</roll>
					<altitudeMode>relativeToGround</altitudeMode>
				</Camera>
			</gx:FlyTo>
			<gx:FlyTo>
				<gx:duration>3.40</gx:duration>
				<gx:flyToMode>smooth</gx:flyToMode>
				<Camera>
					<longitude>-122.2633794655</longitude>
					<latitude>37.8681861688</latitude>
					<altitude>25.0</altitude>
					<heading>260.21</heading>
					<tilt>88.0</tilt>
					<roll>0</roll>
					<altitudeMode>relativeToGround</altitudeMode>
				</Camera>
			</gx:FlyTo>
			<gx:FlyTo>
				<gx:duration>3.40</gx:duration>
				<gx:flyToMode>smooth</gx:flyToMode>
				<Camera>
					<longitude>-122.2638368406</longitude>
					<latitude>37.8681238810</latitude>
					<altitude>25.0</altitude>
					<heading>260.21</heading>
					<tilt>88.0</tilt>
					<roll>0</roll>
					<altitudeMode>relativeToGround</altitudeMode>
				</Camera>
			</gx:FlyTo>
			<gx:FlyTo>
				<gx:duration>3.40</gx:duration>
				<gx:flyToMode>smooth</gx:flyToMode>
				<Camera>
					<longitude>-122.2642942157</longitude>
					<latitude>37.8680615933</latitude>
					<altitude>25.0</altitude>
					<heading>260.21</heading>
					<tilt>88.0</tilt>
					<roll>0</roll>
					<altitudeMode>relativeToGround</altitudeMode>
				</Camera>
			</gx:FlyTo>
			<gx:FlyTo>
				<gx:duration>3.40</gx:duration>
				<gx:flyToMode>smooth</gx:flyToMode>
				<Camera>
					<longitude>-122.2647515908</longitude>
					<latitude>37.8679993055</latitude>
					<altitude>25.0</altitude>
					<heading>260.21</heading>
					<tilt>88.0</tilt>
					<roll>0</roll>
					<altitudeMode>relativeToGround</altitudeMode>
				</Camera>
			</gx:FlyTo>
			<gx:FlyTo>
				<gx:duration>0.30</gx:duration>
				<gx:flyToMode>smooth</gx:flyToMode>
				<Camera>
					<longitude>-122.2652487477</longitude>
					<latitude>37.8679328338</latitude>
					<altitude>25.7</altitude>
					<heading>259.81</heading>
					<tilt>87.8</tilt>
					<roll>0</roll>
					<altitudeMode>relativeToGround</altitudeMode>
				</Camera>
			</gx:FlyTo>
			<gx:FlyTo>
				<gx:duration>0.30</gx:duration>
				<gx:flyToMode>smooth</gx:flyToMode>
				<Camera>
					<longitude>-122.2652854490</longitude>
					<latitude>37.8679356987</latitude>
					<altitude>27.8</altitude>
					<heading>258.45</heading>
					<tilt>87.3</tilt>
					<roll>0</roll>
					<altitudeMode>relativeToGround</altitudeMode>
				</Camera>
			</gx:FlyTo>
			<gx:FlyTo>
				<gx:duration>0.30</gx:duration>
				<gx:flyToMode>smooth</gx:flyToMode>
				<Camera>
					<longitude>-122.2653175291</longitude>
					<latitude>37.8679502727</latitude>
					<altitude>31.0</altitude>
					<heading>255.97</heading>
					<tilt>86.5</tilt>
					<roll>0</roll>
					<altitudeMode>relativeToGround</altitudeMode>
				</Camera>
			</gx:FlyTo>
			<gx:FlyTo>
				<gx:duration>0.30</gx:duration>
				<gx:flyToMode>smooth</gx:flyToMode>
				<Camera>
					<longitude>-122.2653454638</longitude>
					<latitude>37.8679783119</latitude>
					<altitude>35.1</altitude>
					<heading>252.24</heading>
					<tilt>85.5</tilt>
					<roll>0</roll>
					<altitudeMode>relativeToGround</altitudeMode>
				</Camera>
			</gx:FlyTo>
			<gx:FlyTo>
				<gx:duration>0.30</gx:duration>
				<gx:flyToMode>smooth</gx:flyToMode>
				<Camera>
					<longitude>-122.2653716020</longitude>
					<latitude>37.8680183093</latitude>
					<altitude>40.0</altitude>
					<heading>247.22</heading>
					<tilt>84.3</tilt>
					<roll>0</roll>
					<altitudeMode>relativeToGround</altitudeMode>
				</Camera>
			</gx:FlyTo>
			<gx:FlyTo>
				<gx:duration>0.30</gx:duration>
				<gx:flyToMode>smooth</gx:flyToMode>
				<Camera>
					<longitude>-122.2653995286</longitude>
					<latitude>37.8680652657</latitude>
					<altitude>45.4</altitude>
					<heading>240.91</heading>
					<tilt>82.9</tilt>
					<roll>0</roll>
					<altitudeMode>relativeToGround</altitudeMode>
				</Camera>
			</gx:FlyTo>
			<gx:FlyTo>
				<gx:duration>0.30</gx:duration>
				<gx:flyToMode>smooth</gx:flyToMode>
				<Camera>
					<longitude>-122.2654330583</longitude>
					<latitude>37.8681107366</latitude>
					<altitude>51.2</altitude>
					<heading>233.36</heading>
					<tilt>81.5</tilt>
					<roll>0</roll>
					<altitudeMode>relativeToGround</altitudeMode>
				</Camera>
			</gx:FlyTo>
			<gx:FlyTo>
				<gx:duration>0.30</gx:duration>
				<gx:flyToMode>smooth</gx:flyToMode>
				<Camera>
					<longitude>-122.2654750389</longitude>
					<latitude>37.8681432658</latitude>
					<altitude>57.2</altitude>
					<heading>224.70</heading>
					<tilt>80.0</tilt>
					<roll>0</roll>
					<altitudeMode>relativeToGround</altitudeMode>
				</Camera>
			</gx:FlyTo>
			<gx:FlyTo>
				<gx:duration>0.30</gx:duration>
				<gx:flyToMode>smooth</gx:flyToMode>
				<Camera>
					<longitude>-122.2655237058</longitude>
					<latitude>37.8681632678</latitude>
					<altitude>63.3</altitude>
					<heading>215.11</heading>
					<tilt>78.5</tilt>
					<roll>0</roll>
					<altitudeMode>relativeToGround</altitudeMode>
				</Camera>
			</gx:FlyTo>
			<gx:FlyTo>
				<gx:duration>0.30</gx:duration>
				<gx:flyToMode>smooth</gx:flyToMode>
				<Camera>
					<longitude>-122.2655760884</longitude>
					<latitude>37.8681794012</latitude>
					<altitude>69.1</altitude>
					<heading>204.83</heading>
					<tilt>77.1</tilt>
					<roll>0</roll>
					<altitudeMode>relativeToGround</altitudeMode>
				</Camera>
			</gx:FlyTo>
			<gx:FlyTo>
				<gx:duration>0.30</gx:duration>
				<gx:flyToMode>smooth</gx:flyToMode>
				<Camera>
					<longitude>-122.2656315746</longitude>
					<latitude>37.8681908315</latitude>
					<altitude>74.5</altitude>
					<heading>194.15</heading>
					<tilt>75.7</tilt>
					<roll>0</roll>
					<altitudeMode>relativeToGround</altitudeMode>
				</Camera>
			</gx:FlyTo>
			<gx:FlyTo>
				<gx:duration>0.30</gx:duration>
				<gx:flyToMode>smooth</gx:flyToMode>
				<Camera>
					<longitude>-122.2656892923</longitude>
					<latitude>37.8681967991</latitude>
					<altitude>79.4</altitude>
					<heading>183.42</heading>
					<tilt>74.5</tilt>
					<roll>0</roll>
					<altitudeMode>relativeToGround</altitudeMode>
				</Camera>
			</gx:FlyTo>
			<gx:FlyTo>
				<gx:duration>0.30</gx:duration>
				<gx:flyToMode>smooth</gx:flyToMode>
				<Camera>
					<longitude>-122.2657481257</longitude>
					<latitude>37.8681966599</latitude>
					<altitude>83.5</altitude>
					<heading>173.06</heading>
					<tilt>73.5</tilt>
					<roll>0</roll>
					<altitudeMode>relativeToGround</altitudeMode>
				</Camera>
			</gx:FlyTo>
			<gx:FlyTo>
				<gx:duration>0.30</gx:duration>
				<gx:flyToMode>smooth</gx:flyToMode>
				<Camera>
					<longitude>-122.2658067397</longitude>
					<latitude>37.8681899225</latitude>
					<altitude>86.7</altitude>
					<heading>163.54</heading>
					<tilt>72.7</tilt>
					<roll>0</roll>
					<altitudeMode>relativeToGround</altitudeMode>
				</Camera>
			</gx:FlyTo>
			<gx:FlyTo>
				<gx:duration>0.30</gx:duration>
				<gx:flyToMode>smooth</gx:flyToMode>
				<Camera>
					<longitude>-122.2658636127</longitude>
					<latitude>37.8681762835</latitude>
					<altitude>88.8</altitude>
					<heading>155.39</heading>
					<tilt>72.2</tilt>
					<roll>0</roll>
					<altitudeMode>relativeToGround</altitudeMode>
				</Camera>
			</gx:FlyTo>
			<gx:FlyTo>
				<gx:duration>0.30</gx:duration>
				<gx:flyToMode>smooth</gx:flyToMode>
				<Camera>
					<longitude>-122.2659170765</longitude>
					<latitude>37.8681556577</latitude>
					<altitude>89.5</altitude>
					<heading>149.20</heading>
					<tilt>72.0</tilt>
					<roll>0</roll>
					<altitudeMode>relativeToGround</altitudeMode>
				</Camera>
			</gx:FlyTo>
			<gx:FlyTo>
				<gx:duration>0.53</gx:duration>
				<gx:flyToMode>smooth</gx:flyToMode>
				<Camera>
					<longitude>-122.2659827924</longitude>
					<latitude>37.8681204830</latitude>
					<altitude>89.5</altitude>
					<heading>142.53</heading>
					<tilt>72.0</tilt>
					<roll>0</roll>
					<altitudeMode>relativeToGround</altitudeMode>
				</Camera>
			</gx:FlyTo>
			<gx:FlyTo>
				<gx:duration>0.53</gx:duration>
				<gx:flyToMode>smooth</gx:flyToMode>
				<Camera>
					<longitude>-122.2660428913</longitude>
					<latitude>37.8680795234</latitude>
					<altitude>89.5</altitude>
					<heading>135.86</heading>
					<tilt>72.0</tilt>
					<roll>0</roll>
					<altitudeMode>relativeToGround</altitudeMode>
				</Camera>
			</gx:FlyTo>
			<gx:FlyTo>
				<gx:duration>0.53</gx:duration>
				<gx:flyToMode>smooth</gx:flyToMode>
				<Camera>
					<longitude>-122.2660965603</longitude>
					<latitude>37.8680333329</latitude>
					<altitude>89.5</altitude>
					<heading>129.20</heading>
					<tilt>72.0</tilt>
					<roll>0</roll>
					<altitudeMode>relativeToGround</altitudeMode>
				</Camera>
			</gx:FlyTo>
			<gx:FlyTo>
				<gx:duration>0.53</gx:duration>
				<gx:flyToMode>smooth</gx:flyToMode>
				<Camera>
					<longitude>-122.2661430736</longitude>
					<latitude>37.8679825361</latitude>
					<altitude>89.5</altitude>
					<heading>122.53</heading>
					<tilt>72.0</tilt>
					<roll>0</roll>
					<altitudeMode>relativeToGround</altitudeMode>
				</Camera>
			</gx:FlyTo>
			<gx:FlyTo>
				<gx:duration>0.53</gx:duration>
				<gx:flyToMode>smooth</gx:flyToMode>
				<Camera>
					<longitude>-122.2661818024</longitude>
					<latitude>37.8679278200</latitude>
					<altitude>89.5</altitude>
					<heading>115.86</heading>
					<tilt>72.0</tilt>
					<roll>0</roll>
					<altitudeMode>relativeToGround</altitudeMode>
				</Camera>
			</gx:FlyTo>
			<gx:FlyTo>
				<gx:duration>0.53</gx:duration>
				<gx:flyToMode>smooth</gx:flyToMode>
				<Camera>
					<longitude>-122.2662122227</longitude>
					<latitude>37.8678699244</latitude>
					<altitude>89.5</altitude>
					<heading>109.20</heading>
					<tilt>72.0</tilt>
					<roll>0</roll>
					<altitudeMode>relativeToGround</altitudeMode>
				</Camera>
			</gx:FlyTo>
			<gx:FlyTo>
				<gx:duration>0.53</gx:duration>
				<gx:flyToMode>smooth</gx:flyToMode>
				<Camera>
					<longitude>-122.2662339233</longitude>
					<latitude>37.8678096324</latitude>
					<altitude>89.5</altitude>
					<heading>102.53</heading>
					<tilt>72.0</tilt>
					<roll>0</roll>
					<altitudeMode>relativeToGround</altitudeMode>
				</Camera>
			</gx:FlyTo>
			<gx:FlyTo>
				<gx:duration>0.53</gx:duration>
				<gx:flyToMode>smooth</gx:flyToMode>
				<Camera>
					<longitude>-122.2662466107</longitude>
					<latitude>37.8677477592</latitude>
					<altitude>89.5</altitude>
					<heading>95.86</heading>
					<tilt>72.0</tilt>
					<roll>0</roll>
					<altitudeMode>relativeToGround</altitudeMode>
				</Camera>
			</gx:FlyTo>
			<gx:FlyTo>
				<gx:duration>0.53</gx:duration>
				<gx:flyToMode>smooth</gx:flyToMode>
				<Camera>
					<longitude>-122.2662501132</longitude>
					<latitude>37.8676851417</latitude>
					<altitude>89.5</altitude>
					<heading>89.20</heading>
					<tilt>72.0</tilt>
					<roll>0</roll>
					<altitudeMode>relativeToGround</altitudeMode>
				</Camera>
			</gx:FlyTo>
			<gx:FlyTo>
				<gx:duration>0.53</gx:duration>
				<gx:flyToMode>smooth</gx:flyToMode>
				<Camera>
					<longitude>-122.2662443836</longitude>
					<latitude>37.8676226265</latitude>
					<altitude>89.5</altitude>
					<heading>82.53</heading>
					<tilt>72.0</tilt>
					<roll>0</roll>
					<altitudeMode>relativeToGround</altitudeMode>
				</Camera>
			</gx:FlyTo>
			<gx:FlyTo>
				<gx:duration>0.53</gx:duration>
				<gx:flyToMode>smooth</gx:flyToMode>
				<Camera>
					<longitude>-122.2662294994</longitude>
					<latitude>37.8675610591</latitude>
					<altitude>89.5</altitude>
					<heading>75.86</heading>
					<tilt>72.0</tilt>
					<roll>0</roll>
					<altitudeMode>relativeToGround</altitudeMode>
				</Camera>
			</gx:FlyTo>
			<gx:FlyTo>
				<gx:duration>0.53</gx:duration>
				<gx:flyToMode>smooth</gx:flyToMode>
				<Camera>
					<longitude>-122.2662056617</longitude>
					<latitude>37.8675012722</latitude>
					<altitude>89.5</altitude>
					<heading>69.20</heading>
					<tilt>72.0</tilt>
					<roll>0</roll>
					<altitudeMode>relativeToGround</altitudeMode>
				</Camera>
			</gx:FlyTo>
			<gx:FlyTo>
				<gx:duration>0.53</gx:duration>
				<gx:flyToMode>smooth</gx:flyToMode>
				<Camera>
					<longitude>-122.2661731930</longitude>
					<latitude>37.8674440741</latitude>
					<altitude>89.5</altitude>
					<heading>62.53</heading>
					<tilt>72.0</tilt>
					<roll>0</roll>
					<altitudeMode>relativeToGround</altitudeMode>
				</Camera>
			</gx:FlyTo>
			<gx:FlyTo>
				<gx:duration>0.53</gx:duration>
				<gx:flyToMode>smooth</gx:flyToMode>
				<Camera>
					<longitude>-122.2661325323</longitude>
					<latitude>37.8673902385</latitude>
					<altitude>89.5</altitude>
					<heading>55.86</heading>
					<tilt>72.0</tilt>
					<roll>0</roll>
					<altitudeMode>relativeToGround</altitudeMode>
				</Camera>
			</gx:FlyTo>
			<gx:FlyTo>
				<gx:duration>0.53</gx:duration>
				<gx:flyToMode>smooth</gx:flyToMode>
				<Camera>
					<longitude>-122.2660842296</longitude>
					<latitude>37.8673404934</latitude>
					<altitude>89.5</altitude>
					<heading>49.20</heading>
					<tilt>72.0</tilt>
					<roll>0</roll>
					<altitudeMode>relativeToGround</altitudeMode>
				</Camera>
			</gx:FlyTo>
			<gx:FlyTo>
				<gx:duration>0.53</gx:duration>
				<gx:flyToMode>smooth</gx:flyToMode>
				<Camera>
					<longitude>-122.2660289379</longitude>
					<latitude>37.8672955114</latitude>
					<altitude>89.5</altitude>
					<heading>42.53</heading>
					<tilt>72.0</tilt>
					<roll>0</roll>
					<altitudeMode>relativeToGround</altitudeMode>
				</Camera>
			</gx:FlyTo>
			<gx:FlyTo>
				<gx:duration>0.53</gx:duration>
				<gx:flyToMode>smooth</gx:flyToMode>
				<Camera>
					<longitude>-122.2659674052</longitude>
					<latitude>37.8672559009</latitude>
					<altitude>89.5</altitude>
					<heading>35.86</heading>
					<tilt>72.0</tilt>
					<roll>0</roll>
					<altitudeMode>relativeToGround</altitudeMode>
				</Camera>
			</gx:FlyTo>
			<gx:FlyTo>
				<gx:duration>0.53</gx:duration>
				<gx:flyToMode>smooth</gx:flyToMode>
				<Camera>
					<longitude>-122.2659004634</longitude>
					<latitude>37.8672221975</latitude>
					<altitude>89.5</altitude>
					<heading>29.20</heading>
					<tilt>72.0</tilt>
					<roll>0</roll>
					<altitudeMode>relativeToGround</altitudeMode>
				</Camera>
			</gx:FlyTo>
			<gx:FlyTo>
				<gx:duration>0.53</gx:duration>
				<gx:flyToMode>smooth</gx:flyToMode>
				<Camera>
					<longitude>-122.2658290178</longitude>
					<latitude>37.8671948570</latitude>
					<altitude>89.5</altitude>
					<heading>22.53</heading>
					<tilt>72.0</tilt>
					<roll>0</roll>
					<altitudeMode>relativeToGround</altitudeMode>
				</Camera>
			</gx:FlyTo>
			<gx:FlyTo>
				<gx:duration>0.53</gx:duration>
				<gx:flyToMode>smooth</gx:flyToMode>
				<Camera>
					<longitude>-122.2657540347</longitude>
					<latitude>37.8671742493</latitude>
					<altitude>89.5</altitude>
					<heading>15.86</heading>
					<tilt>72.0</tilt>
					<roll>0</roll>
					<altitudeMode>relativeToGround</altitudeMode>
				</Camera>
			</gx:FlyTo>
			<gx:FlyTo>
				<gx:duration>0.53</gx:duration>
				<gx:flyToMode>smooth</gx:flyToMode>
				<Camera>
					<longitude>-122.2656765280</longitude>
					<latitude>37.8671606528</latitude>
					<altitude>89.5</altitude>
					<heading>9.20</heading>
					<tilt>72.0</tilt>
					<roll>0</roll>
					<altitudeMode>relativeToGround</altitudeMode>
				</Camera>
			</gx:FlyTo>
			<gx:FlyTo>
				<gx:duration>0.53</gx:duration>
				<gx:flyToMode>smooth</gx:flyToMode>
				<Camera>
					<longitude>-122.2655975460</longitude>
					<latitude>37.8671542516</latitude>
					<altitude>89.5</altitude>
					<heading>2.53</heading>
					<tilt>72.0</tilt>
					<roll>0</roll>
					<altitudeMode>relativeToGround</altitudeMode>
				</Camera>
			</gx:FlyTo>
			<gx:FlyTo>
				<gx:duration>0.53</gx:duration>
				<gx:flyToMode>smooth</gx:flyToMode>
				<Camera>
					<longitude>-122.2655181566</longitude>
					<latitude>37.8671551321</latitude>
					<altitude>89.5</altitude>
					<heading>355.86</heading>
					<tilt>72.0</tilt>
					<roll>0</roll>
					<altitudeMode>relativeToGround</altitudeMode>
				</Camera>
			</gx:FlyTo>
			<gx:FlyTo>
				<gx:duration>0.53</gx:duration>
				<gx:flyToMode>smooth</gx:flyToMode>
				<Camera>
					<longitude>-122.2654394335</longitude>
					<latitude>37.8671632825</latitude>
					<altitude>89.5</altitude>
					<heading>349.20</heading>
					<tilt>72.0</tilt>
					<roll>0</roll>
					<altitudeMode>relativeToGround</altitudeMode>
				</Camera>
			</gx:FlyTo>
			<gx:FlyTo>
				<gx:duration>0.53</gx:duration>
				<gx:flyToMode>smooth</gx:flyToMode>
				<Camera>
					<longitude>-122.2653624413</longitude>
					<latitude>37.8671785925</latitude>
					<altitude>89.5</altitude>
					<heading>342.53</heading>
					<tilt>72.0</tilt>
					<roll>0</roll>
					<altitudeMode>relativeToGround</altitudeMode>
				</Camera>
			</gx:FlyTo>
			<gx:FlyTo>
				<gx:duration>0.53</gx:duration>
				<gx:flyToMode>smooth</gx:flyToMode>
				<Camera>
					<longitude>-122.2652882211</longitude>
					<latitude>37.8672008552</latitude>
					<altitude>89.5</altitude>
					<heading>335.86</heading>
					<tilt>72.0</tilt>
					<roll>0</roll>
					<altitudeMode>relativeToGround</altitudeMode>
				</Camera>
			</gx:FlyTo>
			<gx:FlyTo>
				<gx:duration>0.53</gx:duration>
				<gx:flyToMode>smooth</gx:flyToMode>
				<Camera>
					<longitude>-122.2652177768</longitude>
					<latitude>37.8672297694</latitude>
					<altitude>89.5</altitude>
					<heading>329.20</heading>
					<tilt>72.0</tilt>
					<roll>0</roll>
					<altitudeMode>relativeToGround</altitudeMode>
				</Camera>
			</gx:FlyTo>
			<gx:FlyTo>
				<gx:duration>0.53</gx:duration>
				<gx:flyToMode>smooth</gx:flyToMode>
				<Camera>
					<longitude>-122.2651520608</longitude>
					<latitude>37.8672649441</latitude>
					<altitude>89.5</altitude>
					<heading>322.53</heading>
					<tilt>72.0</tilt>
					<roll>0</roll>
					<altitudeMode>relativeToGround</altitudeMode>
				</Camera>
			</gx:FlyTo>
			<gx:FlyTo>
				<gx:duration>0.53</gx:duration>
				<gx:flyToMode>smooth</gx:flyToMode>
				<Camera>
					<longitude>-122.2650919620</longitude>
					<latitude>37.8673059037</latitude>
					<altitude>89.5</altitude>
					<heading>315.86</heading>
					<tilt>72.0</tilt>
					<roll>0</roll>
					<altitudeMode>relativeToGround</altitudeMode>
				</Camera>
			</gx:FlyTo>
			<gx:FlyTo>
				<gx:duration>0.53</gx:duration>
				<gx:flyToMode>smooth</gx:flyToMode>
				<Camera>
					<longitude>-122.2650382930</longitude>
					<latitude>37.8673520942</latitude>
					<altitude>89.5</altitude>
					<heading>309.20</heading>
					<tilt>72.0</tilt>
					<roll>0</roll>
					<altitudeMode>relativeToGround</altitudeMode>
				</Camera>
			</gx:FlyTo>
			<gx:FlyTo>
				<gx:duration>0.40</gx:duration>
				<gx:flyToMode>smooth</gx:flyToMode>
				<Camera>
					<longitude>-122.2649952499</longitude>
					<latitude>37.8674046382</latitude>
					<altitude>88.2</altitude>
					<heading>302.53</heading>
					<tilt>72.3</tilt>
					<roll>0</roll>
					<altitudeMode>relativeToGround</altitudeMode>
				</Camera>
			</gx:FlyTo>
			<gx:FlyTo>
				<gx:duration>0.40</gx:duration>
				<gx:flyToMode>smooth</gx:flyToMode>
				<Camera>
					<longitude>-122.2649669944</longitude>
					<latitude>37.8674629430</latitude>
					<altitude>84.7</altitude>
					<heading>295.86</heading>
					<tilt>73.2</tilt>
					<roll>0</roll>
					<altitudeMode>relativeToGround</altitudeMode>
				</Camera>
			</gx:FlyTo>
			<gx:FlyTo>
				<gx:duration>0.40</gx:duration>
				<gx:flyToMode>smooth</gx:flyToMode>
				<Camera>
					<longitude>-122.2649534989</longitude>
					<latitude>37.8675239863</latitude>
					<altitude>79.4</altitude>
					<heading>289.20</heading>
					<tilt>74.5</tilt>
					<roll>0</roll>
					<altitudeMode>relativeToGround</altitudeMode>
				</Camera>
			</gx:FlyTo>
			<gx:FlyTo>
				<gx:duration>0.40</gx:duration>
				<gx:flyToMode>smooth</gx:flyToMode>
				<Camera>
					<longitude>-122.2649538724</longitude>
					<latitude>37.8675850820</latitude>
					<altitude>72.8</altitude>
					<heading>282.53</heading>
					<tilt>76.1</tilt>
					<roll>0</roll>
					<altitudeMode>relativeToGround</altitudeMode>
				</Camera>
			</gx:FlyTo>
			<gx:FlyTo>
				<gx:duration>0.40</gx:duration>
				<gx:flyToMode>smooth</gx:flyToMode>
				<Camera>
					<longitude>-122.2649665186</longitude>
					<latitude>37.8676440119</latitude>
					<altitude>65.2</altitude>
					<heading>275.86</heading>
					<tilt>78.0</tilt>
					<roll>0</roll>
					<altitudeMode>relativeToGround</altitudeMode>
				</Camera>
			</gx:FlyTo>
			<gx:FlyTo>
				<gx:duration>0.40</gx:duration>
				<gx:flyToMode>smooth</gx:flyToMode>
				<Camera>
					<longitude>-122.2649893235</longitude>
					<latitude>37.8676991255</latitude>
					<altitude>57.2</altitude>
					<heading>269.20</heading>
					<tilt>80.0</tilt>
					<roll>0</roll>
					<altitudeMode>relativeToGround</altitudeMode>
				</Camera>
			</gx:FlyTo>
			<gx:FlyTo>
				<gx:duration>0.40</gx:duration>
				<gx:flyToMode>smooth</gx:flyToMode>
				<Camera>
					<longitude>-122.2650198617</longitude>
					<latitude>37.8677494043</latitude>
					<altitude>49.3</altitude>
					<heading>262.53</heading>
					<tilt>82.0</tilt>
					<roll>0</roll>
					<altitudeMode>relativeToGround</altitudeMode>
				</Camera>
			</gx:FlyTo>
			<gx:FlyTo>
				<gx:duration>0.40</gx:duration>
				<gx:flyToMode>smooth</gx:flyToMode>
				<Camera>
					<longitude>-122.2650556140</longitude>
					<latitude>37.8677944885</latitude>
					<altitude>41.7</altitude>
					<heading>255.86</heading>
					<tilt>83.9</tilt>
					<roll>0</roll>
					<altitudeMode>relativeToGround</altitudeMode>
				</Camera>
			</gx:FlyTo>
			<gx:FlyTo>
				<gx:duration>0.40</gx:duration>
				<gx:flyToMode>smooth</gx:flyToMode>
				<Camera>
					<longitude>-122.2650941848</longitude>
					<latitude>37.8678346645</latitude>
					<altitude>35.1</altitude>
					<heading>249.20</heading>
					<tilt>85.5</tilt>
					<roll>0</roll>
					<altitudeMode>relativeToGround</altitudeMode>
				</Camera>
			</gx:FlyTo>
			<gx:FlyTo>
				<gx:duration>0.40</gx:duration>
				<gx:flyToMode>smooth</gx:flyToMode>
				<Camera>
					<longitude>-122.2651335117</longitude>
					<latitude>37.8678708158</latitude>
					<altitude>29.8</altitude>
					<heading>242.53</heading>
					<tilt>86.8</tilt>
					<roll>0</roll>
					<altitudeMode>relativeToGround</altitudeMode>
				</Camera>
			</gx:FlyTo>
			<gx:FlyTo>
				<gx:duration>0.40</gx:duration>
				<gx:flyToMode>smooth</gx:flyToMode>
				<Camera>
					<longitude>-122.2651720558</longitude>
					<latitude>37.8679043373</latitude>
					<altitude>26.3</altitude>
					<heading>235.86</heading>
					<tilt>87.7</tilt>
					<roll>0</roll>
					<altitudeMode>relativeToGround</altitudeMode>
				</Camera>
			</gx:FlyTo>
			<gx:FlyTo>
				<gx:duration>0.40</gx:duration>
				<gx:flyToMode>smooth</gx:flyToMode>
				<Camera>
					<longitude>-122.2652089659</longitude>
					<latitude>37.8679370177</latitude>
					<altitude>25.0</altitude>
					<heading>229.20</heading>
					<tilt>88.0</tilt>
					<roll>0</roll>
					<altitudeMode>relativeToGround</altitudeMode>
				</Camera>
			</gx:FlyTo>
			<gx:FlyTo>
				<gx:duration>3.40</gx:duration>
				<gx:flyToMode>smooth</gx:flyToMode>
				<Camera>
					<longitude>-122.2652089659</longitude>
					<latitude>37.8679370177</latitude>
					<altitude>25.0</altitude>
					<heading>260.21</heading>
					<tilt>88.0</tilt>
					<roll>0</roll>
					<altitudeMode>relativeToGround</altitudeMode>
				</Camera>
			</gx:FlyTo>
			<gx:FlyTo>
				<gx:duration>3.40</gx:duration>
				<gx:flyToMode>smooth</gx:flyToMode>
				<Camera>
					<longitude>-122.2656663410</longitude>
					<latitude>37.8678747300</latitude>
					<altitude>25.0</altitude>
					<heading>260.21</heading>
					<tilt>88.0</tilt>
					<roll>0</roll>
					<altitudeMode>relativeToGround</altitudeMode>
				</Camera>
			</gx:FlyTo>
			<gx:FlyTo>
				<gx:duration>3.40</gx:duration>
				<gx:flyToMode>smooth</gx:flyToMode>
				<Camera>
					<longitude>-122.2661237161</longitude>
					<latitude>37.8678124422</latitude>
					<altitude>25.0</altitude>
					<heading>260.21</heading>
					<tilt>88.0</tilt>
					<roll>0</roll>
					<altitudeMode>relativeToGround</altitudeMode>
				</Camera>
			</gx:FlyTo>
			<gx:FlyTo>
				<gx:duration>3.36</gx:duration>
				<gx:flyToMode>smooth</gx:flyToMode>
				<Camera>
					<longitude>-122.2665774767</longitude>
					<latitude>37.8677536255</latitude>
					<altitude>25.0</altitude>
					<heading>260.68</heading>
					<tilt>88.0</tilt>
					<roll>0</roll>
					<altitudeMode>relativeToGround</altitudeMode>
				</Camera>
			</gx:FlyTo>
			<gx:FlyTo>
				<gx:duration>3.36</gx:duration>
				<gx:flyToMode>smooth</gx:flyToMode>
				<Camera>
					<longitude>-122.2670312372</longitude>
					<latitude>37.8676948087</latitude>
					<altitude>25.0</altitude>
					<heading>260.68</heading>
					<tilt>88.0</tilt>
					<roll>0</roll>
					<altitudeMode>relativeToGround</altitudeMode>
				</Camera>
			</gx:FlyTo>
			<gx:FlyTo>
				<gx:duration>3.36</gx:duration>
				<gx:flyToMode>smooth</gx:flyToMode>
				<Camera>
					<longitude>-122.2674849978</longitude>
					<latitude>37.8676359920</latitude>
					<altitude>25.0</altitude>
					<heading>260.68</heading>
					<tilt>88.0</tilt>
					<roll>0</roll>
					<altitudeMode>relativeToGround</altitudeMode>
				</Camera>
			</gx:FlyTo>
			<gx:FlyTo>
				<gx:duration>0.30</gx:duration>
				<gx:flyToMode>smooth</gx:flyToMode>
				<Camera>
					<longitude>-122.2679781704</longitude>
					<latitude>37.8675712013</latitude>
					<altitude>25.5</altitude>
					<heading>261.22</heading>
					<tilt>87.8</tilt>
					<roll>0</roll>
					<altitudeMode>relativeToGround</altitudeMode>
				</Camera>
			</gx:FlyTo>
			<gx:FlyTo>
				<gx:duration>0.30</gx:duration>
				<gx:flyToMode>smooth</gx:flyToMode>
				<Camera>
					<longitude>-122.2680119454</longitude>
					<latitude>37.8675609734</latitude>
					<altitude>27.0</altitude>
					<heading>262.98</heading>
					<tilt>87.3</tilt>
					<roll>0</roll>
					<altitudeMode>relativeToGround</altitudeMode>
				</Camera>
			</gx:FlyTo>
			<gx:FlyTo>
				<gx:duration>0.30</gx:duration>
				<gx:flyToMode>smooth</gx:flyToMode>
				<Camera>
					<longitude>-122.2680363804</longitude>
					<latitude>37.8675428685</latitude>
					<altitude>29.4</altitude>
					<heading>266.09</heading>
					<tilt>86.5</tilt>
					<roll>0</roll>
					<altitudeMode>relativeToGround</altitudeMode>
				</Camera>
			</gx:FlyTo>
			<gx:FlyTo>
				<gx:duration>0.30</gx:duration>
				<gx:flyToMode>smooth</gx:flyToMode>
				<Camera>
					<longitude>-122.2680509097</longitude>
					<latitude>37.8675145654</latitude>
					<altitude>32.5</altitude>
					<heading>270.62</heading>
					<tilt>85.5</tilt>
					<roll>0</roll>
					<altitudeMode>relativeToGround</altitudeMode>
				</Camera>
			</gx:FlyTo>
			<gx:FlyTo>
				<gx:duration>0.30</gx:duration>
				<gx:flyToMode>smooth</gx:flyToMode>
				<Camera>
					<longitude>-122.2680584318</longitude>
					<latitude>37.8674758905</latitude>
					<altitude>36.1</altitude>
					<heading>276.60</heading>
					<tilt>84.3</tilt>
					<roll>0</roll>
					<altitudeMode>relativeToGround</altitudeMode>
				</Camera>
			</gx:FlyTo>
			<gx:FlyTo>
				<gx:duration>0.30</gx:duration>
				<gx:flyToMode>smooth</gx:flyToMode>
				<Camera>
					<longitude>-122.2680648085</longitude>
					<latitude>37.8674295960</latitude>
					<altitude>40.1</altitude>
					<heading>283.98</heading>
					<tilt>82.9</tilt>
					<roll>0</roll>
					<altitudeMode>relativeToGround</altitudeMode>
				</Camera>
			</gx:FlyTo>
			<gx:FlyTo>
				<gx:duration>0.30</gx:duration>
				<gx:flyToMode>smooth</gx:flyToMode>
				<Camera>
					<longitude>-122.2680776830</longitude>
					<latitude>37.8673818267</latitude>
					<altitude>44.4</altitude>
					<heading>292.67</heading>
					<tilt>81.5</tilt>
					<roll>0</roll>
					<altitudeMode>relativeToGround</altitudeMode>
				</Camera>
			</gx:FlyTo>
			<gx:FlyTo>
				<gx:duration>0.30</gx:duration>
				<gx:flyToMode>smooth</gx:flyToMode>
				<Camera>
					<longitude>-122.2681048442</longitude>
					<latitude>37.8673420828</latitude>
					<altitude>48.9</altitude>
					<heading>302.51</heading>
					<tilt>80.0</tilt>
					<roll>0</roll>
					<altitudeMode>relativeToGround</altitudeMode>
				</Camera>
			</gx:FlyTo>
			<gx:FlyTo>
				<gx:duration>0.30</gx:duration>
				<gx:flyToMode>smooth</gx:flyToMode>
				<Camera>
					<longitude>-122.2681443933</longitude>
					<latitude>37.8673114491</latitude>
					<altitude>53.3</altitude>
					<heading>313.28</heading>
					<tilt>78.5</tilt>
					<roll>0</roll>
					<altitudeMode>relativeToGround</altitudeMode>
				</Camera>
			</gx:FlyTo>
			<gx:FlyTo>
				<gx:duration>0.30</gx:duration>
				<gx:flyToMode>smooth</gx:flyToMode>
				<Camera>
					<longitude>-122.2681897511</longitude>
					<latitude>37.8672840826</latitude>
					<altitude>57.6</altitude>
					<heading>324.70</heading>
					<tilt>77.1</tilt>
					<roll>0</roll>
					<altitudeMode>relativeToGround</altitudeMode>
				</Camera>
			</gx:FlyTo>
			<gx:FlyTo>
				<gx:duration>0.30</gx:duration>
				<gx:flyToMode>smooth</gx:flyToMode>
				<Camera>
					<longitude>-122.2682404092</longitude>
					<latitude>37.8672612638</latitude>
					<altitude>61.6</altitude>
					<heading>336.46</heading>
					<tilt>75.7</tilt>
					<roll>0</roll>
					<altitudeMode>relativeToGround</altitudeMode>
				</Camera>
			</gx:FlyTo>
			<gx:FlyTo>
				<gx:duration>0.30</gx:duration>
				<gx:flyToMode>smooth</gx:flyToMode>
				<Camera>
					<longitude>-122.2682954635</longitude>
					<latitude>37.8672442122</latitude>
					<altitude>65.2</altitude>
					<heading>348.14</heading>
					<tilt>74.5</tilt>
					<roll>0</roll>
					<altitudeMode>relativeToGround</altitudeMode>
				</Camera>
			</gx:FlyTo>
			<gx:FlyTo>
				<gx:duration>0.30</gx:duration>
				<gx:flyToMode>smooth</gx:flyToMode>
				<Camera>
					<longitude>-122.2683536284</longitude>
					<latitude>37.8672340251</latitude>
					<altitude>68.3</altitude>
					<heading>359.31</heading>
					<tilt>73.5</tilt>
					<roll>0</roll>
					<altitudeMode>relativeToGround</altitudeMode>
				</Camera>
			</gx:FlyTo>
			<gx:FlyTo>
				<gx:duration>0.30</gx:duration>
				<gx:flyToMode>smooth</gx:flyToMode>
				<Camera>
					<longitude>-122.2684132630</longitude>
					<latitude>37.8672316188</latitude>
					<altitude>70.7</altitude>
					<heading>9.46</heading>
					<tilt>72.7</tilt>
					<roll>0</roll>
					<altitudeMode>relativeToGround</altitudeMode>
				</Camera>
			</gx:FlyTo>
			<gx:FlyTo>
				<gx:duration>0.30</gx:duration>
				<gx:flyToMode>smooth</gx:flyToMode>
				<Camera>
					<longitude>-122.2684724100</longitude>
					<latitude>37.8672376734</latitude>
					<altitude>72.2</altitude>
					<heading>18.01</heading>
					<tilt>72.2</tilt>
					<roll>0</roll>
					<altitudeMode>relativeToGround</altitudeMode>
				</Camera>
			</gx:FlyTo>
			<gx:FlyTo>
				<gx:duration>0.30</gx:duration>
				<gx:flyToMode>smooth</gx:flyToMode>
				<Camera>
					<longitude>-122.2685288463</longitude>
					<latitude>37.8672525822</latitude>
					<altitude>72.7</altitude>
					<heading>24.34</heading>
					<tilt>72.0</tilt>
					<roll>0</roll>
					<altitudeMode>relativeToGround</altitudeMode>
				</Camera>
			</gx:FlyTo>
			<gx:FlyTo>
				<gx:duration>0.53</gx:duration>
				<gx:flyToMode>smooth</gx:flyToMode>
				<Camera>
					<longitude>-122.2685991608</longitude>
					<latitude>37.8672816928</latitude>
					<altitude>72.7</altitude>
					<heading>31.01</heading>
					<tilt>72.0</tilt>
					<roll>0</roll>
					<altitudeMode>relativeToGround</altitudeMode>
				</Camera>
			</gx:FlyTo>
			<gx:FlyTo>
				<gx:duration>0.53</gx:duration>
				<gx:flyToMode>smooth</gx:flyToMode>
				<Camera>
					<longitude>-122.2686647189</longitude>
					<latitude>37.8673170507</latitude>
					<altitude>72.7</altitude>
					<heading>37.67</heading>
					<tilt>72.0</tilt>
					<roll>0</roll>
					<altitudeMode>relativeToGround</altitudeMode>
				</Camera>
			</gx:FlyTo>
			<gx:FlyTo>
				<gx:duration>0.53</gx:duration>
				<gx:flyToMode>smooth</gx:flyToMode>
				<Camera>
					<longitude>-122.2687246340</longitude>
					<latitude>37.8673581777</latitude>
					<altitude>72.7</altitude>
					<heading>44.34</heading>
					<tilt>72.0</tilt>
					<roll>0</roll>
					<altitudeMode>relativeToGround</altitudeMode>
				</Camera>
			</gx:FlyTo>
			<gx:FlyTo>
				<gx:duration>0.53</gx:duration>
				<gx:flyToMode>smooth</gx:flyToMode>
				<Camera>
					<longitude>-122.2687780959</longitude>
					<latitude>37.8674045177</latitude>
					<altitude>72.7</altitude>
					<heading>51.01</heading>
					<tilt>72.0</tilt>
					<roll>0</roll>
					<altitudeMode>relativeToGround</altitudeMode>
				</Camera>
			</gx:FlyTo>
			<gx:FlyTo>
				<gx:duration>0.53</gx:duration>
				<gx:flyToMode>smooth</gx:flyToMode>
				<Camera>
					<longitude>-122.2688243815</longitude>
					<latitude>37.8674554439</latitude>
					<altitude>72.7</altitude>
					<heading>57.67</heading>
					<tilt>72.0</tilt>
					<roll>0</roll>
					<altitudeMode>relativeToGround</altitudeMode>
				</Camera>
			</gx:FlyTo>
			<gx:FlyTo>
				<gx:duration>0.53</gx:duration>
				<gx:flyToMode>smooth</gx:flyToMode>
				<Camera>
					<longitude>-122.2688628651</longitude>
					<latitude>37.8675102678</latitude>
					<altitude>72.7</altitude>
					<heading>64.34</heading>
					<tilt>72.0</tilt>
					<roll>0</roll>
					<altitudeMode>relativeToGround</altitudeMode>
				</Camera>
			</gx:FlyTo>
			<gx:FlyTo>
				<gx:duration>0.53</gx:duration>
				<gx:flyToMode>smooth</gx:flyToMode>
				<Camera>
					<longitude>-122.2688930260</longitude>
					<latitude>37.8675682479</latitude>
					<altitude>72.7</altitude>
					<heading>71.01</heading>
					<tilt>72.0</tilt>
					<roll>0</roll>
					<altitudeMode>relativeToGround</altitudeMode>
				</Camera>
			</gx:FlyTo>
			<gx:FlyTo>
				<gx:duration>0.53</gx:duration>
				<gx:flyToMode>smooth</gx:flyToMode>
				<Camera>
					<longitude>-122.2689144565</longitude>
					<latitude>37.8676286001</latitude>
					<altitude>72.7</altitude>
					<heading>77.67</heading>
					<tilt>72.0</tilt>
					<roll>0</roll>
					<altitudeMode>relativeToGround</altitudeMode>
				</Camera>
			</gx:FlyTo>
			<gx:FlyTo>
				<gx:duration>0.53</gx:duration>
				<gx:flyToMode>smooth</gx:flyToMode>
				<Camera>
					<longitude>-122.2689268668</longitude>
					<latitude>37.8676905083</latitude>
					<altitude>72.7</altitude>
					<heading>84.34</heading>
					<tilt>72.0</tilt>
					<roll>0</roll>
					<altitudeMode>relativeToGround</altitudeMode>
				</Camera>
			</gx:FlyTo>
			<gx:FlyTo>
				<gx:duration>0.53</gx:duration>
				<gx:flyToMode>smooth</gx:flyToMode>
				<Camera>
					<longitude>-122.2689300890</longitude>
					<latitude>37.8677531352</latitude>
					<altitude>72.7</altitude>
					<heading>91.01</heading>
					<tilt>72.0</tilt>
					<roll>0</roll>
					<altitudeMode>relativeToGround</altitudeMode>
				</Camera>
			</gx:FlyTo>
			<gx:FlyTo>
				<gx:duration>0.53</gx:duration>
				<gx:flyToMode>smooth</gx:flyToMode>
				<Camera>
					<longitude>-122.2689240795</longitude>
					<latitude>37.8678156340</latitude>
					<altitude>72.7</altitude>
					<heading>97.67</heading>
					<tilt>72.0</tilt>
					<roll>0</roll>
					<altitudeMode>relativeToGround</altitudeMode>
				</Camera>
			</gx:FlyTo>
			<gx:FlyTo>
				<gx:duration>0.53</gx:duration>
				<gx:flyToMode>smooth</gx:flyToMode>
				<Camera>
					<longitude>-122.2689089197</longitude>
					<latitude>37.8678771594</latitude>
					<altitude>72.7</altitude>
					<heading>104.34</heading>
					<tilt>72.0</tilt>
					<roll>0</roll>
					<altitudeMode>relativeToGround</altitudeMode>
				</Camera>
			</gx:FlyTo>
			<gx:FlyTo>
				<gx:duration>0.53</gx:duration>
				<gx:flyToMode>smooth</gx:flyToMode>
				<Camera>
					<longitude>-122.2688848144</longitude>
					<latitude>37.8679368795</latitude>
					<altitude>72.7</altitude>
					<heading>111.01</heading>
					<tilt>72.0</tilt>
					<roll>0</roll>
					<altitudeMode>relativeToGround</altitudeMode>
				</Camera>
			</gx:FlyTo>
			<gx:FlyTo>
				<gx:duration>0.53</gx:duration>
				<gx:flyToMode>smooth</gx:flyToMode>
				<Camera>
					<longitude>-122.2688520898</longitude>
					<latitude>37.8679939866</latitude>
					<altitude>72.7</altitude>
					<heading>117.67</heading>
					<tilt>72.0</tilt>
					<roll>0</roll>
					<altitudeMode>relativeToGround</altitudeMode>
				</Camera>
			</gx:FlyTo>
			<gx:FlyTo>
				<gx:duration>0.53</gx:duration>
				<gx:flyToMode>smooth</gx:flyToMode>
				<Camera>
					<longitude>-122.2688111883</longitude>
					<latitude>37.8680477084</latitude>
					<altitude>72.7</altitude>
					<heading>124.34</heading>
					<tilt>72.0</tilt>
					<roll>0</roll>
					<altitudeMode>relativeToGround</altitudeMode>
				</Camera>
			</gx:FlyTo>
			<gx:FlyTo>
				<gx:duration>0.53</gx:duration>
				<gx:flyToMode>smooth</gx:flyToMode>
				<Camera>
					<longitude>-122.2687626631</longitude>
					<latitude>37.8680973185</latitude>
					<altitude>72.7</altitude>
					<heading>131.01</heading>
					<tilt>72.0</tilt>
					<roll>0</roll>
					<altitudeMode>relativeToGround</altitudeMode>
				</Camera>
			</gx:FlyTo>
			<gx:FlyTo>
				<gx:duration>0.53</gx:duration>
				<gx:flyToMode>smooth</gx:flyToMode>
				<Camera>
					<longitude>-122.2687071704</longitude>
					<latitude>37.8681421459</latitude>
					<altitude>72.7</altitude>
					<heading>137.67</heading>
					<tilt>72.0</tilt>
					<roll>0</roll>
					<altitudeMode>relativeToGround</altitudeMode>
				</Camera>
			</gx:FlyTo>
			<gx:FlyTo>
				<gx:duration>0.53</gx:duration>
				<gx:flyToMode>smooth</gx:flyToMode>
				<Camera>
					<longitude>-122.2686454606</longitude>
					<latitude>37.8681815845</latitude>
					<altitude>72.7</altitude>
					<heading>144.34</heading>
					<tilt>72.0</tilt>
					<roll>0</roll>
					<altitudeMode>relativeToGround</altitudeMode>
				</Camera>
			</gx:FlyTo>
			<gx:FlyTo>
				<gx:duration>0.53</gx:duration>
				<gx:flyToMode>smooth</gx:flyToMode>
				<Camera>
					<longitude>-122.2685783683</longitude>
					<latitude>37.8682151009</latitude>
					<altitude>72.7</altitude>
					<heading>151.01</heading>
					<tilt>72.0</tilt>
					<roll>0</roll>
					<altitudeMode>relativeToGround</altitudeMode>
				</Camera>
			</gx:FlyTo>
			<gx:FlyTo>
				<gx:duration>0.53</gx:duration>
				<gx:flyToMode>smooth</gx:flyToMode>
				<Camera>
					<longitude>-122.2685068008</longitude>
					<latitude>37.8682422418</latitude>
					<altitude>72.7</altitude>
					<heading>157.67</heading>
					<tilt>72.0</tilt>
					<roll>0</roll>
					<altitudeMode>relativeToGround</altitudeMode>
				</Camera>
			</gx:FlyTo>
			<gx:FlyTo>
				<gx:duration>0.53</gx:duration>
				<gx:flyToMode>smooth</gx:flyToMode>
				<Camera>
					<longitude>-122.2684317258</longitude>
					<latitude>37.8682626402</latitude>
					<altitude>72.7</altitude>
					<heading>164.34</heading>
					<tilt>72.0</tilt>
					<roll>0</roll>
					<altitudeMode>relativeToGround</altitudeMode>
				</Camera>
			</gx:FlyTo>
			<gx:FlyTo>
				<gx:duration>0.53</gx:duration>
				<gx:flyToMode>smooth</gx:flyToMode>
				<Camera>
					<longitude>-122.2683541587</longitude>
					<latitude>37.8682760203</latitude>
					<altitude>72.7</altitude>
					<heading>171.01</heading>
					<tilt>72.0</tilt>
					<roll>0</roll>
					<altitudeMode>relativeToGround</altitudeMode>
				</Camera>
			</gx:FlyTo>
			<gx:FlyTo>
				<gx:duration>0.53</gx:duration>
				<gx:flyToMode>smooth</gx:flyToMode>
				<Camera>
					<longitude>-122.2682751484</longitude>
					<latitude>37.8682822011</latitude>
					<altitude>72.7</altitude>
					<heading>177.67</heading>
					<tilt>72.0</tilt>
					<roll>0</roll>
					<altitudeMode>relativeToGround</altitudeMode>
				</Camera>
			</gx:FlyTo>
			<gx:FlyTo>
				<gx:duration>0.53</gx:duration>
				<gx:flyToMode>smooth</gx:flyToMode>
				<Camera>
					<longitude>-122.2681957634</longitude>
					<latitude>37.8682810991</latitude>
					<altitude>72.7</altitude>
					<heading>184.34</heading>
					<tilt>72.0</tilt>
					<roll>0</roll>
					<altitudeMode>relativeToGround</altitudeMode>
				</Camera>
			</gx:FlyTo>
			<gx:FlyTo>
				<gx:duration>0.53</gx:duration>
				<gx:flyToMode>smooth</gx:flyToMode>
				<Camera>
					<longitude>-122.2681170772</longitude>
					<latitude>37.8682727291</latitude>
					<altitude>72.7</altitude>
					<heading>191.01</heading>
					<tilt>72.0</tilt>
					<roll>0</roll>
					<altitudeMode>relativeToGround</altitudeMode>
				</Camera>
			</gx:FlyTo>
			<gx:FlyTo>
				<gx:duration>0.53</gx:duration>
				<gx:flyToMode>smooth</gx:flyToMode>
				<Camera>
					<longitude>-122.2680401540</longitude>
					<latitude>37.8682572043</latitude>
					<altitude>72.7</altitude>
					<heading>197.67</heading>
					<tilt>72.0</tilt>
					<roll>0</roll>
					<altitudeMode>relativeToGround</altitudeMode>
				</Camera>
			</gx:FlyTo>
			<gx:FlyTo>
				<gx:duration>0.53</gx:duration>
				<gx:flyToMode>smooth</gx:flyToMode>
				<Camera>
					<longitude>-122.2679660339</longitude>
					<latitude>37.8682347347</latitude>
					<altitude>72.7</altitude>
					<heading>204.34</heading>
					<tilt>72.0</tilt>
					<roll>0</roll>
					<altitudeMode>relativeToGround</altitudeMode>
				</Camera>
			</gx:FlyTo>
			<gx:FlyTo>
				<gx:duration>0.53</gx:duration>
				<gx:flyToMode>smooth</gx:flyToMode>
				<Camera>
					<longitude>-122.2678957194</longitude>
					<latitude>37.8682056241</latitude>
					<altitude>72.7</altitude>
					<heading>211.01</heading>
					<tilt>72.0</tilt>
					<roll>0</roll>
					<altitudeMode>relativeToGround</altitudeMode>
				</Camera>
			</gx:FlyTo>
			<gx:FlyTo>
				<gx:duration>0.53</gx:duration>
				<gx:flyToMode>smooth</gx:flyToMode>
				<Camera>
					<longitude>-122.2678301613</longitude>
					<latitude>37.8681702663</latitude>
					<altitude>72.7</altitude>
					<heading>217.67</heading>
					<tilt>72.0</tilt>
					<roll>0</roll>
					<altitudeMode>relativeToGround</altitudeMode>
				</Camera>
			</gx:FlyTo>
			<gx:FlyTo>
				<gx:duration>0.53</gx:duration>
				<gx:flyToMode>smooth</gx:flyToMode>
				<Camera>
					<longitude>-122.2677702462</longitude>
					<latitude>37.8681291393</latitude>
					<altitude>72.7</altitude>
					<heading>224.34</heading>
					<tilt>72.0</tilt>
					<roll>0</roll>
					<altitudeMode>relativeToGround</altitudeMode>
				</Camera>
			</gx:FlyTo>
			<gx:FlyTo>
				<gx:duration>0.40</gx:duration>
				<gx:flyToMode>smooth</gx:flyToMode>
				<Camera>
					<longitude>-122.2677215084</longitude>
					<latitude>37.8680797802</latitude>
					<altitude>71.8</altitude>
					<heading>231.01</heading>
					<tilt>72.3</tilt>
					<roll>0</roll>
					<altitudeMode>relativeToGround</altitudeMode>
				</Camera>
			</gx:FlyTo>
			<gx:FlyTo>
				<gx:duration>0.40</gx:duration>
				<gx:flyToMode>smooth</gx:flyToMode>
				<Camera>
					<longitude>-122.2676898346</longitude>
					<latitude>37.8680222136</latitude>
					<altitude>69.2</altitude>
					<heading>237.67</heading>
					<tilt>73.2</tilt>
					<roll>0</roll>
					<altitudeMode>relativeToGround</altitudeMode>
				</Camera>
			</gx:FlyTo>
			<gx:FlyTo>
				<gx:duration>0.40</gx:duration>
				<gx:flyToMode>smooth</gx:flyToMode>
				<Camera>
					<longitude>-122.2676755225</longitude>
					<latitude>37.8679605496</latitude>
					<altitude>65.2</altitude>
					<heading>244.34</heading>
					<tilt>74.5</tilt>
					<roll>0</roll>
					<altitudeMode>relativeToGround</altitudeMode>
				</Camera>
			</gx:FlyTo>
			<gx:FlyTo>
				<gx:duration>0.40</gx:duration>
				<gx:flyToMode>smooth</gx:flyToMode>
				<Camera>
					<longitude>-122.2676775822</longitude>
					<latitude>37.8678984932</latitude>
					<altitude>60.3</altitude>
					<heading>251.01</heading>
					<tilt>76.1</tilt>
					<roll>0</roll>
					<altitudeMode>relativeToGround</altitudeMode>
				</Camera>
			</gx:FlyTo>
			<gx:FlyTo>
				<gx:duration>0.40</gx:duration>
				<gx:flyToMode>smooth</gx:flyToMode>
				<Camera>
					<longitude>-122.2676939442</longitude>
					<latitude>37.8678391349</latitude>
					<altitude>54.8</altitude>
					<heading>257.67</heading>
					<tilt>78.0</tilt>
					<roll>0</roll>
					<altitudeMode>relativeToGround</altitudeMode>
				</Camera>
			</gx:FlyTo>
			<gx:FlyTo>
				<gx:duration>0.40</gx:duration>
				<gx:flyToMode>smooth</gx:flyToMode>
				<Camera>
					<longitude>-122.2677217159</longitude>
					<latitude>37.8677847848</latitude>
					<altitude>48.9</altitude>
					<heading>264.34</heading>
					<tilt>80.0</tilt>
					<roll>0</roll>
					<altitudeMode>relativeToGround</altitudeMode>
				</Camera>
			</gx:FlyTo>
			<gx:FlyTo>
				<gx:duration>0.40</gx:duration>
				<gx:flyToMode>smooth</gx:flyToMode>
				<Camera>
					<longitude>-122.2677574730</longitude>
					<latitude>37.8677368566</latitude>
					<altitude>42.9</altitude>
					<heading>271.01</heading>
					<tilt>82.0</tilt>
					<roll>0</roll>
					<altitudeMode>relativeToGround</altitudeMode>
				</Camera>
			</gx:FlyTo>
			<gx:FlyTo>
				<gx:duration>0.40</gx:duration>
				<gx:flyToMode>smooth</gx:flyToMode>
				<Camera>
					<longitude>-122.2677975739</longitude>
					<latitude>37.8676958053</latitude>
					<altitude>37.4</altitude>
					<heading>277.67</heading>
					<tilt>83.9</tilt>
					<roll>0</roll>
					<altitudeMode>relativeToGround</altitudeMode>
				</Camera>
			</gx:FlyTo>
			<gx:FlyTo>
				<gx:duration>0.40</gx:duration>
				<gx:flyToMode>smooth</gx:flyToMode>
				<Camera>
					<longitude>-122.2678384821</longitude>
					<latitude>37.8676611219</latitude>
					<altitude>32.5</altitude>
					<heading>284.34</heading>
					<tilt>85.5</tilt>
					<roll>0</roll>
					<altitudeMode>relativeToGround</altitudeMode>
				</Camera>
			</gx:FlyTo>
			<gx:FlyTo>
				<gx:duration>0.40</gx:duration>
				<gx:flyToMode>smooth</gx:flyToMode>
				<Camera>
					<longitude>-122.2678770829</longitude>
					<latitude>37.8676313841</latitude>
					<altitude>28.5</altitude>
					<heading>291.01</heading>
					<tilt>86.8</tilt>
					<roll>0</roll>
					<altitudeMode>relativeToGround</altitudeMode>
				</Camera>
			</gx:FlyTo>
			<gx:FlyTo>
				<gx:duration>0.40</gx:duration>
				<gx:flyToMode>smooth</gx:flyToMode>
				<Camera>
					<longitude>-122.2679109799</longitude>
					<latitude>37.8676043622</latitude>
					<altitude>25.9</altitude>
					<heading>297.67</heading>
					<tilt>87.7</tilt>
					<roll>0</roll>
					<altitudeMode>relativeToGround</altitudeMode>
				</Camera>
			</gx:FlyTo>
			<gx:FlyTo>
				<gx:duration>0.40</gx:duration>
				<gx:flyToMode>smooth</gx:flyToMode>
				<Camera>
					<longitude>-122.2679387584</longitude>
					<latitude>37.8675771752</latitude>
					<altitude>25.0</altitude>
					<heading>304.34</heading>
					<tilt>88.0</tilt>
					<roll>0</roll>
					<altitudeMode>relativeToGround</altitudeMode>
				</Camera>
			</gx:FlyTo>
			<gx:FlyTo>
				<gx:duration>3.36</gx:duration>
				<gx:flyToMode>smooth</gx:flyToMode>
				<Camera>
					<longitude>-122.2679387584</longitude>
					<latitude>37.8675771752</latitude>
					<altitude>25.0</altitude>
					<heading>260.68</heading>
					<tilt>88.0</tilt>
					<roll>0</roll>
					<altitudeMode>relativeToGround</altitudeMode>
				</Camera>
			</gx:FlyTo>
			<gx:FlyTo>
				<gx:duration>3.36</gx:duration>
				<gx:flyToMode>smooth</gx:flyToMode>
				<Camera>
					<longitude>-122.2683925190</longitude>
					<latitude>37.8675183584</latitude>
					<altitude>25.0</altitude>
					<heading>260.68</heading>
					<tilt>88.0</tilt>
					<roll>0</roll>
					<altitudeMode>relativeToGround</altitudeMode>
				</Camera>
			</gx:FlyTo>
			<gx:FlyTo>
				<gx:duration>3.36</gx:duration>
				<gx:flyToMode>smooth</gx:flyToMode>
				<Camera>
					<longitude>-122.2688462795</longitude>
					<latitude>37.8674595417</latitude>
					<altitude>25.0</altitude>
					<heading>260.68</heading>
					<tilt>88.0</tilt>
					<roll>0</roll>
					<altitudeMode>relativeToGround</altitudeMode>
				</Camera>
			</gx:FlyTo>
			<gx:FlyTo>
				<gx:duration>3.36</gx:duration>
				<gx:flyToMode>smooth</gx:flyToMode>
				<Camera>
					<longitude>-122.2693000401</longitude>
					<latitude>37.8674007249</latitude>
					<altitude>25.0</altitude>
					<heading>260.68</heading>
					<tilt>88.0</tilt>
					<roll>0</roll>
					<altitudeMode>relativeToGround</altitudeMode>
				</Camera>
			</gx:FlyTo>
			<gx:FlyTo>
				<gx:duration>3.36</gx:duration>
				<gx:flyToMode>smooth</gx:flyToMode>
				<Camera>
					<longitude>-122.2697538007</longitude>
					<latitude>37.8673419082</latitude>
					<altitude>25.0</altitude>
					<heading>260.68</heading>
					<tilt>88.0</tilt>
					<roll>0</roll>
					<altitudeMode>relativeToGround</altitudeMode>
				</Camera>
			</gx:FlyTo>
			<gx:FlyTo>
				<gx:duration>3.36</gx:duration>
				<gx:flyToMode>smooth</gx:flyToMode>
				<Camera>
					<longitude>-122.2702075613</longitude>
					<latitude>37.8672830914</latitude>
					<altitude>25.0</altitude>
					<heading>260.68</heading>
					<tilt>88.0</tilt>
					<roll>0</roll>
					<altitudeMode>relativeToGround</altitudeMode>
				</Camera>
			</gx:FlyTo>
			<gx:FlyTo>
				<gx:duration>3.29</gx:duration>
				<gx:flyToMode>smooth</gx:flyToMode>
				<Camera>
					<longitude>-122.2706523129</longitude>
					<latitude>37.8672270976</latitude>
					<altitude>25.0</altitude>
					<heading>260.94</heading>
					<tilt>88.0</tilt>
					<roll>0</roll>
					<altitudeMode>relativeToGround</altitudeMode>
				</Camera>
			</gx:FlyTo>
			<gx:FlyTo>
				<gx:duration>3.29</gx:duration>
				<gx:flyToMode>smooth</gx:flyToMode>
				<Camera>
					<longitude>-122.2710970645</longitude>
					<latitude>37.8671711037</latitude>
					<altitude>25.0</altitude>
					<heading>260.94</heading>
					<tilt>88.0</tilt>
					<roll>0</roll>
					<altitudeMode>relativeToGround</altitudeMode>
				</Camera>
			</gx:FlyTo>
			<gx:FlyTo>
				<gx:duration>3.29</gx:duration>
				<gx:flyToMode>smooth</gx:flyToMode>
				<Camera>
					<longitude>-122.2715418161</longitude>
					<latitude>37.8671151098</latitude>
					<altitude>25.0</altitude>
					<heading>260.94</heading>
					<tilt>88.0</tilt>
					<roll>0</roll>
					<altitudeMode>relativeToGround</altitudeMode>
				</Camera>
			</gx:FlyTo>
			<gx:FlyTo>
				<gx:duration>3.29</gx:duration>
				<gx:flyToMode>smooth</gx:flyToMode>
				<Camera>
					<longitude>-122.2719865677</longitude>
					<latitude>37.8670591159</latitude>
					<altitude>25.0</altitude>
					<heading>260.94</heading>
					<tilt>88.0</tilt>
					<roll>0</roll>
					<altitudeMode>relativeToGround</altitudeMode>
				</Camera>
			</gx:FlyTo>
			<gx:FlyTo>
				<gx:duration>3.29</gx:duration>
				<gx:flyToMode>smooth</gx:flyToMode>
				<Camera>
					<longitude>-122.2724313193</longitude>
					<latitude>37.8670031220</latitude>
					<altitude>25.0</altitude>
					<heading>260.94</heading>
					<tilt>88.0</tilt>
					<roll>0</roll>
					<altitudeMode>relativeToGround</altitudeMode>
				</Camera>
			</gx:FlyTo>
			<gx:FlyTo>
				<gx:duration>3.35</gx:duration>
				<gx:flyToMode>smooth</gx:flyToMode>
				<Camera>
					<longitude>-122.2728826432</longitude>
					<latitude>37.8669447520</latitude>
					<altitude>25.0</altitude>
					<heading>260.70</heading>
					<tilt>88.0</tilt>
					<roll>0</roll>
					<altitudeMode>relativeToGround</altitudeMode>
				</Camera>
			</gx:FlyTo>
			<gx:FlyTo>
				<gx:duration>3.35</gx:duration>
				<gx:flyToMode>smooth</gx:flyToMode>
				<Camera>
					<longitude>-122.2733339671</longitude>
					<latitude>37.8668863820</latitude>
					<altitude>25.0</altitude>
					<heading>260.70</heading>
					<tilt>88.0</tilt>
					<roll>0</roll>
					<altitudeMode>relativeToGround</altitudeMode>
				</Camera>
			</gx:FlyTo>
			<gx:FlyTo>
				<gx:duration>3.35</gx:duration>
				<gx:flyToMode>smooth</gx:flyToMode>
				<Camera>
					<longitude>-122.2737852911</longitude>
					<latitude>37.8668280119</latitude>
					<altitude>25.0</altitude>
					<heading>260.70</heading>
					<tilt>88.0</tilt>
					<roll>0</roll>
					<altitudeMode>relativeToGround</altitudeMode>
				</Camera>
			</gx:FlyTo>
			<gx:FlyTo>
				<gx:duration>3.35</gx:duration>
				<gx:flyToMode>smooth</gx:flyToMode>
				<Camera>
					<longitude>-122.2742366150</longitude>
					<latitude>37.8667696419</latitude>
					<altitude>25.0</altitude>
					<heading>260.70</heading>
					<tilt>88.0</tilt>
					<roll>0</roll>
					<altitudeMode>relativeToGround</altitudeMode>
				</Camera>
			</gx:FlyTo>
			<gx:FlyTo>
				<gx:duration>3.35</gx:duration>
				<gx:flyToMode>smooth</gx:flyToMode>
				<Camera>
					<longitude>-122.2746879390</longitude>
					<latitude>37.8667112719</latitude>
					<altitude>25.0</altitude>
					<heading>260.70</heading>
					<tilt>88.0</tilt>
					<roll>0</roll>
					<altitudeMode>relativeToGround</altitudeMode>
				</Camera>
			</gx:FlyTo>
			<gx:FlyTo>
				<gx:duration>3.35</gx:duration>
				<gx:flyToMode>smooth</gx:flyToMode>
				<Camera>
					<longitude>-122.2751392629</longitude>
					<latitude>37.8666529018</latitude>
					<altitude>25.0</altitude>
					<heading>260.70</heading>
					<tilt>88.0</tilt>
					<roll>0</roll>
					<altitudeMode>relativeToGround</altitudeMode>
				</Camera>
			</gx:FlyTo>
			<gx:FlyTo>
				<gx:duration>3.35</gx:duration>
				<gx:flyToMode>smooth</gx:flyToMode>
				<Camera>
					<longitude>-122.2755905868</longitude>
					<latitude>37.8665945318</latitude>
					<altitude>25.0</altitude>
					<heading>260.70</heading>
					<tilt>88.0</tilt>
					<roll>0</roll>
					<altitudeMode>relativeToGround</altitudeMode>
				</Camera>
			</gx:FlyTo>
			<gx:FlyTo>
				<gx:duration>3.35</gx:duration>
				<gx:flyToMode>smooth</gx:flyToMode>
				<Camera>
					<longitude>-122.2760419108</longitude>
					<latitude>37.8665361618</latitude>
					<altitude>25.0</altitude>
					<heading>260.70</heading>
					<tilt>88.0</tilt>
					<roll>0</roll>
					<altitudeMode>relativeToGround</altitudeMode>
				</Camera>
			</gx:FlyTo>
			<gx:FlyTo>
				<gx:duration>3.35</gx:duration>
				<gx:flyToMode>smooth</gx:flyToMode>
				<Camera>
					<longitude>-122.2764932347</longitude>
					<latitude>37.8664777917</latitude>
					<altitude>25.0</altitude>
					<heading>260.70</heading>
					<tilt>88.0</tilt>
					<roll>0</roll>
					<altitudeMode>relativeToGround</altitudeMode>
				</Camera>
			</gx:FlyTo>
			<gx:FlyTo>
				<gx:duration>3.35</gx:duration>
				<gx:flyToMode>smooth</gx:flyToMode>
				<Camera>
					<longitude>-122.2769445586</longitude>
					<latitude>37.8664194217</latitude>
					<altitude>25.0</altitude>
					<heading>260.70</heading>
					<tilt>88.0</tilt>
					<roll>0</roll>
					<altitudeMode>relativeToGround</altitudeMode>
				</Camera>
			</gx:FlyTo>
			<gx:FlyTo>
				<gx:duration>3.35</gx:duration>
				<gx:flyToMode>smooth</gx:flyToMode>
				<Camera>
					<longitude>-122.2773958826</longitude>
					<latitude>37.8663610517</latitude>
					<altitude>25.0</altitude>
					<heading>260.70</heading>
					<tilt>88.0</tilt>
					<roll>0</roll>
					<altitudeMode>relativeToGround</altitudeMode>
				</Camera>
			</gx:FlyTo>
			<gx:FlyTo>
				<gx:duration>3.35</gx:duration>
				<gx:flyToMode>smooth</gx:flyToMode>
				<Camera>
					<longitude>-122.2778472065</longitude>
					<latitude>37.8663026816</latitude>
					<altitude>25.0</altitude>
					<heading>260.70</heading>
					<tilt>88.0</tilt>
					<roll>0</roll>
					<altitudeMode>relativeToGround</altitudeMode>
				</Camera>
			</gx:FlyTo>
			<gx:FlyTo>
				<gx:duration>3.35</gx:duration>
				<gx:flyToMode>smooth</gx:flyToMode>
				<Camera>
					<longitude>-122.2782985305</longitude>
					<latitude>37.8662443116</latitude>
					<altitude>25.0</altitude>
					<heading>260.70</heading>
					<tilt>88.0</tilt>
					<roll>0</roll>
					<altitudeMode>relativeToGround</altitudeMode>
				</Camera>
			</gx:FlyTo>
			<gx:FlyTo>
				<gx:duration>3.35</gx:duration>
				<gx:flyToMode>smooth</gx:flyToMode>
				<Camera>
					<longitude>-122.2787498544</longitude>
					<latitude>37.8661859416</latitude>
					<altitude>25.0</altitude>
					<heading>260.70</heading>
					<tilt>88.0</tilt>
					<roll>0</roll>
					<altitudeMode>relativeToGround</altitudeMode>
				</Camera>
			</gx:FlyTo>
			<gx:FlyTo>
				<gx:duration>3.35</gx:duration>
				<gx:flyToMode>smooth</gx:flyToMode>
				<Camera>
					<longitude>-122.2792011783</longitude>
					<latitude>37.8661275715</latitude>
					<altitude>25.0</altitude>
					<heading>260.70</heading>
					<tilt>88.0</tilt>
					<roll>0</roll>
					<altitudeMode>relativeToGround</altitudeMode>
				</Camera>
			</gx:FlyTo>
			<gx:FlyTo>
				<gx:duration>3.38</gx:duration>
				<gx:flyToMode>smooth</gx:flyToMode>
				<Camera>
					<longitude>-122.2796566021</longitude>
					<latitude>37.8660684791</latitude>
					<altitude>25.0</altitude>
					<heading>260.67</heading>
					<tilt>88.0</tilt>
					<roll>0</roll>
					<altitudeMode>relativeToGround</altitudeMode>
				</Camera>
			</gx:FlyTo>
			<gx:FlyTo>
				<gx:duration>3.38</gx:duration>
				<gx:flyToMode>smooth</gx:flyToMode>
				<Camera>
					<longitude>-122.2801120259</longitude>
					<latitude>37.8660093867</latitude>
					<altitude>25.0</altitude>
					<heading>260.67</heading>
					<tilt>88.0</tilt>
					<roll>0</roll>
					<altitudeMode>relativeToGround</altitudeMode>
				</Camera>
			</gx:FlyTo>
			<gx:FlyTo>
				<gx:duration>3.38</gx:duration>
				<gx:flyToMode>smooth</gx:flyToMode>
				<Camera>
					<longitude>-122.2805674496</longitude>
					<latitude>37.8659502943</latitude>
					<altitude>25.0</altitude>
					<heading>260.67</heading>
					<tilt>88.0</tilt>
					<roll>0</roll>
					<altitudeMode>relativeToGround</altitudeMode>
				</Camera>
			</gx:FlyTo>
			<gx:FlyTo>
				<gx:duration>3.38</gx:duration>
				<gx:flyToMode>smooth</gx:flyToMode>
				<Camera>
					<longitude>-122.2810228734</longitude>
					<latitude>37.8658912019</latitude>
					<altitude>25.0</altitude>
					<heading>260.67</heading>
					<tilt>88.0</tilt>
					<roll>0</roll>
					<altitudeMode>relativeToGround</altitudeMode>
				</Camera>
			</gx:FlyTo>
			<gx:FlyTo>
				<gx:duration>3.38</gx:duration>
				<gx:flyToMode>smooth</gx:flyToMode>
				<Camera>
					<longitude>-122.2814782972</longitude>
					<latitude>37.8658321094</latitude>
					<altitude>25.0</altitude>
					<heading>260.67</heading>
					<tilt>88.0</tilt>
					<roll>0</roll>
					<altitudeMode>relativeToGround</altitudeMode>
				</Camera>
			</gx:FlyTo>
			<gx:FlyTo>
				<gx:duration>3.38</gx:duration>
				<gx:flyToMode>smooth</gx:flyToMode>
				<Camera>
					<longitude>-122.2819337209</longitude>
					<latitude>37.8657730170</latitude>
					<altitude>25.0</altitude>
					<heading>260.67</heading>
					<tilt>88.0</tilt>
					<roll>0</roll>
					<altitudeMode>relativeToGround</altitudeMode>
				</Camera>
			</gx:FlyTo>
			<gx:FlyTo>
				<gx:duration>3.38</gx:duration>
				<gx:flyToMode>smooth</gx:flyToMode>
				<Camera>
					<longitude>-122.2823891447</longitude>
					<latitude>37.8657139246</latitude>
					<altitude>25.0</altitude>
					<heading>260.67</heading>
					<tilt>88.0</tilt>
					<roll>0</roll>
					<altitudeMode>relativeToGround</altitudeMode>
				</Camera>
			</gx:FlyTo>
			<gx:FlyTo>
				<gx:duration>3.38</gx:duration>
				<gx:flyToMode>smooth</gx:flyToMode>
				<Camera>
					<longitude>-122.2828445685</longitude>
					<latitude>37.8656548322</latitude>
					<altitude>25.0</altitude>
					<heading>260.67</heading>
					<tilt>88.0</tilt>
					<roll>0</roll>
					<altitudeMode>relativeToGround</altitudeMode>
				</Camera>
			</gx:FlyTo>
			<gx:FlyTo>
				<gx:duration>3.38</gx:duration>
				<gx:flyToMode>smooth</gx:flyToMode>
				<Camera>
					<longitude>-122.2832999922</longitude>
					<latitude>37.8655957397</latitude>
					<altitude>25.0</altitude>
					<heading>260.67</heading>
					<tilt>88.0</tilt>
					<roll>0</roll>
					<altitudeMode>relativeToGround</altitudeMode>
				</Camera>
			</gx:FlyTo>
			<gx:FlyTo>
				<gx:duration>3.38</gx:duration>
				<gx:flyToMode>smooth</gx:flyToMode>
				<Camera>
					<longitude>-122.2837554160</longitude>
					<latitude>37.8655366473</latitude>
					<altitude>25.0</altitude>
					<heading>260.67</heading>
					<tilt>88.0</tilt>
					<roll>0</roll>
					<altitudeMode>relativeToGround</altitudeMode>
				</Camera>
			</gx:FlyTo>
			<gx:FlyTo>
				<gx:duration>3.38</gx:duration>
				<gx:flyToMode>smooth</gx:flyToMode>
				<Camera>
					<longitude>-122.2842108398</longitude>
					<latitude>37.8654775549</latitude>
					<altitude>25.0</altitude>
					<heading>260.67</heading>
					<tilt>88.0</tilt>
					<roll>0</roll>
					<altitudeMode>relativeToGround</altitudeMode>
				</Camera>
			</gx:FlyTo>
			<gx:FlyTo>
				<gx:duration>3.38</gx:duration>
				<gx:flyToMode>smooth</gx:flyToMode>
				<Camera>
					<longitude>-122.2846662635</longitude>
					<latitude>37.8654184625</latitude>
					<altitude>25.0</altitude>
					<heading>260.67</heading>
					<tilt>88.0</tilt>
					<roll>0</roll>
					<altitudeMode>relativeToGround</altitudeMode>
				</Camera>
			</gx:FlyTo>
			<gx:FlyTo>
				<gx:duration>3.38</gx:duration>
				<gx:flyToMode>smooth</gx:flyToMode>
				<Camera>
					<longitude>-122.2851216873</longitude>
					<latitude>37.8653593701</latitude>
					<altitude>25.0</altitude>
					<heading>260.67</heading>
					<tilt>88.0</tilt>
					<roll>0</roll>
					<altitudeMode>relativeToGround</altitudeMode>
				</Camera>
			</gx:FlyTo>
			<gx:FlyTo>
				<gx:duration>3.38</gx:duration>
				<gx:flyToMode>smooth</gx:flyToMode>
				<Camera>
					<longitude>-122.2855771111</longitude>
					<latitude>37.8653002776</latitude>
					<altitude>25.0</altitude>
					<heading>260.67</heading>
					<tilt>88.0</tilt>
					<roll>0</roll>
					<altitudeMode>relativeToGround</altitudeMode>
				</Camera>
			</gx:FlyTo>
			<gx:FlyTo>
				<gx:duration>3.38</gx:duration>
				<gx:flyToMode>smooth</gx:flyToMode>
				<Camera>
					<longitude>-122.2860325348</longitude>
					<latitude>37.8652411852</latitude>
					<altitude>25.0</altitude>
					<heading>260.67</heading>
					<tilt>88.0</tilt>
					<roll>0</roll>
					<altitudeMode>relativeToGround</altitudeMode>
				</Camera>
			</gx:FlyTo>
			<gx:FlyTo>
				<gx:duration>3.38</gx:duration>
				<gx:flyToMode>smooth</gx:flyToMode>
				<Camera>
					<longitude>-122.2864879586</longitude>
					<latitude>37.8651820928</latitude>
					<altitude>25.0</altitude>
					<heading>260.67</heading>
					<tilt>88.0</tilt>
					<roll>0</roll>
					<altitudeMode>relativeToGround</altitudeMode>
				</Camera>
			</gx:FlyTo>
			<gx:FlyTo>
				<gx:duration>3.38</gx:duration>
				<gx:flyToMode>smooth</gx:flyToMode>
				<Camera>
					<longitude>-122.2869433824</longitude>
					<latitude>37.8651230004</latitude>
					<altitude>25.0</altitude>
					<heading>260.67</heading>
					<tilt>88.0</tilt>
					<roll>0</roll>
					<altitudeMode>relativeToGround</altitudeMode>
				</Camera>
			</gx:FlyTo>
			<gx:FlyTo>
				<gx:duration>3.38</gx:duration>
				<gx:flyToMode>smooth</gx:flyToMode>
				<Camera>
					<longitude>-122.2873988061</longitude>
					<latitude>37.8650639079</latitude>
					<altitude>25.0</altitude>
					<heading>260.67</heading>
					<tilt>88.0</tilt>
					<roll>0</roll>
					<altitudeMode>relativeToGround</altitudeMode>
				</Camera>
			</gx:FlyTo>
			<gx:FlyTo>
				<gx:duration>3.38</gx:duration>
				<gx:flyToMode>smooth</gx:flyToMode>
				<Camera>
					<longitude>-122.2878542299</longitude>
					<latitude>37.8650048155</latitude>
					<altitude>25.0</altitude>
					<heading>260.67</heading>
					<tilt>88.0</tilt>
					<roll>0</roll>
					<altitudeMode>relativeToGround</altitudeMode>
				</Camera>
			</gx:FlyTo>
			<gx:FlyTo>
				<gx:duration>3.38</gx:duration>
				<gx:flyToMode>smooth</gx:flyToMode>
				<Camera>
					<longitude>-122.2883096537</longitude>
					<latitude>37.8649457231</latitude>
					<altitude>25.0</altitude>
					<heading>260.67</heading>
					<tilt>88.0</tilt>
					<roll>0</roll>
					<altitudeMode>relativeToGround</altitudeMode>
				</Camera>
			</gx:FlyTo>
			<gx:FlyTo>
				<gx:duration>3.38</gx:duration>
				<gx:flyToMode>smooth</gx:flyToMode>
				<Camera>
					<longitude>-122.2887650775</longitude>
					<latitude>37.8648866307</latitude>
					<altitude>25.0</altitude>
					<heading>260.67</heading>
					<tilt>88.0</tilt>
					<roll>0</roll>
					<altitudeMode>relativeToGround</altitudeMode>
				</Camera>
			</gx:FlyTo>
			<gx:FlyTo>
				<gx:duration>3.38</gx:duration>
				<gx:flyToMode>smooth</gx:flyToMode>
				<Camera>
					<longitude>-122.2892205012</longitude>
					<latitude>37.8648275383</latitude>
					<altitude>25.0</altitude>
					<heading>260.67</heading>
					<tilt>88.0</tilt>
					<roll>0</roll>
					<altitudeMode>relativeToGround</altitudeMode>
				</Camera>
			</gx:FlyTo>
			<gx:FlyTo>
				<gx:duration>3.38</gx:duration>
				<gx:flyToMode>smooth</gx:flyToMode>
				<Camera>
					<longitude>-122.2896759250</longitude>
					<latitude>37.8647684458</latitude>
					<altitude>25.0</altitude>
					<heading>260.67</heading>
					<tilt>88.0</tilt>
					<roll>0</roll>
					<altitudeMode>relativeToGround</altitudeMode>
				</Camera>
			</gx:FlyTo>
			<gx:FlyTo>
				<gx:duration>3.38</gx:duration>
				<gx:flyToMode>smooth</gx:flyToMode>
				<Camera>
					<longitude>-122.2901313488</longitude>
					<latitude>37.8647093534</latitude>
					<altitude>25.0</altitude>
					<heading>260.67</heading>
					<tilt>88.0</tilt>
					<roll>0</roll>
					<altitudeMode>relativeToGround</altitudeMode>
				</Camera>
			</gx:FlyTo>
			<gx:FlyTo>
				<gx:duration>3.38</gx:duration>
				<gx:flyToMode>smooth</gx:flyToMode>
				<Camera>
					<longitude>-122.2905867725</longitude>
					<latitude>37.8646502610</latitude>
					<altitude>25.0</altitude>
					<heading>260.67</heading>
					<tilt>88.0</tilt>
					<roll>0</roll>
					<altitudeMode>relativeToGround</altitudeMode>
				</Camera>
			</gx:FlyTo>
			<gx:FlyTo>
				<gx:duration>3.41</gx:duration>
				<gx:flyToMode>smooth</gx:flyToMode>
				<Camera>
					<longitude>-122.2910381533</longitude>
					<latitude>37.8645592749</latitude>
					<altitude>25.0</altitude>
					<heading>255.68</heading>
					<tilt>88.0</tilt>
					<roll>0</roll>
					<altitudeMode>relativeToGround</altitudeMode>
				</Camera>
			</gx:FlyTo>
			<gx:FlyTo>
				<gx:duration>3.41</gx:duration>
				<gx:flyToMode>smooth</gx:flyToMode>
				<Camera>
					<longitude>-122.2914895340</longitude>
					<latitude>37.8644682888</latitude>
					<altitude>25.0</altitude>
					<heading>255.68</heading>
					<tilt>88.0</tilt>
					<roll>0</roll>
					<altitudeMode>relativeToGround</altitudeMode>
				</Camera>
			</gx:FlyTo>
			<gx:FlyTo>
				<gx:duration>3.41</gx:duration>
				<gx:flyToMode>smooth</gx:flyToMode>
				<Camera>
					<longitude>-122.2919409147</longitude>
					<latitude>37.8643773027</latitude>
					<altitude>25.0</altitude>
					<heading>255.68</heading>
					<tilt>88.0</tilt>
					<roll>0</roll>
					<altitudeMode>relativeToGround</altitudeMode>
				</Camera>
			</gx:FlyTo>
			<gx:FlyTo>
				<gx:duration>3.41</gx:duration>
				<gx:flyToMode>smooth</gx:flyToMode>
				<Camera>
					<longitude>-122.2923922955</longitude>
					<latitude>37.8642863166</latitude>
					<altitude>25.0</altitude>
					<heading>255.68</heading>
					<tilt>88.0</tilt>
					<roll>0</roll>
					<altitudeMode>relativeToGround</altitudeMode>
				</Camera>
			</gx:FlyTo>
			<gx:FlyTo>
				<gx:duration>3.41</gx:duration>
				<gx:flyToMode>smooth</gx:flyToMode>
				<Camera>
					<longitude>-122.2928436762</longitude>
					<latitude>37.8641953305</latitude>
					<altitude>25.0</altitude>
					<heading>255.68</heading>
					<tilt>88.0</tilt>
					<roll>0</roll>
					<altitudeMode>relativeToGround</altitudeMode>
				</Camera>
			</gx:FlyTo>
			<gx:FlyTo>
				<gx:duration>3.41</gx:duration>
				<gx:flyToMode>smooth</gx:flyToMode>
				<Camera>
					<longitude>-122.2932950569</longitude>
					<latitude>37.8641043444</latitude>
					<altitude>25.0</altitude>
					<heading>255.68</heading>
					<tilt>88.0</tilt>
					<roll>0</roll>
					<altitudeMode>relativeToGround</altitudeMode>
				</Camera>
			</gx:FlyTo>
			<gx:FlyTo>
				<gx:duration>3.41</gx:duration>
				<gx:flyToMode>smooth</gx:flyToMode>
				<Camera>
					<longitude>-122.2937464377</longitude>
					<latitude>37.8640133583</latitude>
					<altitude>25.0</altitude>
					<heading>255.68</heading>
					<tilt>88.0</tilt>
					<roll>0</roll>
					<altitudeMode>relativeToGround</altitudeMode>
				</Camera>
			</gx:FlyTo>
			<gx:FlyTo>
				<gx:duration>3.41</gx:duration>
				<gx:flyToMode>smooth</gx:flyToMode>
				<Camera>
					<longitude>-122.2941978184</longitude>
					<latitude>37.8639223722</latitude>
					<altitude>25.0</altitude>
					<heading>255.68</heading>
					<tilt>88.0</tilt>
					<roll>0</roll>
					<altitudeMode>relativeToGround</altitudeMode>
				</Camera>
			</gx:FlyTo>
			<gx:FlyTo>
				<gx:duration>3.48</gx:duration>
				<gx:flyToMode>smooth</gx:flyToMode>
				<Camera>
					<longitude>-122.2946582072</longitude>
					<latitude>37.8638297040</latitude>
					<altitude>25.0</altitude>
					<heading>255.70</heading>
					<tilt>88.0</tilt>
					<roll>0</roll>
					<altitudeMode>relativeToGround</altitudeMode>
				</Camera>
			</gx:FlyTo>
			<gx:FlyTo>
				<gx:duration>3.48</gx:duration>
				<gx:flyToMode>smooth</gx:flyToMode>
				<Camera>
					<longitude>-122.2951185959</longitude>
					<latitude>37.8637370357</latitude>
					<altitude>25.0</altitude>
					<heading>255.70</heading>
					<tilt>88.0</tilt>
					<roll>0</roll>
					<altitudeMode>relativeToGround</altitudeMode>
				</Camera>
			</gx:FlyTo>
			<gx:FlyTo>
				<gx:duration>3.48</gx:duration>
				<gx:flyToMode>smooth</gx:flyToMode>
				<Camera>
					<longitude>-122.2955789847</longitude>
					<latitude>37.8636443675</latitude>
					<altitude>25.0</altitude>
					<heading>255.70</heading>
					<tilt>88.0</tilt>
					<roll>0</roll>
					<altitudeMode>relativeToGround</altitudeMode>
				</Camera>
			</gx:FlyTo>
			<gx:FlyTo>
				<gx:duration>3.48</gx:duration>
				<gx:flyToMode>smooth</gx:flyToMode>
				<Camera>
					<longitude>-122.2960393734</longitude>
					<latitude>37.8635516993</latitude>
					<altitude>25.0</altitude>
					<heading>255.70</heading>
					<tilt>88.0</tilt>
					<roll>0</roll>
					<altitudeMode>relativeToGround</altitudeMode>
				</Camera>
			</gx:FlyTo>
			<gx:FlyTo>
				<gx:duration>3.48</gx:duration>
				<gx:flyToMode>smooth</gx:flyToMode>
				<Camera>
					<longitude>-122.2964997622</longitude>
					<latitude>37.8634590310</latitude>
					<altitude>25.0</altitude>
					<heading>255.70</heading>
					<tilt>88.0</tilt>
					<roll>0</roll>
					<altitudeMode>relativeToGround</altitudeMode>
				</Camera>
			</gx:FlyTo>
			<gx:FlyTo>
				<gx:duration>3.48</gx:duration>
				<gx:flyToMode>smooth</gx:flyToMode>
				<Camera>
					<longitude>-122.2969601509</longitude>
					<latitude>37.8633663628</latitude>
					<altitude>25.0</altitude>
					<heading>255.70</heading>
					<tilt>88.0</tilt>
					<roll>0</roll>
					<altitudeMode>relativeToGround</altitudeMode>
				</Camera>
			</gx:FlyTo>
			<gx:FlyTo>
				<gx:duration>3.48</gx:duration>
				<gx:flyToMode>smooth</gx:flyToMode>
				<Camera>
					<longitude>-122.2974205397</longitude>
					<latitude>37.8632736946</latitude>
					<altitude>25.0</altitude>
					<heading>255.70</heading>
					<tilt>88.0</tilt>
					<roll>0</roll>
					<altitudeMode>relativeToGround</altitudeMode>
				</Camera>
			</gx:FlyTo>
			<gx:FlyTo>
				<gx:duration>3.48</gx:duration>
				<gx:flyToMode>smooth</gx:flyToMode>
				<Camera>
					<longitude>-122.2978809284</longitude>
					<latitude>37.8631810263</latitude>
					<altitude>25.0</altitude>
					<heading>255.70</heading>
					<tilt>88.0</tilt>
					<roll>0</roll>
					<altitudeMode>relativeToGround</altitudeMode>
				</Camera>
			</gx:FlyTo>
			<gx:FlyTo>
				<gx:duration>3.48</gx:duration>
				<gx:flyToMode>smooth</gx:flyToMode>
				<Camera>
					<longitude>-122.2983413172</longitude>
					<latitude>37.8630883581</latitude>
					<altitude>25.0</altitude>
					<heading>255.70</heading>
					<tilt>88.0</tilt>
					<roll>0</roll>
					<altitudeMode>relativeToGround</altitudeMode>
				</Camera>
			</gx:FlyTo>
			<gx:FlyTo>
				<gx:duration>3.26</gx:duration>
				<gx:flyToMode>smooth</gx:flyToMode>
				<Camera>
					<longitude>-122.2987721160</longitude>
					<latitude>37.8629977469</latitude>
					<altitude>25.0</altitude>
					<heading>255.08</heading>
					<tilt>88.0</tilt>
					<roll>0</roll>
					<altitudeMode>relativeToGround</altitudeMode>
				</Camera>
			</gx:FlyTo>
			<gx:FlyTo>
				<gx:duration>3.26</gx:duration>
				<gx:flyToMode>smooth</gx:flyToMode>
				<Camera>
					<longitude>-122.2992029148</longitude>
					<latitude>37.8629071356</latitude>
					<altitude>25.0</altitude>
					<heading>255.08</heading>
					<tilt>88.0</tilt>
					<roll>0</roll>
					<altitudeMode>relativeToGround</altitudeMode>
				</Camera>
			</gx:FlyTo>
			<gx:FlyTo>
				<gx:duration>3.26</gx:duration>
				<gx:flyToMode>smooth</gx:flyToMode>
				<Camera>
					<longitude>-122.2996337136</longitude>
					<latitude>37.8628165244</latitude>
					<altitude>25.0</altitude>
					<heading>255.08</heading>
					<tilt>88.0</tilt>
					<roll>0</roll>
					<altitudeMode>relativeToGround</altitudeMode>
				</Camera>
			</gx:FlyTo>
			<gx:FlyTo>
				<gx:duration>3.26</gx:duration>
				<gx:flyToMode>smooth</gx:flyToMode>
				<Camera>
					<longitude>-122.3000645124</longitude>
					<latitude>37.8627259132</latitude>
					<altitude>25.0</altitude>
					<heading>255.08</heading>
					<tilt>88.0</tilt>
					<roll>0</roll>
					<altitudeMode>relativeToGround</altitudeMode>
				</Camera>
			</gx:FlyTo>
			<gx:FlyTo>
				<gx:duration>3.26</gx:duration>
				<gx:flyToMode>smooth</gx:flyToMode>
				<Camera>
					<longitude>-122.3004953112</longitude>
					<latitude>37.8626353019</latitude>
					<altitude>25.0</altitude>
					<heading>255.08</heading>
					<tilt>88.0</tilt>
					<roll>0</roll>
					<altitudeMode>relativeToGround</altitudeMode>
				</Camera>
			</gx:FlyTo>
			<gx:FlyTo>
				<gx:duration>3.28</gx:duration>
				<gx:flyToMode>smooth</gx:flyToMode>
				<Camera>
					<longitude>-122.3009325506</longitude>
					<latitude>37.8625585513</latitude>
					<altitude>25.0</altitude>
					<heading>257.47</heading>
					<tilt>88.0</tilt>
					<roll>0</roll>
					<altitudeMode>relativeToGround</altitudeMode>
				</Camera>
			</gx:FlyTo>
			<gx:FlyTo>
				<gx:duration>3.28</gx:duration>
				<gx:flyToMode>smooth</gx:flyToMode>
				<Camera>
					<longitude>-122.3013697900</longitude>
					<latitude>37.8624818008</latitude>
					<altitude>25.0</altitude>
					<heading>257.47</heading>
					<tilt>88.0</tilt>
					<roll>0</roll>
					<altitudeMode>relativeToGround</altitudeMode>
				</Camera>
			</gx:FlyTo>
			<gx:FlyTo>
				<gx:duration>3.28</gx:duration>
				<gx:flyToMode>smooth</gx:flyToMode>
				<Camera>
					<longitude>-122.3018070294</longitude>
					<latitude>37.8624050502</latitude>
					<altitude>25.0</altitude>
					<heading>257.47</heading>
					<tilt>88.0</tilt>
					<roll>0</roll>
					<altitudeMode>relativeToGround</altitudeMode>
				</Camera>
			</gx:FlyTo>
			<gx:FlyTo>
				<gx:duration>3.28</gx:duration>
				<gx:flyToMode>smooth</gx:flyToMode>
				<Camera>
					<longitude>-122.3022442688</longitude>
					<latitude>37.8623282996</latitude>
					<altitude>25.0</altitude>
					<heading>257.47</heading>
					<tilt>88.0</tilt>
					<roll>0</roll>
					<altitudeMode>relativeToGround</altitudeMode>
				</Camera>
			</gx:FlyTo>
		<!--SWOOP-OUTRO-->
			<gx:FlyTo>
				<gx:duration>4.00</gx:duration>
				<gx:flyToMode>smooth</gx:flyToMode>
				<Camera>
					<longitude>-122.3027996388</longitude>
					<latitude>37.8622308549</latitude>
					<altitude>100.0</altitude>
					<heading>77.47</heading>
					<tilt>69.4</tilt>
					<roll>0</roll>
					<altitudeMode>relativeToGround</altitudeMode>
				</Camera>
			</gx:FlyTo>
			<gx:Wait><gx:duration>8.00</gx:duration></gx:Wait>
<!--/SWOOP-OUTRO-->
		</gx:Playlist>
	</gx:Tour>
</Document>
</kml>
