<?xml version="1.0" encoding="UTF-8"?>
<kml xmlns="http://www.opengis.net/kml/2.2" xmlns:gx="http://www.google.com/kml/ext/2.2">
<Document>
	<name>Durant Ave W-to-E · 08-28 07:28 · cp-e6b455</name>
	<description><![CDATA[Generated by scripts/gen_corridor_tour.py from Durant Control Points DERIVED.kml (13 control points). Cruise 25 m; orbits at roof + 10 m, derived from the current extrusion height in geometry.kml. Camera-only: load alongside the geometry, or run build_tour_package.py to splice.]]></description>
	<gx:Tour>
		<name>Durant Ave W-to-E · 08-28 07:28 · cp-e6b455</name>
		<gx:Playlist>
			<gx:FlyTo>
				<gx:duration>0.10</gx:duration>
				<gx:flyToMode>bounce</gx:flyToMode>
				<Camera>
					<longitude>-122.2690926280</longitude>
					<latitude>37.8661804541</latitude>
					<altitude>25.0</altitude>
					<heading>64.88</heading>
					<tilt>88.0</tilt>
					<roll>0</roll>
					<altitudeMode>relativeToGround</altitudeMode>
				</Camera>
			</gx:FlyTo>
			<gx:FlyTo>
				<gx:duration>3.23</gx:duration>
				<gx:flyToMode>smooth</gx:flyToMode>
				<Camera>
					<longitude>-122.2686926280</longitude>
					<latitude>37.8663285119</latitude>
					<altitude>25.0</altitude>
					<heading>64.88</heading>
					<tilt>88.0</tilt>
					<roll>0</roll>
					<altitudeMode>relativeToGround</altitudeMode>
				</Camera>
			</gx:FlyTo>
			<gx:FlyTo>
				<gx:duration>3.23</gx:duration>
				<gx:flyToMode>smooth</gx:flyToMode>
				<Camera>
					<longitude>-122.2682926280</longitude>
					<latitude>37.8664765697</latitude>
					<altitude>25.0</altitude>
					<heading>64.88</heading>
					<tilt>88.0</tilt>
					<roll>0</roll>
					<altitudeMode>relativeToGround</altitudeMode>
				</Camera>
			</gx:FlyTo>
			<gx:FlyTo>
				<gx:duration>3.23</gx:duration>
				<gx:flyToMode>smooth</gx:flyToMode>
				<Camera>
					<longitude>-122.2678926280</longitude>
					<latitude>37.8666246275</latitude>
					<altitude>25.0</altitude>
					<heading>64.88</heading>
					<tilt>88.0</tilt>
					<roll>0</roll>
					<altitudeMode>relativeToGround</altitudeMode>
				</Camera>
			</gx:FlyTo>
			<gx:FlyTo>
				<gx:duration>3.23</gx:duration>
				<gx:flyToMode>smooth</gx:flyToMode>
				<Camera>
					<longitude>-122.2674926280</longitude>
					<latitude>37.8667726854</latitude>
					<altitude>25.0</altitude>
					<heading>64.88</heading>
					<tilt>88.0</tilt>
					<roll>0</roll>
					<altitudeMode>relativeToGround</altitudeMode>
				</Camera>
			</gx:FlyTo>
			<gx:FlyTo>
				<gx:duration>0.30</gx:duration>
				<gx:flyToMode>smooth</gx:flyToMode>
				<Camera>
					<longitude>-122.2670536848</longitude>
					<latitude>37.8669300937</latitude>
					<altitude>25.1</altitude>
					<heading>66.80</heading>
					<tilt>87.8</tilt>
					<roll>0</roll>
					<altitudeMode>relativeToGround</altitudeMode>
				</Camera>
			</gx:FlyTo>
			<gx:FlyTo>
				<gx:duration>0.30</gx:duration>
				<gx:flyToMode>smooth</gx:flyToMode>
				<Camera>
					<longitude>-122.2670069808</longitude>
					<latitude>37.8669153757</latitude>
					<altitude>25.6</altitude>
					<heading>72.45</heading>
					<tilt>87.3</tilt>
					<roll>0</roll>
					<altitudeMode>relativeToGround</altitudeMode>
				</Camera>
			</gx:FlyTo>
			<gx:FlyTo>
				<gx:duration>0.30</gx:duration>
				<gx:flyToMode>smooth</gx:flyToMode>
				<Camera>
					<longitude>-122.2669527815</longitude>
					<latitude>37.8668596984</latitude>
					<altitude>26.2</altitude>
					<heading>48.38</heading>
					<tilt>86.5</tilt>
					<roll>0</roll>
					<altitudeMode>relativeToGround</altitudeMode>
				</Camera>
			</gx:FlyTo>
			<gx:FlyTo>
				<gx:duration>0.30</gx:duration>
				<gx:flyToMode>smooth</gx:flyToMode>
				<Camera>
					<longitude>-122.2668974127</longitude>
					<latitude>37.8667558839</latitude>
					<altitude>27.0</altitude>
					<heading>37.73</heading>
					<tilt>85.5</tilt>
					<roll>0</roll>
					<altitudeMode>relativeToGround</altitudeMode>
				</Camera>
			</gx:FlyTo>
			<gx:FlyTo>
				<gx:duration>0.30</gx:duration>
				<gx:flyToMode>smooth</gx:flyToMode>
				<Camera>
					<longitude>-122.2668500113</longitude>
					<latitude>37.8666078841</latitude>
					<altitude>28.0</altitude>
					<heading>25.73</heading>
					<tilt>84.3</tilt>
					<roll>0</roll>
					<altitudeMode>relativeToGround</altitudeMode>
				</Camera>
			</gx:FlyTo>
			<gx:FlyTo>
				<gx:duration>0.30</gx:duration>
				<gx:flyToMode>smooth</gx:flyToMode>
				<Camera>
					<longitude>-122.2668191768</longitude>
					<latitude>37.8664315083</latitude>
					<altitude>29.1</altitude>
					<heading>13.06</heading>
					<tilt>82.9</tilt>
					<roll>0</roll>
					<altitudeMode>relativeToGround</altitudeMode>
				</Camera>
			</gx:FlyTo>
			<gx:FlyTo>
				<gx:duration>0.30</gx:duration>
				<gx:flyToMode>smooth</gx:flyToMode>
				<Camera>
					<longitude>-122.2668097288</longitude>
					<latitude>37.8662545240</latitude>
					<altitude>30.3</altitude>
					<heading>0.30</heading>
					<tilt>81.5</tilt>
					<roll>0</roll>
					<altitudeMode>relativeToGround</altitudeMode>
				</Camera>
			</gx:FlyTo>
			<gx:FlyTo>
				<gx:duration>0.30</gx:duration>
				<gx:flyToMode>smooth</gx:flyToMode>
				<Camera>
					<longitude>-122.2668197332</longitude>
					<latitude>37.8661162271</latitude>
					<altitude>31.5</altitude>
					<heading>347.99</heading>
					<tilt>80.0</tilt>
					<roll>0</roll>
					<altitudeMode>relativeToGround</altitudeMode>
				</Camera>
			</gx:FlyTo>
			<gx:FlyTo>
				<gx:duration>0.30</gx:duration>
				<gx:flyToMode>smooth</gx:flyToMode>
				<Camera>
					<longitude>-122.2668421515</longitude>
					<latitude>37.8660142953</latitude>
					<altitude>32.7</altitude>
					<heading>336.61</heading>
					<tilt>78.5</tilt>
					<roll>0</roll>
					<altitudeMode>relativeToGround</altitudeMode>
				</Camera>
			</gx:FlyTo>
			<gx:FlyTo>
				<gx:duration>0.30</gx:duration>
				<gx:flyToMode>smooth</gx:flyToMode>
				<Camera>
					<longitude>-122.2668751111</longitude>
					<latitude>37.8659151987</latitude>
					<altitude>33.9</altitude>
					<heading>326.59</heading>
					<tilt>77.1</tilt>
					<roll>0</roll>
					<altitudeMode>relativeToGround</altitudeMode>
				</Camera>
			</gx:FlyTo>
			<gx:FlyTo>
				<gx:duration>0.30</gx:duration>
				<gx:flyToMode>smooth</gx:flyToMode>
				<Camera>
					<longitude>-122.2669177394</longitude>
					<latitude>37.8658194768</latitude>
					<altitude>35.0</altitude>
					<heading>318.28</heading>
					<tilt>75.7</tilt>
					<roll>0</roll>
					<altitudeMode>relativeToGround</altitudeMode>
				</Camera>
			</gx:FlyTo>
			<gx:FlyTo>
				<gx:duration>0.30</gx:duration>
				<gx:flyToMode>smooth</gx:flyToMode>
				<Camera>
					<longitude>-122.2669691568</longitude>
					<latitude>37.8657275145</latitude>
					<altitude>36.0</altitude>
					<heading>312.00</heading>
					<tilt>74.5</tilt>
					<roll>0</roll>
					<altitudeMode>relativeToGround</altitudeMode>
				</Camera>
			</gx:FlyTo>
			<gx:FlyTo>
				<gx:duration>0.30</gx:duration>
				<gx:flyToMode>smooth</gx:flyToMode>
				<Camera>
					<longitude>-122.2670285141</longitude>
					<latitude>37.8656395481</latitude>
					<altitude>36.8</altitude>
					<heading>307.98</heading>
					<tilt>73.5</tilt>
					<roll>0</roll>
					<altitudeMode>relativeToGround</altitudeMode>
				</Camera>
			</gx:FlyTo>
			<gx:FlyTo>
				<gx:duration>0.30</gx:duration>
				<gx:flyToMode>smooth</gx:flyToMode>
				<Camera>
					<longitude>-122.2670950261</longitude>
					<latitude>37.8655556781</latitude>
					<altitude>37.4</altitude>
					<heading>306.42</heading>
					<tilt>72.7</tilt>
					<roll>0</roll>
					<altitudeMode>relativeToGround</altitudeMode>
				</Camera>
			</gx:FlyTo>
			<gx:FlyTo>
				<gx:duration>0.30</gx:duration>
				<gx:flyToMode>smooth</gx:flyToMode>
				<Camera>
					<longitude>-122.2671680034</longitude>
					<latitude>37.8654758845</latitude>
					<altitude>37.9</altitude>
					<heading>307.43</heading>
					<tilt>72.2</tilt>
					<roll>0</roll>
					<altitudeMode>relativeToGround</altitudeMode>
				</Camera>
			</gx:FlyTo>
			<gx:FlyTo>
				<gx:duration>0.30</gx:duration>
				<gx:flyToMode>smooth</gx:flyToMode>
				<Camera>
					<longitude>-122.2672468800</longitude>
					<latitude>37.8654000469</latitude>
					<altitude>38.0</altitude>
					<heading>311.10</heading>
					<tilt>72.0</tilt>
					<roll>0</roll>
					<altitudeMode>relativeToGround</altitudeMode>
				</Camera>
			</gx:FlyTo>
			<gx:FlyTo>
				<gx:duration>0.53</gx:duration>
				<gx:flyToMode>smooth</gx:flyToMode>
				<Camera>
					<longitude>-122.2673627868</longitude>
					<latitude>37.8653067050</latitude>
					<altitude>38.0</altitude>
					<heading>317.76</heading>
					<tilt>72.0</tilt>
					<roll>0</roll>
					<altitudeMode>relativeToGround</altitudeMode>
				</Camera>
			</gx:FlyTo>
			<gx:FlyTo>
				<gx:duration>0.53</gx:duration>
				<gx:flyToMode>smooth</gx:flyToMode>
				<Camera>
					<longitude>-122.2674916363</longitude>
					<latitude>37.8652246169</latitude>
					<altitude>38.0</altitude>
					<heading>324.43</heading>
					<tilt>72.0</tilt>
					<roll>0</roll>
					<altitudeMode>relativeToGround</altitudeMode>
				</Camera>
			</gx:FlyTo>
			<gx:FlyTo>
				<gx:duration>0.53</gx:duration>
				<gx:flyToMode>smooth</gx:flyToMode>
				<Camera>
					<longitude>-122.2676316862</longitude>
					<latitude>37.8651548929</latitude>
					<altitude>38.0</altitude>
					<heading>331.10</heading>
					<tilt>72.0</tilt>
					<roll>0</roll>
					<altitudeMode>relativeToGround</altitudeMode>
				</Camera>
			</gx:FlyTo>
			<gx:FlyTo>
				<gx:duration>0.53</gx:duration>
				<gx:flyToMode>smooth</gx:flyToMode>
				<Camera>
					<longitude>-122.2677810424</longitude>
					<latitude>37.8650984757</latitude>
					<altitude>38.0</altitude>
					<heading>337.76</heading>
					<tilt>72.0</tilt>
					<roll>0</roll>
					<altitudeMode>relativeToGround</altitudeMode>
				</Camera>
			</gx:FlyTo>
			<gx:FlyTo>
				<gx:duration>0.53</gx:duration>
				<gx:flyToMode>smooth</gx:flyToMode>
				<Camera>
					<longitude>-122.2679376853</longitude>
					<latitude>37.8650561284</latitude>
					<altitude>38.0</altitude>
					<heading>344.43</heading>
					<tilt>72.0</tilt>
					<roll>0</roll>
					<altitudeMode>relativeToGround</altitudeMode>
				</Camera>
			</gx:FlyTo>
			<gx:FlyTo>
				<gx:duration>0.53</gx:duration>
				<gx:flyToMode>smooth</gx:flyToMode>
				<Camera>
					<longitude>-122.2680994964</longitude>
					<latitude>37.8650284236</latitude>
					<altitude>38.0</altitude>
					<heading>351.10</heading>
					<tilt>72.0</tilt>
					<roll>0</roll>
					<altitudeMode>relativeToGround</altitudeMode>
				</Camera>
			</gx:FlyTo>
			<gx:FlyTo>
				<gx:duration>0.53</gx:duration>
				<gx:flyToMode>smooth</gx:flyToMode>
				<Camera>
					<longitude>-122.2682642875</longitude>
					<latitude>37.8650157361</latitude>
					<altitude>38.0</altitude>
					<heading>357.76</heading>
					<tilt>72.0</tilt>
					<roll>0</roll>
					<altitudeMode>relativeToGround</altitudeMode>
				</Camera>
			</gx:FlyTo>
			<gx:FlyTo>
				<gx:duration>0.53</gx:duration>
				<gx:flyToMode>smooth</gx:flyToMode>
				<Camera>
					<longitude>-122.2684298301</longitude>
					<latitude>37.8650182372</latitude>
					<altitude>38.0</altitude>
					<heading>4.43</heading>
					<tilt>72.0</tilt>
					<roll>0</roll>
					<altitudeMode>relativeToGround</altitudeMode>
				</Camera>
			</gx:FlyTo>
			<gx:FlyTo>
				<gx:duration>0.53</gx:duration>
				<gx:flyToMode>smooth</gx:flyToMode>
				<Camera>
					<longitude>-122.2685938856</longitude>
					<latitude>37.8650358934</latitude>
					<altitude>38.0</altitude>
					<heading>11.10</heading>
					<tilt>72.0</tilt>
					<roll>0</roll>
					<altitudeMode>relativeToGround</altitudeMode>
				</Camera>
			</gx:FlyTo>
			<gx:FlyTo>
				<gx:duration>0.53</gx:duration>
				<gx:flyToMode>smooth</gx:flyToMode>
				<Camera>
					<longitude>-122.2687542354</longitude>
					<latitude>37.8650684657</latitude>
					<altitude>38.0</altitude>
					<heading>17.76</heading>
					<tilt>72.0</tilt>
					<roll>0</roll>
					<altitudeMode>relativeToGround</altitudeMode>
				</Camera>
			</gx:FlyTo>
			<gx:FlyTo>
				<gx:duration>0.53</gx:duration>
				<gx:flyToMode>smooth</gx:flyToMode>
				<Camera>
					<longitude>-122.2689087110</longitude>
					<latitude>37.8651155136</latitude>
					<altitude>38.0</altitude>
					<heading>24.43</heading>
					<tilt>72.0</tilt>
					<roll>0</roll>
					<altitudeMode>relativeToGround</altitudeMode>
				</Camera>
			</gx:FlyTo>
			<gx:FlyTo>
				<gx:duration>0.53</gx:duration>
				<gx:flyToMode>smooth</gx:flyToMode>
				<Camera>
					<longitude>-122.2690552234</longitude>
					<latitude>37.8651764011</latitude>
					<altitude>38.0</altitude>
					<heading>31.10</heading>
					<tilt>72.0</tilt>
					<roll>0</roll>
					<altitudeMode>relativeToGround</altitudeMode>
				</Camera>
			</gx:FlyTo>
			<gx:FlyTo>
				<gx:duration>0.53</gx:duration>
				<gx:flyToMode>smooth</gx:flyToMode>
				<Camera>
					<longitude>-122.2691917913</longitude>
					<latitude>37.8652503045</latitude>
					<altitude>38.0</altitude>
					<heading>37.76</heading>
					<tilt>72.0</tilt>
					<roll>0</roll>
					<altitudeMode>relativeToGround</altitudeMode>
				</Camera>
			</gx:FlyTo>
			<gx:FlyTo>
				<gx:duration>0.53</gx:duration>
				<gx:flyToMode>smooth</gx:flyToMode>
				<Camera>
					<longitude>-122.2693165678</longitude>
					<latitude>37.8653362246</latitude>
					<altitude>38.0</altitude>
					<heading>44.43</heading>
					<tilt>72.0</tilt>
					<roll>0</roll>
					<altitudeMode>relativeToGround</altitudeMode>
				</Camera>
			</gx:FlyTo>
			<gx:FlyTo>
				<gx:duration>0.53</gx:duration>
				<gx:flyToMode>smooth</gx:flyToMode>
				<Camera>
					<longitude>-122.2694278655</longitude>
					<latitude>37.8654329994</latitude>
					<altitude>38.0</altitude>
					<heading>51.10</heading>
					<tilt>72.0</tilt>
					<roll>0</roll>
					<altitudeMode>relativeToGround</altitudeMode>
				</Camera>
			</gx:FlyTo>
			<gx:FlyTo>
				<gx:duration>0.53</gx:duration>
				<gx:flyToMode>smooth</gx:flyToMode>
				<Camera>
					<longitude>-122.2695241794</longitude>
					<latitude>37.8655393202</latitude>
					<altitude>38.0</altitude>
					<heading>57.76</heading>
					<tilt>72.0</tilt>
					<roll>0</roll>
					<altitudeMode>relativeToGround</altitudeMode>
				</Camera>
			</gx:FlyTo>
			<gx:FlyTo>
				<gx:duration>0.53</gx:duration>
				<gx:flyToMode>smooth</gx:flyToMode>
				<Camera>
					<longitude>-122.2696042069</longitude>
					<latitude>37.8656537492</latitude>
					<altitude>38.0</altitude>
					<heading>64.43</heading>
					<tilt>72.0</tilt>
					<roll>0</roll>
					<altitudeMode>relativeToGround</altitudeMode>
				</Camera>
			</gx:FlyTo>
			<gx:FlyTo>
				<gx:duration>0.53</gx:duration>
				<gx:flyToMode>smooth</gx:flyToMode>
				<Camera>
					<longitude>-122.2696668659</longitude>
					<latitude>37.8657747389</latitude>
					<altitude>38.0</altitude>
					<heading>71.10</heading>
					<tilt>72.0</tilt>
					<roll>0</roll>
					<altitudeMode>relativeToGround</altitudeMode>
				</Camera>
			</gx:FlyTo>
			<gx:FlyTo>
				<gx:duration>0.53</gx:duration>
				<gx:flyToMode>smooth</gx:flyToMode>
				<Camera>
					<longitude>-122.2697113089</longitude>
					<latitude>37.8659006532</latitude>
					<altitude>38.0</altitude>
					<heading>77.76</heading>
					<tilt>72.0</tilt>
					<roll>0</roll>
					<altitudeMode>relativeToGround</altitudeMode>
				</Camera>
			</gx:FlyTo>
			<gx:FlyTo>
				<gx:duration>0.53</gx:duration>
				<gx:flyToMode>smooth</gx:flyToMode>
				<Camera>
					<longitude>-122.2697369349</longitude>
					<latitude>37.8660297892</latitude>
					<altitude>38.0</altitude>
					<heading>84.43</heading>
					<tilt>72.0</tilt>
					<roll>0</roll>
					<altitudeMode>relativeToGround</altitudeMode>
				</Camera>
			</gx:FlyTo>
			<gx:FlyTo>
				<gx:duration>0.53</gx:duration>
				<gx:flyToMode>smooth</gx:flyToMode>
				<Camera>
					<longitude>-122.2697433974</longitude>
					<latitude>37.8661604007</latitude>
					<altitude>38.0</altitude>
					<heading>91.10</heading>
					<tilt>72.0</tilt>
					<roll>0</roll>
					<altitudeMode>relativeToGround</altitudeMode>
				</Camera>
			</gx:FlyTo>
			<gx:FlyTo>
				<gx:duration>0.53</gx:duration>
				<gx:flyToMode>smooth</gx:flyToMode>
				<Camera>
					<longitude>-122.2697306091</longitude>
					<latitude>37.8662907213</latitude>
					<altitude>38.0</altitude>
					<heading>97.76</heading>
					<tilt>72.0</tilt>
					<roll>0</roll>
					<altitudeMode>relativeToGround</altitudeMode>
				</Camera>
			</gx:FlyTo>
			<gx:FlyTo>
				<gx:duration>0.53</gx:duration>
				<gx:flyToMode>smooth</gx:flyToMode>
				<Camera>
					<longitude>-122.2696987428</longitude>
					<latitude>37.8664189887</latitude>
					<altitude>38.0</altitude>
					<heading>104.43</heading>
					<tilt>72.0</tilt>
					<roll>0</roll>
					<altitudeMode>relativeToGround</altitudeMode>
				</Camera>
			</gx:FlyTo>
			<gx:FlyTo>
				<gx:duration>0.53</gx:duration>
				<gx:flyToMode>smooth</gx:flyToMode>
				<Camera>
					<longitude>-122.2696482294</longitude>
					<latitude>37.8665434683</latitude>
					<altitude>38.0</altitude>
					<heading>111.10</heading>
					<tilt>72.0</tilt>
					<roll>0</roll>
					<altitudeMode>relativeToGround</altitudeMode>
				</Camera>
			</gx:FlyTo>
			<gx:FlyTo>
				<gx:duration>0.53</gx:duration>
				<gx:flyToMode>smooth</gx:flyToMode>
				<Camera>
					<longitude>-122.2695797522</longitude>
					<latitude>37.8666624767</latitude>
					<altitude>38.0</altitude>
					<heading>117.76</heading>
					<tilt>72.0</tilt>
					<roll>0</roll>
					<altitudeMode>relativeToGround</altitudeMode>
				</Camera>
			</gx:FlyTo>
			<gx:FlyTo>
				<gx:duration>0.53</gx:duration>
				<gx:flyToMode>smooth</gx:flyToMode>
				<Camera>
					<longitude>-122.2694942370</longitude>
					<latitude>37.8667744045</latitude>
					<altitude>38.0</altitude>
					<heading>124.43</heading>
					<tilt>72.0</tilt>
					<roll>0</roll>
					<altitudeMode>relativeToGround</altitudeMode>
				</Camera>
			</gx:FlyTo>
			<gx:FlyTo>
				<gx:duration>0.53</gx:duration>
				<gx:flyToMode>smooth</gx:flyToMode>
				<Camera>
					<longitude>-122.2693928405</longitude>
					<latitude>37.8668777380</latitude>
					<altitude>38.0</altitude>
					<heading>131.10</heading>
					<tilt>72.0</tilt>
					<roll>0</roll>
					<altitudeMode>relativeToGround</altitudeMode>
				</Camera>
			</gx:FlyTo>
			<gx:FlyTo>
				<gx:duration>0.53</gx:duration>
				<gx:flyToMode>smooth</gx:flyToMode>
				<Camera>
					<longitude>-122.2692769337</longitude>
					<latitude>37.8669710800</latitude>
					<altitude>38.0</altitude>
					<heading>137.76</heading>
					<tilt>72.0</tilt>
					<roll>0</roll>
					<altitudeMode>relativeToGround</altitudeMode>
				</Camera>
			</gx:FlyTo>
			<gx:FlyTo>
				<gx:duration>0.53</gx:duration>
				<gx:flyToMode>smooth</gx:flyToMode>
				<Camera>
					<longitude>-122.2691480841</longitude>
					<latitude>37.8670531681</latitude>
					<altitude>38.0</altitude>
					<heading>144.43</heading>
					<tilt>72.0</tilt>
					<roll>0</roll>
					<altitudeMode>relativeToGround</altitudeMode>
				</Camera>
			</gx:FlyTo>
			<gx:FlyTo>
				<gx:duration>0.53</gx:duration>
				<gx:flyToMode>smooth</gx:flyToMode>
				<Camera>
					<longitude>-122.2690080343</longitude>
					<latitude>37.8671228921</latitude>
					<altitude>38.0</altitude>
					<heading>151.10</heading>
					<tilt>72.0</tilt>
					<roll>0</roll>
					<altitudeMode>relativeToGround</altitudeMode>
				</Camera>
			</gx:FlyTo>
			<gx:FlyTo>
				<gx:duration>0.40</gx:duration>
				<gx:flyToMode>smooth</gx:flyToMode>
				<Camera>
					<longitude>-122.2688598188</longitude>
					<latitude>37.8671815121</latitude>
					<altitude>37.7</altitude>
					<heading>157.76</heading>
					<tilt>72.3</tilt>
					<roll>0</roll>
					<altitudeMode>relativeToGround</altitudeMode>
				</Camera>
			</gx:FlyTo>
			<gx:FlyTo>
				<gx:duration>0.40</gx:duration>
				<gx:flyToMode>smooth</gx:flyToMode>
				<Camera>
					<longitude>-122.2687050814</longitude>
					<latitude>37.8672302870</latitude>
					<altitude>37.0</altitude>
					<heading>164.43</heading>
					<tilt>73.2</tilt>
					<roll>0</roll>
					<altitudeMode>relativeToGround</altitudeMode>
				</Camera>
			</gx:FlyTo>
			<gx:FlyTo>
				<gx:duration>0.40</gx:duration>
				<gx:flyToMode>smooth</gx:flyToMode>
				<Camera>
					<longitude>-122.2685439292</longitude>
					<latitude>37.8672680320</latitude>
					<altitude>36.0</altitude>
					<heading>171.10</heading>
					<tilt>74.5</tilt>
					<roll>0</roll>
					<altitudeMode>relativeToGround</altitudeMode>
				</Camera>
			</gx:FlyTo>
			<gx:FlyTo>
				<gx:duration>0.40</gx:duration>
				<gx:flyToMode>smooth</gx:flyToMode>
				<Camera>
					<longitude>-122.2683769834</longitude>
					<latitude>37.8672933823</latitude>
					<altitude>34.6</altitude>
					<heading>177.76</heading>
					<tilt>76.1</tilt>
					<roll>0</roll>
					<altitudeMode>relativeToGround</altitudeMode>
				</Camera>
			</gx:FlyTo>
			<gx:FlyTo>
				<gx:duration>0.40</gx:duration>
				<gx:flyToMode>smooth</gx:flyToMode>
				<Camera>
					<longitude>-122.2682054392</longitude>
					<latitude>37.8673049079</latitude>
					<altitude>33.1</altitude>
					<heading>184.43</heading>
					<tilt>78.0</tilt>
					<roll>0</roll>
					<altitudeMode>relativeToGround</altitudeMode>
				</Camera>
			</gx:FlyTo>
			<gx:FlyTo>
				<gx:duration>0.40</gx:duration>
				<gx:flyToMode>smooth</gx:flyToMode>
				<Camera>
					<longitude>-122.2680310916</longitude>
					<latitude>37.8673012357</latitude>
					<altitude>31.5</altitude>
					<heading>191.10</heading>
					<tilt>80.0</tilt>
					<roll>0</roll>
					<altitudeMode>relativeToGround</altitudeMode>
				</Camera>
			</gx:FlyTo>
			<gx:FlyTo>
				<gx:duration>0.40</gx:duration>
				<gx:flyToMode>smooth</gx:flyToMode>
				<Camera>
					<longitude>-122.2678563261</longitude>
					<latitude>37.8672811756</latitude>
					<altitude>29.9</altitude>
					<heading>197.76</heading>
					<tilt>82.0</tilt>
					<roll>0</roll>
					<altitudeMode>relativeToGround</altitudeMode>
				</Camera>
			</gx:FlyTo>
			<gx:FlyTo>
				<gx:duration>0.40</gx:duration>
				<gx:flyToMode>smooth</gx:flyToMode>
				<Camera>
					<longitude>-122.2676840737</longitude>
					<latitude>37.8672438422</latitude>
					<altitude>28.4</altitude>
					<heading>204.43</heading>
					<tilt>83.9</tilt>
					<roll>0</roll>
					<altitudeMode>relativeToGround</altitudeMode>
				</Camera>
			</gx:FlyTo>
			<gx:FlyTo>
				<gx:duration>0.40</gx:duration>
				<gx:flyToMode>smooth</gx:flyToMode>
				<Camera>
					<longitude>-122.2675177322</longitude>
					<latitude>37.8671887702</latitude>
					<altitude>27.0</altitude>
					<heading>211.10</heading>
					<tilt>85.5</tilt>
					<roll>0</roll>
					<altitudeMode>relativeToGround</altitudeMode>
				</Camera>
			</gx:FlyTo>
			<gx:FlyTo>
				<gx:duration>0.40</gx:duration>
				<gx:flyToMode>smooth</gx:flyToMode>
				<Camera>
					<longitude>-122.2673610550</longitude>
					<latitude>37.8671160143</latitude>
					<altitude>26.0</altitude>
					<heading>217.76</heading>
					<tilt>86.8</tilt>
					<roll>0</roll>
					<altitudeMode>relativeToGround</altitudeMode>
				</Camera>
			</gx:FlyTo>
			<gx:FlyTo>
				<gx:duration>0.40</gx:duration>
				<gx:flyToMode>smooth</gx:flyToMode>
				<Camera>
					<longitude>-122.2672180122</longitude>
					<latitude>37.8670262320</latitude>
					<altitude>25.3</altitude>
					<heading>224.43</heading>
					<tilt>87.7</tilt>
					<roll>0</roll>
					<altitudeMode>relativeToGround</altitudeMode>
				</Camera>
			</gx:FlyTo>
			<gx:FlyTo>
				<gx:duration>0.40</gx:duration>
				<gx:flyToMode>smooth</gx:flyToMode>
				<Camera>
					<longitude>-122.2670926280</longitude>
					<latitude>37.8669207432</latitude>
					<altitude>25.0</altitude>
					<heading>231.10</heading>
					<tilt>88.0</tilt>
					<roll>0</roll>
					<altitudeMode>relativeToGround</altitudeMode>
				</Camera>
			</gx:FlyTo>
			<gx:FlyTo>
				<gx:duration>3.23</gx:duration>
				<gx:flyToMode>smooth</gx:flyToMode>
				<Camera>
					<longitude>-122.2670926280</longitude>
					<latitude>37.8669207432</latitude>
					<altitude>25.0</altitude>
					<heading>64.88</heading>
					<tilt>88.0</tilt>
					<roll>0</roll>
					<altitudeMode>relativeToGround</altitudeMode>
				</Camera>
			</gx:FlyTo>
			<gx:FlyTo>
				<gx:duration>3.23</gx:duration>
				<gx:flyToMode>smooth</gx:flyToMode>
				<Camera>
					<longitude>-122.2666926280</longitude>
					<latitude>37.8670688010</latitude>
					<altitude>25.0</altitude>
					<heading>64.88</heading>
					<tilt>88.0</tilt>
					<roll>0</roll>
					<altitudeMode>relativeToGround</altitudeMode>
				</Camera>
			</gx:FlyTo>
			<gx:FlyTo>
				<gx:duration>3.11</gx:duration>
				<gx:flyToMode>smooth</gx:flyToMode>
				<Camera>
					<longitude>-122.2662926280</longitude>
					<latitude>37.8669563453</latitude>
					<altitude>25.0</altitude>
					<heading>109.60</heading>
					<tilt>88.0</tilt>
					<roll>0</roll>
					<altitudeMode>relativeToGround</altitudeMode>
				</Camera>
			</gx:FlyTo>
			<gx:FlyTo>
				<gx:duration>3.11</gx:duration>
				<gx:flyToMode>smooth</gx:flyToMode>
				<Camera>
					<longitude>-122.2658926280</longitude>
					<latitude>37.8668438896</latitude>
					<altitude>25.0</altitude>
					<heading>109.60</heading>
					<tilt>88.0</tilt>
					<roll>0</roll>
					<altitudeMode>relativeToGround</altitudeMode>
				</Camera>
			</gx:FlyTo>
			<gx:FlyTo>
				<gx:duration>3.11</gx:duration>
				<gx:flyToMode>smooth</gx:flyToMode>
				<Camera>
					<longitude>-122.2654926280</longitude>
					<latitude>37.8667314339</latitude>
					<altitude>25.0</altitude>
					<heading>109.60</heading>
					<tilt>88.0</tilt>
					<roll>0</roll>
					<altitudeMode>relativeToGround</altitudeMode>
				</Camera>
			</gx:FlyTo>
			<gx:FlyTo>
				<gx:duration>2.94</gx:duration>
				<gx:flyToMode>smooth</gx:flyToMode>
				<Camera>
					<longitude>-122.2650926280</longitude>
					<latitude>37.8667616886</latitude>
					<altitude>25.0</altitude>
					<heading>84.53</heading>
					<tilt>88.0</tilt>
					<roll>0</roll>
					<altitudeMode>relativeToGround</altitudeMode>
				</Camera>
			</gx:FlyTo>
			<gx:FlyTo>
				<gx:duration>2.94</gx:duration>
				<gx:flyToMode>smooth</gx:flyToMode>
				<Camera>
					<longitude>-122.2646926280</longitude>
					<latitude>37.8667919433</latitude>
					<altitude>25.0</altitude>
					<heading>84.53</heading>
					<tilt>88.0</tilt>
					<roll>0</roll>
					<altitudeMode>relativeToGround</altitudeMode>
				</Camera>
			</gx:FlyTo>
			<gx:FlyTo>
				<gx:duration>2.94</gx:duration>
				<gx:flyToMode>smooth</gx:flyToMode>
				<Camera>
					<longitude>-122.2642926280</longitude>
					<latitude>37.8668221979</latitude>
					<altitude>25.0</altitude>
					<heading>84.53</heading>
					<tilt>88.0</tilt>
					<roll>0</roll>
					<altitudeMode>relativeToGround</altitudeMode>
				</Camera>
			</gx:FlyTo>
			<gx:FlyTo>
				<gx:duration>3.63</gx:duration>
				<gx:flyToMode>smooth</gx:flyToMode>
				<Camera>
					<longitude>-122.2638926280</longitude>
					<latitude>37.8670536423</latitude>
					<altitude>25.0</altitude>
					<heading>53.76</heading>
					<tilt>88.0</tilt>
					<roll>0</roll>
					<altitudeMode>relativeToGround</altitudeMode>
				</Camera>
			</gx:FlyTo>
			<gx:FlyTo>
				<gx:duration>3.63</gx:duration>
				<gx:flyToMode>smooth</gx:flyToMode>
				<Camera>
					<longitude>-122.2634926280</longitude>
					<latitude>37.8672850867</latitude>
					<altitude>25.0</altitude>
					<heading>53.76</heading>
					<tilt>88.0</tilt>
					<roll>0</roll>
					<altitudeMode>relativeToGround</altitudeMode>
				</Camera>
			</gx:FlyTo>
			<gx:FlyTo>
				<gx:duration>3.63</gx:duration>
				<gx:flyToMode>smooth</gx:flyToMode>
				<Camera>
					<longitude>-122.2630926280</longitude>
					<latitude>37.8675165310</latitude>
					<altitude>25.0</altitude>
					<heading>53.76</heading>
					<tilt>88.0</tilt>
					<roll>0</roll>
					<altitudeMode>relativeToGround</altitudeMode>
				</Camera>
			</gx:FlyTo>
			<gx:FlyTo>
				<gx:duration>2.97</gx:duration>
				<gx:flyToMode>smooth</gx:flyToMode>
				<Camera>
					<longitude>-122.2626926280</longitude>
					<latitude>37.8675707348</latitude>
					<altitude>25.0</altitude>
					<heading>80.26</heading>
					<tilt>88.0</tilt>
					<roll>0</roll>
					<altitudeMode>relativeToGround</altitudeMode>
				</Camera>
			</gx:FlyTo>
			<gx:FlyTo>
				<gx:duration>2.97</gx:duration>
				<gx:flyToMode>smooth</gx:flyToMode>
				<Camera>
					<longitude>-122.2622926280</longitude>
					<latitude>37.8676249386</latitude>
					<altitude>25.0</altitude>
					<heading>80.26</heading>
					<tilt>88.0</tilt>
					<roll>0</roll>
					<altitudeMode>relativeToGround</altitudeMode>
				</Camera>
			</gx:FlyTo>
			<gx:FlyTo>
				<gx:duration>2.97</gx:duration>
				<gx:flyToMode>smooth</gx:flyToMode>
				<Camera>
					<longitude>-122.2618926280</longitude>
					<latitude>37.8676791424</latitude>
					<altitude>25.0</altitude>
					<heading>80.26</heading>
					<tilt>88.0</tilt>
					<roll>0</roll>
					<altitudeMode>relativeToGround</altitudeMode>
				</Camera>
			</gx:FlyTo>
			<gx:FlyTo>
				<gx:duration>3.02</gx:duration>
				<gx:flyToMode>smooth</gx:flyToMode>
				<Camera>
					<longitude>-122.2614926280</longitude>
					<latitude>37.8677587842</latitude>
					<altitude>25.0</altitude>
					<heading>75.84</heading>
					<tilt>88.0</tilt>
					<roll>0</roll>
					<altitudeMode>relativeToGround</altitudeMode>
				</Camera>
			</gx:FlyTo>
			<gx:FlyTo>
				<gx:duration>3.02</gx:duration>
				<gx:flyToMode>smooth</gx:flyToMode>
				<Camera>
					<longitude>-122.2610926280</longitude>
					<latitude>37.8678384260</latitude>
					<altitude>25.0</altitude>
					<heading>75.84</heading>
					<tilt>88.0</tilt>
					<roll>0</roll>
					<altitudeMode>relativeToGround</altitudeMode>
				</Camera>
			</gx:FlyTo>
			<gx:FlyTo>
				<gx:duration>0.30</gx:duration>
				<gx:flyToMode>smooth</gx:flyToMode>
				<Camera>
					<longitude>-122.2606549513</longitude>
					<latitude>37.8679271752</latitude>
					<altitude>25.5</altitude>
					<heading>75.95</heading>
					<tilt>87.8</tilt>
					<roll>0</roll>
					<altitudeMode>relativeToGround</altitudeMode>
				</Camera>
			</gx:FlyTo>
			<gx:FlyTo>
				<gx:duration>0.30</gx:duration>
				<gx:flyToMode>smooth</gx:flyToMode>
				<Camera>
					<longitude>-122.2606279358</longitude>
					<latitude>37.8679426827</latitude>
					<altitude>27.1</altitude>
					<heading>76.45</heading>
					<tilt>87.3</tilt>
					<roll>0</roll>
					<altitudeMode>relativeToGround</altitudeMode>
				</Camera>
			</gx:FlyTo>
			<gx:FlyTo>
				<gx:duration>0.30</gx:duration>
				<gx:flyToMode>smooth</gx:flyToMode>
				<Camera>
					<longitude>-122.2606177313</longitude>
					<latitude>37.8679688747</latitude>
					<altitude>29.5</altitude>
					<heading>77.60</heading>
					<tilt>86.5</tilt>
					<roll>0</roll>
					<altitudeMode>relativeToGround</altitudeMode>
				</Camera>
			</gx:FlyTo>
			<gx:FlyTo>
				<gx:duration>0.30</gx:duration>
				<gx:flyToMode>smooth</gx:flyToMode>
				<Camera>
					<longitude>-122.2606254693</longitude>
					<latitude>37.8680076858</latitude>
					<altitude>32.6</altitude>
					<heading>79.59</heading>
					<tilt>85.5</tilt>
					<roll>0</roll>
					<altitudeMode>relativeToGround</altitudeMode>
				</Camera>
			</gx:FlyTo>
			<gx:FlyTo>
				<gx:duration>0.30</gx:duration>
				<gx:flyToMode>smooth</gx:flyToMode>
				<Camera>
					<longitude>-122.2606473814</longitude>
					<latitude>37.8680584452</latitude>
					<altitude>36.2</altitude>
					<heading>82.57</heading>
					<tilt>84.3</tilt>
					<roll>0</roll>
					<altitudeMode>relativeToGround</altitudeMode>
				</Camera>
			</gx:FlyTo>
			<gx:FlyTo>
				<gx:duration>0.30</gx:duration>
				<gx:flyToMode>smooth</gx:flyToMode>
				<Camera>
					<longitude>-122.2606752443</longitude>
					<latitude>37.8681174980</latitude>
					<altitude>40.3</altitude>
					<heading>86.60</heading>
					<tilt>82.9</tilt>
					<roll>0</roll>
					<altitudeMode>relativeToGround</altitudeMode>
				</Camera>
			</gx:FlyTo>
			<gx:FlyTo>
				<gx:duration>0.30</gx:duration>
				<gx:flyToMode>smooth</gx:flyToMode>
				<Camera>
					<longitude>-122.2606971934</longitude>
					<latitude>37.8681778298</latitude>
					<altitude>44.7</altitude>
					<heading>91.71</heading>
					<tilt>81.5</tilt>
					<roll>0</roll>
					<altitudeMode>relativeToGround</altitudeMode>
				</Camera>
			</gx:FlyTo>
			<gx:FlyTo>
				<gx:duration>0.30</gx:duration>
				<gx:flyToMode>smooth</gx:flyToMode>
				<Camera>
					<longitude>-122.2606988928</longitude>
					<latitude>37.8682288272</latitude>
					<altitude>49.2</altitude>
					<heading>97.85</heading>
					<tilt>80.0</tilt>
					<roll>0</roll>
					<altitudeMode>relativeToGround</altitudeMode>
				</Camera>
			</gx:FlyTo>
			<gx:FlyTo>
				<gx:duration>0.30</gx:duration>
				<gx:flyToMode>smooth</gx:flyToMode>
				<Camera>
					<longitude>-122.2606826470</longitude>
					<latitude>37.8682705810</latitude>
					<altitude>53.7</altitude>
					<heading>104.92</heading>
					<tilt>78.5</tilt>
					<roll>0</roll>
					<altitudeMode>relativeToGround</altitudeMode>
				</Camera>
			</gx:FlyTo>
			<gx:FlyTo>
				<gx:duration>0.30</gx:duration>
				<gx:flyToMode>smooth</gx:flyToMode>
				<Camera>
					<longitude>-122.2606607293</longitude>
					<latitude>37.8683116251</latitude>
					<altitude>58.1</altitude>
					<heading>112.76</heading>
					<tilt>77.1</tilt>
					<roll>0</roll>
					<altitudeMode>relativeToGround</altitudeMode>
				</Camera>
			</gx:FlyTo>
			<gx:FlyTo>
				<gx:duration>0.30</gx:duration>
				<gx:flyToMode>smooth</gx:flyToMode>
				<Camera>
					<longitude>-122.2606328834</longitude>
					<latitude>37.8683512140</latitude>
					<altitude>62.2</altitude>
					<heading>121.16</heading>
					<tilt>75.7</tilt>
					<roll>0</roll>
					<altitudeMode>relativeToGround</altitudeMode>
				</Camera>
			</gx:FlyTo>
			<gx:FlyTo>
				<gx:duration>0.30</gx:duration>
				<gx:flyToMode>smooth</gx:flyToMode>
				<Camera>
					<longitude>-122.2605990382</longitude>
					<latitude>37.8683885233</latitude>
					<altitude>65.8</altitude>
					<heading>129.85</heading>
					<tilt>74.5</tilt>
					<roll>0</roll>
					<altitudeMode>relativeToGround</altitudeMode>
				</Camera>
			</gx:FlyTo>
			<gx:FlyTo>
				<gx:duration>0.30</gx:duration>
				<gx:flyToMode>smooth</gx:flyToMode>
				<Camera>
					<longitude>-122.2605593297</longitude>
					<latitude>37.8684226768</latitude>
					<altitude>68.9</altitude>
					<heading>138.48</heading>
					<tilt>73.5</tilt>
					<roll>0</roll>
					<altitudeMode>relativeToGround</altitudeMode>
				</Camera>
			</gx:FlyTo>
			<gx:FlyTo>
				<gx:duration>0.30</gx:duration>
				<gx:flyToMode>smooth</gx:flyToMode>
				<Camera>
					<longitude>-122.2605141156</longitude>
					<latitude>37.8684527760</latitude>
					<altitude>71.3</altitude>
					<heading>146.67</heading>
					<tilt>72.7</tilt>
					<roll>0</roll>
					<altitudeMode>relativeToGround</altitudeMode>
				</Camera>
			</gx:FlyTo>
			<gx:FlyTo>
				<gx:duration>0.30</gx:duration>
				<gx:flyToMode>smooth</gx:flyToMode>
				<Camera>
					<longitude>-122.2604639856</longitude>
					<latitude>37.8684779314</latitude>
					<altitude>72.9</altitude>
					<heading>153.96</heading>
					<tilt>72.2</tilt>
					<roll>0</roll>
					<altitudeMode>relativeToGround</altitudeMode>
				</Camera>
			</gx:FlyTo>
			<gx:FlyTo>
				<gx:duration>0.30</gx:duration>
				<gx:flyToMode>smooth</gx:flyToMode>
				<Camera>
					<longitude>-122.2604097642</longitude>
					<latitude>37.8684972963</latitude>
					<altitude>73.4</altitude>
					<heading>159.85</heading>
					<tilt>72.0</tilt>
					<roll>0</roll>
					<altitudeMode>relativeToGround</altitudeMode>
				</Camera>
			</gx:FlyTo>
			<gx:FlyTo>
				<gx:duration>0.53</gx:duration>
				<gx:flyToMode>smooth</gx:flyToMode>
				<Camera>
					<longitude>-122.2603337631</longitude>
					<latitude>37.8685154324</latitude>
					<altitude>73.4</altitude>
					<heading>166.51</heading>
					<tilt>72.0</tilt>
					<roll>0</roll>
					<altitudeMode>relativeToGround</altitudeMode>
				</Camera>
			</gx:FlyTo>
			<gx:FlyTo>
				<gx:duration>0.53</gx:duration>
				<gx:flyToMode>smooth</gx:flyToMode>
				<Camera>
					<longitude>-122.2602556087</longitude>
					<latitude>37.8685264807</latitude>
					<altitude>73.4</altitude>
					<heading>173.18</heading>
					<tilt>72.0</tilt>
					<roll>0</roll>
					<altitudeMode>relativeToGround</altitudeMode>
				</Camera>
			</gx:FlyTo>
			<gx:FlyTo>
				<gx:duration>0.53</gx:duration>
				<gx:flyToMode>smooth</gx:flyToMode>
				<Camera>
					<longitude>-122.2601763581</longitude>
					<latitude>37.8685302916</latitude>
					<altitude>73.4</altitude>
					<heading>179.85</heading>
					<tilt>72.0</tilt>
					<roll>0</roll>
					<altitudeMode>relativeToGround</altitudeMode>
				</Camera>
			</gx:FlyTo>
			<gx:FlyTo>
				<gx:duration>0.53</gx:duration>
				<gx:flyToMode>smooth</gx:flyToMode>
				<Camera>
					<longitude>-122.2600970828</longitude>
					<latitude>37.8685268137</latitude>
					<altitude>73.4</altitude>
					<heading>186.51</heading>
					<tilt>72.0</tilt>
					<roll>0</roll>
					<altitudeMode>relativeToGround</altitudeMode>
				</Camera>
			</gx:FlyTo>
			<gx:FlyTo>
				<gx:duration>0.53</gx:duration>
				<gx:flyToMode>smooth</gx:flyToMode>
				<Camera>
					<longitude>-122.2600188551</longitude>
					<latitude>37.8685160940</latitude>
					<altitude>73.4</altitude>
					<heading>193.18</heading>
					<tilt>72.0</tilt>
					<roll>0</roll>
					<altitudeMode>relativeToGround</altitudeMode>
				</Camera>
			</gx:FlyTo>
			<gx:FlyTo>
				<gx:duration>0.53</gx:duration>
				<gx:flyToMode>smooth</gx:flyToMode>
				<Camera>
					<longitude>-122.2599427328</longitude>
					<latitude>37.8684982774</latitude>
					<altitude>73.4</altitude>
					<heading>199.85</heading>
					<tilt>72.0</tilt>
					<roll>0</roll>
					<altitudeMode>relativeToGround</altitudeMode>
				</Camera>
			</gx:FlyTo>
			<gx:FlyTo>
				<gx:duration>0.53</gx:duration>
				<gx:flyToMode>smooth</gx:flyToMode>
				<Camera>
					<longitude>-122.2598697452</longitude>
					<latitude>37.8684736049</latitude>
					<altitude>73.4</altitude>
					<heading>206.51</heading>
					<tilt>72.0</tilt>
					<roll>0</roll>
					<altitudeMode>relativeToGround</altitudeMode>
				</Camera>
			</gx:FlyTo>
			<gx:FlyTo>
				<gx:duration>0.53</gx:duration>
				<gx:flyToMode>smooth</gx:flyToMode>
				<Camera>
					<longitude>-122.2598008795</longitude>
					<latitude>37.8684424102</latitude>
					<altitude>73.4</altitude>
					<heading>213.18</heading>
					<tilt>72.0</tilt>
					<roll>0</roll>
					<altitudeMode>relativeToGround</altitudeMode>
				</Camera>
			</gx:FlyTo>
			<gx:FlyTo>
				<gx:duration>0.53</gx:duration>
				<gx:flyToMode>smooth</gx:flyToMode>
				<Camera>
					<longitude>-122.2597370670</longitude>
					<latitude>37.8684051150</latitude>
					<altitude>73.4</altitude>
					<heading>219.85</heading>
					<tilt>72.0</tilt>
					<roll>0</roll>
					<altitudeMode>relativeToGround</altitudeMode>
				</Camera>
			</gx:FlyTo>
			<gx:FlyTo>
				<gx:duration>0.53</gx:duration>
				<gx:flyToMode>smooth</gx:flyToMode>
				<Camera>
					<longitude>-122.2596791705</longitude>
					<latitude>37.8683622239</latitude>
					<altitude>73.4</altitude>
					<heading>226.51</heading>
					<tilt>72.0</tilt>
					<roll>0</roll>
					<altitudeMode>relativeToGround</altitudeMode>
				</Camera>
			</gx:FlyTo>
			<gx:FlyTo>
				<gx:duration>0.53</gx:duration>
				<gx:flyToMode>smooth</gx:flyToMode>
				<Camera>
					<longitude>-122.2596279731</longitude>
					<latitude>37.8683143167</latitude>
					<altitude>73.4</altitude>
					<heading>233.18</heading>
					<tilt>72.0</tilt>
					<roll>0</roll>
					<altitudeMode>relativeToGround</altitudeMode>
				</Camera>
			</gx:FlyTo>
			<gx:FlyTo>
				<gx:duration>0.53</gx:duration>
				<gx:flyToMode>smooth</gx:flyToMode>
				<Camera>
					<longitude>-122.2595841671</longitude>
					<latitude>37.8682620413</latitude>
					<altitude>73.4</altitude>
					<heading>239.85</heading>
					<tilt>72.0</tilt>
					<roll>0</roll>
					<altitudeMode>relativeToGround</altitudeMode>
				</Camera>
			</gx:FlyTo>
			<gx:FlyTo>
				<gx:duration>0.53</gx:duration>
				<gx:flyToMode>smooth</gx:flyToMode>
				<Camera>
					<longitude>-122.2595483448</longitude>
					<latitude>37.8682061047</latitude>
					<altitude>73.4</altitude>
					<heading>246.51</heading>
					<tilt>72.0</tilt>
					<roll>0</roll>
					<altitudeMode>relativeToGround</altitudeMode>
				</Camera>
			</gx:FlyTo>
			<gx:FlyTo>
				<gx:duration>0.53</gx:duration>
				<gx:flyToMode>smooth</gx:flyToMode>
				<Camera>
					<longitude>-122.2595209908</longitude>
					<latitude>37.8681472634</latitude>
					<altitude>73.4</altitude>
					<heading>253.18</heading>
					<tilt>72.0</tilt>
					<roll>0</roll>
					<altitudeMode>relativeToGround</altitudeMode>
				</Camera>
			</gx:FlyTo>
			<gx:FlyTo>
				<gx:duration>0.53</gx:duration>
				<gx:flyToMode>smooth</gx:flyToMode>
				<Camera>
					<longitude>-122.2595024750</longitude>
					<latitude>37.8680863130</latitude>
					<altitude>73.4</altitude>
					<heading>259.85</heading>
					<tilt>72.0</tilt>
					<roll>0</roll>
					<altitudeMode>relativeToGround</altitudeMode>
				</Camera>
			</gx:FlyTo>
			<gx:FlyTo>
				<gx:duration>0.53</gx:duration>
				<gx:flyToMode>smooth</gx:flyToMode>
				<Camera>
					<longitude>-122.2594930477</longitude>
					<latitude>37.8680240778</latitude>
					<altitude>73.4</altitude>
					<heading>266.51</heading>
					<tilt>72.0</tilt>
					<roll>0</roll>
					<altitudeMode>relativeToGround</altitudeMode>
				</Camera>
			</gx:FlyTo>
			<gx:FlyTo>
				<gx:duration>0.53</gx:duration>
				<gx:flyToMode>smooth</gx:flyToMode>
				<Camera>
					<longitude>-122.2594928364</longitude>
					<latitude>37.8679613995</latitude>
					<altitude>73.4</altitude>
					<heading>273.18</heading>
					<tilt>72.0</tilt>
					<roll>0</roll>
					<altitudeMode>relativeToGround</altitudeMode>
				</Camera>
			</gx:FlyTo>
			<gx:FlyTo>
				<gx:duration>0.53</gx:duration>
				<gx:flyToMode>smooth</gx:flyToMode>
				<Camera>
					<longitude>-122.2595018440</longitude>
					<latitude>37.8678991256</latitude>
					<altitude>73.4</altitude>
					<heading>279.85</heading>
					<tilt>72.0</tilt>
					<roll>0</roll>
					<altitudeMode>relativeToGround</altitudeMode>
				</Camera>
			</gx:FlyTo>
			<gx:FlyTo>
				<gx:duration>0.53</gx:duration>
				<gx:flyToMode>smooth</gx:flyToMode>
				<Camera>
					<longitude>-122.2595199487</longitude>
					<latitude>37.8678380982</latitude>
					<altitude>73.4</altitude>
					<heading>286.51</heading>
					<tilt>72.0</tilt>
					<roll>0</roll>
					<altitudeMode>relativeToGround</altitudeMode>
				</Camera>
			</gx:FlyTo>
			<gx:FlyTo>
				<gx:duration>0.53</gx:duration>
				<gx:flyToMode>smooth</gx:flyToMode>
				<Camera>
					<longitude>-122.2595469056</longitude>
					<latitude>37.8677791428</latitude>
					<altitude>73.4</altitude>
					<heading>293.18</heading>
					<tilt>72.0</tilt>
					<roll>0</roll>
					<altitudeMode>relativeToGround</altitudeMode>
				</Camera>
			</gx:FlyTo>
			<gx:FlyTo>
				<gx:duration>0.53</gx:duration>
				<gx:flyToMode>smooth</gx:flyToMode>
				<Camera>
					<longitude>-122.2595823502</longitude>
					<latitude>37.8677230565</latitude>
					<altitude>73.4</altitude>
					<heading>299.85</heading>
					<tilt>72.0</tilt>
					<roll>0</roll>
					<altitudeMode>relativeToGround</altitudeMode>
				</Camera>
			</gx:FlyTo>
			<gx:FlyTo>
				<gx:duration>0.53</gx:duration>
				<gx:flyToMode>smooth</gx:flyToMode>
				<Camera>
					<longitude>-122.2596258032</longitude>
					<latitude>37.8676705979</latitude>
					<altitude>73.4</altitude>
					<heading>306.51</heading>
					<tilt>72.0</tilt>
					<roll>0</roll>
					<altitudeMode>relativeToGround</altitudeMode>
				</Camera>
			</gx:FlyTo>
			<gx:FlyTo>
				<gx:duration>0.53</gx:duration>
				<gx:flyToMode>smooth</gx:flyToMode>
				<Camera>
					<longitude>-122.2596766769</longitude>
					<latitude>37.8676224762</latitude>
					<altitude>73.4</altitude>
					<heading>313.18</heading>
					<tilt>72.0</tilt>
					<roll>0</roll>
					<altitudeMode>relativeToGround</altitudeMode>
				</Camera>
			</gx:FlyTo>
			<gx:FlyTo>
				<gx:duration>0.53</gx:duration>
				<gx:flyToMode>smooth</gx:flyToMode>
				<Camera>
					<longitude>-122.2597342834</longitude>
					<latitude>37.8675793424</latitude>
					<altitude>73.4</altitude>
					<heading>319.85</heading>
					<tilt>72.0</tilt>
					<roll>0</roll>
					<altitudeMode>relativeToGround</altitudeMode>
				</Camera>
			</gx:FlyTo>
			<gx:FlyTo>
				<gx:duration>0.53</gx:duration>
				<gx:flyToMode>smooth</gx:flyToMode>
				<Camera>
					<longitude>-122.2597978436</longitude>
					<latitude>37.8675417797</latitude>
					<altitude>73.4</altitude>
					<heading>326.51</heading>
					<tilt>72.0</tilt>
					<roll>0</roll>
					<altitudeMode>relativeToGround</altitudeMode>
				</Camera>
			</gx:FlyTo>
			<gx:FlyTo>
				<gx:duration>0.53</gx:duration>
				<gx:flyToMode>smooth</gx:flyToMode>
				<Camera>
					<longitude>-122.2598664981</longitude>
					<latitude>37.8675102961</latitude>
					<altitude>73.4</altitude>
					<heading>333.18</heading>
					<tilt>72.0</tilt>
					<roll>0</roll>
					<altitudeMode>relativeToGround</altitudeMode>
				</Camera>
			</gx:FlyTo>
			<gx:FlyTo>
				<gx:duration>0.53</gx:duration>
				<gx:flyToMode>smooth</gx:flyToMode>
				<Camera>
					<longitude>-122.2599393182</longitude>
					<latitude>37.8674853173</latitude>
					<altitude>73.4</altitude>
					<heading>339.85</heading>
					<tilt>72.0</tilt>
					<roll>0</roll>
					<altitudeMode>relativeToGround</altitudeMode>
				</Camera>
			</gx:FlyTo>
			<gx:FlyTo>
				<gx:duration>0.53</gx:duration>
				<gx:flyToMode>smooth</gx:flyToMode>
				<Camera>
					<longitude>-122.2600153194</longitude>
					<latitude>37.8674671812</latitude>
					<altitude>73.4</altitude>
					<heading>346.51</heading>
					<tilt>72.0</tilt>
					<roll>0</roll>
					<altitudeMode>relativeToGround</altitudeMode>
				</Camera>
			</gx:FlyTo>
			<gx:FlyTo>
				<gx:duration>0.53</gx:duration>
				<gx:flyToMode>smooth</gx:flyToMode>
				<Camera>
					<longitude>-122.2600934737</longitude>
					<latitude>37.8674561329</latitude>
					<altitude>73.4</altitude>
					<heading>353.18</heading>
					<tilt>72.0</tilt>
					<roll>0</roll>
					<altitudeMode>relativeToGround</altitudeMode>
				</Camera>
			</gx:FlyTo>
			<gx:FlyTo>
				<gx:duration>0.53</gx:duration>
				<gx:flyToMode>smooth</gx:flyToMode>
				<Camera>
					<longitude>-122.2601727244</longitude>
					<latitude>37.8674523220</latitude>
					<altitude>73.4</altitude>
					<heading>359.85</heading>
					<tilt>72.0</tilt>
					<roll>0</roll>
					<altitudeMode>relativeToGround</altitudeMode>
				</Camera>
			</gx:FlyTo>
			<gx:FlyTo>
				<gx:duration>0.40</gx:duration>
				<gx:flyToMode>smooth</gx:flyToMode>
				<Camera>
					<longitude>-122.2602516504</longitude>
					<latitude>37.8674582140</latitude>
					<altitude>72.4</altitude>
					<heading>6.51</heading>
					<tilt>72.3</tilt>
					<roll>0</roll>
					<altitudeMode>relativeToGround</altitudeMode>
				</Camera>
			</gx:FlyTo>
			<gx:FlyTo>
				<gx:duration>0.40</gx:duration>
				<gx:flyToMode>smooth</gx:flyToMode>
				<Camera>
					<longitude>-122.2603275851</longitude>
					<latitude>37.8674754260</latitude>
					<altitude>69.8</altitude>
					<heading>13.18</heading>
					<tilt>73.2</tilt>
					<roll>0</roll>
					<altitudeMode>relativeToGround</altitudeMode>
				</Camera>
			</gx:FlyTo>
			<gx:FlyTo>
				<gx:duration>0.40</gx:duration>
				<gx:flyToMode>smooth</gx:flyToMode>
				<Camera>
					<longitude>-122.2603980512</longitude>
					<latitude>37.8675024853</latitude>
					<altitude>65.8</altitude>
					<heading>19.85</heading>
					<tilt>74.5</tilt>
					<roll>0</roll>
					<altitudeMode>relativeToGround</altitudeMode>
				</Camera>
			</gx:FlyTo>
			<gx:FlyTo>
				<gx:duration>0.40</gx:duration>
				<gx:flyToMode>smooth</gx:flyToMode>
				<Camera>
					<longitude>-122.2604612324</longitude>
					<latitude>37.8675376571</latitude>
					<altitude>60.9</altitude>
					<heading>26.51</heading>
					<tilt>76.1</tilt>
					<roll>0</roll>
					<altitudeMode>relativeToGround</altitudeMode>
				</Camera>
			</gx:FlyTo>
			<gx:FlyTo>
				<gx:duration>0.40</gx:duration>
				<gx:flyToMode>smooth</gx:flyToMode>
				<Camera>
					<longitude>-122.2605159997</longitude>
					<latitude>37.8675790808</latitude>
					<altitude>55.2</altitude>
					<heading>33.18</heading>
					<tilt>78.0</tilt>
					<roll>0</roll>
					<altitudeMode>relativeToGround</altitudeMode>
				</Camera>
			</gx:FlyTo>
			<gx:FlyTo>
				<gx:duration>0.40</gx:duration>
				<gx:flyToMode>smooth</gx:flyToMode>
				<Camera>
					<longitude>-122.2605618998</longitude>
					<latitude>37.8676249031</latitude>
					<altitude>49.2</altitude>
					<heading>39.85</heading>
					<tilt>80.0</tilt>
					<roll>0</roll>
					<altitudeMode>relativeToGround</altitudeMode>
				</Camera>
			</gx:FlyTo>
			<gx:FlyTo>
				<gx:duration>0.40</gx:duration>
				<gx:flyToMode>smooth</gx:flyToMode>
				<Camera>
					<longitude>-122.2605991082</longitude>
					<latitude>37.8676734052</latitude>
					<altitude>43.2</altitude>
					<heading>46.51</heading>
					<tilt>82.0</tilt>
					<roll>0</roll>
					<altitudeMode>relativeToGround</altitudeMode>
				</Camera>
			</gx:FlyTo>
			<gx:FlyTo>
				<gx:duration>0.40</gx:duration>
				<gx:flyToMode>smooth</gx:flyToMode>
				<Camera>
					<longitude>-122.2606283492</longitude>
					<latitude>37.8677231162</latitude>
					<altitude>37.5</altitude>
					<heading>53.18</heading>
					<tilt>83.9</tilt>
					<roll>0</roll>
					<altitudeMode>relativeToGround</altitudeMode>
				</Camera>
			</gx:FlyTo>
			<gx:FlyTo>
				<gx:duration>0.40</gx:duration>
				<gx:flyToMode>smooth</gx:flyToMode>
				<Camera>
					<longitude>-122.2606507875</longitude>
					<latitude>37.8677729092</latitude>
					<altitude>32.6</altitude>
					<heading>59.85</heading>
					<tilt>85.5</tilt>
					<roll>0</roll>
					<altitudeMode>relativeToGround</altitudeMode>
				</Camera>
			</gx:FlyTo>
			<gx:FlyTo>
				<gx:duration>0.40</gx:duration>
				<gx:flyToMode>smooth</gx:flyToMode>
				<Camera>
					<longitude>-122.2606678950</longitude>
					<latitude>37.8678220766</latitude>
					<altitude>28.6</altitude>
					<heading>66.51</heading>
					<tilt>86.8</tilt>
					<roll>0</roll>
					<altitudeMode>relativeToGround</altitudeMode>
				</Camera>
			</gx:FlyTo>
			<gx:FlyTo>
				<gx:duration>0.40</gx:duration>
				<gx:flyToMode>smooth</gx:flyToMode>
				<Camera>
					<longitude>-122.2606813006</longitude>
					<latitude>37.8678703789</latitude>
					<altitude>26.0</altitude>
					<heading>73.18</heading>
					<tilt>87.7</tilt>
					<roll>0</roll>
					<altitudeMode>relativeToGround</altitudeMode>
				</Camera>
			</gx:FlyTo>
			<gx:FlyTo>
				<gx:duration>0.40</gx:duration>
				<gx:flyToMode>smooth</gx:flyToMode>
				<Camera>
					<longitude>-122.2606926280</longitude>
					<latitude>37.8679180678</latitude>
					<altitude>25.0</altitude>
					<heading>79.85</heading>
					<tilt>88.0</tilt>
					<roll>0</roll>
					<altitudeMode>relativeToGround</altitudeMode>
				</Camera>
			</gx:FlyTo>
			<gx:FlyTo>
				<gx:duration>3.02</gx:duration>
				<gx:flyToMode>smooth</gx:flyToMode>
				<Camera>
					<longitude>-122.2606926280</longitude>
					<latitude>37.8679180678</latitude>
					<altitude>25.0</altitude>
					<heading>75.84</heading>
					<tilt>88.0</tilt>
					<roll>0</roll>
					<altitudeMode>relativeToGround</altitudeMode>
				</Camera>
			</gx:FlyTo>
			<gx:FlyTo>
				<gx:duration>2.93</gx:duration>
				<gx:flyToMode>smooth</gx:flyToMode>
				<Camera>
					<longitude>-122.2602926280</longitude>
					<latitude>37.8679416621</latitude>
					<altitude>25.0</altitude>
					<heading>85.73</heading>
					<tilt>88.0</tilt>
					<roll>0</roll>
					<altitudeMode>relativeToGround</altitudeMode>
				</Camera>
			</gx:FlyTo>
			<gx:FlyTo>
				<gx:duration>2.93</gx:duration>
				<gx:flyToMode>smooth</gx:flyToMode>
				<Camera>
					<longitude>-122.2598926280</longitude>
					<latitude>37.8679652564</latitude>
					<altitude>25.0</altitude>
					<heading>85.73</heading>
					<tilt>88.0</tilt>
					<roll>0</roll>
					<altitudeMode>relativeToGround</altitudeMode>
				</Camera>
			</gx:FlyTo>
			<gx:FlyTo>
				<gx:duration>2.93</gx:duration>
				<gx:flyToMode>smooth</gx:flyToMode>
				<Camera>
					<longitude>-122.2594926280</longitude>
					<latitude>37.8679888507</latitude>
					<altitude>25.0</altitude>
					<heading>85.73</heading>
					<tilt>88.0</tilt>
					<roll>0</roll>
					<altitudeMode>relativeToGround</altitudeMode>
				</Camera>
			</gx:FlyTo>
			<gx:FlyTo>
				<gx:duration>3.05</gx:duration>
				<gx:flyToMode>smooth</gx:flyToMode>
				<Camera>
					<longitude>-122.2590926280</longitude>
					<latitude>37.8678962479</latitude>
					<altitude>25.0</altitude>
					<heading>106.34</heading>
					<tilt>88.0</tilt>
					<roll>0</roll>
					<altitudeMode>relativeToGround</altitudeMode>
				</Camera>
			</gx:FlyTo>
			<gx:FlyTo>
				<gx:duration>3.05</gx:duration>
				<gx:flyToMode>smooth</gx:flyToMode>
				<Camera>
					<longitude>-122.2586926280</longitude>
					<latitude>37.8678036452</latitude>
					<altitude>25.0</altitude>
					<heading>106.34</heading>
					<tilt>88.0</tilt>
					<roll>0</roll>
					<altitudeMode>relativeToGround</altitudeMode>
				</Camera>
			</gx:FlyTo>
			<gx:FlyTo>
				<gx:duration>3.05</gx:duration>
				<gx:flyToMode>smooth</gx:flyToMode>
				<Camera>
					<longitude>-122.2582926280</longitude>
					<latitude>37.8677110424</latitude>
					<altitude>25.0</altitude>
					<heading>106.34</heading>
					<tilt>88.0</tilt>
					<roll>0</roll>
					<altitudeMode>relativeToGround</altitudeMode>
				</Camera>
			</gx:FlyTo>
			<gx:FlyTo>
				<gx:duration>2.97</gx:duration>
				<gx:flyToMode>smooth</gx:flyToMode>
				<Camera>
					<longitude>-122.2578926280</longitude>
					<latitude>37.8677685862</latitude>
					<altitude>25.0</altitude>
					<heading>79.67</heading>
					<tilt>88.0</tilt>
					<roll>0</roll>
					<altitudeMode>relativeToGround</altitudeMode>
				</Camera>
			</gx:FlyTo>
			<gx:FlyTo>
				<gx:duration>0.30</gx:duration>
				<gx:flyToMode>smooth</gx:flyToMode>
				<Camera>
					<longitude>-122.2574538735</longitude>
					<latitude>37.8678326163</latitude>
					<altitude>25.1</altitude>
					<heading>80.01</heading>
					<tilt>87.8</tilt>
					<roll>0</roll>
					<altitudeMode>relativeToGround</altitudeMode>
				</Camera>
			</gx:FlyTo>
			<gx:FlyTo>
				<gx:duration>0.30</gx:duration>
				<gx:flyToMode>smooth</gx:flyToMode>
				<Camera>
					<longitude>-122.2574239638</longitude>
					<latitude>37.8678431122</latitude>
					<altitude>25.6</altitude>
					<heading>81.19</heading>
					<tilt>87.3</tilt>
					<roll>0</roll>
					<altitudeMode>relativeToGround</altitudeMode>
				</Camera>
			</gx:FlyTo>
			<gx:FlyTo>
				<gx:duration>0.30</gx:duration>
				<gx:flyToMode>smooth</gx:flyToMode>
				<Camera>
					<longitude>-122.2574094835</longitude>
					<latitude>37.8678612890</latitude>
					<altitude>26.2</altitude>
					<heading>83.39</heading>
					<tilt>86.5</tilt>
					<roll>0</roll>
					<altitudeMode>relativeToGround</altitudeMode>
				</Camera>
			</gx:FlyTo>
			<gx:FlyTo>
				<gx:duration>0.30</gx:duration>
				<gx:flyToMode>smooth</gx:flyToMode>
				<Camera>
					<longitude>-122.2574128452</longitude>
					<latitude>37.8678900400</latitude>
					<altitude>27.0</altitude>
					<heading>86.75</heading>
					<tilt>85.5</tilt>
					<roll>0</roll>
					<altitudeMode>relativeToGround</altitudeMode>
				</Camera>
			</gx:FlyTo>
			<gx:FlyTo>
				<gx:duration>0.30</gx:duration>
				<gx:flyToMode>smooth</gx:flyToMode>
				<Camera>
					<longitude>-122.2574312527</longitude>
					<latitude>37.8679305524</latitude>
					<altitude>28.0</altitude>
					<heading>91.33</heading>
					<tilt>84.3</tilt>
					<roll>0</roll>
					<altitudeMode>relativeToGround</altitudeMode>
				</Camera>
			</gx:FlyTo>
			<gx:FlyTo>
				<gx:duration>0.30</gx:duration>
				<gx:flyToMode>smooth</gx:flyToMode>
				<Camera>
					<longitude>-122.2574566598</longitude>
					<latitude>37.8679811648</latitude>
					<altitude>29.1</altitude>
					<heading>97.16</heading>
					<tilt>82.9</tilt>
					<roll>0</roll>
					<altitudeMode>relativeToGround</altitudeMode>
				</Camera>
			</gx:FlyTo>
			<gx:FlyTo>
				<gx:duration>0.30</gx:duration>
				<gx:flyToMode>smooth</gx:flyToMode>
				<Camera>
					<longitude>-122.2574766879</longitude>
					<latitude>37.8680363343</latitude>
					<altitude>30.3</altitude>
					<heading>104.19</heading>
					<tilt>81.5</tilt>
					<roll>0</roll>
					<altitudeMode>relativeToGround</altitudeMode>
				</Camera>
			</gx:FlyTo>
			<gx:FlyTo>
				<gx:duration>0.30</gx:duration>
				<gx:flyToMode>smooth</gx:flyToMode>
				<Camera>
					<longitude>-122.2574763463</longitude>
					<latitude>37.8680860102</latitude>
					<altitude>31.5</altitude>
					<heading>112.31</heading>
					<tilt>80.0</tilt>
					<roll>0</roll>
					<altitudeMode>relativeToGround</altitudeMode>
				</Camera>
			</gx:FlyTo>
			<gx:FlyTo>
				<gx:duration>0.30</gx:duration>
				<gx:flyToMode>smooth</gx:flyToMode>
				<Camera>
					<longitude>-122.2574569002</longitude>
					<latitude>37.8681283537</latitude>
					<altitude>32.7</altitude>
					<heading>121.36</heading>
					<tilt>78.5</tilt>
					<roll>0</roll>
					<altitudeMode>relativeToGround</altitudeMode>
				</Camera>
			</gx:FlyTo>
			<gx:FlyTo>
				<gx:duration>0.30</gx:duration>
				<gx:flyToMode>smooth</gx:flyToMode>
				<Camera>
					<longitude>-122.2574297006</longitude>
					<latitude>37.8681695249</latitude>
					<altitude>33.9</altitude>
					<heading>131.13</heading>
					<tilt>77.1</tilt>
					<roll>0</roll>
					<altitudeMode>relativeToGround</altitudeMode>
				</Camera>
			</gx:FlyTo>
			<gx:FlyTo>
				<gx:duration>0.30</gx:duration>
				<gx:flyToMode>smooth</gx:flyToMode>
				<Camera>
					<longitude>-122.2573945959</longitude>
					<latitude>37.8682079376</latitude>
					<altitude>35.0</altitude>
					<heading>141.33</heading>
					<tilt>75.7</tilt>
					<roll>0</roll>
					<altitudeMode>relativeToGround</altitudeMode>
				</Camera>
			</gx:FlyTo>
			<gx:FlyTo>
				<gx:duration>0.30</gx:duration>
				<gx:flyToMode>smooth</gx:flyToMode>
				<Camera>
					<longitude>-122.2573519124</longitude>
					<latitude>37.8682419445</latitude>
					<altitude>36.0</altitude>
					<heading>151.62</heading>
					<tilt>74.5</tilt>
					<roll>0</roll>
					<altitudeMode>relativeToGround</altitudeMode>
				</Camera>
			</gx:FlyTo>
			<gx:FlyTo>
				<gx:duration>0.30</gx:duration>
				<gx:flyToMode>smooth</gx:flyToMode>
				<Camera>
					<longitude>-122.2573024705</longitude>
					<latitude>37.8682699111</latitude>
					<altitude>36.8</altitude>
					<heading>161.61</heading>
					<tilt>73.5</tilt>
					<roll>0</roll>
					<altitudeMode>relativeToGround</altitudeMode>
				</Camera>
			</gx:FlyTo>
			<gx:FlyTo>
				<gx:duration>0.30</gx:duration>
				<gx:flyToMode>smooth</gx:flyToMode>
				<Camera>
					<longitude>-122.2572475848</longitude>
					<latitude>37.8682902899</latitude>
					<altitude>37.4</altitude>
					<heading>170.85</heading>
					<tilt>72.7</tilt>
					<roll>0</roll>
					<altitudeMode>relativeToGround</altitudeMode>
				</Camera>
			</gx:FlyTo>
			<gx:FlyTo>
				<gx:duration>0.30</gx:duration>
				<gx:flyToMode>smooth</gx:flyToMode>
				<Camera>
					<longitude>-122.2571890489</longitude>
					<latitude>37.8683016967</latitude>
					<altitude>37.9</altitude>
					<heading>178.82</heading>
					<tilt>72.2</tilt>
					<roll>0</roll>
					<altitudeMode>relativeToGround</altitudeMode>
				</Camera>
			</gx:FlyTo>
			<gx:FlyTo>
				<gx:duration>0.30</gx:duration>
				<gx:flyToMode>smooth</gx:flyToMode>
				<Camera>
					<longitude>-122.2571291039</longitude>
					<latitude>37.8683029830</latitude>
					<altitude>38.0</altitude>
					<heading>184.94</heading>
					<tilt>72.0</tilt>
					<roll>0</roll>
					<altitudeMode>relativeToGround</altitudeMode>
				</Camera>
			</gx:FlyTo>
			<gx:FlyTo>
				<gx:duration>0.53</gx:duration>
				<gx:flyToMode>smooth</gx:flyToMode>
				<Camera>
					<longitude>-122.2570499519</longitude>
					<latitude>37.8682938930</latitude>
					<altitude>38.0</altitude>
					<heading>191.61</heading>
					<tilt>72.0</tilt>
					<roll>0</roll>
					<altitudeMode>relativeToGround</altitudeMode>
				</Camera>
			</gx:FlyTo>
			<gx:FlyTo>
				<gx:duration>0.53</gx:duration>
				<gx:flyToMode>smooth</gx:flyToMode>
				<Camera>
					<longitude>-122.2569726719</longitude>
					<latitude>37.8682776103</latitude>
					<altitude>38.0</altitude>
					<heading>198.28</heading>
					<tilt>72.0</tilt>
					<roll>0</roll>
					<altitudeMode>relativeToGround</altitudeMode>
				</Camera>
			</gx:FlyTo>
			<gx:FlyTo>
				<gx:duration>0.53</gx:duration>
				<gx:flyToMode>smooth</gx:flyToMode>
				<Camera>
					<longitude>-122.2568983089</longitude>
					<latitude>37.8682543553</latitude>
					<altitude>38.0</altitude>
					<heading>204.94</heading>
					<tilt>72.0</tilt>
					<roll>0</roll>
					<altitudeMode>relativeToGround</altitudeMode>
				</Camera>
			</gx:FlyTo>
			<gx:FlyTo>
				<gx:duration>0.53</gx:duration>
				<gx:flyToMode>smooth</gx:flyToMode>
				<Camera>
					<longitude>-122.2568278686</longitude>
					<latitude>37.8682244423</latitude>
					<altitude>38.0</altitude>
					<heading>211.61</heading>
					<tilt>72.0</tilt>
					<roll>0</roll>
					<altitudeMode>relativeToGround</altitudeMode>
				</Camera>
			</gx:FlyTo>
			<gx:FlyTo>
				<gx:duration>0.53</gx:duration>
				<gx:flyToMode>smooth</gx:flyToMode>
				<Camera>
					<longitude>-122.2567623036</longitude>
					<latitude>37.8681882759</latitude>
					<altitude>38.0</altitude>
					<heading>218.28</heading>
					<tilt>72.0</tilt>
					<roll>0</roll>
					<altitudeMode>relativeToGround</altitudeMode>
				</Camera>
			</gx:FlyTo>
			<gx:FlyTo>
				<gx:duration>0.53</gx:duration>
				<gx:flyToMode>smooth</gx:flyToMode>
				<Camera>
					<longitude>-122.2567025005</longitude>
					<latitude>37.8681463453</latitude>
					<altitude>38.0</altitude>
					<heading>224.94</heading>
					<tilt>72.0</tilt>
					<roll>0</roll>
					<altitudeMode>relativeToGround</altitudeMode>
				</Camera>
			</gx:FlyTo>
			<gx:FlyTo>
				<gx:duration>0.53</gx:duration>
				<gx:flyToMode>smooth</gx:flyToMode>
				<Camera>
					<longitude>-122.2566492680</longitude>
					<latitude>37.8680992173</latitude>
					<altitude>38.0</altitude>
					<heading>231.61</heading>
					<tilt>72.0</tilt>
					<roll>0</roll>
					<altitudeMode>relativeToGround</altitudeMode>
				</Camera>
			</gx:FlyTo>
			<gx:FlyTo>
				<gx:duration>0.53</gx:duration>
				<gx:flyToMode>smooth</gx:flyToMode>
				<Camera>
					<longitude>-122.2566033261</longitude>
					<latitude>37.8680475295</latitude>
					<altitude>38.0</altitude>
					<heading>238.28</heading>
					<tilt>72.0</tilt>
					<roll>0</roll>
					<altitudeMode>relativeToGround</altitudeMode>
				</Camera>
			</gx:FlyTo>
			<gx:FlyTo>
				<gx:duration>0.53</gx:duration>
				<gx:flyToMode>smooth</gx:flyToMode>
				<Camera>
					<longitude>-122.2565652961</longitude>
					<latitude>37.8679919806</latitude>
					<altitude>38.0</altitude>
					<heading>244.94</heading>
					<tilt>72.0</tilt>
					<roll>0</roll>
					<altitudeMode>relativeToGround</altitudeMode>
				</Camera>
			</gx:FlyTo>
			<gx:FlyTo>
				<gx:duration>0.53</gx:duration>
				<gx:flyToMode>smooth</gx:flyToMode>
				<Camera>
					<longitude>-122.2565356921</longitude>
					<latitude>37.8679333221</latitude>
					<altitude>38.0</altitude>
					<heading>251.61</heading>
					<tilt>72.0</tilt>
					<roll>0</roll>
					<altitudeMode>relativeToGround</altitudeMode>
				</Camera>
			</gx:FlyTo>
			<gx:FlyTo>
				<gx:duration>0.53</gx:duration>
				<gx:flyToMode>smooth</gx:flyToMode>
				<Camera>
					<longitude>-122.2565149146</longitude>
					<latitude>37.8678723470</latitude>
					<altitude>38.0</altitude>
					<heading>258.28</heading>
					<tilt>72.0</tilt>
					<roll>0</roll>
					<altitudeMode>relativeToGround</altitudeMode>
				</Camera>
			</gx:FlyTo>
			<gx:FlyTo>
				<gx:duration>0.53</gx:duration>
				<gx:flyToMode>smooth</gx:flyToMode>
				<Camera>
					<longitude>-122.2565032445</longitude>
					<latitude>37.8678098800</latitude>
					<altitude>38.0</altitude>
					<heading>264.94</heading>
					<tilt>72.0</tilt>
					<roll>0</roll>
					<altitudeMode>relativeToGround</altitudeMode>
				</Camera>
			</gx:FlyTo>
			<gx:FlyTo>
				<gx:duration>0.53</gx:duration>
				<gx:flyToMode>smooth</gx:flyToMode>
				<Camera>
					<longitude>-122.2565008397</longitude>
					<latitude>37.8677467659</latitude>
					<altitude>38.0</altitude>
					<heading>271.61</heading>
					<tilt>72.0</tilt>
					<roll>0</roll>
					<altitudeMode>relativeToGround</altitudeMode>
				</Camera>
			</gx:FlyTo>
			<gx:FlyTo>
				<gx:duration>0.53</gx:duration>
				<gx:flyToMode>smooth</gx:flyToMode>
				<Camera>
					<longitude>-122.2565077326</longitude>
					<latitude>37.8676838582</latitude>
					<altitude>38.0</altitude>
					<heading>278.28</heading>
					<tilt>72.0</tilt>
					<roll>0</roll>
					<altitudeMode>relativeToGround</altitudeMode>
				</Camera>
			</gx:FlyTo>
			<gx:FlyTo>
				<gx:duration>0.53</gx:duration>
				<gx:flyToMode>smooth</gx:flyToMode>
				<Camera>
					<longitude>-122.2565238301</longitude>
					<latitude>37.8676220075</latitude>
					<altitude>38.0</altitude>
					<heading>284.94</heading>
					<tilt>72.0</tilt>
					<roll>0</roll>
					<altitudeMode>relativeToGround</altitudeMode>
				</Camera>
			</gx:FlyTo>
			<gx:FlyTo>
				<gx:duration>0.53</gx:duration>
				<gx:flyToMode>smooth</gx:flyToMode>
				<Camera>
					<longitude>-122.2565489145</longitude>
					<latitude>37.8675620503</latitude>
					<altitude>38.0</altitude>
					<heading>291.61</heading>
					<tilt>72.0</tilt>
					<roll>0</roll>
					<altitudeMode>relativeToGround</altitudeMode>
				</Camera>
			</gx:FlyTo>
			<gx:FlyTo>
				<gx:duration>0.53</gx:duration>
				<gx:flyToMode>smooth</gx:flyToMode>
				<Camera>
					<longitude>-122.2565826465</longitude>
					<latitude>37.8675047974</latitude>
					<altitude>38.0</altitude>
					<heading>298.28</heading>
					<tilt>72.0</tilt>
					<roll>0</roll>
					<altitudeMode>relativeToGround</altitudeMode>
				</Camera>
			</gx:FlyTo>
			<gx:FlyTo>
				<gx:duration>0.53</gx:duration>
				<gx:flyToMode>smooth</gx:flyToMode>
				<Camera>
					<longitude>-122.2566245700</longitude>
					<latitude>37.8674510231</latitude>
					<altitude>38.0</altitude>
					<heading>304.94</heading>
					<tilt>72.0</tilt>
					<roll>0</roll>
					<altitudeMode>relativeToGround</altitudeMode>
				</Camera>
			</gx:FlyTo>
			<gx:FlyTo>
				<gx:duration>0.53</gx:duration>
				<gx:flyToMode>smooth</gx:flyToMode>
				<Camera>
					<longitude>-122.2566741181</longitude>
					<latitude>37.8674014546</latitude>
					<altitude>38.0</altitude>
					<heading>311.61</heading>
					<tilt>72.0</tilt>
					<roll>0</roll>
					<altitudeMode>relativeToGround</altitudeMode>
				</Camera>
			</gx:FlyTo>
			<gx:FlyTo>
				<gx:duration>0.53</gx:duration>
				<gx:flyToMode>smooth</gx:flyToMode>
				<Camera>
					<longitude>-122.2567306206</longitude>
					<latitude>37.8673567622</latitude>
					<altitude>38.0</altitude>
					<heading>318.28</heading>
					<tilt>72.0</tilt>
					<roll>0</roll>
					<altitudeMode>relativeToGround</altitudeMode>
				</Camera>
			</gx:FlyTo>
			<gx:FlyTo>
				<gx:duration>0.53</gx:duration>
				<gx:flyToMode>smooth</gx:flyToMode>
				<Camera>
					<longitude>-122.2567933135</longitude>
					<latitude>37.8673175503</latitude>
					<altitude>38.0</altitude>
					<heading>324.94</heading>
					<tilt>72.0</tilt>
					<roll>0</roll>
					<altitudeMode>relativeToGround</altitudeMode>
				</Camera>
			</gx:FlyTo>
			<gx:FlyTo>
				<gx:duration>0.53</gx:duration>
				<gx:flyToMode>smooth</gx:flyToMode>
				<Camera>
					<longitude>-122.2568613490</longitude>
					<latitude>37.8672843491</latitude>
					<altitude>38.0</altitude>
					<heading>331.61</heading>
					<tilt>72.0</tilt>
					<roll>0</roll>
					<altitudeMode>relativeToGround</altitudeMode>
				</Camera>
			</gx:FlyTo>
			<gx:FlyTo>
				<gx:duration>0.53</gx:duration>
				<gx:flyToMode>smooth</gx:flyToMode>
				<Camera>
					<longitude>-122.2569338070</longitude>
					<latitude>37.8672576077</latitude>
					<altitude>38.0</altitude>
					<heading>338.28</heading>
					<tilt>72.0</tilt>
					<roll>0</roll>
					<altitudeMode>relativeToGround</altitudeMode>
				</Camera>
			</gx:FlyTo>
			<gx:FlyTo>
				<gx:duration>0.53</gx:duration>
				<gx:flyToMode>smooth</gx:flyToMode>
				<Camera>
					<longitude>-122.2570097076</longitude>
					<latitude>37.8672376877</latitude>
					<altitude>38.0</altitude>
					<heading>344.94</heading>
					<tilt>72.0</tilt>
					<roll>0</roll>
					<altitudeMode>relativeToGround</altitudeMode>
				</Camera>
			</gx:FlyTo>
			<gx:FlyTo>
				<gx:duration>0.53</gx:duration>
				<gx:flyToMode>smooth</gx:flyToMode>
				<Camera>
					<longitude>-122.2570880244</longitude>
					<latitude>37.8672248585</latitude>
					<altitude>38.0</altitude>
					<heading>351.61</heading>
					<tilt>72.0</tilt>
					<roll>0</roll>
					<altitudeMode>relativeToGround</altitudeMode>
				</Camera>
			</gx:FlyTo>
			<gx:FlyTo>
				<gx:duration>0.53</gx:duration>
				<gx:flyToMode>smooth</gx:flyToMode>
				<Camera>
					<longitude>-122.2571676983</longitude>
					<latitude>37.8672192935</latitude>
					<altitude>38.0</altitude>
					<heading>358.28</heading>
					<tilt>72.0</tilt>
					<roll>0</roll>
					<altitudeMode>relativeToGround</altitudeMode>
				</Camera>
			</gx:FlyTo>
			<gx:FlyTo>
				<gx:duration>0.53</gx:duration>
				<gx:flyToMode>smooth</gx:flyToMode>
				<Camera>
					<longitude>-122.2572476519</longitude>
					<latitude>37.8672210680</latitude>
					<altitude>38.0</altitude>
					<heading>4.94</heading>
					<tilt>72.0</tilt>
					<roll>0</roll>
					<altitudeMode>relativeToGround</altitudeMode>
				</Camera>
			</gx:FlyTo>
			<gx:FlyTo>
				<gx:duration>0.53</gx:duration>
				<gx:flyToMode>smooth</gx:flyToMode>
				<Camera>
					<longitude>-122.2573268039</longitude>
					<latitude>37.8672301581</latitude>
					<altitude>38.0</altitude>
					<heading>11.61</heading>
					<tilt>72.0</tilt>
					<roll>0</roll>
					<altitudeMode>relativeToGround</altitudeMode>
				</Camera>
			</gx:FlyTo>
			<gx:FlyTo>
				<gx:duration>0.53</gx:duration>
				<gx:flyToMode>smooth</gx:flyToMode>
				<Camera>
					<longitude>-122.2574040839</longitude>
					<latitude>37.8672464407</latitude>
					<altitude>38.0</altitude>
					<heading>18.28</heading>
					<tilt>72.0</tilt>
					<roll>0</roll>
					<altitudeMode>relativeToGround</altitudeMode>
				</Camera>
			</gx:FlyTo>
			<gx:FlyTo>
				<gx:duration>0.53</gx:duration>
				<gx:flyToMode>smooth</gx:flyToMode>
				<Camera>
					<longitude>-122.2574784469</longitude>
					<latitude>37.8672696958</latitude>
					<altitude>38.0</altitude>
					<heading>24.94</heading>
					<tilt>72.0</tilt>
					<roll>0</roll>
					<altitudeMode>relativeToGround</altitudeMode>
				</Camera>
			</gx:FlyTo>
			<gx:FlyTo>
				<gx:duration>0.40</gx:duration>
				<gx:flyToMode>smooth</gx:flyToMode>
				<Camera>
					<longitude>-122.2575450414</longitude>
					<latitude>37.8673045416</latitude>
					<altitude>37.7</altitude>
					<heading>31.61</heading>
					<tilt>72.3</tilt>
					<roll>0</roll>
					<altitudeMode>relativeToGround</altitudeMode>
				</Camera>
			</gx:FlyTo>
			<gx:FlyTo>
				<gx:duration>0.40</gx:duration>
				<gx:flyToMode>smooth</gx:flyToMode>
				<Camera>
					<longitude>-122.2575973408</longitude>
					<latitude>37.8673528936</latitude>
					<altitude>37.0</altitude>
					<heading>38.28</heading>
					<tilt>73.2</tilt>
					<roll>0</roll>
					<altitudeMode>relativeToGround</altitudeMode>
				</Camera>
			</gx:FlyTo>
			<gx:FlyTo>
				<gx:duration>0.40</gx:duration>
				<gx:flyToMode>smooth</gx:flyToMode>
				<Camera>
					<longitude>-122.2576330947</longitude>
					<latitude>37.8674102630</latitude>
					<altitude>36.0</altitude>
					<heading>44.94</heading>
					<tilt>74.5</tilt>
					<roll>0</roll>
					<altitudeMode>relativeToGround</altitudeMode>
				</Camera>
			</gx:FlyTo>
			<gx:FlyTo>
				<gx:duration>0.40</gx:duration>
				<gx:flyToMode>smooth</gx:flyToMode>
				<Camera>
					<longitude>-122.2576517091</longitude>
					<latitude>37.8674722302</latitude>
					<altitude>34.6</altitude>
					<heading>51.61</heading>
					<tilt>76.1</tilt>
					<roll>0</roll>
					<altitudeMode>relativeToGround</altitudeMode>
				</Camera>
			</gx:FlyTo>
			<gx:FlyTo>
				<gx:duration>0.40</gx:duration>
				<gx:flyToMode>smooth</gx:flyToMode>
				<Camera>
					<longitude>-122.2576541136</longitude>
					<latitude>37.8675347476</latitude>
					<altitude>33.1</altitude>
					<heading>58.28</heading>
					<tilt>78.0</tilt>
					<roll>0</roll>
					<altitudeMode>relativeToGround</altitudeMode>
				</Camera>
			</gx:FlyTo>
			<gx:FlyTo>
				<gx:duration>0.40</gx:duration>
				<gx:flyToMode>smooth</gx:flyToMode>
				<Camera>
					<longitude>-122.2576425517</longitude>
					<latitude>37.8675944077</latitude>
					<altitude>31.5</altitude>
					<heading>64.94</heading>
					<tilt>80.0</tilt>
					<roll>0</roll>
					<altitudeMode>relativeToGround</altitudeMode>
				</Camera>
			</gx:FlyTo>
			<gx:FlyTo>
				<gx:duration>0.40</gx:duration>
				<gx:flyToMode>smooth</gx:flyToMode>
				<Camera>
					<longitude>-122.2576203068</longitude>
					<latitude>37.8676486663</latitude>
					<altitude>29.9</altitude>
					<heading>71.61</heading>
					<tilt>82.0</tilt>
					<roll>0</roll>
					<altitudeMode>relativeToGround</altitudeMode>
				</Camera>
			</gx:FlyTo>
			<gx:FlyTo>
				<gx:duration>0.40</gx:duration>
				<gx:flyToMode>smooth</gx:flyToMode>
				<Camera>
					<longitude>-122.2575913735</longitude>
					<latitude>37.8676960099</latitude>
					<altitude>28.4</altitude>
					<heading>78.28</heading>
					<tilt>83.9</tilt>
					<roll>0</roll>
					<altitudeMode>relativeToGround</altitudeMode>
				</Camera>
			</gx:FlyTo>
			<gx:FlyTo>
				<gx:duration>0.40</gx:duration>
				<gx:flyToMode>smooth</gx:flyToMode>
				<Camera>
					<longitude>-122.2575600931</longitude>
					<latitude>37.8677360623</latitude>
					<altitude>27.0</altitude>
					<heading>84.94</heading>
					<tilt>85.5</tilt>
					<roll>0</roll>
					<altitudeMode>relativeToGround</altitudeMode>
				</Camera>
			</gx:FlyTo>
			<gx:FlyTo>
				<gx:duration>0.40</gx:duration>
				<gx:flyToMode>smooth</gx:flyToMode>
				<Camera>
					<longitude>-122.2575307658</longitude>
					<latitude>37.8677696246</latitude>
					<altitude>26.0</altitude>
					<heading>91.61</heading>
					<tilt>86.8</tilt>
					<roll>0</roll>
					<altitudeMode>relativeToGround</altitudeMode>
				</Camera>
			</gx:FlyTo>
			<gx:FlyTo>
				<gx:duration>0.40</gx:duration>
				<gx:flyToMode>smooth</gx:flyToMode>
				<Camera>
					<longitude>-122.2575072589</longitude>
					<latitude>37.8677986468</latitude>
					<altitude>25.3</altitude>
					<heading>98.28</heading>
					<tilt>87.7</tilt>
					<roll>0</roll>
					<altitudeMode>relativeToGround</altitudeMode>
				</Camera>
			</gx:FlyTo>
			<gx:FlyTo>
				<gx:duration>0.40</gx:duration>
				<gx:flyToMode>smooth</gx:flyToMode>
				<Camera>
					<longitude>-122.2574926280</longitude>
					<latitude>37.8678261300</latitude>
					<altitude>25.0</altitude>
					<heading>104.94</heading>
					<tilt>88.0</tilt>
					<roll>0</roll>
					<altitudeMode>relativeToGround</altitudeMode>
				</Camera>
			</gx:FlyTo>
			<gx:FlyTo>
				<gx:duration>2.97</gx:duration>
				<gx:flyToMode>smooth</gx:flyToMode>
				<Camera>
					<longitude>-122.2574926280</longitude>
					<latitude>37.8678261300</latitude>
					<altitude>25.0</altitude>
					<heading>79.67</heading>
					<tilt>88.0</tilt>
					<roll>0</roll>
					<altitudeMode>relativeToGround</altitudeMode>
				</Camera>
			</gx:FlyTo>
			<gx:FlyTo>
				<gx:duration>2.97</gx:duration>
				<gx:flyToMode>smooth</gx:flyToMode>
				<Camera>
					<longitude>-122.2570926280</longitude>
					<latitude>37.8678836738</latitude>
					<altitude>25.0</altitude>
					<heading>79.67</heading>
					<tilt>88.0</tilt>
					<roll>0</roll>
					<altitudeMode>relativeToGround</altitudeMode>
				</Camera>
			</gx:FlyTo>
			<gx:FlyTo>
				<gx:duration>3.61</gx:duration>
				<gx:flyToMode>smooth</gx:flyToMode>
				<Camera>
					<longitude>-122.2566926280</longitude>
					<latitude>37.8681127458</latitude>
					<altitude>25.0</altitude>
					<heading>54.04</heading>
					<tilt>88.0</tilt>
					<roll>0</roll>
					<altitudeMode>relativeToGround</altitudeMode>
				</Camera>
			</gx:FlyTo>
			<gx:FlyTo>
				<gx:duration>3.61</gx:duration>
				<gx:flyToMode>smooth</gx:flyToMode>
				<Camera>
					<longitude>-122.2562926280</longitude>
					<latitude>37.8683418178</latitude>
					<altitude>25.0</altitude>
					<heading>54.04</heading>
					<tilt>88.0</tilt>
					<roll>0</roll>
					<altitudeMode>relativeToGround</altitudeMode>
				</Camera>
			</gx:FlyTo>
			<gx:FlyTo>
				<gx:duration>3.61</gx:duration>
				<gx:flyToMode>smooth</gx:flyToMode>
				<Camera>
					<longitude>-122.2558926280</longitude>
					<latitude>37.8685708898</latitude>
					<altitude>25.0</altitude>
					<heading>54.04</heading>
					<tilt>88.0</tilt>
					<roll>0</roll>
					<altitudeMode>relativeToGround</altitudeMode>
				</Camera>
			</gx:FlyTo>
			<gx:FlyTo>
				<gx:duration>0.30</gx:duration>
				<gx:flyToMode>smooth</gx:flyToMode>
				<Camera>
					<longitude>-122.2554515929</longitude>
					<latitude>37.8685928839</latitude>
					<altitude>25.1</altitude>
					<heading>85.60</heading>
					<tilt>87.8</tilt>
					<roll>0</roll>
					<altitudeMode>relativeToGround</altitudeMode>
				</Camera>
			</gx:FlyTo>
			<gx:FlyTo>
				<gx:duration>0.30</gx:duration>
				<gx:flyToMode>smooth</gx:flyToMode>
				<Camera>
					<longitude>-122.2554093207</longitude>
					<latitude>37.8685875282</latitude>
					<altitude>25.6</altitude>
					<heading>83.75</heading>
					<tilt>87.3</tilt>
					<roll>0</roll>
					<altitudeMode>relativeToGround</altitudeMode>
				</Camera>
			</gx:FlyTo>
			<gx:FlyTo>
				<gx:duration>0.30</gx:duration>
				<gx:flyToMode>smooth</gx:flyToMode>
				<Camera>
					<longitude>-122.2553641301</longitude>
					<latitude>37.8685731213</latitude>
					<altitude>26.2</altitude>
					<heading>80.51</heading>
					<tilt>86.5</tilt>
					<roll>0</roll>
					<altitudeMode>relativeToGround</altitudeMode>
				</Camera>
			</gx:FlyTo>
			<gx:FlyTo>
				<gx:duration>0.30</gx:duration>
				<gx:flyToMode>smooth</gx:flyToMode>
				<Camera>
					<longitude>-122.2553144613</longitude>
					<latitude>37.8685501369</latitude>
					<altitude>27.0</altitude>
					<heading>75.81</heading>
					<tilt>85.5</tilt>
					<roll>0</roll>
					<altitudeMode>relativeToGround</altitudeMode>
				</Camera>
			</gx:FlyTo>
			<gx:FlyTo>
				<gx:duration>0.30</gx:duration>
				<gx:flyToMode>smooth</gx:flyToMode>
				<Camera>
					<longitude>-122.2552595008</longitude>
					<latitude>37.8685217096</latitude>
					<altitude>28.0</altitude>
					<heading>69.63</heading>
					<tilt>84.3</tilt>
					<roll>0</roll>
					<altitudeMode>relativeToGround</altitudeMode>
				</Camera>
			</gx:FlyTo>
			<gx:FlyTo>
				<gx:duration>0.30</gx:duration>
				<gx:flyToMode>smooth</gx:flyToMode>
				<Camera>
					<longitude>-122.2551997304</longitude>
					<latitude>37.8684929204</latitude>
					<altitude>29.1</altitude>
					<heading>62.02</heading>
					<tilt>82.9</tilt>
					<roll>0</roll>
					<altitudeMode>relativeToGround</altitudeMode>
				</Camera>
			</gx:FlyTo>
			<gx:FlyTo>
				<gx:duration>0.30</gx:duration>
				<gx:flyToMode>smooth</gx:flyToMode>
				<Camera>
					<longitude>-122.2551373615</longitude>
					<latitude>37.8684699776</latitude>
					<altitude>30.3</altitude>
					<heading>53.08</heading>
					<tilt>81.5</tilt>
					<roll>0</roll>
					<altitudeMode>relativeToGround</altitudeMode>
				</Camera>
			</gx:FlyTo>
			<gx:FlyTo>
				<gx:duration>0.30</gx:duration>
				<gx:flyToMode>smooth</gx:flyToMode>
				<Camera>
					<longitude>-122.2550766139</longitude>
					<latitude>37.8684593015</latitude>
					<altitude>31.5</altitude>
					<heading>43.00</heading>
					<tilt>80.0</tilt>
					<roll>0</roll>
					<altitudeMode>relativeToGround</altitudeMode>
				</Camera>
			</gx:FlyTo>
			<gx:FlyTo>
				<gx:duration>0.30</gx:duration>
				<gx:flyToMode>smooth</gx:flyToMode>
				<Camera>
					<longitude>-122.2550183951</longitude>
					<latitude>37.8684587755</latitude>
					<altitude>32.7</altitude>
					<heading>31.98</heading>
					<tilt>78.5</tilt>
					<roll>0</roll>
					<altitudeMode>relativeToGround</altitudeMode>
				</Camera>
			</gx:FlyTo>
			<gx:FlyTo>
				<gx:duration>0.30</gx:duration>
				<gx:flyToMode>smooth</gx:flyToMode>
				<Camera>
					<longitude>-122.2549600651</longitude>
					<latitude>37.8684623712</latitude>
					<altitude>33.9</altitude>
					<heading>20.30</heading>
					<tilt>77.1</tilt>
					<roll>0</roll>
					<altitudeMode>relativeToGround</altitudeMode>
				</Camera>
			</gx:FlyTo>
			<gx:FlyTo>
				<gx:duration>0.30</gx:duration>
				<gx:flyToMode>smooth</gx:flyToMode>
				<Camera>
					<longitude>-122.2549021300</longitude>
					<latitude>37.8684701787</latitude>
					<altitude>35.0</altitude>
					<heading>8.32</heading>
					<tilt>75.7</tilt>
					<roll>0</roll>
					<altitudeMode>relativeToGround</altitudeMode>
				</Camera>
			</gx:FlyTo>
			<gx:FlyTo>
				<gx:duration>0.30</gx:duration>
				<gx:flyToMode>smooth</gx:flyToMode>
				<Camera>
					<longitude>-122.2548451321</longitude>
					<latitude>37.8684822440</latitude>
					<altitude>36.0</altitude>
					<heading>356.43</heading>
					<tilt>74.5</tilt>
					<roll>0</roll>
					<altitudeMode>relativeToGround</altitudeMode>
				</Camera>
			</gx:FlyTo>
			<gx:FlyTo>
				<gx:duration>0.30</gx:duration>
				<gx:flyToMode>smooth</gx:flyToMode>
				<Camera>
					<longitude>-122.2547896430</longitude>
					<latitude>37.8684985629</latitude>
					<altitude>36.8</altitude>
					<heading>345.09</heading>
					<tilt>73.5</tilt>
					<roll>0</roll>
					<altitudeMode>relativeToGround</altitudeMode>
				</Camera>
			</gx:FlyTo>
			<gx:FlyTo>
				<gx:duration>0.30</gx:duration>
				<gx:flyToMode>smooth</gx:flyToMode>
				<Camera>
					<longitude>-122.2547362549</longitude>
					<latitude>37.8685190759</latitude>
					<altitude>37.4</altitude>
					<heading>334.82</heading>
					<tilt>72.7</tilt>
					<roll>0</roll>
					<altitudeMode>relativeToGround</altitudeMode>
				</Camera>
			</gx:FlyTo>
			<gx:FlyTo>
				<gx:duration>0.30</gx:duration>
				<gx:flyToMode>smooth</gx:flyToMode>
				<Camera>
					<longitude>-122.2546855717</longitude>
					<latitude>37.8685436638</latitude>
					<altitude>37.9</altitude>
					<heading>326.18</heading>
					<tilt>72.2</tilt>
					<roll>0</roll>
					<altitudeMode>relativeToGround</altitudeMode>
				</Camera>
			</gx:FlyTo>
			<gx:FlyTo>
				<gx:duration>0.30</gx:duration>
				<gx:flyToMode>smooth</gx:flyToMode>
				<Camera>
					<longitude>-122.2546381980</longitude>
					<latitude>37.8685721441</latitude>
					<altitude>38.0</altitude>
					<heading>319.82</heading>
					<tilt>72.0</tilt>
					<roll>0</roll>
					<altitudeMode>relativeToGround</altitudeMode>
				</Camera>
			</gx:FlyTo>
			<gx:FlyTo>
				<gx:duration>0.53</gx:duration>
				<gx:flyToMode>smooth</gx:flyToMode>
				<Camera>
					<longitude>-122.2545806211</longitude>
					<latitude>37.8686153032</latitude>
					<altitude>38.0</altitude>
					<heading>313.15</heading>
					<tilt>72.0</tilt>
					<roll>0</roll>
					<altitudeMode>relativeToGround</altitudeMode>
				</Camera>
			</gx:FlyTo>
			<gx:FlyTo>
				<gx:duration>0.53</gx:duration>
				<gx:flyToMode>smooth</gx:flyToMode>
				<Camera>
					<longitude>-122.2545297806</longitude>
					<latitude>37.8686634472</latitude>
					<altitude>38.0</altitude>
					<heading>306.48</heading>
					<tilt>72.0</tilt>
					<roll>0</roll>
					<altitudeMode>relativeToGround</altitudeMode>
				</Camera>
			</gx:FlyTo>
			<gx:FlyTo>
				<gx:duration>0.53</gx:duration>
				<gx:flyToMode>smooth</gx:flyToMode>
				<Camera>
					<longitude>-122.2544863640</longitude>
					<latitude>37.8687159249</latitude>
					<altitude>38.0</altitude>
					<heading>299.82</heading>
					<tilt>72.0</tilt>
					<roll>0</roll>
					<altitudeMode>relativeToGround</altitudeMode>
				</Camera>
			</gx:FlyTo>
			<gx:FlyTo>
				<gx:duration>0.53</gx:duration>
				<gx:flyToMode>smooth</gx:flyToMode>
				<Camera>
					<longitude>-122.2544509584</longitude>
					<latitude>37.8687720267</latitude>
					<altitude>38.0</altitude>
					<heading>293.15</heading>
					<tilt>72.0</tilt>
					<roll>0</roll>
					<altitudeMode>relativeToGround</altitudeMode>
				</Camera>
			</gx:FlyTo>
			<gx:FlyTo>
				<gx:duration>0.53</gx:duration>
				<gx:flyToMode>smooth</gx:flyToMode>
				<Camera>
					<longitude>-122.2544240426</longitude>
					<latitude>37.8688309940</latitude>
					<altitude>38.0</altitude>
					<heading>286.48</heading>
					<tilt>72.0</tilt>
					<roll>0</roll>
					<altitudeMode>relativeToGround</altitudeMode>
				</Camera>
			</gx:FlyTo>
			<gx:FlyTo>
				<gx:duration>0.53</gx:duration>
				<gx:flyToMode>smooth</gx:flyToMode>
				<Camera>
					<longitude>-122.2544059807</longitude>
					<latitude>37.8688920292</latitude>
					<altitude>38.0</altitude>
					<heading>279.82</heading>
					<tilt>72.0</tilt>
					<roll>0</roll>
					<altitudeMode>relativeToGround</altitudeMode>
				</Camera>
			</gx:FlyTo>
			<gx:FlyTo>
				<gx:duration>0.53</gx:duration>
				<gx:flyToMode>smooth</gx:flyToMode>
				<Camera>
					<longitude>-122.2543970168</longitude>
					<latitude>37.8689543071</latitude>
					<altitude>38.0</altitude>
					<heading>273.15</heading>
					<tilt>72.0</tilt>
					<roll>0</roll>
					<altitudeMode>relativeToGround</altitudeMode>
				</Camera>
			</gx:FlyTo>
			<gx:FlyTo>
				<gx:duration>0.53</gx:duration>
				<gx:flyToMode>smooth</gx:flyToMode>
				<Camera>
					<longitude>-122.2543972722</longitude>
					<latitude>37.8690169853</latitude>
					<altitude>38.0</altitude>
					<heading>266.48</heading>
					<tilt>72.0</tilt>
					<roll>0</roll>
					<altitudeMode>relativeToGround</altitudeMode>
				</Camera>
			</gx:FlyTo>
			<gx:FlyTo>
				<gx:duration>0.53</gx:duration>
				<gx:flyToMode>smooth</gx:flyToMode>
				<Camera>
					<longitude>-122.2544067435</longitude>
					<latitude>37.8690792164</latitude>
					<altitude>38.0</altitude>
					<heading>259.82</heading>
					<tilt>72.0</tilt>
					<roll>0</roll>
					<altitudeMode>relativeToGround</altitudeMode>
				</Camera>
			</gx:FlyTo>
			<gx:FlyTo>
				<gx:duration>0.53</gx:duration>
				<gx:flyToMode>smooth</gx:flyToMode>
				<Camera>
					<longitude>-122.2544253025</longitude>
					<latitude>37.8691401586</latitude>
					<altitude>38.0</altitude>
					<heading>253.15</heading>
					<tilt>72.0</tilt>
					<roll>0</roll>
					<altitudeMode>relativeToGround</altitudeMode>
				</Camera>
			</gx:FlyTo>
			<gx:FlyTo>
				<gx:duration>0.53</gx:duration>
				<gx:flyToMode>smooth</gx:flyToMode>
				<Camera>
					<longitude>-122.2544526983</longitude>
					<latitude>37.8691989880</latitude>
					<altitude>38.0</altitude>
					<heading>246.48</heading>
					<tilt>72.0</tilt>
					<roll>0</roll>
					<altitudeMode>relativeToGround</altitudeMode>
				</Camera>
			</gx:FlyTo>
			<gx:FlyTo>
				<gx:duration>0.53</gx:duration>
				<gx:flyToMode>smooth</gx:flyToMode>
				<Camera>
					<longitude>-122.2544885605</longitude>
					<latitude>37.8692549088</latitude>
					<altitude>38.0</altitude>
					<heading>239.82</heading>
					<tilt>72.0</tilt>
					<roll>0</roll>
					<altitudeMode>relativeToGround</altitudeMode>
				</Camera>
			</gx:FlyTo>
			<gx:FlyTo>
				<gx:duration>0.53</gx:duration>
				<gx:flyToMode>smooth</gx:flyToMode>
				<Camera>
					<longitude>-122.2545324039</longitude>
					<latitude>37.8693071649</latitude>
					<altitude>38.0</altitude>
					<heading>233.15</heading>
					<tilt>72.0</tilt>
					<roll>0</roll>
					<altitudeMode>relativeToGround</altitudeMode>
				</Camera>
			</gx:FlyTo>
			<gx:FlyTo>
				<gx:duration>0.53</gx:duration>
				<gx:flyToMode>smooth</gx:flyToMode>
				<Camera>
					<longitude>-122.2545836357</longitude>
					<latitude>37.8693550496</latitude>
					<altitude>38.0</altitude>
					<heading>226.48</heading>
					<tilt>72.0</tilt>
					<roll>0</roll>
					<altitudeMode>relativeToGround</altitudeMode>
				</Camera>
			</gx:FlyTo>
			<gx:FlyTo>
				<gx:duration>0.53</gx:duration>
				<gx:flyToMode>smooth</gx:flyToMode>
				<Camera>
					<longitude>-122.2546415632</longitude>
					<latitude>37.8693979154</latitude>
					<altitude>38.0</altitude>
					<heading>219.82</heading>
					<tilt>72.0</tilt>
					<roll>0</roll>
					<altitudeMode>relativeToGround</altitudeMode>
				</Camera>
			</gx:FlyTo>
			<gx:FlyTo>
				<gx:duration>0.53</gx:duration>
				<gx:flyToMode>smooth</gx:flyToMode>
				<Camera>
					<longitude>-122.2547054029</longitude>
					<latitude>37.8694351825</latitude>
					<altitude>38.0</altitude>
					<heading>213.15</heading>
					<tilt>72.0</tilt>
					<roll>0</roll>
					<altitudeMode>relativeToGround</altitudeMode>
				</Camera>
			</gx:FlyTo>
			<gx:FlyTo>
				<gx:duration>0.53</gx:duration>
				<gx:flyToMode>smooth</gx:flyToMode>
				<Camera>
					<longitude>-122.2547742914</longitude>
					<latitude>37.8694663470</latitude>
					<altitude>38.0</altitude>
					<heading>206.48</heading>
					<tilt>72.0</tilt>
					<roll>0</roll>
					<altitudeMode>relativeToGround</altitudeMode>
				</Camera>
			</gx:FlyTo>
			<gx:FlyTo>
				<gx:duration>0.53</gx:duration>
				<gx:flyToMode>smooth</gx:flyToMode>
				<Camera>
					<longitude>-122.2548472973</longitude>
					<latitude>37.8694909875</latitude>
					<altitude>38.0</altitude>
					<heading>199.82</heading>
					<tilt>72.0</tilt>
					<roll>0</roll>
					<altitudeMode>relativeToGround</altitudeMode>
				</Camera>
			</gx:FlyTo>
			<gx:FlyTo>
				<gx:duration>0.53</gx:duration>
				<gx:flyToMode>smooth</gx:flyToMode>
				<Camera>
					<longitude>-122.2549234332</longitude>
					<latitude>37.8695087706</latitude>
					<altitude>38.0</altitude>
					<heading>193.15</heading>
					<tilt>72.0</tilt>
					<roll>0</roll>
					<altitudeMode>relativeToGround</altitudeMode>
				</Camera>
			</gx:FlyTo>
			<gx:FlyTo>
				<gx:duration>0.53</gx:duration>
				<gx:flyToMode>smooth</gx:flyToMode>
				<Camera>
					<longitude>-122.2550016696</longitude>
					<latitude>37.8695194560</latitude>
					<altitude>38.0</altitude>
					<heading>186.48</heading>
					<tilt>72.0</tilt>
					<roll>0</roll>
					<altitudeMode>relativeToGround</altitudeMode>
				</Camera>
			</gx:FlyTo>
			<gx:FlyTo>
				<gx:duration>0.53</gx:duration>
				<gx:flyToMode>smooth</gx:flyToMode>
				<Camera>
					<longitude>-122.2550809483</longitude>
					<latitude>37.8695228991</latitude>
					<altitude>38.0</altitude>
					<heading>179.82</heading>
					<tilt>72.0</tilt>
					<roll>0</roll>
					<altitudeMode>relativeToGround</altitudeMode>
				</Camera>
			</gx:FlyTo>
			<gx:FlyTo>
				<gx:duration>0.53</gx:duration>
				<gx:flyToMode>smooth</gx:flyToMode>
				<Camera>
					<longitude>-122.2551601973</longitude>
					<latitude>37.8695190534</latitude>
					<altitude>38.0</altitude>
					<heading>173.15</heading>
					<tilt>72.0</tilt>
					<roll>0</roll>
					<altitudeMode>relativeToGround</altitudeMode>
				</Camera>
			</gx:FlyTo>
			<gx:FlyTo>
				<gx:duration>0.53</gx:duration>
				<gx:flyToMode>smooth</gx:flyToMode>
				<Camera>
					<longitude>-122.2552383449</longitude>
					<latitude>37.8695079709</latitude>
					<altitude>38.0</altitude>
					<heading>166.48</heading>
					<tilt>72.0</tilt>
					<roll>0</roll>
					<altitudeMode>relativeToGround</altitudeMode>
				</Camera>
			</gx:FlyTo>
			<gx:FlyTo>
				<gx:duration>0.53</gx:duration>
				<gx:flyToMode>smooth</gx:flyToMode>
				<Camera>
					<longitude>-122.2553143343</longitude>
					<latitude>37.8694898014</latitude>
					<altitude>38.0</altitude>
					<heading>159.82</heading>
					<tilt>72.0</tilt>
					<roll>0</roll>
					<altitudeMode>relativeToGround</altitudeMode>
				</Camera>
			</gx:FlyTo>
			<gx:FlyTo>
				<gx:duration>0.53</gx:duration>
				<gx:flyToMode>smooth</gx:flyToMode>
				<Camera>
					<longitude>-122.2553871379</longitude>
					<latitude>37.8694647906</latitude>
					<altitude>38.0</altitude>
					<heading>153.15</heading>
					<tilt>72.0</tilt>
					<roll>0</roll>
					<altitudeMode>relativeToGround</altitudeMode>
				</Camera>
			</gx:FlyTo>
			<gx:FlyTo>
				<gx:duration>0.53</gx:duration>
				<gx:flyToMode>smooth</gx:flyToMode>
				<Camera>
					<longitude>-122.2554557710</longitude>
					<latitude>37.8694332769</latitude>
					<altitude>38.0</altitude>
					<heading>146.48</heading>
					<tilt>72.0</tilt>
					<roll>0</roll>
					<altitudeMode>relativeToGround</altitudeMode>
				</Camera>
			</gx:FlyTo>
			<gx:FlyTo>
				<gx:duration>0.53</gx:duration>
				<gx:flyToMode>smooth</gx:flyToMode>
				<Camera>
					<longitude>-122.2555193056</longitude>
					<latitude>37.8693956863</latitude>
					<altitude>38.0</altitude>
					<heading>139.82</heading>
					<tilt>72.0</tilt>
					<roll>0</roll>
					<altitudeMode>relativeToGround</altitudeMode>
				</Camera>
			</gx:FlyTo>
			<gx:FlyTo>
				<gx:duration>0.53</gx:duration>
				<gx:flyToMode>smooth</gx:flyToMode>
				<Camera>
					<longitude>-122.2555768825</longitude>
					<latitude>37.8693525272</latitude>
					<altitude>38.0</altitude>
					<heading>133.15</heading>
					<tilt>72.0</tilt>
					<roll>0</roll>
					<altitudeMode>relativeToGround</altitudeMode>
				</Camera>
			</gx:FlyTo>
			<gx:FlyTo>
				<gx:duration>0.53</gx:duration>
				<gx:flyToMode>smooth</gx:flyToMode>
				<Camera>
					<longitude>-122.2556277230</longitude>
					<latitude>37.8693043833</latitude>
					<altitude>38.0</altitude>
					<heading>126.48</heading>
					<tilt>72.0</tilt>
					<roll>0</roll>
					<altitudeMode>relativeToGround</altitudeMode>
				</Camera>
			</gx:FlyTo>
			<gx:FlyTo>
				<gx:duration>0.53</gx:duration>
				<gx:flyToMode>smooth</gx:flyToMode>
				<Camera>
					<longitude>-122.2556711396</longitude>
					<latitude>37.8692519055</latitude>
					<altitude>38.0</altitude>
					<heading>119.82</heading>
					<tilt>72.0</tilt>
					<roll>0</roll>
					<altitudeMode>relativeToGround</altitudeMode>
				</Camera>
			</gx:FlyTo>
			<gx:FlyTo>
				<gx:duration>0.40</gx:duration>
				<gx:flyToMode>smooth</gx:flyToMode>
				<Camera>
					<longitude>-122.2557058866</longitude>
					<latitude>37.8691955814</latitude>
					<altitude>37.7</altitude>
					<heading>113.15</heading>
					<tilt>72.3</tilt>
					<roll>0</roll>
					<altitudeMode>relativeToGround</altitudeMode>
				</Camera>
			</gx:FlyTo>
			<gx:FlyTo>
				<gx:duration>0.40</gx:duration>
				<gx:flyToMode>smooth</gx:flyToMode>
				<Camera>
					<longitude>-122.2557308750</longitude>
					<latitude>37.8691362324</latitude>
					<altitude>37.0</altitude>
					<heading>106.48</heading>
					<tilt>73.2</tilt>
					<roll>0</roll>
					<altitudeMode>relativeToGround</altitudeMode>
				</Camera>
			</gx:FlyTo>
			<gx:FlyTo>
				<gx:duration>0.40</gx:duration>
				<gx:flyToMode>smooth</gx:flyToMode>
				<Camera>
					<longitude>-122.2557459175</longitude>
					<latitude>37.8690750356</latitude>
					<altitude>36.0</altitude>
					<heading>99.82</heading>
					<tilt>74.5</tilt>
					<roll>0</roll>
					<altitudeMode>relativeToGround</altitudeMode>
				</Camera>
			</gx:FlyTo>
			<gx:FlyTo>
				<gx:duration>0.40</gx:duration>
				<gx:flyToMode>smooth</gx:flyToMode>
				<Camera>
					<longitude>-122.2557510621</longitude>
					<latitude>37.8690131140</latitude>
					<altitude>34.6</altitude>
					<heading>93.15</heading>
					<tilt>76.1</tilt>
					<roll>0</roll>
					<altitudeMode>relativeToGround</altitudeMode>
				</Camera>
			</gx:FlyTo>
			<gx:FlyTo>
				<gx:duration>0.40</gx:duration>
				<gx:flyToMode>smooth</gx:flyToMode>
				<Camera>
					<longitude>-122.2557465622</longitude>
					<latitude>37.8689515084</latitude>
					<altitude>33.1</altitude>
					<heading>86.48</heading>
					<tilt>78.0</tilt>
					<roll>0</roll>
					<altitudeMode>relativeToGround</altitudeMode>
				</Camera>
			</gx:FlyTo>
			<gx:FlyTo>
				<gx:duration>0.40</gx:duration>
				<gx:flyToMode>smooth</gx:flyToMode>
				<Camera>
					<longitude>-122.2557328432</longitude>
					<latitude>37.8688911549</latitude>
					<altitude>31.5</altitude>
					<heading>79.82</heading>
					<tilt>80.0</tilt>
					<roll>0</roll>
					<altitudeMode>relativeToGround</altitudeMode>
				</Camera>
			</gx:FlyTo>
			<gx:FlyTo>
				<gx:duration>0.40</gx:duration>
				<gx:flyToMode>smooth</gx:flyToMode>
				<Camera>
					<longitude>-122.2557104638</longitude>
					<latitude>37.8688328693</latitude>
					<altitude>29.9</altitude>
					<heading>73.15</heading>
					<tilt>82.0</tilt>
					<roll>0</roll>
					<altitudeMode>relativeToGround</altitudeMode>
				</Camera>
			</gx:FlyTo>
			<gx:FlyTo>
				<gx:duration>0.40</gx:duration>
				<gx:flyToMode>smooth</gx:flyToMode>
				<Camera>
					<longitude>-122.2556800769</longitude>
					<latitude>37.8687773376</latitude>
					<altitude>28.4</altitude>
					<heading>66.48</heading>
					<tilt>83.9</tilt>
					<roll>0</roll>
					<altitudeMode>relativeToGround</altitudeMode>
				</Camera>
			</gx:FlyTo>
			<gx:FlyTo>
				<gx:duration>0.40</gx:duration>
				<gx:flyToMode>smooth</gx:flyToMode>
				<Camera>
					<longitude>-122.2556423895</longitude>
					<latitude>37.8687251141</latitude>
					<altitude>27.0</altitude>
					<heading>59.82</heading>
					<tilt>85.5</tilt>
					<roll>0</roll>
					<altitudeMode>relativeToGround</altitudeMode>
				</Camera>
			</gx:FlyTo>
			<gx:FlyTo>
				<gx:duration>0.40</gx:duration>
				<gx:flyToMode>smooth</gx:flyToMode>
				<Camera>
					<longitude>-122.2555981246</longitude>
					<latitude>37.8686766255</latitude>
					<altitude>26.0</altitude>
					<heading>53.15</heading>
					<tilt>86.8</tilt>
					<roll>0</roll>
					<altitudeMode>relativeToGround</altitudeMode>
				</Camera>
			</gx:FlyTo>
			<gx:FlyTo>
				<gx:duration>0.40</gx:duration>
				<gx:flyToMode>smooth</gx:flyToMode>
				<Camera>
					<longitude>-122.2555479860</longitude>
					<latitude>37.8686321816</latitude>
					<altitude>25.3</altitude>
					<heading>46.48</heading>
					<tilt>87.7</tilt>
					<roll>0</roll>
					<altitudeMode>relativeToGround</altitudeMode>
				</Camera>
			</gx:FlyTo>
			<gx:FlyTo>
				<gx:duration>0.40</gx:duration>
				<gx:flyToMode>smooth</gx:flyToMode>
				<Camera>
					<longitude>-122.2554926280</longitude>
					<latitude>37.8685919910</latitude>
					<altitude>25.0</altitude>
					<heading>39.82</heading>
					<tilt>88.0</tilt>
					<roll>0</roll>
					<altitudeMode>relativeToGround</altitudeMode>
				</Camera>
			</gx:FlyTo>
			<gx:FlyTo>
				<gx:duration>2.93</gx:duration>
				<gx:flyToMode>smooth</gx:flyToMode>
				<Camera>
					<longitude>-122.2554926280</longitude>
					<latitude>37.8685919910</latitude>
					<altitude>25.0</altitude>
					<heading>86.18</heading>
					<tilt>88.0</tilt>
					<roll>0</roll>
					<altitudeMode>relativeToGround</altitudeMode>
				</Camera>
			</gx:FlyTo>
			<gx:FlyTo>
				<gx:duration>2.93</gx:duration>
				<gx:flyToMode>smooth</gx:flyToMode>
				<Camera>
					<longitude>-122.2550926280</longitude>
					<latitude>37.8686130921</latitude>
					<altitude>25.0</altitude>
					<heading>86.18</heading>
					<tilt>88.0</tilt>
					<roll>0</roll>
					<altitudeMode>relativeToGround</altitudeMode>
				</Camera>
			</gx:FlyTo>
			<gx:FlyTo>
				<gx:duration>2.93</gx:duration>
				<gx:flyToMode>smooth</gx:flyToMode>
				<Camera>
					<longitude>-122.2546926280</longitude>
					<latitude>37.8686341933</latitude>
					<altitude>25.0</altitude>
					<heading>86.18</heading>
					<tilt>88.0</tilt>
					<roll>0</roll>
					<altitudeMode>relativeToGround</altitudeMode>
				</Camera>
			</gx:FlyTo>
			<gx:FlyTo>
				<gx:duration>2.96</gx:duration>
				<gx:flyToMode>smooth</gx:flyToMode>
				<Camera>
					<longitude>-122.2542926280</longitude>
					<latitude>37.8685876843</latitude>
					<altitude>25.0</altitude>
					<heading>98.38</heading>
					<tilt>88.0</tilt>
					<roll>0</roll>
					<altitudeMode>relativeToGround</altitudeMode>
				</Camera>
			</gx:FlyTo>
			<gx:FlyTo>
				<gx:duration>2.96</gx:duration>
				<gx:flyToMode>smooth</gx:flyToMode>
				<Camera>
					<longitude>-122.2538926280</longitude>
					<latitude>37.8685411752</latitude>
					<altitude>25.0</altitude>
					<heading>98.38</heading>
					<tilt>88.0</tilt>
					<roll>0</roll>
					<altitudeMode>relativeToGround</altitudeMode>
				</Camera>
			</gx:FlyTo>
			<gx:FlyTo>
				<gx:duration>2.96</gx:duration>
				<gx:flyToMode>smooth</gx:flyToMode>
				<Camera>
					<longitude>-122.2534926280</longitude>
					<latitude>37.8684946662</latitude>
					<altitude>25.0</altitude>
					<heading>98.38</heading>
					<tilt>88.0</tilt>
					<roll>0</roll>
					<altitudeMode>relativeToGround</altitudeMode>
				</Camera>
			</gx:FlyTo>
		</gx:Playlist>
	</gx:Tour>
</Document>
</kml>
