<?xml version="1.0" encoding="UTF-8"?>
<kml xmlns="http://www.opengis.net/kml/2.2" xmlns:gx="http://www.google.com/kml/ext/2.2">
<Document>
	<name>University Ave W-to-E · I-80 to campus · swoop · 08-27 20:34 · cp-479ece</name>
	<description><![CDATA[Generated by scripts/gen_corridor_tour.py from University-880-UC.kml (9 control points). Cruise 25 m; orbits at roof + 10 m, derived from the current extrusion height in geometry.kml. Camera-only: load alongside the geometry, or run build_tour_package.py to splice. SWOOP APPLIED by scripts/add_intro_swoop.py: 8s hold 50m back / 75m up, descend 4s, mirrored close beyond the end. RE-RUNNING gen_corridor_tour.py FOR THIS CORRIDOR REMOVES IT -- re-apply this script after.]]></description>
	<gx:Tour>
		<name>University Ave W-to-E · I-80 to campus · swoop · 08-27 20:34 · cp-479ece</name>
		<gx:Playlist>
<!--SWOOP-INTRO-->
			<gx:FlyTo>
				<gx:duration>0.10</gx:duration>
				<gx:flyToMode>bounce</gx:flyToMode>
				<Camera>
					<longitude>-122.3034314852</longitude>
					<latitude>37.8671476847</latitude>
					<altitude>100.0</altitude>
					<heading>267.74</heading>
					<tilt>69.4</tilt>
					<roll>0</roll>
					<altitudeMode>relativeToGround</altitudeMode>
				</Camera>
			</gx:FlyTo>
			<gx:Wait><gx:duration>8.00</gx:duration></gx:Wait>
			<gx:FlyTo>
				<gx:duration>4.00</gx:duration>
				<gx:flyToMode>smooth</gx:flyToMode>
				<Camera>
					<longitude>-122.3040000000</longitude>
					<latitude>37.8671299726</latitude>
					<altitude>25.0</altitude>
					<heading>267.74</heading>
					<tilt>88.0</tilt>
					<roll>0</roll>
					<altitudeMode>relativeToGround</altitudeMode>
				</Camera>
			</gx:FlyTo>
<!--/SWOOP-INTRO-->
			<gx:FlyTo>
				<gx:duration>0.10</gx:duration>
				<gx:flyToMode>bounce</gx:flyToMode>
				<Camera>
					<longitude>-122.3040000000</longitude>
					<latitude>37.8671299726</latitude>
					<altitude>25.0</altitude>
					<heading>267.74</heading>
					<tilt>88.0</tilt>
					<roll>0</roll>
					<altitudeMode>relativeToGround</altitudeMode>
				</Camera>
			</gx:FlyTo>
			<gx:FlyTo>
				<gx:duration>3.42</gx:duration>
				<gx:flyToMode>smooth</gx:flyToMode>
				<Camera>
					<longitude>-122.3044666667</longitude>
					<latitude>37.8671154593</latitude>
					<altitude>25.0</altitude>
					<heading>267.74</heading>
					<tilt>88.0</tilt>
					<roll>0</roll>
					<altitudeMode>relativeToGround</altitudeMode>
				</Camera>
			</gx:FlyTo>
			<gx:FlyTo>
				<gx:duration>3.42</gx:duration>
				<gx:flyToMode>smooth</gx:flyToMode>
				<Camera>
					<longitude>-122.3049333333</longitude>
					<latitude>37.8671009459</latitude>
					<altitude>25.0</altitude>
					<heading>267.74</heading>
					<tilt>88.0</tilt>
					<roll>0</roll>
					<altitudeMode>relativeToGround</altitudeMode>
				</Camera>
			</gx:FlyTo>
			<gx:FlyTo>
				<gx:duration>3.42</gx:duration>
				<gx:flyToMode>smooth</gx:flyToMode>
				<Camera>
					<longitude>-122.3054000000</longitude>
					<latitude>37.8670864326</latitude>
					<altitude>25.0</altitude>
					<heading>267.74</heading>
					<tilt>88.0</tilt>
					<roll>0</roll>
					<altitudeMode>relativeToGround</altitudeMode>
				</Camera>
			</gx:FlyTo>
			<gx:FlyTo>
				<gx:duration>3.42</gx:duration>
				<gx:flyToMode>smooth</gx:flyToMode>
				<Camera>
					<longitude>-122.3058666667</longitude>
					<latitude>37.8670719193</latitude>
					<altitude>25.0</altitude>
					<heading>267.74</heading>
					<tilt>88.0</tilt>
					<roll>0</roll>
					<altitudeMode>relativeToGround</altitudeMode>
				</Camera>
			</gx:FlyTo>
			<gx:FlyTo>
				<gx:duration>3.42</gx:duration>
				<gx:flyToMode>smooth</gx:flyToMode>
				<Camera>
					<longitude>-122.3063333333</longitude>
					<latitude>37.8670574059</latitude>
					<altitude>25.0</altitude>
					<heading>267.74</heading>
					<tilt>88.0</tilt>
					<roll>0</roll>
					<altitudeMode>relativeToGround</altitudeMode>
				</Camera>
			</gx:FlyTo>
			<gx:FlyTo>
				<gx:duration>3.42</gx:duration>
				<gx:flyToMode>smooth</gx:flyToMode>
				<Camera>
					<longitude>-122.3068000000</longitude>
					<latitude>37.8670428926</latitude>
					<altitude>25.0</altitude>
					<heading>267.74</heading>
					<tilt>88.0</tilt>
					<roll>0</roll>
					<altitudeMode>relativeToGround</altitudeMode>
				</Camera>
			</gx:FlyTo>
			<gx:FlyTo>
				<gx:duration>3.29</gx:duration>
				<gx:flyToMode>smooth</gx:flyToMode>
				<Camera>
					<longitude>-122.3072500000</longitude>
					<latitude>37.8670288976</latitude>
					<altitude>25.0</altitude>
					<heading>267.74</heading>
					<tilt>88.0</tilt>
					<roll>0</roll>
					<altitudeMode>relativeToGround</altitudeMode>
				</Camera>
			</gx:FlyTo>
			<gx:FlyTo>
				<gx:duration>3.29</gx:duration>
				<gx:flyToMode>smooth</gx:flyToMode>
				<Camera>
					<longitude>-122.3077000000</longitude>
					<latitude>37.8670149026</latitude>
					<altitude>25.0</altitude>
					<heading>267.74</heading>
					<tilt>88.0</tilt>
					<roll>0</roll>
					<altitudeMode>relativeToGround</altitudeMode>
				</Camera>
			</gx:FlyTo>
			<gx:FlyTo>
				<gx:duration>3.29</gx:duration>
				<gx:flyToMode>smooth</gx:flyToMode>
				<Camera>
					<longitude>-122.3081500000</longitude>
					<latitude>37.8670009076</latitude>
					<altitude>25.0</altitude>
					<heading>267.74</heading>
					<tilt>88.0</tilt>
					<roll>0</roll>
					<altitudeMode>relativeToGround</altitudeMode>
				</Camera>
			</gx:FlyTo>
			<gx:FlyTo>
				<gx:duration>3.29</gx:duration>
				<gx:flyToMode>smooth</gx:flyToMode>
				<Camera>
					<longitude>-122.3086000000</longitude>
					<latitude>37.8669869126</latitude>
					<altitude>25.0</altitude>
					<heading>267.74</heading>
					<tilt>88.0</tilt>
					<roll>0</roll>
					<altitudeMode>relativeToGround</altitudeMode>
				</Camera>
			</gx:FlyTo>
			<gx:FlyTo>
				<gx:duration>3.29</gx:duration>
				<gx:flyToMode>smooth</gx:flyToMode>
				<Camera>
					<longitude>-122.3090500000</longitude>
					<latitude>37.8669729176</latitude>
					<altitude>25.0</altitude>
					<heading>267.74</heading>
					<tilt>88.0</tilt>
					<roll>0</roll>
					<altitudeMode>relativeToGround</altitudeMode>
				</Camera>
			</gx:FlyTo>
			<gx:FlyTo>
				<gx:duration>3.29</gx:duration>
				<gx:flyToMode>smooth</gx:flyToMode>
				<Camera>
					<longitude>-122.3095000000</longitude>
					<latitude>37.8669589226</latitude>
					<altitude>25.0</altitude>
					<heading>267.74</heading>
					<tilt>88.0</tilt>
					<roll>0</roll>
					<altitudeMode>relativeToGround</altitudeMode>
				</Camera>
			</gx:FlyTo>
			<gx:FlyTo>
				<gx:duration>3.38</gx:duration>
				<gx:flyToMode>smooth</gx:flyToMode>
				<Camera>
					<longitude>-122.3090383023</longitude>
					<latitude>37.8669732814</latitude>
					<altitude>25.0</altitude>
					<heading>87.74</heading>
					<tilt>88.0</tilt>
					<roll>0</roll>
					<altitudeMode>relativeToGround</altitudeMode>
				</Camera>
			</gx:FlyTo>
			<gx:FlyTo>
				<gx:duration>3.38</gx:duration>
				<gx:flyToMode>smooth</gx:flyToMode>
				<Camera>
					<longitude>-122.3085766046</longitude>
					<latitude>37.8669876402</latitude>
					<altitude>25.0</altitude>
					<heading>87.74</heading>
					<tilt>88.0</tilt>
					<roll>0</roll>
					<altitudeMode>relativeToGround</altitudeMode>
				</Camera>
			</gx:FlyTo>
			<gx:FlyTo>
				<gx:duration>3.38</gx:duration>
				<gx:flyToMode>smooth</gx:flyToMode>
				<Camera>
					<longitude>-122.3081149069</longitude>
					<latitude>37.8670019990</latitude>
					<altitude>25.0</altitude>
					<heading>87.74</heading>
					<tilt>88.0</tilt>
					<roll>0</roll>
					<altitudeMode>relativeToGround</altitudeMode>
				</Camera>
			</gx:FlyTo>
			<gx:FlyTo>
				<gx:duration>3.38</gx:duration>
				<gx:flyToMode>smooth</gx:flyToMode>
				<Camera>
					<longitude>-122.3076532093</longitude>
					<latitude>37.8670163578</latitude>
					<altitude>25.0</altitude>
					<heading>87.74</heading>
					<tilt>88.0</tilt>
					<roll>0</roll>
					<altitudeMode>relativeToGround</altitudeMode>
				</Camera>
			</gx:FlyTo>
			<gx:FlyTo>
				<gx:duration>3.38</gx:duration>
				<gx:flyToMode>smooth</gx:flyToMode>
				<Camera>
					<longitude>-122.3071915116</longitude>
					<latitude>37.8670307166</latitude>
					<altitude>25.0</altitude>
					<heading>87.74</heading>
					<tilt>88.0</tilt>
					<roll>0</roll>
					<altitudeMode>relativeToGround</altitudeMode>
				</Camera>
			</gx:FlyTo>
			<gx:FlyTo>
				<gx:duration>3.38</gx:duration>
				<gx:flyToMode>smooth</gx:flyToMode>
				<Camera>
					<longitude>-122.3067298139</longitude>
					<latitude>37.8670450754</latitude>
					<altitude>25.0</altitude>
					<heading>87.74</heading>
					<tilt>88.0</tilt>
					<roll>0</roll>
					<altitudeMode>relativeToGround</altitudeMode>
				</Camera>
			</gx:FlyTo>
			<gx:FlyTo>
				<gx:duration>3.38</gx:duration>
				<gx:flyToMode>smooth</gx:flyToMode>
				<Camera>
					<longitude>-122.3062681162</longitude>
					<latitude>37.8670594342</latitude>
					<altitude>25.0</altitude>
					<heading>87.74</heading>
					<tilt>88.0</tilt>
					<roll>0</roll>
					<altitudeMode>relativeToGround</altitudeMode>
				</Camera>
			</gx:FlyTo>
			<gx:FlyTo>
				<gx:duration>3.38</gx:duration>
				<gx:flyToMode>smooth</gx:flyToMode>
				<Camera>
					<longitude>-122.3058064185</longitude>
					<latitude>37.8670737930</latitude>
					<altitude>25.0</altitude>
					<heading>87.74</heading>
					<tilt>88.0</tilt>
					<roll>0</roll>
					<altitudeMode>relativeToGround</altitudeMode>
				</Camera>
			</gx:FlyTo>
			<gx:FlyTo>
				<gx:duration>3.38</gx:duration>
				<gx:flyToMode>smooth</gx:flyToMode>
				<Camera>
					<longitude>-122.3053447208</longitude>
					<latitude>37.8670881518</latitude>
					<altitude>25.0</altitude>
					<heading>87.74</heading>
					<tilt>88.0</tilt>
					<roll>0</roll>
					<altitudeMode>relativeToGround</altitudeMode>
				</Camera>
			</gx:FlyTo>
			<gx:FlyTo>
				<gx:duration>3.38</gx:duration>
				<gx:flyToMode>smooth</gx:flyToMode>
				<Camera>
					<longitude>-122.3048830232</longitude>
					<latitude>37.8671025106</latitude>
					<altitude>25.0</altitude>
					<heading>87.74</heading>
					<tilt>88.0</tilt>
					<roll>0</roll>
					<altitudeMode>relativeToGround</altitudeMode>
				</Camera>
			</gx:FlyTo>
			<gx:FlyTo>
				<gx:duration>3.38</gx:duration>
				<gx:flyToMode>smooth</gx:flyToMode>
				<Camera>
					<longitude>-122.3044213255</longitude>
					<latitude>37.8671168694</latitude>
					<altitude>25.0</altitude>
					<heading>87.74</heading>
					<tilt>88.0</tilt>
					<roll>0</roll>
					<altitudeMode>relativeToGround</altitudeMode>
				</Camera>
			</gx:FlyTo>
			<gx:FlyTo>
				<gx:duration>3.38</gx:duration>
				<gx:flyToMode>smooth</gx:flyToMode>
				<Camera>
					<longitude>-122.3039596278</longitude>
					<latitude>37.8671312282</latitude>
					<altitude>25.0</altitude>
					<heading>87.74</heading>
					<tilt>88.0</tilt>
					<roll>0</roll>
					<altitudeMode>relativeToGround</altitudeMode>
				</Camera>
			</gx:FlyTo>
			<gx:FlyTo>
				<gx:duration>3.38</gx:duration>
				<gx:flyToMode>smooth</gx:flyToMode>
				<Camera>
					<longitude>-122.3034979301</longitude>
					<latitude>37.8671455870</latitude>
					<altitude>25.0</altitude>
					<heading>87.74</heading>
					<tilt>88.0</tilt>
					<roll>0</roll>
					<altitudeMode>relativeToGround</altitudeMode>
				</Camera>
			</gx:FlyTo>
			<gx:FlyTo>
				<gx:duration>3.38</gx:duration>
				<gx:flyToMode>smooth</gx:flyToMode>
				<Camera>
					<longitude>-122.3030362324</longitude>
					<latitude>37.8671599458</latitude>
					<altitude>25.0</altitude>
					<heading>87.74</heading>
					<tilt>88.0</tilt>
					<roll>0</roll>
					<altitudeMode>relativeToGround</altitudeMode>
				</Camera>
			</gx:FlyTo>
			<gx:FlyTo>
				<gx:duration>3.38</gx:duration>
				<gx:flyToMode>smooth</gx:flyToMode>
				<Camera>
					<longitude>-122.3025745347</longitude>
					<latitude>37.8671743046</latitude>
					<altitude>25.0</altitude>
					<heading>87.74</heading>
					<tilt>88.0</tilt>
					<roll>0</roll>
					<altitudeMode>relativeToGround</altitudeMode>
				</Camera>
			</gx:FlyTo>
			<gx:FlyTo>
				<gx:duration>3.38</gx:duration>
				<gx:flyToMode>smooth</gx:flyToMode>
				<Camera>
					<longitude>-122.3021128371</longitude>
					<latitude>37.8671886634</latitude>
					<altitude>25.0</altitude>
					<heading>87.74</heading>
					<tilt>88.0</tilt>
					<roll>0</roll>
					<altitudeMode>relativeToGround</altitudeMode>
				</Camera>
			</gx:FlyTo>
			<gx:FlyTo>
				<gx:duration>3.38</gx:duration>
				<gx:flyToMode>smooth</gx:flyToMode>
				<Camera>
					<longitude>-122.3016511394</longitude>
					<latitude>37.8672030222</latitude>
					<altitude>25.0</altitude>
					<heading>87.74</heading>
					<tilt>88.0</tilt>
					<roll>0</roll>
					<altitudeMode>relativeToGround</altitudeMode>
				</Camera>
			</gx:FlyTo>
			<gx:FlyTo>
				<gx:duration>3.18</gx:duration>
				<gx:flyToMode>smooth</gx:flyToMode>
				<Camera>
					<longitude>-122.3012300119</longitude>
					<latitude>37.8672880991</latitude>
					<altitude>25.0</altitude>
					<heading>75.64</heading>
					<tilt>88.0</tilt>
					<roll>0</roll>
					<altitudeMode>relativeToGround</altitudeMode>
				</Camera>
			</gx:FlyTo>
			<gx:FlyTo>
				<gx:duration>3.18</gx:duration>
				<gx:flyToMode>smooth</gx:flyToMode>
				<Camera>
					<longitude>-122.3008088845</longitude>
					<latitude>37.8673731760</latitude>
					<altitude>25.0</altitude>
					<heading>75.64</heading>
					<tilt>88.0</tilt>
					<roll>0</roll>
					<altitudeMode>relativeToGround</altitudeMode>
				</Camera>
			</gx:FlyTo>
			<gx:FlyTo>
				<gx:duration>3.18</gx:duration>
				<gx:flyToMode>smooth</gx:flyToMode>
				<Camera>
					<longitude>-122.3003877571</longitude>
					<latitude>37.8674582529</latitude>
					<altitude>25.0</altitude>
					<heading>75.64</heading>
					<tilt>88.0</tilt>
					<roll>0</roll>
					<altitudeMode>relativeToGround</altitudeMode>
				</Camera>
			</gx:FlyTo>
			<gx:FlyTo>
				<gx:duration>3.18</gx:duration>
				<gx:flyToMode>smooth</gx:flyToMode>
				<Camera>
					<longitude>-122.2999666296</longitude>
					<latitude>37.8675433299</latitude>
					<altitude>25.0</altitude>
					<heading>75.64</heading>
					<tilt>88.0</tilt>
					<roll>0</roll>
					<altitudeMode>relativeToGround</altitudeMode>
				</Camera>
			</gx:FlyTo>
			<gx:FlyTo>
				<gx:duration>3.18</gx:duration>
				<gx:flyToMode>smooth</gx:flyToMode>
				<Camera>
					<longitude>-122.2995455022</longitude>
					<latitude>37.8676284068</latitude>
					<altitude>25.0</altitude>
					<heading>75.64</heading>
					<tilt>88.0</tilt>
					<roll>0</roll>
					<altitudeMode>relativeToGround</altitudeMode>
				</Camera>
			</gx:FlyTo>
			<gx:FlyTo>
				<gx:duration>3.18</gx:duration>
				<gx:flyToMode>smooth</gx:flyToMode>
				<Camera>
					<longitude>-122.2991243748</longitude>
					<latitude>37.8677134837</latitude>
					<altitude>25.0</altitude>
					<heading>75.64</heading>
					<tilt>88.0</tilt>
					<roll>0</roll>
					<altitudeMode>relativeToGround</altitudeMode>
				</Camera>
			</gx:FlyTo>
			<gx:FlyTo>
				<gx:duration>3.18</gx:duration>
				<gx:flyToMode>smooth</gx:flyToMode>
				<Camera>
					<longitude>-122.2987032473</longitude>
					<latitude>37.8677985607</latitude>
					<altitude>25.0</altitude>
					<heading>75.64</heading>
					<tilt>88.0</tilt>
					<roll>0</roll>
					<altitudeMode>relativeToGround</altitudeMode>
				</Camera>
			</gx:FlyTo>
			<gx:FlyTo>
				<gx:duration>3.18</gx:duration>
				<gx:flyToMode>smooth</gx:flyToMode>
				<Camera>
					<longitude>-122.2982821199</longitude>
					<latitude>37.8678836376</latitude>
					<altitude>25.0</altitude>
					<heading>75.64</heading>
					<tilt>88.0</tilt>
					<roll>0</roll>
					<altitudeMode>relativeToGround</altitudeMode>
				</Camera>
			</gx:FlyTo>
			<gx:FlyTo>
				<gx:duration>3.18</gx:duration>
				<gx:flyToMode>smooth</gx:flyToMode>
				<Camera>
					<longitude>-122.2978609924</longitude>
					<latitude>37.8679687145</latitude>
					<altitude>25.0</altitude>
					<heading>75.64</heading>
					<tilt>88.0</tilt>
					<roll>0</roll>
					<altitudeMode>relativeToGround</altitudeMode>
				</Camera>
			</gx:FlyTo>
			<gx:FlyTo>
				<gx:duration>3.46</gx:duration>
				<gx:flyToMode>smooth</gx:flyToMode>
				<Camera>
					<longitude>-122.2974032607</longitude>
					<latitude>37.8680614791</latitude>
					<altitude>25.0</altitude>
					<heading>75.60</heading>
					<tilt>88.0</tilt>
					<roll>0</roll>
					<altitudeMode>relativeToGround</altitudeMode>
				</Camera>
			</gx:FlyTo>
			<gx:FlyTo>
				<gx:duration>3.46</gx:duration>
				<gx:flyToMode>smooth</gx:flyToMode>
				<Camera>
					<longitude>-122.2969455289</longitude>
					<latitude>37.8681542436</latitude>
					<altitude>25.0</altitude>
					<heading>75.60</heading>
					<tilt>88.0</tilt>
					<roll>0</roll>
					<altitudeMode>relativeToGround</altitudeMode>
				</Camera>
			</gx:FlyTo>
			<gx:FlyTo>
				<gx:duration>3.46</gx:duration>
				<gx:flyToMode>smooth</gx:flyToMode>
				<Camera>
					<longitude>-122.2964877971</longitude>
					<latitude>37.8682470082</latitude>
					<altitude>25.0</altitude>
					<heading>75.60</heading>
					<tilt>88.0</tilt>
					<roll>0</roll>
					<altitudeMode>relativeToGround</altitudeMode>
				</Camera>
			</gx:FlyTo>
			<gx:FlyTo>
				<gx:duration>3.46</gx:duration>
				<gx:flyToMode>smooth</gx:flyToMode>
				<Camera>
					<longitude>-122.2960300653</longitude>
					<latitude>37.8683397727</latitude>
					<altitude>25.0</altitude>
					<heading>75.60</heading>
					<tilt>88.0</tilt>
					<roll>0</roll>
					<altitudeMode>relativeToGround</altitudeMode>
				</Camera>
			</gx:FlyTo>
			<gx:FlyTo>
				<gx:duration>3.46</gx:duration>
				<gx:flyToMode>smooth</gx:flyToMode>
				<Camera>
					<longitude>-122.2955723335</longitude>
					<latitude>37.8684325373</latitude>
					<altitude>25.0</altitude>
					<heading>75.60</heading>
					<tilt>88.0</tilt>
					<roll>0</roll>
					<altitudeMode>relativeToGround</altitudeMode>
				</Camera>
			</gx:FlyTo>
			<gx:FlyTo>
				<gx:duration>3.46</gx:duration>
				<gx:flyToMode>smooth</gx:flyToMode>
				<Camera>
					<longitude>-122.2951146017</longitude>
					<latitude>37.8685253018</latitude>
					<altitude>25.0</altitude>
					<heading>75.60</heading>
					<tilt>88.0</tilt>
					<roll>0</roll>
					<altitudeMode>relativeToGround</altitudeMode>
				</Camera>
			</gx:FlyTo>
			<gx:FlyTo>
				<gx:duration>3.46</gx:duration>
				<gx:flyToMode>smooth</gx:flyToMode>
				<Camera>
					<longitude>-122.2946568699</longitude>
					<latitude>37.8686180664</latitude>
					<altitude>25.0</altitude>
					<heading>75.60</heading>
					<tilt>88.0</tilt>
					<roll>0</roll>
					<altitudeMode>relativeToGround</altitudeMode>
				</Camera>
			</gx:FlyTo>
			<gx:FlyTo>
				<gx:duration>3.46</gx:duration>
				<gx:flyToMode>smooth</gx:flyToMode>
				<Camera>
					<longitude>-122.2941991381</longitude>
					<latitude>37.8687108310</latitude>
					<altitude>25.0</altitude>
					<heading>75.60</heading>
					<tilt>88.0</tilt>
					<roll>0</roll>
					<altitudeMode>relativeToGround</altitudeMode>
				</Camera>
			</gx:FlyTo>
			<gx:FlyTo>
				<gx:duration>3.46</gx:duration>
				<gx:flyToMode>smooth</gx:flyToMode>
				<Camera>
					<longitude>-122.2937414063</longitude>
					<latitude>37.8688035955</latitude>
					<altitude>25.0</altitude>
					<heading>75.60</heading>
					<tilt>88.0</tilt>
					<roll>0</roll>
					<altitudeMode>relativeToGround</altitudeMode>
				</Camera>
			</gx:FlyTo>
			<gx:FlyTo>
				<gx:duration>3.46</gx:duration>
				<gx:flyToMode>smooth</gx:flyToMode>
				<Camera>
					<longitude>-122.2932836745</longitude>
					<latitude>37.8688963601</latitude>
					<altitude>25.0</altitude>
					<heading>75.60</heading>
					<tilt>88.0</tilt>
					<roll>0</roll>
					<altitudeMode>relativeToGround</altitudeMode>
				</Camera>
			</gx:FlyTo>
			<gx:FlyTo>
				<gx:duration>3.46</gx:duration>
				<gx:flyToMode>smooth</gx:flyToMode>
				<Camera>
					<longitude>-122.2928259427</longitude>
					<latitude>37.8689891246</latitude>
					<altitude>25.0</altitude>
					<heading>75.60</heading>
					<tilt>88.0</tilt>
					<roll>0</roll>
					<altitudeMode>relativeToGround</altitudeMode>
				</Camera>
			</gx:FlyTo>
			<gx:FlyTo>
				<gx:duration>3.46</gx:duration>
				<gx:flyToMode>smooth</gx:flyToMode>
				<Camera>
					<longitude>-122.2923682109</longitude>
					<latitude>37.8690818892</latitude>
					<altitude>25.0</altitude>
					<heading>75.60</heading>
					<tilt>88.0</tilt>
					<roll>0</roll>
					<altitudeMode>relativeToGround</altitudeMode>
				</Camera>
			</gx:FlyTo>
			<gx:FlyTo>
				<gx:duration>3.29</gx:duration>
				<gx:flyToMode>smooth</gx:flyToMode>
				<Camera>
					<longitude>-122.2919240465</longitude>
					<latitude>37.8691396315</latitude>
					<altitude>25.0</altitude>
					<heading>80.65</heading>
					<tilt>88.0</tilt>
					<roll>0</roll>
					<altitudeMode>relativeToGround</altitudeMode>
				</Camera>
			</gx:FlyTo>
			<gx:FlyTo>
				<gx:duration>3.29</gx:duration>
				<gx:flyToMode>smooth</gx:flyToMode>
				<Camera>
					<longitude>-122.2914798820</longitude>
					<latitude>37.8691973738</latitude>
					<altitude>25.0</altitude>
					<heading>80.65</heading>
					<tilt>88.0</tilt>
					<roll>0</roll>
					<altitudeMode>relativeToGround</altitudeMode>
				</Camera>
			</gx:FlyTo>
			<gx:FlyTo>
				<gx:duration>3.29</gx:duration>
				<gx:flyToMode>smooth</gx:flyToMode>
				<Camera>
					<longitude>-122.2910357175</longitude>
					<latitude>37.8692551161</latitude>
					<altitude>25.0</altitude>
					<heading>80.65</heading>
					<tilt>88.0</tilt>
					<roll>0</roll>
					<altitudeMode>relativeToGround</altitudeMode>
				</Camera>
			</gx:FlyTo>
			<gx:FlyTo>
				<gx:duration>3.29</gx:duration>
				<gx:flyToMode>smooth</gx:flyToMode>
				<Camera>
					<longitude>-122.2905915530</longitude>
					<latitude>37.8693128585</latitude>
					<altitude>25.0</altitude>
					<heading>80.65</heading>
					<tilt>88.0</tilt>
					<roll>0</roll>
					<altitudeMode>relativeToGround</altitudeMode>
				</Camera>
			</gx:FlyTo>
			<gx:FlyTo>
				<gx:duration>3.29</gx:duration>
				<gx:flyToMode>smooth</gx:flyToMode>
				<Camera>
					<longitude>-122.2901473885</longitude>
					<latitude>37.8693706008</latitude>
					<altitude>25.0</altitude>
					<heading>80.65</heading>
					<tilt>88.0</tilt>
					<roll>0</roll>
					<altitudeMode>relativeToGround</altitudeMode>
				</Camera>
			</gx:FlyTo>
			<gx:FlyTo>
				<gx:duration>3.29</gx:duration>
				<gx:flyToMode>smooth</gx:flyToMode>
				<Camera>
					<longitude>-122.2897032240</longitude>
					<latitude>37.8694283431</latitude>
					<altitude>25.0</altitude>
					<heading>80.65</heading>
					<tilt>88.0</tilt>
					<roll>0</roll>
					<altitudeMode>relativeToGround</altitudeMode>
				</Camera>
			</gx:FlyTo>
			<gx:FlyTo>
				<gx:duration>3.29</gx:duration>
				<gx:flyToMode>smooth</gx:flyToMode>
				<Camera>
					<longitude>-122.2892590595</longitude>
					<latitude>37.8694860854</latitude>
					<altitude>25.0</altitude>
					<heading>80.65</heading>
					<tilt>88.0</tilt>
					<roll>0</roll>
					<altitudeMode>relativeToGround</altitudeMode>
				</Camera>
			</gx:FlyTo>
			<gx:FlyTo>
				<gx:duration>3.29</gx:duration>
				<gx:flyToMode>smooth</gx:flyToMode>
				<Camera>
					<longitude>-122.2888148950</longitude>
					<latitude>37.8695438277</latitude>
					<altitude>25.0</altitude>
					<heading>80.65</heading>
					<tilt>88.0</tilt>
					<roll>0</roll>
					<altitudeMode>relativeToGround</altitudeMode>
				</Camera>
			</gx:FlyTo>
			<gx:FlyTo>
				<gx:duration>3.29</gx:duration>
				<gx:flyToMode>smooth</gx:flyToMode>
				<Camera>
					<longitude>-122.2883707305</longitude>
					<latitude>37.8696015701</latitude>
					<altitude>25.0</altitude>
					<heading>80.65</heading>
					<tilt>88.0</tilt>
					<roll>0</roll>
					<altitudeMode>relativeToGround</altitudeMode>
				</Camera>
			</gx:FlyTo>
			<gx:FlyTo>
				<gx:duration>3.29</gx:duration>
				<gx:flyToMode>smooth</gx:flyToMode>
				<Camera>
					<longitude>-122.2879265660</longitude>
					<latitude>37.8696593124</latitude>
					<altitude>25.0</altitude>
					<heading>80.65</heading>
					<tilt>88.0</tilt>
					<roll>0</roll>
					<altitudeMode>relativeToGround</altitudeMode>
				</Camera>
			</gx:FlyTo>
			<gx:FlyTo>
				<gx:duration>3.29</gx:duration>
				<gx:flyToMode>smooth</gx:flyToMode>
				<Camera>
					<longitude>-122.2874824016</longitude>
					<latitude>37.8697170547</latitude>
					<altitude>25.0</altitude>
					<heading>80.65</heading>
					<tilt>88.0</tilt>
					<roll>0</roll>
					<altitudeMode>relativeToGround</altitudeMode>
				</Camera>
			</gx:FlyTo>
			<gx:FlyTo>
				<gx:duration>3.29</gx:duration>
				<gx:flyToMode>smooth</gx:flyToMode>
				<Camera>
					<longitude>-122.2870382371</longitude>
					<latitude>37.8697747970</latitude>
					<altitude>25.0</altitude>
					<heading>80.65</heading>
					<tilt>88.0</tilt>
					<roll>0</roll>
					<altitudeMode>relativeToGround</altitudeMode>
				</Camera>
			</gx:FlyTo>
			<gx:FlyTo>
				<gx:duration>3.29</gx:duration>
				<gx:flyToMode>smooth</gx:flyToMode>
				<Camera>
					<longitude>-122.2865940726</longitude>
					<latitude>37.8698325393</latitude>
					<altitude>25.0</altitude>
					<heading>80.65</heading>
					<tilt>88.0</tilt>
					<roll>0</roll>
					<altitudeMode>relativeToGround</altitudeMode>
				</Camera>
			</gx:FlyTo>
			<gx:FlyTo>
				<gx:duration>3.29</gx:duration>
				<gx:flyToMode>smooth</gx:flyToMode>
				<Camera>
					<longitude>-122.2861499081</longitude>
					<latitude>37.8698902817</latitude>
					<altitude>25.0</altitude>
					<heading>80.65</heading>
					<tilt>88.0</tilt>
					<roll>0</roll>
					<altitudeMode>relativeToGround</altitudeMode>
				</Camera>
			</gx:FlyTo>
			<gx:FlyTo>
				<gx:duration>3.29</gx:duration>
				<gx:flyToMode>smooth</gx:flyToMode>
				<Camera>
					<longitude>-122.2857057436</longitude>
					<latitude>37.8699480240</latitude>
					<altitude>25.0</altitude>
					<heading>80.65</heading>
					<tilt>88.0</tilt>
					<roll>0</roll>
					<altitudeMode>relativeToGround</altitudeMode>
				</Camera>
			</gx:FlyTo>
			<gx:FlyTo>
				<gx:duration>3.29</gx:duration>
				<gx:flyToMode>smooth</gx:flyToMode>
				<Camera>
					<longitude>-122.2852615791</longitude>
					<latitude>37.8700057663</latitude>
					<altitude>25.0</altitude>
					<heading>80.65</heading>
					<tilt>88.0</tilt>
					<roll>0</roll>
					<altitudeMode>relativeToGround</altitudeMode>
				</Camera>
			</gx:FlyTo>
			<gx:FlyTo>
				<gx:duration>3.29</gx:duration>
				<gx:flyToMode>smooth</gx:flyToMode>
				<Camera>
					<longitude>-122.2848174146</longitude>
					<latitude>37.8700635086</latitude>
					<altitude>25.0</altitude>
					<heading>80.65</heading>
					<tilt>88.0</tilt>
					<roll>0</roll>
					<altitudeMode>relativeToGround</altitudeMode>
				</Camera>
			</gx:FlyTo>
			<gx:FlyTo>
				<gx:duration>3.29</gx:duration>
				<gx:flyToMode>smooth</gx:flyToMode>
				<Camera>
					<longitude>-122.2843732501</longitude>
					<latitude>37.8701212509</latitude>
					<altitude>25.0</altitude>
					<heading>80.65</heading>
					<tilt>88.0</tilt>
					<roll>0</roll>
					<altitudeMode>relativeToGround</altitudeMode>
				</Camera>
			</gx:FlyTo>
			<gx:FlyTo>
				<gx:duration>3.29</gx:duration>
				<gx:flyToMode>smooth</gx:flyToMode>
				<Camera>
					<longitude>-122.2839290856</longitude>
					<latitude>37.8701789933</latitude>
					<altitude>25.0</altitude>
					<heading>80.65</heading>
					<tilt>88.0</tilt>
					<roll>0</roll>
					<altitudeMode>relativeToGround</altitudeMode>
				</Camera>
			</gx:FlyTo>
			<gx:FlyTo>
				<gx:duration>3.29</gx:duration>
				<gx:flyToMode>smooth</gx:flyToMode>
				<Camera>
					<longitude>-122.2834849211</longitude>
					<latitude>37.8702367356</latitude>
					<altitude>25.0</altitude>
					<heading>80.65</heading>
					<tilt>88.0</tilt>
					<roll>0</roll>
					<altitudeMode>relativeToGround</altitudeMode>
				</Camera>
			</gx:FlyTo>
			<gx:FlyTo>
				<gx:duration>3.29</gx:duration>
				<gx:flyToMode>smooth</gx:flyToMode>
				<Camera>
					<longitude>-122.2830407567</longitude>
					<latitude>37.8702944779</latitude>
					<altitude>25.0</altitude>
					<heading>80.65</heading>
					<tilt>88.0</tilt>
					<roll>0</roll>
					<altitudeMode>relativeToGround</altitudeMode>
				</Camera>
			</gx:FlyTo>
			<gx:FlyTo>
				<gx:duration>3.29</gx:duration>
				<gx:flyToMode>smooth</gx:flyToMode>
				<Camera>
					<longitude>-122.2825965922</longitude>
					<latitude>37.8703522202</latitude>
					<altitude>25.0</altitude>
					<heading>80.65</heading>
					<tilt>88.0</tilt>
					<roll>0</roll>
					<altitudeMode>relativeToGround</altitudeMode>
				</Camera>
			</gx:FlyTo>
			<gx:FlyTo>
				<gx:duration>3.29</gx:duration>
				<gx:flyToMode>smooth</gx:flyToMode>
				<Camera>
					<longitude>-122.2821524277</longitude>
					<latitude>37.8704099625</latitude>
					<altitude>25.0</altitude>
					<heading>80.65</heading>
					<tilt>88.0</tilt>
					<roll>0</roll>
					<altitudeMode>relativeToGround</altitudeMode>
				</Camera>
			</gx:FlyTo>
			<gx:FlyTo>
				<gx:duration>3.34</gx:duration>
				<gx:flyToMode>smooth</gx:flyToMode>
				<Camera>
					<longitude>-122.2817020083</longitude>
					<latitude>37.8704669586</latitude>
					<altitude>25.0</altitude>
					<heading>80.89</heading>
					<tilt>88.0</tilt>
					<roll>0</roll>
					<altitudeMode>relativeToGround</altitudeMode>
				</Camera>
			</gx:FlyTo>
			<gx:FlyTo>
				<gx:duration>3.34</gx:duration>
				<gx:flyToMode>smooth</gx:flyToMode>
				<Camera>
					<longitude>-122.2812515889</longitude>
					<latitude>37.8705239547</latitude>
					<altitude>25.0</altitude>
					<heading>80.89</heading>
					<tilt>88.0</tilt>
					<roll>0</roll>
					<altitudeMode>relativeToGround</altitudeMode>
				</Camera>
			</gx:FlyTo>
			<gx:FlyTo>
				<gx:duration>0.30</gx:duration>
				<gx:flyToMode>smooth</gx:flyToMode>
				<Camera>
					<longitude>-122.2807610102</longitude>
					<latitude>37.8705853892</latitude>
					<altitude>25.4</altitude>
					<heading>80.15</heading>
					<tilt>87.8</tilt>
					<roll>0</roll>
					<altitudeMode>relativeToGround</altitudeMode>
				</Camera>
			</gx:FlyTo>
			<gx:FlyTo>
				<gx:duration>0.30</gx:duration>
				<gx:flyToMode>smooth</gx:flyToMode>
				<Camera>
					<longitude>-122.2807223238</longitude>
					<latitude>37.8705859217</latitude>
					<altitude>26.4</altitude>
					<heading>77.83</heading>
					<tilt>87.3</tilt>
					<roll>0</roll>
					<altitudeMode>relativeToGround</altitudeMode>
				</Camera>
			</gx:FlyTo>
			<gx:FlyTo>
				<gx:duration>0.30</gx:duration>
				<gx:flyToMode>smooth</gx:flyToMode>
				<Camera>
					<longitude>-122.2806854853</longitude>
					<latitude>37.8705795463</latitude>
					<altitude>28.1</altitude>
					<heading>73.86</heading>
					<tilt>86.5</tilt>
					<roll>0</roll>
					<altitudeMode>relativeToGround</altitudeMode>
				</Camera>
			</gx:FlyTo>
			<gx:FlyTo>
				<gx:duration>0.30</gx:duration>
				<gx:flyToMode>smooth</gx:flyToMode>
				<Camera>
					<longitude>-122.2806494024</longitude>
					<latitude>37.8705649884</latitude>
					<altitude>30.2</altitude>
					<heading>68.21</heading>
					<tilt>85.5</tilt>
					<roll>0</roll>
					<altitudeMode>relativeToGround</altitudeMode>
				</Camera>
			</gx:FlyTo>
			<gx:FlyTo>
				<gx:duration>0.30</gx:duration>
				<gx:flyToMode>smooth</gx:flyToMode>
				<Camera>
					<longitude>-122.2806118732</longitude>
					<latitude>37.8705433064</latitude>
					<altitude>32.7</altitude>
					<heading>60.91</heading>
					<tilt>84.3</tilt>
					<roll>0</roll>
					<altitudeMode>relativeToGround</altitudeMode>
				</Camera>
			</gx:FlyTo>
			<gx:FlyTo>
				<gx:duration>0.30</gx:duration>
				<gx:flyToMode>smooth</gx:flyToMode>
				<Camera>
					<longitude>-122.2805704562</longitude>
					<latitude>37.8705181123</latitude>
					<altitude>35.5</altitude>
					<heading>52.05</heading>
					<tilt>82.9</tilt>
					<roll>0</roll>
					<altitudeMode>relativeToGround</altitudeMode>
				</Camera>
			</gx:FlyTo>
			<gx:FlyTo>
				<gx:duration>0.30</gx:duration>
				<gx:flyToMode>smooth</gx:flyToMode>
				<Camera>
					<longitude>-122.2805235922</longitude>
					<latitude>37.8704952991</latitude>
					<altitude>38.5</altitude>
					<heading>41.79</heading>
					<tilt>81.5</tilt>
					<roll>0</roll>
					<altitudeMode>relativeToGround</altitudeMode>
				</Camera>
			</gx:FlyTo>
			<gx:FlyTo>
				<gx:duration>0.30</gx:duration>
				<gx:flyToMode>smooth</gx:flyToMode>
				<Camera>
					<longitude>-122.2804716929</longitude>
					<latitude>37.8704822301</latitude>
					<altitude>41.6</altitude>
					<heading>30.32</heading>
					<tilt>80.0</tilt>
					<roll>0</roll>
					<altitudeMode>relativeToGround</altitudeMode>
				</Camera>
			</gx:FlyTo>
			<gx:FlyTo>
				<gx:duration>0.30</gx:duration>
				<gx:flyToMode>smooth</gx:flyToMode>
				<Camera>
					<longitude>-122.2804168811</longitude>
					<latitude>37.8704789017</latitude>
					<altitude>44.7</altitude>
					<heading>17.92</heading>
					<tilt>78.5</tilt>
					<roll>0</roll>
					<altitudeMode>relativeToGround</altitudeMode>
				</Camera>
			</gx:FlyTo>
			<gx:FlyTo>
				<gx:duration>0.30</gx:duration>
				<gx:flyToMode>smooth</gx:flyToMode>
				<Camera>
					<longitude>-122.2803603692</longitude>
					<latitude>37.8704806999</latitude>
					<altitude>47.7</altitude>
					<heading>4.91</heading>
					<tilt>77.1</tilt>
					<roll>0</roll>
					<altitudeMode>relativeToGround</altitudeMode>
				</Camera>
			</gx:FlyTo>
			<gx:FlyTo>
				<gx:duration>0.30</gx:duration>
				<gx:flyToMode>smooth</gx:flyToMode>
				<Camera>
					<longitude>-122.2803033970</longitude>
					<latitude>37.8704883024</latitude>
					<altitude>50.5</altitude>
					<heading>351.69</heading>
					<tilt>75.7</tilt>
					<roll>0</roll>
					<altitudeMode>relativeToGround</altitudeMode>
				</Camera>
			</gx:FlyTo>
			<gx:FlyTo>
				<gx:duration>0.30</gx:duration>
				<gx:flyToMode>smooth</gx:flyToMode>
				<Camera>
					<longitude>-122.2802474412</longitude>
					<latitude>37.8705021803</latitude>
					<altitude>53.0</altitude>
					<heading>338.68</heading>
					<tilt>74.5</tilt>
					<roll>0</roll>
					<altitudeMode>relativeToGround</altitudeMode>
				</Camera>
			</gx:FlyTo>
			<gx:FlyTo>
				<gx:duration>0.30</gx:duration>
				<gx:flyToMode>smooth</gx:flyToMode>
				<Camera>
					<longitude>-122.2801941659</longitude>
					<latitude>37.8705225610</latitude>
					<altitude>55.1</altitude>
					<heading>326.39</heading>
					<tilt>73.5</tilt>
					<roll>0</roll>
					<altitudeMode>relativeToGround</altitudeMode>
				</Camera>
			</gx:FlyTo>
			<gx:FlyTo>
				<gx:duration>0.30</gx:duration>
				<gx:flyToMode>smooth</gx:flyToMode>
				<Camera>
					<longitude>-122.2801453656</longitude>
					<latitude>37.8705493982</latitude>
					<altitude>56.8</altitude>
					<heading>315.38</heading>
					<tilt>72.7</tilt>
					<roll>0</roll>
					<altitudeMode>relativeToGround</altitudeMode>
				</Camera>
			</gx:FlyTo>
			<gx:FlyTo>
				<gx:duration>0.30</gx:duration>
				<gx:flyToMode>smooth</gx:flyToMode>
				<Camera>
					<longitude>-122.2801029015</longitude>
					<latitude>37.8705823480</latitude>
					<altitude>57.8</altitude>
					<heading>306.28</heading>
					<tilt>72.2</tilt>
					<roll>0</roll>
					<altitudeMode>relativeToGround</altitudeMode>
				</Camera>
			</gx:FlyTo>
			<gx:FlyTo>
				<gx:duration>0.30</gx:duration>
				<gx:flyToMode>smooth</gx:flyToMode>
				<Camera>
					<longitude>-122.2800686328</longitude>
					<latitude>37.8706207544</latitude>
					<altitude>58.2</altitude>
					<heading>299.75</heading>
					<tilt>72.0</tilt>
					<roll>0</roll>
					<altitudeMode>relativeToGround</altitudeMode>
				</Camera>
			</gx:FlyTo>
			<gx:FlyTo>
				<gx:duration>0.53</gx:duration>
				<gx:flyToMode>smooth</gx:flyToMode>
				<Camera>
					<longitude>-122.2800333086</longitude>
					<latitude>37.8706768885</latitude>
					<altitude>58.2</altitude>
					<heading>293.08</heading>
					<tilt>72.0</tilt>
					<roll>0</roll>
					<altitudeMode>relativeToGround</altitudeMode>
				</Camera>
			</gx:FlyTo>
			<gx:FlyTo>
				<gx:duration>0.53</gx:duration>
				<gx:flyToMode>smooth</gx:flyToMode>
				<Camera>
					<longitude>-122.2800064787</longitude>
					<latitude>37.8707358804</latitude>
					<altitude>58.2</altitude>
					<heading>286.42</heading>
					<tilt>72.0</tilt>
					<roll>0</roll>
					<altitudeMode>relativeToGround</altitudeMode>
				</Camera>
			</gx:FlyTo>
			<gx:FlyTo>
				<gx:duration>0.53</gx:duration>
				<gx:flyToMode>smooth</gx:flyToMode>
				<Camera>
					<longitude>-122.2799885058</longitude>
					<latitude>37.8707969321</latitude>
					<altitude>58.2</altitude>
					<heading>279.75</heading>
					<tilt>72.0</tilt>
					<roll>0</roll>
					<altitudeMode>relativeToGround</altitudeMode>
				</Camera>
			</gx:FlyTo>
			<gx:FlyTo>
				<gx:duration>0.53</gx:duration>
				<gx:flyToMode>smooth</gx:flyToMode>
				<Camera>
					<longitude>-122.2799796330</longitude>
					<latitude>37.8708592181</latitude>
					<altitude>58.2</altitude>
					<heading>273.08</heading>
					<tilt>72.0</tilt>
					<roll>0</roll>
					<altitudeMode>relativeToGround</altitudeMode>
				</Camera>
			</gx:FlyTo>
			<gx:FlyTo>
				<gx:duration>0.53</gx:duration>
				<gx:flyToMode>smooth</gx:flyToMode>
				<Camera>
					<longitude>-122.2799799804</longitude>
					<latitude>37.8709218961</latitude>
					<altitude>58.2</altitude>
					<heading>266.42</heading>
					<tilt>72.0</tilt>
					<roll>0</roll>
					<altitudeMode>relativeToGround</altitudeMode>
				</Camera>
			</gx:FlyTo>
			<gx:FlyTo>
				<gx:duration>0.53</gx:duration>
				<gx:flyToMode>smooth</gx:flyToMode>
				<Camera>
					<longitude>-122.2799895431</longitude>
					<latitude>37.8709841184</latitude>
					<altitude>58.2</altitude>
					<heading>259.75</heading>
					<tilt>72.0</tilt>
					<roll>0</roll>
					<altitudeMode>relativeToGround</altitudeMode>
				</Camera>
			</gx:FlyTo>
			<gx:FlyTo>
				<gx:duration>0.53</gx:duration>
				<gx:flyToMode>smooth</gx:flyToMode>
				<Camera>
					<longitude>-122.2800081920</longitude>
					<latitude>37.8710450437</latitude>
					<altitude>58.2</altitude>
					<heading>253.08</heading>
					<tilt>72.0</tilt>
					<roll>0</roll>
					<altitudeMode>relativeToGround</altitudeMode>
				</Camera>
			</gx:FlyTo>
			<gx:FlyTo>
				<gx:duration>0.53</gx:duration>
				<gx:flyToMode>smooth</gx:flyToMode>
				<Camera>
					<longitude>-122.2800356748</longitude>
					<latitude>37.8711038479</latitude>
					<altitude>58.2</altitude>
					<heading>246.42</heading>
					<tilt>72.0</tilt>
					<roll>0</roll>
					<altitudeMode>relativeToGround</altitudeMode>
				</Camera>
			</gx:FlyTo>
			<gx:FlyTo>
				<gx:duration>0.53</gx:duration>
				<gx:flyToMode>smooth</gx:flyToMode>
				<Camera>
					<longitude>-122.2800716198</longitude>
					<latitude>37.8711597359</latitude>
					<altitude>58.2</altitude>
					<heading>239.75</heading>
					<tilt>72.0</tilt>
					<roll>0</roll>
					<altitudeMode>relativeToGround</altitudeMode>
				</Camera>
			</gx:FlyTo>
			<gx:FlyTo>
				<gx:duration>0.53</gx:duration>
				<gx:flyToMode>smooth</gx:flyToMode>
				<Camera>
					<longitude>-122.2801155410</longitude>
					<latitude>37.8712119519</latitude>
					<altitude>58.2</altitude>
					<heading>233.08</heading>
					<tilt>72.0</tilt>
					<roll>0</roll>
					<altitudeMode>relativeToGround</altitudeMode>
				</Camera>
			</gx:FlyTo>
			<gx:FlyTo>
				<gx:duration>0.53</gx:duration>
				<gx:flyToMode>smooth</gx:flyToMode>
				<Camera>
					<longitude>-122.2801668443</longitude>
					<latitude>37.8712597898</latitude>
					<altitude>58.2</altitude>
					<heading>226.42</heading>
					<tilt>72.0</tilt>
					<roll>0</roll>
					<altitudeMode>relativeToGround</altitudeMode>
				</Camera>
			</gx:FlyTo>
			<gx:FlyTo>
				<gx:duration>0.53</gx:duration>
				<gx:flyToMode>smooth</gx:flyToMode>
				<Camera>
					<longitude>-122.2802248361</longitude>
					<latitude>37.8713026026</latitude>
					<altitude>58.2</altitude>
					<heading>219.75</heading>
					<tilt>72.0</tilt>
					<roll>0</roll>
					<altitudeMode>relativeToGround</altitudeMode>
				</Camera>
			</gx:FlyTo>
			<gx:FlyTo>
				<gx:duration>0.53</gx:duration>
				<gx:flyToMode>smooth</gx:flyToMode>
				<Camera>
					<longitude>-122.2802887320</longitude>
					<latitude>37.8713398114</latitude>
					<altitude>58.2</altitude>
					<heading>213.08</heading>
					<tilt>72.0</tilt>
					<roll>0</roll>
					<altitudeMode>relativeToGround</altitudeMode>
				</Camera>
			</gx:FlyTo>
			<gx:FlyTo>
				<gx:duration>0.53</gx:duration>
				<gx:flyToMode>smooth</gx:flyToMode>
				<Camera>
					<longitude>-122.2803576681</longitude>
					<latitude>37.8713709129</latitude>
					<altitude>58.2</altitude>
					<heading>206.42</heading>
					<tilt>72.0</tilt>
					<roll>0</roll>
					<altitudeMode>relativeToGround</altitudeMode>
				</Camera>
			</gx:FlyTo>
			<gx:FlyTo>
				<gx:duration>0.53</gx:duration>
				<gx:flyToMode>smooth</gx:flyToMode>
				<Camera>
					<longitude>-122.2804307119</longitude>
					<latitude>37.8713954866</latitude>
					<altitude>58.2</altitude>
					<heading>199.75</heading>
					<tilt>72.0</tilt>
					<roll>0</roll>
					<altitudeMode>relativeToGround</altitudeMode>
				</Camera>
			</gx:FlyTo>
			<gx:FlyTo>
				<gx:duration>0.53</gx:duration>
				<gx:flyToMode>smooth</gx:flyToMode>
				<Camera>
					<longitude>-122.2805068758</longitude>
					<latitude>37.8714132002</latitude>
					<altitude>58.2</altitude>
					<heading>193.08</heading>
					<tilt>72.0</tilt>
					<roll>0</roll>
					<altitudeMode>relativeToGround</altitudeMode>
				</Camera>
			</gx:FlyTo>
			<gx:FlyTo>
				<gx:duration>0.53</gx:duration>
				<gx:flyToMode>smooth</gx:flyToMode>
				<Camera>
					<longitude>-122.2805851298</longitude>
					<latitude>37.8714238140</latitude>
					<altitude>58.2</altitude>
					<heading>186.42</heading>
					<tilt>72.0</tilt>
					<roll>0</roll>
					<altitudeMode>relativeToGround</altitudeMode>
				</Camera>
			</gx:FlyTo>
			<gx:FlyTo>
				<gx:duration>0.53</gx:duration>
				<gx:flyToMode>smooth</gx:flyToMode>
				<Camera>
					<longitude>-122.2806644156</longitude>
					<latitude>37.8714271847</latitude>
					<altitude>58.2</altitude>
					<heading>179.75</heading>
					<tilt>72.0</tilt>
					<roll>0</roll>
					<altitudeMode>relativeToGround</altitudeMode>
				</Camera>
			</gx:FlyTo>
			<gx:FlyTo>
				<gx:duration>0.53</gx:duration>
				<gx:flyToMode>smooth</gx:flyToMode>
				<Camera>
					<longitude>-122.2807436609</longitude>
					<latitude>37.8714232666</latitude>
					<altitude>58.2</altitude>
					<heading>173.08</heading>
					<tilt>72.0</tilt>
					<roll>0</roll>
					<altitudeMode>relativeToGround</altitudeMode>
				</Camera>
			</gx:FlyTo>
			<gx:FlyTo>
				<gx:duration>0.53</gx:duration>
				<gx:flyToMode>smooth</gx:flyToMode>
				<Camera>
					<longitude>-122.2808217943</longitude>
					<latitude>37.8714121126</latitude>
					<altitude>58.2</altitude>
					<heading>166.42</heading>
					<tilt>72.0</tilt>
					<roll>0</roll>
					<altitudeMode>relativeToGround</altitudeMode>
				</Camera>
			</gx:FlyTo>
			<gx:FlyTo>
				<gx:duration>0.53</gx:duration>
				<gx:flyToMode>smooth</gx:flyToMode>
				<Camera>
					<longitude>-122.2808977589</longitude>
					<latitude>37.8713938737</latitude>
					<altitude>58.2</altitude>
					<heading>159.75</heading>
					<tilt>72.0</tilt>
					<roll>0</roll>
					<altitudeMode>relativeToGround</altitudeMode>
				</Camera>
			</gx:FlyTo>
			<gx:FlyTo>
				<gx:duration>0.53</gx:duration>
				<gx:flyToMode>smooth</gx:flyToMode>
				<Camera>
					<longitude>-122.2809705276</longitude>
					<latitude>37.8713687964</latitude>
					<altitude>58.2</altitude>
					<heading>153.08</heading>
					<tilt>72.0</tilt>
					<roll>0</roll>
					<altitudeMode>relativeToGround</altitudeMode>
				</Camera>
			</gx:FlyTo>
			<gx:FlyTo>
				<gx:duration>0.53</gx:duration>
				<gx:flyToMode>smooth</gx:flyToMode>
				<Camera>
					<longitude>-122.2810391163</longitude>
					<latitude>37.8713372200</latitude>
					<altitude>58.2</altitude>
					<heading>146.42</heading>
					<tilt>72.0</tilt>
					<roll>0</roll>
					<altitudeMode>relativeToGround</altitudeMode>
				</Camera>
			</gx:FlyTo>
			<gx:FlyTo>
				<gx:duration>0.53</gx:duration>
				<gx:flyToMode>smooth</gx:flyToMode>
				<Camera>
					<longitude>-122.2811025974</longitude>
					<latitude>37.8712995714</latitude>
					<altitude>58.2</altitude>
					<heading>139.75</heading>
					<tilt>72.0</tilt>
					<roll>0</roll>
					<altitudeMode>relativeToGround</altitudeMode>
				</Camera>
			</gx:FlyTo>
			<gx:FlyTo>
				<gx:duration>0.53</gx:duration>
				<gx:flyToMode>smooth</gx:flyToMode>
				<Camera>
					<longitude>-122.2811601124</longitude>
					<latitude>37.8712563597</latitude>
					<altitude>58.2</altitude>
					<heading>133.08</heading>
					<tilt>72.0</tilt>
					<roll>0</roll>
					<altitudeMode>relativeToGround</altitudeMode>
				</Camera>
			</gx:FlyTo>
			<gx:FlyTo>
				<gx:duration>0.53</gx:duration>
				<gx:flyToMode>smooth</gx:flyToMode>
				<Camera>
					<longitude>-122.2812108836</longitude>
					<latitude>37.8712081693</latitude>
					<altitude>58.2</altitude>
					<heading>126.42</heading>
					<tilt>72.0</tilt>
					<roll>0</roll>
					<altitudeMode>relativeToGround</altitudeMode>
				</Camera>
			</gx:FlyTo>
			<gx:FlyTo>
				<gx:duration>0.53</gx:duration>
				<gx:flyToMode>smooth</gx:flyToMode>
				<Camera>
					<longitude>-122.2812542243</longitude>
					<latitude>37.8711556519</latitude>
					<altitude>58.2</altitude>
					<heading>119.75</heading>
					<tilt>72.0</tilt>
					<roll>0</roll>
					<altitudeMode>relativeToGround</altitudeMode>
				</Camera>
			</gx:FlyTo>
			<gx:FlyTo>
				<gx:duration>0.53</gx:duration>
				<gx:flyToMode>smooth</gx:flyToMode>
				<Camera>
					<longitude>-122.2812895486</longitude>
					<latitude>37.8710995178</latitude>
					<altitude>58.2</altitude>
					<heading>113.08</heading>
					<tilt>72.0</tilt>
					<roll>0</roll>
					<altitudeMode>relativeToGround</altitudeMode>
				</Camera>
			</gx:FlyTo>
			<gx:FlyTo>
				<gx:duration>0.53</gx:duration>
				<gx:flyToMode>smooth</gx:flyToMode>
				<Camera>
					<longitude>-122.2813163785</longitude>
					<latitude>37.8710405260</latitude>
					<altitude>58.2</altitude>
					<heading>106.42</heading>
					<tilt>72.0</tilt>
					<roll>0</roll>
					<altitudeMode>relativeToGround</altitudeMode>
				</Camera>
			</gx:FlyTo>
			<gx:FlyTo>
				<gx:duration>0.53</gx:duration>
				<gx:flyToMode>smooth</gx:flyToMode>
				<Camera>
					<longitude>-122.2813343514</longitude>
					<latitude>37.8709794742</latitude>
					<altitude>58.2</altitude>
					<heading>99.75</heading>
					<tilt>72.0</tilt>
					<roll>0</roll>
					<altitudeMode>relativeToGround</altitudeMode>
				</Camera>
			</gx:FlyTo>
			<gx:FlyTo>
				<gx:duration>0.40</gx:duration>
				<gx:flyToMode>smooth</gx:flyToMode>
				<Camera>
					<longitude>-122.2813379344</longitude>
					<latitude>37.8709169634</latitude>
					<altitude>57.5</altitude>
					<heading>93.08</heading>
					<tilt>72.3</tilt>
					<roll>0</roll>
					<altitudeMode>relativeToGround</altitudeMode>
				</Camera>
			</gx:FlyTo>
			<gx:FlyTo>
				<gx:duration>0.40</gx:duration>
				<gx:flyToMode>smooth</gx:flyToMode>
				<Camera>
					<longitude>-122.2813229726</longitude>
					<latitude>37.8708554944</latitude>
					<altitude>55.7</altitude>
					<heading>86.42</heading>
					<tilt>73.2</tilt>
					<roll>0</roll>
					<altitudeMode>relativeToGround</altitudeMode>
				</Camera>
			</gx:FlyTo>
			<gx:FlyTo>
				<gx:duration>0.40</gx:duration>
				<gx:flyToMode>smooth</gx:flyToMode>
				<Camera>
					<longitude>-122.2812919177</longitude>
					<latitude>37.8707981975</latitude>
					<altitude>53.0</altitude>
					<heading>79.75</heading>
					<tilt>74.5</tilt>
					<roll>0</roll>
					<altitudeMode>relativeToGround</altitudeMode>
				</Camera>
			</gx:FlyTo>
			<gx:FlyTo>
				<gx:duration>0.40</gx:duration>
				<gx:flyToMode>smooth</gx:flyToMode>
				<Camera>
					<longitude>-122.2812478844</longitude>
					<latitude>37.8707473966</latitude>
					<altitude>49.6</altitude>
					<heading>73.08</heading>
					<tilt>76.1</tilt>
					<roll>0</roll>
					<altitudeMode>relativeToGround</altitudeMode>
				</Camera>
			</gx:FlyTo>
			<gx:FlyTo>
				<gx:duration>0.40</gx:duration>
				<gx:flyToMode>smooth</gx:flyToMode>
				<Camera>
					<longitude>-122.2811943671</longitude>
					<latitude>37.8707045441</latitude>
					<altitude>45.7</altitude>
					<heading>66.42</heading>
					<tilt>78.0</tilt>
					<roll>0</roll>
					<altitudeMode>relativeToGround</altitudeMode>
				</Camera>
			</gx:FlyTo>
			<gx:FlyTo>
				<gx:duration>0.40</gx:duration>
				<gx:flyToMode>smooth</gx:flyToMode>
				<Camera>
					<longitude>-122.2811349513</longitude>
					<latitude>37.8706702055</latitude>
					<altitude>41.6</altitude>
					<heading>59.75</heading>
					<tilt>80.0</tilt>
					<roll>0</roll>
					<altitudeMode>relativeToGround</altitudeMode>
				</Camera>
			</gx:FlyTo>
			<gx:FlyTo>
				<gx:duration>0.40</gx:duration>
				<gx:flyToMode>smooth</gx:flyToMode>
				<Camera>
					<longitude>-122.2810730320</longitude>
					<latitude>37.8706440941</latitude>
					<altitude>37.5</altitude>
					<heading>53.08</heading>
					<tilt>82.0</tilt>
					<roll>0</roll>
					<altitudeMode>relativeToGround</altitudeMode>
				</Camera>
			</gx:FlyTo>
			<gx:FlyTo>
				<gx:duration>0.40</gx:duration>
				<gx:flyToMode>smooth</gx:flyToMode>
				<Camera>
					<longitude>-122.2810115510</longitude>
					<latitude>37.8706251523</latitude>
					<altitude>33.6</altitude>
					<heading>46.42</heading>
					<tilt>83.9</tilt>
					<roll>0</roll>
					<altitudeMode>relativeToGround</altitudeMode>
				</Camera>
			</gx:FlyTo>
			<gx:FlyTo>
				<gx:duration>0.40</gx:duration>
				<gx:flyToMode>smooth</gx:flyToMode>
				<Camera>
					<longitude>-122.2809527642</longitude>
					<latitude>37.8706116768</latitude>
					<altitude>30.2</altitude>
					<heading>39.75</heading>
					<tilt>85.5</tilt>
					<roll>0</roll>
					<altitudeMode>relativeToGround</altitudeMode>
				</Camera>
			</gx:FlyTo>
			<gx:FlyTo>
				<gx:duration>0.40</gx:duration>
				<gx:flyToMode>smooth</gx:flyToMode>
				<Camera>
					<longitude>-122.2808980502</longitude>
					<latitude>37.8706014813</latitude>
					<altitude>27.5</altitude>
					<heading>33.08</heading>
					<tilt>86.8</tilt>
					<roll>0</roll>
					<altitudeMode>relativeToGround</altitudeMode>
				</Camera>
			</gx:FlyTo>
			<gx:FlyTo>
				<gx:duration>0.40</gx:duration>
				<gx:flyToMode>smooth</gx:flyToMode>
				<Camera>
					<longitude>-122.2808477676</longitude>
					<latitude>37.8705920894</latitude>
					<altitude>25.7</altitude>
					<heading>26.42</heading>
					<tilt>87.7</tilt>
					<roll>0</roll>
					<altitudeMode>relativeToGround</altitudeMode>
				</Camera>
			</gx:FlyTo>
			<gx:FlyTo>
				<gx:duration>0.40</gx:duration>
				<gx:flyToMode>smooth</gx:flyToMode>
				<Camera>
					<longitude>-122.2808011695</longitude>
					<latitude>37.8705809507</latitude>
					<altitude>25.0</altitude>
					<heading>19.75</heading>
					<tilt>88.0</tilt>
					<roll>0</roll>
					<altitudeMode>relativeToGround</altitudeMode>
				</Camera>
			</gx:FlyTo>
			<gx:FlyTo>
				<gx:duration>3.34</gx:duration>
				<gx:flyToMode>smooth</gx:flyToMode>
				<Camera>
					<longitude>-122.2808011695</longitude>
					<latitude>37.8705809507</latitude>
					<altitude>25.0</altitude>
					<heading>80.89</heading>
					<tilt>88.0</tilt>
					<roll>0</roll>
					<altitudeMode>relativeToGround</altitudeMode>
				</Camera>
			</gx:FlyTo>
			<gx:FlyTo>
				<gx:duration>0.30</gx:duration>
				<gx:flyToMode>smooth</gx:flyToMode>
				<Camera>
					<longitude>-122.2803105604</longitude>
					<latitude>37.8706438662</latitude>
					<altitude>25.1</altitude>
					<heading>81.59</heading>
					<tilt>87.8</tilt>
					<roll>0</roll>
					<altitudeMode>relativeToGround</altitudeMode>
				</Camera>
			</gx:FlyTo>
			<gx:FlyTo>
				<gx:duration>0.30</gx:duration>
				<gx:flyToMode>smooth</gx:flyToMode>
				<Camera>
					<longitude>-122.2802716024</longitude>
					<latitude>37.8706539716</latitude>
					<altitude>25.6</altitude>
					<heading>83.80</heading>
					<tilt>87.3</tilt>
					<roll>0</roll>
					<altitudeMode>relativeToGround</altitudeMode>
				</Camera>
			</gx:FlyTo>
			<gx:FlyTo>
				<gx:duration>0.30</gx:duration>
				<gx:flyToMode>smooth</gx:flyToMode>
				<Camera>
					<longitude>-122.2802340737</longitude>
					<latitude>37.8706707393</latitude>
					<altitude>26.2</altitude>
					<heading>87.60</heading>
					<tilt>86.5</tilt>
					<roll>0</roll>
					<altitudeMode>relativeToGround</altitudeMode>
				</Camera>
			</gx:FlyTo>
			<gx:FlyTo>
				<gx:duration>0.30</gx:duration>
				<gx:flyToMode>smooth</gx:flyToMode>
				<Camera>
					<longitude>-122.2801970163</longitude>
					<latitude>37.8706946734</latitude>
					<altitude>27.0</altitude>
					<heading>93.04</heading>
					<tilt>85.5</tilt>
					<roll>0</roll>
					<altitudeMode>relativeToGround</altitudeMode>
				</Camera>
			</gx:FlyTo>
			<gx:FlyTo>
				<gx:duration>0.30</gx:duration>
				<gx:flyToMode>smooth</gx:flyToMode>
				<Camera>
					<longitude>-122.2801586436</longitude>
					<latitude>37.8707242304</latitude>
					<altitude>28.0</altitude>
					<heading>100.08</heading>
					<tilt>84.3</tilt>
					<roll>0</roll>
					<altitudeMode>relativeToGround</altitudeMode>
				</Camera>
			</gx:FlyTo>
			<gx:FlyTo>
				<gx:duration>0.30</gx:duration>
				<gx:flyToMode>smooth</gx:flyToMode>
				<Camera>
					<longitude>-122.2801169848</longitude>
					<latitude>37.8707559023</latitude>
					<altitude>29.1</altitude>
					<heading>108.65</heading>
					<tilt>82.9</tilt>
					<roll>0</roll>
					<altitudeMode>relativeToGround</altitudeMode>
				</Camera>
			</gx:FlyTo>
			<gx:FlyTo>
				<gx:duration>0.30</gx:duration>
				<gx:flyToMode>smooth</gx:flyToMode>
				<Camera>
					<longitude>-122.2800707251</longitude>
					<latitude>37.8707845550</latitude>
					<altitude>30.3</altitude>
					<heading>118.61</heading>
					<tilt>81.5</tilt>
					<roll>0</roll>
					<altitudeMode>relativeToGround</altitudeMode>
				</Camera>
			</gx:FlyTo>
			<gx:FlyTo>
				<gx:duration>0.30</gx:duration>
				<gx:flyToMode>smooth</gx:flyToMode>
				<Camera>
					<longitude>-122.2800200921</longitude>
					<latitude>37.8708040854</latitude>
					<altitude>31.5</altitude>
					<heading>129.76</heading>
					<tilt>80.0</tilt>
					<roll>0</roll>
					<altitudeMode>relativeToGround</altitudeMode>
				</Camera>
			</gx:FlyTo>
			<gx:FlyTo>
				<gx:duration>0.30</gx:duration>
				<gx:flyToMode>smooth</gx:flyToMode>
				<Camera>
					<longitude>-122.2799665978</longitude>
					<latitude>37.8708150737</latitude>
					<altitude>32.7</altitude>
					<heading>141.84</heading>
					<tilt>78.5</tilt>
					<roll>0</roll>
					<altitudeMode>relativeToGround</altitudeMode>
				</Camera>
			</gx:FlyTo>
			<gx:FlyTo>
				<gx:duration>0.30</gx:duration>
				<gx:flyToMode>smooth</gx:flyToMode>
				<Camera>
					<longitude>-122.2799108647</longitude>
					<latitude>37.8708218622</latitude>
					<altitude>33.9</altitude>
					<heading>154.54</heading>
					<tilt>77.1</tilt>
					<roll>0</roll>
					<altitudeMode>relativeToGround</altitudeMode>
				</Camera>
			</gx:FlyTo>
			<gx:FlyTo>
				<gx:duration>0.30</gx:duration>
				<gx:flyToMode>smooth</gx:flyToMode>
				<Camera>
					<longitude>-122.2798535736</longitude>
					<latitude>37.8708238752</latitude>
					<altitude>35.0</altitude>
					<heading>167.48</heading>
					<tilt>75.7</tilt>
					<roll>0</roll>
					<altitudeMode>relativeToGround</altitudeMode>
				</Camera>
			</gx:FlyTo>
			<gx:FlyTo>
				<gx:duration>0.30</gx:duration>
				<gx:flyToMode>smooth</gx:flyToMode>
				<Camera>
					<longitude>-122.2797955919</longitude>
					<latitude>37.8708206229</latitude>
					<altitude>36.0</altitude>
					<heading>180.23</heading>
					<tilt>74.5</tilt>
					<roll>0</roll>
					<altitudeMode>relativeToGround</altitudeMode>
				</Camera>
			</gx:FlyTo>
			<gx:FlyTo>
				<gx:duration>0.30</gx:duration>
				<gx:flyToMode>smooth</gx:flyToMode>
				<Camera>
					<longitude>-122.2797379551</longitude>
					<latitude>37.8708117300</latitude>
					<altitude>36.8</altitude>
					<heading>192.30</heading>
					<tilt>73.5</tilt>
					<roll>0</roll>
					<altitudeMode>relativeToGround</altitudeMode>
				</Camera>
			</gx:FlyTo>
			<gx:FlyTo>
				<gx:duration>0.30</gx:duration>
				<gx:flyToMode>smooth</gx:flyToMode>
				<Camera>
					<longitude>-122.2796818421</longitude>
					<latitude>37.8707969630</latitude>
					<altitude>37.4</altitude>
					<heading>203.14</heading>
					<tilt>72.7</tilt>
					<roll>0</roll>
					<altitudeMode>relativeToGround</altitudeMode>
				</Camera>
			</gx:FlyTo>
			<gx:FlyTo>
				<gx:duration>0.30</gx:duration>
				<gx:flyToMode>smooth</gx:flyToMode>
				<Camera>
					<longitude>-122.2796285455</longitude>
					<latitude>37.8707762530</latitude>
					<altitude>37.9</altitude>
					<heading>212.14</heading>
					<tilt>72.2</tilt>
					<roll>0</roll>
					<altitudeMode>relativeToGround</altitudeMode>
				</Camera>
			</gx:FlyTo>
			<gx:FlyTo>
				<gx:duration>0.30</gx:duration>
				<gx:flyToMode>smooth</gx:flyToMode>
				<Camera>
					<longitude>-122.2795794359</longitude>
					<latitude>37.8707497158</latitude>
					<altitude>38.0</altitude>
					<heading>218.63</heading>
					<tilt>72.0</tilt>
					<roll>0</roll>
					<altitudeMode>relativeToGround</altitudeMode>
				</Camera>
			</gx:FlyTo>
			<gx:FlyTo>
				<gx:duration>0.53</gx:duration>
				<gx:flyToMode>smooth</gx:flyToMode>
				<Camera>
					<longitude>-122.2795203948</longitude>
					<latitude>37.8707078067</latitude>
					<altitude>38.0</altitude>
					<heading>225.30</heading>
					<tilt>72.0</tilt>
					<roll>0</roll>
					<altitudeMode>relativeToGround</altitudeMode>
				</Camera>
			</gx:FlyTo>
			<gx:FlyTo>
				<gx:duration>0.53</gx:duration>
				<gx:flyToMode>smooth</gx:flyToMode>
				<Camera>
					<longitude>-122.2794679163</longitude>
					<latitude>37.8706607701</latitude>
					<altitude>38.0</altitude>
					<heading>231.96</heading>
					<tilt>72.0</tilt>
					<roll>0</roll>
					<altitudeMode>relativeToGround</altitudeMode>
				</Camera>
			</gx:FlyTo>
			<gx:FlyTo>
				<gx:duration>0.53</gx:duration>
				<gx:flyToMode>smooth</gx:flyToMode>
				<Camera>
					<longitude>-122.2794227100</longitude>
					<latitude>37.8706092423</latitude>
					<altitude>38.0</altitude>
					<heading>238.63</heading>
					<tilt>72.0</tilt>
					<roll>0</roll>
					<altitudeMode>relativeToGround</altitudeMode>
				</Camera>
			</gx:FlyTo>
			<gx:FlyTo>
				<gx:duration>0.53</gx:duration>
				<gx:flyToMode>smooth</gx:flyToMode>
				<Camera>
					<longitude>-122.2793853872</longitude>
					<latitude>37.8705539200</latitude>
					<altitude>38.0</altitude>
					<heading>245.30</heading>
					<tilt>72.0</tilt>
					<roll>0</roll>
					<altitudeMode>relativeToGround</altitudeMode>
				</Camera>
			</gx:FlyTo>
			<gx:FlyTo>
				<gx:duration>0.53</gx:duration>
				<gx:flyToMode>smooth</gx:flyToMode>
				<Camera>
					<longitude>-122.2793564528</longitude>
					<latitude>37.8704955514</latitude>
					<altitude>38.0</altitude>
					<heading>251.96</heading>
					<tilt>72.0</tilt>
					<roll>0</roll>
					<altitudeMode>relativeToGround</altitudeMode>
				</Camera>
			</gx:FlyTo>
			<gx:FlyTo>
				<gx:duration>0.53</gx:duration>
				<gx:flyToMode>smooth</gx:flyToMode>
				<Camera>
					<longitude>-122.2793362980</longitude>
					<latitude>37.8704349257</latitude>
					<altitude>38.0</altitude>
					<heading>258.63</heading>
					<tilt>72.0</tilt>
					<roll>0</roll>
					<altitudeMode>relativeToGround</altitudeMode>
				</Camera>
			</gx:FlyTo>
			<gx:FlyTo>
				<gx:duration>0.53</gx:duration>
				<gx:flyToMode>smooth</gx:flyToMode>
				<Camera>
					<longitude>-122.2793251953</longitude>
					<latitude>37.8703728630</latitude>
					<altitude>38.0</altitude>
					<heading>265.30</heading>
					<tilt>72.0</tilt>
					<roll>0</roll>
					<altitudeMode>relativeToGround</altitudeMode>
				</Camera>
			</gx:FlyTo>
			<gx:FlyTo>
				<gx:duration>0.53</gx:duration>
				<gx:flyToMode>smooth</gx:flyToMode>
				<Camera>
					<longitude>-122.2793232949</longitude>
					<latitude>37.8703102023</latitude>
					<altitude>38.0</altitude>
					<heading>271.96</heading>
					<tilt>72.0</tilt>
					<roll>0</roll>
					<altitudeMode>relativeToGround</altitudeMode>
				</Camera>
			</gx:FlyTo>
			<gx:FlyTo>
				<gx:duration>0.53</gx:duration>
				<gx:flyToMode>smooth</gx:flyToMode>
				<Camera>
					<longitude>-122.2793306225</longitude>
					<latitude>37.8702477913</latitude>
					<altitude>38.0</altitude>
					<heading>278.63</heading>
					<tilt>72.0</tilt>
					<roll>0</roll>
					<altitudeMode>relativeToGround</altitudeMode>
				</Camera>
			</gx:FlyTo>
			<gx:FlyTo>
				<gx:duration>0.53</gx:duration>
				<gx:flyToMode>smooth</gx:flyToMode>
				<Camera>
					<longitude>-122.2793470790</longitude>
					<latitude>37.8701864737</latitude>
					<altitude>38.0</altitude>
					<heading>285.30</heading>
					<tilt>72.0</tilt>
					<roll>0</roll>
					<altitudeMode>relativeToGround</altitudeMode>
				</Camera>
			</gx:FlyTo>
			<gx:FlyTo>
				<gx:duration>0.53</gx:duration>
				<gx:flyToMode>smooth</gx:flyToMode>
				<Camera>
					<longitude>-122.2793724419</longitude>
					<latitude>37.8701270789</latitude>
					<altitude>38.0</altitude>
					<heading>291.96</heading>
					<tilt>72.0</tilt>
					<roll>0</roll>
					<altitudeMode>relativeToGround</altitudeMode>
				</Camera>
			</gx:FlyTo>
			<gx:FlyTo>
				<gx:duration>0.53</gx:duration>
				<gx:flyToMode>smooth</gx:flyToMode>
				<Camera>
					<longitude>-122.2794063681</longitude>
					<latitude>37.8700704100</latitude>
					<altitude>38.0</altitude>
					<heading>298.63</heading>
					<tilt>72.0</tilt>
					<roll>0</roll>
					<altitudeMode>relativeToGround</altitudeMode>
				</Camera>
			</gx:FlyTo>
			<gx:FlyTo>
				<gx:duration>0.53</gx:duration>
				<gx:flyToMode>smooth</gx:flyToMode>
				<Camera>
					<longitude>-122.2794483989</longitude>
					<latitude>37.8700172335</latitude>
					<altitude>38.0</altitude>
					<heading>305.30</heading>
					<tilt>72.0</tilt>
					<roll>0</roll>
					<altitudeMode>relativeToGround</altitudeMode>
				</Camera>
			</gx:FlyTo>
			<gx:FlyTo>
				<gx:duration>0.53</gx:duration>
				<gx:flyToMode>smooth</gx:flyToMode>
				<Camera>
					<longitude>-122.2794979658</longitude>
					<latitude>37.8699682684</latitude>
					<altitude>38.0</altitude>
					<heading>311.96</heading>
					<tilt>72.0</tilt>
					<roll>0</roll>
					<altitudeMode>relativeToGround</altitudeMode>
				</Camera>
			</gx:FlyTo>
			<gx:FlyTo>
				<gx:duration>0.53</gx:duration>
				<gx:flyToMode>smooth</gx:flyToMode>
				<Camera>
					<longitude>-122.2795543987</longitude>
					<latitude>37.8699241768</latitude>
					<altitude>38.0</altitude>
					<heading>318.63</heading>
					<tilt>72.0</tilt>
					<roll>0</roll>
					<altitudeMode>relativeToGround</altitudeMode>
				</Camera>
			</gx:FlyTo>
			<gx:FlyTo>
				<gx:duration>0.53</gx:duration>
				<gx:flyToMode>smooth</gx:flyToMode>
				<Camera>
					<longitude>-122.2796169342</longitude>
					<latitude>37.8698855552</latitude>
					<altitude>38.0</altitude>
					<heading>325.30</heading>
					<tilt>72.0</tilt>
					<roll>0</roll>
					<altitudeMode>relativeToGround</altitudeMode>
				</Camera>
			</gx:FlyTo>
			<gx:FlyTo>
				<gx:duration>0.53</gx:duration>
				<gx:flyToMode>smooth</gx:flyToMode>
				<Camera>
					<longitude>-122.2796847268</longitude>
					<latitude>37.8698529257</latitude>
					<altitude>38.0</altitude>
					<heading>331.96</heading>
					<tilt>72.0</tilt>
					<roll>0</roll>
					<altitudeMode>relativeToGround</altitudeMode>
				</Camera>
			</gx:FlyTo>
			<gx:FlyTo>
				<gx:duration>0.53</gx:duration>
				<gx:flyToMode>smooth</gx:flyToMode>
				<Camera>
					<longitude>-122.2797568596</longitude>
					<latitude>37.8698267296</latitude>
					<altitude>38.0</altitude>
					<heading>338.63</heading>
					<tilt>72.0</tilt>
					<roll>0</roll>
					<altitudeMode>relativeToGround</altitudeMode>
				</Camera>
			</gx:FlyTo>
			<gx:FlyTo>
				<gx:duration>0.53</gx:duration>
				<gx:flyToMode>smooth</gx:flyToMode>
				<Camera>
					<longitude>-122.2798323573</longitude>
					<latitude>37.8698073212</latitude>
					<altitude>38.0</altitude>
					<heading>345.30</heading>
					<tilt>72.0</tilt>
					<roll>0</roll>
					<altitudeMode>relativeToGround</altitudeMode>
				</Camera>
			</gx:FlyTo>
			<gx:FlyTo>
				<gx:duration>0.53</gx:duration>
				<gx:flyToMode>smooth</gx:flyToMode>
				<Camera>
					<longitude>-122.2799101987</longitude>
					<latitude>37.8697949629</latitude>
					<altitude>38.0</altitude>
					<heading>351.96</heading>
					<tilt>72.0</tilt>
					<roll>0</roll>
					<altitudeMode>relativeToGround</altitudeMode>
				</Camera>
			</gx:FlyTo>
			<gx:FlyTo>
				<gx:duration>0.53</gx:duration>
				<gx:flyToMode>smooth</gx:flyToMode>
				<Camera>
					<longitude>-122.2799893312</longitude>
					<latitude>37.8697898219</latitude>
					<altitude>38.0</altitude>
					<heading>358.63</heading>
					<tilt>72.0</tilt>
					<roll>0</roll>
					<altitudeMode>relativeToGround</altitudeMode>
				</Camera>
			</gx:FlyTo>
			<gx:FlyTo>
				<gx:duration>0.53</gx:duration>
				<gx:flyToMode>smooth</gx:flyToMode>
				<Camera>
					<longitude>-122.2800686847</longitude>
					<latitude>37.8697919676</latitude>
					<altitude>38.0</altitude>
					<heading>5.30</heading>
					<tilt>72.0</tilt>
					<roll>0</roll>
					<altitudeMode>relativeToGround</altitudeMode>
				</Camera>
			</gx:FlyTo>
			<gx:FlyTo>
				<gx:duration>0.53</gx:duration>
				<gx:flyToMode>smooth</gx:flyToMode>
				<Camera>
					<longitude>-122.2801471861</longitude>
					<latitude>37.8698013711</latitude>
					<altitude>38.0</altitude>
					<heading>11.96</heading>
					<tilt>72.0</tilt>
					<roll>0</roll>
					<altitudeMode>relativeToGround</altitudeMode>
				</Camera>
			</gx:FlyTo>
			<gx:FlyTo>
				<gx:duration>0.53</gx:duration>
				<gx:flyToMode>smooth</gx:flyToMode>
				<Camera>
					<longitude>-122.2802237738</longitude>
					<latitude>37.8698179052</latitude>
					<altitude>38.0</altitude>
					<heading>18.63</heading>
					<tilt>72.0</tilt>
					<roll>0</roll>
					<altitudeMode>relativeToGround</altitudeMode>
				</Camera>
			</gx:FlyTo>
			<gx:FlyTo>
				<gx:duration>0.53</gx:duration>
				<gx:flyToMode>smooth</gx:flyToMode>
				<Camera>
					<longitude>-122.2802974120</longitude>
					<latitude>37.8698413464</latitude>
					<altitude>38.0</altitude>
					<heading>25.30</heading>
					<tilt>72.0</tilt>
					<roll>0</roll>
					<altitudeMode>relativeToGround</altitudeMode>
				</Camera>
			</gx:FlyTo>
			<gx:FlyTo>
				<gx:duration>0.53</gx:duration>
				<gx:flyToMode>smooth</gx:flyToMode>
				<Camera>
					<longitude>-122.2803671050</longitude>
					<latitude>37.8698713775</latitude>
					<altitude>38.0</altitude>
					<heading>31.96</heading>
					<tilt>72.0</tilt>
					<roll>0</roll>
					<altitudeMode>relativeToGround</altitudeMode>
				</Camera>
			</gx:FlyTo>
			<gx:FlyTo>
				<gx:duration>0.53</gx:duration>
				<gx:flyToMode>smooth</gx:flyToMode>
				<Camera>
					<longitude>-122.2804319102</longitude>
					<latitude>37.8699075925</latitude>
					<altitude>38.0</altitude>
					<heading>38.63</heading>
					<tilt>72.0</tilt>
					<roll>0</roll>
					<altitudeMode>relativeToGround</altitudeMode>
				</Camera>
			</gx:FlyTo>
			<gx:FlyTo>
				<gx:duration>0.53</gx:duration>
				<gx:flyToMode>smooth</gx:flyToMode>
				<Camera>
					<longitude>-122.2804909513</longitude>
					<latitude>37.8699495016</latitude>
					<altitude>38.0</altitude>
					<heading>45.30</heading>
					<tilt>72.0</tilt>
					<roll>0</roll>
					<altitudeMode>relativeToGround</altitudeMode>
				</Camera>
			</gx:FlyTo>
			<gx:FlyTo>
				<gx:duration>0.53</gx:duration>
				<gx:flyToMode>smooth</gx:flyToMode>
				<Camera>
					<longitude>-122.2805434299</longitude>
					<latitude>37.8699965382</latitude>
					<altitude>38.0</altitude>
					<heading>51.96</heading>
					<tilt>72.0</tilt>
					<roll>0</roll>
					<altitudeMode>relativeToGround</altitudeMode>
				</Camera>
			</gx:FlyTo>
			<gx:FlyTo>
				<gx:duration>0.53</gx:duration>
				<gx:flyToMode>smooth</gx:flyToMode>
				<Camera>
					<longitude>-122.2805886362</longitude>
					<latitude>37.8700480660</latitude>
					<altitude>38.0</altitude>
					<heading>58.63</heading>
					<tilt>72.0</tilt>
					<roll>0</roll>
					<altitudeMode>relativeToGround</altitudeMode>
				</Camera>
			</gx:FlyTo>
			<gx:FlyTo>
				<gx:duration>0.40</gx:duration>
				<gx:flyToMode>smooth</gx:flyToMode>
				<Camera>
					<longitude>-122.2806230868</longitude>
					<latitude>37.8701044313</latitude>
					<altitude>37.7</altitude>
					<heading>65.30</heading>
					<tilt>72.3</tilt>
					<roll>0</roll>
					<altitudeMode>relativeToGround</altitudeMode>
				</Camera>
			</gx:FlyTo>
			<gx:FlyTo>
				<gx:duration>0.40</gx:duration>
				<gx:flyToMode>smooth</gx:flyToMode>
				<Camera>
					<longitude>-122.2806435764</longitude>
					<latitude>37.8701646662</latitude>
					<altitude>37.0</altitude>
					<heading>71.96</heading>
					<tilt>73.2</tilt>
					<roll>0</roll>
					<altitudeMode>relativeToGround</altitudeMode>
				</Camera>
			</gx:FlyTo>
			<gx:FlyTo>
				<gx:duration>0.40</gx:duration>
				<gx:flyToMode>smooth</gx:flyToMode>
				<Camera>
					<longitude>-122.2806504353</longitude>
					<latitude>37.8702262902</latitude>
					<altitude>36.0</altitude>
					<heading>78.63</heading>
					<tilt>74.5</tilt>
					<roll>0</roll>
					<altitudeMode>relativeToGround</altitudeMode>
				</Camera>
			</gx:FlyTo>
			<gx:FlyTo>
				<gx:duration>0.40</gx:duration>
				<gx:flyToMode>smooth</gx:flyToMode>
				<Camera>
					<longitude>-122.2806446343</longitude>
					<latitude>37.8702871426</latitude>
					<altitude>34.6</altitude>
					<heading>85.30</heading>
					<tilt>76.1</tilt>
					<roll>0</roll>
					<altitudeMode>relativeToGround</altitudeMode>
				</Camera>
			</gx:FlyTo>
			<gx:FlyTo>
				<gx:duration>0.40</gx:duration>
				<gx:flyToMode>smooth</gx:flyToMode>
				<Camera>
					<longitude>-122.2806276470</longitude>
					<latitude>37.8703454726</latitude>
					<altitude>33.1</altitude>
					<heading>91.96</heading>
					<tilt>78.0</tilt>
					<roll>0</roll>
					<altitudeMode>relativeToGround</altitudeMode>
				</Camera>
			</gx:FlyTo>
			<gx:FlyTo>
				<gx:duration>0.40</gx:duration>
				<gx:flyToMode>smooth</gx:flyToMode>
				<Camera>
					<longitude>-122.2806012946</longitude>
					<latitude>37.8704000024</latitude>
					<altitude>31.5</altitude>
					<heading>98.63</heading>
					<tilt>80.0</tilt>
					<roll>0</roll>
					<altitudeMode>relativeToGround</altitudeMode>
				</Camera>
			</gx:FlyTo>
			<gx:FlyTo>
				<gx:duration>0.40</gx:duration>
				<gx:flyToMode>smooth</gx:flyToMode>
				<Camera>
					<longitude>-122.2805675807</longitude>
					<latitude>37.8704499615</latitude>
					<altitude>29.9</altitude>
					<heading>105.30</heading>
					<tilt>82.0</tilt>
					<roll>0</roll>
					<altitudeMode>relativeToGround</altitudeMode>
				</Camera>
			</gx:FlyTo>
			<gx:FlyTo>
				<gx:duration>0.40</gx:duration>
				<gx:flyToMode>smooth</gx:flyToMode>
				<Camera>
					<longitude>-122.2805285215</longitude>
					<latitude>37.8704950915</latitude>
					<altitude>28.4</altitude>
					<heading>111.96</heading>
					<tilt>83.9</tilt>
					<roll>0</roll>
					<altitudeMode>relativeToGround</altitudeMode>
				</Camera>
			</gx:FlyTo>
			<gx:FlyTo>
				<gx:duration>0.40</gx:duration>
				<gx:flyToMode>smooth</gx:flyToMode>
				<Camera>
					<longitude>-122.2804859815</longitude>
					<latitude>37.8705356219</latitude>
					<altitude>27.0</altitude>
					<heading>118.63</heading>
					<tilt>85.5</tilt>
					<roll>0</roll>
					<altitudeMode>relativeToGround</altitudeMode>
				</Camera>
			</gx:FlyTo>
			<gx:FlyTo>
				<gx:duration>0.40</gx:duration>
				<gx:flyToMode>smooth</gx:flyToMode>
				<Camera>
					<longitude>-122.2804415195</longitude>
					<latitude>37.8705722175</latitude>
					<altitude>26.0</altitude>
					<heading>125.30</heading>
					<tilt>86.8</tilt>
					<roll>0</roll>
					<altitudeMode>relativeToGround</altitudeMode>
				</Camera>
			</gx:FlyTo>
			<gx:FlyTo>
				<gx:duration>0.40</gx:duration>
				<gx:flyToMode>smooth</gx:flyToMode>
				<Camera>
					<longitude>-122.2803962536</longitude>
					<latitude>37.8706058999</latitude>
					<altitude>25.3</altitude>
					<heading>131.96</heading>
					<tilt>87.7</tilt>
					<roll>0</roll>
					<altitudeMode>relativeToGround</altitudeMode>
				</Camera>
			</gx:FlyTo>
			<gx:FlyTo>
				<gx:duration>0.40</gx:duration>
				<gx:flyToMode>smooth</gx:flyToMode>
				<Camera>
					<longitude>-122.2803507501</longitude>
					<latitude>37.8706379468</latitude>
					<altitude>25.0</altitude>
					<heading>138.63</heading>
					<tilt>88.0</tilt>
					<roll>0</roll>
					<altitudeMode>relativeToGround</altitudeMode>
				</Camera>
			</gx:FlyTo>
			<gx:FlyTo>
				<gx:duration>3.34</gx:duration>
				<gx:flyToMode>smooth</gx:flyToMode>
				<Camera>
					<longitude>-122.2803507501</longitude>
					<latitude>37.8706379468</latitude>
					<altitude>25.0</altitude>
					<heading>80.89</heading>
					<tilt>88.0</tilt>
					<roll>0</roll>
					<altitudeMode>relativeToGround</altitudeMode>
				</Camera>
			</gx:FlyTo>
			<gx:FlyTo>
				<gx:duration>3.34</gx:duration>
				<gx:flyToMode>smooth</gx:flyToMode>
				<Camera>
					<longitude>-122.2799003308</longitude>
					<latitude>37.8706949428</latitude>
					<altitude>25.0</altitude>
					<heading>80.89</heading>
					<tilt>88.0</tilt>
					<roll>0</roll>
					<altitudeMode>relativeToGround</altitudeMode>
				</Camera>
			</gx:FlyTo>
			<gx:FlyTo>
				<gx:duration>3.34</gx:duration>
				<gx:flyToMode>smooth</gx:flyToMode>
				<Camera>
					<longitude>-122.2794499114</longitude>
					<latitude>37.8707519389</latitude>
					<altitude>25.0</altitude>
					<heading>80.89</heading>
					<tilt>88.0</tilt>
					<roll>0</roll>
					<altitudeMode>relativeToGround</altitudeMode>
				</Camera>
			</gx:FlyTo>
			<gx:FlyTo>
				<gx:duration>3.34</gx:duration>
				<gx:flyToMode>smooth</gx:flyToMode>
				<Camera>
					<longitude>-122.2789994920</longitude>
					<latitude>37.8708089350</latitude>
					<altitude>25.0</altitude>
					<heading>80.89</heading>
					<tilt>88.0</tilt>
					<roll>0</roll>
					<altitudeMode>relativeToGround</altitudeMode>
				</Camera>
			</gx:FlyTo>
			<gx:FlyTo>
				<gx:duration>3.34</gx:duration>
				<gx:flyToMode>smooth</gx:flyToMode>
				<Camera>
					<longitude>-122.2785490726</longitude>
					<latitude>37.8708659310</latitude>
					<altitude>25.0</altitude>
					<heading>80.89</heading>
					<tilt>88.0</tilt>
					<roll>0</roll>
					<altitudeMode>relativeToGround</altitudeMode>
				</Camera>
			</gx:FlyTo>
			<gx:FlyTo>
				<gx:duration>3.34</gx:duration>
				<gx:flyToMode>smooth</gx:flyToMode>
				<Camera>
					<longitude>-122.2780986532</longitude>
					<latitude>37.8709229271</latitude>
					<altitude>25.0</altitude>
					<heading>80.89</heading>
					<tilt>88.0</tilt>
					<roll>0</roll>
					<altitudeMode>relativeToGround</altitudeMode>
				</Camera>
			</gx:FlyTo>
			<gx:FlyTo>
				<gx:duration>3.34</gx:duration>
				<gx:flyToMode>smooth</gx:flyToMode>
				<Camera>
					<longitude>-122.2776482338</longitude>
					<latitude>37.8709799231</latitude>
					<altitude>25.0</altitude>
					<heading>80.89</heading>
					<tilt>88.0</tilt>
					<roll>0</roll>
					<altitudeMode>relativeToGround</altitudeMode>
				</Camera>
			</gx:FlyTo>
			<gx:FlyTo>
				<gx:duration>3.34</gx:duration>
				<gx:flyToMode>smooth</gx:flyToMode>
				<Camera>
					<longitude>-122.2771978145</longitude>
					<latitude>37.8710369192</latitude>
					<altitude>25.0</altitude>
					<heading>80.89</heading>
					<tilt>88.0</tilt>
					<roll>0</roll>
					<altitudeMode>relativeToGround</altitudeMode>
				</Camera>
			</gx:FlyTo>
			<gx:FlyTo>
				<gx:duration>3.34</gx:duration>
				<gx:flyToMode>smooth</gx:flyToMode>
				<Camera>
					<longitude>-122.2767473951</longitude>
					<latitude>37.8710939153</latitude>
					<altitude>25.0</altitude>
					<heading>80.89</heading>
					<tilt>88.0</tilt>
					<roll>0</roll>
					<altitudeMode>relativeToGround</altitudeMode>
				</Camera>
			</gx:FlyTo>
			<gx:FlyTo>
				<gx:duration>3.34</gx:duration>
				<gx:flyToMode>smooth</gx:flyToMode>
				<Camera>
					<longitude>-122.2762969757</longitude>
					<latitude>37.8711509113</latitude>
					<altitude>25.0</altitude>
					<heading>80.89</heading>
					<tilt>88.0</tilt>
					<roll>0</roll>
					<altitudeMode>relativeToGround</altitudeMode>
				</Camera>
			</gx:FlyTo>
			<gx:FlyTo>
				<gx:duration>3.34</gx:duration>
				<gx:flyToMode>smooth</gx:flyToMode>
				<Camera>
					<longitude>-122.2758465563</longitude>
					<latitude>37.8712079074</latitude>
					<altitude>25.0</altitude>
					<heading>80.89</heading>
					<tilt>88.0</tilt>
					<roll>0</roll>
					<altitudeMode>relativeToGround</altitudeMode>
				</Camera>
			</gx:FlyTo>
			<gx:FlyTo>
				<gx:duration>3.34</gx:duration>
				<gx:flyToMode>smooth</gx:flyToMode>
				<Camera>
					<longitude>-122.2753961369</longitude>
					<latitude>37.8712649034</latitude>
					<altitude>25.0</altitude>
					<heading>80.89</heading>
					<tilt>88.0</tilt>
					<roll>0</roll>
					<altitudeMode>relativeToGround</altitudeMode>
				</Camera>
			</gx:FlyTo>
			<gx:FlyTo>
				<gx:duration>3.34</gx:duration>
				<gx:flyToMode>smooth</gx:flyToMode>
				<Camera>
					<longitude>-122.2749457176</longitude>
					<latitude>37.8713218995</latitude>
					<altitude>25.0</altitude>
					<heading>80.89</heading>
					<tilt>88.0</tilt>
					<roll>0</roll>
					<altitudeMode>relativeToGround</altitudeMode>
				</Camera>
			</gx:FlyTo>
			<gx:FlyTo>
				<gx:duration>3.34</gx:duration>
				<gx:flyToMode>smooth</gx:flyToMode>
				<Camera>
					<longitude>-122.2744952982</longitude>
					<latitude>37.8713788956</latitude>
					<altitude>25.0</altitude>
					<heading>80.89</heading>
					<tilt>88.0</tilt>
					<roll>0</roll>
					<altitudeMode>relativeToGround</altitudeMode>
				</Camera>
			</gx:FlyTo>
			<gx:FlyTo>
				<gx:duration>3.34</gx:duration>
				<gx:flyToMode>smooth</gx:flyToMode>
				<Camera>
					<longitude>-122.2740448788</longitude>
					<latitude>37.8714358916</latitude>
					<altitude>25.0</altitude>
					<heading>80.89</heading>
					<tilt>88.0</tilt>
					<roll>0</roll>
					<altitudeMode>relativeToGround</altitudeMode>
				</Camera>
			</gx:FlyTo>
			<gx:FlyTo>
				<gx:duration>3.34</gx:duration>
				<gx:flyToMode>smooth</gx:flyToMode>
				<Camera>
					<longitude>-122.2735944594</longitude>
					<latitude>37.8714928877</latitude>
					<altitude>25.0</altitude>
					<heading>80.89</heading>
					<tilt>88.0</tilt>
					<roll>0</roll>
					<altitudeMode>relativeToGround</altitudeMode>
				</Camera>
			</gx:FlyTo>
			<gx:FlyTo>
				<gx:duration>3.34</gx:duration>
				<gx:flyToMode>smooth</gx:flyToMode>
				<Camera>
					<longitude>-122.2731440400</longitude>
					<latitude>37.8715498837</latitude>
					<altitude>25.0</altitude>
					<heading>80.89</heading>
					<tilt>88.0</tilt>
					<roll>0</roll>
					<altitudeMode>relativeToGround</altitudeMode>
				</Camera>
			</gx:FlyTo>
			<gx:FlyTo>
				<gx:duration>3.34</gx:duration>
				<gx:flyToMode>smooth</gx:flyToMode>
				<Camera>
					<longitude>-122.2726936206</longitude>
					<latitude>37.8716068798</latitude>
					<altitude>25.0</altitude>
					<heading>80.89</heading>
					<tilt>88.0</tilt>
					<roll>0</roll>
					<altitudeMode>relativeToGround</altitudeMode>
				</Camera>
			</gx:FlyTo>
			<gx:FlyTo>
				<gx:duration>3.34</gx:duration>
				<gx:flyToMode>smooth</gx:flyToMode>
				<Camera>
					<longitude>-122.2722432013</longitude>
					<latitude>37.8716638759</latitude>
					<altitude>25.0</altitude>
					<heading>80.89</heading>
					<tilt>88.0</tilt>
					<roll>0</roll>
					<altitudeMode>relativeToGround</altitudeMode>
				</Camera>
			</gx:FlyTo>
			<gx:FlyTo>
				<gx:duration>3.34</gx:duration>
				<gx:flyToMode>smooth</gx:flyToMode>
				<Camera>
					<longitude>-122.2717927819</longitude>
					<latitude>37.8717208719</latitude>
					<altitude>25.0</altitude>
					<heading>80.89</heading>
					<tilt>88.0</tilt>
					<roll>0</roll>
					<altitudeMode>relativeToGround</altitudeMode>
				</Camera>
			</gx:FlyTo>
			<gx:FlyTo>
				<gx:duration>3.34</gx:duration>
				<gx:flyToMode>smooth</gx:flyToMode>
				<Camera>
					<longitude>-122.2713423625</longitude>
					<latitude>37.8717778680</latitude>
					<altitude>25.0</altitude>
					<heading>80.89</heading>
					<tilt>88.0</tilt>
					<roll>0</roll>
					<altitudeMode>relativeToGround</altitudeMode>
				</Camera>
			</gx:FlyTo>
			<gx:FlyTo>
				<gx:duration>3.34</gx:duration>
				<gx:flyToMode>smooth</gx:flyToMode>
				<Camera>
					<longitude>-122.2708919431</longitude>
					<latitude>37.8718348640</latitude>
					<altitude>25.0</altitude>
					<heading>80.89</heading>
					<tilt>88.0</tilt>
					<roll>0</roll>
					<altitudeMode>relativeToGround</altitudeMode>
				</Camera>
			</gx:FlyTo>
			<gx:FlyTo>
				<gx:duration>3.32</gx:duration>
				<gx:flyToMode>smooth</gx:flyToMode>
				<Camera>
					<longitude>-122.2704433806</longitude>
					<latitude>37.8718921704</latitude>
					<altitude>25.0</altitude>
					<heading>80.81</heading>
					<tilt>88.0</tilt>
					<roll>0</roll>
					<altitudeMode>relativeToGround</altitudeMode>
				</Camera>
			</gx:FlyTo>
			<gx:FlyTo>
				<gx:duration>0.30</gx:duration>
				<gx:flyToMode>smooth</gx:flyToMode>
				<Camera>
					<longitude>-122.2699546180</longitude>
					<latitude>37.8719539567</latitude>
					<altitude>25.7</altitude>
					<heading>80.06</heading>
					<tilt>87.8</tilt>
					<roll>0</roll>
					<altitudeMode>relativeToGround</altitudeMode>
				</Camera>
			</gx:FlyTo>
			<gx:FlyTo>
				<gx:duration>0.30</gx:duration>
				<gx:flyToMode>smooth</gx:flyToMode>
				<Camera>
					<longitude>-122.2699156221</longitude>
					<latitude>37.8719545458</latitude>
					<altitude>27.7</altitude>
					<heading>77.75</heading>
					<tilt>87.3</tilt>
					<roll>0</roll>
					<altitudeMode>relativeToGround</altitudeMode>
				</Camera>
			</gx:FlyTo>
			<gx:FlyTo>
				<gx:duration>0.30</gx:duration>
				<gx:flyToMode>smooth</gx:flyToMode>
				<Camera>
					<longitude>-122.2698780450</longitude>
					<latitude>37.8719483542</latitude>
					<altitude>30.8</altitude>
					<heading>73.77</heading>
					<tilt>86.5</tilt>
					<roll>0</roll>
					<altitudeMode>relativeToGround</altitudeMode>
				</Camera>
			</gx:FlyTo>
			<gx:FlyTo>
				<gx:duration>0.30</gx:duration>
				<gx:flyToMode>smooth</gx:flyToMode>
				<Camera>
					<longitude>-122.2698407896</longitude>
					<latitude>37.8719342499</latitude>
					<altitude>34.8</altitude>
					<heading>68.12</heading>
					<tilt>85.5</tilt>
					<roll>0</roll>
					<altitudeMode>relativeToGround</altitudeMode>
				</Camera>
			</gx:FlyTo>
			<gx:FlyTo>
				<gx:duration>0.30</gx:duration>
				<gx:flyToMode>smooth</gx:flyToMode>
				<Camera>
					<longitude>-122.2698018042</longitude>
					<latitude>37.8719133893</latitude>
					<altitude>39.6</altitude>
					<heading>60.81</heading>
					<tilt>84.3</tilt>
					<roll>0</roll>
					<altitudeMode>relativeToGround</altitudeMode>
				</Camera>
			</gx:FlyTo>
			<gx:FlyTo>
				<gx:duration>0.30</gx:duration>
				<gx:flyToMode>smooth</gx:flyToMode>
				<Camera>
					<longitude>-122.2697589163</longitude>
					<latitude>37.8718893792</latitude>
					<altitude>44.9</altitude>
					<heading>51.95</heading>
					<tilt>82.9</tilt>
					<roll>0</roll>
					<altitudeMode>relativeToGround</altitudeMode>
				</Camera>
			</gx:FlyTo>
			<gx:FlyTo>
				<gx:duration>0.30</gx:duration>
				<gx:flyToMode>smooth</gx:flyToMode>
				<Camera>
					<longitude>-122.2697108944</longitude>
					<latitude>37.8718679670</latitude>
					<altitude>50.6</altitude>
					<heading>41.68</heading>
					<tilt>81.5</tilt>
					<roll>0</roll>
					<altitudeMode>relativeToGround</altitudeMode>
				</Camera>
			</gx:FlyTo>
			<gx:FlyTo>
				<gx:duration>0.30</gx:duration>
				<gx:flyToMode>smooth</gx:flyToMode>
				<Camera>
					<longitude>-122.2696584668</longitude>
					<latitude>37.8718562223</latitude>
					<altitude>56.5</altitude>
					<heading>30.20</heading>
					<tilt>80.0</tilt>
					<roll>0</roll>
					<altitudeMode>relativeToGround</altitudeMode>
				</Camera>
			</gx:FlyTo>
			<gx:FlyTo>
				<gx:duration>0.30</gx:duration>
				<gx:flyToMode>smooth</gx:flyToMode>
				<Camera>
					<longitude>-122.2696036410</longitude>
					<latitude>37.8718540310</latitude>
					<altitude>62.4</altitude>
					<heading>17.80</heading>
					<tilt>78.5</tilt>
					<roll>0</roll>
					<altitudeMode>relativeToGround</altitudeMode>
				</Camera>
			</gx:FlyTo>
			<gx:FlyTo>
				<gx:duration>0.30</gx:duration>
				<gx:flyToMode>smooth</gx:flyToMode>
				<Camera>
					<longitude>-122.2695473185</longitude>
					<latitude>37.8718569019</latitude>
					<altitude>68.1</altitude>
					<heading>4.79</heading>
					<tilt>77.1</tilt>
					<roll>0</roll>
					<altitudeMode>relativeToGround</altitudeMode>
				</Camera>
			</gx:FlyTo>
			<gx:FlyTo>
				<gx:duration>0.30</gx:duration>
				<gx:flyToMode>smooth</gx:flyToMode>
				<Camera>
					<longitude>-122.2694907009</longitude>
					<latitude>37.8718654697</latitude>
					<altitude>73.4</altitude>
					<heading>351.55</heading>
					<tilt>75.7</tilt>
					<roll>0</roll>
					<altitudeMode>relativeToGround</altitudeMode>
				</Camera>
			</gx:FlyTo>
			<gx:FlyTo>
				<gx:duration>0.30</gx:duration>
				<gx:flyToMode>smooth</gx:flyToMode>
				<Camera>
					<longitude>-122.2694352141</longitude>
					<latitude>37.8718801710</latitude>
					<altitude>78.2</altitude>
					<heading>338.54</heading>
					<tilt>74.5</tilt>
					<roll>0</roll>
					<altitudeMode>relativeToGround</altitudeMode>
				</Camera>
			</gx:FlyTo>
			<gx:FlyTo>
				<gx:duration>0.30</gx:duration>
				<gx:flyToMode>smooth</gx:flyToMode>
				<Camera>
					<longitude>-122.2693824608</longitude>
					<latitude>37.8719012088</latitude>
					<altitude>82.2</altitude>
					<heading>326.25</heading>
					<tilt>73.5</tilt>
					<roll>0</roll>
					<altitudeMode>relativeToGround</altitudeMode>
				</Camera>
			</gx:FlyTo>
			<gx:FlyTo>
				<gx:duration>0.30</gx:duration>
				<gx:flyToMode>smooth</gx:flyToMode>
				<Camera>
					<longitude>-122.2693341655</longitude>
					<latitude>37.8719285237</latitude>
					<altitude>85.3</altitude>
					<heading>315.24</heading>
					<tilt>72.7</tilt>
					<roll>0</roll>
					<altitudeMode>relativeToGround</altitudeMode>
				</Camera>
			</gx:FlyTo>
			<gx:FlyTo>
				<gx:duration>0.30</gx:duration>
				<gx:flyToMode>smooth</gx:flyToMode>
				<Camera>
					<longitude>-122.2692921139</longitude>
					<latitude>37.8719617721</latitude>
					<altitude>87.3</altitude>
					<heading>306.13</heading>
					<tilt>72.2</tilt>
					<roll>0</roll>
					<altitudeMode>relativeToGround</altitudeMode>
				</Camera>
			</gx:FlyTo>
			<gx:FlyTo>
				<gx:duration>0.30</gx:duration>
				<gx:flyToMode>smooth</gx:flyToMode>
				<Camera>
					<longitude>-122.2692580877</longitude>
					<latitude>37.8720003121</latitude>
					<altitude>88.0</altitude>
					<heading>299.60</heading>
					<tilt>72.0</tilt>
					<roll>0</roll>
					<altitudeMode>relativeToGround</altitudeMode>
				</Camera>
			</gx:FlyTo>
			<gx:FlyTo>
				<gx:duration>0.53</gx:duration>
				<gx:flyToMode>smooth</gx:flyToMode>
				<Camera>
					<longitude>-122.2692229446</longitude>
					<latitude>37.8720565173</latitude>
					<altitude>88.0</altitude>
					<heading>292.94</heading>
					<tilt>72.0</tilt>
					<roll>0</roll>
					<altitudeMode>relativeToGround</altitudeMode>
				</Camera>
			</gx:FlyTo>
			<gx:FlyTo>
				<gx:duration>0.53</gx:duration>
				<gx:flyToMode>smooth</gx:flyToMode>
				<Camera>
					<longitude>-122.2691963050</longitude>
					<latitude>37.8721155630</latitude>
					<altitude>88.0</altitude>
					<heading>286.27</heading>
					<tilt>72.0</tilt>
					<roll>0</roll>
					<altitudeMode>relativeToGround</altitudeMode>
				</Camera>
			</gx:FlyTo>
			<gx:FlyTo>
				<gx:duration>0.53</gx:duration>
				<gx:flyToMode>smooth</gx:flyToMode>
				<Camera>
					<longitude>-122.2691785293</longitude>
					<latitude>37.8721766508</latitude>
					<altitude>88.0</altitude>
					<heading>279.60</heading>
					<tilt>72.0</tilt>
					<roll>0</roll>
					<altitudeMode>relativeToGround</altitudeMode>
				</Camera>
			</gx:FlyTo>
			<gx:FlyTo>
				<gx:duration>0.53</gx:duration>
				<gx:flyToMode>smooth</gx:flyToMode>
				<Camera>
					<longitude>-122.2691698579</longitude>
					<latitude>37.8722389544</latitude>
					<altitude>88.0</altitude>
					<heading>272.94</heading>
					<tilt>72.0</tilt>
					<roll>0</roll>
					<altitudeMode>relativeToGround</altitudeMode>
				</Camera>
			</gx:FlyTo>
			<gx:FlyTo>
				<gx:duration>0.53</gx:duration>
				<gx:flyToMode>smooth</gx:flyToMode>
				<Camera>
					<longitude>-122.2691704080</longitude>
					<latitude>37.8723016315</latitude>
					<altitude>88.0</altitude>
					<heading>266.27</heading>
					<tilt>72.0</tilt>
					<roll>0</roll>
					<altitudeMode>relativeToGround</altitudeMode>
				</Camera>
			</gx:FlyTo>
			<gx:FlyTo>
				<gx:duration>0.53</gx:duration>
				<gx:flyToMode>smooth</gx:flyToMode>
				<Camera>
					<longitude>-122.2691801721</longitude>
					<latitude>37.8723638344</latitude>
					<altitude>88.0</altitude>
					<heading>259.60</heading>
					<tilt>72.0</tilt>
					<roll>0</roll>
					<altitudeMode>relativeToGround</altitudeMode>
				</Camera>
			</gx:FlyTo>
			<gx:FlyTo>
				<gx:duration>0.53</gx:duration>
				<gx:flyToMode>smooth</gx:flyToMode>
				<Camera>
					<longitude>-122.2691990184</longitude>
					<latitude>37.8724247218</latitude>
					<altitude>88.0</altitude>
					<heading>252.94</heading>
					<tilt>72.0</tilt>
					<roll>0</roll>
					<altitudeMode>relativeToGround</altitudeMode>
				</Camera>
			</gx:FlyTo>
			<gx:FlyTo>
				<gx:duration>0.53</gx:duration>
				<gx:flyToMode>smooth</gx:flyToMode>
				<Camera>
					<longitude>-122.2692266918</longitude>
					<latitude>37.8724834705</latitude>
					<altitude>88.0</altitude>
					<heading>246.27</heading>
					<tilt>72.0</tilt>
					<roll>0</roll>
					<altitudeMode>relativeToGround</altitudeMode>
				</Camera>
			</gx:FlyTo>
			<gx:FlyTo>
				<gx:duration>0.53</gx:duration>
				<gx:flyToMode>smooth</gx:flyToMode>
				<Camera>
					<longitude>-122.2692628181</longitude>
					<latitude>37.8725392859</latitude>
					<altitude>88.0</altitude>
					<heading>239.60</heading>
					<tilt>72.0</tilt>
					<roll>0</roll>
					<altitudeMode>relativeToGround</altitudeMode>
				</Camera>
			</gx:FlyTo>
			<gx:FlyTo>
				<gx:duration>0.53</gx:duration>
				<gx:flyToMode>smooth</gx:flyToMode>
				<Camera>
					<longitude>-122.2693069089</longitude>
					<latitude>37.8725914132</latitude>
					<altitude>88.0</altitude>
					<heading>232.94</heading>
					<tilt>72.0</tilt>
					<roll>0</roll>
					<altitudeMode>relativeToGround</altitudeMode>
				</Camera>
			</gx:FlyTo>
			<gx:FlyTo>
				<gx:duration>0.53</gx:duration>
				<gx:flyToMode>smooth</gx:flyToMode>
				<Camera>
					<longitude>-122.2693583678</longitude>
					<latitude>37.8726391475</latitude>
					<altitude>88.0</altitude>
					<heading>226.27</heading>
					<tilt>72.0</tilt>
					<roll>0</roll>
					<altitudeMode>relativeToGround</altitudeMode>
				</Camera>
			</gx:FlyTo>
			<gx:FlyTo>
				<gx:duration>0.53</gx:duration>
				<gx:flyToMode>smooth</gx:flyToMode>
				<Camera>
					<longitude>-122.2694164989</longitude>
					<latitude>37.8726818433</latitude>
					<altitude>88.0</altitude>
					<heading>219.60</heading>
					<tilt>72.0</tilt>
					<roll>0</roll>
					<altitudeMode>relativeToGround</altitudeMode>
				</Camera>
			</gx:FlyTo>
			<gx:FlyTo>
				<gx:duration>0.53</gx:duration>
				<gx:flyToMode>smooth</gx:flyToMode>
				<Camera>
					<longitude>-122.2694805162</longitude>
					<latitude>37.8727189231</latitude>
					<altitude>88.0</altitude>
					<heading>212.94</heading>
					<tilt>72.0</tilt>
					<roll>0</roll>
					<altitudeMode>relativeToGround</altitudeMode>
				</Camera>
			</gx:FlyTo>
			<gx:FlyTo>
				<gx:duration>0.53</gx:duration>
				<gx:flyToMode>smooth</gx:flyToMode>
				<Camera>
					<longitude>-122.2695495539</longitude>
					<latitude>37.8727498856</latitude>
					<altitude>88.0</altitude>
					<heading>206.27</heading>
					<tilt>72.0</tilt>
					<roll>0</roll>
					<altitudeMode>relativeToGround</altitudeMode>
				</Camera>
			</gx:FlyTo>
			<gx:FlyTo>
				<gx:duration>0.53</gx:duration>
				<gx:flyToMode>smooth</gx:flyToMode>
				<Camera>
					<longitude>-122.2696226783</longitude>
					<latitude>37.8727743120</latitude>
					<altitude>88.0</altitude>
					<heading>199.60</heading>
					<tilt>72.0</tilt>
					<roll>0</roll>
					<altitudeMode>relativeToGround</altitudeMode>
				</Camera>
			</gx:FlyTo>
			<gx:FlyTo>
				<gx:duration>0.53</gx:duration>
				<gx:flyToMode>smooth</gx:flyToMode>
				<Camera>
					<longitude>-122.2696989007</longitude>
					<latitude>37.8727918720</latitude>
					<altitude>88.0</altitude>
					<heading>192.94</heading>
					<tilt>72.0</tilt>
					<roll>0</roll>
					<altitudeMode>relativeToGround</altitudeMode>
				</Camera>
			</gx:FlyTo>
			<gx:FlyTo>
				<gx:duration>0.53</gx:duration>
				<gx:flyToMode>smooth</gx:flyToMode>
				<Camera>
					<longitude>-122.2697771902</longitude>
					<latitude>37.8728023281</latitude>
					<altitude>88.0</altitude>
					<heading>186.27</heading>
					<tilt>72.0</tilt>
					<roll>0</roll>
					<altitudeMode>relativeToGround</altitudeMode>
				</Camera>
			</gx:FlyTo>
			<gx:FlyTo>
				<gx:duration>0.53</gx:duration>
				<gx:flyToMode>smooth</gx:flyToMode>
				<Camera>
					<longitude>-122.2698564881</longitude>
					<latitude>37.8728055390</latitude>
					<altitude>88.0</altitude>
					<heading>179.60</heading>
					<tilt>72.0</tilt>
					<roll>0</roll>
					<altitudeMode>relativeToGround</altitudeMode>
				</Camera>
			</gx:FlyTo>
			<gx:FlyTo>
				<gx:duration>0.53</gx:duration>
				<gx:flyToMode>smooth</gx:flyToMode>
				<Camera>
					<longitude>-122.2699357221</longitude>
					<latitude>37.8728014611</latitude>
					<altitude>88.0</altitude>
					<heading>172.94</heading>
					<tilt>72.0</tilt>
					<roll>0</roll>
					<altitudeMode>relativeToGround</altitudeMode>
				</Camera>
			</gx:FlyTo>
			<gx:FlyTo>
				<gx:duration>0.53</gx:duration>
				<gx:flyToMode>smooth</gx:flyToMode>
				<Camera>
					<longitude>-122.2700138205</longitude>
					<latitude>37.8727901497</latitude>
					<altitude>88.0</altitude>
					<heading>166.27</heading>
					<tilt>72.0</tilt>
					<roll>0</roll>
					<altitudeMode>relativeToGround</altitudeMode>
				</Camera>
			</gx:FlyTo>
			<gx:FlyTo>
				<gx:duration>0.53</gx:duration>
				<gx:flyToMode>smooth</gx:flyToMode>
				<Camera>
					<longitude>-122.2700897274</longitude>
					<latitude>37.8727717578</latitude>
					<altitude>88.0</altitude>
					<heading>159.60</heading>
					<tilt>72.0</tilt>
					<roll>0</roll>
					<altitudeMode>relativeToGround</altitudeMode>
				</Camera>
			</gx:FlyTo>
			<gx:FlyTo>
				<gx:duration>0.53</gx:duration>
				<gx:flyToMode>smooth</gx:flyToMode>
				<Camera>
					<longitude>-122.2701624161</longitude>
					<latitude>37.8727465339</latitude>
					<altitude>88.0</altitude>
					<heading>152.94</heading>
					<tilt>72.0</tilt>
					<roll>0</roll>
					<altitudeMode>relativeToGround</altitudeMode>
				</Camera>
			</gx:FlyTo>
			<gx:FlyTo>
				<gx:duration>0.53</gx:duration>
				<gx:flyToMode>smooth</gx:flyToMode>
				<Camera>
					<longitude>-122.2702309037</longitude>
					<latitude>37.8727148193</latitude>
					<altitude>88.0</altitude>
					<heading>146.27</heading>
					<tilt>72.0</tilt>
					<roll>0</roll>
					<altitudeMode>relativeToGround</altitudeMode>
				</Camera>
			</gx:FlyTo>
			<gx:FlyTo>
				<gx:duration>0.53</gx:duration>
				<gx:flyToMode>smooth</gx:flyToMode>
				<Camera>
					<longitude>-122.2702942639</longitude>
					<latitude>37.8726770429</latitude>
					<altitude>88.0</altitude>
					<heading>139.60</heading>
					<tilt>72.0</tilt>
					<roll>0</roll>
					<altitudeMode>relativeToGround</altitudeMode>
				</Camera>
			</gx:FlyTo>
			<gx:FlyTo>
				<gx:duration>0.53</gx:duration>
				<gx:flyToMode>smooth</gx:flyToMode>
				<Camera>
					<longitude>-122.2703516401</longitude>
					<latitude>37.8726337154</latitude>
					<altitude>88.0</altitude>
					<heading>132.94</heading>
					<tilt>72.0</tilt>
					<roll>0</roll>
					<altitudeMode>relativeToGround</altitudeMode>
				</Camera>
			</gx:FlyTo>
			<gx:FlyTo>
				<gx:duration>0.53</gx:duration>
				<gx:flyToMode>smooth</gx:flyToMode>
				<Camera>
					<longitude>-122.2704022562</longitude>
					<latitude>37.8725854228</latitude>
					<altitude>88.0</altitude>
					<heading>126.27</heading>
					<tilt>72.0</tilt>
					<roll>0</roll>
					<altitudeMode>relativeToGround</altitudeMode>
				</Camera>
			</gx:FlyTo>
			<gx:FlyTo>
				<gx:duration>0.53</gx:duration>
				<gx:flyToMode>smooth</gx:flyToMode>
				<Camera>
					<longitude>-122.2704454277</longitude>
					<latitude>37.8725328183</latitude>
					<altitude>88.0</altitude>
					<heading>119.60</heading>
					<tilt>72.0</tilt>
					<roll>0</roll>
					<altitudeMode>relativeToGround</altitudeMode>
				</Camera>
			</gx:FlyTo>
			<gx:FlyTo>
				<gx:duration>0.53</gx:duration>
				<gx:flyToMode>smooth</gx:flyToMode>
				<Camera>
					<longitude>-122.2704805709</longitude>
					<latitude>37.8724766131</latitude>
					<altitude>88.0</altitude>
					<heading>112.94</heading>
					<tilt>72.0</tilt>
					<roll>0</roll>
					<altitudeMode>relativeToGround</altitudeMode>
				</Camera>
			</gx:FlyTo>
			<gx:FlyTo>
				<gx:duration>0.53</gx:duration>
				<gx:flyToMode>smooth</gx:flyToMode>
				<Camera>
					<longitude>-122.2705072105</longitude>
					<latitude>37.8724175674</latitude>
					<altitude>88.0</altitude>
					<heading>106.27</heading>
					<tilt>72.0</tilt>
					<roll>0</roll>
					<altitudeMode>relativeToGround</altitudeMode>
				</Camera>
			</gx:FlyTo>
			<gx:FlyTo>
				<gx:duration>0.53</gx:duration>
				<gx:flyToMode>smooth</gx:flyToMode>
				<Camera>
					<longitude>-122.2705249862</longitude>
					<latitude>37.8723564797</latitude>
					<altitude>88.0</altitude>
					<heading>99.60</heading>
					<tilt>72.0</tilt>
					<roll>0</roll>
					<altitudeMode>relativeToGround</altitudeMode>
				</Camera>
			</gx:FlyTo>
			<gx:FlyTo>
				<gx:duration>0.40</gx:duration>
				<gx:flyToMode>smooth</gx:flyToMode>
				<Camera>
					<longitude>-122.2705286195</longitude>
					<latitude>37.8722939720</latitude>
					<altitude>86.8</altitude>
					<heading>92.94</heading>
					<tilt>72.3</tilt>
					<roll>0</roll>
					<altitudeMode>relativeToGround</altitudeMode>
				</Camera>
			</gx:FlyTo>
			<gx:FlyTo>
				<gx:duration>0.40</gx:duration>
				<gx:flyToMode>smooth</gx:flyToMode>
				<Camera>
					<longitude>-122.2705141559</longitude>
					<latitude>37.8722324743</latitude>
					<altitude>83.3</altitude>
					<heading>86.27</heading>
					<tilt>73.2</tilt>
					<roll>0</roll>
					<altitudeMode>relativeToGround</altitudeMode>
				</Camera>
			</gx:FlyTo>
			<gx:FlyTo>
				<gx:duration>0.40</gx:duration>
				<gx:flyToMode>smooth</gx:flyToMode>
				<Camera>
					<longitude>-122.2704839403</longitude>
					<latitude>37.8721750030</latitude>
					<altitude>78.2</altitude>
					<heading>79.60</heading>
					<tilt>74.5</tilt>
					<roll>0</roll>
					<altitudeMode>relativeToGround</altitudeMode>
				</Camera>
			</gx:FlyTo>
			<gx:FlyTo>
				<gx:duration>0.40</gx:duration>
				<gx:flyToMode>smooth</gx:flyToMode>
				<Camera>
					<longitude>-122.2704409519</longitude>
					<latitude>37.8721238054</latitude>
					<altitude>71.7</altitude>
					<heading>72.94</heading>
					<tilt>76.1</tilt>
					<roll>0</roll>
					<altitudeMode>relativeToGround</altitudeMode>
				</Camera>
			</gx:FlyTo>
			<gx:FlyTo>
				<gx:duration>0.40</gx:duration>
				<gx:flyToMode>smooth</gx:flyToMode>
				<Camera>
					<longitude>-122.2703885352</longitude>
					<latitude>37.8720802971</latitude>
					<altitude>64.3</altitude>
					<heading>66.27</heading>
					<tilt>78.0</tilt>
					<roll>0</roll>
					<altitudeMode>relativeToGround</altitudeMode>
				</Camera>
			</gx:FlyTo>
			<gx:FlyTo>
				<gx:duration>0.40</gx:duration>
				<gx:flyToMode>smooth</gx:flyToMode>
				<Camera>
					<longitude>-122.2703301242</longitude>
					<latitude>37.8720450477</latitude>
					<altitude>56.5</altitude>
					<heading>59.60</heading>
					<tilt>80.0</tilt>
					<roll>0</roll>
					<altitudeMode>relativeToGround</altitudeMode>
				</Camera>
			</gx:FlyTo>
			<gx:FlyTo>
				<gx:duration>0.40</gx:duration>
				<gx:flyToMode>smooth</gx:flyToMode>
				<Camera>
					<longitude>-122.2702689745</longitude>
					<latitude>37.8720178136</latitude>
					<altitude>48.7</altitude>
					<heading>52.94</heading>
					<tilt>82.0</tilt>
					<roll>0</roll>
					<altitudeMode>relativeToGround</altitudeMode>
				</Camera>
			</gx:FlyTo>
			<gx:FlyTo>
				<gx:duration>0.40</gx:duration>
				<gx:flyToMode>smooth</gx:flyToMode>
				<Camera>
					<longitude>-122.2702079126</longitude>
					<latitude>37.8719976157</latitude>
					<altitude>41.3</altitude>
					<heading>46.27</heading>
					<tilt>83.9</tilt>
					<roll>0</roll>
					<altitudeMode>relativeToGround</altitudeMode>
				</Camera>
			</gx:FlyTo>
			<gx:FlyTo>
				<gx:duration>0.40</gx:duration>
				<gx:flyToMode>smooth</gx:flyToMode>
				<Camera>
					<longitude>-122.2701491147</longitude>
					<latitude>37.8719828586</latitude>
					<altitude>34.8</altitude>
					<heading>39.60</heading>
					<tilt>85.5</tilt>
					<roll>0</roll>
					<altitudeMode>relativeToGround</altitudeMode>
				</Camera>
			</gx:FlyTo>
			<gx:FlyTo>
				<gx:duration>0.40</gx:duration>
				<gx:flyToMode>smooth</gx:flyToMode>
				<Camera>
					<longitude>-122.2700939244</longitude>
					<latitude>37.8719714850</latitude>
					<altitude>29.7</altitude>
					<heading>32.94</heading>
					<tilt>86.8</tilt>
					<roll>0</roll>
					<altitudeMode>relativeToGround</altitudeMode>
				</Camera>
			</gx:FlyTo>
			<gx:FlyTo>
				<gx:duration>0.40</gx:duration>
				<gx:flyToMode>smooth</gx:flyToMode>
				<Camera>
					<longitude>-122.2700427171</longitude>
					<latitude>37.8719611602</latitude>
					<altitude>26.2</altitude>
					<heading>26.27</heading>
					<tilt>87.7</tilt>
					<roll>0</roll>
					<altitudeMode>relativeToGround</altitudeMode>
				</Camera>
			</gx:FlyTo>
			<gx:FlyTo>
				<gx:duration>0.40</gx:duration>
				<gx:flyToMode>smooth</gx:flyToMode>
				<Camera>
					<longitude>-122.2699948180</longitude>
					<latitude>37.8719494768</latitude>
					<altitude>25.0</altitude>
					<heading>19.60</heading>
					<tilt>88.0</tilt>
					<roll>0</roll>
					<altitudeMode>relativeToGround</altitudeMode>
				</Camera>
			</gx:FlyTo>
			<gx:FlyTo>
				<gx:duration>3.32</gx:duration>
				<gx:flyToMode>smooth</gx:flyToMode>
				<Camera>
					<longitude>-122.2699948180</longitude>
					<latitude>37.8719494768</latitude>
					<altitude>25.0</altitude>
					<heading>80.81</heading>
					<tilt>88.0</tilt>
					<roll>0</roll>
					<altitudeMode>relativeToGround</altitudeMode>
				</Camera>
			</gx:FlyTo>
			<gx:FlyTo>
				<gx:duration>0.30</gx:duration>
				<gx:flyToMode>smooth</gx:flyToMode>
				<Camera>
					<longitude>-122.2695050852</longitude>
					<latitude>37.8720098356</latitude>
					<altitude>25.9</altitude>
					<heading>80.35</heading>
					<tilt>87.8</tilt>
					<roll>0</roll>
					<altitudeMode>relativeToGround</altitudeMode>
				</Camera>
			</gx:FlyTo>
			<gx:FlyTo>
				<gx:duration>0.30</gx:duration>
				<gx:flyToMode>smooth</gx:flyToMode>
				<Camera>
					<longitude>-122.2694596745</longitude>
					<latitude>37.8720019689</latitude>
					<altitude>28.6</altitude>
					<heading>78.84</heading>
					<tilt>87.3</tilt>
					<roll>0</roll>
					<altitudeMode>relativeToGround</altitudeMode>
				</Camera>
			</gx:FlyTo>
			<gx:FlyTo>
				<gx:duration>0.30</gx:duration>
				<gx:flyToMode>smooth</gx:flyToMode>
				<Camera>
					<longitude>-122.2694062002</longitude>
					<latitude>37.8719770644</latitude>
					<altitude>32.7</altitude>
					<heading>76.13</heading>
					<tilt>86.5</tilt>
					<roll>0</roll>
					<altitudeMode>relativeToGround</altitudeMode>
				</Camera>
			</gx:FlyTo>
			<gx:FlyTo>
				<gx:duration>0.30</gx:duration>
				<gx:flyToMode>smooth</gx:flyToMode>
				<Camera>
					<longitude>-122.2693416240</longitude>
					<latitude>37.8719341077</latitude>
					<altitude>38.0</altitude>
					<heading>72.11</heading>
					<tilt>85.5</tilt>
					<roll>0</roll>
					<altitudeMode>relativeToGround</altitudeMode>
				</Camera>
			</gx:FlyTo>
			<gx:FlyTo>
				<gx:duration>0.30</gx:duration>
				<gx:flyToMode>smooth</gx:flyToMode>
				<Camera>
					<longitude>-122.2692644208</longitude>
					<latitude>37.8718769716</latitude>
					<altitude>44.3</altitude>
					<heading>66.74</heading>
					<tilt>84.3</tilt>
					<roll>0</roll>
					<altitudeMode>relativeToGround</altitudeMode>
				</Camera>
			</gx:FlyTo>
			<gx:FlyTo>
				<gx:duration>0.30</gx:duration>
				<gx:flyToMode>smooth</gx:flyToMode>
				<Camera>
					<longitude>-122.2691756221</longitude>
					<latitude>37.8718139892</latitude>
					<altitude>51.3</altitude>
					<heading>60.03</heading>
					<tilt>82.9</tilt>
					<roll>0</roll>
					<altitudeMode>relativeToGround</altitudeMode>
				</Camera>
			</gx:FlyTo>
			<gx:FlyTo>
				<gx:duration>0.30</gx:duration>
				<gx:flyToMode>smooth</gx:flyToMode>
				<Camera>
					<longitude>-122.2690800343</longitude>
					<latitude>37.8717572034</latitude>
					<altitude>58.8</altitude>
					<heading>52.07</heading>
					<tilt>81.5</tilt>
					<roll>0</roll>
					<altitudeMode>relativeToGround</altitudeMode>
				</Camera>
			</gx:FlyTo>
			<gx:FlyTo>
				<gx:duration>0.30</gx:duration>
				<gx:flyToMode>smooth</gx:flyToMode>
				<Camera>
					<longitude>-122.2689874532</longitude>
					<latitude>37.8717212217</latitude>
					<altitude>66.5</altitude>
					<heading>42.98</heading>
					<tilt>80.0</tilt>
					<roll>0</roll>
					<altitudeMode>relativeToGround</altitudeMode>
				</Camera>
			</gx:FlyTo>
			<gx:FlyTo>
				<gx:duration>0.30</gx:duration>
				<gx:flyToMode>smooth</gx:flyToMode>
				<Camera>
					<longitude>-122.2688993039</longitude>
					<latitude>37.8717039047</latitude>
					<altitude>74.2</altitude>
					<heading>32.96</heading>
					<tilt>78.5</tilt>
					<roll>0</roll>
					<altitudeMode>relativeToGround</altitudeMode>
				</Camera>
			</gx:FlyTo>
			<gx:FlyTo>
				<gx:duration>0.30</gx:duration>
				<gx:flyToMode>smooth</gx:flyToMode>
				<Camera>
					<longitude>-122.2688080697</longitude>
					<latitude>37.8716932094</latitude>
					<altitude>81.7</altitude>
					<heading>22.26</heading>
					<tilt>77.1</tilt>
					<roll>0</roll>
					<altitudeMode>relativeToGround</altitudeMode>
				</Camera>
			</gx:FlyTo>
			<gx:FlyTo>
				<gx:duration>0.30</gx:duration>
				<gx:flyToMode>smooth</gx:flyToMode>
				<Camera>
					<longitude>-122.2687146979</longitude>
					<latitude>37.8716898559</latitude>
					<altitude>88.7</altitude>
					<heading>11.18</heading>
					<tilt>75.7</tilt>
					<roll>0</roll>
					<altitudeMode>relativeToGround</altitudeMode>
				</Camera>
			</gx:FlyTo>
			<gx:FlyTo>
				<gx:duration>0.30</gx:duration>
				<gx:flyToMode>smooth</gx:flyToMode>
				<Camera>
					<longitude>-122.2686203644</longitude>
					<latitude>37.8716944604</latitude>
					<altitude>95.0</altitude>
					<heading>0.10</heading>
					<tilt>74.5</tilt>
					<roll>0</roll>
					<altitudeMode>relativeToGround</altitudeMode>
				</Camera>
			</gx:FlyTo>
			<gx:FlyTo>
				<gx:duration>0.30</gx:duration>
				<gx:flyToMode>smooth</gx:flyToMode>
				<Camera>
					<longitude>-122.2685264534</longitude>
					<latitude>37.8717074998</latitude>
					<altitude>100.3</altitude>
					<heading>349.44</heading>
					<tilt>73.5</tilt>
					<roll>0</roll>
					<altitudeMode>relativeToGround</altitudeMode>
				</Camera>
			</gx:FlyTo>
			<gx:FlyTo>
				<gx:duration>0.30</gx:duration>
				<gx:flyToMode>smooth</gx:flyToMode>
				<Camera>
					<longitude>-122.2684345297</longitude>
					<latitude>37.8717292791</latitude>
					<altitude>104.4</altitude>
					<heading>339.70</heading>
					<tilt>72.7</tilt>
					<roll>0</roll>
					<altitudeMode>relativeToGround</altitudeMode>
				</Camera>
			</gx:FlyTo>
			<gx:FlyTo>
				<gx:duration>0.30</gx:duration>
				<gx:flyToMode>smooth</gx:flyToMode>
				<Camera>
					<longitude>-122.2683463031</longitude>
					<latitude>37.8717599014</latitude>
					<altitude>107.1</altitude>
					<heading>331.40</heading>
					<tilt>72.2</tilt>
					<roll>0</roll>
					<altitudeMode>relativeToGround</altitudeMode>
				</Camera>
			</gx:FlyTo>
			<gx:FlyTo>
				<gx:duration>0.30</gx:duration>
				<gx:flyToMode>smooth</gx:flyToMode>
				<Camera>
					<longitude>-122.2682635879</longitude>
					<latitude>37.8717992434</latitude>
					<altitude>108.0</altitude>
					<heading>325.16</heading>
					<tilt>72.0</tilt>
					<roll>0</roll>
					<altitudeMode>relativeToGround</altitudeMode>
				</Camera>
			</gx:FlyTo>
			<gx:FlyTo>
				<gx:duration>0.53</gx:duration>
				<gx:flyToMode>smooth</gx:flyToMode>
				<Camera>
					<longitude>-122.2681623221</longitude>
					<latitude>37.8718620977</latitude>
					<altitude>108.0</altitude>
					<heading>318.49</heading>
					<tilt>72.0</tilt>
					<roll>0</roll>
					<altitudeMode>relativeToGround</altitudeMode>
				</Camera>
			</gx:FlyTo>
			<gx:FlyTo>
				<gx:duration>0.53</gx:duration>
				<gx:flyToMode>smooth</gx:flyToMode>
				<Camera>
					<longitude>-122.2680709850</longitude>
					<latitude>37.8719338072</latitude>
					<altitude>108.0</altitude>
					<heading>311.82</heading>
					<tilt>72.0</tilt>
					<roll>0</roll>
					<altitudeMode>relativeToGround</altitudeMode>
				</Camera>
			</gx:FlyTo>
			<gx:FlyTo>
				<gx:duration>0.53</gx:duration>
				<gx:flyToMode>smooth</gx:flyToMode>
				<Camera>
					<longitude>-122.2679908117</longitude>
					<latitude>37.8720134021</latitude>
					<altitude>108.0</altitude>
					<heading>305.16</heading>
					<tilt>72.0</tilt>
					<roll>0</roll>
					<altitudeMode>relativeToGround</altitudeMode>
				</Camera>
			</gx:FlyTo>
			<gx:FlyTo>
				<gx:duration>0.53</gx:duration>
				<gx:flyToMode>smooth</gx:flyToMode>
				<Camera>
					<longitude>-122.2679228864</longitude>
					<latitude>37.8720998059</latitude>
					<altitude>108.0</altitude>
					<heading>298.49</heading>
					<tilt>72.0</tilt>
					<roll>0</roll>
					<altitudeMode>relativeToGround</altitudeMode>
				</Camera>
			</gx:FlyTo>
			<gx:FlyTo>
				<gx:duration>0.53</gx:duration>
				<gx:flyToMode>smooth</gx:flyToMode>
				<Camera>
					<longitude>-122.2678681277</longitude>
					<latitude>37.8721918503</latitude>
					<altitude>108.0</altitude>
					<heading>291.82</heading>
					<tilt>72.0</tilt>
					<roll>0</roll>
					<altitudeMode>relativeToGround</altitudeMode>
				</Camera>
			</gx:FlyTo>
			<gx:FlyTo>
				<gx:duration>0.53</gx:duration>
				<gx:flyToMode>smooth</gx:flyToMode>
				<Camera>
					<longitude>-122.2678272761</longitude>
					<latitude>37.8722882904</latitude>
					<altitude>108.0</altitude>
					<heading>285.16</heading>
					<tilt>72.0</tilt>
					<roll>0</roll>
					<altitudeMode>relativeToGround</altitudeMode>
				</Camera>
			</gx:FlyTo>
			<gx:FlyTo>
				<gx:duration>0.53</gx:duration>
				<gx:flyToMode>smooth</gx:flyToMode>
				<Camera>
					<longitude>-122.2678008841</longitude>
					<latitude>37.8723878222</latitude>
					<altitude>108.0</altitude>
					<heading>278.49</heading>
					<tilt>72.0</tilt>
					<roll>0</roll>
					<altitudeMode>relativeToGround</altitudeMode>
				</Camera>
			</gx:FlyTo>
			<gx:FlyTo>
				<gx:duration>0.53</gx:duration>
				<gx:flyToMode>smooth</gx:flyToMode>
				<Camera>
					<longitude>-122.2677893085</longitude>
					<latitude>37.8724890996</latitude>
					<altitude>108.0</altitude>
					<heading>271.82</heading>
					<tilt>72.0</tilt>
					<roll>0</roll>
					<altitudeMode>relativeToGround</altitudeMode>
				</Camera>
			</gx:FlyTo>
			<gx:FlyTo>
				<gx:duration>0.53</gx:duration>
				<gx:flyToMode>smooth</gx:flyToMode>
				<Camera>
					<longitude>-122.2677927059</longitude>
					<latitude>37.8725907529</latitude>
					<altitude>108.0</altitude>
					<heading>265.16</heading>
					<tilt>72.0</tilt>
					<roll>0</roll>
					<altitudeMode>relativeToGround</altitudeMode>
				</Camera>
			</gx:FlyTo>
			<gx:FlyTo>
				<gx:duration>0.53</gx:duration>
				<gx:flyToMode>smooth</gx:flyToMode>
				<Camera>
					<longitude>-122.2678110304</longitude>
					<latitude>37.8726914076</latitude>
					<altitude>108.0</altitude>
					<heading>258.49</heading>
					<tilt>72.0</tilt>
					<roll>0</roll>
					<altitudeMode>relativeToGround</altitudeMode>
				</Camera>
			</gx:FlyTo>
			<gx:FlyTo>
				<gx:duration>0.53</gx:duration>
				<gx:flyToMode>smooth</gx:flyToMode>
				<Camera>
					<longitude>-122.2678440342</longitude>
					<latitude>37.8727897024</latitude>
					<altitude>108.0</altitude>
					<heading>251.82</heading>
					<tilt>72.0</tilt>
					<roll>0</roll>
					<altitudeMode>relativeToGround</altitudeMode>
				</Camera>
			</gx:FlyTo>
			<gx:FlyTo>
				<gx:duration>0.53</gx:duration>
				<gx:flyToMode>smooth</gx:flyToMode>
				<Camera>
					<longitude>-122.2678912708</longitude>
					<latitude>37.8728843081</latitude>
					<altitude>108.0</altitude>
					<heading>245.16</heading>
					<tilt>72.0</tilt>
					<roll>0</roll>
					<altitudeMode>relativeToGround</altitudeMode>
				</Camera>
			</gx:FlyTo>
			<gx:FlyTo>
				<gx:duration>0.53</gx:duration>
				<gx:flyToMode>smooth</gx:flyToMode>
				<Camera>
					<longitude>-122.2679521016</longitude>
					<latitude>37.8729739452</latitude>
					<altitude>108.0</altitude>
					<heading>238.49</heading>
					<tilt>72.0</tilt>
					<roll>0</roll>
					<altitudeMode>relativeToGround</altitudeMode>
				</Camera>
			</gx:FlyTo>
			<gx:FlyTo>
				<gx:duration>0.53</gx:duration>
				<gx:flyToMode>smooth</gx:flyToMode>
				<Camera>
					<longitude>-122.2680257039</longitude>
					<latitude>37.8730574016</latitude>
					<altitude>108.0</altitude>
					<heading>231.82</heading>
					<tilt>72.0</tilt>
					<roll>0</roll>
					<altitudeMode>relativeToGround</altitudeMode>
				</Camera>
			</gx:FlyTo>
			<gx:FlyTo>
				<gx:duration>0.53</gx:duration>
				<gx:flyToMode>smooth</gx:flyToMode>
				<Camera>
					<longitude>-122.2681110824</longitude>
					<latitude>37.8731335488</latitude>
					<altitude>108.0</altitude>
					<heading>225.16</heading>
					<tilt>72.0</tilt>
					<roll>0</roll>
					<altitudeMode>relativeToGround</altitudeMode>
				</Camera>
			</gx:FlyTo>
			<gx:FlyTo>
				<gx:duration>0.53</gx:duration>
				<gx:flyToMode>smooth</gx:flyToMode>
				<Camera>
					<longitude>-122.2682070824</longitude>
					<latitude>37.8732013568</latitude>
					<altitude>108.0</altitude>
					<heading>218.49</heading>
					<tilt>72.0</tilt>
					<roll>0</roll>
					<altitudeMode>relativeToGround</altitudeMode>
				</Camera>
			</gx:FlyTo>
			<gx:FlyTo>
				<gx:duration>0.53</gx:duration>
				<gx:flyToMode>smooth</gx:flyToMode>
				<Camera>
					<longitude>-122.2683124058</longitude>
					<latitude>37.8732599088</latitude>
					<altitude>108.0</altitude>
					<heading>211.82</heading>
					<tilt>72.0</tilt>
					<roll>0</roll>
					<altitudeMode>relativeToGround</altitudeMode>
				</Camera>
			</gx:FlyTo>
			<gx:FlyTo>
				<gx:duration>0.53</gx:duration>
				<gx:flyToMode>smooth</gx:flyToMode>
				<Camera>
					<longitude>-122.2684256282</longitude>
					<latitude>37.8733084129</latitude>
					<altitude>108.0</altitude>
					<heading>205.16</heading>
					<tilt>72.0</tilt>
					<roll>0</roll>
					<altitudeMode>relativeToGround</altitudeMode>
				</Camera>
			</gx:FlyTo>
			<gx:FlyTo>
				<gx:duration>0.53</gx:duration>
				<gx:flyToMode>smooth</gx:flyToMode>
				<Camera>
					<longitude>-122.2685452184</longitude>
					<latitude>37.8733462132</latitude>
					<altitude>108.0</altitude>
					<heading>198.49</heading>
					<tilt>72.0</tilt>
					<roll>0</roll>
					<altitudeMode>relativeToGround</altitudeMode>
				</Camera>
			</gx:FlyTo>
			<gx:FlyTo>
				<gx:duration>0.53</gx:duration>
				<gx:flyToMode>smooth</gx:flyToMode>
				<Camera>
					<longitude>-122.2686695593</longitude>
					<latitude>37.8733727986</latitude>
					<altitude>108.0</altitude>
					<heading>191.82</heading>
					<tilt>72.0</tilt>
					<roll>0</roll>
					<altitudeMode>relativeToGround</altitudeMode>
				</Camera>
			</gx:FlyTo>
			<gx:FlyTo>
				<gx:duration>0.53</gx:duration>
				<gx:flyToMode>smooth</gx:flyToMode>
				<Camera>
					<longitude>-122.2687969692</longitude>
					<latitude>37.8733878094</latitude>
					<altitude>108.0</altitude>
					<heading>185.16</heading>
					<tilt>72.0</tilt>
					<roll>0</roll>
					<altitudeMode>relativeToGround</altitudeMode>
				</Camera>
			</gx:FlyTo>
			<gx:FlyTo>
				<gx:duration>0.53</gx:duration>
				<gx:flyToMode>smooth</gx:flyToMode>
				<Camera>
					<longitude>-122.2689257253</longitude>
					<latitude>37.8733910427</latitude>
					<altitude>108.0</altitude>
					<heading>178.49</heading>
					<tilt>72.0</tilt>
					<roll>0</roll>
					<altitudeMode>relativeToGround</altitudeMode>
				</Camera>
			</gx:FlyTo>
			<gx:FlyTo>
				<gx:duration>0.53</gx:duration>
				<gx:flyToMode>smooth</gx:flyToMode>
				<Camera>
					<longitude>-122.2690540864</longitude>
					<latitude>37.8733824547</latitude>
					<altitude>108.0</altitude>
					<heading>171.82</heading>
					<tilt>72.0</tilt>
					<roll>0</roll>
					<altitudeMode>relativeToGround</altitudeMode>
				</Camera>
			</gx:FlyTo>
			<gx:FlyTo>
				<gx:duration>0.53</gx:duration>
				<gx:flyToMode>smooth</gx:flyToMode>
				<Camera>
					<longitude>-122.2691803164</longitude>
					<latitude>37.8733621617</latitude>
					<altitude>108.0</altitude>
					<heading>165.16</heading>
					<tilt>72.0</tilt>
					<roll>0</roll>
					<altitudeMode>relativeToGround</altitudeMode>
				</Camera>
			</gx:FlyTo>
			<gx:FlyTo>
				<gx:duration>0.53</gx:duration>
				<gx:flyToMode>smooth</gx:flyToMode>
				<Camera>
					<longitude>-122.2693027085</longitude>
					<latitude>37.8733304380</latitude>
					<altitude>108.0</altitude>
					<heading>158.49</heading>
					<tilt>72.0</tilt>
					<roll>0</roll>
					<altitudeMode>relativeToGround</altitudeMode>
				</Camera>
			</gx:FlyTo>
			<gx:FlyTo>
				<gx:duration>0.53</gx:duration>
				<gx:flyToMode>smooth</gx:flyToMode>
				<Camera>
					<longitude>-122.2694196074</longitude>
					<latitude>37.8732877126</latitude>
					<altitude>108.0</altitude>
					<heading>151.82</heading>
					<tilt>72.0</tilt>
					<roll>0</roll>
					<altitudeMode>relativeToGround</altitudeMode>
				</Camera>
			</gx:FlyTo>
			<gx:FlyTo>
				<gx:duration>0.53</gx:duration>
				<gx:flyToMode>smooth</gx:flyToMode>
				<Camera>
					<longitude>-122.2695294324</longitude>
					<latitude>37.8732345634</latitude>
					<altitude>108.0</altitude>
					<heading>145.16</heading>
					<tilt>72.0</tilt>
					<roll>0</roll>
					<altitudeMode>relativeToGround</altitudeMode>
				</Camera>
			</gx:FlyTo>
			<gx:FlyTo>
				<gx:duration>0.53</gx:duration>
				<gx:flyToMode>smooth</gx:flyToMode>
				<Camera>
					<longitude>-122.2696306981</longitude>
					<latitude>37.8731717090</latitude>
					<altitude>108.0</altitude>
					<heading>138.49</heading>
					<tilt>72.0</tilt>
					<roll>0</roll>
					<altitudeMode>relativeToGround</altitudeMode>
				</Camera>
			</gx:FlyTo>
			<gx:FlyTo>
				<gx:duration>0.53</gx:duration>
				<gx:flyToMode>smooth</gx:flyToMode>
				<Camera>
					<longitude>-122.2697220352</longitude>
					<latitude>37.8730999996</latitude>
					<altitude>108.0</altitude>
					<heading>131.82</heading>
					<tilt>72.0</tilt>
					<roll>0</roll>
					<altitudeMode>relativeToGround</altitudeMode>
				</Camera>
			</gx:FlyTo>
			<gx:FlyTo>
				<gx:duration>0.53</gx:duration>
				<gx:flyToMode>smooth</gx:flyToMode>
				<Camera>
					<longitude>-122.2698022085</longitude>
					<latitude>37.8730204047</latitude>
					<altitude>108.0</altitude>
					<heading>125.16</heading>
					<tilt>72.0</tilt>
					<roll>0</roll>
					<altitudeMode>relativeToGround</altitudeMode>
				</Camera>
			</gx:FlyTo>
			<gx:FlyTo>
				<gx:duration>0.40</gx:duration>
				<gx:flyToMode>smooth</gx:flyToMode>
				<Camera>
					<longitude>-122.2698668245</longitude>
					<latitude>37.8729325831</latitude>
					<altitude>106.4</altitude>
					<heading>118.49</heading>
					<tilt>72.3</tilt>
					<roll>0</roll>
					<altitudeMode>relativeToGround</altitudeMode>
				</Camera>
			</gx:FlyTo>
			<gx:FlyTo>
				<gx:duration>0.40</gx:duration>
				<gx:flyToMode>smooth</gx:flyToMode>
				<Camera>
					<longitude>-122.2699117331</longitude>
					<latitude>37.8728377970</latitude>
					<altitude>101.9</altitude>
					<heading>111.82</heading>
					<tilt>73.2</tilt>
					<roll>0</roll>
					<altitudeMode>relativeToGround</altitudeMode>
				</Camera>
			</gx:FlyTo>
			<gx:FlyTo>
				<gx:duration>0.40</gx:duration>
				<gx:flyToMode>smooth</gx:flyToMode>
				<Camera>
					<longitude>-122.2699368832</longitude>
					<latitude>37.8727393456</latitude>
					<altitude>95.0</altitude>
					<heading>105.16</heading>
					<tilt>74.5</tilt>
					<roll>0</roll>
					<altitudeMode>relativeToGround</altitudeMode>
				</Camera>
			</gx:FlyTo>
			<gx:FlyTo>
				<gx:duration>0.40</gx:duration>
				<gx:flyToMode>smooth</gx:flyToMode>
				<Camera>
					<longitude>-122.2699430664</longitude>
					<latitude>37.8726402034</latitude>
					<altitude>86.5</altitude>
					<heading>98.49</heading>
					<tilt>76.1</tilt>
					<roll>0</roll>
					<altitudeMode>relativeToGround</altitudeMode>
				</Camera>
			</gx:FlyTo>
			<gx:FlyTo>
				<gx:duration>0.40</gx:duration>
				<gx:flyToMode>smooth</gx:flyToMode>
				<Camera>
					<longitude>-122.2699317646</longitude>
					<latitude>37.8725429005</latitude>
					<altitude>76.8</altitude>
					<heading>91.82</heading>
					<tilt>78.0</tilt>
					<roll>0</roll>
					<altitudeMode>relativeToGround</altitudeMode>
				</Camera>
			</gx:FlyTo>
			<gx:FlyTo>
				<gx:duration>0.40</gx:duration>
				<gx:flyToMode>smooth</gx:flyToMode>
				<Camera>
					<longitude>-122.2699049734</longitude>
					<latitude>37.8724494326</latitude>
					<altitude>66.5</altitude>
					<heading>85.16</heading>
					<tilt>80.0</tilt>
					<roll>0</roll>
					<altitudeMode>relativeToGround</altitudeMode>
				</Camera>
			</gx:FlyTo>
			<gx:FlyTo>
				<gx:duration>0.40</gx:duration>
				<gx:flyToMode>smooth</gx:flyToMode>
				<Camera>
					<longitude>-122.2698650092</longitude>
					<latitude>37.8723612053</latitude>
					<altitude>56.2</altitude>
					<heading>78.49</heading>
					<tilt>82.0</tilt>
					<roll>0</roll>
					<altitudeMode>relativeToGround</altitudeMode>
				</Camera>
			</gx:FlyTo>
			<gx:FlyTo>
				<gx:duration>0.40</gx:duration>
				<gx:flyToMode>smooth</gx:flyToMode>
				<Camera>
					<longitude>-122.2698143085</longitude>
					<latitude>37.8722790125</latitude>
					<altitude>46.5</altitude>
					<heading>71.82</heading>
					<tilt>83.9</tilt>
					<roll>0</roll>
					<altitudeMode>relativeToGround</altitudeMode>
				</Camera>
			</gx:FlyTo>
			<gx:FlyTo>
				<gx:duration>0.40</gx:duration>
				<gx:flyToMode>smooth</gx:flyToMode>
				<Camera>
					<longitude>-122.2697552283</longitude>
					<latitude>37.8722030507</latitude>
					<altitude>38.0</altitude>
					<heading>65.16</heading>
					<tilt>85.5</tilt>
					<roll>0</roll>
					<altitudeMode>relativeToGround</altitudeMode>
				</Camera>
			</gx:FlyTo>
			<gx:FlyTo>
				<gx:duration>0.40</gx:duration>
				<gx:flyToMode>smooth</gx:flyToMode>
				<Camera>
					<longitude>-122.2696898573</longitude>
					<latitude>37.8721329669</latitude>
					<altitude>31.1</altitude>
					<heading>58.49</heading>
					<tilt>86.8</tilt>
					<roll>0</roll>
					<altitudeMode>relativeToGround</altitudeMode>
				</Camera>
			</gx:FlyTo>
			<gx:FlyTo>
				<gx:duration>0.40</gx:duration>
				<gx:flyToMode>smooth</gx:flyToMode>
				<Camera>
					<longitude>-122.2696198448</longitude>
					<latitude>37.8720679388</latitude>
					<altitude>26.6</altitude>
					<heading>51.82</heading>
					<tilt>87.7</tilt>
					<roll>0</roll>
					<altitudeMode>relativeToGround</altitudeMode>
				</Camera>
			</gx:FlyTo>
			<gx:FlyTo>
				<gx:duration>0.40</gx:duration>
				<gx:flyToMode>smooth</gx:flyToMode>
				<Camera>
					<longitude>-122.2695462555</longitude>
					<latitude>37.8720067833</latitude>
					<altitude>25.0</altitude>
					<heading>45.16</heading>
					<tilt>88.0</tilt>
					<roll>0</roll>
					<altitudeMode>relativeToGround</altitudeMode>
				</Camera>
			</gx:FlyTo>
			<gx:FlyTo>
				<gx:duration>3.32</gx:duration>
				<gx:flyToMode>smooth</gx:flyToMode>
				<Camera>
					<longitude>-122.2695462555</longitude>
					<latitude>37.8720067833</latitude>
					<altitude>25.0</altitude>
					<heading>80.81</heading>
					<tilt>88.0</tilt>
					<roll>0</roll>
					<altitudeMode>relativeToGround</altitudeMode>
				</Camera>
			</gx:FlyTo>
			<gx:FlyTo>
				<gx:duration>3.32</gx:duration>
				<gx:flyToMode>smooth</gx:flyToMode>
				<Camera>
					<longitude>-122.2690976930</longitude>
					<latitude>37.8720640897</latitude>
					<altitude>25.0</altitude>
					<heading>80.81</heading>
					<tilt>88.0</tilt>
					<roll>0</roll>
					<altitudeMode>relativeToGround</altitudeMode>
				</Camera>
			</gx:FlyTo>
			<gx:FlyTo>
				<gx:duration>3.32</gx:duration>
				<gx:flyToMode>smooth</gx:flyToMode>
				<Camera>
					<longitude>-122.2686491304</longitude>
					<latitude>37.8721213961</latitude>
					<altitude>25.0</altitude>
					<heading>80.81</heading>
					<tilt>88.0</tilt>
					<roll>0</roll>
					<altitudeMode>relativeToGround</altitudeMode>
				</Camera>
			</gx:FlyTo>
			<gx:FlyTo>
				<gx:duration>3.32</gx:duration>
				<gx:flyToMode>smooth</gx:flyToMode>
				<Camera>
					<longitude>-122.2682005679</longitude>
					<latitude>37.8721787025</latitude>
					<altitude>25.0</altitude>
					<heading>80.81</heading>
					<tilt>88.0</tilt>
					<roll>0</roll>
					<altitudeMode>relativeToGround</altitudeMode>
				</Camera>
			</gx:FlyTo>
			<gx:FlyTo>
				<gx:duration>3.32</gx:duration>
				<gx:flyToMode>smooth</gx:flyToMode>
				<Camera>
					<longitude>-122.2677520054</longitude>
					<latitude>37.8722360089</latitude>
					<altitude>25.0</altitude>
					<heading>80.81</heading>
					<tilt>88.0</tilt>
					<roll>0</roll>
					<altitudeMode>relativeToGround</altitudeMode>
				</Camera>
			</gx:FlyTo>
			<gx:FlyTo>
				<gx:duration>3.32</gx:duration>
				<gx:flyToMode>smooth</gx:flyToMode>
				<Camera>
					<longitude>-122.2673034428</longitude>
					<latitude>37.8722933153</latitude>
					<altitude>25.0</altitude>
					<heading>80.81</heading>
					<tilt>88.0</tilt>
					<roll>0</roll>
					<altitudeMode>relativeToGround</altitudeMode>
				</Camera>
			</gx:FlyTo>
			<gx:FlyTo>
				<gx:duration>3.32</gx:duration>
				<gx:flyToMode>smooth</gx:flyToMode>
				<Camera>
					<longitude>-122.2668548803</longitude>
					<latitude>37.8723506217</latitude>
					<altitude>25.0</altitude>
					<heading>80.81</heading>
					<tilt>88.0</tilt>
					<roll>0</roll>
					<altitudeMode>relativeToGround</altitudeMode>
				</Camera>
			</gx:FlyTo>
			<gx:FlyTo>
				<gx:duration>3.32</gx:duration>
				<gx:flyToMode>smooth</gx:flyToMode>
				<Camera>
					<longitude>-122.2664063178</longitude>
					<latitude>37.8724079281</latitude>
					<altitude>25.0</altitude>
					<heading>80.81</heading>
					<tilt>88.0</tilt>
					<roll>0</roll>
					<altitudeMode>relativeToGround</altitudeMode>
				</Camera>
			</gx:FlyTo>
			<gx:FlyTo>
				<gx:duration>3.32</gx:duration>
				<gx:flyToMode>smooth</gx:flyToMode>
				<Camera>
					<longitude>-122.2659577552</longitude>
					<latitude>37.8724652345</latitude>
					<altitude>25.0</altitude>
					<heading>80.81</heading>
					<tilt>88.0</tilt>
					<roll>0</roll>
					<altitudeMode>relativeToGround</altitudeMode>
				</Camera>
			</gx:FlyTo>
				<!--SWOOP-OUTRO-->
			<gx:FlyTo>
				<gx:duration>4.00</gx:duration>
				<gx:flyToMode>smooth</gx:flyToMode>
				<Camera>
					<longitude>-122.2653960603</longitude>
					<latitude>37.8725369686</latitude>
					<altitude>100.0</altitude>
					<heading>260.81</heading>
					<tilt>69.4</tilt>
					<roll>0</roll>
					<altitudeMode>relativeToGround</altitudeMode>
				</Camera>
			</gx:FlyTo>
			<gx:Wait><gx:duration>8.00</gx:duration></gx:Wait>
<!--/SWOOP-OUTRO-->
		</gx:Playlist>
	</gx:Tour>
</Document>
</kml>
