Date	Permit Number	Status	Address	Occupancy Class
12/31/2025	ESR-2025-04632	Closed Expired	2416 ROOSEVELT Ave, BERKELEY CA 94703	R-2
12/31/2025	ESR-2025-04631	Closed Expired	1809 TENTH St, BERKELEY CA 94710	R-2
12/31/2025	ESR-2025-04630	Closed Expired	2332 M L KING JR Way, BERKELEY CA 94704	R-2
12/31/2025	ESR-2025-04625	Closed Expired	2410 NINTH St, BERKELEY CA 94710	R-2
12/30/2025	ESR-2025-04624	Closed Expired	2101 SACRAMENTO St, BERKELEY CA 94702	R-2
12/30/2025	ESR-2025-04617	Closed Expired	2000 CHANNING Way, BERKELEY CA 94704	R-2
12/29/2025	25TMP-036455		2809 CHERRY St, B, BERKELEY CA 94705	R-2
12/29/2025	ESR-2025-04599	Closed Expired	1635 FRANCISCO St, BERKELEY CA 94703	R-2
12/24/2025	ESR-2025-04581	Closed Expired	1810 DWIGHT Way, BERKELEY CA 94703	R-2
12/19/2025	ESR-2025-04537	Closed Expired	1115 ADDISON St, 1, BERKELEY CA 94702	R-2
12/17/2025	ESR-2025-04508	Closed Expired	2015 HEARST Ave, BERKELEY CA 94709	R-2
12/17/2025	ESR-2025-04498	Closed Expired	1622 MILVIA St, BERKELEY CA 94709	R-2
12/15/2025	ESR-2025-04443	Closed Expired	2601 COLLEGE Ave, 205, BERKELEY CA 94704	R-2
12/15/2025	ESR-2025-04452	Closed Expired	2529 ELLSWORTH St, 2, BERKELEY CA 94704	R-2
12/13/2025	ESR-2025-04440	Closed Expired	2012 GRANT St, 2, BERKELEY CA 94703	R-2
12/09/2025	ESR-2025-04375	Closed Expired	1716 JAYNES St, BERKELEY CA 94703	R-2
12/08/2025	ESR-2025-04359	Closed Expired	2644 DWIGHT Way, BERKELEY CA 94704	R-2
12/06/2025	ESR-2025-04348	Closed Expired	2227 DERBY St, BERKELEY CA 94705	R-2
12/06/2025	ESR-2025-04349	Closed Expired	2230 PRINCE St, BERKELEY CA 94705	R-2
12/06/2025	ESR-2025-04352	Closed Expired	1849 CEDAR St, BERKELEY CA 94703	R-2
12/04/2025	25TMP-033467		1139 OXFORD St, 2, BERKELEY CA 94707	R-2
12/04/2025	ESR-2025-04315	Closed Expired	2528 DANA St, BERKELEY CA 94704	R-2
11/26/2025	ESR-2025-04236	Closed Expired	1814 WOOLSEY St, BERKELEY CA 94703	R-2
11/25/2025	25TMP-032937		1614 ADDISON St, BERKELEY CA 94703	R-2
11/24/2025	ESR-2025-04172	Closed Expired	2126 JEFFERSON Ave, BERKELEY CA 94703	R-2
11/21/2025	ESR-2025-04147	Closed Expired	2526 ELLSWORTH St, BERKELEY CA 94704	R-2
11/20/2025	ESR-2025-04137	Closed Expired	2150 CHANNING Way, BERKELEY CA 94704	R-2
11/19/2025	ESR-2025-04113	Closed Expired	2341 EIGHTH St, B, BERKELEY CA 94710	R-2
11/17/2025	ESR-2025-04074	Closed Expired	2304 GRANT St, B, BERKELEY CA 94703	R-2
11/13/2025	ESR-2025-04042	Closed Expired	2515 DANA St, BERKELEY CA 94704	R-2
11/10/2025	ESR-2025-04001	Closed Expired	1616 BERKELEY Way, BERKELEY CA 94703	R-2
11/10/2025	ESR-2025-04000	Closed Expired	2711 CLAREMONT Blvd, BERKELEY CA 94705	R-2
11/04/2025	ESR-2025-03913	Closed Expired	2338 TELEGRAPH Ave, BERKELEY CA 94704	R-2
11/04/2025	ESR-2025-03927	Closed Expired	1735 HIGHLAND Pl, BERKELEY CA 94709	R-2
11/03/2025	ESR-2025-03889	Closed Expired	2118 CHANNING Way, A, BERKELEY CA 94704	R-2
10/31/2025	ESR-2025-03866	Closed Expired	2922 FULTON St, BERKELEY CA 94705	R-2
10/30/2025	ESR-2025-03842	Closed Expired	1921 DELAWARE St, BERKELEY CA 94709	R-2
10/29/2025	ESR-2025-03820	Closed Expired	2410 NINTH St, BERKELEY CA 94710	R-2
10/28/2025	ESR-2025-03809	Closed Expired	1735 HIGHLAND Pl, 31, BERKELEY CA 94709	R-2
10/22/2025	ESR-2025-03732	Closed Expired	1204 MILVIA St, BERKELEY CA 94709	R-2
10/21/2025	ESR-2025-03714	Closed Expired	1914 STUART St, B, BERKELEY CA 94703	R-2
10/21/2025	ESR-2025-03722	Closed Expired	2619 REGENT St, BERKELEY CA 94704	R-2
10/14/2025	ESR-2025-03628	Closed Expired	3040 TELEGRAPH Ave, BERKELEY CA 94705	R-2
10/14/2025	ESR-2025-03624	Closed Expired	1205 TALBOT Ave, BERKELEY CA 94706	R-2
10/10/2025	ESR-2025-03580	Closed Expired	650 EUCLID Ave, BERKELEY CA 94708	R-2
10/09/2025	ESR-2025-03565	Documents Uploaded	2318 PRINCE St, BERKELEY CA 94705	R-2
10/08/2025	ESR-2025-03520	Closed Expired	1350 BERKELEY Way, BERKELEY CA 94702	R-2
10/08/2025	25TMP-030220		2118 CHANNING Way, BERKELEY CA 94704	R-2
10/07/2025	ESR-2025-03505	Closed Expired	2118 CHANNING Way, BERKELEY CA 94704	R-2
10/06/2025	ESR-2025-03477	Closed Expired	2035 NINTH St, C, BERKELEY CA 94710	R-2
10/05/2025	ESR-2025-03461	Closed Expired	1810 DWIGHT Way, BERKELEY CA 94703	R-2
10/03/2025	ESR-2025-03431	Closed Expired	1224 CHANNING Way, BERKELEY CA 94702	R-2
10/02/2025	ESR-2025-03420	Closed Expired	1644 PRINCE St, BERKELEY CA 94703	R-2
10/01/2025	ESR-2025-03410	Closed Expired	1110 UNIVERSITY Ave, BERKELEY CA 94702	R-2
09/29/2025	ESR-2025-03349	Closed Expired	3211 ELLIS St, BERKELEY CA 94703	R-2
09/28/2025	ESR-2025-03344	Closed Expired	1922 GRANT St, BERKELEY CA 94703	R-2
09/27/2025	25TMP-029559		1522 OXFORD St, BERKELEY CA 94709	R-2
09/26/2025	ESR-2025-03340	Closed Expired	3014 COLLEGE Ave, BERKELEY CA 94705	R-2
09/25/2025	ESR-2025-03312	Closed Expired	1636 M L KING JR Way, BERKELEY CA 94709	R-2
09/24/2025	25TMP-029347		1518 DWIGHT Way, BERKELEY CA 94703	R-2
09/24/2025	ESR-2025-03298	Closed Expired	1729 MILVIA St, BERKELEY CA 94709	R-2
09/24/2025	ESR-2025-03291	Closed Expired	2835 REGENT St, BERKELEY CA 94705	R-2
09/24/2025	ESR-2025-03289	Closed Expired	2309 PRINCE St, BERKELEY CA 94705	R-2
09/22/2025	ESR-2025-03252	Closed Expired	723 WOODHAVEN Rd, BERKELEY CA 94708	R-2
09/22/2025	ESR-2025-03243	Closed Expired	853 CONTRA COSTA Ave, BERKELEY CA 94707	R-2
09/17/2025	ESR-2025-03178	Closed Expired	1914 STUART St, B, BERKELEY CA 94703	R-2
09/13/2025	25TMP-028813		2923 FLORENCE St, BERKELEY CA 94705	R-2
09/10/2025	ESR-2025-03088	Closed Expired	2311 LE CONTE Ave, BERKELEY CA 94709	R-2
09/10/2025	ESR-2025-03087	Closed Expired	1819 NINTH St, BERKELEY CA 94710	R-2
09/09/2025	ESR-2025-03062	Closed Expired	2417 SEVENTH St, A, BERKELEY CA 94710	R-2
09/03/2025	ESR-2025-02933	Closed Expired	1732 SAN PABLO Ave, BERKELEY CA 94702	R-2
08/30/2025	ESR-2025-02840	Closed Expired	1819 OREGON St, BERKELEY CA 94703	R-2
08/28/2025	ESR-2025-02823	Closed Expired	1817 OREGON St, A, BERKELEY CA 94703	R-2
08/27/2025	ESR-2025-02774	Closed Expired	1801 ROSE St, BERKELEY CA 94703	R-2
08/26/2025	ESR-2025-02766	Closed Expired	1914 STUART St, B, BERKELEY CA 94703	R-2
08/25/2025	ESR-2025-02748	Closed Expired	1610 MILVIA St, BERKELEY CA 94709	R-2
08/23/2025	ESR-2025-02730	Closed Expired	841 CONTRA COSTA Ave, BERKELEY CA 94707	R-2
08/23/2025	ESR-2025-02731	Closed Expired	2319 ROOSEVELT Ave, BERKELEY CA 94703	R-2
08/21/2025	ESR-2025-02696	Closed Expired	723 WOODHAVEN Rd, BERKELEY CA 94708	R-2
08/21/2025	ESR-2025-02697	Closed Expired	1918 GRANT St, BERKELEY CA 94703	R-2
08/21/2025	ESR-2025-02699	Closed Expired	1683 LA LOMA Ave, BERKELEY CA 94709	R-2
08/21/2025	ESR-2025-02705	Closed Expired	1430 JOSEPHINE St, BERKELEY CA 94703	R-2
08/18/2025	ESR-2025-02647	Closed Expired	1710 M L KING JR Way, BERKELEY CA 94709	R-2
08/16/2025	ESR-2025-02629	Closed Expired	2015 HEARST Ave, BERKELEY CA 94709	R-2
08/16/2025	ESR-2025-02628	Closed Expired	1218 DWIGHT Way, BERKELEY CA 94702	R-2
08/14/2025	ESR-2025-02597	Closed Expired	2283 HEARST Ave, BERKELEY CA 94709	R-2
08/13/2025	ESR-2025-02588	Closed Expired	1316 BONITA Ave, BERKELEY CA 94709	R-2
08/13/2025	ESR-2025-02587	Closed Expired	1735 BERKELEY Way, BERKELEY CA 94703	R-2
08/12/2025	ESR-2025-02571	Closed Expired	2550 COLLEGE Ave, 7, BERKELEY CA 94704	R-2
08/11/2025	ESR-2025-02545	Closed Expired	3101 CALIFORNIA St, BERKELEY CA 94703	R-2
08/08/2025	ESR-2025-02532	Closed Expired	1602 EDITH St, A, BERKELEY CA 94703	R-2
08/06/2025	ESR-2025-02485	Closed Expired	1330 UNIVERSITY Ave, 102, BERKELEY CA 94702	R-2
08/06/2025	25TMP-026761		1406 EUCLID Ave, 6, BERKELEY CA 94708	R-2
08/04/2025	ESR-2025-02440	Closed Expired	1319 PERALTA Ave, BERKELEY CA 94702	R-2
08/02/2025	ESR-2025-02433	Closed Expired	2147 EMERSON St, BERKELEY CA 94705	R-2
07/30/2025	ESR-2025-02386	Closed Expired	2118 CALIFORNIA St, A, BERKELEY CA 94703	R-2
07/28/2025	ESR-2025-02327	Closed Expired	1600 SIXTY-THIRD St, BERKELEY CA 94703	R-2
07/28/2025	ESR-2025-02329	Closed Expired	1739 ADDISON St, BERKELEY CA 94703	R-2
07/23/2025	25TMP-025913		1815 UNIVERSITY Ave, BERKELEY CA 94703	R-2
07/22/2025	25TMP-025860		488 KENTUCKY Ave, BERKELEY CA 94707	R-2
07/22/2025	ESR-2025-02275	Closed Expired	488 KENTUCKY Ave, BERKELEY CA 94707	R-2
07/21/2025	25TMP-025757		2410 STUART St, D, BERKELEY CA 94705	R-2
07/17/2025	ESR-2025-02231	Closed Expired	2118 CALIFORNIA St, B, BERKELEY CA 94703	R-2
07/17/2025	ESR-2025-02229	Closed Expired	2116 CALIFORNIA St, B, BERKELEY CA 94703	R-2
07/10/2025	ESR-2025-02138	Closed Expired	1313 HASKELL St, BERKELEY CA 94702	R-2
07/10/2025	ESR-2025-02143	Closed Expired	2534 DWIGHT Way, BERKELEY CA 94704	R-2
07/10/2025	ESR-2025-02140	Closed Expired	1315 HASKELL St, BERKELEY CA 94702	R-2
07/02/2025	ESR-2025-02059	Closed Expired	1600 SIXTY-THIRD St, BERKELEY CA 94703	R-2
07/02/2025	ESR-2025-02060	Closed Expired	2627 CALIFORNIA St, BERKELEY CA 94703	R-2
07/01/2025	ESR-2025-02043	Closed Expired	2908 DEAKIN St, C, BERKELEY CA 94705	R-2
06/30/2025	ESR-2025-02036	Closed Expired	1429 BONITA Ave, BERKELEY CA 94709	R-2
06/29/2025	ESR-2025-02018	Closed Expired	1036 COLUSA Ave, BERKELEY CA 94707	R-2
06/27/2025	ESR-2025-02011	Closed Expired	723 WOODHAVEN Rd, BERKELEY CA 94708	R-2
06/26/2025	ESR-2025-01987	Closed Expired	1804 SIXTY-SECOND St, BERKELEY CA 94703	R-2
06/19/2025	ESR-2025-01923	Closed Expired	1694 OXFORD St, D, BERKELEY CA 94709	R-2
06/15/2025	ESR-2025-01842	Closed Expired	1939 HASTE St, BERKELEY CA 94704	R-2
06/15/2025	ESR-2025-01841	Closed Expired	1937 HASTE St, BERKELEY CA 94704	R-2
06/10/2025	ESR-2025-01761	Closed Expired	1525 SPRUCE St, 32, BERKELEY CA 94709	R-2
06/10/2025	ESR-2025-01762	Closed Expired	2617 HILLEGASS Ave, BERKELEY CA 94704	R-2
06/10/2025	ESR-2025-01760	Closed Expired	1525 SPRUCE St, 22, BERKELEY CA 94709	R-2
06/10/2025	ESR-2025-01759	Closed Expired	1525 SPRUCE St, 2, BERKELEY CA 94709	R-2
06/04/2025	ESR-2025-01707	Closed Expired	891 VIRGINIA St, BERKELEY CA 94710	R-2
06/04/2025	ESR-2025-01702	Closed Expired	2908 DEAKIN St, C, BERKELEY CA 94705	R-2
06/03/2025	ESR-2025-01686	Closed Expired	1819 ADDISON St, BERKELEY CA 94703	R-2
06/02/2025	ESR-2025-01660	Closed Expired	854 HILLDALE Ave, BERKELEY CA 94708	R-2
05/29/2025	ESR-2025-01625	Closed Expired	1903 MCGEE Ave, BERKELEY CA 94703	R-2
05/28/2025	ESR-2025-01616	Closed Expired	2709 DWIGHT Way, BERKELEY CA 94704	R-2
05/28/2025	ESR-2025-01611	Closed Expired	711 HARRISON St, BERKELEY CA 94710	R-2
05/25/2025	ESR-2025-01593	Closed Expired	1743 BERKELEY Way, BERKELEY CA 94703	R-2
05/22/2025	ESR-2025-01573	Closed Expired	1301 HEARST Ave, BERKELEY CA 94702	R-2
05/20/2025	ESR-2025-01539	Closed Expired	2808 DERBY St, A, BERKELEY CA 94705	R-2
05/18/2025	ESR-2025-01514	Closed Expired	1611 MCGEE Ave, BERKELEY CA 94703	R-2
05/18/2025	ESR-2025-01511	Closed Expired	1406 BERKELEY Way, BERKELEY CA 94702	R-2
05/16/2025	ESR-2025-01506	Closed Expired	2626 ASHBY Ave, BERKELEY CA 94705	R-2
05/15/2025	ESR-2025-01494	Closed Expired	2222 CARLETON St, BERKELEY CA 94704	R-2
05/12/2025	ESR-2025-01453	Closed Expired	1907 CENTER St, BERKELEY CA 94704	R-2
05/12/2025	ESR-2025-01454	Closed Expired	1907 CENTER St, BERKELEY CA 94704	R-2
05/12/2025	ESR-2025-01456	Closed Expired	1907 CENTER St, 1, BERKELEY CA 94704	R-2
05/12/2025	ESR-2025-01457	Closed Expired	1907 CENTER St, 2, BERKELEY CA 94704	R-2
05/07/2025	ESR-2025-01396	Closed Expired	950 HEARST Ave, BERKELEY CA 94710	R-2
05/06/2025	ESR-2025-01376	Closed Expired	2325 SPAULDING Ave, BERKELEY CA 94703	R-2
05/05/2025	ESR-2025-01368	Closed Expired	1907 CENTER St, BERKELEY CA 94704	R-2
05/02/2025	ESR-2025-01346	Closed Expired	1625 CEDAR St, BERKELEY CA 94703	R-2
04/29/2025	ESR-2025-01307	Closed Expired	1537 Oregon St, BERKELEY CA 94703 United States	R-2
04/28/2025	ESR-2025-01300	Closed Expired	3121 COLLEGE Ave, COM, BERKELEY CA 94705	R-2
04/28/2025	ESR-2025-01285	Closed Expired	2118 CALIFORNIA St, BERKELEY CA 94703	R-2
04/24/2025	ESR-2025-01258	Closed Expired	2715 CHANNING Way, 9, BERKELEY CA 94704	R-2
04/24/2025	ESR-2025-01259	Closed Expired	2715 CHANNING Way, BERKELEY CA 94704	R-2
04/21/2025	ESR-2025-01225	Closed Expired	1819 FRANCISCO St, BERKELEY CA 94703	R-2
04/21/2025	25TMP-019997		1367 UNIVERSITY Ave, BERKELEY CA 94702	R-2
04/17/2025	ESR-2025-01181	Closed Expired	1506 SPRUCE St, BERKELEY CA 94709	R-2
04/17/2025	ESR-2025-01180	Closed Expired	1742 DERBY St, BERKELEY CA 94703	R-2
04/16/2025	ESR-2025-01156	Closed Expired	1438 BONITA Ave, BERKELEY CA 94709	R-2
04/15/2025	ESR-2025-01144	Closed Expired	1541 OXFORD St, 204, BERKELEY CA 94709	R-2
04/11/2025	ESR-2025-01109	Closed Expired	1433 DWIGHT Way, BERKELEY CA 94702	R-2
04/10/2025	ESR-2025-01106	Closed Expired	1771 HIGHLAND Pl, BERKELEY CA 94709	R-2
04/10/2025	ESR-2025-01096	Closed Expired	1329 ROSE St, C, BERKELEY CA 94702	R-2
04/08/2025	ESR-2025-01068	Closed Expired	1342 GILMAN St, BERKELEY CA 94706	R-2
03/31/2025	ESR-2025-00983	Closed Expired	2050 DELAWARE St, 103, BERKELEY CA 94709	R-2
03/31/2025	ESR-2025-00995	Closed Expired	1313 HASKELL St, BERKELEY CA 94702	R-2
03/31/2025	ESR-2025-00994	Closed Expired	2001 HASTE St, 4, BERKELEY CA 94704	R-2
03/31/2025	ESR-2025-00984	Closed Expired	2050 DELAWARE St, 401, BERKELEY CA 94709	R-2
03/28/2025	ESR-2025-00973	Closed Expired	1610 MILVIA St, 8, BERKELEY CA 94709	R-2
03/28/2025	ESR-2025-00965	Closed Expired	1625 LINCOLN St, BERKELEY CA 94703	R-2
03/27/2025	25TMP-018325		1803 BONITA Ave, BERKELEY CA 94709	R-2
03/27/2025	ESR-2025-00950	Closed Expired	1537 SIXTY-THIRD St, A, BERKELEY CA 94703	R-2
03/25/2025	ESR-2025-00911	Closed Expired	2619 BENVENUE Ave, F, BERKELEY CA 94704	R-2
03/25/2025	ESR-2025-00910	Closed Expired	2619 BENVENUE Ave, E, BERKELEY CA 94704	R-2
03/25/2025	ESR-2025-00909	Closed Expired	2619 BENVENUE Ave, D, BERKELEY CA 94704	R-2
03/25/2025	ESR-2025-00906	Closed Expired	2619 BENVENUE Ave, A, BERKELEY CA 94704	R-2
03/18/2025	ESR-2025-00836	Closed Expired	2635 FULTON St, BERKELEY CA 94704	R-2
03/13/2025	ESR-2025-00780	Closed Expired	2029 CHANNING Way, COM, BERKELEY CA 94704	R-2
03/10/2025	25TMP-016181		1542 TYLER St, BERKELEY CA 94703	R-2
03/07/2025	ESR-2025-00727	Closed Expired	1308 BURNETT St, 4, BERKELEY CA 94702	R-2
03/07/2025	ESR-2025-00724	Closed Expired	1308 BURNETT St, 3, BERKELEY CA 94702	R-2
03/07/2025	ESR-2025-00723	Closed Expired	1308 BURNETT St, 2, BERKELEY CA 94702	R-2
03/07/2025	ESR-2025-00722	Closed Expired	1308 BURNETT St, 1, BERKELEY CA 94702	R-2
03/06/2025	ESR-2025-00717	Closed Expired	2447 BONAR St, BERKELEY CA 94702	R-2
03/06/2025	ESR-2025-00710	Closed Expired	1918 GRANT St, 1, BERKELEY CA 94703	R-2
03/04/2025	ESR-2025-00684	Closed Expired	1308 BURNETT St, BERKELEY CA 94702	R-2
03/03/2025	ESR-2025-00654	Closed Expired	1438 BONITA Ave, BERKELEY CA 94709	R-2
02/28/2025	ESR-2025-00643	Closed Expired	1610 MILVIA St, BERKELEY CA 94709	R-2
02/27/2025	ESR-2025-00633	Closed Expired	1547 HOPKINS St, 5, BERKELEY CA 94707	R-2
02/26/2025	25TMP-013193		1649 JULIA St, BERKELEY CA 94703	R-2
02/26/2025	ESR-2025-00622	Closed Expired	1649 JULIA St, BERKELEY CA 94703	R-2
02/24/2025	ESR-2025-00582	Closed Expired	2325 CHANNING Way, BERKELEY CA 94704	R-2
02/21/2025	ESR-2025-00572	Closed Expired	2009 VINE St, BERKELEY CA 94709	R-2
02/21/2025	ESR-2025-00573	Closed Expired	2021 VINE St, BERKELEY CA 94709	R-2
02/13/2025	ESR-2025-00496	Closed Expired	1922 GRANT St, BERKELEY CA 94703	R-2
02/11/2025	ESR-2025-00457	Closed Expired	2323 SEVENTH St, BERKELEY CA 94710	R-2
02/10/2025	ESR-2025-00440	Closed Expired	2440 HILLSIDE Ave, BERKELEY CA 94704	R-2
02/10/2025	ESR-2025-00437	Closed Expired	1498 ADDISON St, BERKELEY CA 94702	R-2
02/06/2025	ESR-2025-00412	Closed Expired	1609 DERBY St, B, BERKELEY CA 94703	R-2
02/06/2025	ESR-2025-00411	Closed Expired	1609 DERBY St, A, BERKELEY CA 94703	R-2
02/04/2025	ESR-2025-00388	Closed Expired	2327 SEVENTH St, BERKELEY CA 94710	R-2
01/31/2025	ESR-2025-00346	Closed Expired	2629 PIEDMONT Ave, D, BERKELEY CA 94704	R-2
01/31/2025	ESR-2025-00343	Closed Expired	2267 HEARST Ave, BERKELEY CA 94709	R-2
01/31/2025	ESR-2025-00338	Closed Expired	1313 HASKELL St, BERKELEY CA 94702	R-2
01/27/2025	ESR-2025-00264	Closed Expired	2441 BONAR St, BERKELEY CA 94702	R-2
01/27/2025	ESR-2025-00276	Closed Expired	2304 GRANT St, BERKELEY CA 94703	R-2
01/22/2025	ESR-2025-00220	Closed Expired	2600 BENVENUE Ave, BERKELEY CA 94704	R-2
01/22/2025	ESR-2025-00216	Closed Expired	2601 ETNA St, BERKELEY CA 94704	R-2
01/21/2025	25TMP-004341		2505 VIRGINIA St, BERKELEY CA 94709	R-2
01/15/2025	ESR-2025-00146	Closed Expired	2925 ELLIS St, BERKELEY CA 94703	R-2
01/15/2025	ESR-2025-00144	Closed Expired	2511 PRINCE St, BERKELEY CA 94705	R-2
01/15/2025	ESR-2025-00131	Closed Expired	2745 STUART St, BERKELEY CA 94705	R-2
01/13/2025	ESR-2025-00111	Closed Expired	3202 CALIFORNIA St, B, BERKELEY CA 94703	R-2
01/10/2025	ESR-2025-00101	Closed Expired	1534 PARKER St, BERKELEY CA 94703	R-2
01/10/2025	ESR-2025-00097	Closed Expired	1468 HOPKINS St, BERKELEY CA 94702	R-2
01/09/2025	ESR-2025-00077	Closed Expired	1116 DWIGHT Way, 3, BERKELEY CA 94702	R-2
01/08/2025	ESR-2025-00066	Closed Expired	2122 MCGEE Ave, BERKELEY CA 94703	R-2
01/07/2025	ESR-2025-00052	Closed Expired	2122 MCGEE Ave, BERKELEY CA 94703	R-2
01/06/2025	ESR-2025-00032	Closed Expired	2227 ROOSEVELT Ave, BERKELEY CA 94703	R-2
01/04/2025	ESR-2025-00030	Closed Expired	1313 HASKELL St, BERKELEY CA 94702	R-2
01/03/2025	ESR-2025-00023	Closed Expired	1308 BURNETT St, BERKELEY CA 94702	R-2
12/30/2024	ESR-2024-04124	Closed Expired	1439 DWIGHT Way, BERKELEY CA 94702	R-2
12/20/2024	ESR-2024-04066	Closed Expired	1416 DERBY St, BERKELEY CA 94702	R-2
12/19/2024	24TMP-033736		2921 SACRAMENTO St, BERKELEY CA 94702	R-2
12/18/2024	ESR-2024-04024	Closed Expired	2918 FLORENCE St, BERKELEY CA 94705	R-2
12/17/2024	ESR-2024-04006	Closed Expired	1522 OXFORD St, BERKELEY CA 94709	R-2
12/14/2024	ESR-2024-03982	Closed Expired	1423 ACROFT Ct, BERKELEY CA 94702	R-2
12/13/2024	ESR-2024-03978	Closed Expired	1600 TYLER St, BERKELEY CA 94703	R-2
12/12/2024	ESR-2024-03963	Closed Expired	2421 SAN PABLO Ave, BERKELEY CA 94702	R-2
12/11/2024	ESR-2024-03949	Closed Expired	3113 SHATTUCK Ave, 2, BERKELEY CA 94704	R-2
12/10/2024	ESR-2024-03929	Closed Expired	100 PARNASSUS Rd, BERKELEY CA 94708	R-2
12/09/2024	ESR-2024-03894	Closed Expired	1116 DWIGHT Way, 3, BERKELEY CA 94702	R-2
12/09/2024	ESR-2024-03895	Closed Expired	2431 GRANT St, 6, BERKELEY CA 94703	R-2
12/09/2024	ESR-2024-03896	Closed Expired	2431 GRANT St, BERKELEY CA 94703	R-2
12/09/2024	ESR-2024-03898	Closed Expired	2431 GRANT St, BERKELEY CA 94703	R-2
12/09/2024	ESR-2024-03899	Closed Expired	2431 GRANT St, BERKELEY CA 94703	R-2
12/06/2024	ESR-2024-03882	Closed Expired	1429 M L KING JR Way, BERKELEY CA 94709	R-2
12/05/2024	ESR-2024-03859	Closed Expired	1612 BONITA Ave, BERKELEY CA 94709	R-2
12/03/2024	ESR-2024-03832	Closed Expired	1607 HOPKINS St, BERKELEY CA 94707	R-2
12/03/2024	ESR-2024-03818	Closed Expired	1903 TENTH St, BERKELEY CA 94710	R-2
11/27/2024	ESR-2024-03778	Closed Expired	2455 BONAR St, BERKELEY CA 94702	R-2
11/27/2024	ESR-2024-03777	Closed Expired	2453 BONAR St, BERKELEY CA 94702	R-2
11/27/2024	ESR-2024-03776	Closed Expired	2451 BONAR St, BERKELEY CA 94702	R-2
11/27/2024	ESR-2024-03775	Closed Expired	2449 BONAR St, BERKELEY CA 94702	R-2
11/27/2024	ESR-2024-03774	Closed Expired	2447 BONAR St, BERKELEY CA 94702	R-2
11/27/2024	ESR-2024-03773	Closed Expired	2445 BONAR St, BERKELEY CA 94702	R-2
11/27/2024	ESR-2024-03772	Closed Expired	2443 BONAR St, BERKELEY CA 94702	R-2
11/26/2024	ESR-2024-03769	Closed Expired	2441 BONAR St, BERKELEY CA 94702	R-2
11/22/2024	ESR-2024-03736	Closed Expired	1700 ADDISON St, BERKELEY CA 94703	R-2
11/20/2024	ESR-2024-03697	Closed Expired	2220 SACRAMENTO St, COM, BERKELEY CA 94702	R-2
11/15/2024	ESR-2024-03663	Closed Expired	2530 HILLEGASS Ave, 405, BERKELEY CA 94704	R-2
11/14/2024	ESR-2024-03644	Closed Expired	2619 ETNA St, C, BERKELEY CA 94704	R-2
11/14/2024	ESR-2024-03661	Closed Expired	2909 KING St, BERKELEY CA 94703	R-2
11/12/2024	ESR-2024-03625	Closed Expired	2239 CHANNING Way, BERKELEY CA 94704	R-2
11/10/2024	ESR-2024-03595	Closed Expired	2425 GRANT St, BERKELEY CA 94703	R-2
11/07/2024	ESR-2024-03578	Closed Expired	1904 UNIVERSITY Ave, 4, BERKELEY CA 94704	R-2
11/07/2024	ESR-2024-03563	Closed Expired	1728 SEVENTH St, BERKELEY CA 94710	R-2
11/07/2024	ESR-2024-03562	Closed Expired	1423 ACROFT Ct, BERKELEY CA 94702	R-2
11/04/2024	ESR-2024-03527	Closed Expired	2646 HILLEGASS Ave, BERKELEY CA 94704	R-2
11/01/2024	24TMP-029851		2016 DELAWARE St, A, BERKELEY CA 94709	R-2
10/30/2024	ESR-2024-03479	Closed Expired	1671 ADDISON St, BERKELEY CA 94703	R-2
10/28/2024	ESR-2024-03455	Closed Expired	1710 BANCROFT Way, BERKELEY CA 94703	R-2
10/25/2024	ESR-2024-03429	Closed Expired	2235 HEARST Ave, BERKELEY CA 94709	R-2
10/24/2024	ESR-2024-03421	Closed Expired	1945 BERKELEY Way, BERKELEY CA 94704	R-2
10/24/2024	ESR-2024-03420	Closed Expired	2239 CHANNING Way, BERKELEY CA 94704	R-2
10/24/2024	ESR-2024-03403	Closed Expired	1433 SPRUCE St, BERKELEY CA 94709	R-2
10/22/2024	ESR-2024-03380	Closed Expired	2925 COLLEGE Ave, BERKELEY CA 94705	R-2
10/22/2024	ESR-2024-03365	Closed Expired	1205 BONITA Ave, BERKELEY CA 94709	R-2
10/21/2024	ESR-2024-03344	Closed Expired	1535 VIRGINIA St, BERKELEY CA 94703	R-2
10/17/2024	ESR-2024-03322	Closed Expired	952 BANCROFT Way, BERKELEY CA 94710	R-2
10/17/2024	ESR-2024-03323	Closed Expired	956 BANCROFT Way, BERKELEY CA 94710	R-2
10/11/2024	ESR-2024-03217	Closed Expired	1501 BLAKE St, BERKELEY CA 94702	R-2
10/11/2024	ESR-2024-03213	Closed Expired	2227 ROOSEVELT Ave, BERKELEY CA 94703	R-2
10/03/2024	24TMP-028312		1461 UNIVERSITY Ave, BERKELEY CA 94702	R-2
10/02/2024	ESR-2024-03099	Closed Expired	2705 RIDGE Rd, BERKELEY CA 94709	R-2
10/01/2024	ESR-2024-03077	Closed Expired	2715 CHANNING Way, BERKELEY CA 94704	R-2
09/30/2024	24TMP-028086		2138 KITTREDGE St, BERKELEY CA 94704	R-2
09/27/2024	ESR-2024-03052	Closed Expired	2705 RIDGE Rd, BERKELEY CA 94709	R-2
09/26/2024	ESR-2024-03027	Closed Expired	2227 ROOSEVELT Ave, BERKELEY CA 94703	R-2
09/25/2024	24TMP-027914		United States	R-2
09/19/2024	ESR-2024-02926	Closed Expired	2326 GRANT St, BERKELEY CA 94703	R-2
09/16/2024	24TMP-027301		1622 BUENA Ave, BERKELEY CA 94703	R-2
09/16/2024	ESR-2024-02889	Closed Expired	2690 SACRAMENTO St, BERKELEY CA 94702	R-2
09/13/2024	ESR-2024-02860	Closed Expired	2431 COLLEGE Ave, BERKELEY CA 94704	R-2
09/09/2024	ESR-2024-02790	Closed Expired	2336 PIEDMONT Ave, BERKELEY CA 94704	R-2
09/09/2024	ESR-2024-02788	Closed Expired	1184 SPRUCE St, BERKELEY CA 94707	R-2
09/09/2024	ESR-2024-02782	Closed Expired	2537 ELLSWORTH St, BERKELEY CA 94704	R-2
08/29/2024	ESR-2024-02695	Closed Expired	1406 SAN PABLO Ave, D, BERKELEY CA 94702	R-2
08/29/2024	ESR-2024-02686	Closed Expired	2917 OTIS St, A, BERKELEY CA 94703	R-2
08/28/2024	ESR-2024-02674	Closed Expired	3017 STANTON St, BERKELEY CA 94702	R-2
08/27/2024	24TMP-026327		2428 EIGHTH St, BERKELEY CA 94710	R-2
08/27/2024	24TMP-026279		1236 GILMAN St, B, BERKELEY CA 94706	R-2
08/26/2024	ESR-2024-02650	Closed Expired	2911 REGENT St, BERKELEY CA 94705	R-2
08/23/2024	ESR-2024-02639	Closed Expired	1147 CAMELIA St, BERKELEY CA 94702	R-2
08/21/2024	ESR-2024-02607	Closed Expired	1936 BERRYMAN St, BERKELEY CA 94709	R-2
08/21/2024	ESR-2024-02615	Closed Expired	1348 FRANCISCO St, BERKELEY CA 94702	R-2
08/20/2024	ESR-2024-02594	Closed Expired	1200 NEILSON St, BERKELEY CA 94706	R-2
08/19/2024	24TMP-025886		1321 ADDISON St, BERKELEY CA 94702	R-2
08/19/2024	ESR-2024-02589	Closed Expired	1232 PERALTA Ave, BERKELEY CA 94706	R-2
08/16/2024	ESR-2024-02577	Closed Expired	1437 M L KING JR Way, BERKELEY CA 94709	R-2
08/14/2024	ESR-2024-02549	Closed Expired	2238 ROOSEVELT Ave, C, BERKELEY CA 94703	R-2
08/13/2024	ESR-2024-02539	Closed Expired	1719 CARLETON St, BERKELEY CA 94703	R-2
08/12/2024	ESR-2024-02520	Closed Expired	2638 RUSSELL St, COM, BERKELEY CA 94705	R-2
08/12/2024	ESR-2024-02516	Closed Expired	1321 ADDISON St, BERKELEY CA 94702	R-2
08/08/2024	ESR-2024-02475	Closed Expired	2310 ROOSEVELT Ave, BERKELEY CA 94703	R-2
08/07/2024	ESR-2024-02467	Closed Expired	2425 CALIFORNIA St, 1, BERKELEY CA 94703	R-2
07/31/2024	24TMP-024889		1529 ADA St, BERKELEY CA 94703	R-2
07/30/2024	24TMP-024752		1603 MCGEE Ave, BERKELEY CA 94703	R-2
07/29/2024	ESR-2024-02363	Closed Expired	1455 SPRUCE St, BERKELEY CA 94709	R-2
07/25/2024	ESR-2024-02343	Closed Expired	1524 UNIVERSITY Ave, BERKELEY CA 94703	R-2
07/25/2024	ESR-2024-02337	Closed Expired	1221 OREGON St, BERKELEY CA 94702	R-2
07/25/2024	ESR-2024-02336	Closed Expired	1642 RUSSELL St, A, BERKELEY CA 94703	R-2
07/25/2024	ESR-2024-02335	Closed Expired	1638 RUSSELL St, BERKELEY CA 94703	R-2
07/25/2024	ESR-2024-02329	Closed Expired	3329 CALIFORNIA St, BERKELEY CA 94703	R-2
07/24/2024	ESR-2024-02319	Closed Expired	2600 PIEDMONT Ave, BERKELEY CA 94704	R-2
07/24/2024	24TMP-024468		1251 CORNELL Ave, BERKELEY CA 94706	R-2
07/22/2024	ESR-2024-02287	Closed Expired	1339 FRANCISCO St, BERKELEY CA 94702	R-2
07/22/2024	ESR-2024-02279	Closed Expired	2431 COLLEGE Ave, 1, BERKELEY CA 94704	R-2
07/22/2024	ESR-2024-02272	Closed Expired	1423 ACROFT Ct, BERKELEY CA 94702	R-2
07/22/2024	24TMP-024350		2910 HILLEGASS Ave, 3, BERKELEY CA 94705	R-2
07/20/2024	ESR-2024-02268	Closed Expired	1742 M L KING JR Way, A, BERKELEY CA 94709	R-2
07/17/2024	ESR-2024-02234	Closed Expired	1514 OREGON St, F, BERKELEY CA 94703	R-2
07/17/2024	ESR-2024-02233	Closed Expired	1514 OREGON St, E, BERKELEY CA 94703	R-2
07/17/2024	ESR-2024-02232	Closed Expired	1514 OREGON St, D, BERKELEY CA 94703	R-2
07/17/2024	ESR-2024-02230	Closed Expired	1514 OREGON St, B, BERKELEY CA 94703	R-2
07/16/2024	ESR-2024-02214	Closed Expired	1119 HARRISON St, BERKELEY CA 94706	R-2
07/11/2024	24TMP-023759		1509 HEARST Ave, BERKELEY CA 94703	R-2
07/11/2024	ESR-2024-02169	Closed Expired	2409 TENTH St, BERKELEY CA 94710	R-2
07/11/2024	ESR-2024-02155	Closed Expired	2555 COLLEGE Ave, BERKELEY CA 94704	R-2
07/08/2024	ESR-2024-02120	Closed Expired	1514 OREGON St, A, BERKELEY CA 94703	R-2
07/05/2024	24TMP-023464		2210 MCKINLEY Ave, BERKELEY CA 94703	R-2
07/02/2024	ESR-2024-02082	Closed Expired	2210 MCKINLEY Ave, BERKELEY CA 94703	R-2
07/02/2024	ESR-2024-02081	Closed Expired	2455 BONAR St, BERKELEY CA 94702	R-2
07/01/2024	ESR-2024-02065	Closed Expired	3114 M L KING JR Way, BERKELEY CA 94703	R-2
06/30/2024	ESR-2024-02053	Closed Expired	3114 M L KING JR Way, BERKELEY CA 94703	R-2
06/28/2024	ESR-2024-02042	Closed Expired	1735 M L KING JR Way, BERKELEY CA 94709	R-2
06/28/2024	ESR-2024-02035	Closed Expired	1642 RUSSELL St, A, BERKELEY CA 94703	R-2
06/28/2024	ESR-2024-02034	Closed Expired	1638 RUSSELL St, BERKELEY CA 94703	R-2
06/24/2024	ESR-2024-01965	Closed Expired	2208 ROOSEVELT Ave, BERKELEY CA 94703	R-2
06/24/2024	ESR-2024-01963	Closed Expired	1916 STUART St, A, BERKELEY CA 94703	R-2
06/24/2024	24TMP-022870		2416 FULTON St, BERKELEY CA 94704	R-2
06/24/2024	24TMP-022808		2414 SACRAMENTO St, BERKELEY CA 94702	R-2
06/22/2024	ESR-2024-01959	Closed Expired	1334 OXFORD St, BERKELEY CA 94709	R-2
06/20/2024	ESR-2024-01938	Closed Expired	1310 ADDISON St, BERKELEY CA 94702	R-2
06/12/2024	ESR-2024-01853	Closed Expired	2555 COLLEGE Ave, BERKELEY CA 94704	R-2
06/06/2024	24TMP-021908		2067 UNIVERSITY Ave, BERKELEY CA 94704	R-2
06/06/2024	ESR-2024-01779	Closed Expired	2035 HEARST Ave, BERKELEY CA 94709	R-2
06/06/2024	ESR-2024-01776	Closed Expired	1623 ALCATRAZ Ave, BERKELEY CA 94703	R-2
06/06/2024	ESR-2024-01772	Closed Expired	3329 CALIFORNIA St, BERKELEY CA 94703	R-2
06/06/2024	ESR-2024-01768	Closed Expired	2235 BONAR St, BERKELEY CA 94702	R-2
06/04/2024	ESR-2024-01738	Closed Expired	2732 M L KING JR Way, 1, BERKELEY CA 94703	R-2
05/31/2024	ESR-2024-01698	Closed Expired	2017 BERKELEY Way, BERKELEY CA 94704	R-2
05/31/2024	ESR-2024-01702	Closed Expired	2409 TENTH St, BERKELEY CA 94710	R-2
05/23/2024	ESR-2024-01615	Closed Expired	2415 COLLEGE Ave, BERKELEY CA 94704	R-2
05/23/2024	ESR-2024-01613	Closed Expired	2415 COLLEGE Ave, BERKELEY CA 94704	R-2
05/23/2024	ESR-2024-01612	Closed Expired	1701 HARMON St, BERKELEY CA 94703	R-2
05/20/2024	ESR-2024-01570	Closed Expired	2311 PROSPECT St, BERKELEY CA 94704	R-2
05/14/2024	ESR-2024-01521	Closed Expired	2025 HEARST Ave, BERKELEY CA 94709	R-2
05/14/2024	ESR-2024-01519	Closed Expired	2600 ETNA St, COM, BERKELEY CA 94704	R-2
05/14/2024	ESR-2024-01518	Closed Expired	2600 ETNA St, 3, BERKELEY CA 94704	R-2
05/06/2024	ESR-2024-01406	Closed Expired	2717 HASTE St, BERKELEY CA 94704	R-2
05/02/2024	ESR-2024-01365	Closed Expired	2453 BYRON St, BERKELEY CA 94702	R-2
04/29/2024	ESR-2024-01313	Closed Expired	1808 FIFTH St, BERKELEY CA 94710	R-2
04/27/2024	ESR-2024-01291	Closed Expired	2114 PARKER St, 1, BERKELEY CA 94704	R-2
04/24/2024	ESR-2024-01254	Closed Expired	1515 OXFORD St, 1C, BERKELEY CA 94709	R-2
04/24/2024	ESR-2024-01250	Closed Expired	2425 SHATTUCK Ave, BERKELEY CA 94704	R-2
04/23/2024	ESR-2024-01239	Closed Expired	2132 ROOSEVELT Ave, 2, BERKELEY CA 94703	R-2
04/22/2024	ESR-2024-01212	Closed Expired	2405 FULTON St, BERKELEY CA 94704	R-2
04/21/2024	24TMP-019288		1515 OXFORD St, 1C, BERKELEY CA 94709	R-2
04/19/2024	ESR-2024-01205	Closed Expired	1290 HOPKINS St, 31, BERKELEY CA 94702	R-2
04/19/2024	ESR-2024-01204	Closed Expired	1290 HOPKINS St, 31, BERKELEY CA 94702	R-2
04/19/2024	ESR-2024-01203	Closed Expired	2414 SACRAMENTO St, BERKELEY CA 94702	R-2
04/19/2024	ESR-2024-01199	Closed Expired	2451 BYRON St, BERKELEY CA 94702	R-2
04/16/2024	ESR-2024-01159	Closed Expired	2425 GRANT St, G, BERKELEY CA 94703	R-2
04/16/2024	ESR-2024-01155	Closed Expired	1426 SPRUCE St, BERKELEY CA 94709	R-2
04/10/2024	ESR-2024-01103	Closed Expired	2398 BANCROFT Way, BERKELEY CA 94704	R-2
04/08/2024	ESR-2024-01084	Closed Expired	2627 VIRGINIA St, BERKELEY CA 94709	R-2
04/05/2024	ESR-2024-01071	Closed Expired	2910 HILLEGASS Ave, 3, BERKELEY CA 94705	R-2
04/03/2024	ESR-2024-01020	Closed Expired	2132 ROOSEVELT Ave, 2, BERKELEY CA 94703	R-2
04/02/2024	ESR-2024-01003	Closed Expired	3113 SHATTUCK Ave, 4, BERKELEY CA 94704	R-2
04/02/2024	ESR-2024-01002	Closed Expired	3113 SHATTUCK Ave, 2, BERKELEY CA 94704	R-2
04/01/2024	ESR-2024-00959	Closed Expired	2123 RUSSELL St, BERKELEY CA 94705	R-2
03/27/2024	ESR-2024-00904	Closed Expired	2914 DEAKIN St, COM, BERKELEY CA 94705	R-2
03/26/2024	ESR-2024-00892	Closed Expired	1820 ACTON St, BERKELEY CA 94702	R-2
03/26/2024	ESR-2024-00878	Closed Expired	2609 SAN PABLO Ave, BERKELEY CA 94702	R-2
03/25/2024	ESR-2024-00865	Closed Expired	1290 HOPKINS St, 25, BERKELEY CA 94702	R-2
03/22/2024	ESR-2024-00852	Closed Expired	2447 BONAR St, BERKELEY CA 94702	R-2
03/22/2024	ESR-2024-00849	Closed Expired	2564 VIRGINIA St, BERKELEY CA 94709	R-2
03/20/2024	ESR-2024-00822	Closed Expired	2398 BANCROFT Way, BERKELEY CA 94704	R-2
03/20/2024	ESR-2024-00819	Closed Expired	1921 DELAWARE St, BERKELEY CA 94709	R-2
03/13/2024	ESR-2024-00757	Closed Expired	2715 CHANNING Way, BERKELEY CA 94704	R-2
03/11/2024	ESR-2024-00718	Closed Expired	2910 HILLEGASS Ave, 3, BERKELEY CA 94705	R-2
03/10/2024	ESR-2024-00714	Closed Expired	1757 OXFORD St, BERKELEY CA 94709	R-2
03/07/2024	ESR-2024-00697	Closed Expired	1813 SIXTY-THIRD St, BERKELEY CA 94703	R-2
03/07/2024	ESR-2024-00698	Closed Expired	1630 RUSSELL St, BERKELEY CA 94703	R-2
03/06/2024	ESR-2024-00676	Closed Expired	1912 WOOLSEY St, BERKELEY CA 94703	R-2
03/05/2024	ESR-2024-00656	Closed Expired	1588 HENRY St, 3, BERKELEY CA 94709	R-2
02/28/2024	ESR-2024-00613	Closed Expired	2336 PIEDMONT Ave, BERKELEY CA 94704	R-2
02/28/2024	ESR-2024-00600	Closed Expired	2405 FULTON St, BERKELEY CA 94704	R-2
02/26/2024	ESR-2024-00571	Closed Expired	1409 OXFORD St, COM, BERKELEY CA 94709	R-2
02/26/2024	ESR-2024-00562	Closed Expired	1434 SIXTH St, BERKELEY CA 94710	R-2
02/20/2024	24TMP-009428		2336 PIEDMONT Ave, BERKELEY CA 94704	R-2
02/16/2024	ESR-2024-00471	Closed Expired	2525 ASHBY Ave, 1, BERKELEY CA 94705	R-2
02/16/2024	24TMP-008645		2035 PARKER St, BERKELEY CA 94704	R-2
02/15/2024	ESR-2024-00449	Closed Expired	1921 DELAWARE St, BERKELEY CA 94709	R-2
02/15/2024	ESR-2024-00446	Closed Expired	1244 ASHBY Ave, BERKELEY CA 94702	R-2
02/12/2024	ESR-2024-00409	Closed Expired	2227 MCGEE Ave, BERKELEY CA 94703	R-2
02/07/2024	ESR-2024-00368	Closed Expired	1600 SIXTY-THIRD St, BERKELEY CA 94703	R-2
02/07/2024	ESR-2024-00367	Closed Expired	1600 SIXTY-THIRD St, BERKELEY CA 94703	R-2
02/07/2024	ESR-2024-00365	Closed Expired	1409 OXFORD St, COM, BERKELEY CA 94709	R-2
02/06/2024	24TMP-006682		3112 DEAKIN St, BERKELEY CA 94705	R-2
02/06/2024	24TMP-006666		2634 VIRGINIA St, 24, BERKELEY CA 94709	R-2
01/31/2024	ESR-2024-00291	Closed Expired	2729 DWIGHT Way, 302, BERKELEY CA 94704	R-2
01/30/2024	24TMP-005244		2160 ASHBY Ave, BERKELEY CA 94705	R-2
01/25/2024	ESR-2024-00222	Closed Expired	1338 SHATTUCK Ave, BERKELEY CA 94709	R-2
01/25/2024	24TMP-004493		2103 CALIFORNIA St, BERKELEY CA 94703	R-2
01/23/2024	ESR-2024-00199	Closed Expired	1619 WALNUT St, BERKELEY CA 94709	R-2
01/19/2024	ESR-2024-00170	Closed Expired	1616 PRINCE St, BERKELEY CA 94703	R-2
01/18/2024	ESR-2024-00167	Closed Expired	2137 DWIGHT Way, BERKELEY CA 94704	R-2
01/17/2024	ESR-2024-00157	Closed Expired	1921 DELAWARE St, BERKELEY CA 94709	R-2
01/13/2024	ESR-2024-00116	Closed Expired	1625 CEDAR St, BERKELEY CA 94703	R-2
01/10/2024	ESR-2024-00085	Closed Expired	2200 BROWNING St, BERKELEY CA 94702	R-2
01/05/2024	ESR-2024-00052	Closed Expired	2200 DWIGHT Way, BERKELEY CA 94704	R-2
01/04/2024	24TMP-000687		2323 SEVENTH St, BERKELEY CA 94710	R-2
01/03/2024	ESR-2024-00026	Closed Expired	2142 SACRAMENTO St, BERKELEY CA 94702	R-2
01/01/2024	ESR-2024-00002	Closed Expired	1809 TENTH St, BERKELEY CA 94710	R-2
01/01/2024	ESR-2024-00003	Closed Expired	2416 ROOSEVELT Ave, BERKELEY CA 94703	R-2
01/01/2024	ESR-2024-00005	Closed Expired	2332 M L KING JR Way, BERKELEY CA 94704	R-2
12/27/2023	23TMP-032591		2321 SEVENTH St, BERKELEY CA 94710	R-2
12/24/2023	23TMP-032345		1635 FRANCISCO St, B, BERKELEY CA 94703	R-2
12/22/2023	ESR-2023-03712	Closed Expired	1509 HEARST Ave, BERKELEY CA 94703	R-2
12/19/2023	ESR-2023-03670	Closed Expired	1423 WALNUT St, COM, BERKELEY CA 94709	R-2
12/19/2023	ESR-2023-03673	Closed Expired	2012 BERKELEY Way, BERKELEY CA 94704	R-2
12/18/2023	ESR-2023-03658	Closed Expired	1520 FAIRVIEW St, B, BERKELEY CA 94703	R-2
12/13/2023	23TMP-030685		3038 HALCYON Ct, A, BERKELEY CA 94705	R-2
12/11/2023	ESR-2023-03609	Closed Expired	1545 HOPKINS St, BERKELEY CA 94707	R-2
11/30/2023	ESR-2023-03511	Closed Expired	2091 CALIFORNIA St, BERKELEY CA 94703	R-2
11/29/2023	ESR-2023-03495	Closed Expired	2324 NINTH St, BERKELEY CA 94710	R-2
11/22/2023	ESR-2023-03447	Closed Expired	2517 VIRGINIA St, BERKELEY CA 94709	R-2
11/13/2023	ESR-2023-03352	Closed Expired	1509 HEARST Ave, 101, BERKELEY CA 94703	R-2
11/13/2023	ESR-2023-03351	Closed Expired	1217 HASKELL St, BERKELEY CA 94702	R-2
11/10/2023	ESR-2023-03340	Closed Expired	1323 VIRGINIA St, A, BERKELEY CA 94702	R-2
11/10/2023	ESR-2023-03338	Closed Expired	2564 VIRGINIA St, 7, BERKELEY CA 94709	R-2
10/30/2023	ESR-2023-03196	Closed Expired	2329 CHANNING Way, BERKELEY CA 94704	R-2
10/30/2023	ESR-2023-03198	Closed Expired	2203 DERBY St, BERKELEY CA 94705	R-2
10/30/2023	ESR-2023-03202	Closed Expired	2718 NINTH St, BERKELEY CA 94710	R-2
10/26/2023	ESR-2023-03175	Closed Expired	2139 GRANT St, BERKELEY CA 94703	R-2
10/26/2023	ESR-2023-03176	Closed Expired	2609 SAN PABLO Ave, BERKELEY CA 94702	R-2
10/24/2023	ESR-2023-03142	Closed Expired	1448 JOSEPHINE St, 1, BERKELEY CA 94703	R-2
10/24/2023	ESR-2023-03143	Closed Expired	1448 JOSEPHINE St, 2, BERKELEY CA 94703	R-2
10/17/2023	ESR-2023-03065	Closed Expired	2737 DURANT Ave, BERKELEY CA 94704	R-2
10/13/2023	ESR-2023-03030	Closed Expired	2203 DERBY St, BERKELEY CA 94705	R-2
10/04/2023	ESR-2023-02933	Closed Expired	2420 MILVIA St, A, BERKELEY CA 94704	R-2
10/03/2023	ESR-2023-02905	Closed Expired	2411 PARKER St, BERKELEY CA 94704	R-2
10/02/2023	ESR-2023-02899	Closed Expired	2220 SACRAMENTO St, COM, BERKELEY CA 94702	R-2
09/26/2023	23TMP-026172		2020 DWIGHT Way, BERKELEY CA 94704	R-2
09/25/2023	23TMP-026105		1951 SHATTUCK Ave, BERKELEY CA 94704 United States	R-2
09/23/2023	ESR-2023-02836	Closed Expired	1330 SACRAMENTO St, BERKELEY CA 94702	R-2
09/18/2023	ESR-2023-02789	Closed Expired	1801 ROSE St, 6, BERKELEY CA 94703	R-2
09/13/2023	ESR-2023-02733	Closed Expired	1522 HENRY St, BERKELEY CA 94709	R-2
09/12/2023	23TMP-025629		906 HEARST Ave, BERKELEY CA 94710	R-2
09/01/2023	ESR-2023-02637	Closed Expired	2431 VIRGINIA St, BERKELEY CA 94709	R-2
09/01/2023	ESR-2023-02638	Closed Expired	1104 CHAUCER St, 4, BERKELEY CA 94702	R-2
08/22/2023	ESR-2023-02512	Closed Expired	2336 CHANNING Way, BERKELEY CA 94704	R-2
08/18/2023	ESR-2023-02484	Closed Expired	2915 REGENT St, BERKELEY CA 94705	R-2
08/17/2023	ESR-2023-02471	Closed Expired	1418 PERALTA Ave, BERKELEY CA 94702	R-2
08/16/2023	ESR-2023-02461	Closed Expired	2329 CHANNING Way, BERKELEY CA 94704	R-2
08/11/2023	ESR-2023-02403	Closed Expired	2020 DWIGHT Way, BERKELEY CA 94704	R-2
08/02/2023	ESR-2023-02311	Closed Expired	108 FOREST Ln, BERKELEY CA 94708	R-2
07/31/2023	23TMP-023566		2203 DERBY St, BERKELEY CA 94705	R-2
07/30/2023	23TMP-023494		1170 CAMELIA St, BERKELEY CA 94702	R-2
07/25/2023	ESR-2023-02232	Closed Expired	2321 DWIGHT Way, 105, BERKELEY CA 94704	R-2
07/18/2023	23TMP-022911		2028 BANCROFT Way, BERKELEY CA 94704	R-2
07/18/2023	ESR-2023-02164	Closed Expired	1531 DERBY St, BERKELEY CA 94703	R-2
06/30/2023	ESR-2023-02024	Closed Expired	3214 CALIFORNIA St, BERKELEY CA 94703	R-2
06/30/2023	ESR-2023-02020	Closed Expired	3328 KING St, BERKELEY CA 94703	R-2
06/29/2023	ESR-2023-02008	Closed Expired	1926 ALCATRAZ Ave, BERKELEY CA 94703	R-2
06/28/2023	ESR-2023-01995	Closed Expired	2024 DURANT Ave, BERKELEY CA 94704	R-2
06/27/2023	ESR-2023-01983	Closed Expired	2240 BLAKE St, BERKELEY CA 94704	R-2
06/21/2023	ESR-2023-01917	Closed Expired	1615 MCGEE Ave, BERKELEY CA 94703	R-2
06/21/2023	23TMP-021712		2510 LE CONTE Ave, BERKELEY CA 94709	R-2
06/15/2023	ESR-2023-01863	Closed Expired	2512 NINTH St, 10, BERKELEY CA 94710	R-2
06/13/2023	ESR-2023-01808	Closed Expired	1939 FRANCISCO St, A, BERKELEY CA 94709	R-2
06/08/2023	ESR-2023-01783	Closed Expired	2319 WARD St, 4, BERKELEY CA 94705	R-2
05/19/2023	ESR-2023-01550	Closed Expired	1527 ASHBY Ave, BERKELEY CA 94703	R-2
05/17/2023	ESR-2023-01538	Closed Expired	828 INDIAN ROCK Ave, BERKELEY CA 94707	R-2
05/16/2023	ESR-2023-01517	Closed Expired	2311 CHANNING Way, BERKELEY CA 94704	R-2
05/09/2023	ESR-2023-01430	Closed Expired	1322 SHATTUCK Ave, BERKELEY CA 94709	R-2
04/25/2023	ESR-2023-01261	Closed Expired	1513 HEARST Ave, BERKELEY CA 94703	R-2
04/19/2023	ESR-2023-01170	Closed Expired	1801 WOOLSEY St, BERKELEY CA 94703	R-2
03/31/2023	ESR-2023-00924	Closed Expired	1611 MCGEE Ave, BERKELEY CA 94703	R-2
03/25/2023	ESR-2023-00817	Closed Expired	2033 PARKER St, B, BERKELEY CA 94704	R-2
03/24/2023	ESR-2023-00809	Closed Expired	2948 PINE Ave, BERKELEY CA 94705	R-2
03/23/2023	ESR-2023-00797	Closed Expired	2312 WARRING St, BERKELEY CA 94704	R-2
03/17/2023	ESR-2023-00712	Closed Expired	1966 SAN PABLO Ave, BERKELEY CA 94702	R-2
02/27/2023	ESR-2023-00497	Closed Expired	2340 LE CONTE Ave, BERKELEY CA 94709	R-2
02/23/2023	ESR-2023-00470	Closed Expired	2550 DANA St, 2E, BERKELEY CA 94704	R-2
02/16/2023	ESR-2023-00405	Closed Expired	1529 TYLER St, BERKELEY CA 94703	R-2
02/16/2023	ESR-2023-00397	Closed Expired	1410 ALLSTON Way, BERKELEY CA 94702	R-2
01/31/2023	ESR-2023-00226	Closed Expired	2529 ELLSWORTH St, BERKELEY CA 94704	R-2
01/25/2023	ESR-2023-00184	Closed Expired	1479 LINCOLN St, BERKELEY CA 94702	R-2
01/15/2023	ESR-2023-00076	Closed Expired	2111 BYRON St, B, BERKELEY CA 94702	R-2
12/30/2025	ESR-2025-04621	Closed Expired	925 SPRUCE St, BERKELEY CA 94707	R-3
12/29/2025	ESR-2025-04594	Closed Expired	2912 PINE Ave, BERKELEY CA 94705	R-3
12/29/2025	ESR-2025-04597	Closed Expired	1620 DWIGHT Way, BERKELEY CA 94703	R-3
12/27/2025	25TMP-036203		636 VINCENTE Ave, BERKELEY CA 94707	R-3
12/23/2025	ESR-2025-04566	Closed Expired	1733 FRANCISCO St, B, BERKELEY CA 94703	R-3
12/23/2025	ESR-2025-04568	Closed Expired	1701 TENTH St, BERKELEY CA 94710	R-3
12/23/2025	ESR-2025-04571	Closed Expired	952 FRESNO Ave, BERKELEY CA 94707	R-3
12/21/2025	ESR-2025-04553	Closed Expired	1907 CURTIS St, BERKELEY CA 94702	R-3
12/18/2025	ESR-2025-04525	Closed Expired	2634 ACTON St, BERKELEY CA 94702	R-3
12/18/2025	ESR-2025-04521	Closed Expired	2610 FULTON St, BERKELEY CA 94704	R-3
12/18/2025	ESR-2025-04520	Closed Expired	140 AVENIDA Dr, BERKELEY CA 94708	R-3
12/17/2025	25TMP-034562		759 KEELER Ave, BERKELEY CA 94708	R-3
12/17/2025	25TMP-034555		1439 SANTA FE Ave, BERKELEY CA 94702	R-3
12/17/2025	ESR-2025-04512	Closed Expired	1819 FRANCISCO St, A, BERKELEY CA 94703	R-3
12/17/2025	ESR-2025-04510	Closed Expired	3047 HALCYON Ct, BERKELEY CA 94705	R-3
12/17/2025	ESR-2025-04507	Closed Expired	2630 MCGEE Ave, BERKELEY CA 94703	R-3
12/16/2025	ESR-2025-04488	Closed Expired	1034 DWIGHT Way, BERKELEY CA 94710	R-3
12/16/2025	ESR-2025-04493	Closed Expired	1262 BURNETT St, BERKELEY CA 94702	R-3
12/15/2025	ESR-2025-04447	Closed Expired	2117 PRINCE St, BERKELEY CA 94705	R-3
12/14/2025	ESR-2025-04442	Closed Expired	1514 LA LOMA Ave, BERKELEY CA 94708	R-3
12/12/2025	ESR-2025-04419	Closed Expired	136 PARKSIDE Dr, BERKELEY CA 94705	R-3
12/12/2025	ESR-2025-04416	Closed Expired	1634 FRANCISCO St, BERKELEY CA 94703	R-3
12/12/2025	ESR-2025-04414	Closed Expired	1231 CAMPUS Dr, BERKELEY CA 94708	R-3
12/11/2025	25TMP-033911		1037 CEDAR St, BERKELEY CA 94710	R-3
12/11/2025	ESR-2025-04403	Documents Uploaded	2832 FULTON St, BERKELEY CA 94705	R-3
12/08/2025	ESR-2025-04368	Closed Expired	898 SPRUCE St, BERKELEY CA 94707	R-3
12/05/2025	ESR-2025-04337	Closed Expired	2004 ESSEX St, BERKELEY CA 94703	R-3
12/05/2025	ESR-2025-04334	Closed Expired	2815 STUART St, A, BERKELEY CA 94705	R-3
12/04/2025	25TMP-032625		1557 VISALIA Ave, BERKELEY CA 94707	R-3
12/04/2025	ESR-2025-04318	Closed Expired	1507 SAN PABLO Ave, BERKELEY CA 94702	R-3
12/04/2025	ESR-2025-04314	Closed Expired	1733 FRANCISCO St, B, BERKELEY CA 94703	R-3
12/04/2025	ESR-2025-04311	Closed Expired	1810 PRINCE St, BERKELEY CA 94703	R-3
12/02/2025	ESR-2025-04257	Closed Expired	2742 GARBER St, BERKELEY CA 94705	R-3
12/01/2025	ESR-2025-04252	Closed Expired	1715 BANCROFT Way, BERKELEY CA 94703	R-3
11/26/2025	25TMP-033045		2974 SACRAMENTO St, BERKELEY CA 94702	R-3
11/26/2025	ESR-2025-04218	Closed Expired	2957 PINE Ave, BERKELEY CA 94705	R-3
11/25/2025	25TMP-032971		3047 HALCYON Ct, BERKELEY CA 94705	R-3
11/25/2025	ESR-2025-04206	Closed Expired	915 MENDOCINO Ave, BERKELEY CA 94707	R-3
11/24/2025	25TMP-032882		2415 PRINCE St, BERKELEY CA 94705	R-3
11/24/2025	ESR-2025-04168	Awaiting Documents	2416 MCKINLEY Ave, BERKELEY CA 94703	R-3
11/23/2025	ESR-2025-04160	Closed Expired	1546 LA LOMA Ave, BERKELEY CA 94708	R-3
11/23/2025	ESR-2025-04159	Closed Expired	11 PANORAMIC Way, BERKELEY CA 94704	R-3
11/21/2025	ESR-2025-04155	Closed Expired	411 MICHIGAN Ave, BERKELEY CA 94707	R-3
11/21/2025	ESR-2025-04148	Closed Expired	1231 CARLETON St, BERKELEY CA 94702	R-3
11/18/2025	ESR-2025-04097	Closed Expired	1420 GRANT St, C, BERKELEY CA 94703	R-3
11/18/2025	ESR-2025-04096	Closed Expired	1420 GRANT St, B, BERKELEY CA 94703	R-3
11/18/2025	ESR-2025-04095	Closed Expired	1420 GRANT St, A, BERKELEY CA 94703	R-3
11/18/2025	ESR-2025-04089	Closed Expired	1302 ALBINA Ave, A, BERKELEY CA 94706	R-3
11/17/2025	25TMP-032425		2531 FULTON St, BERKELEY CA 94704	R-3
11/17/2025	25TMP-032503		1036 MARIPOSA Ave, BERKELEY CA 94707	R-3
11/17/2025	ESR-2025-04075	Closed Expired	916 BATAAN Ave, BERKELEY CA 94710	R-3
11/14/2025	ESR-2025-04061	Closed Expired	2108 GRANT St, BERKELEY CA 94703	R-3
11/13/2025	25TMP-032273		2843 FULTON St, BERKELEY CA 94705	R-3
11/13/2025	ESR-2025-04049	Closed Expired	2010 FRANCISCO St, A, BERKELEY CA 94709	R-3
11/13/2025	ESR-2025-04046	Closed Expired	666 CRESTON Rd, BERKELEY CA 94708	R-3
11/12/2025	ESR-2025-04034	Closed Expired	952 THE ALAMEDA, BERKELEY CA 94707	R-3
11/12/2025	ESR-2025-04025	Closed Expired	898 SPRUCE St, BERKELEY CA 94707	R-3
11/11/2025	ESR-2025-04014	Closed Expired	968 REGAL Rd, BERKELEY CA 94708	R-3
11/11/2025	ESR-2025-04013	Closed Expired	2216 MCGEE Ave, BERKELEY CA 94703	R-3
11/11/2025	ESR-2025-04012	Closed Expired	1231 CAMPUS Dr, BERKELEY CA 94708	R-3
11/11/2025	ESR-2025-04004	Closed Expired	2517 CEDAR St, BERKELEY CA 94708	R-3
11/11/2025	ESR-2025-04003	Closed Expired	1809 CHANNING Way, BERKELEY CA 94703	R-3
11/11/2025	ESR-2025-04002	Closed Expired	2317 CARLETON St, C, BERKELEY CA 94704	R-3
11/07/2025	ESR-2025-03987	Closed Expired	1910 HARMON St, BERKELEY CA 94703	R-3
11/06/2025	25TMP-031929		1841 MARIN Ave, BERKELEY CA 94707	R-3
11/06/2025	ESR-2025-03974	Closed Expired	2414 TENTH St, BERKELEY CA 94710	R-3
11/05/2025	25TMP-031422		2811 DOHR St, BERKELEY CA 94702	R-3
11/05/2025	ESR-2025-03937	Closed Expired	1405 GRANT St, BERKELEY CA 94703	R-3
11/05/2025	ESR-2025-03932	Closed Expired	566 COLUSA Ave, BERKELEY CA 94707	R-3
11/05/2025	ESR-2025-03948	Closed Expired	2699 DERBY St, BERKELEY CA 94705	R-3
11/04/2025	ESR-2025-03906	Closed Expired	1923 SACRAMENTO St, BERKELEY CA 94702	R-3
11/04/2025	ESR-2025-03898	Closed Expired	8 MAYBECK TWIN Dr, BERKELEY CA 94708	R-3
11/03/2025	25TMP-031693		1162 ARCH St, BERKELEY CA 94708	R-3
11/03/2025	ESR-2025-03880	Closed Expired	1003 MERCED St, BERKELEY CA 94707	R-3
11/01/2025	ESR-2025-03872	Closed Expired	2731 SHASTA Rd, BERKELEY CA 94708	R-3
10/31/2025	ESR-2025-03858	Closed Expired	1833 SONOMA Ave, BERKELEY CA 94707	R-3
10/31/2025	ESR-2025-03867	Closed Expired	1229 KAINS Ave, BERKELEY CA 94706	R-3
10/31/2025	ESR-2025-03868	Closed Expired	1520 WARD St, BERKELEY CA 94703	R-3
10/30/2025	ESR-2025-03852	Closed Expired	2721 STUART St, BERKELEY CA 94705	R-3
10/29/2025	ESR-2025-03838	Closed Expired	1819 ALLSTON Way, B, BERKELEY CA 94703	R-3
10/29/2025	ESR-2025-03821	Closed Expired	78 SAN MATEO Rd, BERKELEY CA 94707	R-3
10/28/2025	ESR-2025-03806	Closed Expired	2815 STANTON St, BERKELEY CA 94702	R-3
10/27/2025	25TMP-031330		1126 KEITH Ave, BERKELEY CA 94708	R-3
10/27/2025	ESR-2025-03796	Closed Expired	5 THE CRESCENT, BERKELEY CA 94708	R-3
10/25/2025	ESR-2025-03784	Closed Expired	1814 WOOLSEY St, BERKELEY CA 94703	R-3
10/24/2025	25TMP-031177		1259 MONTEREY Ave, BERKELEY CA 94707	R-3
10/24/2025	ESR-2025-03781	Closed Expired	1351 CARLOTTA Ave, BERKELEY CA 94703	R-3
10/20/2025	ESR-2025-03696	Closed Expired	2411 GRANT St, BERKELEY CA 94703	R-3
10/20/2025	ESR-2025-03708	Closed Expired	880 SPRUCE St, BERKELEY CA 94707	R-3
10/16/2025	ESR-2025-03671	Closed Expired	716 THE ALAMEDA, BERKELEY CA 94707	R-3
10/15/2025	ESR-2025-03657	Closed Expired	2228 JEFFERSON Ave, BERKELEY CA 94703	R-3
10/15/2025	ESR-2025-03658	Closed Expired	1810 PRINCE St, BERKELEY CA 94703	R-3
10/14/2025	ESR-2025-03622	Closed Expired	670 GRIZZLY PEAK Blvd, BERKELEY CA 94708	R-3
10/10/2025	ESR-2025-03590	Closed Expired	2495 VALLEY St, BERKELEY CA 94702	R-3
10/10/2025	ESR-2025-03585	Closed Expired	1814 CARLETON St, BERKELEY CA 94703	R-3
10/10/2025	ESR-2025-03577	Closed Expired	919 SAN BENITO Rd, BERKELEY CA 94707	R-3
10/09/2025	ESR-2025-03569	Closed Expired	1819 ALLSTON Way, A, BERKELEY CA 94703	R-3
10/09/2025	ESR-2025-03559	Closed Expired	980 EUCLID Ave, BERKELEY CA 94708	R-3
10/09/2025	ESR-2025-03554	Closed Expired	1670 FRANKLIN St, BERKELEY CA 94702	R-3
10/09/2025	ESR-2025-03544	Closed Expired	1610 JULIA St, BERKELEY CA 94703	R-3
10/09/2025	ESR-2025-03541	Closed Expired	3046 DEAKIN St, BERKELEY CA 94705	R-3
10/08/2025	ESR-2025-03529	Closed Expired	1327 CARLOTTA Ave, BERKELEY CA 94703	R-3
10/08/2025	ESR-2025-03519	Closed Expired	1201 ORDWAY St, BERKELEY CA 94706	R-3
10/07/2025	ESR-2025-03510	Closed Expired	2347 SACRAMENTO St, BERKELEY CA 94702	R-3
10/06/2025	ESR-2025-03472	Closed Expired	1020 OVERLOOK Rd, BERKELEY CA 94708	R-3
10/04/2025	ESR-2025-03439	Closed Expired	9 WILSON Cir, BERKELEY CA 94708	R-3
10/03/2025	25TMP-029929		438 SPRUCE St, BERKELEY CA 94708	R-3
10/03/2025	ESR-2025-03429	Closed Expired	2736 WEBSTER St, BERKELEY CA 94705	R-3
10/02/2025	ESR-2025-03417	Closed Expired	10 WILSON Cir, BERKELEY CA 94708	R-3
10/01/2025	ESR-2025-03397	Closed Expired	1338 STANNAGE Ave, BERKELEY CA 94702	R-3
10/01/2025	ESR-2025-03392	Closed Expired	173 FAIRLAWN Dr, BERKELEY CA 94708	R-3
10/01/2025	ESR-2025-03387	Closed Expired	968 REGAL Rd, BERKELEY CA 94708	R-3
10/01/2025	ESR-2025-03409	Closed Expired	2935 OTIS St, BERKELEY CA 94703	R-3
09/30/2025	25TMP-029716		2120 MILVIA St, BERKELEY CA 94704	R-3
09/29/2025	ESR-2025-03353	Documents Uploaded	1516 GRIZZLY PEAK Blvd, BERKELEY CA 94708	R-3
09/29/2025	ESR-2025-03355	Closed Expired	1736 HIGHLAND Pl, BERKELEY CA 94709	R-3
09/29/2025	ESR-2025-03356	Closed Expired	2428 BROWNING St, BERKELEY CA 94702	R-3
09/26/2025	ESR-2025-03338	Closed Expired	2204 BONAR St, BERKELEY CA 94702	R-3
09/25/2025	25TMP-029483		2314 EIGHTH St, BERKELEY CA 94710	R-3
09/24/2025	ESR-2025-03305	Closed Expired	2130 BROWNING St, BERKELEY CA 94702	R-3
09/22/2025	25TMP-029237		1299 DELAWARE St, BERKELEY CA 94702	R-3
09/22/2025	ESR-2025-03242	Closed Expired	440 VASSAR Ave, BERKELEY CA 94708	R-3
09/22/2025	ESR-2025-03241	Closed Expired	1624 SIXTY-THIRD St, BERKELEY CA 94703	R-3
09/20/2025	ESR-2025-03237	Closed Expired	614 ARLINGTON Ave, BERKELEY CA 94707	R-3
09/18/2025	25TMP-029043		1560 HAWTHORNE Ter, BERKELEY CA 94708	R-3
09/17/2025	ESR-2025-03196	Closed Expired	1248 CARLOTTA Ave, BERKELEY CA 94707	R-3
09/17/2025	ESR-2025-03177	Closed Expired	1557 VISALIA Ave, BERKELEY CA 94707	R-3
09/16/2025	ESR-2025-03164	Closed Expired	835 CHANNING Way, BERKELEY CA 94710	R-3
09/16/2025	ESR-2025-03166	Closed Expired	2348 SEVENTH St, BERKELEY CA 94710	R-3
09/16/2025	ESR-2025-03168	Closed Expired	2109 MCGEE Ave, BERKELEY CA 94703	R-3
09/15/2025	ESR-2025-03150	Closed Expired	494 CRAGMONT Ave, BERKELEY CA 94708	R-3
09/15/2025	ESR-2025-03151	Closed Expired	1133 ALLSTON Way, BERKELEY CA 94702	R-3
09/15/2025	ESR-2025-03156	Closed Expired	2016 DELAWARE St, A, BERKELEY CA 94709	R-3
09/15/2025	ESR-2025-03144	Closed Expired	1327 ORDWAY St, BERKELEY CA 94702	R-3
09/15/2025	ESR-2025-03140	Closed Expired	1814 CARLETON St, BERKELEY CA 94703	R-3
09/13/2025	ESR-2025-03136	Closed Expired	2713 FOREST Ave, BERKELEY CA 94705	R-3
09/12/2025	ESR-2025-03124	Closed Expired	1810 PRINCE St, BERKELEY CA 94703	R-3
09/11/2025	ESR-2025-03120	Closed Expired	1281 BERKELEY Way, BERKELEY CA 94702	R-3
09/11/2025	ESR-2025-03110	Closed Expired	687 WOODMONT Ave, BERKELEY CA 94708	R-3
09/11/2025	ESR-2025-03107	Closed Expired	1750 CAPISTRANO Ave, BERKELEY CA 94707	R-3
09/10/2025	ESR-2025-03089	Closed Expired	670 GRIZZLY PEAK Blvd, BERKELEY CA 94708	R-3
09/09/2025	ESR-2025-03078	Closed Expired	1711 ASHBY Ave, BERKELEY CA 94703	R-3
09/09/2025	ESR-2025-03073	Closed Expired	3020 BATEMAN St, BERKELEY CA 94705	R-3
09/09/2025	ESR-2025-03071	Closed Expired	968 REGAL Rd, BERKELEY CA 94708	R-3
09/05/2025	ESR-2025-02974	Closed Expired	1817 ALLSTON Way, A, BERKELEY CA 94703	R-3
09/05/2025	ESR-2025-02968	Closed Expired	1456 CORNELL Ave, BERKELEY CA 94702	R-3
09/05/2025	ESR-2025-02999	Closed Expired	33 FOREST Ln, BERKELEY CA 94708	R-3
09/04/2025	ESR-2025-02949	Closed Expired	2215 EUNICE St, BERKELEY CA 94709	R-3
09/04/2025	ESR-2025-02947	Closed Expired	2300 WARD St, BERKELEY CA 94705	R-3
09/04/2025	ESR-2025-02945	Closed Expired	1634 DERBY St, BERKELEY CA 94703	R-3
09/04/2025	ESR-2025-02940	Closed Expired	1196 CORNELL Ave, BERKELEY CA 94706	R-3
09/03/2025	ESR-2025-02924	Closed Expired	411 MICHIGAN Ave, BERKELEY CA 94707	R-3
09/03/2025	ESR-2025-02926	Closed Expired	679 SAN LUIS Rd, BERKELEY CA 94707	R-3
09/03/2025	ESR-2025-02927	Closed Expired	815 SAN LUIS Rd, BERKELEY CA 94707	R-3
09/03/2025	ESR-2025-02935	Closed Expired	1512 ARCH St, BERKELEY CA 94708	R-3
09/02/2025	ESR-2025-02907	Closed Expired	1819 ALLSTON Way, A, BERKELEY CA 94703	R-3
08/30/2025	ESR-2025-02838	Closed Expired	1524 ALCATRAZ Ave, BERKELEY CA 94703	R-3
08/28/2025	25TMP-027935		1737 DERBY St, BERKELEY CA 94703	R-3
08/27/2025	ESR-2025-02780	Closed Expired	1625 SHATTUCK Ave, 101, BERKELEY CA 94709	R-3
08/27/2025	ESR-2025-02781	Closed Expired	1630 BONITA Ave, BERKELEY CA 94709	R-3
08/27/2025	ESR-2025-02786	Closed Expired	1421 HEARST Ave, BERKELEY CA 94702	R-3
08/27/2025	ESR-2025-02795	Closed Expired	486 GRIZZLY PEAK Blvd, BERKELEY CA 94708	R-3
08/26/2025	ESR-2025-02764	Closed Expired	25 HAZEL Rd, BERKELEY CA 94705	R-3
08/26/2025	ESR-2025-02756	Closed Expired	751 THE ALAMEDA, BERKELEY CA 94707	R-3
08/25/2025	25TMP-027647		76 OAK RIDGE Rd, BERKELEY CA 94705	R-3
08/20/2025	25TMP-027476		1127 HILLVIEW Rd, BERKELEY CA 94708	R-3
08/20/2025	ESR-2025-02686	Closed Expired	20 PARNASSUS Rd, BERKELEY CA 94708	R-3
08/20/2025	ESR-2025-02684	Closed Expired	2019 DELAWARE St, BERKELEY CA 94709	R-3
08/20/2025	ESR-2025-02683	Closed Expired	1246 ADDISON St, BERKELEY CA 94702	R-3
08/20/2025	ESR-2025-02681	Closed Expired	488 KENTUCKY Ave, BERKELEY CA 94707	R-3
08/20/2025	ESR-2025-02680	Closed Expired	440 VASSAR Ave, BERKELEY CA 94708	R-3
08/20/2025	ESR-2025-02678	Closed Expired	1119 KEITH Ave, BERKELEY CA 94708	R-3
08/20/2025	ESR-2025-02674	Closed Expired	1816 DELAWARE St, BERKELEY CA 94703	R-3
08/20/2025	ESR-2025-02670	Closed Expired	2425 SHATTUCK Ave, BERKELEY CA 94704	R-3
08/20/2025	ESR-2025-02666	Closed Expired	1346 GRIZZLY PEAK Blvd, BERKELEY CA 94708	R-3
08/19/2025	ESR-2025-02657	Closed Expired	1315 HASKELL St, BERKELEY CA 94702	R-3
08/19/2025	ESR-2025-02656	Closed Expired	1313 HASKELL St, BERKELEY CA 94702	R-3
08/19/2025	ESR-2025-02665	Closed Expired	2318 PRINCE St, BERKELEY CA 94705	R-3
08/18/2025	ESR-2025-02639	Closed Expired	2922 AVALON Ave, BERKELEY CA 94705	R-3
08/18/2025	ESR-2025-02645	Closed Expired	2907 HILLEGASS Ave, BERKELEY CA 94705	R-3
08/15/2025	ESR-2025-02618	Closed Expired	835 CHANNING Way, BERKELEY CA 94710	R-3
08/15/2025	ESR-2025-02620	Closed Expired	2348 SEVENTH St, BERKELEY CA 94710	R-3
08/15/2025	ESR-2025-02623	Closed Expired	2109 MCGEE Ave, BERKELEY CA 94703	R-3
08/15/2025	ESR-2025-02624	Closed Expired	2935 OTIS St, BERKELEY CA 94703	R-3
08/14/2025	25TMP-027091		2918 DERBY St, BERKELEY CA 94705	R-3
08/14/2025	ESR-2025-02604	Closed Expired	512 NEILSON St, BERKELEY CA 94707	R-3
08/12/2025	ESR-2025-02569	Closed Expired	1594 LE ROY Ave, BERKELEY CA 94708	R-3
08/11/2025	ESR-2025-02547	Closed Expired	1934 STUART St, BERKELEY CA 94703	R-3
08/08/2025	ESR-2025-02540	Closed Expired	2029 CHANNING Way, 3A, BERKELEY CA 94704	R-3
08/07/2025	ESR-2025-02521	Closed Expired	2176 OREGON St, BERKELEY CA 94705	R-3
08/07/2025	ESR-2025-02514	Closed Expired	941 ALLSTON Way, BERKELEY CA 94710	R-3
08/07/2025	ESR-2025-02511	Closed Expired	1817 ALLSTON Way, A, BERKELEY CA 94703	R-3
08/07/2025	ESR-2025-02509	Closed Expired	1819 ALLSTON Way, A, BERKELEY CA 94703	R-3
08/07/2025	ESR-2025-02503	Closed Expired	3075 SHASTA Rd, BERKELEY CA 94708	R-3
08/07/2025	ESR-2025-02499	Closed Expired	3054 WHEELER St, BERKELEY CA 94705	R-3
08/06/2025	ESR-2025-02483	Closed Expired	2939 KING St, BERKELEY CA 94703	R-3
08/06/2025	ESR-2025-02482	Closed Expired	1610 ALLSTON Way, BERKELEY CA 94703	R-3
08/06/2025	ESR-2025-02481	Closed Expired	1542 LINCOLN St, BERKELEY CA 94703	R-3
08/06/2025	ESR-2025-02479	Closed Expired	1411 CYPRESS St, BERKELEY CA 94703	R-3
08/05/2025	ESR-2025-02471	Closed Expired	1716 MILVIA St, BERKELEY CA 94709	R-3
08/05/2025	ESR-2025-02468	Closed Expired	1514 ALLSTON Way, BERKELEY CA 94703	R-3
08/04/2025	ESR-2025-02452	Closed Expired	2126 ACTON St, BERKELEY CA 94702	R-3
08/04/2025	ESR-2025-02450	Closed Expired	2946 CLAREMONT Blvd, BERKELEY CA 94705	R-3
08/04/2025	ESR-2025-02448	Closed Expired	2011 PARKER St, BERKELEY CA 94704	R-3
08/04/2025	ESR-2025-02439	Closed Expired	1462 STANNAGE Ave, BERKELEY CA 94702	R-3
08/01/2025	ESR-2025-02425	Closed Expired	1119 KEITH Ave, BERKELEY CA 94708	R-3
08/01/2025	ESR-2025-02423	Closed Expired	2300 WARD St, BERKELEY CA 94705	R-3
07/31/2025	ESR-2025-02410	Closed Expired	1484 SEVENTH St, BERKELEY CA 94710	R-3
07/30/2025	25TMP-026294		1406 TENTH St, BERKELEY CA 94710	R-3
07/30/2025	ESR-2025-02385	Closed Expired	1500 ROSE St, BERKELEY CA 94703	R-3
07/30/2025	ESR-2025-02382	Closed Expired	2922 AVALON Ave, BERKELEY CA 94705	R-3
07/30/2025	ESR-2025-02375	Closed Expired	2957 PINE Ave, BERKELEY CA 94705	R-3
07/30/2025	ESR-2025-02371	Closed Expired	1236 RUSSELL St, BERKELEY CA 94702	R-3
07/29/2025	ESR-2025-02347	Closed Expired	1246 ADDISON St, BERKELEY CA 94702	R-3
07/29/2025	ESR-2025-02364	Closed Expired	3323 CLAREMONT Ave, BERKELEY CA 94705	R-3
07/28/2025	25TMP-026166		2912 PINE Ave, BERKELEY CA 94705	R-3
07/28/2025	ESR-2025-02339	Closed Expired	1803 FIFTH St, BERKELEY CA 94710	R-3
07/28/2025	ESR-2025-02337	Closed Expired	2012 CHANNING Way, 5, BERKELEY CA 94704	R-3
07/28/2025	ESR-2025-02328	Closed Expired	1528 SACRAMENTO St, BERKELEY CA 94702	R-3
07/24/2025	25TMP-026020		1505 TYLER St, BERKELEY CA 94703	R-3
07/24/2025	ESR-2025-02310	Closed Expired	2523 ETNA St, BERKELEY CA 94704	R-3
07/24/2025	ESR-2025-02316	Closed Expired	430 VERMONT Ave, BERKELEY CA 94707	R-3
07/23/2025	ESR-2025-02291	Closed Expired	2026 EUNICE St, BERKELEY CA 94709	R-3
07/22/2025	ESR-2025-02283	Closed Expired	1406 KAINS Ave, BERKELEY CA 94702	R-3
07/21/2025	25TMP-025725		1624 WARD St, BERKELEY CA 94703	R-3
07/21/2025	ESR-2025-02261	Closed Expired	3075 SHASTA Rd, BERKELEY CA 94708	R-3
07/21/2025	ESR-2025-02264	Closed Expired	2012 CHANNING Way, 5, BERKELEY CA 94704	R-3
07/19/2025	ESR-2025-02247	Closed Expired	1941 HASTE St, BERKELEY CA 94704	R-3
07/19/2025	ESR-2025-02248	Closed Expired	2970 MAGNOLIA St, BERKELEY CA 94705	R-3
07/17/2025	ESR-2025-02235	Closed Expired	1357 NEILSON St, BERKELEY CA 94702	R-3
07/17/2025	ESR-2025-02230	Closed Expired	2011 PARKER St, BERKELEY CA 94704	R-3
07/17/2025	ESR-2025-02236	Closed Expired	726 ARLINGTON Ave, BERKELEY CA 94707	R-3
07/15/2025	ESR-2025-02200	Closed Expired	2799 PIEDMONT Ave, BERKELEY CA 94705	R-3
07/15/2025	ESR-2025-02202	Closed Expired	122 PANORAMIC Way, BERKELEY CA 94704	R-3
07/14/2025	ESR-2025-02177	Closed Expired	1805 MCGEE Ave, BERKELEY CA 94703	R-3
07/14/2025	ESR-2025-02184	Closed Expired	1506 GRANT St, BERKELEY CA 94703	R-3
07/11/2025	ESR-2025-02163	Closed Expired	3222 BAKER St, BERKELEY CA 94702	R-3
07/10/2025	ESR-2025-02146	Closed Expired	2752 MABEL St, BERKELEY CA 94702	R-3
07/09/2025	ESR-2025-02131	Closed Expired	1831 CAPISTRANO Ave, BERKELEY CA 94707	R-3
07/09/2025	ESR-2025-02130	Closed Expired	2112 GRANT St, A, BERKELEY CA 94703	R-3
07/09/2025	ESR-2025-02125	Closed Expired	1923 SACRAMENTO St, BERKELEY CA 94702	R-3
07/08/2025	ESR-2025-02108	Closed Expired	640 HILLDALE Ave, BERKELEY CA 94708	R-3
07/08/2025	ESR-2025-02116	Closed Expired	2220 ROSE St, BERKELEY CA 94709	R-3
07/07/2025	ESR-2025-02099	Closed Expired	2225 SIXTH St, BERKELEY CA 94710	R-3
07/01/2025	25TMP-024474		1635 CHANNING Way, BERKELEY CA 94703	R-3
06/28/2025	ESR-2025-02013	Closed Expired	2208 SIXTH St, BERKELEY CA 94710	R-3
06/27/2025	ESR-2025-02003	Closed Expired	1145 WALNUT St, BERKELEY CA 94707	R-3
06/27/2025	ESR-2025-02008	Closed Expired	2119 EIGHTH St, BERKELEY CA 94710	R-3
06/26/2025	ESR-2025-01993	Closed Expired	1427 CALIFORNIA St, BERKELEY CA 94703	R-3
06/26/2025	ESR-2025-01991	Closed Expired	1407 CORNELL Ave, BERKELEY CA 94702	R-3
06/25/2025	ESR-2025-01972	Closed Expired	1640 WALNUT St, A, BERKELEY CA 94709	R-3
06/25/2025	ESR-2025-01978	Closed Expired	1180 STERLING Ave, BERKELEY CA 94708	R-3
06/24/2025	ESR-2025-01956	Closed Expired	1943 HASTE St, BERKELEY CA 94704	R-3
06/23/2025	ESR-2025-01949	Closed Expired	1465 SIXTH St, BERKELEY CA 94710	R-3
06/20/2025	ESR-2025-01928	Closed Expired	538 SANTA BARBARA Rd, BERKELEY CA 94707	R-3
06/19/2025	ESR-2025-01915	Closed Expired	1929 RUSSELL St, BERKELEY CA 94703	R-3
06/18/2025	ESR-2025-01908	Closed Expired	2022 WOOLSEY St, BERKELEY CA 94703	R-3
06/18/2025	ESR-2025-01907	Closed Expired	612 EUCLID Ave, BERKELEY CA 94708	R-3
06/18/2025	ESR-2025-01902	Closed Expired	1644 LINCOLN St, BERKELEY CA 94703	R-3
06/18/2025	ESR-2025-01901	Closed Expired	2118 CALIFORNIA St, C, BERKELEY CA 94703	R-3
06/18/2025	ESR-2025-01894	Closed Expired	1902 WARD St, BERKELEY CA 94703	R-3
06/16/2025	25TMP-023517		851 GRIZZLY PEAK Blvd, BERKELEY CA 94708	R-3
06/16/2025	ESR-2025-01865	Closed Expired	1864 CAPISTRANO Ave, BERKELEY CA 94707	R-3
06/12/2025	ESR-2025-01800	Closed Expired	1042 MIDDLEFIELD Rd, BERKELEY CA 94708	R-3
06/12/2025	ESR-2025-01799	Closed Expired	1298 GRIZZLY PEAK Blvd, BERKELEY CA 94708	R-3
06/12/2025	ESR-2025-01804	Closed Expired	2217 PARKER St, BERKELEY CA 94704	R-3
06/11/2025	ESR-2025-01783	Closed Expired	876 HILLDALE Ave, BERKELEY CA 94708	R-3
06/11/2025	ESR-2025-01779	Closed Expired	1446 FIFTH St, C, BERKELEY CA 94710	R-3
06/10/2025	ESR-2025-01756	Closed Expired	989 OVERLOOK Rd, BERKELEY CA 94708	R-3
06/09/2025	ESR-2025-01739	Closed Expired	10 GREENWOOD COMMON, BERKELEY CA 94708	R-3
06/07/2025	ESR-2025-01734	Closed Expired	2113 SIXTH St, BERKELEY CA 94710	R-3
06/07/2025	ESR-2025-01733	Closed Expired	1164 HEARST Ave, BERKELEY CA 94702	R-3
06/06/2025	ESR-2025-01722	Closed Expired	1429 BONITA Ave, BERKELEY CA 94709	R-3
06/06/2025	ESR-2025-01720	Closed Expired	2232 MCGEE Ave, BERKELEY CA 94703	R-3
06/05/2025	ESR-2025-01708	Closed Expired	2752 MABEL St, BERKELEY CA 94702	R-3
06/03/2025	ESR-2025-01674	Closed Expired	571 VISTAMONT Ave, BERKELEY CA 94708	R-3
06/02/2025	ESR-2025-01658	Closed Expired	647 SANTA BARBARA Rd, BERKELEY CA 94707	R-3
06/02/2025	ESR-2025-01669	Closed Expired	2225 SIXTH St, BERKELEY CA 94710	R-3
06/01/2025	ESR-2025-01654	Closed Expired	1340 CURTIS St, BERKELEY CA 94702	R-3
05/30/2025	25TMP-022455		1929 RUSSELL St, BERKELEY CA 94703	R-3
05/29/2025	ESR-2025-01629	Closed Expired	747 PERALTA Ave, BERKELEY CA 94707	R-3
05/29/2025	ESR-2025-01619	Closed Expired	1160 KEITH Ave, BERKELEY CA 94708	R-3
05/28/2025	ESR-2025-01614	Closed Expired	2850 BUENA VISTA Way, BERKELEY CA 94708	R-3
05/28/2025	ESR-2025-01612	Closed Expired	1736 HIGHLAND Pl, BERKELEY CA 94709	R-3
05/27/2025	ESR-2025-01594	Closed Expired	1580 OLYMPUS Ave, BERKELEY CA 94708	R-3
05/23/2025	ESR-2025-01587	Closed Expired	2601 COLLEGE Ave, 202, BERKELEY CA 94704	R-3
05/23/2025	ESR-2025-01586	Closed Expired	747 PERALTA Ave, BERKELEY CA 94707	R-3
05/23/2025	ESR-2025-01582	Closed Expired	1737 CHANNING Way, BERKELEY CA 94703	R-3
05/23/2025	ESR-2025-01580	Closed Expired	2155 VINE St, BERKELEY CA 94709	R-3
05/22/2025	ESR-2025-01579	Closed Expired	6422 MYSTIC St, BERKELEY CA 94618	R-3
05/22/2025	ESR-2025-01578	Closed Expired	1250 ROSE St, BERKELEY CA 94702	R-3
05/21/2025	ESR-2025-01556	Closed Expired	2300 WARD St, BERKELEY CA 94705	R-3
05/19/2025	ESR-2025-01519	Closed Expired	2026 EUNICE St, BERKELEY CA 94709	R-3
05/16/2025	ESR-2025-01508	Closed Expired	815 SAN LUIS Rd, BERKELEY CA 94707	R-3
05/13/2025	ESR-2025-01469	Closed Expired	2113 SIXTH St, BERKELEY CA 94710	R-3
05/13/2025	ESR-2025-01463	Closed Expired	1164 HEARST Ave, BERKELEY CA 94702	R-3
05/13/2025	25TMP-021395		1528 SACRAMENTO St, BERKELEY CA 94702	R-3
05/12/2025	ESR-2025-01441	Closed Expired	2525 ROSE Walk, BERKELEY CA 94708	R-3
05/12/2025	ESR-2025-01440	Closed Expired	1312 PERALTA Ave, BERKELEY CA 94702	R-3
05/08/2025	ESR-2025-01417	Closed Expired	1736 HIGHLAND Pl, BERKELEY CA 94709	R-3
05/07/2025	ESR-2025-01398	Closed Expired	45 ALTA Rd, BERKELEY CA 94708	R-3
05/05/2025	25TMP-020848		United States	R-3
05/05/2025	ESR-2025-01354	Closed Expired	2752 MABEL St, BERKELEY CA 94702	R-3
05/02/2025	ESR-2025-01341	Closed Expired	1224 ASHBY Ave, A, BERKELEY CA 94702	R-3
05/02/2025	ESR-2025-01340	Closed Expired	1119 KEITH Ave, BERKELEY CA 94708	R-3
05/01/2025	ESR-2025-01338	Closed Expired	1112 FRESNO Ave, BERKELEY CA 94707	R-3
04/30/2025	ESR-2025-01335	Closed Expired	2752 MABEL St, BERKELEY CA 94702	R-3
04/30/2025	ESR-2025-01332	Closed Expired	3222 BAKER St, BERKELEY CA 94702	R-3
04/30/2025	ESR-2025-01322	Closed Expired	1409 EDITH St, BERKELEY CA 94703	R-3
04/30/2025	ESR-2025-01321	Closed Expired	2631 MABEL St, BERKELEY CA 94702	R-3
04/29/2025	ESR-2025-01314	Closed Expired	1465 SIXTH St, BERKELEY CA 94710	R-3
04/25/2025	ESR-2025-01273	Closed Expired	2631 MABEL St, BERKELEY CA 94702	R-3
04/24/2025	ESR-2025-01261	Closed Expired	1723 EIGHTH St, BERKELEY CA 94710	R-3
04/24/2025	ESR-2025-01262	Closed Expired	1723 EIGHTH St, BERKELEY CA 94710	R-3
04/24/2025	25TMP-020238		510 GRIZZLY PEAK Blvd, BERKELEY CA 94708	R-3
04/24/2025	25TMP-020229		1250 SPRUCE St, BERKELEY CA 94709	R-3
04/23/2025	25TMP-020164		1386 GILMAN St, BERKELEY CA 94706	R-3
04/23/2025	ESR-2025-01248	Closed Expired	762 ARLINGTON Ave, BERKELEY CA 94707	R-3
04/23/2025	ESR-2025-01243	Closed Expired	1042 MIDDLEFIELD Rd, BERKELEY CA 94708	R-3
04/23/2025	ESR-2025-01239	Closed Expired	1737 ALLSTON Way, BERKELEY CA 94703	R-3
04/22/2025	25TMP-020025		2801 ASHBY Ave, BERKELEY CA 94705	R-3
04/21/2025	25TMP-020009		1136 KEITH Ave, BERKELEY CA 94708	R-3
04/20/2025	ESR-2025-01207	Closed Expired	1106 OXFORD St, BERKELEY CA 94707	R-3
04/19/2025	ESR-2025-01205	Closed Expired	3125 LEWISTON Ave, BERKELEY CA 94705	R-3
04/19/2025	ESR-2025-01204	Closed Expired	1229 ALLSTON Way, BERKELEY CA 94702	R-3
04/18/2025	ESR-2025-01202	Closed Expired	437 MICHIGAN Ave, BERKELEY CA 94707	R-3
04/18/2025	ESR-2025-01192	Closed Expired	1160 KEITH Ave, BERKELEY CA 94708	R-3
04/18/2025	25TMP-019860		2732 CLAREMONT Blvd, BERKELEY CA 94705	R-3
04/17/2025	ESR-2025-01190	Closed Expired	2327 SEVENTH St, BERKELEY CA 94710	R-3
04/16/2025	ESR-2025-01155	Closed Expired	3206 ELLIS St, BERKELEY CA 94703	R-3
04/15/2025	ESR-2025-01138	Closed Expired	3075 SHASTA Rd, BERKELEY CA 94708	R-3
04/14/2025	ESR-2025-01130	Closed Expired	2417 SEVENTH St, A, BERKELEY CA 94710	R-3
04/14/2025	25TMP-019581		1609 BANCROFT Way, BERKELEY CA 94703	R-3
04/07/2025	ESR-2025-01056	Closed Expired	19 OAKVALE Ave, BERKELEY CA 94705	R-3
04/07/2025	25TMP-019057		1833 SONOMA Ave, BERKELEY CA 94707	R-3
04/03/2025	ESR-2025-01032	Closed Expired	1337 WARD St, BERKELEY CA 94702	R-3
04/02/2025	ESR-2025-01020	Closed Expired	2923 NEWBURY St, BERKELEY CA 94703	R-3
04/02/2025	ESR-2025-01016	Closed Expired	1634 MCGEE Ave, BERKELEY CA 94703	R-3
04/01/2025	25TMP-018690		907 KEELER Ave, BERKELEY CA 94708	R-3
03/31/2025	ESR-2025-00988	Closed Expired	1610 CARLETON St, BERKELEY CA 94703	R-3
03/31/2025	ESR-2025-00997	Closed Expired	1609 BANCROFT Way, BERKELEY CA 94703	R-3
03/31/2025	ESR-2025-00998	Closed Expired	1744 MCGEE Ave, BERKELEY CA 94703	R-3
03/28/2025	ESR-2025-00963	Closed Expired	980 KEELER Ave, BERKELEY CA 94708	R-3
03/28/2025	ESR-2025-00966	Closed Expired	980 KEELER Ave, BERKELEY CA 94708	R-3
03/28/2025	ESR-2025-00975	Closed Expired	1520 LE ROY Ave, BERKELEY CA 94708	R-3
03/28/2025	ESR-2025-00976	Closed Expired	1520 LE ROY Ave, BERKELEY CA 94708	R-3
03/27/2025	ESR-2025-00958	Closed Expired	1044 PARK HILLS Rd, BERKELEY CA 94708	R-3
03/26/2025	ESR-2025-00926	Closed Expired	3017 REGENT St, BERKELEY CA 94705	R-3
03/25/2025	ESR-2025-00924	Closed Expired	2325 SPAULDING Ave, BERKELEY CA 94703	R-3
03/25/2025	ESR-2025-00920	Closed Expired	667 EUCLID Ave, BERKELEY CA 94708	R-3
03/25/2025	ESR-2025-00918	Closed Expired	573 SANTA ROSA Ave, BERKELEY CA 94707	R-3
03/25/2025	ESR-2025-00917	Closed Expired	573 SANTA ROSA Ave, BERKELEY CA 94707	R-3
03/25/2025	ESR-2025-00904	Closed Expired	2330 JEFFERSON Ave, BERKELEY CA 94703	R-3
03/21/2025	ESR-2025-00876	Closed Expired	1380 CEDAR St, BERKELEY CA 94702	R-3
03/20/2025	ESR-2025-00864	Closed Expired	2124 PARKER St, 210, BERKELEY CA 94704	R-3
03/20/2025	ESR-2025-00851	Closed Expired	1329 CURTIS St, BERKELEY CA 94702	R-3
03/20/2025	ESR-2025-00852	Closed Expired	2631 MABEL St, BERKELEY CA 94702	R-3
03/20/2025	ESR-2025-00858	Closed Expired	1935 RUSSELL St, BERKELEY CA 94703	R-3
03/20/2025	ESR-2025-00861	Closed Expired	2225 SIXTH St, BERKELEY CA 94710	R-3
03/19/2025	ESR-2025-00847	Closed Expired	2918 NEWBURY St, BERKELEY CA 94703	R-3
03/18/2025	ESR-2025-00826	Closed Expired	152 HILLCREST Rd, BERKELEY CA 94705	R-3
03/18/2025	ESR-2025-00819	Closed Expired	1848 SAN RAMON Ave, BERKELEY CA 94707	R-3
03/12/2025	ESR-2025-00773	Closed Expired	806 JONES St, BERKELEY CA 94710	R-3
03/12/2025	ESR-2025-00774	Closed Expired	2319 WARD St, 4, BERKELEY CA 94705	R-3
03/12/2025	25TMP-016634		65 ARDEN Rd, BERKELEY CA 94704	R-3
03/12/2025	ESR-2025-00771	Closed Expired	1437 BANCROFT Way, BERKELEY CA 94702	R-3
03/11/2025	ESR-2025-00756	Closed Expired	1917 VINE St, BERKELEY CA 94709	R-3
03/11/2025	ESR-2025-00750	Closed Expired	2706 ASHBY Ave, 1, BERKELEY CA 94705	R-3
03/10/2025	ESR-2025-00737	Closed Expired	1132 PARKER St, B, BERKELEY CA 94702	R-3
03/08/2025	ESR-2025-00729	Closed Expired	1933 DELAWARE St, BERKELEY CA 94709	R-3
03/07/2025	25TMP-015652		1308 GLENDALE Ave, BERKELEY CA 94708	R-3
03/06/2025	ESR-2025-00706	Closed Expired	1935 STUART St, BERKELEY CA 94703	R-3
03/03/2025	25TMP-015011		1719 STUART St, BERKELEY CA 94703	R-3
03/02/2025	25TMP-014804		920 OXFORD St, BERKELEY CA 94707	R-3
03/01/2025	ESR-2025-00650	Closed Expired	2139 MCGEE Ave, BERKELEY CA 94703	R-3
02/28/2025	ESR-2025-00646	Closed Expired	2421 SAN PABLO Ave, BERKELEY CA 94702	R-3
02/28/2025	ESR-2025-00641	Closed Expired	104 HILL Rd, BERKELEY CA 94708	R-3
02/28/2025	25TMP-014553		63 VICENTE Rd, BERKELEY CA 94705	R-3
02/26/2025	ESR-2025-00617	Closed Expired	1711 ASHBY Ave, BERKELEY CA 94703	R-3
02/25/2025	ESR-2025-00610	Closed Expired	1509 RUSSELL St, BERKELEY CA 94703	R-3
02/22/2025	25TMP-011796		1114 DERBY St, BERKELEY CA 94702	R-3
02/21/2025	ESR-2025-00574	Closed Expired	1327 DERBY St, BERKELEY CA 94702	R-3
02/21/2025	25TMP-011400		3219 IDAHO St, BERKELEY CA 94702	R-3
02/20/2025	25TMP-011114		1905 GRANT St, BERKELEY CA 94703	R-3
02/20/2025	ESR-2025-00553	Closed Expired	425 VASSAR Ave, BERKELEY CA 94708	R-3
02/19/2025	ESR-2025-00538	Closed Expired	1030 KEITH Ave, BERKELEY CA 94708	R-3
02/19/2025	ESR-2025-00552	Closed Expired	855 INDIAN ROCK Ave, BERKELEY CA 94707	R-3
02/13/2025	ESR-2025-00493	Closed Expired	1117 PARKER St, BERKELEY CA 94702	R-3
02/12/2025	ESR-2025-00473	Closed Expired	2738 FULTON St, BERKELEY CA 94705	R-3
02/11/2025	ESR-2025-00459	Closed Expired	1532 SCENIC Ave, BERKELEY CA 94708	R-3
02/11/2025	ESR-2025-00452	Closed Expired	1361 DELAWARE St, BERKELEY CA 94702	R-3
02/11/2025	ESR-2025-00470	Closed Expired	851 REGAL Rd, BERKELEY CA 94708	R-3
02/10/2025	ESR-2025-00443	Closed Expired	560 VINCENTE Ave, BERKELEY CA 94707	R-3
02/10/2025	25TMP-008474		1336 ORDWAY St, BERKELEY CA 94702	R-3
02/06/2025	ESR-2025-00407	Closed Expired	1609 DERBY St, BERKELEY CA 94703	R-3
02/06/2025	ESR-2025-00414	Closed Expired	1415 TENTH St, BERKELEY CA 94710	R-3
02/04/2025	25TMP-007276		2413 FULTON St, BERKELEY CA 94704	R-3
02/03/2025	ESR-2025-00358	Closed Expired	1731 SIXTH St, BERKELEY CA 94710	R-3
01/30/2025	ESR-2025-00324	Closed Expired	1610 CARLETON St, BERKELEY CA 94703	R-3
01/30/2025	ESR-2025-00328	Closed Expired	1132 PARKER St, B, BERKELEY CA 94702	R-3
01/27/2025	25TMP-005808		1613 ASHBY Ave, BERKELEY CA 94703	R-3
01/27/2025	ESR-2025-00266	Closed Expired	1324 HOPKINS St, BERKELEY CA 94702	R-3
01/27/2025	ESR-2025-00272	Closed Expired	1826 SIXTY-SECOND St, BERKELEY CA 94703	R-3
01/27/2025	ESR-2025-00280	Closed Expired	60 THE CRESCENT, BERKELEY CA 94708	R-3
01/27/2025	ESR-2025-00285	Closed Expired	1012 COLUSA Ave, BERKELEY CA 94707	R-3
01/26/2025	ESR-2025-00262	Closed Expired	1051 MONTEREY Ave, BERKELEY CA 94707	R-3
01/24/2025	ESR-2025-00244	Closed Expired	1057 MARIPOSA Ave, BERKELEY CA 94707	R-3
01/23/2025	ESR-2025-00226	Closed Expired	1635 BERKELEY Way, BERKELEY CA 94703	R-3
01/23/2025	ESR-2025-00229	Closed Expired	1709 DELAWARE St, BERKELEY CA 94703	R-3
01/22/2025	ESR-2025-00206	Closed Expired	69 STEVENSON Ave, BERKELEY CA 94708	R-3
01/22/2025	ESR-2025-00217	Closed Expired	2954 MAGNOLIA St, BERKELEY CA 94705	R-3
01/21/2025	ESR-2025-00192	Closed Expired	2809 WALLACE St, BERKELEY CA 94702	R-3
01/21/2025	ESR-2025-00193	Closed Expired	830 COLUSA Ave, BERKELEY CA 94707	R-3
01/21/2025	ESR-2025-00202	Closed Expired	1424 SIXTH St, BERKELEY CA 94710	R-3
01/20/2025	25TMP-004173		1062 SPRUCE St, BERKELEY CA 94707	R-3
01/20/2025	25TMP-004139		2176 OREGON St, BERKELEY CA 94705	R-3
01/20/2025	ESR-2025-00185	Closed Expired	1404 SIXTY-SIXTH St, BERKELEY CA 94702	R-3
01/17/2025	ESR-2025-00173	Closed Expired	1408 CARLETON St, BERKELEY CA 94702	R-3
01/17/2025	ESR-2025-00163	Closed Expired	1522 CHANNING Way, BERKELEY CA 94703	R-3
01/16/2025	ESR-2025-00149	Closed Expired	2 PARK GATE, BERKELEY CA 94708	R-3
01/16/2025	ESR-2025-00160	Closed Expired	2717 RUSSELL St, BERKELEY CA 94705	R-3
01/14/2025	ESR-2025-00129	Closed Expired	1595 LA VEREDA Rd, BERKELEY CA 94708	R-3
01/14/2025	25TMP-002847		1312 BONITA Ave, BERKELEY CA 94709	R-3
01/13/2025	ESR-2025-00118	Closed Expired	3323 CLAREMONT Ave, BERKELEY CA 94705	R-3
01/13/2025	ESR-2025-00114	Closed Expired	1602 JAYNES St, BERKELEY CA 94703	R-3
01/09/2025	ESR-2025-00080	Closed Expired	2732 CLAREMONT Blvd, BERKELEY CA 94705	R-3
01/09/2025	ESR-2025-00082	Closed Expired	912 ENSENADA Ave, BERKELEY CA 94707	R-3
01/09/2025	ESR-2025-00083	Closed Expired	767 EUCLID Ave, BERKELEY CA 94708	R-3
01/09/2025	ESR-2025-00085	Closed Expired	2315 EUNICE St, BERKELEY CA 94708	R-3
01/09/2025	ESR-2025-00086	Closed Expired	680 VINCENTE Ave, BERKELEY CA 94707	R-3
01/08/2025	25TMP-001373		1008 CRAGMONT Ave, BERKELEY CA 94708	R-3
01/07/2025	ESR-2025-00049	Closed Expired	1313 HASKELL St, BERKELEY CA 94702	R-3
01/06/2025	ESR-2025-00035	Closed Expired	3031 BATEMAN St, BERKELEY CA 94705	R-3
01/02/2025	ESR-2025-00006	Closed Expired	770 CAMELIA St, A, BERKELEY CA 94710	R-3
01/02/2025	ESR-2025-00004	Closed Expired	1332 CURTIS St, BERKELEY CA 94702	R-3
12/27/2024	ESR-2024-04112	Closed Expired	1307 NORTHSIDE Ave, BERKELEY CA 94702	R-3
12/26/2024	ESR-2024-04102	Closed Expired	2233 MCKINLEY Ave, BERKELEY CA 94703	R-3
12/23/2024	ESR-2024-04076	Closed Expired	1517 ADA St, BERKELEY CA 94703	R-3
12/19/2024	ESR-2024-04046	Closed Expired	833 KEELER Ave, BERKELEY CA 94708	R-3
12/19/2024	ESR-2024-04044	Closed Expired	2224 JEFFERSON Ave, BERKELEY CA 94703	R-3
12/19/2024	ESR-2024-04042	Closed Expired	938 THE ALAMEDA, BERKELEY CA 94707	R-3
12/19/2024	ESR-2024-04051	Closed Expired	2931 FLORENCE St, BERKELEY CA 94705	R-3
12/18/2024	ESR-2024-04023	Closed Expired	3113 SHATTUCK Ave, 4, BERKELEY CA 94704	R-3
12/18/2024	ESR-2024-04017	Closed Expired	3018 MABEL St, BERKELEY CA 94702	R-3
12/17/2024	ESR-2024-04011	Closed Expired	1816 YOSEMITE Rd, BERKELEY CA 94707	R-3
12/17/2024	ESR-2024-04010	Closed Expired	18 PANORAMIC Way, BERKELEY CA 94704	R-3
12/17/2024	ESR-2024-04005	Closed Expired	1307 DERBY St, BERKELEY CA 94702	R-3
12/16/2024	ESR-2024-03998	Closed Expired	2318 ACTON St, BERKELEY CA 94702	R-3
12/16/2024	ESR-2024-03993	Closed Expired	1468 GRIZZLY PEAK Blvd, BERKELEY CA 94708	R-3
12/16/2024	ESR-2024-03992	Closed Expired	1396 SUMMIT Rd, BERKELEY CA 94708	R-3
12/16/2024	ESR-2024-03990	Closed Expired	2425 SPAULDING Ave, BERKELEY CA 94703	R-3
12/16/2024	ESR-2024-03989	Closed Expired	1873 SAN RAMON Ave, BERKELEY CA 94707	R-3
12/16/2024	ESR-2024-03985	Closed Expired	1145 ADDISON St, BERKELEY CA 94702	R-3
12/16/2024	24TMP-032489		62 EL CAMINO REAL, BERKELEY CA 94705	R-3
12/11/2024	ESR-2024-03944	Closed Expired	1549 OREGON St, BERKELEY CA 94703	R-3
12/10/2024	ESR-2024-03928	Closed Expired	1916 WOOLSEY St, BERKELEY CA 94703	R-3
12/09/2024	ESR-2024-03917	Closed Expired	2810 TENTH St, BERKELEY CA 94710	R-3
12/09/2024	ESR-2024-03906	Closed Expired	733 THE ALAMEDA, BERKELEY CA 94707	R-3
12/09/2024	24TMP-031808		1620 THOUSAND OAKS Blvd, BERKELEY CA 94707	R-3
12/06/2024	24TMP-031628		882 SANTA BARBARA Rd, BERKELEY CA 94707	R-3
12/06/2024	ESR-2024-03874	Closed Expired	1122 EUCLID Ave, BERKELEY CA 94708	R-3
12/05/2024	ESR-2024-03858	Closed Expired	938 THE ALAMEDA, BERKELEY CA 94707	R-3
12/05/2024	ESR-2024-03860	Closed Expired	815 SAN LUIS Rd, BERKELEY CA 94707	R-3
12/05/2024	ESR-2024-03865	Closed Expired	27 ALAMO Ave, BERKELEY CA 94708	R-3
12/04/2024	ESR-2024-03849	Closed Expired	1960 SAN ANTONIO Ave, BERKELEY CA 94707	R-3
12/04/2024	ESR-2024-03854	Closed Expired	1825 SAN ANTONIO Ave, BERKELEY CA 94707	R-3
12/04/2024	ESR-2024-03841	Closed Expired	3035 MABEL St, BERKELEY CA 94702	R-3
12/03/2024	ESR-2024-03837	Closed Expired	2118 MCKINLEY Ave, BERKELEY CA 94703	R-3
12/03/2024	ESR-2024-03836	Closed Expired	1225 MONTEREY Ave, BERKELEY CA 94707	R-3
12/03/2024	ESR-2024-03827	Closed Expired	2951 ASHBY Ave, BERKELEY CA 94705	R-3
12/03/2024	ESR-2024-03826	Closed Expired	1 EL CAMINO REAL, BERKELEY CA 94705, ZERO	R-3
12/03/2024	ESR-2024-03819	Closed Expired	1424 HOPKINS St, BERKELEY CA 94702	R-3
12/02/2024	ESR-2024-03802	Closed Expired	912 ENSENADA Ave, BERKELEY CA 94707	R-3
12/02/2024	ESR-2024-03808	Closed Expired	2315 EUNICE St, BERKELEY CA 94708	R-3
12/01/2024	ESR-2024-03796	Closed Expired	450 VASSAR Ave, BERKELEY CA 94708	R-3
11/27/2024	ESR-2024-03785	Closed Expired	949 THE ALAMEDA, BERKELEY CA 94707	R-3
11/27/2024	ESR-2024-03783	Closed Expired	1625 STANNAGE Ave, BERKELEY CA 94702	R-3
11/27/2024	ESR-2024-03781	Closed Expired	788 NEILSON St, BERKELEY CA 94707	R-3
11/26/2024	ESR-2024-03760	Closed Expired	2967 SHASTA Rd, BERKELEY CA 94708	R-3
11/25/2024	24TMP-031021		1320 DERBY St, BERKELEY CA 94702	R-3
11/25/2024	ESR-2024-03753	Closed Expired	1645 HARMON St, BERKELEY CA 94703	R-3
11/23/2024	ESR-2024-03742	Closed Expired	2425 SPAULDING Ave, BERKELEY CA 94703	R-3
11/22/2024	24TMP-030928		2603 BENVENUE Ave, 4, BERKELEY CA 94704	R-3
11/22/2024	ESR-2024-03729	Closed Expired	2120 MILVIA St, BERKELEY CA 94704	R-3
11/22/2024	ESR-2024-03737	Closed Expired	3027 BATEMAN St, BERKELEY CA 94705	R-3
11/21/2024	ESR-2024-03718	Closed Expired	1422 SIXTH St, BERKELEY CA 94710	R-3
11/21/2024	ESR-2024-03719	Closed Expired	1424 SIXTH St, BERKELEY CA 94710	R-3
11/21/2024	24TMP-030868		12 AJAX Pl, BERKELEY CA 94708	R-3
11/18/2024	24TMP-030647		1839 SPRUCE St, BERKELEY CA 94709	R-3
11/18/2024	ESR-2024-03684	Closed Expired	1554 SAN LORENZO Ave, BERKELEY CA 94707	R-3
11/14/2024	ESR-2024-03650	Closed Expired	104 HILL Rd, BERKELEY CA 94708	R-3
11/14/2024	ESR-2024-03643	Closed Expired	1332 CURTIS St, BERKELEY CA 94702	R-3
11/14/2024	ESR-2024-03642	Closed Expired	1936 BERRYMAN St, B, BERKELEY CA 94709	R-3
11/13/2024	ESR-2024-03637	Closed Expired	973 OXFORD St, BERKELEY CA 94707	R-3
11/13/2024	ESR-2024-03634	Closed Expired	1201 ORDWAY St, BERKELEY CA 94706	R-3
11/12/2024	ESR-2024-03618	Closed Expired	1321 BONITA Ave, BERKELEY CA 94709	R-3
11/12/2024	ESR-2024-03613	Closed Expired	50 HILLCREST Rd, BERKELEY CA 94705	R-3
11/12/2024	ESR-2024-03611	Closed Expired	1535 VIRGINIA St, BERKELEY CA 94703	R-3
11/07/2024	ESR-2024-03569	Closed Expired	2907 FLORENCE St, BERKELEY CA 94705	R-3
11/07/2024	ESR-2024-03573	Closed Expired	1793 SAN LORENZO Ave, BERKELEY CA 94707	R-3
11/06/2024	ESR-2024-03552	Closed Expired	2818 WEBSTER St, BERKELEY CA 94705	R-3
11/05/2024	ESR-2024-03538	Closed Expired	2312 ROSE St, BERKELEY CA 94708	R-3
11/04/2024	ESR-2024-03523	Closed Expired	1108 WALNUT St, BERKELEY CA 94707	R-3
10/30/2024	ESR-2024-03492	Closed Expired	1122 DELAWARE St, BERKELEY CA 94702	R-3
10/30/2024	ESR-2024-03491	Closed Expired	1111 CAMELIA St, BERKELEY CA 94702	R-3
10/28/2024	ESR-2024-03447	Closed Expired	570 NEILSON St, BERKELEY CA 94707	R-3
10/25/2024	ESR-2024-03433	Closed Expired	2611 PARKER St, BERKELEY CA 94704	R-3
10/24/2024	ESR-2024-03399	Closed Expired	76 HILLCREST Rd, BERKELEY CA 94705	R-3
10/24/2024	ESR-2024-03414	Closed Expired	2914 NEWBURY St, BERKELEY CA 94703	R-3
10/24/2024	ESR-2024-03415	Closed Expired	2220 CALIFORNIA St, BERKELEY CA 94703	R-3
10/23/2024	ESR-2024-03398	Closed Expired	1822 FRANCISCO St, BERKELEY CA 94703	R-3
10/23/2024	ESR-2024-03396	Closed Expired	3111 DEAKIN St, BERKELEY CA 94705	R-3
10/23/2024	ESR-2024-03395	Closed Expired	3111 DEAKIN St, BERKELEY CA 94705	R-3
10/23/2024	ESR-2024-03394	Closed Expired	3111 DEAKIN St, BERKELEY CA 94705	R-3
10/23/2024	ESR-2024-03384	Closed Expired	2140 WOOLSEY St, BERKELEY CA 94705	R-3
10/23/2024	ESR-2024-03383	Closed Expired	595 SANTA BARBARA Rd, BERKELEY CA 94707	R-3
10/22/2024	ESR-2024-03381	Closed Expired	2619 ETNA St, C, BERKELEY CA 94704	R-3
10/22/2024	ESR-2024-03378	Closed Expired	62 EL CAMINO REAL, BERKELEY CA 94705	R-3
10/22/2024	ESR-2024-03374	Closed Expired	1030 DELAWARE St, B, BERKELEY CA 94710	R-3
10/22/2024	ESR-2024-03366	Closed Expired	915 INDIAN ROCK Ave, BERKELEY CA 94707	R-3
10/21/2024	ESR-2024-03348	Closed Expired	1437 M L KING JR Way, A, BERKELEY CA 94709	R-3
10/21/2024	ESR-2024-03349	Closed Expired	1885 THOUSAND OAKS Blvd, BERKELEY CA 94707	R-3
10/20/2024	24TMP-029160		2923 ELLIS St, BERKELEY CA 94703	R-3
10/18/2024	ESR-2024-03339	Closed Expired	2210 TENTH St, BERKELEY CA 94710	R-3
10/18/2024	ESR-2024-03329	Closed Expired	1812 M L KING JR Way, BERKELEY CA 94709	R-3
10/18/2024	ESR-2024-03327	Closed Expired	1514 OREGON St, E, BERKELEY CA 94703	R-3
10/17/2024	ESR-2024-03297	Closed Expired	583 SANTA CLARA Ave, BERKELEY CA 94707	R-3
10/17/2024	ESR-2024-03313	Closed Expired	1228 ASHBY Ave, B, BERKELEY CA 94702	R-3
10/16/2024	ESR-2024-03275	Closed Expired	1535 VIRGINIA St, BERKELEY CA 94703	R-3
10/15/2024	ESR-2024-03271	Closed Expired	1116 DWIGHT Way, 3, BERKELEY CA 94702	R-3
10/12/2024	ESR-2024-03237	Closed Expired	1601 LA VEREDA Rd, BERKELEY CA 94709	R-3
10/11/2024	ESR-2024-03229	Closed Expired	1890 HARMON St, BERKELEY CA 94703	R-3
10/11/2024	ESR-2024-03223	Closed Expired	1675 ADDISON St, BERKELEY CA 94703	R-3
10/11/2024	ESR-2024-03222	Closed Expired	1673 ADDISON St, BERKELEY CA 94703	R-3
10/11/2024	ESR-2024-03221	Closed Expired	1671 ADDISON St, BERKELEY CA 94703	R-3
10/09/2024	ESR-2024-03177	Closed Expired	701 HEINZ Ave, BERKELEY CA 94710	R-3
10/08/2024	ESR-2024-03155	Closed Expired	1916 WOOLSEY St, BERKELEY CA 94703	R-3
10/07/2024	ESR-2024-03140	Closed Expired	1701 BLAKE St, BERKELEY CA 94703	R-3
10/07/2024	ESR-2024-03138	Closed Expired	1326 BERKELEY Way, BERKELEY CA 94702	R-3
10/03/2024	24TMP-028309		2531 FULTON St, BERKELEY CA 94704	R-3
10/02/2024	24TMP-028244		2702 GRANT St, BERKELEY CA 94703	R-3
10/02/2024	ESR-2024-03087	Closed Expired	2529 COLLEGE Ave, BERKELEY CA 94704	R-3
10/01/2024	ESR-2024-03084	Closed Expired	1537 Oregon St, BERKELEY CA 94703 United States	R-3
09/30/2024	ESR-2024-03055	Closed Expired	664 ARLINGTON Ave, BERKELEY CA 94707	R-3
09/27/2024	ESR-2024-03042	Closed Expired	1601 ROSE St, BERKELEY CA 94703	R-3
09/27/2024	ESR-2024-03041	Closed Expired	915 INDIAN ROCK Ave, BERKELEY CA 94707	R-3
09/27/2024	ESR-2024-03039	Closed Expired	2314 SPAULDING Ave, BERKELEY CA 94703	R-3
09/26/2024	24TMP-027952		1303 SIXTY-SIXTH St, BERKELEY CA 94702	R-3
09/24/2024	24TMP-027830		2814 CALIFORNIA St, B, BERKELEY CA 94703	R-3
09/24/2024	ESR-2024-03008	Closed Expired	1321 ALCATRAZ Ave, A, BERKELEY CA 94702	R-3
09/24/2024	ESR-2024-03005	Closed Expired	664 ARLINGTON Ave, BERKELEY CA 94707	R-3
09/24/2024	ESR-2024-02998	Closed Expired	1701 SPRUCE St, BERKELEY CA 94709	R-3
09/24/2024	ESR-2024-02997	Closed Expired	1019 MIDDLEFIELD Rd, BERKELEY CA 94708	R-3
09/23/2024	24TMP-027657		74 POPPY Ln, BERKELEY CA 94708	R-3
09/23/2024	ESR-2024-02989	Closed Expired	1205 BONITA Ave, BERKELEY CA 94709	R-3
09/23/2024	ESR-2024-02979	Closed Expired	62 EL CAMINO REAL, BERKELEY CA 94705	R-3
09/23/2024	ESR-2024-02978	Closed Expired	471 CRAGMONT Ave, BERKELEY CA 94708	R-3
09/23/2024	ESR-2024-02972	Closed Expired	1367 MIRAMONTE Ct, BERKELEY CA 94703	R-3
09/20/2024	ESR-2024-02953	Closed Expired	2544 ETNA St, BERKELEY CA 94704	R-3
09/20/2024	ESR-2024-02952	Closed Expired	1349 DELAWARE St, BERKELEY CA 94702	R-3
09/19/2024	ESR-2024-02933	Closed Expired	1933 FRANCISCO St, REAR, BERKELEY CA 94709	R-3
09/19/2024	ESR-2024-02931	Closed Expired	1933 FRANCISCO St, BERKELEY CA 94709	R-3
09/18/2024	ESR-2024-02909	Closed Expired	811 ARLINGTON Ave, BERKELEY CA 94707	R-3
09/17/2024	ESR-2024-02898	Closed Expired	1930 FRANCISCO St, BERKELEY CA 94709	R-3
09/16/2024	ESR-2024-02879	Closed Expired	1634 MCGEE Ave, BERKELEY CA 94703	R-3
09/16/2024	ESR-2024-02877	Closed Expired	1326 BERKELEY Way, BERKELEY CA 94702	R-3
09/16/2024	ESR-2024-02876	Closed Expired	1937 OREGON St, BERKELEY CA 94703	R-3
09/15/2024	24TMP-027231		74 POPPY Ln, BERKELEY CA 94708	R-3
09/14/2024	ESR-2024-02871	Closed Expired	1726 BERKELEY Way, A, BERKELEY CA 94703	R-3
09/12/2024	ESR-2024-02845	Closed Expired	1111 CAMELIA St, BERKELEY CA 94702	R-3
09/12/2024	ESR-2024-02840	Closed Expired	1613 KAINS Ave, BERKELEY CA 94702	R-3
09/11/2024	ESR-2024-02824	Closed Expired	1729 FRANCISCO St, BERKELEY CA 94703	R-3
09/11/2024	ESR-2024-02819	Closed Expired	600 SPRUCE St, BERKELEY CA 94707	R-3
09/10/2024	ESR-2024-02797	Closed Expired	2564 VIRGINIA St, 7, BERKELEY CA 94709	R-3
09/10/2024	ESR-2024-02803	Closed Expired	3111 DEAKIN St, BERKELEY CA 94705	R-3
09/10/2024	24TMP-026961		833 OXFORD St, BERKELEY CA 94707	R-3
09/09/2024	24TMP-026898		2318 TENTH St, BERKELEY CA 94710	R-3
09/09/2024	ESR-2024-02778	Closed Expired	3117 LEWISTON Ave, BERKELEY CA 94705	R-3
09/08/2024	ESR-2024-02776	Closed Expired	1030 KEITH Ave, BERKELEY CA 94708	R-3
09/06/2024	ESR-2024-02767	Closed Expired	1506 CALIFORNIA St, BERKELEY CA 94703	R-3
09/06/2024	ESR-2024-02764	Closed Expired	1615 FRANKLIN St, BERKELEY CA 94702	R-3
09/05/2024	ESR-2024-02749	Closed Expired	2805 HILGARD Ave, BERKELEY CA 94709	R-3
09/05/2024	ESR-2024-02751	Closed Expired	1812 CARLETON St, B, BERKELEY CA 94703	R-3
09/05/2024	ESR-2024-02752	Closed Expired	1697 HOPKINS St, BERKELEY CA 94707	R-3
09/05/2024	ESR-2024-02760	Closed Expired	1236 CARLOTTA Ave, BERKELEY CA 94707	R-3
09/04/2024	ESR-2024-02741	Closed Expired	3030 STANTON St, BERKELEY CA 94702	R-3
09/04/2024	ESR-2024-02734	Closed Expired	1595 CURTIS St, BERKELEY CA 94702	R-3
08/30/2024	ESR-2024-02705	Closed Expired	1475 HOPKINS St, BERKELEY CA 94702	R-3
08/30/2024	ESR-2024-02706	Closed Expired	1930 FRANCISCO St, BERKELEY CA 94709	R-3
08/30/2024	ESR-2024-02709	Closed Expired	1318 ORDWAY St, BERKELEY CA 94702	R-3
08/29/2024	ESR-2024-02699	Closed Expired	2320 ACTON St, BERKELEY CA 94702	R-3
08/29/2024	ESR-2024-02688	Closed Expired	1937 OREGON St, BERKELEY CA 94703	R-3
08/27/2024	ESR-2024-02670	Closed Expired	144 HILL Rd, BERKELEY CA 94708	R-3
08/27/2024	ESR-2024-02669	Closed Expired	2951 ASHBY Ave, BERKELEY CA 94705	R-3
08/23/2024	ESR-2024-02636	Closed Expired	20 VIRGINIA GARDENS, BERKELEY CA 94702	R-3
08/22/2024	ESR-2024-02625	Closed Expired	1510 ASHBY Ave, BERKELEY CA 94703	R-3
08/22/2024	ESR-2024-02624	Closed Expired	2247 SUMMER St, BERKELEY CA 94709	R-3
08/22/2024	ESR-2024-02622	Closed Expired	1303 SIXTY-SIXTH St, BERKELEY CA 94702	R-3
08/21/2024	ESR-2024-02617	Closed Expired	547 SPRUCE St, BERKELEY CA 94707	R-3
08/20/2024	ESR-2024-02601	Closed Expired	2808 GARBER St, BERKELEY CA 94705	R-3
08/20/2024	ESR-2024-02595	Closed Expired	600 SPRUCE St, BERKELEY CA 94707	R-3
08/19/2024	24TMP-025840		1010 DELAWARE St, BERKELEY CA 94710	R-3
08/16/2024	ESR-2024-02578	Closed Expired	3035 MABEL St, BERKELEY CA 94702	R-3
08/16/2024	24TMP-025766		612 EUCLID Ave, BERKELEY CA 94708	R-3
08/15/2024	ESR-2024-02570	Closed Expired	1029 PARDEE St, BERKELEY CA 94710	R-3
08/14/2024	ESR-2024-02562	Closed Expired	1937 OREGON St, BERKELEY CA 94703	R-3
08/14/2024	24TMP-025663		117 EL CAMINO REAL, BERKELEY CA 94705	R-3
08/12/2024	ESR-2024-02521	Closed Expired	1401 ADA St, BERKELEY CA 94702	R-3
08/12/2024	24TMP-025457		1947 CENTER St, BERKELEY CA 94704	R-3
08/11/2024	ESR-2024-02501	Closed Expired	117 EL CAMINO REAL, BERKELEY CA 94705	R-3
08/08/2024	ESR-2024-02483	Closed Expired	2317 VALLEY St, BERKELEY CA 94702	R-3
08/07/2024	24TMP-025236		2440 CEDAR St, 2, BERKELEY CA 94708	R-3
08/06/2024	ESR-2024-02458	Closed Expired	1357 QUEENS Rd, BERKELEY CA 94708	R-3
08/04/2024	ESR-2024-02439	Closed Expired	1152 EUCLID Ave, BERKELEY CA 94708	R-3
08/02/2024	ESR-2024-02433	Closed Expired	160 VICENTE Rd, BERKELEY CA 94705	R-3
08/01/2024	ESR-2024-02421	Closed Expired	2919 DEAKIN St, BERKELEY CA 94705	R-3
07/31/2024	24TMP-024900		2832 DERBY St, BERKELEY CA 94705	R-3
07/31/2024	ESR-2024-02405	Closed Expired	1146 KEELER Ave, BERKELEY CA 94708	R-3
07/30/2024	ESR-2024-02391	Closed Expired	547 SPRUCE St, BERKELEY CA 94707	R-3
07/30/2024	ESR-2024-02371	Closed Expired	1477 STANNAGE Ave, BERKELEY CA 94702	R-3
07/29/2024	ESR-2024-02369	Closed Expired	1079 EUCLID Ave, BERKELEY CA 94708	R-3
07/29/2024	ESR-2024-02366	Closed Expired	964 KEELER Ave, BERKELEY CA 94708	R-3
07/29/2024	ESR-2024-02362	Closed Expired	1630 FAIRVIEW St, BERKELEY CA 94703	R-3
07/29/2024	ESR-2024-02358	Closed Expired	973 OXFORD St, BERKELEY CA 94707	R-3
07/29/2024	ESR-2024-02356	Closed Expired	862 CONTRA COSTA Ave, BERKELEY CA 94707	R-3
07/25/2024	ESR-2024-02344	Closed Expired	1214 WALNUT St, BERKELEY CA 94709	R-3
07/24/2024	ESR-2024-02327	Closed Expired	3041 DOHR St, BERKELEY CA 94702	R-3
07/24/2024	ESR-2024-02320	Closed Expired	1601 FIFTH St, BERKELEY CA 94710	R-3
07/23/2024	ESR-2024-02298	Closed Expired	1321 CALIFORNIA St, BERKELEY CA 94703	R-3
07/23/2024	ESR-2024-02305	Closed Expired	1133 KEITH Ave, BERKELEY CA 94708	R-3
07/22/2024	ESR-2024-02290	Closed Expired	1812 FRANKLIN St, BERKELEY CA 94702	R-3
07/22/2024	ESR-2024-02278	Closed Expired	92 NORTHGATE Ave, BERKELEY CA 94708	R-3
07/19/2024	ESR-2024-02263	Closed Expired	2108 SIXTH St, BERKELEY CA 94710	R-3
07/18/2024	ESR-2024-02246	Closed Expired	830 ADDISON St, BERKELEY CA 94710	R-3
07/18/2024	ESR-2024-02248	Closed Expired	2843 PRINCE St, BERKELEY CA 94705	R-3
07/17/2024	ESR-2024-02237	Closed Expired	1030 DELAWARE St, B, BERKELEY CA 94710	R-3
07/17/2024	ESR-2024-02226	Closed Expired	981 INDIAN ROCK Ave, BERKELEY CA 94707	R-3
07/15/2024	ESR-2024-02188	Closed Expired	1827 CATALINA Ave, BERKELEY CA 94707	R-3
07/15/2024	ESR-2024-02191	Closed Expired	1019 MIDDLEFIELD Rd, BERKELEY CA 94708	R-3
07/15/2024	ESR-2024-02193	Closed Expired	956 SHATTUCK Ave, BERKELEY CA 94707	R-3
07/12/2024	ESR-2024-02173	Closed Expired	3200 TREMONT St, BERKELEY CA 94703	R-3
07/12/2024	24TMP-023866		1827 SIXTY-SECOND St, BERKELEY CA 94703	R-3
07/09/2024	ESR-2024-02135	Closed Expired	2820 OAK KNOLL Ter, BERKELEY CA 94705	R-3
07/09/2024	ESR-2024-02128	Closed Expired	2442 CEDAR St, COM, BERKELEY CA 94708	R-3
07/09/2024	ESR-2024-02126	Closed Expired	694 HILLDALE Ave, BERKELEY CA 94708	R-3
07/08/2024	ESR-2024-02118	Closed Expired	2635 MARIN Ave, BERKELEY CA 94708	R-3
07/08/2024	ESR-2024-02116	Closed Expired	2735 WALLACE St, BERKELEY CA 94702	R-3
07/05/2024	24TMP-023491		1701 STUART St, BERKELEY CA 94703	R-3
07/04/2024	ESR-2024-02099	Closed Expired	15 ALVARADO Rd, BERKELEY CA 94705	R-3
07/03/2024	ESR-2024-02089	Closed Expired	595 SANTA BARBARA Rd, BERKELEY CA 94707	R-3
07/02/2024	ESR-2024-02085	Closed Expired	1704 BANCROFT Way, BERKELEY CA 94703	R-3
07/02/2024	ESR-2024-02083	Closed Expired	2610 RUSSELL St, BERKELEY CA 94705	R-3
07/02/2024	ESR-2024-02073	Closed Expired	1089 KEELER Ave, BERKELEY CA 94708	R-3
07/02/2024	ESR-2024-02071	Closed Expired	3329 CALIFORNIA St, BERKELEY CA 94703	R-3
07/01/2024	ESR-2024-02067	Closed Expired	2423 HASTE St, BERKELEY CA 94704	R-3
06/28/2024	ESR-2024-02033	Closed Expired	2410 BYRON St, BERKELEY CA 94702	R-3
06/27/2024	ESR-2024-02031	Closed Expired	1328 BURNETT St, BERKELEY CA 94702	R-3
06/27/2024	ESR-2024-02020	Closed Expired	830 ADDISON St, BERKELEY CA 94710	R-3
06/26/2024	ESR-2024-02015	Closed Expired	92 NORTHGATE Ave, BERKELEY CA 94708	R-3
06/26/2024	ESR-2024-02014	Closed Expired	1401 GREENWOOD Ter, BERKELEY CA 94708	R-3
06/26/2024	ESR-2024-02013	Closed Expired	2910 HILLEGASS Ave, 3, BERKELEY CA 94705	R-3
06/26/2024	ESR-2024-02008	Closed Expired	70 LATHAM Ln, BERKELEY CA 94708	R-3
06/26/2024	ESR-2024-02002	Closed Expired	2731 FULTON St, 3, BERKELEY CA 94705	R-3
06/25/2024	ESR-2024-01993	Closed Expired	1120 SUTTER St, BERKELEY CA 94707	R-3
06/24/2024	ESR-2024-01981	Closed Expired	1368 HOPKINS St, BERKELEY CA 94702	R-3
06/24/2024	ESR-2024-01970	Closed Expired	1812 PRINCE St, BERKELEY CA 94703	R-3
06/23/2024	24TMP-022794		654 SANTA ROSA Ave, BERKELEY CA 94707	R-3
06/22/2024	ESR-2024-01961	Closed Expired	140 FAIRLAWN Dr, BERKELEY CA 94708	R-3
06/21/2024	ESR-2024-01955	Closed Expired	1421 FIFTH St, BERKELEY CA 94710	R-3
06/21/2024	ESR-2024-01952	Closed Expired	1909 STUART St, BERKELEY CA 94703	R-3
06/21/2024	24TMP-022745		1624 SHATTUCK Ave, BERKELEY CA 94709	R-3
06/20/2024	ESR-2024-01931	Closed Expired	2673 HILGARD Ave, BERKELEY CA 94709	R-3
06/20/2024	ESR-2024-01933	Closed Expired	2234 CALIFORNIA St, BERKELEY CA 94703	R-3
06/20/2024	ESR-2024-01941	Closed Expired	1830 CARLETON St, BERKELEY CA 94703	R-3
06/20/2024	ESR-2024-01943	Closed Expired	1342 DERBY St, BERKELEY CA 94702	R-3
06/20/2024	ESR-2024-01946	Closed Expired	1851 CAPISTRANO Ave, BERKELEY CA 94707	R-3
06/19/2024	ESR-2024-01926	Closed Expired	1103 SUTTER St, BERKELEY CA 94707	R-3
06/18/2024	ESR-2024-01920	Closed Expired	1603 MCGEE Ave, BERKELEY CA 94703	R-3
06/18/2024	ESR-2024-01914	Closed Expired	551 GRIZZLY PEAK Blvd, BERKELEY CA 94708	R-3
06/18/2024	ESR-2024-01913	Closed Expired	1406 SIXTY-SIXTH St, BERKELEY CA 94702	R-3
06/14/2024	ESR-2024-01883	Closed Expired	2929 BUENA VISTA Way, BERKELEY CA 94708	R-3
06/13/2024	ESR-2024-01868	Closed Expired	1173 KEELER Ave, BERKELEY CA 94708	R-3
06/12/2024	ESR-2024-01858	Closed Expired	1423 CAMPUS Dr, BERKELEY CA 94708	R-3
06/12/2024	ESR-2024-01851	Closed Expired	1249 FRANCISCO St, BERKELEY CA 94702	R-3
06/12/2024	24TMP-022296		1604 CAPISTRANO Ave, BERKELEY CA 94707	R-3
06/11/2024	ESR-2024-01843	Closed Expired	2240 PRINCE St, BERKELEY CA 94705	R-3
06/10/2024	ESR-2024-01828	Closed Expired	3202 SHATTUCK Ave, BERKELEY CA 94705	R-3
06/08/2024	ESR-2024-01815	Closed Expired	1701 TACOMA Ave, BERKELEY CA 94707	R-3
06/07/2024	ESR-2024-01792	Closed Expired	729 ARLINGTON Ave, BERKELEY CA 94707	R-3
06/06/2024	ESR-2024-01762	Closed Expired	1030 DELAWARE St, B, BERKELEY CA 94710	R-3
06/06/2024	ESR-2024-01766	Closed Expired	1355 ADDISON St, BERKELEY CA 94702	R-3
06/06/2024	ESR-2024-01769	Closed Expired	1119 HEARST Ave, BERKELEY CA 94702	R-3
06/06/2024	ESR-2024-01778	Closed Expired	2334 GRANT St, BERKELEY CA 94703	R-3
06/05/2024	ESR-2024-01760	Closed Expired	2247 GLEN Ave, BERKELEY CA 94709	R-3
06/04/2024	24TMP-021764		2331 ROOSEVELT Ave, BERKELEY CA 94703	R-3
06/03/2024	24TMP-021708		2533 DANA St, BERKELEY CA 94704	R-3
06/03/2024	24TMP-021679		100 TAMALPAIS Rd, BERKELEY CA 94708	R-3
06/03/2024	ESR-2024-01711	Closed Expired	2128 TENTH St, BERKELEY CA 94710	R-3
05/30/2024	ESR-2024-01686	Closed Expired	3228 BOISE St, BERKELEY CA 94702	R-3
05/30/2024	ESR-2024-01683	Closed Expired	1008 MIDDLEFIELD Rd, BERKELEY CA 94708	R-3
05/29/2024	24TMP-021385		612 EUCLID Ave, BERKELEY CA 94708	R-3
05/29/2024	ESR-2024-01661	Closed Expired	3111 DEAKIN St, BERKELEY CA 94705	R-3
05/29/2024	ESR-2024-01674	Closed Expired	1200 DWIGHT Way, BERKELEY CA 94702	R-3
05/29/2024	ESR-2024-01679	Closed Expired	1384 CEDAR St, BERKELEY CA 94702	R-3
05/28/2024	ESR-2024-01649	Closed Expired	92 NORTHGATE Ave, BERKELEY CA 94708	R-3
05/28/2024	ESR-2024-01643	Closed Expired	2448 PRINCE St, BERKELEY CA 94705	R-3
05/27/2024	ESR-2024-01639	Closed Expired	1604 CAPISTRANO Ave, BERKELEY CA 94707	R-3
05/23/2024	24TMP-021105		562 NEILSON St, BERKELEY CA 94707	R-3
05/23/2024	ESR-2024-01614	Closed Expired	124 PARKSIDE Dr, BERKELEY CA 94705	R-3
05/21/2024	ESR-2024-01592	Closed Expired	1646 CURTIS St, BERKELEY CA 94702	R-3
05/21/2024	ESR-2024-01589	Closed Expired	1843 BERRYMAN St, BERKELEY CA 94703	R-3
05/20/2024	24TMP-020947		1226 CORNELL Ave, BERKELEY CA 94706	R-3
05/20/2024	ESR-2024-01565	Closed Expired	1032 DELAWARE St, A, BERKELEY CA 94710	R-3
05/20/2024	ESR-2024-01566	Closed Expired	1375 SUMMIT Rd, BERKELEY CA 94708	R-3
05/18/2024	ESR-2024-01562	Closed Expired	2639 DANA St, BERKELEY CA 94704	R-3
05/16/2024	ESR-2024-01554	Closed Expired	1815 SIXTY-SECOND St, BERKELEY CA 94703	R-3
05/16/2024	ESR-2024-01551	Closed Expired	626 SANTA BARBARA Rd, BERKELEY CA 94707	R-3
05/16/2024	ESR-2024-01548	Closed Expired	2611 GRANT St, BERKELEY CA 94703	R-3
05/15/2024	ESR-2024-01532	Closed Expired	1342 DERBY St, BERKELEY CA 94702	R-3
05/14/2024	ESR-2024-01513	Closed Expired	1709 MADERA St, BERKELEY CA 94707	R-3
05/13/2024	ESR-2024-01485	Closed Expired	6422 MYSTIC St, BERKELEY CA 94618	R-3
05/13/2024	24TMP-020475		1931 CEDAR St, BERKELEY CA 94709	R-3
05/11/2024	ESR-2024-01482	Closed Expired	1640 BANCROFT Way, BERKELEY CA 94703	R-3
05/10/2024	ESR-2024-01475	Closed Expired	22 ROBLE Rd, BERKELEY CA 94705	R-3
05/09/2024	24TMP-020326		987 CRAGMONT Ave, BERKELEY CA 94708	R-3
05/09/2024	ESR-2024-01463	Closed Expired	1619 KAINS Ave, BERKELEY CA 94702	R-3
05/09/2024	ESR-2024-01462	Closed Expired	1726 BERKELEY Way, A, BERKELEY CA 94703	R-3
05/09/2024	ESR-2024-01459	Closed Expired	2801 STANTON St, BERKELEY CA 94702	R-3
05/09/2024	ESR-2024-01458	Closed Expired	1742 CEDAR St, BERKELEY CA 94703	R-3
05/09/2024	ESR-2024-01452	Closed Expired	1735 MADERA St, BERKELEY CA 94707	R-3
05/09/2024	ESR-2024-01451	Closed Expired	1227 PERALTA Ave, BERKELEY CA 94706	R-3
05/08/2024	ESR-2024-01445	Closed Expired	470 SPRUCE St, BERKELEY CA 94708	R-3
05/08/2024	ESR-2024-01444	Closed Expired	1340 ADDISON St, BERKELEY CA 94702	R-3
05/08/2024	ESR-2024-01448	Closed Expired	1303 SIXTY-SIXTH St, BERKELEY CA 94702	R-3
05/07/2024	ESR-2024-01431	Closed Expired	1355 ADDISON St, BERKELEY CA 94702	R-3
05/07/2024	ESR-2024-01426	Closed Expired	2417 EIGHTH St, BERKELEY CA 94710	R-3
05/06/2024	ESR-2024-01418	Closed Expired	595 SANTA BARBARA Rd, BERKELEY CA 94707	R-3
05/06/2024	24TMP-020109		2918 REGENT St, BERKELEY CA 94705	R-3
05/06/2024	24TMP-020099		1316 SPRUCE St, BERKELEY CA 94709	R-3
05/06/2024	24TMP-020081		1321 SIXTY-SIXTH St, BERKELEY CA 94702	R-3
05/06/2024	ESR-2024-01389	Closed Expired	2113 NINTH St, BERKELEY CA 94710	R-3
05/02/2024	24TMP-019934		1738 ADDISON St, BERKELEY CA 94703	R-3
05/02/2024	ESR-2024-01344	Closed Expired	51 DEL MAR Ave, BERKELEY CA 94708	R-3
05/02/2024	ESR-2024-01348	Closed Expired	2910 HILLEGASS Ave, 3, BERKELEY CA 94705	R-3
05/02/2024	ESR-2024-01349	Closed Expired	1423 ARCH St, BERKELEY CA 94708	R-3
05/02/2024	ESR-2024-01357	Closed Expired	1830 CARLETON St, BERKELEY CA 94703	R-3
05/02/2024	ESR-2024-01358	Closed Expired	1065 MARIPOSA Ave, BERKELEY CA 94707	R-3
05/01/2024	ESR-2024-01325	Closed Expired	1329 CALIFORNIA St, BERKELEY CA 94703	R-3
05/01/2024	ESR-2024-01329	Closed Expired	1529 SPRUCE St, BERKELEY CA 94709	R-3
05/01/2024	ESR-2024-01343	Closed Expired	940 EUCLID Ave, BERKELEY CA 94708	R-3
04/30/2024	24TMP-019788		1321 SIXTY-SIXTH St, BERKELEY CA 94702	R-3
04/29/2024	ESR-2024-01310	Closed Expired	30 PARNASSUS Rd, BERKELEY CA 94708	R-3
04/28/2024	ESR-2024-01292	Closed Expired	2673 HILGARD Ave, BERKELEY CA 94709	R-3
04/25/2024	ESR-2024-01274	Closed Expired	2064 LOS ANGELES Ave, BERKELEY CA 94707	R-3
04/25/2024	ESR-2024-01273	Closed Expired	1252 VIRGINIA St, A, BERKELEY CA 94702	R-3
04/25/2024	24TMP-019576		1636 LA LOMA Ave, BERKELEY CA 94709	R-3
04/23/2024	ESR-2024-01244	Closed Expired	2003 WOOLSEY St, BERKELEY CA 94703	R-3
04/23/2024	ESR-2024-01238	Closed Expired	51 DEL MAR Ave, BERKELEY CA 94708	R-3
04/23/2024	ESR-2024-01237	Closed Expired	957 THE ALAMEDA, BERKELEY CA 94707	R-3
04/23/2024	ESR-2024-01228	Closed Expired	3110 CLAREMONT Ave, BERKELEY CA 94705	R-3
04/22/2024	ESR-2024-01220	Closed Expired	2821 MATHEWS St, BERKELEY CA 94702	R-3
04/22/2024	ESR-2024-01210	Closed Expired	619 COLUSA Ave, BERKELEY CA 94707	R-3
04/18/2024	ESR-2024-01176	Closed Expired	1375 SUMMIT Rd, BERKELEY CA 94708	R-3
04/17/2024	ESR-2024-01165	Closed Expired	1735 MADERA St, BERKELEY CA 94707	R-3
04/16/2024	24TMP-018965		67 ROCK Ln, BERKELEY CA 94708	R-3
04/15/2024	ESR-2024-01148	Closed Expired	450 VASSAR Ave, BERKELEY CA 94708	R-3
04/15/2024	ESR-2024-01139	Closed Expired	470 SPRUCE St, BERKELEY CA 94708	R-3
04/11/2024	ESR-2024-01121	Closed Expired	1329 CALIFORNIA St, BERKELEY CA 94703	R-3
04/11/2024	ESR-2024-01119	Closed Expired	1355 ADDISON St, BERKELEY CA 94702	R-3
04/11/2024	ESR-2024-01115	Closed Expired	1087 EUCLID Ave, BERKELEY CA 94708	R-3
04/10/2024	ESR-2024-01104	Closed Expired	1337 HEARST Ave, BERKELEY CA 94702	R-3
04/09/2024	24TMP-018590		United States	R-3
04/09/2024	ESR-2024-01101	Closed Expired	35 BONNIE Ln, BERKELEY CA 94708	R-3
04/08/2024	24TMP-018432		3005 BENVENUE Ave, BERKELEY CA 94705	R-3
04/08/2024	ESR-2024-01090	Closed Expired	1695 HOPKINS St, BERKELEY CA 94707	R-3
04/07/2024	ESR-2024-01081	Closed Expired	1303 STANNAGE Ave, BERKELEY CA 94702	R-3
04/05/2024	ESR-2024-01069	Closed Expired	1334 M L KING JR Way, BERKELEY CA 94709	R-3
04/05/2024	ESR-2024-01066	Closed Expired	971 JONES St, BERKELEY CA 94710	R-3
04/05/2024	ESR-2024-01062	Closed Expired	1465 GRIZZLY PEAK Blvd, BERKELEY CA 94708	R-3
04/05/2024	ESR-2024-01061	Closed Expired	1423 ARCH St, BERKELEY CA 94708	R-3
04/04/2024	ESR-2024-01058	Closed Expired	2735 WALLACE St, BERKELEY CA 94702	R-3
04/04/2024	ESR-2024-01047	Closed Expired	1830 CARLETON St, BERKELEY CA 94703	R-3
04/03/2024	ESR-2024-01025	Closed Expired	1645 ASHBY Ave, BERKELEY CA 94703	R-3
04/03/2024	ESR-2024-01023	Closed Expired	1301 LA LOMA Ave, BERKELEY CA 94708	R-3
04/03/2024	ESR-2024-01013	Closed Expired	690 SAN LUIS Rd, BERKELEY CA 94707	R-3
04/02/2024	24TMP-017780		1652 CHESTNUT St, BERKELEY CA 94702	R-3
04/01/2024	ESR-2024-00962	Closed Expired	1325 VIRGINIA St, BERKELEY CA 94702	R-3
03/29/2024	ESR-2024-00923	Closed Expired	2338 PIEDMONT Ave, BERKELEY CA 94704	R-3
03/29/2024	ESR-2024-00927	Closed Expired	2935 GARBER St, BERKELEY CA 94705	R-3
03/27/2024	ESR-2024-00899	Closed Expired	2821 MATHEWS St, BERKELEY CA 94702	R-3
03/26/2024	ESR-2024-00885	Closed Expired	1409 STANNAGE Ave, BERKELEY CA 94702	R-3
03/26/2024	ESR-2024-00882	Closed Expired	2525 ASHBY Ave, 1, BERKELEY CA 94705	R-3
03/24/2024	ESR-2024-00859	Closed Expired	1246 ROSE St, BERKELEY CA 94702	R-3
03/22/2024	ESR-2024-00848	Closed Expired	20 VIRGINIA GARDENS, BERKELEY CA 94702	R-3
03/21/2024	ESR-2024-00836	Closed Expired	1252 VIRGINIA St, A, BERKELEY CA 94702	R-3
03/19/2024	ESR-2024-00818	Closed Expired	1363 TOMLEE Dr, BERKELEY CA 94702	R-3
03/16/2024	ESR-2024-00794	Closed Expired	1004 JONES St, BERKELEY CA 94710	R-3
03/15/2024	24TMP-014523		1143 ADDISON St, BERKELEY CA 94702	R-3
03/15/2024	ESR-2024-00785	Closed Expired	128 PARKSIDE Dr, BERKELEY CA 94705	R-3
03/15/2024	ESR-2024-00786	Closed Expired	2439 GRANT St, BERKELEY CA 94703	R-3
03/15/2024	ESR-2024-00789	Closed Expired	1644 CORNELL Ave, BERKELEY CA 94702	R-3
03/14/2024	ESR-2024-00768	Closed Expired	60 PANORAMIC Way, BERKELEY CA 94704	R-3
03/12/2024	ESR-2024-00747	Closed Expired	488 SPRUCE St, BERKELEY CA 94708	R-3
03/11/2024	24TMP-013761		2828 KELSEY St, BERKELEY CA 94705	R-3
03/11/2024	ESR-2024-00715	Closed Expired	2955 PIEDMONT Ave, BERKELEY CA 94705	R-3
03/10/2024	ESR-2024-00713	Closed Expired	944 CHANNING Way, BERKELEY CA 94710	R-3
03/08/2024	ESR-2024-00707	Closed Expired	29 EUCALYPTUS Rd, BERKELEY CA 94705	R-3
03/08/2024	ESR-2024-00706	Closed Expired	1101 WALNUT St, BERKELEY CA 94707	R-3
03/07/2024	24TMP-013378		2101 SACRAMENTO St, BERKELEY CA 94702	R-3
03/06/2024	ESR-2024-00679	Closed Expired	2123 RUSSELL St, BERKELEY CA 94705	R-3
03/04/2024	ESR-2024-00643	Closed Expired	60 PANORAMIC Way, BERKELEY CA 94704	R-3
03/01/2024	ESR-2024-00632	Closed Expired	1467 CORNELL Ave, BERKELEY CA 94702	R-3
02/28/2024	ESR-2024-00595	Closed Expired	45 BRET HARTE Rd, BERKELEY CA 94708	R-3
02/26/2024	ESR-2024-00565	Closed Expired	1636 DELAWARE St, BERKELEY CA 94703	R-3
02/23/2024	ESR-2024-00553	Closed Expired	1423 CAMPUS Dr, BERKELEY CA 94708	R-3
02/23/2024	ESR-2024-00551	Closed Expired	47 ALVARADO Rd, BERKELEY CA 94705	R-3
02/21/2024	ESR-2024-00523	Closed Expired	3204 TREMONT St, BERKELEY CA 94703	R-3
02/21/2024	ESR-2024-00520	Closed Expired	1709 SIXTH St, BERKELEY CA 94710	R-3
02/21/2024	ESR-2024-00516	Closed Expired	2244 SUMMER St, BERKELEY CA 94709	R-3
02/21/2024	ESR-2024-00525	Closed Expired	2 PARK GATE, BERKELEY CA 94708	R-3
02/20/2024	24TMP-009420		1938 WARD St, BERKELEY CA 94703	R-3
02/20/2024	ESR-2024-00513	Closed Expired	2101 SACRAMENTO St, BERKELEY CA 94702	R-3
02/20/2024	ESR-2024-00504	Closed Expired	2436 CHANNING Way, BERKELEY CA 94704	R-3
02/17/2024	ESR-2024-00479	Closed Expired	1611 MCGEE Ave, BERKELEY CA 94703	R-3
02/15/2024	ESR-2024-00447	Closed Expired	36 OAK RIDGE Rd, BERKELEY CA 94705	R-3
02/13/2024	24TMP-007925		1709 FRANCISCO St, BERKELEY CA 94703	R-3
02/13/2024	ESR-2024-00428	Closed Expired	2624 REGENT St, A, BERKELEY CA 94704	R-3
02/13/2024	ESR-2024-00414	Closed Expired	60 PANORAMIC Way, BERKELEY CA 94704	R-3
02/13/2024	ESR-2024-00410	Closed Expired	1231 ASHBY Ave, BERKELEY CA 94702	R-3
02/12/2024	ESR-2024-00394	Closed Expired	1031 VIRGINIA St, BERKELEY CA 94710	R-3
02/06/2024	ESR-2024-00351	Closed Expired	1349 DELAWARE St, BERKELEY CA 94702	R-3
02/06/2024	ESR-2024-00349	Closed Expired	1121 COLUSA Ave, BERKELEY CA 94707	R-3
02/06/2024	ESR-2024-00348	Closed Expired	380 VASSAR Ave, BERKELEY CA 94708	R-3
02/06/2024	ESR-2024-00346	Closed Expired	690 SAN LUIS Rd, BERKELEY CA 94707	R-3
02/06/2024	ESR-2024-00345	Closed Expired	2071 EMERSON St, BERKELEY CA 94703	R-3
02/05/2024	ESR-2024-00335	Closed Expired	2071 EMERSON St, BERKELEY CA 94703	R-3
02/04/2024	ESR-2024-00327	Closed Expired	450 ARLINGTON Ave, BERKELEY CA 94707	R-3
02/01/2024	ESR-2024-00303	Closed Expired	1724 LA VEREDA Rd, BERKELEY CA 94709	R-3
02/01/2024	ESR-2024-00302	Closed Expired	3012 KING St, BERKELEY CA 94703	R-3
02/01/2024	ESR-2024-00296	Closed Expired	1629 KAINS Ave, BERKELEY CA 94702	R-3
02/01/2024	ESR-2024-00295	Closed Expired	2312 DERBY St, BERKELEY CA 94705	R-3
01/31/2024	ESR-2024-00278	Closed Expired	108 FOREST Ln, BERKELEY CA 94708	R-3
01/31/2024	24TMP-005350		1760 ROSE St, BERKELEY CA 94703	R-3
01/30/2024	ESR-2024-00273	Closed Expired	1565 BEVERLY Pl, BERKELEY CA 94706	R-3
01/26/2024	ESR-2024-00237	Closed Expired	1645 HARMON St, BERKELEY CA 94703	R-3
01/26/2024	ESR-2024-00238	Closed Expired	1315 STANNAGE Ave, BERKELEY CA 94702	R-3
01/24/2024	ESR-2024-00216	Closed Expired	1419 BANCROFT Way, BERKELEY CA 94702	R-3
01/24/2024	ESR-2024-00207	Closed Expired	2218 PARKER St, BERKELEY CA 94704	R-3
01/23/2024	24TMP-004049		1300 SUMMIT Rd, BERKELEY CA 94708	R-3
01/22/2024	ESR-2024-00184	Closed Expired	1300 MONTEREY Ave, BERKELEY CA 94707	R-3
01/22/2024	ESR-2024-00186	Closed Expired	1628 OREGON St, BERKELEY CA 94703	R-3
01/22/2024	ESR-2024-00192	Closed Expired	29 EUCALYPTUS Rd, BERKELEY CA 94705	R-3
01/21/2024	ESR-2024-00181	Closed Expired	1782 CAPISTRANO Ave, BERKELEY CA 94707	R-3
01/19/2024	ESR-2024-00177	Closed Expired	2118 CALIFORNIA St, BERKELEY CA 94703	R-3
01/19/2024	ESR-2024-00178	Closed Expired	2327 SEVENTH St, BERKELEY CA 94710	R-3
01/17/2024	ESR-2024-00151	Closed Expired	920 JONES St, BERKELEY CA 94710	R-3
01/17/2024	ESR-2024-00155	Closed Expired	2847 MCGEE Ave, BERKELEY CA 94703	R-3
01/16/2024	24TMP-002906		1657 CHESTNUT St, BERKELEY CA 94702	R-3
01/16/2024	24TMP-002675		1130 SHATTUCK Ave, BERKELEY CA 94707	R-3
01/11/2024	24TMP-001983		1130 SHATTUCK Ave, BERKELEY CA 94707	R-3
01/08/2024	24TMP-001318		692 HILLDALE Ave, BERKELEY CA 94708	R-3
01/07/2024	ESR-2024-00059	Closed Expired	1734 DERBY St, BERKELEY CA 94703	R-3
01/04/2024	ESR-2024-00041	Closed Expired	1535 COMSTOCK Ct, BERKELEY CA 94703	R-3
01/02/2024	ESR-2024-00015	Closed Expired	1025 COLUSA Ave, BERKELEY CA 94707	R-3
01/02/2024	ESR-2024-00017	Closed Expired	2736 M L KING JR Way, BERKELEY CA 94703	R-3
01/02/2024	24TMP-000141		1190 OXFORD St, BERKELEY CA 94707	R-3
01/01/2024	ESR-2024-00001	Closed Expired	1821 ADDISON St, BERKELEY CA 94703	R-3
01/01/2024	ESR-2024-00004	Closed Expired	1641 M L KING JR Way, BERKELEY CA 94709	R-3
12/26/2023	ESR-2023-03717	Closed Expired	932 FRESNO Ave, BERKELEY CA 94707	R-3
12/26/2023	ESR-2023-03716	Closed Expired	2327 SEVENTH St, BERKELEY CA 94710	R-3
12/22/2023	23TMP-032157		1019 CHANNING Way, BERKELEY CA 94710	R-3
12/21/2023	ESR-2023-03705	Closed Expired	1215 NEILSON St, BERKELEY CA 94706	R-3
12/21/2023	ESR-2023-03701	Closed Expired	2900 RUSSELL St, BERKELEY CA 94705	R-3
12/19/2023	ESR-2023-03664	Closed Expired	1730 SPRUCE St, BERKELEY CA 94709	R-3
12/18/2023	ESR-2023-03656	Closed Expired	1445 VIRGINIA St, BERKELEY CA 94702	R-3
12/18/2023	ESR-2023-03659	Closed Expired	2724 DOHR St, BERKELEY CA 94702	R-3
12/18/2023	23TMP-031354		3035 MABEL St, BERKELEY CA 94702	R-3
12/14/2023	ESR-2023-03642	Closed Expired	55 COLORADO Ave, BERKELEY CA 94707	R-3
12/13/2023	23TMP-030740		1810 PRINCE St, BERKELEY CA 94703	R-3
12/13/2023	ESR-2023-03632	Closed Expired	1218 COLUSA Ave, BERKELEY CA 94707	R-3
12/13/2023	ESR-2023-03631	Closed Expired	1911 CARLETON St, BERKELEY CA 94704	R-3
12/12/2023	ESR-2023-03613	Closed Expired	1296 OXFORD St, BERKELEY CA 94709	R-3
12/11/2023	ESR-2023-03602	Closed Expired	820 MIRAMAR Ave, BERKELEY CA 94707	R-3
12/09/2023	ESR-2023-03597	Closed Expired	2736 ELMWOOD Ave, BERKELEY CA 94705	R-3
12/06/2023	ESR-2023-03558	Closed Expired	2673 HILGARD Ave, BERKELEY CA 94709	R-3
12/05/2023	ESR-2023-03543	Closed Expired	614 SAN FERNANDO Ave, BERKELEY CA 94707	R-3
12/04/2023	ESR-2023-03536	Closed Expired	932 FRESNO Ave, BERKELEY CA 94707	R-3
12/04/2023	ESR-2023-03534	Closed Expired	2710 COLLEGE Ave, BERKELEY CA 94705	R-3
12/04/2023	ESR-2023-03530	Closed Expired	77 OAK RIDGE Rd, BERKELEY CA 94705	R-3
12/01/2023	ESR-2023-03521	Closed Expired	511 GRIZZLY PEAK Blvd, BERKELEY CA 94708	R-3
11/30/2023	ESR-2023-03508	Closed Expired	1381 ADA St, BERKELEY CA 94702	R-3
11/27/2023	ESR-2023-03471	Closed Expired	2526 PIEDMONT Ave, BERKELEY CA 94704	R-3
11/27/2023	ESR-2023-03466	Closed Expired	584 ARLINGTON Ave, BERKELEY CA 94707	R-3
11/27/2023	ESR-2023-03463	Closed Expired	1207 DELAWARE St, BERKELEY CA 94702	R-3
11/27/2023	ESR-2023-03460	Closed Expired	1205 CHANNING Way, BERKELEY CA 94702	R-3
11/22/2023	ESR-2023-03451	Closed Expired	2673 HILGARD Ave, BERKELEY CA 94709	R-3
11/22/2023	ESR-2023-03446	Closed Expired	1301 PERALTA Ave, BERKELEY CA 94702	R-3
11/22/2023	23TMP-029051		1921 CAPISTRANO Ave, BERKELEY CA 94707	R-3
11/16/2023	23TMP-028759		1208 NEILSON St, BERKELEY CA 94706	R-3
11/16/2023	ESR-2023-03405	Closed Expired	2327 SEVENTH St, BERKELEY CA 94710	R-3
11/15/2023	ESR-2023-03384	Closed Expired	820 MIRAMAR Ave, BERKELEY CA 94707	R-3
11/15/2023	ESR-2023-03374	Closed Expired	1423 CAMPUS Dr, BERKELEY CA 94708	R-3
11/13/2023	ESR-2023-03349	Closed Expired	871 KEELER Ave, BERKELEY CA 94708	R-3
11/13/2023	23TMP-028534		657 SPRUCE St, BERKELEY CA 94707	R-3
11/10/2023	ESR-2023-03339	Closed Expired	1733 NINTH St, BERKELEY CA 94710	R-3
11/09/2023	ESR-2023-03329	Closed Expired	1421 GLENDALE Ave, BERKELEY CA 94708	R-3
11/09/2023	ESR-2023-03322	Closed Expired	1719 VINE St, BERKELEY CA 94703	R-3
11/09/2023	ESR-2023-03319	Closed Expired	2324 DERBY St, BERKELEY CA 94705	R-3
11/07/2023	ESR-2023-03290	Closed Expired	1424 JOSEPHINE St, BERKELEY CA 94703	R-3
11/07/2023	ESR-2023-03292	Closed Expired	1704 BANCROFT Way, BERKELEY CA 94703	R-3
11/07/2023	ESR-2023-03293	Closed Expired	1704 BANCROFT Way, BERKELEY CA 94703	R-3
11/07/2023	23TMP-028341		United States	R-3
11/07/2023	23TMP-028325		United States	R-3
11/03/2023	23TMP-028116		1500 SPRUCE St, BERKELEY CA 94709	R-3
11/02/2023	23TMP-028095		1829 CHANNING Way, BERKELEY CA 94703	R-3
11/02/2023	ESR-2023-03239	Closed Expired	1323 ACTON St, BERKELEY CA 94706	R-3
11/01/2023	ESR-2023-03236	Closed Expired	962 EUCLID Ave, BERKELEY CA 94708	R-3
11/01/2023	ESR-2023-03227	Closed Expired	2829 FOREST Ave, BERKELEY CA 94705	R-3
11/01/2023	ESR-2023-03226	Closed Expired	1478 ROSE St, BERKELEY CA 94702	R-3
11/01/2023	ESR-2023-03225	Closed Expired	2128 STUART St, BERKELEY CA 94705	R-3
11/01/2023	ESR-2023-03224	Closed Expired	2535 BUENA VISTA Way, BERKELEY CA 94708	R-3
10/30/2023	ESR-2023-03200	Closed Expired	614 SAN FERNANDO Ave, BERKELEY CA 94707	R-3
10/25/2023	ESR-2023-03159	Closed Expired	1949 M L KING JR Way, 3, BERKELEY CA 94704	R-3
10/23/2023	ESR-2023-03125	Closed Expired	1152 MILLER Ave, BERKELEY CA 94708	R-3
10/19/2023	ESR-2023-03106	Closed Expired	159 ALVARADO Rd, BERKELEY CA 94705	R-3
10/19/2023	ESR-2023-03098	Closed Expired	1163 EUCLID Ave, BERKELEY CA 94708	R-3
10/18/2023	ESR-2023-03090	Closed Expired	917 SHATTUCK Ave, BERKELEY CA 94707	R-3
10/17/2023	ESR-2023-03081	Closed Expired	429 KENTUCKY Ave, BERKELEY CA 94707	R-3
10/17/2023	ESR-2023-03074	Closed Expired	2750 DOHR St, BERKELEY CA 94702	R-3
10/17/2023	ESR-2023-03067	Closed Expired	2320 JEFFERSON Ave, BERKELEY CA 94703	R-3
10/16/2023	23TMP-027182		1420 HOPKINS St, BERKELEY CA 94702	R-3
10/16/2023	ESR-2023-03048	Closed Expired	1471 CATHERINE Dr, BERKELEY CA 94702	R-3
10/13/2023	ESR-2023-03034	Closed Expired	2836 PRINCE St, BERKELEY CA 94705	R-3
10/12/2023	ESR-2023-03023	Closed Expired	1736 HEARST Ave, BERKELEY CA 94703	R-3
10/12/2023	ESR-2023-03019	Closed Expired	2125 ESSEX St, BERKELEY CA 94705	R-3
10/11/2023	ESR-2023-03009	Closed Expired	853 CONTRA COSTA Ave, BERKELEY CA 94707	R-3
10/10/2023	ESR-2023-02982	Closed Expired	646 VINCENTE Ave, BERKELEY CA 94707	R-3
10/04/2023	ESR-2023-02939	Closed Expired	1801 FRANCISCO St, BERKELEY CA 94703	R-3
10/04/2023	ESR-2023-02938	Closed Expired	1891 SAN ANTONIO Ave, BERKELEY CA 94707	R-3
10/04/2023	ESR-2023-02932	Closed Expired	3214 CALIFORNIA St, BERKELEY CA 94703	R-3
10/03/2023	ESR-2023-02907	Closed Expired	614 SAN FERNANDO Ave, BERKELEY CA 94707	R-3
10/02/2023	ESR-2023-02893	Closed Expired	1285 HEARST Ave, BERKELEY CA 94702	R-3
10/02/2023	ESR-2023-02894	Closed Expired	1886 HARMON St, BERKELEY CA 94703	R-3
10/02/2023	23TMP-026482		2235 MCGEE Ave, BERKELEY CA 94703	R-3
10/02/2023	23TMP-026465		2150 ASHBY Ave, BERKELEY CA 94705	R-3
09/29/2023	ESR-2023-02891	Closed Expired	1275 CAMPUS Dr, BERKELEY CA 94708	R-3
09/27/2023	ESR-2023-02868	Closed Expired	1571 VISALIA Ave, BERKELEY CA 94707	R-3
09/27/2023	ESR-2023-02871	Closed Expired	1241 BERKELEY Way, B, BERKELEY CA 94702	R-3
09/26/2023	ESR-2023-02853	Closed Expired	1509 ACTON St, BERKELEY CA 94702	R-3
09/24/2023	ESR-2023-02839	Closed Expired	1960 LOS ANGELES Ave, BERKELEY CA 94707	R-3
09/22/2023	ESR-2023-02833	Closed Expired	1270 QUEENS Rd, BERKELEY CA 94708	R-3
09/19/2023	ESR-2023-02799	Closed Expired	575 SANTA CLARA Ave, BERKELEY CA 94707	R-3
09/19/2023	ESR-2023-02792	Closed Expired	1425 WARD St, BERKELEY CA 94702	R-3
09/19/2023	23TMP-025938		1301 BLAKE St, BERKELEY CA 94702	R-3
09/17/2023	ESR-2023-02765	Closed Expired	1634 FAIRVIEW St, BERKELEY CA 94703	R-3
09/15/2023	ESR-2023-02753	Closed Expired	1891 SAN ANTONIO Ave, BERKELEY CA 94707	R-3
09/15/2023	ESR-2023-02754	Closed Expired	774 NEILSON St, BERKELEY CA 94707	R-3
09/15/2023	ESR-2023-02757	Closed Expired	1821 SAN PEDRO Ave, BERKELEY CA 94707	R-3
09/12/2023	23TMP-025622		800 ARLINGTON Ave, BERKELEY CA 94707	R-3
09/05/2023	ESR-2023-02663	Closed Expired	38 PANORAMIC Way, BERKELEY CA 94704	R-3
09/04/2023	ESR-2023-02644	Closed Expired	1742 VIRGINIA St, BERKELEY CA 94703	R-3
09/01/2023	ESR-2023-02639	Closed Expired	3 OAKVALE Ave, BERKELEY CA 94705	R-3
08/31/2023	ESR-2023-02631	Closed Expired	1623 DERBY St, BERKELEY CA 94703	R-3
08/31/2023	23TMP-025156		1708 FRANCISCO St, BERKELEY CA 94703	R-3
08/25/2023	ESR-2023-02567	Closed Expired	1616 EIGHTH St, BERKELEY CA 94710	R-3
08/25/2023	ESR-2023-02564	Closed Expired	1443 STANNAGE Ave, BERKELEY CA 94702	R-3
08/24/2023	ESR-2023-02544	Closed Expired	1354 BERKELEY Way, BERKELEY CA 94702	R-3
08/23/2023	ESR-2023-02524	Closed Expired	1262 BURNETT St, BERKELEY CA 94702	R-3
08/21/2023	ESR-2023-02505	Closed Expired	1680 FRANKLIN St, BERKELEY CA 94702	R-3
08/18/2023	ESR-2023-02482	Closed Expired	1409 WALNUT St, BERKELEY CA 94709	R-3
08/15/2023	ESR-2023-02442	Closed Expired	1340 ORDWAY St, BERKELEY CA 94702	R-3
08/14/2023	ESR-2023-02428	Closed Expired	2146 WOOLSEY St, BERKELEY CA 94705	R-3
08/14/2023	ESR-2023-02425	Closed Expired	1421 SIXTY-SEVENTH St, BERKELEY CA 94702	R-3
08/14/2023	ESR-2023-02418	Closed Expired	2111 BYRON St, B, BERKELEY CA 94702	R-3
08/11/2023	ESR-2023-02408	Closed Expired	430 ARLINGTON Ave, BERKELEY CA 94707	R-3
08/10/2023	ESR-2023-02384	Closed Expired	2755 WALLACE St, BERKELEY CA 94702	R-3
08/09/2023	ESR-2023-02378	Closed Expired	1377 ROSE St, BERKELEY CA 94702	R-3
08/07/2023	ESR-2023-02348	Closed Expired	1332 ORDWAY St, BERKELEY CA 94702	R-3
08/04/2023	ESR-2023-02334	Closed Expired	1311 ACTON St, BERKELEY CA 94706	R-3
08/03/2023	23TMP-023765		6 ROSEMONT Ave, BERKELEY CA 94708	R-3
08/01/2023	ESR-2023-02301	Closed Expired	936 CRAGMONT Ave, BERKELEY CA 94708	R-3
08/01/2023	ESR-2023-02297	Closed Expired	1221 CARRISON St, BERKELEY CA 94702	R-3
07/24/2023	ESR-2023-02222	Closed Expired	1200 DWIGHT Way, BERKELEY CA 94702	R-3
07/24/2023	ESR-2023-02217	Closed Expired	3026 FULTON St, BERKELEY CA 94705	R-3
07/20/2023	23TMP-023047		1630 CARLETON St, BERKELEY CA 94703	R-3
07/19/2023	23TMP-022968		1510 OXFORD St, BERKELEY CA 94709	R-3
07/19/2023	23TMP-022963		2414 TENTH St, BERKELEY CA 94710	R-3
07/12/2023	ESR-2023-02105	Closed Expired	2109 BROWNING St, BERKELEY CA 94702	R-3
07/11/2023	ESR-2023-02097	Closed Expired	1916 RUSSELL St, BERKELEY CA 94703	R-3
07/11/2023	ESR-2023-02088	Closed Expired	1221 CARRISON St, BERKELEY CA 94702	R-3
07/11/2023	ESR-2023-02087	Closed Expired	1221 CARRISON St, BERKELEY CA 94702	R-3
07/08/2023	ESR-2023-02071	Closed Expired	1053 OXFORD St, BERKELEY CA 94707	R-3
07/07/2023	ESR-2023-02060	Closed Expired	460 MICHIGAN Ave, BERKELEY CA 94707	R-3
07/06/2023	ESR-2023-02059	Closed Expired	1429 BONITA Ave, BERKELEY CA 94709	R-3
07/05/2023	ESR-2023-02046	Closed Expired	1321 SEVENTH St, BERKELEY CA 94710	R-3
06/28/2023	ESR-2023-02003	Closed Expired	1201 CURTIS St, BERKELEY CA 94706	R-3
06/28/2023	ESR-2023-02001	Closed Expired	767 SAN DIEGO Rd, BERKELEY CA 94707	R-3
06/28/2023	ESR-2023-01993	Closed Expired	3016 DEAKIN St, BERKELEY CA 94705	R-3
06/23/2023	ESR-2023-01950	Closed Expired	1014 HEARST Ave, BERKELEY CA 94710	R-3
06/21/2023	23TMP-021721		1615 MCGEE Ave, BERKELEY CA 94703	R-3
06/19/2023	ESR-2023-01879	Closed Expired	460 MICHIGAN Ave, BERKELEY CA 94707	R-3
06/15/2023	ESR-2023-01859	Closed Expired	1739 WARD St, BERKELEY CA 94703	R-3
06/14/2023	23TMP-021367		2120 MILVIA St, BERKELEY CA 94704	R-3
06/13/2023	ESR-2023-01814	Closed Expired	59 ARDEN Rd, BERKELEY CA 94704	R-3
06/13/2023	23TMP-021312		United States	R-3
06/13/2023	23TMP-021279		1205 CORNELL Ave, BERKELEY CA 94706	R-3
06/12/2023	ESR-2023-01793	Closed Expired	2920 SHASTA Rd, BERKELEY CA 94708	R-3
06/12/2023	ESR-2023-01798	Closed Expired	2637 WOOLSEY St, BERKELEY CA 94705	R-3
06/08/2023	ESR-2023-01780	Closed Expired	1527 WOOLSEY St, BERKELEY CA 94703	R-3
06/08/2023	ESR-2023-01781	Closed Expired	1812 FRANKLIN St, BERKELEY CA 94702	R-3
06/06/2023	ESR-2023-01743	Closed Expired	1838 SIXTY-THIRD St, BERKELEY CA 94703	R-3
06/06/2023	ESR-2023-01740	Closed Expired	2609 WEBSTER St, BERKELEY CA 94705	R-3
06/01/2023	ESR-2023-01708	Closed Expired	2339 EDWARDS St, BERKELEY CA 94702	R-3
05/30/2023	ESR-2023-01658	Closed Expired	2026 WOOLSEY St, BERKELEY CA 94703	R-3
05/25/2023	ESR-2023-01623	Closed Expired	2523 TENTH St, BERKELEY CA 94710	R-3
05/24/2023	ESR-2023-01615	Closed Expired	1601 ARCH St, BERKELEY CA 94709	R-3
05/23/2023	ESR-2023-01588	Closed Expired	1338 STANNAGE Ave, BERKELEY CA 94702	R-3
05/23/2023	ESR-2023-01584	Closed Expired	1208 NEILSON St, BERKELEY CA 94706	R-3
05/18/2023	ESR-2023-01540	Closed Expired	130 FAIRLAWN Dr, BERKELEY CA 94708	R-3
05/17/2023	ESR-2023-01524	Closed Expired	973 ARLINGTON Ave, BERKELEY CA 94707	R-3
05/09/2023	ESR-2023-01427	Closed Expired	1325 ARCH St, BERKELEY CA 94708	R-3
05/08/2023	ESR-2023-01411	Closed Expired	2735 MATHEWS St, BERKELEY CA 94702	R-3
05/04/2023	ESR-2023-01371	Closed Expired	1112 CARLETON St, BERKELEY CA 94702	R-3
05/04/2023	ESR-2023-01369	Closed Expired	1512 BONITA Ave, BERKELEY CA 94709	R-3
05/03/2023	ESR-2023-01351	Closed Expired	2313 VALLEY St, BERKELEY CA 94702	R-3
04/27/2023	ESR-2023-01277	Closed Expired	2310 EIGHTH St, BERKELEY CA 94710	R-3
04/27/2023	ESR-2023-01276	Closed Expired	2310 EIGHTH St, BERKELEY CA 94710	R-3
04/25/2023	ESR-2023-01247	Closed Expired	988 ADDISON St, BERKELEY CA 94710	R-3
04/14/2023	ESR-2023-01112	Closed Expired	1155 COLUSA Ave, BERKELEY CA 94707	R-3
04/12/2023	ESR-2023-01079	Closed Expired	1050 MIDDLEFIELD Rd, BERKELEY CA 94708	R-3
04/12/2023	ESR-2023-01077	Closed Expired	1325 ARCH St, BERKELEY CA 94708	R-3
04/11/2023	ESR-2023-01056	Closed Expired	1112 CARLETON St, BERKELEY CA 94702	R-3
04/11/2023	ESR-2023-01055	Closed Expired	1931 VINE St, BERKELEY CA 94709	R-3
04/11/2023	ESR-2023-01047	Closed Expired	2305 DERBY St, BERKELEY CA 94705	R-3
04/06/2023	ESR-2023-00993	Closed Expired	2142 CALIFORNIA St, BERKELEY CA 94703	R-3
04/04/2023	ESR-2023-00953	Closed Expired	1988 THOUSAND OAKS Blvd, BERKELEY CA 94707	R-3
03/30/2023	ESR-2023-00898	Closed Expired	2710 GARBER St, BERKELEY CA 94705	R-3
03/30/2023	ESR-2023-00897	Closed Expired	1394 QUEENS Rd, BERKELEY CA 94708	R-3
03/30/2023	ESR-2023-00894	Closed Expired	2390 MCGEE Ave, BERKELEY CA 94703	R-3
03/29/2023	ESR-2023-00873	Closed Expired	1929 HOPKINS St, BERKELEY CA 94707	R-3
03/28/2023	ESR-2023-00844	Closed Expired	2024 PRINCE St, BERKELEY CA 94703	R-3
03/28/2023	ESR-2023-00860	Closed Expired	1732 CARLETON St, BERKELEY CA 94703	R-3
03/27/2023	ESR-2023-00825	Closed Expired	1516 OLYMPUS Ave, BERKELEY CA 94708	R-3
03/24/2023	ESR-2023-00812	Closed Expired	3025 REGENT St, BERKELEY CA 94705	R-3
03/23/2023	ESR-2023-00784	Closed Expired	812 ALLSTON Way, B, BERKELEY CA 94710	R-3
03/23/2023	ESR-2023-00792	Closed Expired	1814 SHORT St, BERKELEY CA 94702	R-3
03/22/2023	ESR-2023-00779	Closed Expired	1465 GRIZZLY PEAK Blvd, BERKELEY CA 94708	R-3
03/21/2023	ESR-2023-00746	Closed Expired	2305 DERBY St, BERKELEY CA 94705	R-3
03/17/2023	ESR-2023-00721	Closed Expired	2515 FULTON St, BERKELEY CA 94704	R-3
03/15/2023	ESR-2023-00686	Closed Expired	1200 DWIGHT Way, BERKELEY CA 94702	R-3
03/15/2023	ESR-2023-00687	Closed Expired	1200 DWIGHT Way, BERKELEY CA 94702	R-3
03/15/2023	ESR-2023-00689	Closed Expired	2310 EIGHTH St, BERKELEY CA 94710	R-3
03/15/2023	ESR-2023-00690	Closed Expired	2310 EIGHTH St, BERKELEY CA 94710	R-3
03/10/2023	ESR-2023-00627	Closed Expired	50 FOREST Ln, BERKELEY CA 94708	R-3
03/09/2023	ESR-2023-00615	Closed Expired	750 HILLDALE Ave, BERKELEY CA 94708	R-3
03/09/2023	ESR-2023-00610	Closed Expired	2112 TENTH St, C, BERKELEY CA 94710	R-3
03/09/2023	ESR-2023-00608	Closed Expired	2112 TENTH St, B, BERKELEY CA 94710	R-3
03/07/2023	ESR-2023-00585	Closed Expired	2310 EIGHTH St, BERKELEY CA 94710	R-3
03/01/2023	ESR-2023-00518	Closed Expired	2928 WHEELER St, BERKELEY CA 94705	R-3
02/28/2023	ESR-2023-00503	Closed Expired	940 EUCLID Ave, BERKELEY CA 94708	R-3
02/21/2023	ESR-2023-00431	Closed Expired	3204 TREMONT St, BERKELEY CA 94703	R-3
02/16/2023	ESR-2023-00402	Closed Expired	2608 DERBY St, BERKELEY CA 94705	R-3
02/13/2023	ESR-2023-00356	Closed Expired	910 INDIAN ROCK Ave, BERKELEY CA 94707	R-3
02/09/2023	ESR-2023-00324	Closed Expired	910 INDIAN ROCK Ave, BERKELEY CA 94707	R-3
02/06/2023	ESR-2023-00284	Closed Expired	2610 GRANT St, BERKELEY CA 94703	R-3
02/01/2023	ESR-2023-00240	Closed Expired	1142 DELAWARE St, B, BERKELEY CA 94702	R-3
02/01/2023	ESR-2023-00237	Closed Expired	23 HILLSIDE Ct, BERKELEY CA 94704	R-3
01/30/2023	ESR-2023-00224	Closed Expired	1636 SEVENTH St, BERKELEY CA 94710	R-3
01/30/2023	ESR-2023-00214	Closed Expired	3088 KING St, BERKELEY CA 94703	R-3
01/28/2023	ESR-2023-00205	Closed Expired	1341 WARD St, BERKELEY CA 94702	R-3
01/28/2023	ESR-2023-00204	Closed Expired	2550 DANA St, 8B, BERKELEY CA 94704	R-3
01/27/2023	ESR-2023-00201	Closed Expired	2525 COLLEGE Ave, 1, BERKELEY CA 94704	R-3
01/15/2023	ESR-2023-00077	Closed Expired	1851 SAN PEDRO Ave, BERKELEY CA 94707	R-3
01/12/2023	ESR-2023-00059	Closed Expired	2115 BROWNING St, BERKELEY CA 94702	R-3
01/12/2023	ESR-2023-00056	Closed Expired	868 CONTRA COSTA Ave, BERKELEY CA 94707	R-3
01/04/2023	ESR-2023-00014	Closed Expired	2445 PRINCE St, BERKELEY CA 94705	R-3
01/04/2023	ESR-2023-00019	Closed Expired	3 ACTON Cir, BERKELEY CA 94702	R-3