<?xml version="1.0" encoding="UTF-8"?>
<kml xmlns="http://www.opengis.net/kml/2.2" xmlns:gx="http://www.google.com/kml/ext/2.2" xmlns:kml="http://www.opengis.net/kml/2.2" xmlns:atom="http://www.w3.org/2005/Atom">
<Document>
	<name>default_my_places</name>
	<open>1</open>
	<atom:link rel="app" href="https://www.google.com/earth/about/versions/#earth-pro" title="Google Earth Pro 7.3.7.1155"></atom:link>
	<StyleMap id="m_ylw-pushpin">
		<Pair>
			<key>normal</key>
			<styleUrl>#s_ylw-pushpin0</styleUrl>
		</Pair>
		<Pair>
			<key>highlight</key>
			<styleUrl>#s_ylw-pushpin_hl</styleUrl>
		</Pair>
	</StyleMap>
	<StyleMap id="m_ylw-pushpin0">
		<Pair>
			<key>normal</key>
			<styleUrl>#s_ylw-pushpin01</styleUrl>
		</Pair>
		<Pair>
			<key>highlight</key>
			<styleUrl>#s_ylw-pushpin_hl00</styleUrl>
		</Pair>
	</StyleMap>
	<StyleMap id="m_ylw-pushpin1">
		<Pair>
			<key>normal</key>
			<styleUrl>#s_ylw-pushpin1</styleUrl>
		</Pair>
		<Pair>
			<key>highlight</key>
			<styleUrl>#s_ylw-pushpin_hl2</styleUrl>
		</Pair>
	</StyleMap>
	<StyleMap id="m_ylw-pushpin2">
		<Pair>
			<key>normal</key>
			<styleUrl>#s_ylw-pushpin</styleUrl>
		</Pair>
		<Pair>
			<key>highlight</key>
			<styleUrl>#s_ylw-pushpin_hl0</styleUrl>
		</Pair>
	</StyleMap>
	<StyleMap id="m_ylw-pushpin3">
		<Pair>
			<key>normal</key>
			<styleUrl>#s_ylw-pushpin00</styleUrl>
		</Pair>
		<Pair>
			<key>highlight</key>
			<styleUrl>#s_ylw-pushpin_hl1</styleUrl>
		</Pair>
	</StyleMap>
	<StyleMap id="msn_ylw-pushpin">
		<Pair>
			<key>normal</key>
			<styleUrl>#sn_ylw-pushpin</styleUrl>
		</Pair>
		<Pair>
			<key>highlight</key>
			<styleUrl>#sh_ylw-pushpin0</styleUrl>
		</Pair>
	</StyleMap>
	<StyleMap id="msn_ylw-pushpin0">
		<Pair>
			<key>normal</key>
			<styleUrl>#sn_ylw-pushpin0</styleUrl>
		</Pair>
		<Pair>
			<key>highlight</key>
			<styleUrl>#sh_ylw-pushpin</styleUrl>
		</Pair>
	</StyleMap>
	<Style id="s_ylw-pushpin">
		<IconStyle>
			<scale>1.1</scale>
			<Icon>
				<href>http://maps.google.com/mapfiles/kml/pushpin/ylw-pushpin.png</href>
			</Icon>
			<hotSpot x="20" y="2" xunits="pixels" yunits="pixels"/>
		</IconStyle>
	</Style>
	<Style id="s_ylw-pushpin0">
		<IconStyle>
			<scale>1.1</scale>
			<Icon>
				<href>http://maps.google.com/mapfiles/kml/pushpin/ylw-pushpin.png</href>
			</Icon>
			<hotSpot x="20" y="2" xunits="pixels" yunits="pixels"/>
		</IconStyle>
	</Style>
	<Style id="s_ylw-pushpin00">
		<IconStyle>
			<scale>1.1</scale>
			<Icon>
				<href>http://maps.google.com/mapfiles/kml/pushpin/ylw-pushpin.png</href>
			</Icon>
			<hotSpot x="20" y="2" xunits="pixels" yunits="pixels"/>
		</IconStyle>
	</Style>
	<Style id="s_ylw-pushpin01">
		<IconStyle>
			<scale>1.1</scale>
			<Icon>
				<href>http://maps.google.com/mapfiles/kml/pushpin/ylw-pushpin.png</href>
			</Icon>
			<hotSpot x="20" y="2" xunits="pixels" yunits="pixels"/>
		</IconStyle>
	</Style>
	<Style id="s_ylw-pushpin1">
		<IconStyle>
			<scale>1.1</scale>
			<Icon>
				<href>http://maps.google.com/mapfiles/kml/pushpin/ylw-pushpin.png</href>
			</Icon>
			<hotSpot x="20" y="2" xunits="pixels" yunits="pixels"/>
		</IconStyle>
	</Style>
	<Style id="s_ylw-pushpin_hl">
		<IconStyle>
			<scale>1.3</scale>
			<Icon>
				<href>http://maps.google.com/mapfiles/kml/pushpin/ylw-pushpin.png</href>
			</Icon>
			<hotSpot x="20" y="2" xunits="pixels" yunits="pixels"/>
		</IconStyle>
	</Style>
	<Style id="s_ylw-pushpin_hl0">
		<IconStyle>
			<scale>1.3</scale>
			<Icon>
				<href>http://maps.google.com/mapfiles/kml/pushpin/ylw-pushpin.png</href>
			</Icon>
			<hotSpot x="20" y="2" xunits="pixels" yunits="pixels"/>
		</IconStyle>
	</Style>
	<Style id="s_ylw-pushpin_hl00">
		<IconStyle>
			<scale>1.3</scale>
			<Icon>
				<href>http://maps.google.com/mapfiles/kml/pushpin/ylw-pushpin.png</href>
			</Icon>
			<hotSpot x="20" y="2" xunits="pixels" yunits="pixels"/>
		</IconStyle>
	</Style>
	<Style id="s_ylw-pushpin_hl1">
		<IconStyle>
			<scale>1.3</scale>
			<Icon>
				<href>http://maps.google.com/mapfiles/kml/pushpin/ylw-pushpin.png</href>
			</Icon>
			<hotSpot x="20" y="2" xunits="pixels" yunits="pixels"/>
		</IconStyle>
	</Style>
	<Style id="s_ylw-pushpin_hl2">
		<IconStyle>
			<scale>1.3</scale>
			<Icon>
				<href>http://maps.google.com/mapfiles/kml/pushpin/ylw-pushpin.png</href>
			</Icon>
			<hotSpot x="20" y="2" xunits="pixels" yunits="pixels"/>
		</IconStyle>
	</Style>
	<Style id="sh_ylw-pushpin">
		<IconStyle>
			<scale>1.3</scale>
			<Icon>
				<href>http://maps.google.com/mapfiles/kml/pushpin/ylw-pushpin.png</href>
			</Icon>
			<hotSpot x="20" y="2" xunits="pixels" yunits="pixels"/>
		</IconStyle>
	</Style>
	<Style id="sh_ylw-pushpin0">
		<IconStyle>
			<scale>1.3</scale>
			<Icon>
				<href>http://maps.google.com/mapfiles/kml/pushpin/ylw-pushpin.png</href>
			</Icon>
			<hotSpot x="20" y="2" xunits="pixels" yunits="pixels"/>
		</IconStyle>
		<LabelStyle>
			<color>ff1a8efd</color>
		</LabelStyle>
	</Style>
	<Style id="sn_noicon">
		<IconStyle>
			<Icon>
			</Icon>
		</IconStyle>
		<LabelStyle>
			<color>00ffffff</color>
		</LabelStyle>
	</Style>
	<Style id="sn_ylw-pushpin">
		<IconStyle>
			<scale>1.1</scale>
			<Icon>
				<href>http://maps.google.com/mapfiles/kml/pushpin/ylw-pushpin.png</href>
			</Icon>
			<hotSpot x="20" y="2" xunits="pixels" yunits="pixels"/>
		</IconStyle>
		<LabelStyle>
			<color>ff1a8efd</color>
		</LabelStyle>
	</Style>
	<Style id="sn_ylw-pushpin0">
		<IconStyle>
			<scale>1.1</scale>
			<Icon>
				<href>http://maps.google.com/mapfiles/kml/pushpin/ylw-pushpin.png</href>
			</Icon>
			<hotSpot x="20" y="2" xunits="pixels" yunits="pixels"/>
		</IconStyle>
	</Style>
	<Folder>
		<name>My Places</name>
		<open>1</open>
		<Style>
			<ListStyle>
				<listItemType>check</listItemType>
				<ItemIcon>
					<state>open</state>
					<href>:/mysavedplaces_open.png</href>
				</ItemIcon>
				<ItemIcon>
					<state>closed</state>
					<href>:/mysavedplaces_closed.png</href>
				</ItemIcon>
				<bgColor>00ffffff</bgColor>
				<maxSnippetLines>2</maxSnippetLines>
			</ListStyle>
		</Style>
		<Folder>
			<name>Berkeley</name>
			<visibility>0</visibility>
			<Placemark>
				<name>Santa Barbara Road</name>
				<visibility>0</visibility>
				<LookAt>
					<longitude>-122.2697729060052</longitude>
					<latitude>37.89577131336027</latitude>
					<altitude>5.232520406913496</altitude>
					<heading>17.44849759406664</heading>
					<tilt>57.82280799399916</tilt>
					<range>122.002669821014</range>
					<gx:altitudeMode>relativeToSeaFloor</gx:altitudeMode>
				</LookAt>
				<styleUrl>#m_ylw-pushpin0</styleUrl>
				<Point>
					<gx:drawOrder>1</gx:drawOrder>
					<coordinates>-122.2697729060052,37.89577131336027,0</coordinates>
				</Point>
			</Placemark>
			<Placemark>
				<name>2811 Benvenue</name>
				<visibility>0</visibility>
				<LookAt>
					<longitude>-122.2543636899762</longitude>
					<latitude>37.85954230872701</latitude>
					<altitude>0.9134232533089932</altitude>
					<heading>109.7895873124932</heading>
					<tilt>54.54702732241361</tilt>
					<range>72.47292820498899</range>
					<gx:altitudeMode>relativeToSeaFloor</gx:altitudeMode>
				</LookAt>
				<styleUrl>#m_ylw-pushpin0</styleUrl>
				<Point>
					<gx:drawOrder>1</gx:drawOrder>
					<coordinates>-122.2543636899762,37.85954230872701,0</coordinates>
				</Point>
			</Placemark>
			<Placemark>
				<name>Berkeley High School</name>
				<visibility>0</visibility>
				<description>Linda Schacht, class of 1961</description>
				<LookAt>
					<longitude>-122.2708283000054</longitude>
					<latitude>37.86859427073703</latitude>
					<altitude>9.574777436623572</altitude>
					<heading>-140.7930895659685</heading>
					<tilt>50.59829904305375</tilt>
					<range>129.3242664060651</range>
					<gx:altitudeMode>relativeToSeaFloor</gx:altitudeMode>
				</LookAt>
				<styleUrl>#m_ylw-pushpin0</styleUrl>
				<Point>
					<gx:drawOrder>1</gx:drawOrder>
					<coordinates>-122.2708283000054,37.86859427073703,0</coordinates>
				</Point>
			</Placemark>
			<Placemark>
				<name>Alta Bates Hospital</name>
				<visibility>0</visibility>
				<description>Linda Schacht Gage
Peter  Gage
Kate Gage
Susie Gage
Betsy Gage
Natalie Gage</description>
				<LookAt>
					<longitude>-122.2581908681207</longitude>
					<latitude>37.85515376956344</latitude>
					<altitude>8.338115167982817</altitude>
					<heading>45.54112428349867</heading>
					<tilt>71.52242674167685</tilt>
					<range>152.197675405186</range>
					<gx:altitudeMode>relativeToSeaFloor</gx:altitudeMode>
				</LookAt>
				<styleUrl>#m_ylw-pushpin0</styleUrl>
				<Point>
					<gx:drawOrder>1</gx:drawOrder>
					<coordinates>-122.2581908681207,37.85515376956344,0</coordinates>
				</Point>
			</Placemark>
			<Placemark>
				<name>Heart&apos;s Leap Preschool</name>
				<visibility>0</visibility>
				<description>Susie Gage
Betsy Gage
Natalie Gage</description>
				<LookAt>
					<longitude>-122.253770221963</longitude>
					<latitude>37.86238306057783</latitude>
					<altitude>2.184534852631849</altitude>
					<heading>-50.6005708244147</heading>
					<tilt>54.82567640844643</tilt>
					<range>85.83855370813808</range>
					<gx:altitudeMode>relativeToSeaFloor</gx:altitudeMode>
				</LookAt>
				<styleUrl>#m_ylw-pushpin0</styleUrl>
				<Point>
					<gx:drawOrder>1</gx:drawOrder>
					<coordinates>-122.253770221963,37.86238306057783,0</coordinates>
				</Point>
			</Placemark>
			<Placemark>
				<name>Emerson Elementary</name>
				<visibility>0</visibility>
				<description>Susie Gage</description>
				<LookAt>
					<longitude>-122.2507937777948</longitude>
					<latitude>37.8613414935125</latitude>
					<altitude>0</altitude>
					<heading>107.2933247371235</heading>
					<tilt>66.7661838170735</tilt>
					<range>146.5410237747281</range>
					<gx:altitudeMode>relativeToSeaFloor</gx:altitudeMode>
				</LookAt>
				<styleUrl>#m_ylw-pushpin0</styleUrl>
				<Point>
					<gx:drawOrder>1</gx:drawOrder>
					<coordinates>-122.2507937777948,37.8613414935125,0</coordinates>
				</Point>
			</Placemark>
			<Placemark>
				<name>2801 Russell</name>
				<visibility>0</visibility>
				<description>Peter, Nancy, Susie, Betsy, Natalie
SoftDolly</description>
				<LookAt>
					<gx:TimeStamp><when>2020-12-31</when>
</gx:TimeStamp>
					<gx:ViewerOptions>
						<gx:option name="historicalimagery"></gx:option>
						<gx:option enabled="0" name="sunlight"></gx:option>
						<gx:option enabled="0" name="streetview"></gx:option>
					</gx:ViewerOptions>
					<longitude>-122.2509141428515</longitude>
					<latitude>37.85885715585235</latitude>
					<altitude>0</altitude>
					<heading>-96.91310374759112</heading>
					<tilt>29.75322761007945</tilt>
					<range>67.51076032005966</range>
					<gx:altitudeMode>relativeToSeaFloor</gx:altitudeMode>
				</LookAt>
				<styleUrl>#msn_ylw-pushpin</styleUrl>
				<Point>
					<gx:drawOrder>1</gx:drawOrder>
					<coordinates>-122.2509141428515,37.85885715585235,0</coordinates>
				</Point>
			</Placemark>
		</Folder>
		<Folder>
			<name>Sightseeing Tour</name>
			<visibility>0</visibility>
			<description><![CDATA[Make sure 3D Buildings <br> layer is checked
    <]]></description>
			<Style id="sn_noicon">
				<IconStyle>
					<Icon>
					</Icon>
				</IconStyle>
				<LabelStyle>
					<color>00ffffff</color>
				</LabelStyle>
			</Style>
			<gx:Tour>
				<name>Start tour here</name>
				<visibility>0</visibility>
				<gx:Playlist>
					<gx:FlyTo>
						<gx:duration>7</gx:duration>
						<LookAt>
							<longitude>2.291433408790398</longitude>
							<latitude>48.86046599047212</latitude>
							<altitude>0</altitude>
							<heading>-44.78443344916974</heading>
							<tilt>84.50456468378914</tilt>
							<range>1237.092264232066</range>
							<altitudeMode>relativeToGround</altitudeMode>
						</LookAt>
					</gx:FlyTo>
					<gx:Wait><gx:duration>4</gx:duration>
</gx:Wait>
					<gx:FlyTo>
						<gx:duration>5</gx:duration>
						<gx:flyToMode>smooth</gx:flyToMode>
						<LookAt>
							<longitude>2.292516819664192</longitude>
							<latitude>48.85698932280409</latitude>
							<altitude>0</altitude>
							<heading>-133.4483170172488</heading>
							<tilt>70.63136956830182</tilt>
							<range>969.7156365886258</range>
							<altitudeMode>relativeToGround</altitudeMode>
						</LookAt>
					</gx:FlyTo>
					<gx:FlyTo>
						<gx:duration>6</gx:duration>
						<gx:flyToMode>smooth</gx:flyToMode>
						<LookAt>
							<longitude>2.295838863036321</longitude>
							<latitude>48.85722765839494</latitude>
							<altitude>0</altitude>
							<heading>144.8330905543111</heading>
							<tilt>82.11044392463096</tilt>
							<range>1280.086026374546</range>
							<altitudeMode>relativeToGround</altitudeMode>
						</LookAt>
					</gx:FlyTo>
					<gx:Wait><gx:duration>0.6</gx:duration>
</gx:Wait>
					<gx:TourControl>
					</gx:TourControl>
					<gx:FlyTo>
						<gx:duration>7</gx:duration>
						<LookAt>
							<longitude>-43.20953574843956</longitude>
							<latitude>-22.950407157676</latitude>
							<altitude>0</altitude>
							<heading>-134.4620862063529</heading>
							<tilt>58.47824597790541</tilt>
							<range>518.7551361289096</range>
							<altitudeMode>relativeToGround</altitudeMode>
						</LookAt>
					</gx:FlyTo>
					<gx:Wait><gx:duration>3</gx:duration>
</gx:Wait>
					<gx:FlyTo>
						<gx:duration>6</gx:duration>
						<gx:flyToMode>smooth</gx:flyToMode>
						<LookAt>
							<longitude>-43.21454496440098</longitude>
							<latitude>-22.95360604377341</latitude>
							<altitude>0</altitude>
							<heading>-120.57288800332</heading>
							<tilt>65.17521407189773</tilt>
							<range>660</range>
							<altitudeMode>relativeToGround</altitudeMode>
						</LookAt>
					</gx:FlyTo>
					<gx:FlyTo>
						<gx:duration>6</gx:duration>
						<gx:flyToMode>smooth</gx:flyToMode>
						<LookAt>
							<longitude>-43.21660160057429</longitude>
							<latitude>-22.94806206144405</latitude>
							<altitude>0</altitude>
							<heading>-57.54538440420448</heading>
							<tilt>80.00485701436207</tilt>
							<range>1000</range>
							<altitudeMode>relativeToGround</altitudeMode>
						</LookAt>
					</gx:FlyTo>
					<gx:FlyTo>
						<gx:duration>6</gx:duration>
						<gx:flyToMode>smooth</gx:flyToMode>
						<LookAt>
							<longitude>-43.20919504667657</longitude>
							<latitude>-22.95016892675761</latitude>
							<altitude>0</altitude>
							<heading>43.40129179538381</heading>
							<tilt>66.44869267970699</tilt>
							<range>400</range>
							<altitudeMode>relativeToGround</altitudeMode>
						</LookAt>
					</gx:FlyTo>
					<gx:Wait><gx:duration>0.6</gx:duration>
</gx:Wait>
					<gx:TourControl>
					</gx:TourControl>
					<gx:FlyTo>
						<gx:duration>8</gx:duration>
						<LookAt>
							<longitude>-111.825259364926</longitude>
							<latitude>36.13629032059509</latitude>
							<altitude>0</altitude>
							<heading>-122.0385885563142</heading>
							<tilt>71.25665521441707</tilt>
							<range>2881.126209803783</range>
							<altitudeMode>relativeToGround</altitudeMode>
						</LookAt>
					</gx:FlyTo>
					<gx:Wait><gx:duration>5</gx:duration>
</gx:Wait>
					<gx:FlyTo>
						<gx:duration>10</gx:duration>
						<gx:flyToMode>smooth</gx:flyToMode>
						<LookAt>
							<longitude>-111.8178193912654</longitude>
							<latitude>36.12220415999125</latitude>
							<altitude>0</altitude>
							<heading>-20.55049931075685</heading>
							<tilt>70.46152747623586</tilt>
							<range>6923.518337176915</range>
							<altitudeMode>relativeToGround</altitudeMode>
						</LookAt>
					</gx:FlyTo>
					<gx:Wait><gx:duration>0.6</gx:duration>
</gx:Wait>
					<gx:TourControl>
					</gx:TourControl>
					<gx:FlyTo>
						<gx:duration>8</gx:duration>
						<LookAt>
							<longitude>151.2122001847845</longitude>
							<latitude>-33.85543600090152</latitude>
							<altitude>0</altitude>
							<heading>-136.7378847758026</heading>
							<tilt>68.87493344592141</tilt>
							<range>1332.179816629172</range>
							<altitudeMode>relativeToGround</altitudeMode>
						</LookAt>
					</gx:FlyTo>
					<gx:Wait><gx:duration>5</gx:duration>
</gx:Wait>
					<gx:FlyTo>
						<gx:duration>8</gx:duration>
						<gx:flyToMode>smooth</gx:flyToMode>
						<LookAt>
							<longitude>151.2102747218619</longitude>
							<latitude>-33.86562371282643</latitude>
							<altitude>0</altitude>
							<heading>-100.9504733403397</heading>
							<tilt>61.69903309250663</tilt>
							<range>1157.567447390761</range>
							<altitudeMode>relativeToGround</altitudeMode>
						</LookAt>
					</gx:FlyTo>
					<gx:FlyTo>
						<gx:duration>8</gx:duration>
						<gx:flyToMode>smooth</gx:flyToMode>
						<LookAt>
							<longitude>151.2084567507541</longitude>
							<latitude>-33.8719709424179</latitude>
							<altitude>0</altitude>
							<heading>-30.97913448260641</heading>
							<tilt>73.81737727550399</tilt>
							<range>1804.653308065182</range>
							<altitudeMode>relativeToGround</altitudeMode>
						</LookAt>
					</gx:FlyTo>
					<gx:Wait><gx:duration>1</gx:duration>
</gx:Wait>
					<gx:TourControl>
					</gx:TourControl>
					<gx:FlyTo>
						<gx:duration>7</gx:duration>
						<LookAt>
							<longitude>12.45863229278517</longitude>
							<latitude>41.90238356414683</latitude>
							<altitude>0</altitude>
							<heading>-88.09821473983064</heading>
							<tilt>72.55531058146758</tilt>
							<range>545.5229608700497</range>
							<altitudeMode>relativeToGround</altitudeMode>
						</LookAt>
					</gx:FlyTo>
					<gx:Wait><gx:duration>2</gx:duration>
</gx:Wait>
					<gx:FlyTo>
						<gx:duration>4</gx:duration>
						<gx:flyToMode>smooth</gx:flyToMode>
						<LookAt>
							<longitude>12.45576850829061</longitude>
							<latitude>41.90259432723413</latitude>
							<altitude>0</altitude>
							<heading>-45.63719485912762</heading>
							<tilt>67.45254428277359</tilt>
							<range>440.4364927688193</range>
							<altitudeMode>relativeToGround</altitudeMode>
						</LookAt>
					</gx:FlyTo>
					<gx:FlyTo>
						<gx:duration>5</gx:duration>
						<gx:flyToMode>smooth</gx:flyToMode>
						<LookAt>
							<longitude>12.45521415868397</longitude>
							<latitude>41.90223391472421</latitude>
							<altitude>0</altitude>
							<heading>62.2555896882265</heading>
							<tilt>56.44844484217481</tilt>
							<range>660</range>
							<altitudeMode>relativeToGround</altitudeMode>
						</LookAt>
					</gx:FlyTo>
					<gx:FlyTo>
						<gx:duration>5</gx:duration>
						<gx:flyToMode>smooth</gx:flyToMode>
						<LookAt>
							<longitude>12.45542893820797</longitude>
							<latitude>41.90247136879627</latitude>
							<altitude>0</altitude>
							<heading>143.1756044668531</heading>
							<tilt>54.3757116252694</tilt>
							<range>630.2289324677029</range>
							<altitudeMode>relativeToGround</altitudeMode>
						</LookAt>
					</gx:FlyTo>
					<gx:FlyTo>
						<gx:duration>4</gx:duration>
						<gx:flyToMode>smooth</gx:flyToMode>
						<LookAt>
							<longitude>12.45514725466031</longitude>
							<latitude>41.90208944848824</latitude>
							<altitude>0</altitude>
							<heading>-126.2904640924972</heading>
							<tilt>62.98553010498054</tilt>
							<range>973.0823093362777</range>
							<altitudeMode>relativeToGround</altitudeMode>
						</LookAt>
					</gx:FlyTo>
					<gx:Wait><gx:duration>0.6</gx:duration>
</gx:Wait>
					<gx:TourControl>
					</gx:TourControl>
					<gx:FlyTo>
						<gx:duration>9</gx:duration>
						<LookAt>
							<longitude>-0.120788371613878</longitude>
							<latitude>51.50501055442484</latitude>
							<altitude>0</altitude>
							<heading>-26.35029775803154</heading>
							<tilt>73.05226006937514</tilt>
							<range>454.4339921427415</range>
							<altitudeMode>relativeToGround</altitudeMode>
						</LookAt>
					</gx:FlyTo>
					<gx:Wait><gx:duration>4</gx:duration>
</gx:Wait>
					<gx:FlyTo>
						<gx:duration>3</gx:duration>
						<gx:flyToMode>smooth</gx:flyToMode>
						<LookAt>
							<longitude>-0.1218913821474976</longitude>
							<latitude>51.50305583632267</latitude>
							<altitude>0</altitude>
							<heading>-104.133103977011</heading>
							<tilt>62.33871582343829</tilt>
							<range>464.9005677104844</range>
							<altitudeMode>relativeToGround</altitudeMode>
						</LookAt>
					</gx:FlyTo>
					<gx:FlyTo>
						<gx:duration>3</gx:duration>
						<gx:flyToMode>smooth</gx:flyToMode>
						<LookAt>
							<longitude>-0.1210052471346601</longitude>
							<latitude>51.50193262427588</latitude>
							<altitude>0</altitude>
							<heading>-148.4647519019507</heading>
							<tilt>62.49820488326289</tilt>
							<range>467.9437060050972</range>
							<altitudeMode>relativeToGround</altitudeMode>
						</LookAt>
					</gx:FlyTo>
					<gx:Wait><gx:duration>0.6</gx:duration>
</gx:Wait>
					<gx:TourControl>
					</gx:TourControl>
					<gx:FlyTo>
						<gx:duration>10</gx:duration>
						<LookAt>
							<longitude>-49.94775814514536</longitude>
							<latitude>41.72923316238139</latitude>
							<altitude>0</altitude>
							<heading>-22.16745101595302</heading>
							<tilt>58.51118653734172</tilt>
							<range>15751.03428612136</range>
							<altitudeMode>relativeToGround</altitudeMode>
						</LookAt>
					</gx:FlyTo>
					<gx:Wait><gx:duration>3</gx:duration>
</gx:Wait>
					<gx:FlyTo>
						<gx:duration>3</gx:duration>
						<gx:flyToMode>smooth</gx:flyToMode>
						<LookAt>
							<longitude>-49.95064833173971</longitude>
							<latitude>41.73675356498745</latitude>
							<altitude>0</altitude>
							<heading>-22.0614952772804</heading>
							<tilt>58.41962787655594</tilt>
							<range>3785.050923503806</range>
							<gx:altitudeMode>relativeToSeaFloor</gx:altitudeMode>
						</LookAt>
					</gx:FlyTo>
					<gx:FlyTo>
						<gx:duration>3</gx:duration>
						<gx:flyToMode>smooth</gx:flyToMode>
						<LookAt>
							<longitude>-49.94963603456613</longitude>
							<latitude>41.73044100800762</latitude>
							<altitude>0</altitude>
							<heading>-21.98561736233518</heading>
							<tilt>59.14449309551124</tilt>
							<range>1298.527712044066</range>
							<gx:altitudeMode>relativeToSeaFloor</gx:altitudeMode>
						</LookAt>
					</gx:FlyTo>
					<gx:FlyTo>
						<gx:duration>3</gx:duration>
						<gx:flyToMode>smooth</gx:flyToMode>
						<LookAt>
							<longitude>-49.9476723120594</longitude>
							<latitude>41.73049451623312</latitude>
							<altitude>0</altitude>
							<heading>39.17295296812819</heading>
							<tilt>67.43152193490242</tilt>
							<range>877.6242516424816</range>
							<gx:altitudeMode>relativeToSeaFloor</gx:altitudeMode>
						</LookAt>
					</gx:FlyTo>
					<gx:FlyTo>
						<gx:duration>3</gx:duration>
						<gx:flyToMode>smooth</gx:flyToMode>
						<LookAt>
							<longitude>-49.94932550499109</longitude>
							<latitude>41.73351808554008</latitude>
							<altitude>0</altitude>
							<heading>62.89000376535781</heading>
							<tilt>76.83720128724194</tilt>
							<range>184.8131750740089</range>
							<gx:altitudeMode>relativeToSeaFloor</gx:altitudeMode>
						</LookAt>
					</gx:FlyTo>
					<gx:FlyTo>
						<gx:duration>3</gx:duration>
						<gx:flyToMode>smooth</gx:flyToMode>
						<LookAt>
							<longitude>-49.94863305687194</longitude>
							<latitude>41.7346904804198</latitude>
							<altitude>0</altitude>
							<heading>162.2375295003862</heading>
							<tilt>70.14149365018284</tilt>
							<range>231.5863465484218</range>
							<gx:altitudeMode>relativeToSeaFloor</gx:altitudeMode>
						</LookAt>
					</gx:FlyTo>
					<gx:Wait><gx:duration>0.6</gx:duration>
</gx:Wait>
					<gx:TourControl>
					</gx:TourControl>
					<gx:FlyTo>
						<gx:duration>14</gx:duration>
						<LookAt>
							<longitude>116.3908088768237</longitude>
							<latitude>39.91379916102216</latitude>
							<altitude>0</altitude>
							<heading>-1.138855209962087</heading>
							<tilt>63.78082439241467</tilt>
							<range>804.0076519351231</range>
							<altitudeMode>relativeToGround</altitudeMode>
						</LookAt>
					</gx:FlyTo>
					<gx:Wait><gx:duration>4</gx:duration>
</gx:Wait>
					<gx:FlyTo>
						<gx:duration>4</gx:duration>
						<gx:flyToMode>smooth</gx:flyToMode>
						<LookAt>
							<longitude>116.3902022277641</longitude>
							<latitude>39.91548590997697</latitude>
							<altitude>0</altitude>
							<heading>36.54261588920597</heading>
							<tilt>53.23349045734695</tilt>
							<range>1284.830404072757</range>
							<altitudeMode>relativeToGround</altitudeMode>
						</LookAt>
					</gx:FlyTo>
					<gx:FlyTo>
						<gx:duration>5</gx:duration>
						<gx:flyToMode>smooth</gx:flyToMode>
						<LookAt>
							<longitude>116.3894381947359</longitude>
							<latitude>39.91647028464102</latitude>
							<altitude>0</altitude>
							<heading>109.9844905127141</heading>
							<tilt>77.81184480203503</tilt>
							<range>434.044223900926</range>
							<altitudeMode>relativeToGround</altitudeMode>
						</LookAt>
					</gx:FlyTo>
					<gx:Wait><gx:duration>0.6</gx:duration>
</gx:Wait>
					<gx:TourControl>
					</gx:TourControl>
					<gx:FlyTo>
						<gx:duration>13</gx:duration>
						<LookAt>
							<longitude>138.7818265722904</longitude>
							<latitude>35.34063009043844</latitude>
							<altitude>0</altitude>
							<heading>-62.46343745766319</heading>
							<tilt>67.6064862659656</tilt>
							<range>7131.323646428426</range>
							<altitudeMode>relativeToGround</altitudeMode>
						</LookAt>
					</gx:FlyTo>
					<gx:Wait><gx:duration>2</gx:duration>
</gx:Wait>
					<gx:FlyTo>
						<gx:duration>5</gx:duration>
						<gx:flyToMode>smooth</gx:flyToMode>
						<LookAt>
							<longitude>138.732831233965</longitude>
							<latitude>35.34631761100981</latitude>
							<altitude>0</altitude>
							<heading>8.54680114884243</heading>
							<tilt>63.6005664023261</tilt>
							<range>4599.456156339281</range>
							<altitudeMode>relativeToGround</altitudeMode>
						</LookAt>
					</gx:FlyTo>
					<gx:FlyTo>
						<gx:duration>5</gx:duration>
						<gx:flyToMode>smooth</gx:flyToMode>
						<LookAt>
							<longitude>138.7117696613163</longitude>
							<latitude>35.35924486897797</latitude>
							<altitude>0</altitude>
							<heading>77.97081549606358</heading>
							<tilt>65.19409798035845</tilt>
							<range>8748.160445429821</range>
							<altitudeMode>relativeToGround</altitudeMode>
						</LookAt>
					</gx:FlyTo>
					<gx:Wait><gx:duration>0.6</gx:duration>
</gx:Wait>
					<gx:TourControl>
					</gx:TourControl>
					<gx:FlyTo>
						<gx:duration>8</gx:duration>
						<LookAt>
							<longitude>-122.0820910773159</longitude>
							<latitude>37.41931975444069</latitude>
							<altitude>0</altitude>
							<heading>-25.52915008078697</heading>
							<tilt>60.16567815354701</tilt>
							<range>421.7487119859438</range>
							<altitudeMode>relativeToGround</altitudeMode>
						</LookAt>
					</gx:FlyTo>
					<gx:Wait><gx:duration>3</gx:duration>
</gx:Wait>
					<gx:FlyTo>
						<gx:duration>3</gx:duration>
						<gx:flyToMode>smooth</gx:flyToMode>
						<LookAt>
							<longitude>-122.0828356355515</longitude>
							<latitude>37.41970831813314</latitude>
							<altitude>0</altitude>
							<heading>-48.22990007554524</heading>
							<tilt>77.38490900520242</tilt>
							<range>281.1183154577782</range>
							<altitudeMode>relativeToGround</altitudeMode>
						</LookAt>
					</gx:FlyTo>
					<gx:FlyTo>
						<gx:duration>3</gx:duration>
						<gx:flyToMode>smooth</gx:flyToMode>
						<LookAt>
							<longitude>-122.0837867591564</longitude>
							<latitude>37.42075190046511</latitude>
							<altitude>0</altitude>
							<heading>-48.20230753378853</heading>
							<tilt>77.38416695218248</tilt>
							<range>196.354133688462</range>
							<altitudeMode>relativeToGround</altitudeMode>
						</LookAt>
					</gx:FlyTo>
					<gx:FlyTo>
						<gx:duration>4</gx:duration>
						<gx:flyToMode>smooth</gx:flyToMode>
						<LookAt>
							<longitude>-122.0845501159868</longitude>
							<latitude>37.4218699663417</latitude>
							<altitude>0</altitude>
							<heading>-69.56777763392701</heading>
							<tilt>70.05009898715139</tilt>
							<range>179.6078491941072</range>
							<altitudeMode>relativeToGround</altitudeMode>
						</LookAt>
					</gx:FlyTo>
					<gx:FlyTo>
						<gx:duration>4</gx:duration>
						<gx:flyToMode>smooth</gx:flyToMode>
						<LookAt>
							<longitude>-122.0865370283483</longitude>
							<latitude>37.42216403229413</latitude>
							<altitude>0</altitude>
							<heading>-76.24554149800839</heading>
							<tilt>66.0643204358401</tilt>
							<range>186.138599501638</range>
							<altitudeMode>relativeToGround</altitudeMode>
						</LookAt>
					</gx:FlyTo>
					<gx:FlyTo>
						<gx:duration>4</gx:duration>
						<gx:flyToMode>smooth</gx:flyToMode>
						<LookAt>
							<longitude>-122.0855609773483</longitude>
							<latitude>37.42182792652437</latitude>
							<altitude>0</altitude>
							<heading>136.7389026227908</heading>
							<tilt>53.07129205583576</tilt>
							<range>205.5505645659833</range>
							<altitudeMode>relativeToGround</altitudeMode>
						</LookAt>
					</gx:FlyTo>
					<gx:FlyTo>
						<gx:duration>4</gx:duration>
						<gx:flyToMode>smooth</gx:flyToMode>
						<LookAt>
							<longitude>-122.0857031347691</longitude>
							<latitude>37.42169546784739</latitude>
							<altitude>0</altitude>
							<heading>51.91673446403121</heading>
							<tilt>50.75900171716816</tilt>
							<range>232.187882698068</range>
							<altitudeMode>relativeToGround</altitudeMode>
						</LookAt>
					</gx:FlyTo>
					<gx:Wait><gx:duration>0.6</gx:duration>
</gx:Wait>
					<gx:TourControl>
					</gx:TourControl>
				</gx:Playlist>
			</gx:Tour>
			<Placemark id="eiffel">
				<name>The Eiffel Tower</name>
				<visibility>0</visibility>
				<description>Located in Paris, France</description>
				<LookAt>
					<longitude>2.295967680887427</longitude>
					<latitude>48.85780097266282</latitude>
					<altitude>0</altitude>
					<heading>-42.91158279440752</heading>
					<tilt>58.51308219868477</tilt>
					<range>798.4686453648802</range>
					<altitudeMode>relativeToGround</altitudeMode>
				</LookAt>
				<styleUrl>#sn_noicon</styleUrl>
				<Point>
					<coordinates>2.295967680887427,48.85780097266282,0</coordinates>
				</Point>
			</Placemark>
			<Placemark id="christ">
				<name>Christ the Redeemer</name>
				<visibility>0</visibility>
				<description>Located in Rio, Brazil</description>
				<LookAt>
					<longitude>-43.20953574843956</longitude>
					<latitude>-22.950407157676</latitude>
					<altitude>0</altitude>
					<heading>-134.4620862063529</heading>
					<tilt>58.47824597790541</tilt>
					<range>518.7551361289096</range>
					<altitudeMode>relativeToGround</altitudeMode>
				</LookAt>
				<styleUrl>#sn_noicon</styleUrl>
				<Point>
					<coordinates>-43.20953574843956,-22.95040715767599,0</coordinates>
				</Point>
			</Placemark>
			<Placemark id="canyon">
				<name>The Grand Canyon</name>
				<visibility>0</visibility>
				<description>Located in Arizona, USA</description>
				<LookAt>
					<longitude>-111.839335188889</longitude>
					<latitude>36.14936973429993</latitude>
					<altitude>0</altitude>
					<heading>-102.4264123877612</heading>
					<tilt>60.36812941371167</tilt>
					<range>17029.89256740801</range>
					<altitudeMode>relativeToGround</altitudeMode>
				</LookAt>
				<styleUrl>#sn_noicon</styleUrl>
				<Point>
					<coordinates>-111.839335188889,36.14936973429993,0</coordinates>
				</Point>
			</Placemark>
			<Placemark id="sydney">
				<name>Sydney</name>
				<visibility>0</visibility>
				<description>New South Wales, Australia</description>
				<LookAt>
					<longitude>151.2122001847845</longitude>
					<latitude>-33.85543600090152</latitude>
					<altitude>0</altitude>
					<heading>-136.7378847758026</heading>
					<tilt>68.87493344592141</tilt>
					<range>1332.179816629172</range>
					<altitudeMode>relativeToGround</altitudeMode>
				</LookAt>
				<styleUrl>#sn_noicon</styleUrl>
				<Point>
					<coordinates>151.2122001847845,-33.85543600090152,0</coordinates>
				</Point>
			</Placemark>
			<Placemark id="peters">
				<name>St Peters Basilica</name>
				<visibility>0</visibility>
				<description>Located in Vatican City</description>
				<LookAt>
					<longitude>12.45863229278517</longitude>
					<latitude>41.90238356414683</latitude>
					<altitude>0</altitude>
					<heading>-88.09821473983064</heading>
					<tilt>72.55531058146758</tilt>
					<range>545.5229608700497</range>
					<altitudeMode>relativeToGround</altitudeMode>
				</LookAt>
				<styleUrl>#sn_noicon</styleUrl>
				<Point>
					<coordinates>12.45863229278517,41.90238356414683,0</coordinates>
				</Point>
			</Placemark>
			<Placemark id="london">
				<name>The London Eye</name>
				<visibility>0</visibility>
				<description>Located in London, England</description>
				<LookAt>
					<longitude>-0.1208037863755851</longitude>
					<latitude>51.50295856070689</latitude>
					<altitude>0</altitude>
					<heading>-119.6219029975624</heading>
					<tilt>54.36628262074456</tilt>
					<range>667.3903819080039</range>
					<altitudeMode>relativeToGround</altitudeMode>
				</LookAt>
				<styleUrl>#sn_noicon</styleUrl>
				<Point>
					<coordinates>-0.1208037863755851,51.50295856070689,0</coordinates>
				</Point>
			</Placemark>
			<Placemark id="titanic">
				<name>The Titanic</name>
				<visibility>0</visibility>
				<description>Located in the North Atlantic Ocean</description>
				<LookAt>
					<longitude>-49.94881009327763</longitude>
					<latitude>41.72834170105288</latitude>
					<altitude>0</altitude>
					<heading>46.46743078657357</heading>
					<tilt>59.42261846268553</tilt>
					<range>858.0285123602595</range>
					<gx:altitudeMode>relativeToSeaFloor</gx:altitudeMode>
				</LookAt>
				<styleUrl>#sn_noicon</styleUrl>
				<Point>
					<coordinates>-49.94881009327763,41.72834170105288,0</coordinates>
				</Point>
			</Placemark>
			<Placemark id="forbidden">
				<name>The Forbidden City</name>
				<visibility>0</visibility>
				<description>Located in China</description>
				<LookAt>
					<longitude>116.3908088768237</longitude>
					<latitude>39.91379916102216</latitude>
					<altitude>0</altitude>
					<heading>-1.138855209962087</heading>
					<tilt>63.78082439241467</tilt>
					<range>804.0076519351231</range>
					<altitudeMode>relativeToGround</altitudeMode>
				</LookAt>
				<styleUrl>#sn_noicon</styleUrl>
				<Point>
					<coordinates>116.3908088768236,39.91379916102216,0</coordinates>
				</Point>
			</Placemark>
			<Placemark id="fuji">
				<name>Mount Fuji</name>
				<visibility>0</visibility>
				<description>Located near Tokyo, Japan</description>
				<LookAt>
					<longitude>138.7818265722904</longitude>
					<latitude>35.34063009043844</latitude>
					<altitude>0</altitude>
					<heading>-62.46343745766319</heading>
					<tilt>67.6064862659656</tilt>
					<range>7131.323646428426</range>
					<altitudeMode>relativeToGround</altitudeMode>
				</LookAt>
				<styleUrl>#sn_noicon</styleUrl>
				<Point>
					<coordinates>138.7818265722904,35.34063009043844,0</coordinates>
				</Point>
			</Placemark>
			<Placemark id="google">
				<name>Google Headquarters</name>
				<visibility>0</visibility>
				<description>Located in Mountain View, California</description>
				<LookAt>
					<longitude>-122.0857031353512</longitude>
					<latitude>37.42169546752972</latitude>
					<altitude>0</altitude>
					<heading>51.91673446364886</heading>
					<tilt>50.75900171660835</tilt>
					<range>232.1878066927673</range>
					<altitudeMode>relativeToGround</altitudeMode>
				</LookAt>
				<styleUrl>#sn_noicon</styleUrl>
				<Point>
					<coordinates>-122.0857031353512,37.42169546752972,0</coordinates>
				</Point>
			</Placemark>
		</Folder>
		<Folder>
			<name>Longyear-Svalbard</name>
			<visibility>0</visibility>
			<Placemark id="ArcticWorldArchive">
				<name>Arctic World Archive</name>
				<visibility>0</visibility>
				<description>Github storage</description>
				<LookAt>
					<longitude>15.44699990639799</longitude>
					<latitude>78.23796392891693</latitude>
					<altitude>0</altitude>
					<heading>52.37069499946794</heading>
					<tilt>48.45281111942412</tilt>
					<range>182.041010911791</range>
					<gx:altitudeMode>relativeToSeaFloor</gx:altitudeMode>
				</LookAt>
				<styleUrl>#m_ylw-pushpin1</styleUrl>
				<Point>
					<gx:drawOrder>1</gx:drawOrder>
					<coordinates>15.44699990639799,78.23796392891693,0</coordinates>
				</Point>
			</Placemark>
			<Placemark id="SvalbardSatellitestation">
				<name>Svalbard Satellite station</name>
				<visibility>0</visibility>
				<description>On plateau above location of fiber optic cable connection coming from mainland Norway. Probably  fiber-optic linked to Arctic World Archive.</description>
				<LookAt>
					<longitude>15.40009504735395</longitude>
					<latitude>78.22924673569396</latitude>
					<altitude>0</altitude>
					<heading>-7.565040228966761</heading>
					<tilt>18.8390810352561</tilt>
					<range>1855.759389119547</range>
					<gx:altitudeMode>relativeToSeaFloor</gx:altitudeMode>
				</LookAt>
				<styleUrl>#m_ylw-pushpin2</styleUrl>
				<Point>
					<gx:drawOrder>1</gx:drawOrder>
					<coordinates>15.40009504735396,78.22924673569398,0</coordinates>
				</Point>
			</Placemark>
			<Placemark id="SvalbardGlobalSeedVault">
				<name>Svalbard Global Seed Vault</name>
				<visibility>0</visibility>
				<description>Retrieval vault for permanent film archive; linked to cloud storage; 72-hour delay to find film (PiQL) and move to cloud archive; UNESCO</description>
				<LookAt>
					<longitude>15.48989754501646</longitude>
					<latitude>78.23601510030291</latitude>
					<altitude>0</altitude>
					<heading>-157.0205349133646</heading>
					<tilt>67.42969142416322</tilt>
					<range>113.9874520210757</range>
					<gx:altitudeMode>relativeToSeaFloor</gx:altitudeMode>
				</LookAt>
				<styleUrl>#m_ylw-pushpin2</styleUrl>
				<Point>
					<altitudeMode>relativeToGround</altitudeMode>
					<gx:drawOrder>1</gx:drawOrder>
					<coordinates>15.49121324533805,78.23583782444564,2.010245795608578</coordinates>
				</Point>
			</Placemark>
			<Placemark id="Longyearbyen">
				<name>Longyearbyen</name>
				<visibility>0</visibility>
				<description>Site of government; newspaper; school; Radisson Blue;</description>
				<LookAt>
					<longitude>15.63441450388172</longitude>
					<latitude>78.21856158989924</latitude>
					<altitude>0</altitude>
					<heading>-7.341939119893499</heading>
					<tilt>56.44900159768034</tilt>
					<range>2434.814605592575</range>
					<gx:altitudeMode>relativeToSeaFloor</gx:altitudeMode>
				</LookAt>
				<styleUrl>#m_ylw-pushpin2</styleUrl>
				<Point>
					<gx:drawOrder>1</gx:drawOrder>
					<coordinates>15.63441450388172,78.21856158989924,0</coordinates>
				</Point>
			</Placemark>
			<Placemark id="Propertyforsale">
				<name>Property for sale</name>
				<visibility>0</visibility>
				<description>$300 million, and it&apos;s yours</description>
				<LookAt>
					<longitude>14.80169158202711</longitude>
					<latitude>77.52241642860497</latitude>
					<altitude>0</altitude>
					<heading>-8.051840515503564</heading>
					<tilt>63.97358281225853</tilt>
					<range>25389.99604103054</range>
					<gx:altitudeMode>relativeToSeaFloor</gx:altitudeMode>
				</LookAt>
				<styleUrl>#m_ylw-pushpin2</styleUrl>
				<Point>
					<gx:drawOrder>1</gx:drawOrder>
					<coordinates>14.70782900339174,77.48809081820238,0</coordinates>
				</Point>
			</Placemark>
			<gx:Tour>
				<name>Svalbard</name>
				<visibility>0</visibility>
				<description>Property for sale; government; Arctic World Archive; Seed Archive.</description>
				<gx:Playlist>
					<gx:AnimatedUpdate>
						<Update>
							<targetHref></targetHref>
							<Change><Placemark targetId="VanMijenfjorden"><gx:balloonVisibility>1</gx:balloonVisibility></Placemark></Change>
						</Update>
					</gx:AnimatedUpdate>
					<gx:AnimatedUpdate>
						<Update>
							<targetHref></targetHref>
							<Change><Placemark targetId="Bellsund"><gx:balloonVisibility>1</gx:balloonVisibility></Placemark></Change>
						</Update>
					</gx:AnimatedUpdate>
					<gx:AnimatedUpdate>
						<Update>
							<targetHref></targetHref>
							<Change><Placemark targetId="VanKeulenfjorden"><gx:balloonVisibility>1</gx:balloonVisibility></Placemark></Change>
						</Update>
					</gx:AnimatedUpdate>
					<gx:AnimatedUpdate>
						<Update>
							<targetHref></targetHref>
							<Change><Placemark targetId="Propertyforsale"><gx:balloonVisibility>0</gx:balloonVisibility></Placemark></Change>
						</Update>
					</gx:AnimatedUpdate>
					<gx:AnimatedUpdate>
						<Update>
							<targetHref></targetHref>
							<Change><Placemark targetId="SvalbardSatellitestation"><gx:balloonVisibility>0</gx:balloonVisibility></Placemark></Change>
						</Update>
					</gx:AnimatedUpdate>
					<gx:AnimatedUpdate>
						<Update>
							<targetHref></targetHref>
							<Change><Placemark targetId="ArcticWorldArchive"><gx:balloonVisibility>0</gx:balloonVisibility></Placemark></Change>
						</Update>
					</gx:AnimatedUpdate>
					<gx:AnimatedUpdate>
						<Update>
							<targetHref></targetHref>
							<Change><Placemark targetId="Longyearbyen"><gx:balloonVisibility>0</gx:balloonVisibility></Placemark></Change>
						</Update>
					</gx:AnimatedUpdate>
					<gx:AnimatedUpdate>
						<Update>
							<targetHref></targetHref>
							<Change><Placemark targetId="SvalbardGlobalSeedVault"><gx:balloonVisibility>1</gx:balloonVisibility></Placemark></Change>
						</Update>
					</gx:AnimatedUpdate>
					<gx:FlyTo>
						<LookAt>
							<gx:horizFov>59.99999999999999</gx:horizFov>
							<longitude>14.67278524927554</longitude>
							<latitude>77.55247563594287</latitude>
							<altitude>0</altitude>
							<heading>-8.177655295808183</heading>
							<tilt>63.94166775585452</tilt>
							<range>21429.13532814539</range>
							<gx:altitudeMode>relativeToSeaFloor</gx:altitudeMode>
						</LookAt>
					</gx:FlyTo>
					<gx:Wait><gx:duration>15.95065200000045</gx:duration>
</gx:Wait>
					<gx:AnimatedUpdate>
						<Update>
							<targetHref></targetHref>
							<Change><Placemark targetId="SvalbardGlobalSeedVault"><gx:balloonVisibility>0</gx:balloonVisibility></Placemark></Change>
						</Update>
					</gx:AnimatedUpdate>
					<gx:Wait><gx:duration>0.001375999999254418</gx:duration>
</gx:Wait>
					<gx:AnimatedUpdate>
						<Update>
							<targetHref></targetHref>
							<Change><Placemark targetId="Longyearbyen"><gx:balloonVisibility>1</gx:balloonVisibility></Placemark></Change>
						</Update>
					</gx:AnimatedUpdate>
					<gx:Wait><gx:duration>0.9593899999999849</gx:duration>
</gx:Wait>
					<gx:FlyTo>
						<gx:duration>0.2252049999997325</gx:duration>
						<gx:flyToMode>smooth</gx:flyToMode>
						<LookAt>
							<gx:horizFov>59.99999999999999</gx:horizFov>
							<longitude>14.67665889749125</longitude>
							<latitude>77.5555016299073</latitude>
							<altitude>0</altitude>
							<heading>-8.174450043889797</heading>
							<tilt>63.90987456138922</tilt>
							<range>26205.15895122348</range>
							<gx:altitudeMode>relativeToSeaFloor</gx:altitudeMode>
						</LookAt>
					</gx:FlyTo>
					<gx:FlyTo>
						<gx:duration>0.234798999999839</gx:duration>
						<gx:flyToMode>smooth</gx:flyToMode>
						<LookAt>
							<gx:horizFov>59.99999999999999</gx:horizFov>
							<longitude>14.68949509132099</longitude>
							<latitude>77.56532368599989</latitude>
							<altitude>0</altitude>
							<heading>-8.163807854435721</heading>
							<tilt>63.80516997230343</tilt>
							<range>32833.4688814188</range>
							<gx:altitudeMode>relativeToSeaFloor</gx:altitudeMode>
						</LookAt>
					</gx:FlyTo>
					<gx:FlyTo>
						<gx:duration>0.1723770000007789</gx:duration>
						<gx:flyToMode>smooth</gx:flyToMode>
						<LookAt>
							<gx:horizFov>59.99999999999999</gx:horizFov>
							<longitude>14.70429353020267</longitude>
							<latitude>77.57648145732313</latitude>
							<altitude>0</altitude>
							<heading>-8.151514329288654</heading>
							<tilt>63.68501944154238</tilt>
							<range>37976.9229240607</range>
							<gx:altitudeMode>relativeToSeaFloor</gx:altitudeMode>
						</LookAt>
					</gx:FlyTo>
					<gx:FlyTo>
						<gx:duration>0.2729529999996885</gx:duration>
						<gx:flyToMode>smooth</gx:flyToMode>
						<LookAt>
							<gx:horizFov>59.99999999999999</gx:horizFov>
							<longitude>14.73694421585758</longitude>
							<latitude>77.59950825640261</latitude>
							<altitude>0</altitude>
							<heading>-8.124237470330641</heading>
							<tilt>63.42483248877747</tilt>
							<range>46044.31042484561</range>
							<gx:altitudeMode>relativeToSeaFloor</gx:altitudeMode>
						</LookAt>
					</gx:FlyTo>
					<gx:FlyTo>
						<gx:duration>0.2098500000001877</gx:duration>
						<gx:flyToMode>smooth</gx:flyToMode>
						<LookAt>
							<gx:horizFov>59.99999999999999</gx:horizFov>
							<longitude>14.76873406409765</longitude>
							<latitude>77.62008504669927</latitude>
							<altitude>0</altitude>
							<heading>-8.097497722080639</heading>
							<tilt>63.17719593646069</tilt>
							<range>51713.8283135774</range>
							<gx:altitudeMode>relativeToSeaFloor</gx:altitudeMode>
						</LookAt>
					</gx:FlyTo>
					<gx:FlyTo>
						<gx:duration>0.2237939999995433</gx:duration>
						<gx:flyToMode>smooth</gx:flyToMode>
						<LookAt>
							<gx:horizFov>59.99999999999999</gx:horizFov>
							<longitude>14.81037118419678</longitude>
							<latitude>77.64324841000588</latitude>
							<altitude>0</altitude>
							<heading>-8.062146819732737</heading>
							<tilt>62.86426147053765</tilt>
							<range>57008.96472419532</range>
							<gx:altitudeMode>relativeToSeaFloor</gx:altitudeMode>
						</LookAt>
					</gx:FlyTo>
					<gx:FlyTo>
						<gx:duration>0.2320639999998093</gx:duration>
						<gx:flyToMode>smooth</gx:flyToMode>
						<LookAt>
							<gx:horizFov>59.99999999999999</gx:horizFov>
							<longitude>14.85355228303451</longitude>
							<latitude>77.67924547568356</latitude>
							<altitude>0</altitude>
							<heading>-8.026101001470261</heading>
							<tilt>62.5054371745584</tilt>
							<range>62857.26713404203</range>
							<gx:altitudeMode>relativeToSeaFloor</gx:altitudeMode>
						</LookAt>
					</gx:FlyTo>
					<gx:FlyTo>
						<gx:duration>0.2107699999996839</gx:duration>
						<gx:flyToMode>smooth</gx:flyToMode>
						<LookAt>
							<gx:horizFov>59.99999999999999</gx:horizFov>
							<longitude>14.89806180095447</longitude>
							<latitude>77.71264820411301</latitude>
							<altitude>0</altitude>
							<heading>-7.988563684057957</heading>
							<tilt>62.14738474649192</tilt>
							<range>67137.24596778408</range>
							<gx:altitudeMode>relativeToSeaFloor</gx:altitudeMode>
						</LookAt>
					</gx:FlyTo>
					<gx:FlyTo>
						<gx:duration>0.2208600000003571</gx:duration>
						<gx:flyToMode>smooth</gx:flyToMode>
						<LookAt>
							<gx:horizFov>59.99999999999999</gx:horizFov>
							<longitude>14.94801870543323</longitude>
							<latitude>77.74857612626907</latitude>
							<altitude>0</altitude>
							<heading>-7.946175459772462</heading>
							<tilt>61.75057520674436</tilt>
							<range>70559.43022353889</range>
							<gx:altitudeMode>relativeToSeaFloor</gx:altitudeMode>
						</LookAt>
					</gx:FlyTo>
					<gx:FlyTo>
						<gx:duration>0.2414429999998902</gx:duration>
						<gx:flyToMode>smooth</gx:flyToMode>
						<LookAt>
							<gx:horizFov>59.99999999999999</gx:horizFov>
							<longitude>15.00770652589666</longitude>
							<latitude>77.78780157367737</latitude>
							<altitude>0</altitude>
							<heading>-7.895083061667665</heading>
							<tilt>61.28811604709043</tilt>
							<range>72850.45656008774</range>
							<gx:altitudeMode>relativeToSeaFloor</gx:altitudeMode>
						</LookAt>
					</gx:FlyTo>
					<gx:FlyTo>
						<gx:duration>0.2342650000009598</gx:duration>
						<gx:flyToMode>smooth</gx:flyToMode>
						<LookAt>
							<gx:horizFov>59.99999999999999</gx:horizFov>
							<longitude>15.06666951078061</longitude>
							<latitude>77.82552642042087</latitude>
							<altitude>0</altitude>
							<heading>-7.844303681963936</heading>
							<tilt>60.83520598293423</tilt>
							<range>73712.3285600674</range>
							<gx:altitudeMode>relativeToSeaFloor</gx:altitudeMode>
						</LookAt>
					</gx:FlyTo>
					<gx:FlyTo>
						<gx:duration>0.1897340000004988</gx:duration>
						<gx:flyToMode>smooth</gx:flyToMode>
						<LookAt>
							<gx:horizFov>59.99999999999999</gx:horizFov>
							<longitude>15.11300470649268</longitude>
							<latitude>77.85899887431275</latitude>
							<altitude>0</altitude>
							<heading>-7.804414053434654</heading>
							<tilt>60.46928545295853</tilt>
							<range>73873.18597751315</range>
							<gx:altitudeMode>relativeToSeaFloor</gx:altitudeMode>
						</LookAt>
					</gx:FlyTo>
					<gx:FlyTo>
						<gx:duration>0.2401879999997618</gx:duration>
						<gx:flyToMode>smooth</gx:flyToMode>
						<LookAt>
							<gx:horizFov>59.99999999999999</gx:horizFov>
							<longitude>15.18049004311544</longitude>
							<latitude>77.90138775861149</latitude>
							<altitude>0</altitude>
							<heading>-7.74569397633808</heading>
							<tilt>59.95541059085321</tilt>
							<range>72245.58148431937</range>
							<gx:altitudeMode>relativeToSeaFloor</gx:altitudeMode>
						</LookAt>
					</gx:FlyTo>
					<gx:FlyTo>
						<gx:duration>0.2268589999994219</gx:duration>
						<gx:flyToMode>smooth</gx:flyToMode>
						<LookAt>
							<gx:horizFov>59.99999999999999</gx:horizFov>
							<longitude>15.24029482526768</longitude>
							<latitude>77.94101637714739</latitude>
							<altitude>0</altitude>
							<heading>-7.693458652450346</heading>
							<tilt>59.49540352370285</tilt>
							<range>69688.18527109502</range>
							<gx:altitudeMode>relativeToSeaFloor</gx:altitudeMode>
						</LookAt>
					</gx:FlyTo>
					<gx:FlyTo>
						<gx:duration>0.2147679999998218</gx:duration>
						<gx:flyToMode>smooth</gx:flyToMode>
						<LookAt>
							<gx:horizFov>59.99999999999999</gx:horizFov>
							<longitude>15.29192522605868</longitude>
							<latitude>77.98297321225257</latitude>
							<altitude>0</altitude>
							<heading>-7.648468785451315</heading>
							<tilt>59.07783128762684</tilt>
							<range>66943.47093603559</range>
							<gx:altitudeMode>relativeToSeaFloor</gx:altitudeMode>
						</LookAt>
					</gx:FlyTo>
					<gx:FlyTo>
						<gx:duration>0.2361199999995733</gx:duration>
						<gx:flyToMode>smooth</gx:flyToMode>
						<LookAt>
							<gx:horizFov>59.99999999999999</gx:horizFov>
							<longitude>15.35120481046432</longitude>
							<latitude>78.02091537532407</latitude>
							<altitude>0</altitude>
							<heading>-7.596068980793473</heading>
							<tilt>58.62775017082433</tilt>
							<range>61929.38162162379</range>
							<gx:altitudeMode>relativeToSeaFloor</gx:altitudeMode>
						</LookAt>
					</gx:FlyTo>
					<gx:FlyTo>
						<gx:duration>0.2245190000003277</gx:duration>
						<gx:flyToMode>smooth</gx:flyToMode>
						<LookAt>
							<gx:horizFov>59.99999999999999</gx:horizFov>
							<longitude>15.40354594460467</longitude>
							<latitude>78.05747763106577</latitude>
							<altitude>0</altitude>
							<heading>-7.549675561506954</heading>
							<tilt>58.2229039403472</tilt>
							<range>56487.27864798594</range>
							<gx:altitudeMode>relativeToSeaFloor</gx:altitudeMode>
						</LookAt>
					</gx:FlyTo>
					<gx:FlyTo>
						<gx:duration>0.2177320000009786</gx:duration>
						<gx:flyToMode>smooth</gx:flyToMode>
						<LookAt>
							<gx:horizFov>59.99999999999999</gx:horizFov>
							<longitude>15.45369414566854</longitude>
							<latitude>78.08703573333429</latitude>
							<altitude>0</altitude>
							<heading>-7.504783356428062</heading>
							<tilt>57.85071644779102</tilt>
							<range>49908.18409109708</range>
							<gx:altitudeMode>relativeToSeaFloor</gx:altitudeMode>
						</LookAt>
					</gx:FlyTo>
					<gx:FlyTo>
						<gx:duration>0.2280099999989034</gx:duration>
						<gx:flyToMode>smooth</gx:flyToMode>
						<LookAt>
							<gx:horizFov>59.99999999999999</gx:horizFov>
							<longitude>15.50127409256688</longitude>
							<latitude>78.1154414330481</latitude>
							<altitude>0</altitude>
							<heading>-7.462005189225284</heading>
							<tilt>57.49725816402716</tilt>
							<range>42484.92850960287</range>
							<gx:altitudeMode>relativeToSeaFloor</gx:altitudeMode>
						</LookAt>
					</gx:FlyTo>
					<gx:FlyTo>
						<gx:duration>0.2302490000001853</gx:duration>
						<gx:flyToMode>smooth</gx:flyToMode>
						<LookAt>
							<gx:horizFov>59.99999999999999</gx:horizFov>
							<longitude>15.54003716954823</longitude>
							<latitude>78.1472960499698</latitude>
							<altitude>0</altitude>
							<heading>-7.427304136447314</heading>
							<tilt>57.18642730556451</tilt>
							<range>35366.99380648692</range>
							<gx:altitudeMode>relativeToSeaFloor</gx:altitudeMode>
						</LookAt>
					</gx:FlyTo>
					<gx:FlyTo>
						<gx:duration>0.2047710000006191</gx:duration>
						<gx:flyToMode>smooth</gx:flyToMode>
						<LookAt>
							<gx:horizFov>59.99999999999999</gx:horizFov>
							<longitude>15.57372426317917</longitude>
							<latitude>78.16348180646615</latitude>
							<altitude>0</altitude>
							<heading>-7.396640410846364</heading>
							<tilt>56.9474993916606</tilt>
							<range>27930.20639387609</range>
							<gx:altitudeMode>relativeToSeaFloor</gx:altitudeMode>
						</LookAt>
					</gx:FlyTo>
					<gx:FlyTo>
						<gx:duration>0.2246660000000702</gx:duration>
						<gx:flyToMode>smooth</gx:flyToMode>
						<LookAt>
							<gx:horizFov>59.99999999999999</gx:horizFov>
							<longitude>15.60136567552171</longitude>
							<latitude>78.18567857751344</latitude>
							<altitude>0</altitude>
							<heading>-7.371691178459856</heading>
							<tilt>56.72791986549393</tilt>
							<range>20340.55283028223</range>
							<gx:altitudeMode>relativeToSeaFloor</gx:altitudeMode>
						</LookAt>
					</gx:FlyTo>
					<gx:FlyTo>
						<gx:duration>0.2178519999997661</gx:duration>
						<gx:flyToMode>smooth</gx:flyToMode>
						<LookAt>
							<gx:horizFov>59.99999999999999</gx:horizFov>
							<longitude>15.61821642416451</longitude>
							<latitude>78.19952703093794</latitude>
							<altitude>0</altitude>
							<heading>-7.356450054715543</heading>
							<tilt>56.59337576696226</tilt>
							<range>14374.4865674399</range>
							<gx:altitudeMode>relativeToSeaFloor</gx:altitudeMode>
						</LookAt>
					</gx:FlyTo>
					<gx:FlyTo>
						<gx:duration>0.2277820000008433</gx:duration>
						<gx:flyToMode>smooth</gx:flyToMode>
						<LookAt>
							<gx:horizFov>59.99999999999999</gx:horizFov>
							<longitude>15.62602663529076</longitude>
							<latitude>78.20938443620868</latitude>
							<altitude>0</altitude>
							<heading>-7.349478633353621</heading>
							<tilt>56.5219411234693</tilt>
							<range>10421.02936690821</range>
							<gx:altitudeMode>relativeToSeaFloor</gx:altitudeMode>
						</LookAt>
					</gx:FlyTo>
					<gx:FlyTo>
						<gx:duration>0.2239159999999174</gx:duration>
						<gx:flyToMode>smooth</gx:flyToMode>
						<LookAt>
							<gx:horizFov>59.99999999999999</gx:horizFov>
							<longitude>15.63009458943266</longitude>
							<latitude>78.21387209615344</latitude>
							<altitude>0</altitude>
							<heading>-7.345824470328591</heading>
							<tilt>56.48646324203015</tilt>
							<range>7792.628513898168</range>
							<gx:altitudeMode>relativeToSeaFloor</gx:altitudeMode>
						</LookAt>
					</gx:FlyTo>
					<gx:FlyTo>
						<gx:duration>0.2175250000000233</gx:duration>
						<gx:flyToMode>smooth</gx:flyToMode>
						<LookAt>
							<gx:horizFov>59.99999999999999</gx:horizFov>
							<longitude>15.6320259287031</longitude>
							<latitude>78.21637705374724</latitude>
							<altitude>0</altitude>
							<heading>-7.344099901385478</heading>
							<tilt>56.46863163158739</tilt>
							<range>6075.148243539138</range>
							<gx:altitudeMode>relativeToSeaFloor</gx:altitudeMode>
						</LookAt>
					</gx:FlyTo>
					<gx:FlyTo>
						<gx:duration>0.2194830000007642</gx:duration>
						<gx:flyToMode>smooth</gx:flyToMode>
						<LookAt>
							<gx:horizFov>59.99999999999999</gx:horizFov>
							<longitude>15.63317593253882</longitude>
							<latitude>78.21745144157811</latitude>
							<altitude>0</altitude>
							<heading>-7.343060351119823</heading>
							<tilt>56.45911963912058</tilt>
							<range>4874.74349473983</range>
							<gx:altitudeMode>relativeToSeaFloor</gx:altitudeMode>
						</LookAt>
					</gx:FlyTo>
					<gx:FlyTo>
						<gx:duration>0.2137859999993452</gx:duration>
						<gx:flyToMode>smooth</gx:flyToMode>
						<LookAt>
							<gx:horizFov>59.99999999999999</gx:horizFov>
							<longitude>15.63377663647577</longitude>
							<latitude>78.2179714855654</latitude>
							<altitude>0</altitude>
							<heading>-7.342516025009036</heading>
							<tilt>56.45426129182977</tilt>
							<range>4079.907607180714</range>
							<gx:altitudeMode>relativeToSeaFloor</gx:altitudeMode>
						</LookAt>
					</gx:FlyTo>
					<gx:FlyTo>
						<gx:duration>0.2312949999995908</gx:duration>
						<gx:flyToMode>smooth</gx:flyToMode>
						<LookAt>
							<gx:horizFov>59.99999999999999</gx:horizFov>
							<longitude>15.6341050979584</longitude>
							<latitude>78.21825584041284</latitude>
							<altitude>0</altitude>
							<heading>-7.342218393030454</heading>
							<tilt>56.45160419927934</tilt>
							<range>3513.336701737081</range>
							<gx:altitudeMode>relativeToSeaFloor</gx:altitudeMode>
						</LookAt>
					</gx:FlyTo>
					<gx:FlyTo>
						<gx:duration>0.203483000000233</gx:duration>
						<gx:flyToMode>smooth</gx:flyToMode>
						<LookAt>
							<gx:horizFov>59.99999999999999</gx:horizFov>
							<longitude>15.634250053687</longitude>
							<latitude>78.21839481085158</latitude>
							<altitude>0</altitude>
							<heading>-7.342087412527907</heading>
							<tilt>56.45039672811876</tilt>
							<range>3176.780752125511</range>
							<gx:altitudeMode>relativeToSeaFloor</gx:altitudeMode>
						</LookAt>
					</gx:FlyTo>
					<gx:FlyTo>
						<gx:duration>0.2255009999998947</gx:duration>
						<gx:flyToMode>smooth</gx:flyToMode>
						<LookAt>
							<gx:horizFov>59.99999999999999</gx:horizFov>
							<longitude>15.63433201387536</longitude>
							<latitude>78.21847707966074</latitude>
							<altitude>0</altitude>
							<heading>-7.342013493635744</heading>
							<tilt>56.44970323963994</tilt>
							<range>2926.037601679202</range>
							<gx:altitudeMode>relativeToSeaFloor</gx:altitudeMode>
						</LookAt>
					</gx:FlyTo>
					<gx:FlyTo>
						<gx:duration>0.2315549999993891</gx:duration>
						<gx:flyToMode>smooth</gx:flyToMode>
						<LookAt>
							<gx:horizFov>59.99999999999999</gx:horizFov>
							<longitude>15.63437452437524</longitude>
							<latitude>78.21851833560314</latitude>
							<altitude>0</altitude>
							<heading>-7.341975089111148</heading>
							<tilt>56.44934801040309</tilt>
							<range>2756.971600329151</range>
							<gx:altitudeMode>relativeToSeaFloor</gx:altitudeMode>
						</LookAt>
					</gx:FlyTo>
					<gx:FlyTo>
						<gx:duration>0.2172339999997348</gx:duration>
						<gx:flyToMode>smooth</gx:flyToMode>
						<LookAt>
							<gx:horizFov>59.99999999999999</gx:horizFov>
							<longitude>15.6343944303305</longitude>
							<latitude>78.21853812561935</latitude>
							<altitude>0</altitude>
							<heading>-7.341957134861774</heading>
							<tilt>56.44917994101571</tilt>
							<range>2651.759057683391</range>
							<gx:altitudeMode>relativeToSeaFloor</gx:altitudeMode>
						</LookAt>
					</gx:FlyTo>
					<gx:FlyTo>
						<gx:duration>0.2140479999998206</gx:duration>
						<gx:flyToMode>smooth</gx:flyToMode>
						<LookAt>
							<gx:horizFov>59.99999999999999</gx:horizFov>
							<longitude>15.63440470758237</longitude>
							<latitude>78.21854846835191</latitude>
							<altitude>0</altitude>
							<heading>-7.341947854797166</heading>
							<tilt>56.44909328689872</tilt>
							<range>2581.151664175863</range>
							<gx:altitudeMode>relativeToSeaFloor</gx:altitudeMode>
						</LookAt>
					</gx:FlyTo>
					<gx:FlyTo>
						<gx:duration>0.21813899999961</gx:duration>
						<gx:flyToMode>smooth</gx:flyToMode>
						<LookAt>
							<gx:horizFov>59.99999999999999</gx:horizFov>
							<longitude>15.63440987828122</longitude>
							<latitude>78.21855408572117</latitude>
							<altitude>0</altitude>
							<heading>-7.341943212289701</heading>
							<tilt>56.449048141269</tilt>
							<range>2533.108340153301</range>
							<gx:altitudeMode>relativeToSeaFloor</gx:altitudeMode>
						</LookAt>
					</gx:FlyTo>
					<gx:FlyTo>
						<gx:duration>0.2188060000007681</gx:duration>
						<gx:flyToMode>smooth</gx:flyToMode>
						<LookAt>
							<gx:horizFov>59.99999999999999</gx:horizFov>
							<longitude>15.63441244326948</longitude>
							<latitude>78.21855721349054</latitude>
							<altitude>0</altitude>
							<heading>-7.341940913792968</heading>
							<tilt>56.4490250221513</tilt>
							<range>2500.74777333504</range>
							<gx:altitudeMode>relativeToSeaFloor</gx:altitudeMode>
						</LookAt>
					</gx:FlyTo>
					<gx:FlyTo>
						<gx:duration>0.2311899999995148</gx:duration>
						<gx:flyToMode>smooth</gx:flyToMode>
						<LookAt>
							<gx:horizFov>59.99999999999999</gx:horizFov>
							<longitude>15.6344137287212</longitude>
							<latitude>78.21855908630293</latitude>
							<altitude>0</altitude>
							<heading>-7.341939763531808</heading>
							<tilt>56.44901286332185</tilt>
							<range>2478.057359243027</range>
							<gx:altitudeMode>relativeToSeaFloor</gx:altitudeMode>
						</LookAt>
					</gx:FlyTo>
					<gx:FlyTo>
						<gx:duration>0.2981680000002598</gx:duration>
						<gx:flyToMode>smooth</gx:flyToMode>
						<LookAt>
							<gx:horizFov>59.99999999999999</gx:horizFov>
							<longitude>15.63441419361627</longitude>
							<latitude>78.21855995336463</latitude>
							<altitude>0</altitude>
							<heading>-7.341939369007427</heading>
							<tilt>56.44900745913568</tilt>
							<range>2464.830060367079</range>
							<gx:altitudeMode>relativeToSeaFloor</gx:altitudeMode>
						</LookAt>
					</gx:FlyTo>
					<gx:FlyTo>
						<gx:duration>0.1240260000004128</gx:duration>
						<gx:flyToMode>smooth</gx:flyToMode>
						<LookAt>
							<gx:horizFov>59.99999999999999</gx:horizFov>
							<longitude>15.63441451438326</longitude>
							<latitude>78.21856060453047</latitude>
							<altitude>0</altitude>
							<heading>-7.34193907759829</heading>
							<tilt>56.44900425095633</tilt>
							<range>2454.266273659551</range>
							<gx:altitudeMode>relativeToSeaFloor</gx:altitudeMode>
						</LookAt>
					</gx:FlyTo>
					<gx:FlyTo>
						<gx:duration>0.2021810000005644</gx:duration>
						<gx:flyToMode>smooth</gx:flyToMode>
						<LookAt>
							<gx:horizFov>59.99999999999999</gx:horizFov>
							<longitude>15.63441458028317</longitude>
							<latitude>78.21856094126308</latitude>
							<altitude>0</altitude>
							<heading>-7.341939030912641</heading>
							<tilt>56.44900282642351</tilt>
							<range>2447.889139651319</range>
							<gx:altitudeMode>relativeToSeaFloor</gx:altitudeMode>
						</LookAt>
					</gx:FlyTo>
					<gx:FlyTo>
						<gx:duration>0.1845430000003034</gx:duration>
						<gx:flyToMode>smooth</gx:flyToMode>
						<LookAt>
							<gx:horizFov>59.99999999999999</gx:horizFov>
							<longitude>15.63441462619162</longitude>
							<latitude>78.21856120612125</latitude>
							<altitude>0</altitude>
							<heading>-7.341938987020019</heading>
							<tilt>56.44900214418212</tilt>
							<range>2443.403475653441</range>
							<gx:altitudeMode>relativeToSeaFloor</gx:altitudeMode>
						</LookAt>
					</gx:FlyTo>
					<gx:FlyTo>
						<gx:duration>0.1152489999994941</gx:duration>
						<gx:flyToMode>smooth</gx:flyToMode>
						<LookAt>
							<gx:horizFov>59.99999999999999</gx:horizFov>
							<longitude>15.63441462056071</longitude>
							<latitude>78.21856131593587</latitude>
							<altitude>0</altitude>
							<heading>-7.341938997504102</heading>
							<tilt>56.44900182299211</tilt>
							<range>2440.729614223261</range>
							<gx:altitudeMode>relativeToSeaFloor</gx:altitudeMode>
						</LookAt>
					</gx:FlyTo>
					<gx:FlyTo>
						<gx:duration>0.08300700000017969</gx:duration>
						<gx:flyToMode>smooth</gx:flyToMode>
						<LookAt>
							<gx:horizFov>59.99999999999999</gx:horizFov>
							<longitude>15.63441458930171</longitude>
							<latitude>78.21856135527209</latitude>
							<altitude>0</altitude>
							<heading>-7.34193903607856</heading>
							<tilt>56.44900163660577</tilt>
							<range>2438.930653169338</range>
							<gx:altitudeMode>relativeToSeaFloor</gx:altitudeMode>
						</LookAt>
					</gx:FlyTo>
					<gx:FlyTo>
						<gx:duration>0.06647900000007212</gx:duration>
						<gx:flyToMode>smooth</gx:flyToMode>
						<LookAt>
							<gx:horizFov>59.99999999999999</gx:horizFov>
							<longitude>15.63441456771922</longitude>
							<latitude>78.21856144946049</latitude>
							<altitude>0</altitude>
							<heading>-7.341939056280741</heading>
							<tilt>56.4490015982803</tilt>
							<range>2437.585799242546</range>
							<gx:altitudeMode>relativeToSeaFloor</gx:altitudeMode>
						</LookAt>
					</gx:FlyTo>
					<gx:FlyTo>
						<gx:duration>0.04989600000044447</gx:duration>
						<gx:flyToMode>smooth</gx:flyToMode>
						<LookAt>
							<gx:horizFov>59.99999999999999</gx:horizFov>
							<longitude>15.63441456740631</longitude>
							<latitude>78.21856153539191</latitude>
							<altitude>0</altitude>
							<heading>-7.341939051573066</heading>
							<tilt>56.44900161267806</tilt>
							<range>2436.645176437615</range>
							<gx:altitudeMode>relativeToSeaFloor</gx:altitudeMode>
						</LookAt>
					</gx:FlyTo>
					<gx:FlyTo>
						<gx:duration>0.03315800000018498</gx:duration>
						<gx:flyToMode>smooth</gx:flyToMode>
						<LookAt>
							<gx:horizFov>59.99999999999999</gx:horizFov>
							<longitude>15.63441452829389</longitude>
							<latitude>78.21856151021677</latitude>
							<altitude>0</altitude>
							<heading>-7.341939098306804</heading>
							<tilt>56.44900155502524</tilt>
							<range>2436.051550559542</range>
							<gx:altitudeMode>relativeToSeaFloor</gx:altitudeMode>
						</LookAt>
					</gx:FlyTo>
					<gx:FlyTo>
						<gx:duration>0.01651200000105746</gx:duration>
						<gx:flyToMode>smooth</gx:flyToMode>
						<LookAt>
							<gx:horizFov>59.99999999999999</gx:horizFov>
							<longitude>15.63441456345219</longitude>
							<latitude>78.21856151476641</latitude>
							<altitude>0</altitude>
							<heading>-7.341939059184203</heading>
							<tilt>56.44900154582411</tilt>
							<range>2435.772035767111</range>
							<gx:altitudeMode>relativeToSeaFloor</gx:altitudeMode>
						</LookAt>
					</gx:FlyTo>
					<gx:FlyTo>
						<gx:duration>0.01670799999919836</gx:duration>
						<gx:flyToMode>smooth</gx:flyToMode>
						<LookAt>
							<gx:horizFov>59.99999999999999</gx:horizFov>
							<longitude>15.63441451657049</longitude>
							<latitude>78.21856155204152</latitude>
							<altitude>0</altitude>
							<heading>-7.341939108532468</heading>
							<tilt>56.44900157392495</tilt>
							<range>2435.509003531058</range>
							<gx:altitudeMode>relativeToSeaFloor</gx:altitudeMode>
						</LookAt>
					</gx:FlyTo>
					<gx:FlyTo>
						<gx:duration>0.01667300000099203</gx:duration>
						<gx:flyToMode>smooth</gx:flyToMode>
						<LookAt>
							<gx:horizFov>59.99999999999999</gx:horizFov>
							<longitude>15.63441452563298</longitude>
							<latitude>78.21856154066884</latitude>
							<altitude>0</altitude>
							<heading>-7.341939099639967</heading>
							<tilt>56.44900155502134</tilt>
							<range>2435.25737020724</range>
							<gx:altitudeMode>relativeToSeaFloor</gx:altitudeMode>
						</LookAt>
					</gx:FlyTo>
					<gx:FlyTo>
						<gx:duration>0.01700399999936053</gx:duration>
						<gx:flyToMode>smooth</gx:flyToMode>
						<LookAt>
							<gx:horizFov>59.99999999999999</gx:horizFov>
							<longitude>15.63441450305049</longitude>
							<latitude>78.21856161330362</latitude>
							<altitude>0</altitude>
							<heading>-7.341939118770968</heading>
							<tilt>56.44900162296636</tilt>
							<range>2435.036192147613</range>
							<gx:altitudeMode>relativeToSeaFloor</gx:altitudeMode>
						</LookAt>
					</gx:FlyTo>
					<gx:FlyTo>
						<gx:duration>0.01659999999992579</gx:duration>
						<gx:flyToMode>smooth</gx:flyToMode>
						<LookAt>
							<gx:horizFov>59.99999999999999</gx:horizFov>
							<longitude>15.63441451045279</longitude>
							<latitude>78.21856157367014</latitude>
							<altitude>0</altitude>
							<heading>-7.341939113951668</heading>
							<tilt>56.44900158148555</tilt>
							<range>2434.842557289486</range>
							<gx:altitudeMode>relativeToSeaFloor</gx:altitudeMode>
						</LookAt>
					</gx:FlyTo>
					<gx:Wait><gx:duration>0.01665400000001682</gx:duration>
</gx:Wait>
					<gx:FlyTo>
						<gx:duration>4.499999977269908e-05</gx:duration>
						<gx:flyToMode>smooth</gx:flyToMode>
						<LookAt>
							<gx:horizFov>59.99999999999999</gx:horizFov>
							<longitude>15.6344144930062</longitude>
							<latitude>78.21856159051289</latitude>
							<altitude>0</altitude>
							<heading>-7.341939131948394</heading>
							<tilt>56.44900159857273</tilt>
							<range>2434.814723767558</range>
							<gx:altitudeMode>relativeToSeaFloor</gx:altitudeMode>
						</LookAt>
					</gx:FlyTo>
					<gx:Wait><gx:duration>1.503117000000202</gx:duration>
</gx:Wait>
					<gx:AnimatedUpdate>
						<Update>
							<targetHref></targetHref>
							<Change><Placemark targetId="Longyearbyen"><gx:balloonVisibility>0</gx:balloonVisibility></Placemark></Change>
						</Update>
					</gx:AnimatedUpdate>
					<gx:Wait><gx:duration>1.599999995960388e-05</gx:duration>
</gx:Wait>
					<gx:AnimatedUpdate>
						<Update>
							<targetHref></targetHref>
							<Change><Placemark targetId="SvalbardGlobalSeedVault"><gx:balloonVisibility>1</gx:balloonVisibility></Placemark></Change>
						</Update>
					</gx:AnimatedUpdate>
					<gx:Wait><gx:duration>0.2786739999992278</gx:duration>
</gx:Wait>
					<gx:FlyTo>
						<gx:duration>0.0007459999997081468</gx:duration>
						<gx:flyToMode>smooth</gx:flyToMode>
						<LookAt>
							<gx:horizFov>59.99999999999999</gx:horizFov>
							<longitude>15.63440082630651</longitude>
							<latitude>78.21856836831559</latitude>
							<altitude>0</altitude>
							<heading>-7.353117702960898</heading>
							<tilt>56.44928089838526</tilt>
							<range>2459.923900285788</range>
							<gx:altitudeMode>relativeToSeaFloor</gx:altitudeMode>
						</LookAt>
					</gx:FlyTo>
					<gx:FlyTo>
						<gx:duration>0.2435099999993326</gx:duration>
						<gx:flyToMode>smooth</gx:flyToMode>
						<LookAt>
							<gx:horizFov>59.99999999999999</gx:horizFov>
							<longitude>15.63191095921898</longitude>
							<latitude>78.21898605511116</latitude>
							<altitude>0</altitude>
							<heading>-9.961475963297486</heading>
							<tilt>56.51869301632466</tilt>
							<range>3074.825877885145</range>
							<gx:altitudeMode>relativeToSeaFloor</gx:altitudeMode>
						</LookAt>
					</gx:FlyTo>
					<gx:FlyTo>
						<gx:duration>0.2235889999992651</gx:duration>
						<gx:flyToMode>smooth</gx:flyToMode>
						<Camera>
							<gx:horizFov>59.99999999999999</gx:horizFov>
							<longitude>15.6578836012069</longitude>
							<latitude>78.19418695675056</latitude>
							<altitude>1489.696191985449</altitude>
							<heading>-13.2591945754918</heading>
							<tilt>56.59664778768537</tilt>
							<roll>-0.634539450474064</roll>
							<gx:altitudeMode>relativeToSeaFloor</gx:altitudeMode>
						</Camera>
					</gx:FlyTo>
					<gx:FlyTo>
						<gx:duration>0.23403000000053</gx:duration>
						<gx:flyToMode>smooth</gx:flyToMode>
						<Camera>
							<gx:horizFov>59.99999999999999</gx:horizFov>
							<longitude>15.66783830171549</longitude>
							<latitude>78.19252985144171</latitude>
							<altitude>1716.881400216542</altitude>
							<heading>-17.93259844974462</heading>
							<tilt>56.76897125359465</tilt>
							<roll>-1.11773406885854</roll>
							<gx:altitudeMode>relativeToSeaFloor</gx:altitudeMode>
						</Camera>
					</gx:FlyTo>
					<gx:FlyTo>
						<gx:duration>0.2344769999999698</gx:duration>
						<gx:flyToMode>smooth</gx:flyToMode>
						<Camera>
							<gx:horizFov>59.99999999999999</gx:horizFov>
							<longitude>15.68127722363056</longitude>
							<latitude>78.19170495843038</latitude>
							<altitude>1874.523935656962</altitude>
							<heading>-23.79239363791836</heading>
							<tilt>57.03238608563585</tilt>
							<roll>-1.697089453155383</roll>
							<gx:altitudeMode>relativeToSeaFloor</gx:altitudeMode>
						</Camera>
					</gx:FlyTo>
					<gx:FlyTo>
						<gx:duration>0.225640999999996</gx:duration>
						<gx:flyToMode>smooth</gx:flyToMode>
						<Camera>
							<gx:horizFov>59.99999999999999</gx:horizFov>
							<longitude>15.6969077936308</longitude>
							<latitude>78.19199735260568</latitude>
							<altitude>2015.662762885374</altitude>
							<heading>-30.37973978321091</heading>
							<tilt>57.38823269038926</tilt>
							<roll>-2.30603704910014</roll>
							<gx:altitudeMode>relativeToSeaFloor</gx:altitudeMode>
						</Camera>
					</gx:FlyTo>
					<gx:FlyTo>
						<gx:duration>0.2064829999999347</gx:duration>
						<gx:flyToMode>smooth</gx:flyToMode>
						<Camera>
							<gx:horizFov>59.99999999999999</gx:horizFov>
							<longitude>15.71246236868531</longitude>
							<latitude>78.19338511483801</latitude>
							<altitude>2091.806410561527</altitude>
							<heading>-37.05004835041937</heading>
							<tilt>57.80879572349604</tilt>
							<roll>-2.868921206829904</roll>
							<gx:altitudeMode>relativeToSeaFloor</gx:altitudeMode>
						</Camera>
					</gx:FlyTo>
					<gx:FlyTo>
						<gx:duration>0.2295930000000226</gx:duration>
						<gx:flyToMode>smooth</gx:flyToMode>
						<Camera>
							<gx:horizFov>59.99999999999999</gx:horizFov>
							<longitude>15.72971594846328</longitude>
							<latitude>78.19632095566791</latitude>
							<altitude>2341.206520371591</altitude>
							<heading>-45.0926731285943</heading>
							<tilt>58.38924048931072</tilt>
							<roll>-3.464748392151033</roll>
							<gx:altitudeMode>relativeToSeaFloor</gx:altitudeMode>
						</Camera>
					</gx:FlyTo>
					<gx:FlyTo>
						<gx:duration>0.2238870000010138</gx:duration>
						<gx:flyToMode>smooth</gx:flyToMode>
						<Camera>
							<gx:horizFov>59.99999999999999</gx:horizFov>
							<longitude>15.7445833191371</longitude>
							<latitude>78.20061362223296</latitude>
							<altitude>2600.087746975924</altitude>
							<heading>-53.42698966711453</heading>
							<tilt>59.06484065455867</tilt>
							<roll>-3.974618422514502</roll>
							<gx:altitudeMode>relativeToSeaFloor</gx:altitudeMode>
						</Camera>
					</gx:FlyTo>
					<gx:FlyTo>
						<gx:duration>0.2171560000006139</gx:duration>
						<gx:flyToMode>smooth</gx:flyToMode>
						<Camera>
							<gx:horizFov>59.99999999999999</gx:horizFov>
							<longitude>15.75521551592447</longitude>
							<latitude>78.20599108935538</latitude>
							<altitude>2610.971110082119</altitude>
							<heading>-61.82373934016283</heading>
							<tilt>59.80846384797706</tilt>
							<roll>-4.36659736659475</roll>
							<gx:altitudeMode>relativeToSeaFloor</gx:altitudeMode>
						</Camera>
					</gx:FlyTo>
					<gx:FlyTo>
						<gx:duration>0.2257970000000569</gx:duration>
						<gx:flyToMode>smooth</gx:flyToMode>
						<Camera>
							<gx:horizFov>59.99999999999999</gx:horizFov>
							<longitude>15.76056982804702</longitude>
							<latitude>78.21261170837415</latitude>
							<altitude>2540.203563259106</altitude>
							<heading>-70.80710800519144</heading>
							<tilt>60.65676439974889</tilt>
							<roll>-4.641131833979223</roll>
							<gx:altitudeMode>relativeToSeaFloor</gx:altitudeMode>
						</Camera>
					</gx:FlyTo>
					<gx:FlyTo>
						<gx:duration>0.2393510000001697</gx:duration>
						<gx:flyToMode>smooth</gx:flyToMode>
						<Camera>
							<gx:horizFov>59.99999999999999</gx:horizFov>
							<longitude>15.75834562527242</longitude>
							<latitude>78.22028793265106</latitude>
							<altitude>2444.019939119527</altitude>
							<heading>-80.43168047771893</heading>
							<tilt>61.60333268790188</tilt>
							<roll>-4.761854423694077</roll>
							<gx:altitudeMode>relativeToSeaFloor</gx:altitudeMode>
						</Camera>
					</gx:FlyTo>
					<gx:FlyTo>
						<gx:duration>0.2255960000002233</gx:duration>
						<gx:flyToMode>smooth</gx:flyToMode>
						<Camera>
							<gx:horizFov>59.99999999999999</gx:horizFov>
							<longitude>15.74824290088232</longitude>
							<latitude>78.22757750885009</latitude>
							<altitude>2320.640142161017</altitude>
							<heading>-89.43258928535741</heading>
							<tilt>62.50068802224263</tilt>
							<roll>-4.709774915235681</roll>
							<gx:altitudeMode>relativeToSeaFloor</gx:altitudeMode>
						</Camera>
					</gx:FlyTo>
					<gx:FlyTo>
						<gx:duration>0.2012100000001737</gx:duration>
						<gx:flyToMode>smooth</gx:flyToMode>
						<Camera>
							<gx:horizFov>59.99999999999999</gx:horizFov>
							<longitude>15.73284954225535</longitude>
							<latitude>78.23373439717992</latitude>
							<altitude>2154.303421636663</altitude>
							<heading>-97.36507120353572</heading>
							<tilt>63.28278573688511</tilt>
							<roll>-4.532944404217825</roll>
							<gx:altitudeMode>relativeToSeaFloor</gx:altitudeMode>
						</Camera>
					</gx:FlyTo>
					<gx:FlyTo>
						<gx:duration>0.2162829999997484</gx:duration>
						<gx:flyToMode>smooth</gx:flyToMode>
						<Camera>
							<gx:horizFov>59.99999999999999</gx:horizFov>
							<longitude>15.71020453548767</longitude>
							<latitude>78.23963656369614</latitude>
							<altitude>2006.5867762963</altitude>
							<heading>-105.7801005662212</heading>
							<tilt>64.08542063833302</tilt>
							<roll>-4.215583451576046</roll>
							<gx:altitudeMode>relativeToSeaFloor</gx:altitudeMode>
						</Camera>
					</gx:FlyTo>
					<gx:FlyTo>
						<gx:duration>0.2544339999994918</gx:duration>
						<gx:flyToMode>smooth</gx:flyToMode>
						<Camera>
							<gx:horizFov>59.99999999999999</gx:horizFov>
							<longitude>15.67837762603817</longitude>
							<latitude>78.24499768190068</latitude>
							<altitude>1790.409126031482</altitude>
							<heading>-115.1114828487198</heading>
							<tilt>64.92143492937944</tilt>
							<roll>-3.71623519411797</roll>
							<gx:altitudeMode>relativeToSeaFloor</gx:altitudeMode>
						</Camera>
					</gx:FlyTo>
					<gx:FlyTo>
						<gx:duration>0.2077299999991737</gx:duration>
						<gx:flyToMode>smooth</gx:flyToMode>
						<Camera>
							<gx:horizFov>59.99999999999999</gx:horizFov>
							<longitude>15.64920472533898</longitude>
							<latitude>78.24805518701271</latitude>
							<altitude>1601.520588977492</altitude>
							<heading>-122.4834422997424</heading>
							<tilt>65.52693290271748</tilt>
							<roll>-3.220752846265036</roll>
							<gx:altitudeMode>relativeToSeaFloor</gx:altitudeMode>
						</Camera>
					</gx:FlyTo>
					<gx:FlyTo>
						<gx:duration>0.2270380000009027</gx:duration>
						<gx:flyToMode>smooth</gx:flyToMode>
						<Camera>
							<gx:horizFov>59.99999999999999</gx:horizFov>
							<longitude>15.61727189047099</longitude>
							<latitude>78.24983858234752</latitude>
							<altitude>1402.737191000398</altitude>
							<heading>-129.9135371656303</heading>
							<tilt>66.07642615501747</tilt>
							<roll>-2.640275564955469</roll>
							<gx:altitudeMode>relativeToSeaFloor</gx:altitudeMode>
						</Camera>
					</gx:FlyTo>
					<gx:FlyTo>
						<gx:duration>0.2095429999999396</gx:duration>
						<gx:flyToMode>smooth</gx:flyToMode>
						<Camera>
							<gx:horizFov>59.99999999999999</gx:horizFov>
							<longitude>15.58952241965251</longitude>
							<latitude>78.25015871724983</latitude>
							<altitude>1234.220094265223</altitude>
							<heading>-136.1114881758543</heading>
							<tilt>66.4811206424524</tilt>
							<roll>-2.100803796176251</roll>
							<gx:altitudeMode>relativeToSeaFloor</gx:altitudeMode>
						</Camera>
					</gx:FlyTo>
					<gx:FlyTo>
						<gx:duration>0.2160279999989143</gx:duration>
						<gx:flyToMode>smooth</gx:flyToMode>
						<Camera>
							<gx:horizFov>59.99999999999999</gx:horizFov>
							<longitude>15.56308257132583</longitude>
							<latitude>78.24932333522943</latitude>
							<altitude>1000.413237790856</altitude>
							<heading>-141.9611352868233</heading>
							<tilt>66.81355149611211</tilt>
							<roll>-1.551532949995321</roll>
							<gx:altitudeMode>relativeToSeaFloor</gx:altitudeMode>
						</Camera>
					</gx:FlyTo>
					<gx:FlyTo>
						<gx:duration>0.2255979999990814</gx:duration>
						<gx:flyToMode>smooth</gx:flyToMode>
						<Camera>
							<gx:horizFov>59.99999999999999</gx:horizFov>
							<longitude>15.53994083677133</longitude>
							<latitude>78.24747201396112</latitude>
							<altitude>794.4913374310119</altitude>
							<heading>-147.1317525837376</heading>
							<tilt>67.06451426926513</tilt>
							<roll>-1.038186438896632</roll>
							<gx:altitudeMode>relativeToSeaFloor</gx:altitudeMode>
						</Camera>
					</gx:FlyTo>
					<gx:FlyTo>
						<gx:duration>0.2184440000000905</gx:duration>
						<gx:flyToMode>smooth</gx:flyToMode>
						<Camera>
							<gx:horizFov>59.99999999999999</gx:horizFov>
							<longitude>15.52189885257294</longitude>
							<latitude>78.24502046882188</latitude>
							<altitude>601.6337838343323</altitude>
							<heading>-151.2138955714777</heading>
							<tilt>67.23296805550765</tilt>
							<roll>-0.6172824407547377</roll>
							<gx:altitudeMode>relativeToSeaFloor</gx:altitudeMode>
						</Camera>
					</gx:FlyTo>
					<gx:FlyTo>
						<gx:duration>0.2194979999994757</gx:duration>
						<gx:flyToMode>smooth</gx:flyToMode>
						<LookAt>
							<gx:horizFov>59.99999999999999</gx:horizFov>
							<longitude>15.492872979203</longitude>
							<latitude>78.23562171592793</latitude>
							<altitude>0</altitude>
							<heading>-154.0122192924442</heading>
							<tilt>67.3402627898266</tilt>
							<range>929.3834624180955</range>
							<gx:altitudeMode>relativeToSeaFloor</gx:altitudeMode>
						</LookAt>
					</gx:FlyTo>
					<gx:FlyTo>
						<gx:duration>0.2371239999993122</gx:duration>
						<gx:flyToMode>smooth</gx:flyToMode>
						<LookAt>
							<gx:horizFov>59.99999999999999</gx:horizFov>
							<longitude>15.49144133933386</longitude>
							<latitude>78.23586161429792</latitude>
							<altitude>0</altitude>
							<heading>-155.5495573081176</heading>
							<tilt>67.38787860424449</tilt>
							<range>629.4382321573298</range>
							<gx:altitudeMode>relativeToSeaFloor</gx:altitudeMode>
						</LookAt>
					</gx:FlyTo>
					<gx:FlyTo>
						<gx:duration>0.217517000000953</gx:duration>
						<gx:flyToMode>smooth</gx:flyToMode>
						<LookAt>
							<gx:horizFov>59.99999999999999</gx:horizFov>
							<longitude>15.49075234866794</longitude>
							<latitude>78.23596056237895</latitude>
							<altitude>0</altitude>
							<heading>-156.2568109240071</heading>
							<tilt>67.408425505952</tilt>
							<range>454.1529710456693</range>
							<gx:altitudeMode>relativeToSeaFloor</gx:altitudeMode>
						</LookAt>
					</gx:FlyTo>
					<gx:FlyTo>
						<gx:duration>0.1941049999986717</gx:duration>
						<gx:flyToMode>smooth</gx:flyToMode>
						<LookAt>
							<gx:horizFov>59.99999999999999</gx:horizFov>
							<longitude>15.49039252641937</longitude>
							<latitude>78.23599522693448</latitude>
							<altitude>0</altitude>
							<heading>-156.5972568177298</heading>
							<tilt>67.41801993198446</tilt>
							<range>349.6043652422174</range>
							<gx:altitudeMode>relativeToSeaFloor</gx:altitudeMode>
						</LookAt>
					</gx:FlyTo>
					<gx:FlyTo>
						<gx:duration>0.2352849999997488</gx:duration>
						<gx:flyToMode>smooth</gx:flyToMode>
						<LookAt>
							<gx:horizFov>59.99999999999999</gx:horizFov>
							<longitude>15.490151284509</longitude>
							<latitude>78.23601131315925</latitude>
							<altitude>0</altitude>
							<heading>-156.8138795696122</heading>
							<tilt>67.42402598917877</tilt>
							<range>265.5782575247299</range>
							<gx:altitudeMode>relativeToSeaFloor</gx:altitudeMode>
						</LookAt>
					</gx:FlyTo>
					<gx:FlyTo>
						<gx:duration>0.2341620000006515</gx:duration>
						<gx:flyToMode>smooth</gx:flyToMode>
						<LookAt>
							<gx:horizFov>59.99999999999999</gx:horizFov>
							<longitude>15.49003036229074</longitude>
							<latitude>78.23601762345405</latitude>
							<altitude>0</altitude>
							<heading>-156.9197048853734</heading>
							<tilt>67.42693197258488</tilt>
							<range>211.6605661843313</range>
							<gx:altitudeMode>relativeToSeaFloor</gx:altitudeMode>
						</LookAt>
					</gx:FlyTo>
					<gx:FlyTo>
						<gx:duration>0.2167740000004414</gx:duration>
						<gx:flyToMode>smooth</gx:flyToMode>
						<LookAt>
							<gx:horizFov>59.99999999999999</gx:horizFov>
							<longitude>15.48997250449629</longitude>
							<latitude>78.23601947430402</latitude>
							<altitude>0</altitude>
							<heading>-156.9684546388001</heading>
							<tilt>67.4282651727371</tilt>
							<range>179.2373264700371</range>
							<gx:altitudeMode>relativeToSeaFloor</gx:altitudeMode>
						</LookAt>
					</gx:FlyTo>
					<gx:FlyTo>
						<gx:duration>0.2202459999998609</gx:duration>
						<gx:flyToMode>smooth</gx:flyToMode>
						<LookAt>
							<gx:horizFov>59.99999999999999</gx:horizFov>
							<longitude>15.48994025375561</longitude>
							<latitude>78.23601949444819</latitude>
							<altitude>0</altitude>
							<heading>-156.9939785542587</heading>
							<tilt>67.4289625221827</tilt>
							<range>157.296335200705</range>
							<gx:altitudeMode>relativeToSeaFloor</gx:altitudeMode>
						</LookAt>
					</gx:FlyTo>
					<gx:FlyTo>
						<gx:duration>0.2192079999995258</gx:duration>
						<gx:flyToMode>smooth</gx:flyToMode>
						<LookAt>
							<gx:horizFov>59.99999999999999</gx:horizFov>
							<longitude>15.48992266703589</longitude>
							<latitude>78.2360188931157</latitude>
							<altitude>0</altitude>
							<heading>-157.0068962239295</heading>
							<tilt>67.42931564851911</tilt>
							<range>142.8830631944221</range>
							<gx:altitudeMode>relativeToSeaFloor</gx:altitudeMode>
						</LookAt>
					</gx:FlyTo>
					<gx:FlyTo>
						<gx:duration>0.2039260000001377</gx:duration>
						<gx:flyToMode>smooth</gx:flyToMode>
						<LookAt>
							<gx:horizFov>59.99999999999999</gx:horizFov>
							<longitude>15.48991327440014</longitude>
							<latitude>78.23601820181024</latitude>
							<altitude>0</altitude>
							<heading>-157.0131884726616</heading>
							<tilt>67.42948796301465</tilt>
							<range>133.8431883093874</range>
							<gx:altitudeMode>relativeToSeaFloor</gx:altitudeMode>
						</LookAt>
					</gx:FlyTo>
					<gx:FlyTo>
						<gx:duration>0.231260000000475</gx:duration>
						<gx:flyToMode>smooth</gx:flyToMode>
						<LookAt>
							<gx:horizFov>59.99999999999999</gx:horizFov>
							<longitude>15.48990705153242</longitude>
							<latitude>78.23601746417009</latitude>
							<altitude>0</altitude>
							<heading>-157.0168989879395</heading>
							<tilt>67.42958988392643</tilt>
							<range>126.9538417200654</range>
							<gx:altitudeMode>relativeToSeaFloor</gx:altitudeMode>
						</LookAt>
					</gx:FlyTo>
					<gx:FlyTo>
						<gx:duration>0.2183960000011211</gx:duration>
						<gx:flyToMode>smooth</gx:flyToMode>
						<LookAt>
							<gx:horizFov>59.99999999999999</gx:horizFov>
							<longitude>15.48990362352776</longitude>
							<latitude>78.2360168852459</latitude>
							<altitude>0</altitude>
							<heading>-157.0186595298092</heading>
							<tilt>67.42963847028393</tilt>
							<range>122.671228483226</range>
							<gx:altitudeMode>relativeToSeaFloor</gx:altitudeMode>
						</LookAt>
					</gx:FlyTo>
					<gx:FlyTo>
						<gx:duration>0.2218489999995654</gx:duration>
						<gx:flyToMode>smooth</gx:flyToMode>
						<LookAt>
							<gx:horizFov>59.99999999999999</gx:horizFov>
							<longitude>15.48990148422118</longitude>
							<latitude>78.23601641735142</latitude>
							<altitude>0</altitude>
							<heading>-157.0195830796567</heading>
							<tilt>67.42966412492864</tilt>
							<range>119.7468172859342</range>
							<gx:altitudeMode>relativeToSeaFloor</gx:altitudeMode>
						</LookAt>
					</gx:FlyTo>
					<gx:FlyTo>
						<gx:duration>0.221585000000232</gx:duration>
						<gx:flyToMode>smooth</gx:flyToMode>
						<LookAt>
							<gx:horizFov>59.99999999999999</gx:horizFov>
							<longitude>15.48990015599056</longitude>
							<latitude>78.23601606249196</latitude>
							<altitude>0</altitude>
							<heading>-157.0200504171294</heading>
							<tilt>67.42967722794401</tilt>
							<range>117.8135606784552</range>
							<gx:altitudeMode>relativeToSeaFloor</gx:altitudeMode>
						</LookAt>
					</gx:FlyTo>
					<gx:FlyTo>
						<gx:duration>0.2235659999996642</gx:duration>
						<gx:flyToMode>smooth</gx:flyToMode>
						<LookAt>
							<gx:horizFov>59.99999999999999</gx:horizFov>
							<longitude>15.48989930435904</longitude>
							<latitude>78.23601579750169</latitude>
							<altitude>0</altitude>
							<heading>-157.0202887208938</heading>
							<tilt>67.42968399586864</tilt>
							<range>116.5258957361883</range>
							<gx:altitudeMode>relativeToSeaFloor</gx:altitudeMode>
						</LookAt>
					</gx:FlyTo>
					<gx:FlyTo>
						<gx:duration>0.2355379999989964</gx:duration>
						<gx:flyToMode>smooth</gx:flyToMode>
						<LookAt>
							<gx:horizFov>59.99999999999999</gx:horizFov>
							<longitude>15.48989874640915</longitude>
							<latitude>78.23601560230718</latitude>
							<altitude>0</altitude>
							<heading>-157.0204098868676</heading>
							<tilt>67.42968749927381</tilt>
							<range>115.6702458472139</range>
							<gx:altitudeMode>relativeToSeaFloor</gx:altitudeMode>
						</LookAt>
					</gx:FlyTo>
					<gx:FlyTo>
						<gx:duration>0.1995110000007116</gx:duration>
						<gx:flyToMode>smooth</gx:flyToMode>
						<LookAt>
							<gx:horizFov>59.99999999999999</gx:horizFov>
							<longitude>15.48989837289307</longitude>
							<latitude>78.23601546028441</latitude>
							<altitude>0</altitude>
							<heading>-157.0204715456267</heading>
							<tilt>67.42968932612446</tilt>
							<range>115.100893577909</range>
							<gx:altitudeMode>relativeToSeaFloor</gx:altitudeMode>
						</LookAt>
					</gx:FlyTo>
					<gx:FlyTo>
						<gx:duration>0.1087689999994836</gx:duration>
						<gx:flyToMode>smooth</gx:flyToMode>
						<LookAt>
							<gx:horizFov>59.99999999999999</gx:horizFov>
							<longitude>15.48989812381245</longitude>
							<latitude>78.23601535917756</latitude>
							<altitude>0</altitude>
							<heading>-157.0205023623767</heading>
							<tilt>67.42969027021263</tilt>
							<range>114.7295328084979</range>
							<gx:altitudeMode>relativeToSeaFloor</gx:altitudeMode>
						</LookAt>
					</gx:FlyTo>
					<gx:FlyTo>
						<gx:duration>0.09853999999995722</gx:duration>
						<gx:flyToMode>smooth</gx:flyToMode>
						<LookAt>
							<gx:horizFov>59.99999999999999</gx:horizFov>
							<longitude>15.48989795257515</longitude>
							<latitude>78.23601528603982</latitude>
							<altitude>0</altitude>
							<heading>-157.0205181484928</heading>
							<tilt>67.42969077579032</tilt>
							<range>114.4822034408714</range>
							<gx:altitudeMode>relativeToSeaFloor</gx:altitudeMode>
						</LookAt>
					</gx:FlyTo>
					<gx:FlyTo>
						<gx:duration>0.04064399999970192</gx:duration>
						<gx:flyToMode>smooth</gx:flyToMode>
						<LookAt>
							<gx:horizFov>59.99999999999999</gx:horizFov>
							<longitude>15.48989785220849</longitude>
							<latitude>78.23601524215485</latitude>
							<altitude>0</altitude>
							<heading>-157.0205251296415</heading>
							<tilt>67.42969101130551</tilt>
							<range>114.3430117007445</range>
							<gx:altitudeMode>relativeToSeaFloor</gx:altitudeMode>
						</LookAt>
					</gx:FlyTo>
					<gx:FlyTo>
						<gx:duration>0.05036500000005617</gx:duration>
						<gx:flyToMode>smooth</gx:flyToMode>
						<LookAt>
							<gx:horizFov>59.99999999999999</gx:horizFov>
							<longitude>15.48989775398496</longitude>
							<latitude>78.23601519816901</latitude>
							<altitude>0</altitude>
							<heading>-157.0205302423762</heading>
							<tilt>67.42969119600396</tilt>
							<range>114.2127829702874</range>
							<gx:altitudeMode>relativeToSeaFloor</gx:altitudeMode>
						</LookAt>
					</gx:FlyTo>
					<gx:FlyTo>
						<gx:duration>0.01572200000100565</gx:duration>
						<gx:flyToMode>smooth</gx:flyToMode>
						<LookAt>
							<gx:horizFov>59.99999999999999</gx:horizFov>
							<longitude>15.48989772136446</longitude>
							<latitude>78.23601518298759</latitude>
							<altitude>0</altitude>
							<heading>-157.0205315317889</heading>
							<tilt>67.4296912467626</tilt>
							<range>114.1719039256868</range>
							<gx:altitudeMode>relativeToSeaFloor</gx:altitudeMode>
						</LookAt>
					</gx:FlyTo>
					<gx:FlyTo>
						<gx:duration>0.03388600000016595</gx:duration>
						<gx:flyToMode>smooth</gx:flyToMode>
						<LookAt>
							<gx:horizFov>59.99999999999999</gx:horizFov>
							<longitude>15.48989765754319</longitude>
							<latitude>78.23601515367629</latitude>
							<altitude>0</altitude>
							<heading>-157.0205334869149</heading>
							<tilt>67.42969133028356</tilt>
							<range>114.0948777073181</range>
							<gx:altitudeMode>relativeToSeaFloor</gx:altitudeMode>
						</LookAt>
					</gx:FlyTo>
					<gx:FlyTo>
						<gx:duration>0.0158449999998993</gx:duration>
						<gx:flyToMode>smooth</gx:flyToMode>
						<LookAt>
							<gx:horizFov>59.99999999999999</gx:horizFov>
							<longitude>15.48989762527472</longitude>
							<latitude>78.23601513858077</latitude>
							<altitude>0</altitude>
							<heading>-157.0205341537337</heading>
							<tilt>67.42969136401945</tilt>
							<range>114.0594870940047</range>
							<gx:altitudeMode>relativeToSeaFloor</gx:altitudeMode>
						</LookAt>
					</gx:FlyTo>
					<gx:FlyTo>
						<gx:duration>0.0174380000007659</gx:duration>
						<gx:flyToMode>smooth</gx:flyToMode>
						<LookAt>
							<gx:horizFov>59.99999999999999</gx:horizFov>
							<longitude>15.48989759383016</longitude>
							<latitude>78.23601512362347</latitude>
							<altitude>0</altitude>
							<heading>-157.0205346123539</heading>
							<tilt>67.42969139192368</tilt>
							<range>114.0269512481697</range>
							<gx:altitudeMode>relativeToSeaFloor</gx:altitudeMode>
						</LookAt>
					</gx:FlyTo>
					<gx:FlyTo>
						<gx:duration>0.01718499999969936</gx:duration>
						<gx:flyToMode>smooth</gx:flyToMode>
						<LookAt>
							<gx:horizFov>59.99999999999999</gx:horizFov>
							<longitude>15.48989756273091</longitude>
							<latitude>78.23601510869894</latitude>
							<altitude>0</altitude>
							<heading>-157.0205348632174</heading>
							<tilt>67.42969141413116</tilt>
							<range>113.9988392258232</range>
							<gx:altitudeMode>relativeToSeaFloor</gx:altitudeMode>
						</LookAt>
					</gx:FlyTo>
					<gx:Wait><gx:duration>0.01310900000044057</gx:duration>
</gx:Wait>
					<gx:FlyTo>
						<gx:duration>4.699999954027589e-05</gx:duration>
						<gx:flyToMode>smooth</gx:flyToMode>
						<LookAt>
							<gx:horizFov>59.99999999999999</gx:horizFov>
							<longitude>15.48989754481562</longitude>
							<latitude>78.23601510055538</latitude>
							<altitude>0</altitude>
							<heading>-157.0205349135046</heading>
							<tilt>67.42969142394676</tilt>
							<range>113.9874308572257</range>
							<gx:altitudeMode>relativeToSeaFloor</gx:altitudeMode>
						</LookAt>
					</gx:FlyTo>
					<gx:Wait><gx:duration>3.085818999999901</gx:duration>
</gx:Wait>
					<gx:AnimatedUpdate>
						<Update>
							<targetHref></targetHref>
							<Change><Placemark targetId="SvalbardGlobalSeedVault"><gx:balloonVisibility>0</gx:balloonVisibility></Placemark></Change>
						</Update>
					</gx:AnimatedUpdate>
					<gx:Wait><gx:duration>3.500000002532033e-05</gx:duration>
</gx:Wait>
					<gx:AnimatedUpdate>
						<Update>
							<targetHref></targetHref>
							<Change><Placemark targetId="ArcticWorldArchive"><gx:balloonVisibility>1</gx:balloonVisibility></Placemark></Change>
						</Update>
					</gx:AnimatedUpdate>
					<gx:Wait><gx:duration>0.1154859999996916</gx:duration>
</gx:Wait>
					<gx:FlyTo>
						<gx:duration>0.08854299999893556</gx:duration>
						<gx:flyToMode>smooth</gx:flyToMode>
						<LookAt>
							<gx:horizFov>59.99999999999999</gx:horizFov>
							<longitude>15.48968028677207</longitude>
							<latitude>78.23600824178307</latitude>
							<altitude>0</altitude>
							<heading>-157.6220966007106</heading>
							<tilt>67.40080719759776</tilt>
							<range>256.8624716081917</range>
							<gx:altitudeMode>relativeToSeaFloor</gx:altitudeMode>
						</LookAt>
					</gx:FlyTo>
					<gx:FlyTo>
						<gx:duration>0.2297669999998107</gx:duration>
						<gx:flyToMode>smooth</gx:flyToMode>
						<LookAt>
							<gx:horizFov>59.99999999999999</gx:horizFov>
							<longitude>15.48906544424278</longitude>
							<latitude>78.23602595650979</latitude>
							<altitude>0</altitude>
							<heading>-159.5606139983099</heading>
							<tilt>67.30002596874371</tilt>
							<range>454.5804504351099</range>
							<gx:altitudeMode>relativeToSeaFloor</gx:altitudeMode>
						</LookAt>
					</gx:FlyTo>
					<gx:FlyTo>
						<gx:duration>0.2040930000002845</gx:duration>
						<gx:flyToMode>smooth</gx:flyToMode>
						<Camera>
							<gx:horizFov>59.99999999999999</gx:horizFov>
							<longitude>15.49614850508771</longitude>
							<latitude>78.24110107681081</latitude>
							<altitude>318.0000843196513</altitude>
							<heading>-162.2463191549245</heading>
							<tilt>67.13549431220561</tilt>
							<roll>1.004871158999278</roll>
							<gx:altitudeMode>relativeToSeaFloor</gx:altitudeMode>
						</Camera>
					</gx:FlyTo>
					<gx:FlyTo>
						<gx:duration>0.2288950000001932</gx:duration>
						<gx:flyToMode>smooth</gx:flyToMode>
						<Camera>
							<gx:horizFov>59.99999999999999</gx:horizFov>
							<longitude>15.49514598757074</longitude>
							<latitude>78.24295775596707</latitude>
							<altitude>410.1331045296388</altitude>
							<heading>-166.3237693559418</heading>
							<tilt>66.85100952791989</tilt>
							<roll>1.766322689309999</roll>
							<gx:altitudeMode>relativeToSeaFloor</gx:altitudeMode>
						</Camera>
					</gx:FlyTo>
					<gx:FlyTo>
						<gx:duration>0.2183620000005249</gx:duration>
						<gx:flyToMode>smooth</gx:flyToMode>
						<Camera>
							<gx:horizFov>59.99999999999999</gx:horizFov>
							<longitude>15.49207560334857</longitude>
							<latitude>78.24473475343068</latitude>
							<altitude>499.3114356846197</altitude>
							<heading>-171.1105360175126</heading>
							<tilt>66.45560144512829</tilt>
							<roll>2.6303115642216</roll>
							<gx:altitudeMode>relativeToSeaFloor</gx:altitudeMode>
						</Camera>
					</gx:FlyTo>
					<gx:FlyTo>
						<gx:duration>0.2406990000008591</gx:duration>
						<gx:flyToMode>smooth</gx:flyToMode>
						<Camera>
							<gx:horizFov>59.99999999999999</gx:horizFov>
							<longitude>15.48597024241256</longitude>
							<latitude>78.24658078658679</latitude>
							<altitude>602.4027201027588</altitude>
							<heading>-177.3332945924243</heading>
							<tilt>65.84711186029995</tilt>
							<roll>3.696055390424748</roll>
							<gx:altitudeMode>relativeToSeaFloor</gx:altitudeMode>
						</Camera>
					</gx:FlyTo>
					<gx:FlyTo>
						<gx:duration>0.2141460000002553</gx:duration>
						<gx:flyToMode>smooth</gx:flyToMode>
						<Camera>
							<gx:horizFov>59.99999999999999</gx:horizFov>
							<longitude>15.47822233202455</longitude>
							<latitude>78.24796697741385</latitude>
							<altitude>695.9849800940767</altitude>
							<heading>176.475339684926</heading>
							<tilt>65.14312472420714</tilt>
							<roll>4.680683126202574</roll>
							<gx:altitudeMode>relativeToSeaFloor</gx:altitudeMode>
						</Camera>
					</gx:FlyTo>
					<gx:FlyTo>
						<gx:duration>0.2324119999993854</gx:duration>
						<gx:flyToMode>smooth</gx:flyToMode>
						<Camera>
							<gx:horizFov>59.99999999999999</gx:horizFov>
							<longitude>15.46749698632398</longitude>
							<latitude>78.24907388574613</latitude>
							<altitude>794.2354573174691</altitude>
							<heading>169.0410075196142</heading>
							<tilt>64.18116941760356</tilt>
							<roll>5.746902188900921</roll>
							<gx:altitudeMode>relativeToSeaFloor</gx:altitudeMode>
						</Camera>
					</gx:FlyTo>
					<gx:FlyTo>
						<gx:duration>0.2166450000004261</gx:duration>
						<gx:flyToMode>smooth</gx:flyToMode>
						<Camera>
							<gx:horizFov>59.99999999999999</gx:horizFov>
							<longitude>15.45601881772254</longitude>
							<latitude>78.24959709000554</latitude>
							<altitude>878.6277833410929</altitude>
							<heading>161.6318341287305</heading>
							<tilt>63.11334056331816</tilt>
							<roll>6.666282620057397</roll>
							<gx:altitudeMode>relativeToSeaFloor</gx:altitudeMode>
						</Camera>
					</gx:FlyTo>
					<gx:FlyTo>
						<gx:duration>0.2294609999999011</gx:duration>
						<gx:flyToMode>smooth</gx:flyToMode>
						<Camera>
							<gx:horizFov>59.99999999999999</gx:horizFov>
							<longitude>15.4430298045025</longitude>
							<latitude>78.2495367242386</latitude>
							<altitude>963.3074596152346</altitude>
							<heading>153.2946416096122</heading>
							<tilt>61.80718392033604</tilt>
							<roll>7.509829718754296</roll>
							<gx:altitudeMode>relativeToSeaFloor</gx:altitudeMode>
						</Camera>
					</gx:FlyTo>
					<gx:FlyTo>
						<gx:duration>0.2201900000000023</gx:duration>
						<gx:flyToMode>smooth</gx:flyToMode>
						<Camera>
							<gx:horizFov>59.99999999999999</gx:horizFov>
							<longitude>15.4308053295365</longitude>
							<latitude>78.24886100411874</latitude>
							<altitude>1032.310755200238</altitude>
							<heading>144.9690610122215</heading>
							<tilt>60.42290832397068</tilt>
							<roll>8.132086619213853</roll>
							<gx:altitudeMode>relativeToSeaFloor</gx:altitudeMode>
						</Camera>
					</gx:FlyTo>
					<gx:FlyTo>
						<gx:duration>0.2302589999999327</gx:duration>
						<gx:flyToMode>smooth</gx:flyToMode>
						<Camera>
							<gx:horizFov>59.99999999999999</gx:horizFov>
							<longitude>15.41922660151495</longitude>
							<latitude>78.24755132037271</latitude>
							<altitude>1087.555968114926</altitude>
							<heading>135.9570709525735</heading>
							<tilt>58.87301190011794</tilt>
							<roll>8.541138100525986</roll>
							<gx:altitudeMode>relativeToSeaFloor</gx:altitudeMode>
						</Camera>
					</gx:FlyTo>
					<gx:FlyTo>
						<gx:duration>0.224542000000838</gx:duration>
						<gx:flyToMode>smooth</gx:flyToMode>
						<Camera>
							<gx:horizFov>59.99999999999999</gx:horizFov>
							<longitude>15.41006224933474</longitude>
							<latitude>78.24580180486697</latitude>
							<altitude>1122.950616542719</altitude>
							<heading>126.9984211895966</heading>
							<tilt>57.32038910760561</tilt>
							<roll>8.664376434649567</roll>
							<gx:altitudeMode>relativeToSeaFloor</gx:altitudeMode>
						</Camera>
					</gx:FlyTo>
					<gx:FlyTo>
						<gx:duration>0.2183510000004389</gx:duration>
						<gx:flyToMode>smooth</gx:flyToMode>
						<Camera>
							<gx:horizFov>59.99999999999999</gx:horizFov>
							<longitude>15.4037492968166</longitude>
							<latitude>78.2438139126438</latitude>
							<altitude>1130.8807979403</altitude>
							<heading>118.2063256938611</heading>
							<tilt>55.82459699699623</tilt>
							<roll>8.507076082597365</roll>
							<gx:altitudeMode>relativeToSeaFloor</gx:altitudeMode>
						</Camera>
					</gx:FlyTo>
					<gx:FlyTo>
						<gx:duration>0.2279050000006464</gx:duration>
						<gx:flyToMode>smooth</gx:flyToMode>
						<Camera>
							<gx:horizFov>59.99999999999999</gx:horizFov>
							<longitude>15.40018936966923</longitude>
							<latitude>78.24163539762492</latitude>
							<altitude>1085.473869706727</altitude>
							<heading>109.0432719176884</heading>
							<tilt>54.33424737131746</tilt>
							<roll>8.054083813575181</roll>
							<gx:altitudeMode>relativeToSeaFloor</gx:altitudeMode>
						</Camera>
					</gx:FlyTo>
					<gx:FlyTo>
						<gx:duration>0.2204519999995682</gx:duration>
						<gx:flyToMode>smooth</gx:flyToMode>
						<Camera>
							<gx:horizFov>59.99999999999999</gx:horizFov>
							<longitude>15.39964575323972</longitude>
							<latitude>78.23963056809923</latitude>
							<altitude>991.7695477359273</altitude>
							<heading>100.3486198044599</heading>
							<tilt>53.01749990485484</tilt>
							<roll>7.362718003221624</roll>
							<gx:altitudeMode>relativeToSeaFloor</gx:altitudeMode>
						</Camera>
					</gx:FlyTo>
					<gx:FlyTo>
						<gx:duration>0.2158519999993587</gx:duration>
						<gx:flyToMode>smooth</gx:flyToMode>
						<Camera>
							<gx:horizFov>59.99999999999999</gx:horizFov>
							<longitude>15.40155562032472</longitude>
							<latitude>78.23790789994521</latitude>
							<altitude>880.9138245436187</altitude>
							<heading>92.03765853023586</heading>
							<tilt>51.8727826665761</tilt>
							<roll>6.47982165200316</roll>
							<gx:altitudeMode>relativeToSeaFloor</gx:altitudeMode>
						</Camera>
					</gx:FlyTo>
					<gx:FlyTo>
						<gx:duration>0.2307449999998425</gx:duration>
						<gx:flyToMode>smooth</gx:flyToMode>
						<Camera>
							<gx:horizFov>59.99999999999999</gx:horizFov>
							<longitude>15.40567450903391</longitude>
							<latitude>78.23648012730092</latitude>
							<altitude>772.0970012669893</altitude>
							<heading>83.62325632636993</heading>
							<tilt>50.84757612417779</tilt>
							<roll>5.385409594319539</roll>
							<gx:altitudeMode>relativeToSeaFloor</gx:altitudeMode>
						</Camera>
					</gx:FlyTo>
					<gx:FlyTo>
						<gx:duration>0.2273099999993065</gx:duration>
						<gx:flyToMode>smooth</gx:flyToMode>
						<Camera>
							<gx:horizFov>59.99999999999999</gx:horizFov>
							<longitude>15.41112088152627</longitude>
							<latitude>78.23555745113079</latitude>
							<altitude>666.3244192456016</altitude>
							<heading>75.9538590848468</heading>
							<tilt>50.04420605872827</tilt>
							<roll>4.23292501080154</roll>
							<gx:altitudeMode>relativeToSeaFloor</gx:altitudeMode>
						</Camera>
					</gx:FlyTo>
					<gx:FlyTo>
						<gx:duration>0.2210990000003221</gx:duration>
						<gx:flyToMode>smooth</gx:flyToMode>
						<Camera>
							<gx:horizFov>59.99999999999999</gx:horizFov>
							<longitude>15.41709384782977</longitude>
							<latitude>78.23512853911275</latitude>
							<altitude>555.3601810575868</altitude>
							<heading>69.22906566384913</heading>
							<tilt>49.45067828841484</tilt>
							<roll>3.118012014453135</roll>
							<gx:altitudeMode>relativeToSeaFloor</gx:altitudeMode>
						</Camera>
					</gx:FlyTo>
					<gx:FlyTo>
						<gx:duration>0.2174599999998463</gx:duration>
						<gx:flyToMode>smooth</gx:flyToMode>
						<Camera>
							<gx:horizFov>59.99999999999999</gx:horizFov>
							<longitude>15.42303481807441</longitude>
							<latitude>78.23511847175267</latitude>
							<altitude>454.6460571644574</altitude>
							<heading>63.53808960438369</heading>
							<tilt>49.03341420841333</tilt>
							<roll>2.110312650409403</roll>
							<gx:altitudeMode>relativeToSeaFloor</gx:altitudeMode>
						</Camera>
					</gx:FlyTo>
					<gx:FlyTo>
						<gx:duration>0.2060320000000502</gx:duration>
						<gx:flyToMode>smooth</gx:flyToMode>
						<Camera>
							<gx:horizFov>59.99999999999999</gx:horizFov>
							<longitude>15.42835343057468</longitude>
							<latitude>78.23540750399802</latitude>
							<altitude>381.8149249716997</altitude>
							<heading>59.14136457104541</heading>
							<tilt>48.76614163094873</tilt>
							<roll>1.298110991670136</roll>
							<gx:altitudeMode>relativeToSeaFloor</gx:altitudeMode>
						</Camera>
					</gx:FlyTo>
					<gx:FlyTo>
						<gx:duration>0.2455359999994471</gx:duration>
						<gx:flyToMode>smooth</gx:flyToMode>
						<Camera>
							<gx:horizFov>59.99999999999999</gx:horizFov>
							<longitude>15.43346248719559</longitude>
							<latitude>78.23592488083969</latitude>
							<altitude>284.4672628832523</altitude>
							<heading>55.63444331259817</heading>
							<tilt>48.58817593365892</tilt>
							<roll>0.632630270688446</roll>
							<gx:altitudeMode>relativeToSeaFloor</gx:altitudeMode>
						</Camera>
					</gx:FlyTo>
					<gx:FlyTo>
						<gx:duration>0.218377999999575</gx:duration>
						<gx:flyToMode>smooth</gx:flyToMode>
						<LookAt>
							<gx:horizFov>59.99999999999999</gx:horizFov>
							<longitude>15.4473500983568</longitude>
							<latitude>78.23793281213153</latitude>
							<altitude>0</altitude>
							<heading>54.07770004924524</heading>
							<tilt>48.52170487020424</tilt>
							<range>411.2850938772823</range>
							<gx:altitudeMode>relativeToSeaFloor</gx:altitudeMode>
						</LookAt>
					</gx:FlyTo>
					<gx:FlyTo>
						<gx:duration>0.2208060000002661</gx:duration>
						<gx:flyToMode>smooth</gx:flyToMode>
						<LookAt>
							<gx:horizFov>59.99999999999999</gx:horizFov>
							<longitude>15.44716229633949</longitude>
							<latitude>78.23794493602446</latitude>
							<altitude>0</altitude>
							<heading>53.25111538150934</heading>
							<tilt>48.48740707695242</tilt>
							<range>335.399651921693</range>
							<gx:altitudeMode>relativeToSeaFloor</gx:altitudeMode>
						</LookAt>
					</gx:FlyTo>
					<gx:FlyTo>
						<gx:duration>0.2130459999998493</gx:duration>
						<gx:flyToMode>smooth</gx:flyToMode>
						<LookAt>
							<gx:horizFov>59.99999999999999</gx:horizFov>
							<longitude>15.44707272043763</longitude>
							<latitude>78.23795184646636</latitude>
							<altitude>0</altitude>
							<heading>52.8353652966759</heading>
							<tilt>48.47081940447209</tilt>
							<range>286.1183018331831</range>
							<gx:altitudeMode>relativeToSeaFloor</gx:altitudeMode>
						</LookAt>
					</gx:FlyTo>
					<gx:FlyTo>
						<gx:duration>0.2194049999989147</gx:duration>
						<gx:flyToMode>smooth</gx:flyToMode>
						<LookAt>
							<gx:horizFov>59.99999999999999</gx:horizFov>
							<longitude>15.44702790294336</longitude>
							<latitude>78.23795617953648</latitude>
							<altitude>0</altitude>
							<heading>52.61036820232502</heading>
							<tilt>48.46202827431538</tilt>
							<range>251.7334326760913</range>
							<gx:altitudeMode>relativeToSeaFloor</gx:altitudeMode>
						</LookAt>
					</gx:FlyTo>
					<gx:FlyTo>
						<gx:duration>0.2285249999995358</gx:duration>
						<gx:flyToMode>smooth</gx:flyToMode>
						<LookAt>
							<gx:horizFov>59.99999999999999</gx:horizFov>
							<longitude>15.44700683710206</longitude>
							<latitude>78.23795894153967</latitude>
							<altitude>0</altitude>
							<heading>52.49035791407811</heading>
							<tilt>48.45739300958166</tilt>
							<range>227.8225814008248</range>
							<gx:altitudeMode>relativeToSeaFloor</gx:altitudeMode>
						</LookAt>
					</gx:FlyTo>
					<gx:FlyTo>
						<gx:duration>0.2237299999997049</gx:duration>
						<gx:flyToMode>smooth</gx:flyToMode>
						<LookAt>
							<gx:horizFov>59.99999999999999</gx:horizFov>
							<longitude>15.4469985001866</longitude>
							<latitude>78.23796062132843</latitude>
							<altitude>0</altitude>
							<heading>52.43143408675664</heading>
							<tilt>48.45513113364924</tilt>
							<range>212.4309076949287</range>
							<gx:altitudeMode>relativeToSeaFloor</gx:altitudeMode>
						</LookAt>
					</gx:FlyTo>
					<gx:FlyTo>
						<gx:duration>0.2246439999989889</gx:duration>
						<gx:flyToMode>smooth</gx:flyToMode>
						<LookAt>
							<gx:horizFov>59.99999999999999</gx:horizFov>
							<longitude>15.44699569634704</longitude>
							<latitude>78.23796169014558</latitude>
							<altitude>0</altitude>
							<heading>52.40175133303537</heading>
							<tilt>48.45399540717949</tilt>
							<range>202.3097118790756</range>
							<gx:altitudeMode>relativeToSeaFloor</gx:altitudeMode>
						</LookAt>
					</gx:FlyTo>
					<gx:FlyTo>
						<gx:duration>0.2051820000006046</gx:duration>
						<gx:flyToMode>smooth</gx:flyToMode>
						<LookAt>
							<gx:horizFov>59.99999999999999</gx:horizFov>
							<longitude>15.44699524506168</longitude>
							<latitude>78.23796235340477</latitude>
							<altitude>0</altitude>
							<heading>52.38719743513018</heading>
							<tilt>48.45343957033635</tilt>
							<range>195.8795977939536</range>
							<gx:altitudeMode>relativeToSeaFloor</gx:altitudeMode>
						</LookAt>
					</gx:FlyTo>
					<gx:FlyTo>
						<gx:duration>0.2327009999989968</gx:duration>
						<gx:flyToMode>smooth</gx:flyToMode>
						<LookAt>
							<gx:horizFov>59.99999999999999</gx:horizFov>
							<longitude>15.44699573946517</longitude>
							<latitude>78.23796285960462</latitude>
							<altitude>0</altitude>
							<heading>52.3788421879273</heading>
							<tilt>48.45312088625721</tilt>
							<range>191.0810759538122</range>
							<gx:altitudeMode>relativeToSeaFloor</gx:altitudeMode>
						</LookAt>
					</gx:FlyTo>
					<gx:FlyTo>
						<gx:duration>0.1997209999999541</gx:duration>
						<gx:flyToMode>smooth</gx:flyToMode>
						<LookAt>
							<gx:horizFov>59.99999999999999</gx:horizFov>
							<longitude>15.44699642023359</longitude>
							<latitude>78.23796315479494</latitude>
							<altitude>0</altitude>
							<heading>52.37514176031865</heading>
							<tilt>48.45297990328829</tilt>
							<range>188.3153753387728</range>
							<gx:altitudeMode>relativeToSeaFloor</gx:altitudeMode>
						</LookAt>
					</gx:FlyTo>
					<gx:FlyTo>
						<gx:duration>0.2421709999998711</gx:duration>
						<gx:flyToMode>smooth</gx:flyToMode>
						<LookAt>
							<gx:horizFov>59.99999999999999</gx:horizFov>
							<longitude>15.44699723782305</longitude>
							<latitude>78.23796340053373</latitude>
							<altitude>0</altitude>
							<heading>52.37284346137402</heading>
							<tilt>48.45289244498327</tilt>
							<range>186.0873083503539</range>
							<gx:altitudeMode>relativeToSeaFloor</gx:altitudeMode>
						</LookAt>
					</gx:FlyTo>
					<gx:FlyTo>
						<gx:duration>0.2502590000003693</gx:duration>
						<gx:flyToMode>smooth</gx:flyToMode>
						<LookAt>
							<gx:horizFov>59.99999999999999</gx:horizFov>
							<longitude>15.44699787359428</longitude>
							<latitude>78.23796355231337</latitude>
							<altitude>0</altitude>
							<heading>52.37180752251911</heading>
							<tilt>48.45285308651066</tilt>
							<range>184.7619238553067</range>
							<gx:altitudeMode>relativeToSeaFloor</gx:altitudeMode>
						</LookAt>
					</gx:FlyTo>
					<gx:FlyTo>
						<gx:duration>0.1665679999996428</gx:duration>
						<gx:flyToMode>smooth</gx:flyToMode>
						<LookAt>
							<gx:horizFov>59.99999999999999</gx:horizFov>
							<longitude>15.44699840205128</longitude>
							<latitude>78.23796366177685</latitude>
							<altitude>0</altitude>
							<heading>52.37125782368062</heading>
							<tilt>48.45283224424231</tilt>
							<range>183.8451720550876</range>
							<gx:altitudeMode>relativeToSeaFloor</gx:altitudeMode>
						</LookAt>
					</gx:FlyTo>
					<gx:FlyTo>
						<gx:duration>0.1167900000000373</gx:duration>
						<gx:flyToMode>smooth</gx:flyToMode>
						<LookAt>
							<gx:horizFov>59.99999999999999</gx:horizFov>
							<longitude>15.44699879777026</longitude>
							<latitude>78.23796373926328</latitude>
							<altitude>0</altitude>
							<heading>52.37098334606532</heading>
							<tilt>48.45282186785188</tilt>
							<range>183.2465952534848</range>
							<gx:altitudeMode>relativeToSeaFloor</gx:altitudeMode>
						</LookAt>
					</gx:FlyTo>
					<gx:FlyTo>
						<gx:duration>0.08350600000085251</gx:duration>
						<gx:flyToMode>smooth</gx:flyToMode>
						<LookAt>
							<gx:horizFov>59.99999999999999</gx:horizFov>
							<longitude>15.44699909786423</longitude>
							<latitude>78.23796379388764</latitude>
							<altitude>0</altitude>
							<heading>52.37084295041927</heading>
							<tilt>48.45281658165405</tilt>
							<range>182.847504309877</range>
							<gx:altitudeMode>relativeToSeaFloor</gx:altitudeMode>
						</LookAt>
					</gx:FlyTo>
					<gx:FlyTo>
						<gx:duration>0.05581900000106543</gx:duration>
						<gx:flyToMode>smooth</gx:flyToMode>
						<LookAt>
							<gx:horizFov>59.99999999999999</gx:horizFov>
							<longitude>15.44699931416924</longitude>
							<latitude>78.23796383155376</latitude>
							<altitude>0</altitude>
							<heading>52.37077228112119</heading>
							<tilt>48.45281393512637</tilt>
							<range>182.5864533088106</range>
							<gx:altitudeMode>relativeToSeaFloor</gx:altitudeMode>
						</LookAt>
					</gx:FlyTo>
					<gx:FlyTo>
						<gx:duration>0.04415100000005623</gx:duration>
						<gx:flyToMode>smooth</gx:flyToMode>
						<LookAt>
							<gx:horizFov>59.99999999999999</gx:horizFov>
							<longitude>15.44699946803505</longitude>
							<latitude>78.2379638543992</latitude>
							<altitude>0</altitude>
							<heading>52.3707357257567</heading>
							<tilt>48.45281257332719</tilt>
							<range>182.4116849771216</range>
							<gx:altitudeMode>relativeToSeaFloor</gx:altitudeMode>
						</LookAt>
					</gx:FlyTo>
					<gx:FlyTo>
						<gx:duration>0.04024299999946379</gx:duration>
						<gx:flyToMode>smooth</gx:flyToMode>
						<LookAt>
							<gx:horizFov>59.99999999999999</gx:horizFov>
							<longitude>15.44699959948883</longitude>
							<latitude>78.23796387987827</latitude>
							<altitude>0</altitude>
							<heading>52.37071483974213</heading>
							<tilt>48.45281180840023</tilt>
							<range>182.2818110690706</range>
							<gx:altitudeMode>relativeToSeaFloor</gx:altitudeMode>
						</LookAt>
					</gx:FlyTo>
					<gx:FlyTo>
						<gx:duration>0.01612900000054651</gx:duration>
						<gx:flyToMode>smooth</gx:flyToMode>
						<LookAt>
							<gx:horizFov>59.99999999999999</gx:horizFov>
							<longitude>15.44699966661728</longitude>
							<latitude>78.23796389047629</latitude>
							<altitude>0</altitude>
							<heading>52.37070718494435</heading>
							<tilt>48.45281153112672</tilt>
							<range>182.2207881175194</range>
							<gx:altitudeMode>relativeToSeaFloor</gx:altitudeMode>
						</LookAt>
					</gx:FlyTo>
					<gx:FlyTo>
						<gx:duration>0.0162640000007741</gx:duration>
						<gx:flyToMode>smooth</gx:flyToMode>
						<LookAt>
							<gx:horizFov>59.99999999999999</gx:horizFov>
							<longitude>15.44699972950507</longitude>
							<latitude>78.23796390060366</latitude>
							<altitude>0</altitude>
							<heading>52.37070138285259</heading>
							<tilt>48.45281132373657</tilt>
							<range>182.1630579626328</range>
							<gx:altitudeMode>relativeToSeaFloor</gx:altitudeMode>
						</LookAt>
					</gx:FlyTo>
					<gx:FlyTo>
						<gx:duration>0.01076500000090164</gx:duration>
						<gx:flyToMode>smooth</gx:flyToMode>
						<LookAt>
							<gx:horizFov>59.99999999999999</gx:horizFov>
							<longitude>15.44699975645434</longitude>
							<latitude>78.23796389998698</latitude>
							<altitude>0</altitude>
							<heading>52.37069917732109</heading>
							<tilt>48.45281124242042</tilt>
							<range>182.1353698533112</range>
							<gx:altitudeMode>relativeToSeaFloor</gx:altitudeMode>
						</LookAt>
					</gx:FlyTo>
					<gx:FlyTo>
						<gx:duration>0.005881000000044878</gx:duration>
						<gx:flyToMode>smooth</gx:flyToMode>
						<LookAt>
							<gx:horizFov>59.99999999999999</gx:horizFov>
							<longitude>15.44699979690593</longitude>
							<latitude>78.23796391116224</latitude>
							<altitude>0</altitude>
							<heading>52.37069744252916</heading>
							<tilt>48.45281118819968</tilt>
							<range>182.1099098340565</range>
							<gx:altitudeMode>relativeToSeaFloor</gx:altitudeMode>
						</LookAt>
					</gx:FlyTo>
					<gx:FlyTo>
						<gx:duration>0.01118199999928038</gx:duration>
						<gx:flyToMode>smooth</gx:flyToMode>
						<LookAt>
							<gx:horizFov>59.99999999999999</gx:horizFov>
							<longitude>15.44699982721443</longitude>
							<latitude>78.23796391637048</latitude>
							<altitude>0</altitude>
							<heading>52.37069616520436</heading>
							<tilt>48.45281114641494</tilt>
							<range>182.0855206931165</range>
							<gx:altitudeMode>relativeToSeaFloor</gx:altitudeMode>
						</LookAt>
					</gx:FlyTo>
					<gx:FlyTo>
						<gx:duration>0.009013999999297084</gx:duration>
						<gx:flyToMode>smooth</gx:flyToMode>
						<LookAt>
							<gx:horizFov>59.99999999999999</gx:horizFov>
							<longitude>15.44699986362944</longitude>
							<latitude>78.23796392317307</latitude>
							<altitude>0</altitude>
							<heading>52.37069535776074</heading>
							<tilt>48.45281112430727</tilt>
							<range>182.0635326496574</range>
							<gx:altitudeMode>relativeToSeaFloor</gx:altitudeMode>
						</LookAt>
					</gx:FlyTo>
					<gx:FlyTo>
						<gx:duration>0.01036500000009255</gx:duration>
						<gx:flyToMode>smooth</gx:flyToMode>
						<LookAt>
							<gx:horizFov>59.99999999999999</gx:horizFov>
							<longitude>15.44699989591188</longitude>
							<latitude>78.23796392712521</latitude>
							<altitude>0</altitude>
							<heading>52.37069501218379</heading>
							<tilt>48.4528111175103</tilt>
							<range>182.0449451730173</range>
							<gx:altitudeMode>relativeToSeaFloor</gx:altitudeMode>
						</LookAt>
					</gx:FlyTo>
					<gx:Wait><gx:duration>0.01388799999949697</gx:duration>
</gx:Wait>
					<gx:FlyTo>
						<gx:duration>4.199999966658652e-05</gx:duration>
						<gx:flyToMode>smooth</gx:flyToMode>
						<LookAt>
							<gx:horizFov>59.99999999999999</gx:horizFov>
							<longitude>15.44699990672299</longitude>
							<latitude>78.2379639294455</latitude>
							<altitude>0</altitude>
							<heading>52.37069499945102</heading>
							<tilt>48.45281111979934</tilt>
							<range>182.0410504718768</range>
							<gx:altitudeMode>relativeToSeaFloor</gx:altitudeMode>
						</LookAt>
					</gx:FlyTo>
					<gx:Wait><gx:duration>15.650936</gx:duration>
</gx:Wait>
					<gx:AnimatedUpdate>
						<Update>
							<targetHref></targetHref>
							<Change><Placemark targetId="ArcticWorldArchive"><gx:balloonVisibility>0</gx:balloonVisibility></Placemark></Change>
						</Update>
					</gx:AnimatedUpdate>
					<gx:Wait><gx:duration>0.0002720000002227607</gx:duration>
</gx:Wait>
					<gx:AnimatedUpdate>
						<Update>
							<targetHref></targetHref>
							<Change><Placemark targetId="SvalbardSatellitestation"><gx:balloonVisibility>1</gx:balloonVisibility></Placemark></Change>
						</Update>
					</gx:AnimatedUpdate>
					<gx:Wait><gx:duration>0.1950539999998</gx:duration>
</gx:Wait>
					<gx:FlyTo>
						<gx:duration>0.272012999999788</gx:duration>
						<gx:flyToMode>smooth</gx:flyToMode>
						<LookAt>
							<gx:horizFov>59.99999999999999</gx:horizFov>
							<longitude>15.44725925319633</longitude>
							<latitude>78.23799913687377</latitude>
							<altitude>0</altitude>
							<heading>52.16772606885075</heading>
							<tilt>48.33105161195377</tilt>
							<range>317.2806158609002</range>
							<gx:altitudeMode>relativeToSeaFloor</gx:altitudeMode>
						</LookAt>
					</gx:FlyTo>
					<gx:FlyTo>
						<gx:duration>0.1980469999989509</gx:duration>
						<gx:flyToMode>smooth</gx:flyToMode>
						<LookAt>
							<gx:horizFov>59.99999999999999</gx:horizFov>
							<longitude>15.44717944456059</longitude>
							<latitude>78.23797442722038</latitude>
							<altitude>0</altitude>
							<heading>51.65156677103971</heading>
							<tilt>48.02087283739556</tilt>
							<range>480.3940461883391</range>
							<gx:altitudeMode>relativeToSeaFloor</gx:altitudeMode>
						</LookAt>
					</gx:FlyTo>
					<gx:FlyTo>
						<gx:duration>0.2514270000001488</gx:duration>
						<gx:flyToMode>smooth</gx:flyToMode>
						<Camera>
							<gx:horizFov>59.99999999999999</gx:horizFov>
							<longitude>15.42870290275505</longitude>
							<latitude>78.23486238682975</latitude>
							<altitude>386.0517954229875</altitude>
							<heading>50.56027247903178</heading>
							<tilt>47.36762627661933</tilt>
							<roll>0.8096396657538932</roll>
							<gx:altitudeMode>relativeToSeaFloor</gx:altitudeMode>
						</Camera>
					</gx:FlyTo>
					<gx:FlyTo>
						<gx:duration>0.2208420000006299</gx:duration>
						<gx:flyToMode>smooth</gx:flyToMode>
						<Camera>
							<gx:horizFov>59.99999999999999</gx:horizFov>
							<longitude>15.42296353301021</longitude>
							<latitude>78.23371050438497</latitude>
							<altitude>474.4571980613774</altitude>
							<heading>49.25459423738232</heading>
							<tilt>46.57505609650644</tilt>
							<roll>1.373636108131878</roll>
							<gx:altitudeMode>relativeToSeaFloor</gx:altitudeMode>
						</Camera>
					</gx:FlyTo>
					<gx:FlyTo>
						<gx:duration>0.214190000000599</gx:duration>
						<gx:flyToMode>smooth</gx:flyToMode>
						<Camera>
							<gx:horizFov>59.99999999999999</gx:horizFov>
							<longitude>15.41746511718057</longitude>
							<latitude>78.23248606953463</latitude>
							<altitude>556.6672121042689</altitude>
							<heading>47.70737008341222</heading>
							<tilt>45.62875164732077</tilt>
							<roll>2.016105504296854</roll>
							<gx:altitudeMode>relativeToSeaFloor</gx:altitudeMode>
						</Camera>
					</gx:FlyTo>
					<gx:FlyTo>
						<gx:duration>0.2387660000003962</gx:duration>
						<gx:flyToMode>smooth</gx:flyToMode>
						<Camera>
							<gx:horizFov>59.99999999999999</gx:horizFov>
							<longitude>15.41171282417243</longitude>
							<latitude>78.23103216813962</latitude>
							<altitude>701.2126648027362</altitude>
							<heading>45.68213409464094</heading>
							<tilt>44.38122438961094</tilt>
							<roll>2.812349184563122</roll>
							<gx:altitudeMode>relativeToSeaFloor</gx:altitudeMode>
						</Camera>
					</gx:FlyTo>
					<gx:FlyTo>
						<gx:duration>0.2144629999993413</gx:duration>
						<gx:flyToMode>smooth</gx:flyToMode>
						<Camera>
							<gx:horizFov>59.99999999999999</gx:horizFov>
							<longitude>15.40710129301965</longitude>
							<latitude>78.22968000759258</latitude>
							<altitude>856.6875050143044</altitude>
							<heading>43.6085804165448</heading>
							<tilt>43.09727443523968</tilt>
							<roll>3.572155273528939</roll>
							<gx:altitudeMode>relativeToSeaFloor</gx:altitudeMode>
						</Camera>
					</gx:FlyTo>
					<gx:FlyTo>
						<gx:duration>0.2309240000004138</gx:duration>
						<gx:flyToMode>smooth</gx:flyToMode>
						<Camera>
							<gx:horizFov>59.99999999999999</gx:horizFov>
							<longitude>15.40295952605781</longitude>
							<latitude>78.22823523718699</latitude>
							<altitude>1041.942585928783</altitude>
							<heading>41.15247945742595</heading>
							<tilt>41.57351912751806</tilt>
							<roll>4.395337210478305</roll>
							<gx:altitudeMode>relativeToSeaFloor</gx:altitudeMode>
						</Camera>
					</gx:FlyTo>
					<gx:FlyTo>
						<gx:duration>0.2234960000005231</gx:duration>
						<gx:flyToMode>smooth</gx:flyToMode>
						<Camera>
							<gx:horizFov>59.99999999999999</gx:horizFov>
							<longitude>15.39984054608712</longitude>
							<latitude>78.22688096495278</latitude>
							<altitude>1226.480342127771</altitude>
							<heading>38.55362793665687</heading>
							<tilt>39.9652843693461</tilt>
							<roll>5.170454407449929</roll>
							<gx:altitudeMode>relativeToSeaFloor</gx:altitudeMode>
						</Camera>
					</gx:FlyTo>
					<gx:FlyTo>
						<gx:duration>0.2104450000006182</gx:duration>
						<gx:flyToMode>smooth</gx:flyToMode>
						<Camera>
							<gx:horizFov>59.99999999999999</gx:horizFov>
							<longitude>15.39777201917893</longitude>
							<latitude>78.22569793097878</latitude>
							<altitude>1395.133270039815</altitude>
							<heading>35.94898155211506</heading>
							<tilt>38.36607110259082</tilt>
							<roll>5.842886808953582</roll>
							<gx:altitudeMode>relativeToSeaFloor</gx:altitudeMode>
						</Camera>
					</gx:FlyTo>
					<gx:FlyTo>
						<gx:duration>0.2268149999999878</gx:duration>
						<gx:flyToMode>smooth</gx:flyToMode>
						<Camera>
							<gx:horizFov>59.99999999999999</gx:horizFov>
							<longitude>15.3964376559985</longitude>
							<latitude>78.22454694869069</latitude>
							<altitude>1570.900365399796</altitude>
							<heading>32.95400022293328</heading>
							<tilt>36.55375280184781</tilt>
							<roll>6.480283189296315</roll>
							<gx:altitudeMode>relativeToSeaFloor</gx:altitudeMode>
						</Camera>
					</gx:FlyTo>
					<gx:FlyTo>
						<gx:duration>0.2309480000003532</gx:duration>
						<gx:flyToMode>smooth</gx:flyToMode>
						<Camera>
							<gx:horizFov>59.99999999999999</gx:horizFov>
							<longitude>15.39596235409729</longitude>
							<latitude>78.22355231300722</latitude>
							<altitude>1734.76878257138</altitude>
							<heading>29.74655109707644</heading>
							<tilt>34.65774321258804</tilt>
							<roll>6.994520606660199</roll>
							<gx:altitudeMode>relativeToSeaFloor</gx:altitudeMode>
						</Camera>
					</gx:FlyTo>
					<gx:FlyTo>
						<gx:duration>0.2113699999999881</gx:duration>
						<gx:flyToMode>smooth</gx:flyToMode>
						<Camera>
							<gx:horizFov>59.99999999999999</gx:horizFov>
							<longitude>15.39618228859564</longitude>
							<latitude>78.22281639084817</latitude>
							<altitude>1868.544895036982</altitude>
							<heading>26.6758134957514</heading>
							<tilt>32.8986660106507</tilt>
							<roll>7.317761665235142</roll>
							<gx:altitudeMode>relativeToSeaFloor</gx:altitudeMode>
						</Camera>
					</gx:FlyTo>
					<gx:FlyTo>
						<gx:duration>0.226315999999315</gx:duration>
						<gx:flyToMode>smooth</gx:flyToMode>
						<Camera>
							<gx:horizFov>59.99999999999999</gx:horizFov>
							<longitude>15.39694757507661</longitude>
							<latitude>78.22222558784935</latitude>
							<altitude>1988.539006715324</altitude>
							<heading>23.26704792899066</heading>
							<tilt>31.02355540385869</tilt>
							<roll>7.478098508848229</roll>
							<gx:altitudeMode>relativeToSeaFloor</gx:altitudeMode>
						</Camera>
					</gx:FlyTo>
					<gx:FlyTo>
						<gx:duration>0.2354949999999008</gx:duration>
						<gx:flyToMode>smooth</gx:flyToMode>
						<Camera>
							<gx:horizFov>59.99999999999999</gx:horizFov>
							<longitude>15.39812674284779</longitude>
							<latitude>78.2218251801706</latitude>
							<altitude>2087.257229561343</altitude>
							<heading>19.60513559506362</heading>
							<tilt>29.11362186146821</tilt>
							<roll>7.415106096394484</roll>
							<gx:altitudeMode>relativeToSeaFloor</gx:altitudeMode>
						</Camera>
					</gx:FlyTo>
					<gx:FlyTo>
						<gx:duration>0.2050639999997657</gx:duration>
						<gx:flyToMode>smooth</gx:flyToMode>
						<Camera>
							<gx:horizFov>59.99999999999999</gx:horizFov>
							<longitude>15.39931939505782</longitude>
							<latitude>78.22164294152121</latitude>
							<altitude>2149.691506659147</altitude>
							<heading>16.31658035911931</heading>
							<tilt>27.49978701222541</tilt>
							<roll>7.151708331244305</roll>
							<gx:altitudeMode>relativeToSeaFloor</gx:altitudeMode>
						</Camera>
					</gx:FlyTo>
					<gx:FlyTo>
						<gx:duration>0.2324989999997342</gx:duration>
						<gx:flyToMode>smooth</gx:flyToMode>
						<Camera>
							<gx:horizFov>59.99999999999999</gx:horizFov>
							<longitude>15.40067283540754</longitude>
							<latitude>78.22160552376066</latitude>
							<altitude>2192.028910727178</altitude>
							<heading>12.56196654185911</heading>
							<tilt>25.78163616682064</tilt>
							<roll>6.616529681351715</roll>
							<gx:altitudeMode>relativeToSeaFloor</gx:altitudeMode>
						</Camera>
					</gx:FlyTo>
					<gx:FlyTo>
						<gx:duration>0.229205999999067</gx:duration>
						<gx:flyToMode>smooth</gx:flyToMode>
						<Camera>
							<gx:horizFov>59.99999999999999</gx:horizFov>
							<longitude>15.40188116898945</longitude>
							<latitude>78.22171476462533</latitude>
							<altitude>2204.820675419808</altitude>
							<heading>8.846916024938434</heading>
							<tilt>24.21564738553579</tilt>
							<roll>5.849795190213138</roll>
							<gx:altitudeMode>relativeToSeaFloor</gx:altitudeMode>
						</Camera>
					</gx:FlyTo>
					<gx:FlyTo>
						<gx:duration>0.2269019999994271</gx:duration>
						<gx:flyToMode>smooth</gx:flyToMode>
						<Camera>
							<gx:horizFov>59.99999999999999</gx:horizFov>
							<longitude>15.40285115455556</longitude>
							<latitude>78.22193505830425</latitude>
							<altitude>2190.078310617834</altitude>
							<heading>5.226013635727377</heading>
							<tilt>22.81763660654958</tilt>
							<roll>4.887196935341726</roll>
							<gx:altitudeMode>relativeToSeaFloor</gx:altitudeMode>
						</Camera>
					</gx:FlyTo>
					<gx:FlyTo>
						<gx:duration>0.222646999999597</gx:duration>
						<gx:flyToMode>smooth</gx:flyToMode>
						<Camera>
							<gx:horizFov>59.99999999999999</gx:horizFov>
							<longitude>15.40352150343223</longitude>
							<latitude>78.22222708152718</latitude>
							<altitude>2151.046215669185</altitude>
							<heading>1.853096082533844</heading>
							<tilt>21.62678449228255</tilt>
							<roll>3.811366834463694</roll>
							<gx:altitudeMode>relativeToSeaFloor</gx:altitudeMode>
						</Camera>
					</gx:FlyTo>
					<gx:FlyTo>
						<gx:duration>0.2182410000004893</gx:duration>
						<gx:flyToMode>smooth</gx:flyToMode>
						<Camera>
							<gx:horizFov>59.99999999999999</gx:horizFov>
							<longitude>15.40389945778454</longitude>
							<latitude>78.22255977537466</latitude>
							<altitude>2091.872279589803</altitude>
							<heading>-1.171874938677256</heading>
							<tilt>20.64686275305297</tilt>
							<roll>2.709717115593067</roll>
							<gx:altitudeMode>relativeToSeaFloor</gx:altitudeMode>
						</Camera>
					</gx:FlyTo>
					<gx:FlyTo>
						<gx:duration>0.2336679999998523</gx:duration>
						<gx:flyToMode>smooth</gx:flyToMode>
						<Camera>
							<gx:horizFov>59.99999999999999</gx:horizFov>
							<longitude>15.40402540939171</longitude>
							<latitude>78.22293955524248</latitude>
							<altitude>2010.05396850222</altitude>
							<heading>-3.92961122094722</heading>
							<tilt>19.82290930980967</tilt>
							<roll>1.600697002591659</roll>
							<gx:altitudeMode>relativeToSeaFloor</gx:altitudeMode>
						</Camera>
					</gx:FlyTo>
					<gx:FlyTo>
						<gx:duration>0.2143210000003819</gx:duration>
						<gx:flyToMode>smooth</gx:flyToMode>
						<Camera>
							<gx:horizFov>59.99999999999999</gx:horizFov>
							<longitude>15.40396922020144</longitude>
							<latitude>78.22323237755435</latitude>
							<altitude>1938.248217814596</altitude>
							<heading>-5.592652969111493</heading>
							<tilt>19.35670463252745</tilt>
							<roll>0.8866996780844528</roll>
							<gx:altitudeMode>relativeToSeaFloor</gx:altitudeMode>
						</Camera>
					</gx:FlyTo>
					<gx:FlyTo>
						<gx:duration>0.2190579999996771</gx:duration>
						<gx:flyToMode>smooth</gx:flyToMode>
						<LookAt>
							<gx:horizFov>59.99999999999999</gx:horizFov>
							<longitude>15.40060206962183</longitude>
							<latitude>78.22927614962614</latitude>
							<altitude>0</altitude>
							<heading>-6.525134963041153</heading>
							<tilt>19.11181518652203</tilt>
							<range>1996.602638087189</range>
							<gx:altitudeMode>relativeToSeaFloor</gx:altitudeMode>
						</LookAt>
					</gx:FlyTo>
					<gx:FlyTo>
						<gx:duration>0.2235389999996187</gx:duration>
						<gx:flyToMode>smooth</gx:flyToMode>
						<LookAt>
							<gx:horizFov>59.99999999999999</gx:horizFov>
							<longitude>15.40036444532219</longitude>
							<latitude>78.22925015874277</latitude>
							<altitude>0</altitude>
							<heading>-7.027077141113451</heading>
							<tilt>18.97911001276862</tilt>
							<range>1951.564796579788</range>
							<gx:altitudeMode>relativeToSeaFloor</gx:altitudeMode>
						</LookAt>
					</gx:FlyTo>
					<gx:FlyTo>
						<gx:duration>0.2240940000001501</gx:duration>
						<gx:flyToMode>smooth</gx:flyToMode>
						<LookAt>
							<gx:horizFov>59.99999999999999</gx:horizFov>
							<longitude>15.40023867996872</longitude>
							<latitude>78.22923999457579</latitude>
							<altitude>0</altitude>
							<heading>-7.289099341692399</heading>
							<tilt>18.91061794161088</tilt>
							<range>1920.259894756701</range>
							<gx:altitudeMode>relativeToSeaFloor</gx:altitudeMode>
						</LookAt>
					</gx:FlyTo>
					<gx:FlyTo>
						<gx:duration>0.218127000000095</gx:duration>
						<gx:flyToMode>smooth</gx:flyToMode>
						<LookAt>
							<gx:horizFov>59.99999999999999</gx:horizFov>
							<longitude>15.40017359040032</longitude>
							<latitude>78.22923720827302</latitude>
							<altitude>0</altitude>
							<heading>-7.42170131472594</heading>
							<tilt>18.87616100543583</tilt>
							<range>1899.332403236378</range>
							<gx:altitudeMode>relativeToSeaFloor</gx:altitudeMode>
						</LookAt>
					</gx:FlyTo>
					<gx:FlyTo>
						<gx:duration>0.2233660000001692</gx:duration>
						<gx:flyToMode>smooth</gx:flyToMode>
						<LookAt>
							<gx:horizFov>59.99999999999999</gx:horizFov>
							<longitude>15.40013799004854</longitude>
							<latitude>78.22923747715967</latitude>
							<altitude>0</altitude>
							<heading>-7.491915109174951</heading>
							<tilt>18.85797268167244</tilt>
							<range>1884.778665708658</range>
							<gx:altitudeMode>relativeToSeaFloor</gx:altitudeMode>
						</LookAt>
					</gx:FlyTo>
					<gx:FlyTo>
						<gx:duration>0.2665239999996629</gx:duration>
						<gx:flyToMode>smooth</gx:flyToMode>
						<LookAt>
							<gx:horizFov>59.99999999999999</gx:horizFov>
							<longitude>15.40011951336663</longitude>
							<latitude>78.2292388047474</latitude>
							<altitude>0</altitude>
							<heading>-7.52682322601494</heading>
							<tilt>18.84894552256438</tilt>
							<range>1875.31462593484</range>
							<gx:altitudeMode>relativeToSeaFloor</gx:altitudeMode>
						</LookAt>
					</gx:FlyTo>
					<gx:FlyTo>
						<gx:duration>0.2423180000005232</gx:duration>
						<gx:flyToMode>smooth</gx:flyToMode>
						<LookAt>
							<gx:horizFov>59.99999999999999</gx:horizFov>
							<longitude>15.40010877893755</longitude>
							<latitude>78.22924046719666</latitude>
							<altitude>0</altitude>
							<heading>-7.545930552051727</heading>
							<tilt>18.84400947928986</tilt>
							<range>1868.553673068963</range>
							<gx:altitudeMode>relativeToSeaFloor</gx:altitudeMode>
						</LookAt>
					</gx:FlyTo>
					<gx:FlyTo>
						<gx:duration>0.1422119999997449</gx:duration>
						<gx:flyToMode>smooth</gx:flyToMode>
						<LookAt>
							<gx:horizFov>59.99999999999999</gx:horizFov>
							<longitude>15.4001031063914</longitude>
							<latitude>78.22924192163086</latitude>
							<altitude>0</altitude>
							<heading>-7.555279872504979</heading>
							<tilt>18.84159602063136</tilt>
							<range>1864.219167991255</range>
							<gx:altitudeMode>relativeToSeaFloor</gx:altitudeMode>
						</LookAt>
					</gx:FlyTo>
					<gx:FlyTo>
						<gx:duration>0.09129500000017288</gx:duration>
						<gx:flyToMode>smooth</gx:flyToMode>
						<LookAt>
							<gx:horizFov>59.99999999999999</gx:horizFov>
							<longitude>15.4001002326382</longitude>
							<latitude>78.22924297986144</latitude>
							<altitude>0</altitude>
							<heading>-7.559614297114605</heading>
							<tilt>18.84047779612334</tilt>
							<range>1861.641614875912</range>
							<gx:altitudeMode>relativeToSeaFloor</gx:altitudeMode>
						</LookAt>
					</gx:FlyTo>
					<gx:FlyTo>
						<gx:duration>0.08290000000033615</gx:duration>
						<gx:flyToMode>smooth</gx:flyToMode>
						<LookAt>
							<gx:horizFov>59.99999999999999</gx:horizFov>
							<longitude>15.40009820861607</longitude>
							<latitude>78.22924399298807</latitude>
							<altitude>0</altitude>
							<heading>-7.562326075246476</heading>
							<tilt>18.83977867722701</tilt>
							<range>1859.583235760257</range>
							<gx:altitudeMode>relativeToSeaFloor</gx:altitudeMode>
						</LookAt>
					</gx:FlyTo>
					<gx:FlyTo>
						<gx:duration>0.04273899999952846</gx:duration>
						<gx:flyToMode>smooth</gx:flyToMode>
						<LookAt>
							<gx:horizFov>59.99999999999999</gx:horizFov>
							<longitude>15.40009707870309</longitude>
							<latitude>78.22924470105077</latitude>
							<altitude>0</altitude>
							<heading>-7.563618077778425</heading>
							<tilt>18.83944588071768</tilt>
							<range>1858.312151270835</range>
							<gx:altitudeMode>relativeToSeaFloor</gx:altitudeMode>
						</LookAt>
					</gx:FlyTo>
					<gx:FlyTo>
						<gx:duration>0.03171800000018266</gx:duration>
						<gx:flyToMode>smooth</gx:flyToMode>
						<LookAt>
							<gx:horizFov>59.99999999999999</gx:horizFov>
							<longitude>15.40009637320279</longitude>
							<latitude>78.22924525885362</latitude>
							<altitude>0</altitude>
							<heading>-7.56431570757883</heading>
							<tilt>18.83926638695983</tilt>
							<range>1857.43056506483</range>
							<gx:altitudeMode>relativeToSeaFloor</gx:altitudeMode>
						</LookAt>
					</gx:FlyTo>
					<gx:FlyTo>
						<gx:duration>0.01783199999954377</gx:duration>
						<gx:flyToMode>smooth</gx:flyToMode>
						<LookAt>
							<gx:horizFov>59.99999999999999</gx:horizFov>
							<longitude>15.40009595672717</longitude>
							<latitude>78.22924563734895</latitude>
							<altitude>0</altitude>
							<heading>-7.564651429062989</heading>
							<tilt>18.8391801416824</tilt>
							<range>1856.886962974555</range>
							<gx:altitudeMode>relativeToSeaFloor</gx:altitudeMode>
						</LookAt>
					</gx:FlyTo>
					<gx:FlyTo>
						<gx:duration>0.009970000000066648</gx:duration>
						<gx:flyToMode>smooth</gx:flyToMode>
						<LookAt>
							<gx:horizFov>59.99999999999999</gx:horizFov>
							<longitude>15.40009577287478</longitude>
							<latitude>78.22924582727782</latitude>
							<altitude>0</altitude>
							<heading>-7.564780435196716</heading>
							<tilt>18.83914705081521</tilt>
							<range>1856.632193046576</range>
							<gx:altitudeMode>relativeToSeaFloor</gx:altitudeMode>
						</LookAt>
					</gx:FlyTo>
					<gx:FlyTo>
						<gx:duration>0.014524999999594</gx:duration>
						<gx:flyToMode>smooth</gx:flyToMode>
						<LookAt>
							<gx:horizFov>59.99999999999999</gx:horizFov>
							<longitude>15.40009557468404</longitude>
							<latitude>78.22924604098883</latitude>
							<altitude>0</altitude>
							<heading>-7.564883562985801</heading>
							<tilt>18.83912067534544</tilt>
							<range>1856.392337816047</range>
							<gx:altitudeMode>relativeToSeaFloor</gx:altitudeMode>
						</LookAt>
					</gx:FlyTo>
					<gx:FlyTo>
						<gx:duration>0.007993000000169559</gx:duration>
						<gx:flyToMode>smooth</gx:flyToMode>
						<LookAt>
							<gx:horizFov>59.99999999999999</gx:horizFov>
							<longitude>15.40009540820928</longitude>
							<latitude>78.22924624270699</latitude>
							<altitude>0</altitude>
							<heading>-7.564960743098853</heading>
							<tilt>18.83910098128976</tilt>
							<range>1856.169304877339</range>
							<gx:altitudeMode>relativeToSeaFloor</gx:altitudeMode>
						</LookAt>
					</gx:FlyTo>
					<gx:FlyTo>
						<gx:duration>0.008514000000104716</gx:duration>
						<gx:flyToMode>smooth</gx:flyToMode>
						<LookAt>
							<gx:horizFov>59.99999999999999</gx:horizFov>
							<longitude>15.40009525865202</longitude>
							<latitude>78.22924643692271</latitude>
							<altitude>0</altitude>
							<heading>-7.565011986359193</heading>
							<tilt>18.83908797621805</tilt>
							<range>1855.969266852086</range>
							<gx:altitudeMode>relativeToSeaFloor</gx:altitudeMode>
						</LookAt>
					</gx:FlyTo>
					<gx:FlyTo>
						<gx:duration>0.008910000000469154</gx:duration>
						<gx:flyToMode>smooth</gx:flyToMode>
						<LookAt>
							<gx:horizFov>59.99999999999999</gx:horizFov>
							<longitude>15.4000951107741</longitude>
							<latitude>78.22924663516946</latitude>
							<altitude>0</altitude>
							<heading>-7.565037301603167</heading>
							<tilt>18.83908167469687</tilt>
							<range>1855.806074034788</range>
							<gx:altitudeMode>relativeToSeaFloor</gx:altitudeMode>
						</LookAt>
					</gx:FlyTo>
					<gx:Wait><gx:duration>0.01031500000044616</gx:duration>
</gx:Wait>
					<gx:FlyTo>
						<gx:duration>3.79999992219382e-05</gx:duration>
						<gx:flyToMode>smooth</gx:flyToMode>
						<LookAt>
							<gx:horizFov>59.99999999999999</gx:horizFov>
							<longitude>15.40009505053485</longitude>
							<latitude>78.2292467343153</latitude>
							<altitude>0</altitude>
							<heading>-7.565040224500071</heading>
							<tilt>18.83908103380404</tilt>
							<range>1855.759622933407</range>
							<gx:altitudeMode>relativeToSeaFloor</gx:altitudeMode>
						</LookAt>
					</gx:FlyTo>
					<gx:Wait><gx:duration>3.317266000000018</gx:duration>
</gx:Wait>
					<gx:AnimatedUpdate>
						<Update>
							<targetHref></targetHref>
							<Change><Placemark targetId="SvalbardSatellitestation"><gx:balloonVisibility>0</gx:balloonVisibility></Placemark></Change>
						</Update>
					</gx:AnimatedUpdate>
					<gx:Wait><gx:duration>1.900000006571645e-05</gx:duration>
</gx:Wait>
					<gx:AnimatedUpdate>
						<Update>
							<targetHref></targetHref>
							<Change><Placemark targetId="Propertyforsale"><gx:balloonVisibility>1</gx:balloonVisibility></Placemark></Change>
						</Update>
					</gx:AnimatedUpdate>
					<gx:Wait><gx:duration>0.02483400000073743</gx:duration>
</gx:Wait>
					<gx:FlyTo>
						<gx:duration>0.1852689999996073</gx:duration>
						<gx:flyToMode>smooth</gx:flyToMode>
						<LookAt>
							<gx:horizFov>59.99999999999999</gx:horizFov>
							<longitude>15.39821910753673</longitude>
							<latitude>78.22699953143274</latitude>
							<altitude>0</altitude>
							<heading>-7.568218267367479</heading>
							<tilt>18.97905770392357</tilt>
							<range>5216.810354707633</range>
							<gx:altitudeMode>relativeToSeaFloor</gx:altitudeMode>
						</LookAt>
					</gx:FlyTo>
					<gx:FlyTo>
						<gx:duration>0.2088530000000901</gx:duration>
						<gx:flyToMode>smooth</gx:flyToMode>
						<LookAt>
							<gx:horizFov>59.99999999999999</gx:horizFov>
							<longitude>15.38933685009194</longitude>
							<latitude>78.21684646262662</latitude>
							<altitude>0</altitude>
							<heading>-7.582682761205661</heading>
							<tilt>19.62899845967728</tilt>
							<range>11679.63095430149</range>
							<gx:altitudeMode>relativeToSeaFloor</gx:altitudeMode>
						</LookAt>
					</gx:FlyTo>
					<gx:FlyTo>
						<gx:duration>0.2313149999999951</gx:duration>
						<gx:flyToMode>smooth</gx:flyToMode>
						<LookAt>
							<gx:horizFov>59.99999999999999</gx:horizFov>
							<longitude>15.37556950849901</longitude>
							<latitude>78.20116269145012</latitude>
							<altitude>0</altitude>
							<heading>-7.603740107751349</heading>
							<tilt>20.63562231691758</tilt>
							<range>18255.18414135766</range>
							<gx:altitudeMode>relativeToSeaFloor</gx:altitudeMode>
						</LookAt>
					</gx:FlyTo>
					<gx:FlyTo>
						<gx:duration>0.2256200000001627</gx:duration>
						<gx:flyToMode>smooth</gx:flyToMode>
						<LookAt>
							<gx:horizFov>59.99999999999999</gx:horizFov>
							<longitude>15.35793841930867</longitude>
							<latitude>78.17976777598997</latitude>
							<altitude>0</altitude>
							<heading>-7.628818116610658</heading>
							<tilt>21.96103054134942</tilt>
							<range>24727.37673819803</range>
							<gx:altitudeMode>relativeToSeaFloor</gx:altitudeMode>
						</LookAt>
					</gx:FlyTo>
					<gx:FlyTo>
						<gx:duration>0.2142550000007759</gx:duration>
						<gx:flyToMode>smooth</gx:flyToMode>
						<LookAt>
							<gx:horizFov>59.99999999999999</gx:horizFov>
							<longitude>15.33720214007074</longitude>
							<latitude>78.15535757862355</latitude>
							<altitude>0</altitude>
							<heading>-7.655622286599868</heading>
							<tilt>23.50151396091113</tilt>
							<range>31005.11208801383</range>
							<gx:altitudeMode>relativeToSeaFloor</gx:altitudeMode>
						</LookAt>
					</gx:FlyTo>
					<gx:FlyTo>
						<gx:duration>0.2335510000002614</gx:duration>
						<gx:flyToMode>smooth</gx:flyToMode>
						<LookAt>
							<gx:horizFov>59.99999999999999</gx:horizFov>
							<longitude>15.31087065062635</longitude>
							<latitude>78.12453170358228</latitude>
							<altitude>0</altitude>
							<heading>-7.686433218016158</heading>
							<tilt>25.45563084589564</tilt>
							<range>37688.19632749972</range>
							<gx:altitudeMode>relativeToSeaFloor</gx:altitudeMode>
						</LookAt>
					</gx:FlyTo>
					<gx:FlyTo>
						<gx:duration>0.2181950000003781</gx:duration>
						<gx:flyToMode>smooth</gx:flyToMode>
						<LookAt>
							<gx:horizFov>59.99999999999999</gx:horizFov>
							<longitude>15.2816201219289</longitude>
							<latitude>78.09484894335756</latitude>
							<altitude>0</altitude>
							<heading>-7.717280280566261</heading>
							<tilt>27.50642891291848</tilt>
							<range>44208.10348369912</range>
							<gx:altitudeMode>relativeToSeaFloor</gx:altitudeMode>
						</LookAt>
					</gx:FlyTo>
					<gx:FlyTo>
						<gx:duration>0.227139999999963</gx:duration>
						<gx:flyToMode>smooth</gx:flyToMode>
						<LookAt>
							<gx:horizFov>59.99999999999999</gx:horizFov>
							<longitude>15.25134635796144</longitude>
							<latitude>78.0569242013005</latitude>
							<altitude>0</altitude>
							<heading>-7.746466375389013</heading>
							<tilt>29.82756573865585</tilt>
							<range>49460.13635271147</range>
							<gx:altitudeMode>relativeToSeaFloor</gx:altitudeMode>
						</LookAt>
					</gx:FlyTo>
					<gx:FlyTo>
						<gx:duration>0.21917300000041</gx:duration>
						<gx:flyToMode>smooth</gx:flyToMode>
						<LookAt>
							<gx:horizFov>59.99999999999999</gx:horizFov>
							<longitude>15.2192604547906</longitude>
							<latitude>78.01883205388926</latitude>
							<altitude>0</altitude>
							<heading>-7.774825150784459</heading>
							<tilt>32.23489645497104</tilt>
							<range>54195.95026930943</range>
							<gx:altitudeMode>relativeToSeaFloor</gx:altitudeMode>
						</LookAt>
					</gx:FlyTo>
					<gx:FlyTo>
						<gx:duration>0.221838999999818</gx:duration>
						<gx:flyToMode>smooth</gx:flyToMode>
						<LookAt>
							<gx:horizFov>59.99999999999999</gx:horizFov>
							<longitude>15.1846604178043</longitude>
							<latitude>77.97961912443604</latitude>
							<altitude>0</altitude>
							<heading>-7.803240180171059</heading>
							<tilt>34.78502485742676</tilt>
							<range>58448.17856137492</range>
							<gx:altitudeMode>relativeToSeaFloor</gx:altitudeMode>
						</LookAt>
					</gx:FlyTo>
					<gx:FlyTo>
						<gx:duration>0.2277599999997619</gx:duration>
						<gx:flyToMode>smooth</gx:flyToMode>
						<LookAt>
							<gx:horizFov>59.99999999999999</gx:horizFov>
							<longitude>15.14891817694147</longitude>
							<latitude>77.93707572362807</latitude>
							<altitude>0</altitude>
							<heading>-7.830534281725591</heading>
							<tilt>37.48006887968641</tilt>
							<range>61706.0847201686</range>
							<gx:altitudeMode>relativeToSeaFloor</gx:altitudeMode>
						</LookAt>
					</gx:FlyTo>
					<gx:FlyTo>
						<gx:duration>0.2232610000000932</gx:duration>
						<gx:flyToMode>smooth</gx:flyToMode>
						<LookAt>
							<gx:horizFov>59.99999999999999</gx:horizFov>
							<longitude>15.11431501324215</longitude>
							<latitude>77.89269441588819</latitude>
							<altitude>0</altitude>
							<heading>-7.855154577404193</heading>
							<tilt>40.18166463663241</tilt>
							<range>63688.44757685723</range>
							<gx:altitudeMode>relativeToSeaFloor</gx:altitudeMode>
						</LookAt>
					</gx:FlyTo>
					<gx:FlyTo>
						<gx:duration>0.2253580000005968</gx:duration>
						<gx:flyToMode>smooth</gx:flyToMode>
						<LookAt>
							<gx:horizFov>59.99999999999999</gx:horizFov>
							<longitude>15.07544809647231</longitude>
							<latitude>77.85353144082779</latitude>
							<altitude>0</altitude>
							<heading>-7.882598002130615</heading>
							<tilt>42.92942408269244</tilt>
							<range>65714.11960816015</range>
							<gx:altitudeMode>relativeToSeaFloor</gx:altitudeMode>
						</LookAt>
					</gx:FlyTo>
					<gx:FlyTo>
						<gx:duration>0.2196979999989708</gx:duration>
						<gx:flyToMode>smooth</gx:flyToMode>
						<LookAt>
							<gx:horizFov>59.99999999999999</gx:horizFov>
							<longitude>15.04099532456602</longitude>
							<latitude>77.81088995656295</latitude>
							<altitude>0</altitude>
							<heading>-7.905160725684732</heading>
							<tilt>45.58730520996357</tilt>
							<range>65922.4311856948</range>
							<gx:altitudeMode>relativeToSeaFloor</gx:altitudeMode>
						</LookAt>
					</gx:FlyTo>
					<gx:FlyTo>
						<gx:duration>0.2326970000003712</gx:duration>
						<gx:flyToMode>smooth</gx:flyToMode>
						<LookAt>
							<gx:horizFov>59.99999999999999</gx:horizFov>
							<longitude>15.00302687861212</longitude>
							<latitude>77.77034188820181</latitude>
							<altitude>0</altitude>
							<heading>-7.930057636971208</heading>
							<tilt>48.34517132084436</tilt>
							<range>65679.51258110936</range>
							<gx:altitudeMode>relativeToSeaFloor</gx:altitudeMode>
						</LookAt>
					</gx:FlyTo>
					<gx:FlyTo>
						<gx:duration>0.2221509999990303</gx:duration>
						<gx:flyToMode>smooth</gx:flyToMode>
						<LookAt>
							<gx:horizFov>59.99999999999999</gx:horizFov>
							<longitude>14.96945447609664</longitude>
							<latitude>77.73101949918717</latitude>
							<altitude>0</altitude>
							<heading>-7.951153330526621</heading>
							<tilt>50.8838510300003</tilt>
							<range>64167.8334779704</range>
							<gx:altitudeMode>relativeToSeaFloor</gx:altitudeMode>
						</LookAt>
					</gx:FlyTo>
					<gx:FlyTo>
						<gx:duration>0.2198829999997542</gx:duration>
						<gx:flyToMode>smooth</gx:flyToMode>
						<LookAt>
							<gx:horizFov>59.99999999999999</gx:horizFov>
							<longitude>14.93869164013392</longitude>
							<latitude>77.69273983178385</latitude>
							<altitude>0</altitude>
							<heading>-7.96988077898965</heading>
							<tilt>53.27612450383641</tilt>
							<range>61631.64607830503</range>
							<gx:altitudeMode>relativeToSeaFloor</gx:altitudeMode>
						</LookAt>
					</gx:FlyTo>
					<gx:FlyTo>
						<gx:duration>0.2189060000000609</gx:duration>
						<gx:flyToMode>smooth</gx:flyToMode>
						<LookAt>
							<gx:horizFov>59.99999999999999</gx:horizFov>
							<longitude>14.91277532471586</longitude>
							<latitude>77.65321629426819</latitude>
							<altitude>0</altitude>
							<heading>-7.984503068646567</heading>
							<tilt>55.49520912427447</tilt>
							<range>57810.44073164628</range>
							<gx:altitudeMode>relativeToSeaFloor</gx:altitudeMode>
						</LookAt>
					</gx:FlyTo>
					<gx:FlyTo>
						<gx:duration>0.2283900000002177</gx:duration>
						<gx:flyToMode>smooth</gx:flyToMode>
						<LookAt>
							<gx:horizFov>59.99999999999999</gx:horizFov>
							<longitude>14.88255202690334</longitude>
							<latitude>77.62413062375907</latitude>
							<altitude>0</altitude>
							<heading>-8.003748148067805</heading>
							<tilt>57.61740005939722</tilt>
							<range>54334.34459605785</range>
							<gx:altitudeMode>relativeToSeaFloor</gx:altitudeMode>
						</LookAt>
					</gx:FlyTo>
					<gx:FlyTo>
						<gx:duration>0.229207000000315</gx:duration>
						<gx:flyToMode>smooth</gx:flyToMode>
						<LookAt>
							<gx:horizFov>59.99999999999999</gx:horizFov>
							<longitude>14.85754774620211</longitude>
							<latitude>77.59537870800638</latitude>
							<altitude>0</altitude>
							<heading>-8.018982571352522</heading>
							<tilt>59.50522714253765</tilt>
							<range>49770.57435790689</range>
							<gx:altitudeMode>relativeToSeaFloor</gx:altitudeMode>
						</LookAt>
					</gx:FlyTo>
					<gx:FlyTo>
						<gx:duration>0.2296949999999924</gx:duration>
						<gx:flyToMode>smooth</gx:flyToMode>
						<LookAt>
							<gx:horizFov>59.99999999999999</gx:horizFov>
							<longitude>14.83676304290172</longitude>
							<latitude>77.57141679086362</latitude>
							<altitude>0</altitude>
							<heading>-8.031630150824361</heading>
							<tilt>61.0780302975833</tilt>
							<range>44848.66442796205</range>
							<gx:altitudeMode>relativeToSeaFloor</gx:altitudeMode>
						</LookAt>
					</gx:FlyTo>
					<gx:FlyTo>
						<gx:duration>0.2049500000002809</gx:duration>
						<gx:flyToMode>smooth</gx:flyToMode>
						<LookAt>
							<gx:horizFov>59.99999999999999</gx:horizFov>
							<longitude>14.82230839925423</longitude>
							<latitude>77.55146760704592</latitude>
							<altitude>0</altitude>
							<heading>-8.039967970841873</heading>
							<tilt>62.26579183663888</tilt>
							<range>39785.0089062371</range>
							<gx:altitudeMode>relativeToSeaFloor</gx:altitudeMode>
						</LookAt>
					</gx:FlyTo>
					<gx:FlyTo>
						<gx:duration>0.2271870000004128</gx:duration>
						<gx:flyToMode>smooth</gx:flyToMode>
						<LookAt>
							<gx:horizFov>59.99999999999999</gx:horizFov>
							<longitude>14.812114237294</longitude>
							<latitude>77.53721191747348</latitude>
							<altitude>0</altitude>
							<heading>-8.04585479985221</heading>
							<tilt>63.10602559561049</tilt>
							<range>35066.20974375374</range>
							<gx:altitudeMode>relativeToSeaFloor</gx:altitudeMode>
						</LookAt>
					</gx:FlyTo>
					<gx:FlyTo>
						<gx:duration>0.2222620000011375</gx:duration>
						<gx:flyToMode>smooth</gx:flyToMode>
						<LookAt>
							<gx:horizFov>59.99999999999999</gx:horizFov>
							<longitude>14.80746833241975</longitude>
							<latitude>77.5302850766375</latitude>
							<altitude>0</altitude>
							<heading>-8.048475951759887</heading>
							<tilt>63.50189732736231</tilt>
							<range>32104.0322851267</range>
							<gx:altitudeMode>relativeToSeaFloor</gx:altitudeMode>
						</LookAt>
					</gx:FlyTo>
					<gx:FlyTo>
						<gx:duration>0.224369999999908</gx:duration>
						<gx:flyToMode>smooth</gx:flyToMode>
						<LookAt>
							<gx:horizFov>59.99999999999999</gx:horizFov>
							<longitude>14.80452732022689</longitude>
							<latitude>77.5262300038471</latitude>
							<altitude>0</altitude>
							<heading>-8.050181654426389</heading>
							<tilt>63.74338801368588</tilt>
							<range>29764.76860441728</range>
							<gx:altitudeMode>relativeToSeaFloor</gx:altitudeMode>
						</LookAt>
					</gx:FlyTo>
					<gx:FlyTo>
						<gx:duration>0.2092299999994793</gx:duration>
						<gx:flyToMode>smooth</gx:flyToMode>
						<LookAt>
							<gx:horizFov>59.99999999999999</gx:horizFov>
							<longitude>14.80324931932534</longitude>
							<latitude>77.5243663023487</latitude>
							<altitude>0</altitude>
							<heading>-8.050909314151887</heading>
							<tilt>63.8511574415702</tilt>
							<range>28379.45125003584</range>
							<gx:altitudeMode>relativeToSeaFloor</gx:altitudeMode>
						</LookAt>
					</gx:FlyTo>
					<gx:FlyTo>
						<gx:duration>0.2150499999997919</gx:duration>
						<gx:flyToMode>smooth</gx:flyToMode>
						<LookAt>
							<gx:horizFov>59.99999999999999</gx:horizFov>
							<longitude>14.80250385324601</longitude>
							<latitude>77.52343379825216</latitude>
							<altitude>0</altitude>
							<heading>-8.051354933379864</heading>
							<tilt>63.90973547609576</tilt>
							<range>27416.82148463392</range>
							<gx:altitudeMode>relativeToSeaFloor</gx:altitudeMode>
						</LookAt>
					</gx:FlyTo>
					<gx:FlyTo>
						<gx:duration>0.2304119999998875</gx:duration>
						<gx:flyToMode>smooth</gx:flyToMode>
						<LookAt>
							<gx:horizFov>59.99999999999999</gx:horizFov>
							<longitude>14.80209528398983</longitude>
							<latitude>77.52292432983151</latitude>
							<altitude>0</altitude>
							<heading>-8.051599486216281</heading>
							<tilt>63.94178622474062</tilt>
							<range>26726.27773477746</range>
							<gx:altitudeMode>relativeToSeaFloor</gx:altitudeMode>
						</LookAt>
					</gx:FlyTo>
					<gx:FlyTo>
						<gx:duration>0.2200009999996837</gx:duration>
						<gx:flyToMode>smooth</gx:flyToMode>
						<LookAt>
							<gx:horizFov>59.99999999999999</gx:horizFov>
							<longitude>14.80190050876146</longitude>
							<latitude>77.52267577783391</latitude>
							<altitude>0</altitude>
							<heading>-8.05171519651339</heading>
							<tilt>63.95723833045798</tilt>
							<range>26287.11937214611</range>
							<gx:altitudeMode>relativeToSeaFloor</gx:altitudeMode>
						</LookAt>
					</gx:FlyTo>
					<gx:FlyTo>
						<gx:duration>0.2208660000005693</gx:duration>
						<gx:flyToMode>smooth</gx:flyToMode>
						<LookAt>
							<gx:horizFov>59.99999999999999</gx:horizFov>
							<longitude>14.80180224379326</longitude>
							<latitude>77.52254102095826</latitude>
							<altitude>0</altitude>
							<heading>-8.051772755632264</heading>
							<tilt>63.96522959606169</tilt>
							<range>25988.97601946045</range>
							<gx:altitudeMode>relativeToSeaFloor</gx:altitudeMode>
						</LookAt>
					</gx:FlyTo>
					<gx:FlyTo>
						<gx:duration>0.2561240000004545</gx:duration>
						<gx:flyToMode>smooth</gx:flyToMode>
						<LookAt>
							<gx:horizFov>59.99999999999999</gx:horizFov>
							<longitude>14.80176725675271</longitude>
							<latitude>77.52248360585074</latitude>
							<altitude>0</altitude>
							<heading>-8.051790974604884</heading>
							<tilt>63.96847542513787</tilt>
							<range>25834.66978382722</range>
							<gx:altitudeMode>relativeToSeaFloor</gx:altitudeMode>
						</LookAt>
					</gx:FlyTo>
					<gx:FlyTo>
						<gx:duration>0.172867999999653</gx:duration>
						<gx:flyToMode>smooth</gx:flyToMode>
						<LookAt>
							<gx:horizFov>59.99999999999999</gx:horizFov>
							<longitude>14.80173427792121</longitude>
							<latitude>77.52242765510056</latitude>
							<altitude>0</altitude>
							<heading>-8.051809290134052</heading>
							<tilt>63.97139043073118</tilt>
							<range>25654.7708411569</range>
							<gx:altitudeMode>relativeToSeaFloor</gx:altitudeMode>
						</LookAt>
					</gx:FlyTo>
					<gx:FlyTo>
						<gx:duration>0.2225520000001779</gx:duration>
						<gx:flyToMode>smooth</gx:flyToMode>
						<LookAt>
							<gx:horizFov>59.99999999999999</gx:horizFov>
							<longitude>14.80172505280839</longitude>
							<latitude>77.52240485038944</latitude>
							<altitude>0</altitude>
							<heading>-8.051813105300178</heading>
							<tilt>63.9724510507764</tilt>
							<range>25564.78908853978</range>
							<gx:altitudeMode>relativeToSeaFloor</gx:altitudeMode>
						</LookAt>
					</gx:FlyTo>
					<gx:FlyTo>
						<gx:duration>0.1828910000003816</gx:duration>
						<gx:flyToMode>smooth</gx:flyToMode>
						<LookAt>
							<gx:horizFov>59.99999999999999</gx:horizFov>
							<longitude>14.80171980377813</longitude>
							<latitude>77.52239197913825</latitude>
							<altitude>0</altitude>
							<heading>-8.051815891688836</heading>
							<tilt>63.97296723793298</tilt>
							<range>25507.41453619767</range>
							<gx:altitudeMode>relativeToSeaFloor</gx:altitudeMode>
						</LookAt>
					</gx:FlyTo>
					<gx:FlyTo>
						<gx:duration>0.1302120000000286</gx:duration>
						<gx:flyToMode>smooth</gx:flyToMode>
						<LookAt>
							<gx:horizFov>59.99999999999999</gx:horizFov>
							<longitude>14.80171772692831</longitude>
							<latitude>77.52238388147086</latitude>
							<altitude>0</altitude>
							<heading>-8.051816647807561</heading>
							<tilt>63.97324595985567</tilt>
							<range>25467.00435434057</range>
							<gx:altitudeMode>relativeToSeaFloor</gx:altitudeMode>
						</LookAt>
					</gx:FlyTo>
					<gx:FlyTo>
						<gx:duration>0.08217100000001665</gx:duration>
						<gx:flyToMode>smooth</gx:flyToMode>
						<LookAt>
							<gx:horizFov>59.99999999999999</gx:horizFov>
							<longitude>14.80172088015627</longitude>
							<latitude>77.52237976977916</latitude>
							<altitude>0</altitude>
							<heading>-8.051812532539179</heading>
							<tilt>63.9733805149219</tilt>
							<range>25441.72414124763</range>
							<gx:altitudeMode>relativeToSeaFloor</gx:altitudeMode>
						</LookAt>
					</gx:FlyTo>
					<gx:FlyTo>
						<gx:duration>0.0968589999993128</gx:duration>
						<gx:flyToMode>smooth</gx:flyToMode>
						<LookAt>
							<gx:horizFov>59.99999999999999</gx:horizFov>
							<longitude>14.80172100089383</longitude>
							<latitude>77.52237635822247</latitude>
							<altitude>0</altitude>
							<heading>-8.051812040088155</heading>
							<tilt>63.97346068686714</tilt>
							<range>25421.92486510866</range>
							<gx:altitudeMode>relativeToSeaFloor</gx:altitudeMode>
						</LookAt>
					</gx:FlyTo>
					<gx:FlyTo>
						<gx:duration>0.04514000000017404</gx:duration>
						<gx:flyToMode>smooth</gx:flyToMode>
						<LookAt>
							<gx:horizFov>59.99999999999999</gx:horizFov>
							<longitude>14.80172008645972</longitude>
							<latitude>77.52237409617143</latitude>
							<altitude>0</altitude>
							<heading>-8.051812925684875</heading>
							<tilt>63.97349461385635</tilt>
							<range>25410.73624321566</range>
							<gx:altitudeMode>relativeToSeaFloor</gx:altitudeMode>
						</LookAt>
					</gx:FlyTo>
					<gx:FlyTo>
						<gx:duration>0.02879199999915727</gx:duration>
						<gx:flyToMode>smooth</gx:flyToMode>
						<LookAt>
							<gx:horizFov>59.99999999999999</gx:horizFov>
							<longitude>14.80172027005686</longitude>
							<latitude>77.52237269478341</latitude>
							<altitude>0</altitude>
							<heading>-8.051812693000391</heading>
							<tilt>63.97351148046584</tilt>
							<range>25403.66544966649</range>
							<gx:altitudeMode>relativeToSeaFloor</gx:altitudeMode>
						</LookAt>
					</gx:FlyTo>
					<gx:FlyTo>
						<gx:duration>0.02923000000009779</gx:duration>
						<gx:flyToMode>smooth</gx:flyToMode>
						<LookAt>
							<gx:horizFov>59.99999999999999</gx:horizFov>
							<longitude>14.80172111855359</longitude>
							<latitude>77.52237151925407</latitude>
							<altitude>0</altitude>
							<heading>-8.051811759472701</heading>
							<tilt>63.97352388278308</tilt>
							<range>25397.00543213741</range>
							<gx:altitudeMode>relativeToSeaFloor</gx:altitudeMode>
						</LookAt>
					</gx:FlyTo>
					<gx:FlyTo>
						<gx:duration>0.03096600000026228</gx:duration>
						<gx:flyToMode>smooth</gx:flyToMode>
						<LookAt>
							<gx:horizFov>59.99999999999999</gx:horizFov>
							<longitude>14.80172159793659</longitude>
							<latitude>77.52237079310095</latitude>
							<altitude>0</altitude>
							<heading>-8.051811255055913</heading>
							<tilt>63.97352819444439</tilt>
							<range>25393.845357511</range>
							<gx:altitudeMode>relativeToSeaFloor</gx:altitudeMode>
						</LookAt>
					</gx:FlyTo>
					<gx:FlyTo>
						<gx:duration>0.01649499999984982</gx:duration>
						<gx:flyToMode>smooth</gx:flyToMode>
						<LookAt>
							<gx:horizFov>59.99999999999999</gx:horizFov>
							<longitude>14.80172136165383</longitude>
							<latitude>77.5223699893381</latitude>
							<altitude>0</altitude>
							<heading>-8.051811537786998</heading>
							<tilt>63.97353128351175</tilt>
							<range>25390.83766847776</range>
							<gx:altitudeMode>relativeToSeaFloor</gx:altitudeMode>
						</LookAt>
					</gx:FlyTo>
					<gx:FlyTo>
						<gx:duration>0.0147980000001553</gx:duration>
						<gx:flyToMode>smooth</gx:flyToMode>
						<LookAt>
							<gx:horizFov>59.99999999999999</gx:horizFov>
							<longitude>14.80172137581514</longitude>
							<latitude>77.522369486984</latitude>
							<altitude>0</altitude>
							<heading>-8.0518115375307</heading>
							<tilt>63.97353349587864</tilt>
							<range>25388.061108761</range>
							<gx:altitudeMode>relativeToSeaFloor</gx:altitudeMode>
						</LookAt>
					</gx:FlyTo>
					<gx:FlyTo>
						<gx:duration>0.01360300000033021</gx:duration>
						<gx:flyToMode>smooth</gx:flyToMode>
						<LookAt>
							<gx:horizFov>59.99999999999999</gx:horizFov>
							<longitude>14.80172215942818</longitude>
							<latitude>77.52236871872942</latitude>
							<altitude>0</altitude>
							<heading>-8.051810732124228</heading>
							<tilt>63.97353425396874</tilt>
							<range>25385.54743572307</range>
							<gx:altitudeMode>relativeToSeaFloor</gx:altitudeMode>
						</LookAt>
					</gx:FlyTo>
					<gx:Wait><gx:duration>0.01477800000066054</gx:duration>
</gx:Wait>
					<gx:FlyTo>
						<gx:duration>4.600000011123484e-05</gx:duration>
						<gx:flyToMode>smooth</gx:flyToMode>
						<LookAt>
							<gx:horizFov>59.99999999999999</gx:horizFov>
							<longitude>14.80172325738618</longitude>
							<latitude>77.5223685622498</latitude>
							<altitude>0</altitude>
							<heading>-8.051809553304198</heading>
							<tilt>63.97353445918966</tilt>
							<range>25384.00458982469</range>
							<gx:altitudeMode>relativeToSeaFloor</gx:altitudeMode>
						</LookAt>
					</gx:FlyTo>
					<gx:Wait><gx:duration>0.386794000000009</gx:duration>
</gx:Wait>
					<gx:AnimatedUpdate>
						<Update>
							<targetHref></targetHref>
							<Change><Placemark targetId="VanKeulenfjorden"><gx:balloonVisibility>0</gx:balloonVisibility></Placemark></Change>
						</Update>
					</gx:AnimatedUpdate>
					<gx:Wait><gx:duration>0.0005340000006981427</gx:duration>
</gx:Wait>
					<gx:AnimatedUpdate>
						<Update>
							<targetHref></targetHref>
							<Change><Placemark targetId="Bellsund"><gx:balloonVisibility>0</gx:balloonVisibility></Placemark></Change>
						</Update>
					</gx:AnimatedUpdate>
					<gx:Wait><gx:duration>0.0006980000007388298</gx:duration>
</gx:Wait>
					<gx:AnimatedUpdate>
						<Update>
							<targetHref></targetHref>
							<Change><Placemark targetId="VanMijenfjorden"><gx:balloonVisibility>0</gx:balloonVisibility></Placemark></Change>
						</Update>
					</gx:AnimatedUpdate>
				</gx:Playlist>
			</gx:Tour>
		</Folder>
		<Folder>
			<name>Berkeley Flyovers</name>
			<visibility>0</visibility>
			<gx:Tour>
				<name>Berkeley Housing Pipeline - Extended Dramatic Tour</name>
				<visibility>0</visibility>
				<gx:Playlist>
					<gx:FlyTo>
						<gx:duration>6</gx:duration>
						<Camera>
							<longitude>-122.2733</longitude>
							<latitude>37.87</latitude>
							<altitude>240</altitude>
							<heading>88</heading>
							<tilt>80</tilt>
							<roll>0</roll>
							<altitudeMode>absolute</altitudeMode>
						</Camera>
					</gx:FlyTo>
					<gx:Wait><gx:duration>4</gx:duration>
</gx:Wait>
					<gx:FlyTo>
						<gx:duration>5</gx:duration>
						<gx:flyToMode>smooth</gx:flyToMode>
						<Camera>
							<longitude>-122.2618</longitude>
							<latitude>37.8654</latitude>
							<altitude>210</altitude>
							<heading>118</heading>
							<tilt>82</tilt>
							<roll>0</roll>
							<altitudeMode>absolute</altitudeMode>
						</Camera>
					</gx:FlyTo>
					<gx:FlyTo>
						<gx:duration>4</gx:duration>
						<gx:flyToMode>smooth</gx:flyToMode>
						<Camera>
							<longitude>-122.2598</longitude>
							<latitude>37.8656</latitude>
							<altitude>205</altitude>
							<heading>180</heading>
							<tilt>82</tilt>
							<roll>0</roll>
							<altitudeMode>absolute</altitudeMode>
						</Camera>
					</gx:FlyTo>
					<gx:FlyTo>
						<gx:duration>4</gx:duration>
						<gx:flyToMode>smooth</gx:flyToMode>
						<Camera>
							<longitude>-122.2598</longitude>
							<latitude>37.8656</latitude>
							<altitude>205</altitude>
							<heading>300</heading>
							<tilt>82</tilt>
							<roll>0</roll>
							<altitudeMode>absolute</altitudeMode>
						</Camera>
					</gx:FlyTo>
					<gx:Wait><gx:duration>5</gx:duration>
</gx:Wait>
					<gx:FlyTo>
						<gx:duration>5</gx:duration>
						<gx:flyToMode>smooth</gx:flyToMode>
						<Camera>
							<longitude>-122.2691</longitude>
							<latitude>37.8538</latitude>
							<altitude>182.88</altitude>
							<heading>336</heading>
							<tilt>80</tilt>
							<roll>0</roll>
							<altitudeMode>absolute</altitudeMode>
						</Camera>
					</gx:FlyTo>
					<gx:FlyTo>
						<gx:duration>7</gx:duration>
						<gx:flyToMode>smooth</gx:flyToMode>
						<Camera>
							<longitude>-122.2689</longitude>
							<latitude>37.8607</latitude>
							<altitude>182.88</altitude>
							<heading>348</heading>
							<tilt>80</tilt>
							<roll>0</roll>
							<altitudeMode>absolute</altitudeMode>
						</Camera>
					</gx:FlyTo>
					<gx:FlyTo>
						<gx:duration>8</gx:duration>
						<gx:flyToMode>smooth</gx:flyToMode>
						<Camera>
							<longitude>-122.2684</longitude>
							<latitude>37.8772</latitude>
							<altitude>182.88</altitude>
							<heading>2</heading>
							<tilt>79</tilt>
							<roll>0</roll>
							<altitudeMode>absolute</altitudeMode>
						</Camera>
					</gx:FlyTo>
					<gx:FlyTo>
						<gx:duration>4</gx:duration>
						<gx:flyToMode>smooth</gx:flyToMode>
						<Camera>
							<longitude>-122.2684</longitude>
							<latitude>37.8772</latitude>
							<altitude>182.88</altitude>
							<heading>182</heading>
							<tilt>77</tilt>
							<roll>0</roll>
							<altitudeMode>absolute</altitudeMode>
						</Camera>
					</gx:FlyTo>
					<gx:Wait><gx:duration>10</gx:duration>
</gx:Wait>
					<gx:FlyTo>
						<gx:duration>5</gx:duration>
						<gx:flyToMode>smooth</gx:flyToMode>
						<Camera>
							<longitude>-122.285</longitude>
							<latitude>37.8707</latitude>
							<altitude>195</altitude>
							<heading>88</heading>
							<tilt>81</tilt>
							<roll>0</roll>
							<altitudeMode>absolute</altitudeMode>
						</Camera>
					</gx:FlyTo>
					<gx:Wait><gx:duration>5</gx:duration>
</gx:Wait>
					<gx:FlyTo>
						<gx:duration>5</gx:duration>
						<gx:flyToMode>smooth</gx:flyToMode>
						<Camera>
							<longitude>-122.2802</longitude>
							<latitude>37.8707</latitude>
							<altitude>195</altitude>
							<heading>88</heading>
							<tilt>81</tilt>
							<roll>0</roll>
							<altitudeMode>absolute</altitudeMode>
						</Camera>
					</gx:FlyTo>
					<gx:Wait><gx:duration>5</gx:duration>
</gx:Wait>
					<gx:FlyTo>
						<gx:duration>5</gx:duration>
						<gx:flyToMode>smooth</gx:flyToMode>
						<Camera>
							<longitude>-122.2756</longitude>
							<latitude>37.8707</latitude>
							<altitude>195</altitude>
							<heading>88</heading>
							<tilt>81</tilt>
							<roll>0</roll>
							<altitudeMode>absolute</altitudeMode>
						</Camera>
					</gx:FlyTo>
					<gx:Wait><gx:duration>5</gx:duration>
</gx:Wait>
					<gx:FlyTo>
						<gx:duration>5</gx:duration>
						<gx:flyToMode>smooth</gx:flyToMode>
						<Camera>
							<longitude>-122.2709</longitude>
							<latitude>37.8706</latitude>
							<altitude>195</altitude>
							<heading>88</heading>
							<tilt>81</tilt>
							<roll>0</roll>
							<altitudeMode>absolute</altitudeMode>
						</Camera>
					</gx:FlyTo>
					<gx:Wait><gx:duration>5</gx:duration>
</gx:Wait>
					<gx:FlyTo>
						<gx:duration>5</gx:duration>
						<gx:flyToMode>smooth</gx:flyToMode>
						<Camera>
							<longitude>-122.2679</longitude>
							<latitude>37.8706</latitude>
							<altitude>195</altitude>
							<heading>88</heading>
							<tilt>81</tilt>
							<roll>0</roll>
							<altitudeMode>absolute</altitudeMode>
						</Camera>
					</gx:FlyTo>
					<gx:Wait><gx:duration>5</gx:duration>
</gx:Wait>
					<gx:FlyTo>
						<gx:duration>5</gx:duration>
						<gx:flyToMode>smooth</gx:flyToMode>
						<Camera>
							<longitude>-122.2642</longitude>
							<latitude>37.8706</latitude>
							<altitude>195</altitude>
							<heading>88</heading>
							<tilt>81</tilt>
							<roll>0</roll>
							<altitudeMode>absolute</altitudeMode>
						</Camera>
					</gx:FlyTo>
					<gx:Wait><gx:duration>5</gx:duration>
</gx:Wait>
					<gx:FlyTo>
						<gx:duration>4</gx:duration>
						<gx:flyToMode>smooth</gx:flyToMode>
						<Camera>
							<longitude>-122.2732</longitude>
							<latitude>37.87</latitude>
							<altitude>210</altitude>
							<heading>90</heading>
							<tilt>80</tilt>
							<roll>0</roll>
							<altitudeMode>absolute</altitudeMode>
						</Camera>
					</gx:FlyTo>
					<gx:Wait><gx:duration>8</gx:duration>
</gx:Wait>
				</gx:Playlist>
			</gx:Tour>
			<gx:Tour>
				<name>3D Skyline Tour-62sec</name>
				<visibility>0</visibility>
				<gx:Playlist>
					<gx:FlyTo>
						<gx:duration>3</gx:duration>
						<LookAt>
							<longitude>-122.26854</longitude>
							<latitude>37.86823</latitude>
							<altitude>0</altitude>
							<heading>20</heading>
							<tilt>78</tilt>
							<range>500</range>
							<altitudeMode>relativeToGround</altitudeMode>
						</LookAt>
					</gx:FlyTo>
					<gx:FlyTo>
						<gx:duration>5</gx:duration>
						<gx:flyToMode>smooth</gx:flyToMode>
						<LookAt>
							<longitude>-122.26854</longitude>
							<latitude>37.86823</latitude>
							<altitude>0</altitude>
							<heading>140</heading>
							<tilt>90</tilt>
							<range>800</range>
							<altitudeMode>relativeToGround</altitudeMode>
						</LookAt>
					</gx:FlyTo>
					<gx:FlyTo>
						<gx:duration>5</gx:duration>
						<gx:flyToMode>smooth</gx:flyToMode>
						<LookAt>
							<longitude>-122.26854</longitude>
							<latitude>37.86823</latitude>
							<altitude>0</altitude>
							<heading>270</heading>
							<tilt>78</tilt>
							<range>650</range>
							<altitudeMode>relativeToGround</altitudeMode>
						</LookAt>
					</gx:FlyTo>
					<gx:FlyTo>
						<gx:duration>3</gx:duration>
						<gx:flyToMode>smooth</gx:flyToMode>
						<LookAt>
							<longitude>-122.25829</longitude>
							<latitude>37.86524</latitude>
							<altitude>0</altitude>
							<heading>315</heading>
							<tilt>70</tilt>
							<range>540</range>
							<altitudeMode>relativeToGround</altitudeMode>
						</LookAt>
					</gx:FlyTo>
					<gx:FlyTo>
						<gx:duration>7.5</gx:duration>
						<gx:flyToMode>smooth</gx:flyToMode>
						<LookAt>
							<longitude>-122.25829</longitude>
							<latitude>37.86524</latitude>
							<altitude>0</altitude>
							<heading>80</heading>
							<tilt>70</tilt>
							<range>1000</range>
							<altitudeMode>relativeToGround</altitudeMode>
						</LookAt>
					</gx:FlyTo>
					<gx:FlyTo>
						<gx:duration>3.5</gx:duration>
						<gx:flyToMode>smooth</gx:flyToMode>
						<LookAt>
							<longitude>-122.25829</longitude>
							<latitude>37.86524</latitude>
							<altitude>0</altitude>
							<heading>210</heading>
							<tilt>70</tilt>
							<range>300</range>
							<altitudeMode>relativeToGround</altitudeMode>
						</LookAt>
					</gx:FlyTo>
					<gx:FlyTo>
						<gx:duration>4</gx:duration>
						<gx:flyToMode>smooth</gx:flyToMode>
						<LookAt>
							<longitude>-122.26782</longitude>
							<latitude>37.8589</latitude>
							<altitude>0</altitude>
							<heading>350</heading>
							<tilt>72</tilt>
							<range>800</range>
							<altitudeMode>relativeToGround</altitudeMode>
						</LookAt>
					</gx:FlyTo>
					<gx:FlyTo>
						<gx:duration>5</gx:duration>
						<gx:flyToMode>smooth</gx:flyToMode>
						<LookAt>
							<longitude>-122.26782</longitude>
							<latitude>37.8728</latitude>
							<altitude>0</altitude>
							<heading>350</heading>
							<tilt>72</tilt>
							<range>800</range>
							<altitudeMode>relativeToGround</altitudeMode>
						</LookAt>
					</gx:FlyTo>
					<gx:FlyTo>
						<gx:duration>4</gx:duration>
						<gx:flyToMode>smooth</gx:flyToMode>
						<LookAt>
							<longitude>-122.26782</longitude>
							<latitude>37.86593</latitude>
							<altitude>0</altitude>
							<heading>110</heading>
							<tilt>70</tilt>
							<range>600</range>
							<altitudeMode>relativeToGround</altitudeMode>
						</LookAt>
					</gx:FlyTo>
					<gx:FlyTo>
						<gx:duration>4</gx:duration>
						<gx:flyToMode>smooth</gx:flyToMode>
						<LookAt>
							<longitude>-122.2679</longitude>
							<latitude>37.8687</latitude>
							<altitude>0</altitude>
							<heading>320</heading>
							<tilt>62</tilt>
							<range>1200</range>
							<altitudeMode>relativeToGround</altitudeMode>
						</LookAt>
					</gx:FlyTo>
					<gx:FlyTo>
						<gx:duration>14</gx:duration>
						<gx:flyToMode>smooth</gx:flyToMode>
						<LookAt>
							<longitude>-122.2679</longitude>
							<latitude>37.8687</latitude>
							<altitude>0</altitude>
							<heading>80</heading>
							<tilt>62</tilt>
							<range>800</range>
							<altitudeMode>relativeToGround</altitudeMode>
						</LookAt>
					</gx:FlyTo>
					<gx:FlyTo>
						<gx:duration>4</gx:duration>
						<gx:flyToMode>smooth</gx:flyToMode>
						<LookAt>
							<longitude>-122.2679</longitude>
							<latitude>37.8687</latitude>
							<altitude>0</altitude>
							<heading>210</heading>
							<tilt>62</tilt>
							<range>2200</range>
							<altitudeMode>relativeToGround</altitudeMode>
						</LookAt>
					</gx:FlyTo>
				</gx:Playlist>
			</gx:Tour>
			<gx:Tour>
				<name>15 Second Berkeley Flyover</name>
				<visibility>0</visibility>
				<gx:Playlist>
					<gx:FlyTo>
						<gx:duration>2</gx:duration>
						<LookAt>
							<longitude>-122.2682</longitude>
							<latitude>37.8701</latitude>
							<altitude>0</altitude>
							<heading>0</heading>
							<tilt>68</tilt>
							<range>1300</range>
							<altitudeMode>relativeToGround</altitudeMode>
						</LookAt>
					</gx:FlyTo>
					<gx:FlyTo>
						<gx:duration>2</gx:duration>
						<gx:flyToMode>smooth</gx:flyToMode>
						<LookAt>
							<longitude>-122.2682</longitude>
							<latitude>37.8701</latitude>
							<altitude>0</altitude>
							<heading>120</heading>
							<tilt>68</tilt>
							<range>1300</range>
							<altitudeMode>relativeToGround</altitudeMode>
						</LookAt>
					</gx:FlyTo>
					<gx:FlyTo>
						<gx:duration>2</gx:duration>
						<gx:flyToMode>smooth</gx:flyToMode>
						<LookAt>
							<longitude>-122.2682</longitude>
							<latitude>37.8701</latitude>
							<altitude>0</altitude>
							<heading>240</heading>
							<tilt>68</tilt>
							<range>1300</range>
							<altitudeMode>relativeToGround</altitudeMode>
						</LookAt>
					</gx:FlyTo>
					<gx:FlyTo>
						<gx:duration>3</gx:duration>
						<gx:flyToMode>smooth</gx:flyToMode>
						<LookAt>
							<longitude>-122.2597</longitude>
							<latitude>37.8676</latitude>
							<altitude>0</altitude>
							<heading>300</heading>
							<tilt>70</tilt>
							<range>900</range>
							<altitudeMode>relativeToGround</altitudeMode>
						</LookAt>
					</gx:FlyTo>
					<gx:FlyTo>
						<gx:duration>3</gx:duration>
						<gx:flyToMode>smooth</gx:flyToMode>
						<LookAt>
							<longitude>-122.2597</longitude>
							<latitude>37.8676</latitude>
							<altitude>0</altitude>
							<heading>60</heading>
							<tilt>70</tilt>
							<range>900</range>
							<altitudeMode>relativeToGround</altitudeMode>
						</LookAt>
					</gx:FlyTo>
					<gx:FlyTo>
						<gx:duration>3</gx:duration>
						<gx:flyToMode>smooth</gx:flyToMode>
						<LookAt>
							<longitude>-122.2597</longitude>
							<latitude>37.8676</latitude>
							<altitude>0</altitude>
							<heading>180</heading>
							<tilt>70</tilt>
							<range>900</range>
							<altitudeMode>relativeToGround</altitudeMode>
						</LookAt>
					</gx:FlyTo>
				</gx:Playlist>
			</gx:Tour>
			<gx:Tour>
				<name>10 Second Downtown Berkeley Flyover</name>
				<visibility>0</visibility>
				<gx:Playlist>
					<gx:FlyTo>
						<gx:duration>2.5</gx:duration>
						<LookAt>
							<longitude>-122.2682</longitude>
							<latitude>37.8701</latitude>
							<altitude>0</altitude>
							<heading>0</heading>
							<tilt>65</tilt>
							<range>1400</range>
							<altitudeMode>relativeToGround</altitudeMode>
						</LookAt>
					</gx:FlyTo>
					<gx:FlyTo>
						<gx:duration>2.5</gx:duration>
						<gx:flyToMode>smooth</gx:flyToMode>
						<LookAt>
							<longitude>-122.2682</longitude>
							<latitude>37.8701</latitude>
							<altitude>0</altitude>
							<heading>90</heading>
							<tilt>65</tilt>
							<range>1400</range>
							<altitudeMode>relativeToGround</altitudeMode>
						</LookAt>
					</gx:FlyTo>
					<gx:FlyTo>
						<gx:duration>2.5</gx:duration>
						<gx:flyToMode>smooth</gx:flyToMode>
						<LookAt>
							<longitude>-122.2682</longitude>
							<latitude>37.8701</latitude>
							<altitude>0</altitude>
							<heading>180</heading>
							<tilt>65</tilt>
							<range>1400</range>
							<altitudeMode>relativeToGround</altitudeMode>
						</LookAt>
					</gx:FlyTo>
					<gx:FlyTo>
						<gx:duration>2.5</gx:duration>
						<gx:flyToMode>smooth</gx:flyToMode>
						<LookAt>
							<longitude>-122.2682</longitude>
							<latitude>37.8701</latitude>
							<altitude>0</altitude>
							<heading>270</heading>
							<tilt>65</tilt>
							<range>1400</range>
							<altitudeMode>relativeToGround</altitudeMode>
						</LookAt>
					</gx:FlyTo>
				</gx:Playlist>
			</gx:Tour>
			<gx:Tour>
				<name>Longer Corridors Tour-200</name>
				<visibility>0</visibility>
				<gx:Playlist>
					<gx:FlyTo>
						<gx:duration>7</gx:duration>
						<Camera>
							<longitude>-122.2733</longitude>
							<latitude>37.87</latitude>
							<altitude>240</altitude>
							<heading>88</heading>
							<tilt>80</tilt>
							<roll>0</roll>
							<altitudeMode>absolute</altitudeMode>
						</Camera>
					</gx:FlyTo>
					<gx:Wait><gx:duration>5</gx:duration>
</gx:Wait>
					<gx:FlyTo>
						<gx:duration>6</gx:duration>
						<gx:flyToMode>smooth</gx:flyToMode>
						<Camera>
							<longitude>-122.2618</longitude>
							<latitude>37.8654</latitude>
							<altitude>210</altitude>
							<heading>118</heading>
							<tilt>82</tilt>
							<roll>0</roll>
							<altitudeMode>absolute</altitudeMode>
						</Camera>
					</gx:FlyTo>
					<gx:FlyTo>
						<gx:duration>5</gx:duration>
						<gx:flyToMode>smooth</gx:flyToMode>
						<Camera>
							<longitude>-122.2598</longitude>
							<latitude>37.8656</latitude>
							<altitude>205</altitude>
							<heading>180</heading>
							<tilt>82</tilt>
							<roll>0</roll>
							<altitudeMode>absolute</altitudeMode>
						</Camera>
					</gx:FlyTo>
					<gx:FlyTo>
						<gx:duration>5</gx:duration>
						<gx:flyToMode>smooth</gx:flyToMode>
						<Camera>
							<longitude>-122.2598</longitude>
							<latitude>37.8656</latitude>
							<altitude>205</altitude>
							<heading>320</heading>
							<tilt>82</tilt>
							<roll>0</roll>
							<altitudeMode>absolute</altitudeMode>
						</Camera>
					</gx:FlyTo>
					<gx:Wait><gx:duration>6</gx:duration>
</gx:Wait>
					<gx:FlyTo>
						<gx:duration>6</gx:duration>
						<gx:flyToMode>smooth</gx:flyToMode>
						<Camera>
							<longitude>-122.263429</longitude>
							<latitude>37.849308</latitude>
							<altitude>182.88</altitude>
							<heading>338</heading>
							<tilt>80</tilt>
							<roll>0</roll>
							<altitudeMode>absolute</altitudeMode>
						</Camera>
					</gx:FlyTo>
					<gx:FlyTo>
						<gx:duration>10</gx:duration>
						<gx:flyToMode>smooth</gx:flyToMode>
						<Camera>
							<longitude>-122.263229</longitude>
							<latitude>37.8607</latitude>
							<altitude>182.88</altitude>
							<heading>350</heading>
							<tilt>80</tilt>
							<roll>0</roll>
							<altitudeMode>absolute</altitudeMode>
						</Camera>
					</gx:FlyTo>
					<gx:FlyTo>
						<gx:duration>12</gx:duration>
						<gx:flyToMode>smooth</gx:flyToMode>
						<Camera>
							<longitude>-122.262729</longitude>
							<latitude>37.881692</latitude>
							<altitude>182.88</altitude>
							<heading>2</heading>
							<tilt>79</tilt>
							<roll>0</roll>
							<altitudeMode>absolute</altitudeMode>
						</Camera>
					</gx:FlyTo>
					<gx:FlyTo>
						<gx:duration>5</gx:duration>
						<gx:flyToMode>smooth</gx:flyToMode>
						<Camera>
							<longitude>-122.262729</longitude>
							<latitude>37.881692</latitude>
							<altitude>182.88</altitude>
							<heading>182</heading>
							<tilt>77</tilt>
							<roll>0</roll>
							<altitudeMode>absolute</altitudeMode>
						</Camera>
					</gx:FlyTo>
					<gx:Wait><gx:duration>12</gx:duration>
</gx:Wait>
					<gx:FlyTo>
						<gx:duration>6</gx:duration>
						<gx:flyToMode>smooth</gx:flyToMode>
						<Camera>
							<longitude>-122.288</longitude>
							<latitude>37.868005</latitude>
							<altitude>195</altitude>
							<heading>88</heading>
							<tilt>81</tilt>
							<roll>0</roll>
							<altitudeMode>absolute</altitudeMode>
						</Camera>
					</gx:FlyTo>
					<gx:FlyTo>
						<gx:duration>4</gx:duration>
						<gx:flyToMode>smooth</gx:flyToMode>
						<Camera>
							<longitude>-122.285</longitude>
							<latitude>37.868005</latitude>
							<altitude>195</altitude>
							<heading>88</heading>
							<tilt>81</tilt>
							<roll>0</roll>
							<altitudeMode>absolute</altitudeMode>
						</Camera>
					</gx:FlyTo>
					<gx:Wait><gx:duration>8</gx:duration>
</gx:Wait>
					<gx:FlyTo>
						<gx:duration>6</gx:duration>
						<gx:flyToMode>smooth</gx:flyToMode>
						<Camera>
							<longitude>-122.2802</longitude>
							<latitude>37.868005</latitude>
							<altitude>195</altitude>
							<heading>88</heading>
							<tilt>81</tilt>
							<roll>0</roll>
							<altitudeMode>absolute</altitudeMode>
						</Camera>
					</gx:FlyTo>
					<gx:Wait><gx:duration>5</gx:duration>
</gx:Wait>
					<gx:FlyTo>
						<gx:duration>6</gx:duration>
						<gx:flyToMode>smooth</gx:flyToMode>
						<Camera>
							<longitude>-122.2756</longitude>
							<latitude>37.868005</latitude>
							<altitude>195</altitude>
							<heading>88</heading>
							<tilt>81</tilt>
							<roll>0</roll>
							<altitudeMode>absolute</altitudeMode>
						</Camera>
					</gx:FlyTo>
					<gx:Wait><gx:duration>5</gx:duration>
</gx:Wait>
					<gx:FlyTo>
						<gx:duration>6</gx:duration>
						<gx:flyToMode>smooth</gx:flyToMode>
						<Camera>
							<longitude>-122.2709</longitude>
							<latitude>37.868005</latitude>
							<altitude>195</altitude>
							<heading>88</heading>
							<tilt>81</tilt>
							<roll>0</roll>
							<altitudeMode>absolute</altitudeMode>
						</Camera>
					</gx:FlyTo>
					<gx:Wait><gx:duration>5</gx:duration>
</gx:Wait>
					<gx:FlyTo>
						<gx:duration>6</gx:duration>
						<gx:flyToMode>smooth</gx:flyToMode>
						<Camera>
							<longitude>-122.2679</longitude>
							<latitude>37.868005</latitude>
							<altitude>195</altitude>
							<heading>88</heading>
							<tilt>81</tilt>
							<roll>0</roll>
							<altitudeMode>absolute</altitudeMode>
						</Camera>
					</gx:FlyTo>
					<gx:Wait><gx:duration>5</gx:duration>
</gx:Wait>
					<gx:FlyTo>
						<gx:duration>6</gx:duration>
						<gx:flyToMode>smooth</gx:flyToMode>
						<Camera>
							<longitude>-122.2642</longitude>
							<latitude>37.868005</latitude>
							<altitude>195</altitude>
							<heading>88</heading>
							<tilt>81</tilt>
							<roll>0</roll>
							<altitudeMode>absolute</altitudeMode>
						</Camera>
					</gx:FlyTo>
					<gx:Wait><gx:duration>6</gx:duration>
</gx:Wait>
					<gx:FlyTo>
						<gx:duration>7</gx:duration>
						<gx:flyToMode>smooth</gx:flyToMode>
						<Camera>
							<longitude>-122.2892</longitude>
							<latitude>37.8529</latitude>
							<altitude>182.88</altitude>
							<heading>356</heading>
							<tilt>80</tilt>
							<roll>0</roll>
							<altitudeMode>absolute</altitudeMode>
						</Camera>
					</gx:FlyTo>
					<gx:FlyTo>
						<gx:duration>12</gx:duration>
						<gx:flyToMode>smooth</gx:flyToMode>
						<Camera>
							<longitude>-122.285</longitude>
							<latitude>37.868</latitude>
							<altitude>182.88</altitude>
							<heading>358</heading>
							<tilt>80</tilt>
							<roll>0</roll>
							<altitudeMode>absolute</altitudeMode>
						</Camera>
					</gx:FlyTo>
					<gx:Wait><gx:duration>6</gx:duration>
</gx:Wait>
					<gx:FlyTo>
						<gx:duration>10</gx:duration>
						<gx:flyToMode>smooth</gx:flyToMode>
						<Camera>
							<longitude>-122.2848</longitude>
							<latitude>37.8769</latitude>
							<altitude>182.88</altitude>
							<heading>2</heading>
							<tilt>79</tilt>
							<roll>0</roll>
							<altitudeMode>absolute</altitudeMode>
						</Camera>
					</gx:FlyTo>
					<gx:Wait><gx:duration>8</gx:duration>
</gx:Wait>
					<gx:FlyTo>
						<gx:duration>8</gx:duration>
						<gx:flyToMode>smooth</gx:flyToMode>
						<Camera>
							<longitude>-122.2732</longitude>
							<latitude>37.87</latitude>
							<altitude>210</altitude>
							<heading>90</heading>
							<tilt>80</tilt>
							<roll>0</roll>
							<altitudeMode>absolute</altitudeMode>
						</Camera>
					</gx:FlyTo>
					<gx:Wait><gx:duration>12</gx:duration>
</gx:Wait>
				</gx:Playlist>
			</gx:Tour>
			<gx:Tour>
				<name>Telegraph Shattuck Cedar Tour-51</name>
				<visibility>0</visibility>
				<gx:Playlist>
					<gx:FlyTo>
						<gx:duration>6</gx:duration>
						<Camera>
							<longitude>-122.2732</longitude>
							<latitude>37.869</latitude>
							<altitude>280</altitude>
							<heading>78</heading>
							<tilt>78</tilt>
							<roll>0</roll>
							<altitudeMode>absolute</altitudeMode>
						</Camera>
					</gx:FlyTo>
					<gx:FlyTo>
						<gx:duration>4</gx:duration>
						<gx:flyToMode>smooth</gx:flyToMode>
						<Camera>
							<longitude>-122.2623</longitude>
							<latitude>37.8652</latitude>
							<altitude>240</altitude>
							<heading>112</heading>
							<tilt>81</tilt>
							<roll>0</roll>
							<altitudeMode>absolute</altitudeMode>
						</Camera>
					</gx:FlyTo>
					<gx:FlyTo>
						<gx:duration>3</gx:duration>
						<gx:flyToMode>smooth</gx:flyToMode>
						<Camera>
							<longitude>-122.2598</longitude>
							<latitude>37.8656</latitude>
							<altitude>230</altitude>
							<heading>155</heading>
							<tilt>81</tilt>
							<roll>0</roll>
							<altitudeMode>absolute</altitudeMode>
						</Camera>
					</gx:FlyTo>
					<gx:FlyTo>
						<gx:duration>3</gx:duration>
						<gx:flyToMode>smooth</gx:flyToMode>
						<Camera>
							<longitude>-122.2598</longitude>
							<latitude>37.8656</latitude>
							<altitude>230</altitude>
							<heading>235</heading>
							<tilt>81</tilt>
							<roll>0</roll>
							<altitudeMode>absolute</altitudeMode>
						</Camera>
					</gx:FlyTo>
					<gx:FlyTo>
						<gx:duration>3</gx:duration>
						<gx:flyToMode>smooth</gx:flyToMode>
						<Camera>
							<longitude>-122.2598</longitude>
							<latitude>37.8656</latitude>
							<altitude>230</altitude>
							<heading>315</heading>
							<tilt>81</tilt>
							<roll>0</roll>
							<altitudeMode>absolute</altitudeMode>
						</Camera>
					</gx:FlyTo>
					<gx:Wait><gx:duration>5</gx:duration>
</gx:Wait>
					<gx:FlyTo>
						<gx:duration>4</gx:duration>
						<gx:flyToMode>smooth</gx:flyToMode>
						<Camera>
							<longitude>-122.2686</longitude>
							<latitude>37.8539</latitude>
							<altitude>182.88</altitude>
							<heading>350</heading>
							<tilt>78</tilt>
							<roll>0</roll>
							<altitudeMode>absolute</altitudeMode>
						</Camera>
					</gx:FlyTo>
					<gx:FlyTo>
						<gx:duration>6</gx:duration>
						<gx:flyToMode>smooth</gx:flyToMode>
						<Camera>
							<longitude>-122.2685</longitude>
							<latitude>37.8772</latitude>
							<altitude>182.88</altitude>
							<heading>358</heading>
							<tilt>78</tilt>
							<roll>0</roll>
							<altitudeMode>absolute</altitudeMode>
						</Camera>
					</gx:FlyTo>
					<gx:FlyTo>
						<gx:duration>3</gx:duration>
						<gx:flyToMode>smooth</gx:flyToMode>
						<Camera>
							<longitude>-122.2685</longitude>
							<latitude>37.8772</latitude>
							<altitude>182.88</altitude>
							<heading>178</heading>
							<tilt>76</tilt>
							<roll>0</roll>
							<altitudeMode>absolute</altitudeMode>
						</Camera>
					</gx:FlyTo>
					<gx:Wait><gx:duration>10</gx:duration>
</gx:Wait>
					<gx:FlyTo>
						<gx:duration>4</gx:duration>
						<gx:flyToMode>smooth</gx:flyToMode>
						<Camera>
							<longitude>-122.2733</longitude>
							<latitude>37.8701</latitude>
							<altitude>220</altitude>
							<heading>90</heading>
							<tilt>79</tilt>
							<roll>0</roll>
							<altitudeMode>absolute</altitudeMode>
						</Camera>
					</gx:FlyTo>
				</gx:Playlist>
			</gx:Tour>
			<gx:Tour>
				<name>Rebuilt 45s Tour</name>
				<visibility>0</visibility>
				<gx:Playlist>
					<gx:FlyTo>
						<gx:duration>6</gx:duration>
						<Camera>
							<longitude>-122.2732</longitude>
							<latitude>37.869</latitude>
							<altitude>280</altitude>
							<heading>78</heading>
							<tilt>78</tilt>
							<roll>0</roll>
							<altitudeMode>absolute</altitudeMode>
						</Camera>
					</gx:FlyTo>
					<gx:Wait><gx:duration>3</gx:duration>
</gx:Wait>
					<gx:FlyTo>
						<gx:duration>4</gx:duration>
						<gx:flyToMode>smooth</gx:flyToMode>
						<Camera>
							<longitude>-122.2714</longitude>
							<latitude>37.8691</latitude>
							<altitude>260</altitude>
							<heading>96</heading>
							<tilt>80</tilt>
							<roll>0</roll>
							<altitudeMode>absolute</altitudeMode>
						</Camera>
					</gx:FlyTo>
					<gx:Wait><gx:duration>2</gx:duration>
</gx:Wait>
					<gx:FlyTo>
						<gx:duration>5</gx:duration>
						<gx:flyToMode>smooth</gx:flyToMode>
						<Camera>
							<longitude>-122.2623</longitude>
							<latitude>37.8652</latitude>
							<altitude>240</altitude>
							<heading>112</heading>
							<tilt>81</tilt>
							<roll>0</roll>
							<altitudeMode>absolute</altitudeMode>
						</Camera>
					</gx:FlyTo>
					<gx:FlyTo>
						<gx:duration>5</gx:duration>
						<gx:flyToMode>smooth</gx:flyToMode>
						<Camera>
							<longitude>-122.2588</longitude>
							<latitude>37.866</latitude>
							<altitude>220</altitude>
							<heading>192</heading>
							<tilt>80</tilt>
							<roll>0</roll>
							<altitudeMode>absolute</altitudeMode>
						</Camera>
					</gx:FlyTo>
					<gx:FlyTo>
						<gx:duration>6</gx:duration>
						<gx:flyToMode>smooth</gx:flyToMode>
						<Camera>
							<longitude>-122.2686</longitude>
							<latitude>37.8552</latitude>
							<altitude>260</altitude>
							<heading>350</heading>
							<tilt>77</tilt>
							<roll>0</roll>
							<altitudeMode>absolute</altitudeMode>
						</Camera>
					</gx:FlyTo>
					<gx:FlyTo>
						<gx:duration>6</gx:duration>
						<gx:flyToMode>smooth</gx:flyToMode>
						<Camera>
							<longitude>-122.2685</longitude>
							<latitude>37.8769</latitude>
							<altitude>280</altitude>
							<heading>6</heading>
							<tilt>77</tilt>
							<roll>0</roll>
							<altitudeMode>absolute</altitudeMode>
						</Camera>
					</gx:FlyTo>
					<gx:FlyTo>
						<gx:duration>3</gx:duration>
						<gx:flyToMode>smooth</gx:flyToMode>
						<Camera>
							<longitude>-122.2677</longitude>
							<latitude>37.8661</latitude>
							<altitude>300</altitude>
							<heading>110</heading>
							<tilt>78</tilt>
							<roll>0</roll>
							<altitudeMode>absolute</altitudeMode>
						</Camera>
					</gx:FlyTo>
					<gx:FlyTo>
						<gx:duration>5</gx:duration>
						<gx:flyToMode>smooth</gx:flyToMode>
						<Camera>
							<longitude>-122.279</longitude>
							<latitude>37.8676</latitude>
							<altitude>305</altitude>
							<heading>72</heading>
							<tilt>72</tilt>
							<roll>0</roll>
							<altitudeMode>absolute</altitudeMode>
						</Camera>
					</gx:FlyTo>
				</gx:Playlist>
			</gx:Tour>
		</Folder>
		<Folder>
			<name>Family</name>
			<visibility>0</visibility>
			<Folder>
				<name>Drive to Yosemite</name>
				<visibility>0</visibility>
				<description>Malibu, Ventura, Santa Barbara, San Luis Obispo, Fresno,</description>
				<Placemark>
					<name>Santa Barbara</name>
					<visibility>0</visibility>
					<LookAt>
						<longitude>-119.6799687889449</longitude>
						<latitude>34.42575650839949</latitude>
						<altitude>0</altitude>
						<heading>-59.07120176555495</heading>
						<tilt>69.05688454519841</tilt>
						<range>5068.269481455429</range>
						<gx:altitudeMode>relativeToSeaFloor</gx:altitudeMode>
					</LookAt>
					<styleUrl>#msn_ylw-pushpin0</styleUrl>
					<Point>
						<gx:drawOrder>1</gx:drawOrder>
						<coordinates>-119.6799687889449,34.42575650839949,0</coordinates>
					</Point>
				</Placemark>
				<Placemark>
					<name>Mariposa</name>
					<visibility>0</visibility>
					<LookAt>
						<longitude>-119.9719880919831</longitude>
						<latitude>37.48177032650097</latitude>
						<altitude>0</altitude>
						<heading>30.84292740087366</heading>
						<tilt>62.03920204930455</tilt>
						<range>2331.32571764091</range>
						<gx:altitudeMode>relativeToSeaFloor</gx:altitudeMode>
					</LookAt>
					<styleUrl>#msn_ylw-pushpin0</styleUrl>
					<Point>
						<gx:drawOrder>1</gx:drawOrder>
						<coordinates>-119.9719880919831,37.48177032650097,0</coordinates>
					</Point>
				</Placemark>
				<Placemark>
					<name>Fresno</name>
					<visibility>0</visibility>
					<LookAt>
						<longitude>-119.7542020589599</longitude>
						<latitude>36.75522476043795</latitude>
						<altitude>0</altitude>
						<heading>41.84600936587574</heading>
						<tilt>69.06974686074815</tilt>
						<range>12341.1001467018</range>
						<gx:altitudeMode>relativeToSeaFloor</gx:altitudeMode>
					</LookAt>
					<styleUrl>#msn_ylw-pushpin0</styleUrl>
					<Point>
						<gx:drawOrder>1</gx:drawOrder>
						<coordinates>-119.7542020589599,36.75522476043795,0</coordinates>
					</Point>
				</Placemark>
				<Placemark>
					<name>Malibu Coast Highway</name>
					<visibility>0</visibility>
					<LookAt>
						<longitude>-118.6762938251556</longitude>
						<latitude>34.03816321305714</latitude>
						<altitude>0</altitude>
						<heading>-70.23297017347005</heading>
						<tilt>63.84461930199565</tilt>
						<range>1370.301418740732</range>
						<gx:altitudeMode>relativeToSeaFloor</gx:altitudeMode>
					</LookAt>
					<styleUrl>#msn_ylw-pushpin0</styleUrl>
					<Point>
						<gx:drawOrder>1</gx:drawOrder>
						<coordinates>-118.6762938251556,34.03816321305714,0</coordinates>
					</Point>
				</Placemark>
				<Placemark>
					<name>San Ljuis Obispo</name>
					<visibility>0</visibility>
					<LookAt>
						<longitude>-120.6750713809389</longitude>
						<latitude>35.29058210082688</latitude>
						<altitude>0</altitude>
						<heading>-19.87614480455394</heading>
						<tilt>72.21595448956167</tilt>
						<range>12661.23612518382</range>
						<gx:altitudeMode>relativeToSeaFloor</gx:altitudeMode>
					</LookAt>
					<styleUrl>#msn_ylw-pushpin0</styleUrl>
					<Point>
						<gx:drawOrder>1</gx:drawOrder>
						<coordinates>-120.6750713809389,35.29058210082687,0</coordinates>
					</Point>
				</Placemark>
				<Placemark>
					<name>Ventura</name>
					<visibility>0</visibility>
					<LookAt>
						<longitude>-119.2829894646365</longitude>
						<latitude>34.26185196519402</latitude>
						<altitude>0</altitude>
						<heading>-25.43731861963576</heading>
						<tilt>65.76285815853096</tilt>
						<range>4436.556987863536</range>
						<gx:altitudeMode>relativeToSeaFloor</gx:altitudeMode>
					</LookAt>
					<styleUrl>#msn_ylw-pushpin0</styleUrl>
					<Point>
						<gx:drawOrder>1</gx:drawOrder>
						<coordinates>-119.2829894646365,34.26185196519403,0</coordinates>
					</Point>
				</Placemark>
			</Folder>
			<Folder>
				<name>Florida</name>
				<visibility>0</visibility>
				<description>Jim and Linda Gage</description>
			</Folder>
			<Folder>
				<name>Hawaii</name>
				<visibility>0</visibility>
				<description>Jim Gage
Linda Gage</description>
			</Folder>
			<Folder>
				<name>Iowa</name>
				<visibility>0</visibility>
				<Placemark>
					<name>Aspinwall Schacht</name>
					<visibility>0</visibility>
					<description>Henry Schacht
Alice Schacht</description>
					<LookAt>
						<longitude>-95.13666313214472</longitude>
						<latitude>41.9108042112761</latitude>
						<altitude>0</altitude>
						<heading>176.038159335506</heading>
						<tilt>47.18813472501236</tilt>
						<range>94.77229816430106</range>
						<gx:altitudeMode>relativeToSeaFloor</gx:altitudeMode>
					</LookAt>
					<styleUrl>#msn_ylw-pushpin0</styleUrl>
					<Point>
						<gx:drawOrder>1</gx:drawOrder>
						<coordinates>-95.1366631321447,41.9108042112761,0</coordinates>
					</Point>
				</Placemark>
				<Folder>
					<name>Manning</name>
					<visibility>0</visibility>
					<open>1</open>
					<Placemark>
						<name>Manning downtown</name>
						<visibility>0</visibility>
						<LookAt>
							<longitude>-95.06413153041572</longitude>
							<latitude>41.90629959901068</latitude>
							<altitude>0</altitude>
							<heading>0.000672401484432273</heading>
							<tilt>80.85126570702514</tilt>
							<range>1088.178837485963</range>
							<gx:altitudeMode>relativeToSeaFloor</gx:altitudeMode>
						</LookAt>
						<styleUrl>#m_ylw-pushpin0</styleUrl>
						<Point>
							<gx:drawOrder>1</gx:drawOrder>
							<coordinates>-95.06413153041572,41.90629959901068,0</coordinates>
						</Point>
					</Placemark>
				</Folder>
			</Folder>
			<Folder>
				<name>Wawona Tree</name>
				<visibility>0</visibility>
				<description>Site of Ansel Adams picture of Harriett Doris Burdette in 1937, in 8-door Cadillac touring bus</description>
				<Style>
					<ListStyle>
						<listItemType>radioFolder</listItemType>
						<bgColor>00ffffff</bgColor>
						<maxSnippetLines>2</maxSnippetLines>
					</ListStyle>
				</Style>
				<Placemark id="default_starting_location">
					<name>Half Dome</name>
					<visibility>0</visibility>
					<LookAt>
						<longitude>-119.5624664690387</longitude>
						<latitude>37.74254771252972</latitude>
						<altitude>0</altitude>
						<heading>86.47240756882979</heading>
						<tilt>78.94600695753677</tilt>
						<range>1811.588308586344</range>
						<gx:altitudeMode>relativeToSeaFloor</gx:altitudeMode>
					</LookAt>
					<styleUrl>#m_ylw-pushpin0</styleUrl>
					<Point>
						<coordinates>-119.5624664690387,37.74254771252972,0</coordinates>
					</Point>
				</Placemark>
				<Placemark>
					<name>Half Dome</name>
					<visibility>0</visibility>
					<LookAt>
						<longitude>-119.5643338181924</longitude>
						<latitude>37.74245666940946</latitude>
						<altitude>43.0780876434567</altitude>
						<heading>86.47126453847461</heading>
						<tilt>78.94452751044842</tilt>
						<range>1643.438428516507</range>
						<gx:altitudeMode>relativeToSeaFloor</gx:altitudeMode>
					</LookAt>
					<styleUrl>#m_ylw-pushpin0</styleUrl>
					<Point>
						<gx:drawOrder>1</gx:drawOrder>
						<coordinates>-119.5643338181924,37.74245666940946,0</coordinates>
					</Point>
				</Placemark>
				<Placemark id="AhwaneeDiningHall">
					<name>Ahwanee Dining Hall</name>
					<visibility>0</visibility>
					<description>Site of Ansel Adams Christmas celebration:</description>
					<LookAt>
						<gx:ViewerOptions>
							<gx:option enabled="0" name="historicalimagery"></gx:option>
							<gx:option enabled="0" name="sunlight"></gx:option>
							<gx:option name="streetview"></gx:option>
						</gx:ViewerOptions>
						<longitude>-119.5029752521016</longitude>
						<latitude>37.66226338100739</latitude>
						<altitude>0</altitude>
						<heading>145.947270402178</heading>
						<tilt>83.89655433013611</tilt>
						<range>11370.7048825459</range>
						<gx:altitudeMode>relativeToSeaFloor</gx:altitudeMode>
					</LookAt>
					<styleUrl>#m_ylw-pushpin0</styleUrl>
					<Point>
						<gx:drawOrder>1</gx:drawOrder>
						<coordinates>-119.5747976597075,37.74627245664536,1217.496496484224</coordinates>
					</Point>
				</Placemark>
				<Placemark>
					<name>Wawona 30ft</name>
					<visibility>0</visibility>
					<LookAt>
						<gx:ViewerOptions>
							<gx:option enabled="0" name="historicalimagery"></gx:option>
							<gx:option enabled="0" name="sunlight"></gx:option>
							<gx:option name="streetview"></gx:option>
						</gx:ViewerOptions>
						<longitude>-119.5948966868583</longitude>
						<latitude>37.51472656214114</latitude>
						<altitude>0</altitude>
						<heading>-168.8744465739061</heading>
						<tilt>76.37272493298357</tilt>
						<range>7.726729077977181</range>
						<gx:altitudeMode>relativeToSeaFloor</gx:altitudeMode>
					</LookAt>
					<styleUrl>#m_ylw-pushpin0</styleUrl>
					<Point>
						<gx:drawOrder>1</gx:drawOrder>
						<coordinates>-119.5948966868583,37.51472656214114,0</coordinates>
					</Point>
				</Placemark>
				<Placemark>
					<name>W+200</name>
					<visibility>0</visibility>
					<LookAt>
						<longitude>-119.594878750833</longitude>
						<latitude>37.51469028567901</latitude>
						<altitude>0</altitude>
						<heading>168.0255585515719</heading>
						<tilt>45.37173694910125</tilt>
						<range>101.0831915518805</range>
						<gx:altitudeMode>relativeToSeaFloor</gx:altitudeMode>
					</LookAt>
					<styleUrl>#m_ylw-pushpin0</styleUrl>
					<Point>
						<gx:drawOrder>1</gx:drawOrder>
						<coordinates>-119.594878750833,37.514690285679,0</coordinates>
					</Point>
				</Placemark>
				<Placemark>
					<name>Wawona site of Ansel Adams Tree picture</name>
					<visibility>0</visibility>
					<LookAt>
						<gx:ViewerOptions>
							<gx:option enabled="0" name="historicalimagery"></gx:option>
							<gx:option enabled="0" name="sunlight"></gx:option>
							<gx:option name="streetview"></gx:option>
						</gx:ViewerOptions>
						<longitude>-119.5948891909628</longitude>
						<latitude>37.5147493868453</latitude>
						<altitude>0</altitude>
						<heading>-168.8743683803701</heading>
						<tilt>76.37219710753756</tilt>
						<range>9.112491199662598</range>
						<gx:altitudeMode>relativeToSeaFloor</gx:altitudeMode>
					</LookAt>
					<styleUrl>#m_ylw-pushpin0</styleUrl>
					<Point>
						<altitudeMode>relativeToGround</altitudeMode>
						<gx:drawOrder>1</gx:drawOrder>
						<coordinates>-119.5948891909628,37.5147493868453,6</coordinates>
					</Point>
				</Placemark>
				<Placemark id="W1000">
					<name>W+1000</name>
					<visibility>0</visibility>
					<styleUrl>#m_ylw-pushpin3</styleUrl>
					<LineString>
						<tessellate>1</tessellate>
						<altitudeMode>absolute</altitudeMode>
						<coordinates>
						</coordinates>
					</LineString>
				</Placemark>
				<Placemark>
					<name>Ahwanee 200</name>
					<visibility>0</visibility>
					<LookAt>
						<longitude>-119.5743652193226</longitude>
						<latitude>37.74657909167191</latitude>
						<altitude>0</altitude>
						<heading>23.21940855215924</heading>
						<tilt>57.75150374174618</tilt>
						<range>266.7414267933769</range>
						<gx:altitudeMode>relativeToSeaFloor</gx:altitudeMode>
					</LookAt>
					<styleUrl>#m_ylw-pushpin0</styleUrl>
					<Point>
						<gx:drawOrder>1</gx:drawOrder>
						<coordinates>-119.5743652193226,37.74657909167191,0</coordinates>
					</Point>
				</Placemark>
			</Folder>
			<Folder>
				<name>Napa</name>
				<visibility>0</visibility>
				<description>Jim and Harriett Gage
Laurie Gage</description>
				<Placemark id="7801HillsideDriveHollywood">
					<name>7801 Hillside Drive, Hollywood</name>
					<visibility>0</visibility>
					<description>Miller, Burdette, Gage</description>
					<LookAt>
						<longitude>-118.3594184992996</longitude>
						<latitude>34.10300240081408</latitude>
						<altitude>0</altitude>
						<heading>3.926665101414635e-10</heading>
						<tilt>45</tilt>
						<range>98</range>
						<gx:altitudeMode>relativeToSeaFloor</gx:altitudeMode>
					</LookAt>
					<styleUrl>#msn_ylw-pushpin0</styleUrl>
					<Point>
						<gx:drawOrder>1</gx:drawOrder>
						<coordinates>-118.3594184992996,34.10300240081408,0</coordinates>
					</Point>
				</Placemark>
			</Folder>
			<Folder>
				<name>Long Beach</name>
				<visibility>0</visibility>
				<Placemark>
					<name>Long Beach Polytechnic High</name>
					<visibility>0</visibility>
					<LookAt>
						<longitude>-118.1834570128358</longitude>
						<latitude>33.7866117053546</latitude>
						<altitude>6.200934052977169</altitude>
						<heading>0.0001016291770092797</heading>
						<tilt>47.2621529546379</tilt>
						<range>266.1499099170658</range>
						<gx:altitudeMode>relativeToSeaFloor</gx:altitudeMode>
					</LookAt>
					<styleUrl>#m_ylw-pushpin0</styleUrl>
					<Point>
						<gx:drawOrder>1</gx:drawOrder>
						<coordinates>-118.1834570128358,33.7866117053546,0</coordinates>
					</Point>
				</Placemark>
			</Folder>
			<Folder>
				<name>Hollywood</name>
				<visibility>0</visibility>
				<description>Miller/Burdette/Gage</description>
				<Placemark>
					<name>Los Angeles</name>
					<visibility>0</visibility>
					<LookAt>
						<longitude>-118.2426431517379</longitude>
						<latitude>34.05490736906908</latitude>
						<altitude>0</altitude>
						<heading>-8.497127744648402e-08</heading>
						<tilt>0</tilt>
						<range>98202.77387917589</range>
						<gx:altitudeMode>relativeToSeaFloor</gx:altitudeMode>
					</LookAt>
					<styleUrl>#m_ylw-pushpin0</styleUrl>
					<Point>
						<gx:drawOrder>1</gx:drawOrder>
						<coordinates>-118.2426431517379,34.05490736906908,0</coordinates>
					</Point>
				</Placemark>
				<Placemark>
					<name>Aspinwall</name>
					<visibility>0</visibility>
					<description>Schacht</description>
					<LookAt>
						<longitude>-95.13544150856811</longitude>
						<latitude>41.91032527676904</latitude>
						<altitude>0</altitude>
						<heading>-1.768338414923255</heading>
						<tilt>38.95964593468418</tilt>
						<range>382.1301560260509</range>
						<gx:altitudeMode>relativeToSeaFloor</gx:altitudeMode>
					</LookAt>
					<styleUrl>#m_ylw-pushpin0</styleUrl>
					<Point>
						<gx:drawOrder>1</gx:drawOrder>
						<coordinates>-95.13544150856809,41.91032527676904,0</coordinates>
					</Point>
				</Placemark>
			</Folder>
			<Folder>
				<name>Newport</name>
				<visibility>0</visibility>
				<Placemark>
					<name>67 Beacon Bay</name>
					<visibility>0</visibility>
					<LookAt>
						<longitude>-117.8972668329781</longitude>
						<latitude>33.61060825690851</latitude>
						<altitude>0</altitude>
						<heading>54.99268064455916</heading>
						<tilt>53.10842111282538</tilt>
						<range>65.51603976434457</range>
						<gx:altitudeMode>relativeToSeaFloor</gx:altitudeMode>
					</LookAt>
					<styleUrl>#m_ylw-pushpin0</styleUrl>
					<Point>
						<gx:drawOrder>1</gx:drawOrder>
						<coordinates>-117.8972668329781,33.61060825690851,0</coordinates>
					</Point>
				</Placemark>
				<Placemark>
					<name>204 Pearl</name>
					<visibility>0</visibility>
					<LookAt>
						<longitude>-117.8984224567701</longitude>
						<latitude>33.60734740457109</latitude>
						<altitude>12.25509588603746</altitude>
						<heading>54.99202613561335</heading>
						<tilt>55.02371742474887</tilt>
						<range>104.4970116724247</range>
						<gx:altitudeMode>relativeToSeaFloor</gx:altitudeMode>
					</LookAt>
					<styleUrl>#m_ylw-pushpin0</styleUrl>
					<Point>
						<gx:drawOrder>1</gx:drawOrder>
						<coordinates>-117.8984224567701,33.60734740457109,0</coordinates>
					</Point>
				</Placemark>
				<Placemark>
					<name>Newport Harbor High School</name>
					<visibility>0</visibility>
					<description>Old swimming pool, new swimming pool</description>
					<LookAt>
						<longitude>-117.9132502776236</longitude>
						<latitude>33.62382724759065</latitude>
						<altitude>0</altitude>
						<heading>59.70943589048737</heading>
						<tilt>53.53361188265764</tilt>
						<range>457.8420069893364</range>
						<gx:altitudeMode>relativeToSeaFloor</gx:altitudeMode>
					</LookAt>
					<styleUrl>#m_ylw-pushpin0</styleUrl>
					<Point>
						<gx:drawOrder>1</gx:drawOrder>
						<coordinates>-117.9132502776236,33.62382724759065,0</coordinates>
					</Point>
				</Placemark>
				<Placemark>
					<name>Corona del Mar High School</name>
					<visibility>0</visibility>
					<description>Laurie Gage</description>
					<LookAt>
						<longitude>-117.8796627843078</longitude>
						<latitude>33.63252241725949</latitude>
						<altitude>8.238056071036734</altitude>
						<heading>-117.5329876917884</heading>
						<tilt>77.1097754381216</tilt>
						<range>562.3629406998307</range>
						<gx:altitudeMode>relativeToSeaFloor</gx:altitudeMode>
					</LookAt>
					<styleUrl>#m_ylw-pushpin0</styleUrl>
					<Point>
						<gx:drawOrder>1</gx:drawOrder>
						<coordinates>-117.8796627843078,33.63252241725949,0</coordinates>
					</Point>
				</Placemark>
			</Folder>
		</Folder>
		<Folder>
			<name>Kenya</name>
			<visibility>0</visibility>
			<Folder>
				<name>Turkana</name>
				<visibility>0</visibility>
				<Placemark>
					<name>Lodwar</name>
					<visibility>0</visibility>
					<LookAt>
						<longitude>36.03787131411891</longitude>
						<latitude>3.007905416738767</latitude>
						<altitude>0</altitude>
						<heading>0.01714865211674978</heading>
						<tilt>0</tilt>
						<range>293831.0993989717</range>
						<gx:altitudeMode>relativeToSeaFloor</gx:altitudeMode>
					</LookAt>
					<styleUrl>#m_ylw-pushpin</styleUrl>
					<Point>
						<gx:drawOrder>1</gx:drawOrder>
						<coordinates>35.59233053123436,3.102609720218108,0</coordinates>
					</Point>
				</Placemark>
				<Placemark>
					<name>Kakuma Camp</name>
					<visibility>0</visibility>
					<description>Camp One on Tarach River</description>
					<LookAt>
						<longitude>34.86248378915231</longitude>
						<latitude>3.709066178906471</latitude>
						<altitude>0</altitude>
						<heading>-7.017434712067112e-10</heading>
						<tilt>0</tilt>
						<range>16445.31498216346</range>
						<gx:altitudeMode>relativeToSeaFloor</gx:altitudeMode>
					</LookAt>
					<styleUrl>#m_ylw-pushpin</styleUrl>
					<Point>
						<gx:drawOrder>1</gx:drawOrder>
						<coordinates>34.83670151748892,3.741765120068389,0</coordinates>
					</Point>
				</Placemark>
				<Placemark>
					<name>Lokichar</name>
					<visibility>0</visibility>
					<LookAt>
						<longitude>36.03787131411891</longitude>
						<latitude>3.007905416738767</latitude>
						<altitude>0</altitude>
						<heading>0.01714865211674978</heading>
						<tilt>0</tilt>
						<range>293831.0993989717</range>
						<gx:altitudeMode>relativeToSeaFloor</gx:altitudeMode>
					</LookAt>
					<styleUrl>#m_ylw-pushpin</styleUrl>
					<Point>
						<gx:drawOrder>1</gx:drawOrder>
						<coordinates>35.64325409824076,2.369824283419724,0</coordinates>
					</Point>
				</Placemark>
				<Placemark>
					<name>Kapenguria</name>
					<visibility>0</visibility>
					<description>Tegla Loroupe</description>
					<LookAt>
						<longitude>36.08475130244574</longitude>
						<latitude>2.255805598884383</latitude>
						<altitude>0</altitude>
						<heading>0.02453966777440523</heading>
						<tilt>0</tilt>
						<range>330748.6667276624</range>
						<gx:altitudeMode>relativeToSeaFloor</gx:altitudeMode>
					</LookAt>
					<styleUrl>#m_ylw-pushpin</styleUrl>
					<Point>
						<gx:drawOrder>1</gx:drawOrder>
						<coordinates>35.09506700990313,1.211879351871236,0</coordinates>
					</Point>
				</Placemark>
				<Placemark>
					<name>Napuu Gardens</name>
					<visibility>0</visibility>
					<description>possible site for Rift Valley Water Services Board drilled 3</description>
					<LookAt>
						<longitude>35.65245124177635</longitude>
						<latitude>3.108305688170463</latitude>
						<altitude>0</altitude>
						<heading>0.004078272835056531</heading>
						<tilt>27.30188237779305</tilt>
						<range>8538.260381173197</range>
						<gx:altitudeMode>relativeToSeaFloor</gx:altitudeMode>
					</LookAt>
					<styleUrl>#m_ylw-pushpin</styleUrl>
					<Point>
						<gx:drawOrder>1</gx:drawOrder>
						<coordinates>35.6402721463067,3.108333514168787,0</coordinates>
					</Point>
				</Placemark>
			</Folder>
		</Folder>
		<Document>
			<name>Geometry-2026-05--04</name>
			<open>1</open>
			<description>177 housing projects. Heights shown as stories × 3.5m. Generated 2026-05-03.</description>
			<Style id="style_Application_Submitted_parcel">
				<LineStyle>
					<color>ff00ffff</color>
					<width>1.5</width>
				</LineStyle>
				<PolyStyle>
					<color>8000ffff</color>
				</PolyStyle>
			</Style>
			<StyleMap id="style_Application_Submitted_parcel0">
				<Pair>
					<key>normal</key>
					<styleUrl>#style_Application_Submitted_parcel</styleUrl>
				</Pair>
				<Pair>
					<key>highlight</key>
					<styleUrl>#style_Application_Submitted_parcel3</styleUrl>
				</Pair>
			</StyleMap>
			<StyleMap id="style_Application_Submitted_parcel1">
				<Pair>
					<key>normal</key>
					<styleUrl>#style_Application_Submitted_parcel5</styleUrl>
				</Pair>
				<Pair>
					<key>highlight</key>
					<styleUrl>#style_Application_Submitted_parcel2</styleUrl>
				</Pair>
			</StyleMap>
			<Style id="style_Application_Submitted_parcel2">
				<LineStyle>
					<color>ff00ffff</color>
					<width>1.5</width>
				</LineStyle>
				<PolyStyle>
					<color>8000ffff</color>
				</PolyStyle>
			</Style>
			<Style id="style_Application_Submitted_parcel3">
				<LineStyle>
					<color>ff00ffff</color>
					<width>1.5</width>
				</LineStyle>
				<PolyStyle>
					<color>8000ffff</color>
				</PolyStyle>
			</Style>
			<Style id="style_Application_Submitted_parcel4">
				<LineStyle>
					<color>ff00ffff</color>
					<width>1.5</width>
				</LineStyle>
				<PolyStyle>
					<color>8000ffff</color>
				</PolyStyle>
			</Style>
			<Style id="style_Application_Submitted_parcel5">
				<LineStyle>
					<color>ff00ffff</color>
					<width>1.5</width>
				</LineStyle>
				<PolyStyle>
					<color>8000ffff</color>
				</PolyStyle>
			</Style>
			<Style id="style_Application_Submitted_synthetic">
				<LineStyle>
					<color>ff00ffff</color>
				</LineStyle>
				<PolyStyle>
					<color>8000ffff</color>
				</PolyStyle>
			</Style>
			<StyleMap id="style_Completed_parcel">
				<Pair>
					<key>normal</key>
					<styleUrl>#style_Completed_parcel4</styleUrl>
				</Pair>
				<Pair>
					<key>highlight</key>
					<styleUrl>#style_Completed_parcel5</styleUrl>
				</Pair>
			</StyleMap>
			<Style id="style_Completed_parcel0">
				<LineStyle>
					<color>ff53c800</color>
					<width>1.5</width>
				</LineStyle>
				<PolyStyle>
					<color>8053c800</color>
				</PolyStyle>
			</Style>
			<StyleMap id="style_Completed_parcel1">
				<Pair>
					<key>normal</key>
					<styleUrl>#style_Completed_parcel2</styleUrl>
				</Pair>
				<Pair>
					<key>highlight</key>
					<styleUrl>#style_Completed_parcel3</styleUrl>
				</Pair>
			</StyleMap>
			<Style id="style_Completed_parcel2">
				<LineStyle>
					<color>ff53c800</color>
					<width>1.5</width>
				</LineStyle>
				<PolyStyle>
					<color>8053c800</color>
				</PolyStyle>
			</Style>
			<Style id="style_Completed_parcel3">
				<LineStyle>
					<color>ff53c800</color>
					<width>1.5</width>
				</LineStyle>
				<PolyStyle>
					<color>8053c800</color>
				</PolyStyle>
			</Style>
			<Style id="style_Completed_parcel4">
				<LineStyle>
					<color>ff53c800</color>
					<width>1.5</width>
				</LineStyle>
				<PolyStyle>
					<color>8053c800</color>
				</PolyStyle>
			</Style>
			<Style id="style_Completed_parcel5">
				<LineStyle>
					<color>ff53c800</color>
					<width>1.5</width>
				</LineStyle>
				<PolyStyle>
					<color>8053c800</color>
				</PolyStyle>
			</Style>
			<Style id="style_Completed_synthetic">
				<LineStyle>
					<color>ff53c800</color>
				</LineStyle>
				<PolyStyle>
					<color>8053c800</color>
				</PolyStyle>
			</Style>
			<StyleMap id="style_Decision_Pending_parcel">
				<Pair>
					<key>normal</key>
					<styleUrl>#style_Decision_Pending_parcel0</styleUrl>
				</Pair>
				<Pair>
					<key>highlight</key>
					<styleUrl>#style_Decision_Pending_parcel3</styleUrl>
				</Pair>
			</StyleMap>
			<Style id="style_Decision_Pending_parcel3">
				<LineStyle>
					<color>ff00ffff</color>
					<width>1.5</width>
				</LineStyle>
				<PolyStyle>
					<color>8000ffff</color>
				</PolyStyle>
			</Style>
			<Style id="style_Decision_Pending_parcel0">
				<LineStyle>
					<color>ff00ffff</color>
					<width>1.5</width>
				</LineStyle>
				<PolyStyle>
					<color>8000ffff</color>
				</PolyStyle>
			</Style>
			<Style id="style_Decision_Pending_parcel1">
				<LineStyle>
					<color>ff00ffff</color>
					<width>1.5</width>
				</LineStyle>
				<PolyStyle>
					<color>8000ffff</color>
				</PolyStyle>
			</Style>
			<StyleMap id="style_Decision_Pending_parcel00">
				<Pair>
					<key>normal</key>
					<styleUrl>#style_Decision_Pending_parcel2</styleUrl>
				</Pair>
				<Pair>
					<key>highlight</key>
					<styleUrl>#style_Decision_Pending_parcel10</styleUrl>
				</Pair>
			</StyleMap>
			<Style id="style_Decision_Pending_parcel10">
				<LineStyle>
					<color>ff00ffff</color>
					<width>1.5</width>
				</LineStyle>
				<PolyStyle>
					<color>8000ffff</color>
				</PolyStyle>
			</Style>
			<Style id="style_Decision_Pending_parcel2">
				<LineStyle>
					<color>ff00ffff</color>
					<width>1.5</width>
				</LineStyle>
				<PolyStyle>
					<color>8000ffff</color>
				</PolyStyle>
			</Style>
			<Style id="style_Entitled_footprint">
				<LineStyle>
					<color>ff0080ff</color>
					<width>2.5</width>
				</LineStyle>
				<PolyStyle>
					<color>800080ff</color>
				</PolyStyle>
			</Style>
			<Style id="style_Entitled_footprint0">
				<LineStyle>
					<color>ff0080ff</color>
					<width>2.5</width>
				</LineStyle>
				<PolyStyle>
					<color>800080ff</color>
				</PolyStyle>
			</Style>
			<StyleMap id="style_Entitled_footprint1">
				<Pair>
					<key>normal</key>
					<styleUrl>#style_Entitled_footprint2</styleUrl>
				</Pair>
				<Pair>
					<key>highlight</key>
					<styleUrl>#style_Entitled_footprint0</styleUrl>
				</Pair>
			</StyleMap>
			<Style id="style_Entitled_footprint2">
				<LineStyle>
					<color>ff0080ff</color>
					<width>2.5</width>
				</LineStyle>
				<PolyStyle>
					<color>800080ff</color>
				</PolyStyle>
			</Style>
			<Style id="style_Entitled_parcel">
				<LineStyle>
					<color>ff0080ff</color>
					<width>1.5</width>
				</LineStyle>
				<PolyStyle>
					<color>800080ff</color>
				</PolyStyle>
			</Style>
			<Style id="style_Entitled_parcel0">
				<LineStyle>
					<color>ff0080ff</color>
					<width>1.5</width>
				</LineStyle>
				<PolyStyle>
					<color>800080ff</color>
				</PolyStyle>
			</Style>
			<StyleMap id="style_Entitled_parcel1">
				<Pair>
					<key>normal</key>
					<styleUrl>#style_Entitled_parcel8</styleUrl>
				</Pair>
				<Pair>
					<key>highlight</key>
					<styleUrl>#style_Entitled_parcel3</styleUrl>
				</Pair>
			</StyleMap>
			<StyleMap id="style_Entitled_parcel2">
				<Pair>
					<key>normal</key>
					<styleUrl>#style_Entitled_parcel7</styleUrl>
				</Pair>
				<Pair>
					<key>highlight</key>
					<styleUrl>#style_Entitled_parcel0</styleUrl>
				</Pair>
			</StyleMap>
			<Style id="style_Entitled_parcel3">
				<LineStyle>
					<color>ff0080ff</color>
					<width>1.5</width>
				</LineStyle>
				<PolyStyle>
					<color>800080ff</color>
				</PolyStyle>
			</Style>
			<Style id="style_Entitled_parcel4">
				<LineStyle>
					<color>ff0080ff</color>
					<width>1.5</width>
				</LineStyle>
				<PolyStyle>
					<color>800080ff</color>
				</PolyStyle>
			</Style>
			<StyleMap id="style_Entitled_parcel5">
				<Pair>
					<key>normal</key>
					<styleUrl>#style_Entitled_parcel4</styleUrl>
				</Pair>
				<Pair>
					<key>highlight</key>
					<styleUrl>#style_Entitled_parcel</styleUrl>
				</Pair>
			</StyleMap>
			<Style id="style_Entitled_parcel6">
				<LineStyle>
					<color>ff0080ff</color>
					<width>1.5</width>
				</LineStyle>
				<PolyStyle>
					<color>800080ff</color>
				</PolyStyle>
			</Style>
			<Style id="style_Entitled_parcel7">
				<LineStyle>
					<color>ff0080ff</color>
					<width>1.5</width>
				</LineStyle>
				<PolyStyle>
					<color>800080ff</color>
				</PolyStyle>
			</Style>
			<Style id="style_Entitled_parcel8">
				<LineStyle>
					<color>ff0080ff</color>
					<width>1.5</width>
				</LineStyle>
				<PolyStyle>
					<color>800080ff</color>
				</PolyStyle>
			</Style>
			<Style id="style_Entitled_synthetic">
				<LineStyle>
					<color>ff0080ff</color>
				</LineStyle>
				<PolyStyle>
					<color>800080ff</color>
				</PolyStyle>
			</Style>
			<StyleMap id="style_In_Review_parcel">
				<Pair>
					<key>normal</key>
					<styleUrl>#style_In_Review_parcel14</styleUrl>
				</Pair>
				<Pair>
					<key>highlight</key>
					<styleUrl>#style_In_Review_parcel0</styleUrl>
				</Pair>
			</StyleMap>
			<Style id="style_In_Review_parcel0">
				<LineStyle>
					<color>ff00ffff</color>
					<width>1.5</width>
				</LineStyle>
				<PolyStyle>
					<color>8000ffff</color>
				</PolyStyle>
			</Style>
			<Style id="style_In_Review_parcel1">
				<LineStyle>
					<color>ff00ffff</color>
					<width>1.5</width>
				</LineStyle>
				<PolyStyle>
					<color>8000ffff</color>
				</PolyStyle>
			</Style>
			<Style id="style_In_Review_parcel10">
				<LineStyle>
					<color>ff00ffff</color>
					<width>1.5</width>
				</LineStyle>
				<PolyStyle>
					<color>8000ffff</color>
				</PolyStyle>
			</Style>
			<Style id="style_In_Review_parcel11">
				<LineStyle>
					<color>ff00ffff</color>
					<width>1.5</width>
				</LineStyle>
				<PolyStyle>
					<color>8000ffff</color>
				</PolyStyle>
			</Style>
			<StyleMap id="style_In_Review_parcel12">
				<Pair>
					<key>normal</key>
					<styleUrl>#style_In_Review_parcel16</styleUrl>
				</Pair>
				<Pair>
					<key>highlight</key>
					<styleUrl>#style_In_Review_parcel10</styleUrl>
				</Pair>
			</StyleMap>
			<Style id="style_In_Review_parcel13">
				<LineStyle>
					<color>ff00ffff</color>
					<width>1.5</width>
				</LineStyle>
				<PolyStyle>
					<color>8000ffff</color>
				</PolyStyle>
			</Style>
			<Style id="style_In_Review_parcel14">
				<LineStyle>
					<color>ff00ffff</color>
					<width>1.5</width>
				</LineStyle>
				<PolyStyle>
					<color>8000ffff</color>
				</PolyStyle>
			</Style>
			<Style id="style_In_Review_parcel15">
				<LineStyle>
					<color>ff00ffff</color>
					<width>1.5</width>
				</LineStyle>
				<PolyStyle>
					<color>8000ffff</color>
				</PolyStyle>
			</Style>
			<Style id="style_In_Review_parcel16">
				<LineStyle>
					<color>ff00ffff</color>
					<width>1.5</width>
				</LineStyle>
				<PolyStyle>
					<color>8000ffff</color>
				</PolyStyle>
			</Style>
			<Style id="style_In_Review_parcel17">
				<LineStyle>
					<color>ff00ffff</color>
					<width>1.5</width>
				</LineStyle>
				<PolyStyle>
					<color>8000ffff</color>
				</PolyStyle>
			</Style>
			<StyleMap id="style_In_Review_parcel2">
				<Pair>
					<key>normal</key>
					<styleUrl>#style_In_Review_parcel13</styleUrl>
				</Pair>
				<Pair>
					<key>highlight</key>
					<styleUrl>#style_In_Review_parcel8</styleUrl>
				</Pair>
			</StyleMap>
			<Style id="style_In_Review_parcel3">
				<LineStyle>
					<color>ff00ffff</color>
					<width>1.5</width>
				</LineStyle>
				<PolyStyle>
					<color>8000ffff</color>
				</PolyStyle>
			</Style>
			<Style id="style_In_Review_parcel4">
				<LineStyle>
					<color>ff00ffff</color>
					<width>1.5</width>
				</LineStyle>
				<PolyStyle>
					<color>8000ffff</color>
				</PolyStyle>
			</Style>
			<Style id="style_In_Review_parcel53">
				<LineStyle>
					<color>ff00ffff</color>
					<width>1.5</width>
				</LineStyle>
				<PolyStyle>
					<color>8000ffff</color>
				</PolyStyle>
			</Style>
			<StyleMap id="style_In_Review_parcel50">
				<Pair>
					<key>normal</key>
					<styleUrl>#style_In_Review_parcel517</styleUrl>
				</Pair>
				<Pair>
					<key>highlight</key>
					<styleUrl>#style_In_Review_parcel57</styleUrl>
				</Pair>
			</StyleMap>
			<StyleMap id="style_In_Review_parcel55">
				<Pair>
					<key>normal</key>
					<styleUrl>#style_In_Review_parcel513</styleUrl>
				</Pair>
				<Pair>
					<key>highlight</key>
					<styleUrl>#style_In_Review_parcel52</styleUrl>
				</Pair>
			</StyleMap>
			<StyleMap id="style_In_Review_parcel54">
				<Pair>
					<key>normal</key>
					<styleUrl>#style_In_Review_parcel516</styleUrl>
				</Pair>
				<Pair>
					<key>highlight</key>
					<styleUrl>#style_In_Review_parcel514</styleUrl>
				</Pair>
			</StyleMap>
			<Style id="style_In_Review_parcel511">
				<LineStyle>
					<color>ff00ffff</color>
					<width>1.5</width>
				</LineStyle>
				<PolyStyle>
					<color>8000ffff</color>
				</PolyStyle>
			</Style>
			<Style id="style_In_Review_parcel516">
				<LineStyle>
					<color>ff00ffff</color>
					<width>1.5</width>
				</LineStyle>
				<PolyStyle>
					<color>8000ffff</color>
				</PolyStyle>
			</Style>
			<Style id="style_In_Review_parcel5">
				<LineStyle>
					<color>ff00ffff</color>
					<width>1.5</width>
				</LineStyle>
				<PolyStyle>
					<color>8000ffff</color>
				</PolyStyle>
			</Style>
			<Style id="style_In_Review_parcel56">
				<LineStyle>
					<color>ff00ffff</color>
					<width>1.5</width>
				</LineStyle>
				<PolyStyle>
					<color>8000ffff</color>
				</PolyStyle>
			</Style>
			<StyleMap id="style_In_Review_parcel515">
				<Pair>
					<key>normal</key>
					<styleUrl>#style_In_Review_parcel53</styleUrl>
				</Pair>
				<Pair>
					<key>highlight</key>
					<styleUrl>#style_In_Review_parcel59</styleUrl>
				</Pair>
			</StyleMap>
			<Style id="style_In_Review_parcel513">
				<LineStyle>
					<color>ff00ffff</color>
					<width>1.5</width>
				</LineStyle>
				<PolyStyle>
					<color>8000ffff</color>
				</PolyStyle>
			</Style>
			<Style id="style_In_Review_parcel57">
				<LineStyle>
					<color>ff00ffff</color>
					<width>1.5</width>
				</LineStyle>
				<PolyStyle>
					<color>8000ffff</color>
				</PolyStyle>
			</Style>
			<StyleMap id="style_In_Review_parcel510">
				<Pair>
					<key>normal</key>
					<styleUrl>#style_In_Review_parcel5</styleUrl>
				</Pair>
				<Pair>
					<key>highlight</key>
					<styleUrl>#style_In_Review_parcel56</styleUrl>
				</Pair>
			</StyleMap>
			<Style id="style_In_Review_parcel517">
				<LineStyle>
					<color>ff00ffff</color>
					<width>1.5</width>
				</LineStyle>
				<PolyStyle>
					<color>8000ffff</color>
				</PolyStyle>
			</Style>
			<Style id="style_In_Review_parcel514">
				<LineStyle>
					<color>ff00ffff</color>
					<width>1.5</width>
				</LineStyle>
				<PolyStyle>
					<color>8000ffff</color>
				</PolyStyle>
			</Style>
			<Style id="style_In_Review_parcel59">
				<LineStyle>
					<color>ff00ffff</color>
					<width>1.5</width>
				</LineStyle>
				<PolyStyle>
					<color>8000ffff</color>
				</PolyStyle>
			</Style>
			<Style id="style_In_Review_parcel58">
				<LineStyle>
					<color>ff00ffff</color>
					<width>1.5</width>
				</LineStyle>
				<PolyStyle>
					<color>8000ffff</color>
				</PolyStyle>
			</Style>
			<Style id="style_In_Review_parcel52">
				<LineStyle>
					<color>ff00ffff</color>
					<width>1.5</width>
				</LineStyle>
				<PolyStyle>
					<color>8000ffff</color>
				</PolyStyle>
			</Style>
			<StyleMap id="style_In_Review_parcel512">
				<Pair>
					<key>normal</key>
					<styleUrl>#style_In_Review_parcel511</styleUrl>
				</Pair>
				<Pair>
					<key>highlight</key>
					<styleUrl>#style_In_Review_parcel51</styleUrl>
				</Pair>
			</StyleMap>
			<Style id="style_In_Review_parcel51">
				<LineStyle>
					<color>ff00ffff</color>
					<width>1.5</width>
				</LineStyle>
				<PolyStyle>
					<color>8000ffff</color>
				</PolyStyle>
			</Style>
			<StyleMap id="style_In_Review_parcel6">
				<Pair>
					<key>normal</key>
					<styleUrl>#style_In_Review_parcel15</styleUrl>
				</Pair>
				<Pair>
					<key>highlight</key>
					<styleUrl>#style_In_Review_parcel4</styleUrl>
				</Pair>
			</StyleMap>
			<StyleMap id="style_In_Review_parcel7">
				<Pair>
					<key>normal</key>
					<styleUrl>#style_In_Review_parcel17</styleUrl>
				</Pair>
				<Pair>
					<key>highlight</key>
					<styleUrl>#style_In_Review_parcel3</styleUrl>
				</Pair>
			</StyleMap>
			<Style id="style_In_Review_parcel8">
				<LineStyle>
					<color>ff00ffff</color>
					<width>1.5</width>
				</LineStyle>
				<PolyStyle>
					<color>8000ffff</color>
				</PolyStyle>
			</Style>
			<StyleMap id="style_In_Review_parcel9">
				<Pair>
					<key>normal</key>
					<styleUrl>#style_In_Review_parcel1</styleUrl>
				</Pair>
				<Pair>
					<key>highlight</key>
					<styleUrl>#style_In_Review_parcel11</styleUrl>
				</Pair>
			</StyleMap>
			<Style id="style_In_Review_synthetic3">
				<LineStyle>
					<color>ff00ffff</color>
				</LineStyle>
				<PolyStyle>
					<color>8000ffff</color>
				</PolyStyle>
			</Style>
			<Style id="style_In_Review_synthetic">
				<LineStyle>
					<color>ff00ffff</color>
				</LineStyle>
				<PolyStyle>
					<color>8000ffff</color>
				</PolyStyle>
			</Style>
			<Style id="style_In_Review_synthetic4">
				<LineStyle>
					<color>ff00ffff</color>
				</LineStyle>
				<PolyStyle>
					<color>8000ffff</color>
				</PolyStyle>
			</Style>
			<Style id="style_In_Review_synthetic0">
				<LineStyle>
					<color>ff00ffff</color>
				</LineStyle>
				<PolyStyle>
					<color>8000ffff</color>
				</PolyStyle>
			</Style>
			<StyleMap id="style_In_Review_synthetic2">
				<Pair>
					<key>normal</key>
					<styleUrl>#style_In_Review_synthetic</styleUrl>
				</Pair>
				<Pair>
					<key>highlight</key>
					<styleUrl>#style_In_Review_synthetic5</styleUrl>
				</Pair>
			</StyleMap>
			<Style id="style_In_Review_synthetic5">
				<LineStyle>
					<color>ff00ffff</color>
				</LineStyle>
				<PolyStyle>
					<color>8000ffff</color>
				</PolyStyle>
			</Style>
			<StyleMap id="style_In_Review_synthetic1">
				<Pair>
					<key>normal</key>
					<styleUrl>#style_In_Review_synthetic4</styleUrl>
				</Pair>
				<Pair>
					<key>highlight</key>
					<styleUrl>#style_In_Review_synthetic3</styleUrl>
				</Pair>
			</StyleMap>
			<StyleMap id="style_In_Review_synthetic00">
				<Pair>
					<key>normal</key>
					<styleUrl>#style_In_Review_synthetic20</styleUrl>
				</Pair>
				<Pair>
					<key>highlight</key>
					<styleUrl>#style_In_Review_synthetic10</styleUrl>
				</Pair>
			</StyleMap>
			<Style id="style_In_Review_synthetic10">
				<LineStyle>
					<color>ff00ffff</color>
				</LineStyle>
				<PolyStyle>
					<color>8000ffff</color>
				</PolyStyle>
			</Style>
			<Style id="style_In_Review_synthetic20">
				<LineStyle>
					<color>ff00ffff</color>
				</LineStyle>
				<PolyStyle>
					<color>8000ffff</color>
				</PolyStyle>
			</Style>
			<Style id="style_Permits_Active_parcel">
				<LineStyle>
					<color>ffffff00</color>
					<width>1.5</width>
				</LineStyle>
				<PolyStyle>
					<color>80ffff00</color>
				</PolyStyle>
			</Style>
			<Style id="style_Pre_Application_parcel">
				<LineStyle>
					<color>ffc0c0c0</color>
					<width>1.5</width>
				</LineStyle>
				<PolyStyle>
					<color>80c0c0c0</color>
				</PolyStyle>
			</Style>
			<Style id="style_Stalled_parcel">
				<LineStyle>
					<color>ff0000ff</color>
					<width>1.5</width>
				</LineStyle>
				<PolyStyle>
					<color>800000ff</color>
				</PolyStyle>
			</Style>
			<Style id="style_UC_Project_footprint">
				<LineStyle>
					<color>ffff00aa</color>
					<width>2.5</width>
				</LineStyle>
				<PolyStyle>
					<color>80ff00aa</color>
				</PolyStyle>
			</Style>
			<Style id="style_UC_Project_footprint0">
				<LineStyle>
					<color>ffff00aa</color>
					<width>2.5</width>
				</LineStyle>
				<PolyStyle>
					<color>80ff00aa</color>
				</PolyStyle>
			</Style>
			<StyleMap id="style_UC_Project_footprint1">
				<Pair>
					<key>normal</key>
					<styleUrl>#style_UC_Project_footprint5</styleUrl>
				</Pair>
				<Pair>
					<key>highlight</key>
					<styleUrl>#style_UC_Project_footprint4</styleUrl>
				</Pair>
			</StyleMap>
			<StyleMap id="style_UC_Project_footprint2">
				<Pair>
					<key>normal</key>
					<styleUrl>#style_UC_Project_footprint0</styleUrl>
				</Pair>
				<Pair>
					<key>highlight</key>
					<styleUrl>#style_UC_Project_footprint3</styleUrl>
				</Pair>
			</StyleMap>
			<Style id="style_UC_Project_footprint3">
				<LineStyle>
					<color>ffff00aa</color>
					<width>2.5</width>
				</LineStyle>
				<PolyStyle>
					<color>80ff00aa</color>
				</PolyStyle>
			</Style>
			<Style id="style_UC_Project_footprint4">
				<LineStyle>
					<color>ffff00aa</color>
					<width>2.5</width>
				</LineStyle>
				<PolyStyle>
					<color>80ff00aa</color>
				</PolyStyle>
			</Style>
			<Style id="style_UC_Project_footprint5">
				<LineStyle>
					<color>ffff00aa</color>
					<width>2.5</width>
				</LineStyle>
				<PolyStyle>
					<color>80ff00aa</color>
				</PolyStyle>
			</Style>
			<StyleMap id="style_Under_Construction_parcel0">
				<Pair>
					<key>normal</key>
					<styleUrl>#style_Under_Construction_parcel1</styleUrl>
				</Pair>
				<Pair>
					<key>highlight</key>
					<styleUrl>#style_Under_Construction_parcel</styleUrl>
				</Pair>
			</StyleMap>
			<Style id="style_Under_Construction_parcel1">
				<LineStyle>
					<color>ffff6229</color>
					<width>1.5</width>
				</LineStyle>
				<PolyStyle>
					<color>80ff6229</color>
				</PolyStyle>
			</Style>
			<Style id="style_Under_Construction_parcel">
				<LineStyle>
					<color>ffff6229</color>
					<width>1.5</width>
				</LineStyle>
				<PolyStyle>
					<color>80ff6229</color>
				</PolyStyle>
			</Style>
			<Style id="style_Under_Construction_parcel2">
				<LineStyle>
					<color>ffff6229</color>
					<width>1.5</width>
				</LineStyle>
				<PolyStyle>
					<color>80ff6229</color>
				</PolyStyle>
			</Style>
			<Style id="style_Withdrawn_parcel">
				<LineStyle>
					<color>ff0000ff</color>
					<width>1.5</width>
				</LineStyle>
				<PolyStyle>
					<color>800000ff</color>
				</PolyStyle>
			</Style>
			<Folder>
				<name>Housing Projects</name>
				<Placemark>
					<name>2400 BOWDITCH St</name>
					<description><![CDATA[<b>2400 BOWDITCH St</b><br/><b>Units:</b> 750<br/><b>VLI Units:</b> 0<br/><b>Stories:</b> 26<br/><b>Height:</b> 85.3m<br/><b>Status:</b> Pre-Application<br/><b style='color:purple'>UC Berkeley Project</b>]]></description>
					<styleUrl>#style_UC_Project_footprint1</styleUrl>
					<Polygon>
						<extrude>1</extrude>
						<altitudeMode>relativeToGround</altitudeMode>
						<outerBoundaryIs>
							<LinearRing>
								<coordinates>
									-122.2565445419804,37.86641824954469,85.3 -122.2567124763328,37.8670995495654,85.3 -122.2573632984431,37.8670059833901,85.3 -122.2573330308715,37.86677749095411,85.3 -122.2568668192754,37.8668594735373,85.3 -122.2567508474408,37.86639375435853,85.3 -122.2565445419804,37.86641824954469,85.3 
								</coordinates>
							</LinearRing>
						</outerBoundaryIs>
					</Polygon>
				</Placemark>
				<Placemark>
					<name>2556 HASTE St</name>
					<description><![CDATA[<b>2556 HASTE St</b><br/><b>Units:</b> 556<br/><b>VLI Units:</b> 0<br/><b>Stories:</b> 12<br/><b>Height:</b> 40.2m<br/><b>Status:</b> Under Construction<br/><b style='color:purple'>UC Berkeley Project</b>]]></description>
					<styleUrl>#style_UC_Project_footprint2</styleUrl>
					<Polygon>
						<extrude>1</extrude>
						<altitudeMode>relativeToGround</altitudeMode>
						<outerBoundaryIs>
							<LinearRing>
								<coordinates>
									-122.257849049515,37.86606393310299,40.2 -122.257798184082,37.86584327228867,40.2 -122.2568112451243,37.86597488893274,40.2 -122.25673268639,37.86547554566393,40.2 -122.2562992779039,37.86551647916642,40.2 -122.2564219708596,37.86623851100116,40.2 -122.257849049515,37.86606393310299,40.2 
								</coordinates>
							</LinearRing>
						</outerBoundaryIs>
					</Polygon>
				</Placemark>
				<Placemark>
					<name>2200 BANCROFT Way</name>
					<description><![CDATA[<b>2200 BANCROFT Way</b><br/><b>Units:</b> 550<br/><b>VLI Units:</b> 0<br/><b>Stories:</b> 23<br/><b>Height:</b> 77.1m<br/><b>Status:</b> Under Construction<br/><b style='color:purple'>UC Berkeley Project</b>]]></description>
					<styleUrl>#style_UC_Project_footprint</styleUrl>
					<Polygon>
						<extrude>1</extrude>
						<altitudeMode>relativeToGround</altitudeMode>
						<outerBoundaryIs>
							<LinearRing>
								<coordinates>
									-122.2653530749287,37.86734094463674,77.09999999999999 -122.2654471995935,37.86781783833246,77.09999999999999 -122.2658107301884,37.86777400642833,77.09999999999999 -122.2657254056444,37.86725787799307,77.09999999999999 -122.2653530749287,37.86734094463674,77.09999999999999 
								</coordinates>
							</LinearRing>
						</outerBoundaryIs>
					</Polygon>
				</Placemark>
				<Placemark>
					<name>1950 OXFORD St</name>
					<description><![CDATA[<b>1950 OXFORD St</b><br/><b>Units:</b> 300<br/><b>VLI Units:</b> 0<br/><b>Stories:</b> 14<br/><b>Height:</b> 46.9m<br/><b>Status:</b> Completed<br/><b style='color:purple'>UC Berkeley Project</b>]]></description>
					<styleUrl>#style_UC_Project_footprint</styleUrl>
					<Polygon>
						<extrude>1</extrude>
						<altitudeMode>relativeToGround</altitudeMode>
						<outerBoundaryIs>
							<LinearRing>
								<coordinates>
									-122.2662788617576,37.87257208642357,46.9 -122.2663591304847,37.87326413434535,46.9 -122.2669785623539,37.87317763211071,46.9 -122.266664583753,37.87255884678478,46.9 -122.2662788617576,37.87257208642357,46.9 
								</coordinates>
							</LinearRing>
						</outerBoundaryIs>
					</Polygon>
				</Placemark>
				<Placemark>
					<name>1750 SACRAMENTO St</name>
					<description><![CDATA[<b>1750 SACRAMENTO St</b><br/><b>Units:</b> 739<br/><b>VLI Units:</b> 0<br/><b>Stories:</b> 8<br/><b>Height:</b> 28.0m<br/><b>Status:</b> In Review]]></description>
					<styleUrl>#style_In_Review_parcel58</styleUrl>
					<Polygon>
						<extrude>1</extrude>
						<altitudeMode>relativeToGround</altitudeMode>
						<outerBoundaryIs>
							<LinearRing>
								<coordinates>
									-122.2825388957474,37.873963734114,28 -122.2833232633541,37.87387017609439,28 -122.2834046755,37.87466276383535,28 -122.2826482839259,37.87476620333629,28 -122.2825388957474,37.873963734114,28 
								</coordinates>
							</LinearRing>
						</outerBoundaryIs>
					</Polygon>
				</Placemark>
				<Placemark>
					<name>Ashby BART</name>
					<description><![CDATA[<b>Ashby BART</b><br/><b>Units:</b> 618<br/><b>VLI Units:</b> 309<br/><b>Stories:</b> 20<br/><b>Height:</b> 70.0m<br/><b>Status:</b> Pre-Application<br/><i>(height estimated from units)</i>]]></description>
					<styleUrl>#style_Pre_Application_parcel</styleUrl>
					<Polygon>
						<extrude>1</extrude>
						<altitudeMode>relativeToGround</altitudeMode>
						<outerBoundaryIs>
							<LinearRing>
								<coordinates>
									-122.2875536324362,37.85428954733504,70 -122.2869060695018,37.8522866296952,70 -122.288906954088,37.85186900838737,70 -122.2893057974179,37.85310864425001,70 -122.2892535021239,37.85316301019162,70 -122.2892246923659,37.85319296749443,70 -122.2894617890991,37.85390285071467,70 -122.2875536324362,37.85428954733504,70 
								</coordinates>
							</LinearRing>
						</outerBoundaryIs>
					</Polygon>
				</Placemark>
				<Placemark>
					<name>1974 SHATTUCK Ave</name>
					<description><![CDATA[<b>1974 SHATTUCK Ave</b><br/><b>Units:</b> 599<br/><b>VLI Units:</b> 58<br/><b>Stories:</b> 28<br/><b>Height:</b> 98.0m<br/><b>Status:</b> Entitled]]></description>
					<styleUrl>#style_Entitled_footprint</styleUrl>
					<Polygon>
						<extrude>1</extrude>
						<altitudeMode>relativeToGround</altitudeMode>
						<outerBoundaryIs>
							<LinearRing>
								<coordinates>
									-122.2686719879186,37.87287267616308,98.00000000000001 -122.2690361350241,37.87285390297354,98.00000000000001 -122.268933950456,37.87244611934,98.00000000000001 -122.2690904526609,37.87241886123353,98.00000000000001 -122.2690461495803,37.87222041507879,98.00000000000001 -122.2686003850768,37.87228944554767,98.00000000000001 -122.2686719879186,37.87287267616308,98.00000000000001 
								</coordinates>
							</LinearRing>
						</outerBoundaryIs>
					</Polygon>
				</Placemark>
				<Placemark>
					<name>2128 Oxford St</name>
					<description><![CDATA[<b>2128 Oxford St</b><br/><b>Units:</b> 485<br/><b>VLI Units:</b> 47<br/><b>Stories:</b> 26<br/><b>Height:</b> 91.0m<br/><b>Status:</b> Entitled]]></description>
					<styleUrl>#style_Entitled_synthetic</styleUrl>
					<Polygon>
						<extrude>1</extrude>
						<altitudeMode>relativeToGround</altitudeMode>
						<outerBoundaryIs>
							<LinearRing>
								<coordinates>
									-122.2659642026801,37.8701123031143,91 -122.2660190342187,37.8705062262155,91 -122.2664129573199,37.8704182368857,91 -122.2663581257813,37.87002431378449,91 -122.2659642026801,37.8701123031143,91 
								</coordinates>
							</LinearRing>
						</outerBoundaryIs>
					</Polygon>
				</Placemark>
				<Placemark>
					<name>2190 SHATTUCK Ave</name>
					<description><![CDATA[<b>2190 SHATTUCK Ave</b><br/><b>Units:</b> 452<br/><b>VLI Units:</b> 0<br/><b>Stories:</b> 34<br/><b>Height:</b> 119.0m<br/><b>Status:</b> In Review]]></description>
					<styleUrl>#style_In_Review_parcel</styleUrl>
					<Polygon>
						<extrude>1</extrude>
						<altitudeMode>relativeToGround</altitudeMode>
						<outerBoundaryIs>
							<LinearRing>
								<coordinates>
									-122.2682510776356,37.86942256562457,119 -122.2682738755158,37.86965158945649,119 -122.2690744986648,37.86960750656637,119 -122.2690179778003,37.86932525019976,119 -122.2682510776356,37.86942256562457,119 
								</coordinates>
							</LinearRing>
						</outerBoundaryIs>
					</Polygon>
				</Placemark>
				<Placemark>
					<name>2700 SHATTUCK Ave</name>
					<description><![CDATA[<b>2700 SHATTUCK Ave</b><br/><b>Units:</b> 359<br/><b>VLI Units:</b> 0<br/><b>Stories:</b> 15<br/><b>Height:</b> 52.5m<br/><b>Status:</b> In Review<br/><i>(height estimated from units)</i>]]></description>
					<styleUrl>#style_In_Review_parcel7</styleUrl>
					<Polygon>
						<extrude>1</extrude>
						<altitudeMode>relativeToGround</altitudeMode>
						<outerBoundaryIs>
							<LinearRing>
								<coordinates>
									-122.267680748208,37.85944794042214,52.5 -122.2673869775315,37.86020494680588,52.5 -122.2683547317199,37.86011365909602,52.5 -122.2682233195961,37.85939767351398,52.5 -122.267680748208,37.85944794042214,52.5 
								</coordinates>
							</LinearRing>
						</outerBoundaryIs>
					</Polygon>
				</Placemark>
				<Placemark>
					<name>2276 SHATTUCK Ave</name>
					<description><![CDATA[<b>2276 SHATTUCK Ave</b><br/><b>Units:</b> 336<br/><b>VLI Units:</b> 0<br/><b>Stories:</b> 18<br/><b>Height:</b> 63.0m<br/><b>Status:</b> In Review]]></description>
					<styleUrl>#style_In_Review_parcel58</styleUrl>
					<Polygon>
						<extrude>1</extrude>
						<altitudeMode>relativeToGround</altitudeMode>
						<outerBoundaryIs>
							<LinearRing>
								<coordinates>
									-122.2683982098763,37.86760063152184,63 -122.268447246836,37.86784023737008,63 -122.2680844913283,37.86788481305854,63 -122.2680598123012,37.86764895194761,63 -122.2683982098763,37.86760063152184,63 
								</coordinates>
							</LinearRing>
						</outerBoundaryIs>
					</Polygon>
				</Placemark>
				<Placemark>
					<name>2274 SHATTUCK Ave</name>
					<description><![CDATA[<b>2274 SHATTUCK Ave</b><br/><b>Units:</b> 299<br/><b>VLI Units:</b> 0<br/><b>Stories:</b> 17<br/><b>Height:</b> 59.5m<br/><b>Status:</b> Entitled]]></description>
					<styleUrl>#style_Entitled_parcel5</styleUrl>
					<Polygon>
						<extrude>1</extrude>
						<altitudeMode>relativeToGround</altitudeMode>
						<outerBoundaryIs>
							<LinearRing>
								<coordinates>
									-122.2680941057001,37.86799728196314,59.5 -122.2680844913283,37.86788481305854,59.5 -122.268447246836,37.86784023737008,59.5 -122.2683982098763,37.86760063152184,59.5 -122.2687902514216,37.86754875692188,59.5 -122.2688578662474,37.86791442273089,59.5 -122.2688457938126,37.86791666317941,59.5 -122.268859822865,37.86799611537222,59.5 -122.2684332273109,37.86805124906881,59.5 -122.2684171238047,37.86795742455347,59.5 -122.2680941057001,37.86799728196314,59.5 
								</coordinates>
							</LinearRing>
						</outerBoundaryIs>
					</Polygon>
				</Placemark>
				<Placemark>
					<name>1914 FIFTH St</name>
					<description><![CDATA[<b>1914 FIFTH St</b><br/><b>Units:</b> 257<br/><b>VLI Units:</b> 26<br/><b>Stories:</b> 15<br/><b>Height:</b> 52.5m<br/><b>Status:</b> In Review<br/><i>(height estimated from units)</i>]]></description>
					<styleUrl>#style_In_Review_synthetic0</styleUrl>
					<Polygon>
						<extrude>1</extrude>
						<altitudeMode>relativeToGround</altitudeMode>
						<outerBoundaryIs>
							<LinearRing>
								<coordinates>
									-122.2990715463606,37.86807704770219,52.5 -122.2991263778993,37.86847097080339,52.5 -122.2995203010005,37.86838298147359,52.5 -122.2994654694618,37.86798905837238,52.5 -122.2990715463606,37.86807704770219,52.5 
								</coordinates>
							</LinearRing>
						</outerBoundaryIs>
					</Polygon>
				</Placemark>
				<Placemark>
					<name>2029 UNIVERSITY Ave</name>
					<description><![CDATA[<b>2029 UNIVERSITY Ave</b><br/><b>Units:</b> 240<br/><b>VLI Units:</b> 0<br/><b>Stories:</b> 23<br/><b>Height:</b> 78.0m<br/><b>Status:</b> Entitled]]></description>
					<styleUrl>#style_Entitled_parcel6</styleUrl>
					<Polygon>
						<extrude>1</extrude>
						<altitudeMode>relativeToGround</altitudeMode>
						<outerBoundaryIs>
							<LinearRing>
								<coordinates>
									-122.2696446143454,37.87213473114895,78 -122.2699970338518,37.87209237054999,78 -122.270058002845,37.87239703808411,78 -122.2697073799234,37.87244212108648,78 -122.2696446143454,37.87213473114895,78 
								</coordinates>
							</LinearRing>
						</outerBoundaryIs>
					</Polygon>
				</Placemark>
				<Placemark>
					<name>2352 Shattuck Ave</name>
					<description><![CDATA[<b>2352 Shattuck Ave</b><br/><b>Units:</b> 237<br/><b>VLI Units:</b> 0<br/><b>Stories:</b> 8<br/><b>Height:</b> 28.0m<br/><b>Status:</b> Completed]]></description>
					<styleUrl>#style_Completed_parcel</styleUrl>
					<Polygon>
						<extrude>1</extrude>
						<altitudeMode>relativeToGround</altitudeMode>
						<outerBoundaryIs>
							<LinearRing>
								<coordinates>
									-122.2687163581627,37.86644869270418,28 -122.2679469486661,37.86655004203782,28 -122.2679386821698,37.86647857044311,28 -122.2678644887076,37.86583708031741,28 -122.2682233090281,37.86578981567123,28 -122.2682247111786,37.86579644708195,28 -122.2683091540137,37.86619609926411,28 -122.2684800231324,37.86617358952481,28 -122.2684783983265,37.86616590222209,28 -122.2684685757389,37.86611941923253,28 -122.2684856628666,37.86611716761697,28 -122.268738543014,37.86608385669702,28 -122.2687770214409,37.86607878796743,28 -122.268782618349,37.86610548385499,28 -122.2688508540084,37.86643097580077,28 -122.2687163581627,37.86644869270418,28 
								</coordinates>
							</LinearRing>
						</outerBoundaryIs>
					</Polygon>
				</Placemark>
				<Placemark>
					<name>2601 SAN PABLO Ave</name>
					<description><![CDATA[<b>2601 SAN PABLO Ave</b><br/><b>Units:</b> 223<br/><b>VLI Units:</b> 0<br/><b>Stories:</b> 8<br/><b>Height:</b> 28.0m<br/><b>Status:</b> In Review]]></description>
					<styleUrl>#style_In_Review_parcel58</styleUrl>
					<Polygon>
						<extrude>1</extrude>
						<altitudeMode>relativeToGround</altitudeMode>
						<outerBoundaryIs>
							<LinearRing>
								<coordinates>
									-122.2885402191163,37.85921677438314,28 -122.2887681300361,37.85918584168565,28 -122.2888131650484,37.85932937353871,28 -122.2885713930826,37.85936050647946,28 -122.2885402191163,37.85921677438314,28 
								</coordinates>
							</LinearRing>
						</outerBoundaryIs>
					</Polygon>
				</Placemark>
				<Placemark>
					<description><![CDATA[<b>2920 SHATTUCK Ave</b><br/><b>Units:</b> 221<br/><b>VLI Units:</b> 0<br/><b>Stories:</b> 10<br/><b>Height:</b> 35.0m<br/><b>Status:</b> In Review]]></description>
					<styleUrl>#style_In_Review_parcel512</styleUrl>
					<Polygon>
						<extrude>1</extrude>
						<altitudeMode>relativeToGround</altitudeMode>
						<outerBoundaryIs>
							<LinearRing>
								<coordinates>
									-122.2668101898525,37.85664346318044,35 -122.2671503285829,37.85659716677563,35 -122.2670804732323,37.85606396466496,35 -122.2667401480044,37.85610270868192,35 -122.2668101898525,37.85664346318044,35 
								</coordinates>
							</LinearRing>
						</outerBoundaryIs>
					</Polygon>
				</Placemark>
				<Placemark>
					<name>1899 OXFORD St</name>
					<description><![CDATA[<b>1899 OXFORD St</b><br/><b>Units:</b> 212<br/><b>VLI Units:</b> 0<br/><b>Stories:</b> 7<br/><b>Height:</b> 23.8m<br/><b>Status:</b> Decision Pending]]></description>
					<styleUrl>#style_Decision_Pending_parcel1</styleUrl>
					<Polygon>
						<extrude>1</extrude>
						<altitudeMode>relativeToGround</altitudeMode>
						<outerBoundaryIs>
							<LinearRing>
								<coordinates>
									-122.2659023273881,37.87461069027057,23.8 -122.2658850473321,37.87446673469285,23.8 -122.2658635046739,37.87428989326462,23.8 -122.2661416664758,37.87425689354905,23.8 -122.2661677093624,37.87425856554528,23.8 -122.2661940562723,37.87427463575083,23.8 -122.2662152274801,37.87429013021297,23.8 -122.2662278381195,37.87431054463941,23.8 -122.2662808765738,37.87471902298317,23.8 -122.2659212360457,37.87474980254625,23.8 -122.2659023273881,37.87461069027057,23.8 
								</coordinates>
							</LinearRing>
						</outerBoundaryIs>
					</Polygon>
				</Placemark>
				<Placemark>
					<name>1598 UNIVERSITY Ave</name>
					<description><![CDATA[<b>1598 UNIVERSITY Ave</b><br/><b>Units:</b> 207<br/><b>VLI Units:</b> 21<br/><b>Stories:</b> 8<br/><b>Height:</b> 28.0m<br/><b>Status:</b> Under Construction]]></description>
					<styleUrl>#style_Under_Construction_parcel2</styleUrl>
					<Polygon>
						<extrude>1</extrude>
						<altitudeMode>relativeToGround</altitudeMode>
						<outerBoundaryIs>
							<LinearRing>
								<coordinates>
									-122.2798278995951,37.87015845863151,28 -122.2800040905528,37.87013657132588,28 -122.2801388179779,37.87011942971044,28 -122.2801860502678,37.87049916071911,28 -122.279869924501,37.87053756755827,28 -122.2798278995951,37.87015845863151,28 
								</coordinates>
							</LinearRing>
						</outerBoundaryIs>
					</Polygon>
				</Placemark>
				<Placemark>
					<name>2100 MILVIA St</name>
					<description><![CDATA[<b>2100 MILVIA St</b><br/><b>Units:</b> 205<br/><b>VLI Units:</b> 0<br/><b>Stories:</b> 15<br/><b>Height:</b> 52.5m<br/><b>Status:</b> Entitled<br/><i>(height estimated from units)</i>]]></description>
					<styleUrl>#style_Entitled_parcel6</styleUrl>
					<Polygon>
						<extrude>1</extrude>
						<altitudeMode>relativeToGround</altitudeMode>
						<outerBoundaryIs>
							<LinearRing>
								<coordinates>
									-122.2710589668133,37.87055306217254,52.5 -122.2710220155198,37.87037003609498,52.5 -122.2710215970311,37.87036796774306,52.5 -122.2713999675061,37.8703199655633,52.5 -122.2714004365549,37.87031990267174,52.5 -122.2715379707583,37.87030245299931,52.5 -122.2715417684187,37.87030197087215,52.5 -122.2715855935878,37.87053711325723,52.5 -122.2716082686672,37.87065877831867,52.5 -122.2716102892256,37.87066961713597,52.5 -122.2710961959126,37.87073745180535,52.5 -122.2710589668133,37.87055306217254,52.5 
								</coordinates>
							</LinearRing>
						</outerBoundaryIs>
					</Polygon>
				</Placemark>
				<Placemark>
					<name>2131 University Ave</name>
					<description><![CDATA[<b>2131 University Ave</b><br/><b>Units:</b> 205<br/><b>VLI Units:</b> 0<br/><b>Stories:</b> 6<br/><b>Height:</b> 21.0m<br/><b>Status:</b> Completed]]></description>
					<styleUrl>#style_Completed_synthetic</styleUrl>
					<Polygon>
						<extrude>1</extrude>
						<altitudeMode>relativeToGround</altitudeMode>
						<outerBoundaryIs>
							<LinearRing>
								<coordinates>
									-122.26824437,37.87223286,21 -122.26789437,37.87223286,21 -122.26789437,37.87277286,21 -122.26824437,37.87277286,21 -122.26824437,37.87223286,21 
								</coordinates>
							</LinearRing>
						</outerBoundaryIs>
					</Polygon>
				</Placemark>
				<Placemark>
					<name>2065 Kittredge St</name>
					<description><![CDATA[<b>2065 Kittredge St</b><br/><b>Units:</b> 189<br/><b>VLI Units:</b> 0<br/><b>Stories:</b> 8<br/><b>Height:</b> 28.0m<br/><b>Status:</b> Entitled]]></description>
					<styleUrl>#style_Entitled_footprint1</styleUrl>
					<Polygon>
						<extrude>1</extrude>
						<altitudeMode>relativeToGround</altitudeMode>
						<outerBoundaryIs>
							<LinearRing>
								<coordinates>
									-122.2684852557719,37.86847272474038,28 -122.2685428704767,37.86883422983492,28 -122.2688417874279,37.86878848680792,28 -122.268922549586,37.86918411311285,28 -122.2691868580265,37.8691421151169,28 -122.2690361882526,37.86841784704875,28 -122.2684852557719,37.86847272474038,28 
								</coordinates>
							</LinearRing>
						</outerBoundaryIs>
					</Polygon>
				</Placemark>
				<Placemark>
					<name>2150 Kittredge St</name>
					<description><![CDATA[<b>2150 Kittredge St</b><br/><b>Units:</b> 169<br/><b>VLI Units:</b> 0<br/><b>Stories:</b> 3<br/><b>Height:</b> 10.5m<br/><b>Status:</b> Completed<br/><i>(height estimated from units)</i>]]></description>
					<styleUrl>#style_Completed_parcel0</styleUrl>
					<Polygon>
						<extrude>1</extrude>
						<altitudeMode>relativeToGround</altitudeMode>
						<outerBoundaryIs>
							<LinearRing>
								<coordinates>
									-122.2667128478688,37.86819513897487,10.5 -122.2668924683713,37.86817183885958,10.5 -122.266961933351,37.86854231117494,10.5 -122.2667875679257,37.86856826056821,10.5 -122.2667128478688,37.86819513897487,10.5 
								</coordinates>
							</LinearRing>
						</outerBoundaryIs>
					</Polygon>
				</Placemark>
				<Placemark>
					<name>2015 Blake St</name>
					<description><![CDATA[<b>2015 Blake St</b><br/><b>Units:</b> 168<br/><b>VLI Units:</b> 0<br/><b>Stories:</b> 7<br/><b>Height:</b> 24.5m<br/><b>Status:</b> Entitled]]></description>
					<styleUrl>#style_Entitled_parcel6</styleUrl>
					<Polygon>
						<extrude>1</extrude>
						<altitudeMode>relativeToGround</altitudeMode>
						<outerBoundaryIs>
							<LinearRing>
								<coordinates>
									-122.2689235701133,37.86296855875176,24.5 -122.2690893522727,37.86294684028008,24.5 -122.2691582620876,37.86329395390491,24.5 -122.2691409919329,37.86329627298407,24.5 -122.2690045952986,37.86331480133109,24.5 -122.2689235701133,37.86296855875176,24.5 
								</coordinates>
							</LinearRing>
						</outerBoundaryIs>
					</Polygon>
				</Placemark>
				<Placemark>
					<name>3000 SHATTUCK Ave</name>
					<description><![CDATA[<b>3000 SHATTUCK Ave</b><br/><b>Units:</b> 166<br/><b>VLI Units:</b> 17<br/><b>Stories:</b> 10<br/><b>Height:</b> 34.7m<br/><b>Status:</b> In Review]]></description>
					<styleUrl>#style_In_Review_parcel58</styleUrl>
					<Polygon>
						<extrude>1</extrude>
						<altitudeMode>relativeToGround</altitudeMode>
						<outerBoundaryIs>
							<LinearRing>
								<coordinates>
									-122.2665763553385,37.85489794582511,34.7 -122.2669337521718,37.85484932760576,34.7 -122.2669941194151,37.85512929108805,34.7 -122.2666142243859,37.85517892391511,34.7 -122.2665763553385,37.85489794582511,34.7 
								</coordinates>
							</LinearRing>
						</outerBoundaryIs>
					</Polygon>
				</Placemark>
				<Placemark>
					<name>1951 Shattuck Ave</name>
					<description><![CDATA[<b>1951 Shattuck Ave</b><br/><b>Units:</b> 163<br/><b>VLI Units:</b> 0<br/><b>Stories:</b> 3<br/><b>Height:</b> 10.5m<br/><b>Status:</b> Completed<br/><i>(height estimated from units)</i>]]></description>
					<styleUrl>#style_Completed_parcel0</styleUrl>
					<Polygon>
						<extrude>1</extrude>
						<altitudeMode>relativeToGround</altitudeMode>
						<outerBoundaryIs>
							<LinearRing>
								<coordinates>
									-122.2683168217247,37.87299924843254,10.5 -122.2678911098535,37.87305507407676,10.5 -122.2678486751289,37.87268818744872,10.5 -122.2678486237453,37.87268775000292,10.5 -122.2678507014716,37.87268747721464,10.5 -122.2680883268552,37.87265631716893,10.5 -122.2682871983009,37.87263023881466,10.5 -122.2682925332025,37.8726295392218,10.5 -122.2683224699073,37.87299849039898,10.5 -122.2683168217247,37.87299924843254,10.5 
								</coordinates>
							</LinearRing>
						</outerBoundaryIs>
					</Polygon>
				</Placemark>
				<Placemark>
					<name>1581 UNIVERSITY Ave</name>
					<description><![CDATA[<b>1581 UNIVERSITY Ave</b><br/><b>Units:</b> 158<br/><b>VLI Units:</b> 0<br/><b>Stories:</b> 7<br/><b>Height:</b> 48.2m<br/><b>Status:</b> In Review]]></description>
					<styleUrl>#style_In_Review_parcel58</styleUrl>
					<Polygon>
						<extrude>1</extrude>
						<altitudeMode>relativeToGround</altitudeMode>
						<outerBoundaryIs>
							<LinearRing>
								<coordinates>
									-122.2805519962551,37.87073191111111,48.2 -122.2807333472347,37.87070857703476,48.2 -122.2807709141232,37.87104654865218,48.2 -122.2807225032433,37.87105071339525,48.2 -122.2805894567276,37.8710657758446,48.2 -122.2805519962551,37.87073191111111,48.2 
								</coordinates>
							</LinearRing>
						</outerBoundaryIs>
					</Polygon>
				</Placemark>
				<Placemark>
					<name>2115 KITTREDGE St</name>
					<description><![CDATA[<b>2115 KITTREDGE St</b><br/><b>Units:</b> 148<br/><b>VLI Units:</b> 12<br/><b>Stories:</b> 10<br/><b>Height:</b> 35.0m<br/><b>Status:</b> Application Submitted<br/><i>(height estimated from units)</i>]]></description>
					<styleUrl>#style_Application_Submitted_parcel0</styleUrl>
					<Polygon>
						<extrude>1</extrude>
						<altitudeMode>relativeToGround</altitudeMode>
						<outerBoundaryIs>
							<LinearRing>
								<coordinates>
									-122.2670609146114,37.86906617236289,35 -122.2670613695589,37.86906856542085,35 -122.2674012789835,37.86902191388783,35 -122.2673319752963,37.86865831159945,35 -122.2669917162857,37.86870185491377,35 -122.2670609146114,37.86906617236289,35 
								</coordinates>
							</LinearRing>
						</outerBoundaryIs>
					</Polygon>
				</Placemark>
				<Placemark>
					<name>3030 TELEGRAPH Ave</name>
					<description><![CDATA[<b>3030 TELEGRAPH Ave</b><br/><b>Units:</b> 144<br/><b>VLI Units:</b> 0<br/><b>Stories:</b> 10<br/><b>Height:</b> 35.0m<br/><b>Status:</b> Under Construction<br/><i>(height estimated from units)</i>]]></description>
					<styleUrl>#style_Under_Construction_parcel2</styleUrl>
					<Polygon>
						<extrude>1</extrude>
						<altitudeMode>relativeToGround</altitudeMode>
						<outerBoundaryIs>
							<LinearRing>
								<coordinates>
									-122.2600814742233,37.85463378766737,35 -122.2606219949361,37.85456460900806,35 -122.2606337528822,37.85462211326826,35 -122.2606396300726,37.85465155667876,35 -122.2606102730937,37.85465473957257,35 -122.2606240064243,37.85472251115566,35 -122.2606807891471,37.85499840756434,35 -122.2600193371512,37.85508106339045,35 -122.2600756468561,37.85463452255627,35 -122.2600814742233,37.85463378766737,35 
								</coordinates>
							</LinearRing>
						</outerBoundaryIs>
					</Polygon>
				</Placemark>
				<Placemark>
					<name>2420 SHATTUCK Ave</name>
					<description><![CDATA[<b>2420 SHATTUCK Ave</b><br/><b>Units:</b> 132<br/><b>VLI Units:</b> 0<br/><b>Stories:</b> 17<br/><b>Height:</b> 59.5m<br/><b>Status:</b> In Review]]></description>
					<styleUrl>#style_In_Review_parcel58</styleUrl>
					<Polygon>
						<extrude>1</extrude>
						<altitudeMode>relativeToGround</altitudeMode>
						<outerBoundaryIs>
							<LinearRing>
								<coordinates>
									-122.2677970130208,37.86527212454276,59.5 -122.2681855131924,37.86521823350147,59.5 -122.2681934744431,37.86526137918234,59.5 -122.2682069442377,37.8653181731219,59.5 -122.2678165376415,37.86536521967802,59.5 -122.2677970130208,37.86527212454276,59.5 
								</coordinates>
							</LinearRing>
						</outerBoundaryIs>
					</Polygon>
				</Placemark>
				<Placemark>
					<name>2847 SHATTUCK Ave</name>
					<description><![CDATA[<b>2847 SHATTUCK Ave</b><br/><b>Units:</b> 132<br/><b>VLI Units:</b> 0<br/><b>Stories:</b> 9<br/><b>Height:</b> 41.5m<br/><b>Status:</b> Application Submitted]]></description>
					<styleUrl>#style_Application_Submitted_parcel4</styleUrl>
					<Polygon>
						<extrude>1</extrude>
						<altitudeMode>relativeToGround</altitudeMode>
						<outerBoundaryIs>
							<LinearRing>
								<coordinates>
									-122.2661647243872,37.85688865891305,41.5 -122.266605074179,37.85683125014626,41.5 -122.2666334727546,37.85707803266258,41.5 -122.2662155177865,37.85713030221503,41.5 -122.2661647243872,37.85688865891305,41.5 
								</coordinates>
							</LinearRing>
						</outerBoundaryIs>
					</Polygon>
				</Placemark>
				<Placemark>
					<name>2109 VIRGINIA St</name>
					<description><![CDATA[<b>2109 VIRGINIA St</b><br/><b>Units:</b> 131<br/><b>VLI Units:</b> 0<br/><b>Stories:</b> 2<br/><b>Height:</b> 39.9m<br/><b>Status:</b> Entitled]]></description>
					<styleUrl>#style_Entitled_parcel6</styleUrl>
					<Polygon>
						<extrude>1</extrude>
						<altitudeMode>relativeToGround</altitudeMode>
						<outerBoundaryIs>
							<LinearRing>
								<coordinates>
									-122.2684051405695,37.87726574689183,39.9 -122.2683903514725,37.87715404366436,39.9 -122.2683772854215,37.87704161568805,39.9 -122.2683411796477,37.87676336747056,39.9 -122.2687506414209,37.8767132716366,39.9 -122.2688119010121,37.87724798499854,39.9 -122.2684071699731,37.87727807473793,39.9 -122.2684051405695,37.87726574689183,39.9 
								</coordinates>
							</LinearRing>
						</outerBoundaryIs>
					</Polygon>
				</Placemark>
				<Placemark>
					<name>2136 SAN PABLO Ave</name>
					<description><![CDATA[<b>2136 SAN PABLO Ave</b><br/><b>Units:</b> 125<br/><b>VLI Units:</b> 10<br/><b>Stories:</b> 6<br/><b>Height:</b> 21.0m<br/><b>Status:</b> Entitled]]></description>
					<styleUrl>#style_Entitled_parcel6</styleUrl>
					<Polygon>
						<extrude>1</extrude>
						<altitudeMode>relativeToGround</altitudeMode>
						<outerBoundaryIs>
							<LinearRing>
								<coordinates>
									-122.2918772289801,37.86663262718028,21 -122.2919863974627,37.86661157786645,21 -122.2920209372054,37.86671787770789,21 -122.2921019545426,37.86696815199153,21 -122.2921411984429,37.86708938296112,21 -122.2916877236018,37.86717867955219,21 -122.291532386811,37.86670036502953,21 -122.2918772289801,37.86663262718028,21 
								</coordinates>
							</LinearRing>
						</outerBoundaryIs>
					</Polygon>
				</Placemark>
				<Placemark>
					<name>2425 DURANT Ave</name>
					<description><![CDATA[<b>2425 DURANT Ave</b><br/><b>Units:</b> 117<br/><b>VLI Units:</b> 0<br/><b>Stories:</b> 20<br/><b>Height:</b> 61.0m<br/><b>Status:</b> Decision Pending]]></description>
					<styleUrl>#style_Decision_Pending_parcel1</styleUrl>
					<Polygon>
						<extrude>1</extrude>
						<altitudeMode>relativeToGround</altitudeMode>
						<outerBoundaryIs>
							<LinearRing>
								<coordinates>
									-122.2599930122489,37.86779779616973,61 -122.2602413878907,37.8677653188486,61 -122.260317962351,37.86811738479477,61 -122.2602404724875,37.86812751695053,61 -122.260079871174,37.868148517285,61 -122.2599930122489,37.86779779616973,61 
								</coordinates>
							</LinearRing>
						</outerBoundaryIs>
					</Polygon>
				</Placemark>
				<Placemark>
					<name>2720 SAN PABLO Ave</name>
					<description><![CDATA[<b>2720 SAN PABLO Ave</b><br/><b>Units:</b> 113<br/><b>VLI Units:</b> 9<br/><b>Stories:</b> 10<br/><b>Height:</b> 35.7m<br/><b>Status:</b> In Review<br/><i>(height estimated from units)</i>]]></description>
					<styleUrl>#style_In_Review_parcel58</styleUrl>
					<Polygon>
						<extrude>1</extrude>
						<altitudeMode>relativeToGround</altitudeMode>
						<outerBoundaryIs>
							<LinearRing>
								<coordinates>
									-122.2885780863559,37.85748227996431,35.7 -122.2884939590864,37.85723140912825,35.7 -122.2888240747898,37.85714287019837,35.7 -122.2889069621622,37.85739819292412,35.7 -122.2885780863559,37.85748227996431,35.7 
								</coordinates>
							</LinearRing>
						</outerBoundaryIs>
					</Polygon>
				</Placemark>
				<Placemark>
					<name>2000 DWIGHT Way</name>
					<description><![CDATA[<b>2000 DWIGHT Way</b><br/><b>Units:</b> 113<br/><b>VLI Units:</b> 0<br/><b>Stories:</b> 6<br/><b>Height:</b> 21.0m<br/><b>Status:</b> Completed]]></description>
					<styleUrl>#style_Completed_parcel0</styleUrl>
					<Polygon>
						<extrude>1</extrude>
						<altitudeMode>relativeToGround</altitudeMode>
						<outerBoundaryIs>
							<LinearRing>
								<coordinates>
									-122.2695034243705,37.86338423421613,21 -122.2696484736413,37.86336420783969,21 -122.2696674424711,37.86336117638604,21 -122.2696935322575,37.86358327434223,21 -122.2695484471651,37.86360124379956,21 -122.2695034243705,37.86338423421613,21 
								</coordinates>
							</LinearRing>
						</outerBoundaryIs>
					</Polygon>
				</Placemark>
				<Placemark>
					<name>2530 BANCROFT Way</name>
					<description><![CDATA[<b>2530 BANCROFT Way</b><br/><b>Units:</b> 110<br/><b>VLI Units:</b> 11<br/><b>Stories:</b> 12<br/><b>Height:</b> 42.0m<br/><b>Status:</b> Entitled]]></description>
					<styleUrl>#style_Entitled_parcel6</styleUrl>
					<Polygon>
						<extrude>1</extrude>
						<altitudeMode>relativeToGround</altitudeMode>
						<outerBoundaryIs>
							<LinearRing>
								<coordinates>
									-122.2580067530384,37.86839309275174,42 -122.2582157219166,37.8683652725858,42 -122.2583970577225,37.86834128423369,42 -122.2584177952901,37.86833891196952,42 -122.2584887617401,37.86870179976934,42 -122.2580776947641,37.86875462148472,42 -122.2580067530384,37.86839309275174,42 
								</coordinates>
							</LinearRing>
						</outerBoundaryIs>
					</Polygon>
				</Placemark>
				<Placemark>
					<name>1717 SAN PABLO Ave</name>
					<description><![CDATA[<b>1701- 1717 SAN PABLO Ave</b><br/><b>Units:</b> 110<br/><b>VLI Units:</b> 110<br/><b>Stories:</b> 10<br/><b>Height:</b> 35.0m<br/><b>Status:</b> Under Construction<br/><i>(height estimated from units)</i>]]></description>
					<styleUrl>#style_Under_Construction_parcel0</styleUrl>
					<Polygon>
						<extrude>1</extrude>
						<altitudeMode>relativeToGround</altitudeMode>
						<outerBoundaryIs>
							<LinearRing>
								<coordinates>
									-122.293343837942,37.87337176305611,35 -122.293122874638,37.87268684640154,35 -122.2925053248902,37.87280945527666,35 -122.2927141179213,37.87350122265381,35 -122.293343837942,37.87337176305611,35 
								</coordinates>
							</LinearRing>
						</outerBoundaryIs>
					</Polygon>
				</Placemark>
				<Placemark>
					<name>2109 MILVIA St</name>
					<description><![CDATA[<b>2109 MILVIA St</b><br/><b>Units:</b> 105<br/><b>VLI Units:</b> 0<br/><b>Stories:</b> 14<br/><b>Height:</b> 49.0m<br/><b>Status:</b> In Review]]></description>
					<styleUrl>#style_In_Review_parcel58</styleUrl>
					<Polygon>
						<extrude>1</extrude>
						<altitudeMode>relativeToGround</altitudeMode>
						<outerBoundaryIs>
							<LinearRing>
								<coordinates>
									-122.2702190792161,37.87048932915641,49.00000000000001 -122.2702622628394,37.87048386370987,49.00000000000001 -122.2705179068313,37.87045188837567,49.00000000000001 -122.2705423846401,37.87067882035553,49.00000000000001 -122.2702591167687,37.87071533196789,49.00000000000001 -122.2702190792161,37.87048932915641,49.00000000000001 
								</coordinates>
							</LinearRing>
						</outerBoundaryIs>
					</Polygon>
				</Placemark>
				<Placemark>
					<name>2198 SAN PABLO Ave</name>
					<description><![CDATA[<b>2198 SAN PABLO Ave</b><br/><b>Units:</b> 100<br/><b>VLI Units:</b> 0<br/><b>Stories:</b> 7<br/><b>Height:</b> 24.5m<br/><b>Status:</b> Entitled]]></description>
					<styleUrl>#style_Entitled_parcel6</styleUrl>
					<Polygon>
						<extrude>1</extrude>
						<altitudeMode>relativeToGround</altitudeMode>
						<outerBoundaryIs>
							<LinearRing>
								<coordinates>
									-122.2917894913495,37.86637095150585,24.5 -122.2918772289801,37.86663262718028,24.5 -122.291532386811,37.86670036502953,24.5 -122.2914480991251,37.86643863055377,24.5 -122.2917894913495,37.86637095150585,24.5 
								</coordinates>
							</LinearRing>
						</outerBoundaryIs>
					</Polygon>
				</Placemark>
				<Placemark>
					<name>2655 SHATTUCK Ave</name>
					<description><![CDATA[<b>2655 SHATTUCK Ave</b><br/><b>Units:</b> 97<br/><b>VLI Units:</b> 0<br/><b>Stories:</b> 8<br/><b>Height:</b> 25.9m<br/><b>Status:</b> Decision Pending]]></description>
					<styleUrl>#style_Decision_Pending_parcel00</styleUrl>
					<Polygon>
						<extrude>1</extrude>
						<altitudeMode>relativeToGround</altitudeMode>
						<outerBoundaryIs>
							<LinearRing>
								<coordinates>
									-122.2663191255262,37.86089523313471,25.9 -122.2667561221218,37.8608468576224,25.9 -122.2667816502156,37.86046397517401,25.9 -122.2662486717575,37.86053818546711,25.9 -122.2663191255262,37.86089523313471,25.9 
								</coordinates>
							</LinearRing>
						</outerBoundaryIs>
					</Polygon>
				</Placemark>
				<Placemark>
					<name>2450 SHATTUCK Ave</name>
					<description><![CDATA[<b>2450 SHATTUCK Ave</b><br/><b>Units:</b> 94<br/><b>VLI Units:</b> 0<br/><b>Stories:</b> 7<br/><b>Height:</b> 24.5m<br/><b>Status:</b> In Review<br/><i>(height estimated from units)</i>]]></description>
					<styleUrl>#style_In_Review_parcel6</styleUrl>
					<Polygon>
						<extrude>1</extrude>
						<altitudeMode>relativeToGround</altitudeMode>
						<outerBoundaryIs>
							<LinearRing>
								<coordinates>
									-122.267745024621,37.8647626827703,24.5 -122.2682199953658,37.86470270034828,24.5 -122.2681657374722,37.86446110423199,24.5 -122.2680935502054,37.86441274190318,24.5 -122.2680879678232,37.86439702831648,24.5 -122.2677079790297,37.8644439220885,24.5 -122.267745024621,37.8647626827703,24.5 
								</coordinates>
							</LinearRing>
						</outerBoundaryIs>
					</Polygon>
				</Placemark>
				<Placemark>
					<name>2001 ASHBY Ave</name>
					<description><![CDATA[<b>2001 ASHBY Ave</b><br/><b>Units:</b> 87<br/><b>VLI Units:</b> 86<br/><b>Stories:</b> 1<br/><b>Height:</b> 3.5m<br/><b>Status:</b> Completed]]></description>
					<styleUrl>#style_Completed_parcel0</styleUrl>
					<Polygon>
						<extrude>1</extrude>
						<altitudeMode>relativeToGround</altitudeMode>
						<outerBoundaryIs>
							<LinearRing>
								<coordinates>
									-122.2680143544641,37.85560352017218,3.5 -122.2680588419296,37.85559787972672,3.5 -122.2680450383111,37.85548857423015,3.5 -122.2681134430646,37.85547990177098,3.5 -122.2680789316493,37.85520663937028,3.5 -122.2685871442872,37.85514220475695,3.5 -122.2685964923144,37.85514167517936,3.5 -122.2686058189153,37.85514239376007,3.5 -122.2686148605719,37.85514433993507,3.5 -122.2686233597965,37.85514745802748,3.5 -122.2686310741988,37.85515166000763,3.5 -122.2686377844509,37.85515682464126,3.5 -122.2686433010093,37.85516280744558,3.5 -122.2686474652964,37.85516943618993,3.5 -122.2686501586689,37.85517652356972,3.5 -122.2686513058279,37.8551838672275,3.5 -122.268650874721,37.85519125966661,3.5 -122.2686488742692,37.85519848823711,3.5 -122.2684715079074,37.85565661552959,3.5 -122.2680281580558,37.85571282566998,3.5 -122.2680280115817,37.85571165938652,3.5 -122.2680143544641,37.85560352017218,3.5 
								</coordinates>
							</LinearRing>
						</outerBoundaryIs>
					</Polygon>
				</Placemark>
				<Placemark>
					<name>2036 BANCROFT Way</name>
					<description><![CDATA[<b>2036 BANCROFT Way</b><br/><b>Units:</b> 85<br/><b>VLI Units:</b> 4<br/><b>Stories:</b> 8<br/><b>Height:</b> 25.9m<br/><b>Status:</b> In Review]]></description>
					<styleUrl>#style_In_Review_parcel2</styleUrl>
					<Polygon>
						<extrude>1</extrude>
						<altitudeMode>relativeToGround</altitudeMode>
						<outerBoundaryIs>
							<LinearRing>
								<coordinates>
									-122.2683407260099,37.86671496660818,25.9 -122.2684115119539,37.86706823711974,25.9 -122.26857562399,37.86704861446543,25.9 -122.2686482126011,37.8674046080076,25.9 -122.2684806190637,37.86742291306954,25.9 -122.2680436619393,37.86748027478138,25.9 -122.2679694310436,37.86676447485359,25.9 -122.2683407260099,37.86671496660818,25.9 
								</coordinates>
							</LinearRing>
						</outerBoundaryIs>
					</Polygon>
				</Placemark>
				<Placemark>
					<name>1700 SACRAMENTO St</name>
					<description><![CDATA[<b>1700 SACRAMENTO St</b><br/><b>Units:</b> 85<br/><b>VLI Units:</b> 0<br/><b>Stories:</b> 7<br/><b>Height:</b> 24.5m<br/><b>Status:</b> In Review<br/><i>(height estimated from units)</i>]]></description>
					<styleUrl>#style_In_Review_parcel58</styleUrl>
					<Polygon>
						<extrude>1</extrude>
						<altitudeMode>relativeToGround</altitudeMode>
						<outerBoundaryIs>
							<LinearRing>
								<coordinates>
									-122.2820801396136,37.87455641733663,24.5 -122.2822234909072,37.87453776763364,24.5 -122.2822561117269,37.87481332914388,24.5 -122.2821214290198,37.87483252745301,24.5 -122.2821151779517,37.87478867304238,24.5 -122.2820801396136,37.87455641733663,24.5 
								</coordinates>
							</LinearRing>
						</outerBoundaryIs>
					</Polygon>
				</Placemark>
				<Placemark>
					<name>2538 DURANT Ave</name>
					<description><![CDATA[<b>2538 DURANT Ave</b><br/><b>Units:</b> 83<br/><b>VLI Units:</b> 5<br/><b>Stories:</b> 8<br/><b>Height:</b> 28.0m<br/><b>Status:</b> Under Construction]]></description>
					<styleUrl>#style_Under_Construction_parcel2</styleUrl>
					<Polygon>
						<extrude>1</extrude>
						<altitudeMode>relativeToGround</altitudeMode>
						<outerBoundaryIs>
							<LinearRing>
								<coordinates>
									-122.2570697371308,37.86759881421826,28 -122.257235537346,37.86757712164093,28 -122.2573078261212,37.86792282007067,28 -122.2571404110734,37.86794934609672,28 -122.2570697371308,37.86759881421826,28 
								</coordinates>
							</LinearRing>
						</outerBoundaryIs>
					</Polygon>
				</Placemark>
				<Placemark>
					<name>2000 University Ave</name>
					<description><![CDATA[<b>2000 University Ave</b><br/><b>Units:</b> 82<br/><b>VLI Units:</b> 0<br/><b>Stories:</b> 3<br/><b>Height:</b> 10.5m<br/><b>Status:</b> Completed<br/><i>(height estimated from units)</i>]]></description>
					<styleUrl>#style_Completed_parcel0</styleUrl>
					<Polygon>
						<extrude>1</extrude>
						<altitudeMode>relativeToGround</altitudeMode>
						<outerBoundaryIs>
							<LinearRing>
								<coordinates>
									-122.270396957898,37.87149925005609,10.5 -122.2705802418811,37.87148413456205,10.5 -122.2706071079295,37.87173850398432,10.5 -122.2704274263947,37.87175973367047,10.5 -122.270396957898,37.87149925005609,10.5 
								</coordinates>
							</LinearRing>
						</outerBoundaryIs>
					</Polygon>
				</Placemark>
				<Placemark>
					<name>1708 HARMON St</name>
					<description><![CDATA[<b>1708 HARMON St</b><br/><b>Units:</b> 80<br/><b>VLI Units:</b> 80<br/><b>Stories:</b> 5<br/><b>Height:</b> 17.5m<br/><b>Status:</b> Permits Active]]></description>
					<styleUrl>#style_Permits_Active_parcel</styleUrl>
					<Polygon>
						<extrude>1</extrude>
						<altitudeMode>relativeToGround</altitudeMode>
						<outerBoundaryIs>
							<LinearRing>
								<coordinates>
									-122.2732345244464,37.84923034250092,17.5 -122.2732221485848,37.84912023331194,17.5 -122.2728122705305,37.84917477286226,17.5 -122.2727783737108,37.84887318848318,17.5 -122.2729833130868,37.84884592254835,17.5 -122.2731882523263,37.84881865535392,17.5 -122.2731651158681,37.84861281266259,17.5 -122.2735749916395,37.84855827815998,17.5 -122.2736583168587,37.84929958645437,17.5 -122.2732484370311,37.8493541211987,17.5 -122.2732345244464,37.84923034250092,17.5 
								</coordinates>
							</LinearRing>
						</outerBoundaryIs>
					</Polygon>
				</Placemark>
				<Placemark>
					<name>2680 BANCROFT Way</name>
					<description><![CDATA[<b>2680 BANCROFT Way</b><br/><b>Units:</b> 79<br/><b>VLI Units:</b> 9<br/><b>Stories:</b> 8<br/><b>Height:</b> 28.0m<br/><b>Status:</b> Entitled]]></description>
					<styleUrl>#style_Entitled_parcel1</styleUrl>
					<Polygon>
						<extrude>1</extrude>
						<altitudeMode>relativeToGround</altitudeMode>
						<outerBoundaryIs>
							<LinearRing>
								<coordinates>
									-122.2550096322798,37.86916541937588,28 -122.2552234613528,37.86913050470943,28 -122.2551439672279,37.86880805511557,28 -122.2549379463754,37.86883168163379,28 -122.2550096322798,37.86916541937588,28 
								</coordinates>
							</LinearRing>
						</outerBoundaryIs>
					</Polygon>
				</Placemark>
				<Placemark>
					<name>2660 BANCROFT Way</name>
					<description><![CDATA[<b>2660 BANCROFT Way</b><br/><b>Units:</b> 78<br/><b>VLI Units:</b> 0<br/><b>Stories:</b> 8<br/><b>Height:</b> 28.0m<br/><b>Status:</b> Application Submitted]]></description>
					<styleUrl>#style_Application_Submitted_parcel1</styleUrl>
					<Polygon>
						<extrude>1</extrude>
						<altitudeMode>relativeToGround</altitudeMode>
						<outerBoundaryIs>
							<LinearRing>
								<coordinates>
									-122.2552331531562,37.8691286234623,28 -122.2554230254789,37.86909832878837,28 -122.2553593445438,37.86877910864972,28 -122.2551611236397,37.86880657452835,28 -122.2552331531562,37.8691286234623,28 
								</coordinates>
							</LinearRing>
						</outerBoundaryIs>
					</Polygon>
				</Placemark>
				<Placemark>
					<name>2427 San Pablo</name>
					<description><![CDATA[<b>2427 San Pablo</b><br/><b>Units:</b> 78<br/><b>VLI Units:</b> 0<br/><b>Stories:</b> 7<br/><b>Height:</b> 21.3m<br/><b>Status:</b> Entitled<br/><i>(height estimated from units)</i>]]></description>
					<styleUrl>#style_Entitled_parcel6</styleUrl>
					<Polygon>
						<extrude>1</extrude>
						<altitudeMode>relativeToGround</altitudeMode>
						<outerBoundaryIs>
							<LinearRing>
								<coordinates>
									-122.2892917772261,37.86193637886238,21.3 -122.2892600231865,37.8618407230334,21.3 -122.2892469620572,37.86180178129661,21.3 -122.2895796282448,37.8617328697494,21.3 -122.2896299120304,37.86187837700161,21.3 -122.2892954731531,37.86194525007528,21.3 -122.2892917772261,37.86193637886238,21.3 
								</coordinates>
							</LinearRing>
						</outerBoundaryIs>
					</Polygon>
				</Placemark>
				<Placemark>
					<name>2955 SHATTUCK Ave</name>
					<description><![CDATA[<b>2955 SHATTUCK Ave</b><br/><b>Units:</b> 74<br/><b>VLI Units:</b> 0<br/><b>Stories:</b> 2<br/><b>Height:</b> 22.9m<br/><b>Status:</b> In Review]]></description>
					<styleUrl>#style_In_Review_parcel58</styleUrl>
					<Polygon>
						<extrude>1</extrude>
						<altitudeMode>relativeToGround</altitudeMode>
						<outerBoundaryIs>
							<LinearRing>
								<coordinates>
									-122.2660397668181,37.85585979696457,22.9 -122.2660165016097,37.8557557679286,22.9 -122.2660510374353,37.85575113063698,22.9 -122.2662133320259,37.85572878240878,22.9 -122.2661935136476,37.85562402050176,22.9 -122.266424939621,37.85559515110643,22.9 -122.2664707120298,37.85591721074479,22.9 -122.2660648910223,37.85596929311244,22.9 -122.2660397668181,37.85585979696457,22.9 
								</coordinates>
							</LinearRing>
						</outerBoundaryIs>
					</Polygon>
				</Placemark>
				<Placemark>
					<name>2037 DURANT Ave</name>
					<description><![CDATA[<b>2037 DURANT Ave</b><br/><b>Units:</b> 74<br/><b>VLI Units:</b> 4<br/><b>Stories:</b> 1<br/><b>Height:</b> 27.4m<br/><b>Status:</b> Entitled]]></description>
					<styleUrl>#style_Entitled_parcel6</styleUrl>
					<Polygon>
						<extrude>1</extrude>
						<altitudeMode>relativeToGround</altitudeMode>
						<outerBoundaryIs>
							<LinearRing>
								<coordinates>
									-122.2683407260099,37.86671496660818,27.4 -122.268679295848,37.86667349714114,27.4 -122.2687483708235,37.86702749408837,27.4 -122.26857562399,37.86704861446543,27.4 -122.2684115119539,37.86706823711974,27.4 -122.2683407260099,37.86671496660818,27.4 
								</coordinates>
							</LinearRing>
						</outerBoundaryIs>
					</Polygon>
				</Placemark>
				<Placemark>
					<name>2138 KITTREDGE St</name>
					<description><![CDATA[<b>2138 KITTREDGE St</b><br/><b>Units:</b> 73<br/><b>VLI Units:</b> 5<br/><b>Stories:</b> 8<br/><b>Height:</b> 28.0m<br/><b>Status:</b> Entitled]]></description>
					<styleUrl>#style_Entitled_parcel2</styleUrl>
					<Polygon>
						<extrude>1</extrude>
						<altitudeMode>relativeToGround</altitudeMode>
						<outerBoundaryIs>
							<LinearRing>
								<coordinates>
									-122.266961933351,37.86854231117494,28 -122.2671294158954,37.86851851692969,28 -122.2670582512068,37.86814945366185,28 -122.2668924683713,37.86817183885958,28 -122.266961933351,37.86854231117494,28 
								</coordinates>
							</LinearRing>
						</outerBoundaryIs>
					</Polygon>
				</Placemark>
				<Placemark>
					<name>2099 MLK Jr Way</name>
					<description><![CDATA[<b>2099 MLK Jr Way</b><br/><b>Units:</b> 72<br/><b>VLI Units:</b> 0<br/><b>Stories:</b> 3<br/><b>Height:</b> 10.5m<br/><b>Status:</b> Completed<br/><i>(height estimated from units)</i>]]></description>
					<styleUrl>#style_Completed_parcel0</styleUrl>
					<Polygon>
						<extrude>1</extrude>
						<altitudeMode>relativeToGround</altitudeMode>
						<outerBoundaryIs>
							<LinearRing>
								<coordinates>
									-122.2724593419027,37.87072941316434,10.5 -122.2727754389462,37.87068964799388,10.5 -122.2728190673195,37.87106530189369,10.5 -122.2725081437602,37.87110430329983,10.5 -122.2724593419027,37.87072941316434,10.5 
								</coordinates>
							</LinearRing>
						</outerBoundaryIs>
					</Polygon>
				</Placemark>
				<Placemark>
					<name>2550 SHATTUCK Ave</name>
					<description><![CDATA[<b>2550 SHATTUCK Ave</b><br/><b>Units:</b> 72<br/><b>VLI Units:</b> 8<br/><b>Stories:</b> 7<br/><b>Height:</b> 24.5m<br/><b>Status:</b> Entitled]]></description>
					<styleUrl>#style_Entitled_parcel6</styleUrl>
					<Polygon>
						<extrude>1</extrude>
						<altitudeMode>relativeToGround</altitudeMode>
						<outerBoundaryIs>
							<LinearRing>
								<coordinates>
									-122.2675115118028,37.86266901739254,24.5 -122.2679760918504,37.86260986802267,24.5 -122.268021912731,37.86286051489864,24.5 -122.2675383966386,37.86292543298442,24.5 -122.2675115118028,37.86266901739254,24.5 
								</coordinates>
							</LinearRing>
						</outerBoundaryIs>
					</Polygon>
				</Placemark>
				<Placemark>
					<name>2326 DURANT Ave</name>
					<description><![CDATA[<b>2326 DURANT Ave</b><br/><b>Units:</b> 70<br/><b>VLI Units:</b> 0<br/><b>Stories:</b> 7<br/><b>Height:</b> 24.5m<br/><b>Status:</b> In Review<br/><i>(height estimated from units)</i>]]></description>
					<styleUrl>#style_In_Review_parcel58</styleUrl>
					<Polygon>
						<extrude>1</extrude>
						<altitudeMode>relativeToGround</altitudeMode>
						<outerBoundaryIs>
							<LinearRing>
								<coordinates>
									-122.262140177933,37.8669244452682,24.5 -122.2622127104336,37.86691580036684,24.5 -122.2623336247682,37.8669002554371,24.5 -122.2624063250587,37.86726243176764,24.5 -122.2622129069541,37.86728798013969,24.5 -122.262140177933,37.8669244452682,24.5 
								</coordinates>
							</LinearRing>
						</outerBoundaryIs>
					</Polygon>
				</Placemark>
				<Placemark>
					<name>2300 ELLSWORTH St</name>
					<description><![CDATA[<b>2300 ELLSWORTH St</b><br/><b>Units:</b> 69<br/><b>VLI Units:</b> 0<br/><b>Stories:</b> 7<br/><b>Height:</b> 24.5m<br/><b>Status:</b> Permits Active]]></description>
					<styleUrl>#style_Permits_Active_parcel</styleUrl>
					<Polygon>
						<extrude>1</extrude>
						<altitudeMode>relativeToGround</altitudeMode>
						<outerBoundaryIs>
							<LinearRing>
								<coordinates>
									-122.2637889733654,37.86785224763094,24.5 -122.2641395925744,37.86780718302568,24.5 -122.2641766928178,37.867983117229,24.5 -122.2638276875821,37.86802334758866,24.5 -122.2637889733654,37.86785224763094,24.5 
								</coordinates>
							</LinearRing>
						</outerBoundaryIs>
					</Polygon>
				</Placemark>
				<Placemark>
					<name>2330 DURANT Ave</name>
					<description><![CDATA[<b>2330 DURANT Ave</b><br/><b>Units:</b> 68<br/><b>VLI Units:</b> 0<br/><b>Stories:</b> 6<br/><b>Height:</b> 21.0m<br/><b>Status:</b> In Review]]></description>
					<styleUrl>#style_In_Review_parcel58</styleUrl>
					<Polygon>
						<extrude>1</extrude>
						<altitudeMode>relativeToGround</altitudeMode>
						<outerBoundaryIs>
							<LinearRing>
								<coordinates>
									-122.2619760862381,37.86694542452996,21 -122.2620141331002,37.86694279330458,21 -122.2620330883568,37.86693839574319,21 -122.262140177933,37.8669244452682,21 -122.2622129069541,37.86728798013969,21 -122.2620488246208,37.86730896766862,21 -122.2619760862381,37.86694542452996,21 
								</coordinates>
							</LinearRing>
						</outerBoundaryIs>
					</Polygon>
				</Placemark>
				<Placemark>
					<name>2455 TELEGRAPH Ave</name>
					<description><![CDATA[<b>2455 TELEGRAPH Ave</b><br/><b>Units:</b> 68<br/><b>VLI Units:</b> 7<br/><b>Stories:</b> 8<br/><b>Height:</b> 28.0m<br/><b>Status:</b> In Review]]></description>
					<styleUrl>#style_In_Review_parcel58</styleUrl>
					<Polygon>
						<extrude>1</extrude>
						<altitudeMode>relativeToGround</altitudeMode>
						<outerBoundaryIs>
							<LinearRing>
								<coordinates>
									-122.2581340947409,37.86579825469264,28 -122.2584759773152,37.86575058138047,28 -122.2585151687762,37.86594227430449,28 -122.2581249197042,37.86599615931336,28 -122.2580874666656,37.86580444026676,28 -122.2581340947409,37.86579825469264,28 
								</coordinates>
							</LinearRing>
						</outerBoundaryIs>
					</Polygon>
				</Placemark>
				<Placemark>
					<name>1752 SHATTUCK Ave</name>
					<description><![CDATA[<b>1752 SHATTUCK Ave</b><br/><b>Units:</b> 68<br/><b>VLI Units:</b> 0<br/><b>Stories:</b> 7<br/><b>Height:</b> 24.5m<br/><b>Status:</b> Completed]]></description>
					<styleUrl>#style_Completed_parcel0</styleUrl>
					<Polygon>
						<extrude>1</extrude>
						<altitudeMode>relativeToGround</altitudeMode>
						<outerBoundaryIs>
							<LinearRing>
								<coordinates>
									-122.2689195259551,37.87529478389757,24.5 -122.2692648392859,37.87524428965758,24.5 -122.2692695308692,37.87529572390658,24.5 -122.2692716275741,37.87531080199859,24.5 -122.2692198212689,37.87531775114409,24.5 -122.2692464239821,37.87556182091574,24.5 -122.2689561563897,37.87559569011744,24.5 -122.2689195259551,37.87529478389757,24.5 
								</coordinates>
							</LinearRing>
						</outerBoundaryIs>
					</Polygon>
				</Placemark>
				<Placemark>
					<name>2462 BANCROFT Way</name>
					<description><![CDATA[<b>2462 BANCROFT Way</b><br/><b>Units:</b> 66<br/><b>VLI Units:</b> 3<br/><b>Stories:</b> 8<br/><b>Height:</b> 26.8m<br/><b>Status:</b> Entitled]]></description>
					<styleUrl>#style_Entitled_parcel6</styleUrl>
					<Polygon>
						<extrude>1</extrude>
						<altitudeMode>relativeToGround</altitudeMode>
						<outerBoundaryIs>
							<LinearRing>
								<coordinates>
									-122.2598866472237,37.86817378183533,26.8 -122.260079871174,37.868148517285,26.8 -122.2601471181289,37.86850180182801,26.8 -122.2599628868304,37.86852589094273,26.8 -122.2598866472237,37.86817378183533,26.8 
								</coordinates>
							</LinearRing>
						</outerBoundaryIs>
					</Polygon>
				</Placemark>
				<Placemark>
					<name>2072 Addison St</name>
					<description><![CDATA[<b>2072 Addison St</b><br/><b>Units:</b> 66<br/><b>VLI Units:</b> 0<br/><b>Stories:</b> 6<br/><b>Height:</b> 21.0m<br/><b>Status:</b> Entitled]]></description>
					<styleUrl>#style_Entitled_parcel6</styleUrl>
					<Polygon>
						<extrude>1</extrude>
						<altitudeMode>relativeToGround</altitudeMode>
						<outerBoundaryIs>
							<LinearRing>
								<coordinates>
									-122.2687266070228,37.87067444822024,21 -122.2688129847082,37.87066422959238,21 -122.268980541036,37.87064317763038,21 -122.2690496757366,37.87099990456952,21 -122.2687974802472,37.87103115996177,21 -122.2687266070228,37.87067444822024,21 
								</coordinates>
							</LinearRing>
						</outerBoundaryIs>
					</Polygon>
				</Placemark>
				<Placemark>
					<name>2298 DURANT Ave</name>
					<description><![CDATA[<b>2298 DURANT Ave</b><br/><b>Units:</b> 65<br/><b>VLI Units:</b> 0<br/><b>Stories:</b> 8<br/><b>Height:</b> 27.7m<br/><b>Status:</b> Decision Pending]]></description>
					<styleUrl>#style_Decision_Pending_parcel1</styleUrl>
					<Polygon>
						<extrude>1</extrude>
						<altitudeMode>relativeToGround</altitudeMode>
						<outerBoundaryIs>
							<LinearRing>
								<coordinates>
									-122.2635902336494,37.86685263834067,27.7 -122.2639218122931,37.86680855303636,27.7 -122.26397280918,37.86705912096451,27.7 -122.2636393975607,37.86709912470797,27.7 -122.2635902336494,37.86685263834067,27.7 
								</coordinates>
							</LinearRing>
						</outerBoundaryIs>
					</Polygon>
				</Placemark>
				<Placemark>
					<name>2441 LE CONTE Ave</name>
					<description><![CDATA[<b>2441 LE CONTE Ave</b><br/><b>Units:</b> 65<br/><b>VLI Units:</b> 0<br/><b>Stories:</b> 7<br/><b>Height:</b> 24.5m<br/><b>Status:</b> Application Submitted<br/><i>(height estimated from units)</i>]]></description>
					<styleUrl>#style_Application_Submitted_parcel4</styleUrl>
					<Polygon>
						<extrude>1</extrude>
						<altitudeMode>relativeToGround</altitudeMode>
						<outerBoundaryIs>
							<LinearRing>
								<coordinates>
									-122.2616733005797,37.87688295317811,24.5 -122.2618183929401,37.87686432216635,24.5 -122.2619096116212,37.87683823393249,24.5 -122.2620090270651,37.87679279853877,24.5 -122.2620857572782,37.87717826116437,24.5 -122.2619217129691,37.87720132159642,24.5 -122.2617455343742,37.87722523043028,24.5 -122.2616733005797,37.87688295317811,24.5 
								</coordinates>
							</LinearRing>
						</outerBoundaryIs>
					</Polygon>
				</Placemark>
				<Placemark>
					<name>3031 ADELINE St</name>
					<description><![CDATA[<b>3031 ADELINE St</b><br/><b>Units:</b> 64<br/><b>VLI Units:</b> 0<br/><b>Stories:</b> 7<br/><b>Height:</b> 24.5m<br/><b>Status:</b> In Review<br/><i>(height estimated from units)</i>]]></description>
					<styleUrl>#style_In_Review_parcel12</styleUrl>
					<Polygon>
						<extrude>1</extrude>
						<altitudeMode>relativeToGround</altitudeMode>
						<outerBoundaryIs>
							<LinearRing>
								<coordinates>
									-122.2687358077533,37.85417776073294,24.5 -122.2690668533487,37.85412804295623,24.5 -122.2691693777175,37.85387207791494,24.5 -122.2686822682392,37.85390526090685,24.5 -122.2687358077533,37.85417776073294,24.5 
								</coordinates>
							</LinearRing>
						</outerBoundaryIs>
					</Polygon>
				</Placemark>
				<Placemark>
					<name>2372 ELLSWORTH St</name>
					<description><![CDATA[<b>2372 ELLSWORTH St</b><br/><b>Units:</b> 63<br/><b>VLI Units:</b> 0<br/><b>Stories:</b> 7<br/><b>Height:</b> 24.5m<br/><b>Status:</b> Entitled<br/><i>(height estimated from units)</i>]]></description>
					<styleUrl>#style_Entitled_parcel6</styleUrl>
					<Polygon>
						<extrude>1</extrude>
						<altitudeMode>relativeToGround</altitudeMode>
						<outerBoundaryIs>
							<LinearRing>
								<coordinates>
									-122.263757097711,37.86636603608657,24.5 -122.2638276524073,37.86671037783683,24.5 -122.2635633720858,37.86674318237073,24.5 -122.2634945823308,37.866400171001,24.5 -122.263757097711,37.86636603608657,24.5 
								</coordinates>
							</LinearRing>
						</outerBoundaryIs>
					</Polygon>
				</Placemark>
				<Placemark>
					<name>2001 CENTER St</name>
					<description><![CDATA[<b>2001 CENTER St</b><br/><b>Units:</b> 58<br/><b>VLI Units:</b> 0<br/><b>Stories:</b> 7<br/><b>Height:</b> 30.5m<br/><b>Status:</b> In Review]]></description>
					<styleUrl>#style_In_Review_parcel58</styleUrl>
					<Polygon>
						<extrude>1</extrude>
						<altitudeMode>relativeToGround</altitudeMode>
						<outerBoundaryIs>
							<LinearRing>
								<coordinates>
									-122.2701932595191,37.87013332471112,30.5 -122.2704817095208,37.87009671917422,30.5 -122.2705003654372,37.87029763446481,30.5 -122.270232667153,37.87033256428781,30.5 -122.2701932595191,37.87013332471112,30.5 
								</coordinates>
							</LinearRing>
						</outerBoundaryIs>
					</Polygon>
				</Placemark>
				<Placemark>
					<name>2127 DWIGHT Way</name>
					<description><![CDATA[<b>2127 DWIGHT Way</b><br/><b>Units:</b> 58<br/><b>VLI Units:</b> 8<br/><b>Stories:</b> 6<br/><b>Height:</b> 21.0m<br/><b>Status:</b> Entitled]]></description>
					<styleUrl>#style_Entitled_parcel6</styleUrl>
					<Polygon>
						<extrude>1</extrude>
						<altitudeMode>relativeToGround</altitudeMode>
						<outerBoundaryIs>
							<LinearRing>
								<coordinates>
									-122.2671225270068,37.86409385677063,21 -122.2671634294443,37.86446417845478,21 -122.2665934866471,37.86453717007876,21 -122.2665189076699,37.86417116561537,21 -122.2671225270068,37.86409385677063,21 
								</coordinates>
							</LinearRing>
						</outerBoundaryIs>
					</Polygon>
				</Placemark>
				<Placemark>
					<name>2712 TELEGRAPH Ave</name>
					<description><![CDATA[<b>2712 TELEGRAPH Ave</b><br/><b>Units:</b> 57<br/><b>VLI Units:</b> 0<br/><b>Stories:</b> 6<br/><b>Height:</b> 21.0m<br/><b>Status:</b> In Review]]></description>
					<styleUrl>#style_In_Review_parcel9</styleUrl>
					<Polygon>
						<extrude>1</extrude>
						<altitudeMode>relativeToGround</altitudeMode>
						<outerBoundaryIs>
							<LinearRing>
								<coordinates>
									-122.2591867947974,37.86118063970827,21 -122.2591784717601,37.86128009924818,21 -122.2595675901718,37.86124439352367,21 -122.2595596904196,37.86114300347911,21 -122.2591867947974,37.86118063970827,21 
								</coordinates>
							</LinearRing>
						</outerBoundaryIs>
					</Polygon>
				</Placemark>
				<Placemark>
					<name>1740 SAN PABLO Ave</name>
					<description><![CDATA[<b>1740 SAN PABLO Ave</b><br/><b>Units:</b> 54<br/><b>VLI Units:</b> 0<br/><b>Stories:</b> 6<br/><b>Height:</b> 21.0m<br/><b>Status:</b> In Review- Demolition Permit issued]]></description>
					<styleUrl>#style_In_Review_parcel50</styleUrl>
					<Polygon>
						<extrude>1</extrude>
						<altitudeMode>relativeToGround</altitudeMode>
						<outerBoundaryIs>
							<LinearRing>
								<coordinates>
									-122.293295354317,37.87212047394777,21 -122.2931793730616,37.8717658364801,21 -122.2935069934474,37.87170112169829,21 -122.2935964947559,37.87196344821051,21 -122.2937077779059,37.87194068856764,21 -122.2937078408349,37.87194088542696,21 -122.2937362662525,37.87202966473449,21 -122.2937364749369,37.87203031491708,21 -122.293295354317,37.87212047394777,21 
								</coordinates>
							</LinearRing>
						</outerBoundaryIs>
					</Polygon>
				</Placemark>
				<Placemark>
					<name>2902 ADELINE St</name>
					<description><![CDATA[<b>2902 ADELINE St</b><br/><b>Units:</b> 54<br/><b>VLI Units:</b> 0<br/><b>Stories:</b> 6<br/><b>Height:</b> 21.0m<br/><b>Status:</b> Under Construction]]></description>
					<styleUrl>#style_Under_Construction_parcel2</styleUrl>
					<Polygon>
						<extrude>1</extrude>
						<altitudeMode>relativeToGround</altitudeMode>
						<outerBoundaryIs>
							<LinearRing>
								<coordinates>
									-122.2689516184713,37.85608056732554,21 -122.2692005890103,37.85613382815464,21 -122.2692171718806,37.85632104778109,21 -122.2690220622034,37.8563473207553,21 -122.2689806274467,37.85635275338876,21 -122.2689493860513,37.8563504612152,21 -122.2689089124028,37.85632361094098,21 -122.2688927360787,37.85629913501145,21 -122.268887050377,37.85627861690572,21 -122.2688865980347,37.85626007899035,21 -122.2688946630166,37.8562345539541,21 -122.2689516184713,37.85608056732554,21 
								</coordinates>
							</LinearRing>
						</outerBoundaryIs>
					</Polygon>
				</Placemark>
				<Placemark>
					<name>2587 TELEGRAPH Ave</name>
					<description><![CDATA[<b>2587 TELEGRAPH Ave</b><br/><b>Units:</b> 52<br/><b>VLI Units:</b> 6<br/><b>Stories:</b> 8<br/><b>Height:</b> 28.0m<br/><b>Status:</b> Under Construction]]></description>
					<styleUrl>#style_Under_Construction_parcel2</styleUrl>
					<Polygon>
						<extrude>1</extrude>
						<altitudeMode>relativeToGround</altitudeMode>
						<outerBoundaryIs>
							<LinearRing>
								<coordinates>
									-122.2581287861686,37.86388412769838,28 -122.2581201803062,37.86379282035163,28 -122.2581115764476,37.8637015418569,28 -122.2580989270427,37.86356734717831,28 -122.2582948277948,37.86355573440175,28 -122.2582961497166,37.86356937026654,28 -122.258492600615,37.86354449000059,28 -122.2584137664063,37.86409671989505,28 -122.2581502975043,37.86411233880385,28 -122.2581373900569,37.86397540709073,28 -122.2581287861686,37.86388412769838,28 
								</coordinates>
							</LinearRing>
						</outerBoundaryIs>
					</Polygon>
				</Placemark>
				<Placemark>
					<name>130 BERKELEY Sq</name>
					<description><![CDATA[<b>130 BERKELEY Sq</b><br/><b>Units:</b> 50<br/><b>VLI Units:</b> 0<br/><b>Stories:</b> 7<br/><b>Height:</b> 24.5m<br/><b>Status:</b> In Review<br/><i>(height estimated from units)</i>]]></description>
					<styleUrl>#style_In_Review_parcel58</styleUrl>
					<Polygon>
						<extrude>1</extrude>
						<altitudeMode>relativeToGround</altitudeMode>
						<outerBoundaryIs>
							<LinearRing>
								<coordinates>
									-122.2678647965346,37.87080655079178,24.5 -122.2680479560984,37.87078595950883,24.5 -122.268057779161,37.87090735424928,24.5 -122.2678660488419,37.87093150192055,24.5 -122.2678647965346,37.87080655079178,24.5 
								</coordinates>
							</LinearRing>
						</outerBoundaryIs>
					</Polygon>
				</Placemark>
				<Placemark>
					<name>2016 ASHBY Ave</name>
					<description><![CDATA[<b>2016 ASHBY Ave</b><br/><b>Units:</b> 50<br/><b>VLI Units:</b> 50<br/><b>Stories:</b> 7<br/><b>Height:</b> 24.5m<br/><b>Status:</b> Permits Active]]></description>
					<styleUrl>#style_Permits_Active_parcel</styleUrl>
					<Polygon>
						<extrude>1</extrude>
						<altitudeMode>relativeToGround</altitudeMode>
						<outerBoundaryIs>
							<LinearRing>
								<coordinates>
									-122.2681148583113,37.85469499081151,24.5 -122.2682701590589,37.85467000413911,24.5 -122.2683305154213,37.85494926659176,24.5 -122.2681716565586,37.85497018712021,24.5 -122.2681148583113,37.85469499081151,24.5 
								</coordinates>
							</LinearRing>
						</outerBoundaryIs>
					</Polygon>
				</Placemark>
				<Placemark>
					<name>2350 TELEGRAPH Ave</name>
					<description><![CDATA[<b>2350 TELEGRAPH Ave</b><br/><b>Units:</b> 48<br/><b>VLI Units:</b> 2<br/><b>Stories:</b> 8<br/><b>Height:</b> 28.0m<br/><b>Status:</b> In Review]]></description>
					<styleUrl>#style_In_Review_parcel58</styleUrl>
					<Polygon>
						<extrude>1</extrude>
						<altitudeMode>relativeToGround</altitudeMode>
						<outerBoundaryIs>
							<LinearRing>
								<coordinates>
									-122.2590455380466,37.867560456707,28 -122.2593771610291,37.8675177463639,28 -122.2594028423204,37.86765127202843,28 -122.2590694132677,37.86769058131705,28 -122.2590455380466,37.867560456707,28 
								</coordinates>
							</LinearRing>
						</outerBoundaryIs>
					</Polygon>
				</Placemark>
				<Placemark>
					<name>2727 HASTE St</name>
					<description><![CDATA[<b>2727 HASTE St</b><br/><b>Units:</b> 45<br/><b>VLI Units:</b> 0<br/><b>Stories:</b> 6<br/><b>Height:</b> 21.0m<br/><b>Status:</b> In Review]]></description>
					<styleUrl>#style_In_Review_parcel58</styleUrl>
					<Polygon>
						<extrude>1</extrude>
						<altitudeMode>relativeToGround</altitudeMode>
						<outerBoundaryIs>
							<LinearRing>
								<coordinates>
									-122.2526675863785,37.86679147643808,21 -122.252840349208,37.86677106089854,21 -122.2529190463202,37.86716885763084,21 -122.2527549900336,37.86719120502796,21 -122.2526675863785,37.86679147643808,21 
								</coordinates>
							</LinearRing>
						</outerBoundaryIs>
					</Polygon>
				</Placemark>
				<Placemark>
					<name>2650 TELEGRAPH Ave</name>
					<description><![CDATA[<b>2650 TELEGRAPH Ave</b><br/><b>Units:</b> 45<br/><b>VLI Units:</b> 0<br/><b>Stories:</b> 5<br/><b>Height:</b> 17.5m<br/><b>Status:</b> Completed]]></description>
					<styleUrl>#style_Completed_parcel1</styleUrl>
					<Polygon>
						<extrude>1</extrude>
						<altitudeMode>relativeToGround</altitudeMode>
						<outerBoundaryIs>
							<LinearRing>
								<coordinates>
									-122.2594818804423,37.86141491280154,17.5 -122.2595038530172,37.86153819008349,17.5 -122.2595310262993,37.86166139010827,17.5 -122.2595330912307,37.86167509372751,17.5 -122.2590754941378,37.86173685034988,17.5 -122.2591209671242,37.86146286237215,17.5 -122.2594818804423,37.86141491280154,17.5 
								</coordinates>
							</LinearRing>
						</outerBoundaryIs>
					</Polygon>
				</Placemark>
				<Placemark>
					<name>2435 SAN PABLO Ave</name>
					<description><![CDATA[<b>2435 SAN PABLO Ave</b><br/><b>Units:</b> 40<br/><b>VLI Units:</b> 0<br/><b>Stories:</b> 5<br/><b>Height:</b> 17.5m<br/><b>Status:</b> In Review<br/><i>(height estimated from units)</i>]]></description>
					<styleUrl>#style_In_Review_synthetic1</styleUrl>
					<Polygon>
						<extrude>1</extrude>
						<altitudeMode>relativeToGround</altitudeMode>
						<outerBoundaryIs>
							<LinearRing>
								<coordinates>
									-122.2895042915844,37.86142280011865,17.5 -122.2891663897388,37.8614571759268,17.5 -122.2892316568631,37.86166939314461,17.5 -122.2895522612952,37.86163331915753,17.5 -122.2895042915844,37.86142280011865,17.5 
								</coordinates>
							</LinearRing>
						</outerBoundaryIs>
					</Polygon>
				</Placemark>
				<Placemark>
					<name>2440 SHATTUCK Ave</name>
					<description><![CDATA[<b>2440 SHATTUCK Ave</b><br/><b>Units:</b> 40<br/><b>VLI Units:</b> 0<br/><b>Stories:</b> 8<br/><b>Height:</b> 28.0m<br/><b>Status:</b> Completed]]></description>
					<styleUrl>#style_Completed_parcel0</styleUrl>
					<Polygon>
						<extrude>1</extrude>
						<altitudeMode>relativeToGround</altitudeMode>
						<outerBoundaryIs>
							<LinearRing>
								<coordinates>
									-122.2681290096855,37.86488261322081,28 -122.2681654562162,37.86510385830432,28 -122.2677855664027,37.86515555230372,28 -122.2677611907894,37.86493205684638,28 -122.2681290096855,37.86488261322081,28 
								</coordinates>
							</LinearRing>
						</outerBoundaryIs>
					</Polygon>
				</Placemark>
				<Placemark>
					<name>2449 DWIGHT Way</name>
					<description><![CDATA[<b>2449 DWIGHT Way</b><br/><b>Units:</b> 39<br/><b>VLI Units:</b> 2<br/><b>Stories:</b> 4<br/><b>Height:</b> 14.0m<br/><b>Status:</b> In Review]]></description>
					<styleUrl>#style_In_Review_parcel58</styleUrl>
					<Polygon>
						<extrude>1</extrude>
						<altitudeMode>relativeToGround</altitudeMode>
						<outerBoundaryIs>
							<LinearRing>
								<coordinates>
									-122.2589295486942,37.86515259089632,14 -122.2589915345704,37.86542908280077,14 -122.2589759998851,37.86543137705787,14 -122.2586254514512,37.86547848352895,14 -122.258573724807,37.86519702052679,14 -122.2589295486942,37.86515259089632,14 
								</coordinates>
							</LinearRing>
						</outerBoundaryIs>
					</Polygon>
				</Placemark>
				<Placemark>
					<name>1367 UNIVERSITY Ave</name>
					<description><![CDATA[<b>1367 UNIVERSITY Ave</b><br/><b>Units:</b> 39<br/><b>VLI Units:</b> 39<br/><b>Stories:</b> 4<br/><b>Height:</b> 14.0m<br/><b>Status:</b> Completed]]></description>
					<styleUrl>#style_Completed_parcel0</styleUrl>
					<Polygon>
						<extrude>1</extrude>
						<altitudeMode>relativeToGround</altitudeMode>
						<outerBoundaryIs>
							<LinearRing>
								<coordinates>
									-122.2850755543567,37.87015337570012,14 -122.2852482927737,37.87013223017887,14 -122.2853086456282,37.87040805047056,14 -122.2851272830391,37.87043139514015,14 -122.2850755543567,37.87015337570012,14 
								</coordinates>
							</LinearRing>
						</outerBoundaryIs>
					</Polygon>
				</Placemark>
				<Placemark>
					<name>2403 SAN PABLO Ave</name>
					<description><![CDATA[<b>2403 SAN PABLO Ave</b><br/><b>Units:</b> 36<br/><b>VLI Units:</b> 0<br/><b>Stories:</b> 4<br/><b>Height:</b> 14.0m<br/><b>Status:</b> Under Construction]]></description>
					<styleUrl>#style_Under_Construction_parcel2</styleUrl>
					<Polygon>
						<extrude>1</extrude>
						<altitudeMode>relativeToGround</altitudeMode>
						<outerBoundaryIs>
							<LinearRing>
								<coordinates>
									-122.2895151042547,37.86264853571669,14 -122.2898604719566,37.86260279299499,14 -122.2899278240271,37.86280982982716,14 -122.2895825060205,37.86285764151032,14 -122.2895151042547,37.86264853571669,14 
								</coordinates>
							</LinearRing>
						</outerBoundaryIs>
					</Polygon>
				</Placemark>
				<Placemark>
					<name>1698 UNIVERSITY Ave</name>
					<description><![CDATA[<b>1698 UNIVERSITY Ave</b><br/><b>Units:</b> 36<br/><b>VLI Units:</b> 0<br/><b>Stories:</b> 5<br/><b>Height:</b> 17.5m<br/><b>Status:</b> Completed]]></description>
					<styleUrl>#style_Completed_parcel0</styleUrl>
					<Polygon>
						<extrude>1</extrude>
						<altitudeMode>relativeToGround</altitudeMode>
						<outerBoundaryIs>
							<LinearRing>
								<coordinates>
									-122.2775745227382,37.87054536321396,17.5 -122.2778405116316,37.87051115427237,17.5 -122.2779147615954,37.87050110873362,17.5 -122.2779440282607,37.87078221555851,17.5 -122.2776072426654,37.87082642731322,17.5 -122.2775745227382,37.87054536321396,17.5 
								</coordinates>
							</LinearRing>
						</outerBoundaryIs>
					</Polygon>
				</Placemark>
				<Placemark>
					<name>2442 HASTE St</name>
					<description><![CDATA[<b>2442 HASTE St</b><br/><b>Units:</b> 34<br/><b>VLI Units:</b> 2<br/><b>Stories:</b> 8<br/><b>Height:</b> 25.9m<br/><b>Status:</b> Under Construction]]></description>
					<styleUrl>#style_Under_Construction_parcel2</styleUrl>
					<Polygon>
						<extrude>1</extrude>
						<altitudeMode>relativeToGround</altitudeMode>
						<outerBoundaryIs>
							<LinearRing>
								<coordinates>
									-122.2590142268623,37.86565535344312,25.9 -122.2589936502487,37.86551832401423,25.9 -122.2591576875904,37.86549527107525,25.9 -122.2592269732237,37.86586025164554,25.9 -122.2590576934881,37.86588131227681,25.9 -122.2590142268623,37.86565535344312,25.9 
								</coordinates>
							</LinearRing>
						</outerBoundaryIs>
					</Polygon>
				</Placemark>
				<Placemark>
					<name>2733 SAN PABLO Ave</name>
					<description><![CDATA[<b>2733 SAN PABLO Ave</b><br/><b>Units:</b> 32<br/><b>VLI Units:</b> 0<br/><b>Stories:</b> 8<br/><b>Height:</b> 28.0m<br/><b>Status:</b> In Review]]></description>
					<styleUrl>#style_In_Review_parcel55</styleUrl>
					<Polygon>
						<extrude>1</extrude>
						<altitudeMode>relativeToGround</altitudeMode>
						<outerBoundaryIs>
							<LinearRing>
								<coordinates>
									-122.2874484951436,37.85657428285401,28 -122.2879121222915,37.85651519221562,28 -122.2878253858753,37.8561710203662,28 -122.2873786330946,37.85622181981115,28 -122.2874484951436,37.85657428285401,28 
								</coordinates>
							</LinearRing>
						</outerBoundaryIs>
					</Polygon>
				</Placemark>
				<Placemark>
					<name>2614 TELEGRAPH Ave</name>
					<description><![CDATA[<b>2614 TELEGRAPH Ave</b><br/><b>Units:</b> 31<br/><b>VLI Units:</b> 3<br/><b>Stories:</b> 5<br/><b>Height:</b> 17.4m<br/><b>Status:</b> In Review]]></description>
					<styleUrl>#style_In_Review_synthetic00</styleUrl>
					<Polygon>
						<extrude>1</extrude>
						<altitudeMode>relativeToGround</altitudeMode>
						<outerBoundaryIs>
							<LinearRing>
								<coordinates>
									-122.2589154571786,37.86252976273843,17.4 -122.2589702887172,37.86292368583964,17.4 -122.2593642118184,37.86283569650983,17.4 -122.2593093802798,37.86244177340863,17.4 -122.2589154571786,37.86252976273843,17.4 
								</coordinates>
							</LinearRing>
						</outerBoundaryIs>
					</Polygon>
				</Placemark>
				<Placemark>
					<name>3000 SAN PABLO Ave</name>
					<description><![CDATA[<b>3000 SAN PABLO Ave</b><br/><b>Units:</b> 29<br/><b>VLI Units:</b> 0<br/><b>Stories:</b> 5<br/><b>Height:</b> 17.5m<br/><b>Status:</b> In Review<br/><i>(height estimated from units)</i>]]></description>
					<styleUrl>#style_In_Review_parcel58</styleUrl>
					<Polygon>
						<extrude>1</extrude>
						<altitudeMode>relativeToGround</altitudeMode>
						<outerBoundaryIs>
							<LinearRing>
								<coordinates>
									-122.2871498413579,37.85169237651806,17.5 -122.2872376181724,37.85195611856017,17.5 -122.2868376658691,37.85203564632605,17.5 -122.2867483346732,37.85177811622123,17.5 -122.2871498413579,37.85169237651806,17.5 
								</coordinates>
							</LinearRing>
						</outerBoundaryIs>
					</Polygon>
				</Placemark>
				<Placemark>
					<name>3020 SAN PABLO Ave</name>
					<description><![CDATA[<b>3020 SAN PABLO Ave</b><br/><b>Units:</b> 29<br/><b>VLI Units:</b> 0<br/><b>Stories:</b> 5<br/><b>Height:</b> 17.5m<br/><b>Status:</b> In Review<br/><i>(height estimated from units)</i>]]></description>
					<styleUrl>#style_In_Review_parcel58</styleUrl>
					<Polygon>
						<extrude>1</extrude>
						<altitudeMode>relativeToGround</altitudeMode>
						<outerBoundaryIs>
							<LinearRing>
								<coordinates>
									-122.2867671025068,37.85097507654726,17.5 -122.2868723307908,37.85131752475877,17.5 -122.2866138651012,37.85137293907238,17.5 -122.2865034001238,37.85102919799498,17.5 -122.2867671025068,37.85097507654726,17.5 
								</coordinates>
							</LinearRing>
						</outerBoundaryIs>
					</Polygon>
				</Placemark>
				<Placemark>
					<name>2480 Bancroft Way</name>
					<description><![CDATA[<b>2480 Bancroft Way</b><br/><b>Units:</b> 28<br/><b>VLI Units:</b> 0<br/><b>Stories:</b> 8<br/><b>Height:</b> 28.0m<br/><b>Status:</b> Completed]]></description>
					<styleUrl>#style_Completed_parcel0</styleUrl>
					<Polygon>
						<extrude>1</extrude>
						<altitudeMode>relativeToGround</altitudeMode>
						<outerBoundaryIs>
							<LinearRing>
								<coordinates>
									-122.2595587597614,37.86830817933846,28 -122.2595393207529,37.86821919875468,28 -122.2597072287637,37.86819724196478,28 -122.2597877400529,37.8685487922007,28 -122.2596131350585,37.86857162269864,28 -122.2595587597614,37.86830817933846,28 
								</coordinates>
							</LinearRing>
						</outerBoundaryIs>
					</Polygon>
				</Placemark>
				<Placemark>
					<name>1773 OXFORD St</name>
					<description><![CDATA[<b>1773 OXFORD St</b><br/><b>Units:</b> 24<br/><b>VLI Units:</b> 2<br/><b>Stories:</b> 5<br/><b>Height:</b> 17.5m<br/><b>Status:</b> Completed]]></description>
					<styleUrl>#style_Completed_parcel0</styleUrl>
					<Polygon>
						<extrude>1</extrude>
						<altitudeMode>relativeToGround</altitudeMode>
						<outerBoundaryIs>
							<LinearRing>
								<coordinates>
									-122.266015289544,37.87549826294272,17.5 -122.2663974734096,37.87546781556311,17.5 -122.2664188889229,37.87563917712671,17.5 -122.2660366006676,37.87566550321942,17.5 -122.266015289544,37.87549826294272,17.5 
								</coordinates>
							</LinearRing>
						</outerBoundaryIs>
					</Polygon>
				</Placemark>
				<Placemark>
					<name>2317 CHANNING Way</name>
					<description><![CDATA[<b>2317 CHANNING Way</b><br/><b>Units:</b> 22<br/><b>VLI Units:</b> 0<br/><b>Stories:</b> 5<br/><b>Height:</b> 15.2m<br/><b>Status:</b> Stalled]]></description>
					<styleUrl>#style_Stalled_parcel</styleUrl>
					<Polygon>
						<extrude>1</extrude>
						<altitudeMode>relativeToGround</altitudeMode>
						<outerBoundaryIs>
							<LinearRing>
								<coordinates>
									-122.2624806264893,37.86652519704887,15.2 -122.2626361026639,37.8665070815042,15.2 -122.2627067987687,37.86685691545285,15.2 -122.2626152089731,37.86686652375656,15.2 -122.2625460924277,37.86687442600704,15.2 -122.2624806264893,37.86652519704887,15.2 
								</coordinates>
							</LinearRing>
						</outerBoundaryIs>
					</Polygon>
				</Placemark>
				<Placemark>
					<name>2800 TELEGRAPH Ave</name>
					<description><![CDATA[<b>2800 TELEGRAPH Ave</b><br/><b>Units:</b> 18<br/><b>VLI Units:</b> 0<br/><b>Stories:</b> 4<br/><b>Height:</b> 14.0m<br/><b>Status:</b> Permits Active<br/><i>(height estimated from units)</i>]]></description>
					<styleUrl>#style_Permits_Active_parcel</styleUrl>
					<Polygon>
						<extrude>1</extrude>
						<altitudeMode>relativeToGround</altitudeMode>
						<outerBoundaryIs>
							<LinearRing>
								<coordinates>
									-122.2594341077352,37.85925459949244,14 -122.2596206178596,37.85923053171098,14 -122.2596558256758,37.85940030160218,14 -122.259408770302,37.85942870509926,14 -122.2594341077352,37.85925459949244,14 
								</coordinates>
							</LinearRing>
						</outerBoundaryIs>
					</Polygon>
				</Placemark>
				<Placemark>
					<name>2344 FULTON St</name>
					<description><![CDATA[<b>2344 FULTON St</b><br/><b>Units:</b> 18<br/><b>VLI Units:</b> 0<br/><b>Stories:</b> 4<br/><b>Height:</b> 14.0m<br/><b>Status:</b> Pre-Application<br/><i>(height estimated from units)</i>]]></description>
					<styleUrl>#style_Pre_Application_parcel</styleUrl>
					<Polygon>
						<extrude>1</extrude>
						<altitudeMode>relativeToGround</altitudeMode>
						<outerBoundaryIs>
							<LinearRing>
								<coordinates>
									-122.2659281962935,37.86609048144079,14 -122.2659504061229,37.86622337123308,14 -122.265784651085,37.86624645176639,14 -122.2657572906457,37.86611638692021,14 -122.2659281962935,37.86609048144079,14 
								</coordinates>
							</LinearRing>
						</outerBoundaryIs>
					</Polygon>
				</Placemark>
				<Placemark>
					<name>1790 UNIVERSITY Ave</name>
					<description><![CDATA[<b>1790 UNIVERSITY Ave</b><br/><b>Units:</b> 17<br/><b>VLI Units:</b> 0<br/><b>Stories:</b> 5<br/><b>Height:</b> 17.1m<br/><b>Status:</b> In Review]]></description>
					<styleUrl>#style_In_Review_parcel58</styleUrl>
					<Polygon>
						<extrude>1</extrude>
						<altitudeMode>relativeToGround</altitudeMode>
						<outerBoundaryIs>
							<LinearRing>
								<coordinates>
									-122.2755106466407,37.87081609308427,17.1 -122.2756834063984,37.87079563501471,17.1 -122.2757187021076,37.87103956960104,17.1 -122.2757246665306,37.87107175537535,17.1 -122.2755519335904,37.87109289324105,17.1 -122.2755106466407,37.87081609308427,17.1 
								</coordinates>
							</LinearRing>
						</outerBoundaryIs>
					</Polygon>
				</Placemark>
				<Placemark>
					<name>1710 UNIVERSITY Ave</name>
					<description><![CDATA[<b>1710 UNIVERSITY Ave</b><br/><b>Units:</b> 16<br/><b>VLI Units:</b> 0<br/><b>Stories:</b> 4<br/><b>Height:</b> 14.0m<br/><b>Status:</b> Application Submitted]]></description>
					<styleUrl>#style_Application_Submitted_parcel4</styleUrl>
					<Polygon>
						<extrude>1</extrude>
						<altitudeMode>relativeToGround</altitudeMode>
						<outerBoundaryIs>
							<LinearRing>
								<coordinates>
									-122.2770412598375,37.87063305544324,14 -122.277191550189,37.87061432014789,14 -122.2772289938015,37.87087538212914,14 -122.277075289304,37.87089555749958,14 -122.2770412598375,37.87063305544324,14 
								</coordinates>
							</LinearRing>
						</outerBoundaryIs>
					</Polygon>
				</Placemark>
				<Placemark>
					<name>2147 SAN PABLO Ave</name>
					<description><![CDATA[<b>2147 SAN PABLO Ave</b><br/><b>Units:</b> 15<br/><b>VLI Units:</b> 0<br/><b>Stories:</b> 4<br/><b>Height:</b> 21.3m<br/><b>Status:</b> Decision Pending<br/><i>(height estimated from units)</i>]]></description>
					<styleUrl>#style_Decision_Pending_parcel</styleUrl>
					<Polygon>
						<extrude>1</extrude>
						<altitudeMode>relativeToGround</altitudeMode>
						<outerBoundaryIs>
							<LinearRing>
								<coordinates>
									-122.2909848736934,37.86727176169916,21.3 -122.2913285549679,37.86722739352544,21.3 -122.2912027419295,37.86682415555838,21.3 -122.2908614555448,37.86689593891741,21.3 -122.2909848736934,37.86727176169916,21.3 
								</coordinates>
							</LinearRing>
						</outerBoundaryIs>
					</Polygon>
				</Placemark>
				<Placemark>
					<name>1740 UNIVERSITY Ave</name>
					<description><![CDATA[<b>1740 UNIVERSITY Ave</b><br/><b>Units:</b> 12<br/><b>VLI Units:</b> 0<br/><b>Stories:</b> 4<br/><b>Height:</b> 14.0m<br/><b>Status:</b> Entitled<br/><i>(height estimated from units)</i>]]></description>
					<styleUrl>#style_Entitled_parcel6</styleUrl>
					<Polygon>
						<extrude>1</extrude>
						<altitudeMode>relativeToGround</altitudeMode>
						<outerBoundaryIs>
							<LinearRing>
								<coordinates>
									-122.2765168566166,37.87058326884512,14 -122.2766257198698,37.87057133230099,14 -122.2766861746376,37.87056355514937,14 -122.276738432913,37.87093702099357,14 -122.2765656903125,37.87095816119169,14 -122.2765168566166,37.87058326884512,14 
								</coordinates>
							</LinearRing>
						</outerBoundaryIs>
					</Polygon>
				</Placemark>
				<Placemark>
					<name>2018 BLAKE St</name>
					<description><![CDATA[<b>2018 BLAKE St</b><br/><b>Units:</b> 12<br/><b>VLI Units:</b> 0<br/><b>Stories:</b> 6<br/><b>Height:</b> 21.0m<br/><b>Status:</b> Permits Active]]></description>
					<styleUrl>#style_Permits_Active_parcel</styleUrl>
					<Polygon>
						<extrude>1</extrude>
						<altitudeMode>relativeToGround</altitudeMode>
						<outerBoundaryIs>
							<LinearRing>
								<coordinates>
									-122.2687389942263,37.86241989428217,21 -122.2688511845325,37.86240311404291,21 -122.2688667444597,37.86240150722207,21 -122.2689284935812,37.86273911476908,21 -122.2688077024503,37.86275877898005,21 -122.2687389942263,37.86241989428217,21 
								</coordinates>
							</LinearRing>
						</outerBoundaryIs>
					</Polygon>
				</Placemark>
				<Placemark>
					<name>2555 COLLEGE Ave</name>
					<description><![CDATA[<b>2555 COLLEGE Ave</b><br/><b>Units:</b> 12<br/><b>VLI Units:</b> 1<br/><b>Stories:</b> 4<br/><b>Height:</b> 14.3m<br/><b>Status:</b> Completed]]></description>
					<styleUrl>#style_Completed_parcel0</styleUrl>
					<Polygon>
						<extrude>1</extrude>
						<altitudeMode>relativeToGround</altitudeMode>
						<outerBoundaryIs>
							<LinearRing>
								<coordinates>
									-122.2534527757983,37.86402343221996,14.3 -122.2536291919292,37.86401188032259,14.3 -122.2536604435935,37.86423390797881,14.3 -122.2534787743357,37.86424345729067,14.3 -122.2534527757983,37.86402343221996,14.3 
								</coordinates>
							</LinearRing>
						</outerBoundaryIs>
					</Polygon>
				</Placemark>
				<Placemark>
					<name>1015 UNIVERSITY Ave</name>
					<description><![CDATA[<b>1015 UNIVERSITY Ave</b><br/><b>Units:</b> 9<br/><b>VLI Units:</b> 0<br/><b>Stories:</b> 4<br/><b>Height:</b> 14.0m<br/><b>Status:</b> Application Submitted<br/><i>(height estimated from units)</i>]]></description>
					<styleUrl>#style_Application_Submitted_parcel4</styleUrl>
					<Polygon>
						<extrude>1</extrude>
						<altitudeMode>relativeToGround</altitudeMode>
						<outerBoundaryIs>
							<LinearRing>
								<coordinates>
									-122.2929587230795,37.86908832169384,14 -122.2932482445784,37.86902486228168,14 -122.2933360306816,37.86928791244949,14 -122.2930447903793,37.86935207647553,14 -122.2929587230795,37.86908832169384,14 
								</coordinates>
							</LinearRing>
						</outerBoundaryIs>
					</Polygon>
				</Placemark>
				<Placemark>
					<name>2428 MILVIA St</name>
					<description><![CDATA[<b>2428 MILVIA St</b><br/><b>Units:</b> 8<br/><b>VLI Units:</b> 0<br/><b>Stories:</b> 4<br/><b>Height:</b> 14.0m<br/><b>Status:</b> In Review<br/><i>(height estimated from units)</i>]]></description>
					<styleUrl>#style_In_Review_parcel58</styleUrl>
					<Polygon>
						<extrude>1</extrude>
						<altitudeMode>relativeToGround</altitudeMode>
						<outerBoundaryIs>
							<LinearRing>
								<coordinates>
									-122.2699872507569,37.86427655675264,14 -122.2701685434032,37.86425117094875,14 -122.2702076823545,37.86443943040616,14 -122.270010786763,37.86446435811148,14 -122.2699872507569,37.86427655675264,14 
								</coordinates>
							</LinearRing>
						</outerBoundaryIs>
					</Polygon>
				</Placemark>
				<Placemark>
					<name>2200 FIFTH St</name>
					<description><![CDATA[<b>2200 FIFTH St</b><br/><b>Units:</b> 8<br/><b>VLI Units:</b> 0<br/><b>Stories:</b> 3<br/><b>Height:</b> 10.5m<br/><b>Status:</b> Withdrawn]]></description>
					<styleUrl>#style_Withdrawn_parcel</styleUrl>
					<Polygon>
						<extrude>1</extrude>
						<altitudeMode>relativeToGround</altitudeMode>
						<outerBoundaryIs>
							<LinearRing>
								<coordinates>
									-122.2978934610282,37.86453872729266,10.5 -122.2983070750677,37.86445002534158,10.5 -122.2983537011781,37.86458665546985,10.5 -122.2984347165825,37.86457031288079,10.5 -122.2985225959539,37.864836094511,10.5 -122.2980245484807,37.86494394384462,10.5 -122.2978934610282,37.86453872729266,10.5 
								</coordinates>
							</LinearRing>
						</outerBoundaryIs>
					</Polygon>
				</Placemark>
				<Placemark>
					<name>1745 CEDAR St</name>
					<description><![CDATA[<b>1745 CEDAR St</b><br/><b>Units:</b> 6<br/><b>VLI Units:</b> 0<br/><b>Stories:</b> 3<br/><b>Height:</b> 10.5m<br/><b>Status:</b> In Review]]></description>
					<styleUrl>#style_In_Review_parcel58</styleUrl>
					<Polygon>
						<extrude>1</extrude>
						<altitudeMode>relativeToGround</altitudeMode>
						<outerBoundaryIs>
							<LinearRing>
								<coordinates>
									-122.2761909092565,37.87759178798435,10.5 -122.2762264997812,37.8779201686204,10.5 -122.2760969705404,37.87793791356344,10.5 -122.2760579725296,37.87761164799709,10.5 -122.2761909092565,37.87759178798435,10.5 
								</coordinates>
							</LinearRing>
						</outerBoundaryIs>
					</Polygon>
				</Placemark>
				<Placemark>
					<name>1850 BERRYMAN St</name>
					<description><![CDATA[<b>1850 BERRYMAN St</b><br/><b>Units:</b> 6<br/><b>VLI Units:</b> 0<br/><b>Stories:</b> 3<br/><b>Height:</b> 10.5m<br/><b>Status:</b> Application Submitted]]></description>
					<styleUrl>#style_Application_Submitted_synthetic</styleUrl>
					<Polygon>
						<extrude>1</extrude>
						<altitudeMode>relativeToGround</altitudeMode>
						<outerBoundaryIs>
							<LinearRing>
								<coordinates>
									-122.2745386226801,37.8828550331143,10.5 -122.2745934542187,37.8832489562155,10.5 -122.2749873773199,37.8831609668857,10.5 -122.2749325457813,37.88276704378449,10.5 -122.2745386226801,37.8828550331143,10.5 
								</coordinates>
							</LinearRing>
						</outerBoundaryIs>
					</Polygon>
				</Placemark>
				<Placemark>
					<name>1618 SIXTH St</name>
					<description><![CDATA[<b>1618 SIXTH St</b><br/><b>Units:</b> 4<br/><b>VLI Units:</b> 0<br/><b>Stories:</b> 3<br/><b>Height:</b> 10.5m<br/><b>Status:</b> In Review]]></description>
					<styleUrl>#style_In_Review_parcel58</styleUrl>
					<Polygon>
						<extrude>1</extrude>
						<altitudeMode>relativeToGround</altitudeMode>
						<outerBoundaryIs>
							<LinearRing>
								<coordinates>
									-122.2995304851045,37.87332001905457,10.5 -122.2999631985291,37.87323032565849,10.5 -122.3000131694715,37.87336209705438,10.5 -122.29958046906,37.87345178169383,10.5 -122.2995304851045,37.87332001905457,10.5 
								</coordinates>
							</LinearRing>
						</outerBoundaryIs>
					</Polygon>
				</Placemark>
				<Placemark>
					<name>2420 ASHBY Ave</name>
					<description><![CDATA[<b>2420 ASHBY Ave</b><br/><b>Units:</b> 4<br/><b>VLI Units:</b> 0<br/><b>Stories:</b> 3<br/><b>Height:</b> 10.5m<br/><b>Status:</b> In Review<br/><i>(height estimated from units)</i>]]></description>
					<styleUrl>#style_In_Review_parcel58</styleUrl>
					<Polygon>
						<extrude>1</extrude>
						<altitudeMode>relativeToGround</altitudeMode>
						<outerBoundaryIs>
							<LinearRing>
								<coordinates>
									-122.25853373974,37.85583660057264,10.5 -122.2586994576728,37.85581284039802,10.5 -122.2587626295752,37.85613945309478,10.5 -122.258600289138,37.85615971507029,10.5 -122.25853373974,37.85583660057264,10.5 
								</coordinates>
							</LinearRing>
						</outerBoundaryIs>
					</Polygon>
				</Placemark>
				<Placemark>
					<name>2942 COLLEGE Ave</name>
					<description><![CDATA[<b>2942 COLLEGE Ave</b><br/><b>Units:</b> 4<br/><b>VLI Units:</b> 0<br/><b>Stories:</b> 3<br/><b>Height:</b> 10.5m<br/><b>Status:</b> In Review<br/><i>(height estimated from units)</i>]]></description>
					<styleUrl>#style_In_Review_parcel58</styleUrl>
					<Polygon>
						<extrude>1</extrude>
						<altitudeMode>relativeToGround</altitudeMode>
						<outerBoundaryIs>
							<LinearRing>
								<coordinates>
									-122.2531963502192,37.85742467070557,10.5 -122.2534624886733,37.85739806409561,10.5 -122.2537441781479,37.85737052887114,10.5 -122.2537481837325,37.85739311632174,10.5 -122.2537638797979,37.85747118033414,10.5 -122.2537241014947,37.85747383129037,10.5 -122.2535565248495,37.85749211802541,10.5 -122.2532057623104,37.85752959852365,10.5 -122.2531963502192,37.85742467070557,10.5 
								</coordinates>
							</LinearRing>
						</outerBoundaryIs>
					</Polygon>
				</Placemark>
				<Placemark>
					<name>2437 WARRING St</name>
					<description><![CDATA[<b>2437 WARRING St</b><br/><b>Units:</b> 4<br/><b>VLI Units:</b> 0<br/><b>Stories:</b> 2<br/><b>Height:</b> 7.0m<br/><b>Status:</b> In Review]]></description>
					<styleUrl>#style_In_Review_parcel58</styleUrl>
					<Polygon>
						<extrude>1</extrude>
						<altitudeMode>relativeToGround</altitudeMode>
						<outerBoundaryIs>
							<LinearRing>
								<coordinates>
									-122.2500807588333,37.86655723923688,7 -122.2504710851602,37.86650612135452,7 -122.2504951513369,37.86664516805629,7 -122.250154852925,37.86668729610788,7 -122.2501082066693,37.86669280062856,7 -122.2500807588333,37.86655723923688,7 
								</coordinates>
							</LinearRing>
						</outerBoundaryIs>
					</Polygon>
				</Placemark>
				<Placemark>
					<name>2641 COLLEGE Ave</name>
					<description><![CDATA[<b>2641 COLLEGE Ave</b><br/><b>Units:</b> 3<br/><b>VLI Units:</b> 0<br/><b>Stories:</b> 3<br/><b>Height:</b> 10.5m<br/><b>Status:</b> In Review<br/><i>(height estimated from units)</i>]]></description>
					<styleUrl>#style_In_Review_parcel58</styleUrl>
					<Polygon>
						<extrude>1</extrude>
						<altitudeMode>relativeToGround</altitudeMode>
						<outerBoundaryIs>
							<LinearRing>
								<coordinates>
									-122.2530185934352,37.8625102230996,10.5 -122.2530138222004,37.86245536362915,10.5 -122.2531608346688,37.86244562403025,10.5 -122.2533130467585,37.86243579735059,10.5 -122.253479093848,37.86242510192267,10.5 -122.2534903029471,37.86253274670696,10.5 -122.2530231815306,37.86255822347641,10.5 -122.2530185934352,37.8625102230996,10.5 
								</coordinates>
							</LinearRing>
						</outerBoundaryIs>
					</Polygon>
				</Placemark>
				<Placemark>
					<name>2205 BLAKE St</name>
					<description><![CDATA[<b>2205 BLAKE St</b><br/><b>Units:</b> 3<br/><b>VLI Units:</b> 0<br/><b>Stories:</b> 3<br/><b>Height:</b> 10.5m<br/><b>Status:</b> In Review]]></description>
					<styleUrl>#style_In_Review_parcel58</styleUrl>
					<Polygon>
						<extrude>1</extrude>
						<altitudeMode>relativeToGround</altitudeMode>
						<outerBoundaryIs>
							<LinearRing>
								<coordinates>
									-122.2646311260385,37.86349013639898,10.5 -122.2649713395113,37.86344591901659,10.5 -122.2650492652527,37.86380869710332,10.5 -122.2649075784173,37.86382454958841,10.5 -122.2647694288627,37.86384240593343,10.5 -122.2647072694832,37.86385088918243,10.5 -122.2646311260385,37.86349013639898,10.5 
								</coordinates>
							</LinearRing>
						</outerBoundaryIs>
					</Polygon>
				</Placemark>
				<Placemark>
					<name>2221 FIFTH St</name>
					<description><![CDATA[<b>2221 FIFTH St</b><br/><b>Units:</b> 3<br/><b>VLI Units:</b> 0<br/><b>Stories:</b> 3<br/><b>Height:</b> 10.5m<br/><b>Status:</b> In Review<br/><i>(height estimated from units)</i>]]></description>
					<styleUrl>#style_In_Review_synthetic2</styleUrl>
					<Polygon>
						<extrude>1</extrude>
						<altitudeMode>relativeToGround</altitudeMode>
						<outerBoundaryIs>
							<LinearRing>
								<coordinates>
									-122.2967213715244,37.86433626785998,10.5 -122.2968424322612,37.86473602267948,10.5 -122.297691870285,37.86460387695374,10.5 -122.2975803621208,37.86416395101219,10.5 -122.2967213715244,37.86433626785998,10.5 
								</coordinates>
							</LinearRing>
						</outerBoundaryIs>
					</Polygon>
				</Placemark>
				<Placemark>
					<name>1650 FIFTH St</name>
					<description><![CDATA[<b>1650 FIFTH St</b><br/><b>Units:</b> 3<br/><b>VLI Units:</b> 0<br/><b>Stories:</b> 3<br/><b>Height:</b> 10.5m<br/><b>Status:</b> In Review<br/><i>(height estimated from units)</i>]]></description>
					<styleUrl>#style_In_Review_parcel58</styleUrl>
					<Polygon>
						<extrude>1</extrude>
						<altitudeMode>relativeToGround</altitudeMode>
						<outerBoundaryIs>
							<LinearRing>
								<coordinates>
									-122.3003743549161,37.87225306619484,10.5 -122.3008744355716,37.87215547511794,10.5 -122.300904359834,37.87224634721799,10.5 -122.3004061832431,37.8723507734213,10.5 -122.3003743549161,37.87225306619484,10.5 
								</coordinates>
							</LinearRing>
						</outerBoundaryIs>
					</Polygon>
				</Placemark>
				<Placemark>
					<name>3101 SACRAMENTO St</name>
					<description><![CDATA[<b>3101 SACRAMENTO St</b><br/><b>Units:</b> 3<br/><b>VLI Units:</b> 0<br/><b>Stories:</b> 3<br/><b>Height:</b> 10.5m<br/><b>Status:</b> In Review<br/><i>(height estimated from units)</i>]]></description>
					<styleUrl>#style_In_Review_parcel58</styleUrl>
					<Polygon>
						<extrude>1</extrude>
						<altitudeMode>relativeToGround</altitudeMode>
						<outerBoundaryIs>
							<LinearRing>
								<coordinates>
									-122.2781588546664,37.85126785924448,10.5 -122.2783522052608,37.85124158639535,10.5 -122.2784005164923,37.85145029611369,10.5 -122.2781984730626,37.85147600111468,10.5 -122.2781588546664,37.85126785924448,10.5 
								</coordinates>
							</LinearRing>
						</outerBoundaryIs>
					</Polygon>
				</Placemark>
				<Placemark>
					<name>1449 CORNELL Ave</name>
					<description><![CDATA[<b>1449 CORNELL Ave</b><br/><b>Units:</b> 3<br/><b>VLI Units:</b> 0<br/><b>Stories:</b> 2<br/><b>Height:</b> 18.3m<br/><b>Status:</b> In Review]]></description>
					<styleUrl>#style_In_Review_parcel58</styleUrl>
					<Polygon>
						<extrude>1</extrude>
						<altitudeMode>relativeToGround</altitudeMode>
						<outerBoundaryIs>
							<LinearRing>
								<coordinates>
									-122.2917750764611,37.87760897961567,18.3 -122.2917544160558,37.87754268609275,18.3 -122.2918665423582,37.87752175392904,18.3 -122.2920010440345,37.87749499598228,18.3 -122.2920492253085,37.87762473014826,18.3 -122.2917975196272,37.87767731446908,18.3 -122.2917750764611,37.87760897961567,18.3 
								</coordinates>
							</LinearRing>
						</outerBoundaryIs>
					</Polygon>
				</Placemark>
				<Placemark>
					<name>1514 WALNUT St</name>
					<description><![CDATA[<b>1514 WALNUT St</b><br/><b>Units:</b> 3<br/><b>VLI Units:</b> 0<br/><b>Stories:</b> 3<br/><b>Height:</b> 10.5m<br/><b>Status:</b> In Review<br/><i>(height estimated from units)</i>]]></description>
					<styleUrl>#style_In_Review_parcel58</styleUrl>
					<Polygon>
						<extrude>1</extrude>
						<altitudeMode>relativeToGround</altitudeMode>
						<outerBoundaryIs>
							<LinearRing>
								<coordinates>
									-122.2682390319388,37.87967372045454,10.5 -122.2686692957966,37.87962401567062,10.5 -122.2686754606112,37.87966443807999,10.5 -122.2686802351938,37.87971930494268,10.5 -122.2682570266659,37.87977440007159,10.5 -122.2682390319388,37.87967372045454,10.5 
								</coordinates>
							</LinearRing>
						</outerBoundaryIs>
					</Polygon>
				</Placemark>
				<Placemark>
					<name>1464 SIXTH St</name>
					<description><![CDATA[<b>1464 SIXTH St</b><br/><b>Units:</b> 3<br/><b>VLI Units:</b> 0<br/><b>Stories:</b> 3<br/><b>Height:</b> 10.5m<br/><b>Status:</b> In Review<br/><i>(height estimated from units)</i>]]></description>
					<styleUrl>#style_In_Review_parcel58</styleUrl>
					<Polygon>
						<extrude>1</extrude>
						<altitudeMode>relativeToGround</altitudeMode>
						<outerBoundaryIs>
							<LinearRing>
								<coordinates>
									-122.3006578555886,37.87536703589974,10.5 -122.3002181920467,37.87545614427679,10.5 -122.3001785624104,37.87532215871668,10.5 -122.300618256824,37.87523511732977,10.5 -122.3006578555886,37.87536703589974,10.5 
								</coordinates>
							</LinearRing>
						</outerBoundaryIs>
					</Polygon>
				</Placemark>
				<Placemark>
					<name>2812 EIGHTH St</name>
					<description><![CDATA[<b>2812 EIGHTH St</b><br/><b>Units:</b> 3<br/><b>VLI Units:</b> 0<br/><b>Stories:</b> 3<br/><b>Height:</b> 10.5m<br/><b>Status:</b> In Review]]></description>
					<styleUrl>#style_In_Review_parcel58</styleUrl>
					<Polygon>
						<extrude>1</extrude>
						<altitudeMode>relativeToGround</altitudeMode>
						<outerBoundaryIs>
							<LinearRing>
								<coordinates>
									-122.2912987604141,37.85494486672717,10.5 -122.291743105901,37.8548392343462,10.5 -122.2917880196993,37.85497795513856,10.5 -122.2915777403029,37.85502097624864,10.5 -122.2915926658395,37.8550653737116,10.5 -122.2913548426109,37.85511568512245,10.5 -122.2912987604141,37.85494486672717,10.5 
								</coordinates>
							</LinearRing>
						</outerBoundaryIs>
					</Polygon>
				</Placemark>
				<Placemark>
					<name>2201 BLAKE St</name>
					<description><![CDATA[<b>2201 BLAKE St</b><br/><b>Units:</b> 3<br/><b>VLI Units:</b> 0<br/><b>Stories:</b> 3<br/><b>Height:</b> 10.5m<br/><b>Status:</b> Entitled]]></description>
					<styleUrl>#style_Entitled_parcel6</styleUrl>
					<Polygon>
						<extrude>1</extrude>
						<altitudeMode>relativeToGround</altitudeMode>
						<outerBoundaryIs>
							<LinearRing>
								<coordinates>
									-122.2646311260385,37.86349013639898,10.5 -122.2649713395113,37.86344591901659,10.5 -122.2650492652527,37.86380869710332,10.5 -122.2649075784173,37.86382454958841,10.5 -122.2647694288627,37.86384240593343,10.5 -122.2647072694832,37.86385088918243,10.5 -122.2646311260385,37.86349013639898,10.5 
								</coordinates>
							</LinearRing>
						</outerBoundaryIs>
					</Polygon>
				</Placemark>
				<Placemark>
					<name>2833 Seventh St</name>
					<description><![CDATA[<b>2833 Seventh St</b><br/><b>Units:</b> 3<br/><b>VLI Units:</b> 0<br/><b>Stories:</b> 2<br/><b>Height:</b> 7.0m<br/><b>Status:</b> Entitled]]></description>
					<styleUrl>#style_Entitled_synthetic</styleUrl>
					<Polygon>
						<extrude>1</extrude>
						<altitudeMode>relativeToGround</altitudeMode>
						<outerBoundaryIs>
							<LinearRing>
								<coordinates>
									-122.2953924305375,37.86391082406296,7 -122.2954472620762,37.86430474716417,7 -122.2958411851774,37.86421675783436,7 -122.2957863536387,37.86382283473316,7 -122.2953924305375,37.86391082406296,7 
								</coordinates>
							</LinearRing>
						</outerBoundaryIs>
					</Polygon>
				</Placemark>
				<Placemark>
					<name>1614 Sixth St</name>
					<description><![CDATA[<b>1614 Sixth St</b><br/><b>Units:</b> 3<br/><b>VLI Units:</b> 0<br/><b>Stories:</b> 3<br/><b>Height:</b> 10.7m<br/><b>Status:</b> Entitled<br/><i>(height estimated from units)</i>]]></description>
					<styleUrl>#style_Entitled_synthetic</styleUrl>
					<Polygon>
						<extrude>1</extrude>
						<altitudeMode>relativeToGround</altitudeMode>
						<outerBoundaryIs>
							<LinearRing>
								<coordinates>
									-122.2995342434107,37.8731831365339,10.7 -122.2995890749493,37.8735770596351,10.7 -122.2999829980505,37.8734890703053,10.7 -122.2999281665119,37.87309514720409,10.7 -122.2995342434107,37.8731831365339,10.7 
								</coordinates>
							</LinearRing>
						</outerBoundaryIs>
					</Polygon>
				</Placemark>
				<Placemark>
					<name>1716 SEVENTH St</name>
					<description><![CDATA[<b>1716 SEVENTH St</b><br/><b>Units:</b> 2<br/><b>VLI Units:</b> 0<br/><b>Stories:</b> 3<br/><b>Height:</b> 10.5m<br/><b>Status:</b> In Review<br/><i>(height estimated from units)</i>]]></description>
					<styleUrl>#style_In_Review_parcel58</styleUrl>
					<Polygon>
						<extrude>1</extrude>
						<altitudeMode>relativeToGround</altitudeMode>
						<outerBoundaryIs>
							<LinearRing>
								<coordinates>
									-122.2979072889293,37.87182852492391,10.5 -122.2983158675926,37.87174469621577,10.5 -122.2983384983046,37.87182056943755,10.5 -122.2983477635606,37.8718451524407,10.5 -122.2979375151479,37.87193174998486,10.5 -122.2979072889293,37.87182852492391,10.5 
								</coordinates>
							</LinearRing>
						</outerBoundaryIs>
					</Polygon>
				</Placemark>
				<Placemark>
					<name>1515 DERBY St</name>
					<description><![CDATA[<b>1515 DERBY St</b><br/><b>Units:</b> 2<br/><b>VLI Units:</b> 0<br/><b>Stories:</b> 3<br/><b>Height:</b> 10.5m<br/><b>Status:</b> In Review<br/><i>(height estimated from units)</i>]]></description>
					<styleUrl>#style_In_Review_parcel58</styleUrl>
					<Polygon>
						<extrude>1</extrude>
						<altitudeMode>relativeToGround</altitudeMode>
						<outerBoundaryIs>
							<LinearRing>
								<coordinates>
									-122.2794035600591,37.85889684437249,10.5 -122.2795763253005,37.85887775674125,10.5 -122.2796524134825,37.85923300939513,10.5 -122.2794762943421,37.85925695441234,10.5 -122.2794035600591,37.85889684437249,10.5 
								</coordinates>
							</LinearRing>
						</outerBoundaryIs>
					</Polygon>
				</Placemark>
				<Placemark>
					<name>1922 FRANCISCO St</name>
					<description><![CDATA[<b>1922 FRANCISCO St</b><br/><b>Units:</b> 2<br/><b>VLI Units:</b> 0<br/><b>Stories:</b> 3<br/><b>Height:</b> 10.5m<br/><b>Status:</b> In Review]]></description>
					<styleUrl>#style_In_Review_parcel58</styleUrl>
					<Polygon>
						<extrude>1</extrude>
						<altitudeMode>relativeToGround</altitudeMode>
						<outerBoundaryIs>
							<LinearRing>
								<coordinates>
									-122.2721271060999,37.8748078755748,10.5 -122.2722791872551,37.87479116935766,10.5 -122.2723537805915,37.87515811161909,10.5 -122.27220183445,37.87517962624993,10.5 -122.2721271060999,37.8748078755748,10.5 
								</coordinates>
							</LinearRing>
						</outerBoundaryIs>
					</Polygon>
				</Placemark>
				<Placemark>
					<name>2204 DWIGHT Way</name>
					<description><![CDATA[<b>2204 DWIGHT Way</b><br/><b>Units:</b> 2<br/><b>VLI Units:</b> 0<br/><b>Stories:</b> 3<br/><b>Height:</b> 10.5m<br/><b>Status:</b> Decision Pending]]></description>
					<styleUrl>#style_Decision_Pending_parcel1</styleUrl>
					<Polygon>
						<extrude>1</extrude>
						<altitudeMode>relativeToGround</altitudeMode>
						<outerBoundaryIs>
							<LinearRing>
								<coordinates>
									-122.2647694288627,37.86384240593343,10.5 -122.2649075784173,37.86382454958841,10.5 -122.2649874587704,37.86419622754107,10.5 -122.2648406590461,37.86421490331741,10.5 -122.2647694288627,37.86384240593343,10.5 
								</coordinates>
							</LinearRing>
						</outerBoundaryIs>
					</Polygon>
				</Placemark>
				<Placemark>
					<name>1419 GRANT St</name>
					<description><![CDATA[<b>1419 GRANT St</b><br/><b>Units:</b> 2<br/><b>VLI Units:</b> 0<br/><b>Stories:</b> 3<br/><b>Height:</b> 10.5m<br/><b>Status:</b> In Review<br/><i>(height estimated from units)</i>]]></description>
					<styleUrl>#style_In_Review_parcel58</styleUrl>
					<Polygon>
						<extrude>1</extrude>
						<altitudeMode>relativeToGround</altitudeMode>
						<outerBoundaryIs>
							<LinearRing>
								<coordinates>
									-122.2757195842204,37.88048503632824,10.5 -122.275710746264,37.88040552598741,10.5 -122.2761703397393,37.88035054395793,10.5 -122.2761850849904,37.88045950420329,10.5 -122.2757238216694,37.88051726100064,10.5 -122.2757195842204,37.88048503632824,10.5 
								</coordinates>
							</LinearRing>
						</outerBoundaryIs>
					</Polygon>
				</Placemark>
				<Placemark>
					<name>1236 DWIGHT Way</name>
					<description><![CDATA[<b>1236 DWIGHT Way</b><br/><b>Units:</b> 2<br/><b>VLI Units:</b> 0<br/><b>Stories:</b> 3<br/><b>Height:</b> 10.5m<br/><b>Status:</b> In Review<br/><i>(height estimated from units)</i>]]></description>
					<styleUrl>#style_In_Review_parcel58</styleUrl>
					<Polygon>
						<extrude>1</extrude>
						<altitudeMode>relativeToGround</altitudeMode>
						<outerBoundaryIs>
							<LinearRing>
								<coordinates>
									-122.2858295699419,37.86150522557607,10.5 -122.2856927856159,37.86152275338185,10.5 -122.285637554962,37.86125163718545,10.5 -122.2857743387979,37.8612341094381,10.5 -122.2858295699419,37.86150522557607,10.5 
								</coordinates>
							</LinearRing>
						</outerBoundaryIs>
					</Polygon>
				</Placemark>
				<Placemark>
					<name>2808 NINTH St</name>
					<description><![CDATA[<b>2808 NINTH St</b><br/><b>Units:</b> 2<br/><b>VLI Units:</b> 0<br/><b>Stories:</b> 3<br/><b>Height:</b> 10.5m<br/><b>Status:</b> In Review<br/><i>(height estimated from units)</i>]]></description>
					<styleUrl>#style_In_Review_parcel58</styleUrl>
					<Polygon>
						<extrude>1</extrude>
						<altitudeMode>relativeToGround</altitudeMode>
						<outerBoundaryIs>
							<LinearRing>
								<coordinates>
									-122.2906988636242,37.85520101593506,10.5 -122.2907083671649,37.85523003449526,10.5 -122.2907083578212,37.85523006057654,10.5 -122.2907087845631,37.8552313168485,10.5 -122.290728675211,37.85529549169966,10.5 -122.2906252478393,37.85531629153274,10.5 -122.2902925691056,37.85538381996034,10.5 -122.2902608705141,37.85529023130587,10.5 -122.2906988636242,37.85520101593506,10.5 
								</coordinates>
							</LinearRing>
						</outerBoundaryIs>
					</Polygon>
				</Placemark>
				<Placemark>
					<name>3001 BENVENUE Ave</name>
					<description><![CDATA[<b>3001 BENVENUE Ave</b><br/><b>Units:</b> 1<br/><b>VLI Units:</b> 0<br/><b>Stories:</b> 3<br/><b>Height:</b> 10.5m<br/><b>Status:</b> Decision Pending<br/><i>(height estimated from units)</i>]]></description>
					<styleUrl>#style_Decision_Pending_parcel1</styleUrl>
					<Polygon>
						<extrude>1</extrude>
						<altitudeMode>relativeToGround</altitudeMode>
						<outerBoundaryIs>
							<LinearRing>
								<coordinates>
									-122.2535669662178,37.85580887181235,10.5 -122.2538588307862,37.85577226076924,10.5 -122.2538683035356,37.85587993068437,10.5 -122.2535765333967,37.85592066305906,10.5 -122.2535669662178,37.85580887181235,10.5 
								</coordinates>
							</LinearRing>
						</outerBoundaryIs>
					</Polygon>
				</Placemark>
				<Placemark>
					<name>40 HILL Rd</name>
					<description><![CDATA[<b>40 HILL Rd</b><br/><b>Units:</b> 1<br/><b>VLI Units:</b> 0<br/><b>Stories:</b> 3<br/><b>Height:</b> 10.5m<br/><b>Status:</b> Application Submitted<br/><i>(height estimated from units)</i>]]></description>
					<styleUrl>#style_Application_Submitted_parcel4</styleUrl>
					<Polygon>
						<extrude>1</extrude>
						<altitudeMode>relativeToGround</altitudeMode>
						<outerBoundaryIs>
							<LinearRing>
								<coordinates>
									-122.2511743019085,37.88917711373094,10.5 -122.2513996066737,37.88917789153698,10.5 -122.2515034742541,37.88946681545936,10.5 -122.2512392564809,37.8895057606488,10.5 -122.2512454207317,37.88947338954652,10.5 -122.251244886985,37.88945074309589,10.5 -122.2512268486229,37.8894207930225,10.5 -122.2512091669131,37.88940526131482,10.5 -122.2511903218388,37.88934166733588,10.5 -122.2511893525845,37.88930048943742,10.5 -122.2511743019085,37.88917711373094,10.5 
								</coordinates>
							</LinearRing>
						</outerBoundaryIs>
					</Polygon>
				</Placemark>
				<Placemark>
					<name>5 W PARNASSUS Ct</name>
					<description><![CDATA[<b>5 W PARNASSUS Ct</b><br/><b>Units:</b> 1<br/><b>VLI Units:</b> 0<br/><b>Stories:</b> 3<br/><b>Height:</b> 10.5m<br/><b>Status:</b> In Review<br/><i>(height estimated from units)</i>]]></description>
					<styleUrl>#style_In_Review_parcel58</styleUrl>
					<Polygon>
						<extrude>1</extrude>
						<altitudeMode>relativeToGround</altitudeMode>
						<outerBoundaryIs>
							<LinearRing>
								<coordinates>
									-122.2576688714977,37.88235584287475,10.5 -122.257815234972,37.88224379272334,10.5 -122.2580836523327,37.88223704591338,10.5 -122.2581606349859,37.88241444513801,10.5 -122.2577763806769,37.88250531370967,10.5 -122.2577510819495,37.88246174720701,10.5 -122.2577312028601,37.88242702227031,10.5 -122.2577098589061,37.88240398953213,10.5 -122.2576688714977,37.88235584287475,10.5 
								</coordinates>
							</LinearRing>
						</outerBoundaryIs>
					</Polygon>
				</Placemark>
				<Placemark>
					<name>0 LE ROY Ave</name>
					<description><![CDATA[<b>0 LE ROY Ave</b><br/><b>Units:</b> 1<br/><b>VLI Units:</b> 0<br/><b>Stories:</b> 3<br/><b>Height:</b> 10.5m<br/><b>Status:</b> In Review<br/><i>(height estimated from units)</i>]]></description>
					<styleUrl>#style_In_Review_parcel58</styleUrl>
					<Polygon>
						<extrude>1</extrude>
						<altitudeMode>relativeToGround</altitudeMode>
						<outerBoundaryIs>
							<LinearRing>
								<coordinates>
									-122.2600553122963,37.88237248056372,10.5 -122.2604015434318,37.88235907573156,10.5 -122.2604259528359,37.88251184622342,10.5 -122.2601733099213,37.88252591142869,10.5 -122.2600937346184,37.88253122371832,10.5 -122.2600833587867,37.88253206520005,10.5 -122.2600732805144,37.8824724816044,10.5 -122.2600553122963,37.88237248056372,10.5 
								</coordinates>
							</LinearRing>
						</outerBoundaryIs>
					</Polygon>
				</Placemark>
				<Placemark>
					<name>2328 GRANT St</name>
					<description><![CDATA[<b>2328 GRANT St</b><br/><b>Units:</b> 1<br/><b>VLI Units:</b> 0<br/><b>Stories:</b> 3<br/><b>Height:</b> 10.5m<br/><b>Status:</b> In Review<br/><i>(height estimated from units)</i>]]></description>
					<styleUrl>#style_In_Review_parcel58</styleUrl>
					<Polygon>
						<extrude>1</extrude>
						<altitudeMode>relativeToGround</altitudeMode>
						<outerBoundaryIs>
							<LinearRing>
								<coordinates>
									-122.2748068034313,37.8658014264963,10.5 -122.2752644833178,37.86574305226406,10.5 -122.2752700282935,37.86582949602789,10.5 -122.2752721913305,37.86584800116381,10.5 -122.2748196545017,37.86590424850414,10.5 -122.2748068034313,37.8658014264963,10.5 
								</coordinates>
							</LinearRing>
						</outerBoundaryIs>
					</Polygon>
				</Placemark>
				<Placemark>
					<name>1939 MARIN Ave</name>
					<description><![CDATA[<b>1939 MARIN Ave</b><br/><b>Units:</b> 1<br/><b>VLI Units:</b> 0<br/><b>Stories:</b> 3<br/><b>Height:</b> 10.5m<br/><b>Status:</b> In Review<br/><i>(height estimated from units)</i>]]></description>
					<styleUrl>#style_In_Review_parcel58</styleUrl>
					<Polygon>
						<extrude>1</extrude>
						<altitudeMode>relativeToGround</altitudeMode>
						<outerBoundaryIs>
							<LinearRing>
								<coordinates>
									-122.2746692005212,37.88945051566243,10.5 -122.2748362684062,37.88940680589739,10.5 -122.2750335997726,37.88983233293715,10.5 -122.2748718662054,37.88988077065038,10.5 -122.2746692005212,37.88945051566243,10.5 
								</coordinates>
							</LinearRing>
						</outerBoundaryIs>
					</Polygon>
				</Placemark>
				<Placemark>
					<name>1731 ADDISON St</name>
					<description><![CDATA[<b>1731 ADDISON St</b><br/><b>Units:</b> 1<br/><b>VLI Units:</b> 0<br/><b>Stories:</b> 3<br/><b>Height:</b> 10.5m<br/><b>Status:</b> In Review<br/><i>(height estimated from units)</i>]]></description>
					<styleUrl>#style_In_Review_parcel58</styleUrl>
					<Polygon>
						<extrude>1</extrude>
						<altitudeMode>relativeToGround</altitudeMode>
						<outerBoundaryIs>
							<LinearRing>
								<coordinates>
									-122.2759463935778,37.87027391477567,10.5 -122.2761189825786,37.87024659707811,10.5 -122.2761714850204,37.87063035383182,10.5 -122.2760039877582,37.8706534758533,10.5 -122.2759463935778,37.87027391477567,10.5 
								</coordinates>
							</LinearRing>
						</outerBoundaryIs>
					</Polygon>
				</Placemark>
				<Placemark>
					<name>1420 FIFTH St</name>
					<description><![CDATA[<b>1420 FIFTH St</b><br/><b>Units:</b> 1<br/><b>VLI Units:</b> 0<br/><b>Stories:</b> 3<br/><b>Height:</b> 10.5m<br/><b>Status:</b> Decision Pending<br/><i>(height estimated from units)</i>]]></description>
					<styleUrl>#style_Decision_Pending_parcel1</styleUrl>
					<Polygon>
						<extrude>1</extrude>
						<altitudeMode>relativeToGround</altitudeMode>
						<outerBoundaryIs>
							<LinearRing>
								<coordinates>
									-122.301732745239,37.87653518928078,10.5 -122.3019914101466,37.87648454647868,10.5 -122.3021293715947,37.87645772173673,10.5 -122.3021569742371,37.87645248751765,10.5 -122.3021980774577,37.87657546914713,10.5 -122.3017754360336,37.87665265554791,10.5 -122.301732745239,37.87653518928078,10.5 
								</coordinates>
							</LinearRing>
						</outerBoundaryIs>
					</Polygon>
				</Placemark>
				<Placemark>
					<name>1139 KEELER Ave</name>
					<description><![CDATA[<b>1139 KEELER Ave</b><br/><b>Units:</b> 1<br/><b>VLI Units:</b> 0<br/><b>Stories:</b> 3<br/><b>Height:</b> 10.5m<br/><b>Status:</b> In Review<br/><i>(height estimated from units)</i>]]></description>
					<styleUrl>#style_In_Review_parcel58</styleUrl>
					<Polygon>
						<extrude>1</extrude>
						<altitudeMode>relativeToGround</altitudeMode>
						<outerBoundaryIs>
							<LinearRing>
								<coordinates>
									-122.2574555721583,37.88980755593164,10.5 -122.2575555324617,37.88956504052949,10.5 -122.2576080384348,37.88958691607768,10.5 -122.2577218002023,37.88963466721738,10.5 -122.2577345073299,37.88963869408649,10.5 -122.2577342424561,37.88963936297466,10.5 -122.2576484993511,37.889857663151,10.5 -122.2576369204663,37.88985498450472,10.5 -122.2574555721583,37.88980755593164,10.5 
								</coordinates>
							</LinearRing>
						</outerBoundaryIs>
					</Polygon>
				</Placemark>
				<Placemark>
					<name>1111 ALLSTON Way</name>
					<description><![CDATA[<b>1111 ALLSTON Way</b><br/><b>Units:</b> 1<br/><b>VLI Units:</b> 0<br/><b>Stories:</b> 3<br/><b>Height:</b> 10.5m<br/><b>Status:</b> In Review<br/><i>(height estimated from units)</i>]]></description>
					<styleUrl>#style_In_Review_parcel510</styleUrl>
					<Polygon>
						<extrude>1</extrude>
						<altitudeMode>relativeToGround</altitudeMode>
						<outerBoundaryIs>
							<LinearRing>
								<coordinates>
									-122.2905993293409,37.86694592731715,10.5 -122.2907374324932,37.86692529685125,10.5 -122.2906609375409,37.86655563474009,10.5 -122.2905135061605,37.86658110182137,10.5 -122.2905993293409,37.86694592731715,10.5 
								</coordinates>
							</LinearRing>
						</outerBoundaryIs>
					</Polygon>
				</Placemark>
				<Placemark>
					<name>659 GRIZZLY PEAK Blvd</name>
					<description><![CDATA[<b>659 GRIZZLY PEAK Blvd</b><br/><b>Units:</b> 1<br/><b>VLI Units:</b> 0<br/><b>Stories:</b> 3<br/><b>Height:</b> 10.5m<br/><b>Status:</b> Application Submitted<br/><i>(height estimated from units)</i>]]></description>
					<styleUrl>#style_Application_Submitted_parcel4</styleUrl>
					<Polygon>
						<extrude>1</extrude>
						<altitudeMode>relativeToGround</altitudeMode>
						<outerBoundaryIs>
							<LinearRing>
								<coordinates>
									-122.2652753699198,37.90017392645916,10.5 -122.2652470769679,37.90015031277855,10.5 -122.2656159216541,37.89999098239007,10.5 -122.2657036973033,37.90011120831468,10.5 -122.26537084571,37.90025283342347,10.5 -122.2652753699198,37.90017392645916,10.5 
								</coordinates>
							</LinearRing>
						</outerBoundaryIs>
					</Polygon>
				</Placemark>
				<Placemark>
					<name>3036 REGENT St</name>
					<description><![CDATA[<b>3036 REGENT St</b><br/><b>Units:</b> 1<br/><b>VLI Units:</b> 0<br/><b>Stories:</b> 3<br/><b>Height:</b> 10.5m<br/><b>Status:</b> In Review<br/><i>(height estimated from units)</i>]]></description>
					<styleUrl>#style_In_Review_parcel58</styleUrl>
					<Polygon>
						<extrude>1</extrude>
						<altitudeMode>relativeToGround</altitudeMode>
						<outerBoundaryIs>
							<LinearRing>
								<coordinates>
									-122.2566629194917,37.85407768120614,10.5 -122.2567059867797,37.85428717123387,10.5 -122.2564487250194,37.85432190156281,10.5 -122.2564055735954,37.85410897608433,10.5 -122.2566629194917,37.85407768120614,10.5 
								</coordinates>
							</LinearRing>
						</outerBoundaryIs>
					</Polygon>
				</Placemark>
				<Placemark>
					<name>1621 SACRAMENTO St</name>
					<description><![CDATA[<b>1621 SACRAMENTO St</b><br/><b>Units:</b> 1<br/><b>VLI Units:</b> 0<br/><b>Stories:</b> 3<br/><b>Height:</b> 10.5m<br/><b>Status:</b> In Review<br/><i>(height estimated from units)</i>]]></description>
					<styleUrl>#style_In_Review_parcel58</styleUrl>
					<Polygon>
						<extrude>1</extrude>
						<altitudeMode>relativeToGround</altitudeMode>
						<outerBoundaryIs>
							<LinearRing>
								<coordinates>
									-122.2821175320758,37.87604048492319,10.5 -122.2823869444151,37.87600414521808,10.5 -122.2823985280952,37.87612551523691,10.5 -122.2821290453164,37.8761591092028,10.5 -122.2821175320758,37.87604048492319,10.5 
								</coordinates>
							</LinearRing>
						</outerBoundaryIs>
					</Polygon>
				</Placemark>
				<Placemark>
					<name>2820 SAN PABLO Ave</name>
					<description><![CDATA[<b>2820 SAN PABLO Ave</b><br/><b>Units:</b> 1<br/><b>VLI Units:</b> 0<br/><b>Stories:</b> 2<br/><b>Height:</b> 7.0m<br/><b>Status:</b> Entitled]]></description>
					<styleUrl>#style_Entitled_parcel6</styleUrl>
					<Polygon>
						<extrude>1</extrude>
						<altitudeMode>relativeToGround</altitudeMode>
						<outerBoundaryIs>
							<LinearRing>
								<coordinates>
									-122.2878720031796,37.85528180888238,7 -122.2883288178861,37.85518973468466,7 -122.2883666347419,37.85532169289956,7 -122.2879150319901,37.85541368519503,7 -122.2878720031796,37.85528180888238,7 
								</coordinates>
							</LinearRing>
						</outerBoundaryIs>
					</Polygon>
				</Placemark>
				<Placemark>
					<name>0 PARKER St</name>
					<description><![CDATA[<b>0 PARKER St</b><br/><b>Units:</b> 1<br/><b>VLI Units:</b> 0<br/><b>Stories:</b> 3<br/><b>Height:</b> 10.5m<br/><b>Status:</b> Entitled<br/><i>(height estimated from units)</i>]]></description>
					<styleUrl>#style_Entitled_parcel6</styleUrl>
					<Polygon>
						<extrude>1</extrude>
						<altitudeMode>relativeToGround</altitudeMode>
						<outerBoundaryIs>
							<LinearRing>
								<coordinates>
									-122.2641985165749,37.86263617999568,10.5 -122.2643677307542,37.86261304665285,10.5 -122.2643932831507,37.86274038949876,10.5 -122.264416835676,37.86285677634831,10.5 -122.2644405713173,37.86298071085767,10.5 -122.2642730709297,37.86300313397537,10.5 -122.2641985165749,37.86263617999568,10.5 
								</coordinates>
							</LinearRing>
						</outerBoundaryIs>
					</Polygon>
				</Placemark>
				<Placemark>
					<name>1522 JOSEPHINE St</name>
					<description><![CDATA[<b>1522 JOSEPHINE St</b><br/><b>Units:</b> 0<br/><b>VLI Units:</b> 0<br/><b>Stories:</b> 3<br/><b>Height:</b> 10.5m<br/><b>Status:</b> In Review<br/><i>(height estimated from units)</i>]]></description>
					<styleUrl>#style_In_Review_parcel58</styleUrl>
					<Polygon>
						<extrude>1</extrude>
						<altitudeMode>relativeToGround</altitudeMode>
						<outerBoundaryIs>
							<LinearRing>
								<coordinates>
									-122.2750209422674,37.87851581068767,10.5 -122.2754805243573,37.87846084023148,10.5 -122.2754986764271,37.87856768009149,10.5 -122.2750356889762,37.87862546059855,10.5 -122.2750209422674,37.87851581068767,10.5 
								</coordinates>
							</LinearRing>
						</outerBoundaryIs>
					</Polygon>
				</Placemark>
				<Placemark>
					<name>3035 COLBY St</name>
					<description><![CDATA[<b>3035 COLBY St</b><br/><b>Units:</b> 0<br/><b>VLI Units:</b> 0<br/><b>Stories:</b> 3<br/><b>Height:</b> 10.5m<br/><b>Status:</b> Entitled<br/><i>(height estimated from units)</i>]]></description>
					<styleUrl>#style_Entitled_parcel6</styleUrl>
					<Polygon>
						<extrude>1</extrude>
						<altitudeMode>relativeToGround</altitudeMode>
						<outerBoundaryIs>
							<LinearRing>
								<coordinates>
									-122.257224156823,37.85400545743518,10.5 -122.2572932062326,37.85399551008219,10.5 -122.2573327750343,37.85420366824454,10.5 -122.2572706070568,37.85421146888252,10.5 -122.257224156823,37.85400545743518,10.5 
								</coordinates>
							</LinearRing>
						</outerBoundaryIs>
					</Polygon>
				</Placemark>
				<Placemark>
					<name>1136 KEITH Ave</name>
					<description><![CDATA[<b>1136 KEITH Ave</b><br/><b>Units:</b> 0<br/><b>VLI Units:</b> 0<br/><b>Stories:</b> 3<br/><b>Height:</b> 10.5m<br/><b>Status:</b> In Review<br/><i>(height estimated from units)</i>]]></description>
					<styleUrl>#style_In_Review_parcel58</styleUrl>
					<Polygon>
						<extrude>1</extrude>
						<altitudeMode>relativeToGround</altitudeMode>
						<outerBoundaryIs>
							<LinearRing>
								<coordinates>
									-122.2603183956589,37.88849247177863,10.5 -122.2606843605582,37.88835998041825,10.5 -122.2607064230968,37.88841320217202,10.5 -122.2607503323817,37.88851075490241,10.5 -122.2603803930279,37.88862201597461,10.5 -122.260358294469,37.88856741045815,10.5 -122.2603183956589,37.88849247177863,10.5 
								</coordinates>
							</LinearRing>
						</outerBoundaryIs>
					</Polygon>
				</Placemark>
				<Placemark>
					<name>1730 PARKER St</name>
					<description><![CDATA[<b>1730 PARKER St</b><br/><b>Units:</b> 0<br/><b>VLI Units:</b> 0<br/><b>Stories:</b> 3<br/><b>Height:</b> 10.5m<br/><b>Status:</b> Application Submitted<br/><i>(height estimated from units)</i>]]></description>
					<styleUrl>#style_Application_Submitted_parcel4</styleUrl>
					<Polygon>
						<extrude>1</extrude>
						<altitudeMode>relativeToGround</altitudeMode>
						<outerBoundaryIs>
							<LinearRing>
								<coordinates>
									-122.2745451111923,37.86072794113542,10.5 -122.2747195517809,37.86070608238035,10.5 -122.274726275228,37.86076985335077,10.5 -122.2747523309454,37.86106267462078,10.5 -122.2746263879744,37.86108448791258,10.5 -122.2745451111923,37.86072794113542,10.5 
								</coordinates>
							</LinearRing>
						</outerBoundaryIs>
					</Polygon>
				</Placemark>
				<Placemark>
					<name>2740 SHASTA Rd</name>
					<description><![CDATA[<b>2740 SHASTA Rd</b><br/><b>Units:</b> 0<br/><b>VLI Units:</b> 0<br/><b>Stories:</b> 3<br/><b>Height:</b> 10.5m<br/><b>Status:</b> Application Submitted<br/><i>(height estimated from units)</i>]]></description>
					<styleUrl>#style_Application_Submitted_parcel4</styleUrl>
					<Polygon>
						<extrude>1</extrude>
						<altitudeMode>relativeToGround</altitudeMode>
						<outerBoundaryIs>
							<LinearRing>
								<coordinates>
									-122.2579708371979,37.88654290907646,10.5 -122.2579067509549,37.88625133656897,10.5 -122.2579752006197,37.88621338127207,10.5 -122.2583240855227,37.88601988672094,10.5 -122.2583538195581,37.88605009238004,10.5 -122.2584307602861,37.88612825196846,10.5 -122.2584307659085,37.88612825831292,10.5 -122.2584859767301,37.88618433459213,10.5 -122.2585260406167,37.88622504129849,10.5 -122.2585374466151,37.88623662890824,10.5 -122.2585909013661,37.88629092845228,10.5 -122.258693761313,37.88677454261325,10.5 -122.2585895934608,37.88676648249412,10.5 -122.2584973632489,37.88675000553771,10.5 -122.2583682100211,37.88671141170391,10.5 -122.2583000149726,37.88668495913674,10.5 -122.2582122475448,37.88663819793578,10.5 -122.2581054890759,37.88659378471049,10.5 -122.2579747581975,37.88656139128314,10.5 -122.2579708371979,37.88654290907646,10.5 
								</coordinates>
							</LinearRing>
						</outerBoundaryIs>
					</Polygon>
				</Placemark>
				<Placemark>
					<name>1109 COWPER St</name>
					<description><![CDATA[<b>1109 COWPER St</b><br/><b>Units:</b> 0<br/><b>VLI Units:</b> 0<br/><b>Stories:</b> 3<br/><b>Height:</b> 10.5m<br/><b>Status:</b> In Review<br/><i>(height estimated from units)</i>]]></description>
					<styleUrl>#style_In_Review_parcel515</styleUrl>
					<Polygon>
						<extrude>1</extrude>
						<altitudeMode>relativeToGround</altitudeMode>
						<outerBoundaryIs>
							<LinearRing>
								<coordinates>
									-122.2909929745718,37.86778978798448,10.5 -122.2911528786378,37.86777255660387,10.5 -122.291063737951,37.86739518057693,10.5 -122.2909085708297,37.86741231039857,10.5 -122.2909929745718,37.86778978798448,10.5 
								</coordinates>
							</LinearRing>
						</outerBoundaryIs>
					</Polygon>
				</Placemark>
				<Placemark>
					<name>705 ARLINGTON Ave</name>
					<description><![CDATA[<b>705 ARLINGTON Ave</b><br/><b>Units:</b> 0<br/><b>VLI Units:</b> 0<br/><b>Stories:</b> 3<br/><b>Height:</b> 10.5m<br/><b>Status:</b> In Review<br/><i>(height estimated from units)</i>]]></description>
					<styleUrl>#style_In_Review_parcel58</styleUrl>
					<Polygon>
						<extrude>1</extrude>
						<altitudeMode>relativeToGround</altitudeMode>
						<outerBoundaryIs>
							<LinearRing>
								<coordinates>
									-122.2754522974047,37.89747647880446,10.5 -122.275744984349,37.89732306029823,10.5 -122.2757842076807,37.89736848410184,10.5 -122.2758160825325,37.89739753044255,10.5 -122.2758426934195,37.89742253275681,10.5 -122.2756100070465,37.89762105980626,10.5 -122.2755518429418,37.89758073061861,10.5 -122.2755411882552,37.89756990546643,10.5 -122.2755074815826,37.8975374463167,10.5 -122.27546128937,37.89749007240041,10.5 -122.2754522974047,37.89747647880446,10.5 
								</coordinates>
							</LinearRing>
						</outerBoundaryIs>
					</Polygon>
				</Placemark>
				<Placemark>
					<name>2027 SEVENTH St</name>
					<description><![CDATA[<b>2027 SEVENTH St</b><br/><b>Units:</b> 0<br/><b>VLI Units:</b> 0<br/><b>Stories:</b> 3<br/><b>Height:</b> 10.5m<br/><b>Status:</b> In Review<br/><i>(height estimated from units)</i>]]></description>
					<styleUrl>#style_In_Review_parcel54</styleUrl>
					<Polygon>
						<extrude>1</extrude>
						<altitudeMode>relativeToGround</altitudeMode>
						<outerBoundaryIs>
							<LinearRing>
								<coordinates>
									-122.295631331372,37.86741678681684,10.5 -122.2962277782053,37.86729371374868,10.5 -122.2961467119803,37.86702233367549,10.5 -122.295543492796,37.86715168569547,10.5 -122.295631331372,37.86741678681684,10.5 
								</coordinates>
							</LinearRing>
						</outerBoundaryIs>
					</Polygon>
				</Placemark>
				<Placemark>
					<name>576 SAN LUIS Rd</name>
					<description><![CDATA[<b>576 SAN LUIS Rd</b><br/><b>Units:</b> 0<br/><b>VLI Units:</b> 0<br/><b>Stories:</b> 3<br/><b>Height:</b> 10.5m<br/><b>Status:</b> Application Submitted<br/><i>(height estimated from units)</i>]]></description>
					<styleUrl>#style_Application_Submitted_parcel4</styleUrl>
					<Polygon>
						<extrude>1</extrude>
						<altitudeMode>relativeToGround</altitudeMode>
						<outerBoundaryIs>
							<LinearRing>
								<coordinates>
									-122.2755873947399,37.90007837616216,10.5 -122.2758859073701,37.89987818039231,10.5 -122.2760082761299,37.89992165868265,10.5 -122.2756988211267,37.90017215948414,10.5 -122.2755873947399,37.90007837616216,10.5 
								</coordinates>
							</LinearRing>
						</outerBoundaryIs>
					</Polygon>
				</Placemark>
				<Placemark>
					<name>2009 ADDISON St</name>
					<description><![CDATA[<b>2009 ADDISON St</b><br/><b>Units:</b> 0<br/><b>VLI Units:</b> 0<br/><b>Stories:</b> 3<br/><b>Height:</b> 10.5m<br/><b>Status:</b> Application Submitted<br/><i>(height estimated from units)</i>]]></description>
					<styleUrl>#style_Application_Submitted_parcel4</styleUrl>
					<Polygon>
						<extrude>1</extrude>
						<altitudeMode>relativeToGround</altitudeMode>
						<outerBoundaryIs>
							<LinearRing>
								<coordinates>
									-122.2698683839099,37.87105718753173,10.5 -122.270156853799,37.87102148332558,10.5 -122.2702014836265,37.87136689878681,10.5 -122.2699628081217,37.87139541042202,10.5 -122.269947949242,37.87134295324412,10.5 -122.2698683839099,37.87105718753173,10.5 
								</coordinates>
							</LinearRing>
						</outerBoundaryIs>
					</Polygon>
				</Placemark>
				<Placemark>
					<name>1312 ADDISON St</name>
					<description><![CDATA[<b>1312 ADDISON St</b><br/><b>Units:</b> 0<br/><b>VLI Units:</b> 0<br/><b>Stories:</b> 3<br/><b>Height:</b> 10.5m<br/><b>Status:</b> In Review<br/><i>(height estimated from units)</i>]]></description>
					<styleUrl>#style_In_Review_parcel58</styleUrl>
					<Polygon>
						<extrude>1</extrude>
						<altitudeMode>relativeToGround</altitudeMode>
						<outerBoundaryIs>
							<LinearRing>
								<coordinates>
									-122.2839904144735,37.86688737168851,10.5 -122.2843306421425,37.86684308676911,10.5 -122.2843417704304,37.86694592073535,10.5 -122.2839981326481,37.86699232461555,10.5 -122.2839904144735,37.86688737168851,10.5 
								</coordinates>
							</LinearRing>
						</outerBoundaryIs>
					</Polygon>
				</Placemark>
				<Placemark>
					<name>2145 GRANT St</name>
					<description><![CDATA[<b>2145 GRANT St</b><br/><b>Units:</b> 0<br/><b>VLI Units:</b> 0<br/><b>Stories:</b> 3<br/><b>Height:</b> 10.5m<br/><b>Status:</b> Decision Pending<br/><i>(height estimated from units)</i>]]></description>
					<styleUrl>#style_Decision_Pending_parcel1</styleUrl>
					<Polygon>
						<extrude>1</extrude>
						<altitudeMode>relativeToGround</altitudeMode>
						<outerBoundaryIs>
							<LinearRing>
								<coordinates>
									-122.2744538617769,37.86900812604266,10.5 -122.2744505008811,37.86893949897281,10.5 -122.2744489530667,37.86887566082511,10.5 -122.2744852205999,37.86887030712521,10.5 -122.2746078207512,37.86885335396828,10.5 -122.2747390604902,37.86883558686147,10.5 -122.2747410632258,37.86884654629336,10.5 -122.2748844714125,37.8688306556655,10.5 -122.2749000428892,37.86897463385072,10.5 -122.2744561092362,37.86902937163162,10.5 -122.2744538617769,37.86900812604266,10.5 
								</coordinates>
							</LinearRing>
						</outerBoundaryIs>
					</Polygon>
				</Placemark>
				<Placemark>
					<name>2903 ADELINE St</name>
					<description><![CDATA[<b>2903 ADELINE St</b><br/><b>Units:</b> 0<br/><b>VLI Units:</b> 0<br/><b>Stories:</b> 3<br/><b>Height:</b> 10.5m<br/><b>Status:</b> In Review<br/><i>(height estimated from units)</i>]]></description>
					<styleUrl>#style_In_Review_parcel58</styleUrl>
					<Polygon>
						<extrude>1</extrude>
						<altitudeMode>relativeToGround</altitudeMode>
						<outerBoundaryIs>
							<LinearRing>
								<coordinates>
									-122.2679960853905,37.85627626657994,10.5 -122.2682499657071,37.8562449897447,10.5 -122.268166830552,37.85646323598519,10.5 -122.2680148148441,37.85648130295828,10.5 -122.2679960853905,37.85627626657994,10.5 
								</coordinates>
							</LinearRing>
						</outerBoundaryIs>
					</Polygon>
				</Placemark>
				<Placemark>
					<name>2099 M L KING JR Way</name>
					<description><![CDATA[<b>2099 M L KING JR Way</b><br/><b>Units:</b> 0<br/><b>VLI Units:</b> 0<br/><b>Stories:</b> 3<br/><b>Height:</b> 10.5m<br/><b>Status:</b> Application Submitted<br/><i>(height estimated from units)</i>]]></description>
					<styleUrl>#style_Application_Submitted_parcel4</styleUrl>
					<Polygon>
						<extrude>1</extrude>
						<altitudeMode>relativeToGround</altitudeMode>
						<outerBoundaryIs>
							<LinearRing>
								<coordinates>
									-122.2724593419027,37.87072941316434,10.5 -122.2727754389462,37.87068964799388,10.5 -122.2728190673195,37.87106530189369,10.5 -122.2725081437602,37.87110430329983,10.5 -122.2724593419027,37.87072941316434,10.5 
								</coordinates>
							</LinearRing>
						</outerBoundaryIs>
					</Polygon>
				</Placemark>
				<Placemark>
					<name>1507 JOSEPHINE St</name>
					<description><![CDATA[<b>1507 JOSEPHINE St</b><br/><b>Units:</b> 0<br/><b>VLI Units:</b> 0<br/><b>Stories:</b> 3<br/><b>Height:</b> 10.5m<br/><b>Status:</b> In Review<br/><i>(height estimated from units)</i>]]></description>
					<styleUrl>#style_In_Review_parcel58</styleUrl>
					<Polygon>
						<extrude>1</extrude>
						<altitudeMode>relativeToGround</altitudeMode>
						<outerBoundaryIs>
							<LinearRing>
								<coordinates>
									-122.2745609017792,37.87913113776579,10.5 -122.2748838304272,37.87908508216814,10.5 -122.274895157545,37.87919684257528,10.5 -122.2745739226178,37.87924081944644,10.5 -122.2745609017792,37.87913113776579,10.5 
								</coordinates>
							</LinearRing>
						</outerBoundaryIs>
					</Polygon>
				</Placemark>
				<Placemark>
					<name>1338 SEVENTH St</name>
					<description><![CDATA[<b>1338 SEVENTH St</b><br/><b>Units:</b> 0<br/><b>VLI Units:</b> 0<br/><b>Stories:</b> 3<br/><b>Height:</b> 10.5m<br/><b>Status:</b> Application Submitted<br/><i>(height estimated from units)</i>]]></description>
					<styleUrl>#style_Application_Submitted_parcel4</styleUrl>
					<Polygon>
						<extrude>1</extrude>
						<altitudeMode>relativeToGround</altitudeMode>
						<outerBoundaryIs>
							<LinearRing>
								<coordinates>
									-122.2999374712929,37.87816806786761,10.5 -122.3003254464991,37.87809006201326,10.5 -122.3004374750304,37.87842277636735,10.5 -122.3000443537901,37.87850224452324,10.5 -122.2999374712929,37.87816806786761,10.5 
								</coordinates>
							</LinearRing>
						</outerBoundaryIs>
					</Polygon>
				</Placemark>
				<Placemark>
					<name>2238 SEVENTH St</name>
					<description><![CDATA[<b>2238 SEVENTH St</b><br/><b>Units:</b> 0<br/><b>VLI Units:</b> 0<br/><b>Stories:</b> 3<br/><b>Height:</b> 10.5m<br/><b>Status:</b> Application Submitted<br/><i>(height estimated from units)</i>]]></description>
					<styleUrl>#style_Application_Submitted_parcel4</styleUrl>
					<Polygon>
						<extrude>1</extrude>
						<altitudeMode>relativeToGround</altitudeMode>
						<outerBoundaryIs>
							<LinearRing>
								<coordinates>
									-122.2953972903953,37.86404590457778,10.5 -122.2955696994493,37.86401169742307,10.5 -122.295736952491,37.86397894000046,10.5 -122.2958213849067,37.8639604799748,10.5 -122.2958627231084,37.86409376269392,10.5 -122.2954384983382,37.86417368786754,10.5 -122.2953972903953,37.86404590457778,10.5 
								</coordinates>
							</LinearRing>
						</outerBoundaryIs>
					</Polygon>
				</Placemark>
				<Placemark>
					<name>703 SANTA BARBARA Rd</name>
					<description><![CDATA[<b>703 SANTA BARBARA Rd</b><br/><b>Units:</b> 0<br/><b>VLI Units:</b> 0<br/><b>Stories:</b> 3<br/><b>Height:</b> 10.5m<br/><b>Status:</b> In Review<br/><i>(height estimated from units)</i>]]></description>
					<styleUrl>#style_In_Review_parcel58</styleUrl>
					<Polygon>
						<extrude>1</extrude>
						<altitudeMode>relativeToGround</altitudeMode>
						<outerBoundaryIs>
							<LinearRing>
								<coordinates>
									-122.2712529140685,37.89791309680641,10.5 -122.2715447356929,37.89772262700021,10.5 -122.2716779863264,37.89778655524334,10.5 -122.2717451352688,37.89784047476088,10.5 -122.2717630105123,37.89786355647407,10.5 -122.2713292502223,37.89798886387032,10.5 -122.2712529140685,37.89791309680641,10.5 
								</coordinates>
							</LinearRing>
						</outerBoundaryIs>
					</Polygon>
				</Placemark>
				<Placemark>
					<name>385 VERMONT Ave</name>
					<description><![CDATA[<b>385 VERMONT Ave</b><br/><b>Units:</b> 0<br/><b>VLI Units:</b> 0<br/><b>Stories:</b> 3<br/><b>Height:</b> 10.5m<br/><b>Status:</b> In Review<br/><i>(height estimated from units)</i>]]></description>
					<styleUrl>#style_In_Review_parcel58</styleUrl>
					<Polygon>
						<extrude>1</extrude>
						<altitudeMode>relativeToGround</altitudeMode>
						<outerBoundaryIs>
							<LinearRing>
								<coordinates>
									-122.2745774010706,37.90321182490683,10.5 -122.274725258592,37.90316153129197,10.5 -122.2747688108056,37.90324327960526,10.5 -122.2748450038912,37.90338566390554,10.5 -122.2747006272903,37.90343589439705,10.5 -122.2745774010706,37.90321182490683,10.5 
								</coordinates>
							</LinearRing>
						</outerBoundaryIs>
					</Polygon>
				</Placemark>
				<Placemark>
					<name>1246 ROSE St</name>
					<description><![CDATA[<b>1246 ROSE St</b><br/><b>Units:</b> 0<br/><b>VLI Units:</b> 0<br/><b>Stories:</b> 3<br/><b>Height:</b> 10.5m<br/><b>Status:</b> In Review<br/><i>(height estimated from units)</i>]]></description>
					<styleUrl>#style_In_Review_parcel58</styleUrl>
					<Polygon>
						<extrude>1</extrude>
						<altitudeMode>relativeToGround</altitudeMode>
						<outerBoundaryIs>
							<LinearRing>
								<coordinates>
									-122.2893477272479,37.87639395136431,10.5 -122.2893121227247,37.87628256750398,10.5 -122.2893064345065,37.87626204409984,10.5 -122.2893875867471,37.87625051434158,10.5 -122.2894695109946,37.87623922442375,10.5 -122.2894733025259,37.87625040890446,10.5 -122.2895101241531,37.87635928365621,10.5 -122.2895152197925,37.87637012450193,10.5 -122.2895675955318,37.87653000887555,10.5 -122.2896163424329,37.87668309811826,10.5 -122.2894452987858,37.87670354547467,10.5 -122.2893477272479,37.87639395136431,10.5 
								</coordinates>
							</LinearRing>
						</outerBoundaryIs>
					</Polygon>
				</Placemark>
				<Placemark>
					<name>1512 CHANNING Way</name>
					<description><![CDATA[<b>1512 CHANNING Way</b><br/><b>Units:</b> 0<br/><b>VLI Units:</b> 0<br/><b>Stories:</b> 3<br/><b>Height:</b> 10.5m<br/><b>Status:</b> Application Submitted<br/><i>(height estimated from units)</i>]]></description>
					<styleUrl>#style_Application_Submitted_parcel4</styleUrl>
					<Polygon>
						<extrude>1</extrude>
						<altitudeMode>relativeToGround</altitudeMode>
						<outerBoundaryIs>
							<LinearRing>
								<coordinates>
									-122.280728665981,37.8638739556872,10.5 -122.2807283184426,37.86385953377377,10.5 -122.2808822125753,37.86384760153801,10.5 -122.2809009496127,37.86397848010414,10.5 -122.2807420906398,37.86400010698733,10.5 -122.280728665981,37.8638739556872,10.5 
								</coordinates>
							</LinearRing>
						</outerBoundaryIs>
					</Polygon>
				</Placemark>
				<Placemark>
					<name>1475 CATHERINE Dr</name>
					<description><![CDATA[<b>1475 CATHERINE Dr</b><br/><b>Units:</b> 0<br/><b>VLI Units:</b> 0<br/><b>Stories:</b> 3<br/><b>Height:</b> 10.5m<br/><b>Status:</b> In Review<br/><i>(height estimated from units)</i>]]></description>
					<styleUrl>#style_In_Review_parcel58</styleUrl>
					<Polygon>
						<extrude>1</extrude>
						<altitudeMode>relativeToGround</altitudeMode>
						<outerBoundaryIs>
							<LinearRing>
								<coordinates>
									-122.2839901854527,37.87811624028267,10.5 -122.2838871918732,37.87793993774438,10.5 -122.2840245507976,37.87788773311364,10.5 -122.2841530092581,37.87811377221383,10.5 -122.2840894629358,37.87813671211288,10.5 -122.2840173232828,37.87816321028743,10.5 -122.2839901854527,37.87811624028267,10.5 
								</coordinates>
							</LinearRing>
						</outerBoundaryIs>
					</Polygon>
				</Placemark>
				<Placemark>
					<name>1187 SHATTUCK Ave</name>
					<description><![CDATA[<b>1187 SHATTUCK Ave</b><br/><b>Units:</b> 0<br/><b>VLI Units:</b> 0<br/><b>Stories:</b> 3<br/><b>Height:</b> 10.5m<br/><b>Status:</b> Decision Pending<br/><i>(height estimated from units)</i>]]></description>
					<styleUrl>#style_Decision_Pending_parcel1</styleUrl>
					<Polygon>
						<extrude>1</extrude>
						<altitudeMode>relativeToGround</altitudeMode>
						<outerBoundaryIs>
							<LinearRing>
								<coordinates>
									-122.2695235739901,37.88601668654317,10.5 -122.269928260242,37.88598315540745,10.5 -122.2699397118868,37.88609971717542,10.5 -122.2695401635072,37.88613111533204,10.5 -122.2695235739901,37.88601668654317,10.5 
								</coordinates>
							</LinearRing>
						</outerBoundaryIs>
					</Polygon>
				</Placemark>
				<Placemark>
					<name>2016 DELAWARE St A</name>
					<description><![CDATA[<b>2016 DELAWARE St A</b><br/><b>Units:</b> 0<br/><b>VLI Units:</b> 0<br/><b>Stories:</b> 3<br/><b>Height:</b> 10.5m<br/><b>Status:</b> Application Submitted<br/><i>(height estimated from units)</i>]]></description>
					<styleUrl>#style_Application_Submitted_parcel4</styleUrl>
					<Polygon>
						<extrude>1</extrude>
						<altitudeMode>relativeToGround</altitudeMode>
						<outerBoundaryIs>
							<LinearRing>
								<coordinates>
									-122.2702193052628,37.874146374614,10.5 -122.2703574797825,37.87412850492201,10.5 -122.2704318666464,37.87448653064781,10.5 -122.2702919527332,37.87450442299006,10.5 -122.2702193052628,37.874146374614,10.5 
								</coordinates>
							</LinearRing>
						</outerBoundaryIs>
					</Polygon>
				</Placemark>
				<Placemark>
					<name>1123 BLAKE St</name>
					<description><![CDATA[<b>1123 BLAKE St</b><br/><b>Units:</b> 0<br/><b>VLI Units:</b> 0<br/><b>Stories:</b> 3<br/><b>Height:</b> 10.5m<br/><b>Status:</b> In Review<br/><i>(height estimated from units)</i>]]></description>
					<styleUrl>#style_In_Review_parcel58</styleUrl>
					<Polygon>
						<extrude>1</extrude>
						<altitudeMode>relativeToGround</altitudeMode>
						<outerBoundaryIs>
							<LinearRing>
								<coordinates>
									-122.2881991768348,37.86083937795011,10.5 -122.2881173135438,37.86084986980362,10.5 -122.2880623931225,37.86085690852195,10.5 -122.287990669838,37.86050514318767,10.5 -122.2881274517778,37.86048761268489,10.5 -122.2881991768348,37.86083937795011,10.5 
								</coordinates>
							</LinearRing>
						</outerBoundaryIs>
					</Polygon>
				</Placemark>
				<Placemark>
					<name>830 BANCROFT Way</name>
					<description><![CDATA[<b>830 BANCROFT Way</b><br/><b>Units:</b> 0<br/><b>VLI Units:</b> 0<br/><b>Stories:</b> 3<br/><b>Height:</b> 10.5m<br/><b>Status:</b> Decision Pending<br/><i>(height estimated from units)</i>]]></description>
					<styleUrl>#style_Decision_Pending_parcel1</styleUrl>
					<Polygon>
						<extrude>1</extrude>
						<altitudeMode>relativeToGround</altitudeMode>
						<outerBoundaryIs>
							<LinearRing>
								<coordinates>
									-122.295591700343,37.86327453181551,10.5 -122.2955504335263,37.86314399836062,10.5 -122.295943441451,37.86306247736043,10.5 -122.2960691818365,37.86346228794463,10.5 -122.2957554360562,37.86352542839894,10.5 -122.2956744311917,37.86325679446211,10.5 -122.295591700343,37.86327453181551,10.5 
								</coordinates>
							</LinearRing>
						</outerBoundaryIs>
					</Polygon>
				</Placemark>
				<Placemark>
					<name>2740 SHASTA Rd</name>
					<description><![CDATA[<b>2740 SHASTA Rd</b><br/><b>Units:</b> 0<br/><b>VLI Units:</b> 0<br/><b>Stories:</b> 3<br/><b>Height:</b> 10.5m<br/><b>Status:</b> In Review<br/><i>(height estimated from units)</i>]]></description>
					<styleUrl>#style_In_Review_parcel58</styleUrl>
					<Polygon>
						<extrude>1</extrude>
						<altitudeMode>relativeToGround</altitudeMode>
						<outerBoundaryIs>
							<LinearRing>
								<coordinates>
									-122.2579708371979,37.88654290907646,10.5 -122.2579067509549,37.88625133656897,10.5 -122.2579752006197,37.88621338127207,10.5 -122.2583240855227,37.88601988672094,10.5 -122.2583538195581,37.88605009238004,10.5 -122.2584307602861,37.88612825196846,10.5 -122.2584307659085,37.88612825831292,10.5 -122.2584859767301,37.88618433459213,10.5 -122.2585260406167,37.88622504129849,10.5 -122.2585374466151,37.88623662890824,10.5 -122.2585909013661,37.88629092845228,10.5 -122.258693761313,37.88677454261325,10.5 -122.2585895934608,37.88676648249412,10.5 -122.2584973632489,37.88675000553771,10.5 -122.2583682100211,37.88671141170391,10.5 -122.2583000149726,37.88668495913674,10.5 -122.2582122475448,37.88663819793578,10.5 -122.2581054890759,37.88659378471049,10.5 -122.2579747581975,37.88656139128314,10.5 -122.2579708371979,37.88654290907646,10.5 
								</coordinates>
							</LinearRing>
						</outerBoundaryIs>
					</Polygon>
				</Placemark>
				<Placemark>
					<name>2143 BLAKE St</name>
					<description><![CDATA[<b>2143 BLAKE St</b><br/><b>Units:</b> 0<br/><b>VLI Units:</b> 0<br/><b>Stories:</b> 3<br/><b>Height:</b> 10.5m<br/><b>Status:</b> Application Submitted<br/><i>(height estimated from units)</i>]]></description>
					<styleUrl>#style_Application_Submitted_parcel4</styleUrl>
					<Polygon>
						<extrude>1</extrude>
						<altitudeMode>relativeToGround</altitudeMode>
						<outerBoundaryIs>
							<LinearRing>
								<coordinates>
									-122.2653979201759,37.86339077239495,10.5 -122.2655101559326,37.86337536289597,10.5 -122.2655632483527,37.86364100125797,10.5 -122.2654492678771,37.86365576180536,10.5 -122.2653979201759,37.86339077239495,10.5 
								</coordinates>
							</LinearRing>
						</outerBoundaryIs>
					</Polygon>
				</Placemark>
				<Placemark>
					<name>411 VASSAR Ave</name>
					<description><![CDATA[<b>411 VASSAR Ave</b><br/><b>Units:</b> 0<br/><b>VLI Units:</b> 0<br/><b>Stories:</b> 3<br/><b>Height:</b> 10.5m<br/><b>Status:</b> Application Submitted<br/><i>(height estimated from units)</i>]]></description>
					<styleUrl>#style_Application_Submitted_parcel4</styleUrl>
					<Polygon>
						<extrude>1</extrude>
						<altitudeMode>relativeToGround</altitudeMode>
						<outerBoundaryIs>
							<LinearRing>
								<coordinates>
									-122.2721223724031,37.9044153763826,10.5 -122.272293347219,37.9041717856449,10.5 -122.2724424290066,37.90424507791309,10.5 -122.2722783108293,37.90448513585587,10.5 -122.2721223724031,37.9044153763826,10.5 
								</coordinates>
							</LinearRing>
						</outerBoundaryIs>
					</Polygon>
				</Placemark>
				<Placemark>
					<name>1048 Keith St</name>
					<description><![CDATA[<b>1048 Keith St</b><br/><b>Units:</b> 0<br/><b>VLI Units:</b> 0<br/><b>Stories:</b> 3<br/><b>Height:</b> 10.5m<br/><b>Status:</b> Entitled<br/><i>(height estimated from units)</i>]]></description>
					<styleUrl>#style_Entitled_synthetic</styleUrl>
					<Polygon>
						<extrude>1</extrude>
						<altitudeMode>relativeToGround</altitudeMode>
						<outerBoundaryIs>
							<LinearRing>
								<coordinates>
									-122.2638953026801,37.8891697231143,10.5 -122.2639501342187,37.88956364621551,10.5 -122.2643440573199,37.8894756568857,10.5 -122.2642892257813,37.88908173378449,10.5 -122.2638953026801,37.8891697231143,10.5 
								</coordinates>
							</LinearRing>
						</outerBoundaryIs>
					</Polygon>
				</Placemark>
				<Placemark>
					<name>811 Cedar</name>
					<description><![CDATA[<b>811 Cedar</b><br/><b>Units:</b> 0<br/><b>VLI Units:</b> 0<br/><b>Stories:</b> 2<br/><b>Height:</b> 7.0m<br/><b>Status:</b> Entitled]]></description>
					<styleUrl>#style_Entitled_synthetic</styleUrl>
					<Polygon>
						<extrude>1</extrude>
						<altitudeMode>relativeToGround</altitudeMode>
						<outerBoundaryIs>
							<LinearRing>
								<coordinates>
									-122.2999636626801,37.8739986131143,7 -122.3000184942187,37.87439253621551,7 -122.3004124173199,37.8743045468857,7 -122.3003575857813,37.8739106237845,7 -122.2999636626801,37.8739986131143,7 
								</coordinates>
							</LinearRing>
						</outerBoundaryIs>
					</Polygon>
				</Placemark>
				<Placemark>
					<name>1627 Jaynes St</name>
					<description><![CDATA[<b>1627 Jaynes St</b><br/><b>Units:</b> 0<br/><b>VLI Units:</b> 0<br/><b>Stories:</b> 3<br/><b>Height:</b> 10.5m<br/><b>Status:</b> Entitled]]></description>
					<styleUrl>#style_Entitled_parcel6</styleUrl>
					<Polygon>
						<extrude>1</extrude>
						<altitudeMode>relativeToGround</altitudeMode>
						<outerBoundaryIs>
							<LinearRing>
								<coordinates>
									-122.2795374438006,37.87834412351837,10.5 -122.2794761352652,37.8782441051763,10.5 -122.2793714043297,37.87806783046049,10.5 -122.2794992503154,37.87805216981601,10.5 -122.2796828783408,37.87841198209196,10.5 -122.2796536881283,37.87842272172306,10.5 -122.2795970204728,37.87844416637996,10.5 -122.2795374438006,37.87834412351837,10.5 
								</coordinates>
							</LinearRing>
						</outerBoundaryIs>
					</Polygon>
				</Placemark>
				<Placemark>
					<name>2705 BENVENUE Ave</name>
					<description><![CDATA[<b>2705 BENVENUE Ave</b><br/><b>Units:</b> -1<br/><b>VLI Units:</b> 0<br/><b>Stories:</b> 3<br/><b>Height:</b> 10.5m<br/><b>Status:</b> In Review<br/><i>(height estimated from units)</i>]]></description>
					<styleUrl>#style_In_Review_parcel58</styleUrl>
					<Polygon>
						<extrude>1</extrude>
						<altitudeMode>relativeToGround</altitudeMode>
						<outerBoundaryIs>
							<LinearRing>
								<coordinates>
									-122.2542656457475,37.86140259788645,10.5 -122.254625398627,37.86137871225898,10.5 -122.2546406536107,37.86151101218565,10.5 -122.2542773723538,37.86153220588187,10.5 -122.2542656457475,37.86140259788645,10.5 
								</coordinates>
							</LinearRing>
						</outerBoundaryIs>
					</Polygon>
				</Placemark>
			</Folder>
		</Document>
	</Folder>
</Document>
</kml>
