<?xml version="1.0" encoding="UTF-8"?>
<kml xmlns="http://www.opengis.net/kml/2.2"><Document>
  <name>ADU + Middle Housing</name><open>1</open>
  <Style id="t1"><LineStyle><color>ff78dc5a</color><width>1</width></LineStyle><PolyStyle><color>bf78dc5a</color></PolyStyle><IconStyle><scale>0</scale></IconStyle><LabelStyle><scale>0</scale></LabelStyle></Style>
  <Style id="t2"><LineStyle><color>ffe3c800</color><width>1</width></LineStyle><PolyStyle><color>bfe3c800</color></PolyStyle><IconStyle><scale>0</scale></IconStyle><LabelStyle><scale>0</scale></LabelStyle></Style>
  <Style id="t3"><LineStyle><color>ffe16496</color><width>1</width></LineStyle><PolyStyle><color>bfe16496</color></PolyStyle><IconStyle><scale>0</scale></IconStyle><LabelStyle><scale>0</scale></LabelStyle></Style>
  <Style id="t4"><LineStyle><color>ff288cff</color><width>1</width></LineStyle><PolyStyle><color>bf288cff</color></PolyStyle><IconStyle><scale>0</scale></IconStyle><LabelStyle><scale>0</scale></LabelStyle></Style>
  <Folder><name>ADU (651)</name>
    <Placemark><name>3001 BENVENUE Ave · ADU</name><styleUrl>#t1</styleUrl><Polygon><extrude>1</extrude><altitudeMode>relativeToGround</altitudeMode><outerBoundaryIs><LinearRing><coordinates>-122.253773,37.855787,4 -122.253636,37.855787,4 -122.253636,37.855894,4 -122.253773,37.855894,4 -122.253773,37.855787,4</coordinates></LinearRing></outerBoundaryIs></Polygon></Placemark>
    <Placemark><name>40 HILL Rd · ADU</name><styleUrl>#t1</styleUrl><Polygon><extrude>1</extrude><altitudeMode>relativeToGround</altitudeMode><outerBoundaryIs><LinearRing><coordinates>-122.251394,37.889276,4 -122.251257,37.889276,4 -122.251257,37.889383,4 -122.251394,37.889383,4 -122.251394,37.889276,4</coordinates></LinearRing></outerBoundaryIs></Polygon></Placemark>
    <Placemark><name>5 W PARNASSUS Ct · ADU</name><styleUrl>#t1</styleUrl><Polygon><extrude>1</extrude><altitudeMode>relativeToGround</altitudeMode><outerBoundaryIs><LinearRing><coordinates>-122.254114,37.881035,4 -122.253978,37.881035,4 -122.253978,37.881143,4 -122.254114,37.881143,4 -122.254114,37.881035,4</coordinates></LinearRing></outerBoundaryIs></Polygon></Placemark>
    <Placemark><name>0 LE ROY Ave · ADU</name><styleUrl>#t1</styleUrl><Polygon><extrude>1</extrude><altitudeMode>relativeToGround</altitudeMode><outerBoundaryIs><LinearRing><coordinates>-122.260255,37.882418,4 -122.260119,37.882418,4 -122.260119,37.882526,4 -122.260255,37.882526,4 -122.260255,37.882418,4</coordinates></LinearRing></outerBoundaryIs></Polygon></Placemark>
    <Placemark><name>2328 GRANT St · ADU</name><styleUrl>#t1</styleUrl><Polygon><extrude>1</extrude><altitudeMode>relativeToGround</altitudeMode><outerBoundaryIs><LinearRing><coordinates>-122.275095,37.865765,4 -122.274958,37.865765,4 -122.274958,37.865873,4 -122.275095,37.865873,4 -122.275095,37.865765,4</coordinates></LinearRing></outerBoundaryIs></Polygon></Placemark>
    <Placemark><name>1939 MARIN Ave · ADU</name><styleUrl>#t1</styleUrl><Polygon><extrude>1</extrude><altitudeMode>relativeToGround</altitudeMode><outerBoundaryIs><LinearRing><coordinates>-122.274907,37.889580,4 -122.274770,37.889580,4 -122.274770,37.889687,4 -122.274907,37.889687,4 -122.274907,37.889580,4</coordinates></LinearRing></outerBoundaryIs></Polygon></Placemark>
    <Placemark><name>1731 ADDISON St · ADU</name><styleUrl>#t1</styleUrl><Polygon><extrude>1</extrude><altitudeMode>relativeToGround</altitudeMode><outerBoundaryIs><LinearRing><coordinates>-122.276114,37.870392,4 -122.275977,37.870392,4 -122.275977,37.870500,4 -122.276114,37.870500,4 -122.276114,37.870392,4</coordinates></LinearRing></outerBoundaryIs></Polygon></Placemark>
    <Placemark><name>1420 FIFTH St · ADU</name><styleUrl>#t1</styleUrl><Polygon><extrude>1</extrude><altitudeMode>relativeToGround</altitudeMode><outerBoundaryIs><LinearRing><coordinates>-122.302020,37.876495,4 -122.301884,37.876495,4 -122.301884,37.876603,4 -122.302020,37.876603,4 -122.302020,37.876495,4</coordinates></LinearRing></outerBoundaryIs></Polygon></Placemark>
    <Placemark><name>1139 KEELER Ave · ADU</name><styleUrl>#t1</styleUrl><Polygon><extrude>1</extrude><altitudeMode>relativeToGround</altitudeMode><outerBoundaryIs><LinearRing><coordinates>-122.257644,37.889652,4 -122.257507,37.889652,4 -122.257507,37.889760,4 -122.257644,37.889760,4 -122.257644,37.889652,4</coordinates></LinearRing></outerBoundaryIs></Polygon></Placemark>
    <Placemark><name>1111 ALLSTON Way · ADU</name><styleUrl>#t1</styleUrl><Polygon><extrude>1</extrude><altitudeMode>relativeToGround</altitudeMode><outerBoundaryIs><LinearRing><coordinates>-122.290652,37.866687,4 -122.290516,37.866687,4 -122.290516,37.866795,4 -122.290652,37.866795,4 -122.290652,37.866687,4</coordinates></LinearRing></outerBoundaryIs></Polygon></Placemark>
    <Placemark><name>659 GRIZZLY PEAK Blvd · ADU</name><styleUrl>#t1</styleUrl><Polygon><extrude>1</extrude><altitudeMode>relativeToGround</altitudeMode><outerBoundaryIs><LinearRing><coordinates>-122.265530,37.900071,4 -122.265394,37.900071,4 -122.265394,37.900179,4 -122.265530,37.900179,4 -122.265530,37.900071,4</coordinates></LinearRing></outerBoundaryIs></Polygon></Placemark>
    <Placemark><name>1136 KEITH Ave · ADU</name><styleUrl>#t1</styleUrl><Polygon><extrude>1</extrude><altitudeMode>relativeToGround</altitudeMode><outerBoundaryIs><LinearRing><coordinates>-122.260590,37.888436,4 -122.260453,37.888436,4 -122.260453,37.888544,4 -122.260590,37.888544,4 -122.260590,37.888436,4</coordinates></LinearRing></outerBoundaryIs></Polygon></Placemark>
    <Placemark><name>3036 REGENT St · ADU</name><styleUrl>#t1</styleUrl><Polygon><extrude>1</extrude><altitudeMode>relativeToGround</altitudeMode><outerBoundaryIs><LinearRing><coordinates>-122.256611,37.854140,4 -122.256474,37.854140,4 -122.256474,37.854248,4 -122.256611,37.854248,4 -122.256611,37.854140,4</coordinates></LinearRing></outerBoundaryIs></Polygon></Placemark>
    <Placemark><name>2145 GRANT St · ADU</name><styleUrl>#t1</styleUrl><Polygon><extrude>1</extrude><altitudeMode>relativeToGround</altitudeMode><outerBoundaryIs><LinearRing><coordinates>-122.274730,37.868865,4 -122.274593,37.868865,4 -122.274593,37.868972,4 -122.274730,37.868972,4 -122.274730,37.868865,4</coordinates></LinearRing></outerBoundaryIs></Polygon></Placemark>
    <Placemark><name>1621 SACRAMENTO St · ADU</name><styleUrl>#t1</styleUrl><Polygon><extrude>1</extrude><altitudeMode>relativeToGround</altitudeMode><outerBoundaryIs><LinearRing><coordinates>-122.282313,37.876023,4 -122.282177,37.876023,4 -122.282177,37.876131,4 -122.282313,37.876131,4 -122.282313,37.876023,4</coordinates></LinearRing></outerBoundaryIs></Polygon></Placemark>
    <Placemark><name>2820 San Pablo · ADU</name><styleUrl>#t1</styleUrl><Polygon><extrude>1</extrude><altitudeMode>relativeToGround</altitudeMode><outerBoundaryIs><LinearRing><coordinates>-122.288189,37.855248,4 -122.288052,37.855248,4 -122.288052,37.855356,4 -122.288189,37.855356,4 -122.288189,37.855248,4</coordinates></LinearRing></outerBoundaryIs></Polygon></Placemark>
    <Placemark><name>0 PARKER St · ADU</name><styleUrl>#t1</styleUrl><Polygon><extrude>1</extrude><altitudeMode>relativeToGround</altitudeMode><outerBoundaryIs><LinearRing><coordinates>-122.267068,37.859946,4 -122.266932,37.859946,4 -122.266932,37.860054,4 -122.267068,37.860054,4 -122.267068,37.859946,4</coordinates></LinearRing></outerBoundaryIs></Polygon></Placemark>
    <Placemark><name>1609 FIFTH St · ADU</name><styleUrl>#t1</styleUrl><Polygon><extrude>1</extrude><altitudeMode>relativeToGround</altitudeMode><outerBoundaryIs><LinearRing><coordinates>-122.300407,37.873461,4 -122.300271,37.873461,4 -122.300271,37.873569,4 -122.300407,37.873569,4 -122.300407,37.873461,4</coordinates></LinearRing></outerBoundaryIs></Polygon></Placemark>
    <Placemark><name>1822 WOOLSEY St · ADU</name><styleUrl>#t1</styleUrl><Polygon><extrude>1</extrude><altitudeMode>relativeToGround</altitudeMode><outerBoundaryIs><LinearRing><coordinates>-122.271819,37.851196,4 -122.271683,37.851196,4 -122.271683,37.851304,4 -122.271819,37.851304,4 -122.271819,37.851196,4</coordinates></LinearRing></outerBoundaryIs></Polygon></Placemark>
    <Placemark><name>1912 STUART St · ADU</name><styleUrl>#t1</styleUrl><Polygon><extrude>1</extrude><altitudeMode>relativeToGround</altitudeMode><outerBoundaryIs><LinearRing><coordinates>-122.270875,37.857684,4 -122.270739,37.857684,4 -122.270739,37.857792,4 -122.270875,37.857792,4 -122.270875,37.857684,4</coordinates></LinearRing></outerBoundaryIs></Polygon></Placemark>
    <Placemark><name>2024 Prince Street · ADU</name><styleUrl>#t1</styleUrl><Polygon><extrude>1</extrude><altitudeMode>relativeToGround</altitudeMode><outerBoundaryIs><LinearRing><coordinates>-122.267021,37.852723,4 -122.266885,37.852723,4 -122.266885,37.852831,4 -122.267021,37.852831,4 -122.267021,37.852723,4</coordinates></LinearRing></outerBoundaryIs></Polygon></Placemark>
    <Placemark><name>2150 RUSSELL St · ADU</name><styleUrl>#t1</styleUrl><Polygon><extrude>1</extrude><altitudeMode>relativeToGround</altitudeMode><outerBoundaryIs><LinearRing><coordinates>-122.264254,37.856776,4 -122.264117,37.856776,4 -122.264117,37.856884,4 -122.264254,37.856884,4 -122.264254,37.856776,4</coordinates></LinearRing></outerBoundaryIs></Polygon></Placemark>
    <Placemark><name>2422 CALIFORNIA St · ADU</name><styleUrl>#t1</styleUrl><Polygon><extrude>1</extrude><altitudeMode>relativeToGround</altitudeMode><outerBoundaryIs><LinearRing><coordinates>-122.279455,37.863383,4 -122.279318,37.863383,4 -122.279318,37.863491,4 -122.279455,37.863491,4 -122.279455,37.863383,4</coordinates></LinearRing></outerBoundaryIs></Polygon></Placemark>
    <Placemark><name>2425 Prospect St · ADU</name><styleUrl>#t1</styleUrl><Polygon><extrude>1</extrude><altitudeMode>relativeToGround</altitudeMode><outerBoundaryIs><LinearRing><coordinates>-122.249363,37.866466,4 -122.249226,37.866466,4 -122.249226,37.866573,4 -122.249363,37.866573,4 -122.249363,37.866466,4</coordinates></LinearRing></outerBoundaryIs></Polygon></Placemark>
    <Placemark><name>2818 Webster St · ADU</name><styleUrl>#t1</styleUrl><Polygon><extrude>1</extrude><altitudeMode>relativeToGround</altitudeMode><outerBoundaryIs><LinearRing><coordinates>-122.249508,37.855662,4 -122.249371,37.855662,4 -122.249371,37.855769,4 -122.249508,37.855769,4 -122.249508,37.855662,4</coordinates></LinearRing></outerBoundaryIs></Polygon></Placemark>
    <Placemark><name>626 Peralta Ave · ADU</name><styleUrl>#t1</styleUrl><Polygon><extrude>1</extrude><altitudeMode>relativeToGround</altitudeMode><outerBoundaryIs><LinearRing><coordinates>-122.285868,37.895889,4 -122.285731,37.895889,4 -122.285731,37.895997,4 -122.285868,37.895997,4 -122.285868,37.895889,4</coordinates></LinearRing></outerBoundaryIs></Polygon></Placemark>
    <Placemark><name>844 Miramar Ave · ADU</name><styleUrl>#t1</styleUrl><Polygon><extrude>1</extrude><altitudeMode>relativeToGround</altitudeMode><outerBoundaryIs><LinearRing><coordinates>-122.285177,37.891919,4 -122.285040,37.891919,4 -122.285040,37.892027,4 -122.285177,37.892027,4 -122.285177,37.891919,4</coordinates></LinearRing></outerBoundaryIs></Polygon></Placemark>
    <Placemark><name>921 ENSENADA Ave · ADU</name><styleUrl>#t1</styleUrl><Polygon><extrude>1</extrude><altitudeMode>relativeToGround</altitudeMode><outerBoundaryIs><LinearRing><coordinates>-122.280947,37.890610,4 -122.280810,37.890610,4 -122.280810,37.890718,4 -122.280947,37.890718,4 -122.280947,37.890610,4</coordinates></LinearRing></outerBoundaryIs></Polygon></Placemark>
    <Placemark><name>0 Cragmont Ave · ADU</name><styleUrl>#t1</styleUrl><Polygon><extrude>1</extrude><altitudeMode>relativeToGround</altitudeMode><outerBoundaryIs><LinearRing><coordinates>-122.258593,37.888598,4 -122.258457,37.888598,4 -122.258457,37.888706,4 -122.258593,37.888706,4 -122.258593,37.888598,4</coordinates></LinearRing></outerBoundaryIs></Polygon></Placemark>
    <Placemark><name>2312 Eighth St · ADU</name><styleUrl>#t1</styleUrl><Polygon><extrude>1</extrude><altitudeMode>relativeToGround</altitudeMode><outerBoundaryIs><LinearRing><coordinates>-122.294337,37.863412,4 -122.294200,37.863412,4 -122.294200,37.863520,4 -122.294337,37.863520,4 -122.294337,37.863412,4</coordinates></LinearRing></outerBoundaryIs></Polygon></Placemark>
    <Placemark><name>1709 Sacramento St · ADU</name><styleUrl>#t1</styleUrl><Polygon><extrude>1</extrude><altitudeMode>relativeToGround</altitudeMode><outerBoundaryIs><LinearRing><coordinates>-122.281952,37.874474,4 -122.281815,37.874474,4 -122.281815,37.874582,4 -122.281952,37.874582,4 -122.281952,37.874474,4</coordinates></LinearRing></outerBoundaryIs></Polygon></Placemark>
    <Placemark><name>2419 Jefferson Ave · ADU</name><styleUrl>#t1</styleUrl><Polygon><extrude>1</extrude><altitudeMode>relativeToGround</altitudeMode><outerBoundaryIs><LinearRing><coordinates>-122.277629,37.863683,4 -122.277492,37.863683,4 -122.277492,37.863790,4 -122.277629,37.863790,4 -122.277629,37.863683,4</coordinates></LinearRing></outerBoundaryIs></Polygon></Placemark>
    <Placemark><name>1700 Walnut St · ADU</name><styleUrl>#t1</styleUrl><Polygon><extrude>1</extrude><altitudeMode>relativeToGround</altitudeMode><outerBoundaryIs><LinearRing><coordinates>-122.268097,37.876531,4 -122.267960,37.876531,4 -122.267960,37.876639,4 -122.268097,37.876639,4 -122.268097,37.876531,4</coordinates></LinearRing></outerBoundaryIs></Polygon></Placemark>
    <Placemark><name>2723 Forest Ave · ADU</name><styleUrl>#t1</styleUrl><Polygon><extrude>1</extrude><altitudeMode>relativeToGround</altitudeMode><outerBoundaryIs><LinearRing><coordinates>-122.252472,37.861621,4 -122.252335,37.861621,4 -122.252335,37.861729,4 -122.252472,37.861729,4 -122.252472,37.861621,4</coordinates></LinearRing></outerBoundaryIs></Polygon></Placemark>
    <Placemark><name>28 Hopkins Ct · ADU</name><styleUrl>#t1</styleUrl><Polygon><extrude>1</extrude><altitudeMode>relativeToGround</altitudeMode><outerBoundaryIs><LinearRing><coordinates>-122.283253,37.881589,4 -122.283117,37.881589,4 -122.283117,37.881697,4 -122.283253,37.881697,4 -122.283253,37.881589,4</coordinates></LinearRing></outerBoundaryIs></Polygon></Placemark>
    <Placemark><name>35 Hillcrest Rd · ADU</name><styleUrl>#t1</styleUrl><Polygon><extrude>1</extrude><altitudeMode>relativeToGround</altitudeMode><outerBoundaryIs><LinearRing><coordinates>-122.247877,37.852711,4 -122.247741,37.852711,4 -122.247741,37.852819,4 -122.247877,37.852819,4 -122.247877,37.852711,4</coordinates></LinearRing></outerBoundaryIs></Polygon></Placemark>
    <Placemark><name>483 Boynton Ave · ADU</name><styleUrl>#t1</styleUrl><Polygon><extrude>1</extrude><altitudeMode>relativeToGround</altitudeMode><outerBoundaryIs><LinearRing><coordinates>-122.274445,37.901347,4 -122.274309,37.901347,4 -122.274309,37.901455,4 -122.274445,37.901455,4 -122.274445,37.901347,4</coordinates></LinearRing></outerBoundaryIs></Polygon></Placemark>
    <Placemark><name>469 Kentucky Ave · ADU</name><styleUrl>#t1</styleUrl><Polygon><extrude>1</extrude><altitudeMode>relativeToGround</altitudeMode><outerBoundaryIs><LinearRing><coordinates>-122.271867,37.902154,4 -122.271731,37.902154,4 -122.271731,37.902262,4 -122.271867,37.902262,4 -122.271867,37.902154,4</coordinates></LinearRing></outerBoundaryIs></Polygon></Placemark>
    <Placemark><name>1386 Curtis St · ADU</name><styleUrl>#t1</styleUrl><Polygon><extrude>1</extrude><altitudeMode>relativeToGround</altitudeMode><outerBoundaryIs><LinearRing><coordinates>-122.291309,37.878886,4 -122.291173,37.878886,4 -122.291173,37.878993,4 -122.291309,37.878993,4 -122.291309,37.878886,4</coordinates></LinearRing></outerBoundaryIs></Polygon></Placemark>
    <Placemark><name>1429 Bancroft Way · ADU</name><styleUrl>#t1</styleUrl><Polygon><extrude>1</extrude><altitudeMode>relativeToGround</altitudeMode><outerBoundaryIs><LinearRing><coordinates>-122.282510,37.865961,4 -122.282373,37.865961,4 -122.282373,37.866069,4 -122.282510,37.866069,4 -122.282510,37.865961,4</coordinates></LinearRing></outerBoundaryIs></Polygon></Placemark>
    <Placemark><name>151 Tunnel Rd · ADU</name><styleUrl>#t1</styleUrl><Polygon><extrude>1</extrude><altitudeMode>relativeToGround</altitudeMode><outerBoundaryIs><LinearRing><coordinates>-122.238157,37.855468,4 -122.238021,37.855468,4 -122.238021,37.855575,4 -122.238157,37.855575,4 -122.238157,37.855468,4</coordinates></LinearRing></outerBoundaryIs></Polygon></Placemark>
    <Placemark><name>1625 SEVENTH St · ADU</name><styleUrl>#t1</styleUrl><Polygon><extrude>1</extrude><altitudeMode>relativeToGround</altitudeMode><outerBoundaryIs><LinearRing><coordinates>-122.298051,37.873396,4 -122.297914,37.873396,4 -122.297914,37.873504,4 -122.298051,37.873504,4 -122.298051,37.873396,4</coordinates></LinearRing></outerBoundaryIs></Polygon></Placemark>
    <Placemark><name>2516 Mathews St · ADU</name><styleUrl>#t1</styleUrl><Polygon><extrude>1</extrude><altitudeMode>relativeToGround</altitudeMode><outerBoundaryIs><LinearRing><coordinates>-122.287549,37.860690,4 -122.287412,37.860690,4 -122.287412,37.860798,4 -122.287549,37.860798,4 -122.287549,37.860690,4</coordinates></LinearRing></outerBoundaryIs></Polygon></Placemark>
    <Placemark><name>1725 BERKELEY Way · ADU</name><styleUrl>#t1</styleUrl><Polygon><extrude>1</extrude><altitudeMode>relativeToGround</altitudeMode><outerBoundaryIs><LinearRing><coordinates>-122.276644,37.872217,4 -122.276508,37.872217,4 -122.276508,37.872325,4 -122.276644,37.872325,4 -122.276644,37.872217,4</coordinates></LinearRing></outerBoundaryIs></Polygon></Placemark>
    <Placemark><name>2610 Warring St · ADU</name><styleUrl>#t1</styleUrl><Polygon><extrude>1</extrude><altitudeMode>relativeToGround</altitudeMode><outerBoundaryIs><LinearRing><coordinates>-122.250665,37.863563,4 -122.250528,37.863563,4 -122.250528,37.863670,4 -122.250665,37.863670,4 -122.250665,37.863563,4</coordinates></LinearRing></outerBoundaryIs></Polygon></Placemark>
    <Placemark><name>3216 California St · ADU</name><styleUrl>#t1</styleUrl><Polygon><extrude>1</extrude><altitudeMode>relativeToGround</altitudeMode><outerBoundaryIs><LinearRing><coordinates>-122.276311,37.849149,4 -122.276175,37.849149,4 -122.276175,37.849256,4 -122.276311,37.849256,4 -122.276311,37.849149,4</coordinates></LinearRing></outerBoundaryIs></Polygon></Placemark>
    <Placemark><name>85 Hazel Rd · ADU</name><styleUrl>#t1</styleUrl><Polygon><extrude>1</extrude><altitudeMode>relativeToGround</altitudeMode><outerBoundaryIs><LinearRing><coordinates>-122.244782,37.856647,4 -122.244645,37.856647,4 -122.244645,37.856755,4 -122.244782,37.856755,4 -122.244782,37.856647,4</coordinates></LinearRing></outerBoundaryIs></Polygon></Placemark>
    <Placemark><name>886 Arlington Ave · ADU</name><styleUrl>#t1</styleUrl><Polygon><extrude>1</extrude><altitudeMode>relativeToGround</altitudeMode><outerBoundaryIs><LinearRing><coordinates>-122.274715,37.892158,4 -122.274579,37.892158,4 -122.274579,37.892266,4 -122.274715,37.892266,4 -122.274715,37.892158,4</coordinates></LinearRing></outerBoundaryIs></Polygon></Placemark>
    <Placemark><name>1027 BANCROFT Way · ADU</name><styleUrl>#t1</styleUrl><Polygon><extrude>1</extrude><altitudeMode>relativeToGround</altitudeMode><outerBoundaryIs><LinearRing><coordinates>-122.291747,37.864596,4 -122.291610,37.864596,4 -122.291610,37.864704,4 -122.291747,37.864704,4 -122.291747,37.864596,4</coordinates></LinearRing></outerBoundaryIs></Polygon></Placemark>
    <Placemark><name>1340 QUEENS Rd · ADU</name><styleUrl>#t1</styleUrl><Polygon><extrude>1</extrude><altitudeMode>relativeToGround</altitudeMode><outerBoundaryIs><LinearRing><coordinates>-122.252740,37.885204,4 -122.252604,37.885204,4 -122.252604,37.885311,4 -122.252740,37.885311,4 -122.252740,37.885204,4</coordinates></LinearRing></outerBoundaryIs></Polygon></Placemark>
    <Placemark><name>2164 OREGON St · ADU</name><styleUrl>#t1</styleUrl><Polygon><extrude>1</extrude><altitudeMode>relativeToGround</altitudeMode><outerBoundaryIs><LinearRing><coordinates>-122.264716,37.857604,4 -122.264579,37.857604,4 -122.264579,37.857711,4 -122.264716,37.857711,4 -122.264716,37.857604,4</coordinates></LinearRing></outerBoundaryIs></Polygon></Placemark>
    <Placemark><name>2215 ROOSEVELT · ADU</name><styleUrl>#t1</styleUrl><Polygon><extrude>1</extrude><altitudeMode>relativeToGround</altitudeMode><outerBoundaryIs><LinearRing><coordinates>-122.275781,37.867932,4 -122.275644,37.867932,4 -122.275644,37.868040,4 -122.275781,37.868040,4 -122.275781,37.867932,4</coordinates></LinearRing></outerBoundaryIs></Polygon></Placemark>
    <Placemark><name>2331 Spaulding Ave · ADU</name><styleUrl>#t1</styleUrl><Polygon><extrude>1</extrude><altitudeMode>relativeToGround</altitudeMode><outerBoundaryIs><LinearRing><coordinates>-122.280039,37.864775,4 -122.279902,37.864775,4 -122.279902,37.864883,4 -122.280039,37.864883,4 -122.280039,37.864775,4</coordinates></LinearRing></outerBoundaryIs></Polygon></Placemark>
    <Placemark><name>3002 HARPER St · ADU</name><styleUrl>#t1</styleUrl><Polygon><extrude>1</extrude><altitudeMode>relativeToGround</altitudeMode><outerBoundaryIs><LinearRing><coordinates>-122.272534,37.853813,4 -122.272397,37.853813,4 -122.272397,37.853920,4 -122.272534,37.853920,4 -122.272534,37.853813,4</coordinates></LinearRing></outerBoundaryIs></Polygon></Placemark>
    <Placemark><name>1154 Josephine St · ADU</name><styleUrl>#t1</styleUrl><Polygon><extrude>1</extrude><altitudeMode>relativeToGround</altitudeMode><outerBoundaryIs><LinearRing><coordinates>-122.276224,37.885799,4 -122.276087,37.885799,4 -122.276087,37.885907,4 -122.276224,37.885907,4 -122.276224,37.885799,4</coordinates></LinearRing></outerBoundaryIs></Polygon></Placemark>
    <Placemark><name>1446 Campus Dr · ADU</name><styleUrl>#t1</styleUrl><Polygon><extrude>1</extrude><altitudeMode>relativeToGround</altitudeMode><outerBoundaryIs><LinearRing><coordinates>-122.253128,37.882897,4 -122.252992,37.882897,4 -122.252992,37.883005,4 -122.253128,37.883005,4 -122.253128,37.882897,4</coordinates></LinearRing></outerBoundaryIs></Polygon></Placemark>
    <Placemark><name>15 Hillcrest Rd · ADU</name><styleUrl>#t1</styleUrl><Polygon><extrude>1</extrude><altitudeMode>relativeToGround</altitudeMode><outerBoundaryIs><LinearRing><coordinates>-122.248380,37.853140,4 -122.248244,37.853140,4 -122.248244,37.853248,4 -122.248380,37.853248,4 -122.248380,37.853140,4</coordinates></LinearRing></outerBoundaryIs></Polygon></Placemark>
    <Placemark><name>1655 Belvedere Ave · ADU</name><styleUrl>#t1</styleUrl><Polygon><extrude>1</extrude><altitudeMode>relativeToGround</altitudeMode><outerBoundaryIs><LinearRing><coordinates>-122.289171,37.874187,4 -122.289035,37.874187,4 -122.289035,37.874294,4 -122.289171,37.874294,4 -122.289171,37.874187,4</coordinates></LinearRing></outerBoundaryIs></Polygon></Placemark>
    <Placemark><name>1655 Tenth St · ADU</name><styleUrl>#t1</styleUrl><Polygon><extrude>1</extrude><altitudeMode>relativeToGround</altitudeMode><outerBoundaryIs><LinearRing><coordinates>-122.294505,37.873355,4 -122.294369,37.873355,4 -122.294369,37.873462,4 -122.294505,37.873462,4 -122.294505,37.873355,4</coordinates></LinearRing></outerBoundaryIs></Polygon></Placemark>
    <Placemark><name>2819 Benvenue Ave · ADU</name><styleUrl>#t1</styleUrl><Polygon><extrude>1</extrude><altitudeMode>relativeToGround</altitudeMode><outerBoundaryIs><LinearRing><coordinates>-122.254200,37.859063,4 -122.254063,37.859063,4 -122.254063,37.859171,4 -122.254200,37.859171,4 -122.254200,37.859063,4</coordinates></LinearRing></outerBoundaryIs></Polygon></Placemark>
    <Placemark><name>3120 Deakin St · ADU</name><styleUrl>#t1</styleUrl><Polygon><extrude>1</extrude><altitudeMode>relativeToGround</altitudeMode><outerBoundaryIs><LinearRing><coordinates>-122.262195,37.852797,4 -122.262059,37.852797,4 -122.262059,37.852904,4 -122.262195,37.852904,4 -122.262195,37.852797,4</coordinates></LinearRing></outerBoundaryIs></Polygon></Placemark>
    <Placemark><name>3122 Eton Ave · ADU</name><styleUrl>#t1</styleUrl><Polygon><extrude>1</extrude><altitudeMode>relativeToGround</altitudeMode><outerBoundaryIs><LinearRing><coordinates>-122.251078,37.853079,4 -122.250942,37.853079,4 -122.250942,37.853187,4 -122.251078,37.853187,4 -122.251078,37.853079,4</coordinates></LinearRing></outerBoundaryIs></Polygon></Placemark>
    <Placemark><name>956 INDIAN ROCK Ave · ADU</name><styleUrl>#t1</styleUrl><Polygon><extrude>1</extrude><altitudeMode>relativeToGround</altitudeMode><outerBoundaryIs><LinearRing><coordinates>-122.272587,37.891539,4 -122.272450,37.891539,4 -122.272450,37.891646,4 -122.272587,37.891646,4 -122.272587,37.891539,4</coordinates></LinearRing></outerBoundaryIs></Polygon></Placemark>
    <Placemark><name>1023 Cragmont Ave · ADU</name><styleUrl>#t1</styleUrl><Polygon><extrude>1</extrude><altitudeMode>relativeToGround</altitudeMode><outerBoundaryIs><LinearRing><coordinates>-122.264818,37.890450,4 -122.264681,37.890450,4 -122.264681,37.890558,4 -122.264818,37.890558,4 -122.264818,37.890450,4</coordinates></LinearRing></outerBoundaryIs></Polygon></Placemark>
    <Placemark><name>1532 Blake St · ADU</name><styleUrl>#t1</styleUrl><Polygon><extrude>1</extrude><altitudeMode>relativeToGround</altitudeMode><outerBoundaryIs><LinearRing><coordinates>-122.279262,37.861230,4 -122.279126,37.861230,4 -122.279126,37.861338,4 -122.279262,37.861338,4 -122.279262,37.861230,4</coordinates></LinearRing></outerBoundaryIs></Polygon></Placemark>
    <Placemark><name>1570 POSEN Ave · ADU</name><styleUrl>#t1</styleUrl><Polygon><extrude>1</extrude><altitudeMode>relativeToGround</altitudeMode><outerBoundaryIs><LinearRing><coordinates>-122.281775,37.884713,4 -122.281638,37.884713,4 -122.281638,37.884820,4 -122.281775,37.884820,4 -122.281775,37.884713,4</coordinates></LinearRing></outerBoundaryIs></Polygon></Placemark>
    <Placemark><name>1812 Sixty-Second St · ADU</name><styleUrl>#t1</styleUrl><Polygon><extrude>1</extrude><altitudeMode>relativeToGround</altitudeMode><outerBoundaryIs><LinearRing><coordinates>-122.270500,37.846712,4 -122.270364,37.846712,4 -122.270364,37.846820,4 -122.270500,37.846820,4 -122.270500,37.846712,4</coordinates></LinearRing></outerBoundaryIs></Polygon></Placemark>
    <Placemark><name>2206 Roosevelt Ave · ADU</name><styleUrl>#t1</styleUrl><Polygon><extrude>1</extrude><altitudeMode>relativeToGround</altitudeMode><outerBoundaryIs><LinearRing><coordinates>-122.276424,37.867948,4 -122.276288,37.867948,4 -122.276288,37.868056,4 -122.276424,37.868056,4 -122.276424,37.867948,4</coordinates></LinearRing></outerBoundaryIs></Polygon></Placemark>
    <Placemark><name>2303 GRANT St · ADU</name><styleUrl>#t1</styleUrl><Polygon><extrude>1</extrude><altitudeMode>relativeToGround</altitudeMode><outerBoundaryIs><LinearRing><coordinates>-122.274550,37.866448,4 -122.274413,37.866448,4 -122.274413,37.866556,4 -122.274550,37.866556,4 -122.274550,37.866448,4</coordinates></LinearRing></outerBoundaryIs></Polygon></Placemark>
    <Placemark><name>26 Rock Ln · ADU</name><styleUrl>#t1</styleUrl><Polygon><extrude>1</extrude><altitudeMode>relativeToGround</altitudeMode><outerBoundaryIs><LinearRing><coordinates>-122.266520,37.895571,4 -122.266384,37.895571,4 -122.266384,37.895678,4 -122.266520,37.895678,4 -122.266520,37.895571,4</coordinates></LinearRing></outerBoundaryIs></Polygon></Placemark>
    <Placemark><name>2631 WEBSTER St · ADU</name><styleUrl>#t1</styleUrl><Polygon><extrude>1</extrude><altitudeMode>relativeToGround</altitudeMode><outerBoundaryIs><LinearRing><coordinates>-122.253787,37.856186,4 -122.253651,37.856186,4 -122.253651,37.856294,4 -122.253787,37.856294,4 -122.253787,37.856186,4</coordinates></LinearRing></outerBoundaryIs></Polygon></Placemark>
    <Placemark><name>1415 Fifth St · ADU</name><styleUrl>#t1</styleUrl><Polygon><extrude>1</extrude><altitudeMode>relativeToGround</altitudeMode><outerBoundaryIs><LinearRing><coordinates>-122.301463,37.876843,4 -122.301326,37.876843,4 -122.301326,37.876951,4 -122.301463,37.876951,4 -122.301463,37.876843,4</coordinates></LinearRing></outerBoundaryIs></Polygon></Placemark>
    <Placemark><name>1071 Page St · ADU</name><styleUrl>#t1</styleUrl><Polygon><extrude>1</extrude><altitudeMode>relativeToGround</altitudeMode><outerBoundaryIs><LinearRing><coordinates>-122.295679,37.877553,4 -122.295543,37.877553,4 -122.295543,37.877660,4 -122.295679,37.877660,4 -122.295679,37.877553,4</coordinates></LinearRing></outerBoundaryIs></Polygon></Placemark>
    <Placemark><name>1067 Park Hills Rd · ADU</name><styleUrl>#t1</styleUrl><Polygon><extrude>1</extrude><altitudeMode>relativeToGround</altitudeMode><outerBoundaryIs><LinearRing><coordinates>-122.254269,37.892879,4 -122.254132,37.892879,4 -122.254132,37.892987,4 -122.254269,37.892987,4 -122.254269,37.892879,4</coordinates></LinearRing></outerBoundaryIs></Polygon></Placemark>
    <Placemark><name>1128 Parker St · ADU</name><styleUrl>#t1</styleUrl><Polygon><extrude>1</extrude><altitudeMode>relativeToGround</altitudeMode><outerBoundaryIs><LinearRing><coordinates>-122.287580,37.859260,4 -122.287444,37.859260,4 -122.287444,37.859368,4 -122.287580,37.859368,4 -122.287580,37.859260,4</coordinates></LinearRing></outerBoundaryIs></Polygon></Placemark>
    <Placemark><name>1221 Carrison St · ADU</name><styleUrl>#t1</styleUrl><Polygon><extrude>1</extrude><altitudeMode>relativeToGround</altitudeMode><outerBoundaryIs><LinearRing><coordinates>-122.285486,37.851773,4 -122.285350,37.851773,4 -122.285350,37.851881,4 -122.285486,37.851881,4 -122.285486,37.851773,4</coordinates></LinearRing></outerBoundaryIs></Polygon></Placemark>
    <Placemark><name>1326 M L King Jr Way · ADU</name><styleUrl>#t1</styleUrl><Polygon><extrude>1</extrude><altitudeMode>relativeToGround</altitudeMode><outerBoundaryIs><LinearRing><coordinates>-122.274611,37.882140,4 -122.274474,37.882140,4 -122.274474,37.882248,4 -122.274611,37.882248,4 -122.274611,37.882140,4</coordinates></LinearRing></outerBoundaryIs></Polygon></Placemark>
    <Placemark><name>1332 NEILSON St · ADU</name><styleUrl>#t1</styleUrl><Polygon><extrude>1</extrude><altitudeMode>relativeToGround</altitudeMode><outerBoundaryIs><LinearRing><coordinates>-122.289876,37.880363,4 -122.289739,37.880363,4 -122.289739,37.880470,4 -122.289876,37.880470,4 -122.289876,37.880363,4</coordinates></LinearRing></outerBoundaryIs></Polygon></Placemark>
    <Placemark><name>1380 GILMAN · ADU</name><styleUrl>#t1</styleUrl><Polygon><extrude>1</extrude><altitudeMode>relativeToGround</altitudeMode><outerBoundaryIs><LinearRing><coordinates>-122.286549,37.880390,4 -122.286413,37.880390,4 -122.286413,37.880498,4 -122.286549,37.880498,4 -122.286549,37.880390,4</coordinates></LinearRing></outerBoundaryIs></Polygon></Placemark>
    <Placemark><name>1381 Ada St · ADU</name><styleUrl>#t1</styleUrl><Polygon><extrude>1</extrude><altitudeMode>relativeToGround</altitudeMode><outerBoundaryIs><LinearRing><coordinates>-122.286011,37.878903,4 -122.285875,37.878903,4 -122.285875,37.879011,4 -122.286011,37.879011,4 -122.286011,37.878903,4</coordinates></LinearRing></outerBoundaryIs></Polygon></Placemark>
    <Placemark><name>1517 VIRGINIA · ADU</name><styleUrl>#t1</styleUrl><Polygon><extrude>1</extrude><altitudeMode>relativeToGround</altitudeMode><outerBoundaryIs><LinearRing><coordinates>-122.281640,37.875199,4 -122.281503,37.875199,4 -122.281503,37.875307,4 -122.281640,37.875307,4 -122.281640,37.875199,4</coordinates></LinearRing></outerBoundaryIs></Polygon></Placemark>
    <Placemark><name>1630 Posen Ave · ADU</name><styleUrl>#t1</styleUrl><Polygon><extrude>1</extrude><altitudeMode>relativeToGround</altitudeMode><outerBoundaryIs><LinearRing><coordinates>-122.279867,37.884207,4 -122.279731,37.884207,4 -122.279731,37.884315,4 -122.279867,37.884315,4 -122.279867,37.884207,4</coordinates></LinearRing></outerBoundaryIs></Polygon></Placemark>
    <Placemark><name>1712 M L King Jr Way · ADU</name><styleUrl>#t1</styleUrl><Polygon><extrude>1</extrude><altitudeMode>relativeToGround</altitudeMode><outerBoundaryIs><LinearRing><coordinates>-122.273784,37.875383,4 -122.273647,37.875383,4 -122.273647,37.875491,4 -122.273784,37.875491,4 -122.273784,37.875383,4</coordinates></LinearRing></outerBoundaryIs></Polygon></Placemark>
    <Placemark><name>1724 La Vereda Rd · ADU</name><styleUrl>#t1</styleUrl><Polygon><extrude>1</extrude><altitudeMode>relativeToGround</altitudeMode><outerBoundaryIs><LinearRing><coordinates>-122.255968,37.878106,4 -122.255832,37.878106,4 -122.255832,37.878214,4 -122.255968,37.878214,4 -122.255968,37.878106,4</coordinates></LinearRing></outerBoundaryIs></Polygon></Placemark>
    <Placemark><name>2335 Fifth St · ADU</name><styleUrl>#t1</styleUrl><Polygon><extrude>1</extrude><altitudeMode>relativeToGround</altitudeMode><outerBoundaryIs><LinearRing><coordinates>-122.296740,37.862104,4 -122.296603,37.862104,4 -122.296603,37.862211,4 -122.296740,37.862211,4 -122.296740,37.862104,4</coordinates></LinearRing></outerBoundaryIs></Polygon></Placemark>
    <Placemark><name>2430 Prospect St · ADU</name><styleUrl>#t1</styleUrl><Polygon><extrude>1</extrude><altitudeMode>relativeToGround</altitudeMode><outerBoundaryIs><LinearRing><coordinates>-122.250101,37.866954,4 -122.249965,37.866954,4 -122.249965,37.867061,4 -122.250101,37.867061,4 -122.250101,37.866954,4</coordinates></LinearRing></outerBoundaryIs></Polygon></Placemark>
    <Placemark><name>766 Vincente Ave · ADU</name><styleUrl>#t1</styleUrl><Polygon><extrude>1</extrude><altitudeMode>relativeToGround</altitudeMode><outerBoundaryIs><LinearRing><coordinates>-122.283102,37.894057,4 -122.282966,37.894057,4 -122.282966,37.894165,4 -122.283102,37.894165,4 -122.283102,37.894057,4</coordinates></LinearRing></outerBoundaryIs></Polygon></Placemark>
    <Placemark><name>1231 NEILSON · ADU</name><styleUrl>#t1</styleUrl><Polygon><extrude>1</extrude><altitudeMode>relativeToGround</altitudeMode><outerBoundaryIs><LinearRing><coordinates>-122.288815,37.881545,4 -122.288679,37.881545,4 -122.288679,37.881653,4 -122.288815,37.881653,4 -122.288815,37.881545,4</coordinates></LinearRing></outerBoundaryIs></Polygon></Placemark>
    <Placemark><name>1242 Kains Ave · ADU</name><styleUrl>#t1</styleUrl><Polygon><extrude>1</extrude><altitudeMode>relativeToGround</altitudeMode><outerBoundaryIs><LinearRing><coordinates>-122.295315,37.880858,4 -122.295179,37.880858,4 -122.295179,37.880966,4 -122.295315,37.880966,4 -122.295315,37.880858,4</coordinates></LinearRing></outerBoundaryIs></Polygon></Placemark>
    <Placemark><name>1305 SIXTY-SIXTH · ADU</name><styleUrl>#t1</styleUrl><Polygon><extrude>1</extrude><altitudeMode>relativeToGround</altitudeMode><outerBoundaryIs><LinearRing><coordinates>-122.282587,37.849669,4 -122.282450,37.849669,4 -122.282450,37.849777,4 -122.282587,37.849777,4 -122.282587,37.849669,4</coordinates></LinearRing></outerBoundaryIs></Polygon></Placemark>
    <Placemark><name>1449 ORDWAY St · ADU</name><styleUrl>#t1</styleUrl><Polygon><extrude>1</extrude><altitudeMode>relativeToGround</altitudeMode><outerBoundaryIs><LinearRing><coordinates>-122.287208,37.878412,4 -122.287072,37.878412,4 -122.287072,37.878520,4 -122.287208,37.878520,4 -122.287208,37.878412,4</coordinates></LinearRing></outerBoundaryIs></Polygon></Placemark>
    <Placemark><name>2433 Acton St · ADU</name><styleUrl>#t1</styleUrl><Polygon><extrude>1</extrude><altitudeMode>relativeToGround</altitudeMode><outerBoundaryIs><LinearRing><coordinates>-122.282890,37.862501,4 -122.282754,37.862501,4 -122.282754,37.862608,4 -122.282890,37.862608,4 -122.282890,37.862501,4</coordinates></LinearRing></outerBoundaryIs></Polygon></Placemark>
    <Placemark><name>2830 Cherry St · ADU</name><styleUrl>#t1</styleUrl><Polygon><extrude>1</extrude><altitudeMode>relativeToGround</altitudeMode><outerBoundaryIs><LinearRing><coordinates>-122.252574,37.858838,4 -122.252437,37.858838,4 -122.252437,37.858946,4 -122.252574,37.858946,4 -122.252574,37.858838,4</coordinates></LinearRing></outerBoundaryIs></Polygon></Placemark>
    <Placemark><name>3136 Ellis St · ADU</name><styleUrl>#t1</styleUrl><Polygon><extrude>1</extrude><altitudeMode>relativeToGround</altitudeMode><outerBoundaryIs><LinearRing><coordinates>-122.273259,37.850766,4 -122.273123,37.850766,4 -122.273123,37.850874,4 -122.273259,37.850874,4 -122.273259,37.850766,4</coordinates></LinearRing></outerBoundaryIs></Polygon></Placemark>
    <Placemark><name>1216 Haskell St · ADU</name><styleUrl>#t1</styleUrl><Polygon><extrude>1</extrude><altitudeMode>relativeToGround</altitudeMode><outerBoundaryIs><LinearRing><coordinates>-122.285306,37.850421,4 -122.285170,37.850421,4 -122.285170,37.850528,4 -122.285306,37.850528,4 -122.285306,37.850421,4</coordinates></LinearRing></outerBoundaryIs></Polygon></Placemark>
    <Placemark><name>1310 DERBY · ADU</name><styleUrl>#t1</styleUrl><Polygon><extrude>1</extrude><altitudeMode>relativeToGround</altitudeMode><outerBoundaryIs><LinearRing><coordinates>-122.284196,37.857886,4 -122.284060,37.857886,4 -122.284060,37.857994,4 -122.284196,37.857994,4 -122.284196,37.857886,4</coordinates></LinearRing></outerBoundaryIs></Polygon></Placemark>
    <Placemark><name>1701 Hopkins St · ADU</name><styleUrl>#t1</styleUrl><Polygon><extrude>1</extrude><altitudeMode>relativeToGround</altitudeMode><outerBoundaryIs><LinearRing><coordinates>-122.279437,37.883209,4 -122.279300,37.883209,4 -122.279300,37.883317,4 -122.279437,37.883317,4 -122.279437,37.883209,4</coordinates></LinearRing></outerBoundaryIs></Polygon></Placemark>
    <Placemark><name>1709 Francisco St · ADU</name><styleUrl>#t1</styleUrl><Polygon><extrude>1</extrude><altitudeMode>relativeToGround</altitudeMode><outerBoundaryIs><LinearRing><coordinates>-122.277551,37.874794,4 -122.277414,37.874794,4 -122.277414,37.874901,4 -122.277551,37.874901,4 -122.277551,37.874794,4</coordinates></LinearRing></outerBoundaryIs></Polygon></Placemark>
    <Placemark><name>1325 ALCATRAZ · ADU</name><styleUrl>#t1</styleUrl><Polygon><extrude>1</extrude><altitudeMode>relativeToGround</altitudeMode><outerBoundaryIs><LinearRing><coordinates>-122.280395,37.847796,4 -122.280259,37.847796,4 -122.280259,37.847903,4 -122.280395,37.847903,4 -122.280395,37.847796,4</coordinates></LinearRing></outerBoundaryIs></Polygon></Placemark>
    <Placemark><name>1332 MILVIA · ADU</name><styleUrl>#t1</styleUrl><Polygon><extrude>1</extrude><altitudeMode>relativeToGround</altitudeMode><outerBoundaryIs><LinearRing><coordinates>-122.272327,37.882218,4 -122.272190,37.882218,4 -122.272190,37.882326,4 -122.272327,37.882326,4 -122.272327,37.882218,4</coordinates></LinearRing></outerBoundaryIs></Polygon></Placemark>
    <Placemark><name>1428 DELAWARE St · ADU</name><styleUrl>#t1</styleUrl><Polygon><extrude>1</extrude><altitudeMode>relativeToGround</altitudeMode><outerBoundaryIs><LinearRing><coordinates>-122.283252,37.872639,4 -122.283116,37.872639,4 -122.283116,37.872747,4 -122.283252,37.872747,4 -122.283252,37.872639,4</coordinates></LinearRing></outerBoundaryIs></Polygon></Placemark>
    <Placemark><name>2804 ACTON St · ADU</name><styleUrl>#t1</styleUrl><Polygon><extrude>1</extrude><altitudeMode>relativeToGround</altitudeMode><outerBoundaryIs><LinearRing><coordinates>-122.282451,37.855373,4 -122.282315,37.855373,4 -122.282315,37.855481,4 -122.282451,37.855481,4 -122.282451,37.855373,4</coordinates></LinearRing></outerBoundaryIs></Polygon></Placemark>
    <Placemark><name>1408 EDITH St · ADU</name><styleUrl>#t1</styleUrl><Polygon><extrude>1</extrude><altitudeMode>relativeToGround</altitudeMode><outerBoundaryIs><LinearRing><coordinates>-122.277749,37.880226,4 -122.277613,37.880226,4 -122.277613,37.880334,4 -122.277749,37.880334,4 -122.277749,37.880226,4</coordinates></LinearRing></outerBoundaryIs></Polygon></Placemark>
    <Placemark><name>2144 RUSSELL St · ADU</name><styleUrl>#t1</styleUrl><Polygon><extrude>1</extrude><altitudeMode>relativeToGround</altitudeMode><outerBoundaryIs><LinearRing><coordinates>-122.264540,37.856738,4 -122.264404,37.856738,4 -122.264404,37.856846,4 -122.264540,37.856846,4 -122.264540,37.856738,4</coordinates></LinearRing></outerBoundaryIs></Polygon></Placemark>
    <Placemark><name>3037 ELLIS St · ADU</name><styleUrl>#t1</styleUrl><Polygon><extrude>1</extrude><altitudeMode>relativeToGround</altitudeMode><outerBoundaryIs><LinearRing><coordinates>-122.272827,37.852570,4 -122.272691,37.852570,4 -122.272691,37.852677,4 -122.272827,37.852677,4 -122.272827,37.852570,4</coordinates></LinearRing></outerBoundaryIs></Polygon></Placemark>
    <Placemark><name>1215 DELAWARE St · ADU</name><styleUrl>#t1</styleUrl><Polygon><extrude>1</extrude><altitudeMode>relativeToGround</altitudeMode><outerBoundaryIs><LinearRing><coordinates>-122.289262,37.872422,4 -122.289126,37.872422,4 -122.289126,37.872529,4 -122.289262,37.872529,4 -122.289262,37.872422,4</coordinates></LinearRing></outerBoundaryIs></Polygon></Placemark>
    <Placemark><name>948 FRESNO Ave · ADU</name><styleUrl>#t1</styleUrl><Polygon><extrude>1</extrude><altitudeMode>relativeToGround</altitudeMode><outerBoundaryIs><LinearRing><coordinates>-122.278323,37.889764,4 -122.278186,37.889764,4 -122.278186,37.889872,4 -122.278323,37.889872,4 -122.278323,37.889764,4</coordinates></LinearRing></outerBoundaryIs></Polygon></Placemark>
    <Placemark><name>1619 EDITH St · ADU</name><styleUrl>#t1</styleUrl><Polygon><extrude>1</extrude><altitudeMode>relativeToGround</altitudeMode><outerBoundaryIs><LinearRing><coordinates>-122.276833,37.876604,4 -122.276696,37.876604,4 -122.276696,37.876712,4 -122.276833,37.876712,4 -122.276833,37.876604,4</coordinates></LinearRing></outerBoundaryIs></Polygon></Placemark>
    <Placemark><name>1280 BANCROFT Way · ADU</name><styleUrl>#t1</styleUrl><Polygon><extrude>1</extrude><altitudeMode>relativeToGround</altitudeMode><outerBoundaryIs><LinearRing><coordinates>-122.286997,37.864862,4 -122.286861,37.864862,4 -122.286861,37.864970,4 -122.286997,37.864970,4 -122.286997,37.864862,4</coordinates></LinearRing></outerBoundaryIs></Polygon></Placemark>
    <Placemark><name>1228 MONTEREY Ave · ADU</name><styleUrl>#t1</styleUrl><Polygon><extrude>1</extrude><altitudeMode>relativeToGround</altitudeMode><outerBoundaryIs><LinearRing><coordinates>-122.281939,37.883996,4 -122.281802,37.883996,4 -122.281802,37.884104,4 -122.281939,37.884104,4 -122.281939,37.883996,4</coordinates></LinearRing></outerBoundaryIs></Polygon></Placemark>
    <Placemark><name>1016 FRESNO Ave · ADU</name><styleUrl>#t1</styleUrl><Polygon><extrude>1</extrude><altitudeMode>relativeToGround</altitudeMode><outerBoundaryIs><LinearRing><coordinates>-122.277936,37.888069,4 -122.277800,37.888069,4 -122.277800,37.888177,4 -122.277936,37.888177,4 -122.277936,37.888069,4</coordinates></LinearRing></outerBoundaryIs></Polygon></Placemark>
    <Placemark><name>2501 MABEL St · ADU</name><styleUrl>#t1</styleUrl><Polygon><extrude>1</extrude><altitudeMode>relativeToGround</altitudeMode><outerBoundaryIs><LinearRing><coordinates>-122.285334,37.861382,4 -122.285197,37.861382,4 -122.285197,37.861490,4 -122.285334,37.861490,4 -122.285334,37.861382,4</coordinates></LinearRing></outerBoundaryIs></Polygon></Placemark>
    <Placemark><name>1521 SACRAMENTO St · ADU</name><styleUrl>#t1</styleUrl><Polygon><extrude>1</extrude><altitudeMode>relativeToGround</altitudeMode><outerBoundaryIs><LinearRing><coordinates>-122.282536,37.878243,4 -122.282400,37.878243,4 -122.282400,37.878350,4 -122.282536,37.878350,4 -122.282536,37.878243,4</coordinates></LinearRing></outerBoundaryIs></Polygon></Placemark>
    <Placemark><name>1966 YOSEMITE Rd · ADU</name><styleUrl>#t1</styleUrl><Polygon><extrude>1</extrude><altitudeMode>relativeToGround</altitudeMode><outerBoundaryIs><LinearRing><coordinates>-122.276534,37.895505,4 -122.276398,37.895505,4 -122.276398,37.895613,4 -122.276534,37.895613,4 -122.276534,37.895505,4</coordinates></LinearRing></outerBoundaryIs></Polygon></Placemark>
    <Placemark><name>1238 STANNAGE Ave · ADU</name><styleUrl>#t1</styleUrl><Polygon><extrude>1</extrude><altitudeMode>relativeToGround</altitudeMode><outerBoundaryIs><LinearRing><coordinates>-122.294515,37.881160,4 -122.294379,37.881160,4 -122.294379,37.881268,4 -122.294515,37.881268,4 -122.294515,37.881160,4</coordinates></LinearRing></outerBoundaryIs></Polygon></Placemark>
    <Placemark><name>726 NEILSON St · ADU</name><styleUrl>#t1</styleUrl><Polygon><extrude>1</extrude><altitudeMode>relativeToGround</altitudeMode><outerBoundaryIs><LinearRing><coordinates>-122.286811,37.894139,4 -122.286674,37.894139,4 -122.286674,37.894247,4 -122.286811,37.894247,4 -122.286811,37.894139,4</coordinates></LinearRing></outerBoundaryIs></Polygon></Placemark>
    <Placemark><name>1219 DERBY St · ADU</name><styleUrl>#t1</styleUrl><Polygon><extrude>1</extrude><altitudeMode>relativeToGround</altitudeMode><outerBoundaryIs><LinearRing><coordinates>-122.286013,37.858189,4 -122.285876,37.858189,4 -122.285876,37.858297,4 -122.286013,37.858297,4 -122.286013,37.858189,4</coordinates></LinearRing></outerBoundaryIs></Polygon></Placemark>
    <Placemark><name>2761 ACTON ST · ADU</name><styleUrl>#t1</styleUrl><Polygon><extrude>1</extrude><altitudeMode>relativeToGround</altitudeMode><outerBoundaryIs><LinearRing><coordinates>-122.282082,37.856323,4 -122.281946,37.856323,4 -122.281946,37.856430,4 -122.282082,37.856430,4 -122.282082,37.856323,4</coordinates></LinearRing></outerBoundaryIs></Polygon></Placemark>
    <Placemark><name>1182 EUCLID Ave · ADU</name><styleUrl>#t1</styleUrl><Polygon><extrude>1</extrude><altitudeMode>relativeToGround</altitudeMode><outerBoundaryIs><LinearRing><coordinates>-122.263005,37.887248,4 -122.262868,37.887248,4 -122.262868,37.887356,4 -122.263005,37.887356,4 -122.263005,37.887248,4</coordinates></LinearRing></outerBoundaryIs></Polygon></Placemark>
    <Placemark><name>1426 SPRUCE St · ADU</name><styleUrl>#t1</styleUrl><Polygon><extrude>1</extrude><altitudeMode>relativeToGround</altitudeMode><outerBoundaryIs><LinearRing><coordinates>-122.266448,37.881363,4 -122.266312,37.881363,4 -122.266312,37.881471,4 -122.266448,37.881471,4 -122.266448,37.881363,4</coordinates></LinearRing></outerBoundaryIs></Polygon></Placemark>
    <Placemark><name>1217 EVELYN Ave · ADU</name><styleUrl>#t1</styleUrl><Polygon><extrude>1</extrude><altitudeMode>relativeToGround</altitudeMode><outerBoundaryIs><LinearRing><coordinates>-122.291713,37.882503,4 -122.291576,37.882503,4 -122.291576,37.882610,4 -122.291713,37.882610,4 -122.291713,37.882503,4</coordinates></LinearRing></outerBoundaryIs></Polygon></Placemark>
    <Placemark><name>605 NEILSON St · ADU</name><styleUrl>#t1</styleUrl><Polygon><extrude>1</extrude><altitudeMode>relativeToGround</altitudeMode><outerBoundaryIs><LinearRing><coordinates>-122.286188,37.896362,4 -122.286051,37.896362,4 -122.286051,37.896470,4 -122.286188,37.896470,4 -122.286188,37.896362,4</coordinates></LinearRing></outerBoundaryIs></Polygon></Placemark>
    <Placemark><name>2607 PIEDMONT Ave · ADU</name><styleUrl>#t1</styleUrl><Polygon><extrude>1</extrude><altitudeMode>relativeToGround</altitudeMode><outerBoundaryIs><LinearRing><coordinates>-122.251149,37.863675,4 -122.251012,37.863675,4 -122.251012,37.863783,4 -122.251149,37.863783,4 -122.251149,37.863675,4</coordinates></LinearRing></outerBoundaryIs></Polygon></Placemark>
    <Placemark><name>1140 THE ALAMEDA · ADU</name><styleUrl>#t1</styleUrl><Polygon><extrude>1</extrude><altitudeMode>relativeToGround</altitudeMode><outerBoundaryIs><LinearRing><coordinates>-122.276343,37.886316,4 -122.276206,37.886316,4 -122.276206,37.886424,4 -122.276343,37.886424,4 -122.276343,37.886316,4</coordinates></LinearRing></outerBoundaryIs></Polygon></Placemark>
    <Placemark><name>63 VICENTE Rd · ADU</name><styleUrl>#t1</styleUrl><Polygon><extrude>1</extrude><altitudeMode>relativeToGround</altitudeMode><outerBoundaryIs><LinearRing><coordinates>-122.235772,37.855517,4 -122.235636,37.855517,4 -122.235636,37.855624,4 -122.235772,37.855624,4 -122.235772,37.855517,4</coordinates></LinearRing></outerBoundaryIs></Polygon></Placemark>
    <Placemark><name>1522 HARMON ST · ADU</name><styleUrl>#t1</styleUrl><Polygon><extrude>1</extrude><altitudeMode>relativeToGround</altitudeMode><outerBoundaryIs><LinearRing><coordinates>-122.277092,37.848624,4 -122.276956,37.848624,4 -122.276956,37.848732,4 -122.277092,37.848732,4 -122.277092,37.848624,4</coordinates></LinearRing></outerBoundaryIs></Polygon></Placemark>
    <Placemark><name>1529 SPRUCE ST · ADU</name><styleUrl>#t1</styleUrl><Polygon><extrude>1</extrude><altitudeMode>relativeToGround</altitudeMode><outerBoundaryIs><LinearRing><coordinates>-122.265563,37.879531,4 -122.265426,37.879531,4 -122.265426,37.879639,4 -122.265563,37.879639,4 -122.265563,37.879531,4</coordinates></LinearRing></outerBoundaryIs></Polygon></Placemark>
    <Placemark><name>919 BATAAN Ave · ADU</name><styleUrl>#t1</styleUrl><Polygon><extrude>1</extrude><altitudeMode>relativeToGround</altitudeMode><outerBoundaryIs><LinearRing><coordinates>-122.297982,37.875193,4 -122.297846,37.875193,4 -122.297846,37.875300,4 -122.297982,37.875300,4 -122.297982,37.875193,4</coordinates></LinearRing></outerBoundaryIs></Polygon></Placemark>
    <Placemark><name>1134 WARD St · ADU</name><styleUrl>#t1</styleUrl><Polygon><extrude>1</extrude><altitudeMode>relativeToGround</altitudeMode><outerBoundaryIs><LinearRing><coordinates>-122.286782,37.856866,4 -122.286645,37.856866,4 -122.286645,37.856974,4 -122.286782,37.856974,4 -122.286782,37.856866,4</coordinates></LinearRing></outerBoundaryIs></Polygon></Placemark>
    <Placemark><name>932 COLUSA Ave · ADU</name><styleUrl>#t1</styleUrl><Polygon><extrude>1</extrude><altitudeMode>relativeToGround</altitudeMode><outerBoundaryIs><LinearRing><coordinates>-122.279396,37.890166,4 -122.279260,37.890166,4 -122.279260,37.890274,4 -122.279396,37.890274,4 -122.279396,37.890166,4</coordinates></LinearRing></outerBoundaryIs></Polygon></Placemark>
    <Placemark><name>2221 CARLETON St · ADU</name><styleUrl>#t1</styleUrl><Polygon><extrude>1</extrude><altitudeMode>relativeToGround</altitudeMode><outerBoundaryIs><LinearRing><coordinates>-122.263835,37.861911,4 -122.263698,37.861911,4 -122.263698,37.862018,4 -122.263835,37.862018,4 -122.263835,37.861911,4</coordinates></LinearRing></outerBoundaryIs></Polygon></Placemark>
    <Placemark><name>12 PANORAMIC Way · ADU</name><styleUrl>#t1</styleUrl><Polygon><extrude>1</extrude><altitudeMode>relativeToGround</altitudeMode><outerBoundaryIs><LinearRing><coordinates>-122.249757,37.868503,4 -122.249620,37.868503,4 -122.249620,37.868611,4 -122.249757,37.868611,4 -122.249757,37.868503,4</coordinates></LinearRing></outerBoundaryIs></Polygon></Placemark>
    <Placemark><name>2620 REGENT St · ADU</name><styleUrl>#t1</styleUrl><Polygon><extrude>1</extrude><altitudeMode>relativeToGround</altitudeMode><outerBoundaryIs><LinearRing><coordinates>-122.258005,37.862594,4 -122.257868,37.862594,4 -122.257868,37.862702,4 -122.258005,37.862702,4 -122.258005,37.862594,4</coordinates></LinearRing></outerBoundaryIs></Polygon></Placemark>
    <Placemark><name>2418 ACTON St · ADU</name><styleUrl>#t1</styleUrl><Polygon><extrude>1</extrude><altitudeMode>relativeToGround</altitudeMode><outerBoundaryIs><LinearRing><coordinates>-122.283532,37.863086,4 -122.283395,37.863086,4 -122.283395,37.863194,4 -122.283532,37.863194,4 -122.283532,37.863086,4</coordinates></LinearRing></outerBoundaryIs></Polygon></Placemark>
    <Placemark><name>2805 RUSSELL ST · ADU</name><styleUrl>#t1</styleUrl><Polygon><extrude>1</extrude><altitudeMode>relativeToGround</altitudeMode><outerBoundaryIs><LinearRing><coordinates>-122.250858,37.858842,4 -122.250721,37.858842,4 -122.250721,37.858950,4 -122.250858,37.858950,4 -122.250858,37.858842,4</coordinates></LinearRing></outerBoundaryIs></Polygon></Placemark>
    <Placemark><name>2742 MABEL ST · ADU</name><styleUrl>#t1</styleUrl><Polygon><extrude>1</extrude><altitudeMode>relativeToGround</altitudeMode><outerBoundaryIs><LinearRing><coordinates>-122.285366,37.856266,4 -122.285230,37.856266,4 -122.285230,37.856374,4 -122.285366,37.856374,4 -122.285366,37.856266,4</coordinates></LinearRing></outerBoundaryIs></Polygon></Placemark>
    <Placemark><name>2410 JEFFERSON AVE · ADU</name><styleUrl>#t1</styleUrl><Polygon><extrude>1</extrude><altitudeMode>relativeToGround</altitudeMode><outerBoundaryIs><LinearRing><coordinates>-122.278343,37.863884,4 -122.278206,37.863884,4 -122.278206,37.863991,4 -122.278343,37.863991,4 -122.278343,37.863884,4</coordinates></LinearRing></outerBoundaryIs></Polygon></Placemark>
    <Placemark><name>1176 MILLER Ave · ADU</name><styleUrl>#t1</styleUrl><Polygon><extrude>1</extrude><altitudeMode>relativeToGround</altitudeMode><outerBoundaryIs><LinearRing><coordinates>-122.254442,37.889909,4 -122.254305,37.889909,4 -122.254305,37.890017,4 -122.254442,37.890017,4 -122.254442,37.889909,4</coordinates></LinearRing></outerBoundaryIs></Polygon></Placemark>
    <Placemark><name>655 SAN LUIS Rd · ADU</name><styleUrl>#t1</styleUrl><Polygon><extrude>1</extrude><altitudeMode>relativeToGround</altitudeMode><outerBoundaryIs><LinearRing><coordinates>-122.273811,37.898550,4 -122.273674,37.898550,4 -122.273674,37.898658,4 -122.273811,37.898658,4 -122.273811,37.898550,4</coordinates></LinearRing></outerBoundaryIs></Polygon></Placemark>
    <Placemark><name>2026 ESSEX St · ADU</name><styleUrl>#t1</styleUrl><Polygon><extrude>1</extrude><altitudeMode>relativeToGround</altitudeMode><outerBoundaryIs><LinearRing><coordinates>-122.267164,37.853440,4 -122.267027,37.853440,4 -122.267027,37.853548,4 -122.267164,37.853548,4 -122.267164,37.853440,4</coordinates></LinearRing></outerBoundaryIs></Polygon></Placemark>
    <Placemark><name>1327 ORDWAY St · ADU</name><styleUrl>#t1</styleUrl><Polygon><extrude>1</extrude><altitudeMode>relativeToGround</altitudeMode><outerBoundaryIs><LinearRing><coordinates>-122.286891,37.879493,4 -122.286755,37.879493,4 -122.286755,37.879601,4 -122.286891,37.879601,4 -122.286891,37.879493,4</coordinates></LinearRing></outerBoundaryIs></Polygon></Placemark>
    <Placemark><name>3019 BATEMAN St · ADU</name><styleUrl>#t1</styleUrl><Polygon><extrude>1</extrude><altitudeMode>relativeToGround</altitudeMode><outerBoundaryIs><LinearRing><coordinates>-122.255684,37.854934,4 -122.255547,37.854934,4 -122.255547,37.855042,4 -122.255684,37.855042,4 -122.255684,37.854934,4</coordinates></LinearRing></outerBoundaryIs></Polygon></Placemark>
    <Placemark><name>1536 LINCOLN St · ADU</name><styleUrl>#t1</styleUrl><Polygon><extrude>1</extrude><altitudeMode>relativeToGround</altitudeMode><outerBoundaryIs><LinearRing><coordinates>-122.281134,37.875639,4 -122.280997,37.875639,4 -122.280997,37.875747,4 -122.281134,37.875747,4 -122.281134,37.875639,4</coordinates></LinearRing></outerBoundaryIs></Polygon></Placemark>
    <Placemark><name>1208 DELAWARE St · ADU</name><styleUrl>#t1</styleUrl><Polygon><extrude>1</extrude><altitudeMode>relativeToGround</altitudeMode><outerBoundaryIs><LinearRing><coordinates>-122.289509,37.871797,4 -122.289372,37.871797,4 -122.289372,37.871904,4 -122.289509,37.871904,4 -122.289509,37.871797,4</coordinates></LinearRing></outerBoundaryIs></Polygon></Placemark>
    <Placemark><name>1205 KAINS Ave · ADU</name><styleUrl>#t1</styleUrl><Polygon><extrude>1</extrude><altitudeMode>relativeToGround</altitudeMode><outerBoundaryIs><LinearRing><coordinates>-122.295206,37.882190,4 -122.295069,37.882190,4 -122.295069,37.882298,4 -122.295206,37.882298,4 -122.295206,37.882190,4</coordinates></LinearRing></outerBoundaryIs></Polygon></Placemark>
    <Placemark><name>1910 BLAKE St · ADU</name><styleUrl>#t1</styleUrl><Polygon><extrude>1</extrude><altitudeMode>relativeToGround</altitudeMode><outerBoundaryIs><LinearRing><coordinates>-122.271358,37.862201,4 -122.271222,37.862201,4 -122.271222,37.862309,4 -122.271358,37.862309,4 -122.271358,37.862201,4</coordinates></LinearRing></outerBoundaryIs></Polygon></Placemark>
    <Placemark><name>2815 ASHBY AVE · ADU</name><styleUrl>#t1</styleUrl><Polygon><extrude>1</extrude><altitudeMode>relativeToGround</altitudeMode><outerBoundaryIs><LinearRing><coordinates>-122.250138,37.857991,4 -122.250001,37.857991,4 -122.250001,37.858099,4 -122.250138,37.858099,4 -122.250138,37.857991,4</coordinates></LinearRing></outerBoundaryIs></Polygon></Placemark>
    <Placemark><name>1300 KAINS AVE · ADU</name><styleUrl>#t1</styleUrl><Polygon><extrude>1</extrude><altitudeMode>relativeToGround</altitudeMode><outerBoundaryIs><LinearRing><coordinates>-122.295174,37.880421,4 -122.295037,37.880421,4 -122.295037,37.880528,4 -122.295174,37.880528,4 -122.295174,37.880421,4</coordinates></LinearRing></outerBoundaryIs></Polygon></Placemark>
    <Placemark><name>2312 CURTIS ST · ADU</name><styleUrl>#t1</styleUrl><Polygon><extrude>1</extrude><altitudeMode>relativeToGround</altitudeMode><outerBoundaryIs><LinearRing><coordinates>-122.288887,37.864265,4 -122.288751,37.864265,4 -122.288751,37.864373,4 -122.288887,37.864373,4 -122.288887,37.864265,4</coordinates></LinearRing></outerBoundaryIs></Polygon></Placemark>
    <Placemark><name>2715 DWIGHT WAY · ADU</name><styleUrl>#t1</styleUrl><Polygon><extrude>1</extrude><altitudeMode>relativeToGround</altitudeMode><outerBoundaryIs><LinearRing><coordinates>-122.253078,37.865996,4 -122.252941,37.865996,4 -122.252941,37.866103,4 -122.253078,37.866103,4 -122.253078,37.865996,4</coordinates></LinearRing></outerBoundaryIs></Polygon></Placemark>
    <Placemark><name>1355 ACTON ST · ADU</name><styleUrl>#t1</styleUrl><Polygon><extrude>1</extrude><altitudeMode>relativeToGround</altitudeMode><outerBoundaryIs><LinearRing><coordinates>-122.285082,37.880986,4 -122.284945,37.880986,4 -122.284945,37.881094,4 -122.285082,37.881094,4 -122.285082,37.880986,4</coordinates></LinearRing></outerBoundaryIs></Polygon></Placemark>
    <Placemark><name>1824 CURTIS St · ADU</name><styleUrl>#t1</styleUrl><Polygon><extrude>1</extrude><altitudeMode>relativeToGround</altitudeMode><outerBoundaryIs><LinearRing><coordinates>-122.290075,37.871100,4 -122.289938,37.871100,4 -122.289938,37.871208,4 -122.290075,37.871208,4 -122.290075,37.871100,4</coordinates></LinearRing></outerBoundaryIs></Polygon></Placemark>
    <Placemark><name>1168 MILLER Ave · ADU</name><styleUrl>#t1</styleUrl><Polygon><extrude>1</extrude><altitudeMode>relativeToGround</altitudeMode><outerBoundaryIs><LinearRing><coordinates>-122.254746,37.890020,4 -122.254610,37.890020,4 -122.254610,37.890127,4 -122.254746,37.890127,4 -122.254746,37.890020,4</coordinates></LinearRing></outerBoundaryIs></Polygon></Placemark>
    <Placemark><name>1520 TENTH St · ADU</name><styleUrl>#t1</styleUrl><Polygon><extrude>1</extrude><altitudeMode>relativeToGround</altitudeMode><outerBoundaryIs><LinearRing><coordinates>-122.295791,37.875251,4 -122.295654,37.875251,4 -122.295654,37.875358,4 -122.295791,37.875358,4 -122.295791,37.875251,4</coordinates></LinearRing></outerBoundaryIs></Polygon></Placemark>
    <Placemark><name>1615 MCGEE Ave · ADU</name><styleUrl>#t1</styleUrl><Polygon><extrude>1</extrude><altitudeMode>relativeToGround</altitudeMode><outerBoundaryIs><LinearRing><coordinates>-122.277970,37.876636,4 -122.277834,37.876636,4 -122.277834,37.876744,4 -122.277970,37.876744,4 -122.277970,37.876636,4</coordinates></LinearRing></outerBoundaryIs></Polygon></Placemark>
    <Placemark><name>1329 CURTIS St · ADU</name><styleUrl>#t1</styleUrl><Polygon><extrude>1</extrude><altitudeMode>relativeToGround</altitudeMode><outerBoundaryIs><LinearRing><coordinates>-122.290242,37.880296,4 -122.290105,37.880296,4 -122.290105,37.880404,4 -122.290242,37.880404,4 -122.290242,37.880296,4</coordinates></LinearRing></outerBoundaryIs></Polygon></Placemark>
    <Placemark><name>1570 LE ROY Ave · ADU</name><styleUrl>#t1</styleUrl><Polygon><extrude>1</extrude><altitudeMode>relativeToGround</altitudeMode><outerBoundaryIs><LinearRing><coordinates>-122.259405,37.880224,4 -122.259268,37.880224,4 -122.259268,37.880331,4 -122.259405,37.880331,4 -122.259405,37.880224,4</coordinates></LinearRing></outerBoundaryIs></Polygon></Placemark>
    <Placemark><name>3007 ACTON St · ADU</name><styleUrl>#t1</styleUrl><Polygon><extrude>1</extrude><altitudeMode>relativeToGround</altitudeMode><outerBoundaryIs><LinearRing><coordinates>-122.281097,37.852826,4 -122.280960,37.852826,4 -122.280960,37.852934,4 -122.281097,37.852934,4 -122.281097,37.852826,4</coordinates></LinearRing></outerBoundaryIs></Polygon></Placemark>
    <Placemark><name>917 CHANNING Way · ADU</name><styleUrl>#t1</styleUrl><Polygon><extrude>1</extrude><altitudeMode>relativeToGround</altitudeMode><outerBoundaryIs><LinearRing><coordinates>-122.293996,37.862281,4 -122.293859,37.862281,4 -122.293859,37.862388,4 -122.293996,37.862388,4 -122.293996,37.862281,4</coordinates></LinearRing></outerBoundaryIs></Polygon></Placemark>
    <Placemark><name>2325 SIXTH St · ADU</name><styleUrl>#t1</styleUrl><Polygon><extrude>1</extrude><altitudeMode>relativeToGround</altitudeMode><outerBoundaryIs><LinearRing><coordinates>-122.295662,37.862586,4 -122.295525,37.862586,4 -122.295525,37.862694,4 -122.295662,37.862694,4 -122.295662,37.862586,4</coordinates></LinearRing></outerBoundaryIs></Polygon></Placemark>
    <Placemark><name>1964 HOPKINS ST · ADU</name><styleUrl>#t1</styleUrl><Polygon><extrude>1</extrude><altitudeMode>relativeToGround</altitudeMode><outerBoundaryIs><LinearRing><coordinates>-122.273044,37.887285,4 -122.272908,37.887285,4 -122.272908,37.887392,4 -122.273044,37.887392,4 -122.273044,37.887285,4</coordinates></LinearRing></outerBoundaryIs></Polygon></Placemark>
    <Placemark><name>2350 WEST ST · ADU</name><styleUrl>#t1</styleUrl><Polygon><extrude>1</extrude><altitudeMode>relativeToGround</altitudeMode><outerBoundaryIs><LinearRing><coordinates>-122.285423,37.864220,4 -122.285286,37.864220,4 -122.285286,37.864328,4 -122.285423,37.864328,4 -122.285423,37.864220,4</coordinates></LinearRing></outerBoundaryIs></Polygon></Placemark>
    <Placemark><name>2410 SACRAMENTO St · ADU</name><styleUrl>#t1</styleUrl><Polygon><extrude>1</extrude><altitudeMode>relativeToGround</altitudeMode><outerBoundaryIs><LinearRing><coordinates>-122.281684,37.863452,4 -122.281548,37.863452,4 -122.281548,37.863559,4 -122.281684,37.863559,4 -122.281684,37.863452,4</coordinates></LinearRing></outerBoundaryIs></Polygon></Placemark>
    <Placemark><name>2455 ASHBY Ave · ADU</name><styleUrl>#t1</styleUrl><Polygon><extrude>1</extrude><altitudeMode>relativeToGround</altitudeMode><outerBoundaryIs><LinearRing><coordinates>-122.257271,37.856693,4 -122.257135,37.856693,4 -122.257135,37.856800,4 -122.257271,37.856800,4 -122.257271,37.856693,4</coordinates></LinearRing></outerBoundaryIs></Polygon></Placemark>
    <Placemark><name>737 JONES St · ADU</name><styleUrl>#t1</styleUrl><Polygon><extrude>1</extrude><altitudeMode>relativeToGround</altitudeMode><outerBoundaryIs><LinearRing><coordinates>-122.301544,37.875062,4 -122.301407,37.875062,4 -122.301407,37.875169,4 -122.301544,37.875169,4 -122.301544,37.875062,4</coordinates></LinearRing></outerBoundaryIs></Polygon></Placemark>
    <Placemark><name>20 BROOKSIDE Ave · ADU</name><styleUrl>#t1</styleUrl><Polygon><extrude>1</extrude><altitudeMode>relativeToGround</altitudeMode><outerBoundaryIs><LinearRing><coordinates>-122.249127,37.852108,4 -122.248991,37.852108,4 -122.248991,37.852215,4 -122.249127,37.852215,4 -122.249127,37.852108,4</coordinates></LinearRing></outerBoundaryIs></Polygon></Placemark>
    <Placemark><name>1620 ARCH St · ADU</name><styleUrl>#t1</styleUrl><Polygon><extrude>1</extrude><altitudeMode>relativeToGround</altitudeMode><outerBoundaryIs><LinearRing><coordinates>-122.264887,37.878566,4 -122.264750,37.878566,4 -122.264750,37.878674,4 -122.264887,37.878674,4 -122.264887,37.878566,4</coordinates></LinearRing></outerBoundaryIs></Polygon></Placemark>
    <Placemark><name>2735 WALLACE ST · ADU</name><styleUrl>#t1</styleUrl><Polygon><extrude>1</extrude><altitudeMode>relativeToGround</altitudeMode><outerBoundaryIs><LinearRing><coordinates>-122.286681,37.856390,4 -122.286545,37.856390,4 -122.286545,37.856498,4 -122.286681,37.856498,4 -122.286681,37.856390,4</coordinates></LinearRing></outerBoundaryIs></Polygon></Placemark>
    <Placemark><name>2210 M L KING JR Way · ADU</name><styleUrl>#t1</styleUrl><Polygon><extrude>1</extrude><altitudeMode>relativeToGround</altitudeMode><outerBoundaryIs><LinearRing><coordinates>-122.273079,37.868150,4 -122.272943,37.868150,4 -122.272943,37.868258,4 -122.273079,37.868258,4 -122.273079,37.868150,4</coordinates></LinearRing></outerBoundaryIs></Polygon></Placemark>
    <Placemark><name>680 PERALTA Ave · ADU</name><styleUrl>#t1</styleUrl><Polygon><extrude>1</extrude><altitudeMode>relativeToGround</altitudeMode><outerBoundaryIs><LinearRing><coordinates>-122.285907,37.895045,4 -122.285771,37.895045,4 -122.285771,37.895152,4 -122.285907,37.895152,4 -122.285907,37.895045,4</coordinates></LinearRing></outerBoundaryIs></Polygon></Placemark>
    <Placemark><name>8 BROOKSIDE Ave · ADU</name><styleUrl>#t1</styleUrl><Polygon><extrude>1</extrude><altitudeMode>relativeToGround</altitudeMode><outerBoundaryIs><LinearRing><coordinates>-122.249413,37.852441,4 -122.249277,37.852441,4 -122.249277,37.852549,4 -122.249413,37.852549,4 -122.249413,37.852441,4</coordinates></LinearRing></outerBoundaryIs></Polygon></Placemark>
    <Placemark><name>2440 PRINCE St · ADU</name><styleUrl>#t1</styleUrl><Polygon><extrude>1</extrude><altitudeMode>relativeToGround</altitudeMode><outerBoundaryIs><LinearRing><coordinates>-122.258187,37.853618,4 -122.258051,37.853618,4 -122.258051,37.853726,4 -122.258187,37.853726,4 -122.258187,37.853618,4</coordinates></LinearRing></outerBoundaryIs></Polygon></Placemark>
    <Placemark><name>3134 CALIFORNIA St · ADU</name><styleUrl>#t1</styleUrl><Polygon><extrude>1</extrude><altitudeMode>relativeToGround</altitudeMode><outerBoundaryIs><LinearRing><coordinates>-122.276767,37.850509,4 -122.276631,37.850509,4 -122.276631,37.850617,4 -122.276767,37.850617,4 -122.276767,37.850509,4</coordinates></LinearRing></outerBoundaryIs></Polygon></Placemark>
    <Placemark><name>1449 KAINS Ave · ADU</name><styleUrl>#t1</styleUrl><Polygon><extrude>1</extrude><altitudeMode>relativeToGround</altitudeMode><outerBoundaryIs><LinearRing><coordinates>-122.293633,37.877267,4 -122.293497,37.877267,4 -122.293497,37.877374,4 -122.293633,37.877374,4 -122.293633,37.877267,4</coordinates></LinearRing></outerBoundaryIs></Polygon></Placemark>
    <Placemark><name>1044 Page St · ADU</name><styleUrl>#t1</styleUrl><Polygon><extrude>1</extrude><altitudeMode>relativeToGround</altitudeMode><outerBoundaryIs><LinearRing><coordinates>-122.296205,37.877014,4 -122.296068,37.877014,4 -122.296068,37.877122,4 -122.296205,37.877122,4 -122.296205,37.877014,4</coordinates></LinearRing></outerBoundaryIs></Polygon></Placemark>
    <Placemark><name>1325 California St · ADU</name><styleUrl>#t1</styleUrl><Polygon><extrude>1</extrude><altitudeMode>relativeToGround</altitudeMode><outerBoundaryIs><LinearRing><coordinates>-122.281254,37.880544,4 -122.281117,37.880544,4 -122.281117,37.880652,4 -122.281254,37.880652,4 -122.281254,37.880544,4</coordinates></LinearRing></outerBoundaryIs></Polygon></Placemark>
    <Placemark><name>1437 Stannage Ave · ADU</name><styleUrl>#t1</styleUrl><Polygon><extrude>1</extrude><altitudeMode>relativeToGround</altitudeMode><outerBoundaryIs><LinearRing><coordinates>-122.292897,37.877769,4 -122.292760,37.877769,4 -122.292760,37.877876,4 -122.292897,37.877876,4 -122.292897,37.877769,4</coordinates></LinearRing></outerBoundaryIs></Polygon></Placemark>
    <Placemark><name>1907 Curtis St · ADU</name><styleUrl>#t1</styleUrl><Polygon><extrude>1</extrude><altitudeMode>relativeToGround</altitudeMode><outerBoundaryIs><LinearRing><coordinates>-122.289442,37.870474,4 -122.289305,37.870474,4 -122.289305,37.870582,4 -122.289442,37.870582,4 -122.289442,37.870474,4</coordinates></LinearRing></outerBoundaryIs></Polygon></Placemark>
    <Placemark><name>1921 Parker St · ADU</name><styleUrl>#t1</styleUrl><Polygon><extrude>1</extrude><altitudeMode>relativeToGround</altitudeMode><outerBoundaryIs><LinearRing><coordinates>-122.270853,37.861904,4 -122.270716,37.861904,4 -122.270716,37.862012,4 -122.270853,37.862012,4 -122.270853,37.861904,4</coordinates></LinearRing></outerBoundaryIs></Polygon></Placemark>
    <Placemark><name>2304 Russell St · ADU</name><styleUrl>#t1</styleUrl><Polygon><extrude>1</extrude><altitudeMode>relativeToGround</altitudeMode><outerBoundaryIs><LinearRing><coordinates>-122.261389,37.857207,4 -122.261252,37.857207,4 -122.261252,37.857315,4 -122.261389,37.857315,4 -122.261389,37.857207,4</coordinates></LinearRing></outerBoundaryIs></Polygon></Placemark>
    <Placemark><name>0 Grizzly Peak Blvd · ADU</name><styleUrl>#t1</styleUrl><Polygon><extrude>1</extrude><altitudeMode>relativeToGround</altitudeMode><outerBoundaryIs><LinearRing><coordinates>-122.258986,37.893905,4 -122.258849,37.893905,4 -122.258849,37.894013,4 -122.258986,37.894013,4 -122.258986,37.893905,4</coordinates></LinearRing></outerBoundaryIs></Polygon></Placemark>
    <Placemark><name>764 Page St · ADU</name><styleUrl>#t1</styleUrl><Polygon><extrude>1</extrude><altitudeMode>relativeToGround</altitudeMode><outerBoundaryIs><LinearRing><coordinates>-122.301965,37.875837,4 -122.301829,37.875837,4 -122.301829,37.875944,4 -122.301965,37.875944,4 -122.301965,37.875837,4</coordinates></LinearRing></outerBoundaryIs></Polygon></Placemark>
    <Placemark><name>1010 Wildcat Canyon Rd · ADU</name><styleUrl>#t1</styleUrl><Polygon><extrude>1</extrude><altitudeMode>relativeToGround</altitudeMode><outerBoundaryIs><LinearRing><coordinates>-122.254848,37.895688,4 -122.254711,37.895688,4 -122.254711,37.895795,4 -122.254848,37.895795,4 -122.254848,37.895688,4</coordinates></LinearRing></outerBoundaryIs></Polygon></Placemark>
    <Placemark><name>1016 Bancroft Way · ADU</name><styleUrl>#t1</styleUrl><Polygon><extrude>1</extrude><altitudeMode>relativeToGround</altitudeMode><outerBoundaryIs><LinearRing><coordinates>-122.292223,37.864042,4 -122.292086,37.864042,4 -122.292086,37.864150,4 -122.292223,37.864150,4 -122.292223,37.864042,4</coordinates></LinearRing></outerBoundaryIs></Polygon></Placemark>
    <Placemark><name>1118 Carleton St · ADU</name><styleUrl>#t1</styleUrl><Polygon><extrude>1</extrude><altitudeMode>relativeToGround</altitudeMode><outerBoundaryIs><LinearRing><coordinates>-122.287804,37.858327,4 -122.287668,37.858327,4 -122.287668,37.858434,4 -122.287804,37.858434,4 -122.287804,37.858327,4</coordinates></LinearRing></outerBoundaryIs></Polygon></Placemark>
    <Placemark><name>1222 Carleton St · ADU</name><styleUrl>#t1</styleUrl><Polygon><extrude>1</extrude><altitudeMode>relativeToGround</altitudeMode><outerBoundaryIs><LinearRing><coordinates>-122.285541,37.858618,4 -122.285405,37.858618,4 -122.285405,37.858726,4 -122.285541,37.858726,4 -122.285541,37.858618,4</coordinates></LinearRing></outerBoundaryIs></Polygon></Placemark>
    <Placemark><name>1525 Ada St · ADU</name><styleUrl>#t1</styleUrl><Polygon><extrude>1</extrude><altitudeMode>relativeToGround</altitudeMode><outerBoundaryIs><LinearRing><coordinates>-122.282251,37.880676,4 -122.282115,37.880676,4 -122.282115,37.880783,4 -122.282251,37.880783,4 -122.282251,37.880676,4</coordinates></LinearRing></outerBoundaryIs></Polygon></Placemark>
    <Placemark><name>1346 Haskell St · ADU</name><styleUrl>#t1</styleUrl><Polygon><extrude>1</extrude><altitudeMode>relativeToGround</altitudeMode><outerBoundaryIs><LinearRing><coordinates>-122.281330,37.851308,4 -122.281194,37.851308,4 -122.281194,37.851416,4 -122.281330,37.851416,4 -122.281330,37.851308,4</coordinates></LinearRing></outerBoundaryIs></Polygon></Placemark>
    <Placemark><name>1441 Cornell Ave · ADU</name><styleUrl>#t1</styleUrl><Polygon><extrude>1</extrude><altitudeMode>relativeToGround</altitudeMode><outerBoundaryIs><LinearRing><coordinates>-122.292051,37.877891,4 -122.291914,37.877891,4 -122.291914,37.877999,4 -122.292051,37.877999,4 -122.292051,37.877891,4</coordinates></LinearRing></outerBoundaryIs></Polygon></Placemark>
    <Placemark><name>1607 Fifth St · ADU</name><styleUrl>#t1</styleUrl><Polygon><extrude>1</extrude><altitudeMode>relativeToGround</altitudeMode><outerBoundaryIs><LinearRing><coordinates>-122.300458,37.873616,4 -122.300321,37.873616,4 -122.300321,37.873724,4 -122.300458,37.873724,4 -122.300458,37.873616,4</coordinates></LinearRing></outerBoundaryIs></Polygon></Placemark>
    <Placemark><name>1608 Ward St · ADU</name><styleUrl>#t1</styleUrl><Polygon><extrude>1</extrude><altitudeMode>relativeToGround</altitudeMode><outerBoundaryIs><LinearRing><coordinates>-122.277201,37.857873,4 -122.277064,37.857873,4 -122.277064,37.857981,4 -122.277201,37.857981,4 -122.277201,37.857873,4</coordinates></LinearRing></outerBoundaryIs></Polygon></Placemark>
    <Placemark><name>1614 Grant St · ADU</name><styleUrl>#t1</styleUrl><Polygon><extrude>1</extrude><altitudeMode>relativeToGround</altitudeMode><outerBoundaryIs><LinearRing><coordinates>-122.276253,37.876901,4 -122.276116,37.876901,4 -122.276116,37.877009,4 -122.276253,37.877009,4 -122.276253,37.876901,4</coordinates></LinearRing></outerBoundaryIs></Polygon></Placemark>
    <Placemark><name>1919 Parker St · ADU</name><styleUrl>#t1</styleUrl><Polygon><extrude>1</extrude><altitudeMode>relativeToGround</altitudeMode><outerBoundaryIs><LinearRing><coordinates>-122.270982,37.861890,4 -122.270845,37.861890,4 -122.270845,37.861998,4 -122.270982,37.861998,4 -122.270982,37.861890,4</coordinates></LinearRing></outerBoundaryIs></Polygon></Placemark>
    <Placemark><name>1876 San Pedro Ave · ADU</name><styleUrl>#t1</styleUrl><Polygon><extrude>1</extrude><altitudeMode>relativeToGround</altitudeMode><outerBoundaryIs><LinearRing><coordinates>-122.277755,37.893538,4 -122.277619,37.893538,4 -122.277619,37.893645,4 -122.277755,37.893645,4 -122.277755,37.893538,4</coordinates></LinearRing></outerBoundaryIs></Polygon></Placemark>
    <Placemark><name>2310 Tenth St · ADU</name><styleUrl>#t1</styleUrl><Polygon><extrude>1</extrude><altitudeMode>relativeToGround</altitudeMode><outerBoundaryIs><LinearRing><coordinates>-122.292084,37.863778,4 -122.291947,37.863778,4 -122.291947,37.863886,4 -122.292084,37.863886,4 -122.292084,37.863778,4</coordinates></LinearRing></outerBoundaryIs></Polygon></Placemark>
    <Placemark><name>2336 Bonar St · ADU</name><styleUrl>#t1</styleUrl><Polygon><extrude>1</extrude><altitudeMode>relativeToGround</altitudeMode><outerBoundaryIs><LinearRing><coordinates>-122.286682,37.863789,4 -122.286545,37.863789,4 -122.286545,37.863897,4 -122.286682,37.863897,4 -122.286682,37.863789,4</coordinates></LinearRing></outerBoundaryIs></Polygon></Placemark>
    <Placemark><name>3107 Lewiston Ave · ADU</name><styleUrl>#t1</styleUrl><Polygon><extrude>1</extrude><altitudeMode>relativeToGround</altitudeMode><outerBoundaryIs><LinearRing><coordinates>-122.251506,37.853695,4 -122.251369,37.853695,4 -122.251369,37.853803,4 -122.251506,37.853803,4 -122.251506,37.853695,4</coordinates></LinearRing></outerBoundaryIs></Polygon></Placemark>
    <Placemark><name>1919 Ninth St · ADU</name><styleUrl>#t1</styleUrl><Polygon><extrude>1</extrude><altitudeMode>relativeToGround</altitudeMode><outerBoundaryIs><LinearRing><coordinates>-122.294368,37.869245,4 -122.294231,37.869245,4 -122.294231,37.869353,4 -122.294368,37.869353,4 -122.294368,37.869245,4</coordinates></LinearRing></outerBoundaryIs></Polygon></Placemark>
    <Placemark><name>1600 Walnut St · ADU</name><styleUrl>#t1</styleUrl><Polygon><extrude>1</extrude><altitudeMode>relativeToGround</altitudeMode><outerBoundaryIs><LinearRing><coordinates>-122.268309,37.878342,4 -122.268172,37.878342,4 -122.268172,37.878450,4 -122.268309,37.878450,4 -122.268309,37.878342,4</coordinates></LinearRing></outerBoundaryIs></Polygon></Placemark>
    <Placemark><name>1240 Cornell Ave · ADU</name><styleUrl>#t1</styleUrl><Polygon><extrude>1</extrude><altitudeMode>relativeToGround</altitudeMode><outerBoundaryIs><LinearRing><coordinates>-122.293769,37.881622,4 -122.293633,37.881622,4 -122.293633,37.881729,4 -122.293769,37.881729,4 -122.293769,37.881622,4</coordinates></LinearRing></outerBoundaryIs></Polygon></Placemark>
    <Placemark><name>1362 Hopkins St · ADU</name><styleUrl>#t1</styleUrl><Polygon><extrude>1</extrude><altitudeMode>relativeToGround</altitudeMode><outerBoundaryIs><LinearRing><coordinates>-122.286177,37.879151,4 -122.286040,37.879151,4 -122.286040,37.879259,4 -122.286177,37.879259,4 -122.286177,37.879151,4</coordinates></LinearRing></outerBoundaryIs></Polygon></Placemark>
    <Placemark><name>1510 Russell St · ADU</name><styleUrl>#t1</styleUrl><Polygon><extrude>1</extrude><altitudeMode>relativeToGround</altitudeMode><outerBoundaryIs><LinearRing><coordinates>-122.278809,37.854729,4 -122.278673,37.854729,4 -122.278673,37.854837,4 -122.278809,37.854837,4 -122.278809,37.854729,4</coordinates></LinearRing></outerBoundaryIs></Polygon></Placemark>
    <Placemark><name>1917 Napa Ave · ADU</name><styleUrl>#t1</styleUrl><Polygon><extrude>1</extrude><altitudeMode>relativeToGround</altitudeMode><outerBoundaryIs><LinearRing><coordinates>-122.275336,37.886816,4 -122.275200,37.886816,4 -122.275200,37.886924,4 -122.275336,37.886924,4 -122.275336,37.886816,4</coordinates></LinearRing></outerBoundaryIs></Polygon></Placemark>
    <Placemark><name>1404 Blake St · ADU</name><styleUrl>#t1</styleUrl><Polygon><extrude>1</extrude><altitudeMode>relativeToGround</altitudeMode><outerBoundaryIs><LinearRing><coordinates>-122.282752,37.860779,4 -122.282615,37.860779,4 -122.282615,37.860887,4 -122.282752,37.860887,4 -122.282752,37.860779,4</coordinates></LinearRing></outerBoundaryIs></Polygon></Placemark>
    <Placemark><name>1827 Sixty-Second St · ADU</name><styleUrl>#t1</styleUrl><Polygon><extrude>1</extrude><altitudeMode>relativeToGround</altitudeMode><outerBoundaryIs><LinearRing><coordinates>-122.269669,37.847358,4 -122.269533,37.847358,4 -122.269533,37.847466,4 -122.269669,37.847466,4 -122.269669,37.847358,4</coordinates></LinearRing></outerBoundaryIs></Polygon></Placemark>
    <Placemark><name>1884 Thousand Oaks Blvd · ADU</name><styleUrl>#t1</styleUrl><Polygon><extrude>1</extrude><altitudeMode>relativeToGround</altitudeMode><outerBoundaryIs><LinearRing><coordinates>-122.279156,37.896949,4 -122.279019,37.896949,4 -122.279019,37.897057,4 -122.279156,37.897057,4 -122.279156,37.896949,4</coordinates></LinearRing></outerBoundaryIs></Polygon></Placemark>
    <Placemark><name>1894 Harmon St · ADU</name><styleUrl>#t1</styleUrl><Polygon><extrude>1</extrude><altitudeMode>relativeToGround</altitudeMode><outerBoundaryIs><LinearRing><coordinates>-122.270079,37.849469,4 -122.269943,37.849469,4 -122.269943,37.849577,4 -122.270079,37.849577,4 -122.270079,37.849469,4</coordinates></LinearRing></outerBoundaryIs></Polygon></Placemark>
    <Placemark><name>2238 Curtis St · ADU</name><styleUrl>#t1</styleUrl><Polygon><extrude>1</extrude><altitudeMode>relativeToGround</altitudeMode><outerBoundaryIs><LinearRing><coordinates>-122.289077,37.865214,4 -122.288941,37.865214,4 -122.288941,37.865322,4 -122.289077,37.865322,4 -122.289077,37.865214,4</coordinates></LinearRing></outerBoundaryIs></Polygon></Placemark>
    <Placemark><name>2331 Jefferson Ave · ADU</name><styleUrl>#t1</styleUrl><Polygon><extrude>1</extrude><altitudeMode>relativeToGround</altitudeMode><outerBoundaryIs><LinearRing><coordinates>-122.277767,37.865020,4 -122.277631,37.865020,4 -122.277631,37.865128,4 -122.277767,37.865128,4 -122.277767,37.865020,4</coordinates></LinearRing></outerBoundaryIs></Polygon></Placemark>
    <Placemark><name>2350 Prospect St · ADU</name><styleUrl>#t1</styleUrl><Polygon><extrude>1</extrude><altitudeMode>relativeToGround</altitudeMode><outerBoundaryIs><LinearRing><coordinates>-122.250441,37.868229,4 -122.250305,37.868229,4 -122.250305,37.868337,4 -122.250441,37.868337,4 -122.250441,37.868229,4</coordinates></LinearRing></outerBoundaryIs></Polygon></Placemark>
    <Placemark><name>2445 Ashby Ave · ADU</name><styleUrl>#t1</styleUrl><Polygon><extrude>1</extrude><altitudeMode>relativeToGround</altitudeMode><outerBoundaryIs><LinearRing><coordinates>-122.257719,37.856694,4 -122.257583,37.856694,4 -122.257583,37.856802,4 -122.257719,37.856802,4 -122.257719,37.856694,4</coordinates></LinearRing></outerBoundaryIs></Polygon></Placemark>
    <Placemark><name>2523 Piedmont Ave · ADU</name><styleUrl>#t1</styleUrl><Polygon><extrude>1</extrude><altitudeMode>relativeToGround</altitudeMode><outerBoundaryIs><LinearRing><coordinates>-122.251267,37.864902,4 -122.251130,37.864902,4 -122.251130,37.865010,4 -122.251267,37.865010,4 -122.251267,37.864902,4</coordinates></LinearRing></outerBoundaryIs></Polygon></Placemark>
    <Placemark><name>2624 Regent St · ADU</name><styleUrl>#t1</styleUrl><Polygon><extrude>1</extrude><altitudeMode>relativeToGround</altitudeMode><outerBoundaryIs><LinearRing><coordinates>-122.257850,37.862332,4 -122.257713,37.862332,4 -122.257713,37.862440,4 -122.257850,37.862440,4 -122.257850,37.862332,4</coordinates></LinearRing></outerBoundaryIs></Polygon></Placemark>
    <Placemark><name>842 The Alameda · ADU</name><styleUrl>#t1</styleUrl><Polygon><extrude>1</extrude><altitudeMode>relativeToGround</altitudeMode><outerBoundaryIs><LinearRing><coordinates>-122.277753,37.892480,4 -122.277617,37.892480,4 -122.277617,37.892588,4 -122.277753,37.892588,4 -122.277753,37.892480,4</coordinates></LinearRing></outerBoundaryIs></Polygon></Placemark>
    <Placemark><name>2804 M L King Jr Way · ADU</name><styleUrl>#t1</styleUrl><Polygon><extrude>1</extrude><altitudeMode>relativeToGround</altitudeMode><outerBoundaryIs><LinearRing><coordinates>-122.271922,37.857629,4 -122.271786,37.857629,4 -122.271786,37.857736,4 -122.271922,37.857736,4 -122.271922,37.857629,4</coordinates></LinearRing></outerBoundaryIs></Polygon></Placemark>
    <Placemark><name>2432 Oregon St · ADU</name><styleUrl>#t1</styleUrl><Polygon><extrude>1</extrude><altitudeMode>relativeToGround</altitudeMode><outerBoundaryIs><LinearRing><coordinates>-122.257786,37.858489,4 -122.257650,37.858489,4 -122.257650,37.858596,4 -122.257786,37.858596,4 -122.257786,37.858489,4</coordinates></LinearRing></outerBoundaryIs></Polygon></Placemark>
    <Placemark><name>2806 Kelsey St · ADU</name><styleUrl>#t1</styleUrl><Polygon><extrude>1</extrude><altitudeMode>relativeToGround</altitudeMode><outerBoundaryIs><LinearRing><coordinates>-122.250515,37.859605,4 -122.250379,37.859605,4 -122.250379,37.859712,4 -122.250515,37.859712,4 -122.250515,37.859605,4</coordinates></LinearRing></outerBoundaryIs></Polygon></Placemark>
    <Placemark><name>2877 California St · ADU</name><styleUrl>#t1</styleUrl><Polygon><extrude>1</extrude><altitudeMode>relativeToGround</altitudeMode><outerBoundaryIs><LinearRing><coordinates>-122.277097,37.855623,4 -122.276960,37.855623,4 -122.276960,37.855731,4 -122.277097,37.855731,4 -122.277097,37.855623,4</coordinates></LinearRing></outerBoundaryIs></Polygon></Placemark>
    <Placemark><name>6450 Mystic St · ADU</name><styleUrl>#t1</styleUrl><Polygon><extrude>1</extrude><altitudeMode>relativeToGround</altitudeMode><outerBoundaryIs><LinearRing><coordinates>-122.249419,37.851621,4 -122.249283,37.851621,4 -122.249283,37.851729,4 -122.249419,37.851729,4 -122.249419,37.851621,4</coordinates></LinearRing></outerBoundaryIs></Polygon></Placemark>
    <Placemark><name>911 Regal Rd · ADU</name><styleUrl>#t1</styleUrl><Polygon><extrude>1</extrude><altitudeMode>relativeToGround</altitudeMode><outerBoundaryIs><LinearRing><coordinates>-122.264883,37.894465,4 -122.264746,37.894465,4 -122.264746,37.894572,4 -122.264883,37.894572,4 -122.264883,37.894465,4</coordinates></LinearRing></outerBoundaryIs></Polygon></Placemark>
    <Placemark><name>1825 Berkeley (1) · ADU</name><styleUrl>#t1</styleUrl><Polygon><extrude>1</extrude><altitudeMode>relativeToGround</altitudeMode><outerBoundaryIs><LinearRing><coordinates>-122.274273,37.872519,4 -122.274136,37.872519,4 -122.274136,37.872627,4 -122.274273,37.872627,4 -122.274273,37.872519,4</coordinates></LinearRing></outerBoundaryIs></Polygon></Placemark>
    <Placemark><name>116 The Uplands · ADU</name><styleUrl>#t1</styleUrl><Polygon><extrude>1</extrude><altitudeMode>relativeToGround</altitudeMode><outerBoundaryIs><LinearRing><coordinates>-122.243508,37.853543,4 -122.243372,37.853543,4 -122.243372,37.853650,4 -122.243508,37.853650,4 -122.243508,37.853543,4</coordinates></LinearRing></outerBoundaryIs></Polygon></Placemark>
    <Placemark><name>1414 Seventh St · ADU</name><styleUrl>#t1</styleUrl><Polygon><extrude>1</extrude><altitudeMode>relativeToGround</altitudeMode><outerBoundaryIs><LinearRing><coordinates>-122.299969,37.877328,4 -122.299832,37.877328,4 -122.299832,37.877435,4 -122.299969,37.877435,4 -122.299969,37.877328,4</coordinates></LinearRing></outerBoundaryIs></Polygon></Placemark>
    <Placemark><name>1462 San Pablo Ave · ADU</name><styleUrl>#t1</styleUrl><Polygon><extrude>1</extrude><altitudeMode>relativeToGround</altitudeMode><outerBoundaryIs><LinearRing><coordinates>-122.295036,37.876451,4 -122.294899,37.876451,4 -122.294899,37.876558,4 -122.295036,37.876558,4 -122.295036,37.876451,4</coordinates></LinearRing></outerBoundaryIs></Polygon></Placemark>
    <Placemark><name>1620 Dwight Way · ADU</name><styleUrl>#t1</styleUrl><Polygon><extrude>1</extrude><altitudeMode>relativeToGround</altitudeMode><outerBoundaryIs><LinearRing><coordinates>-122.277935,37.862292,4 -122.277798,37.862292,4 -122.277798,37.862400,4 -122.277935,37.862400,4 -122.277935,37.862292,4</coordinates></LinearRing></outerBoundaryIs></Polygon></Placemark>
    <Placemark><name>1625 Chestnut St · ADU</name><styleUrl>#t1</styleUrl><Polygon><extrude>1</extrude><altitudeMode>relativeToGround</altitudeMode><outerBoundaryIs><LinearRing><coordinates>-122.288433,37.874877,4 -122.288296,37.874877,4 -122.288296,37.874984,4 -122.288433,37.874984,4 -122.288433,37.874877,4</coordinates></LinearRing></outerBoundaryIs></Polygon></Placemark>
    <Placemark><name>1925 Hopkins St · ADU</name><styleUrl>#t1</styleUrl><Polygon><extrude>1</extrude><altitudeMode>relativeToGround</altitudeMode><outerBoundaryIs><LinearRing><coordinates>-122.274513,37.886265,4 -122.274377,37.886265,4 -122.274377,37.886373,4 -122.274513,37.886373,4 -122.274513,37.886265,4</coordinates></LinearRing></outerBoundaryIs></Polygon></Placemark>
    <Placemark><name>2022 Dwight Way · ADU</name><styleUrl>#t1</styleUrl><Polygon><extrude>1</extrude><altitudeMode>relativeToGround</altitudeMode><outerBoundaryIs><LinearRing><coordinates>-122.268653,37.863498,4 -122.268517,37.863498,4 -122.268517,37.863606,4 -122.268653,37.863606,4 -122.268653,37.863498,4</coordinates></LinearRing></outerBoundaryIs></Polygon></Placemark>
    <Placemark><name>2237 Derby St · ADU</name><styleUrl>#t1</styleUrl><Polygon><extrude>1</extrude><altitudeMode>relativeToGround</altitudeMode><outerBoundaryIs><LinearRing><coordinates>-122.262991,37.861098,4 -122.262855,37.861098,4 -122.262855,37.861206,4 -122.262991,37.861206,4 -122.262991,37.861098,4</coordinates></LinearRing></outerBoundaryIs></Polygon></Placemark>
    <Placemark><name>2225 Hearst Ave · ADU</name><styleUrl>#t1</styleUrl><Polygon><extrude>1</extrude><altitudeMode>relativeToGround</altitudeMode><outerBoundaryIs><LinearRing><coordinates>-122.265859,37.874333,4 -122.265722,37.874333,4 -122.265722,37.874441,4 -122.265859,37.874441,4 -122.265859,37.874333,4</coordinates></LinearRing></outerBoundaryIs></Polygon></Placemark>
    <Placemark><name>2473 Prince St · ADU</name><styleUrl>#t1</styleUrl><Polygon><extrude>1</extrude><altitudeMode>relativeToGround</altitudeMode><outerBoundaryIs><LinearRing><coordinates>-122.256962,37.854101,4 -122.256826,37.854101,4 -122.256826,37.854209,4 -122.256962,37.854209,4 -122.256962,37.854101,4</coordinates></LinearRing></outerBoundaryIs></Polygon></Placemark>
    <Placemark><name>2724 Alcatraz Ave · ADU</name><styleUrl>#t1</styleUrl><Polygon><extrude>1</extrude><altitudeMode>relativeToGround</altitudeMode><outerBoundaryIs><LinearRing><coordinates>-122.251323,37.851319,4 -122.251187,37.851319,4 -122.251187,37.851427,4 -122.251323,37.851427,4 -122.251323,37.851319,4</coordinates></LinearRing></outerBoundaryIs></Polygon></Placemark>
    <Placemark><name>30 Alamo Ave · ADU</name><styleUrl>#t1</styleUrl><Polygon><extrude>1</extrude><altitudeMode>relativeToGround</altitudeMode><outerBoundaryIs><LinearRing><coordinates>-122.269610,37.899151,4 -122.269474,37.899151,4 -122.269474,37.899258,4 -122.269610,37.899258,4 -122.269610,37.899151,4</coordinates></LinearRing></outerBoundaryIs></Polygon></Placemark>
    <Placemark><name>3005 Harper St · ADU</name><styleUrl>#t1</styleUrl><Polygon><extrude>1</extrude><altitudeMode>relativeToGround</altitudeMode><outerBoundaryIs><LinearRing><coordinates>-122.271904,37.853858,4 -122.271767,37.853858,4 -122.271767,37.853966,4 -122.271904,37.853966,4 -122.271904,37.853858,4</coordinates></LinearRing></outerBoundaryIs></Polygon></Placemark>
    <Placemark><name>3038 Benvenue Ave · ADU</name><styleUrl>#t1</styleUrl><Polygon><extrude>1</extrude><altitudeMode>relativeToGround</altitudeMode><outerBoundaryIs><LinearRing><coordinates>-122.254233,37.854486,4 -122.254096,37.854486,4 -122.254096,37.854594,4 -122.254233,37.854594,4 -122.254233,37.854486,4</coordinates></LinearRing></outerBoundaryIs></Polygon></Placemark>
    <Placemark><name>3139 Eton Ave · ADU</name><styleUrl>#t1</styleUrl><Polygon><extrude>1</extrude><altitudeMode>relativeToGround</altitudeMode><outerBoundaryIs><LinearRing><coordinates>-122.250223,37.852871,4 -122.250087,37.852871,4 -122.250087,37.852979,4 -122.250223,37.852979,4 -122.250223,37.852871,4</coordinates></LinearRing></outerBoundaryIs></Polygon></Placemark>
    <Placemark><name>808 Camelia St · ADU</name><styleUrl>#t1</styleUrl><Polygon><extrude>1</extrude><altitudeMode>relativeToGround</altitudeMode><outerBoundaryIs><LinearRing><coordinates>-122.301409,37.877220,4 -122.301272,37.877220,4 -122.301272,37.877327,4 -122.301409,37.877327,4 -122.301409,37.877220,4</coordinates></LinearRing></outerBoundaryIs></Polygon></Placemark>
    <Placemark><name>1074 Spruce St · ADU</name><styleUrl>#t1</styleUrl><Polygon><extrude>1</extrude><altitudeMode>relativeToGround</altitudeMode><outerBoundaryIs><LinearRing><coordinates>-122.267201,37.889127,4 -122.267064,37.889127,4 -122.267064,37.889234,4 -122.267201,37.889234,4 -122.267201,37.889127,4</coordinates></LinearRing></outerBoundaryIs></Polygon></Placemark>
    <Placemark><name>1301 Blake St · ADU</name><styleUrl>#t1</styleUrl><Polygon><extrude>1</extrude><altitudeMode>relativeToGround</altitudeMode><outerBoundaryIs><LinearRing><coordinates>-122.285242,37.860948,4 -122.285105,37.860948,4 -122.285105,37.861056,4 -122.285242,37.861056,4 -122.285242,37.860948,4</coordinates></LinearRing></outerBoundaryIs></Polygon></Placemark>
    <Placemark><name>1417 Northside Ave · ADU</name><styleUrl>#t1</styleUrl><Polygon><extrude>1</extrude><altitudeMode>relativeToGround</altitudeMode><outerBoundaryIs><LinearRing><coordinates>-122.289607,37.878283,4 -122.289470,37.878283,4 -122.289470,37.878391,4 -122.289607,37.878391,4 -122.289607,37.878283,4</coordinates></LinearRing></outerBoundaryIs></Polygon></Placemark>
    <Placemark><name>1575 Portland Ave · ADU</name><styleUrl>#t1</styleUrl><Polygon><extrude>1</extrude><altitudeMode>relativeToGround</altitudeMode><outerBoundaryIs><LinearRing><coordinates>-122.286109,37.894850,4 -122.285973,37.894850,4 -122.285973,37.894957,4 -122.286109,37.894957,4 -122.286109,37.894850,4</coordinates></LinearRing></outerBoundaryIs></Polygon></Placemark>
    <Placemark><name>2429 Ninth St · ADU</name><styleUrl>#t1</styleUrl><Polygon><extrude>1</extrude><altitudeMode>relativeToGround</altitudeMode><outerBoundaryIs><LinearRing><coordinates>-122.291756,37.861397,4 -122.291619,37.861397,4 -122.291619,37.861505,4 -122.291756,37.861505,4 -122.291756,37.861397,4</coordinates></LinearRing></outerBoundaryIs></Polygon></Placemark>
    <Placemark><name>2633 Etna St · ADU</name><styleUrl>#t1</styleUrl><Polygon><extrude>1</extrude><altitudeMode>relativeToGround</altitudeMode><outerBoundaryIs><LinearRing><coordinates>-122.252200,37.862707,4 -122.252063,37.862707,4 -122.252063,37.862814,4 -122.252200,37.862814,4 -122.252200,37.862707,4</coordinates></LinearRing></outerBoundaryIs></Polygon></Placemark>
    <Placemark><name>2842 Fulton St · ADU</name><styleUrl>#t1</styleUrl><Polygon><extrude>1</extrude><altitudeMode>relativeToGround</altitudeMode><outerBoundaryIs><LinearRing><coordinates>-122.264146,37.857300,4 -122.264010,37.857300,4 -122.264010,37.857407,4 -122.264146,37.857407,4 -122.264146,37.857300,4</coordinates></LinearRing></outerBoundaryIs></Polygon></Placemark>
    <Placemark><name>1071 Euclid Ave · ADU</name><styleUrl>#t1</styleUrl><Polygon><extrude>1</extrude><altitudeMode>relativeToGround</altitudeMode><outerBoundaryIs><LinearRing><coordinates>-122.262698,37.890449,4 -122.262561,37.890449,4 -122.262561,37.890557,4 -122.262698,37.890557,4 -122.262698,37.890449,4</coordinates></LinearRing></outerBoundaryIs></Polygon></Placemark>
    <Placemark><name>1253 Carrison St · ADU</name><styleUrl>#t1</styleUrl><Polygon><extrude>1</extrude><altitudeMode>relativeToGround</altitudeMode><outerBoundaryIs><LinearRing><coordinates>-122.284191,37.852032,4 -122.284054,37.852032,4 -122.284054,37.852139,4 -122.284191,37.852139,4 -122.284191,37.852032,4</coordinates></LinearRing></outerBoundaryIs></Polygon></Placemark>
    <Placemark><name>1615 Tyler St · ADU</name><styleUrl>#t1</styleUrl><Polygon><extrude>1</extrude><altitudeMode>relativeToGround</altitudeMode><outerBoundaryIs><LinearRing><coordinates>-122.276005,37.852985,4 -122.275868,37.852985,4 -122.275868,37.853093,4 -122.276005,37.853093,4 -122.276005,37.852985,4</coordinates></LinearRing></outerBoundaryIs></Polygon></Placemark>
    <Placemark><name>1901 Chestnut St · ADU</name><styleUrl>#t1</styleUrl><Polygon><extrude>1</extrude><altitudeMode>relativeToGround</altitudeMode><outerBoundaryIs><LinearRing><coordinates>-122.288039,37.870955,4 -122.287903,37.870955,4 -122.287903,37.871063,4 -122.288039,37.871063,4 -122.288039,37.870955,4</coordinates></LinearRing></outerBoundaryIs></Polygon></Placemark>
    <Placemark><name>20 Oakvale Ave · ADU</name><styleUrl>#t1</styleUrl><Polygon><extrude>1</extrude><altitudeMode>relativeToGround</altitudeMode><outerBoundaryIs><LinearRing><coordinates>-122.246125,37.855372,4 -122.245989,37.855372,4 -122.245989,37.855480,4 -122.246125,37.855480,4 -122.246125,37.855372,4</coordinates></LinearRing></outerBoundaryIs></Polygon></Placemark>
    <Placemark><name>2424 Edwards St · ADU</name><styleUrl>#t1</styleUrl><Polygon><extrude>1</extrude><altitudeMode>relativeToGround</altitudeMode><outerBoundaryIs><LinearRing><coordinates>-122.282542,37.862909,4 -122.282405,37.862909,4 -122.282405,37.863017,4 -122.282542,37.863017,4 -122.282542,37.862909,4</coordinates></LinearRing></outerBoundaryIs></Polygon></Placemark>
    <Placemark><name>2605 Ashby Ave · ADU</name><styleUrl>#t1</styleUrl><Polygon><extrude>1</extrude><altitudeMode>relativeToGround</altitudeMode><outerBoundaryIs><LinearRing><coordinates>-122.255270,37.856992,4 -122.255134,37.856992,4 -122.255134,37.857100,4 -122.255270,37.857100,4 -122.255270,37.856992,4</coordinates></LinearRing></outerBoundaryIs></Polygon></Placemark>
    <Placemark><name>3020 Benvenue Ave · ADU</name><styleUrl>#t1</styleUrl><Polygon><extrude>1</extrude><altitudeMode>relativeToGround</altitudeMode><outerBoundaryIs><LinearRing><coordinates>-122.254275,37.854945,4 -122.254139,37.854945,4 -122.254139,37.855053,4 -122.254275,37.855053,4 -122.254275,37.854945,4</coordinates></LinearRing></outerBoundaryIs></Polygon></Placemark>
    <Placemark><name>3129 Lewiston Ave · ADU</name><styleUrl>#t1</styleUrl><Polygon><extrude>1</extrude><altitudeMode>relativeToGround</altitudeMode><outerBoundaryIs><LinearRing><coordinates>-122.251361,37.852826,4 -122.251224,37.852826,4 -122.251224,37.852933,4 -122.251361,37.852933,4 -122.251361,37.852826,4</coordinates></LinearRing></outerBoundaryIs></Polygon></Placemark>
    <Placemark><name>734 Peralta Ave · ADU</name><styleUrl>#t1</styleUrl><Polygon><extrude>1</extrude><altitudeMode>relativeToGround</altitudeMode><outerBoundaryIs><LinearRing><coordinates>-122.285957,37.893910,4 -122.285821,37.893910,4 -122.285821,37.894018,4 -122.285957,37.894018,4 -122.285957,37.893910,4</coordinates></LinearRing></outerBoundaryIs></Polygon></Placemark>
    <Placemark><name>956 Jones St · ADU</name><styleUrl>#t1</styleUrl><Polygon><extrude>1</extrude><altitudeMode>relativeToGround</altitudeMode><outerBoundaryIs><LinearRing><coordinates>-122.297700,37.875468,4 -122.297564,37.875468,4 -122.297564,37.875576,4 -122.297700,37.875576,4 -122.297700,37.875468,4</coordinates></LinearRing></outerBoundaryIs></Polygon></Placemark>
    <Placemark><name>1516 Hopkins St · ADU</name><styleUrl>#t1</styleUrl><Polygon><extrude>1</extrude><altitudeMode>relativeToGround</altitudeMode><outerBoundaryIs><LinearRing><coordinates>-122.282777,37.880918,4 -122.282640,37.880918,4 -122.282640,37.881026,4 -122.282777,37.881026,4 -122.282777,37.880918,4</coordinates></LinearRing></outerBoundaryIs></Polygon></Placemark>
    <Placemark><name>1621 Eighth St · ADU</name><styleUrl>#t1</styleUrl><Polygon><extrude>1</extrude><altitudeMode>relativeToGround</altitudeMode><outerBoundaryIs><LinearRing><coordinates>-122.296977,37.873705,4 -122.296841,37.873705,4 -122.296841,37.873813,4 -122.296977,37.873813,4 -122.296977,37.873705,4</coordinates></LinearRing></outerBoundaryIs></Polygon></Placemark>
    <Placemark><name>2334 Jefferson Ave · ADU</name><styleUrl>#t1</styleUrl><Polygon><extrude>1</extrude><altitudeMode>relativeToGround</altitudeMode><outerBoundaryIs><LinearRing><coordinates>-122.278438,37.864963,4 -122.278302,37.864963,4 -122.278302,37.865071,4 -122.278438,37.865071,4 -122.278438,37.864963,4</coordinates></LinearRing></outerBoundaryIs></Polygon></Placemark>
    <Placemark><name>3004 Acton St · ADU</name><styleUrl>#t1</styleUrl><Polygon><extrude>1</extrude><altitudeMode>relativeToGround</altitudeMode><outerBoundaryIs><LinearRing><coordinates>-122.281728,37.852859,4 -122.281592,37.852859,4 -122.281592,37.852967,4 -122.281728,37.852967,4 -122.281728,37.852859,4</coordinates></LinearRing></outerBoundaryIs></Polygon></Placemark>
    <Placemark><name>1815 Curtis St · ADU</name><styleUrl>#t1</styleUrl><Polygon><extrude>1</extrude><altitudeMode>relativeToGround</altitudeMode><outerBoundaryIs><LinearRing><coordinates>-122.289466,37.871447,4 -122.289330,37.871447,4 -122.289330,37.871555,4 -122.289466,37.871555,4 -122.289466,37.871447,4</coordinates></LinearRing></outerBoundaryIs></Polygon></Placemark>
    <Placemark><name>1538 Acton St · ADU</name><styleUrl>#t1</styleUrl><Polygon><extrude>1</extrude><altitudeMode>relativeToGround</altitudeMode><outerBoundaryIs><LinearRing><coordinates>-122.285424,37.876909,4 -122.285288,37.876909,4 -122.285288,37.877017,4 -122.285424,37.877017,4 -122.285424,37.876909,4</coordinates></LinearRing></outerBoundaryIs></Polygon></Placemark>
    <Placemark><name>2224 Stuart St · ADU</name><styleUrl>#t1</styleUrl><Polygon><extrude>1</extrude><altitudeMode>relativeToGround</altitudeMode><outerBoundaryIs><LinearRing><coordinates>-122.262959,37.858730,4 -122.262822,37.858730,4 -122.262822,37.858838,4 -122.262959,37.858838,4 -122.262959,37.858730,4</coordinates></LinearRing></outerBoundaryIs></Polygon></Placemark>
    <Placemark><name>1342 Haskell St · ADU</name><styleUrl>#t1</styleUrl><Polygon><extrude>1</extrude><altitudeMode>relativeToGround</altitudeMode><outerBoundaryIs><LinearRing><coordinates>-122.281553,37.851131,4 -122.281417,37.851131,4 -122.281417,37.851239,4 -122.281553,37.851239,4 -122.281553,37.851131,4</coordinates></LinearRing></outerBoundaryIs></Polygon></Placemark>
    <Placemark><name>1531 Derby St · ADU</name><styleUrl>#t1</styleUrl><Polygon><extrude>1</extrude><altitudeMode>relativeToGround</altitudeMode><outerBoundaryIs><LinearRing><coordinates>-122.278995,37.859089,4 -122.278858,37.859089,4 -122.278858,37.859196,4 -122.278995,37.859196,4 -122.278995,37.859089,4</coordinates></LinearRing></outerBoundaryIs></Polygon></Placemark>
    <Placemark><name>2223 Seventh St · ADU</name><styleUrl>#t1</styleUrl><Polygon><extrude>1</extrude><altitudeMode>relativeToGround</altitudeMode><outerBoundaryIs><LinearRing><coordinates>-122.295214,37.864633,4 -122.295078,37.864633,4 -122.295078,37.864741,4 -122.295214,37.864741,4 -122.295214,37.864633,4</coordinates></LinearRing></outerBoundaryIs></Polygon></Placemark>
    <Placemark><name>2915 Pine Ave · ADU</name><styleUrl>#t1</styleUrl><Polygon><extrude>1</extrude><altitudeMode>relativeToGround</altitudeMode><outerBoundaryIs><LinearRing><coordinates>-122.248211,37.858124,4 -122.248075,37.858124,4 -122.248075,37.858232,4 -122.248211,37.858232,4 -122.248211,37.858124,4</coordinates></LinearRing></outerBoundaryIs></Polygon></Placemark>
    <Placemark><name>3011 College Ave · ADU</name><styleUrl>#t1</styleUrl><Polygon><extrude>1</extrude><altitudeMode>relativeToGround</altitudeMode><outerBoundaryIs><LinearRing><coordinates>-122.252644,37.855286,4 -122.252508,37.855286,4 -122.252508,37.855394,4 -122.252644,37.855394,4 -122.252644,37.855286,4</coordinates></LinearRing></outerBoundaryIs></Polygon></Placemark>
    <Placemark><name>1169 Cragmont Ave · ADU</name><styleUrl>#t1</styleUrl><Polygon><extrude>1</extrude><altitudeMode>relativeToGround</altitudeMode><outerBoundaryIs><LinearRing><coordinates>-122.257733,37.888972,4 -122.257597,37.888972,4 -122.257597,37.889080,4 -122.257733,37.889080,4 -122.257733,37.888972,4</coordinates></LinearRing></outerBoundaryIs></Polygon></Placemark>
    <Placemark><name>122 Avenida Dr · ADU</name><styleUrl>#t1</styleUrl><Polygon><extrude>1</extrude><altitudeMode>relativeToGround</altitudeMode><outerBoundaryIs><LinearRing><coordinates>-122.249509,37.883594,4 -122.249372,37.883594,4 -122.249372,37.883702,4 -122.249509,37.883702,4 -122.249509,37.883594,4</coordinates></LinearRing></outerBoundaryIs></Polygon></Placemark>
    <Placemark><name>1207 Virginia St · ADU</name><styleUrl>#t1</styleUrl><Polygon><extrude>1</extrude><altitudeMode>relativeToGround</altitudeMode><outerBoundaryIs><LinearRing><coordinates>-122.289853,37.874103,4 -122.289716,37.874103,4 -122.289716,37.874211,4 -122.289853,37.874211,4 -122.289853,37.874103,4</coordinates></LinearRing></outerBoundaryIs></Polygon></Placemark>
    <Placemark><name>1224 Stannage Ave · ADU</name><styleUrl>#t1</styleUrl><Polygon><extrude>1</extrude><altitudeMode>relativeToGround</altitudeMode><outerBoundaryIs><LinearRing><coordinates>-122.294671,37.881630,4 -122.294534,37.881630,4 -122.294534,37.881738,4 -122.294671,37.881738,4 -122.294671,37.881630,4</coordinates></LinearRing></outerBoundaryIs></Polygon></Placemark>
    <Placemark><name>110 Fairlawn Dr · ADU</name><styleUrl>#t1</styleUrl><Polygon><extrude>1</extrude><altitudeMode>relativeToGround</altitudeMode><outerBoundaryIs><LinearRing><coordinates>-122.251922,37.886070,4 -122.251785,37.886070,4 -122.251785,37.886178,4 -122.251922,37.886178,4 -122.251922,37.886070,4</coordinates></LinearRing></outerBoundaryIs></Polygon></Placemark>
    <Placemark><name>1157 Amador Ave · ADU</name><styleUrl>#t1</styleUrl><Polygon><extrude>1</extrude><altitudeMode>relativeToGround</altitudeMode><outerBoundaryIs><LinearRing><coordinates>-122.270349,37.886645,4 -122.270212,37.886645,4 -122.270212,37.886753,4 -122.270349,37.886753,4 -122.270349,37.886645,4</coordinates></LinearRing></outerBoundaryIs></Polygon></Placemark>
    <Placemark><name>2634 Piedmont Ave · ADU</name><styleUrl>#t1</styleUrl><Polygon><extrude>1</extrude><altitudeMode>relativeToGround</altitudeMode><outerBoundaryIs><LinearRing><coordinates>-122.251737,37.862735,4 -122.251600,37.862735,4 -122.251600,37.862843,4 -122.251737,37.862843,4 -122.251737,37.862735,4</coordinates></LinearRing></outerBoundaryIs></Polygon></Placemark>
    <Placemark><name>2954 Russell St · ADU</name><styleUrl>#t1</styleUrl><Polygon><extrude>1</extrude><altitudeMode>relativeToGround</altitudeMode><outerBoundaryIs><LinearRing><coordinates>-122.246164,37.858599,4 -122.246028,37.858599,4 -122.246028,37.858707,4 -122.246164,37.858707,4 -122.246164,37.858599,4</coordinates></LinearRing></outerBoundaryIs></Polygon></Placemark>
    <Placemark><name>1004 Addison St · ADU</name><styleUrl>#t1</styleUrl><Polygon><extrude>1</extrude><altitudeMode>relativeToGround</altitudeMode><outerBoundaryIs><LinearRing><coordinates>-122.293667,37.867175,4 -122.293531,37.867175,4 -122.293531,37.867283,4 -122.293667,37.867283,4 -122.293667,37.867175,4</coordinates></LinearRing></outerBoundaryIs></Polygon></Placemark>
    <Placemark><name>123 Parkside Dr · ADU</name><styleUrl>#t1</styleUrl><Polygon><extrude>1</extrude><altitudeMode>relativeToGround</altitudeMode><outerBoundaryIs><LinearRing><coordinates>-122.242773,37.854459,4 -122.242636,37.854459,4 -122.242636,37.854567,4 -122.242773,37.854567,4 -122.242773,37.854459,4</coordinates></LinearRing></outerBoundaryIs></Polygon></Placemark>
    <Placemark><name>1234 Allston Way · ADU</name><styleUrl>#t1</styleUrl><Polygon><extrude>1</extrude><altitudeMode>relativeToGround</altitudeMode><outerBoundaryIs><LinearRing><coordinates>-122.287549,37.866611,4 -122.287412,37.866611,4 -122.287412,37.866719,4 -122.287549,37.866719,4 -122.287549,37.866611,4</coordinates></LinearRing></outerBoundaryIs></Polygon></Placemark>
    <Placemark><name>1357 Northside Ave · ADU</name><styleUrl>#t1</styleUrl><Polygon><extrude>1</extrude><altitudeMode>relativeToGround</altitudeMode><outerBoundaryIs><LinearRing><coordinates>-122.289361,37.878961,4 -122.289224,37.878961,4 -122.289224,37.879069,4 -122.289361,37.879069,4 -122.289361,37.878961,4</coordinates></LinearRing></outerBoundaryIs></Polygon></Placemark>
    <Placemark><name>1449 Fifth St · ADU</name><styleUrl>#t1</styleUrl><Polygon><extrude>1</extrude><altitudeMode>relativeToGround</altitudeMode><outerBoundaryIs><LinearRing><coordinates>-122.301099,37.875681,4 -122.300963,37.875681,4 -122.300963,37.875789,4 -122.301099,37.875789,4 -122.301099,37.875681,4</coordinates></LinearRing></outerBoundaryIs></Polygon></Placemark>
    <Placemark><name>1517 Holly St · ADU</name><styleUrl>#t1</styleUrl><Polygon><extrude>1</extrude><altitudeMode>relativeToGround</altitudeMode><outerBoundaryIs><LinearRing><coordinates>-122.281341,37.877346,4 -122.281205,37.877346,4 -122.281205,37.877454,4 -122.281341,37.877454,4 -122.281341,37.877346,4</coordinates></LinearRing></outerBoundaryIs></Polygon></Placemark>
    <Placemark><name>1729 Virginia St · ADU</name><styleUrl>#t1</styleUrl><Polygon><extrude>1</extrude><altitudeMode>relativeToGround</altitudeMode><outerBoundaryIs><LinearRing><coordinates>-122.276845,37.875767,4 -122.276708,37.875767,4 -122.276708,37.875875,4 -122.276845,37.875875,4 -122.276845,37.875767,4</coordinates></LinearRing></outerBoundaryIs></Polygon></Placemark>
    <Placemark><name>1120 Parker St · ADU</name><styleUrl>#t1</styleUrl><Polygon><extrude>1</extrude><altitudeMode>relativeToGround</altitudeMode><outerBoundaryIs><LinearRing><coordinates>-122.287985,37.859207,4 -122.287848,37.859207,4 -122.287848,37.859314,4 -122.287985,37.859314,4 -122.287985,37.859207,4</coordinates></LinearRing></outerBoundaryIs></Polygon></Placemark>
    <Placemark><name>1206 Oregon St · ADU</name><styleUrl>#t1</styleUrl><Polygon><extrude>1</extrude><altitudeMode>relativeToGround</altitudeMode><outerBoundaryIs><LinearRing><coordinates>-122.286221,37.854821,4 -122.286084,37.854821,4 -122.286084,37.854929,4 -122.286221,37.854929,4 -122.286221,37.854821,4</coordinates></LinearRing></outerBoundaryIs></Polygon></Placemark>
    <Placemark><name>1211 Haskell St · ADU</name><styleUrl>#t1</styleUrl><Polygon><extrude>1</extrude><altitudeMode>relativeToGround</altitudeMode><outerBoundaryIs><LinearRing><coordinates>-122.285118,37.850960,4 -122.284982,37.850960,4 -122.284982,37.851067,4 -122.285118,37.851067,4 -122.285118,37.850960,4</coordinates></LinearRing></outerBoundaryIs></Polygon></Placemark>
    <Placemark><name>1641 Eighth St · ADU</name><styleUrl>#t1</styleUrl><Polygon><extrude>1</extrude><altitudeMode>relativeToGround</altitudeMode><outerBoundaryIs><LinearRing><coordinates>-122.296806,37.873180,4 -122.296669,37.873180,4 -122.296669,37.873288,4 -122.296806,37.873288,4 -122.296806,37.873180,4</coordinates></LinearRing></outerBoundaryIs></Polygon></Placemark>
    <Placemark><name>2435 Byron St · ADU</name><styleUrl>#t1</styleUrl><Polygon><extrude>1</extrude><altitudeMode>relativeToGround</altitudeMode><outerBoundaryIs><LinearRing><coordinates>-122.288669,37.861722,4 -122.288533,37.861722,4 -122.288533,37.861829,4 -122.288669,37.861829,4 -122.288669,37.861722,4</coordinates></LinearRing></outerBoundaryIs></Polygon></Placemark>
    <Placemark><name>2300 Ashby Ave · ADU</name><styleUrl>#t1</styleUrl><Polygon><extrude>1</extrude><altitudeMode>relativeToGround</altitudeMode><outerBoundaryIs><LinearRing><coordinates>-122.261149,37.855662,4 -122.261012,37.855662,4 -122.261012,37.855770,4 -122.261149,37.855770,4 -122.261149,37.855662,4</coordinates></LinearRing></outerBoundaryIs></Polygon></Placemark>
    <Placemark><name>2374 Eunice St · ADU</name><styleUrl>#t1</styleUrl><Polygon><extrude>1</extrude><altitudeMode>relativeToGround</altitudeMode><outerBoundaryIs><LinearRing><coordinates>-122.263745,37.886151,4 -122.263608,37.886151,4 -122.263608,37.886259,4 -122.263745,37.886259,4 -122.263745,37.886151,4</coordinates></LinearRing></outerBoundaryIs></Polygon></Placemark>
    <Placemark><name>2712 Prince St · ADU</name><styleUrl>#t1</styleUrl><Polygon><extrude>1</extrude><altitudeMode>relativeToGround</altitudeMode><outerBoundaryIs><LinearRing><coordinates>-122.252265,37.854602,4 -122.252129,37.854602,4 -122.252129,37.854710,4 -122.252265,37.854710,4 -122.252265,37.854602,4</coordinates></LinearRing></outerBoundaryIs></Polygon></Placemark>
    <Placemark><name>2751 Prince St · ADU</name><styleUrl>#t1</styleUrl><Polygon><extrude>1</extrude><altitudeMode>relativeToGround</altitudeMode><outerBoundaryIs><LinearRing><coordinates>-122.250635,37.855223,4 -122.250498,37.855223,4 -122.250498,37.855331,4 -122.250635,37.855331,4 -122.250635,37.855223,4</coordinates></LinearRing></outerBoundaryIs></Polygon></Placemark>
    <Placemark><name>3040 Tremont St · ADU</name><styleUrl>#t1</styleUrl><Polygon><extrude>1</extrude><altitudeMode>relativeToGround</altitudeMode><outerBoundaryIs><LinearRing><coordinates>-122.268608,37.853358,4 -122.268471,37.853358,4 -122.268471,37.853466,4 -122.268608,37.853466,4 -122.268608,37.853358,4</coordinates></LinearRing></outerBoundaryIs></Polygon></Placemark>
    <Placemark><name>1444 Neilson St · ADU</name><styleUrl>#t1</styleUrl><Polygon><extrude>1</extrude><altitudeMode>relativeToGround</altitudeMode><outerBoundaryIs><LinearRing><coordinates>-122.290901,37.877575,4 -122.290764,37.877575,4 -122.290764,37.877682,4 -122.290901,37.877682,4 -122.290901,37.877575,4</coordinates></LinearRing></outerBoundaryIs></Polygon></Placemark>
    <Placemark><name>1518 Hawthorne Ter · ADU</name><styleUrl>#t1</styleUrl><Polygon><extrude>1</extrude><altitudeMode>relativeToGround</altitudeMode><outerBoundaryIs><LinearRing><coordinates>-122.262867,37.880678,4 -122.262731,37.880678,4 -122.262731,37.880786,4 -122.262867,37.880786,4 -122.262867,37.880678,4</coordinates></LinearRing></outerBoundaryIs></Polygon></Placemark>
    <Placemark><name>1218 Evelyn Ave · ADU</name><styleUrl>#t1</styleUrl><Polygon><extrude>1</extrude><altitudeMode>relativeToGround</altitudeMode><outerBoundaryIs><LinearRing><coordinates>-122.292165,37.882253,4 -122.292029,37.882253,4 -122.292029,37.882361,4 -122.292165,37.882361,4 -122.292165,37.882253,4</coordinates></LinearRing></outerBoundaryIs></Polygon></Placemark>
    <Placemark><name>1417 Josephine St · ADU</name><styleUrl>#t1</styleUrl><Polygon><extrude>1</extrude><altitudeMode>relativeToGround</altitudeMode><outerBoundaryIs><LinearRing><coordinates>-122.274900,37.880559,4 -122.274763,37.880559,4 -122.274763,37.880667,4 -122.274900,37.880667,4 -122.274900,37.880559,4</coordinates></LinearRing></outerBoundaryIs></Polygon></Placemark>
    <Placemark><name>1835 Monterey Ave · ADU</name><styleUrl>#t1</styleUrl><Polygon><extrude>1</extrude><altitudeMode>relativeToGround</altitudeMode><outerBoundaryIs><LinearRing><coordinates>-122.276909,37.888028,4 -122.276772,37.888028,4 -122.276772,37.888136,4 -122.276909,37.888136,4 -122.276909,37.888028,4</coordinates></LinearRing></outerBoundaryIs></Polygon></Placemark>
    <Placemark><name>2135 Roosevelt Ave · ADU</name><styleUrl>#t1</styleUrl><Polygon><extrude>1</extrude><altitudeMode>relativeToGround</altitudeMode><outerBoundaryIs><LinearRing><coordinates>-122.275863,37.868817,4 -122.275726,37.868817,4 -122.275726,37.868925,4 -122.275863,37.868925,4 -122.275863,37.868817,4</coordinates></LinearRing></outerBoundaryIs></Polygon></Placemark>
    <Placemark><name>2217 Eighth St · ADU</name><styleUrl>#t1</styleUrl><Polygon><extrude>1</extrude><altitudeMode>relativeToGround</altitudeMode><outerBoundaryIs><LinearRing><coordinates>-122.294199,37.865105,4 -122.294063,37.865105,4 -122.294063,37.865213,4 -122.294199,37.865213,4 -122.294199,37.865105,4</coordinates></LinearRing></outerBoundaryIs></Polygon></Placemark>
    <Placemark><name>2744 Mathews St · ADU</name><styleUrl>#t1</styleUrl><Polygon><extrude>1</extrude><altitudeMode>relativeToGround</altitudeMode><outerBoundaryIs><LinearRing><coordinates>-122.286287,37.856246,4 -122.286151,37.856246,4 -122.286151,37.856354,4 -122.286287,37.856354,4 -122.286287,37.856246,4</coordinates></LinearRing></outerBoundaryIs></Polygon></Placemark>
    <Placemark><name>2075 Eunice St · ADU</name><styleUrl>#t1</styleUrl><Polygon><extrude>1</extrude><altitudeMode>relativeToGround</altitudeMode><outerBoundaryIs><LinearRing><coordinates>-122.270768,37.885858,4 -122.270631,37.885858,4 -122.270631,37.885965,4 -122.270768,37.885965,4 -122.270768,37.885858,4</coordinates></LinearRing></outerBoundaryIs></Polygon></Placemark>
    <Placemark><name>2504 Grant St · ADU</name><styleUrl>#t1</styleUrl><Polygon><extrude>1</extrude><altitudeMode>relativeToGround</altitudeMode><outerBoundaryIs><LinearRing><coordinates>-122.274651,37.862723,4 -122.274514,37.862723,4 -122.274514,37.862830,4 -122.274651,37.862830,4 -122.274651,37.862723,4</coordinates></LinearRing></outerBoundaryIs></Polygon></Placemark>
    <Placemark><name>2810 Ashby Ave · ADU</name><styleUrl>#t1</styleUrl><Polygon><extrude>1</extrude><altitudeMode>relativeToGround</altitudeMode><outerBoundaryIs><LinearRing><coordinates>-122.250100,37.857508,4 -122.249964,37.857508,4 -122.249964,37.857615,4 -122.250100,37.857615,4 -122.250100,37.857508,4</coordinates></LinearRing></outerBoundaryIs></Polygon></Placemark>
    <Placemark><name>1527 Parker St · ADU</name><styleUrl>#t1</styleUrl><Polygon><extrude>1</extrude><altitudeMode>relativeToGround</altitudeMode><outerBoundaryIs><LinearRing><coordinates>-122.279516,37.860827,4 -122.279380,37.860827,4 -122.279380,37.860934,4 -122.279516,37.860934,4 -122.279516,37.860827,4</coordinates></LinearRing></outerBoundaryIs></Polygon></Placemark>
    <Placemark><name>1805 Franklin St · ADU</name><styleUrl>#t1</styleUrl><Polygon><extrude>1</extrude><altitudeMode>relativeToGround</altitudeMode><outerBoundaryIs><LinearRing><coordinates>-122.285451,37.872162,4 -122.285314,37.872162,4 -122.285314,37.872270,4 -122.285451,37.872270,4 -122.285451,37.872162,4</coordinates></LinearRing></outerBoundaryIs></Polygon></Placemark>
    <Placemark><name>1891 San Juan Ave · ADU</name><styleUrl>#t1</styleUrl><Polygon><extrude>1</extrude><altitudeMode>relativeToGround</altitudeMode><outerBoundaryIs><LinearRing><coordinates>-122.278331,37.897918,4 -122.278195,37.897918,4 -122.278195,37.898026,4 -122.278331,37.898026,4 -122.278331,37.897918,4</coordinates></LinearRing></outerBoundaryIs></Polygon></Placemark>
    <Placemark><name>3030 Hillegass Ave · ADU</name><styleUrl>#t1</styleUrl><Polygon><extrude>1</extrude><altitudeMode>relativeToGround</altitudeMode><outerBoundaryIs><LinearRing><coordinates>-122.255273,37.854493,4 -122.255136,37.854493,4 -122.255136,37.854601,4 -122.255273,37.854601,4 -122.255273,37.854493,4</coordinates></LinearRing></outerBoundaryIs></Polygon></Placemark>
    <Placemark><name>3232 Idaho St · ADU</name><styleUrl>#t1</styleUrl><Polygon><extrude>1</extrude><altitudeMode>relativeToGround</altitudeMode><outerBoundaryIs><LinearRing><coordinates>-122.281891,37.848338,4 -122.281754,37.848338,4 -122.281754,37.848446,4 -122.281891,37.848446,4 -122.281891,37.848338,4</coordinates></LinearRing></outerBoundaryIs></Polygon></Placemark>
    <Placemark><name>825 Peralta Ave · ADU</name><styleUrl>#t1</styleUrl><Polygon><extrude>1</extrude><altitudeMode>relativeToGround</altitudeMode><outerBoundaryIs><LinearRing><coordinates>-122.285508,37.892206,4 -122.285371,37.892206,4 -122.285371,37.892314,4 -122.285508,37.892314,4 -122.285508,37.892206,4</coordinates></LinearRing></outerBoundaryIs></Polygon></Placemark>
    <Placemark><name>905 Hearst Ave · ADU</name><styleUrl>#t1</styleUrl><Polygon><extrude>1</extrude><altitudeMode>relativeToGround</altitudeMode><outerBoundaryIs><LinearRing><coordinates>-122.296897,37.869754,4 -122.296760,37.869754,4 -122.296760,37.869862,4 -122.296897,37.869862,4 -122.296897,37.869754,4</coordinates></LinearRing></outerBoundaryIs></Polygon></Placemark>
    <Placemark><name>1040 Mariposa Ave · ADU</name><styleUrl>#t1</styleUrl><Polygon><extrude>1</extrude><altitudeMode>relativeToGround</altitudeMode><outerBoundaryIs><LinearRing><coordinates>-122.271274,37.888548,4 -122.271137,37.888548,4 -122.271137,37.888656,4 -122.271274,37.888656,4 -122.271274,37.888548,4</coordinates></LinearRing></outerBoundaryIs></Polygon></Placemark>
    <Placemark><name>1014 Mariposa Ave · ADU</name><styleUrl>#t1</styleUrl><Polygon><extrude>1</extrude><altitudeMode>relativeToGround</altitudeMode><outerBoundaryIs><LinearRing><coordinates>-122.270819,37.889279,4 -122.270682,37.889279,4 -122.270682,37.889387,4 -122.270819,37.889387,4 -122.270819,37.889279,4</coordinates></LinearRing></outerBoundaryIs></Polygon></Placemark>
    <Placemark><name>1204 Blake St · ADU</name><styleUrl>#t1</styleUrl><Polygon><extrude>1</extrude><altitudeMode>relativeToGround</altitudeMode><outerBoundaryIs><LinearRing><coordinates>-122.286864,37.860301,4 -122.286727,37.860301,4 -122.286727,37.860409,4 -122.286864,37.860409,4 -122.286864,37.860301,4</coordinates></LinearRing></outerBoundaryIs></Polygon></Placemark>
    <Placemark><name>1214 Dwight · ADU</name><styleUrl>#t1</styleUrl><Polygon><extrude>1</extrude><altitudeMode>relativeToGround</altitudeMode><outerBoundaryIs><LinearRing><coordinates>-122.286572,37.861185,4 -122.286435,37.861185,4 -122.286435,37.861292,4 -122.286572,37.861292,4 -122.286572,37.861185,4</coordinates></LinearRing></outerBoundaryIs></Polygon></Placemark>
    <Placemark><name>1276 Sixty-Fifth · ADU</name><styleUrl>#t1</styleUrl><Polygon><extrude>1</extrude><altitudeMode>relativeToGround</altitudeMode><outerBoundaryIs><LinearRing><coordinates>-122.281992,37.848522,4 -122.281855,37.848522,4 -122.281855,37.848629,4 -122.281992,37.848629,4 -122.281992,37.848522,4</coordinates></LinearRing></outerBoundaryIs></Polygon></Placemark>
    <Placemark><name>1330 Spruce St · ADU</name><styleUrl>#t1</styleUrl><Polygon><extrude>1</extrude><altitudeMode>relativeToGround</altitudeMode><outerBoundaryIs><LinearRing><coordinates>-122.266626,37.882871,4 -122.266490,37.882871,4 -122.266490,37.882978,4 -122.266626,37.882978,4 -122.266626,37.882871,4</coordinates></LinearRing></outerBoundaryIs></Polygon></Placemark>
    <Placemark><name>1547 Posen Ave · ADU</name><styleUrl>#t1</styleUrl><Polygon><extrude>1</extrude><altitudeMode>relativeToGround</altitudeMode><outerBoundaryIs><LinearRing><coordinates>-122.282214,37.885294,4 -122.282078,37.885294,4 -122.282078,37.885401,4 -122.282214,37.885401,4 -122.282214,37.885294,4</coordinates></LinearRing></outerBoundaryIs></Polygon></Placemark>
    <Placemark><name>1642 Ashby · ADU</name><styleUrl>#t1</styleUrl><Polygon><extrude>1</extrude><altitudeMode>relativeToGround</altitudeMode><outerBoundaryIs><LinearRing><coordinates>-122.275219,37.853463,4 -122.275083,37.853463,4 -122.275083,37.853571,4 -122.275219,37.853571,4 -122.275219,37.853463,4</coordinates></LinearRing></outerBoundaryIs></Polygon></Placemark>
    <Placemark><name>2225 Ward · ADU</name><styleUrl>#t1</styleUrl><Polygon><extrude>1</extrude><altitudeMode>relativeToGround</altitudeMode><outerBoundaryIs><LinearRing><coordinates>-122.263389,37.860130,4 -122.263252,37.860130,4 -122.263252,37.860238,4 -122.263389,37.860238,4 -122.263389,37.860130,4</coordinates></LinearRing></outerBoundaryIs></Polygon></Placemark>
    <Placemark><name>2335 Sacramento · ADU</name><styleUrl>#t1</styleUrl><Polygon><extrude>1</extrude><altitudeMode>relativeToGround</altitudeMode><outerBoundaryIs><LinearRing><coordinates>-122.281054,37.864538,4 -122.280917,37.864538,4 -122.280917,37.864646,4 -122.281054,37.864646,4 -122.281054,37.864538,4</coordinates></LinearRing></outerBoundaryIs></Polygon></Placemark>
    <Placemark><name>1127 Blake St · ADU</name><styleUrl>#t1</styleUrl><Polygon><extrude>1</extrude><altitudeMode>relativeToGround</altitudeMode><outerBoundaryIs><LinearRing><coordinates>-122.287900,37.860656,4 -122.287764,37.860656,4 -122.287764,37.860764,4 -122.287900,37.860764,4 -122.287900,37.860656,4</coordinates></LinearRing></outerBoundaryIs></Polygon></Placemark>
    <Placemark><name>1157 Francisco St · ADU</name><styleUrl>#t1</styleUrl><Polygon><extrude>1</extrude><altitudeMode>relativeToGround</altitudeMode><outerBoundaryIs><LinearRing><coordinates>-122.290932,37.873096,4 -122.290795,37.873096,4 -122.290795,37.873204,4 -122.290932,37.873204,4 -122.290932,37.873096,4</coordinates></LinearRing></outerBoundaryIs></Polygon></Placemark>
    <Placemark><name>1419 Tenth · ADU</name><styleUrl>#t1</styleUrl><Polygon><extrude>1</extrude><altitudeMode>relativeToGround</altitudeMode><outerBoundaryIs><LinearRing><coordinates>-122.295954,37.877856,4 -122.295818,37.877856,4 -122.295818,37.877964,4 -122.295954,37.877964,4 -122.295954,37.877856,4</coordinates></LinearRing></outerBoundaryIs></Polygon></Placemark>
    <Placemark><name>1472 Tenth · ADU</name><styleUrl>#t1</styleUrl><Polygon><extrude>1</extrude><altitudeMode>relativeToGround</altitudeMode><outerBoundaryIs><LinearRing><coordinates>-122.296199,37.876513,4 -122.296062,37.876513,4 -122.296062,37.876621,4 -122.296199,37.876621,4 -122.296199,37.876513,4</coordinates></LinearRing></outerBoundaryIs></Polygon></Placemark>
    <Placemark><name>1631 Grant St · ADU</name><styleUrl>#t1</styleUrl><Polygon><extrude>1</extrude><altitudeMode>relativeToGround</altitudeMode><outerBoundaryIs><LinearRing><coordinates>-122.275583,37.876359,4 -122.275446,37.876359,4 -122.275446,37.876466,4 -122.275583,37.876466,4 -122.275583,37.876359,4</coordinates></LinearRing></outerBoundaryIs></Polygon></Placemark>
    <Placemark><name>2132 Curtis · ADU</name><styleUrl>#t1</styleUrl><Polygon><extrude>1</extrude><altitudeMode>relativeToGround</altitudeMode><outerBoundaryIs><LinearRing><coordinates>-122.289490,37.867219,4 -122.289353,37.867219,4 -122.289353,37.867327,4 -122.289490,37.867327,4 -122.289490,37.867219,4</coordinates></LinearRing></outerBoundaryIs></Polygon></Placemark>
    <Placemark><name>2425 Oregon · ADU</name><styleUrl>#t1</styleUrl><Polygon><extrude>1</extrude><altitudeMode>relativeToGround</altitudeMode><outerBoundaryIs><LinearRing><coordinates>-122.258169,37.858984,4 -122.258033,37.858984,4 -122.258033,37.859092,4 -122.258169,37.859092,4 -122.258169,37.858984,4</coordinates></LinearRing></outerBoundaryIs></Polygon></Placemark>
    <Placemark><name>2856 Webster · ADU</name><styleUrl>#t1</styleUrl><Polygon><extrude>1</extrude><altitudeMode>relativeToGround</altitudeMode><outerBoundaryIs><LinearRing><coordinates>-122.247981,37.855749,4 -122.247844,37.855749,4 -122.247844,37.855857,4 -122.247981,37.855857,4 -122.247981,37.855749,4</coordinates></LinearRing></outerBoundaryIs></Polygon></Placemark>
    <Placemark><name>53 The Plaza · ADU</name><styleUrl>#t1</styleUrl><Polygon><extrude>1</extrude><altitudeMode>relativeToGround</altitudeMode><outerBoundaryIs><LinearRing><coordinates>-122.244123,37.855195,4 -122.243986,37.855195,4 -122.243986,37.855303,4 -122.244123,37.855303,4 -122.244123,37.855195,4</coordinates></LinearRing></outerBoundaryIs></Polygon></Placemark>
    <Placemark><name>105 Parkside Dr · ADU</name><styleUrl>#t1</styleUrl><Polygon><extrude>1</extrude><altitudeMode>relativeToGround</altitudeMode><outerBoundaryIs><LinearRing><coordinates>-122.243629,37.854415,4 -122.243492,37.854415,4 -122.243492,37.854523,4 -122.243629,37.854523,4 -122.243629,37.854415,4</coordinates></LinearRing></outerBoundaryIs></Polygon></Placemark>
    <Placemark><name>2740 Elmwood · ADU</name><styleUrl>#t1</styleUrl><Polygon><extrude>1</extrude><altitudeMode>relativeToGround</altitudeMode><outerBoundaryIs><LinearRing><coordinates>-122.251492,37.856445,4 -122.251355,37.856445,4 -122.251355,37.856552,4 -122.251492,37.856552,4 -122.251492,37.856445,4</coordinates></LinearRing></outerBoundaryIs></Polygon></Placemark>
    <Placemark><name>2741 Webster · ADU</name><styleUrl>#t1</styleUrl><Polygon><extrude>1</extrude><altitudeMode>relativeToGround</altitudeMode><outerBoundaryIs><LinearRing><coordinates>-122.251114,37.856068,4 -122.250977,37.856068,4 -122.250977,37.856175,4 -122.251114,37.856175,4 -122.251114,37.856068,4</coordinates></LinearRing></outerBoundaryIs></Polygon></Placemark>
    <Placemark><name>2814 Webster · ADU</name><styleUrl>#t1</styleUrl><Polygon><extrude>1</extrude><altitudeMode>relativeToGround</altitudeMode><outerBoundaryIs><LinearRing><coordinates>-122.249757,37.855648,4 -122.249621,37.855648,4 -122.249621,37.855756,4 -122.249757,37.855756,4 -122.249757,37.855648,4</coordinates></LinearRing></outerBoundaryIs></Polygon></Placemark>
    <Placemark><name>901 Cragmont · ADU</name><styleUrl>#t1</styleUrl><Polygon><extrude>1</extrude><altitudeMode>relativeToGround</altitudeMode><outerBoundaryIs><LinearRing><coordinates>-122.265782,37.893828,4 -122.265646,37.893828,4 -122.265646,37.893936,4 -122.265782,37.893936,4 -122.265782,37.893828,4</coordinates></LinearRing></outerBoundaryIs></Polygon></Placemark>
    <Placemark><name>1113 Derby St · ADU</name><styleUrl>#t1</styleUrl><Polygon><extrude>1</extrude><altitudeMode>relativeToGround</altitudeMode><outerBoundaryIs><LinearRing><coordinates>-122.287867,37.857951,4 -122.287730,37.857951,4 -122.287730,37.858059,4 -122.287867,37.858059,4 -122.287867,37.857951,4</coordinates></LinearRing></outerBoundaryIs></Polygon></Placemark>
    <Placemark><name>1175 Grizzly Peak Blvd · ADU</name><styleUrl>#t1</styleUrl><Polygon><extrude>1</extrude><altitudeMode>relativeToGround</altitudeMode><outerBoundaryIs><LinearRing><coordinates>-122.252846,37.890905,4 -122.252709,37.890905,4 -122.252709,37.891013,4 -122.252846,37.891013,4 -122.252846,37.890905,4</coordinates></LinearRing></outerBoundaryIs></Polygon></Placemark>
    <Placemark><name>1229 Dwight Way · ADU</name><styleUrl>#t1</styleUrl><Polygon><extrude>1</extrude><altitudeMode>relativeToGround</altitudeMode><outerBoundaryIs><LinearRing><coordinates>-122.286657,37.861661,4 -122.286521,37.861661,4 -122.286521,37.861768,4 -122.286657,37.861768,4 -122.286657,37.861661,4</coordinates></LinearRing></outerBoundaryIs></Polygon></Placemark>
    <Placemark><name>1322 Carleton St · ADU</name><styleUrl>#t1</styleUrl><Polygon><extrude>1</extrude><altitudeMode>relativeToGround</altitudeMode><outerBoundaryIs><LinearRing><coordinates>-122.283828,37.858837,4 -122.283691,37.858837,4 -122.283691,37.858945,4 -122.283828,37.858945,4 -122.283828,37.858837,4</coordinates></LinearRing></outerBoundaryIs></Polygon></Placemark>
    <Placemark><name>1709 Sonoma · ADU</name><styleUrl>#t1</styleUrl><Polygon><extrude>1</extrude><altitudeMode>relativeToGround</altitudeMode><outerBoundaryIs><LinearRing><coordinates>-122.281764,37.886777,4 -122.281628,37.886777,4 -122.281628,37.886885,4 -122.281764,37.886885,4 -122.281764,37.886777,4</coordinates></LinearRing></outerBoundaryIs></Polygon></Placemark>
    <Placemark><name>2231 Oregon · ADU</name><styleUrl>#t1</styleUrl><Polygon><extrude>1</extrude><altitudeMode>relativeToGround</altitudeMode><outerBoundaryIs><LinearRing><coordinates>-122.262816,37.858383,4 -122.262679,37.858383,4 -122.262679,37.858491,4 -122.262816,37.858491,4 -122.262816,37.858383,4</coordinates></LinearRing></outerBoundaryIs></Polygon></Placemark>
    <Placemark><name>2233 Curtis · ADU</name><styleUrl>#t1</styleUrl><Polygon><extrude>1</extrude><altitudeMode>relativeToGround</altitudeMode><outerBoundaryIs><LinearRing><coordinates>-122.288511,37.865511,4 -122.288374,37.865511,4 -122.288374,37.865619,4 -122.288511,37.865619,4 -122.288511,37.865511,4</coordinates></LinearRing></outerBoundaryIs></Polygon></Placemark>
    <Placemark><name>2440 Valley St · ADU</name><styleUrl>#t1</styleUrl><Polygon><extrude>1</extrude><altitudeMode>relativeToGround</altitudeMode><outerBoundaryIs><LinearRing><coordinates>-122.284268,37.862442,4 -122.284132,37.862442,4 -122.284132,37.862550,4 -122.284268,37.862550,4 -122.284268,37.862442,4</coordinates></LinearRing></outerBoundaryIs></Polygon></Placemark>
    <Placemark><name>2630 California · ADU</name><styleUrl>#t1</styleUrl><Polygon><extrude>1</extrude><altitudeMode>relativeToGround</altitudeMode><outerBoundaryIs><LinearRing><coordinates>-122.278455,37.859476,4 -122.278318,37.859476,4 -122.278318,37.859584,4 -122.278455,37.859584,4 -122.278455,37.859476,4</coordinates></LinearRing></outerBoundaryIs></Polygon></Placemark>
    <Placemark><name>1225 Derby · ADU</name><styleUrl>#t1</styleUrl><Polygon><extrude>1</extrude><altitudeMode>relativeToGround</altitudeMode><outerBoundaryIs><LinearRing><coordinates>-122.285605,37.858242,4 -122.285468,37.858242,4 -122.285468,37.858349,4 -122.285605,37.858349,4 -122.285605,37.858242,4</coordinates></LinearRing></outerBoundaryIs></Polygon></Placemark>
    <Placemark><name>1310 Haskell St · ADU</name><styleUrl>#t1</styleUrl><Polygon><extrude>1</extrude><altitudeMode>relativeToGround</altitudeMode><outerBoundaryIs><LinearRing><coordinates>-122.282742,37.850885,4 -122.282605,37.850885,4 -122.282605,37.850993,4 -122.282742,37.850993,4 -122.282742,37.850885,4</coordinates></LinearRing></outerBoundaryIs></Polygon></Placemark>
    <Placemark><name>1319 Blake St · ADU</name><styleUrl>#t1</styleUrl><Polygon><extrude>1</extrude><altitudeMode>relativeToGround</altitudeMode><outerBoundaryIs><LinearRing><coordinates>-122.284548,37.861082,4 -122.284412,37.861082,4 -122.284412,37.861190,4 -122.284548,37.861190,4 -122.284548,37.861082,4</coordinates></LinearRing></outerBoundaryIs></Polygon></Placemark>
    <Placemark><name>1412 M L King Jr Way · ADU</name><styleUrl>#t1</styleUrl><Polygon><extrude>1</extrude><altitudeMode>relativeToGround</altitudeMode><outerBoundaryIs><LinearRing><coordinates>-122.274469,37.880868,4 -122.274332,37.880868,4 -122.274332,37.880976,4 -122.274469,37.880976,4 -122.274469,37.880868,4</coordinates></LinearRing></outerBoundaryIs></Polygon></Placemark>
    <Placemark><name>1626 Sixty-Second · ADU</name><styleUrl>#t1</styleUrl><Polygon><extrude>1</extrude><altitudeMode>relativeToGround</altitudeMode><outerBoundaryIs><LinearRing><coordinates>-122.274261,37.846207,4 -122.274125,37.846207,4 -122.274125,37.846314,4 -122.274261,37.846314,4 -122.274261,37.846207,4</coordinates></LinearRing></outerBoundaryIs></Polygon></Placemark>
    <Placemark><name>1710 Addison · ADU</name><styleUrl>#t1</styleUrl><Polygon><extrude>1</extrude><altitudeMode>relativeToGround</altitudeMode><outerBoundaryIs><LinearRing><coordinates>-122.276906,37.869760,4 -122.276769,37.869760,4 -122.276769,37.869867,4 -122.276906,37.869867,4 -122.276906,37.869760,4</coordinates></LinearRing></outerBoundaryIs></Polygon></Placemark>
    <Placemark><name>1724 Francisco St · ADU</name><styleUrl>#t1</styleUrl><Polygon><extrude>1</extrude><altitudeMode>relativeToGround</altitudeMode><outerBoundaryIs><LinearRing><coordinates>-122.276828,37.874355,4 -122.276691,37.874355,4 -122.276691,37.874463,4 -122.276828,37.874463,4 -122.276828,37.874355,4</coordinates></LinearRing></outerBoundaryIs></Polygon></Placemark>
    <Placemark><name>1735 Hopkins · ADU</name><styleUrl>#t1</styleUrl><Polygon><extrude>1</extrude><altitudeMode>relativeToGround</altitudeMode><outerBoundaryIs><LinearRing><coordinates>-122.278252,37.883881,4 -122.278115,37.883881,4 -122.278115,37.883988,4 -122.278252,37.883988,4 -122.278252,37.883881,4</coordinates></LinearRing></outerBoundaryIs></Polygon></Placemark>
    <Placemark><name>2026 Francisco · ADU</name><styleUrl>#t1</styleUrl><Polygon><extrude>1</extrude><altitudeMode>relativeToGround</altitudeMode><outerBoundaryIs><LinearRing><coordinates>-122.269981,37.875233,4 -122.269844,37.875233,4 -122.269844,37.875340,4 -122.269981,37.875340,4 -122.269981,37.875233,4</coordinates></LinearRing></outerBoundaryIs></Polygon></Placemark>
    <Placemark><name>2615 Russell · ADU</name><styleUrl>#t1</styleUrl><Polygon><extrude>1</extrude><altitudeMode>relativeToGround</altitudeMode><outerBoundaryIs><LinearRing><coordinates>-122.255044,37.858393,4 -122.254907,37.858393,4 -122.254907,37.858501,4 -122.255044,37.858501,4 -122.255044,37.858393,4</coordinates></LinearRing></outerBoundaryIs></Polygon></Placemark>
    <Placemark><name>2213 Jefferson · ADU</name><styleUrl>#t1</styleUrl><Polygon><extrude>1</extrude><altitudeMode>relativeToGround</altitudeMode><outerBoundaryIs><LinearRing><coordinates>-122.278026,37.867579,4 -122.277890,37.867579,4 -122.277890,37.867687,4 -122.278026,37.867687,4 -122.278026,37.867579,4</coordinates></LinearRing></outerBoundaryIs></Polygon></Placemark>
    <Placemark><name>2431 Spaulding · ADU</name><styleUrl>#t1</styleUrl><Polygon><extrude>1</extrude><altitudeMode>relativeToGround</altitudeMode><outerBoundaryIs><LinearRing><coordinates>-122.279850,37.862951,4 -122.279714,37.862951,4 -122.279714,37.863059,4 -122.279850,37.863059,4 -122.279850,37.862951,4</coordinates></LinearRing></outerBoundaryIs></Polygon></Placemark>
    <Placemark><name>725 Neilson · ADU</name><styleUrl>#t1</styleUrl><Polygon><extrude>1</extrude><altitudeMode>relativeToGround</altitudeMode><outerBoundaryIs><LinearRing><coordinates>-122.286296,37.894103,4 -122.286160,37.894103,4 -122.286160,37.894210,4 -122.286296,37.894210,4 -122.286296,37.894103,4</coordinates></LinearRing></outerBoundaryIs></Polygon></Placemark>
    <Placemark><name>826 Miramar · ADU</name><styleUrl>#t1</styleUrl><Polygon><extrude>1</extrude><altitudeMode>relativeToGround</altitudeMode><outerBoundaryIs><LinearRing><coordinates>-122.285159,37.892245,4 -122.285023,37.892245,4 -122.285023,37.892353,4 -122.285159,37.892353,4 -122.285159,37.892245,4</coordinates></LinearRing></outerBoundaryIs></Polygon></Placemark>
    <Placemark><name>450 Arlington · ADU</name><styleUrl>#t1</styleUrl><Polygon><extrude>1</extrude><altitudeMode>relativeToGround</altitudeMode><outerBoundaryIs><LinearRing><coordinates>-122.277296,37.902231,4 -122.277159,37.902231,4 -122.277159,37.902338,4 -122.277296,37.902338,4 -122.277296,37.902231,4</coordinates></LinearRing></outerBoundaryIs></Polygon></Placemark>
    <Placemark><name>926 Channing · ADU</name><styleUrl>#t1</styleUrl><Polygon><extrude>1</extrude><altitudeMode>relativeToGround</altitudeMode><outerBoundaryIs><LinearRing><coordinates>-122.293378,37.861947,4 -122.293242,37.861947,4 -122.293242,37.862055,4 -122.293378,37.862055,4 -122.293378,37.861947,4</coordinates></LinearRing></outerBoundaryIs></Polygon></Placemark>
    <Placemark><name>1211 Talbot Ave · ADU</name><styleUrl>#t1</styleUrl><Polygon><extrude>1</extrude><altitudeMode>relativeToGround</altitudeMode><outerBoundaryIs><LinearRing><coordinates>-122.292597,37.882477,4 -122.292461,37.882477,4 -122.292461,37.882585,4 -122.292597,37.882585,4 -122.292597,37.882477,4</coordinates></LinearRing></outerBoundaryIs></Polygon></Placemark>
    <Placemark><name>1316 Carleton St · ADU</name><styleUrl>#t1</styleUrl><Polygon><extrude>1</extrude><altitudeMode>relativeToGround</altitudeMode><outerBoundaryIs><LinearRing><coordinates>-122.284225,37.858788,4 -122.284088,37.858788,4 -122.284088,37.858895,4 -122.284225,37.858895,4 -122.284225,37.858788,4</coordinates></LinearRing></outerBoundaryIs></Polygon></Placemark>
    <Placemark><name>1340 Peralta · ADU</name><styleUrl>#t1</styleUrl><Polygon><extrude>1</extrude><altitudeMode>relativeToGround</altitudeMode><outerBoundaryIs><LinearRing><coordinates>-122.288786,37.879380,4 -122.288650,37.879380,4 -122.288650,37.879487,4 -122.288786,37.879487,4 -122.288786,37.879380,4</coordinates></LinearRing></outerBoundaryIs></Polygon></Placemark>
    <Placemark><name>1430 Acton St · ADU</name><styleUrl>#t1</styleUrl><Polygon><extrude>1</extrude><altitudeMode>relativeToGround</altitudeMode><outerBoundaryIs><LinearRing><coordinates>-122.285656,37.879202,4 -122.285519,37.879202,4 -122.285519,37.879309,4 -122.285656,37.879309,4 -122.285656,37.879202,4</coordinates></LinearRing></outerBoundaryIs></Polygon></Placemark>
    <Placemark><name>1915 Virginia · ADU</name><styleUrl>#t1</styleUrl><Polygon><extrude>1</extrude><altitudeMode>relativeToGround</altitudeMode><outerBoundaryIs><LinearRing><coordinates>-122.272859,37.876283,4 -122.272723,37.876283,4 -122.272723,37.876391,4 -122.272859,37.876391,4 -122.272859,37.876283,4</coordinates></LinearRing></outerBoundaryIs></Polygon></Placemark>
    <Placemark><name>2130 Derby · ADU</name><styleUrl>#t1</styleUrl><Polygon><extrude>1</extrude><altitudeMode>relativeToGround</altitudeMode><outerBoundaryIs><LinearRing><coordinates>-122.265593,37.860215,4 -122.265457,37.860215,4 -122.265457,37.860323,4 -122.265593,37.860323,4 -122.265593,37.860215,4</coordinates></LinearRing></outerBoundaryIs></Polygon></Placemark>
    <Placemark><name>2152 Russell · ADU</name><styleUrl>#t1</styleUrl><Polygon><extrude>1</extrude><altitudeMode>relativeToGround</altitudeMode><outerBoundaryIs><LinearRing><coordinates>-122.264093,37.856796,4 -122.263956,37.856796,4 -122.263956,37.856904,4 -122.264093,37.856904,4 -122.264093,37.856796,4</coordinates></LinearRing></outerBoundaryIs></Polygon></Placemark>
    <Placemark><name>85 Parnassus · ADU</name><styleUrl>#t1</styleUrl><Polygon><extrude>1</extrude><altitudeMode>relativeToGround</altitudeMode><outerBoundaryIs><LinearRing><coordinates>-122.253038,37.881480,4 -122.252901,37.881480,4 -122.252901,37.881588,4 -122.253038,37.881588,4 -122.253038,37.881480,4</coordinates></LinearRing></outerBoundaryIs></Polygon></Placemark>
    <Placemark><name>1004 Jones · ADU</name><styleUrl>#t1</styleUrl><Polygon><extrude>1</extrude><altitudeMode>relativeToGround</altitudeMode><outerBoundaryIs><LinearRing><coordinates>-122.296412,37.875731,4 -122.296275,37.875731,4 -122.296275,37.875838,4 -122.296412,37.875838,4 -122.296412,37.875731,4</coordinates></LinearRing></outerBoundaryIs></Polygon></Placemark>
    <Placemark><name>1121 Delaware St · ADU</name><styleUrl>#t1</styleUrl><Polygon><extrude>1</extrude><altitudeMode>relativeToGround</altitudeMode><outerBoundaryIs><LinearRing><coordinates>-122.292104,37.872056,4 -122.291967,37.872056,4 -122.291967,37.872164,4 -122.292104,37.872164,4 -122.292104,37.872056,4</coordinates></LinearRing></outerBoundaryIs></Polygon></Placemark>
    <Placemark><name>1406 Mcgee Ave · ADU</name><styleUrl>#t1</styleUrl><Polygon><extrude>1</extrude><altitudeMode>relativeToGround</altitudeMode><outerBoundaryIs><LinearRing><coordinates>-122.280104,37.879558,4 -122.279968,37.879558,4 -122.279968,37.879666,4 -122.280104,37.879666,4 -122.280104,37.879558,4</coordinates></LinearRing></outerBoundaryIs></Polygon></Placemark>
    <Placemark><name>1407 Cypress St · ADU</name><styleUrl>#t1</styleUrl><Polygon><extrude>1</extrude><altitudeMode>relativeToGround</altitudeMode><outerBoundaryIs><LinearRing><coordinates>-122.278458,37.880174,4 -122.278322,37.880174,4 -122.278322,37.880282,4 -122.278458,37.880282,4 -122.278458,37.880174,4</coordinates></LinearRing></outerBoundaryIs></Polygon></Placemark>
    <Placemark><name>1527 Woolsey · ADU</name><styleUrl>#t1</styleUrl><Polygon><extrude>1</extrude><altitudeMode>relativeToGround</altitudeMode><outerBoundaryIs><LinearRing><coordinates>-122.277368,37.850971,4 -122.277232,37.850971,4 -122.277232,37.851079,4 -122.277368,37.851079,4 -122.277368,37.850971,4</coordinates></LinearRing></outerBoundaryIs></Polygon></Placemark>
    <Placemark><name>1843 San Ramon · ADU</name><styleUrl>#t1</styleUrl><Polygon><extrude>1</extrude><altitudeMode>relativeToGround</altitudeMode><outerBoundaryIs><LinearRing><coordinates>-122.279204,37.898734,4 -122.279067,37.898734,4 -122.279067,37.898842,4 -122.279204,37.898842,4 -122.279204,37.898734,4</coordinates></LinearRing></outerBoundaryIs></Polygon></Placemark>
    <Placemark><name>2320 Jefferson · ADU</name><styleUrl>#t1</styleUrl><Polygon><extrude>1</extrude><altitudeMode>relativeToGround</altitudeMode><outerBoundaryIs><LinearRing><coordinates>-122.278490,37.865493,4 -122.278354,37.865493,4 -122.278354,37.865601,4 -122.278490,37.865601,4 -122.278490,37.865493,4</coordinates></LinearRing></outerBoundaryIs></Polygon></Placemark>
    <Placemark><name>2913 Newbury · ADU</name><styleUrl>#t1</styleUrl><Polygon><extrude>1</extrude><altitudeMode>relativeToGround</altitudeMode><outerBoundaryIs><LinearRing><coordinates>-122.267326,37.856040,4 -122.267190,37.856040,4 -122.267190,37.856148,4 -122.267326,37.856148,4 -122.267326,37.856040,4</coordinates></LinearRing></outerBoundaryIs></Polygon></Placemark>
    <Placemark><name>3124 Lewiston · ADU</name><styleUrl>#t1</styleUrl><Polygon><extrude>1</extrude><altitudeMode>relativeToGround</altitudeMode><outerBoundaryIs><LinearRing><coordinates>-122.251993,37.852918,4 -122.251856,37.852918,4 -122.251856,37.853026,4 -122.251993,37.853026,4 -122.251993,37.852918,4</coordinates></LinearRing></outerBoundaryIs></Polygon></Placemark>
    <Placemark><name>1128 Blake St · ADU</name><styleUrl>#t1</styleUrl><Polygon><extrude>1</extrude><altitudeMode>relativeToGround</altitudeMode><outerBoundaryIs><LinearRing><coordinates>-122.287927,37.860116,4 -122.287791,37.860116,4 -122.287791,37.860223,4 -122.287927,37.860223,4 -122.287927,37.860116,4</coordinates></LinearRing></outerBoundaryIs></Polygon></Placemark>
    <Placemark><name>1218 Ordway St · ADU</name><styleUrl>#t1</styleUrl><Polygon><extrude>1</extrude><altitudeMode>relativeToGround</altitudeMode><outerBoundaryIs><LinearRing><coordinates>-122.286697,37.881692,4 -122.286561,37.881692,4 -122.286561,37.881799,4 -122.286697,37.881799,4 -122.286697,37.881692,4</coordinates></LinearRing></outerBoundaryIs></Polygon></Placemark>
    <Placemark><name>1302 Channing · ADU</name><styleUrl>#t1</styleUrl><Polygon><extrude>1</extrude><altitudeMode>relativeToGround</altitudeMode><outerBoundaryIs><LinearRing><coordinates>-122.285908,37.863146,4 -122.285771,37.863146,4 -122.285771,37.863253,4 -122.285908,37.863253,4 -122.285908,37.863146,4</coordinates></LinearRing></outerBoundaryIs></Polygon></Placemark>
    <Placemark><name>1365 Curtis · ADU</name><styleUrl>#t1</styleUrl><Polygon><extrude>1</extrude><altitudeMode>relativeToGround</altitudeMode><outerBoundaryIs><LinearRing><coordinates>-122.290660,37.879172,4 -122.290524,37.879172,4 -122.290524,37.879280,4 -122.290660,37.879280,4 -122.290660,37.879172,4</coordinates></LinearRing></outerBoundaryIs></Polygon></Placemark>
    <Placemark><name>1421 Ashby · ADU</name><styleUrl>#t1</styleUrl><Polygon><extrude>1</extrude><altitudeMode>relativeToGround</altitudeMode><outerBoundaryIs><LinearRing><coordinates>-122.280488,37.853471,4 -122.280351,37.853471,4 -122.280351,37.853579,4 -122.280488,37.853579,4 -122.280488,37.853471,4</coordinates></LinearRing></outerBoundaryIs></Polygon></Placemark>
    <Placemark><name>1461 Curtis · ADU</name><styleUrl>#t1</styleUrl><Polygon><extrude>1</extrude><altitudeMode>relativeToGround</altitudeMode><outerBoundaryIs><LinearRing><coordinates>-122.291119,37.877267,4 -122.290982,37.877267,4 -122.290982,37.877375,4 -122.291119,37.877375,4 -122.291119,37.877267,4</coordinates></LinearRing></outerBoundaryIs></Polygon></Placemark>
    <Placemark><name>1516 Le Roy · ADU</name><styleUrl>#t1</styleUrl><Polygon><extrude>1</extrude><altitudeMode>relativeToGround</altitudeMode><outerBoundaryIs><LinearRing><coordinates>-122.260750,37.881193,4 -122.260613,37.881193,4 -122.260613,37.881301,4 -122.260750,37.881301,4 -122.260750,37.881193,4</coordinates></LinearRing></outerBoundaryIs></Polygon></Placemark>
    <Placemark><name>1801 Stuart · ADU</name><styleUrl>#t1</styleUrl><Polygon><extrude>1</extrude><altitudeMode>relativeToGround</altitudeMode><outerBoundaryIs><LinearRing><coordinates>-122.273114,37.857951,4 -122.272977,37.857951,4 -122.272977,37.858059,4 -122.273114,37.858059,4 -122.273114,37.857951,4</coordinates></LinearRing></outerBoundaryIs></Polygon></Placemark>
    <Placemark><name>1838 Sixty-Third · ADU</name><styleUrl>#t1</styleUrl><Polygon><extrude>1</extrude><altitudeMode>relativeToGround</altitudeMode><outerBoundaryIs><LinearRing><coordinates>-122.269617,37.847741,4 -122.269481,37.847741,4 -122.269481,37.847848,4 -122.269617,37.847848,4 -122.269617,37.847741,4</coordinates></LinearRing></outerBoundaryIs></Polygon></Placemark>
    <Placemark><name>1923 Parker · ADU</name><styleUrl>#t1</styleUrl><Polygon><extrude>1</extrude><altitudeMode>relativeToGround</altitudeMode><outerBoundaryIs><LinearRing><coordinates>-122.270727,37.861920,4 -122.270590,37.861920,4 -122.270590,37.862028,4 -122.270727,37.862028,4 -122.270727,37.861920,4</coordinates></LinearRing></outerBoundaryIs></Polygon></Placemark>
    <Placemark><name>2115 Roosevelt · ADU</name><styleUrl>#t1</styleUrl><Polygon><extrude>1</extrude><altitudeMode>relativeToGround</altitudeMode><outerBoundaryIs><LinearRing><coordinates>-122.275951,37.869626,4 -122.275814,37.869626,4 -122.275814,37.869734,4 -122.275951,37.869734,4 -122.275951,37.869626,4</coordinates></LinearRing></outerBoundaryIs></Polygon></Placemark>
    <Placemark><name>2271 Virginia · ADU</name><styleUrl>#t1</styleUrl><Polygon><extrude>1</extrude><altitudeMode>relativeToGround</altitudeMode><outerBoundaryIs><LinearRing><coordinates>-122.265074,37.877918,4 -122.264938,37.877918,4 -122.264938,37.878026,4 -122.265074,37.878026,4 -122.265074,37.877918,4</coordinates></LinearRing></outerBoundaryIs></Polygon></Placemark>
    <Placemark><name>2449 Virginia · ADU</name><styleUrl>#t1</styleUrl><Polygon><extrude>1</extrude><altitudeMode>relativeToGround</altitudeMode><outerBoundaryIs><LinearRing><coordinates>-122.261867,37.877853,4 -122.261730,37.877853,4 -122.261730,37.877961,4 -122.261867,37.877961,4 -122.261867,37.877853,4</coordinates></LinearRing></outerBoundaryIs></Polygon></Placemark>
    <Placemark><name>2707 Hillegass · ADU</name><styleUrl>#t1</styleUrl><Polygon><extrude>1</extrude><altitudeMode>relativeToGround</altitudeMode><outerBoundaryIs><LinearRing><coordinates>-122.255663,37.861183,4 -122.255527,37.861183,4 -122.255527,37.861291,4 -122.255663,37.861291,4 -122.255663,37.861183,4</coordinates></LinearRing></outerBoundaryIs></Polygon></Placemark>
    <Placemark><name>2828 Webster · ADU</name><styleUrl>#t1</styleUrl><Polygon><extrude>1</extrude><altitudeMode>relativeToGround</altitudeMode><outerBoundaryIs><LinearRing><coordinates>-122.249176,37.855684,4 -122.249040,37.855684,4 -122.249040,37.855792,4 -122.249176,37.855792,4 -122.249176,37.855684,4</coordinates></LinearRing></outerBoundaryIs></Polygon></Placemark>
    <Placemark><name>2940 Ashby · ADU</name><styleUrl>#t1</styleUrl><Polygon><extrude>1</extrude><altitudeMode>relativeToGround</altitudeMode><outerBoundaryIs><LinearRing><coordinates>-122.246390,37.857737,4 -122.246254,37.857737,4 -122.246254,37.857845,4 -122.246390,37.857845,4 -122.246390,37.857737,4</coordinates></LinearRing></outerBoundaryIs></Polygon></Placemark>
    <Placemark><name>724 Peralta · ADU</name><styleUrl>#t1</styleUrl><Polygon><extrude>1</extrude><altitudeMode>relativeToGround</altitudeMode><outerBoundaryIs><LinearRing><coordinates>-122.285962,37.894108,4 -122.285825,37.894108,4 -122.285825,37.894216,4 -122.285962,37.894216,4 -122.285962,37.894108,4</coordinates></LinearRing></outerBoundaryIs></Polygon></Placemark>
    <Placemark><name>1234 Burnett St · ADU</name><styleUrl>#t1</styleUrl><Polygon><extrude>1</extrude><altitudeMode>relativeToGround</altitudeMode><outerBoundaryIs><LinearRing><coordinates>-122.285219,37.853054,4 -122.285083,37.853054,4 -122.285083,37.853162,4 -122.285219,37.853162,4 -122.285219,37.853054,4</coordinates></LinearRing></outerBoundaryIs></Polygon></Placemark>
    <Placemark><name>1611 Ninth St · ADU</name><styleUrl>#t1</styleUrl><Polygon><extrude>1</extrude><altitudeMode>relativeToGround</altitudeMode><outerBoundaryIs><LinearRing><coordinates>-122.295935,37.874252,4 -122.295798,37.874252,4 -122.295798,37.874360,4 -122.295935,37.874360,4 -122.295935,37.874252,4</coordinates></LinearRing></outerBoundaryIs></Polygon></Placemark>
    <Placemark><name>1612 Virginia St · ADU</name><styleUrl>#t1</styleUrl><Polygon><extrude>1</extrude><altitudeMode>relativeToGround</altitudeMode><outerBoundaryIs><LinearRing><coordinates>-122.279737,37.874906,4 -122.279600,37.874906,4 -122.279600,37.875014,4 -122.279737,37.875014,4 -122.279737,37.874906,4</coordinates></LinearRing></outerBoundaryIs></Polygon></Placemark>
    <Placemark><name>1711 Mlk Jr Way · ADU</name><styleUrl>#t1</styleUrl><Polygon><extrude>1</extrude><altitudeMode>relativeToGround</altitudeMode><outerBoundaryIs><LinearRing><coordinates>-122.273198,37.875493,4 -122.273062,37.875493,4 -122.273062,37.875601,4 -122.273198,37.875601,4 -122.273198,37.875493,4</coordinates></LinearRing></outerBoundaryIs></Polygon></Placemark>
    <Placemark><name>2214 Ninth · ADU</name><styleUrl>#t1</styleUrl><Polygon><extrude>1</extrude><altitudeMode>relativeToGround</altitudeMode><outerBoundaryIs><LinearRing><coordinates>-122.293763,37.865193,4 -122.293626,37.865193,4 -122.293626,37.865301,4 -122.293763,37.865301,4 -122.293763,37.865193,4</coordinates></LinearRing></outerBoundaryIs></Polygon></Placemark>
    <Placemark><name>2322 Acton · ADU</name><styleUrl>#t1</styleUrl><Polygon><extrude>1</extrude><altitudeMode>relativeToGround</altitudeMode><outerBoundaryIs><LinearRing><coordinates>-122.283721,37.864277,4 -122.283584,37.864277,4 -122.283584,37.864385,4 -122.283721,37.864385,4 -122.283721,37.864277,4</coordinates></LinearRing></outerBoundaryIs></Polygon></Placemark>
    <Placemark><name>2732 Claremont · ADU</name><styleUrl>#t1</styleUrl><Polygon><extrude>1</extrude><altitudeMode>relativeToGround</altitudeMode><outerBoundaryIs><LinearRing><coordinates>-122.247368,37.861229,4 -122.247231,37.861229,4 -122.247231,37.861337,4 -122.247368,37.861337,4 -122.247368,37.861229,4</coordinates></LinearRing></outerBoundaryIs></Polygon></Placemark>
    <Placemark><name>681 Spruce · ADU</name><styleUrl>#t1</styleUrl><Polygon><extrude>1</extrude><altitudeMode>relativeToGround</altitudeMode><outerBoundaryIs><LinearRing><coordinates>-122.269749,37.898443,4 -122.269612,37.898443,4 -122.269612,37.898551,4 -122.269749,37.898551,4 -122.269749,37.898443,4</coordinates></LinearRing></outerBoundaryIs></Polygon></Placemark>
    <Placemark><name>1416 Oxford · ADU</name><styleUrl>#t1</styleUrl><Polygon><extrude>1</extrude><altitudeMode>relativeToGround</altitudeMode><outerBoundaryIs><LinearRing><coordinates>-122.267617,37.881542,4 -122.267480,37.881542,4 -122.267480,37.881650,4 -122.267617,37.881650,4 -122.267617,37.881542,4</coordinates></LinearRing></outerBoundaryIs></Polygon></Placemark>
    <Placemark><name>1353 Berkeley · ADU</name><styleUrl>#t1</styleUrl><Polygon><extrude>1</extrude><altitudeMode>relativeToGround</altitudeMode><outerBoundaryIs><LinearRing><coordinates>-122.285855,37.870863,4 -122.285719,37.870863,4 -122.285719,37.870971,4 -122.285855,37.870971,4 -122.285855,37.870863,4</coordinates></LinearRing></outerBoundaryIs></Polygon></Placemark>
    <Placemark><name>1614 Acton · ADU</name><styleUrl>#t1</styleUrl><Polygon><extrude>1</extrude><altitudeMode>relativeToGround</altitudeMode><outerBoundaryIs><LinearRing><coordinates>-122.285427,37.875695,4 -122.285290,37.875695,4 -122.285290,37.875802,4 -122.285427,37.875802,4 -122.285427,37.875695,4</coordinates></LinearRing></outerBoundaryIs></Polygon></Placemark>
    <Placemark><name>1732 Seventh · ADU</name><styleUrl>#t1</styleUrl><Polygon><extrude>1</extrude><altitudeMode>relativeToGround</altitudeMode><outerBoundaryIs><LinearRing><coordinates>-122.297975,37.871101,4 -122.297839,37.871101,4 -122.297839,37.871209,4 -122.297975,37.871209,4 -122.297975,37.871101,4</coordinates></LinearRing></outerBoundaryIs></Polygon></Placemark>
    <Placemark><name>1873 San Ramon · ADU</name><styleUrl>#t1</styleUrl><Polygon><extrude>1</extrude><altitudeMode>relativeToGround</altitudeMode><outerBoundaryIs><LinearRing><coordinates>-122.278424,37.898585,4 -122.278287,37.898585,4 -122.278287,37.898693,4 -122.278424,37.898693,4 -122.278424,37.898585,4</coordinates></LinearRing></outerBoundaryIs></Polygon></Placemark>
    <Placemark><name>1914 Oregon · ADU</name><styleUrl>#t1</styleUrl><Polygon><extrude>1</extrude><altitudeMode>relativeToGround</altitudeMode><outerBoundaryIs><LinearRing><coordinates>-122.270585,37.856811,4 -122.270448,37.856811,4 -122.270448,37.856919,4 -122.270585,37.856919,4 -122.270585,37.856811,4</coordinates></LinearRing></outerBoundaryIs></Polygon></Placemark>
    <Placemark><name>2128 Oregon · ADU</name><styleUrl>#t1</styleUrl><Polygon><extrude>1</extrude><altitudeMode>relativeToGround</altitudeMode><outerBoundaryIs><LinearRing><coordinates>-122.265849,37.857445,4 -122.265712,37.857445,4 -122.265712,37.857553,4 -122.265849,37.857553,4 -122.265849,37.857445,4</coordinates></LinearRing></outerBoundaryIs></Polygon></Placemark>
    <Placemark><name>2313 Edwards · ADU</name><styleUrl>#t1</styleUrl><Polygon><extrude>1</extrude><altitudeMode>relativeToGround</altitudeMode><outerBoundaryIs><LinearRing><coordinates>-122.282299,37.865148,4 -122.282163,37.865148,4 -122.282163,37.865256,4 -122.282299,37.865256,4 -122.282299,37.865148,4</coordinates></LinearRing></outerBoundaryIs></Polygon></Placemark>
    <Placemark><name>3140 Harper · ADU</name><styleUrl>#t1</styleUrl><Polygon><extrude>1</extrude><altitudeMode>relativeToGround</altitudeMode><outerBoundaryIs><LinearRing><coordinates>-122.271793,37.850727,4 -122.271656,37.850727,4 -122.271656,37.850835,4 -122.271793,37.850835,4 -122.271793,37.850727,4</coordinates></LinearRing></outerBoundaryIs></Polygon></Placemark>
    <Placemark><name>811 Folger · ADU</name><styleUrl>#t1</styleUrl><Polygon><extrude>1</extrude><altitudeMode>relativeToGround</altitudeMode><outerBoundaryIs><LinearRing><coordinates>-122.292748,37.850050,4 -122.292611,37.850050,4 -122.292611,37.850158,4 -122.292748,37.850158,4 -122.292748,37.850050,4</coordinates></LinearRing></outerBoundaryIs></Polygon></Placemark>
    <Placemark><name>857 Neilson · ADU</name><styleUrl>#t1</styleUrl><Polygon><extrude>1</extrude><altitudeMode>relativeToGround</altitudeMode><outerBoundaryIs><LinearRing><coordinates>-122.286407,37.891706,4 -122.286271,37.891706,4 -122.286271,37.891814,4 -122.286407,37.891814,4 -122.286407,37.891706,4</coordinates></LinearRing></outerBoundaryIs></Polygon></Placemark>
    <Placemark><name>1181 Laurel · ADU</name><styleUrl>#t1</styleUrl><Polygon><extrude>1</extrude><altitudeMode>relativeToGround</altitudeMode><outerBoundaryIs><LinearRing><coordinates>-122.263019,37.887014,4 -122.262882,37.887014,4 -122.262882,37.887122,4 -122.263019,37.887122,4 -122.263019,37.887014,4</coordinates></LinearRing></outerBoundaryIs></Polygon></Placemark>
    <Placemark><name>1612 Buena · ADU</name><styleUrl>#t1</styleUrl><Polygon><extrude>1</extrude><altitudeMode>relativeToGround</altitudeMode><outerBoundaryIs><LinearRing><coordinates>-122.280128,37.878402,4 -122.279992,37.878402,4 -122.279992,37.878510,4 -122.280128,37.878510,4 -122.280128,37.878402,4</coordinates></LinearRing></outerBoundaryIs></Polygon></Placemark>
    <Placemark><name>2125 Sixth · ADU</name><styleUrl>#t1</styleUrl><Polygon><extrude>1</extrude><altitudeMode>relativeToGround</altitudeMode><outerBoundaryIs><LinearRing><coordinates>-122.296708,37.865830,4 -122.296572,37.865830,4 -122.296572,37.865937,4 -122.296708,37.865937,4 -122.296708,37.865830,4</coordinates></LinearRing></outerBoundaryIs></Polygon></Placemark>
    <Placemark><name>2257 Glen · ADU</name><styleUrl>#t1</styleUrl><Polygon><extrude>1</extrude><altitudeMode>relativeToGround</altitudeMode><outerBoundaryIs><LinearRing><coordinates>-122.265012,37.884694,4 -122.264876,37.884694,4 -122.264876,37.884801,4 -122.265012,37.884801,4 -122.265012,37.884694,4</coordinates></LinearRing></outerBoundaryIs></Polygon></Placemark>
    <Placemark><name>2436 Bonar · ADU</name><styleUrl>#t1</styleUrl><Polygon><extrude>1</extrude><altitudeMode>relativeToGround</altitudeMode><outerBoundaryIs><LinearRing><coordinates>-122.286287,37.861913,4 -122.286151,37.861913,4 -122.286151,37.862021,4 -122.286287,37.862021,4 -122.286287,37.861913,4</coordinates></LinearRing></outerBoundaryIs></Polygon></Placemark>
    <Placemark><name>2440 Grant · ADU</name><styleUrl>#t1</styleUrl><Polygon><extrude>1</extrude><altitudeMode>relativeToGround</altitudeMode><outerBoundaryIs><LinearRing><coordinates>-122.274890,37.863360,4 -122.274754,37.863360,4 -122.274754,37.863468,4 -122.274890,37.863468,4 -122.274890,37.863360,4</coordinates></LinearRing></outerBoundaryIs></Polygon></Placemark>
    <Placemark><name>2955 Piedmont · ADU</name><styleUrl>#t1</styleUrl><Polygon><extrude>1</extrude><altitudeMode>relativeToGround</altitudeMode><outerBoundaryIs><LinearRing><coordinates>-122.250302,37.856592,4 -122.250166,37.856592,4 -122.250166,37.856700,4 -122.250302,37.856700,4 -122.250302,37.856592,4</coordinates></LinearRing></outerBoundaryIs></Polygon></Placemark>
    <Placemark><name>1118 Park Hills · ADU</name><styleUrl>#t1</styleUrl><Polygon><extrude>1</extrude><altitudeMode>relativeToGround</altitudeMode><outerBoundaryIs><LinearRing><coordinates>-122.253352,37.891593,4 -122.253216,37.891593,4 -122.253216,37.891700,4 -122.253352,37.891700,4 -122.253352,37.891593,4</coordinates></LinearRing></outerBoundaryIs></Polygon></Placemark>
    <Placemark><name>1133 Carleton · ADU</name><styleUrl>#t1</styleUrl><Polygon><extrude>1</extrude><altitudeMode>relativeToGround</altitudeMode><outerBoundaryIs><LinearRing><coordinates>-122.287369,37.858919,4 -122.287233,37.858919,4 -122.287233,37.859027,4 -122.287369,37.859027,4 -122.287369,37.858919,4</coordinates></LinearRing></outerBoundaryIs></Polygon></Placemark>
    <Placemark><name>1237 Channing · ADU</name><styleUrl>#t1</styleUrl><Polygon><extrude>1</extrude><altitudeMode>relativeToGround</altitudeMode><outerBoundaryIs><LinearRing><coordinates>-122.286577,37.863558,4 -122.286441,37.863558,4 -122.286441,37.863666,4 -122.286577,37.863666,4 -122.286577,37.863558,4</coordinates></LinearRing></outerBoundaryIs></Polygon></Placemark>
    <Placemark><name>1410 Hawthorne · ADU</name><styleUrl>#t1</styleUrl><Polygon><extrude>1</extrude><altitudeMode>relativeToGround</altitudeMode><outerBoundaryIs><LinearRing><coordinates>-122.262875,37.882490,4 -122.262738,37.882490,4 -122.262738,37.882598,4 -122.262875,37.882598,4 -122.262875,37.882490,4</coordinates></LinearRing></outerBoundaryIs></Polygon></Placemark>
    <Placemark><name>1427 Tenth · ADU</name><styleUrl>#t1</styleUrl><Polygon><extrude>1</extrude><altitudeMode>relativeToGround</altitudeMode><outerBoundaryIs><LinearRing><coordinates>-122.295899,37.877683,4 -122.295763,37.877683,4 -122.295763,37.877791,4 -122.295899,37.877791,4 -122.295899,37.877683,4</coordinates></LinearRing></outerBoundaryIs></Polygon></Placemark>
    <Placemark><name>1608 Eighth · ADU</name><styleUrl>#t1</styleUrl><Polygon><extrude>1</extrude><altitudeMode>relativeToGround</altitudeMode><outerBoundaryIs><LinearRing><coordinates>-122.297743,37.873942,4 -122.297607,37.873942,4 -122.297607,37.874049,4 -122.297743,37.874049,4 -122.297743,37.873942,4</coordinates></LinearRing></outerBoundaryIs></Polygon></Placemark>
    <Placemark><name>1712 Marin · ADU</name><styleUrl>#t1</styleUrl><Polygon><extrude>1</extrude><altitudeMode>relativeToGround</altitudeMode><outerBoundaryIs><LinearRing><coordinates>-122.281008,37.889424,4 -122.280872,37.889424,4 -122.280872,37.889532,4 -122.281008,37.889532,4 -122.281008,37.889424,4</coordinates></LinearRing></outerBoundaryIs></Polygon></Placemark>
    <Placemark><name>1732 Beverly · ADU</name><styleUrl>#t1</styleUrl><Polygon><extrude>1</extrude><altitudeMode>relativeToGround</altitudeMode><outerBoundaryIs><LinearRing><coordinates>-122.277364,37.884397,4 -122.277228,37.884397,4 -122.277228,37.884505,4 -122.277364,37.884505,4 -122.277364,37.884397,4</coordinates></LinearRing></outerBoundaryIs></Polygon></Placemark>
    <Placemark><name>1008 Bancroft · ADU</name><styleUrl>#t1</styleUrl><Polygon><extrude>1</extrude><altitudeMode>relativeToGround</altitudeMode><outerBoundaryIs><LinearRing><coordinates>-122.292559,37.863975,4 -122.292422,37.863975,4 -122.292422,37.864082,4 -122.292559,37.864082,4 -122.292559,37.863975,4</coordinates></LinearRing></outerBoundaryIs></Polygon></Placemark>
    <Placemark><name>1191 Spruce · ADU</name><styleUrl>#t1</styleUrl><Polygon><extrude>1</extrude><altitudeMode>relativeToGround</altitudeMode><outerBoundaryIs><LinearRing><coordinates>-122.266367,37.886353,4 -122.266230,37.886353,4 -122.266230,37.886461,4 -122.266367,37.886461,4 -122.266367,37.886353,4</coordinates></LinearRing></outerBoundaryIs></Polygon></Placemark>
    <Placemark><name>1311 Spruce · ADU</name><styleUrl>#t1</styleUrl><Polygon><extrude>1</extrude><altitudeMode>relativeToGround</altitudeMode><outerBoundaryIs><LinearRing><coordinates>-122.266045,37.883519,4 -122.265908,37.883519,4 -122.265908,37.883626,4 -122.266045,37.883626,4 -122.266045,37.883519,4</coordinates></LinearRing></outerBoundaryIs></Polygon></Placemark>
    <Placemark><name>1615 Francisco · ADU</name><styleUrl>#t1</styleUrl><Polygon><extrude>1</extrude><altitudeMode>relativeToGround</altitudeMode><outerBoundaryIs><LinearRing><coordinates>-122.279566,37.874546,4 -122.279430,37.874546,4 -122.279430,37.874653,4 -122.279566,37.874653,4 -122.279566,37.874546,4</coordinates></LinearRing></outerBoundaryIs></Polygon></Placemark>
    <Placemark><name>1991 Marin · ADU</name><styleUrl>#t1</styleUrl><Polygon><extrude>1</extrude><altitudeMode>relativeToGround</altitudeMode><outerBoundaryIs><LinearRing><coordinates>-122.273138,37.890081,4 -122.273001,37.890081,4 -122.273001,37.890188,4 -122.273138,37.890188,4 -122.273138,37.890081,4</coordinates></LinearRing></outerBoundaryIs></Polygon></Placemark>
    <Placemark><name>24 Vicente · ADU</name><styleUrl>#t1</styleUrl><Polygon><extrude>1</extrude><altitudeMode>relativeToGround</altitudeMode><outerBoundaryIs><LinearRing><coordinates>-122.234722,37.854015,4 -122.234585,37.854015,4 -122.234585,37.854123,4 -122.234722,37.854123,4 -122.234722,37.854015,4</coordinates></LinearRing></outerBoundaryIs></Polygon></Placemark>
    <Placemark><name>2524 Dwight · ADU</name><styleUrl>#t1</styleUrl><Polygon><extrude>1</extrude><altitudeMode>relativeToGround</altitudeMode><outerBoundaryIs><LinearRing><coordinates>-122.257456,37.864936,4 -122.257319,37.864936,4 -122.257319,37.865043,4 -122.257456,37.865043,4 -122.257456,37.864936,4</coordinates></LinearRing></outerBoundaryIs></Polygon></Placemark>
    <Placemark><name>912 Cedar · ADU</name><styleUrl>#t1</styleUrl><Polygon><extrude>1</extrude><altitudeMode>relativeToGround</altitudeMode><outerBoundaryIs><LinearRing><coordinates>-122.297965,37.874137,4 -122.297828,37.874137,4 -122.297828,37.874245,4 -122.297965,37.874245,4 -122.297965,37.874137,4</coordinates></LinearRing></outerBoundaryIs></Polygon></Placemark>
    <Placemark><name>1767 Tacoma · ADU</name><styleUrl>#t1</styleUrl><Polygon><extrude>1</extrude><altitudeMode>relativeToGround</altitudeMode><outerBoundaryIs><LinearRing><coordinates>-122.281344,37.892977,4 -122.281207,37.892977,4 -122.281207,37.893084,4 -122.281344,37.893084,4 -122.281344,37.892977,4</coordinates></LinearRing></outerBoundaryIs></Polygon></Placemark>
    <Placemark><name>2312 Spaulding · ADU</name><styleUrl>#t1</styleUrl><Polygon><extrude>1</extrude><altitudeMode>relativeToGround</altitudeMode><outerBoundaryIs><LinearRing><coordinates>-122.280777,37.865334,4 -122.280641,37.865334,4 -122.280641,37.865442,4 -122.280777,37.865442,4 -122.280777,37.865334,4</coordinates></LinearRing></outerBoundaryIs></Polygon></Placemark>
    <Placemark><name>2832 Stanton · ADU</name><styleUrl>#t1</styleUrl><Polygon><extrude>1</extrude><altitudeMode>relativeToGround</altitudeMode><outerBoundaryIs><LinearRing><coordinates>-122.280657,37.855504,4 -122.280521,37.855504,4 -122.280521,37.855612,4 -122.280657,37.855612,4 -122.280657,37.855504,4</coordinates></LinearRing></outerBoundaryIs></Polygon></Placemark>
    <Placemark><name>3034 Acton · ADU</name><styleUrl>#t1</styleUrl><Polygon><extrude>1</extrude><altitudeMode>relativeToGround</altitudeMode><outerBoundaryIs><LinearRing><coordinates>-122.281436,37.851717,4 -122.281299,37.851717,4 -122.281299,37.851825,4 -122.281436,37.851825,4 -122.281436,37.851717,4</coordinates></LinearRing></outerBoundaryIs></Polygon></Placemark>
    <Placemark><name>65 Domingo · ADU</name><styleUrl>#t1</styleUrl><Polygon><extrude>1</extrude><altitudeMode>relativeToGround</altitudeMode><outerBoundaryIs><LinearRing><coordinates>-122.243284,37.855586,4 -122.243147,37.855586,4 -122.243147,37.855694,4 -122.243284,37.855694,4 -122.243284,37.855586,4</coordinates></LinearRing></outerBoundaryIs></Polygon></Placemark>
    <Placemark><name>1331 Sixty-Seventh · ADU</name><styleUrl>#t1</styleUrl><Polygon><extrude>1</extrude><altitudeMode>relativeToGround</altitudeMode><outerBoundaryIs><LinearRing><coordinates>-122.281601,37.850730,4 -122.281465,37.850730,4 -122.281465,37.850838,4 -122.281601,37.850838,4 -122.281601,37.850730,4</coordinates></LinearRing></outerBoundaryIs></Polygon></Placemark>
    <Placemark><name>1424 Stannage · ADU</name><styleUrl>#t1</styleUrl><Polygon><extrude>1</extrude><altitudeMode>relativeToGround</altitudeMode><outerBoundaryIs><LinearRing><coordinates>-122.293534,37.878067,4 -122.293398,37.878067,4 -122.293398,37.878175,4 -122.293534,37.878175,4 -122.293534,37.878067,4</coordinates></LinearRing></outerBoundaryIs></Polygon></Placemark>
    <Placemark><name>1606 Chestnut · ADU</name><styleUrl>#t1</styleUrl><Polygon><extrude>1</extrude><altitudeMode>relativeToGround</altitudeMode><outerBoundaryIs><LinearRing><coordinates>-122.289055,37.875260,4 -122.288919,37.875260,4 -122.288919,37.875368,4 -122.289055,37.875368,4 -122.289055,37.875260,4</coordinates></LinearRing></outerBoundaryIs></Polygon></Placemark>
    <Placemark><name>1625 Kains · ADU</name><styleUrl>#t1</styleUrl><Polygon><extrude>1</extrude><altitudeMode>relativeToGround</altitudeMode><outerBoundaryIs><LinearRing><coordinates>-122.292710,37.874400,4 -122.292573,37.874400,4 -122.292573,37.874507,4 -122.292710,37.874507,4 -122.292710,37.874400,4</coordinates></LinearRing></outerBoundaryIs></Polygon></Placemark>
    <Placemark><name>1710 Chestnut · ADU</name><styleUrl>#t1</styleUrl><Polygon><extrude>1</extrude><altitudeMode>relativeToGround</altitudeMode><outerBoundaryIs><LinearRing><coordinates>-122.288816,37.873586,4 -122.288679,37.873586,4 -122.288679,37.873694,4 -122.288816,37.873694,4 -122.288816,37.873586,4</coordinates></LinearRing></outerBoundaryIs></Polygon></Placemark>
    <Placemark><name>2129 Ninth · ADU</name><styleUrl>#t1</styleUrl><Polygon><extrude>1</extrude><altitudeMode>relativeToGround</altitudeMode><outerBoundaryIs><LinearRing><coordinates>-122.293392,37.866348,4 -122.293256,37.866348,4 -122.293256,37.866455,4 -122.293392,37.866455,4 -122.293392,37.866348,4</coordinates></LinearRing></outerBoundaryIs></Polygon></Placemark>
    <Placemark><name>2312 Stuart · ADU</name><styleUrl>#t1</styleUrl><Polygon><extrude>1</extrude><altitudeMode>relativeToGround</altitudeMode><outerBoundaryIs><LinearRing><coordinates>-122.261239,37.858969,4 -122.261102,37.858969,4 -122.261102,37.859077,4 -122.261239,37.859077,4 -122.261239,37.858969,4</coordinates></LinearRing></outerBoundaryIs></Polygon></Placemark>
    <Placemark><name>1422 Kains · ADU</name><styleUrl>#t1</styleUrl><Polygon><extrude>1</extrude><altitudeMode>relativeToGround</altitudeMode><outerBoundaryIs><LinearRing><coordinates>-122.294363,37.877936,4 -122.294226,37.877936,4 -122.294226,37.878044,4 -122.294363,37.878044,4 -122.294363,37.877936,4</coordinates></LinearRing></outerBoundaryIs></Polygon></Placemark>
    <Placemark><name>1442 Delaware · ADU</name><styleUrl>#t1</styleUrl><Polygon><extrude>1</extrude><altitudeMode>relativeToGround</altitudeMode><outerBoundaryIs><LinearRing><coordinates>-122.282633,37.872699,4 -122.282497,37.872699,4 -122.282497,37.872807,4 -122.282633,37.872807,4 -122.282633,37.872699,4</coordinates></LinearRing></outerBoundaryIs></Polygon></Placemark>
    <Placemark><name>1462 Stannage · ADU</name><styleUrl>#t1</styleUrl><Polygon><extrude>1</extrude><altitudeMode>relativeToGround</altitudeMode><outerBoundaryIs><LinearRing><coordinates>-122.293155,37.876884,4 -122.293018,37.876884,4 -122.293018,37.876992,4 -122.293155,37.876992,4 -122.293155,37.876884,4</coordinates></LinearRing></outerBoundaryIs></Polygon></Placemark>
    <Placemark><name>1534 Beverly · ADU</name><styleUrl>#t1</styleUrl><Polygon><extrude>1</extrude><altitudeMode>relativeToGround</altitudeMode><outerBoundaryIs><LinearRing><coordinates>-122.282358,37.885644,4 -122.282222,37.885644,4 -122.282222,37.885752,4 -122.282358,37.885752,4 -122.282358,37.885644,4</coordinates></LinearRing></outerBoundaryIs></Polygon></Placemark>
    <Placemark><name>1734 Spruce · ADU</name><styleUrl>#t1</styleUrl><Polygon><extrude>1</extrude><altitudeMode>relativeToGround</altitudeMode><outerBoundaryIs><LinearRing><coordinates>-122.265836,37.876252,4 -122.265700,37.876252,4 -122.265700,37.876359,4 -122.265836,37.876359,4 -122.265836,37.876252,4</coordinates></LinearRing></outerBoundaryIs></Polygon></Placemark>
    <Placemark><name>2333 Rose · ADU</name><styleUrl>#t1</styleUrl><Polygon><extrude>1</extrude><altitudeMode>relativeToGround</altitudeMode><outerBoundaryIs><LinearRing><coordinates>-122.263997,37.883315,4 -122.263860,37.883315,4 -122.263860,37.883422,4 -122.263997,37.883422,4 -122.263997,37.883315,4</coordinates></LinearRing></outerBoundaryIs></Polygon></Placemark>
    <Placemark><name>2422 Bonar · ADU</name><styleUrl>#t1</styleUrl><Polygon><extrude>1</extrude><altitudeMode>relativeToGround</altitudeMode><outerBoundaryIs><LinearRing><coordinates>-122.286414,37.862525,4 -122.286277,37.862525,4 -122.286277,37.862633,4 -122.286414,37.862633,4 -122.286414,37.862525,4</coordinates></LinearRing></outerBoundaryIs></Polygon></Placemark>
    <Placemark><name>2431 Mckinley · ADU</name><styleUrl>#t1</styleUrl><Polygon><extrude>1</extrude><altitudeMode>relativeToGround</altitudeMode><outerBoundaryIs><LinearRing><coordinates>-122.273091,37.863925,4 -122.272954,37.863925,4 -122.272954,37.864032,4 -122.273091,37.864032,4 -122.273091,37.863925,4</coordinates></LinearRing></outerBoundaryIs></Polygon></Placemark>
    <Placemark><name>2441 Woolsey · ADU</name><styleUrl>#t1</styleUrl><Polygon><extrude>1</extrude><altitudeMode>relativeToGround</altitudeMode><outerBoundaryIs><LinearRing><coordinates>-122.256571,37.853575,4 -122.256435,37.853575,4 -122.256435,37.853683,4 -122.256571,37.853683,4 -122.256571,37.853575,4</coordinates></LinearRing></outerBoundaryIs></Polygon></Placemark>
    <Placemark><name>2606 Shasta · ADU</name><styleUrl>#t1</styleUrl><Polygon><extrude>1</extrude><altitudeMode>relativeToGround</altitudeMode><outerBoundaryIs><LinearRing><coordinates>-122.259540,37.883433,4 -122.259403,37.883433,4 -122.259403,37.883541,4 -122.259540,37.883541,4 -122.259540,37.883433,4</coordinates></LinearRing></outerBoundaryIs></Polygon></Placemark>
    <Placemark><name>2808 Garber · ADU</name><styleUrl>#t1</styleUrl><Polygon><extrude>1</extrude><altitudeMode>relativeToGround</altitudeMode><outerBoundaryIs><LinearRing><coordinates>-122.250722,37.860546,4 -122.250586,37.860546,4 -122.250586,37.860654,4 -122.250722,37.860654,4 -122.250722,37.860546,4</coordinates></LinearRing></outerBoundaryIs></Polygon></Placemark>
    <Placemark><name>1330 Carleton · ADU</name><styleUrl>#t1</styleUrl><Polygon><extrude>1</extrude><altitudeMode>relativeToGround</altitudeMode><outerBoundaryIs><LinearRing><coordinates>-122.283554,37.858872,4 -122.283417,37.858872,4 -122.283417,37.858980,4 -122.283554,37.858980,4 -122.283554,37.858872,4</coordinates></LinearRing></outerBoundaryIs></Polygon></Placemark>
    <Placemark><name>1333 Carlotta · ADU</name><styleUrl>#t1</styleUrl><Polygon><extrude>1</extrude><altitudeMode>relativeToGround</altitudeMode><outerBoundaryIs><LinearRing><coordinates>-122.279208,37.881613,4 -122.279071,37.881613,4 -122.279071,37.881720,4 -122.279208,37.881720,4 -122.279208,37.881613,4</coordinates></LinearRing></outerBoundaryIs></Polygon></Placemark>
    <Placemark><name>1353 Acton · ADU</name><styleUrl>#t1</styleUrl><Polygon><extrude>1</extrude><altitudeMode>relativeToGround</altitudeMode><outerBoundaryIs><LinearRing><coordinates>-122.285044,37.881098,4 -122.284908,37.881098,4 -122.284908,37.881206,4 -122.285044,37.881206,4 -122.285044,37.881098,4</coordinates></LinearRing></outerBoundaryIs></Polygon></Placemark>
    <Placemark><name>1611 Lincoln · ADU</name><styleUrl>#t1</styleUrl><Polygon><extrude>1</extrude><altitudeMode>relativeToGround</altitudeMode><outerBoundaryIs><LinearRing><coordinates>-122.279965,37.876341,4 -122.279828,37.876341,4 -122.279828,37.876449,4 -122.279965,37.876449,4 -122.279965,37.876341,4</coordinates></LinearRing></outerBoundaryIs></Polygon></Placemark>
    <Placemark><name>868 Ensenada · ADU</name><styleUrl>#t1</styleUrl><Polygon><extrude>1</extrude><altitudeMode>relativeToGround</altitudeMode><outerBoundaryIs><LinearRing><coordinates>-122.282198,37.891702,4 -122.282062,37.891702,4 -122.282062,37.891809,4 -122.282198,37.891809,4 -122.282198,37.891702,4</coordinates></LinearRing></outerBoundaryIs></Polygon></Placemark>
    <Placemark><name>94 The Uplands · ADU</name><styleUrl>#t1</styleUrl><Polygon><extrude>1</extrude><altitudeMode>relativeToGround</altitudeMode><outerBoundaryIs><LinearRing><coordinates>-122.244370,37.853563,4 -122.244233,37.853563,4 -122.244233,37.853670,4 -122.244370,37.853670,4 -122.244370,37.853563,4</coordinates></LinearRing></outerBoundaryIs></Polygon></Placemark>
    <Placemark><name>2341 Carleton · ADU</name><styleUrl>#t1</styleUrl><Polygon><extrude>1</extrude><altitudeMode>relativeToGround</altitudeMode><outerBoundaryIs><LinearRing><coordinates>-122.260740,37.862251,4 -122.260603,37.862251,4 -122.260603,37.862358,4 -122.260740,37.862358,4 -122.260740,37.862251,4</coordinates></LinearRing></outerBoundaryIs></Polygon></Placemark>
    <Placemark><name>2633 Marin · ADU</name><styleUrl>#t1</styleUrl><Polygon><extrude>1</extrude><altitudeMode>relativeToGround</altitudeMode><outerBoundaryIs><LinearRing><coordinates>-122.262574,37.896773,4 -122.262438,37.896773,4 -122.262438,37.896881,4 -122.262574,37.896881,4 -122.262574,37.896773,4</coordinates></LinearRing></outerBoundaryIs></Polygon></Placemark>
    <Placemark><name>2801 Ashby · ADU</name><styleUrl>#t1</styleUrl><Polygon><extrude>1</extrude><altitudeMode>relativeToGround</altitudeMode><outerBoundaryIs><LinearRing><coordinates>-122.250438,37.857866,4 -122.250301,37.857866,4 -122.250301,37.857974,4 -122.250438,37.857974,4 -122.250438,37.857866,4</coordinates></LinearRing></outerBoundaryIs></Polygon></Placemark>
    <Placemark><name>1222 Derby · ADU</name><styleUrl>#t1</styleUrl><Polygon><extrude>1</extrude><altitudeMode>relativeToGround</altitudeMode><outerBoundaryIs><LinearRing><coordinates>-122.285630,37.857703,4 -122.285494,37.857703,4 -122.285494,37.857811,4 -122.285630,37.857811,4 -122.285630,37.857703,4</coordinates></LinearRing></outerBoundaryIs></Polygon></Placemark>
    <Placemark><name>1507 Tyler · ADU</name><styleUrl>#t1</styleUrl><Polygon><extrude>1</extrude><altitudeMode>relativeToGround</altitudeMode><outerBoundaryIs><LinearRing><coordinates>-122.278629,37.852648,4 -122.278492,37.852648,4 -122.278492,37.852756,4 -122.278629,37.852756,4 -122.278629,37.852648,4</coordinates></LinearRing></outerBoundaryIs></Polygon></Placemark>
    <Placemark><name>1828 Berkeley · ADU</name><styleUrl>#t1</styleUrl><Polygon><extrude>1</extrude><altitudeMode>relativeToGround</altitudeMode><outerBoundaryIs><LinearRing><coordinates>-122.274083,37.872035,4 -122.273947,37.872035,4 -122.273947,37.872143,4 -122.274083,37.872143,4 -122.274083,37.872035,4</coordinates></LinearRing></outerBoundaryIs></Polygon></Placemark>
    <Placemark><name>2215 Acton · ADU</name><styleUrl>#t1</styleUrl><Polygon><extrude>1</extrude><altitudeMode>relativeToGround</altitudeMode><outerBoundaryIs><LinearRing><coordinates>-122.283585,37.866414,4 -122.283449,37.866414,4 -122.283449,37.866522,4 -122.283585,37.866522,4 -122.283585,37.866414,4</coordinates></LinearRing></outerBoundaryIs></Polygon></Placemark>
    <Placemark><name>2909 Pine · ADU</name><styleUrl>#t1</styleUrl><Polygon><extrude>1</extrude><altitudeMode>relativeToGround</altitudeMode><outerBoundaryIs><LinearRing><coordinates>-122.248220,37.858235,4 -122.248084,37.858235,4 -122.248084,37.858343,4 -122.248220,37.858343,4 -122.248220,37.858235,4</coordinates></LinearRing></outerBoundaryIs></Polygon></Placemark>
    <Placemark><name>2959 California · ADU</name><styleUrl>#t1</styleUrl><Polygon><extrude>1</extrude><altitudeMode>relativeToGround</altitudeMode><outerBoundaryIs><LinearRing><coordinates>-122.276828,37.853997,4 -122.276692,37.853997,4 -122.276692,37.854105,4 -122.276828,37.854105,4 -122.276828,37.853997,4</coordinates></LinearRing></outerBoundaryIs></Polygon></Placemark>
    <Placemark><name>908 Cedar · ADU</name><styleUrl>#t1</styleUrl><Polygon><extrude>1</extrude><altitudeMode>relativeToGround</altitudeMode><outerBoundaryIs><LinearRing><coordinates>-122.298116,37.874109,4 -122.297980,37.874109,4 -122.297980,37.874217,4 -122.298116,37.874217,4 -122.298116,37.874109,4</coordinates></LinearRing></outerBoundaryIs></Polygon></Placemark>
    <Placemark><name>1821 Ward · ADU</name><styleUrl>#t1</styleUrl><Polygon><extrude>1</extrude><altitudeMode>relativeToGround</altitudeMode><outerBoundaryIs><LinearRing><coordinates>-122.272500,37.858990,4 -122.272363,37.858990,4 -122.272363,37.859098,4 -122.272500,37.859098,4 -122.272500,37.858990,4</coordinates></LinearRing></outerBoundaryIs></Polygon></Placemark>
    <Placemark><name>2314 Ellsworth · ADU</name><styleUrl>#t1</styleUrl><Polygon><extrude>1</extrude><altitudeMode>relativeToGround</altitudeMode><outerBoundaryIs><LinearRing><coordinates>-122.263965,37.867459,4 -122.263829,37.867459,4 -122.263829,37.867567,4 -122.263965,37.867567,4 -122.263965,37.867459,4</coordinates></LinearRing></outerBoundaryIs></Polygon></Placemark>
    <Placemark><name>2629 Woolsey · ADU</name><styleUrl>#t1</styleUrl><Polygon><extrude>1</extrude><altitudeMode>relativeToGround</altitudeMode><outerBoundaryIs><LinearRing><coordinates>-122.253557,37.853971,4 -122.253421,37.853971,4 -122.253421,37.854078,4 -122.253557,37.854078,4 -122.253557,37.853971,4</coordinates></LinearRing></outerBoundaryIs></Polygon></Placemark>
    <Placemark><name>2335 California · ADU</name><styleUrl>#t1</styleUrl><Polygon><extrude>1</extrude><altitudeMode>relativeToGround</altitudeMode><outerBoundaryIs><LinearRing><coordinates>-122.278875,37.864852,4 -122.278739,37.864852,4 -122.278739,37.864960,4 -122.278875,37.864960,4 -122.278875,37.864852,4</coordinates></LinearRing></outerBoundaryIs></Polygon></Placemark>
    <Placemark><name>1315 Milvia · ADU</name><styleUrl>#t1</styleUrl><Polygon><extrude>1</extrude><altitudeMode>relativeToGround</altitudeMode><outerBoundaryIs><LinearRing><coordinates>-122.271734,37.882960,4 -122.271597,37.882960,4 -122.271597,37.883067,4 -122.271734,37.883067,4 -122.271734,37.882960,4</coordinates></LinearRing></outerBoundaryIs></Polygon></Placemark>
    <Placemark><name>1611 Stannage · ADU</name><styleUrl>#t1</styleUrl><Polygon><extrude>1</extrude><altitudeMode>relativeToGround</altitudeMode><outerBoundaryIs><LinearRing><coordinates>-122.291981,37.874922,4 -122.291844,37.874922,4 -122.291844,37.875030,4 -122.291981,37.875030,4 -122.291981,37.874922,4</coordinates></LinearRing></outerBoundaryIs></Polygon></Placemark>
    <Placemark><name>2911 Lorina · ADU</name><styleUrl>#t1</styleUrl><Polygon><extrude>1</extrude><altitudeMode>relativeToGround</altitudeMode><outerBoundaryIs><LinearRing><coordinates>-122.265477,37.856392,4 -122.265340,37.856392,4 -122.265340,37.856500,4 -122.265477,37.856500,4 -122.265477,37.856392,4</coordinates></LinearRing></outerBoundaryIs></Polygon></Placemark>
    <Placemark><name>3109 Lewiston · ADU</name><styleUrl>#t1</styleUrl><Polygon><extrude>1</extrude><altitudeMode>relativeToGround</altitudeMode><outerBoundaryIs><LinearRing><coordinates>-122.251426,37.853511,4 -122.251290,37.853511,4 -122.251290,37.853619,4 -122.251426,37.853619,4 -122.251426,37.853511,4</coordinates></LinearRing></outerBoundaryIs></Polygon></Placemark>
    <Placemark><name>59 The Plaza · ADU</name><styleUrl>#t1</styleUrl><Polygon><extrude>1</extrude><altitudeMode>relativeToGround</altitudeMode><outerBoundaryIs><LinearRing><coordinates>-122.243914,37.855212,4 -122.243777,37.855212,4 -122.243777,37.855320,4 -122.243914,37.855320,4 -122.243914,37.855212,4</coordinates></LinearRing></outerBoundaryIs></Polygon></Placemark>
    <Placemark><name>2325 Eighth · ADU</name><styleUrl>#t1</styleUrl><Polygon><extrude>1</extrude><altitudeMode>relativeToGround</altitudeMode><outerBoundaryIs><LinearRing><coordinates>-122.293517,37.862999,4 -122.293380,37.862999,4 -122.293380,37.863106,4 -122.293517,37.863106,4 -122.293517,37.862999,4</coordinates></LinearRing></outerBoundaryIs></Polygon></Placemark>
    <Placemark><name>1632 Prince · ADU</name><styleUrl>#t1</styleUrl><Polygon><extrude>1</extrude><altitudeMode>relativeToGround</altitudeMode><outerBoundaryIs><LinearRing><coordinates>-122.274990,37.851656,4 -122.274853,37.851656,4 -122.274853,37.851764,4 -122.274990,37.851764,4 -122.274990,37.851656,4</coordinates></LinearRing></outerBoundaryIs></Polygon></Placemark>
    <Placemark><name>1031 Channing · ADU</name><styleUrl>#t1</styleUrl><Polygon><extrude>1</extrude><altitudeMode>relativeToGround</altitudeMode><outerBoundaryIs><LinearRing><coordinates>-122.291089,37.862842,4 -122.290952,37.862842,4 -122.290952,37.862950,4 -122.291089,37.862950,4 -122.291089,37.862842,4</coordinates></LinearRing></outerBoundaryIs></Polygon></Placemark>
    <Placemark><name>1204 Carleton · ADU</name><styleUrl>#t1</styleUrl><Polygon><extrude>1</extrude><altitudeMode>relativeToGround</altitudeMode><outerBoundaryIs><LinearRing><coordinates>-122.286500,37.858497,4 -122.286363,37.858497,4 -122.286363,37.858604,4 -122.286500,37.858604,4 -122.286500,37.858497,4</coordinates></LinearRing></outerBoundaryIs></Polygon></Placemark>
    <Placemark><name>1280 Monterey · ADU</name><styleUrl>#t1</styleUrl><Polygon><extrude>1</extrude><altitudeMode>relativeToGround</altitudeMode><outerBoundaryIs><LinearRing><coordinates>-122.282534,37.882807,4 -122.282398,37.882807,4 -122.282398,37.882914,4 -122.282534,37.882914,4 -122.282534,37.882807,4</coordinates></LinearRing></outerBoundaryIs></Polygon></Placemark>
    <Placemark><name>1315 Blake · ADU</name><styleUrl>#t1</styleUrl><Polygon><extrude>1</extrude><altitudeMode>relativeToGround</altitudeMode><outerBoundaryIs><LinearRing><coordinates>-122.284772,37.861054,4 -122.284635,37.861054,4 -122.284635,37.861162,4 -122.284772,37.861162,4 -122.284772,37.861054,4</coordinates></LinearRing></outerBoundaryIs></Polygon></Placemark>
    <Placemark><name>1334 Blake · ADU</name><styleUrl>#t1</styleUrl><Polygon><extrude>1</extrude><altitudeMode>relativeToGround</altitudeMode><outerBoundaryIs><LinearRing><coordinates>-122.283793,37.860648,4 -122.283656,37.860648,4 -122.283656,37.860756,4 -122.283793,37.860756,4 -122.283793,37.860648,4</coordinates></LinearRing></outerBoundaryIs></Polygon></Placemark>
    <Placemark><name>1335 Delaware · ADU</name><styleUrl>#t1</styleUrl><Polygon><extrude>1</extrude><altitudeMode>relativeToGround</altitudeMode><outerBoundaryIs><LinearRing><coordinates>-122.286200,37.872754,4 -122.286063,37.872754,4 -122.286063,37.872861,4 -122.286200,37.872861,4 -122.286200,37.872754,4</coordinates></LinearRing></outerBoundaryIs></Polygon></Placemark>
    <Placemark><name>1512 North · ADU</name><styleUrl>#t1</styleUrl><Polygon><extrude>1</extrude><altitudeMode>relativeToGround</altitudeMode><outerBoundaryIs><LinearRing><coordinates>-122.278403,37.878320,4 -122.278266,37.878320,4 -122.278266,37.878428,4 -122.278403,37.878428,4 -122.278403,37.878320,4</coordinates></LinearRing></outerBoundaryIs></Polygon></Placemark>
    <Placemark><name>1535 Juanita · ADU</name><styleUrl>#t1</styleUrl><Polygon><extrude>1</extrude><altitudeMode>relativeToGround</altitudeMode><outerBoundaryIs><LinearRing><coordinates>-122.286235,37.876628,4 -122.286099,37.876628,4 -122.286099,37.876736,4 -122.286235,37.876736,4 -122.286235,37.876628,4</coordinates></LinearRing></outerBoundaryIs></Polygon></Placemark>
    <Placemark><name>1628 Jaynes · ADU</name><styleUrl>#t1</styleUrl><Polygon><extrude>1</extrude><altitudeMode>relativeToGround</altitudeMode><outerBoundaryIs><LinearRing><coordinates>-122.279275,37.877697,4 -122.279138,37.877697,4 -122.279138,37.877805,4 -122.279275,37.877805,4 -122.279275,37.877697,4</coordinates></LinearRing></outerBoundaryIs></Polygon></Placemark>
    <Placemark><name>1775 Sonoma · ADU</name><styleUrl>#t1</styleUrl><Polygon><extrude>1</extrude><altitudeMode>relativeToGround</altitudeMode><outerBoundaryIs><LinearRing><coordinates>-122.279121,37.886199,4 -122.278984,37.886199,4 -122.278984,37.886307,4 -122.279121,37.886307,4 -122.279121,37.886199,4</coordinates></LinearRing></outerBoundaryIs></Polygon></Placemark>
    <Placemark><name>2117 Eighth · ADU</name><styleUrl>#t1</styleUrl><Polygon><extrude>1</extrude><altitudeMode>relativeToGround</altitudeMode><outerBoundaryIs><LinearRing><coordinates>-122.294632,37.866438,4 -122.294496,37.866438,4 -122.294496,37.866545,4 -122.294632,37.866545,4 -122.294632,37.866438,4</coordinates></LinearRing></outerBoundaryIs></Polygon></Placemark>
    <Placemark><name>1943 Haste · ADU</name><styleUrl>#t1</styleUrl><Polygon><extrude>1</extrude><altitudeMode>relativeToGround</altitudeMode><outerBoundaryIs><LinearRing><coordinates>-122.270407,37.864721,4 -122.270271,37.864721,4 -122.270271,37.864828,4 -122.270407,37.864828,4 -122.270407,37.864721,4</coordinates></LinearRing></outerBoundaryIs></Polygon></Placemark>
    <Placemark><name>1015 Mariposa · ADU</name><styleUrl>#t1</styleUrl><Polygon><extrude>1</extrude><altitudeMode>relativeToGround</altitudeMode><outerBoundaryIs><LinearRing><coordinates>-122.270126,37.889021,4 -122.269990,37.889021,4 -122.269990,37.889129,4 -122.270126,37.889129,4 -122.270126,37.889021,4</coordinates></LinearRing></outerBoundaryIs></Polygon></Placemark>
    <Placemark><name>1120 Oxford · ADU</name><styleUrl>#t1</styleUrl><Polygon><extrude>1</extrude><altitudeMode>relativeToGround</altitudeMode><outerBoundaryIs><LinearRing><coordinates>-122.268686,37.888223,4 -122.268550,37.888223,4 -122.268550,37.888331,4 -122.268686,37.888331,4 -122.268686,37.888223,4</coordinates></LinearRing></outerBoundaryIs></Polygon></Placemark>
    <Placemark><name>1132 Amador · ADU</name><styleUrl>#t1</styleUrl><Polygon><extrude>1</extrude><altitudeMode>relativeToGround</altitudeMode><outerBoundaryIs><LinearRing><coordinates>-122.271665,37.886734,4 -122.271528,37.886734,4 -122.271528,37.886842,4 -122.271665,37.886842,4 -122.271665,37.886734,4</coordinates></LinearRing></outerBoundaryIs></Polygon></Placemark>
    <Placemark><name>1442 Campus · ADU</name><styleUrl>#t1</styleUrl><Polygon><extrude>1</extrude><altitudeMode>relativeToGround</altitudeMode><outerBoundaryIs><LinearRing><coordinates>-122.253122,37.883024,4 -122.252985,37.883024,4 -122.252985,37.883132,4 -122.253122,37.883132,4 -122.253122,37.883024,4</coordinates></LinearRing></outerBoundaryIs></Polygon></Placemark>
    <Placemark><name>1505 Arch · ADU</name><styleUrl>#t1</styleUrl><Polygon><extrude>1</extrude><altitudeMode>relativeToGround</altitudeMode><outerBoundaryIs><LinearRing><coordinates>-122.264588,37.880506,4 -122.264452,37.880506,4 -122.264452,37.880614,4 -122.264588,37.880614,4 -122.264588,37.880506,4</coordinates></LinearRing></outerBoundaryIs></Polygon></Placemark>
    <Placemark><name>1612 Spruce · ADU</name><styleUrl>#t1</styleUrl><Polygon><extrude>1</extrude><altitudeMode>relativeToGround</altitudeMode><outerBoundaryIs><LinearRing><coordinates>-122.266098,37.878248,4 -122.265961,37.878248,4 -122.265961,37.878355,4 -122.266098,37.878355,4 -122.266098,37.878248,4</coordinates></LinearRing></outerBoundaryIs></Polygon></Placemark>
    <Placemark><name>1620 Delaware · ADU</name><styleUrl>#t1</styleUrl><Polygon><extrude>1</extrude><altitudeMode>relativeToGround</altitudeMode><outerBoundaryIs><LinearRing><coordinates>-122.279081,37.873152,4 -122.278944,37.873152,4 -122.278944,37.873260,4 -122.279081,37.873260,4 -122.279081,37.873152,4</coordinates></LinearRing></outerBoundaryIs></Polygon></Placemark>
    <Placemark><name>2748 California · ADU</name><styleUrl>#t1</styleUrl><Polygon><extrude>1</extrude><altitudeMode>relativeToGround</altitudeMode><outerBoundaryIs><LinearRing><coordinates>-122.277999,37.857323,4 -122.277862,37.857323,4 -122.277862,37.857431,4 -122.277999,37.857431,4 -122.277999,37.857323,4</coordinates></LinearRing></outerBoundaryIs></Polygon></Placemark>
    <Placemark><name>2847 Prince · ADU</name><styleUrl>#t1</styleUrl><Polygon><extrude>1</extrude><altitudeMode>relativeToGround</altitudeMode><outerBoundaryIs><LinearRing><coordinates>-122.247954,37.855385,4 -122.247817,37.855385,4 -122.247817,37.855493,4 -122.247954,37.855493,4 -122.247954,37.855385,4</coordinates></LinearRing></outerBoundaryIs></Polygon></Placemark>
    <Placemark><name>2911 Hillegass · ADU</name><styleUrl>#t1</styleUrl><Polygon><extrude>1</extrude><altitudeMode>relativeToGround</altitudeMode><outerBoundaryIs><LinearRing><coordinates>-122.255394,37.857728,4 -122.255257,37.857728,4 -122.255257,37.857836,4 -122.255394,37.857836,4 -122.255394,37.857728,4</coordinates></LinearRing></outerBoundaryIs></Polygon></Placemark>
    <Placemark><name>3020 Acton · ADU</name><styleUrl>#t1</styleUrl><Polygon><extrude>1</extrude><altitudeMode>relativeToGround</altitudeMode><outerBoundaryIs><LinearRing><coordinates>-122.281617,37.852427,4 -122.281480,37.852427,4 -122.281480,37.852535,4 -122.281617,37.852535,4 -122.281617,37.852427,4</coordinates></LinearRing></outerBoundaryIs></Polygon></Placemark>
    <Placemark><name>831 Page · ADU</name><styleUrl>#t1</styleUrl><Polygon><extrude>1</extrude><altitudeMode>relativeToGround</altitudeMode><outerBoundaryIs><LinearRing><coordinates>-122.300287,37.876645,4 -122.300150,37.876645,4 -122.300150,37.876753,4 -122.300287,37.876753,4 -122.300287,37.876645,4</coordinates></LinearRing></outerBoundaryIs></Polygon></Placemark>
    <Placemark><name>929 Colusa · ADU</name><styleUrl>#t1</styleUrl><Polygon><extrude>1</extrude><altitudeMode>relativeToGround</altitudeMode><outerBoundaryIs><LinearRing><coordinates>-122.278830,37.890402,4 -122.278693,37.890402,4 -122.278693,37.890510,4 -122.278830,37.890510,4 -122.278830,37.890402,4</coordinates></LinearRing></outerBoundaryIs></Polygon></Placemark>
    <Placemark><name>1444 Fifth · ADU</name><styleUrl>#t1</styleUrl><Polygon><extrude>1</extrude><altitudeMode>relativeToGround</altitudeMode><outerBoundaryIs><LinearRing><coordinates>-122.301774,37.875653,4 -122.301637,37.875653,4 -122.301637,37.875761,4 -122.301774,37.875761,4 -122.301774,37.875653,4</coordinates></LinearRing></outerBoundaryIs></Polygon></Placemark>
    <Placemark><name>1112 Fresno · ADU</name><styleUrl>#t1</styleUrl><Polygon><extrude>1</extrude><altitudeMode>relativeToGround</altitudeMode><outerBoundaryIs><LinearRing><coordinates>-122.277660,37.886769,4 -122.277523,37.886769,4 -122.277523,37.886877,4 -122.277660,37.886877,4 -122.277660,37.886769,4</coordinates></LinearRing></outerBoundaryIs></Polygon></Placemark>
    <Placemark><name>1206 Talbot · ADU</name><styleUrl>#t1</styleUrl><Polygon><extrude>1</extrude><altitudeMode>relativeToGround</altitudeMode><outerBoundaryIs><LinearRing><coordinates>-122.293170,37.882499,4 -122.293033,37.882499,4 -122.293033,37.882607,4 -122.293170,37.882607,4 -122.293170,37.882499,4</coordinates></LinearRing></outerBoundaryIs></Polygon></Placemark>
    <Placemark><name>1284 Hearst · ADU</name><styleUrl>#t1</styleUrl><Polygon><extrude>1</extrude><altitudeMode>relativeToGround</altitudeMode><outerBoundaryIs><LinearRing><coordinates>-122.287146,37.870981,4 -122.287010,37.870981,4 -122.287010,37.871089,4 -122.287146,37.871089,4 -122.287146,37.870981,4</coordinates></LinearRing></outerBoundaryIs></Polygon></Placemark>
    <Placemark><name>1307 Ward · ADU</name><styleUrl>#t1</styleUrl><Polygon><extrude>1</extrude><altitudeMode>relativeToGround</altitudeMode><outerBoundaryIs><LinearRing><coordinates>-122.284309,37.857544,4 -122.284173,37.857544,4 -122.284173,37.857652,4 -122.284309,37.857652,4 -122.284309,37.857544,4</coordinates></LinearRing></outerBoundaryIs></Polygon></Placemark>
    <Placemark><name>1625 Russell · ADU</name><styleUrl>#t1</styleUrl><Polygon><extrude>1</extrude><altitudeMode>relativeToGround</altitudeMode><outerBoundaryIs><LinearRing><coordinates>-122.275871,37.855677,4 -122.275734,37.855677,4 -122.275734,37.855785,4 -122.275871,37.855785,4 -122.275871,37.855677,4</coordinates></LinearRing></outerBoundaryIs></Polygon></Placemark>
    <Placemark><name>1628 Seventh · ADU</name><styleUrl>#t1</styleUrl><Polygon><extrude>1</extrude><altitudeMode>relativeToGround</altitudeMode><outerBoundaryIs><LinearRing><coordinates>-122.298793,37.873630,4 -122.298657,37.873630,4 -122.298657,37.873738,4 -122.298793,37.873738,4 -122.298793,37.873630,4</coordinates></LinearRing></outerBoundaryIs></Polygon></Placemark>
    <Placemark><name>2236 Eighth · ADU</name><styleUrl>#t1</styleUrl><Polygon><extrude>1</extrude><altitudeMode>relativeToGround</altitudeMode><outerBoundaryIs><LinearRing><coordinates>-122.294600,37.864236,4 -122.294463,37.864236,4 -122.294463,37.864344,4 -122.294600,37.864344,4 -122.294600,37.864236,4</coordinates></LinearRing></outerBoundaryIs></Polygon></Placemark>
    <Placemark><name>2310 Curtis · ADU</name><styleUrl>#t1</styleUrl><Polygon><extrude>1</extrude><altitudeMode>relativeToGround</altitudeMode><outerBoundaryIs><LinearRing><coordinates>-122.288911,37.864387,4 -122.288774,37.864387,4 -122.288774,37.864495,4 -122.288911,37.864495,4 -122.288911,37.864387,4</coordinates></LinearRing></outerBoundaryIs></Polygon></Placemark>
    <Placemark><name>2417 Woolsey · ADU</name><styleUrl>#t1</styleUrl><Polygon><extrude>1</extrude><altitudeMode>relativeToGround</altitudeMode><outerBoundaryIs><LinearRing><coordinates>-122.257580,37.853443,4 -122.257443,37.853443,4 -122.257443,37.853551,4 -122.257580,37.853551,4 -122.257580,37.853443,4</coordinates></LinearRing></outerBoundaryIs></Polygon></Placemark>
    <Placemark><name>584 Arlington · ADU</name><styleUrl>#t1</styleUrl><Polygon><extrude>1</extrude><altitudeMode>relativeToGround</altitudeMode><outerBoundaryIs><LinearRing><coordinates>-122.278113,37.899507,4 -122.277977,37.899507,4 -122.277977,37.899615,4 -122.278113,37.899615,4 -122.278113,37.899507,4</coordinates></LinearRing></outerBoundaryIs></Polygon></Placemark>
    <Placemark><name>1626 Tenth · ADU</name><styleUrl>#t1</styleUrl><Polygon><extrude>1</extrude><altitudeMode>relativeToGround</altitudeMode><outerBoundaryIs><LinearRing><coordinates>-122.295380,37.873970,4 -122.295243,37.873970,4 -122.295243,37.874078,4 -122.295380,37.874078,4 -122.295380,37.873970,4</coordinates></LinearRing></outerBoundaryIs></Polygon></Placemark>
    <Placemark><name>1640 Ninth · ADU</name><styleUrl>#t1</styleUrl><Polygon><extrude>1</extrude><altitudeMode>relativeToGround</altitudeMode><outerBoundaryIs><LinearRing><coordinates>-122.296370,37.873267,4 -122.296234,37.873267,4 -122.296234,37.873375,4 -122.296370,37.873375,4 -122.296370,37.873267,4</coordinates></LinearRing></outerBoundaryIs></Polygon></Placemark>
    <Placemark><name>1526 Sixth · ADU</name><styleUrl>#t1</styleUrl><Polygon><extrude>1</extrude><altitudeMode>relativeToGround</altitudeMode><outerBoundaryIs><LinearRing><coordinates>-122.300040,37.874141,4 -122.299904,37.874141,4 -122.299904,37.874249,4 -122.300040,37.874249,4 -122.300040,37.874141,4</coordinates></LinearRing></outerBoundaryIs></Polygon></Placemark>
    <Placemark><name>1209 Derby · ADU</name><styleUrl>#t1</styleUrl><Polygon><extrude>1</extrude><altitudeMode>relativeToGround</altitudeMode><outerBoundaryIs><LinearRing><coordinates>-122.286288,37.858153,4 -122.286152,37.858153,4 -122.286152,37.858261,4 -122.286288,37.858261,4 -122.286288,37.858153,4</coordinates></LinearRing></outerBoundaryIs></Polygon></Placemark>
    <Placemark><name>1316 Milvia · ADU</name><styleUrl>#t1</styleUrl><Polygon><extrude>1</extrude><altitudeMode>relativeToGround</altitudeMode><outerBoundaryIs><LinearRing><coordinates>-122.272390,37.882758,4 -122.272253,37.882758,4 -122.272253,37.882866,4 -122.272390,37.882866,4 -122.272390,37.882758,4</coordinates></LinearRing></outerBoundaryIs></Polygon></Placemark>
    <Placemark><name>1414 Holly · ADU</name><styleUrl>#t1</styleUrl><Polygon><extrude>1</extrude><altitudeMode>relativeToGround</altitudeMode><outerBoundaryIs><LinearRing><coordinates>-122.282166,37.878640,4 -122.282030,37.878640,4 -122.282030,37.878748,4 -122.282166,37.878748,4 -122.282166,37.878640,4</coordinates></LinearRing></outerBoundaryIs></Polygon></Placemark>
    <Placemark><name>1414 M L King Jr · ADU</name><styleUrl>#t1</styleUrl><Polygon><extrude>1</extrude><altitudeMode>relativeToGround</altitudeMode><outerBoundaryIs><LinearRing><coordinates>-122.274455,37.880762,4 -122.274318,37.880762,4 -122.274318,37.880870,4 -122.274455,37.880870,4 -122.274455,37.880762,4</coordinates></LinearRing></outerBoundaryIs></Polygon></Placemark>
    <Placemark><name>1440 Parker · ADU</name><styleUrl>#t1</styleUrl><Polygon><extrude>1</extrude><altitudeMode>relativeToGround</altitudeMode><outerBoundaryIs><LinearRing><coordinates>-122.281050,37.860093,4 -122.280914,37.860093,4 -122.280914,37.860201,4 -122.281050,37.860201,4 -122.281050,37.860093,4</coordinates></LinearRing></outerBoundaryIs></Polygon></Placemark>
    <Placemark><name>1505 Tyler · ADU</name><styleUrl>#t1</styleUrl><Polygon><extrude>1</extrude><altitudeMode>relativeToGround</altitudeMode><outerBoundaryIs><LinearRing><coordinates>-122.278715,37.852635,4 -122.278578,37.852635,4 -122.278578,37.852743,4 -122.278715,37.852743,4 -122.278715,37.852635,4</coordinates></LinearRing></outerBoundaryIs></Polygon></Placemark>
    <Placemark><name>1821 Woolsey · ADU</name><styleUrl>#t1</styleUrl><Polygon><extrude>1</extrude><altitudeMode>relativeToGround</altitudeMode><outerBoundaryIs><LinearRing><coordinates>-122.271793,37.851640,4 -122.271657,37.851640,4 -122.271657,37.851748,4 -122.271793,37.851748,4 -122.271793,37.851640,4</coordinates></LinearRing></outerBoundaryIs></Polygon></Placemark>
    <Placemark><name>1522 Alcatraz · ADU</name><styleUrl>#t1</styleUrl><Polygon><extrude>1</extrude><altitudeMode>relativeToGround</altitudeMode><outerBoundaryIs><LinearRing><coordinates>-122.276745,37.847768,4 -122.276608,37.847768,4 -122.276608,37.847876,4 -122.276745,37.847876,4 -122.276745,37.847768,4</coordinates></LinearRing></outerBoundaryIs></Polygon></Placemark>
    <Placemark><name>1536 Dwight · ADU</name><styleUrl>#t1</styleUrl><Polygon><extrude>1</extrude><altitudeMode>relativeToGround</altitudeMode><outerBoundaryIs><LinearRing><coordinates>-122.279506,37.862095,4 -122.279369,37.862095,4 -122.279369,37.862203,4 -122.279506,37.862203,4 -122.279506,37.862095,4</coordinates></LinearRing></outerBoundaryIs></Polygon></Placemark>
    <Placemark><name>1730 Francisco · ADU</name><styleUrl>#t1</styleUrl><Polygon><extrude>1</extrude><altitudeMode>relativeToGround</altitudeMode><outerBoundaryIs><LinearRing><coordinates>-122.276559,37.874390,4 -122.276422,37.874390,4 -122.276422,37.874498,4 -122.276559,37.874498,4 -122.276559,37.874390,4</coordinates></LinearRing></outerBoundaryIs></Polygon></Placemark>
    <Placemark><name>1814 Virginia · ADU</name><styleUrl>#t1</styleUrl><Polygon><extrude>1</extrude><altitudeMode>relativeToGround</altitudeMode><outerBoundaryIs><LinearRing><coordinates>-122.275226,37.875481,4 -122.275090,37.875481,4 -122.275090,37.875588,4 -122.275226,37.875588,4 -122.275226,37.875481,4</coordinates></LinearRing></outerBoundaryIs></Polygon></Placemark>
    <Placemark><name>2407 Tenth · ADU</name><styleUrl>#t1</styleUrl><Polygon><extrude>1</extrude><altitudeMode>relativeToGround</altitudeMode><outerBoundaryIs><LinearRing><coordinates>-122.290939,37.862361,4 -122.290802,37.862361,4 -122.290802,37.862469,4 -122.290939,37.862469,4 -122.290939,37.862361,4</coordinates></LinearRing></outerBoundaryIs></Polygon></Placemark>
    <Placemark><name>2425 Grant · ADU</name><styleUrl>#t1</styleUrl><Polygon><extrude>1</extrude><altitudeMode>relativeToGround</altitudeMode><outerBoundaryIs><LinearRing><coordinates>-122.274219,37.863852,4 -122.274083,37.863852,4 -122.274083,37.863960,4 -122.274219,37.863960,4 -122.274219,37.863852,4</coordinates></LinearRing></outerBoundaryIs></Polygon></Placemark>
    <Placemark><name>2725 Mathews · ADU</name><styleUrl>#t1</styleUrl><Polygon><extrude>1</extrude><altitudeMode>relativeToGround</altitudeMode><outerBoundaryIs><LinearRing><coordinates>-122.285892,37.856982,4 -122.285755,37.856982,4 -122.285755,37.857089,4 -122.285892,37.857089,4 -122.285892,37.856982,4</coordinates></LinearRing></outerBoundaryIs></Polygon></Placemark>
    <Placemark><name>0 Queens · ADU</name><styleUrl>#t1</styleUrl><Polygon><extrude>1</extrude><altitudeMode>relativeToGround</altitudeMode><outerBoundaryIs><LinearRing><coordinates>-122.253593,37.885667,4 -122.253456,37.885667,4 -122.253456,37.885775,4 -122.253593,37.885775,4 -122.253593,37.885667,4</coordinates></LinearRing></outerBoundaryIs></Polygon></Placemark>
    <Placemark><name>1641 Seventh · ADU</name><styleUrl>#t1</styleUrl><Polygon><extrude>1</extrude><altitudeMode>relativeToGround</altitudeMode><outerBoundaryIs><LinearRing><coordinates>-122.297961,37.872935,4 -122.297825,37.872935,4 -122.297825,37.873043,4 -122.297961,37.873043,4 -122.297961,37.872935,4</coordinates></LinearRing></outerBoundaryIs></Polygon></Placemark>
    <Placemark><name>2031 Prince · ADU</name><styleUrl>#t1</styleUrl><Polygon><extrude>1</extrude><altitudeMode>relativeToGround</altitudeMode><outerBoundaryIs><LinearRing><coordinates>-122.266865,37.853198,4 -122.266729,37.853198,4 -122.266729,37.853306,4 -122.266865,37.853306,4 -122.266865,37.853198,4</coordinates></LinearRing></outerBoundaryIs></Polygon></Placemark>
    <Placemark><name>1039 Mariposa · ADU</name><styleUrl>#t1</styleUrl><Polygon><extrude>1</extrude><altitudeMode>relativeToGround</altitudeMode><outerBoundaryIs><LinearRing><coordinates>-122.270595,37.888443,4 -122.270459,37.888443,4 -122.270459,37.888550,4 -122.270595,37.888550,4 -122.270595,37.888443,4</coordinates></LinearRing></outerBoundaryIs></Polygon></Placemark>
    <Placemark><name>1107 Colusa · ADU</name><styleUrl>#t1</styleUrl><Polygon><extrude>1</extrude><altitudeMode>relativeToGround</altitudeMode><outerBoundaryIs><LinearRing><coordinates>-122.278068,37.886715,4 -122.277931,37.886715,4 -122.277931,37.886823,4 -122.278068,37.886823,4 -122.278068,37.886715,4</coordinates></LinearRing></outerBoundaryIs></Polygon></Placemark>
    <Placemark><name>1412 Harmon · ADU</name><styleUrl>#t1</styleUrl><Polygon><extrude>1</extrude><altitudeMode>relativeToGround</altitudeMode><outerBoundaryIs><LinearRing><coordinates>-122.279208,37.848345,4 -122.279071,37.848345,4 -122.279071,37.848452,4 -122.279208,37.848452,4 -122.279208,37.848345,4</coordinates></LinearRing></outerBoundaryIs></Polygon></Placemark>
    <Placemark><name>2131 Derby · ADU</name><styleUrl>#t1</styleUrl><Polygon><extrude>1</extrude><altitudeMode>relativeToGround</altitudeMode><outerBoundaryIs><LinearRing><coordinates>-122.265572,37.860762,4 -122.265436,37.860762,4 -122.265436,37.860870,4 -122.265572,37.860870,4 -122.265572,37.860762,4</coordinates></LinearRing></outerBoundaryIs></Polygon></Placemark>
    <Placemark><name>2148 Ward · ADU</name><styleUrl>#t1</styleUrl><Polygon><extrude>1</extrude><altitudeMode>relativeToGround</altitudeMode><outerBoundaryIs><LinearRing><coordinates>-122.264918,37.859395,4 -122.264781,37.859395,4 -122.264781,37.859503,4 -122.264918,37.859503,4 -122.264918,37.859395,4</coordinates></LinearRing></outerBoundaryIs></Polygon></Placemark>
    <Placemark><name>2915 Harper · ADU</name><styleUrl>#t1</styleUrl><Polygon><extrude>1</extrude><altitudeMode>relativeToGround</altitudeMode><outerBoundaryIs><LinearRing><coordinates>-122.272058,37.855311,4 -122.271921,37.855311,4 -122.271921,37.855419,4 -122.272058,37.855419,4 -122.272058,37.855311,4</coordinates></LinearRing></outerBoundaryIs></Polygon></Placemark>
    <Placemark><name>3130 Lewiston · ADU</name><styleUrl>#t1</styleUrl><Polygon><extrude>1</extrude><altitudeMode>relativeToGround</altitudeMode><outerBoundaryIs><LinearRing><coordinates>-122.251978,37.852780,4 -122.251841,37.852780,4 -122.251841,37.852888,4 -122.251978,37.852888,4 -122.251978,37.852780,4</coordinates></LinearRing></outerBoundaryIs></Polygon></Placemark>
    <Placemark><name>50 Northgate · ADU</name><styleUrl>#t1</styleUrl><Polygon><extrude>1</extrude><altitudeMode>relativeToGround</altitudeMode><outerBoundaryIs><LinearRing><coordinates>-122.256247,37.886310,4 -122.256111,37.886310,4 -122.256111,37.886418,4 -122.256247,37.886418,4 -122.256247,37.886310,4</coordinates></LinearRing></outerBoundaryIs></Polygon></Placemark>
    <Placemark><name>773 Neilson · ADU</name><styleUrl>#t1</styleUrl><Polygon><extrude>1</extrude><altitudeMode>relativeToGround</altitudeMode><outerBoundaryIs><LinearRing><coordinates>-122.286327,37.893292,4 -122.286191,37.893292,4 -122.286191,37.893400,4 -122.286327,37.893400,4 -122.286327,37.893292,4</coordinates></LinearRing></outerBoundaryIs></Polygon></Placemark>
    <Placemark><name>1212 Colusa · ADU</name><styleUrl>#t1</styleUrl><Polygon><extrude>1</extrude><altitudeMode>relativeToGround</altitudeMode><outerBoundaryIs><LinearRing><coordinates>-122.279798,37.883829,4 -122.279662,37.883829,4 -122.279662,37.883937,4 -122.279798,37.883937,4 -122.279798,37.883829,4</coordinates></LinearRing></outerBoundaryIs></Polygon></Placemark>
    <Placemark><name>1227 Neilson · ADU</name><styleUrl>#t1</styleUrl><Polygon><extrude>1</extrude><altitudeMode>relativeToGround</altitudeMode><outerBoundaryIs><LinearRing><coordinates>-122.288750,37.881716,4 -122.288613,37.881716,4 -122.288613,37.881824,4 -122.288750,37.881824,4 -122.288750,37.881716,4</coordinates></LinearRing></outerBoundaryIs></Polygon></Placemark>
    <Placemark><name>1423 Stannage · ADU</name><styleUrl>#t1</styleUrl><Polygon><extrude>1</extrude><altitudeMode>relativeToGround</altitudeMode><outerBoundaryIs><LinearRing><coordinates>-122.293045,37.878240,4 -122.292909,37.878240,4 -122.292909,37.878348,4 -122.293045,37.878348,4 -122.293045,37.878240,4</coordinates></LinearRing></outerBoundaryIs></Polygon></Placemark>
    <Placemark><name>1445 Euclid · ADU</name><styleUrl>#t1</styleUrl><Polygon><extrude>1</extrude><altitudeMode>relativeToGround</altitudeMode><outerBoundaryIs><LinearRing><coordinates>-122.261313,37.882237,4 -122.261177,37.882237,4 -122.261177,37.882345,4 -122.261313,37.882345,4 -122.261313,37.882237,4</coordinates></LinearRing></outerBoundaryIs></Polygon></Placemark>
    <Placemark><name>1534 Dwight · ADU</name><styleUrl>#t1</styleUrl><Polygon><extrude>1</extrude><altitudeMode>relativeToGround</altitudeMode><outerBoundaryIs><LinearRing><coordinates>-122.279687,37.862064,4 -122.279550,37.862064,4 -122.279550,37.862171,4 -122.279687,37.862171,4 -122.279687,37.862064,4</coordinates></LinearRing></outerBoundaryIs></Polygon></Placemark>
    <Placemark><name>1595 Holly · ADU</name><styleUrl>#t1</styleUrl><Polygon><extrude>1</extrude><altitudeMode>relativeToGround</altitudeMode><outerBoundaryIs><LinearRing><coordinates>-122.281452,37.877024,4 -122.281316,37.877024,4 -122.281316,37.877132,4 -122.281452,37.877132,4 -122.281452,37.877024,4</coordinates></LinearRing></outerBoundaryIs></Polygon></Placemark>
    <Placemark><name>1610 Oregon · ADU</name><styleUrl>#t1</styleUrl><Polygon><extrude>1</extrude><altitudeMode>relativeToGround</altitudeMode><outerBoundaryIs><LinearRing><coordinates>-122.276833,37.856039,4 -122.276696,37.856039,4 -122.276696,37.856147,4 -122.276833,37.856147,4 -122.276833,37.856039,4</coordinates></LinearRing></outerBoundaryIs></Polygon></Placemark>
    <Placemark><name>1624 Posen · ADU</name><styleUrl>#t1</styleUrl><Polygon><extrude>1</extrude><altitudeMode>relativeToGround</altitudeMode><outerBoundaryIs><LinearRing><coordinates>-122.280138,37.884329,4 -122.280001,37.884329,4 -122.280001,37.884436,4 -122.280138,37.884436,4 -122.280138,37.884329,4</coordinates></LinearRing></outerBoundaryIs></Polygon></Placemark>
    <Placemark><name>1711 Stuart · ADU</name><styleUrl>#t1</styleUrl><Polygon><extrude>1</extrude><altitudeMode>relativeToGround</altitudeMode><outerBoundaryIs><LinearRing><coordinates>-122.274962,37.857743,4 -122.274825,37.857743,4 -122.274825,37.857851,4 -122.274962,37.857851,4 -122.274962,37.857743,4</coordinates></LinearRing></outerBoundaryIs></Polygon></Placemark>
    <Placemark><name>2317 Sixth · ADU</name><styleUrl>#t1</styleUrl><Polygon><extrude>1</extrude><altitudeMode>relativeToGround</altitudeMode><outerBoundaryIs><LinearRing><coordinates>-122.295747,37.862849,4 -122.295610,37.862849,4 -122.295610,37.862957,4 -122.295747,37.862957,4 -122.295747,37.862849,4</coordinates></LinearRing></outerBoundaryIs></Polygon></Placemark>
    <Placemark><name>2851 Buena Vista · ADU</name><styleUrl>#t1</styleUrl><Polygon><extrude>1</extrude><altitudeMode>relativeToGround</altitudeMode><outerBoundaryIs><LinearRing><coordinates>-122.256612,37.881922,4 -122.256475,37.881922,4 -122.256475,37.882030,4 -122.256612,37.882030,4 -122.256612,37.881922,4</coordinates></LinearRing></outerBoundaryIs></Polygon></Placemark>
    <Placemark><name>1854 San Ramon · ADU</name><styleUrl>#t1</styleUrl><Polygon><extrude>1</extrude><altitudeMode>relativeToGround</altitudeMode><outerBoundaryIs><LinearRing><coordinates>-122.279123,37.898291,4 -122.278987,37.898291,4 -122.278987,37.898398,4 -122.279123,37.898398,4 -122.279123,37.898291,4</coordinates></LinearRing></outerBoundaryIs></Polygon></Placemark>
    <Placemark><name>1222 Evelyn · ADU</name><styleUrl>#t1</styleUrl><Polygon><extrude>1</extrude><altitudeMode>relativeToGround</altitudeMode><outerBoundaryIs><LinearRing><coordinates>-122.292131,37.882144,4 -122.291995,37.882144,4 -122.291995,37.882252,4 -122.292131,37.882252,4 -122.292131,37.882144,4</coordinates></LinearRing></outerBoundaryIs></Polygon></Placemark>
    <Placemark><name>1248 Haskell · ADU</name><styleUrl>#t1</styleUrl><Polygon><extrude>1</extrude><altitudeMode>relativeToGround</altitudeMode><outerBoundaryIs><LinearRing><coordinates>-122.283888,37.850700,4 -122.283751,37.850700,4 -122.283751,37.850808,4 -122.283888,37.850808,4 -122.283888,37.850700,4</coordinates></LinearRing></outerBoundaryIs></Polygon></Placemark>
    <Placemark><name>1315 Ordway · ADU</name><styleUrl>#t1</styleUrl><Polygon><extrude>1</extrude><altitudeMode>relativeToGround</altitudeMode><outerBoundaryIs><LinearRing><coordinates>-122.286731,37.879902,4 -122.286594,37.879902,4 -122.286594,37.880010,4 -122.286731,37.880010,4 -122.286731,37.879902,4</coordinates></LinearRing></outerBoundaryIs></Polygon></Placemark>
    <Placemark><name>1510 Spruce · ADU</name><styleUrl>#t1</styleUrl><Polygon><extrude>1</extrude><altitudeMode>relativeToGround</altitudeMode><outerBoundaryIs><LinearRing><coordinates>-122.266296,37.880112,4 -122.266159,37.880112,4 -122.266159,37.880220,4 -122.266296,37.880220,4 -122.266296,37.880112,4</coordinates></LinearRing></outerBoundaryIs></Polygon></Placemark>
    <Placemark><name>1821 Sacramento · ADU</name><styleUrl>#t1</styleUrl><Polygon><extrude>1</extrude><altitudeMode>relativeToGround</altitudeMode><outerBoundaryIs><LinearRing><coordinates>-122.282011,37.872393,4 -122.281874,37.872393,4 -122.281874,37.872501,4 -122.282011,37.872501,4 -122.282011,37.872393,4</coordinates></LinearRing></outerBoundaryIs></Polygon></Placemark>
    <Placemark><name>2207 Rose · ADU</name><styleUrl>#t1</styleUrl><Polygon><extrude>1</extrude><altitudeMode>relativeToGround</altitudeMode><outerBoundaryIs><LinearRing><coordinates>-122.266964,37.882583,4 -122.266827,37.882583,4 -122.266827,37.882691,4 -122.266964,37.882691,4 -122.266964,37.882583,4</coordinates></LinearRing></outerBoundaryIs></Polygon></Placemark>
    <Placemark><name>2223 Mckinley · ADU</name><styleUrl>#t1</styleUrl><Polygon><extrude>1</extrude><altitudeMode>relativeToGround</altitudeMode><outerBoundaryIs><LinearRing><coordinates>-122.273506,37.867955,4 -122.273370,37.867955,4 -122.273370,37.868063,4 -122.273506,37.868063,4 -122.273506,37.867955,4</coordinates></LinearRing></outerBoundaryIs></Polygon></Placemark>
    <Placemark><name>2820 Piedmont · ADU</name><styleUrl>#t1</styleUrl><Polygon><extrude>1</extrude><altitudeMode>relativeToGround</altitudeMode><outerBoundaryIs><LinearRing><coordinates>-122.251565,37.859172,4 -122.251428,37.859172,4 -122.251428,37.859280,4 -122.251565,37.859280,4 -122.251565,37.859172,4</coordinates></LinearRing></outerBoundaryIs></Polygon></Placemark>
    <Placemark><name>1325 Grizzly Peak · ADU</name><styleUrl>#t1</styleUrl><Polygon><extrude>1</extrude><altitudeMode>relativeToGround</altitudeMode><outerBoundaryIs><LinearRing><coordinates>-122.250497,37.886556,4 -122.250361,37.886556,4 -122.250361,37.886664,4 -122.250497,37.886664,4 -122.250497,37.886556,4</coordinates></LinearRing></outerBoundaryIs></Polygon></Placemark>
    <Placemark><name>3108 DEAKIN · ADU</name><styleUrl>#t1</styleUrl><Polygon><extrude>1</extrude><altitudeMode>relativeToGround</altitudeMode><outerBoundaryIs><LinearRing><coordinates>-122.262298,37.853170,4 -122.262162,37.853170,4 -122.262162,37.853278,4 -122.262298,37.853278,4 -122.262298,37.853170,4</coordinates></LinearRing></outerBoundaryIs></Polygon></Placemark>
    <Placemark><name>2801 COLLEGE · ADU</name><styleUrl>#t1</styleUrl><Polygon><extrude>1</extrude><altitudeMode>relativeToGround</altitudeMode><outerBoundaryIs><LinearRing><coordinates>-122.253108,37.859635,4 -122.252971,37.859635,4 -122.252971,37.859743,4 -122.253108,37.859743,4 -122.253108,37.859635,4</coordinates></LinearRing></outerBoundaryIs></Polygon></Placemark>
    <Placemark><name>828 CHANNING · ADU</name><styleUrl>#t1</styleUrl><Polygon><extrude>1</extrude><altitudeMode>relativeToGround</altitudeMode><outerBoundaryIs><LinearRing><coordinates>-122.295302,37.861558,4 -122.295165,37.861558,4 -122.295165,37.861665,4 -122.295302,37.861665,4 -122.295302,37.861558,4</coordinates></LinearRing></outerBoundaryIs></Polygon></Placemark>
    <Placemark><name>2321 CALIFORNIA · ADU</name><styleUrl>#t1</styleUrl><Polygon><extrude>1</extrude><altitudeMode>relativeToGround</altitudeMode><outerBoundaryIs><LinearRing><coordinates>-122.278914,37.865221,4 -122.278777,37.865221,4 -122.278777,37.865329,4 -122.278914,37.865329,4 -122.278914,37.865221,4</coordinates></LinearRing></outerBoundaryIs></Polygon></Placemark>
    <Placemark><name>1255 MONTEREY · ADU</name><styleUrl>#t1</styleUrl><Polygon><extrude>1</extrude><altitudeMode>relativeToGround</altitudeMode><outerBoundaryIs><LinearRing><coordinates>-122.281402,37.883326,4 -122.281265,37.883326,4 -122.281265,37.883434,4 -122.281402,37.883434,4 -122.281402,37.883326,4</coordinates></LinearRing></outerBoundaryIs></Polygon></Placemark>
    <Placemark><name>1208 PERALTA · ADU</name><styleUrl>#t1</styleUrl><Polygon><extrude>1</extrude><altitudeMode>relativeToGround</altitudeMode><outerBoundaryIs><LinearRing><coordinates>-122.287669,37.882159,4 -122.287533,37.882159,4 -122.287533,37.882266,4 -122.287669,37.882266,4 -122.287669,37.882159,4</coordinates></LinearRing></outerBoundaryIs></Polygon></Placemark>
    <Placemark><name>1639 JULIA · ADU</name><styleUrl>#t1</styleUrl><Polygon><extrude>1</extrude><altitudeMode>relativeToGround</altitudeMode><outerBoundaryIs><LinearRing><coordinates>-122.275435,37.854875,4 -122.275298,37.854875,4 -122.275298,37.854983,4 -122.275435,37.854983,4 -122.275435,37.854875,4</coordinates></LinearRing></outerBoundaryIs></Polygon></Placemark>
    <Placemark><name>1530 LINCOLN · ADU</name><styleUrl>#t1</styleUrl><Polygon><extrude>1</extrude><altitudeMode>relativeToGround</altitudeMode><outerBoundaryIs><LinearRing><coordinates>-122.281408,37.875608,4 -122.281272,37.875608,4 -122.281272,37.875716,4 -122.281408,37.875716,4 -122.281408,37.875608,4</coordinates></LinearRing></outerBoundaryIs></Polygon></Placemark>
    <Placemark><name>1279 ALCATRAZ · ADU</name><styleUrl>#t1</styleUrl><Polygon><extrude>1</extrude><altitudeMode>relativeToGround</altitudeMode><outerBoundaryIs><LinearRing><coordinates>-122.281637,37.847601,4 -122.281500,37.847601,4 -122.281500,37.847708,4 -122.281637,37.847708,4 -122.281637,37.847601,4</coordinates></LinearRing></outerBoundaryIs></Polygon></Placemark>
    <Placemark><name>1879 CATALINA · ADU</name><styleUrl>#t1</styleUrl><Polygon><extrude>1</extrude><altitudeMode>relativeToGround</altitudeMode><outerBoundaryIs><LinearRing><coordinates>-122.278086,37.892969,4 -122.277949,37.892969,4 -122.277949,37.893076,4 -122.278086,37.893076,4 -122.278086,37.892969,4</coordinates></LinearRing></outerBoundaryIs></Polygon></Placemark>
    <Placemark><name>2823 CHERRY · ADU</name><styleUrl>#t1</styleUrl><Polygon><extrude>1</extrude><altitudeMode>relativeToGround</altitudeMode><outerBoundaryIs><LinearRing><coordinates>-122.251973,37.858985,4 -122.251836,37.858985,4 -122.251836,37.859093,4 -122.251973,37.859093,4 -122.251973,37.858985,4</coordinates></LinearRing></outerBoundaryIs></Polygon></Placemark>
    <Placemark><name>1516 WARD · ADU</name><styleUrl>#t1</styleUrl><Polygon><extrude>1</extrude><altitudeMode>relativeToGround</altitudeMode><outerBoundaryIs><LinearRing><coordinates>-122.279319,37.857591,4 -122.279182,37.857591,4 -122.279182,37.857699,4 -122.279319,37.857699,4 -122.279319,37.857591,4</coordinates></LinearRing></outerBoundaryIs></Polygon></Placemark>
    <Placemark><name>1815 SIXTY-SECOND · ADU</name><styleUrl>#t1</styleUrl><Polygon><extrude>1</extrude><altitudeMode>relativeToGround</altitudeMode><outerBoundaryIs><LinearRing><coordinates>-122.270467,37.847252,4 -122.270331,37.847252,4 -122.270331,37.847360,4 -122.270467,37.847360,4 -122.270467,37.847252,4</coordinates></LinearRing></outerBoundaryIs></Polygon></Placemark>
    <Placemark><name>1904 SACRAMENTO · ADU</name><styleUrl>#t1</styleUrl><Polygon><extrude>1</extrude><altitudeMode>relativeToGround</altitudeMode><outerBoundaryIs><LinearRing><coordinates>-122.282566,37.871505,4 -122.282429,37.871505,4 -122.282429,37.871613,4 -122.282566,37.871613,4 -122.282566,37.871505,4</coordinates></LinearRing></outerBoundaryIs></Polygon></Placemark>
    <Placemark><name>1407 KAINS · ADU</name><styleUrl>#t1</styleUrl><Polygon><extrude>1</extrude><altitudeMode>relativeToGround</altitudeMode><outerBoundaryIs><LinearRing><coordinates>-122.294064,37.878628,4 -122.293928,37.878628,4 -122.293928,37.878736,4 -122.294064,37.878736,4 -122.294064,37.878628,4</coordinates></LinearRing></outerBoundaryIs></Polygon></Placemark>
    <Placemark><name>1431 ACTON · ADU</name><styleUrl>#t1</styleUrl><Polygon><extrude>1</extrude><altitudeMode>relativeToGround</altitudeMode><outerBoundaryIs><LinearRing><coordinates>-122.283083,37.868070,4 -122.282946,37.868070,4 -122.282946,37.868178,4 -122.283083,37.868178,4 -122.283083,37.868070,4</coordinates></LinearRing></outerBoundaryIs></Polygon></Placemark>
    <Placemark><name>1631 CHANNING · ADU</name><styleUrl>#t1</styleUrl><Polygon><extrude>1</extrude><altitudeMode>relativeToGround</altitudeMode><outerBoundaryIs><LinearRing><coordinates>-122.277747,37.864641,4 -122.277610,37.864641,4 -122.277610,37.864749,4 -122.277747,37.864749,4 -122.277747,37.864641,4</coordinates></LinearRing></outerBoundaryIs></Polygon></Placemark>
    <Placemark><name>1428 CORNELL · ADU</name><styleUrl>#t1</styleUrl><Polygon><extrude>1</extrude><altitudeMode>relativeToGround</altitudeMode><outerBoundaryIs><LinearRing><coordinates>-122.292654,37.878132,4 -122.292517,37.878132,4 -122.292517,37.878240,4 -122.292654,37.878240,4 -122.292654,37.878132,4</coordinates></LinearRing></outerBoundaryIs></Polygon></Placemark>
    <Placemark><name>1116 THE ALAMEDA · ADU</name><styleUrl>#t1</styleUrl><Polygon><extrude>1</extrude><altitudeMode>relativeToGround</altitudeMode><outerBoundaryIs><LinearRing><coordinates>-122.276641,37.887123,4 -122.276505,37.887123,4 -122.276505,37.887231,4 -122.276641,37.887231,4 -122.276641,37.887123,4</coordinates></LinearRing></outerBoundaryIs></Polygon></Placemark>
    <Placemark><name>1433 ADA · ADU</name><styleUrl>#t1</styleUrl><Polygon><extrude>1</extrude><altitudeMode>relativeToGround</altitudeMode><outerBoundaryIs><LinearRing><coordinates>-122.283969,37.879837,4 -122.283833,37.879837,4 -122.283833,37.879945,4 -122.283969,37.879945,4 -122.283969,37.879837,4</coordinates></LinearRing></outerBoundaryIs></Polygon></Placemark>
    <Placemark><name>1725 HOPKINS · ADU</name><styleUrl>#t1</styleUrl><Polygon><extrude>1</extrude><altitudeMode>relativeToGround</altitudeMode><outerBoundaryIs><LinearRing><coordinates>-122.278722,37.883625,4 -122.278585,37.883625,4 -122.278585,37.883733,4 -122.278722,37.883733,4 -122.278722,37.883625,4</coordinates></LinearRing></outerBoundaryIs></Polygon></Placemark>
    <Placemark><name>1259 CORNELL · ADU</name><styleUrl>#t1</styleUrl><Polygon><extrude>1</extrude><altitudeMode>relativeToGround</altitudeMode><outerBoundaryIs><LinearRing><coordinates>-122.293129,37.881278,4 -122.292992,37.881278,4 -122.292992,37.881386,4 -122.293129,37.881386,4 -122.293129,37.881278,4</coordinates></LinearRing></outerBoundaryIs></Polygon></Placemark>
    <Placemark><name>2312 ROSE · ADU</name><styleUrl>#t1</styleUrl><Polygon><extrude>1</extrude><altitudeMode>relativeToGround</altitudeMode><outerBoundaryIs><LinearRing><coordinates>-122.264488,37.882810,4 -122.264351,37.882810,4 -122.264351,37.882918,4 -122.264488,37.882918,4 -122.264488,37.882810,4</coordinates></LinearRing></outerBoundaryIs></Polygon></Placemark>
    <Placemark><name>935 DELAWARE · ADU</name><styleUrl>#t1</styleUrl><Polygon><extrude>1</extrude><altitudeMode>relativeToGround</altitudeMode><outerBoundaryIs><LinearRing><coordinates>-122.295964,37.871299,4 -122.295827,37.871299,4 -122.295827,37.871407,4 -122.295964,37.871407,4 -122.295964,37.871299,4</coordinates></LinearRing></outerBoundaryIs></Polygon></Placemark>
    <Placemark><name>1332 OXFORD · ADU</name><styleUrl>#t1</styleUrl><Polygon><extrude>1</extrude><altitudeMode>relativeToGround</altitudeMode><outerBoundaryIs><LinearRing><coordinates>-122.267758,37.882804,4 -122.267622,37.882804,4 -122.267622,37.882911,4 -122.267758,37.882911,4 -122.267758,37.882804,4</coordinates></LinearRing></outerBoundaryIs></Polygon></Placemark>
    <Placemark><name>40 HILLCREST · ADU</name><styleUrl>#t1</styleUrl><Polygon><extrude>1</extrude><altitudeMode>relativeToGround</altitudeMode><outerBoundaryIs><LinearRing><coordinates>-122.247950,37.852246,4 -122.247813,37.852246,4 -122.247813,37.852354,4 -122.247950,37.852354,4 -122.247950,37.852246,4</coordinates></LinearRing></outerBoundaryIs></Polygon></Placemark>
    <Placemark><name>2870 WEBSTER · ADU</name><styleUrl>#t1</styleUrl><Polygon><extrude>1</extrude><altitudeMode>relativeToGround</altitudeMode><outerBoundaryIs><LinearRing><coordinates>-122.247569,37.855841,4 -122.247433,37.855841,4 -122.247433,37.855949,4 -122.247569,37.855949,4 -122.247569,37.855841,4</coordinates></LinearRing></outerBoundaryIs></Polygon></Placemark>
    <Placemark><name>2543 PIEDMONT · ADU</name><styleUrl>#t1</styleUrl><Polygon><extrude>1</extrude><altitudeMode>relativeToGround</altitudeMode><outerBoundaryIs><LinearRing><coordinates>-122.251225,37.864502,4 -122.251089,37.864502,4 -122.251089,37.864610,4 -122.251225,37.864610,4 -122.251225,37.864502,4</coordinates></LinearRing></outerBoundaryIs></Polygon></Placemark>
    <Placemark><name>2949 SHASTA · ADU</name><styleUrl>#t1</styleUrl><Polygon><extrude>1</extrude><altitudeMode>relativeToGround</altitudeMode><outerBoundaryIs><LinearRing><coordinates>-122.253031,37.888462,4 -122.252894,37.888462,4 -122.252894,37.888569,4 -122.253031,37.888569,4 -122.253031,37.888462,4</coordinates></LinearRing></outerBoundaryIs></Polygon></Placemark>
    <Placemark><name>1306 CORNELL · ADU</name><styleUrl>#t1</styleUrl><Polygon><extrude>1</extrude><altitudeMode>relativeToGround</altitudeMode><outerBoundaryIs><LinearRing><coordinates>-122.293456,37.880629,4 -122.293320,37.880629,4 -122.293320,37.880737,4 -122.293456,37.880737,4 -122.293456,37.880629,4</coordinates></LinearRing></outerBoundaryIs></Polygon></Placemark>
    <Placemark><name>772 PERALTA · ADU</name><styleUrl>#t1</styleUrl><Polygon><extrude>1</extrude><altitudeMode>relativeToGround</altitudeMode><outerBoundaryIs><LinearRing><coordinates>-122.285985,37.893241,4 -122.285849,37.893241,4 -122.285849,37.893348,4 -122.285985,37.893348,4 -122.285985,37.893241,4</coordinates></LinearRing></outerBoundaryIs></Polygon></Placemark>
    <Placemark><name>2014 LOS ANGELES · ADU</name><styleUrl>#t1</styleUrl><Polygon><extrude>1</extrude><altitudeMode>relativeToGround</altitudeMode><outerBoundaryIs><LinearRing><coordinates>-122.271394,37.889791,4 -122.271258,37.889791,4 -122.271258,37.889899,4 -122.271394,37.889899,4 -122.271394,37.889791,4</coordinates></LinearRing></outerBoundaryIs></Polygon></Placemark>
    <Placemark><name>2662 HILGARD · ADU</name><styleUrl>#t1</styleUrl><Polygon><extrude>1</extrude><altitudeMode>relativeToGround</altitudeMode><outerBoundaryIs><LinearRing><coordinates>-122.268765,37.867161,4 -122.268628,37.867161,4 -122.268628,37.867269,4 -122.268765,37.867269,4 -122.268765,37.867161,4</coordinates></LinearRing></outerBoundaryIs></Polygon></Placemark>
    <Placemark><name>1130 CHAUCER · ADU</name><styleUrl>#t1</styleUrl><Polygon><extrude>1</extrude><altitudeMode>relativeToGround</altitudeMode><outerBoundaryIs><LinearRing><coordinates>-122.288949,37.863566,4 -122.288813,37.863566,4 -122.288813,37.863674,4 -122.288949,37.863674,4 -122.288949,37.863566,4</coordinates></LinearRing></outerBoundaryIs></Polygon></Placemark>
    <Placemark><name>1275 HEARST · ADU</name><styleUrl>#t1</styleUrl><Polygon><extrude>1</extrude><altitudeMode>relativeToGround</altitudeMode><outerBoundaryIs><LinearRing><coordinates>-122.287616,37.871477,4 -122.287480,37.871477,4 -122.287480,37.871585,4 -122.287616,37.871585,4 -122.287616,37.871477,4</coordinates></LinearRing></outerBoundaryIs></Polygon></Placemark>
    <Placemark><name>994 WILDCAT CANYON · ADU</name><styleUrl>#t1</styleUrl><Polygon><extrude>1</extrude><altitudeMode>relativeToGround</altitudeMode><outerBoundaryIs><LinearRing><coordinates>-122.256403,37.896006,4 -122.256267,37.896006,4 -122.256267,37.896114,4 -122.256403,37.896114,4 -122.256403,37.896006,4</coordinates></LinearRing></outerBoundaryIs></Polygon></Placemark>
    <Placemark><name>2408 EDWARDS · ADU</name><styleUrl>#t1</styleUrl><Polygon><extrude>1</extrude><altitudeMode>relativeToGround</altitudeMode><outerBoundaryIs><LinearRing><coordinates>-122.282595,37.863391,4 -122.282458,37.863391,4 -122.282458,37.863499,4 -122.282595,37.863499,4 -122.282595,37.863391,4</coordinates></LinearRing></outerBoundaryIs></Polygon></Placemark>
    <Placemark><name>30 EL CAMINO REAL · ADU</name><styleUrl>#t1</styleUrl><Polygon><extrude>1</extrude><altitudeMode>relativeToGround</altitudeMode><outerBoundaryIs><LinearRing><coordinates>-122.243093,37.856097,4 -122.242956,37.856097,4 -122.242956,37.856205,4 -122.243093,37.856205,4 -122.243093,37.856097,4</coordinates></LinearRing></outerBoundaryIs></Polygon></Placemark>
    <Placemark><name>2322 WARD · ADU</name><styleUrl>#t1</styleUrl><Polygon><extrude>1</extrude><altitudeMode>relativeToGround</altitudeMode><outerBoundaryIs><LinearRing><coordinates>-122.260900,37.859913,4 -122.260764,37.859913,4 -122.260764,37.860021,4 -122.260900,37.860021,4 -122.260900,37.859913,4</coordinates></LinearRing></outerBoundaryIs></Polygon></Placemark>
    <Placemark><name>1262 FRANCISCO · ADU</name><styleUrl>#t1</styleUrl><Polygon><extrude>1</extrude><altitudeMode>relativeToGround</altitudeMode><outerBoundaryIs><LinearRing><coordinates>-122.287800,37.872979,4 -122.287664,37.872979,4 -122.287664,37.873087,4 -122.287800,37.873087,4 -122.287800,37.872979,4</coordinates></LinearRing></outerBoundaryIs></Polygon></Placemark>
    <Placemark><name>1623 RUSSELL · ADU</name><styleUrl>#t1</styleUrl><Polygon><extrude>1</extrude><altitudeMode>relativeToGround</altitudeMode><outerBoundaryIs><LinearRing><coordinates>-122.275801,37.855927,4 -122.275665,37.855927,4 -122.275665,37.856035,4 -122.275801,37.856035,4 -122.275801,37.855927,4</coordinates></LinearRing></outerBoundaryIs></Polygon></Placemark>
    <Placemark><name>1859 YOSEMITE · ADU</name><styleUrl>#t1</styleUrl><Polygon><extrude>1</extrude><altitudeMode>relativeToGround</altitudeMode><outerBoundaryIs><LinearRing><coordinates>-122.279849,37.896771,4 -122.279713,37.896771,4 -122.279713,37.896879,4 -122.279849,37.896879,4 -122.279849,37.896771,4</coordinates></LinearRing></outerBoundaryIs></Polygon></Placemark>
    <Placemark><name>1222 CARLOTTA · ADU</name><styleUrl>#t1</styleUrl><Polygon><extrude>1</extrude><altitudeMode>relativeToGround</altitudeMode><outerBoundaryIs><LinearRing><coordinates>-122.280787,37.883892,4 -122.280650,37.883892,4 -122.280650,37.883999,4 -122.280787,37.883999,4 -122.280787,37.883892,4</coordinates></LinearRing></outerBoundaryIs></Polygon></Placemark>
    <Placemark><name>1403 PARKER · ADU</name><styleUrl>#t1</styleUrl><Polygon><extrude>1</extrude><altitudeMode>relativeToGround</altitudeMode><outerBoundaryIs><LinearRing><coordinates>-122.282686,37.860419,4 -122.282550,37.860419,4 -122.282550,37.860526,4 -122.282686,37.860526,4 -122.282686,37.860419,4</coordinates></LinearRing></outerBoundaryIs></Polygon></Placemark>
    <Placemark><name>1516 CARLETON (Unit C) · ADU</name><styleUrl>#t1</styleUrl><Polygon><extrude>1</extrude><altitudeMode>relativeToGround</altitudeMode><outerBoundaryIs><LinearRing><coordinates>-122.279694,37.859369,4 -122.279558,37.859369,4 -122.279558,37.859476,4 -122.279694,37.859476,4 -122.279694,37.859369,4</coordinates></LinearRing></outerBoundaryIs></Polygon></Placemark>
    <Placemark><name>1632 STUART · ADU</name><styleUrl>#t1</styleUrl><Polygon><extrude>1</extrude><altitudeMode>relativeToGround</altitudeMode><outerBoundaryIs><LinearRing><coordinates>-122.276140,37.857044,4 -122.276003,37.857044,4 -122.276003,37.857151,4 -122.276140,37.857151,4 -122.276140,37.857044,4</coordinates></LinearRing></outerBoundaryIs></Polygon></Placemark>
    <Placemark><name>8 MAYBECK TWIN · ADU</name><styleUrl>#t1</styleUrl><Polygon><extrude>1</extrude><altitudeMode>relativeToGround</altitudeMode><outerBoundaryIs><LinearRing><coordinates>-122.257206,37.882331,4 -122.257069,37.882331,4 -122.257069,37.882439,4 -122.257206,37.882439,4 -122.257206,37.882331,4</coordinates></LinearRing></outerBoundaryIs></Polygon></Placemark>
    <Placemark><name>1441 GRIZZLY PEAK · ADU</name><styleUrl>#t1</styleUrl><Polygon><extrude>1</extrude><altitudeMode>relativeToGround</altitudeMode><outerBoundaryIs><LinearRing><coordinates>-122.248129,37.883649,4 -122.247993,37.883649,4 -122.247993,37.883757,4 -122.248129,37.883757,4 -122.248129,37.883649,4</coordinates></LinearRing></outerBoundaryIs></Polygon></Placemark>
    <Placemark><name>1628 TYLER · ADU</name><styleUrl>#t1</styleUrl><Polygon><extrude>1</extrude><altitudeMode>relativeToGround</altitudeMode><outerBoundaryIs><LinearRing><coordinates>-122.275383,37.852527,4 -122.275247,37.852527,4 -122.275247,37.852635,4 -122.275383,37.852635,4 -122.275383,37.852527,4</coordinates></LinearRing></outerBoundaryIs></Polygon></Placemark>
    <Placemark><name>1601 LINCOLN · ADU</name><styleUrl>#t1</styleUrl><Polygon><extrude>1</extrude><altitudeMode>relativeToGround</altitudeMode><outerBoundaryIs><LinearRing><coordinates>-122.280312,37.876256,4 -122.280175,37.876256,4 -122.280175,37.876364,4 -122.280312,37.876364,4 -122.280312,37.876256,4</coordinates></LinearRing></outerBoundaryIs></Polygon></Placemark>
    <Placemark><name>2821 WALLACE · ADU</name><styleUrl>#t1</styleUrl><Polygon><extrude>1</extrude><altitudeMode>relativeToGround</altitudeMode><outerBoundaryIs><LinearRing><coordinates>-122.286209,37.854243,4 -122.286072,37.854243,4 -122.286072,37.854351,4 -122.286209,37.854351,4 -122.286209,37.854243,4</coordinates></LinearRing></outerBoundaryIs></Polygon></Placemark>
    <Placemark><name>1051 WOODSIDE · ADU</name><styleUrl>#t1</styleUrl><Polygon><extrude>1</extrude><altitudeMode>relativeToGround</altitudeMode><outerBoundaryIs><LinearRing><coordinates>-122.253540,37.894172,4 -122.253403,37.894172,4 -122.253403,37.894280,4 -122.253540,37.894280,4 -122.253540,37.894172,4</coordinates></LinearRing></outerBoundaryIs></Polygon></Placemark>
    <Placemark><name>2210 PRINCE · ADU</name><styleUrl>#t1</styleUrl><Polygon><extrude>1</extrude><altitudeMode>relativeToGround</altitudeMode><outerBoundaryIs><LinearRing><coordinates>-122.263627,37.853119,4 -122.263491,37.853119,4 -122.263491,37.853227,4 -122.263627,37.853227,4 -122.263627,37.853119,4</coordinates></LinearRing></outerBoundaryIs></Polygon></Placemark>
    <Placemark><name>915 REGAL · ADU</name><styleUrl>#t1</styleUrl><Polygon><extrude>1</extrude><altitudeMode>relativeToGround</altitudeMode><outerBoundaryIs><LinearRing><coordinates>-122.264718,37.894429,4 -122.264581,37.894429,4 -122.264581,37.894537,4 -122.264718,37.894537,4 -122.264718,37.894429,4</coordinates></LinearRing></outerBoundaryIs></Polygon></Placemark>
    <Placemark><name>1825 SONOMA · ADU</name><styleUrl>#t1</styleUrl><Polygon><extrude>1</extrude><altitudeMode>relativeToGround</altitudeMode><outerBoundaryIs><LinearRing><coordinates>-122.277323,37.885765,4 -122.277186,37.885765,4 -122.277186,37.885873,4 -122.277323,37.885873,4 -122.277323,37.885765,4</coordinates></LinearRing></outerBoundaryIs></Polygon></Placemark>
    <Placemark><name>961 THE ALAMEDA · ADU</name><styleUrl>#t1</styleUrl><Polygon><extrude>1</extrude><altitudeMode>relativeToGround</altitudeMode><outerBoundaryIs><LinearRing><coordinates>-122.276333,37.889477,4 -122.276197,37.889477,4 -122.276197,37.889585,4 -122.276333,37.889585,4 -122.276333,37.889477,4</coordinates></LinearRing></outerBoundaryIs></Polygon></Placemark>
    <Placemark><name>1420 DWIGHT · ADU</name><styleUrl>#t1</styleUrl><Polygon><extrude>1</extrude><altitudeMode>relativeToGround</altitudeMode><outerBoundaryIs><LinearRing><coordinates>-122.282558,37.861693,4 -122.282422,37.861693,4 -122.282422,37.861800,4 -122.282558,37.861800,4 -122.282558,37.861693,4</coordinates></LinearRing></outerBoundaryIs></Polygon></Placemark>
    <Placemark><name>1963 YOSEMITE · ADU</name><styleUrl>#t1</styleUrl><Polygon><extrude>1</extrude><altitudeMode>relativeToGround</altitudeMode><outerBoundaryIs><LinearRing><coordinates>-122.276263,37.895889,4 -122.276126,37.895889,4 -122.276126,37.895997,4 -122.276263,37.895997,4 -122.276263,37.895889,4</coordinates></LinearRing></outerBoundaryIs></Polygon></Placemark>
    <Placemark><name>27 ALAMO · ADU</name><styleUrl>#t1</styleUrl><Polygon><extrude>1</extrude><altitudeMode>relativeToGround</altitudeMode><outerBoundaryIs><LinearRing><coordinates>-122.270085,37.899488,4 -122.269948,37.899488,4 -122.269948,37.899596,4 -122.270085,37.899596,4 -122.270085,37.899488,4</coordinates></LinearRing></outerBoundaryIs></Polygon></Placemark>
    <Placemark><name>1711 M L KING JR · ADU</name><styleUrl>#t1</styleUrl><Polygon><extrude>1</extrude><altitudeMode>relativeToGround</altitudeMode><outerBoundaryIs><LinearRing><coordinates>-122.273198,37.875493,4 -122.273062,37.875493,4 -122.273062,37.875601,4 -122.273198,37.875601,4 -122.273198,37.875493,4</coordinates></LinearRing></outerBoundaryIs></Polygon></Placemark>
    <Placemark><name>2114 EIGHTH · ADU</name><styleUrl>#t1</styleUrl><Polygon><extrude>1</extrude><altitudeMode>relativeToGround</altitudeMode><outerBoundaryIs><LinearRing><coordinates>-122.295310,37.866413,4 -122.295173,37.866413,4 -122.295173,37.866520,4 -122.295310,37.866520,4 -122.295310,37.866413,4</coordinates></LinearRing></outerBoundaryIs></Polygon></Placemark>
    <Placemark><name>2220 MCGEE · ADU</name><styleUrl>#t1</styleUrl><Polygon><extrude>1</extrude><altitudeMode>relativeToGround</altitudeMode><outerBoundaryIs><LinearRing><coordinates>-122.277543,37.867299,4 -122.277407,37.867299,4 -122.277407,37.867407,4 -122.277543,37.867407,4 -122.277543,37.867299,4</coordinates></LinearRing></outerBoundaryIs></Polygon></Placemark>
    <Placemark><name>1813 PARKER · ADU</name><styleUrl>#t1</styleUrl><Polygon><extrude>1</extrude><altitudeMode>relativeToGround</altitudeMode><outerBoundaryIs><LinearRing><coordinates>-122.273411,37.861570,4 -122.273275,37.861570,4 -122.273275,37.861678,4 -122.273411,37.861678,4 -122.273411,37.861570,4</coordinates></LinearRing></outerBoundaryIs></Polygon></Placemark>
    <Placemark><name>620 SAN MIGUEL · ADU</name><styleUrl>#t1</styleUrl><Polygon><extrude>1</extrude><altitudeMode>relativeToGround</altitudeMode><outerBoundaryIs><LinearRing><coordinates>-122.283093,37.896337,4 -122.282957,37.896337,4 -122.282957,37.896444,4 -122.283093,37.896444,4 -122.283093,37.896337,4</coordinates></LinearRing></outerBoundaryIs></Polygon></Placemark>
    <Placemark><name>1215 MONTEREY · ADU</name><styleUrl>#t1</styleUrl><Polygon><extrude>1</extrude><altitudeMode>relativeToGround</altitudeMode><outerBoundaryIs><LinearRing><coordinates>-122.281104,37.884218,4 -122.280967,37.884218,4 -122.280967,37.884326,4 -122.281104,37.884326,4 -122.281104,37.884218,4</coordinates></LinearRing></outerBoundaryIs></Polygon></Placemark>
    <Placemark><name>1512 SPRUCE · ADU</name><styleUrl>#t1</styleUrl><Polygon><extrude>1</extrude><altitudeMode>relativeToGround</altitudeMode><outerBoundaryIs><LinearRing><coordinates>-122.266282,37.879994,4 -122.266146,37.879994,4 -122.266146,37.880101,4 -122.266282,37.880101,4 -122.266282,37.879994,4</coordinates></LinearRing></outerBoundaryIs></Polygon></Placemark>
    <Placemark><name>3020 HARPER · ADU</name><styleUrl>#t1</styleUrl><Polygon><extrude>1</extrude><altitudeMode>relativeToGround</altitudeMode><outerBoundaryIs><LinearRing><coordinates>-122.272477,37.853260,4 -122.272340,37.853260,4 -122.272340,37.853368,4 -122.272477,37.853368,4 -122.272477,37.853260,4</coordinates></LinearRing></outerBoundaryIs></Polygon></Placemark>
    <Placemark><name>1626 JULIA · ADU</name><styleUrl>#t1</styleUrl><Polygon><extrude>1</extrude><altitudeMode>relativeToGround</altitudeMode><outerBoundaryIs><LinearRing><coordinates>-122.276036,37.854275,4 -122.275899,37.854275,4 -122.275899,37.854383,4 -122.276036,37.854383,4 -122.276036,37.854275,4</coordinates></LinearRing></outerBoundaryIs></Polygon></Placemark>
    <Placemark><name>790 HILLDALE · ADU</name><styleUrl>#t1</styleUrl><Polygon><extrude>1</extrude><altitudeMode>relativeToGround</altitudeMode><outerBoundaryIs><LinearRing><coordinates>-122.264735,37.896777,4 -122.264599,37.896777,4 -122.264599,37.896885,4 -122.264735,37.896885,4 -122.264735,37.896777,4</coordinates></LinearRing></outerBoundaryIs></Polygon></Placemark>
    <Placemark><name>2200 M L KING JR · ADU</name><styleUrl>#t1</styleUrl><Polygon><extrude>1</extrude><altitudeMode>relativeToGround</altitudeMode><outerBoundaryIs><LinearRing><coordinates>-122.273042,37.868557,4 -122.272906,37.868557,4 -122.272906,37.868665,4 -122.273042,37.868665,4 -122.273042,37.868557,4</coordinates></LinearRing></outerBoundaryIs></Polygon></Placemark>
    <Placemark><name>2440 GRANT · ADU</name><styleUrl>#t1</styleUrl><Polygon><extrude>1</extrude><altitudeMode>relativeToGround</altitudeMode><outerBoundaryIs><LinearRing><coordinates>-122.274890,37.863360,4 -122.274754,37.863360,4 -122.274754,37.863468,4 -122.274890,37.863468,4 -122.274890,37.863360,4</coordinates></LinearRing></outerBoundaryIs></Polygon></Placemark>
    <Placemark><name>2425 ACTON · ADU</name><styleUrl>#t1</styleUrl><Polygon><extrude>1</extrude><altitudeMode>relativeToGround</altitudeMode><outerBoundaryIs><LinearRing><coordinates>-122.282921,37.862787,4 -122.282784,37.862787,4 -122.282784,37.862895,4 -122.282921,37.862895,4 -122.282921,37.862787,4</coordinates></LinearRing></outerBoundaryIs></Polygon></Placemark>
    <Placemark><name>1131 CEDAR · ADU</name><styleUrl>#t1</styleUrl><Polygon><extrude>1</extrude><altitudeMode>relativeToGround</altitudeMode><outerBoundaryIs><LinearRing><coordinates>-122.292729,37.875509,4 -122.292592,37.875509,4 -122.292592,37.875617,4 -122.292729,37.875617,4 -122.292729,37.875509,4</coordinates></LinearRing></outerBoundaryIs></Polygon></Placemark>
    <Placemark><name>2936 PIEDMONT · ADU</name><styleUrl>#t1</styleUrl><Polygon><extrude>1</extrude><altitudeMode>relativeToGround</altitudeMode><outerBoundaryIs><LinearRing><coordinates>-122.251086,37.857202,4 -122.250949,37.857202,4 -122.250949,37.857310,4 -122.251086,37.857310,4 -122.251086,37.857202,4</coordinates></LinearRing></outerBoundaryIs></Polygon></Placemark>
    <Placemark><name>1430 STANNAGE · ADU</name><styleUrl>#t1</styleUrl><Polygon><extrude>1</extrude><altitudeMode>relativeToGround</altitudeMode><outerBoundaryIs><LinearRing><coordinates>-122.293401,37.877664,4 -122.293264,37.877664,4 -122.293264,37.877771,4 -122.293401,37.877771,4 -122.293401,37.877664,4</coordinates></LinearRing></outerBoundaryIs></Polygon></Placemark>
    <Placemark><name>1635 WOOLSEY · ADU</name><styleUrl>#t1</styleUrl><Polygon><extrude>1</extrude><altitudeMode>relativeToGround</altitudeMode><outerBoundaryIs><LinearRing><coordinates>-122.274649,37.851332,4 -122.274512,37.851332,4 -122.274512,37.851440,4 -122.274649,37.851440,4 -122.274649,37.851332,4</coordinates></LinearRing></outerBoundaryIs></Polygon></Placemark>
    <Placemark><name>200 ALVARADO · ADU</name><styleUrl>#t1</styleUrl><Polygon><extrude>1</extrude><altitudeMode>relativeToGround</altitudeMode><outerBoundaryIs><LinearRing><coordinates>-122.236969,37.855521,4 -122.236832,37.855521,4 -122.236832,37.855629,4 -122.236969,37.855629,4 -122.236969,37.855521,4</coordinates></LinearRing></outerBoundaryIs></Polygon></Placemark>
    <Placemark><name>2210 M L KING JR Way (basement ADU) · ADU</name><styleUrl>#t1</styleUrl><Polygon><extrude>1</extrude><altitudeMode>relativeToGround</altitudeMode><outerBoundaryIs><LinearRing><coordinates>-122.273079,37.868150,4 -122.272943,37.868150,4 -122.272943,37.868258,4 -122.273079,37.868258,4 -122.273079,37.868150,4</coordinates></LinearRing></outerBoundaryIs></Polygon></Placemark>
    <Placemark><name>1619 CORNELL AVE · ADU</name><styleUrl>#t1</styleUrl><Polygon><extrude>1</extrude><altitudeMode>relativeToGround</altitudeMode><outerBoundaryIs><LinearRing><coordinates>-122.291119,37.875008,4 -122.290982,37.875008,4 -122.290982,37.875116,4 -122.291119,37.875116,4 -122.291119,37.875008,4</coordinates></LinearRing></outerBoundaryIs></Polygon></Placemark>
    <Placemark><name>2421 NINTH St · ADU</name><styleUrl>#t1</styleUrl><Polygon><extrude>1</extrude><altitudeMode>relativeToGround</altitudeMode><outerBoundaryIs><LinearRing><coordinates>-122.291852,37.861621,4 -122.291715,37.861621,4 -122.291715,37.861729,4 -122.291852,37.861729,4 -122.291852,37.861621,4</coordinates></LinearRing></outerBoundaryIs></Polygon></Placemark>
  </Folder>
  <Folder><name>Duplex (46)</name>
    <Placemark><name>1716 SEVENTH St · Duplex</name><styleUrl>#t2</styleUrl><Polygon><extrude>1</extrude><altitudeMode>relativeToGround</altitudeMode><outerBoundaryIs><LinearRing><coordinates>-122.298194,37.871770,6 -122.298035,37.871770,6 -122.298035,37.871895,6 -122.298194,37.871895,6 -122.298194,37.871770,6</coordinates></LinearRing></outerBoundaryIs></Polygon></Placemark>
    <Placemark><name>1515 DERBY St · Duplex</name><styleUrl>#t2</styleUrl><Polygon><extrude>1</extrude><altitudeMode>relativeToGround</altitudeMode><outerBoundaryIs><LinearRing><coordinates>-122.279594,37.858999,6 -122.279435,37.858999,6 -122.279435,37.859124,6 -122.279594,37.859124,6 -122.279594,37.858999,6</coordinates></LinearRing></outerBoundaryIs></Polygon></Placemark>
    <Placemark><name>1922 FRANCISCO St · Duplex</name><styleUrl>#t2</styleUrl><Polygon><extrude>1</extrude><altitudeMode>relativeToGround</altitudeMode><outerBoundaryIs><LinearRing><coordinates>-122.272307,37.874917,6 -122.272148,37.874917,6 -122.272148,37.875043,6 -122.272307,37.875043,6 -122.272307,37.874917,6</coordinates></LinearRing></outerBoundaryIs></Polygon></Placemark>
    <Placemark><name>2204 DWIGHT Way · Duplex</name><styleUrl>#t2</styleUrl><Polygon><extrude>1</extrude><altitudeMode>relativeToGround</altitudeMode><outerBoundaryIs><LinearRing><coordinates>-122.264945,37.863951,6 -122.264786,37.863951,6 -122.264786,37.864077,6 -122.264945,37.864077,6 -122.264945,37.863951,6</coordinates></LinearRing></outerBoundaryIs></Polygon></Placemark>
    <Placemark><name>1419 GRANT St · Duplex</name><styleUrl>#t2</styleUrl><Polygon><extrude>1</extrude><altitudeMode>relativeToGround</altitudeMode><outerBoundaryIs><LinearRing><coordinates>-122.276014,37.880365,6 -122.275855,37.880365,6 -122.275855,37.880491,6 -122.276014,37.880491,6 -122.276014,37.880365,6</coordinates></LinearRing></outerBoundaryIs></Polygon></Placemark>
    <Placemark><name>1236 DWIGHT Way · Duplex</name><styleUrl>#t2</styleUrl><Polygon><extrude>1</extrude><altitudeMode>relativeToGround</altitudeMode><outerBoundaryIs><LinearRing><coordinates>-122.285807,37.861309,6 -122.285647,37.861309,6 -122.285647,37.861435,6 -122.285807,37.861435,6 -122.285807,37.861309,6</coordinates></LinearRing></outerBoundaryIs></Polygon></Placemark>
    <Placemark><name>2808 NINTH St · Duplex</name><styleUrl>#t2</styleUrl><Polygon><extrude>1</extrude><altitudeMode>relativeToGround</altitudeMode><outerBoundaryIs><LinearRing><coordinates>-122.290561,37.855225,6 -122.290402,37.855225,6 -122.290402,37.855351,6 -122.290561,37.855351,6 -122.290561,37.855225,6</coordinates></LinearRing></outerBoundaryIs></Polygon></Placemark>
    <Placemark><name>1341 ADDISON · Duplex</name><styleUrl>#t2</styleUrl><Polygon><extrude>1</extrude><altitudeMode>relativeToGround</altitudeMode><outerBoundaryIs><LinearRing><coordinates>-122.285185,37.869234,6 -122.285026,37.869234,6 -122.285026,37.869360,6 -122.285185,37.869360,6 -122.285185,37.869234,6</coordinates></LinearRing></outerBoundaryIs></Polygon></Placemark>
    <Placemark><name>2226 DWIGHT Way · Duplex</name><styleUrl>#t2</styleUrl><Polygon><extrude>1</extrude><altitudeMode>relativeToGround</altitudeMode><outerBoundaryIs><LinearRing><coordinates>-122.263970,37.864089,6 -122.263811,37.864089,6 -122.263811,37.864215,6 -122.263970,37.864215,6 -122.263970,37.864089,6</coordinates></LinearRing></outerBoundaryIs></Polygon></Placemark>
    <Placemark><name>2233 GRANT St · Duplex</name><styleUrl>#t2</styleUrl><Polygon><extrude>1</extrude><altitudeMode>relativeToGround</altitudeMode><outerBoundaryIs><LinearRing><coordinates>-122.274588,37.867301,6 -122.274429,37.867301,6 -122.274429,37.867427,6 -122.274588,37.867427,6 -122.274588,37.867301,6</coordinates></LinearRing></outerBoundaryIs></Polygon></Placemark>
    <Placemark><name>1912 MONTEREY Ave · Duplex</name><styleUrl>#t2</styleUrl><Polygon><extrude>1</extrude><altitudeMode>relativeToGround</altitudeMode><outerBoundaryIs><LinearRing><coordinates>-122.275879,37.888118,6 -122.275720,37.888118,6 -122.275720,37.888244,6 -122.275879,37.888244,6 -122.275879,37.888118,6</coordinates></LinearRing></outerBoundaryIs></Polygon></Placemark>
    <Placemark><name>1423 Acroft Ct · Duplex</name><styleUrl>#t2</styleUrl><Polygon><extrude>1</extrude><altitudeMode>relativeToGround</altitudeMode><outerBoundaryIs><LinearRing><coordinates>-122.282874,37.866287,6 -122.282715,37.866287,6 -122.282715,37.866413,6 -122.282874,37.866413,6 -122.282874,37.866287,6</coordinates></LinearRing></outerBoundaryIs></Polygon></Placemark>
    <Placemark><name>2737 FOREST Ave · Duplex</name><styleUrl>#t2</styleUrl><Polygon><extrude>1</extrude><altitudeMode>relativeToGround</altitudeMode><outerBoundaryIs><LinearRing><coordinates>-122.251895,37.861645,6 -122.251735,37.861645,6 -122.251735,37.861771,6 -122.251895,37.861771,6 -122.251895,37.861645,6</coordinates></LinearRing></outerBoundaryIs></Polygon></Placemark>
    <Placemark><name>1683 Oxford St · Duplex</name><styleUrl>#t2</styleUrl><Polygon><extrude>1</extrude><altitudeMode>relativeToGround</altitudeMode><outerBoundaryIs><LinearRing><coordinates>-122.266451,37.877158,6 -122.266292,37.877158,6 -122.266292,37.877284,6 -122.266451,37.877284,6 -122.266451,37.877158,6</coordinates></LinearRing></outerBoundaryIs></Polygon></Placemark>
    <Placemark><name>1817 SIXTY-SECOND St · Duplex</name><styleUrl>#t2</styleUrl><Polygon><extrude>1</extrude><altitudeMode>relativeToGround</altitudeMode><outerBoundaryIs><LinearRing><coordinates>-122.270342,37.847260,6 -122.270183,37.847260,6 -122.270183,37.847385,6 -122.270342,37.847385,6 -122.270342,37.847260,6</coordinates></LinearRing></outerBoundaryIs></Polygon></Placemark>
    <Placemark><name>2327 OREGON St · Duplex</name><styleUrl>#t2</styleUrl><Polygon><extrude>1</extrude><altitudeMode>relativeToGround</altitudeMode><outerBoundaryIs><LinearRing><coordinates>-122.260440,37.858685,6 -122.260281,37.858685,6 -122.260281,37.858811,6 -122.260440,37.858811,6 -122.260440,37.858685,6</coordinates></LinearRing></outerBoundaryIs></Polygon></Placemark>
    <Placemark><name>1515 HARMON St · Duplex</name><styleUrl>#t2</styleUrl><Polygon><extrude>1</extrude><altitudeMode>relativeToGround</altitudeMode><outerBoundaryIs><LinearRing><coordinates>-122.277552,37.849102,6 -122.277393,37.849102,6 -122.277393,37.849228,6 -122.277552,37.849228,6 -122.277552,37.849102,6</coordinates></LinearRing></outerBoundaryIs></Polygon></Placemark>
    <Placemark><name>1812 UNIVERSITY Ave · Duplex</name><styleUrl>#t2</styleUrl><Polygon><extrude>1</extrude><altitudeMode>relativeToGround</altitudeMode><outerBoundaryIs><LinearRing><coordinates>-122.274710,37.870964,6 -122.274551,37.870964,6 -122.274551,37.871090,6 -122.274710,37.871090,6 -122.274710,37.870964,6</coordinates></LinearRing></outerBoundaryIs></Polygon></Placemark>
    <Placemark><name>2619 COLLEGE AVE · Duplex</name><styleUrl>#t2</styleUrl><Polygon><extrude>1</extrude><altitudeMode>relativeToGround</altitudeMode><outerBoundaryIs><LinearRing><coordinates>-122.253397,37.863087,6 -122.253238,37.863087,6 -122.253238,37.863212,6 -122.253397,37.863212,6 -122.253397,37.863087,6</coordinates></LinearRing></outerBoundaryIs></Polygon></Placemark>
    <Placemark><name>2631 REGENT St · Duplex</name><styleUrl>#t2</styleUrl><Polygon><extrude>1</extrude><altitudeMode>relativeToGround</altitudeMode><outerBoundaryIs><LinearRing><coordinates>-122.257228,37.862223,6 -122.257068,37.862223,6 -122.257068,37.862349,6 -122.257228,37.862349,6 -122.257228,37.862223,6</coordinates></LinearRing></outerBoundaryIs></Polygon></Placemark>
    <Placemark><name>2132 MCGEE Ave · Duplex</name><styleUrl>#t2</styleUrl><Polygon><extrude>1</extrude><altitudeMode>relativeToGround</altitudeMode><outerBoundaryIs><LinearRing><coordinates>-122.277712,37.868726,6 -122.277553,37.868726,6 -122.277553,37.868852,6 -122.277712,37.868852,6 -122.277712,37.868726,6</coordinates></LinearRing></outerBoundaryIs></Polygon></Placemark>
    <Placemark><name>1300 MONTEREY Ave · Duplex</name><styleUrl>#t2</styleUrl><Polygon><extrude>1</extrude><altitudeMode>relativeToGround</altitudeMode><outerBoundaryIs><LinearRing><coordinates>-122.282603,37.881950,6 -122.282444,37.881950,6 -122.282444,37.882075,6 -122.282603,37.882075,6 -122.282603,37.881950,6</coordinates></LinearRing></outerBoundaryIs></Polygon></Placemark>
    <Placemark><name>2618 COLLEGE Ave · Duplex</name><styleUrl>#t2</styleUrl><Polygon><extrude>1</extrude><altitudeMode>relativeToGround</altitudeMode><outerBoundaryIs><LinearRing><coordinates>-122.254122,37.862817,6 -122.253962,37.862817,6 -122.253962,37.862943,6 -122.254122,37.862943,6 -122.254122,37.862817,6</coordinates></LinearRing></outerBoundaryIs></Polygon></Placemark>
    <Placemark><name>1828 EUCLID Ave · Duplex</name><styleUrl>#t2</styleUrl><Polygon><extrude>1</extrude><altitudeMode>relativeToGround</altitudeMode><outerBoundaryIs><LinearRing><coordinates>-122.260633,37.875498,6 -122.260473,37.875498,6 -122.260473,37.875623,6 -122.260633,37.875623,6 -122.260633,37.875498,6</coordinates></LinearRing></outerBoundaryIs></Polygon></Placemark>
    <Placemark><name>2436 CHANNING Way · Duplex</name><styleUrl>#t2</styleUrl><Polygon><extrude>1</extrude><altitudeMode>relativeToGround</altitudeMode><outerBoundaryIs><LinearRing><coordinates>-122.259202,37.866465,6 -122.259043,37.866465,6 -122.259043,37.866591,6 -122.259202,37.866591,6 -122.259202,37.866465,6</coordinates></LinearRing></outerBoundaryIs></Polygon></Placemark>
    <Placemark><name>2639 REGENT St · Duplex</name><styleUrl>#t2</styleUrl><Polygon><extrude>1</extrude><altitudeMode>relativeToGround</altitudeMode><outerBoundaryIs><LinearRing><coordinates>-122.257190,37.861814,6 -122.257031,37.861814,6 -122.257031,37.861940,6 -122.257190,37.861940,6 -122.257190,37.861814,6</coordinates></LinearRing></outerBoundaryIs></Polygon></Placemark>
    <Placemark><name>2227 CARLETON St · Duplex</name><styleUrl>#t2</styleUrl><Polygon><extrude>1</extrude><altitudeMode>relativeToGround</altitudeMode><outerBoundaryIs><LinearRing><coordinates>-122.263734,37.861913,6 -122.263575,37.861913,6 -122.263575,37.862039,6 -122.263734,37.862039,6 -122.263734,37.861913,6</coordinates></LinearRing></outerBoundaryIs></Polygon></Placemark>
    <Placemark><name>1173 Hearst Ave · Duplex</name><styleUrl>#t2</styleUrl><Polygon><extrude>1</extrude><altitudeMode>relativeToGround</altitudeMode><outerBoundaryIs><LinearRing><coordinates>-122.290331,37.871013,6 -122.290172,37.871013,6 -122.290172,37.871139,6 -122.290331,37.871139,6 -122.290331,37.871013,6</coordinates></LinearRing></outerBoundaryIs></Polygon></Placemark>
    <Placemark><name>2519 College Ave · Duplex</name><styleUrl>#t2</styleUrl><Polygon><extrude>1</extrude><altitudeMode>relativeToGround</altitudeMode><outerBoundaryIs><LinearRing><coordinates>-122.253585,37.864999,6 -122.253425,37.864999,6 -122.253425,37.865124,6 -122.253585,37.865124,6 -122.253585,37.864999,6</coordinates></LinearRing></outerBoundaryIs></Polygon></Placemark>
    <Placemark><name>2718 Durant Ave · Duplex</name><styleUrl>#t2</styleUrl><Polygon><extrude>1</extrude><altitudeMode>relativeToGround</altitudeMode><outerBoundaryIs><LinearRing><coordinates>-122.253602,37.868125,6 -122.253443,37.868125,6 -122.253443,37.868250,6 -122.253602,37.868250,6 -122.253602,37.868125,6</coordinates></LinearRing></outerBoundaryIs></Polygon></Placemark>
    <Placemark><name>131 Avenida Dr · Duplex</name><styleUrl>#t2</styleUrl><Polygon><extrude>1</extrude><altitudeMode>relativeToGround</altitudeMode><outerBoundaryIs><LinearRing><coordinates>-122.249552,37.884071,6 -122.249392,37.884071,6 -122.249392,37.884197,6 -122.249552,37.884197,6 -122.249552,37.884071,6</coordinates></LinearRing></outerBoundaryIs></Polygon></Placemark>
    <Placemark><name>2339 Oregon St · Duplex</name><styleUrl>#t2</styleUrl><Polygon><extrude>1</extrude><altitudeMode>relativeToGround</altitudeMode><outerBoundaryIs><LinearRing><coordinates>-122.260048,37.858727,6 -122.259889,37.858727,6 -122.259889,37.858852,6 -122.260048,37.858852,6 -122.260048,37.858727,6</coordinates></LinearRing></outerBoundaryIs></Polygon></Placemark>
    <Placemark><name>2422 Fifth St · Duplex</name><styleUrl>#t2</styleUrl><Polygon><extrude>1</extrude><altitudeMode>relativeToGround</altitudeMode><outerBoundaryIs><LinearRing><coordinates>-122.296920,37.860497,6 -122.296761,37.860497,6 -122.296761,37.860623,6 -122.296920,37.860623,6 -122.296920,37.860497,6</coordinates></LinearRing></outerBoundaryIs></Polygon></Placemark>
    <Placemark><name>1434 Fifth St · Duplex</name><styleUrl>#t2</styleUrl><Polygon><extrude>1</extrude><altitudeMode>relativeToGround</altitudeMode><outerBoundaryIs><LinearRing><coordinates>-122.301791,37.875946,6 -122.301632,37.875946,6 -122.301632,37.876072,6 -122.301791,37.876072,6 -122.301791,37.875946,6</coordinates></LinearRing></outerBoundaryIs></Polygon></Placemark>
    <Placemark><name>1333 Blake St · Duplex</name><styleUrl>#t2</styleUrl><Polygon><extrude>1</extrude><altitudeMode>relativeToGround</altitudeMode><outerBoundaryIs><LinearRing><coordinates>-122.283935,37.861151,6 -122.283775,37.861151,6 -122.283775,37.861277,6 -122.283935,37.861277,6 -122.283935,37.861151,6</coordinates></LinearRing></outerBoundaryIs></Polygon></Placemark>
    <Placemark><name>1506 Bonita Ave · Duplex</name><styleUrl>#t2</styleUrl><Polygon><extrude>1</extrude><altitudeMode>relativeToGround</altitudeMode><outerBoundaryIs><LinearRing><coordinates>-122.273132,37.879187,6 -122.272973,37.879187,6 -122.272973,37.879313,6 -122.273132,37.879313,6 -122.273132,37.879187,6</coordinates></LinearRing></outerBoundaryIs></Polygon></Placemark>
    <Placemark><name>1233 Evelyn Ave · Duplex</name><styleUrl>#t2</styleUrl><Polygon><extrude>1</extrude><altitudeMode>relativeToGround</altitudeMode><outerBoundaryIs><LinearRing><coordinates>-122.291574,37.882026,6 -122.291415,37.882026,6 -122.291415,37.882151,6 -122.291574,37.882151,6 -122.291574,37.882026,6</coordinates></LinearRing></outerBoundaryIs></Polygon></Placemark>
    <Placemark><name>1350 Carlotta Ave · Duplex</name><styleUrl>#t2</styleUrl><Polygon><extrude>1</extrude><altitudeMode>relativeToGround</altitudeMode><outerBoundaryIs><LinearRing><coordinates>-122.279292,37.880788,6 -122.279133,37.880788,6 -122.279133,37.880914,6 -122.279292,37.880914,6 -122.279292,37.880788,6</coordinates></LinearRing></outerBoundaryIs></Polygon></Placemark>
    <Placemark><name>1406 Fairview · Duplex</name><styleUrl>#t2</styleUrl><Polygon><extrude>1</extrude><altitudeMode>relativeToGround</altitudeMode><outerBoundaryIs><LinearRing><coordinates>-122.279578,37.849088,6 -122.279419,37.849088,6 -122.279419,37.849213,6 -122.279578,37.849213,6 -122.279578,37.849088,6</coordinates></LinearRing></outerBoundaryIs></Polygon></Placemark>
    <Placemark><name>2815 Channing · Duplex</name><styleUrl>#t2</styleUrl><Polygon><extrude>1</extrude><altitudeMode>relativeToGround</altitudeMode><outerBoundaryIs><LinearRing><coordinates>-122.251334,37.868116,6 -122.251175,37.868116,6 -122.251175,37.868242,6 -122.251334,37.868242,6 -122.251334,37.868116,6</coordinates></LinearRing></outerBoundaryIs></Polygon></Placemark>
    <Placemark><name>2116 Allston · Duplex</name><styleUrl>#t2</styleUrl><Polygon><extrude>1</extrude><altitudeMode>relativeToGround</altitudeMode><outerBoundaryIs><LinearRing><coordinates>-122.267123,37.869196,6 -122.266964,37.869196,6 -122.266964,37.869322,6 -122.267123,37.869322,6 -122.267123,37.869196,6</coordinates></LinearRing></outerBoundaryIs></Polygon></Placemark>
    <Placemark><name>2921 Otis · Duplex</name><styleUrl>#t2</styleUrl><Polygon><extrude>1</extrude><altitudeMode>relativeToGround</altitudeMode><outerBoundaryIs><LinearRing><coordinates>-122.269910,37.855542,6 -122.269750,37.855542,6 -122.269750,37.855668,6 -122.269910,37.855668,6 -122.269910,37.855542,6</coordinates></LinearRing></outerBoundaryIs></Polygon></Placemark>
    <Placemark><name>1811 Sixty-Third · Duplex</name><styleUrl>#t2</styleUrl><Polygon><extrude>1</extrude><altitudeMode>relativeToGround</altitudeMode><outerBoundaryIs><LinearRing><coordinates>-122.270789,37.848128,6 -122.270629,37.848128,6 -122.270629,37.848254,6 -122.270789,37.848254,6 -122.270789,37.848128,6</coordinates></LinearRing></outerBoundaryIs></Polygon></Placemark>
    <Placemark><name>0 LATHAM · Duplex</name><styleUrl>#t2</styleUrl><Polygon><extrude>1</extrude><altitudeMode>relativeToGround</altitudeMode><outerBoundaryIs><LinearRing><coordinates>-122.258504,37.893807,6 -122.258344,37.893807,6 -122.258344,37.893933,6 -122.258504,37.893933,6 -122.258504,37.893807,6</coordinates></LinearRing></outerBoundaryIs></Polygon></Placemark>
    <Placemark><name>3353 M L KING JR · Duplex</name><styleUrl>#t2</styleUrl><Polygon><extrude>1</extrude><altitudeMode>relativeToGround</altitudeMode><outerBoundaryIs><LinearRing><coordinates>-122.270782,37.846666,6 -122.270623,37.846666,6 -122.270623,37.846792,6 -122.270782,37.846792,6 -122.270782,37.846666,6</coordinates></LinearRing></outerBoundaryIs></Polygon></Placemark>
    <Placemark><name>1677 ARCH · Duplex</name><styleUrl>#t2</styleUrl><Polygon><extrude>1</extrude><altitudeMode>relativeToGround</altitudeMode><outerBoundaryIs><LinearRing><coordinates>-122.264080,37.877745,6 -122.263920,37.877745,6 -122.263920,37.877871,6 -122.264080,37.877871,6 -122.264080,37.877745,6</coordinates></LinearRing></outerBoundaryIs></Polygon></Placemark>
  </Folder>
  <Folder><name>Triplex (15)</name>
    <Placemark><name>2641 COLLEGE Ave · Triplex</name><styleUrl>#t3</styleUrl><Polygon><extrude>1</extrude><altitudeMode>relativeToGround</altitudeMode><outerBoundaryIs><LinearRing><coordinates>-122.253330,37.862416,8 -122.253148,37.862416,8 -122.253148,37.862560,8 -122.253330,37.862560,8 -122.253330,37.862416,8</coordinates></LinearRing></outerBoundaryIs></Polygon></Placemark>
    <Placemark><name>2205 BLAKE St · Triplex</name><styleUrl>#t3</styleUrl><Polygon><extrude>1</extrude><altitudeMode>relativeToGround</altitudeMode><outerBoundaryIs><LinearRing><coordinates>-122.264918,37.863571,8 -122.264736,37.863571,8 -122.264736,37.863715,8 -122.264918,37.863715,8 -122.264918,37.863571,8</coordinates></LinearRing></outerBoundaryIs></Polygon></Placemark>
    <Placemark><name>2221 FIFTH St · Triplex</name><styleUrl>#t3</styleUrl><Polygon><extrude>1</extrude><altitudeMode>relativeToGround</altitudeMode><outerBoundaryIs><LinearRing><coordinates>-122.297438,37.864274,8 -122.297256,37.864274,8 -122.297256,37.864418,8 -122.297438,37.864418,8 -122.297438,37.864274,8</coordinates></LinearRing></outerBoundaryIs></Polygon></Placemark>
    <Placemark><name>1650 FIFTH St · Triplex</name><styleUrl>#t3</styleUrl><Polygon><extrude>1</extrude><altitudeMode>relativeToGround</altitudeMode><outerBoundaryIs><LinearRing><coordinates>-122.300717,37.872175,8 -122.300535,37.872175,8 -122.300535,37.872319,8 -122.300717,37.872319,8 -122.300717,37.872175,8</coordinates></LinearRing></outerBoundaryIs></Polygon></Placemark>
    <Placemark><name>3101 SACRAMENTO St · Triplex</name><styleUrl>#t3</styleUrl><Polygon><extrude>1</extrude><altitudeMode>relativeToGround</altitudeMode><outerBoundaryIs><LinearRing><coordinates>-122.278358,37.851282,8 -122.278175,37.851282,8 -122.278175,37.851425,8 -122.278358,37.851425,8 -122.278358,37.851282,8</coordinates></LinearRing></outerBoundaryIs></Polygon></Placemark>
    <Placemark><name>1449 CORNELL Ave · Triplex</name><styleUrl>#t3</styleUrl><Polygon><extrude>1</extrude><altitudeMode>relativeToGround</altitudeMode><outerBoundaryIs><LinearRing><coordinates>-122.291980,37.877508,8 -122.291798,37.877508,8 -122.291798,37.877652,8 -122.291980,37.877652,8 -122.291980,37.877508,8</coordinates></LinearRing></outerBoundaryIs></Polygon></Placemark>
    <Placemark><name>1514 WALNUT St · Triplex</name><styleUrl>#t3</styleUrl><Polygon><extrude>1</extrude><altitudeMode>relativeToGround</altitudeMode><outerBoundaryIs><LinearRing><coordinates>-122.268537,37.879621,8 -122.268355,37.879621,8 -122.268355,37.879765,8 -122.268537,37.879765,8 -122.268537,37.879621,8</coordinates></LinearRing></outerBoundaryIs></Polygon></Placemark>
    <Placemark><name>1464 SIXTH St · Triplex</name><styleUrl>#t3</styleUrl><Polygon><extrude>1</extrude><altitudeMode>relativeToGround</altitudeMode><outerBoundaryIs><LinearRing><coordinates>-122.300496,37.875268,8 -122.300314,37.875268,8 -122.300314,37.875412,8 -122.300496,37.875412,8 -122.300496,37.875268,8</coordinates></LinearRing></outerBoundaryIs></Polygon></Placemark>
    <Placemark><name>2812 EIGHTH St · Triplex</name><styleUrl>#t3</styleUrl><Polygon><extrude>1</extrude><altitudeMode>relativeToGround</altitudeMode><outerBoundaryIs><LinearRing><coordinates>-122.291621,37.854904,8 -122.291439,37.854904,8 -122.291439,37.855048,8 -122.291621,37.855048,8 -122.291621,37.854904,8</coordinates></LinearRing></outerBoundaryIs></Polygon></Placemark>
    <Placemark><name>2201 BLAKE St · Triplex</name><styleUrl>#t3</styleUrl><Polygon><extrude>1</extrude><altitudeMode>relativeToGround</altitudeMode><outerBoundaryIs><LinearRing><coordinates>-122.264918,37.863571,8 -122.264736,37.863571,8 -122.264736,37.863715,8 -122.264918,37.863715,8 -122.264918,37.863571,8</coordinates></LinearRing></outerBoundaryIs></Polygon></Placemark>
    <Placemark><name>2833 Seventh St · Triplex</name><styleUrl>#t3</styleUrl><Polygon><extrude>1</extrude><altitudeMode>relativeToGround</altitudeMode><outerBoundaryIs><LinearRing><coordinates>-122.295708,37.863992,8 -122.295526,37.863992,8 -122.295526,37.864136,8 -122.295708,37.864136,8 -122.295708,37.863992,8</coordinates></LinearRing></outerBoundaryIs></Polygon></Placemark>
    <Placemark><name>1614 Sixth St · Triplex</name><styleUrl>#t3</styleUrl><Polygon><extrude>1</extrude><altitudeMode>relativeToGround</altitudeMode><outerBoundaryIs><LinearRing><coordinates>-122.299850,37.873264,8 -122.299668,37.873264,8 -122.299668,37.873408,8 -122.299850,37.873408,8 -122.299850,37.873264,8</coordinates></LinearRing></outerBoundaryIs></Polygon></Placemark>
    <Placemark><name>1027 HEINZ · Triplex</name><styleUrl>#t3</styleUrl><Polygon><extrude>1</extrude><altitudeMode>relativeToGround</altitudeMode><outerBoundaryIs><LinearRing><coordinates>-122.289028,37.854273,8 -122.288846,37.854273,8 -122.288846,37.854417,8 -122.289028,37.854417,8 -122.289028,37.854273,8</coordinates></LinearRing></outerBoundaryIs></Polygon></Placemark>
    <Placemark><name>1837 Berkeley Way · Triplex</name><styleUrl>#t3</styleUrl><Polygon><extrude>1</extrude><altitudeMode>relativeToGround</altitudeMode><outerBoundaryIs><LinearRing><coordinates>-122.273761,37.872570,8 -122.273579,37.872570,8 -122.273579,37.872714,8 -122.273761,37.872714,8 -122.273761,37.872570,8</coordinates></LinearRing></outerBoundaryIs></Polygon></Placemark>
    <Placemark><name>3021 Dana · Triplex</name><styleUrl>#t3</styleUrl><Polygon><extrude>1</extrude><altitudeMode>relativeToGround</altitudeMode><outerBoundaryIs><LinearRing><coordinates>-122.258384,37.854442,8 -122.258202,37.854442,8 -122.258202,37.854585,8 -122.258384,37.854585,8 -122.258384,37.854442,8</coordinates></LinearRing></outerBoundaryIs></Polygon></Placemark>
  </Folder>
  <Folder><name>Fourplex (8)</name>
    <Placemark><name>1618 SIXTH St · Fourplex</name><styleUrl>#t4</styleUrl><Polygon><extrude>1</extrude><altitudeMode>relativeToGround</altitudeMode><outerBoundaryIs><LinearRing><coordinates>-122.299861,37.873255,10 -122.299656,37.873255,10 -122.299656,37.873417,10 -122.299861,37.873417,10 -122.299861,37.873255,10</coordinates></LinearRing></outerBoundaryIs></Polygon></Placemark>
    <Placemark><name>2420 ASHBY Ave · Fourplex</name><styleUrl>#t4</styleUrl><Polygon><extrude>1</extrude><altitudeMode>relativeToGround</altitudeMode><outerBoundaryIs><LinearRing><coordinates>-122.258737,37.855901,10 -122.258533,37.855901,10 -122.258533,37.856063,10 -122.258737,37.856063,10 -122.258737,37.855901,10</coordinates></LinearRing></outerBoundaryIs></Polygon></Placemark>
    <Placemark><name>2942 COLLEGE Ave · Fourplex</name><styleUrl>#t4</styleUrl><Polygon><extrude>1</extrude><altitudeMode>relativeToGround</altitudeMode><outerBoundaryIs><LinearRing><coordinates>-122.253569,37.857363,10 -122.253365,37.857363,10 -122.253365,37.857524,10 -122.253569,37.857524,10 -122.253569,37.857363,10</coordinates></LinearRing></outerBoundaryIs></Polygon></Placemark>
    <Placemark><name>2437 WARRING St · Fourplex</name><styleUrl>#t4</styleUrl><Polygon><extrude>1</extrude><altitudeMode>relativeToGround</altitudeMode><outerBoundaryIs><LinearRing><coordinates>-122.250377,37.866515,10 -122.250172,37.866515,10 -122.250172,37.866676,10 -122.250377,37.866676,10 -122.250377,37.866515,10</coordinates></LinearRing></outerBoundaryIs></Polygon></Placemark>
    <Placemark><name>2737 DURANT Ave · Fourplex</name><styleUrl>#t4</styleUrl><Polygon><extrude>1</extrude><altitudeMode>relativeToGround</altitudeMode><outerBoundaryIs><LinearRing><coordinates>-122.252857,37.868746,10 -122.252652,37.868746,10 -122.252652,37.868907,10 -122.252857,37.868907,10 -122.252857,37.868746,10</coordinates></LinearRing></outerBoundaryIs></Polygon></Placemark>
    <Placemark><name>2980 College Ave · Fourplex</name><styleUrl>#t4</styleUrl><Polygon><extrude>1</extrude><altitudeMode>relativeToGround</altitudeMode><outerBoundaryIs><LinearRing><coordinates>-122.253457,37.856452,10 -122.253252,37.856452,10 -122.253252,37.856614,10 -122.253457,37.856614,10 -122.253457,37.856452,10</coordinates></LinearRing></outerBoundaryIs></Polygon></Placemark>
    <Placemark><name>739 Channing Way · Fourplex</name><styleUrl>#t4</styleUrl><Polygon><extrude>1</extrude><altitudeMode>relativeToGround</altitudeMode><outerBoundaryIs><LinearRing><coordinates>-122.297490,37.861539,10 -122.297285,37.861539,10 -122.297285,37.861701,10 -122.297490,37.861701,10 -122.297490,37.861539,10</coordinates></LinearRing></outerBoundaryIs></Polygon></Placemark>
    <Placemark><name>1444 Walnut St · Fourplex</name><styleUrl>#t4</styleUrl><Polygon><extrude>1</extrude><altitudeMode>relativeToGround</altitudeMode><outerBoundaryIs><LinearRing><coordinates>-122.268517,37.880499,10 -122.268312,37.880499,10 -122.268312,37.880660,10 -122.268517,37.880660,10 -122.268517,37.880499,10</coordinates></LinearRing></outerBoundaryIs></Polygon></Placemark>
  </Folder>
</Document></kml>