"File Date","Status","Record Number","Record Type","Address","Description","Short Notes",
"06/30/2026","Permit Issued","SEA2600583","SolarApp+ (For roof mounted residential solar projects not exceeding 38.4kw total done with SolarApp+- contractor use)","1501 MAGNOLIA ST, Oakland CA 94607","8 Q.PEAK DUO BLK ML-G10.C+ 410 solar modules1 1707000-XX-Y {11.5kW} inverter1 1707000-XX-Y {11.5kW} ESSNew Busbar count - 1System Size: 3.28 kW DC (11.5 kW AC)",,
"06/30/2026","Intake-On Hold","RBC2601857","(RBC) - Building Residential Combo Alteration- 1 & 2 Unit Residential (Building)","4139 LUSK ST, Oakland CA 94608","Kitchen remodel with new exterior door and landing, upgrade electrical to current Code compliance.",,
"06/30/2026","Created","BW26001985","(BW) - Building Worksheet (Building)","3876 RHODA AVE, Oakland CA 94602","Remove and replace 69 lineal feet of reinforced concrete foundation along the left side perimeter. Install shear wall panels.New interior footing with stud wall and plywood sheathing.",,
"06/30/2026","Permit Issued","SEA2600582","SolarApp+ (For roof mounted residential solar projects not exceeding 38.4kw total done with SolarApp+- contractor use)","2000 86TH AVE, Oakland CA 94621","10 Q.PEAK DUO BLK ML-G10.C+ 410 solar modules1 1707000-XX-Y {11.5kW} inverter1 1707000-XX-Y {11.5kW} ESSNew Busbar count - 1",,
"06/30/2026",,"26TMP-031327","(RE) - Electrical - 1 & 2 Unit Residential (Building)","3248 BONA ST, Oakland CA 94601","replace existing 100 amp meter main with a new 100 amp meter main",,
"06/30/2026","Inspections - In Progress","SL2601234","(SL) - Sewer Lateral (OPW)","2836 MYRTLE ST, Oakland CA 94608","Replace sewer lateral from building to city main on the street.",,
"06/30/2026","Permit Issued","CGS2601570","DOT - Curb Gutter Sidewalk Exemption Certificate","1325 DRURY RD, Oakland CA 94705",,,
"06/30/2026","Created","BW26001989","(BW) - Building Worksheet (Building)","8656 MACARTHUR BLVD, Oakland CA 94605","install 100 sqf of sheet rock and install 2 lower cabinets plus hardwear",,
"06/30/2026","Permit Issued","RE2601599","(RE) - Electrical - 1 & 2 Unit Residential (Building)","3062 ROXBURY AVE, Oakland CA 94605","50AMP CIRCUIT FOR EV, ENERGY MANAGEMENT PANEL",,
"06/30/2026",,"25TMP-057613","(BW) - Building Worksheet (Building)","756 29TH ST, Oakland CA 94609","THE PROJECT IS A NEW ADU (CONVERSION OF BASEMENT TO AN ADU) IN AN EXISTING HOME:LOWER LEVEL (840 SF)- (N) LIVING AREA & KITCHEN,- (N) BEDROOMS,- (N) BATHROOM- (N) WINDOWS & DOORS THROUGHOUT- (N) WATER HEATER- (N) HVAC",,
"06/30/2026","Assigned","BW26001993","(BW) - Building Worksheet (Building)","5345 FOOTHILL BLVD, Oakland CA 94601","A MODIFICATION TO AN (E) VERIZON WIRELESS UNMANNED TELECOMMUNICATION FACILITY CONSISTING OF:REMOVING (6) (E) VERIZON WIRELESS ANTENNASREMOVING (3) (E) RRUS-4449 UNITS @ ANTENNASREMOVING (3) (E) RRUS-8843 UNITS @ ANTENNASREMOVING (3) (E) FRP BOXESINSTALLING (3) (N) FRP BOXESINSTALLING (6) (N) VERIZON WIRELESS ANTENNASINSTALLING (3) (N) RADIO 4490 UNITS @ ANTENNAS",,
"06/30/2026","Complete","BW26001996","(BW) - Building Worksheet (Building)","5831 SAN LEANDRO ST, Oakland CA 94621","Requesting Certificate of Occupancy for the new tenant (HXF Green Inc).previous tenant was CMC",,
"06/30/2026","Certificate Issued","R2600813","(R) - ReRoof Certificate (Building)","6250 CHELTON DR, Oakland CA 94611","TEAR OFF AND REROOF WITH 27 SQUARES OF DIMENSIONAL SHINGLES.",,
"06/30/2026","Permit Issued","CGS2601572","DOT - Curb Gutter Sidewalk Exemption Certificate","5649 CASTLE DR, Oakland CA 94611",,,
"06/30/2026","Permit Issued","CGS2601576","DOT - Curb Gutter Sidewalk Standard Compliance Certificate","758 61ST ST, Oakland CA 94609",,,
"06/30/2026","Permit Issued","LBP2600117","(LBP) - Lead Based Paint (Building)","4350 ALBERT ST, Oakland CA 94619","Painting complete exterior with removal of peeling lead base paint in front of home. All lead base practices will be observed and out into action",,
"06/30/2026",,"26TMP-031236","(R) - ReRoof Certificate (Building)","530 E 8TH ST, Oakland CA 94606","Tear off 2 layers, Install  Dens Deck",,
"06/30/2026","Permit Issued","RE2601594","(RE) - Electrical - 1 & 2 Unit Residential (Building)","13883 CAMPUS DR, Oakland CA 94605","DC-coupled Battery Energy Storage System (BESS) installation connected to existing SolarEdge Energy Hub inverter. Includes DC wiring, battery management system, and integration with existing rooftop solar.",,
"06/30/2026","Permit Issued","M2600802","(M) - Mechanical - 3+ Residential Units or Commercial (Building)","3513 LINCOLN AVE, Oakland CA 94602","REPLACE EXISTING FURNACE",,
"06/30/2026","Certificate Issued","R2600807","(R) - ReRoof Certificate (Building)","452 MCAULEY ST, Oakland CA 94609","Reroof, tear off, 19 SQ. Shingles",,
"06/30/2026","Permit Issued","CGS2601565","DOT - Curb Gutter Sidewalk Provisional Certificate","1005 PORTAL AVE, Oakland CA 94610",,,
"06/30/2026","In Progress","TR-ND26-00072","(ND) - Non-Developmental Tree Permit (OPW)","809 15TH ST, Oakland CA 94607","This tree is found to the left of 809 15th Street, Oakland. This Liquidambar is approximately 13–18 inches DBH and 46–60 feet in height. The tree has experienced repeated limb failures over the past year and has been the source of ongoing concern for the property owner. These limb failures have caused damage to the main trunk of the tree and is now unsafe.Due to its history of branch failures and the potential for future limb drop, the tree is considered a hazard by the owner, who has requested its removal. The request is based on the tree's documented history of failures and the desire to prevent future property damage or safety concerns.",,
"06/30/2026",,"26TMP-031122","(BW) - Building Worksheet (Building)","1700 BROADWAY, Oakland CA 94612","soft demolition - interior removal of non-load bearing partition walls, millwork on 4 floors of a 10 story building. Floors 7 through 10.Removal of plumbing fixtures on one floor. Capping and sealing of plumbing lines.Removal of abandoned electrical conduits at ground level space.",,
"06/30/2026","Permit Issued","RE2601590","(RE) - Electrical - 1 & 2 Unit Residential (Building)","551 22ND ST, Oakland CA 94612","we are upgrading 100A to 200A and redoing the connection to the meter with a new 2 meter panel.",,
"06/30/2026","Permit Issued","SEA2600584","SolarApp+ (For roof mounted residential solar projects not exceeding 38.4kw total done with SolarApp+- contractor use)","4711 SCOTIA AVE, Oakland CA 94605","9.45 KW DC (21) Panels Roof Mount PV system with (1) ESS, New 200A MPU, Main Panel Relocation",,
"06/30/2026","Permit Issued","SEA2600581","SolarApp+ (For roof mounted residential solar projects not exceeding 38.4kw total done with SolarApp+- contractor use)","2750 MOUNTAIN GATE WY, Oakland CA 94611","SOLAR INSTALLED AT DETACHED GARAGE - REFERENCE RELATED PERMIT # SEA2600361",,
"06/30/2026","Certificate Issued","R2600812","(R) - ReRoof Certificate (Building)","8118 SUNKIST DR, Oakland CA 94605","replacing modified bitumen with TPO Title 24 compliant",,
"06/30/2026","Certificate Issued","R2600808","(R) - ReRoof Certificate (Building)","9855 PLYMOUTH ST, Oakland CA 94603","Remove 19 sq. ft. of existing roof; furnish and install UDL 30 underlaymentInstall new OC ThuDef cool shingles",,
"06/30/2026","Scheduled Appointment","BW26001992","(BW) - Building Worksheet (Building)","444 HEGENBERGER RD, Oakland CA 94621","We are applying for a revision to our permit B2500482.  We encountered a hidden structural bracing that hinders us from proceeding with the proposed layout, therefore, we switched the locations of Classroom 142 with the restrooms.  Furthermore, we added a toilet room and moved the lavatories out in a common area.",,
"06/30/2026","Permit Issued","SEA2600585","SolarApp+ (For roof mounted residential solar projects not exceeding 38.4kw total done with SolarApp+- contractor use)","16040 BROADWAY TER, OAKLAND CA 94611","intallation of a 6.88 KW PV sytem, roof mount. 16 panels , 16 enphase microinverters, 2 enphase batteries 10C, 1 enphase combainer box and 1 enphase meter collar",,
"06/30/2026",,"26TMP-031278","(BW) - Building Worksheet (Building)","1729 E 15TH ST, Oakland CA 94606","Repair of Second-floor exterior elevated elements in compliance with SB721 requirements, which includes: repairing all rotted joists as specified on the structural details. Also, strengthen the loose railing connection as shown on structural details.",,
"06/30/2026","Permit Issued","CGS2601568","DOT - Curb Gutter Sidewalk Exemption Certificate","8249 SKYLINE CIR, Oakland CA 94605",,,
"06/30/2026","Permit Issued","E2601597","(E) - Electrical - 3+ Residential Units or Commercial (Building)","6434 INTERNATIONAL BLVD, Oakland CA 94621","Electrical service upgrade from 100 to 200 amps.",,
"06/30/2026","Permit Issued","RE2601600","(RE) - Electrical - 1 & 2 Unit Residential (Building)","6109 HARWOOD AVE, Oakland CA 94618","Complete safety rewire of existing single-family residence, including replacement of branch circuit wiring, receptacles, switches, and lighting outlets, and reconnection of circuits to comply with current California Electrical Code. Work includes 31 receptacles, 22 switches, and 27 light fixtures.",,
"06/30/2026","Complete","BW26001995","(BW) - Building Worksheet (Building)","10950 INTERNATIONAL BLVD, Oakland CA 94603","A MODIFICATION OF AN (E) VERIZON WIRELESS UNMANNED TELECOMMUNICATION FACILITY CONSISTING OF:REMOVING & REPLACING (6) (E) ANTENNAS W/ (9) (N) ANTENNASREMOVING & REPLACING (3) (E) RADIO 4449 UNITS W/ ( 4) (N) RADIO 4490 UNITSREMOVING (6) (E) RRUS-32 UNITSINSTALLING (3) (N) ANTENNA MOUNTSINSTALLING (1) (N) 6627 BASEBAND UNIT IN EQUIPMENT SHELTERRETAINING (3) (E) ANTENNASRETAINING (2) (E) 6627 SURGE SUPPRESSORSRETAINING (2) (E) 12X24 HYBRID CABLES",,
"06/30/2026","Permit Issued","CGS2601569","DOT - Curb Gutter Sidewalk Standard Compliance Certificate","5718 ADELINE ST, Oakland CA 94608",,,
"06/30/2026","Created","BW26001987","(BW) - Building Worksheet (Building)","1008 39TH ST, Oakland CA 94608","TO REMODEL THE EXISTING DWELLING: 1) Additional bedroom new windows all throughout (note existing - LIKE FOR LIKE)update electrical wiring with sub panel,Mini split system to two bedrooms and one in the main living room, new plumbing: for kitchen and bathroomCODE ENFORCEMENT CASE: 2602914",,
"06/30/2026","Permit Issued","CGS2601575","DOT - Curb Gutter Sidewalk Standard Compliance Certificate","6446 COLBY ST, Oakland CA 94618",,,
"06/30/2026","Permit Issued","RM2600801","(RM) - Mechanical - 1 & 2 Unit Residential (Building)","321 HEMPHILL PL, Oakland CA 94618","Installl a new ducted inverter heat pump system, bathroom fan exhaust  system and  a new 240v circuit.",,
"06/30/2026","Scheduled Appointment","BW26001990","(BW) - Building Worksheet (Building)","277 BROOKLYN BASIN WY, OAKLAND CA","Revson Plan Check for assembly detail",,
"06/30/2026","In Progress","TR-ND26-00073","(ND) - Non-Developmental Tree Permit (OPW)","6494 MELVILLE DR, Oakland CA 94611","Coast Live Oak tree located at the center of the backyard next to the residence.  Tree is too close to the house and is a fire/structural hazard.  It will be removed to ground level.  All brush, wood and debris to be removed.",,
"06/30/2026","Permit Issued","RE2601589","(RE) - Electrical - 1 & 2 Unit Residential (Building)","4924 COCHRANE AVE, Oakland CA 94618","Remove and replace existing Sub Panel in Mechanical room with new one. Install hard wired level 2 car charger.",,
"06/30/2026","Intake - On Hold","SL2601237","(SL) - Sewer Lateral (OPW)","2679 MOUNTAIN GATE WY, Oakland CA 94611","Repair/replace building sewer ON PROPERTY ONLY. SL & X required beyond PL. Overflow device may be needed. If working within 25' feet of a monument you must comply with State Law 8771, contact the Inspector prior to starting excavation: minimum $5,800.00 fine for non-compliance. USA # and date must be provided in order to have a permit issued. Permit valid for 90 days. If the work is to be performed on a designated “Creekside Property” the work will require a “Creek Protection Permit”. If the property is not currently flagged in Accela as a “Creekside Property” but work will be performed within 100’ of a creek channel, a “Creek Determination” should be conducted to determine if the work is subject to the Creek Protection Ordinance.  Call PWA INSPECTION prior to start: 510-238-3651 or email PWA_inspections@oaklandca.gov",,
"06/30/2026","Pending - Incomplete","BW26001991","(BW) - Building Worksheet (Building)","2390 103RD AVE, OAKLAND CA 94603","This permit revision is submitted in response to the Building Inspector's corrections. Revised structural plans are provided for the foundation replacement at the ADU conversion as requested. Foundation inspection will be scheduled following plan revision approval. UFER ground will be verified during the required inspection.",,
"06/30/2026","Certificate Issued","R2600811","(R) - ReRoof Certificate (Building)","3561 64TH AVE, Oakland CA 94605","About 1200sq ft reroof. On 4/12 pitch.Tear down , install #30 felt paper . Install 12 sqs comp shingles light grey. Add 6 eyebrow vents.",,
"06/30/2026","Intake - Completed","X2600559","DOT - Excavation (X)","3112 MARTIN LUTHER KING JR, OAKLAND United States","JB2565558 - PMR. This project proposes to adjust CATV vault to grade at the corner of MLK Jr Way and 31st St. Install (2)2"" conduit and a Comcast cable. Restore the affected areas.",,
"06/30/2026","Permit Issued","CGS2601573","DOT - Curb Gutter Sidewalk Standard Compliance Certificate","1108 E 33RD ST, Oakland CA 94610",,,
"06/30/2026","Certificate Issued","R2600814","(R) - ReRoof Certificate (Building)","2515 55TH AVE, Oakland CA 94605","Removal of the old roof and installation of new asphalt shingles. (1,590 Sq.ft.)",,
"06/30/2026",,"26TMP-031389","(LBP) - Lead Based Paint (Building)","5125 DAISY ST, Oakland CA 94619","exterior painting",,
"06/30/2026","Certificate Issued","R2600810","(R) - ReRoof Certificate (Building)","3528 ROBINSON DR, Oakland CA 94602","remove and replace existing roofing with comp shingle roofing",,
"06/30/2026","Permit Issued","RE2601595","(RE) - Electrical - 1 & 2 Unit Residential (Building)","1887 TRESTLE GLEN RD, Oakland CA 94610","replacement of main panel  like to like no additional Loades  100 a",,
"06/30/2026","Permit Issued","SL2601235","(SL) - Sewer Lateral (OPW)","6308 HEATHER RIDGE WY, Oakland CA 94611","replace the upper and lower portion of the PSL from the south side of the House up to center of the street,the entire lenght of pipe are approx 70 feet",,
"06/30/2026",,"26TMP-031365","(BW) - Building Worksheet (Building)","1040 56TH ST, Oakland CA 94608","Propose to add a window unit into the east-facing wall of an existing detached garage. Garage is approx 240 sq ft. No new square footage to be added.",,
"06/30/2026","Created","BW26001986","(BW) - Building Worksheet (Building)","7421 MACARTHUR BLVD, Oakland CA 94605","Repair damaged stucco on face of building and eave, fascia  and soffit at front of exterior of building..  Area is total of only 70 square feet",,
"06/30/2026","Inspections - In Progress","SL2601236","(SL) - Sewer Lateral (OPW)","5666 LA SALLE AVE, Oakland CA 94611","Repair/replace sewer lateral and EXCAVATE in PUBLIC RIGHT-OF-WAY. Overflow device may be needed. If working within 25' feet of a monument you must comply with State Law 8771, contact the Inspector prior to starting excavation: minimum $5,800.00 fine for non-compliance. Comply with all terms of City of Oakland Public Works Standards, Street Excavation Rules, Revised March 2015 and City Council Ordinance No. 13300 C.M.S. Five days prior notice required for work lasting five days or less in business/commercial districts: 72 hour notice in residential districts. Ten days prior notice required for work lasting six days or more in all districts. USA # and date must be provided in order to have a permit issued. Permit valid 90 days. If the work is to be performed on a designated “Creekside Property” the work will require a “Creek Protection Permit”. If the property is not currently flagged in Accela as a “Creekside Property” but work will be performed within 100’ of a creek channel, a “Creek Determination” should be conducted to determine if the work is subject to the Creek Protection Ordinance. Permit valid 90 days. PRIOR TO START, please schedule your inspection via the contractor's mobile app: https://citygovapp.com/app/opwirprod.htm USA#2026063001361-000",,
"06/30/2026","Certificate Issued","R2600809","(R) - ReRoof Certificate (Building)","882 ALMA PL, Oakland CA 94610","Re-roof: 10SQ tear off install tiles + 11SQ of modified bitumen system, no redecking. Total roof area: 21SQ.",,
"06/30/2026","Minor Engineer of Day Review","RBC2601859","(RBC) - Building Residential Combo Alteration- 1 & 2 Unit Residential (Building)","2025 BRAEMAR RD, Oakland CA 94602","Seismic strengthening of underfloor area to reduce risk of damage per Engineered Plan.",,
"06/30/2026","Permit Issued","LBP2600118","(LBP) - Lead Based Paint (Building)","5125 DAISY ST, Oakland CA 94619","exterior painting",,
"06/30/2026","Permit Issued","RE2601598","(RE) - Electrical - 1 & 2 Unit Residential (Building)","2429 SCOUT RD, Oakland CA 94611","Install new 18kw 240v tankless water heater. Provide (2) 40A double pole breakers and dediciated circuits. to existing 100amp service.",,
"06/30/2026","Created","OB2600799","Obstruction","2021 7TH AVE, Oakland CA 94606","Reserve  1 parking space in front of driveway to parcel only for dumpster, construction vehicle, moving van or storage pod. Post No-parking signs 72 hours prior in residential areas. No impact on traffic lane or sidewalk allowed, except as noted. No-parking signs picked up by applicant after payment, 4TH FLOOR. To Have Illegally Parked Vehicle Ticketed Call 510-777-3333. Applicant arranges towing. Comply with terms set forth in CVC Section 22651 (m). For Towed Vehicle: Call 510-777-3333.",,
"06/30/2026","Permit Issued","RE2601596","(RE) - Electrical - 1 & 2 Unit Residential (Building)","918 UNDERHILLS RD, Oakland CA 94610","Remove the existing sub panel in the basement crawlspace and Install (1) new 100A interior sub panel in the upstairs hallway.",,
"06/30/2026","Intake - Completed","X2600564","DOT - Excavation (X)","965 88TH AVE, Oakland CA 94621","PG&E PM 47198814 PG&E to excavate in the public ROW to repair a gas leak. restoration to follow. Moratorium street.  Trenching approx. 4' x 4'.  Ensure that environmental controls are in place to prevent dust/debris/wastewater from contaminating environment. If working within 15 feet of a monument you must comply with State Law 8771, contact the Inspector prior to starting excavation: minimum $5,800.00 fine for non-compliance. Comply with all terms of City of Oakland Public Works Standards, Street Excavation Rules, Revised August 2021 and City Council Ordinance No. 13300 C.M.S. Five days’ prior notice required for work lasting five days or less in business/commercial districts: 72-hours’ notice in residential districts. Ten days prior notice required for work lasting six days or more in all districts. SCHEDULE INSPECTION at least 48 hours in advance at: http://oaklanddot.com/projects/search.html """,,
"06/30/2026",,"PX2600012","Public Infrastructure (P-Job)","2850 west ST, OAKLAND CA","Public infrastructure as detailed in Engineer's Cost estimate by Haley & Aldrich, Inc. for improvements, including but not limited to sanitary sewer manhole, pipe bursting 200 linear feet of 8inch sanitary sewer main and connection to City sewer main. Additional permits/fees may be required including permits from outside agencies/utility companies. Applicant is responsible to submit plans that match to all applicable City Departments and must notify those Departments if/when revisions are made to the plans. Failure to do so may result in delays, additional fees and penalties. If working within 15' feet of a monument you must comply with State Law 8771, contact the Inspector prior to starting excavation: minimum $5,800.00 fine for non-compliance. Contractor must have a valid CLASS “A” license and current City of Oakland Business License. All ""Submittals"" shall be provided to the DOT Inspector. A pre-construction meeting is required prior to beginning any work.",,
"06/30/2026","Payment Received","CGS2601574","DOT - Curb Gutter Sidewalk Repair","594 KENMORE AVE, Oakland CA 94610","NOTE: ***BEFORE any work in Right of Way, please call 510-238-3860 forty-eight hours in advance. Applicant is subject to fine if work is started WITHOUT scheduling a pre-inspection***  Repair sidewalk to City Standards (maximum 2%). If working within 25' feet of a monument you must comply with State Law 8771, contact the Inspector prior to starting excavation: minimum $5,800.00 fine for non-compliance. Comply with all terms of City of Oakland Public Works Standards, Street Excavation Rules, Revised March 2015 and City Council Ordinance No. 13300 C.M.S. Five day prior notice required for work lasting five days or less in business/commercial districts; 72 hour notice in residential districts. Ten day prior notice required for work lasting six days or more in all districts.",,
"06/30/2026","On Hold - Field Check Pending","RBC2601858","(RBC) - Building Residential Combo Alteration- 1 & 2 Unit Residential (Building)","1418 8TH ST, Oakland CA 94607","To abate CE Case #2603920. At residential duplex: Complete remodel of both units to include replacement of all windows and exterior decks and stairs (like-for-like). Add half-bath to attic. To include related mechanical, electrical and plumbing.",,
"06/30/2026","Intake - Completed","X2600563","DOT - Excavation (X)","2319 92ND AVE, Oakland CA 94603","PG&E PM 35733768-PG&E to replace two joint poles, OH services, OH secondary and OH transformer.  Ensure that environmental controls are in place to prevent dust/debris/wastewater from contaminating environment. If working within 15 feet of a monument you must comply with State Law 8771, contact the Inspector prior to starting excavation: minimum $5,800.00 fine for non-compliance. Comply with all terms of City of Oakland Public Works Standards, Street Excavation Rules, Revised August 2021 and City Council Ordinance No. 13300 C.M.S. Five days’ prior notice required for work lasting five days or less in business/commercial districts: 72-hours’ notice in residential districts. Ten days prior notice required for work lasting six days or more in all districts. SCHEDULE INSPECTION at least 48 hours in advance at: http://oaklanddot.com/projects/search.html """,,
"06/30/2026","Void","OB2600798","Obstruction","2021 7TH AVE, Oakland CA 94606","Reserve  1 parking space in front of driveway to parcel only for dumpster, construction vehicle, moving van or storage pod. Post No-parking signs 72 hours prior in residential areas. No impact on traffic lane or sidewalk allowed, except as noted. No-parking signs picked up by applicant after payment, 4TH FLOOR. To Have Illegally Parked Vehicle Ticketed Call 510-777-3333. Applicant arranges towing. Comply with terms set forth in CVC Section 22651 (m). For Towed Vehicle: Call 510-777-3333.",,
"06/30/2026","Complete","BW26001994","(BW) - Building Worksheet (Building)","470 61ST ST, Oakland CA 94609","REVISION TO RBC2503680-81 - Submitting Revised 1 Hour Exterior Wall and Soffit Details 1 and 2/ Sheet D-1 of the Approved Plans. This Revision Specifies WUI Compliant 1x6  'Boral"" Cementitious Siding over 5/8"" Type 'x' gypsum  board within 5' 0"" of the Property Line.  Approved Plans show stucco with eave venting.  Eave venting into attic space, as shown by the previous Plan Preparer, is problematic for fire spread, and this Revision is superior for fire mitigation concerns.  Further, this revised exterior finish will 'match' the existing 1x6 style of the existing garage.",,
"06/30/2026","Intake - Completed","OB2600797","Obstruction","555 19TH ST, Oakland CA 94612","Block # of s/w with pedestrian canopy. Leave 5.5’ clear for pedestrian access, except as otherwise noted on TCP/X permit. No impact on traffic lane or parking, except as otherwise noted on TCP/X permit. Ensure that environmental controls are in place to prevent dust/debris/waste water from contaminating environment.",,
"06/30/2026","Intake - Completed","X2600562","DOT - Excavation (X)","1410 MAGNOLIA ST, Oakland CA 94607","PG&E PM 35716554-PG&E to replace UG service, UG secondary and secondary enclosures. PG&E to trench and restore.  Trenching 148' x 18"" x 40"".  Ensure that environmental controls are in place to prevent dust/debris/wastewater from contaminating environment. If working within 15 feet of a monument you must comply with State Law 8771, contact the Inspector prior to starting excavation: minimum $5,800.00 fine for non-compliance. Comply with all terms of City of Oakland Public Works Standards, Street Excavation Rules, Revised August 2021 and City Council Ordinance No. 13300 C.M.S. Five days’ prior notice required for work lasting five days or less in business/commercial districts: 72-hours’ notice in residential districts. Ten days prior notice required for work lasting six days or more in all districts. SCHEDULE INSPECTION at least 48 hours in advance at: http://oaklanddot.com/projects/search.html """,,
"06/30/2026","Minor Engineer of Day Review","B2601856","(B) - Building Alteration - 3+ Residential Units or Commercial (Building)","4536 THOMPSON ST, Oakland CA 94601","Rebuild stairs and 2nd floor walkway of same size and location at MFD. Compliance with E3. DRX260554.",,
"06/30/2026","On Hold - Fee Due","S2600058","(S) Sign Permit- New and Alterations","2731 13TH AVE, Oakland CA 94606","Change of the existing Signage outside.  Signs to reach, install 2 new illuminated ""Thomas Market"" for business.",,
"06/30/2026","In Review","X2600561","DOT - Excavation (X)","250 10TH ST, Oakland CA 94607","PG&E PM 35648279- Related Permit: ENMI26097     PG&E to install UG primary, UG service, remove fuse, and install subsurface interrupter. Applicant to trench and restore (PX2400028).  Ensure that environmental controls are in place to prevent dust/debris/wastewater from contaminating environment. If working within 15 feet of a monument you must comply with State Law 8771, contact the Inspector prior to starting excavation: minimum $5,800.00 fine for non-compliance. Comply with all terms of City of Oakland Public Works Standards, Street Excavation Rules, Revised August 2021 and City Council Ordinance No. 13300 C.M.S. Five days’ prior notice required for work lasting five days or less in business/commercial districts: 72-hours’ notice in residential districts. Ten days prior notice required for work lasting six days or more in all districts. SCHEDULE INSPECTION at least 48 hours in advance at: http://oaklanddot.com/projects/search.html """,,
"06/30/2026","Permit Issued","RE2601593","(RE) - Electrical - 1 & 2 Unit Residential (Building)","872 37TH ST, Oakland CA 94608","Need a Meter Release Inspection for a greed tag to PGE so that PGE can replace the electrical meter. No electrical work involved, only need a green tag inspection.",,
"06/30/2026","Payment Received","OB2600796","Obstruction","2968 MACARTHUR BLVD, Oakland CA 94602","PG&E PM:35068306-3B- Loc # 61, 62, 63, 64, 65, 66, 67, 68, 69, 70, 71, 72, 73, 74, 75, 76, 77, 78, 79, 80, 81, 82, & 83. Tree trimming required. Replace 18 poles, 6 transformers, and oh services. Install 2 transformers, Replace primary, secondary & associated equipment. See drawings for more details. Related Permit: X2501219 and X2600174.Reserve 11 (275') NON-METERED parking space(s) in front of parcel only for dumpster, construction vehicle, moving van or storage pod. Post No-parking signs 72 hours prior in residential areas. No impact on traffic lane or sidewalk allowed, except as noted on TCP/X permit. NO-PARKING SIGNS SHALL PICKED UP BY APPLICANT AFTER PAYMENT TO ENFORCE PERMIT REQUIREMENT. To have illegally parked vehicle ticketed: Call 510-777-3333. Applicant arranges towing. Comply with terms set forth in CVC Section 22651 (m). For towed vehicle: Call 510-238-3021.2968 TO 3016 MacARTHUR BLVD.",,
"06/30/2026","Intake - Completed","X2600560","DOT - Excavation (X)","4271 WHITTLE AVE, Oakland CA 94602","PG&E PM 35722911: PGE to install oh tx, secondary breakers, oh service cablePM 35722911.  Ensure that environmental controls are in place to prevent dust/debris/wastewater from contaminating environment. If working within 15 feet of a monument you must comply with State Law 8771, contact the Inspector prior to starting excavation: minimum $5,800.00 fine for non-compliance. Comply with all terms of City of Oakland Public Works Standards, Street Excavation Rules, Revised August 2021 and City Council Ordinance No. 13300 C.M.S. Five days’ prior notice required for work lasting five days or less in business/commercial districts: 72-hours’ notice in residential districts. Ten days prior notice required for work lasting six days or more in all districts. SCHEDULE INSPECTION at least 48 hours in advance at: http://oaklanddot.com/projects/search.html """,,
"06/30/2026","Permit Issued","RE2601592","(RE) - Electrical - 1 & 2 Unit Residential (Building)","3117 62ND AVE, Oakland CA 94605","Meter to remain, upgrade main service panel from 100 amp to 200 amp",,
"06/30/2026","Permit Issued","RM2600803","(RM) - Mechanical - 1 & 2 Unit Residential (Building)","49 MOSS AVE, Oakland CA 94610","Install a new ducted inverter heat pump system and a new 240v circuit for outdoor unit heat pump",,
"06/30/2026","Permit Issued","RP2600824","(RP) Plumbing - 1 & 2 Unit Residential (Building)","5826 BROADWAY, Oakland CA 94618","Extending houseline gas plumbing to facilitate meter move",,
"06/30/2026","Permit Issued","RE2601591","(RE) - Electrical - 1 & 2 Unit Residential (Building)","638 TRESTLE GLEN RD, Oakland CA 94610","New 2 50 amp circuits for jacuzzi, 2 30 amp circuits for spa, 4 outdoor receptacles and 2 circuits for the receptacles in backyard of SFD.",,
"06/30/2026","Permit Issued","CGS2601567","DOT - Curb Gutter Sidewalk Repair","2469 MAXWELL AVE, Oakland CA 94601","per approved plans per City Standard. If working within 25' feet of a monument you must comply with State Law 8771, contact the Inspector prior to starting excavation: minimum $5,800.00 fine for non-compliance. Comply with all terms of City of Oakland Public Works Standards, Street Excavation Rules, Revised March 2015 and City Council Ordinance No. 13300 C.M.S. Five day prior notice required for work lasting five days or less in business/commercial districts; 72 hour notice in residential districts. Ten day prior notice required for work lasting six days or more in all districts. USA # and date must be provided in order to have a permit issued. SCHEDULE AN INSPECTION FOR EXCAVATION http://oaklanddot.com/cgs/projects/search.html",,
"06/30/2026","Payment Received","OB2600795","Obstruction","3410 MAPLE AVE, Oakland CA 94602","PG&E PM35068306-3A- (phase 2 of 3) Loc # 32, 33, 34, 35, 50, 51, 52, 53, 54, 55, 56, 57, 58, 59, & 60. Tree trimming required. Replace 12 poles, 5 transformers, and oh services.  Install 2 transformers.Reserve 26 (650') NON-METERED parking space(s) in front of parcel only for dumpster, construction vehicle, moving van or storage pod. Post No-parking signs 72 hours prior in residential areas. No impact on traffic lane or sidewalk allowed, except as noted on TCP/X permit. NO-PARKING SIGNS SHALL PICKED UP BY APPLICANT AFTER PAYMENT TO ENFORCE PERMIT REQUIREMENT. To have illegally parked vehicle ticketed: Call 510-777-3333. Applicant arranges towing. Comply with terms set forth in CVC Section 22651 (m). For towed vehicle: Call 510-238-3021.3410 to 3315 MAPLE AVE6PM 07/11 to 9AM 07/12",,
"06/30/2026","Payment Received","B2601855","(B) - Building Alteration - 3+ Residential Units or Commercial (Building)","6114 FOOTHILL BLVD, Oakland CA 94605","Voluntary Earth Quake Retrofitting",,
"06/30/2026","On Hold - Field Check Pending","B2601854","Non-Residential Building - Demolition","285 12TH ST, Oakland CA 94606","At existing recreational lot, remove existing concrete pavement, fence, sign, asphalt concrete, pole, 1-story building (480sf), stair, landing, ramp, monument well and unnecessary underground piping systems under future building area.  Demo plan included to show all on-site and off-site work being completed. PLN16133 PER CUP During nesting season (2/1-8/15) biostudy re: nesting birds must be performed within 7 days prior or construction by qualified biologist; see PLN approval",,
"06/30/2026","Payment Received","OB2600794","Obstruction","3668 LAUREL AVE, Oakland CA 94602","PG&E PM:35068306-3B- Loc # 61, 62, 63, 64, 65, 66, 67, 68, 69, 70, 71, 72, 73, 74, 75, 76, 77, 78, 79, 80, 81, 82, & 83. Tree trimming required. Replace 18 poles, 6 transformers, and oh services. Install 2 transformers, Replace primary, secondary & associated equipment. See drawings for more details. Related Permit: X2501219 and X2600174.Reserve 11 (275') NON-METERED parking space(s) in front of parcel only for dumpster, construction vehicle, moving van or storage pod. Post No-parking signs 72 hours prior in residential areas. No impact on traffic lane or sidewalk allowed, except as noted on TCP/X permit. NO-PARKING SIGNS SHALL PICKED UP BY APPLICANT AFTER PAYMENT TO ENFORCE PERMIT REQUIREMENT. To have illegally parked vehicle ticketed: Call 510-777-3333. Applicant arranges towing. Comply with terms set forth in CVC Section 22651 (m). For towed vehicle: Call 510-238-3021.3622 to 3668 LAUREL AVE",,
"06/30/2026","Permit Issued","OB2600793","Obstruction","2970 SUMMIT ST, Oakland CA 94609","Reserve 10(250') NON-METERED parking space(s) in front of parcel only for dumpster, construction vehicle, moving van or storage pod. Post No-parking signs 72 hours prior in residential areas. No impact on traffic lane or sidewalk allowed, except as noted on TCP/X permit. NO-PARKING SIGNS SHALL PICKED UP BY APPLICANT AFTER PAYMENT TO ENFORCE PERMIT REQUIREMENT. To have illegally parked vehicle ticketed: Call 510-777-3333. Applicant arranges towing. Comply with terms set forth in CVC Section 22651 (m). For towed vehicle: Call 510-238-3021.Block 55'x2' portion of s/w with boom lift. Leave 5.5’ clear for pedestrian access, except as otherwise noted on TCP/X permit. No impact on traffic lane or parking, except as noted except as noted on TCP/X permit. Ensure that environmental controls are in place to prevent dust/debris/waste water from contaminating environment.",,
"06/30/2026","On Hold - Field Check Pending","RB2601853","Residential Building - Demolition","2802 BARTLETT ST, OAKLAND CA 94602","Demolish entire 210SF detached garage at rear for carport and ADU. Unimportant wood structure built unknown year. Related RBC2501447",,
"06/30/2026","On Hold - Field Check Pending","RBC2601852","(RBC) - Building Residential Combo Alteration- 1 & 2 Unit Residential (Building)","3221 61ST AVE, Oakland CA 94605 United States","Fire damage removal. To abate CE2602652 at Single family dwelling. Removal of damaged materials only.  Separate permit for repairs and replacement. No M-E-P included. Paint included.*following update per field check inspection on 7-2-26*-no mechanical electrical or plumbing will be removed or altered. No framing will be removed. Only lath/plaster, flooring, and wall coverings. Scope of work is to bring home down to studs and rough MEPs. No exterior work.",,
"06/30/2026","Void","OB2600792","Obstruction","2970 SUMMIT ST, Oakland CA 94609","Reserve 10(250') NON-METERED parking space(s) in front of parcel only for dumpster, construction vehicle, moving van or storage pod. Post No-parking signs 72 hours prior in residential areas. No impact on traffic lane or sidewalk allowed, except as noted on TCP/X permit. NO-PARKING SIGNS SHALL PICKED UP BY APPLICANT AFTER PAYMENT TO ENFORCE PERMIT REQUIREMENT. To have illegally parked vehicle ticketed: Call 510-777-3333. Applicant arranges towing. Comply with terms set forth in CVC Section 22651 (m). For towed vehicle: Call 510-238-3021.Block 55'x2' portion of s/w with boom lift. Leave 5.5’ clear for pedestrian access, except as otherwise noted on TCP/X permit. No impact on traffic lane or parking, except as noted except as noted on TCP/X permit. Ensure that environmental controls are in place to prevent dust/debris/waste water from contaminating environment.",,
"06/30/2026","Permit Issued","OB2600791","Obstruction","1700 JEFFERSON ST, OAKLAND CA 94612","Reserve 1 METERED & 4 (100') NON-METERED parking space(s) in front of parcel only for dumpster, construction vehicle, moving van or storage pod. Post No-parking signs 72 hours prior in residential areas. No impact on traffic lane or sidewalk allowed, except as noted on TCP/X permit. NO-PARKING SIGNS SHALL PICKED UP BY APPLICANT AFTER PAYMENT TO ENFORCE PERMIT REQUIREMENT. To have illegally parked vehicle ticketed: Call 510-777-3333. Applicant arranges towing. Comply with terms set forth in CVC Section 22651 (m). For towed vehicle: Call 510-238-3021.Block 50'x10' portion of s/w. Leave 5.5’ clear for pedestrian access, except as otherwise noted on TCP/X permit. Ensure that environmental controls are in place to prevent dust/debris/waste water from contaminating environment.Comply with all terms, conditions, and restrictions stated in the Traffic Control Plan. Any/all changes need prior written approval. Provide the original Traffic Control Plan at each renewal.TSD-26-0035, 03/17/2026: TCP GOOD FOR 03/23/26, 7:30 AM-5:30 PMTSD-26-0035a, 04/09/2026: TCP GOOD FOR 05/01/26, 7:30 AM-5:30 PMTSD-26-0035b, 04/24/2026: TCP GOOD FOR 05/06-05/08/2026, 7:30 AM-5:30 PM (date change, NC)TSD-26-0035c, 06/30/2026: TCP GOOD FOR 07/27/26, 7:30 AM-5:30 PM",,
"06/30/2026","Permit Issued","OB2600790","Obstruction","1807 TELEGRAPH AVE, Oakland CA 94606","Reserve 4 METERED parking space(s) in front of parcel only for dumpster, construction vehicle, moving van or storage pod. No impact on traffic lane or sidewalk allowed, except as noted except as noted on TCP/X permit. NO-PARKING SIGNS SHALL PICKED UP BY APPLICANT AFTER PAYMENT TO ENFORCE PERMIT REQUIREMENT. To have illegally parked vehicle ticketed: Call 510-777-3333. Applicant arranges towing. Comply with terms set forth in CVC Section 22651 (m). For towed vehicle: Call 510-238-3021.For Semi truck & tour bus parkingOBSTRUCTIONS @ 530 19th ST.",,
"06/30/2026","Scheduled Appointment","BW26001988","(BW) - Building Worksheet (Building)","428 60TH ST, Oakland CA 94609","To Revise RBC2601348: Structural revision to add / replace 4 engineered beams per SE's revised plans. No change to building footprint, floor plan, occupancy or building area",,
"06/30/2026","Permit Issued","OB2600789","Obstruction","1807 TELEGRAPH AVE, Oakland CA 94606","Reserve 6 METERED parking space(s) in front of parcel only for dumpster, construction vehicle, moving van or storage pod. No impact on traffic lane or sidewalk allowed, except as noted except as noted on TCP/X permit. NO-PARKING SIGNS SHALL PICKED UP BY APPLICANT AFTER PAYMENT TO ENFORCE PERMIT REQUIREMENT. To have illegally parked vehicle ticketed: Call 510-777-3333. Applicant arranges towing. Comply with terms set forth in CVC Section 22651 (m). For towed vehicle: Call 510-238-3021.For Semi truck & tour bus parkingOBSTRUCTIONS @ 530 19th ST.",,
"06/30/2026","Permit Issued","SL2601233","(SL) - Sewer Lateral (OPW)","17 LINDA AVE, Oakland CA 94611","New sewer lateral and EXCAVATE in PUBLIC RIGHT-OF-WAY. Overflow device may be needed.  If working within 25' feet of a monument you must comply with State Law 8771, contact the Inspector prior to starting excavation: minimum $5,800.00 fine for non-compliance. Comply with all terms of City of Oakland Public Works Standards, Street Excavation Rules, Revised March 2015 and City Council Ordinance No. 13300 C.M.S. Five days prior notice required for work lasting five days or less in business/commercial districts; 72 hour notice in residential districts. Ten days prior notice required for work lasting six days or more in all districts. USA # and date must be provided in order to have a permit issued. Permit valid 90 days. If the work is to be performed on a designated “Creekside Property” the work will require a “Creek Protection Permit”. If the property is not currently flagged in Accela as a “Creekside Property” but work will be performed within 100’ of a creek channel, a “Creek Determination” should be conducted to determine if the work is subject to the Creek Protection Ordinance.  Call PWA INSPECTION prior to start: 510-238-3651 or email PWA_inspections@oaklandca.gov. USA #",,
"06/30/2026","Intake - Completed","CGS2601566","DOT - Curb Gutter Sidewalk Repair","1068 66TH ST, Oakland CA 94608","Sidewalk repair NOTE: ***BEFORE any work in Right of Way, please call 510-238-3860 forty-eight hours in advance. Applicant is subject to fine if work is started WITHOUT scheduling a pre-inspection*** Install new driveway per approved plans per City Standard. If working within 25' feet of a monument you must comply with State Law 8771, contact the Inspector prior to starting excavation: minimum $5,800.00 fine for non-compliance. Comply with all terms of City of Oakland Public Works Standards, Street Excavation Rules, Revised March 2015 and City Council Ordinance No. 13300 C.M.S. Five-day prior notice required for work lasting five days or less in business/commercial districts: 72-hour notice in residential districts. Ten-day prior notice required for work lasting six days or more in all districts. USA# 2026062902899-000",,
"06/30/2026","Permit Issued","OB2600788","Obstruction","399 GRAND AVE, Oakland CA 94610","Golden Gate Tank Removal PM 399 Grand Ave; UGS Tank Excavation.Reserve 3 METERED parking space(s) in front of parcel only for dumpster, construction vehicle, moving van or storage pod. No impact on traffic lane or sidewalk allowed, except as noted except as noted on TCP/X permit. NO-PARKING SIGNS SHALL PICKED UP BY APPLICANT AFTER PAYMENT TO ENFORCE PERMIT REQUIREMENT. To have illegally parked vehicle ticketed: Call 510-777-3333. Applicant arranges towing. Comply with terms set forth in CVC Section 22651 (m). For towed vehicle: Call 510-238-3021.",,
"06/30/2026","On Hold","RBC2601851","(RBC) - Building Residential Combo Alteration- 1 & 2 Unit Residential (Building)","5358 LAWTON AVE, Oakland CA 94618","Replace (1) Retrofit Window in Living Room. Same Size, Same Location. DRX260923.",,
"06/30/2026","On Hold - Field Check Pending","RB2601850","Residential Building - Demolition","820 32ND ST, Oakland CA 94608","Demo 130 sqft shed at rear of SFD.",,
"06/29/2026","Void","RBC2601843","(RBC) - Building Residential Combo Alteration- 1 & 2 Unit Residential (Building)","1411 CENTER ST, Oakland CA","Replace 4 windows with retro-fit vinyl windows. Like-for-like replacement.",,
"06/29/2026","Permit Issued","CGS2601554","DOT - Curb Gutter Sidewalk Standard Compliance Certificate","1428 6TH AVE, Oakland CA 94606",,,
"06/29/2026","Permit Issued","CGS2601547","DOT - Curb Gutter Sidewalk Provisional Certificate","1227 E 33RD ST, Oakland CA 94610",,,
"06/29/2026","On Hold","SE2600577","Solar Permit (For commercial projects, residential projects not eligible for SolarApp+, or owner/builder or contractor use)","1845 NORTHWOOD CT, Oakland CA 94611","INSTALL RESIDENTIAL ROOF MOUNTED SOLAR PV SYSTEM & ESS / MAIN BREAKER DERATED TO 100A / INSTALL NEW 125A GENERATION PANEL",,
"06/29/2026","Permit Issued","RP2600818","(RP) Plumbing - 1 & 2 Unit Residential (Building)","287 SHERIDAN RD, Oakland CA 94618","Replace gas line from meter to the fireplace. Install approx 100LF of 1"". Install new 40-gallon 30AMP heat pump water heater.",,
"06/29/2026","Complete","BW26001979","(BW) - Building Worksheet (Building)","285 12TH ST, Oakland CA 94606","Grading work for a new five-story building housing 65 affordable apartments.",,
"06/29/2026","Created","BW26001981","(BW) - Building Worksheet (Building)","5811 SAN PABLO AVE, Oakland CA 94608","Repair parts of fire escape stairs",,
"06/29/2026","Inspections - In Progress","SL2601227","(SL) - Sewer Lateral (OPW)","1767 BRANDON ST, Oakland CA 94611","Install sidewalk clean-out and pressure test whole sewer lateral.",,
"06/29/2026","Pending-Document Uploaded","R2600802","(R) - ReRoof Certificate (Building)","9244 GOLF LINKS RD, Oakland CA 94605","comp to comp re roof",,
"06/29/2026","Void","RBC2601844","(RBC) - Building Residential Combo Alteration- 1 & 2 Unit Residential (Building)","555 10TH ST, Oakland CA 94607","two like for like bathroom remodels. no structural or relocations. upgrade plumbing and electrical up to code. cosmetic work only",,
"06/29/2026","Inspections - In Progress","SL2601229","(SL) - Sewer Lateral (OPW)","8071 PHAETON DR, Oakland CA 94605","Repair/replace sewer lateral and EXCAVATE in PUBLIC RIGHT-OF-WAY. Overflow device may be needed.  If working within 25' feet of a monument you must comply with State Law 8771, contact the Inspector prior to starting excavation: minimum $5,800.00 fine for non-compliance. Comply with all terms of City of Oakland Public Works Standards, Street Excavation Rules, Revised March 2015 and City Council Ordinance No. 13300 C.M.S. Five days prior notice required for work lasting five days or less in business/commercial districts; 72 hour notice in residential districts. Ten days prior notice required for work lasting six days or more in all districts. USA # and date must be provided in order to have a permit issued. Permit valid 90 days. If the work is to be performed on a designated “Creekside Property” the work will require a “Creek Protection Permit”. If the property is not currently flagged in Accela as a “Creekside Property” but work will be performed within 100’ of a creek channel, a “Creek Determination” should be conducted to determine if the work is subject to the Creek Protection Ordinance.",,
"06/29/2026","Inspections - In Progress","SL2601231","(SL) - Sewer Lateral (OPW)","2720 SUNSET AVE, Oakland CA 94601","Repair/replace sewer lateral and EXCAVATE in PUBLIC RIGHT-OF-WAY. Overflow device may be needed.  If working within 25' feet of a monument you must comply with State Law 8771, contact the Inspector prior to starting excavation: minimum $5,800.00 fine for non-compliance. Comply with all terms of City of Oakland Public Works Standards, Street Excavation Rules, Revised March 2015 and City Council Ordinance No. 13300 C.M.S. Five days prior notice required for work lasting five days or less in business/commercial districts; 72 hour notice in residential districts. Ten days prior notice required for work lasting six days or more in all districts. USA # and date must be provided in order to have a permit issued. Permit valid 90 days. If the work is to be performed on a designated “Creekside Property” the work will require a “Creek Protection Permit”. If the property is not currently flagged in Accela as a “Creekside Property” but work will be performed within 100’ of a creek channel, a “Creek Determination” should be conducted to determine if the work is subject to the Creek Protection Ordinance.  Call PWA INSPECTION prior to start: 510-238-3651 or email PWA_inspections@oaklandca.gov.",,
"06/29/2026","Permit Issued","RP2600822","(RP) Plumbing - 1 & 2 Unit Residential (Building)","6700 EXETER DR, Oakland CA 94611","Replace old 50 gallon gas water heater with a new one , in basement",,
"06/29/2026","Certificate Issued","R2600800","(R) - ReRoof Certificate (Building)","3717 RANDOLPH AVE, Oakland CA 94602","Re-roofing",,
"06/29/2026","Permit Issued","SEA2600579","SolarApp+ (For roof mounted residential solar projects not exceeding 38.4kw total done with SolarApp+- contractor use)","4746 MOUNTAIN BLVD, Oakland CA 94619","7.65 KW DC (17) Panels Roof Mount PV system with (1) ESS",,
"06/29/2026","Permit Issued","RE2601578","(RE) - Electrical - 1 & 2 Unit Residential (Building)","6828 PINEHAVEN RD, Oakland CA 94611","upgrade 100 to 200 service only",,
"06/29/2026","Permit Issued","CGS2601549","DOT - Curb Gutter Sidewalk Provisional Certificate","5208 MILES AVE, Oakland CA",,,
"06/29/2026","Permit Issued","CGS2601545","DOT - Curb Gutter Sidewalk Provisional Certificate","3758 PATTERSON AVE, Oakland CA 94619",,,
"06/29/2026","Permit Issued","CGS2601560","DOT - Curb Gutter Sidewalk Exemption Certificate","6203 WESTWOOD WY, Oakland CA 94611",,,
"06/29/2026","Intake-On Hold","RBC2601849","(RBC) - Building Residential Combo Alteration- 1 & 2 Unit Residential (Building)","959 46TH ST, Oakland CA 94608","Repair damaged ceiling in kitchen and living roomReplace existing windows in living room, dining room and bedroomRewire up to current code electrical in existing living room, dining room and bedroom",,
"06/29/2026","Permit Issued","RE2601586","(RE) - Electrical - 1 & 2 Unit Residential (Building)","5005 GOLDEN GATE AVE, Oakland CA 94618","Panel upgrade: 100Amp to 200Amp, no additional load",,
"06/29/2026","Pending-Document Uploaded","R2600803","(R) - ReRoof Certificate (Building)","11132 ACALANES DR, Oakland CA 94603","Reroof Tear off 22 squares comp shingles Like for LikeColor: Mountainside CRC#0890-0016Achanging synthetic underlayment as needed.",,
"06/29/2026","Intake - On Hold","SL2601228","(SL) - Sewer Lateral (OPW)","781 ALVARADO RD, Oakland CA 94705","Replace sewer lateral from building to city main in backyard.",,
"06/29/2026","Void","BW26001977","(BW) - Building Worksheet (Building)","537 37TH ST, Oakland CA 94609","Conversion of 820 sq ft basement area into 2-unit dwelling",,
"06/29/2026","Certificate Issued","R2600805","(R) - ReRoof Certificate (Building)","841 E 18TH ST, Oakland CA 94606","Reroof 2300 sqft. install new shingles",,
"06/29/2026","Permit Issued","SEA2600578","SolarApp+ (For roof mounted residential solar projects not exceeding 38.4kw total done with SolarApp+- contractor use)","5319 DOVER ST, Oakland CA 94609","Install 4.84 (DC) / 4.45 (AC) KW PV solar panels (11 modules) on the roof and 10 kWh Energy Storage System.",,
"06/29/2026","Inspections - In Progress","SL2601230","(SL) - Sewer Lateral (OPW)","9624 E ST, Oakland CA 94603","Repair/replace building sewer ON PROPERTY ONLY. SL & X required beyond PL. Overflow device may be needed. If working within 15' feet of a monument you must comply with State Law 8771, contact the Inspector prior to starting excavation: minimum $5,800.00 fine for non-compliance. USA and date must be provided in order to have a permit issued. Permit valid for 180 days. If the work is to be performed on a designated “Creekside Property” the work will require a “Creek Protection Permit”. If the property is not currently flagged in Accela as a “Creekside Property” but work will be performed within 100’ of a creek channel, a “Creek Determination” should be conducted to determine if the work is subject to the Creek Protection Ordinance. Permit valid 180 days. PRIOR TO START, please schedule your inspection via the contractor's mobile app: https://citygovapp.com/app/opwirprod.htm USA# 2026062901288-000 6/29/2026",,
"06/29/2026","Permit Issued","CGS2601561","DOT - Curb Gutter Sidewalk Standard Compliance Certificate","5115 LAWTON AVE, Oakland CA 94618",,,
"06/29/2026","Permit Issued","CGS2601548","DOT - Curb Gutter Sidewalk Standard Compliance Certificate","4086 LAGUNA AVE, Oakland CA 94602",,,
"06/29/2026","Permit Issued","RE2601577","(RE) - Electrical - 1 & 2 Unit Residential (Building)","6145 CASTLE DR, Oakland CA 94611","add breaker to heat pump",,
"06/29/2026","Complete","BW26001978","(BW) - Building Worksheet (Building)","844 58TH ST, Oakland CA 94608","VOLUNTARY AXIAL SUPPORT OF THE EXISTING CONTINUOUS CONCRETE FOUNDATION FORTHE EXISTING SINGLE DWELLING UNIT IN THE LOT BY PROVIDING (06) PUSH PIERS.",,
"06/29/2026",,"26TMP-031101","(BW) - Building Worksheet (Building)","2052 MOUNTAIN BLVD","We would like to renew our previously approved permit #B2003252.",,
"06/29/2026","Permit Issued","CGS2601564","DOT - Curb Gutter Sidewalk Standard Compliance Certificate","6080 OCEAN VIEW DR, Oakland CA 94618",,,
"06/29/2026","Permit Issued","CGS2601562","DOT - Curb Gutter Sidewalk Provisional Certificate","55 8TH ST, Oakland CA 94607",,,
"06/29/2026","Permit Issued","SEA2600580","SolarApp+ (For roof mounted residential solar projects not exceeding 38.4kw total done with SolarApp+- contractor use)","5232 PROCTOR AVE, Oakland CA 94618","Rooftop Mounted Solar Energy SystemPV+ST19 REC460AA Pure-RX-DC solar modules19 IQ8X-80-M-DOM-US {240V} microinverters2 IQBATTERY-10C-1P-NA ESSNew Busbar count - 1System Size: 8.74 kW DC (7.2 kW AC)",,
"06/29/2026","In Progress","TR-ND26-00071","(ND) - Non-Developmental Tree Permit (OPW)","4368 LINCOLN AVE, Oakland CA 94602","These two coast live oak trees are leaning toward the neighboring residence, and both the property owner and the adjacent neighbor have expressed concerns regarding the potential for tree failure and impact to the property.",,
"06/29/2026","Assigned","BW26001975","(BW) - Building Worksheet (Building)","1543 HAVENSCOURT BLVD, Oakland CA 94621","Replace one window, Close the interior door to the garage permanently, add a new full bathroom in the 2nd floor unit 2 bedroom 1, move the toilet in bedroom 3 unit 1 to the opposite side. Cover one of the stairs to become a hallway. Replace cabinets and sinks in both kitchens. Maybe replace flooring as needed.",,
"06/29/2026","Permit Issued","CGS2601550","DOT - Curb Gutter Sidewalk Standard Compliance Certificate","8336 NEY AVE, Oakland CA 94605",,,
"06/29/2026","Permit Issued","P2600823","(P) - Plumbing - 3+ Residential Units or commercial (Building)","2036 MARKET ST, Oakland CA 94607","relocation of Gas Meter through PG&E request",,
"06/29/2026","Assign","RBC2601835","(RBC) - Building Residential Combo Alteration- 1 & 2 Unit Residential (Building)","3251 M L KING JR WY, Oakland CA 94609","building work  application   per determination letter det 260016 2 units detach in rear, remodel kitchen 25001351 determination",,
"06/29/2026","Permit Issued","M2600800","(M) - Mechanical - 3+ Residential Units or Commercial (Building)","3784 BROADWAY, Oakland CA 94611","Demo and removal of 4 rooftop AC including curbs and associated ductwork/grilles. Installation of one new AC rooftop unit and curb associated ductwork/grilles. Installation of 5 new electric duct heaters and one pressure control valve. Installation of new controls for new rooftop AC, electric duct heaters and pressure control valve.",,
"06/29/2026","Permit Issued","E2601581","(E) - Electrical - 3+ Residential Units or Commercial (Building)","300 LAKESIDE DR, Oakland CA 94612","Interior tenant improvement for the PGE Visitors Center. The scope includes lighting, power and fire alarm.",,
"06/29/2026","Certificate Issued","R2600804","(R) - ReRoof Certificate (Building)","1114 LINDEN ST, Oakland CA 94607","reroof--tear  off- install    15 squares    of   composition     shingle cool roof",,
"06/29/2026","Permit Issued","SEA2600576","SolarApp+ (For roof mounted residential solar projects not exceeding 38.4kw total done with SolarApp+- contractor use)","4327 ATLAS AVE, Oakland CA 94619","4.05 KW DC (9) Panels Roof Mount PV system with (1) ESS, New 200A MPU",,
"06/29/2026","Pending-Document Uploaded","IC2600006","(IC) - Insulation Certificate (Building)","9443 CHERRY ST, Oakland CA 94603","Insulate 992 s.f. exterior walls to R-21 adding R-13 blown cellulose insulation to existing R-11, patching holes, texturing, sealing and priming patches when finished.",,
"06/29/2026","Completed Cert Received","R2600801","(R) - ReRoof Certificate (Building)","3225 LORENZO AVE, Oakland CA 94619","Remove the existing comp shingles and install new composition shingles",,
"06/29/2026","Permit Issued","CGS2601563","DOT - Curb Gutter Sidewalk Provisional Certificate","758 ALCATRAZ AVE, Oakland CA 94609",,,
"06/29/2026","Permit Issued","CGS2601551","DOT - Curb Gutter Sidewalk Standard Compliance Certificate","6109 FAIRLANE DR, Oakland CA",,,
"06/29/2026","Inspections - In Progress","SL2601232","(SL) - Sewer Lateral (OPW)","866 ISABELLA ST, Oakland CA 94607","Repair/replace sewer lateral and EXCAVATE in PUBLIC RIGHT-OF-WAY. Overflow device may be needed.  If working within 25' feet of a monument you must comply with State Law 8771, contact the Inspector prior to starting excavation: minimum $5,800.00 fine for non-compliance. Comply with all terms of City of Oakland Public Works Standards, Street Excavation Rules, Revised March 2015 and City Council Ordinance No. 13300 C.M.S. Five days prior notice required for work lasting five days or less in business/commercial districts; 72 hour notice in residential districts. Ten days prior notice required for work lasting six days or more in all districts. USA # and date must be provided in order to have a permit issued. Permit valid 90 days. If the work is to be performed on a designated “Creekside Property” the work will require a “Creek Protection Permit”. If the property is not currently flagged in Accela as a “Creekside Property” but work will be performed within 100’ of a creek channel, a “Creek Determination” should be conducted to determine if the work is subject to the Creek Protection Ordinance.  Call PWA INSPECTION prior to start: 510-238-3651 or email PWA_inspections@oaklandca.gov.",,
"06/29/2026","Created","BW26001980","(BW) - Building Worksheet (Building)","3200 GUIDO ST, Oakland CA 94602","Transfer permit RBC2203552 from contractor to owner.",,
"06/29/2026","Permit Issued","RM2600799","(RM) - Mechanical - 1 & 2 Unit Residential (Building)","6145 CASTLE DR, Oakland CA 94611","fan coil, heat pump and air duct replacement",,
"06/29/2026","Created","BW26001983","(BW) - Building Worksheet (Building)","5470 FERNHOFF RD, Oakland CA 94619","Demolition scope related to permit application RBC2601814",,
"06/29/2026","Created","BW26001982","(BW) - Building Worksheet (Building)","7079 EXETER DR, Oakland CA 94611","CONSTRUCTION OF A NEW STAIRCASE EXTERIOR",,
"06/29/2026","Permit Issued","CGS2601555","DOT - Curb Gutter Sidewalk Standard Compliance Certificate","2920 76TH AVE, Oakland CA 94605",,,
"06/29/2026","Intake-On Hold","RBC2601839","(RBC) - Building Residential Combo Alteration- 1 & 2 Unit Residential (Building)","3416 ELMWOOD AVE, Oakland CA 94601","Replace (2) Retrofit Windows in Living Room. Same Size, Same Location.",,
"06/29/2026","Permit Issued","RP2600820","(RP) Plumbing - 1 & 2 Unit Residential (Building)","426 MCAULEY ST, Oakland CA 94609","40 gallon, water heater replacement. like for like",,
"06/29/2026","Permit Issued","CGS2601546","DOT - Curb Gutter Sidewalk Standard Compliance Certificate","1927 VICKSBURG AVE, Oakland CA 94601",,,
"06/29/2026","Complete","BW26001976","(BW) - Building Worksheet (Building)","2401 IVY DR, Oakland CA 94606","Existing basement conversion to two ADUs. Unit 1 will have 463 sq ft, Unit 2 will have 463 sq ft. as well.",,
"06/29/2026","Certificate Issued","R2600799","(R) - ReRoof Certificate (Building)","1849 BRANDON ST, Oakland CA 94611","Main upper roof onlyRemove old roof Install new single ply roofing membrane",,
"06/29/2026","Final","CGS2601556","DOT - Curb Gutter Sidewalk Exemption Certificate","1101 MOUNTAIN BLVD, Oakland CA 94611",,,
"06/29/2026","Permit Issued","RE2601579","(RE) - Electrical - 1 & 2 Unit Residential (Building)","3943 VALE AVE, Oakland CA 94619","Upgrade main electrical panel from 100A 240V to 200A 240V assuming at existing electrical service.",,
"06/29/2026","Permit Issued","RE2601584","(RE) - Electrical - 1 & 2 Unit Residential (Building)","4973 CORONADO AVE, Oakland CA 94618","100AMP MAIN PANEL CHANGE OUT LIKE FOR LIKE",,
"06/29/2026","Permit Issued","CGS2601553","DOT - Curb Gutter Sidewalk Standard Compliance Certificate","4282 FRUITVALE AVE, Oakland CA 94602",,,
"06/29/2026","Permit Issued","RE2601582","(RE) - Electrical - 1 & 2 Unit Residential (Building)","922 EVERETT AVE, Oakland CA 94602","Main panel upgrade. 100 AMP to 200 AMP.",,
"06/29/2026","Certificate Issued","R2600806","(R) - ReRoof Certificate (Building)","2040 5TH AVE, Oakland CA 94606","Complete re-roof no sheeting",,
"06/29/2026","Permit Issued","RE2601587","(RE) - Electrical - 1 & 2 Unit Residential (Building)","7044 SARONI DR, Oakland CA 94611","Install new 16-space, 32-circuit electrical subpanel to provide additional circuit capacity for the existing single-family residence.",,
"06/29/2026","Permit Issued","CGS2601559","DOT - Curb Gutter Sidewalk Standard Compliance Certificate","1018 E 23RD ST, Oakland CA 94606",,,
"06/29/2026","Permit Issued","SL2601226","(SL) - Sewer Lateral (OPW)","283 4TH ST, Oakland CA 94607","Replace the sewer lateral from the building to the city main in the street.Replace 282 ft² of sidewalk for sidewalk compliance",,
"06/29/2026","Permit Issued","RE2601588","(RE) - Electrical - 1 & 2 Unit Residential (Building)","422 44TH ST, Oakland CA 94609","Panel upgrade: 100Amp to 200Amp, no additional load",,
"06/29/2026","On Hold","E2601611","(E) - Electrical - 3+ Residential Units or Commercial (Building)","10501 ACALANES DR, Oakland CA 94603","Installing new service from adjacent PG&E pole, and installing new electrical meter to serve new site lighting and irrigation controls as part of Tyrone Carney Park Renovation project.",,
"06/29/2026","Assigned","BW26001984","(BW) - Building Worksheet (Building)","867 20TH ST, Oakland CA 94607","THE PROJECT CONSISTS OF CONVERTING APPROXIMATELY 1,082 SQUARE FEET OF EXISTING BASEMENT SPACEINTO A NEW ACCESSORY DWELLING UNIT (ADU) - 804 SF. AND A 278 SF. STORAGE AREA WITH 1 BATHROOM. THESCOPE INCLUDES THE FOLLOWING FEATURES AND IMPROVEMENTS:EXCAVATION:. EXCAVATE THE FRONT YARD TO ACCOMMODATE A NEW STAIR LEADING TO THE ADU.. EXCAVATE THE REAR YARD TO ACCOMMODATE A NEW STAIR LEADING TO THE ADU.ADU LAYOUT:• 3 BEDROOMS• 2 BATHROOMS• 1 KITCHEN• 1 LIVING ROOM• 1 STORAGEMECHANICAL SYSTEMS:• INSTALLATION OF A MINI-SPLIT AIR CONDITIONING AND HEAT PUMP SYSTEM, RELOCATE THE EXISTINGFURNACE TO THE BACK OF THE BUILDING• INSTALLATION OF A HEAT PUMP TANKLESS WATER HEATERAt existing duplex lower-level basement into a new unit of 8004sf ADU with 3 bedrooms, 2 bathrooms, new living room, new kitchen and a storage of 278sf. To include all related MEP's. Includes (N) tankless water heater, (N) mini split heat pump, main panel upgrade from 100 AMP to 400 AMP. (E) window to be replaced with (N) door. Proposed address to be 871 20th St.",,
"06/29/2026","Permit Issued","RE2601585","(RE) - Electrical - 1 & 2 Unit Residential (Building)","546 NORTH ST, Oakland CA 94609","Complete safety rewire of existing single-family residence using fishing methods where feasible, including replacement of branch circuit wiring, receptacles, switches, lighting outlets, and one 240V receptacle. Reconnect circuits and bring the electrical system into compliance with current California Electrical Code.",,
"06/29/2026","On Hold - Field Check Pending","RBC2601848","(RBC) - Building Residential Combo Alteration- 1 & 2 Unit Residential (Building)","1244 97TH AVE, Oakland CA 94603","At single family dwelling; Legalized rear addition for Bedroom 165SF to comply with Case CE2500809, DRX251220",,
"06/29/2026","Plan Routing - Completed","B2601847","(B) - Building Alteration - 3+ Residential Units or Commercial (Building)","2100 LIVINGSTON ST, Oakland CA 94606","Installation of new storage rack for SF Soup Company.",,
"06/29/2026","Minor Engineer of Day Review","RBC2601846","(RBC) - Building Residential Combo Alteration- 1 & 2 Unit Residential (Building)","8409 GOLF LINKS RD, Oakland CA 94605","At SFD: VOLUNTARY AXIAL SUPPORT OF THE EXISTING CONTINUOUS CONCRETE FOUNDATION FORTHE EXISTING SINGLE DWELLING UNIT IN THE LOT BY PROVIDING (18) PUSH PIERS on downslope hillside.",,
"06/29/2026","Permit Issued","RE2601583","(RE) - Electrical - 1 & 2 Unit Residential (Building)","4021 FAIRWAY AVE, Oakland CA 94605","Rewire home using the fishing method",,
"06/29/2026","On Hold","RBC2601845","(RBC) - Building Residential Combo Alteration- 1 & 2 Unit Residential (Building)","10720 BEVERLY AVE, Oakland CA 94603","Replacing 6 existing windows using retro fit/block frame insert installation. Like for like replacements, no changes to the openings. Existing windows are vinyl going to fiberglass.DRX260820.",,
"06/29/2026","Permit Issued","CGS2601558","DOT - Curb Gutter Sidewalk Provisional Certificate","1068 66TH ST, Oakland CA 94608",,,
"06/29/2026","Permit Issued","LBP2600116","(LBP) - Lead Based Paint (Building)","3608 HARBOR VIEW AVE, Oakland CA 94619","Prepare and paint entire exterior of 1325 sqft house plus unattached garage.",,
"06/29/2026","Intake - On Hold","PZ2600066","Private Infrastructure (P-Job)","5725 THORNHILL DR, Oakland CA 94611","Underground Storage Tank Replacement with new Fuel Dispensers and Vent Stacks. Remove 3 existing underground tanks",,
"06/29/2026","Payment Received","RBC2601842","(RBC) - Building Residential Combo Alteration- 1 & 2 Unit Residential (Building)","6025 LA SALLE AVE, Oakland CA 94611","Interior remodel consisting of kitchen remodel with new window and sliding door, 2 chimney removals, master bathroom remodel, laundry room remodel, convert living room into bedroom with new window and office at SFD. MEP included.",,
"06/29/2026","Permit Issued","CGS2601557","DOT - Curb Gutter Sidewalk Provisional Certificate","1238 12TH ST, Oakland CA 94607",,,
"06/29/2026","Intake - Completed","OB2600787","Obstruction","10 10TH ST, Oakland CA 94607","Batch Obstruction Permit: Henry J Kaiser Center - Reserve 3 (75') parking space(s) in front of parcel for dumpster, construction vehicle, moving van or storage pod. Post No-parking signs 72 hours in advance. No impact on traffic lane or sidewalk allowed, except as noted on TCP/X permit. NO-PARKING SIGNS SHALL PICKED UP BY APPLICANT AFTER PAYMENT TO ENFORCE PERMIT REQUIREMENT. To have illegally parked vehicle ticketed: Call 510-777-3333. Applicant arranges towing. Comply with terms set forth in CVC Section 22651 (m). For towed vehicle: Call 510-238-3021.The permit will be valid for six months, effective from the date of issuance, and will allow obstruction of up to three (3) parking spaces, subject to the following conditions:The AC Transit bus stop shall not be obstructed.The ADA parking space shall not be obstructed.No portion of the bicycle lane shall be obstructed.Please note that Kaiser Center will be subject to ticketing and fines if any of the above facilities are obstructed, and repeated violations may result in rescission of the obstruction permit.OakDOT will provide a PDF version of the “No Parking” sign for printing and laminating. The City recommends that the permittee purchase three construction barricades (Type 1 or Type 2), with a “No Parking” sign affixed to each barricade. The barricades should be placed at the curbside as needed.",,
"06/29/2026","Final","RP2600821","(RP) Plumbing - 1 & 2 Unit Residential (Building)","3811 MADRONE AVE, Oakland CA 94619","relocate existing water heater and bring it up to code",,
"06/29/2026","Intake - Completed","X2600558","DOT - Excavation (X)","4265 FOOTHILL BLVD, Oakland CA 94601","PG&E PM 35643549-PG&E to install new joint pole (35' & 106' from existing poles), OH disconnect, riser, and UG primary. Applicant to trench and restore.  Ensure that environmental controls are in place to prevent dust/debris/wastewater from contaminating environment. If working within 15 feet of a monument you must comply with State Law 8771, contact the Inspector prior to starting excavation: minimum $5,800.00 fine for non-compliance. Comply with all terms of City of Oakland Public Works Standards, Street Excavation Rules, Revised August 2021 and City Council Ordinance No. 13300 C.M.S. Five days’ prior notice required for work lasting five days or less in business/commercial districts: 72-hours’ notice in residential districts. Ten days prior notice required for work lasting six days or more in all districts. SCHEDULE INSPECTION at least 48 hours in advance at: http://oaklanddot.com/projects/search.html """,,
"06/29/2026","Payment Received","RBC2601841","(RBC) - Building Residential Combo Alteration- 1 & 2 Unit Residential (Building)","534 MIRA VISTA AVE, Oakland CA 94610","Install additional foundation bolts; 5/8"" all-thread drilled and epoxied.  Non engineered. Remove all accessible galvanized water lines and replace with copper. Install new water heater. Replace laundry hook-ups.",,
"06/29/2026","Intake-On Hold","RBC2601840","(RBC) - Building Residential Combo Alteration- 1 & 2 Unit Residential (Building)","4623 DAVENPORT AVE, Oakland CA 94619","At existing single-family dwelling: Kitchen remodel and 2-bathroom remodels with partition walls removed, relocate toilettes and vanities. Relocate washer and dryer hookups from hallway closet into adjacent (E) utility room. Related MEP's included. No exterior work.",,
"06/29/2026","Permit Issued","CGS2601552","DOT - Curb Gutter Sidewalk Exemption Certificate","1451 13TH ST, Oakland CA 94607",,,
"06/29/2026","Permit Issued","RE2601580","(RE) - Electrical - 1 & 2 Unit Residential (Building)","7807 PLYMOUTH ST, Oakland CA 94621","restore power",,
"06/29/2026","Intake - Completed","PZ2600065","Private Infrastructure (P-Job)","285 12TH ST, Oakland CA 94606","On-site infrastructure improvements related to construction of 5-story, 65-unit affordable housing building.",,
"06/29/2026","Permit Issued","OB2600786","Obstruction","3900 HARRISON ST, Oakland CA 94611","Reserve 2 (50') NON-METERED parking space(s) in front of parcel only for dumpster, construction vehicle, moving van or storage pod. Post No-parking signs 72 hours prior in residential areas. No impact on traffic lane or sidewalk allowed, except as noted on TCP/X permit. NO-PARKING SIGNS SHALL PICKED UP BY APPLICANT AFTER PAYMENT TO ENFORCE PERMIT REQUIREMENT. To have illegally parked vehicle ticketed: Call 510-777-3333. Applicant arranges towing. Comply with terms set forth in CVC Section 22651 (m). For towed vehicle: Call 510-238-3021.",,
"06/29/2026","Intake - On Hold","GR2600067","Grading (Private)","7042 WESTMOORLAND DR, Oakland CA 94705 United States","Grading private related to permit RBC2504064, New 5200 sqft 3-story SFD with 540 sqft attached 2 car garage consisting of 4 bedrooms/4.5 bathrooms on vacant lot. MEP included. Proposed address is 7042 WESTMOORLAND DR. PLN24162.",,
"06/29/2026","Permit Issued","OB2600785","Obstruction","1501 TRESTLE GLEN RD, Oakland CA 94610","Reserve 1 (25') NON-METERED parking space(s) in front of parcel only for dumpster, construction vehicle, moving van or storage pod. Post No-parking signs 72 hours prior in residential areas. No impact on traffic lane or sidewalk allowed, except as noted on TCP/X permit. NO-PARKING SIGNS SHALL PICKED UP BY APPLICANT AFTER PAYMENT TO ENFORCE PERMIT REQUIREMENT. To Have Illegally Parked Vehicle Ticketed Call 510-777-3333. Applicant arranges towing. Comply with terms set forth in CVC Section 22651 (m). For Towed Vehicle: Call 510-777-3333. FOR MOVING POD",,
"06/29/2026","Intake - On Hold","B2601838","(B) - Building Alteration - 3+ Residential Units or Commercial (Building)","141 MONTECITO AVE, Oakland CA 94610","Repairs due to dry rot from stucco cracks. Effecting windows. repair stucco to match",,
"06/29/2026","Intake - On Hold","B2601837","(B) - Building Alteration - 3+ Residential Units or Commercial (Building)","362 HUDSON ST, Oakland CA 94618","At existing MFD, to replace rear deck and stairs to comply with SB721 and E3M. No other exterior work. DRX260846, 26EM00441.",,
"06/29/2026","On Hold","RBC2601836","(RBC) - Building Residential Combo Alteration- 1 & 2 Unit Residential (Building)","1707 78TH AVE, Oakland CA 94621","At Single Family Dwelling: Remodel kitchen and bathroom in kind.  Rewire property, add new sub panel. Retrofit 12 windows. No changes to wall layout. Includes all electrical, mechanical, and plumbing work. DRX260826.",,
"06/29/2026","Permit Issued","P2600819","(P) - Plumbing - 3+ Residential Units or commercial (Building)","785 52ND ST, Oakland CA 94609","Partial abate CE2602009, legalized install from previous owner of DWV and (4) gas tankless water heaters at MFD",,
"06/29/2026","On Hold","RBC2601834","(RBC) - Building Residential Combo Alteration- 1 & 2 Unit Residential (Building)","6476 VALLEY VIEW RD, Oakland CA 94611","At existing SFD, repair termite damage as per report #GTD260317 items 8a,9c, and 11 e only. With like kind no changes. No MEPs. DRX260786.",,
"06/29/2026","Permit Issued","OB2600784","Obstruction","675 8TH ST, Oakland CA 94607","Reserve 2 (50') NON-METERED parking space(s) in front of parcel only for dumpster, construction vehicle, moving van or storage pod. Post No-parking signs 72 hours prior in residential areas. No impact on traffic lane or sidewalk allowed, except as noted on TCP/X permit. NO-PARKING SIGNS SHALL PICKED UP BY APPLICANT AFTER PAYMENT TO ENFORCE PERMIT REQUIREMENT. To have illegally parked vehicle ticketed: Call 510-777-3333. Applicant arranges towing. Comply with terms set forth in CVC Section 22651 (m). For towed vehicle: Call 510-238-3021.07/01/2026: REVISED TO 07/03/2026 (2 SPACES)",,
"06/29/2026","Permit Issued","OB2600783","Obstruction","3528 BOSTON AVE, Oakland CA 94602","Reserve 2 (50') NON-METERED parking space(s) in front of parcel only for dumpster, construction vehicle, moving van or storage pod. Post No-parking signs 72 hours prior in residential areas. No impact on traffic lane or sidewalk allowed, except as noted on TCP/X permit. NO-PARKING SIGNS SHALL PICKED UP BY APPLICANT AFTER PAYMENT TO ENFORCE PERMIT REQUIREMENT. To have illegally parked vehicle ticketed: Call 510-777-3333. Applicant arranges towing. Comply with terms set forth in CVC Section 22651 (m). For towed vehicle: Call 510-238-3021.",,
"06/29/2026","Plan Routing - Completed","B2601833","(B) - Building Alteration - 3+ Residential Units or Commercial (Building)","3524 ALLENDALE AVE, OAKLAND CA 94619 United States","At existing MFD, replace stairs and repair balcony and guardrails to comply with SB721 and E3M. No other exterior work, no MEPs. DRX260866 and 26E3M00377.",,
"06/29/2026","Permit Issued","LBP2600115","(LBP) - Lead Based Paint (Building)","1125 PORTAL AVE, Oakland CA 94610","Repaint of Exterior single family home",,
"06/29/2026","Plan Routing - Completed","B2601832","(B) - Building Alteration - 3+ Residential Units or Commercial (Building)","2837 76TH AVE, Oakland CA 94605","At existing MFD, replace stairs and repair guardrails at exterior to comply with SB721 and E3M. No MEPs, and no other exterior work. DRX260865 and 26E3M00376.",,
"06/29/2026","Permit Issued","OB2600782","Obstruction","452 38TH ST, Oakland CA 94609","Reserve 2 (50') NON-METERED parking space(s) in front of parcel only for dumpster, construction vehicle, moving van or storage pod. Post No-parking signs 72 hours prior in residential areas. No impact on traffic lane or sidewalk allowed, except as noted on TCP/X permit. NO-PARKING SIGNS SHALL PICKED UP BY APPLICANT AFTER PAYMENT TO ENFORCE PERMIT REQUIREMENT. To have illegally parked vehicle ticketed: Call 510-777-3333. Applicant arranges towing. Comply with terms set forth in CVC Section 22651 (m). For towed vehicle: Call 510-238-3021.",,
"06/29/2026","On Hold - Field Check Pending","B2601831","(B) - Building Alteration - 3+ Residential Units or Commercial (Building)","5848 FOOTHILL BLVD, Oakland CA 94605","TI - At existing vacant commercial space, build new ADA restroom. Separate trade permits required. No exterior work. To partially abate CE# 2306483",,
"06/29/2026","On Hold","RBC2601830","(RBC) - Building Residential Combo Alteration- 1 & 2 Unit Residential (Building)","4759 DAVENPORT AVE, Oakland CA 94619","At existing single-family dwelling to replace 10 retrofit windows & 1 patio door. 5-BED, 1-BATH, 1-DIN RM, 2-KITCH, 1-BASEMENT. No change to header size or layout. No related MEP's. ZW2601512",,
"06/29/2026","Final","RE2601576","(RE) - Electrical - 1 & 2 Unit Residential (Building)","221 29TH ST, Oakland CA 94611","Install EV charger",,
"06/29/2026","Intake - Completed","X2600557","DOT - Excavation (X)","4432 MOUNTAIN BLVD, OAKLAND United States","Cablecom PM:JB2567677 - CSMB. This project proposes to slack span approx. 63ft and trench approx. 30ft between 2 existing utility poles and new CATV vault. Install 1 new CATV vault, (2)2"" conduit and a Comcast cable. Restore the affected areas.  Trenching 30' x 3'.  Ensure that environmental controls are in place to prevent dust/debris/wastewater from contaminating environment. If working within 15 feet of a monument you must comply with State Law 8771, contact the Inspector prior to starting excavation: minimum $5,800.00 fine for non-compliance. Comply with all terms of City of Oakland Public Works Standards, Street Excavation Rules, Revised August 2021 and City Council Ordinance No. 13300 C.M.S. Five days’ prior notice required for work lasting five days or less in business/commercial districts: 72-hours’ notice in residential districts. Ten days prior notice required for work lasting six days or more in all districts. SCHEDULE INSPECTION at least 48 hours in advance at: http://oaklanddot.com/projects/search.html """,,
"06/28/2026","Complete","BW26001973","(BW) - Building Worksheet (Building)","6126 MONADNOCK WY, Oakland CA 94605","Remodeling kitchen and bathroom, same layout. Update electrical throughout house. Replace 12 windows.",,
"06/28/2026","Pending - Incomplete","BW26001972","(BW) - Building Worksheet (Building)","3838 BUELL ST, Oakland CA 94619","ABATE A CODE ENFORCEMENT CASE [NO. 2601176]; TO LEGALIZE THE ONE-STORY SINGLE-FAMILY HOUSE'S REAR ADDITION AND INTERIOR RENOVATION AS FOLLOWS:1. EXPAND THE HOUSE'S LIVING SPACE TO THE REAR. THE PROPOSED NEW FLOOR AREA = 136 SQ. FT.2. DEMOLISH THE OLD REAR DECK AND CONSTRUCT NEW WOODEN DECK W/ STAIRS IN THE BACK OF THE REAR ADDITION.3. CONVERT THE EXPANDED DINING ROOM AREA INTO A NEW BEDROOM (#3) WITH A CLOSET.4. ADD A NEW FULL BATHROOM IN THE EXPANDED BEDROOM (#2) AND BUILD A NEW CLOSET.5. REMOVE THE BRICK CHIMNEY FROM THE LIVING ROOM AND INSTALL A NEW SLIDING WINDOW AT THE OPENING.6. RECONFIGURE KITCHEN LAYOUT, REPLACE KITCHEN CABINETS COUNTERTOPS, AND ALL APPLIANCES WITH NEW.7. INSTALL A NEW NATURAL GAS FURNACE AT THE ATTIC SPACE PER TITLE 24 ENERGY COMPLIANCE.8. THE WHOLE HOUSE RENOVATION AND ADDITION INCLUDE NEW LIGHTING, ELECTRICAL OUTLETS, SWITCHES, VENTILATION FANS, HVAC SYSTEM (MECHANICAL), AND PLUMBING WORK.9. SPECIAL INSPECTION ON EPOXY HOLDDOWN ANCHOR.10. UPGRADE ELECTRICAL SERVICE MAIN PANEL TO 200 AMPS.",,
"06/28/2026",,"26TMP-030938","(B) - Building Alteration - 3+ Residential Units or Commercial (Building)","1515 MARKET ST, Oakland CA 94607","At multi-family dwelling, in units 306, 319 and 219: Installation of new sheetrock small areas of Kitchen and bathroom - Remove and reinstall cabinets with sink set.. Bathroom work - Install toilet and new vanity and sink set No change to wall layout. Paint unit No electrical alteration Install new LVT click waterproof flooring through unit Plumbing permit to be pulled separately",,
"06/28/2026","Permit Issued","RE2601575","(RE) - Electrical - 1 & 2 Unit Residential (Building)","1066 ARDMORE AVE, Oakland CA 94610","Upgrade main panel from 125 amp to 200 amp; add car charger",,
"06/28/2026","Pending - Incomplete","BW26001974","(BW) - Building Worksheet (Building)","1920 E 12TH ST, Oakland CA 94606","We are starting a vertically integrated cannabis manufacturing facility to cultivate, process and sell through delivery.",,
"06/28/2026","Certificate Issued","R2600798","(R) - ReRoof Certificate (Building)","2049 18TH AVE, Oakland CA 94606","Tear off existing shingle roof surface. Apply #30 lbs underlayment and composition shingle.",,
"06/28/2026","Intake-On Hold","RBC2601829","(RBC) - Building Residential Combo Alteration- 1 & 2 Unit Residential (Building)","7200 FAVOR ST, Oakland CA 94621","CONVERT EXISTING GARAGE TO ADU",,
"06/28/2026",,"26TMP-030952","(RM) - Mechanical - 1 & 2 Unit Residential (Building)","4428 HARBORD DR, Oakland CA 94618","Install new heat pump, replace furnace with air handler in same location",,
"06/28/2026","On Hold","B2601828","(B) - Building Alteration - 3+ Residential Units or Commercial (Building)","1515 MARKET ST, Oakland CA 94607","At multi-family dwelling: For Units 904, 117, 916 and 409: Installation of new sheetrock small areas of Kitchen and bathroom - Remove and reinstall cabinets with sink set. Bathroom work - Install toilet and new vanity and sink set No change to windows or wall layout. Paint unit No electrical alteration Install new LVT click waterproof flooring through unit Plumbing permit to be pulled separately",,
"06/28/2026","Final","RE2601574","(RE) - Electrical - 1 & 2 Unit Residential (Building)","3055 KANSAS ST, Oakland CA 94602","REWIRE THE HOUSE BUT THE KITCHENINSTALL TWO SUBPANELS REWIRE THE GARAGE",,
"06/27/2026","Pending - Incomplete","BW26001971","(BW) - Building Worksheet (Building)","1008 39TH ST, Oakland CA 94608","Perform localized repairs to missing exterior wood siding and trim to restore the integrity of the building envelope. All repairs shall be completed on a like-for-like basis using materials that match the existing siding profile, dimensions, and appearance. We will seal all all exposed areas then prime and paint.",,
"06/27/2026","Permit Issued","E2601572","(E) - Electrical - 3+ Residential Units or Commercial (Building)","938 61ST ST, Oakland CA 94608","Adding new circuit for work bench areas",,
"06/27/2026","Permit Issued","CGS2601544","DOT - Curb Gutter Sidewalk Provisional Certificate","1008 39TH ST, Oakland CA 94608",,,
"06/27/2026","Void","RBC2601827","(RBC) New Construction - Single Family, Duplex or Accessory Structures","4445 ARCADIA AVE, OAKLAND CA 94605 United States","NEW HOME CONSTRUCTION",,
"06/27/2026","Permit Issued","CGS2601543","DOT - Curb Gutter Sidewalk Exemption Certificate","6001 HARBORD DR, Oakland CA 94611",,,
"06/27/2026","Certificate Issued","R2600797","(R) - ReRoof Certificate (Building)","3566 64TH AVE, Oakland CA 94605","flat torch reroof",,
"06/27/2026",,"26TMP-030907","(ND) - Non-Developmental Tree Permit (OPW)","6216 HARWOOD AVE, Oakland CA 94618","We would like to remove a diseased plum tree in front of our home. It has been inspected by an arborist and is damaging sidewalk and the bark and limbs show signs of disease.",,
"06/27/2026",,"26TMP-030900","DOT - Curb Gutter Sidewalk Provisional Certificate","5208 MILES AVE, Oakland CA 94618",,,
"06/27/2026",,"26TMP-030897","(BW) - Building Worksheet (Building)","6943 BUCKINGHAM BLVD, Oakland CA 94705","test",,
"06/27/2026","Permit Issued","CGS2601542","DOT - Curb Gutter Sidewalk Exemption Certificate","9729 ELMVIEW DR, Oakland CA 94603",,,
"06/27/2026","Permit Issued","RE2601573","(RE) - Electrical - 1 & 2 Unit Residential (Building)","2234 E 22ND ST, Oakland CA 94606","Installation of electrical provisions for a Level 2 EV Charger/Tesla Wall Connector, including a dedicated circuit, wiring, and required overcurrent protection paired with a power management system (Tesla Dynamic Power Management) to prevent service overload and the need for a main service panel upgrade.",,
"06/27/2026","Permit Issued","RP2600817","(RP) Plumbing - 1 & 2 Unit Residential (Building)","4132 OAKMORE RD, Oakland CA 94602","Installation of a sump pump",,
"06/27/2026","Final","RE2601571","(RE) - Electrical - 1 & 2 Unit Residential (Building)","5315 SHAFTER AVE, Oakland CA 94618","Underground conduit and feeder relocation to an existing ADU 60A",,
"06/26/2026","Scheduled Appointment","BW26001967","(BW) - Building Worksheet (Building)","7750 EDGEWATER DR, Oakland CA 94621","Revision to Project, M2400830",,
"06/26/2026",,"26TMP-030844","DOT - Curb Gutter Sidewalk Standard Compliance Certificate","6109 FAIRLANE DR, Oakland CA",,,
"06/26/2026","Permit Issued","RE2601568","(RE) - Electrical - 1 & 2 Unit Residential (Building)","4495 MOUNTAIN VIEW AVE, Oakland CA 94605","Heat Pump Install (existing furnace) 4 ton 48k btu 19 seer2",,
"06/26/2026","Assigned","BW26001964","(BW) - Building Worksheet (Building)","119 10 ST, Oakland CA 94607 United States","Alteration of concrete exterior wall for new 6'-6"" doorway rough opening.  New jamb steel at opening.  New metal double door with mechanical closure mechanism.",,
"06/26/2026","Inspections - In Progress","SL2601223","(SL) - Sewer Lateral (OPW)","3735 NEVIL ST, Oakland CA 94601","Replacing Sewer Lateral, city main runs through backyard.",,
"06/26/2026","Certificate Issued","R2600795","(R) - ReRoof Certificate (Building)","1068 66TH ST, Oakland CA 94608","Replacement of roofing shingles and associated flashing.",,
"06/26/2026","Permit Issued","RM2600795","(RM) - Mechanical - 1 & 2 Unit Residential (Building)","69 ROBLE RD, Oakland CA 94618","Install heat pump, replace furnace with air handler in same location",,
"06/26/2026",,"26TMP-030740","(RE) - Electrical - 1 & 2 Unit Residential (Building)","7535 OUTLOOK AVE, Oakland CA 94605","Meter upgrade to 100AmpReplace two front window 1, 48inch x 48inch 2, 48inch x 60inch for new construction install",,
"06/26/2026","Incomplete Submittal","S2600056","(S) Sign Permit- New and Alterations","51 9TH ST, Oakland CA 94607","One single exterior building name sign on the south elevation.  The material of the street numbers will be adhesive vinyl.",,
"06/26/2026","Permit Issued","RM2600798","(RM) - Mechanical - 1 & 2 Unit Residential (Building)","5821 COLBY ST, Oakland CA 94618","Heat Pump System Install 2 ton 28k btu 19 seer2",,
"06/26/2026","Permit Issued","SL2601224","(SL) - Sewer Lateral (OPW)","3021 ROXBURY AVE, Oakland CA 94605","Replace the existing vitrified clay (VCP) sewer lateral with new 4-inch HDPE pipe from the sidewalk clean-out to the property's sewer connection at the structure.",,
"06/26/2026","Permit Issued","CGS2601541","DOT - Curb Gutter Sidewalk Provisional Certificate","2920 76TH AVE, Oakland CA 94605",,,
"06/26/2026","Permit Issued","RP2600816","(RP) Plumbing - 1 & 2 Unit Residential (Building)","13625 CAMPUS DR, OAKLAND CA 94605","Replacement of existing natural gas pipe with gas-PEX pipe between exterior of house bbq grill; approximately 25 feet run.",,
"06/26/2026","Permit Issued","SEA2600574","SolarApp+ (For roof mounted residential solar projects not exceeding 38.4kw total done with SolarApp+- contractor use)","456 61ST ST, Oakland CA 94609","Installation of Rooftop Mounted Solar Energy System PV+STSystem Size: 9.46 kW DC (7.68 kW AC)(22) Q.TRON BLK M-G2.C+ 430 solar modules(22) Q.MI.349B-G1 {240V} inverters(1) 1707000-XX-Y {11.5kW} ESSNew Busbar count - 2",,
"06/26/2026","Certificate Issued","R2600796","(R) - ReRoof Certificate (Building)","3915 BROWN AVE, Oakland CA 94619","Remove 1600 square feet existing tar and gravel roofInstall 1600 square feet asphalt shingle GAF (charcoal)",,
"06/26/2026","Void","S2600057","(S) Sign Permit- New and Alterations","5460 CARLTON ST, Oakland CA 94618","Kitchen Remodel 176 sq. ft., Bath Remodel 69 sq. ft.",,
"06/26/2026","Intake - On Hold","SL2601222","(SL) - Sewer Lateral (OPW)","4432 HARBOR VIEW AVE, Oakland CA 94619","Replace existing 4"" sewer with a new 4"" 4SDR17 HDPE pipe approx. 80ft from right side of house connection all the way to City main by trenchless pipe burst.",,
"06/26/2026","Pending - Incomplete","BW26001969","(BW) - Building Worksheet (Building)","4000 RETTIG AVE, Oakland CA 94602","Revision to Project to permit number RBC2501862",,
"06/26/2026","Assigned","BW26001966","(BW) - Building Worksheet (Building)","8020 PHAETON DR, Oakland CA 94605","Permit transfer request",,
"06/26/2026","Assigned","BW26001965","(BW) - Building Worksheet (Building)","125 10 ST, Oakland CA 94607 United States","New 6'-6"" rough opening in exterior brick masonry wall.  New jamb steel. New steel double doors with mechanical closure mechanism.",,
"06/26/2026","Permit Issued","SEA2600573","SolarApp+ (For roof mounted residential solar projects not exceeding 38.4kw total done with SolarApp+- contractor use)","2521 25TH AVE, Oakland CA 94601","RMS: 10 MODS, 4.60 KW/DC, 1 INV, 1 TESLA PW3, 1 BG SWITCH, EXIST MSP",,
"06/26/2026","Permit Issued","RM2600797","(RM) - Mechanical - 1 & 2 Unit Residential (Building)","4495 MOUNTAIN VIEW AVE, Oakland CA 94605","Heat Pump Install ( Existing Furnace) 4 ton 48k btu 19 seer2",,
"06/26/2026","Assigned","BW26001968","(BW) - Building Worksheet (Building)","4130 LYMAN RD, Oakland CA 94602","Basement conversion into one bedroom, one full bath, family room, and a remodeled laundry room. Work to include new windows and partial foundation replacement.",,
"06/26/2026","Permit Issued","RE2601569","(RE) - Electrical - 1 & 2 Unit Residential (Building)","5821 COLBY ST, Oakland CA 94618","HEAT PUMP SYSTEM INSTALL 2 TON 28K BTU 19 SEER2",,
"06/26/2026","On Hold - Fee Due","S2600055","(S) Sign Permit- New and Alterations","4871 TELEGRAPH AVE, Oakland CA","Installation of LED illuminated individual channel letters sign to the wall for ""Yuyu Zazang"". 30 SQFT.",,
"06/26/2026","Permit Issued","RM2600796","(RM) - Mechanical - 1 & 2 Unit Residential (Building)","5773 MANILA AVE, Oakland CA 94618","Ductless minisplit replacement",,
"06/26/2026","Pending-Document Uploaded","BW26001963","(BW) - Building Worksheet (Building)","6728 EASTLAWN ST, Oakland CA 94621","Bathroom repair due to water damage with minimal drywall work and replacement of vanity cabinets like for like in kind",,
"06/26/2026","Permit Issued","SEA2600575","SolarApp+ (For roof mounted residential solar projects not exceeding 38.4kw total done with SolarApp+- contractor use)","8347 GOLF LINKS RD, Oakland CA 94605","9 KW DC (20) Panels Roof Mount PV system with (1) ESS, Trenching required",,
"06/26/2026","Pending - Incomplete","BW26001970","(BW) - Building Worksheet (Building)","2762 PARKER AVE, Oakland CA 94605","Revise approved ADU floor plan to remove the interior partition wall previously creating a separate bedroom. The ADU will now consist of one open living/sleeping area, kitchen, bathroom, and closet. This revision is being submitted in response to the inspector's correction notice and plan review comments.",,
"06/26/2026","Assigned","BW26001961","(BW) - Building Worksheet (Building)","9 TURNER CT, OAKLAND CA 94605","On Main floor level, remove fireplace and two windows, install tempered glass door system at exterior wall. Remove two existing columns on deck, re-support existing roof cover, add non-structural soffit at upper level Bath 1 as needed for concealed venting.",,
"06/26/2026",,"26TMP-030739","(RE) - Electrical - 1 & 2 Unit Residential (Building)","3248 BONA ST, Oakland CA 94601","Like-for-like electric panel replacement. Replacing a Zinsco panel with a new panel of the same amperage (100 amps).",,
"06/26/2026","Assigned","BW26001960","(BW) - Building Worksheet (Building)","2460 34TH AVE, Oakland CA 94601","Existing deck replacement like for like 4'1""x14'x4'6"", kitchen cabinet like for like remodeling (replacement), minor plumbing work, light fixtures replacement, entry door replacement, interior painting. No walls to be added or removed.",,
"06/26/2026","Inspections - In Progress","SL2601225","(SL) - Sewer Lateral (OPW)","5512 BROADWAY, Oakland CA 94618","SEWER LATERAL REPLACEMENT FROM BUILDING TO PROPERTY LINE VIA TRENCHLESS APPROXIMATELY 20.",,
"06/26/2026","Permit Issued","RP2600815","(RP) Plumbing - 1 & 2 Unit Residential (Building)","2700 75TH AVE, Oakland CA 94605","Whole house PEX water repipe & New 30gal gas water heater",,
"06/26/2026","Certificate Issued","R2600794","(R) - ReRoof Certificate (Building)","1593 TRESTLE GLEN RD, Oakland CA 94610","Removal of existing roofing materials and installation of new class-A roofing assembly.",,
"06/26/2026","Assigned","BW26001962","(BW) - Building Worksheet (Building)","820 58TH ST, Oakland CA 94608","Completion permit for RE2202242 and SE2101616.Panel upgrade and solar panels installation.  The contractors have gone out of business and I as the home owner want to get the final inspection complete so PG&E can turn on the metering.",,
"06/26/2026","Permit Issued","RE2601567","(RE) - Electrical - 1 & 2 Unit Residential (Building)","7742 SUNKIST DR, Oakland CA 94605","Install new EVSE charger",,
"06/26/2026","Permit Issued","RE2601570","(RE) - Electrical - 1 & 2 Unit Residential (Building)","5205 BELVEDERE ST, Oakland CA 94601","ADD  2  CIRCUITS 50 AMP  220 V  RUN FOR SAUNA HEATER 20 AMPS DECK OUTLETS",,
"06/26/2026","On Hold","RBC2601826","(RBC) - Building Residential Combo Alteration- 1 & 2 Unit Residential (Building)","6741 EASTLAWN ST, Oakland CA 94621","Replacing 5 existing windows using retro fit installation. Like for like replacements with no changes to the openings. Proposed replacements are marvin infinity fiberglass windows.DRX260821.",,
"06/26/2026","On Hold - Field Check Pending","RBC2601825","(RBC) - Building Residential Combo Alteration- 1 & 2 Unit Residential (Building)","3822 PATTERSON AVE, Oakland CA 94619","Replace foundation without permit.",,
"06/26/2026","Created","OB2600781","Obstruction","1200 LAKESHORE AVE, Oakland CA 94606","Reserve 14 METERED parking space(s) in front of parcel only for dumpster, construction vehicle, moving van or storage pod. No impact on traffic lane or sidewalk allowed, except as noted except as noted on TCP/X permit. NO-PARKING SIGNS SHALL PICKED UP BY APPLICANT AFTER PAYMENT TO ENFORCE PERMIT REQUIREMENT. To have illegally parked vehicle ticketed: Call 510-777-3333. Applicant arranges towing. Comply with terms set forth in CVC Section 22651 (m). For towed vehicle: Call 510-238-3021. Block 6'x10' portion of s/w with boom lift. Leave 5.5’ clear for pedestrian access, except as otherwise noted on TCP/X permit. No impact on traffic lane or parking, except as noted except as noted on TCP/X permit. Ensure that environmental controls are in place to prevent dust/debris/waste water from contaminating environment.Obstruction for: Sheedy Crane lift",,
"06/26/2026","Payment Received","OB2600780","Obstruction","416 MCAULEY ST, OAKLAND CA 94609","Reserve 1 (25') NON-METERED parking space(s) in front of parcel only for dumpster, construction vehicle, moving van or storage pod. Post No-parking signs 72 hours prior in residential areas. No impact on traffic lane or sidewalk allowed, except as noted on TCP/X permit. NO-PARKING SIGNS SHALL PICKED UP BY APPLICANT AFTER PAYMENT TO ENFORCE PERMIT REQUIREMENT. To have illegally parked vehicle ticketed: Call 510-777-3333. Applicant arranges towing. Comply with terms set forth in CVC Section 22651 (m). For towed vehicle: Call 510-238-3021.",,
"06/26/2026","Permit Issued","OB2600779","Obstruction","417 LESSER ST, Oakland CA 94601","Reserve 4 (100') NON-METERED parking space(s) in front of parcel only for dumpster, construction vehicle, moving van or storage pod. Post No-parking signs 72 hours prior in residential areas. No impact on traffic lane or sidewalk allowed, except as noted on TCP/X permit. NO-PARKING SIGNS SHALL PICKED UP BY APPLICANT AFTER PAYMENT TO ENFORCE PERMIT REQUIREMENT. To have illegally parked vehicle ticketed: Call 510-777-3333. Applicant arranges towing. Comply with terms set forth in CVC Section 22651 (m). For towed vehicle: Call 510-238-3021.",,
"06/26/2026","Intake - Completed","X2600556","DOT - Excavation (X)","2533 23RD AVE, Oakland CA","PG&E PM 35716381 & 35716380- PG&E to replace (3) joint poles, OH services, install anchors, OH transformer, secondary breakers and remove OH span guys.  Ensure that environmental controls are in place to prevent dust/debris/wastewater from contaminating environment. If working within 15 feet of a monument you must comply with State Law 8771, contact the Inspector prior to starting excavation: minimum $5,800.00 fine for non-compliance. Comply with all terms of City of Oakland Public Works Standards, Street Excavation Rules, Revised August 2021 and City Council Ordinance No. 13300 C.M.S. Five days’ prior notice required for work lasting five days or less in business/commercial districts: 72-hours’ notice in residential districts. Ten days prior notice required for work lasting six days or more in all districts. SCHEDULE INSPECTION at least 48 hours in advance at: http://oaklanddot.com/projects/search.html """,,
"06/26/2026","Intake - Completed","X2600555","DOT - Excavation (X)","933 GLENDOME CIR, Oakland CA 94602","PG&E PM 35720031-PG&E to replace (3) joint poles in same hole sets, risers, OH services, OH secondary, cutouts, install fault indicator, anchor, and remove OH head guy.  Ensure that environmental controls are in place to prevent dust/debris/wastewater from contaminating environment. If working within 15 feet of a monument you must comply with State Law 8771, contact the Inspector prior to starting excavation: minimum $5,800.00 fine for non-compliance. Comply with all terms of City of Oakland Public Works Standards, Street Excavation Rules, Revised August 2021 and City Council Ordinance No. 13300 C.M.S. Five days’ prior notice required for work lasting five days or less in business/commercial districts: 72-hours’ notice in residential districts. Ten days prior notice required for work lasting six days or more in all districts. SCHEDULE INSPECTION at least 48 hours in advance at: http://oaklanddot.com/projects/search.html """,,
"06/26/2026","Intake - Completed","X2600554","DOT - Excavation (X)","5728 MERRIEWOOD DR, Oakland CA 94611","PG&E PM: 35727093' PG&E to perform ED wood pole replacement - road closure necessary due to narrow road on Merriewood Dr. JP Auth # PG265505JQ.  Ensure that environmental controls are in place to prevent dust/debris/wastewater from contaminating environment. If working within 15 feet of a monument you must comply with State Law 8771, contact the Inspector prior to starting excavation: minimum $5,800.00 fine for non-compliance. Comply with all terms of City of Oakland Public Works Standards, Street Excavation Rules, Revised August 2021 and City Council Ordinance No. 13300 C.M.S. Five days’ prior notice required for work lasting five days or less in business/commercial districts: 72-hours’ notice in residential districts. Ten days prior notice required for work lasting six days or more in all districts. SCHEDULE INSPECTION at least 48 hours in advance at: http://oaklanddot.com/projects/search.html """,,
"06/26/2026","Intake - Completed","X2600553","DOT - Excavation (X)","6904 KRAUSE AVE, Oakland CA 94605","PG&E PM 35723839"" PGE to install service conductorPM 35723839.  Ensure that environmental controls are in place to prevent dust/debris/wastewater from contaminating environment. If working within 15 feet of a monument you must comply with State Law 8771, contact the Inspector prior to starting excavation: minimum $5,800.00 fine for non-compliance. Comply with all terms of City of Oakland Public Works Standards, Street Excavation Rules, Revised August 2021 and City Council Ordinance No. 13300 C.M.S. Five days’ prior notice required for work lasting five days or less in business/commercial districts: 72-hours’ notice in residential districts. Ten days prior notice required for work lasting six days or more in all districts. SCHEDULE INSPECTION at least 48 hours in advance at: http://oaklanddot.com/projects/search.html """,,
"06/26/2026","Permit Issued","RP2600814","(RP) Plumbing - 1 & 2 Unit Residential (Building)","970 STANFORD AVE, Oakland CA 94608","Replace the galvanized drains on the exterior of the building Replace both air vents going to the roof with cast iron pipeProperly strap the pipe to the side of the building NOTE: actual address is 972 Stanford ave. under same APN as 970 stanford ave with same owner",,
"06/26/2026","Intake - Completed","CGS2601540","DOT - Curb Gutter Sidewalk Repair","933 56TH ST, Oakland CA 94608","Sidewalk repair NOTE: ***BEFORE any work in Right of Way, please call 510-238-3860 forty-eight hours in advance. Applicant is subject to fine if work is started WITHOUT scheduling a pre-inspection*** Install new driveway per approved plans per City Standard. If working within 25' feet of a monument you must comply with State Law 8771, contact the Inspector prior to starting excavation: minimum $5,800.00 fine for non-compliance. Comply with all terms of City of Oakland Public Works Standards, Street Excavation Rules, Revised March 2015 and City Council Ordinance No. 13300 C.M.S. Five-day prior notice required for work lasting five days or less in business/commercial districts: 72-hour notice in residential districts. Ten-day prior notice required for work lasting six days or more in all districts. USA# 2026062500638",,
"06/26/2026","Intake - On Hold","X2600552","DOT - Excavation (X)","1411 E 31ST ST, Oakland CA 94602","Next Edge Networks PM 1411 E 31st St: VERIZON WIRELESS PROPOSES TO MODIFY AN EXISTING WIRELESS COMMUNICATION SITE ON A STEEL PG&E LIGHT POLE IN THE PUBLIC RIGHT-OF-WAY. SCOPE: · REMOVE (3) EXISTING PANEL ANTENNAS · INSTALL (3) NEW 5G ANTENNA/RADIOS ON EXISTING MOUNT · CABLING TO BE INSTALLED IN A TIGHT NEAT MANNER WITHOUT EXCESS CABLE LOOPS · ALL VERIZON WIRELESS ADDED APPURTENANCES SHALL BE FILMED TO MATCH POLE COLOR  (RAL 5020 - TEAL GREEN, OR EQUIVALENT) (3M WRAPPED).  Ensure that environmental controls are in place to prevent dust/debris/wastewater from contaminating environment. If working within 15 feet of a monument you must comply with State Law 8771, contact the Inspector prior to starting excavation: minimum $5,800.00 fine for non-compliance. Comply with all terms of City of Oakland Public Works Standards, Street Excavation Rules, Revised August 2021 and City Council Ordinance No. 13300 C.M.S. Five days’ prior notice required for work lasting five days or less in business/commercial districts: 72-hours’ notice in residential districts. Ten days prior notice required for work lasting six days or more in all districts. SCHEDULE INSPECTION at least 48 hours in advance at: http://oaklanddot.com/projects/search.html """,,
"06/26/2026","On Hold","X2600551","DOT - Excavation (X)","3952 WALNUT ST, Oakland CA 94619","Next Edge Networks PM 3952 Walnut St: VERIZON WIRELESS PROPOSES TO MODIFY AN EXISTING WIRELESS COMMUNICATION SITE ON A STEEL PG&E LIGHT POLE IN THE PUBLIC RIGHT-OF-WAY.SCOPE:· REMOVE (3) EXISTING PANEL ANTENNAS· INSTALL (3) NEW 5G ANTENNA/RADIOS ON EXISTING MOUNT· CABLING TO BE INSTALLED IN A TIGHT NEAT MANNER WITHOUT EXCESS CABLE LOOPS· ALL VERIZON WIRELESS ADDED APPURTENANCES SHALL BE FILMED TO MATCH POLE COLOR  (RAL 5020 - TEAL GREEN, OR EQUIVALENT) (3M WRAPPED).  Ensure that environmental controls are in place to prevent dust/debris/wastewater from contaminating environment. If working within 15 feet of a monument you must comply with State Law 8771, contact the Inspector prior to starting excavation: minimum $5,800.00 fine for non-compliance. Comply with all terms of City of Oakland Public Works Standards, Street Excavation Rules, Revised August 2021 and City Council Ordinance No. 13300 C.M.S. Five days’ prior notice required for work lasting five days or less in business/commercial districts: 72-hours’ notice in residential districts. Ten days prior notice required for work lasting six days or more in all districts. SCHEDULE INSPECTION at least 48 hours in advance at: http://oaklanddot.com/projects/search.html """,,
"06/26/2026","Intake - On Hold","X2600550","DOT - Excavation (X)","4181 CULVER ST, Oakland CA 94619","Verizon Wireless PM 4181 Culver St: VERIZON WIRELESS PROPOSES TO MODIFY AN EXISTING WIRELESS COMMUNICATION SITE ON A STEEL PG&E LIGHT POLE IN THE PUBLIC RIGHT-OF-WAY.SCOPE:· REMOVE (3) EXISTING PANEL ANTENNAS· INSTALL (3) NEW 5G ANTENNA/RADIOS ON EXISTING MOUNT· CABLING TO BE INSTALLED IN A TIGHT NEAT MANNER WITHOUT EXCESS CABLE LOOPS· ALL VERIZON WIRELESS ADDED APPURTENANCES SHALL BE PAINTED TO MATCH POLE COLOR  (NON-GLOSSY ""SABLE"" BY SHERWIN WILLIAMS, OR EQUIVALENT) (3M WRAPPED).  Ensure that environmental controls are in place to prevent dust/debris/wastewater from contaminating environment. If working within 15 feet of a monument you must comply with State Law 8771, contact the Inspector prior to starting excavation: minimum $5,800.00 fine for non-compliance. Comply with all terms of City of Oakland Public Works Standards, Street Excavation Rules, Revised August 2021 and City Council Ordinance No. 13300 C.M.S. Five days’ prior notice required for work lasting five days or less in business/commercial districts: 72-hours’ notice in residential districts. Ten days prior notice required for work lasting six days or more in all districts. SCHEDULE INSPECTION at least 48 hours in advance at: http://oaklanddot.com/projects/search.html """,,
"06/26/2026","Payment Received","CGS2601539","DOT - Curb Gutter Sidewalk Repair","2109 9TH AVE, Oakland CA 94606","Sidewalk repair NOTE: ***BEFORE any work in Right of Way, please call 510-238-3860 forty-eight hours in advance. Applicant is subject to fine if work is started WITHOUT scheduling a pre-inspection*** Install new driveway per approved plans per City Standard. If working within 25' feet of a monument you must comply with State Law 8771, contact the Inspector prior to starting excavation: minimum $5,800.00 fine for non-compliance. Comply with all terms of City of Oakland Public Works Standards, Street Excavation Rules, Revised March 2015 and City Council Ordinance No. 13300 C.M.S. Five-day prior notice required for work lasting five days or less in business/commercial districts: 72-hour notice in residential districts. Ten-day prior notice required for work lasting six days or more in all districts. USA# 2026062500714",,
"06/26/2026","Payment Received","CGS2601538","DOT - Curb Gutter Sidewalk Repair","2117 9TH AVE, Oakland CA 94606","Sidewalk repair NOTE: ***BEFORE any work in Right of Way, please call 510-238-3860 forty-eight hours in advance. Applicant is subject to fine if work is started WITHOUT scheduling a pre-inspection*** Install new driveway per approved plans per City Standard. If working within 25' feet of a monument you must comply with State Law 8771, contact the Inspector prior to starting excavation: minimum $5,800.00 fine for non-compliance. Comply with all terms of City of Oakland Public Works Standards, Street Excavation Rules, Revised March 2015 and City Council Ordinance No. 13300 C.M.S. Five-day prior notice required for work lasting five days or less in business/commercial districts: 72-hour notice in residential districts. Ten-day prior notice required for work lasting six days or more in all districts. USA# 2026062500707",,
"06/26/2026","Permit Issued","OB2600778","Obstruction","3476 PIEDMONT AVE, Oakland CA 94611","Reserve 8 METERED parking space(s) in front of parcel only for dumpster, construction vehicle, moving van or storage pod. No impact on traffic lane or sidewalk allowed, except as noted except as noted on TCP/X permit. NO-PARKING SIGNS SHALL PICKED UP BY APPLICANT AFTER PAYMENT TO ENFORCE PERMIT REQUIREMENT. To have illegally parked vehicle ticketed: Call 510-777-3333. Applicant arranges towing. Comply with terms set forth in CVC Section 22651 (m). For towed vehicle: Call 510-238-3021. Block 6'x10' portion of s/w with boom lift. Leave 5.5’ clear for pedestrian access, except as otherwise noted on TCP/X permit. No impact on traffic lane or parking, except as noted except as noted on TCP/X permit. Ensure that environmental controls are in place to prevent dust/debris/waste water from contaminating environment.",,
"06/26/2026","Permit Issued","RM2600794","(RM) - Mechanical - 1 & 2 Unit Residential (Building)","1329 104TH AVE, Oakland CA 94603","Install heat pump, replace furnace with air handler in same location",,
"06/26/2026","Permit Issued","LBP2600114","(LBP) - Lead Based Paint (Building)","918 INTERNATIONAL BLVD, Oakland CA 94606","wet scrape all 4 sides of the building ,prime and finish coat . no steps",,
"06/25/2026","Certificate Issued","R2600791","(R) - ReRoof Certificate (Building)","9883 ELMAR AVE, Oakland CA 94603","Full Tear off to 40-year Comp Shingle Roof Title 24",,
"06/25/2026","Permit Issued","RE2601566","(RE) - Electrical - 1 & 2 Unit Residential (Building)","9307 D ST, Oakland CA 94603","Install electric water heater",,
"06/25/2026","Permit Issued","RE2601562","(RE) - Electrical - 1 & 2 Unit Residential (Building)","1031 ELBERT ST, Oakland CA 94602","Install (1) new 90A sub panel in the garage. Plus, relocate AC circuit and rough in and install (1) 30A 240V car charger outlet in the garage.",,
"06/25/2026","Inspections - In Progress","SL2601219","(SL) - Sewer Lateral (OPW)","532 BODEN WY, Oakland CA 94610","Repair/replace sewer lateral and EXCAVATE in PUBLIC RIGHT-OF-WAY. Overflow device may be needed.  If working within 25' feet of a monument you must comply with State Law 8771, contact the Inspector prior to starting excavation: minimum $5,800.00 fine for non-compliance. Comply with all terms of City of Oakland Public Works Standards, Street Excavation Rules, Revised March 2015 and City Council Ordinance No. 13300 C.M.S. Five days prior notice required for work lasting five days or less in business/commercial districts; 72 hour notice in residential districts. Ten days prior notice required for work lasting six days or more in all districts. USA # and date must be provided in order to have a permit issued. Permit valid 90 days. If the work is to be performed on a designated “Creekside Property” the work will require a “Creek Protection Permit”. If the property is not currently flagged in Accela as a “Creekside Property” but work will be performed within 100’ of a creek channel, a “Creek Determination” should be conducted to determine if the work is subject to the Creek Protection Ordinance.  Call PWA INSPECTION prior to start: 510-238-3651 or email PWA_inspections@oaklandca.gov.",,
"06/25/2026","Permit Issued","RE2601561","(RE) - Electrical - 1 & 2 Unit Residential (Building)","3800 COLUMBIAN DR, Oakland CA 94605","Remove and replace existing main panel with 200a main panel",,
"06/25/2026","Permit Issued","P2600811","(P) - Plumbing - 3+ Residential Units or commercial (Building)","6034 TELEGRAPH AVE, Oakland CA 94609","Alter existing water service line from the water meter to the building. Concrete removal required to access the existing water line.",,
"06/25/2026","Complete","BW26001951","(BW) - Building Worksheet (Building)","1042 WALKER AVE, Oakland CA 94610","REPLACING 11 EXISTING WINDOWS USING RETRO FIT/BLOCK FRAME INSERT INSTALLATION. LIKE FOR LIKE REPLACEMENTS. PROPOSED WINDOWS ARE MARVIN INFINITY FIBERGLASS WINDOWS WITH A STONE WHITE INTERIOR/EXTERIOR",,
"06/25/2026","Permit Issued","E2601559","(E) - Electrical - 3+ Residential Units or Commercial (Building)","2314 IVY DR, Oakland CA 94606","Replacement of outlet associated with tenent complaint #2601509",,
"06/25/2026","Permit Issued","RP2600810","(RP) Plumbing - 1 & 2 Unit Residential (Building)","4049 COOLIDGE AVE, Oakland CA 94602","40-gallon traditional gas water heater c/o in basement.",,
"06/25/2026","Inspections - In Progress","SL2601221","(SL) - Sewer Lateral (OPW)","18 SERENO CIR, Oakland CA 94619","Work to be from unit 18 connection to city main outlet connection by city sidewalk by trenchless method using new 4"" SDR-17 pipe and clean outs to code.",,
"06/25/2026","Assigned","BW26001959","(BW) - Building Worksheet (Building)","5651 DREYER PL, Oakland CA 94619","1: REMODEL EXISTING W.I.C.2: CREATE NEW ADDITION TO INCLUDE NEW MASTER BATHROOM",,
"06/25/2026",,"26TMP-030553","(RBC) - Building Residential Combo Alteration- 1 & 2 Unit Residential (Building)","436 38TH ST, Oakland CA 94609","Fire Damage Repairs:  Replace fire damaged framing in garage. Replace like in kind kitchen, bathrooms, furnace and ducting, rewire electrical complete, replace plumbing fixtures, roof and gutters, new windows where necessary.",,
"06/25/2026","Pending - Incomplete","BW26001953","(BW) - Building Worksheet (Building)","2488 MAVIS ST, Oakland CA 94601","un permitted bathroom remodel CE2602001",,
"06/25/2026","Assigned","BW26001958","(BW) - Building Worksheet (Building)","1854 INTERNATIONAL BLVD, Oakland CA 94606","SOFT DEMOLITION - INTERIOR NON-STRUCTURAL, COMMERCIALProperty: 1854 International Blvd, Oakland, CA 94606Tenant space: Ground-floor commercial unit (""Drip Mart"")Building type: Mixed-use commercial / residentialOwner: Bryan JenkinsContractor: Magnabuild LLC - CSLB #1104709, Class B (General Building); current Oakland Business Tax CertificatePURPOSE & SCOPE:This permit authorizes interior, non-structural soft demolition only, limited to the commercial tenant space - selective removal of impact-damaged finish materials to open the affected wall assembly for inspection, drying, and make-safe ahead of the permitted full repair. It is requested for issuance in advance of the build-out permit, per City of Oakland procedure for soft demolitions. No structural elements, load-bearing members, foundation, or roof framing are within scope. No work is performed within any residential dwelling unit. No reconstruction, re-siding, or build-out is performed under this permit.Materials removed (impact-affected area only):- Damaged interior gypsum wallboard and furring- Damaged thermal / acoustic insulation- Damaged interior finishes, trim, and base- Damaged non-structural wall sheathing and incidental nailers- Loose or compromised non-structural material from the impactApproximate affected area: [____ sq ft wall surface / ____ lin ft]. (Contractor to confirm field measurements.)BACKGROUND / CAUSE:The commercial portion of the building sustained vehicle-impact damage on February 22, 2026, compromising the exterior wall assembly and adjacent interior finishes of the Drip Mart tenant space. The City of Oakland issued a Restricted Use (yellow) placard for the affected area (Inspector D. Velez; Building Official C. Mueca). Following an on-site inspection by Inspector James Richardson on April 23, 2026, Magnabuild LLC was directed to obtain a soft demolition permit to remove the damaged interior non-structural materials in advance of the full repair, allowing the assembly to be opened, dried, and made safe while the primary repair permit completes review.RELATIONSHIP TO PRIMARY PERMIT:Precursor to the full exterior siding / building-envelope repair under the primary building record (now in Planning / Zoning review). Build-out work proceeds only under the issued primary permit.HAZARDOUS MATERIALS:Asbestos - affected-area suspect materials sampled and analyzed by accredited PLM lab (SEEML): None Detected (Lab Report G-260507087). Lead-based paint - [pre-1978: LBP work plan followed for paint-disturbing activity / Not applicable] (Contractor to confirm). No other regulated materials disturbed.WASTE / RECYCLING:A Waste Reduction and Recycling Plan (WRRP) will be approved through Green Halo prior to issuance; all C&D debris handled per City of Oakland requirements.MEANS & METHODS:Hand and light-tool removal, no mechanized demolition. Work area isolated with dust containment; adjacent residential units and the International Blvd right-of-way protected. Placard conditions observed until the City authorizes modification or removal.CODE COMPLIANCE: Work conforms to the adopted California Building Standards Code and applicable City of Oakland amendments.",,
"06/25/2026","Permit Issued","RM2600790","(RM) - Mechanical - 1 & 2 Unit Residential (Building)","3232 KANSAS ST, Oakland CA 94602","Replacing a water heater with a heat pump water heater.",,
"06/25/2026","Permit Issued","P2600812","(P) - Plumbing - 3+ Residential Units or commercial (Building)","375 JAYNE AVE, Oakland CA 94610","UNIT 301: Demo existing shower, valve and surroundInstall new acrylic formed shower base, valve and acrylic wall surroundsMove toilet 8"" to the right to bring existing layout up to code.",,
"06/25/2026","Pending-Document Uploaded","R2600789","(R) - ReRoof Certificate (Building)","3900 SEQUOYAH RD, Oakland CA 94605","Reroof-Remove all layers, replace with one layer. Also we'll do Solar panel removal and re install.",,
"06/25/2026","Permit Issued","RE2601558","(RE) - Electrical - 1 & 2 Unit Residential (Building)","5245 LAWTON AVE, Oakland CA 94618","Remove existing knob-and-tube wiring and rewire existing lighting and receptacle circuits with new code-compliant wiring. No new loads or fixtures added.",,
"06/25/2026","Assigned","BW26001957","(BW) - Building Worksheet (Building)","2424 7TH AVE, Oakland CA 94606","Remove asbestos containing  drywall form 6 affected Kitchens and water heater closets (approx. 1,539 SF)Remove asbestos containing drywall from 3 hall bathrooms  (approx. 144 SF)Remove lead containing ceramic wall tile from 3 bathrooms (approx. 196 SF)remove lead containing ceramic floor tile from 3 bathrooms. (approx. 57.3 SF)",,
"06/25/2026","Permit Issued","CGS2601526","DOT - Curb Gutter Sidewalk Standard Compliance Certificate","2941 HARRISON ST, Oakland CA 94611",,,
"06/25/2026","On Hold","RBC2601824","(RBC) - Building Residential Combo Alteration- 1 & 2 Unit Residential (Building)","3453 BRUNELL DR, Oakland CA 94602","Remove the existing show kit in a 21-square-foot bathroom. Replace the shower kit and toilet as well as retile the floor. Retile floor in the vanity area, adjacent to the bathroom. Fix the existing outlet to be a grounded GFCI.",,
"06/25/2026","Permit Issued","P2600809","(P) - Plumbing - 3+ Residential Units or commercial (Building)","110 41ST ST, Oakland CA 94611","Unit 1601 Interior Renovation The proposed scope of work for Unit 1601 consists of a complete interior renovation as indicated on the approved plans. Work includes demolition of existing finishes, cabinetry, fixtures, and associated systems, followed by installation of new finishes, cabinetry, electrical, and plumbing improvements. Architectural Improvements Remove existing kitchen and bathroom cabinetry and install new cabinetry in accordance with the approved floor plan and elevations. Install new flooring throughout the unit. Paint the entire interior of the unit. Power wash and clean the existing balcony. Remove and replace existing interior bedroom and bathroom doors with new doors and hardware. Existing shower pan and shower enclosure to remain in place. No replacement of exterior windows or sliding glass doors is included in this scope. Electrical Improvements Kitchen Demolish and remove existing kitchen electrical devices and wiring as required for renovation. Install new toe-kick lighting. Install four (4) new 4-inch recessed LED downlights with dedicated switching. Install two (2) new 18-inch under-cabinet LED light fixtures. Provide six (6) new branch circuits serving: Electric range (220V) Refrigerator Garbage disposal Countertop GFCI receptacles Microwave Additional kitchen loads as required by code and approved plans. Hallway Replace existing switch. Living Room Replace six (6) receptacles. Replace three (3) switches. Replace one (1) telephone outlet cover plate. Replace one (1) cable outlet cover plate. Dining Room Replace existing light fixture (fixture by owner). Replace existing switch. Bathroom Install new toe-kick lighting. Replace timer switch. Replace standard switch. Replace GFCI receptacle. Remove existing vanity light. Install dedicated receptacle for bidet/toilet connection. Install three (3) new 4-inch recessed LED downlights (two above vanity and one above shower). Bedroom 1 Replace five (5) receptacles. Replace one (1) switch. Replace one (1) telephone outlet cover plate. Replace one (1) cable outlet cover plate. Bedroom 2 Replace five (5) receptacles. Replace one (1) switch. Replace one (1) telephone outlet cover plate. Replace one (1) cable outlet cover plate. Electrical Service Replace existing electrical panel with new panel and breakers. Reconnect all existing and new branch circuits. Test all circuits and devices upon completion to verify proper operation. Plumbing Improvements Install new kitchen sink. Install new kitchen faucet. Install new dishwasher connection. Install new garbage disposal. Install new shower valve, trim, and associated finish components. Reconnect plumbing fixtures and verify proper operation upon completion. Install one new toilet",,
"06/25/2026","In Progress","TR-ND26-00069","(ND) - Non-Developmental Tree Permit (OPW)","651 SANTA RAY AVE, Oakland CA 94610","This tree is heavily leaning towards street and neighbors property. It is encroaching on my house foundation, cracking concrete floors, driveway, and sidewalk. It has become a danger to life because it could fall into street and possibly crush my neighbor's roof.",,
"06/25/2026","Inspections - In Progress","SL2601218","(SL) - Sewer Lateral (OPW)","1685 34TH ST, Oakland CA 94608","Repair/replace sewer lateral and EXCAVATE in PUBLIC RIGHT-OF-WAY. Overflow device may be needed.  If working within 25' feet of a monument you must comply with State Law 8771, contact the Inspector prior to starting excavation: minimum $5,800.00 fine for non-compliance. Comply with all terms of City of Oakland Public Works Standards, Street Excavation Rules, Revised March 2015 and City Council Ordinance No. 13300 C.M.S. Five days prior notice required for work lasting five days or less in business/commercial districts; 72 hour notice in residential districts. Ten days prior notice required for work lasting six days or more in all districts. USA # and date must be provided in order to have a permit issued. Permit valid 90 days. If the work is to be performed on a designated “Creekside Property” the work will require a “Creek Protection Permit”. If the property is not currently flagged in Accela as a “Creekside Property” but work will be performed within 100’ of a creek channel, a “Creek Determination” should be conducted to determine if the work is subject to the Creek Protection Ordinance.  Call PWA INSPECTION prior to start: 510-238-3651 or email PWA_inspections@oaklandca.gov.",,
"06/25/2026","Complete","BW26001950","(BW) - Building Worksheet (Building)","6861 ESTATES DR, Oakland CA 94611","Replace 5 windows.  Existing windows are single paned.  Some are steel, some are wood sash.  New windows to be Marvin Ultimate Aluminum Clad.  All new windows to have u-factor less than 0.27.  All new windows are tempered and will be equipped with fall protection.",,
"06/25/2026","Assigned","BW26001956","(BW) - Building Worksheet (Building)","5315 MANILA AVE, OAKLAND CA 94618","(N) CLASS-A IPE MECHANICAL SCREEN TO HIDE (E) MECHANICAL EQUIPMENT ON UPPER LEVEL ROOF OF ADU.FULL ADU PERMITTED UNDER #RBC2204256.",,
"06/25/2026","Permit Issued","RE2601565","(RE) - Electrical - 1 & 2 Unit Residential (Building)","5797 FOOTHILL BLVD, Oakland CA 94605","This is a multi-family property. The exact address of this property is 5795-7 Foothill Blvd, Oakland, CA 94605. Planning to replace both electrical panels in this property. This is an requirement for the property insurance.",,
"06/25/2026","Permit Issued","RM2600793","(RM) - Mechanical - 1 & 2 Unit Residential (Building)","9307 D ST, Oakland CA 94603","Install minisplit airconditioning at the back room of the house",,
"06/25/2026","In Progress","TR-ND26-00070","(ND) - Non-Developmental Tree Permit (OPW)","5276 HARBORD DR, Oakland CA 94618","This Southern Magnolia (Magnolia grandiflora) is obviously in decline. Because of the heavy, poorly drained soil, Armillaria mellee is the likely cause. Years-long efforts to save this tree have been made, but to no avail; therefore, we feel it should be removed at this time. The target for a failure is significant (located directly adjacent to driveway). Brian Fenske, ISA Certified Arborist #0938A, TRAQ Certified.",,
"06/25/2026","Issued","SL2601220","(SL) - Sewer Lateral (OPW)","3924 LAKESHORE AVE, Oakland CA 94610","Perform spot repair on sewer lateral.",,
"06/25/2026","Permit Issued","LBP2600113","(LBP) - Lead Based Paint (Building)","2424 7TH AVE, Oakland CA 94606","Remove asbestos containing  drywall form 6 affected Kitchens and water heater closets (approx. 1,539 SF)Remove asbestos containing drywall from 3 hall bathrooms  (approx. 144 SF)Remove lead containing ceramic wall tile from 3 bathrooms (approx. 196 SF)remove lead containing ceramic floor tile from 3 bathrooms. (approx. 57.3 SF)",,
"06/25/2026","Permit Issued","CGS2601534","DOT - Curb Gutter Sidewalk Provisional Certificate","652 VALLE VISTA AVE, Oakland CA 94610",,,
"06/25/2026","Pending-Document Uploaded","R2600790","(R) - ReRoof Certificate (Building)","1009 MADISON ST, Oakland CA 94607","Install a new comp shingle roof over the exisitng overlay and roll torch roofing membrane system over the flat roof sections ""overlay""  40 squares class A fire rated",,
"06/25/2026","Pending-Document Uploaded","R2600792","(R) - ReRoof Certificate (Building)","2333 99TH AVE, Oakland CA 94603","Full Tear off to 40-year Comp Shingle Roof Title 24",,
"06/25/2026","Permit Issued","E2601563","(E) - Electrical - 3+ Residential Units or Commercial (Building)","750 RAND AVE, Oakland CA 94610","Replace like for like (1) 200 amp service and (7) meters. Replace and relocate (7) subpanels.",,
"06/25/2026","Permit Issued","RM2600789","(RM) - Mechanical - 1 & 2 Unit Residential (Building)","4117 KUHNLE AVE, Oakland CA 94605","Replace furnace to ducted mini split, did not replace ductwork but original ductwork has Asbestos",,
"06/25/2026","Permit Issued","SEA2600572","SolarApp+ (For roof mounted residential solar projects not exceeding 38.4kw total done with SolarApp+- contractor use)","1650 83RD AVE, Oakland CA 94621","RMS: 33 MODS, 14.19 KW/DC, 1 INV, 1 TESLA PW3, 1 BG SWITCH, 1 EXPANSION PCK, EXIST MSP",,
"06/25/2026","Complete","BW26001949","(BW) - Building Worksheet (Building)","3001 GALINDO ST, Oakland CA 94601","REPLACING 7 EXISTING WINDOWS USING RETRO FIT/BLOCK FRAME INSERT INSTALLATION. LIKE FOR LIKE REPLACEMENTS GOING FROM EXISTING WOOD WINDOWS TO FIBERGLASS WITH A EBONY EXTERIOR AND EVERWOOD PINE INTERIOR COLOR.",,
"06/25/2026","Permit Issued","CGS2601536","DOT - Curb Gutter Sidewalk Provisional Certificate","2420 CARMEL ST, Oakland CA 94602",,,
"06/25/2026","Permit Issued","RM2600792","(RM) - Mechanical - 1 & 2 Unit Residential (Building)","4250 WILSHIRE BLVD, Oakland CA 94602","40K BTUS FURNACE CHANGEOUT IN BASEMENT",,
"06/25/2026","Certificate Issued","R2600793","(R) - ReRoof Certificate (Building)","3566 64TH AVE, Oakland CA 94605","Reroof",,
"06/25/2026","Permit Issued","CGS2601529","DOT - Curb Gutter Sidewalk Exemption Certificate","8975 GOLF LINKS RD, Oakland CA 94605",,,
"06/25/2026","Pending - Incomplete","BW26001952","(BW) - Building Worksheet (Building)","352 LESTER AVE, Oakland CA 94606","Deck repair like for like",,
"06/25/2026","Permit Issued","RE2601564","(RE) - Electrical - 1 & 2 Unit Residential (Building)","3554 JORDAN RD, Oakland CA 94619","main panel upgrade from 100amp to 200amp, install 2 15amp circuits, 7 20amp circuits, 1 30amp dryer circuit, 19 dimmers & switches, 30 receptacles, 6 GFCI, 20 lights, 7 smoke detectors",,
"06/25/2026","Permit Issued","CGS2601535","DOT - Curb Gutter Sidewalk Provisional Certificate","3601 LINCOLN AVE, Oakland CA 94602",,,
"06/25/2026","Certificate Issued","R2600788","(R) - ReRoof Certificate (Building)","4685 COMMONWEALTH DR, Oakland CA 94605","Tear off roof and install GAF Reflector Series.",,
"06/25/2026","Permit Issued","CGS2601530","DOT - Curb Gutter Sidewalk Standard Compliance Certificate","98 MONTELL ST, Oakland CA 94611",,,
"06/25/2026","Permit Issued","RM2600788","(RM) - Mechanical - 1 & 2 Unit Residential (Building)","5232 PROCTOR AVE, Oakland CA 94618","Install upstairs ductless VRF mini-split system, downstairs ducted VRF mini-split system with duct modifications, and associated electrical upgrades for outdoor units.",,
"06/25/2026","Permit Issued","CGS2601537","DOT - Curb Gutter Sidewalk Exemption Certificate","7015 ELVERTON DR, Oakland CA 94611",,,
"06/25/2026","Permit Issued","SEA2600571","SolarApp+ (For roof mounted residential solar projects not exceeding 38.4kw total done with SolarApp+- contractor use)","2199 40TH AVE, Oakland CA 94601","16 LR5-54HPB-410M solar modules1 1707000-XX-Y {11.5kW} inverter1 1707000-XX-Y {11.5kW} ESSNew Busbar count - 1System Size: 6.56 kW DC (11.5 kW AC)",,
"06/25/2026","Pending - Incomplete","BW26001954","(BW) - Building Worksheet (Building)","4528 WALNUT ST, Oakland CA 94619","1/4 foundation replacement 1/6 garage roof replacement",,
"06/25/2026","Permit Issued","RM2600791","(RM) - Mechanical - 1 & 2 Unit Residential (Building)","1869 ARROWHEAD DR, Oakland CA 94611","R8 DUCTS 3 SUPPLIES 0 RETURN",,
"06/25/2026","Permit Issued","CGS2601528","DOT - Curb Gutter Sidewalk Standard Compliance Certificate","1954 48TH AVE, Oakland CA 94601",,,
"06/25/2026","Permit Issued","CGS2601527","DOT - Curb Gutter Sidewalk Standard Compliance Certificate","2600 55TH AVE, Oakland CA 94605",,,
"06/25/2026","Permit Issued","RP2600808","(RP) Plumbing - 1 & 2 Unit Residential (Building)","1614 15TH AVE, Oakland CA 94606","Gas house line extension 40' +/- 2' to include gas meter relocation to accommodate gas lateral replacement by PG&E. Use 1"" galvanized schedule 40 steel pipe and related fittings tied into 3/4"" existing gas distribution system.",,
"06/25/2026","Permit Issued","RM2600787","(RM) - Mechanical - 1 & 2 Unit Residential (Building)","4316 FRUITVALE AVE, Oakland CA 94602","# Ton Fujitsu Heat Pump Installation -  Ducted - Replacing old",,
"06/25/2026","Permit Issued","CGS2601531","DOT - Curb Gutter Sidewalk Exemption Certificate","2339 THACKERAY DR, Oakland CA 94611",,,
"06/25/2026","Permit Issued","RM2600786","(RM) - Mechanical - 1 & 2 Unit Residential (Building)","1967 TUNNEL RD, Oakland CA 94705","3 Zone Multi-split HP - ductless Cut in/Add on for upstairs bedrooms 10 HSPF2 24k BTU 21 SEERDual Fuel HP + Gas Furnace Replacement 80% AFUE 60K TBU in Crawlspace 18 SEER 4 TON in left side yard",,
"06/25/2026","Assigned","BW26001955","(BW) - Building Worksheet (Building)","300 BROADWAY, Oakland CA 94607","resolve code violation2504263",,
"06/25/2026","Permit Issued","RP2600813","(RP) Plumbing - 1 & 2 Unit Residential (Building)","1468 MACARTHUR BLVD, Oakland CA 94602","Replace 30 gallon water heater for residential unit, Unit A",,
"06/25/2026","Intake - Completed","X2600549","DOT - Excavation (X)","8201 MACARTHUR BLVD, Oakland CA 94605","Exarotec PM 26-1035: We are vacuum excavating to locate underground utilities at 22 locations. Each location will be 1' X 1' Saw-cut, 5' deep.  Ensure that environmental controls are in place to prevent dust/debris/wastewater from contaminating environment. If working within 15 feet of a monument you must comply with State Law 8771, contact the Inspector prior to starting excavation: minimum $5,800.00 fine for non-compliance. Comply with all terms of City of Oakland Public Works Standards, Street Excavation Rules, Revised August 2021 and City Council Ordinance No. 13300 C.M.S. Five days’ prior notice required for work lasting five days or less in business/commercial districts: 72-hours’ notice in residential districts. Ten days prior notice required for work lasting six days or more in all districts. SCHEDULE INSPECTION at least 48 hours in advance at: http://oaklanddot.com/projects/search.html """,,
"06/25/2026","On Hold","RBC2601823","(RBC) - Building Residential Combo Alteration- 1 & 2 Unit Residential (Building)","699 ARIMO AVE, Oakland CA 94610","Window replacements of same size and kind with Marvin Ultimate Clad casement windows. 2in front bedroom and 1 in rear bedroom. No MEP included.",,
"06/25/2026","Permit Expired","OB2600777","Obstruction","600 WILLIAMS ST, OAKLAND CA 94612","Reserve 2 METERED parking space(s) in front of parcel only for dumpster, construction vehicle, moving van or storage pod. No impact on traffic lane or sidewalk allowed, except as noted except as noted on TCP/X permit. NO-PARKING SIGNS SHALL PICKED UP BY APPLICANT AFTER PAYMENT TO ENFORCE PERMIT REQUIREMENT. To have illegally parked vehicle ticketed: Call 510-777-3333. Applicant arranges towing. Comply with terms set forth in CVC Section 22651 (m). For towed vehicle: Call 510-238-3021.",,
"06/25/2026","On Hold - Field Check Pending","B2601822","(B) - Building Alteration - 3+ Residential Units or Commercial (Building)","3535 GALINDO ST, Oakland CA 94601","At multi-family residential: Legalize attached ADU (carport conversion at MFD per AB 2533. ADU approximately 576 s/f consisting of 1 bedroom and 1 bathroom. Related mechanical, electrical, and plumbing requires separate permits. ADU to be addressed as 3535 GALINDO ST.",,
"06/25/2026","Payment Received","OB2600776","Obstruction","4045 BROADWAY, Oakland CA 94611","Reserve 2 (50') NON-METERED parking space(s) in front of parcel only for dumpster, construction vehicle, moving van or storage pod. Post No-parking signs 72 hours prior in residential areas. No impact on traffic lane or sidewalk allowed, except as noted on TCP/X permit. NO-PARKING SIGNS SHALL PICKED UP BY APPLICANT AFTER PAYMENT TO ENFORCE PERMIT REQUIREMENT. To have illegally parked vehicle ticketed: Call 510-777-3333. Applicant arranges towing. Comply with terms set forth in CVC Section 22651 (m). For towed vehicle: Call 510-238-3021.",,
"06/25/2026","Permit Issued","OB2600775","Obstruction","100 BAY PL, Oakland CA 94610","Reserve 6 METERED parking space(s) in front of parcel only for dumpster, construction vehicle, moving van or storage pod. No impact on traffic lane or sidewalk allowed, except as noted except as noted on TCP/X permit. NO-PARKING SIGNS SHALL PICKED UP BY APPLICANT AFTER PAYMENT TO ENFORCE PERMIT REQUIREMENT. To have illegally parked vehicle ticketed: Call 510-777-3333. Applicant arranges towing. Comply with terms set forth in CVC Section 22651 (m). For towed vehicle: Call 510-238-3021.Block 75'x8' portion of s/w. Leave 5.5’ clear for pedestrian access, except as otherwise noted on TCP/X permit. Ensure that environmental controls are in place to prevent dust/debris/waste water from contaminating environment.Comply with all terms, conditions and restrictions stated in the Traffic Control Plan. Any/all changes need prior written approval. Provide original Traffic Control Plan at each renewal.TSD-26-0007, 01/28/2026: TCP GOOD FOR 02/04-02/16/2026, 8AM-5PMTSD-26-0007a, 02/18/2026: TCP GOOD FOR 02/25-03/04/2026, 8AM-5PMTSD-26-0007b, 04/30/2026: TCP GOOD FOR 05/05-05/08/2026, 8AM-5PMTSD-26-0007c, 05/06/2026: TCP GOOD FOR 05/09-05/15/2026, 8AM-5PMTSD-26-0007d, 05/21/2026: TCP GOOD FOR 05/23-06/05/2026, 8AM-5PMTSD-26-0007e, 06/02/2026: TCP GOOD FOR 06/06-06/17/2026, 8AM-5PMTSD-26-0007f, 06/25/2026: TCP GOOD FOR 06/29-07/10/2026, 8AM-5PM",,
"06/25/2026","Intake - Completed","OB2600774","Obstruction","7110 THORNHILL DR, Oakland CA 94611","Comply with all terms, conditions and restrictions stated in the Traffic Control Plan. Any/all changes need prior written approval. Provide original Traffic Control Plan at each renewal.6/25/2026: TCP GOOD FOR 07/27-07/30/2026, 8AM to 5PM6/25/2026: TCP GOOD FOR 08/03-08/06/2026, 8AM to 5PM (date change, NC)",,
"06/25/2026","Application Intake Completed","ENMI26096","Minor Encroachment","6030 GIRVIN DR, OAKLAND CA 94611","X2600544PG&E PM 35560152-PG&E to install UG service, replace UG secondary and subsurface transformer. PG&E to trench and restore.  Trenching 200' x 18"" x 40"". Ensure measures are in place to control runoff and maintain flow of storm water along pavement adjacent to parcel. No above ground structure allowed within five feet of edge of pavement (17.124.030).If working within 25' feet of a monument you must comply with State Law 8771, contact the Inspector prior to starting excavation: minimum $5,800.00 fine for non-compliance.",,
"06/25/2026","Plan Routing - Completed","B2601821","(B) - Building New - 3+ Residential Units or Commercial (Building)","285 12TH ST, Oakland CA 94606","New five-story building, type IB construction, housing 65 affordable apartments, 77 bedrooms with ground floor offices and common program areas. The residential entrance is on Harrison Street - Proposed residential address: 1100 Harrison Street.",,
"06/25/2026","Payment Received","OB2600773","Obstruction","7110 THORNHILL DR, Oakland CA 94611","Comply with all terms, conditions and restrictions stated in the Traffic Control Plan. Any/all changes need prior written approval. Provide original Traffic Control Plan at each renewal.6/25/2026: TCP GOOD FOR 07/27-07/30/2026, 8AM to 5PM",,
"06/25/2026","Intake - Completed","X2600548","DOT - Excavation (X)","286 14TH ST, Oakland CA 94612","Cablecom PM: JB2649263 - CSMB. This project proposes to trench approx. 20ft from an existing CATV vault along Franklin St. Install 1 new CATV vault, (2)2"" conduit and a Comcast cable. Restore the affected areas. Trenching 20' x 3'.  Ensure that environmental controls are in place to prevent dust/debris/wastewater from contaminating environment. If working within 15 feet of a monument you must comply with State Law 8771, contact the Inspector prior to starting excavation: minimum $5,800.00 fine for non-compliance. Comply with all terms of City of Oakland Public Works Standards, Street Excavation Rules, Revised August 2021 and City Council Ordinance No. 13300 C.M.S. Five days’ prior notice required for work lasting five days or less in business/commercial districts: 72-hours’ notice in residential districts. Ten days prior notice required for work lasting six days or more in all districts. SCHEDULE INSPECTION at least 48 hours in advance at: http://oaklanddot.com/projects/search.html """,,
"06/25/2026","Payment Received","CGS2601533","DOT - Curb Gutter Sidewalk Standard Compliance Certificate","4076 SANTA RITA ST, Oakland CA 94601",,,
"06/25/2026","Permit Issued","CGS2601532","DOT - Curb Gutter Sidewalk Repair","1100 BELLA VISTA AVE, Oakland CA 94610","NOTE: ***BEFORE any work in Right of Way, please schedule your inspection via http://oaklanddot.com/cgs/projects/search.html forty-eight hours in advance. Applicant is subject to fine if work is started WITHOUT scheduling a pre-inspection*** Repair sidewalk to City Standards (maximum 2%). If working within 25' feet of a monument you must comply with State Law 8771, contact the Inspector prior to starting excavation: minimum $5,800.00 fine for non-compliance. Comply with all terms of City of Oakland Public Works Standards, Street Excavation Rules, Revised March 2015 and City Council Ordinance No. 13300 C.M.S. Five day prior notice required for work lasting five days or less in business/commercial districts; 72 hour notice in residential districts. Ten day prior notice required for work lasting six days or more in all districts. USA #2026050600254, 05/06/2026",,
"06/25/2026","Routing - Completed","RBC2601820","(RBC) - Building Residential Combo Alteration- 1 & 2 Unit Residential (Building)","630 PANORAMIC WY, Oakland CA 94704","At a 3story single family dwelling to replace 3 rear decks in each floor with glass railings. No related mechanical, electrical, plumbing. Change in footprint of deck is less than 10%. DRX260417.",,
"06/25/2026","Created","OB2600772","Obstruction","250 FRANK H OGAWA PZ, A, Oakland CA 94612","This is an Obstruction Permit for the relocation of the Bike Share Stations that were approved through ENMI16214.  Traffic Control have been previously approved by DOT. Comply with all terms, conditions and restrictions stated in the Traffic Control Plan. Any/all changes need prior written approval. Per Bike Share Agreement:16.5 No permitting fees for Site Permits, Installation Scheduling Permits, SpecialTraffic Permits or other permits will be charged to the Operator for initial installations ofStations, except in Berkeley, Operator shall pay $200 per Station, and in Emeryville,Operator shall pay $250 per Station. In addition, permitting fees may be charged for Siteslocated on the property of the San Francisco Recreation & Parks Department and the Port ofSan Francisco.16.6 Permit fees do not apply to Deactivations, De-Installations, reinstallations orrelocations requested by utilities, the Participating City or other public agencies. Forrequests for Station moves by special events or private companies, Operator can requestreimbursement for Operator’s fees from the sponsor of a special event or such privatecompany.The addresses of the relocations are stated below, 9AM-3PM:                         16th AVE AT E 21st ST: 8 NON-METERED spaces",,
"06/25/2026","Permit Issued","RE2601560","(RE) - Electrical - 1 & 2 Unit Residential (Building)","2828 64TH AVE, Oakland CA 94605","electric panel replacement,100A",,
"06/25/2026","Permit Issued","RBC2601819","(RBC) - Building Residential Combo Alteration- 1 & 2 Unit Residential (Building)","267 GRAVATT DR, Oakland CA 94705","Legalize replacement of approx. 90SF of stucco and dry rot repairs at basement level at the 2- rear corners of SFD started under RBC1903093. DRX190540. To abate CE#2602424, repair/ replace fire-damaged wall framing, drywall, and stucco at the basement-level bedroom. Repair/ replace damaged electrical wires and receptacles. No Mechanical and Plumbing works",,
"06/25/2026","Intake - Completed","OB2600771","Obstruction","328 8TH ST, Oakland CA 94607","Reserve 3 METERED parking space(s) in front of parcel only for dumpster, construction vehicle, moving van or storage pod. No impact on traffic lane or sidewalk allowed, except as noted except as noted on TCP/X permit. NO-PARKING SIGNS SHALL PICKED UP BY APPLICANT AFTER PAYMENT TO ENFORCE PERMIT REQUIREMENT. To have illegally parked vehicle ticketed: Call 510-777-3333. Applicant arranges towing. Comply with terms set forth in CVC Section 22651 (m). For towed vehicle: Call 510-238-3021.",,
"06/25/2026","Payment Received","OB2600770","Obstruction","934 28TH ST, Oakland CA 94608","Reserve # NON-METERED parking space(s) in front of parcel only for dumpster, construction vehicle, moving van or storage pod. Post No-parking signs 72 hours prior in residential areas. No impact on traffic lane or sidewalk allowed. No-parking signs picked up by applicant after payment, 4TH FLOOR. To Have Illegally Parked Vehicle Ticketed Call 510-777-3333. Applicant arranges towing. Comply with terms set forth in CVC Section 22651 (m). For Towed Vehicle: Call 510-238-3021.",,
"06/25/2026","Intake - Completed","X2600547","DOT - Excavation (X)","3846 RANDOLPH AVE, OAKLAND CA 94602","PG&E PM 35735898-PG&E to replace two joint poles in same hole sets, OH services, install OH transformers and secondary breaker. Ensure that environmental controls are in place to prevent dust/debris/wastewater from contaminating environment. If working within 15 feet of a monument you must comply with State Law 8771, contact the Inspector prior to starting excavation: minimum $5,800.00 fine for non-compliance. Comply with all terms of City of Oakland Public Works Standards, Street Excavation Rules, Revised August 2021 and City Council Ordinance No. 13300 C.M.S. Five days’ prior notice required for work lasting five days or less in business/commercial districts: 72-hours’ notice in residential districts. Ten days prior notice required for work lasting six days or more in all districts. SCHEDULE INSPECTION at least 48 hours in advance at: http://oaklanddot.com/projects/search.html """,,
"06/25/2026","Intake - Completed","X2600546","DOT - Excavation (X)","6700 SIMS DR, Oakland CA 94611","PG&E PM: 35463391 PGE to install TPX, oar tax, oa tpx, pole, riser, remove secondary, service conductor,PM 35463391.  Ensure that environmental controls are in place to prevent dust/debris/wastewater from contaminating environment. If working within 15 feet of a monument you must comply with State Law 8771, contact the Inspector prior to starting excavation: minimum $5,800.00 fine for non-compliance. Comply with all terms of City of Oakland Public Works Standards, Street Excavation Rules, Revised August 2021 and City Council Ordinance No. 13300 C.M.S. Five days’ prior notice required for work lasting five days or less in business/commercial districts: 72-hours’ notice in residential districts. Ten days prior notice required for work lasting six days or more in all districts. SCHEDULE INSPECTION at least 48 hours in advance at: http://oaklanddot.com/projects/search.html """,,
"06/25/2026","Permit Issued","OB2600769","Obstruction","6400 MYSTIC ST, Oakland CA 94618","Reserve 1 (25') NON-METERED parking space(s) in front of parcel only for dumpster, construction vehicle, moving van or storage pod. Post No-parking signs 72 hours prior in residential areas. No impact on traffic lane or sidewalk allowed, except as noted on TCP/X permit. NO-PARKING SIGNS SHALL PICKED UP BY APPLICANT AFTER PAYMENT TO ENFORCE PERMIT REQUIREMENT. To have illegally parked vehicle ticketed: Call 510-777-3333. Applicant arranges towing. Comply with terms set forth in CVC Section 22651 (m). For towed vehicle: Call 510-238-3021.**Obstruction at 6406 Mystic Street",,
"06/25/2026","Permit Issued","OB2600768","Obstruction","472 JEAN ST, Oakland CA 94610","Reserve 1 (25') NON-METERED parking space(s) in front of parcel only for dumpster, construction vehicle, moving van or storage pod. Post No-parking signs 72 hours prior in residential areas. No impact on traffic lane or sidewalk allowed, except as noted on TCP/X permit. NO-PARKING SIGNS SHALL PICKED UP BY APPLICANT AFTER PAYMENT TO ENFORCE PERMIT REQUIREMENT. To have illegally parked vehicle ticketed: Call 510-777-3333. Applicant arranges towing. Comply with terms set forth in CVC Section 22651 (m). For towed vehicle: Call 510-238-3021.",,
"06/25/2026","Intake - Completed","X2600545","DOT - Excavation (X)","1660 VISTA ST, Oakland CA 94602","Cablecom PM:JB2567688 - CSMB. This project proposes to trench approx. 16ft from an existing utility pole along Wellington St. Install 1 new CATV vault, (2)2"" conduit and a Comcast cable. Restore the affected areas.  Trenching 16' x 3'.  Ensure that environmental controls are in place to prevent dust/debris/wastewater from contaminating environment. If working within 15 feet of a monument you must comply with State Law 8771, contact the Inspector prior to starting excavation: minimum $5,800.00 fine for non-compliance. Comply with all terms of City of Oakland Public Works Standards, Street Excavation Rules, Revised August 2021 and City Council Ordinance No. 13300 C.M.S. Five days’ prior notice required for work lasting five days or less in business/commercial districts: 72-hours’ notice in residential districts. Ten days prior notice required for work lasting six days or more in all districts. SCHEDULE INSPECTION at least 48 hours in advance at: http://oaklanddot.com/projects/search.html """,,
"06/25/2026","Void","RBC2601818","(RBC) - Building Residential Combo Alteration- 1 & 2 Unit Residential (Building)","5670 ESTATES DR, Oakland CA 94618","RENOVATE (E) 2349 SF 2-STORY SINGLE FAMILY DWELLING TO INCLUDE (N) MODIFIED ROOFS; RECONFIGURED INTERIOR WALLS; 	NEW WINDOWS & DOORS; UPDATED PLUMBING, ELECTRICAL & HVAC; RENOVATE (E) CARPORT STRUCTURE & (E) WORKSHOP SPACE BELOW W/ MODIFIED ROOF & UPDATED FIXTURES, FINISHES, WINDOWS & SIDING; RENOVATE (E) DECKS.",,
"06/25/2026","Permit Issued","RBC2601817","(RBC) - Building Residential Combo Alteration- 1 & 2 Unit Residential (Building)","5329 FLEMING AVE, Oakland CA 94619","At single-family dwelling: Bathroom remodel (like-for-like), no wall layout changes or windows. To include related mechanical, electrical, and plumbing.",,
"06/25/2026","Void","RBC2601816","(RBC) - Building Residential Combo Alteration- 1 & 2 Unit Residential (Building)","5670 ESTATES DR, Oakland CA 94618","RENOVATE (E) 2349 SF 2-STORY SINGLE FAMILY DWELLING TO INCLUDE (N) MODIFIED ROOFS; RECONFIGURED INTERIOR WALLS; 	NEW WINDOWS & DOORS; UPDATED PLUMBING, ELECTRICAL & HVAC; RENOVATE (E) CARPORT STRUCTURE & (E) WORKSHOP SPACE BELOW W/ MODIFIED ROOF & UPDATED FIXTURES, FINISHES, WINDOWS & SIDING; RENOVATE (E) DECKS.",,
"06/25/2026","Payment Received","OB2600767","Obstruction","1850 ALICE ST, Oakland CA 94612","Reserve # NON-METERED parking space(s) in front of parcel only for dumpster, construction vehicle, moving van or storage pod. Post No-parking signs 72 hours prior in residential areas. No impact on traffic lane or sidewalk allowed. No-parking signs picked up by applicant after payment, 4TH FLOOR. To Have Illegally Parked Vehicle Ticketed Call 510-777-3333. Applicant arranges towing. Comply with terms set forth in CVC Section 22651 (m). For Towed Vehicle: Call 510-238-3021.",,
"06/25/2026","Payment Received","ENMI26095","Minor Encroachment","1951 TELEGRAPH AVE, OAKLAND CA 94612","Revocable and non-transferable sidewalk café permit issued to Soul Blends LLC. All encroaching items must be removed after business hours. No fixed or semi-fixed barriers like sidewalk railings allowed. A 6-ft clear pedestrian path must be maintained. All maintenance agreement conditions apply. Minimum $5,800 fine for non-compliance.",,
"06/25/2026","On Hold","RBC2601815","(RBC) - Building Residential Combo Alteration- 1 & 2 Unit Residential (Building)","873 MILTON ST, Oakland CA 94607","At existing 2story duplex to replace siding of 920sqft. Includes lead-based paint abatement. No related MEP's.",,
"06/25/2026","Intake - On Hold","SL2601217","(SL) - Sewer Lateral (OPW)","9719 BIRCH ST, Oakland CA 94603","adu  sewer lateral and EXCAVATE in PUBLIC RIGHT-OF-WAY. Overflow device may be needed.  If working within 25' feet of a monument you must comply with State Law 8771, contact the Inspector prior to starting excavation: minimum $5,800.00 fine for non-compliance. Comply with all terms of City of Oakland Public Works Standards, Street Excavation Rules, Revised March 2015 and City Council Ordinance No. 13300 C.M.S. Five days prior notice required for work lasting five days or less in business/commercial districts; 72 hour notice in residential districts. Ten days prior notice required for work lasting six days or more in all districts. USA # and date must be provided in order to have a permit issued. Permit valid 90 days. If the work is to be performed on a designated “Creekside Property” the work will require a “Creek Protection Permit”.  Call PWA INSPECTION prior to start: https://citygovapp.com/app/opwirprod.htm",,
"06/25/2026","Routing - Completed","RBC2601814","(RBC) - Building Residential Combo Alteration- 1 & 2 Unit Residential (Building)","5470 FERNHOFF RD, Oakland CA 94619","At existing SFD, interior renovation including significant movement of walls and layout changes, including new interior entry to garage. New skylights in new kitchen area. Exterior changes include new garage door, removal of one door, alteration of a window to a sliding door, movement of windows in kitchen area, alteration of sliding doors to change to movable glass panels, and expansion of one window. Includes related MEPs except for tankless water heater and mechanical unit, which will be permitted separately. Solar and related battery under separate permit. DRX260502",,
"06/25/2026","Plan Routing - Completed","B2601813","(B) - Building Alteration - 3+ Residential Units or Commercial (Building)","5821 MACARTHUR BLVD, Oakland CA 94605","Telecom – Verizon wireless pole-mounted equipment modification: remove 3 existing antennas, install 3 new 5G antennas and cabling. All equipment to be color matched to pole color. DRX260782",,
"06/25/2026","Plan Routing - Completed","B2601812","(B) - Building Alteration - 3+ Residential Units or Commercial (Building)","1755 16TH ST, Oakland CA 94607","Telecom – Verizon wireless pole-mounted equipment modification: remove 3 existing antennas, install 3 new 5G antennas and cabling. All equipment to be color matched to pole color. DRX260830",,
"06/25/2026","On Hold - Field Check Pending","RBC2601811","(RBC) - Building Residential Combo Alteration- 1 & 2 Unit Residential (Building)","1048 85TH AVE, Oakland CA 94621","**THIS IS NOT A PERMIT** Application for delay of enforcement eligibility for unpermitted ADU at rear of SFD. Separate permit required for legalization. DS260149. CE#2305850",,
"06/25/2026","Intake - Completed","X2600544","DOT - Excavation (X)","6030 GIRVIN DR, OAKLAND CA 94611","PG&E PM 35560152; Related Permit: ENMI26096 - PG&E to install UG service, replace UG secondary and subsurface transformer. PG&E to trench and restore.  Trenching 200' x 18"" x 40"".  Ensure that environmental controls are in place to prevent dust/debris/wastewater from contaminating environment. If working within 15 feet of a monument you must comply with State Law 8771, contact the Inspector prior to starting excavation: minimum $5,800.00 fine for non-compliance. Comply with all terms of City of Oakland Public Works Standards, Street Excavation Rules, Revised August 2021 and City Council Ordinance No. 13300 C.M.S. Five days’ prior notice required for work lasting five days or less in business/commercial districts: 72-hours’ notice in residential districts. Ten days prior notice required for work lasting six days or more in all districts. SCHEDULE INSPECTION at least 48 hours in advance at: http://oaklanddot.com/projects/search.html """,,
"06/25/2026","Intake - Completed","PZ2600064","Private Infrastructure (P-Job)","2740 98TH AVE, Oakland CA 94605","At existing gas station remove (3) existing underground fuel tanks, (4) dispensers, and associated piping.  Install (2) new split tanks, (4) new dispensers and locks, and associated piping.  Separate electrical permit required for electrical work.",,
"06/25/2026","Pending - Incomplete","BW26001948","(BW) - Building Worksheet (Building)","338 45TH ST, Oakland CA 94609","Main level - Remodel kitchen, replace one window (same location, same size), remove fireplace.Upper level - (N) bath closet.No new addition.  Project Area = 155 SFAt 2story SFD- Kitchen remodel, replacing 1 window, removing fireplace, upper-level bathroom remodel adding a (N) bathroom closet. Related mechanical, electrical, plumbing included.",,
"06/25/2026","Minor Engineer of Day Review","B2601810","(B) - Building Alteration - 3+ Residential Units or Commercial (Building)","110 41ST ST, UNIT 1601, Oakland CA 94611 United States","At multi-family residential bldg. Unit 1601: Kitchen renovation. New cabinets and appliances. No window or layout changes. Related mechanical, electrical, and plumbing requires separate permits.",,
"06/24/2026","Permit Issued","CGS2601522","DOT - Curb Gutter Sidewalk Exemption Certificate","1200 WESTVIEW DR, Oakland CA 94705",,,
"06/24/2026","Pending-Document Uploaded","R2600787","(R) - ReRoof Certificate (Building)","1825 68TH AVE, Oakland CA 94621","Reroof - 1,500 SQFTShingles - Midnight CCRC # 0890-0038Metal edging - Black Attached Garage Included ( 400 SQFT)Wood Sheathing as needed",,
"06/24/2026","Permit Issued","RE2601543","(RE) - Electrical - 1 & 2 Unit Residential (Building)","7960 CREST AVE, Oakland CA 94605","Panel upgrade: 100Amp to 200Amp, no additional load",,
"06/24/2026","Permit Issued","LBP2600112","(LBP) - Lead Based Paint (Building)","2336 47TH AVE, OAKLAND CA 94601","Interior and exterior paint stabilization of wood trim",,
"06/24/2026",,"26TMP-026804","(RBC) - Building Residential Combo Alteration- 1 & 2 Unit Residential (Building)","2577 DURANT AVE, Oakland CA 94603","REMODEL OF (E) 860 SQ FT GARAGE TO BE CONVERTED INTO DUPLEX ADU",,
"06/24/2026","Inspections - In Progress","SL2601212","(SL) - Sewer Lateral (OPW)","955 LONGRIDGE RD, Oakland CA 94610","Repair/replace building sewer ON PROPERTY ONLY. SL & X required beyond PL. Overflow device may be needed. If working within 25' feet of a monument you must comply with State Law 8771, contact the Inspector prior to starting excavation: minimum $5,800.00 fine for non-compliance. USA # and date must be provided in order to have a permit issued. Permit valid for 90 days. If the work is to be performed on a designated “Creekside Property” the work will require a “Creek Protection Permit”. If the property is not currently flagged in Accela as a “Creekside Property” but work will be performed within 100’ of a creek channel, a “Creek Determination” should be conducted to determine if the work is subject to the Creek Protection Ordinance.  Call PWA INSPECTION prior to start: 510-238-3651 or email PWA_inspections@oaklandca.gov USA #2026062401012",,
"06/24/2026","Permit Issued","RE2601552","(RE) - Electrical - 1 & 2 Unit Residential (Building)","3817 ENOS AVE, Oakland CA 94619","100A main service panel.",,
"06/24/2026","Pending - Incomplete","BW26001936","(BW) - Building Worksheet (Building)","1018 18TH ST, Oakland CA 94607","Repair wood over kitchen window closest to entry Repair peeling paint around kitchen windows",,
"06/24/2026","Permit Issued","SEA2600570","SolarApp+ (For roof mounted residential solar projects not exceeding 38.4kw total done with SolarApp+- contractor use)","9004 SENECA ST, Oakland CA 94605","INSTALL RESIDENTIAL ROOF MOUNTED SOLAR PV & BATTERY SYSTEM: 5.28 KW DC, 4.56 KW AC SYSTEM SIZE - (12) PANELS, (12) MICROINVERTERS & (1) BATTERY",,
"06/24/2026","Inspections - In Progress","SL2601214","(SL) - Sewer Lateral (OPW)","2444 108TH AVE, Oakland CA 94603","Repair/replace sewer lateral and EXCAVATE in PUBLIC RIGHT-OF-WAY. Overflow device may be needed.  If working within 25' feet of a monument you must comply with State Law 8771, contact the Inspector prior to starting excavation: minimum $5,800.00 fine for non-compliance. Comply with all terms of City of Oakland Public Works Standards, Street Excavation Rules, Revised March 2015 and City Council Ordinance No. 13300 C.M.S. Five days prior notice required for work lasting five days or less in business/commercial districts; 72 hour notice in residential districts. Ten days prior notice required for work lasting six days or more in all districts. USA # and date must be provided in order to have a permit issued. Permit valid 90 days. If the work is to be performed on a designated “Creekside Property” the work will require a “Creek Protection Permit”. If the property is not currently flagged in Accela as a “Creekside Property” but work will be performed within 100’ of a creek channel, a “Creek Determination” should be conducted to determine if the work is subject to the Creek Protection Ordinance.  Call PWA INSPECTION prior to start: 510-238-3651 or email PWA_inspections@oaklandca.gov.",,
"06/24/2026","Permit Issued","E2601556","(E) - Electrical - 3+ Residential Units or Commercial (Building)","2304 9TH AVE, Oakland CA 94606","Adding two new sub panels, one on the main floor and one on the second floor. 87. New plugs 54 ceiling lights. Four sconces 10 GFI's 28 single switches and 12 aways switches.",,
"06/24/2026","Permit Issued","RM2600785","(RM) - Mechanical - 1 & 2 Unit Residential (Building)","5685 CARBERRY AVE, Oakland CA 94609","Replacing water heater and furnace",,
"06/24/2026","Certificate Issued","R2600784","(R) - ReRoof Certificate (Building)","4126 EMERALD ST, Oakland CA 94609","Replace main house roof with new comp shingles.",,
"06/24/2026","Intake-On Hold","RBC2601798","(RBC) - Building Residential Combo Alteration- 1 & 2 Unit Residential (Building)","3 DOWNEY PL, Oakland CA 94610","Master bathroom remodel. add a new kids bathroom between the master and the kids bedroom and closet. Remove one window from the old closet area. add 2 new windows , one on each bathroom. windows on the back side of the house.",,
"06/24/2026","Permit Issued","E2601553","(E) - Electrical - 3+ Residential Units or Commercial (Building)","1 AIRPORT DR, Oakland CA 94621","Existing panel to remain, altering receptacles, adding lighting, lighting control, and altering signage.",,
"06/24/2026","Permit Issued","CGS2601525","DOT - Curb Gutter Sidewalk Provisional Certificate","1938 62ND AVE, Oakland CA 94621",,,
"06/24/2026","Permit Issued","RE2601545","(RE) - Electrical - 1 & 2 Unit Residential (Building)","94 MAGGIORA DR, Oakland CA 94605","125A FPE Main Panel Replacement — Garage & Exterior Disconnect Installation",,
"06/24/2026","Permit Issued","RE2601555","(RE) - Electrical - 1 & 2 Unit Residential (Building)","546 NORTH ST, Oakland CA 94609","panel upgrade, 100amp to 200 amp no additional load",,
"06/24/2026",,"26TMP-028025","(RE) - Electrical - 1 & 2 Unit Residential (Building)","7214 HERBERT GUICE WY, Oakland CA 94621","main panel upgrade",,
"06/24/2026","Permit Issued","CGS2601523","DOT - Curb Gutter Sidewalk Provisional Certificate","402 NEWTON AVE, Oakland CA 94606",,,
"06/24/2026",,"26TMP-030427","(RBC) - Building Residential Combo Alteration- 1 & 2 Unit Residential (Building)","3171 SHEFFIELD AVE, Oakland CA 94602","Bathroom remodel.  New shower surround and custom shower pan.   Alcove tub.  Replace vanity.  no changes to floor plan.all wall coverings removed to framing.  partial Repair plaster between garage ceiling and habitable space (bedroom above) approximately 100 sq ft.",,
"06/24/2026","Inspections - In Progress","SL2601211","(SL) - Sewer Lateral (OPW)","722 55TH ST, Oakland CA 94609","Repair/replace sewer lateral and EXCAVATE in PUBLIC RIGHT-OF-WAY. An overflow device may be needed.  If working within 25' feet of a monument you must comply with State Law 8771, contact the Inspector prior to starting excavation: minimum $5,800.00 fine for non-compliance. Comply with all terms of City of Oakland Public Works Standards, Street Excavation Rules, Revised March 2015 and City Council Ordinance No. 13300 C.M.S. Five days prior notice required for work lasting five days or less in business/commercial districts: 72 hour notice in residential districts. Ten days prior notice required for work lasting six days or more in all districts. USA # and date must be provided in order to have a permit issued. Permit valid 90 days. If the work is to be performed on a designated “Creekside Property” the work will require a “Creek Protection Permit”. If the property is not currently flagged in Accela as a “Creekside Property” but work will be performed within 100’ of a creek channel, a “Creek Determination” should be conducted to determine if the work is subject to the Creek Protection Ordinance.  Call PWA INSPECTION prior to start: 510-238-3651 or email PWA_inspections@oaklandca.gov. USA # 2026021009607-000",,
"06/24/2026","Pending-Document Uploaded","R2600783","(R) - ReRoof Certificate (Building)","4902 BROADWAY, Oakland CA 94611","Remove and replace existing roof with new, approx. 46,000sqft",,
"06/24/2026","Assigned","BW26001938","(BW) - Building Worksheet (Building)","4107 RANDOLPH AVE, Oakland CA 94602","To partial abate CE2601907, Restore upper level back area to storage. Remove stove and cap off gas.",,
"06/24/2026","Intake - On Hold","RBC2601809","(RBC) New Construction - Single Family, Duplex or Accessory Structures","3253 Hollis ST, Oakland CA 94608 United States","To Complete Permit RBC1900940Construct 4-story 2,735sq.ft. new duplex in mini lot.""Bldg. 5"" (Unit A: 1,290sqft, 2bed/2bath, Unit B: 1,455 sq ft, 2bed/ 2bath) PLN18142 (Plans shared with 4 new other duplexes)",,
"06/24/2026","Permit Issued","SEA2600569","SolarApp+ (For roof mounted residential solar projects not exceeding 38.4kw total done with SolarApp+- contractor use)","7950 SHAY DR, Oakland CA 94605","intallation of a 9.20 KW sytem, roof mount. install 20 panels. 1 tesla battery power wall 3 , 1 Tesla battery expansion, 1 tesla Gateway , 1 existing sub panel repleasmnet and 1 Ev charger Hard wirer",,
"06/24/2026","Final","E2601548","(E) - Electrical - 3+ Residential Units or Commercial (Building)","3023 SUMMIT ST, Oakland CA 94609","Permit Number E2301073 was for temp power for our new cancer center project. We are no longer using temporary but this permit expired so we can not Final it to close it out.  A permit reinstatement can't happen due to this being 3 years old.  This permit will allow for C of O",,
"06/24/2026","Permit Issued","CGS2601521","DOT - Curb Gutter Sidewalk Provisional Certificate","4303 CHAMBERLIN CT, Oakland CA 94619",,,
"06/24/2026","Complete","BW26001940","(BW) - Building Worksheet (Building)","5343 BROADWAY TER, OAKLAND CA 94618","Minor water damage repair: Insulation and drywall repair",,
"06/24/2026","Pending - Incomplete","BW26001945","(BW) - Building Worksheet (Building)","389 SOMERSET RD, Oakland CA 94611","Deck Repairs: Sister rot damaged joists. Repair loose guardrail post and install new connection hardware.",,
"06/24/2026",,"26TMP-030395","(SL) - Sewer Lateral (OPW)","2615 CAMINO LENADA, Oakland CA 94611","Need to prove 2” kitchen line running to exterior of home is abandoned for EBMUD in order to schedule final PSL inspection.",,
"06/24/2026","Permit Issued","RE2601544","(RE) - Electrical - 1 & 2 Unit Residential (Building)","8647 THERMAL ST, Oakland CA 94605","Run new circuit for induction stove",,
"06/24/2026","Complete","BW26001937","(BW) - Building Worksheet (Building)","1709 GOSS ST, Oakland CA 94607","Updated heating system Sister studs in basement",,
"06/24/2026","Final","P2600806","(P) - Plumbing - 3+ Residential Units or commercial (Building)","734 WEBSTER ST, Oakland CA 94607","pluming for water sinks as per health department",,
"06/24/2026","Pending - Incomplete","BW26001941","(BW) - Building Worksheet (Building)","4535 REDDING ST, Oakland CA 94619","The scope of this work includes replacement of the existing wood balconies with no change in net area",,
"06/24/2026","Complete","BW26001933","(BW) - Building Worksheet (Building)","295 LENOX AVE, Oakland CA 94610","Remove and replace miscellaneous siding and trim like for like at various locations approx. 1400 sf",,
"06/24/2026","Certificate Issued","R2600782","(R) - ReRoof Certificate (Building)","4124 NORTON AVE, Oakland CA 94602","Tear-off One Layer, Install 2 Layers 30# Landmark SolarisClass A 18 squares",,
"06/24/2026","Inspections - In Progress","SL2601216","(SL) - Sewer Lateral (OPW)","3606 LUNDHOLM AVE, Oakland CA 94605","sewer lateral replacement from the property to the street main line",,
"06/24/2026","Permit Issued","E2601557","(E) - Electrical - 3+ Residential Units or Commercial (Building)","500 VERNON ST, OAKLAND CA 94610","Installation of a level 2 ev charger with load management device.",,
"06/24/2026","Permit Issued","CGS2601524","DOT - Curb Gutter Sidewalk Standard Compliance Certificate","5137 FAIRFAX AVE, Oakland CA 94601",,,
"06/24/2026","Permit Issued","RE2601542","(RE) - Electrical - 1 & 2 Unit Residential (Building)","1848 33RD AVE, Oakland CA 94601","Run new circuit for stove",,
"06/24/2026","On Hold","RBC2601789","(RBC) - Building Residential Combo Alteration- 1 & 2 Unit Residential (Building)","87 HAMILTON PL, Oakland CA 94612","Replace (4) Retrofit Windows in Bedrooms. Same Size, Same Locations.",,
"06/24/2026","Pending - Incomplete","BW26001946","(BW) - Building Worksheet (Building)","10066 BROADWAY TER, OAKLAND CA 94611","Repair existing deck waterproofing as needed on three front decks and install new slate tile finish over an approximate total area of 1,040 square feet.  We will use the same tile material as existing.",,
"06/24/2026","Permit Issued","P2600807","(P) - Plumbing - 3+ Residential Units or commercial (Building)","337 17TH ST, 101, OAKLAND CA 94612","new grease interceptor , pump, drain, water heater and cold and hot water lines",,
"06/24/2026","Pending - Incomplete","BW26001935","(BW) - Building Worksheet (Building)","785 52ND ST, Oakland CA 94609","Partial abate CE2602009: Retro permit for windows replaced by previous owner at 2 story, 4 unit apartment.  (20) windows. To complete expired permit B2203681, vehicle damage repairs to stucco wall.",,
"06/24/2026","Inspections - In Progress","SL2601213","(SL) - Sewer Lateral (OPW)","3001 JORDAN RD, Oakland CA 94602","Replace sewer lateral from house to city main on the street.",,
"06/24/2026","Certificate Issued","R2600786","(R) - ReRoof Certificate (Building)","2268 LEIMERT BLVD, Oakland CA 94602","Re-roof: 23SQ of tear-off and shingle installation, no redecking, plus 6SQ of modified bitumen system installation. Total roof surface is 29SQ.",,
"06/24/2026","Complete","BW26001939","(BW) - Building Worksheet (Building)","566 61ST ST, Oakland CA 94609","- remove (e) vinyl siding to expose (e) stucco- replace in kind windows @ 1st/2nd FLR.- (n) doors/windows @ 1st/2nd FLR.",,
"06/24/2026","Complete","BW26001947","(BW) - Building Worksheet (Building)","6824 SHERWICK DR, Oakland CA 94705","Residential driveway/garage-front repair to address City of Oakland Code Enforcement Case No. 2601696 and Notice of Violation for unpermitted work at the front driveway area. The cited violation references Oakland Municipal Code Sections 15.08.120 and 15.08.140, with the corrective action requiring permits for unpermitted alterations.Scope includes repair and permitting of the existing driveway/garage-front work area, including partial replacement of the existing concrete slab, waterproofing membrane over the substrate to protect framing below, installation of new surface linear drains, reconnection to existing drainage piping, doweling into the existing concrete slab, and pouring/finishing new concrete to match existing conditions. Existing residence, framing, crawlspace, and retaining walls to remain. No change to existing living area.",,
"06/24/2026","Pending - Incomplete","BW26001943","(BW) - Building Worksheet (Building)","1726 11TH AVE, Oakland CA 94606","dywajj",,
"06/24/2026","Inspections - In Progress","SL2601215","(SL) - Sewer Lateral (OPW)","2319 92ND AVE, Oakland CA 94603","sewer lateral replacement work will be done from the property to the street sidewalk",,
"06/24/2026","Pending-Document Uploaded","R2600785","(R) - ReRoof Certificate (Building)","2170 LEIMERT BLVD, Oakland CA 94602","Tear-off 1 layer of existing roof, Install Malarkey Highlander 29 sq",,
"06/24/2026","Pending - Incomplete","BW26001934","(BW) - Building Worksheet (Building)","2621 BARTLETT ST, Oakland CA 94602","remove unpermitted walls from existing room of MFD. Remove plumbing fixtures (toilet and sin)",,
"06/24/2026","Pending - Incomplete","BW26001942","(BW) - Building Worksheet (Building)","5672 CARBERRY AVE, Oakland CA 94609","Replacing the water heater and furnaces and sink in bathroom",,
"06/24/2026","On Hold - Field Check Pending","RBC2601808","(RBC) - Building Residential Combo Alteration- 1 & 2 Unit Residential (Building)","278 CAIRO RD, Oakland CA 94603","At existing single-family dwelling to replace an interior wall with two passages at 36"" and 72"" , No related MEPS . No exterior work. To partially abate code case NO 2506088.",,
"06/24/2026","On Hold","RBC2601807","(RBC) - Building Residential Combo Alteration- 1 & 2 Unit Residential (Building)","3171 SHEFFIELD AVE, Oakland CA 94602","Remodel bathroom 1 of 1.5: Replace shower with custom shower pan, replace vanity/sink at Single family dwelling. No wall layout changes or structural work.  M-E-P included. Paint included.",,
"06/24/2026","Pending - Incomplete","BW26001944","(BW) - Building Worksheet (Building)","7900 NEY AVE, Oakland CA 94605","Like for like replacement of exterior stairs. CE#2501764",,
"06/24/2026","Minor Engineer of Day Review","B2601806","(B) - Building Alteration - 3+ Residential Units or Commercial (Building)","3439 65TH AVE, Oakland CA 94605","At existing MFD, remove and rebuild rear stairs and railings in compliance with SB721 and E3. No other exterior work, no MEPs. DRX260815 and 26E3M00372.",,
"06/24/2026","Intake - Completed","X2600543","DOT - Excavation (X)","5114 BROADWAY, BLDG. D, OAKLAND CA 94611","Cablecom PM JB2528143 - MER. This project proposes to trench approx. 130ft from an existing CATV vault crossing Pleasant Valley Ave. Install 1 new CATV vault, (2)2"" conduit and a Comcast cable. Restore the affected areas. Trenching 130' x 3"".  Ensure that environmental controls are in place to prevent dust/debris/wastewater from contaminating environment. If working within 15 feet of a monument you must comply with State Law 8771, contact the Inspector prior to starting excavation: minimum $5,800.00 fine for non-compliance. Comply with all terms of City of Oakland Public Works Standards, Street Excavation Rules, Revised August 2021 and City Council Ordinance No. 13300 C.M.S. Five days’ prior notice required for work lasting five days or less in business/commercial districts: 72-hours’ notice in residential districts. Ten days prior notice required for work lasting six days or more in all districts. SCHEDULE INSPECTION at least 48 hours in advance at: http://oaklanddot.com/projects/search.html """,,
"06/24/2026","Intake - Completed","X2600542","DOT - Excavation (X)","464 W MACARTHUR BLVD, Oakland CA 94609","PG&E PM 35725071-PG&E to replace joint pole in same hole set, UG and OH services, UG secondary, splice boxes, remove span guy, install OH transformer and secondary breakers. PG&E to trench and restore. Trenching 574' x 18"" x 40"".  Ensure that environmental controls are in place to prevent dust/debris/wastewater from contaminating environment. If working within 15 feet of a monument you must comply with State Law 8771, contact the Inspector prior to starting excavation: minimum $5,800.00 fine for non-compliance. Comply with all terms of City of Oakland Public Works Standards, Street Excavation Rules, Revised August 2021 and City Council Ordinance No. 13300 C.M.S. Five days’ prior notice required for work lasting five days or less in business/commercial districts: 72-hours’ notice in residential districts. Ten days prior notice required for work lasting six days or more in all districts. SCHEDULE INSPECTION at least 48 hours in advance at: http://oaklanddot.com/projects/search.html """,,
"06/24/2026","On Hold","B2601805","(B) - Building Alteration - 3+ Residential Units or Commercial (Building)","685 14TH ST, Oakland CA 94612","At existing church, replace 2 windows with in-kind wood craft windows, maintaining look of building per DRX260842. No other exterior work, no MEPs.",,
"06/24/2026","On Hold","B2601804","(B) - Building Alteration - 3+ Residential Units or Commercial (Building)","1 LAKESIDE DR, UNIT 1805, OAKLAND CA 94612","Bathroom Remodel including converting shower over tub to walk in shower with curb in unit 1805 of Condominiums. No wall layout or exterior changes. Separate MEP required.",,
"06/24/2026","On Hold","B2601803","(B) - Building Alteration - 3+ Residential Units or Commercial (Building)","1 LAKESIDE DR, UNIT 808, OAKLAND CA 94612","At existing unit 808, remodel bathroom including: tub to shower conversion, new vanity, and new countertop. No layout changes. Separate MEPs required. No exterior work.",,
"06/24/2026","Final","RE2601554","(RE) - Electrical - 1 & 2 Unit Residential (Building)","5586 LAWTON AVE, Oakland CA 94618","car charger outlet",,
"06/24/2026","Permit Issued","P2600805","(P) - Plumbing - 3+ Residential Units or commercial (Building)","801 FRANKLIN ST, UNIT 1219, OAKLAND CA 94607","Install water shutoff valve in unit 1219 of condominiums.",,
"06/24/2026","Payment Received","ENMI26094","Minor Encroachment","2610 35TH AVE, Oakland CA 94619","One remediation well and two soil borings at a depth of up to 25 feet each within the public ROW fronting 2610 35th Avenue.The single remediation well will be constructed and used as an extraction well for the 7 day pilot study. It will then be converted to a permanent monitoring well. Soil borings will be installed at locations based on existing utilities and street parking space.Client will provide insurance and $25,000 performance bond. Additional permits/fees may be required including permits from outside agencies/utility companies. Applicant is responsible to submit plans that match to all applicable City Departments and must notify those Departments if/when revisions are made to the plans. Failure to do so may result in delays, additional fees and penalties. If working within 15' feet of a monument you must comply with State Law 8771, contact the Inspector prior to starting excavation: minimum $5,800.00 fine for non-compliance. The indenture agreement created for this encroachment application is not an authorization to perform work. Additional permit(s) may be required to do the work described.​",,
"06/24/2026","Routing - Completed","RBC2601802","(RBC) - Building Residential Combo Alteration- 1 & 2 Unit Residential (Building)","933 ALMA PL, Oakland CA 94610","At existing SFD expand existing 396sf basement by 118sf to create a 514sf office with half bath, replace retaining wall foundation at driveway and garage, replace driveway, and install French drain.  Includes lead-based paint abatement.  Includes all related MEP. DRX260721",,
"06/24/2026","On Hold","RBC2601801","(RBC) - Building Residential Combo Alteration- 1 & 2 Unit Residential (Building)","4484 MOUNTAIN VIEW AVE, Oakland CA 94605","At existing single-family dwelling to replace 3 retrofit windows. No change to header size or layout. 1-LIV RM, 2-KITCH. No related MEP's. ZW2601495.",,
"06/24/2026","Final","RP2600804","(RP) Plumbing - 1 & 2 Unit Residential (Building)","2162 35TH AVE, Oakland CA 94601","Cleanout installation",,
"06/24/2026","On Hold - Field Check Pending","RBC2601800","(RBC) - Building Residential Combo Alteration- 1 & 2 Unit Residential (Building)","1028 25TH AVE, Oakland CA 94601","2/20/25 Amnesty for ADU requested by Janathan West at counter visitOriginal Scope: LEGALIZE EXISTING BASEMENT RETROFIT WITH PREVIOUS PERMIT EXPIRED TO RAISE HOUSE AND BUILT A NEW EXTERIOR PERIMETER FOUNDATION 124 L/F FOUNDATION PERMIT NUMBER RBOOO2755 DATED 06-22-00LEGALIZE EXISTING ADU IN BASEMENT 2 BEDROOMS 1 B WHERE APPLICABLEATH KITCHEN, LIVING AND DINING 819 S.F. 8'-0"" CEILING HEIGHTUPDATE LOWER UNIT TO 2022 BUILDING CODE ELECTRICAL.MECHANICAL AND PLUMBING NO EXTERIOR CHANGES TO BUILDING. COMPLETION PERMIT FOR RB0503549.To abate 2402110.",,
"06/24/2026","On Hold - Field Check Pending","B2601799","(B) - Building Alteration - 3+ Residential Units or Commercial (Building)","540 23RD ST, 309, Oakland CA 94612","At existing MFD fire damage repair to unit #309 to restore unit back to its original condition as a 543sf 1bed/1bath unit.  No change to wall layout or exterior work.  Separate MEP permits required.",,
"06/24/2026","Permit Issued","RE2601551","(RE) - Electrical - 1 & 2 Unit Residential (Building)","2232 11TH AVE, Oakland CA 94606","At existing duplex main service upgrade to 200amp service with (2) meters.  New meter added to serve lower unit addressed as 2234 11th Ave.  Upper unit addressed as 2232 11th Ave.",,
"06/24/2026","On Hold - Field Check Pending","RBC2601797","(RBC) - Building Residential Combo Alteration- 1 & 2 Unit Residential (Building)","925 ROSE AVE, Oakland CA 94611","At 2story existing duplex to replace all windows in kind. No change to header size or layout. No related MEP's. Lead Paint included. To abate case code #2603001.",,
"06/24/2026","On Hold - Fee Due","B2601796","(B) - Building Alteration - 3+ Residential Units or Commercial (Building)","2112 FRUITVALE AVE, Oakland CA 94601","T-Mobile - At existing roof top telecommunication facility of existing building relocate, remove, and install telecom equipment.",,
"06/24/2026","Permit Issued","RE2601550","(RE) - Electrical - 1 & 2 Unit Residential (Building)","5911 HOWELL ST, Oakland CA 94609","Temporary power permit for PG&E Temp Power for construction",,
"06/24/2026","Minor Engineer of Day Review","RBC2601795","(RBC) - Building Residential Combo Alteration- 1 & 2 Unit Residential (Building)","6085 MAZUELA DR, Oakland CA 94611","At existing SFD voluntary floor support to stabilize the floor system above where smart jacks are installed.  No MEP.",,
"06/24/2026","Permit Issued","RE2601549","(RE) - Electrical - 1 & 2 Unit Residential (Building)","804 MANDANA BLVD, Oakland CA 94610","meter upgrade from 100A to 200A",,
"06/24/2026","Permit Issued","RBC2601794","(RBC) - Building Residential Combo Alteration- 1 & 2 Unit Residential (Building)","75 COLGETT DR, Oakland CA 94619","At existing SFD, replace 4 windows retrofit. No other exterior work, no MEPs. DRX260848.",,
"06/24/2026","Issued","B2601793","(B) - Building Alteration - 3+ Residential Units or Commercial (Building)","3631 MIDVALE AVE, Oakland CA 94602","At existing 4-plex unit #D replace (5) windows in the bedrooms, kitchen, and dining room.  No change to wall layout or header size. DRX260861",,
"06/24/2026","Permit Issued","OB2600766","Obstruction","250 FAIRMOUNT AVE, APT 127, OAKLAND CA 94611","Reserve 2 (50') NON-METERED parking space(s) in front of parcel only for dumpster, construction vehicle, moving van or storage pod. Post No-parking signs 72 hours prior in residential areas. No impact on traffic lane or sidewalk allowed, except as noted on TCP/X permit. NO-PARKING SIGNS SHALL PICKED UP BY APPLICANT AFTER PAYMENT TO ENFORCE PERMIT REQUIREMENT. To have illegally parked vehicle ticketed: Call 510-777-3333. Applicant arranges towing. Comply with terms set forth in CVC Section 22651 (m). For towed vehicle: Call 510-238-3021.",,
"06/24/2026","Permit Expired","OB2600765","Obstruction","1807 TELEGRAPH AVE, Oakland CA 94606","Reserve 4 METERED parking space(s) in front of parcel only for dumpster, construction vehicle, moving van or storage pod. No impact on traffic lane or sidewalk allowed, except as noted except as noted on TCP/X permit. NO-PARKING SIGNS SHALL PICKED UP BY APPLICANT AFTER PAYMENT TO ENFORCE PERMIT REQUIREMENT. To have illegally parked vehicle ticketed: Call 510-777-3333. Applicant arranges towing. Comply with terms set forth in CVC Section 22651 (m). For towed vehicle: Call 510-238-3021.For Semi truck & tour bus parkingOBSTRUCTIONS @ 530 19th ST.",,
"06/24/2026","Ready to Issue - Fee Due","CGS2601520","DOT - Curb Gutter Sidewalk Repair","1538 20TH AVE, Oakland CA 94606","NOTE: ***BEFORE any work in Right of Way, please schedule your inspection via http://oaklanddot.com/cgs/projects/search.html forty-eight hours in advance. Applicant is subject to fine if work is started WITHOUT scheduling a pre-inspection*** Repair sidewalk to City Standards (maximum 2%). If working within 25' feet of a monument you must comply with State Law 8771, contact the Inspector prior to starting excavation: minimum $5,800.00 fine for non-compliance. Comply with all terms of City of Oakland Public Works Standards, Street Excavation Rules, Revised March 2015 and City Council Ordinance No. 13300 C.M.S. Five day prior notice required for work lasting five days or less in business/commercial districts; 72 hour notice in residential districts. Ten day prior notice required for work lasting six days or more in all districts. USA #2026050600254, 05/06/2026",,
"06/24/2026","Permit Issued","OB2600764","Obstruction","821 WEBSTER ST, Oakland CA 94607","(See below) parking space(s) in front of parcel only for dumpster, construction vehicle, moving van or storage pod. No impact on traffic lane or sidewalk allowed, except as noted except as noted on TCP/X permit. NO-PARKING SIGNS SHALL PICKED UP BY APPLICANT AFTER PAYMENT TO ENFORCE PERMIT REQUIREMENT. To have illegally parked vehicle ticketed: Call 510-777-3333. Applicant arranges towing. Comply with terms set forth in CVC Section 22651 (m). For towed vehicle: Call 510-238-3021.Block 10'x6' portion of s/w with boom lift. Leave 5.5’ clear for pedestrian access, except as otherwise noted on TCP/X permit. No impact on traffic lane or parking, except as noted except as noted on TCP/X permit. Ensure that environmental controls are in place to prevent dust/debris/waste water from contaminating environment.August 10 – August 16, 2026: 3 parking spaces on the Webster Street side, in front of the property.August 17 – August 22, 2026: 2 parking spaces on the 8th Street side, within the property line.",,
"06/24/2026","On Hold","P2600803","(P) - Plumbing - 3+ Residential Units or commercial (Building)","1240 37TH AVE, Oakland CA 94601","At front of existing commercial building plumbing hook up for Vehicular Residential Facility. DRX260454",,
"06/24/2026","On Hold","E2601547","(E) - Electrical - 3+ Residential Units or Commercial (Building)","1240 37TH AVE, Oakland CA 94601","At front of existing commercial building electrical hook up for Vehicular Residential Facility. DRX260454",,
"06/24/2026","Void","RB2601792","Residential Building - Demolition","1711 24TH AVE, Oakland CA 94601","Demo 500 sqft of detached garage at rear of SFD. New ADU under RBC2601790. ADU250063.",,
"06/24/2026","On Hold","RBC2601791","(RBC) - Building Residential Combo Alteration- 1 & 2 Unit Residential (Building)","2915 KITCHENER CT, Oakland CA 94602","At existing SFD remodel kitchen including demolition of non-structural soffit that was used as a spacer for the existing cabinets.  Removal of soffit will not affect wall or ceiling framing or structure.  Includes all related MEP including new lighting and re-pipe.  Includes lead-based paint abatement.  No changes to wall layout or exterior work.",,
"06/24/2026","Intake - Completed","CGS2601519","DOT - Curb Gutter Sidewalk Repair","4830 WALNUT ST, Oakland CA 94619","Sidewalk repair NOTE: ***BEFORE any work in Right of Way, please call 510-238-3860 forty-eight hours in advance. Applicant is subject to fine if work is started WITHOUT scheduling a pre-inspection*** Install new driveway per approved plans per City Standard. If working within 25' feet of a monument you must comply with State Law 8771, contact the Inspector prior to starting excavation: minimum $5,800.00 fine for non-compliance. Comply with all terms of City of Oakland Public Works Standards, Street Excavation Rules, Revised March 2015 and City Council Ordinance No. 13300 C.M.S. Five-day prior notice required for work lasting five days or less in business/commercial districts: 72-hour notice in residential districts. Ten-day prior notice required for work lasting six days or more in all districts. USA# 2026050503283",,
"06/24/2026","On Hold","RE2601546","(RE) - Electrical - 1 & 2 Unit Residential (Building)","1130 75TH AVE, Oakland CA 94621","Upgrade existing residential electrical service from 100 amps to 240 amps. Install a new 240-amp surface mounted main service panel adjacent, reconnect existing branch circuits, provide required grounding and bonding upgrades, and coordinate utility disconnect and reconnect with PG&E. All work shall comply with the current California Electrical Code and City of Oakland requirements.",,
"06/24/2026","Void","RBC2601790","(RBC) New Construction - Single Family, Duplex or Accessory Structures","1713 24TH AVE, Oakland CA 94601","New 1135 sqft detached ADU consisting of 3 bedroom/ 2 bathroom at rear of duplex. MEP included. Proposed address is 1713 24TH AVE. ADU250063.",,
"06/24/2026","Permit Issued","CGS2601518","DOT - Curb Gutter Sidewalk Repair","2708 HUMBOLDT AVE, Oakland CA 94602","Install  per City Standard. If working within 25' feet of a monument you must comply with State Law 8771, contact the Inspector prior to starting excavation: minimum $5,800.00 fine for non-compliance. Comply with all terms of City of Oakland Public Works Standards, Street Excavation Rules, Revised March 2015 and City Council Ordinance No. 13300 C.M.S. Five day prior notice required for work lasting five days or less in business/commercial districts; 72 hour notice in residential districts. Ten day prior notice required for work lasting six days or more in all districts. USA # and date must be provided in order to have a permit issued. SCHEDULE AN INSPECTION FOR EXCAVATION http://oaklanddot.com/cgs/projects/search.html",,
"06/24/2026","Permit Issued","RBC2601788","(RBC) - Building Residential Combo Alteration- 1 & 2 Unit Residential (Building)","1226 95TH AVE, Oakland CA 94603","At existing SFD, remodel of guest bathroom and kitchen, like for like, no layout changes. No exterior work. Includes related MEP's.",,
"06/24/2026","On Hold","B2601787","(B) - Building Alteration - 3+ Residential Units or Commercial (Building)","21 DEERING CT, Oakland CA 94601","At residential four-plex: Replace 3 windows with no change to size, layout, or style. Mechanical, electrical, and plumbing requires separate permits.",,
"06/24/2026","On Hold - Field Check Pending","RBC2601786","(RBC) - Building Residential Combo Alteration- 1 & 2 Unit Residential (Building)","22 MURDOCK CT, Oakland CA 94605","To abate CE Case #2602931. At single-family dwelling: New windows, update bathrooms, update kitchen, electrical, hvac, no changes to walls. To include related mechanical, electrical, and plumbing.",,
"06/24/2026","On Hold","B2601785","(B) - Building Alteration - 3+ Residential Units or Commercial (Building)","1554 FRUITVALE AVE, Oakland CA 94601","At multi-family dwelling: Replacement of (5) windows which have been specified in the site plan. (4) of the windows which will be replaced on the rear of the building and side of the building will be vinyl to match other existing vinyl windows.The window at the front of the building which is specified in the site plan and window specifications will be a wood craft window to match the aesthetic and existing windows at the front of the building.",,
"06/24/2026","Routing - Completed","RBC2601784","(RBC) - Building Residential Combo Alteration- 1 & 2 Unit Residential (Building)","3009 HUMBOLDT AVE, Oakland CA 94602","At single-family dwelling: To remove existing rear deck and trellis. Construct a new sunroom within the same footprint. To include related electrical. DRX260795",,
"06/23/2026","Permit Issued","E2601530","(E) - Electrical - 3+ Residential Units or Commercial (Building)","575 MARITIME ST, Oakland CA 94607","Solar Line-Side Interconnection Inspection",,
"06/23/2026","Permit Issued","CGS2601511","DOT - Curb Gutter Sidewalk Standard Compliance Certificate","3328 HERRIER ST, Oakland CA 94602",,,
"06/23/2026","Certificate Issued","R2600776","(R) - ReRoof Certificate (Building)","7581 STERLING DR, Oakland CA 94605","Reroof, main house, tear off, Re-deck, 15 SQ. Shingles",,
"06/23/2026","Permit Issued","CGS2601508","DOT - Curb Gutter Sidewalk Exemption Certificate","5405 CARLTON ST, Oakland CA 94618",,,
"06/23/2026","Refund","TR-ND26-00068","(ND) - Non-Developmental Tree Permit (OPW)","6948 FOOTHILL BLVD, Oakland CA 94605","Tree removal permit application to remove (1) London Planetree (Platanus x hispanica) due to the tree and its roots causing significant damage to the MacArthur boulevard sidewalk. The tree is located on the MacArthur boulevard facing side of the Foothill Family Apartments Renovation at 6948 Foothill Blvd, Oakland, CA 94605.",,
"06/23/2026","Permit Issued","CGS2601517","DOT - Curb Gutter Sidewalk Standard Compliance Certificate","3948 GLEN PARK RD, Oakland CA 94602",,,
"06/23/2026","Permit Issued","RE2601532","(RE) - Electrical - 1 & 2 Unit Residential (Building)","7806 OUTLOOK AVE, Oakland CA 94605","MAIN SERVICE PANEL UPGRADE TO 225A SERVICE + INSTALL EV CHARGER",,
"06/23/2026","Permit Issued","CGS2601510","DOT - Curb Gutter Sidewalk Standard Compliance Certificate","8811 A ST, Oakland CA 94621",,,
"06/23/2026","Certificate Issued","R2600780","(R) - ReRoof Certificate (Building)","5018 MOUNTAIN BLVD, Oakland CA 94619","remove existing roof to bare deck, install synthetic underlayment install a,uinum seamless fascia gutters and gutter guards install class A cool roof landmark certainteed shingles",,
"06/23/2026","Scheduled Appointment","BW26001924","(BW) - Building Worksheet (Building)","7541 OUTLOOK AVE, Oakland CA 94605","Revision to approved permit. Remove office partition wall, relocate kitchen location to old office location. 10' sliding door. Remove proposed window in family room. Add headers shown on A2.3. New detached garage and parking pad.",,
"06/23/2026","Certificate Issued","R2600778","(R) - ReRoof Certificate (Building)","230 FRISBIE ST, Oakland CA 94611","Replace the house roof with new Landmark composition shingles.",,
"06/23/2026","Pending-Document Uploaded","R2600775","(R) - ReRoof Certificate (Building)","3165 JORDAN RD, Oakland CA 94602","FULL TEAR OFF TO INSTALL NEW 2900 SQFT OF COMP SHINGLES",,
"06/23/2026","Permit Issued","CGS2601512","DOT - Curb Gutter Sidewalk Exemption Certificate","2028 DAMUTH ST, Oakland CA 94602",,,
"06/23/2026","Permit Issued","RE2601536","(RE) - Electrical - 1 & 2 Unit Residential (Building)","35 ROSS CIR, Oakland CA 94618","(1) CHARGEPOINT HOME FLEX LEVEL 2 EV CHARGER",,
"06/23/2026","Permit Issued","CGS2601505","DOT - Curb Gutter Sidewalk Standard Compliance Certificate","3215 FRUITVALE AVE, Oakland CA 94602",,,
"06/23/2026","Inspections - In Progress","SL2601209","(SL) - Sewer Lateral (OPW)","9500 GOLF LINKS RD, Oakland CA 94605","sewer lateral replacement from the property only",,
"06/23/2026","Assigned","BW26001925","(BW) - Building Worksheet (Building)","1218 E 21ST ST, Oakland CA 94606","REFERNCING TO CITY CITATION NUMBER: 2506170  LEGALIZING ADDITIONAL BEDROOMS - TOTAL 20 BEDROOMS, ONE STORAGE IN BASEMENT.LEGALIZE ADDITIONAL KITCHEN TOTAL 2 KITCHENS IN THE BUILDINGADD BUILDING NUMBER TO FRONT ELEVATION. NO CHANGE IN LANDSCAPE, BUILDING FOOTPRINT & BUILDING ENVELOPE. IN EACH ROOM, THERE IS ONE BED. FOR ROOMING UNITS EACH TWO BEDS COUNT AS ONE UNIT. MEANING THAT WE HAVE 10 [ROOMING] UNITS. PER CITY ORDINANCE ABOVE 6 UNITS, WE NEED 1500 SF OF LOT AREA.SO, THIS MEANS THAT IN TOTAL WE NEED 15,000 SF OF LOT WHICH WE HAVE 15,000 LOT AREA WITH 1218 E LOT + CONTINGENT LOT WHICH IS OWNED BY THE SAME OWNER.",,
"06/23/2026","Permit Issued","RE2601539","(RE) - Electrical - 1 & 2 Unit Residential (Building)","3006 CARLSEN ST, Oakland CA 94602","Install new 90 amp Sub Panel in basement. Remove and replace all remaining knob and tube wiring in place throughout home.",,
"06/23/2026",,"26TMP-030117","(ND) - Non-Developmental Tree Permit (OPW)","4368 LINCOLN AVE, Oakland CA 94602","On site, there are two oak trees located on a hillside that are leaning toward the neighboring residence. The property owner has requested removal of both trees. The neighboring residents have also expressed concerns regarding the lean and proximity of the trees toward their home.-The trees are both between 13-18"" DBH and 16-30' tall.",,
"06/23/2026","Permit Issued","CGS2601515","DOT - Curb Gutter Sidewalk Exemption Certificate","1217 67TH ST, Oakland CA 94608",,,
"06/23/2026","Permit Issued","RE2601533","(RE) - Electrical - 1 & 2 Unit Residential (Building)","2871 MORGAN AVE, Oakland CA 94602","Upgrade 100 AMP MSP with new 200 AMP MSP, install 200 AMP service mast, install 200 AMP grounding system, install whole home surge protection, 50 AMP dedicated EV circuit.",,
"06/23/2026","Certificate Issued","R2600781","(R) - ReRoof Certificate (Building)","4494 ARCADIA AVE, Oakland CA 94602","Remove and dispose of the existing roof system, a total of 1,900 square feet, install new 7/16"" OSB wood substrate, new underlayment, and new CertainTeed Landmark Solaris shingles.",,
"06/23/2026","Permit Issued","SEA2600567","SolarApp+ (For roof mounted residential solar projects not exceeding 38.4kw total done with SolarApp+- contractor use)","4112 HARBOR VIEW AVE, Oakland CA 94619","(N) 26 roof mounted solar panels(N) 1 Tesal PW3(N) 1 Tesla DC expansion",,
"06/23/2026","Permit Issued","RM2600780","(RM) - Mechanical - 1 & 2 Unit Residential (Building)","78 ELYSIAN FIELDS DR, Oakland CA 94605","provide and install one fan coil and heat pump with new ducting",,
"06/23/2026","Certificate Issued","R2600777","(R) - ReRoof Certificate (Building)","5311 JAMES AVE, Oakland CA 94618","re-roofing with in kind materials one layer of diamond deck underlayment. New Certainteed landmark pro shingles",,
"06/23/2026","Permit Issued","CGS2601506","DOT - Curb Gutter Sidewalk Standard Compliance Certificate","2000 82ND AVE, Oakland CA 94621",,,
"06/23/2026","Permit Issued","SEA2600563","SolarApp+ (For roof mounted residential solar projects not exceeding 38.4kw total done with SolarApp+- contractor use)","1950 AUSEON AVE, Oakland CA 94621","8- Q.PEAK DUO BLK ML-G10.C+ 410 solar modules1 -1707000-XX-Y {11.5kW} inverter1 - 1707000-XX-Y {11.5kW} ESSSystem Size: 3.28 kW DC (11.5 kW AC)",,
"06/23/2026",,"26TMP-030251","(BW) - Building Worksheet (Building)","3718 GREEN ACRE RD, Oakland CA 94619","ADU Resumit Plans with title 24",,
"06/23/2026",,"26TMP-030179","DOT - Curb Gutter Sidewalk Provisional Certificate","1217 67TH ST, Oakland CA 94608",,,
"06/23/2026","Permit Issued","SEA2600564","SolarApp+ (For roof mounted residential solar projects not exceeding 38.4kw total done with SolarApp+- contractor use)","7806 OUTLOOK AVE, Oakland CA 94605","5.46 KW PV ARRAY + 27 KWH ENERGY STORAGE SYSTEM",,
"06/23/2026","Permit Issued","CGS2601502","DOT - Curb Gutter Sidewalk Standard Compliance Certificate","683 MANDANA BLVD, Oakland CA 94610",,,
"06/23/2026","Permit Issued","RE2601529","(RE) - Electrical - 1 & 2 Unit Residential (Building)","78 ELYSIAN FIELDS DR, Oakland CA 94605","run dedicated electric circuit for new heat pump",,
"06/23/2026","Permit Issued","CGS2601504","DOT - Curb Gutter Sidewalk Standard Compliance Certificate","5170 SADDLE BROOK DR, Oakland CA 94619",,,
"06/23/2026","Inspections - In Progress","SL2601210","(SL) - Sewer Lateral (OPW)","5819 PATTON ST, Oakland CA 94618","Testing the line, if test fails it will be a full sewer lateral replacement",,
"06/23/2026","Intake - On Hold","E2601527","(E) - Electrical - 3+ Residential Units or Commercial (Building)","301 E 18TH ST, Oakland CA 94606","Voluntary plan check. Submitting required trade permit per inspector for Trash Enclosure – Building Permit B2600068",,
"06/23/2026","Pending - Incomplete","BW26001929","(BW) - Building Worksheet (Building)","1032 ANNERLEY RD, Oakland CA 94610","Fire and Kitchen remodel per existing permits RBC2504090 and RBC2503910",,
"06/23/2026","Permit Issued","SEA2600562","SolarApp+ (For roof mounted residential solar projects not exceeding 38.4kw total done with SolarApp+- contractor use)","435 43RD ST, Oakland CA 94609","8 Q.PEAK DUO BLK ML-G10.C+ 410 solar modules1 1707000-XX-Y {11.5kW} inverter1 1707000-XX-Y {11.5kW} ESSSystem Size: 3.28 kW DC (11.5 kW AC)",,
"06/23/2026","Permit Issued","SEA2600566","SolarApp+ (For roof mounted residential solar projects not exceeding 38.4kw total done with SolarApp+- contractor use)","163 RISHELL DR, Oakland CA 94619","INSTALL 6.15KW (15) PV; (1) ESS POWERWALL 3 = 11.5KW; 13.5KWH; (1) BUS",,
"06/23/2026","Inspections - In Progress","SL2601205","(SL) - Sewer Lateral (OPW)","1430 38TH AVE, Oakland CA 94601","Repair/replace sewer lateral and EXCAVATE in PUBLIC RIGHT-OF-WAY. Overflow device may be needed. If working within 15' feet of a monument you must comply with State Law 8771, contact the Inspector prior to starting excavation: minimum $5,800.00 fine for non-compliance. Comply with all terms of City of Oakland Public Works Standards, Street Excavation Rules, Revised March 2015 and City Council Ordinance No. 13300 C.M.S. Five days prior notice required for work lasting five days or less in business/commercial districts; 72 hour notice in residential districts. Ten days prior notice required for work lasting six days or more in all districts. USA # and date must be provided in order to have a permit issued. Permit valid 180 days. If the work is to be performed on a designated “Creekside Property” the work will require a “Creek Protection Permit”. If the property is not currently flagged in Accela as a “Creekside Property” but work will be performed within 100’ of a creek channel, a “Creek Determination” should be conducted to determine if the work is subject to the Creek Protection Ordinance. Permit valid 180 days. PRIOR TO START, please schedule your inspection via the contractor's mobile app: https://citygovapp.com/app/opwirprod.htm USA#",,
"06/23/2026","Permit Issued","RE2601540","(RE) - Electrical - 1 & 2 Unit Residential (Building)","3144 PLEITNER AVE, Oakland CA 94602","Replace existing sub panel with new sub panel in same location. Remove and replace all knob and tube in home in existing locations.",,
"06/23/2026","Permit Issued","SEA2600565","SolarApp+ (For roof mounted residential solar projects not exceeding 38.4kw total done with SolarApp+- contractor use)","1508 WILLOW ST, Oakland CA 94607","10-Q.PEAK DUO BLK ML-G10.C+ 410 solar modules1-1707000-XX-Y {11.5kW} inverter1- 1707000-XX-Y {11.5kW} ESSSystem Size: 4.1 kW DC (11.5 kW AC)",,
"06/23/2026","Intake - On Hold","P2600800","(P) - Plumbing - 3+ Residential Units or commercial (Building)","301 E 18TH ST, Oakland CA 94606","Voluntary plan check. Submitting required trade permit per inspector for Trash Enclosure – Building Permit B2600068",,
"06/23/2026","Permit Issued","CGS2601513","DOT - Curb Gutter Sidewalk Standard Compliance Certificate","675 8TH ST, Oakland CA 94607",,,
"06/23/2026","Permit Issued","RE2601541","(RE) - Electrical - 1 & 2 Unit Residential (Building)","392 ADAMS ST, 394, Oakland CA 94610","Upgrade main panel from 100A to 200A.",,
"06/23/2026","Inspections - In Progress","SL2601208","(SL) - Sewer Lateral (OPW)","970 39TH ST, Oakland CA 94608","we will replace approximately 80ft of sewer lateral from the property to the street main line",,
"06/23/2026","Permit Issued","RM2600783","(RM) - Mechanical - 1 & 2 Unit Residential (Building)","926 CHESTER ST, Oakland CA","Mitsubishi MUZ/MSZ-WX Wall Mounted Heating & Cooling 12K BTU, Install new dedicated electrical circuit",,
"06/23/2026","Permit Issued","RE2601537","(RE) - Electrical - 1 & 2 Unit Residential (Building)","1210 EVERETT AVE, Oakland CA 94602","upgrading 100/amp meter panel for a 200/amp meter panel",,
"06/23/2026","Certificate Issued","R2600779","(R) - ReRoof Certificate (Building)","22 CHAMBERS LN, Oakland CA 94611","Install 3-ply APP modified bitumen 24SQ",,
"06/23/2026","Permit Issued","P2600802","(P) - Plumbing - 3+ Residential Units or commercial (Building)","323 63RD ST, Oakland CA 94618","Unit C condo in 4 unit building Replace toilet, and bathroom sink and shower valve, kitchen sink and dishwasher in same location. Kitchen cabinets to remain. Replace water heater with heat pump. GC Lic 354624 B and C10 plumbing",,
"06/23/2026","Permit Issued","RM2600778","(RM) - Mechanical - 1 & 2 Unit Residential (Building)","5822 SHATTUCK AVE, Oakland CA 94609","Decommission existing furnace & replace with 2 Ton Fujitsu Heat Pump & Two Head Quilt Minisplit system.",,
"06/23/2026","Permit Issued","RM2600784","(RM) - Mechanical - 1 & 2 Unit Residential (Building)","542 MIDCREST RD, Oakland CA 94610","Install new heat pump, replace furnace with air handler in same location",,
"06/23/2026","Pending - Incomplete","BW26001930","(BW) - Building Worksheet (Building)","2468 E 21ST ST, Oakland CA 94601","Repair balcony.",,
"06/23/2026","Permit Issued","CGS2601503","DOT - Curb Gutter Sidewalk Standard Compliance Certificate","1738 10TH ST, Oakland CA 94607",,,
"06/23/2026","Inspections - In Progress","SL2601207","(SL) - Sewer Lateral (OPW)","3064 FORD ST, Oakland CA 94601","To replace existing 4"" sewer lateral from house connections to city main outlet connection on street by trench less method using new 4"" SDR-17 pipe and clean outs to code.",,
"06/23/2026","Permit Issued","RE2601535","(RE) - Electrical - 1 & 2 Unit Residential (Building)","7919 PHAETON DR, Oakland CA 94605","27 KWH ENERGY STORAGE SYSTEM + 125A LOAD CENTER",,
"06/23/2026","Permit Issued","CGS2601501","DOT - Curb Gutter Sidewalk Standard Compliance Certificate","33 RAMONA AVE, Oakland CA 94611",,,
"06/23/2026","Permit Issued","CGS2601516","DOT - Curb Gutter Sidewalk Standard Compliance Certificate","7650 NEY AVE, Oakland CA 94605",,,
"06/23/2026",,"26TMP-030204","(RBC) - Building Residential Combo Alteration- 1 & 2 Unit Residential (Building)","9524 THERMAL ST, Oakland CA 94605","1 Re-addressed retaining  on the northern east side of the property 2.Re-addressed front porch3. Convert  the existing master bedroom closet into a new bathroom in the master bedroom 4.Open a new window on the porch side facing the porch",,
"06/23/2026","Assigned","BW26001926","(BW) - Building Worksheet (Building)","401 Monte Vista AVE, 306, Oakland CA 94611 United States","Remodel bathroom from shower/tub combo to walk in shower and replace vanity.",,
"06/23/2026","Permit Issued","RM2600781","(RM) - Mechanical - 1 & 2 Unit Residential (Building)","2215 MANZANITA DR, Oakland CA 94611","installing 5 ton down flow gas system like for like",,
"06/23/2026","Permit Issued","RE2601538","(RE) - Electrical - 1 & 2 Unit Residential (Building)","5323 BROADWAY, Oakland CA 94618","Upgrade existing 125 A overhead main panel to a new 225A overhead main panel.",,
"06/23/2026","Permit Issued","RM2600782","(RM) - Mechanical - 1 & 2 Unit Residential (Building)","16040 BROADWAY TER, OAKLAND CA 94611","Replace existing furnace with Air Handler and add Heat Pump with HERS Test.",,
"06/23/2026",,"26TMP-027280","(BW) - Building Worksheet (Building)","665 ALCATRAZ AVE, Oakland CA 94609","Repair of Second-floor exterior elevated elements in compliance with SB721 requirements, which includes: repairing all rotted joists as specified on the structural details. Also, strengthen the loose railing connection as shown on structural details. 663–665 Alcatraz Ave, Oakland, CA 94609 (Units 1–8).",,
"06/23/2026","Permit Issued","SEA2600568","SolarApp+ (For roof mounted residential solar projects not exceeding 38.4kw total done with SolarApp+- contractor use)","2222 HIGH ST, Oakland CA 94601","10- Q.PEAK DUO BLK ML-G10.C+ 410 solar modules1-1707000-XX-Y {11.5kW} inverter1-1707000-XX-Y {11.5kW} ESSSystem Size: 4.1 kW DC (11.5 kW AC)",,
"06/23/2026","Pending - Incomplete","BW26001932","(BW) - Building Worksheet (Building)","7030 BUCKINGHAM BLVD, Oakland CA 94705","Kitchen remodel. Total work area: 215 sq. ft.. New cabinets, new countertops, new appliances. Relocation of living room opening. No new windows and no exterior work.",,
"06/23/2026","Complete","BW26001931","(BW) - Building Worksheet (Building)","432 FLORENCE AVE, Oakland CA 94618","Revision to RBC2503879Adding Porch Revision Documents to existing Permit RBC2503879",,
"06/23/2026","On Hold - Field Check Pending","RBC2601783","(RBC) - Building Residential Combo Alteration- 1 & 2 Unit Residential (Building)","9700 D ST, Oakland CA 94603","To abate CE2502685: Repair and legalize unpermitted work done in the property, resulting in three dwelling units (one [1002SF] 4-bedroom/1-bathroom unit on the first floor, one [608.3FT] 2-Bedroom/1-bathroom ADU on first floor and one 4 bedroom/2-bathroom unit on second floor) Converted basement space as first floor. M-E-P included. Paint included. 2nd unit address: 9702 D Street, ADU address: 9704 D Street.",,
"06/23/2026","On Hold","RBC2601782","(RBC) - Building Residential Combo Alteration- 1 & 2 Unit Residential (Building)","141 RISHELL DR, Oakland CA 94619","Replaced retrofit windows and sliding patio doors (like for like, same location, same size). DRX260864",,
"06/23/2026","Minor Engineer of Day Review","RBC2601781","(RBC) - Building Residential Combo Alteration- 1 & 2 Unit Residential (Building)","572 61ST ST, Oakland CA 94609","At SFD attached single car garage with interior non-load bearing walls, new lighting and receptacles, install gypsum finished walls as well as adding (2) 1'8""x24"" fixed windows to side elevation of garage. Electrical included. Paint included.",,
"06/23/2026","Intake - Completed","X2600541","DOT - Excavation (X)","3374 GRAND AVE, Oakland CA 94610","PG&E PM 35728584-PG&E to cut off existing gas service at the main. PG&E to trench and restore.  Ensure that environmental controls are in place to prevent dust/debris/wastewater from contaminating environment. If working within 15 feet of a monument you must comply with State Law 8771, contact the Inspector prior to starting excavation: minimum $5,800.00 fine for non-compliance. Comply with all terms of City of Oakland Public Works Standards, Street Excavation Rules, Revised August 2021 and City Council Ordinance No. 13300 C.M.S. Five days’ prior notice required for work lasting five days or less in business/commercial districts: 72-hours’ notice in residential districts. Ten days prior notice required for work lasting six days or more in all districts. SCHEDULE INSPECTION at least 48 hours in advance at: http://oaklanddot.com/projects/search.html """,,
"06/23/2026","On Hold - Fee Due","RBC2601780","(RBC) - Building Residential Combo Alteration- 1 & 2 Unit Residential (Building)","827 E 20TH ST, Oakland CA 94606","New 2-story addition for 424 sqft ADU consisting of 1 bedroom/ 1 bathroom in lower level and 506 sqft addition on main floor for new bedroom, closet and bathroom at rear of SFD. MEP included. Proposed address is 829 E 20TH ST. ADU260084. DS260135",,
"06/23/2026","Permit Expired","OB2600763","Obstruction","699 BELLEVUE AVE, Oakland CA 94609","Reserve 20 (500’) non-metered parking spaces for closure of the south side parking lane on Grand Ave, between Bellevue and Perkins, for the Lakefest event on Saturday, 6/27/26. Post No-parking signs 72 hours prior in residential areas. No impact on traffic lane or sidewalk allowed. To have illegally parked vehicle ticketed: Call 510-777-3333. Applicant arranges towing. Comply with terms set forth in CVC Section 22651 (m). For towed vehicle: Call 510-238-3021.",,
"06/23/2026","Complete","BW26001928","(BW) - Building Worksheet (Building)","2708 HUMBOLDT AVE, Oakland CA 94602","(REVISION TO RBC2501293)Planning/Zoning and Building Plan Check Revision. Scope of work this permit revision includes demo the existing driveway and replace a section of driveway with new concrete. New post for future fence & gate. Replace section of existing sidewalk and replace existing curb cut. Updates to kitchen cabinet layout and electrical.",,
"06/23/2026","Intake - Completed","X2600540","DOT - Excavation (X)","6510 TELEGRAPH AVE, Oakland CA 94609","PG&E PM 47171105 PG&E to excavate to verify Install 1 50lbs anode, new cathode wire and Bring all wires up to a G5 ETS box for monitoring Restoration to follow.  Trenching approx 4' x 4'.  Ensure that environmental controls are in place to prevent dust/debris/wastewater from contaminating environment. If working within 15 feet of a monument you must comply with State Law 8771, contact the Inspector prior to starting excavation: minimum $5,800.00 fine for non-compliance. Comply with all terms of City of Oakland Public Works Standards, Street Excavation Rules, Revised August 2021 and City Council Ordinance No. 13300 C.M.S. Five days’ prior notice required for work lasting five days or less in business/commercial districts: 72-hours’ notice in residential districts. Ten days prior notice required for work lasting six days or more in all districts. SCHEDULE INSPECTION at least 48 hours in advance at: http://oaklanddot.com/projects/search.html """,,
"06/23/2026","Intake - Completed","X2600539","DOT - Excavation (X)","707 JEFFERSON ST, Oakland CA 94607","PG&E PM 47348367 PG&E to excavate in the public ROW to repair a gas leak. restoration to follow.  Trenching approx. 4' x 4'.  Ensure that environmental controls are in place to prevent dust/debris/wastewater from contaminating environment. If working within 15 feet of a monument you must comply with State Law 8771, contact the Inspector prior to starting excavation: minimum $5,800.00 fine for non-compliance. Comply with all terms of City of Oakland Public Works Standards, Street Excavation Rules, Revised August 2021 and City Council Ordinance No. 13300 C.M.S. Five days’ prior notice required for work lasting five days or less in business/commercial districts: 72-hours’ notice in residential districts. Ten days prior notice required for work lasting six days or more in all districts. SCHEDULE INSPECTION at least 48 hours in advance at: http://oaklanddot.com/projects/search.html """,,
"06/23/2026","Payment Received","CGS2601514","DOT - Curb Gutter Sidewalk Provisional Certificate","5963 MACCALL ST, Oakland CA 94609",,,
"06/23/2026","Assigned","BW26001927","(BW) - Building Worksheet (Building)","447 43RD ST, Oakland CA 94609","Add to existing deck, replace decking material as needed.",,
"06/23/2026","Permit Issued","E2601534","(E) - Electrical - 3+ Residential Units or Commercial (Building)","1933 PERALTA ST, Oakland CA 94607","At commercial warehouse: Addition and relocation of lights and lighting controls, addition of panels and transformers to feed new receptacles and equipment feeds throughout.",,
"06/23/2026","Intake - Completed","X2600538","DOT - Excavation (X)","3038 HARRISON ST, Oakland CA 94611","PG&E PM 47344887 PG&E to excavate in the public ROW to repair a gas leak. restoration to follow.  Trenching approx. 4' x 4'.  Ensure that environmental controls are in place to prevent dust/debris/wastewater from contaminating environment. If working within 15 feet of a monument you must comply with State Law 8771, contact the Inspector prior to starting excavation: minimum $5,800.00 fine for non-compliance. Comply with all terms of City of Oakland Public Works Standards, Street Excavation Rules, Revised August 2021 and City Council Ordinance No. 13300 C.M.S. Five days’ prior notice required for work lasting five days or less in business/commercial districts: 72-hours’ notice in residential districts. Ten days prior notice required for work lasting six days or more in all districts. SCHEDULE INSPECTION at least 48 hours in advance at: http://oaklanddot.com/projects/search.html """,,
"06/23/2026","Intake - Completed","X2600537","DOT - Excavation (X)","400 HIGH ST, Oakland CA 94601","Cablecom PM JB2633199 - MEW. This project proposes to trench approx. 674ft from 2 existing utility poles and 5new CATV vaults along Coliseum Way and High St. and trench 15ft from an existing utility pole and 1new CATV vault along High St. Install 6new CATV vaults, (2)2"" conduit and a Comcast cable. Restore the affected areas. Trenching 689' x 3'.  Ensure that environmental controls are in place to prevent dust/debris/wastewater from contaminating environment. If working within 15 feet of a monument you must comply with State Law 8771, contact the Inspector prior to starting excavation: minimum $5,800.00 fine for non-compliance. Comply with all terms of City of Oakland Public Works Standards, Street Excavation Rules, Revised August 2021 and City Council Ordinance No. 13300 C.M.S. Five days’ prior notice required for work lasting five days or less in business/commercial districts: 72-hours’ notice in residential districts. Ten days prior notice required for work lasting six days or more in all districts. SCHEDULE INSPECTION at least 48 hours in advance at: http://oaklanddot.com/projects/search.html """,,
"06/23/2026","Inspections - In Progress","SL2601206","(SL) - Sewer Lateral (OPW)","3203 MONTEREY BLVD, Oakland CA 94602",,,
"06/23/2026","On Hold","B2601779","(B) - Building Alteration - 3+ Residential Units or Commercial (Building)","984 34TH ST, Oakland CA 94608","At a multi-family dwelling: Full kitchen and bathroom remodel, no walls or layout changes. Bedroom window and frame replaced like for like; 200 sq ft of wall board to be replaced; Bathroom window and frame to be replaced with vinyl insert in same opening; front entryway door frame to be replaced; existing wall heater to be replaced like for like. Separate MEP's required. To abate code enforcement #2401041.",,
"06/23/2026","Permit Issued","E2601531","(E) - Electrical - 3+ Residential Units or Commercial (Building)","650 85TH AVE, Oakland CA 94621","Adding 200Amp Sub-Panel and (13) disconnects",,
"06/23/2026","Inspections - In Progress","SL2601204","(SL) - Sewer Lateral (OPW)","5745 BALBOA DR, Oakland CA 94611","Repair/replace building sewer ON PROPERTY ONLY. SL & X required beyond PL. Overflow device may be needed. If working within 25' feet of a monument you must comply with State Law 8771, contact the Inspector prior to starting excavation: minimum $5,800.00 fine for non-compliance. USA # and date must be provided in order to have a permit issued. Permit valid for 180 days. If the work is to be performed on a designated “Creekside Property” the work will require a “Creek Protection Permit”. If the property is not currently flagged in Accela as a “Creekside Property” but work will be performed within 100’ of a creek channel, a “Creek Determination” should be conducted to determine if the work is subject to the Creek Protection Ordinance. Permit valid 180 days. PRIOR TO START, please schedule your inspection via the contractor's mobile app: https://citygovapp.com/app/opwirprod.htmUSA#2026042400390-000, 04/22/2026",,
"06/23/2026","Payment Received","OB2600762","Obstruction","988 WARFIELD AVE, Oakland CA 94610","Reserve _ NON-METERED parking space(s) in front of parcel only for _ filming, approved by the Oakland Film Office. Post No-parking signs 72 hours prior in residential areas. No impact on traffic lane or sidewalk allowed. No-parking signs picked up by applicant after payment, 4TH FLOOR. To Have Illegally Parked Vehicle Ticketed Call 510-777-3333. Applicant arranges towing. Comply with terms set forth in CVC Section 22651 (m). For Towed Vehicle: Call 510-238-3021.",,
"06/23/2026","Permit Expired","OB2600761","Obstruction","890 BROCKHURST ST, Oakland CA 94608","Reserve 3 (75') NON-METERED parking space(s) in front of parcel only for dumpster, construction vehicle, moving van or storage pod. Post No-parking signs 72 hours prior in residential areas. No impact on traffic lane or sidewalk allowed, except as noted on TCP/X permit. NO-PARKING SIGNS SHALL PICKED UP BY APPLICANT AFTER PAYMENT TO ENFORCE PERMIT REQUIREMENT. To have illegally parked vehicle ticketed: Call 510-777-3333. Applicant arranges towing. Comply with terms set forth in CVC Section 22651 (m). For towed vehicle: Call 510-238-3021.",,
"06/23/2026","Payment Received","OB2600760","Obstruction","918 VERMONT ST, Oakland CA 94610","Reserve _ NON-METERED parking space(s) in front of parcel only for _ filming, approved by the Oakland Film Office. Post No-parking signs 72 hours prior in residential areas. No impact on traffic lane or sidewalk allowed. No-parking signs picked up by applicant after payment, 4TH FLOOR. To Have Illegally Parked Vehicle Ticketed Call 510-777-3333. Applicant arranges towing. Comply with terms set forth in CVC Section 22651 (m). For Towed Vehicle: Call 510-238-3021.",,
"06/23/2026","Intake - Completed","X2600536","DOT - Excavation (X)","550 6TH ST, Oakland CA 94607","PG&E PM 47147393 PG&E to excavate to redig for verification of anode install. restoration to follow  install 50lbs anode into isolated 200’ steel service at 550 6th St if required and restoration. Trenching approx. 4' x 4'.  Ensure that environmental controls are in place to prevent dust/debris/wastewater from contaminating environment. If working within 15 feet of a monument you must comply with State Law 8771, contact the Inspector prior to starting excavation: minimum $5,800.00 fine for non-compliance. Comply with all terms of City of Oakland Public Works Standards, Street Excavation Rules, Revised August 2021 and City Council Ordinance No. 13300 C.M.S. Five days’ prior notice required for work lasting five days or less in business/commercial districts: 72-hours’ notice in residential districts. Ten days prior notice required for work lasting six days or more in all districts. SCHEDULE INSPECTION at least 48 hours in advance at: http://oaklanddot.com/projects/search.html """,,
"06/23/2026","Routing - Completed","RBC2601778","(RBC) - Building Residential Combo Alteration- 1 & 2 Unit Residential (Building)","6454 HILLEGASS AVE, Oakland CA 94618","At rear duplex: Remove and remodel attached carport to create a single car garage. Construct new, bedroom, bathroom, and terrace deck on second floor. Reconfigure walls at ground floor to create a combined kitchen and living room space. Construct new Bay window Replace windows, awnings, and siding. Includes all related mechanical, electrical and plumbing work. DS260074.",,
"06/23/2026","Permit Issued","E2601528","(E) - Electrical - 3+ Residential Units or Commercial (Building)","720 CANYON OAKS DR, UNIT A, Oakland CA 94605","ELECTRICAL RELATED TO residential condo Unit A: Like for like kitchen and bath remodel.",,
"06/23/2026","Permit Issued","M2600779","(M) - Mechanical - 3+ Residential Units or Commercial (Building)","720 CANYON OAKS DR, UNIT A, Oakland CA 94605","MECHANICAL RELATED TO residential condo Unit A: Like for like kitchen and bath remodel.",,
"06/23/2026","Permit Issued","P2600801","(P) - Plumbing - 3+ Residential Units or commercial (Building)","720 CANYON OAKS DR, UNIT A, Oakland CA 94605","PLUMBING RELATED TO residential condo Unit A: Like for like kitchen and bath remodel.",,
"06/23/2026","Permit Expired","OB2600759","Obstruction","683 MANDANA BLVD, Oakland CA 94610","Reserve 2 (50') NON-METERED parking space(s) in front of parcel only for dumpster, construction vehicle, moving van or storage pod. Post No-parking signs 72 hours prior in residential areas. No impact on traffic lane or sidewalk allowed, except as noted on TCP/X permit. NO-PARKING SIGNS SHALL PICKED UP BY APPLICANT AFTER PAYMENT TO ENFORCE PERMIT REQUIREMENT. To have illegally parked vehicle ticketed: Call 510-777-3333. Applicant arranges towing. Comply with terms set forth in CVC Section 22651 (m). For towed vehicle: Call 510-238-3021.",,
"06/23/2026","Intake - Completed","OB2600758","Obstruction","918 VERMONT ST, Oakland CA 94610","Reserve 2 (50') NON-METERED parking space(s) in front of parcel only for dumpster, construction vehicle, moving van or storage pod. Post No-parking signs 72 hours prior in residential areas. No impact on traffic lane or sidewalk allowed, except as noted on TCP/X permit. NO-PARKING SIGNS SHALL PICKED UP BY APPLICANT AFTER PAYMENT TO ENFORCE PERMIT REQUIREMENT. To have illegally parked vehicle ticketed: Call 510-777-3333. Applicant arranges towing. Comply with terms set forth in CVC Section 22651 (m). For towed vehicle: Call 510-238-3021.",,
"06/23/2026","Final Check Completed","OB2600757","Obstruction","3745 ELSTON AVE, Oakland CA 94602","Reserve 2 (50') NON-METERED parking space(s) in front of parcel only for dumpster, construction vehicle, moving van or storage pod. Post No-parking signs 72 hours prior in residential areas. No impact on traffic lane or sidewalk allowed, except as noted on TCP/X permit. NO-PARKING SIGNS SHALL PICKED UP BY APPLICANT AFTER PAYMENT TO ENFORCE PERMIT REQUIREMENT. To have illegally parked vehicle ticketed: Call 510-777-3333. Applicant arranges towing. Comply with terms set forth in CVC Section 22651 (m). For towed vehicle: Call 510-238-3021.",,
"06/23/2026","Inspections - In Progress","SL2601203","(SL) - Sewer Lateral (OPW)","2415 90TH AVE, Oakland CA 94603","Repair/replace sewer lateral and EXCAVATE on property only. Overflow device may be needed.  If working within 25' feet of a monument you must comply with State Law 8771, contact the Inspector prior to starting excavation: minimum $5,800.00 fine for non-compliance. Comply with all terms of City of Oakland Public Works Standards, Street Excavation Rules, Revised March 2015 and City Council Ordinance No. 13300 C.M.S. Five days prior notice required for work lasting five days or less in business/commercial districts; 72 hour notice in residential districts. Ten days prior notice required for work lasting six days or more in all districts. USA # and date must be provided in order to have a permit issued. Permit valid 90 days. If the work is to be performed on a designated “Creekside Property” the work will require a “Creek Protection Permit **Please submit your scheduling request via the contractor's mobile app at https://citygovapp.com/app/opwirprod.htm",,
"06/23/2026","Issued","OB2600756","Obstruction","5741 THORNHILL DR, Oakland CA 94611","Reserve 28 (700') NON-METERED parking space(s) in front of parcel only for dumpster, construction vehicle, moving van or storage pod. Post No-parking signs 72 hours prior in residential areas. No impact on traffic lane or sidewalk allowed, except as noted on TCP/X permit. NO-PARKING SIGNS SHALL PICKED UP BY APPLICANT AFTER PAYMENT TO ENFORCE PERMIT REQUIREMENT. To have illegally parked vehicle ticketed: Call 510-777-3333. Applicant arranges towing. Comply with terms set forth in CVC Section 22651 (m). For towed vehicle: Call 510-238-3021.Block 230' portion of s/w. Leave 5.5’ clear for pedestrian access, except as otherwise noted on TCP/X permit. Ensure that environmental controls are in place to prevent dust/debris/waste water from contaminating environment.Comply with all terms, conditions and restrictions stated in the Traffic Control Plan. Any/all changes need prior written approval. Provide original Traffic Control Plan at each renewal.06/22/2026: TCP GOOD FOR 07/06/2026, 9AM-4PM, PER T.CHUNG",,
"06/23/2026","Payment Received","CGS2601509","DOT - Curb Gutter Sidewalk Standard Compliance Certificate","455 MCAULEY ST, Oakland CA 94609",,,
"06/23/2026","Plan Routing - Completed","B2601777","(B) - Building Alteration - 3+ Residential Units or Commercial (Building)","1111 PINE ST, Oakland CA 94607","VERIZON - Modify existing telecommunication site on a steel PG&E Light Pole in the public right of way by removing and replacing antennas and equipment.",,
"06/23/2026","Permit Issued","OB2600755","Obstruction","661 WASHINGTON ST, Oakland CA 94607","Reserve 14 METERED parking space(s) in front of parcel only for dumpster, construction vehicle, moving van or storage pod. No impact on traffic lane or sidewalk allowed, except as noted except as noted on TCP/X permit. NO-PARKING SIGNS SHALL PICKED UP BY APPLICANT AFTER PAYMENT TO ENFORCE PERMIT REQUIREMENT. To have illegally parked vehicle ticketed: Call 510-777-3333. Applicant arranges towing. Comply with terms set forth in CVC Section 22651 (m). For towed vehicle: Call 510-238-3021.Block 265' portion of s/w. Leave 5.5’ clear for pedestrian access, except as otherwise noted on TCP/X permit. Ensure that environmental controls are in place to prevent dust/debris/waste water from contaminating environment.Comply with all terms, conditions and restrictions stated in the Traffic Control Plan. Any/all changes need prior written approval. Provide original Traffic Control Plan at each renewal.06/22/2026: TCP GOOD FOR 07/08-07/16/2026, 7AM-5PM, PER T.CHUNG",,
"06/23/2026","Payment Received","CGS2601507","DOT - Curb Gutter Sidewalk Standard Compliance Certificate","5317 BROADWAY, Oakland CA 94618",,,
"06/23/2026","Permit Issued","LBP2600111","(LBP) - Lead Based Paint (Building)","3230 KNOWLAND AVE, Oakland CA 94619","At existing single-family dwelling interior and exterior painting.",,
"06/23/2026","Permit Expired","OB2600754","Obstruction","675 8TH ST, Oakland CA 94607","Reserve 2 (50') NON-METERED parking space(s) in front of parcel only for dumpster, construction vehicle, moving van or storage pod. Post No-parking signs 72 hours prior in residential areas. No impact on traffic lane or sidewalk allowed, except as noted on TCP/X permit. NO-PARKING SIGNS SHALL PICKED UP BY APPLICANT AFTER PAYMENT TO ENFORCE PERMIT REQUIREMENT. To have illegally parked vehicle ticketed: Call 510-777-3333. Applicant arranges towing. Comply with terms set forth in CVC Section 22651 (m). For towed vehicle: Call 510-238-3021.",,
"06/23/2026","Permit Issued","OB2600753","Obstruction","9645 THERMAL ST, Oakland CA","Reserve 1 (25') NON-METERED parking space(s) in front of parcel only for dumpster, construction vehicle, moving van or storage pod. Post No-parking signs 72 hours prior in residential areas. No impact on traffic lane or sidewalk allowed, except as noted on TCP/X permit. NO-PARKING SIGNS SHALL PICKED UP BY APPLICANT AFTER PAYMENT TO ENFORCE PERMIT REQUIREMENT. To have illegally parked vehicle ticketed: Call 510-777-3333. Applicant arranges towing. Comply with terms set forth in CVC Section 22651 (m). For towed vehicle: Call 510-238-3021.",,
"06/23/2026","On Hold","RBC2601776","(RBC) - Building Residential Combo Alteration- 1 & 2 Unit Residential (Building)","1866 MOUNTAIN BLVD, Oakland CA 94611","At single family dwelling: remodel of entire guest bathroom (1 of 2.5) in hallway. No layout or wall changes. No structural. M-E-P included. Paint included.",,
"06/23/2026","Intake - Completed","X2600535","DOT - Excavation (X)","1041 WARFIELD AVE, Oakland CA 94610","PG&E PM 35726335- PG&E to replace joint pole in same hole set, OH services, install OH transformer and secondary breakers. Ensure that environmental controls are in place to prevent dust/debris/wastewater from contaminating environment. If working within 15 feet of a monument you must comply with State Law 8771, contact the Inspector prior to starting excavation: minimum $5,800.00 fine for non-compliance. Comply with all terms of City of Oakland Public Works Standards, Street Excavation Rules, Revised August 2021 and City Council Ordinance No. 13300 C.M.S. Five days’ prior notice required for work lasting five days or less in business/commercial districts: 72-hours’ notice in residential districts. Ten days prior notice required for work lasting six days or more in all districts. SCHEDULE INSPECTION at least 48 hours in advance at: http://oaklanddot.com/projects/search.html """,,
"06/23/2026","Plan Routing - Completed","B2601775","(B) - Building Alteration - 3+ Residential Units or Commercial (Building)","8656 MACARTHUR BLVD, Oakland CA 94605","At existing 3-story 20-unit apartment building, mandatory seismic retrofit for soft story designed to comply with OMC Chapter 15.27.",,
"06/22/2026",,"26TMP-029807","(SL) - Sewer Lateral (OPW)","361 HANOVER AVE, Oakland CA 94606","Upper Lateral Replacement",,
"06/22/2026","Completed Cert Received","R2600771","(R) - ReRoof Certificate (Building)","5401 LEONA ST, Oakland CA 94619","Re roof:  remove all layers of tar and gravel to bare wood,  replace rotted wood, install new 2"" inches ridges insulation, install new torch base with capped nails and apply new modified bitumen membrane. 4,900 sq ft",,
"06/22/2026","Void","B2601773","(B) - Building Alteration - 3+ Residential Units or Commercial (Building)","873 MILTON ST, Oakland CA 94607","Replace siding on exterior wall and painting",,
"06/22/2026","Inspections - In Progress","SL2601196","(SL) - Sewer Lateral (OPW)","1201 45TH AVE, Oakland CA 94601","Replace Upper Sewer Lateral from the Existing foundation cleanout up to the curb on the Corner of E.12th Street and 45th Avenue",,
"06/22/2026","Permit Issued","CGS2601493","DOT - Curb Gutter Sidewalk Provisional Certificate","425 ORANGE ST, Oakland CA 94610",,,
"06/22/2026","Permit Issued","RE2601525","(RE) - Electrical - 1 & 2 Unit Residential (Building)","2550 CARMEL ST, Oakland CA 94602","Replace the existing sub panel and replace the knob and tube wire for 10 switches, 8 lights, 10 outlets, and 3 smoke detectors.",,
"06/22/2026","Permit Issued","RE2601513","(RE) - Electrical - 1 & 2 Unit Residential (Building)","2319 92ND AVE, Oakland CA 94603","2 SFDs in 1 lot. Install sub feeder from main panel to rear unit 2321. Install exterior sub panel to pick up existing circuit for rear unit 2321.",,
"06/22/2026","Complete","BW26001921","(BW) - Building Worksheet (Building)","900 LOOMIS CT, Oakland CA 94606","INTERIOR REMODLE OF EXISTING SINGLE FAMILY HOUSE, REMODEL KITCHEN IN KIND AND BARTHROOM IN MAIN FLOOR, AND ALSO BATHROOM IN ATTIC SPACE.",,
"06/22/2026","Inspections - In Progress","SL2601198","(SL) - Sewer Lateral (OPW)","7927 MACARTHUR BLVD, Oakland CA 94605","Repair/replace building sewer ON PROPERTY ONLY. SL & X required beyond PL. Overflow device may be needed. If working within 15' feet of a monument you must comply with State Law 8771, contact the Inspector prior to starting excavation: minimum $5,800.00 fine for non-compliance. USA and date must be provided in order to have a permit issued. Permit valid for 180 days. If the work is to be performed on a designated “Creekside Property” the work will require a “Creek Protection Permit”. If the property is not currently flagged in Accela as a “Creekside Property” but work will be performed within 100’ of a creek channel, a “Creek Determination” should be conducted to determine if the work is subject to the Creek Protection Ordinance. Permit valid 180 days. PRIOR TO START, please schedule your inspection via the contractor's mobile app: https://citygovapp.com/app/opwirprod.htm USA# Repair/replace building sewer ON PROPERTY ONLY. SL & X required beyond PL. Overflow device may be needed. If working within 15' feet of a monument you must comply with State Law 8771, contact the Inspector prior to starting excavation: minimum $5,800.00 fine for non-compliance. USA and date must be provided in order to have a permit issued. Permit valid for 180 days. If the work is to be performed on a designated “Creekside Property” the work will require a “Creek Protection Permit”. If the property is not currently flagged in Accela as a “Creekside Property” but work will be performed within 100’ of a creek channel, a “Creek Determination” should be conducted to determine if the work is subject to the Creek Protection Ordinance. Permit valid 180 days. PRIOR TO START, please schedule your inspection via the contractor's mobile app: https://citygovapp.com/app/opwirprod.htm USA#2026062203099-000 6/22/2026",,
"06/22/2026","Permit Issued","RM2600777","(RM) - Mechanical - 1 & 2 Unit Residential (Building)","5707 AYALA AVE, Oakland CA 94609","Heat pump and Air Handler Replacement",,
"06/22/2026","Assigned","BW26001923","(BW) - Building Worksheet (Building)","10 LARRY LN, Oakland CA 94611","Add seismic bracing at the garage to support a soft-story area of our home. Includes a new grade beam, steel columns, and added blocking and framing clips.",,
"06/22/2026","Intake - On Hold","X2600527","DOT - Excavation (X)","0 Broadway, Oakland CA United States","Install 3-6"" new public hydrants #FH15829, #FH15830 & #FH15831 on Broadway, Montecito Ave and Vernon St. To serve City of Oakland. No TCP as negotiated with City's PM Suty Komsonkeo.",,
"06/22/2026","Pending - Incomplete","BW26001913","(BW) - Building Worksheet (Building)","701 CLEVELAND ST, Oakland CA 94606","Residential Foundation Replacement requesting the flat $250 fee and the site visit",,
"06/22/2026","Permit Issued","RM2600773","(RM) - Mechanical - 1 & 2 Unit Residential (Building)","21 VISTA DEL MAR CT, Oakland CA 94611","Replacing Heat Pump and Air Handler.  Replacing more than 40 Ft of Ducts.",,
"06/22/2026","Permit Issued","CGS2601494","DOT - Curb Gutter Sidewalk Provisional Certificate","5826 VIRMAR AVE, Oakland CA 94618",,,
"06/22/2026","Permit Issued","RE2601523","(RE) - Electrical - 1 & 2 Unit Residential (Building)","6319 PINEHAVEN RD, Oakland CA 94611","Install 1x ESS OUTSIDE",,
"06/22/2026",,"26TMP-029932","(SL) - Sewer Lateral (OPW)","7287 CLAREMONT AVE, Oakland CA 94705","Repair/replace sewer lateral and EXCAVATE in PUBLIC RIGHT-OF-WAY. Overflow device may be needed.  If working within 25' feet of a monument you must comply with State Law 8771, contact the Inspector prior to starting excavation: minimum $5,800.00 fine for non-compliance. Comply with all terms of City of Oakland Public Works Standards, Street Excavation Rules, Revised March 2015 and City Council Ordinance No. 13300 C.M.S. Five days prior notice required for work lasting five days or less in business/commercial districts; 72 hour notice in residential districts. Ten days prior notice required for work lasting six days or more in all districts. USA # and date must be provided in order to have a permit issued. Permit valid 90 days. If the work is to be performed on a designated “Creekside Property” the work will require a “Creek Protection Permit”. If the property is not currently flagged in Accela as a “Creekside Property” but work will be performed within 100’ of a creek channel, a “Creek Determination” should be conducted to determine if the work is subject to the Creek Protection Ordinance.  Call PWA INSPECTION prior to start: 510-238-3651 or email PWA_inspections@oaklandca.gov. USA #2026061503443",,
"06/22/2026","Permit Issued","CGS2601500","DOT - Curb Gutter Sidewalk Standard Compliance Certificate","8115 HILLSIDE ST, Oakland CA 94605",,,
"06/22/2026","Permit Issued","SE2600559","Solar Permit (For commercial projects, residential projects not eligible for SolarApp+, or owner/builder or contractor use)","6356 BROADWAY TER, OAKLAND CA 94618","(N) Residential Roof-mount Solar PV, (28) Modules, (12.32) kW (N) Battery Backup, (2) Enphase Battery (10) kWh",,
"06/22/2026","Pending - Incomplete","BW26001922","(BW) - Building Worksheet (Building)","1436 MOUNTAIN BLVD, Oakland CA 94611","REPAIR / REPLACE EXISTING FRONT PORCH CONCRETE STEPS AND GUARDRAIL, AND INSTALL NEW WIRING THROUGHOUT AND NEW PLUMBING SUPPLY LINES IN MAIN LEVEL AND REPLACE WATER HEATER. INSTALL NEW 200 AMP MAIN SERVICE PANEL.  INSTALL NEW FORCED AIR FURNACE.  WIDEN OPENING IN NON-STRUCTURAL WALL BETWEEN KITCHEN AND DINING ROOM.",,
"06/22/2026","In Progress","TR-ND26-00067","(ND) - Non-Developmental Tree Permit (OPW)","1193 64TH ST, Oakland CA 94608","Tree removal of large Douglas fir in backyard. Will be cutting down to stump as the roots are starting to grow under some of the nearby structures (garage, shed)",,
"06/22/2026",,"26TMP-029998","(RM) - Mechanical - 1 & 2 Unit Residential (Building)","6464 GIRVIN DR, Oakland CA 94611","Install AC, replace furnace like for like",,
"06/22/2026","Inspections - In Progress","SL2601200","(SL) - Sewer Lateral (OPW)","2630 HIGHLAND AVE, Oakland CA 94606","Repair/replace building sewer ON PROPERTY ONLY. SL & X required beyond PL. Overflow device may be needed. If working within 25' feet of a monument you must comply with State Law 8771, contact the Inspector prior to starting excavation: minimum $5,800.00 fine for non-compliance. USA # and date must be provided in order to have a permit issued. Permit valid for 90 days. If the work is to be performed on a designated “Creekside Property” the work will require a “Creek Protection Permit”. If the property is not currently flagged in Accela as a “Creekside Property” but work will be performed within 100’ of a creek channel, a “Creek Determination” should be conducted to determine if the work is subject to the Creek Protection Ordinance.  Call PWA INSPECTION prior to start: 510-238-3651 or email PWA_inspections@oaklandca.gov",,
"06/22/2026","Permit Issued","E2601516","(E) - Electrical - 3+ Residential Units or Commercial (Building)","1436 71ST AVE, Oakland CA 94621","relocating the subpanel from closet to exterior wall of structure",,
"06/22/2026","Permit Issued","SEA2600560","SolarApp+ (For roof mounted residential solar projects not exceeding 38.4kw total done with SolarApp+- contractor use)","3534 MANGELS AVE, Oakland CA 94619","3.6 KW DC (8) Panels Roof Mount PV system with (1) ESS",,
"06/22/2026","Complete","BW26001910","(BW) - Building Worksheet (Building)","6085 MAZUELA DR, Oakland CA 94611","Voluntary Floor Support. Stabilize the Floor system above where Smart Jacks are installed.",,
"06/22/2026","Complete","BW26001917","(BW) - Building Worksheet (Building)","6114 FOOTHILL BLVD, Oakland CA 94605","Voluntary Earth Quake Retrofitting",,
"06/22/2026","Intake - On Hold","X2600532","DOT - Excavation (X)","928 E 12TH ST, Oakland CA 94606","Excavation for electrical conduit",,
"06/22/2026","Certificate Issued","R2600774","(R) - ReRoof Certificate (Building)","1536 22ND AVE, Oakland CA 94606","Re Roof: remove all layers of  asphalt shingles, replace rotted wood, install new synthetic underlayment and install new asphalt shingles as new roof. 1,800 sq ft .",,
"06/22/2026","Pending - Incomplete","BW26001916","(BW) - Building Worksheet (Building)","2239 23RD AVE, Oakland CA 94606","FIRE DAMAGE REPAIRReplace existing fire damaged exterior wood siding at rear",,
"06/22/2026","Complete","BW26001911","(BW) - Building Worksheet (Building)","540 23RD ST, 309, Oakland CA 94612","All work is related to the fire damaged that occurred at Unit 309 of this four story multi-unit apartment building. All work will be completed to return this 543 sq.ft. unit back to it ' original conditions including but not limited to removal and replacement of all fire and smoke damaged interior materials, appliances, fixtures, etc.",,
"06/22/2026","Certificate Issued","R2600770","(R) - ReRoof Certificate (Building)","438 CAVOUR ST, Oakland CA 94618","Remove and replace approximately 1,800 square feet of existing asphalt shingle roofing with a new asphalt shingle roofing system, including all necessary roofing components.",,
"06/22/2026","Inspections - In Progress","SL2601199","(SL) - Sewer Lateral (OPW)","4935 SHATTUCK AVE, Oakland CA 94609","Repair/replace building sewer ON PROPERTY ONLY. SL & X required beyond PL. Overflow device may be needed. If working within 15' feet of a monument you must comply with State Law 8771, contact the Inspector prior to starting excavation: minimum $5,800.00 fine for non-compliance. USA and date must be provided in order to have a permit issued. Permit valid for 180 days. If the work is to be performed on a designated “Creekside Property” the work will require a “Creek Protection Permit”. If the property is not currently flagged in Accela as a “Creekside Property” but work will be performed within 100’ of a creek channel, a “Creek Determination” should be conducted to determine if the work is subject to the Creek Protection Ordinance. Permit valid 180 days. PRIOR TO START, please schedule your inspection via the contractor's mobile app: https://citygovapp.com/app/opwirprod.htm USA# 2026062203183-000 6/22/2026",,
"06/22/2026","Permit Issued","RM2600775","(RM) - Mechanical - 1 & 2 Unit Residential (Building)","5007 CRYSTAL RIDGE CT, Oakland CA 94605","Replacing Heat Pump and Furnace.",,
"06/22/2026","Permit Issued","RE2601526","(RE) - Electrical - 1 & 2 Unit Residential (Building)","6558 PINEHAVEN RD, Oakland CA 94611","Install 1x ESS OUTSIDE",,
"06/22/2026",,"26TMP-029780","(E) - Electrical - 3+ Residential Units or Commercial (Building)","1011 92ND AVE, Oakland CA 94603","This address has two units and only one electrical meter. The owner is requesting that we add a second meter,  The existing service is 200 amps and we are not adding any load. This is a straigt forward Service change from one meter to two..",,
"06/22/2026","Permit Issued","RE2601524","(RE) - Electrical - 1 & 2 Unit Residential (Building)","2405 34TH AVE, OAKLAND CA 94601","We need to upgrade the main panel. There are Two existing 100 AMP FEDERAL PACIFIC MAIN METER PANELS. There is one meter that services 2405 and 2407 34th Ave. We need to install a meter for 2407 34th Ave. The previous owner only had one meter but there are two main meter panels.",,
"06/22/2026","Inspections - In Progress","SL2601201","(SL) - Sewer Lateral (OPW)","926 36TH ST, Oakland CA 94608","Repair/replace sewer lateral and EXCAVATE in PUBLIC RIGHT-OF-WAY. Overflow device may be needed.  If working within 25' feet of a monument you must comply with State Law 8771, contact the Inspector prior to starting excavation: minimum $5,800.00 fine for non-compliance. Comply with all terms of City of Oakland Public Works Standards, Street Excavation Rules, Revised March 2015 and City Council Ordinance No. 13300 C.M.S. Five days prior notice required for work lasting five days or less in business/commercial districts; 72 hour notice in residential districts. Ten days prior notice required for work lasting six days or more in all districts. USA # and date must be provided in order to have a permit issued. Permit valid 90 days. If the work is to be performed on a designated “Creekside Property” the work will require a “Creek Protection Permit”. If the property is not currently flagged in Accela as a “Creekside Property” but work will be performed within 100’ of a creek channel, a “Creek Determination” should be conducted to determine if the work is subject to the Creek Protection Ordinance.  Call PWA INSPECTION prior to start: 510-238-3651 or email PWA_inspections@oaklandca.gov.",,
"06/22/2026","Pending-Document Uploaded","BW26001918","(BW) - Building Worksheet (Building)","1624 FRANKLIN ST, Oakland CA 94612 United States","PROJECT SCOPE INVOLVES THE REPLACEMENT OF THE EXISTING UROSKOP OMNIA UNIT WITH A NEW CYSTOSCOPY FLUOROSCOPY UNIT & ASSOCIATED EQUIPMENT IN THE IMAGING ROOM & CONTROL ROOM. THE PROJECT WILL REPLACE CASEWORK/BUILT IN SINK, THE FLOORING, AND WILL INCLUDE FRESH PAINT ON THE WALLS IN BOTH THE CONTROL ROOM AND THE IMAGING SPACE.",,
"06/22/2026",,"26TMP-029996","(RM) - Mechanical - 1 & 2 Unit Residential (Building)","6942 CHAMBERS DR, Oakland CA 94611","Install new heat pump, replace furnace with air handler in same location",,
"06/22/2026","Complete","BW26001914","(BW) - Building Worksheet (Building)","3202 CHAMPION ST, Oakland CA 94602","full bathroom remodel, including electrical and plumbing alterations. NO MECHANICAL",,
"06/22/2026","Inspections - In Progress","SL2601197","(SL) - Sewer Lateral (OPW)","4777 DAVENPORT AVE, Oakland CA 94619","Repair/replace building sewer ON PROPERTY ONLY. SL & X required beyond PL. Overflow device may be needed. If working within 15' feet of a monument you must comply with State Law 8771, contact the Inspector prior to starting excavation: minimum $5,800.00 fine for non-compliance. USA and date must be provided in order to have a permit issued. Permit valid for 180 days. If the work is to be performed on a designated “Creekside Property” the work will require a “Creek Protection Permit”. If the property is not currently flagged in Accela as a “Creekside Property” but work will be performed within 100’ of a creek channel, a “Creek Determination” should be conducted to determine if the work is subject to the Creek Protection Ordinance. Permit valid 180 days. PRIOR TO START, please schedule your inspection via the contractor's mobile app: https://citygovapp.com/app/opwirprod.htm USA#2026062203067-000 6/22/2026",,
"06/22/2026","Permit Issued","RE2601514","(RE) - Electrical - 1 & 2 Unit Residential (Building)","2001 87TH AVE, Oakland CA 94621","After the fact permit. Code Enforcement Case Number 2407048. Installation of (1) New Water Heater Circuit. Installation of (1) new subpanel to accommodate the installation of a new water heater circuit. After the fact kitchen permit and laundry area permit.",,
"06/22/2026",,"26TMP-029987","(BW) - Building Worksheet (Building)","617 85TH AVE, A, Oakland CA 94621","Repair/replace damaged ceiling tiles related to record 2601979",,
"06/22/2026","Permit Issued","SEA2600561","SolarApp+ (For roof mounted residential solar projects not exceeding 38.4kw total done with SolarApp+- contractor use)","1136 EVERETT AVE, Oakland CA 94602","3.6 KW DC (8) Panels Roof Mount PV system with (1) ESS, New 225A Backup Loads Panel",,
"06/22/2026","Permit Issued","RM2600774","(RM) - Mechanical - 1 & 2 Unit Residential (Building)","4025 WEBSTER ST, Oakland CA 94609","CONVERSION GAS TO ELECTRIC 2 TONS HEAT PUMP CONDENSER, OTHER.",,
"06/22/2026","Certificate Issued","R2600769","(R) - ReRoof Certificate (Building)","101 ECHO AVE, Oakland CA 94611","Demo all existing shingles total of approx 2,130 SqFt. (1 layer)•⁠  ⁠Remove all existing vents and flashing.•⁠  ⁠Clean up and haul away the debris from the house.•⁠  ⁠Inspect all existing plywood to make sure there is no water damage.•⁠  ⁠In case we find out you have any water damage up to 300 SqFt of Plywood / 30 LF of 1x6 be included.*Waterproof and flashing:*•⁠  ⁠Provide and install new synthetic underlayment (GAF TIGER PAW) (waterproof) on top of the existing plywood total of approx 2,130 SqFt.•⁠  ⁠Provide and Install new ice and water barrier (WeatherWatch®️ GAF) in the valleys and all necessary areas.•⁠  ⁠Provide and install all new flashing around the roof up to code.•⁠  ⁠Install pre-painted 2x2” Drip- Edge Flashing at eaves and rakes.•⁠  ⁠Install new chimney bonderized saddle flashing built in cricket for proper water flow as per building code.*Vents:*•⁠  ⁠Provide and install new vents on top of the roof.•⁠  ⁠Provide and Install vent for positive attic air flow.•⁠  ⁠Provide and Install new galvanized plumbing pipe and aluminum vent flashing.•⁠  ⁠Seal and flash all the vents as needed.*Complete roof:*•⁠  ⁠Provide new roofing materials Shingles (GAF).•⁠  ⁠Install all new shingles total of approx 2,130 SqFt. (GAF HDZ / - RS)•⁠  ⁠Provide and install new Starter shingles.•⁠  ⁠Provide and install Hip and ridge shingles.•⁠  ⁠Clean all the existing gutters around the house.•⁠  ⁠Install all roofing products in accordance with all federal, state and local building codes.•⁠  ⁠Pass all inspections needed for the work.",,
"06/22/2026","Permit Issued","RE2601519","(RE) - Electrical - 1 & 2 Unit Residential (Building)","5064 KEARNEY AVE, Oakland CA 94602","(2 Zone) Mini Split Install 1.5 Ton 18k btu 21 seer2",,
"06/22/2026","Inspections - In Progress","SL2601202","(SL) - Sewer Lateral (OPW)","5605 PICARDY DR, Oakland CA 94605","Repair/replace building sewer ON PROPERTY ONLY. SL & X required beyond PL. Overflow device may be needed. If working within 25' feet of a monument you must comply with State Law 8771, contact the Inspector prior to starting excavation: minimum $5,800.00 fine for non-compliance. USA # and date must be provided in order to have a permit issued. Permit valid for 90 days. If the work is to be performed on a designated “Creekside Property” the work will require a “Creek Protection Permit”. If the property is not currently flagged in Accela as a “Creekside Property” but work will be performed within 100’ of a creek channel, a “Creek Determination” should be conducted to determine if the work is subject to the Creek Protection Ordinance.  Call PWA INSPECTION prior to start: 510-238-3651 or email PWA_inspections@oaklandca.gov",,
"06/22/2026","Permit Issued","CGS2601496","DOT - Curb Gutter Sidewalk Provisional Certificate","707 AILEEN ST, Oakland CA 94609",,,
"06/22/2026",,"26TMP-029787","(RBC) - Building Residential Combo Alteration- 1 & 2 Unit Residential (Building)","6131 HAYES ST, Oakland CA 94621","1. REMODEL2. REPLACE SIDING WITH STUCCO3. REMOVE/RETROFIT WINDOWS4. (N) 200A MAIN PANEL5. DAMAGED DECK REFRAMED AS NEEDED6. (N) MINI SPLIT SYSTEM",,
"06/22/2026","Permit Issued","RE2601522","(RE) - Electrical - 1 & 2 Unit Residential (Building)","927 WARFIELD AVE, Oakland CA 94610","Install 1x ESS OUTSIDE",,
"06/22/2026","Permit Issued","P2600798","(P) - Plumbing - 3+ Residential Units or commercial (Building)","3600 PARK BLVD, Oakland CA 94610","Replace water heater and install hand sink",,
"06/22/2026","Complete","BW26001915","(BW) - Building Worksheet (Building)","2112 FRUITVALE AVE, Oakland CA 94601","T-Mobile proposes to do equipment work on the existing wireless telecommunications facility. The scope of work is to relocate 3 antennas, remove 6 antennas, remove 3 RRUS-4415 B25 radio units at the antennas and install 3 RRUS-4460 B25/B66 radio units.",,
"06/22/2026","Permit Issued","E2601521","(E) - Electrical - 3+ Residential Units or Commercial (Building)","5343 BROADWAY TER, OAKLAND CA 94618","Replace 4 recessed lights",,
"06/22/2026","Inspections - In Progress","SL2601195","(SL) - Sewer Lateral (OPW)","7287 CLAREMONT AVE, Oakland CA 94705","Repair/replace building sewer ON PROPERTY ONLY. SL & X required beyond PL. Overflow device may be needed. If working within 25' feet of a monument you must comply with State Law 8771, contact the Inspector prior to starting excavation: minimum $5,800.00 fine for non-compliance. USA # and date must be provided in order to have a permit issued. Permit valid for 90 days. If the work is to be performed on a designated “Creekside Property” the work will require a “Creek Protection Permit”. If the property is not currently flagged in Accela as a “Creekside Property” but work will be performed within 100’ of a creek channel, a “Creek Determination” should be conducted to determine if the work is subject to the Creek Protection Ordinance.  Call PWA INSPECTION prior to start: 510-238-3651 or email PWA_inspections@oaklandca.gov USA #2026061503443",,
"06/22/2026","Certificate Issued","R2600772","(R) - ReRoof Certificate (Building)","2601 COLE ST, Oakland CA 94601","We shall tear off the old roof down to the sheathing board, install new underlayment, new sheet metal roof accessories and new shingles.",,
"06/22/2026","Permit Issued","P2600796","(P) - Plumbing - 3+ Residential Units or commercial (Building)","490 W MACARTHUR BLVD, Oakland CA 94609","Building B - Level 1- Community Room with Kitchen & Bathroom, and a Manager’s Apartment, with its own kitchen, laundry, bathroom.Renovate plumbing to new fixtures locations. Run Gas line for Stove and dryer from existing line.",,
"06/22/2026","Certificate Issued","R2600773","(R) - ReRoof Certificate (Building)","6574 CHELTON DR, Oakland CA 94611","We shall tear off the old roof down to the sheathing board, install new underlayment, new sheet metal roof accessories and new shingles.",,
"06/22/2026","Permit Issued","SEA2600558","SolarApp+ (For roof mounted residential solar projects not exceeding 38.4kw total done with SolarApp+- contractor use)","9040 SAGE RD, Oakland CA 94605","Residential Roof Mount PV System w/ESSSystem Size: 5740 kWp, 14 Modules, 14 Inverter(s), 1 Enphase Battery(s).",,
"06/22/2026","Withdrawn","X2600530","DOT - Excavation (X)","5100 PARKRIDGE DR, Oakland CA 94619","PM 35696402-PG&E to replace UG primary, UG secondary and secondary boxes. PG&E to trench and restore. Locations 15-28 on drawing (application 2 of 2).",,
"06/22/2026","Permit Issued","RE2601515","(RE) - Electrical - 1 & 2 Unit Residential (Building)","4240 HARBOR VIEW AVE, Oakland CA 94619","REMOVE AND REINSTALL 3.12 KW PV SYSTEM (12 MODULES)",,
"06/22/2026","Permit Issued","RP2600799","(RP) Plumbing - 1 & 2 Unit Residential (Building)","2405 34TH AVE, OAKLAND CA 94601","There is an existing gas meter. In the past this property had two gas meters. we need reinstall the second gas meter.",,
"06/22/2026","Completed Cert Received","R2600768","(R) - ReRoof Certificate (Building)","3007 KINGSLAND AVE, Oakland CA 94619","1650 Sq Ft Re-roof using title 24 complian certain teed solaris shingle, new accessory metals and new seamless gutters",,
"06/22/2026",,"26TMP-029980","DOT - Curb Gutter Sidewalk Provisional Certificate","3005 E 12TH ST, Oakland CA 94601",,,
"06/22/2026","Permit Issued","RM2600776","(RM) - Mechanical - 1 & 2 Unit Residential (Building)","5064 KEARNEY AVE, Oakland CA 94602","( 2 Zone) Mini Split Install  1.5 ton 18k btu 21 seer2",,
"06/22/2026",,"26TMP-029994","(RM) - Mechanical - 1 & 2 Unit Residential (Building)","3203 MONTEREY BLVD, Oakland CA 94602","Install new heat pump, replace furnace with air handler in same location",,
"06/22/2026","Complete","BW26001919","(BW) - Building Worksheet (Building)","1017 22ND AVE, Oakland CA 94606","The project is located at 1017 22nd Avenue, Oakland, CA. The project involves the interior remodel of an existing 7,600 sq. ft. building. The proposed scope of work is to convert the space into a delivery-only retail food establishment.",,
"06/22/2026","Intake - Completed","X2600534","DOT - Excavation (X)","328 FOREST ST, Oakland CA 94618","PG&E PM 35741817 PG&E to replace pole and adjust anchors restoration as needed.  Ensure that environmental controls are in place to prevent dust/debris/wastewater from contaminating environment. If working within 15 feet of a monument you must comply with State Law 8771, contact the Inspector prior to starting excavation: minimum $5,800.00 fine for non-compliance. Comply with all terms of City of Oakland Public Works Standards, Street Excavation Rules, Revised August 2021 and City Council Ordinance No. 13300 C.M.S. Five days’ prior notice required for work lasting five days or less in business/commercial districts: 72-hours’ notice in residential districts. Ten days prior notice required for work lasting six days or more in all districts. SCHEDULE INSPECTION at least 48 hours in advance at: http://oaklanddot.com/projects/search.html """,,
"06/22/2026","Scheduled Appointment","BW26001920","(BW) - Building Worksheet (Building)","264 MATHER ST, Oakland CA 94611","REVISION TO RBC2601362(1) Sister new studs every 16"" to old outside wall which had old framing spliced from old window location. 8 studs Located in master bathroom. Close with plywood old window location. Lather & plaster back to existing (2) Fur outwall 6"" x40"" to accomadate for new shower pan depth. Wall is nonstructual located in guest bathroom(3) Redgueard 6"" above floor in guest bathroom.(4) Install 2 additnal outlets in living room. Install new ceiling light & 2 new sconces in existing location in living room. 2 new dimmer swicthes.",,
"06/22/2026","Created","RBC2601774","(RBC) - Building Residential Combo Alteration- 1 & 2 Unit Residential (Building)","7901 EARL ST, Oakland CA 94605","Foundation repair using 5 push piers and 2 monoposts in SFD.",,
"06/22/2026","Inspections - Suspended","RBC2601772","(RBC) - Building Residential Combo Alteration- 1 & 2 Unit Residential (Building)","1468 84TH AVE, Oakland CA 94621","At existing duplex: remodel kitchens and bathrooms like for like, replacing fixtures, finishes, and millwork. Install new drywall and insulation on both floors. Dry rot repair of siding. Related mechanical, electrical, plumbing included. Upgrade main panel from 100A to 200A, rewire and replumb both floors. Install flooring. Roof removal reconstruction. To abate Code Enforcement #2205352. DRX260668, DRX260856.",,
"06/22/2026","On Hold","RBC2601771","(RBC) - Building Residential Combo Alteration- 1 & 2 Unit Residential (Building)","4201 MALCOLM AVE, Oakland CA 94605","At existing SFD replace (4) windows using nail fin installation.  No change to wall layout or header size.  No MEP.",,
"06/22/2026","Intake - Completed","X2600533","DOT - Excavation (X)","140 CALDECOTT LN, Oakland CA 94618","PG&E PM 35626521-PG&E to replace UG service (back of sidewalk). Traffic and pedestrian control needed. Ensure that environmental controls are in place to prevent dust/debris/wastewater from contaminating environment. If working within 15 feet of a monument you must comply with State Law 8771, contact the Inspector prior to starting excavation: minimum $5,800.00 fine for non-compliance. Comply with all terms of City of Oakland Public Works Standards, Street Excavation Rules, Revised August 2021 and City Council Ordinance No. 13300 C.M.S. Five days’ prior notice required for work lasting five days or less in business/commercial districts: 72-hours’ notice in residential districts. Ten days prior notice required for work lasting six days or more in all districts. SCHEDULE INSPECTION at least 48 hours in advance at: http://oaklanddot.com/projects/search.html """,,
"06/22/2026","Permit Expired","OB2600752","Obstruction","1488 14TH ST, Oakland CA 94607","Reserve 1 (25') METERED parking space(s) in front of parcel only for dumpster, construction vehicle, moving van or storage pod. No impact on traffic lane or sidewalk allowed, except as noted except as noted on TCP/X permit. NO-PARKING SIGNS SHALL PICKED UP BY APPLICANT AFTER PAYMENT TO ENFORCE PERMIT REQUIREMENT. To have illegally parked vehicle ticketed: Call 510-777-3333. Applicant arranges towing. Comply with terms set forth in CVC Section 22651 (m). For towed vehicle: Call 510-238-3021.",,
"06/22/2026","Final","CGS2601499","DOT - Curb Gutter Sidewalk Repair","3900 LA CRESTA AVE, Oakland CA 94602","Repair sidewalk drriveway to City Standards. Same size: NOT widening. If working within 25' feet of a monument you must comply with State Law 8771, contact the Inspector prior to starting excavation: minimum $5,800.00 fine for non-compliance.Comply with all terms of City of Oakland Public Works Standards, Street Excavation Rules, Revised March 2015 and City Council Ordinance No. 13300 C.M.S. Five day prior notice required for work lasting five days or less in business/commercial districts; 72 hour notice in residential districts. Ten day prior notice required for work lasting six days or more in all districts. USA # and date must be provided in order to have a permit issued. Permit valid 30 days use this link for inspections http://oaklanddot.com/cgs/projects/search.html",,
"06/22/2026","Final","RE2601520","(RE) - Electrical - 1 & 2 Unit Residential (Building)","9621 ARMSTRONG DR, Oakland CA 94603","EV charger 240V-50A installation in the garage",,
"06/22/2026","Ready to Issue - Fee Due","CGS2601498","DOT - Curb Gutter Sidewalk Standard Compliance Certificate","459 62ND ST, Oakland CA 94609",,,
"06/22/2026",,"PPE2600056","Public Private Easement","9900 INTERNATIONAL BLVD, Oakland CA 94603","Commemorative renaming of the intersection at 99th Avenue and International Boulevard as ""Arthur E. Thompson Way.""",,
"06/22/2026","Permit Expired","OB2600751","Obstruction","777 W GRAND AVE, Oakland CA 94612","Reserve 2 (50') + 1 (INCLUDED WITH CGS2601462) NON-METEREDparking space(s) in front of parcel only for dumpster, construction vehicle, moving van or storage pod. Post No-parking signs 72 hours prior in residential areas. No impact on traffic lane or sidewalk allowed, except as noted on TCP/X permit. NO-PARKING SIGNS SHALL PICKED UP BY APPLICANT AFTER PAYMENT TO ENFORCE PERMIT REQUIREMENT. To have illegally parked vehicle ticketed: Call 510-777-3333. Applicant arranges towing. Comply with terms set forth in CVC Section 22651 (m). For towed vehicle: Call 510-238-3021.Block 15'x5' portion of s/w. Leave 5.5’ clear for pedestrian access, except as otherwise noted on TCP/X permit. Ensure that environmental controls are in place to prevent dust/debris/waste water from contaminating environment.",,
"06/22/2026","Permit Issued","CGS2601497","DOT - Curb Gutter Sidewalk Repair","424 MERRITT AVE, Oakland CA 94610","Ensure that environmental controls are in place to prevent dust/debris/waste water from contaminating environment. If working within 25' feet of a monument you must comply with State Law 8771, contact the Inspector prior to starting excavation: minimum $5,800.00 fine for non-compliance. Comply with all terms of City of Oakland Public Works Standards, Street Excavation Rules, Revised March 2015 and City Council Ordinance No. 13300 C.M.S. Five day prior notice required for work lasting five days or less in business/commercial districts; 72 hour notice in residential districts. Ten day prior notice required for work lasting six days or more in all districts.. SCHEDULE AN INSPECTION FOR EXCAVATION http://oaklanddot.com/cgs/projects/search.html",,
"06/22/2026","Permit Issued","RE2601518","(RE) - Electrical - 1 & 2 Unit Residential (Building)","3251 WISCONSIN ST, Oakland CA 94602","Addition of sub panel.",,
"06/22/2026","Permit Issued","RE2601517","(RE) - Electrical - 1 & 2 Unit Residential (Building)","345 49TH ST, Oakland CA","Replace knob and tube wiring with Romex wiring on existing outlets and lights: Living room, Dining Room, Kitchen, Breakfast Room, Bedrooms, Master Bathroom, Basement. Add outlets and wired smoke detectors as needed to bring to code. No architectural changes. All wiring by fishing method.",,
"06/22/2026","Intake - Completed","X2600531","DOT - Excavation (X)","6520 MACARTHUR BLVD, Oakland CA 94605","PM 35717907-PG&E to replace two joint poles in same hole sets, OH services, risers, OH transformer, install OH messenger and remove idle conductor.  Ensure that environmental controls are in place to prevent dust/debris/wastewater from contaminating environment. If working within 15 feet of a monument you must comply with State Law 8771, contact the Inspector prior to starting excavation: minimum $5,800.00 fine for non-compliance. Comply with all terms of City of Oakland Public Works Standards, Street Excavation Rules, Revised August 2021 and City Council Ordinance No. 13300 C.M.S. Five days’ prior notice required for work lasting five days or less in business/commercial districts: 72-hours’ notice in residential districts. Ten days prior notice required for work lasting six days or more in all districts. SCHEDULE INSPECTION at least 48 hours in advance at: http://oaklanddot.com/projects/search.html """,,
"06/22/2026","On Hold","B2601770","(B) - Building Alteration - 3+ Residential Units or Commercial (Building)","22 MOSS AVE, Oakland CA 94610","At a condo unit to replace 3 (E) retrofit windows.1-Living room, 2-Kitchen. ZW2601474",,
"06/22/2026","On Hold - Field Check Pending","RBC2601769","(RBC) - Building Residential Combo Alteration- 1 & 2 Unit Residential (Building)","947 56TH ST, Oakland CA 94608","At existing Duplex: to legalize removal of 16sf unpermitted shed space attached to rear deck. Legalize rear deck addition. Related mechanical, electrical, plumbing included. To included 2 gas tankless water heater, electrical circuits/receptacles replacements servicing units, installation of new gas supply line, update water lines, and vertical relocation of (E) heater units. Window replacements in-kind. To abate code enforcement no 2101124",,
"06/22/2026","Created","OB2600750","Obstruction","2608 MYRTLE ST, Oakland CA 94607","Alten Construction PM 2607 Myrtle St; Related Permit: PX2500033; Utility work for new PG&E Service to serve McClymonds High School.  The power pole to where the service will be pulled from is located on 26th St. between Linden St and Filbert St.  Trenching 120' x 2' x 4'.    Ensure that environmental controls are in place to prevent dust/debris/wastewater from contaminating environment. If working within 15 feet of a monument you must comply with State Law 8771, contact the Inspector prior to starting excavation: minimum $5,800.00 fine for non-compliance. Comply with all terms of City of Oakland Public Works Standards, Street Excavation Rules, Revised August 2021 and City Council Ordinance No. 13300 C.M.S. Five days’ prior notice required for work lasting five days or less in business/commercial districts: 72-hours’ notice in residential districts. Ten days prior notice required for work lasting six days or more in all districts. Schedule INSPECTION at least 48 hours in advance at: http://oaklanddot.com/projects/search.html """,,
"06/22/2026","Intake - Completed","X2600529","DOT - Excavation (X)","1302 31ST AVE, Oakland CA 94601","PG&E PM 35336761 Permit for restoration for previous pole replacement. Park in public ROW and TCP.  Trenching approx. 4' x 4'.  Ensure that environmental controls are in place to prevent dust/debris/wastewater from contaminating environment. If working within 15 feet of a monument you must comply with State Law 8771, contact the Inspector prior to starting excavation: minimum $5,800.00 fine for non-compliance. Comply with all terms of City of Oakland Public Works Standards, Street Excavation Rules, Revised August 2021 and City Council Ordinance No. 13300 C.M.S. Five days’ prior notice required for work lasting five days or less in business/commercial districts: 72-hours’ notice in residential districts. Ten days prior notice required for work lasting six days or more in all districts. SCHEDULE INSPECTION at least 48 hours in advance at: http://oaklanddot.com/projects/search.html """,,
"06/22/2026","Intake - Completed","X2600528","DOT - Excavation (X)","5100 PARKRIDGE DR, Oakland CA 94619","PG&E PM 35696402- PG&E to replace UG primary, UG secondary, and secondary boxes. PG&E to trench and restore. Locations 1-14 on drawing (application 1 of 2).  Trenching 1,238' x 18"" x 40"".  Ensure that environmental controls are in place to prevent dust/debris/wastewater from contaminating environment. If working within 15 feet of a monument you must comply with State Law 8771, contact the Inspector prior to starting excavation: minimum $5,800.00 fine for non-compliance. Comply with all terms of City of Oakland Public Works Standards, Street Excavation Rules, Revised August 2021 and City Council Ordinance No. 13300 C.M.S. Five days’ prior notice required for work lasting five days or less in business/commercial districts: 72-hours’ notice in residential districts. Ten days prior notice required for work lasting six days or more in all districts. SCHEDULE INSPECTION at least 48 hours in advance at: http://oaklanddot.com/projects/search.html """,,
"06/22/2026","Created","RBC2601768","(RBC) - Building Residential Combo Alteration- 1 & 2 Unit Residential (Building)","911 LONGRIDGE RD, Oakland CA 94610","At existing SFD remodel (3) bathrooms and the kitchen including reconfiguration of the layouts and walls.  At 2nd floor use portion of bedroom 1 closet to create a new laundry closet.  At east side yard rebuild 102sf deck and stairs, repair stucco, replace windows, and trash enclosure.Residential remodel including three existing restrooms and one kitchen. There is no additional area added to the home. replace existing deck.",,
"06/22/2026","Permit Issued","SL2601194","(SL) - Sewer Lateral (OPW)","818 58TH ST, OAKLAND CA 94608","NEW/ADU building sewer ON PROPERTY ONLY. SL & X required beyond PL. Overflow device may be needed. If working within 25' feet of a monument you must comply with State Law 8771, contact the Inspector prior to starting excavation: minimum $5,800.00 fine for non-compliance. USA # and date must be provided in order to have a permit issued. Permit valid for 180 days. If the work is to be performed on a designated “Creekside Property” the work will require a “Creek Protection Permit”. If the property is not currently flagged in Accela as a “Creekside Property” but work will be performed within 100’ of a creek channel, a “Creek Determination” should be conducted to determine if the work is subject to the Creek Protection Ordinance. Permit valid 180 days. PRIOR TO START, please schedule your inspection via the contractor's mobile app: https://citygovapp.com/app/opwirprod.htmUSA#",,
"06/22/2026","Intake - Completed","X2600526","DOT - Excavation (X)","342 SANTA CLARA AVE, Oakland CA 94610","PG&E PM 35741165: Permit for restoration from after the fact emergency gas work. Park in ROW & TCP. 35741168.  Ensure that environmental controls are in place to prevent dust/debris/wastewater from contaminating environment. If working within 15 feet of a monument you must comply with State Law 8771, contact the Inspector prior to starting excavation: minimum $5,800.00 fine for non-compliance. Comply with all terms of City of Oakland Public Works Standards, Street Excavation Rules, Revised August 2021 and City Council Ordinance No. 13300 C.M.S. Five days’ prior notice required for work lasting five days or less in business/commercial districts: 72-hours’ notice in residential districts. Ten days prior notice required for work lasting six days or more in all districts. SCHEDULE INSPECTION at least 48 hours in advance at: http://oaklanddot.com/projects/search.html """,,
"06/22/2026","Final","RP2600797","(RP) Plumbing - 1 & 2 Unit Residential (Building)","598 WESTFIELD WY, Oakland CA 94619","Relocation of Washer and Dryer, new water pipe, hookup to sewer.",,
"06/22/2026","Ready to Issue - Fee Due","CGS2601495","DOT - Curb Gutter Sidewalk Standard Compliance Certificate","4801 ALLENDALE AVE, Oakland CA 94619",,,
"06/22/2026","Permit Issued","RBC2601767","(RBC) - Building Residential Combo Alteration- 1 & 2 Unit Residential (Building)","972 W MACARTHUR BLVD, Oakland CA 94608","At existing duplex replace siding and window trim damaged by termites. Includes lead-based paint abatement.  To abate CE Case #2603621. LBP2600110 DRX260872",,
"06/22/2026","On Hold","RBC2601766","(RBC) - Building Residential Combo Alteration- 1 & 2 Unit Residential (Building)","5908 MONADNOCK WY, Oakland CA 94605 United States","At existing SFD, remodel existing bathroom including tub to shower conversion. No other layout changes, no wall changes, no exterior work. Includes related MEPs.",,
"06/22/2026","On Hold - Field Check Pending","RBC2601765","(RBC) - Building Residential Combo Alteration- 1 & 2 Unit Residential (Building)","2700 GRANDE VISTA AVE, Oakland CA 94601","Fire damage repair to 2 bedrooms and 1 bathroom including replacing windows in same location with same size, replacing interior doors and drywall and repair rafter at SFD. MEP included. DRX260780.",,
"06/22/2026","Intake - Completed","X2600525","DOT - Excavation (X)","3884 RHODA AVE, Oakland CA 94602","PG&E PM 35726321 & 35729226 -PG&E to replace joint pole in same hole set, OH services, OH transformer and cut off existing gas service at the main. PG&E to trench and restore. Trenching 5' x 5' x 4'.  Ensure that environmental controls are in place to prevent dust/debris/wastewater from contaminating environment. If working within 15 feet of a monument you must comply with State Law 8771, contact the Inspector prior to starting excavation: minimum $5,800.00 fine for non-compliance. Comply with all terms of City of Oakland Public Works Standards, Street Excavation Rules, Revised August 2021 and City Council Ordinance No. 13300 C.M.S. Five days’ prior notice required for work lasting five days or less in business/commercial districts: 72-hours’ notice in residential districts. Ten days prior notice required for work lasting six days or more in all districts. SCHEDULE INSPECTION at least 48 hours in advance at: http://oaklanddot.com/projects/search.html """,,
"06/22/2026","Permit Issued","RE2601512","(RE) - Electrical - 1 & 2 Unit Residential (Building)","3853 HIGH ST, Oakland CA 94619","Main electrical panel upgrade from 125 amps to 200 amps.",,
"06/21/2026","Permit Issued","CGS2601492","DOT - Curb Gutter Sidewalk Standard Compliance Certificate","7808 WELD ST, Oakland CA 94621",,,
"06/21/2026",,"26TMP-029746","(BW) - Building Worksheet (Building)","3000 SAN PABLO AVE, Oakland CA 94608","Exterior repair just siding and paint",,
"06/21/2026",,"26TMP-021523","(ND) - Non-Developmental Tree Permit (OPW)","2150 34TH AVE, Oakland CA 94601","i want to trim 50% of this tree in my backyard",,
"06/21/2026","Permit Issued","RM2600772","(RM) - Mechanical - 1 & 2 Unit Residential (Building)","4741 SCOTIA AVE, Oakland CA 94605","new minisplit.",,
"06/21/2026","Inspections - In Progress","SL2601193","(SL) - Sewer Lateral (OPW)","4611 SHATTUCK AVE, Oakland CA 94609","Replacing sewer lateral between the rear building and front commercial building, and from the front building to the City main on Shattuck via trenchless operation with SDR-17.",,
"06/21/2026","Complete","BW26001909","(BW) - Building Worksheet (Building)","5907 COLLEGE, Oakland CA 94618 United States","Tenant improvement at existing commercial building for Amazing Amy Massage Studio.  Separate MEP permits required.",,
"06/20/2026","Permit Issued","CGS2601491","DOT - Curb Gutter Sidewalk Provisional Certificate","1116 E 20TH ST, Oakland CA 94606",,,
"06/20/2026",,"26TMP-029714","(RBC) - Building Residential Combo Alteration- 1 & 2 Unit Residential (Building)","8039 NEY AVE, Oakland CA 94605","This project consists of a 309 square foot addition to Unit 1, creating new living, kitchen, and full bathroom spaces, along with a partial remodel of Unit 2 to include a new kitchen, bedroom, full bathroom, living area, and storage. Work includes selective demolition of non-structural interior and exterior elements to accommodate the new layouts, with refinishing to match existing conditions. Existing structural components within the garage, including the slab and columns, will be retained and enclosed.",,
"06/20/2026","Inspections - In Progress","SL2601192","(SL) - Sewer Lateral (OPW)","2134 62ND AVE, Oakland CA 94621","sewer lateral replacement from the property to the street main line",,
"06/20/2026","Permit Issued","CGS2601490","DOT - Curb Gutter Sidewalk Provisional Certificate","530 63RD ST, Oakland CA 94609",,,
"06/20/2026","Permit Issued","RE2601511","(RE) - Electrical - 1 & 2 Unit Residential (Building)","3930 MIDVALE AVE, Oakland CA 94602","Install new 300-amp service, 3 meters total, 1 for each unit, 1 meter for common use. 100-amp meter each",,
"06/20/2026","Complete","BW26001908","(BW) - Building Worksheet (Building)","1572 7TH ST, Oakland CA 94607","REVISION TO B2302308 - CHANGE WORK SCOPE FROM LIVE-WORK TO REGULAR TENANT IMPROVEMENT FOR OFFICE AND RESTROOM",,
"06/19/2026","Permit Issued","P2600795","(P) - Plumbing - 3+ Residential Units or commercial (Building)","468 PERKINS ST, Oakland CA","ANMAC is contracted to install a water conditioning system on each of the domestic mainwater lines (2 Systems) at Ivy Park at Lake Merritt Apartments. There are existing backflowdevices. The conditioning systems will be installed downstream of the existing backflowdevices.Past Permit Approved in Oakland (Same System): P2301494",,
"06/19/2026","Complete","BW26001905","(BW) - Building Worksheet (Building)","1240 37TH AVE, Oakland CA 94601","Vehicular Residential Facility Planning permit DRX260454 has been approved with instructions to complete Building Worksheet Application. No changes to structure or services are proposed.",,
"06/19/2026","Permit Issued","SEA2600557","SolarApp+ (For roof mounted residential solar projects not exceeding 38.4kw total done with SolarApp+- contractor use)","1643 9TH AVE, Oakland CA 94606","5.85 KW DC (13) Panels Roof Mount PV system with (1) ESS, New 200A MPU",,
"06/19/2026","Inspections - In Progress","SL2601191","(SL) - Sewer Lateral (OPW)","430 SUNNYSLOPE AVE, Oakland CA 94610","Sewer Lateral:Repair/replace building sewer ON PROPERTY ONLY. SL & X required beyond PL. Overflow device may be needed. If working within 25' feet of a monument you must comply with State Law 8771, contact the Inspector prior to starting excavation: minimum $5,800.00 fine for non-compliance. USA # and date must be provided in order to have a permit issued. Permit valid for 90 days. If the work is to be performed on a designated “Creekside Property” the work will require a “Creek Protection Permit”. If the property is not currently flagged in Accela as a “Creekside Property” but work will be performed within 100’ of a creek channel, a “Creek Determination” should be conducted to determine if the work is subject to the Creek Protection Ordinance.  Call PWA INSPECTION prior to start: 510-238-3651 or email PWA_inspections@oaklandca.gov USA #",,
"06/19/2026","Permit Issued","RE2601510","(RE) - Electrical - 1 & 2 Unit Residential (Building)","3993 LYMAN RD, Oakland CA 94602","Level 2 EV Charger powered by a 60amp Circuit Breaker. Run #6 THHN c.u. & #10 THHN c.u. ground through <20 feet New 3⁄4” EMT conduit to power the Level 2 EV Charger at 48amp constant draw.",,
"06/19/2026",,"26TMP-029604","DOT - Curb Gutter Sidewalk Provisional Certificate","5137 FAIRFAX AVE, Oakland CA 94601",,,
"06/19/2026","Final","RE2601506","(RE) - Electrical - 1 & 2 Unit Residential (Building)","10 PEMBROKE CT, Oakland CA 94619","Add a 60 amp EV circuit to an Enphase combiner 6C. circuit does not connect to sub panel and is controlled through PCS.",,
"06/19/2026","Intake-On Hold","RBC2601761","(RBC) - Building Residential Combo Alteration- 1 & 2 Unit Residential (Building)","537 37TH ST, Oakland CA 94609","REMODEL OF APPROXIMATELY 820 SQ FT BASEMENT AREA INTO 2-UNIT DWELLING",,
"06/19/2026","Certificate Issued","R2600763","(R) - ReRoof Certificate (Building)","3028 MACARTHUR BLVD, Oakland CA 94602","1,531 sq ftRemove and dispose of existing tar-and-gravel and torch-down roofing system, including loose gravel and all associated debris. Inspect exposed roof deck for dry rot, deterioration, or structural deficiencies; repair as needed prior to new installation.Install new TPO membrane roofing system as follows: apply FR10 fire-resistant underlayment directly over roof deck; install cover board over underlayment to provide a smooth, uniform substrate; install fully heat-welded TPO membrane over entire roof surface. Install TPO-clad sheet metal at all roof edges and Dutch gutter line. Install new flashing at all walls, curbs, and roof-to-wall transitions, heat-welded into membrane. Install new pipe jacks and penetration boots at all roof penetrations, heat-welded into membrane field.",,
"06/19/2026","Certificate Issued","R2600765","(R) - ReRoof Certificate (Building)","2312 87TH AVE, Oakland CA 94605","Remove existing roof,(1,500sq-ft) Install 4 layers of fiberglass built, apply 2 layers 28 pound base, 2 layers of 11 fiberglass ply sheet finish with 72 white capshet. new flashings and downspouts",,
"06/19/2026",,"26TMP-029643","(RBC) - Building Residential Combo Alteration- 1 & 2 Unit Residential (Building)","1610 52ND AVE, Oakland CA 94601","Like-for-like repair of the house, including minor plumbing, electrical, and mechanical work. Small section of roof repair",,
"06/19/2026","Permit Issued","SEA2600556","SolarApp+ (For roof mounted residential solar projects not exceeding 38.4kw total done with SolarApp+- contractor use)","10545 PIPPIN ST, Oakland CA 94603","PV Install - 7.79 kW, 2 ESS, 1 Panel Upgrade",,
"06/19/2026","Permit Issued","RM2600771","(RM) - Mechanical - 1 & 2 Unit Residential (Building)","4201 BAYO ST, Oakland CA 94619","Mini Split Add On Head in Living Room Outdoor in Backyard",,
"06/19/2026","Pending-Document Uploaded","R2600764","(R) - ReRoof Certificate (Building)","1 CABRILLO PL, Oakland CA 94611","Removal of the existing shingle roof and installation of a new composition roof (24.40 Sq).",,
"06/19/2026","Permit Issued","RBC2601763","(RBC) - Building Residential Combo Alteration- 1 & 2 Unit Residential (Building)","4212 SAINT ANDREWS RD, Oakland CA 94605","Replace (6) Retrofit Windows, 3x in Living Room, 2x in Bedroom, 1x in Dining Room. Same Size, Same Locations.",,
"06/19/2026","Inspections - In Progress","SL2601184","(SL) - Sewer Lateral (OPW)","9500 E ST, Oakland CA 94603","Repair/replace sewer lateral and EXCAVATE in PUBLIC RIGHT-OF-WAY. Overflow device may be needed. If working within 25' feet of a monument you must comply with State Law 8771, contact the Inspector prior to starting excavation: minimum $5,800.00 fine for non-compliance. Comply with all terms of City of Oakland Public Works Standards, Street Excavation Rules, Revised March 2015 and City Council Ordinance No. 13300 C.M.S. Five days prior notice required for work lasting five days or less in business/commercial districts; 72 hour notice in residential districts. Ten days prior notice required for work lasting six days or more in all districts. USA #2026061703599 and date must be provided in order to have a permit issued. Permit valid 90 days. If the work is to be performed on a designated “Creekside Property” the work will require a “Creek Protection Permit”. If the property is not currently flagged in Accela as a “Creekside Property” but work will be performed within 100’ of a creek channel, a “Creek Determination” should be conducted to determine if the work is subject to the Creek Protection Ordinance. Call PWA INSPECTION prior to start: 510-238-3651 or email PWA_inspections@oaklandca.gov",,
"06/19/2026","Permit Issued","RBC2601762","(RBC) - Building Residential Combo Alteration- 1 & 2 Unit Residential (Building)","1133 EL CENTRO AVE, Oakland CA 94602","Replace (5) Retrofit Windows in Kitchen & Bedroom. Same Size, Same Locations.",,
"06/19/2026",,"26TMP-027446","(E) - Electrical - 3+ Residential Units or Commercial (Building)","7126 INTERNATIONAL BLVD, Oakland CA 94621","The customer would like to upgrade the current 200a service to a 400a service for their commercial building.",,
"06/19/2026","Complete","BW26001904","(BW) - Building Worksheet (Building)","6411 THORNDALE DR, Oakland CA","Revise existing building permit (RBC2401045) plans",,
"06/19/2026","Complete","BW26001907","(BW) - Building Worksheet (Building)","3631 MIDVALE AVE, Oakland CA 94602","In-kind replacement of five (5) windows on apartment D of a 4-unit residential building. New retrofit windows are dual-pane low-E retrofits facing the side and rear of the building. No change to window frame size. Location of five (5) windows to be altered: one (1) window in bedroom 1, one (1) window in bedroom 2, one (1) window in kitchen, one (1) window in dining room, and one (1) window in dining room.",,
"06/19/2026","Intake - On Hold","SL2601186","(SL) - Sewer Lateral (OPW)","18 N HILL CT, Oakland CA 94618","Repair/replace sewer lateral and EXCAVATE in PUBLIC RIGHT-OF-WAY. Overflow device may be needed. If working within 25' feet of a monument you must comply with State Law 8771, contact the Inspector prior to starting excavation: minimum $5,800.00 fine for non-compliance. Comply with all terms of City of Oakland Public Works Standards, Street Excavation Rules, Revised March 2015 and City Council Ordinance No. 13300 C.M.S. Five days prior notice required for work lasting five days or less in business/commercial districts; 72 hour notice in residential districts. Ten days prior notice required for work lasting six days or more in all districts. USA #2026061703442 and date must be provided in order to have a permit issued. Permit valid 90 days. If the work is to be performed on a designated “Creekside Property” the work will require a “Creek Protection Permit”. If the property is not currently flagged in Accela as a “Creekside Property” but work will be performed within 100’ of a creek channel, a “Creek Determination” should be conducted to determine if the work is subject to the Creek Protection Ordinance. Call PWA INSPECTION prior to start: 510-238-3651 or email PWA_inspections@oaklandca.gov",,
"06/19/2026","Void","RBC2601760","(RBC) - Building Residential Combo Alteration- 1 & 2 Unit Residential (Building)","2401 IVY DR, Oakland CA 94606","Existing basement conversion to 2-unit ADU. Unit 1 463 sq ft. Unit 2 463 sq ft",,
"06/19/2026","Permit Issued","CGS2601488","DOT - Curb Gutter Sidewalk Provisional Certificate","4546 VIRGINIA AVE, Oakland CA 94619",,,
"06/19/2026","Inspections - In Progress","SL2601189","(SL) - Sewer Lateral (OPW)","6157 ASPINWALL RD, Oakland CA 94611","Replace approximately 90 feet of old sewer lateral with 4"" SDR-17 poly pipe from the house outlet to the city main, located in the backyard",,
"06/19/2026",,"26TMP-029669","(R) - ReRoof Certificate (Building)","3519 WISCONSIN ST, Oakland CA 94619","TEAR OFF OLD ROOFING & INSTALL NEW ROOFING   ROOF IS 1,600 SQ FT.",,
"06/19/2026","Permit Issued","CGS2601489","DOT - Curb Gutter Sidewalk Provisional Certificate","5137 FAIRFAX AVE, Oakland CA 94601",,,
"06/19/2026","Permit Issued","E2601507","(E) - Electrical - 3+ Residential Units or Commercial (Building)","5343 BROADWAY, Oakland CA 94618","Replace 4 recessed light fixtures",,
"06/19/2026","Certificate Issued","R2600766","(R) - ReRoof Certificate (Building)","2957 62ND AVE, Oakland CA 94605","Tear off existing flat roof, install new 60mil TPO.",,
"06/19/2026","Permit Issued","SL2601188","(SL) - Sewer Lateral (OPW)","2215 INTERNATIONAL BLVD, Oakland CA 94606","Sewer Lateral and Excavation: Repair/replacing a 40ft sewer lateral line for compliance.Repair/replace sewer lateral and EXCAVATE in PUBLIC RIGHT-OF-WAY. Overflow device may be needed.  If working within 25' feet of a monument you must comply with State Law 8771, contact the Inspector prior to starting excavation: minimum $5,800.00 fine for non-compliance. Comply with all terms of City of Oakland Public Works Standards, Street Excavation Rules, Revised March 2015 and City Council Ordinance No. 13300 C.M.S. Five days prior notice required for work lasting five days or less in business/commercial districts; 72 hour notice in residential districts. Ten days prior notice required for work lasting six days or more in all districts. USA # and date must be provided in order to have a permit issued. Permit valid 90 days. If the work is to be performed on a designated “Creekside Property” the work will require a “Creek Protection Permit”. If the property is not currently flagged in Accela as a “Creekside Property” but work will be performed within 100’ of a creek channel, a “Creek Determination” should be conducted to determine if the work is subject to the Creek Protection Ordinance.  Call PWA INSPECTION prior to start: 510-238-3651 or email PWA_inspections@oaklandca.gov. USA # 2026.0529-006-77-001",,
"06/19/2026","Inspections - In Progress","SL2601185","(SL) - Sewer Lateral (OPW)","1 N HILL CT, Oakland CA 94618","Repair/replace sewer lateral and EXCAVATE in PUBLIC RIGHT-OF-WAY. Overflow device may be needed. If working within 25' feet of a monument you must comply with State Law 8771, contact the Inspector prior to starting excavation: minimum $5,800.00 fine for non-compliance. Comply with all terms of City of Oakland Public Works Standards, Street Excavation Rules, Revised March 2015 and City Council Ordinance No. 13300 C.M.S. Five days prior notice required for work lasting five days or less in business/commercial districts; 72 hour notice in residential districts. Ten days prior notice required for work lasting six days or more in all districts. USA #202606160378 and date must be provided in order to have a permit issued. Permit valid 90 days. If the work is to be performed on a designated “Creekside Property” the work will require a “Creek Protection Permit”. If the property is not currently flagged in Accela as a “Creekside Property” but work will be performed within 100’ of a creek channel, a “Creek Determination” should be conducted to determine if the work is subject to the Creek Protection Ordinance. Call PWA INSPECTION prior to start: 510-238-3651 or email PWA_inspections@oaklandca.gov",,
"06/19/2026","Completed Cert Received","R2600762","(R) - ReRoof Certificate (Building)","6125 PINEWOOD RD, Oakland CA 94611","3,323 sq ft - Remove existing roofing system to deck; inspect and repair roof deck for dry rot and structural deficiencies. Install ProGuard synthetic underlayment over entire roof. Re-roof low-slope/cricket section with TPO single-ply membrane. Install CertainTeed Landmark composition shingles with closed-cut valleys over leak barrier. Install new drip edge and edge metal at all eaves and rakes (350 LF). Install new wall, step, and diverter flashing at all roof-to-wall transitions; re-seal gas fireplace vent collar; install new pipe jack flashings. Repair dry-rotted fascia; paint all metal to match roof. Add low-profile attic ventilation to meet 1:300 code ratio, balanced intake and exhaust. Install new ridge caps at all ridges and hips (118 LF).",,
"06/19/2026","Permit Issued","RE2601509","(RE) - Electrical - 1 & 2 Unit Residential (Building)","84 TEMPLAR PL, Oakland CA 94618","50amp EV circuit and a new sub feed",,
"06/19/2026","Permit Issued","SEA2600555","SolarApp+ (For roof mounted residential solar projects not exceeding 38.4kw total done with SolarApp+- contractor use)","3566 64TH AVE, Oakland CA 94605","19 module 7.79 kWDC Roof Mount Solar / MPU to (N) 125A main panel / (1) Tesla Powerwall 3 Battery / (N) Tesla Backup Switch",,
"06/19/2026","Inspections - In Progress","SL2601183","(SL) - Sewer Lateral (OPW)","2824 38TH AVE, Oakland CA 94619","replace the entire PSL start from the back of the building and the replacement end at the sidewalk form the didewalk up to center of the street is plastic",,
"06/19/2026","Permit Issued","RE2601508","(RE) - Electrical - 1 & 2 Unit Residential (Building)","5483 HOLLAND ST, Oakland CA 94601","Kitchen ceiling renovation: new drywall (approx. 200 sq. ft.).No structural work and over-the-range microwave vent installation. We are replacing the existing lights with 6 new energy-efficient lights; we do not anticipate any rewiring or adding circuitry.",,
"06/19/2026","Complete","BW26001906","(BW) - Building Worksheet (Building)","2915 KITCHENER CT, Oakland CA 94602","Residential Kitchen remodeling like for like per proposed plans. Demolition: Demolish soffit, cabinets countertops and flooring.New cabinets, countertops and flooring to be installer on existing location.Plumbing: all plumbing will remain on existing location and will be refresh to meet cold compliance. Electrical: update electrical circuits to meet building code. Update electrical sub panel with same AMPS , just to have more breaker ports for new circuits. Lightning:  install new LED ceiling can lights and install under cabinet LED lights. Smoke alarms and carbon monoxide alarms to be installed as required to meet code compliant.",,
"06/19/2026","Inspections - In Progress","SL2601190","(SL) - Sewer Lateral (OPW)","3322 CHESTNUT ST, Oakland CA 94608","Repair/replace sewer lateral and EXCAVATE in PUBLIC RIGHT-OF-WAY. Overflow device may be needed.  If working within 25' feet of a monument you must comply with State Law 8771, contact the Inspector prior to starting excavation: minimum $5,800.00 fine for non-compliance. Comply with all terms of City of Oakland Public Works Standards, Street Excavation Rules, Revised March 2015 and City Council Ordinance No. 13300 C.M.S. Five days prior notice required for work lasting five days or less in business/commercial districts; 72 hour notice in residential districts. Ten days prior notice required for work lasting six days or more in all districts. USA # and date must be provided in order to have a permit issued. Permit valid 90 days. If the work is to be performed on a designated “Creekside Property” the work will require a “Creek Protection Permit”. If the property is not currently flagged in Accela as a “Creekside Property” but work will be performed within 100’ of a creek channel, a “Creek Determination” should be conducted to determine if the work is subject to the Creek Protection Ordinance.",,
"06/19/2026","Inspections - In Progress","SL2601187","(SL) - Sewer Lateral (OPW)","3554 JORDAN RD, Oakland CA 94619","Repair/replace building sewer ON PROPERTY ONLY. SL & X required beyond PL. Overflow device may be needed. If working within 25' feet of a monument you must comply with State Law 8771, contact the Inspector prior to starting excavation: minimum $5,800.00 fine for non-compliance. USA # and date must be provided in order to have a permit issued. Permit valid for 90 days. If the work is to be performed on a designated “Creekside Property” the work will require a “Creek Protection Permit”. If the property is not currently flagged in Accela as a “Creekside Property” but work will be performed within 100’ of a creek channel, a “Creek Determination” should be conducted to determine if the work is subject to the Creek Protection Ordinance.",,
"06/19/2026","Completed Cert Received","R2600767","(R) - ReRoof Certificate (Building)","3519 WISCONSIN ST, Oakland CA 94619","TEAR OFF OLD ROOFING   1,600 SQ FT    INSTALL NEW ROOF",,
"06/19/2026","Certificate Issued","R2600761","(R) - ReRoof Certificate (Building)","6375 HILLMONT DR, Oakland CA 94605","Reroof, tear off, 17 SQ. Shingles, house and garage",,
"06/19/2026","Complete","BW26001912","(BW) - Building Worksheet (Building)","8041 EARL ST, Oakland CA 94605","Revision of RBC2400207 - Updated plan showing use of gas furnace",,
"06/19/2026","Incomplete Submittal","S2600054","(S) Sign Permit- New and Alterations","1405 MIDDLE HARBOR RD, Oakland CA 94607","Install (1) illuminated monument sign and pole for ""Forum Mobility"". Planning approval issued by PORT OF OAKLAND. Separate electrical permit required.",,
"06/19/2026","Intake - Completed","X2600524","DOT - Excavation (X)","1075 UNDERHILLS RD, Oakland CA 94610","AT&T A05GLF7 In coordination with PG&E, this job requires AT&T to remove old poles x4 & remove old anchor x1, place ground bed, restore 40 SF of concrete & transfer facilities to new, existing poles x4 already placed by PG&E. Trenching 18' x 1"".  Ensure that environmental controls are in place to prevent dust/debris/wastewater from contaminating environment. If working within 15 feet of a monument you must comply with State Law 8771, contact the Inspector prior to starting excavation: minimum $5,800.00 fine for non-compliance. Comply with all terms of City of Oakland Public Works Standards, Street Excavation Rules, Revised August 2021 and City Council Ordinance No. 13300 C.M.S. Five days’ prior notice required for work lasting five days or less in business/commercial districts: 72-hours’ notice in residential districts. Ten days prior notice required for work lasting six days or more in all districts. SCHEDULE INSPECTION at least 48 hours in advance at: http://oaklanddot.com/projects/search.html """,,
"06/19/2026","On Hold","RBC2601764","(RBC) - Building Residential Combo Alteration- 1 & 2 Unit Residential (Building)","6353 FLORIO ST, UNIT B, OAKLAND CA 94618 United States","Replace 1 retrofit window at kitchen, same size and location in ADU unit B at rear of condo. No MEP included. DRX260871.",,
"06/19/2026","Intake - Completed","X2600523","DOT - Excavation (X)","2802 E 7TH ST, Oakland CA 94601","PG&E PM 35725981-PG&E to install UG primary, riser, cutouts and relocate OH switch. Applicant to trench and restore (X2600237).  Ensure that environmental controls are in place to prevent dust/debris/wastewater from contaminating environment. If working within 15 feet of a monument you must comply with State Law 8771, contact the Inspector prior to starting excavation: minimum $5,800.00 fine for non-compliance. Comply with all terms of City of Oakland Public Works Standards, Street Excavation Rules, Revised August 2021 and City Council Ordinance No. 13300 C.M.S. Five days’ prior notice required for work lasting five days or less in business/commercial districts: 72-hours’ notice in residential districts. Ten days prior notice required for work lasting six days or more in all districts. SCHEDULE INSPECTION at least 48 hours in advance at: http://oaklanddot.com/projects/search.html """,,
"06/19/2026","Intake - Completed","X2600522","DOT - Excavation (X)","4256 GILBERT ST, Oakland CA 94611","PG&E PM 35731352-PG&E to replace joint pole in same hole set, OH services, install OH transformer and secondary breakers. Ensure that environmental controls are in place to prevent dust/debris/wastewater from contaminating environment. If working within 15 feet of a monument you must comply with State Law 8771, contact the Inspector prior to starting excavation: minimum $5,800.00 fine for non-compliance. Comply with all terms of City of Oakland Public Works Standards, Street Excavation Rules, Revised August 2021 and City Council Ordinance No. 13300 C.M.S. Five days’ prior notice required for work lasting five days or less in business/commercial districts: 72-hours’ notice in residential districts. Ten days prior notice required for work lasting six days or more in all districts. SCHEDULE INSPECTION at least 48 hours in advance at: http://oaklanddot.com/projects/search.html """,,
"06/18/2026","Permit Issued","CGS2601481","DOT - Curb Gutter Sidewalk Standard Compliance Certificate","4191 MONTGOMERY ST, Oakland CA 94611",,,
"06/18/2026","Complete","BW26001893","(BW) - Building Worksheet (Building)","6584 CHABOT RD, Oakland CA 94618","Furnish and install 18 (2025 fourth coat, low E, title 24) wood clad Marvin windows.",,
"06/18/2026","Permit Issued","CGS2601473","DOT - Curb Gutter Sidewalk Standard Compliance Certificate","6693 CHABOT RD, Oakland CA 94618",,,
"06/18/2026","Permit Issued","CGS2601471","DOT - Curb Gutter Sidewalk Standard Compliance Certificate","550 VERNON ST, Oakland CA 94610",,,
"06/18/2026","Permit Issued","M2600766","(M) - Mechanical - 3+ Residential Units or Commercial (Building)","3825 CLARKE ST, Oakland CA 94609","At existing 4-plex, water damage repair in unit 3823B and 3825 - reset exhaust fan in bathroom",,
"06/18/2026","Intake-On Hold","RBC2601759","(RBC) - Building Residential Combo Alteration- 1 & 2 Unit Residential (Building)","9 N HILL CT, Oakland CA 94618","Kitchen remodel, like for like. Bathroom remodel like for like",,
"06/18/2026","Permit Issued","RE2601505","(RE) - Electrical - 1 & 2 Unit Residential (Building)","3428 BIRDSALL AVE, Oakland CA 94619","Upgrade the 200A Service to a 400A Service 2 Gang to provide a separate meter and amperage to the unit B dwelling.",,
"06/18/2026","Inspections - In Progress","SL2601179","(SL) - Sewer Lateral (OPW)","1520 51ST AVE, Oakland CA 94601","Repair/replace sewer lateral and EXCAVATE in PUBLIC RIGHT-OF-WAY. Overflow device may be needed. If working within 25' feet of a monument you must comply with State Law 8771, contact the Inspector prior to starting excavation: minimum $5,800.00 fine for non-compliance. Comply with all terms of City of Oakland Public Works Standards, Street Excavation Rules, Revised March 2015 and City Council Ordinance No. 13300 C.M.S. Five days prior notice required for work lasting five days or less in business/commercial districts; 72 hour notice in residential districts. Ten days prior notice required for work lasting six days or more in all districts. USA # and date must be provided in order to have a permit issued. Permit valid 90 days. If the work is to be performed on a designated “Creekside Property” the work will require a “Creek Protection Permit”. If the property is not currently flagged in Accela as a “Creekside Property” but work will be performed within 100’ of a creek channel, a “Creek Determination” should be conducted to determine if the work is subject to the Creek Protection Ordinance. Call PWA INSPECTION prior to start: 510-238-3651 or email PWA_inspections@oaklandca.gov. USA# 2026061802503-000 06/18/26",,
"06/18/2026","Pending - Incomplete","BW26001888","(BW) - Building Worksheet (Building)","2227 SAN PABLO AVE, Oakland CA 94612","REVISION TO PERMIT  BP#B2503254INSTALL (1) DC12-48-60-RM IN HYBRID RACK.Engineer called for Hilti bolts into concrete in error as this is a raised floor requiring Lag Bolts",,
"06/18/2026","Permit Issued","CGS2601467","DOT - Curb Gutter Sidewalk Provisional Certificate","295 GRAVATT DR, Oakland CA 94705",,,
"06/18/2026","Complete","BW26001891","(BW) - Building Worksheet (Building)","1212 POWELL ST, Oakland CA 94608","Remodel (E) Non-Conforming Powder rooms for Code Compliance and Laundry area in Craft Room for the address 1212 within the same building",,
"06/18/2026","Permit Issued","RE2601500","(RE) - Electrical - 1 & 2 Unit Residential (Building)","5573 MERRIEWOOD DR, Oakland CA 94611","Upgrade main electric panel 100A to 200A",,
"06/18/2026","Pending - Incomplete","BW26001900","(BW) - Building Worksheet (Building)","6195 COLISEUM WY, Oakland CA 94621","Installation of storage racks in an existing warehouse.",,
"06/18/2026","Complete","BW26001902","(BW) - Building Worksheet (Building)","888 VERMONT ST, Oakland CA 94610","Repair deteriorated exterior siding rear South East wall (~870 sq ft) per Code Enforcement Case 2507745, OMC 8.24.020 C(2). Remove deteriorated siding and damaged wall sheathing; replace in kind with new sheathing, install weather-resistive barrier, and T1-11 siding; prime and paint. Like-for-like repair — no change to wall framing, openings, or building footprint. Pre-1978 building; lead-safe practices, separate (LBP) to follow.",,
"06/18/2026","Complete","BW26001890","(BW) - Building Worksheet (Building)","21 DEERING CT, Oakland CA 94601","Replace 3 windows with no change to size, layout, or style.",,
"06/18/2026","Inspections - In Progress","SL2601181","(SL) - Sewer Lateral (OPW)","538 58TH ST, Oakland CA 94609","Replace sewer lateral from building to city main on the street.",,
"06/18/2026","Permit Issued","SL2601176","(SL) - Sewer Lateral (OPW)","8 KROHN LN, Oakland CA 94611","Repair/replace sewer lateral and EXCAVATE in PUBLIC RIGHT-OF-WAY. An overflow device may be needed.  If working within 25' feet of a monument you must comply with State Law 8771, contact the Inspector prior to starting excavation: minimum $5,800.00 fine for non-compliance. Comply with all terms of City of Oakland Public Works Standards, Street Excavation Rules, Revised March 2015 and City Council Ordinance No. 13300 C.M.S. Five days prior notice required for work lasting five days or less in business/commercial districts: 72 hour notice in residential districts. Ten days prior notice required for work lasting six days or more in all districts. USA # and date must be provided in order to have a permit issued. Permit valid 90 days. If the work is to be performed on a designated “Creekside Property” the work will require a “Creek Protection Permit”. If the property is not currently flagged in Accela as a “Creekside Property” but work will be performed within 100’ of a creek channel, a “Creek Determination” should be conducted to determine if the work is subject to the Creek Protection Ordinance.  Call PWA INSPECTION prior to start: 510-238-3651 or email PWA_inspections@oaklandca.gov. USA # 2026021009607-000",,
"06/18/2026","Complete","BW26001898","(BW) - Building Worksheet (Building)","3009 HUMBOLDT AVE, Oakland CA 94602","THE PROJECT CONSISTS OF THE DEMOLITION OF AN EXISTING DECK AND THE CONSTRUCTION OF A NEW SUNROOM WITHIN THE SAME FOOTPRINT (200 SF). NO CHANGE TO EXISTING CONDITIONED SPACE.",,
"06/18/2026","Complete","BW26001887","(BW) - Building Worksheet (Building)","362 HUDSON ST, Oakland CA 94618","REPLACE EXISTING BACK STAIRS WITH NEW BALCONY AND STAIRS",,
"06/18/2026","Pending - Incomplete","BW26001901","(BW) - Building Worksheet (Building)","5209 PROCTOR AVE, Oakland CA 94618","·  CONVERT EXISTING STORAGE AND STUDY INTO MASTER BATHROOM, REMOVE 2 WINDOWS AND FRAME 1 (N)ARCHED OPENING WITH DECORATIVE STAINED GLASS· HALL BATHROOM REFRESH AND REPLACE EXISTING GLASS ONLY AT WINDOW WITH TEMPERED GLASS· RECESS EXISTING LAUNDRY HOOKUPS",,
"06/18/2026","Complete","BW26001894","(BW) - Building Worksheet (Building)","285 12TH ST, Oakland CA 94606","Construction of on-site infrastructure improvements within the subject property associated with the construction of a new 5-story, 65-unit affordable housing building.",,
"06/18/2026","Permit Issued","SE2600554","Solar Permit (For commercial projects, residential projects not eligible for SolarApp+, or owner/builder or contractor use)","4022 FULLINGTON ST, Oakland CA 94619","7.65 KW DC (17) Panels Roof Mount PV system with (2) ESS, New 225A Backup Loads Panel",,
"06/18/2026","Permit Issued","CGS2601476","DOT - Curb Gutter Sidewalk Standard Compliance Certificate","4421 STEELE ST, Oakland CA 94619",,,
"06/18/2026","Permit Issued","RE2601502","(RE) - Electrical - 1 & 2 Unit Residential (Building)","673 57TH ST, Oakland CA 94609","100A to 200A main panel upgrade.",,
"06/18/2026","Permit Issued","CGS2601477","DOT - Curb Gutter Sidewalk Exemption Certificate","6200 WOOD DR, Oakland CA 94611",,,
"06/18/2026","Permit Issued","P2600794","(P) - Plumbing - 3+ Residential Units or commercial (Building)","3719 EMERSON ST, Oakland CA 94610","Replace water heater",,
"06/18/2026",,"26TMP-029535","(BW) - Building Worksheet (Building)","809 E 22nd AVE, Oakland CA 94606","Continue and finish work begun in 2007 under Permit numbers RB0703239, RE0800080, and RP0800075 which involved adding 75 sqft to expand the kitchen at the back of the cottage (0500052), replace attic plywood flooring, relocate attic access, rebuild the back stairs with a landing (new revision) and move utilites for the washer/dryer from the far right end  of the back wall to the far left end (new revision).",,
"06/18/2026","Certificate Issued","R2600759","(R) - ReRoof Certificate (Building)","1062 RISPIN DR, Oakland CA 94705","Torch-Down Roof ReplacementApprox. 1600 sq ft:",,
"06/18/2026","Permit Issued","RM2600768","(RM) - Mechanical - 1 & 2 Unit Residential (Building)","4321 STEELE ST, Oakland CA 94619","Replace (1) gas furnace in garage + replace ac unit with (1) new heat pump outside",,
"06/18/2026","Refund","TR-ND26-00066","(ND) - Non-Developmental Tree Permit (OPW)","5553 TAFT AVE, Oakland CA 94618","Planted by the city about 50 years ago, these Chinese Evergreen Elm trees (Ulmus Parvofolia) had anthracnose infection when planted apparently, so many of them on Taft street have open bark wounds. These are suseptable to branches cracking off especially as the weather gets hot in the summer. This particular tree has exposed cracks all over the central trunk and branches. According to Garcia Tree Service, there is no saving it most likely at this point and it is a dangerous tree for both parked cars and pedestrians.",,
"06/18/2026","Complete","BW26001896","(BW) - Building Worksheet (Building)","5000 MACARTHUR BLVD, Oakland CA 94605","Revision to B2501189 to include utility enclosure enlarged footprint, equipment pad design and fence replacement and redesign.",,
"06/18/2026","Intake - On Hold","SL2601178","(SL) - Sewer Lateral (OPW)","201 ISLETON AVE, Oakland CA 94603","NEW sewer lateral and EXCAVATE in PUBLIC RIGHT-OF-WAY. Overflow device may be needed.  If working within 25' feet of a monument you must comply with State Law 8771, contact the Inspector prior to starting excavation: minimum $5,800.00 fine for non-compliance. Comply with all terms of City of Oakland Public Works Standards, Street Excavation Rules, Revised March 2015 and City Council Ordinance No. 13300 C.M.S. Five days prior notice required for work lasting five days or less in business/commercial districts; 72 hour notice in residential districts. Ten days prior notice required for work lasting six days or more in all districts. USA # and date must be provided in order to have a permit issued. Permit valid 90 days. If the work is to be performed on a designated “Creekside Property” the work will require a “Creek Protection Permit”. If the property is not currently flagged in Accela as a “Creekside Property” but work will be performed within 100’ of a creek channel, a “Creek Determination” should be conducted to determine if the work is subject to the Creek Protection Ordinance.  Call PWA INSPECTION prior to start: 510-238-3651 or email PWA_inspections@oaklandca.gov.",,
"06/18/2026","Permit Issued","CGS2601484","DOT - Curb Gutter Sidewalk Standard Compliance Certificate","5633 OAK GROVE AVE, Oakland CA 94618",,,
"06/18/2026","Plan Routing - Completed","SL2601177","(SL) - Sewer Lateral (OPW)","640 PANORAMIC WY, Oakland CA 94704","Scope of Work:- Locate and expose existing sewer line (~170–200 linear feet)- Trenchless sewer line replacement from the exterior foundation to the city sewer connection at the street- Install new sewer piping along existing alignment with all required couplings, fittings, and reconnections- Backfill, compact, and perform basic jobsite cleanup upon completion",,
"06/18/2026","Permit Issued","SEA2600553","SolarApp+ (For roof mounted residential solar projects not exceeding 38.4kw total done with SolarApp+- contractor use)","686 CALMAR AVE, Oakland CA 94610","Installation of Rooftop Mounted Solar Energy System PV+STSystem Size: 7.74 kW DC (6.28 kW AC)(18) Q.TRON BLK M-G2.C+ 430 solar modules(18) Q.MI.349B-G1 {240V} inverters(1) 1707000-XX-Y {11.5kW} ESSNew Busbar count - 1",,
"06/18/2026","Permit Issued","CGS2601486","DOT - Curb Gutter Sidewalk Standard Compliance Certificate","264 MARLOW DR, Oakland CA 94605",,,
"06/18/2026","Permit Issued","CGS2601468","DOT - Curb Gutter Sidewalk Standard Compliance Certificate","4335 EVERETT AVE, Oakland CA 94602",,,
"06/18/2026","Permit Issued","RE2601504","(RE) - Electrical - 1 & 2 Unit Residential (Building)","7831 HANSOM DR, Oakland CA 94605","(Adding to existing PV system) Installing 2 ESS batteries. 27kWh total.",,
"06/18/2026","Complete","BW26001892","(BW) - Building Worksheet (Building)","285 12TH ST, Oakland CA 94606","The proposed project is a five-story building housing 65 affordable apartments.  It is five levels of type IB construction.  The ground floor includes offices and common program areas.  The residential entrance is on Harrison Street.",,
"06/18/2026","Complete","BW26001897","(BW) - Building Worksheet (Building)","1554 FRUITVALE AVE, Oakland CA 94601","Replacement of (5) windows which have been specified in the site plan. (4) of the windows which will be replaced on the rear of the building and side of the building will be vinyl to match other existing vinyl windows.The window at the front of the building which is specified in the site plan and window specifications will be a wood craft window to match the aesthetic and existing windows at the front of the building.",,
"06/18/2026","Pending - Incomplete","BW26001886","(BW) - Building Worksheet (Building)","1 AIRPORT DR, Oakland CA 94621","The Oakland International Airport Restroom Upgrades Phase 3 project will renovate the restrooms at Gates 5, 25, 29 and Terminal 2 Bag Claim.  Improvements to these facilities will bring the restroom up to current code compliance.  Improvements include structural, mechanical, electrical, and plumbing elements.",,
"06/18/2026","Permit Issued","CGS2601475","DOT - Curb Gutter Sidewalk Standard Compliance Certificate","3940 ARDLEY AVE, Oakland CA 94602",,,
"06/18/2026","Permit Issued","RM2600769","(RM) - Mechanical - 1 & 2 Unit Residential (Building)","6936 ARMOUR DR, Oakland CA 94611","Replacement of a 3ton Furnace Coil Condenser, AC addon, and air duct replacement (7). Supplemental Electrical: Run (1) dedicated 220V wire to condenser location.",,
"06/18/2026","Permit Issued","RP2600792","(RP) Plumbing - 1 & 2 Unit Residential (Building)","1741 BRANDON ST, Oakland CA 94611","Repipe",,
"06/18/2026","Inspections - In Progress","SL2601182","(SL) - Sewer Lateral (OPW)","1102 10TH ST, Oakland CA 94607","Repair/replace sewer lateral and EXCAVATE in PUBLIC RIGHT-OF-WAY. Overflow device may be needed. If working within 25' feet of a monument you must comply with State Law 8771, contact the Inspector prior to starting excavation: minimum $5,800.00 fine for non-compliance. Comply with all terms of City of Oakland Public Works Standards, Street Excavation Rules, Revised March 2015 and City Council Ordinance No. 13300 C.M.S. Five days prior notice required for work lasting five days or less in business/commercial districts; 72 hour notice in residential districts. Ten days prior notice required for work lasting six days or more in all districts. USA # and date must be provided in order to have a permit issued. Permit valid 90 days. If the work is to be performed on a designated “Creekside Property” the work will require a “Creek Protection Permit”. If the property is not currently flagged in Accela as a “Creekside Property” but work will be performed within 100’ of a creek channel, a “Creek Determination” should be conducted to determine if the work is subject to the Creek Protection Ordinance. Call PWA INSPECTION prior to start: 510-238-3651 or email PWA_inspections@oaklandca.gov. USA# 2026061803334-000 06/18/26",,
"06/18/2026","Permit Issued","CGS2601472","DOT - Curb Gutter Sidewalk Standard Compliance Certificate","661 BROOKWOOD PL, Oakland CA 94610",,,
"06/18/2026","Pending-Document Uploaded","BW26001899","(BW) - Building Worksheet (Building)","2438 35TH AVE, Oakland CA 94601","Grading Permit: Site grading for a new modular permanent supportive housing building at 3525 Lyon Avenue: rough grading of building pad, structural excavation for foundation and footings, on-site site-improvement grading, and post-construction stormwater treatment, with erosion, sediment, and dust control per civil plans. Building Permit Number: B2600878",,
"06/18/2026","Final","RM2600767","(RM) - Mechanical - 1 & 2 Unit Residential (Building)","1436 48TH AVE, Oakland CA 94601","REPLACE EXISTING DIRECT VENT FURNACES WITH  14,000 BTU  2 DIRECT VENT FURNACES  SAMEPLACE LIKE FOR LIKE .",,
"06/18/2026",,"26TMP-029510","DOT - Curb Gutter Sidewalk Provisional Certificate","107 COVINGTON ST, Oakland CA 94605",,,
"06/18/2026","Permit Issued","P2600793","(P) - Plumbing - 3+ Residential Units or commercial (Building)","5444 INTERNATIONAL BLVD, APT B, OAKLAND CA 94601","legalize water heater to address code violation",,
"06/18/2026","Inspections - In Progress","SL2601180","(SL) - Sewer Lateral (OPW)","1345 53RD AVE, Oakland CA 94601","Sewer lateral replacement from building to street.",,
"06/18/2026","Permit Issued","RM2600770","(RM) - Mechanical - 1 & 2 Unit Residential (Building)","2655 HAVERHILL DR, Oakland CA 94611","CHANGE OUT EXISTING GAS SYSTEM WITH NEW ALL ELECTRIC LENNOX 19 SEER HEAT PUMP SPLIT SYSTEM IN SAME LOCATIONS AS EXISTING EQUIPMENT (BACKYARD / CRAWL SPACE) AND CONNECTING TO EXISTING DUCTWORK, SAME FOR SAME.",,
"06/18/2026","Pending - Incomplete","BW26001889","(BW) - Building Worksheet (Building)","655 INTERNATIONAL BLVD, Oakland CA 94606","Scope of work in the community center includes Non-Structural, no wall Changes to an interior upgrade of  an existing 167 square foot kitchen, installation of (2) doors, one exterior door to be hollow metal door to match rest of building.",,
"06/18/2026","Inspections - In Progress","SL2601174","(SL) - Sewer Lateral (OPW)","1924 7TH AVE, Oakland CA 94606","Replace sewer lateral from planter box to the middle of the street approximately 18ft, Trenchless method, we will use SDR 17 pipe",,
"06/18/2026","Permit Issued","RE2601503","(RE) - Electrical - 1 & 2 Unit Residential (Building)","4021 FAIRWAY AVE, Oakland CA 94605","200 amp upgrade",,
"06/18/2026","Permit Issued","CGS2601469","DOT - Curb Gutter Sidewalk Standard Compliance Certificate","3863 WEST ST, Oakland CA 94608",,,
"06/18/2026",,"26TMP-029516","(RM) - Mechanical - 1 & 2 Unit Residential (Building)","1436 48TH AVE, Oakland CA 94601","REPALCE EXIXTING DIRECT VENT FURNACES WITH 14,000 BTU DIRECT VENT FURNACES SAMEPLACE LIKE FOR LIKE .",,
"06/18/2026",,"26TMP-029442","(LBP) - Lead Based Paint (Building)","441 MERRITT AVE, Oakland CA 94610","Painting entire exterior of building.  All workers are lead safety certified",,
"06/18/2026","Permit Issued","CGS2601487","DOT - Curb Gutter Sidewalk Exemption Certificate","3 WINDWARD HL, Oakland CA 94618",,,
"06/18/2026","Pending-Document Uploaded","BW26001903","(BW) - Building Worksheet (Building)","6421 BRANN ST, Oakland CA 94605","Repair stucco railing on entry stairs, clear weeds, clear trash and other debris, and remove 1960 Fiat 600At existing SFD repair stucco railing on entry stairs to abate CE Case #2202535.",,
"06/18/2026","Intake-On Hold","RBC2601758","(RBC) - Building Residential Combo Alteration- 1 & 2 Unit Residential (Building)","7030 BUCKINGHAM BLVD, Oakland CA 94705","215 sqft kitchen remodel including relocation of opening to living room. No exterior changes. MEP included.",,
"06/18/2026","Permit Issued","OB2600749","Obstruction","295 LENOX AVE, Oakland CA 94610","Reserve 1 (25') NON-METERED parking space(s) in front of parcel only for dumpster, construction vehicle, moving van or storage pod. Post No-parking signs 72 hours prior in residential areas. No impact on traffic lane or sidewalk allowed, except as noted on TCP/X permit. NO-PARKING SIGNS SHALL PICKED UP BY APPLICANT AFTER PAYMENT TO ENFORCE PERMIT REQUIREMENT. To have illegally parked vehicle ticketed: Call 510-777-3333. Applicant arranges towing. Comply with terms set forth in CVC Section 22651 (m). For towed vehicle: Call 510-238-3021.",,
"06/18/2026","On Hold","RBC2601757","(RBC) - Building Residential Combo Alteration- 1 & 2 Unit Residential (Building)","4114 OAKMORE RD, Oakland CA 94602","At single family Dwelling, Remove exterior stucco, replace damaged framing and sheathing, then install a water resistant backing and new stucco per Items 6F and 6G on pest inspection report 260678. DRX260835.",,
"06/18/2026","Void","OB2600748","Obstruction","295 LENOX AVE, Oakland CA 94610","Reserve 1 (25') NON-METERED parking space(s) in front of parcel only for dumpster, construction vehicle, moving van or storage pod. Post No-parking signs 72 hours prior in residential areas. No impact on traffic lane or sidewalk allowed, except as noted on TCP/X permit. NO-PARKING SIGNS SHALL PICKED UP BY APPLICANT AFTER PAYMENT TO ENFORCE PERMIT REQUIREMENT. To have illegally parked vehicle ticketed: Call 510-777-3333. Applicant arranges towing. Comply with terms set forth in CVC Section 22651 (m). For towed vehicle: Call 510-238-3021.",,
"06/18/2026","Minor Engineer of Day Review","RBC2601756","(RBC) - Building Residential Combo Alteration- 1 & 2 Unit Residential (Building)","1614 70TH AVE, Oakland CA 94621","Exterior Paint, install vertical chairlift at frontside of single family dwelling. Paint included, Electrical included. ESX26003",,
"06/18/2026","Permit Issued","OB2600747","Obstruction","323 MONTE VISTA AVE, Oakland CA 94611","Reserve 2 (50') NON-METERED parking space(s) in front of parcel only for dumpster, construction vehicle, moving van or storage pod. Post No-parking signs 72 hours prior in residential areas. No impact on traffic lane or sidewalk allowed, except as noted on TCP/X permit. NO-PARKING SIGNS SHALL PICKED UP BY APPLICANT AFTER PAYMENT TO ENFORCE PERMIT REQUIREMENT. To have illegally parked vehicle ticketed: Call 510-777-3333. Applicant arranges towing. Comply with terms set forth in CVC Section 22651 (m). For towed vehicle: Call 510-238-3021.",,
"06/18/2026","Permit Issued","CGS2601485","DOT - Curb Gutter Sidewalk Standard Compliance Certificate","341 105TH AVE, Oakland CA 94603","Sidewalk Compliance Certificate; pursuant to Oakland Municipal Code 12.04.380: Sidewalk inspection, replacement, and compliance certificates. The applicant has conducted a self-certification inspection at the subject property, completed repairs or replacements as needed, and certifies that the entire sidewalk abutting the site is maintained in a manner consistent with the California Streets and Highways Code, Section 5610. The sidewalk, for a period of five years from the date of this certificate, is subject to random inspection by the City Inspector to verify its condition. Property owners who falsify a self-certification inspection report, and have not performed all necessary sidewalk and curb ramp repair or replacement, shall be subject to specified civil penalties and liens.RBC2200426",,
"06/18/2026","Intake - Completed","X2600521","DOT - Excavation (X)","5801 MENDOZA DR, Oakland CA 94611","PG&E PM 35729723-PG&E to replace joint pole in same hole set, OH services, cutouts, install OH transformer and secondary breakers.  Ensure that environmental controls are in place to prevent dust/debris/wastewater from contaminating environment. If working within 15 feet of a monument you must comply with State Law 8771, contact the Inspector prior to starting excavation: minimum $5,800.00 fine for non-compliance. Comply with all terms of City of Oakland Public Works Standards, Street Excavation Rules, Revised August 2021 and City Council Ordinance No. 13300 C.M.S. Five days’ prior notice required for work lasting five days or less in business/commercial districts: 72-hours’ notice in residential districts. Ten days prior notice required for work lasting six days or more in all districts. SCHEDULE INSPECTION at least 48 hours in advance at: http://oaklanddot.com/projects/search.html """,,
"06/18/2026","Payment Received","CGS2601483","DOT - Curb Gutter Sidewalk Standard Compliance Certificate","4606 FAIRBAIRN AVE, Oakland CA 94619",,,
"06/18/2026","Withdrawn","CGS2601482","DOT - Curb Gutter Sidewalk Standard Compliance Certificate","459 62ND ST, Oakland CA 94609",,,
"06/18/2026","Permit Issued","LBP2600110","(LBP) - Lead Based Paint (Building)","972 W MACARTHUR BLVD, Oakland CA 94608","Provide full lead paint chip and dust clean up from owner's progress. Use Heppa Vac to clean up all paint chips on the ground, window sills, and other horizontal surfaces. If we are bagging any chips we will tie ends, gooseneck and tap closed. After cleaning all debris currently on the ground we will apply 6mil plastic/taped to the house, extending 10ft out or the maximum availability within the area if 10ft is not possible. We will wet scrape one side of the house/collect heppa vac all debris/gooseneck tie trash/off haul. Rinse the side of the house/leaving the plastic down to catch all water. After evaporation we will bag and dispose of all plastic",,
"06/18/2026","Under Review","CGS2601480","DOT - Curb Gutter Sidewalk Exemption Certificate","1004 ELBERT ST, Oakland CA 94602",,,
"06/18/2026","Withdrawn","CGS2601479","DOT - Curb Gutter Sidewalk Standard Compliance Certificate","1004 ELBERT ST, Oakland CA 94602",,,
"06/18/2026","Under Review","CGS2601478","DOT - Curb Gutter Sidewalk Exemption Certificate","375 8TH ST, OAKLAND CA 94607",,,
"06/18/2026","Certificate Issued","R2600760","(R) - ReRoof Certificate (Building)","22 MURDOCK CT, Oakland CA 94605","reshingle entire roof",,
"06/18/2026","On Hold - Field Check Pending","RBC2601755","(RBC) - Building Residential Combo Alteration- 1 & 2 Unit Residential (Building)","524 44TH ST, Oakland CA 94609","At existing duplex lower unit repair flood damage including replacement of drywall, insulation, and electrical in a 369sf area.  Includes lead-based paint abatement.  Includes all related MEP including damaged fixtures in kitchen and bathroom.  No changes to wall layout or exterior work.",,
"06/18/2026","Complete","BW26001895","(BW) - Building Worksheet (Building)","22 MURDOCK CT, Oakland CA 94605","new windows, update bathrooms, update kitchen, electrical, hvac, no changes to walls",,
"06/18/2026","Permit Expired","OB2600746","Obstruction","200 GRAND AVE, Oakland CA 94610","Install banners honoring veterans on streetlight poles (locations TBD) near 200 Grand Ave. Banners are authorized for display from June 29, 2026, through November 30, 2026.This address is located on a Limited Operation Street. Monday through Friday or each week, any work or staging that interferes with traffic flow is limited to the hours of 9am to 4pm.",,
"06/18/2026","Intake - Completed","X2600520","DOT - Excavation (X)","3111 INTERNATIONAL BLVD, Oakland CA 94601","PG&E PM 35664254 PG&E to replace station regulators and relocate monitor long lone and slam shut sense line inside existing vault. Ensure that environmental controls are in place to prevent dust/debris/wastewater from contaminating environment. If working within 15 feet of a monument you must comply with State Law 8771, contact the Inspector prior to starting excavation: minimum $5,800.00 fine for non-compliance. Comply with all terms of City of Oakland Public Works Standards, Street Excavation Rules, Revised August 2021 and City Council Ordinance No. 13300 C.M.S. Five days’ prior notice required for work lasting five days or less in business/commercial districts: 72-hours’ notice in residential districts. Ten days prior notice required for work lasting six days or more in all districts. SCHEDULE INSPECTION at least 48 hours in advance at: http://oaklanddot.com/projects/search.html """,,
"06/18/2026","Permit Issued","RBC2601754","(RBC) - Building Residential Combo Alteration- 1 & 2 Unit Residential (Building)","5940 GRIZZLY PEAK BLVD, Oakland CA 94611","At existing SFD replace (1) Retrofit Window in Bedroom. No change to wall layout or header size.  No MEP.",,
"06/18/2026","Under Review","CGS2601474","DOT - Curb Gutter Sidewalk Exemption Certificate","4250 E 10TH ST, Oakland CA 94608",,,
"06/18/2026","Ready to Issue - Fee Due","X2600519","DOT - Excavation (X)","5847 SKYLINE BLVD, Oakland CA 94611","Langan Engineering PM 5701 - 5847 Skyline Blvd; Soil boring.  Ensure that environmental controls are in place to prevent dust/debris/wastewater from contaminating environment. If working within 15 feet of a monument you must comply with State Law 8771, contact the Inspector prior to starting excavation: minimum $5,800.00 fine for non-compliance. Comply with all terms of City of Oakland Public Works Standards, Street Excavation Rules, Revised August 2021 and City Council Ordinance No. 13300 C.M.S. Five days’ prior notice required for work lasting five days or less in business/commercial districts: 72-hours’ notice in residential districts. Ten days prior notice required for work lasting six days or more in all districts. Schedule INSPECTION at least 48 hours in advance at: http://oaklanddot.com/projects/search.html",,
"06/18/2026","Intake - Completed","X2600518","DOT - Excavation (X)","311 OAK ST, Oakland CA 94607","Cablecom PM JB2640859 - SR. This project proposes to replace an existing pedestal with a new pedestal along Oak St. Install (2)2"" conduits and a Comcast cable. Restore the affected areas. Trenching 5' x 3'.  Ensure that environmental controls are in place to prevent dust/debris/wastewater from contaminating environment. If working within 15 feet of a monument you must comply with State Law 8771, contact the Inspector prior to starting excavation: minimum $5,800.00 fine for non-compliance. Comply with all terms of City of Oakland Public Works Standards, Street Excavation Rules, Revised August 2021 and City Council Ordinance No. 13300 C.M.S. Five days’ prior notice required for work lasting five days or less in business/commercial districts: 72-hours’ notice in residential districts. Ten days prior notice required for work lasting six days or more in all districts. SCHEDULE INSPECTION at least 48 hours in advance at: http://oaklanddot.com/projects/search.html """,,
"06/18/2026","Plan Review In Progress","B2601753","(B) - Building Alteration - 3+ Residential Units or Commercial (Building)","2833 HARRISON ST, Oakland CA 94611","VERIZON - Modify existing telecommunication site on a steel PG&E Light Pole in the public right of way by removing and replacing antennas and equipment.",,
"06/18/2026","Permit Issued","LBP2600109","(LBP) - Lead Based Paint (Building)","2230 39TH AVE, Oakland CA 94601","Lead Abatement after a fire to the interior finishes.",,
"06/18/2026","Void","RBC2601752","(RBC) - Building Residential Combo Alteration- 1 & 2 Unit Residential (Building)","2356 BYWOOD DR, Oakland CA 94602","At SFD: In 1 of 2 bathrooms, replace tub/shower for walk-in tub, new fixtures, drywall patching. Install new 20A circuit for tub outlet. No remodel. Plumbing and electrical included.",,
"06/18/2026","On Hold - Fee Due","RBC2601751","(RBC) - Building Residential Combo Alteration- 1 & 2 Unit Residential (Building)","551 CROFTON AVE, Oakland CA 94610","At existing SFD remodel and reconfigure kitchen, dining room, bathroom, and hallway.  Build new deck 307sf and exterior stairs at rear of house.  Remove stairs to basement and relocate laundry room to 1st floor.  Replace windows and doors.  Includes lead-based paint abatement.  Includes all related MEP.",,
"06/18/2026","Permit Issued","CGS2601470","DOT - Curb Gutter Sidewalk Repair","5703 COLLEGE AVE, Oakland CA 94618","NOTE: ***BEFORE any work in Right of Way, please schedule your inspection via http://oaklanddot.com/cgs/projects/search.html forty-eight hours in advance. Applicant is subject to fine if work is started WITHOUT scheduling a pre-inspection*** Repair sidewalk to City Standards (maximum 2%). If working within 25' feet of a monument you must comply with State Law 8771, contact the Inspector prior to starting excavation: minimum $5,800.00 fine for non-compliance. Comply with all terms of City of Oakland Public Works Standards, Street Excavation Rules, Revised March 2015 and City Council Ordinance No. 13300 C.M.S. Five day prior notice required for work lasting five days or less in business/commercial districts; 72 hour notice in residential districts. Ten day prior notice required for work lasting six days or more in all districts. USA #",,
"06/18/2026","Permit Issued","RE2601501","(RE) - Electrical - 1 & 2 Unit Residential (Building)","5236 BOYD AVE, Oakland CA 94618","repair meter socket",,
"06/18/2026","Ready to Issue - Fee Due","X2600517","DOT - Excavation (X)","5332 LOCKSLEY AVE, Oakland CA 94618","Minka PM 5332 Locksley Ave; replacing a water pipe that goes under the sidewalk.  Trenching 8' x 8'.   Ensure that environmental controls are in place to prevent dust/debris/wastewater from contaminating environment. If working within 15 feet of a monument you must comply with State Law 8771, contact the Inspector prior to starting excavation: minimum $5,800.00 fine for non-compliance. Comply with all terms of City of Oakland Public Works Standards, Street Excavation Rules, Revised August 2021 and City Council Ordinance No. 13300 C.M.S. Five days’ prior notice required for work lasting five days or less in business/commercial districts: 72-hours’ notice in residential districts. Ten days prior notice required for work lasting six days or more in all districts. SCHEDULE INSPECTION at least 48 hours in advance at: http://oaklanddot.com/projects/search.html """,,
"06/18/2026","Intake - Completed","X2600516","DOT - Excavation (X)","1700 BROADWAY, Oakland CA","PG&E PM 31811846; Emergency work to repair aging manhole & restoration to follow. Park in ROW & TCP. 31811846. Ensure that environmental controls are in place to prevent dust/debris/wastewater from contaminating environment. If working within 15 feet of a monument you must comply with State Law 8771, contact the Inspector prior to starting excavation: minimum $5,800.00 fine for non-compliance. Comply with all terms of City of Oakland Public Works Standards, Street Excavation Rules, Revised August 2021 and City Council Ordinance No. 13300 C.M.S. Five days’ prior notice required for work lasting five days or less in business/commercial districts: 72-hours’ notice in residential districts. Ten days prior notice required for work lasting six days or more in all districts. SCHEDULE INSPECTION at least 48 hours in advance at: http://oaklanddot.com/projects/search.html """,,
"06/18/2026","On Hold - Field Check Pending","RBC2601750","(RBC) - Building Residential Combo Alteration- 1 & 2 Unit Residential (Building)","1708 FILBERT ST, Oakland CA 94607","At duplex, like for like kitchen remodel with one added alcove for refrigerator to abate CE2602732. Included electrical and plumbing.",,
"06/18/2026","On Hold - Field Check Pending","RB2601749","Residential Building - Demolition","276 SEXTUS RD, Oakland CA 94603","Demolish existing unpermitted accessory structure at rear of residence. To partially abate CE2506573.",,
"06/18/2026","On Hold","SL2601175","(SL) - Sewer Lateral (OPW)","7250 DOOLITTLE DR, Oakland CA 94621","sewer lateral and EXCAVATE in on property only. Overflow device may be needed.  If working within 25' feet of a monument you must comply with State Law 8771, contact the Inspector prior to starting excavation: minimum $5,800.00 fine for non-compliance. Comply with all terms of City of Oakland Public Works Standards, Street Excavation Rules, Revised March 2015 and City Council Ordinance No. 13300 C.M.S. Five days prior notice required for work lasting five days or less in business/commercial districts; 72 hour notice in residential districts. Ten days prior notice required for work lasting six days or more in all districts. USA # and date must be provided in order to have a permit issued. Permit valid 90 days. If the work is to be performed on a designated “Creekside Property” the work will require a “Creek Protection Permit”.  Call PWA INSPECTION prior to start: 510-238-3651 or email PWA_inspections@oaklandca.gov. USA",,
"06/18/2026","On Hold - Field Check Pending","B2601748","(B) - Building Alteration - 3+ Residential Units or Commercial (Building)","540 21ST ST, Oakland CA 94612","To complete B2102527 - Install New Verizon Telecommunication Facility on roof to include: (9) New Antennas with Associated Equipment Mounted Behind New Screen Walls. Outdoor Equipment Cabinets, Standby Generator on Roof Top, Power and Telco Utilities to Facilities, Roof Mounted Conduits on Sleepers, (1) New 18' X 18' Equipment Lease Area, and (2) New 12' X 12' Antenna Lease Areas, and Ground Level on Slab Transformer. 12/14/21-REV 1: REVISED SPECIFIED ANTENNAS AND SPECIAL INSPECTIONS.4/10/24-REV 2: REVISED EQUIPMENT LAYOUT (GENERATOR OMITTED)",,
"06/18/2026","Routing - Completed","RBC2601747","(RBC) - Building Residential Combo Alteration- 1 & 2 Unit Residential (Building)","418 45TH ST, Oakland CA 94609","At existing duplex upper unit: To convert (E) office and bedroom into a new master bedroom, new bathroom. Replacement of 10 windows in-kind and resizing 1 window to smaller size. No change to exterior footprint or roofline. All related mechanical, electrical, plumbing included. DRX260682.",,
"06/18/2026","Void","B2601746","(B) - Building Alteration - 3+ Residential Units or Commercial (Building)","0 21ST ST, Oakland CA 94612","To complete B2102527 - Install New Verizon Telecommunication Facility on roof to include: (9) New Antennas with Associated Equipment Mounted Behind New Screen Walls. Outdoor Equipment Cabinets, Standby Generator on Roof Top, Power and Telco Utilities to Facilities, Roof Mounted Conduits on Sleepers, (1) New 18' X 18' Equipment Lease Area, and (2) New 12' X 12' Antenna Lease Areas, and Ground Level on Slab Transformer. 12/14/21-REV 1: REVISED SPECIFIED ANTENNAS AND SPECIAL INSPECTIONS.4/10/24-REV 2: REVISED EQUIPMENT LAYOUT (GENERATOR OMITTED)",,
"06/18/2026","On Hold - Field Check Pending","RBC2601745","(RBC) New Construction - Single Family, Duplex or Accessory Structures","278 SEXTUS RD, Oakland CA 94603","Construct new detached 800SF ADU with 2 bedrooms and 1 bathroom. To be addressed 278 Sextus Rd. Includes all electrical, mechanical, and plumbing work. Demolition of existing structure to be permitted separately under RB2601749. ADU260014. To partially abate CE2506573.",,
"06/18/2026","Final","RM2600765","(RM) - Mechanical - 1 & 2 Unit Residential (Building)","10 MARLIN, Oakland CA 94618","Replace AC and furnace with heat pump and air handler",,
"06/17/2026","Permit Issued","P2600789","(P) - Plumbing - 3+ Residential Units or commercial (Building)","240 3RD ST, Oakland CA 94607","Replacement of 2ea. boilers on roof",,
"06/17/2026","Permit Issued","SEA2600545","SolarApp+ (For roof mounted residential solar projects not exceeding 38.4kw total done with SolarApp+- contractor use)","8061 SURREY LN, Oakland CA 94605","9.45 KW DC (21) Panels Roof Mount PV system with (1) ESS, New 225A Backup Loads Panel.",,
"06/17/2026","Pending-Document Uploaded","R2600754","(R) - ReRoof Certificate (Building)","712 ALICE ST, Oakland CA 94607","Re-roof SFD composition asphalt shingle on pitched roof",,
"06/17/2026","Inspections - In Progress","SL2601167","(SL) - Sewer Lateral (OPW)","5668 BUENA VISTA AVE, Oakland CA","Repair/replace sewer lateral and EXCAVATE in PUBLIC RIGHT-OF-WAY. Overflow device may be needed. If working within 25' feet of a monument you must comply with State Law 8771, contact the Inspector prior to starting excavation: minimum $5,800.00 fine for non-compliance. Comply with all terms of City of Oakland Public Works Standards, Street Excavation Rules, Revised March 2015 and City Council Ordinance No. 13300 C.M.S. Five days prior notice required for work lasting five days or less in business/commercial districts; 72 hour notice in residential districts. Ten days prior notice required for work lasting six days or more in all districts. USA # and date must be provided in order to have a permit issued. Permit valid 90 days. If the work is to be performed on a designated “Creekside Property” the work will require a “Creek Protection Permit”. If the property is not currently flagged in Accela as a “Creekside Property” but work will be performed within 100’ of a creek channel, a “Creek Determination” should be conducted to determine if the work is subject to the Creek Protection Ordinance. Call PWA INSPECTION prior to start: 510-238-3651 or email PWA_inspections@oaklandca.gov. USA# 2026061701454-000 6/17/2026",,
"06/17/2026","Permit Issued","E2601494","(E) - Electrical - 3+ Residential Units or Commercial (Building)","6558 LUCAS AVE, 202, Oakland CA 94611","Sub-Panel Replacement New wiring from Existing wall Switches to New Ceiling Light/Fan in Bedroom 1, bedroom 2 and living roomSwitch Replacements in Bathroom",,
"06/17/2026","Complete","BW26001885","(BW) - Building Worksheet (Building)","278 CAIRO RD, Oakland CA 94603","Replacement of interior wall with two passages at 36"" and 72"" , as sighted with other corrections relative to Code Enforcement Case 2506088",,
"06/17/2026","Complete","BW26001874","(BW) - Building Worksheet (Building)","301 18TH ST, Oakland CA 94606","Revision to Project B2503528",,
"06/17/2026","Permit Issued","RP2600785","(RP) Plumbing - 1 & 2 Unit Residential (Building)","2001 87TH AVE, Oakland CA 94621","Install tankless water heater",,
"06/17/2026","Certificate Issued","R2600758","(R) - ReRoof Certificate (Building)","542 MIDCREST RD, Oakland CA 94610","Reroof 1900 sqft. install new shingles",,
"06/17/2026","Inspections - In Progress","SL2601171","(SL) - Sewer Lateral (OPW)","720 INTERNATIONAL BLVD, Oakland CA 94606","60ft of sewer repair to the city main",,
"06/17/2026","Permit Issued","RE2601499","(RE) - Electrical - 1 & 2 Unit Residential (Building)","1815 NORTHWOOD CT, Oakland CA 94611","100a Sub-Panel Replacement and Relocation",,
"06/17/2026","Permit Issued","CGS2601464","DOT - Curb Gutter Sidewalk Standard Compliance Certificate","4130 GILBERT ST, Oakland CA 94611",,,
"06/17/2026","On Hold","SE2600549","Solar Permit (For commercial projects, residential projects not eligible for SolarApp+, or owner/builder or contractor use)","3026 56TH AVE, Oakland CA 94605","RMS,8Mods,NewMSP200A,ELPA125A,EXST SUBPANEL,(1)BATTERY+BACKUP",,
"06/17/2026","Final","SL2601170","(SL) - Sewer Lateral (OPW)","2426 KIRKHAM ST, Oakland CA 94607","Install clean out as requested by Raul Hernandez",,
"06/17/2026","Void","BW26001883","(BW) - Building Worksheet (Building)","1121 64TH ST, OAKLAND CA 94608","Legalize existing 85 sf accessory structure.",,
"06/17/2026","Permit Issued","CGS2601458","DOT - Curb Gutter Sidewalk Exemption Certificate","6763 PINEHAVEN RD, Oakland CA 94611",,,
"06/17/2026","Complete","BW26001873","(BW) - Building Worksheet (Building)","534 MIRA VISTA AVE, Oakland CA 94610","Remove all accessible galvanized water lines and replace with copper.  New Water Heater.  Add additional foundation bolts; 5/8"" all-thread drilled and epoxied.  Non engineered, elective work only, no plans.This is not Kitchen or Bath remodel; laundry hook-up repairs",,
"06/17/2026","Permit Issued","SEA2600548","SolarApp+ (For roof mounted residential solar projects not exceeding 38.4kw total done with SolarApp+- contractor use)","757 19TH ST, Oakland CA 94612","INSTALL RESIDENTIAL ROOF MOUNTED SOLAR PV & BATTERY SYSTEM: 5.28 KW DC, 11.5 KW AC - (12) PANELS + (1) INVERTER/BATTERY HYBRID  //  CORRECT ADDRESS FOR PROJECT IS 757 19th St, Oakland, CA 94612 (SINCE THIS IS A DUPLEX, THE MAIN ADDRESS ON THE PORTAL IS LISTED AS 755 NOT 757)",,
"06/17/2026","Permit Issued","RE2601491","(RE) - Electrical - 1 & 2 Unit Residential (Building)","638 SANTA RAY AVE, Oakland CA 94610","Replace existing 100 amp main panel with new 200 amp main panel, same location, no change in load, overhead service.",,
"06/17/2026","Permit Issued","CGS2601461","DOT - Curb Gutter Sidewalk Standard Compliance Certificate","3265 NICOL AVE, Oakland CA 94602",,,
"06/17/2026",,"26TMP-029210","DOT - Curb Gutter Sidewalk Provisional Certificate","0 GRAVATT DR, OAKLAND CA 94603",,,
"06/17/2026","Permit Issued","CGS2601463","DOT - Curb Gutter Sidewalk Standard Compliance Certificate","3554 JORDAN RD, Oakland CA 94619",,,
"06/17/2026","Void","BW26001882","(BW) - Building Worksheet (Building)","1121 64TH ST, OAKLAND 94608 United States","Legalize 40 sf accessory structure.",,
"06/17/2026","Permit Issued","RM2600761","(RM) - Mechanical - 1 & 2 Unit Residential (Building)","45 SCHOONER HL, Oakland CA 94618","Replace (1) furnace in basement + install (1) new heat pump",,
"06/17/2026","Permit Issued","RE2601496","(RE) - Electrical - 1 & 2 Unit Residential (Building)","2 OVERLAKE CT, Oakland CA 94611","rewire existing plugs and switches and upgrade main service panel from 100a to 200a",,
"06/17/2026","Permit Issued","CGS2601456","DOT - Curb Gutter Sidewalk Exemption Certificate","4421 HARBOR VIEW AVE, Oakland CA 94619",,,
"06/17/2026","Permit Issued","SEA2600547","SolarApp+ (For roof mounted residential solar projects not exceeding 38.4kw total done with SolarApp+- contractor use)","2234 AUSEON AVE, Oakland CA 94605","INSTALL RESIDENTIAL ROOF MOUNTED SOLAR PV & BATTERY SYSTEM: 4.51 KW DC, 11.5 KW AC - (11) PANELS + (1) INVERTER/BATTERY HYBRID",,
"06/17/2026","In Review","X2600509","DOT - Excavation (X)","686 41ST ST, Oakland CA 94609","PM 35726368-PG&E to replace OH services and install secondary breakers.",,
"06/17/2026","Pending - Incomplete","BW26001877","(BW) - Building Worksheet (Building)","2050 MOUNTAIN BLVD, Oakland CA 94611","Tenant improvement new 3 compartment sink, new mop sink, new hand washing sink with floor sink",,
"06/17/2026","Permit Issued","CGS2601457","DOT - Curb Gutter Sidewalk Standard Compliance Certificate","2211 10TH AVE, Oakland CA 94606",,,
"06/17/2026","Permit Issued","RM2600764","(RM) - Mechanical - 1 & 2 Unit Residential (Building)","2818 MORGAN AVE, Oakland CA 94602","Install new ductless mini split heat pump system. System includes one Mitsubishi MUZ-WX09NL outdoor condenser and one Mitsubishi MSZ-WX09NL wall-mounted indoor air handler located in living room office. 9,000 BTU cooling capacity, R454B refrigerant, AHRI #216626281. Scope includes outdoor unit pad, refrigerant lineset with protective cover, condensate piping, control wiring, temperature controller, surge protection, startup per manufacturer specifications, and miscellaneous fittings",,
"06/17/2026","Permit Issued","SEA2600551","SolarApp+ (For roof mounted residential solar projects not exceeding 38.4kw total done with SolarApp+- contractor use)","5906 BRUNS CT, Oakland CA 94611","Roof Solar- 23 Module 10.12kW, ESS- 1x Tesla PW3 13.5kWh, MPU to 200/225A, New Tesla Backup Switch",,
"06/17/2026","Permit Issued","SEA2600552","SolarApp+ (For roof mounted residential solar projects not exceeding 38.4kw total done with SolarApp+- contractor use)","4356 BERMUDA AVE, Oakland CA 94619","Rooftop Mounted Solar Energy SystemPV+ST13 Q.TRON BLK M-G2+ 430 solar modules13 IQ8HC-72-M-DOM-US {240V} microinverters2 IQBATTERY-5P-1P-NA {240V} ESSNew Busbar count - 1System Size: 5.59 kW DC (4.94 kW AC)",,
"06/17/2026","Permit Issued","RM2600762","(RM) - Mechanical - 1 & 2 Unit Residential (Building)","3966 LYMAN RD, Oakland CA 94602","installing 3.5 ton ac & coil",,
"06/17/2026","Final","SL2601169","(SL) - Sewer Lateral (OPW)","2426 KIRKHAM ST, Oakland CA 94607","Install clean out as requested by Raul Hernandez",,
"06/17/2026","Pending - Incomplete","BW26001875","(BW) - Building Worksheet (Building)","8945 SKYLINE BLVD, Oakland CA 94611","to repair dry rot damaged deck with in-kind material and dimensions",,
"06/17/2026","Intake - On Hold","P2600787","(P) - Plumbing - 3+ Residential Units or commercial (Building)","1044 44TH AVE, Oakland CA 94601","new gas line for 1044 44th Ave Oakland",,
"06/17/2026","Permit Issued","RP2600786","(RP) Plumbing - 1 & 2 Unit Residential (Building)","1001 PARK LN, Oakland CA 94610","40 GALS WATER HEATER CHANGEOUT IN CLOSET",,
"06/17/2026","Permit Issued","RM2600760","(RM) - Mechanical - 1 & 2 Unit Residential (Building)","4145 MAYBELLE AVE, Oakland CA 94619","Existing furnace, adding AC and replacing (7) supply and (1) return",,
"06/17/2026","Permit Issued","SL2601168","(SL) - Sewer Lateral (OPW)","2500 KIRKHAM ST, Oakland CA 94607","Install clean out as requested by Raul Hernandez",,
"06/17/2026","Complete","BW26001878","(BW) - Building Worksheet (Building)","1707 78TH AVE, Oakland CA 94621","Remodel 120 sq ft kitchen 60 sq ft bathroom. No structural changes and same layout.  Rewire property, add new sub panel. Change 12 windows with new retro fit  Same size and location. Tear off and Reroof 1200 sq ft with new 30 year comp torch down.",,
"06/17/2026","Void","S2600053","(S) Sign Permit- New and Alterations","4902 BROADWAY, Oakland CA 94611","Remove and replace with new, 50,000 SQFT. of roofing",,
"06/17/2026","Permit Issued","SEA2600546","SolarApp+ (For roof mounted residential solar projects not exceeding 38.4kw total done with SolarApp+- contractor use)","755 19TH ST, Oakland CA 94612","INSTALL RESIDENTIAL ROOF MOUNTED SOLAR PV & BATTERY SYSTEM: 9.84 KW DC, 11.5 KW AC - (24) PANELS + (1) INVERTER/BATTERY HYBRID",,
"06/17/2026","Certificate Issued","R2600757","(R) - ReRoof Certificate (Building)","526 GRAND AVE, Oakland CA 94610","Replace roof with new comp shingles and modified bitumen on the lower pitched roofs.",,
"06/17/2026","Permit Issued","CGS2601466","DOT - Curb Gutter Sidewalk Provisional Certificate","1806 8TH AVE, Oakland CA 94606",,,
"06/17/2026","Certificate Issued","R2600756","(R) - ReRoof Certificate (Building)","1301 E 34TH ST, Oakland CA 94602","Tear-off and re-roof",,
"06/17/2026","Certificate Issued","R2600755","(R) - ReRoof Certificate (Building)","1707 78TH AVE, Oakland CA 94621","tear off existing comp roof and install new 30 year tourn down or comp shingle",,
"06/17/2026","Permit Issued","E2601490","(E) - Electrical - 3+ Residential Units or Commercial (Building)","414 STATEN AVE, Oakland CA 94610","Upgrade of electrical service at 15-unit residential building to bring all units from existing 40 and 55-amp unit services to the 60-amp code minimum. Work includes replacement of main service equipment with new 400-amp disconnect and metering, installation of 6/3 Romex feeder cable inside unit walls to all 15 units, and replacement of 13 non-compliant Federal Pacific Stab-Lok subpanels with new Siemens 100-amp panels.",,
"06/17/2026","Permit Issued","E2601497","(E) - Electrical - 3+ Residential Units or Commercial (Building)","6 MOSS AVE, Oakland CA 94610","Replace in kind electrical main service",,
"06/17/2026","Inspections - In Progress","SL2601172","(SL) - Sewer Lateral (OPW)","1506 57TH AVE, Oakland CA 94621","Repair/replace sewer lateral and EXCAVATE in PUBLIC RIGHT-OF-WAY. Overflow device may be needed. If working within 25' feet of a monument you must comply with State Law 8771, contact the Inspector prior to starting excavation: minimum $5,800.00 fine for non-compliance. Comply with all terms of City of Oakland Public Works Standards, Street Excavation Rules, Revised March 2015 and City Council Ordinance No. 13300 C.M.S. Five days prior notice required for work lasting five days or less in business/commercial districts; 72 hour notice in residential districts. Ten days prior notice required for work lasting six days or more in all districts. USA # and date must be provided in order to have a permit issued. Permit valid 90 days. If the work is to be performed on a designated “Creekside Property” the work will require a “Creek Protection Permit”. If the property is not currently flagged in Accela as a “Creekside Property” but work will be performed within 100’ of a creek channel, a “Creek Determination” should be conducted to determine if the work is subject to the Creek Protection Ordinance. Call PWA INSPECTION prior to start: 510-238-3651 or email PWA_inspections@oaklandca.gov. USA 2026061504070-000",,
"06/17/2026","Complete","BW26001880","(BW) - Building Worksheet (Building)","925 ROSE AVE, Oakland CA 94611","replace all windows in kind at two story building to abate case code 2603001",,
"06/17/2026","Inspections - In Progress","SL2601173","(SL) - Sewer Lateral (OPW)","4700 LOWREY RD, Oakland CA 94605","Upper Lateral Replacement",,
"06/17/2026","In Progress","TR-ND26-00065","(ND) - Non-Developmental Tree Permit (OPW)","4868 SHETLAND AVE, Oakland CA 94605","TWO TREES REMOVAL FRONT OF PROPERTY",,
"06/17/2026","Permit Issued","CGS2601465","DOT - Curb Gutter Sidewalk Standard Compliance Certificate","1230 12TH ST, Oakland CA 94607",,,
"06/17/2026","Permit Issued","CGS2601459","DOT - Curb Gutter Sidewalk Standard Compliance Certificate","2504 E 24TH ST, Oakland CA 94601",,,
"06/17/2026","Void","BW26001884","(BW) - Building Worksheet (Building)","1121 64TH ST, OAKLAND 94608 United States","Legalize existing elements of existing commercial building: existing kitchenette, existing office non-load bearing walls, existing patio roof awning.",,
"06/17/2026","Permit Issued","P2600790","(P) - Plumbing - 3+ Residential Units or commercial (Building)","2205 MAGNOLIA ST, Oakland CA 94607","Three spas and 4 showers",,
"06/17/2026","In Progress","TR-ND26-00064","(ND) - Non-Developmental Tree Permit (OPW)","3065 MALCOLM AVE, Oakland CA 94605","Removal of one tree at 3065 Malcolm Ave. This is a non-development tree removal application. Applicant is acting as agent for the owner. Tree removal is requested due to safety concerns and maintenance needs. No construction project is associated with this application.",,
"06/17/2026","Permit Issued","SEA2600544","SolarApp+ (For roof mounted residential solar projects not exceeding 38.4kw total done with SolarApp+- contractor use)","1557 79TH AVE, Oakland CA 94621","6.3 KW DC (14) Panels Roof Mount PV system with (1) ESS, New 100A Sub-Panel",,
"06/17/2026","Final","RP2600791","(RP) Plumbing - 1 & 2 Unit Residential (Building)","3258 MORCOM AVE, Oakland CA 94619","Replace the existing tank water heater with a new tankless gas water heater.",,
"06/17/2026","Pending - Incomplete","BW26001881","(BW) - Building Worksheet (Building)","1600 3RD AVE, Oakland CA 94606","Replace pieces of wood soffit box that's around a pipe, replace siding around the pipe that enters through the building.Repairs will be in-kind, like for like.At a multiple residential building to replace pieces of wood soffit box and siding around the pipe.",,
"06/17/2026","Plan Routing - Completed","RBC2601744","(RBC) New Construction - Single Family, Duplex or Accessory Structures","5470 MANILA AVE, Oakland CA 94618","At rear yard of single-family dwelling to construct new 259 S.F. accessory unit to included closet and home office. To include related electrical and mechanical. Including 100 AMP sub panel. Demo is performed under RB2601742. Shared plans with permit number RBC2601743. DS260089.",,
"06/17/2026","Intake-On Hold","RBC2601743","(RBC) - Building Residential Combo Alteration- 1 & 2 Unit Residential (Building)","5470 MANILA AVE, Oakland CA 94618","At existing single-family dwelling: To replace (E) fireplace chimney (firebox to remain) and install new gas or electric fireplace insert. Related mechanical, electrical, plumbing included. Shared plans with RBC2601744. DS260089",,
"06/17/2026","Intake - Completed","X2600515","DOT - Excavation (X)","5595 LAWTON AVE, Oakland CA 94618","PG&E PM 35733762-PG&E to replace joint pole in same hole set, OH services, install OH transformer and secondary breakers.  Ensure that environmental controls are in place to prevent dust/debris/wastewater from contaminating environment. If working within 15 feet of a monument you must comply with State Law 8771, contact the Inspector prior to starting excavation: minimum $5,800.00 fine for non-compliance. Comply with all terms of City of Oakland Public Works Standards, Street Excavation Rules, Revised August 2021 and City Council Ordinance No. 13300 C.M.S. Five days’ prior notice required for work lasting five days or less in business/commercial districts: 72-hours’ notice in residential districts. Ten days prior notice required for work lasting six days or more in all districts. SCHEDULE INSPECTION at least 48 hours in advance at: http://oaklanddot.com/projects/search.html """,,
"06/17/2026","On Hold - Field Check Pending","RB2601742","Residential Building - Demolition","5470 MANILA AVE, Oakland CA 94618","To demolish (E) detached garage of 258.2sf. Related to Permit No DS260089",,
"06/17/2026","Permit Issued","RE2601498","(RE) - Electrical - 1 & 2 Unit Residential (Building)","3049 HYDE ST, Oakland CA 94601","Back in 2021, the scope of work was:To remove and replace the existing overhead 240V 30A fuse, disconnect and meter socket with a new Square-D 240V 200A solar ready, overhead service entrance panel. That all happened 4-5 years ago and went well, PG&E transferred service over, and the system is functioning perfectly But we never had a final inspection. This permit application is to get a final inspection approved for this work and also to pay any fees associated with letting the previous permit lapse.",,
"06/17/2026","Final","CGS2601462","DOT - Curb Gutter Sidewalk Repair","777 W GRAND AVE, Oakland CA 94612","NOTE: ***BEFORE any work in Right of Way, please schedule your inspection via http://oaklanddot.com/cgs/projects/search.html forty-eight hours in advance. Applicant is subject to fine if work is started WITHOUT scheduling a pre-inspection*** Abandon (e) driveway & repair sidewalk to City Standards (maximum 2%). If working within 25' feet of a monument you must comply with State Law 8771, contact the Inspector prior to starting excavation: minimum $5,800.00 fine for non-compliance. Comply with all terms of City of Oakland Public Works Standards, Street Excavation Rules, Revised March 2015 and City Council Ordinance No. 13300 C.M.S. Five day prior notice required for work lasting five days or less in business/commercial districts; 72 hour notice in residential districts. Ten day prior notice required for work lasting six days or more in all districts. USA #2026061702640, 06/16/2026",,
"06/17/2026","Intake - Completed","X2600514","DOT - Excavation (X)","6801 GUNN DR, Oakland CA 94611","PG&E PM 35577403 PG&E to excavate in the public ROW to replace gas service. camera inspection as needed, restoration to follow. Trenching approx. 19' x 18"".  Ensure that environmental controls are in place to prevent dust/debris/wastewater from contaminating environment. If working within 15 feet of a monument you must comply with State Law 8771, contact the Inspector prior to starting excavation: minimum $5,800.00 fine for non-compliance. Comply with all terms of City of Oakland Public Works Standards, Street Excavation Rules, Revised August 2021 and City Council Ordinance No. 13300 C.M.S. Five days’ prior notice required for work lasting five days or less in business/commercial districts: 72-hours’ notice in residential districts. Ten days prior notice required for work lasting six days or more in all districts. SCHEDULE INSPECTION at least 48 hours in advance at: http://oaklanddot.com/projects/search.html """,,
"06/17/2026","Permit Issued","OB2600745","Obstruction","3616 SAN LEANDRO ST, Oakland CA 94601","Reserve 3 (75') NON-METERED parking space(s) in front of parcel only for dumpster, construction vehicle, moving van or storage pod. Post No-parking signs 72 hours prior in residential areas. No impact on traffic lane or sidewalk allowed, except as noted on TCP/X permit. NO-PARKING SIGNS SHALL PICKED UP BY APPLICANT AFTER PAYMENT TO ENFORCE PERMIT REQUIREMENT. To have illegally parked vehicle ticketed: Call 510-777-3333. Applicant arranges towing. Comply with terms set forth in CVC Section 22651 (m). For towed vehicle: Call 510-238-3021. For Community Mammogram Event",,
"06/17/2026","Pending - Incomplete","BW26001879","(BW) - Building Worksheet (Building)","3718 GREEN ACRE RD, Oakland CA 94619","ADU Code Compliance  and ADU Conversion. CE #2401900",,
"06/17/2026","Permit Issued","OB2600744","Obstruction","1003 E 15TH ST, Oakland CA","Reserve 3 (75') NON-METERED parking space(s) in front of parcel only for dumpster, construction vehicle, moving van or storage pod. Post No-parking signs 72 hours prior in residential areas. No impact on traffic lane or sidewalk allowed, except as noted on TCP/X permit. NO-PARKING SIGNS SHALL PICKED UP BY APPLICANT AFTER PAYMENT TO ENFORCE PERMIT REQUIREMENT. To have illegally parked vehicle ticketed: Call 510-777-3333. Applicant arranges towing. Comply with terms set forth in CVC Section 22651 (m). For towed vehicle: Call 510-238-3021. For Community Mammogram Event",,
"06/17/2026","Issued","CGS2601460","DOT - Curb Gutter Sidewalk Repair","2501 IVY DR, Oakland CA 94606","Sidewalk repair NOTE: ***BEFORE any work in Right of Way, please call 510-238-3860 forty-eight hours in advance. Applicant is subject to fine if work is started WITHOUT scheduling a pre-inspection*** Install new driveway per approved plans per City Standard. If working within 25' feet of a monument you must comply with State Law 8771, contact the Inspector prior to starting excavation: minimum $5,800.00 fine for non-compliance. Comply with all terms of City of Oakland Public Works Standards, Street Excavation Rules, Revised March 2015 and City Council Ordinance No. 13300 C.M.S. Five-day prior notice required for work lasting five days or less in business/commercial districts: 72-hour notice in residential districts. Ten-day prior notice required for work lasting six days or more in all districts. USA# 2026061702958",,
"06/17/2026","Permit Issued","OB2600743","Obstruction","491 BELLEVUE AVE, Oakland CA 94610","Reserve 4 METERED & 2 (50') NON-METERED parking space(s) in front of parcel only for dumpster, construction vehicle, moving van or storage pod. Post No-parking signs 72 hours prior in residential areas. No impact on traffic lane or sidewalk allowed, except as noted on TCP/X permit. NO-PARKING SIGNS SHALL PICKED UP BY APPLICANT AFTER PAYMENT TO ENFORCE PERMIT REQUIREMENT. To have illegally parked vehicle ticketed: Call 510-777-3333. Applicant arranges towing. Comply with terms set forth in CVC Section 22651 (m). For towed vehicle: Call 510-238-3021.493 BELLEVUE AVE.",,
"06/17/2026","Intake - Completed","X2600513","DOT - Excavation (X)","2569 EL CAMINITO, Oakland CA 94611","PG&E PM 35720601-PG&E to replace OH service.  Ensure that environmental controls are in place to prevent dust/debris/wastewater from contaminating environment. If working within 15 feet of a monument you must comply with State Law 8771, contact the Inspector prior to starting excavation: minimum $5,800.00 fine for non-compliance. Comply with all terms of City of Oakland Public Works Standards, Street Excavation Rules, Revised August 2021 and City Council Ordinance No. 13300 C.M.S. Five days’ prior notice required for work lasting five days or less in business/commercial districts: 72-hours’ notice in residential districts. Ten days prior notice required for work lasting six days or more in all districts. SCHEDULE INSPECTION at least 48 hours in advance at: http://oaklanddot.com/projects/search.html """,,
"06/17/2026","Plan Routing - Completed","B2601741","(B) - Building Alteration - 3+ Residential Units or Commercial (Building)","5160 CLAREMONT AVE, Oakland CA 94618","At multi-unit building: Removal of existing Cellular equipment on rooftop. No installations. Nothing being disturbed structurally. Related mechanical, electrical, or plumbing requires separate permits.",,
"06/17/2026","Created","M2600763","(M) - Mechanical - 3+ Residential Units or Commercial (Building)","2400 HIGH ST, Oakland CA 94601","Repair wall heater to abate CE2507440",,
"06/17/2026","Intake - Completed","X2600512","DOT - Excavation (X)","321 COVINGTON ST, Oakland CA 94605","PG&E PM 35725922 - Replace overhead transformer and 5 overhead services. Set and transfer meters.  1 day of work.  Ensure that environmental controls are in place to prevent dust/debris/wastewater from contaminating environment. If working within 15 feet of a monument you must comply with State Law 8771, contact the Inspector prior to starting excavation: minimum $5,800.00 fine for non-compliance. Comply with all terms of City of Oakland Public Works Standards, Street Excavation Rules, Revised August 2021 and City Council Ordinance No. 13300 C.M.S. Five days’ prior notice required for work lasting five days or less in business/commercial districts: 72-hours’ notice in residential districts. Ten days prior notice required for work lasting six days or more in all districts. SCHEDULE INSPECTION at least 48 hours in advance at: http://oaklanddot.com/projects/search.html """,,
"06/17/2026","On Hold - Field Check Pending","B2601740","(B) - Building Alteration - 3+ Residential Units or Commercial (Building)","2400 HIGH ST, Oakland CA 94601","Repair leaks and water damage.",,
"06/17/2026","Minor Engineer of Day Review","RBC2601739","(RBC) - Building Residential Combo Alteration- 1 & 2 Unit Residential (Building)","3938 COOLIDGE AVE, Oakland CA 94602","Foundation replacement for single-family dwelling. No mechanical, electrical or plumbing included.",,
"06/17/2026","Issued","B2601738","(B) - Building Alteration - 3+ Residential Units or Commercial (Building)","2230 LAKESHORE AVE, APT 5, Oakland CA 94606","Replace 3 windows in same location and size in apartment 5 of MFD. 1 in bedroom #1, 1 in bathroom and 1 in bedroom #2. No MEP included. DRX260840.",,
"06/17/2026","Plan Routing - Completed","B2601737","(B) - Building Alteration - 3+ Residential Units or Commercial (Building)","200 FAIRMOUNT AVE, Oakland CA 94611","At existing MFD units 112, 116, 214, 218, 314, and 318, repair fire damage to units to include flooring, drywall, bathroom repairs, including window replacements and kitchen repairs in 116, 218, and 318. Repairs to be in kind to match existing. Separate mechanical, electrical, and plumbing permits required. DRX260841 To abate CE# 2602135 and 2602373",,
"06/17/2026","Intake - Completed","X2600511","DOT - Excavation (X)","822 6TH AVE, Oakland CA 94606","PG&E PM 35722445 - Replace overhead service and install meters. One day of work.  Ensure that environmental controls are in place to prevent dust/debris/wastewater from contaminating environment. If working within 15 feet of a monument you must comply with State Law 8771, contact the Inspector prior to starting excavation: minimum $5,800.00 fine for non-compliance. Comply with all terms of City of Oakland Public Works Standards, Street Excavation Rules, Revised August 2021 and City Council Ordinance No. 13300 C.M.S. Five days’ prior notice required for work lasting five days or less in business/commercial districts: 72-hours’ notice in residential districts. Ten days prior notice required for work lasting six days or more in all districts. SCHEDULE INSPECTION at least 48 hours in advance at: http://oaklanddot.com/projects/search.html """,,
"06/17/2026","Permit Issued","OB2600742","Obstruction","350 HAWTHORNE AVE, Oakland CA 94609","Reserve 3 METERED & 3 (75') NON-METERED parking space(s) in front of parcel only for dumpster, construction vehicle, moving van or storage pod. Post No-parking signs 72 hours prior in residential areas. No impact on traffic lane or sidewalk allowed, except as noted on TCP/X permit. NO-PARKING SIGNS SHALL PICKED UP BY APPLICANT AFTER PAYMENT TO ENFORCE PERMIT REQUIREMENT. To have illegally parked vehicle ticketed: Call 510-777-3333. Applicant arranges towing. Comply with terms set forth in CVC Section 22651 (m). For towed vehicle: Call 510-238-3021.Comply with all terms, conditions and restrictions stated in the Traffic Control Plan. Any/all changes need prior written approval. Provide original Traffic Control Plan at each renewal.06/16/2026: TCP GOOD FOR 07/09/2026, 8AM-5PM, PER T.CHUNG","Replace anchor, Loc 1.PG&E PM 31079887Permit valid 90 days.  Separate Obstruction permit required to reserve/block parking lane.Set up PWA PRE-CON prior to start work: 510-238-3651.",
"06/17/2026","Intake - Completed","X2600510","DOT - Excavation (X)","9300 GRANADA AVE, Oakland CA 94605","PG&E PM 35707808 - Install overhead transformer and secondary breaker on pole, and replace overhead service. 1 day of work.  Ensure that environmental controls are in place to prevent dust/debris/wastewater from contaminating environment. If working within 15 feet of a monument you must comply with State Law 8771, contact the Inspector prior to starting excavation: minimum $5,800.00 fine for non-compliance. Comply with all terms of City of Oakland Public Works Standards, Street Excavation Rules, Revised August 2021 and City Council Ordinance No. 13300 C.M.S. Five days’ prior notice required for work lasting five days or less in business/commercial districts: 72-hours’ notice in residential districts. Ten days prior notice required for work lasting six days or more in all districts. SCHEDULE INSPECTION at least 48 hours in advance at: http://oaklanddot.com/projects/search.html """,,
"06/17/2026","Final","RP2600788","(RP) Plumbing - 1 & 2 Unit Residential (Building)","40 REATA PL, Oakland CA 94618","REMOVE/REPLACE 40-GAL GAS WATER HEATER IN THE OUTSIDE CLOSET. LIKE FOR LIKE SAME LOCATION..",,
"06/17/2026","Final","RE2601495","(RE) - Electrical - 1 & 2 Unit Residential (Building)","6820 THORNHILL DR, Oakland CA 94611","Install (1) outlet and (1) LED landscape timer.",,
"06/17/2026","On Hold","X2600508","DOT - Excavation (X)","905 66TH AVE, Oakland CA","PG&E PM 35659583 Applicant to trench & install 1-3"" conduit per X2600019; PG&E to install 1-1/0A TPX service, make connections and set meter.  Ensure that environmental controls are in place to prevent dust/debris/wastewater from contaminating environment. If working within 15 feet of a monument you must comply with State Law 8771, contact the Inspector prior to starting excavation: minimum $5,800.00 fine for non-compliance. Comply with all terms of City of Oakland Public Works Standards, Street Excavation Rules, Revised August 2021 and City Council Ordinance No. 13300 C.M.S. Five days’ prior notice required for work lasting five days or less in business/commercial districts: 72-hours’ notice in residential districts. Ten days prior notice required for work lasting six days or more in all districts. SCHEDULE INSPECTION at least 48 hours in advance at: http://oaklanddot.com/projects/search.html """,,
"06/17/2026","Permit Issued","RE2601493","(RE) - Electrical - 1 & 2 Unit Residential (Building)","2615 68TH AVE, Oakland CA 94605","To partial abate CE1901742 Related RBC2503304, install subpanel and 16 circuits includes kitchen appliances dishwasher, garbage disposal and receptacles. Relocate (2) kitchen receptacles. In Bathroom install (2) sensors for fan and light. Install (1) new connection for smoke/carbon monoxide detector.",,
"06/17/2026","Final","SEA2600550","SolarApp+ (For roof mounted residential solar projects not exceeding 38.4kw total done with SolarApp+- contractor use)","4542 ELLEN ST, Oakland CA 94601","INSTALL A ROOF-MOUNTED PV SYSTEM &ENERGY STORAGE SYSTEM:· (22) JINKO JKM590N-72HL4-BDV MODULES· (22) AP SMART RSD-S-PLC RAPID SHUTDOWN DEVICE· (01) SRNE HEBP48120U240-PRO (240V) INVERTER· (01) GSL POWER STORAGE WALL (12.91KWH) · (01) ENERGY SYSTEM DISCONNECT · (01) MAIN SERVICE PANEL · (01) SURGE PROTECTOR · (01) BREAKER ENCLOSURETOTAL PV SIZE: 12.980 KW DC, 11.844 KW CEC AC. 6/30/26: Does NOT include MSP upgrade.",,
"06/17/2026","Permit Issued","RE2601492","(RE) - Electrical - 1 & 2 Unit Residential (Building)","8809 SENECA ST, Oakland CA 94605","Remove existing knob-and-tube wiring and complete electrical rewire of entire residence with new code-compliant wiring, devices, and connections to meet current electrical standards. 100 AMP sub panel",,
"06/17/2026","On Hold - Fee Due","RBC2601736","(RBC) New Construction - Single Family, Duplex or Accessory Structures","3144 COURTLAND AVE, Oakland CA 94608","At existing vacant sloped lot, construct a new two story; 2,021SF single family residence with an enclosed 434 attached 1 car garage, second floor master bedroom, 2 bedrooms, 2 full bathrooms, first floor guest bedroom, 1 full bathroom and a family room. Includes all related mechanical, electrical, plumbing. PLN26016",,
"06/17/2026","On Hold","RBC2601735","(RBC) - Building Residential Combo Alteration- 1 & 2 Unit Residential (Building)","6010 SKYLINE BLVD, Oakland CA 94611","At Single Family Dwelling: Remove existing lap siding and trim, install new OSB, moisture paper and new James Hardie Fiber Cement Horizontal Lap siding. DRX260775.",,
"06/17/2026","Permit Issued","X2600507","DOT - Excavation (X)","50 8TH ST, OAKLAND CA 94607","Cahill PM 50  8th St: Trenching for we utilities - 2 DW lines + FW line.  Trenching 15' x 6' x 7' (2 trenches).    Utility Excavation Ensure that environmental controls are in place to prevent dust/debris/wastewater from contaminating environment. If working within 15 feet of a monument you must comply with State Law 8771, contact the Inspector prior to starting excavation: minimum $5,800.00 fine for non-compliance. Comply with all terms of City of Oakland Public Works Standards, Street Excavation Rules, Revised August 2021 and City Council Ordinance No. 13300 C.M.S. Five days’ prior notice required for work lasting five days or less in business/commercial districts: 72-hours’ notice in residential districts. Ten days prior notice required for work lasting six days or more in all districts. SCHEDULE INSPECTION at least 48 hours in advance at: http://oaklanddot.com/projects/search.html """,,
"06/17/2026","Permit Expired","OB2600741","Obstruction","265 27TH ST, Oakland CA 94612","Comply with all terms, conditions and restrictions stated in the Traffic Control Plan. Any/all changes need prior written approval. Provide original Traffic Control Plan at each renewal.255 27th ST.06/16/2026: TCP GOOD FOR 06/24/2026, 8AM-4PM, PER T.CHUNG",,
"06/17/2026","On Hold","SL2601166","(SL) - Sewer Lateral (OPW)","246 TUNIS RD, Oakland CA 94603","Repair/replace building sewer ON PROPERTY ONLY. SL & X required beyond PL. Overflow device may be needed. If working within 25' feet of a monument you must comply with State Law 8771, contact the Inspector prior to starting excavation: minimum $5,800.00 fine for non-compliance. USA # and date must be provided in order to have a permit issued. Permit valid for 90 days. If the work is to be performed on a designated “Creekside Property” the work will require a “Creek Protection Permit”. If the property is not currently flagged in Accela as a “Creekside Property” but work will be performed within 100’ of a creek channel, a “Creek Determination” should be conducted to determine if the work is subject to the Creek Protection Ordinance. Permit valid 90 days. PRIOR TO START, please schedule your inspection via the contractor's mobile app: https://citygovapp.com/app/opwirprod.htm",,
"06/17/2026","On Hold","X2600506","DOT - Excavation (X)","6801 CHABOT RD, Oakland CA 94618","PG&E PM 35709767 Replace overhead transformer and service, riser, and secondary enclosure, and meter.  Replace underground secondary cable in new installed 65 ‘ of 4-inch conduit. Ensure that environmental controls are in place to prevent dust/debris/wastewater from contaminating environment. If working within 15 feet of a monument you must comply with State Law 8771, contact the Inspector prior to starting excavation: minimum $5,800.00 fine for non-compliance. Comply with all terms of City of Oakland Public Works Standards, Street Excavation Rules, Revised August 2021 and City Council Ordinance No. 13300 C.M.S. Five days’ prior notice required for work lasting five days or less in business/commercial districts: 72-hours’ notice in residential districts. Ten days prior notice required for work lasting six days or more in all districts. SCHEDULE INSPECTION at least 48 hours in advance at: http://oaklanddot.com/projects/search.html """,,
"06/17/2026","Intake - Completed","X2600505","DOT - Excavation (X)","342 SANTA CLARA AVE, Oakland CA 94610","PG&E PM 47362600; Permit for restoration from after the fact emergency gas work. Park in ROW & TCP. 47362600.  Ensure that environmental controls are in place to prevent dust/debris/wastewater from contaminating environment. If working within 15 feet of a monument you must comply with State Law 8771, contact the Inspector prior to starting excavation: minimum $5,800.00 fine for non-compliance. Comply with all terms of City of Oakland Public Works Standards, Street Excavation Rules, Revised August 2021 and City Council Ordinance No. 13300 C.M.S. Five days’ prior notice required for work lasting five days or less in business/commercial districts: 72-hours’ notice in residential districts. Ten days prior notice required for work lasting six days or more in all districts. SCHEDULE INSPECTION at least 48 hours in advance at: http://oaklanddot.com/projects/search.html """,,
"06/17/2026","On Hold - Fee Due","RBC2601734","(RBC) New Construction - Single Family, Duplex or Accessory Structures","3150 COURTLAND AVE, Oakland CA 94608","At existing vacant sloped lot, construct a new two story; 2,021sf single family residence with an enclosed 434sf attached 1 car garage, second floor master bedroom, 2 bedrooms, 2 full bathrooms, laundry room, first floor guest bedroom, 1 full bathroom and a family room. Includes all related mechanical, electrical, plumbing. PLN26015",,
"06/17/2026","In Review","X2600504","DOT - Excavation (X)","2615 109TH AVE, Oakland CA 94605","PG&E PM 35715597-PG&E to replace OH service. Work address not in system: 2621 109th Ave, Oakland, CA 94605.  Ensure that environmental controls are in place to prevent dust/debris/wastewater from contaminating environment. If working within 15 feet of a monument you must comply with State Law 8771, contact the Inspector prior to starting excavation: minimum $5,800.00 fine for non-compliance. Comply with all terms of City of Oakland Public Works Standards, Street Excavation Rules, Revised August 2021 and City Council Ordinance No. 13300 C.M.S. Five days’ prior notice required for work lasting five days or less in business/commercial districts: 72-hours’ notice in residential districts. Ten days prior notice required for work lasting six days or more in all districts. SCHEDULE INSPECTION at least 48 hours in advance at: http://oaklanddot.com/projects/search.html """,,
"06/17/2026","On Hold - Field Check Pending","B2601733","(B) - Building Alteration - 3+ Residential Units or Commercial (Building)","811 YORK ST, UNIT 335, Oakland CA 94610","Repair water damage at bathroom of unit #335 of existing MFD.  Scope of work includes removal and replacement of shower surround, insulation, minor drywall repairs, replace vanity, reset sink/faucet and shower faucet trim, replace tile flooring and paint.  Includes lead-based paint abatement.  Separate MEP permits required.",,
"06/17/2026","Permit Issued","RP2600784","(RP) Plumbing - 1 & 2 Unit Residential (Building)","6801 ARMOUR DR, Oakland CA 94611","Replace 100'ft of existing gas line from the meter to the mechanical roomReplace existing 40-gallon water heater with an indoor tankless water heater",,
"06/17/2026","In Review","X2600503","DOT - Excavation (X)","5215 COLE ST, Oakland CA 94601","PG&E PM 35717287-PG&E to replace OH service, install new messenger and secondary breakers.  Ensure that environmental controls are in place to prevent dust/debris/wastewater from contaminating environment. If working within 15 feet of a monument you must comply with State Law 8771, contact the Inspector prior to starting excavation: minimum $5,800.00 fine for non-compliance. Comply with all terms of City of Oakland Public Works Standards, Street Excavation Rules, Revised August 2021 and City Council Ordinance No. 13300 C.M.S. Five days’ prior notice required for work lasting five days or less in business/commercial districts: 72-hours’ notice in residential districts. Ten days prior notice required for work lasting six days or more in all districts. SCHEDULE INSPECTION at least 48 hours in advance at: http://oaklanddot.com/projects/search.html """,,
"06/17/2026","On Hold","X2600502","DOT - Excavation (X)","1946 ADELINE ST, Oakland CA 94607","Cablecom PM JB2641775 - PMR. This project proposes to trench approx. 410ft between 2 existing utility poles along 21st St. and relocate existing CATV equipment to the new utility pole along Adeline St.Install (2)2"" conduits and a Comcast cable. Restore the affected areas. Trrenching 410' x 3'.  Ensure that environmental controls are in place to prevent dust/debris/wastewater from contaminating environment. If working within 15 feet of a monument you must comply with State Law 8771, contact the Inspector prior to starting excavation: minimum $5,800.00 fine for non-compliance. Comply with all terms of City of Oakland Public Works Standards, Street Excavation Rules, Revised August 2021 and City Council Ordinance No. 13300 C.M.S. Five days’ prior notice required for work lasting five days or less in business/commercial districts: 72-hours’ notice in residential districts. Ten days prior notice required for work lasting six days or more in all districts. SCHEDULE INSPECTION at least 48 hours in advance at: http://oaklanddot.com/projects/search.html """,,
"06/17/2026","Intake - Completed","X2600501","DOT - Excavation (X)","1090 29TH AVE, Oakland CA","McGuire and Hester PM 5252; M&H Railroad rehabilitation, work consists of saw-cut and demo asphalt, track demo, grade, track install and place back asphalt.  Ensure that environmental controls are in place to prevent dust/debris/wastewater from contaminating environment. If working within 15 feet of a monument you must comply with State Law 8771, contact the Inspector prior to starting excavation: minimum $5,800.00 fine for non-compliance. Comply with all terms of City of Oakland Public Works Standards, Street Excavation Rules, Revised August 2021 and City Council Ordinance No. 13300 C.M.S. Five days’ prior notice required for work lasting five days or less in business/commercial districts: 72-hours’ notice in residential districts. Ten days prior notice required for work lasting six days or more in all districts. SCHEDULE INSPECTION at least 48 hours in advance at: http://oaklanddot.com/projects/search.html """,,
"06/17/2026","Minor Engineer of Day Review","RBC2601732","(RBC) - Building Residential Combo Alteration- 1 & 2 Unit Residential (Building)","801 SANTA RAY AVE, Oakland CA 94610","Seismic strengthening of underfloor area to reduce risk of damage per Engineered Plan.Project shall be finaled within 1 year per Oakland Ord 12812CMS.",,
"06/17/2026","In Review","X2600500","DOT - Excavation (X)","4040 MANILA AVE, Oakland CA 94609","Cablecom PM JB2640862 - PMR. This project proposes to trench approx. 136ft between 2 existing utility poles along Manila Ave. Install (2)2"" conduits and a Comcast cable. Restore the affected areas.  Trenching 136' x 3'.  Ensure that environmental controls are in place to prevent dust/debris/wastewater from contaminating environment. If working within 15 feet of a monument you must comply with State Law 8771, contact the Inspector prior to starting excavation: minimum $5,800.00 fine for non-compliance. Comply with all terms of City of Oakland Public Works Standards, Street Excavation Rules, Revised August 2021 and City Council Ordinance No. 13300 C.M.S. Five days’ prior notice required for work lasting five days or less in business/commercial districts: 72-hours’ notice in residential districts. Ten days prior notice required for work lasting six days or more in all districts. SCHEDULE INSPECTION at least 48 hours in advance at: http://oaklanddot.com/projects/search.html """,,
"06/17/2026","Plan Routing - Completed","B2601731","(B) - Building Alteration - 3+ Residential Units or Commercial (Building)","846 YORK ST, Oakland CA 94610","Mandatory seismic retrofit for soft story designed to comply with OMC Chapter 15.27.",,
"06/16/2026","Complete","BW26001860","(BW) - Building Worksheet (Building)","75 COLGETT DR, Oakland CA 94619","REPLACING 4 EXISTING WINDOWS USING RETRO FIT INSTALLTION. LIKE FOR LIKE REPLACEMENTS. PROPOSED WINDOWS ARE MARVIN INFINITY FIBERGLASS WINDOWS.",,
"06/16/2026","Intake - On Hold","SL2601159","(SL) - Sewer Lateral (OPW)","747 52ND ST, Oakland CA 94609","This project is located at 747 52nd st., oakland and at parcel 014-1205-019-01 .  This scope of work includes the abandonment of sewer lateral W1.",,
"06/16/2026","Inspections - In Progress","SL2601160","(SL) - Sewer Lateral (OPW)","6401 BLUE ROCK CT, Oakland CA 94605","Upper sewer lateral replacement from building foundation to front property line.",,
"06/16/2026","Complete","BW26001866","(BW) - Building Worksheet (Building)","6545 EXETER DR, Oakland CA 94611","Update permit RBC2503964. Kitchen Bath to reflect bathroom work includes removal of old bathtub reducing full bathroom to 1/2 bath and update value from $30000 to $70000",,
"06/16/2026","Permit Issued","RE2601480","(RE) - Electrical - 1 & 2 Unit Residential (Building)","8021 ATHERTON ST, Oakland CA 94605","Electrical panel upgrade from 60A to 200A",,
"06/16/2026","Complete","BW26001862","(BW) - Building Worksheet (Building)","685 14TH ST, Oakland CA 94612","Remove existing windows at staircase location as previously presented in zoning worksheet. Replace both windows with in-kind wood craft windows.",,
"06/16/2026","Permit Issued","LBP2600107","(LBP) - Lead Based Paint (Building)","1420 10TH ST, Oakland CA 94607","Scraping loose paint, minor repairs, priming and repainting exterior surfaces.",,
"06/16/2026","Inspections - In Progress","SL2601163","(SL) - Sewer Lateral (OPW)","2819 E 23RD ST, Oakland CA 94601","Repair/replace sewer lateral and EXCAVATE in PUBLIC RIGHT-OF-WAY. Overflow device may be needed.  If working within 25' feet of a monument you must comply with State Law 8771, contact the Inspector prior to starting excavation: minimum $5,800.00 fine for non-compliance. Comply with all terms of City of Oakland Public Works Standards, Street Excavation Rules, Revised March 2015 and City Council Ordinance No. 13300 C.M.S. Five days prior notice required for work lasting five days or less in business/commercial districts; 72 hour notice in residential districts. Ten days prior notice required for work lasting six days or more in all districts. USA # and date must be provided in order to have a permit issued. Permit valid 90 days. If the work is to be performed on a designated “Creekside Property” the work will require a “Creek Protection Permit”. If the property is not currently flagged in Accela as a “Creekside Property” but work will be performed within 100’ of a creek channel, a “Creek Determination” should be conducted to determine if the work is subject to the Creek Protection Ordinance.  Call PWA INSPECTION prior to start: 510-238-3651 or email PWA_inspections@oaklandca.gov.",,
"06/16/2026","Permit Issued","CGS2601452","DOT - Curb Gutter Sidewalk Standard Compliance Certificate","5040 GOLDEN GATE AVE, Oakland CA 94618",,,
"06/16/2026",,"26TMP-028981","(BW) - Building Worksheet (Building)","3832 LAKESHORE AVE, Oakland CA 94610","Replace windows like for like",,
"06/16/2026","Completed Cert Received","R2600747","(R) - ReRoof Certificate (Building)","7014 HOMEWOOD DR, Oakland CA 94611","Issuance of a re-roofing certificate only allows for replacement of roofing up to the skip sheathing. Any repairs, replacement, alteration, or installation of new structural members (Rafters, purlins, etc) requires a building permit.",,
"06/16/2026","Inspections - In Progress","SL2601164","(SL) - Sewer Lateral (OPW)","3300 HARRISON ST, Oakland CA 94611","Repair/replace sewer lateral and EXCAVATE in PUBLIC RIGHT-OF-WAY. Overflow device may be needed.  If working within 25' feet of a monument you must comply with State Law 8771, contact the Inspector prior to starting excavation: minimum $5,800.00 fine for non-compliance. Comply with all terms of City of Oakland Public Works Standards, Street Excavation Rules, Revised March 2015 and City Council Ordinance No. 13300 C.M.S. Five days prior notice required for work lasting five days or less in business/commercial districts; 72 hour notice in residential districts. Ten days prior notice required for work lasting six days or more in all districts. USA # and date must be provided in order to have a permit issued. Permit valid 90 days. If the work is to be performed on a designated “Creekside Property” the work will require a “Creek Protection Permit”. If the property is not currently flagged in Accela as a “Creekside Property” but work will be performed within 100’ of a creek channel, a “Creek Determination” should be conducted to determine if the work is subject to the Creek Protection Ordinance.  Call PWA INSPECTION prior to start: 510-238-3651 or email PWA_inspections@oaklandca.gov.",,
"06/16/2026","Inspections - In Progress","SL2601162","(SL) - Sewer Lateral (OPW)","2038 MELVIN RD, Oakland CA 94602","New additional sewer lateral connection from bathroom to city main",,
"06/16/2026","Permit Issued","RE2601479","(RE) - Electrical - 1 & 2 Unit Residential (Building)","3026 56TH AVE, Oakland CA 94605","RMS,8Mods,New MSP200A,EXST Subpanel125A,NEW Subpanel125A,1Battery+BackUp",,
"06/16/2026","Complete","BW26001868","(BW) - Building Worksheet (Building)","3842 ENOS AVE, Oakland CA 94619","Partial Foundation replacement at right side of garage as per Monte Stotts plans. Approx 22 lf to be removed and replaced with like kind no changes",,
"06/16/2026","Scheduled Appointment","BW26001867","(BW) - Building Worksheet (Building)","911 ALMA PL, Oakland CA 94610","Switched 4 intellijacks to monoposts",,
"06/16/2026","Complete","BW26001863","(BW) - Building Worksheet (Building)","2850 BROADWAY, Oakland CA 94611","INSTALL UL-142 LISTED AND DOUBLE WALL CONTAINED STORAGE TANK	CONTAINING COMBUSTIBLE III-B LIQUIDS (NEW MOTOR OIL)",,
"06/16/2026","Permit Issued","RE2601485","(RE) - Electrical - 1 & 2 Unit Residential (Building)","5837 CHABOT CT, Oakland CA 94618","HEAT PUMP SYSTEM INSTALL3 TON 36K BTU 19 SEER2",,
"06/16/2026","Permit Issued","CGS2601453","DOT - Curb Gutter Sidewalk Standard Compliance Certificate","743 CALMAR AVE, Oakland CA 94610",,,
"06/16/2026","Permit Issued","SEA2600539","SolarApp+ (For roof mounted residential solar projects not exceeding 38.4kw total done with SolarApp+- contractor use)","900 PARAMOUNT RD, Oakland CA 94610","Installation of Rooftop Mounted Solar Energy System PV+STSystem Size: 5.59 kW DC (4.54 kW AC)(13) Q.TRON BLK M-G2.C+ 430 solar modules(13) Q.MI.349B-G1 {240V} inverters(1) 1707000-XX-Y {11.5kW} ESSNew Busbar count - 1",,
"06/16/2026","Certificate Issued","R2600750","(R) - ReRoof Certificate (Building)","51 TERALYNN CT, Oakland CA 94619","Removal of the old roof on the flat section of the roof and installation of new app mod bitumen roof system. (878 Sq,ft,)",,
"06/16/2026","Pending - Incomplete","BW26001864","(BW) - Building Worksheet (Building)","1701 Middle Harbor RD, Oakland CA 94607 United States","Furnish & install 12kv and 480v distribution equipment and all associated work for the installation of electric vehicle charging stations at ETS, TRAPAC, OICT, and PMA locations as part of the Trade Corridor Enhancement Program (TCEP) green power microgrid project.",,
"06/16/2026","Permit Issued","RM2600756","(RM) - Mechanical - 1 & 2 Unit Residential (Building)","2570 94TH AVE, Oakland CA 94605","Replace furnace with 96%AFUE 60K BTU furnace. Install 2 new supply dampers and 1 new R-8 duct run.",,
"06/16/2026","Permit Issued","SEA2600541","SolarApp+ (For roof mounted residential solar projects not exceeding 38.4kw total done with SolarApp+- contractor use)","2518 MONTICELLO AVE, Oakland CA 94601","RMS: 19 MODS, 8.74 KW/DC, 1 INV, 1 TESLA PW3, 1 BG SWITCH, 1 EXPANSION PCK, MPU 200A",,
"06/16/2026","Permit Issued","LBP2600106","(LBP) - Lead Based Paint (Building)","5470 MANILA AVE, Oakland CA 94618","Remove walls from garage structure",,
"06/16/2026","Permit Issued","E2601478","(E) - Electrical - 3+ Residential Units or Commercial (Building)","1 LAKESIDE DR, UNIT 821, OAKLAND CA 94612","moving two electrical outlets and one light to center of vanity",,
"06/16/2026","Permit Issued","RE2601489","(RE) - Electrical - 1 & 2 Unit Residential (Building)","8211 SKYLINE BLVD, Oakland CA 94611","200 amp service upgrade",,
"06/16/2026","Pending-Document Uploaded","BW26001869","(BW) - Building Worksheet (Building)","3928 FOOTHILL BLVD, Oakland CA 94601","to complete permit # RB0704087",,
"06/16/2026","Permit Issued","RE2601481","(RE) - Electrical - 1 & 2 Unit Residential (Building)","5170 SADDLE BROOK DR, Oakland CA 94619","100amp like for like main panel, 100amp like for like sub panel, 40amp stove circuit,  30amp dryer circuit, 20amp washer circuit",,
"06/16/2026","Permit Issued","RM2600755","(RM) - Mechanical - 1 & 2 Unit Residential (Building)","2690 66TH AVE, Oakland CA 94605","Replace existing kitchen range hood in kind.",,
"06/16/2026",,"26TMP-029078","(BW) - Building Worksheet (Building)","2762 PARKER AVE, Oakland CA 94605","Building Plan Check Revision - Revision requested to remove the interior non-structural partition wall separating the previously designated bedroom from the living/kitchen area. The ADU will be revised to an open studio floor plan to comply with minimum habitable room area requirements. Updated floor plan and supporting documents are included for review. Permit RBC2202265",,
"06/16/2026","Permit Issued","CGS2601455","DOT - Curb Gutter Sidewalk Exemption Certificate","1355 PULLMAN WY, OAKLAND CA 94607",,,
"06/16/2026","Certificate Issued","R2600753","(R) - ReRoof Certificate (Building)","564 FOREST ST, Oakland CA 94618","Replace roof with new comp shingles.",,
"06/16/2026","Permit Issued","RM2600759","(RM) - Mechanical - 1 & 2 Unit Residential (Building)","5837 CHABOT CT, Oakland CA 94618","HEAT PUMP SYSTEM INSTALL 3 TON 36K BTU 19 SEER2",,
"06/16/2026",,"26TMP-029082","(BW) - Building Worksheet (Building)","1510 FRANKLIN ST, Oakland 94612 United States","Repair 5 sq ft vehicular damaged area of commercial building as follows: Replace damaged interior/exterior finishes, 2x4 wall framing, and window & door, like-for-like.",,
"06/16/2026","Completed Cert Received","R2600748","(R) - ReRoof Certificate (Building)","46 TERALYNN CT, Oakland CA 94619","Removal of the old roof and installation of asphalt shingles on the pitched section (573 Sq.ft.)  and app mod bitumen on the flat section (899Sq.ft.) .",,
"06/16/2026","Void","BW26001870","(BW) - Building Worksheet (Building)","1022 24TH ST, Oakland CA 94607","We would love your help with expediting this project if possible. We are working with a family through this Oakland city project, through the housing department. The project is supervised by Hourig McCray. We would like to provide the family with a safe home as soon as possible, since they have had so many leady problems and contractor challenges this year.We are removing and replacing 12, metal frame/single pane/vertical sliding windows. With in-kind motif vinyl/ single hung, double pane windows. The framing will be slightly thicker than the existing metal. We will  enclose the interior work zones with plastic and thoroughly clean afterwards, we will also create ground protection outside during removal and installations. We will go over-kill on the water proofing with increase barrier protection, as well as coating the framing for better weather resistance. We have already obtained the lead permit and we are EPA lead certified.",,
"06/16/2026","Permit Issued","RE2601482","(RE) - Electrical - 1 & 2 Unit Residential (Building)","4544 PENNIMAN AVE, Oakland CA 94619","REMOVE AND REINSTALL 11 PV MODULES",,
"06/16/2026",,"26TMP-019606","(RE) - Electrical - 1 & 2 Unit Residential (Building)","6341 WOOD DR, Oakland CA 94611","adding 2 enphase 10c batteries to existing enphase system with enphase meter collar",,
"06/16/2026","Permit Issued","LBP2600108","(LBP) - Lead Based Paint (Building)","320 E 15TH ST, Oakland CA 94606","exterior repainting of existing residential building .  Preparation and repainting color change only.",,
"06/16/2026","Permit Issued","RE2601484","(RE) - Electrical - 1 & 2 Unit Residential (Building)","9739 MADDUX DR, Oakland CA 94603","100A like-for-like Main Panel Upgrade and (N) 125A Sub Panel",,
"06/16/2026","Permit Issued","E2601487","(E) - Electrical - 3+ Residential Units or Commercial (Building)","82 98TH AVE, Oakland CA 94603","Install two (2) EV charging stations for private fleet usage.",,
"06/16/2026","Permit Issued","SL2601157","(SL) - Sewer Lateral (OPW)","747 52ND ST, Oakland CA 94609","Project location is at parcel 014-1205-019-01 (747 52nd St, Oakland) and consists of SS lateral abandonment.  The SS lateral to be abandoned is A3.  This lateral was removed from service with the associated PX2500013 new HDPE line that was installed.",,
"06/16/2026","In Progress","TR-ND26-00063","(ND) - Non-Developmental Tree Permit (OPW)","2907 MADERA AVE, Oakland CA 94619","Remove 3 trees from backyard and get authorization to remove all the trees in the backyard",,
"06/16/2026","Complete","BW26001861","(BW) - Building Worksheet (Building)","885 59TH ST, Oakland CA 94608","Building Plan Check Revision"" or ""Revision to Project followed by your issued permit number RBC2503911",,
"06/16/2026","Intake - On Hold","SL2601158","(SL) - Sewer Lateral (OPW)","747 52ND ST, Oakland CA 94609","Parcel 014-1205-019-01 located at 747 52nd St., Oakland CA.  This work consists of abandoning sewer lateral V1.",,
"06/16/2026","Inspections - In Progress","SL2601156","(SL) - Sewer Lateral (OPW)","1709 AUSEON AVE, Oakland CA 94621","Repair/replace building sewer ON PROPERTY ONLY. SL & X required beyond PL. Overflow device may be needed. If working within 25' feet of a monument you must comply with State Law 8771, contact the Inspector prior to starting excavation: minimum $5,800.00 fine for non-compliance. USA # and date must be provided in order to have a permit issued. Permit valid for 90 days. If the work is to be performed on a designated “Creekside Property” the work will require a “Creek Protection Permit”. If the property is not currently flagged in Accela as a “Creekside Property” but work will be performed within 100’ of a creek channel, a “Creek Determination” should be conducted to determine if the work is subject to the Creek Protection Ordinance.",,
"06/16/2026","Inspections - In Progress","SL2601165","(SL) - Sewer Lateral (OPW)","3114 SUTER ST, Oakland CA 94602","Lio Rooter will replace approximately 60ft of sewer lateral in the property only",,
"06/16/2026","Permit Issued","SEA2600543","SolarApp+ (For roof mounted residential solar projects not exceeding 38.4kw total done with SolarApp+- contractor use)","376 61ST ST, Oakland CA 94618","Description: Install 6.900 (DC) / 6.352 (AC) KW PV solar panels (15 modules) on the roof and 20 kWh Energy Storage System.",,
"06/16/2026","Permit Issued","SEA2600543","SolarApp+ (For roof mounted residential solar projects not exceeding 38.4kw total done with SolarApp+- contractor use)","376 61ST ST, Oakland CA 94618","Description: Install 6.900 (DC) / 6.352 (AC) KW PV solar panels (15 modules) on the roof and 20 kWh Energy Storage System.",,
"06/16/2026","Certificate Issued","R2600751","(R) - ReRoof Certificate (Building)","4240 HARBOR VIEW AVE, Oakland CA 94619","remove and replace existing roofing with comp shingle roofing",,
"06/16/2026","Permit Issued","CGS2601454","DOT - Curb Gutter Sidewalk Standard Compliance Certificate","13048 BROOKPARK RD, Oakland CA 94619",,,
"06/16/2026",,"25TMP-014322","(BW) - Building Worksheet (Building)","250 FRANK H OGAWA PZ, A, Oakland CA 94612","testing",,
"06/16/2026","Certificate Issued","R2600749","(R) - ReRoof Certificate (Building)","45 TERALYNN CT, Oakland CA 94619","Removal of the old roof and installation of asphalt shingles on the pitched section (594 Sq.ft.) and app mod bitumen on the flat section (812 Sq.ft.) .",,
"06/16/2026","Complete","BW26001871","(BW) - Building Worksheet (Building)","2400 82nd AVE, Oakland CA 94605 United States","The original project under Permit No. RBC2504056 was previously reviewed and approved. However, after construction commenced, it was discovered that the approved location of a proposed bedroom door would interfere with necessary access to the ADU's HVAC equipment and maintenance area.To address this unforeseen field condition, we consulted with the assigned planner and presented a revised layout. The planner reviewed the proposed modification and agreed that changing the previous bedroom and relocating the bedroom door as shown on the current plans is an appropriate solution.This application is therefore submitted as a revision to the previously approved permit. The proposed change does not alter the overall scope, use, occupancy, or floor area of the project. The revision is limited to the interior layout adjustment necessary to maintain proper access to the ADU HVAC system while preserving the intended functionality of the dwelling units.We respectfully request review and approval of the revised plans as submitted.",,
"06/16/2026","Complete","BW26001865","(BW) - Building Worksheet (Building)","500 VERNON ST, 319, OAKLAND CA 94610","Bathroom Remodel like for like replace tub, move toilet 6 inches , sink, vanity, fan upgrade M-E-P to code.",,
"06/16/2026","Permit Issued","RE2601483","(RE) - Electrical - 1 & 2 Unit Residential (Building)","2512 65TH AVE, Oakland CA 94605","Panel upgrade: 100Amp to 200Amp, no additional load",,
"06/16/2026","Permit Issued","SEA2600540","SolarApp+ (For roof mounted residential solar projects not exceeding 38.4kw total done with SolarApp+- contractor use)","2236 9TH AVE, Oakland CA 94606","RMS: 8 MODS, 3.44 KW/DC, 1 INV, 1 TESLA PW3, 1 BG SWITCH, MPU, NEW SUBP 125A",,
"06/16/2026","Certificate Issued","R2600752","(R) - ReRoof Certificate (Building)","4800 SHETLAND AVE, Oakland CA 94605","Re-roof: 29SQ tear off install shingles, no redeck.",,
"06/16/2026","Inspections - In Progress","SL2601161","(SL) - Sewer Lateral (OPW)","1035 WARFIELD AVE, Oakland CA 94610","Replace sewer lateral from the back of the house to the back easement in the backyard about 35ft",,
"06/16/2026","Complete","BW26001872","(BW) - Building Worksheet (Building)","9 LEAMONT CT, Oakland CA 94605","Revision to approved plan (RBC2600337)1. install new lights and outlets on the first floor2. Replace roof shingle3. Remove existing roof wood slack, and install new plywood sheathing.",,
"06/16/2026","Final","RE2601488","(RE) - Electrical - 1 & 2 Unit Residential (Building)","2950 HEDGE CT, Oakland CA 94602","Added 40 amp outlet for EV. In garage.",,
"06/16/2026","In Review","X2600499","DOT - Excavation (X)","1747 INDIAN WY, Oakland CA 94611","PG&E PM 35718562-PG&E to replace joint pole, OH services, install OH transformer, secondary breakers and trim/remove vegetation.  Ensure that environmental controls are in place to prevent dust/debris/wastewater from contaminating environment. If working within 15 feet of a monument you must comply with State Law 8771, contact the Inspector prior to starting excavation: minimum $5,800.00 fine for non-compliance. Comply with all terms of City of Oakland Public Works Standards, Street Excavation Rules, Revised August 2021 and City Council Ordinance No. 13300 C.M.S. Five days’ prior notice required for work lasting five days or less in business/commercial districts: 72-hours’ notice in residential districts. Ten days prior notice required for work lasting six days or more in all districts. SCHEDULE INSPECTION at least 48 hours in advance at: http://oaklanddot.com/projects/search.html """,,
"06/16/2026","Void","OB2600740","Obstruction","491 BELLEVUE AVE, Oakland CA 94610","Reserve 6 METERED & 3 (75') NON-METERED parking space(s) in front of parcel only for dumpster, construction vehicle, moving van or storage pod. Post No-parking signs 72 hours prior in residential areas. No impact on traffic lane or sidewalk allowed, except as noted on TCP/X permit. NO-PARKING SIGNS SHALL PICKED UP BY APPLICANT AFTER PAYMENT TO ENFORCE PERMIT REQUIREMENT. To have illegally parked vehicle ticketed: Call 510-777-3333. Applicant arranges towing. Comply with terms set forth in CVC Section 22651 (m). For towed vehicle: Call 510-238-3021.493 BELLEVUE AVE.",,
"06/16/2026","Permit Issued","RE2601486","(RE) - Electrical - 1 & 2 Unit Residential (Building)","907 GLENDOME CIR, Oakland CA 94602","Remove knob and tube. Upgrade service from 100A to 200A",,
"06/16/2026","Permit Expired","OB2600739","Obstruction","115 MONTE VISTA AVE, Oakland CA 94611","Reserve 1 (25') NON-METERED parking space(s) in front of parcel only for dumpster, construction vehicle, moving van or storage pod. Post No-parking signs 72 hours prior in residential areas. No impact on traffic lane or sidewalk allowed, except as noted on TCP/X permit. NO-PARKING SIGNS SHALL PICKED UP BY APPLICANT AFTER PAYMENT TO ENFORCE PERMIT REQUIREMENT. To have illegally parked vehicle ticketed: Call 510-777-3333. Applicant arranges towing. Comply with terms set forth in CVC Section 22651 (m). For towed vehicle: Call 510-238-3021.",,
"06/16/2026","Payment Received","OB2600738","Obstruction","5655 MASONIC AVE, Oakland CA 94618","Reserve 2 (50') NON-METERED parking space(s) in front of parcel only for dumpster, construction vehicle, moving van or storage pod. Post No-parking signs 72 hours prior in residential areas. No impact on traffic lane or sidewalk allowed, except as noted on TCP/X permit. NO-PARKING SIGNS SHALL PICKED UP BY APPLICANT AFTER PAYMENT TO ENFORCE PERMIT REQUIREMENT. To have illegally parked vehicle ticketed: Call 510-777-3333. Applicant arranges towing. Comply with terms set forth in CVC Section 22651 (m). For towed vehicle: Call 510-238-3021.",,
"06/16/2026","Permit Expired","OB2600737","Obstruction","1006 MCKINLEY AVE, Oakland CA 94610","Reserve 1 (25') NON-METERED parking space(s) in front of parcel only for dumpster, construction vehicle, moving van or storage pod. Post No-parking signs 72 hours prior in residential areas. No impact on traffic lane or sidewalk allowed, except as noted on TCP/X permit. NO-PARKING SIGNS SHALL PICKED UP BY APPLICANT AFTER PAYMENT TO ENFORCE PERMIT REQUIREMENT. To have illegally parked vehicle ticketed: Call 510-777-3333. Applicant arranges towing. Comply with terms set forth in CVC Section 22651 (m). For towed vehicle: Call 510-238-3021.1008 McKINLEY AVE.",,
"06/16/2026","Permit Issued","OB2600736","Obstruction","5701 SKYLINE BLVD, Oakland CA 94611","Comply with all terms, conditions and restrictions stated in the Traffic Control Plan. Any/all changes need prior written approval. Provide original Traffic Control Plan at each renewal.5701-5847 SKYLINE BLVD - BORINGS FOR GEOTECHNICAL INVESTIGATION06/16/2026: TCP GOOD FOR 07/09-07/10/2026, 7AM-5PM",,
"06/16/2026","Final","RM2600758","(RM) - Mechanical - 1 & 2 Unit Residential (Building)","4850 GERANIUM PL, Oakland CA 94619","Replace furnace in the mechanical room",,
"06/16/2026","In Review","X2600498","DOT - Excavation (X)","2943 BROADWAY, Oakland CA 94611","47204885 PG&E to excavate and repair broken lid in sidewalk, restoration to follow.  Ensure that environmental controls are in place to prevent dust/debris/wastewater from contaminating environment. If working within 15 feet of a monument you must comply with State Law 8771, contact the Inspector prior to starting excavation: minimum $5,800.00 fine for non-compliance. Comply with all terms of City of Oakland Public Works Standards, Street Excavation Rules, Revised August 2021 and City Council Ordinance No. 13300 C.M.S. Five days’ prior notice required for work lasting five days or less in business/commercial districts: 72-hours’ notice in residential districts. Ten days prior notice required for work lasting six days or more in all districts. SCHEDULE INSPECTION at least 48 hours in advance at: http://oaklanddot.com/projects/search.html """,,
"06/16/2026","Permit Issued","SEA2600542","SolarApp+ (For roof mounted residential solar projects not exceeding 38.4kw total done with SolarApp+- contractor use)","2228 7TH AVE, Oakland CA 94606","Rooftop Mounted Solar Energy System with ESS",,
"06/16/2026","Plan Review In Progress","RBC2601730","(RBC) - Building Residential Combo Alteration- 1 & 2 Unit Residential (Building)","5753 CHELTON DR, Oakland CA 94611","To abate CE 2507774 - Replace garage space damaged by a fallen tree. To match original design. No proposed changes to original window or door openings.  DRX260579 To include related mechanical, electrical, and plumbing.",,
"06/16/2026","Created","OB2600735","Obstruction","1620 18TH ST, Oakland CA 94607","Reserve 32 (800') NON-METERED parking space(s) in front of parcel only for dumpster, construction vehicle, moving van or storage pod. Post No-parking signs 72 hours prior in residential areas. No impact on traffic lane or sidewalk allowed, except as noted on TCP/X permit. NO-PARKING SIGNS SHALL PICKED UP BY APPLICANT AFTER PAYMENT TO ENFORCE PERMIT REQUIREMENT. To Have Illegally Parked Vehicle Ticketed Call 510-777-3333. Applicant arranges towing. Comply with terms set forth in CVC Section 22651 (m). For Towed Vehicle: Call 510-777-3333.Comply with all terms, conditions and restrictions stated in the Traffic Control Plan. Any/all changes need prior written approval. Provide original Traffic Control Plan at each renewal.WEST OAKLAND FARMERS MARKETTSD-24-0168, 12/19/2024: TCP GOOD FOR 01/01-03/31/2025, RECURRING SUNDAYS, 7AM-4PMTSD-24-0168a, 01/07/2025: TCP GOOD FOR 01/01-06/30/2025, RECURRING SUNDAYS, 7AM-4PMTSD-24-0168b, 06/30/2025: TCP GOOD FOR 07/01-12/31/2025, RECURRING SUNDAYS, 7AM-4PM (no-fee renewal)TSD-24-0168c, 01/08/2025: TCP GOOD FOR 01/01-06/30/2026, RECURRING SUNDAYS, 7AM-4PMTSD-24-0168d, 05/05/2026: TCP GOOD FOR 07/01-12/31/2026, RECURRING SUNDAYS, 7AM-4PM (no-fee renewal)",,
"06/16/2026","Permit Expired","OB2600734","Obstruction","670 98TH AVE, Oakland CA 94603","Comply with all terms, conditions and restrictions stated in the Traffic Control Plan. Any/all changes need prior written approval. Provide original Traffic Control Plan at each renewal.TSD-21-0108, 06/15/2021: PERMIT GOOD FOR 06/17/2021, 9AM-4PMTSD-21-0108a, 10/19/2021: PERMIT GOOD FOR 11/09/2021, 9AM-4PMTSD-21-0108b, 06/24/2022: PERMIT GOOD FOR 06/30/2022, 9AM-4PMTSD-21-0108c, 11/03/2022: PERMIT GOOD FOR 11/22/2022, 9AM-4PMTSD-21-0108d, 11/03/2023: PERMIT GOOD FOR 11/21/2023, 9AM-4PMTSD-21-0108e, 05/17/2024: PERMIT GOOD FOR 05/31/2024, 9AM-4PMTSD-21-0108f, 06/02/2025: PERMIT GOOD FOR 06/11/2025, 9AM-4PMTSD-21-0108g, 12/11/2025: PERMIT GOOD FOR 12/22/2025, 9AM-4PMTSD-21-0108h, 06/16/2026: PERMIT GOOD FOR 16/17/2026, 9AM-4PM",,
"06/16/2026","Permit Issued","M2600757","(M) - Mechanical - 3+ Residential Units or Commercial (Building)","450 E 15TH ST, Oakland CA 94606","2story, 4-unit MFD, Unit 448: Replace gas wall furnace to partial abate CE2601089.",,
"06/16/2026","Permit Issued","OB2600733","Obstruction","375 11TH ST, Oakland CA 94607","Reserve 9 METERED & 9 (225') NON-METERED parking space(s) in front of parcel only for dumpster, construction vehicle, moving van or storage pod. No impact on traffic lane or sidewalk allowed, except as noted except as noted on TCP/X permit. NO-PARKING SIGNS SHALL PICKED UP BY APPLICANT AFTER PAYMENT TO ENFORCE PERMIT REQUIREMENT. To have illegally parked vehicle ticketed: Call 510-777-3333. Applicant arranges towing. Comply with terms set forth in CVC Section 22651 (m). For towed vehicle: Call 510-238-3021.Comply with all terms, conditions and restrictions stated in the Traffic Control Plan. Any/all changes need prior written approval. Provide original Traffic Control Plan at each renewal.04/01/2026: TCP GOOD FOR 04/10/2026, PER T.CHUNG04/07/2026: TCP GOOD FOR 04/24/2026, 9AM-4PM, PER T.CHUNG04/20/2026: TCP GOOD FOR 05/01/2026, 9AM-4PM, PER T.CHUNG (date change, NC)05/19/2026: TCP GOOD FOR 05/28/2026, 9AM-4PM, PER T.CHUNG05/21/2026: TCP GOOD FOR 06/05/2026, 9AM-4PM, PER T.CHUNG06/16/2026: TCP GOOD FOR 07/10/2026, 9AM-4PM, PER T.CHUNG06/25/2026: TCP GOOD FOR 08/07/2026, 9AM-4PM, PER T.CHUNG (date change, NC)",,
"06/16/2026","Permit Expired","OB2600732","Obstruction","100 BAY PL, Oakland CA 94610","Reserve 6 METERED parking space(s) in front of parcel only for dumpster, construction vehicle, moving van or storage pod. No impact on traffic lane or sidewalk allowed, except as noted except as noted on TCP/X permit. NO-PARKING SIGNS SHALL PICKED UP BY APPLICANT AFTER PAYMENT TO ENFORCE PERMIT REQUIREMENT. To have illegally parked vehicle ticketed: Call 510-777-3333. Applicant arranges towing. Comply with terms set forth in CVC Section 22651 (m). For towed vehicle: Call 510-238-3021.Block 75'x8' portion of s/w. Leave 5.5’ clear for pedestrian access, except as otherwise noted on TCP/X permit. Ensure that environmental controls are in place to prevent dust/debris/waste water from contaminating environment.Comply with all terms, conditions and restrictions stated in the Traffic Control Plan. Any/all changes need prior written approval. Provide original Traffic Control Plan at each renewal.TSD-26-0007, 01/28/2026: TCP GOOD FOR 02/04-02/16/2026, 8AM-5PMTSD-26-0007a, 02/18/2026: TCP GOOD FOR 02/25-03/04/2026, 8AM-5PMTSD-26-0007b, 04/30/2026: TCP GOOD FOR 05/05-05/08/2026, 8AM-5PMTSD-26-0007c, 05/06/2026: TCP GOOD FOR 05/09-05/15/2026, 8AM-5PMTSD-26-0007d, 05/21/2026: TCP GOOD FOR 05/23-06/05/2026, 8AM-5PMTSD-26-0007e, 06/02/2026: TCP GOOD FOR 06/06-06/17/2026, 8AM-5PM",,
"06/16/2026","On Hold","B2601729","(B) - Building Alteration - 3+ Residential Units or Commercial (Building)","2122 LAKESHORE AVE, APT 209, Oakland CA 94606","At existing MFD unit 209 remodel kitchen and bathroom.  No change to wall layout or exterior work.  Plumbing and electrical under P2600750 and E2601404.",,
"06/16/2026","On Hold","X2600497","DOT - Excavation (X)","6861 ESTATES DR, Oakland CA 94611","PM 35733927 - PG&E to install primary junction box and install lead cable in existing conduit. Trenching to install new conduit. Restoration to follow. Ensure that environmental controls are in place to prevent dust/debris/wastewater from contaminating environment. If working within 15 feet of a monument you must comply with State Law 8771, contact the Inspector prior to starting excavation: minimum $5,800.00 fine for non-compliance. Comply with all terms of City of Oakland Public Works Standards, Street Excavation Rules, Revised August 2021 and City Council Ordinance No. 13300 C.M.S. Five days’ prior notice required for work lasting five days or less in business/commercial districts: 72-hours’ notice in residential districts. Ten days prior notice required for work lasting six days or more in all districts. SCHEDULE INSPECTION at least 48 hours in advance at: http://oaklanddot.com/projects/search.html """,,
"06/16/2026","Permit Issued","OB2600731","Obstruction","1724 BROADWAY, Oakland CA 94612","Reserve 5 (125') NON-METERED parking space(s) in front of parcel only for dumpster, construction vehicle, moving van or storage pod. Post No-parking signs 72 hours prior in residential areas. No impact on traffic lane or sidewalk allowed, except as noted on TCP/X permit. NO-PARKING SIGNS SHALL PICKED UP BY APPLICANT AFTER PAYMENT TO ENFORCE PERMIT REQUIREMENT. To have illegally parked vehicle ticketed: Call 510-777-3333. Applicant arranges towing. Comply with terms set forth in CVC Section 22651 (m). For towed vehicle: Call 510-238-3021.Comply with all terms, conditions and restrictions stated in the Traffic Control Plan. Any/all changes need prior written approval. Provide original Traffic Control Plan at each renewal.06/16/2026: TCP GOOD FOR 06/26-07/07/2026, 9AM-4PM, PER T.CHUNG",,
"06/16/2026","Issued","CO2600062","Certificate of Occupancy","721 37TH AVE, Oakland CA 94601","Certificate of Occupancy for Selva Collective Inc for cannabis cultivation.",,
"06/16/2026","Permit Issued","RP2600783","(RP) Plumbing - 1 & 2 Unit Residential (Building)","222 BROADWAY, Oakland CA","Repairing of waste pipe under bathtub",,
"06/16/2026","Permit Expired","OB2600730","Obstruction","495 ELWOOD AVE, Oakland CA 94610","Reserve 2 (50') NON-METERED parking space(s) in front of parcel only for dumpster, construction vehicle, moving van or storage pod. Post No-parking signs 72 hours prior in residential areas. No impact on traffic lane or sidewalk allowed, except as noted on TCP/X permit. NO-PARKING SIGNS SHALL PICKED UP BY APPLICANT AFTER PAYMENT TO ENFORCE PERMIT REQUIREMENT. To have illegally parked vehicle ticketed: Call 510-777-3333. Applicant arranges towing. Comply with terms set forth in CVC Section 22651 (m). For towed vehicle: Call 510-238-3021.FOR MOVING",,
"06/16/2026","Minor Engineer of Day Review","B2601728","(B) - Building Alteration - 3+ Residential Units or Commercial (Building)","2325 88TH AVE, Oakland CA 94605","At existing 4-plex with an ADU replace a 6-foot stringer in-kind.",,
"06/16/2026","In Review","X2600496","DOT - Excavation (X)","10107 PIPPIN ST, Oakland CA 94603","PM 35726372-PG&E to replace (2) joint poles, OH services, replace/install OH transformers, install messenger guy and secondary breakers.  Ensure that environmental controls are in place to prevent dust/debris/wastewater from contaminating environment. If working within 15 feet of a monument you must comply with State Law 8771, contact the Inspector prior to starting excavation: minimum $5,800.00 fine for non-compliance. Comply with all terms of City of Oakland Public Works Standards, Street Excavation Rules, Revised August 2021 and City Council Ordinance No. 13300 C.M.S. Five days’ prior notice required for work lasting five days or less in business/commercial districts: 72-hours’ notice in residential districts. Ten days prior notice required for work lasting six days or more in all districts. SCHEDULE INSPECTION at least 48 hours in advance at: http://oaklanddot.com/projects/search.html """,,
"06/16/2026","On Hold - Fee Due","B2601727","(B) - Building Alteration - 3+ Residential Units or Commercial (Building)","369 3RD ST, Oakland CA 94607","Tenant improvement at existing commercial building for P & W Bar to remodel the space and add a new kitchen and cocktail bar.  Separate MEP permits required.  ZC240528",,
"06/16/2026","Permit Issued","P2600782","(P) - Plumbing - 3+ Residential Units or commercial (Building)","1933 PERALTA ST, Oakland CA 94607","Plumbing for commercial building. Install eye wash (shower), deionized water system, washer, sinks, water service, water heater, floor drain and floor sinks.",,
"06/16/2026","Intake - Completed","X2600495","DOT - Excavation (X)","18 CORTEZ CT, Oakland CA 94611","PG&E PM:74060993 (74060993- 4 ) PGE to Re-insulate and retention conductor  002/020 37.82959365, -122.20204440 Start 10/26/26.  End 11/11/26.  Ensure that environmental controls are in place to prevent dust/debris/wastewater from contaminating environment. If working within 15 feet of a monument you must comply with State Law 8771, contact the Inspector prior to starting excavation: minimum $5,800.00 fine for non-compliance. Comply with all terms of City of Oakland Public Works Standards, Street Excavation Rules, Revised August 2021 and City Council Ordinance No. 13300 C.M.S. Five days’ prior notice required for work lasting five days or less in business/commercial districts: 72-hours’ notice in residential districts. Ten days prior notice required for work lasting six days or more in all districts. SCHEDULE INSPECTION at least 48 hours in advance at: http://oaklanddot.com/projects/search.html """,,
"06/16/2026","Plan Routing - Completed","B2601726","(B) - Building Alteration - 3+ Residential Units or Commercial (Building)","300 LAKESIDE DR, Oakland CA 94612","Replacement of existing exterior doors to match existing doors on site. Minor electrical and low voltage work to be associated with this scope. Existing exiting for the building to be maintained. Separate permits for electrical. DRX260638",,
"06/16/2026","Intake - Completed","X2600494","DOT - Excavation (X)","6012 BALBOA DR, Oakland CA 94611","PG&E PM74060993  (74060993-3) PGE to Re-insulate and retention conductor 002/01837.83191834,   -122.19805694 Start 10/26/26.  End 11/11/26.  Ensure that environmental controls are in place to prevent dust/debris/wastewater from contaminating environment. If working within 15 feet of a monument you must comply with State Law 8771, contact the Inspector prior to starting excavation: minimum $5,800.00 fine for non-compliance. Comply with all terms of City of Oakland Public Works Standards, Street Excavation Rules, Revised August 2021 and City Council Ordinance No. 13300 C.M.S. Five days’ prior notice required for work lasting five days or less in business/commercial districts: 72-hours’ notice in residential districts. Ten days prior notice required for work lasting six days or more in all districts. SCHEDULE INSPECTION at least 48 hours in advance at: http://oaklanddot.com/projects/search.html """,,
"06/16/2026","In Review","X2600493","DOT - Excavation (X)","5296 YGNACIO AVE, Oakland CA 94601","PG&E PM 35733571-PG&E to replace joint pole in same hole set and OH services.  Ensure that environmental controls are in place to prevent dust/debris/wastewater from contaminating environment. If working within 15 feet of a monument you must comply with State Law 8771, contact the Inspector prior to starting excavation: minimum $5,800.00 fine for non-compliance. Comply with all terms of City of Oakland Public Works Standards, Street Excavation Rules, Revised August 2021 and City Council Ordinance No. 13300 C.M.S. Five days’ prior notice required for work lasting five days or less in business/commercial districts: 72-hours’ notice in residential districts. Ten days prior notice required for work lasting six days or more in all districts. SCHEDULE INSPECTION at least 48 hours in advance at: http://oaklanddot.com/projects/search.html """,,
"06/16/2026","Intake - Completed","X2600492","DOT - Excavation (X)","7194 SAYRE DR, Oakland CA 94611","PG&E PM:74060993 (74060993- 2 ) PGE to Re-insulate and retention conductor.   002/016 Start 10/26/26.  End 11/11/26.  Ensure that environmental controls are in place to prevent dust/debris/wastewater from contaminating environment. If working within 15 feet of a monument you must comply with State Law 8771, contact the Inspector prior to starting excavation: minimum $5,800.00 fine for non-compliance. Comply with all terms of City of Oakland Public Works Standards, Street Excavation Rules, Revised August 2021 and City Council Ordinance No. 13300 C.M.S. Five days’ prior notice required for work lasting five days or less in business/commercial districts: 72-hours’ notice in residential districts. Ten days prior notice required for work lasting six days or more in all districts. SCHEDULE INSPECTION at least 48 hours in advance at: http://oaklanddot.com/projects/search.html """,,
"06/16/2026","Intake - Completed","X2600491","DOT - Excavation (X)","6808 GUNN DR, Oakland CA 94611","PG&E PM: 74060993   (74060993- 1) PGE to Re-insulate and retention conductor  002/015 37.83559255, -122.191156271 Start 10/26/26.  End 11/11/26.  Ensure that environmental controls are in place to prevent dust/debris/wastewater from contaminating environment. If working within 15 feet of a monument you must comply with State Law 8771, contact the Inspector prior to starting excavation: minimum $5,800.00 fine for non-compliance. Comply with all terms of City of Oakland Public Works Standards, Street Excavation Rules, Revised August 2021 and City Council Ordinance No. 13300 C.M.S. Five days’ prior notice required for work lasting five days or less in business/commercial districts: 72-hours’ notice in residential districts. Ten days prior notice required for work lasting six days or more in all districts. SCHEDULE INSPECTION at least 48 hours in advance at: http://oaklanddot.com/projects/search.html """,,
"06/16/2026","Intake - Completed","X2600490","DOT - Excavation (X)","7235 SAYRE DR, Oakland CA 94611","PG&E PM 74060993    (74060993-0) PGE  to reinsulate and retention conductor at structure 2/14 circuits #1 & #2 same location. 37.83406117, -122.19424864.  Ensure that environmental controls are in place to prevent dust/debris/wastewater from contaminating environment. If working within 15 feet of a monument you must comply with State Law 8771, contact the Inspector prior to starting excavation: minimum $5,800.00 fine for non-compliance. Comply with all terms of City of Oakland Public Works Standards, Street Excavation Rules, Revised August 2021 and City Council Ordinance No. 13300 C.M.S. Five days’ prior notice required for work lasting five days or less in business/commercial districts: 72-hours’ notice in residential districts. Ten days prior notice required for work lasting six days or more in all districts. SCHEDULE INSPECTION at least 48 hours in advance at: http://oaklanddot.com/projects/search.html """,,
"06/15/2026",,"26TMP-028839","(BW) - Building Worksheet (Building)","389 SOMERSET RD, Oakland CA 94611","Sister rot damaged deck joist. Repair loose guardrail post and install new connection hardware.",,
"06/15/2026","Complete","BW26001858","(BW) - Building Worksheet (Building)","5908 MONADNOCK WY, Oakland CA 94605 United States","Remodel Existing Bathroom, New Vanity Sink, Toilet. Re[place tub with Shower",,
"06/15/2026","Permit Issued","RM2600750","(RM) - Mechanical - 1 & 2 Unit Residential (Building)","481 49TH ST, Oakland CA","Replace furnace like for like same location 80% afue. Install new Heat Pump outside, back of home, 2 ton 17 SEER",,
"06/15/2026","Void","S2600051","(S) Sign Permit- New and Alterations","6356 BROADWAY TER, OAKLAND CA 94618","upgrade electrical panel from 100 amp to 400 amps to accomodate future loads",,
"06/15/2026","Pending - Incomplete","BW26001846","(BW) - Building Worksheet (Building)","369 PALM AVE, Oakland CA 94610","there are ares on couple floors that metal walkway railings posts have failed,  new 42 inch tall guard railings will be installed similar to existing. also will be adding additional height to some existing guard rails to make 42inch minimum",,
"06/15/2026","Void","CGS2601448","DOT - Curb Gutter Sidewalk Exemption Certificate","4191 MONTGOMERY ST, Oakland CA 94611",,,
"06/15/2026","Permit Issued","RP2600781","(RP) Plumbing - 1 & 2 Unit Residential (Building)","5030 CONGRESS AVE, Oakland CA 94601","Install new gas seismic shut off valve",,
"06/15/2026","Pending - Incomplete","BW26001859","(BW) - Building Worksheet (Building)","901 77TH AVE, Oakland CA 94621","Application for 916 76 Ave, a unit located within the industrial building located at 901 77th Ave.The scope of work is  to demolish unpermitted loft and legalize the replacement of the water heater and related electrical work.",,
"06/15/2026","In Review","X2600482","DOT - Excavation (X)","11355 ETTRICK ST, Oakland CA 94605","PM 35736449-PG&E to replace OH transformer for betterment.",,
"06/15/2026","Pending - Incomplete","BW26001851","(BW) - Building Worksheet (Building)","8378 BALDWIN ST, Oakland CA 94621","Application for interior work to create an opening in an existing partition wall, between unit F&G and create one unit.  scope of work will include the installation  of an extractor.  Total are for units F&G 3,644 SF",,
"06/15/2026","Permit Issued","RE2601470","(RE) - Electrical - 1 & 2 Unit Residential (Building)","3203 MONTEREY BLVD, Oakland CA 94602","Panel upgrade: 100amp to 200amp, no additional load",,
"06/15/2026","Complete","BW26001843","(BW) - Building Worksheet (Building)","8656 MACARTHUR BLVD, Oakland CA 94605","Soft story retrofit at parking garages with four cantilevered columns and grade beams",,
"06/15/2026",,"26TMP-028768","(RE) - Electrical - 1 & 2 Unit Residential (Building)","3248 BONA ST, Oakland CA 94601","Like-for-like electric panel replacement. Replacing a Zinsco panel with a new panel of the same amperage.",,
"06/15/2026","Permit Issued","E2601468","(E) - Electrical - 3+ Residential Units or Commercial (Building)","7525 MACARTHUR BLVD, Oakland CA 94605","Requesting temporary power pole for special activity event for this vacant lot.  Applying for special event permit to have an outdoor food truck and kitchen container for this event.",,
"06/15/2026","Permit Issued","RE2601466","(RE) - Electrical - 1 & 2 Unit Residential (Building)","9644 D ST, Oakland CA 94603","add breaker to 2 AC front house and back house",,
"06/15/2026","Complete","BW26001850","(BW) - Building Worksheet (Building)","3230 KNOWLAND AVE, Oakland CA 94619","interior and exterior painting.",,
"06/15/2026","Complete","BW26001844","(BW) - Building Worksheet (Building)","947 56TH ST, Oakland CA 94608","Legalization of existing residential alterations performed prior to current ownership, alongside corrective modifications and partial demolition to achieve current code compliance per NOV Case No. 2101124. Work includes:Shed Demolition: Complete demolition and removal of unpermitted attached rear shed structure.Deck Alteration & Legalization: Alteration and legalization of existing unpermitted rear deck addition to meet current code, including legalization of existing exterior deck lighting.Water Heater & Electrical Legalization: Legalization of (2) existing exterior gas tankless water heaters and existing electrical circuits/receptacles servicing the units.Corrective MEP Alterations: Installation of new gas supply lines from meter to existing water heaters, updating of associated water lines, and vertical relocation of existing heater units to comply with mechanical ventilation clearance requirements.Window Legalization: Legalization of existing in-kind window replacements (installed approx. 2013).",,
"06/15/2026","Permit Issued","P2600779","(P) - Plumbing - 3+ Residential Units or commercial (Building)","5152 FOOTHILL BLVD, Oakland CA 94601","Install New Toilet and Vanity and Sink and Faucet in Bathroom",,
"06/15/2026","Permit Issued","E2601464","(E) - Electrical - 3+ Residential Units or Commercial (Building)","5152 FOOTHILL BLVD, Oakland CA 94601","Install new GFIC circuits and Recessed L:ighting and Switches and Plugs in Both Kitchen and Bathroom",,
"06/15/2026","Permit Issued","SEA2600534","SolarApp+ (For roof mounted residential solar projects not exceeding 38.4kw total done with SolarApp+- contractor use)","987 GRACE AVE, Oakland CA 94608","INSTALL RESIDENTIAL ROOF MOUNTED SOLAR PV & BATTERY SYSTEM: 6.16 KW DC, 5.32 KW AC - (14) PANELS + (14) MICROINVERTERS + (1) BATTERY",,
"06/15/2026","Permit Issued","RM2600751","(RM) - Mechanical - 1 & 2 Unit Residential (Building)","2468 99TH AVE, Oakland CA 94605","Remove and Replace Furnace like for like same location (Basement)",,
"06/15/2026","Complete","BW26001840","(BW) - Building Worksheet (Building)","4201 MALCOLM AVE, Oakland CA 94605","REPLACING 4 EXISTING WINDOWS USING NAIL ON INSTALLATION. EXISTING WINDOWS ARE WOOD, PROPOSED NEW WINDOWS ARE WOOD CLAD WINDOWS BY MARVIN. REPLACEMENTS WILL NOT CHANGE OPENINGS.",,
"06/15/2026","Permit Issued","CGS2601449","DOT - Curb Gutter Sidewalk Standard Compliance Certificate","3826 LINCOLN AVE, Oakland CA 94602",,,
"06/15/2026","In Progress","TR-ND26-00062","(ND) - Non-Developmental Tree Permit (OPW)","4786 LINCOLN AVE, Oakland CA 94602","At the California Oakland Temple, they would like a Holly Oak removed since it is dropping too much debris into their air units.",,
"06/15/2026","Certificate Issued","R2600743","(R) - ReRoof Certificate (Building)","132 MARLOW DR, Oakland CA 94605","Removal of existing roofing materials and installation of new class-A roofing assembly.",,
"06/15/2026","Permit Issued","SEA2600538","SolarApp+ (For roof mounted residential solar projects not exceeding 38.4kw total done with SolarApp+- contractor use)","4356 BERMUDA AVE, Oakland CA 94619","To install 4.10 kW roof mounted solar array with a tesla PW3",,
"06/15/2026","Completed Cert Received","R2600741","(R) - ReRoof Certificate (Building)","8 WINDWARD HL, Oakland CA 94618","Removal of existing roofing materials and installation of new class-A roofing assembly.",,
"06/15/2026","Permit Issued","P2600780","(P) - Plumbing - 3+ Residential Units or commercial (Building)","941 APGAR ST, Oakland CA 94608","altrate a gas line",,
"06/15/2026","Inspections - In Progress","SL2601149","(SL) - Sewer Lateral (OPW)","1100 GLENCOURT DR, Oakland CA 94611","Sewer repair PSL",,
"06/15/2026","Permit Issued","SE2600536","Solar Permit (For commercial projects, residential projects not eligible for SolarApp+, or owner/builder or contractor use)","2966 EL MONTE AVE, Oakland CA 94605","5.4 KW DC (12) Panels Roof Mount PV system with (1) ESS",,
"06/15/2026","Permit Issued","RE2601473","(RE) - Electrical - 1 & 2 Unit Residential (Building)","618 BOULEVARD WY, Oakland CA 94610","upgrading and relocating 50 AMP main panel to 200 AMP main panel",,
"06/15/2026","Permit Issued","RM2600752","(RM) - Mechanical - 1 & 2 Unit Residential (Building)","9644 D ST, Oakland CA 94603","Add A/C to front house and back house",,
"06/15/2026","Void","BW26001857","(BW) - Building Worksheet (Building)","2667 PARKER AVE, Oakland CA 94605","1. Extend existing kitchen 2. New Kitchen remodel 3. New ADU addition   1bedroom 1 bathroom, kitchen & living room",,
"06/15/2026","Pending - Incomplete","BW26001856","(BW) - Building Worksheet (Building)","2667 PARKER AVE, Oakland CA 94605","1. Extend existing kitchen 2. New Kitchen remodel 3. New ADU addition   1bedroom 1 bathroom, kitchen & living room",,
"06/15/2026",,"26TMP-028867","DOT - Curb Gutter Sidewalk Provisional Certificate","350 PERKINS ST, Oakland CA 94610",,,
"06/15/2026","Pending - Incomplete","BW26001839","(BW) - Building Worksheet (Building)","169 SANTA ROSA AVE, Oakland CA 94610","Transfer Permit to our Company. B2202905",,
"06/15/2026","Completed Cert Received","R2600744","(R) - ReRoof Certificate (Building)","9651 D ST, Oakland CA 94603","TEAR OFF OLD SHINGLE SYSTEM AND REINSTALL NEW TITLE 24 COOL ROOF SHINGLES ON HOMES ROOF.",,
"06/15/2026","Permit Issued","SEA2600535","SolarApp+ (For roof mounted residential solar projects not exceeding 38.4kw total done with SolarApp+- contractor use)","3867 BROWN AVE, Oakland CA 94619","4.95 KW DC (11) Panels Roof Mount PV system with (1) ESS",,
"06/15/2026","Permit Issued","RE2601472","(RE) - Electrical - 1 & 2 Unit Residential (Building)","10168 FOOTHILL BLVD, Oakland CA 94605","Installation of level 2 EV charger.",,
"06/15/2026","Complete","BW26001842","(BW) - Building Worksheet (Building)","5915 SAN PABLO AVE, Oakland CA 94608","Replace 16 windows and sliding door",,
"06/15/2026","Complete","BW26001852","(BW) - Building Worksheet (Building)","6915 CHAMBERS DR, Oakland CA 94611","Building Plan Check Revision-RE2600688",,
"06/15/2026",,"26TMP-028796","(BW) - Building Worksheet (Building)","3033 MONTEREY BLVD, Oakland CA 94608","To continue the existing permit RBC1901632",,
"06/15/2026","Permit Issued","RE2601475","(RE) - Electrical - 1 & 2 Unit Residential (Building)","417 MODOC AVE, Oakland CA 94618","200amp service upgrade and installation of 200 amp sub panel in garage. knob and tube removal using the fishing method",,
"06/15/2026","Pending - Incomplete","BW26001853","(BW) - Building Worksheet (Building)","9769 GOLF LINKS RD, Oakland CA 94605","oakland zoo - gondola repair shed:above existing concrete slab on grade construct a steel structure with raised working platform and partial enclosure to improve existing gondola maintenance work area",,
"06/15/2026","Void","BW26001845","(BW) - Building Worksheet (Building)","2064 ASILOMAR DR, Oakland CA 94611","Roof-mount PV 8.28kW DC and ESS 10kWh AC. Added 2 modules and micro inverters, changedmounting, new SolarApp permit pulled.",,
"06/15/2026","Permit Issued","RE2601474","(RE) - Electrical - 1 & 2 Unit Residential (Building)","2715 RAWSON ST, Oakland CA 94619","Installation of a Level 2 EV Charger",,
"06/15/2026","Permit Issued","RE2601471","(RE) - Electrical - 1 & 2 Unit Residential (Building)","5345 ESTATES DR, Oakland CA 94618","Replace existing 150A Zinsco electrical service panel with a new 150A main breaker load center.",,
"06/15/2026","Inspections - In Progress","SL2601150","(SL) - Sewer Lateral (OPW)","4300 TOMPKINS AVE, Oakland CA 94619","Repair/replace building sewer ON PROPERTY ONLY. SL & X required beyond PL. Overflow device may be needed. If working within 25' feet of a monument you must comply with State Law 8771, contact the Inspector prior to starting excavation: minimum $5,800.00 fine for non-compliance. USA # and date must be provided in order to have a permit issued. Permit valid for 90 days. If the work is to be performed on a designated “Creekside Property” the work will require a “Creek Protection Permit”. If the property is not currently flagged in Accela as a “Creekside Property” but work will be performed within 100’ of a creek channel, a “Creek Determination” should be conducted to determine if the work is subject to the Creek Protection Ordinance.  Call PWA INSPECTION prior to start: 510-238-3651 or email PWA_inspections@oaklandca.gov USA # 2026010808383-000",,
"06/15/2026","Permit Issued","SEA2600537","SolarApp+ (For roof mounted residential solar projects not exceeding 38.4kw total done with SolarApp+- contractor use)","101 CHADBOURNE WY, Oakland CA 94619","Roof Mount PV system with Storage",,
"06/15/2026","Permit Issued","CGS2601447","DOT - Curb Gutter Sidewalk Standard Compliance Certificate","5710 MARGARIDO DR, Oakland CA 94618",,,
"06/15/2026","Completed Cert Received","R2600745","(R) - ReRoof Certificate (Building)","1050 102ND AVE, Oakland CA 94603","TEAR OFF AND REINSTALL COMPOSITION SHINGLE SYSTEM IN HOMES ROOF.",,
"06/15/2026","Permit Issued","RBC2601718","(RBC) - Building Residential Combo Alteration- 1 & 2 Unit Residential (Building)","15 AGNES ST, Oakland CA 94618","Replace 8 retrofit windows and 1 retrofit slidng door. Same size and location, no MEP.",,
"06/15/2026","Permit Issued","CGS2601446","DOT - Curb Gutter Sidewalk Standard Compliance Certificate","5501 THOMAS AVE, Oakland CA 94618",,,
"06/15/2026","Permit Issued","E2601461","(E) - Electrical - 3+ Residential Units or Commercial (Building)","1467 83RD AVE, Oakland CA 94621","County has primary address as 1467 83rd ave however issue is in rear of property at 8219 holly street. Meter reset permit is needed.",,
"06/15/2026","Inspections - In Progress","SL2601154","(SL) - Sewer Lateral (OPW)","1137 76TH AVE, Oakland CA 94621","Repair/replace building sewer ON PROPERTY ONLY. SL & X required beyond PL. Overflow device may be needed. If working within 25' feet of a monument you must comply with State Law 8771, contact the Inspector prior to starting excavation: minimum $5,800.00 fine for non-compliance. USA # and date must be provided in order to have a permit issued. Permit valid for 90 days. If the work is to be performed on a designated “Creekside Property” the work will require a “Creek Protection Permit”. If the property is not currently flagged in Accela as a “Creekside Property” but work will be performed within 100’ of a creek channel, a “Creek Determination” should be conducted to determine if the work is subject to the Creek Protection Ordinance.  Call PWA INSPECTION prior to start: 510-238-3651 or email PWA_inspections@oaklandca.gov",,
"06/15/2026","Completed Cert Received","R2600740","(R) - ReRoof Certificate (Building)","3414 65TH AVE, Oakland CA 94605","Replace all underlayment,  metal flashings and shingles with new materials. No new sheathing",,
"06/15/2026","Permit Issued","CGS2601450","DOT - Curb Gutter Sidewalk Standard Compliance Certificate","5915 SAN PABLO AVE, Oakland CA 94608",,,
"06/15/2026","Inspections - In Progress","SL2601152","(SL) - Sewer Lateral (OPW)","1024 25TH AVE, Oakland CA 94601","Repair/replace sewer lateral and EXCAVATE in PUBLIC RIGHT-OF-WAY. Overflow device may be needed.  If working within 25' feet of a monument you must comply with State Law 8771, contact the Inspector prior to starting excavation: minimum $5,800.00 fine for non-compliance. Comply with all terms of City of Oakland Public Works Standards, Street Excavation Rules, Revised March 2015 and City Council Ordinance No. 13300 C.M.S. Five days prior notice required for work lasting five days or less in business/commercial districts; 72 hour notice in residential districts. Ten days prior notice required for work lasting six days or more in all districts. USA # and date must be provided in order to have a permit issued. Permit valid 90 days. If the work is to be performed on a designated “Creekside Property” the work will require a “Creek Protection Permit”. If the property is not currently flagged in Accela as a “Creekside Property” but work will be performed within 100’ of a creek channel, a “Creek Determination” should be conducted to determine if the work is subject to the Creek Protection Ordinance.  Call PWA INSPECTION prior to start: 510-238-3651 or email PWA_inspections@oaklandca.gov.",,
"06/15/2026","Pending - Incomplete","BW26001854","(BW) - Building Worksheet (Building)","901 77TH AVE, Oakland CA 94621","Application to demolish existing loft, legalize replacement of water heater and associated electrical work.Work to abate CEC #2506112",,
"06/15/2026","Pending-Document Uploaded","R2600742","(R) - ReRoof Certificate (Building)","5152 FOOTHILL BLVD, Oakland CA 94601","REMOVE FLAT ROOF MEMBRANE AND REPLACE WITH NEW TORCH DOWN MEMBRANE LAYER",,
"06/15/2026","Certificate Issued","R2600746","(R) - ReRoof Certificate (Building)","2080 HARRINGTON AVE, Oakland CA 94601","1,600sq-ft of Roof overlay-new synthetic underlayment,30-year shingles, new roof flashings, new attic ventilations and new metals.",,
"06/15/2026","Permit Issued","CGS2601451","DOT - Curb Gutter Sidewalk Provisional Certificate","350 PERKINS ST, Oakland CA 94610",,,
"06/15/2026","Complete","BW26001847","(BW) - Building Worksheet (Building)","5378 BROADWAY, Oakland CA 94618","Revision to Project RBC2600324",,
"06/15/2026","Incomplete Submittal","S2600052","(S) Sign Permit- New and Alterations","1991 MOUNTAIN BLVD, Oakland CA 94611","install signs for CVS",,
"06/15/2026","Permit Issued","RE2601462","(RE) - Electrical - 1 & 2 Unit Residential (Building)","2365 WILBUR ST, Oakland CA 94602","Replacing existing 90 amp rated and 60 amp rated with two 100 amp rated meter panels.",,
"06/15/2026","Intake-On Hold","RBC2601725","(RBC) - Building Residential Combo Alteration- 1 & 2 Unit Residential (Building)","3231 WISCONSIN ST, Oakland CA 94602","Bathroom and kitchen remodel convert walking closet into master full bathroom 45SQF . Replace  2 windows like for like no wall changes, replace a french door to patio, replace 100AMP main electrical service , add a sub panel , paint outside.",,
"06/15/2026","Inspections - In Progress","SL2601155","(SL) - Sewer Lateral (OPW)","5339 LAWTON AVE, Oakland CA 94618","Repair/replace sewer lateral and EXCAVATE in PUBLIC RIGHT-OF-WAY. Overflow device may be needed.  If working within 25' feet of a monument you must comply with State Law 8771, contact the Inspector prior to starting excavation: minimum $5,800.00 fine for non-compliance. Comply with all terms of City of Oakland Public Works Standards, Street Excavation Rules, Revised March 2015 and City Council Ordinance No. 13300 C.M.S. Five days prior notice required for work lasting five days or less in business/commercial districts; 72 hour notice in residential districts. Ten days prior notice required for work lasting six days or more in all districts. USA # and date must be provided in order to have a permit issued. Permit valid 90 days. If the work is to be performed on a designated “Creekside Property” the work will require a “Creek Protection Permit”. If the property is not currently flagged in Accela as a “Creekside Property” but work will be performed within 100’ of a creek channel, a “Creek Determination” should be conducted to determine if the work is subject to the Creek Protection Ordinance.  Call PWA INSPECTION prior to start: 510-238-3651 or email PWA_inspections@oaklandca.gov.",,
"06/15/2026","Inspections - In Progress","SL2601153","(SL) - Sewer Lateral (OPW)","2920 76TH AVE, Oakland CA 94605","Repair/replace building sewer ON PROPERTY ONLY. SL & X required beyond PL. Overflow device may be needed. If working within 25' feet of a monument you must comply with State Law 8771, contact the Inspector prior to starting excavation: minimum $5,800.00 fine for non-compliance. USA # and date must be provided in order to have a permit issued. Permit valid for 90 days. If the work is to be performed on a designated “Creekside Property” the work will require a “Creek Protection Permit”. If the property is not currently flagged in Accela as a “Creekside Property” but work will be performed within 100’ of a creek channel, a “Creek Determination” should be conducted to determine if the work is subject to the Creek Protection Ordinance.",,
"06/15/2026","Intake-On Hold","RBC2601707","(RBC) - Building Residential Combo Alteration- 1 & 2 Unit Residential (Building)","1950 103RD AVE, Oakland CA 94603","To Replace expired permit RBC2401859. To Complete Permits RB0902593 remodel kitchen/bath to abate 0904579 and RB1303377 comply with complaint #1304355; remove unapproved roof at right side of building. Repair and restore the front porch to it's ""1998"" design; Remove detached patio lower at rear left, reduce shed at rear left to 120 sq ft. and remove electrical, remove overhang on right side of house, install handrail for front porch, correct stair rise for porch on right side. - Install smoke and CO detectors",,
"06/15/2026","Created","RE2601477","(RE) - Electrical - 1 & 2 Unit Residential (Building)","3001 RAWSON ST, Oakland CA 94619","replacing 100amp zinco sub panel to a 200 amp semions sub panel",,
"06/15/2026","Final","RE2601476","(RE) - Electrical - 1 & 2 Unit Residential (Building)","122 BUCKEYE AVE, Oakland CA 94618","Install 15amp 240v heat pump water hearer disconnect.",,
"06/15/2026","Complete","BW26001855","(BW) - Building Worksheet (Building)","5540 ASCOT DR, Oakland CA 94611","Bathroom Remodel. Keeping existing tub, tiling shower stall, new double sink vanity.",,
"06/15/2026","Final","RM2600754","(RM) - Mechanical - 1 & 2 Unit Residential (Building)","933 56TH ST, Oakland CA 94608","Install new heat pump, replace furnace with air handler in same location, install single head minisplit",,
"06/15/2026","Intake-On Hold","RBC2601724","(RBC) - Building Residential Combo Alteration- 1 & 2 Unit Residential (Building)","5872 OCEAN VIEW DR, Oakland CA 94618","Replace existing deteriorating concrete stair, walkway and garage retaining wall. Concrete finish on porch to be replaced with brick to match house pilasters in single family dwelling. DRX260576.",,
"06/15/2026","On Hold","RBC2601723","(RBC) - Building Residential Combo Alteration- 1 & 2 Unit Residential (Building)","6400 HEATHER RIDGE WY, Oakland CA 94611","At existing single-family dwelling: Foundation replacement underpinning and grade beam. No related MEP's.",,
"06/15/2026","On Hold","B2601722","(B) - Building Alteration - 3+ Residential Units or Commercial (Building)","534 23RD AVE, Oakland CA 94606","Repair a wood truss chord damaged by a forklift at existing warehouse.",,
"06/15/2026","On Hold","RBC2601721","(RBC) - Building Residential Combo Alteration- 1 & 2 Unit Residential (Building)","784 65TH ST, Oakland CA 94609","At a 2-floor story existing single-family dwelling: Foundation repair per plans.",,
"06/15/2026","Routing - Completed","RBC2601720","(RBC) - Building Residential Combo Alteration- 1 & 2 Unit Residential (Building)","32 EVIREL PL, Oakland CA 94611","At rear left side of existing SFD demolish detached garage and rebuild new garage with 112sf expansion for a new 396sf garage.  New garage will have new slab, skylights, windows, and ceramic tile gable roof.  New footing at main house and slab at crawlspace near garage.  New stairs and paths at front of house.  Includes all related electrical.  Includes lead-based paint abatement. DRX251704",,
"06/15/2026","Permit Issued","RBC2601719","(RBC) - Building Residential Combo Alteration- 1 & 2 Unit Residential (Building)","11058 ROBLEDO DR, Oakland CA 94603","Seismic strengthening of underfloor area to reduce risk of damage per Plan Set A. Permit shall be finaled within 1 year per Oakland Ord. 12812CMS",,
"06/15/2026","Permit Expired","OB2600729","Obstruction","3705 MAYBELLE AVE, Oakland CA 94619","PG&E PM35711074: Replace joint poles set in same hole in Loc. 1, 3 , tx's, transfer streetlight & associated equipment.Reserve 20 (500') NON-METERED parking space(s) in front of parcel only for dumpster, construction vehicle, moving van or storage pod. Post No-parking signs 72 hours prior in residential areas. No impact on traffic lane or sidewalk allowed, except as noted on TCP/X permit. NO-PARKING SIGNS SHALL PICKED UP BY APPLICANT AFTER PAYMENT TO ENFORCE PERMIT REQUIREMENT. To have illegally parked vehicle ticketed: Call 510-777-3333. Applicant arranges towing. Comply with terms set forth in CVC Section 22651 (m). For towed vehicle: Call 510-238-3021.Block 6'x10' portion of s/w. Leave 5.5’ clear for pedestrian access, except as otherwise noted on TCP/X permit. Ensure that environmental controls are in place to prevent dust/debris/waste water from contaminating environment.",,
"06/15/2026","Intake - On Hold","X2600489","DOT - Excavation (X)","50 8TH ST, OAKLAND CA 94607","Cahill Construction PM 50  8th St; Related Permit: PX2400015; Trenching for we utilities - 2 DW lines + FW line.  Trenching 15' x 6' x 7'.  Ensure that environmental controls are in place to prevent dust/debris/wastewater from contaminating environment. If working within 15 feet of a monument you must comply with State Law 8771, contact the Inspector prior to starting excavation: minimum $5,800.00 fine for non-compliance. Comply with all terms of City of Oakland Public Works Standards, Street Excavation Rules, Revised August 2021 and City Council Ordinance No. 13300 C.M.S. Five days’ prior notice required for work lasting five days or less in business/commercial districts: 72-hours’ notice in residential districts. Ten days prior notice required for work lasting six days or more in all districts. SCHEDULE INSPECTION at least 48 hours in advance at: http://oaklanddot.com/projects/search.html """,,
"06/15/2026","In Review","X2600488","DOT - Excavation (X)","2447 SCOUT RD, Oakland CA 94611","PG&E PM 35720127-PG&E to install OH transformer and secondary breakers.  Utility Excavation Ensure that environmental controls are in place to prevent dust/debris/wastewater from contaminating environment. If working within 15 feet of a monument you must comply with State Law 8771, contact the Inspector prior to starting excavation: minimum $5,800.00 fine for non-compliance. Comply with all terms of City of Oakland Public Works Standards, Street Excavation Rules, Revised August 2021 and City Council Ordinance No. 13300 C.M.S. Five days’ prior notice required for work lasting five days or less in business/commercial districts: 72-hours’ notice in residential districts. Ten days prior notice required for work lasting six days or more in all districts. SCHEDULE INSPECTION at least 48 hours in advance at: http://oaklanddot.com/projects/search.html """,,
"06/15/2026","Inspections - In Progress","SL2601151","(SL) - Sewer Lateral (OPW)","3831 35TH AVE, Oakland CA 94619","Repair/replace sl and EXCAVATE . Overflow device may be needed. If working within 15' feet of a monument you must comply with State Law 8771, contact the Inspector prior to starting excavation: minimum $5,800.00 fine for non-compliance. Comply with all terms of City of Oakland Public Works Standards, Street Excavation Rules, Revised March 2015 and City Council Ordinance No. 13300 C.M.S. Five days prior notice required for work lasting five days or less in business/commercial districts; 72 hour notice in residential districts. Ten days prior notice required for work lasting six days or more in all districts. USA # and date must be provided in order to have a permit issued. Permit valid 180 days. If the work is to be performed on a designated “Creekside Property” the work will require a “Creek Protection Permit”. If the property is not currently flagged in Accela as a “Creekside Property” but work will be performed within 100’ of a creek channel, a “Creek Determination” should be conducted to determine if the work is subject to the Creek Protection Ordinance. Permit valid 180 days. PRIOR TO START, please schedule your inspection via the contractor's mobile app: https://citygovapp.com/app/opwirprod.htm USA#",,
"06/15/2026","Permit Issued","RBC2601717","(RBC) - Building Residential Combo Alteration- 1 & 2 Unit Residential (Building)","5511 THOMAS AVE, Oakland CA 94618","At existing single-family dwelling to replace 9 retrofit windows. No change to header size or layout. No related MEP's. DRX260801.",,
"06/15/2026","Minor Engineer of Day Review","RBC2601716","(RBC) - Building Residential Combo Alteration- 1 & 2 Unit Residential (Building)","2939 57TH AVE, Oakland CA 94605","At single-family dwelling: Interior plaster wall removal, adding insulation, and installing dry wall on interior walls in the living room, dining room, two bedrooms, two closets, and laundry room. Project to include converting existing closet into a half-bathroom. No wall layout changes or windows. To include related plumbing. Related electrical covered under separate permit.",,
"06/15/2026","Permit Issued","RE2601469","(RE) - Electrical - 1 & 2 Unit Residential (Building)","3651 MAPLE AVE, Oakland CA 94602","At unit addressed 2966 Florida St: replace knob and tube wiring",,
"06/15/2026","In Review","X2600487","DOT - Excavation (X)","15 SOMERSET RD, Oakland CA 94611","PG&E PM 35718826-PG&E to replace joint pole in same hole set, OH transformer, OH services, riser, install OH messenger and down guy. Ensure that environmental controls are in place to prevent dust/debris/wastewater from contaminating environment. If working within 15 feet of a monument you must comply with State Law 8771, contact the Inspector prior to starting excavation: minimum $5,800.00 fine for non-compliance. Comply with all terms of City of Oakland Public Works Standards, Street Excavation Rules, Revised August 2021 and City Council Ordinance No. 13300 C.M.S. Five days’ prior notice required for work lasting five days or less in business/commercial districts: 72-hours’ notice in residential districts. Ten days prior notice required for work lasting six days or more in all districts. SCHEDULE INSPECTION at least 48 hours in advance at: http://oaklanddot.com/projects/search.html """,,
"06/15/2026","In Review","X2600486","DOT - Excavation (X)","2111 TUNNEL RD, Oakland CA 94611","Cablecom PM JB2633984 - PMR. This project proposes to replace an existing CATV vault with a new CATV vault along Tunnel Rd. Ensure that environmental controls are in place to prevent dust/debris/wastewater from contaminating environment. If working within 15 feet of a monument you must comply with State Law 8771, contact the Inspector prior to starting excavation: minimum $5,800.00 fine for non-compliance. Comply with all terms of City of Oakland Public Works Standards, Street Excavation Rules, Revised August 2021 and City Council Ordinance No. 13300 C.M.S. Five days’ prior notice required for work lasting five days or less in business/commercial districts: 72-hours’ notice in residential districts. Ten days prior notice required for work lasting six days or more in all districts. SCHEDULE INSPECTION at least 48 hours in advance at: http://oaklanddot.com/projects/search.html """,,
"06/15/2026","Payment Received","CGS2601445","DOT - Curb Gutter Sidewalk Standard Compliance Certificate","835 LISBON AVE, Oakland CA 94601",,,
"06/15/2026","Created","X2600485","DOT - Excavation (X)","1102 GRANDVIEW DR, Oakland CA 94603","Repair/replace water line and EXCAVATE in PUBLIC RIGHT-OF-WAY. Overflow device may be needed. If working within 15' feet of a monument you must comply with State Law 8771, contact the Inspector prior to starting excavation: minimum $5,800.00 fine for non-compliance. Comply with all terms of City of Oakland Public Works Standards, Street Excavation Rules, Revised March 2015 and City Council Ordinance No. 13300 C.M.S. Five days prior notice required for work lasting five days or less in business/commercial districts; 72 hour notice in residential districts. Ten days prior notice required for work lasting six days or more in all districts. USA # and date must be provided in order to have a permit issued. Permit valid 180 days. If the work is to be performed on a designated “Creekside Property” the work will require a “Creek Protection Permit”. If the property is not currently flagged in Accela as a “Creekside Property” but work will be performed within 100’ of a creek channel, a “Creek Determination” should be conducted to determine if the work is subject to the Creek Protection Ordinance. Permit valid 180 days. PRIOR TO START, please schedule your inspection via the contractor's mobile app: https://citygovapp.com/app/opwirprod.htm USA#",,
"06/15/2026","Final","LBP2600105","(LBP) - Lead Based Paint (Building)","112 ROSS CIR, Oakland CA 94618","Prepare and paint entire exterior of 2,690sqft house.",,
"06/15/2026","Review - Completed","M2600753","(M) - Mechanical - 3+ Residential Units or Commercial (Building)","2438 35TH AVE, Oakland CA 94601","Requesting Mechanical plan check for B2600878 - 2438 35th Ave.",,
"06/15/2026","Pending - Incomplete","BW26001849","(BW) - Building Worksheet (Building)","1028 85TH AVE, Oakland CA 94621","To legalize a detached storage built in 2014  10'X20' equal to 200' Square feet.In rear detached garage, legalize storage of 200sf behind the garage. No related MEP's. ZW2601329. To partially abate code enforcement No 2602035.",,
"06/15/2026","Intake - Completed","X2600484","DOT - Excavation (X)","1300 CLAY ST, Oakland CA 94612","Bess PM 1300 Clay St: We Bess Testlab, Inc has been subcontracted by VST Engineering for our potholing services. We will be potholing to identify underground utilities for engineering & design purposes.  Ensure that environmental controls are in place to prevent dust/debris/wastewater from contaminating environment. If working within 15 feet of a monument you must comply with State Law 8771, contact the Inspector prior to starting excavation: minimum $5,800.00 fine for non-compliance. Comply with all terms of City of Oakland Public Works Standards, Street Excavation Rules, Revised August 2021 and City Council Ordinance No. 13300 C.M.S. Five days’ prior notice required for work lasting five days or less in business/commercial districts: 72-hours’ notice in residential districts. Ten days prior notice required for work lasting six days or more in all districts. SCHEDULE INSPECTION at least 48 hours in advance at: http://oaklanddot.com/projects/search.html """,,
"06/15/2026","In Review","X2600483","DOT - Excavation (X)","3555 BUTTERS DR, Oakland CA 94602","PG&E PM 35701551-PG&E to replace OH secondary, OH service and install anchor.  PG&E to trim/remove vegetation.  Ensure that environmental controls are in place to prevent dust/debris/wastewater from contaminating environment. If working within 15 feet of a monument you must comply with State Law 8771, contact the Inspector prior to starting excavation: minimum $5,800.00 fine for non-compliance. Comply with all terms of City of Oakland Public Works Standards, Street Excavation Rules, Revised August 2021 and City Council Ordinance No. 13300 C.M.S. Five days’ prior notice required for work lasting five days or less in business/commercial districts: 72-hours’ notice in residential districts. Ten days prior notice required for work lasting six days or more in all districts. SCHEDULE INSPECTION at least 48 hours in advance at: http://oaklanddot.com/projects/search.html """,,
"06/15/2026","Permit Issued","RE2601467","(RE) - Electrical - 1 & 2 Unit Residential (Building)","5816 ADELINE ST, Oakland CA 94608","Upgrade existing MSP to 400A MSP in same location. Includes additional meter.",,
"06/15/2026","Permit Issued","OB2600728","Obstruction","1401 JACKSON ST, Oakland CA","Reserve 2 METERED parking space(s) in front of parcel only for dumpster, construction vehicle, moving van or storage pod. No impact on traffic lane or sidewalk allowed, except as noted except as noted on TCP/X permit. NO-PARKING SIGNS SHALL PICKED UP BY APPLICANT AFTER PAYMENT TO ENFORCE PERMIT REQUIREMENT. To have illegally parked vehicle ticketed: Call 510-777-3333. Applicant arranges towing. Comply with terms set forth in CVC Section 22651 (m). For towed vehicle: Call 510-238-3021. For",,
"06/15/2026","Permit Issued","OB2600727","Obstruction","1401 JACKSON ST, Oakland CA","Reserve 2 METERED parking space(s) in front of parcel only for dumpster, construction vehicle, moving van or storage pod. No impact on traffic lane or sidewalk allowed, except as noted except as noted on TCP/X permit. NO-PARKING SIGNS SHALL PICKED UP BY APPLICANT AFTER PAYMENT TO ENFORCE PERMIT REQUIREMENT. To have illegally parked vehicle ticketed: Call 510-777-3333. Applicant arranges towing. Comply with terms set forth in CVC Section 22651 (m). For towed vehicle: Call 510-238-3021. For",,
"06/15/2026","Pending - Incomplete","BW26001848","(BW) - Building Worksheet (Building)","1028 85TH AVE, Oakland CA 94621","To legalize an existing detached ADU of 400' Square feet located in the back yard.In rear detached garage conversion, legalize Jr ADU of 400sf, 2 bedrooms, 1 bathroom. All related mechanical, electrical, plumbing included. New address to be 1026 85th Ave. To partially abate code enforcement #2602035.",,
"06/15/2026","Plan Review In Progress","RBC2601715","(RBC) - Building Residential Combo Alteration- 1 & 2 Unit Residential (Building)","6983 ELVERTON DR, Oakland CA 94611","At rear of existing SFD main level remove and replace 354sf deck in the same location and size.  No interior work.  No MEP. DRX260275",,
"06/15/2026","Permit Issued","CGS2601444","DOT - Curb Gutter Sidewalk Provisional Certificate","2229 88TH AVE, Oakland CA 94605",,,
"06/15/2026","Permit Expired","OB2600726","Obstruction","3801 M L KING JR WY, Oakland CA 94609","Reserve60 NON-METERED parking space(s) in front of parcel only for dumpster, construction vehicle, moving van or storage pod. Post No-parking signs 72 hours prior in residential areas. No impact on traffic lane or sidewalk allowed, except as noted on TCP/X permit. NO-PARKING SIGNS SHALL PICKED UP BY APPLICANT AFTER PAYMENT TO ENFORCE PERMIT REQUIREMENT. To Have Illegally Parked Vehicle Ticketed Call 510-238-3099 (Mon-Fri, 8am-5pm) or 510-777-3333 (all other times). Applicant arranges towing. Comply with terms set forth in CVC Section 22651 (m). For Towed Vehicle: Call 510-261-8199. City of Oakland | Towed Vehicles (oaklandca.gov)Block 5'x3' portion of s/w. Leave 5.5’ clear for pedestrian access, except as otherwise noted on TCP/X permit. Ensure that environmental controls are in place to prevent dust/debris/waste water from contaminating environment.",,
"06/15/2026","Permit Issued","RBC2601714","(RBC) - Building Residential Combo Alteration- 1 & 2 Unit Residential (Building)","21 MARGUERITE DR, Oakland CA 94618","At existing single-family dwelling: Stucco repair of 1,000sqft in kind at rear back side of the building. No related MEP's. ZW2601362.",,
"06/15/2026","Permit Expired","OB2600725","Obstruction","1807 TELEGRAPH AVE, Oakland CA 94606","Reserve 4 METERED parking space(s) in front of parcel only for dumpster, construction vehicle, moving van or storage pod. No impact on traffic lane or sidewalk allowed, except as noted except as noted on TCP/X permit. NO-PARKING SIGNS SHALL PICKED UP BY APPLICANT AFTER PAYMENT TO ENFORCE PERMIT REQUIREMENT. To have illegally parked vehicle ticketed: Call 510-777-3333. Applicant arranges towing. Comply with terms set forth in CVC Section 22651 (m). For towed vehicle: Call 510-238-3021.For Semi truck & tour bus parkingOBSTRUCTIONS @ 530 19th ST.",,
"06/15/2026","Routing - Completed","RBC2601713","(RBC) - Building Residential Combo Alteration- 1 & 2 Unit Residential (Building)","4617 SHATTUCK AVE, Oakland CA 94609","Seismic strengthening of underfloor area to reduce risk of damage per Engineered Plan. Permit shall be final within 1 year per Oakland Ord. 12812CMS. To include replacement of approximately 240 lineal feet of existing brick foundation.",,
"06/15/2026","Permit Issued","CGS2601443","DOT - Curb Gutter Sidewalk Standard Compliance Certificate","4801 ALLENDALE AVE, Oakland CA 94619",,,
"06/15/2026","Permit Expired","OB2600724","Obstruction","3801 M L KING JR WY, Oakland CA 94609","Reserve 2 (50') NON-METERED parking space(s) in front of parcel only for dumpster, construction vehicle, moving van or storage pod. Post No-parking signs 72 hours prior in residential areas. No impact on traffic lane or sidewalk allowed, except as noted on TCP/X permit. NO-PARKING SIGNS SHALL PICKED UP BY APPLICANT AFTER PAYMENT TO ENFORCE PERMIT REQUIREMENT. To have illegally parked vehicle ticketed: Call 510-777-3333. Applicant arranges towing. Comply with terms set forth in CVC Section 22651 (m). For towed vehicle: Call 510-238-3021.Block 5'x3' portion of s/w. Leave 5.5’ clear for pedestrian access, except as otherwise noted on TCP/X permit. Ensure that environmental controls are in place to prevent dust/debris/waste water from contaminating environment.Comply with all terms, conditions and restrictions stated in the Traffic Control Plan. Any/all changes need prior written approval. Provide original Traffic Control Plan at each renewal.06/15/2026: TCP GOOD FOR 06/15-06/26/2026, 8AM-5PM, PER T.CHUNG",,
"06/15/2026","Permit Expired","OB2600723","Obstruction","82 MONTELL ST, Oakland CA 94611","Reserve 2 (50') NON-METERED parking space(s) in front of parcel only for dumpster, construction vehicle, moving van or storage pod. Post No-parking signs 72 hours prior in residential areas. No impact on traffic lane or sidewalk allowed, except as noted on TCP/X permit. NO-PARKING SIGNS SHALL PICKED UP BY APPLICANT AFTER PAYMENT TO ENFORCE PERMIT REQUIREMENT. To have illegally parked vehicle ticketed: Call 510-777-3333. Applicant arranges towing. Comply with terms set forth in CVC Section 22651 (m). For towed vehicle: Call 510-238-3021.",,
"06/15/2026","Permit Issued","E2601465","(E) - Electrical - 3+ Residential Units or Commercial (Building)","2578 FRUITVALE AVE, Oakland CA 94601","Replace subpanel",,
"06/15/2026","Under Review","CGS2601442","DOT - Curb Gutter Sidewalk Exemption Certificate","2 MALL CT, Oakland CA 94611",,,
"06/15/2026","Final Check - On Hold","CGS2601441","DOT - Curb Gutter Sidewalk Standard Compliance Certificate","2 MALL CT, Oakland CA 94611",,,
"06/15/2026","Intake-On Hold","RBC2601712","(RBC) - Building Residential Combo Alteration- 1 & 2 Unit Residential (Building)","1033 STANFORD AVE, Oakland CA 94608 United States","Foundation and framing replacement, replacing wood lap siding with fiber cement lap siding and 1 new window to detached garage at rear of SFD. No MEP included. Garage to remain unconditioned space. DRX260430.",,
"06/15/2026","On Hold - Field Check Pending","B2601711","(B) - Building Alteration - 3+ Residential Units or Commercial (Building)","4114 OPAL ST, Oakland CA 94609","At existing MFD, legalize unpermitted decks and stairs and make repairs to bring into compliance with SB721. No MEPs. DS260023 and 25E3M00230. To abate CE# 2503054",,
"06/15/2026","On Hold","RBC2601710","(RBC) - Building Residential Combo Alteration- 1 & 2 Unit Residential (Building)","2006 COURTLAND AVE, Oakland CA 94601","At single family dwelling 2 story back house: To replace exterior stucco 114sqft approximately portion of north-facing wall to match existing and (E) vinyl slider window to be reseated, waterproofing repair. No structural modifications to framing. DRX260776.",,
"06/15/2026","Permit Issued","RE2601463","(RE) - Electrical - 1 & 2 Unit Residential (Building)","1857 TIFFIN RD, Oakland CA 94602","Knob and tube replacement, like for like",,
"06/15/2026","Payment Received","OB2600722","Obstruction","632 14TH ST, Oakland CA 94612","Reserve 4 METERED parking space(s) in front of parcel only for dumpster, construction vehicle, moving van or storage pod. No impact on traffic lane or sidewalk allowed, except as noted except as noted on TCP/X permit. NO-PARKING SIGNS SHALL PICKED UP BY APPLICANT AFTER PAYMENT TO ENFORCE PERMIT REQUIREMENT. To have illegally parked vehicle ticketed: Call 510-777-3333. Applicant arranges towing. Comply with terms set forth in CVC Section 22651 (m). For towed vehicle: Call 510-238-3021.",,
"06/15/2026","Payment Received","OB2600721","Obstruction","2125 TELEGRAPH AVE, Oakland CA 94612","Reserve 6 (150') NON-METERED parking space(s) in front of parcel only for dumpster, construction vehicle, moving van or storage pod. Post No-parking signs 72 hours prior in residential areas. No impact on traffic lane or sidewalk allowed, except as noted on TCP/X permit. NO-PARKING SIGNS SHALL PICKED UP BY APPLICANT AFTER PAYMENT TO ENFORCE PERMIT REQUIREMENT. To have illegally parked vehicle ticketed: Call 510-777-3333. Applicant arranges towing. Comply with terms set forth in CVC Section 22651 (m). For towed vehicle: Call 510-238-3021.Comply with all terms, conditions and restrictions stated in the Traffic Control Plan. Any/all changes need prior written approval. Provide original Traffic Control Plan at each renewal.TSD-25-0139a, 03/12/2026: TCP GOOD FOR 03/19-06/16/2026, AT ALL TIMESTSD-25-0139b, 06/11/2026: TCP GOOD FOR 06/17-09/14/2026, AT ALL TIMES",,
"06/15/2026","Complete","BW26001841","(BW) - Building Worksheet (Building)","3450 FRUITVALE AVE, Oakland CA 94602","TENANT IMPROVEMENT. REMODEL   EXISTING   BANKING OFFICETO SELF-SERVE LAUNDRY, WORK INCLUDED NON-BEARING PARTITIONS, WASHER AND DRYER EQUIPMENTS, NEW FINISHES AND UNISEX ACCESSIBLE TOILETS FOR SELF-SERVE LAUNDRY AT THE FIRST FLOOR. AT 2ND FLOOR, PROVIDE NEW SHOWER IN THE EXISTING RESTROOM, AND APPLIANCES & COUNTER FOR EXISTINGBREAKROOMAt existing Bank",,
"06/15/2026","Plan Routing - Completed","B2601709","(B) - Building Alteration - 3+ Residential Units or Commercial (Building)","466 44TH ST, Oakland CA 94609","At existing MFD, legalize 2nd story deck and stairs, and bring to compliance with SB721. No MEPs. DRX251719 and 25E3M00210. To abate CE# 2502347",,
"06/15/2026","Permit Issued","OB2600720","Obstruction","1021 E 23RD ST, Oakland CA 94606","Reserve 2 (50') NON-METERED parking space(s) in front of parcel only for dumpster, construction vehicle, moving van or storage pod. Post No-parking signs 72 hours prior in residential areas. No impact on traffic lane or sidewalk allowed, except as noted on TCP/X permit. NO-PARKING SIGNS SHALL PICKED UP BY APPLICANT AFTER PAYMENT TO ENFORCE PERMIT REQUIREMENT. To have illegally parked vehicle ticketed: Call 510-777-3333. Applicant arranges towing. Comply with terms set forth in CVC Section 22651 (m). For towed vehicle: Call 510-238-3021.",,
"06/15/2026","Payment Received","OB2600719","Obstruction","671 AILEEN ST, Oakland CA 94609","Reserve 1 (25') NON-METERED parking space(s) in front of parcel only for dumpster, construction vehicle, moving van or storage pod. Post No-parking signs 72 hours prior in residential areas. No impact on traffic lane or sidewalk allowed, except as noted on TCP/X permit. NO-PARKING SIGNS SHALL PICKED UP BY APPLICANT AFTER PAYMENT TO ENFORCE PERMIT REQUIREMENT. To have illegally parked vehicle ticketed: Call 510-777-3333. Applicant arranges towing. Comply with terms set forth in CVC Section 22651 (m). For towed vehicle: Call 510-238-3021.",,
"06/15/2026","On Hold","RBC2601708","(RBC) - Building Residential Combo Alteration- 1 & 2 Unit Residential (Building)","4772 COMMONWEALTH DR, Oakland CA 94605","At existing single-family dwelling: Kitchen remodel, no change to layout or walls, no exterior work. Related electrical, plumbing included.",,
"06/15/2026","In Review","X2600481","DOT - Excavation (X)","428 60TH ST, Oakland CA 94609","PG&E PM 35738914-PG&E to replace joint pole, OH service, install OH transformer and secondary breakers.  Ensure that environmental controls are in place to prevent dust/debris/wastewater from contaminating environment. If working within 15 feet of a monument you must comply with State Law 8771, contact the Inspector prior to starting excavation: minimum $5,800.00 fine for non-compliance. Comply with all terms of City of Oakland Public Works Standards, Street Excavation Rules, Revised August 2021 and City Council Ordinance No. 13300 C.M.S. Five days’ prior notice required for work lasting five days or less in business/commercial districts: 72-hours’ notice in residential districts. Ten days prior notice required for work lasting six days or more in all districts. SCHEDULE INSPECTION at least 48 hours in advance at: http://oaklanddot.com/projects/search.html """,,
"06/15/2026",,"ENMI26093","Minor Encroachment","3712 REDWOOD RD, Oakland CA 94619","X2600469PG&E PM 35529665- Related Permit: ENMI26093;  PG&E to replace (4) joint poles, OH services, OH secondary, anchors, riser, UG primary, install OH transformers, subsurface interrupter switch, OH fuse, enclosure, OH primary and trim/remove vegetation. PG&E to trench and restore.To replace permit X2400991. Trenching 353' x 18"" x 40"".  Ensure measures are in place to control runoff and maintain flow of storm water along pavement adjacent to parcel. No above ground structure allowed within five feet of edge of pavement (17.124.030).If working within 25' feet of a monument you must comply with State Law 8771, contact the Inspector prior to starting excavation: minimum $5,800.00 fine for non-compliance.",,
"06/15/2026","Void","OB2600718","Obstruction","671 AILEEN ST, Oakland CA 94609","Reserve 1 (25') NON-METERED parking space(s) in front of parcel only for dumpster, construction vehicle, moving van or storage pod. Post No-parking signs 72 hours prior in residential areas. No impact on traffic lane or sidewalk allowed, except as noted on TCP/X permit. NO-PARKING SIGNS SHALL PICKED UP BY APPLICANT AFTER PAYMENT TO ENFORCE PERMIT REQUIREMENT. To have illegally parked vehicle ticketed: Call 510-777-3333. Applicant arranges towing. Comply with terms set forth in CVC Section 22651 (m). For towed vehicle: Call 510-238-3021.",,
"06/15/2026","On Hold","RE2601460","(RE) - Electrical - 1 & 2 Unit Residential (Building)","5589 LAWTON AVE, OAKLAND CA 94618","At existing SFD install 11.5kw tesla power wall and additional battery expansion.  (2) batteries. To accomodated storage for new Tesla solar roof under SE2600533.",,
"06/15/2026","In Review","X2600480","DOT - Excavation (X)","3227 PRENTISS ST, APT 1, OAKLAND CA 94601","PG&E PM 35725876; Pending emergency work to relocate gas service. Restoration to follow. Park in ROW & TCP. PM 35725876. Ensure that environmental controls are in place to prevent dust/debris/wastewater from contaminating environment. If working within 15 feet of a monument you must comply with State Law 8771, contact the Inspector prior to starting excavation: minimum $5,800.00 fine for non-compliance. Comply with all terms of City of Oakland Public Works Standards, Street Excavation Rules, Revised August 2021 and City Council Ordinance No. 13300 C.M.S. Five days’ prior notice required for work lasting five days or less in business/commercial districts: 72-hours’ notice in residential districts. Ten days prior notice required for work lasting six days or more in all districts. SCHEDULE INSPECTION at least 48 hours in advance at: http://oaklanddot.com/projects/search.html """,,
"06/15/2026","Intake - Completed","OB2600717","Obstruction","5818 IVANHOE RD, Oakland CA 94618","Reserve 2 (50') NON-METERED parking space(s) in front of parcel only for dumpster, construction vehicle, moving van or storage pod. No impact on traffic lane or sidewalk allowed, except as noted except as noted on TCP/X permit. NO-PARKING SIGNS SHALL PICKED UP BY APPLICANT AFTER PAYMENT TO ENFORCE PERMIT REQUIREMENT. To have illegally parked vehicle ticketed: Call 510-777-3333. Applicant arranges towing. Comply with terms set forth in CVC Section 22651 (m). For towed vehicle: Call 510-238-3021.",,
"06/15/2026","Intake - Completed","SE2600533","Solar Permit (For commercial projects, residential projects not eligible for SolarApp+, or owner/builder or contractor use)","5589 LAWTON AVE, OAKLAND CA 94618","At existing SFD remove all roof and replace with 10.512kw tesla solar roof system with 146 PV tiles.  Battery backup system requires separate electrical permit.",,
"06/15/2026","Permit Issued","CGS2601440","DOT - Curb Gutter Sidewalk Repair","842 E 23RD ST, Oakland CA 94606","per approved plans per City Standard. If working within 25' feet of a monument you must comply with State Law 8771, contact the Inspector prior to starting excavation: minimum $5,800.00 fine for non-compliance. Comply with all terms of City of Oakland Public Works Standards, Street Excavation Rules, Revised March 2015 and City Council Ordinance No. 13300 C.M.S. Five day prior notice required for work lasting five days or less in business/commercial districts; 72 hour notice in residential districts. Ten day prior notice required for work lasting six days or more in all districts. USA # and date must be provided in order to have a permit issued. SCHEDULE AN INSPECTION FOR EXCAVATION",,
"06/15/2026","Permit Expired","OB2600716","Obstruction","1025 STANFORD AVE, Oakland CA 94608","Reserve 1 (25') NON-METERED parking space(s) in front of parcel only for dumpster, construction vehicle, moving van or storage pod. Post No-parking signs 72 hours prior in residential areas. No impact on traffic lane or sidewalk allowed, except as noted on TCP/X permit. NO-PARKING SIGNS SHALL PICKED UP BY APPLICANT AFTER PAYMENT TO ENFORCE PERMIT REQUIREMENT. To have illegally parked vehicle ticketed: Call 510-777-3333. Applicant arranges towing. Comply with terms set forth in CVC Section 22651 (m). For towed vehicle: Call 510-238-3021.",,
"06/15/2026","On Hold - Fee Due","RBC2601706","(RBC) - Building Residential Combo Alteration- 1 & 2 Unit Residential (Building)","1632 81ST AVE, Oakland CA 94621","Demolish 266 sqft bedroom and bathroom and 58 sqft deck for new 2 story 1,127 sqft ADU consisting of 3 bedroom/ 2 bathroom at rear of SFD. MEP included. Proposed address is 1634 81ST AVE. ADU260067.",,
"06/15/2026","In Review","X2600479","DOT - Excavation (X)","2650 HUMBOLDT AVE, Oakland CA 94602","PG&E PM 35664426-PG&E to replace joint pole, OH services, install OH transformer, messenger guy, and secondary breakers.  Ensure that environmental controls are in place to prevent dust/debris/wastewater from contaminating environment. If working within 15 feet of a monument you must comply with State Law 8771, contact the Inspector prior to starting excavation: minimum $5,800.00 fine for non-compliance. Comply with all terms of City of Oakland Public Works Standards, Street Excavation Rules, Revised August 2021 and City Council Ordinance No. 13300 C.M.S. Five days’ prior notice required for work lasting five days or less in business/commercial districts: 72-hours’ notice in residential districts. Ten days prior notice required for work lasting six days or more in all districts. SCHEDULE INSPECTION at least 48 hours in advance at: http://oaklanddot.com/projects/search.html """,,
"06/15/2026","Permit Issued","RE2601459","(RE) - Electrical - 1 & 2 Unit Residential (Building)","4617 DAVENPORT AVE, Oakland CA 94619","Upgrade main service from 100amps to 200amps",,
"06/15/2026","On Hold - Field Check Pending","RBC2601705","(RBC) - Building Residential Combo Alteration- 1 & 2 Unit Residential (Building)","13331 CAMPUS DR, Oakland CA 94619","At single-family dwelling: Repair glass, Paint house, construct previously unpermitted 13.5 ft x 24.5ft third car garage below cantilevered deck in rear. To include related electrical.",,
"06/14/2026","Pending-Document Uploaded","R2600738","(R) - ReRoof Certificate (Building)","8501 INTERNATIONAL BLVD, Oakland CA 94621","Remove one existing roofing layer and install a Custom-Bilt TITAN™ SL-1750 Standing Seam Metal Roof System over POLYGLASS Polystick® XFR underlayment on the main roof areas. Remove one existing roofing layer and install a 3-layer JM APP Modified Bitumen Roof System on designated flat roof areas.",,
"06/14/2026","Void","BW26001838","(BW) - Building Worksheet (Building)","3937 BAYO ST, Oakland CA 94619","Front yard metal fence, 6 feet, one slide door, two swing doors",,
"06/14/2026","Complete","BW26001837","(BW) - Building Worksheet (Building)","1022 24TH ST, Oakland CA 94607","Hi there. We would love your help to expedite this project.This is an Oakland City job, supervised under Hourig McCray. We are working to help this family have a safe home. We already have the permits for the lead abatement, and new windows. This scope we are applying for is for their safety. The steps are rotted and the right side framing is letting in weather and water, addition to considerable rot of the framing supports. Thank you so much for your help expediting of possibleFront StepsGoal-replace rotted 2x12 stringers, as stipulated in attached designRemove all treads, stringers, and rotted plywood on sidesInstall (3) 2x12 pressure treated stringers instead of the current (2) stringers-attach stringers to header with Simpson stringer hangers-install 4x4 posts underneath as additional support. Currently not in place.-install redwood 2x11 treads, with code size overhang, and 7”high Replace rotted plywood with pressure treated, prime and paintReplace any 2x4 railing that is rotted, with in kind design and redwood 2x4sRight Side framingRemove and replace all rotted framing supports. Left and Right corners do not need replacementProcess:Remove one 2x4 and install Temporary vertical support, install new laminated 2x4s to equal 4x4”, use Simpons 90degree braces at base and header for anchoring. Progressively install temp support 2x4 and replace 1 rotted 2x4 at a time with the laminated 4x4”. Install all new blocking. Install insulation. Do not install new angled supports, instead install plywood shear wall over framing as support, and then sheetrock as fire retardant. Install Tongue and groove siding, prime and paint.Back steps awningGoal: attach door overhang to prevent sun and moisture exposure on back door.Attach new redwood awning to 4 studs across the header of the door, extend the awning to be in the vertical parallel plane of the railing, attach to 2 new pressure treated 4x4 posts anchored to the corners of the stairs platform with Simpson 4x4 ties. These posts will replace the existing 4x4 posts on the corners of the platform and connected to the railing. We will install new railing to code, in between the  4x4s. Install shingles on top of the awning. Prime and PaintInteriorVery simple scope.The 4x4 vertical supports of the kitchen arch were not properly connected to the 4x6 cross beam. They were simply screwed into the cross beam. We will be opening the drywall and installing Simpson straps along the vertical line of the 4x4 and attached to the 4x6, on both sides of the 4x4s.",,
"06/14/2026","Certificate Issued","R2600739","(R) - ReRoof Certificate (Building)","2140 LAKESHORE AVE, Oakland CA 94606","Remove and dispose existing shinglesInstall new composition shingles",,
"06/14/2026","Void","BW26001836","(BW) - Building Worksheet (Building)","4830 WALNUT ST, Oakland CA 94619","Driveway removal and replacement of 50 SF. Sidewalk removal and replacement of 108 SF. Work includes excavation, forming, and pouring per City of Oakland Standards.",,
"06/14/2026",,"26TMP-028616","(BW) - Building Worksheet (Building)","1050 59TH ST, Oakland CA 94608","Legalization of existing unpermitted Accessory Dwelling Unit",,
"06/13/2026","Final","RP2600778","(RP) Plumbing - 1 & 2 Unit Residential (Building)","2901 MACARTHUR BLVD, Oakland CA 94602","Bathroom tub was replaced with shower/tub insert",,
"06/13/2026","Permit Issued","E2601458","(E) - Electrical - 3+ Residential Units or Commercial (Building)","539 MERRITT AVE, Oakland CA 94610","meter upgrade from 200a to 400awith permit apply PGE upgrade",,
"06/13/2026","Permit Issued","CGS2601439","DOT - Curb Gutter Sidewalk Standard Compliance Certificate","2821 25TH AVE, Oakland CA 94601",,,
"06/13/2026","Permit Issued","SEA2600532","SolarApp+ (For roof mounted residential solar projects not exceeding 38.4kw total done with SolarApp+- contractor use)","519 FAIRMOUNT AVE, Oakland CA 94611","Installation of a 5.72 kW Roof-Mounted Solar PV System consisting of  (13) Modules, (5) MCI-2 High Current, (1) Inverter with Battery, and (1) Backup Switch",,
"06/13/2026","Pending - Incomplete","BW26001835","(BW) - Building Worksheet (Building)","3721 BRUNELL DR, Oakland CA 94602","Grading Permit, associated with RBC2500865 - 3723 Brunell Dr",,
"06/13/2026","Permit Issued","SEA2600531","SolarApp+ (For roof mounted residential solar projects not exceeding 38.4kw total done with SolarApp+- contractor use)","4965 STONERIDGE CT, Oakland CA 94605","PV rooftop 6.16 kW + ESS (1) Tesla Powerwall 3",,
"06/12/2026","Inspections - In Progress","SL2601148","(SL) - Sewer Lateral (OPW)","1944 E 12TH ST, Oakland CA 94606","City wye replacement and new cleanout installation.",,
"06/12/2026","Permit Issued","CGS2601434","DOT - Curb Gutter Sidewalk Standard Compliance Certificate","1605 90TH AVE, Oakland CA 94603",,,
"06/12/2026","Complete","BW26001828","(BW) - Building Worksheet (Building)","7901 EARL ST, Oakland CA 94605","Foundation repair using 5 push piers and 2 monoposts.",,
"06/12/2026","Permit Issued","RM2600743","(RM) - Mechanical - 1 & 2 Unit Residential (Building)","6000 LAWTON AVE, Oakland CA 94618","Existing furnace and air conditioning equipment were replaced due to flooding in the garage that caused water damage to the system. A new electric heat pump air handler and condenser were installed to take advantage of the home’s existing solar panel system.To minimize disruption to the interior of the home, only the exposed ductwork located at the garage level was replaced. Existing concealed ductwork within the walls and ceilings of the home was left in place to avoid unnecessary demolition and wall opening.",,
"06/12/2026","Permit Issued","CGS2601438","DOT - Curb Gutter Sidewalk Standard Compliance Certificate","2921 HAVENSCOURT BLVD, Oakland CA 94605",,,
"06/12/2026","Complete","BW26001826","(BW) - Building Worksheet (Building)","6741 EASTLAWN ST, Oakland CA 94621","REPLACING 5 EXISTING WINDOWS USING RETRO FIT INSTALLATION. LIKE FOR LIKE REPLACEMENTS WITH NO CHANGES TO THE OPENINGS. PROPOSED REPLACEMENTS ARE MARVIN INFINITY FIBERGLASS WINDOWS.",,
"06/12/2026","Permit Issued","RM2600746","(RM) - Mechanical - 1 & 2 Unit Residential (Building)","860 46TH ST, Oakland CA 94608","The outdoor unit M: MUZFX24NL will be install on the left side of the building, the unit is proposed to be installed about 8’ above the ground level. Indoor Unit model # MSZ-FX24NL A 240 V 30 amp electrical circuit will be installed to power the entire system from the 200 amp main electrical panel.",,
"06/12/2026","Permit Issued","CGS2601435","DOT - Curb Gutter Sidewalk Standard Compliance Certificate","10017 PIPPIN ST, Oakland CA 94603",,,
"06/12/2026","Permit Issued","CGS2601436","DOT - Curb Gutter Sidewalk Exemption Certificate","2090 WRENN ST, Oakland CA 94602",,,
"06/12/2026","On Hold","SE2600530","Solar Permit (For commercial projects, residential projects not eligible for SolarApp+, or owner/builder or contractor use)","7070 WESTMOORLAND DR, Oakland CA","this is for an R/R of approved and finaled permit SE0500070 - only the panels are being removed for a reroof.",,
"06/12/2026","Permit Issued","RM2600744","(RM) - Mechanical - 1 & 2 Unit Residential (Building)","2443 WILBUR ST, Oakland CA 94602","Install 2 Ton Ducted Fujitsu Heat Pump",,
"06/12/2026","Permit Issued","RBC2601700","(RBC) - Building Residential Combo Alteration- 1 & 2 Unit Residential (Building)","6026 AUBURN AVE, Oakland CA 94618","Like for Like bathroom remodel",,
"06/12/2026","Complete","BW26001833","(BW) - Building Worksheet (Building)","5753 CHELTON DR, Oakland CA 94611","This project is intended to replace (in-kind), a garage space at this property.  It was damaged by a fallen tree and will be built to the original specs, without any alterations.  No proposed changes to original window or door openings.  Exterior changes that visually match the existing design.  Any new work on the outside of the building matches how the building already looks.  The project doesn't impact the character defining elements of the structure.  Owners are currently displaced and have been since the incident on 12/25/25.  We have obtained a DRX (DRX260579) in an attempt to expedite this process.",,
"06/12/2026","Permit Issued","RM2600748","(RM) - Mechanical - 1 & 2 Unit Residential (Building)","4836 CALDERWOOD CT, Oakland CA 94605","Installing Ducted Mini Split",,
"06/12/2026","Permit Issued","RM2600747","(RM) - Mechanical - 1 & 2 Unit Residential (Building)","6909 NORFOLK RD, Oakland CA 94705","Mitsubishi MUZ/MSZ-GX 18K Wall Mounted Heating & Cooling Unit, Dedicated 220v electrical circuit",,
"06/12/2026","Complete","BW26001829","(BW) - Building Worksheet (Building)","380 EUCLID AVE, Oakland CA 94610","Building Plan Check Revision to B2300746 to relocated PG&E Electric meters.",,
"06/12/2026","Certificate Issued","R2600735","(R) - ReRoof Certificate (Building)","4456 REINHARDT DR, Oakland CA 94619","TEAR OFF AND REROOF WITH 40 SQUARES OF NEW MODIFIED BITUMEN.",,
"06/12/2026","Permit Issued","E2601451","(E) - Electrical - 3+ Residential Units or Commercial (Building)","4373 SEQUOYAH RD, Oakland CA 94605","upgrade 90 amps to 200 amps service",,
"06/12/2026","Permit Issued","P2600775","(P) - Plumbing - 3+ Residential Units or commercial (Building)","1290 26TH AVE, Oakland CA","REPAIR PLUMBING FIXTURES INSIDE OF BUILDING",,
"06/12/2026","Permit Issued","RP2600774","(RP) Plumbing - 1 & 2 Unit Residential (Building)","183 ELYSIAN FIELDS DR, Oakland CA 94605","Replace leaking water heater",,
"06/12/2026","Certificate Issued","R2600736","(R) - ReRoof Certificate (Building)","664 61ST ST, Oakland CA 94609","T/O 1 layer of existing roof. Install 18sqs comp.",,
"06/12/2026","Permit Issued","P2600777","(P) - Plumbing - 3+ Residential Units or commercial (Building)","3100 35TH AVE, Oakland CA 94619","Remove existing shower stall",,
"06/12/2026","Pending - Incomplete","BW26001827","(BW) - Building Worksheet (Building)","5345 FOOTHILL BLVD, Oakland CA 94601","MODIFICATION OF AN EXISTING AT&T CELL SITE: REMOVE (3) EXISTING ANTENNAS, REPLACE WITH (3) NEW ANTENNAS",,
"06/12/2026","Certificate Issued","R2600737","(R) - ReRoof Certificate (Building)","3126 WISCONSIN ST, Oakland CA 94602","Remove and dispose of existing roof.  Install synthetic paper underlayment and dimensional composition shingles. Class A.",,
"06/12/2026","Void","BW26001831","(BW) - Building Worksheet (Building)","972 W MACARTHUR BLVD, Oakland CA 94608","paint house, prime & paint over the existing paint. existing paint is from 1990. Non-lead and not peeling or flakey. Self-perform work no contractor.",,
"06/12/2026","Permit Issued","E2601450","(E) - Electrical - 3+ Residential Units or Commercial (Building)","789 61ST ST, Oakland CA 94609","replace 2 outlets, install outlet covers, lebel outlet cover (no ground equipment)",,
"06/12/2026","Permit Issued","RM2600749","(RM) - Mechanical - 1 & 2 Unit Residential (Building)","134 MOSS AVE, Oakland CA 94611","Carrier Performance High Efficient 37MUHA, Reconnect to existing 220v electrical circuit.",,
"06/12/2026","Complete","BW26001824","(BW) - Building Worksheet (Building)","2025 BRAEMAR RD, Oakland CA 94602","Engineered Seismic Retrofit that meets chapter 3a of the cebc",,
"06/12/2026","Refund","TR-ND26-00061","(ND) - Non-Developmental Tree Permit (OPW)","2726 MAXWELL AVE, Oakland CA 94619","Removal and replacement of existing tree on the egress in front of the house.  This tree has created several hazards:  Buckling of sidewalk.  Potential interference with power and data lines.  Replacement tree species to be selected from approved list.",,
"06/12/2026","Complete","BW26001825","(BW) - Building Worksheet (Building)","10720 BEVERLY AVE, Oakland CA 94603","REPLACING 6 EXISTING WINDOWS USING RETRO FIT/BLOCK FRAME INSERT INSTALLATION. LIKE FOR LIKE REPLACEMENTS, NO CHANGES TO THE OPENINGS. EXISTING WINDOWS ARE VINYL GOING TO FIBERGLASS.",,
"06/12/2026","Certificate Issued","R2600734","(R) - ReRoof Certificate (Building)","1360 54TH AVE, Oakland CA 94601","Re-Roof 1500 SqFtTear OffApply New Asphalt Shingle CompNew Gutters/New Downspouts.No Plywood",,
"06/12/2026","Complete","BW26001832","(BW) - Building Worksheet (Building)","911 LONGRIDGE RD, Oakland CA 94610","Residential remodel including three existing restrooms and one kitchen. There is no additional area added to the home. replace existing deck.",,
"06/12/2026","Pending - Incomplete","BW26001834","(BW) - Building Worksheet (Building)","2033 TRAFALGAR PL, Oakland CA 94611","SFD: Remodel kitchen, master bathroom replace tub for walk-in shower, remodel guest bathroom. Replace all existing single pane with retrofit double pane windows, no change to size. New recessed lights throughout home. Change slider doors to French doors in master bedroom using same header. Mechanical, Electrical and Plumbing included, Paint included.Inspector requested permit revision due to wall between kitchen and bedroom.  I explained to inspector this wall is existing.  The drywall was replaced due to water damage/kitchen residue on the walls.",,
"06/12/2026","Permit Issued","E2601454","(E) - Electrical - 3+ Residential Units or Commercial (Building)","2311 MAGNOLIA ST, A, OAKLAND CA 94607","Extension of existing 200A service to another location. Installation of New Panel & Subpanel.",,
"06/12/2026",,"26TMP-019933","(RBC) - Building Residential Combo Alteration- 1 & 2 Unit Residential (Building)","436 38TH ST, Oakland CA 94609","Replace joists and studs, replace wall exteriors",,
"06/12/2026","Permit Issued","SEA2600529","SolarApp+ (For roof mounted residential solar projects not exceeding 38.4kw total done with SolarApp+- contractor use)","6225 MERRIEWOOD DR, Oakland CA 94611","11 Q.TRON BLK M-G2.H+ 430 solar modules1 1707000-XX-Y {11.5kW} inverter1 1707000-XX-Y {11.5kW} ESSSystem Size: 4.73 kW DC (11.5 kW AC)",,
"06/12/2026","Final","E2601457","(E) - Electrical - 3+ Residential Units or Commercial (Building)","353 EUCLID AVE, Oakland CA 94610","Replace 100A house sub panel",,
"06/12/2026","Plan Review In Progress","RBC2601704","(RBC) - Building Residential Combo Alteration- 1 & 2 Unit Residential (Building)","1046 WARFIELD AVE, Oakland CA 94610","At existing SFD demolish existing 322sf 2-level deck and rebuild with new 386sf 2-level deck with new footings and guardrails. DS260156",,
"06/12/2026","Intake-On Hold","RBC2601703","(RBC) - Building Residential Combo Alteration- 1 & 2 Unit Residential (Building)","3253 Hollis ST, B, Oakland CA 94608 United States","Framing repair to roof deck. Item 3A of report 260630. DRX260725",,
"06/12/2026","Permit Issued","RBC2601702","(RBC) - Building Residential Combo Alteration- 1 & 2 Unit Residential (Building)","6235 BUENA VISTA AVE, Oakland CA 94618","At single-family dwelling: To repair Master bathroom and closet due to water leak on bathtub overflow. Replace in-like-kind new bathtub, tub/shower valve, tile surround, tile flooring, and drywall at bathroom and adjoining master bedroom closet. No change to wall layout or windows. To include related plumbing.",,
"06/12/2026","On Hold - Field Check Pending","B2601701","(B) - Building Alteration - 3+ Residential Units or Commercial (Building)","1854 INTERNATIONAL BLVD, Oakland CA 94606","At existing mixed use building repair vehicle damage including stucco repair.  To abate CE Case #2601101.",,
"06/12/2026","In Review","X2600478","DOT - Excavation (X)","3216 63RD AVE, Oakland CA 94605","PG&E PM 35716387-PG&E to replace (2) joint poles in same hole sets, OH services, install messenger guy, OH transformer, and secondary breakers.  Ensure that environmental controls are in place to prevent dust/debris/wastewater from contaminating environment. If working within 15 feet of a monument you must comply with State Law 8771, contact the Inspector prior to starting excavation: minimum $5,800.00 fine for non-compliance. Comply with all terms of City of Oakland Public Works Standards, Street Excavation Rules, Revised August 2021 and City Council Ordinance No. 13300 C.M.S. Five days’ prior notice required for work lasting five days or less in business/commercial districts: 72-hours’ notice in residential districts. Ten days prior notice required for work lasting six days or more in all districts. SCHEDULE INSPECTION at least 48 hours in advance at: http://oaklanddot.com/projects/search.html """,,
"06/12/2026","On Hold","RBC2601699","(RBC) - Building Residential Combo Alteration- 1 & 2 Unit Residential (Building)","6036 COLBY ST, Oakland CA 94618","In-kind replacement of entry stairs at duplex. DRX260599.",,
"06/12/2026","On Hold - Field Check Pending","B2601698","(B) - Building Alteration - 3+ Residential Units or Commercial (Building)","100 E 15TH ST, Oakland CA 94606","Complete permit B2301909 for 2-story 5-unit MFD to add anchors, universal retrofit foundation plates and screws to existing brick foundation.",,
"06/12/2026","Review - Completed","P2600776","(P) - Plumbing - 3+ Residential Units or commercial (Building)","2438 35TH AVE, Oakland CA 94601","Requesting Plumbing plan check for B2600878 – 2438 35th Ave",,
"06/12/2026","Intake - On Hold","PZ2600063","Private Infrastructure (P-Job)","7005 SKYLINE BLVD, Oakland CA 94611","A storm drain inlet at the intersection of Skyline Blvd and Elverton Dr passes under Elverton Dr and daylights on the southeastern side of the property where it formerly discharged onto the hillside just downslope of the road shoulder.   During the construction of the present residence in 2021-22, the HDPE drainpipe was extended further downslope to its current outlet to accommodate the new driveway for the subject parcel.  If allowed to function, the current pipe conveys storm drain runoff from the intersection overland and downslope to the west and joins the headwater tributary of Temescal Creek.  .  Due to concerns over hillslope erosion and downcutting in a downstream section of the tributary channel, a storm drain improvement is proposed that will include an extension of the storm drain, an energy dissipation outlet structure and receiving slope reinforcement.",,
"06/12/2026","Review - Completed","E2601456","(E) - Electrical - 3+ Residential Units or Commercial (Building)","2438 35TH AVE, Oakland CA 94601","Requesting Electrical plan check for B2600878 – 2438 35th Ave",,
"06/12/2026","Permit Issued","RE2601455","(RE) - Electrical - 1 & 2 Unit Residential (Building)","4125 BALFOUR AVE, Oakland CA 94610","meter upgrade from 100A to 200A",,
"06/12/2026","On Hold - Fee Due","RBC2601697","(RBC) - Building Residential Combo Alteration- 1 & 2 Unit Residential (Building)","3926 COOLIDGE AVE, Oakland CA 94602","At SFD: Conversion of attached garage and partial basement into 386SF JADU, incorporating the laundry room in basement. Interior reconfiguration for new kitchenette installation w/laundry room and bathroom, replace garage door for framed wall with window and door. Includes M-E-P. Paint included. Design shall match existing building. No added footprint expansion. Excludes unconditioned 173 SF storage room w/closet at backside of basement area. No separate address for JADU.",,
"06/12/2026","Minor Engineer of Day Review","RBC2601696","(RBC) - Building Residential Combo Alteration- 1 & 2 Unit Residential (Building)","3533 BRIGHTON AVE, Oakland CA 94602","At single-family dwelling. Adding bathroom and remodel existing kitchen and half-bath. New skylight. To include related mechanical, electrical, and plumbing. 07/01/2026: Scope of work revised to remove kitchen remodel and entry from scope of work. Scope of work is now bathroom and half-bathroom remodels and window.",,
"06/12/2026","Permit Issued","RBC2601695","(RBC) - Building Residential Combo Alteration- 1 & 2 Unit Residential (Building)","3411 MALCOLM AVE, Oakland CA 94605","At Single Family Dwelling: Voluntary seismic strengthening (non-grant) of a portion of the attached garage foundation.",,
"06/12/2026","Complete","BW26001830","(BW) - Building Worksheet (Building)","972 W MACARTHUR BLVD, Oakland CA 94608","replace siding and window trim on the exterior where damaged by termites. Replace in-kind. Self perfuming the work, no contractor.At existing duplex replace siding and window trim damaged by termites. Includes lead-based paint abatement.  To abate CE Case #2603621.",,
"06/12/2026","Routing - Completed","RBC2601694","(RBC) - Building Residential Combo Alteration- 1 & 2 Unit Residential (Building)","5879 CHABOT RD, Oakland CA 94618","185 sf addition at rear for enlarging bedroom, relocating bathroom, kitchen remodel and converting closet into stairs to basement in 5879 unit, 185 sf addition at rear for enlarging living room, add 2nd bathroom, kitchen remodel and new door to bedroom closet in 5881 unit of duplex. MEP included. DS260094.",,
"06/12/2026","In Review","X2600477","DOT - Excavation (X)","33 MERRIEWOOD CIR, Oakland CA 94611","PG&E PM 35724324-PG&E to replace OH service.  Ensure that environmental controls are in place to prevent dust/debris/wastewater from contaminating environment. If working within 15 feet of a monument you must comply with State Law 8771, contact the Inspector prior to starting excavation: minimum $5,800.00 fine for non-compliance. Comply with all terms of City of Oakland Public Works Standards, Street Excavation Rules, Revised August 2021 and City Council Ordinance No. 13300 C.M.S. Five days’ prior notice required for work lasting five days or less in business/commercial districts: 72-hours’ notice in residential districts. Ten days prior notice required for work lasting six days or more in all districts. SCHEDULE INSPECTION at least 48 hours in advance at: http://oaklanddot.com/projects/search.html """,,
"06/12/2026","Intake - On Hold","S2600050","(S) Sign Permit- New and Alterations","605 WEBSTER ST, Oakland CA 94607","Commercial T.I.: Install (1) illuminated wall sign and (1) non-illuminated wall sign for ""Salvation Army"". Related electrical requires separate permit.",,
"06/12/2026","Intake - Completed","CGS2601437","DOT - Curb Gutter Sidewalk Repair","3027 56TH AVE, Oakland CA 94605","Sidewalk repair NOTE: ***BEFORE any work in Right of Way, please call 510-238-3860 forty-eight hours in advance. Applicant is subject to fine if work is started WITHOUT scheduling a pre-inspection*** Install new driveway per approved plans per City Standard. If working within 25' feet of a monument you must comply with State Law 8771, contact the Inspector prior to starting excavation: minimum $5,800.00 fine for non-compliance. Comply with all terms of City of Oakland Public Works Standards, Street Excavation Rules, Revised March 2015 and City Council Ordinance No. 13300 C.M.S. Five-day prior notice required for work lasting five days or less in business/commercial districts: 72-hour notice in residential districts. Ten-day prior notice required for work lasting six days or more in all districts. USA# 2026061200592-000",,
"06/12/2026","In Review","X2600476","DOT - Excavation (X)","1524 24TH AVE, Oakland CA 94601","PG&E PM 35725980-PG&E to replace OH service, install secondary breakers and jumpers.  Ensure that environmental controls are in place to prevent dust/debris/wastewater from contaminating environment. If working within 15 feet of a monument you must comply with State Law 8771, contact the Inspector prior to starting excavation: minimum $5,800.00 fine for non-compliance. Comply with all terms of City of Oakland Public Works Standards, Street Excavation Rules, Revised August 2021 and City Council Ordinance No. 13300 C.M.S. Five days’ prior notice required for work lasting five days or less in business/commercial districts: 72-hours’ notice in residential districts. Ten days prior notice required for work lasting six days or more in all districts. SCHEDULE INSPECTION at least 48 hours in advance at: http://oaklanddot.com/projects/search.html """,,
"06/12/2026","On Hold","RBC2601693","(RBC) - Building Residential Combo Alteration- 1 & 2 Unit Residential (Building)","598 CRESTMONT DR, Oakland CA 94619","Kitchen remodel including removing 2 non-structural walls at SFD. No exterior work. MEP included.",,
"06/12/2026","Permit Issued","OB2600715","Obstruction","1809 PERALTA ST, Oakland CA 94607","Reserve 3 (75') NON-METERED parking space(s) in front of parcel only for dumpster, construction vehicle, moving van or storage pod. Post No-parking signs 72 hours prior in residential areas. No impact on traffic lane or sidewalk allowed, except as noted on TCP/X permit. NO-PARKING SIGNS SHALL PICKED UP BY APPLICANT AFTER PAYMENT TO ENFORCE PERMIT REQUIREMENT. To have illegally parked vehicle ticketed: Call 510-777-3333. Applicant arranges towing. Comply with terms set forth in CVC Section 22651 (m). For towed vehicle: Call 510-238-3021.",,
"06/12/2026","Permit Issued","RBC2601692","(RBC) - Building Residential Combo Alteration- 1 & 2 Unit Residential (Building)","2007 87TH AVE, Oakland CA 94621","At Single Family Dwelling: replace 4 windows in kind (2 bedroom, 1 living room, 1 office). DRX260901.",,
"06/12/2026","Permit Issued","RBC2601691","(RBC) - Building Residential Combo Alteration- 1 & 2 Unit Residential (Building)","2544 HIGHLAND AVE, Oakland CA 94606","Replace 4 retrofit windows. Same size and location, no MEP. DRX260825",,
"06/12/2026","Permit Issued","RBC2601690","(RBC) - Building Residential Combo Alteration- 1 & 2 Unit Residential (Building)","1351 HAMPEL ST, Oakland CA 94602","At existing single-family dwelling: Voluntary seismic retrofit.",,
"06/12/2026","On Hold - Field Check Pending","RBC2601689","(RBC) New Construction - Single Family, Duplex or Accessory Structures","6133 SWAINLAND RD, Oakland CA 94611","CE CASE #2003734 - Construction of new single family dwelling at 6133 Swainland Rd built without permits. Include all MEPs. Upgrade main panel to 200 amp.",,
"06/12/2026","On Hold - Field Check Pending","B2601688","(B) - Building Alteration - 3+ Residential Units or Commercial (Building)","1436 5TH AVE, Oakland CA 94606","Remove railing on balcony, in-fill door to balcony to remove access to balcony. Repair right side 1st level stairs and landing due to dry rot. Paint included. No MEP included. DRX260591. 25E3M00209. To abate CE#2502315.",,
"06/12/2026","Intake - On Hold","X2600475","DOT - Excavation (X)","3355 RUBIN DR, Oakland CA 94602","Mastec PM OAK-JB2383939-C-BLOWNPOLE-SEGBore Approx. 570'± by placing 2 new dog houses, riser down/up 50', Overlash approx. 1,869'± fiber between 14 existing poles, replace 2 b48 vaults, perform splicing at (16) existing locations for Comcast services. Potholes On Crossing Utilities. Traffic Control = 5 Days.  Ensure that environmental controls are in place to prevent dust/debris/wastewater from contaminating environment. If working within 15 feet of a monument you must comply with State Law 8771, contact the Inspector prior to starting excavation: minimum $5,800.00 fine for non-compliance. Comply with all terms of City of Oakland Public Works Standards, Street Excavation Rules, Revised August 2021 and City Council Ordinance No. 13300 C.M.S. Five days’ prior notice required for work lasting five days or less in business/commercial districts: 72-hours’ notice in residential districts. Ten days prior notice required for work lasting six days or more in all districts. SCHEDULE INSPECTION at least 48 hours in advance at: http://oaklanddot.com/projects/search.html """,,
"06/12/2026","On Hold - Field Check Pending","RBC2601687","(RBC) - Building Residential Combo Alteration- 1 & 2 Unit Residential (Building)","8320 PLYMOUTH ST, Oakland CA 94621","At existing SFD, repair damage cause by fire, including roofing, drywall, and electrical. To abate CE# 2603055",,
"06/12/2026","Plan Review In Progress","RBC2601686","(RBC) - Building Residential Combo Alteration- 1 & 2 Unit Residential (Building)","4611 SHATTUCK AVE, Oakland CA 94609","Seismic strengthening of underfloor area to reduce risk of damage per Engineered Plan. $250 program. Permit shall be finaled within 1 year per Oakland Ord. 12812CMS",,
"06/12/2026","Final","RE2601453","(RE) - Electrical - 1 & 2 Unit Residential (Building)","94 ANAIR WY, Oakland CA 94605","add breaker to heat pump",,
"06/12/2026","On Hold","RBC2601685","(RBC) - Building Residential Combo Alteration- 1 & 2 Unit Residential (Building)","2625 HIGH ST, Oakland CA 94619","To abate CE Case #2603347:  At single-family dwelling - Interior remodel of one (1) kitchen, two (2) bathrooms, and like-for-like window replacement in an existing 1,163 square foot single-family home. Includes all related mechanical, electrical, and plumbing. No reconfiguration of walls. DRX260759",,
"06/12/2026","On Hold","B2601684","(B) - Building Alteration - 3+ Residential Units or Commercial (Building)","1087 AILEEN ST, Oakland CA 94608","At existing triplex, repair front deck and balcony surface and add waterproofing, replace wooden staircase treads at rear deck. If joists of front balcony show signs of rot, sister joists. No other exterior work, no MEPs. Repairs to comply with SB721. 25E3M00767 and DRX260669.",,
"06/12/2026","On Hold - Field Check Pending","B2601683","Non-Residential Building - Demolition","9333 RAILROAD AVE, Oakland CA 94603","retroactive demolition of burned building of 1600sq.To partially abate code case no: 2203118.DS240130",,
"06/12/2026","Final","RM2600745","(RM) - Mechanical - 1 & 2 Unit Residential (Building)","94 ANAIR WY, Oakland CA 94605","1 indoor mini split and 1 outdoor heat pump",,
"06/12/2026","Permit Issued","E2601452","(E) - Electrical - 3+ Residential Units or Commercial (Building)","3337 FOOTHILL BLVD, Oakland CA 94601","Meter reset at single store unit due to emergency shutoff of power. The fire occurred in the neighboring attached building addressed 3335 Foothill Blvid.",,
"06/12/2026","Intake-On Hold","RBC2601682","(RBC) - Building Residential Combo Alteration- 1 & 2 Unit Residential (Building)","1071 61ST ST, Oakland CA 94608","At single-family dwelling: Replace a small ""French"" door with a larger glass sliding door on the East elevation. Remove several interior walls to create a larger living space and remove one bedroom. Remove one bathroom. Relocate electrical panel. To include related mechanical, electrical, and plumbing. - DRX260393",,
"06/12/2026","Issued","B2601681","(B) - Building Alteration - 3+ Residential Units or Commercial (Building)","4126 M L KING JR WY, Oakland CA 94609","At existing commercial building, remove siding and replace with new stucco. Remove and replace front windows, retrofit. No MEPs. DRX260800",,
"06/12/2026","On Hold","RBC2601680","(RBC) - Building Residential Combo Alteration- 1 & 2 Unit Residential (Building)","2915 E 22ND ST, APT B, OAKLAND CA 94601","To partial abate CE2600431, Removal of 4 X 8SF piece of drywall and patch drywall back up. Subfloor replacement 5 x 10 SF piece that needs to be replaced in Kitchen and replacement of 10 x 12SF vinyl for floor. No M-E-P included.*the following update is per field check inspection 6/15/26*-Restore basement to original use. Currently it has been converted to habitable space. All walls existing less the rear portion of structure lower area, last ten feet of structure. The electrical and plumbing to be removed. Water heater location ok but new water heater to be legalized.",,
"06/12/2026","Created","RBC2601679","(RBC) - Building Residential Combo Alteration- 1 & 2 Unit Residential (Building)","481 HUDSON ST, Oakland CA 94618","Voluntary seismic upgrade and foundation replacement in Duplex.",,
"06/12/2026","In Review","X2600474","DOT - Excavation (X)","1230 50TH AVE, Oakland CA 94601","PM 35730092-PG&E to replace OH service.  Ensure that environmental controls are in place to prevent dust/debris/wastewater from contaminating environment. If working within 15 feet of a monument you must comply with State Law 8771, contact the Inspector prior to starting excavation: minimum $5,800.00 fine for non-compliance. Comply with all terms of City of Oakland Public Works Standards, Street Excavation Rules, Revised August 2021 and City Council Ordinance No. 13300 C.M.S. Five days’ prior notice required for work lasting five days or less in business/commercial districts: 72-hours’ notice in residential districts. Ten days prior notice required for work lasting six days or more in all districts. SCHEDULE INSPECTION at least 48 hours in advance at: http://oaklanddot.com/projects/search.html """,,
"06/12/2026","In Review","X2600473","DOT - Excavation (X)","3332 GEORGIA ST, Oakland CA 94602","PM 35723813-PG&E to install OH transformer, secondary breakers and replace OH service.  Ensure that environmental controls are in place to prevent dust/debris/wastewater from contaminating environment. If working within 15 feet of a monument you must comply with State Law 8771, contact the Inspector prior to starting excavation: minimum $5,800.00 fine for non-compliance. Comply with all terms of City of Oakland Public Works Standards, Street Excavation Rules, Revised August 2021 and City Council Ordinance No. 13300 C.M.S. Five days’ prior notice required for work lasting five days or less in business/commercial districts: 72-hours’ notice in residential districts. Ten days prior notice required for work lasting six days or more in all districts. SCHEDULE INSPECTION at least 48 hours in advance at: http://oaklanddot.com/projects/search.html """,,
"06/12/2026","Created","CGS2601433","DOT - Curb Gutter Sidewalk Repair","842 E 23RD ST, Oakland CA 94606","Sidewalk repair NOTE: ***BEFORE any work in Right of Way, please call 510-238-3860 forty-eight hours in advance. Applicant is subject to fine if work is started WITHOUT scheduling a pre-inspection*** Install new driveway per approved plans per City Standard. If working within 25' feet of a monument you must comply with State Law 8771, contact the Inspector prior to starting excavation: minimum $5,800.00 fine for non-compliance. Comply with all terms of City of Oakland Public Works Standards, Street Excavation Rules, Revised March 2015 and City Council Ordinance No. 13300 C.M.S. Five-day prior notice required for work lasting five days or less in business/commercial districts: 72-hour notice in residential districts. Ten-day prior notice required for work lasting six days or more in all districts. USA# 2026",,
"06/12/2026","Permit Expired","OB2600714","Obstruction","2926 HARRISON ST, Oakland CA 94611","Reserve 2 (50') NON-METERED parking space(s) in front of parcel only for dumpster, construction vehicle, moving van or storage pod. Post No-parking signs 72 hours prior in residential areas. No impact on traffic lane or sidewalk allowed, except as noted on TCP/X permit. NO-PARKING SIGNS SHALL PICKED UP BY APPLICANT AFTER PAYMENT TO ENFORCE PERMIT REQUIREMENT. To have illegally parked vehicle ticketed: Call 510-777-3333. Applicant arranges towing. Comply with terms set forth in CVC Section 22651 (m). For towed vehicle: Call 510-238-3021.",,
"06/11/2026",,"26TMP-028372","DOT - Excavation (X)","12391 SKYLINE BLVD, Oakland CA 94619","Trenching for electrical relocation",,
"06/11/2026","Permit Issued","CGS2601430","DOT - Curb Gutter Sidewalk Standard Compliance Certificate","1954 87TH AVE, Oakland CA 94621",,,
"06/11/2026","Permit Issued","CGS2601425","DOT - Curb Gutter Sidewalk Standard Compliance Certificate","1068 82ND AVE, Oakland CA 94621",,,
"06/11/2026","Pending - Incomplete","BW26001811","(BW) - Building Worksheet (Building)","1704 96TH AVE, Oakland CA 94603","Current owners purchased property back in October 2010. The property already had an existing detached structure/storage room. It is approximately 120 square feet and has 2 windows and 1 door and electricity (ceiling light).Received a Notice of Violation regarding BLIGHT, but within the notice they indicated section 15.05.120 and required removal of structure or legalize. Owner will attempt to legalize as structure is already in place, with hopes that is will pass code inspection. If not, will then shift to remove structure from property.",,
"06/11/2026","Complete","BW26001817","(BW) - Building Worksheet (Building)","8735 THERMAL ST, Oakland CA 94605","revision to permit #RBC2601183 per inspector’s request:change from Ufp10 To urfpNo special inspection required  See plan attached",,
"06/11/2026","Permit Issued","RP2600772","(RP) Plumbing - 1 & 2 Unit Residential (Building)","4282 FRUITVALE AVE, Oakland CA 94602","Repipe old galvanized mainline from meter to the home with a 1"" L grade copper pipe",,
"06/11/2026","Certificate Issued","R2600730","(R) - ReRoof Certificate (Building)","2944 WEBSTER ST, Oakland CA 94609","Reroof 2600 sqft. install new shingles and torch down",,
"06/11/2026","Inspections - In Progress","SL2601144","(SL) - Sewer Lateral (OPW)","2509 66TH AVE, Oakland CA 94605","Repair/replace building sewer ON PROPERTY ONLY. SL & X required beyond PL. Overflow device may be needed. If working within 25' feet of a monument you must comply with State Law 8771, contact the Inspector prior to starting excavation: minimum $5,800.00 fine for non-compliance. USA # and date must be provided in order to have a permit issued. Permit valid for 90 days. If the work is to be performed on a designated “Creekside Property” the work will require a “Creek Protection Permit”. If the property is not currently flagged in Accela as a “Creekside Property” but work will be performed within 100’ of a creek channel, a “Creek Determination” should be conducted to determine if the work is subject to the Creek Protection Ordinance.  Call PWA INSPECTION prior to start: 510-238-3651 or email PWA_inspections@oaklandca.gov",,
"06/11/2026","Permit Issued","RM2600741","(RM) - Mechanical - 1 & 2 Unit Residential (Building)","4020 MAYBELLE AVE, Oakland CA 94619","provide and install one multizone mini split heat pump system",,
"06/11/2026","Pending - Incomplete","BW26001820","(BW) - Building Worksheet (Building)","4517 MARKET ST, Oakland CA 94608","Converting a 300 sqft office that is attached to the main building into an ADU/JDU. There is no change in the exterior or interior walls. A new window has been added, and another window has been replaced. The bathroom is remodeled, and a kitchen is added.",,
"06/11/2026","Permit Issued","RE2601446","(RE) - Electrical - 1 & 2 Unit Residential (Building)","799 SANTA RAY AVE, Oakland CA 94610","To upgrade the main panel from 100amp service to 200amp service.",,
"06/11/2026","Inspections - In Progress","SL2601139","(SL) - Sewer Lateral (OPW)","4049 CANON AVE, Oakland CA 94602","Replace sewer lateral from building to city main on the street.",,
"06/11/2026","Complete","BW26001812","(BW) - Building Worksheet (Building)","801 SANTA RAY AVE, Oakland CA 94610","Seismic retrofit - $250 permit retrofit fee program",,
"06/11/2026","Pending - Incomplete","BW26001814","(BW) - Building Worksheet (Building)","529 28TH ST, Oakland CA 94609","Replace exterior stairs to upstairs rear unit that has failed the EEE inspection.",,
"06/11/2026","Inspections - In Progress","SL2601136","(SL) - Sewer Lateral (OPW)","5212 LAWTON AVE, Oakland CA 94618","Sewer repair PSL",,
"06/11/2026","Void","BW26001822","(BW) - Building Worksheet (Building)","6824 SHERWICK DR, Oakland CA 94705","Saw cut and remove approximately 160 SQFT concrete area in existing driveway to repair water leak damage in the plywood deck under the slab. Cut out damaged plywood deck floor and replace in kind. Like for like replacement of any damaged structural floor framing components. Patch waterproofing membrane.  Patch concrete per original plans specifications. Replace existing channel drain at garage door.",,
"06/11/2026","Ready to Issue - Fee Due","SL2601141","(SL) - Sewer Lateral (OPW)","7009 SHIRLEY DR, Oakland CA 94611","New sewer installation from property line to middle of the street using 4inch SDR17 pipe material via open trench.",,
"06/11/2026",,"26TMP-026141","(RBC) New Construction - Single Family, Duplex or Accessory Structures","250 FRANK H OGAWA PZ, A, Oakland CA 94612","test",,
"06/11/2026","Intake - On Hold","X2600466","DOT - Excavation (X)","1000 22ND AVE, Oakland CA 94606","OAK-JB2347828-C-SEGReplace 3 vault with b48 vented lid vaults, replace 2 vault with doghouses and perform splicing at (13) existing locations for Comcast services. Traffic Control = 02 Days",,
"06/11/2026","Certificate Issued","R2600728","(R) - ReRoof Certificate (Building)","264 MATHER ST, Oakland CA 94611","Reroof 1500 sqft. install new torch down",,
"06/11/2026","Certificate Issued","R2600731","(R) - ReRoof Certificate (Building)","57 TERALYNN CT, Oakland CA 94619","Removal of the old roof and installation of new asphalt shingles on the pitched section (560 Sq.ft.) and app mod bitumen roof membrane on the flat section (778 Sq.f.t) .",,
"06/11/2026","Permit Issued","RP2600766","(RP) Plumbing - 1 & 2 Unit Residential (Building)","1716 83RD AVE, Oakland CA 94621","APROX 300' WATER REPIPE WITH COPPER - APROX 100' SEWER RE PIPE WITH ABS",,
"06/11/2026","Permit Issued","E2601443","(E) - Electrical - 3+ Residential Units or Commercial (Building)","941 APGAR ST, Oakland CA 94608","Upgrade 200 amp 4 meter service to new 5 Meter Main Electrical Service, 400 Amp",,
"06/11/2026","Permit Issued","CGS2601429","DOT - Curb Gutter Sidewalk Provisional Certificate","4987 SHAFTER AVE, Oakland CA 94609",,,
"06/11/2026","Final","RP2600769","(RP) Plumbing - 1 & 2 Unit Residential (Building)","7635 OUTLOOK AVE, Oakland CA 94605","replacing water line from the meter to the foundation",,
"06/11/2026","In Progress","TR-ND26-00060","(ND) - Non-Developmental Tree Permit (OPW)","6425 HILLMONT DR, Oakland CA 94605","Removal of a dying, over-mature acacia tree at front of property.",,
"06/11/2026",,"26TMP-028413","(BW) - Building Worksheet (Building)","1429 105TH AVE, Oakland CA 94603","Permit for Building with Worksheet.",,
"06/11/2026","Void","BW26001821","(BW) - Building Worksheet (Building)","9421 CASTLEWOOD ST, Oakland CA 94605","Re-roof",,
"06/11/2026","Permit Issued","RP2600768","(RP) Plumbing - 1 & 2 Unit Residential (Building)","6679 CHARING CROSS RD, Oakland CA 94618","Swap Gas water heater for 50 Gal Navien Heat Pump Water Heater - add hot water recirculating pump.",,
"06/11/2026","Final","SL2601138","(SL) - Sewer Lateral (OPW)","1201 45TH AVE, Oakland CA 94601","Replace damaged/backed up sewer lateral from foundation exit to property line on 45th Ave side of business",,
"06/11/2026","Intake - On Hold","SL2601147","(SL) - Sewer Lateral (OPW)","8227 NEY AVE, Oakland CA 94605","Repair/replace building sewer ON PROPERTY ONLY. SL & X required beyond PL. Overflow device may be needed. If working within 25' feet of a monument you must comply with State Law 8771, contact the Inspector prior to starting excavation: minimum $5,800.00 fine for non-compliance. USA # and date must be provided in order to have a permit issued. Permit valid for 90 days. If the work is to be performed on a designated “Creekside Property” the work will require a “Creek Protection Permit”. If the property is not currently flagged in Accela as a “Creekside Property” but work will be performed within 100’ of a creek channel, a “Creek Determination” should be conducted to determine if the work is subject to the Creek Protection Ordinance.",,
"06/11/2026","Permit Issued","CGS2601426","DOT - Curb Gutter Sidewalk Standard Compliance Certificate","1 BAY FOREST PL, Oakland CA 94611",,,
"06/11/2026","Complete","BW26001815","(BW) - Building Worksheet (Building)","1356 TRESTLE GLEN RD, Oakland CA 94610","MPU200A/225BUSS",,
"06/11/2026","Permit Issued","RE2601449","(RE) - Electrical - 1 & 2 Unit Residential (Building)","6122 OCEAN VIEW DR, Oakland CA 94618","meter upgrade from 100A to 200A",,
"06/11/2026","Permit Issued","CGS2601424","DOT - Curb Gutter Sidewalk Standard Compliance Certificate","579 KENMORE AVE, Oakland CA 94610",,,
"06/11/2026","Inspections - In Progress","SL2601137","(SL) - Sewer Lateral (OPW)","726 E 23RD ST, Oakland CA 94606","Repair/replace sewer lateral and EXCAVATE in PUBLIC RIGHT-OF-WAY. Overflow device may be needed. If working within 25' feet of a monument you must comply with State Law 8771, contact the Inspector prior to starting excavation: minimum $5,800.00 fine for non-compliance. Comply with all terms of City of Oakland Public Works Standards, Street Excavation Rules, Revised March 2015 and City Council Ordinance No. 13300 C.M.S. Five days prior notice required for work lasting five days or less in business/commercial districts: 72 hour notice in residential districts. Ten days prior notice required for work lasting six days or more in all districts. USA # and date must be provided in order to have a permit issued. Permit valid 90 days. If the work is to be performed on a designated “Creekside Property” the work will require a “Creek Protection Permit”. If the property is not currently flagged in Accela as a “Creekside Property” but work will be performed within 100’ of a creek channel, a “Creek Determination” should be conducted to determine if the work is subject to the Creek Protection Ordinance. Permit valid 90 days. PRIOR TO START, please schedule your inspection via the contractor's mobile app: https://citygovapp.com/app/opwirprod.htm USA#2026061002043-000",,
"06/11/2026",,"26TMP-027562","(M) - Mechanical - 3+ Residential Units or Commercial (Building)","403 ADAMS ST, Oakland CA 94610","Replace furnace and A/C",,
"06/11/2026","Permit Issued","CGS2601431","DOT - Curb Gutter Sidewalk Provisional Certificate","2431 LINDEN ST, Oakland CA 94607",,,
"06/11/2026","Pending - Incomplete","BW26001819","(BW) - Building Worksheet (Building)","240 GRAND AVE, Oakland CA 94610","Replace deteriorated Unit 12 steel balcony due to structural corrosion and loss of load-carrying capacity. Repair exterior wall water intrusion damage, including selective stucco removal and replacement, repair of damaged framing as required, installation of weather-resistive barrier and flashing, and restoration of stucco finishes per engineer's recommendations",,
"06/11/2026","Withdrawn","RP2600770","(RP) Plumbing - 1 & 2 Unit Residential (Building)","2415 90TH AVE, Oakland CA 94603","Sewer line repair from foundation to property line",,
"06/11/2026","Permit Issued","P2600773","(P) - Plumbing - 3+ Residential Units or commercial (Building)","385 JAYNE AVE, Oakland CA 94610","Unit 206 was damaged due to fire. CSC acquired a permit # B2600881 for repairs. During abatement/demo by others, the bathtub, shower valve and angle stops were damaged and need to be replaced.",,
"06/11/2026","Pending-Document Uploaded","R2600733","(R) - ReRoof Certificate (Building)","570 GRAND AVE, Oakland CA 94610","Upper Flat Roof: Remove existing membrane and install new 60mil white cool roof TPO plus 3.5"" polyiso insulation. Lower: Remove existing membrane and install new 60mil white cool roof TPO plus 3.5"" polyiso insulation. Small bay window/mech room roof: remove shingles and replace with cool roof asphalt shingles.Installer: D7 Roofing Services, Inc. CA LIC#746471 (C39 Roofing)",,
"06/11/2026","Pending - Incomplete","BW26001823","(BW) - Building Worksheet (Building)","2758 E 7TH ST, Oakland CA 94601","Commercial remodel/tenant improvement in existing warehouse space, approximately 5,918 SF.  This will be a cannabis cultivation facility.  Scope of work includes framing, mechanical, electrical and plumbing.",,
"06/11/2026","Permit Issued","RM2600740","(RM) - Mechanical - 1 & 2 Unit Residential (Building)","6679 CHARING CROSS RD, Oakland CA 94618","3 Ton Fujitsu Heat Pump change out",,
"06/11/2026","Complete","BW26001813","(BW) - Building Worksheet (Building)","846 YORK ST, Oakland CA 94610","Soft Story Retrofit and Partial Foundation Repair",,
"06/11/2026","Inspections - In Progress","SL2601145","(SL) - Sewer Lateral (OPW)","1516 WELLINGTON ST, Oakland CA 94602","Full replacement of sewer lateral via trenchless pipe bursting method using 4 inch SDR17 material",,
"06/11/2026","Permit Issued","CGS2601428","DOT - Curb Gutter Sidewalk Standard Compliance Certificate","45 SCHOONER HL, Oakland CA 94618",,,
"06/11/2026","Permit Issued","M2600742","(M) - Mechanical - 3+ Residential Units or Commercial (Building)","2330 TELEGRAPH AVE, Oakland CA 94612","4 TON GAS PACKAGE UNIT CHANGEOUT ON ROOF.",,
"06/11/2026","Permit Issued","CGS2601427","DOT - Curb Gutter Sidewalk Standard Compliance Certificate","2257 PARK BLVD, Oakland CA 94606",,,
"06/11/2026","Permit Issued","RE2601444","(RE) - Electrical - 1 & 2 Unit Residential (Building)","6679 CHARING CROSS RD, Oakland CA 94618","Replace existing 100a subpanel with 100a SPAN Panel",,
"06/11/2026","Certificate Issued","R2600729","(R) - ReRoof Certificate (Building)","3970 PIEDMONT AVE, Oakland CA 94611","Remove the existing roof covering and install new modified bitumen with 2 layers of base. No sheathing replacement.Roof size is about 7000 sq ft,",,
"06/11/2026","Complete","BW26001816","(BW) - Building Worksheet (Building)","2230 39TH AVE, Oakland CA 94601","Lead Abatement after a fire to the interior finishes.",,
"06/11/2026","Permit Issued","SEA2600528","SolarApp+ (For roof mounted residential solar projects not exceeding 38.4kw total done with SolarApp+- contractor use)","3021 CARLSEN ST, Oakland CA 94602","Installing 13 roof-mounted PV modules. 5.72kW DC. installing 2 ESS batteries. 27kWh total.",,
"06/11/2026","Permit Issued","RP2600771","(RP) Plumbing - 1 & 2 Unit Residential (Building)","6307 MELVILLE DR, Oakland CA 94611","3 BATHROOM DRAIN REPIPE- IN CRAWL SPACE USING ABS WITH (16) fixtures3 BATHROOM FRESH WATER REPIPE- IN CRAWL SPACE USING COPPER WITH (16) fixturesADDING TRENCHED WATER LINE 60 FT COPPER PIPE 18 INCH DEPTH 4 HOLES . 1 INCH PIPE SIZE.",,
"06/11/2026","Inspections - In Progress","SL2601140","(SL) - Sewer Lateral (OPW)","2257 PARK BLVD, Oakland CA 94606","Repair/replace building sewer ON PROPERTY ONLY. SL & X required beyond PL. Overflow device may be needed. If working within 25' feet of a monument you must comply with State Law 8771, contact the Inspector prior to starting excavation: minimum $5,800.00 fine for non-compliance. USA # and date must be provided in order to have a permit issued. Permit valid for 90 days. If the work is to be performed on a designated “Creekside Property” the work will require a “Creek Protection Permit”. If the property is not currently flagged in Accela as a “Creekside Property” but work will be performed within 100’ of a creek channel, a “Creek Determination” should be conducted to determine if the work is subject to the Creek Protection Ordinance.  Call PWA INSPECTION prior to start: 510-238-3651 or email PWA_inspections@oaklandca.gov USA # 2026061001461",,
"06/11/2026","Complete","BW26001810","(BW) - Building Worksheet (Building)","3938 COOLIDGE AVE, Oakland CA 94602","Foundation Replacement",,
"06/11/2026","Permit Issued","RE2601448","(RE) - Electrical - 1 & 2 Unit Residential (Building)","3740 CANON AVE, Oakland CA 94602","Replace electrical box to 200 amps",,
"06/11/2026","Inspections - In Progress","SL2601142","(SL) - Sewer Lateral (OPW)","3101 SHEFFIELD AVE, Oakland CA 94602","Repair/replace building sewer ON PROPERTY ONLY. SL & X required beyond PL. Overflow device may be needed. If working within 25' feet of a monument you must comply with State Law 8771, contact the Inspector prior to starting excavation: minimum $5,800.00 fine for non-compliance. USA # and date must be provided in order to have a permit issued. Permit valid for 90 days. If the work is to be performed on a designated “Creekside Property” the work will require a “Creek Protection Permit”. If the property is not currently flagged in Accela as a “Creekside Property” but work will be performed within 100’ of a creek channel, a “Creek Determination” should be conducted to determine if the work is subject to the Creek Protection Ordinance.  Call PWA INSPECTION prior to start: 510-238-3651 or email PWA_inspections@oaklandca.gov",,
"06/11/2026","Inspections - In Progress","SL2601143","(SL) - Sewer Lateral (OPW)","1707 78TH AVE, Oakland CA 94621","Repair/replace sewer lateral and EXCAVATE in PUBLIC RIGHT-OF-WAY. Overflow device may be needed.  If working within 25' feet of a monument you must comply with State Law 8771, contact the Inspector prior to starting excavation: minimum $5,800.00 fine for non-compliance. Comply with all terms of City of Oakland Public Works Standards, Street Excavation Rules, Revised March 2015 and City Council Ordinance No. 13300 C.M.S. Five days prior notice required for work lasting five days or less in business/commercial districts; 72 hour notice in residential districts. Ten days prior notice required for work lasting six days or more in all districts. USA # and date must be provided in order to have a permit issued. Permit valid 90 days. If the work is to be performed on a designated “Creekside Property” the work will require a “Creek Protection Permit”. If the property is not currently flagged in Accela as a “Creekside Property” but work will be performed within 100’ of a creek channel, a “Creek Determination” should be conducted to determine if the work is subject to the Creek Protection Ordinance.  Call PWA INSPECTION prior to start: 510-238-3651 or email PWA_inspections@oaklandca.gov.",,
"06/11/2026","Complete","BW26001808","(BW) - Building Worksheet (Building)","5160 CLAREMONT AVE, Oakland CA 94618","Removal of Cellular equipment on rooftop. No installations. Nothing being disturbed structurally. Simple just taking the equipment off of the rooftop.",,
"06/11/2026","Inspections - In Progress","SL2601146","(SL) - Sewer Lateral (OPW)","5360 JAMES AVE, Oakland CA 94618","Repair/replace sewer lateral and EXCAVATE in PUBLIC RIGHT-OF-WAY. Overflow device may be needed.  If working within 25' feet of a monument you must comply with State Law 8771, contact the Inspector prior to starting excavation: minimum $5,800.00 fine for non-compliance. Comply with all terms of City of Oakland Public Works Standards, Street Excavation Rules, Revised March 2015 and City Council Ordinance No. 13300 C.M.S. Five days prior notice required for work lasting five days or less in business/commercial districts; 72 hour notice in residential districts. Ten days prior notice required for work lasting six days or more in all districts. USA # and date must be provided in order to have a permit issued. Permit valid 90 days. If the work is to be performed on a designated “Creekside Property” the work will require a “Creek Protection Permit”. If the property is not currently flagged in Accela as a “Creekside Property” but work will be performed within 100’ of a creek channel, a “Creek Determination” should be conducted to determine if the work is subject to the Creek Protection Ordinance.",,
"06/11/2026","Certificate Issued","R2600732","(R) - ReRoof Certificate (Building)","947 91ST AVE, Oakland CA 94603","refoof",,
"06/11/2026","Permit Issued","OB2600713","Obstruction","51 9TH ST, Oakland CA 94607","Block 12'x50' portion of s/w. Leave 5.5’ clear for pedestrian access, except as otherwise noted on TCP/X permit. Ensure that environmental controls are in place to prevent dust/debris/waste water from contaminating environment.Comply with all terms, conditions and restrictions stated in the Traffic Control Plan. Any/all changes need prior written approval. Provide original Traffic Control Plan at each renewal.TSD-24-0092, 06/27/2024: TCP GOOD FOR 08/17-09/07/2024, 7AM-4PMTSD-24-0092a, 08/05/2024: TCP GOOD FOR 09/15-10/05/2024, 7AM-4PM (date change)TSD-24-0092b, 02/12/2025: TCP GOOD FOR 02/18-04/18/2025, 7AM-4PM (date change)TSD-24-0092c, 07/03/2025: TCP GOOD FOR 07/07-10/04/2025, 7AM-4PMTSD-24-0092d, 06/11/2026: TCP GOOD FOR 10/05/2025-04/02/2026, 7AM-4PMTSD-24-0092de 06/11/2026: TCP GOOD FOR 04/03-09/29/2026, 7AM-4PM",,
"06/11/2026","Permit Issued","OB2600712","Obstruction","51 9TH ST, Oakland CA 94607","Block 12'x50' portion of s/w. Leave 5.5’ clear for pedestrian access, except as otherwise noted on TCP/X permit. Ensure that environmental controls are in place to prevent dust/debris/waste water from contaminating environment.Comply with all terms, conditions and restrictions stated in the Traffic Control Plan. Any/all changes need prior written approval. Provide original Traffic Control Plan at each renewal.TSD-24-0092, 06/27/2024: TCP GOOD FOR 08/17-09/07/2024, 7AM-4PMTSD-24-0092a, 08/05/2024: TCP GOOD FOR 09/15-10/05/2024, 7AM-4PM (date change)TSD-24-0092b, 02/12/2025: TCP GOOD FOR 02/18-04/18/2025, 7AM-4PM (date change)TSD-24-0092c, 07/03/2025: TCP GOOD FOR 07/07-10/04/2025, 7AM-4PMTSD-24-0092d, 06/11/2026: TCP GOOD FOR 10/05/2025-04/02/2026, 7AM-4PM",,
"06/11/2026","Plan Routing - Completed","B2601678","(B) - Building Alteration - 3+ Residential Units or Commercial (Building)","107 BURMA RD, OAKLAND CA 94607","Remove (2) antennas, (2) radios, (2) cables, (2) T-arm mounts, and (1) collar mount. Relocate (4) antennas and (1) radio. Install new mount, (3) antennas, (4) radios, and (2) hybrid trunk cables. Ground: Remove (1) enclosure and relocate (1) enclosure.",,
"06/11/2026","Payment Received","OB2600711","Obstruction","0 MACARTHUR BLVD, Oakland CA 94611","Reserve 2 METERED parking space(s) in front of parcel only for dumpster, construction vehicle, moving van or storage pod. No impact on traffic lane or sidewalk allowed, except as noted except as noted on TCP/X permit. NO-PARKING SIGNS SHALL PICKED UP BY APPLICANT AFTER PAYMENT TO ENFORCE PERMIT REQUIREMENT. To have illegally parked vehicle ticketed: Call 510-777-3333. Applicant arranges towing. Comply with terms set forth in CVC Section 22651 (m). For towed vehicle: Call 510-238-3021.",,
"06/11/2026","Permit Issued","CGS2601432","DOT - Curb Gutter Sidewalk Exemption Certificate","85 GRAVATT DR, Oakland CA 94603",,,
"06/11/2026","On Hold - Field Check Pending","B2601677","(B) - Building Alteration - 3+ Residential Units or Commercial (Building)","1049 55TH ST, Oakland CA 94608","At existing mixed use building, replace windows retrofit installation, replace plaster at windows with drywall, prime and paint walls and floors. Separate trade permits required for any electrical, mechanical, or plumbing work. DRX260777. To partially abate CE# 2602701",,
"06/11/2026","Minor Engineer of Day Review","B2601676","(B) - Building Alteration - 3+ Residential Units or Commercial (Building)","4901 E 12TH ST, OAKLAND CA 94601","Anchorage and platforms for HVAC system.  Separate Mechanical permit required.",,
"06/11/2026","In Review","X2600472","DOT - Excavation (X)","431 36TH ST, UNIT A, OAKLAND CA 94609","PG&E PM 35726057-PG&E to replace joint pole in same hole set, OH services, install OH transformer, secondary breakers, and trim/remove vegetation.  Ensure that environmental controls are in place to prevent dust/debris/wastewater from contaminating environment. If working within 15 feet of a monument you must comply with State Law 8771, contact the Inspector prior to starting excavation: minimum $5,800.00 fine for non-compliance. Comply with all terms of City of Oakland Public Works Standards, Street Excavation Rules, Revised August 2021 and City Council Ordinance No. 13300 C.M.S. Five days’ prior notice required for work lasting five days or less in business/commercial districts: 72-hours’ notice in residential districts. Ten days prior notice required for work lasting six days or more in all districts. SCHEDULE INSPECTION at least 48 hours in advance at: http://oaklanddot.com/projects/search.html """,,
"06/11/2026","Complete","BW26001818","(BW) - Building Worksheet (Building)","2579 35TH AVE, Oakland CA 94601","(Revision to Permit Number RBC2503296) The homeowner has decided they want the new bathroom to reside in the new storage space. On the original plans they had the bathroom in the converted garage. It will now sit in the excavated space.",,
"06/11/2026","Permit Issued","RBC2601675","(RBC) - Building Residential Combo Alteration- 1 & 2 Unit Residential (Building)","4050 BALFOUR AVE, Oakland CA 94610","Replace 4 retrofit windows. DRX260818",,
"06/11/2026","Permit Issued","RE2601447","(RE) - Electrical - 1 & 2 Unit Residential (Building)","31 SHADOW MOUNTAIN, OAKLAND CA 94605","ADD NEW A/C TO BACKYARD. USE EXISTING DUCTWORK.",,
"06/11/2026","Intake - Completed","B2601674","(B) - Building Alteration - 3+ Residential Units or Commercial (Building)","2336 FRUITVALE AVE, Oakland CA 94601","Replace the fascia board on the front 2nd floor stairs. Replace the fascia board for 2nd and 3rd floor hallway. 25E3M00510. DRX260552.",,
"06/11/2026","On Hold - Fee Due","RBC2601673","(RBC) - Building Residential Combo Alteration- 1 & 2 Unit Residential (Building)","361 ALCATRAZ AVE, Oakland CA 94618","At rear side of SFD: Demolish 147sf old rear ground floor addition and construct 180sf (+33sf net) addition as bedroom. Remodel existing 65sf bathroom/Laundry and family room. New deck and stairs at rear 165SF. Install (n) windows. Relocate HVAC unit. M-E-P included. Paint included. DS260128",,
"06/11/2026","In Review","X2600471","DOT - Excavation (X)","294 HEGENBERGER RD, Oakland CA 94621","PG&E PM 35703708-PG&E to replace UG primary, riser, install subsurface junction, padmount interrupter, enclosure, OH switch, fault indicators and disconnects. PG&E to trench and restore on franchise. Trenching 40' x 18"" x 40'.  Ensure that environmental controls are in place to prevent dust/debris/wastewater from contaminating environment. If working within 15 feet of a monument you must comply with State Law 8771, contact the Inspector prior to starting excavation: minimum $5,800.00 fine for non-compliance. Comply with all terms of City of Oakland Public Works Standards, Street Excavation Rules, Revised August 2021 and City Council Ordinance No. 13300 C.M.S. Five days’ prior notice required for work lasting five days or less in business/commercial districts: 72-hours’ notice in residential districts. Ten days prior notice required for work lasting six days or more in all districts. SCHEDULE INSPECTION at least 48 hours in advance at: http://oaklanddot.com/projects/search.html """,,
"06/11/2026","Minor Engineer of Day Review","RBC2601672","(RBC) - Building Residential Combo Alteration- 1 & 2 Unit Residential (Building)","977 57TH ST, Oakland CA 94608","Voluntary seismic retrofit at single story two unit dwelling structure",,
"06/11/2026","Permit Expired","OB2600710","Obstruction","1205 FRANKLIN ST, Oakland CA 94606","Reserve 1 (25') NON-METERED parking space(s) in front of parcel only for dumpster, construction vehicle, moving van or storage pod. Post No-parking signs 72 hours prior in residential areas. No impact on traffic lane or sidewalk allowed, except as noted on TCP/X permit. NO-PARKING SIGNS SHALL PICKED UP BY APPLICANT AFTER PAYMENT TO ENFORCE PERMIT REQUIREMENT. To have illegally parked vehicle ticketed: Call 510-777-3333. Applicant arranges towing. Comply with terms set forth in CVC Section 22651 (m). For towed vehicle: Call 510-238-3021.",,
"06/11/2026","Permit Issued","X2600470","DOT - Excavation (X)","5315 COLLEGE AVE, Oakland CA 94618","PG&E PM 35710796-PG&E to replace UG service, UG secondary, riser and secondary splice boxes. PG&E to trench and restore for betterment.  Trenching 173' x 18"" x 40"".  Ensure that environmental controls are in place to prevent dust/debris/wastewater from contaminating environment. If working within 15 feet of a monument you must comply with State Law 8771, contact the Inspector prior to starting excavation: minimum $5,800.00 fine for non-compliance. Comply with all terms of City of Oakland Public Works Standards, Street Excavation Rules, Revised August 2021 and City Council Ordinance No. 13300 C.M.S. Five days’ prior notice required for work lasting five days or less in business/commercial districts: 72-hours’ notice in residential districts. Ten days prior notice required for work lasting six days or more in all districts. SCHEDULE INSPECTION at least 48 hours in advance at: http://oaklanddot.com/projects/search.html """,,
"06/11/2026","Permit Expired","OB2600709","Obstruction","585 9TH ST, Oakland CA 94607","Reserve 3 METERED parking space(s) in front of parcel only for dumpster, construction vehicle, moving van or storage pod. No impact on traffic lane or sidewalk allowed, except as noted except as noted on TCP/X permit. NO-PARKING SIGNS SHALL PICKED UP BY APPLICANT AFTER PAYMENT TO ENFORCE PERMIT REQUIREMENT. To have illegally parked vehicle ticketed: Call 510-777-3333. Applicant arranges towing. Comply with terms set forth in CVC Section 22651 (m). For towed vehicle: Call 510-238-3021.8th ST.",,
"06/11/2026","Void","OB2600708","Obstruction","1021 E 23RD ST, Oakland CA 94606","Reserve 2 (50') NON-METERED parking space(s) in front of parcel only for dumpster, construction vehicle, moving van or storage pod. Post No-parking signs 72 hours prior in residential areas. No impact on traffic lane or sidewalk allowed, except as noted on TCP/X permit. NO-PARKING SIGNS SHALL PICKED UP BY APPLICANT AFTER PAYMENT TO ENFORCE PERMIT REQUIREMENT. To have illegally parked vehicle ticketed: Call 510-777-3333. Applicant arranges towing. Comply with terms set forth in CVC Section 22651 (m). For towed vehicle: Call 510-238-3021.",,
"06/11/2026","Permit Issued","RE2601445","(RE) - Electrical - 1 & 2 Unit Residential (Building)","4045 LA CRESTA AVE, Oakland CA 94602","Perform residential electrical safety rewiring including replacement of existing branch circuit wiring with new grounded copper wiring to meet current code requirements. Scope includes rewiring and replacement of existing receptacles, switches, lighting fixtures, and associated circuits, installation of AFCI/GFCI protection where required, addition of code-required receptacles, attic access for wiring installation, insulation removal and replacement as needed, and related patching/restoration using fishing methods where applicable.",,
"06/11/2026","In Review","X2600469","DOT - Excavation (X)","3712 REDWOOD RD, Oakland CA 94619","PG&E PM 35529665- Related Permit: ENMI26093  PG&E to replace (4) joint poles, OH services, OH secondary, anchors, riser, UG primary, install OH transformers, subsurface interrupter switch, OH fuse, enclosure, OH primary and trim/remove vegetation. PG&E to trench and restore.To replace permit X2400991. Trenching 353' x 18"" x 40"".  Ensure that environmental controls are in place to prevent dust/debris/wastewater from contaminating environment. If working within 15 feet of a monument you must comply with State Law 8771, contact the Inspector prior to starting excavation: minimum $5,800.00 fine for non-compliance. Comply with all terms of City of Oakland Public Works Standards, Street Excavation Rules, Revised August 2021 and City Council Ordinance No. 13300 C.M.S. Five days’ prior notice required for work lasting five days or less in business/commercial districts: 72-hours’ notice in residential districts. Ten days prior notice required for work lasting six days or more in all districts. SCHEDULE INSPECTION at least 48 hours in advance at: http://oaklanddot.com/projects/search.html """,,
"06/11/2026","Permit Expired","OB2600707","Obstruction","4307 TELEGRAPH AVE, Oakland CA 94609","Block portion of s/w. Leave 5.5’ clear for pedestrian access, except as otherwise noted on TCP/X permit. Ensure that environmental controls are in place to prevent dust/debris/waste water from contaminating environment.TREE TRIMMING",,
"06/11/2026","Permit Issued","RBC2601671","(RBC) - Building Residential Combo Alteration- 1 & 2 Unit Residential (Building)","5918 MARDEN LN, Oakland CA 94611","At single-family dwelling: Foundation repair using 13 Push Piers, and 2 concentric Piers, and 6 Drilled Piers. No mechanical, electrical, or plumbing included.",,
"06/11/2026","Intake - On Hold","RBC2601670","(RBC) New Construction - Single Family, Duplex or Accessory Structures","1230 86TH AVE, Oakland CA 94621","Construct a new detached 746 sq. ft. pre-approved ADU w/  two bedrooms, one bathroom, and an all-electric design with a separate electrical meter. New ADU to be at rear of SFD addressed as 1232 86th Ave.",,
"06/11/2026","Permit Expired","OB2600706","Obstruction","3090 GLASCOCK ST, Oakland CA 94601","Reserve 12 METERED parking space(s) in front of parcel only for dumpster, construction vehicle, moving van or storage pod. No impact on traffic lane or sidewalk allowed, except as noted except as noted on TCP/X permit. NO-PARKING SIGNS SHALL PICKED UP BY APPLICANT AFTER PAYMENT TO ENFORCE PERMIT REQUIREMENT. To have illegally parked vehicle ticketed: Call 510-777-3333. Applicant arranges towing. Comply with terms set forth in CVC Section 22651 (m). For towed vehicle: Call 510-238-3021.",,
"06/11/2026","Intake - Completed","X2600468","DOT - Excavation (X)","2870 CHAPMAN ST, Oakland CA 94601","Mastec PM OAK-JB2447514-C-SEG-LATELLEOverlash approx. 980'± of aerial fiber thru 08 existing poles, 02 replace doghouses, 01 replace vault & 02 replace B48 vented vaults"" and perform splicing at (24) locations for Comcast services. Traffic Control = 04 Days.  Ensure that environmental controls are in place to prevent dust/debris/wastewater from contaminating environment. If working within 15 feet of a monument you must comply with State Law 8771, contact the Inspector prior to starting excavation: minimum $5,800.00 fine for non-compliance. Comply with all terms of City of Oakland Public Works Standards, Street Excavation Rules, Revised August 2021 and City Council Ordinance No. 13300 C.M.S. Five days’ prior notice required for work lasting five days or less in business/commercial districts: 72-hours’ notice in residential districts. Ten days prior notice required for work lasting six days or more in all districts. SCHEDULE INSPECTION at least 48 hours in advance at: http://oaklanddot.com/projects/search.html """,,
"06/11/2026","Void","OB2600705","Obstruction","5818 IVANHOE RD, Oakland CA 94618","Reserve 2 METERED parking space(s) in front of parcel only for dumpster, construction vehicle, moving van or storage pod. No impact on traffic lane or sidewalk allowed, except as noted except as noted on TCP/X permit. NO-PARKING SIGNS SHALL PICKED UP BY APPLICANT AFTER PAYMENT TO ENFORCE PERMIT REQUIREMENT. To have illegally parked vehicle ticketed: Call 510-777-3333. Applicant arranges towing. Comply with terms set forth in CVC Section 22651 (m). For towed vehicle: Call 510-238-3021.",,
"06/11/2026","In Review","X2600467","DOT - Excavation (X)","654 13TH ST, Oakland CA 94612","Cable PM JB2610342 -CSMB. This project proposes to trench approx. 113ft from an existing CATV vault along Martin Luther King Jr. Way Install 1 new CATV vault, a (2)2"" conduit and a Comcast cable. Restore the affected areas.  Trenching 113' x 3'.  Ensure that environmental controls are in place to prevent dust/debris/wastewater from contaminating environment. If working within 15 feet of a monument you must comply with State Law 8771, contact the Inspector prior to starting excavation: minimum $5,800.00 fine for non-compliance. Comply with all terms of City of Oakland Public Works Standards, Street Excavation Rules, Revised August 2021 and City Council Ordinance No. 13300 C.M.S. Five days’ prior notice required for work lasting five days or less in business/commercial districts: 72-hours’ notice in residential districts. Ten days prior notice required for work lasting six days or more in all districts. SCHEDULE INSPECTION at least 48 hours in advance at: http://oaklanddot.com/projects/search.html """,,
"06/11/2026","On Hold - Field Check Pending","B2601669","Non-Residential Building - Demolition","2751 73RD AVE, Oakland CA 94605","Remove (E) clock tower for preparation for ""Liberation Park"" - new 6 story affordable housing.  Tower is located near (E) entrance from 73rd Ave.",,
"06/11/2026","Permit Issued","RBC2601668","(RBC) - Building Residential Combo Alteration- 1 & 2 Unit Residential (Building)","1947 106TH AVE, Oakland CA 94603","At existing SFD, replace drywall on ceiling in living room, bedroom, and dining room. Install new outlets. Includes related electrical. No exterior work.6.29.26 REV1 - 125A main service panel and re-wire subpanel.",,
"06/11/2026","Permit Issued","RBC2601667","(RBC) - Building Residential Combo Alteration- 1 & 2 Unit Residential (Building)","1032 ELSINORE AVE, Oakland CA 94602","At existing SFD, remodel bathroom. No wall or layout changes, no exterior work. Includes related MEPs.",,
"06/11/2026","On Hold","RBC2601666","(RBC) - Building Residential Combo Alteration- 1 & 2 Unit Residential (Building)","5908 MONADNOCK WY, Oakland CA 94605","At existing SFD, upgrade foundation per Plan Set A. No MEPs, no exterior work.",,
"06/11/2026","Permit Expired","OB2600704","Obstruction","3009 BROADMOOR VW, Oakland CA 94605","Reserve 1 (25') NON-METERED parking space(s) in front of parcel only for dumpster, construction vehicle, moving van or storage pod. No impact on traffic lane or sidewalk allowed, except as noted except as noted on TCP/X permit. NO-PARKING SIGNS SHALL PICKED UP BY APPLICANT AFTER PAYMENT TO ENFORCE PERMIT REQUIREMENT. To have illegally parked vehicle ticketed: Call 510-777-3333. Applicant arranges towing. Comply with terms set forth in CVC Section 22651 (m). For towed vehicle: Call 510-238-3021.",,
"06/11/2026","Permit Issued","OB2600703","Obstruction","4193 SHAFTER AVE, Oakland CA 94609","Reserve 1 (25') NON-METERED parking space(s) in front of parcel only for dumpster, construction vehicle, moving van or storage pod. No impact on traffic lane or sidewalk allowed, except as noted except as noted on TCP/X permit. NO-PARKING SIGNS SHALL PICKED UP BY APPLICANT AFTER PAYMENT TO ENFORCE PERMIT REQUIREMENT. To have illegally parked vehicle ticketed: Call 510-777-3333. Applicant arranges towing. Comply with terms set forth in CVC Section 22651 (m). For towed vehicle: Call 510-238-3021.",,
"06/11/2026","On Hold","RB2601665","Residential Building - Demolition","3764 SUTER ST, Oakland CA 94619","At rear of existing SFD, demolish entire detached accessory building of 322SF. DS250006.",,
"06/11/2026","Intake - Completed","X2600465","DOT - Excavation (X)","958 77TH AVE, Oakland CA 94621","Howard earth Boring Service PM 35699200; Excavating a trench.  Trenching 255' x 2' x 4'.  Ensure that environmental controls are in place to prevent dust/debris/wastewater from contaminating environment. If working within 15 feet of a monument you must comply with State Law 8771, contact the Inspector prior to starting excavation: minimum $5,800.00 fine for non-compliance. Comply with all terms of City of Oakland Public Works Standards, Street Excavation Rules, Revised August 2021 and City Council Ordinance No. 13300 C.M.S. Five days’ prior notice required for work lasting five days or less in business/commercial districts: 72-hours’ notice in residential districts. Ten days prior notice required for work lasting six days or more in all districts. SCHEDULE INSPECTION at least 48 hours in advance at: http://oaklanddot.com/projects/search.html """,,
"06/11/2026","Plan Review In Progress","RBC2601664","(RBC) - Building Residential Combo Alteration- 1 & 2 Unit Residential (Building)","4307 CARSON ST, Oakland CA 94619","At Single Family Dwelling: designate a new 686 SF 2 bed/1 bath attached ADU within the building envelope. Unit to be designated 4305 Carson St. Includes all electrical, mechanical, and plumbing work. ADU260061.",,
"06/11/2026","Routing - Completed","RBC2601663","(RBC) - Building Residential Combo Alteration- 1 & 2 Unit Residential (Building)","847 MEAD AVE, Oakland CA 94607","At existing SFD (847 Masonic Ave) under AB2533 legalize 804.75sf basement ADU with 2bed/1bath and complete permit RE2403121 to replace existing main panel with new 100-amp panel with (6) existing circuits due to tree damage.  Includes all related MEP.  Includes lead-based paint abatement.  To abate CE Case #2407330.  New ADU to be addressed as 845 Masonic Ave.",,
"06/11/2026","In Review","X2600464","DOT - Excavation (X)","2452 HUMBOLDT AVE, Oakland CA 94601","PG&E PM 47351058 PG&E to excavate in the public ROW to repair a gas leak. restoration to follow. Ensure that environmental controls are in place to prevent dust/debris/wastewater from contaminating environment. If working within 15 feet of a monument you must comply with State Law 8771, contact the Inspector prior to starting excavation: minimum $5,800.00 fine for non-compliance. Comply with all terms of City of Oakland Public Works Standards, Street Excavation Rules, Revised August 2021 and City Council Ordinance No. 13300 C.M.S. Five days’ prior notice required for work lasting five days or less in business/commercial districts: 72-hours’ notice in residential districts. Ten days prior notice required for work lasting six days or more in all districts. SCHEDULE INSPECTION at least 48 hours in advance at: http://oaklanddot.com/projects/search.html """,,
"06/11/2026","In Review","X2600463","DOT - Excavation (X)","6101 AVENAL AVE, Oakland CA 94605","PG&E PM 35717170-PG&E to replace OH service.  Ensure that environmental controls are in place to prevent dust/debris/wastewater from contaminating environment. If working within 15 feet of a monument you must comply with State Law 8771, contact the Inspector prior to starting excavation: minimum $5,800.00 fine for non-compliance. Comply with all terms of City of Oakland Public Works Standards, Street Excavation Rules, Revised August 2021 and City Council Ordinance No. 13300 C.M.S. Five days’ prior notice required for work lasting five days or less in business/commercial districts: 72-hours’ notice in residential districts. Ten days prior notice required for work lasting six days or more in all districts. SCHEDULE INSPECTION at least 48 hours in advance at: http://oaklanddot.com/projects/search.html """,,
"06/11/2026","Complete","BW26001809","(BW) - Building Worksheet (Building)","584 14TH ST, Oakland CA 94612","""Planning/Zoning and Building Plan Check Revision""  Revision to B1804834.",,
"06/11/2026","In Review","X2600462","DOT - Excavation (X)","1438 47TH AVE, Oakland CA 94601","PG&E PM 35681538-PG&E to replace OH service. Ensure that environmental controls are in place to prevent dust/debris/wastewater from contaminating environment. If working within 15 feet of a monument you must comply with State Law 8771, contact the Inspector prior to starting excavation: minimum $5,800.00 fine for non-compliance. Comply with all terms of City of Oakland Public Works Standards, Street Excavation Rules, Revised August 2021 and City Council Ordinance No. 13300 C.M.S. Five days’ prior notice required for work lasting five days or less in business/commercial districts: 72-hours’ notice in residential districts. Ten days prior notice required for work lasting six days or more in all districts. SCHEDULE INSPECTION at least 48 hours in advance at: http://oaklanddot.com/projects/search.html """,,
"06/11/2026","Final","RP2600767","(RP) Plumbing - 1 & 2 Unit Residential (Building)","122 BUCKEYE AVE, Oakland CA 94618","Replace the leaky 50 gallon gas water heater with sanco2 heat pump water heater with 83 storage Tank etc",,
"06/11/2026","Minor Engineer of Day Review","RBC2601662","(RBC) - Building Residential Combo Alteration- 1 & 2 Unit Residential (Building)","2625 99TH AVE, Oakland CA 94605","At single-family dwelling: Driveway replacement to reduce slope, increase width, and replace retaining wall. No mechanical, electrical, or plumbing included.",,
"06/10/2026","Complete","BW26001805","(BW) - Building Worksheet (Building)","4733 DUNKIRK AVE, Oakland CA 94605","Replace rear deck damaged by landslide using existing piers.  Same location.  See associated permits GR2500070 and RBC2503599.",,
"06/10/2026","Pending-Document Uploaded","BW26001792","(BW) - Building Worksheet (Building)","4807 CALDERWOOD CT, Oakland CA 94605","In reference to RBC2601455 bathroom remodel project. Documentation requested",,
"06/10/2026","Permit Issued","RE2601441","(RE) - Electrical - 1 & 2 Unit Residential (Building)","847 PORTAL AVE, Oakland CA 94610","Like for like 200 amp Main Service Upgrade with (1) existing circuit.",,
"06/10/2026","Permit Issued","RE2601440","(RE) - Electrical - 1 & 2 Unit Residential (Building)","1033 AMITO AVE, OAKLAND CA 94705","Install (N) 240V EV outlet for residential EV charging.",,
"06/10/2026","Permit Issued","CGS2601423","DOT - Curb Gutter Sidewalk Standard Compliance Certificate","2300 106TH AVE, Oakland CA 94603",,,
"06/10/2026","Certificate Issued","R2600723","(R) - ReRoof Certificate (Building)","491 BOULEVARD WY, Oakland CA 94610","Overlay pitched roof with comp shingles.",,
"06/10/2026","Issued","SL2601130","(SL) - Sewer Lateral (OPW)","171 SHERIDAN RD, OAKLAND CA 94618","Installation of a new sewer lateral approximately 50 Ft from the house to the city main located in the street.",,
"06/10/2026","Inspections - In Progress","SL2601134","(SL) - Sewer Lateral (OPW)","2322 E 21ST ST, Oakland CA 94601","Repair/replace building sewer ON PROPERTY ONLY. SL & X required beyond PL. Overflow device may be needed. If working within 25' feet of a monument you must comply with State Law 8771, contact the Inspector prior to starting excavation: minimum $5,800.00 fine for non-compliance. USA # and date must be provided in order to have a permit issued. Permit valid for 90 days. If the work is to be performed on a designated “Creekside Property” the work will require a “Creek Protection Permit”. If the property is not currently flagged in Accela as a “Creekside Property” but work will be performed within 100’ of a creek channel, a “Creek Determination” should be conducted to determine if the work is subject to the Creek Protection Ordinance.",,
"06/10/2026","Complete","BW26001795","(BW) - Building Worksheet (Building)","784 65TH ST, Oakland CA 94609","REMOVE AND REPLACE EXISTING PERIMETER AND INTERIOR FOUNDATION. · INSTALL PERIMETER FRENCH DRAIN AROUND THE EXTERIOR OF THE STRUCTURE. · REPLACE ROTTEN AND DETERIORATED FLOOR FRAMING.",,
"06/10/2026","Permit Issued","CGS2601422","DOT - Curb Gutter Sidewalk Standard Compliance Certificate","10570 ENGLEWOOD DR, Oakland CA 94605",,,
"06/10/2026","Certificate Issued","R2600724","(R) - ReRoof Certificate (Building)","601 BEACON ST, Oakland CA 94610","Reroof 3900 sqft. New shingles (35sqs), Torch down (4sqs)",,
"06/10/2026","Assigned","BW26001794","(BW) - Building Worksheet (Building)","3458 RHODA AVE, OAKLAND CA 94602","install new solar syistem for new 860sqft adu incluidin battery",,
"06/10/2026","Permit Issued","RE2601434","(RE) - Electrical - 1 & 2 Unit Residential (Building)","2453 POTOMAC ST, Oakland CA 94602","Replace 100 AMP MSP with a 200 AMP MSP, new 200 AMP service mast, new 200 AMP grounding system, whole home surge protection, rewire 1043 sq. ft. home.",,
"06/10/2026","In Progress","TR-ND26-00059","(ND) - Non-Developmental Tree Permit (OPW)","4909 STACY ST, Oakland CA 94605","Removal of one (1) remaining stem of an American sweetgum tree (Liquidambar styraciflua) located in the backyard of address: 4909 Stacy Street, Oakland, CA 94605.The subject tree likely consists of multiple stems originating from a common root system. One stem and associated vegetation have previously been removed. The remaining stem is located approximately three (3) feet from the prior stump and is likely part of the same root system.According to a consulting arborist report prepared by an ISA Certified Arborist (TRAQ) and a review of the occurred damage, the shared root system is contributing to damage to adjacent property. Retention of the remaining stem would maintain the root system and associated impacts.Scope of Work:* Remove one (1) remaining American sweetgum stem to grade* Grind stump(s) to a minimum depth of 12 inches below grade* Remove accessible surface roots as necessary to prevent regrowth* Backfill stump area with native soil and restore surface conditionAll work to be performed from the subject property with standard tree removal practices. No protected street trees are included. No grading or construction is proposed beyond minor disturbance associated with stump grinding and chainsaw use.Purpose: Eliminate source of property damage and prevent regrowth consistent with arborist recommendation.",,
"06/10/2026","Permit Issued","CGS2601414","DOT - Curb Gutter Sidewalk Provisional Certificate","1087 HUBERT RD, Oakland CA 94610",,,
"06/10/2026","Pending - Incomplete","BW26001790","(BW) - Building Worksheet (Building)","95 CAMELFORD PL, Oakland CA 94611","Landslide repair with subdrain and erosion control.  Slide known to the City of Oakland.",,
"06/10/2026","Permit Issued","CGS2601420","DOT - Curb Gutter Sidewalk Exemption Certificate","304 105TH AVE, Oakland CA 94603",,,
"06/10/2026","Completed Cert Received","R2600722","(R) - ReRoof Certificate (Building)","5672 THORNHILL DR, Oakland CA 94611","Re-Roof CertainTeed Landmark Solaris Comp/Off- Comp/On",,
"06/10/2026","Pending - Incomplete","BW26001799","(BW) - Building Worksheet (Building)","41 KINGWOOD RD, Oakland CA 94619","REAR DECK REPLACEMENT",,
"06/10/2026","Complete","BW26001796","(BW) - Building Worksheet (Building)","6400 HEATHER RIDGE WY, Oakland CA 94611","Foundation Underpinning & GB",,
"06/10/2026","Complete","BW26001791","(BW) - Building Worksheet (Building)","5511 THOMAS AVE, Oakland CA 94618","REPLACING 9 EXISTING WINDOWS USING RETRO FIT/BLOCK FRAME INSERT INSTALLATION. LIKE FOR LIKE REPLACEMENTS.",,
"06/10/2026","Pending - Incomplete","BW26001800","(BW) - Building Worksheet (Building)","420 BURK ST, Oakland CA 94610","exeterior handrails and gaurdrails repairs per report to  (4) decks",,
"06/10/2026","Intake-On Hold","RBC2601639","(RBC) - Building Residential Combo Alteration- 1 & 2 Unit Residential (Building)","1101 76TH AVE, Oakland CA 94621","LEGALIZATION OF INTERIOR ALTERATIONS TO AN EXISTINGSINGLE-FAMILY RESIDENCE, INCLUDING THE CREATION OFONE (1) JUNIOR ACCESSORY DWELLING UNIT (JADU) WITHINTHE EXISTING STRUCTURE.THE PROJECT INCLUDES NEW INTERIOR PARTITIONS, ONEBATHROOM, INSTALLATION OF AN EFFICIENCY KITCHEN, AUTILITY ROOM, AND THE CREATION OF A SEPARATE EXTERIORENTRANCE.NO EXPANSION OF BUILDING FOOTPRINT IS PROPOSED.INCLUDES LEGALIZATION OF PREVIOUSLY INSTALLED DOORAND WINDOW MODIFICATIONS.",,
"06/10/2026","Permit Issued","RM2600737","(RM) - Mechanical - 1 & 2 Unit Residential (Building)","1421 HAMPEL ST, Oakland CA 94602","Ductless mini split heatpump addition",,
"06/10/2026","Permit Issued","SEA2600526","SolarApp+ (For roof mounted residential solar projects not exceeding 38.4kw total done with SolarApp+- contractor use)","4792 DAVENPORT AVE, Oakland CA 94619","INSTALL RESIDENTIAL ROOF MOUNTED SOLAR PV SYSTEM & ESS",,
"06/10/2026","Inspections - In Progress","SL2601127","(SL) - Sewer Lateral (OPW)","1454 82ND AVE, Oakland CA 94621","Repair/replace sewer lateral and EXCAVATE in PUBLIC RIGHT-OF-WAY. Overflow device may be needed. If working within 25' feet of a monument you must comply with State Law 8771, contact the Inspector prior to starting excavation: minimum $5,800.00 fine for non-compliance. Comply with all terms of City of Oakland Public Works Standards, Street Excavation Rules, Revised March 2015 and City Council Ordinance No. 13300 C.M.S. Five days prior notice required for work lasting five days or less in business/commercial districts; 72 hour notice in residential districts. Ten days prior notice required for work lasting six days or more in all districts. USA # and date must be provided in order to have a permit issued. Permit valid 90 days. If the work is to be performed on a designated “Creekside Property” the work will require a “Creek Protection Permit”. If the property is not currently flagged in Accela as a “Creekside Property” but work will be performed within 100’ of a creek channel, a “Creek Determination” should be conducted to determine if the work is subject to the Creek Protection Ordinance. Call PWA INSPECTION prior to start: 510-238-3651 or email PWA_inspections@oaklandca.gov. USA# 2026061000779-000 6/10/2026",,
"06/10/2026","Pending - Incomplete","BW26001807","(BW) - Building Worksheet (Building)","829 WOOD ST, Oakland CA 94607","ADU + 2 MULTIFAMILY RESIDENCES EFFICIENECY UNIT - BATHROOM, KITCHEN, LIVING ROOM DINING ROOM UNIT 1 - 4 BEDROOMS, GARAGE, LAUNDRY ROOM, LIVING ROOM, DINING ROOM, KICHEN & BALCONY (2 STORY) UNIT 2 - 2 BEDROOM, 1BATHROOM, KITCHEN, LIVING ROOM & DINING ROOM",,
"06/10/2026","Inspections - In Progress","SL2601128","(SL) - Sewer Lateral (OPW)","233 CAPRICORN AVE, Oakland CA 94611","Repair/replace building sewer ON PROPERTY ONLY. SL & X required beyond PL. Overflow device may be needed. If working within 15' feet of a monument you must comply with State Law 8771, contact the Inspector prior to starting excavation: minimum $5,800.00 fine for non-compliance. USA and date must be provided in order to have a permit issued. Permit valid for 180 days. If the work is to be performed on a designated “Creekside Property” the work will require a “Creek Protection Permit”. If the property is not currently flagged in Accela as a “Creekside Property” but work will be performed within 100’ of a creek channel, a “Creek Determination” should be conducted to determine if the work is subject to the Creek Protection Ordinance. Permit valid 180 days. PRIOR TO START, please schedule your inspection via the contractor's mobile app: https://citygovapp.com/app/opwirprod.htm USA#2026061000831-000 6/10/2026",,
"06/10/2026","Permit Issued","CGS2601419","DOT - Curb Gutter Sidewalk Provisional Certificate","548 37TH ST, Oakland CA 94609",,,
"06/10/2026","Inspections - In Progress","SL2601132","(SL) - Sewer Lateral (OPW)","5801 PICARDY DR, Oakland CA 94605","Repair/replace sewer lateral and EXCAVATE in PUBLIC RIGHT-OF-WAY. Overflow device may be needed.  If working within 25' feet of a monument you must comply with State Law 8771, contact the Inspector prior to starting excavation: minimum $5,800.00 fine for non-compliance. Comply with all terms of City of Oakland Public Works Standards, Street Excavation Rules, Revised March 2015 and City Council Ordinance No. 13300 C.M.S. Five days prior notice required for work lasting five days or less in business/commercial districts; 72 hour notice in residential districts. Ten days prior notice required for work lasting six days or more in all districts. USA # and date must be provided in order to have a permit issued. Permit valid 90 days. If the work is to be performed on a designated “Creekside Property” the work will require a “Creek Protection Permit”. If the property is not currently flagged in Accela as a “Creekside Property” but work will be performed within 100’ of a creek channel, a “Creek Determination” should be conducted to determine if the work is subject to the Creek Protection Ordinance.",,
"06/10/2026","Permit Issued","SEA2600525","SolarApp+ (For roof mounted residential solar projects not exceeding 38.4kw total done with SolarApp+- contractor use)","30 MURDOCK CT, Oakland CA 94605","Rooftop Mounted Solar Energy SystemPV+ST10 Q.TRON BLK M-G2+ 430 solar modules10 IQ8HC-72-M-DOM-US {240V} microinverters1 IQBATTERY-5P-1P-NA {240V} ESSMain Panel Upgrade: YesNew Busbar count - 1System Size: 4.3 kW DC (3.8 kW AC)",,
"06/10/2026",,"26TMP-028153","(BW) - Building Worksheet (Building)","1067 100TH AVE, Oakland CA 94603","Fire damage repairs for single family dwelling, no structural damages or alterations. Replace all drywall, replace insulation, replace electrical, replace plumbing. Replace kitchen cabinets and all appliances. Replace fixtures in all bathrooms. Complete expired RE2301715 200A main service panel upgrade.",,
"06/10/2026","Permit Issued","RM2600736","(RM) - Mechanical - 1 & 2 Unit Residential (Building)","480 59TH ST, Oakland CA 94609","Install heat pump to existing system, 220v electrical circuit",,
"06/10/2026","Permit Issued","CGS2601416","DOT - Curb Gutter Sidewalk Standard Compliance Certificate","1001 54TH ST, Oakland CA 94608",,,
"06/10/2026","Certificate Issued","R2600726","(R) - ReRoof Certificate (Building)","1055 PARK LN, Oakland CA 94610","tear off old layers of roofing and install a new class A comp shingle",,
"06/10/2026","Permit Issued","RP2600764","(RP) Plumbing - 1 & 2 Unit Residential (Building)","920 33RD ST, Oakland CA 94608","SHOWER TO SHOWER DEMO EZ STEP PAN60X31DRAIN LOCATED ON THELEFTSTAYING IN THE SAME PLACE. GOING WITH A SLIGHTLY BIGGER PAN TO COVER FLOOR SCARRING.SMOOTH WALLS, CHROME SHOWER FIXTURES, APERTOSHOWER HEAD, EXPOSED ROLLER DUALBYPASS CLEAR. NO CHANGES TO ELECTRICAL JUST REPLACING EXISTING TUB WITH A SHOWER PAN.",,
"06/10/2026","Issued","SL2601133","(SL) - Sewer Lateral (OPW)","169 SHERIDAN RD, OAKLAND CA 94618","Installation of a new sewer lateral approximately 50 Ft from the house to the city main located in the street.",,
"06/10/2026","Final","RP2600765","(RP) Plumbing - 1 & 2 Unit Residential (Building)","4117 PENNIMAN CT, A, OAKLAND CA 94619","new tankless water heater to replace old one",,
"06/10/2026","Permit Issued","CGS2601421","DOT - Curb Gutter Sidewalk Exemption Certificate","6929 BRISTOL DR, Oakland CA 94705",,,
"06/10/2026","Permit Issued","RE2601438","(RE) - Electrical - 1 & 2 Unit Residential (Building)","9508 ALCALA AVE, Oakland CA 94605","MAIN SERVICE PANEL UPGRADE TO 125A SERVICE",,
"06/10/2026","Permit Issued","RP2600761","(RP) Plumbing - 1 & 2 Unit Residential (Building)","6100 BULLARD DR, Oakland CA 94611","Installation of a new water main from the city meter, along the side of the driveway and connecting to the building past the stairs on the side of the house..  40', open trench.",,
"06/10/2026","Certificate Issued","R2600725","(R) - ReRoof Certificate (Building)","9946 DANTE AVE, Oakland CA 94603","tear off the old layers of composition shingles, install new plywood, install new underlayment, install new composition shingles 30 years, install new ridge cap and all new flashings on the roof. 1500 square ft.",,
"06/10/2026","Final","RE2601433","(RE) - Electrical - 1 & 2 Unit Residential (Building)","13872 CAMPUS DR, Oakland CA 94605","Install 125 AMP sub panel, 125 AMP sub feeder, firewall extension for sub panel, whole home surge protection",,
"06/10/2026","Permit Issued","CGS2601417","DOT - Curb Gutter Sidewalk Standard Compliance Certificate","10205 LONGFELLOW AVE, Oakland CA 94603",,,
"06/10/2026","Inspections - In Progress","SL2601129","(SL) - Sewer Lateral (OPW)","851 ALMA PL, Oakland CA 94610","Repair/replace sewer lateral and EXCAVATE in PUBLIC RIGHT-OF-WAY. Overflow device may be needed.  If working within 25' feet of a monument you must comply with State Law 8771, contact the Inspector prior to starting excavation: minimum $5,800.00 fine for non-compliance. Comply with all terms of City of Oakland Public Works Standards, Street Excavation Rules, Revised March 2015 and City Council Ordinance No. 13300 C.M.S. Five days prior notice required for work lasting five days or less in business/commercial districts; 72 hour notice in residential districts. Ten days prior notice required for work lasting six days or more in all districts. USA # and date must be provided in order to have a permit issued. Permit valid 90 days. If the work is to be performed on a designated “Creekside Property” the work will require a “Creek Protection Permit”. If the property is not currently flagged in Accela as a “Creekside Property” but work will be performed within 100’ of a creek channel, a “Creek Determination” should be conducted to determine if the work is subject to the Creek Protection Ordinance.",,
"06/10/2026","Final","RE2601437","(RE) - Electrical - 1 & 2 Unit Residential (Building)","89 MANDALAY RD, Oakland CA 94618","40 amp EV circuit",,
"06/10/2026","Certificate Issued","R2600727","(R) - ReRoof Certificate (Building)","6828 CHAMBERS DR, Oakland CA 94611","tear off old roof layers, install a new comp shingle",,
"06/10/2026","Pending - Incomplete","BW26001793","(BW) - Building Worksheet (Building)","336 W MACARTHUR BLVD, Oakland CA 94609","Remove of asbestos containing affected sheetrock from the fire damage.  ( 578 sq. ft.) ONLY Removal",,
"06/10/2026","Permit Issued","SL2601135","(SL) - Sewer Lateral (OPW)","2628 26TH AVE, Oakland CA 94601","Replace PSL from building foundation to city main.Sewer work to be done @ 2638 26th Ave",,
"06/10/2026","Inspections - In Progress","SL2601131","(SL) - Sewer Lateral (OPW)","2260 84TH AVE, Oakland CA 94605","Repair/replace sewer lateral and EXCAVATE in PUBLIC RIGHT-OF-WAY. Overflow device may be needed. If working within 15' feet of a monument you must comply with State Law 8771, contact the Inspector prior to starting excavation: minimum $5,800.00 fine for non-compliance. Comply with all terms of City of Oakland Public Works Standards, Street Excavation Rules, Revised March 2015 and City Council Ordinance No. 13300 C.M.S. Five days prior notice required for work lasting five days or less in business/commercial districts; 72 hour notice in residential districts. Ten days prior notice required for work lasting six days or more in all districts. USA # and date must be provided in order to have a permit issued. Permit valid 180 days. If the work is to be performed on a designated “Creekside Property” the work will require a “Creek Protection Permit”. If the property is not currently flagged in Accela as a “Creekside Property” but work will be performed within 100’ of a creek channel, a “Creek Determination” should be conducted to determine if the work is subject to the Creek Protection Ordinance. Permit valid 180 days. PRIOR TO START, please schedule your inspection via the contractor's mobile app: https://citygovapp.com/app/opwirprod.htm USA#",,
"06/10/2026","Complete","BW26001802","(BW) - Building Worksheet (Building)","524 44TH ST, Oakland CA 94609","Renovation of rotted drywall, insulation, electrical, and floor finishes due to flooding in lower unit of duplex. Replacement of damaged kitchen and restroom fixtures and finishes in kind. Area of work is 369 sqft. No alterations of walls or windows in scope.",,
"06/10/2026","Final","CGS2601415","DOT - Curb Gutter Sidewalk Provisional Certificate","2562 67TH AVE, Oakland CA 94605",,,
"06/10/2026","Permit Issued","CGS2601418","DOT - Curb Gutter Sidewalk Standard Compliance Certificate","2214 WEST ST, Oakland CA 94612",,,
"06/10/2026","Certificate Issued","R2600721","(R) - ReRoof Certificate (Building)","3009 PARK BLVD, Oakland CA 94610","TEAR OFF AND REROOF WITH 27 SQUARES OF NEW DIMENSIONAL SHINGLES.",,
"06/10/2026","Certificate Issued","R2600720","(R) - ReRoof Certificate (Building)","2202 10TH AVE, Oakland CA 94606","Overlay shingles with new vents. 2200 sq ft",,
"06/10/2026","Permit Issued","RE2601436","(RE) - Electrical - 1 & 2 Unit Residential (Building)","4100 CULVER ST, Oakland CA 94619","electric rewire complete house and add  subpanel",,
"06/10/2026","Permit Issued","RE2601442","(RE) - Electrical - 1 & 2 Unit Residential (Building)","576 WESLEY AVE, Oakland CA 94606","Install 125 AMP Sub panel, relocation of sub panel from closet, 100 AMP sub feed.",,
"06/10/2026","Permit Issued","RM2600738","(RM) - Mechanical - 1 & 2 Unit Residential (Building)","5945 MARSHALL ST, Oakland CA 94608","Provide and install new heat pump and fan coil",,
"06/10/2026","Plan Review In Progress","B2601661","(B) - Building Alteration - 3+ Residential Units or Commercial (Building)","2717 PERALTA ST, Oakland CA 94607","Verizon wireless proposes to modify an existing wireless communication site on a steel pg&e light pole in the public right-of-way.Scope:· remove (3) existing panel antennas· install (3) new 5g antenna/radios on side of pole· cabling to be installed in a tight neat manner without excess cable loops· all Verizon wireless added appurtenances shall be filmed to match pole color  (ral 5020 - teal green, or equivalent) (3m wrapped)",,
"06/10/2026","Intake-On Hold","RBC2601660","(RBC) - Building Residential Combo Alteration- 1 & 2 Unit Residential (Building)","6014 LA SALLE AVE, Oakland CA 94611","At existing single-family dwelling renovation per plan, to create a new 3rd bathroom on 2nd floor, remodel of kitchen, alter closets of bedroom 1,2, & 3.1st floor bathroom remodel, windows replacements no changed to header size or layout. Related mechanical, electrical, plumbing included.",,
"06/10/2026","Pending - Incomplete","BW26001806","(BW) - Building Worksheet (Building)","920 55TH ST, Oakland CA 94608","REVISION TO RBC2504068 - Deck addition to the previously approved main house remodel.",,
"06/10/2026","Minor Engineer of Day Review","RBC2601659","(RBC) - Building Residential Combo Alteration- 1 & 2 Unit Residential (Building)","4254 DETROIT AVE, Oakland CA 94619","At existing single-family dwelling: To partially repair foundation at the south-east corner of the building and a placement or alignment of a French drain.",,
"06/10/2026","Final","SEA2600527","SolarApp+ (For roof mounted residential solar projects not exceeding 38.4kw total done with SolarApp+- contractor use)","16032 BROADWAY TER, OAKLAND CA 94611","Installation of 12.88KW Rooftop Solar system along with 30KWH of ESS",,
"06/10/2026","On-Hold","B2601658","Non-Residential Building - Demolition","2783 E 12TH ST, Oakland CA","Entire Demolition of commercial structure approx. 10,000SF (125ft x 80ft) and disposal of debris from fire damage existing. Building structure is 2 story masonry type built circa 2004. To abate CE2302349.",,
"06/10/2026","Plan Routing - Completed","B2601657","(B) - Building Alteration - 3+ Residential Units or Commercial (Building)","321 CLAY ST, Oakland CA 94607","Create work/live unit in existing two-story non-commercial historical building. Related mechanical, electrical, and plumbing requires separate permits. DS260080",,
"06/10/2026","Permit Issued","RBC2601656","(RBC) - Building Residential Combo Alteration- 1 & 2 Unit Residential (Building)","6126 MONADNOCK WY, Oakland CA 94605","At existing SFD, remodel kitchen and bathroom, same layout, in-kind. Update electrical throughout house. Replace 16 windows. Includes related electrical and plumbing, furnace under RM2600682. DRX260814",,
"06/10/2026","Payment Received","PX2600011","Public Infrastructure (P-Job)","609 61ST ST, Oakland CA 94609","Public infrastructure as detailed in Engineer's Cost estimate dated September 25, 2024 for improvements, including but not limited to sanitary sewer connection to City sewer main. Additional permits/fees may be required including permits from outside agencies/utility companies. Applicant is responsible to submit plans that match to all applicable City Departments and must notify those Departments if/when revisions are made to the plans. Failure to do so may result in delays, additional fees and penalties. If working within 15' feet of a monument you must comply with State Law 8771, contact the Inspector prior to starting excavation: minimum $5,800.00 fine for non-compliance. Contractor must have a valid CLASS “A” license and current City of Oakland Business License. All ""Submittals"" shall be provided to the DOT Inspector. A pre-construction meeting is required prior to beginning any work.",,
"06/10/2026","On Hold - Field Check Pending","RBC2601655","(RBC) - Building Residential Combo Alteration- 1 & 2 Unit Residential (Building)","1110 ADELINE ST, Oakland CA 94607","To partial abate CE2602515, At Unit on First floor only and rear decks and stairs. Painting interior 1st floor and installing 2 exterior door like or like no changes to header, door sizes for both doors 36W"" x 80""H. Requires Separate RBC permit for expired RB1602352 complete fire damages and addition of 720SF.",,
"06/10/2026","Void","B2601654","(B) - Building Alteration - 3+ Residential Units or Commercial (Building)","1110 ADELINE ST, Oakland CA 94607","( VOIDED) To partial abate CE2602515, At Unit on First floor only and rear decks and stairs. Painting interior 1st floor and installing 2 exterior door like or like no changes to header, door sizes for both doors 36W"" x 80""H. Requires Separate RBC permit for expired RB1602352 complete fire damages and addition of 720SF.",,
"06/10/2026","Permit Issued","RP2600763","(RP) Plumbing - 1 & 2 Unit Residential (Building)","1181 34TH ST, Oakland CA 94608","repair exterior DWV to address CE 1905552",,
"06/10/2026","Final","RE2601439","(RE) - Electrical - 1 & 2 Unit Residential (Building)","5618 CABOT DR, Oakland CA 94611","Upgrade existing panel from 100 to 200amp and relocate 3’ away from gas meter",,
"06/10/2026","Plan Review In Progress","RBC2601653","(RBC) - Building Residential Combo Alteration- 1 & 2 Unit Residential (Building)","2030 42ND AVE, Oakland CA 94601","At existing single-family dwelling - repair fire-damaged rear laundry room & replace rear deck/stairs in kind. Reconfigure wall layout between living room & dining room. Replace plumbing at kitchen & bathroom. Install new HVAC system. Replace all windows. Restore garage to original condition. DRX260772  To abate CE#1803102",,
"06/10/2026","Final","RM2600739","(RM) - Mechanical - 1 & 2 Unit Residential (Building)","5500 CARLTON ST, Oakland CA 94618","Furnace like to like replacement, AC with a heatpump replacement. Ductwork repalcement.",,
"06/10/2026","Complete","BW26001804","(BW) - Building Worksheet (Building)","2628 26TH AVE, Oakland CA","B2502207 - Revisions to approved drawings. see memo",,
"06/10/2026","Pending - Incomplete","BW26001803","(BW) - Building Worksheet (Building)","2636 63RD ST, Oakland CA 94605","Enclosure of rear deck built over a an existing foundationAt rear of existing SFD legalize enclosure of porch which will include a new bathroom.  Includes lead-based paint abatement.  Includes all related MEP. To abate CE Case #2203967.",,
"06/10/2026","Permit Expired","OB2600702","Obstruction","1025 STANFORD AVE, Oakland CA 94608","Reserve 1 (25') NON-METERED parking space(s) in front of parcel only for dumpster, construction vehicle, moving van or storage pod. Post No-parking signs 72 hours prior in residential areas. No impact on traffic lane or sidewalk allowed, except as noted on TCP/X permit. NO-PARKING SIGNS SHALL PICKED UP BY APPLICANT AFTER PAYMENT TO ENFORCE PERMIT REQUIREMENT. To have illegally parked vehicle ticketed: Call 510-777-3333. Applicant arranges towing. Comply with terms set forth in CVC Section 22651 (m). For towed vehicle: Call 510-238-3021.",,
"06/10/2026","Permit Expired","OB2600701","Obstruction","3616 SAN LEANDRO ST, Oakland CA 94601","Reserve 3 (75') NON-METERED parking space(s) in front of parcel only for dumpster, construction vehicle, moving van or storage pod. Post No-parking signs 72 hours prior in residential areas. No impact on traffic lane or sidewalk allowed, except as noted on TCP/X permit. NO-PARKING SIGNS SHALL PICKED UP BY APPLICANT AFTER PAYMENT TO ENFORCE PERMIT REQUIREMENT. To have illegally parked vehicle ticketed: Call 510-777-3333. Applicant arranges towing. Comply with terms set forth in CVC Section 22651 (m). For towed vehicle: Call 510-238-3021. For Community Mammogram Event",,
"06/10/2026","Plan Review In Progress","B2601652","(B) - Building Alteration - 3+ Residential Units or Commercial (Building)","1033 39TH AVE, Oakland CA 94601","VERIZON - Modify existing telecommunication site on a steel PG&E Light Pole in the public right of way by removing and replacing antennas and equipment. DRX260790",,
"06/10/2026","Permit Issued","RP2600762","(RP) Plumbing - 1 & 2 Unit Residential (Building)","1857 TIFFIN RD, Oakland CA 94602","repipe all hot & cold plumbing lines with L-rated copper throughout the home",,
"06/10/2026","In Review","ENMI26092","Minor Encroachment","32 STARVIEW DR, Oakland CA 94618","X2600459PG&E PM 35423361-PG&E to replace UG secondary and secondary enclosure. Rest of work on private property. PG&E to trench and restore.  Trenching 134' x 18"" x 40"".  Ensure measures are in place to control runoff and maintain flow of storm water along pavement adjacent to parcel. No above ground structure allowed within five feet of edge of pavement (17.124.030).If working within 25' feet of a monument you must comply with State Law 8771, contact the Inspector prior to starting excavation: minimum $5,800.00 fine for non-compliance.",,
"06/10/2026","Pending - Incomplete","BW26001801","(BW) - Building Worksheet (Building)","3435 SAN LEANDRO ST, 3435, Oakland CA 94601 United States","repair damaged siding replace rear steps lead paint permit window replace and repairAt existing MFD legalize modification to rear stairs, replace windows, and repair damaged siding.  Includes lead-based paint abatement.  Separate permit required for work at the detached garage.",,
"06/10/2026","On Hold","RBC2601651","(RBC) - Building Residential Combo Alteration- 1 & 2 Unit Residential (Building)","574 AILEEN ST, Oakland CA 94609","At existing single-family dwelling: Kitchen and bathroom remodel, no walls or layout changes, no exterior work. Related mechanical, electrical, plumbing included. To included new main panel upgrade and new subpanel 125 Amp.",,
"06/10/2026","Permit Issued","RE2601435","(RE) - Electrical - 1 & 2 Unit Residential (Building)","3811 MADRONE AVE, Oakland CA 94619","Meter upgrade to 200A, complete rewire of house leaving all devices in current locations.",,
"06/10/2026","Complete","BW26001798","(BW) - Building Worksheet (Building)","0 COURTLAND AVE, Oakland CA 94608","BUILD NEW 2,021 SF HOUSE WITH 434 SF ATTACHED GARAGE ON UPSLOPED LOT.",,
"06/10/2026","In Review","X2600461","DOT - Excavation (X)","6101 MARGARIDO DR, Oakland CA 94618","PG&E PM 47330271 PG&E to excavate on private, permit /tcp for parking.  Ensure that environmental controls are in place to prevent dust/debris/wastewater from contaminating environment. If working within 15 feet of a monument you must comply with State Law 8771, contact the Inspector prior to starting excavation: minimum $5,800.00 fine for non-compliance. Comply with all terms of City of Oakland Public Works Standards, Street Excavation Rules, Revised August 2021 and City Council Ordinance No. 13300 C.M.S. Five days’ prior notice required for work lasting five days or less in business/commercial districts: 72-hours’ notice in residential districts. Ten days prior notice required for work lasting six days or more in all districts. SCHEDULE INSPECTION at least 48 hours in advance at: http://oaklanddot.com/projects/search.html """,,
"06/10/2026","Complete","BW26001797","(BW) - Building Worksheet (Building)","0 COURTLAND AVE, Oakland CA 94608","BUILD NEW 2,021 SF HOUSE WITH 434 SF ATTACHED GARAGE ON UPSLOPED LOT.",,
"06/10/2026","Permit Issued","RBC2601650","(RBC) - Building Residential Combo Alteration- 1 & 2 Unit Residential (Building)","5473 EL CAMILE AVE, Oakland CA 94619","Partial foundation replacement at left wall of 1story SFD:(approximately 46-linear feet to be replaced) using the ""perimeter T Foundation for exterior wall with girder"" preapproved and adopted from ORC Section R403. No MEP's included.",,
"06/10/2026","Plan Review In Progress","B2601649","(B) - Building Alteration - 3+ Residential Units or Commercial (Building)","2718 MONTICELLO AVE, Oakland CA 94619","Telecom – Verizon wireless pole-mounted equipment modification: remove 3 existing antennas, install 3 new 5G antennas and cabling. All equipment to be color matched to pole color. DRX260787",,
"06/10/2026","On Hold - Field Check Pending","RBC2601648","(RBC) - Building Residential Combo Alteration- 1 & 2 Unit Residential (Building)","6400 SUNNYMERE AVE, Oakland CA 94605","At existing SFD, repair and reseal window, replace siding on side of house, repair access hole in kitchen floor, and replace water heater. Includes related plumbing. No other exterior work. To abate CE# 2602280",,
"06/10/2026","Permit Issued","OB2600700","Obstruction","810 WALKER AVE, Oakland CA 94610","Reserve 2 (50') NON-METERED parking space(s) in front of parcel only for dumpster, construction vehicle, moving van or storage pod. Post No-parking signs 72 hours prior in residential areas. No impact on traffic lane or sidewalk allowed, except as noted on TCP/X permit. NO-PARKING SIGNS SHALL PICKED UP BY APPLICANT AFTER PAYMENT TO ENFORCE PERMIT REQUIREMENT. To have illegally parked vehicle ticketed: Call 510-777-3333. Applicant arranges towing. Comply with terms set forth in CVC Section 22651 (m). For towed vehicle: Call 510-238-3021.GR2500067VERMONT ST.",,
"06/10/2026","Permit Expired","OB2600699","Obstruction","2935 MARKET ST, Oakland CA 94608","Reserve 3 (75') NON-METERED parking space(s) in front of parcel only for dumpster, construction vehicle, moving van or storage pod. Post No-parking signs 72 hours prior in residential areas. No impact on traffic lane or sidewalk allowed, except as noted on TCP/X permit. NO-PARKING SIGNS SHALL PICKED UP BY APPLICANT AFTER PAYMENT TO ENFORCE PERMIT REQUIREMENT. To have illegally parked vehicle ticketed: Call 510-777-3333. Applicant arranges towing. Comply with terms set forth in CVC Section 22651 (m). For towed vehicle: Call 510-238-3021.Comply with all terms, conditions and restrictions stated in the Traffic Control Plan. Any/all changes need prior written approval. Provide original Traffic Control Plan at each renewal.OBSTRUCTIONS @ 2915/2935 Market St and 2825 Myrtle St.06/10/2026: TCP GOOD FOR 06/11-06/12/2026, 7:30AM-4:30PM, PER T.CHUNG",,
"06/10/2026","On Hold","RBC2601647","(RBC) - Building Residential Combo Alteration- 1 & 2 Unit Residential (Building)","6712 FLORA ST, Oakland CA 94621","At existing single-family dwelling: Conversion of existing pantry area into a new half-bathroom. All related mechanical, electrical, plumbing included. No exterior work.",,
"06/10/2026","Permit Expired","OB2600698","Obstruction","2000 BROADWAY, Oakland CA 94612","Reserve 3 METERED parking space(s) in front of parcel only for dumpster, construction vehicle, moving van or storage pod. No impact on traffic lane or sidewalk allowed, except as noted except as noted on TCP/X permit. NO-PARKING SIGNS SHALL PICKED UP BY APPLICANT AFTER PAYMENT TO ENFORCE PERMIT REQUIREMENT. To have illegally parked vehicle ticketed: Call 510-777-3333. Applicant arranges towing. Comply with terms set forth in CVC Section 22651 (m). For towed vehicle: Call 510-238-3021.",,
"06/10/2026","On Hold","RBC2601646","(RBC) - Building Residential Combo Alteration- 1 & 2 Unit Residential (Building)","6937 BRISTOL DR, Oakland CA 94705","Master and guest bathroom remodels including in-fill window in master bathroom at SFD. No wall layout or exterior changes. MEP included.",,
"06/10/2026","On Hold","RBC2601645","(RBC) - Building Residential Combo Alteration- 1 & 2 Unit Residential (Building)","2537 65TH AVE, Oakland CA 94605","At SFD: Replace (14) windows w/retrofit 13,  & 1 Nail-fin vinyl insert window. (4 within-LIV RM, 3 inside BED, 1 within BATH, 2 within MAST BED, 2 for DIN, 1 within KITCH, 1 inside the CLOSET.) DRX260895.",,
"06/10/2026","Permit Issued","OB2600697","Obstruction","6662 INTERNATIONAL BLVD, Oakland CA 94621","Install one (1) solar powered License Plate Reader on an existing streetlight pole in the City of OaklandROW on behalf of The Oakland Police Department for the purpose of assisting with criminalinvestigations. Location: P#200 International Blvd @ Havenscourt Blvd NBComply with all terms, conditions and restrictions stated in the Traffic Control Plan. Any/all changes need prior written approval. Provide original Traffic Control Plan at each renewal.06/10/2026: TCP GOOD FOR 10/27-10/28/2026, 9AM-4PM, PER T.CHUNG",,
"06/10/2026","Issued","CGS2601413","DOT - Curb Gutter Sidewalk Repair","2609 IVY DR, Oakland CA 94606","Sidewalk repair NOTE: ***BEFORE any work in Right of Way, please call 510-238-3860 forty-eight hours in advance. Applicant is subject to fine if work is started WITHOUT scheduling a pre-inspection*** Install new driveway per approved plans per City Standard. If working within 25' feet of a monument you must comply with State Law 8771, contact the Inspector prior to starting excavation: minimum $5,800.00 fine for non-compliance. Comply with all terms of City of Oakland Public Works Standards, Street Excavation Rules, Revised March 2015 and City Council Ordinance No. 13300 C.M.S. Five-day prior notice required for work lasting five days or less in business/commercial districts: 72-hour notice in residential districts. Ten-day prior notice required for work lasting six days or more in all districts. USA# 2026061702945-000",,
"06/10/2026","Intake - Completed","X2600460","DOT - Excavation (X)","6662 INTERNATIONAL BLVD, Oakland CA 94621","Install one (1) solar powered License Plate Reader on an existing streetlight pole in the City of OaklandROW on behalf of The Oakland Police Department for the purpose of assisting with criminalinvestigations. Location: P#200 International Blvd @ Havenscourt Blvd NB",,
"06/10/2026","Permit Expired","OB2600696","Obstruction","1980 MOUNTAIN BLVD, Oakland CA 94611","Reserve 3 METERED  parking space(s) in front of parcel only for dumpster, construction vehicle, moving van or storage pod. No impact on traffic lane or sidewalk allowed, except as noted except as noted on TCP/X permit. NO-PARKING SIGNS SHALL PICKED UP BY APPLICANT AFTER PAYMENT TO ENFORCE PERMIT REQUIREMENT. To have illegally parked vehicle ticketed: Call 510-777-3333. Applicant arranges towing. Comply with terms set forth in CVC Section 22651 (m). For towed vehicle: Call 510-238-3021. Block 10'x4' portion of s/w with boom lift. Leave 5.5’ clear for pedestrian access, except as otherwise noted on TCP/X permit. No impact on traffic lane or parking, except as noted except as noted on TCP/X permit. Ensure that environmental controls are in place to prevent dust/debris/waste water from contaminating environment.",,
"06/10/2026","Permit Issued","RBC2601644","(RBC) - Building Residential Combo Alteration- 1 & 2 Unit Residential (Building)","4351 MOUNTAIN VIEW AVE, Oakland CA 94605","At existing SFD, remodel kitchen and bathroom, no layout or wall changes. Replace 21 windows, retrofit installation, and fill in 2 windows in bedroom as per plan. Includes related MEP and mechanical replacements. No other exterior work. DRX260784",,
"06/10/2026","Permit Expired","OB2600695","Obstruction","5445 BROADWAY, Oakland CA 94618","Reserve 1 (25') NON-METERED parking space(s) in front of parcel only for dumpster, construction vehicle, moving van or storage pod. No impact on traffic lane or sidewalk allowed, except as noted except as noted on TCP/X permit. NO-PARKING SIGNS SHALL PICKED UP BY APPLICANT AFTER PAYMENT TO ENFORCE PERMIT REQUIREMENT. To have illegally parked vehicle ticketed: Call 510-777-3333. Applicant arranges towing. Comply with terms set forth in CVC Section 22651 (m). For towed vehicle: Call 510-238-3021.",,
"06/10/2026","In Review","X2600459","DOT - Excavation (X)","32 STARVIEW DR, Oakland CA 94618","PG&E PM 35423361-Related Permit: ENMI26092: PG&E to replace UG secondary and secondary enclosure. Rest of work on private property. PG&E to trench and restore.  Trenching 134' x 18"" x 40"".  Ensure that environmental controls are in place to prevent dust/debris/wastewater from contaminating environment. If working within 15 feet of a monument you must comply with State Law 8771, contact the Inspector prior to starting excavation: minimum $5,800.00 fine for non-compliance. Comply with all terms of City of Oakland Public Works Standards, Street Excavation Rules, Revised August 2021 and City Council Ordinance No. 13300 C.M.S. Five days’ prior notice required for work lasting five days or less in business/commercial districts: 72-hours’ notice in residential districts. Ten days prior notice required for work lasting six days or more in all districts. SCHEDULE INSPECTION at least 48 hours in advance at: http://oaklanddot.com/projects/search.html """,,
"06/10/2026","Permit Issued","RBC2601643","(RBC) - Building Residential Combo Alteration- 1 & 2 Unit Residential (Building)","6101 MARGARIDO DR, Oakland CA 94618","At existing single-family dwelling to replace (7) Retrofit Windows. No change to header size or layout. No related MEP's. DRX260804.",,
"06/10/2026","In Review","X2600458","DOT - Excavation (X)","382 ORANGE ST, Oakland CA 94610","PG&E PM 35722630-PG&E to replace OH service, install OH messenger guy, OH transformer and secondary breakers.  Ensure that environmental controls are in place to prevent dust/debris/wastewater from contaminating environment. If working within 15 feet of a monument you must comply with State Law 8771, contact the Inspector prior to starting excavation: minimum $5,800.00 fine for non-compliance. Comply with all terms of City of Oakland Public Works Standards, Street Excavation Rules, Revised August 2021 and City Council Ordinance No. 13300 C.M.S. Five days’ prior notice required for work lasting five days or less in business/commercial districts: 72-hours’ notice in residential districts. Ten days prior notice required for work lasting six days or more in all districts. SCHEDULE INSPECTION at least 48 hours in advance at: http://oaklanddot.com/projects/search.html """,,
"06/10/2026","Plan Review In Progress","B2601642","(B) - Building Alteration - 3+ Residential Units or Commercial (Building)","2711 SAN PABLO AVE, Oakland CA 94612","Telecom-Verizon wireless pole-mounted equipment (PROW) modification: remove 3 (E) antennas, install 3 (N) 5G antennas and cabling. All equipment to be color matched to pole color. DRX260793",,
"06/10/2026","Plan Review In Progress","B2601641","(B) - Building Alteration - 3+ Residential Units or Commercial (Building)","4330 KANSAS ST, Oakland CA 94619","Telecom-Verizon wireless pole-mounted equipment modification: remove 3 (E) antennas, install 3 (N) 5G antennas/radios and cabling. All equipment to be color matched to pole color. DRX260789",,
"06/10/2026","Payment Received","RBC2601640","(RBC) - Building Residential Combo Alteration- 1 & 2 Unit Residential (Building)","816 61ST ST, UNIT A, OAKLAND CA 94608","At existing ADU duplex at rear:- CONVERT EXISTING ADU DUPLEX TO AN ADU 4PLEX- CONVERT EXISTING 999 S.F. UNIT A TO 2 UNITS- (N) UNIT A: 418 S.F.- (N) UNIT C: 581 S.F.- CONVERT EXISTING 999 S.F. UNIT B TO 2 UNITS- (N) UNIT B: 418 S.F.- (N) UNIT D: 581 S.F.New units to be addressed as Unit C and Unit D.",,
"06/09/2026","Void","RBC2601637","(RBC) - Building Residential Combo Alteration- 1 & 2 Unit Residential (Building)","1707 78TH AVE, Oakland CA 94621","Remodel 120 sq ft kitchen 60 sq ft bathroom. No structural changes and same layout.  Rewire property, add new sub panel. Change 12 windows with new retro fit  Same size and location. Tear off and Reroof 1200 sq ft with new 30 year comp torch down.",,
"06/09/2026","Permit Issued","RE2601430","(RE) - Electrical - 1 & 2 Unit Residential (Building)","1657 E 32ND ST, 1657, Oakland CA 94602","Full electrical rewire and alteration of existing dwelling unit 1657 E 32nd St including removal of all existing wiring, installation of new branch circuits for receptacles, lighting, switches, GFCI/AFCI protection, new 200-amp main service panel, new interconnected smoke/CO detectors, grounding, and all associated electrical work per 2023 California Electrical Code and City of Oakland requirements.",,
"06/09/2026","Complete","BW26001774","(BW) - Building Worksheet (Building)","5872 OCEAN VIEW DR, Oakland CA 94618","REPLACE EXISTING DETERIORATING CONCRETE STAIR, WALKWAY AND GARAGE RETAINING WALL.CONCRETE FINISH ON PORCH TO BE REPLACED WITH BRICK TO MATCH HOUSE PILASTERS",,
"06/09/2026","Final","RP2600756","(RP) Plumbing - 1 & 2 Unit Residential (Building)","1815 100TH AVE, Oakland CA 94603","water line repipe in crawlspace approx 150'ft",,
"06/09/2026","Permit Issued","SEA2600524","SolarApp+ (For roof mounted residential solar projects not exceeding 38.4kw total done with SolarApp+- contractor use)","9859 STEARNS AVE, Oakland CA 94605","Install a 9.430Kw roof mount PV system with (4) Duracell Batteries",,
"06/09/2026","Permit Issued","CGS2601410","DOT - Curb Gutter Sidewalk Standard Compliance Certificate","2457 SCENIC AVE, Oakland CA 94602",,,
"06/09/2026",,"26TMP-027859","(SL) - Sewer Lateral (OPW)","3 5TH AVE, Oakland CA 94606","Sewer cap off from the storm drain.USA Ticket:  2026051403576-002",,
"06/09/2026","Permit Issued","CGS2601411","DOT - Curb Gutter Sidewalk Provisional Certificate","884 57TH ST, Oakland CA 94608",,,
"06/09/2026","Complete","BW26001770","(BW) - Building Worksheet (Building)","650 FLORENCE AVE, Oakland CA 94618","REPLACING 24 EXISTING WINDOWS USING RETRO FIT INSTALLATION. PROPOSED REPLACEMENTS ARE MARVIN INFINITY FIBERGLASS WINDOWS WITH NO CHANGES TO THE OPENINGS.",,
"06/09/2026","Void","S2600049","(S) Sign Permit- New and Alterations","789 61ST ST, Oakland CA 94609","replace 2 outlets and install 2 outlet covers",,
"06/09/2026","Complete","BW26001773","(BW) - Building Worksheet (Building)","2100 LIVINGSTON ST, Oakland CA 94606","INSTALLATION OF NEW STORAGE RACKING FOR SF SOUP COMPANY.",,
"06/09/2026","Assigned","BW26001772","(BW) - Building Worksheet (Building)","4367 BERMUDA AVE, Oakland CA 94619","Kitchen remodel with layout change to convert laundry room to add a half bath. Move back door four feet and replace three windows.",,
"06/09/2026","Permit Issued","E2601421","(E) - Electrical - 3+ Residential Units or Commercial (Building)","100 BAY PL, 1406, Oakland CA 94610","1 sub panel, 8 circuits, 15 lights,, 15 receptacles, 1 range top oven",,
"06/09/2026","Permit Issued","RM2600732","(RM) - Mechanical - 1 & 2 Unit Residential (Building)","6614 COLTON BLVD, Oakland CA 94611","(1)2 TON (1) 3 TON CONDENSER W/ COIL CHANGEOUTS ON LEFT SIDE YARD.",,
"06/09/2026","Permit Issued","E2601428","(E) - Electrical - 3+ Residential Units or Commercial (Building)","4520 FAIRBAIRN AVE, Oakland CA 94619","Meter upgrade from 100A to 200A.",,
"06/09/2026","Permit Issued","CGS2601400","DOT - Curb Gutter Sidewalk Standard Compliance Certificate","242 FRISBIE ST, Oakland CA 94611",,,
"06/09/2026","Pending - Incomplete","BW26001780","(BW) - Building Worksheet (Building)","3900 BROADWAY, Oakland CA 94611","This project scope is limited to upgrading the existing full fire alarm system within the building, including replacement of the fire alarm control unit(s) and all associated initiating and notification devices. This permit covers the related electrical, and architectural work, while the fire alarm system is being submitted under a separate permit (FDPR26-00301 for reference only).",,
"06/09/2026","Permit Issued","CGS2601405","DOT - Curb Gutter Sidewalk Standard Compliance Certificate","2628 22ND AVE, Oakland CA 94606",,,
"06/09/2026","Permit Issued","E2601424","(E) - Electrical - 3+ Residential Units or Commercial (Building)","110 41ST ST, Oakland CA 94611","KitchenDemolish and remove existing kitchen electrical devices and wiring as required for renovation.Install new toe-kick lighting.Install four (4) new 4-inch recessed LED downlights with dedicated switching.Install two (2) new 18-inch under-cabinet LED light fixtures.Provide six (6) new branch circuits serving:Electric range (220V)RefrigeratorGarbage disposalCountertop GFCI receptaclesMicrowaveAdditional kitchen loads as required by code and approved plans.HallwayReplace existing switch.Living RoomReplace six (6) receptacles.Replace three (3) switches.Replace one (1) telephone outlet cover plate.Replace one (1) cable outlet cover plate.Dining RoomReplace existing light fixture (fixture by owner).Replace existing switch.BathroomInstall new toe-kick lighting.Replace timer switch.Replace standard switch.Replace GFCI receptacle.Remove existing vanity light.Install dedicated receptacle for bidet/toilet connection.Install three (3) new 4-inch recessed LED downlights (two above vanity and one above shower).Bedroom 1Replace five (5) receptacles.Replace one (1) switch.Replace one (1) telephone outlet cover plate.Replace one (1) cable outlet cover plate.Bedroom 2Replace five (5) receptacles.Replace one (1) switch.Replace one (1) telephone outlet cover plate.Replace one (1) cable outlet cover plate.Electrical ServiceReplace existing electrical panel with new panel and breakers.Reconnect all existing and new branch circuits.Test all circuits and devices upon completion to verify proper operation.Plumbing Improvements",,
"06/09/2026","Permit Issued","RE2601417","(RE) - Electrical - 1 & 2 Unit Residential (Building)","4315 ARCADIA AVE, Oakland CA 94602","Main pane, upgrade from 100A to 200A",,
"06/09/2026","Pending-Document Uploaded","R2600719","(R) - ReRoof Certificate (Building)","7400 CIRCLE HILL DR, Oakland CA 94605","Removal of existing roof, installing new plywood underlayment and new comp shingles (Silver Birch -Certainteed Landmark Solaris Roof) 15 SQ",,
"06/09/2026","Assigned to Permit Tech","B2601625","(B) - Building Alteration - 3+ Residential Units or Commercial (Building)","100 BAY PL, 1210, Oakland CA 94610","Remodel like for like kitchen, bathroom, and upgrade to high efficiency lighting throughout.",,
"06/09/2026","Permit Issued","CGS2601403","DOT - Curb Gutter Sidewalk Exemption Certificate","5828 MORAGA AVE, Oakland CA 94611",,,
"06/09/2026","Permit Issued","CGS2601404","DOT - Curb Gutter Sidewalk Standard Compliance Certificate","3631 LYON AVE, Oakland CA 94601",,,
"06/09/2026","Permit Issued","E2601420","(E) - Electrical - 3+ Residential Units or Commercial (Building)","6055 MAJESTIC AVE, Oakland CA 94605","* Replace old 100amp main service breaker with new 125amp main service breaker, * Prewire for one 50-amp circuit for EV charger * Prewire for one 30-amp circuit for electric dryer",,
"06/09/2026","Permit Issued","RM2600735","(RM) - Mechanical - 1 & 2 Unit Residential (Building)","6 HAWKS HILL CT, Oakland CA 94618","AC to Heat Pump and Furnace like for like replacement",,
"06/09/2026","Permit Issued","E2601422","(E) - Electrical - 3+ Residential Units or Commercial (Building)","100 BAY PL, UNIT 1210, Oakland CA 94610","15 lights, 15 receptacles, 1 dryer",,
"06/09/2026","Final","E2601423","(E) - Electrical - 3+ Residential Units or Commercial (Building)","4446 PIEDMONT AVE, Oakland CA 94611","-Relocate existing boiler power feed to accommodate new boiler location.-Install a new disconnect switch within required sight of the boiler for service and safety purposes.",,
"06/09/2026","Completed Cert Received","R2600716","(R) - ReRoof Certificate (Building)","2633 E 27TH ST, Oakland CA 94601","The application of a white roof coating to 2,000 sq.ft.  No roof replacement.",,
"06/09/2026","Inspections - In Progress","SL2601126","(SL) - Sewer Lateral (OPW)","7808 WELD ST, Oakland CA 94621","Repair/replace building sewer ON PROPERTY ONLY. SL & X required beyond PL. Overflow device may be needed. If working within 25' feet of a monument you must comply with State Law 8771, contact the Inspector prior to starting excavation: minimum $5,800.00 fine for non-compliance. USA # and date must be provided in order to have a permit issued. Permit valid for 90 days. If the work is to be performed on a designated “Creekside Property” the work will require a “Creek Protection Permit”. If the property is not currently flagged in Accela as a “Creekside Property” but work will be performed within 100’ of a creek channel, a “Creek Determination” should be conducted to determine if the work is subject to the Creek Protection Ordinance.",,
"06/09/2026","Permit Issued","RE2601427","(RE) - Electrical - 1 & 2 Unit Residential (Building)","9421 CASTLEWOOD ST, Oakland CA 94605","*Move a wire a couple feet on the roof*Repair some dry root wood, fascia board*Move a stack vent because is too closed to the ridge roof*re-roof",,
"06/09/2026","Permit Issued","RE2601429","(RE) - Electrical - 1 & 2 Unit Residential (Building)","4741 SCOTIA AVE, Oakland CA 94605","main service upgrade/legalization and Meter Release Approval.",,
"06/09/2026","Complete","BW26001785","(BW) - Building Worksheet (Building)","2006 COURTLAND AVE, Oakland CA 94601","REMODEL FRONT WALL & FIX WATERPROOFING.  REMODEL (1) STUCCO WALL, LIKE FOR LIKE.  NO STRUCTURAL MODIFICATIONS TO FRAMING.  REPLACE EXISTING DRY ROTTED WOOD MEMBERS WITH SAME SIZE (OR 2X4) & RECOMMENDED SPACING OF 16"" O.C.  TO FIX WATER DAMAGE.EXISTING VINYL DUAL PANE DOUBLE SLIDER WINDOW TO BE RESEATED IN WALL AFTER NEW WATERPROOFING REPAIR.  STUCCO REPAIR TO MATCH (E) WALLS.  CUT SLOT TRENCH ON CONCRETE NEAR FRONT WALL TO IMPROVE DRAINAGE, COVER WITH NEW METAL GRATING",,
"06/09/2026","Permit Issued","CGS2601409","DOT - Curb Gutter Sidewalk Standard Compliance Certificate","1414 12TH ST, OAKLAND CA 94607",,,
"06/09/2026","Permit Issued","M2600731","(M) - Mechanical - 3+ Residential Units or Commercial (Building)","434 25TH ST, OAKLAND CA 94612","New Type 1 kitchen exhaust hood",,
"06/09/2026","Complete","BW26001788","(BW) - Building Worksheet (Building)","5470 MANILA AVE, Oakland CA 94618","Demo existing garage (under separate permit); construct new 259 S.F. accessory building at rear yard, to including closet and home office.  Remove existing fireplace chimney at main residence (firebox to remain) and install new gas (or electric) fireplace insert.",,
"06/09/2026","Permit Issued","P2600759","(P) - Plumbing - 3+ Residential Units or commercial (Building)","100 BAY PL, UNIT 1210, Oakland CA 94610","2 toilets, 3 sinks, 1 tub",,
"06/09/2026","Permit Issued","CGS2601406","DOT - Curb Gutter Sidewalk Provisional Certificate","4601 FAIR AVE, Oakland CA 94619",,,
"06/09/2026","In Progress","TR-ND26-00058","(ND) - Non-Developmental Tree Permit (OPW)","624 ALCATRAZ AVE, Oakland CA 94609","Black Walnut (Juglans spp), located next to the building. This tree should be removed. It has a severe lean and is in decline, including recently dropping limbs up to 3 inches in diameter. The crown extends over a shared lawn area of HOA, where children play and many residents walk. The chance of failure cannot be mitigated, and therefore this tree should be removed. If desired a different species better suited to the site could be planted.Camphor (Camphora officinarum), next to adjacent building. The root zone pushed the original stair pilings out of square, causing extensive repairs. Additionally, the new stair footings need to be installed and therefore several major structural roots need to be removed, causing an overall stability issue. The root zone of this species is far too large for the site. This tree should be removed, and if desired, a species better suited to the site planted in its place.RECOMMENDATIONSRemoval of both trees list above.Craig HancockCertified Arborist WE-2181ATRAQ Certified",,
"06/09/2026","Certificate Issued","R2600718","(R) - ReRoof Certificate (Building)","755 19TH ST, Oakland CA 94612","Partial reroof overlay",,
"06/09/2026","Permit Issued","P2600755","(P) - Plumbing - 3+ Residential Units or commercial (Building)","100 BAY PL, Oakland CA 94610","1 toilet, 2 sinks, 1 tub & shower",,
"06/09/2026","Pending - Incomplete","BW26001775","(BW) - Building Worksheet (Building)","6189 CONTRA COSTA RD, Oakland CA 94618","Marvin Window Like for Like New Construction UnitRef: ZW2601353",,
"06/09/2026",,"26TMP-027797","(BW) - Building Worksheet (Building)","923 ARLINGTON AVE, Oakland CA 94608","Master bathroom remodel - no changes to floor layout",,
"06/09/2026","Permit Issued","LBP2600104","(LBP) - Lead Based Paint (Building)","2957 MORCOM AVE, Oakland CA 94619","paint outside of house",,
"06/09/2026","Permit Issued","E2601425","(E) - Electrical - 3+ Residential Units or Commercial (Building)","2317 FRUITVALE AVE, Oakland CA 94601","Electrical - In-kind kitchen and bathroom remodel, add new non-load bearing wall to create a new bedroom with closet in unit 302 of MFD.",,
"06/09/2026","Inspections - In Progress","SL2601123","(SL) - Sewer Lateral (OPW)","4327 MONTGOMERY ST, Oakland CA 94611","Sewer repair PSL",,
"06/09/2026","Permit Issued","CGS2601412","DOT - Curb Gutter Sidewalk Standard Compliance Certificate","1720 AUSEON AVE, Oakland CA 94621",,,
"06/09/2026","Permit Issued","CGS2601402","DOT - Curb Gutter Sidewalk Standard Compliance Certificate","382 50TH ST, Oakland CA 94609",,,
"06/09/2026","Permit Issued","CGS2601407","DOT - Curb Gutter Sidewalk Standard Compliance Certificate","914 44TH ST, Oakland CA 94608",,,
"06/09/2026","Final","P2600757","(P) - Plumbing - 3+ Residential Units or commercial (Building)","333 HEGENBERGER RD, Oakland CA 94621","Break in main water line supply between meter to building.  Repair and replace as needed.",,
"06/09/2026","Permit Issued","CGS2601394","DOT - Curb Gutter Sidewalk Exemption Certificate","6299 ROCKY POINT CT, Oakland CA 94605",,,
"06/09/2026",,"26TMP-028014","(RE) - Electrical - 1 & 2 Unit Residential (Building)","2755 BARRY PL, Oakland CA 94601","Adding a subpanel at garage and adding 6  new 120 v circuits for outlets and lighting at garage and utility space",,
"06/09/2026","Permit Issued","E2601426","(E) - Electrical - 3+ Residential Units or Commercial (Building)","100 BAY PL, UNIT 1603, Oakland CA 94610","1 subpanel, 6 circuits, 15 lights, 15 receptacles, 1 range top, 1 dryer",,
"06/09/2026","Permit Issued","RE2601432","(RE) - Electrical - 1 & 2 Unit Residential (Building)","11250 ELVESSA ST, Oakland CA 94605","Meter upgrade 1000A to 200A",,
"06/09/2026","Permit Issued","CGS2601399","DOT - Curb Gutter Sidewalk Exemption Certificate","6639 COLTON BLVD, Oakland CA 94611",,,
"06/09/2026","Pending - Incomplete","BW26001778","(BW) - Building Worksheet (Building)","3900 BROADWAY, Oakland CA 94611","This project scope is limited to upgrading the existing full fire alarm system within the building, including replacement of the fire alarm control unit(s) and all associated initiating and notification devices. This permit covers the related structural, electrical, and architectural work, while the fire alarm system is being submitted under separate permit (FDPR26-00302 for reference only).",,
"06/09/2026","Permit Issued","CGS2601395","DOT - Curb Gutter Sidewalk Exemption Certificate","1028 AQUARIUS WY, Oakland CA 94611",,,
"06/09/2026","Permit Issued","CGS2601393","DOT - Curb Gutter Sidewalk Exemption Certificate","7200 SARONI DR, Oakland CA 94611",,,
"06/09/2026","Complete","BW26001783","(BW) - Building Worksheet (Building)","4772 COMMONWEALTH DR, Oakland CA 94605","IN-KIND KITCHEN REMODEL; CABNETRY, REPLACE EXISTING GAS COOKTOP",,
"06/09/2026","Complete","BW26001777","(BW) - Building Worksheet (Building)","110 41ST ST, 1601, Oakland CA 94611 United States","Unit 1601 Interior RenovationThe proposed scope of work for Unit 1601 consists of a complete interior renovation as indicated on the approved plans. Work includes demolition of existing finishes, cabinetry, fixtures, and associated systems, followed by installation of new finishes, cabinetry, electrical, and plumbing improvements.Architectural ImprovementsRemove existing kitchen and bathroom cabinetry and install new cabinetry in accordance with the approved floor plan and elevations.Install new flooring throughout the unit.Paint the entire interior of the unit.Power wash and clean the existing balcony.Remove and replace existing interior bedroom and bathroom doors with new doors and hardware.Existing shower pan and shower enclosure to remain in place.No replacement of exterior windows or sliding glass doors is included in this scope.Electrical ImprovementsKitchenDemolish and remove existing kitchen electrical devices and wiring as required for renovation.Install new toe-kick lighting.Install four (4) new 4-inch recessed LED downlights with dedicated switching.Install two (2) new 18-inch under-cabinet LED light fixtures.Provide six (6) new branch circuits serving:Electric range (220V)RefrigeratorGarbage disposalCountertop GFCI receptaclesMicrowaveAdditional kitchen loads as required by code and approved plans.HallwayReplace existing switch.Living RoomReplace six (6) receptacles.Replace three (3) switches.Replace one (1) telephone outlet cover plate.Replace one (1) cable outlet cover plate.Dining RoomReplace existing light fixture (fixture by owner).Replace existing switch.BathroomInstall new toe-kick lighting.Replace timer switch.Replace standard switch.Replace GFCI receptacle.Remove existing vanity light.Install dedicated receptacle for bidet/toilet connection.Install three (3) new 4-inch recessed LED downlights (two above vanity and one above shower).Bedroom 1Replace five (5) receptacles.Replace one (1) switch.Replace one (1) telephone outlet cover plate.Replace one (1) cable outlet cover plate.Bedroom 2Replace five (5) receptacles.Replace one (1) switch.Replace one (1) telephone outlet cover plate.Replace one (1) cable outlet cover plate.Electrical ServiceReplace existing electrical panel with new panel and breakers.Reconnect all existing and new branch circuits.Test all circuits and devices upon completion to verify proper operation.Plumbing ImprovementsInstall new kitchen sink.Install new kitchen faucet.Install new dishwasher connection.Install new garbage disposal.Install new shower valve, trim, and associated finish components.Reconnect plumbing fixtures and verify proper operation upon completion.",,
"06/09/2026","Permit Issued","SL2601125","(SL) - Sewer Lateral (OPW)","3 5TH AVE, Oakland CA 94606","Sewer cap off from the storm drain.USA Ticket:  2026051403576-002",,
"06/09/2026","Permit Issued","M2600733","(M) - Mechanical - 3+ Residential Units or Commercial (Building)","2317 FRUITVALE AVE, Oakland CA 94601","MFD, UNIT 302: In-kind kitchen and bathroom remodel in unit 302 of MFD. Add Bathroom Fan & Range Hood.",,
"06/09/2026","Permit Issued","RM2600734","(RM) - Mechanical - 1 & 2 Unit Residential (Building)","5561 COUNTRY CLUB DR, Oakland CA 94618","Replacing Heat Pump and Air Handler.",,
"06/09/2026","Certificate Issued","R2600717","(R) - ReRoof Certificate (Building)","5128 MILES AVE, Oakland CA 94618","TEAR OFF AND REROOF WITH 17 SQUARES OF NEW DIMENSIONAL SHINGLES.",,
"06/09/2026","Complete","BW26001787","(BW) - Building Worksheet (Building)","21 MARGUERITE DR, Oakland CA 94618","1,000 SQFT stucco replacement like for like on the back side only",,
"06/09/2026","Complete","BW26001786","(BW) - Building Worksheet (Building)","1130 75TH AVE, Oakland CA 94621","Upgrade existing residential electrical service from 100 amps to 240 amps. Install a new 240-amp surface mounted main service panel adjacent, reconnect existing branch circuits, provide required grounding and bonding upgrades, and coordinate utility disconnect and reconnect with PG&E. All work shall comply with the current California Electrical Code and City of Oakland requirements.",,
"06/09/2026","Permit Issued","RE2601431","(RE) - Electrical - 1 & 2 Unit Residential (Building)","2530 GRANDE VISTA AVE, Oakland CA 94601","remove exiting 30amp 120/240 volt  3 wire  service and riser,  Install new 200 Amp Meter main with distribution , relocate new equipment and riser . Provide (1) new  30 Amp  2 pole breaker, new  # 10 AWG feeder to re energize existing sub panel. Provide (1) new 30 Amp 2 pole breaker , new # 10 AWG cable for  240 volt car charger.",,
"06/09/2026","Pending - Incomplete","BW26001779","(BW) - Building Worksheet (Building)","3900 BROADWAY, Oakland CA 94611","This project scope is limited to upgrading the existing full fire alarm system within the building, including replacement of the fire alarm control unit(s) and all associated initiating and notification devices. This permit covers the related electrical, and architectural work, while the fire alarm system is being submitted under a separate permit (FDPR26-00303 for reference only) .",,
"06/09/2026","Permit Issued","RP2600758","(RP) Plumbing - 1 & 2 Unit Residential (Building)","46 LINCOLNSHIRE DR, Oakland CA 94618","Water repipe of 60'ft",,
"06/09/2026","Completed Cert Received","R2600715","(R) - ReRoof Certificate (Building)","1551 22ND AVE, Oakland CA 94606","Remove current roof, install new 30 year shingle roof. Like for Like.",,
"06/09/2026","Permit Issued","P2600760","(P) - Plumbing - 3+ Residential Units or commercial (Building)","100 BAY PL, UNIT 1603, Oakland CA 94610","1 toilet, 2 sinks, 1 dishwasher",,
"06/09/2026","Inspections - In Progress","SL2601124","(SL) - Sewer Lateral (OPW)","4101 BROOKDALE AVE, Oakland CA 94619","Sewer Lateral:Repair/replace building sewer ON PROPERTY ONLY. SL & X required beyond PL. Overflow device may be needed. If working within 25' feet of a monument you must comply with State Law 8771, contact the Inspector prior to starting excavation: minimum $5,800.00 fine for non-compliance. USA # and date must be provided in order to have a permit issued. Permit valid for 90 days. If the work is to be performed on a designated “Creekside Property” the work will require a “Creek Protection Permit”. If the property is not currently flagged in Accela as a “Creekside Property” but work will be performed within 100’ of a creek channel, a “Creek Determination” should be conducted to determine if the work is subject to the Creek Protection Ordinance.  Call PWA INSPECTION prior to start: 510-238-3651 or email PWA_inspections@oaklandca.gov USA #2026052803895",,
"06/09/2026","Permit Issued","RM2600729","(RM) - Mechanical - 1 & 2 Unit Residential (Building)","637 VIA RIALTO, Oakland CA 94619","AC 3 ton 14.3 seer and Furnace 3 ton 80%-70k at same location",,
"06/09/2026","Pending - Incomplete","BW26001771","(BW) - Building Worksheet (Building)","353 SANTA CLARA AVE, Oakland CA 94610","Furnish and install 13 Marvin wood/ clad, title 14 compliant, insert windows.",,
"06/09/2026","Complete","BW26001781","(BW) - Building Worksheet (Building)","5744 GASKILL ST, Oakland CA 94608","Reference Code RBC2601150 - Repair/replace exterior stucco at front facade and side elevations. Replace existing support posts in kind. Remove existing front roof overhang as shown on plans. Repair/replace deteriorated sheathing at front porch soffit and wall areas. Repair/replace guardrails and stair rails at front porch landing and stairs. Add crawl space vents and vented frieze boards for attic ventilation. Replace existing porch light and associated electrical as required. No expansion of building footprint, floor area, or change of use.",,
"06/09/2026","On Hold","X2600457","DOT - Excavation (X)","658 8TH ST, Oakland CA 94607","Rapid Systems PM 929 MLKJr; INSTALL CONDUIT FROM EXISTING VAULT AT 11TH ST & JEFFERSON STTO UTILITY POLE AT MLK JR ST TO 10TH ST. INSTALL CONDUIT FROMUTILITY POLE TO AT&T MH AT 7TH ST & MLK JR ST.  trenching 693' x 3'.  Ensure that environmental controls are in place to prevent dust/debris/wastewater from contaminating environment. If working within 15 feet of a monument you must comply with State Law 8771, contact the Inspector prior to starting excavation: minimum $5,800.00 fine for non-compliance. Comply with all terms of City of Oakland Public Works Standards, Street Excavation Rules, Revised August 2021 and City Council Ordinance No. 13300 C.M.S. Five days’ prior notice required for work lasting five days or less in business/commercial districts: 72-hours’ notice in residential districts. Ten days prior notice required for work lasting six days or more in all districts. SCHEDULE INSPECTION at least 48 hours in advance at: http://oaklanddot.com/projects/search.html """,,
"06/09/2026","Pending - Incomplete","BW26001789","(BW) - Building Worksheet (Building)","5741 SCARBOROUGH DR, Oakland CA 94611","THE PROJECT CONSISTS OF THE FOLLOWINGVOLUNTARY UPGRADES AT THE SUBJECT PROPERTYFOR THE FOLLOWING ITEMS:· EXISTING DECK REHABILITATION· SOIL CUT STABILIZATION IN CRAWLSPACE· FOUNDATION UPGRADES· SEISMIC STRENGTHENINGAt existing single-family dwelling: Foundation seismic upgrade and deck replacement. No MEP's.",,
"06/09/2026","Routing - Completed","RBC2601638","(RBC) - Building Residential Combo Alteration- 1 & 2 Unit Residential (Building)","4168 PARK BLVD, Oakland CA 94602","Expansion and remodel of existing 1 bedroom detached 509 sf ADU at the rear of duplex. Expand to 682 sf by converting attached 1 car garage to habitable space. 177 sf of garage to remain. Include MEPs. No work at front SFD. ADU address to be changed from 4168 1/2 Park to 4172 Park Blvd. DRX260459. To abate CE 2304151.",,
"06/09/2026","On Hold","B2601636","(B) - Building Alteration - 3+ Residential Units or Commercial (Building)","1752 IRONWOOD ALY, OAKLAND CA 94607","At multi-family residential building: BLDG S (1752 - 1758 IRONWOOD ALLEY)- This project is to perform repairs to the exterior envelope to mitigate excessive water intrusion into living spaces, and to perform balcony deck repairs to prevent damage to the underlaying structural components. Waterproofing repairs to balcony decks, replacement in like kind.  Miscellaneous site repairs and exterior painting.  Related mechanical, electrical, plumbing and painting requires separate permits.",,
"06/09/2026","On Hold","B2601635","(B) - Building Alteration - 3+ Residential Units or Commercial (Building)","1524 IRONWOOD, OAKLAND CA 94607","At multi-family residential building: BLDG R (1524 - 1536 IRONWOOD ALY)- This project is to perform repairs to the exterior envelope to mitigate excessive water intrusion into living spaces, and to perform balcony deck repairs to prevent damage to the underlaying structural components. Waterproofing repairs to balcony decks, replacement in like kind.  Miscellaneous site repairs and exterior painting.  Related mechanical, electrical, plumbing and painting requires separate permits.",,
"06/09/2026","Intake - Completed","X2600456","DOT - Excavation (X)","708 FRUITVALE AVE, Oakland CA 94601","PG&E PM 35253083-PG&E to install new UG service, riser, remove existing UG service, and replace meter for streetlights. Agency contact: cfowler@oaklandca.gov (applicant permit not provided).  Ensure that environmental controls are in place to prevent dust/debris/wastewater from contaminating environment. If working within 15 feet of a monument you must comply with State Law 8771, contact the Inspector prior to starting excavation: minimum $5,800.00 fine for non-compliance. Comply with all terms of City of Oakland Public Works Standards, Street Excavation Rules, Revised August 2021 and City Council Ordinance No. 13300 C.M.S. Five days’ prior notice required for work lasting five days or less in business/commercial districts: 72-hours’ notice in residential districts. Ten days prior notice required for work lasting six days or more in all districts. SCHEDULE INSPECTION at least 48 hours in advance at: http://oaklanddot.com/projects/search.html """,,
"06/09/2026","Complete","BW26001784","(BW) - Building Worksheet (Building)","7042 WESTMOORLAND DR, Oakland CA 94705 United States","Private grading permit application associated with the building permit application for construction of a new single-family residence at 7042 Westmoorland Drive. Scope includes site grading, excavation, retaining walls, drainage improvements, erosion control measures, and implementation of geotechnical recommendations in accordance with the approved grading plans and geotechnical report.New 5200 sqft 3-story SFD with 540 sqft attached 2 car garage consisting of 4 bedrooms/4.5 bathrooms on vacant lot. MEP included. Proposed address is 7042 WESTMOORLAND DR. PLN24162.",,
"06/09/2026","On Hold","B2601634","(B) - Building Alteration - 3+ Residential Units or Commercial (Building)","1502 MYRTLE, OAKLAND CA 94607","At multi-family residential building: BLDG Q (1502 - 1520 MYRTLE ALLEY)- This project is to perform repairs to the exterior envelope to mitigate excessive water intrusion into living spaces, and to perform balcony deck repairs to prevent damage to the underlaying structural components. Waterproofing repairs to balcony decks, replacement in like kind.  Miscellaneous site repairs and exterior painting.  Related mechanical, electrical, plumbing and painting requires separate permits.",,
"06/09/2026","Issued","B2601633","(B) - Building Alteration - 3+ Residential Units or Commercial (Building)","1501 WOOD ST, OAKLAND CA 94607","At multi-family residential building: BLDG P (1501 - 1515 WOOD ST)- This project is to perform repairs to the exterior envelope to mitigate excessive water intrusion into living spaces, and to perform balcony deck repairs to prevent damage to the underlaying structural components. Waterproofing repairs to balcony decks, replacement in like kind.  Miscellaneous site repairs and exterior painting.  Related mechanical, electrical, plumbing and painting requires separate permits.",,
"06/09/2026","On Hold","RBC2601632","(RBC) - Building Residential Combo Alteration- 1 & 2 Unit Residential (Building)","5915 SAN PABLO AVE, Oakland CA 94608","Replace 16 windows and 1 sliding door started under RB1800176, FAU started under RM1800131 and completion permit for RB1400553. Mechanical only included.RB1400553 - Install 01 retrofit vinyl window inserts only/retention of original framing materials (2013CBC,Sec.3404.1.1) safety glazing pr 2013CBC,Sec.2406.  One sliding glass door. DRX140233.",,
"06/09/2026","Pending - Incomplete","BW26001782","(BW) - Building Worksheet (Building)","3431 SAN PABLO AVE, Oakland CA 94608","This proposed project is to provide concrete shoring and permanent strengthening for the southern pilaster of the historic brick gate attached to the California Hotel.  This is tied to the existing building permit for 3431 San Pablo Ave. (B2502291). DRX260858TI-To repair an off-site CMU wall with concrete shoring and permanent strengthening for the southern pilaster of the historic brick gate attached to the California Hotel. DRX260858. Related Permit B2502291.",,
"06/09/2026","Issued","B2601631","(B) - Building Alteration - 3+ Residential Units or Commercial (Building)","1417 WOOD ST, OAKLAND CA 94607","At multi-family residential building: BLDG O (1417 - 1431 WOOD ST)- This project is to perform repairs to the exterior envelope to mitigate excessive water intrusion into living spaces, and to perform balcony deck repairs to prevent damage to the underlaying structural components. Waterproofing repairs to balcony decks, replacement in like kind.  Miscellaneous site repairs and exterior painting.  Related mechanical, electrical, plumbing and painting requires separate permits.",,
"06/09/2026","On Hold - Field Check Pending","RBC2601630","(RBC) - Building Residential Combo Alteration- 1 & 2 Unit Residential (Building)","873 ARLINGTON AVE, Oakland CA 94608","At rear of existing duplex legalize 54.5sf addition of laundry room, new staircase, door, balcony, and awning at second level.  Includes lead-based paint abatement.  Includes all related MEP.  To abate CE Case #2500412.",,
"06/09/2026","Issued","B2601629","(B) - Building Alteration - 3+ Residential Units or Commercial (Building)","1403 OAK ALY, OAKLAND CA 94607","At multi-family residential building: BLDG N (1403 - 1415 OAK ALY)- This project is to perform repairs to the exterior envelope to mitigate excessive water intrusion into living spaces, and to perform balcony deck repairs to prevent damage to the underlaying structural components. Waterproofing repairs to balcony decks, replacement in like kind.  Miscellaneous site repairs and exterior painting.  Related mechanical, electrical, plumbing and painting requires separate permits.",,
"06/09/2026","Created","OB2600694","Obstruction","1770 BROADWAY, Oakland CA 94612","Reserve 5 METERED parking space(s) in front of parcel only for dumpster, construction vehicle, moving van or storage pod. No impact on traffic lane or sidewalk allowed. No-parking signs picked up by applicant after payment, 4TH FLOOR. To Have Illegally Parked Vehicle Ticketed Call 510-777-3333. Applicant arranges towing. Comply with terms set forth in CVC Section 22651 (m). For Towed Vehicle: Call 510-238-3021.",,
"06/09/2026","In Review","X2600455","DOT - Excavation (X)","3074 BROOKFIELD AVE, Oakland CA 94605","EBMUD PM 052556-C; Install 1,920' of water main, connections, 1 hydrant & 56 service transfers.Infrastructure renewal on Brookfield Ave, Danbury St & Revere Ave. Trenching 1,920' x 3'. Ensure that environmental controls are in place to prevent dust/debris/wastewater from contaminating environment. If working within 15 feet of a monument you must comply with State Law 8771, contact the Inspector prior to starting excavation: minimum $5,800.00 fine for non-compliance. Comply with all terms of City of Oakland Public Works Standards, Street Excavation Rules, Revised August 2021 and City Council Ordinance No. 13300 C.M.S. Five days’ prior notice required for work lasting five days or less in business/commercial districts: 72-hours’ notice in residential districts. Ten days prior notice required for work lasting six days or more in all districts. SCHEDULE INSPECTION at least 48 hours in advance at: http://oaklanddot.com/projects/search.html """,,
"06/09/2026","Intake - Completed","X2600454","DOT - Excavation (X)","1241 14TH ST, Oakland CA 94607","Mastec PM OAK-JB2424479-C-SEGOverpull approx. 466'± of fiber in existing conduit, 5 existing vaults, bore approx. 05'± of fiber in new conduit, 1 place new pedestal & perform splicing at (18) existing locations for Comcast services.Traffic Control = 03 Days.  Ensure that environmental controls are in place to prevent dust/debris/wastewater from contaminating environment. If working within 15 feet of a monument you must comply with State Law 8771, contact the Inspector prior to starting excavation: minimum $5,800.00 fine for non-compliance. Comply with all terms of City of Oakland Public Works Standards, Street Excavation Rules, Revised August 2021 and City Council Ordinance No. 13300 C.M.S. Five days’ prior notice required for work lasting five days or less in business/commercial districts: 72-hours’ notice in residential districts. Ten days prior notice required for work lasting six days or more in all districts. SCHEDULE INSPECTION at least 48 hours in advance at: http://oaklanddot.com/projects/search.html """,,
"06/09/2026","In Review","X2600453","DOT - Excavation (X)","351 COVINGTON ST, Oakland CA 94605","EBMUD PM 052556-B; Install 2,010' of water main, connections, 1 hydrant & 72 service transfers.Infrastructure renewal on Covington Street.  Trenching 2,010' x 3'.  Ensure that environmental controls are in place to prevent dust/debris/wastewater from contaminating environment. If working within 15 feet of a monument you must comply with State Law 8771, contact the Inspector prior to starting excavation: minimum $5,800.00 fine for non-compliance. Comply with all terms of City of Oakland Public Works Standards, Street Excavation Rules, Revised August 2021 and City Council Ordinance No. 13300 C.M.S. Five days’ prior notice required for work lasting five days or less in business/commercial districts: 72-hours’ notice in residential districts. Ten days prior notice required for work lasting six days or more in all districts. SCHEDULE INSPECTION at least 48 hours in advance at: http://oaklanddot.com/projects/search.html """,,
"06/09/2026","In Review","X2600452","DOT - Excavation (X)","347 MARLOW DR, Oakland CA 94605","EBMUD PM 052556-AInstall 1,965' of water main, connections, 4 hydrants & 111 service transfers.  Infrastructure renewal on Marlow Drive.  Trenching 1,965' x 3'.  Ensure that environmental controls are in place to prevent dust/debris/wastewater from contaminating environment. If working within 15 feet of a monument you must comply with State Law 8771, contact the Inspector prior to starting excavation: minimum $5,800.00 fine for non-compliance. Comply with all terms of City of Oakland Public Works Standards, Street Excavation Rules, Revised August 2021 and City Council Ordinance No. 13300 C.M.S. Five days’ prior notice required for work lasting five days or less in business/commercial districts: 72-hours’ notice in residential districts. Ten days prior notice required for work lasting six days or more in all districts. SCHEDULE INSPECTION at least 48 hours in advance at: http://oaklanddot.com/projects/search.html """,,
"06/09/2026","On Hold","B2601628","(B) - Building Alteration - 3+ Residential Units or Commercial (Building)","1433 OAK ALY, OAKLAND CA 94607","At multi-family residential building: BLDG M (1433 - 1445 OAK ALY)- This project is to perform repairs to the exterior envelope to mitigate excessive water intrusion into living spaces, and to perform balcony deck repairs to prevent damage to the underlaying structural components. Waterproofing repairs to balcony decks, replacement in like kind.  Miscellaneous site repairs and exterior painting.  Related mechanical, electrical, plumbing and painting requires separate permits.",,
"06/09/2026","On Hold","B2601627","(B) - Building Alteration - 3+ Residential Units or Commercial (Building)","1424 OAK ALY, OAKLAND CA 94607","At multi-family residential building: BLDG L (1424 - 1438 OAK ALLEY)- This project is to perform repairs to the exterior envelope to mitigate excessive water intrusion into living spaces, and to perform balcony deck repairs to prevent damage to the underlaying structural components. Waterproofing repairs to balcony decks, replacement in like kind.  Miscellaneous site repairs and exterior painting.  Related mechanical, electrical, plumbing and painting requires separate permits.",,
"06/09/2026","On Hold","B2601626","(B) - Building Alteration - 3+ Residential Units or Commercial (Building)","100 BAY PL, 1603, Oakland CA 94610","At existing Senior Living facility unit #1603 remodel kitchen and 2 bathrooms.  Includes lead-based paint abatement.  No change to wall layout. MEP requires separate permits.",,
"06/09/2026","Issued","CGS2601401","DOT - Curb Gutter Sidewalk Repair","651 58TH ST, Oakland CA 94609","sidewalk repair NOTE: ***BEFORE any work in Right of Way, please call 510-238-3860 forty-eight hours in advance. Applicant is subject to fine if work is started WITHOUT scheduling a pre-inspection*** Install new driveway per approved plans per City Standard. If working within 25' feet of a monument you must comply with State Law 8771, contact the Inspector prior to starting excavation: minimum $5,800.00 fine for non-compliance. Comply with all terms of City of Oakland Public Works Standards, Street Excavation Rules, Revised March 2015 and City Council Ordinance No. 13300 C.M.S. Five-day prior notice required for work lasting five days or less in business/commercial districts: 72-hour notice in residential districts. Ten-day prior notice required for work lasting six days or more in all districts. USA# 2026",,
"06/09/2026","Permit Expired","OB2600693","Obstruction","168 SANTA ROSA AVE, Oakland CA 94610","Reserve 3 (75') NON-METERED parking space(s) in front of parcel only for dumpster, construction vehicle, moving van or storage pod. Post No-parking signs 72 hours prior in residential areas. No impact on traffic lane or sidewalk allowed, except as noted on TCP/X permit. NO-PARKING SIGNS SHALL PICKED UP BY APPLICANT AFTER PAYMENT TO ENFORCE PERMIT REQUIREMENT. To have illegally parked vehicle ticketed: Call 510-777-3333. Applicant arranges towing. Comply with terms set forth in CVC Section 22651 (m). For towed vehicle: Call 510-238-3021.",,
"06/09/2026","In Review","X2600451","DOT - Excavation (X)","1109 GLENDORA AVE, Oakland CA 94602","PG&E PM 35738646; Permit for restoration from after the fact emergency gas work. Park in ROW & TCP. 35738646.  Ensure that environmental controls are in place to prevent dust/debris/wastewater from contaminating environment. If working within 15 feet of a monument you must comply with State Law 8771, contact the Inspector prior to starting excavation: minimum $5,800.00 fine for non-compliance. Comply with all terms of City of Oakland Public Works Standards, Street Excavation Rules, Revised August 2021 and City Council Ordinance No. 13300 C.M.S. Five days’ prior notice required for work lasting five days or less in business/commercial districts: 72-hours’ notice in residential districts. Ten days prior notice required for work lasting six days or more in all districts. SCHEDULE INSPECTION at least 48 hours in advance at: http://oaklanddot.com/projects/search.html """,,
"06/09/2026","On Hold","RBC2601624","(RBC) - Building Residential Combo Alteration- 1 & 2 Unit Residential (Building)","4295 FRUITVALE AVE, Oakland CA 94602","Replace 5 windows and 600 sqft of stucco at SFD. 1 window in garage, 1 in front bedroom, 2 in master bedroom, 1 in master bathroom. Stucco replacement at left and rear. No MEP included. DRX260681.",,
"06/09/2026","On Hold","B2601623","(B) - Building Alteration - 3+ Residential Units or Commercial (Building)","100 BAY PL, UNIT 1406, Oakland CA 94610","At existing Senior Living facility unit #1406 remodel kitchen and 2 bathrooms.  Includes lead-based paint abatement.  No change to wall layout. MEP requires separate permits.",,
"06/09/2026","On Hold","RBC2601622","(RBC) - Building Residential Combo Alteration- 1 & 2 Unit Residential (Building)","923 ARLINGTON AVE, Oakland CA 94608","At existing single-family dwelling: Master bathroom remodel, no change to layout or walls, no exterior work. Related electrical & plumbing included. Baseboard radiant heating.",,
"06/09/2026","Intake - Completed","X2600450","DOT - Excavation (X)","5 WEST CIR, OAKLAND CA 94611","PG&E PM 74060993-2A: PG&E to replace Electric Transmission pole and all associated hardware. Restoration to follow. 37.83054694    -122.20040977002/019.  Ensure that environmental controls are in place to prevent dust/debris/wastewater from contaminating environment. If working within 15 feet of a monument you must comply with State Law 8771, contact the Inspector prior to starting excavation: minimum $5,800.00 fine for non-compliance. Comply with all terms of City of Oakland Public Works Standards, Street Excavation Rules, Revised August 2021 and City Council Ordinance No. 13300 C.M.S. Five days’ prior notice required for work lasting five days or less in business/commercial districts: 72-hours’ notice in residential districts. Ten days prior notice required for work lasting six days or more in all districts. SCHEDULE INSPECTION at least 48 hours in advance at: http://oaklanddot.com/projects/search.html """,,
"06/09/2026","Intake - Completed","X2600449","DOT - Excavation (X)","7075 SAYRE DR, Oakland CA 94611","PG&E PM: 74060993-1A: PG&E to replace Electric Transmission pole and all associated hardware. Restoration to follow.Replace structure # 3 & #4.  We will also replace structure 2/15 at this same location on circuits #1 & #2 Tower 002/017.  Ensure that environmental controls are in place to prevent dust/debris/wastewater from contaminating environment. If working within 15 feet of a monument you must comply with State Law 8771, contact the Inspector prior to starting excavation: minimum $5,800.00 fine for non-compliance. Comply with all terms of City of Oakland Public Works Standards, Street Excavation Rules, Revised August 2021 and City Council Ordinance No. 13300 C.M.S. Five days’ prior notice required for work lasting five days or less in business/commercial districts: 72-hours’ notice in residential districts. Ten days prior notice required for work lasting six days or more in all districts. SCHEDULE INSPECTION at least 48 hours in advance at: http://oaklanddot.com/projects/search.html """,,
"06/09/2026","Permit Issued","RBC2601621","(RBC) - Building Residential Combo Alteration- 1 & 2 Unit Residential (Building)","650 FLORENCE AVE, Oakland CA 94618","At existing single-family dwelling to replace 24 (E) windows using retrofit installation. No changes to header size or layout. No related MEP's. DRX260792.",,
"06/09/2026","On Hold - Field Check Pending","RBC2601620","(RBC) - Building Residential Combo Alteration- 1 & 2 Unit Residential (Building)","6501 AITKEN DR, Oakland CA 94611","At single-family dwelling: Completion permit for RB1605352 and associated trade permits: RE1803133, RM1801921, RP1802300. To include related mechanical, electrical, and plumbing.",,
"06/09/2026","Complete","BW26001776","(BW) - Building Worksheet (Building)","3537 GALINDO ST, Oakland CA 94601","Legalize attached ADU in MFD with AB 2533.",,
"06/09/2026","Final","RP2600754","(RP) Plumbing - 1 & 2 Unit Residential (Building)","360 STATEN AVE, Oakland CA 94610","Repipe whole house using Pex",,
"06/09/2026","Permit Issued","E2601419","(E) - Electrical - 3+ Residential Units or Commercial (Building)","6001 INTERNATIONAL BLVD, Oakland CA 94621","Electrical Licensed Contractor will change the sub electrical breakers from old ones to new ones. Around 70 Amps. Rev 6/30/26 - includes some minor rewiring of existing junction and wires that are not code compliant.",,
"06/09/2026","In Review","X2600448","DOT - Excavation (X)","2277 MANZANITA DR, Oakland CA 94611","PG&E PM 35523894Tower 001/0127/1/2637.837785, -122.18779PGE to perform  electrical transmission maintenance overhead repairs.  Ensure that environmental controls are in place to prevent dust/debris/wastewater from contaminating environment. If working within 15 feet of a monument you must comply with State Law 8771, contact the Inspector prior to starting excavation: minimum $5,800.00 fine for non-compliance. Comply with all terms of City of Oakland Public Works Standards, Street Excavation Rules, Revised August 2021 and City Council Ordinance No. 13300 C.M.S. Five days’ prior notice required for work lasting five days or less in business/commercial districts: 72-hours’ notice in residential districts. Ten days prior notice required for work lasting six days or more in all districts. SCHEDULE INSPECTION at least 48 hours in advance at: http://oaklanddot.com/projects/search.html """,,
"06/09/2026","Payment Received","CGS2601398","DOT - Curb Gutter Sidewalk Standard Compliance Certificate","1076 61ST ST, Oakland CA 94608",,,
"06/09/2026","On Hold - Field Check Pending","RBC2601619","(RBC) - Building Residential Combo Alteration- 1 & 2 Unit Residential (Building)","3206 SYLVAN AVE, Oakland CA 94602","At rear of existing SFD return detached garage from unpermitted ADU to its original use and legalize 372sf addition to rear of garage to be used as storage.  Includes all related MEP to remove unpermitted water heater, washer and dryer, and all other trades related to the ADU removal.  Includes lead-based paint abatement.  To abate CE Case #2502405.",,
"06/09/2026","On Hold","RBC2601618","(RBC) - Building Residential Combo Alteration- 1 & 2 Unit Residential (Building)","7370 SARONI DR, Oakland CA 94611","At existing SFD, remove all aluminum siding and replace with James Hardie fiber cement siding. No other exterior work, no MEPs. DRX260690",,
"06/09/2026","Issued","B2601617","(B) - Building Alteration - 3+ Residential Units or Commercial (Building)","33 TERALYNN CT, Oakland CA 94619","Dry rot repair per 3A, 4B and 4C on termite report #10445 at Townhouse. No MEP included.",,
"06/09/2026","Permit Expired","OB2600692","Obstruction","124 MOSS AVE, Oakland CA","Reserve 1 (25') NON-METERED parking space(s) in front of parcel only for dumpster, construction vehicle, moving van or storage pod. No impact on traffic lane or sidewalk allowed, except as noted except as noted on TCP/X permit. NO-PARKING SIGNS SHALL PICKED UP BY APPLICANT AFTER PAYMENT TO ENFORCE PERMIT REQUIREMENT. To have illegally parked vehicle ticketed: Call 510-777-3333. Applicant arranges towing. Comply with terms set forth in CVC Section 22651 (m). For towed vehicle: Call 510-238-3021.",,
"06/09/2026","Permit Issued","SE2600523","Solar Permit (For commercial projects, residential projects not eligible for SolarApp+, or owner/builder or contractor use)","7770 PARDEE LN, Oakland CA 94621","Roof Mount Solar: 77.95kW, 131 Modules",,
"06/09/2026","On Hold - Field Check Pending","RBC2601616","(RBC) - Building Residential Combo Alteration- 1 & 2 Unit Residential (Building)","2831 STEINMETZ WY, Oakland CA 94602","At existing SFD, remove illegal 2-story extension at rear consisting of sunroom and family room. Remodel master bedroom and relocate master bathroom from demolished addition. Extend 2nd floor deck at rear. Includes related MEPs. Exterior at demolition area to be repaired to match existing. Includes minor wall and layout changes, including exterior doors and windows. DS260002. To abate CE# 2205332",,
"06/09/2026","Permit Issued","P2600753","(P) - Plumbing - 3+ Residential Units or commercial (Building)","1637 6TH AVE, Oakland CA 94606","B2500740, Plumbing for Unit 1629: Remodel to add bathroom, add bedroom. Remodel kitchen.2-toilets, 1kitchen sink, 1 bath sinks, garbage disposal, replace gas range/stove, 2-bathtub/showers.",,
"06/09/2026","Permit Issued","M2600730","(M) - Mechanical - 3+ Residential Units or Commercial (Building)","1637 6TH AVE, Oakland CA 94606","B2500740, Mechanical for Unit 1629: Remodel to add bathroom, add bedroom. Remodel kitchen.Replace kitchen hood, install 2 bathroom fans, electric central heating unit.",,
"06/09/2026","Permit Issued","E2601418","(E) - Electrical - 3+ Residential Units or Commercial (Building)","1637 6TH AVE, Oakland CA 94606","B2500740, Electrical for Unit 1629: Remodel to add bathroom, add bedroom. Remodel kitchen.Replace subpanel, 20-circuits, 8-lights, 30- outlets.",,
"06/09/2026","Void","B2601615","(B) - Building Alteration - 3+ Residential Units or Commercial (Building)","3253 HOLLIS ST, UNIT B, Oakland CA 94608 United States","Framing repair to roof deck. Item 3A of report 260630. DRX260725",,
"06/09/2026","Plan Review In Progress","RBC2601614","(RBC) - Building Residential Combo Alteration- 1 & 2 Unit Residential (Building)","3764 SUTER ST, Oakland CA 94619","At existing SFD, create new side and rear addition of 499SF and addition to front porch of 12SF. Inside, remove walls to open living space and enlarge kitchen, and reconfigure other interior walls to create a new full bathroom to create a master suite and create new bedroom and bathroom in addition at rear, for a total of 3 beds and 3 baths. Relocate laundry. Includes replacement of windows. Includes all related MEPs. Demolition to be under separate permit. DS250006",,
"06/09/2026","Final","CGS2601397","DOT - Curb Gutter Sidewalk Repair","33 RAMONA AVE, Oakland CA 94611","sidewalk repair NOTE: ***BEFORE any work in Right of Way, please call 510-238-3860 forty-eight hours in advance. Applicant is subject to fine if work is started WITHOUT scheduling a pre-inspection*** Install new driveway per approved plans per City Standard. If working within 25' feet of a monument you must comply with State Law 8771, contact the Inspector prior to starting excavation: minimum $5,800.00 fine for non-compliance. Comply with all terms of City of Oakland Public Works Standards, Street Excavation Rules, Revised March 2015 and City Council Ordinance No. 13300 C.M.S. Five-day prior notice required for work lasting five days or less in business/commercial districts: 72-hour notice in residential districts. Ten-day prior notice required for work lasting six days or more in all districts. USA# 2026060803392-000",,
"06/09/2026","Permit Issued","CGS2601396","DOT - Curb Gutter Sidewalk Repair","645 E 11TH ST, Oakland CA 94606","NOTE: ***BEFORE any work in Right of Way, please schedule your inspection via http://oaklanddot.com/cgs/projects/search.html forty-eight hours in advance. Applicant is subject to fine if work is started WITHOUT scheduling a pre-inspection*** Repair sidewalk to City Standards (maximum 2%). If working within 25' feet of a monument you must comply with State Law 8771, contact the Inspector prior to starting excavation: minimum $5,800.00 fine for non-compliance. Comply with all terms of City of Oakland Public Works Standards, Street Excavation Rules, Revised March 2015 and City Council Ordinance No. 13300 C.M.S. Five day prior notice required for work lasting five days or less in business/commercial districts; 72 hour notice in residential districts. Ten day prior notice required for work lasting six days or more in all districts. USA #",,
"06/09/2026","Permit Issued","RBC2601613","(RBC) - Building Residential Combo Alteration- 1 & 2 Unit Residential (Building)","1022 24TH ST, Oakland CA 94607","At existing SFD, replace 12 windows, in-kind, retrofit installation. No MEPs, no other exterior work. DRX260741",,
"06/09/2026","Permit Expired","OB2600691","Obstruction","4117 PENNIMAN CT, A, OAKLAND CA 94619","Reserve 1 (25') NON-METERED parking space(s) in front of parcel only for dumpster, construction vehicle, moving van or storage pod. No impact on traffic lane or sidewalk allowed, except as noted except as noted on TCP/X permit. NO-PARKING SIGNS SHALL PICKED UP BY APPLICANT AFTER PAYMENT TO ENFORCE PERMIT REQUIREMENT. To have illegally parked vehicle ticketed: Call 510-777-3333. Applicant arranges towing. Comply with terms set forth in CVC Section 22651 (m). For towed vehicle: Call 510-238-3021.",,
"06/09/2026","Plan Review In Progress","B2601612","(B) - Building Alteration - 3+ Residential Units or Commercial (Building)","9250 SKYLINE BLVD, Oakland CA 94611","AT&T - Install new small cell wireless facility attached to wood utility pole in the public ROW.",,
"06/09/2026","Permit Expired","OB2600690","Obstruction","230 BAY PL, Oakland CA 94612","Block 100'x2.5' portion of s/w with boom lift. Leave 5.5’ clear for pedestrian access, except as otherwise noted on TCP/X permit. No impact on traffic lane or parking, except as noted except as noted on TCP/X permit. Ensure that environmental controls are in place to prevent dust/debris/waste water from contaminating environment.",,
"06/09/2026","Permit Expired","OB2600689","Obstruction","4355 EVERETT AVE, Oakland CA 94602","Reserve 1 METERED and 1 (25') NON-METERED parking space(s) in front of parcel only for dumpster, construction vehicle, moving van or storage pod. No impact on traffic lane or sidewalk allowed, except as noted except as noted on TCP/X permit. NO-PARKING SIGNS SHALL PICKED UP BY APPLICANT AFTER PAYMENT TO ENFORCE PERMIT REQUIREMENT. To have illegally parked vehicle ticketed: Call 510-777-3333. Applicant arranges towing. Comply with terms set forth in CVC Section 22651 (m). For towed vehicle: Call 510-238-3021.**Obstruction @ 4357 Everett Ave",,
"06/09/2026","Permit Expired","OB2600688","Obstruction","4015 HOWE ST, Oakland CA 94611","Reserve 4 (100') NON-METERED parking space(s) in front of parcel only for dumpster, construction vehicle, moving van or storage pod. Post No-parking signs 72 hours prior in residential areas. No impact on traffic lane or sidewalk allowed, except as noted on TCP/X permit. NO-PARKING SIGNS SHALL PICKED UP BY APPLICANT AFTER PAYMENT TO ENFORCE PERMIT REQUIREMENT. To have illegally parked vehicle ticketed: Call 510-777-3333. Applicant arranges towing. Comply with terms set forth in CVC Section 22651 (m). For towed vehicle: Call 510-238-3021.",,
"06/09/2026","In Review","X2600447","DOT - Excavation (X)","4720 MACARTHUR BLVD, Oakland CA 94619","PG&E PM 35739795; Permit for restoration from after the fact emergency pole replacement. Park in ROW & TCP. 35739795.  Ensure that environmental controls are in place to prevent dust/debris/wastewater from contaminating environment. If working within 15 feet of a monument you must comply with State Law 8771, contact the Inspector prior to starting excavation: minimum $5,800.00 fine for non-compliance. Comply with all terms of City of Oakland Public Works Standards, Street Excavation Rules, Revised August 2021 and City Council Ordinance No. 13300 C.M.S. Five days’ prior notice required for work lasting five days or less in business/commercial districts: 72-hours’ notice in residential districts. Ten days prior notice required for work lasting six days or more in all districts. SCHEDULE INSPECTION at least 48 hours in advance at: http://oaklanddot.com/projects/search.html """,,
"06/09/2026","Permit Issued","PZP2600056","Private Infrastructure (P-Job) - Plumbing","3400 ETTIE ST, Oakland CA 94608 United States","Parking lot and site improvements for new 2-story office building - related to PZ2500080",,
"06/09/2026","Permit Issued","PZE2600056","Private Infrastructure (P-Job) - Electrical","3400 ETTIE ST, Oakland CA 94608 United States","Parking lot and site improvements for new 2-story office building- related to PZ2500080",,
"06/09/2026","On Hold","RBC2601611","(RBC) - Building Residential Combo Alteration- 1 & 2 Unit Residential (Building)","10324 DANTE AVE, Oakland CA 94603","At existing SFD repair fire damage repair at kitchen including replacing drywall, cabinets, counters, and resetting appliances.  Includes all related MEP.  Includes lead-based paint abatement.  No changes to wall layout or exterior work.",,
"06/09/2026","Final Check Complete","X2600446","DOT - Excavation (X)","6126 MAJESTIC AVE, Oakland CA 94605","PG&E PM 35661337; Replace joint poles @ Loc #1, 6, 8, oh tx's, oh svc's, install oh tx's & associated equipment. See drawing for more details. Restoration to follow.  Ensure that environmental controls are in place to prevent dust/debris/wastewater from contaminating environment. If working within 15 feet of a monument you must comply with State Law 8771, contact the Inspector prior to starting excavation: minimum $5,800.00 fine for non-compliance. Comply with all terms of City of Oakland Public Works Standards, Street Excavation Rules, Revised August 2021 and City Council Ordinance No. 13300 C.M.S. Five days’ prior notice required for work lasting five days or less in business/commercial districts: 72-hours’ notice in residential districts. Ten days prior notice required for work lasting six days or more in all districts. SCHEDULE INSPECTION at least 48 hours in advance at: http://oaklanddot.com/projects/search.html """,,
"06/09/2026","On Hold","B2601610","(B) - Building Alteration - 3+ Residential Units or Commercial (Building)","1414 PRESCOTT ST, OAKLAND CA 94607","At multi-family residential building: BLDG K (1414 - 1418 PRESCOTT)- This project is to perform repairs to the exterior envelope to mitigate excessive water intrusion into living spaces, and to perform balcony deck repairs to prevent damage to the underlaying structural components. Waterproofing repairs to balcony decks, replacement in like kind.  Miscellaneous site repairs and exterior painting.  Related mechanical, electrical, plumbing and painting requires separate permits.",,
"06/09/2026","On Hold","B2601609","(B) - Building Alteration - 3+ Residential Units or Commercial (Building)","1402 PRESCOTT ST, OAKLAND CA 94607","At multi-family residential building: BLDG J (1402 - 1412 PRESCOTT & 1752 - 1772 14TH ST)- This project is to perform repairs to the exterior envelope to mitigate excessive water intrusion into living spaces, and to perform balcony deck repairs to prevent damage to the underlaying structural components. Waterproofing repairs to balcony decks, replacement in like kind.  Miscellaneous site repairs and exterior painting.  Related mechanical, electrical, plumbing and painting requires separate permits.",,
"06/09/2026","On Hold","B2601608","(B) - Building Alteration - 3+ Residential Units or Commercial (Building)","1501 PRESCOTT ST, OAKLAND CA 94607","At multi-family residential building: BLDG I (1501 - 1509 PRESCOTT)- This project is to perform repairs to the exterior envelope to mitigate excessive water intrusion into living spaces, and to perform balcony deck repairs to prevent damage to the underlaying structural components. Waterproofing repairs to balcony decks, replacement in like kind.  Miscellaneous site repairs and exterior painting.  Related mechanical, electrical, plumbing and painting requires separate permits.",,
"06/09/2026","On Hold","B2601607","(B) - Building Alteration - 3+ Residential Units or Commercial (Building)","1511 PRESCOTT ST, OAKLAND CA 94607","At multi-family residential building: BLDG H (1511 - 1521 PRESCOTT & 1803 - 1813 16TH ST)- This project is to perform repairs to the exterior envelope to mitigate excessive water intrusion into living spaces, and to perform balcony deck repairs to prevent damage to the underlaying structural components. Waterproofing repairs to balcony decks, replacement in like kind.  Miscellaneous site repairs and exterior painting.  Related mechanical, electrical, plumbing and painting requires separate permits.",,
"06/09/2026","On Hold","B2601606","(B) - Building Alteration - 3+ Residential Units or Commercial (Building)","1502 PULLMAN WY, OAKLAND CA 94607","At multi-family residential building: BLDG G (1502 - 1520 PULLMAN)- This project is to perform repairs to the exterior envelope to mitigate excessive water intrusion into living spaces, and to perform balcony deck repairs to prevent damage to the underlaying structural components. Waterproofing repairs to balcony decks, replacement in like kind.  Miscellaneous site repairs and exterior painting.  Related mechanical, electrical, plumbing and painting requires separate permits.",,
"06/09/2026","On Hold","B2601605","(B) - Building Alteration - 3+ Residential Units or Commercial (Building)","1511 PULLMAN WY, OAKLAND CA 94607","At multi-family residential building: BLDG F (1511 - 1527 PULLMAN)- This project is to perform repairs to the exterior envelope to mitigate excessive water intrusion into living spaces, and to perform balcony deck repairs to prevent damage to the underlaying structural components. Waterproofing repairs to balcony decks, replacement in like kind.  Miscellaneous site repairs and exterior painting.  Related mechanical, electrical, plumbing and painting requires separate permits.",,
"06/09/2026","On Hold","B2601604","(B) - Building Alteration - 3+ Residential Units or Commercial (Building)","1419 PULLMAN WY, OAKLAND CA 94607","At multi-family residential building: BLDG E (1419 - 1435 PULLMAN)- This project is to perform repairs to the exterior envelope to mitigate excessive water intrusion into living spaces, and to perform balcony deck repairs to prevent damage to the underlaying structural components. Waterproofing repairs to balcony decks, replacement in like kind.  Miscellaneous site repairs and exterior painting.  Related mechanical, electrical, plumbing and painting requires separate permits.",,
"06/09/2026","On Hold","B2601603","(B) - Building Alteration - 3+ Residential Units or Commercial (Building)","1401 PULLMAN WY, OAKLAND CA 94607","Remove and replace siding, stucco, trim, associated waterproofing.  Replacement in like kind.  Waterproofing repairs to balcony decks, replacement in like kind.  Miscellaneous site repairs and exterior painting.  All repairs at 19 buildings throughout property",,
"06/09/2026","On Hold","B2601602","(B) - Building Alteration - 3+ Residential Units or Commercial (Building)","1421 PRESCOTT ST, OAKLAND CA 94607","At multi-family residential building: BLDG C (1421 - 1437 PRESCOTT)- This project is to perform repairs to the exterior envelope to mitigate excessive water intrusion into living spaces, and to perform balcony deck repairs to prevent damage to the underlaying structural components. Waterproofing repairs to balcony decks, replacement in like kind.  Miscellaneous site repairs and exterior painting.  Related mechanical, electrical, plumbing and painting requires separate permits.",,
"06/09/2026","On Hold","B2601601","(B) - Building Alteration - 3+ Residential Units or Commercial (Building)","1401 PRESCOTT ST, OAKLAND CA 94607","At multi-family residential building: BLDGB (1401 - 1419 Prescott)- This project is to perform repairs to the exterior envelope to mitigate excessive water intrusion into living spaces, and to perform balcony deck repairs to prevent damage to the underlaying structural components. Waterproofing repairs to balcony decks, replacement in like kind.  Miscellaneous site repairs and exterior painting.  Related mechanical, electrical, plumbing and painting requires separate permits.",,
"06/08/2026","Permit Issued","SEA2600522","SolarApp+ (For roof mounted residential solar projects not exceeding 38.4kw total done with SolarApp+- contractor use)","1361 E 26TH ST, Oakland CA 94606","Photovoltaic system of 3.96KW DC with Energy Storage System",,
"06/08/2026","Complete","BW26001752","(BW) - Building Worksheet (Building)","2122 LAKESHORE AVE, Oakland CA 94606","1. Kitchen and bathroom plumbing2. replace light fixtures3. replacing cabinets",,
"06/08/2026","Inspections - In Progress","SL2601111","(SL) - Sewer Lateral (OPW)","7317 LOCKWOOD ST, Oakland CA 94621","Repair/replace building sewer ON PROPERTY ONLY. SL & X required beyond PL. Overflow device may be needed. If working within 15' feet of a monument you must comply with State Law 8771, contact the Inspector prior to starting excavation: minimum $5,800.00 fine for non-compliance. USA and date must be provided in order to have a permit issued. Permit valid for 180 days. If the work is to be performed on a designated “Creekside Property” the work will require a “Creek Protection Permit”. If the property is not currently flagged in Accela as a “Creekside Property” but work will be performed within 100’ of a creek channel, a “Creek Determination” should be conducted to determine if the work is subject to the Creek Protection Ordinance. Permit valid 180 days. PRIOR TO START, please schedule your inspection via the contractor's mobile app: https://citygovapp.com/app/opwirprod.htm USA#2026060802824-000 6/08/2026",,
"06/08/2026","Complete","BW26001751","(BW) - Building Worksheet (Building)","1942 48TH AVE, Oakland CA 94601","Installation and connection of temporary electrical pole.",,
"06/08/2026","Withdrawn","SL2601119","(SL) - Sewer Lateral (OPW)","3228 PRENTISS ST, Oakland CA 94601","Repair/replace sewer lateral and EXCAVATE in PUBLIC RIGHT-OF-WAY. Overflow device may be needed.  If working within 25' feet of a monument you must comply with State Law 8771, contact the Inspector prior to starting excavation: minimum $5,800.00 fine for non-compliance. Comply with all terms of City of Oakland Public Works Standards, Street Excavation Rules, Revised March 2015 and City Council Ordinance No. 13300 C.M.S. Five days prior notice required for work lasting five days or less in business/commercial districts; 72 hour notice in residential districts. Ten days prior notice required for work lasting six days or more in all districts. USA # and date must be provided in order to have a permit issued. Permit valid 90 days. If the work is to be performed on a designated “Creekside Property” the work will require a “Creek Protection Permit”. If the property is not currently flagged in Accela as a “Creekside Property” but work will be performed within 100’ of a creek channel, a “Creek Determination” should be conducted to determine if the work is subject to the Creek Protection Ordinance.  Call PWA INSPECTION prior to start: 510-238-3651 or email PWA_inspections@oaklandca.gov.",,
"06/08/2026","Permit Issued","RM2600725","(RM) - Mechanical - 1 & 2 Unit Residential (Building)","758 ROSEMOUNT RD, Oakland CA 94610","Replacing Heat Pump and Air Handle. Replacing more than 40 Ft of Ducts.",,
"06/08/2026","Issued","SL2601113","(SL) - Sewer Lateral (OPW)","473 NEWTON AVE, Oakland CA 94606","Repair/replace sewer lateral and EXCAVATE in PUBLIC RIGHT-OF-WAY. An overflow device may be needed.  If working within 25' feet of a monument you must comply with State Law 8771, contact the Inspector prior to starting excavation: minimum $5,800.00 fine for non-compliance. Comply with all terms of City of Oakland Public Works Standards, Street Excavation Rules, Revised March 2015 and City Council Ordinance No. 13300 C.M.S. Five days prior notice required for work lasting five days or less in business/commercial districts: 72 hour notice in residential districts. Ten days prior notice required for work lasting six days or more in all districts. USA # and date must be provided in order to have a permit issued. Permit valid 90 days. If the work is to be performed on a designated “Creekside Property” the work will require a “Creek Protection Permit”. If the property is not currently flagged in Accela as a “Creekside Property” but work will be performed within 100’ of a creek channel, a “Creek Determination” should be conducted to determine if the work is subject to the Creek Protection Ordinance.  Call PWA INSPECTION prior to start: 510-238-3651 or email PWA_inspections@oaklandca.gov. USA # 2026021002987000 This is for a new connection, separating from neighbors' line.",,
"06/08/2026","Assigned","BW26001760","(BW) - Building Worksheet (Building)","1112 ASHMOUNT AVE, Oakland CA 94610","Conversion of semi finished storage room to bedroom, including new door to backyard.",,
"06/08/2026","Certificate Issued","R2600712","(R) - ReRoof Certificate (Building)","5965 OCEAN VIEW DR, Oakland CA 94618","-ERW will remove existing roofing material down to plywood substrate.-ERW will supply and install 1/4"" dense deck roofing board mechanically attached to approved roof substrate.-ERW will supply and install 60 Mil Single Ply color Gray mechanically attached to roof board.",,
"06/08/2026","Permit Issued","CGS2601391","DOT - Curb Gutter Sidewalk Provisional Certificate","1068 66TH ST, Oakland CA 94608",,,
"06/08/2026","Permit Issued","RE2601401","(RE) - Electrical - 1 & 2 Unit Residential (Building)","8518 SENECA ST, Oakland CA 94605","7.08 kW Residential solar battery to be installed on the north facing outside wall",,
"06/08/2026","Permit Issued","RE2601407","(RE) - Electrical - 1 & 2 Unit Residential (Building)","5707 CARBERRY AVE, Oakland CA 94609","On duplex, replace existing service panel with 400A, includes 1 additional meter",,
"06/08/2026","Permit Issued","RE2601409","(RE) - Electrical - 1 & 2 Unit Residential (Building)","1942 48TH AVE, Oakland CA 94601","Temporary electrical power",,
"06/08/2026","Permit Issued","RE2601410","(RE) - Electrical - 1 & 2 Unit Residential (Building)","5727 LA SALLE AVE, Oakland CA 94611","Perform residential electrical safety rewiring including replacement and rewiring of existing receptacles, lighting fixtures, switches, and associated branch circuit wiring to meet current code requirements. Scope includes installation of one new 240V dedicated outlet, AFCI/GFCI protection as required, and related code-compliant electrical upgrades using fishing methods where applicable.",,
"06/08/2026","Permit Issued","CGS2601379","DOT - Curb Gutter Sidewalk Provisional Certificate","5340 WALNUT ST, Oakland CA 94619",,,
"06/08/2026","Complete","BW26001762","(BW) - Building Worksheet (Building)","1066 54TH ST, Oakland CA 94608","Related to RRBC2503868 - CE CASE 2506068 - FIRE DAMAGE to shed",,
"06/08/2026","Assigned","BW26001754","(BW) - Building Worksheet (Building)","4617 SHATTUCK AVE, Oakland CA 94609","Voluntary seismic strengthening of the existing two-unit, two-story residential building at 4615–4617 Shattuck Avenue. The proposed work includes replacement of approximately 240 lineal feet of existing brick foundation with new concrete foundation, along with structural strengthening of the walls at the lowest level/crawlspace of the existing building.The scope includes installation of new concrete foundation, pressure-treated mudsills, plywood shear wall sheathing, anchor bolts, holdowns, shear clips, blocking, straps, and related framing/reinforcement as shown on the structural plans. No changes to the architectural layout are proposed, and no exterior changes are proposed.The existing building is Type V wood-frame construction, R-3 occupancy, consisting of two stories of residential occupancy over a crawlspace level. The applicant would like to apply for the City of Oakland’s $250 Permit Retrofit Fee Program for voluntary seismic strengthening.",,
"06/08/2026","Inspections - In Progress","SL2601116","(SL) - Sewer Lateral (OPW)","1120 CAMPBELL ST, Oakland CA 94607","Repair/replace sewer lateral and EXCAVATE in PUBLIC RIGHT-OF-WAY. Overflow device may be needed. If working within 25' feet of a monument you must comply with State Law 8771, contact the Inspector prior to starting excavation: minimum $5,800.00 fine for non-compliance. Comply with all terms of City of Oakland Public Works Standards, Street Excavation Rules, Revised March 2015 and City Council Ordinance No. 13300 C.M.S. Five days prior notice required for work lasting five days or less in business/commercial districts; 72 hour notice in residential districts. Ten days prior notice required for work lasting six days or more in all districts. USA # and date must be provided in order to have a permit issued. Permit valid 90 days. If the work is to be performed on a designated “Creekside Property” the work will require a “Creek Protection Permit”. If the property is not currently flagged in Accela as a “Creekside Property” but work will be performed within 100’ of a creek channel, a “Creek Determination” should be conducted to determine if the work is subject to the Creek Protection Ordinance. Call PWA INSPECTION prior to start: 510-238-3651 or email PWA_inspections@oaklandca.gov. USA# 2026060803521-000 06/08/26",,
"06/08/2026","Pending - Incomplete","BW26001761","(BW) - Building Worksheet (Building)","5231 M L KING JR WY, Oakland CA 94609","We will repair an existing exterior patio deck.",,
"06/08/2026","Permit Issued","RE2601399","(RE) - Electrical - 1 & 2 Unit Residential (Building)","4321 DETROIT AVE, Oakland CA 94619","Panel upgrade: 100amp to 200amp, no additional load",,
"06/08/2026","Permit Issued","RP2600749","(RP) Plumbing - 1 & 2 Unit Residential (Building)","5200 CORONADO AVE, Oakland CA 94618","Like for like replacement of 40 gallon gas tank ULN water heater in basement. Same size and location as existing.",,
"06/08/2026",,"26TMP-027557","(R) - ReRoof Certificate (Building)","4428 FLEMING AVE, Oakland CA 94619","Tear off roof and install GAF Reﬂector Series.",,
"06/08/2026","Permit Issued","P2600750","(P) - Plumbing - 3+ Residential Units or commercial (Building)","2122 LAKESHORE AVE, APT 209, Oakland CA 94606","kitchen sink replacement and sink replacement.",,
"06/08/2026","Permit Issued","CGS2601386","DOT - Curb Gutter Sidewalk Standard Compliance Certificate","1944 E 20TH ST, Oakland CA 94606",,,
"06/08/2026","Permit Issued","CGS2601387","DOT - Curb Gutter Sidewalk Standard Compliance Certificate","5357 BRYANT AVE, Oakland CA 94618",,,
"06/08/2026","Inspections - In Progress","SL2601110","(SL) - Sewer Lateral (OPW)","5915 SAN PABLO AVE, Oakland CA 94608","Repair/replace building sewer ON PROPERTY ONLY. SL & X required beyond PL. Overflow device may be needed. If working within 15' feet of a monument you must comply with State Law 8771, contact the Inspector prior to starting excavation: minimum $5,800.00 fine for non-compliance. USA and date must be provided in order to have a permit issued. Permit valid for 180 days. If the work is to be performed on a designated “Creekside Property” the work will require a “Creek Protection Permit”. If the property is not currently flagged in Accela as a “Creekside Property” but work will be performed within 100’ of a creek channel, a “Creek Determination” should be conducted to determine if the work is subject to the Creek Protection Ordinance. Permit valid 180 days. PRIOR TO START, please schedule your inspection via the contractor's mobile app: https://citygovapp.com/app/opwirprod.htm USA#2026060802757-000 6/08/2026",,
"06/08/2026","Intake - On Hold","SL2601122","(SL) - Sewer Lateral (OPW)","5051 COLISEUM WY, OAKLAND CA 94601","New EV Charging Depot for Heavy Duty Trucks - includes a small Command Center for use by drivers charging and employees working there from titme to time.   2 Restrooms.   4"" sewer lateral.",,
"06/08/2026","Inspections - In Progress","SL2601115","(SL) - Sewer Lateral (OPW)","4045 MANILA AVE, Oakland CA 94609","Repair/replace sewer lateral and EXCAVATE in PUBLIC RIGHT-OF-WAY. Overflow device may be needed.  If working within 25' feet of a monument you must comply with State Law 8771, contact the Inspector prior to starting excavation: minimum $5,800.00 fine for non-compliance. Comply with all terms of City of Oakland Public Works Standards, Street Excavation Rules, Revised March 2015 and City Council Ordinance No. 13300 C.M.S. Five days prior notice required for work lasting five days or less in business/commercial districts; 72 hour notice in residential districts. Ten days prior notice required for work lasting six days or more in all districts. USA # and date must be provided in order to have a permit issued. Permit valid 90 days. If the work is to be performed on a designated “Creekside Property” the work will require a “Creek Protection Permit”. If the property is not currently flagged in Accela as a “Creekside Property” but work will be performed within 100’ of a creek channel, a “Creek Determination” should be conducted to determine if the work is subject to the Creek Protection Ordinance.  Call PWA INSPECTION prior to start: 510-238-3651 or email PWA_inspections@oaklandca.gov.",,
"06/08/2026","Permit Issued","RM2600724","(RM) - Mechanical - 1 & 2 Unit Residential (Building)","6182 CONTRA COSTA RD, Oakland CA 94618","Replacing Furnace.",,
"06/08/2026","Inspections - In Progress","SL2601121","(SL) - Sewer Lateral (OPW)","1954 48TH AVE, Oakland CA 94601","Repair/replace building sewer ON PROPERTY ONLY. SL & X required beyond PL. Overflow device may be needed. If working within 25' feet of a monument you must comply with State Law 8771, contact the Inspector prior to starting excavation: minimum $5,800.00 fine for non-compliance. USA # and date must be provided in order to have a permit issued. Permit valid for 90 days. If the work is to be performed on a designated “Creekside Property” the work will require a “Creek Protection Permit”. If the property is not currently flagged in Accela as a “Creekside Property” but work will be performed within 100’ of a creek channel, a “Creek Determination” should be conducted to determine if the work is subject to the Creek Protection Ordinance.  Call PWA INSPECTION prior to start: 510-238-3651 or email PWA_inspections@oaklandca.gov",,
"06/08/2026","Intake - On Hold","B2601598","(B) - Building Alteration - 3+ Residential Units or Commercial (Building)","1830 LAKESHORE AVE, Oakland CA 94606","SAFETY ISSUE: Deck and window repairs where rotted, as per plans attached.",,
"06/08/2026","Complete","BW26001749","(BW) - Building Worksheet (Building)","466 37TH ST, Oakland CA 94609","To abate CE 2603436. To permit previously unpermitted interior work to address drywall replacement due to mold.",,
"06/08/2026","Pending","BW26001769","(BW) - Building Worksheet (Building)","2988 EL MONTE AVE, Oakland CA 94605","VOLUNTARY FOUNDATION UNDERPINNING USING 15 PUSH PIERS. REPLACE 10 (E) POSTS WITH SCREWJACKS ON (E) FOUNDATIONS. REPLACE 10 (E) POSTS WITH SCREWJACKS ON (N) FOUNDATIONS WITH NEW 4X8 SUPLEMENTAL BEAM, DLF #2 PT, 60 LF, TOT.",,
"06/08/2026","Complete","BW26001758","(BW) - Building Worksheet (Building)","6886 FOOTHILL BLVD, Oakland CA 94608 United States","REVISION TO APPROVED PERMIT B2402639 - ALTERATION TO AN EXISTING STORAGE ROOM FOR NEW IDF CLOSET WHICH INCLUDES NEW LOW VOLTAGE EQUIPMENT, ALTERATION TO EXISTING AND NEW ELECTRICAL, AND NEW MECHANICAL EQUIPMENT.",,
"06/08/2026","Permit Issued","RM2600728","(RM) - Mechanical - 1 & 2 Unit Residential (Building)","1822 ARROWHEAD DR, Oakland CA 94611","Remove existing gas furnace and air conditioner. Install new heat pump. Cap gas line. No duct work.",,
"06/08/2026","Permit Issued","RE2601412","(RE) - Electrical - 1 & 2 Unit Residential (Building)","4801 DUNKIRK AVE, Oakland CA 94605","change out breaker to new ones.",,
"06/08/2026",,"26TMP-027775","(BW) - Building Worksheet (Building)","263 TAURUS AVE, Oakland CA 94611","RECONSTRUCTION OF (E) GARAGE DUE TO NON-FUNCTIONAL CONDITION, INCLUDING DRIVEWAY WIDENING & PARTIAL REPLACEMENT OF (E) STAIRS CONNECTING THE RAMP TO THE STREET LVL.",,
"06/08/2026","Inspections - In Progress","SL2601114","(SL) - Sewer Lateral (OPW)","830 WALKER AVE, Oakland CA 94610","Repair/replace building sewer ON PROPERTY ONLY. SL & X required beyond PL. Overflow device may be needed. If working within 25' feet of a monument you must comply with State Law 8771, contact the Inspector prior to starting excavation: minimum $5,800.00 fine for non-compliance. USA # and date must be provided in order to have a permit issued. Permit valid for 90 days. If the work is to be performed on a designated “Creekside Property” the work will require a “Creek Protection Permit”. If the property is not currently flagged in Accela as a “Creekside Property” but work will be performed within 100’ of a creek channel, a “Creek Determination” should be conducted to determine if the work is subject to the Creek Protection Ordinance.  Call PWA INSPECTION prior to start: 510-238-3651 or email PWA_inspections@oaklandca.gov",,
"06/08/2026","Inspections - In Progress","SL2601112","(SL) - Sewer Lateral (OPW)","486 WESLEY AVE, Oakland CA 94606","Repair/replace building sewer ON PROPERTY ONLY. SL & X required beyond PL. Overflow device may be needed. If working within 25' feet of a monument you must comply with State Law 8771, contact the Inspector prior to starting excavation: minimum $5,800.00 fine for non-compliance. USA # and date must be provided in order to have a permit issued. Permit valid for 90 days. If the work is to be performed on a designated “Creekside Property” the work will require a “Creek Protection Permit”. If the property is not currently flagged in Accela as a “Creekside Property” but work will be performed within 100’ of a creek channel, a “Creek Determination” should be conducted to determine if the work is subject to the Creek Protection Ordinance.  Call PWA INSPECTION prior to start: 510-238-3651 or email PWA_inspections@oaklandca.gov USA # 2026010804876-000",,
"06/08/2026","Refund","TR-ND26-00057","(ND) - Non-Developmental Tree Permit (OPW)","814 20TH ST, Oakland CA 94607","Existing Palm tree is grossly overgrown and has lifted both the sidewalk and asphalt in a manner that does not allow pedestrian right of way mandated by the Department of Transposition in having the required clearance., and the street asphalt is lifted not allowing cars to park close to the curb.  Cars have to park away from lifted asphalt and overgrown base of the tree and are offset to street traffic.  Tree has also engulfed the power lines overhead creating a hazard and the telephone lines.  To provide the mandated clearance stated by the department of transportation for pedestrian right of way on the sidewalk and the clearance from the base of the existing tree to  the curb.,  the tree would not survive.  The tree is creating a hazard to pedestrians on the sidewalk and to oncoming traffic and parking.  The base of the tree has sprouted two palm trees from one base.., meaning there are two palm trees with one base root.  I would also like to be considered for a permit fee waiver since the tree is a hazard and is unsafe.",,
"06/08/2026","Permit Issued","M2600723","(M) - Mechanical - 3+ Residential Units or Commercial (Building)","450 LANCASTER ST, Oakland CA 94601","Replacement of THREE 25-Ton Air Handlers, ONE 100-Ton Chiller, and TWO 400K BTU Boilers.",,
"06/08/2026","Inspections - In Progress","SL2601118","(SL) - Sewer Lateral (OPW)","359 41ST ST, Oakland CA 94609","Repair/replace sewer lateral and EXCAVATE in PUBLIC RIGHT-OF-WAY. Overflow device may be needed.  If working within 25' feet of a monument you must comply with State Law 8771, contact the Inspector prior to starting excavation: minimum $5,800.00 fine for non-compliance. Comply with all terms of City of Oakland Public Works Standards, Street Excavation Rules, Revised March 2015 and City Council Ordinance No. 13300 C.M.S. Five days prior notice required for work lasting five days or less in business/commercial districts; 72 hour notice in residential districts. Ten days prior notice required for work lasting six days or more in all districts. USA # and date must be provided in order to have a permit issued. Permit valid 90 days. If the work is to be performed on a designated “Creekside Property” the work will require a “Creek Protection Permit”. If the property is not currently flagged in Accela as a “Creekside Property” but work will be performed within 100’ of a creek channel, a “Creek Determination” should be conducted to determine if the work is subject to the Creek Protection Ordinance.  Call PWA INSPECTION prior to start: 510-238-3651 or email PWA_inspections@oaklandca.gov.",,
"06/08/2026","Permit Issued","E2601415","(E) - Electrical - 3+ Residential Units or Commercial (Building)","5000 MACARTHUR BLVD, Oakland CA 94605","INSTALL 10 NEW OUTLETS IN EXISTING WALLS. ADD 2 NEW 120 VOLT, 20 AMP CIRCUITS.",,
"06/08/2026","Permit Issued","CGS2601378","DOT - Curb Gutter Sidewalk Standard Compliance Certificate","35 ROSS CIR, Oakland CA 94618",,,
"06/08/2026","Permit Issued","E2601414","(E) - Electrical - 3+ Residential Units or Commercial (Building)","5015 FOOTHILL BLVD, APT A, OAKLAND CA 94601","A temp power pole is need for the repairs to 5015 foothill blvd. This property is associated with permit number RBC2600718",,
"06/08/2026","Pending - Incomplete","BW26001768","(BW) - Building Worksheet (Building)","901 77TH AVE, Oakland CA 94621","Tenant alterations to abate Code Enforcement case # 2506112",,
"06/08/2026","Permit Issued","CGS2601389","DOT - Curb Gutter Sidewalk Standard Compliance Certificate","4326 WEST ST, Oakland CA 94608",,,
"06/08/2026","Permit Issued","RP2600752","(RP) Plumbing - 1 & 2 Unit Residential (Building)","1428 48TH AVE, Oakland CA 94601","New gas re-pipe from meter all the way to all plumbing appliances",,
"06/08/2026","Complete","BW26001748","(BW) - Building Worksheet (Building)","3920 EDGEMOOR PL, Oakland CA 94605","Legalized (18) windows retrofit replacement by previous owners to abate CE2603113",,
"06/08/2026","Inspections - In Progress","SL2601120","(SL) - Sewer Lateral (OPW)","823 32ND ST, Oakland CA 94608","Repair/replace sewer lateral and EXCAVATE in PUBLIC RIGHT-OF-WAY. Overflow device may be needed.  If working within 25' feet of a monument you must comply with State Law 8771, contact the Inspector prior to starting excavation: minimum $5,800.00 fine for non-compliance. Comply with all terms of City of Oakland Public Works Standards, Street Excavation Rules, Revised March 2015 and City Council Ordinance No. 13300 C.M.S. Five days prior notice required for work lasting five days or less in business/commercial districts; 72 hour notice in residential districts. Ten days prior notice required for work lasting six days or more in all districts. USA # and date must be provided in order to have a permit issued. Permit valid 90 days. If the work is to be performed on a designated “Creekside Property” the work will require a “Creek Protection Permit”. If the property is not currently flagged in Accela as a “Creekside Property” but work will be performed within 100’ of a creek channel, a “Creek Determination” should be conducted to determine if the work is subject to the Creek Protection Ordinance.  Call PWA INSPECTION prior to start: 510-238-3651 or email PWA_inspections@oaklandca.gov.",,
"06/08/2026","Intake-On Hold","RBC2601588","(RBC) - Building Residential Combo Alteration- 1 & 2 Unit Residential (Building)","15 SOMERSET RD, Oakland CA 94611","I have sliding doors I would like to replace. And on the deck there is a small wall that needs to be removed because of dry rot.  I need to replace the railing entirely.",,
"06/08/2026","Certificate Issued","R2600714","(R) - ReRoof Certificate (Building)","1710 8TH ST, Oakland CA 94607","Shingle to shingle reroof.11 sq",,
"06/08/2026","Complete","BW26001757","(BW) - Building Worksheet (Building)","6946 FOOTHILL BLVD, Oakland CA 94608 United States","REVISION TO APPROVED PERMIT B2402751 - ALTERATION TO AN EXISTING STORAGE ROOM FOR NEW IDF CLOSET WHICH INCLUDES NEW LOW VOLTAGE EQUIPMENT, ALTERATION TO EXISTING AND NEW ELECTRICAL, AND NEW MECHANICAL EQUIPMENT.",,
"06/08/2026","Permit Issued","RM2600726","(RM) - Mechanical - 1 & 2 Unit Residential (Building)","448 62ND ST, Oakland CA 94609","Installed Tri zone mini split heat pump system",,
"06/08/2026","Pending - Incomplete","BW26001765","(BW) - Building Worksheet (Building)","4017 LOMA VISTA AVE, Oakland CA 94619","""Revsion to Project"" permit  number RBC21050221,000 adu interior layout change.  Retaining wall permit request.  Inspector asked to build a structure to sure up landscape.  We installed retaining wall with structural engineer to made plans and oversaw all work.  There was an eminent threat of a rain storm so we had to build within a very short time frame to get done before the rains.",,
"06/08/2026","Permit Issued","RE2601403","(RE) - Electrical - 1 & 2 Unit Residential (Building)","120 MAGGIORA DR, Oakland CA 94605","Service upgrade from 100 to 200 amp",,
"06/08/2026","Inspections - In Progress","SL2601117","(SL) - Sewer Lateral (OPW)","367 41ST ST, Oakland CA 94609","Repair/replace sewer lateral and EXCAVATE in PUBLIC RIGHT-OF-WAY. Overflow device may be needed.  If working within 25' feet of a monument you must comply with State Law 8771, contact the Inspector prior to starting excavation: minimum $5,800.00 fine for non-compliance. Comply with all terms of City of Oakland Public Works Standards, Street Excavation Rules, Revised March 2015 and City Council Ordinance No. 13300 C.M.S. Five days prior notice required for work lasting five days or less in business/commercial districts; 72 hour notice in residential districts. Ten days prior notice required for work lasting six days or more in all districts. USA # and date must be provided in order to have a permit issued. Permit valid 90 days. If the work is to be performed on a designated “Creekside Property” the work will require a “Creek Protection Permit”. If the property is not currently flagged in Accela as a “Creekside Property” but work will be performed within 100’ of a creek channel, a “Creek Determination” should be conducted to determine if the work is subject to the Creek Protection Ordinance.  Call PWA INSPECTION prior to start: 510-238-3651 or email PWA_inspections@oaklandca.gov.",,
"06/08/2026","Complete","BW26001750","(BW) - Building Worksheet (Building)","2325 88TH AVE, Oakland CA 94605","REplace like for like 6 foot stringer",,
"06/08/2026","Complete","BW26001759","(BW) - Building Worksheet (Building)","1244 97TH AVE, Oakland CA 94603","LEGALIZED REAR BED ROOM ADDITION TO COMPLY WITH CODE ENFORCEMENT  2500809",,
"06/08/2026","Permit Issued","RP2600751","(RP) Plumbing - 1 & 2 Unit Residential (Building)","6101 MARGARIDO DR, Oakland CA 94618","Relocate low pressure houseline to new meter location for safety reasons.",,
"06/08/2026","Complete","BW26001756","(BW) - Building Worksheet (Building)","6980 FOOTHILL BLVD, Oakland CA 94605 United States","REVISION TO APPROVED PERMIT B2402762 - ALTERATION TO AN EXISTING STORAGE ROOM FOR NEW IDF CLOSET WHICH INCLUDES NEW LOW VOLTAGE EQUIPMENT, ALTERATION TO EXISTING AND NEW ELECTRICAL, AND NEW MECHANICAL EQUIPMENT.",,
"06/08/2026","Permit Issued","E2601413","(E) - Electrical - 3+ Residential Units or Commercial (Building)","4174 PARK BLVD, Oakland CA 94602","Adding 27kWh ESS to existing PV system. Batteries in garage, and not subject to vehicle impact.",,
"06/08/2026","Pending - Incomplete","BW26001763","(BW) - Building Worksheet (Building)","4145 LAKESHORE AVE, Oakland CA 94610","Kitchen Remodel including replacing one window and one door, Upgrade electrical and plumbing.",,
"06/08/2026","Permit Issued","CGS2601385","DOT - Curb Gutter Sidewalk Provisional Certificate","2028 DAMUTH ST, Oakland CA 94602",,,
"06/08/2026","Permit Issued","CGS2601384","DOT - Curb Gutter Sidewalk Exemption Certificate","38 DRAKE LN, Oakland CA 94611",,,
"06/08/2026","Permit Issued","RE2601398","(RE) - Electrical - 1 & 2 Unit Residential (Building)","4045 LA CRESTA AVE, Oakland CA 94602","Perform residential electrical safety rewiring including replacement of existing branch circuit wiring, receptacles, lighting fixtures, switches, smoke detectors, carbon monoxide detectors, and associated branch circuits to meet current code requirements. Scope includes AFCI/GFCI protection, dedicated circuits as required, and related code-compliant electrical upgrades using fishing methods where applicable.",,
"06/08/2026","Permit Issued","RE2601400","(RE) - Electrical - 1 & 2 Unit Residential (Building)","1329 104TH AVE, Oakland CA 94603","Replace existing 100-amp Federal Pacific Electric (FPE) main service panel with a new 100-amp main breaker load center. Scope includes replacement of service entrance conductors, riser, weatherhead, grounding and bonding system upgrades, whole-home surge protection, reconnection and labeling of existing branch circuits, utility coordination, testing, and final inspection in accordance with current electrical code requirements.",,
"06/08/2026","Permit Issued","CGS2601392","DOT - Curb Gutter Sidewalk Standard Compliance Certificate","1059 59TH ST, Oakland CA 94608",,,
"06/08/2026","Complete","BW26001764","(BW) - Building Worksheet (Building)","3221 61ST AVE, Oakland CA 94605 United States","ENTRANCERemove and dispose Light fixtureRemove and dispose trim (approx 16.38 LF) GENERALRemove and dispose baseboard (approx 18.30 LF) GENERALRemove and dispose wet drywall (approx 37.30 SF) WC****Includes associated insulation****Remove and dispose wet plaster (approx 201.54 SF) wc***Includes wood lath and associated insulation***LIVING ROOMMUCK OUTRemove and dispose trim (approx 40.64 LF Remove and dispose baseboard (approx 49.34 LF Remove and dispose wet plaster (approx 569.47 SF **Leave tie in at fireplace mantel and leave in place**DINING ROOMRemove and dispose Light fixture Remove and dispose trim (approx 72.70 LF Remove and dispose baseboard (approx 40.55 LF Remove and dispose wet plaster (approx 462.22 SF ***Includes wood lath and associated insulation*****Leave tie in at built in cabinets and leave in place**KITCHENDetach and SAVE Countertop Detach and SAVE CabinetryRemove and dispose trim (approx 16.38 LF Remove and dispose baseboard (approx 34.74 LF Remove and dispose wet drywall (approx 402.89 SF Remove and dispose Vinyl floor covering (approx 110.35 SF LAUNDRY ROOMRemove and dispose Light fixture Remove and dispose Crown molding (approx 43.19 LFRemove and dispose trim (approx 54.16 LF Remove and dispose baseboard (approx 33.62 LF Remove and dispose wet drywall (approx 359.35 SF Remove and dispose Vinyl floor covering (approx 96.17 SF HALLWAYRemove and dispose Wall heater Remove and dispose Light fixture Remove and dispose Crown molding (approx 24.78 LFRemove and dispose trim (approx 76.93 LF Remove and dispose baseboard (approx 13.52 LF Remove and dispose wet plaster (approx 161.30 SF HALL CLOSETRemove and dispose Closet package Remove and dispose trim (approx 14.98 LF Remove and dispose baseboard (approx 7.08 LF Remove and dispose wet plaster (approx 66.89 SF BATHROOMRemove and dispose ToiletRemove and dispose Medicine cabinet Remove and dispose Pedestal sink Remove and dispose trim (approx 26.28 LF Remove and dispose baseboard (approx 38.83 LF Remove and dispose Tile shower Remove and dispose wet plaster (approx 298.59 SF Remove and dispose Tile floor covering and mortar bed (approx 44.42 SF BEDROOM88. Remove Light fixture 89. Remove Crown molding - 3 1/4"" 47.44 LFRemove and dispose trim (approx 51.60 LF Remove and dispose baseboard (approx 42.46 LF Remove and dispose wet plaster (approx 476.37 SFCLOSETRemove and dispose trim (approx 14.54 LF Remove and dispose baseboard (approx 14.54 LF Remove and dispose wet plaster (approx 139.60 SF PRIMARY BEDROOMRemove and dispose Light fixture Remove and dispose Crown molding (approx 46.35 LFRemove and dispose trim (approx 63.74 LF Remove and dispose baseboard (approx 38.79 LF Remove and dispose wet plaster (approx 455.14 SF PRIMARY CLOSETRemove and dispose Closet shelf and rod Remove and dispose trim (approx 15.57 LF Remove and dispose baseboard (approx 11.82 LF Remove and dispose wet plaster (approx 113.84 SF NURSERYRemove and dispose Light fixture Remove and dispose trim (approx 74.78 LFRemove and dispose baseboard (approx 39.15 LF Remove and dispose Paneling (approx 434.08 SF Remove and dispose wet plaster (approx 434.08 SF Remove and dispose Carpet and pad (approx 117.80 SF NURSERY CLOSETRemove and dispose trim (approx15.57 LF Remove and dispose baseboard (approx 13.46 LF Remove and dispose wet plaster (approx 127.43 SF Remove and dispose Carpet and pad (approx 12.17 SF",,
"06/08/2026","Inspections - In Progress","SL2601109","(SL) - Sewer Lateral (OPW)","1429 7TH AVE, Oakland CA 94606","Repair/replace sewer lateral and EXCAVATE in PUBLIC RIGHT-OF-WAY. Overflow device may be needed. If working within 25' feet of a monument you must comply with State Law 8771, contact the Inspector prior to starting excavation: minimum $5,800.00 fine for non-compliance. Comply with all terms of City of Oakland Public Works Standards, Street Excavation Rules, Revised March 2015 and City Council Ordinance No. 13300 C.M.S. Five days prior notice required for work lasting five days or less in business/commercial districts; 72 hour notice in residential districts. Ten days prior notice required for work lasting six days or more in all districts. USA # and date must be provided in order to have a permit issued. Permit valid 90 days. If the work is to be performed on a designated “Creekside Property” the work will require a “Creek Protection Permit”. If the property is not currently flagged in Accela as a “Creekside Property” but work will be performed within 100’ of a creek channel, a “Creek Determination” should be conducted to determine if the work is subject to the Creek Protection Ordinance. Call PWA INSPECTION prior to start: 510-238-3651 or email PWA_inspections@oaklandca.gov. USA# 2026060802702-000 6/08/2026",,
"06/08/2026","Permit Issued","E2601408","(E) - Electrical - 3+ Residential Units or Commercial (Building)","5543 CLAREMONT AVE, Oakland CA 94618","Replacing main meter with new 600A 8 meter bank",,
"06/08/2026","Certificate Issued","R2600713","(R) - ReRoof Certificate (Building)","630 PANORAMIC WY, Oakland CA 94704","Removal of existing roofing materials and installation of new class-A roofing assembly.",,
"06/08/2026","Permit Issued","CGS2601390","DOT - Curb Gutter Sidewalk Standard Compliance Certificate","787 MANDANA BLVD, Oakland CA 94610",,,
"06/08/2026","Permit Issued","E2601404","(E) - Electrical - 3+ Residential Units or Commercial (Building)","2122 LAKESHORE AVE, APT 209, Oakland CA 94606","Replace lights and switches/outlets.",,
"06/08/2026","Final","SEA2600521","SolarApp+ (For roof mounted residential solar projects not exceeding 38.4kw total done with SolarApp+- contractor use)","10751 HELLMAN ST, Oakland CA 94605","reinstallation of and existing rooftop 6 panel solar system",,
"06/08/2026","Pending - Incomplete","BW26001766","(BW) - Building Worksheet (Building)","968 BAY VIEW AVE, Oakland CA","Reroof existing deck.",,
"06/08/2026","Permit Issued","CGS2601380","DOT - Curb Gutter Sidewalk Standard Compliance Certificate","3038 E 18TH ST, Oakland CA 94601",,,
"06/08/2026","Permit Issued","RE2601402","(RE) - Electrical - 1 & 2 Unit Residential (Building)","4323 VIEW ST, Oakland CA 94611","Mike Kirby is the owner of the building next door 2319A and 2319 B. We will be Upgrading the existing 30 amp service to a new 200 amp service. at  2319A and 2319 B View St.  I was unable to find the address in the city's online portal for  2319A and 2319 B iew St.",,
"06/08/2026","Permit Issued","RE2601416","(RE) - Electrical - 1 & 2 Unit Residential (Building)","2851 MODESTO AVE, Oakland CA 94619","Install new 200 amp electrical service, install new kitchen plug mold and circuit, install new sump pump circuit and receptacle, install new 240 volt water heater  circuit and receptacle, install new 15 amp circuit for (3) hardwired smoke detectors, and car charger.",,
"06/08/2026","In Review","X2600445","DOT - Excavation (X)","410 MOUNTAIN BLVD, Oakland CA 94611","PG&E PM 35723699 PG&E to excavate to replace gas service, camera inspections, restoration to follow. Moratorium street.  Trenching approx. 32' x 18"".  Ensure that environmental controls are in place to prevent dust/debris/wastewater from contaminating environment. If working within 15 feet of a monument you must comply with State Law 8771, contact the Inspector prior to starting excavation: minimum $5,800.00 fine for non-compliance. Comply with all terms of City of Oakland Public Works Standards, Street Excavation Rules, Revised August 2021 and City Council Ordinance No. 13300 C.M.S. Five days’ prior notice required for work lasting five days or less in business/commercial districts: 72-hours’ notice in residential districts. Ten days prior notice required for work lasting six days or more in all districts. SCHEDULE INSPECTION at least 48 hours in advance at: http://oaklanddot.com/projects/search.html """,,
"06/08/2026","Complete","BW26001767","(BW) - Building Worksheet (Building)","1657 EXCELSIOR AVE, Oakland CA 94602","revision to permit RBC2601240: Clarified scope on foundation plan S-2 to be cripple wall retrofit and not complete foundation retrofit. Delete foundation replacement details not relevant to cripple wall retrofit. Clarify cripple wall sheathing may be applied from the inside on details 6, 7, and 8/SD2.",,
"06/08/2026","Permit Issued","CGS2601388","DOT - Curb Gutter Sidewalk Repair","710 E 22ND ST, Oakland CA 94606","NOTE: ***BEFORE any work in Right of Way, please schedule your inspection via http://oaklanddot.com/cgs/projects/search.html forty-eight hours in advance. Applicant is subject to fine if work is started WITHOUT scheduling a pre-inspection*** Repair sidewalk to City Standards (maximum 2%). If working within 25' feet of a monument you must comply with State Law 8771, contact the Inspector prior to starting excavation: minimum $5,800.00 fine for non-compliance. Comply with all terms of City of Oakland Public Works Standards, Street Excavation Rules, Revised March 2015 and City Council Ordinance No. 13300 C.M.S. Five day prior notice required for work lasting five days or less in business/commercial districts; 72 hour notice in residential districts. Ten day prior notice required for work lasting six days or more in all districts. USA #",,
"06/08/2026","Permit Issued","E2601411","(E) - Electrical - 3+ Residential Units or Commercial (Building)","1521 9TH ST, UNIT 3, Oakland CA 94607","At unit 3: install 9 outlets, replace subpanel, install switch, and electrical heater",,
"06/08/2026","Permit Issued","RBC2601600","(RBC) - Building Residential Combo Alteration- 1 & 2 Unit Residential (Building)","2739 OLIVER AVE, Oakland CA 94605","Seismic strengthening of underfloor area to reduce risk of damage per Plan set A. Permit shall be finaled within 1 year per Oakland Ord. 12812CMS (all work interior)",,
"06/08/2026","In Review","X2600444","DOT - Excavation (X)","760 98TH AVE, Oakland CA 94603","Cablecom PM JB2629926 - PMR. This project proposes to replace an existing CATV vault with a new CATV vault along 98th Ave. Install (2)2"" conduit and a Comcast cable. Restore the affected areas. Trenching 5' x 3'.  Ensure that environmental controls are in place to prevent dust/debris/wastewater from contaminating environment. If working within 15 feet of a monument you must comply with State Law 8771, contact the Inspector prior to starting excavation: minimum $5,800.00 fine for non-compliance. Comply with all terms of City of Oakland Public Works Standards, Street Excavation Rules, Revised August 2021 and City Council Ordinance No. 13300 C.M.S. Five days’ prior notice required for work lasting five days or less in business/commercial districts: 72-hours’ notice in residential districts. Ten days prior notice required for work lasting six days or more in all districts. SCHEDULE INSPECTION at least 48 hours in advance at: http://oaklanddot.com/projects/search.html """,,
"06/08/2026","Final","RM2600727","(RM) - Mechanical - 1 & 2 Unit Residential (Building)","7100 MARLBOROUGH TER, OAKLAND CA 94705","Replace (1) gas furnace in basement + replace AC unit with (1) heat pump in back yard.",,
"06/08/2026","Permit Issued","RBC2601599","(RBC) - Building Residential Combo Alteration- 1 & 2 Unit Residential (Building)","6040 ZINN DR, Oakland CA 94611","At Single Family Dwelling: remodel bathroom, removing existing tub to create a shower with a custom pan and curb. Replace other fixtures in kind and location. Includes all electrical, mechanical, and plumbing. No structural or exterior work proposed.",,
"06/08/2026","On Hold","SL2601108","(SL) - Sewer Lateral (OPW)","574 61ST ST, UNIT B, OAKLAND CA 94609","ADU building sewer ON PROPERTY ONLY. SL & X required beyond PL. Overflow device may be needed. If working within 25' feet of a monument you must comply with State Law 8771, contact the Inspector prior to starting excavation: minimum $5,800.00 fine for non-compliance. USA # and date must be provided in order to have a permit issued. Permit valid for 180 days. If the work is to be performed on a designated “Creekside Property” the work will require a “Creek Protection Permit”. If the property is not currently flagged in Accela as a “Creekside Property” but work will be performed within 100’ of a creek channel, a “Creek Determination” should be conducted to determine if the work is subject to the Creek Protection Ordinance. Permit valid 180 days. PRIOR TO START, please schedule your inspection via the contractor's mobile app: https://citygovapp.com/app/opwirprod.htmUSA#",,
"06/08/2026","Created","OB2600687","Obstruction","0 VICKSBURG AVE, Oakland CA 94608","Community-Led Traffic Safety (CLTS) Permit: Horace Mann Elementary School: 1. Daylighting using planters or posts with painted outline at Vicksburg Ave/Ygnacio Ave; 2. Add new painted crosswalk to Ygnacio Ave; 3. Traffic circle to be filled with large galvanized planters with drought-tolerant plants.Resident Representative: George Spies; Contact: georgespies61@gmail.comCLTS permits are valid for three months from the date of installation/permit issue. A permit may be renewed once for an additional three-months, subject to OakDOT review and approval. Resident volunteers are responsible for ongoing maintenance of the installation. Any installation that is not adequately maintained or is determined to be unsafe shall be removed at the permittee’s expense. CLTS installations may be inspected by OakDOT and subject to enforcement, including fines, for noncompliance.",,
"06/08/2026","Permit Issued","RBC2601597","(RBC) - Building Residential Combo Alteration- 1 & 2 Unit Residential (Building)","4623 REINHARDT DR, Oakland CA 94619","At existing single-family dwelling to replace (1) Retrofit Window in Bathroom. No change to header size or layout. No MEP's included. DRX260791",,
"06/08/2026","In Review","X2600443","DOT - Excavation (X)","145 17TH ST, Oakland CA 94612","PG&E PM 35660170-PG&E to replace UG service. Applicant to trench and restore.  Ensure that environmental controls are in place to prevent dust/debris/wastewater from contaminating environment. If working within 15 feet of a monument you must comply with State Law 8771, contact the Inspector prior to starting excavation: minimum $5,800.00 fine for non-compliance. Comply with all terms of City of Oakland Public Works Standards, Street Excavation Rules, Revised August 2021 and City Council Ordinance No. 13300 C.M.S. Five days’ prior notice required for work lasting five days or less in business/commercial districts: 72-hours’ notice in residential districts. Ten days prior notice required for work lasting six days or more in all districts. SCHEDULE INSPECTION at least 48 hours in advance at: http://oaklanddot.com/projects/search.html """,,
"06/08/2026","Pending - Incomplete","BW26001755","(BW) - Building Worksheet (Building)","2867 E 17TH ST, Oakland CA 94601","Like for like repair and rebuild of existing interior residential stair system including replacement off damaged materials, stair and landing repairs, handrail/guardrail updates. and related work to maintain safe use and comply with current building safety requirements.",,
"06/08/2026","On Hold - Field Check Pending","B2601596","(B) - Building Alteration - 3+ Residential Units or Commercial (Building)","618 63RD ST, UNIT B, Oakland CA 94609","At tri-plex residential bldg: To abate CE2600675 -  At Unit B at 618 63rd ST to replace shower wall. Related mechanical, electrical, and plumbing requires separate permits.",,
"06/08/2026","Permit Issued","RE2601406","(RE) - Electrical - 1 & 2 Unit Residential (Building)","5543 MASONIC AVE, Oakland CA 94618","Electrical line installation for the shed",,
"06/08/2026","Complete","BW26001753","(BW) - Building Worksheet (Building)","2200 E 25TH ST, Oakland CA 94606","Revision to RBC2501494 for upgraded electrical panel - this work was completed before the homeowner purchased the home and we need to now include it with the existing ADU permit - this is a revision not a new permit",,
"06/08/2026","Permit Expired","OB2600686","Obstruction","4885 SHATTUCK AVE, OAKLAND CA 94609","Reserve 5 (125') NON-METERED parking space(s) in front of parcel only for dumpster, construction vehicle, moving van or storage pod. Post No-parking signs 72 hours prior in residential areas. No impact on traffic lane or sidewalk allowed, except as noted on TCP/X permit. NO-PARKING SIGNS SHALL PICKED UP BY APPLICANT AFTER PAYMENT TO ENFORCE PERMIT REQUIREMENT. To have illegally parked vehicle ticketed: Call 510-777-3333. Applicant arranges towing. Comply with terms set forth in CVC Section 22651 (m). For towed vehicle: Call 510-238-3021.",,
"06/08/2026","Permit Issued","RE2601405","(RE) - Electrical - 1 & 2 Unit Residential (Building)","2800 BARTLETT ST, Oakland CA 94602","200A main service upgrade, related RBC2501447 detached ADU",,
"06/08/2026","Permit Issued","RBC2601595","(RBC) - Building Residential Combo Alteration- 1 & 2 Unit Residential (Building)","2442 66TH AVE, Oakland CA 94605","At existing single-family dwelling to replace 17 windows, no change to existing openings, windows to be retrofit installation. Style of window to change are windows replace with no grilles, same size and layout. No related MEP's. DRX260746.",,
"06/08/2026","Intake - Completed","PX2600010","Public Infrastructure (P-Job)","3841 TELEGRAPH AVE, Oakland CA 94609",,,
"06/08/2026","Ready to Issue - Fee Due","X2600442","DOT - Excavation (X)","2173 39TH AVE, Oakland CA 94601","PG&E PM35730516-PG&E to replace joint pole, OH services, install OH transformer and secondary breakers.  Ensure that environmental controls are in place to prevent dust/debris/wastewater from contaminating environment. If working within 15 feet of a monument you must comply with State Law 8771, contact the Inspector prior to starting excavation: minimum $5,800.00 fine for non-compliance. Comply with all terms of City of Oakland Public Works Standards, Street Excavation Rules, Revised August 2021 and City Council Ordinance No. 13300 C.M.S. Five days’ prior notice required for work lasting five days or less in business/commercial districts: 72-hours’ notice in residential districts. Ten days prior notice required for work lasting six days or more in all districts. SCHEDULE INSPECTION at least 48 hours in advance at: http://oaklanddot.com/projects/search.html """,,
"06/08/2026","On Hold - Field Check Pending","RBC2601594","(RBC) - Building Residential Combo Alteration- 1 & 2 Unit Residential (Building)","5339 TRASK ST, Oakland CA 94601 United States","Property was purchase as a bank own property; the property was purchase gutted. house will have new plumbing, new electrical panel, new light fixtures, new HVAC system, new windows new plumbing fixtures, including a new water heater. To abate CE#2602043, 2301442, & 2403073. DRX260713.*The following to be added to permit description per field check inspection on 6/10/26*-new interior framing including some structural elements. New footings for posts supporting beam on second floor. Some exterior stucco repair.",,
"06/08/2026","Plan Review In Progress","RBC2601593","(RBC) - Building Residential Combo Alteration- 1 & 2 Unit Residential (Building)","5522 TAFT AVE, Oakland CA 94618","At Single Family Dwelling: Replace front entry porch. Replace window in-kind. No electrical, mechanical, or plumbing proposed. DRX260711.",,
"06/08/2026","Void","ENMJ26051","Major Encroachment","250 FRANK H OGAWA PZ, A, Oakland CA 94612","Test",,
"06/08/2026","Permit Issued","M2600722","(M) - Mechanical - 3+ Residential Units or Commercial (Building)","473 ROLAND WY, Oakland CA 94621","Unit 475: Install Mini Split unit/ AC condenser only, commercial building. To partial abate CE2601135.",,
"06/08/2026","Permit Issued","SL2601107","(SL) - Sewer Lateral (OPW)","5655 LEONA ST, Oakland CA 94605","sewer lateral and EXCAVATE in PUBLIC RIGHT-OF-WAY. Overflow device may be needed.  If working within 15' feet of a monument you must comply with State Law 8771, contact the Inspector prior to starting excavation: minimum $5,800.00 fine for non-compliance. Comply with all terms of City of Oakland Public Works Standards, Street Excavation Rules, Revised March 2015 and City Council Ordinance No. 13300 C.M.S. Five days prior notice required for work lasting five days or less in business/commercial districts; 72 hour notice in residential districts. Ten days prior notice required for work lasting six days or more in all districts. USA # and date must be provided in order to have a permit issued. Permit valid 180 days. If the work is to be performed on a designated “Creekside Property” the work will require a “Creek Protection Permit”. If the property is not currently flagged in Accela as a “Creekside Property” but work will be performed within 100’ of a creek channel, a “Creek Determination” should be conducted to determine if the work is subject to the Creek Protection Ordinance. Permit valid 180 days. PRIOR TO START, please schedule your inspection via the contractor's mobile app: https://citygovapp.com/app/opwirprod.htmUSA#2025062503361-000",,
"06/08/2026","Permit Expired","OB2600685","Obstruction","3315 MAPLE AVE, Oakland CA 94602","PG&E PM:35068306-3- (phase 1 of three). Tree trimming required. Replace 10 poles Loc 23, 24, 25, 26, 27, 28, 29, 30, 31, & 91 (AT&T to remove old per PG256047JQ). Replace 2 transformers, and overhead services. Install 3 Tx's, Replace secondary, primary with 3-715A, 625' 1-2C, 251' of 1-4AR & associated equipment See drawings for more details.Reserve 9 (225') NON-METERED parking space(s) in front of parcel only for dumpster, construction vehicle, moving van or storage pod. Post No-parking signs 72 hours prior in residential areas. No impact on traffic lane or sidewalk allowed, except as noted on TCP/X permit. NO-PARKING SIGNS SHALL PICKED UP BY APPLICANT AFTER PAYMENT TO ENFORCE PERMIT REQUIREMENT. To have illegally parked vehicle ticketed: Call 510-777-3333. Applicant arranges towing. Comply with terms set forth in CVC Section 22651 (m). For towed vehicle: Call 510-238-3021.3315 to 3462 MAPLE AVE",,
"06/08/2026","Final","CGS2601383","DOT - Curb Gutter Sidewalk Repair","2629 9TH AVE, Oakland CA 94606","NOTE: ***BEFORE any work in Right of Way, please schedule your inspection via http://oaklanddot.com/cgs/projects/search.html forty-eight hours in advance. Applicant is subject to fine if work is started WITHOUT scheduling a pre-inspection*** Repair sidewalk to City Standards (maximum 2%). If working within 25' feet of a monument you must comply with State Law 8771, contact the Inspector prior to starting excavation: minimum $5,800.00 fine for non-compliance. Comply with all terms of City of Oakland Public Works Standards, Street Excavation Rules, Revised March 2015 and City Council Ordinance No. 13300 C.M.S. Five day prior notice required for work lasting five days or less in business/commercial districts; 72 hour notice in residential districts. Ten day prior notice required for work lasting six days or more in all districts. USA #",,
"06/08/2026","On Hold","B2601592","(B) - Building Alteration - 3+ Residential Units or Commercial (Building)","338 WARWICK AVE, 336, Oakland CA 94610","At a multi-family dwelling unit #336 restore the fire damage and the damage sheetrock stairway wall to the 2nd floor.  To abate CE #2603373.",,
"06/08/2026","Routing - Completed","RBC2601591","(RBC) - Building Residential Combo Alteration- 1 & 2 Unit Residential (Building)","2649 COLE ST, Oakland CA 94601","At Single Family Dwelling: Perform seismic upgrade and partial foundation replacement. No electrical, mechanical, or plumbing work proposed.",,
"06/08/2026","In Review","X2600441","DOT - Excavation (X)","826 E 18TH ST, Oakland CA 94606","PG&E PM 35739707; Permit for restoration from after the fact emergency gas work. Park in ROW & TCP.  35739707.  Ensure that environmental controls are in place to prevent dust/debris/wastewater from contaminating environment. If working within 15 feet of a monument you must comply with State Law 8771, contact the Inspector prior to starting excavation: minimum $5,800.00 fine for non-compliance. Comply with all terms of City of Oakland Public Works Standards, Street Excavation Rules, Revised August 2021 and City Council Ordinance No. 13300 C.M.S. Five days’ prior notice required for work lasting five days or less in business/commercial districts: 72-hours’ notice in residential districts. Ten days prior notice required for work lasting six days or more in all districts. SCHEDULE INSPECTION at least 48 hours in advance at: http://oaklanddot.com/projects/search.html """,,
"06/08/2026","Intake-On Hold","RBC2601590","(RBC) - Building Residential Combo Alteration- 1 & 2 Unit Residential (Building)","3920 EDGEMOOR PL, Oakland CA 94605","Legalized (17) windows & 1 sliding glass door retrofit replacement by previous owners to abate CE2603113. No M-E-P. Paint included.",,
"06/08/2026","Permit Issued","OB2600684","Obstruction","1719 CLEMENS RD, Oakland CA 94602","Reserve 2 (50') NON-METERED parking space(s) in front of parcel only for dumpster, construction vehicle, moving van or storage pod. Post No-parking signs 72 hours prior in residential areas. No impact on traffic lane or sidewalk allowed, except as noted on TCP/X permit. NO-PARKING SIGNS SHALL PICKED UP BY APPLICANT AFTER PAYMENT TO ENFORCE PERMIT REQUIREMENT. To have illegally parked vehicle ticketed: Call 510-777-3333. Applicant arranges towing. Comply with terms set forth in CVC Section 22651 (m). For towed vehicle: Call 510-238-3021.",,
"06/08/2026","Permit Expired","OB2600683","Obstruction","540 39TH ST, OAKLAND CA 94609","Reserve 1 (25') NON-METERED parking space(s) in front of the parcel only for dumpster, construction vehicle, moving van, or storage pod. Post No-parking signs 72 hours prior in residential areas. No impact on traffic lane or sidewalk allowed, except as noted on TCP/X permit. NO-PARKING SIGNS SHALL PICKED UP BY APPLICANT AFTER PAYMENT TO ENFORCE PERMIT REQUIREMENT. To have illegally parked vehicle ticketed: Call 510-777-3333. Applicant arranges towing. Comply with terms set forth in CVC Section 22651 (m). For towed vehicle: Call 510-238-3021.",,
"06/08/2026","Permit Expired","OB2600682","Obstruction","5717 HERMANN ST, Oakland CA 94609","Reserve # NON-METERED parking space(s) in front of parcel only for dumpster, construction vehicle, moving van or storage pod. Post No-parking signs 72 hours prior in residential areas. No impact on traffic lane or sidewalk allowed. No-parking signs picked up by applicant after payment, 4TH FLOOR. To Have Illegally Parked Vehicle Ticketed Call 510-777-3333. Applicant arranges towing. Comply with terms set forth in CVC Section 22651 (m). For Towed Vehicle: Call 510-238-3021.",,
"06/08/2026","Permit Expired","OB2600681","Obstruction","5717 HERMANN ST, Oakland CA 94609","Reserve 1 (25') NON-METERED parking space(s) in front of the parcel only for dumpster, construction vehicle, moving van, or storage pod. Post No-parking signs 72 hours prior in residential areas. No impact on traffic lane or sidewalk allowed, except as noted on TCP/X permit. NO-PARKING SIGNS SHALL PICKED UP BY APPLICANT AFTER PAYMENT TO ENFORCE PERMIT REQUIREMENT. To have illegally parked vehicle ticketed: Call 510-777-3333. Applicant arranges towing. Comply with terms set forth in CVC Section 22651 (m). For towed vehicle: Call 510-238-3021.",,
"06/08/2026","Payment Received","CGS2601382","DOT - Curb Gutter Sidewalk Standard Compliance Certificate","4346 TOWNSEND AVE, Oakland CA 94602",,,
"06/08/2026","Payment Received","CGS2601381","DOT - Curb Gutter Sidewalk Standard Compliance Certificate","2122 69TH AVE, Oakland CA 94621",,,
"06/08/2026","Ready to Issue - Fee Due","X2600440","DOT - Excavation (X)","2383 THACKERAY DR, Oakland CA 94611","PG&E PM 35723812-PG&E to install OH transformer, secondary breakers and replace OH services.  Ensure that environmental controls are in place to prevent dust/debris/wastewater from contaminating environment. If working within 15 feet of a monument you must comply with State Law 8771, contact the Inspector prior to starting excavation: minimum $5,800.00 fine for non-compliance. Comply with all terms of City of Oakland Public Works Standards, Street Excavation Rules, Revised August 2021 and City Council Ordinance No. 13300 C.M.S. Five days’ prior notice required for work lasting five days or less in business/commercial districts: 72-hours’ notice in residential districts. Ten days prior notice required for work lasting six days or more in all districts. SCHEDULE INSPECTION at least 48 hours in advance at: http://oaklanddot.com/projects/search.html """,,
"06/08/2026","In Review","CC2600052","Certificate of Compliance","2751 73RD AVE, OAKLAND CA 94605","Certificate of Compliance application for 2751 73rd Ave, APN 039-3291-020",,
"06/08/2026","Complete","BW26001747","(BW) - Building Worksheet (Building)","8320 PLYMOUTH ST, Oakland CA 94621","Fire Damage - Kitchen, roofing, drywall, and electrical",,
"06/08/2026","On Hold","B2601589","(B) - Building Alteration - 3+ Residential Units or Commercial (Building)","1802 14TH ST, BLDG 1802-1822, OAKLAND CA 94607","At multi-family residential building: BLDG A (1802 - 1822 14TH ST)- This project is to perform repairs to the exterior envelope to mitigate excessive water intrusion into living spaces, and to perform balcony deck repairs to prevent damage to the underlaying structural components. Waterproofing repairs to balcony decks, replacement in like kind.  Miscellaneous site repairs and exterior painting.  Related mechanical, electrical, plumbing and painting requires separate permits.",,
"06/08/2026","Complete","BW26001746","(BW) - Building Worksheet (Building)","369 3RD ST, Oakland CA 94607","Interior remodel of an existing, vacant, ground floor commercial space. The scope of work is an addition of a cocktail bar and a new kitchen with commercial equipment.Tenant improvement at existing commercial building for P & W Bar to remodel the space and add a new kitchen and cocktail bar.",,
"06/07/2026",,"26TMP-027507","(RE) - Electrical - 1 & 2 Unit Residential (Building)","5707 CARBERRY AVE, Oakland CA 94609","Main meter to house upgraded to 400A (from 60A)2 meters from the main to the units of the duplex, each to be upgraded to 200A from 30A",,
"06/07/2026","Permit Issued","RM2600721","(RM) - Mechanical - 1 & 2 Unit Residential (Building)","4001 EDWARDS AVE, Oakland CA 94605","Existing gas furnace to be replaced with a ducted  full electric heat pump system serving the main house. Existing duct system to remain; only minor connection transitions at equipment as needed.",,
"06/07/2026","Permit Issued","LBP2600103","(LBP) - Lead Based Paint (Building)","6110 N ROCKRIDGE BLVD, Oakland CA 94618","Painting Exterior and Interior areas.",,
"06/07/2026","Final","RP2600748","(RP) Plumbing - 1 & 2 Unit Residential (Building)","297 ADAMS ST, Oakland CA 94610","new 120V plug-in 65 gallon electric heat pump water heater replacing gas water heater in same location (basement), connecting to existing receptacle",,
"06/07/2026","Certificate Issued","R2600711","(R) - ReRoof Certificate (Building)","4215 GREGORY ST, Oakland CA 94619","Reroof, tear off, 37 SQ. Shingles",,
"06/07/2026","Void","S2600047","(S) Sign Permit- New and Alterations","4373 SEQUOYAH RD, Oakland CA 94605","upgrade electrical service from 90amps to 200 amps",,
"06/07/2026","Final","LBP2600102","(LBP) - Lead Based Paint (Building)","4242 DETROIT AVE, Oakland CA 94619","Prep and paint trim only. We will protect all surrounding surfaces by installing 6-mil plastic sheeting on the ground and covering nearby landscaping, set up a netting around the work are, outdoor furniture, and other non-work areas as needed. Windows and openings will be masked to prevent dust migration. Existing loose or failing paint on exterior trim will be scraped and sanded using Festool HEPA-equipped sanding systems connected to HEPA vacuums for dust control. Workers will wear appropriate PPE, including disposable protective suits, gloves, and respirators with P100 filters. Upon completion of surface preparation, trim will be primed as needed and painted, followed by a thorough cleanup and proper disposal of all debris generated during the project.",,
"06/07/2026","On Hold","S2600048","(S) Sign Permit- New and Alterations","9255 EDES AVE, Oakland CA 94603","Install (2) illuminated wall signs for ""Brookfield Library"". - DS260146",,
"06/06/2026","Certificate Issued","R2600710","(R) - ReRoof Certificate (Building)","556 ALCATRAZ AVE, Oakland CA 94609","Roof Replacement",,
"06/06/2026","Permit Issued","CGS2601376","DOT - Curb Gutter Sidewalk Standard Compliance Certificate","874 PINE ST, Oakland CA 94607",,,
"06/06/2026","Permit Issued","CGS2601377","DOT - Curb Gutter Sidewalk Provisional Certificate","6000 ROCKRIDGE BLVD, Oakland CA 94618",,,
"06/06/2026","Permit Issued","SL2601106","(SL) - Sewer Lateral (OPW)","66 GREGORY PL, Oakland CA 94619","New sewer connectionNEW sewer lateral and EXCAVATE in PUBLIC RIGHT-OF-WAY. Overflow device may be needed.  If working within 25' feet of a monument you must comply with State Law 8771, contact the Inspector prior to starting excavation: minimum $5,800.00 fine for non-compliance. Comply with all terms of City of Oakland Public Works Standards, Street Excavation Rules, Revised March 2015 and City Council Ordinance No. 13300 C.M.S. Five days prior notice required for work lasting five days or less in business/commercial districts; 72 hour notice in residential districts. Ten days prior notice required for work lasting six days or more in all districts. USA # and date must be provided in order to have a permit issued. Permit valid 180 days. If the work is to be performed on a designated “Creekside Property” the work will require a “Creek Protection Permit”. If the property is not currently flagged in Accela as a “Creekside Property” but work will be performed within 100’ of a creek channel, a “Creek Determination” should be conducted to determine if the work is subject to the Creek Protection Ordinance. Permit valid 180 days. PRIOR TO START, please schedule your inspection via the contractor's mobile app: https://citygovapp.com/app/opwirprod.htmUSA#",,
"06/06/2026","Intake - On Hold","S2600046","(S) Sign Permit- New and Alterations","3838 GRAND AVE, Oakland CA 94610","Install (1) illuminated projecting sign for ""Ohana Cannabis"". Related electrical requires separate permit.",,
"06/05/2026","Complete","BW26001745","(BW) - Building Worksheet (Building)","534 23RD AVE, Oakland CA 94606","Repair a wood truss chord damaged by a forklift.",,
"06/05/2026","Permit Issued","RM2600718","(RM) - Mechanical - 1 & 2 Unit Residential (Building)","1079 UNDERHILLS RD, Oakland CA 94610","Replacing Heat Pump and Air Handler.",,
"06/05/2026","Permit Issued","RE2601391","(RE) - Electrical - 1 & 2 Unit Residential (Building)","6930 COLTON BLVD, Oakland CA 94611","200 amp service upgrade.  Rewire of remaining knob and tube circuits.",,
"06/05/2026","Certificate Issued","R2600709","(R) - ReRoof Certificate (Building)","6216 WESTWOOD WY, Oakland CA 94611","Full tear off Shingle to shingle reroof.",,
"06/05/2026","Permit Issued","CGS2601364","DOT - Curb Gutter Sidewalk Exemption Certificate","0 ASPINWALL RD, Oakland CA 94603",,,
"06/05/2026","Final","RP2600745","(RP) Plumbing - 1 & 2 Unit Residential (Building)","85 GRAVATT DR, Oakland CA 94603","Cleanout installation",,
"06/05/2026","Permit Issued","CGS2601366","DOT - Curb Gutter Sidewalk Standard Compliance Certificate","941 WARFIELD AVE, Oakland CA 94610",,,
"06/05/2026","Permit Issued","RE2601390","(RE) - Electrical - 1 & 2 Unit Residential (Building)","3375 HERRIER ST, Oakland CA 94602","INSTALL 13.5 kWh ESS",,
"06/05/2026","Pending - Incomplete","BW26001740","(BW) - Building Worksheet (Building)","3152 MADERA AVE, Oakland CA 94619","Pest report Section 1 isolated termite/dry rot repairs",,
"06/05/2026","Permit Issued","SEA2600516","SolarApp+ (For roof mounted residential solar projects not exceeding 38.4kw total done with SolarApp+- contractor use)","923 92ND AVE, OAKLAND CA 94603","(N) Residential Roof-mount Solar PV, (7) Modules, (3.08) kW",,
"06/05/2026","Pending-Document Uploaded","R2600708","(R) - ReRoof Certificate (Building)","961 PARK LN, Oakland CA 94610","Removal of the existing shingle roof and installation of a new composition roof (17.61 Sq).",,
"06/05/2026","Permit Issued","CGS2601372","DOT - Curb Gutter Sidewalk Standard Compliance Certificate","10910 GLEN ARTNEY ST, Oakland CA 94605",,,
"06/05/2026","Final","M2600717","(M) - Mechanical - 3+ Residential Units or Commercial (Building)","901 JEFFERSON ST, Oakland CA","At multi-family residential building: 200sqft bathroom remodel in unit 314, converting tub intowalk in shower, replacing plumbing and electrical fixtures. replacing flooring. No wall layout orwindow changes. Related plumbing and electrical requires separate permits.5-5-26 Change bath swing door to pocket door",,
"06/05/2026","Pending - Incomplete","BW26001735","(BW) - Building Worksheet (Building)","2339 E 22ND ST, Oakland CA 94601","TO FINALIZE ADU PERMIT RB1202727, WITH THE FOLLOWING CHANGES:1.	REPLACE WINDOW IN BEDROOM 1 FOR EGRESS2.	INSTALL NEW HEAT PUMP FOR THE ADU3.	INSTALL NEW LIGHTING FIXTURES PER PLAN4.	INSTALL IAQ FAN PER TITLE 24 REPORT",,
"06/05/2026","Permit Issued","SEA2600517","SolarApp+ (For roof mounted residential solar projects not exceeding 38.4kw total done with SolarApp+- contractor use)","1977 AUSEON AVE, Oakland CA 94621","PV Install - 10.32 kW, 1 ESS",,
"06/05/2026","Permit Issued","SEA2600518","SolarApp+ (For roof mounted residential solar projects not exceeding 38.4kw total done with SolarApp+- contractor use)","419 43RD ST, Oakland CA 94609","8 Q.PEAK DUO BLK ML-G10.C+ 410 solar modules1 1707000-XX-Y {11.5kW} inverter1 1707000-XX-Y {11.5kW} ESSMain Panel Upgrade: YesSystem Size: 3.28 kW DC (11.5 kW AC)",,
"06/05/2026","Intake - On Hold","SL2601102","(SL) - Sewer Lateral (OPW)","25 STONEWALL RD, Oakland CA 94705","Sewer repair PSL",,
"06/05/2026","Final","RM2600715","(RM) - Mechanical - 1 & 2 Unit Residential (Building)","6841 GUNN DR, Oakland CA 94611","Install heat pump, replace furnace with air handler in same location",,
"06/05/2026","Permit Issued","CGS2601375","DOT - Curb Gutter Sidewalk Standard Compliance Certificate","551 MERRITT AVE, Oakland CA",,,
"06/05/2026","Permit Issued","CGS2601365","DOT - Curb Gutter Sidewalk Exemption Certificate","0 ASPINWALL RD, Oakland CA 94603",,,
"06/05/2026","Void","BW26001743","(BW) - Building Worksheet (Building)","1945 83RD AVE, Oakland CA 94621","-REMOVE REAR BATH (50sq ft) FIXTURES, CAP OFF PLUMBING AND DRAIN LINES IN BASEMENT BELOW-RETURN REAR BATHROOM TO ORIGINAL CLOSET.",,
"06/05/2026","Pending - Incomplete","BW26001741","(BW) - Building Worksheet (Building)","4305 GILBERT ST, Oakland CA 94611","Kitchen remodel like for like Window to be cancelled and moved",,
"06/05/2026","Permit Issued","RM2600716","(RM) - Mechanical - 1 & 2 Unit Residential (Building)","10 NORTH CIR, Oakland CA 94611","Replacing Heat Pump and Air Handler.",,
"06/05/2026","Permit Issued","CGS2601369","DOT - Curb Gutter Sidewalk Standard Compliance Certificate","3928 SAN LEANDRO ST, Oakland CA 94601",,,
"06/05/2026","Certificate Issued","R2600707","(R) - ReRoof Certificate (Building)","2762 67TH AVE, Oakland CA 94605","23 squares tear off reroof comp shingles",,
"06/05/2026","Final","E2601393","(E) - Electrical - 3+ Residential Units or Commercial (Building)","901 JEFFERSON ST, Oakland CA","At multi-family residential building: 200sqft bathroom remodel in unit 314, converting tub intowalk in shower, replacing plumbing and electrical fixtures. replacing flooring. No wall layout orwindow changes. Related plumbing and electrical requires separate permits.5-5-26 Change bath swing door to pocket door",,
"06/05/2026","Permit Issued","CGS2601371","DOT - Curb Gutter Sidewalk Standard Compliance Certificate","558 58TH ST, Oakland CA 94609",,,
"06/05/2026","Inspections - In Progress","SL2601105","(SL) - Sewer Lateral (OPW)","4430 WEBSTER ST, Oakland CA 94609","Repair/replace sewer lateral and EXCAVATE in PUBLIC RIGHT-OF-WAY. Overflow device may be needed. If working within 25' feet of a monument you must comply with State Law 8771, contact the Inspector prior to starting excavation: minimum $5,800.00 fine for non-compliance. Comply with all terms of City of Oakland Public Works Standards, Street Excavation Rules, Revised March 2015 and City Council Ordinance No. 13300 C.M.S. Five days prior notice required for work lasting five days or less in business/commercial districts; 72 hour notice in residential districts. Ten days prior notice required for work lasting six days or more in all districts. USA # and date must be provided in order to have a permit issued. Permit valid 90 days. If the work is to be performed on a designated “Creekside Property” the work will require a “Creek Protection Permit”. If the property is not currently flagged in Accela as a “Creekside Property” but work will be performed within 100’ of a creek channel, a “Creek Determination” should be conducted to determine if the work is subject to the Creek Protection Ordinance. Call PWA INSPECTION prior to start: 510-238-3651 or email PWA_inspections@oaklandca.gov. USA #2026060502183-000",,
"06/05/2026","Permit Issued","CGS2601374","DOT - Curb Gutter Sidewalk Standard Compliance Certificate","2435 BURLINGTON ST, Oakland CA 94602",,,
"06/05/2026","Void","BW26001739","(BW) - Building Worksheet (Building)","245 29TH ST, Oakland CA 94611","Demolition permit for an existing retaining wall that will be replaced by a new wall on the adjoining property. That work has already been approved. Refer to B2501587.",,
"06/05/2026","Intake - On Hold","SL2601103","(SL) - Sewer Lateral (OPW)","6875 THE TURN, Oakland CA 94611","Repair/replace sewer lateral and EXCAVATE in PUBLIC RIGHT-OF-WAY. Overflow device may be needed.  If working within 25' feet of a monument you must comply with State Law 8771, contact the Inspector prior to starting excavation: minimum $5,800.00 fine for non-compliance. Comply with all terms of City of Oakland Public Works Standards, Street Excavation Rules, Revised March 2015 and City Council Ordinance No. 13300 C.M.S. Five days prior notice required for work lasting five days or less in business/commercial districts; 72 hour notice in residential districts. Ten days prior notice required for work lasting six days or more in all districts. USA # and date must be provided in order to have a permit issued. Permit valid 90 days. If the work is to be performed on a designated “Creekside Property” the work will require a “Creek Protection Permit”. If the property is not currently flagged in Accela as a “Creekside Property” but work will be performed within 100’ of a creek channel, a “Creek Determination” should be conducted to determine if the work is subject to the Creek Protection Ordinance.",,
"06/05/2026","Final","P2600747","(P) - Plumbing - 3+ Residential Units or commercial (Building)","901 JEFFERSON ST, Oakland CA","At multi-family residential building: 200sqft bathroom remodel in unit 314, converting tub intowalk in shower, replacing plumbing and electrical fixtures. replacing flooring. No wall layout orwindow changes. Related plumbing and electrical requires separate permits.5-5-26 Change bath swing door to pocket door",,
"06/05/2026","Pending - Incomplete","BW26001737","(BW) - Building Worksheet (Building)","4731 FAIR AVE, Oakland CA 94619","Convert existing garage into bedroom and bathroom in exsiting residence.",,
"06/05/2026","Void","BW26001738","(BW) - Building Worksheet (Building)","130 FAIRMOUNT AVE, Oakland CA 94611","Demolition permit for an existing retaining wall that will be replaced by a new wall  on the adjoining property. That work has already been approved. Refer to B2501587.",,
"06/05/2026","Permit Issued","SE2600515","Solar Permit (For commercial projects, residential projects not eligible for SolarApp+, or owner/builder or contractor use)","1622 34TH AVE, Oakland CA 94601","5.04 KW PV ARRAY + 13.5 KWH ENERGY STORAGE SYSTEM (SOLAR APP INELIGIBLE DUE TO EXISTING SYSTEM NOT LISTED IN SOLAR APP)",,
"06/05/2026","Permit Issued","RP2600746","(RP) Plumbing - 1 & 2 Unit Residential (Building)","3328 69TH AVE, Oakland CA 94605","REMOVE/REPLACE 40-GAL GAS WATER HEATER IN THE BASEMENT. LIKE FOR LIKE SAME LOCATION.",,
"06/05/2026","Complete","BW26001742","(BW) - Building Worksheet (Building)","11058 ROBLEDO DR, Oakland CA 94603","Seismic strengthening of underfloor area to reduce risk of damage per Plan set A",,
"06/05/2026","Permit Issued","CGS2601370","DOT - Curb Gutter Sidewalk Standard Compliance Certificate","3710 WEST ST, Oakland CA 94608",,,
"06/05/2026",,"26TMP-026560","(SL) - Sewer Lateral (OPW)","681 CAPELL ST, Oakland CA 94610","Scope of work will consist of digging up side walk clean outs due to them leaking during a pressure test we will be digging up a section of the sidewalk to replace and install a new 2 way clean out so that the sewer line will pass the test for city compliance 3ft x 3ft hole will be made",,
"06/05/2026","In Review","X2600438","DOT - Excavation (X)","1027 HARVARD RD, Oakland CA 94610","In coordination with PG&E, this job requires AT&T to place ground bed in dirt, restore ground area, place 1 down guy, strap 1 cable riser & place U-guard over riser & re-attach 1 cable to new, existing pole already placed by PG&E.",,
"06/05/2026","Permit Issued","E2601395","(E) - Electrical - 3+ Residential Units or Commercial (Building)","311 2ND ST, OAKLAND CA 94607","Instal EVSE 208v-30amp for Unit 702",,
"06/05/2026","Final","SEA2600519","SolarApp+ (For roof mounted residential solar projects not exceeding 38.4kw total done with SolarApp+- contractor use)","1033 AMITO AVE, OAKLAND CA 94705","Rooftop Mounted Solar Energy SystemPV+ST17 Q.TRON BLK M-G2.C+ 430 solar modules17 IQ8HC-72-M-DOM-US {240V} microinverters2 IQBATTERY-10C-1P-NA ESSNew Busbar count - 2System Size: 7.31 kW DC (6.46 kW AC)",,
"06/05/2026","Permit Issued","CGS2601373","DOT - Curb Gutter Sidewalk Standard Compliance Certificate","2419 LINDEN ST, Oakland CA 94607",,,
"06/05/2026","Permit Issued","E2601392","(E) - Electrical - 3+ Residential Units or Commercial (Building)","3600 BROADWAY, Oakland CA 94611","At Pharmacy entrance doors, furnish and install 120 volt wiring and connections for new solid roll up security doors, two (2) locations.",,
"06/05/2026","Permit Issued","SEA2600520","SolarApp+ (For roof mounted residential solar projects not exceeding 38.4kw total done with SolarApp+- contractor use)","5870 BAGSHOTTE DR, Oakland CA 94611","Photovoltaic system of 8.36KW DC with Energy Storage System",,
"06/05/2026","Void","BW26001744","(BW) - Building Worksheet (Building)","200 HARRISON ST, Oakland CA 94607","Record FDPR26-00428: Fire Plan ReviewCreating Building Worksheet for OT expediting of Fire Plan ReviewBAY ALARM COMPANY",,
"06/05/2026","Permit Issued","CGS2601367","DOT - Curb Gutter Sidewalk Standard Compliance Certificate","3957 CANON AVE, Oakland CA 94602",,,
"06/05/2026","Inspections - In Progress","SL2601104","(SL) - Sewer Lateral (OPW)","350 51ST ST, Oakland CA 94609","Perform trenchless replacement of sewer lateral.",,
"06/05/2026","Permit Issued","RBC2601587","(RBC) - Building Residential Combo Alteration- 1 & 2 Unit Residential (Building)","2 STANTONVILLE CT, Oakland CA 94619","Kitchen, 2 guest and master bathroom remodels at SFD. No wall layout or exterior changes. MEP included.",,
"06/05/2026","Permit Issued","OB2600680","Obstruction","5527 VICENTE WY, Oakland CA 94609","Reserve 1 (25') + 1 (25') NON-METERED (INCLUDED IN SL2600651) parking space(s) in front of parcel only for dumpster, construction vehicle, moving van or storage pod. Post No-parking signs 72 hours prior in residential areas. No impact on traffic lane or sidewalk allowed, except as noted on TCP/X permit. NO-PARKING SIGNS SHALL PICKED UP BY APPLICANT AFTER PAYMENT TO ENFORCE PERMIT REQUIREMENT. To have illegally parked vehicle ticketed: Call 510-777-3333. Applicant arranges towing. Comply with terms set forth in CVC Section 22651 (m). For towed vehicle: Call 510-238-3021.Block 150'x5'-6"" portion of s/w. Leave 5.5’ clear for pedestrian access, except as otherwise noted on TCP/X permit. Ensure that environmental controls are in place to prevent dust/debris/waste water from contaminating environment.Comply with all terms, conditions and restrictions stated in the Traffic Control Plan. Any/all changes need prior written approval. Provide original Traffic Control Plan at each renewal.06/01/2026: TCP GOOD FOR 06/01-07/16/2026, 8AM-5PM, PER T.CHUNG06/05/2026: TCP GOOD FOR 06/09-08/07/2026, 8AM-5PM, PER T.CHUNG (date change, NC)06/05/2026: TCP GOOD FOR 06/09-07/08/2026, 8AM-5PM, PER T.CHUNG (date change 2, NC)RED ZONE CANNOT BE OBSTRUCTED",,
"06/05/2026","Permit Expired","OB2600679","Obstruction","0 LAKE SHORE AVE, Oakland CA 94610","Reserve 6 METERED & 5 (125') NON-METERED parking space(s) in front of parcel only for dumpster, construction vehicle, moving van or storage pod. Post No-parking signs 72 hours prior in residential areas. No impact on traffic lane or sidewalk allowed, except as noted on TCP/X permit. NO-PARKING SIGNS SHALL PICKED UP BY APPLICANT AFTER PAYMENT TO ENFORCE PERMIT REQUIREMENT. To have illegally parked vehicle ticketed: Call 510-777-3333. Applicant arranges towing. Comply with terms set forth in CVC Section 22651 (m). For towed vehicle: Call 510-238-3021.",,
"06/05/2026","Routing - Completed","RBC2601586","(RBC) - Building Residential Combo Alteration- 1 & 2 Unit Residential (Building)","1630 TRESTLE GLEN RD, Oakland CA 94610","Seismic strengthening of underfloor area to reduce risk of damage per Engineered Plan. Permit shall be final within 1 year per Oakland Ord. 12812CMS",,
"06/05/2026","Zoning Review Required","B2601585","(B) - Building Alteration - 3+ Residential Units or Commercial (Building)","466 37TH ST, Oakland CA 94609","To Abate 2603436 at 2 story, 8 Unit MFD condo: Replace exterior approx. 900SF stucco siding. reset windows, replace drywalls within multiple units due to mold & moisture damages.",,
"06/05/2026","On Hold - Field Check Pending","RBC2601584","(RBC) - Building Residential Combo Alteration- 1 & 2 Unit Residential (Building)","906 52ND ST, Oakland CA 94608","Legalization of 1028 SF ADU with 2 bedrooms and 1 bathroom at ground floor of residence. Unit to be addressed as 906 52nd St. Includes all relevant mechanical, electrical, and plumbing work. ADU260095. To partially abate CE2306757",,
"06/05/2026","Permit Issued","E2601397","(E) - Electrical - 3+ Residential Units or Commercial (Building)","695 MARIPOSA AVE, Oakland CA 94610","At Unit #105: Electrical related to: Remove the drywall that has asbestos from the living room and kitchen area. Remove and replace kitchen cabinets. Remove and replace kitchen appliances. Update the electrical for the living room and kitchen area. Related mechanical and plumbing require separate permits",,
"06/05/2026","Permit Issued","M2600720","(M) - Mechanical - 3+ Residential Units or Commercial (Building)","695 MARIPOSA AVE, Oakland CA 94610","At Unit #105: Mechanical related to - Remove the drywall that has asbestos from the living room and kitchen area. Remove and replace kitchen cabinets. Remove and replace kitchen appliances. Update the electrical for the living room and kitchen area. Related plumbing and electrical requires separate permits.",,
"06/05/2026","On Hold","RBC2601583","(RBC) - Building Residential Combo Alteration- 1 & 2 Unit Residential (Building)","1101 70TH AVE, Oakland CA 94621","Siding Replacement of 30 sf where brick chimney was removed at single family dwelling. DRX260673.",,
"06/05/2026","Permit Expired","OB2600678","Obstruction","668 BROOKLYN AVE, Oakland CA 94606","Reserve 1 (25') NON-METERED parking space(s) in front of parcel only for dumpster, construction vehicle, moving van or storage pod. Post No-parking signs 72 hours prior in residential areas. No impact on traffic lane or sidewalk allowed, except as noted on TCP/X permit. NO-PARKING SIGNS SHALL PICKED UP BY APPLICANT AFTER PAYMENT TO ENFORCE PERMIT REQUIREMENT. To have illegally parked vehicle ticketed: Call 510-777-3333. Applicant arranges towing. Comply with terms set forth in CVC Section 22651 (m). For towed vehicle: Call 510-238-3021.",,
"06/05/2026","Final","RM2600719","(RM) - Mechanical - 1 & 2 Unit Residential (Building)","4179 OPAL ST, Oakland CA 94609","Adding a coil to existing furnace/ replace existing heat pump to upgraded unit 5ton 60K existing location.",,
"06/05/2026","Permit Issued","RBC2601582","(RBC) - Building Residential Combo Alteration- 1 & 2 Unit Residential (Building)","68 EVERGREEN LN, Oakland CA 94705","Voluntary engineered seismic retrofit in single family dwelling. Install new shear walls, hold-downs, anchor bolts, & structural connectors. Strengthening of cripple walls, floor to foundation connections, lateral bracing, & hillside support framing. No change to habitable floor area is proposed.",,
"06/05/2026","On Hold","X2600439","DOT - Excavation (X)","4080 SANTA RITA ST, Oakland CA 94601","Mastec PM OAK-JB2347821-C-SEG Perform splicing at (07) existing locations for comcast services. Traffic Control = 1 Day.  Ensure that environmental controls are in place to prevent dust/debris/wastewater from contaminating environment. If working within 15 feet of a monument you must comply with State Law 8771, contact the Inspector prior to starting excavation: minimum $5,800.00 fine for non-compliance. Comply with all terms of City of Oakland Public Works Standards, Street Excavation Rules, Revised August 2021 and City Council Ordinance No. 13300 C.M.S. Five days’ prior notice required for work lasting five days or less in business/commercial districts: 72-hours’ notice in residential districts. Ten days prior notice required for work lasting six days or more in all districts. SCHEDULE INSPECTION at least 48 hours in advance at: http://oaklanddot.com/projects/search.html """,,
"06/05/2026","Permit Issued","RE2601396","(RE) - Electrical - 1 & 2 Unit Residential (Building)","1230 50TH AVE, Oakland CA 94601","Electrical Service upgrade from 60A - 200Asingle meter panel. Location to be field verified.",,
"06/05/2026","Permit Issued","RBC2601581","(RBC) - Building Residential Combo Alteration- 1 & 2 Unit Residential (Building)","540 ELYSIAN FIELDS DR, Oakland CA 94605","At Single-Family Dwelling: Implement a voluntary seismic retrofit to the crawl space area of the house using plan set (A), applying details 2C&5A/S2.",,
"06/05/2026","Permit Expired","OB2600677","Obstruction","1025 STANFORD AVE, Oakland CA 94608","Reserve 1 (25') NON-METERED parking space(s) in front of parcel only for dumpster, construction vehicle, moving van or storage pod. Post No-parking signs 72 hours prior in residential areas. No impact on traffic lane or sidewalk allowed, except as noted on TCP/X permit. NO-PARKING SIGNS SHALL PICKED UP BY APPLICANT AFTER PAYMENT TO ENFORCE PERMIT REQUIREMENT. To have illegally parked vehicle ticketed: Call 510-777-3333. Applicant arranges towing. Comply with terms set forth in CVC Section 22651 (m). For towed vehicle: Call 510-238-3021.",,
"06/05/2026","On Hold","RBC2601580","(RBC) - Building Residential Combo Alteration- 1 & 2 Unit Residential (Building)","165 BEECHWOOD DR, Oakland CA 94618","Remodel laundry room including removing exterior door and replacing interior water heater with outdoor water heater at SFD. Laundry room to remain unconditioned space. Electrical and plumbing only included. DRX260414.",,
"06/05/2026","Issued","B2601579","(B) - Building Alteration - 3+ Residential Units or Commercial (Building)","2250 96TH AVE, Oakland CA 94603","At existing 2-story apartment building, replace damaged concrete treads, seal cracks on concrete walkways and landings, paint metal stringers, posts, and landings. Repair corrosion on metal railings and apply mesh, apply water proofing to comply with E3 report. All repairs in kind to match existing. DRX260664. 25E3M00496.",,
"06/05/2026","Permit Issued","CGS2601368","DOT - Curb Gutter Sidewalk Repair","6528 RAYMOND ST, Oakland CA 94609","NOTE: ***BEFORE any work in Right of Way, please schedule your inspection via http://oaklanddot.com/cgs/projects/search.html forty-eight hours in advance. Applicant is subject to fine if work is started WITHOUT scheduling a pre-inspection***Repair sidewalk to City Standards (maximum 2%). If working within 25' feet of a monument you must comply with State Law 8771, contact the Inspector prior to starting excavation: minimum $5,800.00 fine for non-compliance. Comply with all terms of City of Oakland Public Works Standards, Street Excavation Rules, Revised March 2015 and City Council Ordinance No. 13300 C.M.S. Five day prior notice required for work lasting five days or less in business/commercial districts; 72 hour notice in residential districts.USA #2026060403197, 06/09/2026",,
"06/05/2026","Plan Review In Progress","RBC2601578","(RBC) - Building Residential Combo Alteration- 1 & 2 Unit Residential (Building)","6001 HARBORD DR, Oakland CA 94611","At single-family dwelling: Addition of 167 SF at ground floor for Kitchen Remodel.  Bath remodel at second floor. New electrical lighting at ground floor. To include related mechanical, electrical, and plumbing. DRX260403",,
"06/05/2026","Permit Expired","OB2600676","Obstruction","286 E 10TH ST, Oakland CA 94607","Reserve 40 (1,000') NON-METERED parking space(s) in front of parcel only for dumpster, construction vehicle, moving van or storage pod. Post No-parking signs 72 hours prior in residential areas. No impact on traffic lane or sidewalk allowed, except as noted on TCP/X permit. NO-PARKING SIGNS SHALL PICKED UP BY APPLICANT AFTER PAYMENT TO ENFORCE PERMIT REQUIREMENT. To have illegally parked vehicle ticketed: Call 510-777-3333. Applicant arranges towing. Comply with terms set forth in CVC Section 22651 (m). For towed vehicle: Call 510-238-3021.Comply with all terms, conditions and restrictions stated in the Traffic Control Plan. Any/all changes need prior written approval. Provide original Traffic Control Plan at each renewal.MOBILE CRANE IN ROW06/05/2026: TCP GOOD FOR 06/11/2026, 9AM-4PM, PER T.CHUNGRequirement to deploy advanced changeable message signs at least 72 hours prior to lane closure warning drivers of the date, to expect delays, and to use alternate routes.06/08/2026: TCP GOOD FOR 06/22/2026, 9AM-4PM, PER T.CHUNG (date change, NC)",,
"06/05/2026","Permit Issued","RBC2601577","(RBC) - Building Residential Combo Alteration- 1 & 2 Unit Residential (Building)","2710 E 22ND ST, Oakland CA 94601","Replacing 2  existing windows using retrofit installation, 1 in bedroom and 1 for living room, install 2 nail -on sliding glass patio door in place of double doors at single family dwelling. DRX260655",,
"06/05/2026","Permit Issued","RBC2601576","(RBC) - Building Residential Combo Alteration- 1 & 2 Unit Residential (Building)","6689 EXETER DR, Oakland CA 94611","At existing SFD, replace existing exterior with boards and battens James Hardie siding on all house, 4,500sqft. No MEPs, no other exterior work. DRX260743",,
"06/05/2026","Plan Routing - Completed","B2601575","(B) - Building Alteration - 3+ Residential Units or Commercial (Building)","2930 LAKESHORE AVE, Oakland CA 94610","Interior tenant improvement of the 4th floor office space which includes demolition of non-bearing walls and new construction for conference, offices, break room, new ADA bathroom and storage spaces.  No work will be included for the existing stairwell and elevators.",,
"06/05/2026","Plan Routing - Completed","B2601574","(B) - Building Alteration - 3+ Residential Units or Commercial (Building)","1950 FRANKLIN ST, Oakland CA 94612","TI within existing multi floor office building on the 14th Floor: Work to included demolition of non-structural walls and build new non-structural partitions, add a break room kitchen, minor accessibility upgrades per plan. Separate mechanical, electrical and plumbing needed.",,
"06/05/2026","Plan Review In Progress","RBC2601573","(RBC) - Building Residential Combo Alteration- 1 & 2 Unit Residential (Building)","3117 13TH AVE, Oakland CA 94610","At existing duplex, legalize 893SF ADU conversion at lower level, consisting of 1 bedroom and 1 bathroom. Includes minor exterior modifications to front to add windows and entry door, and includes all related MEP's. DRX260119 and ADU260016. ADU to be addressed as 3117 13th Ave. To abate CE# 2503927",,
"06/05/2026","Permit Issued","RE2601394","(RE) - Electrical - 1 & 2 Unit Residential (Building)","807 56TH ST, 809, Oakland CA 94608","Remove and replace remaining knob and tube in home. Includes front porch light, entry light, living room light and receptacle, and dining room light.",,
"06/05/2026","In Review","X2600437","DOT - Excavation (X)","4343 BROOKDALE AVE, Oakland CA","OAK-JB2347823-C-SEG Perform splicing at (09) existing locations for Comcast services. Traffic Control = 02 Days. Ensure that environmental controls are in place to prevent dust/debris/wastewater from contaminating environment. If working within 15 feet of a monument you must comply with State Law 8771, contact the Inspector prior to starting excavation: minimum $5,800.00 fine for non-compliance. Comply with all terms of City of Oakland Public Works Standards, Street Excavation Rules, Revised August 2021 and City Council Ordinance No. 13300 C.M.S. Five days’ prior notice required for work lasting five days or less in business/commercial districts: 72-hours’ notice in residential districts. Ten days prior notice required for work lasting six days or more in all districts. SCHEDULE INSPECTION at least 48 hours in advance at: http://oaklanddot.com/projects/search.html """,,
"06/05/2026","On Hold - Field Check Pending","B2601572","(B) - Building Alteration - 3+ Residential Units or Commercial (Building)","1960 MANDELA PKWY, Bay 7, OAKLAND CA 94607","Complete B2302503 for Bay 7 consisting of: Commercial TI- No MEP's included.NEW SPECULATIVE MARKET READY PROJECT INCLUDING NEW OFFICES, CONFERENCEROOM, RESTROOMS, NEW PARTITIONS, DOORS, PLUMBING, CASEWORK, NEW SUSPENDEDCEILING SYSTEM WITH LED LIGHTING, NEW BREAK AREA AND FINISHES• NO CHANGE OF BUILDING USE• NO CHANGE TO EXISTING PARKING LAYOUT• NO CHANGE TO EXISTING LANDSCAPING• NO CHANGE TO EXISTING EXTERIOR SIGNAGE• NO NEW ROOFTOP UNITS• SELECTED DEMOLITION OF (E) NON-LOAD BEARING WALLS AND CEILING SYSTEM• NEW NON-LOAD BEARING, NON-RATED WALLS• NEW SUSPENDED ACOUSTIC CEILING SYSTEM• NEW LIGHTING• MODIFY EXISTING ELECTRICAL AND LIGHTING SYSTEMS• MODIFY EXISTING HVAC CONTROL AND DISTRIBUTION SYSTEMS INCLUDINGDUCTWORK, SUPPLY AND RETURN GRILLES, DIFFUSERS, ZONES, THERMOSTATS,ETC. AS REQUIRED FOR NEW LAYOUT.• NEW RESTROOMS, AND DRINKING FOUNTAINS.• NEW OFFICE, CONFERENCE AND BREAK ROOM.",,
"06/05/2026","In Review","X2600436","DOT - Excavation (X)","2599 35TH AVE, Oakland CA 94601","OAK-JB2347826-C-SEG  Perform splicing at (11) existing locations for Comcast services. Traffic Control = 2 Days.  Ensure that environmental controls are in place to prevent dust/debris/wastewater from contaminating environment. If working within 15 feet of a monument you must comply with State Law 8771, contact the Inspector prior to starting excavation: minimum $5,800.00 fine for non-compliance. Comply with all terms of City of Oakland Public Works Standards, Street Excavation Rules, Revised August 2021 and City Council Ordinance No. 13300 C.M.S. Five days’ prior notice required for work lasting five days or less in business/commercial districts: 72-hours’ notice in residential districts. Ten days prior notice required for work lasting six days or more in all districts. SCHEDULE INSPECTION at least 48 hours in advance at: http://oaklanddot.com/projects/search.html """,,
"06/05/2026","On Hold - Field Check Pending","RB2601571","Residential Building - Demolition","80 41ST ST, Oakland CA 94611","At existing SFD, demolition of entire 1,440SF building structure made of wood built circa 1904. DS260153",,
"06/05/2026","In Review","X2600435","DOT - Excavation (X)","6301 PINEHAVEN RD, Oakland CA 94611","Mastec PM OAK-JB2347736-C-SEG Perform splicing at (15) existing locations for Comcast services. Traffic Control = 3 Days.  Ensure that environmental controls are in place to prevent dust/debris/wastewater from contaminating environment. If working within 15 feet of a monument you must comply with State Law 8771, contact the Inspector prior to starting excavation: minimum $5,800.00 fine for non-compliance. Comply with all terms of City of Oakland Public Works Standards, Street Excavation Rules, Revised August 2021 and City Council Ordinance No. 13300 C.M.S. Five days’ prior notice required for work lasting five days or less in business/commercial districts: 72-hours’ notice in residential districts. Ten days prior notice required for work lasting six days or more in all districts. Schedule INSPECTION at least 48 hours in advance at: http://oaklanddot.com/projects/search.html """,,
"06/05/2026","On Hold - Field Check Pending","B2601570","(B) - Building Alteration - 3+ Residential Units or Commercial (Building)","1960 MANDELA PKWY, Bay 5, OAKLAND CA 94607","Complete B2302488 for Bay 5 consisting of: Commercial TI- No MEP's included.NEW SPECULATIVE MARKET READY PROJECT INCLUDING NEW OFFICES, CONFERENCEROOM, RESTROOMS, NEW PARTITIONS, DOORS, PLUMBING, CASEWORK, NEW SUSPENDEDCEILING SYSTEM WITH LED LIGHTING, NEW BREAK AREA AND FINISHES• NO CHANGE OF BUILDING USE• NO CHANGE TO EXISTING PARKING LAYOUT• NO CHANGE TO EXISTING LANDSCAPING• NO CHANGE TO EXISTING EXTERIOR SIGNAGE• NO NEW ROOFTOP UNITS• SELECTED DEMOLITION OF (E) NON-LOAD BEARING WALLS AND CEILING SYSTEM• NEW NON-LOAD BEARING, NON-RATED WALLS• NEW SUSPENDED ACOUSTIC CEILING SYSTEM• NEW LIGHTING• MODIFY EXISTING ELECTRICAL AND LIGHTING SYSTEMS• MODIFY EXISTING HVAC CONTROL AND DISTRIBUTION SYSTEMS INCLUDINGDUCTWORK, SUPPLY AND RETURN GRILLES, DIFFUSERS, ZONES, THERMOSTATS,ETC. AS REQUIRED FOR NEW LAYOUT.• NEW RESTROOMS, AND DRINKING FOUNTAINS.• NEW OFFICE, CONFERENCE AND BREAK ROOM.",,
"06/05/2026","Plan Review In Progress","B2601569","(B) - Building Alteration - 3+ Residential Units or Commercial (Building)","2300 PELHAM PL, Oakland CA 94611","Telecom - Installation of new small cell wireless facility attached to wood utility pole in the public ROW. DRX260726",,
"06/05/2026","In Review","X2600434","DOT - Excavation (X)","2704 E 22ND ST, Oakland CA 94601","Mastec PM OAK-JB2347740-C-SEG Perform Splicing at (09) Existing Locations for Comcast services.  Traffic Control = 2 Days.  Ensure that environmental controls are in place to prevent dust/debris/wastewater from contaminating environment. If working within 15 feet of a monument you must comply with State Law 8771, contact the Inspector prior to starting excavation: minimum $5,800.00 fine for non-compliance. Comply with all terms of City of Oakland Public Works Standards, Street Excavation Rules, Revised August 2021 and City Council Ordinance No. 13300 C.M.S. Five days’ prior notice required for work lasting five days or less in business/commercial districts: 72-hours’ notice in residential districts. Ten days prior notice required for work lasting six days or more in all districts. Schedule INSPECTION at least 48 hours in advance at: http://oaklanddot.com/projects/search.html """,,
"06/05/2026","Plan Review In Progress","B2601568","(B) - Building Alteration - 3+ Residential Units or Commercial (Building)","0 CASTLE DR, Oakland CA 94603","Telecom - Modification of existing small cell wireless facility attached to wood utility pole in the public ROW. DRX260612",,
"06/05/2026","On Hold - Fee Due","RBC2601567","(RBC) New Construction - Single Family, Duplex or Accessory Structures","407 42ND ST, Oakland CA 94609","New 799 sqft detached ADU consisting of 2 bedrooms/1.5 bathrooms at right of duplex. MEP included. Proposed address is 407 42ND ST. Demo permit under RB2601492. ADU260089.",,
"06/05/2026","Ready to Issue - Fee Due","X2600433","DOT - Excavation (X)","1730 10TH AVE, Oakland CA 94606","PG&E PM 35740729; Permit for restoration from after the fact emergency pole replacement, next to old. 35740729.  Ensure that environmental controls are in place to prevent dust/debris/wastewater from contaminating environment. If working within 15 feet of a monument you must comply with State Law 8771, contact the Inspector prior to starting excavation: minimum $5,800.00 fine for non-compliance. Comply with all terms of City of Oakland Public Works Standards, Street Excavation Rules, Revised August 2021 and City Council Ordinance No. 13300 C.M.S. Five days’ prior notice required for work lasting five days or less in business/commercial districts: 72-hours’ notice in residential districts. Ten days prior notice required for work lasting six days or more in all districts. Schedule INSPECTION at least 48 hours in advance at: http://oaklanddot.com/projects/search.html """,,
"06/05/2026","In Review","X2600432","DOT - Excavation (X)","3545 HARRISON ST, Oakland CA 94611","Mastec PM OAK-JB2353598-C-SEG Perform splicing at (13) existing locations for Comcast services.  Traffic Control = 2 Days.  Ensure that environmental controls are in place to prevent dust/debris/wastewater from contaminating environment. If working within 15 feet of a monument you must comply with State Law 8771, contact the Inspector prior to starting excavation: minimum $5,800.00 fine for non-compliance. Comply with all terms of City of Oakland Public Works Standards, Street Excavation Rules, Revised August 2021 and City Council Ordinance No. 13300 C.M.S. Five days’ prior notice required for work lasting five days or less in business/commercial districts: 72-hours’ notice in residential districts. Ten days prior notice required for work lasting six days or more in all districts. Schedule INSPECTION at least 48 hours in advance at: http://oaklanddot.com/projects/search.html """,,
"06/05/2026","Plan Routing - Completed","B2601566","(B) - Building Alteration - 3+ Residential Units or Commercial (Building)","1417 ADELINE ST, Oakland CA 94607","Verizon wireless proposes to modify an existing wireless communication site on a steel pg&e light pole in the public right-of-way.Scope:· remove (3) existing panel antennas· install (3) new 5g antenna/radios on side of pole· cabling to be installed in a tight neat manner without excess cable loops· all Verizon wireless added appurtenances shall be filmed to match pole color  (ral 5020 - teal green, or equivalent) (3m wrapped)",,
"06/05/2026","Issued","B2601565","(B) - Building Alteration - 3+ Residential Units or Commercial (Building)","464 41ST ST, Oakland CA 94609","At existing multi-family dwelling: Replacement of exterior stairs & framing at rear of building per plans. DRX260724",,
"06/05/2026","In Review","X2600431","DOT - Excavation (X)","530 45TH ST, Oakland CA 94609","Mastec PM OAK-JB2371935-C-SEGOverpull approx. 1,454'± of fiber in existing conduit, 7 existing vaults, 1 existing node ped, 6 B48 vaults with lid, overlash approx. 124'± in new aerial thru 2 existing poles & perform splice at (30) existing locations for Comcast services. Traffic Control = 8 Days.  Ensure that environmental controls are in place to prevent dust/debris/wastewater from contaminating environment. If working within 15 feet of a monument you must comply with State Law 8771, contact the Inspector prior to starting excavation: minimum $5,800.00 fine for non-compliance. Comply with all terms of City of Oakland Public Works Standards, Street Excavation Rules, Revised August 2021 and City Council Ordinance No. 13300 C.M.S. Five days’ prior notice required for work lasting five days or less in business/commercial districts: 72-hours’ notice in residential districts. Ten days prior notice required for work lasting six days or more in all districts. Schedule INSPECTION at least 48 hours in advance at: http://oaklanddot.com/projects/search.html """,,
"06/05/2026","In Review","X2600430","DOT - Excavation (X)","8383 CAPWELL DR, Oakland CA 94621","PG&E PM 35645006- PG&E to replace joint pole, remove OH service, remove OH transformer, install riser, disconnects, fault indicators, UG primary, and trim/remove vegetation.  Ensure that environmental controls are in place to prevent dust/debris/wastewater from contaminating environment. If working within 15 feet of a monument you must comply with State Law 8771, contact the Inspector prior to starting excavation: minimum $5,800.00 fine for non-compliance. Comply with all terms of City of Oakland Public Works Standards, Street Excavation Rules, Revised August 2021 and City Council Ordinance No. 13300 C.M.S. Five days’ prior notice required for work lasting five days or less in business/commercial districts: 72-hours’ notice in residential districts. Ten days prior notice required for work lasting six days or more in all districts. Schedule INSPECTION at least 48 hours in advance at: http://oaklanddot.com/projects/search.html """,,
"06/05/2026","AMR Approved","AMR2600055","Residential Alternate Method Request","7475 SKYLINE BLVD, Oakland CA 94611","New SFD without PG&E electrical grid connection",,
"06/05/2026","In Review","X2600429","DOT - Excavation (X)","4411 FOOTHILL BLVD, Oakland CA 94601","Mastec PM OAK-JB2443243-C-SEGOverlash approx. 405'± of aerial fiber in thru (05) existing poles & perform splicing at (17) existing locations for comcast services. Traffic Control = 04 Days.  Ensure that environmental controls are in place to prevent dust/debris/wastewater from contaminating environment. If working within 15 feet of a monument you must comply with State Law 8771, contact the Inspector prior to starting excavation: minimum $5,800.00 fine for non-compliance. Comply with all terms of City of Oakland Public Works Standards, Street Excavation Rules, Revised August 2021 and City Council Ordinance No. 13300 C.M.S. Five days’ prior notice required for work lasting five days or less in business/commercial districts: 72-hours’ notice in residential districts. Ten days prior notice required for work lasting six days or more in all districts. Schedule INSPECTION at least 48 hours in advance at: http://oaklanddot.com/projects/search.html """,,
"06/05/2026","On Hold - Field Check Pending","RBC2601564","(RBC) - Building Residential Combo Alteration- 1 & 2 Unit Residential (Building)","6391 HEATHER RIDGE WY, Oakland CA 94611","Completion permit for RBC2202413 & RBC2204471.RBC2202413 - To replace existing foundation of 2-story SFD. No MEPs included.  JULY 14TH, 2023 REVISION 1:  CHANGE FROM USING CITY STD. DETAIL FOR PERIMETER FOUNDATION TO THE ENGINEERED RETAINING WALLS & PIERS SYSTEM FOUNDATION.RBC2204471 - At SFD, 610 sf of additions and interior and exterior alteration - Scope includes an upper-level rear deck expansion, removal/ relocation of interior, exterior walls to extend living room, bathroom and remodel kitchen. At lower level, excavate 2'-6"" and lower the (E) floor to create (3) bedrooms, (2) bathrooms, hallway, laundry, and interior stairs. Includes MEP  DS220230Revision 1: Structural plans: retaining wall instead of peers were installed.  6' maximum wall height above grade.  9/26/2025",,
"06/05/2026","Issued","B2601563","(B) - Building Alteration - 3+ Residential Units or Commercial (Building)","720 CANYON OAKS DR, UNIT A, Oakland CA 94605","At residential condo Unit A: Like for like kitchen remodel, convert a full-size wall (non-load bearing) to a pony wall.  Replace cabinets, dishwasher, refrigerator, ceiling light, counters, range and sink. Install new finishes. Like for like bathroom remodel. Convert tub to walk in shower. replace medicine cabinet, vanity cabinet, sink, tile and accessories. Related mechanical, electrical, and plumbing requires separate permits.",,
"06/05/2026","Pending - Incomplete","BW26001736","(BW) - Building Worksheet (Building)","2901 SEMINARY AVE, Oakland CA 94605","At Single Family Dwelling - Repair vehicle damage at front entry. Retrofit Windows, Include kitchen remodel, Dry-rot repair and replacement of drywall in kitchen and living room as needed. Install new electrical wiring, outlets, switches, and fixtures as needed repair or replace plumbing lines and fixtures as needed repair damage exterior stucco matching existing texture and finish. To abate CE2407303",,
"06/04/2026","Permit Issued","RE2601381","(RE) - Electrical - 1 & 2 Unit Residential (Building)","6025 ROCKRIDGE BLVD, Oakland CA 94618","New Installation of 50 amp circuit for Level 2 EV Charger installed approximately 5ft from 200 amp main panel on the exterior wall.",,
"06/04/2026","Permit Issued","RE2601379","(RE) - Electrical - 1 & 2 Unit Residential (Building)","4131 CULVER ST, Oakland CA 94619","rewire for the bedroom, living room and dining room around 20 outlets",,
"06/04/2026","Inspections - In Progress","SL2601097","(SL) - Sewer Lateral (OPW)","747 52ND ST, Oakland CA 94609","Sewer Lateral: Abandonment of lateral L1.1 (25ft in length). Repair/replace building sewer ON PROPERTY ONLY. SL & X required beyond PL. Overflow device may be needed. If working within 25' feet of a monument you must comply with State Law 8771, contact the Inspector prior to starting excavation: minimum $5,800.00 fine for non-compliance. USA # and date must be provided in order to have a permit issued. Permit valid for 90 days. If the work is to be performed on a designated “Creekside Property” the work will require a “Creek Protection Permit”. If the property is not currently flagged in Accela as a “Creekside Property” but work will be performed within 100’ of a creek channel, a “Creek Determination” should be conducted to determine if the work is subject to the Creek Protection Ordinance.  Call PWA INSPECTION prior to start: 510-238-3651 or email PWA_inspections@oaklandca.gov USA # 2026-0504-024-99-000",,
"06/04/2026","Permit Issued","SEA2600514","SolarApp+ (For roof mounted residential solar projects not exceeding 38.4kw total done with SolarApp+- contractor use)","1145 62ND AVE, Oakland CA 94621","7.2 KW DC (16) Panels Roof Mount PV system with (1) ESS.",,
"06/04/2026","Permit Issued","LBP2600101","(LBP) - Lead Based Paint (Building)","977 61ST ST, Oakland CA 94608","Remove any loose lead base paint, clean and apply primer.  Work and complete sections defined by single scaffolding section.  Finished paint surface applied post renovation / remodel.",,
"06/04/2026","Complete","BW26001723","(BW) - Building Worksheet (Building)","200 FAIRMOUNT AVE, Oakland CA 94611","Repair in Kind fire damage at 6 units located on 250 Fairmont AvenueUnits 112, 116, 214, 218, 314 & 318 to abate Code enforcement CE#2602135",,
"06/04/2026","Pending - Incomplete","BW26001728","(BW) - Building Worksheet (Building)","6670 SOBRANTE RD, Oakland CA 94611","MASTER BATHROOM REMODELWindow alterations",,
"06/04/2026","Permit Issued","RBC2601561","(RBC) - Building Residential Combo Alteration- 1 & 2 Unit Residential (Building)","4063 NORTON AVE, Oakland CA 94602","REPLACE 2 BEDROOM WINDOWS WITH RETROFIT VINYL WINDOWS.",,
"06/04/2026","Permit Issued","LBP2600098","(LBP) - Lead Based Paint (Building)","1414 10TH ST, Oakland CA","Full exterior of a single family building with presumed lead based paint . Scraping loose paint, minor repairs, priming and repainting exterior surfaces.",,
"06/04/2026","Permit Issued","RE2601387","(RE) - Electrical - 1 & 2 Unit Residential (Building)","3695 35TH AVE, Oakland CA 94619","125AMP SUB PANEL CHANGE OUT IN GARAGE, SUB FEED",,
"06/04/2026","Pending - Incomplete","BW26001727","(BW) - Building Worksheet (Building)","353 CRESTMONT DR, Oakland CA 94619","Add Half bath",,
"06/04/2026","Complete","BW26001712","(BW) - Building Worksheet (Building)","469 40TH ST, Oakland CA 94609","Revision to Building Permits B2600629 due to field conditions.  No change in construction valuation.",,
"06/04/2026",,"26TMP-027246","(BW) - Building Worksheet (Building)","2883 Brookdale AVE, Oakland CA 94602 United States","Legalize 2 unpermitted structures on the parcial as 2 ADUs",,
"06/04/2026","Final","CGS2601358","DOT - Curb Gutter Sidewalk Provisional Certificate","4086 LAGUNA AVE, Oakland CA 94602",,,
"06/04/2026","Permit Issued","CGS2601356","DOT - Curb Gutter Sidewalk Standard Compliance Certificate","940 37TH ST, Oakland CA 94608",,,
"06/04/2026","Complete","BW26001713","(BW) - Building Worksheet (Building)","1950 FRANKLIN ST, Oakland CA 94612","T.I. - At existing commercial building on the 1st, 5th, 6th, 7th, and 8th floors, perform tenant improvements to a total of 48,867 square feet. The scope of work includes demolition of existing partition walls, ceilings, and MEP systems, followed by construction of a new VA Outpatient Clinic in accordance with the submitted construction drawing set. Separate mechanical, electrical, and plumbing permits required. No exterior work.",,
"06/04/2026","Complete","BW26001714","(BW) - Building Worksheet (Building)","2927 SEMINARY AVE, Oakland CA 94605","kitchen remodel and bathroom replace 12 windows to abate CE260 with SWO",,
"06/04/2026","On Hold","SE2600511","Solar Permit (For commercial projects, residential projects not eligible for SolarApp+, or owner/builder or contractor use)","4215 GREGORY ST, Oakland CA 94619","Removal and Reinstall of 30 existing solar panels. (No additional/new equipment will be installed) Please note that the removal and reinstallation is for reroofing purposes only. All equipment shall be reinstalled in the same manner as it was prior to removal.",,
"06/04/2026","Inspections - In Progress","SL2601099","(SL) - Sewer Lateral (OPW)","1125 54TH ST, Oakland CA 94608","Repair/replace sewer lateral and EXCAVATE in PUBLIC RIGHT-OF-WAY. An overflow device may be needed.  If working within 25' feet of a monument you must comply with State Law 8771, contact the Inspector prior to starting excavation: minimum $5,800.00 fine for non-compliance. Comply with all terms of City of Oakland Public Works Standards, Street Excavation Rules, Revised March 2015 and City Council Ordinance No. 13300 C.M.S. Five days prior notice required for work lasting five days or less in business/commercial districts: 72 hour notice in residential districts. Ten days prior notice required for work lasting six days or more in all districts. USA # and date must be provided in order to have a permit issued. Permit valid 90 days. If the work is to be performed on a designated “Creekside Property” the work will require a “Creek Protection Permit”. If the property is not currently flagged in Accela as a “Creekside Property” but work will be performed within 100’ of a creek channel, a “Creek Determination” should be conducted to determine if the work is subject to the Creek Protection Ordinance.  Call PWA INSPECTION prior to start: 510-238-3651 or email PWA_inspections@oaklandca.gov. USA # 2026021001345000",,
"06/04/2026","Pending - Incomplete","BW26001731","(BW) - Building Worksheet (Building)","8019 GREENRIDGE DR, Oakland CA 94605","•	Address soft story condition of both buildings with two garages each (4 total). One building has a 5 feet height crawl space soft story behind the garage. Second building has a unit conversion soft story behind the garage. Entire ground levels of both buildings need to be strengthened. Back areas of the two buildings are different.•	Related seismic strengthening design, shearwalls, collectors and steel moment frames.•	Related localized foundation work.",,
"06/04/2026","Permit Issued","RE2601382","(RE) - Electrical - 1 & 2 Unit Residential (Building)","910 60TH ST, Oakland CA 94608","meter upgrade from 100A to 200A",,
"06/04/2026","Permit Issued","CGS2601351","DOT - Curb Gutter Sidewalk Exemption Certificate","6281 ASPINWALL RD, Oakland CA 94611",,,
"06/04/2026","Completed Cert Received","R2600705","(R) - ReRoof Certificate (Building)","4209 REINHARDT DR, Oakland CA 94619","We shall tear off the old roof down to the sheathing board, install new underlayment, new sheet metal roof accessories and new shingles.",,
"06/04/2026","Complete","BW26001720","(BW) - Building Worksheet (Building)","1049 55TH ST, Oakland CA 94608","Replace window like for likeReplace plaster on wall where window is with drywall Prime and paint walls and Paint floors",,
"06/04/2026","Inspections - In Progress","SL2601100","(SL) - Sewer Lateral (OPW)","0 ESTATES DR, Oakland CA 94603","Sewer Lateral and Excavation: Replacing the lateral from the building to the city main located on Wood Dr. Testing for compliance. This is a DUPLICATE permit as the first permit expired (SL2500813). There are inspections notes associated with the first permit that will help with this seconded permit.Repair/replace sewer lateral and EXCAVATE in PUBLIC RIGHT-OF-WAY. Overflow device may be needed.  If working within 25' feet of a monument you must comply with State Law 8771, contact the Inspector prior to starting excavation: minimum $5,800.00 fine for non-compliance. Comply with all terms of City of Oakland Public Works Standards, Street Excavation Rules, Revised March 2015 and City Council Ordinance No. 13300 C.M.S. Five days prior notice required for work lasting five days or less in business/commercial districts; 72 hour notice in residential districts. Ten days prior notice required for work lasting six days or more in all districts. USA # and date must be provided in order to have a permit issued. Permit valid 90 days. If the work is to be performed on a designated “Creekside Property” the work will require a “Creek Protection Permit”. If the property is not currently flagged in Accela as a “Creekside Property” but work will be performed within 100’ of a creek channel, a “Creek Determination” should be conducted to determine if the work is subject to the Creek Protection Ordinance.  Call PWA INSPECTION prior to start: 510-238-3651 or email PWA_inspections@oaklandca.gov. USA # 2025-0507-0515-000",,
"06/04/2026","Complete","BW26001725","(BW) - Building Worksheet (Building)","1087 AILEEN ST, Oakland CA 94608","1. REDO THE FRONT DECK SURFACE MATERIAL, ADD; WATERPROOFING MATERIAL ON THE FRONT BALCONY SURFACE.; 2. REPLACE ONE WOODEN STAIRCASE TREAD SURFACE MATERIAL ON THE REAR DECKING; 3. SHOW A DETAIL: IF THE DECK JOIST OF THE FRONT BALCONY; BECOMES ROTTEN, USE THE SISTER JOIST DETAIL",,
"06/04/2026","Pending - Incomplete","BW26001719","(BW) - Building Worksheet (Building)","1595 76TH AVE, Oakland CA 94621","The installed windows will be inspected. The water service entrance has been replaced—formerly galvanized, it is now copper. The concrete area was expanded and must be demolished; the space must be reconfigured to consist of 50% concrete and 50% green space (mulch). Additionally, the fencing must be lowered to a height of 42 inches.",,
"06/04/2026",,"26TMP-027098","(RP) Plumbing - 1 & 2 Unit Residential (Building)","2451 89TH AVE, Oakland CA 94605","Replace tank water heater 50 gallons",,
"06/04/2026","Permit Issued","CGS2601363","DOT - Curb Gutter Sidewalk Exemption Certificate","4827 TRINIDAD AVE, Oakland CA 94602",,,
"06/04/2026","Complete","BW26001726","(BW) - Building Worksheet (Building)","4611 SHATTUCK AVE, Oakland CA 94609","Voluntary seismic strengthening of the existing two-story single-family residence at 4611 Shattuck Avenue. Work is limited to structural strengthening at the existing storage level below the occupied residential floor. The scope includes installation of new plywood shear wall sheathing, anchor bolts, holdowns, shear clips, blocking, straps, and related framing/post/header reinforcement as shown on the structural plans. No exterior changes are proposed.The existing building is Type V wood-frame construction, R-3 occupancy, consisting of one story of residential occupancy over a storage level. The approximate area of work is the existing storage/foundation level, approximately 725 sq. ft. per the structural calculations.The applicant would like to apply for the City of Oakland’s $250 Permit Retrofit Fee Program for voluntary seismic strengthening.The structure was built before 1978; however, the proposed work is limited to unpainted interior/storage-level framing and foundation areas. No painted interior or exterior surfaces are proposed to be disturbed. If field conditions require disturbance of painted surfaces, the contractor shall follow applicable lead-safe work practices and obtain any required lead/paint permits or approvals.",,
"06/04/2026","Pending - Incomplete","BW26001729","(BW) - Building Worksheet (Building)","1000 22ND AVE, Oakland CA 94606","Replacing a single door within an existing opening to a larger door with panic hardware. No change to masonry",,
"06/04/2026","Permit Issued","M2600713","(M) - Mechanical - 3+ Residential Units or Commercial (Building)","300 LAKESIDE DR, Concord CA 94612 United States","Tenant improvement HVAC work including installation of forced convector units, associated ductwork, hydronic piping, controls, and air distribution devices per approved plans.",,
"06/04/2026",,"26TMP-025773","(BW) - Building Worksheet (Building)","0 foothill blvd, oakland CA 94605 United States","Site drainage and rough grading.",,
"06/04/2026","Complete","BW26001722","(BW) - Building Worksheet (Building)","6080 MARGARIDO DR, Oakland CA 94618","New scope of work: Replace 2 retrofit windows",,
"06/04/2026","Permit Issued","RE2601380","(RE) - Electrical - 1 & 2 Unit Residential (Building)","3860 GREENWOOD AVE, Oakland CA 94602","Main Panel Upgrade, 100A to 200A",,
"06/04/2026",,"26TMP-027207","(E) - Electrical - 3+ Residential Units or Commercial (Building)","466 CRESCENT ST, Oakland CA 94610","Installation of level 2 EV charger with load management device.",,
"06/04/2026","Permit Issued","RE2601388","(RE) - Electrical - 1 & 2 Unit Residential (Building)","4776 BELFAST AVE, Oakland CA 94619","removing all knob and tube wiring and replacing (via fishing) with Romex",,
"06/04/2026","Certificate Issued","R2600706","(R) - ReRoof Certificate (Building)","1004 MAGNOLIA ST, Oakland CA 94607","Tear off roof and install GAF Reflector Series shingles.",,
"06/04/2026","Intake-On Hold","RBC2601562","(RBC) - Building Residential Combo Alteration- 1 & 2 Unit Residential (Building)","1316 94TH AVE, Oakland CA 94603","The window had been replace",,
"06/04/2026","Permit Issued","CGS2601362","DOT - Curb Gutter Sidewalk Standard Compliance Certificate","3903 RUBY ST, Oakland CA 94609",,,
"06/04/2026","Pending - Incomplete","BW26001721","(BW) - Building Worksheet (Building)","311 OAK ST, UNIT PH5, OAKLAND CA 94607","Demolish existing non-structural accent wall in closet area. Construct new non-bearing wall. Install (2) new tempered vinyl windows, insulation, drywall, prehung door, and (3) new electrical outlets. Tape, texture, prime and paint new wall area. Replace existing sliding door.",,
"06/04/2026","Permit Issued","RE2601386","(RE) - Electrical - 1 & 2 Unit Residential (Building)","5707 SCARBOROUGH DR, Oakland CA 94611","2,148 sq. ft. single-family dwelling. Existing 100A service is being upgraded to 200A to support existing electrical loads  Scope includes replacement of meter-main panel, service conductors, grounding and bonding upgrades, circuit identification, testing, final inspection approval, and PG&E disconnect/reconnect coordination.",,
"06/04/2026","Permit Issued","RE2601389","(RE) - Electrical - 1 & 2 Unit Residential (Building)","851 ALMA PL, Oakland CA 94610","-Sub-Panel Replacement -New Service Wire Rated at 100A-Hardwires Smoke Alarms -New Recess Lights in Living-Room-New 120v Circuit and New Wiring for Front and Back Receptacle Outlets -New 120v Circuit and New Wiring for 6 Existing Receptacle Outlets in Living Room -New 120v Circuit and New Wiring for 3 Existing Receptacle Outlets in Dinning Room-6 New 120v Circuit for Kitchen and New wiring for Exiting Counter Tops Outlets -New 240v Circuit for Oven -New 120v Circuit and New Wiring for 2 Existing Receptacle Outlets in Back Bedroom-New 120v Circuit for Lower and Upper Bathroom GFCI-New 120v Circuit and New Wiring for 4 Existing Receptacle Outlets in Family Room/Tv Room-New 120v Circuit and New Wiring for 5 Existing Receptacle Outlets in Bedroom 2-New 120v Circuit and New Wiring for 5 Existing Receptacle Outlets in Bedroom 3-New 120v Circuit and New Wiring for 5 Existing Receptacle Outlets in Bedroom 4-New Wiring for 2 Existing Receptacle Outlet in Hallway-New 120v Circuit and New Wiring for 6 Existing Receptacle Outlets in Primary Bedroom-New 120v Circuit for Dryer-New 120v Circuit for Washer -2 New 120v Circuit for Lighting -New Wiring for Existing Wall Switches and Ceiling Lights in the Following Locations:Entry, Porch, Living Room, Kitchen, Hallway, Exterior Light and Wall Switch, Lower and Upper Stairway, Dinning Room, Family Room, Bathroom, Bedrooms, Closets, Laundry and Smaller Bedroom",,
"06/04/2026","Final","RP2600744","(RP) Plumbing - 1 & 2 Unit Residential (Building)","3814 LINCOLN AVE, Oakland CA 94602","water main line replacement, hot and cold water lines repiping for 2 bathrooms, one kitchen, one cloth washer, and water heater, includes remove and replace all existing galvanized pipes and install new copper pipes for hot and cold water lines.",,
"06/04/2026","Inspections - In Progress","SL2601101","(SL) - Sewer Lateral (OPW)","3228 PRENTISS ST, Oakland CA 94601","Repair/replace sewer lateral and EXCAVATE in PUBLIC RIGHT-OF-WAY. Overflow device may be needed.  If working within 25' feet of a monument you must comply with State Law 8771, contact the Inspector prior to starting excavation: minimum $5,800.00 fine for non-compliance. Comply with all terms of City of Oakland Public Works Standards, Street Excavation Rules, Revised March 2015 and City Council Ordinance No. 13300 C.M.S. Five days prior notice required for work lasting five days or less in business/commercial districts; 72 hour notice in residential districts. Ten days prior notice required for work lasting six days or more in all districts. USA # and date must be provided in order to have a permit issued. Permit valid 90 days. If the work is to be performed on a designated “Creekside Property” the work will require a “Creek Protection Permit”. If the property is not currently flagged in Accela as a “Creekside Property” but work will be performed within 100’ of a creek channel, a “Creek Determination” should be conducted to determine if the work is subject to the Creek Protection Ordinance.  Call PWA INSPECTION prior to start: 510-238-3651 or email PWA_inspections@oaklandca.gov.",,
"06/04/2026","Permit Issued","CGS2601357","DOT - Curb Gutter Sidewalk Provisional Certificate","6677 BRANN ST, Oakland CA 94605",,,
"06/04/2026","Ready to Issue - Fee Due","SL2601098","(SL) - Sewer Lateral (OPW)","2258 E 17TH ST, Oakland CA 94606","Roto-Rooter will perform a pipe burst approx. 150ft from cleanout to city main under concrete. To start we will dig 3 pits, 1 at cleanout approx. 1.5ft inn depth. Second pit 48ft downstream, and third pit in the street at city main. Once the working area is prepared Roto-Rooter will begin the pipe burst feeding 4' HDPE SDR 17 pipe dismantling the current clay pipe leaving it in the ground as the new pipe takes its place.",,
"06/04/2026","Certificate Issued","R2600702","(R) - ReRoof Certificate (Building)","5408 LAWTON AVE, Oakland CA 94618","Install Owens Corning TruDefinition® DURATION® COOL SHINGLES 22 SQ",,
"06/04/2026","Certificate Issued","R2600701","(R) - ReRoof Certificate (Building)","3370 BRUNELL DR, Oakland CA 94602","Install Owens Corning TruDefinition® Duration® COOL  shingles  17 SQ",,
"06/04/2026","Pending - Incomplete","BW26001724","(BW) - Building Worksheet (Building)","3300 KEMPTON AVE, Oakland CA 94611","Deck repairs like for like",,
"06/04/2026","Pending - Incomplete","BW26001734","(BW) - Building Worksheet (Building)","1158 INTERNATIONAL BLVD, Oakland CA 94606","build a metal workshop at vacant lot",,
"06/04/2026","Complete","BW26001730","(BW) - Building Worksheet (Building)","6456 HILLEGASS AVE, Oakland CA 94618","1. Demolish carport/storage room and remove windows as indicated on plans, 2. First floor 72 sf. addition consisting of garage under new 258 sf. second floor addition containing a bedroom, bath, and uncovered 118 sf. terrace deck, 3. New bay window projection, wood windows, entry door awnings, and cedar shingle siding., 4. Misc interior alterations to include kitchen and bath remodels.",,
"06/04/2026","Permit Issued","RE2601383","(RE) - Electrical - 1 & 2 Unit Residential (Building)","182 7TH ST, Oakland CA 94607","upgrade 200A main",,
"06/04/2026","Final","RM2600714","(RM) - Mechanical - 1 & 2 Unit Residential (Building)","9931 DANTE AVE, Oakland CA 94603","REPLACE REMOVE EXISTING FAU WITH 40,000 BTU FURNACE , WILL RELOCATE FURNACE TO ATTIC  SPACE.",,
"06/04/2026","Void","X2600426","DOT - Excavation (X)","5813 AVENAL AVE, Oakland CA 94605","Encroach approximately 20 feet through sidewalk and street to open trench for emergency sewer lateral replacement. Trench will be 20Lx3'Wx5'D from property line to the street. Traffic control will be provided. Backfill and restore to code.",,
"06/04/2026","Permit Issued","CGS2601360","DOT - Curb Gutter Sidewalk Provisional Certificate","857 PARAMOUNT RD, Oakland CA 94610",,,
"06/04/2026","Permit Issued","LBP2600100","(LBP) - Lead Based Paint (Building)","241 29TH ST, Oakland CA 94611","remove lead containing stucco from exterior of building",,
"06/04/2026","Certificate Issued","R2600704","(R) - ReRoof Certificate (Building)","2001 DRAKE DR, Oakland CA 94611","Remove current roof and install a new CertainTeed Landmark Solaris PRO Cool Roof",,
"06/04/2026","Permit Issued","RE2601384","(RE) - Electrical - 1 & 2 Unit Residential (Building)","2939 57TH AVE, Oakland CA 94605","100-200 AMP MAIN PANEL UPGRADE OVERHEAD, TO BE LOCATED ON EXTERIOR RIGHT SIDE OF HOME (TO MEET GREENBOOK CLEARENCES)FULL HOUSE REWIRE125 FEEDER LINE INSTALLATION50 AMP SUBPANEL REPLACEMENT, TO BE LOCATED ON INTERIOR WALL OF GARAGE 125 AMP SUBPANEL REPLACEMENT, TO BE LOCATED ON INTERIOR WALL HOME",,
"06/04/2026","Permit Issued","CGS2601355","DOT - Curb Gutter Sidewalk Standard Compliance Certificate","965 ARLINGTON AVE, Oakland CA 94608",,,
"06/04/2026","Intake-On Hold","RBC2601555","(RBC) - Building Residential Combo Alteration- 1 & 2 Unit Residential (Building)","1493 76TH AVE, Oakland CA 94621","Legalization of previously completed window replacement work. No structural changes proposed",,
"06/04/2026","Certificate Issued","R2600703","(R) - ReRoof Certificate (Building)","6916 SHEPHERD CANYON RD, Oakland CA 94611","20 squares shingle re-roof color: Amber CRRC: 0890-0009",,
"06/04/2026","Assigned","BW26001716","(BW) - Building Worksheet (Building)","155 GRAND AVE, 702, Oakland CA 94612","COMMERCIAL TENANT IMPROVEMENT PROJECT. EXPANSION OF AN EXISTING OCCUPIED SUITE. SCOPE INDCLUDES SELECTIVE DEMOLITION AND CONSTRUCTION OF NON-STRUCTURALPARTITIONS, CEILINGS, DOORS, AND FINISHES.NO CHANGE IN OCCUPANCY, USE, OR FLOOR AREA.NO STRUCTURAL WORK.",,
"06/04/2026","Complete","BW26001732","(BW) - Building Worksheet (Building)","6109 HILLMONT DR, Oakland CA 94605","Storage Shed in the rear yard of 6109 Hillmont Drive. Single story storage shed maximum height 14'-9"" measuring 20' x 30' approximately 581 sq ft. Conc foundation with wood framing.",,
"06/04/2026","Final","E2601377","(E) - Electrical - 3+ Residential Units or Commercial (Building)","1428 MADISON ST, Oakland CA 94612","REPLACE EXISTING DISCONECT 100A 240V 3-PH WITH FUSE 80A 250V",,
"06/04/2026","Certificate Issued","R2600700","(R) - ReRoof Certificate (Building)","4208 LINCOLN AVE, Oakland CA 94602","Remove current roof and install a new Presidential Solaris Cool Roof",,
"06/04/2026","Permit Issued","SEA2600512","SolarApp+ (For roof mounted residential solar projects not exceeding 38.4kw total done with SolarApp+- contractor use)","188 BEECHWOOD DR, Oakland CA 94618","10 Q.PEAK DUO BLK ML-G10.C+ 410 solar modules1 1707000-XX-Y {11.5kW} inverter1 1707000-XX-Y {11.5kW} ESSNew Busbar count - 1System Size: 4.1 kW DC (11.5 kW AC)",,
"06/04/2026","Certificate Issued","R2600699","(R) - ReRoof Certificate (Building)","2900 SHEFFIELD AVE, Oakland CA 94602","Tear off roof and install Landmark PRO Solaris shingles.",,
"06/04/2026","Pending - Incomplete","BW26001733","(BW) - Building Worksheet (Building)","1129 82ND AVE, Oakland CA 94621","REMODEL (EXISTING) GARAGE 530 SQFT INTO ADU 1 BEDROOM, 1 BATHROOM, KITCHEN, LIVING ROOM, DINING ROOM, LAUNDRY. BUILDING IS (EXISTING )WORK IS ALL NON-BEARING PERSPECTIVE.At the rear of existing triplex convert 530sf garage into a 1bed/1bath ADU.  To be addressed as 1135 82nd Ave.",,
"06/04/2026","Permit Issued","SEA2600513","SolarApp+ (For roof mounted residential solar projects not exceeding 38.4kw total done with SolarApp+- contractor use)","9430 CORAL RD, Oakland CA 94603","3.6 KW DC (8) Panels Roof Mount PV system with (1) ESS and (1) Expansion Pack, New 225A Backup Loads Panel.6-30-26   System size changed to 4.5 kw DC with (10) modules.  Expansion Pack and Backup Loads Panel will not be installed",,
"06/04/2026","In Review","X2600428","DOT - Excavation (X)","3910 39TH AVE, Oakland CA 94619","PG&E PM 35724038- PG&E to replace OH service and OH transformer.  Ensure that environmental controls are in place to prevent dust/debris/wastewater from contaminating environment. If working within 15 feet of a monument you must comply with State Law 8771, contact the Inspector prior to starting excavation: minimum $5,800.00 fine for non-compliance. Comply with all terms of City of Oakland Public Works Standards, Street Excavation Rules, Revised August 2021 and City Council Ordinance No. 13300 C.M.S. Five days’ prior notice required for work lasting five days or less in business/commercial districts: 72-hours’ notice in residential districts. Ten days prior notice required for work lasting six days or more in all districts. Schedule INSPECTION at least 48 hours in advance at: http://oaklanddot.com/projects/search.html """,,
"06/04/2026","In Review","X2600427","DOT - Excavation (X)","1346 EL CENTRO AVE, Oakland CA 94602","PG&E PM 35721954-PG&E to replace joint pole, OH services, install OH transformers, secondary breakers and trim/remove vegetation.  Ensure that environmental controls are in place to prevent dust/debris/wastewater from contaminating environment. If working within 15 feet of a monument you must comply with State Law 8771, contact the Inspector prior to starting excavation: minimum $5,800.00 fine for non-compliance. Comply with all terms of City of Oakland Public Works Standards, Street Excavation Rules, Revised August 2021 and City Council Ordinance No. 13300 C.M.S. Five days’ prior notice required for work lasting five days or less in business/commercial districts: 72-hours’ notice in residential districts. Ten days prior notice required for work lasting six days or more in all districts. Schedule INSPECTION at least 48 hours in advance at: http://oaklanddot.com/projects/search.html """,,
"06/04/2026","Permit Issued","RBC2601560","(RBC) - Building Residential Combo Alteration- 1 & 2 Unit Residential (Building)","10019 LONGFELLOW AVE, Oakland CA 94603","At existing SFD expand bathroom into bedroom 1 closet, reconfigure bathroom layout, build new closet in bedroom 1, and replace bathroom window.  Includes lead-based paint abatement.  Includes all related MEP. - DRX260590",,
"06/04/2026","On Hold","GR2600066","Grading (Private)","1809 MANZANITA DR, OAKLAND CA 94611","Grading permit for new construction single family residential on 1809 Manzanita Dr. Related to RBC2503363",,
"06/04/2026","Permit Issued","CGS2601361","DOT - Curb Gutter Sidewalk Repair","3720 MIDVALE AVE, Oakland CA 94602","NOTE: ***BEFORE any work in Right of Way, please schedule your inspection via http://oaklanddot.com/cgs/projects/search.html forty-eight hours in advance. Applicant is subject to fine if work is started WITHOUT scheduling a pre-inspection*** Repair sidewalk to City Standards (maximum 2%). If working within 25' feet of a monument you must comply with State Law 8771, contact the Inspector prior to starting excavation: minimum $5,800.00 fine for non-compliance. Comply with all terms of City of Oakland Public Works Standards, Street Excavation Rules, Revised March 2015 and City Council Ordinance No. 13300 C.M.S. Five day prior notice required for work lasting five days or less in business/commercial districts; 72 hour notice in residential districts. Ten day prior notice required for work lasting six days or more in all districts. USA #",,
"06/04/2026","Permit Issued","RBC2601559","(RBC) - Building Residential Combo Alteration- 1 & 2 Unit Residential (Building)","659 SANTA RAY AVE, Oakland CA 94610","At single-family dwelling, voluntary foundation retrofit.  (adding piers and replacing one side of the foundation.)",,
"06/04/2026","In Review","X2600425","DOT - Excavation (X)","825 44TH ST, Oakland CA 94608","PG&E PM 35716709-PG&E to replace OH service, remove head guy, install messenger guy, anchor and trim/remove vegetation. Ensure that environmental controls are in place to prevent dust/debris/wastewater from contaminating environment. If working within 15 feet of a monument you must comply with State Law 8771, contact the Inspector prior to starting excavation: minimum $5,800.00 fine for non-compliance. Comply with all terms of City of Oakland Public Works Standards, Street Excavation Rules, Revised August 2021 and City Council Ordinance No. 13300 C.M.S. Five days’ prior notice required for work lasting five days or less in business/commercial districts: 72-hours’ notice in residential districts. Ten days prior notice required for work lasting six days or more in all districts. Schedule INSPECTION at least 48 hours in advance at: http://oaklanddot.com/projects/search.html """,,
"06/04/2026","Permit Expired","OB2600675","Obstruction","5335 LOCKSLEY AVE, Oakland CA 94618","Reserve # NON-METERED parking space(s) in front of parcel only for dumpster, construction vehicle, moving van or storage pod. Post No-parking signs 72 hours prior in residential areas. No impact on traffic lane or sidewalk allowed. No-parking signs picked up by applicant after payment, 4TH FLOOR. To Have Illegally Parked Vehicle Ticketed Call 510-777-3333. Applicant arranges towing. Comply with terms set forth in CVC Section 22651 (m). For Towed Vehicle: Call 510-238-3021.",,
"06/04/2026","Ready to Issue - Fee Due","X2600424","DOT - Excavation (X)","380 61ST ST, Oakland CA 94618","PG&E PM 35724100-PG&E to replace OH service and install messenger guy.  PG&E to trim/remove vegetation.  Ensure that environmental controls are in place to prevent dust/debris/wastewater from contaminating environment. If working within 15 feet of a monument you must comply with State Law 8771, contact the Inspector prior to starting excavation: minimum $5,800.00 fine for non-compliance. Comply with all terms of City of Oakland Public Works Standards, Street Excavation Rules, Revised August 2021 and City Council Ordinance No. 13300 C.M.S. Five days’ prior notice required for work lasting five days or less in business/commercial districts: 72-hours’ notice in residential districts. Ten days prior notice required for work lasting six days or more in all districts. Schedule INSPECTION at least 48 hours in advance at: http://oaklanddot.com/projects/search.html """,,
"06/04/2026","Permit Expired","OB2600674","Obstruction","6469 BENVENUE AVE, Oakland CA 94618","Reserve # METERED parking space(s) in front of parcel only for dumpster, construction vehicle, moving van or storage pod. No impact on traffic lane or sidewalk allowed. No-parking signs picked up by applicant after payment, 4TH FLOOR. To Have Illegally Parked Vehicle Ticketed Call 510-777-3333. Applicant arranges towing. Comply with terms set forth in CVC Section 22651 (m). For Towed Vehicle: Call 510-238-3021.",,
"06/04/2026","Review - In Progress","E2601385","(E) - Electrical - 3+ Residential Units or Commercial (Building)","285 LEE ST, Oakland CA 94610","EVCS Level 2. THE INSTALLATION OF TWO (2) EVERCHARGE EV0002 48A CTEP EV CHARGERS (“EVSE”) TO BE ASSIGNED TO RESIDENT AND/OR STAFF EV DRIVERS IN ASSIGNED PARKING AREAS WITHIN AN UNDERGROUND PARKING LOT.",,
"06/04/2026","Plan Routing - Completed","B2601558","(B) - Building Alteration - 3+ Residential Units or Commercial (Building)","459 8TH ST, Oakland CA 94607","TI - At existing restaurant, create new counter and soffit to make new POS area. Door and partition wall changes. Separate MEPs required. No exterior work.",,
"06/04/2026","Final","CGS2601359","DOT - Curb Gutter Sidewalk Exemption Certificate","730 29TH ST, Oakland CA 94609",,,
"06/04/2026","On Hold - Field Check Pending","RBC2601557","(RBC) - Building Residential Combo Alteration- 1 & 2 Unit Residential (Building)","1806 70TH AVE, Oakland CA 94621","To abate CE #2602031: At single-family dwelling: To remove unpermitted addition at the rear left of the property consisting of laundry and water heater. Remove secondary kitchen and cabinets in bedroom. Remove partition wall at front living room. Remove mini split added to front room. Label electrical breakers. Main panel electrical upgrade to 125AMPS/240 volts. To include related mechanical. Related plumbing and electrical under separate permits.",,
"06/04/2026","Permit Expired","OB2600673","Obstruction","0 MARKET ST, Oakland CA 94612","Reserve 6 (150') NON-METERED parking space(s) and 4 METERED in front of the parcel only for dumpster, construction vehicle, moving van, or storage pod. Post No-parking signs 72 hours prior in residential areas. No impact on traffic lane or sidewalk allowed, except as noted on TCP/X permit. NO-PARKING SIGNS SHALL PICKED UP BY APPLICANT AFTER PAYMENT TO ENFORCE PERMIT REQUIREMENT. To have illegally parked vehicle ticketed: Call 510-777-3333. Applicant arranges towing. Comply with terms set forth in CVC Section 22651 (m). For towed vehicle: Call 510-238-3021.**Obstruction at: Market Street at 24th Street",,
"06/04/2026","Permit Expired","OB2600672","Obstruction","2854 MONTANA ST, Oakland CA 94602","PG&E PM:35068306-3- (phase 1 of three). Tree trimming required. Replace 10 poles Loc 23, 24, 25, 26, 27, 28, 29, 30, 31, & 91 (AT&T to remove old per PG256047JQ). Replace 2 transformers, and overhead services. Install 3 Tx's, Replace secondary, primary with 3-715A, 625' 1-2C, 251' of 1-4AR & associated equipment See drawings for more details.Reserve 5 (125') NON-METERED parking space(s) in front of parcel only for dumpster, construction vehicle, moving van or storage pod. Post No-parking signs 72 hours prior in residential areas. No impact on traffic lane or sidewalk allowed, except as noted on TCP/X permit. NO-PARKING SIGNS SHALL PICKED UP BY APPLICANT AFTER PAYMENT TO ENFORCE PERMIT REQUIREMENT. To have illegally parked vehicle ticketed: Call 510-777-3333. Applicant arranges towing. Comply with terms set forth in CVC Section 22651 (m). For towed vehicle: Call 510-238-3021.2854 to 2836 MONTANA ST",,
"06/04/2026","Permit Issued","RBC2601556","(RBC) - Building Residential Combo Alteration- 1 & 2 Unit Residential (Building)","9421 CASTLEWOOD ST, Oakland CA 94605","At existing single-family dwelling to replace concrete slab lower level and Install 7 concrete piles. No related MEP's.",,
"06/04/2026","In Review","X2600423","DOT - Excavation (X)","5960 BROADWAY TER, OAKLAND CA 94618","PG&E PM 47354605; Permit for restoration from after the fact emergency gas work. Park in ROW & TCP. 47354605. Ensure that environmental controls are in place to prevent dust/debris/wastewater from contaminating environment. If working within 15 feet of a monument you must comply with State Law 8771, contact the Inspector prior to starting excavation: minimum $5,800.00 fine for non-compliance. Comply with all terms of City of Oakland Public Works Standards, Street Excavation Rules, Revised August 2021 and City Council Ordinance No. 13300 C.M.S. Five days’ prior notice required for work lasting five days or less in business/commercial districts: 72-hours’ notice in residential districts. Ten days prior notice required for work lasting six days or more in all districts. Schedule INSPECTION at least 48 hours in advance at: http://oaklanddot.com/projects/search.html """,,
"06/04/2026","Payment Received","CGS2601354","DOT - Curb Gutter Sidewalk Standard Compliance Certificate","1133 BELLA VISTA AVE, Oakland CA 94610",,,
"06/04/2026","Permit Expired","OB2600671","Obstruction","5638 COLLEGE AVE, Oakland CA 94618","BART PD Reserve 4 NON-METERED parking space(s) in front of parcel only for dumpster, construction vehicle, moving van or storage pod. Post No-parking signs 72 hours prior in residential areas. No impact on traffic lane or sidewalk allowed. No-parking signs picked up by applicant after payment, 4TH FLOOR. To Have Illegally Parked Vehicle Ticketed Call 510-777-3333. Applicant arranges towing. Comply with terms set forth in CVC Section 22651 (m). For Towed Vehicle: Call 510-238-3021.",,
"06/04/2026","On Hold - Field Check Pending","B2601554","(B) - Building Alteration - 3+ Residential Units or Commercial (Building)","1810 E 25TH ST, 203, Oakland CA 94606","In unit 203 of existing MFD, replace 1 sheet of drywall. to partially abate CE# 2507869",,
"06/04/2026","Payment Received","CGS2601353","DOT - Curb Gutter Sidewalk Standard Compliance Certificate","1153 BELLA VISTA AVE, Oakland CA 94610",,,
"06/04/2026","Plan Routing - Completed","B2601553","(B) - Building Alteration - 3+ Residential Units or Commercial (Building)","1902 E 20TH ST, Oakland CA 94606","VERIZON - Modify existing telecommunication site on a steel PG&E Light Pole in the public right of way by removing and replacing antennas and equipment.",,
"06/04/2026","In Review","X2600422","DOT - Excavation (X)","1514 ALICE ST, Oakland CA 94612","PG&E PM 35691841-PG&E to replace UG service and secondary enclosure. Applicant to trench and restore (X2600358).  Ensure that environmental controls are in place to prevent dust/debris/wastewater from contaminating environment. If working within 15 feet of a monument you must comply with State Law 8771, contact the Inspector prior to starting excavation: minimum $5,800.00 fine for non-compliance. Comply with all terms of City of Oakland Public Works Standards, Street Excavation Rules, Revised August 2021 and City Council Ordinance No. 13300 C.M.S. Five days’ prior notice required for work lasting five days or less in business/commercial districts: 72-hours’ notice in residential districts. Ten days prior notice required for work lasting six days or more in all districts. Schedule INSPECTION at least 48 hours in advance at: http://oaklanddot.com/projects/search.html """,,
"06/04/2026","On Hold","B2601552","(B) - Building Alteration - 3+ Residential Units or Commercial (Building)","4181 CULVER ST, Oakland CA 94619","VERIZON - Modify existing telecommunication site on a steel PG&E Light Pole in the public right of way by removing and replacing antennas and equipment.",,
"06/04/2026","Complete","BW26001718","(BW) - Building Worksheet (Building)","2438 35TH AVE, Oakland CA 94601","Requesting Electrical plan check for B2600878 – 2438 35th Ave",,
"06/04/2026","Complete","BW26001717","(BW) - Building Worksheet (Building)","2438 35TH AVE, Oakland CA 94601","Requesting Plumbing plan check for B2600878 – 2438 35th Ave",,
"06/04/2026","Payment Received","OB2600670","Obstruction","5440 TRASK ST, Oakland CA 94601","Reserve 1 (25') NON-METERED parking space(s) in front of the parcel only for dumpster, construction vehicle, moving van, or storage pod. Post No-parking signs 72 hours prior in residential areas. No impact on traffic lane or sidewalk allowed, except as noted on TCP/X permit. NO-PARKING SIGNS SHALL PICKED UP BY APPLICANT AFTER PAYMENT TO ENFORCE PERMIT REQUIREMENT. To have illegally parked vehicle ticketed: Call 510-777-3333. Applicant arranges towing. Comply with terms set forth in CVC Section 22651 (m). For towed vehicle: Call 510-238-3021.",,
"06/04/2026","Final","RP2600743","(RP) Plumbing - 1 & 2 Unit Residential (Building)","2425 25TH AVE, Oakland CA 94601","Gas house line extension 15' +/- 2' to include gas meter relocation to accommodate gas lateral replacement by PG&E. Use 1"" galvanized schedule 40 steel pipe and related fittings tied into 3/4"" existing gas distribution system.",,
"06/04/2026","Permit Issued","SE2600510","Solar Permit (For commercial projects, residential projects not eligible for SolarApp+, or owner/builder or contractor use)","6733 AITKEN DR, Oakland CA 94611","At existing SFD, remove and reinstall 10 existing solar modules. No other exterior work, no MEPs.",,
"06/04/2026","Intake-On Hold","RBC2601551","(RBC) - Building Residential Combo Alteration- 1 & 2 Unit Residential (Building)","2927 SEMINARY AVE, Oakland CA 94605","At SFD: kitchen remodel and bathroom replace 12 windows, legalized second bathroom to abate CE2603155",,
"06/04/2026","Complete","BW26001715","(BW) - Building Worksheet (Building)","2438 35TH AVE, Oakland CA 94601","Requesting Mechanical plan check for B2600878 - 2438 35th Ave.",,
"06/04/2026","Final","RE2601378","(RE) - Electrical - 1 & 2 Unit Residential (Building)","2857 82ND AVE, Oakland CA 94605","50 Amp Tesla charger installation inside cabinet on the exterior side of the house 10 feet from main panel.",,
"06/04/2026","Permit Issued","LBP2600099","(LBP) - Lead Based Paint (Building)","2468 E 21ST ST, Oakland CA 94601","Paint entire SFD built in 1906 to abate 2603143.",,
"06/04/2026","Permit Expired","OB2600669","Obstruction","3101 SHEFFIELD AVE, Oakland CA 94602","Reserve 2 (50') NON-METERED parking space(s) in front of parcel only for dumpster, construction vehicle, moving van or storage pod. Post No-parking signs 72 hours prior in residential areas. No impact on traffic lane or sidewalk allowed, except as noted on TCP/X permit. NO-PARKING SIGNS SHALL PICKED UP BY APPLICANT AFTER PAYMENT TO ENFORCE PERMIT REQUIREMENT. To have illegally parked vehicle ticketed: Call 510-777-3333. Applicant arranges towing. Comply with terms set forth in CVC Section 22651 (m). For towed vehicle: Call 510-238-3021.",,
"06/04/2026","Final","CGS2601352","DOT - Curb Gutter Sidewalk Repair","1850 9TH AVE, Oakland CA 94606","Repair sidewalk to City Standards (minimum 2% slope).If working within 25' feet of a monument you must comply with State Law 8771, contact the Inspector prior to starting excavation: minimum $5,800.00 fine for non-compliance.Comply with all terms of City of Oakland Public Works Standards, Street Excavation Rules, Revised March 2015 and City Council Ordinance No. 13300 C.M.S. Five day prior notice required for work lasting five days or less in business/commercial districts; 72 hour notice in residential districts. Ten day prior notice required for work lasting six days or more in all districts. USA # and date must be provided in order to have a permit issued. Permit valid 30 days. Call PWA INSPECTION prior to start: 510-238-3651. 4th FLOOR. USA #",,
"06/04/2026","Minor Engineer of Day Review","RBC2601550","(RBC) - Building Residential Combo Alteration- 1 & 2 Unit Residential (Building)","10093 BROADWAY TER, OAKLAND CA 94611","Gas fireplace replacement with electric powered control device in living room of SFD. Mechanical and electrical only included. Plumbing under RP2600546. DRX260908.",,
"06/04/2026","Permit Issued","P2600742","(P) - Plumbing - 3+ Residential Units or commercial (Building)","695 MARIPOSA AVE, UNIT 105, Oakland CA 94610","Plumbing related to: Remove the drywall that has asbestos from the living room and kitchen area. Remove and replace kitchen cabinets. Remove and replace kitchen appliances. Update the electrical for the living room and kitchen area.",,
"06/03/2026","Permit Issued","RP2600728","(RP) Plumbing - 1 & 2 Unit Residential (Building)","99 MONTELL ST, Oakland CA 94611","Gas house line extension 50' +/- 2' to include gas meter relocation to accommodate gas lateral replacement by PG&E. Use 1"" galvanized schedule 40 steel pipe and related fittings tied into 3/4"" existing gas distribution system.",,
"06/03/2026","Certificate Issued","R2600698","(R) - ReRoof Certificate (Building)","8411 D ST, Oakland CA 94621","Roof replacement like for like, comp shingles",,
"06/03/2026","Inspections - In Progress","SL2601096","(SL) - Sewer Lateral (OPW)","917 107TH AVE, Oakland CA 94603","Sewer lateral replacement from the property only",,
"06/03/2026","Inspections - In Progress","SL2601094","(SL) - Sewer Lateral (OPW)","2628 22ND AVE, Oakland CA 94606","Repair/replace building sewer ON PROPERTY ONLY. SL & X required beyond PL. Overflow device may be needed. If working within 25' feet of a monument you must comply with State Law 8771, contact the Inspector prior to starting excavation: minimum $5,800.00 fine for non-compliance. USA # and date must be provided in order to have a permit issued. Permit valid for 90 days. If the work is to be performed on a designated “Creekside Property” the work will require a “Creek Protection Permit”. If the property is not currently flagged in Accela as a “Creekside Property” but work will be performed within 100’ of a creek channel, a “Creek Determination” should be conducted to determine if the work is subject to the Creek Protection Ordinance.",,
"06/03/2026","Permit Issued","CGS2601347","DOT - Curb Gutter Sidewalk Standard Compliance Certificate","4006 CARRINGTON ST, Oakland CA 94601",,,
"06/03/2026","Permit Issued","RE2601372","(RE) - Electrical - 1 & 2 Unit Residential (Building)","2941 GLASCOCK ST, Oakland CA 94601","EV charger installation",,
"06/03/2026","Permit Issued","RP2600741","(RP) Plumbing - 1 & 2 Unit Residential (Building)","6715 OAKWOOD DR, Oakland CA 94611","RESIDENTIAL PLUMBING REPLACE 40 GALLON GAS WATER HEATER WITH NEW 40 GALLON GAS WATER HEATER",,
"06/03/2026","In Progress","TR-ND26-00056","(ND) - Non-Developmental Tree Permit (OPW)","232 MONTE VISTA AVE, Oakland CA 94611","Removal of a decaying Incense Cedar tree with a DBH of 23.25"". Tree is located at the left side of the garage.",,
"06/03/2026","Permit Issued","CGS2601350","DOT - Curb Gutter Sidewalk Provisional Certificate","1518 98TH AVE, Oakland CA 94603",,,
"06/03/2026","Complete","BW26001709","(BW) - Building Worksheet (Building)","2625 HIGH ST, Oakland CA 94619","Interior remodel of one (1) kitchen, two (2) bathrooms, and like-for-like window replacement in an existing 1,163 square foot single-family home.Window Replacement: Remove and replace fourteen (14) existing windows with new, like-for-like windows. All replacements will maintain the existing rough openings, framing, sizes, and operational styles. Approved Exemption from Design Review has been granted under DRX260759.Kitchen Remodel: Interior remodel of the existing kitchen with no structural changes to existing walls. Work includes the removal and replacement of existing finish materials: new tile flooring, new kitchen cabinets, new counter tops, and interior painting. All plumbing fixtures and electrical outlets to remain in their current locations (like-for-like layout).Bathroom Remodels (2): Interior remodel of two (2) existing bathrooms with no structural changes to existing walls. Work includes the removal and replacement of existing finish materials and fixtures in their current locations: new tile flooring, new vanities, new counter tops, new faucets, new wall tile surrounds, one (1) new bathtub, one (1) new shower base, and interior painting.",,
"06/03/2026","Complete","BW26001705","(BW) - Building Worksheet (Building)","8409 GOLF LINKS RD, Oakland CA 94605","VOLUNTARY AXIAL SUPPORT OF THE EXISTING CONTINUOUS CONCRETE FOUNDATION FORTHE EXISTING SINGLE DWELLING UNIT IN THE LOT BY PROVIDING (18) PUSH PIERS.",,
"06/03/2026","Permit Issued","CGS2601345","DOT - Curb Gutter Sidewalk Provisional Certificate","82 MONTELL ST, Oakland CA 94611",,,
"06/03/2026","Permit Issued","CGS2601336","DOT - Curb Gutter Sidewalk Standard Compliance Certificate","1001 PARK LN, Oakland CA 94610",,,
"06/03/2026","Complete","BW26001697","(BW) - Building Worksheet (Building)","6014 LA SALLE AVE, Oakland CA 94611","1. ADD NEW BATHROOM ON 2ND FLOOR & ALTER CLOSETS OF BED #1 & #22. RELOCATE DOOR OF BATH #1 AND HALLWAY CLOSET TO BED #33. REMODEL EXISTING 2ND FLOOR KITCHEN4. REMODEL EXISTING 1ST FLOOR BATHROOM5. REPLACE EXISTING WINDOWS LIKE-FOR-LIKE",,
"06/03/2026","Permit Issued","RE2601371","(RE) - Electrical - 1 & 2 Unit Residential (Building)","10 VILLANOVA LN, Oakland CA 94611","New 13.5 kwh energy storage system on existing single family dwelling.",,
"06/03/2026","Permit Issued","SEA2600509","SolarApp+ (For roof mounted residential solar projects not exceeding 38.4kw total done with SolarApp+- contractor use)","8515 DOWLING ST, Oakland CA 94605","RMS: (10) MODULES, 4.600 KW/DC (1) TESLA PW3 (W/ (1) INT INV), (1) BU SWITCH (1) EXIST MSP 100A/100BUSS,",,
"06/03/2026","Permit Issued","E2601376","(E) - Electrical - 3+ Residential Units or Commercial (Building)","7 EMBARCADERO W, UNIT 207, OAKLAND CA 94607","Relocate Sub Panel, Install recess lights and switches and outlets",,
"06/03/2026","Complete","BW26001698","(BW) - Building Worksheet (Building)","551 CROFTON AVE, Oakland CA 94610","1.RECONFIGURE (E) KITCHEN AND OPEN TO DINING ROOM. 2.ELIMINATE (E) INTERIOR STAIRS.3.RECONFIGURE (E) BATHROOM. 4.RELOCATE LAUNDRY TO 1ST FLOOR FROM BASEMENT.5.BUILD INTERNAL HALLWAY BETWEEN BEDROOMS AND ADD (N) EXTERIOR DOOR TO THE REAR OF THE HOUSE.6.BUILD (N) 307 SQ FT DECK AND EXTERIOR STAIRS AT REAR OF THE HOUSE.  7.REPLACE ""IN KIND"" 11 WINDOWS AND ADJUST SIZE OF KITCHEN WINDOW. 8.REPLACE DOUBLE DOORS TO DECK WITH SINGLE EXTERIOR DOOR.",,
"06/03/2026","Final","SL2601091","(SL) - Sewer Lateral (OPW)","5378 BROADWAY, Oakland CA 94618","Repair/replace sewer lateral and EXCAVATE in PUBLIC RIGHT-OF-WAY. Overflow device may be needed.  If working within 25' feet of a monument you must comply with State Law 8771, contact the Inspector prior to starting excavation: minimum $5,800.00 fine for non-compliance. Comply with all terms of City of Oakland Public Works Standards, Street Excavation Rules, Revised March 2015 and City Council Ordinance No. 13300 C.M.S. Five days prior notice required for work lasting five days or less in business/commercial districts; 72 hour notice in residential districts. Ten days prior notice required for work lasting six days or more in all districts. USA # and date must be provided in order to have a permit issued. Permit valid 90 days. If the work is to be performed on a designated “Creekside Property” the work will require a “Creek Protection Permit”. If the property is not currently flagged in Accela as a “Creekside Property” but work will be performed within 100’ of a creek channel, a “Creek Determination” should be conducted to determine if the work is subject to the Creek Protection Ordinance.  Call PWA INSPECTION prior to start: 510-238-3651 or email PWA_inspections@oaklandca.gov.",,
"06/03/2026",,"26TMP-027016","(RM) - Mechanical - 1 & 2 Unit Residential (Building)","590 WESTFIELD WY, Oakland CA 94619","Install heat pump, replace furnace with air handler",,
"06/03/2026","Inspections - In Progress","SL2601090","(SL) - Sewer Lateral (OPW)","1815 100TH AVE, Oakland CA 94603","Pipe burst from the exterior of home to city service clean out up to 65'ft; installing new city service clean out",,
"06/03/2026","Complete","BW26001702","(BW) - Building Worksheet (Building)","4901 E 12TH ST, OAKLAND CA 94601","HVAC Platform Drawings for Structural Review",,
"06/03/2026","Assigned","BW26001699","(BW) - Building Worksheet (Building)","573 MONTCLAIR AVE, Oakland CA 94606","Fire damage to deck and siding We will be replacing deck like for like 5 damaged windows and rear elevation siding",,
"06/03/2026","Final","RE2601374","(RE) - Electrical - 1 & 2 Unit Residential (Building)","1029 ARLINGTON AVE, Oakland CA 94608","upgrade from 100 amps to 200 amps only in same location",,
"06/03/2026","Permit Issued","RE2601370","(RE) - Electrical - 1 & 2 Unit Residential (Building)","7141 PINEHAVEN RD, Oakland CA 94611","New 13.5 kwh energy storage system installed on existing single family dwelling",,
"06/03/2026","Final","RE2601369","(RE) - Electrical - 1 & 2 Unit Residential (Building)","3987 DELMONT AVE, Oakland CA 94605","Rewire of remaining knob and tube circuits.  New sub panel in bedroom.  Rellcation of breakers in garage to main panel.",,
"06/03/2026","Assigned","BW26001706","(BW) - Building Worksheet (Building)","1926 E 15TH ST, Oakland CA 94606","LEGALIZE EXISTING GROUND-LEVEL SPACE AS AN ADU ADU SQUARE FOOTAGE: 573 SF3 BEDROOMS1 KITCHEN1 ENTRYLEGALIZE NON-PERMITTED EXTERIOR ELECTRIC FRONT GATE EXISTING 5'-6"" HIGH ELECTRIC FRONT YARD GATEREMOVE NON-PERMITTED ROOF SHADEELECTRICALUPGRADE EXISTING MAIN ELECTRICAL PANEL FROM 100 AMP TO 200 AMPWINDOWSINSTALL 3 NEW WINDOWSINSTALL 3 LIKE-FOR-LIKE FIRE-RATED WINDOWSSTAIRSBUILD NEW REAR STAIR WITH LANDING",,
"06/03/2026","Intake - On Hold","SL2601095","(SL) - Sewer Lateral (OPW)","1126 53rd ST, Oakland CA 94608 United States","Run new 4"" upper lateral branch from existing line to new ADU. Approximately 38 ft in no hub cast iron or SDR 17. Highest point 8"" of cover. Lowest point 16"" of cover. New branch to tap into existing upper lateral downstream of existing cleanout in sideyard.",,
"06/03/2026","Intake - On Hold","SL2601095","(SL) - Sewer Lateral (OPW)","1126 53rd ST, Oakland CA 94608 United States","Run new 4"" upper lateral branch from existing line to new ADU. Approximately 38 ft in no hub cast iron or SDR 17. Highest point 8"" of cover. Lowest point 16"" of cover. New branch to tap into existing upper lateral downstream of existing cleanout in sideyard.",,
"06/03/2026","Permit Issued","RP2600733","(RP) Plumbing - 1 & 2 Unit Residential (Building)","3635 MAJESTIC AVE, Oakland CA 94605","Extending houseline gas plumbing to facilitate meter move",,
"06/03/2026","Permit Issued","CGS2601338","DOT - Curb Gutter Sidewalk Standard Compliance Certificate","4630 EDGEWOOD AVE, Oakland CA 94602",,,
"06/03/2026",,"26TMP-026823","(BW) - Building Worksheet (Building)","8409 GOLF LINKS RD, Oakland CA 94605","Objective: Voluntary structural underpinning and vertical axial support of the existing continuous concrete foundation for a single-story dwellingInstallation: Excavation and installation of eighteen (18) Grip-Tite FP3 steel push piersBoundary Limitations: All construction activities are confined to private property; no work will be performed in the public right-of-way.Exclusions: No modifications to the building footprint, thermal envelope, or above-grade structural framing.",,
"06/03/2026","Final","RP2600738","(RP) Plumbing - 1 & 2 Unit Residential (Building)","2622 25TH AVE, Oakland CA 94601","Gas house line extension 40' +/- 2' to include gas meter relocation to accommodate gas lateral replacement by PG&E. Use 1"" galvanized schedule 40 steel pipe and related fittings tied into 3/4"" existing gas distribution system.",,
"06/03/2026","Permit Issued","RP2600737","(RP) Plumbing - 1 & 2 Unit Residential (Building)","1083 AILEEN ST, Oakland CA 94608","Vertical/Horizontal secondary kitchen drain line replacement approx. 10'ft",,
"06/03/2026","Permit Issued","P2600740","(P) - Plumbing - 3+ Residential Units or commercial (Building)","7 EMBARCADERO W, UNIT 207, OAKLAND CA 94607","installation OF TOILETS, TUBS AND SINKS AND SHOWER VALVE",,
"06/03/2026","Permit Issued","SEA2600503","SolarApp+ (For roof mounted residential solar projects not exceeding 38.4kw total done with SolarApp+- contractor use)","844 56TH ST, Oakland CA 94608","Rooftop Mounted Solar Energy SystemPV+ST13 Q.PEAK DUO BLK ML-G10.C+ 410 solar modules1 1707000-XX-Y {11.5kW} inverter1 1707000-XX-Y {11.5kW} ESSNew Busbar count - 1System Size: 5.33 kW DC (11.5 kW AC)",,
"06/03/2026","Intake - On Hold","X2600421","DOT - Excavation (X)","7308 ALTURA PL, Oakland CA 94605","Encroach approx. 25LF into City street of Altura Place, to excavate 1 pothole in the street (5'Lx5'Wx7'D). Pothole is to pull new sewer line through for trenchless replacement and reconnect to City line. Backfill and restore to code.",,
"06/03/2026",,"26TMP-026794","DOT - Curb Gutter Sidewalk Provisional Certificate","6725 MOORE DR, Oakland CA 94611",,,
"06/03/2026","Permit Issued","SEA2600505","SolarApp+ (For roof mounted residential solar projects not exceeding 38.4kw total done with SolarApp+- contractor use)","3118 SUTER ST, Oakland CA 94602","4.05 KW DC (10) Panels Roof Mount PV system with (1) ESS.",,
"06/03/2026","Permit Issued","CGS2601348","DOT - Curb Gutter Sidewalk Standard Compliance Certificate","4117 PENNIMAN CT, G, OAKLAND CA 94619",,,
"06/03/2026","Permit Issued","CGS2601337","DOT - Curb Gutter Sidewalk Standard Compliance Certificate","4355 EVERETT AVE, Oakland CA 94602",,,
"06/03/2026","Complete","BW26001708","(BW) - Building Worksheet (Building)","6133 SWAINLAND RD, Oakland CA 94611","Complete building permits @6133 swainland rd. Include all MEPs. Upgrade main panel to 200 amp.",,
"06/03/2026",,"26TMP-026983","(BW) - Building Worksheet (Building)","1022 24TH ST, Oakland CA 94607","We would love your help with expediting this project if possible. We are working with a family through this Oakland city project, through the housing department. The project is supervised by Hourig McCray. We would like to provide the family with a safe home as soon as possible, since they have had so many leady problems and contractor challenges this year.We are removing and replacing 12, metal frame/single pane/vertical sliding windows. With in-kind motif vinyl/ single hung, double pane windows. The framing will be slightly thicker than the existing metal. We will  enclose the interior work zones with plastic and thoroughly clean afterwards, we will also create ground protection outside during removal and installations. We will go over-kill on the water proofing with increase barrier protection, as well as coating the framing for better weather resistance. We have already obtained the lead permit and we are EPA lead certified.",,
"06/03/2026","Plan Review Required","SL2601092","(SL) - Sewer Lateral (OPW)","3708 LYON AVE, Oakland CA 94601","open trench sewer lateral in backyard from exterior of home up to 30'ft; install new 2way city service clean out",,
"06/03/2026","Pending - Incomplete","BW26001704","(BW) - Building Worksheet (Building)","4019 LOMA VISTA AVE, OAKLAND CA 94619","Revision to Project Building Permit RBC2105022 .   revised floor plan .  retaining wall.",,
"06/03/2026","Complete","BW26001703","(BW) - Building Worksheet (Building)","4102 TOMPKINS AVE, Oakland CA 94619","At existing duplex unit 4102 repair dry rotted framing and legalize window replacement. Includes all related MEP including update bathroom fan and replace vanity sink. No change to wall layout or header size.",,
"06/03/2026","Permit Issued","CGS2601349","DOT - Curb Gutter Sidewalk Standard Compliance Certificate","1908 E 38TH ST, Oakland CA 94602",,,
"06/03/2026","Final","RP2600730","(RP) Plumbing - 1 & 2 Unit Residential (Building)","87 MONTELL ST, Oakland CA 94611","Gas house line extension 10' +/- 2' to include gas meter relocation to accommodate gas lateral replacement by PG&E. Use 1"" galvanized schedule 40 steel pipe and related fittings tied into 3/4"" existing gas distribution system.",,
"06/03/2026","Permit Issued","CGS2601342","DOT - Curb Gutter Sidewalk Exemption Certificate","3407 HAVEN ST, Oakland CA 94608",,,
"06/03/2026","Permit Issued","CGS2601335","DOT - Curb Gutter Sidewalk Exemption Certificate","6725 MOORE DR, Oakland CA 94611",,,
"06/03/2026","Complete","BW26001710","(BW) - Building Worksheet (Building)","1071 61ST ST, Oakland CA 94608","REPLACE A SMALL FRENCH DOOR WITH A LARGER GLASS SLIDING DOOR ON THE EAST ELEVATION.REMOVE SEVERAL WALLS TO CREATE A LARGER LIVING SPACE AND ELIMINATE ONE BEDROOM. REMOVE A BATHROOM.RELOCATE THE ELECTRIC PANEL.",,
"06/03/2026","Final","RP2600727","(RP) Plumbing - 1 & 2 Unit Residential (Building)","1815 100TH AVE, Oakland CA 94603","1.5 Bath horizontal re-pipe in crawlspace Horizontal gas re-pipe in crawlspace need this added onto permit# RP2600705",,
"06/03/2026","Permit Issued","RE2601375","(RE) - Electrical - 1 & 2 Unit Residential (Building)","4370 EVERETT AVE, Oakland CA 94602","Upgrade 100amp to 200amp in same location",,
"06/03/2026","Permit Issued","P2600725","(P) - Plumbing - 3+ Residential Units or commercial (Building)","526 62ND ST, Oakland CA 94609","the objective is to build a bathroom in a space currently used as a closet,measuring approximatly 58 square feet.a bathtub,toilet, and  sink  wiil be installed,along with pocket door for a small closet,aditionally in the main bathroom the toilet and sink will be relocate, and the bathtub will be replace with a new one and a pocket door  will be installad",,
"06/03/2026","Pending-Document Uploaded","BW26001711","(BW) - Building Worksheet (Building)","2939 57TH AVE, Oakland CA 94605","Plaster wall removal, adding insulation, and installing dry wall on exterior walls in the living room, dining room, two bedrooms, two closets, and laundry room.",,
"06/03/2026",,"26TMP-026911","(RP) Plumbing - 1 & 2 Unit Residential (Building)","19 RIO VISTA AVE, Oakland CA 94611","Gas house line extension 10' +/- 2' to include gas meter relocation to accommodate gas lateral replacement by PG&E. use 1"" galvanized schedule 40 steel pipe and related fittings tied into 3/4"" existing gas distribution system.",,
"06/03/2026","Permit Issued","SEA2600506","SolarApp+ (For roof mounted residential solar projects not exceeding 38.4kw total done with SolarApp+- contractor use)","2131 HIGH ST, Oakland CA 94601","RMS: 7 MODS, 3.22 KW/DC, 1 INV, 1 TESLA PW3, 1 BG SWITCH, MPU 200A",,
"06/03/2026","Permit Issued","SEA2600504","SolarApp+ (For roof mounted residential solar projects not exceeding 38.4kw total done with SolarApp+- contractor use)","456 61ST ST, Oakland CA 94609","Rooftop Mounted Solar Energy SystemPV+ST17 Q.PEAK DUO BLK ML-G10.C+ 410 solar modules1 1707000-XX-Y {11.5kW} inverter1 1707000-XX-Y {11.5kW} ESSSystem Size: 6.97 kW DC (11.5 kW AC)",,
"06/03/2026","Completed Cert Received","R2600696","(R) - ReRoof Certificate (Building)","924 39TH ST, Oakland CA 94608","Tear off roof, install new landmark shingles.  20 squares.",,
"06/03/2026","Completed Cert Received","R2600697","(R) - ReRoof Certificate (Building)","2237 24TH AVE, Oakland CA 94601","Demolition: Tear off and dispose of existing composition roof, felt paper, old flashings, and fasteners at a recycling facility. Inspect the underlying structure/sheathing for damage. Underlayment: Install self-adhering Grace Ultra underlayment at valleys, eaves, and penetrations. Install one layer of Tiger Paw synthetic underlayment mechanically attached with 1"" cap nails. Roofing Material: Install 1/2"" plywood (nailed with 10D nails) and GAF Timberline Asphalt Shingles (30-year roof) to manufacturer specifications. Flashing & Sheet Metal: Install 26-gauge galvanized sheet metal, paint-sprayed to match the roof color. Install plumbing jacks, vents, flue vent flashings, and 2x3 pre-painted perimeter drip edges. Gutters: Remove existing gutters; install new 5-1/4"" aluminum gutters, 2x3 aluminum downspouts, and leaf guards. Safety & Clean Up: Scaffolding will be installed for safety. Daily job site cleanup will be conducted.",,
"06/03/2026","Complete","BW26001707","(BW) - Building Worksheet (Building)","3533 BRIGHTON AVE, Oakland CA 94602","AN EXISTING TWO-FLOOR SINGLE FAMILY RESIDENCE, WITH THE FOLLOWING SCOPE OF WORK: ADDING A BATHROOM AND REMODELING THE EXISTING KITCHEN AND HALF BATHROOM.",,
"06/03/2026","Inspections - In Progress","SL2601093","(SL) - Sewer Lateral (OPW)","2007 CROSBY AVE, Oakland CA 94601","Repair/replace sewer lateral and EXCAVATE in PUBLIC RIGHT-OF-WAY. Overflow device may be needed. If working within 25' feet of a monument you must comply with State Law 8771, contact the Inspector prior to starting excavation: minimum $5,800.00 fine for non-compliance. Comply with all terms of City of Oakland Public Works Standards, Street Excavation Rules, Revised March 2015 and City Council Ordinance No. 13300 C.M.S. Five days prior notice required for work lasting five days or less in business/commercial districts; 72 hour notice in residential districts. Ten days prior notice required for work lasting six days or more in all districts. USA # and date must be provided in order to have a permit issued. Permit valid 90 days. If the work is to be performed on a designated “Creekside Property” the work will require a “Creek Protection Permit”. If the property is not currently flagged in Accela as a “Creekside Property” but work will be performed within 100’ of a creek channel, a “Creek Determination” should be conducted to determine if the work is subject to the Creek Protection Ordinance. Call PWA INSPECTION prior to start: 510-238-3651 or email PWA_inspections@oaklandca.gov. USA# 2026060302597-000 06/03/26",,
"06/03/2026","Final","RM2600712","(RM) - Mechanical - 1 & 2 Unit Residential (Building)","3859 HIGH ST, Oakland CA 94619","Replace existing HVAC system with all NEW electric heat pump system with new R6 ducting.   Duplex address is 3859 High St./ 3860 Vale St.",,
"06/03/2026","Permit Issued","RBC2601549","(RBC) - Building Residential Combo Alteration- 1 & 2 Unit Residential (Building)","6175 ACACIA AVE, Oakland CA 94618","Bathroom remodel including heated flooring at SFD. No wall layout or exterior changes. MEP included.Bathroom remodel, replace shower, replace bathtub, replace vanity, replace plumbing fixtures. Install Led lights, wall sconces, dedicated circuit for heated floors. baseboards, medicine cabinets, wall sconces, and new tile. 2 exhaust fans. GFCI outlets, humidity switch, vacancy switch. replace all existing tile.",,
"06/03/2026","On Hold","RBC2601548","(RBC) - Building Residential Combo Alteration- 1 & 2 Unit Residential (Building)","2356 BYWOOD DR, Oakland CA 94602","At SFD: In 1 of 2 bathrooms, replace tub/shower for walk-in tub, new fixtures, drywall patching. Install new 20A circuit for tub outlet. No remodel. Plumbing and electrical included.",,
"06/03/2026","Final","RP2600739","(RP) Plumbing - 1 & 2 Unit Residential (Building)","6815 BRISTOL DR, Oakland CA 94705","Install tankless water heater in the basement.",,
"06/03/2026","Plan Review In Progress","B2601547","(B) - Building Alteration - 3+ Residential Units or Commercial (Building)","16 PEROLY CT, Oakland CA 94601","Legalize 3 unpermitted units including remodeling of the bathrooms and widening of exterior doors in basement of MFD. 332 sqft ADU consists of 1 bedroom/ 1 bathroom, 521 sqft is full unit consists of 1 bedroom/ 1 bathroom, 318 sqft unit as per OMC Ch.17.122.030(C)1) consists of 1 bedroom/ 1 bathroom. Separate MEP required. Proposed address of ADU is 24 PEROLY CT. Proposed address of full unit is 26 PEROLY CT. Proposed address of deed restrictred unit is 28 PEROLY CT. DS260029. CP26016. To abate CE#2504055 and CE#2507802.",,
"06/03/2026","Final","RP2600736","(RP) Plumbing - 1 & 2 Unit Residential (Building)","2524 25TH AVE, Oakland CA 94601","Gas house line extension 40' +/- 2' to include gas meter relocation to accommodate gas lateral replacement by PG&E. use 1"" galvanized schedule 40 steel pipe and related fittings tied into 3/4"" existing gas distribution system",,
"06/03/2026","Final","RP2600735","(RP) Plumbing - 1 & 2 Unit Residential (Building)","2502 25TH AVE, Oakland CA 94601","Gas house line extension 10' +/- 2' to include gas meter relocation to accommodate gas lateral replacement by PG&E. Use 1"" galvanized schedule 40 steel pipe and related fittings tied into 3/4"" existing gas distribution system.",,
"06/03/2026","Routing - Completed","RBC2601546","(RBC) - Building Residential Combo Alteration- 1 & 2 Unit Residential (Building)","2324 BYWOOD DR, Oakland CA 94602","At single-family dwelling: Kitchen remodel to include wall reconfiguration and five windows. To include related mechanical, electrical, and plumbing.",,
"06/03/2026","Application Intake Completed","ENMI26091","Minor Encroachment","6320 INTERNATIONAL BLVD, Oakland CA 94621","X2600375AT&T JOB: A05FT3X NEEDS TO REPLACE FIBER CABNET SEE ATTACHED DRAWINGS FOR DETAILS. Ensure that environmental controls are in place to prevent dust/debris/wastewater from contaminating environment. Ensure measures are in place to control runoff and maintain flow of storm water along pavement adjacent to parcel. No above ground structure allowed within five feet of edge of pavement (17.124.030).If working within 25' feet of a monument you must comply with State Law 8771, contact the Inspector prior to starting excavation: minimum $5,800.00 fine for non-compliance.",,
"06/03/2026","Permit Expired","OB2600668","Obstruction","2971 FLORIDA ST, Oakland CA 94602","PG&E PM:35068306-3B- Loc # 61, 62, 63, 64, 65, 66, 67, 68, 69, 70, 71, 72, 73, 74, 75, 76, 77, 78, 79, 80, 81, 82, & 83. Tree trimming required. Replace 18 poles, 6 transformers, and oh services. Install 2 transformers, Replace primary, secondary & associated equipment. See drawings for more details. Related Permit: X2501219 and X2600174.Reserve 12 (300') NON-METERED parking space(s) in front of parcel only for dumpster, construction vehicle, moving van or storage pod. Post No-parking signs 72 hours prior in residential areas. No impact on traffic lane or sidewalk allowed, except as noted on TCP/X permit. NO-PARKING SIGNS SHALL PICKED UP BY APPLICANT AFTER PAYMENT TO ENFORCE PERMIT REQUIREMENT. To have illegally parked vehicle ticketed: Call 510-777-3333. Applicant arranges towing. Comply with terms set forth in CVC Section 22651 (m). For towed vehicle: Call 510-238-3021.2971 to 3215 FLORIDA ST & 3616 LAUREL AVE",,
"06/03/2026","Permit Expired","OB2600667","Obstruction","1018 4TH AVE, Oakland CA 94606","Reserve 1 (25') NON-METERED parking space(s) in front of parcel only for dumpster, construction vehicle, moving van or storage pod. Post No-parking signs 72 hours prior in residential areas. No impact on traffic lane or sidewalk allowed, except as noted on TCP/X permit. NO-PARKING SIGNS SHALL PICKED UP BY APPLICANT AFTER PAYMENT TO ENFORCE PERMIT REQUIREMENT. To have illegally parked vehicle ticketed: Call 510-777-3333. Applicant arranges towing. Comply with terms set forth in CVC Section 22651 (m). For towed vehicle: Call 510-238-3021.",,
"06/03/2026","Permit Expired","OB2600666","Obstruction","2888 DELAWARE ST, Oakland CA 94602","PG&E PM35068306-3A- (phase 2 of 3) Loc # 32, 33, 34, 35, 50, 51, 52, 53, 54, 55, 56, 57, 58, 59, & 60. Tree trimming required. Replace 12 poles, 5 transformers, and oh services.  Install 2 transformers.Reserve 4 (100') NON-METERED parking space(s) in front of parcel only for dumpster, construction vehicle, moving van or storage pod. Post No-parking signs 72 hours prior in residential areas. No impact on traffic lane or sidewalk allowed, except as noted on TCP/X permit. NO-PARKING SIGNS SHALL PICKED UP BY APPLICANT AFTER PAYMENT TO ENFORCE PERMIT REQUIREMENT. To have illegally parked vehicle ticketed: Call 510-777-3333. Applicant arranges towing. Comply with terms set forth in CVC Section 22651 (m). For towed vehicle: Call 510-238-3021.2888 & 2966 DELAWARE ST",,
"06/03/2026","Permit Issued","RP2600734","(RP) Plumbing - 1 & 2 Unit Residential (Building)","3627 MAJESTIC AVE, Oakland CA 94605","Extending houseline gas plumbing to facilitate meter move",,
"06/03/2026","Permit Expired","OB2600665","Obstruction","2928 GEORGIA ST, Oakland CA 94602","PG&E PM:35068306-1- tree trimming required. Replace 7 poles (AT&T to remove old per PG256047JQ). Replace 5 poles in same hole. Replace 2 transformers, a switch, and 35 services.  Install anchor and recloser. Replace 802' of primary with 3-397AL. No New Poles are approved under this permit.Reserve 5 (125') NON-METERED parking space(s) in front of parcel only for dumpster, construction vehicle, moving van or storage pod. Post No-parking signs 72 hours prior in residential areas. No impact on traffic lane or sidewalk allowed, except as noted on TCP/X permit. NO-PARKING SIGNS SHALL PICKED UP BY APPLICANT AFTER PAYMENT TO ENFORCE PERMIT REQUIREMENT. To have illegally parked vehicle ticketed: Call 510-777-3333. Applicant arranges towing. Comply with terms set forth in CVC Section 22651 (m). For towed vehicle: Call 510-238-3021.2928 to 2815B GEORGIA ST",,
"06/03/2026","Permit Issued","RP2600732","(RP) Plumbing - 1 & 2 Unit Residential (Building)","6042 OUTLOOK AVE, Oakland CA 94605","Extending houseline gas plumbing to facilitate meter move",,
"06/03/2026","Permit Expired","OB2600664","Obstruction","3210 MAPLE AVE, Oakland CA 94602","PG&E PM:35068306-3- (phase 1 of three). Tree trimming required. Replace 10 poles Loc 23, 24, 25, 26, 27, 28, 29, 30, 31, & 91 (AT&T to remove old per PG256047JQ). Replace 2 transformers, and overhead services. Install 3 Tx's, Replace secondary, primary with 3-715A, 625' 1-2C, 251' of 1-4AR & associated equipment See drawings for more details.Reserve 8 (200') NON-METERED parking space(s) in front of parcel only for dumpster, construction vehicle, moving van or storage pod. Post No-parking signs 72 hours prior in residential areas. No impact on traffic lane or sidewalk allowed, except as noted on TCP/X permit. NO-PARKING SIGNS SHALL PICKED UP BY APPLICANT AFTER PAYMENT TO ENFORCE PERMIT REQUIREMENT. To have illegally parked vehicle ticketed: Call 510-777-3333. Applicant arranges towing. Comply with terms set forth in CVC Section 22651 (m). For towed vehicle: Call 510-238-3021.3210 TO 3308 MAPLE AVE",,
"06/03/2026","Void","RBC2601545","(RBC) - Building Residential Combo Alteration- 1 & 2 Unit Residential (Building)","405 42ND ST, Oakland CA 94609","New 799 sqft detached ADU consisting of 2 bedrooms/1.5 bathrooms at right of duplex. MEP included. Proposed address is 407 42ND ST. Demo permit under RB2601492. ADU260089.",,
"06/03/2026","Permit Expired","OB2600663","Obstruction","3520 MAPLE AVE, Oakland CA 94602","PG&E PM35068306-3A- (phase 2 of 3) Loc # 32, 33, 34, 35, 50, 51, 52, 53, 54, 55, 56, 57, 58, 59, & 60. Tree trimming required. Replace 12 poles, 5 transformers, and oh services.  Install 2 transformers.Reserve 10 (250') NON-METERED parking space(s) in front of parcel only for dumpster, construction vehicle, moving van or storage pod. Post No-parking signs 72 hours prior in residential areas. No impact on traffic lane or sidewalk allowed, except as noted on TCP/X permit. NO-PARKING SIGNS SHALL PICKED UP BY APPLICANT AFTER PAYMENT TO ENFORCE PERMIT REQUIREMENT. To have illegally parked vehicle ticketed: Call 510-777-3333. Applicant arranges towing. Comply with terms set forth in CVC Section 22651 (m). For towed vehicle: Call 510-238-3021.3520 to 3663 MAPLE AVE",,
"06/03/2026","Payment Received","OB2600662","Obstruction","3656 M L KING JR WY, Oakland CA 94609","place safold No impact on traffic lane or sidewalk allowed. No-parking signs picked up by applicant after payment, 4TH FLOOR. To Have Illegally Parked Vehicle Ticketed Call 510-777-3333. Applicant arranges towing. Comply with terms set forth in CVC Section 22651 (m). For Towed Vehicle: Call 510-238-3021.Contact:",,
"06/03/2026","Void","CGS2601346","DOT - Curb Gutter Sidewalk Standard Compliance Certificate","1887 TRESTLE GLEN RD, Oakland CA 94610",,,
"06/03/2026","Permit Issued","RP2600731","(RP) Plumbing - 1 & 2 Unit Residential (Building)","5925 OUTLOOK AVE, Oakland CA 94605","Extending houseline gas plumbing to facilitate meter move",,
"06/03/2026","Final","RE2601373","(RE) - Electrical - 1 & 2 Unit Residential (Building)","2107 69TH AVE, Oakland CA 94621","125 amp sub panel replacement - like for like",,
"06/03/2026","Permit Issued","SEA2600508","SolarApp+ (For roof mounted residential solar projects not exceeding 38.4kw total done with SolarApp+- contractor use)","26 CATHY LN, Oakland CA 94619","PV Rooftop 13.2 kW + ESS (1) Tesla Powerwall 3 w/ (1) Expansion ; 200A main panel upgrade",,
"06/03/2026","Permit Issued","P2600729","(P) - Plumbing - 3+ Residential Units or commercial (Building)","904 54TH AVE, Oakland CA 94601","To install water heater for commercial building.",,
"06/03/2026","Final Check - On Hold","CGS2601344","DOT - Curb Gutter Sidewalk Standard Compliance Certificate","3426 PIERSON ST, Oakland CA 94619",,,
"06/03/2026","Permit Expired","OB2600661","Obstruction","2854 MONTANA ST, Oakland CA 94602","PG&E PM:35068306-3- (phase 1 of three). Tree trimming required. Replace 10 poles Loc 23, 24, 25, 26, 27, 28, 29, 30, 31, & 91 (AT&T to remove old per PG256047JQ). Replace 2 transformers, and overhead services. Install 3 Tx's, Replace secondary, primary with 3-715A, 625' 1-2C, 251' of 1-4AR & associated equipment See drawings for more details. Reserve 5 (125') NON-METERED parking space(s) in front of parcel only for dumpster, construction vehicle, moving van or storage pod. Post No-parking signs 72 hours prior in residential areas. No impact on traffic lane or sidewalk allowed, except as noted on TCP/X permit. NO-PARKING SIGNS SHALL PICKED UP BY APPLICANT AFTER PAYMENT TO ENFORCE PERMIT REQUIREMENT. To have illegally parked vehicle ticketed: Call 510-777-3333. Applicant arranges towing. Comply with terms set forth in CVC Section 22651 (m). For towed vehicle: Call 510-238-3021.2854 to 2836 Montana St",,
"06/03/2026","Permit Issued","CGS2601343","DOT - Curb Gutter Sidewalk Provisional Certificate","1672 67TH AVE, Oakland CA 94621",,,
"06/03/2026","Permit Expired","OB2600660","Obstruction","5812 FOOTHILL BLVD, Oakland CA 94605","Reserve 4 NON-METERED parking space(s) in front of parcel only for dumpster, construction vehicle, moving van or storage pod. Post No-parking signs 72 hours prior in residential areas. No impact on traffic lane or sidewalk allowed. No-parking signs picked up by applicant after payment, 4TH FLOOR. To Have Illegally Parked Vehicle Ticketed Call 510-777-3333. Applicant arranges towing. Comply with terms set forth in CVC Section 22651 (m). For Towed Vehicle: Call 510-238-3021.",,
"06/03/2026","On Hold - Field Check Pending","RBC2601544","(RBC) - Building Residential Combo Alteration- 1 & 2 Unit Residential (Building)","1949 94TH AVE, Oakland CA 94603","At single family dwelling remove unpermitted carport attached to garage and returnstructure back to its original condition",,
"06/03/2026","Void","OB2600659","Obstruction","5812 FOOTHILL BLVD, Oakland CA 94605","Reserve # NON-METERED parking space(s) in front of parcel only for dumpster, construction vehicle, moving van or storage pod. Post No-parking signs 72 hours prior in residential areas. No impact on traffic lane or sidewalk allowed. No-parking signs picked up by applicant after payment, 4TH FLOOR. To Have Illegally Parked Vehicle Ticketed Call 510-777-3333. Applicant arranges towing. Comply with terms set forth in CVC Section 22651 (m). For Towed Vehicle: Call 510-238-3021.",,
"06/03/2026","Plan Routing - Completed","B2601543","(B) - Building Alteration - 3+ Residential Units or Commercial (Building)","250 OAK ST, Oakland CA","Verizon wireless pole (PG&E)-mounted equipment modification: to remove 3 (E) panel antennas, install 3 new 5G antennas/radios. All equipment to be color matches to pole. DRX260762",,
"06/03/2026","Permit Issued","CGS2601341","DOT - Curb Gutter Sidewalk Provisional Certificate","5672 CARBERRY AVE, Oakland CA 94609",,,
"06/03/2026","On Hold - Field Check Pending","RBC2601542","(RBC) - Building Residential Combo Alteration- 1 & 2 Unit Residential (Building)","690 CLARA ST, Oakland CA 94603","At existing SFD, repair damage cause by fire to living, dining, master bedroom, kitchen, hallway, and roof. Includes related MEPs. No wall or layout changes. DRX260634. To abate CE# 2501665",,
"06/03/2026","Permit Issued","CGS2601340","DOT - Curb Gutter Sidewalk Standard Compliance Certificate","3330 MONTEREY BLVD, Oakland CA 94602",,,
"06/03/2026","Pending - Incomplete","BW26001701","(BW) - Building Worksheet (Building)","744 65TH ST, Oakland CA 94609","(REVISION)2nd permit for work on accessory building of permit #RBC2504000The work involved for this permit is only to replace (e) hot water heater & dryer and that the exterior heat pump units for the main house are alongside the accessory building wall.",,
"06/03/2026","Complete","BW26001700","(BW) - Building Worksheet (Building)","744 65TH ST, Oakland CA 94609","Building Plan Check Revision RBC2504000For project under constructionscope change is to also replace existing windows with new inserts.Uploading all drawing set, please advise if need to strip to just sheets with changes",,
"06/03/2026","Plan Routing - Completed","B2601541","(B) - Building Alteration - 3+ Residential Units or Commercial (Building)","4001 CARSON ST, Oakland CA 94619","Verizon wireless pole-mounted equipment modification: to remove 3 (E) panel antennas, install 3 new 5G antennas/radios. All equipment to be color matches to pole. DRX260697.",,
"06/03/2026",,"PPE2600055","Public Private Easement","3207 LAKESHORE AVE, Oakland CA 94610","Commemoratively renaming the plaza (a public right of way) at the Oakland LGBTQ Community Center as ""Moore Hope Plaza""",,
"06/03/2026","Permit Issued","CGS2601339","DOT - Curb Gutter Sidewalk Standard Compliance Certificate","3100 TELEGRAPH AVE, Oakland CA 94609",,,
"06/03/2026","On Hold","B2601540","(B) - Building Alteration - 3+ Residential Units or Commercial (Building)","7000 COLISEUM WY, Oakland CA 94621","AT&T proposes to modify an existing AT&T Cell site by removing 6 existing antennas and install 6 new to existing telecom facility. DS260145",,
"06/03/2026","On Hold - Field Check Pending","RBC2601539","(RBC) - Building Residential Combo Alteration- 1 & 2 Unit Residential (Building)","573 MONTCLAIR AVE, Oakland CA 94606","At rear of SFD: Fire damage repairs to deck and siding. Replacing entire rear deck like for like and replacement retrofit 4 damaged windows, install 1 garden/bay window and replace rear elevation wood siding. No M-E-P included. No painting.",,
"06/03/2026","Permit Issued","P2600726","(P) - Plumbing - 3+ Residential Units or commercial (Building)","300 LAKESIDE DR, Oakland CA","Install insta-hot fixture and construct new bathroom related to B2600895",,
"06/03/2026","Permit Expired","OB2600658","Obstruction","1523 HARRISON ST, Oakland CA 94612","Reserve 21 METERED parking space(s) in front of parcel only for dumpster, construction vehicle, moving van or storage pod. No impact on traffic lane or sidewalk allowed, except as noted except as noted on TCP/X permit. NO-PARKING SIGNS SHALL PICKED UP BY APPLICANT AFTER PAYMENT TO ENFORCE PERMIT REQUIREMENT. To have illegally parked vehicle ticketed: Call 510-777-3333. Applicant arranges towing. Comply with terms set forth in CVC Section 22651 (m). For towed vehicle: Call 510-238-3021.Comply with all terms, conditions and restrictions stated in the Traffic Control Plan. Any/all changes need prior written approval. Provide original Traffic Control Plan at each renewal.06/03/2026: TCP GOOD FOR 06/13/2026, 9AM-4PM, PER T.CHUNG",,
"06/03/2026","Permit Issued","SEA2600507","SolarApp+ (For roof mounted residential solar projects not exceeding 38.4kw total done with SolarApp+- contractor use)","10422 ROYAL OAK RD, Oakland CA 94605","4.05 KW DC (9) Panels Roof Mount PV system with (1) ESS, New 200A MPU.",,
"06/03/2026","Ready to Issue - Fee Due","X2600420","DOT - Excavation (X)","13340 SLOPE CREST DR, Oakland CA 94619","PG&E PM 35731170; Permit for restoration from after the fact emergency pad-mount TX replacement. 35731170.  Ensure that environmental controls are in place to prevent dust/debris/wastewater from contaminating environment. If working within 15 feet of a monument you must comply with State Law 8771, contact the Inspector prior to starting excavation: minimum $5,800.00 fine for non-compliance. Comply with all terms of City of Oakland Public Works Standards, Street Excavation Rules, Revised August 2021 and City Council Ordinance No. 13300 C.M.S. Five days’ prior notice required for work lasting five days or less in business/commercial districts: 72-hours’ notice in residential districts. Ten days prior notice required for work lasting six days or more in all districts. Schedule INSPECTION at least 48 hours in advance at: http://oaklanddot.com/projects/search.html """,,
"06/03/2026","Inspections - In Progress","SL2601089","(SL) - Sewer Lateral (OPW)","2633 E 27TH ST, Oakland CA 94601","Repair/replace sewer lateral and EXCAVATE in PUBLIC RIGHT-OF-WAY. Overflow device may be needed.  If working within 25' feet of a monument you must comply with State Law 8771, contact the Inspector prior to starting excavation: minimum $5,800.00 fine for non-compliance. Comply with all terms of City of Oakland Public Works Standards, Street Excavation Rules, Revised March 2015 and City Council Ordinance No. 13300 C.M.S. Five days prior notice required for work lasting five days or less in business/commercial districts; 72 hour notice in residential districts. Ten days prior notice required for work lasting six days or more in all districts. USA # and date must be provided in order to have a permit issued. Permit valid 90 days. If the work is to be performed on a designated “Creekside Property” the work will require a “Creek Protection Permit”.  **Please submit your scheduling request via the contractor's mobile app at https://citygovapp.com/app/opwirprod.htm",,
"06/03/2026","Final","RM2600711","(RM) - Mechanical - 1 & 2 Unit Residential (Building)","6307 MELVILLE DR, Oakland CA 94611","12 SUPPLIES ALUMA FLEX DUCTS",,
"06/02/2026","Pending-Document Uploaded","R2600688","(R) - ReRoof Certificate (Building)","5475 REDWOOD RD, Oakland CA 94619","Install CertianTeed Landmark Pro Comp Shingle System",,
"06/02/2026","Final","RP2600720","(RP) Plumbing - 1 & 2 Unit Residential (Building)","45 STARVIEW DR, Oakland CA 94618","Remove old gas tank water heater  install new 50 gallons gas tank water heater in same location in garage.",,
"06/02/2026","Final","RM2600708","(RM) - Mechanical - 1 & 2 Unit Residential (Building)","2625 HIGH ST, Oakland CA 94619","Install one new 27,000 BTU multi-zone ductless mini-split heat pump system serving an existing 1,163 square foot single family residence. System to provide heating and cooling to designated living and sleeping areas of the residence.Scope of work includes:* Installation of one (1) 27,000 BTU ACiQ outdoor heat pump condenser mounted on an approved equipment pad.* Installation of three (3) ACiQ wall-mounted indoor ductless air handling units with capacities of: two (2) 9,000 BTU units and one (1) 18,000 BTU unit.* Installation of refrigerant piping, condensate drain lines, control wiring, and electrical interconnections between the outdoor condenser and indoor air handling units.* Wall penetrations as required for lines sets and condensate drains. All penetrations to be properly sealed and weatherproofed.* Installation of a dedicated branch circuit for the outdoor condenser unit, including a code-compliant exterior HVAC disconnect/shutoff switch located within sight of the equipment",,
"06/02/2026","Intake - On Hold","SL2601088","(SL) - Sewer Lateral (OPW)","7961 PHAETON DR, Oakland CA 94605","Sewer lateral replacement as required for change of ownership.",,
"06/02/2026","Permit Issued","CGS2601333","DOT - Curb Gutter Sidewalk Exemption Certificate","7279 SNAKE RD, Oakland CA 94611",,,
"06/02/2026","Permit Issued","E2601367","(E) - Electrical - 3+ Residential Units or Commercial (Building)","2944 WEBSTER ST, Oakland CA 94609","2 units, 3 sub panels replacement. Bring all panels up to code and out of unpermitted areas; Closet, Bathroom, & Kitchen. All required breakers will have arc-fault protected circuit breakers.",,
"06/02/2026","Inspections - In Progress","SL2601087","(SL) - Sewer Lateral (OPW)","1029 57TH ST, Oakland CA 94608","Repair/replace sewer lateral and EXCAVATE in PUBLIC RIGHT-OF-WAY. Overflow device may be needed.  If working within 25' feet of a monument you must comply with State Law 8771, contact the Inspector prior to starting excavation: minimum $5,800.00 fine for non-compliance. Comply with all terms of City of Oakland Public Works Standards, Street Excavation Rules, Revised March 2015 and City Council Ordinance No. 13300 C.M.S. Five days prior notice required for work lasting five days or less in business/commercial districts; 72 hour notice in residential districts. Ten days prior notice required for work lasting six days or more in all districts. USA # and date must be provided in order to have a permit issued. Permit valid 90 days. If the work is to be performed on a designated “Creekside Property” the work will require a “Creek Protection Permit”. If the property is not currently flagged in Accela as a “Creekside Property” but work will be performed within 100’ of a creek channel, a “Creek Determination” should be conducted to determine if the work is subject to the Creek Protection Ordinance.  Call PWA INSPECTION prior to start: 510-238-3651 or email PWA_inspections@oaklandca.gov.",,
"06/02/2026","Permit Issued","CGS2601322","DOT - Curb Gutter Sidewalk Exemption Certificate","9108 GOLF LINKS RD, Oakland CA 94605",,,
"06/02/2026","Complete","BW26001690","(BW) - Building Worksheet (Building)","418 45TH ST, Oakland CA 94609","INTERIOR REMODEL TO RECONFIGURE EXISTING OFFICE AND BEDROOM INTO A NEW PRIMARY BEDROOM, INCLUDING THE ADDITION OF ONE NEW BATHROOM. REPLACEMENT OF TEN (10) FAILING SINGLE-PANE WINDOWS ON THE REAR (NORTH) AND SIDE (WEST) ELEVATIONS ONLY. ALL IN EXISTING OPENINGS, WITH SIZES SLIGHTLY ADJUSTED AS REQUIRED TO ACCOMMODATE STRUCTURAL HEADERS AND 24"" MIN. SILL HEIGHTS. NO CHANGES TO THE FRONT (SOUTH) FACADE. ALL REPLACEMENT WINDOWS ARE ON ELEVATIONS NOT VISIBLE FROM ANY PUBLIC WAY. NO CHANGE TO BUILDING FOOTPRINT, ROOFLINE, DWELLING UNIT COUNT, OR BUILDING ENVELOPE.",,
"06/02/2026","Inspections - In Progress","SL2601083","(SL) - Sewer Lateral (OPW)","5716 MERRIEWOOD DR, Oakland CA 94611","Repair/replace sewer lateral and EXCAVATE in PUBLIC RIGHT-OF-WAY. Overflow device may be needed.  If working within 25' feet of a monument you must comply with State Law 8771, contact the Inspector prior to starting excavation: minimum $5,800.00 fine for non-compliance. Comply with all terms of City of Oakland Public Works Standards, Street Excavation Rules, Revised March 2015 and City Council Ordinance No. 13300 C.M.S. Five days prior notice required for work lasting five days or less in business/commercial districts; 72 hour notice in residential districts. Ten days prior notice required for work lasting six days or more in all districts. USA # and date must be provided in order to have a permit issued. Permit valid 90 days. If the work is to be performed on a designated “Creekside Property” the work will require a “Creek Protection Permit”. If the property is not currently flagged in Accela as a “Creekside Property” but work will be performed within 100’ of a creek channel, a “Creek Determination” should be conducted to determine if the work is subject to the Creek Protection Ordinance.  Call PWA INSPECTION prior to start: 510-238-3651 or email PWA_inspections@oaklandca.gov. USA #2026052702088",,
"06/02/2026","Complete","BW26001693","(BW) - Building Worksheet (Building)","1048 85TH AVE, Oakland CA 94621","Legalize existing ADU built without permits",,
"06/02/2026","Permit Issued","CGS2601328","DOT - Curb Gutter Sidewalk Standard Compliance Certificate","4730 CONGRESS AVE, Oakland CA 94601",,,
"06/02/2026","Plan Review Required","SL2601082","(SL) - Sewer Lateral (OPW)","2267 39TH AVE, Oakland CA 94601","Sewer replacement from house to main located in property approximately 80 feet with 4''HDPE via trenchless method.",,
"06/02/2026","Permit Issued","CGS2601326","DOT - Curb Gutter Sidewalk Standard Compliance Certificate","4113 TERRACE ST, Oakland CA 94611",,,
"06/02/2026","Permit Issued","CGS2601324","DOT - Curb Gutter Sidewalk Provisional Certificate","4621 LINCOLN AVE, A, Oakland CA 94602",,,
"06/02/2026","Completed Cert Received","R2600689","(R) - ReRoof Certificate (Building)","1141 E 33RD ST, Oakland CA 94610","Tear of existing cap sheet roof surface. Apply a layer of #30 lbs underlayment and composition shingle.",,
"06/02/2026","Complete","BW26001685","(BW) - Building Worksheet (Building)","2711 SAN PABLO AVE, Oakland CA 94612","VERIZON WIRELESS PROPOSES TO MODIFY AN EXISTING WIRELESS COMMUNICATION SITE ON A STEEL PG&E LIGHT POLE IN THE PUBLIC RIGHT-OF-WAY.SCOPE:· REMOVE (3) EXISTING PANEL ANTENNAS· INSTALL (3) NEW 5G ANTENNA/RADIOS ON SIDE OF POLE· CABLING TO BE INSTALLED IN A TIGHT NEAT MANNER WITHOUT EXCESS CABLE LOOPS· ALL VERIZON WIRELESS ADDED APPURTENANCES SHALL BE FILMED TO MATCH POLE COLOR  (RAL 5020 - TEAL GREEN, OR EQUIVALENT) (3M WRAPPED)",,
"06/02/2026","Pending - Incomplete","BW26001689","(BW) - Building Worksheet (Building)","3931 GARDENIA PL, Oakland CA 94605","Owner purchased the home with a partial ADU conversation of the garage.  The ADU uses most of the garage space and the previous owner built additional two rooms and a bath in the back.  Current owner added a kitchen on the ADU.  In addition, the main home had a covered porch when purchased.  The porch was the same that is existing on the front. The porch is  224 SF in which the current owner inclosed the porch making it livable space.  Owner is completing the ADU and applying for the permit for both modifications per the city's request.",,
"06/02/2026",,"26TMP-026665","DOT - Curb Gutter Sidewalk Provisional Certificate","1672 67TH AVE, Oakland CA 94621",,,
"06/02/2026","Permit Issued","M2600710","(M) - Mechanical - 3+ Residential Units or Commercial (Building)","731 E 10th ST, Oakland CA 94606 United States","bathroom upgrades-install 3 new bathroom exhaust fan ducts for 3 new bathroom exhaust fans. each bath room is roughly 64 sq ft",,
"06/02/2026","Inspections - In Progress","SL2601086","(SL) - Sewer Lateral (OPW)","2533 HARRINGTON AVE, Oakland CA 94601","Repair/replace sewer lateral and EXCAVATE in PUBLIC RIGHT-OF-WAY. Overflow device may be needed.  If working within 25' feet of a monument you must comply with State Law 8771, contact the Inspector prior to starting excavation: minimum $5,800.00 fine for non-compliance. Comply with all terms of City of Oakland Public Works Standards, Street Excavation Rules, Revised March 2015 and City Council Ordinance No. 13300 C.M.S. Five days prior notice required for work lasting five days or less in business/commercial districts; 72 hour notice in residential districts. Ten days prior notice required for work lasting six days or more in all districts. USA # and date must be provided in order to have a permit issued. Permit valid 90 days. If the work is to be performed on a designated “Creekside Property” the work will require a “Creek Protection Permit”. If the property is not currently flagged in Accela as a “Creekside Property” but work will be performed within 100’ of a creek channel, a “Creek Determination” should be conducted to determine if the work is subject to the Creek Protection Ordinance.  Call PWA INSPECTION prior to start: 510-238-3651 or email PWA_inspections@oaklandca.gov.",,
"06/02/2026","Complete","BW26001688","(BW) - Building Worksheet (Building)","1351 HAMPEL ST, Oakland CA 94602","Voluntary seismic retrofit",,
"06/02/2026","Complete","BW26001696","(BW) - Building Worksheet (Building)","4254 DETROIT AVE, Oakland CA 94619","Remove partial existing foundation and replace",,
"06/02/2026","Permit Issued","CGS2601330","DOT - Curb Gutter Sidewalk Provisional Certificate","557 ATHOL AVE, Oakland CA 94606",,,
"06/02/2026","Permit Issued","CGS2601318","DOT - Curb Gutter Sidewalk Exemption Certificate","5263 PROCTOR AVE, Oakland CA 94618",,,
"06/02/2026","Permit Issued","CGS2601331","DOT - Curb Gutter Sidewalk Standard Compliance Certificate","1004 39TH ST, Oakland CA 94608",,,
"06/02/2026","Inspections - In Progress","SL2601081","(SL) - Sewer Lateral (OPW)","2242 8TH AVE, Oakland CA 94606","Repair/replace sewer lateral and EXCAVATE in PUBLIC RIGHT-OF-WAY. Overflow device may be needed. If working within 25' feet of a monument you must comply with State Law 8771, contact the Inspector prior to starting excavation: minimum $5,800.00 fine for non-compliance. Comply with all terms of City of Oakland Public Works Standards, Street Excavation Rules, Revised March 2015 and City Council Ordinance No. 13300 C.M.S. Five days prior notice required for work lasting five days or less in business/commercial districts; 72 hour notice in residential districts. Ten days prior notice required for work lasting six days or more in all districts. USA # and date must be provided in order to have a permit issued. Permit valid 90 days. If the work is to be performed on a designated “Creekside Property” the work will require a “Creek Protection Permit”. If the property is not currently flagged in Accela as a “Creekside Property” but work will be performed within 100’ of a creek channel, a “Creek Determination” should be conducted to determine if the work is subject to the Creek Protection Ordinance. Call PWA INSPECTION prior to start: 510-238-3651 or email PWA_inspections@oaklandca.gov. USA# 2026060200725-000 6/02/2026",,
"06/02/2026","Permit Issued","RE2601357","(RE) - Electrical - 1 & 2 Unit Residential (Building)","6109 WESTOVER DR, Oakland CA 94611","Main Panel Upgrade 100A to 200A 100A Sub Panel Replacement",,
"06/02/2026","Permit Issued","RE2601361","(RE) - Electrical - 1 & 2 Unit Residential (Building)","1485 5TH ST, Oakland CA 94607","Replace electrical panel for units 1485 and 1487. Will install dual meter cabinet; 200A.",,
"06/02/2026","Permit Issued","CGS2601332","DOT - Curb Gutter Sidewalk Provisional Certificate","608 58TH ST, Oakland CA 94609",,,
"06/02/2026","Pending - Incomplete","BW26001675","(BW) - Building Worksheet (Building)","2201 E 7TH ST, Oakland CA 94606","The project is for the demolition and removal a fire damaged dock from the Tidal Estuary located at 2201 E 7th Street Oakland CA 94606, following the receipt of notification from the Bay Conservation and Development Commission (BCDC) that the dock is in violation and must be removed. The dock was erected pre 1921 and is approximately 450ft in length and 30ft wide (Total 13,500sqft.) and is primarily constructed  of wood with a cement structure.",,
"06/02/2026","Permit Issued","SEA2600497","SolarApp+ (For roof mounted residential solar projects not exceeding 38.4kw total done with SolarApp+- contractor use)","2036 82ND AVE, Oakland CA 94621","ROOF MOUNT INSTALLATION OF 6.16KW PV SYSTEM WITH 1 ESS AND MAIN PANEL UPGRADE TO 225A BSUBAR/200A BREAKER RATING",,
"06/02/2026","Complete","BW26001679","(BW) - Building Worksheet (Building)","1800 SAN PABLO AVE, OAKLAND CA 94612","Addition of Sixteen (16) Level II Electric Vehicle charging stations and the electrical infrastructure to support them. This will include a new utility service connection, Battery Energy Storage System (BESS), and power distribution infrastructure. There will be a new electrical equipment yard build on a concrete pad and 5-sided enclosure for security, new concrete sitewalk, and parking striping to accommodate an accessible EV charging parking stall.",,
"06/02/2026","Certificate Issued","R2600694","(R) - ReRoof Certificate (Building)","10168 FOOTHILL BLVD, Oakland CA 94605","Re-roof, tear-off of 18 SQ  Install 60 ml TPO Membrane",,
"06/02/2026","Complete","BW26001672","(BW) - Building Worksheet (Building)","5908 MONADNOCK WY, Oakland CA 94605","Earthquake Brace and Bolt per California standard plan A.",,
"06/02/2026","Inspections - In Progress","SL2601080","(SL) - Sewer Lateral (OPW)","2622 KINGSLAND AVE, Oakland CA 94619","sewer lateral replacement from the property house to the other side across the street.  no street excavation",,
"06/02/2026","Certificate Issued","R2600695","(R) - ReRoof Certificate (Building)","452 NEWTON AVE, Oakland CA 94606","TEAR OFF AND REROOF WITH 23 SQUARES OF NEW DIMENSIONAL SHINGLES. NO RESHEET",,
"06/02/2026","Permit Issued","RE2601368","(RE) - Electrical - 1 & 2 Unit Residential (Building)","5653 FLORENCE TER, OAKLAND CA 94611","Main Panel Upgrade 100A to 200A",,
"06/02/2026","Permit Issued","CGS2601327","DOT - Curb Gutter Sidewalk Standard Compliance Certificate","1138 BELLA VISTA AVE, Oakland CA 94610",,,
"06/02/2026","Certificate Issued","R2600690","(R) - ReRoof Certificate (Building)","5235 MACARTHUR BLVD, Oakland CA 94619","reroofing and replacing shingles",,
"06/02/2026","Complete","BW26001684","(BW) - Building Worksheet (Building)","5473 EL CAMILE AVE, Oakland CA 94619","Partial foundation replacement (approximately 46-linear feet to be replaced) in accordance to the City of Oakland's foundation specifications found in the manualPerimeter T Foundation for Exterior Walls with Girder(Adopted from ORC Section R403)",,
"06/02/2026","Certificate Issued","R2600693","(R) - ReRoof Certificate (Building)","3018 CALIFORNIA ST, Oakland CA 94602","Overlay existing roof with new comp shingles.",,
"06/02/2026","Permit Issued","SEA2600495","SolarApp+ (For roof mounted residential solar projects not exceeding 38.4kw total done with SolarApp+- contractor use)","631 APGAR ST, Oakland CA 94609","Rooftop Mounted Solar Energy SystemPV+ST12 Q.PEAK DUO BLK ML-G10.C+ 410 solar modules12 IQ8HC-72-M-DOM-US {240V} microinverters1 IQBATTERY-10C-1P-NA ESSNew Busbar count - 2System Size: 4.92 kW DC (4.56 kW AC)",,
"06/02/2026","Complete","BW26001694","(BW) - Building Worksheet (Building)","630 PANORAMIC WY, Oakland CA 94704","The project includes replacing 3 existing rear decks like-for-like with glass guardrails.Change in footprint of deck is less than 10%",,
"06/02/2026","Pending - Incomplete","BW26001692","(BW) - Building Worksheet (Building)","1048 85TH AVE, Oakland CA 94621","Convert an existing building previously used and a cabinet shop into a residence. Residence to be 4-bedroom 3 bath of 1875 sq. ft.",,
"06/02/2026","Inspections - In Progress","SL2601085","(SL) - Sewer Lateral (OPW)","7185 HOMEWOOD DR, Oakland CA 94611","Repair/replace building sewer ON PROPERTY ONLY. SL & X required beyond PL. Overflow device may be needed. If working within 15' feet of a monument you must comply with State Law 8771, contact the Inspector prior to starting excavation: minimum $5,800.00 fine for non-compliance. USA and date must be provided in order to have a permit issued. Permit valid for 180 days. If the work is to be performed on a designated “Creekside Property” the work will require a “Creek Protection Permit”. If the property is not currently flagged in Accela as a “Creekside Property” but work will be performed within 100’ of a creek channel, a “Creek Determination” should be conducted to determine if the work is subject to the Creek Protection Ordinance. Permit valid 180 days. PRIOR TO START, please schedule your inspection via the contractor's mobile app: https://citygovapp.com/app/opwirprod.htm USA# 2026060200813-000 6/2/2026",,
"06/02/2026","Permit Issued","CGS2601334","DOT - Curb Gutter Sidewalk Exemption Certificate","6228 SWAINLAND RD, Oakland CA 94611",,,
"06/02/2026","Permit Issued","RE2601362","(RE) - Electrical - 1 & 2 Unit Residential (Building)","343 CHESTER ST, Oakland CA 94607","Upgrading from 100 amp to 200 amp main meter service. Overhead feed",,
"06/02/2026","Permit Issued","SEA2600496","SolarApp+ (For roof mounted residential solar projects not exceeding 38.4kw total done with SolarApp+- contractor use)","698 33RD ST, Oakland CA 94609","Rooftop Mounted Solar Energy SystemPV+ST7 Q.PEAK DUO BLK ML-G10+ 410 solar modules1 1707000-XX-Y {11.5kW} inverter1 1707000-XX-Y {11.5kW} ESSNew Busbar count - 1System Size: 2.87 kW DC (11.5 kW AC)",,
"06/02/2026","Complete","BW26001677","(BW) - Building Worksheet (Building)","107 BURMA RD, OAKLAND CA 94607","Remove (2) antennas, (2) radios, (2) cables, (2) T-arm mounts, and (1) collar mount. Relocate (4) antennas and (1) radio. Install new mount, (3) antennas, (4) radios, and (2) hybrid trunk cables. Ground: Remove (1) enclosure and relocate (1) enclosure.",,
"06/02/2026","Final","SEA2600501","SolarApp+ (For roof mounted residential solar projects not exceeding 38.4kw total done with SolarApp+- contractor use)","5895 SCARBOROUGH DR, Oakland CA 94611","PV ROOF MOUNTED WITH ENERGY STORAGE",,
"06/02/2026","Permit Issued","CGS2601323","DOT - Curb Gutter Sidewalk Provisional Certificate","3101 SHEFFIELD AVE, Oakland CA 94602",,,
"06/02/2026","Permit Issued","CGS2601316","DOT - Curb Gutter Sidewalk Provisional Certificate","424 MERRITT AVE, Oakland CA 94610",,,
"06/02/2026","Permit Issued","SEA2600498","SolarApp+ (For roof mounted residential solar projects not exceeding 38.4kw total done with SolarApp+- contractor use)","4121 GILBERT ST, Oakland CA 94611","8 ELNSM54M-HC-N-450 solar modules1 1707000-XX-Y {11.5kW} inverter1 1707000-XX-Y {11.5kW} ESSSystem Size: 3.6 kW DC (11.5 kW AC)",,
"06/02/2026","Pending - Incomplete","BW26001687","(BW) - Building Worksheet (Building)","4548 SAINT ANDREWS RD, Oakland CA 94605","Landscape improvements including retaining walls, paving, steps and fencing.",,
"06/02/2026","Complete","BW26001678","(BW) - Building Worksheet (Building)","4810 FAIRFAX AVE, Oakland CA 94601","Request for Revisions: B2502355 // DRX250777 Alan LuDuring course of repairs additional framing damage was discovered. Repair work is to be in-kind/As-Built, with new materials as necessary, cutting back joists and adding new joists (Sister) to modified joists. Replace framing studs, plates, headers, framing components as needed.  Install new stucco, drywall, texture, prime paint, finish paint to match as close as possible.",,
"06/02/2026","Pending - Incomplete","BW26001680","(BW) - Building Worksheet (Building)","2028 HARRINGTON AVE, Oakland CA 94601","exterior elevated element( exterior stair in front building",,
"06/02/2026","Complete","BW26001673","(BW) - Building Worksheet (Building)","10539 CREEKSIDE CIR, Oakland CA 94603","Legalized patio cover for back area of dwelling",,
"06/02/2026","Permit Issued","SEA2600499","SolarApp+ (For roof mounted residential solar projects not exceeding 38.4kw total done with SolarApp+- contractor use)","6606 DANA ST, Oakland CA 94609","(N) Residential Roof-mount Solar PV, (12) Modules, (5.28) kW (N) Battery Backup, (1) Tesla Powerwall (13.5) kWh",,
"06/02/2026","Permit Issued","RE2601366","(RE) - Electrical - 1 & 2 Unit Residential (Building)","4072 OAK HILL RD, Oakland CA 94605","Main Panel Upgrade 100A to 200ANew 240v 50A Circuit for Ev Car Charger",,
"06/02/2026","Permit Issued","CGS2601314","DOT - Curb Gutter Sidewalk Standard Compliance Certificate","2100 94TH AVE, Oakland CA 94603",,,
"06/02/2026","Certificate Issued","R2600692","(R) - ReRoof Certificate (Building)","1027 ELBERT ST, Oakland CA 94602","Overlay existing roof with modified bitumen.",,
"06/02/2026","Void","B2601538","(B) - Building Alteration - 3+ Residential Units or Commercial (Building)","5501 CLAREMONT AVE, Oakland CA 94618","Remodel kitchen and bath. Install new windows and doors, no modifications to openings. Install new electric sub panel and rewire whole apartment. I've already pulled several permits for this, they are P2600687, M2600670, E2601287 and B2601421. I also have a planing review exemption DRX260718.",,
"06/02/2026","Permit Issued","RBC2601527","(RBC) - Building Residential Combo Alteration- 1 & 2 Unit Residential (Building)","3079 MONTEREY BLVD, Oakland CA 94602","REPLACE EXISTING TUB WITH A WALK IN TUB, INSTALL 1 NEW 20-AMP CIRCUIT FOR THE TUB OUTLET, DRYWALL PATCHPROJECT SQFT - 12 SQFT",,
"06/02/2026","Permit Issued","RP2600719","(RP) Plumbing - 1 & 2 Unit Residential (Building)","977 LONGRIDGE RD, Oakland CA 94610","Repipe whole house with pex material",,
"06/02/2026","Permit Issued","P2600724","(P) - Plumbing - 3+ Residential Units or commercial (Building)","801 FRANKLIN ST, OAKLAND CA 94607","INSTALLING A SHUTOFF VALVE FOR UNIT #1008OWNER: DANIEL WONG - 5825 FRESNO AVE, RICHMOND CA 94804",,
"06/02/2026","Void","S2600045","(S) Sign Permit- New and Alterations","9 N HILL CT, Oakland CA 94618","Kitcehn Remodel, like for like. and Bathroom remodel, like for like.",,
"06/02/2026","Complete","BW26001682","(BW) - Building Worksheet (Building)","6712 FLORA ST, Oakland CA 94621","Conversion of existing pantry area into a small bathroom. Structural, electrical, plumbing and bathroom finishes.",,
"06/02/2026","Permit Issued","CGS2601311","DOT - Curb Gutter Sidewalk Standard Compliance Certificate","3900 FOREST HILL AVE, Oakland CA 94602",,,
"06/02/2026","Pending - Incomplete","BW26001691","(BW) - Building Worksheet (Building)","3101 98TH AVE, Oakland CA 94605","Existing underground fueling system to be removed and replaced. Grading permit required since removing existing fueling system and replacing involves over 50 cubic yard of excavation and over 5 feet deep excavation.",,
"06/02/2026","Certificate Issued","R2600691","(R) - ReRoof Certificate (Building)","5840 CHABOT RD, Oakland CA 94618","Overlay low pitched roofs with modified bitumen.",,
"06/02/2026","Final","RE2601365","(RE) - Electrical - 1 & 2 Unit Residential (Building)","2625 HIGH ST, Oakland CA 94619","Installation of dedicated branch circuit for the outdoor condenser unit of a multi-zone ductless mini-split system. Including an exterior 50 amp sub panel and a code-compliant exterior HVAC disconnect/shutoff switch located within sight of the equipment. This is related to permit# RM2600708 for the installation of the mini-split system.",,
"06/02/2026","Void","B2601529","(B) - Building Alteration - 3+ Residential Units or Commercial (Building)","540 ELYSIAN FIELDS DR, Oakland CA 94605","Implement a Voluntary Seismic Retrofit to the crawl space area of the house using plan set (A), applying details 2C&5A/S2Which are the installations of URFP w/ Simpson Titen bolts and L70 Simpson shear clip connectors.",,
"06/02/2026","Complete","BW26001674","(BW) - Building Worksheet (Building)","1032 ELSINORE AVE, Oakland CA 94602","Bathroom remodel",,
"06/02/2026","Complete","BW26001695","(BW) - Building Worksheet (Building)","6232 CHELTON AVE, Oakland CA United States","Revision to permit RBC2504141 to remove from scope of work: raised ceiling at interior entry, no work done to this area. Add to scope: repair dry rot dn replace footings and framing at existing deck, see structural drawings, change beam location in ceiling, remove proposed footings in original permit set at lower level, move window location in front of kitchen sink by 12""",,
"06/02/2026","Void","BW26001681","(BW) - Building Worksheet (Building)","2028 HARRINGTON AVE, Oakland CA 94601","to abate ce case#2000108 concrete work without permit",,
"06/02/2026","Final","SEA2600500","SolarApp+ (For roof mounted residential solar projects not exceeding 38.4kw total done with SolarApp+- contractor use)","284 CAIRO RD, Oakland CA 94603","PV ROOF MOUNTED WITH ENERGY STORAGE",,
"06/02/2026","Permit Issued","RE2601364","(RE) - Electrical - 1 & 2 Unit Residential (Building)","5555 CARLTON ST, Oakland CA 94618","Meter Upgrade from 100A to 200A. Re-wire of any nob/tube to Romex.",,
"06/02/2026","On Hold","B2601537","(B) - Building Alteration - 3+ Residential Units or Commercial (Building)","1919 Market ST, 301/304, Oakland CA 94607 United States","Restore damaged/missing sheetrock, trim, flooring, and baseboard in units 301 and 304. Each unit is 975 square feet. CE #2407498/2408093.",,
"06/02/2026","Final","RP2600723","(RP) Plumbing - 1 & 2 Unit Residential (Building)","3859 HIGH ST, Oakland CA 94619","Replacing two water heaters, both new units to be Tankless.  Duplex address is 3859 High St./ 3860 Vale St.",,
"06/02/2026","Final","RE2601363","(RE) - Electrical - 1 & 2 Unit Residential (Building)","353 SANTA CLARA AVE, Oakland CA 94610","Replace remaining Knob & Tube wiring to ensure all outlets are properly grounded.",,
"06/02/2026","Final","RE2601360","(RE) - Electrical - 1 & 2 Unit Residential (Building)","5938 CHABOT RD, Oakland CA","EV Charger",,
"06/02/2026","Minor Engineer of Day Review","B2601536","(B) - Building Alteration - 3+ Residential Units or Commercial (Building)","2047 38TH AVE, APT A, OAKLAND CA 94601","At existing multi-family dwelling: minor repairs for two rear wooden stairs and walkway in compliance with E3/SB721. 25E3M00838, DRX260665.",,
"06/02/2026","Permit Issued","RM2600709","(RM) - Mechanical - 1 & 2 Unit Residential (Building)","624 60TH ST, Oakland CA 94609","Install two new ducted inverter heat pump systems, two new 240v circuits for outdoor unit heat pumps, Replace the duct work for the existing upstairs bathroom exhaust fan and Remove and recycle the existing upstairs furnace equipment. One system for 624 60th St & one system for 626 60th St.",,
"06/02/2026","Final Check - On Hold","RBC2601535","(RBC) - Building Residential Combo Alteration- 1 & 2 Unit Residential (Building)","1921 WRENN ST, Oakland CA 94602","Kitchen and bath remodel. Alter the roof over the kitchen from a hip to a gable to allow new vaulted ceiling at the kitchen/ dining/ living room. New windows and 1 exterior door at the main floor facing the rear yard. Total area of remodel in single family dwelling is 924 sf.",,
"06/02/2026","Permit Issued","CGS2601329","DOT - Curb Gutter Sidewalk Repair","824 55TH ST, Oakland CA 94608","NOTE: ***BEFORE any work in Right of Way, please schedule your inspection via http://oaklanddot.com/cgs/projects/search.html forty-eight hours in advance. Applicant is subject to fine if work is started WITHOUT scheduling a pre-inspection*** Install new driveway per approved plans per City Standard. If working within 25' feet of a monument you must comply with State Law 8771, contact the Inspector prior to starting excavation: minimum $5,800.00 fine for non-compliance. Comply with all terms of City of Oakland Public Works Standards, Street Excavation Rules, Revised March 2015 and City Council Ordinance No. 13300 C.M.S. Five day prior notice required for work lasting five days or less in business/commercial districts; 72 hour notice in residential districts. Ten day prior notice required for work lasting six days or more in all districts. USA #",,
"06/02/2026","Permit Issued","CGS2601325","DOT - Curb Gutter Sidewalk Standard Compliance Certificate","2957 73RD AVE, Oakland CA 94605",,,
"06/02/2026","Plan Routing - Completed","B2601534","(B) - Building Alteration - 3+ Residential Units or Commercial (Building)","5854 COLLEGE AVE, Oakland CA 94618","Commercial T.I.: Existing commercial space to be remodeled & converted to a yogurt shop, existing bathroom to be remodeled / ADA compliant, replace existing water heater and electrical panel. Related mechanical, electrical, and plumbing requires separate permits.",,
"06/02/2026","Permit Issued","RP2600722","(RP) Plumbing - 1 & 2 Unit Residential (Building)","410 MOUNTAIN BLVD, Oakland CA 94611","Relocate low pressure houseline to new meter location for safety reasons.",,
"06/02/2026","Complete","BW26001686","(BW) - Building Worksheet (Building)","444 HEGENBERGER RD, Oakland CA 94621","B2500482 - Revision to an existing permit to include Installation of one non-load bearing partition, and replacement of door.",,
"06/02/2026","On Hold - Field Check Pending","RBC2601533","(RBC) - Building Residential Combo Alteration- 1 & 2 Unit Residential (Building)","2706 RAWSON ST, Oakland CA 94619","To restore building back to SFD: Remove kitchen hood, stove and cap gas on lower level to abate CE2601582. Bathroom and laundry area to remain. Remove upper cabinets except for 6 foot length countertop section. Sink to remain for unconditioned wet bar in lower level space. M-E-P included. Paint included",,
"06/02/2026","Permit Issued","E2601359","(E) - Electrical - 3+ Residential Units or Commercial (Building)","9786 EDES AVE, Oakland CA 94603","Electrical for B2601323 - TI.",,
"06/02/2026","Final","RP2600721","(RP) Plumbing - 1 & 2 Unit Residential (Building)","13864 CAMPUS DR, Oakland CA 94605","replace old 50 gallon gas water heater in garage with a new tankless water heater",,
"06/02/2026","Void","RBC2601532","(RBC) New Construction - Single Family, Duplex or Accessory Structures","2706 RAWSON ST, Oakland CA 94619","At SFD, Remove stove and cap gas on lower level to Comply with Code Violation Case # 2501682 to restore building back to SFD. Remove upper cabinets except for 6 foot length countertop section. Sink to remain for unconditioned wet bar in lower level by removing an electric stove and kitchen hood. M-E-P included. Paint included",,
"06/02/2026","Intake - On Hold","B2601531","Non-Residential Building - Demolition","1427 65TH AVE, Oakland CA 94621","At existing multi-family dwelling to demolish detached garage of 175sf. Related Permit Number: DS260138, T2600065.",,
"06/02/2026","Final","E2601358","(E) - Electrical - 3+ Residential Units or Commercial (Building)","2450 PALMETTO ST, 4, Oakland CA 94602","Electrical pertaining to heater install on M2600694. Relocate subpanel from closet.",,
"06/02/2026","Plan Review In Progress","B2601530","(B) - Building Alteration - 3+ Residential Units or Commercial (Building)","1427 65TH AVE, Oakland CA 94621","At multi-family dwelling to repair rear wooden non-conforming stairs located on right side of building in kind to comply with current code requirements. To partially abate Code Enforcement NO:1900913. Related Permit Number DS260138.",,
"06/02/2026","Permit Expired","OB2600657","Obstruction","100 BAY PL, Oakland CA 94610","Reserve 6 METERED parking space(s) in front of parcel only for dumpster, construction vehicle, moving van or storage pod. No impact on traffic lane or sidewalk allowed, except as noted except as noted on TCP/X permit. NO-PARKING SIGNS SHALL PICKED UP BY APPLICANT AFTER PAYMENT TO ENFORCE PERMIT REQUIREMENT. To have illegally parked vehicle ticketed: Call 510-777-3333. Applicant arranges towing. Comply with terms set forth in CVC Section 22651 (m). For towed vehicle: Call 510-238-3021.Block 75'x8' portion of s/w. Leave 5.5’ clear for pedestrian access, except as otherwise noted on TCP/X permit. Ensure that environmental controls are in place to prevent dust/debris/waste water from contaminating environment.Comply with all terms, conditions and restrictions stated in the Traffic Control Plan. Any/all changes need prior written approval. Provide original Traffic Control Plan at each renewal.TSD-26-0007, 01/28/2026: TCP GOOD FOR 02/04-02/16/2026, 8AM-5PMTSD-26-0007a, 02/18/2026: TCP GOOD FOR 02/25-03/04/2026, 8AM-5PMTSD-26-0007b, 04/30/2026: TCP GOOD FOR 05/05-05/08/2026, 8AM-5PMTSD-26-0007c, 05/06/2026: TCP GOOD FOR 05/09-05/15/2026, 8AM-5PMTSD-26-0007d, 05/21/2026: TCP GOOD FOR 05/23-06/05/2026, 8AM-5PMTSD-26-0007e, 06/02/2026: TCP GOOD FOR 06/06-06/17/2026, 8AM-5PM",,
"06/02/2026","Inspections - In Progress","SL2601084","(SL) - Sewer Lateral (OPW)","681 CAPELL ST, Oakland CA 94610","Repair/replace sewer lateral and EXCAVATE in PUBLIC RIGHT-OF-WAY. Overflow device may be needed.  If working within 25' feet of a monument you must comply with State Law 8771, contact the Inspector prior to starting excavation: minimum $5,800.00 fine for non-compliance. Comply with all terms of City of Oakland Public Works Standards, Street Excavation Rules, Revised March 2015 and City Council Ordinance No. 13300 C.M.S. Five days prior notice required for work lasting five days or less in business/commercial districts; 72 hour notice in residential districts. Ten days prior notice required for work lasting six days or more in all districts. USA # and date must be provided in order to have a permit issued. Permit valid 90 days. If the work is to be performed on a designated “Creekside Property” the work will require a “Creek Protection Permit”.  **Please submit your scheduling request via the contractor's mobile app at https://citygovapp.com/app/opwirprod.htm",,
"06/02/2026","In Review","X2600419","DOT - Excavation (X)","616 DERBY AVE, Oakland CA 94601","EBMUD PM 0471180-C Install 1,725' of water main, 7 connections, 2 hydrant & 7 service transfers.Infrastructure renewal on Derby Avenue, Ford Street & E 9th Street.  Trenching 1,725' x 3'.  Ensure that environmental controls are in place to prevent dust/debris/wastewater from contaminating environment. If working within 15 feet of a monument you must comply with State Law 8771, contact the Inspector prior to starting excavation: minimum $5,800.00 fine for non-compliance. Comply with all terms of City of Oakland Public Works Standards, Street Excavation Rules, Revised August 2021 and City Council Ordinance No. 13300 C.M.S. Five days’ prior notice required for work lasting five days or less in business/commercial districts: 72-hours’ notice in residential districts. Ten days prior notice required for work lasting six days or more in all districts. Schedule INSPECTION at least 48 hours in advance at: http://oaklanddot.com/projects/search.html """,,
"06/02/2026","In Review","X2600418","DOT - Excavation (X)","2857 CHAPMAN ST, Oakland CA 94601","EBMUD PM 0471180-B; Install 1,790' of water main, 3 connections, 5 hydrant & 39 service transfers. Infrastructure renewal on Chapman Street.  Trenching 1,790' x 3'.  Ensure that environmental controls are in place to prevent dust/debris/wastewater from contaminating environment. If working within 15 feet of a monument you must comply with State Law 8771, contact the Inspector prior to starting excavation: minimum $5,800.00 fine for non-compliance. Comply with all terms of City of Oakland Public Works Standards, Street Excavation Rules, Revised August 2021 and City Council Ordinance No. 13300 C.M.S. Five days’ prior notice required for work lasting five days or less in business/commercial districts: 72-hours’ notice in residential districts. Ten days prior notice required for work lasting six days or more in all districts. Schedule INSPECTION at least 48 hours in advance at: http://oaklanddot.com/projects/search.html """,,
"06/02/2026","Complete","BW26001683","(BW) - Building Worksheet (Building)","1006 62ND ST, Oakland CA 94608","To Revise B2600346: Adding joist at kitchen opening.",,
"06/02/2026","In Review","X2600417","DOT - Excavation (X)","400 29TH AVE, Oakland CA 94601","EBMUD PM 0471180-A Install 2,000' of water main, 1 connection, 1 hydrant & 25 service transfers Infrastructure renewal on 29th Avenue, E 7th Street & Peterson Street.  Trenching 2,000' x 3'.  Ensure that environmental controls are in place to prevent dust/debris/wastewater from contaminating environment. If working within 15 feet of a monument you must comply with State Law 8771, contact the Inspector prior to starting excavation: minimum $5,800.00 fine for non-compliance. Comply with all terms of City of Oakland Public Works Standards, Street Excavation Rules, Revised August 2021 and City Council Ordinance No. 13300 C.M.S. Five days’ prior notice required for work lasting five days or less in business/commercial districts: 72-hours’ notice in residential districts. Ten days prior notice required for work lasting six days or more in all districts. Schedule INSPECTION at least 48 hours in advance at: http://oaklanddot.com/projects/search.html """,,
"06/02/2026","On Hold","B2601528","(B) - Building Alteration - 3+ Residential Units or Commercial (Building)","480 CRESCENT ST, 301, Oakland CA 94610","At unit #301- Approx 360sf Roof dry rot repair by replacing 2 beams, ceiling joist, dry wall at ceiling per plans. ZW2601084.",,
"06/02/2026","Final","CGS2601321","DOT - Curb Gutter Sidewalk Exemption Certificate","21 OVAL RD, Oakland CA 94611",,,
"06/02/2026","In Review","X2600416","DOT - Excavation (X)","2936 CHAPMAN ST, Oakland CA 94601","Install 1,540' 6"" IPVC water main, 49 service transfers and 3 hydrants. Infrastructure renewal. Trench 1,540' x 3'. Ensure that environmental controls are in place to prevent dust/debris/wastewater from contaminating environment. If working within 15 feet of a monument you must comply with State Law 8771, contact the Inspector prior to starting excavation: minimum $5,800.00 fine for non-compliance. Comply with all terms of City of Oakland Public Works Standards, Street Excavation Rules, Revised August 2021 and City Council Ordinance No. 13300 C.M.S. Five days’ prior notice required for work lasting five days or less in business/commercial districts: 72-hours’ notice in residential districts. Ten days prior notice required for work lasting six days or more in all districts. Schedule INSPECTION at least 48 hours in advance at: http://oaklanddot.com/projects/search.html",,
"06/02/2026","Permit Issued","CGS2601320","DOT - Curb Gutter Sidewalk Standard Compliance Certificate","924 E 23RD ST, Oakland CA 94606",,,
"06/02/2026","Permit Issued","RE2601356","(RE) - Electrical - 1 & 2 Unit Residential (Building)","1028 85TH AVE, Oakland CA 94621","Replace/upgrade electrical Panel 200A",,
"06/02/2026","Final","CGS2601319","DOT - Curb Gutter Sidewalk Exemption Certificate","903 ZEPHYR DR, Oakland CA 94607",,,
"06/02/2026","Payment Received","CGS2601317","DOT - Curb Gutter Sidewalk Repair","624 E 15TH ST, Oakland CA 94606","NOTE: ***BEFORE any work in Right of Way, please schedule your inspection via http://oaklanddot.com/cgs/projects/search.html forty-eight hours in advance. Applicant is subject to fine if work is started WITHOUT scheduling a pre-inspection*** Repair driveway & sidewalk to City Standards (maximum 2%). If working within 25' feet of a monument you must comply with State Law 8771, contact the Inspector prior to starting excavation: minimum $5,800.00 fine for non-compliance. Comply with all terms of City of Oakland Public Works Standards, Street Excavation Rules, Revised March 2015 and City Council Ordinance No. 13300 C.M.S. Five day prior notice required for work lasting five days or less in business/commercial districts; 72 hour notice in residential districts. Ten day prior notice required for work lasting six days or more in all districts. USA #2026052270904, 05/27/2026",,
"06/02/2026","Intake - Completed","OB2600656","Obstruction","1900 MOUNTAIN BLVD, Oakland CA 94611","Reserve 2 METERED parking space(s) in front of parcel only for dumpster, construction vehicle, moving van or storage pod. No impact on traffic lane or sidewalk allowed, except as noted except as noted on TCP/X permit. NO-PARKING SIGNS SHALL PICKED UP BY APPLICANT AFTER PAYMENT TO ENFORCE PERMIT REQUIREMENT. To have illegally parked vehicle ticketed: Call 510-777-3333. Applicant arranges towing. Comply with terms set forth in CVC Section 22651 (m). For towed vehicle: Call 510-238-3021.",,
"06/02/2026","In Review","X2600415","DOT - Excavation (X)","1600 45TH AVE, Oakland CA 94601","PGE PM 47162475;  to excavate in the public ROW to install 3 50lbs anode and bring wires into ETS Box .Restoration PM 47162475.  Trenching 4' x 4'.  Ensure that environmental controls are in place to prevent dust/debris/wastewater from contaminating environment. If working within 15 feet of a monument you must comply with State Law 8771, contact the Inspector prior to starting excavation: minimum $5,800.00 fine for non-compliance. Comply with all terms of City of Oakland Public Works Standards, Street Excavation Rules, Revised August 2021 and City Council Ordinance No. 13300 C.M.S. Five days’ prior notice required for work lasting five days or less in business/commercial districts: 72-hours’ notice in residential districts. Ten days prior notice required for work lasting six days or more in all districts. Schedule INSPECTION at least 48 hours in advance at: http://oaklanddot.com/projects/search.html """,,
"06/02/2026","Plan Review In Progress","B2601526","(B) - Building Alteration - 3+ Residential Units or Commercial (Building)","5213 INTERNATIONAL BLVD, Oakland CA 94601","To remove 175 sf addition at rear of structure. To partially Abate Code Enforcement NO: 1802500. DRX201106.",,
"06/02/2026","Intake - Completed","X2600414","DOT - Excavation (X)","5332 LOCKSLEY AVE, Oakland CA 94618","water line replacement to City Standards. Same size: NOT widening. If working within 25' feet of a monument you must comply with State Law 8771, contact the Inspector prior to starting excavation: minimum $5,800.00 fine for non-compliance.Comply with all terms of City of Oakland Public Works Standards, Street Excavation Rules, Revised March 2015 and City Council Ordinance No. 13300 C.M.S. Five day prior notice required for work lasting five days or less in business/commercial districts; 72 hour notice in residential districts. Ten day prior notice required for work lasting six days or more in all districts. USA # and date must be provided in order to have a permit issued. SCHEDULE AN INSPECTION http://oaklanddot.com/cgs/projects/search.html",,
"06/02/2026","Final","E2601355","(E) - Electrical - 3+ Residential Units or Commercial (Building)","461 CLIFTON ST, E, Oakland CA 94618","To abate CE CASE #2101376: For multi-family dwelling - Unit E - Replace receptacle for garbage disposal.",,
"06/02/2026","Complete","BW26001676","(BW) - Building Worksheet (Building)","1947 106TH AVE, Oakland CA 94603","add 6-8 outlets install drywall celling in livingroom bedroom and dining room 400sq ft in kind",,
"06/02/2026","Permit Issued","OB2600655","Obstruction","51 9TH ST, Oakland CA 94607","Block 55'x12' portion of s/w. Leave 5.5’ clear for pedestrian access, except as otherwise noted on TCP/X permit. Ensure that environmental controls are in place to prevent dust/debris/waste water from contaminating environment.Comply with all terms, conditions and restrictions stated in the Traffic Control Plan. Any/all changes need prior written approval. Provide original Traffic Control Plan at each renewal.06/02/2026: TCP GOOD FOR 06/22-07/06/2026, WEEKDAYS 9AM-4PM, PER T.CHUNG",,
"06/02/2026","Final","CGS2601315","DOT - Curb Gutter Sidewalk Repair","4109 CULVER ST, Oakland CA 94619","Repair drriveway to City Standards. Same size: NOT widening. If working within 25' feet of a monument you must comply with State Law 8771, contact the Inspector prior to starting excavation: minimum $5,800.00 fine for non-compliance.Comply with all terms of City of Oakland Public Works Standards, Street Excavation Rules, Revised March 2015 and City Council Ordinance No. 13300 C.M.S. Five day prior notice required for work lasting five days or less in business/commercial districts; 72 hour notice in residential districts. Ten day prior notice required for work lasting six days or more in all districts. USA # and date must be provided in order to have a permit issued. SCHEDULE AN INSPECTION http://oaklanddot.com/cgs/projects/search.html",,
"06/02/2026","Permit Issued","RE2601354","(RE) - Electrical - 1 & 2 Unit Residential (Building)","534 MIRA VISTA AVE, Oakland CA 94610","Service Upgrade and re-wire",,
"06/02/2026","Issued","B2601525","(B) - Building Alteration - 3+ Residential Units or Commercial (Building)","1411 E 31ST ST, Oakland CA 94602","Telecom – Verizon wireless pole-mounted equipment modification: remove 3 existing antennas, install 3 new 5G antennas and cabling. All equipment to be color matched to pole color. DRX260740",,
"06/02/2026","Permit Issued","RE2601353","(RE) - Electrical - 1 & 2 Unit Residential (Building)","3801 WISCONSIN ST, Oakland CA 94619","125AMP SUB PANEL CHANGE OUT LOCATED IN THE GARAGE. 200AMP MAIN PANEL UPGRADE (EXISTING 100AMP). HOUSE REWIRE: 18 LIGHTS, 11 SWITCHES, 36 OUTLETS.",,
"06/02/2026","In Review","X2600413","DOT - Excavation (X)","1978 ROSEDALE AVE, Oakland CA 94601","PGE PM 47160192 to excavate in the public ROW to install 3 50lbs anode and bring wires into ETS Box. Restoration  PM 47160192.  Ensure that environmental controls are in place to prevent dust/debris/wastewater from contaminating environment. If working within 15 feet of a monument you must comply with State Law 8771, contact the Inspector prior to starting excavation: minimum $5,800.00 fine for non-compliance. Comply with all terms of City of Oakland Public Works Standards, Street Excavation Rules, Revised August 2021 and City Council Ordinance No. 13300 C.M.S. Five days’ prior notice required for work lasting five days or less in business/commercial districts: 72-hours’ notice in residential districts. Ten days prior notice required for work lasting six days or more in all districts. Schedule INSPECTION at least 48 hours in advance at: http://oaklanddot.com/projects/search.html """,,
"06/02/2026","In Review","X2600412","DOT - Excavation (X)","3573 KLAMATH ST, Oakland CA 94602","PG&E PM 35453781 Replace joint poles @ Loc #1, 2, install clearance pole in Loc # 3, oh tx oh svc's & associated equipment. Restoration to follow.  Ensure that environmental controls are in place to prevent dust/debris/wastewater from contaminating environment. If working within 15 feet of a monument you must comply with State Law 8771, contact the Inspector prior to starting excavation: minimum $5,800.00 fine for non-compliance. Comply with all terms of City of Oakland Public Works Standards, Street Excavation Rules, Revised August 2021 and City Council Ordinance No. 13300 C.M.S. Five days’ prior notice required for work lasting five days or less in business/commercial districts: 72-hours’ notice in residential districts. Ten days prior notice required for work lasting six days or more in all districts. Schedule INSPECTION at least 48 hours in advance at: http://oaklanddot.com/projects/search.html """,,
"06/02/2026","Permit Expired","OB2600654","Obstruction","850 W GRAND AVE, Oakland CA 94607","Reserve 1 NON-METERED parking space(s) in front of parcel only for dumpster, construction vehicle, moving van or storage pod. Post No-parking signs 72 hours prior in residential areas. No impact on traffic lane or sidewalk allowed. No-parking signs picked up by applicant after payment, 4TH FLOOR. To Have Illegally Parked Vehicle Ticketed Call 510-777-3333. Applicant arranges towing. Comply with terms set forth in CVC Section 22651 (m). For Towed Vehicle: Call 510-238-3021.",,
"06/02/2026","Void","OB2600653","Obstruction","1900 MOUNTAIN BLVD, Oakland CA 94611","Block 4'x4' portion of s/w with boom lift. Leave 5.5’ clear for pedestrian access, except as otherwise noted on TCP/X permit. No impact on traffic lane or parking, except as noted except as noted on TCP/X permit. Ensure that environmental controls are in place to prevent dust/debris/waste water from contaminating environment.",,
"06/02/2026","Permit Issued","CGS2601313","DOT - Curb Gutter Sidewalk Repair","100 BEECHWOOD DR, Oakland CA 94618","NOTE: ***BEFORE any work in Right of Way, please schedule your inspection via http://oaklanddot.com/cgs/projects/search.html forty-eight hours in advance. Applicant is subject to fine if work is started WITHOUT scheduling a pre-inspection*** Repair driveway to City Standards. Same size: NOT widening. If working within 25' feet of a monument you must comply with State Law 8771, contact the Inspector prior to starting excavation: minimum $5,800.00 fine for non-compliance. Comply with all terms of City of Oakland Public Works Standards, Street Excavation Rules, Revised March 2015 and City Council Ordinance No. 13300 C.M.S. Five day prior notice required for work lasting five days or less in business/commercial districts; 72 hour notice in residential districts. Ten day prior notice required for work lasting six days or more in all districts. USA #",,
"06/02/2026","On Hold","RBC2601524","(RBC) - Building Residential Combo Alteration- 1 & 2 Unit Residential (Building)","6700 EXETER DR, Oakland CA 94611","At existing SFD reinforce existing retaining wall and stairs with piers and buried grade beams.  No MEP.  No interior work.",,
"06/02/2026","Plan Review In Progress","B2601523","(B) - Building Alteration - 3+ Residential Units or Commercial (Building)","2275 FOOTHILL BLVD, Oakland CA 94606","Telecom – Verizon wireless pole-mounted equipment modification: remove 3 existing antennas, install 3 new 5G antennas and cabling. All equipment to be color matched to pole color. DRX260739",,
"06/02/2026","Plan Routing - Completed","B2601522","(B) - Building Alteration - 3+ Residential Units or Commercial (Building)","1225 7TH ST, Oakland CA 94607","Telecom – Verizon wireless pole-mounted equipment modification: remove 3 existing antennas, install 3 new 5G antennas and cabling. All equipment to be color matched to pole color. DRX260760",,
"06/02/2026","On Hold - Field Check Pending","RBC2601521","(RBC) - Building Residential Combo Alteration- 1 & 2 Unit Residential (Building)","819 ROSEMOUNT RD, Oakland CA 94610","At existing SFD repair and replace approximately 300sf rear wood deck damaged by storm.  No MEP.",,
"06/02/2026","On Hold - Field Check Pending","RBC2601520","(RBC) - Building Residential Combo Alteration- 1 & 2 Unit Residential (Building)","10539 CREEKSIDE CIR, Oakland CA 94603","To abate CE2004397, Legalized attached 12 x 20 FT patio cover for back area of dwelling. DS260095",,
"06/02/2026","Plan Review In Progress","RBC2601519","(RBC) - Building Residential Combo Alteration- 1 & 2 Unit Residential (Building)","4117 GILBERT ST, Oakland CA 94611","At existing SFD, convert basement to habitable space to include 1 bedroom, 1 full bathroom, family room, and laundry room space, as well as relocating FAU and water heater to new utility room area. Relocate stairs linking main and basement. On main level, reconfigure existing closet and bathroom to create new half bathroom, and remodel kitchen, part of dining room, and bedroom 2 to account for relocated stair, and add closet to bedroom 2. Includes 1 new window at rear, removal of 2 windows at side, and replacement of windows at lower level in-kind, retrofit. Includes related MEPs including FAU and water heater. DRX260571",,
"06/02/2026","Permit Issued","OB2600652","Obstruction","163 9TH ST, Oakland CA 94607","Reserve 3 METERED & 1 (25') NON-METERED parking space(s) in front of parcel only for dumpster, construction vehicle, moving van or storage pod. Post No-parking signs 72 hours prior in residential areas. No impact on traffic lane or sidewalk allowed, except as noted on TCP/X permit. NO-PARKING SIGNS SHALL PICKED UP BY APPLICANT AFTER PAYMENT TO ENFORCE PERMIT REQUIREMENT. To have illegally parked vehicle ticketed: Call 510-777-3333. Applicant arranges towing. Comply with terms set forth in CVC Section 22651 (m). For towed vehicle: Call 510-238-3021.ON-SITE CONSTRUCTIONOBSTRUCTION @ 857 MADISON ST.",,
"06/02/2026","Ready to Issue - Fee Due","CGS2601312","DOT - Curb Gutter Sidewalk Provisional Certificate","903 ZEPHYR DR, Oakland CA 94607",,,
"06/02/2026","Permit Issued","RP2600718","(RP) Plumbing - 1 & 2 Unit Residential (Building)","3500 ROBINSON DR, Oakland CA 94602","- Partial repipe, everything within the crawl space- All new copper lines- Replacing laundry drain- 2-P-traps one for the sink and one for the laundry machine- install Halo 5 water filter, connect to drain line, add p-trap- new faucet for laundry sink - chrome pullout. - water supply line from meter to house replaced.",,
"06/02/2026","On Hold - Field Check Pending","RBC2601518","(RBC) - Building Residential Combo Alteration- 1 & 2 Unit Residential (Building)","1201 71ST AVE, Oakland CA 94621","At existing single-family dwelling to remove unpermitted carport roof. DRX260698. To abate Code Enforcement NO: 2504900.",,
"06/02/2026","On Hold - Field Check Pending","B2601517","(B) - Building Alteration - 3+ Residential Units or Commercial (Building)","955 7TH ST, Oakland CA 94607","To abate CE2407663. At warehouse structure: Carport-storage structure built at side yard of parcel without permits. Related mechanical, electrical, and plumbing requires separate permits.",,
"06/02/2026","Permit Issued","RBC2601516","(RBC) - Building Residential Combo Alteration- 1 & 2 Unit Residential (Building)","1350 64TH AVE, Oakland CA 94621","At single-family dwelling: Guest bathroom remodel like for like no structural changes. Convert tub to shower. Replace toilet, vanity. Replace window like for like Upgrade M-E-P to code. To include related mechanical electrical and plumbing. DRX260816",,
"06/01/2026","Completed Cert Received","R2600680","(R) - ReRoof Certificate (Building)","4227 GREGORY ST, Oakland CA 94619","Tear off existing roof and install standing seam metal 3100 sq ft",,
"06/01/2026","Permit Issued","CGS2601308","DOT - Curb Gutter Sidewalk Provisional Certificate","2907 SEMINARY AVE, Oakland CA 94605",,,
"06/01/2026","Permit Issued","CGS2601298","DOT - Curb Gutter Sidewalk Exemption Certificate","2363 LEIMERT BLVD, Oakland CA 94602",,,
"06/01/2026","Permit Issued","E2601344","(E) - Electrical - 3+ Residential Units or Commercial (Building)","9555 STEARNS AVE, Oakland CA 94605","We need temporary power for the existing fire repair permit on the house",,
"06/01/2026","Permit Issued","SEA2600491","SolarApp+ (For roof mounted residential solar projects not exceeding 38.4kw total done with SolarApp+- contractor use)","2941 75TH AVE, Oakland CA 94605","Installation of a 9.66 kW Roof-Mounted Solar PV System consisting of  (21) Modules, (21) Microinverters (2) Batteries,  and (1) Combiner",,
"06/01/2026","Complete","BW26001671","(BW) - Building Worksheet (Building)","4114 OPAL ST, Oakland CA 94609","Permit for unpermitted deck",,
"06/01/2026","Permit Issued","SE2600492","Solar Permit (For commercial projects, residential projects not eligible for SolarApp+, or owner/builder or contractor use)","540 30TH ST, Oakland CA 94609","N) 12.04 kW PV System w/ 28 HANWHA QCELLS Q.TRON BLK M-G2+ 430 modules and 1) Tesla PW3 battery",,
"06/01/2026","Certificate Issued","R2600683","(R) - ReRoof Certificate (Building)","6031 RIDGEMONT DR, Oakland CA 94619","Re-Roof: 33SQ tear off install shingles + 2SQ Modified Bituman, no redeck. Total roofing surface 35SQ.",,
"06/01/2026","Pending-Document Uploaded","BW26001650","(BW) - Building Worksheet (Building)","2829 99TH AVE, Oakland CA 94605","FIRE DAMAGE REPAIR:-	REPAIR ROOF DUE TO FIRE DAMAGE-	REPLACE ROOF RAFTER DUE TO FIRE DAMAGE-	REPLACE CEILING JOIST DUE TO FIRE DAMAGE-	ADD R-30 CEILING INSULATION-	RESTORE POWER TO PG&E ELECTRICAL SERVICE METER-	REPLACE/ REWIRE ELECTRICAL WIRING IN THE MAIN UNIT",,
"06/01/2026","Permit Issued","CGS2601309","DOT - Curb Gutter Sidewalk Standard Compliance Certificate","1206 E 22ND ST, Oakland CA 94606",,,
"06/01/2026","Permit Issued","CGS2601302","DOT - Curb Gutter Sidewalk Exemption Certificate","2871 MORLEY DR, Oakland CA 94611",,,
"06/01/2026","Permit Issued","RM2600707","(RM) - Mechanical - 1 & 2 Unit Residential (Building)","1385 WESTVIEW DR, Oakland CA 94705","3-TON HEAT PUMP C/O.",,
"06/01/2026","Certificate Issued","R2600686","(R) - ReRoof Certificate (Building)","5210 INTERNATIONAL BLVD, Oakland CA 94601","roof replacement 300 sq ft on shingle roof section",,
"06/01/2026","Permit Issued","CGS2601295","DOT - Curb Gutter Sidewalk Standard Compliance Certificate","1255 26TH ST, Oakland CA 94607",,,
"06/01/2026","Permit Issued","SE2600493","Solar Permit (For commercial projects, residential projects not eligible for SolarApp+, or owner/builder or contractor use)","7291 WILD CURRANT WY, Oakland CA","Not SolarApp Viable Due to Multiple Types of mounting/Attachments and roof pitch. Roof Solar- 37 module 14.62kW, ESS- 2x Tesla PW2 13.5kWh each, New 50A EV Charger, New Tesla Backup Gateway 2, New 125/225A Backup Load Subpanel, New MPU TO 125/225A, New SPD in MSP",,
"06/01/2026","In Progress","TR-ND26-00055","(ND) - Non-Developmental Tree Permit (OPW)","851 44TH ST, Oakland CA 94608","I am requesting permission to remove one mature Catalpa tree located in the front yard of the property. The tree is approximately 22 inches in diameter (measured at breast height) and approximately 35-40 feet tall.The tree is substantially oversized for its location and overhangs both my residence and the neighboring residence. Due to its size and proximity to these structures, it presents an ongoing risk of property damage from limb failure during wind and storm events. Portions of the canopy are also located near overhead PG&E utility lines.The tree has caused displacement and cracking of the front steps and landing through root growth. The damaged hardscape is immediately adjacent to the trunk and root zone. Given the size of the tree and its root system, continued growth may result in additional damage to nearby improvements, including the public sidewalk and underground utilities such as the sewer lateral.Removal is being requested due to documented damage to existing hardscape, the tree's proximity to residential structures and utility infrastructure, and the potential for future damage to surrounding improvements. Photographs documenting the tree, the canopy overhang, proximity to utility lines, and damage to the front steps and landing are included with this application.",,
"06/01/2026","Permit Issued","CGS2601296","DOT - Curb Gutter Sidewalk Exemption Certificate","2090 WRENN ST, Oakland CA 94602",,,
"06/01/2026","Permit Issued","RP2600717","(RP) Plumbing - 1 & 2 Unit Residential (Building)","6625 BRANN ST, Oakland CA 94605","replacing section of secondary drain line in crawlspace up to 15'ft from Cast iron to ABS",,
"06/01/2026","Certificate Issued","R2600676","(R) - ReRoof Certificate (Building)","2232 65TH AVE, Oakland CA 94605","Install 3-ply, APP modified bitumen 11 SQ",,
"06/01/2026","Permit Issued","RP2600715","(RP) Plumbing - 1 & 2 Unit Residential (Building)","5773 COUNTRY CLUB DR, Oakland CA 94618","Install new 80 gallon hybrid heat pump water heater",,
"06/01/2026","Permit Issued","CGS2601297","DOT - Curb Gutter Sidewalk Provisional Certificate","4139 LAGUNA AVE, Oakland CA 94602",,,
"06/01/2026","Permit Issued","RE2601346","(RE) - Electrical - 1 & 2 Unit Residential (Building)","3260 KNOWLAND AVE, Oakland CA 94619","(2) new circuits - condenser unit and fan coil unit",,
"06/01/2026","Permit Issued","RE2601352","(RE) - Electrical - 1 & 2 Unit Residential (Building)","6916 HALLIDAY AVE, Oakland CA 94605","Meter upgrade to 125A for a 836 sqft property.",,
"06/01/2026","Pending - Incomplete","BW26001666","(BW) - Building Worksheet (Building)","2550 COURTLAND AVE, APT A, OAKLAND CA 94601","Remove wood deck from the three story building, Cancel exterior door and side siddding, To the existing sliding doors add metal guardrail 53"" high by 6' wide with pickets 2"" oc.",,
"06/01/2026","Pending - Incomplete","BW26001659","(BW) - Building Worksheet (Building)","2629 9TH AVE, Oakland CA 94606","replace siding like for like",,
"06/01/2026","Permit Issued","SEA2600494","SolarApp+ (For roof mounted residential solar projects not exceeding 38.4kw total done with SolarApp+- contractor use)","18 WOODSIDE GLEN CT, Oakland CA 94602","ROOF MOUNTED PHOTOVOLTAIC SYSTEM SIZE: 6.44 kW-DC/ 11.50 kW-AC WITH INSTALLING ENERGY STORAGE SYSTEM SIZE 13.50 KWH. 14 - REC ALPHA REC460AA PURE-RX SOLAR MODULE, 1 - TELSA POWERWALL 3(INVERTER + BATTERY), 1 - 200A TESLA BACKUP SWITCH, 1 - 125A LOAD CENTER AND 1 - ESS DISCONNECT SWITCH",,
"06/01/2026","Final","P2600712","(P) - Plumbing - 3+ Residential Units or commercial (Building)","415 OAK ST, Oakland CA 94607","Elated plumbing lines",,
"06/01/2026","Final","RE2601351","(RE) - Electrical - 1 & 2 Unit Residential (Building)","6458 RAYMOND ST, Oakland CA 94609","Replace Existing Interior Fuse Panel with New Electrical Subpanel",,
"06/01/2026","Complete","BW26001667","(BW) - Building Worksheet (Building)","3764 SUTER ST, Oakland CA 94619","Complete demolition and removal of the existing detached storage structure (322 square feet) located in the rear yard as shown on the approved plans. Refer to Planning Application DS250006.",,
"06/01/2026","Certificate Issued","R2600685","(R) - ReRoof Certificate (Building)","5760 SCARBOROUGH DR, Oakland CA 94611","Roof Tear-Off and Metal Roof Install (Standing Seam System)",,
"06/01/2026","Pending - Incomplete","BW26001669","(BW) - Building Worksheet (Building)","19 ROSSMOOR CT, Oakland CA 94603","remodel bathroom and kitchen, drywall repair, new water heater update electrical, new 125 amp service, update and replace water lines and gas lines where needed. replace bathroom window with smaller window, siding and dry rot repair, paint and replace interior floors, sheetrock repair",,
"06/01/2026","Complete","BW26001657","(BW) - Building Worksheet (Building)","9333 RAILROAD AVE, Oakland CA 94603","retroactive demolition of burned building in 2022. this is a response to the NOV 2203118 requiring a retroactive demolition permit to clear the item",,
"06/01/2026","Permit Issued","CGS2601292","DOT - Curb Gutter Sidewalk Provisional Certificate","630 LONGRIDGE RD, Oakland CA 94610",,,
"06/01/2026","Certificate Issued","R2600684","(R) - ReRoof Certificate (Building)","3055 73RD AVE, Oakland CA 94605","Re-roof: 21SQ tear off install shingles + 7SQ modified bitumen, no redeck. Total roofing surface 28SQ.",,
"06/01/2026","Permit Issued","RE2601349","(RE) - Electrical - 1 & 2 Unit Residential (Building)","97 CLAREWOOD LN, Oakland CA 94618","100A to 200A upgrade plus car charger",,
"06/01/2026","Inspections - In Progress","SL2601076","(SL) - Sewer Lateral (OPW)","462 CAVOUR ST, Oakland CA 94618","Replace sewer lateral from house to street.",,
"06/01/2026","Completed Cert Received","R2600682","(R) - ReRoof Certificate (Building)","5421 ADELINE ST, Oakland CA 94608","17 squares tear off reroof comp shingles",,
"06/01/2026","Final","RE2601348","(RE) - Electrical - 1 & 2 Unit Residential (Building)","2927 RAWSON ST, Oakland CA 94619","upgrade main service from 100 amps to 200 amps. O new circuits or loads will stay in the same location",,
"06/01/2026","Complete","BW26001651","(BW) - Building Worksheet (Building)","338 WARWICK AVE, Oakland CA 94610","Permits to abate and restore the fire damage in unit 336 and the damage sheetrock stairway wall to the 2nd floor.  See CE #2603373.",,
"06/01/2026","Permit Issued","RP2600716","(RP) Plumbing - 1 & 2 Unit Residential (Building)","3708 LYON AVE, Oakland CA 94601","Open trench sewer lateral replacement in backyard up to 30' ft ; install new 2way clean out",,
"06/01/2026","Certificate Issued","R2600687","(R) - ReRoof Certificate (Building)","6230 CLIVE AVE, Oakland CA 94611","Tear off the existinf roofing material and installation of new Torch Down System",,
"06/01/2026","Complete","BW26001662","(BW) - Building Worksheet (Building)","2590 TUNNEL RD, OAKLAND CA 94603","field Revision to approved plans RBC2203169. Revisions are structural. Specifically look at sheets S3, S4 and SD3. And related Arch sheets A2.1 and A2.2Second floor Foundation and framing - revised spread footing foundation to retaining wall foundation atsame location using existing details. Eliminated steel beams and replaced with engineered beam withadditional post. See calculations attached",,
"06/01/2026","Refund","TR-ND26-00053","(ND) - Non-Developmental Tree Permit (OPW)","5052 KEARNEY AVE, Oakland CA 94602","Remove the Cherry Tree between the sidewalk and the street.",,
"06/01/2026","Complete","BW26001665","(BW) - Building Worksheet (Building)","3764 SUTER ST, Oakland CA 94619","Partial demolition of existing single-family residence associated with approved addition and remodel project (DS250006). Scope includes demolition of portions of existing exterior wall assemblies and roof framing exceeding 50% of existing exterior walls, as shown on approved plans. Existing residence to remain; no complete building demolition proposed.",,
"06/01/2026","Permit Issued","CGS2601307","DOT - Curb Gutter Sidewalk Standard Compliance Certificate","2221 80TH AVE, Oakland CA 94605",,,
"06/01/2026","Complete","BW26001661","(BW) - Building Worksheet (Building)","6036 COLBY ST, Oakland CA 94618","In-kind repalcement of entry stairs at duplex. Work includes one stair to go from ground to first level (4 foot elevation change) with new handrails.",,
"06/01/2026","Complete","BW26001658","(BW) - Building Worksheet (Building)","9321 INTERNATIONAL BLVD, Oakland CA 94603","bath fan (1) dryer vents (2) kitchen hoods (2) wall heater(1). Wall heater flue needs 1” clearance to combustible material. Water heater flue for front unit water heater needs 1” clearance to combustiblematerials. Rear unit kitchen hood vent pipe needs to be smooth flex not allowed - can be seenat final with attic access.",,
"06/01/2026","Certificate Issued","R2600681","(R) - ReRoof Certificate (Building)","3544 MONTEREY BLVD, Oakland CA 94619","Re Roof, comp off, comp on.",,
"06/01/2026","Complete","BW26001652","(BW) - Building Worksheet (Building)","17 ROSS CIR, OAKLAND CA 94618","This building worksheet is being completed to transfer permit RBC2504134 from contractor San Andreas Construction to us (the property owners). The contractor is uncooperative in completing the notarized transfer form. As advised at the permit desk today I am submitting proof of payment for the permit, emails confirming termination of the contract, and a new owner declaration.",,
"06/01/2026",,"26TMP-026289","(RE) - Electrical - 1 & 2 Unit Residential (Building)","1501 29TH AVE, Oakland CA 94601","Electric panel upgrade from 100A to 200A",,
"06/01/2026","Inspections - In Progress","SL2601078","(SL) - Sewer Lateral (OPW)","1061 71ST AVE, Oakland CA 94621","Repair/replace sewer lateral and EXCAVATE in PUBLIC RIGHT-OF-WAY. Overflow device may be needed.  If working within 25' feet of a monument you must comply with State Law 8771, contact the Inspector prior to starting excavation: minimum $5,800.00 fine for non-compliance. Comply with all terms of City of Oakland Public Works Standards, Street Excavation Rules, Revised March 2015 and City Council Ordinance No. 13300 C.M.S. Five days prior notice required for work lasting five days or less in business/commercial districts; 72 hour notice in residential districts. Ten days prior notice required for work lasting six days or more in all districts. USA # and date must be provided in order to have a permit issued. Permit valid 90 days. If the work is to be performed on a designated “Creekside Property” the work will require a “Creek Protection Permit”. If the property is not currently flagged in Accela as a “Creekside Property” but work will be performed within 100’ of a creek channel, a “Creek Determination” should be conducted to determine if the work is subject to the Creek Protection Ordinance.  Call PWA INSPECTION prior to start: 510-238-3651 or email PWA_inspections@oaklandca.gov.",,
"06/01/2026","Permit Issued","CGS2601291","DOT - Curb Gutter Sidewalk Provisional Certificate","1824 40TH AVE, Oakland CA 94601",,,
"06/01/2026","Completed Cert Received","R2600679","(R) - ReRoof Certificate (Building)","1001 RISPIN DR, Oakland CA 94705","remove and replace existing roofing with comp shingle roofing",,
"06/01/2026","In Progress","TR-ND26-00052","(ND) - Non-Developmental Tree Permit (OPW)","1612 45TH AVE, Oakland CA 94601","2 redwood trees that are overhaning the preschool playground need removal.",,
"06/01/2026","Permit Issued","RE2601343","(RE) - Electrical - 1 & 2 Unit Residential (Building)","13872 CAMPUS DR, Oakland CA 94605","200AMP SPAN LOAD MANAGEMENT PANEL. THIS IS REPLACING A CURRENT SUB PANEL IN THE GARAGE, SUB FEED.",,
"06/01/2026","Permit Issued","RM2600706","(RM) - Mechanical - 1 & 2 Unit Residential (Building)","330 FLORENCE AVE, Oakland CA 94618","Replacing Furnace and A/C.",,
"06/01/2026","Final","RP2600711","(RP) Plumbing - 1 & 2 Unit Residential (Building)","9849 HESKET RD, Oakland CA 94603","REPLACE 1 BATHROOM DRAIN SYSTEM UNDER FOUNDATION",,
"06/01/2026","Permit Issued","RBC2601510","(RBC) - Building Residential Combo Alteration- 1 & 2 Unit Residential (Building)","3433 MIRASOL AVE, Oakland CA 94605","Replace 3 retrofit windows",,
"06/01/2026","Permit Issued","CGS2601306","DOT - Curb Gutter Sidewalk Provisional Certificate","546 NORTH ST, Oakland CA 94609",,,
"06/01/2026","Final","P2600713","(P) - Plumbing - 3+ Residential Units or commercial (Building)","695 MARIPOSA AVE, Oakland CA 94610","upgrade plumbing drain pipe",,
"06/01/2026","Permit Issued","CGS2601303","DOT - Curb Gutter Sidewalk Provisional Certificate","1558 8TH ST, Oakland CA 94607",,,
"06/01/2026","Complete","BW26001654","(BW) - Building Worksheet (Building)","417 MODOC AVE, Oakland CA 94618","remove a wall in living room and remodel one bathroom",,
"06/01/2026","Inspections - In Progress","SL2601077","(SL) - Sewer Lateral (OPW)","6334 DORAN DR, Oakland CA 94611","Repair/replace sewer lateral and EXCAVATE in PUBLIC RIGHT-OF-WAY. Overflow device may be needed.  If working within 25' feet of a monument you must comply with State Law 8771, contact the Inspector prior to starting excavation: minimum $5,800.00 fine for non-compliance. Comply with all terms of City of Oakland Public Works Standards, Street Excavation Rules, Revised March 2015 and City Council Ordinance No. 13300 C.M.S. Five days prior notice required for work lasting five days or less in business/commercial districts; 72 hour notice in residential districts. Ten days prior notice required for work lasting six days or more in all districts. USA # and date must be provided in order to have a permit issued. Permit valid 90 days. If the work is to be performed on a designated “Creekside Property” the work will require a “Creek Protection Permit”. If the property is not currently flagged in Accela as a “Creekside Property” but work will be performed within 100’ of a creek channel, a “Creek Determination” should be conducted to determine if the work is subject to the Creek Protection Ordinance.  Call PWA INSPECTION prior to start: 510-238-3651 or email PWA_inspections@oaklandca.gov.",,
"06/01/2026","Inspections - In Progress","SL2601079","(SL) - Sewer Lateral (OPW)","558 58TH ST, Oakland CA 94609","Full Sewer Lateral Replacement",,
"06/01/2026","Permit Issued","CGS2601310","DOT - Curb Gutter Sidewalk Standard Compliance Certificate","735 E 15TH ST, Oakland CA 94606",,,
"06/01/2026","Submitted","TR-ND26-00054","(ND) - Non-Developmental Tree Permit (OPW)","7708 HILLMONT DR, Oakland CA 94605","Tree removal of a protected 14' Oak tree for continued review for (ZW2600608)",,
"06/01/2026","Permit Issued","RE2601347","(RE) - Electrical - 1 & 2 Unit Residential (Building)","2851 MORGAN AVE, Oakland CA 94602","Perform residential electrical safety rewiring including replacement and rewiring of existing receptacles, GFCI outlets, lighting fixtures, switches, doorbell wiring, and associated branch circuits. Scope includes installation of a new subpanel and related code-compliant electrical upgrades using fishing methods where applicable.",,
"06/01/2026","Permit Issued","CGS2601299","DOT - Curb Gutter Sidewalk Provisional Certificate","8809 SENECA ST, Oakland CA 94605",,,
"06/01/2026","Complete","BW26001649","(BW) - Building Worksheet (Building)","4623 DAVENPORT AVE, Oakland CA 94619","Remodel existing kitchen and two bathrooms with new cabinets, countertops and plumbing fixtures.",,
"06/01/2026","Pending - Incomplete","BW26001655","(BW) - Building Worksheet (Building)","1901 WOODHAVEN WY, Oakland CA 94611","Demolition of an existing commercial oval spa. The existing spa will be removed in its entirety. A separate permit will be obtained for the construction of a new rectangular commercial spa.",,
"06/01/2026","Certificate Issued","R2600677","(R) - ReRoof Certificate (Building)","612 58TH ST, Oakland CA 94609","We shall tear off the old roof down to the sheathing board, install new underlayment, new sheet metal roof accessories and new shingles. Flat Roof: we shall tear off the old roof down to the sheathing board, #28 bases, and new GTA App granulated modified torch down bitumen.",,
"06/01/2026","Complete","BW26001653","(BW) - Building Worksheet (Building)","5339 TRASK ST, Oakland CA 94601 United States","Property was purchase as a bank own property; the property was purchase gutted. house will have new plumbing, new electrical panel, new light fixtures, new HVAC system, new windows new plumbing fixtures, including a new water heater.",,
"06/01/2026","Permit Issued","RP2600714","(RP) Plumbing - 1 & 2 Unit Residential (Building)","2974 BARRETT ST, Oakland CA 94605","Replacing  65 Gallon Hybrid Heat Pump Water Heater, located in laundry room",,
"06/01/2026",,"26TMP-026399","(LBP) - Lead Based Paint (Building)","3369 HERRIER ST, Oakland CA 94602","Prepare for painting: cover work area, wet scrape and cut out loose and peeling paint, place scraped material in sealed garbage bag, use HEPA vacuum to trap lead dust, collect debris on a large groundsheet and wrap up for disposal, then prime and paint areas.",,
"06/01/2026","Complete","BW26001656","(BW) - Building Worksheet (Building)","2442 66TH AVE, Oakland CA 94605","REPLACING 17 EXISTING WINDOWS USING RETRO FIT INSTALLAITON. NEW PROPOSED WINDOWS WILL NOT HAVE GRIDS IN THE GLASS AS EXISTING WINDOWS HAVE. REPLACEMENTS ARE MARVIN INFINITY FIBERGLASS WINDOWS WITH A STONE WHITE INTERIOR/EXTERIOR. NO CHANGES TO THE OPENING SIZES.",,
"06/01/2026","Completed Cert Received","R2600678","(R) - ReRoof Certificate (Building)","3007 PERALTA ST, Oakland CA 94608","remove and replace existing roofing with comp shingle roofing",,
"06/01/2026","Withdrawn","RE2601350","(RE) - Electrical - 1 & 2 Unit Residential (Building)","4446 PIEDMONT AVE, Oakland CA 94611","-Relocate existing water heater circuit to new location with disconnect  -Add Timer to Fan next to water heater",,
"06/01/2026","Pending - Incomplete","BW26001876","(BW) - Building Worksheet (Building)","1035 32ND ST, Oakland CA 94608","CONVERSION OF EXISTING BASEMENT TO ADU",,
"06/01/2026","Complete","BW26001670","(BW) - Building Worksheet (Building)","3906 HANLY RD, Oakland CA 94602","Revision to RBC2600455Planning/Zoning and Building Plan Check Revision.Revision to DRX250034 and RBC2600455. Revision changes the project to a Category 1 ADU that includes conversion of existing 385sqft detached garage with 150sqft addition for access.",,
"06/01/2026","Assigned","BW26001668","(BW) - Building Worksheet (Building)","6112 HILTON ST, Oakland CA 94605","We are providing free resources to help a non-profit who cares for women in transition from abuse/incarceration/substances, remove their damaged exterior chimney. The low-level, 16ft chimney is pulling away from the house. The interior of the house is fully intact, the chimney opening is closed off and built over. We plan to protect all ground surroundings, block off the traffic pattern. We will erect a small scaffolding to access the higher section and then dismantle it after the higher use. We will remove bricks(literally one at a time) with our impact drill chisel, and off-haul all debris. We will remove all interior ceramic flue that is inoperable. After full chimney removal we will install any needed 2x4 framing to fill the back side of the interior drywall. We reconstruct the minor area of facia and eaves. We will install new insulation, plywood sheathing, weather paper, stucco screening. After all surfaces are properly stabilized and closed we will apply 3 coats of stucco finish. For the finish work we will prime with masonry primer and apply two finish coats of Loxon XP. For the ground we will install either concrete, asphalt, flower garden, or stone.",,
"06/01/2026","Complete","BW26001664","(BW) - Building Worksheet (Building)","1418 8TH ST, Oakland CA 94607","At residential duplex: Complete remodel of both units to include replacement of all windows and exterior decks and stairs (like-for-like). Add half-bath to attic. To include related mechanical, electrical and plumbing.",,
"06/01/2026","Void","OB2600651","Obstruction","5527 VICENTE WY, Oakland CA 94609","Reserve 14 (350') & 1 (25') NON-METERED (INCLUDED IN SL2600651) parking space(s) in front of parcel only for dumpster, construction vehicle, moving van or storage pod. Post No-parking signs 72 hours prior in residential areas. No impact on traffic lane or sidewalk allowed, except as noted on TCP/X permit. NO-PARKING SIGNS SHALL PICKED UP BY APPLICANT AFTER PAYMENT TO ENFORCE PERMIT REQUIREMENT. To have illegally parked vehicle ticketed: Call 510-777-3333. Applicant arranges towing. Comply with terms set forth in CVC Section 22651 (m). For towed vehicle: Call 510-238-3021.Block 150'x5'-6"" portion of s/w. Leave 5.5’ clear for pedestrian access, except as otherwise noted on TCP/X permit. Ensure that environmental controls are in place to prevent dust/debris/waste water from contaminating environment.Comply with all terms, conditions and restrictions stated in the Traffic Control Plan. Any/all changes need prior written approval. Provide original Traffic Control Plan at each renewal.06/01/2026: TCP GOOD FOR 06/01-07/16/2026, 8AM-5PM, PER T.CHUNG06/05/2026: TCP GOOD FOR 06/09-08/07/2026, 8AM-5PM, PER T.CHUNG (date change, NC)",,
"06/01/2026","Complete","BW26001663","(BW) - Building Worksheet (Building)","2400 HIGH ST, Oakland CA 94601","TO FIX WALL HEATER AND 2 LEAKS FROM ABOVE.",,
"06/01/2026","Void","CGS2601305","DOT - Curb Gutter Sidewalk Repair","2957 73RD AVE, Oakland CA 94605","NOTE: ***BEFORE any work in Right of Way, please schedule your inspection via http://oaklanddot.com/cgs/projects/search.html forty-eight hours in advance. Applicant is subject to fine if work is started WITHOUT scheduling a pre-inspection*** Repair sidewalk to City Standards (maximum 2%). If working within 25' feet of a monument you must comply with State Law 8771, contact the Inspector prior to starting excavation: minimum $5,800.00 fine for non-compliance. Comply with all terms of City of Oakland Public Works Standards, Street Excavation Rules, Revised March 2015 and City Council Ordinance No. 13300 C.M.S. Five day prior notice required for work lasting five days or less in business/commercial districts; 72 hour notice in residential districts. Ten day prior notice required for work lasting six days or more in all districts. USA #",,
"06/01/2026","Final","CGS2601304","DOT - Curb Gutter Sidewalk Repair","2809 8TH AVE, Oakland CA 94610","NOTE: ***BEFORE any work in Right of Way, please schedule your inspection via http://oaklanddot.com/cgs/projects/search.html forty-eight hours in advance. Applicant is subject to fine if work is started WITHOUT scheduling a pre-inspection*** Repair sidewalk to City Standards (maximum 2%). If working within 25' feet of a monument you must comply with State Law 8771, contact the Inspector prior to starting excavation: minimum $5,800.00 fine for non-compliance. Comply with all terms of City of Oakland Public Works Standards, Street Excavation Rules, Revised March 2015 and City Council Ordinance No. 13300 C.M.S. Five day prior notice required for work lasting five days or less in business/commercial districts; 72 hour notice in residential districts. Ten day prior notice required for work lasting six days or more in all districts. USA #",,
"06/01/2026","On Hold - Field Check Pending","RBC2601515","(RBC) - Building Residential Combo Alteration- 1 & 2 Unit Residential (Building)","250 COVINGTON ST, Oakland CA 94605","At existing SFD repair fire damaged section of roof and roof framing, remove metal patio cover at rear, replace (3) windows, and damaged sheetrock in the kitchen and rear bedroom.  Includes lead-based paint abatement.  Includes related mechanical and electrical including replacement of furnace in the attic and rewire where damaged.  To abate CE Case #2507258.",,
"06/01/2026","On Hold - Fee Due","RBC2601514","(RBC) - Building Residential Combo Alteration- 1 & 2 Unit Residential (Building)","6700 LAIRD AVE, Oakland CA 94605","At existing SFD, remodel interior to include creation of new bathroom within building envelope to create master suite, remodel of kitchen including removal of wall to create open living space, remodel of existing bathroom, removal of windows and replacement of windows, removal of fireplace, and new deck at rear. Includes all related MEPs, including new FAU in crawl space. DRX260677",,
"06/01/2026","Permit Expired","OB2600650","Obstruction","8417 INTERNATIONAL BLVD, Oakland CA 94621","Reserve 8 (200') NON-METERED parking space(s) in front of parcel only for dumpster, construction vehicle, moving van or storage pod. Post No-parking signs 72 hours prior in residential areas. No impact on traffic lane or sidewalk allowed, except as noted on TCP/X permit. NO-PARKING SIGNS SHALL PICKED UP BY APPLICANT AFTER PAYMENT TO ENFORCE PERMIT REQUIREMENT. To have illegally parked vehicle ticketed: Call 510-777-3333. Applicant arranges towing. Comply with terms set forth in CVC Section 22651 (m). For towed vehicle: Call 510-238-3021.Block 20'x5' portion of s/w. Leave 5.5’ clear for pedestrian access, except as otherwise noted on TCP/X permit. Ensure that environmental controls are in place to prevent dust/debris/waste water from contaminating environment.DESTRUCTION OF PREVIOUSLY INSTALLED SOIL VAPOR WELLSComply with all terms, conditions and restrictions stated in the Traffic Control Plan. Any/all changes need prior written approval. Provide original Traffic Control Plan at each renewal.TSD-26-0001, 01/26/2026: TCP GOOD FOR 01/29-01/30/2026, 8AM-5PMTSD-26-0001a, 06/01/2026: TCP GOOD FOR 06/08-06/09/2026, 8AM-5PM",,
"06/01/2026","Final Check - On Hold","RBC2601513","(RBC) - Building Residential Combo Alteration- 1 & 2 Unit Residential (Building)","6026 ROCKWELL ST, Oakland CA 94618","At existing SFD, on main floor, remodel kitchen and guest bathroom, including replacement of bay window in dining room. On second floor, remodel bathroom, including tub to shower conversion and minor wall changes, and change railing on rooftop terrace. In basement level, add new sheetrock in garage and replace garage door, add self-close latch to interior door from garage to hallway. Voluntary seismic retrofit, primarily in basement level. Includes all related MEPs. DRX260605",,
"06/01/2026","Permit Expired","OB2600649","Obstruction","350 HAWTHORNE AVE, Oakland CA 94609","Reserve 5 METERED & 8 (200') NON-METERED parking space(s) in front of parcel only for dumpster, construction vehicle, moving van or storage pod. Post No-parking signs 72 hours prior in residential areas. No impact on traffic lane or sidewalk allowed, except as noted on TCP/X permit. NO-PARKING SIGNS SHALL PICKED UP BY APPLICANT AFTER PAYMENT TO ENFORCE PERMIT REQUIREMENT. To have illegally parked vehicle ticketed: Call 510-777-3333. Applicant arranges towing. Comply with terms set forth in CVC Section 22651 (m). For towed vehicle: Call 510-238-3021.Comply with all terms, conditions and restrictions stated in the Traffic Control Plan. Any/all changes need prior written approval. Provide original Traffic Control Plan at each renewal.06/01/2026: TCP GOOD FOR 06/10/2026, 8AM-5PM, PER T.CHUNGTCP approved contingent upon applicant notifying affected area one week prior to closure and placing advanced CMS signs notifying the area of the upcoming closure.",,
"06/01/2026","Permit Issued","OB2600648","Obstruction","63 SOMERSET RD, Oakland CA 94611","Comply with all terms, conditions and restrictions stated in the Traffic Control Plan. Any/all changes need prior written approval. Provide original Traffic Control Plan at each renewal.06/01/2026: TCP GOOD FOR 06/08-07/17/2026, 8AM-5PM, PER T.CHUNG",,
"06/01/2026","On Hold - Field Check Pending","RBC2601512","(RBC) - Building Residential Combo Alteration- 1 & 2 Unit Residential (Building)","6225 HILTON ST, Oakland CA 94605","Fire damage repairs to single family dwelling and other work to render the structure code compliant 2504535, dwelling to become 3-bedroom/2 bathroom New rear deck/stairs. Replace roof at rear portion of structure. Include E-M-P work for repairs. Paint included. DRX260315.",,
"06/01/2026","Payment Received","OB2600647","Obstruction","6248 CLAREMONT AVE, Oakland CA 94618","Reserve # METERED parking space(s) in front of parcel only for dumpster, construction vehicle, moving van or storage pod. No impact on traffic lane or sidewalk allowed. No-parking signs picked up by applicant after payment, 4TH FLOOR. To Have Illegally Parked Vehicle Ticketed Call 510-777-3333. Applicant arranges towing. Comply with terms set forth in CVC Section 22651 (m). For Towed Vehicle: Call 510-238-3021.",,
"06/01/2026","On Hold - Field Check Pending","B2601511","(B) - Building Alteration - 3+ Residential Units or Commercial (Building)","2370 GRANDE VISTA PL, Oakland CA 94601","TI - at existing child care facility, remodel kitchen and existing bathroom at 2ns floor and existing bathroom 4 at main level. Combine bathrooms 1 and 2 on main level to create new ADA compliant restroom. Create new ADA compliant restroom in existing storage at main level. Replace windows in-kind. To remove and built a new ADA compliant deck and ramp. Separate trades required.  DRX251612. To partially abate CE# 2505780",,
"06/01/2026","Permit Expired","OB2600646","Obstruction","115 MOSS AVE, Oakland CA 94611","Reserve 1 (25') NON-METERED parking space(s) in front of the parcel only for dumpster, construction vehicle, moving van, or storage pod. Post No-parking signs 72 hours prior in residential areas. No impact on traffic lane or sidewalk allowed, except as noted on TCP/X permit. NO-PARKING SIGNS SHALL PICKED UP BY APPLICANT AFTER PAYMENT TO ENFORCE PERMIT REQUIREMENT. To have illegally parked vehicle ticketed: Call 510-777-3333. Applicant arranges towing. Comply with terms set forth in CVC Section 22651 (m). For towed vehicle: Call 510-238-3021.",,
"06/01/2026","Pending - Incomplete","BW26001660","(BW) - Building Worksheet (Building)","9321 INTERNATIONAL BLVD, Oakland CA 94603","REVISION TO B2600412 - water heaters (2) washing machine (2) tub (1) & correction of piping. Tub mixing valve needs to have “fire barrier ring” installed- provided contractor with contact to purchase “fire barrier"". Fire rated sheet rock to be placed behind tub on shared wall with other unit. Water heater in stair well needs to be placed in closet for separation of the stairwell - closet construction needs to follow current CBC for closet in stairwell landing area -combustion air needs to be provided to closet.",,
"06/01/2026","Payment Received","CGS2601301","DOT - Curb Gutter Sidewalk Standard Compliance Certificate","976 GROSVENOR PL, Oakland CA 94610",,,
"06/01/2026","Permit Expired","OB2600645","Obstruction","612 58TH ST, Oakland CA 94609","Reserve # NON-METERED parking space(s) in front of parcel only for dumpster, construction vehicle, moving van or storage pod. Post No-parking signs 72 hours prior in residential areas. No impact on traffic lane or sidewalk allowed. No-parking signs picked up by applicant after payment, 4TH FLOOR. To Have Illegally Parked Vehicle Ticketed Call 510-777-3333. Applicant arranges towing. Comply with terms set forth in CVC Section 22651 (m). For Towed Vehicle: Call 510-238-3021.",,
"06/01/2026","Building Permit Not Required","RBC2601509","(RBC) New Construction - Single Family, Duplex or Accessory Structures","250 FRANK H OGAWA PZ, A, Oakland CA 94612","Test 3",,
"06/01/2026","On Hold","RBC2601508","(RBC) - Building Residential Combo Alteration- 1 & 2 Unit Residential (Building)","1657 EXCELSIOR AVE, Oakland CA 94602","Relocate sink, Refrigerator, stove and washer and dryer. Cancel 3 Windows. No Structural changes. DRX260928.",,
"06/01/2026","Final","M2600705","(M) - Mechanical - 3+ Residential Units or Commercial (Building)","415 OAK ST, Oakland CA 94607","Need final to ebate work",,
"06/01/2026","Permit Issued","RBC2601505","(RBC) - Building Residential Combo Alteration- 1 & 2 Unit Residential (Building)","100 BEECHWOOD DR, Oakland CA 94618","At existing single-family dwelling to replacement 6 windows in kind, no change to header size or layout. No related MEP's. DRX260672.",,
"06/01/2026","Permit Issued","RBC2601504","(RBC) - Building Residential Combo Alteration- 1 & 2 Unit Residential (Building)","2621 BARTLETT ST, Oakland CA 94602","Replace 1 window retrofit for rear unit 2619 BARTLETT to partial abate CE2600581. Separate plumbing permit RP2600581.",,
"06/01/2026","Final","CGS2601300","DOT - Curb Gutter Sidewalk Repair","1621 10TH AVE, Oakland CA 94606","NOTE: ***BEFORE any work in Right of Way, please schedule your inspection via http://oaklanddot.com/cgs/projects/search.html forty-eight hours in advance. Applicant is subject to fine if work is started WITHOUT scheduling a pre-inspection*** Repair sidewalk to City Standards (maximum 2%). If working within 25' feet of a monument you must comply with State Law 8771, contact the Inspector prior to starting excavation: minimum $5,800.00 fine for non-compliance. Comply with all terms of City of Oakland Public Works Standards, Street Excavation Rules, Revised March 2015 and City Council Ordinance No. 13300 C.M.S. Five day prior notice required for work lasting five days or less in business/commercial districts; 72 hour notice in residential districts. Ten day prior notice required for work lasting six days or more in all districts. USA #",,
"06/01/2026","Permit Expired","OB2600644","Obstruction","3431 SAN PABLO AVE, Oakland CA 94608","Comply with all terms, conditions and restrictions stated in the Traffic Control Plan. Any/all changes need prior written approval. Provide original Traffic Control Plan at each renewal.06/01/2026: TCP GOOD FOR 06/04-06/05/2026, WEEKDAYS 9AM-4PM. PER T. CHUNG06/03/2026: TCP GOOD FOR 06/15-06/16/2026, WEEKDAYS 9AM-4PM. PER T. CHUNG (date change, NC)",,
"06/01/2026","On Hold","RBC2601502","(RBC) - Building Residential Combo Alteration- 1 & 2 Unit Residential (Building)","88 STARVIEW DR, Oakland CA 94618","To complete RBC2000512: legalize basement addition at townhouse. DRX180026",,
"06/01/2026","Permit Issued","RBC2601501","(RBC) - Building Residential Combo Alteration- 1 & 2 Unit Residential (Building)","420 63RD ST, Oakland CA 94609","At existing single-family dwelling to replace (4) retrofit windows. No changed to header size or layout. No related MEP's. DRX260753.",,
"06/01/2026","Inspections - In Progress","SL2601075","(SL) - Sewer Lateral (OPW)","5813 AVENAL AVE, Oakland CA 94605","Repair/replace sewer lateral and EXCAVATE in PUBLIC RIGHT-OF-WAY. Overflow device may be needed.  If working within 25' feet of a monument you must comply with State Law 8771, contact the Inspector prior to starting excavation: minimum $5,800.00 fine for non-compliance. Comply with all terms of City of Oakland Public Works Standards, Street Excavation Rules, Revised March 2015 and City Council Ordinance No. 13300 C.M.S. Five days prior notice required for work lasting five days or less in business/commercial districts; 72 hour notice in residential districts. Ten days prior notice required for work lasting six days or more in all districts. USA # and date must be provided in order to have a permit issued. Permit valid 90 days. If the work is to be performed on a designated “Creekside Property” the work will require a “Creek Protection Permit”.  **Please submit your scheduling request via the contractor's mobile app at https://citygovapp.com/app/opwirprod.htm",,
"06/01/2026","Permit Issued","RBC2601500","(RBC) - Building Residential Combo Alteration- 1 & 2 Unit Residential (Building)","8281 SKYLINE CIR, Oakland CA 94605","Bathroom remodel at SFD. No wall layout or exterior work. Related mechanical, electrical, plumbing included.",,
"06/01/2026","Permit Expired","OB2600643","Obstruction","5503 DOVER ST, OAKLAND CA 94609","Reserve 2 (50') NON-METERED parking space(s) in front of parcel only for dumpster, construction vehicle, moving van or storage pod. Post No-parking signs 72 hours prior in residential areas. No impact on traffic lane or sidewalk allowed, except as noted on TCP/X permit. NO-PARKING SIGNS SHALL PICKED UP BY APPLICANT AFTER PAYMENT TO ENFORCE PERMIT REQUIREMENT. To have illegally parked vehicle ticketed: Call 510-777-3333. Applicant arranges towing. Comply with terms set forth in CVC Section 22651 (m). For towed vehicle: Call 510-238-3021.",,
"06/01/2026","Permit Expired","OB2600642","Obstruction","4121 WATERHOUSE RD, Oakland CA 94602","Reserve 1 (25') NON-METERED parking space(s) in front of the parcel only for dumpster, construction vehicle, moving van, or storage pod. Post No-parking signs 72 hours prior in residential areas. No impact on traffic lane or sidewalk allowed, except as noted on TCP/X permit. NO-PARKING SIGNS SHALL PICKED UP BY APPLICANT AFTER PAYMENT TO ENFORCE PERMIT REQUIREMENT. To have illegally parked vehicle ticketed: Call 510-777-3333. Applicant arranges towing. Comply with terms set forth in CVC Section 22651 (m). For towed vehicle: Call 510-238-3021.",,
"06/01/2026","On Hold","B2601498","(B) - Building Alteration - 3+ Residential Units or Commercial (Building)","9724 MOUNTAIN BLVD, Oakland CA 94605","At muti-family dwelling to replace 600 sq ft of wood shingle siding at front of building. To abate Code Enforcement NO: 2602463.",,
"06/01/2026","Final Check - On Hold","RBC2601497","(RBC) - Building Residential Combo Alteration- 1 & 2 Unit Residential (Building)","1079 72ND AVE, Oakland CA 94621","Abating Code Violation #2505633. Unpermitted 4 units to be converted back to 2 units (Rear Building 1075 72nd Ave). Construction will occur in 2 phases.",,
"06/01/2026","Permit Expired","OB2600641","Obstruction","5222 DOVER ST, Oakland CA 94609","Reserve 7 METERED & 1 (25') NON-METERED (INCLUDED WITH SL26001073) parking space(s) in front of parcel only for dumpster, construction vehicle, moving van or storage pod. No impact on traffic lane or sidewalk allowed, except as noted except as noted on TCP/X permit. NO-PARKING SIGNS SHALL PICKED UP BY APPLICANT AFTER PAYMENT TO ENFORCE PERMIT REQUIREMENT. To have illegally parked vehicle ticketed: Call 510-777-3333. Applicant arranges towing. Comply with terms set forth in CVC Section 22651 (m). For towed vehicle: Call 510-238-3021.",,
"06/01/2026","Permit Expired","OB2600640","Obstruction","121 41ST ST, Oakland CA 94611","Reserve 2 METERED parking space(s) in front of parcel only for dumpster, construction vehicle, moving van or storage pod. No impact on traffic lane or sidewalk allowed, except as noted except as noted on TCP/X permit. NO-PARKING SIGNS SHALL PICKED UP BY APPLICANT AFTER PAYMENT TO ENFORCE PERMIT REQUIREMENT. To have illegally parked vehicle ticketed: Call 510-777-3333. Applicant arranges towing. Comply with terms set forth in CVC Section 22651 (m). For towed vehicle: Call 510-238-3021.",,
"06/01/2026","Permit Expired","OB2600639","Obstruction","4179 HOWE ST, Oakland CA 94611","Reserve 1 (25') NON-METERED parking space(s) in front of the parcel only for dumpster, construction vehicle, moving van, or storage pod. Post No-parking signs 72 hours prior in residential areas. No impact on traffic lane or sidewalk allowed, except as noted on TCP/X permit. NO-PARKING SIGNS SHALL PICKED UP BY APPLICANT AFTER PAYMENT TO ENFORCE PERMIT REQUIREMENT. To have illegally parked vehicle ticketed: Call 510-777-3333. Applicant arranges towing. Comply with terms set forth in CVC Section 22651 (m). For towed vehicle: Call 510-238-3021.",,
"06/01/2026","Minor Engineer of Day Review","RBC2601496","(RBC) - Building Residential Combo Alteration- 1 & 2 Unit Residential (Building)","1312 BATES RD, Oakland CA 94610","At existing single-family dwelling to add at rear of the building a new upper floor sundeck 250sf & new lower floor sundeck 66sf with new stairs. Related electrical included. DS260130.",,
"06/01/2026","Permit Expired","OB2600638","Obstruction","315 WAYNE PL, Oakland CA 94606","Reserve 2 (50') NON-METERED parking space(s) in front of parcel only for dumpster, construction vehicle, moving van or storage pod. Post No-parking signs 72 hours prior in residential areas. No impact on traffic lane or sidewalk allowed, except as noted on TCP/X permit. NO-PARKING SIGNS SHALL PICKED UP BY APPLICANT AFTER PAYMENT TO ENFORCE PERMIT REQUIREMENT. To have illegally parked vehicle ticketed: Call 510-777-3333. Applicant arranges towing. Comply with terms set forth in CVC Section 22651 (m). For towed vehicle: Call 510-238-3021.",,
"06/01/2026","Permit Expired","OB2600637","Obstruction","452 CLIFTON ST, Oakland CA 94618","Reserve 2 (50') NON-METERED parking space(s) in front of parcel only for dumpster, construction vehicle, moving van or storage pod. Post No-parking signs 72 hours prior in residential areas. No impact on traffic lane or sidewalk allowed, except as noted on TCP/X permit. NO-PARKING SIGNS SHALL PICKED UP BY APPLICANT AFTER PAYMENT TO ENFORCE PERMIT REQUIREMENT. To have illegally parked vehicle ticketed: Call 510-777-3333. Applicant arranges towing. Comply with terms set forth in CVC Section 22651 (m). For towed vehicle: Call 510-238-3021.",,
"06/01/2026","Final","RE2601345","(RE) - Electrical - 1 & 2 Unit Residential (Building)","3859 HIGH ST, Oakland CA 94619","Sub panel upgrade from 50A to 100A.   Duplex address is 3859 High St./ 3860 Vale St.",,
"06/01/2026","Permit Issued","RBC2601495","(RBC) - Building Residential Combo Alteration- 1 & 2 Unit Residential (Building)","7985 CREST AVE, Oakland CA 94605","At Single Family Dwelling: replace 15 windows in-kind. DRX260679",,
"06/01/2026","Permit Issued","RBC2601494","(RBC) - Building Residential Combo Alteration- 1 & 2 Unit Residential (Building)","1312 BATES RD, Oakland CA 94610","At existing single-family dwelling: Foundation Repair",,
"06/01/2026","Permit Expired","OB2600636","Obstruction","2323 VALLEY ST, Oakland CA 94612","Reserve 2 (50') NON-METERED parking space(s) in front of parcel only for dumpster, construction vehicle, moving van or storage pod. Post No-parking signs 72 hours prior in residential areas. No impact on traffic lane or sidewalk allowed, except as noted on TCP/X permit. NO-PARKING SIGNS SHALL PICKED UP BY APPLICANT AFTER PAYMENT TO ENFORCE PERMIT REQUIREMENT. To have illegally parked vehicle ticketed: Call 510-777-3333. Applicant arranges towing. Comply with terms set forth in CVC Section 22651 (m). For towed vehicle: Call 510-238-3021.",,
"06/01/2026","Final","CGS2601294","DOT - Curb Gutter Sidewalk Exemption Certificate","11165 LOCHARD ST, Oakland CA 94605",,,
"06/01/2026","Inspections - In Progress","SL2601074","(SL) - Sewer Lateral (OPW)","1102 GRANDVIEW DR, Oakland CA 94603","Repair/replace sewer lateral and EXCAVATE in PUBLIC RIGHT-OF-WAY. Overflow device may be needed. If working within 15' feet of a monument you must comply with State Law 8771, contact the Inspector prior to starting excavation: minimum $5,800.00 fine for non-compliance. Comply with all terms of City of Oakland Public Works Standards, Street Excavation Rules, Revised March 2015 and City Council Ordinance No. 13300 C.M.S. Five days prior notice required for work lasting five days or less in business/commercial districts; 72 hour notice in residential districts. Ten days prior notice required for work lasting six days or more in all districts. USA # and date must be provided in order to have a permit issued. Permit valid 180 days. If the work is to be performed on a designated “Creekside Property” the work will require a “Creek Protection Permit”. If the property is not currently flagged in Accela as a “Creekside Property” but work will be performed within 100’ of a creek channel, a “Creek Determination” should be conducted to determine if the work is subject to the Creek Protection Ordinance. Permit valid 180 days. PRIOR TO START, please schedule your inspection via the contractor's mobile app: https://citygovapp.com/app/opwirprod.htm USA#",,
"06/01/2026","Issued","CGS2601293","DOT - Curb Gutter Sidewalk Repair","1926 E 19TH ST, OAKLAND CA 94611","NOTE: ***BEFORE any work in Right of Way, please schedule your inspection via http://oaklanddot.com/cgs/projects/search.html forty-eight hours in advance. Applicant is subject to fine if work is started WITHOUT scheduling a pre-inspection*** Repair sidewalk to City Standards (maximum 2%). If working within 25' feet of a monument you must comply with State Law 8771, contact the Inspector prior to starting excavation: minimum $5,800.00 fine for non-compliance. Comply with all terms of City of Oakland Public Works Standards, Street Excavation Rules, Revised March 2015 and City Council Ordinance No. 13300 C.M.S. Five day prior notice required for work lasting five days or less in business/commercial districts; 72 hour notice in residential districts. Ten day prior notice required for work lasting six days or more in all districts. USA #2026042000108 - 002",,
"06/01/2026","Final","M2600704","(M) - Mechanical - 3+ Residential Units or Commercial (Building)","425 JACKSON ST, Oakland CA 94607","Install 3 (N) mini-split systems with 3 dedicated circuits, office building.",,
"06/01/2026","Permit Issued","RBC2601493","(RBC) - Building Residential Combo Alteration- 1 & 2 Unit Residential (Building)","1939 CLEMENS RD, Oakland CA 94602","At single family dwelling: remodel kitchen and 2.5 bathrooms, no change any wall, in-kind. No exterior alterations to the residence proposed. Add gas line for fire pit in the back yard.",,
"06/01/2026","Final","SL2601073","(SL) - Sewer Lateral (OPW)","5222 DOVER ST, Oakland CA 94609","Sewer Lateral and Excavation: Replacing 43ft of sewer lateral from the building to the city main on Dover St. Testing for compliance. **Line S3**Repair/replace sewer lateral and EXCAVATE in PUBLIC RIGHT-OF-WAY. Overflow device may be needed.  If working within 25' feet of a monument you must comply with State Law 8771, contact the Inspector prior to starting excavation: minimum $5,800.00 fine for non-compliance. Comply with all terms of City of Oakland Public Works Standards, Street Excavation Rules, Revised March 2015 and City Council Ordinance No. 13300 C.M.S. Five days prior notice required for work lasting five days or less in business/commercial districts; 72 hour notice in residential districts. Ten days prior notice required for work lasting six days or more in all districts. USA # and date must be provided in order to have a permit issued. Permit valid 180 days. If the work is to be performed on a designated “Creekside Property” the work will require a “Creek Protection Permit”. If the property is not currently flagged in Accela as a “Creekside Property” but work will be performed within 100’ of a creek channel, a “Creek Determination” should be conducted to determine if the work is subject to the Creek Protection Ordinance. Permit valid 180 days. PRIOR TO START, please schedule your inspection via the contractor's mobile app: https://citygovapp.com/app/opwirprod.htmUSA#2026-053-000-109-000",,
"06/01/2026","Permit Issued","RE2601342","(RE) - Electrical - 1 & 2 Unit Residential (Building)","2218 83RD AVE, Oakland CA 94605","At existing duplex, upgrade MSP to 200AMP, with additional meter, and install new subpanel with 18 circuits inside house. Separate electrical work from RBC2202177",,
"06/01/2026","Intake - On Hold","RB2601492","Residential Building - Demolition","405 42ND ST, Oakland CA 94609","Demolition of the existing 487 sqft detached garage with attached shed at right of duplex. New ADU under RBC2601545. ADU260089.",,
"06/01/2026","Final","CGS2601290","DOT - Curb Gutter Sidewalk Repair","4801 ALLENDALE AVE, Oakland CA 94619","NOTE: ***BEFORE any work in Right of Way, please schedule your inspection via http://oaklanddot.com/cgs/projects/search.html forty-eight hours in advance. Applicant is subject to fine if work is started WITHOUT scheduling a pre-inspection*** Repair sidewalk to City Standards (maximum 2%). If working within 25' feet of a monument you must comply with State Law 8771, contact the Inspector prior to starting excavation: minimum $5,800.00 fine for non-compliance. Comply with all terms of City of Oakland Public Works Standards, Street Excavation Rules, Revised March 2015 and City Council Ordinance No. 13300 C.M.S. Five day prior notice required for work lasting five days or less in business/commercial districts; 72 hour notice in residential districts. Ten day prior notice required for work lasting six days or more in all districts. USA #2026050600254, 05/06/2026",,
