{
"type": "FeatureCollection",
"name": "berkeley_blockgroups",
"crs": { "type": "name", "properties": { "name": "urn:ogc:def:crs:OGC:1.3:CRS84" } },
"features": [
{ "type": "Feature", "properties": { "GEOID": "060014216002", "ALAND": 506564, "AWATER": 0, "population": 1328.0, "households": 492.0, "owner_households": 438.0, "renter_households": 54.0, "renter_household_pct": 11.0, "residents_owner_occupied": 1224.0, "residents_renter_occupied": 104.0, "median_household_income": 233876.0, "per_capita_income": 83909.0, "hh_income_under_50k": 83.0, "hh_income_50k_100k": 0.0, "hh_income_100k_200k": 61.0, "hh_income_200k_plus": 348.0, "age_under_18": 237.0, "age_18_24": 177.0, "age_25_34": 129.0, "age_35_64": 515.0, "age_65_plus": 270.0, "households_no_vehicle": 31.0, "no_vehicle_pct": 6.3, "vehicles_available_min": 906.0, "median_gross_rent": 3273.0, "median_home_value": 1031700.0, "rent_burdened_30pct": 38.9, "rent_burdened_50pct": 38.9, "workers": 472.0, "commute_drive_alone_pct": 33.5, "commute_carpool_pct": 0.0, "commute_transit_pct": 20.1, "commute_bicycle_pct": 5.9, "commute_walk_pct": 1.7, "commute_work_from_home_pct": 38.8, "housing_units": 530.0, "vacant_units": 38.0, "units_1_detached_pct": 90.4, "units_1_attached_pct": 3.4, "units_2_4_pct": 6.2, "units_5_19_pct": 0.0, "units_20_plus_pct": 0.0, "built_before_1940_pct": 17.0, "built_2010_or_later_pct": 0.0, "hispanic_pct": 8.7, "white_nh_pct": 49.6, "black_nh_pct": 0.0, "asian_nh_pct": 21.6, "bachelors_or_higher_pct": 90.7, "below_poverty_pct": 11.0, "median_household_income_moe": 3965.0, "population_moe": 547.0 }, "geometry": { "type": "Polygon", "coordinates": [ [ [ -122.26027, 37.886203 ], [ -122.260184, 37.886349 ], [ -122.2598, 37.8865 ], [ -122.259756, 37.886448 ], [ -122.259828, 37.886198 ], [ -122.259793, 37.886049 ], [ -122.259176, 37.885757 ], [ -122.259168, 37.886372 ], [ -122.25911, 37.886534 ], [ -122.258994, 37.886666 ], [ -122.258675, 37.886788 ], [ -122.258062, 37.886548 ], [ -122.257849, 37.886539 ], [ -122.256866, 37.886882 ], [ -122.25681, 37.88697 ], [ -122.256955, 37.887284 ], [ -122.256922, 37.88741 ], [ -122.256566, 37.887631 ], [ -122.256504, 37.887806 ], [ -122.256533, 37.887978 ], [ -122.25635, 37.888026 ], [ -122.255898, 37.887985 ], [ -122.255778, 37.887653 ], [ -122.255701, 37.887585 ], [ -122.255596, 37.887571 ], [ -122.255422, 37.887654 ], [ -122.255382, 37.887734 ], [ -122.255396, 37.887959 ], [ -122.255334, 37.88806 ], [ -122.255112, 37.888097 ], [ -122.254896, 37.888006 ], [ -122.25475, 37.887768 ], [ -122.25451, 37.887658 ], [ -122.254357, 37.887941 ], [ -122.25438, 37.888421 ], [ -122.25415, 37.888819 ], [ -122.254143, 37.889163 ], [ -122.253961, 37.88902 ], [ -122.253645, 37.888565 ], [ -122.253505, 37.888267 ], [ -122.253377, 37.888163 ], [ -122.25356, 37.887972 ], [ -122.253552, 37.887636 ], [ -122.253595, 37.887502 ], [ -122.253948, 37.887125 ], [ -122.253874, 37.886661 ], [ -122.253908, 37.886258 ], [ -122.253856, 37.886113 ], [ -122.253673, 37.885983 ], [ -122.253257, 37.885814 ], [ -122.253191, 37.885638 ], [ -122.253206, 37.885437 ], [ -122.253123, 37.885306 ], [ -122.253057, 37.885285 ], [ -122.252849, 37.885329 ], [ -122.25244, 37.885647 ], [ -122.252325, 37.885687 ], [ -122.25218, 37.885661 ], [ -122.25212, 37.885561 ], [ -122.252091, 37.885117 ], [ -122.251971, 37.884886 ], [ -122.251807, 37.884741 ], [ -122.251255, 37.884467 ], [ -122.251122, 37.884177 ], [ -122.251172, 37.884084 ], [ -122.251353, 37.883964 ], [ -122.251525, 37.883618 ], [ -122.251877, 37.883361 ], [ -122.251969, 37.883215 ], [ -122.251258, 37.882347 ], [ -122.251253, 37.882171 ], [ -122.251377, 37.881974 ], [ -122.25138, 37.881861 ], [ -122.251309, 37.881793 ], [ -122.251138, 37.881782 ], [ -122.250518, 37.882079 ], [ -122.250433, 37.881952 ], [ -122.249989, 37.881769 ], [ -122.249269, 37.881595 ], [ -122.249228, 37.881462 ], [ -122.249269, 37.880896 ], [ -122.251453, 37.880709 ], [ -122.255593, 37.880194 ], [ -122.25629, 37.880069 ], [ -122.256567, 37.87996 ], [ -122.256643, 37.879959 ], [ -122.257106, 37.880537 ], [ -122.257292, 37.880562 ], [ -122.257768, 37.880453 ], [ -122.258205, 37.880573 ], [ -122.258196, 37.880787 ], [ -122.258406, 37.881095 ], [ -122.258417, 37.881207 ], [ -122.258111, 37.881757 ], [ -122.258644, 37.88181 ], [ -122.259226, 37.881983 ], [ -122.259262, 37.882224 ], [ -122.259204, 37.882724 ], [ -122.259243, 37.883369 ], [ -122.259856, 37.883278 ], [ -122.259964, 37.883795 ], [ -122.259908, 37.883941 ], [ -122.259797, 37.884019 ], [ -122.259175, 37.88404 ], [ -122.259022, 37.884091 ], [ -122.258907, 37.884223 ], [ -122.258904, 37.884491 ], [ -122.259029, 37.884749 ], [ -122.260179, 37.885959 ], [ -122.26027, 37.886203 ] ] ] } },
{ "type": "Feature", "properties": { "GEOID": "060014223001", "ALAND": 159601, "AWATER": 0, "population": 759.0, "households": 308.0, "owner_households": 202.0, "renter_households": 106.0, "renter_household_pct": 34.4, "residents_owner_occupied": 499.0, "residents_renter_occupied": 260.0, "median_household_income": 164375.0, "per_capita_income": 87089.0, "hh_income_under_50k": 68.0, "hh_income_50k_100k": 48.0, "hh_income_100k_200k": 56.0, "hh_income_200k_plus": 136.0, "age_under_18": 149.0, "age_18_24": 107.0, "age_25_34": 83.0, "age_35_64": 284.0, "age_65_plus": 136.0, "households_no_vehicle": 38.0, "no_vehicle_pct": 12.3, "vehicles_available_min": 454.0, "median_gross_rent": 2583.0, "median_home_value": 1600000.0, "rent_burdened_30pct": 76.9, "rent_burdened_50pct": 24.2, "workers": 365.0, "commute_drive_alone_pct": 36.7, "commute_carpool_pct": 2.7, "commute_transit_pct": 20.8, "commute_bicycle_pct": 14.0, "commute_walk_pct": 7.9, "commute_work_from_home_pct": 17.8, "housing_units": 364.0, "vacant_units": 56.0, "units_1_detached_pct": 67.3, "units_1_attached_pct": 4.9, "units_2_4_pct": 19.2, "units_5_19_pct": 8.5, "units_20_plus_pct": 0.0, "built_before_1940_pct": 71.4, "built_2010_or_later_pct": 0.0, "hispanic_pct": 2.2, "white_nh_pct": 44.4, "black_nh_pct": 16.3, "asian_nh_pct": 25.7, "bachelors_or_higher_pct": 70.0, "below_poverty_pct": 0.8, "median_household_income_moe": 75736.0, "population_moe": 202.0 }, "geometry": { "type": "Polygon", "coordinates": [ [ [ -122.282793, 37.87666 ], [ -122.273746, 37.877788 ], [ -122.273574, 37.87598 ], [ -122.282565, 37.874862 ], [ -122.282793, 37.87666 ] ] ] } },
{ "type": "Feature", "properties": { "GEOID": "060014227003", "ALAND": 59290, "AWATER": 0, "population": 1507.0, "households": 289.0, "owner_households": 8.0, "renter_households": 281.0, "renter_household_pct": 97.2, "residents_owner_occupied": 8.0, "residents_renter_occupied": 654.0, "median_household_income": null, "per_capita_income": 10903.0, "hh_income_under_50k": 211.0, "hh_income_50k_100k": 30.0, "hh_income_100k_200k": 48.0, "hh_income_200k_plus": 0.0, "age_under_18": 11.0, "age_18_24": 1164.0, "age_25_34": 272.0, "age_35_64": 60.0, "age_65_plus": 0.0, "households_no_vehicle": 222.0, "no_vehicle_pct": 76.8, "vehicles_available_min": 108.0, "median_gross_rent": 1834.0, "median_home_value": null, "rent_burdened_30pct": 77.4, "rent_burdened_50pct": 71.2, "workers": 401.0, "commute_drive_alone_pct": 12.2, "commute_carpool_pct": 0.0, "commute_transit_pct": 12.7, "commute_bicycle_pct": 0.0, "commute_walk_pct": 28.9, "commute_work_from_home_pct": 36.9, "housing_units": 289.0, "vacant_units": 0.0, "units_1_detached_pct": 0.0, "units_1_attached_pct": 0.0, "units_2_4_pct": 0.0, "units_5_19_pct": 42.2, "units_20_plus_pct": 57.8, "built_before_1940_pct": 32.9, "built_2010_or_later_pct": 0.0, "hispanic_pct": 20.6, "white_nh_pct": 29.4, "black_nh_pct": 4.4, "asian_nh_pct": 34.1, "bachelors_or_higher_pct": 83.4, "below_poverty_pct": 80.1, "median_household_income_moe": null, "population_moe": 348.0 }, "geometry": { "type": "Polygon", "coordinates": [ [ [ -122.254588, 37.869321 ], [ -122.252328, 37.869616 ], [ -122.252335, 37.869186 ], [ -122.250971, 37.869328 ], [ -122.250697, 37.868021 ], [ -122.250781, 37.867952 ], [ -122.250961, 37.867924 ], [ -122.25429, 37.867508 ], [ -122.254588, 37.869321 ] ] ] } },
{ "type": "Feature", "properties": { "GEOID": "060014225002", "ALAND": 120451, "AWATER": 0, "population": 1294.0, "households": 181.0, "owner_households": 94.0, "renter_households": 87.0, "renter_household_pct": 48.1, "residents_owner_occupied": 173.0, "residents_renter_occupied": 215.0, "median_household_income": 23375.0, "per_capita_income": 12406.0, "hh_income_under_50k": 129.0, "hh_income_50k_100k": 10.0, "hh_income_100k_200k": 17.0, "hh_income_200k_plus": 25.0, "age_under_18": 36.0, "age_18_24": 1044.0, "age_25_34": 48.0, "age_35_64": 132.0, "age_65_plus": 34.0, "households_no_vehicle": 28.0, "no_vehicle_pct": 15.5, "vehicles_available_min": 225.0, "median_gross_rent": 2279.0, "median_home_value": 1118400.0, "rent_burdened_30pct": 88.2, "rent_burdened_50pct": 80.3, "workers": 546.0, "commute_drive_alone_pct": 17.4, "commute_carpool_pct": 2.0, "commute_transit_pct": 19.8, "commute_bicycle_pct": 0.5, "commute_walk_pct": 25.6, "commute_work_from_home_pct": 34.6, "housing_units": 235.0, "vacant_units": 54.0, "units_1_detached_pct": 11.5, "units_1_attached_pct": 2.6, "units_2_4_pct": 15.3, "units_5_19_pct": 30.2, "units_20_plus_pct": 40.4, "built_before_1940_pct": 18.7, "built_2010_or_later_pct": 0.0, "hispanic_pct": 19.1, "white_nh_pct": 37.6, "black_nh_pct": 3.3, "asian_nh_pct": 32.0, "bachelors_or_higher_pct": 63.6, "below_poverty_pct": 57.5, "median_household_income_moe": 12937.0, "population_moe": 214.0 }, "geometry": { "type": "Polygon", "coordinates": [ [ [ -122.258875, 37.878007 ], [ -122.256364, 37.878346 ], [ -122.256292, 37.878657 ], [ -122.256336, 37.87922 ], [ -122.256572, 37.879623 ], [ -122.256563, 37.879799 ], [ -122.256643, 37.879959 ], [ -122.25629, 37.880069 ], [ -122.255083, 37.880257 ], [ -122.254917, 37.878633 ], [ -122.255394, 37.878549 ], [ -122.255378, 37.878392 ], [ -122.255317, 37.878399 ], [ -122.254723, 37.875627 ], [ -122.255726, 37.875668 ], [ -122.258357, 37.875337 ], [ -122.258875, 37.878007 ] ] ] } },
{ "type": "Feature", "properties": { "GEOID": "060014215001", "ALAND": 651203, "AWATER": 0, "population": 1542.0, "households": 631.0, "owner_households": 568.0, "renter_households": 63.0, "renter_household_pct": 10.0, "residents_owner_occupied": 1373.0, "residents_renter_occupied": 148.0, "median_household_income": 250001.0, "per_capita_income": 141415.0, "hh_income_under_50k": 51.0, "hh_income_50k_100k": 87.0, "hh_income_100k_200k": 93.0, "hh_income_200k_plus": 400.0, "age_under_18": 261.0, "age_18_24": 105.0, "age_25_34": 142.0, "age_35_64": 515.0, "age_65_plus": 519.0, "households_no_vehicle": 0.0, "no_vehicle_pct": 0.0, "vehicles_available_min": 1259.0, "median_gross_rent": 3501.0, "median_home_value": 1695800.0, "rent_burdened_30pct": 52.4, "rent_burdened_50pct": 0.0, "workers": 666.0, "commute_drive_alone_pct": 34.1, "commute_carpool_pct": 1.8, "commute_transit_pct": 8.9, "commute_bicycle_pct": 0.0, "commute_walk_pct": 1.5, "commute_work_from_home_pct": 53.8, "housing_units": 631.0, "vacant_units": 0.0, "units_1_detached_pct": 98.9, "units_1_attached_pct": 1.1, "units_2_4_pct": 0.0, "units_5_19_pct": 0.0, "units_20_plus_pct": 0.0, "built_before_1940_pct": 20.0, "built_2010_or_later_pct": 1.6, "hispanic_pct": 7.6, "white_nh_pct": 74.1, "black_nh_pct": 4.5, "asian_nh_pct": 10.1, "bachelors_or_higher_pct": 85.4, "below_poverty_pct": 1.9, "median_household_income_moe": null, "population_moe": 345.0 }, "geometry": { "type": "Polygon", "coordinates": [ [ [ -122.262683, 37.896326 ], [ -122.260784, 37.897553 ], [ -122.261959, 37.898485 ], [ -122.260703, 37.899639 ], [ -122.260043, 37.899888 ], [ -122.259685, 37.899876 ], [ -122.259357, 37.899685 ], [ -122.258689, 37.899032 ], [ -122.258419, 37.898981 ], [ -122.258213, 37.899029 ], [ -122.258018, 37.89914 ], [ -122.257169, 37.899824 ], [ -122.257052, 37.899864 ], [ -122.256929, 37.899841 ], [ -122.256642, 37.899515 ], [ -122.256219, 37.898633 ], [ -122.256063, 37.898421 ], [ -122.256068, 37.898236 ], [ -122.256283, 37.897922 ], [ -122.256325, 37.897751 ], [ -122.256305, 37.896795 ], [ -122.256222, 37.896484 ], [ -122.255936, 37.896031 ], [ -122.255701, 37.895904 ], [ -122.255156, 37.896258 ], [ -122.254933, 37.896345 ], [ -122.254479, 37.896216 ], [ -122.253842, 37.89623 ], [ -122.253702, 37.896193 ], [ -122.252884, 37.895359 ], [ -122.252685, 37.895015 ], [ -122.252668, 37.894569 ], [ -122.253082, 37.894116 ], [ -122.253104, 37.894008 ], [ -122.253047, 37.893863 ], [ -122.252867, 37.893732 ], [ -122.252563, 37.893671 ], [ -122.252201, 37.893498 ], [ -122.252059, 37.893484 ], [ -122.251827, 37.893535 ], [ -122.251384, 37.893835 ], [ -122.251154, 37.89384 ], [ -122.250162, 37.893356 ], [ -122.250049, 37.893148 ], [ -122.250077, 37.892977 ], [ -122.250007, 37.892811 ], [ -122.249857, 37.89277 ], [ -122.249666, 37.892824 ], [ -122.249145, 37.891128 ], [ -122.24963, 37.891139 ], [ -122.25032, 37.891299 ], [ -122.250811, 37.891306 ], [ -122.251199, 37.891238 ], [ -122.251877, 37.890955 ], [ -122.252419, 37.890396 ], [ -122.25227, 37.889947 ], [ -122.253123, 37.889774 ], [ -122.253278, 37.889676 ], [ -122.253165, 37.889558 ], [ -122.252818, 37.889385 ], [ -122.252755, 37.889297 ], [ -122.252698, 37.888435 ], [ -122.252753, 37.888303 ], [ -122.252889, 37.888196 ], [ -122.253195, 37.888134 ], [ -122.253377, 37.888163 ], [ -122.253505, 37.888267 ], [ -122.253645, 37.888565 ], [ -122.253961, 37.88902 ], [ -122.254387, 37.889305 ], [ -122.254819, 37.889425 ], [ -122.255198, 37.889614 ], [ -122.255639, 37.889655 ], [ -122.256062, 37.889856 ], [ -122.256614, 37.889911 ], [ -122.256563, 37.890044 ], [ -122.256394, 37.89018 ], [ -122.255942, 37.890353 ], [ -122.255857, 37.890436 ], [ -122.256017, 37.890784 ], [ -122.256006, 37.890982 ], [ -122.255913, 37.891038 ], [ -122.256097, 37.891395 ], [ -122.256765, 37.89203 ], [ -122.256962, 37.892059 ], [ -122.257689, 37.891899 ], [ -122.25796, 37.892326 ], [ -122.258305, 37.892599 ], [ -122.259313, 37.892986 ], [ -122.259532, 37.893377 ], [ -122.259985, 37.893754 ], [ -122.26009, 37.893998 ], [ -122.260204, 37.894116 ], [ -122.260511, 37.894203 ], [ -122.260858, 37.89412 ], [ -122.261101, 37.894266 ], [ -122.261346, 37.894547 ], [ -122.261394, 37.894786 ], [ -122.261371, 37.895025 ], [ -122.261736, 37.895703 ], [ -122.262142, 37.896066 ], [ -122.262683, 37.896326 ] ] ] } },
{ "type": "Feature", "properties": { "GEOID": "060014223002", "ALAND": 241986, "AWATER": 0, "population": 1385.0, "households": 673.0, "owner_households": 260.0, "renter_households": 413.0, "renter_household_pct": 61.4, "residents_owner_occupied": 661.0, "residents_renter_occupied": 724.0, "median_household_income": 126406.0, "per_capita_income": 72950.0, "hh_income_under_50k": 65.0, "hh_income_50k_100k": 203.0, "hh_income_100k_200k": 238.0, "hh_income_200k_plus": 167.0, "age_under_18": 162.0, "age_18_24": 104.0, "age_25_34": 329.0, "age_35_64": 434.0, "age_65_plus": 356.0, "households_no_vehicle": 106.0, "no_vehicle_pct": 15.8, "vehicles_available_min": 852.0, "median_gross_rent": 2609.0, "median_home_value": 1612200.0, "rent_burdened_30pct": 52.8, "rent_burdened_50pct": 25.2, "workers": 684.0, "commute_drive_alone_pct": 21.1, "commute_carpool_pct": 5.7, "commute_transit_pct": 11.5, "commute_bicycle_pct": 7.3, "commute_walk_pct": 21.5, "commute_work_from_home_pct": 31.7, "housing_units": 755.0, "vacant_units": 82.0, "units_1_detached_pct": 35.8, "units_1_attached_pct": 9.9, "units_2_4_pct": 13.1, "units_5_19_pct": 32.5, "units_20_plus_pct": 8.7, "built_before_1940_pct": 40.1, "built_2010_or_later_pct": 1.5, "hispanic_pct": 15.5, "white_nh_pct": 52.3, "black_nh_pct": 2.7, "asian_nh_pct": 17.5, "bachelors_or_higher_pct": 77.3, "below_poverty_pct": 3.0, "median_household_income_moe": 38747.0, "population_moe": 330.0 }, "geometry": { "type": "Polygon", "coordinates": [ [ [ -122.282565, 37.874862 ], [ -122.273574, 37.87598 ], [ -122.273265, 37.873325 ], [ -122.278182, 37.872633 ], [ -122.282256, 37.872132 ], [ -122.282565, 37.874862 ] ] ] } },
{ "type": "Feature", "properties": { "GEOID": "060014221001", "ALAND": 199737, "AWATER": 0, "population": 1203.0, "households": 560.0, "owner_households": 276.0, "renter_households": 284.0, "renter_household_pct": 50.7, "residents_owner_occupied": 723.0, "residents_renter_occupied": 480.0, "median_household_income": 105221.0, "per_capita_income": 67135.0, "hh_income_under_50k": 179.0, "hh_income_50k_100k": 98.0, "hh_income_100k_200k": 150.0, "hh_income_200k_plus": 133.0, "age_under_18": 263.0, "age_18_24": 43.0, "age_25_34": 138.0, "age_35_64": 538.0, "age_65_plus": 221.0, "households_no_vehicle": 53.0, "no_vehicle_pct": 9.5, "vehicles_available_min": 722.0, "median_gross_rent": 1980.0, "median_home_value": 1057200.0, "rent_burdened_30pct": 48.2, "rent_burdened_50pct": 36.5, "workers": 606.0, "commute_drive_alone_pct": 47.4, "commute_carpool_pct": 3.1, "commute_transit_pct": 8.4, "commute_bicycle_pct": 0.0, "commute_walk_pct": 12.4, "commute_work_from_home_pct": 28.7, "housing_units": 645.0, "vacant_units": 85.0, "units_1_detached_pct": 49.0, "units_1_attached_pct": 0.0, "units_2_4_pct": 5.6, "units_5_19_pct": 9.5, "units_20_plus_pct": 36.0, "built_before_1940_pct": 16.7, "built_2010_or_later_pct": 38.0, "hispanic_pct": 7.6, "white_nh_pct": 58.5, "black_nh_pct": 9.6, "asian_nh_pct": 11.6, "bachelors_or_higher_pct": 55.7, "below_poverty_pct": 10.9, "median_household_income_moe": 41811.0, "population_moe": 263.0 }, "geometry": { "type": "Polygon", "coordinates": [ [ [ -122.300853, 37.877571 ], [ -122.295353, 37.878685 ], [ -122.294223, 37.875168 ], [ -122.299722, 37.874085 ], [ -122.300853, 37.877571 ] ] ] } },
{ "type": "Feature", "properties": { "GEOID": "060014237003", "ALAND": 98299, "AWATER": 0, "population": 758.0, "households": 354.0, "owner_households": 74.0, "renter_households": 280.0, "renter_household_pct": 79.1, "residents_owner_occupied": 201.0, "residents_renter_occupied": 515.0, "median_household_income": null, "per_capita_income": 64129.0, "hh_income_under_50k": 178.0, "hh_income_50k_100k": 107.0, "hh_income_100k_200k": 26.0, "hh_income_200k_plus": 43.0, "age_under_18": 0.0, "age_18_24": 390.0, "age_25_34": 190.0, "age_35_64": 142.0, "age_65_plus": 36.0, "households_no_vehicle": 188.0, "no_vehicle_pct": 53.1, "vehicles_available_min": 210.0, "median_gross_rent": 2185.0, "median_home_value": null, "rent_burdened_30pct": 73.1, "rent_burdened_50pct": 42.8, "workers": 516.0, "commute_drive_alone_pct": 32.0, "commute_carpool_pct": 0.0, "commute_transit_pct": 19.0, "commute_bicycle_pct": 0.0, "commute_walk_pct": 29.5, "commute_work_from_home_pct": 19.6, "housing_units": 354.0, "vacant_units": 0.0, "units_1_detached_pct": 18.4, "units_1_attached_pct": 0.0, "units_2_4_pct": 7.9, "units_5_19_pct": 54.8, "units_20_plus_pct": 18.9, "built_before_1940_pct": 49.7, "built_2010_or_later_pct": 0.0, "hispanic_pct": 15.6, "white_nh_pct": 46.2, "black_nh_pct": 1.5, "asian_nh_pct": 30.2, "bachelors_or_higher_pct": 92.1, "below_poverty_pct": 46.1, "median_household_income_moe": null, "population_moe": 248.0 }, "geometry": { "type": "Polygon", "coordinates": [ [ [ -122.253954, 37.865737 ], [ -122.251653, 37.865887 ], [ -122.251185, 37.861508 ], [ -122.253513, 37.861399 ], [ -122.253954, 37.865737 ] ] ] } },
{ "type": "Feature", "properties": { "GEOID": "060014215002", "ALAND": 445738, "AWATER": 0, "population": 1354.0, "households": 517.0, "owner_households": 427.0, "renter_households": 90.0, "renter_household_pct": 17.4, "residents_owner_occupied": 1214.0, "residents_renter_occupied": 140.0, "median_household_income": 229291.0, "per_capita_income": 119761.0, "hh_income_under_50k": 10.0, "hh_income_50k_100k": 42.0, "hh_income_100k_200k": 157.0, "hh_income_200k_plus": 308.0, "age_under_18": 267.0, "age_18_24": 72.0, "age_25_34": 10.0, "age_35_64": 514.0, "age_65_plus": 491.0, "households_no_vehicle": 10.0, "no_vehicle_pct": 1.9, "vehicles_available_min": 1033.0, "median_gross_rent": 2965.0, "median_home_value": 1582300.0, "rent_burdened_30pct": 12.5, "rent_burdened_50pct": 0.0, "workers": 652.0, "commute_drive_alone_pct": 38.7, "commute_carpool_pct": 4.3, "commute_transit_pct": 11.0, "commute_bicycle_pct": 0.0, "commute_walk_pct": 4.0, "commute_work_from_home_pct": 42.0, "housing_units": 609.0, "vacant_units": 92.0, "units_1_detached_pct": 83.6, "units_1_attached_pct": 0.0, "units_2_4_pct": 3.3, "units_5_19_pct": 0.0, "units_20_plus_pct": 5.4, "built_before_1940_pct": 57.8, "built_2010_or_later_pct": 0.0, "hispanic_pct": 6.4, "white_nh_pct": 82.0, "black_nh_pct": 1.3, "asian_nh_pct": 5.0, "bachelors_or_higher_pct": 78.0, "below_poverty_pct": 2.7, "median_household_income_moe": 30528.0, "population_moe": 337.0 }, "geometry": { "type": "Polygon", "coordinates": [ [ [ -122.267737, 37.893131 ], [ -122.262683, 37.896326 ], [ -122.262455, 37.896248 ], [ -122.262142, 37.896066 ], [ -122.261736, 37.895703 ], [ -122.261371, 37.895025 ], [ -122.261394, 37.894786 ], [ -122.261346, 37.894547 ], [ -122.261101, 37.894266 ], [ -122.260858, 37.89412 ], [ -122.260511, 37.894203 ], [ -122.260204, 37.894116 ], [ -122.26009, 37.893998 ], [ -122.259985, 37.893754 ], [ -122.259532, 37.893377 ], [ -122.259313, 37.892986 ], [ -122.258305, 37.892599 ], [ -122.25796, 37.892326 ], [ -122.257689, 37.891899 ], [ -122.256962, 37.892059 ], [ -122.256765, 37.89203 ], [ -122.256097, 37.891395 ], [ -122.255913, 37.891038 ], [ -122.256006, 37.890982 ], [ -122.256017, 37.890784 ], [ -122.255857, 37.890436 ], [ -122.255942, 37.890353 ], [ -122.256394, 37.89018 ], [ -122.256563, 37.890044 ], [ -122.256614, 37.889911 ], [ -122.256167, 37.889884 ], [ -122.255639, 37.889655 ], [ -122.255198, 37.889614 ], [ -122.254819, 37.889425 ], [ -122.254387, 37.889305 ], [ -122.254143, 37.889163 ], [ -122.25415, 37.888819 ], [ -122.25438, 37.888421 ], [ -122.254357, 37.887941 ], [ -122.25451, 37.887658 ], [ -122.25475, 37.887768 ], [ -122.254848, 37.887953 ], [ -122.254962, 37.888053 ], [ -122.255162, 37.888106 ], [ -122.255334, 37.88806 ], [ -122.255322, 37.888738 ], [ -122.255531, 37.888918 ], [ -122.25582, 37.889046 ], [ -122.256195, 37.889165 ], [ -122.257063, 37.889337 ], [ -122.257688, 37.889543 ], [ -122.258137, 37.889644 ], [ -122.258443, 37.889644 ], [ -122.258624, 37.889727 ], [ -122.258679, 37.889811 ], [ -122.258651, 37.889936 ], [ -122.258381, 37.890318 ], [ -122.257473, 37.890234 ], [ -122.257069, 37.890318 ], [ -122.256848, 37.890463 ], [ -122.256741, 37.890599 ], [ -122.256982, 37.890774 ], [ -122.256999, 37.891196 ], [ -122.257081, 37.891363 ], [ -122.257181, 37.891409 ], [ -122.25847, 37.891266 ], [ -122.258971, 37.891259 ], [ -122.259287, 37.891402 ], [ -122.259605, 37.891341 ], [ -122.259795, 37.891087 ], [ -122.259791, 37.890981 ], [ -122.259568, 37.890815 ], [ -122.259149, 37.890691 ], [ -122.259558, 37.890315 ], [ -122.259666, 37.890068 ], [ -122.260389, 37.890109 ], [ -122.26077, 37.890014 ], [ -122.260899, 37.890416 ], [ -122.261047, 37.890293 ], [ -122.261801, 37.890014 ], [ -122.261905, 37.890528 ], [ -122.262015, 37.890707 ], [ -122.262276, 37.890844 ], [ -122.262557, 37.890827 ], [ -122.263222, 37.890491 ], [ -122.263777, 37.890105 ], [ -122.263936, 37.889903 ], [ -122.264083, 37.889598 ], [ -122.264375, 37.889406 ], [ -122.264707, 37.889248 ], [ -122.26495, 37.889189 ], [ -122.265235, 37.889186 ], [ -122.265554, 37.889276 ], [ -122.265815, 37.889413 ], [ -122.266827, 37.89021 ], [ -122.267174, 37.890428 ], [ -122.267246, 37.890888 ], [ -122.267243, 37.891334 ], [ -122.267192, 37.89169 ], [ -122.267007, 37.892072 ], [ -122.266941, 37.892459 ], [ -122.267084, 37.892744 ], [ -122.267737, 37.893131 ] ] ] } },
{ "type": "Feature", "properties": { "GEOID": "060014239022", "ALAND": 182600, "AWATER": 0, "population": 862.0, "households": 444.0, "owner_households": 121.0, "renter_households": 323.0, "renter_household_pct": 72.7, "residents_owner_occupied": 319.0, "residents_renter_occupied": 488.0, "median_household_income": 144125.0, "per_capita_income": 84447.0, "hh_income_under_50k": 136.0, "hh_income_50k_100k": 55.0, "hh_income_100k_200k": 71.0, "hh_income_200k_plus": 182.0, "age_under_18": 78.0, "age_18_24": 138.0, "age_25_34": 92.0, "age_35_64": 359.0, "age_65_plus": 195.0, "households_no_vehicle": 54.0, "no_vehicle_pct": 12.2, "vehicles_available_min": 469.0, "median_gross_rent": 2596.0, "median_home_value": 1331900.0, "rent_burdened_30pct": 44.2, "rent_burdened_50pct": 29.4, "workers": 533.0, "commute_drive_alone_pct": 27.0, "commute_carpool_pct": 0.0, "commute_transit_pct": 14.8, "commute_bicycle_pct": 5.4, "commute_walk_pct": 13.3, "commute_work_from_home_pct": 35.1, "housing_units": 504.0, "vacant_units": 60.0, "units_1_detached_pct": 25.6, "units_1_attached_pct": 0.0, "units_2_4_pct": 39.7, "units_5_19_pct": 31.7, "units_20_plus_pct": 3.0, "built_before_1940_pct": 59.3, "built_2010_or_later_pct": 1.0, "hispanic_pct": 15.5, "white_nh_pct": 59.9, "black_nh_pct": 9.2, "asian_nh_pct": 10.0, "bachelors_or_higher_pct": 83.4, "below_poverty_pct": 20.6, "median_household_income_moe": 84916.0, "population_moe": 158.0 }, "geometry": { "type": "Polygon", "coordinates": [ [ [ -122.262473, 37.855703 ], [ -122.262407, 37.855865 ], [ -122.256848, 37.856616 ], [ -122.256197, 37.853449 ], [ -122.257274, 37.853298 ], [ -122.257251, 37.853176 ], [ -122.258134, 37.853061 ], [ -122.258338, 37.853041 ], [ -122.258367, 37.853196 ], [ -122.259787, 37.853011 ], [ -122.259753, 37.852854 ], [ -122.261829, 37.85258 ], [ -122.262473, 37.855703 ] ] ] } },
{ "type": "Feature", "properties": { "GEOID": "060014211001", "ALAND": 311424, "AWATER": 0, "population": 775.0, "households": 323.0, "owner_households": 275.0, "renter_households": 48.0, "renter_household_pct": 14.9, "residents_owner_occupied": 674.0, "residents_renter_occupied": 101.0, "median_household_income": 219896.0, "per_capita_income": 110475.0, "hh_income_under_50k": 63.0, "hh_income_50k_100k": 30.0, "hh_income_100k_200k": 57.0, "hh_income_200k_plus": 173.0, "age_under_18": 159.0, "age_18_24": 11.0, "age_25_34": 28.0, "age_35_64": 300.0, "age_65_plus": 277.0, "households_no_vehicle": 0.0, "no_vehicle_pct": 0.0, "vehicles_available_min": 610.0, "median_gross_rent": 3300.0, "median_home_value": 1696100.0, "rent_burdened_30pct": 0.0, "rent_burdened_50pct": 0.0, "workers": 269.0, "commute_drive_alone_pct": 36.1, "commute_carpool_pct": 8.9, "commute_transit_pct": 10.8, "commute_bicycle_pct": 0.0, "commute_walk_pct": 0.0, "commute_work_from_home_pct": 44.2, "housing_units": 328.0, "vacant_units": 5.0, "units_1_detached_pct": 100.0, "units_1_attached_pct": 0.0, "units_2_4_pct": 0.0, "units_5_19_pct": 0.0, "units_20_plus_pct": 0.0, "built_before_1940_pct": 17.7, "built_2010_or_later_pct": 6.1, "hispanic_pct": 3.9, "white_nh_pct": 61.8, "black_nh_pct": 13.4, "asian_nh_pct": 11.5, "bachelors_or_higher_pct": 83.6, "below_poverty_pct": 1.8, "median_household_income_moe": 80888.0, "population_moe": 160.0 }, "geometry": { "type": "Polygon", "coordinates": [ [ [ -122.26964, 37.903567 ], [ -122.269584, 37.904348 ], [ -122.269194, 37.904182 ], [ -122.268172, 37.903973 ], [ -122.267979, 37.90404 ], [ -122.267461, 37.904359 ], [ -122.267076, 37.904465 ], [ -122.266388, 37.904434 ], [ -122.265538, 37.904316 ], [ -122.265095, 37.904133 ], [ -122.264878, 37.903915 ], [ -122.2647, 37.90381 ], [ -122.264492, 37.903764 ], [ -122.264027, 37.903775 ], [ -122.263946, 37.903734 ], [ -122.262741, 37.902325 ], [ -122.262367, 37.901696 ], [ -122.261977, 37.901531 ], [ -122.261386, 37.901451 ], [ -122.261258, 37.901346 ], [ -122.261117, 37.89998 ], [ -122.260952, 37.899772 ], [ -122.260703, 37.899639 ], [ -122.261959, 37.898485 ], [ -122.260784, 37.897553 ], [ -122.262683, 37.896326 ], [ -122.263139, 37.896536 ], [ -122.263251, 37.896668 ], [ -122.26331, 37.89683 ], [ -122.263321, 37.897092 ], [ -122.26327, 37.897294 ], [ -122.263329, 37.897506 ], [ -122.263449, 37.897615 ], [ -122.26392, 37.89783 ], [ -122.264105, 37.897975 ], [ -122.26447, 37.898572 ], [ -122.264919, 37.898945 ], [ -122.265034, 37.899171 ], [ -122.265307, 37.899335 ], [ -122.265434, 37.899471 ], [ -122.266444, 37.900946 ], [ -122.266797, 37.901633 ], [ -122.267177, 37.901884 ], [ -122.267303, 37.902132 ], [ -122.267407, 37.902228 ], [ -122.269505, 37.903385 ], [ -122.26964, 37.903567 ] ] ] } },
{ "type": "Feature", "properties": { "GEOID": "060014211002", "ALAND": 434087, "AWATER": 0, "population": 1439.0, "households": 553.0, "owner_households": 524.0, "renter_households": 29.0, "renter_household_pct": 5.2, "residents_owner_occupied": 1334.0, "residents_renter_occupied": 105.0, "median_household_income": 250001.0, "per_capita_income": 140809.0, "hh_income_under_50k": 24.0, "hh_income_50k_100k": 34.0, "hh_income_100k_200k": 96.0, "hh_income_200k_plus": 399.0, "age_under_18": 187.0, "age_18_24": 127.0, "age_25_34": 95.0, "age_35_64": 629.0, "age_65_plus": 401.0, "households_no_vehicle": 19.0, "no_vehicle_pct": 3.4, "vehicles_available_min": 1091.0, "median_gross_rent": null, "median_home_value": 1744500.0, "rent_burdened_30pct": 0.0, "rent_burdened_50pct": 0.0, "workers": 795.0, "commute_drive_alone_pct": 40.1, "commute_carpool_pct": 5.5, "commute_transit_pct": 3.9, "commute_bicycle_pct": 1.6, "commute_walk_pct": 0.3, "commute_work_from_home_pct": 47.8, "housing_units": 558.0, "vacant_units": 5.0, "units_1_detached_pct": 99.1, "units_1_attached_pct": 0.7, "units_2_4_pct": 0.2, "units_5_19_pct": 0.0, "units_20_plus_pct": 0.0, "built_before_1940_pct": 72.2, "built_2010_or_later_pct": 0.0, "hispanic_pct": 7.9, "white_nh_pct": 73.7, "black_nh_pct": 0.0, "asian_nh_pct": 8.3, "bachelors_or_higher_pct": 92.4, "below_poverty_pct": 3.5, "median_household_income_moe": null, "population_moe": 248.0 }, "geometry": { "type": "Polygon", "coordinates": [ [ [ -122.271186, 37.899696 ], [ -122.270199, 37.900572 ], [ -122.269588, 37.901259 ], [ -122.269577, 37.901389 ], [ -122.269649, 37.901507 ], [ -122.2699, 37.901581 ], [ -122.270177, 37.901533 ], [ -122.270456, 37.901607 ], [ -122.27068, 37.901802 ], [ -122.270683, 37.901923 ], [ -122.270487, 37.904117 ], [ -122.270269, 37.904345 ], [ -122.270154, 37.904396 ], [ -122.26986, 37.904428 ], [ -122.269584, 37.904348 ], [ -122.269618, 37.90349 ], [ -122.269505, 37.903385 ], [ -122.267466, 37.902268 ], [ -122.267303, 37.902132 ], [ -122.267177, 37.901884 ], [ -122.266797, 37.901633 ], [ -122.266444, 37.900946 ], [ -122.265434, 37.899471 ], [ -122.265307, 37.899335 ], [ -122.265034, 37.899171 ], [ -122.264919, 37.898945 ], [ -122.26447, 37.898572 ], [ -122.264105, 37.897975 ], [ -122.26392, 37.89783 ], [ -122.263356, 37.897538 ], [ -122.263275, 37.897375 ], [ -122.263326, 37.896979 ], [ -122.263251, 37.896668 ], [ -122.263044, 37.896477 ], [ -122.262683, 37.896326 ], [ -122.267737, 37.893131 ], [ -122.268032, 37.893367 ], [ -122.268544, 37.8941 ], [ -122.268583, 37.894245 ], [ -122.268527, 37.894745 ], [ -122.26856, 37.894853 ], [ -122.269187, 37.895299 ], [ -122.269364, 37.895521 ], [ -122.269387, 37.895751 ], [ -122.269241, 37.896272 ], [ -122.269239, 37.896511 ], [ -122.269333, 37.896778 ], [ -122.269878, 37.897529 ], [ -122.270025, 37.898386 ], [ -122.271186, 37.899696 ] ] ] } },
{ "type": "Feature", "properties": { "GEOID": "060014212001", "ALAND": 251506, "AWATER": 2266, "population": 582.0, "households": 296.0, "owner_households": 290.0, "renter_households": 6.0, "renter_household_pct": 2.0, "residents_owner_occupied": 571.0, "residents_renter_occupied": 11.0, "median_household_income": 241346.0, "per_capita_income": 160068.0, "hh_income_under_50k": 11.0, "hh_income_50k_100k": 31.0, "hh_income_100k_200k": 77.0, "hh_income_200k_plus": 177.0, "age_under_18": 16.0, "age_18_24": 11.0, "age_25_34": 11.0, "age_35_64": 238.0, "age_65_plus": 306.0, "households_no_vehicle": 6.0, "no_vehicle_pct": 2.0, "vehicles_available_min": 511.0, "median_gross_rent": null, "median_home_value": 1633600.0, "rent_burdened_30pct": 0.0, "rent_burdened_50pct": 0.0, "workers": 271.0, "commute_drive_alone_pct": 55.4, "commute_carpool_pct": 0.0, "commute_transit_pct": 0.0, "commute_bicycle_pct": 0.0, "commute_walk_pct": 0.0, "commute_work_from_home_pct": 44.6, "housing_units": 306.0, "vacant_units": 10.0, "units_1_detached_pct": 100.0, "units_1_attached_pct": 0.0, "units_2_4_pct": 0.0, "units_5_19_pct": 0.0, "units_20_plus_pct": 0.0, "built_before_1940_pct": 64.4, "built_2010_or_later_pct": 0.0, "hispanic_pct": 8.4, "white_nh_pct": 69.4, "black_nh_pct": 0.0, "asian_nh_pct": 19.4, "bachelors_or_higher_pct": 93.5, "below_poverty_pct": 3.6, "median_household_income_moe": 69846.0, "population_moe": 148.0 }, "geometry": { "type": "Polygon", "coordinates": [ [ [ -122.275272, 37.903205 ], [ -122.275098, 37.903352 ], [ -122.274312, 37.903627 ], [ -122.274299, 37.904036 ], [ -122.274463, 37.904214 ], [ -122.273595, 37.905072 ], [ -122.272482, 37.905369 ], [ -122.272147, 37.905533 ], [ -122.27108, 37.905824 ], [ -122.271541, 37.904941 ], [ -122.270237, 37.904363 ], [ -122.2705, 37.904081 ], [ -122.27068, 37.901802 ], [ -122.27051, 37.901634 ], [ -122.270291, 37.90156 ], [ -122.269743, 37.901553 ], [ -122.269615, 37.901475 ], [ -122.269571, 37.90134 ], [ -122.269588, 37.901259 ], [ -122.270199, 37.900572 ], [ -122.271186, 37.899696 ], [ -122.270083, 37.898486 ], [ -122.270013, 37.89835 ], [ -122.269878, 37.897529 ], [ -122.269648, 37.897181 ], [ -122.269987, 37.897021 ], [ -122.270534, 37.897105 ], [ -122.270823, 37.897062 ], [ -122.270867, 37.897197 ], [ -122.270949, 37.897269 ], [ -122.271848, 37.897726 ], [ -122.272499, 37.898753 ], [ -122.27295, 37.899031 ], [ -122.273859, 37.899703 ], [ -122.273256, 37.900195 ], [ -122.273987, 37.900727 ], [ -122.273392, 37.901161 ], [ -122.273891, 37.901673 ], [ -122.274683, 37.902223 ], [ -122.274815, 37.902512 ], [ -122.275238, 37.903033 ], [ -122.275272, 37.903205 ] ] ] } },
{ "type": "Feature", "properties": { "GEOID": "060014215003", "ALAND": 484000, "AWATER": 0, "population": 1093.0, "households": 433.0, "owner_households": 314.0, "renter_households": 119.0, "renter_household_pct": 27.5, "residents_owner_occupied": 855.0, "residents_renter_occupied": 238.0, "median_household_income": 169028.0, "per_capita_income": 100457.0, "hh_income_under_50k": 67.0, "hh_income_50k_100k": 74.0, "hh_income_100k_200k": 124.0, "hh_income_200k_plus": 168.0, "age_under_18": 169.0, "age_18_24": 88.0, "age_25_34": 192.0, "age_35_64": 433.0, "age_65_plus": 211.0, "households_no_vehicle": 9.0, "no_vehicle_pct": 2.1, "vehicles_available_min": 772.0, "median_gross_rent": 2167.0, "median_home_value": 1564100.0, "rent_burdened_30pct": 33.3, "rent_burdened_50pct": 23.1, "workers": 604.0, "commute_drive_alone_pct": 39.2, "commute_carpool_pct": 4.5, "commute_transit_pct": 0.0, "commute_bicycle_pct": 1.3, "commute_walk_pct": 4.1, "commute_work_from_home_pct": 49.5, "housing_units": 462.0, "vacant_units": 29.0, "units_1_detached_pct": 69.9, "units_1_attached_pct": 2.2, "units_2_4_pct": 15.8, "units_5_19_pct": 10.2, "units_20_plus_pct": 1.9, "built_before_1940_pct": 56.5, "built_2010_or_later_pct": 5.4, "hispanic_pct": 5.5, "white_nh_pct": 78.2, "black_nh_pct": 0.0, "asian_nh_pct": 7.8, "bachelors_or_higher_pct": 88.3, "below_poverty_pct": 7.2, "median_household_income_moe": 63360.0, "population_moe": 230.0 }, "geometry": { "type": "Polygon", "coordinates": [ [ [ -122.267174, 37.890428 ], [ -122.265667, 37.889328 ], [ -122.265393, 37.889214 ], [ -122.26495, 37.889189 ], [ -122.264707, 37.889248 ], [ -122.264225, 37.889493 ], [ -122.264054, 37.889634 ], [ -122.263936, 37.889903 ], [ -122.263777, 37.890105 ], [ -122.263222, 37.890491 ], [ -122.262557, 37.890827 ], [ -122.262276, 37.890844 ], [ -122.262015, 37.890707 ], [ -122.261905, 37.890528 ], [ -122.261801, 37.890014 ], [ -122.261047, 37.890293 ], [ -122.260899, 37.890416 ], [ -122.26077, 37.890014 ], [ -122.260389, 37.890109 ], [ -122.259666, 37.890068 ], [ -122.259558, 37.890315 ], [ -122.259149, 37.890691 ], [ -122.259568, 37.890815 ], [ -122.259791, 37.890981 ], [ -122.259795, 37.891087 ], [ -122.259605, 37.891341 ], [ -122.259287, 37.891402 ], [ -122.258971, 37.891259 ], [ -122.25847, 37.891266 ], [ -122.257181, 37.891409 ], [ -122.257081, 37.891363 ], [ -122.256999, 37.891196 ], [ -122.256982, 37.890774 ], [ -122.256741, 37.890599 ], [ -122.256848, 37.890463 ], [ -122.257069, 37.890318 ], [ -122.257473, 37.890234 ], [ -122.258381, 37.890318 ], [ -122.258651, 37.889936 ], [ -122.258679, 37.889811 ], [ -122.258624, 37.889727 ], [ -122.258443, 37.889644 ], [ -122.258137, 37.889644 ], [ -122.257688, 37.889543 ], [ -122.257063, 37.889337 ], [ -122.25603, 37.889126 ], [ -122.255531, 37.888918 ], [ -122.255322, 37.888738 ], [ -122.255296, 37.888637 ], [ -122.255334, 37.88806 ], [ -122.255396, 37.887959 ], [ -122.255382, 37.887734 ], [ -122.255507, 37.887586 ], [ -122.255647, 37.887571 ], [ -122.255778, 37.887653 ], [ -122.255865, 37.887942 ], [ -122.255951, 37.888012 ], [ -122.256202, 37.888036 ], [ -122.256533, 37.887978 ], [ -122.256524, 37.887694 ], [ -122.256616, 37.887588 ], [ -122.256833, 37.887493 ], [ -122.256946, 37.887356 ], [ -122.256938, 37.887228 ], [ -122.25681, 37.88697 ], [ -122.256826, 37.886907 ], [ -122.257849, 37.886539 ], [ -122.258062, 37.886548 ], [ -122.258675, 37.886788 ], [ -122.258927, 37.886708 ], [ -122.259143, 37.886471 ], [ -122.259194, 37.886165 ], [ -122.259176, 37.885757 ], [ -122.259793, 37.886049 ], [ -122.259828, 37.886198 ], [ -122.259756, 37.886448 ], [ -122.2598, 37.8865 ], [ -122.260184, 37.886349 ], [ -122.26027, 37.886203 ], [ -122.260229, 37.886032 ], [ -122.259029, 37.884749 ], [ -122.258904, 37.884491 ], [ -122.258907, 37.884223 ], [ -122.258964, 37.884133 ], [ -122.259112, 37.884051 ], [ -122.259797, 37.884019 ], [ -122.259908, 37.883941 ], [ -122.259964, 37.883795 ], [ -122.259856, 37.883278 ], [ -122.261699, 37.883053 ], [ -122.262651, 37.884183 ], [ -122.262776, 37.884364 ], [ -122.262842, 37.884604 ], [ -122.262793, 37.885108 ], [ -122.262402, 37.886527 ], [ -122.264513, 37.886315 ], [ -122.266609, 37.886035 ], [ -122.266846, 37.887923 ], [ -122.266838, 37.888193 ], [ -122.266715, 37.888744 ], [ -122.26672, 37.88895 ], [ -122.267113, 37.890126 ], [ -122.267174, 37.890428 ] ] ] } },
{ "type": "Feature", "properties": { "GEOID": "060014231002", "ALAND": 157595, "AWATER": 0, "population": 673.0, "households": 318.0, "owner_households": 159.0, "renter_households": 159.0, "renter_household_pct": 50.0, "residents_owner_occupied": 348.0, "residents_renter_occupied": 325.0, "median_household_income": 89545.0, "per_capita_income": 53448.0, "hh_income_under_50k": 101.0, "hh_income_50k_100k": 76.0, "hh_income_100k_200k": 96.0, "hh_income_200k_plus": 45.0, "age_under_18": 43.0, "age_18_24": 116.0, "age_25_34": 91.0, "age_35_64": 306.0, "age_65_plus": 117.0, "households_no_vehicle": 39.0, "no_vehicle_pct": 12.3, "vehicles_available_min": 366.0, "median_gross_rent": 2266.0, "median_home_value": 1115200.0, "rent_burdened_30pct": 82.4, "rent_burdened_50pct": 62.5, "workers": 370.0, "commute_drive_alone_pct": 37.6, "commute_carpool_pct": 7.8, "commute_transit_pct": 13.0, "commute_bicycle_pct": 5.1, "commute_walk_pct": 17.8, "commute_work_from_home_pct": 15.1, "housing_units": 345.0, "vacant_units": 27.0, "units_1_detached_pct": 42.9, "units_1_attached_pct": 7.5, "units_2_4_pct": 40.0, "units_5_19_pct": 9.6, "units_20_plus_pct": 0.0, "built_before_1940_pct": 24.9, "built_2010_or_later_pct": 0.0, "hispanic_pct": 5.6, "white_nh_pct": 55.4, "black_nh_pct": 2.4, "asian_nh_pct": 22.4, "bachelors_or_higher_pct": 49.8, "below_poverty_pct": 31.8, "median_household_income_moe": 43463.0, "population_moe": 261.0 }, "geometry": { "type": "Polygon", "coordinates": [ [ [ -122.291346, 37.866392 ], [ -122.286547, 37.867021 ], [ -122.286172, 37.86714 ], [ -122.286039, 37.867094 ], [ -122.285984, 37.866878 ], [ -122.285795, 37.866836 ], [ -122.281783, 37.867382 ], [ -122.28162, 37.865817 ], [ -122.290776, 37.864633 ], [ -122.291346, 37.866392 ] ] ] } },
{ "type": "Feature", "properties": { "GEOID": "060014212002", "ALAND": 495599, "AWATER": 0, "population": 1576.0, "households": 531.0, "owner_households": 521.0, "renter_households": 10.0, "renter_household_pct": 1.9, "residents_owner_occupied": 1556.0, "residents_renter_occupied": 20.0, "median_household_income": 250001.0, "per_capita_income": 108624.0, "hh_income_under_50k": 10.0, "hh_income_50k_100k": 44.0, "hh_income_100k_200k": 134.0, "hh_income_200k_plus": 343.0, "age_under_18": 323.0, "age_18_24": 32.0, "age_25_34": 228.0, "age_35_64": 423.0, "age_65_plus": 570.0, "households_no_vehicle": 10.0, "no_vehicle_pct": 1.9, "vehicles_available_min": 1101.0, "median_gross_rent": null, "median_home_value": 2000001.0, "rent_burdened_30pct": null, "rent_burdened_50pct": null, "workers": 675.0, "commute_drive_alone_pct": 21.0, "commute_carpool_pct": 2.1, "commute_transit_pct": 18.1, "commute_bicycle_pct": 1.8, "commute_walk_pct": 4.7, "commute_work_from_home_pct": 48.9, "housing_units": 574.0, "vacant_units": 43.0, "units_1_detached_pct": 98.6, "units_1_attached_pct": 1.4, "units_2_4_pct": 0.0, "units_5_19_pct": 0.0, "units_20_plus_pct": 0.0, "built_before_1940_pct": 69.2, "built_2010_or_later_pct": 0.0, "hispanic_pct": 10.7, "white_nh_pct": 50.5, "black_nh_pct": 0.0, "asian_nh_pct": 29.6, "bachelors_or_higher_pct": 87.6, "below_poverty_pct": 0.0, "median_household_income_moe": null, "population_moe": 480.0 }, "geometry": { "type": "Polygon", "coordinates": [ [ [ -122.277411, 37.892684 ], [ -122.277335, 37.893163 ], [ -122.27705, 37.893664 ], [ -122.277045, 37.893865 ], [ -122.277127, 37.894072 ], [ -122.276725, 37.894142 ], [ -122.276183, 37.89467 ], [ -122.276071, 37.894511 ], [ -122.275194, 37.894877 ], [ -122.275021, 37.894848 ], [ -122.274825, 37.894477 ], [ -122.274619, 37.894557 ], [ -122.274048, 37.894626 ], [ -122.274518, 37.895133 ], [ -122.274749, 37.89568 ], [ -122.274797, 37.895973 ], [ -122.274515, 37.896431 ], [ -122.274516, 37.896517 ], [ -122.274617, 37.896635 ], [ -122.274612, 37.89672 ], [ -122.274385, 37.896777 ], [ -122.272819, 37.896371 ], [ -122.272335, 37.897089 ], [ -122.272579, 37.89714 ], [ -122.272649, 37.897199 ], [ -122.272664, 37.897312 ], [ -122.272605, 37.897456 ], [ -122.272404, 37.897536 ], [ -122.27204, 37.897439 ], [ -122.271897, 37.897533 ], [ -122.271848, 37.897726 ], [ -122.270949, 37.897269 ], [ -122.270867, 37.897197 ], [ -122.270823, 37.897062 ], [ -122.270534, 37.897105 ], [ -122.269987, 37.897021 ], [ -122.269648, 37.897181 ], [ -122.269333, 37.896778 ], [ -122.269239, 37.896511 ], [ -122.269241, 37.896272 ], [ -122.269387, 37.895751 ], [ -122.269364, 37.895521 ], [ -122.269187, 37.895299 ], [ -122.26856, 37.894853 ], [ -122.268527, 37.894745 ], [ -122.268583, 37.894245 ], [ -122.268544, 37.8941 ], [ -122.268032, 37.893367 ], [ -122.267737, 37.893131 ], [ -122.268868, 37.89239 ], [ -122.26924, 37.89209 ], [ -122.270158, 37.89156 ], [ -122.272247, 37.890225 ], [ -122.272511, 37.890245 ], [ -122.272586, 37.890126 ], [ -122.272507, 37.889997 ], [ -122.272633, 37.889901 ], [ -122.273008, 37.889746 ], [ -122.275197, 37.889094 ], [ -122.275586, 37.888865 ], [ -122.276526, 37.888857 ], [ -122.276586, 37.888821 ], [ -122.277411, 37.892684 ] ] ] } },
{ "type": "Feature", "properties": { "GEOID": "060014212003", "ALAND": 291523, "AWATER": 0, "population": 726.0, "households": 282.0, "owner_households": 260.0, "renter_households": 22.0, "renter_household_pct": 7.8, "residents_owner_occupied": 673.0, "residents_renter_occupied": 53.0, "median_household_income": 250001.0, "per_capita_income": 161787.0, "hh_income_under_50k": 11.0, "hh_income_50k_100k": 20.0, "hh_income_100k_200k": 45.0, "hh_income_200k_plus": 206.0, "age_under_18": 166.0, "age_18_24": 18.0, "age_25_34": 0.0, "age_35_64": 252.0, "age_65_plus": 290.0, "households_no_vehicle": 0.0, "no_vehicle_pct": 0.0, "vehicles_available_min": 542.0, "median_gross_rent": 3501.0, "median_home_value": 2000001.0, "rent_burdened_30pct": 27.3, "rent_burdened_50pct": 0.0, "workers": 335.0, "commute_drive_alone_pct": 47.8, "commute_carpool_pct": 0.0, "commute_transit_pct": 9.3, "commute_bicycle_pct": 0.0, "commute_walk_pct": 7.8, "commute_work_from_home_pct": 35.2, "housing_units": 282.0, "vacant_units": 0.0, "units_1_detached_pct": 100.0, "units_1_attached_pct": 0.0, "units_2_4_pct": 0.0, "units_5_19_pct": 0.0, "units_20_plus_pct": 0.0, "built_before_1940_pct": 77.3, "built_2010_or_later_pct": 1.8, "hispanic_pct": 5.9, "white_nh_pct": 65.6, "black_nh_pct": 0.0, "asian_nh_pct": 17.5, "bachelors_or_higher_pct": 90.8, "below_poverty_pct": 0.0, "median_household_income_moe": null, "population_moe": 198.0 }, "geometry": { "type": "Polygon", "coordinates": [ [ [ -122.281673, 37.896804 ], [ -122.281516, 37.897348 ], [ -122.281595, 37.898137 ], [ -122.281571, 37.898502 ], [ -122.28125, 37.899118 ], [ -122.281278, 37.899217 ], [ -122.281447, 37.899412 ], [ -122.281252, 37.899632 ], [ -122.281086, 37.899518 ], [ -122.279594, 37.899387 ], [ -122.279451, 37.898909 ], [ -122.279271, 37.898628 ], [ -122.279084, 37.898519 ], [ -122.277386, 37.898287 ], [ -122.276773, 37.898788 ], [ -122.277451, 37.899167 ], [ -122.276734, 37.899451 ], [ -122.276399, 37.89953 ], [ -122.276013, 37.899541 ], [ -122.275799, 37.899274 ], [ -122.275346, 37.898892 ], [ -122.274563, 37.898618 ], [ -122.274294, 37.898253 ], [ -122.274117, 37.898127 ], [ -122.273483, 37.897943 ], [ -122.272941, 37.897413 ], [ -122.272664, 37.897312 ], [ -122.272619, 37.897163 ], [ -122.272335, 37.897089 ], [ -122.272819, 37.896371 ], [ -122.274385, 37.896777 ], [ -122.274612, 37.89672 ], [ -122.274617, 37.896635 ], [ -122.274516, 37.896517 ], [ -122.274515, 37.896431 ], [ -122.274797, 37.895973 ], [ -122.274749, 37.89568 ], [ -122.274518, 37.895133 ], [ -122.274048, 37.894626 ], [ -122.274619, 37.894557 ], [ -122.274825, 37.894477 ], [ -122.275021, 37.894848 ], [ -122.275194, 37.894877 ], [ -122.276071, 37.894511 ], [ -122.276183, 37.89467 ], [ -122.276725, 37.894142 ], [ -122.277127, 37.894072 ], [ -122.277601, 37.894706 ], [ -122.27802, 37.895155 ], [ -122.278035, 37.895223 ], [ -122.278134, 37.895286 ], [ -122.278561, 37.895379 ], [ -122.280242, 37.895579 ], [ -122.280576, 37.895662 ], [ -122.280773, 37.89578 ], [ -122.281387, 37.896338 ], [ -122.28164, 37.89666 ], [ -122.281673, 37.896804 ] ] ] } },
{ "type": "Feature", "properties": { "GEOID": "060014212004", "ALAND": 276307, "AWATER": 0, "population": 704.0, "households": 328.0, "owner_households": 307.0, "renter_households": 21.0, "renter_household_pct": 6.4, "residents_owner_occupied": 617.0, "residents_renter_occupied": 87.0, "median_household_income": 250001.0, "per_capita_income": 174158.0, "hh_income_under_50k": 18.0, "hh_income_50k_100k": 54.0, "hh_income_100k_200k": 30.0, "hh_income_200k_plus": 226.0, "age_under_18": 113.0, "age_18_24": 11.0, "age_25_34": 11.0, "age_35_64": 352.0, "age_65_plus": 217.0, "households_no_vehicle": 44.0, "no_vehicle_pct": 13.4, "vehicles_available_min": 532.0, "median_gross_rent": null, "median_home_value": 1738000.0, "rent_burdened_30pct": 0.0, "rent_burdened_50pct": 0.0, "workers": 401.0, "commute_drive_alone_pct": 12.2, "commute_carpool_pct": 28.4, "commute_transit_pct": 4.7, "commute_bicycle_pct": 7.0, "commute_walk_pct": 0.0, "commute_work_from_home_pct": 47.6, "housing_units": 328.0, "vacant_units": 0.0, "units_1_detached_pct": 97.6, "units_1_attached_pct": 2.4, "units_2_4_pct": 0.0, "units_5_19_pct": 0.0, "units_20_plus_pct": 0.0, "built_before_1940_pct": 74.4, "built_2010_or_later_pct": 0.0, "hispanic_pct": 1.3, "white_nh_pct": 63.9, "black_nh_pct": 0.0, "asian_nh_pct": 24.4, "bachelors_or_higher_pct": 91.6, "below_poverty_pct": 1.4, "median_household_income_moe": null, "population_moe": 185.0 }, "geometry": { "type": "Polygon", "coordinates": [ [ [ -122.285895, 37.898801 ], [ -122.284158, 37.8993 ], [ -122.283795, 37.899659 ], [ -122.283643, 37.899998 ], [ -122.280022, 37.900778 ], [ -122.278779, 37.900739 ], [ -122.277282, 37.901721 ], [ -122.27778, 37.902701 ], [ -122.27787, 37.90315 ], [ -122.274811, 37.903872 ], [ -122.274463, 37.904214 ], [ -122.274299, 37.904036 ], [ -122.274312, 37.903627 ], [ -122.275098, 37.903352 ], [ -122.275247, 37.903245 ], [ -122.275271, 37.903096 ], [ -122.274815, 37.902512 ], [ -122.27464, 37.902178 ], [ -122.273891, 37.901673 ], [ -122.273392, 37.901161 ], [ -122.273987, 37.900727 ], [ -122.273256, 37.900195 ], [ -122.273859, 37.899703 ], [ -122.27295, 37.899031 ], [ -122.272499, 37.898753 ], [ -122.27185, 37.897677 ], [ -122.271897, 37.897533 ], [ -122.27204, 37.897439 ], [ -122.272469, 37.897532 ], [ -122.272582, 37.897483 ], [ -122.272664, 37.897312 ], [ -122.272819, 37.897345 ], [ -122.273115, 37.897563 ], [ -122.273483, 37.897943 ], [ -122.274117, 37.898127 ], [ -122.274294, 37.898253 ], [ -122.274563, 37.898618 ], [ -122.275346, 37.898892 ], [ -122.275799, 37.899274 ], [ -122.275963, 37.899513 ], [ -122.276077, 37.89955 ], [ -122.276399, 37.89953 ], [ -122.276893, 37.899407 ], [ -122.277451, 37.899167 ], [ -122.276773, 37.898788 ], [ -122.277386, 37.898287 ], [ -122.279084, 37.898519 ], [ -122.279271, 37.898628 ], [ -122.279451, 37.898909 ], [ -122.279594, 37.899387 ], [ -122.281137, 37.899527 ], [ -122.281252, 37.899632 ], [ -122.282066, 37.899911 ], [ -122.282778, 37.899749 ], [ -122.282958, 37.899664 ], [ -122.283229, 37.899206 ], [ -122.283439, 37.899194 ], [ -122.285704, 37.89837 ], [ -122.285895, 37.898801 ] ] ] } },
{ "type": "Feature", "properties": { "GEOID": "060014217003", "ALAND": 141468, "AWATER": 0, "population": 982.0, "households": 519.0, "owner_households": 91.0, "renter_households": 428.0, "renter_household_pct": 82.5, "residents_owner_occupied": 186.0, "residents_renter_occupied": 796.0, "median_household_income": 110625.0, "per_capita_income": 61674.0, "hh_income_under_50k": 229.0, "hh_income_50k_100k": 28.0, "hh_income_100k_200k": 149.0, "hh_income_200k_plus": 113.0, "age_under_18": 27.0, "age_18_24": 255.0, "age_25_34": 179.0, "age_35_64": 169.0, "age_65_plus": 352.0, "households_no_vehicle": 101.0, "no_vehicle_pct": 19.5, "vehicles_available_min": 488.0, "median_gross_rent": 2100.0, "median_home_value": 1223500.0, "rent_burdened_30pct": 34.3, "rent_burdened_50pct": 30.1, "workers": 435.0, "commute_drive_alone_pct": 21.4, "commute_carpool_pct": 2.1, "commute_transit_pct": 20.5, "commute_bicycle_pct": 9.0, "commute_walk_pct": 13.3, "commute_work_from_home_pct": 30.8, "housing_units": 568.0, "vacant_units": 49.0, "units_1_detached_pct": 9.0, "units_1_attached_pct": 3.9, "units_2_4_pct": 28.2, "units_5_19_pct": 47.5, "units_20_plus_pct": 11.4, "built_before_1940_pct": 42.6, "built_2010_or_later_pct": 0.0, "hispanic_pct": 7.2, "white_nh_pct": 53.3, "black_nh_pct": 5.5, "asian_nh_pct": 28.2, "bachelors_or_higher_pct": 83.6, "below_poverty_pct": 25.6, "median_household_income_moe": 94990.0, "population_moe": 316.0 }, "geometry": { "type": "Polygon", "coordinates": [ [ [ -122.273944, 37.879587 ], [ -122.265978, 37.880606 ], [ -122.265752, 37.878806 ], [ -122.273746, 37.877788 ], [ -122.273944, 37.879587 ] ] ] } },
{ "type": "Feature", "properties": { "GEOID": "060014213001", "ALAND": 326644, "AWATER": 0, "population": 1323.0, "households": 612.0, "owner_households": 493.0, "renter_households": 119.0, "renter_household_pct": 19.4, "residents_owner_occupied": 1166.0, "residents_renter_occupied": 157.0, "median_household_income": 182167.0, "per_capita_income": 120586.0, "hh_income_under_50k": 136.0, "hh_income_50k_100k": 68.0, "hh_income_100k_200k": 128.0, "hh_income_200k_plus": 280.0, "age_under_18": 226.0, "age_18_24": 90.0, "age_25_34": 27.0, "age_35_64": 531.0, "age_65_plus": 449.0, "households_no_vehicle": 16.0, "no_vehicle_pct": 2.6, "vehicles_available_min": 1028.0, "median_gross_rent": 1165.0, "median_home_value": 1706400.0, "rent_burdened_30pct": 74.3, "rent_burdened_50pct": 58.4, "workers": 623.0, "commute_drive_alone_pct": 16.4, "commute_carpool_pct": 10.3, "commute_transit_pct": 7.9, "commute_bicycle_pct": 7.7, "commute_walk_pct": 1.3, "commute_work_from_home_pct": 56.5, "housing_units": 612.0, "vacant_units": 0.0, "units_1_detached_pct": 96.7, "units_1_attached_pct": 0.0, "units_2_4_pct": 2.3, "units_5_19_pct": 0.0, "units_20_plus_pct": 0.0, "built_before_1940_pct": 81.7, "built_2010_or_later_pct": 0.0, "hispanic_pct": 0.8, "white_nh_pct": 79.4, "black_nh_pct": 0.0, "asian_nh_pct": 11.3, "bachelors_or_higher_pct": 84.5, "below_poverty_pct": 6.9, "median_household_income_moe": 82481.0, "population_moe": 251.0 }, "geometry": { "type": "Polygon", "coordinates": [ [ [ -122.286788, 37.896548 ], [ -122.286693, 37.898513 ], [ -122.286366, 37.898677 ], [ -122.285895, 37.898801 ], [ -122.285704, 37.89837 ], [ -122.283439, 37.899194 ], [ -122.283229, 37.899206 ], [ -122.282958, 37.899664 ], [ -122.282514, 37.899819 ], [ -122.282066, 37.899911 ], [ -122.281252, 37.899632 ], [ -122.281447, 37.899412 ], [ -122.281278, 37.899217 ], [ -122.281255, 37.899086 ], [ -122.281571, 37.898502 ], [ -122.281595, 37.898137 ], [ -122.281516, 37.897348 ], [ -122.281668, 37.89684 ], [ -122.28164, 37.89666 ], [ -122.281233, 37.896184 ], [ -122.280773, 37.89578 ], [ -122.280576, 37.895662 ], [ -122.280242, 37.895579 ], [ -122.278334, 37.895342 ], [ -122.278035, 37.895223 ], [ -122.27802, 37.895155 ], [ -122.277601, 37.894706 ], [ -122.2772, 37.894176 ], [ -122.277045, 37.893865 ], [ -122.27705, 37.893664 ], [ -122.277335, 37.893163 ], [ -122.277405, 37.892857 ], [ -122.27739, 37.892445 ], [ -122.277154, 37.891466 ], [ -122.2799, 37.891313 ], [ -122.280115, 37.892581 ], [ -122.280383, 37.892995 ], [ -122.280588, 37.893222 ], [ -122.281173, 37.893651 ], [ -122.284721, 37.895885 ], [ -122.285023, 37.896117 ], [ -122.285313, 37.896511 ], [ -122.286788, 37.896548 ] ] ] } },
{ "type": "Feature", "properties": { "GEOID": "060014213002", "ALAND": 263765, "AWATER": 0, "population": 1011.0, "households": 478.0, "owner_households": 337.0, "renter_households": 141.0, "renter_household_pct": 29.5, "residents_owner_occupied": 826.0, "residents_renter_occupied": 185.0, "median_household_income": 127000.0, "per_capita_income": 78606.0, "hh_income_under_50k": 73.0, "hh_income_50k_100k": 124.0, "hh_income_100k_200k": 120.0, "hh_income_200k_plus": 161.0, "age_under_18": 149.0, "age_18_24": 76.0, "age_25_34": 35.0, "age_35_64": 479.0, "age_65_plus": 272.0, "households_no_vehicle": 48.0, "no_vehicle_pct": 10.0, "vehicles_available_min": 662.0, "median_gross_rent": 1142.0, "median_home_value": 1399000.0, "rent_burdened_30pct": 27.7, "rent_burdened_50pct": 0.0, "workers": 496.0, "commute_drive_alone_pct": 28.6, "commute_carpool_pct": 8.7, "commute_transit_pct": 11.7, "commute_bicycle_pct": 2.2, "commute_walk_pct": 0.0, "commute_work_from_home_pct": 48.8, "housing_units": 478.0, "vacant_units": 0.0, "units_1_detached_pct": 68.6, "units_1_attached_pct": 0.0, "units_2_4_pct": 14.4, "units_5_19_pct": 4.8, "units_20_plus_pct": 12.1, "built_before_1940_pct": 73.2, "built_2010_or_later_pct": 0.0, "hispanic_pct": 1.0, "white_nh_pct": 66.2, "black_nh_pct": 0.0, "asian_nh_pct": 19.2, "bachelors_or_higher_pct": 83.0, "below_poverty_pct": 6.0, "median_household_income_moe": 52699.0, "population_moe": 242.0 }, "geometry": { "type": "Polygon", "coordinates": [ [ [ -122.287047, 37.890918 ], [ -122.286788, 37.896548 ], [ -122.285313, 37.896511 ], [ -122.285023, 37.896117 ], [ -122.284721, 37.895885 ], [ -122.281173, 37.893651 ], [ -122.280476, 37.893117 ], [ -122.280115, 37.892581 ], [ -122.2799, 37.891313 ], [ -122.287047, 37.890918 ] ] ] } },
{ "type": "Feature", "properties": { "GEOID": "060014213003", "ALAND": 268949, "AWATER": 0, "population": 1000.0, "households": 385.0, "owner_households": 316.0, "renter_households": 69.0, "renter_household_pct": 17.9, "residents_owner_occupied": 867.0, "residents_renter_occupied": 133.0, "median_household_income": 149375.0, "per_capita_income": 76948.0, "hh_income_under_50k": 25.0, "hh_income_50k_100k": 72.0, "hh_income_100k_200k": 119.0, "hh_income_200k_plus": 169.0, "age_under_18": 308.0, "age_18_24": 28.0, "age_25_34": 72.0, "age_35_64": 355.0, "age_65_plus": 237.0, "households_no_vehicle": 0.0, "no_vehicle_pct": 0.0, "vehicles_available_min": 631.0, "median_gross_rent": 1971.0, "median_home_value": 1692300.0, "rent_burdened_30pct": 21.7, "rent_burdened_50pct": 0.0, "workers": 450.0, "commute_drive_alone_pct": 29.1, "commute_carpool_pct": 3.8, "commute_transit_pct": 11.8, "commute_bicycle_pct": 9.1, "commute_walk_pct": 7.1, "commute_work_from_home_pct": 39.1, "housing_units": 395.0, "vacant_units": 10.0, "units_1_detached_pct": 77.7, "units_1_attached_pct": 0.0, "units_2_4_pct": 15.7, "units_5_19_pct": 6.6, "units_20_plus_pct": 0.0, "built_before_1940_pct": 73.9, "built_2010_or_later_pct": 5.1, "hispanic_pct": 0.6, "white_nh_pct": 60.4, "black_nh_pct": 1.1, "asian_nh_pct": 10.8, "bachelors_or_higher_pct": 87.5, "below_poverty_pct": 1.2, "median_household_income_moe": 90475.0, "population_moe": 273.0 }, "geometry": { "type": "Polygon", "coordinates": [ [ [ -122.283139, 37.882063 ], [ -122.282868, 37.882312 ], [ -122.28279, 37.882502 ], [ -122.282918, 37.882511 ], [ -122.282028, 37.884368 ], [ -122.28185, 37.885025 ], [ -122.281513, 37.884935 ], [ -122.281001, 37.884982 ], [ -122.280886, 37.884936 ], [ -122.280734, 37.884784 ], [ -122.280155, 37.884693 ], [ -122.279612, 37.884401 ], [ -122.279042, 37.884186 ], [ -122.278852, 37.884167 ], [ -122.278749, 37.884254 ], [ -122.278177, 37.885855 ], [ -122.279301, 37.891357 ], [ -122.277154, 37.891466 ], [ -122.276243, 37.887231 ], [ -122.276019, 37.886668 ], [ -122.275707, 37.886141 ], [ -122.275484, 37.885853 ], [ -122.274963, 37.885341 ], [ -122.275673, 37.884755 ], [ -122.276705, 37.884169 ], [ -122.282678, 37.881249 ], [ -122.282983, 37.881598 ], [ -122.283059, 37.881777 ], [ -122.283057, 37.881977 ], [ -122.283139, 37.882063 ] ] ] } },
{ "type": "Feature", "properties": { "GEOID": "060014213004", "ALAND": 224674, "AWATER": 0, "population": 797.0, "households": 375.0, "owner_households": 370.0, "renter_households": 5.0, "renter_household_pct": 1.3, "residents_owner_occupied": 787.0, "residents_renter_occupied": 10.0, "median_household_income": 143125.0, "per_capita_income": 95007.0, "hh_income_under_50k": 151.0, "hh_income_50k_100k": 0.0, "hh_income_100k_200k": 96.0, "hh_income_200k_plus": 128.0, "age_under_18": 140.0, "age_18_24": 32.0, "age_25_34": 0.0, "age_35_64": 349.0, "age_65_plus": 276.0, "households_no_vehicle": 0.0, "no_vehicle_pct": 0.0, "vehicles_available_min": 558.0, "median_gross_rent": null, "median_home_value": 1440000.0, "rent_burdened_30pct": null, "rent_burdened_50pct": null, "workers": 346.0, "commute_drive_alone_pct": 36.4, "commute_carpool_pct": 0.0, "commute_transit_pct": 21.4, "commute_bicycle_pct": 0.0, "commute_walk_pct": 2.0, "commute_work_from_home_pct": 40.2, "housing_units": 394.0, "vacant_units": 19.0, "units_1_detached_pct": 95.4, "units_1_attached_pct": 0.0, "units_2_4_pct": 0.0, "units_5_19_pct": 2.5, "units_20_plus_pct": 0.0, "built_before_1940_pct": 66.8, "built_2010_or_later_pct": 0.0, "hispanic_pct": 1.5, "white_nh_pct": 68.0, "black_nh_pct": 0.0, "asian_nh_pct": 15.7, "bachelors_or_higher_pct": 93.1, "below_poverty_pct": 3.9, "median_household_income_moe": 116911.0, "population_moe": 253.0 }, "geometry": { "type": "Polygon", "coordinates": [ [ [ -122.282738, 37.885375 ], [ -122.281643, 37.888384 ], [ -122.281658, 37.888661 ], [ -122.282372, 37.89081 ], [ -122.282409, 37.891171 ], [ -122.279301, 37.891357 ], [ -122.278177, 37.885855 ], [ -122.278749, 37.884254 ], [ -122.278852, 37.884167 ], [ -122.279042, 37.884186 ], [ -122.279612, 37.884401 ], [ -122.280155, 37.884693 ], [ -122.280734, 37.884784 ], [ -122.280886, 37.884936 ], [ -122.281001, 37.884982 ], [ -122.281513, 37.884935 ], [ -122.282171, 37.885054 ], [ -122.282624, 37.884981 ], [ -122.282738, 37.885375 ] ] ] } },
{ "type": "Feature", "properties": { "GEOID": "060014214001", "ALAND": 261754, "AWATER": 0, "population": 973.0, "households": 350.0, "owner_households": 312.0, "renter_households": 38.0, "renter_household_pct": 10.9, "residents_owner_occupied": 883.0, "residents_renter_occupied": 90.0, "median_household_income": 250001.0, "per_capita_income": 101420.0, "hh_income_under_50k": 45.0, "hh_income_50k_100k": 27.0, "hh_income_100k_200k": 50.0, "hh_income_200k_plus": 228.0, "age_under_18": 76.0, "age_18_24": 56.0, "age_25_34": 142.0, "age_35_64": 269.0, "age_65_plus": 430.0, "households_no_vehicle": 17.0, "no_vehicle_pct": 4.9, "vehicles_available_min": 657.0, "median_gross_rent": 3501.0, "median_home_value": 1592700.0, "rent_burdened_30pct": 38.5, "rent_burdened_50pct": 38.5, "workers": 503.0, "commute_drive_alone_pct": 45.3, "commute_carpool_pct": 7.2, "commute_transit_pct": 8.5, "commute_bicycle_pct": 2.6, "commute_walk_pct": 3.2, "commute_work_from_home_pct": 33.2, "housing_units": 404.0, "vacant_units": 54.0, "units_1_detached_pct": 85.4, "units_1_attached_pct": 1.7, "units_2_4_pct": 11.6, "units_5_19_pct": 1.2, "units_20_plus_pct": 0.0, "built_before_1940_pct": 78.5, "built_2010_or_later_pct": 2.7, "hispanic_pct": 8.7, "white_nh_pct": 79.8, "black_nh_pct": 2.4, "asian_nh_pct": 5.0, "bachelors_or_higher_pct": 83.2, "below_poverty_pct": 3.1, "median_household_income_moe": null, "population_moe": 252.0 }, "geometry": { "type": "Polygon", "coordinates": [ [ [ -122.272577, 37.890164 ], [ -122.27246, 37.89026 ], [ -122.272247, 37.890225 ], [ -122.270158, 37.89156 ], [ -122.26924, 37.89209 ], [ -122.268868, 37.89239 ], [ -122.267737, 37.893131 ], [ -122.267147, 37.892796 ], [ -122.266962, 37.892549 ], [ -122.266939, 37.89234 ], [ -122.267007, 37.892072 ], [ -122.267192, 37.89169 ], [ -122.267246, 37.890888 ], [ -122.267113, 37.890126 ], [ -122.26672, 37.88895 ], [ -122.266715, 37.888744 ], [ -122.266838, 37.888193 ], [ -122.266846, 37.887923 ], [ -122.266609, 37.886035 ], [ -122.269978, 37.885603 ], [ -122.270151, 37.88679 ], [ -122.270207, 37.88693 ], [ -122.270406, 37.887161 ], [ -122.270434, 37.887328 ], [ -122.270416, 37.887452 ], [ -122.270285, 37.887629 ], [ -122.269794, 37.88795 ], [ -122.272236, 37.888933 ], [ -122.272349, 37.888942 ], [ -122.272434, 37.888836 ], [ -122.272507, 37.889997 ], [ -122.272575, 37.890065 ], [ -122.272577, 37.890164 ] ] ] } },
{ "type": "Feature", "properties": { "GEOID": "060014214002", "ALAND": 213024, "AWATER": 0, "population": 766.0, "households": 300.0, "owner_households": 237.0, "renter_households": 63.0, "renter_household_pct": 21.0, "residents_owner_occupied": 645.0, "residents_renter_occupied": 121.0, "median_household_income": 197500.0, "per_capita_income": 95514.0, "hh_income_under_50k": 51.0, "hh_income_50k_100k": 50.0, "hh_income_100k_200k": 58.0, "hh_income_200k_plus": 141.0, "age_under_18": 181.0, "age_18_24": 50.0, "age_25_34": 54.0, "age_35_64": 360.0, "age_65_plus": 121.0, "households_no_vehicle": 6.0, "no_vehicle_pct": 2.0, "vehicles_available_min": 593.0, "median_gross_rent": null, "median_home_value": 1781300.0, "rent_burdened_30pct": 69.6, "rent_burdened_50pct": 62.5, "workers": 407.0, "commute_drive_alone_pct": 23.1, "commute_carpool_pct": 5.2, "commute_transit_pct": 9.1, "commute_bicycle_pct": 5.9, "commute_walk_pct": 5.9, "commute_work_from_home_pct": 50.9, "housing_units": 300.0, "vacant_units": 0.0, "units_1_detached_pct": 69.0, "units_1_attached_pct": 15.0, "units_2_4_pct": 2.3, "units_5_19_pct": 13.7, "units_20_plus_pct": 0.0, "built_before_1940_pct": 66.7, "built_2010_or_later_pct": 0.0, "hispanic_pct": 15.9, "white_nh_pct": 49.0, "black_nh_pct": 5.9, "asian_nh_pct": 8.0, "bachelors_or_higher_pct": 86.7, "below_poverty_pct": 5.2, "median_household_income_moe": 64572.0, "population_moe": 164.0 }, "geometry": { "type": "Polygon", "coordinates": [ [ [ -122.276586, 37.888821 ], [ -122.276526, 37.888857 ], [ -122.275586, 37.888865 ], [ -122.275197, 37.889094 ], [ -122.273008, 37.889746 ], [ -122.272507, 37.889997 ], [ -122.272434, 37.888836 ], [ -122.272349, 37.888942 ], [ -122.272236, 37.888933 ], [ -122.269794, 37.88795 ], [ -122.270285, 37.887629 ], [ -122.270416, 37.887452 ], [ -122.270434, 37.887328 ], [ -122.270406, 37.887161 ], [ -122.270207, 37.88693 ], [ -122.270151, 37.88679 ], [ -122.269978, 37.885603 ], [ -122.272275, 37.885309 ], [ -122.272438, 37.885472 ], [ -122.272876, 37.885655 ], [ -122.274543, 37.884895 ], [ -122.275531, 37.885904 ], [ -122.276019, 37.886668 ], [ -122.276362, 37.887648 ], [ -122.276586, 37.888821 ] ] ] } },
{ "type": "Feature", "properties": { "GEOID": "060014240014", "ALAND": 165343, "AWATER": 0, "population": 1209.0, "households": 414.0, "owner_households": 65.0, "renter_households": 349.0, "renter_household_pct": 84.3, "residents_owner_occupied": 232.0, "residents_renter_occupied": 905.0, "median_household_income": 90179.0, "per_capita_income": 40260.0, "hh_income_under_50k": 136.0, "hh_income_50k_100k": 93.0, "hh_income_100k_200k": 115.0, "hh_income_200k_plus": 70.0, "age_under_18": 112.0, "age_18_24": 252.0, "age_25_34": 399.0, "age_35_64": 376.0, "age_65_plus": 70.0, "households_no_vehicle": 64.0, "no_vehicle_pct": 15.5, "vehicles_available_min": 603.0, "median_gross_rent": 2188.0, "median_home_value": 1549200.0, "rent_burdened_30pct": 69.3, "rent_burdened_50pct": 36.4, "workers": 580.0, "commute_drive_alone_pct": 14.8, "commute_carpool_pct": 6.7, "commute_transit_pct": 39.1, "commute_bicycle_pct": 13.3, "commute_walk_pct": 2.1, "commute_work_from_home_pct": 22.4, "housing_units": 471.0, "vacant_units": 57.0, "units_1_detached_pct": 18.7, "units_1_attached_pct": 3.8, "units_2_4_pct": 53.3, "units_5_19_pct": 24.2, "units_20_plus_pct": 0.0, "built_before_1940_pct": 24.8, "built_2010_or_later_pct": 0.0, "hispanic_pct": 23.2, "white_nh_pct": 37.6, "black_nh_pct": 9.7, "asian_nh_pct": 26.1, "bachelors_or_higher_pct": 62.5, "below_poverty_pct": 18.8, "median_household_income_moe": 56898.0, "population_moe": 357.0 }, "geometry": { "type": "Polygon", "coordinates": [ [ [ -122.278079, 37.848826 ], [ -122.27117, 37.849701 ], [ -122.271648, 37.848433 ], [ -122.271857, 37.847235 ], [ -122.271661, 37.846923 ], [ -122.271313, 37.846641 ], [ -122.271236, 37.846465 ], [ -122.2758, 37.845867 ], [ -122.276188, 37.847734 ], [ -122.277766, 37.847525 ], [ -122.278079, 37.848826 ] ] ] } },
{ "type": "Feature", "properties": { "GEOID": "060014240021", "ALAND": 175475, "AWATER": 0, "population": 1665.0, "households": 637.0, "owner_households": 309.0, "renter_households": 328.0, "renter_household_pct": 51.5, "residents_owner_occupied": 911.0, "residents_renter_occupied": 753.0, "median_household_income": 100795.0, "per_capita_income": 59444.0, "hh_income_under_50k": 105.0, "hh_income_50k_100k": 210.0, "hh_income_100k_200k": 200.0, "hh_income_200k_plus": 122.0, "age_under_18": 423.0, "age_18_24": 108.0, "age_25_34": 255.0, "age_35_64": 688.0, "age_65_plus": 191.0, "households_no_vehicle": 123.0, "no_vehicle_pct": 19.3, "vehicles_available_min": 729.0, "median_gross_rent": 2028.0, "median_home_value": 1173400.0, "rent_burdened_30pct": 47.3, "rent_burdened_50pct": 15.9, "workers": 878.0, "commute_drive_alone_pct": 38.7, "commute_carpool_pct": 1.8, "commute_transit_pct": 19.2, "commute_bicycle_pct": 2.2, "commute_walk_pct": 0.7, "commute_work_from_home_pct": 34.4, "housing_units": 744.0, "vacant_units": 107.0, "units_1_detached_pct": 42.1, "units_1_attached_pct": 6.5, "units_2_4_pct": 27.8, "units_5_19_pct": 1.9, "units_20_plus_pct": 21.8, "built_before_1940_pct": 47.4, "built_2010_or_later_pct": 22.2, "hispanic_pct": 17.4, "white_nh_pct": 44.3, "black_nh_pct": 21.2, "asian_nh_pct": 10.0, "bachelors_or_higher_pct": 55.8, "below_poverty_pct": 6.2, "median_household_income_moe": 62309.0, "population_moe": 307.0 }, "geometry": { "type": "Polygon", "coordinates": [ [ [ -122.286794, 37.852178 ], [ -122.286654, 37.852166 ], [ -122.281433, 37.85319 ], [ -122.279121, 37.853287 ], [ -122.278623, 37.851103 ], [ -122.280837, 37.850594 ], [ -122.281314, 37.85059 ], [ -122.282198, 37.85041 ], [ -122.282605, 37.85046 ], [ -122.283459, 37.850307 ], [ -122.283571, 37.850642 ], [ -122.284352, 37.85049 ], [ -122.284331, 37.850424 ], [ -122.2845, 37.850391 ], [ -122.28452, 37.850458 ], [ -122.286006, 37.850173 ], [ -122.286122, 37.850527 ], [ -122.286247, 37.850505 ], [ -122.286794, 37.852178 ] ] ] } },
{ "type": "Feature", "properties": { "GEOID": "060014240022", "ALAND": 151293, "AWATER": 0, "population": 859.0, "households": 413.0, "owner_households": 244.0, "renter_households": 169.0, "renter_household_pct": 40.9, "residents_owner_occupied": 557.0, "residents_renter_occupied": 283.0, "median_household_income": 107228.0, "per_capita_income": 60487.0, "hh_income_under_50k": 127.0, "hh_income_50k_100k": 59.0, "hh_income_100k_200k": 167.0, "hh_income_200k_plus": 60.0, "age_under_18": 155.0, "age_18_24": 14.0, "age_25_34": 169.0, "age_35_64": 387.0, "age_65_plus": 134.0, "households_no_vehicle": 67.0, "no_vehicle_pct": 16.2, "vehicles_available_min": 523.0, "median_gross_rent": 1125.0, "median_home_value": 1269200.0, "rent_burdened_30pct": 46.7, "rent_burdened_50pct": 17.2, "workers": 456.0, "commute_drive_alone_pct": 58.3, "commute_carpool_pct": 1.3, "commute_transit_pct": 5.0, "commute_bicycle_pct": 0.0, "commute_walk_pct": 10.1, "commute_work_from_home_pct": 25.2, "housing_units": 413.0, "vacant_units": 0.0, "units_1_detached_pct": 58.4, "units_1_attached_pct": 3.4, "units_2_4_pct": 18.6, "units_5_19_pct": 0.0, "units_20_plus_pct": 19.6, "built_before_1940_pct": 36.1, "built_2010_or_later_pct": 8.5, "hispanic_pct": 19.2, "white_nh_pct": 35.5, "black_nh_pct": 26.7, "asian_nh_pct": 12.5, "bachelors_or_higher_pct": 57.7, "below_poverty_pct": 5.8, "median_household_income_moe": 54007.0, "population_moe": 226.0 }, "geometry": { "type": "Polygon", "coordinates": [ [ [ -122.283459, 37.850307 ], [ -122.282605, 37.85046 ], [ -122.282198, 37.85041 ], [ -122.281314, 37.85059 ], [ -122.280837, 37.850594 ], [ -122.278623, 37.851103 ], [ -122.277766, 37.847525 ], [ -122.281899, 37.846975 ], [ -122.282052, 37.847751 ], [ -122.281863, 37.847776 ], [ -122.28199, 37.848348 ], [ -122.282178, 37.848307 ], [ -122.282463, 37.849118 ], [ -122.282964, 37.849008 ], [ -122.283089, 37.849372 ], [ -122.283197, 37.849347 ], [ -122.283459, 37.850307 ] ] ] } },
{ "type": "Feature", "properties": { "GEOID": "060014216001", "ALAND": 413777, "AWATER": 0, "population": 1199.0, "households": 471.0, "owner_households": 415.0, "renter_households": 56.0, "renter_household_pct": 11.9, "residents_owner_occupied": 940.0, "residents_renter_occupied": 259.0, "median_household_income": 188875.0, "per_capita_income": 101141.0, "hh_income_under_50k": 53.0, "hh_income_50k_100k": 53.0, "hh_income_100k_200k": 134.0, "hh_income_200k_plus": 231.0, "age_under_18": 254.0, "age_18_24": 0.0, "age_25_34": 190.0, "age_35_64": 495.0, "age_65_plus": 260.0, "households_no_vehicle": 0.0, "no_vehicle_pct": 0.0, "vehicles_available_min": 818.0, "median_gross_rent": 3333.0, "median_home_value": 1521800.0, "rent_burdened_30pct": 0.0, "rent_burdened_50pct": 0.0, "workers": 603.0, "commute_drive_alone_pct": 44.6, "commute_carpool_pct": 4.8, "commute_transit_pct": 0.2, "commute_bicycle_pct": 1.0, "commute_walk_pct": 0.0, "commute_work_from_home_pct": 47.6, "housing_units": 480.0, "vacant_units": 9.0, "units_1_detached_pct": 97.1, "units_1_attached_pct": 0.0, "units_2_4_pct": 2.9, "units_5_19_pct": 0.0, "units_20_plus_pct": 0.0, "built_before_1940_pct": 16.0, "built_2010_or_later_pct": 1.5, "hispanic_pct": 10.8, "white_nh_pct": 76.5, "black_nh_pct": 2.3, "asian_nh_pct": 2.8, "bachelors_or_higher_pct": 91.2, "below_poverty_pct": 4.5, "median_household_income_moe": 146278.0, "population_moe": 298.0 }, "geometry": { "type": "Polygon", "coordinates": [ [ [ -122.253948, 37.887125 ], [ -122.253562, 37.887571 ], [ -122.25357, 37.887878 ], [ -122.253524, 37.888028 ], [ -122.253377, 37.888163 ], [ -122.253195, 37.888134 ], [ -122.252889, 37.888196 ], [ -122.25271, 37.88837 ], [ -122.252716, 37.889125 ], [ -122.252755, 37.889297 ], [ -122.252818, 37.889385 ], [ -122.253165, 37.889558 ], [ -122.253278, 37.889676 ], [ -122.253123, 37.889774 ], [ -122.25227, 37.889947 ], [ -122.252419, 37.890396 ], [ -122.251877, 37.890955 ], [ -122.251199, 37.891238 ], [ -122.250811, 37.891306 ], [ -122.25032, 37.891299 ], [ -122.24963, 37.891139 ], [ -122.249145, 37.891128 ], [ -122.249031, 37.890762 ], [ -122.250286, 37.889828 ], [ -122.249677, 37.88949 ], [ -122.249538, 37.889305 ], [ -122.249484, 37.888809 ], [ -122.249493, 37.888251 ], [ -122.249337, 37.887516 ], [ -122.249349, 37.88727 ], [ -122.249262, 37.886972 ], [ -122.247831, 37.88593 ], [ -122.247631, 37.885877 ], [ -122.24691, 37.885355 ], [ -122.246778, 37.884381 ], [ -122.246827, 37.884073 ], [ -122.246755, 37.883973 ], [ -122.246439, 37.881203 ], [ -122.247031, 37.881173 ], [ -122.24727, 37.881068 ], [ -122.249269, 37.880896 ], [ -122.249228, 37.881462 ], [ -122.249269, 37.881595 ], [ -122.249989, 37.881769 ], [ -122.250433, 37.881952 ], [ -122.250518, 37.882079 ], [ -122.251138, 37.881782 ], [ -122.251309, 37.881793 ], [ -122.251393, 37.88192 ], [ -122.251253, 37.882171 ], [ -122.251284, 37.882406 ], [ -122.251969, 37.883215 ], [ -122.251877, 37.883361 ], [ -122.251525, 37.883618 ], [ -122.251353, 37.883964 ], [ -122.251122, 37.884134 ], [ -122.251255, 37.884467 ], [ -122.251807, 37.884741 ], [ -122.251971, 37.884886 ], [ -122.252091, 37.885117 ], [ -122.25212, 37.885561 ], [ -122.25218, 37.885661 ], [ -122.252325, 37.885687 ], [ -122.25244, 37.885647 ], [ -122.252943, 37.885287 ], [ -122.253123, 37.885306 ], [ -122.253206, 37.885437 ], [ -122.253191, 37.885638 ], [ -122.253257, 37.885814 ], [ -122.25376, 37.886029 ], [ -122.253888, 37.886167 ], [ -122.253874, 37.886661 ], [ -122.253948, 37.887125 ] ] ] } },
{ "type": "Feature", "properties": { "GEOID": "060014216003", "ALAND": 220517, "AWATER": 0, "population": 714.0, "households": 307.0, "owner_households": 236.0, "renter_households": 71.0, "renter_household_pct": 23.1, "residents_owner_occupied": 596.0, "residents_renter_occupied": 118.0, "median_household_income": 209107.0, "per_capita_income": 104292.0, "hh_income_under_50k": 34.0, "hh_income_50k_100k": 17.0, "hh_income_100k_200k": 98.0, "hh_income_200k_plus": 158.0, "age_under_18": 73.0, "age_18_24": 99.0, "age_25_34": 30.0, "age_35_64": 271.0, "age_65_plus": 241.0, "households_no_vehicle": 15.0, "no_vehicle_pct": 4.9, "vehicles_available_min": 527.0, "median_gross_rent": 1800.0, "median_home_value": 1461500.0, "rent_burdened_30pct": 46.7, "rent_burdened_50pct": 25.0, "workers": 357.0, "commute_drive_alone_pct": 41.2, "commute_carpool_pct": 2.5, "commute_transit_pct": 10.4, "commute_bicycle_pct": 5.0, "commute_walk_pct": 14.6, "commute_work_from_home_pct": 23.8, "housing_units": 346.0, "vacant_units": 39.0, "units_1_detached_pct": 80.6, "units_1_attached_pct": 0.0, "units_2_4_pct": 12.4, "units_5_19_pct": 6.9, "units_20_plus_pct": 0.0, "built_before_1940_pct": 83.8, "built_2010_or_later_pct": 0.0, "hispanic_pct": 5.3, "white_nh_pct": 72.7, "black_nh_pct": 1.3, "asian_nh_pct": 8.7, "bachelors_or_higher_pct": 89.1, "below_poverty_pct": 12.6, "median_household_income_moe": 61865.0, "population_moe": 208.0 }, "geometry": { "type": "Polygon", "coordinates": [ [ [ -122.266609, 37.886035 ], [ -122.264513, 37.886315 ], [ -122.262402, 37.886527 ], [ -122.262793, 37.885108 ], [ -122.262842, 37.884604 ], [ -122.262776, 37.884364 ], [ -122.262651, 37.884183 ], [ -122.261699, 37.883053 ], [ -122.261377, 37.881208 ], [ -122.263092, 37.881018 ], [ -122.263485, 37.88091 ], [ -122.265978, 37.880606 ], [ -122.266153, 37.882423 ], [ -122.266289, 37.883251 ], [ -122.266609, 37.886035 ] ] ] } },
{ "type": "Feature", "properties": { "GEOID": "060014216004", "ALAND": 183631, "AWATER": 0, "population": 767.0, "households": 339.0, "owner_households": 204.0, "renter_households": 135.0, "renter_household_pct": 39.8, "residents_owner_occupied": 525.0, "residents_renter_occupied": 205.0, "median_household_income": 203371.0, "per_capita_income": 98881.0, "hh_income_under_50k": 79.0, "hh_income_50k_100k": 11.0, "hh_income_100k_200k": 68.0, "hh_income_200k_plus": 181.0, "age_under_18": 77.0, "age_18_24": 75.0, "age_25_34": 76.0, "age_35_64": 272.0, "age_65_plus": 267.0, "households_no_vehicle": 23.0, "no_vehicle_pct": 6.8, "vehicles_available_min": 435.0, "median_gross_rent": null, "median_home_value": 1708300.0, "rent_burdened_30pct": 57.0, "rent_burdened_50pct": 14.1, "workers": 367.0, "commute_drive_alone_pct": 21.3, "commute_carpool_pct": 0.0, "commute_transit_pct": 11.2, "commute_bicycle_pct": 8.4, "commute_walk_pct": 13.4, "commute_work_from_home_pct": 45.8, "housing_units": 376.0, "vacant_units": 37.0, "units_1_detached_pct": 52.9, "units_1_attached_pct": 4.3, "units_2_4_pct": 18.1, "units_5_19_pct": 22.9, "units_20_plus_pct": 1.1, "built_before_1940_pct": 81.6, "built_2010_or_later_pct": 0.0, "hispanic_pct": 0.0, "white_nh_pct": 83.4, "black_nh_pct": 4.7, "asian_nh_pct": 6.4, "bachelors_or_higher_pct": 93.5, "below_poverty_pct": 7.6, "median_household_income_moe": 37202.0, "population_moe": 218.0 }, "geometry": { "type": "Polygon", "coordinates": [ [ [ -122.265978, 37.880606 ], [ -122.263485, 37.88091 ], [ -122.263092, 37.881018 ], [ -122.261377, 37.881208 ], [ -122.261699, 37.883053 ], [ -122.259243, 37.883369 ], [ -122.259204, 37.882724 ], [ -122.259262, 37.882224 ], [ -122.259226, 37.881983 ], [ -122.258644, 37.88181 ], [ -122.258111, 37.881757 ], [ -122.258396, 37.881272 ], [ -122.258406, 37.881095 ], [ -122.258196, 37.880787 ], [ -122.258176, 37.880449 ], [ -122.258002, 37.880344 ], [ -122.257857, 37.880079 ], [ -122.25766, 37.879938 ], [ -122.257568, 37.879803 ], [ -122.257735, 37.879833 ], [ -122.258442, 37.879779 ], [ -122.265752, 37.878806 ], [ -122.265978, 37.880606 ] ] ] } },
{ "type": "Feature", "properties": { "GEOID": "060014217001", "ALAND": 288240, "AWATER": 0, "population": 1657.0, "households": 754.0, "owner_households": 336.0, "renter_households": 418.0, "renter_household_pct": 55.4, "residents_owner_occupied": 885.0, "residents_renter_occupied": 741.0, "median_household_income": 121447.0, "per_capita_income": 75821.0, "hh_income_under_50k": 215.0, "hh_income_50k_100k": 141.0, "hh_income_100k_200k": 146.0, "hh_income_200k_plus": 252.0, "age_under_18": 289.0, "age_18_24": 136.0, "age_25_34": 384.0, "age_35_64": 578.0, "age_65_plus": 270.0, "households_no_vehicle": 67.0, "no_vehicle_pct": 8.9, "vehicles_available_min": 996.0, "median_gross_rent": 2335.0, "median_home_value": 1517200.0, "rent_burdened_30pct": 61.5, "rent_burdened_50pct": 46.9, "workers": 957.0, "commute_drive_alone_pct": 23.0, "commute_carpool_pct": 0.0, "commute_transit_pct": 9.9, "commute_bicycle_pct": 8.0, "commute_walk_pct": 13.5, "commute_work_from_home_pct": 45.0, "housing_units": 809.0, "vacant_units": 55.0, "units_1_detached_pct": 38.9, "units_1_attached_pct": 6.9, "units_2_4_pct": 19.3, "units_5_19_pct": 24.0, "units_20_plus_pct": 10.9, "built_before_1940_pct": 60.4, "built_2010_or_later_pct": 2.5, "hispanic_pct": 2.5, "white_nh_pct": 79.3, "black_nh_pct": 4.9, "asian_nh_pct": 10.3, "bachelors_or_higher_pct": 86.3, "below_poverty_pct": 8.5, "median_household_income_moe": 59317.0, "population_moe": 360.0 }, "geometry": { "type": "Polygon", "coordinates": [ [ [ -122.274543, 37.884895 ], [ -122.272876, 37.885655 ], [ -122.272438, 37.885472 ], [ -122.272275, 37.885309 ], [ -122.266609, 37.886035 ], [ -122.266289, 37.883251 ], [ -122.266153, 37.882423 ], [ -122.27414, 37.881413 ], [ -122.274456, 37.883986 ], [ -122.274455, 37.884734 ], [ -122.274543, 37.884895 ] ] ] } },
{ "type": "Feature", "properties": { "GEOID": "060014217002", "ALAND": 144111, "AWATER": 0, "population": 707.0, "households": 386.0, "owner_households": 75.0, "renter_households": 311.0, "renter_household_pct": 80.6, "residents_owner_occupied": 202.0, "residents_renter_occupied": 485.0, "median_household_income": 115870.0, "per_capita_income": 101009.0, "hh_income_under_50k": 35.0, "hh_income_50k_100k": 150.0, "hh_income_100k_200k": 89.0, "hh_income_200k_plus": 112.0, "age_under_18": 52.0, "age_18_24": 15.0, "age_25_34": 163.0, "age_35_64": 236.0, "age_65_plus": 241.0, "households_no_vehicle": 59.0, "no_vehicle_pct": 15.3, "vehicles_available_min": 500.0, "median_gross_rent": 2019.0, "median_home_value": 1715900.0, "rent_burdened_30pct": 12.5, "rent_burdened_50pct": 3.4, "workers": 365.0, "commute_drive_alone_pct": 7.1, "commute_carpool_pct": 0.0, "commute_transit_pct": 3.0, "commute_bicycle_pct": 9.0, "commute_walk_pct": 26.0, "commute_work_from_home_pct": 54.8, "housing_units": 501.0, "vacant_units": 115.0, "units_1_detached_pct": 15.0, "units_1_attached_pct": 8.2, "units_2_4_pct": 29.3, "units_5_19_pct": 29.3, "units_20_plus_pct": 18.2, "built_before_1940_pct": 44.7, "built_2010_or_later_pct": 0.0, "hispanic_pct": 11.9, "white_nh_pct": 47.9, "black_nh_pct": 1.4, "asian_nh_pct": 36.8, "bachelors_or_higher_pct": 74.2, "below_poverty_pct": 10.0, "median_household_income_moe": 50172.0, "population_moe": 212.0 }, "geometry": { "type": "Polygon", "coordinates": [ [ [ -122.27414, 37.881413 ], [ -122.266153, 37.882423 ], [ -122.265978, 37.880606 ], [ -122.273944, 37.879587 ], [ -122.27414, 37.881413 ] ] ] } },
{ "type": "Feature", "properties": { "GEOID": "060014218001", "ALAND": 276210, "AWATER": 0, "population": 1173.0, "households": 480.0, "owner_households": 344.0, "renter_households": 136.0, "renter_household_pct": 28.3, "residents_owner_occupied": 840.0, "residents_renter_occupied": 327.0, "median_household_income": 183733.0, "per_capita_income": 105373.0, "hh_income_under_50k": 34.0, "hh_income_50k_100k": 80.0, "hh_income_100k_200k": 193.0, "hh_income_200k_plus": 173.0, "age_under_18": 222.0, "age_18_24": 18.0, "age_25_34": 169.0, "age_35_64": 547.0, "age_65_plus": 217.0, "households_no_vehicle": 35.0, "no_vehicle_pct": 7.3, "vehicles_available_min": 809.0, "median_gross_rent": 2787.0, "median_home_value": 1460000.0, "rent_burdened_30pct": 30.6, "rent_burdened_50pct": 8.9, "workers": 555.0, "commute_drive_alone_pct": 31.9, "commute_carpool_pct": 0.0, "commute_transit_pct": 4.1, "commute_bicycle_pct": 9.5, "commute_walk_pct": 10.3, "commute_work_from_home_pct": 43.4, "housing_units": 532.0, "vacant_units": 52.0, "units_1_detached_pct": 55.6, "units_1_attached_pct": 1.9, "units_2_4_pct": 28.6, "units_5_19_pct": 13.9, "units_20_plus_pct": 0.0, "built_before_1940_pct": 75.9, "built_2010_or_later_pct": 1.3, "hispanic_pct": 5.1, "white_nh_pct": 65.0, "black_nh_pct": 1.6, "asian_nh_pct": 11.0, "bachelors_or_higher_pct": 85.0, "below_poverty_pct": 4.0, "median_household_income_moe": 2889.0, "population_moe": 214.0 }, "geometry": { "type": "Polygon", "coordinates": [ [ [ -122.280287, 37.882438 ], [ -122.27634, 37.884365 ], [ -122.275673, 37.884755 ], [ -122.274963, 37.885341 ], [ -122.274543, 37.884895 ], [ -122.274455, 37.884734 ], [ -122.274456, 37.883986 ], [ -122.273746, 37.877788 ], [ -122.277103, 37.877358 ], [ -122.277278, 37.879137 ], [ -122.277193, 37.879938 ], [ -122.277248, 37.880101 ], [ -122.277838, 37.880796 ], [ -122.278556, 37.88053 ], [ -122.280145, 37.88234 ], [ -122.280287, 37.882438 ] ] ] } },
{ "type": "Feature", "properties": { "GEOID": "060014218002", "ALAND": 252272, "AWATER": 0, "population": 1000.0, "households": 446.0, "owner_households": 278.0, "renter_households": 168.0, "renter_household_pct": 37.7, "residents_owner_occupied": 691.0, "residents_renter_occupied": 309.0, "median_household_income": 173750.0, "per_capita_income": 99893.0, "hh_income_under_50k": 70.0, "hh_income_50k_100k": 38.0, "hh_income_100k_200k": 162.0, "hh_income_200k_plus": 176.0, "age_under_18": 148.0, "age_18_24": 27.0, "age_25_34": 169.0, "age_35_64": 360.0, "age_65_plus": 296.0, "households_no_vehicle": 12.0, "no_vehicle_pct": 2.7, "vehicles_available_min": 670.0, "median_gross_rent": 2994.0, "median_home_value": 1540200.0, "rent_burdened_30pct": 30.3, "rent_burdened_50pct": 7.1, "workers": 538.0, "commute_drive_alone_pct": 32.0, "commute_carpool_pct": 0.0, "commute_transit_pct": 22.9, "commute_bicycle_pct": 2.2, "commute_walk_pct": 5.9, "commute_work_from_home_pct": 37.0, "housing_units": 465.0, "vacant_units": 19.0, "units_1_detached_pct": 74.2, "units_1_attached_pct": 15.5, "units_2_4_pct": 8.8, "units_5_19_pct": 1.5, "units_20_plus_pct": 0.0, "built_before_1940_pct": 75.7, "built_2010_or_later_pct": 0.0, "hispanic_pct": 6.9, "white_nh_pct": 71.8, "black_nh_pct": 0.0, "asian_nh_pct": 12.6, "bachelors_or_higher_pct": 88.1, "below_poverty_pct": 2.8, "median_household_income_moe": 27862.0, "population_moe": 191.0 }, "geometry": { "type": "Polygon", "coordinates": [ [ [ -122.283273, 37.880926 ], [ -122.280287, 37.882438 ], [ -122.280206, 37.882399 ], [ -122.278556, 37.88053 ], [ -122.277838, 37.880796 ], [ -122.277248, 37.880101 ], [ -122.277193, 37.879938 ], [ -122.277278, 37.879137 ], [ -122.277103, 37.877358 ], [ -122.282793, 37.87666 ], [ -122.282997, 37.878629 ], [ -122.283073, 37.878841 ], [ -122.28319, 37.879871 ], [ -122.283273, 37.880926 ] ] ] } },
{ "type": "Feature", "properties": { "GEOID": "060014219001", "ALAND": 213852, "AWATER": 0, "population": 911.0, "households": 363.0, "owner_households": 256.0, "renter_households": 107.0, "renter_household_pct": 29.5, "residents_owner_occupied": 715.0, "residents_renter_occupied": 196.0, "median_household_income": 215446.0, "per_capita_income": 94444.0, "hh_income_under_50k": 22.0, "hh_income_50k_100k": 56.0, "hh_income_100k_200k": 88.0, "hh_income_200k_plus": 197.0, "age_under_18": 184.0, "age_18_24": 57.0, "age_25_34": 87.0, "age_35_64": 397.0, "age_65_plus": 186.0, "households_no_vehicle": 24.0, "no_vehicle_pct": 6.6, "vehicles_available_min": 572.0, "median_gross_rent": 3297.0, "median_home_value": 1465100.0, "rent_burdened_30pct": 5.6, "rent_burdened_50pct": 5.6, "workers": 560.0, "commute_drive_alone_pct": 14.5, "commute_carpool_pct": 6.2, "commute_transit_pct": 19.8, "commute_bicycle_pct": 4.6, "commute_walk_pct": 10.7, "commute_work_from_home_pct": 44.1, "housing_units": 420.0, "vacant_units": 57.0, "units_1_detached_pct": 73.6, "units_1_attached_pct": 14.0, "units_2_4_pct": 12.4, "units_5_19_pct": 0.0, "units_20_plus_pct": 0.0, "built_before_1940_pct": 64.5, "built_2010_or_later_pct": 0.0, "hispanic_pct": 7.6, "white_nh_pct": 60.2, "black_nh_pct": 0.0, "asian_nh_pct": 23.2, "bachelors_or_higher_pct": 92.4, "below_poverty_pct": 2.7, "median_household_income_moe": 82531.0, "population_moe": 243.0 }, "geometry": { "type": "Polygon", "coordinates": [ [ [ -122.290612, 37.877537 ], [ -122.288567, 37.882905 ], [ -122.287141, 37.882509 ], [ -122.286092, 37.882326 ], [ -122.286033, 37.88248 ], [ -122.284872, 37.882471 ], [ -122.284743, 37.88243 ], [ -122.284761, 37.88237 ], [ -122.284576, 37.882365 ], [ -122.284074, 37.882449 ], [ -122.283554, 37.882344 ], [ -122.28343, 37.88244 ], [ -122.283124, 37.882513 ], [ -122.28296, 37.882419 ], [ -122.282918, 37.882511 ], [ -122.28279, 37.882502 ], [ -122.282868, 37.882312 ], [ -122.283139, 37.882063 ], [ -122.283057, 37.881977 ], [ -122.283059, 37.881777 ], [ -122.282983, 37.881598 ], [ -122.282678, 37.881249 ], [ -122.290478, 37.877034 ], [ -122.290612, 37.877537 ] ] ] } },
{ "type": "Feature", "properties": { "GEOID": "060014219002", "ALAND": 233184, "AWATER": 0, "population": 1348.0, "households": 571.0, "owner_households": 323.0, "renter_households": 248.0, "renter_household_pct": 43.4, "residents_owner_occupied": 887.0, "residents_renter_occupied": 461.0, "median_household_income": 152656.0, "per_capita_income": 85034.0, "hh_income_under_50k": 104.0, "hh_income_50k_100k": 67.0, "hh_income_100k_200k": 125.0, "hh_income_200k_plus": 275.0, "age_under_18": 275.0, "age_18_24": 58.0, "age_25_34": 208.0, "age_35_64": 531.0, "age_65_plus": 276.0, "households_no_vehicle": 66.0, "no_vehicle_pct": 11.6, "vehicles_available_min": 855.0, "median_gross_rent": 2683.0, "median_home_value": 1259400.0, "rent_burdened_30pct": 44.8, "rent_burdened_50pct": 14.1, "workers": 694.0, "commute_drive_alone_pct": 27.5, "commute_carpool_pct": 1.9, "commute_transit_pct": 17.0, "commute_bicycle_pct": 8.1, "commute_walk_pct": 3.9, "commute_work_from_home_pct": 41.6, "housing_units": 602.0, "vacant_units": 31.0, "units_1_detached_pct": 55.3, "units_1_attached_pct": 6.0, "units_2_4_pct": 18.1, "units_5_19_pct": 5.3, "units_20_plus_pct": 15.3, "built_before_1940_pct": 27.6, "built_2010_or_later_pct": 0.5, "hispanic_pct": 3.0, "white_nh_pct": 55.0, "black_nh_pct": 4.0, "asian_nh_pct": 25.8, "bachelors_or_higher_pct": 82.2, "below_poverty_pct": 4.5, "median_household_income_moe": 125619.0, "population_moe": 310.0 }, "geometry": { "type": "Polygon", "coordinates": [ [ [ -122.294223, 37.875168 ], [ -122.293209, 37.875603 ], [ -122.290478, 37.877034 ], [ -122.283273, 37.880926 ], [ -122.28319, 37.879871 ], [ -122.283073, 37.878841 ], [ -122.282997, 37.878629 ], [ -122.282793, 37.87666 ], [ -122.287945, 37.876052 ], [ -122.288817, 37.875872 ], [ -122.292356, 37.87542 ], [ -122.293168, 37.875275 ], [ -122.294223, 37.875168 ] ] ] } },
{ "type": "Feature", "properties": { "GEOID": "060014219003", "ALAND": 203488, "AWATER": 0, "population": 1093.0, "households": 401.0, "owner_households": 283.0, "renter_households": 118.0, "renter_household_pct": 29.4, "residents_owner_occupied": 844.0, "residents_renter_occupied": 244.0, "median_household_income": 183472.0, "per_capita_income": 117814.0, "hh_income_under_50k": 75.0, "hh_income_50k_100k": 55.0, "hh_income_100k_200k": 87.0, "hh_income_200k_plus": 184.0, "age_under_18": 363.0, "age_18_24": 0.0, "age_25_34": 105.0, "age_35_64": 494.0, "age_65_plus": 131.0, "households_no_vehicle": 39.0, "no_vehicle_pct": 9.7, "vehicles_available_min": 497.0, "median_gross_rent": 2274.0, "median_home_value": 1183100.0, "rent_burdened_30pct": 52.5, "rent_burdened_50pct": 14.4, "workers": 508.0, "commute_drive_alone_pct": 16.7, "commute_carpool_pct": 11.4, "commute_transit_pct": 10.6, "commute_bicycle_pct": 12.2, "commute_walk_pct": 0.4, "commute_work_from_home_pct": 48.6, "housing_units": 401.0, "vacant_units": 0.0, "units_1_detached_pct": 82.3, "units_1_attached_pct": 0.0, "units_2_4_pct": 17.7, "units_5_19_pct": 0.0, "units_20_plus_pct": 0.0, "built_before_1940_pct": 56.9, "built_2010_or_later_pct": 2.5, "hispanic_pct": 7.6, "white_nh_pct": 63.8, "black_nh_pct": 12.0, "asian_nh_pct": 7.4, "bachelors_or_higher_pct": 79.5, "below_poverty_pct": 0.0, "median_household_income_moe": 112192.0, "population_moe": 477.0 }, "geometry": { "type": "Polygon", "coordinates": [ [ [ -122.295353, 37.878685 ], [ -122.291822, 37.87941 ], [ -122.291696, 37.879402 ], [ -122.291276, 37.88049 ], [ -122.29098, 37.881425 ], [ -122.290898, 37.881437 ], [ -122.29028, 37.883025 ], [ -122.289856, 37.882936 ], [ -122.28946, 37.883143 ], [ -122.288567, 37.882905 ], [ -122.290612, 37.877537 ], [ -122.290478, 37.877034 ], [ -122.293209, 37.875603 ], [ -122.294223, 37.875168 ], [ -122.295353, 37.878685 ] ] ] } },
{ "type": "Feature", "properties": { "GEOID": "060014219004", "ALAND": 194536, "AWATER": 0, "population": 758.0, "households": 332.0, "owner_households": 231.0, "renter_households": 101.0, "renter_household_pct": 30.4, "residents_owner_occupied": 549.0, "residents_renter_occupied": 204.0, "median_household_income": 116000.0, "per_capita_income": 73231.0, "hh_income_under_50k": 122.0, "hh_income_50k_100k": 31.0, "hh_income_100k_200k": 85.0, "hh_income_200k_plus": 94.0, "age_under_18": 170.0, "age_18_24": 33.0, "age_25_34": 104.0, "age_35_64": 304.0, "age_65_plus": 147.0, "households_no_vehicle": 54.0, "no_vehicle_pct": 16.3, "vehicles_available_min": 437.0, "median_gross_rent": 2135.0, "median_home_value": 1394600.0, "rent_burdened_30pct": 68.5, "rent_burdened_50pct": 68.5, "workers": 381.0, "commute_drive_alone_pct": 38.1, "commute_carpool_pct": 0.0, "commute_transit_pct": 19.4, "commute_bicycle_pct": 5.0, "commute_walk_pct": 6.8, "commute_work_from_home_pct": 30.7, "housing_units": 363.0, "vacant_units": 31.0, "units_1_detached_pct": 68.6, "units_1_attached_pct": 3.0, "units_2_4_pct": 25.3, "units_5_19_pct": 0.0, "units_20_plus_pct": 0.0, "built_before_1940_pct": 61.7, "built_2010_or_later_pct": 3.0, "hispanic_pct": 5.7, "white_nh_pct": 66.9, "black_nh_pct": 16.9, "asian_nh_pct": 4.0, "bachelors_or_higher_pct": 74.8, "below_poverty_pct": 19.5, "median_household_income_moe": 65514.0, "population_moe": 232.0 }, "geometry": { "type": "Polygon", "coordinates": [ [ [ -122.296882, 37.883471 ], [ -122.296709, 37.883516 ], [ -122.296528, 37.88342 ], [ -122.296238, 37.883474 ], [ -122.296107, 37.88306 ], [ -122.295954, 37.882944 ], [ -122.295148, 37.882838 ], [ -122.294857, 37.882714 ], [ -122.294553, 37.882662 ], [ -122.294446, 37.882578 ], [ -122.294243, 37.882669 ], [ -122.294017, 37.882924 ], [ -122.293722, 37.883072 ], [ -122.293279, 37.882929 ], [ -122.293074, 37.883057 ], [ -122.292739, 37.882871 ], [ -122.292529, 37.88293 ], [ -122.292321, 37.882896 ], [ -122.292202, 37.882945 ], [ -122.292147, 37.883069 ], [ -122.292044, 37.883123 ], [ -122.291834, 37.883058 ], [ -122.291734, 37.883098 ], [ -122.291602, 37.883263 ], [ -122.29151, 37.883251 ], [ -122.291369, 37.883051 ], [ -122.291089, 37.883091 ], [ -122.29095, 37.883176 ], [ -122.290777, 37.883144 ], [ -122.290535, 37.883196 ], [ -122.290371, 37.883046 ], [ -122.29028, 37.883025 ], [ -122.290287, 37.882929 ], [ -122.290898, 37.881437 ], [ -122.29098, 37.881425 ], [ -122.291276, 37.88049 ], [ -122.291696, 37.879402 ], [ -122.291822, 37.87941 ], [ -122.295353, 37.878685 ], [ -122.296882, 37.883471 ] ] ] } },
{ "type": "Feature", "properties": { "GEOID": "060014220001", "ALAND": 3313009, "AWATER": 5864364, "population": 1738.0, "households": 1035.0, "owner_households": 174.0, "renter_households": 861.0, "renter_household_pct": 83.2, "residents_owner_occupied": 290.0, "residents_renter_occupied": 1448.0, "median_household_income": 109836.0, "per_capita_income": 87853.0, "hh_income_under_50k": 213.0, "hh_income_50k_100k": 262.0, "hh_income_100k_200k": 342.0, "hh_income_200k_plus": 218.0, "age_under_18": 163.0, "age_18_24": 78.0, "age_25_34": 644.0, "age_35_64": 543.0, "age_65_plus": 310.0, "households_no_vehicle": 100.0, "no_vehicle_pct": 9.7, "vehicles_available_min": 1151.0, "median_gross_rent": 3276.0, "median_home_value": 1022700.0, "rent_burdened_30pct": 59.5, "rent_burdened_50pct": 30.0, "workers": 1245.0, "commute_drive_alone_pct": 26.4, "commute_carpool_pct": 8.8, "commute_transit_pct": 16.1, "commute_bicycle_pct": 0.0, "commute_walk_pct": 10.4, "commute_work_from_home_pct": 36.5, "housing_units": 1101.0, "vacant_units": 66.0, "units_1_detached_pct": 17.7, "units_1_attached_pct": 2.8, "units_2_4_pct": 8.3, "units_5_19_pct": 4.1, "units_20_plus_pct": 66.0, "built_before_1940_pct": 18.3, "built_2010_or_later_pct": 46.6, "hispanic_pct": 9.3, "white_nh_pct": 33.0, "black_nh_pct": 10.6, "asian_nh_pct": 31.5, "bachelors_or_higher_pct": 73.8, "below_poverty_pct": 4.0, "median_household_income_moe": 32750.0, "population_moe": 334.0 }, "geometry": { "type": "Polygon", "coordinates": [ [ [ -122.332636, 37.862666 ], [ -122.331368, 37.866408 ], [ -122.329231, 37.871257 ], [ -122.325893, 37.874367 ], [ -122.32763, 37.877356 ], [ -122.312451, 37.881375 ], [ -122.308528, 37.882211 ], [ -122.308351, 37.882115 ], [ -122.308311, 37.881983 ], [ -122.307644, 37.87902 ], [ -122.307252, 37.877525 ], [ -122.30691, 37.876525 ], [ -122.303908, 37.866723 ], [ -122.297751, 37.867937 ], [ -122.296853, 37.865282 ], [ -122.295528, 37.861038 ], [ -122.295163, 37.860002 ], [ -122.293719, 37.860243 ], [ -122.289651, 37.861104 ], [ -122.288612, 37.857978 ], [ -122.287135, 37.853193 ], [ -122.286247, 37.850505 ], [ -122.291373, 37.849482 ], [ -122.291364, 37.849446 ], [ -122.291512, 37.849419 ], [ -122.291528, 37.849463 ], [ -122.291978, 37.849367 ], [ -122.291958, 37.849303 ], [ -122.293151, 37.849099 ], [ -122.293137, 37.849065 ], [ -122.293741, 37.84894 ], [ -122.293751, 37.84897 ], [ -122.294821, 37.848779 ], [ -122.309592, 37.845543 ], [ -122.310806, 37.854022 ], [ -122.31401, 37.853601 ], [ -122.322356, 37.853601 ], [ -122.326161, 37.854549 ], [ -122.331234, 37.857185 ], [ -122.33237, 37.859293 ], [ -122.332636, 37.862666 ] ] ] } },
{ "type": "Feature", "properties": { "GEOID": "060014221002", "ALAND": 352205, "AWATER": 0, "population": 1824.0, "households": 810.0, "owner_households": 494.0, "renter_households": 316.0, "renter_household_pct": 39.0, "residents_owner_occupied": 1240.0, "residents_renter_occupied": 584.0, "median_household_income": 189000.0, "per_capita_income": 92847.0, "hh_income_under_50k": 116.0, "hh_income_50k_100k": 134.0, "hh_income_100k_200k": 176.0, "hh_income_200k_plus": 384.0, "age_under_18": 262.0, "age_18_24": 92.0, "age_25_34": 279.0, "age_35_64": 794.0, "age_65_plus": 397.0, "households_no_vehicle": 21.0, "no_vehicle_pct": 2.6, "vehicles_available_min": 1239.0, "median_gross_rent": 2660.0, "median_home_value": 978600.0, "rent_burdened_30pct": 55.2, "rent_burdened_50pct": 32.5, "workers": 1064.0, "commute_drive_alone_pct": 26.6, "commute_carpool_pct": 1.5, "commute_transit_pct": 3.0, "commute_bicycle_pct": 0.0, "commute_walk_pct": 11.4, "commute_work_from_home_pct": 57.5, "housing_units": 848.0, "vacant_units": 38.0, "units_1_detached_pct": 45.4, "units_1_attached_pct": 17.7, "units_2_4_pct": 19.7, "units_5_19_pct": 6.1, "units_20_plus_pct": 11.1, "built_before_1940_pct": 37.0, "built_2010_or_later_pct": 11.6, "hispanic_pct": 25.5, "white_nh_pct": 44.6, "black_nh_pct": 12.3, "asian_nh_pct": 12.9, "bachelors_or_higher_pct": 73.7, "below_poverty_pct": 4.4, "median_household_income_moe": 72162.0, "population_moe": 306.0 }, "geometry": { "type": "Polygon", "coordinates": [ [ [ -122.299722, 37.874085 ], [ -122.294223, 37.875168 ], [ -122.292634, 37.870418 ], [ -122.292226, 37.869042 ], [ -122.297751, 37.867937 ], [ -122.299722, 37.874085 ] ] ] } },
{ "type": "Feature", "properties": { "GEOID": "060014228002", "ALAND": 62051, "AWATER": 0, "population": 2891.0, "households": 349.0, "owner_households": 0.0, "renter_households": 349.0, "renter_household_pct": 100.0, "residents_owner_occupied": 0.0, "residents_renter_occupied": 583.0, "median_household_income": 17560.0, "per_capita_income": 8829.0, "hh_income_under_50k": 249.0, "hh_income_50k_100k": 57.0, "hh_income_100k_200k": 28.0, "hh_income_200k_plus": 15.0, "age_under_18": 57.0, "age_18_24": 2642.0, "age_25_34": 115.0, "age_35_64": 77.0, "age_65_plus": 0.0, "households_no_vehicle": 319.0, "no_vehicle_pct": 91.4, "vehicles_available_min": 30.0, "median_gross_rent": 1713.0, "median_home_value": null, "rent_burdened_30pct": 81.5, "rent_burdened_50pct": 68.3, "workers": 784.0, "commute_drive_alone_pct": 14.7, "commute_carpool_pct": 0.0, "commute_transit_pct": 26.0, "commute_bicycle_pct": 0.0, "commute_walk_pct": 39.4, "commute_work_from_home_pct": 16.7, "housing_units": 426.0, "vacant_units": 77.0, "units_1_detached_pct": 0.0, "units_1_attached_pct": 0.0, "units_2_4_pct": 0.0, "units_5_19_pct": 16.2, "units_20_plus_pct": 81.5, "built_before_1940_pct": 34.7, "built_2010_or_later_pct": 15.7, "hispanic_pct": 26.2, "white_nh_pct": 17.1, "black_nh_pct": 4.9, "asian_nh_pct": 37.8, "bachelors_or_higher_pct": 61.5, "below_poverty_pct": 65.5, "median_household_income_moe": 17543.0, "population_moe": 631.0 }, "geometry": { "type": "Polygon", "coordinates": [ [ [ -122.261482, 37.868439 ], [ -122.259197, 37.86872 ], [ -122.258976, 37.867824 ], [ -122.258684, 37.866022 ], [ -122.260931, 37.865732 ], [ -122.261482, 37.868439 ] ] ] } },
{ "type": "Feature", "properties": { "GEOID": "060014234001", "ALAND": 155736, "AWATER": 0, "population": 1116.0, "households": 537.0, "owner_households": 209.0, "renter_households": 328.0, "renter_household_pct": 61.1, "residents_owner_occupied": 591.0, "residents_renter_occupied": 525.0, "median_household_income": null, "per_capita_income": 79767.0, "hh_income_under_50k": 231.0, "hh_income_50k_100k": 63.0, "hh_income_100k_200k": 139.0, "hh_income_200k_plus": 104.0, "age_under_18": 151.0, "age_18_24": 75.0, "age_25_34": 165.0, "age_35_64": 403.0, "age_65_plus": 322.0, "households_no_vehicle": 99.0, "no_vehicle_pct": 18.4, "vehicles_available_min": 630.0, "median_gross_rent": 2223.0, "median_home_value": 1024500.0, "rent_burdened_30pct": 52.7, "rent_burdened_50pct": 30.5, "workers": 423.0, "commute_drive_alone_pct": 40.9, "commute_carpool_pct": 0.0, "commute_transit_pct": 32.4, "commute_bicycle_pct": 0.0, "commute_walk_pct": 10.4, "commute_work_from_home_pct": 16.3, "housing_units": 645.0, "vacant_units": 108.0, "units_1_detached_pct": 24.8, "units_1_attached_pct": 7.4, "units_2_4_pct": 30.7, "units_5_19_pct": 25.0, "units_20_plus_pct": 12.1, "built_before_1940_pct": 23.3, "built_2010_or_later_pct": 0.0, "hispanic_pct": 5.2, "white_nh_pct": 48.5, "black_nh_pct": 37.5, "asian_nh_pct": 8.9, "bachelors_or_higher_pct": 44.3, "below_poverty_pct": 14.5, "median_household_income_moe": null, "population_moe": 535.0 }, "geometry": { "type": "Polygon", "coordinates": [ [ [ -122.281226, 37.862205 ], [ -122.272161, 37.863352 ], [ -122.271951, 37.86156 ], [ -122.273908, 37.861274 ], [ -122.274569, 37.861204 ], [ -122.275074, 37.861207 ], [ -122.280631, 37.860486 ], [ -122.280736, 37.860994 ], [ -122.281089, 37.861753 ], [ -122.281226, 37.862205 ] ] ] } },
{ "type": "Feature", "properties": { "GEOID": "060014222001", "ALAND": 309430, "AWATER": 0, "population": 1771.0, "households": 639.0, "owner_households": 460.0, "renter_households": 179.0, "renter_household_pct": 28.0, "residents_owner_occupied": 1392.0, "residents_renter_occupied": 376.0, "median_household_income": 105625.0, "per_capita_income": 83938.0, "hh_income_under_50k": 84.0, "hh_income_50k_100k": 233.0, "hh_income_100k_200k": 85.0, "hh_income_200k_plus": 237.0, "age_under_18": 527.0, "age_18_24": 112.0, "age_25_34": 100.0, "age_35_64": 776.0, "age_65_plus": 256.0, "households_no_vehicle": 22.0, "no_vehicle_pct": 3.4, "vehicles_available_min": 867.0, "median_gross_rent": 1897.0, "median_home_value": 1202000.0, "rent_burdened_30pct": 45.2, "rent_burdened_50pct": 20.4, "workers": 777.0, "commute_drive_alone_pct": 40.8, "commute_carpool_pct": 1.3, "commute_transit_pct": 1.8, "commute_bicycle_pct": 6.8, "commute_walk_pct": 1.5, "commute_work_from_home_pct": 46.7, "housing_units": 731.0, "vacant_units": 92.0, "units_1_detached_pct": 62.5, "units_1_attached_pct": 7.8, "units_2_4_pct": 23.0, "units_5_19_pct": 6.7, "units_20_plus_pct": 0.0, "built_before_1940_pct": 25.4, "built_2010_or_later_pct": 1.4, "hispanic_pct": 5.9, "white_nh_pct": 69.8, "black_nh_pct": 1.9, "asian_nh_pct": 12.2, "bachelors_or_higher_pct": 70.2, "below_poverty_pct": 3.3, "median_household_income_moe": 75093.0, "population_moe": 597.0 }, "geometry": { "type": "Polygon", "coordinates": [ [ [ -122.294223, 37.875168 ], [ -122.293168, 37.875275 ], [ -122.292356, 37.87542 ], [ -122.288817, 37.875872 ], [ -122.287945, 37.876052 ], [ -122.282793, 37.87666 ], [ -122.282594, 37.875282 ], [ -122.282356, 37.873018 ], [ -122.28838, 37.872291 ], [ -122.288586, 37.874099 ], [ -122.293645, 37.873449 ], [ -122.294223, 37.875168 ] ] ] } },
{ "type": "Feature", "properties": { "GEOID": "060014222002", "ALAND": 159156, "AWATER": 0, "population": 650.0, "households": 387.0, "owner_households": 100.0, "renter_households": 287.0, "renter_household_pct": 74.2, "residents_owner_occupied": 265.0, "residents_renter_occupied": 355.0, "median_household_income": 69099.0, "per_capita_income": 76136.0, "hh_income_under_50k": 126.0, "hh_income_50k_100k": 101.0, "hh_income_100k_200k": 120.0, "hh_income_200k_plus": 40.0, "age_under_18": 64.0, "age_18_24": 37.0, "age_25_34": 167.0, "age_35_64": 307.0, "age_65_plus": 75.0, "households_no_vehicle": 84.0, "no_vehicle_pct": 21.7, "vehicles_available_min": 359.0, "median_gross_rent": 2049.0, "median_home_value": 1554900.0, "rent_burdened_30pct": 43.6, "rent_burdened_50pct": 26.8, "workers": 360.0, "commute_drive_alone_pct": 34.2, "commute_carpool_pct": 0.0, "commute_transit_pct": 14.2, "commute_bicycle_pct": 2.5, "commute_walk_pct": 1.9, "commute_work_from_home_pct": 44.4, "housing_units": 447.0, "vacant_units": 60.0, "units_1_detached_pct": 25.1, "units_1_attached_pct": 6.9, "units_2_4_pct": 21.9, "units_5_19_pct": 21.0, "units_20_plus_pct": 25.1, "built_before_1940_pct": 37.8, "built_2010_or_later_pct": 0.0, "hispanic_pct": 18.0, "white_nh_pct": 40.6, "black_nh_pct": 6.8, "asian_nh_pct": 17.2, "bachelors_or_higher_pct": 68.1, "below_poverty_pct": 14.4, "median_household_income_moe": 35620.0, "population_moe": 160.0 }, "geometry": { "type": "Polygon", "coordinates": [ [ [ -122.28838, 37.872291 ], [ -122.282356, 37.873018 ], [ -122.28204, 37.870353 ], [ -122.288052, 37.869592 ], [ -122.28838, 37.872291 ] ] ] } },
{ "type": "Feature", "properties": { "GEOID": "060014222003", "ALAND": 206425, "AWATER": 0, "population": 892.0, "households": 486.0, "owner_households": 124.0, "renter_households": 362.0, "renter_household_pct": 74.5, "residents_owner_occupied": 338.0, "residents_renter_occupied": 554.0, "median_household_income": 99798.0, "per_capita_income": 90062.0, "hh_income_under_50k": 97.0, "hh_income_50k_100k": 151.0, "hh_income_100k_200k": 75.0, "hh_income_200k_plus": 163.0, "age_under_18": 119.0, "age_18_24": 19.0, "age_25_34": 250.0, "age_35_64": 422.0, "age_65_plus": 82.0, "households_no_vehicle": 67.0, "no_vehicle_pct": 13.8, "vehicles_available_min": 506.0, "median_gross_rent": 1905.0, "median_home_value": 1511900.0, "rent_burdened_30pct": 35.3, "rent_burdened_50pct": 9.4, "workers": 618.0, "commute_drive_alone_pct": 35.0, "commute_carpool_pct": 3.1, "commute_transit_pct": 18.8, "commute_bicycle_pct": 6.0, "commute_walk_pct": 3.1, "commute_work_from_home_pct": 29.1, "housing_units": 486.0, "vacant_units": 0.0, "units_1_detached_pct": 28.2, "units_1_attached_pct": 9.3, "units_2_4_pct": 23.7, "units_5_19_pct": 31.1, "units_20_plus_pct": 7.8, "built_before_1940_pct": 48.1, "built_2010_or_later_pct": 0.0, "hispanic_pct": 12.9, "white_nh_pct": 54.0, "black_nh_pct": 1.6, "asian_nh_pct": 14.6, "bachelors_or_higher_pct": 79.3, "below_poverty_pct": 4.0, "median_household_income_moe": 47310.0, "population_moe": 254.0 }, "geometry": { "type": "Polygon", "coordinates": [ [ [ -122.293645, 37.873449 ], [ -122.288586, 37.874099 ], [ -122.288052, 37.869592 ], [ -122.292226, 37.869042 ], [ -122.292634, 37.870418 ], [ -122.293645, 37.873449 ] ] ] } },
{ "type": "Feature", "properties": { "GEOID": "060014223003", "ALAND": 158461, "AWATER": 0, "population": 1626.0, "households": 711.0, "owner_households": 102.0, "renter_households": 609.0, "renter_household_pct": 85.7, "residents_owner_occupied": 209.0, "residents_renter_occupied": 1381.0, "median_household_income": 62639.0, "per_capita_income": 43863.0, "hh_income_under_50k": 287.0, "hh_income_50k_100k": 264.0, "hh_income_100k_200k": 80.0, "hh_income_200k_plus": 80.0, "age_under_18": 255.0, "age_18_24": 271.0, "age_25_34": 436.0, "age_35_64": 503.0, "age_65_plus": 161.0, "households_no_vehicle": 211.0, "no_vehicle_pct": 29.7, "vehicles_available_min": 591.0, "median_gross_rent": 2112.0, "median_home_value": 1018500.0, "rent_burdened_30pct": 46.1, "rent_burdened_50pct": 31.0, "workers": 718.0, "commute_drive_alone_pct": 7.7, "commute_carpool_pct": 17.7, "commute_transit_pct": 17.4, "commute_bicycle_pct": 14.6, "commute_walk_pct": 4.3, "commute_work_from_home_pct": 38.3, "housing_units": 853.0, "vacant_units": 142.0, "units_1_detached_pct": 4.7, "units_1_attached_pct": 2.7, "units_2_4_pct": 7.2, "units_5_19_pct": 30.4, "units_20_plus_pct": 55.1, "built_before_1940_pct": 19.6, "built_2010_or_later_pct": 15.6, "hispanic_pct": 5.8, "white_nh_pct": 31.7, "black_nh_pct": 28.3, "asian_nh_pct": 25.4, "bachelors_or_higher_pct": 66.1, "below_poverty_pct": 19.7, "median_household_income_moe": 18707.0, "population_moe": 397.0 }, "geometry": { "type": "Polygon", "coordinates": [ [ [ -122.282256, 37.872132 ], [ -122.278182, 37.872633 ], [ -122.273265, 37.873325 ], [ -122.273067, 37.871512 ], [ -122.28204, 37.870353 ], [ -122.282256, 37.872132 ] ] ] } },
{ "type": "Feature", "properties": { "GEOID": "060014224001", "ALAND": 98052, "AWATER": 0, "population": 799.0, "households": 516.0, "owner_households": 0.0, "renter_households": 516.0, "renter_household_pct": 100.0, "residents_owner_occupied": 0.0, "residents_renter_occupied": 799.0, "median_household_income": 58571.0, "per_capita_income": 53291.0, "hh_income_under_50k": 229.0, "hh_income_50k_100k": 168.0, "hh_income_100k_200k": 85.0, "hh_income_200k_plus": 34.0, "age_under_18": 0.0, "age_18_24": 346.0, "age_25_34": 265.0, "age_35_64": 134.0, "age_65_plus": 54.0, "households_no_vehicle": 215.0, "no_vehicle_pct": 41.7, "vehicles_available_min": 446.0, "median_gross_rent": 2077.0, "median_home_value": null, "rent_burdened_30pct": 73.3, "rent_burdened_50pct": 37.3, "workers": 541.0, "commute_drive_alone_pct": 23.3, "commute_carpool_pct": 3.5, "commute_transit_pct": 5.5, "commute_bicycle_pct": 0.0, "commute_walk_pct": 27.7, "commute_work_from_home_pct": 35.9, "housing_units": 637.0, "vacant_units": 121.0, "units_1_detached_pct": 0.0, "units_1_attached_pct": 0.0, "units_2_4_pct": 7.4, "units_5_19_pct": 50.2, "units_20_plus_pct": 42.4, "built_before_1940_pct": 43.2, "built_2010_or_later_pct": 10.7, "hispanic_pct": 6.5, "white_nh_pct": 36.2, "black_nh_pct": 5.8, "asian_nh_pct": 49.1, "bachelors_or_higher_pct": 78.4, "below_poverty_pct": 26.5, "median_household_income_moe": 38395.0, "population_moe": 266.0 }, "geometry": { "type": "Polygon", "coordinates": [ [ [ -122.268671, 37.873896 ], [ -122.267534, 37.874047 ], [ -122.267803, 37.876692 ], [ -122.26565, 37.876971 ], [ -122.265447, 37.876515 ], [ -122.265427, 37.876305 ], [ -122.265574, 37.875608 ], [ -122.265383, 37.874297 ], [ -122.266329, 37.874188 ], [ -122.266367, 37.874107 ], [ -122.266159, 37.872389 ], [ -122.268403, 37.87211 ], [ -122.268476, 37.872194 ], [ -122.268671, 37.873896 ] ] ] } },
{ "type": "Feature", "properties": { "GEOID": "060014224002", "ALAND": 122565, "AWATER": 0, "population": 651.0, "households": 260.0, "owner_households": 30.0, "renter_households": 230.0, "renter_household_pct": 88.5, "residents_owner_occupied": 38.0, "residents_renter_occupied": 613.0, "median_household_income": 88194.0, "per_capita_income": 50728.0, "hh_income_under_50k": 54.0, "hh_income_50k_100k": 134.0, "hh_income_100k_200k": 42.0, "hh_income_200k_plus": 30.0, "age_under_18": 25.0, "age_18_24": 152.0, "age_25_34": 382.0, "age_35_64": 35.0, "age_65_plus": 57.0, "households_no_vehicle": 99.0, "no_vehicle_pct": 38.1, "vehicles_available_min": 202.0, "median_gross_rent": 2417.0, "median_home_value": null, "rent_burdened_30pct": 60.3, "rent_burdened_50pct": 15.0, "workers": 451.0, "commute_drive_alone_pct": 0.0, "commute_carpool_pct": 0.0, "commute_transit_pct": 19.5, "commute_bicycle_pct": 0.0, "commute_walk_pct": 39.9, "commute_work_from_home_pct": 40.6, "housing_units": 260.0, "vacant_units": 0.0, "units_1_detached_pct": 8.5, "units_1_attached_pct": 11.5, "units_2_4_pct": 12.7, "units_5_19_pct": 42.7, "units_20_plus_pct": 24.6, "built_before_1940_pct": 26.5, "built_2010_or_later_pct": 0.0, "hispanic_pct": 0.0, "white_nh_pct": 57.1, "black_nh_pct": 0.0, "asian_nh_pct": 20.3, "bachelors_or_higher_pct": 88.2, "below_poverty_pct": 12.3, "median_household_income_moe": 36183.0, "population_moe": 286.0 }, "geometry": { "type": "Polygon", "coordinates": [ [ [ -122.273357, 37.874216 ], [ -122.268739, 37.874802 ], [ -122.268476, 37.872194 ], [ -122.268403, 37.87211 ], [ -122.273067, 37.871512 ], [ -122.273357, 37.874216 ] ] ] } },
{ "type": "Feature", "properties": { "GEOID": "060014224003", "ALAND": 162780, "AWATER": 0, "population": 1841.0, "households": 747.0, "owner_households": 311.0, "renter_households": 436.0, "renter_household_pct": 58.4, "residents_owner_occupied": 892.0, "residents_renter_occupied": 949.0, "median_household_income": 231108.0, "per_capita_income": 105295.0, "hh_income_under_50k": 154.0, "hh_income_50k_100k": 128.0, "hh_income_100k_200k": 72.0, "hh_income_200k_plus": 393.0, "age_under_18": 160.0, "age_18_24": 309.0, "age_25_34": 605.0, "age_35_64": 552.0, "age_65_plus": 215.0, "households_no_vehicle": 238.0, "no_vehicle_pct": 31.9, "vehicles_available_min": 994.0, "median_gross_rent": 2243.0, "median_home_value": 1161600.0, "rent_burdened_30pct": 40.6, "rent_burdened_50pct": 17.7, "workers": 1138.0, "commute_drive_alone_pct": 38.9, "commute_carpool_pct": 0.0, "commute_transit_pct": 11.0, "commute_bicycle_pct": 0.0, "commute_walk_pct": 13.0, "commute_work_from_home_pct": 34.2, "housing_units": 797.0, "vacant_units": 50.0, "units_1_detached_pct": 8.8, "units_1_attached_pct": 2.5, "units_2_4_pct": 51.8, "units_5_19_pct": 23.6, "units_20_plus_pct": 13.3, "built_before_1940_pct": 52.4, "built_2010_or_later_pct": 0.0, "hispanic_pct": 2.0, "white_nh_pct": 47.7, "black_nh_pct": 4.9, "asian_nh_pct": 31.7, "bachelors_or_higher_pct": 90.9, "below_poverty_pct": 7.5, "median_household_income_moe": 151969.0, "population_moe": 720.0 }, "geometry": { "type": "Polygon", "coordinates": [ [ [ -122.273746, 37.877788 ], [ -122.269178, 37.878377 ], [ -122.268884, 37.875637 ], [ -122.268739, 37.874802 ], [ -122.273357, 37.874216 ], [ -122.273746, 37.877788 ] ] ] } },
{ "type": "Feature", "properties": { "GEOID": "060014225001", "ALAND": 156644, "AWATER": 0, "population": 1169.0, "households": 746.0, "owner_households": 77.0, "renter_households": 669.0, "renter_household_pct": 89.7, "residents_owner_occupied": 163.0, "residents_renter_occupied": 989.0, "median_household_income": null, "per_capita_income": 68048.0, "hh_income_under_50k": 295.0, "hh_income_50k_100k": 133.0, "hh_income_100k_200k": 222.0, "hh_income_200k_plus": 96.0, "age_under_18": 29.0, "age_18_24": 185.0, "age_25_34": 248.0, "age_35_64": 594.0, "age_65_plus": 113.0, "households_no_vehicle": 168.0, "no_vehicle_pct": 22.5, "vehicles_available_min": 892.0, "median_gross_rent": 1838.0, "median_home_value": 1158800.0, "rent_burdened_30pct": 58.5, "rent_burdened_50pct": 19.2, "workers": 916.0, "commute_drive_alone_pct": 11.5, "commute_carpool_pct": 2.4, "commute_transit_pct": 5.8, "commute_bicycle_pct": 3.7, "commute_walk_pct": 61.9, "commute_work_from_home_pct": 14.7, "housing_units": 887.0, "vacant_units": 141.0, "units_1_detached_pct": 15.2, "units_1_attached_pct": 6.4, "units_2_4_pct": 23.0, "units_5_19_pct": 14.8, "units_20_plus_pct": 40.6, "built_before_1940_pct": 46.6, "built_2010_or_later_pct": 0.0, "hispanic_pct": 21.2, "white_nh_pct": 66.5, "black_nh_pct": 1.3, "asian_nh_pct": 10.4, "bachelors_or_higher_pct": 50.6, "below_poverty_pct": 8.7, "median_household_income_moe": null, "population_moe": 492.0 }, "geometry": { "type": "Polygon", "coordinates": [ [ [ -122.265752, 37.878806 ], [ -122.258442, 37.879779 ], [ -122.257735, 37.879833 ], [ -122.257568, 37.879803 ], [ -122.25766, 37.879938 ], [ -122.257857, 37.880079 ], [ -122.258002, 37.880344 ], [ -122.258176, 37.880449 ], [ -122.258205, 37.880573 ], [ -122.257768, 37.880453 ], [ -122.257292, 37.880562 ], [ -122.257106, 37.880537 ], [ -122.256675, 37.880034 ], [ -122.256577, 37.879855 ], [ -122.256572, 37.879623 ], [ -122.256336, 37.87922 ], [ -122.25629, 37.878772 ], [ -122.256351, 37.878376 ], [ -122.256463, 37.878316 ], [ -122.264289, 37.877278 ], [ -122.26446, 37.877552 ], [ -122.264702, 37.877691 ], [ -122.264976, 37.877731 ], [ -122.265298, 37.877663 ], [ -122.265542, 37.877457 ], [ -122.265646, 37.877305 ], [ -122.265752, 37.878806 ] ] ] } },
{ "type": "Feature", "properties": { "GEOID": "060014225003", "ALAND": 188432, "AWATER": 0, "population": 2018.0, "households": 767.0, "owner_households": 83.0, "renter_households": 684.0, "renter_household_pct": 89.2, "residents_owner_occupied": 144.0, "residents_renter_occupied": 1249.0, "median_household_income": 48973.0, "per_capita_income": 36712.0, "hh_income_under_50k": 395.0, "hh_income_50k_100k": 134.0, "hh_income_100k_200k": 139.0, "hh_income_200k_plus": 99.0, "age_under_18": 92.0, "age_18_24": 873.0, "age_25_34": 387.0, "age_35_64": 490.0, "age_65_plus": 176.0, "households_no_vehicle": 265.0, "no_vehicle_pct": 34.6, "vehicles_available_min": 580.0, "median_gross_rent": 1889.0, "median_home_value": 2000001.0, "rent_burdened_30pct": 75.2, "rent_burdened_50pct": 56.0, "workers": 934.0, "commute_drive_alone_pct": 24.3, "commute_carpool_pct": 0.0, "commute_transit_pct": 10.7, "commute_bicycle_pct": 0.9, "commute_walk_pct": 22.4, "commute_work_from_home_pct": 33.8, "housing_units": 840.0, "vacant_units": 73.0, "units_1_detached_pct": 9.8, "units_1_attached_pct": 2.5, "units_2_4_pct": 9.5, "units_5_19_pct": 51.4, "units_20_plus_pct": 26.8, "built_before_1940_pct": 62.7, "built_2010_or_later_pct": 1.7, "hispanic_pct": 7.4, "white_nh_pct": 33.7, "black_nh_pct": 11.4, "asian_nh_pct": 35.5, "bachelors_or_higher_pct": 80.3, "below_poverty_pct": 31.6, "median_household_income_moe": 20656.0, "population_moe": 281.0 }, "geometry": { "type": "Polygon", "coordinates": [ [ [ -122.265648, 37.877037 ], [ -122.265646, 37.877305 ], [ -122.265542, 37.877457 ], [ -122.265298, 37.877663 ], [ -122.265115, 37.877718 ], [ -122.264836, 37.877717 ], [ -122.264564, 37.87762 ], [ -122.26438, 37.877475 ], [ -122.264289, 37.877278 ], [ -122.262722, 37.877456 ], [ -122.258875, 37.878007 ], [ -122.258357, 37.875337 ], [ -122.263595, 37.874662 ], [ -122.264061, 37.874582 ], [ -122.264652, 37.874389 ], [ -122.265383, 37.874297 ], [ -122.265574, 37.875608 ], [ -122.265427, 37.876305 ], [ -122.265442, 37.876464 ], [ -122.265648, 37.877037 ] ] ] } },
{ "type": "Feature", "properties": { "GEOID": "060014227001", "ALAND": 181227, "AWATER": 0, "population": 1028.0, "households": 179.0, "owner_households": 101.0, "renter_households": 78.0, "renter_household_pct": 43.6, "residents_owner_occupied": 261.0, "residents_renter_occupied": 446.0, "median_household_income": 131281.0, "per_capita_income": 39250.0, "hh_income_under_50k": 28.0, "hh_income_50k_100k": 27.0, "hh_income_100k_200k": 54.0, "hh_income_200k_plus": 70.0, "age_under_18": 47.0, "age_18_24": 667.0, "age_25_34": 21.0, "age_35_64": 209.0, "age_65_plus": 84.0, "households_no_vehicle": 27.0, "no_vehicle_pct": 15.1, "vehicles_available_min": 289.0, "median_gross_rent": 3501.0, "median_home_value": 1734400.0, "rent_burdened_30pct": 83.3, "rent_burdened_50pct": 64.1, "workers": 611.0, "commute_drive_alone_pct": 14.9, "commute_carpool_pct": 12.3, "commute_transit_pct": 12.6, "commute_bicycle_pct": 0.0, "commute_walk_pct": 41.6, "commute_work_from_home_pct": 17.8, "housing_units": 247.0, "vacant_units": 68.0, "units_1_detached_pct": 47.0, "units_1_attached_pct": 17.8, "units_2_4_pct": 0.0, "units_5_19_pct": 18.6, "units_20_plus_pct": 16.6, "built_before_1940_pct": 43.3, "built_2010_or_later_pct": 3.2, "hispanic_pct": 17.4, "white_nh_pct": 28.0, "black_nh_pct": 0.3, "asian_nh_pct": 45.3, "bachelors_or_higher_pct": 87.9, "below_poverty_pct": 35.8, "median_household_income_moe": 77504.0, "population_moe": 452.0 }, "geometry": { "type": "Polygon", "coordinates": [ [ [ -122.250214, 37.869346 ], [ -122.249734, 37.869396 ], [ -122.249708, 37.870096 ], [ -122.249577, 37.870249 ], [ -122.249217, 37.870317 ], [ -122.248892, 37.870248 ], [ -122.248706, 37.870137 ], [ -122.248483, 37.870089 ], [ -122.24751, 37.870454 ], [ -122.246806, 37.870414 ], [ -122.246483, 37.870304 ], [ -122.24607, 37.869897 ], [ -122.245851, 37.869919 ], [ -122.245156, 37.869737 ], [ -122.244928, 37.867684 ], [ -122.244603, 37.8674 ], [ -122.244814, 37.867051 ], [ -122.245063, 37.86687 ], [ -122.244779, 37.866706 ], [ -122.244845, 37.866594 ], [ -122.244877, 37.866276 ], [ -122.245534, 37.866237 ], [ -122.245338, 37.865986 ], [ -122.245975, 37.866036 ], [ -122.246127, 37.866111 ], [ -122.246962, 37.866159 ], [ -122.24842, 37.866083 ], [ -122.248493, 37.866741 ], [ -122.248671, 37.867023 ], [ -122.249123, 37.867296 ], [ -122.249398, 37.867368 ], [ -122.249846, 37.867401 ], [ -122.250214, 37.869346 ] ] ] } },
{ "type": "Feature", "properties": { "GEOID": "060014227002", "ALAND": 64948, "AWATER": 0, "population": 1582.0, "households": 228.0, "owner_households": 21.0, "renter_households": 207.0, "renter_household_pct": 90.8, "residents_owner_occupied": 21.0, "residents_renter_occupied": 629.0, "median_household_income": 20081.0, "per_capita_income": 16038.0, "hh_income_under_50k": 171.0, "hh_income_50k_100k": 29.0, "hh_income_100k_200k": 12.0, "hh_income_200k_plus": 16.0, "age_under_18": 0.0, "age_18_24": 1436.0, "age_25_34": 47.0, "age_35_64": 25.0, "age_65_plus": 74.0, "households_no_vehicle": 115.0, "no_vehicle_pct": 50.4, "vehicles_available_min": 276.0, "median_gross_rent": 2117.0, "median_home_value": null, "rent_burdened_30pct": 71.2, "rent_burdened_50pct": 71.2, "workers": 545.0, "commute_drive_alone_pct": 20.4, "commute_carpool_pct": 0.0, "commute_transit_pct": 3.3, "commute_bicycle_pct": 1.5, "commute_walk_pct": 47.5, "commute_work_from_home_pct": 9.9, "housing_units": 262.0, "vacant_units": 34.0, "units_1_detached_pct": 22.1, "units_1_attached_pct": 0.0, "units_2_4_pct": 3.4, "units_5_19_pct": 20.2, "units_20_plus_pct": 54.2, "built_before_1940_pct": 22.1, "built_2010_or_later_pct": 0.0, "hispanic_pct": 19.4, "white_nh_pct": 30.7, "black_nh_pct": 4.6, "asian_nh_pct": 33.9, "bachelors_or_higher_pct": 75.3, "below_poverty_pct": 66.1, "median_household_income_moe": 11958.0, "population_moe": 354.0 }, "geometry": { "type": "Polygon", "coordinates": [ [ [ -122.252119, 37.867792 ], [ -122.250781, 37.867952 ], [ -122.250697, 37.868021 ], [ -122.250971, 37.869328 ], [ -122.250214, 37.869346 ], [ -122.249846, 37.867401 ], [ -122.249398, 37.867368 ], [ -122.249123, 37.867296 ], [ -122.248671, 37.867023 ], [ -122.248493, 37.866741 ], [ -122.24842, 37.866083 ], [ -122.251653, 37.865887 ], [ -122.251893, 37.866659 ], [ -122.251872, 37.866817 ], [ -122.251948, 37.86748 ], [ -122.252119, 37.867792 ] ] ] } },
{ "type": "Feature", "properties": { "GEOID": "060014228001", "ALAND": 182982, "AWATER": 0, "population": 4422.0, "households": 323.0, "owner_households": 7.0, "renter_households": 316.0, "renter_household_pct": 97.8, "residents_owner_occupied": 20.0, "residents_renter_occupied": 852.0, "median_household_income": null, "per_capita_income": 8350.0, "hh_income_under_50k": 297.0, "hh_income_50k_100k": 7.0, "hh_income_100k_200k": 9.0, "hh_income_200k_plus": 10.0, "age_under_18": 87.0, "age_18_24": 4114.0, "age_25_34": 133.0, "age_35_64": 77.0, "age_65_plus": 11.0, "households_no_vehicle": 302.0, "no_vehicle_pct": 93.5, "vehicles_available_min": 35.0, "median_gross_rent": 1926.0, "median_home_value": null, "rent_burdened_30pct": 91.2, "rent_burdened_50pct": 67.3, "workers": 1352.0, "commute_drive_alone_pct": 14.8, "commute_carpool_pct": 0.0, "commute_transit_pct": 13.3, "commute_bicycle_pct": 0.5, "commute_walk_pct": 44.0, "commute_work_from_home_pct": 20.9, "housing_units": 539.0, "vacant_units": 216.0, "units_1_detached_pct": 2.0, "units_1_attached_pct": 0.0, "units_2_4_pct": 5.6, "units_5_19_pct": 21.0, "units_20_plus_pct": 71.4, "built_before_1940_pct": 31.0, "built_2010_or_later_pct": 24.7, "hispanic_pct": 28.4, "white_nh_pct": 24.3, "black_nh_pct": 6.9, "asian_nh_pct": 32.7, "bachelors_or_higher_pct": 77.8, "below_poverty_pct": 73.1, "median_household_income_moe": null, "population_moe": 650.0 }, "geometry": { "type": "Polygon", "coordinates": [ [ [ -122.260931, 37.865732 ], [ -122.258684, 37.866022 ], [ -122.258976, 37.867824 ], [ -122.259197, 37.86872 ], [ -122.254588, 37.869321 ], [ -122.254223, 37.866931 ], [ -122.253954, 37.865737 ], [ -122.260741, 37.864843 ], [ -122.260931, 37.865732 ] ] ] } },
{ "type": "Feature", "properties": { "GEOID": "060014228003", "ALAND": 82128, "AWATER": 0, "population": 996.0, "households": 377.0, "owner_households": 0.0, "renter_households": 377.0, "renter_household_pct": 100.0, "residents_owner_occupied": 0.0, "residents_renter_occupied": 910.0, "median_household_income": null, "per_capita_income": 26640.0, "hh_income_under_50k": 202.0, "hh_income_50k_100k": 121.0, "hh_income_100k_200k": 54.0, "hh_income_200k_plus": 0.0, "age_under_18": 0.0, "age_18_24": 670.0, "age_25_34": 199.0, "age_35_64": 95.0, "age_65_plus": 32.0, "households_no_vehicle": 297.0, "no_vehicle_pct": 78.8, "vehicles_available_min": 134.0, "median_gross_rent": 1638.0, "median_home_value": null, "rent_burdened_30pct": 66.5, "rent_burdened_50pct": 27.2, "workers": 308.0, "commute_drive_alone_pct": 10.7, "commute_carpool_pct": 0.0, "commute_transit_pct": 4.5, "commute_bicycle_pct": 0.0, "commute_walk_pct": 24.4, "commute_work_from_home_pct": 49.0, "housing_units": 377.0, "vacant_units": 0.0, "units_1_detached_pct": 0.0, "units_1_attached_pct": 2.9, "units_2_4_pct": 8.8, "units_5_19_pct": 49.3, "units_20_plus_pct": 39.0, "built_before_1940_pct": 33.2, "built_2010_or_later_pct": 23.3, "hispanic_pct": 10.6, "white_nh_pct": 20.7, "black_nh_pct": 5.4, "asian_nh_pct": 61.5, "bachelors_or_higher_pct": 58.9, "below_poverty_pct": 50.2, "median_household_income_moe": null, "population_moe": 377.0 }, "geometry": { "type": "Polygon", "coordinates": [ [ [ -122.26599, 37.867834 ], [ -122.261482, 37.868439 ], [ -122.261103, 37.866634 ], [ -122.265657, 37.866056 ], [ -122.265879, 37.867063 ], [ -122.26599, 37.867834 ] ] ] } },
{ "type": "Feature", "properties": { "GEOID": "060014230001", "ALAND": 244945, "AWATER": 0, "population": 1612.0, "households": 843.0, "owner_households": 254.0, "renter_households": 589.0, "renter_household_pct": 69.9, "residents_owner_occupied": 375.0, "residents_renter_occupied": 1145.0, "median_household_income": 63672.0, "per_capita_income": 70332.0, "hh_income_under_50k": 314.0, "hh_income_50k_100k": 184.0, "hh_income_100k_200k": 120.0, "hh_income_200k_plus": 225.0, "age_under_18": 140.0, "age_18_24": 422.0, "age_25_34": 276.0, "age_35_64": 434.0, "age_65_plus": 340.0, "households_no_vehicle": 172.0, "no_vehicle_pct": 20.4, "vehicles_available_min": 840.0, "median_gross_rent": 1853.0, "median_home_value": 816300.0, "rent_burdened_30pct": 65.0, "rent_burdened_50pct": 46.1, "workers": 957.0, "commute_drive_alone_pct": 23.9, "commute_carpool_pct": 3.9, "commute_transit_pct": 7.8, "commute_bicycle_pct": 1.6, "commute_walk_pct": 25.7, "commute_work_from_home_pct": 37.0, "housing_units": 917.0, "vacant_units": 74.0, "units_1_detached_pct": 30.5, "units_1_attached_pct": 0.0, "units_2_4_pct": 10.5, "units_5_19_pct": 37.4, "units_20_plus_pct": 21.6, "built_before_1940_pct": 53.5, "built_2010_or_later_pct": 25.0, "hispanic_pct": 12.9, "white_nh_pct": 58.1, "black_nh_pct": 2.4, "asian_nh_pct": 19.2, "bachelors_or_higher_pct": 73.5, "below_poverty_pct": 25.9, "median_household_income_moe": 61441.0, "population_moe": 398.0 }, "geometry": { "type": "Polygon", "coordinates": [ [ [ -122.28204, 37.870353 ], [ -122.273067, 37.871512 ], [ -122.272763, 37.868784 ], [ -122.279503, 37.867917 ], [ -122.281783, 37.867382 ], [ -122.28204, 37.870353 ] ] ] } },
{ "type": "Feature", "properties": { "GEOID": "060014230002", "ALAND": 241747, "AWATER": 0, "population": 1732.0, "households": 687.0, "owner_households": 244.0, "renter_households": 443.0, "renter_household_pct": 64.5, "residents_owner_occupied": 742.0, "residents_renter_occupied": 990.0, "median_household_income": 141336.0, "per_capita_income": 85862.0, "hh_income_under_50k": 137.0, "hh_income_50k_100k": 85.0, "hh_income_100k_200k": 178.0, "hh_income_200k_plus": 287.0, "age_under_18": 106.0, "age_18_24": 133.0, "age_25_34": 303.0, "age_35_64": 931.0, "age_65_plus": 259.0, "households_no_vehicle": 56.0, "no_vehicle_pct": 8.2, "vehicles_available_min": 1002.0, "median_gross_rent": 2520.0, "median_home_value": 1650000.0, "rent_burdened_30pct": 41.1, "rent_burdened_50pct": 23.3, "workers": 1158.0, "commute_drive_alone_pct": 4.6, "commute_carpool_pct": 0.0, "commute_transit_pct": 7.5, "commute_bicycle_pct": 3.0, "commute_walk_pct": 6.0, "commute_work_from_home_pct": 78.9, "housing_units": 757.0, "vacant_units": 70.0, "units_1_detached_pct": 34.1, "units_1_attached_pct": 3.4, "units_2_4_pct": 27.9, "units_5_19_pct": 31.4, "units_20_plus_pct": 0.9, "built_before_1940_pct": 59.2, "built_2010_or_later_pct": 2.2, "hispanic_pct": 4.2, "white_nh_pct": 57.6, "black_nh_pct": 7.0, "asian_nh_pct": 26.1, "bachelors_or_higher_pct": 87.2, "below_poverty_pct": 8.3, "median_household_income_moe": 96089.0, "population_moe": 883.0 }, "geometry": { "type": "Polygon", "coordinates": [ [ [ -122.277251, 37.868221 ], [ -122.272763, 37.868784 ], [ -122.272161, 37.863352 ], [ -122.276574, 37.862791 ], [ -122.276636, 37.862846 ], [ -122.276684, 37.862956 ], [ -122.277251, 37.868221 ] ] ] } },
{ "type": "Feature", "properties": { "GEOID": "060014230003", "ALAND": 243391, "AWATER": 0, "population": 1134.0, "households": 493.0, "owner_households": 344.0, "renter_households": 149.0, "renter_household_pct": 30.2, "residents_owner_occupied": 879.0, "residents_renter_occupied": 255.0, "median_household_income": 142852.0, "per_capita_income": 83829.0, "hh_income_under_50k": 62.0, "hh_income_50k_100k": 162.0, "hh_income_100k_200k": 113.0, "hh_income_200k_plus": 156.0, "age_under_18": 216.0, "age_18_24": 86.0, "age_25_34": 181.0, "age_35_64": 510.0, "age_65_plus": 141.0, "households_no_vehicle": 33.0, "no_vehicle_pct": 6.7, "vehicles_available_min": 697.0, "median_gross_rent": 2634.0, "median_home_value": 1381800.0, "rent_burdened_30pct": 52.6, "rent_burdened_50pct": 33.3, "workers": 543.0, "commute_drive_alone_pct": 11.6, "commute_carpool_pct": 4.4, "commute_transit_pct": 14.2, "commute_bicycle_pct": 4.4, "commute_walk_pct": 7.0, "commute_work_from_home_pct": 58.4, "housing_units": 548.0, "vacant_units": 55.0, "units_1_detached_pct": 64.2, "units_1_attached_pct": 1.1, "units_2_4_pct": 30.3, "units_5_19_pct": 4.4, "units_20_plus_pct": 0.0, "built_before_1940_pct": 38.3, "built_2010_or_later_pct": 0.0, "hispanic_pct": 6.7, "white_nh_pct": 76.8, "black_nh_pct": 6.3, "asian_nh_pct": 3.7, "bachelors_or_higher_pct": 80.3, "below_poverty_pct": 7.2, "median_household_income_moe": 103427.0, "population_moe": 292.0 }, "geometry": { "type": "Polygon", "coordinates": [ [ [ -122.281783, 37.867382 ], [ -122.279503, 37.867917 ], [ -122.277251, 37.868221 ], [ -122.276684, 37.862956 ], [ -122.276574, 37.862791 ], [ -122.281226, 37.862205 ], [ -122.281783, 37.867382 ] ] ] } },
{ "type": "Feature", "properties": { "GEOID": "060014231001", "ALAND": 275930, "AWATER": 0, "population": 1717.0, "households": 744.0, "owner_households": 236.0, "renter_households": 508.0, "renter_household_pct": 68.3, "residents_owner_occupied": 628.0, "residents_renter_occupied": 946.0, "median_household_income": 53830.0, "per_capita_income": 50490.0, "hh_income_under_50k": 327.0, "hh_income_50k_100k": 174.0, "hh_income_100k_200k": 85.0, "hh_income_200k_plus": 158.0, "age_under_18": 270.0, "age_18_24": 190.0, "age_25_34": 196.0, "age_35_64": 649.0, "age_65_plus": 412.0, "households_no_vehicle": 220.0, "no_vehicle_pct": 29.6, "vehicles_available_min": 760.0, "median_gross_rent": 1648.0, "median_home_value": 1218300.0, "rent_burdened_30pct": 73.5, "rent_burdened_50pct": 40.2, "workers": 722.0, "commute_drive_alone_pct": 27.4, "commute_carpool_pct": 2.6, "commute_transit_pct": 14.7, "commute_bicycle_pct": 5.8, "commute_walk_pct": 21.7, "commute_work_from_home_pct": 26.3, "housing_units": 864.0, "vacant_units": 120.0, "units_1_detached_pct": 22.7, "units_1_attached_pct": 2.1, "units_2_4_pct": 11.7, "units_5_19_pct": 13.7, "units_20_plus_pct": 48.6, "built_before_1940_pct": 42.5, "built_2010_or_later_pct": 11.3, "hispanic_pct": 5.4, "white_nh_pct": 41.5, "black_nh_pct": 11.3, "asian_nh_pct": 21.3, "bachelors_or_higher_pct": 63.1, "below_poverty_pct": 19.2, "median_household_income_moe": 12954.0, "population_moe": 370.0 }, "geometry": { "type": "Polygon", "coordinates": [ [ [ -122.292226, 37.869042 ], [ -122.28204, 37.870353 ], [ -122.281783, 37.867382 ], [ -122.285795, 37.866836 ], [ -122.285984, 37.866878 ], [ -122.286039, 37.867094 ], [ -122.286172, 37.86714 ], [ -122.286547, 37.867021 ], [ -122.291346, 37.866392 ], [ -122.292226, 37.869042 ] ] ] } },
{ "type": "Feature", "properties": { "GEOID": "060014231003", "ALAND": 161123, "AWATER": 0, "population": 1140.0, "households": 622.0, "owner_households": 205.0, "renter_households": 417.0, "renter_household_pct": 67.0, "residents_owner_occupied": 303.0, "residents_renter_occupied": 837.0, "median_household_income": 50176.0, "per_capita_income": 49185.0, "hh_income_under_50k": 305.0, "hh_income_50k_100k": 161.0, "hh_income_100k_200k": 84.0, "hh_income_200k_plus": 72.0, "age_under_18": 258.0, "age_18_24": 111.0, "age_25_34": 47.0, "age_35_64": 345.0, "age_65_plus": 379.0, "households_no_vehicle": 266.0, "no_vehicle_pct": 42.8, "vehicles_available_min": 508.0, "median_gross_rent": 2623.0, "median_home_value": 1123000.0, "rent_burdened_30pct": 87.0, "rent_burdened_50pct": 77.3, "workers": 452.0, "commute_drive_alone_pct": 9.1, "commute_carpool_pct": 1.5, "commute_transit_pct": 28.1, "commute_bicycle_pct": 5.3, "commute_walk_pct": 8.4, "commute_work_from_home_pct": 47.6, "housing_units": 622.0, "vacant_units": 0.0, "units_1_detached_pct": 40.7, "units_1_attached_pct": 15.1, "units_2_4_pct": 39.1, "units_5_19_pct": 5.1, "units_20_plus_pct": 0.0, "built_before_1940_pct": 40.8, "built_2010_or_later_pct": 0.8, "hispanic_pct": 19.0, "white_nh_pct": 23.8, "black_nh_pct": 40.5, "asian_nh_pct": 11.4, "bachelors_or_higher_pct": 43.8, "below_poverty_pct": 17.5, "median_household_income_moe": 31519.0, "population_moe": 520.0 }, "geometry": { "type": "Polygon", "coordinates": [ [ [ -122.290776, 37.864633 ], [ -122.28162, 37.865817 ], [ -122.281438, 37.864011 ], [ -122.290205, 37.862863 ], [ -122.290776, 37.864633 ] ] ] } },
{ "type": "Feature", "properties": { "GEOID": "060014231004", "ALAND": 154005, "AWATER": 0, "population": 756.0, "households": 382.0, "owner_households": 224.0, "renter_households": 158.0, "renter_household_pct": 41.4, "residents_owner_occupied": 471.0, "residents_renter_occupied": 285.0, "median_household_income": 127917.0, "per_capita_income": 93594.0, "hh_income_under_50k": 118.0, "hh_income_50k_100k": 70.0, "hh_income_100k_200k": 111.0, "hh_income_200k_plus": 83.0, "age_under_18": 96.0, "age_18_24": 31.0, "age_25_34": 125.0, "age_35_64": 379.0, "age_65_plus": 125.0, "households_no_vehicle": 53.0, "no_vehicle_pct": 13.9, "vehicles_available_min": 459.0, "median_gross_rent": 1947.0, "median_home_value": 1186300.0, "rent_burdened_30pct": 46.8, "rent_burdened_50pct": 42.2, "workers": 348.0, "commute_drive_alone_pct": 34.2, "commute_carpool_pct": 0.0, "commute_transit_pct": 2.0, "commute_bicycle_pct": 2.0, "commute_walk_pct": 8.9, "commute_work_from_home_pct": 35.3, "housing_units": 392.0, "vacant_units": 10.0, "units_1_detached_pct": 64.3, "units_1_attached_pct": 0.0, "units_2_4_pct": 15.3, "units_5_19_pct": 17.1, "units_20_plus_pct": 3.3, "built_before_1940_pct": 55.6, "built_2010_or_later_pct": 0.0, "hispanic_pct": 6.1, "white_nh_pct": 50.9, "black_nh_pct": 28.2, "asian_nh_pct": 13.4, "bachelors_or_higher_pct": 66.8, "below_poverty_pct": 20.0, "median_household_income_moe": 123877.0, "population_moe": 197.0 }, "geometry": { "type": "Polygon", "coordinates": [ [ [ -122.290205, 37.862863 ], [ -122.281438, 37.864011 ], [ -122.281226, 37.862205 ], [ -122.289651, 37.861104 ], [ -122.290205, 37.862863 ] ] ] } },
{ "type": "Feature", "properties": { "GEOID": "060014232001", "ALAND": 234484, "AWATER": 0, "population": 1519.0, "households": 565.0, "owner_households": 214.0, "renter_households": 351.0, "renter_household_pct": 62.1, "residents_owner_occupied": 637.0, "residents_renter_occupied": 797.0, "median_household_income": null, "per_capita_income": 54211.0, "hh_income_under_50k": 280.0, "hh_income_50k_100k": 65.0, "hh_income_100k_200k": 91.0, "hh_income_200k_plus": 129.0, "age_under_18": 183.0, "age_18_24": 333.0, "age_25_34": 233.0, "age_35_64": 618.0, "age_65_plus": 152.0, "households_no_vehicle": 232.0, "no_vehicle_pct": 41.1, "vehicles_available_min": 718.0, "median_gross_rent": 1663.0, "median_home_value": 1182900.0, "rent_burdened_30pct": 45.0, "rent_burdened_50pct": 30.9, "workers": 509.0, "commute_drive_alone_pct": 26.1, "commute_carpool_pct": 0.0, "commute_transit_pct": 16.7, "commute_bicycle_pct": 8.4, "commute_walk_pct": 3.7, "commute_work_from_home_pct": 45.0, "housing_units": 620.0, "vacant_units": 55.0, "units_1_detached_pct": 39.4, "units_1_attached_pct": 1.5, "units_2_4_pct": 7.9, "units_5_19_pct": 3.5, "units_20_plus_pct": 47.7, "built_before_1940_pct": 41.9, "built_2010_or_later_pct": 5.6, "hispanic_pct": 35.0, "white_nh_pct": 22.1, "black_nh_pct": 25.0, "asian_nh_pct": 9.0, "bachelors_or_higher_pct": 47.5, "below_poverty_pct": 24.9, "median_household_income_moe": null, "population_moe": 480.0 }, "geometry": { "type": "Polygon", "coordinates": [ [ [ -122.297751, 37.867937 ], [ -122.292226, 37.869042 ], [ -122.290776, 37.864633 ], [ -122.29499, 37.863757 ], [ -122.295189, 37.863772 ], [ -122.295281, 37.863921 ], [ -122.295806, 37.865497 ], [ -122.296853, 37.865282 ], [ -122.297751, 37.867937 ] ] ] } },
{ "type": "Feature", "properties": { "GEOID": "060014232002", "ALAND": 222294, "AWATER": 0, "population": 1530.0, "households": 614.0, "owner_households": 125.0, "renter_households": 489.0, "renter_household_pct": 79.6, "residents_owner_occupied": 410.0, "residents_renter_occupied": 1118.0, "median_household_income": 61750.0, "per_capita_income": 36643.0, "hh_income_under_50k": 234.0, "hh_income_50k_100k": 202.0, "hh_income_100k_200k": 118.0, "hh_income_200k_plus": 60.0, "age_under_18": 311.0, "age_18_24": 174.0, "age_25_34": 211.0, "age_35_64": 606.0, "age_65_plus": 228.0, "households_no_vehicle": 24.0, "no_vehicle_pct": 3.9, "vehicles_available_min": 975.0, "median_gross_rent": 2226.0, "median_home_value": 1379500.0, "rent_burdened_30pct": 73.6, "rent_burdened_50pct": 36.6, "workers": 619.0, "commute_drive_alone_pct": 49.4, "commute_carpool_pct": 5.2, "commute_transit_pct": 3.4, "commute_bicycle_pct": 3.6, "commute_walk_pct": 1.8, "commute_work_from_home_pct": 36.7, "housing_units": 704.0, "vacant_units": 90.0, "units_1_detached_pct": 25.1, "units_1_attached_pct": 4.0, "units_2_4_pct": 49.3, "units_5_19_pct": 21.6, "units_20_plus_pct": 0.0, "built_before_1940_pct": 28.0, "built_2010_or_later_pct": 0.0, "hispanic_pct": 56.7, "white_nh_pct": 29.2, "black_nh_pct": 7.8, "asian_nh_pct": 5.8, "bachelors_or_higher_pct": 53.7, "below_poverty_pct": 32.7, "median_household_income_moe": 16812.0, "population_moe": 410.0 }, "geometry": { "type": "Polygon", "coordinates": [ [ [ -122.296853, 37.865282 ], [ -122.295806, 37.865497 ], [ -122.295281, 37.863921 ], [ -122.295216, 37.863799 ], [ -122.295112, 37.863751 ], [ -122.290776, 37.864633 ], [ -122.289651, 37.861104 ], [ -122.293719, 37.860243 ], [ -122.295163, 37.860002 ], [ -122.295528, 37.861038 ], [ -122.296853, 37.865282 ] ] ] } },
{ "type": "Feature", "properties": { "GEOID": "060014233001", "ALAND": 222796, "AWATER": 0, "population": 1231.0, "households": 480.0, "owner_households": 329.0, "renter_households": 151.0, "renter_household_pct": 31.5, "residents_owner_occupied": 813.0, "residents_renter_occupied": 418.0, "median_household_income": 117656.0, "per_capita_income": 62501.0, "hh_income_under_50k": 116.0, "hh_income_50k_100k": 106.0, "hh_income_100k_200k": 95.0, "hh_income_200k_plus": 163.0, "age_under_18": 223.0, "age_18_24": 66.0, "age_25_34": 238.0, "age_35_64": 501.0, "age_65_plus": 203.0, "households_no_vehicle": 17.0, "no_vehicle_pct": 3.5, "vehicles_available_min": 681.0, "median_gross_rent": 1948.0, "median_home_value": 1114400.0, "rent_burdened_30pct": 50.3, "rent_burdened_50pct": 45.7, "workers": 664.0, "commute_drive_alone_pct": 31.5, "commute_carpool_pct": 2.6, "commute_transit_pct": 10.8, "commute_bicycle_pct": 11.7, "commute_walk_pct": 5.7, "commute_work_from_home_pct": 37.7, "housing_units": 517.0, "vacant_units": 37.0, "units_1_detached_pct": 73.7, "units_1_attached_pct": 4.3, "units_2_4_pct": 15.9, "units_5_19_pct": 4.3, "units_20_plus_pct": 1.9, "built_before_1940_pct": 59.2, "built_2010_or_later_pct": 2.1, "hispanic_pct": 21.6, "white_nh_pct": 51.2, "black_nh_pct": 10.3, "asian_nh_pct": 3.4, "bachelors_or_higher_pct": 57.7, "below_poverty_pct": 14.5, "median_household_income_moe": 45687.0, "population_moe": 317.0 }, "geometry": { "type": "Polygon", "coordinates": [ [ [ -122.289651, 37.861104 ], [ -122.281226, 37.862205 ], [ -122.281089, 37.861753 ], [ -122.280736, 37.860994 ], [ -122.280448, 37.859606 ], [ -122.288793, 37.858508 ], [ -122.289651, 37.861104 ] ] ] } },
{ "type": "Feature", "properties": { "GEOID": "060014233002", "ALAND": 248373, "AWATER": 0, "population": 1250.0, "households": 504.0, "owner_households": 211.0, "renter_households": 293.0, "renter_household_pct": 58.1, "residents_owner_occupied": 540.0, "residents_renter_occupied": 710.0, "median_household_income": 71417.0, "per_capita_income": 54058.0, "hh_income_under_50k": 199.0, "hh_income_50k_100k": 119.0, "hh_income_100k_200k": 71.0, "hh_income_200k_plus": 115.0, "age_under_18": 290.0, "age_18_24": 107.0, "age_25_34": 87.0, "age_35_64": 498.0, "age_65_plus": 268.0, "households_no_vehicle": 95.0, "no_vehicle_pct": 18.8, "vehicles_available_min": 707.0, "median_gross_rent": 2110.0, "median_home_value": 1129700.0, "rent_burdened_30pct": 60.4, "rent_burdened_50pct": 32.5, "workers": 579.0, "commute_drive_alone_pct": 36.4, "commute_carpool_pct": 7.4, "commute_transit_pct": 7.9, "commute_bicycle_pct": 8.5, "commute_walk_pct": 3.5, "commute_work_from_home_pct": 27.8, "housing_units": 558.0, "vacant_units": 54.0, "units_1_detached_pct": 55.9, "units_1_attached_pct": 2.7, "units_2_4_pct": 32.3, "units_5_19_pct": 9.1, "units_20_plus_pct": 0.0, "built_before_1940_pct": 38.0, "built_2010_or_later_pct": 8.6, "hispanic_pct": 15.0, "white_nh_pct": 43.8, "black_nh_pct": 20.7, "asian_nh_pct": 7.7, "bachelors_or_higher_pct": 50.5, "below_poverty_pct": 27.0, "median_household_income_moe": 27896.0, "population_moe": 464.0 }, "geometry": { "type": "Polygon", "coordinates": [ [ [ -122.288793, 37.858508 ], [ -122.280448, 37.859606 ], [ -122.279121, 37.853287 ], [ -122.281433, 37.85319 ], [ -122.281694, 37.854382 ], [ -122.281921, 37.854611 ], [ -122.281967, 37.854728 ], [ -122.282521, 37.857456 ], [ -122.282579, 37.857542 ], [ -122.282707, 37.857568 ], [ -122.283974, 37.857424 ], [ -122.288257, 37.856849 ], [ -122.288793, 37.858508 ] ] ] } },
{ "type": "Feature", "properties": { "GEOID": "060014233003", "ALAND": 255456, "AWATER": 0, "population": 1142.0, "households": 492.0, "owner_households": 289.0, "renter_households": 203.0, "renter_household_pct": 41.3, "residents_owner_occupied": 657.0, "residents_renter_occupied": 485.0, "median_household_income": 129702.0, "per_capita_income": 71690.0, "hh_income_under_50k": 142.0, "hh_income_50k_100k": 34.0, "hh_income_100k_200k": 124.0, "hh_income_200k_plus": 192.0, "age_under_18": 137.0, "age_18_24": 42.0, "age_25_34": 248.0, "age_35_64": 570.0, "age_65_plus": 145.0, "households_no_vehicle": 141.0, "no_vehicle_pct": 28.7, "vehicles_available_min": 499.0, "median_gross_rent": 2215.0, "median_home_value": 1082500.0, "rent_burdened_30pct": 41.8, "rent_burdened_50pct": 24.3, "workers": 680.0, "commute_drive_alone_pct": 32.1, "commute_carpool_pct": 0.0, "commute_transit_pct": 9.7, "commute_bicycle_pct": 12.9, "commute_walk_pct": 4.7, "commute_work_from_home_pct": 40.6, "housing_units": 655.0, "vacant_units": 163.0, "units_1_detached_pct": 43.4, "units_1_attached_pct": 12.5, "units_2_4_pct": 29.5, "units_5_19_pct": 11.3, "units_20_plus_pct": 3.4, "built_before_1940_pct": 52.1, "built_2010_or_later_pct": 5.3, "hispanic_pct": 6.0, "white_nh_pct": 45.0, "black_nh_pct": 28.5, "asian_nh_pct": 11.4, "bachelors_or_higher_pct": 54.6, "below_poverty_pct": 8.8, "median_household_income_moe": 22839.0, "population_moe": 305.0 }, "geometry": { "type": "Polygon", "coordinates": [ [ [ -122.288257, 37.856849 ], [ -122.283974, 37.857424 ], [ -122.282707, 37.857568 ], [ -122.282579, 37.857542 ], [ -122.282521, 37.857456 ], [ -122.281967, 37.854728 ], [ -122.281921, 37.854611 ], [ -122.281694, 37.854382 ], [ -122.281433, 37.85319 ], [ -122.286654, 37.852166 ], [ -122.286794, 37.852178 ], [ -122.288257, 37.856849 ] ] ] } },
{ "type": "Feature", "properties": { "GEOID": "060014234002", "ALAND": 151587, "AWATER": 0, "population": 882.0, "households": 344.0, "owner_households": 166.0, "renter_households": 178.0, "renter_household_pct": 51.7, "residents_owner_occupied": 538.0, "residents_renter_occupied": 344.0, "median_household_income": 226786.0, "per_capita_income": 106104.0, "hh_income_under_50k": 19.0, "hh_income_50k_100k": 45.0, "hh_income_100k_200k": 63.0, "hh_income_200k_plus": 217.0, "age_under_18": 76.0, "age_18_24": 89.0, "age_25_34": 421.0, "age_35_64": 189.0, "age_65_plus": 107.0, "households_no_vehicle": 21.0, "no_vehicle_pct": 6.1, "vehicles_available_min": 465.0, "median_gross_rent": 2094.0, "median_home_value": 1867200.0, "rent_burdened_30pct": 11.4, "rent_burdened_50pct": 0.0, "workers": 667.0, "commute_drive_alone_pct": 36.4, "commute_carpool_pct": 0.0, "commute_transit_pct": 13.0, "commute_bicycle_pct": 0.0, "commute_walk_pct": 0.0, "commute_work_from_home_pct": 48.9, "housing_units": 381.0, "vacant_units": 37.0, "units_1_detached_pct": 60.1, "units_1_attached_pct": 0.0, "units_2_4_pct": 8.7, "units_5_19_pct": 24.1, "units_20_plus_pct": 7.1, "built_before_1940_pct": 57.2, "built_2010_or_later_pct": 0.0, "hispanic_pct": 11.0, "white_nh_pct": 45.1, "black_nh_pct": 19.0, "asian_nh_pct": 17.3, "bachelors_or_higher_pct": 63.2, "below_poverty_pct": 1.4, "median_household_income_moe": 70414.0, "population_moe": 505.0 }, "geometry": { "type": "Polygon", "coordinates": [ [ [ -122.280631, 37.860486 ], [ -122.275074, 37.861207 ], [ -122.274569, 37.861204 ], [ -122.273908, 37.861274 ], [ -122.271951, 37.86156 ], [ -122.271762, 37.859769 ], [ -122.28027, 37.858729 ], [ -122.280631, 37.860486 ] ] ] } },
{ "type": "Feature", "properties": { "GEOID": "060014234003", "ALAND": 225012, "AWATER": 0, "population": 1417.0, "households": 444.0, "owner_households": 228.0, "renter_households": 216.0, "renter_household_pct": 48.6, "residents_owner_occupied": 670.0, "residents_renter_occupied": 747.0, "median_household_income": 169286.0, "per_capita_income": 71482.0, "hh_income_under_50k": 37.0, "hh_income_50k_100k": 83.0, "hh_income_100k_200k": 121.0, "hh_income_200k_plus": 203.0, "age_under_18": 223.0, "age_18_24": 0.0, "age_25_34": 656.0, "age_35_64": 417.0, "age_65_plus": 121.0, "households_no_vehicle": 56.0, "no_vehicle_pct": 12.6, "vehicles_available_min": 876.0, "median_gross_rent": 3129.0, "median_home_value": 1450000.0, "rent_burdened_30pct": 35.2, "rent_burdened_50pct": 6.9, "workers": 975.0, "commute_drive_alone_pct": 18.2, "commute_carpool_pct": 0.0, "commute_transit_pct": 16.2, "commute_bicycle_pct": 29.3, "commute_walk_pct": 0.7, "commute_work_from_home_pct": 35.6, "housing_units": 550.0, "vacant_units": 106.0, "units_1_detached_pct": 42.2, "units_1_attached_pct": 0.0, "units_2_4_pct": 46.7, "units_5_19_pct": 11.1, "units_20_plus_pct": 0.0, "built_before_1940_pct": 51.8, "built_2010_or_later_pct": 7.5, "hispanic_pct": 8.9, "white_nh_pct": 54.6, "black_nh_pct": 7.5, "asian_nh_pct": 12.5, "bachelors_or_higher_pct": 87.6, "below_poverty_pct": 5.0, "median_household_income_moe": 82570.0, "population_moe": 586.0 }, "geometry": { "type": "Polygon", "coordinates": [ [ [ -122.28027, 37.858729 ], [ -122.271762, 37.859769 ], [ -122.271466, 37.857052 ], [ -122.279698, 37.856035 ], [ -122.28027, 37.858729 ] ] ] } },
{ "type": "Feature", "properties": { "GEOID": "060014234004", "ALAND": 223106, "AWATER": 0, "population": 1803.0, "households": 649.0, "owner_households": 362.0, "renter_households": 287.0, "renter_household_pct": 44.2, "residents_owner_occupied": 917.0, "residents_renter_occupied": 850.0, "median_household_income": null, "per_capita_income": 58065.0, "hh_income_under_50k": 162.0, "hh_income_50k_100k": 225.0, "hh_income_100k_200k": 26.0, "hh_income_200k_plus": 236.0, "age_under_18": 475.0, "age_18_24": 149.0, "age_25_34": 142.0, "age_35_64": 913.0, "age_65_plus": 124.0, "households_no_vehicle": 155.0, "no_vehicle_pct": 23.9, "vehicles_available_min": 919.0, "median_gross_rent": 2556.0, "median_home_value": 1316500.0, "rent_burdened_30pct": 88.5, "rent_burdened_50pct": 44.6, "workers": 841.0, "commute_drive_alone_pct": 66.3, "commute_carpool_pct": 0.0, "commute_transit_pct": 8.8, "commute_bicycle_pct": 0.7, "commute_walk_pct": 5.9, "commute_work_from_home_pct": 18.2, "housing_units": 776.0, "vacant_units": 127.0, "units_1_detached_pct": 41.2, "units_1_attached_pct": 0.0, "units_2_4_pct": 15.2, "units_5_19_pct": 38.8, "units_20_plus_pct": 4.8, "built_before_1940_pct": 27.4, "built_2010_or_later_pct": 4.8, "hispanic_pct": 43.3, "white_nh_pct": 30.7, "black_nh_pct": 18.1, "asian_nh_pct": 6.8, "bachelors_or_higher_pct": 57.8, "below_poverty_pct": 37.8, "median_household_income_moe": null, "population_moe": 623.0 }, "geometry": { "type": "Polygon", "coordinates": [ [ [ -122.279698, 37.856035 ], [ -122.271466, 37.857052 ], [ -122.271161, 37.854268 ], [ -122.279121, 37.853287 ], [ -122.279698, 37.856035 ] ] ] } },
{ "type": "Feature", "properties": { "GEOID": "060014235001", "ALAND": 253711, "AWATER": 0, "population": 1554.0, "households": 683.0, "owner_households": 154.0, "renter_households": 529.0, "renter_household_pct": 77.5, "residents_owner_occupied": 387.0, "residents_renter_occupied": 1074.0, "median_household_income": 87177.0, "per_capita_income": 67966.0, "hh_income_under_50k": 182.0, "hh_income_50k_100k": 199.0, "hh_income_100k_200k": 157.0, "hh_income_200k_plus": 145.0, "age_under_18": 288.0, "age_18_24": 270.0, "age_25_34": 290.0, "age_35_64": 452.0, "age_65_plus": 254.0, "households_no_vehicle": 168.0, "no_vehicle_pct": 24.6, "vehicles_available_min": 570.0, "median_gross_rent": 2153.0, "median_home_value": 1026300.0, "rent_burdened_30pct": 52.6, "rent_burdened_50pct": 33.1, "workers": 715.0, "commute_drive_alone_pct": 20.4, "commute_carpool_pct": 10.6, "commute_transit_pct": 12.2, "commute_bicycle_pct": 5.9, "commute_walk_pct": 10.3, "commute_work_from_home_pct": 29.4, "housing_units": 762.0, "vacant_units": 79.0, "units_1_detached_pct": 17.3, "units_1_attached_pct": 1.2, "units_2_4_pct": 21.7, "units_5_19_pct": 32.4, "units_20_plus_pct": 27.4, "built_before_1940_pct": 31.9, "built_2010_or_later_pct": 24.7, "hispanic_pct": 19.5, "white_nh_pct": 42.7, "black_nh_pct": 10.1, "asian_nh_pct": 12.9, "bachelors_or_higher_pct": 61.6, "below_poverty_pct": 14.3, "median_household_income_moe": 27607.0, "population_moe": 417.0 }, "geometry": { "type": "Polygon", "coordinates": [ [ [ -122.272161, 37.863352 ], [ -122.265277, 37.864265 ], [ -122.264519, 37.860682 ], [ -122.269915, 37.859971 ], [ -122.271762, 37.859769 ], [ -122.272161, 37.863352 ] ] ] } },
{ "type": "Feature", "properties": { "GEOID": "060014235002", "ALAND": 198116, "AWATER": 0, "population": 911.0, "households": 337.0, "owner_households": 120.0, "renter_households": 217.0, "renter_household_pct": 64.4, "residents_owner_occupied": 341.0, "residents_renter_occupied": 555.0, "median_household_income": 156094.0, "per_capita_income": 67869.0, "hh_income_under_50k": 77.0, "hh_income_50k_100k": 45.0, "hh_income_100k_200k": 85.0, "hh_income_200k_plus": 130.0, "age_under_18": 150.0, "age_18_24": 76.0, "age_25_34": 305.0, "age_35_64": 274.0, "age_65_plus": 106.0, "households_no_vehicle": 58.0, "no_vehicle_pct": 17.2, "vehicles_available_min": 487.0, "median_gross_rent": 2209.0, "median_home_value": 1135700.0, "rent_burdened_30pct": 51.8, "rent_burdened_50pct": 9.9, "workers": 529.0, "commute_drive_alone_pct": 31.4, "commute_carpool_pct": 8.1, "commute_transit_pct": 15.9, "commute_bicycle_pct": 13.2, "commute_walk_pct": 10.0, "commute_work_from_home_pct": 17.2, "housing_units": 365.0, "vacant_units": 28.0, "units_1_detached_pct": 37.5, "units_1_attached_pct": 13.7, "units_2_4_pct": 28.8, "units_5_19_pct": 16.2, "units_20_plus_pct": 3.8, "built_before_1940_pct": 66.6, "built_2010_or_later_pct": 6.0, "hispanic_pct": 20.7, "white_nh_pct": 59.1, "black_nh_pct": 1.1, "asian_nh_pct": 13.1, "bachelors_or_higher_pct": 75.0, "below_poverty_pct": 13.2, "median_household_income_moe": 67588.0, "population_moe": 237.0 }, "geometry": { "type": "Polygon", "coordinates": [ [ [ -122.271762, 37.859769 ], [ -122.269915, 37.859971 ], [ -122.264519, 37.860682 ], [ -122.263968, 37.858017 ], [ -122.271466, 37.857052 ], [ -122.271762, 37.859769 ] ] ] } },
{ "type": "Feature", "properties": { "GEOID": "060014235003", "ALAND": 183917, "AWATER": 0, "population": 1303.0, "households": 567.0, "owner_households": 214.0, "renter_households": 353.0, "renter_household_pct": 62.3, "residents_owner_occupied": 536.0, "residents_renter_occupied": 703.0, "median_household_income": 104567.0, "per_capita_income": 64576.0, "hh_income_under_50k": 176.0, "hh_income_50k_100k": 86.0, "hh_income_100k_200k": 181.0, "hh_income_200k_plus": 124.0, "age_under_18": 76.0, "age_18_24": 153.0, "age_25_34": 390.0, "age_35_64": 384.0, "age_65_plus": 300.0, "households_no_vehicle": 120.0, "no_vehicle_pct": 21.2, "vehicles_available_min": 750.0, "median_gross_rent": 1809.0, "median_home_value": 1230800.0, "rent_burdened_30pct": 60.1, "rent_burdened_50pct": 13.9, "workers": 853.0, "commute_drive_alone_pct": 36.0, "commute_carpool_pct": 9.0, "commute_transit_pct": 9.3, "commute_bicycle_pct": 10.0, "commute_walk_pct": 3.8, "commute_work_from_home_pct": 32.0, "housing_units": 567.0, "vacant_units": 0.0, "units_1_detached_pct": 40.4, "units_1_attached_pct": 0.9, "units_2_4_pct": 29.6, "units_5_19_pct": 15.9, "units_20_plus_pct": 13.2, "built_before_1940_pct": 47.6, "built_2010_or_later_pct": 6.9, "hispanic_pct": 10.6, "white_nh_pct": 69.5, "black_nh_pct": 11.1, "asian_nh_pct": 5.4, "bachelors_or_higher_pct": 77.4, "below_poverty_pct": 5.6, "median_household_income_moe": 43935.0, "population_moe": 318.0 }, "geometry": { "type": "Polygon", "coordinates": [ [ [ -122.271466, 37.857052 ], [ -122.263968, 37.858017 ], [ -122.263515, 37.855732 ], [ -122.268356, 37.855064 ], [ -122.268604, 37.854986 ], [ -122.26922, 37.854605 ], [ -122.271161, 37.854268 ], [ -122.271466, 37.857052 ] ] ] } },
{ "type": "Feature", "properties": { "GEOID": "060014236011", "ALAND": 296204, "AWATER": 0, "population": 1526.0, "households": 617.0, "owner_households": 260.0, "renter_households": 357.0, "renter_household_pct": 57.9, "residents_owner_occupied": 740.0, "residents_renter_occupied": 786.0, "median_household_income": 173281.0, "per_capita_income": 75341.0, "hh_income_under_50k": 109.0, "hh_income_50k_100k": 162.0, "hh_income_100k_200k": 78.0, "hh_income_200k_plus": 268.0, "age_under_18": 185.0, "age_18_24": 189.0, "age_25_34": 353.0, "age_35_64": 478.0, "age_65_plus": 321.0, "households_no_vehicle": 51.0, "no_vehicle_pct": 8.3, "vehicles_available_min": 845.0, "median_gross_rent": 2016.0, "median_home_value": 1524000.0, "rent_burdened_30pct": 44.0, "rent_burdened_50pct": 26.3, "workers": 803.0, "commute_drive_alone_pct": 31.8, "commute_carpool_pct": 0.0, "commute_transit_pct": 12.7, "commute_bicycle_pct": 7.7, "commute_walk_pct": 21.5, "commute_work_from_home_pct": 26.3, "housing_units": 687.0, "vacant_units": 70.0, "units_1_detached_pct": 38.1, "units_1_attached_pct": 2.3, "units_2_4_pct": 31.6, "units_5_19_pct": 27.5, "units_20_plus_pct": 0.4, "built_before_1940_pct": 54.1, "built_2010_or_later_pct": 0.0, "hispanic_pct": 13.7, "white_nh_pct": 55.2, "black_nh_pct": 1.6, "asian_nh_pct": 13.6, "bachelors_or_higher_pct": 72.2, "below_poverty_pct": 17.7, "median_household_income_moe": 84472.0, "population_moe": 314.0 }, "geometry": { "type": "Polygon", "coordinates": [ [ [ -122.264519, 37.860682 ], [ -122.258892, 37.861438 ], [ -122.257483, 37.861577 ], [ -122.253552, 37.861823 ], [ -122.253225, 37.8585 ], [ -122.259529, 37.857697 ], [ -122.259268, 37.859534 ], [ -122.264139, 37.858893 ], [ -122.264519, 37.860682 ] ] ] } },
{ "type": "Feature", "properties": { "GEOID": "060014236012", "ALAND": 227231, "AWATER": 0, "population": 1077.0, "households": 519.0, "owner_households": 295.0, "renter_households": 224.0, "renter_household_pct": 43.2, "residents_owner_occupied": 650.0, "residents_renter_occupied": 377.0, "median_household_income": 166012.0, "per_capita_income": 112083.0, "hh_income_under_50k": 58.0, "hh_income_50k_100k": 103.0, "hh_income_100k_200k": 193.0, "hh_income_200k_plus": 165.0, "age_under_18": 120.0, "age_18_24": 63.0, "age_25_34": 195.0, "age_35_64": 304.0, "age_65_plus": 395.0, "households_no_vehicle": 30.0, "no_vehicle_pct": 5.8, "vehicles_available_min": 671.0, "median_gross_rent": 2643.0, "median_home_value": 1360900.0, "rent_burdened_30pct": 29.5, "rent_burdened_50pct": 17.4, "workers": 591.0, "commute_drive_alone_pct": 24.0, "commute_carpool_pct": 3.0, "commute_transit_pct": 12.9, "commute_bicycle_pct": 1.7, "commute_walk_pct": 0.7, "commute_work_from_home_pct": 56.5, "housing_units": 560.0, "vacant_units": 41.0, "units_1_detached_pct": 46.2, "units_1_attached_pct": 3.6, "units_2_4_pct": 40.9, "units_5_19_pct": 9.3, "units_20_plus_pct": 0.0, "built_before_1940_pct": 74.3, "built_2010_or_later_pct": 0.0, "hispanic_pct": 8.2, "white_nh_pct": 68.2, "black_nh_pct": 2.9, "asian_nh_pct": 18.1, "bachelors_or_higher_pct": 81.2, "below_poverty_pct": 5.4, "median_household_income_moe": 40919.0, "population_moe": 339.0 }, "geometry": { "type": "Polygon", "coordinates": [ [ [ -122.264139, 37.858893 ], [ -122.259268, 37.859534 ], [ -122.259529, 37.857697 ], [ -122.253225, 37.8585 ], [ -122.253099, 37.857088 ], [ -122.263515, 37.855732 ], [ -122.264139, 37.858893 ] ] ] } },
{ "type": "Feature", "properties": { "GEOID": "060014236021", "ALAND": 116892, "AWATER": 0, "population": 1513.0, "households": 701.0, "owner_households": 223.0, "renter_households": 478.0, "renter_household_pct": 68.2, "residents_owner_occupied": 499.0, "residents_renter_occupied": 1006.0, "median_household_income": 36985.0, "per_capita_income": 44476.0, "hh_income_under_50k": 416.0, "hh_income_50k_100k": 31.0, "hh_income_100k_200k": 180.0, "hh_income_200k_plus": 74.0, "age_under_18": 71.0, "age_18_24": 700.0, "age_25_34": 175.0, "age_35_64": 365.0, "age_65_plus": 202.0, "households_no_vehicle": 348.0, "no_vehicle_pct": 49.6, "vehicles_available_min": 479.0, "median_gross_rent": 2095.0, "median_home_value": 764200.0, "rent_burdened_30pct": 60.3, "rent_burdened_50pct": 48.8, "workers": 637.0, "commute_drive_alone_pct": 29.2, "commute_carpool_pct": 0.0, "commute_transit_pct": 23.2, "commute_bicycle_pct": 0.0, "commute_walk_pct": 19.6, "commute_work_from_home_pct": 27.9, "housing_units": 971.0, "vacant_units": 270.0, "units_1_detached_pct": 7.2, "units_1_attached_pct": 0.4, "units_2_4_pct": 6.9, "units_5_19_pct": 19.5, "units_20_plus_pct": 66.0, "built_before_1940_pct": 9.9, "built_2010_or_later_pct": 0.0, "hispanic_pct": 9.0, "white_nh_pct": 33.0, "black_nh_pct": 0.4, "asian_nh_pct": 53.7, "bachelors_or_higher_pct": 68.2, "below_poverty_pct": 45.5, "median_household_income_moe": 28007.0, "population_moe": 535.0 }, "geometry": { "type": "Polygon", "coordinates": [ [ [ -122.265277, 37.864265 ], [ -122.258543, 37.865149 ], [ -122.258473, 37.865049 ], [ -122.258528, 37.864189 ], [ -122.258667, 37.863273 ], [ -122.26488, 37.86246 ], [ -122.265277, 37.864265 ] ] ] } },
{ "type": "Feature", "properties": { "GEOID": "060014236022", "ALAND": 90477, "AWATER": 0, "population": 2115.0, "households": 722.0, "owner_households": 30.0, "renter_households": 692.0, "renter_household_pct": 95.8, "residents_owner_occupied": 488.0, "residents_renter_occupied": 1509.0, "median_household_income": 37500.0, "per_capita_income": 32482.0, "hh_income_under_50k": 440.0, "hh_income_50k_100k": 124.0, "hh_income_100k_200k": 106.0, "hh_income_200k_plus": 52.0, "age_under_18": 45.0, "age_18_24": 1254.0, "age_25_34": 518.0, "age_35_64": 174.0, "age_65_plus": 124.0, "households_no_vehicle": 376.0, "no_vehicle_pct": 52.1, "vehicles_available_min": 559.0, "median_gross_rent": 1928.0, "median_home_value": null, "rent_burdened_30pct": 66.6, "rent_burdened_50pct": 60.4, "workers": 1022.0, "commute_drive_alone_pct": 9.6, "commute_carpool_pct": 2.9, "commute_transit_pct": 3.5, "commute_bicycle_pct": 0.0, "commute_walk_pct": 41.5, "commute_work_from_home_pct": 38.8, "housing_units": 769.0, "vacant_units": 47.0, "units_1_detached_pct": 2.9, "units_1_attached_pct": 2.7, "units_2_4_pct": 9.9, "units_5_19_pct": 42.0, "units_20_plus_pct": 42.5, "built_before_1940_pct": 30.9, "built_2010_or_later_pct": 6.1, "hispanic_pct": 18.5, "white_nh_pct": 40.9, "black_nh_pct": 6.9, "asian_nh_pct": 24.1, "bachelors_or_higher_pct": 74.1, "below_poverty_pct": 52.6, "median_household_income_moe": 25067.0, "population_moe": 1003.0 }, "geometry": { "type": "Polygon", "coordinates": [ [ [ -122.258667, 37.863273 ], [ -122.258528, 37.864189 ], [ -122.258473, 37.865049 ], [ -122.258543, 37.865149 ], [ -122.253954, 37.865737 ], [ -122.253743, 37.863622 ], [ -122.258168, 37.863357 ], [ -122.258667, 37.863273 ] ] ] } },
{ "type": "Feature", "properties": { "GEOID": "060014237001", "ALAND": 306150, "AWATER": 0, "population": 1261.0, "households": 364.0, "owner_households": 93.0, "renter_households": 271.0, "renter_household_pct": 74.5, "residents_owner_occupied": 246.0, "residents_renter_occupied": 513.0, "median_household_income": 57969.0, "per_capita_income": 49878.0, "hh_income_under_50k": 179.0, "hh_income_50k_100k": 68.0, "hh_income_100k_200k": 35.0, "hh_income_200k_plus": 82.0, "age_under_18": 120.0, "age_18_24": 646.0, "age_25_34": 122.0, "age_35_64": 187.0, "age_65_plus": 186.0, "households_no_vehicle": 130.0, "no_vehicle_pct": 35.7, "vehicles_available_min": 374.0, "median_gross_rent": null, "median_home_value": 2000001.0, "rent_burdened_30pct": 67.5, "rent_burdened_50pct": 41.7, "workers": 402.0, "commute_drive_alone_pct": 30.8, "commute_carpool_pct": 0.0, "commute_transit_pct": 32.6, "commute_bicycle_pct": 0.0, "commute_walk_pct": 24.6, "commute_work_from_home_pct": 10.0, "housing_units": 524.0, "vacant_units": 160.0, "units_1_detached_pct": 35.1, "units_1_attached_pct": 0.0, "units_2_4_pct": 4.6, "units_5_19_pct": 24.8, "units_20_plus_pct": 35.5, "built_before_1940_pct": 60.7, "built_2010_or_later_pct": 0.0, "hispanic_pct": 19.8, "white_nh_pct": 43.2, "black_nh_pct": 5.6, "asian_nh_pct": 20.8, "bachelors_or_higher_pct": 78.2, "below_poverty_pct": 28.2, "median_household_income_moe": 55826.0, "population_moe": 242.0 }, "geometry": { "type": "Polygon", "coordinates": [ [ [ -122.251653, 37.865887 ], [ -122.246962, 37.866159 ], [ -122.246127, 37.866111 ], [ -122.245975, 37.866036 ], [ -122.245338, 37.865986 ], [ -122.245191, 37.865797 ], [ -122.244733, 37.865788 ], [ -122.244622, 37.864721 ], [ -122.244873, 37.864705 ], [ -122.245104, 37.864386 ], [ -122.245525, 37.864036 ], [ -122.245024, 37.863355 ], [ -122.244949, 37.863058 ], [ -122.244765, 37.862855 ], [ -122.244409, 37.862711 ], [ -122.244342, 37.862074 ], [ -122.244415, 37.862074 ], [ -122.244473, 37.861871 ], [ -122.244148, 37.861508 ], [ -122.244274, 37.861427 ], [ -122.244252, 37.860969 ], [ -122.244065, 37.860776 ], [ -122.244274, 37.860838 ], [ -122.244756, 37.860875 ], [ -122.245828, 37.860848 ], [ -122.246707, 37.860725 ], [ -122.246939, 37.860954 ], [ -122.247038, 37.861745 ], [ -122.249975, 37.861609 ], [ -122.251185, 37.861508 ], [ -122.251653, 37.865887 ] ] ] } },
{ "type": "Feature", "properties": { "GEOID": "060014237002", "ALAND": 324239, "AWATER": 0, "population": 1362.0, "households": 434.0, "owner_households": 333.0, "renter_households": 101.0, "renter_household_pct": 23.3, "residents_owner_occupied": 1114.0, "residents_renter_occupied": 248.0, "median_household_income": 250001.0, "per_capita_income": 98094.0, "hh_income_under_50k": 46.0, "hh_income_50k_100k": 20.0, "hh_income_100k_200k": 116.0, "hh_income_200k_plus": 252.0, "age_under_18": 381.0, "age_18_24": 89.0, "age_25_34": 105.0, "age_35_64": 576.0, "age_65_plus": 211.0, "households_no_vehicle": 16.0, "no_vehicle_pct": 3.7, "vehicles_available_min": 876.0, "median_gross_rent": 2201.0, "median_home_value": 2000001.0, "rent_burdened_30pct": 45.5, "rent_burdened_50pct": 11.9, "workers": 677.0, "commute_drive_alone_pct": 30.4, "commute_carpool_pct": 2.7, "commute_transit_pct": 2.4, "commute_bicycle_pct": 3.1, "commute_walk_pct": 2.8, "commute_work_from_home_pct": 53.5, "housing_units": 542.0, "vacant_units": 108.0, "units_1_detached_pct": 60.5, "units_1_attached_pct": 3.3, "units_2_4_pct": 16.1, "units_5_19_pct": 20.1, "units_20_plus_pct": 0.0, "built_before_1940_pct": 82.8, "built_2010_or_later_pct": 0.0, "hispanic_pct": 5.0, "white_nh_pct": 76.0, "black_nh_pct": 2.6, "asian_nh_pct": 12.5, "bachelors_or_higher_pct": 77.2, "below_poverty_pct": 7.7, "median_household_income_moe": null, "population_moe": 546.0 }, "geometry": { "type": "Polygon", "coordinates": [ [ [ -122.253513, 37.861399 ], [ -122.247038, 37.861745 ], [ -122.246939, 37.860954 ], [ -122.246707, 37.860725 ], [ -122.245828, 37.860848 ], [ -122.244756, 37.860875 ], [ -122.244274, 37.860838 ], [ -122.244065, 37.860776 ], [ -122.244015, 37.860735 ], [ -122.244172, 37.860607 ], [ -122.244283, 37.860412 ], [ -122.244441, 37.859334 ], [ -122.244505, 37.859129 ], [ -122.244627, 37.859008 ], [ -122.244018, 37.859002 ], [ -122.243945, 37.85892 ], [ -122.243925, 37.858639 ], [ -122.242602, 37.85872 ], [ -122.242521, 37.857934 ], [ -122.242718, 37.857933 ], [ -122.242551, 37.857713 ], [ -122.242347, 37.85761 ], [ -122.242748, 37.857723 ], [ -122.243281, 37.857988 ], [ -122.243876, 37.858118 ], [ -122.244298, 37.858141 ], [ -122.250525, 37.857779 ], [ -122.25118, 37.857662 ], [ -122.25212, 37.85765 ], [ -122.252262, 37.85759 ], [ -122.252308, 37.857466 ], [ -122.25228, 37.857365 ], [ -122.252156, 37.857249 ], [ -122.252615, 37.857121 ], [ -122.253099, 37.857088 ], [ -122.253513, 37.861399 ] ] ] } },
{ "type": "Feature", "properties": { "GEOID": "060014238001", "ALAND": 373772, "AWATER": 0, "population": 485.0, "households": 240.0, "owner_households": 191.0, "renter_households": 49.0, "renter_household_pct": 20.4, "residents_owner_occupied": 407.0, "residents_renter_occupied": 78.0, "median_household_income": 171818.0, "per_capita_income": 148684.0, "hh_income_under_50k": 44.0, "hh_income_50k_100k": 32.0, "hh_income_100k_200k": 58.0, "hh_income_200k_plus": 106.0, "age_under_18": 111.0, "age_18_24": 0.0, "age_25_34": 0.0, "age_35_64": 245.0, "age_65_plus": 129.0, "households_no_vehicle": 0.0, "no_vehicle_pct": 0.0, "vehicles_available_min": 363.0, "median_gross_rent": null, "median_home_value": 2000001.0, "rent_burdened_30pct": 0.0, "rent_burdened_50pct": 0.0, "workers": 235.0, "commute_drive_alone_pct": 31.9, "commute_carpool_pct": 2.6, "commute_transit_pct": 8.5, "commute_bicycle_pct": 0.0, "commute_walk_pct": 0.0, "commute_work_from_home_pct": 57.0, "housing_units": 249.0, "vacant_units": 9.0, "units_1_detached_pct": 100.0, "units_1_attached_pct": 0.0, "units_2_4_pct": 0.0, "units_5_19_pct": 0.0, "units_20_plus_pct": 0.0, "built_before_1940_pct": 49.4, "built_2010_or_later_pct": 0.0, "hispanic_pct": 3.5, "white_nh_pct": 74.8, "black_nh_pct": 0.0, "asian_nh_pct": 11.1, "bachelors_or_higher_pct": 80.2, "below_poverty_pct": 11.8, "median_household_income_moe": 79818.0, "population_moe": 164.0 }, "geometry": { "type": "Polygon", "coordinates": [ [ [ -122.242718, 37.856839 ], [ -122.242622, 37.857012 ], [ -122.242489, 37.857052 ], [ -122.241928, 37.856895 ], [ -122.241576, 37.856893 ], [ -122.24152, 37.856915 ], [ -122.241614, 37.857066 ], [ -122.241154, 37.857262 ], [ -122.241215, 37.857401 ], [ -122.240793, 37.857432 ], [ -122.240543, 37.857541 ], [ -122.240379, 37.857286 ], [ -122.239742, 37.85756 ], [ -122.239683, 37.857503 ], [ -122.239423, 37.857509 ], [ -122.239106, 37.857723 ], [ -122.23891, 37.857548 ], [ -122.238666, 37.857552 ], [ -122.238192, 37.857687 ], [ -122.238118, 37.857547 ], [ -122.236831, 37.857658 ], [ -122.236826, 37.857604 ], [ -122.236719, 37.857571 ], [ -122.236741, 37.85765 ], [ -122.234761, 37.85779 ], [ -122.234179, 37.852377 ], [ -122.241914, 37.851909 ], [ -122.242046, 37.852399 ], [ -122.242013, 37.852811 ], [ -122.24193, 37.852936 ], [ -122.241717, 37.853059 ], [ -122.241386, 37.85316 ], [ -122.240972, 37.853212 ], [ -122.240344, 37.853411 ], [ -122.240257, 37.853719 ], [ -122.240271, 37.853811 ], [ -122.240363, 37.853974 ], [ -122.240811, 37.854333 ], [ -122.240942, 37.854685 ], [ -122.24134, 37.855014 ], [ -122.241901, 37.855712 ], [ -122.24215, 37.855948 ], [ -122.241682, 37.856218 ], [ -122.242595, 37.856679 ], [ -122.242718, 37.856839 ] ] ] } },
{ "type": "Feature", "properties": { "GEOID": "060014238002", "ALAND": 399339, "AWATER": 0, "population": 1355.0, "households": 520.0, "owner_households": 458.0, "renter_households": 62.0, "renter_household_pct": 11.9, "residents_owner_occupied": 1230.0, "residents_renter_occupied": 125.0, "median_household_income": 227778.0, "per_capita_income": 110281.0, "hh_income_under_50k": 65.0, "hh_income_50k_100k": 27.0, "hh_income_100k_200k": 156.0, "hh_income_200k_plus": 272.0, "age_under_18": 250.0, "age_18_24": 16.0, "age_25_34": 93.0, "age_35_64": 496.0, "age_65_plus": 500.0, "households_no_vehicle": 9.0, "no_vehicle_pct": 1.7, "vehicles_available_min": 888.0, "median_gross_rent": 3198.0, "median_home_value": 2000001.0, "rent_burdened_30pct": 23.1, "rent_burdened_50pct": 0.0, "workers": 399.0, "commute_drive_alone_pct": 23.3, "commute_carpool_pct": 2.3, "commute_transit_pct": 20.8, "commute_bicycle_pct": 1.5, "commute_walk_pct": 2.3, "commute_work_from_home_pct": 45.1, "housing_units": 577.0, "vacant_units": 57.0, "units_1_detached_pct": 96.2, "units_1_attached_pct": 0.0, "units_2_4_pct": 0.0, "units_5_19_pct": 3.8, "units_20_plus_pct": 0.0, "built_before_1940_pct": 79.0, "built_2010_or_later_pct": 0.0, "hispanic_pct": 1.6, "white_nh_pct": 83.8, "black_nh_pct": 0.0, "asian_nh_pct": 7.1, "bachelors_or_higher_pct": 89.1, "below_poverty_pct": 9.7, "median_household_income_moe": 78949.0, "population_moe": 368.0 }, "geometry": { "type": "Polygon", "coordinates": [ [ [ -122.25096, 37.851159 ], [ -122.24539, 37.858087 ], [ -122.244298, 37.858141 ], [ -122.243876, 37.858118 ], [ -122.243281, 37.857988 ], [ -122.242748, 37.857723 ], [ -122.242071, 37.857525 ], [ -122.241802, 37.857348 ], [ -122.24149, 37.857374 ], [ -122.241731, 37.857267 ], [ -122.24152, 37.856915 ], [ -122.241928, 37.856895 ], [ -122.242489, 37.857052 ], [ -122.242622, 37.857012 ], [ -122.242714, 37.856806 ], [ -122.242595, 37.856679 ], [ -122.241682, 37.856218 ], [ -122.24215, 37.855948 ], [ -122.241901, 37.855712 ], [ -122.24134, 37.855014 ], [ -122.240942, 37.854685 ], [ -122.240811, 37.854333 ], [ -122.240363, 37.853974 ], [ -122.240257, 37.853719 ], [ -122.240344, 37.853411 ], [ -122.240972, 37.853212 ], [ -122.241386, 37.85316 ], [ -122.241717, 37.853059 ], [ -122.24193, 37.852936 ], [ -122.242013, 37.852811 ], [ -122.242046, 37.852399 ], [ -122.241914, 37.851909 ], [ -122.244781, 37.851733 ], [ -122.244836, 37.851842 ], [ -122.244931, 37.851899 ], [ -122.245034, 37.851716 ], [ -122.246122, 37.851665 ], [ -122.246109, 37.851603 ], [ -122.246588, 37.851575 ], [ -122.246618, 37.851619 ], [ -122.247253, 37.851576 ], [ -122.24738, 37.851648 ], [ -122.247501, 37.851571 ], [ -122.249473, 37.851448 ], [ -122.249981, 37.851294 ], [ -122.250037, 37.851416 ], [ -122.250681, 37.851385 ], [ -122.250883, 37.851118 ], [ -122.25096, 37.851159 ] ] ] } },
{ "type": "Feature", "properties": { "GEOID": "060014238003", "ALAND": 311610, "AWATER": 0, "population": 1557.0, "households": 671.0, "owner_households": 375.0, "renter_households": 296.0, "renter_household_pct": 44.1, "residents_owner_occupied": 963.0, "residents_renter_occupied": 594.0, "median_household_income": 183319.0, "per_capita_income": 110275.0, "hh_income_under_50k": 62.0, "hh_income_50k_100k": 96.0, "hh_income_100k_200k": 257.0, "hh_income_200k_plus": 256.0, "age_under_18": 219.0, "age_18_24": 126.0, "age_25_34": 219.0, "age_35_64": 670.0, "age_65_plus": 323.0, "households_no_vehicle": 103.0, "no_vehicle_pct": 15.4, "vehicles_available_min": 804.0, "median_gross_rent": 2761.0, "median_home_value": 2000001.0, "rent_burdened_30pct": 28.9, "rent_burdened_50pct": 24.0, "workers": 800.0, "commute_drive_alone_pct": 25.1, "commute_carpool_pct": 2.9, "commute_transit_pct": 11.4, "commute_bicycle_pct": 3.2, "commute_walk_pct": 4.5, "commute_work_from_home_pct": 36.1, "housing_units": 671.0, "vacant_units": 0.0, "units_1_detached_pct": 47.8, "units_1_attached_pct": 0.7, "units_2_4_pct": 27.1, "units_5_19_pct": 22.4, "units_20_plus_pct": 1.9, "built_before_1940_pct": 75.3, "built_2010_or_later_pct": 1.9, "hispanic_pct": 10.1, "white_nh_pct": 57.3, "black_nh_pct": 0.0, "asian_nh_pct": 16.8, "bachelors_or_higher_pct": 87.0, "below_poverty_pct": 5.7, "median_household_income_moe": 27104.0, "population_moe": 283.0 }, "geometry": { "type": "Polygon", "coordinates": [ [ [ -122.253346, 37.85383 ], [ -122.252834, 37.853901 ], [ -122.253131, 37.857005 ], [ -122.253099, 37.857088 ], [ -122.252615, 37.857121 ], [ -122.252156, 37.857249 ], [ -122.252299, 37.85741 ], [ -122.252262, 37.85759 ], [ -122.25197, 37.857667 ], [ -122.25118, 37.857662 ], [ -122.250525, 37.857779 ], [ -122.24539, 37.858087 ], [ -122.25096, 37.851159 ], [ -122.251083, 37.85123 ], [ -122.252333, 37.850834 ], [ -122.252919, 37.850772 ], [ -122.253197, 37.853063 ], [ -122.25331, 37.853466 ], [ -122.253241, 37.853475 ], [ -122.253265, 37.853695 ], [ -122.253318, 37.853688 ], [ -122.253346, 37.85383 ] ] ] } },
{ "type": "Feature", "properties": { "GEOID": "060014239012", "ALAND": 136212, "AWATER": 0, "population": 976.0, "households": 465.0, "owner_households": 201.0, "renter_households": 264.0, "renter_household_pct": 56.8, "residents_owner_occupied": 440.0, "residents_renter_occupied": 518.0, "median_household_income": 165677.0, "per_capita_income": 71074.0, "hh_income_under_50k": 84.0, "hh_income_50k_100k": 81.0, "hh_income_100k_200k": 170.0, "hh_income_200k_plus": 130.0, "age_under_18": 118.0, "age_18_24": 124.0, "age_25_34": 223.0, "age_35_64": 294.0, "age_65_plus": 217.0, "households_no_vehicle": 55.0, "no_vehicle_pct": 11.8, "vehicles_available_min": 593.0, "median_gross_rent": 2587.0, "median_home_value": 1071200.0, "rent_burdened_30pct": 21.5, "rent_burdened_50pct": 14.6, "workers": 531.0, "commute_drive_alone_pct": 29.0, "commute_carpool_pct": 4.5, "commute_transit_pct": 15.6, "commute_bicycle_pct": 10.4, "commute_walk_pct": 6.2, "commute_work_from_home_pct": 30.7, "housing_units": 465.0, "vacant_units": 0.0, "units_1_detached_pct": 39.6, "units_1_attached_pct": 0.2, "units_2_4_pct": 36.1, "units_5_19_pct": 24.1, "units_20_plus_pct": 0.0, "built_before_1940_pct": 59.4, "built_2010_or_later_pct": 1.1, "hispanic_pct": 9.0, "white_nh_pct": 61.2, "black_nh_pct": 5.6, "asian_nh_pct": 6.2, "bachelors_or_higher_pct": 89.2, "below_poverty_pct": 11.8, "median_household_income_moe": 21591.0, "population_moe": 246.0 }, "geometry": { "type": "Polygon", "coordinates": [ [ [ -122.266598, 37.855289 ], [ -122.266496, 37.855338 ], [ -122.262407, 37.855865 ], [ -122.262469, 37.85564 ], [ -122.261829, 37.85258 ], [ -122.262221, 37.852527 ], [ -122.26225, 37.852696 ], [ -122.263569, 37.852547 ], [ -122.263644, 37.852422 ], [ -122.263608, 37.852296 ], [ -122.263924, 37.852167 ], [ -122.263951, 37.852296 ], [ -122.266128, 37.852009 ], [ -122.266598, 37.855289 ] ] ] } },
{ "type": "Feature", "properties": { "GEOID": "060014239021", "ALAND": 112381, "AWATER": 0, "population": 675.0, "households": 258.0, "owner_households": 106.0, "renter_households": 152.0, "renter_household_pct": 58.9, "residents_owner_occupied": 317.0, "residents_renter_occupied": 358.0, "median_household_income": 169643.0, "per_capita_income": 113079.0, "hh_income_under_50k": 24.0, "hh_income_50k_100k": 51.0, "hh_income_100k_200k": 60.0, "hh_income_200k_plus": 123.0, "age_under_18": 91.0, "age_18_24": 130.0, "age_25_34": 109.0, "age_35_64": 246.0, "age_65_plus": 99.0, "households_no_vehicle": 17.0, "no_vehicle_pct": 6.6, "vehicles_available_min": 379.0, "median_gross_rent": 3143.0, "median_home_value": 1737500.0, "rent_burdened_30pct": 45.4, "rent_burdened_50pct": 25.0, "workers": 438.0, "commute_drive_alone_pct": 34.5, "commute_carpool_pct": 0.0, "commute_transit_pct": 13.0, "commute_bicycle_pct": 4.1, "commute_walk_pct": 3.4, "commute_work_from_home_pct": 43.4, "housing_units": 284.0, "vacant_units": 26.0, "units_1_detached_pct": 37.0, "units_1_attached_pct": 7.0, "units_2_4_pct": 31.0, "units_5_19_pct": 25.0, "units_20_plus_pct": 0.0, "built_before_1940_pct": 69.0, "built_2010_or_later_pct": 0.0, "hispanic_pct": 7.9, "white_nh_pct": 64.7, "black_nh_pct": 1.8, "asian_nh_pct": 19.1, "bachelors_or_higher_pct": 88.1, "below_poverty_pct": 15.1, "median_household_income_moe": 97441.0, "population_moe": 222.0 }, "geometry": { "type": "Polygon", "coordinates": [ [ [ -122.256848, 37.856616 ], [ -122.253099, 37.857088 ], [ -122.253131, 37.857005 ], [ -122.252834, 37.853901 ], [ -122.253483, 37.853811 ], [ -122.253446, 37.853672 ], [ -122.253968, 37.853611 ], [ -122.253995, 37.853746 ], [ -122.256197, 37.853449 ], [ -122.256848, 37.856616 ] ] ] } },
{ "type": "Feature", "properties": { "GEOID": "060014240011", "ALAND": 140732, "AWATER": 0, "population": 1098.0, "households": 417.0, "owner_households": 194.0, "renter_households": 223.0, "renter_household_pct": 53.5, "residents_owner_occupied": 547.0, "residents_renter_occupied": 546.0, "median_household_income": null, "per_capita_income": 65048.0, "hh_income_under_50k": 41.0, "hh_income_50k_100k": 184.0, "hh_income_100k_200k": 24.0, "hh_income_200k_plus": 168.0, "age_under_18": 276.0, "age_18_24": 3.0, "age_25_34": 216.0, "age_35_64": 446.0, "age_65_plus": 157.0, "households_no_vehicle": 113.0, "no_vehicle_pct": 27.1, "vehicles_available_min": 555.0, "median_gross_rent": 1955.0, "median_home_value": null, "rent_burdened_30pct": 28.9, "rent_burdened_50pct": 16.4, "workers": 647.0, "commute_drive_alone_pct": 41.4, "commute_carpool_pct": 5.3, "commute_transit_pct": 24.3, "commute_bicycle_pct": 4.9, "commute_walk_pct": 4.6, "commute_work_from_home_pct": 19.5, "housing_units": 483.0, "vacant_units": 66.0, "units_1_detached_pct": 37.5, "units_1_attached_pct": 0.0, "units_2_4_pct": 49.1, "units_5_19_pct": 12.2, "units_20_plus_pct": 1.2, "built_before_1940_pct": 84.9, "built_2010_or_later_pct": 1.2, "hispanic_pct": 18.5, "white_nh_pct": 47.9, "black_nh_pct": 23.5, "asian_nh_pct": 8.0, "bachelors_or_higher_pct": 60.1, "below_poverty_pct": 6.2, "median_household_income_moe": null, "population_moe": 276.0 }, "geometry": { "type": "Polygon", "coordinates": [ [ [ -122.279121, 37.853287 ], [ -122.271161, 37.854268 ], [ -122.270961, 37.852484 ], [ -122.278702, 37.851489 ], [ -122.279121, 37.853287 ] ] ] } },
{ "type": "Feature", "properties": { "GEOID": "060014240012", "ALAND": 87713, "AWATER": 0, "population": 688.0, "households": 303.0, "owner_households": 70.0, "renter_households": 233.0, "renter_household_pct": 76.9, "residents_owner_occupied": 161.0, "residents_renter_occupied": 527.0, "median_household_income": 92303.0, "per_capita_income": 76961.0, "hh_income_under_50k": 114.0, "hh_income_50k_100k": 46.0, "hh_income_100k_200k": 36.0, "hh_income_200k_plus": 107.0, "age_under_18": 98.0, "age_18_24": 68.0, "age_25_34": 163.0, "age_35_64": 262.0, "age_65_plus": 97.0, "households_no_vehicle": 57.0, "no_vehicle_pct": 18.8, "vehicles_available_min": 349.0, "median_gross_rent": 1967.0, "median_home_value": 1368400.0, "rent_burdened_30pct": 42.5, "rent_burdened_50pct": 34.1, "workers": 416.0, "commute_drive_alone_pct": 21.9, "commute_carpool_pct": 0.0, "commute_transit_pct": 7.5, "commute_bicycle_pct": 6.0, "commute_walk_pct": 12.0, "commute_work_from_home_pct": 52.6, "housing_units": 332.0, "vacant_units": 29.0, "units_1_detached_pct": 28.3, "units_1_attached_pct": 6.3, "units_2_4_pct": 35.5, "units_5_19_pct": 18.1, "units_20_plus_pct": 11.7, "built_before_1940_pct": 43.4, "built_2010_or_later_pct": 13.6, "hispanic_pct": 9.0, "white_nh_pct": 39.5, "black_nh_pct": 21.8, "asian_nh_pct": 21.8, "bachelors_or_higher_pct": 73.8, "below_poverty_pct": 13.0, "median_household_income_moe": 76507.0, "population_moe": 272.0 }, "geometry": { "type": "Polygon", "coordinates": [ [ [ -122.278702, 37.851489 ], [ -122.270961, 37.852484 ], [ -122.270802, 37.850958 ], [ -122.270814, 37.850667 ], [ -122.272842, 37.850423 ], [ -122.272939, 37.851318 ], [ -122.278505, 37.850624 ], [ -122.278702, 37.851489 ] ] ] } },
{ "type": "Feature", "properties": { "GEOID": "060014240013", "ALAND": 113742, "AWATER": 0, "population": 1005.0, "households": 401.0, "owner_households": 123.0, "renter_households": 278.0, "renter_household_pct": 69.3, "residents_owner_occupied": 393.0, "residents_renter_occupied": 595.0, "median_household_income": 62039.0, "per_capita_income": 38274.0, "hh_income_under_50k": 185.0, "hh_income_50k_100k": 75.0, "hh_income_100k_200k": 101.0, "hh_income_200k_plus": 40.0, "age_under_18": 199.0, "age_18_24": 255.0, "age_25_34": 163.0, "age_35_64": 295.0, "age_65_plus": 93.0, "households_no_vehicle": 68.0, "no_vehicle_pct": 17.0, "vehicles_available_min": 553.0, "median_gross_rent": 2104.0, "median_home_value": 1121200.0, "rent_burdened_30pct": 78.2, "rent_burdened_50pct": 56.1, "workers": 504.0, "commute_drive_alone_pct": 42.1, "commute_carpool_pct": 3.8, "commute_transit_pct": 15.7, "commute_bicycle_pct": 5.2, "commute_walk_pct": 2.2, "commute_work_from_home_pct": 31.2, "housing_units": 401.0, "vacant_units": 0.0, "units_1_detached_pct": 24.7, "units_1_attached_pct": 2.5, "units_2_4_pct": 32.2, "units_5_19_pct": 38.9, "units_20_plus_pct": 1.7, "built_before_1940_pct": 33.4, "built_2010_or_later_pct": 13.2, "hispanic_pct": 8.6, "white_nh_pct": 41.2, "black_nh_pct": 11.8, "asian_nh_pct": 29.9, "bachelors_or_higher_pct": 67.0, "below_poverty_pct": 21.2, "median_household_income_moe": 25821.0, "population_moe": 363.0 }, "geometry": { "type": "Polygon", "coordinates": [ [ [ -122.278505, 37.850624 ], [ -122.272939, 37.851318 ], [ -122.272842, 37.850423 ], [ -122.270814, 37.850667 ], [ -122.27117, 37.849701 ], [ -122.278079, 37.848826 ], [ -122.278505, 37.850624 ] ] ] } },
{ "type": "Feature", "properties": { "GEOID": "060019900000", "ALAND": 0, "AWATER": 137191025, "population": 0.0, "households": 0.0, "owner_households": 0.0, "renter_households": 0.0, "renter_household_pct": null, "residents_owner_occupied": 0.0, "residents_renter_occupied": 0.0, "median_household_income": null, "per_capita_income": null, "hh_income_under_50k": 0.0, "hh_income_50k_100k": 0.0, "hh_income_100k_200k": 0.0, "hh_income_200k_plus": 0.0, "age_under_18": 0.0, "age_18_24": 0.0, "age_25_34": 0.0, "age_35_64": 0.0, "age_65_plus": 0.0, "households_no_vehicle": 0.0, "no_vehicle_pct": null, "vehicles_available_min": 0.0, "median_gross_rent": null, "median_home_value": null, "rent_burdened_30pct": null, "rent_burdened_50pct": null, "workers": 0.0, "commute_drive_alone_pct": null, "commute_carpool_pct": null, "commute_transit_pct": null, "commute_bicycle_pct": null, "commute_walk_pct": null, "commute_work_from_home_pct": null, "housing_units": 0.0, "vacant_units": 0.0, "units_1_detached_pct": null, "units_1_attached_pct": null, "units_2_4_pct": null, "units_5_19_pct": null, "units_20_plus_pct": null, "built_before_1940_pct": null, "built_2010_or_later_pct": null, "hispanic_pct": null, "white_nh_pct": null, "black_nh_pct": null, "asian_nh_pct": null, "bachelors_or_higher_pct": null, "below_poverty_pct": null, "median_household_income_moe": null, "population_moe": 14.0 }, "geometry": { "type": "MultiPolygon", "coordinates": [ [ [ [ -122.098588, 37.494884 ], [ -122.091073, 37.495033 ], [ -122.078016, 37.495107 ], [ -122.072849, 37.494512 ], [ -122.065898, 37.492946 ], [ -122.061484, 37.491605 ], [ -122.061578, 37.486685 ], [ -122.060749, 37.474931 ], [ -122.059886, 37.469467 ], [ -122.055941, 37.463951 ], [ -122.048707, 37.461639 ], [ -122.045707, 37.461806 ], [ -122.044587, 37.460666 ], [ -122.046574, 37.459526 ], [ -122.047825, 37.459007 ], [ -122.04897, 37.4589 ], [ -122.050313, 37.4589 ], [ -122.051244, 37.459007 ], [ -122.051931, 37.459251 ], [ -122.052648, 37.459656 ], [ -122.081473, 37.477838 ], [ -122.103995, 37.493706 ], [ -122.098588, 37.494884 ] ] ], [ [ [ -122.321342, 37.770881 ], [ -122.306751, 37.766772 ], [ -122.291808, 37.763008 ], [ -122.282265, 37.760179 ], [ -122.266906, 37.755304 ], [ -122.259468, 37.752594 ], [ -122.269116, 37.737983 ], [ -122.264426, 37.732948 ], [ -122.256542, 37.721242 ], [ -122.216153, 37.695543 ], [ -122.213327, 37.695394 ], [ -122.209088, 37.696138 ], [ -122.207391, 37.699194 ], [ -122.206012, 37.702032 ], [ -122.205473, 37.702619 ], [ -122.200476, 37.692592 ], [ -122.192282, 37.682735 ], [ -122.191549, 37.683335 ], [ -122.18058, 37.670657 ], [ -122.175288, 37.670742 ], [ -122.176785, 37.669396 ], [ -122.170687, 37.670811 ], [ -122.170627, 37.667403 ], [ -122.167289, 37.66745 ], [ -122.167076, 37.667231 ], [ -122.163861, 37.655367 ], [ -122.161132, 37.646795 ], [ -122.16019, 37.641055 ], [ -122.158496, 37.632931 ], [ -122.157553, 37.621601 ], [ -122.162477, 37.614758 ], [ -122.155859, 37.611537 ], [ -122.152417, 37.599099 ], [ -122.155013, 37.591114 ], [ -122.153507, 37.582169 ], [ -122.140998, 37.562193 ], [ -122.135769, 37.558852 ], [ -122.128578, 37.548105 ], [ -122.122092, 37.536105 ], [ -122.120401, 37.532824 ], [ -122.118521, 37.526413 ], [ -122.117298, 37.513667 ], [ -122.117393, 37.506894 ], [ -122.149175, 37.545835 ], [ -122.156075, 37.554635 ], [ -122.167276, 37.568735 ], [ -122.186676, 37.592734 ], [ -122.246679, 37.665731 ], [ -122.251979, 37.672431 ], [ -122.28088, 37.70723 ], [ -122.28178, 37.70823 ], [ -122.29188, 37.72413 ], [ -122.29448, 37.72803 ], [ -122.31048, 37.753829 ], [ -122.321342, 37.770881 ] ] ], [ [ [ -122.373782, 37.883725 ], [ -122.358981, 37.887225 ], [ -122.348581, 37.889425 ], [ -122.333398, 37.892794 ], [ -122.334735, 37.889576 ], [ -122.325893, 37.874367 ], [ -122.329231, 37.871257 ], [ -122.331368, 37.866408 ], [ -122.332636, 37.862666 ], [ -122.33237, 37.859293 ], [ -122.331234, 37.857185 ], [ -122.326161, 37.854549 ], [ -122.322356, 37.853601 ], [ -122.31401, 37.853601 ], [ -122.310806, 37.854022 ], [ -122.309592, 37.845543 ], [ -122.320093, 37.843278 ], [ -122.320248, 37.838493 ], [ -122.318746, 37.835417 ], [ -122.312273, 37.832201 ], [ -122.317478, 37.832307 ], [ -122.341039, 37.826457 ], [ -122.34093, 37.81953 ], [ -122.346681, 37.811027 ], [ -122.346881, 37.811427 ], [ -122.355881, 37.835727 ], [ -122.367781, 37.866726 ], [ -122.373782, 37.883725 ] ] ] ] } },
{ "type": "Feature", "properties": { "GEOID": "060014220002", "ALAND": 1191636, "AWATER": 0, "population": 732.0, "households": 260.0, "owner_households": 119.0, "renter_households": 141.0, "renter_household_pct": 54.2, "residents_owner_occupied": 319.0, "residents_renter_occupied": 288.0, "median_household_income": 139231.0, "per_capita_income": 60940.0, "hh_income_under_50k": 81.0, "hh_income_50k_100k": 9.0, "hh_income_100k_200k": 97.0, "hh_income_200k_plus": 73.0, "age_under_18": 119.0, "age_18_24": 23.0, "age_25_34": 51.0, "age_35_64": 347.0, "age_65_plus": 192.0, "households_no_vehicle": 45.0, "no_vehicle_pct": 17.3, "vehicles_available_min": 395.0, "median_gross_rent": 2250.0, "median_home_value": 948700.0, "rent_burdened_30pct": 48.9, "rent_burdened_50pct": 33.3, "workers": 343.0, "commute_drive_alone_pct": 52.5, "commute_carpool_pct": 2.9, "commute_transit_pct": 6.7, "commute_bicycle_pct": 3.5, "commute_walk_pct": 14.3, "commute_work_from_home_pct": 20.1, "housing_units": 334.0, "vacant_units": 74.0, "units_1_detached_pct": 51.2, "units_1_attached_pct": 3.9, "units_2_4_pct": 24.9, "units_5_19_pct": 20.1, "units_20_plus_pct": 0.0, "built_before_1940_pct": 44.3, "built_2010_or_later_pct": 4.5, "hispanic_pct": 0.0, "white_nh_pct": 83.5, "black_nh_pct": 8.1, "asian_nh_pct": 7.0, "bachelors_or_higher_pct": 52.2, "below_poverty_pct": 11.7, "median_household_income_moe": 53224.0, "population_moe": 226.0 }, "geometry": { "type": "Polygon", "coordinates": [ [ [ -122.308351, 37.882115 ], [ -122.307761, 37.881837 ], [ -122.307507, 37.881791 ], [ -122.306941, 37.881902 ], [ -122.304486, 37.882152 ], [ -122.303335, 37.882171 ], [ -122.303047, 37.882258 ], [ -122.302422, 37.88231 ], [ -122.302114, 37.882436 ], [ -122.300813, 37.882729 ], [ -122.30018, 37.882822 ], [ -122.299311, 37.882903 ], [ -122.298918, 37.882751 ], [ -122.298649, 37.882837 ], [ -122.298559, 37.882942 ], [ -122.296882, 37.883471 ], [ -122.295353, 37.878685 ], [ -122.300853, 37.877571 ], [ -122.300066, 37.87523 ], [ -122.297751, 37.867937 ], [ -122.303908, 37.866723 ], [ -122.30691, 37.876525 ], [ -122.307252, 37.877525 ], [ -122.307644, 37.87902 ], [ -122.308351, 37.882115 ] ] ] } },
{ "type": "Feature", "properties": { "GEOID": "060014236023", "ALAND": 197176, "AWATER": 0, "population": 1993.0, "households": 832.0, "owner_households": 411.0, "renter_households": 421.0, "renter_household_pct": 50.6, "residents_owner_occupied": 879.0, "residents_renter_occupied": 1114.0, "median_household_income": 73471.0, "per_capita_income": 42587.0, "hh_income_under_50k": 214.0, "hh_income_50k_100k": 418.0, "hh_income_100k_200k": 92.0, "hh_income_200k_plus": 108.0, "age_under_18": 229.0, "age_18_24": 660.0, "age_25_34": 292.0, "age_35_64": 354.0, "age_65_plus": 458.0, "households_no_vehicle": 184.0, "no_vehicle_pct": 22.1, "vehicles_available_min": 933.0, "median_gross_rent": 2113.0, "median_home_value": 1028800.0, "rent_burdened_30pct": 77.4, "rent_burdened_50pct": 32.3, "workers": 925.0, "commute_drive_alone_pct": 33.7, "commute_carpool_pct": 1.2, "commute_transit_pct": 22.7, "commute_bicycle_pct": 2.6, "commute_walk_pct": 9.7, "commute_work_from_home_pct": 30.1, "housing_units": 969.0, "vacant_units": 137.0, "units_1_detached_pct": 29.2, "units_1_attached_pct": 5.0, "units_2_4_pct": 36.4, "units_5_19_pct": 26.2, "units_20_plus_pct": 3.2, "built_before_1940_pct": 67.7, "built_2010_or_later_pct": 0.0, "hispanic_pct": 14.2, "white_nh_pct": 60.8, "black_nh_pct": 1.9, "asian_nh_pct": 14.2, "bachelors_or_higher_pct": 51.1, "below_poverty_pct": 28.1, "median_household_income_moe": 15078.0, "population_moe": 783.0 }, "geometry": { "type": "Polygon", "coordinates": [ [ [ -122.26488, 37.86246 ], [ -122.258168, 37.863357 ], [ -122.253743, 37.863622 ], [ -122.253552, 37.861823 ], [ -122.257483, 37.861577 ], [ -122.258892, 37.861438 ], [ -122.264519, 37.860682 ], [ -122.26488, 37.86246 ] ] ] } },
{ "type": "Feature", "properties": { "GEOID": "060019821001", "ALAND": 1695361, "AWATER": 0, "population": 1104.0, "households": 27.0, "owner_households": 3.0, "renter_households": 24.0, "renter_household_pct": 88.9, "residents_owner_occupied": 5.0, "residents_renter_occupied": 57.0, "median_household_income": 152250.0, "per_capita_income": 8422.0, "hh_income_under_50k": 9.0, "hh_income_50k_100k": 0.0, "hh_income_100k_200k": 5.0, "hh_income_200k_plus": 13.0, "age_under_18": 26.0, "age_18_24": 969.0, "age_25_34": 72.0, "age_35_64": 35.0, "age_65_plus": 2.0, "households_no_vehicle": 9.0, "no_vehicle_pct": 33.3, "vehicles_available_min": 31.0, "median_gross_rent": 3300.0, "median_home_value": null, "rent_burdened_30pct": 58.3, "rent_burdened_50pct": 37.5, "workers": 373.0, "commute_drive_alone_pct": 8.3, "commute_carpool_pct": 0.0, "commute_transit_pct": 16.1, "commute_bicycle_pct": 0.0, "commute_walk_pct": 57.6, "commute_work_from_home_pct": 9.4, "housing_units": 27.0, "vacant_units": 0.0, "units_1_detached_pct": 66.7, "units_1_attached_pct": 0.0, "units_2_4_pct": 0.0, "units_5_19_pct": 0.0, "units_20_plus_pct": 33.3, "built_before_1940_pct": 0.0, "built_2010_or_later_pct": 0.0, "hispanic_pct": 16.7, "white_nh_pct": 38.7, "black_nh_pct": 9.7, "asian_nh_pct": 30.7, "bachelors_or_higher_pct": 93.6, "below_poverty_pct": 35.5, "median_household_income_moe": 123669.0, "population_moe": 42.0 }, "geometry": { "type": "Polygon", "coordinates": [ [ [ -122.266367, 37.874107 ], [ -122.266329, 37.874188 ], [ -122.264699, 37.87438 ], [ -122.26394, 37.87461 ], [ -122.262133, 37.87486 ], [ -122.255726, 37.875668 ], [ -122.254723, 37.875627 ], [ -122.255317, 37.878399 ], [ -122.255378, 37.878392 ], [ -122.255394, 37.878549 ], [ -122.254917, 37.878633 ], [ -122.255083, 37.880257 ], [ -122.251453, 37.880709 ], [ -122.24727, 37.881068 ], [ -122.247031, 37.881173 ], [ -122.246439, 37.881203 ], [ -122.245156, 37.869737 ], [ -122.245851, 37.869919 ], [ -122.24607, 37.869897 ], [ -122.246483, 37.870304 ], [ -122.246806, 37.870414 ], [ -122.24751, 37.870454 ], [ -122.248483, 37.870089 ], [ -122.248706, 37.870137 ], [ -122.248892, 37.870248 ], [ -122.249217, 37.870317 ], [ -122.249577, 37.870249 ], [ -122.249687, 37.870138 ], [ -122.249734, 37.869396 ], [ -122.249942, 37.869363 ], [ -122.250971, 37.869328 ], [ -122.252335, 37.869186 ], [ -122.252328, 37.869616 ], [ -122.26599, 37.867834 ], [ -122.266037, 37.868165 ], [ -122.266266, 37.868656 ], [ -122.266279, 37.86885 ], [ -122.26586, 37.869692 ], [ -122.266367, 37.874107 ] ] ] } },
{ "type": "Feature", "properties": { "GEOID": "060014227004", "ALAND": 41356, "AWATER": 0, "population": 1037.0, "households": 306.0, "owner_households": 0.0, "renter_households": 306.0, "renter_household_pct": 100.0, "residents_owner_occupied": 0.0, "residents_renter_occupied": 756.0, "median_household_income": null, "per_capita_income": 31463.0, "hh_income_under_50k": 154.0, "hh_income_50k_100k": 49.0, "hh_income_100k_200k": 89.0, "hh_income_200k_plus": 14.0, "age_under_18": 40.0, "age_18_24": 586.0, "age_25_34": 351.0, "age_35_64": 48.0, "age_65_plus": 12.0, "households_no_vehicle": 94.0, "no_vehicle_pct": 30.7, "vehicles_available_min": 327.0, "median_gross_rent": 1944.0, "median_home_value": null, "rent_burdened_30pct": 74.6, "rent_burdened_50pct": 55.5, "workers": 497.0, "commute_drive_alone_pct": 22.9, "commute_carpool_pct": 5.4, "commute_transit_pct": 2.4, "commute_bicycle_pct": 5.6, "commute_walk_pct": 43.9, "commute_work_from_home_pct": 14.3, "housing_units": 383.0, "vacant_units": 77.0, "units_1_detached_pct": 3.7, "units_1_attached_pct": 0.0, "units_2_4_pct": 2.9, "units_5_19_pct": 35.8, "units_20_plus_pct": 57.7, "built_before_1940_pct": 29.0, "built_2010_or_later_pct": 0.0, "hispanic_pct": 4.7, "white_nh_pct": 51.1, "black_nh_pct": 2.4, "asian_nh_pct": 33.3, "bachelors_or_higher_pct": 84.2, "below_poverty_pct": 56.3, "median_household_income_moe": null, "population_moe": 375.0 }, "geometry": { "type": "Polygon", "coordinates": [ [ [ -122.25429, 37.867508 ], [ -122.252119, 37.867792 ], [ -122.251948, 37.86748 ], [ -122.251872, 37.866817 ], [ -122.251893, 37.866659 ], [ -122.251653, 37.865887 ], [ -122.253954, 37.865737 ], [ -122.254223, 37.866931 ], [ -122.25429, 37.867508 ] ] ] } },
{ "type": "Feature", "properties": { "GEOID": "060014224004", "ALAND": 92169, "AWATER": 0, "population": 805.0, "households": 490.0, "owner_households": 62.0, "renter_households": 428.0, "renter_household_pct": 87.3, "residents_owner_occupied": 104.0, "residents_renter_occupied": 701.0, "median_household_income": 84091.0, "per_capita_income": 63031.0, "hh_income_under_50k": 149.0, "hh_income_50k_100k": 124.0, "hh_income_100k_200k": 151.0, "hh_income_200k_plus": 66.0, "age_under_18": 0.0, "age_18_24": 283.0, "age_25_34": 316.0, "age_35_64": 69.0, "age_65_plus": 137.0, "households_no_vehicle": 264.0, "no_vehicle_pct": 53.9, "vehicles_available_min": 296.0, "median_gross_rent": 2310.0, "median_home_value": 1156300.0, "rent_burdened_30pct": 47.3, "rent_burdened_50pct": 24.3, "workers": 412.0, "commute_drive_alone_pct": 16.0, "commute_carpool_pct": 0.0, "commute_transit_pct": 8.7, "commute_bicycle_pct": 0.0, "commute_walk_pct": 13.1, "commute_work_from_home_pct": 62.1, "housing_units": 742.0, "vacant_units": 252.0, "units_1_detached_pct": 5.5, "units_1_attached_pct": 2.7, "units_2_4_pct": 2.0, "units_5_19_pct": 60.5, "units_20_plus_pct": 29.2, "built_before_1940_pct": 42.6, "built_2010_or_later_pct": 2.2, "hispanic_pct": 8.3, "white_nh_pct": 33.2, "black_nh_pct": 2.1, "asian_nh_pct": 50.9, "bachelors_or_higher_pct": 92.7, "below_poverty_pct": 20.2, "median_household_income_moe": 40769.0, "population_moe": 284.0 }, "geometry": { "type": "Polygon", "coordinates": [ [ [ -122.269178, 37.878377 ], [ -122.265752, 37.878806 ], [ -122.26565, 37.876971 ], [ -122.267803, 37.876692 ], [ -122.267534, 37.874047 ], [ -122.268671, 37.873896 ], [ -122.268739, 37.874802 ], [ -122.268884, 37.875637 ], [ -122.269178, 37.878377 ] ] ] } },
{ "type": "Feature", "properties": { "GEOID": "060014229022", "ALAND": 113839, "AWATER": 0, "population": 1050.0, "households": 756.0, "owner_households": 0.0, "renter_households": 756.0, "renter_household_pct": 100.0, "residents_owner_occupied": 0.0, "residents_renter_occupied": 1050.0, "median_household_income": 65238.0, "per_capita_income": 47864.0, "hh_income_under_50k": 329.0, "hh_income_50k_100k": 277.0, "hh_income_100k_200k": 117.0, "hh_income_200k_plus": 33.0, "age_under_18": 37.0, "age_18_24": 376.0, "age_25_34": 306.0, "age_35_64": 305.0, "age_65_plus": 26.0, "households_no_vehicle": 471.0, "no_vehicle_pct": 62.3, "vehicles_available_min": 305.0, "median_gross_rent": 1719.0, "median_home_value": null, "rent_burdened_30pct": 38.4, "rent_burdened_50pct": 30.3, "workers": 570.0, "commute_drive_alone_pct": 10.9, "commute_carpool_pct": 0.0, "commute_transit_pct": 7.4, "commute_bicycle_pct": 0.0, "commute_walk_pct": 18.4, "commute_work_from_home_pct": 63.3, "housing_units": 822.0, "vacant_units": 66.0, "units_1_detached_pct": 1.3, "units_1_attached_pct": 0.0, "units_2_4_pct": 4.0, "units_5_19_pct": 5.6, "units_20_plus_pct": 89.1, "built_before_1940_pct": 51.0, "built_2010_or_later_pct": 0.0, "hispanic_pct": 5.1, "white_nh_pct": 23.9, "black_nh_pct": 10.0, "asian_nh_pct": 35.7, "bachelors_or_higher_pct": 61.9, "below_poverty_pct": 27.9, "median_household_income_moe": 39737.0, "population_moe": 546.0 }, "geometry": { "type": "Polygon", "coordinates": [ [ [ -122.270747, 37.871795 ], [ -122.266159, 37.872389 ], [ -122.26586, 37.869692 ], [ -122.265921, 37.869512 ], [ -122.266227, 37.868998 ], [ -122.266285, 37.86873 ], [ -122.266037, 37.868165 ], [ -122.26599, 37.867834 ], [ -122.267878, 37.8676 ], [ -122.268043, 37.869397 ], [ -122.267977, 37.870235 ], [ -122.268193, 37.870461 ], [ -122.268289, 37.871178 ], [ -122.270673, 37.870878 ], [ -122.270747, 37.871795 ] ] ] } },
{ "type": "Feature", "properties": { "GEOID": "060014229023", "ALAND": 87857, "AWATER": 0, "population": 142.0, "households": 77.0, "owner_households": 0.0, "renter_households": 77.0, "renter_household_pct": 100.0, "residents_owner_occupied": 0.0, "residents_renter_occupied": 142.0, "median_household_income": null, "per_capita_income": 26161.0, "hh_income_under_50k": 51.0, "hh_income_50k_100k": 8.0, "hh_income_100k_200k": 18.0, "hh_income_200k_plus": 0.0, "age_under_18": 0.0, "age_18_24": 124.0, "age_25_34": 0.0, "age_35_64": 0.0, "age_65_plus": 18.0, "households_no_vehicle": 40.0, "no_vehicle_pct": 51.9, "vehicles_available_min": 37.0, "median_gross_rent": 3501.0, "median_home_value": null, "rent_burdened_30pct": 100.0, "rent_burdened_50pct": 100.0, "workers": 0.0, "commute_drive_alone_pct": null, "commute_carpool_pct": null, "commute_transit_pct": null, "commute_bicycle_pct": null, "commute_walk_pct": null, "commute_work_from_home_pct": null, "housing_units": 283.0, "vacant_units": 206.0, "units_1_detached_pct": 0.0, "units_1_attached_pct": 0.0, "units_2_4_pct": 0.0, "units_5_19_pct": 0.0, "units_20_plus_pct": 100.0, "built_before_1940_pct": 0.0, "built_2010_or_later_pct": 37.8, "hispanic_pct": 0.0, "white_nh_pct": 47.2, "black_nh_pct": 0.0, "asian_nh_pct": 52.8, "bachelors_or_higher_pct": 100.0, "below_poverty_pct": 75.4, "median_household_income_moe": null, "population_moe": 132.0 }, "geometry": { "type": "Polygon", "coordinates": [ [ [ -122.270673, 37.870878 ], [ -122.268289, 37.871178 ], [ -122.268193, 37.870461 ], [ -122.267977, 37.870235 ], [ -122.268043, 37.869397 ], [ -122.267878, 37.8676 ], [ -122.270328, 37.867259 ], [ -122.27061, 37.869861 ], [ -122.270567, 37.869967 ], [ -122.270673, 37.870878 ] ] ] } },
{ "type": "Feature", "properties": { "GEOID": "060014229012", "ALAND": 91817, "AWATER": 0, "population": 866.0, "households": 453.0, "owner_households": 9.0, "renter_households": 444.0, "renter_household_pct": 98.0, "residents_owner_occupied": 9.0, "residents_renter_occupied": 857.0, "median_household_income": 63107.0, "per_capita_income": 44530.0, "hh_income_under_50k": 193.0, "hh_income_50k_100k": 97.0, "hh_income_100k_200k": 105.0, "hh_income_200k_plus": 58.0, "age_under_18": 35.0, "age_18_24": 358.0, "age_25_34": 184.0, "age_35_64": 176.0, "age_65_plus": 113.0, "households_no_vehicle": 158.0, "no_vehicle_pct": 34.9, "vehicles_available_min": 338.0, "median_gross_rent": 2156.0, "median_home_value": null, "rent_burdened_30pct": 40.9, "rent_burdened_50pct": 27.8, "workers": 464.0, "commute_drive_alone_pct": 29.1, "commute_carpool_pct": 0.0, "commute_transit_pct": 14.7, "commute_bicycle_pct": 0.0, "commute_walk_pct": 27.8, "commute_work_from_home_pct": 28.4, "housing_units": 742.0, "vacant_units": 289.0, "units_1_detached_pct": 0.0, "units_1_attached_pct": 0.0, "units_2_4_pct": 4.6, "units_5_19_pct": 12.4, "units_20_plus_pct": 81.8, "built_before_1940_pct": 11.2, "built_2010_or_later_pct": 12.1, "hispanic_pct": 8.3, "white_nh_pct": 27.1, "black_nh_pct": 6.6, "asian_nh_pct": 52.9, "bachelors_or_higher_pct": 77.8, "below_poverty_pct": 36.6, "median_household_income_moe": 46733.0, "population_moe": 388.0 }, "geometry": { "type": "Polygon", "coordinates": [ [ [ -122.270328, 37.867259 ], [ -122.267723, 37.867619 ], [ -122.267324, 37.863991 ], [ -122.269834, 37.863665 ], [ -122.269873, 37.863735 ], [ -122.270051, 37.86548 ], [ -122.270112, 37.865579 ], [ -122.270328, 37.867259 ] ] ] } },
{ "type": "Feature", "properties": { "GEOID": "060014229011", "ALAND": 67013, "AWATER": 0, "population": 902.0, "households": 402.0, "owner_households": 0.0, "renter_households": 402.0, "renter_household_pct": 100.0, "residents_owner_occupied": 0.0, "residents_renter_occupied": 870.0, "median_household_income": 28036.0, "per_capita_income": 17011.0, "hh_income_under_50k": 314.0, "hh_income_50k_100k": 58.0, "hh_income_100k_200k": 30.0, "hh_income_200k_plus": 0.0, "age_under_18": 0.0, "age_18_24": 734.0, "age_25_34": 98.0, "age_35_64": 37.0, "age_65_plus": 33.0, "households_no_vehicle": 307.0, "no_vehicle_pct": 76.4, "vehicles_available_min": 135.0, "median_gross_rent": 1663.0, "median_home_value": null, "rent_burdened_30pct": 81.8, "rent_burdened_50pct": 55.2, "workers": 502.0, "commute_drive_alone_pct": 15.7, "commute_carpool_pct": 0.0, "commute_transit_pct": 12.7, "commute_bicycle_pct": 8.0, "commute_walk_pct": 34.7, "commute_work_from_home_pct": 28.9, "housing_units": 558.0, "vacant_units": 156.0, "units_1_detached_pct": 0.0, "units_1_attached_pct": 0.0, "units_2_4_pct": 15.2, "units_5_19_pct": 5.7, "units_20_plus_pct": 79.0, "built_before_1940_pct": 7.3, "built_2010_or_later_pct": 46.8, "hispanic_pct": 11.3, "white_nh_pct": 47.1, "black_nh_pct": 3.9, "asian_nh_pct": 32.5, "bachelors_or_higher_pct": 100.0, "below_poverty_pct": 64.0, "median_household_income_moe": 7982.0, "population_moe": 383.0 }, "geometry": { "type": "Polygon", "coordinates": [ [ [ -122.267723, 37.867619 ], [ -122.26599, 37.867834 ], [ -122.265879, 37.867063 ], [ -122.265277, 37.864265 ], [ -122.267324, 37.863991 ], [ -122.267723, 37.867619 ] ] ] } },
{ "type": "Feature", "properties": { "GEOID": "060014228004", "ALAND": 81410, "AWATER": 0, "population": 1541.0, "households": 565.0, "owner_households": 12.0, "renter_households": 553.0, "renter_household_pct": 97.9, "residents_owner_occupied": 12.0, "residents_renter_occupied": 1268.0, "median_household_income": 63295.0, "per_capita_income": 51538.0, "hh_income_under_50k": 209.0, "hh_income_50k_100k": 153.0, "hh_income_100k_200k": 76.0, "hh_income_200k_plus": 127.0, "age_under_18": 37.0, "age_18_24": 966.0, "age_25_34": 181.0, "age_35_64": 266.0, "age_65_plus": 91.0, "households_no_vehicle": 321.0, "no_vehicle_pct": 56.8, "vehicles_available_min": 320.0, "median_gross_rent": 2076.0, "median_home_value": null, "rent_burdened_30pct": 57.5, "rent_burdened_50pct": 36.3, "workers": 738.0, "commute_drive_alone_pct": 9.6, "commute_carpool_pct": 1.6, "commute_transit_pct": 5.4, "commute_bicycle_pct": 1.8, "commute_walk_pct": 21.0, "commute_work_from_home_pct": 59.6, "housing_units": 699.0, "vacant_units": 134.0, "units_1_detached_pct": 0.0, "units_1_attached_pct": 1.7, "units_2_4_pct": 13.0, "units_5_19_pct": 19.9, "units_20_plus_pct": 65.4, "built_before_1940_pct": 44.3, "built_2010_or_later_pct": 18.7, "hispanic_pct": 9.3, "white_nh_pct": 30.7, "black_nh_pct": 12.8, "asian_nh_pct": 35.1, "bachelors_or_higher_pct": 91.3, "below_poverty_pct": 43.8, "median_household_income_moe": 25604.0, "population_moe": 436.0 }, "geometry": { "type": "Polygon", "coordinates": [ [ [ -122.265657, 37.866056 ], [ -122.261103, 37.866634 ], [ -122.260741, 37.864843 ], [ -122.265277, 37.864265 ], [ -122.265657, 37.866056 ] ] ] } },
{ "type": "Feature", "properties": { "GEOID": "060014229021", "ALAND": 183756, "AWATER": 0, "population": 1022.0, "households": 438.0, "owner_households": 0.0, "renter_households": 438.0, "renter_household_pct": 100.0, "residents_owner_occupied": 0.0, "residents_renter_occupied": 956.0, "median_household_income": 43333.0, "per_capita_income": 33675.0, "hh_income_under_50k": 225.0, "hh_income_50k_100k": 57.0, "hh_income_100k_200k": 131.0, "hh_income_200k_plus": 25.0, "age_under_18": 76.0, "age_18_24": 590.0, "age_25_34": 160.0, "age_35_64": 196.0, "age_65_plus": 0.0, "households_no_vehicle": 171.0, "no_vehicle_pct": 39.0, "vehicles_available_min": 344.0, "median_gross_rent": 2298.0, "median_home_value": null, "rent_burdened_30pct": 81.7, "rent_burdened_50pct": 57.1, "workers": 476.0, "commute_drive_alone_pct": 1.7, "commute_carpool_pct": 8.4, "commute_transit_pct": 14.7, "commute_bicycle_pct": 5.7, "commute_walk_pct": 26.5, "commute_work_from_home_pct": 43.1, "housing_units": 438.0, "vacant_units": 0.0, "units_1_detached_pct": 12.8, "units_1_attached_pct": 2.7, "units_2_4_pct": 1.8, "units_5_19_pct": 32.9, "units_20_plus_pct": 49.8, "built_before_1940_pct": 5.9, "built_2010_or_later_pct": 32.4, "hispanic_pct": 12.9, "white_nh_pct": 31.6, "black_nh_pct": 0.0, "asian_nh_pct": 44.5, "bachelors_or_higher_pct": 43.3, "below_poverty_pct": 53.5, "median_household_income_moe": 38579.0, "population_moe": 334.0 }, "geometry": { "type": "Polygon", "coordinates": [ [ [ -122.273067, 37.871512 ], [ -122.270732, 37.871825 ], [ -122.270567, 37.869967 ], [ -122.27061, 37.869861 ], [ -122.270434, 37.868168 ], [ -122.269834, 37.863665 ], [ -122.272161, 37.863352 ], [ -122.273067, 37.871512 ] ] ] } },
{ "type": "Feature", "properties": { "GEOID": "060014239011", "ALAND": 258281, "AWATER": 0, "population": 1251.0, "households": 504.0, "owner_households": 176.0, "renter_households": 328.0, "renter_household_pct": 65.1, "residents_owner_occupied": 460.0, "residents_renter_occupied": 791.0, "median_household_income": 83214.0, "per_capita_income": 72143.0, "hh_income_under_50k": 95.0, "hh_income_50k_100k": 187.0, "hh_income_100k_200k": 44.0, "hh_income_200k_plus": 178.0, "age_under_18": 255.0, "age_18_24": 93.0, "age_25_34": 306.0, "age_35_64": 427.0, "age_65_plus": 170.0, "households_no_vehicle": 94.0, "no_vehicle_pct": 18.7, "vehicles_available_min": 741.0, "median_gross_rent": 2326.0, "median_home_value": 1550000.0, "rent_burdened_30pct": 44.7, "rent_burdened_50pct": 22.3, "workers": 699.0, "commute_drive_alone_pct": 37.6, "commute_carpool_pct": 17.0, "commute_transit_pct": 13.2, "commute_bicycle_pct": 8.0, "commute_walk_pct": 0.0, "commute_work_from_home_pct": 24.2, "housing_units": 522.0, "vacant_units": 18.0, "units_1_detached_pct": 33.7, "units_1_attached_pct": 6.9, "units_2_4_pct": 42.9, "units_5_19_pct": 16.5, "units_20_plus_pct": 0.0, "built_before_1940_pct": 65.3, "built_2010_or_later_pct": 1.1, "hispanic_pct": 22.9, "white_nh_pct": 36.5, "black_nh_pct": 12.8, "asian_nh_pct": 20.5, "bachelors_or_higher_pct": 64.2, "below_poverty_pct": 6.9, "median_household_income_moe": 28470.0, "population_moe": 273.0 }, "geometry": { "type": "Polygon", "coordinates": [ [ [ -122.271852, 37.847251 ], [ -122.271648, 37.848433 ], [ -122.270814, 37.850667 ], [ -122.270802, 37.850958 ], [ -122.271161, 37.854268 ], [ -122.26922, 37.854605 ], [ -122.268513, 37.855029 ], [ -122.266598, 37.855289 ], [ -122.266128, 37.852009 ], [ -122.267778, 37.851796 ], [ -122.267952, 37.851822 ], [ -122.268965, 37.851616 ], [ -122.268374, 37.848768 ], [ -122.269507, 37.848582 ], [ -122.269144, 37.84674 ], [ -122.271236, 37.846465 ], [ -122.271313, 37.846641 ], [ -122.271764, 37.847041 ], [ -122.271852, 37.847251 ] ] ] } }
]
}
