"beso_id","property_building_name","building_address","alternate_addresses","beso_property_type","floor_area","_2024_benchmark_status","_2024_energy_star_score","_2024_site_eui_kbtu_ft2_","_2024_source_eui_kbtu_ft2_","_2024_natural_gas_use_therms_","_2024_electricity_use_grid_purchase_kwh_","_2023_benchmark_status","_2023_energy_star_score","_2023_site_eui_kbtu_ft2_","_2023_source_eui_kbtu_ft2_","_2023_natural_gas_use_kbtu_","_2023_electricity_use_grid_purchase_kwh_","_2022_benchmark_status","_2022_energy_star_score","_2022_site_eui_kbtu_ft2","_2022_source_eui_kbtu_ft2","_2022_natural_gas_use_kbtu_","_2022_electricity_use_grid_purchase_kwh_","_2021_benchmark_status","_2021_energy_star_score","_2021_site_eui_kbtu_ft2","_2021_source_eui_kbtu_ft2","_2021_natural_gas_use_kbtu_","_2021_electricity_use_grid_purchase_kwh_","assessment_requirement","assessment_first_cycle_due_date","assessment_first_cycle_status","assessment_first_cycle_payment_status","assessment_second_cycle_due_date","assessment_second_cycle_status","assessment_second_cycle_payment_status","assessment_third_cycle_due_date","assessment_third_cycle_status","assessment_third_cycle_payment_status"
"0000","BUILDING NAME","1 BUILDING ADDRESS",,"Other","123456","2024 - Complied",,,,,,"2023 - Complied",,,,,,"2022 - Complied",,,,,,"2021 - Complied",,,,,,"Large Building","7/1/2030","Upcoming","Upcoming",,,,,,
"1020","Redwood Gardens Apartments","2951 DERBY ST","2951 DERBY ST","Multifamily (5+ Units)","125813","2024 - Complied","98","22.8","44.8","13595.48","440584.7","2023 - Complied","97","24.8","49.3","14130.73","478396.8","2022 - Complied","97","24.7","48.9","14197.45","472191.7","2021 - Did Not Report",,,,,,"Large Building","7/1/2018","Did Not Comply","Due","7/1/2023","Pending","Due",,,
"1030","LifeLong Over 60 Health Center; Mable Howard","3250 SACRAMENTO ST","1499 ALCATRAZ AVE; 3250 SACRAMENTO ST; 3260 SACRAMENTO ST; 1497 ALCATRAZ AVE","Multifamily (5+ Units)","45453","2024 - Complied",,"31.6","73.7","3865.21","308242.1","2023 - Complied",,"37.2","86","4726.25","358012.4","2022 - Complied",,"35.3","83.2","4093.21","351433.1","2021 - Did Not Report",,,,,,"Large Building","7/1/2018","Did Not Comply","Due","7/1/2023","Pending","Due",,,
"1040","Telegraph Medical","3120 TELEGRAPH AVE","3120 TELEGRAPH AVE","Mixed Use (Comm/MF)","25982","2024 - Complied","100","6","15.5","214.51","39741.3","2023 - Complied","100","6.5","16.7","227.19","42988.6","2022 - Complied","100","5.2","13.3","173.5","34382.7","2021 - Complied","100","3.6","8.8","186.93","21793.8","Large Building","7/1/2019","Complied","Paid","7/1/2024","Did Not Comply","Due",,,
"1050","Regent Street Medical Office Building and Care Center","2999 REGENT ST","2999 REGENT ST","Commercial","63000","2024 - Complied","54","83.1","165.6","24184.44","826266.9","2023 - Complied","39","98.8","188.5","31763.26","893664.5","2022 - Complied","8","145","263.1","51490.39","1168824.2","2021 - Did Not Report",,,,,,"Large Building","7/1/2018","Deferred","Deferred","7/1/2023","Did Not Comply","Due",,,
"1060","Telegraph Gardens","3001 TELEGRAPH AVE","3001 TELEGRAPH AVE","Multifamily (5+ Units)","42194","2024 - In Progress",,,,,,"2023 - Did Not Report",,,,,,"2022 - Did Not Report",,,,,,"2021 - Did Not Report",,,,,,"Large Building","7/1/2019","Deferred","Deferred","7/1/2024","Did Not Comply","Due",,,
"1070","Alta Bates Summit Medical Center - Ashby","2450 ASHBY AVE","3001 COLBY ST","Commercial","457073","2024 - Complied","24","259.4","430.2","773480.59","12079011","2023 - Complied","17","275.2","452.6","830770.89","12521558.2","2022 - Complied","14","282.8","465","853908.69","12861684.4","2021 - Complied","11","290.6","473.2","889365.65","12864542.4","Large Building","7/1/2018","Exempt","Exempt","7/1/2023","Complied","Paid","7/1/2028","Upcoming","Upcoming"
"1080","3000 Colby St","3000 COLBY ST","3000 COLBY ST; 3010 COLBY ST","Commercial","47252","2024 - Did Not Report",,,,,,"2023 - Did Not Report",,,,,,"2022 - Did Not Report","100",,,,,"2021 - Did Not Report",,,,,,"Large Building","7/1/2019","Did Not Comply","Due",,,,,,
"1090","3000 Telegraph Ave","3000 TELEGRAPH AVE","3000 TELEGRAPH AVE","Commercial","24500","2024 - Complied",,"338.8","664.3","39817","1265970","2023 - Complied",,"339","678.2","37948","1322114.9","2022 - Complied","37","331.9","665","36985.01","1299007.2","2021 - Complied","37","334.6","658.2","39005","1259137.5","Large Building","7/1/2019","Complied","Paid","7/1/2024","Did Not Comply","Due",,,
"1120","William Byron Rumford Plaza","3012 SACRAMENTO ST","3012 SACRAMENTO ST; 3017 STANTON ST","Multifamily (5+ Units)","36500","2024 - Complied","84","46.2","71.9","12016.71","142487.4","2023 - Complied","77","51.2","77.7","13724.56","145919.3","2022 - Complied","77","50.3","78.1","13089.92","154632.4","2021 - Exempt",,,,,,"Large Building","7/1/2019","Complied","Paid","7/1/2024","Did Not Comply","Due",,,
"1130","Higby","3015 SAN PABLO AVE","3015 SAN PABLO AVE; 1200 ASHBY AVE","Mixed Use (Comm/MF)","82921","2024 - Complied","67","42.4","85.8","15613.57","572916.1","2023 - Complied","74","42.1","83.9","16033","552131.9","2022 - Insufficient Data",,,,,,"2021 - Did Not Report",,,,,,"Large Building","7/1/2018","Deferred","Deferred","7/1/2026","Upcoming","Upcoming",,,
"1150","URBAN ORE","900 MURRAY ST","900 MURRAY ST; 927 FOLGER AVE","Industrial","48997","2024 - Complied","100","4.6","8.7",,"32931.7","2023 - Did Not Report",,,,,,"2022 - Complied","100","4.8","9.5",,"37286.7","2021 - Complied","100","3.5","9.8",,"50224","Large Building","7/1/2019","Deferred","Deferred","7/1/2024","Exempt","Exempt",,,
"1160","2503 Haste St","2503 HASTE ST","2509 Haste St","Mixed Use (Comm/MF)","92693","2024 - Complied",,"20.3","45.5","5998.43","375397","2023 - Insufficient Data",,,,,,"2022 - Complied",,"11.8","32.8","63.7","317742.9","2021 - Did Not Report",,,,,,"Large Building","7/1/2018","Deferred","Deferred","7/1/2023","Complied","Paid","7/1/2028","Upcoming","Upcoming"
"1180","Folger Murray Properties","1047 Folger Ave","1041 FOLGER AVE; 1043 FOLGER AVE; 1028 MURRAY ST; 1040 MURRAY ST; 1051 FOLGER AVE; 1053 FOLGER AVE; 1045 FOLGER AVE; 1027 FOLGER AVE; 1038 MURRAY ST; 1030 MURRAY ST; 1024 MURRAY ST; 1042 MURRAY ST; 1032 MURRAY ST; 1033 FOLGER AVE","Industrial","45103","2024 - Complied",,"2.7","5.9","443.15","23137","2023 - Complied",,"6","13.3","879.77","52950.7","2022 - Complied",,"8.4","19.9","928.45","83684.9","2021 - Complied",,"10.1","23.6","1211.91","97959.9","Large Building","7/1/2019","Complied","Paid","7/1/2026","Upcoming","Upcoming",,,
"1250","2929 FIFTH St","2929 FIFTH ST","808 ANTHONY ST; 2929 FIFTH ST","Commercial","37840","2024 - Complied",,"19.8","50.5","1055.6","188538","2023 - Complied",,"25.4","62.8","1780.68","229050","2022 - Complied",,"24.8","61.8","1663","226415.2","2021 - Did Not Report",,,,,,"Large Building","7/1/2019","Deferred","Deferred","7/1/2024","Complied","Paid","7/1/2029","Upcoming","Upcoming"
"1260","825 POTTER ST","825 POTTER ST","795 POTTER ST; 825 POTTER ST; 834 POTTER ST; 822 ANTHONY ST;846 ANTHONY ST; 875 POTTER ST; 885 POTTER ST","Commercial","45125","2024 - Complied","72","22.7","63.6","0","300346.6","2023 - Complied","78","21.3","59.6","0","281595.5","2022 - Complied","86","18.3","51.2","0","241749.2","2021 - Did Not Report",,,,,,"Large Building","7/1/2019","Deferred","Deferred","7/1/2024","Complied","Paid","7/1/2029","Upcoming","Upcoming"
"1290","800 Heinz Ave","800 HEINZ AVE","800 HEINZ AVE","Commercial","22347","2024 - Complied",,"28.7","72.2","1021.74","157752.4","2023 - Complied",,"32","81.3","1080.16","178225.6","2022 - Complied",,"32.5","81.8","1173.16","178487.3","2021 - Complied","84","34.2","85.7","1299.26","186175.8","Large Building","7/1/2019","Deferred","Deferred","7/1/2024","Deferred","Deferred","7/1/2029","Upcoming","Upcoming"
"1320","Berkeley Ironworks","800 POTTER ST","800 POTTER ST","Mixed Use","17000","2024 - Did Not Report",,,,,,"2023 - Did Not Report",,,,,,"2022 - Did Not Report",,,,,,"2021 - Did Not Report",,,,,,"Time of Sale",,,,,,,,,
"1330","Bishop Berkeley Apartments","2709 DWIGHT WAY","2709 DWIGHT WAY","Multifamily (5+ Units)","43065","2024 - Complied","91","28.5","36.3","10695.64","46068.2","2023 - Complied","81","34.9","43.7","13300.77","50716.2","2022 - Complied","72","59","74","12242.68","47339","2021 - Did Not Report",,,,,,"Time of Sale",,,,,,,,,
"1350","Aquatic Shattuck","2640 SHATTUCK AVE","2628 SHATTUCK AVE; 2648 SHATTUCK AVE; 2650 SHATTUCK AVE","Mixed Use (Comm/MF)","74681","2024 - Complied",,"5.2","14.7",,"114685.9","2023 - Complied","100","12.2","22.3","5082.91","118698.4","2022 - Complied","100","12.4","22.5","5204.64","118981.2","2021 - Exempt",,,,,,"Large Building","7/1/2031","Upcoming","Upcoming",,,,,,
"1360","Berkeley Business Center","2942 SAN PABLO AVE","1020-1060 Heinz Ave; 1099 ASHBY AVE; 2900-2998 San Pablo Avenue","Mixed Use (Comm/Ind)","263943","2024 - Complied",,"29.8","64.9","28082.69","1484719.9","2023 - Complied",,"31.1","65.9","32070.05","1467525.6","2022 - Complied",,"29.1","65.6","23838.5","1550146.7","2021 - Complied",,"25.5","59.9","17282.1","1463674.6","Large Building","7/1/2018","Did Not Comply","Due",,,,,,
"1370","2067 UNIVERSITY AVE","2067 UNIVERSITY AVE",,"Mixed Use (Comm/MF)","29968","2024 - Complied","100","7.9","22.2",,"69623.1","2023 - Exempt",,,,,,"2022 - Did Not Report",,,,,,"2021 - Exempt",,,,,,"Large Building","7/1/2034","Upcoming","Upcoming",,,,,,
"1380","2100 SAN PABLO AVE","2100 San Pablo Ave","2120 SAN PABLO AVE","Mixed Use (Comm/MF)","83207","2024 - Did Not Report",,,,,,"2023 - Exempt",,,,,,"2022 - Exempt",,,,,,,,,,,,"Large Building","7/1/2033","Upcoming","Upcoming",,,,,,
"1421","707 Heinz Ave","707 HEINZ AVE","707 HEINZ AVE","Industrial","17720","2024 - Complied","81","17","30","1791.44","35984.6","2023 - Complied","35","66.7","75.1","11303.81","15003.2","2022 - Did Not Report",,,,,,"2021 - Did Not Report",,,,,,"Time of Sale",,,,,,,,,
"1430","Berkeley Arts Complex","729 HEINZ AVE","729 HEINZ AVE","Commercial","35200","2024 - Complied",,"72.2","133.8","13761.95","341772","2023 - Complied",,"69.8","126.6","13825.77","314409.3","2022 - Complied","5","45.8","83.6","15292.5","356734.1","2021 - Did Not Report",,,,,,"Large Building","7/1/2018","Did Not Comply","Due",,,,,,
"1441","745-809 Heinz Ave","2850 SEVENTH ST","2850 SEVENTH ST","Commercial","27925","2024 - Complied","1","145.9","398.9","1556.58","1148818","2023 - Complied","1","156.8","429.3","1548.29","1237798.2","2022 - Complied","38","61.5","165.1","1147.37","469841.5","2021 - Complied","35","62","166.9","1082.67","475930.4","Large Building","7/1/2019","Complied","Paid","7/1/2024","Complied","Paid","7/1/2029","Upcoming","Upcoming"
"1470","Ecole Bilingue de Berkeley","1001 HEINZ AVE","1009 HEINZ AVE; 1001 HEINZ AVE; 1023 HEINZ AVE","Commercial","25000","2024 - Insufficient Data",,,,,,"2023 - Complied","93","22.2","59.2","411","150441","2022 - Complied","91","31.2","64.4","3259.92","132809.2","2021 - Complied","92","31.1","60.6","3770.38","117105.3","Time of Sale",,,,,,,,,
"1480","Rosewood Apartments","1615 RUSSELL ST","1615 RUSSELL ST; 1617 RUSSELL ST","Multifamily (5+ Units)","32412","2024 - Did Not Report",,,,,,"2023 - Did Not Report",,,,,,"2022 - Did Not Report",,,,,,"2021 - Did Not Report",,,,,,"Large Building","7/1/2019","Did Not Comply","Due",,,,,,
"1490","Harriet Tubman Terrace Apartments","2870 ADELINE ST","2870 ADELINE ST","Multifamily (5+ Units)","62823","2024 - Complied","50","49.6","88.2","18207.97","379843.7","2023 - Complied","42","54.2","96.4","19912.91","414821.8","2022 - Complied","49","40.9","75.5","13963.25","343214.5","2021 - Complied","12","58.3","94.8","24570.78","353105.4","Large Building","7/1/2018","Did Not Comply","Paid",,,,,,
"1500","Berkeley Bowl","2020 OREGON ST","2020 OREGON ST","Commercial","44000","2024 - Complied","92","194.5","444.4","25229.5","1769348.3","2023 - Complied","94","182.2","419.7","22742.63","1683039.4","2022 - Complied","96","160.7","385.9","16109.43","1600452.1","2021 - Complied","97","134.6","348","7297.97","1522360.2","Large Building","7/1/2019","Deferred","Deferred","7/1/2024","Did Not Comply","Due",,,
"1520","CalFarm Bldg","2855 TELEGRAPH AVE","2855 TELEGRAPH AVE","Commercial","83557","2024 - Did Not Report",,,,,,"2023 - Did Not Report",,,,,,"2022 - Did Not Report",,,,,,"2021 - Did Not Report",,,,,,"Large Building","7/1/2018","Did Not Comply","Due",,,,,,
"1530","Ed Roberts Campus","3075 ADELINE ST","3075 ADELINE ST","Commercial","88000","2024 - Complied","99","36.5","65.7","18323.79","404161","2023 - Complied","97","46.6","82.8","23939.67","499793.7","2022 - Complied","98","41.5","76.4","19955.97","484671.1","2021 - Complied","98","41","73.1","20935.06","442879.6","Large Building","7/1/2020","Did Not Comply","Due",,,,,,
"1540","Secure Space Storage","2721 SHATTUCK AVE","2711 SHATTUCK AVE","Industrial","45192","2024 - Complied",,"3","8.3",,"39234.3","2023 - Complied",,"2.8","7.7",,"36479.3","2022 - Exempt",,,,,,"2021 - Did Not Report",,,,,,"Large Building","7/1/2019","Did Not Comply","Due","7/1/2024","Deferred","Deferred","7/1/2029","Upcoming","Upcoming"
"1550","2009 ADDISON ST","2009 ADDISON ST",,"Mixed Use (Comm/MF)","43140",,,,,,,,,,,,,,,,,,,,,,,,,"Large Building","7/1/2033","Upcoming","Upcoming",,,,,,
"1570","Oregon Park Apartments","1425 OREGON ST","1425 OREGON ST","Multifamily (5+ Units)","38651","2024 - Complied","74","56.9","78.1","17941.31","118933.3","2023 - Complied","1","61.8","85.2","19416.06","131472","2022 - Complied","1","58.7","81.5","18280.14","128629.3","2021 - Complied","1","59","81.9","18379.47","129493.3","Large Building","7/1/2018","Complied","Paid","7/1/2027","Upcoming","Upcoming",,,
"1580","Avenue West","2700 SAN PABLO AVE","2700 SAN PABLO AVE","Multifamily (5+ Units)","39856","2024 - Complied","88","24.8","50.9","4219.94","166068.3","2023 - Complied","82","26.5","55.2","4331.53","182697.2","2022 - Complied","84","25.1","53.8","3783.82","182833.1","2021 - Complied","74","27","56","4456.97","184491.1","Large Building","7/1/2019","Complied","Paid","7/1/2024","Complied","Paid","7/1/2029","Upcoming","Upcoming"
"1600","1013 PARDEE ST","1013 PARDEE ST","1013 PARDEE ST; 2714 TENTH ST; 2712 TENTH ST; 1001 PARDEE ST; 1003 PARDEE ST","Industrial","26889","2024 - Did Not Report",,,,,,"2023 - Did Not Report",,,,,,"2022 - Did Not Report",,,,,,"2021 - Complied",,"27.9","62.9","2354.1","151245.1","Large Building","7/1/2018","Did Not Comply","Due",,,,,,
"1640","1717 UNIVERSITY AVE","1717 UNIVERSITY AVE",,"Mixed Use (Comm/MF)","21927","2024 - Did Not Report",,,,,,"2023 - Did Not Report",,,,,,"2022 - Did Not Report",,,,,,"2021 - Exempt",,,,,,"Time of Sale",,,,,,,,,
"1650","2600 Tenth (ZMC)","2600 TENTH ST","2657 NINTH ST; 1011 CARLETON ST; 2600 TENTH ST","Commercial","121172","2024 - Complied","47","71.8","140.8","41601.52","1329051.1","2023 - Complied","51","66.6","138.4","33322.08","1389138.7","2022 - Complied","73","55.9","127.4","20171.71","1394291.3","2021 - Complied","74","54.9","123.2","20813.31","1315876","Large Building","7/1/2018","Complied","Paid","7/1/2023","Complied","Paid","7/1/2028","Upcoming","Upcoming"
"1660","Willig Building","2603 EIGHTH ST","932 PARKER ST; 937 CARLETON ST; 940 PARKER ST; 2603 EIGHTH ST","Mixed Use (Comm/Ind)","65764","2024 - Complied",,"26.5","54.5","7434.77","293322.6","2023 - Complied",,"25.6","53.9","6743.25","296591.5","2022 - Complied",,"21.9","47.7","5144.37","271887.1","2021 - Complied",,"19","45.6","2835.24","282866.8","Large Building","7/1/2018","Pending","Due","7/1/2023","Deferred","Deferred","7/1/2028","Upcoming","Upcoming"
"1670","AIDEN HOTEL-1499 UNIVERSITY AVE","1499 UNIVERSITY AVE",,"Commercial","20520","2024 - Did Not Report",,,,,,"2023 - Complied","91","40.3","86.7","3062.94","152534.8","2022 - Complied","90","40.9","87.7","3156.23","153707.8","2021 - Exempt",,,,,,"Time of Sale",,,,,,,,,
"1710","Bridge Housing - Berkeley Way","2020 BERKELEY WAY",,"Mixed Use (Comm/MF)","104525","2024 - Complied","96","23","48.2","9696.51","420660.5","2023 - Complied","91","29.7","56.7","15857.58","446522.9","2022 - Exempt",,,,,,"2021 - Exempt",,,,,,"Large Building","7/1/2032","Upcoming","Upcoming",,,,,,
"1725","Weatherford BMW","735 ASHBY AVE","735 ASHBY AVE; 740 POTTER ST; 750 POTTER ST","Commercial","87857","2024 - Complied","88","20.9","58.6",,"539271.2","2023 - Complied","90","19.9","55.6",,"511674.4","2022 - Complied",,"19","53.2",,"489346.1","2021 - Complied",,"18.9","53.1",,"487923.2","Large Building","7/1/2018","Exempt","Exempt","7/1/2023","Exempt","Exempt",,,
"1745","2037 Parker St/Parker Apartments","2037 PARKER ST","2037 PARKER ST, 2598 SHATTUCK AVE","Multifamily (5+ Units)","31586","2024 - Complied","39","37.4","78.3","4777.83","206472","2023 - Complied","97","25.6","45.3","4751.73","97496","2022 - Complied","98","25","43.1","4876.54","88776.1","2021 - Complied","100","26.5","46","5142.4","97410.8","Large Building","7/1/2021","Did Not Comply","Due",,,,,,
"1750","915-927 Parker St","927 PARKER ST","905 PARKER ST; 927 PARKER ST; 915 PARKER ST; 921 PARKER ST; 901 PARKER ST; 2536 EIGHTH ST; 2540 EIGHTH ST; 2533 SEVENTH ST","Industrial","44162","2024 - Exempt",,,,,,"2023 - Exempt",,,,,,"2022 - Exempt",,,,,,"2021 - Did Not Report",,,,,,"Large Building","7/1/2019","Did Not Comply","Due",,,,,,
"1780","Parker Plaza","2560 NINTH ST","2560 NINTH ST; 2570 NINTH ST","Commercial","74062","2024 - Complied","97","20.3","48.3","3601.09","334536.8","2023 - Complied","97","21","49.3","3966.89","338515.7","2022 - Complied","98","19.4","45","3964.54","304967.9","2021 - Complied","99","16.5","37.3","3750.81","248138.4","Large Building","7/1/2018","Deferred","Deferred","7/1/2023","Did Not Comply","Due",,,
"1781","Parker Plaza (North)","2550 NINTH ST","2550 NINTH ST","Commercial","42043","2024 - Complied","98","18","36.1","3446.8","120825.5","2023 - Complied","99","17.7","34.7","3577.24","113535.5","2022 - Complied","98","19.1","40.5","3140.29","143584.9","2021 - Complied","99","16.6","35.4","2655.69","126545.3","Large Building","7/1/2019","Deferred","Deferred","7/1/2024","Did Not Comply","Due",,,
"1790","Margaret Breland Homes","2577 SAN PABLO AVE","2577 SAN PABLO AVE","Multifamily (5+ Units)","20309","2024 - Complied","92","30.3","63.8","2448.94","108705.3","2023 - Complied","85","32.7","69.7","2541.04","120204.3","2022 - Complied","93","20.7","45.5","1883.11","105759.9","2021 - Exempt",,,,,,"Large Building","7/1/2019","Did Not Comply","Due","7/1/2024","Pending","Due",,,
"1800","Sacramento Senior Homes","2517 SACRAMENTO ST","1501 BLAKE ST; 2517 SACRAMENTO ST","Multifamily (5+ Units)","34504","2024 - Complied","100","13.9","38.3","137.9","136696.1","2023 - Complied","99","16.5","45.5","140.74","162638.6","2022 - Complied","97","17.5","48.4","133.93","173460.9","2021 - Complied","93","18.8","51.9","136.3","185897.2","Large Building","7/1/2018","Complied","Paid","7/1/2023","Did Not Comply","Due",,,
"1810","Parker Apartments","2038 PARKER ST","2038 PARKER ST; 2600 SHATTUCK AVE","Mixed Use (Comm/MF)","129851","2024 - Complied","19","53.5","108.3","30843.23","1132932.8","2023 - Complied","21","54.6","110.3","31549.07","1152573.6","2022 - Complied","37","49.9","101","28601.61","1059022.9","2021 - Complied","89","49","105.7","10887.22","547583.3","Large Building","7/1/2018","Deferred","Deferred","7/1/2026","Upcoming","Upcoming",,,
"1820","Parker Villa Apartments","2124 PARKER ST","2124 PARKER ST","Multifamily (5+ Units)","24240","2024 - Did Not Report",,,,,,"2023 - Did Not Report",,,,,,"2022 - Did Not Report",,,,,,"2021 - Did Not Report",,,,,,"Time of Sale",,,,,,,,,
"1840","2240 Blake","2240 BLAKE ST","2240 BLAKE ST","Multifamily (5+ Units)","40864","2024 - Complied","100","14.3","28.7","2628.31","94060.6","2023 - Complied","100","17.9","35.7","3404.38","115175.5","2022 - Complied","100","16.5","32.4","3190.63","103624.5","2021 - Complied","100","15.3","30.5","2905.98","98375.5","Large Building","7/1/2019","Complied","Paid","7/1/2024","Complied","Paid","7/1/2029","Upcoming","Upcoming"
"1850","2216-2220 Dwight Way","2216 DWIGHT WAY","2220 DWIGHT WAY; 2216 DWIGHT WAY","Multifamily (5+ Units)","24500","2024 - Complied","100","17.2","21.2","3783.18","12861.4","2023 - Complied","100","26.3","31.4","5916.7","15409.4","2022 - Complied","100","21.4","25.8","4762.77","13850.4","2021 - Complied","100","16.7","29.6","2534.23","52822.8","Large Building","7/1/2019","Complied","Paid","7/1/2024","Did Not Comply","Due",,,
"1860","2230 Dwight Way","2230 DWIGHT WAY","2230 DWIGHT WAY","Multifamily (5+ Units)","25210","2024 - Complied","100","24.5","37.9","4434.36","51353.4","2023 - Complied","100","24.6","38.4","4369.97","53371","2022 - Complied","100","30.5","47.2","5482.87","64385.6","2021 - Complied","100","27.4","43.3","4827.29","61213.7","Large Building","7/1/2019","Complied","Paid","7/1/2024","Complied","Paid","7/1/2029","Upcoming","Upcoming"
"1880","2309 BLAKE ST","2309 BLAKE ST","2309 BLAKE ST","Multifamily (5+ Units)","35220","2024 - Complied","100","8.9","24.8",,"91489.1","2023 - Complied","100","19.9","38.1","3526.34","101647.7","2022 - Complied","100","21","38.2","4121.98","95463.1","2021 - Complied","100","20.4","37.3","4006.67","93446.8","Large Building","7/1/2019","Complied","Paid","7/1/2024","Deferred","Deferred","7/1/2029","Upcoming","Upcoming"
"1890","Americana Apartments","2324 DWIGHT WAY","2324 DWIGHT WAY; 2334 DWIGHT WAY","Multifamily (5+ Units)","42595","2024 - Complied","100","27","39.6","8785.91","79961.7","2023 - Complied","98","31.9","46.7","10387.18","94077.1","2022 - Complied","99","29.5","43.6","9496.19","89927.1","2021 - Complied","99","27.1","40.8","8537.67","87917.8","Large Building","7/1/2018","Complied","Paid","7/1/2023","Complied","Paid","7/1/2028","Upcoming","Upcoming"
"1900","Berkeley Town House","2550 DANA ST","2550 DANA ST","Multifamily (5+ Units)","65214","2024 - Complied","96","31.9","45.9","16197.78","135314.3","2023 - Complied","96","33.3","47.2","17136.84","133708.8","2022 - Complied","98","30.6","44.7","15302.79","136855","2021 - Complied","93","34.2","48.8","17521.74","140272.4","Large Building","7/1/2018","Deferred","Deferred","7/1/2023","Deferred","Deferred","7/1/2028","Upcoming","Upcoming"
"1910","1601 OXFORD ST","1601 OXFORD ST",,"Multifamily (5+ Units)","36456","2024 - Did Not Report",,,,,,"2023 - Complied","100","2.6","7.2",,"27657.9",,,,,,,,,,,,,"Large Building","7/1/2032","Upcoming","Upcoming",,,,,,
"1920","Glenn Building Apartment","2430 DWIGHT WAY","2430 DWIGHT WAY; 2550 TELEGRAPH AVE; 2548 TELEGRAPH AVE; 2552 TELEGRAPH AVE","Multifamily (5+ Units)","68826","2024 - Complied",,"21.4","32.4","10861.41","113810.7","2023 - Did Not Report",,,,,,"2022 - Did Not Report",,,,,,"2021 - Complied",,"23.2","33.7","12327.3","107003.9","Large Building","7/1/2019","Complied","Paid","7/1/2024","Did Not Comply","Due",,,
"1930","2615 Telegraph Ave","2615 TELEGRAPH AVE",,"Mixed Use (Comm/MF)","17327","2024 - Did Not Report",,,,,,"2023 - Did Not Report",,,,,,"2022 - Did Not Report",,,,,,"2021 - Did Not Report",,,,,,"Time of Sale",,,,,,,,,
"1940","Everest Properties","2520 HILLEGASS AVE","2520 HILLEGASS AVE","Multifamily (5+ Units)","52600","2024 - Complied","100","21.9","31.9","8797.51","79206.3","2023 - Did Not Report",,,,,,"2022 - Did Not Report",,,,,,"2021 - Complied","100","18.5","26.7","9643.19","82567.1","Large Building","7/1/2018","Pending","Due","7/1/2023","Did Not Comply","Due",,,
"1950","Hillegass Terrace","2530 HILLEGASS AVE","2530 HILLEGASS AVE","Multifamily (5+ Units)","41826","2024 - Complied",,"33.1","52.1","9666.65","121851.1","2023 - Did Not Report",,,,,,"2022 - Did Not Report",,,,,,"2021 - Did Not Report",,,,,,"Large Building","7/1/2018","Did Not Comply","Due",,,,,,
"1970","2606 Benvenue Ave","2606 BENVENUE AVE","2606 BENVENUE AVE","Multifamily (5+ Units)","29868","2024 - Complied",,"24.5","36.7","5462.47","54638.6","2023 - Complied",,"23.2","35.1","5090.76","53666.6","2022 - Complied",,"25.1","37.5","5615.68","55489.3","2021 - Complied",,"24.7","36","5658.19","50205.6","Large Building","7/1/2019","Complied","Paid","7/1/2024","Complied","Paid","7/1/2029","Upcoming","Upcoming"
"1980","Riviera Apartments","2501 BENVENUE AVE","2501 BENVENUE AVE","Multifamily (5+ Units)","22576","2024 - Complied","98","40.3","54.2","7554.05","44965.1","2023 - Complied","95","45.4","62.2","8397.01","54604.4","2022 - Complied","98","41","56","7584.37","48925.6","2021 - Complied","97","42.1","56.6","7925.38","46540.3","Large Building","7/1/2019","Deferred","Deferred","7/1/2024","Did Not Comply","Due",,,
"1990","2520 College","2520 COLLEGE AVE","2520 COLLEGE AVE","Multifamily (5+ Units)","45743","2024 - Complied","100","28.9","49.3","8297.2","144705.4","2023 - Complied","100","30.2","50.9","8794.02","146863.4","2022 - Complied",,"30.3","51","8878.46","146405.3","2021 - Complied",,"25.8","41.7","8011.48","111693.4","Large Building","7/1/2019","Exempt","Exempt","7/1/2024","Did Not Comply","Exempt",,,
"2000","2536 College Ave","2536 COLLEGE AVE","2536 COLLEGE AVE","Multifamily (5+ Units)","22808","2024 - Complied","100","30.7","44.5","5411.61","46751.6","2023 - Complied","100","29.7","42.2","5341.12","41968.5","2022 - Did Not Report",,,,,,"2021 - Did Not Report",,,,,,"Large Building","7/1/2019","Did Not Comply","Due",,,,,,
"2010","2540 College Ave","2540 COLLEGE AVE","2540 COLLEGE AVE","Multifamily (5+ Units)","29468","2024 - Complied","100","30.9","49.1","6297.05","82276","2023 - Complied","100","35","53.5","7514.16","82294.6","2022 - Complied","100","31.2","47.3","6750.08","71855.1","2021 - Insufficient Data","100","12.1","15.8","3053.63","15171","Large Building","7/1/2019","Did Not Comply","Due","7/1/2024","Complied","Paid","7/1/2029","Upcoming","Upcoming"
"2020","2515 Benvenue Avenue","2515 BENVENUE AVE","2515 BENVENUE AVE","Multifamily (5+ Units)","43056","2024 - Complied","100","20.3","31.5","6202.15","73932.4","2023 - Complied","100","20.7","31.8","6432.2","72697.2","2022 - Complied","100","20.6","31.6","6409.1","72197.5","2021 - Complied","100","18.6","28.9","5723.95","67242.9","Large Building","7/1/2019","Complied","Paid","7/1/2024","Pending","Paid","7/1/2029","Upcoming","Upcoming"
"2030","2535 College Ave","2539 COLLEGE AVE","2535 COLLEGE AVE; 2539 COLLEGE AVE","Multifamily (5+ Units)","24377","2024 - Complied","100","30.2","46.5","5313.4","60201.8","2023 - Complied","99","32.9","51.9","5613.54","70717.5","2022 - Complied","99","32.3","50","5628.86","65777.6","2021 - Complied","99","31.3","48","5531.13","61601.9","Large Building","7/1/2019","Deferred","Deferred","7/1/2024","Did Not Comply","Due",,,
"2040","Mark Twain Condominiums","2601 COLLEGE AVE",,"Multifamily (5+ Units)","43000","2024 - Did Not Report",,,,,,"2023 - Did Not Report",,,,,,"2022 - Did Not Report",,,,,,"2021 - Did Not Report",,,,,,"Large Building","7/1/2019","Complied","Paid","7/1/2024","Did Not Comply","Due",,,
"2050","2514-2516 Piedmont Ave","2514 PIEDMONT AVE","2514 PIEDMONT AVE; 2516 PIEDMONT AVE","Multifamily (5+ Units)","29814","2024 - Complied","100","30.7","46.9","6640","73422.7","2023 - Complied","100","36.3","43.7","9844.38","28283.3","2022 - Complied","100","38.3","45.5","10500.97","26531.4","2021 - Complied","100","32.6","39","8901.76","23886.3","Large Building","7/1/2019","Complied","Paid","7/1/2024","Deferred","Deferred","7/1/2029","Upcoming","Upcoming"
"2070","2313 Warring St","2313 WARRING ST","2313 WARRING ST","Multifamily (5+ Units)","15967","2024 - Complied",,"53.5","87.6","5664.58","84206.3","2023 - Complied",,"53.9","87.2","5799.26","82067.9","2022 - Complied",,"53.6","84.9","5934.41","76722.1","2021 - Complied",,"43.9","69.7","4856.12","63078.3","Time of Sale",,,,,,,,,
"2080","Warring Street Apartments","2461 WARRING ST","2461 WARRING ST","Multifamily (5+ Units)","40093","2024 - Complied","93","35.5","55.6","10049.75","122704.5","2023 - Complied","90","40.2","60.6","11901.61","123406.4","2022 - Did Not Report",,,,,,"2021 - Complied","90","39.4","58.9","11765.68","117835.7","Large Building","7/1/2019","Exempt","Exempt","7/1/2024","Did Not Comply","Due",,,
"2090","Piedmont Avenue Apartments","2437 PIEDMONT AVE","2437 PIEDMONT AVE","Multifamily (5+ Units)","28626","2024 - Complied","100","22.3","40.3","3645.75","80599.3","2023 - Complied","100","24.2","44.6","3808.94","91756.6","2022 - Complied","100","25.4","45.9","4110.87","92222.5","2021 - Complied","100","26.6","44.9","4835.45","81519","Large Building","7/1/2019","Deferred","Deferred","7/1/2024","Did Not Comply","Due",,,
"2110","2715 Dwight Way","2715 DWIGHT WAY","2715 DWIGHT WAY","Multifamily (5+ Units)","29856","2024 - Exempt",,,,,,"2023 - Did Not Report",,,,,,"2022 - Complied","100","17.4","24.8","4056.28","33073.9","2021 - Did Not Report",,,,,,"Large Building","7/1/2019","Complied","Paid","7/1/2024","Complied","Paid","7/1/2029","Upcoming","Upcoming"
"2120","2732 Haste Street","2732 HASTE ST","2732 HASTE ST","Multifamily (5+ Units)","28956","2024 - Complied","100","21.2","33.4","4272.89","54419.3","2023 - Complied","100","26.1","41.5","5196.83","68792.5","2022 - Complied","100","26.3","42.9","5092.28","74050.2","2021 - Complied","100","22.5","36.2","4443.26","60799.7","Large Building","7/1/2019","Complied","Paid","7/1/2024","Complied","Paid","7/1/2029","Upcoming","Upcoming"
"2140","2725 Haste St","2725 HASTE ST","2725 HASTE ST; 2721 HASTE ST","Multifamily (5+ Units)","49012","2024 - Complied","100","18.8","30.1","6283.64","85388.4","2023 - Complied","100","21.1","32.9","7329.52","88041.7","2022 - Complied","100","19.7","30.4","6924.71","80000.5","2021 - Complied","100","19.4","29.3","6956.91","74106.1","Large Building","7/1/2018","Complied","Paid","7/1/2023","Complied","Paid","7/1/2028","Upcoming","Upcoming"
"2150","College Avenue Apartments","2415 COLLEGE AVE","2415 COLLEGE AVE","Multifamily (5+ Units)","38238","2024 - Complied","100","18.8","28.5","5260.47","56452.4","2023 - Complied","100","21.7","32.3","6188.3","61390.9","2022 - Complied","100","21.4","31.7","6130.3","59602.5","2021 - Complied","100","21.3","31.9","6051.61","61172.4","Large Building","7/1/2019","Complied","Paid","7/1/2024","Complied","Paid","7/1/2029","Upcoming","Upcoming"
"2160","2724 Channing Way","2724 CHANNING WAY","2724 CHANNING WAY","Multifamily (5+ Units)","18850","2024 - Complied",,"28.3","49.5","3208.96","62351.5","2023 - Complied",,"27.6","48.4","3118.13","61161.8","2022 - Did Not Report",,,,,,"2021 - Did Not Report",,,,,,"Time of Sale",,,,,,,,,
"2170","The Berk on College","2700 BANCROFT WAY","2315 COLLEGE AVE; 2700 BANCROFT WAY","Multifamily (5+ Units)","65750","2024 - Complied","29","40.2","64.6","18016.59","246559.7","2023 - Complied","41","38","63","16358.56","253767.8","2022 - Complied","88","37.2","61.2","16150.87","243476.9","2021 - Complied","94","26","46.2","9967.33","208371.7","Large Building","7/1/2018","Deferred","Deferred","7/1/2023","Deferred","Deferred","7/1/2028","Upcoming","Upcoming"
"2180","The Graduate Berkeley Hotel","2600 DURANT AVE","2600 DURANT AVE","Commercial","70000","2024 - Complied","94","64","115.2","25662.5","561878","2023 - Complied","95","60.6","113.2","22565.5","581345.9","2022 - Complied","92","76.4","122.1","36705","491533","2021 - Did Not Report",,,,,,"Large Building","7/1/2018","Did Not Comply","Due",,,,,,
"2190","Royston Apartments","2601 CHANNING WAY","2601 CHANNING WAY","Multifamily (5+ Units)","34635","2024 - Complied",,"16.5","30.3","3156.9","75321.4","2023 - Complied",,"19","33.6","3872.99","79226.8","2022 - Did Not Report",,,,,,"2021 - Did Not Report",,,,,,"Large Building","7/1/2019","Did Not Comply","Due","7/1/2024","Deferred","Deferred","7/1/2029","Upcoming","Upcoming"
"2200","2355 Telegraph Ave","2500 DURANT AVE","2500 DURANT AVE; 2506 DURANT AVE; 2367 TELEGRAPH AVE; 2355 TELEGRAPH AVE","Multifamily (5+ Units)","32121","2024 - Complied",,"65.8","101.8","15115.12","176031.4","2023 - Complied",,"74.9","126.4","15319.88","256477.6","2022 - Complied",,"89.2","150.3","18268.04","304440.8","2021 - Complied",,"95","165.8","18370.78","355654.4","Large Building","7/1/2019","Exempt","Exempt","7/1/2024","Did Not Comply","Exempt",,,
"2210","2516 DURANT AVE","2516 DURANT AVE","2516 DURANT AVE; 2518 DURANT AVE","Commercial","23002","2024 - Complied",,"36.6","100.5","260.04","239076.4","2023 - Complied",,"71.3","134.7","8549.06","230257.5","2022 - Complied",,"72.8","134.9","9043.92","225475.4","2021 - Complied",,"69.6","119.8","9890.13","179667.5","Time of Sale",,,,,,,,,
"2220","2526-2528 Durant Ave","2526 DURANT AVE","2526 DURANT AVE; 2528 DURANT AVE","Multifamily (5+ Units)","29590","2024 - Complied","100","32.6","55","6136.06","102834.2","2023 - Complied","100","32.2","56.1","5738.08","110672.3","2022 - Complied","100","35.7","60.3","6713.02","113119.5","2021 - Complied","97","48.3","72.1","10680.5","106008.4","Large Building","7/1/2019","Deferred","Deferred","7/1/2026","Upcoming","Upcoming",,,
"2230","The Granada at Sather Gate","2510 BANCROFT WAY","2301 TELEGRAPH AVE; 2512 BANCROFT WAY; 2514 BANCROFT WAY; 2516 BANCROFT WAY; 2309 TELEGRAPH AVE; 2315 TELEGRAPH AVE; 2311 TELEGRAPH AVE; 2305 TELEGRAPH AVE; 2307 TELEGRAPH AVE; 2301 TELEGRAPH AVE","Multifamily (5+ Units)","45836","2024 - Complied",,"72.6","147.7","14543.35","548771.8","2023 - Complied",,"81.7","155","19344.3","531111","2022 - Complied",,"81.7","158.1","18496.05","555015.5","2021 - Complied",,"55","126.4","7255.22","526664","Large Building","7/1/2019","Exempt","Exempt","7/1/2024","Did Not Comply","Due",,,
"2240","2580 Bancroft Way","2580 BANCROFT WAY","2580 BANCROFT WAY; 2562 BANCROFT WAY; 2564 BANCROFT WAY; 2546 BANCROFT WAY; 2552 BANCROFT WAY; 2558 BANCROFT WAY; 2576 BANCROFT WAY; 2570 BANCROFT WAY; 2560 BANCROFT WAY","Commercial","172522","2024 - Did Not Report",,,,,,"2023 - Complied","100","18.2","36.2","14482.82","495188.7","2022 - Did Not Report",,,,,,"2021 - Exempt",,,,,,"Large Building","7/1/2019","Exempt","Exempt","7/1/2025","Did Not Comply","Due",,,
"2260","Bancroft Commons","2470 BANCROFT WAY","2468 BANCROFT WAY; 2470 BANCROFT WAY","Commercial","17802","2024 - Complied",,"36.3","57.9","4456.91","58889.8","2023 - Complied",,"15.5","35.7","795.98","57770.1","2022 - Complied",,"11.8","31.8","109.8","58089.2","2021 - Did Not Report",,,,,,"Large Building","7/1/2019","Did Not Comply","Due","7/1/2024","Pending","Due",,,
"2270","Telegraph Commons Apartments","2490 CHANNING WAY","2486 CHANNING WAY; 2488 CHANNING WAY; 2404 TELEGRAPH AVE; 2498 CHANNING WAY; 2492 CHANNING WAY; 2490 CHANNING WAY; 2494 CHANNING WAY; 2400 TELEGRAPH AVE; 2496 CHANNING WAY; 2402 TELEGRAPH AVE","Multifamily (5+ Units)","26338","2024 - Complied","89","66.6","109.3","11628.48","173591.6","2023 - Complied","77","83.3","128.3","15782.19","180185.8","2022 - Did Not Report",,,,,,"2021 - Did Not Report",,,,,,"Large Building","7/1/2019","Pending","Due",,,,,,
"2280","Evans Manor","2315 DWIGHT WAY","2315 DWIGHT WAY; 2316 HASTE ST","Multifamily (5+ Units)","44262","2024 - Complied",,"32.3","49.1","10441.9","112894.7","2023 - Complied","94","37.2","52.4","13120.64","98564.5","2022 - Complied","95","34.6","49.9","11904.2","100212","2021 - Complied","94","36.3","51.8","12630.33","101058.9","Large Building","7/1/2019","Did Not Comply","Due",,,,,,
"2290","Picardo Arms Apartments","2491 ELLSWORTH ST","2491 ELLSWORTH ST","Multifamily (5+ Units)","32240","2024 - Complied","95","59.1","73.3","16974.14","60654.1","2023 - Complied","74","61","76.4","17373.46","66984.4","2022 - Complied","80","57.6","72.7","16300.62","66215.7","2021 - Complied","69","54.5","70.5","15147.27","71321.1","Large Building","7/1/2024","Complied","Paid","7/1/2019","Deferred","Deferred","7/1/2029","Upcoming","Upcoming"
"2300","2431 Ellsworth Street","2431 ELLSWORTH ST","2431 ELLSWORTH ST","Multifamily (5+ Units)","31866","2024 - Complied","100","23.7","38.9","5012.37","74806.8","2023 - Complied","100","29.4","47.6","6325.95","89234.8","2022 - Complied","100","29.9","48.2","6482.44","89580.9","2021 - Complied","100","26.6","42.3","5874.65","76625.3","Large Building","7/1/2019","Complied","Paid","7/1/2024","Complied","Paid","7/1/2029","Upcoming","Upcoming"
"2310","2330 Haste St","2330 HASTE ST","2330 HASTE ST","Multifamily (5+ Units)","17721","2024 - Complied","100","23.4","48.2","1762.68","70056.8","2023 - Complied","100","23.9","50.1","1709.01","74206.8","2022 - Complied","100","24.4","50.9","1777.07","74836.6","2021 - Complied","99","26.1","53.5","1982.25","77462.8","Time of Sale",,,,,,,,,
"2330","First Congregational Church of Berkeley (CAMPUS)","2345 CHANNING WAY","2340 DURANT AVE; 2345 CHANNING WAY","Commercial","24166","2024 - Complied","23","54.6","75.5","10708.05","73216.8","2023 - Complied","26","53.8","75","10425.63","75241","2022 - Complied","44","39.1","56.5","9267.17","79193","2021 - Did Not Report",,,,,,"Large Building","7/1/2023","Deferred","Deferred","7/1/2028","Upcoming","Upcoming",,,
"2340","2362 Bancroft Way","2362 BANCROFT WAY","2339 DURANT AVE; 2320 DANA ST; 2362 BANCROFT WAY","Commercial","38440","2024 - Insufficient Data",,,,,,"2023 - Did Not Report",,,,,,"2022 - Did Not Report",,,,,,"2021 - Did Not Report",,,,,,"Large Building","7/1/2019","Did Not Comply","Due",,,,,,
"2370","2405 Fulton St","2405 FULTON ST","2405 FULTON ST","Multifamily (5+ Units)","36300","2024 - Complied","100","14.3","21.3","3861.8","38636.1","2023 - Complied","100","15.5","22.4","4391.13","36736.3","2022 - Did Not Report",,,,,,"2021 - Did Not Report",,,,,,"Large Building","7/1/2019","Did Not Comply","Due","7/1/2025","Complied","Paid","7/1/2030","Upcoming","Upcoming"
"2400","2230 Haste St","2230 HASTE ST","2230 HASTE ST","Multifamily (5+ Units)","32648","2024 - Complied","100","18.1","27.8","4254.75","48339.2","2023 - Complied","100","22.6","35.7","5154.16","65492.3","2022 - Complied","100","20.6","32.7","4680.5","60269.1","2021 - Complied","100","17.8","29.5","3785.15","59205.7","Large Building","7/1/2019","Complied","Paid","7/1/2024","Deferred","Deferred","7/1/2029","Upcoming","Upcoming"
"2410","The Dwight","2121 DWIGHT WAY","2477 SHATTUCK AVE; 2475 SHATTUCK AVE; 2479 SHATTUCK AVE; 2121 DWIGHT WAY; 2107 DWIGHT WAY","Multifamily (5+ Units)","90717","2024 - Complied","99","24.1","52.3","7923.11","409114.3","2023 - Complied","100","24.1","52.1","8026.12","406458.8","2022 - Complied","99","26.1","56.1","8734.06","437072.9","2021 - Complied","100","24.3","51.5","8489.04","396050.7","Large Building","7/1/2018","Deferred","Deferred","7/1/2028","Upcoming","Upcoming",,,
"2420","Berkeley Apartments - Fine Arts Building","2451 SHATTUCK AVE","2110 HASTE ST; 2461 SHATTUCK AVE; 2471 SHATTUCK AVE; 2451 SHATTUCK AVE; 2100 HASTE ST","Mixed Use (Comm/MF)","58315","2024 - Insufficient Data",,,,,,"2023 - Complied","99","35.9","71.7","9625.32","331668.5","2022 - Complied","99","36.4","73.2","9535.09","342233.9","2021 - Complied","100","29.8","61.4","7315.61","294496.1","Large Building","7/1/2018","Deferred","Deferred","7/1/2023","Did Not Comply","Due",,,
"2430","2117 Haste St","2117 HASTE ST","2117 HASTE ST","Multifamily (5+ Units)","30048","2024 - Complied","100","25.3","46.1","4257.36","98276.7","2023 - Complied","100","27.4","48.7","4788.54","100687.3","2022 - Complied","100","26.5","46.5","4770.41","93808.6","2021 - Complied","100","24.5","44.1","4198.69","92419.6","Large Building","7/1/2019","Deferred","Deferred","7/1/2024","Deferred","Deferred","7/1/2029","Upcoming","Upcoming"
"2450","Stadium Place","2310 FULTON ST","2310 FULTON ST; 2129 DURANT AVE; 2131 DURANT AVE","Mixed Use (Comm/MF)","51320","2024 - Complied",,"16.4","30.2","4600.03","111440.7","2023 - Complied",,"17.8","31.4","5366.23","109763.5","2022 - Insufficient Data",,,,,,"2021 - Did Not Report",,,,,,"Large Building","7/1/2018","Deferred","Deferred","7/1/2023","Did Not Comply","Due",,,
"2470","Berkeley Park Apartments","2025 DURANT AVE","2020 BANCROFT WAY; 2025 DURANT AVE","Multifamily (5+ Units)","67410","2024 - Complied","100","42.4","58.9","23018.42","162419.9","2023 - Complied","100","46.2","63.7","25300","171341.9","2022 - Complied","100","43.7","60.8","23696.11","168504.1","2021 - Complied","100","39.7","48.1","24339.14","71655.7","Large Building","7/1/2018","Pending","Due","7/1/2023","Deferred","Deferred",,,
"2480","2300 Shattuck Ave","2300 SHATTUCK AVE","2322 SHATTUCK AVE; 2036 BANCROFT WAY; 2040 BANCROFT WAY; 2338 SHATTUCK AVE; 2350 SHATTUCK AVE; 2342 SHATTUCK AVE; 2300 SHATTUCK AVE; 2330 SHATTUCK AVE","Mixed Use (Comm/MF)","118605","2024 - Complied",,"20.1","33.7","15384.2","248939.1","2023 - Complied",,"23.9","38.4","19365.47","264400.6","2022 - Complied",,"23","40.6","16163.14","326055.5","2021 - Complied",,"18.7","33","13069.78","266613.1","Large Building","7/1/2018","Complied","Paid","7/1/2027","Upcoming","Upcoming",,,
"2500","Stuart Pratt Manor","2020 DURANT AVE","2020 DURANT AVE","Multifamily (5+ Units)","26701","2024 - Complied","35","82.3","119.8","16862.23","149505.6","2023 - Complied","37","81.7","122.2","16242.93","163006.6","2022 - Complied","40","81.1","119.5","16437.73","153228","2021 - Complied","39","82.3","116.1","17420.68","133110.2","Large Building","7/1/2018","Complied","Paid","7/1/2023","Pending","Paid",,,
"2510","Varsity Berkeley","2024 DURANT AVE","2024 DURANT AVE","Multifamily (5+ Units)","95066","2024 - In Progress",,,,,,"2023 - Complied","99","34.2","56.6","13079.88","336330.3","2022 - Complied","99","34.8","58.2","15791.14","349521.8","2021 - Complied","100","30.1","52.2","17479.76","327069.7","Large Building","7/1/2018","Deferred","Deferred","7/1/2025","Did Not Comply","Due",,,
"2520","2029 Channing Way","2029 CHANNING WAY","2029 CHANNING WAY","Multifamily (5+ Units)","26545","2024 - Did Not Report",,,,,,"2023 - Did Not Report",,,,,,"2022 - Did Not Report",,,,,,"2021 - Did Not Report",,,,,,"Large Building","7/1/2019","Did Not Comply","Due",,,,,,
"2530","Haste Park Apartments","2033 HASTE ST","2033 HASTE ST","Multifamily (5+ Units)","35000","2024 - Complied","100","39.5","58.3","10454.56","98702.9","2023 - Complied","99","44.7","64.3","12178.3","101775.1","2022 - Complied","99","43.1","64.5","11256.33","112453.6","2021 - Complied","99","42.3","61.3","11451.64","98643.4","Large Building","7/1/2018","Pending","Due","7/1/2023","Complied","Paid","7/1/2028","Upcoming","Upcoming"
"2540","The Barker Bldg","2484 SHATTUCK AVE","2486 SHATTUCK AVE; 2484 SHATTUCK AVE","Commercial","40000","2024 - Complied","98","9.8","27.6",,"115438.2","2023 - Did Not Report",,,,,,"2022 - Did Not Report",,,,,,"2021 - Complied","98","10","28",,"117269.1","Large Building","7/1/2019","Complied","Paid","7/1/2024","Did Not Comply","Due",,,
"2550","Herrick Hospital Campus","2001 DWIGHT WAY","2001 DWIGHT WAY","Commercial","280979","2024 - Complied","94","151.6","257.2","268620.8","4613244.5","2023 - Complied","90","162.5","270.1","296875.89","4681211.5","2022 - Complied","96","154","254.2","306898.98","4697611.7","2021 - Complied","97","148.6","246.8","293462.1","4610306.4","Large Building","7/1/2018","Did Not Comply","Due","7/1/2023","Deferred","Deferred","7/1/2028","Upcoming","Upcoming"
"2590","The Panoramic Berkeley","2539 TELEGRAPH AVE","2543 TELEGRAPH AVE","Mixed Use (Comm/MF)","72000","2024 - In Progress",,,,,,"2023 - Did Not Report",,,,,,"2022 - Did Not Report",,,,,,"2021 - Did Not Report",,,,,,"Large Building","7/1/2029","Upcoming","Upcoming",,,,,,
"2620","2390 Fourth St","2390 FOURTH ST","2390 FOURTH ST; 2380 FOURTH ST; 2370 FOURTH ST","Mixed Use","26366","2024 - Did Not Report",,,,,,"2023 - Did Not Report",,,,,,"2022 - Did Not Report",,,,,,"2021 - Did Not Report",,,,,,"Large Building","7/1/2019","Did Not Comply","Due",,,,,,
"2670","Avalon Berkeley","651 ADDISON ST","2020 THIRD ST","Mixed Use (Comm/MF)","94083","2024 - Insufficient Data",,,,,,"2023 - Complied","59","38.6","66.2","22478.45","405327.2","2022 - Complied","49","40.6","70.9","23035.75","445435.8","2021 - Complied","36","41.3","73.1","22854.65","468557","Large Building","7/1/2018","Deferred","Deferred","7/1/2024","Did Not Comply","Due",,,
"2680","Fourth & U","700 UNIVERSITY AVE","2020 FOURTH ST","Mixed Use (Comm/MF)","179754","2024 - Complied","100","28.4","50.6","29748.63","625370.4","2023 - Complied","99","31","54.3","33288.87","655797.4","2022 - Complied","96","29.7","52.6","31317.29","646195.5","2021 - Did Not Report",,,,,,"Large Building","7/1/2018","Deferred","Deferred","7/1/2023","Deferred","Deferred","7/1/2028","Upcoming","Upcoming"
"2690","Takara Sake USA","719 ALLSTON WAY","708 ADDISON ST; 719 ALLSTON WAY","Mixed Use (Comm/Ind)","69677","2024 - Complied",,"276.5","460.5","124888.05","1985937.2","2023 - Complied",,"358.3","545.4","182313.88","1973706.6","2022 - Complied",,"370.7","558.2","191043.81","1971197.5","2021 - Complied",,"360.4","545.9","184489.75","1953616.9","Large Building","7/1/2018","Exempt","Exempt",,,,,,
"2740","The Aquatic III","2000 FIFTH ST","2001 FOURTH ST; 2010 Fifth St; 2015 FOURTH ST; 2007 FOURTH ST; 2000 FIFTH ST","Mixed Use","135136","2024 - Complied","98","24.8","53.9","11997.31","630778.8","2023 - Complied","97","26.3","56.3","13339.13","649217.8","2022 - Complied","97","26.8","57.3","13615.95","660640.8","2021 - Complied","97","25.2","55.1","12030.98","646878.1","Large Building","7/1/2018","Deferred","Deferred","7/1/2028","Upcoming","Upcoming",,,
"2750","The Aquatic II","814 UNIVERSITY AVE","2002 Sixth St; 1023 University Ave; 810 UNIVERSITY AVE","Multifamily (5+ Units)","41143","2024 - Complied","100","23.1","48.6","3799.72","167520.7","2023 - Complied","100","23.4","49.2","3872.9","169154.2","2022 - Complied","100","23.3","49","3839.89","168948.9","2021 - Complied","99","23.3","48.8","3825.78","168311.9","Large Building","7/1/2018","Deferred","Deferred","7/1/2027","Upcoming","Upcoming",,,
"2760","The Aquatic I","2001 FIFTH ST","2001 FIFTH ST; 800 UNIVERSITY AVE","Multifamily (5+ Units)","45168","2024 - Complied","94","35.8","67.3","8477.32","225117.4","2023 - Complied","90","38.3","73.3","8772.27","249992.1","2022 - Complied","91","37.6","72.9","8325.96","253113.2","2021 - Complied","87","38.5","73.8","8766.53","252778","Large Building","7/1/2018","Deferred","Deferred","7/1/2026","Upcoming","Upcoming",,,
"2770","La Quinta Inn by Wyndham Berkeley","900 UNIVERSITY AVE","920 UNIVERSITY AVE; 900 UNIVERSITY AVE","Commercial","60000","2024 - Complied","88","45.6","73.8","18483.43","260511.4","2023 - Complied","67","58.8","95.8","23641.18","341920.9","2022 - Complied","66","59.3","96.8","23766.31","346817.9","2021 - Complied","63","59.8","97.4","24025.54","347595.8","Large Building","7/1/2018","Complied","Paid","7/1/2023","Did Not Comply","Due",,,
"2780","Allston House Apartments","2121 SEVENTH ST","2121 SEVENTH ST; 2127 SEVENTH ST","Multifamily (5+ Units)","41738","2024 - Complied","100","12.5","34.4","149.98","148515.7","2023 - Complied","100","12.6","34.6","150.49","149605.3","2022 - Complied","100","15.2","35.7","140.09","139123.2","2021 - Complied","100","14.7","34.9","144.9","136698","Large Building","7/1/2019","Complied","Paid","7/1/2024","Pending","Due",,,
"2800","UA Homes","1040 UNIVERSITY AVE","1040 UNIVERSITY AVE; 2006 TENTH ST; 2000 TENTH ST; 1044 UNIVERSITY AVE; 1046 UNIVERSITY AVE; 1042 UNIVERSITY AVE; 1038 UNIVERSITY AVE; 1036 UNIVERSITY AVE; 1034 UNIVERSITY AVE; 1010 UNIVERSITY AVE","Multifamily (5+ Units)","30888","2024 - Did Not Report",,,,,,"2023 - Complied",,"81.3","163.6","10505.2","405603.9","2022 - Complied",,"80.2","162.6","10118.81","406430.8","2021 - Did Not Report",,,,,,"Large Building","7/1/2019","Did Not Comply","Due","7/1/2024","Pending","Due",,,
"2810","1122 U","1122 UNIVERSITY AVE","1122 UNIVERSITY AVE; 1132 UNIVERSITY AVE","Mixed Use","73294","2024 - Complied","94","29.5","65.2","7282.61","420155.1","2023 - Complied","90","30.5","70.2","6391.96","468424.9","2022 - Complied","97","23.2","59.5","2285.32","431101.9","2021 - Complied","100","20.9","53.8","1910.05","392095.9","Large Building","7/1/2018","Deferred","Deferred","7/1/2023","Did Not Comply","Due",,,
"2820","University Ave Apartments","1176 UNIVERSITY AVE","1176 UNIVERSITY AVE","Multifamily (5+ Units)","30212","2024 - Complied","60","37.5","49.6","9572.95","51622","2023 - Complied","36","47","60.8","12201.2","58275.9","2022 - Did Not Report",,,,,,"2021 - Did Not Report",,,,,,"Large Building","7/1/2019","Did Not Comply","Due",,,,,,
"2830","2235 San Pablo Ave","2235 SAN PABLO AVE","2235 SAN PABLO AVE; 2233 SAN PABLO AVE; 2225 SAN PABLO AVE; 2229 SAN PABLO AVE; 2231 SAN PABLO AVE","Industrial","35588","2024 - Complied",,"3.2","4.3","941.62","5592.8","2023 - Complied",,"3.1","4.1","904.91","5477.4","2022 - Complied",,"5.2","7.5","1439.82","12216.3","2021 - Complied",,"3.7","6","888.97","12467.6","Large Building","7/1/2019","Complied","Paid","7/1/2024","Complied","Paid","7/1/2029","Upcoming","Upcoming"
"2840","Strawberry Creek Design Center","2121 BONAR ST","1250 ADDISON ST; 2121 BONAR ST; 2109 BONAR ST","Industrial","38787","2024 - Complied",,"16.4","35.6","2302.27","119236.4","2023 - Complied",,"19.5","39.4","3358.64","123059.9","2022 - Did Not Report",,,,,,"2021 - Did Not Report",,,,,,"Large Building","7/1/2019","Did Not Comply","Due","7/1/2024","Complied","Paid","7/1/2029","Upcoming","Upcoming"
"2850","Strawberry Creek Lodge","1320 ADDISON ST","1320 ADDISON ST","Multifamily (5+ Units)","71017","2024 - Complied","100","19.1","53.3","37.35","396000.9","2023 - Complied","99","24.3","61.5","2611.48","428384.7","2022 - Complied","100","19.2","50.5","1305.13","360857","2021 - Complied","100","20.7","50.8","2934.13","345511","Large Building","7/1/2018","Complied","Paid","7/1/2023","Did Not Comply","Due",,,
"2860","Berkeley Apartments - Acton Courtyard","1370 UNIVERSITY AVE","1370 UNIVERSITY AVE; 2002 ACTON ST","Mixed Use (Comm/MF)","54152","2024 - Complied","91","35.4","71.1","8682.93","307557.8","2023 - Complied","94","35.4","70.2","8901.49","300298.6","2022 - Complied","89","33.9","65.6","11662.56","347893.6","2021 - Did Not Report",,,,,,"Large Building","7/1/2018","Deferred","Deferred","7/1/2023","Deferred","Deferred","7/1/2028","Upcoming","Upcoming"
"2870","2235 Sacramento St","2235 SACRAMENTO ST","2235 SACRAMENTO ST","Commercial","40261","2024 - Complied","92","71.3","124.6","17277","335177","2023 - Complied","91","72.5","126","17740","335823","2022 - Complied","93","70.2","121.5","17285","322241","2021 - Complied","93","70.8","121.3","17735","316095","Large Building","7/1/2018","Deferred","Deferred","7/1/2023","Deferred","Deferred",,,
"2880","California Walk","2091 CALIFORNIA ST","2091 CALIFORNIA ST","Multifamily (5+ Units)","30288","2024 - Complied","100","39.7","52.9","10101.18","56789.1","2023 - Complied","100","42","56","10682.45","60145","2022 - Complied","100","40","54.3","9995.54","62371.1","2021 - Complied","100","41","55.3","10291.53","62099.6","Large Building","7/1/2019","Complied","Exempt","7/1/2024","Complied","Paid","7/1/2029","Upcoming","Upcoming"
"2890","1610-1640 University Ave","1632 UNIVERSITY AVE","1630 UNIVERSITY AVE; 1614 UNIVERSITY AVE; 1636 UNIVERSITY AVE; 1640 UNIVERSITY AVE; 1632 UNIVERSITY AVE; 1638 UNIVERSITY AVE; 1610 UNIVERSITY AVE; 1618 UNIVERSITY AVE; 1624 UNIVERSITY AVE; 1616 UNIVERSITY AVE","Mixed Use (Comm/MF)","43118","2024 - Complied",,"42.5","64.3","13434.14","142736.3","2023 - Complied",,"44.9","66.5","14555.43","140266.5","2022 - Complied",,"42.3","63.2","13589.38","136001.2","2021 - Complied",,"44","66.3","14032.41","144864.5","Large Building","7/1/2019","Complied","Paid","7/1/2024","Pending","Due",,,
"2900","The Overture at 1812","1812 UNIVERSITY AVE","1812 UNIVERSITY AVE","Mixed Use (Comm/MF)","58040","2024 - In Progress",,,,,,"2023 - Exempt",,,,,,"2022 - Did Not Report",,,,,,"2021 - Did Not Report",,,,,,"Large Building","7/1/2018","Deferred","Deferred","7/1/2026","Upcoming","Upcoming",,,
"2910","Berkeley Civic Center","2180 MILVIA ST","2180 MILVIA ST; 1940 CENTER ST","Commercial","89250","2024 - Complied","81","52.1","97.6","24625.04","641082.7","2023 - Complied","86","40.1","85.6","13608.07","650500.3","2022 - Complied","86","42.6","86.3","16843.61","621005.4","2021 - Complied","81","49.4","95.6","21764.8","654024.6","Large Building","7/1/2018","Deferred","Deferred","7/1/2023","Did Not Comply","Due",,,
"2911","Old City Hall","2134 MLK JR WAY",,"Commercial","28027","2024 - Complied","97","10.6","25.5","663.07","67523.9","2023 - Complied","98","9","23.8","199.19","67765.2","2022 - Complied","97","12.9","26.5","1522.02","61121","2021 - Complied","99","11.1","21.1","1595.05","44483.5","Large Building",,,,,,,,,
"2912","Transfer Station Offices","1235 2nd St","1201 2ND St,","Commercial","42869","2024 - Complied",,"28.5","60.5","4710.73","219495.4","2023 - Complied",,"31.2","61.5","6323.3","206523.8","2022 - Complied",,"33.4","65.2","6973.38","215784.7","2021 - Complied",,"36.8","61.7","10164.65","165008.3","Large Building",,,,,,,,,
"2913","Transfer Station/AirCo Building","1235 2nd St","1201 2ND St,","Commercial","31200","2024 - Complied","70","36.2","80.2","3768.93","220385.3","2023 - Complied","70","42.9","84.5","6323.3","206523.8","2022 - Complied","71","43.2","84.1","6595.23","202111.6",,,,,,,"Large Building",,,,,,,,,
"2930","1947 Center St","1947 CENTER ST","1947 CENTER ST","Commercial","98800","2024 - Complied","79","65.2","117.3","36804.44","808596","2023 - Complied","77","69","122.3","40017.4","824535.5","2022 - Complied","81","61.4","114.3","32600.08","823401.1","2021 - Complied","72","82.5","165","37209.57","1297665.4","Large Building","7/1/2023","Complied","Paid","7/1/2024","Did Not Comply","Due",,,
"2940","2100 Milvia St","2100 MILVIA ST","2100 MILVIA ST","Commercial","58302","2024 - Complied","99","23.3","36","9719.52","113096.2","2023 - Complied","99","26.9","40.3","11622.97","118376.9","2022 - Complied","99","27.4","42","11574.56","129038.5","2021 - Complied","98","29","43.4","12561.06","126578.4","Large Building","7/1/2018","Did Not Comply","Due",,,,,,
"2950","Frances Shattuck Bldg","2104 SHATTUCK AVE","2080 ADDISON ST; 2104 SHATTUCK AVE; 2108 SHATTUCK AVE; 2106 SHATTUCK AVE; 2110 SHATTUCK AVE; 2100 SHATTUCK AVE; 2112 SHATTUCK AVE; 2114 SHATTUCK AVE; 2102 SHATTUCK AVE","Commercial","49640","2024 - Complied","86","21.7","57.6","884.12","289726.3","2023 - Complied","84","23","61.2","895.01","307898.2","2022 - Complied","88","21.2","55.4","1127.59","275492.6","2021 - Complied","93","17.6","45.4","1097.07","223765.5","Large Building","7/1/2019","Deferred","Deferred","7/1/2024","Complied","Paid","7/1/2028","Upcoming","Upcoming"
"2960","Wells Fargo Building","2140 SHATTUCK AVE","2140 SHATTUCK AVE; 2144 SHATTUCK AVE; 2081 CENTER ST","Commercial","68396","2024 - Complied","66","55.8","98.6","22480.08","459153.8","2023 - Complied","73","56.2","89.9","26312.2","354686.7","2022 - Complied","75","54.3","87.3","25327.81","346867.7","2021 - Complied","72","59.1","90.4","29380.4","324401.7","Large Building","7/1/2018","Deferred","Deferred","7/1/2023","Did Not Comply","Due",,,
"2970","TRW Financial Systems","2001 CENTER ST","2125 MILVIA ST; 2001 CENTER ST","Commercial","29587","2024 - Complied","55","55.7","106.6","8348.72","238440","2023 - Complied","56","54.8","106.2","8000.82","241114.5","2022 - Complied","57","54.7","105.8","7978.29","240082.3","2021 - Did Not Report",,,,,,"Large Building","7/1/2019","Did Not Comply","Due",,,,,,
"2980","ARTech","2101 MILVIA ST","2002 ADDISON ST; 2101 MILVIA ST","Multifamily (5+ Units)","21210","2024 - Complied","91","41","83.7","3758.73","144541.3","2023 - Complied","100","30.5","54.8","3704.33","80838.5","2022 - Complied","100","30","50.4","4067.37","67090.3","2021 - Complied","100","25.8","41.3","3750.78","50530.5","Time of Sale",,,,,,,,,
"2990","Center Street Garage","2025 CENTER ST","2025-2033 Center St; 2023 Center St; 2010 Addison St","Commercial","248000","2024 - Complied",,"5.8","16.3",,"423314.2","2023 - Complied",,"5.1","14.2",,"367778.2","2022 - Complied",,"3.8","10.7",,"279010.6","2021 - Complied",,"2.4","6.6",,"171661.6","Large Building","7/1/2018","Deferred","Deferred","7/1/2028","Upcoming","Upcoming",,,
"3000","ELS Bldg","2030 ADDISON ST","2030 ADDISON ST","Commercial","44000","2024 - Did Not Report",,,,,,"2023 - Did Not Report",,,,,,"2022 - Did Not Report",,,,,,"2021 - Did Not Report",,,,,,"Large Building","7/1/2019","Did Not Comply","Due",,,,,,
"3010","Berkeley Central","2055 CENTER ST","2055 CENTER ST; 2057 CENTER ST; 2053 CENTER ST","Mixed Use","166731","2024 - Insufficient Data",,,,,,"2023 - Complied","62","37.3","80.2","23031","1146895.1","2022 - Complied","64","36.3","79.8","20898.13","1163503.1","2021 - Complied","52","36.8","81.9","20108.68","1208273.9","Large Building","7/1/2018","Deferred","Deferred","7/1/2023","Did Not Comply","Due",,,
"3020","Stonefire Berkeley","2010 MILVIA ST","1974 UNIVERSITY AVE; 2014 MILVIA ST; 2000 MILVIA ST; 1980 UNIVERSITY AVE; 1974 UNIVERSITY AVE; 1970 UNIVERSITY AVE","Multifamily (5+ Units)","88850","2024 - Did Not Report",,,,,,"2023 - Complied","100","9.9","27.8",,"258615.5","2022 - Complied","100","10.6","29.7",,"275928.3","2021 - Complied","100","9.4","26.4",,"245462.5","Large Building","7/1/2018","Deferred","Deferred","7/1/2028","Upcoming","Upcoming",,,
"3030","Tioga Bldg","2020 MILVIA ST","2020 MILVIA ST; 2030 MILVIA ST","Commercial","43268","2024 - Complied",,"17.5","48.6","67.49","219484.9","2023 - Did Not Report",,,,,,"2022 - Did Not Report",,,,,,"2021 - Did Not Report",,,,,,"Large Building","7/1/2019","Did Not Comply","Due",,,,,,
"3040","Addison Arts Apartments","1935 ADDISON ST","1933 ADDISON ST","Mixed Use (Comm/MF)","70306","2024 - Complied","100","17.2","25.8","8983.5","91035.9","2023 - Complied","100","22.2","31.8","12175.77","100052.4","2022 - Complied","100","20.9","30.8","11175.36","104080.8","2021 - Complied","100","20.7","30.6","10958.88","104493.8","Large Building","7/1/2018","Deferred","Deferred","7/1/2026","Upcoming","Upcoming",,,
"3050","The Promenade","1936 UNIVERSITY AVE","1936 UNIVERSITY AVE; 1917 ADDISON ST","Commercial","36000","2024 - Complied","27","101.3","179.7","21383.38","441947.1","2023 - Complied","26","103.2","183.7","21646.38","454319.9","2022 - Complied","27","102.5","181.5","21682.27","445527.9","2021 - Did Not Report",,,,,,"Large Building","7/1/2018","Complied","Paid","7/1/2023","Complied","Paid","7/1/2028","Upcoming","Upcoming"
"3060","1919 Addison St","1919 ADDISON ST","1919 ADDISON ST","Commercial","25874","2024 - Complied",,"11.7","26.6","937.58","61602.5","2023 - Complied",,"14.8","36.1","783.98","89163.4","2022 - Did Not Report",,,,,,"2021 - Complied",,"7.2","14.1","901.5","28366.2","Large Building","7/1/2019","Complied","Paid","7/1/2024","Deferred","Deferred","7/1/2029","Upcoming","Upcoming"
"3070","Merrill Lynch Bldg","2001 ADDISON ST","2001 ADDISON ST","Commercial","28805","2024 - In Progress",,,,,,"2023 - Did Not Report",,,,,,"2022 - Did Not Report",,,,,,"2021 - Did Not Report",,,,,,"Large Building","7/1/2019","Did Not Comply","Due",,,,,,
"3080","Great Western Bldg","2150 SHATTUCK AVE","2150 SHATTUCK AVE; 2080 CENTER ST","Commercial","161734","2024 - Complied","66","67.6","138.1","47451.15","1815881","2023 - Complied","62","74.7","147.1","57315.08","1860444.8","2022 - Complied","73","61.4","123.8","44400.25","1608310.1","2021 - Complied","74","67","124.3","49995.56","1252057.5","Large Building","7/1/2018","Deferred","Deferred","7/1/2023","Did Not Comply","Due",,,
"3090","2075 Allston Way","2190 SHATTUCK AVE","2075 ALLSTON WAY; 2190 SHATTUCK AVE","Commercial","47281","2024 - Exempt",,,,,,"2023 - Did Not Report",,,,,,"2022 - Did Not Report",,,,,,"2021 - Exempt",,,,,,"Large Building","7/1/2019","Deferred","Deferred",,,,,,
"3100","2043 Allston Way","2043 ALLSTON WAY","2043 ALLSTON WAY; 2045 ALLSTON WAY; 2047 ALLSTON WAY; 2052 CENTER ST","Commercial","23162","2024 - Complied",,"43.5","121.8",,"295403.3","2023 - Complied",,"43","120.5",,"292203.2","2022 - Complied",,"30.8","86.3",,"209348.8","2021 - Did Not Report",,,,,,"Large Building","7/1/2018","Complied","Paid","7/1/2023","Did Not Comply","Due",,,
"3110","Berkeley Center Bldg","2175 MILVIA ST","2000 CENTER ST; 2175 MILVIA ST; 2002 CENTER ST","Commercial","48931","2024 - Complied","87","53.1","94.7","15110.98","319010.6","2023 - Complied","89","50.9","88.8","15026.21","289614.9","2022 - Did Not Report",,,,,,"2021 - Complied","85","59.2","101.8","16607.05","302259.6","Large Building","7/1/2019","Complied","Paid","7/1/2024","Complied","Paid","7/1/2029","Upcoming","Upcoming"
"3120","Constitution Square","2168 SHATTUCK AVE","2172 SHATTUCK AVE; 2170 SHATTUCK AVE; 2174 SHATTUCK AVE; 2176 SHATTUCK AVE; 2168 SHATTUCK AVE; 2180 SHATTUCK AVE","Commercial","36644","2024 - Did Not Report",,,,,,"2023 - Insufficient Data",,,,,,"2022 - Complied",,"46.9","106.6","5149.14","352338.3","2021 - Complied",,"54.4","118.7","7014.94","378333","Large Building","7/1/2019","Complied","Paid","7/1/2024","Did Not Comply","Due",,,
"3140","YMCA","2001 ALLSTON WAY","2001 ALLSTON WAY","Commercial","110000","2024 - Complied",,"77.6","96.7","75725.95","281360.8","2023 - Complied",,"71.1","87.2","70395.39","230109.9","2022 - Complied",,"60.5","73.8","60180.41","187775.1","2021 - Complied",,"42.4","51.4","42401.83","125812.4","Large Building","7/1/2018","Complied","Paid","7/1/2026","Upcoming","Upcoming",,,
"3150","Mangalam Center","2018 ALLSTON WAY","2016 ALLSTON WAY; 2018 ALLSTON WAY","Commercial","26550","2024 - Complied","99","11.3","19.3","1893.5","32743.6","2023 - Complied","98","13","22.7","2085.71","40041.9","2022 - Complied","98","13.3","23","2146.18","40401.5","2021 - Complied","97","17.4","26.9","3318.69","38226.1","Large Building","7/1/2019","Deferred","Deferred","7/1/2024","Did Not Comply","Due",,,
"3160","Dharma College","2222 HAROLD WAY","2222 HAROLD WAY","Commercial","42098","2024 - Complied","100","6.4","12","1414.64","37383.7","2023 - Complied","100","5.8","12.2","947.75","43183.7","2022 - Complied","100","4.8","10","847.27","34908.3","2021 - Complied","100","8","14.2","1957.83","41015.9","Large Building","7/1/2019","Deferred","Deferred","7/1/2024","Deferred","Deferred","7/1/2029","Upcoming","Upcoming"
"3180","Hotel Shattuck Plaza","2086 ALLSTON WAY","2200-2240 Shattuck Ave","Commercial","150799","2024 - Complied",,"45.9","91.2","32239.71","1085104.2","2023 - Complied",,"48","94.9","33986.79","1124029.5","2022 - Complied",,"51.2","105.1","33009.58","1296339.7","2021 - Complied","90","38.4","83.7","20487.22","1096316.4","Large Building","7/1/2018","Deferred","Deferred","7/1/2023","Did Not Comply","Due",,,
"3220","Pasand Courtyard","2276 SHATTUCK AVE","2041 BANCROFT WAY; 2278 SHATTUCK AVE; 2284 SHATTUCK AVE; 2276 SHATTUCK AVE; 2286 SHATTUCK AVE","Commercial","16067","2024 - Complied","90","21.5","44.5","1442.01","59037.3","2023 - Complied","91","20.9","43.9","1342.1","59102.1","2022 - Did Not Report",,,,,,"2021 - Did Not Report",,,,,,"Large Building","7/1/2019","Complied","Paid","7/1/2024","Pending","Due",,,
"3230","K Street Flats - All Buildings","2022 KITTREDGE ST","2005 BANCROFT WAY; 2020 KITTREDGE ST; 2022 KITTREDGE ST","Multifamily (5+ Units)","159546","2024 - Complied","99","25.7","44.8","24753.97","475554.2","2023 - Complied","99","27.5","48.1","26216.32","515937","2022 - Did Not Report",,,,,,"2021 - Did Not Report",,,,,,"Large Building","7/1/2019","Deferred","Deferred","7/1/2024","Did Not Comply","Due",,,
"3240","2288 Fulton St. / Berkeley Lodge 270","2288 FULTON ST","2177 BANCROFT WAY; 2282 FULTON ST; 2284 FULTON ST; 2288 FULTON ST; 2195 BANCROFT WAY; 2181 BANCROFT WAY; 2280 FULTON ST; 2189 BANCROFT WAY; 2179 BANCROFT WAY; 2199 BANCROFT WAY","Commercial","47250","2024 - Complied","91","16.6","36.7","2682.72","151924.2","2023 - Complied","88","18.5","41.2","2841.11","172396.7","2022 - Complied","92","14.1","35.7","994.76","165423.6","2021 - Complied","91","15.6","36","2091.05","154873","Large Building","7/1/2019","Deferred","Deferred","7/1/2024","Deferred","Deferred","7/1/2029","Upcoming","Upcoming"
"3260","2201-2217 Shattuck Ave","2108 ALLSTON WAY","2207 SHATTUCK AVE; 2205 SHATTUCK AVE; 2108 ALLSTON WAY; 2211 SHATTUCK AVE; 2213 SHATTUCK AVE; 2201 SHATTUCK AVE; 2209 SHATTUCK AVE","Mixed Use (Comm/MF)","26206","2024 - Did Not Report",,,,,,"2023 - Did Not Report",,,,,,"2022 - Did Not Report",,,,,,"2021 - Did Not Report",,,,,,"Large Building","7/1/2019","Did Not Comply","Due",,,,,,
"3270","Gaia Apartments","2116 ALLSTON WAY","2116 ALLSTON WAY; 2120 ALLSTON WAY; 2130 ALLSTON WAY; 2128 ALLSTON WAY; 2126 ALLSTON WAY; 2118 ALLSTON WAY; 2122 ALLSTON WAY; 2124 ALLSTON WAY; 2132 ALLSTON WAY","Mixed Use (Comm/MF)","53911","2024 - Complied","99","38.3","68.4","11972.55","254579.4","2023 - Complied","99","39.7","71","12343.74","264759.3","2022 - Complied","99","39.7","71","12360.76","264670.8","2021 - Complied","100","37.5","66","11977.87","241041.3","Large Building","7/1/2018","Deferred","Deferred","7/1/2023","Did Not Comply","Due",,,
"3280","Oxford Hall","2171 ALLSTON WAY","2150 OXFORD ST; 2138 OXFORD ST; 2173 ALLSTON WAY; 2140 OXFORD ST; 2175 ALLSTON WAY; 2171 ALLSTON WAY; 2142 OXFORD ST","Mixed Use","31802","2024 - In Progress",,,,,,"2023 - Did Not Report",,,,,,"2022 - Did Not Report",,,,,,"2021 - Did Not Report",,,,,,"Large Building","7/1/2019","Did Not Comply","Due",,,,,,
"3290","Allston Place","2161 ALLSTON WAY","2161 ALLSTON WAY","Mixed Use (Comm/MF)","38735","2024 - Complied",,"24.9","49.1","4528.1","149484.9","2023 - Complied",,"17.6","28.9","4499.4","67775.4","2022 - Exempt",,,,,,"2021 - Did Not Report",,,,,,"Large Building","7/1/2019","Deferred","Deferred","7/1/2024","Did Not Comply","Due",,,
"3310","The WeWork Building","2015 KALA BAGAI WAY","2120 UNIVERSITY AVE; 2118 UNIVERSITY AVE; 2015 KALA BAGAI WAY; 2134 UNIVERSITY AVE","Commercial","49390","2024 - Complied","82","50","91.6","13647.87","323688","2023 - Complied","75","58.4","103.2","17012.59","346285.8","2022 - Complied","75","53.8","105.9","12639.6","408307.3","2021 - Did Not Report",,,,,,"Large Building","7/1/2019","Pending","Due",,,,,,
"3340","2131 UNIVERSITY AVE","2131 UNIVERSITY AVE","2131 UNIVERSITY AVE; 2129 UNIVERSITY AVE; 2125 UNIVERSITY AVE; 2127 UNIVERSITY AVE; 2133 UNIVERSITY AVE; 2135 UNIVERSITY AVE","Multifamily (5+ Units)","186527","2024 - In Progress",,,,,,"2023 - Complied","98","24.7","53.7","16354.93","868324.1","2022 - Complied","100","17","37.6","10678.74","616454.6","2021 - In Progress",,,,,,"Large Building","7/1/2019","Deferred","Deferred","7/1/2025","Did Not Comply","Due",,,
"3350","Bachenheimer","2119 UNIVERSITY AVE","2119 UNIVERSITY AVE; 2121 UNIVERSITY AVE; 2123 UNIVERSITY AVE","Multifamily (5+ Units)","40950","2024 - Complied","100","22.5","45.4","4125.55","149069","2023 - Complied","100","24.1","49.7","4144.06","167678","2022 - Complied","97","24.7","47.4","5110.05","147117.3","2021 - Complied","90","30","52.6","7313.17","145201.3","Large Building","7/1/2019","Complied","Paid","7/1/2024","Deferred","Deferred","7/1/2029","Upcoming","Upcoming"
"3360","Berkeleyan","1910 OXFORD ST","1910 OXFORD ST; 1920 OXFORD ST; 1916 OXFORD ST; 1918 OXFORD ST","Multifamily (5+ Units)","39582","2024 - Complied","100","33","62.6","6711.73","185606.3","2023 - Complied","100","29.7","58.9","5475.64","183846.4","2022 - Complied","100","22.4","44.4","4129.37","138527.4","2021 - Complied","100","22","39.1","5097.34","106033.9","Large Building","7/1/2019","Deferred","Deferred","7/1/2024","Did Not Comply","Due",,,
"3380","1849 Shattuck Ave","1849 SHATTUCK AVE","1849 SHATTUCK AVE","Multifamily (5+ Units)","19740","2024 - Did Not Report",,,,,,"2023 - Complied","94","42.1","79.2","4361.07","115635.3","2022 - Complied","96","40.4","75.8","4189.35","110670.8","2021 - Did Not Report",,,,,,"Time of Sale",,,,,,,,,
"3400","Amistad House","1810 SHATTUCK AVE","2050 DELAWARE ST; 1810 SHATTUCK AVE","Multifamily (5+ Units)","45856","2024 - Complied","99","17.2","47.8","105.6","228101.6","2023 - Complied","98","18.1","50.4","92.92","241029.3","2022 - Complied","99","17.2","47.8","50.08","229105.8","2021 - Complied","99","16.7","46.5","77.49","222575.5","Large Building","7/1/2019","Complied","Paid","7/1/2024","Did Not Comply","Due",,,
"3410","1945 Milvia St","1945 MILVIA ST","1945 MILVIA ST","Multifamily (5+ Units)","15639","2024 - Complied",,"19.3","32.4","1926.84","31779.5","2023 - Complied",,"25.7","43","2585.13","41983.9","2022 - Complied",,"23.8","40.3","2357.94","40070.8","2021 - Complied",,"18","29","1917.92","26400.3","Time of Sale",,,,,,,,,
"3430","MB Apartments","1912 MILVIA ST","1945 BERKELEY WAY; 1943 BERKELEY WAY; 1937 BERKELEY WAY; 1929 BERKELEY WAY; 1931 BERKELEY WAY; 1941 BERKELEY WAY; 1933 BERKELEY WAY; 1912 MILVIA ST","Multifamily (5+ Units)","57572","2024 - Complied","100","22.9","36.1","9201.92","116535.7","2023 - Complied","100","25.8","40.3","10505.51","127153.6","2022 - Did Not Report",,,,,,"2021 - Did Not Report",,,,,,"Large Building","7/1/2018","Deferred","Deferred","7/1/2025","Complied","Paid","7/1/2030","Upcoming","Upcoming"
"3440","North Berkeley Senior Center","1901 HEARST AVE",,"Commercial","20880","2024 - Complied",,"23.5","65.7",,"143584.8","2023 - Complied",,"26","72.7",,"158970.3","2022 - Complied",,"24.3","67.9",,"148429.4","2021 - Exempt",,,,,,"Time of Sale",,,,,,,,,
"3441","Senior Center - South Berkeley","2939 Ellis St",,,"17160","2024 - Complied",,"32.5","58.5","3186.71","70025.2","2023 - Complied",,"32.7","58.9","3205.3","70506.3","2022 - Complied",,"33.7","58.1","3566.22","65083","2021 - Complied",,"28.6","51.2","2840.77","60709.3","Large Building",,,,,,,,,
"3450","New Californian","1885 UNIVERSITY AVE","1988 M L KING JR WAY; 1888 BERKELEY WAY; 1942 M L KING JR WAY; 1950 M L KING JR WAY; 1930 M L KING JR WAY; 1885 UNIVERSITY AVE; 1944 M L KING JR WAY","Multifamily (5+ Units)","140900","2024 - Complied","89","47.1","100.4","25432.28","1200801.7","2023 - Complied","87","48.5","106.2","23930.48","1303139","2022 - Complied","84","50.6","109.7","25684.4","1335011","2021 - Exempt",,,,,,"Large Building","7/1/2018","Deferred","Deferred","7/1/2023","Complied","Paid","7/1/2028","Upcoming","Upcoming"
"3460","University Neighborhood Apartments","1721 UNIVERSITY AVE","1719 UNIVERSITY AVE; 1725 UNIVERSITY AVE","Mixed Use","30420","2024 - Complied","100","12","32.8","107.51","103414.1","2023 - Complied","100","12.2","33.5","115.29","105497.9","2022 - Complied","100","12.4","34.2","109.1","107562.3","2021 - Complied","100","12.2","33.6","106.55","105946.8","Large Building","7/1/2019","Complied","Paid","7/1/2024","Did Not Comply","Due",,,
"3470","1812 Delaware St","1812 DELAWARE ST","1812 DELAWARE ST","Multifamily (5+ Units)","23774","2024 - Did Not Report",,,,,,"2023 - Did Not Report",,,,,,"2022 - Did Not Report",,,,,,"2021 - Did Not Report",,,,,,"Time of Sale",,,,,,,,,
"3480","Renaissance Villas","1631 UNIVERSITY AVE","1627 UNIVERSITY AVE; 1631 UNIVERSITY AVE; 1625 UNIVERSITY AVE; 1629 UNIVERSITY AVE","Multifamily (5+ Units)","26755","2024 - Complied","94","33.3","63.6","4520.71","128523.4","2023 - Complied","93","35.3","67.4","4805.95","135897.2","2022 - Complied","93","34.9","67.2","4677.46","136797.7","2021 - Complied","97","29.9","57.6","3985.56","117607","Large Building","7/1/2019","Deferred","Deferred","7/1/2024","Did Not Comply","Due",,,
"3490","Helios Corner","1535 UNIVERSITY AVE","1521 UNIVERSITY AVE; 1531 UNIVERSITY AVE; 1535 UNIVERSITY AVE","Mixed Use (Comm/MF)","68594","2024 - Complied","97","15.1","41.8","194.7","297890.6","2023 - Complied","98","29.5","42.7","15689.36","134011","2022 - Complied","98","27.1","41.5","13422.2","150759.8","2021 - Complied","96","28.5","42.7","14497.32","147571.7","Large Building","7/1/2018","Complied","Paid","7/1/2023","Pending","Due",,,
"3510","1175 University Ave (Holiday Inn Express)","1175 UNIVERSITY AVE","1175 UNIVERSITY AVE","Commercial","33000","2024 - Complied","86","48.9","87.8","9277.88","201263.9","2023 - Complied","80","52.6","95.5","9771.91","222564.4","2022 - Complied","78","53.8","97.9","9928.84","229133.8","2021 - Complied","75","55","99.5","10284.47","230787.1","Large Building","7/1/2018","Complied","Paid","7/1/2023","Complied","Paid","7/1/2028","Upcoming","Upcoming"
"3520","The Delaware Apartments","1800 SAN PABLO AVE","1080 DELAWARE ST; 1808 SAN PABLO AVE; 1800 SAN PABLO AVE","Mixed Use","42775","2024 - Complied","96","31","59.6","6685.53","193176.9","2023 - Complied","94","32.5","64.1","6599.42","214251.2","2022 - Complied","93","32.8","65.1","6518.59","219842.8","2021 - Complied","94","30.4","61","5902.41","208317.1","Large Building","7/1/2021","Complied","Paid","7/1/2028","Upcoming","Upcoming",,,
"3530","811 University Ave","811 UNIVERSITY AVE","811 UNIVERSITY AVE","Commercial","26030","2024 - Complied","28","72.6","127.6","11245.48","224195.3","2023 - Complied","28","78","133.4","12654.63","224411.6","2022 - Complied","40","66.8","114.1","10831.44","191918.2","2021 - Complied","54","54","92.1","8789.01","154372.6","Large Building","7/1/2019","Complied","Paid","7/1/2024","Complied","Paid","7/1/2029","Upcoming","Upcoming"
"3540","Ocean View Gardens","1816 SIXTH ST","819 HEARST AVE","Multifamily (5+ Units)","51569","2024 - Did Not Report",,,,,,"2023 - Complied","86","48.8","70.3","19579.44","164406.4","2022 - Complied","85","49.5","71.2","19842.62","166161.6","2021 - Complied","79","51.2","73.1","20673.24","167261.2","Large Building","7/1/2018","Deferred","Deferred","7/1/2023","Did Not Comply","Due",,,
"3550","Jamestown Premier Berkeley Grotto Campus","1919 FOURTH ST","1915 FOURTH ST; 1911 FOURTH ST; 1901 FOURTH ST","Commercial","53436","2024 - Complied",,"50.3","118.8","6717.18","590393.1","2023 - Complied",,"47.8","112.8","6388.11","560742.5","2022 - Complied",,"41.4","98.5","5360.64","491800","2021 - Complied",,"41","97.1","5427.06","483224.5","Large Building","7/1/2019","Did Not Comply","Due","7/1/2024","Complied","Paid","7/1/2029","Upcoming","Upcoming"
"3560","Truitt and White","642 HEARST AVE","642 HEARST AVE; 1990 SECOND ST","Industrial","29400","2024 - Did Not Report",,,,,,"2023 - Complied","68","22.9","55","1530.82","152456.5","2022 - Complied","67","23.6","55.8","1710.76","152983.5","2021 - Complied","73","20.7","50.2","1294.69","140310.7","Large Building","7/1/2020","Exempt","Exempt",,,,,,
"3580","Extra Space Storage","600 CEDAR ST","600 CEDAR ST","Commercial","94602","2024 - Complied",,"1.7","3.8",,"32567","2023 - Complied",,"4.8","6.4",,"24343","2022 - Did Not Report",,,,,,"2021 - Complied",,"4","5.8",,"28643","Large Building","7/1/2021","Did Not Comply","Due",,,,,,
"3590","Kaiser Lab","1740 SECOND ST","1725 EASTSHORE HWY; 1705 EASTSHORE HWY; 1701 EASTSHORE HWY","Industrial","238908","2024 - Complied",,"140.2","291.4","138122","5768737","2023 - Complied",,"137.3","284.2","137023","5600248.4","2022 - Complied",,"136.1","282.8","134028","5598555.3","2021 - Complied",,"121.5","258.2","111870","5227295.3","Large Building","7/1/2018","Exempt","Exempt",,,,,,
"3600","1780 Second St","1780 SECOND ST","1780 SECOND ST","Commercial","28826","2024 - Complied","12","80.8","205.3","3460","581297","2023 - Complied","12","84.6","209.4","4503","582443.9","2022 - Complied","9","86.3","224.4","2838","645792.9","2021 - Complied","13","78.3","200.9","3006","573235.9","Large Building","7/1/2019","Did Not Comply","Due",,,,,,
"3610","1795 Second St","1795 SECOND ST","1795 SECOND ST","Industrial","139730","2024 - Complied",,"55","123.8","24054","1546951.9","2023 - Complied",,"55.6","122.4","26567","1497854.7","2022 - Did Not Report",,,,,,"2021 - Did Not Report",,,,,,"Large Building","7/1/2018","Did Not Comply","Due",,,,,,
"3620","The Den","2510 CHANNING WAY","2508 CHANNING WAY","Multifamily (5+ Units)","54788","2024 - Complied","99","24.6","43.3","8003.04","160555.3","2023 - Did Not Report",,,,,,"2022 - Complied","100","21.6","41.6","5949.51","173268.6","2021 - Exempt",,,,,,"Large Building","7/1/2031","Upcoming","Upcoming",,,,,,
"3640","1700-1730 Fourth St","1716 FOURTH ST","1712 FOURTH ST; 708 VIRGINIA ST; 1716 FOURTH ST; 1730 FOURTH ST; 1710 FOURTH ST; 1700 FOURTH ST","Commercial","71000","2024 - Complied",,"21.9","55","2574.45","380429","2023 - Complied",,"31.8","71.9","6984.36","457293.6","2022 - Complied",,"36.3","85.7","6458.07","565588.1","2021 - Complied",,"34.5","78.1","7471.74","498166.7","Large Building","7/1/2018","Did Not Comply","Due",,,,,,
"3650","1760-1780 Fourth Street","1760 FOURTH ST","1786 FOURTH ST; 1796 FOURTH ST; 1778 FOURTH ST; 1782 FOURTH ST; 1772 FOURTH ST; 1774 FOURTH ST; 1794 FOURTH ST; 1776 FOURTH ST; 1760 FOURTH ST; 1780 FOURTH ST; 1790 FOURTH ST; 1784 FOURTH ST; 1788 FOURTH ST; 1770 FOURTH ST","Commercial","28956","2024 - Complied",,"127.4","230.9","20812.22","471209.9","2023 - Complied",,"192.6","342.3","32608.72","679035","2022 - Did Not Report",,,,,,"2021 - Did Not Report",,,,,,"Large Building","7/1/2019","Did Not Comply","Paid","7/1/2025","Complied","Paid","7/1/2030","Upcoming","Upcoming"
"3660","1717 Fourth St","1700 FIFTH ST","1717 FOURTH ST; 1700 FIFTH ST; 1710 FIFTH ST","Mixed Use (Comm/Ind)","52923","2024 - In Progress",,,,,,"2023 - Did Not Report",,,,,,"2022 - Did Not Report",,,,,,"2021 - Did Not Report",,,,,,"Large Building","7/1/2019","Did Not Comply","Paid",,,,,,
"3700","Oxford Plaza","2175 KITTREDGE ST","2175 KITTREDGE ST; 2200 FULTON ST","Multifamily (5+ Units)","111823","2024 - Complied",,"40.5","70","27792.69","513543.7","2023 - Complied",,"41.4","71.2","28615","518478.8","2022 - Complied",,"38.9","68.7","25754.58","520924.6","2021 - Complied",,"35.4","57.4","26648.71","379016.5","Large Building","7/1/2018","Complied","Paid","7/1/2023","Deferred","Deferred","7/1/2028","Upcoming","Upcoming"
"3720","David Brower Center","2150 ALLSTON WAY","2150 ALLSTON WAY","Commercial","44934","2024 - Complied",,"83.2","132.2","25844.05","337726.3","2023 - Complied",,"50.5","84.4","14631.19","236369.5","2022 - Complied",,"76.5","110.6","26630.6","227610.4","2021 - Complied",,"55.4","88.9","17021.02","230840.9","Large Building","7/1/2019","Exempt","Exempt","7/1/2024","Complied","Paid","7/1/2033","Upcoming","Upcoming"
"3740","1921 Francisco St","1921 FRANCISCO ST","1921 FRANCISCO ST","Multifamily (5+ Units)","28533","2024 - Complied","100","20.3","31.5","4129.77","48594.2","2023 - Complied","100","22.5","34.2","4685.42","50653.9","2022 - Complied","100","23.1","36","4681.29","56148.1","2021 - Complied","100","20","32.1","3901.36","52973.6","Large Building","7/1/2019","Complied","Paid","7/1/2024","Complied","Paid","7/1/2029","Upcoming","Upcoming"
"3750","1600 Shattuck Ave","1600 SHATTUCK AVE","1600 SHATTUCK AVE","Commercial","27954","2024 - Complied",,"114.5","201.6","18998.62","381063.7","2023 - Did Not Report",,,,,,"2022 - Did Not Report",,,,,,"2021 - Did Not Report",,,,,,"Large Building","7/1/2019","Did Not Comply","Due",,,,,,
"3760","2083 DELAWARE ST","2083 DELAWARE ST","2087 DELAWARE ST; 2079 DELAWARE ST; 2083 DELAWARE ST; 1790 SHATTUCK AVE; 1792 SHATTUCK AVE; 1796 SHATTUCK AVE; 1798 SHATTUCK AVE","Mixed Use (Comm/MF)","16578","2024 - Complied","28","65.7","130.9","5015.41","172061.5","2023 - Complied","34","66.8","128.2","5584.01","161069.8","2022 - Complied","44","66.7","120.7","6250.33","140728.2","2021 - Complied","67","60.7","99.2","6698.21","98594.4","Time of Sale",,,,,,,,,
"3770","University Park Apartments","1709 SHATTUCK AVE","1709 SHATTUCK AVE","Multifamily (5+ Units)","57035","2024 - Complied","99","34.1","53.9","13577.16","172465.9","2023 - Complied","98","38.7","60","15748.82","185181.5","2022 - Complied","99","35.7","56.6","14112.6","182590.4","2021 - Complied","100","31","49.2","12285.26","158881.1","Large Building","7/1/2018","Deferred","Deferred","7/1/2023","Deferred","Deferred",,,
"3780","Hillside Village","1797 SHATTUCK AVE","1797 SHATTUCK AVE; 1801 SHATTUCK AVE; 2102 DELAWARE ST; 1805 SHATTUCK AVE; 1809 SHATTUCK AVE","Multifamily (5+ Units)","70048","2024 - Complied","100","20.2","46.4","4060.05","295497.2","2023 - Complied","98","20.1","46.2","4025.18","294532.8","2022 - Complied","97","22.6","49.4","5507.02","301634.3","2021 - Complied","95","23.1","51.6","5232.67","320511.5","Large Building","7/1/2018","Deferred","Deferred","7/1/2023","Did Not Comply","Due",,,
"3790","Berkeley Gourmet Ghetto","1625 SHATTUCK AVE","1625 SHATTUCK AVE","Commercial","28145","2024 - Complied",,"37.1","103.8",,"305764.5","2023 - Complied",,"31.3","87.6",,"257981.7","2022 - Did Not Report",,,,,,"2021 - Did Not Report",,,,,,"Large Building","7/1/2019","Complied","Paid","7/1/2024","Did Not Comply","Due",,,
"3800","1786 Spruce St","1786 SPRUCE ST","1786 SPRUCE ST","Multifamily (5+ Units)","37548","2024 - Complied","100","12.4","34.1",,"133172.1","2023 - Complied","99","14.5","38.1","543.26","143631.9","2022 - Complied","98","15.4","40.7","530.91","154241.2","2021 - Complied","96","15.5","41.2","485.31","156441.8","Large Building","7/1/2019","Complied","Paid","7/1/2024","Complied","Paid","7/1/2029","Upcoming","Upcoming"
"3810","1717 Oxford St","1717 OXFORD ST","1717 OXFORD ST","Multifamily (5+ Units)","24461","2024 - Complied","87","52.5","73.5","10282.97","75070.1","2023 - Complied","89","52.5","73.4","10272.74","74983.6","2022 - Complied","89","52.7","73.5","10353.16","74388.3","2021 - Complied","95","44.7","64","8524.75","70259.2","Large Building","7/1/2019","Deferred","Deferred","7/1/2024","Did Not Comply","Due",,,
"3820","2255 Hearst Ave","2255 HEARST AVE","2255 HEARST AVE","Multifamily (5+ Units)","20115","2024 - Complied","98","49","73.8","7287.96","75339.6","2023 - Complied","93","56.4","84.7","8419.97","85701","2022 - Complied","94","55.3","83.6","8200.36","85916.7","2021 - Complied","92","54.9","83","8119.98","85435","Large Building","7/1/2019","Complied","Paid","7/1/2024","Complied","Paid","7/1/2029","Upcoming","Upcoming"
"3830","Casa Zimbabwe","2424 RIDGE RD","2422 RIDGE RD; 2420 RIDGE RD; 2424 RIDGE RD","Multifamily (5+ Units)","40037","2024 - Complied",,"77.6","116.4","23061.23","234286.5","2023 - Complied",,"49.1","61.8","17299.34","68956.1","2022 - Complied",,"55.4","69.1","19677.91","73159.8","2021 - Did Not Report",,,,,,"Large Building","7/1/2019","Did Not Comply","Due",,,,,,
"3840","2477 VIRGINIA ST","2477 VIRGINIA ST","2477 VIRGINIA ST","Multifamily (5+ Units)","19491","2024 - Complied","26","68.2","92.7","10937.48","68832.1","2023 - Complied","23","71.2","97.7","11329.95","74771.1","2022 - Complied","28","68","94.3","10710.76","74648.9","2021 - Complied","20","67.4","95.4","10411.64","80133","Time of Sale",,,,,,,,,
"3850","Treehaven","2523 RIDGE RD","2523 RIDGE RD","Multifamily (5+ Units)","25785","2024 - Complied","94","50","66.2","10859.01","59299.3","2023 - Complied","86","60.5","76.7","13666.19","56907.1","2022 - Complied","83","63.4","79.9","14403.14","57274.9","2021 - Complied","78","63.5","80.1","14400.12","57800.3","Large Building","7/1/2019","Complied","Paid","7/1/2024","Complied","Paid","7/1/2029","Upcoming","Upcoming"
"3860","Hearst Avenue Apartments","2511 HEARST AVE","2511 HEARST AVE","Mixed Use (Comm/MF)","16277","2024 - Did Not Report",,,,,,"2023 - Did Not Report",,,,,,"2022 - Did Not Report",,,,,,"2021 - Did Not Report",,,,,,"Time of Sale",,,,,,,,,
"3870","1771 Highland Pl","1771 HIGHLAND PL","1771 HIGHLAND PL","Multifamily (5+ Units)","33609","2024 - Complied","62","55.3","80.7","14209.79","127819.4","2023 - Complied","52","61.9","88.4","16308.58","131674.5","2022 - Complied","77","50.9","74.4","13079.1","117839.7","2021 - Complied","60","57.4","80.7","15391.64","114689.8","Large Building","7/1/2019","Complied","Paid","7/1/2025","Did Not Comply","Due",,,
"3880","Fmr. Hillside School","1581 LE ROY AVE","1589 LE ROY AVE; 1581 LE ROY AVE; 1587 LE ROY AVE","Commercial","36000","2024 - Complied",,"61.5","140.4","6545","456943","2023 - Did Not Report",,,,,,"2022 - Did Not Report",,,,,,"2021 - Did Not Report",,,,,,"Large Building","7/1/2019","Did Not Comply","Due",,,,,,
"3890","1541 Oxford St","1541 OXFORD ST","1541 OXFORD ST","Multifamily (5+ Units)","23309","2024 - Complied","99","31","48.7","5066.47","63251.7","2023 - Complied","100","32.5","48.9","5590.68","57874.8","2022 - Complied","99","33.1","50.6","5611.97","61864.3","2021 - Complied","99","29.8","47.5","4793.36","63204.9","Time of Sale",,,,,,,,,
"3900","1515 Oxford St","1515 OXFORD ST",,"Multifamily (5+ Units)","36676","2024 - Complied",,"27.2","38.3","7945.68","59536.8","2023 - Complied",,"31.5","45.2","9040.11","74065.1","2022 - Complied",,"28.6","41.9","8011.03","72894.5","2021 - Did Not Report",,,,,,"Large Building","7/1/2019","Did Not Comply","Due","7/1/2024","Complied","Paid","7/1/2029","Upcoming","Upcoming"
"3910","Shattuck Commons","1400 SHATTUCK AVE",,"Commercial","18685","2024 - Did Not Report",,,,,,"2023 - Complied","20","54.2","107.8","4705.53","159030.9","2022 - Complied","19","55.1","109.7","4773.31","162001.2","2021 - Did Not Report",,,,,,"Time of Sale",,,,,,,,,
"3920","Andronico's North Berkeley","1550 SHATTUCK AVE","1550 SHATTUCK AVE","Commercial","33331","2024 - Complied","69","222","492","24691","1445099","2023 - Complied","56","224.8","489.5","26669","1414830.7","2022 - Complied","57","219.4","483","25037","1409792.8","2021 - Complied","63","199.8","451.5","20573","1348972.9","Large Building","7/1/2019","Did Not Comply","Due",,,,,,
"3930","1930 Vine St","1930 VINE ST","1930 VINE ST","Multifamily (5+ Units)","23447","2024 - Complied","99","26","50.8","2957.16","92214.6","2023 - Complied","99","26","51.9","2825.24","96202.9","2022 - Complied","99","26.5","52.5","2919.86","96637.4","2021 - Complied","96","29.1","57.3","3230.37","105089.6","Time of Sale",,,,,,,,,
"3940","Lawrence Moore Manor","1539 M L KING JR WAY","1909 CEDAR ST; 1539 M L KING JR WAY","Multifamily (5+ Units)","27160","2024 - Complied","13","109.3","148.9","24382.1","155394","2023 - Complied","10","114.2","156.5","25321.96","166506.7","2022 - Complied","13","106.8","151.9","22835.94","180728.8","2021 - Complied","12","105.5","147.6","22935.38","167534.6","Large Building","7/1/2019","Complied","Paid","7/1/2024","Pending","Paid",,,
"3960","1500 San Pablo Ave","1500 SAN PABLO AVE",,"Mixed Use (Comm/MF)","261272","2024 - Complied","100","18.8","38.4","21207.95","816705.6","2023 - Complied","100","19.6","39.9","22535.15","843365.2","2022 - Complied","100","19","38.7","21613.32","820895","2021 - Did Not Report",,,,,,"Large Building","7/1/2019","Deferred","Deferred","7/1/2024","Did Not Comply","Due",,,
"3970","The Durant","2631 DURANT AVE","2637 DURANT AVE","Multifamily (5+ Units)","30500","2024 - Complied","97","35.3","75.4","4058.92","196218","2023 - Complied","95","38.4","81.9","4459.14","212397.2","2022 - Complied","97","37.3","77.9","4649.06","197545.3","2021 - Complied","99","32.3","67.9","3945.72","173260.2","Large Building","7/1/2030","Upcoming","Upcoming",,,,,,
"4010","Haws Drinking Fountain","1435 FOURTH ST","1453 FOURTH ST; 1435 FOURTH ST; 1445 FOURTH ST","Industrial","30418","2024 - Did Not Report",,,,,,"2023 - Complied",,"14.1","39.4",,"125535.1","2022 - Did Not Report",,,,,,"2021 - Did Not Report",,,,,,"Large Building","7/1/2019","Did Not Comply","Due",,,,,,
"4020","West Berkeley Commercial Center","1440 SAN PABLO AVE","1440 SAN PABLO AVE; 1450 SAN PABLO AVE; 1442 SAN PABLO AVE; 1448 SAN PABLO AVE","Commercial","24279","2024 - Complied","94","5.7","14.3","219.45","33983.4","2023 - Complied","88","7.6","17","582.81","36787.2","2022 - Complied","84","8.4","18.4","696.72","39175","2021 - Complied","80","8.8","19.5","717.03","41705.5","Time of Sale",,,,,,,,,
"4130","Gilman District South","1313 NINTH ST","1000 GILMAN ST; 1328 TENTH ST; 1320 TENTH ST; 1300 TENTH ST; 1324 TENTH ST; 1326 TENTH ST; 1316 TENTH ST; 1319 NINTH ST; 1310 TENTH ST; 1318 TENTH ST; 1314 TENTH ST; 1000 GILMAN ST; 1010 GILMAN ST","Commercial","36413","2024 - Complied",,"49.8","112.6","5586.55","367593.5","2023 - Complied",,"58.6","122.4","8679.24","371306.5","2022 - Complied",,"67.6","123.3","13705.7","319364.8","2021 - Complied",,"40.6","61.3","10899.21","113866.2","Large Building","7/1/2019","Complied","Paid","7/1/2026","Upcoming","Upcoming",,,
"4140","Camelia Outlet Center","1001 CAMELIA ST","1390 TENTH ST; 1370 TENTH ST; 1398 TENTH ST; 1374 TENTH ST; 1385 NINTH ST; 1330 TENTH ST; 1395 NINTH ST; 1380 TENTH ST; 1329 NINTH ST; 1360 TENTH ST; 1003 CAMELIA ST; 1009 CAMELIA ST; 1005 CAMELIA ST; 1001 CAMELIA ST; 1019 CAMELIA ST; 1015 CAMELIA ST","Commercial","76156","2024 - In Progress",,,,,,"2023 - Did Not Report",,,,,,"2022 - Did Not Report",,,,,,"2021 - Did Not Report",,,,,,"Large Building","7/1/2018","Did Not Comply","Paid",,,,,,
"4150","REI Walgreens Center","1050 GILMAN ST","1050 GILMAN ST; 1338 SAN PABLO AVE","Commercial","63075","2024 - Complied","62","54.3","131.7","7330.9","788937.8","2023 - Complied","69","52.7","127.8","7170.59","764730.5","2022 - Complied","64","56.2","136.7","7473.46","820444.1","2021 - Complied","64","54.6","133","7120.99","799984.9","Large Building","7/1/2023","Complied","Paid","7/1/2024","Pending","Due",,,
"4170","Gilman District North (Whole Foods)","1011 GILMAN ST","1011 GILMAN ST; 1025 GILMAN ST","Commercial","47801","2024 - Complied","67","235.5","490.4","46139.2","1946348.8","2023 - Complied","65","251.9","509.1","53592.73","1958368.3","2022 - Complied","67","236.4","496.7","45087.17","1989860.5","2021 - Complied","75","200.8","449.5","30803.03","1910747.3","Large Building","7/1/2019","Complied","Paid","7/1/2028","Upcoming","Upcoming",,,
"4180","1226-1288 Ninth St","1226 NINTH ST","1249 Eighth St; 933 Gilman St; 1232 Ninth St; 1250 Ninth St; 1288 Ninth St","Industrial","54000","2024 - Did Not Report",,,,,,"2023 - Did Not Report",,,,,,"2022 - Did Not Report",,,,,,"2021 - Did Not Report",,,,,,"Large Building","7/1/2018","Did Not Comply","Due",,,,,,
"4190","1249 Eigth St","933 GILMAN ST","933 GILMAN ST; 1288 NINTH ST; 1250 NINTH ST; 1249 EIGHTH ST; 1232 NINTH ST","Industrial","30000","2024 - Exempt",,,,,,"2023 - Did Not Report",,,,,,"2022 - Did Not Report",,,,,,"2021 - Did Not Report",,,,,,"Large Building","7/1/2019","Did Not Comply","Due",,,,,,
"4200","901 Gilman St","901 GILMAN ST","901 GILMAN ST","Mixed Use (Comm/Ind)","115034","2024 - Complied",,"85.2","153.3","56025.52","1230632","2023 - Complied",,"86.6","152.1","59425.13","1178276.8","2022 - Complied",,"82.1","146","55179.15","1151801.5","2021 - Complied",,"78.1","141.1","51017.97","1137842.9","Large Building","7/1/2023","Complied","Paid","7/1/2024","Did Not Comply","Due",,,
"4210","Central Self Storage Berkeley","600 HARRISON ST","620 HARRISON ST; 600 HARRISON ST; 610 HARRISON ST; 1225 EASTSHORE HWY","Commercial","67000","2024 - Complied",,"3.2","4.8",,"17747","2023 - Did Not Report",,,,,,"2022 - Complied",,"4.9","13.6",,"95489","2021 - Complied",,"9.2","25.8",,"93673","Large Building","7/1/2018","Did Not Comply","Due",,,,,,
"4230","Public Storage","1120 SECOND ST","1120 SECOND ST","Commercial","91430","2024 - Complied",,"1.6","3.4","406","26505","2023 - Complied",,"3","8","228","74266","2022 - Complied",,"2.6","6.8","296","61870","2021 - Complied","3.8","10.3","95438","262","95438","Large Building","7/1/2018","Did Not Comply","Due",,,,,,
"4250","999 Harrison St","999 HARRISON ST","1111 Eighth ST; 1190 NINTH ST","Commercial","73900","2024 - Complied",,"10","19.5","3548.4","112024.1","2023 - Complied",,"12.2","21.9","5168.56","112722.7","2022 - Complied",,"13.5","25.9","5058.86","145065.2","2021 - Complied",,"8.9","19.6","2263.44","126644.1","Large Building","7/1/2018","Complied","Paid","7/1/2024","Did Not Comply","Due",,,
"4260","1385 Shattuck Ave","1385 SHATTUCK AVE","1385 SHATTUCK AVE; 2101 ROSE ST","Mixed Use","26650","2024 - Insufficient Data",,,,,,"2023 - Complied",,"27.7","55.9","3285","119896.3","2022 - Complied",,"26.9","57.1","2760.61","128964.7","2021 - Complied","98","26.6","56.8","2682.73","129011.1","Large Building","7/1/2018","Complied","Paid","7/1/2023","Complied","Paid","7/1/2028","Upcoming","Upcoming"
"4270","Doubletree Hotel & Executive Meeting Center","200 MARINA BLVD","200 MARINA BLVD","Commercial","249109","2024 - Complied","100","24.2","67.8","19.94","1768456.8","2023 - Complied","91","38.5","85.1","32216.29","1865239.6","2022 - Complied","99","50","94.9","64217.62","1768891","2021 - Complied","100","36.1","76.9","34320.22","1626796.9","Large Building","7/1/2018","Deferred","Deferred","7/1/2023","Did Not Comply","Due",,,
"4280","1850 Solano Ave","1850 SOLANO AVE","1850 SOLANO AVE; 915 COLUSA AVE","Commercial","20028","2024 - Complied","56","253.1","605.5","11811","1139631.9","2023 - Complied","41","245.3","588","11301","1108516.9","2022 - Complied","38","257","609.1","12649","1137851.9","2021 - Did Not Report",,,,,,"Time of Sale",,,,,,,,,
"4290","1737 Solano Ave","1737 SOLANO AVE","1737 SOLANO AVE","Multifamily (5+ Units)","39732","2024 - Complied","100","25.4","38.7","7382.22","79748","2023 - Complied","92","28.8","43","8586.17","84290.4","2022 - Complied","93","27.8","42.2","8090.79","86443.9","2021 - Did Not Report",,,,,,"Large Building","7/1/2019","Did Not Comply","Due","7/1/2024","Complied","Paid","7/1/2029","Upcoming","Upcoming"
"4320","1519 OXFORD ST","1519 OXFORD ST","1519 OXFORD ST  F","Multifamily (5+ Units)","24297","2024 - Complied",,"20.4","29","3922.88","30563.4","2023 - Complied",,"20.4","27.6","4090.57","25176","2022 - Did Not Report",,,,,,"2021 - Complied",,"17.7","20.7","4016.55","8593.4","Time of Sale",,,,,,,,,
"4330","1805 SECOND ST","1805 SECOND ST","1805 SECOND ST;","Industrial","24000","2024 - Did Not Report",,,,,,"2023 - Complied","49","18.6","48.4","497.82","116008.6","2022 - Complied","52","17.8","45.7","550.09","108802.6","2021 - Complied","51","18.6","45.9","862.16","105806.7","Time of Sale",,,,,,,,,
"4340","1927 Dwight Way","1927 DWIGHT WAY","1927 DWIGHT WAY","Multifamily (5+ Units)","24990","2024 - Complied","100","30.8","45.4","5854.67","54322","2023 - Complied","98","38.5","55","7549.04","60889.2","2022 - Complied","99","36.5","54","6888.78","65611.4","2021 - Complied","100","27.9","43.8","4888.36","60753","Large Building","7/1/2019","Complied","Paid","7/1/2024","Complied","Paid","7/1/2029","Upcoming","Upcoming"
"4350","The Addison Apartments","1950 ADDISON ST","1916 ADDISON ST","Multifamily (5+ Units)","83535","2024 - Insufficient Data",,,,,,"2023 - Complied","96","24.3","66.6","733.88","574132.6","2022 - Complied","98","22.9","62.5","813.14","537708.3","2021 - Did Not Report",,,,,,"Large Building","7/1/2029","Upcoming","Upcoming",,,,,,
"4360","2001 Bancroft Way","2001 BANCROFT WAY","2001 BANCROFT WAY","Commercial","15171","2024 - Did Not Report",,,,,,"2023 - Did Not Report",,,,,,"2022 - Did Not Report",,,,,,"2021 - Did Not Report",,,,,,"Time of Sale",,,,,,,,,
"4370","Berkeley Apartments- University (Touriel)","2004 UNIVERSITY AVE","2004 UNIVERSITY AVE; 2008 UNIVERSITY AVE","Mixed Use","19456","2024 - Complied","91","46.1","94.1","3871.25","149139.2","2023 - Complied","98","38","78.8","3058.86","126904.7","2022 - Complied","96","45.1","87.4","4330.79","130292.8","2021 - Exempt",,,,,,"Time of Sale",,,,,,,,,
"4380","2095 Rose St","2095 ROSE ST","2095 ROSE ST","Commercial","24200","2024 - Complied","82","40.9","79.1","4900.27","146577.8","2023 - Did Not Report",,,,,,"2022 - Did Not Report",,,,,,"2021 - Did Not Report",,,,,,"Time of Sale",,,,,,,,,
"4400","Fmr. UC Press Building","2120 BERKELEY WAY","2120 BERKELEY WAY","Commercial","23119","2024 - Exempt",,,,,,"2023 - Exempt",,,,,,"2022 - Did Not Report",,,,,,"2021 - Did Not Report",,,,,,"Time of Sale",,,,,,,,,
"4420","2151-2163 Shattuck Ave","2161 SHATTUCK AVE","2165 SHATTUCK AVE; 2163 SHATTUCK AVE; 2110 CENTER ST; 2153 SHATTUCK AVE; 2112 CENTER ST; 2155 SHATTUCK AVE; 2151 SHATTUCK AVE; 2114 CENTER ST","Commercial","22315","2024 - Complied","98","12.3","31.3","416.56","68500.8","2023 - Complied","100","9.1","21.2","539.78","43640.9","2022 - Complied","95","17.4","43","734.48","92458.4","2021 - Complied","96","15.3","38.4","570.63","83466.5","Time of Sale",,,,,,,,,
"4430","2404 Fulton St","2404 FULTON ST","2404 FULTON ST","Multifamily (5+ Units)","18090","2024 - Complied","95","33.9","62.5","3342.63","81535.2","2023 - Complied","93","39.6","67.8","4446.44","79450.2","2022 - Complied","96","37.3","63.2","4251.55","72956.3","2021 - Complied","97","35.2","60.2","3975.55","70360","Time of Sale",,,,,,,,,
"4440","Hashemi - Stuart","2525 STUART ST","2525 STUART ST","Multifamily (5+ Units)","24570","2024 - Complied","56","65.3","84.1","13848.8","64015.1","2023 - Complied","30","81.1","102","17544.97","69535.6","2022 - Complied","26","85.8","105.1","18968.79","61895.2","2021 - Complied","27","80.5","100","17601.41","63655.3","Time of Sale",,,,,,,,,
"4460","2627 Hillegass Ave","2627 HILLEGASS AVE","2627 HILLEGASS AVE; 2631 HILLEGASS AVE","Multifamily (5+ Units)","22935","2024 - Complied","95","34.6","52.7","5802.55","62782.1","2023 - Complied","96","39.7","53.3","7580.33","44746.3","2022 - Complied","99","35.1","47.7","6632.66","41619.2","2021 - Complied","98","33.8","48","6100.17","48304.6","Time of Sale",,,,,,,,,
"4470","2801 Adeline St","2801 ADELINE ST","2801 ADELINE ST","Commercial","23965","2024 - Insufficient Data",,,,,,"2023 - Did Not Report",,,,,,"2022 - Complied","18","90.4","250.3","374","623824.9","2021 - Complied","27","80.1","215.7","1151.1","528536.9","Time of Sale",,,,,,,,,
"4480","3271 Adeline St","3271 ADELINE ST","3271 ADELINE ST; 1833 ALCATRAZ AVE; 1835 ALCATRAZ AVE","Commercial","26186","2024 - Complied","88","23","49","2313.07","108789.2","2023 - Did Not Report",,,,,,"2022 - Complied","91","20.3","44.1","1903.56","100062","2021 - Complied","100","11.4","15.7","2420.87","16447.5","Large Building","7/1/2019","Complied","Paid","7/1/2024","Complied","Paid","7/1/2029","Upcoming","Upcoming"
"4510","Foundry 31 (Former Marchant Bldg)","3100 SAN PABLO AVE","3100 SAN PABLO AVE; 1000 FOLGER AVE; 1048 FOLGER AVE","Commercial","453063","2024 - Complied",,"72.3","173.9","73913.47","7432964.3","2023 - Complied",,"76","177.3","91637.62","7400702.1","2022 - Did Not Report",,,,,,"2021 - Did Not Report",,,,,,"Large Building","7/1/2018","Complied","Paid","7/1/2023","Did Not Comply","Due",,,
"4520","Ashby Lofts Apartments","2909 NINTH ST","2909 NINTH ST; 2919 NINTH ST; 2915 NINTH ST; 2917 NINTH ST; 2929 NINTH ST","Multifamily (5+ Units)","51365","2024 - Complied","100","12.8","35.3","160.09","187885","2023 - Complied","100","14.1","38.7","180.84","206297.2","2022 - Complied","83","47","74.6","16724.18","217345.5","2021 - Complied","74","48","76.8","16881.79","227263.7","Large Building","7/1/2018","Complied","Paid","7/1/2023","Did Not Comply","Due",,,
"4540","Zaytuna College","2770 MARIN AVE","2770 MARIN AVE","Commercial","25657","2024 - Complied",,"64.1","92.1","12808.6","106531.4","2023 - Complied",,"72.1","99.6","14993.4","102638.6","2022 - Complied",,"73.4","98.8","15635","93570","2021 - Complied",,"42","61.2","8257.88","73724.3","Large Building","7/1/2019","Complied","Paid","7/1/2028","Upcoming","Upcoming",,,
"4550","St. Johns Presbyterian Church","2717 GARBER ST","2727 COLLEGE AVE; 2720 FOREST AVE; 2727 GARBER ST; 2717 GARBER ST","Commercial","34087","2024 - Complied",,"19.7","18.6","7151.75","-12414.1","2023 - Complied",,"28","29.9","9432.49","3165.4","2022 - Complied",,"29.1","29.6","10121.9","-5571.7","2021 - Complied",,"32.4","34.4","10953.23","2394.1","Large Building","7/1/2019","Complied","Paid","7/1/2024","Complied","Paid","7/1/2029","Upcoming","Upcoming"
"4560","Holy Spirit Parish/Newman Hall","2700 DWIGHT WAY","2700 DWIGHT WAY","Commercial","27661","2024 - In Progress",,,,,,"2023 - Did Not Report",,,,,,"2022 - Did Not Report",,,,,,"2021 - Insufficient Data",,,,,,"Large Building","7/1/2019","Did Not Comply","Due",,,,,,
"4590","Sutter Health Clinic - Urgent Care","2500 MILVIA ST","2500 MILVIA ST","Commercial","27502","2024 - Complied","61","73.3","151.2","8491.9","341862.7","2023 - Complied","64","72.6","147.6","8758.4","328514.9","2022 - Complied","64","71.1","148.5","7923","340507.4","2021 - Did Not Report",,,,,,"Large Building","7/1/2019","Deferred","Deferred","7/1/2024","Complied","Paid","7/1/2029","Upcoming","Upcoming"
"4600","CDSP - Shires Hall","2451 RIDGE RD","2451 RIDGE RD; 2449 RIDGE RD; 2455 RIDGE RD","Commercial","29800","2024 - Complied",,"32.1","83.7",,"250332.7","2023 - Did Not Report",,,,,,"2022 - Did Not Report",,,,,,"2021 - Complied",,"30.9","80.4",,"240211.6","Large Building","7/1/2019","Complied","Paid","7/1/2024","Complied","Paid","7/1/2029","Upcoming","Upcoming"
"4610","2450 MILVIA ST","2450 MILVIA ST","2450 MILVIA ST; 1947 DWIGHT WAY; 1937 DWIGHT WAY","Multifamily (5+ Units)","24540","2024 - Complied","100","31.8","47.9","5783.29","59482.2","2023 - Complied","100","34.3","49.6","6513.32","55927.3","2022 - Complied","100","34.4","49.9","6521.44","56376.3","2021 - Complied","100","26.4","41","4613.93","54506.1","Large Building","7/1/2019","Complied","Paid","7/1/2024","Complied","Paid","7/1/2029","Upcoming","Upcoming"
"4620","2441 HASTE ST","2441 HASTE ST","2441 HASTE ST; 2444 TELEGRAPH AVE; 2436 TELEGRAPH AVE; 2432 TELEGRAPH AVE; 2442 TELEGRAPH AVE; 2438 TELEGRAPH AVE","Mixed Use (Comm/MF)","43336",,,,,,,,,,,,,,,,,,,,,,,,,"Large Building","7/1/2019","Deferred","Deferred",,,,,,
"4650","2429 SHATTUCK AVE","2429 SHATTUCK AVE","2437 SHATTUCK AVE; 2429 SHATTUCK AVE; 2431 SHATTUCK AVE; 2435 SHATTUCK AVE; 2441 SHATTUCK AVE; 2449 SHATTUCK AVE; 2433 SHATTUCK AVE","Mixed Use (Comm/MF)","27272","2024 - Complied","100","14.9","33.7","1236.72","82700.6","2023 - Complied","97","41.1","68.7","7240.88","116428.5","2022 - Complied","98","41.3","68.5","7360.03","114542.8","2021 - Complied","60","43.3","69.1","8131.91","107978.6","Large Building","7/1/2019","Complied","Paid","7/1/2024","Complied","Paid","7/1/2029","Upcoming","Upcoming"
"4660","2414 TELEGRAPH AVE","2414 TELEGRAPH AVE","2414 TELEGRAPH AVE; 2410 TELEGRAPH AVE; 2424 TELEGRAPH AVE; 2422 TELEGRAPH AVE; 2416 TELEGRAPH AVE","Commercial","45282","2024 - Complied",,"30.6","40.3","11710.77","62463.3","2023 - Complied","94","44.5","58.4","17133.1","88578.3","2022 - Complied","95","42.9","56.4","16474.41","86301.2","2021 - Complied","95","43.2","55.1","17057.21","73872.3","Large Building","7/1/2019","Complied","Paid","7/1/2024","Complied","Paid","7/1/2029","Upcoming","Upcoming"
"4670","2407 DANA ST","2407 DANA ST","2419 HASTE ST; 2407 DANA ST; 2410 CHANNING WAY","Commercial","42707","2024 - Complied",,"50.3","86","13365.42","237332","2023 - Complied",,"56.7","104.3","13280.71","320376","2022 - Complied",,"63","111.9","15721.41","327440.5","2021 - Complied",,"42.6","79.1","9828.92","245573.6","Large Building","7/1/2018","Complied","Paid","7/1/2028","Upcoming","Upcoming",,,
"4680","Identity Logan Park Apartments","2352 SHATTUCK AVE","2358 SHATTUCK AVE; 2050 DURANT AVE","Mixed Use (Comm/MF)","182977","2024 - Complied","100","19.1","36.9","17426.23","514722.6","2023 - Complied","100","20","37.8","18895.44","516574.7","2022 - Did Not Report",,,,,,"2021 - Exempt",,,,,,"Large Building","7/1/2024","Deferred","Deferred","7/1/2033","Upcoming","Upcoming",,,
"4690","SPECTRA SOUTHSIDE","2328 TELEGRAPH AVE","2338 TELEGRAPH AVE; 2441 DURANT AVE; 2344 TELEGRAPH AVE; 2340 TELEGRAPH AVE; 2342 TELEGRAPH AVE; 2328 TELEGRAPH AVE; 2332 TELEGRAPH AVE; 2334 TELEGRAPH AVE","Mixed Use (Comm/MF)","60866","2024 - In Progress",,,,,,"2023 - Complied","100","31.7","54.8","11790.59","219255.8","2022 - Complied","100","30.3","55.9","10045.31","246021.7","2021 - Complied","100","34","53.1","14600.86","177985","Large Building","7/1/2019","Deferred","Deferred","7/1/2024","Did Not Comply","Due",,,
"4700","2323 SHATTUCK AVE","2323 SHATTUCK AVE","2321 SHATTUCK AVE; 2319 SHATTUCK AVE; 2323 SHATTUCK AVE","Mixed Use (Comm/MF)","26634","2024 - Complied",,"36.3","54.2","7221.34","71707.2","2023 - Did Not Report",,,,,,"2022 - Did Not Report",,,,,,"2021 - Complied",,"27.5","42.9","5210.11","62284.6","Large Building","7/1/2019","Complied","Paid","7/1/2024","Did Not Comply","Due",,,
"4710","Berkeley City Club","2315 DURANT AVE","2315 DURANT AVE","Mixed Use (Comm/MF)","46105","2024 - Complied","95","110.8","151.2","41879.17","269581","2023 - Complied","94","116.2","156.3","44524.78","265085.6","2022 - Complied","97","107.8","146.3","41002.21","255540.6","2021 - Complied","98","101.4","135.5","39118.3","224134.3","Large Building","7/1/2019","Complied","Paid","7/1/2024","Complied","Paid","7/1/2029","Upcoming","Upcoming"
"4730","2141 BONAR ST","2141 BONAR ST","2141 BONAR ST; 1255 ALLSTON WAY","Commercial","37326","2024 - Complied",,"10.4","19.5","2035.91","53780.6","2023 - Complied",,"6.2","9.9","1576.29","21501.9","2022 - Complied",,"5.7","12.9","656.55","43075.7","2021 - Complied",,"7","14.2","1137.87","43125.8","Large Building","7/1/2019","Did Not Comply","Due",,,,,,
"4740","Jodo Shinshu Center","2140 DURANT AVE","2140 DURANT AVE","Commercial","32550","2024 - Complied","94","26.6","55.8","3463.62","152101.9","2023 - Complied","95","25.2","54.3","3030.63","151679.6","2022 - Complied","97","23.2","50.9","2621.54","144711.1","2021 - Complied","98","22.2","47.9","2637.19","134331.5","Large Building","7/1/2019","Deferred","Deferred","7/1/2024","Deferred","Deferred","7/1/2029","Upcoming","Upcoming"
"4750","2110 KITTREDGE ST","2110 KITTREDGE ST","2110 KITTREDGE ST; 2261 SHATTUCK AVE; 2263 SHATTUCK AVE; 2257 SHATTUCK AVE; 2255 SHATTUCK AVE; 2259 SHATTUCK AVE","Commercial","26322","2024 - Did Not Report",,,,,,"2023 - Did Not Report",,,,,,"2022 - Did Not Report",,,,,,"2021 - Did Not Report",,,,,,"Large Building","7/1/2019","Did Not Comply","Due",,,,,,
"4760","2066 UNIVERSITY AVE","2066 UNIVERSITY AVE","2076 UNIVERSITY AVE; 2070 UNIVERSITY AVE; 2066 UNIVERSITY AVE; 2068 UNIVERSITY AVE; 2074 UNIVERSITY AVE; 2072 UNIVERSITY AVE","Multifamily (5+ Units)","29862","2024 - Complied","25","78.7","129.4","15509.83","234006.3","2023 - Complied","47","65.2","112.8","11876.04","222207.7","2022 - Complied","41","64.9","117.5","10947.86","246981.6","2021 - Complied","42","61.7","112.7","10248.01","239579.4","Large Building","7/1/2019","Complied","Paid","7/1/2024","Complied","Paid","7/1/2029","Upcoming","Upcoming"
"4770","2018 UNIVERSITY AVE","2018 UNIVERSITY AVE","2024 UNIVERSITY AVE; 2036 UNIVERSITY AVE; 2018 UNIVERSITY AVE; 2026 UNIVERSITY AVE; 2020 UNIVERSITY AVE; 2030 UNIVERSITY AVE; 2022 UNIVERSITY AVE","Mixed Use (Comm/MF)","27620","2024 - Complied",,"16","31","2167.85","65667.7","2023 - Complied",,"15.7","31","2030.45","67324.6","2022 - Complied",,"33.1","80.5","1911.81","211581","2021 - Complied",,"8.5","21.4","362.5","57859.5","Large Building","7/1/2019","Complied","Paid","7/1/2024","Pending","Due",,,
"4780","1931 SAN PABLO AVE","1931 SAN PABLO AVE","1931 SAN PABLO AVE; 1941 SAN PABLO AVE","Mixed Use (Comm/MF)","23000","2024 - Did Not Report",,,,,,"2023 - Did Not Report",,,,,,"2022 - Did Not Report",,,,,,"2021 - Did Not Report",,,,,,"Time of Sale",,,,,,,,,
"4790","1920 FRANCISCO ST","1920 FRANCISCO ST","1920 FRANCISCO ST","Multifamily (5+ Units)","29095","2024 - Complied","100","31.6","52.3","6014.71","93028.3","2023 - Complied","100","32.9","52.1","6665.67","85545.5","2022 - Complied","100","31.9","51.6","6282.48","87993.1","2021 - Complied","100","34.5","57","6563.59","101529.8","Large Building","7/1/2019","Exempt","Exempt","7/1/2024","Deferred","Deferred","7/1/2029","Upcoming","Upcoming"
"4810","Spruce Street Apartments","1800 SPRUCE ST","1800 SPRUCE ST","Multifamily (5+ Units)","25443","2024 - Complied","100","14.6","31.8","1338.61","69934","2023 - Complied","100","14.2","30.4","1356.38","65936.7","2022 - Complied","100","14.4","30.8","1371.09","66914.2","2021 - Complied","100","14.1","30.9","1255.58","68581.9","Large Building","7/1/2019","Complied","Paid","7/1/2024","Complied","Paid","7/1/2029","Upcoming","Upcoming"
"4820","University Terrace Bldg 9","2146 JEFFERSON AVE","1600 ADDISON ST; 2124 JEFFERSON AVE; 2170 JEFFERSON AVE","Multifamily (5+ Units)","24506","2024 - Complied","96","33.1","45.9","6537.75","45918.1","2023 - Complied","97","32.9","47.1","6329.37","51142.4","2022 - Complied","97","32.2","46.4","6112.21","51802","2021 - Exempt",,,,,,"Time of Sale",,,,,,,,,
"4821","University Terrace Bldg 1","2100 JEFFERSON AVE","1600 ADDISON ST; 2124 JEFFERSON AVE; 2170 JEFFERSON AVE","Multifamily (5+ Units)","16836","2024 - Complied",,"20.2","31.3","2423.53","28467.5","2023 - Complied",,"20.1","30.2","2513.34","25557.9","2022 - Complied",,"19.4","29.7","2371.7","26319.6","2021 - Exempt",,,,,,"Time of Sale",,,,,,,,,
"4840","1450 UNIVERSITY AVE","1450 UNIVERSITY AVE","1450 UNIVERSITY AVE; 1466 UNIVERSITY AVE; 1458 UNIVERSITY AVE; 1468 UNIVERSITY AVE; 1454 UNIVERSITY AVE; 1464 UNIVERSITY AVE; 1460 UNIVERSITY AVE; 1462 UNIVERSITY AVE; 1456 UNIVERSITY AVE; 1452 UNIVERSITY AVE","Commercial","25235","2024 - Did Not Report",,,,,,"2023 - Did Not Report",,,,,,"2022 - Did Not Report",,,,,,"2021 - Did Not Report",,,,,,"Large Building","7/1/2019","Did Not Comply","Due",,,,,,
"4850","Berkeley Office Building","918 PARKER ST","918 PARKER ST","Commercial","22824","2024 - Complied","62","33.6","89.4","603.51","206885.6","2023 - Complied","65","35.2","89.4","1201.27","200395.4","2022 - Complied","57","40","101.1","1408.91","226122","2021 - Did Not Report",,,,,,"Time of Sale",,,,,,,,,
"4860","Target (@ University/Acton)","1414 UNIVERSITY AVE","1407 ADDISON ST; 1415 ADDISON ST; 1403 ADDISON ST; 1414 UNIVERSITY AVE; 1405 ADDISON ST","Commercial","34311","2024 - Complied","74","96.9","253.4","3526.28","871345.8","2023 - Complied","72","101.5","261.5","4458.87","890013.1","2022 - Complied","72","102","265.4","3950.93","909830.1","2021 - Complied","67","109.2","275.4","5953.47","923590.5","Large Building","7/1/2019","Complied","Paid","7/1/2024","Complied","Paid","7/1/2029","Upcoming","Upcoming"
"4880","1331 EASTSHORE HWY","1331 EASTSHORE HWY","1331 EASTSHORE HWY","Industrial","31092","2024 - Exempt",,,,,,"2023 - Did Not Report",,,,,,"2022 - Did Not Report",,,,,,"2021 - Did Not Report",,,,,,"Large Building","7/1/2019","Did Not Comply","Due",,,,,,
"4910","Congregation Beth El","1301 OXFORD ST","1301 OXFORD ST","Commercial","36635","2024 - Complied","42","23.7","60.9","1118.92","221165.3","2023 - Complied","46","23","58.6","1226.65","211145.7","2022 - Complied","65","18.4","45.1","1316.89","158470.5","2021 - Complied","59","19.1","47","1348.63","165538.4","Large Building","7/1/2019","Complied","Paid","7/1/2028","Upcoming","Upcoming",,,
"4930","1100 TENTH ST","1100 TENTH ST","1108 TENTH ST; 1106 TENTH ST; 1100 TENTH ST","Commercial","23948","2024 - Complied","100","-1.6","-4.6",,"-11476.6","2023 - Complied","100","1.9","5.4",,"13608.9","2022 - Complied","100","2.3","6.5",,"16376.1","2021 - Complied","100","2.4","6.7",,"16788.4","Time of Sale",,,,,,,,,
"4931","1005 HARRISON ST","1005 HARRISON ST",,"Commercial","23261","2024 - Complied",,"1.6","4.3","4.09","10492.3","2023 - Complied",,"2.1","4.1","247.31","7294.2","2022 - Complied",,"1","2","105.71","3608.7","2021 - Complied",,"1.8","4.1","140.89","8333.3","Time of Sale",,,,,,,,,
"4950","Berkeley Bowl West","920 HEINZ AVE","920 HEINZ AVE; 922 HEINZ AVE","Commercial","100965","2024 - Complied","92","154.2","321.2","59321.89","2698054.8","2023 - Complied","89","176.7","349.2","78433.08","2772523.5","2022 - Complied","86","183.8","370","78117.77","2996840.2","2021 - Complied","85","189.9","380.5","82295.21","3066269.9","Large Building","7/1/2018","Deferred","Deferred","7/1/2023","Deferred","Deferred","7/1/2028","Upcoming","Upcoming"
"5010","Veterans Building","1931 CENTER ST",,"Commercial","27938","2024 - Complied","77","49.1","74.4","10066.26","106944.2","2023 - Complied","39","103.3","130","25401.16","101131.5","2022 - Complied","65","69.4","93.1","16147.97","94713.6","2021 - Complied","64","69","92.7","16025.5","94979.9","Large Building","7/1/2019","Did Not Comply","Paid",,,,,,
"5020","The Metropolitan","2301 DURANT AVE","2301 DURANT AVE; 2315 ELLSWORTH ST","Multifamily (5+ Units)","54319","2024 - Complied","100","29.4","51.5","9575.98","187469.6","2023 - Complied","100","36.8","60.1","13296.85","195748.4","2022 - Complied","100","34.7","58.5","12002.81","200432","2021 - Complied","100","31.7","54","10761.15","188990.5","Large Building","7/1/2018","Deferred","Deferred","7/1/2023","Complied","Paid","7/1/2029","Upcoming","Upcoming"
"5030","2033 BLAKE ST","2033 BLAKE ST","2035 BLAKE ST; 2029 BLAKE ST","Multifamily (5+ Units)","61827","2024 - Complied","100","19.9","42.9","4563.43","227512","2023 - Complied","100","20.4","42.7","5103.53","220555.9","2022 - Complied","100","40.2","90.5","2879.79","184142.5","2021 - Exempt",,,,,,"Large Building","7/1/2031","Upcoming","Upcoming",,,,,,
"5040","Main Library","2090 KITTREDGE ST",,"Other","108200","2024 - Complied",,"49.9","113.8","16040.38","1112805.4","2023 - Complied",,"45","100.6","15770.63","965897","2022 - Complied",,"39","87.5","13451.62","842591.6","2021 - Complied",,"34.8","79.8","10887.9","784406.9","Large Building","7/1/2018","Did Not Comply","Paid",,,,,,
"5050","Public Safety Building","2100 M L KING JR WAY",,"Commercial","66000","2024 - Complied",,"60.7","145.7","9116.47","906395.8","2023 - Complied",,"64.5","150.1","11450.87","911172.2","2022 - Complied",,"61.1","140.5","11560.69","843695.5","2021 - Complied",,"92.9","235.1","9389.95","1521019.3","Large Building","7/1/2023","Complied","Paid","7/1/2024","Did Not Comply","Due",,,
"5070","Harper Crossing","3132 M L KING JR WAY","3132 M L KING JR WAY; 3135 HARPER ST","Multifamily (5+ Units)","31164","2024 - Complied","100","15.1","41.9","55.54","136059.6","2023 - Complied","99","16.2","45.2","50.55","146839.4","2022 - Complied","99","16.6","46.2","52.49","150145.3","2021 - Complied","99","16.2","45.1","55.27","146653.6","Large Building","7/1/2019","Deferred","Deferred","7/1/2029","Upcoming","Upcoming",,,
"5080","Berkeley Repertory Theatre","2025 ADDISON ST","2015 Addison St -- 2071 Addison St.","Commercial","53000","2024 - Complied",,"55.4","123.9","9422.7","584013.2","2023 - Complied",,"65.3","127.3","16819.92","521231.6","2022 - Complied",,"66.9","140.2","14288.53","620549.5","2021 - Complied",,"27.6","58.6","5612.56","263520.4","Large Building","7/1/2018","Complied","Paid","7/1/2023","Did Not Comply","Due",,,
"5100","1801 UNIVERSITY AVE","1801 UNIVERSITY AVE","1805 UNIVERSITY AVE; 1803 UNIVERSITY AVE; 1807 UNIVERSITY AVE","Multifamily (5+ Units)","28240","2024 - Complied","97","21.7","44","2691.85","100514.8","2023 - Complied","95","23.8","48.4","2921.64","111003.8","2022 - Complied","96","23.4","47.1","2965.63","106685.4","2021 - Did Not Report",,,,,,"Large Building","7/1/2019","Complied","Paid","7/1/2024","Deferred","Deferred",,,
"5110","2650 TELEGRAPH AVE","2650 Telegraph Ave",,"Commercial","25000",,,,,,,,,,,,,,,,,,,,,,,,,"Large Building",,,,,,,,,
"5120","Bloom Berkeley Condominiums","2747 SAN PABLO AVE","2747 SAN PABLO AVE","Mixed Use (Comm/MF)","45112","2024 - Did Not Report",,,,,,"2023 - Did Not Report",,,,,,"2022 - Did Not Report",,,,,,"2021 - Did Not Report",,,,,,"Large Building","7/1/2023","Did Not Comply","Due",,,,,,
"5130","MacFarlane Building","1987 SHATTUCK","2111 UNIVERSITY AVE","Mixed Use (Comm/MF)","67558","2024 - Did Not Report",,,,,,"2023 - Did Not Report",,,,,,"2022 - Did Not Report",,,,,,"2021 - Exempt",,,,,,"Large Building","7/1/2031","Upcoming","Upcoming",,,,,,
"5150","Modera Berkeley","1922 WALNUT ST","1922 WALNUT ST; 1924 WALNUT ST; 2145 UNIVERSITY AVE; 1930 WALNUT ST","Mixed Use (Comm/MF)","186527","2024 - Complied","97","25.2","54.2","17489.92","865052.1","2023 - Did Not Report",,,,,,"2022 - Did Not Report",,,,,,"2021 - Exempt",,,,,,"Large Building","7/1/2031","Upcoming","Upcoming",,,,,,
"5160","CDSP - Parsons Hall","2450 LE CONTE AVE","2450 LE CONTE AVE","Mixed Use (Comm/MF)","32690","2024 - Complied",,"30.2","39.3","5815.99","43552","2023 - Complied",,"28.3","36.2","5509.87","37438.4","2022 - Complied",,"27.3","32.5","5383.14","23402.3","2021 - Complied",,"30.1","35.7","6511.65","24935.2","Large Building","7/1/2022","Complied","Paid","7/1/2027","Upcoming","Upcoming",,,
"5170","Pacific School of Religion","1798 SCENIC AVE",,"Multifamily (5+ Units)","35000","2024 - In Progress",,,,,,"2023 - Did Not Report",,,,,,"2022 - Did Not Report",,,,,,"2021 - Complied",,"117.6","169.5","31927.38","270118.7","Large Building","7/1/2022","Did Not Comply","Due",,,,,,
"6020","Safeway (North Shattuck)","1425 HENRY ST","1444 SHATTUCK PL","Commercial","45085","2024 - Complied","81","201.7","418.5","37661","1561051","2023 - Complied","60","245.2","482.8","52497","1701395.9","2022 - Complied","66","216.4","453","39407","1704859.8","2021 - Insufficient Data",,,,,,"Large Building","7/1/2021","Did Not Comply","Due",,,,,,
"6770","2920 TELEGRAPH AVE","2920 TELEGRAPH AVE",,"Mixed Use (Comm/MF)","17069","2024 - Complied","96","30.2","81","338.57","141073.7","2023 - Complied","72","45.9","123.3","520.33","214606","2022 - Insufficient Data",,,,,,"2021 - Did Not Report",,,,,,"Time of Sale",,,,,,,,,
"6780","950 PARKER ST","950 PARKER ST",,"Commercial","19600","2024 - Did Not Report",,,,,,"2023 - Did Not Report",,,,,,"2022 - Did Not Report",,,,,,"2021 - Did Not Report",,,,,,"Time of Sale",,,,,,,,,
"6790","945 CAMELIA ST","945 CAMELIA ST",,"Commercial","21278","2024 - Did Not Report",,,,,,"2023 - Did Not Report",,,,,,"2022 - Did Not Report",,,,,,"2021 - Did Not Report",,,,,,"Time of Sale",,,,,,,,,
"6810","941 THE ALAMEDA","941 THE ALAMEDA",,"Commercial","18119","2024 - Complied",,"12.8","21.7","1472.95","24937","2023 - Complied",,"21.2","30.7","2968.48","25570.3","2022 - Did Not Report",,,,,,"2021 - Complied",,"20.1","27.7","2959.76","19987.8","Time of Sale",,,,,,,,,
"6820","920 PARDEE ST","920 PARDEE ST","904 PARDEE ST","Commercial","20736","2024 - Complied","83","8.8","18.7","692.54","32913.6","2023 - Complied","72","12","25.3","984.56","44127","2022 - Did Not Report",,,,,,"2021 - Did Not Report",,,,,,"Time of Sale",,,,,,,,,
"6850","901 GRAYSON ST","901 GRAYSON ST",,"Commercial","17188","2024 - Complied","96","14.6","40.7","18.47","72980.4","2023 - Complied","97","13.8","38","59.74","67727.7","2022 - Complied","94","19.9","43.4","1224.06","64614.6","2021 - Complied","92","23.2","45.7","1890.39","61353.8","Time of Sale",,,,,,,,,
"6870","837 ADDISON ST","837 ADDISON ST","837 ADDISON ST; 2031 SIXTH ST","Commercial","19099","2024 - Complied",,"60.9","164.5","644.07","321764.3","2023 - Complied",,"53.9","144.9","666.53","282378.2","2022 - Did Not Report",,,,,,"2021 - Complied","57","51","137.8","534.39","269689.1","Time of Sale",,,,,,,,,
"6880","Berkeley Pump","830 BANCROFT WAY","830 BANCROFT WAY; 2309 SIXTH ST","Commercial","18381","2024 - Exempt",,,,,,"2023 - Exempt",,,,,,"2022 - Exempt",,,,,,"2021 - Did Not Report",,,,,,"Time of Sale",,,,,,,,,
"6890","2044 KALA BAGAI WAY","2044 KALA BAGAI WAY",,"Mixed Use (Comm/MF)","17636","2024 - In Progress",,,,,,"2023 - Did Not Report",,,,,,"2022 - Did Not Report",,,,,,"2021 - Did Not Report",,,,,,"Time of Sale",,,,,,,,,
"6910","800 HEARST AVE","800 HEARST AVE","804 HEARST AVE","Commercial","20568","2024 - Complied",,"25.9","53.6","2235.16","90854.4","2023 - Complied",,"28.5","54.6","2958","85139.9","2022 - Complied",,"25.2","49.3","2513.83","78419","2021 - Complied",,"26.5","53.2","2459.95","87558","Time of Sale",,,,,,,,,
"6920","805 GILMAN ST","805 GILMAN ST","805 Gilman","Industrial","15600","2024 - Did Not Report",,,,,,"2023 - Did Not Report",,,,,,"2022 - Did Not Report",,,,,,"2021 - Did Not Report",,,,,,"Time of Sale",,,,,,,,,
"6930","801 ADDISON ST","801 ADDISON ST",,"Commercial","18400","2024 - Complied","54","13","35.8","56.51","68393.2","2023 - Complied","60","11.8","32.5","56.54","61888.3","2022 - Did Not Report",,,,,,"2021 - Did Not Report",,,,,,"Time of Sale",,,,,,,,,
"6960","760 JONES ST","760 JONES ST","1501 FOURTH ST","Commercial","15000","2024 - Complied","83","11.5","31.5","58.81","48764.9","2023 - Complied","65","18","48.8","125.39","75315.2","2022 - Complied","66","18.2","48.3","236","73271.3","2021 - Complied","56","20.7","55.2","238.16","84108.8","Time of Sale",,,,,,,,,
"6970","Howlett Machine Works","754 FOLGER AVE",,"Industrial","17010","2024 - Did Not Report",,,,,,"2023 - Did Not Report",,,,,,"2022 - Did Not Report",,,,,,"2021 - Did Not Report",,,,,,"Time of Sale",,,,,,,,,
"6980","746 FOLGER AVE","746 FOLGER AVE",,"Industrial","24001","2024 - Complied",,"15.6","37.8","810.6","86134.8","2023 - Insufficient Data",,,,,,"2022 - Complied",,"14.9","35.4","871.79","79410.4","2021 - Complied",,"14.7","36","706.67","82750.3","Time of Sale",,,,,,,,,
"6990","Building 1","742 BANCROFT WAY",,"Industrial","19880","2024 - Complied",,"60.2","152.3","1861","296432","2023 - Did Not Report",,,,,,"2022 - Did Not Report",,,,,,"2021 - Did Not Report",,,,,,"Time of Sale",,,,,,,,,
"7010","MacKey Marine","739 ALLSTON WAY","741 ALLSTON WAY","Industrial","16100","2024 - Did Not Report",,,,,,"2023 - Did Not Report",,,,,,"2022 - Did Not Report",,,,,,"2021 - Did Not Report",,,,,,"Time of Sale",,,,,,,,,
"7020","715 HEARST AVE","715 HEARST AVE","1850 FOURTH ST; 1844 FOURTH ST; 1842 FOURTH ST; 1846 FOURTH ST; 1848 FOURTH ST","Mixed Use (Comm/MF)","21441","2024 - Complied",,"9","24.2","138.87","52785.5","2023 - Complied",,"8.9","23.4","170.74","50652.7","2022 - Did Not Report",,,,,,"2021 - In Progress",,,,,,"Time of Sale",,,,,,,,,
"7040","645 ARLINGTON AVE","645 ARLINGTON AVE","645 ARLINGTON AVE","Commercial","18000","2024 - Did Not Report",,,,,,"2023 - Did Not Report",,,,,,"2022 - Did Not Report",,,,,,"2021 - Did Not Report",,,,,,"Time of Sale",,,,,,,,,
"7050","Roos Bros. Building","64 SHATTUCK SQ","2014 KALA BAGAI WAY; 2010 KALA BAGAI WAY; 2017 SHATTUCK AVE; 2021 SHATTUCK AVE; 2012 KALA BAGAI WAY; 2008 KALA BAGAI WAY","Commercial","18150","2024 - Did Not Report",,,,,,"2023 - Did Not Report",,,,,,"2022 - Did Not Report",,,,,,"2021 - Did Not Report",,,,,,"Time of Sale",,,,,,,,,
"7060","2000 KALA BAGAI WAY","2000 KALA BAGAI WAY","2006 KALA BAGAI WAY; 2100 UNIVERSITY AVE; 2002 KALA BAGAI WAY; 2005 SHATTUCK AVE","Commercial","18832","2024 - Complied",,"17.6","49.2",,"97068.5","2023 - Complied",,"19.8","55.6",,"109548","2022 - Complied",,"30","84","0.01","165582.3","2021 - Complied","81","27.7","77.7","0","153083.3","Time of Sale",,,,,,,,,
"7070","41 HILL RD","41 HILL RD",,,"16264","2024 - Complied","17","28.7","42.4","3537.84","33311.7","2023 - Complied","18","28","42.2","3380.33","34614.5","2022 - Complied","21","28","40.8","3501.74","30968.6","2021 - Complied","4","40.9","52.4","5778.03","25721","Time of Sale",,,,,,,,,
"7080","3253 ADELINE ST","3253 ADELINE ST","3259 ADELINE ST; 3269 ADELINE ST; 3255 ADELINE ST","Mixed Use (Comm/MF)","21093","2024 - Complied",,"29.2","46.6","4245.22","56228.8","2023 - Complied",,"30.4","47.8","4485.63","56302.2","2022 - Did Not Report",,,,,,"2021 - Did Not Report",,,,,,"Time of Sale",,,,,,,,,
"7090","3224 ADELINE ST","3224 ADELINE ST","3222 ADELINE ST","Multifamily (5+ Units)","24730","2024 - Complied",,"30.9","55.4","4407.58","95046.7","2023 - Complied",,"32.1","58","4503.66","100519","2022 - Complied",,"30.7","54.4","4477.6","91575.6","2021 - Did Not Report",,,,,,"Time of Sale",,,,,,,,,
"7120","2400 DOWLING PL","2400 DOWLING PL","unit 6","Mixed Use (Comm/Ind)","17509","2024 - Complied",,"29.4","65","1733.6","100149.9","2023 - Complied",,"34.7","74.3","2289.2","110956","2022 - Complied",,"37.1","81.3","2263.55","124192.4","2021 - Did Not Report",,,,,,"Time of Sale",,,,,,,,,
"7130","Berkeley Central Medical Bldg","3031 TELEGRAPH AVE",,"Commercial","22676","2024 - Exempt",,,,,,"2023 - Exempt",,,,,,"2022 - Complied","100","24.4","40.6","3601.75","56703","2021 - Complied","100","47","74.8","7344.39","96836.6","Time of Sale",,,,,,,,,
"7150","3030 REGENT ST","3030 REGENT ST",,"Multifamily (5+ Units)","17580","2024 - Complied",,"25.1","33.6","3684.23","21272.1","2023 - Complied",,"47.4","56.7","7646.14","20297.1","2022 - Complied",,"31.8","39.5","4988.7","17885.9","2021 - Did Not Report",,,,,,"Time of Sale",,,,,,,,,
"7160","Telegraph Suites","3017 TELEGRAPH AVE","3017 TELEGRAPH AVE","Commercial","16820","2024 - Complied",,"44.5","124.7",,"219568.2","2023 - Did Not Report",,,,,,"2022 - Complied",,"50.9","142.6",,"251139.8","2021 - Complied",,"55.9","156.5",,"275552.3","Time of Sale",,,,,,,,,
"7180","2851 DWIGHT WAY","2851 DWIGHT WAY","2467 WARRING ST","Multifamily (5+ Units)","22364","2024 - Complied","100","17.3","34.1","1827.97","59782.1","2023 - Complied","100","18.5","36","2007.31","62267.3","2022 - Complied","100","18.9","36.9","2062.57","63735.6","2021 - Complied","100","19.7","39.1","2034.07","69258.8","Time of Sale",,,,,,,,,
"7190","2837 CLAREMONT BLVD","2837 CLAREMONT BLVD",,"Commercial","15072","2024 - Complied",,"9.2","18.3","634","21889","2023 - Complied",,"9.9","15.5","1049","12972","2022 - Complied",,"7.2","11.3","773.4","9342","2021 - Complied",,"6","9.4","629.53","7881.4","Time of Sale",,,,,,,,,
"7210","2830 BANCROFT WAY","2830 BANCROFT WAY",,"Multifamily (5+ Units)","19000","2024 - Complied","89","42.3","61.4","6194.02","53949.6","2023 - Complied","85","50.3","71.1","7559.06","58355.9","2022 - Complied","86","47.6","68.5","7044.14","58824.3","2021 - Complied","88","49.7","69.9","7527.93","56341.4","Time of Sale",,,,,,,,,
"7230","2829 SHATTUCK AVE","2829 SHATTUCK AVE",,"Commercial","20386","2024 - Did Not Report",,,,,,"2023 - Did Not Report",,,,,,"2022 - Did Not Report",,,,,,"2021 - Did Not Report",,,,,,"Time of Sale",,,,,,,,,
"7240","2821 HILLEGASS AVE","2821 HILLEGASS AVE",,"Multifamily (5+ Units)","15148","2024 - Complied",,"41.9","57.5","5179.47","34315.4","2023 - Complied",,"41.6","59.1","4975.32","39004.3","2022 - Complied",,"41.5","61","4772.47","44247.4","2021 - Complied",,"40.7","61","4578.02","46457.3","Time of Sale",,,,,,,,,
"7260","Brickside Lofts","2777 NINTH ST",,"Mixed Use (Comm/MF)","22160","2024 - Did Not Report",,,,,,"2023 - Did Not Report",,,,,,"2022 - Did Not Report",,,,,,"2021 - Did Not Report",,,,,,"Time of Sale",,,,,,,,,
"7270","2777 SHATTUCK AVE","2777 SHATTUCK AVE","2777 SHATTUCK AVE; 2787 SHATTUCK AVE","Commercial","18880","2024 - Complied","95","19.9","55.6",,"109921.8","2023 - Complied","94","20.7","58.1",,"114741.6","2022 - Did Not Report",,,,,,"2021 - Did Not Report",,,,,,"Time of Sale",,,,,,,,,
"7280","Chateau Apartments","2747 HASTE ST",,"Multifamily (5+ Units)","21334","2024 - Complied","98","32.1","49.9","4883.08","57767.1","2023 - Complied","96","35.5","56.5","5249.44","68398","2022 - Complied","94","38.1","59","5818.2","67844.1","2021 - Complied","99","31.7","47.7","4990.61","51642.5","Time of Sale",,,,,,,,,
"7290","Everest","2740 COLLEGE AVE",,"Multifamily (5+ Units)","15698","2024 - Complied","100","30.5","46.4","3503.39","37707.9","2023 - Did Not Report",,,,,,"2022 - Did Not Report",,,,,,"2021 - Complied","100","31.7","46.4","3790.69","34604.7","Time of Sale",,,,,,,,,
"7310","2736 BANCROFT WAY","2736 BANCROFT WAY",,"Commercial","16000","2024 - Complied",,"24.4","38.2","2763.24","33661.1","2023 - Complied",,"24.9","37.4","2944.59","30312.7","2022 - Complied",,"31","54.4","2954.81","58565.8","2021 - Complied",,"31.6","52.7","3272","52315.8","Time of Sale",,,,,,,,,
"7320","2732 CHANNING WAY","2732 CHANNING WAY",,"Multifamily (5+ Units)","17159","2024 - Complied",,"44.9","67.2","5735.94","57606.5","2023 - Complied",,"52.1","76.8","6780.23","63359.7","2022 - Complied",,"41.6","62.2","5328.28","53124.3","2021 - Complied",,"28.3","45.3","3334.25","44788.1","Time of Sale",,,,,,,,,
"7330","2729 Dwight Way","2729 DWIGHT WAY","2729 DWIGHT WAY","Multifamily (5+ Units)","24831","2024 - Did Not Report",,,,,,"2023 - Did Not Report",,,,,,"2022 - Did Not Report",,,,,,"2021 - Did Not Report",,,,,,"Time of Sale",,,,,,,,,
"7340","The Wright Institute","2728 DURANT AVE","PsyD Program - Durant Building","Commercial","16750","2024 - Did Not Report",,,,,,"2023 - Did Not Report",,,,,,"2022 - Did Not Report",,,,,,"2021 - Did Not Report",,,,,,"Time of Sale",,,,,,,,,
"7350","2728 CHANNING WAY","2728 CHANNING WAY",,"Multifamily (5+ Units)","15651","2024 - Did Not Report",,,,,,"2023 - Did Not Report",,,,,,"2022 - Did Not Report",,,,,,"2021 - Did Not Report",,,,,,"Time of Sale",,,,,,,,,
"7360","Zeta Psi Fraternity","2728 BANCROFT WAY",,"Multifamily (5+ Units)","17375","2024 - Did Not Report",,,,,,"2023 - Did Not Report",,,,,,"2022 - Did Not Report",,,,,,"2021 - Did Not Report",,,,,,"Time of Sale",,,,,,,,,
"7370","2723 DURANT AVE","2723 DURANT AVE",,"Multifamily (5+ Units)","18360","2024 - Did Not Report",,,,,,"2023 - Complied","79","50.2","81.6","6172.33","89050.5","2022 - Complied","79","50.2","81.6","6172.33","89050.5","2021 - Did Not Report",,,,,,"Time of Sale",,,,,,,,,
"7380","Delta Gamma House","2710 CHANNING WAY",,"Multifamily (5+ Units)","16423","2024 - Did Not Report",,,,,,"2023 - Complied","85","44.5","69.1","5212.43","61447.4","2022 - Did Not Report",,,,,,"2021 - Complied","65","61.7","89.3","7844.88","67296.8","Time of Sale",,,,,,,,,
"7390","2701 DURANT AVE","2701 DURANT AVE","2701 DURANT AVE","Multifamily (5+ Units)","18382","2024 - Did Not Report",,,,,,"2023 - Did Not Report",,,,,,"2022 - Did Not Report",,,,,,"2021 - Did Not Report",,,,,,"Time of Sale",,,,,,,,,
"7410","2701 EIGHTH ST","2701 EIGHTH ST","934 CARLETON ST; 2709 EIGHTH ST","Commercial","20765","2024 - Complied",,"121.6","211.6","15295.56","291899.4","2023 - Complied",,"139","226.4","19324.07","279665.4","2022 - Complied",,"134.5","229.7","17429.9","307620.7","2021 - Complied",,"163.1","265.9","22622.49","329386.8","Time of Sale",,,,,,,,,
"7430","Bancroft Hotel","2680 BANCROFT WAY",,"Mixed Use","16000","2024 - Complied","100","58.1","91.2","6545.52","80745.6","2023 - Complied","99","73.3","113.4","8391.15","97723.4","2022 - Complied","100","69","107.7","7819.65","94352.6","2021 - Complied","100","45.2","70.9","5080.39","62973.2","Time of Sale",,,,,,,,,
"7440","CVS on Telegraph","2655 TELEGRAPH AVE",,"Commercial","19577","2024 - Complied","83","49.1","114.9","2530","207642","2023 - Complied","83","51.4","114.6","3287","198695","2022 - Complied","80","54.6","121.7","3500","210930","2021 - Complied","71","55.1","125","3274","220099","Time of Sale",,,,,,,,,
"7450","2644 DWIGHT WAY","2644 DWIGHT WAY",,"Multifamily (5+ Units)","23948","2024 - Did Not Report",,,,,,"2023 - Complied","64","44.3","61.5","8561.17","60125.5","2022 - Did Not Report",,,,,,"2021 - Complied","75","38.9","53.3","7607.31","50110.7","Time of Sale",,,,,,,,,
"7460","2640 DWIGHT WAY","2640 DWIGHT WAY","2638 DWIGHT WAY","Multifamily (5+ Units)","15594","2024 - Complied",,"26.5","40.4","3014.41","32755.7","2023 - Complied",,"27.4","41.6","3131.6","33412","2022 - Complied",,"22.1","35.4","2356.61","31866.2","2021 - Complied",,"17.6","29.4","1778.61","28406","Time of Sale",,,,,,,,,
"7470","Berkeley Playhouse","2640 COLLEGE AVE",,"Commercial","22332","2024 - Complied",,"7.6","10.2","1411.51","8399.7","2023 - Complied",,"9.6","10.3","2125.88","794.3","2022 - Did Not Report",,,,,,"2021 - Did Not Report",,,,,,"Time of Sale",,,,,,,,,
"7480","2367 Regent Street","2637 REGENT ST",,"Multifamily (5+ Units)","16074","2024 - Complied","98","36.5","52.1","4599.78","37022.3","2023 - Complied","95","43.3","60.4","5579.75","40224","2022 - Complied","94","44.2","62.2","5650.77","42606.8","2021 - Complied","98","37.6","52.7","4840.89","35428.1","Time of Sale",,,,,,,,,
"7490","2634 VIRGINIA ST","2634 VIRGINIA ST","Unit 34","Multifamily (5+ Units)","20000","2024 - Complied",,"23.8","35.5","3546.63","35274","2023 - Complied",,"24","36.2","3533.43","36975","2022 - Complied",,"23.8","35.6","3553.83","35418.7","2021 - Complied",,"23.5","37.8","3207.67","43959","Time of Sale",,,,,,,,,
"7520","2629 SEVENTH ST","2629 SEVENTH ST","2629 SEVENTH ST","Commercial","19054","2024 - Did Not Report",,,,,,"2023 - Complied","5","58.3","150.4","1398","284573.6","2022 - Complied",,"40.7","69.3","4229.99","73583.9","2021 - Complied",,"25.3","46.9","2264.02","56335.6","Time of Sale",,,,,,,,,
"7540","2621 SHATTUCK AVE","2621 SHATTUCK AVE","2623 SHATTUCK AVE","Commercial","21622","2024 - Complied",,"0.7","2","0","4494.8","2023 - Complied",,"0.8","2.2","0","5026.1","2022 - Complied",,"0.6","1.8","0","3981.8","2021 - Did Not Report",,,,,,"Time of Sale",,,,,,,,,
"7550","Kaiser Medical Office Building","2621 TENTH ST","2612 SAN PABLO AVE; 1050 PARKER ST","Commercial","60700","2024 - Insufficient Data",,,,,,"2023 - Did Not Report",,,,,,"2022 - Did Not Report",,,,,,"2021 - Did Not Report",,,,,,"Large Building","7/1/2023","Deferred","Deferred","7/1/2031","Upcoming","Upcoming",,,
"7560","First Church of Christ, Scientist","2619 DWIGHT WAY",,"Commercial","17609","2024 - Did Not Report",,,,,,"2023 - Complied","76","12.8","16.6","1947.48","9142.8","2022 - Complied","72","14.4","18.2","2235.05","8911.5","2021 - Did Not Report",,,,,,"Time of Sale",,,,,,,,,
"7570","2616 TELEGRAPH AVE","2616 TELEGRAPH AVE","2618 TELEGRAPH AVE; 2620 TELEGRAPH AVE","Multifamily (5+ Units)","21328","2024 - Complied","100","16.8","25.9","2587.77","29436.7","2023 - Complied","100","19.1","30.1","2847.72","35820.3","2022 - Complied","100","19.1","28.4","3066.4","29616","2021 - Complied","100","17.6","25","2964.96","23200.2","Time of Sale",,,,,,,,,
"7590","2610 REGENT ST","2610 REGENT ST",,"Multifamily (5+ Units)","15876","2024 - Complied",,"19.6","26.5","2575.69","15729.9","2023 - Complied",,"21.6","29.4","2807.75","18005","2022 - Complied",,"18","24.6","2351.78","14998.5","2021 - Complied",,"18","23.8","2418.84","12994.3","Time of Sale",,,,,,,,,
"7610","Hillegass Apartments","2610 HILLEGASS AVE",,"Multifamily (5+ Units)","15492","2024 - Complied",,"33.8","61.3","2953.52","66887.6","2023 - Complied",,"41.6","71.1","4022.77","71075.7","2022 - Complied",,"41","71.7","3800.37","74576.8","2021 - Complied",,"41.8","70.6","4109.67","69263.2","Time of Sale",,,,,,,,,
"7620","2606 DWIGHT WAY","2606 DWIGHT WAY","2614 DWIGHT WAY","Commercial","16434","2024 - Complied",,"56.1","80.2","7218.2","58562.7","2023 - Complied",,"50.7","74.4","6360.72","58002.6","2022 - Complied",,"48.5","73","5901.86","60695.4","2021 - Did Not Report",,,,,,"Time of Sale",,,,,,,,,
"7630","Casa Bonita Apartments","2605 HASTE ST","2605 HASTE ST","Multifamily (5+ Units)","19599","2024 - Complied","80","50.7","66.8","8405.45","44623.9","2023 - Complied","72","59.5","74.2","10363.68","38287.2","2022 - Complied",,"61.4","78.7","10443.91","46723.4","2021 - Complied",,"60.8","81.9","9896.65","59223.6","Time of Sale",,,,,,,,,
"7650","2567 SHATTUCK AVE","2567 SHATTUCK AVE","2571 SHATTUCK AVE; 2573 SHATTUCK AVE","Mixed Use (Comm/MF)","19146","2024 - Complied",,"6.8","19.1","0","38212","2023 - Complied",,"6.5","18.2","0","36405.5","2022 - Complied",,"40.4","56.6","6171.06","45660.2","2021 - Complied",,"24.6","37","3468.08","36127.2","Time of Sale",,,,,,,,,
"7660","2555 VIRGINIA ST","2555 VIRGINIA ST",,"Multifamily (5+ Units)","19656","2024 - Did Not Report",,,,,,"2023 - Did Not Report",,,,,,"2022 - Did Not Report",,,,,,"2021 - Did Not Report",,,,,,"Time of Sale",,,,,,,,,
"7680","2540 BENVENUE AVE","2540 BENVENUE AVE",,"Multifamily (5+ Units)","18051","2024 - Complied","100","24.6","41.8","2789.25","48385.5","2023 - Complied","100","27.4","46.7","3113.16","53940.7","2022 - Complied","100","29.6","48.5","3546.23","52669.5","2021 - Complied","100","27.7","45.2","3323.52","48894.6","Time of Sale",,,,,,,,,
"7690","2537 REGENT ST","2537 REGENT ST",,"Multifamily (5+ Units)","16886","2024 - Complied","97","22.5","47","1552.42","65937.7","2023 - Complied","98","21.9","46.6","1423.74","66676.8","2022 - Complied","100","20.2","41.9","1411.93","58622.5","2021 - Complied","98","22.4","45.8","1635.81","62987.2","Time of Sale",,,,,,,,,
"7710","2535 LE CONTE AVE","2535 LE CONTE AVE",,"Multifamily (5+ Units)","15812","2024 - Complied","92","40.2","52.7","5418.65","27674.1","2023 - Complied","89","48.4","59.9","6829.77","24044.3","2022 - Complied","91","44.6","55.9","6238.27","23949.7","2021 - Insufficient Data",,,,,,"Time of Sale",,,,,,,,,
"7720","2533 HILLEGASS AVE","2533 HILLEGASS AVE",,"Multifamily (5+ Units)","17727","2024 - Did Not Report",,,,,,"2023 - Did Not Report",,,,,,"2022 - Did Not Report",,,,,,"2021 - Did Not Report",,,,,,"Time of Sale",,,,,,,,,
"7730","2533 DURANT AVE","2533 DURANT AVE",,"Multifamily (5+ Units)","17823","2024 - Complied",,"46.9","57.6","7492.58","25182.1","2023 - Complied",,"38.8","49.2","6046.67","25247.7","2022 - Insufficient Data",,,,,,"2021 - Did Not Report",,,,,,"Time of Sale",,,,,,,,,
"7750","2530 SAN PABLO AVE","2530 SAN PABLO AVE",,"Commercial","18547","2024 - Did Not Report",,,,,,"2023 - Insufficient Data",,,,,,"2022 - Complied","93","29.4","54.7","2921.2","74018.2","2021 - Complied","94","27.9","51.1","2852.02","67919.7","Time of Sale",,,,,,,,,
"7770","2525 DURANT AVE","2525 DURANT AVE",,"Multifamily (5+ Units)","17802","2024 - Complied","100","22","34.7","3160.6","40264.9","2023 - Complied","94","34.1","48","5590.39","42088.1","2022 - Complied","95","34.6","46.6","5920.1","35615.2","2021 - Complied","96","34.6","43.1","6349.3","23153.4","Time of Sale",,,,,,,,,
"7780","Thornhill Apartments","2524 BENVENUE AVE",,"Multifamily (5+ Units)","22604","2024 - Complied","94","36.9","47.2","7233.89","32244.3","2023 - Complied","91","41.4","52.2","8221.6","33199.1","2022 - Complied","96","36.3","46.4","7132.2","31417.9","2021 - Complied","100","25.8","28.7","5616.96","6168.5","Time of Sale",,,,,,,,,
"7790","Hoyt Hall","2519 RIDGE RD",,"Multifamily (5+ Units)","15614","2024 - Complied",,"45.7","68.3","5332.06","53054.9","2023 - Complied",,"43.1","64.1","5057.36","49183.4","2022 - Complied",,"40.2","61.6","4538.4","50864.9","2021 - Did Not Report",,,,,,"Time of Sale",,,,,,,,,
"7800","2519 PARKER ST","2519 PARKER ST",,"Multifamily (5+ Units)","17407","2024 - Complied",,"13.9","16.6","2231.35","5684.5","2023 - Complied",,"17.8","21.1","2855.12","7012.4","2022 - Complied",,"16.6","19.7","2668.26","6624.4","2021 - Complied",,"18.7","21.8","3029.51","6383.3","Time of Sale",,,,,,,,,
"7810","2517 TELEGRAPH AVE","2517 TELEGRAPH AVE",,"Mixed Use (Comm/MF)","20450","2024 - Complied",,"24.4","55.6","1480.93","102693.8","2023 - Complied",,"25.5","58.4","1506.17","108397.6","2022 - Complied",,"31.3","62","3003.07","99782","2021 - Complied",,"26.7","46.3","3341.41","62288.9","Time of Sale",,,,,,,,,
"7820","Parker House","2511 PARKER ST","2515 PARKER ST; 2513 PARKER ST","Multifamily (5+ Units)","24006","2024 - Complied","100","27.7","43.8","4649.09","58909.8","2023 - Complied","97","37","54.4","6765.48","62257.9","2022 - Complied","100","28.1","44.5","4674.35","60434.9","2021 - Complied","100","23.1","36.3","3887.23","48610","Time of Sale",,,,,,,,,
"7850","Stranda Apartments","2489 M L KING JR WAY","1901 DWIGHT WAY","Multifamily (5+ Units)","20372","2024 - Complied","96","26.6","55.5","2199.34","94254.5","2023 - Complied","94","28.7","59.3","2441.87","99703.1","2022 - Complied","95","27.8","58.3","2284.4","99131.3","2021 - Did Not Report",,,,,,"Time of Sale",,,,,,,,,
"7890","2455 PROSPECT ST","2455 PROSPECT ST",,"Multifamily (5+ Units)","15345","2024 - Complied","100","8","22.3","0","35887.5","2023 - Complied","100","9.3","25.9","0","41612.8","2022 - Complied","100","8.7","24.4","0","39190.5","2021 - Did Not Report",,,,,,"Time of Sale",,,,,,,,,
"7900","2450 WARRING ST","2450 WARRING ST",,"Multifamily (5+ Units)","16893","2024 - Complied","100","11.7","13.5","1859","3365","2023 - Complied","100","11.7","13.4","1860","3255","2022 - Insufficient Data",,,,,,"2021 - Complied","100","10.4","12.1","1643","3293","Time of Sale",,,,,,,,,
"7910","2442 Piedmont Avenue","2442 PIEDMONT AVE",,"Multifamily (5+ Units)","15651","2024 - Complied","100","27","50.8","2213.14","58958.8","2023 - Complied","100","31.3","55.9","2842.94","60326.2","2022 - Complied","100","33.7","56.3","3407.53","54779","2021 - Complied","100","24.3","40.9","2427.22","40309","Time of Sale",,,,,,,,,
"7920","Sather Lane Shops","2433 DURANT AVE","2437 DURANT AVE; 2431 DURANT AVE; 2435 DURANT AVE; 2429 DURANT AVE","Mixed Use (Comm/MF)","18680","2024 - Complied",,"115.1","218.5","11075.61","305564.8","2023 - Complied",,"112.8","213.4","10949.86","296857.4","2022 - Complied",,"106.2","201","10288.98","279981.4","2021 - Complied",,"73.2","148.2","6058.32","223117.8","Time of Sale",,,,,,,,,
"7930","Telegraph-Channing Garage and Shops","2431 CHANNING WAY","2450 DURANT ST","Commercial","173180","2024 - Complied",,"7.6","21.3","12.41","371608.7","2023 - Complied",,"7.9","22","131.39","381477.4","2022 - Complied",,"8.7","23.7","724.2","405383.9","2021 - Did Not Report",,,,,,"Large Building","7/1/2023","Did Not Comply","Due",,,,,,
"7940","2430 PROSPECT ST","2430 PROSPECT ST","Main Building","Multifamily (5+ Units)","19188","2024 - Complied","94","42.8","66.6","5831.34","69735.6","2023 - Complied","89","55","75","8652.1","55610.3","2022 - Complied","85","54","78.1","8015.8","68824.4","2021 - Complied","56","55.5","79.7","8293.49","68844.4","Time of Sale",,,,,,,,,
"7950","2430 DANA ST","2430 DANA ST",,"Commercial","21330","2024 - Complied","77","12.9","24","1477.18","37430.9","2023 - Complied","76","13.3","24.9","1488.74","39267.3","2022 - Complied","80","11.9","23.1","1264.51","37576","2021 - Complied","77","12.9","22.8","1619.27","33086.7","Time of Sale",,,,,,,,,
"7960","2425 PROSPECT ST","2425 PROSPECT ST","2425 PROSPECT ST","Commercial","19420","2024 - Did Not Report",,,,,,"2023 - Did Not Report",,,,,,"2022 - Did Not Report",,,,,,"2021 - Did Not Report",,,,,,"Time of Sale",,,,,,,,,
"7980","2425 HILLSIDE AVE","2425 HILLSIDE AVE",,"Multifamily (5+ Units)","16660","2024 - Complied",,"14.9","31.2","1007.56","43317.9","2023 - Complied",,"16.6","33.8","1211.02","45551.4","2022 - Complied",,"15.8","33.8","992.15","47993.9","2021 - Complied",,"16.4","34.6","1075.81","48491.4","Time of Sale",,,,,,,,,
"8020","Blake Telegraph Apartments","2423 BLAKE ST",,"Multifamily (5+ Units)","18063","2024 - Complied",,"39.9","54.4","5901.66","38054.6","2023 - Complied",,"39.2","53.4","5823.94","37031.9","2022 - Complied",,"34.1","47.6","4938.55","35699.9","2021 - Complied",,"42.4","57.7","6290.35","39940.2","Time of Sale",,,,,,,,,
"8030","Shattuck Senior Homes","2421 SHATTUCK AVE","2425 SHATTUCK AVE; 2427 SHATTUCK AVE","Multifamily (5+ Units)","19970","2024 - Did Not Report",,,,,,"2023 - Complied","100","10.4","28.5","74.86","58673.6","2022 - Complied","100","10","27.4","63.76","56678","2021 - Did Not Report",,,,,,"Time of Sale",,,,,,,,,
"8040","2421 PIEDMONT AVE","2421 PIEDMONT AVE",,"Multifamily (5+ Units)","18692","2024 - Complied","85","44.3","71.4","5630.77","77817.9","2023 - Complied","85","48.1","75.9","6274.3","79554.7","2022 - Complied","85","49.3","75.5","6678.13","74251.8","2021 - Complied","82","51.3","78.1","7003.19","75819","Time of Sale",,,,,,,,,
"8050","2419 DURANT AVE","2419 DURANT AVE",,"Multifamily (5+ Units)","19590","2024 - Complied","94","45.8","58.8","7767.73","35149.6","2023 - Complied","89","52.6","67.3","8954.32","39567.7","2022 - Complied","95","45.9","60.4","7620.4","40066.8","2021 - Complied","98","40.9","51","7112","26399.4","Time of Sale",,,,,,,,,
"8060","Parker CAL Apartments","2414 PARKER ST",,"Multifamily (5+ Units)","15761","2024 - Did Not Report",,,,,,"2023 - Did Not Report",,,,,,"2022 - Did Not Report",,,,,,"2021 - Did Not Report",,,,,,"Time of Sale",,,,,,,,,
"8070","2409 WARRING ST","2409 WARRING ST",,"Multifamily (5+ Units)","18270","2024 - Complied","86","43.4","67.3","5662.72","66531.7","2023 - Complied","88","44.9","67.8","6061.28","62970.9","2022 - Did Not Report",,,,,,"2021 - Did Not Report",,,,,,"Time of Sale",,,,,,,,,
"8080","2409 TELEGRAPH AVE","2409 TELEGRAPH AVE","2401 TELEGRAPH AVE; 2403 TELEGRAPH AVE","Mixed Use (Comm/MF)","18170","2024 - Did Not Report",,,,,,"2023 - Did Not Report",,,,,,"2022 - Did Not Report",,,,,,"2021 - Did Not Report",,,,,,"Time of Sale",,,,,,,,,
"8090","2401 PIEDMONT AVE","2401 PIEDMONT AVE","Main House","Multifamily (5+ Units)","19670","2024 - In Progress",,,,,,"2023 - Complied","98","38.3","64.2","5915.28","96380.4","2022 - Complied","97","40.5","66.7","6431.26","96820.8","2021 - Did Not Report",,,,,,"Time of Sale",,,,,,,,,
"8110","2401 LE CONTE AVE","2401 LE CONTE AVE","2403 LE CONTE AVE","Commercial","20672","2024 - Complied",,"4.8","7.9","644.39","10098.8","2023 - Complied",,"17.7","23.1","3120.02","15666.6","2022 - Complied",,"19.1","24.7","3394.31","16119.4","2021 - Complied",,"15.8","21.5","2697.28","16811.5","Time of Sale",,,,,,,,,
"8130","Graduate Theological Union","2400 RIDGE RD",,"Commercial","52263","2024 - Complied",,"36.6","79.1","6939.63","356625.8","2023 - Complied",,"23","51.5","3821.1","239895.8","2022 - Did Not Report",,,,,,"2021 - Did Not Report",,,,,,"Large Building","7/1/2024","Did Not Comply","Due",,,,,,
"8140","2399 SHATTUCK AVE","2399 SHATTUCK AVE","2397 SHATTUCK AVE; 2395 SHATTUCK AVE; 2389 SHATTUCK AVE; 2107 CHANNING WAY","Mixed Use (Comm/MF)","19044","2024 - Complied",,"55.1","95.4","6399.53","119898.3","2023 - Complied",,"58.2","99.4","6926.92","122067.7","2022 - Complied",,"55.9","98.4","6317.46","126634.1","2021 - Complied",,"66.6","112.9","7993.92","137191.8","Time of Sale",,,,,,,,,
"8150","Wesley House","2398 BANCROFT WAY",,"Commercial","20422","2024 - Did Not Report",,,,,,"2023 - Did Not Report",,,,,,"2022 - Did Not Report",,,,,,"2021 - Did Not Report",,,,,,"Time of Sale",,,,,,,,,
"8160","2375 TELEGRAPH AVE","2375 TELEGRAPH AVE","2379 TELEGRAPH AVE; 2383 TELEGRAPH AVE; 2391 TELEGRAPH AVE; 2387 TELEGRAPH AVE; 2399 TELEGRAPH AVE; 2505 CHANNING WAY; 2395 TELEGRAPH AVE; 2381 TELEGRAPH AVE","Mixed Use (Comm/MF)","18416","2024 - Did Not Report",,,,,,"2023 - Did Not Report",,,,,,"2022 - Did Not Report",,,,,,"2021 - Did Not Report",,,,,,"Time of Sale",,,,,,,,,
"8170","2350 TELEGRAPH AVE","2350 TELEGRAPH AVE",,"Mixed Use (Comm/MF)","15699","2024 - Did Not Report",,,,,,"2023 - Did Not Report",,,,,,"2022 - Did Not Report",,,,,,"2021 - Did Not Report",,,,,,"Time of Sale",,,,,,,,,
"8180","2340 LE CONTE AVE","2340 LE CONTE AVE",,"Multifamily (5+ Units)","21767","2024 - Complied",,"30.6","40","5676.43","28858","2023 - Complied",,"33.4","45.4","5980.03","37751","2022 - Complied",,"33.8","44.9","6180.33","34486","2021 - Complied",,"32.4","35.6","6843.47","5991.8","Time of Sale",,,,,,,,,
"8210","2335 DWIGHT WAY","2335 DWIGHT WAY",,"Multifamily (5+ Units)","21319","2024 - Complied","100","10.3","18.6","1231.57","28041.1","2023 - Complied","100","10.5","18.9","1290.93","27943.3","2022 - Complied","100","9.1","14.4","1343.48","17340.4","2021 - Complied","100","7.7","12.4","1115.05","15442.1","Time of Sale",,,,,,,,,
"8220","2333 SHATTUCK AVE","2333 SHATTUCK AVE",,"Commercial","17911","2024 - Complied","78","41.2","100.4","1537.63","171343.9","2023 - Exempt",,,,,,"2022 - Did Not Report",,,,,,"2021 - Did Not Report",,,,,,"Time of Sale",,,,,,,,,
"8230","2333 CHANNING WAY","2333 CHANNING WAY","2333 CHANNING WAY","Multifamily (5+ Units)","17450","2024 - Complied","97","46.3","61.6","6776.09","37993.1","2023 - Complied","96","47.6","65.6","6758.8","45500.9","2022 - Complied",,"43.4","62.1","5923.2","48335.4","2021 - Complied",,"42.2","57.3","6053.75","38159.5","Time of Sale",,,,,,,,,
"8250","2328 PIEDMONT AVE","2328 PIEDMONT AVE",,"Multifamily (5+ Units)","19584","2024 - Did Not Report",,,,,,"2023 - Did Not Report",,,,,,"2022 - Did Not Report",,,,,,"2021 - Did Not Report",,,,,,"Time of Sale",,,,,,,,,
"8260","2327 WARRING ST","2327 WARRING ST",,"Multifamily (5+ Units)","17147","2024 - Did Not Report",,,,,,"2023 - Did Not Report",,,,,,"2022 - Did Not Report",,,,,,"2021 - Did Not Report",,,,,,"Time of Sale",,,,,,,,,
"8310","2322 HASTE ST","2322 HASTE ST",,"Multifamily (5+ Units)","15418","2024 - Complied","83","59.8","70.2","8572.79","19033.9","2023 - Complied","64","73.5","85.5","10608.74","21395.2","2022 - Complied","62","75.9","87.3","11048.2","19390.9","2021 - Did Not Report",,,,,,"Time of Sale",,,,,,,,,
"8320","Webster Poolside Apartments","2321 WEBSTER ST",,"Multifamily (5+ Units)","16652","2024 - Complied",,"21.6","39.3","2016.11","46373.6","2023 - Insufficient Data",,,,,,"2022 - Complied",,"24.4","42.3","2462.45","46673","2021 - Complied",,"22.2","40.1","2113.94","46621.9","Time of Sale",,,,,,,,,
"8340","Elsmere Apartments","2321 DWIGHT WAY","2321 DWIGHT WAY","Multifamily (5+ Units)","15579","2024 - Complied","99","31","46","3628.29","35112.1","2023 - Complied","98","34.7","52.7","3961.93","42355.5","2022 - Complied","97","35.7","53.2","4163.94","41061.9","2021 - Complied","88","49.1","63.3","6594.5","30728.6","Time of Sale",,,,,,,,,
"8360","2310 FOURTH ST","2310 FOURTH ST","2316 FOURTH ST","Commercial","23836","2024 - Exempt",,,,,,"2023 - Exempt",,,,,,"2022 - Did Not Report",,,,,,"2021 - Did Not Report",,,,,,"Time of Sale",,,,,,,,,
"8370","2315 PARKER ST","2315 PARKER ST",,"Multifamily (5+ Units)","18007","2024 - Complied","96","35.9","53.1","4895.06","46201.6","2023 - Complied","97","36.7","54.1","5007.27","46843.8","2022 - Complied","96","38.1","55.5","5265.94","46739.5","2021 - Complied","96","35.9","52.4","4944.73","44357.2","Time of Sale",,,,,,,,,
"8380","2311 WARRING ST","2311 WARRING ST","2310 PROSPECT ST","Multifamily (5+ Units)","16546","2024 - Complied",,"60.3","86.1","7828.03","63134.1","2023 - Complied",,"68.8","97.5","9000.03","69988.5","2022 - Complied",,"44.7","70.8","5131.11","66299.7","2021 - Did Not Report",,,,,,"Time of Sale",,,,,,,,,
"8390","Delta Sigma Sorority","2311 PROSPECT ST",,"Multifamily (5+ Units)","17168","2024 - Did Not Report",,,,,,"2023 - Did Not Report",,,,,,"2022 - Did Not Report",,,,,,"2021 - Did Not Report",,,,,,"Time of Sale",,,,,,,,,
"8400","The Berk on Arch","2311 LE CONTE AVE",,"Multifamily (5+ Units)","18464","2024 - Did Not Report",,,,,,"2023 - Complied","97","33.2","47.5","4792.16","39037.4","2022 - Complied","98","32.3","46","4689.85","37275.6","2021 - Did Not Report",,,,,,"Time of Sale",,,,,,,,,
"8410","2310 PIEDMONT AVE","2310 PIEDMONT AVE",,"Multifamily (5+ Units)","19909","2024 - Complied",,"25.8","44.6","3138.14","58517.9","2023 - Complied",,"26","44.4","3228.62","57124.8","2022 - Complied",,"24.1","41.5","2962.13","53919.1","2021 - Complied",,"21.2","37.3","2492.57","50392.6","Time of Sale",,,,,,,,,
"8420","2308 WARRING ST","2308 WARRING ST",,"Multifamily (5+ Units)","18602","2024 - Complied",,"17.7","26","2504.32","23070.3","2023 - Did Not Report",,,,,,"2022 - Did Not Report",,,,,,"2021 - Complied",,"15.5","23.4","2141.95","21986","Time of Sale",,,,,,,,,
"8430","Western Dominican Province","2301 VINE ST",,"Commercial","15021","2024 - Complied",,"18.9","34.2","1592.19","36334.6","2023 - Complied",,"23.6","42","2072.73","43332.7","2022 - Complied",,"20.4","39.3","1524.08","45034.2","2021 - Complied",,"12","22.9","929.95","25727.8","Time of Sale",,,,,,,,,
"8440","2 PANORAMIC WAY","2 PANORAMIC WAY","#101","Commercial","15587","2024 - Did Not Report",,,,,,"2023 - Did Not Report",,,,,,"2022 - Did Not Report",,,,,,"2021 - Did Not Report",,,,,,"Time of Sale",,,,,,,,,
"8450","2300 WARRING ST","2300 WARRING ST",,"Multifamily (5+ Units)","17822","2024 - Complied","87","42.2","66.5","5272.43","66134","2023 - Complied","83","45.1","74.7","5265.75","81482.3","2022 - Complied","79","52.5","82.1","6618.98","80494.4","2021 - Complied","78","48.5","79","5789.54","83724.3","Time of Sale",,,,,,,,,
"8480","Channing Apartments","2236 CHANNING WAY","2234 CHANNING WAY","Multifamily (5+ Units)","17878","2024 - Complied",,"71.3","90.6","11135.2","47124.5","2023 - Did Not Report",,,,,,"2022 - Did Not Report",,,,,,"2021 - Complied",,"84.7","104.7","13523.63","47214.1","Time of Sale",,,,,,,,,
"8510","2231 SHATTUCK AVE","2231 SHATTUCK AVE","2237 SHATTUCK AVE; 2233 SHATTUCK AVE","Mixed Use (Comm/MF)","24000","2024 - Did Not Report",,,,,,"2023 - Complied",,"41.6","63.3","7303.63","78802.2","2022 - Complied",,"42.6","64.2","7557.72","78215.3","2021 - Exempt",,,,,,"Time of Sale",,,,,,,,,
"8520","Durant Park Apartment","2230 DURANT AVE",,"Multifamily (5+ Units)","15096","2024 - Complied","100","22.2","24.8","3230.56","3658.8","2023 - Complied","100","24.9","28.6","3561.67","5977.1","2022 - Complied","100","23.9","28.1","3340.2","7680.9","2021 - Complied","100","23.5","26.9","3343.67","5833.7","Time of Sale",,,,,,,,,
"8530","All Souls Parish Episcopal Church","2220 CEDAR ST",,"Commercial","15956","2024 - Complied",,"10.6","15.6","1293","11789.1","2023 - Complied",,"15.7","18.1","2352","4361","2022 - Complied",,"17.7","19.8","2713.28","3242","2021 - Did Not Report",,,,,,"Time of Sale",,,,,,,,,
"8550","2211 CARLETON ST","2211 CARLETON ST",,"Multifamily (5+ Units)","22244","2024 - Complied","100","16","27.9","2165.38","41161.1","2023 - Complied","100","19.3","35.7","2351.07","57186","2022 - Complied","100","21.1","38.7","2580.62","61651.9","2021 - Complied","100","18.2","32.7","2323.54","50639.4","Time of Sale",,,,,,,,,
"8570","Garden Village","2201 DWIGHT WAY",,"Multifamily (5+ Units)","63972","2024 - In Progress",,,,,,"2023 - Exempt",,,,,,"2022 - Exempt",,,,,,"2021 - Exempt",,,,,,"Large Building","7/1/2023","Deferred","Deferred","7/1/2028","Upcoming","Upcoming",,,
"8590","The Rapa-Nui","2150 CHANNING WAY",,"Multifamily (5+ Units)","18894","2024 - Complied","100","32.6","48.2","4667.03","43970.4","2023 - Complied","100","36.8","52.8","5419.25","44859.2","2022 - Complied","100","37","52.8","5479.8","44146.2","2021 - Complied","100","35.2","51.4","5096.91","45583.1","Time of Sale",,,,,,,,,
"8610","2142 CENTER ST","2142 CENTER ST","2138 CENTER ST; 2154 CENTER ST; 2150 CENTER ST; 2152 CENTER ST; 2148 CENTER ST; 2144 CENTER ST; 2140 CENTER ST; 2134 CENTER ST; 2146 CENTER ST; 2132 CENTER ST","Mixed Use (Comm/MF)","20764","2024 - Exempt",,,,,,"2023 - Exempt",,,,,,"2022 - Exempt",,,,,,"2021 - Did Not Report",,,,,,"Time of Sale",,,,,,,,,
"8630","2130 CENTER ST","2130 CENTER ST","2128 CENTER ST","Commercial","19127","2024 - Did Not Report",,,,,,"2023 - Did Not Report",,,,,,"2022 - Did Not Report",,,,,,"2021 - Did Not Report",,,,,,"Time of Sale",,,,,,,,,
"8640","2125 JEFFERSON AVE","2125 JEFFERSON AVE",,"Commercial","17997","2024 - Complied","97","31.8","45.4","4483.92","36163.2","2023 - Complied","99","21.9","39.6","2228.18","50028.3","2022 - Complied",,"32.3","44","4784.63","30234.1","2021 - Exempt",,,,,,"Time of Sale",,,,,,,,,
"8650","URSA Apartments","2124 BANCROFT WAY","2121 DURANT AVE","Multifamily (5+ Units)","50965","2024 - Complied","100","10.8","16.2","4124.24","40826.5","2023 - Complied","100","10.9","16.4","4127.38","42158.5","2022 - Complied","100","10.8","16","4120.16","39989.6","2021 - Complied","100","8.1","10.5","3538.59","17306.9","Large Building","7/1/2023","Deferred","Deferred",,,,,,
"8660","Residence Inn Hotel Dwtn.","2121 Center St","2125 CENTER ST; 2129 SHATTUCK AVE","Commercial","234141","2024 - Complied","89","62.7","119.2","75235","2094732.7","2023 - Complied","80","77.2","137","105929.57","2192765.9","2022 - Exempt",,,,,,"2021 - Exempt",,,,,,"Large Building","7/1/2032","Upcoming","Upcoming",,,,,,
"8670","Heywood Apartments","2119 ADDISON ST",,"Multifamily (5+ Units)","21407","2024 - Did Not Report",,,,,,"2023 - Did Not Report",,,,,,"2022 - Did Not Report",,,,,,"2021 - Did Not Report",,,,,,"Time of Sale",,,,,,,,,
"8680","2109 KALA BAGAI WAY","2109 KALA BAGAI WAY","2115 KALA BAGAI WAY; 2117 KALA BAGAI WAY; 2111 KALA BAGAI WAY; 2119 KALA BAGAI WAY","Multifamily (5+ Units)","28804","2024 - Complied","94","33.3","50.8","7000.44","76203.2","2023 - Complied","86","37.1","60.5","7148.42","103784","2022 - Complied","82","40.5","63.9","8126.78","103327.6","2021 - Complied","81","39.2","62.1","7838.17","101072.6","Large Building","7/1/2023","Deferred","Deferred","7/1/2028","Upcoming","Upcoming",,,
"8690","2108 BERKELEY WAY","2108 BERKELEY WAY",,"Commercial","17247","2024 - Did Not Report",,,,,,"2023 - Did Not Report",,,,,,"2022 - Did Not Report",,,,,,"2021 - Did Not Report",,,,,,"Time of Sale",,,,,,,,,
"8720","2057 UNIVERSITY AVE","2057 UNIVERSITY AVE","2057 UNIVERSITY AVE; 2059 UNIVERSITY AVE; 2051 UNIVERSITY AVE","Mixed Use (Comm/MF)","17328","2024 - Exempt",,,,,,"2023 - Exempt",,,,,,"2022 - Did Not Report",,,,,,"2021 - Exempt",,,,,,"Time of Sale",,,,,,,,,
"8730","Koerber Building","2054 UNIVERSITY AVE","2050 UNIVERSITY AVE","Commercial","20201","2024 - Did Not Report",,,,,,"2023 - Insufficient Data",,,,,,"2022 - Insufficient Data",,,,,,"2021 - Complied","99","8.8","24.8",,"52382","Time of Sale",,,,,,,,,
"8750","Nash Hotel","2041 UNIVERSITY AVE","2045 UNIVERSITY AVE; 2049 UNIVERSITY AVE; 2043 UNIVERSITY AVE; 2047 UNIVERSITY AVE","Commercial","22056","2024 - Complied",,"53.1","77.5","8958.44","80403.8","2023 - Complied",,"64","86.7","11661.33","72049.8","2022 - Complied",,"64.9","88.6","11738.41","75579.6","2021 - Exempt",,,,,,"Time of Sale",,,,,,,,,
"8760","2041 FRANCISCO ST","2041 FRANCISCO ST",,"Multifamily (5+ Units)","19933","2024 - Did Not Report",,,,,,"2023 - Did Not Report",,,,,,"2022 - Did Not Report",,,,,,"2021 - Complied","100","23","34.1","3462.79","33156.6","Time of Sale",,,,,,,,,
"8770","2037 KALA BAGAI WAY","2037 KALA BAGAI WAY","2039 SHATTUCK AVE; 2045 KALA BAGAI WAY; 2039 KALA BAGAI WAY; 2107 ADDISON ST","Commercial","20670","2024 - In Progress",,,,,,"2023 - Exempt",,,,,,"2022 - Did Not Report",,,,,,"2021 - Complied","87","48","84.7","5872.47","118656.6","Time of Sale",,,,,,,,,
"8780","Historic Kress Bldg","2036 SHATTUCK AVE","2087 ADDISON ST","Commercial","23500","2024 - Complied","91","31.7","58.1","4114.88","97780.9","2023 - Did Not Report",,,,,,"2022 - Complied",,"45.5","94.7","4394.68","184539.3","2021 - Complied",,"41.8","89.6","3709.03","179519.3","Time of Sale",,,,,,,,,
"8790","Channing Walk Apartments","2035 CHANNING WAY",,"Multifamily (5+ Units)","20424","2024 - Complied","99","25.2","38.8","3699.66","42264.1","2023 - Complied","98","28.3","44.2","4091.45","49444.6","2022 - Complied","99","27.3","41.8","4042","44832.9","2021 - Complied","99","24.8","38.9","3569.94","43883.4","Time of Sale",,,,,,,,,
"8820","Sierra Design","2025 FOURTH ST","2027 FOURTH ST; 2039 FOURTH ST; 731 ADDISON ST; 2029 FOURTH ST; 2031 FOURTH ST; 2037 FOURTH ST; 2035 FOURTH ST; 2033 FOURTH ST; 2023 FOURTH ST","Mixed Use (Comm/MF)","19683","2024 - Complied","92","17.9","44.6","613.88","85239.6","2023 - Complied","89","21.2","50.9","936.87","94554.4","2022 - Complied","89","21.5","52.2","886.13","97851.1","2021 - Complied","87","21.4","53","774.93","100714.5","Time of Sale",,,,,,,,,
"8840","Channing Campus Apartments","2020 CHANNING WAY",,"Multifamily (5+ Units)","22448","2024 - Complied",,"35.7","52.1","6124.95","55079.1","2023 - Complied",,"31.4","48.4","5078.59","57940","2022 - Complied",,"32.5","49.6","5310.47","58183.7","2021 - Complied",,"41.3","58.5","7323.11","56977.6","Time of Sale",,,,,,,,,
"8860","2013 SECOND ST","2013 SECOND ST",,"Multifamily (5+ Units)","26500","2024 - Complied",,"16.7","31.2","2343.14","60669.6","2023 - Complied",,"19.2","35.1","2826.38","66359.7","2022 - Complied",,"19.8","37.1","2782.9","72339.3","2021 - Complied",,"7.9","13.5","1319.26","23039.1","Large Building","7/1/2023","Complied","Paid","7/1/2028","Upcoming","Upcoming",,,
"8880","1970 SAN PABLO AVE","1970 SAN PABLO AVE","1968 SAN PABLO AVE; 1966 SAN PABLO AVE; 1085 UNIVERSITY AVE","Mixed Use (Comm/MF)","20451","2024 - Complied","95","43.5","73.1","5701.21","93871.8","2023 - Complied","93","44.9","77.6","5613.86","104417.8","2022 - Complied","87","49.5","85.7","6164.63","115763.9","2021 - Complied","86","48.5","84.4","6001.51","114792.9","Time of Sale",,,,,,,,,
"8890","Chestnut Apartments","1955 CHESTNUT ST",,"Multifamily (5+ Units)","17688","2024 - Complied","94","37.9","54.5","5215.52","43606.3","2023 - Complied","88","44.2","60.5","6392.64","41829","2022 - Complied","87","46.2","61.6","6854.92","38625","2021 - Did Not Report",,,,,,"Time of Sale",,,,,,,,,
"8910","1951 CHESTNUT ST","1951 CHESTNUT ST","1951 CHESTNUT ST","Multifamily (5+ Units)","19378","2024 - Did Not Report",,,,,,"2023 - Did Not Report",,,,,,"2022 - Did Not Report",,,,,,"2021 - Did Not Report",,,,,,"Time of Sale",,,,,,,,,
"8930","1942 CHANNING WAY","1942 CHANNING WAY",,"Multifamily (5+ Units)","15597","2024 - Complied",,"58.3","73.8","7964.17","32890.9","2023 - Complied",,"63.1","79.4","8669.66","34344.1","2022 - Complied",,"66.4","84","9094.34","37163.4","2021 - Complied",,"67.4","85.6","9181.2","38862.5","Time of Sale",,,,,,,,,
"8940","Calvary Presbyterian Church Berkeley","1940 VIRGINIA ST",,"Commercial","26000","2024 - Complied","100","9.1","16.1","1398.81","28387.4","2023 - Complied","100","12.1","19.9","2057.14","31608.6","2022 - Complied","100","11.7","19.4","1962.31","31283.7","2021 - Did Not Report",,,,,,"Time of Sale",,,,,,,,,
"8950","Channing Poolside Apartments","1930 CHANNING WAY",,"Multifamily (5+ Units)","18925","2024 - Complied","99","24.2","42.2","2770.81","53060.3","2023 - Did Not Report",,,,,,"2022 - Complied","93","29.7","53.4","3220.07","70330.7","2021 - Complied","98","24","43.5","2572","57978.9","Time of Sale",,,,,,,,,
"8960","The Tepping Bldg","1916 UNIVERSITY AVE","1918 UNIVERSITY AVE","Commercial","22240","2024 - Did Not Report",,,,,,"2023 - Did Not Report",,,,,,"2022 - Did Not Report",,,,,,"2021 - Did Not Report",,,,,,"Time of Sale",,,,,,,,,
"8970","1910 Berryman Street","1910 BERRYMAN ST",,"Multifamily (5+ Units)","24094","2024 - Complied","100","18.4","33.8","2459.32","58098.4","2023 - Complied","97","26.2","51.7","2977.36","97733","2022 - Complied","97","25.8","51.4","2865.3","98258.9","2021 - Complied","99","21.9","42.9","2547.51","80244.7","Time of Sale",,,,,,,,,
"8990","1900 UNIVERSITY AVE","1900 UNIVERSITY AVE","2031 M L KING JR WAY; 1904 UNIVERSITY AVE; 2021 M L KING JR WAY; 2033 M L KING JR WAY; 1908 UNIVERSITY AVE; 1902 UNIVERSITY AVE; 1906 UNIVERSITY AVE","Mixed Use (Comm/MF)","15555","2024 - Complied",,"25.9","64.5","720.92","97158.5","2023 - Complied",,"20.7","50.8","638.82","75707.1","2022 - Complied",,"19.9","48.9","610.95","72862.5","2021 - Complied",,"20.9","50.2","740.82","73664","Time of Sale",,,,,,,,,
"9010","1900 ADDISON ST","1900 ADDISON ST",,"Commercial","15460","2024 - Did Not Report",,,,,,"2023 - Did Not Report",,,,,,"2022 - Did Not Report",,,,,,"2021 - Did Not Report",,,,,,"Time of Sale",,,,,,,,,
"9020","1890 ARCH ST","1890 ARCH ST",,"Multifamily (5+ Units)","15012","2024 - Did Not Report",,,,,,"2023 - Did Not Report",,,,,,"2022 - Did Not Report",,,,,,"2021 - Did Not Report",,,,,,"Time of Sale",,,,,,,,,
"9030","1865 EUCLID AVE","1865 EUCLID AVE","1865 EUCLID AVE; 1879 EUCLID AVE","Multifamily (5+ Units)","18608","2024 - Complied","98","41.4","55.3","6456.28","36818.8","2023 - Complied","96","47.2","63.1","7339.9","42162.7","2022 - Complied","99","40.8","54.1","6385.71","35150.4","2021 - Complied","99","39.7","51.1","6372.71","29563.3","Time of Sale",,,,,,,,,
"9040","Touchstone Climbing Gym (fmr. Oaks Theater)","1861 SOLANO AVE","1877 SOLANO AVE","Commercial","23500",,,,,,,,,,,,,,,,,,,"2021 - Exempt",,,,,,"Time of Sale",,,,,,,,,
"9050","1837 ALCATRAZ AVE","1837 ALCATRAZ AVE","1847 ALCATRAZ AVE","Commercial","22200","2024 - Complied",,"10.7","23.6","806","46053.1","2023 - Complied",,"11","23.1","960.15","43125","2022 - Complied",,"7.9","18.7","435.01","38724","2021 - Did Not Report",,,,,,"Time of Sale",,,,,,,,,
"9060","1835 DELAWARE ST","1835 DELAWARE ST",,"Multifamily (5+ Units)","15249","2024 - Complied","98","37","60.7","3737.71","55754","2023 - Did Not Report",,,,,,"2022 - Did Not Report",,,,,,"2021 - Complied","91","50.7","72.8","6023.11","49972.9","Time of Sale",,,,,,,,,
"9080","Sierra Misco","1825 EASTSHORE HWY","1823 EASTSHORE HWY; 1822 SECOND ST","Industrial","23984","2024 - Did Not Report",,,,,,"2023 - Did Not Report",,,,,,"2022 - Did Not Report",,,,,,"2021 - Did Not Report",,,,,,"Time of Sale",,,,,,,,,
"9090","1822 SAN PABLO AVE","1822 SAN PABLO AVE","1820 SAN PABLO AVE; 1828 SAN PABLO AVE; 1826 SAN PABLO AVE; 1822 SAN PABLO AVE; 1824 SAN PABLO AVE","Mixed Use (Comm/MF)","16740","2024 - Did Not Report",,,,,,"2023 - Did Not Report",,,,,,"2022 - Did Not Report",,,,,,"2021 - Did Not Report",,,,,,"Time of Sale",,,,,,,,,
"9110","1822 FRANCISCO ST","1822 FRANCISCO ST",,"Multifamily (5+ Units)","15510","2024 - Complied","99","39.8","57.5","4789.47","40768.1","2023 - Complied","99","45.3","62.8","5671.81","39672.6","2022 - Complied","99","46.2","63.3","5866.74","38222.7","2021 - Complied","99","41.4","57.9","5149.28","37481.8","Time of Sale",,,,,,,,,
"9120","1821 CATALINA AVE","1821 CATALINA AVE",,"Commercial","20000","2024 - Complied",,"7.6","13.6","862.61","19071.1","2023 - Complied",,"9.2","16","1110","21336","2022 - Complied",,"8.5","15.6","940","22373.8","2021 - Did Not Report",,,,,,"Time of Sale",,,,,,,,,
"9130","Hundred Acre Wood Building","1820 SOLANO AVE","900 COLUSA AVE; 1820 SOLANO AVE","Commercial","22149","2024 - Complied",,"42.1","104.6","1665.92","224245.5","2023 - Complied",,"41.7","105.5","1418.1","228967","2022 - Complied",,"41.9","106.5","1350.24","232116.1","2021 - Complied",,"39.5","101.6","1143.14","223080.9","Time of Sale",,,,,,,,,
"9140","1820 EUCLID AVE","1820 EUCLID AVE","1832 EUCLID AVE; 1824 EUCLID AVE; 1828 EUCLID AVE; 1842 EUCLID AVE; 1834 EUCLID AVE; 1830 EUCLID AVE; 1838 EUCLID AVE; 1822 EUCLID AVE; 1836 EUCLID AVE","Mixed Use (Comm/MF)","24003","2024 - Did Not Report",,,,,,"2023 - Did Not Report",,,,,,"2022 - Did Not Report",,,,,,"2021 - Did Not Report",,,,,,"Time of Sale",,,,,,,,,
"9150","Finnish Hall","1819 TENTH ST",,"Commercial","16931","2024 - Did Not Report",,,,,,"2023 - In Progress",,,,,,"2022 - Did Not Report",,,,,,"2021 - Did Not Report",,,,,,"Time of Sale",,,,,,,,,
"9180","1804 EUCLID AVE","1804 EUCLID AVE","1810 EUCLID AVE; 1816 EUCLID AVE; 1814 EUCLID AVE; 1808 EUCLID AVE; 1806 EUCLID AVE; 1804 EUCLID AVE","Mixed Use","17420","2024 - Did Not Report",,,,,,"2023 - Did Not Report",,,,,,"2022 - Did Not Report",,,,,,"2021 - Did Not Report",,,,,,"Time of Sale",,,,,,,,,
"9190","1800 FIFTH ST","1800 FIFTH ST","1816 FIFTH ST; 1796 FIFTH ST; 1786 FIFTH ST; 1794 FIFTH ST; 1782 FIFTH ST; 1792 FIFTH ST; 1798 FIFTH ST; 1802 FIFTH ST; 1780 FIFTH ST; 1790 FIFTH ST; 1804 FIFTH ST","Industrial","16100","2024 - Complied",,"11.9","27.4","536.18","40312.5","2023 - Complied",,"13.1","28.4","759","39484.9","2022 - Complied",,"12.6","28.6","619.27","41315.8","2021 - Did Not Report",,,,,,"Time of Sale",,,,,,,,,
"9210","1799 EUCLID AVE","1799 EUCLID AVE","1799 EUCLID AVE","Multifamily (5+ Units)","18236","2024 - Complied","76","68.1","75.4","12014.65","11924.9","2023 - Complied","63","77.5","85","13743.29","11168.3","2022 - Complied","76","70.1","77.3","12389.52","11340.5","2021 - Complied","86","60.9","67.3","10748.26","10307.9","Time of Sale",,,,,,,,,
"9220","1799 FOURTH ST","1799 FOURTH ST","1770 FIFTH ST","Commercial","23250","2024 - Did Not Report",,,,,,"2023 - Did Not Report",,,,,,"2022 - Did Not Report",,,,,,"2021 - Did Not Report",,,,,,"Time of Sale",,,,,,,,,
"9230","LUTHERAN CHURCH OF THE CROSS","1744 UNIVERSITY AVE","1760 UNIVERSITY AVE","Commercial","17301","2024 - In Progress",,,,,,"2023 - Did Not Report",,,,,,"2022 - Did Not Report",,,,,,"2021 - Did Not Report",,,,,,"Time of Sale",,,,,,,,,
"9250","1740 WALNUT ST","1740 WALNUT ST",,"Multifamily (5+ Units)","16616","2024 - Complied","85","46.3","60.2","6582.41","32326.3","2023 - Complied","84","49.5","63.1","7169.02","30972.3","2022 - Complied","81","51.4","65.2","7472.63","31255.6","2021 - Complied","79","48.8","63","6982.67","32838.6","Time of Sale",,,,,,,,,
"9260","1735 HIGHLAND PL","1735 HIGHLAND PL",,"Multifamily (5+ Units)","16235","2024 - Complied","96","32.6","49.2","3904.22","40689.9","2023 - Complied","93","37.2","54.8","4591.28","42670.3","2022 - Complied","96","33.1","51.4","3823.74","45298.7","2021 - Complied","98","28.1","45.2","3100.96","42759.6","Time of Sale",,,,,,,,,
"9270","1732 UNIVERSITY AVE","1732 UNIVERSITY AVE","1716 UNIVERSITY AVE; 1722 UNIVERSITY AVE; 1718 UNIVERSITY AVE; 1728 UNIVERSITY AVE; 1724 UNIVERSITY AVE","Mixed Use (Comm/MF)","17095","2024 - Complied",,"18.8","26.4","2558.4","19149.8","2023 - Complied",,"19.4","27.1","2666.21","19105.2","2022 - Complied",,"18.7","25.5","2632.88","16764.3","2021 - Complied",,"19.9","24.7","2537.45","9293","Time of Sale",,,,,,,,,
"9280","1725 SHATTUCK AVE","1725 SHATTUCK AVE",,"Multifamily (5+ Units)","23954","2024 - Complied","100","19.5","25.9","3942.9","21501","2023 - Complied","100","20.4","26.5","4183.17","20488.9","2022 - Complied","100","22","28.4","4545.6","21168.1","2021 - Complied","100","24.4","32.2","4957.63","26257.3","Time of Sale",,,,,,,,,
"9290","1725 OXFORD ST","1725 OXFORD ST","1725 OXFORD ST","Multifamily (5+ Units)","19473","2024 - Complied","100","37.7","54.7","5658.86","49200.6","2023 - Did Not Report",,,,,,"2022 - Did Not Report",,,,,,"2021 - Complied","100","33.4","47.2","5161.28","39408.5","Time of Sale",,,,,,,,,
"9310","James Kenney Community Center","1718 EIGHTH ST","1720 EIGHTH ST; 1700 EIGHTH ST","Commercial","21740","2024 - Complied",,"33.6","63.4","3831.6","102079.6","2023 - Complied",,"38.2","67.9","4845.72","101284.9","2022 - Complied",,"36","60.4","5039.03","81968.2","2021 - Complied",,"26.7","44.8","3703.61","61264.7","Time of Sale",,,,,,,,,
"9320","1715 SPRUCE ST","1715 SPRUCE ST",,"Multifamily (5+ Units)","21699","2024 - Did Not Report",,,,,,"2023 - Did Not Report",,,,,,"2022 - Did Not Report",,,,,,"2021 - Did Not Report",,,,,,"Time of Sale",,,,,,,,,
"9330","1701 UNIVERSITY AVE","1701 UNIVERSITY AVE","1709 UNIVERSITY AVE; 1715 UNIVERSITY AVE; 1713 UNIVERSITY AVE; 1703 UNIVERSITY AVE; 1711 UNIVERSITY AVE","Mixed Use (Comm/MF)","16984","2024 - Did Not Report",,,,,,"2023 - Did Not Report",,,,,,"2022 - Did Not Report",,,,,,"2021 - Did Not Report",,,,,,"Time of Sale",,,,,,,,,
"9340","1700 LE ROY AVE","1700 LE ROY AVE",,"Multifamily (5+ Units)","20932","2024 - Did Not Report",,,,,,"2023 - Complied",,"68.1","80.7","13159.05","32155.3","2022 - Complied",,"55.5","68.3","10418.51","35224.7","2021 - Did Not Report",,,,,,"Time of Sale",,,,,,,,,
"9370","1640 ADDISON ST","1640 ADDISON ST",,"Commercial","18900","2024 - Complied",,"22.9","29.4","3739.01","17154","2023 - Complied",,"21.6","27.4","3584.51","14761.4","2022 - Complied",,"20.1","25.6","3325.59","14088.7","2021 - Complied",,"50.6","58","9037.84","15364.9","Time of Sale",,,,,,,,,
"9380","Golden Bear Hotel","1620 SAN PABLO AVE","1620 SAN PABLO AVE","Commercial","15599","2024 - Complied",,"36.5","73.7","2531.96","92559.4","2023 - Complied",,"33.8","71.5","2051.6","94256.3","2022 - Did Not Report",,,,,,"2021 - Did Not Report",,,,,,"Time of Sale",,,,,,,,,
"9390","1619 HOPKINS ST","1619 HOPKINS ST","101, 201, 301 ...","Multifamily (5+ Units)","15492","2024 - Complied",,"35.1","52.2","4068.19","39939.2","2023 - Complied",,"42.1","60.3","5105.07","41692.3","2022 - Complied",,"40.7","59.6","4806.95","43848.5","2021 - Exempt",,,,,,"Time of Sale",,,,,,,,,
"9420","1597 UNIVERSITY AVE","1597 UNIVERSITY AVE","1988 CALIFORNIA ST; 1978 CALIFORNIA ST; 1984 CALIFORNIA ST","Mixed Use (Comm/MF)","16760","2024 - Complied",,"24.2","34.2","3201.88","24785.2","2023 - Complied",,"24.1","33.6","3237.81","23321.1","2022 - Did Not Report",,,,,,"2021 - Did Not Report",,,,,,"Time of Sale",,,,,,,,,
"9430","The North Berkeley Oxford Street Apartments","1555 OXFORD ST",,"Multifamily (5+ Units)","17880","2024 - Complied",,"27.1","48.8","2763.16","61041","2023 - Complied",,"27.9","51.4","2745.81","65970.9","2022 - Complied",,"26.6","50.8","2405.56","68635.4","2021 - Complied",,"25.8","48.9","2375.75","65493.6","Time of Sale",,,,,,,,,
"9440","1550 WALNUT ST","1550 WALNUT ST",,"Multifamily (5+ Units)","17784","2024 - Complied",,"23.8","38.1","2907.16","38897.2","2023 - Complied",,"27.3","41.2","3578.74","37444.7","2022 - Complied",,"25.9","40","3308.71","38051.4","2021 - Complied",,"26.1","40.2","3345.9","38102.4","Time of Sale",,,,,,,,,
"9450","1529 RUSSELL ST","1529 RUSSELL ST","1531 RUSSELL ST","Multifamily (5+ Units)","19560","2024 - Did Not Report",,,,,,"2023 - Did Not Report",,,,,,"2022 - Did Not Report",,,,,,"2021 - Did Not Report",,,,,,"Time of Sale",,,,,,,,,
"9460","1525 RUSSELL ST","1525 RUSSELL ST","1527 RUSSELL ST","Multifamily (5+ Units)","17376","2024 - Did Not Report",,,,,,"2023 - Did Not Report",,,,,,"2022 - Did Not Report",,,,,,"2021 - Did Not Report",,,,,,"Time of Sale",,,,,,,,,
"9470","1501 WALNUT ST","1501 WALNUT ST",,"Commercial","19254","2024 - Complied","87","12","17.1","1809","14618","2023 - Complied","81","14.9","21.3","2239","18401","2022 - Insufficient Data",,,,,,"2021 - Complied","89","12.5","16.9","1980","12396","Time of Sale",,,,,,,,,
"9480","1475 ROSE ST","1475 ROSE ST",,"Commercial","18417","2024 - Did Not Report",,,,,,"2023 - Did Not Report",,,,,,"2022 - Did Not Report",,,,,,"2021 - Did Not Report",,,,,,"Time of Sale",,,,,,,,,
"9490","Rodeway Inn","1461 UNIVERSITY AVE",,"Commercial","15378","2024 - Did Not Report",,,,,,"2023 - Did Not Report",,,,,,"2022 - Did Not Report",,,,,,"2021 - Complied",,"61.8","123.1","4404.28","149672.8","Time of Sale",,,,,,,,,
"9520","1440 WALNUT ST","1440 WALNUT ST",,"Multifamily (5+ Units)","22476","2024 - Did Not Report",,,,,,"2023 - Did Not Report",,,,,,"2022 - Did Not Report",,,,,,"2021 - Did Not Report",,,,,,"Time of Sale",,,,,,,,,
"9530","1440 Fourth St","1440 FOURTH ST","1440 FOURTH ST","Industrial","20000","2024 - Complied","83","24.9","44.6","2879.46","61634.1","2023 - Complied","82","26.1","48","2855.18","69131.3","2022 - Complied","98","11","23","876.07","38529.3","2021 - Complied","89","29.2","63.4","2103.75","109543.6","Time of Sale",,,,,,,,,
"9540","The Kelbourne","1420 ADDISON ST",,"Multifamily (5+ Units)","20746","2024 - Did Not Report",,,,,,"2023 - Did Not Report",,,,,,"2022 - Did Not Report",,,,,,"2021 - Did Not Report",,,,,,"Time of Sale",,,,,,,,,
"9550","Jewish Community Center of the East Bay","1414 WALNUT ST",,"Commercial","21502","2024 - Did Not Report",,,,,,"2023 - Did Not Report",,,,,,"2022 - Did Not Report",,,,,,"2021 - Did Not Report",,,,,,"Time of Sale",,,,,,,,,
"9570","The Luxor Apartments","1406 HENRY ST","1406 HENRY ST","Multifamily (5+ Units)","18765","2024 - Complied","72","48.1","64.7","7500.64","44606.9","2023 - Complied","56","56.5","74.7","8957.06","48361.5","2022 - Complied","53","57","76.8","8889.81","53141.9","2021 - Complied","44","57.1","77","8886.24","53553.5","Time of Sale",,,,,,,,,
"9590","1401 WALNUT ST","1401 WALNUT ST",,"Multifamily (5+ Units)","16500","2024 - Did Not Report",,,,,,"2023 - Did Not Report",,,,,,"2022 - Did Not Report",,,,,,"2021 - Did Not Report",,,,,,"Time of Sale",,,,,,,,,
"9630","1333 SIXTH ST","1333 SIXTH ST","1335 SIXTH ST","Commercial","17220","2024 - Did Not Report",,,,,,"2023 - Did Not Report",,,,,,"2022 - Did Not Report",,,,,,"2021 - Did Not Report",,,,,,"Time of Sale",,,,,,,,,
"9640","1330 SACRAMENTO ST","1330 SACRAMENTO ST",,"Multifamily (5+ Units)","18463","2024 - Complied","90","44.6","64.3","6383.45","54059.5","2023 - Complied","84","48.9","69.2","7159.03","55007.2","2022 - Complied","87","48.3","67","7213.1","50216.6","2021 - Did Not Report",,,,,,"Time of Sale",,,,,,,,,
"9650","1322 SHATTUCK AVE","1322 SHATTUCK AVE",,"Multifamily (5+ Units)","21954","2024 - Complied",,"22.3","39.8","2852.98","60049.5","2023 - Did Not Report",,,,,,"2022 - Did Not Report",,,,,,"2021 - Did Not Report",,,,,,"Time of Sale",,,,,,,,,
"9660","1310 UNIVERSITY AVE","1310 UNIVERSITY AVE",,"Commercial","17800","2024 - Complied","98","17.3","37.4","1110.79","57476.1","2023 - Complied","97","20.9","41.8","1710.63","59073.6","2022 - Did Not Report",,,,,,"2021 - Did Not Report",,,,,,"Time of Sale",,,,,,,,,
"9670","Chaparral House","1309 ALLSTON WAY","1299 ALLSTON WAY","Commercial","22000","2024 - Complied","98","121.8","175.6","20787.72","175931.2","2023 - Complied","98","129.3","180.5","22823.13","164774.7","2022 - Complied","98","128.6","178.1","22879.95","158725.4","2021 - Complied","99","119.6","170.7","20618.64","166558.7","Time of Sale",,,,,,,,,
"9680","1300 DELAWARE ST","1300 DELAWARE ST","1300 DELAWARE ST","Multifamily (5+ Units)","22656","2024 - Complied","100","35","37.9","5741.67","5906.9","2023 - Complied","100","37.7","43.1","6295.18","14729","2022 - Complied","100","33","37.9","5497.4","13464.2","2021 - Insufficient Data","100","33","38.3","5520.13","15061.3","Time of Sale",,,,,,,,,
"9710","1275 UNIVERSITY AVE","1275 UNIVERSITY AVE",,"Multifamily (5+ Units)","18375","2024 - Complied","98","38.9","52.6","5925.05","36063.1","2023 - Complied","97","41.5","56.1","6320.6","38502.1","2022 - Complied","99","38.5","51.8","5872.09","35183.6","2021 - Complied","98","38","52.6","5640.36","39132.9","Time of Sale",,,,,,,,,
"9720","School of the Madeleine","1225 MILVIA ST",,"Commercial","20777","2024 - Complied","99","15.1","31.1","1316.64","53155.2","2023 - Complied",,"18.7","37","1820.81","60563.7","2022 - Complied",,"18.7","37","1820.81","60563.7","2021 - Did Not Report",,,,,,"Time of Sale",,,,,,,,,
"9750","1145 GILMAN ST","1145 GILMAN ST",,"Commercial","18616","2024 - Complied",,"6.4","10.5","782.72","11875.6","2023 - Complied",,"5.2","9.6","539.01","12733.3","2022 - Complied",,"6.1","8.9","883.98","7586.7","2021 - Did Not Report",,,,,,"Time of Sale",,,,,,,,,
"9770","1120 HEARST AVE","1120 HEARST AVE",,"Multifamily (5+ Units)","19706","2024 - Did Not Report",,,,,,"2023 - Did Not Report",,,,,,"2022 - Did Not Report",,,,,,"2021 - Did Not Report",,,,,,"Time of Sale",,,,,,,,,
"9780","1101 EIGHTH ST","1101 EIGHTH ST",,"Industrial","23883","2024 - Complied",,"30.6","56.5","3995.97","97299.8","2023 - Complied",,"29.9","55.9","3794.72","98108.4","2022 - Complied",,"28.2","53.5","3478.56","95521.5","2021 - Complied",,"25.6","47.7","3272.42","83332.9","Time of Sale",,,,,,,,,
"9790","Golden Gate Fields","1100 EASTSHORE HWY",,"Commercial","61949","2024 - Exempt",,,,,,"2023 - Did Not Report",,,,,,"2022 - Did Not Report",,,,,,"2021 - Did Not Report",,,,,,"Large Building","7/1/2023","Did Not Comply","Due",,,,,,
"9810","1049 GILMAN ST","1049 GILMAN ST","1284 SAN PABLO AVE; 1296 SAN PABLO AVE; 1282 SAN PABLO AVE; 1294 SAN PABLO AVE; 1049 GILMAN ST; 1041 GILMAN ST","Commercial","20274","2024 - Complied",,"27.1","62.5","1543.6","115638.8","2023 - Complied",,"27","61.8","1599.72","113640.2","2022 - Complied",,"27.6","63","1637.31","115785.1","2021 - Complied",,"28.1","65.7","1488.81","123100.7","Time of Sale",,,,,,,,,
"9820","West Berkeley Warehouse","1036 ASHBY AVE","1035 MURRAY ST","Commercial","24000","2024 - Did Not Report",,,,,,"2023 - Did Not Report",,,,,,"2022 - Did Not Report",,,,,,"2021 - Did Not Report",,,,,,"Time of Sale",,,,,,,,,
"9830","University Ave Campus","1001 UNIVERSITY AVE","1001 UNIVERSITY AVE; 1007 UNIVERSITY AVE; 1011 UNIVERISTY AVE","Commercial","38302","2024 - Complied",,"17.6","40.5","1920.72","141069.5","2023 - Complied",,"19.4","38.3","3511.43","115041.5","2022 - Complied",,"16.1","32.5","2742.25","100201","2021 - Did Not Report",,,,,,"Time of Sale",,,,,,,,,
"9840","The Wright Institute","1000 DWIGHT WAY","Masters program - Dwight Building","Commercial","15489","2024 - Did Not Report",,,,,,"2023 - Did Not Report",,,,,,"2022 - Did Not Report",,,,,,"2021 - Did Not Report",,,,,,"Time of Sale",,,,,,,,,
"9850","2515 HILLEGASS AVE","2515 HILLEGASS AVE","2515 HILLEGASS AVE; 2521 HILLEGASS AVE","Commercial","17664","2024 - Complied",,"51","72.4","7097.91","55871.2","2023 - Complied",,"26","49","2402.81","64165.9","2022 - Complied",,"24.9","43.1","2685.5","50110.4","2021 - Did Not Report",,,,,,"Time of Sale",,,,,,,,,
"9860","940 DWIGHT WAY","940 DWIGHT WAY","condo","Mixed Use (Comm/Ind)","25208","2024 - Complied",,"18.2","30.5","2938.22","48194.8","2023 - Complied",,"21.8","35.2","3714.37","52146.5","2022 - Complied",,"20.5","33.8","3401.11","51882.6","2021 - Complied",,"19.4","32.5","3132.92","51342","Time of Sale",,,,,,,,,
"9870","GRAYSON APARTMENTS","2740 SAN PABLO AVE","2748 SAN PABLO AVE","Multifamily (5+ Units)","30473","2024 - Did Not Report",,,,,,"2023 - Complied","100","10.9","14.8","2724.03","17312","2022 - Complied","100","12.2","17","2975.99","21358.5","2021 - Did Not Report",,,,,,"Large Building","7/1/2029","Upcoming","Upcoming",,,,,,
"9890","2712 TELEGRAPH AVE","2712 TELEGRAPH AVE",,"Mixed Use (Comm/MF)","45000",,,,,,,,,,,,,,,,,,,,,,,,,"Time of Sale",,,,,,,,,
"9920","1760 SOLANO AVE","1760 SOLANO AVE",,"Commercial","16468","2024 - Did Not Report",,,,,,"2023 - Did Not Report",,,,,,"2022 - Did Not Report",,,,,,"2021 - Exempt",,,,,,"Time of Sale",,,,,,,,,
"9930","Corp Yard Campus","1326 Allston Way",,,"33169","2024 - Complied",,"120.7","170.6","31730.73","243407.7","2023 - Complied",,"155.8","206.5","43556.98","238161","2022 - Did Not Report",,,,,,,,,,,,"Large Building",,,,,,,,,
"9940","1950 UNIVERSITY AVE","1950 UNIVERSITY AVE",,"Commercial","20747","2024 - Complied","100","5.7","15.9",,"34520","2023 - Complied","99","7.7","21.6",,"46819.8","2022 - Complied","91","14.8","41.4",,"90011","2021 - Exempt",,,,,,"Time of Sale",,,,,,,,,
"9970","2556 TELEGRAPH AVE","2556 Telegraph Ave",,"Mixed Use (Comm/MF)","43013","2024 - Complied","97","29.3","55.8","6440.68","180523.6","2023 - Did Not Report",,,,,,"2022 - Did Not Report",,,,,,"2021 - Exempt",,,,,,"Large Building","7/1/2032","Upcoming","Upcoming",,,,,,
