<?xml version="1.0" encoding="UTF-8"?>
<kml xmlns="http://www.opengis.net/kml/2.2">
<Document>
  <name>proto_B_all_projects</name>
  <Style id="poly0"><PolyStyle><color>7a7da32f</color><outline>1</outline></PolyStyle><LineStyle><color>e6ffffff</color><width>1.1</width></LineStyle><IconStyle><scale>0</scale></IconStyle></Style>
  <Style id="lab0"><IconStyle><scale>0</scale></IconStyle><LabelStyle><scale>0.9</scale><color>ff7da32f</color></LabelStyle></Style>
  <Style id="poly1"><PolyStyle><color>9a3ca2e6</color><outline>1</outline></PolyStyle><LineStyle><color>e6ffffff</color><width>1.1</width></LineStyle><IconStyle><scale>0</scale></IconStyle></Style>
  <Style id="lab1"><IconStyle><scale>0</scale></IconStyle><LabelStyle><scale>0.9</scale><color>ff3ca2e6</color></LabelStyle></Style>
  <Style id="poly2"><PolyStyle><color>b02c34d0</color><outline>1</outline></PolyStyle><LineStyle><color>e6ffffff</color><width>1.1</width></LineStyle><IconStyle><scale>0</scale></IconStyle></Style>
  <Style id="lab2"><IconStyle><scale>0</scale></IconStyle><LabelStyle><scale>0.9</scale><color>ff2c34d0</color></LabelStyle></Style>
  <Placemark><styleUrl>#poly2</styleUrl><description><![CDATA[<b>2190 SHATTUCK Ave</b><br/><b>Units:</b> 452<br/><b>VLI Units:</b> 0<br/><b>Stories:</b> 34<br/><b>Height:</b> 119.0m<br/><b>Status:</b> In Review]]></description><Polygon>
				<extrude>1</extrude>
				<altitudeMode>relativeToGround</altitudeMode>
				<outerBoundaryIs>
					<LinearRing>
						<coordinates>
							-122.2682510776356,37.86942256562457,119 -122.2682738755158,37.86965158945649,119 -122.2690744986648,37.86960750656637,119 -122.2690179778003,37.86932525019976,119 -122.2682510776356,37.86942256562457,119 
						</coordinates>
					</LinearRing>
				</outerBoundaryIs>
			</Polygon></Placemark>
  <Placemark><name>2190 Shattuck Ave · 452u</name><styleUrl>#lab2</styleUrl><Region><LatLonAltBox><west>-122.269074</west><east>-122.268251</east><south>37.869325</south><north>37.869652</north></LatLonAltBox><Lod><minLodPixels>700</minLodPixels><maxLodPixels>-1</maxLodPixels></Lod></Region><Point><altitudeMode>relativeToGround</altitudeMode><coordinates>-122.268574,37.869486,119.0</coordinates></Point></Placemark>
  <Placemark><styleUrl>#poly2</styleUrl><description><![CDATA[<b>1974 SHATTUCK Ave</b><br/><b>Units:</b> 599<br/><b>VLI Units:</b> 58<br/><b>Stories:</b> 28<br/><b>Height:</b> 98.0m<br/><b>Status:</b> Entitled]]></description><Polygon>
				<extrude>1</extrude>
				<altitudeMode>relativeToGround</altitudeMode>
				<outerBoundaryIs>
					<LinearRing>
						<coordinates>
							-122.2686719879186,37.87287267616308,98.00000000000001 -122.2690361350241,37.87285390297354,98.00000000000001 -122.268933950456,37.87244611934,98.00000000000001 -122.2690904526609,37.87241886123353,98.00000000000001 -122.2690461495803,37.87222041507879,98.00000000000001 -122.2686003850768,37.87228944554767,98.00000000000001 -122.2686719879186,37.87287267616308,98.00000000000001 
						</coordinates>
					</LinearRing>
				</outerBoundaryIs>
			</Polygon></Placemark>
  <Placemark><name>1974 Shattuck Ave · 599u</name><styleUrl>#lab2</styleUrl><Region><LatLonAltBox><west>-122.269090</west><east>-122.268600</east><south>37.872220</south><north>37.872873</north></LatLonAltBox><Lod><minLodPixels>700</minLodPixels><maxLodPixels>-1</maxLodPixels></Lod></Region><Point><altitudeMode>relativeToGround</altitudeMode><coordinates>-122.268864,37.872568,98.00000000000001</coordinates></Point></Placemark>
  <Placemark><styleUrl>#poly2</styleUrl><description><![CDATA[<b>2128 Oxford St</b><br/><b>Units:</b> 485<br/><b>VLI Units:</b> 47<br/><b>Stories:</b> 26<br/><b>Height:</b> 91.0m<br/><b>Status:</b> Entitled]]></description><Polygon>
				<extrude>1</extrude>
				<altitudeMode>relativeToGround</altitudeMode>
				<outerBoundaryIs>
					<LinearRing>
						<coordinates>
							-122.2659642026801,37.8701123031143,91 -122.2660190342187,37.8705062262155,91 -122.2664129573199,37.8704182368857,91 -122.2663581257813,37.87002431378449,91 -122.2659642026801,37.8701123031143,91 
						</coordinates>
					</LinearRing>
				</outerBoundaryIs>
			</Polygon></Placemark>
  <Placemark><name>2128 Oxford St · 485u</name><styleUrl>#lab2</styleUrl><Region><LatLonAltBox><west>-122.266413</west><east>-122.265964</east><south>37.870024</south><north>37.870506</north></LatLonAltBox><Lod><minLodPixels>700</minLodPixels><maxLodPixels>-1</maxLodPixels></Lod></Region><Point><altitudeMode>relativeToGround</altitudeMode><coordinates>-122.266144,37.870235,91.0</coordinates></Point></Placemark>
  <Placemark><styleUrl>#poly2</styleUrl><description><![CDATA[<b>2400 BOWDITCH St</b><br/><b>Units:</b> 750<br/><b>VLI Units:</b> 0<br/><b>Stories:</b> 26<br/><b>Height:</b> 85.3m<br/><b>Status:</b> Pre-Application<br/><b style='color:purple'>UC Berkeley Project</b>]]></description><Polygon>
				<extrude>1</extrude>
				<altitudeMode>relativeToGround</altitudeMode>
				<outerBoundaryIs>
					<LinearRing>
						<coordinates>
							-122.2566233632381,37.86710234487586,85.3 -122.2573632984431,37.8670059833901,85.3 -122.2573330308715,37.86677749095411,85.3 -122.2565868987249,37.86687086212635,85.3 -122.2566233632381,37.86710234487586,85.3 
						</coordinates>
					</LinearRing>
				</outerBoundaryIs>
			</Polygon></Placemark>
  <Placemark><name>2400 Bowditch St · 750u</name><styleUrl>#lab2</styleUrl><Region><LatLonAltBox><west>-122.257363</west><east>-122.256587</east><south>37.866777</south><north>37.867102</north></LatLonAltBox><Lod><minLodPixels>700</minLodPixels><maxLodPixels>-1</maxLodPixels></Lod></Region><Point><altitudeMode>relativeToGround</altitudeMode><coordinates>-122.256906,37.866972,85.3</coordinates></Point></Placemark>
  <Placemark><styleUrl>#poly2</styleUrl><description><![CDATA[<b>2200 BANCROFT Way</b><br/><b>Units:</b> 550- 1,650 students <br/><b>VLI Units:</b> 0<br/><b>Stories:</b> 23<br/><b>Height:</b> 77.1m<br/><b>Status:</b> Under Construction<br/><b style='color:purple'>UC Berkeley Project</b>]]></description><Polygon>
				<extrude>1</extrude>
				<altitudeMode>relativeToGround</altitudeMode>
				<outerBoundaryIs>
					<LinearRing>
						<coordinates>
							-122.2653175656431,37.86760604584239,79.5 -122.265364775851,37.86782808374297,79.5 -122.2658107301884,37.86777400642833,79.5 -122.2657766348327,37.86756271820855,79.5 -122.2653175656431,37.86760604584239,79.5 
						</coordinates>
					</LinearRing>
				</outerBoundaryIs>
			</Polygon></Placemark>
  <Placemark><name>2200 Bancroft Way · 550u</name><styleUrl>#lab2</styleUrl><Region><LatLonAltBox><west>-122.265811</west><east>-122.265318</east><south>37.867563</south><north>37.867828</north></LatLonAltBox><Lod><minLodPixels>700</minLodPixels><maxLodPixels>-1</maxLodPixels></Lod></Region><Point><altitudeMode>relativeToGround</altitudeMode><coordinates>-122.265517,37.867675,79.5</coordinates></Point></Placemark>
  <Placemark><styleUrl>#poly2</styleUrl><description><![CDATA[<b>2029 UNIVERSITY Ave</b><br/><b>Units:</b> 240<br/><b>VLI Units:</b> 0<br/><b>Stories:</b> 23<br/><b>Height:</b> 78.0m<br/><b>Status:</b> Entitled]]></description><Polygon>
				<extrude>1</extrude>
				<altitudeMode>relativeToGround</altitudeMode>
				<outerBoundaryIs>
					<LinearRing>
						<coordinates>
							-122.2696446143454,37.87213473114895,78 -122.2699970338518,37.87209237054999,78 -122.270058002845,37.87239703808411,78 -122.2697073799234,37.87244212108648,78 -122.2696446143454,37.87213473114895,78 
						</coordinates>
					</LinearRing>
				</outerBoundaryIs>
			</Polygon></Placemark>
  <Placemark><name>2029 University Ave · 240u</name><styleUrl>#lab2</styleUrl><Region><LatLonAltBox><west>-122.270058</west><east>-122.269645</east><south>37.872092</south><north>37.872442</north></LatLonAltBox><Lod><minLodPixels>700</minLodPixels><maxLodPixels>-1</maxLodPixels></Lod></Region><Point><altitudeMode>relativeToGround</altitudeMode><coordinates>-122.269810,37.872240,78.0</coordinates></Point></Placemark>
  <Placemark><styleUrl>#poly2</styleUrl><description><![CDATA[<b>2276 SHATTUCK Ave</b><br/><b>Units:</b> 336<br/><b>VLI Units:</b> 0<br/><b>Stories:</b> 18<br/><b>Height:</b> 63.0m<br/><b>Status:</b> In Review]]></description><Polygon>
				<extrude>1</extrude>
				<altitudeMode>relativeToGround</altitudeMode>
				<outerBoundaryIs>
					<LinearRing>
						<coordinates>
							-122.2683982098763,37.86760063152184,63 -122.268447246836,37.86784023737008,63 -122.2680844913283,37.86788481305854,63 -122.2680598123012,37.86764895194761,63 -122.2683982098763,37.86760063152184,63 
						</coordinates>
					</LinearRing>
				</outerBoundaryIs>
			</Polygon></Placemark>
  <Placemark><name>2276 Shattuck Ave · 336u</name><styleUrl>#lab2</styleUrl><Region><LatLonAltBox><west>-122.268447</west><east>-122.268060</east><south>37.867601</south><north>37.867885</north></LatLonAltBox><Lod><minLodPixels>700</minLodPixels><maxLodPixels>-1</maxLodPixels></Lod></Region><Point><altitudeMode>relativeToGround</altitudeMode><coordinates>-122.268278,37.867715,63.0</coordinates></Point></Placemark>
  <Placemark><styleUrl>#poly2</styleUrl><description><![CDATA[<b>2425 DURANT Ave</b><br/><b>Units:</b> 117<br/><b>VLI Units:</b> 0<br/><b>Stories:</b> 20<br/><b>Height:</b> 61.0m<br/><b>Status:</b> Decision Pending]]></description><Polygon>
				<extrude>1</extrude>
				<altitudeMode>relativeToGround</altitudeMode>
				<outerBoundaryIs>
					<LinearRing>
						<coordinates>
							-122.2599930122489,37.86779779616973,61 -122.2602413878907,37.8677653188486,61 -122.260317962351,37.86811738479477,61 -122.2602404724875,37.86812751695053,61 -122.260079871174,37.868148517285,61 -122.2599930122489,37.86779779616973,61 
						</coordinates>
					</LinearRing>
				</outerBoundaryIs>
			</Polygon></Placemark>
  <Placemark><name>2425 Durant Ave · 117u</name><styleUrl>#lab2</styleUrl><Region><LatLonAltBox><west>-122.260318</west><east>-122.259993</east><south>37.867765</south><north>37.868149</north></LatLonAltBox><Lod><minLodPixels>700</minLodPixels><maxLodPixels>-1</maxLodPixels></Lod></Region><Point><altitudeMode>relativeToGround</altitudeMode><coordinates>-122.260144,37.867959,61.0</coordinates></Point></Placemark>
  <Placemark><styleUrl>#poly2</styleUrl><description><![CDATA[<b>2274 SHATTUCK Ave</b><br/><b>Units:</b> 299<br/><b>VLI Units:</b> 0<br/><b>Stories:</b> 17<br/><b>Height:</b> 59.5m<br/><b>Status:</b> Entitled]]></description><Polygon>
				<extrude>1</extrude>
				<altitudeMode>relativeToGround</altitudeMode>
				<outerBoundaryIs>
					<LinearRing>
						<coordinates>
							-122.2684171238047,37.86795742455347,59.5 -122.2684332273109,37.86805124906881,59.5 -122.268859822865,37.86799611537222,59.5 -122.2687902514216,37.86754875692188,59.5 -122.2683982098763,37.86760063152184,59.5 -122.268447246836,37.86784023737008,59.5 -122.2680844913283,37.86788481305854,59.5 -122.2680941057001,37.86799728196314,59.5 -122.2684171238047,37.86795742455347,59.5 
						</coordinates>
					</LinearRing>
				</outerBoundaryIs>
			</Polygon></Placemark>
  <Placemark><name>2274 Shattuck Ave · 299u</name><styleUrl>#lab2</styleUrl><Region><LatLonAltBox><west>-122.268860</west><east>-122.268084</east><south>37.867549</south><north>37.868051</north></LatLonAltBox><Lod><minLodPixels>700</minLodPixels><maxLodPixels>-1</maxLodPixels></Lod></Region><Point><altitudeMode>relativeToGround</altitudeMode><coordinates>-122.268438,37.867870,59.5</coordinates></Point></Placemark>
  <Placemark><styleUrl>#poly2</styleUrl><description><![CDATA[<b>2420 SHATTUCK Ave</b><br/><b>Units:</b> 132<br/><b>VLI Units:</b> 0<br/><b>Stories:</b> 17<br/><b>Height:</b> 59.5m<br/><b>Status:</b> In Review]]></description><Polygon>
				<extrude>1</extrude>
				<altitudeMode>relativeToGround</altitudeMode>
				<outerBoundaryIs>
					<LinearRing>
						<coordinates>
							-122.2678165376415,37.86536521967802,59.5 -122.2682069442377,37.8653181731219,59.5 -122.2681855131924,37.86521823350147,59.5 -122.2677970130208,37.86527212454276,59.5 -122.2678165376415,37.86536521967802,59.5 
						</coordinates>
					</LinearRing>
				</outerBoundaryIs>
			</Polygon></Placemark>
  <Placemark><name>2420 Shattuck Ave · 132u</name><styleUrl>#lab2</styleUrl><Region><LatLonAltBox><west>-122.268207</west><east>-122.267797</east><south>37.865218</south><north>37.865365</north></LatLonAltBox><Lod><minLodPixels>700</minLodPixels><maxLodPixels>-1</maxLodPixels></Lod></Region><Point><altitudeMode>relativeToGround</altitudeMode><coordinates>-122.267965,37.865308,59.5</coordinates></Point></Placemark>
  <Placemark><styleUrl>#poly2</styleUrl><description><![CDATA[<b>2700 SHATTUCK Ave</b><br/><b>Units:</b> 359<br/><b>VLI Units:</b> 0<br/><b>Stories:</b> 15<br/><b>Height:</b> 52.5m<br/><b>Status:</b> In Review<br/><i>(height estimated from units)</i>]]></description><Polygon>
				<extrude>1</extrude>
				<altitudeMode>relativeToGround</altitudeMode>
				<outerBoundaryIs>
					<LinearRing>
						<coordinates>
							-122.267680748208,37.85944794042214,52.5 -122.2673869775315,37.86020494680588,52.5 -122.2683547317199,37.86011365909602,52.5 -122.2682233195961,37.85939767351398,52.5 -122.267680748208,37.85944794042214,52.5 
						</coordinates>
					</LinearRing>
				</outerBoundaryIs>
			</Polygon></Placemark>
  <Placemark><name>2700 Shattuck Ave · 359u</name><styleUrl>#lab2</styleUrl><Region><LatLonAltBox><west>-122.268355</west><east>-122.267387</east><south>37.859398</south><north>37.860205</north></LatLonAltBox><Lod><minLodPixels>700</minLodPixels><maxLodPixels>-1</maxLodPixels></Lod></Region><Point><altitudeMode>relativeToGround</altitudeMode><coordinates>-122.267865,37.859722,52.5</coordinates></Point></Placemark>
  <Placemark><styleUrl>#poly2</styleUrl><description><![CDATA[<b>1914 FIFTH St</b><br/><b>Units:</b> 257<br/><b>VLI Units:</b> 26<br/><b>Stories:</b> 15<br/><b>Height:</b> 52.5m<br/><b>Status:</b> In Review<br/><i>(height estimated from units)</i>]]></description><Polygon>
				<extrude>1</extrude>
				<altitudeMode>relativeToGround</altitudeMode>
				<outerBoundaryIs>
					<LinearRing>
						<coordinates>
							-122.2990715463606,37.86807704770219,52.5 -122.2991263778993,37.86847097080339,52.5 -122.2995203010005,37.86838298147359,52.5 -122.2994654694618,37.86798905837238,52.5 -122.2990715463606,37.86807704770219,52.5 
						</coordinates>
					</LinearRing>
				</outerBoundaryIs>
			</Polygon></Placemark>
  <Placemark><name>1914 Fifth St · 257u</name><styleUrl>#lab2</styleUrl><Region><LatLonAltBox><west>-122.299520</west><east>-122.299072</east><south>37.867989</south><north>37.868471</north></LatLonAltBox><Lod><minLodPixels>700</minLodPixels><maxLodPixels>-1</maxLodPixels></Lod></Region><Point><altitudeMode>relativeToGround</altitudeMode><coordinates>-122.299251,37.868199,52.5</coordinates></Point></Placemark>
  <Placemark><styleUrl>#poly2</styleUrl><description><![CDATA[<b>2100 MILVIA St</b><br/><b>Units:</b> 205<br/><b>VLI Units:</b> 0<br/><b>Stories:</b> 15<br/><b>Height:</b> 52.5m<br/><b>Status:</b> Entitled<br/><i>(height estimated from units)</i>]]></description><Polygon>
				<extrude>1</extrude>
				<altitudeMode>relativeToGround</altitudeMode>
				<outerBoundaryIs>
					<LinearRing>
						<coordinates>
							-122.2708281246631,37.87072978696136,52.5 -122.2716323525428,37.87063269552003,52.5 -122.2715631856695,37.87031858327006,52.5 -122.2707711014678,37.87041377395948,52.5 -122.2708281246631,37.87072978696136,52.5 
						</coordinates>
					</LinearRing>
				</outerBoundaryIs>
			</Polygon></Placemark>
  <Placemark><name>2100 Milvia St · 205u</name><styleUrl>#lab2</styleUrl><Region><LatLonAltBox><west>-122.271632</west><east>-122.270771</east><south>37.870319</south><north>37.870730</north></LatLonAltBox><Lod><minLodPixels>700</minLodPixels><maxLodPixels>-1</maxLodPixels></Lod></Region><Point><altitudeMode>relativeToGround</altitudeMode><coordinates>-122.271125,37.870565,52.5</coordinates></Point></Placemark>
  <Placemark><styleUrl>#poly2</styleUrl><description><![CDATA[<b>2109 MILVIA St</b><br/><b>Units:</b> 105<br/><b>VLI Units:</b> 0<br/><b>Stories:</b> 14<br/><b>Height:</b> 49.0m<br/><b>Status:</b> In Review]]></description><Polygon>
				<extrude>1</extrude>
				<altitudeMode>relativeToGround</altitudeMode>
				<outerBoundaryIs>
					<LinearRing>
						<coordinates>
							-122.2702591167687,37.87071533196789,49.00000000000001 -122.2705423846401,37.87067882035553,49.00000000000001 -122.2705179068313,37.87045188837567,49.00000000000001 -122.2702190792161,37.87048932915641,49.00000000000001 -122.2702591167687,37.87071533196789,49.00000000000001 
						</coordinates>
					</LinearRing>
				</outerBoundaryIs>
			</Polygon></Placemark>
  <Placemark><name>2109 Milvia St · 105u</name><styleUrl>#lab2</styleUrl><Region><LatLonAltBox><west>-122.270542</west><east>-122.270219</east><south>37.870452</south><north>37.870715</north></LatLonAltBox><Lod><minLodPixels>700</minLodPixels><maxLodPixels>-1</maxLodPixels></Lod></Region><Point><altitudeMode>relativeToGround</altitudeMode><coordinates>-122.270360,37.870610,49.00000000000001</coordinates></Point></Placemark>
  <Placemark><styleUrl>#poly2</styleUrl><description><![CDATA[<b>1581 UNIVERSITY Ave</b><br/><b>Units:</b> 158<br/><b>VLI Units:</b> 0<br/><b>Stories:</b> 7<br/><b>Height:</b> 48.2m<br/><b>Status:</b> In Review]]></description><Polygon>
				<extrude>1</extrude>
				<altitudeMode>relativeToGround</altitudeMode>
				<outerBoundaryIs>
					<LinearRing>
						<coordinates>
							-122.2805894567276,37.8710657758446,48.2 -122.2807709141232,37.87104654865218,48.2 -122.2807333472347,37.87070857703476,48.2 -122.2805519962551,37.87073191111111,48.2 -122.2805894567276,37.8710657758446,48.2 
						</coordinates>
					</LinearRing>
				</outerBoundaryIs>
			</Polygon></Placemark>
  <Placemark><name>1581 University Ave · 158u</name><styleUrl>#lab2</styleUrl><Region><LatLonAltBox><west>-122.280771</west><east>-122.280552</east><south>37.870709</south><north>37.871066</north></LatLonAltBox><Lod><minLodPixels>700</minLodPixels><maxLodPixels>-1</maxLodPixels></Lod></Region><Point><altitudeMode>relativeToGround</altitudeMode><coordinates>-122.280647,37.870924,48.2</coordinates></Point></Placemark>
  <Placemark><styleUrl>#poly2</styleUrl><description><![CDATA[<b>1950 OXFORD St</b><br/><b>Units:</b> 300<br/><b>VLI Units:</b> 0<br/><b>Stories:</b> 14<br/><b>Height:</b> 46.9m<br/><b>Status:</b> Completed<br/><b style='color:purple'>UC Berkeley Project</b>]]></description><Polygon>
				<extrude>1</extrude>
				<altitudeMode>relativeToGround</altitudeMode>
				<outerBoundaryIs>
					<LinearRing>
						<coordinates>
							-122.2662788617576,37.87257208642357,46.9 -122.2663591304847,37.87326413434535,46.9 -122.2669785623539,37.87317763211071,46.9 -122.2668518356796,37.87249463942324,46.9 -122.2662788617576,37.87257208642357,46.9 
						</coordinates>
					</LinearRing>
				</outerBoundaryIs>
			</Polygon></Placemark>
  <Placemark><name>1950 Oxford St · 772u</name><styleUrl>#lab2</styleUrl><Region><LatLonAltBox><west>-122.266979</west><east>-122.266279</east><south>37.872495</south><north>37.873264</north></LatLonAltBox><Lod><minLodPixels>700</minLodPixels><maxLodPixels>-1</maxLodPixels></Lod></Region><Point><altitudeMode>relativeToGround</altitudeMode><coordinates>-122.266549,37.872816,46.9</coordinates></Point></Placemark>
  <Placemark><styleUrl>#poly2</styleUrl><description>Anna Head School: 14 stories, wing of project 171. UC Project.</description><Polygon>
				<extrude>1</extrude>
				<tessellate>1</tessellate>
				<altitudeMode>relativeToGround</altitudeMode>
				<outerBoundaryIs>
					<LinearRing>
						<coordinates>
							-122.2565388133437,37.86641537905257,45 -122.2566143664062,37.86686889207091,45 -122.2570428011614,37.86681972901643,45 -122.2569620688213,37.8663598945324,45 -122.2565388133437,37.86641537905257,45 
						</coordinates>
					</LinearRing>
				</outerBoundaryIs>
			</Polygon></Placemark>
  <Placemark><name>2400 Bowditch St · 750u</name><styleUrl>#lab2</styleUrl><Region><LatLonAltBox><west>-122.257043</west><east>-122.256539</east><south>37.866360</south><north>37.866869</north></LatLonAltBox><Lod><minLodPixels>700</minLodPixels><maxLodPixels>-1</maxLodPixels></Lod></Region><Point><altitudeMode>relativeToGround</altitudeMode><coordinates>-122.256739,37.866576,45.0</coordinates></Point></Placemark>
  <Placemark><styleUrl>#poly2</styleUrl><description><![CDATA[<b>2530 BANCROFT Way</b><br/><b>Units:</b> 110<br/><b>VLI Units:</b> 11<br/><b>Stories:</b> 12<br/><b>Height:</b> 42.0m<br/><b>Status:</b> Entitled]]></description><Polygon>
				<extrude>1</extrude>
				<altitudeMode>relativeToGround</altitudeMode>
				<outerBoundaryIs>
					<LinearRing>
						<coordinates>
							-122.2580776947641,37.86875462148472,42 -122.2584887617401,37.86870179976934,42 -122.2584177952901,37.86833891196952,42 -122.2580067530384,37.86839309275174,42 -122.2580776947641,37.86875462148472,42 
						</coordinates>
					</LinearRing>
				</outerBoundaryIs>
			</Polygon></Placemark>
  <Placemark><name>2530 Bancroft Way · 110u</name><styleUrl>#lab2</styleUrl><Region><LatLonAltBox><west>-122.258489</west><east>-122.258007</east><south>37.868339</south><north>37.868755</north></LatLonAltBox><Lod><minLodPixels>700</minLodPixels><maxLodPixels>-1</maxLodPixels></Lod></Region><Point><altitudeMode>relativeToGround</altitudeMode><coordinates>-122.258214,37.868589,42.0</coordinates></Point></Placemark>
  <Placemark><styleUrl>#poly2</styleUrl><description><![CDATA[<b>2847 SHATTUCK Ave</b><br/><b>Units:</b> 132<br/><b>VLI Units:</b> 0<br/><b>Stories:</b> 9<br/><b>Height:</b> 41.5m<br/><b>Status:</b> Application Submitted]]></description><Polygon>
				<extrude>1</extrude>
				<altitudeMode>relativeToGround</altitudeMode>
				<outerBoundaryIs>
					<LinearRing>
						<coordinates>
							-122.2661647243872,37.85688865891305,41.5 -122.266605074179,37.85683125014626,41.5 -122.2666334727546,37.85707803266258,41.5 -122.2662155177865,37.85713030221503,41.5 -122.2661647243872,37.85688865891305,41.5 
						</coordinates>
					</LinearRing>
				</outerBoundaryIs>
			</Polygon></Placemark>
  <Placemark><name>2847 Shattuck Ave · 132u</name><styleUrl>#lab2</styleUrl><Region><LatLonAltBox><west>-122.266633</west><east>-122.266165</east><south>37.856831</south><north>37.857130</north></LatLonAltBox><Lod><minLodPixels>700</minLodPixels><maxLodPixels>-1</maxLodPixels></Lod></Region><Point><altitudeMode>relativeToGround</altitudeMode><coordinates>-122.266357,37.856963,41.5</coordinates></Point></Placemark>
  <Placemark><styleUrl>#poly2</styleUrl><description><![CDATA[<b>2556 HASTE St</b><br/><b>Units:</b> 556<br/><b>VLI Units:</b> 0<br/><b>Stories:</b> 12<br/><b>Height:</b> 40.2m<br/><b>Status:</b> Under Construction<br/><b style='color:purple'>UC Berkeley Project</b>]]></description><Polygon>
				<extrude>1</extrude>
				<altitudeMode>relativeToGround</altitudeMode>
				<outerBoundaryIs>
					<LinearRing>
						<coordinates>
							-122.2579227894452,37.86604409712099,40.2 -122.2578919739725,37.86583391331153,40.2 -122.2563916751489,37.86602584741103,40.2 -122.2564219708596,37.86623851100116,40.2 -122.2579227894452,37.86604409712099,40.2 
						</coordinates>
					</LinearRing>
				</outerBoundaryIs>
			</Polygon></Placemark>
  <Placemark><name>2556 Haste St · 556u</name><styleUrl>#lab2</styleUrl><Region><LatLonAltBox><west>-122.257923</west><east>-122.256392</east><south>37.865834</south><north>37.866239</north></LatLonAltBox><Lod><minLodPixels>700</minLodPixels><maxLodPixels>-1</maxLodPixels></Lod></Region><Point><altitudeMode>relativeToGround</altitudeMode><coordinates>-122.257310,37.866037,40.2</coordinates></Point></Placemark>
  <Placemark><styleUrl>#poly2</styleUrl><Polygon>
				<extrude>1</extrude>
				<tessellate>1</tessellate>
				<altitudeMode>relativeToGround</altitudeMode>
				<outerBoundaryIs>
					<LinearRing>
						<coordinates>
							-122.267020314943,37.87168720370968,39.99999999999999 -122.2669531966398,37.87144851995421,39.99999999999999 -122.2662075480891,37.87153993096269,39.99999999999999 -122.2662398762645,37.87177359632058,39.99999999999999 -122.267020314943,37.87168720370968,39.99999999999999 
						</coordinates>
					</LinearRing>
				</outerBoundaryIs>
			</Polygon></Placemark>
  <Placemark><name>Innovation Zone - South</name><styleUrl>#lab2</styleUrl><Region><LatLonAltBox><west>-122.267020</west><east>-122.266208</east><south>37.871449</south><north>37.871774</north></LatLonAltBox><Lod><minLodPixels>700</minLodPixels><maxLodPixels>-1</maxLodPixels></Lod></Region><Point><altitudeMode>relativeToGround</altitudeMode><coordinates>-122.266688,37.871627,39.99999999999999</coordinates></Point></Placemark>
  <Placemark><styleUrl>#poly2</styleUrl><Polygon>
				<extrude>1</extrude>
				<tessellate>1</tessellate>
				<altitudeMode>relativeToGround</altitudeMode>
				<outerBoundaryIs>
					<LinearRing>
						<coordinates>
							-122.267328443652,37.87176960562297,37.1 -122.2662399593354,37.87190347733946,37.1 -122.2662911006978,37.87228017099693,37.1 -122.267413621036,37.87215179581181,37.1 -122.267328443652,37.87176960562297,37.1 
						</coordinates>
					</LinearRing>
				</outerBoundaryIs>
			</Polygon></Placemark>
  <Placemark><name>Innovation Zone - North - Bakar</name><styleUrl>#lab2</styleUrl><Region><LatLonAltBox><west>-122.267414</west><east>-122.266240</east><south>37.871770</south><north>37.872280</north></LatLonAltBox><Lod><minLodPixels>700</minLodPixels><maxLodPixels>-1</maxLodPixels></Lod></Region><Point><altitudeMode>relativeToGround</altitudeMode><coordinates>-122.266920,37.871975,37.1</coordinates></Point></Placemark>
  <Placemark><styleUrl>#poly2</styleUrl><Polygon>
				<extrude>1</extrude>
				<tessellate>1</tessellate>
				<altitudeMode>relativeToGround</altitudeMode>
				<outerBoundaryIs>
					<LinearRing>
						<coordinates>
							-122.2652188789822,37.86713632381449,36 -122.265322355842,37.86759924427003,36 -122.2655875132185,37.86757898617641,36 -122.265485521121,37.86709284588049,36 -122.2652188789822,37.86713632381449,36 
						</coordinates>
					</LinearRing>
				</outerBoundaryIs>
			</Polygon></Placemark>
  <Placemark><name>2200 Bancroft Way · 550u</name><styleUrl>#lab2</styleUrl><Region><LatLonAltBox><west>-122.265588</west><east>-122.265219</east><south>37.867093</south><north>37.867599</north></LatLonAltBox><Lod><minLodPixels>700</minLodPixels><maxLodPixels>-1</maxLodPixels></Lod></Region><Point><altitudeMode>relativeToGround</altitudeMode><coordinates>-122.265367,37.867309,36.0</coordinates></Point></Placemark>
  <Placemark><styleUrl>#poly2</styleUrl><description><![CDATA[<b>2720 SAN PABLO Ave</b><br/><b>Units:</b> 113<br/><b>VLI Units:</b> 9<br/><b>Stories:</b> 10<br/><b>Height:</b> 35.7m<br/><b>Status:</b> In Review<br/><i>(height estimated from units)</i>]]></description><Polygon>
				<extrude>1</extrude>
				<altitudeMode>relativeToGround</altitudeMode>
				<outerBoundaryIs>
					<LinearRing>
						<coordinates>
							-122.2885780863559,37.85748227996431,35.7 -122.2884939590864,37.85723140912825,35.7 -122.2888240747898,37.85714287019837,35.7 -122.2889069621622,37.85739819292412,35.7 -122.2885780863559,37.85748227996431,35.7 
						</coordinates>
					</LinearRing>
				</outerBoundaryIs>
			</Polygon></Placemark>
  <Placemark><name>2720 San Pablo Ave · 113u</name><styleUrl>#lab2</styleUrl><Region><LatLonAltBox><west>-122.288907</west><east>-122.288494</east><south>37.857143</south><north>37.857482</north></LatLonAltBox><Lod><minLodPixels>700</minLodPixels><maxLodPixels>-1</maxLodPixels></Lod></Region><Point><altitudeMode>relativeToGround</altitudeMode><coordinates>-122.288676,37.857347,35.7</coordinates></Point></Placemark>
  <Placemark><styleUrl>#poly2</styleUrl><description><![CDATA[<b>2920 SHATTUCK Ave</b><br/><b>Units:</b> 221<br/><b>VLI Units:</b> 0<br/><b>Stories:</b> 10<br/><b>Height:</b> 35.0m<br/><b>Status:</b> In Review]]></description><Polygon>
				<extrude>1</extrude>
				<altitudeMode>relativeToGround</altitudeMode>
				<outerBoundaryIs>
					<LinearRing>
						<coordinates>
							-122.2668101898525,37.85664346318044,35 -122.2671503285829,37.85659716677563,35 -122.2670804732323,37.85606396466496,35 -122.2667401480044,37.85610270868192,35 -122.2668101898525,37.85664346318044,35 
						</coordinates>
					</LinearRing>
				</outerBoundaryIs>
			</Polygon></Placemark>
  <Placemark><name>2920 Shattuck Ave · 242u</name><styleUrl>#lab2</styleUrl><Region><LatLonAltBox><west>-122.267150</west><east>-122.266740</east><south>37.856064</south><north>37.856643</north></LatLonAltBox><Lod><minLodPixels>700</minLodPixels><maxLodPixels>-1</maxLodPixels></Lod></Region><Point><altitudeMode>relativeToGround</altitudeMode><coordinates>-122.266918,37.856410,35.0</coordinates></Point></Placemark>
  <Placemark><styleUrl>#poly2</styleUrl><description><![CDATA[<b>2115 KITTREDGE St</b><br/><b>Units:</b> 148<br/><b>VLI Units:</b> 12<br/><b>Stories:</b> 10<br/><b>Height:</b> 35.0m<br/><b>Status:</b> Application Submitted<br/><i>(height estimated from units)</i>]]></description><Polygon>
				<extrude>1</extrude>
				<altitudeMode>relativeToGround</altitudeMode>
				<outerBoundaryIs>
					<LinearRing>
						<coordinates>
							-122.2670609146114,37.86906617236289,35 -122.2670613695589,37.86906856542085,35 -122.2674012789835,37.86902191388783,35 -122.2673319752963,37.86865831159945,35 -122.2669917162857,37.86870185491377,35 -122.2670609146114,37.86906617236289,35 
						</coordinates>
					</LinearRing>
				</outerBoundaryIs>
			</Polygon></Placemark>
  <Placemark><name>2115 Kittredge St · 148u</name><styleUrl>#lab2</styleUrl><Region><LatLonAltBox><west>-122.267401</west><east>-122.266992</east><south>37.868658</south><north>37.869069</north></LatLonAltBox><Lod><minLodPixels>700</minLodPixels><maxLodPixels>-1</maxLodPixels></Lod></Region><Point><altitudeMode>relativeToGround</altitudeMode><coordinates>-122.267151,37.868930,35.0</coordinates></Point></Placemark>
  <Placemark><styleUrl>#poly2</styleUrl><description><![CDATA[<b>3030 TELEGRAPH Ave</b><br/><b>Units:</b> 144<br/><b>VLI Units:</b> 0<br/><b>Stories:</b> 10<br/><b>Height:</b> 35.0m<br/><b>Status:</b> Under Construction<br/><i>(height estimated from units)</i>]]></description><Polygon>
				<extrude>1</extrude>
				<altitudeMode>relativeToGround</altitudeMode>
				<outerBoundaryIs>
					<LinearRing>
						<coordinates>
							-122.2600814742233,37.85463378766737,35 -122.2606219949361,37.85456460900806,35 -122.2606337528822,37.85462211326826,35 -122.2606396300726,37.85465155667876,35 -122.2606102730937,37.85465473957257,35 -122.2606240064243,37.85472251115566,35 -122.2606807891471,37.85499840756434,35 -122.2600193371512,37.85508106339045,35 -122.2600756468561,37.85463452255627,35 -122.2600814742233,37.85463378766737,35 
						</coordinates>
					</LinearRing>
				</outerBoundaryIs>
			</Polygon></Placemark>
  <Placemark><name>3030 Telegraph Ave · 144u</name><styleUrl>#lab2</styleUrl><Region><LatLonAltBox><west>-122.260681</west><east>-122.260019</east><south>37.854565</south><north>37.855081</north></LatLonAltBox><Lod><minLodPixels>700</minLodPixels><maxLodPixels>-1</maxLodPixels></Lod></Region><Point><altitudeMode>relativeToGround</altitudeMode><coordinates>-122.260407,37.854720,35.0</coordinates></Point></Placemark>
  <Placemark><styleUrl>#poly2</styleUrl><description><![CDATA[<b>1701- 1717 SAN PABLO Ave</b><br/><b>Units:</b> 110<br/><b>VLI Units:</b> 110<br/><b>Stories:</b> 10<br/><b>Height:</b> 35.0m<br/><b>Status:</b> Under Construction<br/><i>(height estimated from units)</i>]]></description><Polygon>
				<extrude>1</extrude>
				<altitudeMode>relativeToGround</altitudeMode>
				<outerBoundaryIs>
					<LinearRing>
						<coordinates>
							-122.293343837942,37.87337176305611,35 -122.293122874638,37.87268684640154,35 -122.2925053248902,37.87280945527666,35 -122.2927141179213,37.87350122265381,35 -122.293343837942,37.87337176305611,35 
						</coordinates>
					</LinearRing>
				</outerBoundaryIs>
			</Polygon></Placemark>
  <Placemark><name>1717 SAN PABLO Ave</name><styleUrl>#lab2</styleUrl><Region><LatLonAltBox><west>-122.293344</west><east>-122.292505</east><south>37.872687</south><north>37.873501</north></LatLonAltBox><Lod><minLodPixels>700</minLodPixels><maxLodPixels>-1</maxLodPixels></Lod></Region><Point><altitudeMode>relativeToGround</altitudeMode><coordinates>-122.293006,37.873148,35.0</coordinates></Point></Placemark>
  <Placemark><styleUrl>#poly2</styleUrl><description><![CDATA[<b>2556 HASTE St</b><br/><b>Units:</b> 556<br/><b>VLI Units:</b> 0<br/><b>Stories:</b> 12<br/><b>Height:</b> 40.2m<br/><b>Status:</b> Under Construction<br/><b style='color:purple'>UC Berkeley Project</b>]]></description><Polygon>
				<extrude>1</extrude>
				<tessellate>1</tessellate>
				<altitudeMode>relativeToGround</altitudeMode>
				<outerBoundaryIs>
					<LinearRing>
						<coordinates>
							-122.2570177047192,37.86543481224203,35 -122.2566921511384,37.86548054947252,35 -122.2568052511388,37.86596617140792,35 -122.2571375202016,37.86591972442157,35 -122.2570177047192,37.86543481224203,35 
						</coordinates>
					</LinearRing>
				</outerBoundaryIs>
			</Polygon></Placemark>
  <Placemark><name>2556 Haste St · 556u</name><styleUrl>#lab2</styleUrl><Region><LatLonAltBox><west>-122.257138</west><east>-122.256692</east><south>37.865435</south><north>37.865966</north></LatLonAltBox><Lod><minLodPixels>700</minLodPixels><maxLodPixels>-1</maxLodPixels></Lod></Region><Point><altitudeMode>relativeToGround</altitudeMode><coordinates>-122.256934,37.865647,35.0</coordinates></Point></Placemark>
  <Placemark><styleUrl>#poly2</styleUrl><description><![CDATA[<b>3000 SHATTUCK Ave</b><br/><b>Units:</b> 166<br/><b>VLI Units:</b> 17<br/><b>Stories:</b> 10<br/><b>Height:</b> 34.7m<br/><b>Status:</b> In Review]]></description><Polygon>
				<extrude>1</extrude>
				<altitudeMode>relativeToGround</altitudeMode>
				<outerBoundaryIs>
					<LinearRing>
						<coordinates>
							-122.2665763553385,37.85489794582511,34.7 -122.2669337521718,37.85484932760576,34.7 -122.2669941194151,37.85512929108805,34.7 -122.2666142243859,37.85517892391511,34.7 -122.2665763553385,37.85489794582511,34.7 
						</coordinates>
					</LinearRing>
				</outerBoundaryIs>
			</Polygon></Placemark>
  <Placemark><name>3000 Shattuck Ave · 166u</name><styleUrl>#lab2</styleUrl><Region><LatLonAltBox><west>-122.266994</west><east>-122.266576</east><south>37.854849</south><north>37.855179</north></LatLonAltBox><Lod><minLodPixels>700</minLodPixels><maxLodPixels>-1</maxLodPixels></Lod></Region><Point><altitudeMode>relativeToGround</altitudeMode><coordinates>-122.266739,37.854991,34.7</coordinates></Point></Placemark>
  <Placemark><styleUrl>#poly2</styleUrl><description><![CDATA[<b>2001 CENTER St</b><br/><b>Units:</b> 58<br/><b>VLI Units:</b> 0<br/><b>Stories:</b> 7<br/><b>Height:</b> 30.5m<br/><b>Status:</b> In Review]]></description><Polygon>
				<extrude>1</extrude>
				<altitudeMode>relativeToGround</altitudeMode>
				<outerBoundaryIs>
					<LinearRing>
						<coordinates>
							-122.2701932595191,37.87013332471112,30.5 -122.2704817095208,37.87009671917422,30.5 -122.2705003654372,37.87029763446481,30.5 -122.270232667153,37.87033256428781,30.5 -122.2701932595191,37.87013332471112,30.5 
						</coordinates>
					</LinearRing>
				</outerBoundaryIs>
			</Polygon></Placemark>
  <Placemark><name>2001 Center St · 58u</name><styleUrl>#lab2</styleUrl><Region><LatLonAltBox><west>-122.270500</west><east>-122.270193</east><south>37.870097</south><north>37.870333</north></LatLonAltBox><Lod><minLodPixels>700</minLodPixels><maxLodPixels>-1</maxLodPixels></Lod></Region><Point><altitudeMode>relativeToGround</altitudeMode><coordinates>-122.270320,37.870199,30.5</coordinates></Point></Placemark>
  <Placemark><styleUrl>#poly2</styleUrl><description><![CDATA[Dharma University<br/> permitted for 10 stories. <br/>David Warner, builder.]]></description><Polygon>
				<extrude>1</extrude>
				<tessellate>1</tessellate>
				<altitudeMode>relativeToGround</altitudeMode>
				<outerBoundaryIs>
					<LinearRing>
						<coordinates>
							-122.269674191628,37.86864932665493,30 -122.2693289456677,37.86869576065031,30 -122.2693790205421,37.86888187897799,30 -122.2697097045671,37.86883158061335,30 -122.269674191628,37.86864932665493,30 
						</coordinates>
					</LinearRing>
				</outerBoundaryIs>
			</Polygon></Placemark>
  <Placemark><name>Dharma University</name><styleUrl>#lab2</styleUrl><Region><LatLonAltBox><west>-122.269710</west><east>-122.269329</east><south>37.868649</south><north>37.868882</north></LatLonAltBox><Lod><minLodPixels>700</minLodPixels><maxLodPixels>-1</maxLodPixels></Lod></Region><Point><altitudeMode>relativeToGround</altitudeMode><coordinates>-122.269553,37.868742,30.0</coordinates></Point></Placemark>
  <Placemark><styleUrl>#poly2</styleUrl><description><![CDATA[<b>1750 SACRAMENTO St</b><br/><b>Units:</b> 739<br/><b>VLI Units:</b> 0<br/><b>Stories:</b> 8<br/><b>Height:</b> 28.0m<br/><b>Status:</b> In Review]]></description><Polygon>
				<extrude>1</extrude>
				<altitudeMode>relativeToGround</altitudeMode>
				<outerBoundaryIs>
					<LinearRing>
						<coordinates>
							-122.2825388957474,37.873963734114,28 -122.2833232633541,37.87387017609439,28 -122.2834046755,37.87466276383535,28 -122.2826482839259,37.87476620333629,28 -122.2825388957474,37.873963734114,28 
						</coordinates>
					</LinearRing>
				</outerBoundaryIs>
			</Polygon></Placemark>
  <Placemark><name>1750 Sacramento St · 739u</name><styleUrl>#lab2</styleUrl><Region><LatLonAltBox><west>-122.283405</west><east>-122.282539</east><south>37.873870</south><north>37.874766</north></LatLonAltBox><Lod><minLodPixels>700</minLodPixels><maxLodPixels>-1</maxLodPixels></Lod></Region><Point><altitudeMode>relativeToGround</altitudeMode><coordinates>-122.282891,37.874245,28.0</coordinates></Point></Placemark>
  <Placemark><styleUrl>#poly2</styleUrl><description><![CDATA[<b>2352 Shattuck Ave</b><br/><b>Units:</b> 237<br/><b>VLI Units:</b> 0<br/><b>Stories:</b> 8<br/><b>Height:</b> 28.0m<br/><b>Status:</b> Completed]]></description><Polygon>
				<extrude>1</extrude>
				<altitudeMode>relativeToGround</altitudeMode>
				<outerBoundaryIs>
					<LinearRing>
						<coordinates>
							-122.2688508540084,37.86643097580077,28 -122.2687793861453,37.86607678065289,28 -122.268254174914,37.86614866046514,28 -122.2682233090281,37.86578981567123,28 -122.2678644887076,37.86583708031741,28 -122.2679469486661,37.86655004203782,28 -122.2688508540084,37.86643097580077,28 
						</coordinates>
					</LinearRing>
				</outerBoundaryIs>
			</Polygon></Placemark>
  <Placemark><name>2352 Shattuck Ave · 237u</name><styleUrl>#lab2</styleUrl><Region><LatLonAltBox><west>-122.268851</west><east>-122.267864</east><south>37.865790</south><north>37.866550</north></LatLonAltBox><Lod><minLodPixels>700</minLodPixels><maxLodPixels>-1</maxLodPixels></Lod></Region><Point><altitudeMode>relativeToGround</altitudeMode><coordinates>-122.268396,37.866181,28.0</coordinates></Point></Placemark>
  <Placemark><styleUrl>#poly2</styleUrl><description><![CDATA[<b>2601 SAN PABLO Ave</b><br/><b>Units:</b> 223<br/><b>VLI Units:</b> 0<br/><b>Stories:</b> 8<br/><b>Height:</b> 28.0m<br/><b>Status:</b> In Review]]></description><Polygon>
				<extrude>1</extrude>
				<altitudeMode>relativeToGround</altitudeMode>
				<outerBoundaryIs>
					<LinearRing>
						<coordinates>
							-122.2885402191163,37.85921677438314,28 -122.2887681300361,37.85918584168565,28 -122.2888131650484,37.85932937353871,28 -122.2885713930826,37.85936050647946,28 -122.2885402191163,37.85921677438314,28 
						</coordinates>
					</LinearRing>
				</outerBoundaryIs>
			</Polygon></Placemark>
  <Placemark><name>2601 San Pablo Ave · 223u</name><styleUrl>#lab2</styleUrl><Region><LatLonAltBox><west>-122.288813</west><east>-122.288540</east><south>37.859186</south><north>37.859361</north></LatLonAltBox><Lod><minLodPixels>700</minLodPixels><maxLodPixels>-1</maxLodPixels></Lod></Region><Point><altitudeMode>relativeToGround</altitudeMode><coordinates>-122.288647,37.859262,28.0</coordinates></Point></Placemark>
  <Placemark><styleUrl>#poly2</styleUrl><description><![CDATA[<b>1598 UNIVERSITY Ave</b><br/><b>Units:</b> 207<br/><b>VLI Units:</b> 21<br/><b>Stories:</b> 8<br/><b>Height:</b> 28.0m<br/><b>Status:</b> Under Construction]]></description><Polygon>
				<extrude>1</extrude>
				<altitudeMode>relativeToGround</altitudeMode>
				<outerBoundaryIs>
					<LinearRing>
						<coordinates>
							-122.279869924501,37.87053756755827,28 -122.2801860502678,37.87049916071911,28 -122.2801388179779,37.87011942971044,28 -122.2798278995951,37.87015845863151,28 -122.279869924501,37.87053756755827,28 
						</coordinates>
					</LinearRing>
				</outerBoundaryIs>
			</Polygon></Placemark>
  <Placemark><name>1598 University Ave · 207u</name><styleUrl>#lab2</styleUrl><Region><LatLonAltBox><west>-122.280186</west><east>-122.279828</east><south>37.870119</south><north>37.870538</north></LatLonAltBox><Lod><minLodPixels>700</minLodPixels><maxLodPixels>-1</maxLodPixels></Lod></Region><Point><altitudeMode>relativeToGround</altitudeMode><coordinates>-122.279979,37.870370,28.0</coordinates></Point></Placemark>
  <Placemark><styleUrl>#poly2</styleUrl><description><![CDATA[<b>2065 Kittredge St</b><br/><b>Units:</b> 189<br/><b>VLI Units:</b> 0<br/><b>Stories:</b> 8<br/><b>Height:</b> 28.0m<br/><b>Status:</b> Entitled]]></description><Polygon>
				<extrude>1</extrude>
				<altitudeMode>relativeToGround</altitudeMode>
				<outerBoundaryIs>
					<LinearRing>
						<coordinates>
							-122.2684704666583,37.86850112472327,28 -122.2685428704767,37.86883422983492,28 -122.2688417874279,37.86878848680792,28 -122.268922549586,37.86918411311285,28 -122.2691868580265,37.8691421151169,28 -122.2690361882526,37.86841784704875,28 -122.2684704666583,37.86850112472327,28 
						</coordinates>
					</LinearRing>
				</outerBoundaryIs>
			</Polygon></Placemark>
  <Placemark><name>2065 Kittredge St · 189u</name><styleUrl>#lab2</styleUrl><Region><LatLonAltBox><west>-122.269187</west><east>-122.268470</east><south>37.868418</south><north>37.869184</north></LatLonAltBox><Lod><minLodPixels>700</minLodPixels><maxLodPixels>-1</maxLodPixels></Lod></Region><Point><altitudeMode>relativeToGround</altitudeMode><coordinates>-122.268782,37.868767,28.0</coordinates></Point></Placemark>
  <Placemark><styleUrl>#poly2</styleUrl><description><![CDATA[<b>2538 DURANT Ave</b><br/><b>Units:</b> 83<br/><b>VLI Units:</b> 5<br/><b>Stories:</b> 8<br/><b>Height:</b> 28.0m<br/><b>Status:</b> Under Construction]]></description><Polygon>
				<extrude>1</extrude>
				<altitudeMode>relativeToGround</altitudeMode>
				<outerBoundaryIs>
					<LinearRing>
						<coordinates>
							-122.2570697371308,37.86759881421826,28 -122.257235537346,37.86757712164093,28 -122.2573078261212,37.86792282007067,28 -122.2571404110734,37.86794934609672,28 -122.2570697371308,37.86759881421826,28 
						</coordinates>
					</LinearRing>
				</outerBoundaryIs>
			</Polygon></Placemark>
  <Placemark><name>2538 Durant Ave · 83u</name><styleUrl>#lab2</styleUrl><Region><LatLonAltBox><west>-122.257308</west><east>-122.257070</east><south>37.867577</south><north>37.867949</north></LatLonAltBox><Lod><minLodPixels>700</minLodPixels><maxLodPixels>-1</maxLodPixels></Lod></Region><Point><altitudeMode>relativeToGround</altitudeMode><coordinates>-122.257165,37.867729,28.0</coordinates></Point></Placemark>
  <Placemark><styleUrl>#poly2</styleUrl><description><![CDATA[<b>2680 BANCROFT Way</b><br/><b>Units:</b> 79<br/><b>VLI Units:</b> 9<br/><b>Stories:</b> 8<br/><b>Height:</b> 28.0m<br/><b>Status:</b> Entitled]]></description><Polygon>
				<extrude>1</extrude>
				<altitudeMode>relativeToGround</altitudeMode>
				<outerBoundaryIs>
					<LinearRing>
						<coordinates>
							-122.2550096322798,37.86916541937588,28 -122.2552234613528,37.86913050470943,28 -122.2551439672279,37.86880805511557,28 -122.2549379463754,37.86883168163379,28 -122.2550096322798,37.86916541937588,28 
						</coordinates>
					</LinearRing>
				</outerBoundaryIs>
			</Polygon></Placemark>
  <Placemark><name>2680 Bancroft Way · 79u</name><styleUrl>#lab2</styleUrl><Region><LatLonAltBox><west>-122.255223</west><east>-122.254938</east><south>37.868808</south><north>37.869165</north></LatLonAltBox><Lod><minLodPixels>700</minLodPixels><maxLodPixels>-1</maxLodPixels></Lod></Region><Point><altitudeMode>relativeToGround</altitudeMode><coordinates>-122.255065,37.869020,28.0</coordinates></Point></Placemark>
  <Placemark><styleUrl>#poly2</styleUrl><description><![CDATA[<b>2660 BANCROFT Way</b><br/><b>Units:</b> 78<br/><b>VLI Units:</b> 0<br/><b>Stories:</b> 8<br/><b>Height:</b> 28.0m<br/><b>Status:</b> Application Submitted]]></description><Polygon>
				<extrude>1</extrude>
				<altitudeMode>relativeToGround</altitudeMode>
				<outerBoundaryIs>
					<LinearRing>
						<coordinates>
							-122.2552331531562,37.8691286234623,28 -122.2554230254789,37.86909832878837,28 -122.2553593445438,37.86877910864972,28 -122.2551611236397,37.86880657452835,28 -122.2552331531562,37.8691286234623,28 
						</coordinates>
					</LinearRing>
				</outerBoundaryIs>
			</Polygon></Placemark>
  <Placemark><name>2660 Bancroft Way · 78u</name><styleUrl>#lab2</styleUrl><Region><LatLonAltBox><west>-122.255423</west><east>-122.255161</east><south>37.868779</south><north>37.869129</north></LatLonAltBox><Lod><minLodPixels>700</minLodPixels><maxLodPixels>-1</maxLodPixels></Lod></Region><Point><altitudeMode>relativeToGround</altitudeMode><coordinates>-122.255282,37.868988,28.0</coordinates></Point></Placemark>
  <Placemark><styleUrl>#poly2</styleUrl><description><![CDATA[<b>2138 KITTREDGE St</b><br/><b>Units:</b> 73<br/><b>VLI Units:</b> 5<br/><b>Stories:</b> 8<br/><b>Height:</b> 28.0m<br/><b>Status:</b> Entitled]]></description><Polygon>
				<extrude>1</extrude>
				<altitudeMode>relativeToGround</altitudeMode>
				<outerBoundaryIs>
					<LinearRing>
						<coordinates>
							-122.266961933351,37.86854231117494,28 -122.2671294158954,37.86851851692969,28 -122.2670582512068,37.86814945366185,28 -122.2668924683713,37.86817183885958,28 -122.266961933351,37.86854231117494,28 
						</coordinates>
					</LinearRing>
				</outerBoundaryIs>
			</Polygon></Placemark>
  <Placemark><name>2138 Kittredge St · 73u</name><styleUrl>#lab2</styleUrl><Region><LatLonAltBox><west>-122.267129</west><east>-122.266892</east><south>37.868149</south><north>37.868542</north></LatLonAltBox><Lod><minLodPixels>700</minLodPixels><maxLodPixels>-1</maxLodPixels></Lod></Region><Point><altitudeMode>relativeToGround</altitudeMode><coordinates>-122.267001,37.868385,28.0</coordinates></Point></Placemark>
  <Placemark><styleUrl>#poly2</styleUrl><description><![CDATA[<b>2455 TELEGRAPH Ave</b><br/><b>Units:</b> 68<br/><b>VLI Units:</b> 7<br/><b>Stories:</b> 8<br/><b>Height:</b> 28.0m<br/><b>Status:</b> In Review]]></description><Polygon>
				<extrude>1</extrude>
				<altitudeMode>relativeToGround</altitudeMode>
				<outerBoundaryIs>
					<LinearRing>
						<coordinates>
							-122.2580874666656,37.86580444026676,28 -122.2581249197042,37.86599615931336,28 -122.2585151687762,37.86594227430449,28 -122.2584759773152,37.86575058138047,28 -122.2580874666656,37.86580444026676,28 
						</coordinates>
					</LinearRing>
				</outerBoundaryIs>
			</Polygon></Placemark>
  <Placemark><name>2455 Telegraph Ave · 68u</name><styleUrl>#lab2</styleUrl><Region><LatLonAltBox><west>-122.258515</west><east>-122.258087</east><south>37.865751</south><north>37.865996</north></LatLonAltBox><Lod><minLodPixels>700</minLodPixels><maxLodPixels>-1</maxLodPixels></Lod></Region><Point><altitudeMode>relativeToGround</altitudeMode><coordinates>-122.258258,37.865860,28.0</coordinates></Point></Placemark>
  <Placemark><styleUrl>#poly2</styleUrl><description><![CDATA[<b>2587 TELEGRAPH Ave</b><br/><b>Units:</b> 52<br/><b>VLI Units:</b> 6<br/><b>Stories:</b> 8<br/><b>Height:</b> 28.0m<br/><b>Status:</b> Under Construction]]></description><Polygon>
				<extrude>1</extrude>
				<altitudeMode>relativeToGround</altitudeMode>
				<outerBoundaryIs>
					<LinearRing>
						<coordinates>
							-122.2581287861686,37.86388412769838,28 -122.2581201803062,37.86379282035163,28 -122.2581115764476,37.8637015418569,28 -122.2580989270427,37.86356734717831,28 -122.2582948277948,37.86355573440175,28 -122.2582961497166,37.86356937026654,28 -122.258492600615,37.86354449000059,28 -122.2584137664063,37.86409671989505,28 -122.2581502975043,37.86411233880385,28 -122.2581373900569,37.86397540709073,28 -122.2581287861686,37.86388412769838,28 
						</coordinates>
					</LinearRing>
				</outerBoundaryIs>
			</Polygon></Placemark>
  <Placemark><name>2587 Telegraph Ave · 52u</name><styleUrl>#lab2</styleUrl><Region><LatLonAltBox><west>-122.258493</west><east>-122.258099</east><south>37.863544</south><north>37.864112</north></LatLonAltBox><Lod><minLodPixels>700</minLodPixels><maxLodPixels>-1</maxLodPixels></Lod></Region><Point><altitudeMode>relativeToGround</altitudeMode><coordinates>-122.258216,37.863789,28.0</coordinates></Point></Placemark>
  <Placemark><styleUrl>#poly2</styleUrl><description><![CDATA[<b>2350 TELEGRAPH Ave</b><br/><b>Units:</b> 48<br/><b>VLI Units:</b> 2<br/><b>Stories:</b> 8<br/><b>Height:</b> 28.0m<br/><b>Status:</b> In Review]]></description><Polygon>
				<extrude>1</extrude>
				<altitudeMode>relativeToGround</altitudeMode>
				<outerBoundaryIs>
					<LinearRing>
						<coordinates>
							-122.2590455380466,37.867560456707,28 -122.2593771610291,37.8675177463639,28 -122.2594028423204,37.86765127202843,28 -122.2590694132677,37.86769058131705,28 -122.2590455380466,37.867560456707,28 
						</coordinates>
					</LinearRing>
				</outerBoundaryIs>
			</Polygon></Placemark>
  <Placemark><name>2350 Telegraph Ave · 48u</name><styleUrl>#lab2</styleUrl><Region><LatLonAltBox><west>-122.259403</west><east>-122.259046</east><south>37.867518</south><north>37.867691</north></LatLonAltBox><Lod><minLodPixels>700</minLodPixels><maxLodPixels>-1</maxLodPixels></Lod></Region><Point><altitudeMode>relativeToGround</altitudeMode><coordinates>-122.259188,37.867596,28.0</coordinates></Point></Placemark>
  <Placemark><styleUrl>#poly2</styleUrl><description><![CDATA[<b>2440 SHATTUCK Ave</b><br/><b>Units:</b> 40<br/><b>VLI Units:</b> 0<br/><b>Stories:</b> 8<br/><b>Height:</b> 28.0m<br/><b>Status:</b> Completed]]></description><Polygon>
				<extrude>1</extrude>
				<altitudeMode>relativeToGround</altitudeMode>
				<outerBoundaryIs>
					<LinearRing>
						<coordinates>
							-122.2681290096855,37.86488261322081,28 -122.2681654562162,37.86510385830432,28 -122.2677855664027,37.86515555230372,28 -122.2677611907894,37.86493205684638,28 -122.2681290096855,37.86488261322081,28 
						</coordinates>
					</LinearRing>
				</outerBoundaryIs>
			</Polygon></Placemark>
  <Placemark><name>2440 Shattuck Ave · 40u</name><styleUrl>#lab2</styleUrl><Region><LatLonAltBox><west>-122.268165</west><east>-122.267761</east><south>37.864883</south><north>37.865156</north></LatLonAltBox><Lod><minLodPixels>700</minLodPixels><maxLodPixels>-1</maxLodPixels></Lod></Region><Point><altitudeMode>relativeToGround</altitudeMode><coordinates>-122.267994,37.864991,28.0</coordinates></Point></Placemark>
  <Placemark><styleUrl>#poly2</styleUrl><description><![CDATA[<b>2733 SAN PABLO Ave</b><br/><b>Units:</b> 32<br/><b>VLI Units:</b> 0<br/><b>Stories:</b> 8<br/><b>Height:</b> 28.0m<br/><b>Status:</b> In Review]]></description><Polygon>
				<extrude>1</extrude>
				<altitudeMode>relativeToGround</altitudeMode>
				<outerBoundaryIs>
					<LinearRing>
						<coordinates>
							-122.2874478591054,37.85658022051834,28 -122.2879121222915,37.85651519221562,28 -122.2878253858753,37.8561710203662,28 -122.2873882201489,37.85624388885134,28 -122.2874478591054,37.85658022051834,28 
						</coordinates>
					</LinearRing>
				</outerBoundaryIs>
			</Polygon></Placemark>
  <Placemark><name>2733 San Pablo Ave · 152u</name><styleUrl>#lab2</styleUrl><Region><LatLonAltBox><west>-122.287912</west><east>-122.287388</east><south>37.856171</south><north>37.856580</north></LatLonAltBox><Lod><minLodPixels>700</minLodPixels><maxLodPixels>-1</maxLodPixels></Lod></Region><Point><altitudeMode>relativeToGround</altitudeMode><coordinates>-122.287604,37.856418,28.0</coordinates></Point></Placemark>
  <Placemark><styleUrl>#poly2</styleUrl><description><![CDATA[<b>2480 Bancroft Way</b><br/><b>Units:</b> 28<br/><b>VLI Units:</b> 0<br/><b>Stories:</b> 8<br/><b>Height:</b> 28.0m<br/><b>Status:</b> Completed]]></description><Polygon>
				<extrude>1</extrude>
				<altitudeMode>relativeToGround</altitudeMode>
				<outerBoundaryIs>
					<LinearRing>
						<coordinates>
							-122.2595587597614,37.86830817933846,28 -122.2595393207529,37.86821919875468,28 -122.2597072287637,37.86819724196478,28 -122.2597877400529,37.8685487922007,28 -122.2596131350585,37.86857162269864,28 -122.2595587597614,37.86830817933846,28 
						</coordinates>
					</LinearRing>
				</outerBoundaryIs>
			</Polygon></Placemark>
  <Placemark><name>2480 Bancroft Way · 28u</name><styleUrl>#lab2</styleUrl><Region><LatLonAltBox><west>-122.259788</west><east>-122.259539</east><south>37.868197</south><north>37.868572</north></LatLonAltBox><Lod><minLodPixels>700</minLodPixels><maxLodPixels>-1</maxLodPixels></Lod></Region><Point><altitudeMode>relativeToGround</altitudeMode><coordinates>-122.259627,37.868359,28.0</coordinates></Point></Placemark>
  <Placemark><styleUrl>#poly2</styleUrl><description><![CDATA[<b>2298 DURANT Ave</b><br/><b>Units:</b> 65<br/><b>VLI Units:</b> 0<br/><b>Stories:</b> 8<br/><b>Height:</b> 27.7m<br/><b>Status:</b> Decision Pending]]></description><Polygon>
				<extrude>1</extrude>
				<altitudeMode>relativeToGround</altitudeMode>
				<outerBoundaryIs>
					<LinearRing>
						<coordinates>
							-122.2635902336494,37.86685263834067,27.7 -122.2639218122931,37.86680855303636,27.7 -122.26397280918,37.86705912096451,27.7 -122.2636393975607,37.86709912470797,27.7 -122.2635902336494,37.86685263834067,27.7 
						</coordinates>
					</LinearRing>
				</outerBoundaryIs>
			</Polygon></Placemark>
  <Placemark><name>2298 Durant Ave · 65u</name><styleUrl>#lab2</styleUrl><Region><LatLonAltBox><west>-122.263973</west><east>-122.263590</east><south>37.866809</south><north>37.867099</north></LatLonAltBox><Lod><minLodPixels>700</minLodPixels><maxLodPixels>-1</maxLodPixels></Lod></Region><Point><altitudeMode>relativeToGround</altitudeMode><coordinates>-122.263743,37.866934,27.7</coordinates></Point></Placemark>
  <Placemark><styleUrl>#poly2</styleUrl><description><![CDATA[<b>2037 DURANT Ave</b><br/><b>Units:</b> 74<br/><b>VLI Units:</b> 4<br/><b>Stories:</b> 1<br/><b>Height:</b> 27.4m<br/><b>Status:</b> Entitled]]></description><Polygon>
				<extrude>1</extrude>
				<altitudeMode>relativeToGround</altitudeMode>
				<outerBoundaryIs>
					<LinearRing>
						<coordinates>
							-122.2684223227929,37.86706859785014,27.4 -122.2687483708235,37.86702749408837,27.4 -122.268679295848,37.86667349714114,27.4 -122.2683559752899,37.86671260852114,27.4 -122.2684223227929,37.86706859785014,27.4 
						</coordinates>
					</LinearRing>
				</outerBoundaryIs>
			</Polygon></Placemark>
  <Placemark><name>2037 Durant Ave · 74u</name><styleUrl>#lab2</styleUrl><Region><LatLonAltBox><west>-122.268748</west><east>-122.268356</east><south>37.866673</south><north>37.867069</north></LatLonAltBox><Lod><minLodPixels>700</minLodPixels><maxLodPixels>-1</maxLodPixels></Lod></Region><Point><altitudeMode>relativeToGround</altitudeMode><coordinates>-122.268526,37.866910,27.4</coordinates></Point></Placemark>
  <Placemark><styleUrl>#poly2</styleUrl><description><![CDATA[<b>2109 VIRGINIA St</b><br/><b>Units:</b> 110<br/><b>VLI Units:</b> 0<br/><b>Stories:</b> 2<br/><b>Height:</b> 27.2m<br/><b>Status:</b> Entitled]]></description><Polygon>
				<extrude>1</extrude>
				<altitudeMode>relativeToGround</altitudeMode>
				<outerBoundaryIs>
					<LinearRing>
						<coordinates>
							-122.2684071699731,37.87727807473793,27.2 -122.2688119010121,37.87724798499854,27.2 -122.2687506414209,37.8767132716366,27.2 -122.2683411796477,37.87676336747056,27.2 -122.2684051405695,37.87726574689183,27.2 -122.2684071699731,37.87727807473793,27.2 
						</coordinates>
					</LinearRing>
				</outerBoundaryIs>
			</Polygon></Placemark>
  <Placemark><name>2109 Virginia St · 110u</name><styleUrl>#lab2</styleUrl><Region><LatLonAltBox><west>-122.268812</west><east>-122.268341</east><south>37.876713</south><north>37.877278</north></LatLonAltBox><Lod><minLodPixels>700</minLodPixels><maxLodPixels>-1</maxLodPixels></Lod></Region><Point><altitudeMode>relativeToGround</altitudeMode><coordinates>-122.268521,37.877091,27.2</coordinates></Point></Placemark>
  <Placemark><styleUrl>#poly2</styleUrl><description><![CDATA[<b>2462 BANCROFT Way</b><br/><b>Units:</b> 66<br/><b>VLI Units:</b> 3<br/><b>Stories:</b> 8<br/><b>Height:</b> 26.8m<br/><b>Status:</b> Entitled]]></description><Polygon>
				<extrude>1</extrude>
				<altitudeMode>relativeToGround</altitudeMode>
				<outerBoundaryIs>
					<LinearRing>
						<coordinates>
							-122.2598866472237,37.86817378183533,26.8 -122.260079871174,37.868148517285,26.8 -122.2601471181289,37.86850180182801,26.8 -122.2599628868304,37.86852589094273,26.8 -122.2598866472237,37.86817378183533,26.8 
						</coordinates>
					</LinearRing>
				</outerBoundaryIs>
			</Polygon></Placemark>
  <Placemark><name>2462 Bancroft Way · 66u</name><styleUrl>#lab2</styleUrl><Region><LatLonAltBox><west>-122.260147</west><east>-122.259887</east><south>37.868149</south><north>37.868526</north></LatLonAltBox><Lod><minLodPixels>700</minLodPixels><maxLodPixels>-1</maxLodPixels></Lod></Region><Point><altitudeMode>relativeToGround</altitudeMode><coordinates>-122.259993,37.868305,26.8</coordinates></Point></Placemark>
  <Placemark><styleUrl>#poly2</styleUrl><description><![CDATA[<b>2655 SHATTUCK Ave</b><br/><b>Units:</b> 97<br/><b>VLI Units:</b> 0<br/><b>Stories:</b> 8<br/><b>Height:</b> 25.9m<br/><b>Status:</b> Decision Pending]]></description><Polygon>
				<extrude>1</extrude>
				<altitudeMode>relativeToGround</altitudeMode>
				<outerBoundaryIs>
					<LinearRing>
						<coordinates>
							-122.2663191255262,37.86089523313471,25.9 -122.2667561221218,37.8608468576224,25.9 -122.2667816502156,37.86046397517401,25.9 -122.2662486717575,37.86053818546711,25.9 -122.2663191255262,37.86089523313471,25.9 
						</coordinates>
					</LinearRing>
				</outerBoundaryIs>
			</Polygon></Placemark>
  <Placemark><name>2655 Shattuck Ave · 97u</name><styleUrl>#lab2</styleUrl><Region><LatLonAltBox><west>-122.266782</west><east>-122.266249</east><south>37.860464</south><north>37.860895</north></LatLonAltBox><Lod><minLodPixels>700</minLodPixels><maxLodPixels>-1</maxLodPixels></Lod></Region><Point><altitudeMode>relativeToGround</altitudeMode><coordinates>-122.266485,37.860728,25.9</coordinates></Point></Placemark>
  <Placemark><styleUrl>#poly2</styleUrl><description><![CDATA[<b>2036 BANCROFT Way</b><br/><b>Units:</b> 85<br/><b>VLI Units:</b> 4<br/><b>Stories:</b> 8<br/><b>Height:</b> 25.9m<br/><b>Status:</b> In Review]]></description><Polygon>
				<extrude>1</extrude>
				<altitudeMode>relativeToGround</altitudeMode>
				<outerBoundaryIs>
					<LinearRing>
						<coordinates>
							-122.2679694310436,37.86676447485359,25.9 -122.2680436619393,37.86748027478138,25.9 -122.2684749763646,37.86742963702564,25.9 -122.2683407260099,37.86671496660818,25.9 -122.2679694310436,37.86676447485359,25.9 
						</coordinates>
					</LinearRing>
				</outerBoundaryIs>
			</Polygon></Placemark>
  <Placemark><name>2036 Bancroft Way · 85u</name><styleUrl>#lab2</styleUrl><Region><LatLonAltBox><west>-122.268475</west><east>-122.267969</east><south>37.866715</south><north>37.867480</north></LatLonAltBox><Lod><minLodPixels>700</minLodPixels><maxLodPixels>-1</maxLodPixels></Lod></Region><Point><altitudeMode>relativeToGround</altitudeMode><coordinates>-122.268160,37.867031,25.9</coordinates></Point></Placemark>
  <Placemark><styleUrl>#poly2</styleUrl><description><![CDATA[<b>2442 HASTE St</b><br/><b>Units:</b> 34<br/><b>VLI Units:</b> 2<br/><b>Stories:</b> 8<br/><b>Height:</b> 25.9m<br/><b>Status:</b> Under Construction]]></description><Polygon>
				<extrude>1</extrude>
				<altitudeMode>relativeToGround</altitudeMode>
				<outerBoundaryIs>
					<LinearRing>
						<coordinates>
							-122.2590142268623,37.86565535344312,25.9 -122.2589936502487,37.86551832401423,25.9 -122.2591576875904,37.86549527107525,25.9 -122.2592269732237,37.86586025164554,25.9 -122.2590576934881,37.86588131227681,25.9 -122.2590142268623,37.86565535344312,25.9 
						</coordinates>
					</LinearRing>
				</outerBoundaryIs>
			</Polygon></Placemark>
  <Placemark><name>2442 Haste St · 34u</name><styleUrl>#lab2</styleUrl><Region><LatLonAltBox><west>-122.259227</west><east>-122.258994</east><south>37.865495</south><north>37.865881</north></LatLonAltBox><Lod><minLodPixels>700</minLodPixels><maxLodPixels>-1</maxLodPixels></Lod></Region><Point><altitudeMode>relativeToGround</altitudeMode><coordinates>-122.259077,37.865678,25.9</coordinates></Point></Placemark>
  <Placemark><styleUrl>#poly1</styleUrl><description><![CDATA[<b>2015 Blake St</b><br/><b>Units:</b> 168<br/><b>VLI Units:</b> 0<br/><b>Stories:</b> 7<br/><b>Height:</b> 24.5m<br/><b>Status:</b> Entitled]]></description><Polygon>
				<extrude>1</extrude>
				<altitudeMode>relativeToGround</altitudeMode>
				<outerBoundaryIs>
					<LinearRing>
						<coordinates>
							-122.2689235701133,37.86296855875176,24.5 -122.2690893522727,37.86294684028008,24.5 -122.2691582620876,37.86329395390491,24.5 -122.2691409919329,37.86329627298407,24.5 -122.2690045952986,37.86331480133109,24.5 -122.2689235701133,37.86296855875176,24.5 
						</coordinates>
					</LinearRing>
				</outerBoundaryIs>
			</Polygon></Placemark>
  <Placemark><name>2015 Blake St · 168u</name><styleUrl>#lab1</styleUrl><Region><LatLonAltBox><west>-122.269158</west><east>-122.268924</east><south>37.862947</south><north>37.863315</north></LatLonAltBox><Lod><minLodPixels>700</minLodPixels><maxLodPixels>-1</maxLodPixels></Lod></Region><Point><altitudeMode>relativeToGround</altitudeMode><coordinates>-122.269040,37.863131,24.5</coordinates></Point></Placemark>
  <Placemark><styleUrl>#poly1</styleUrl><description><![CDATA[<b>2198 SAN PABLO Ave</b><br/><b>Units:</b> 100<br/><b>VLI Units:</b> 0<br/><b>Stories:</b> 7<br/><b>Height:</b> 24.5m<br/><b>Status:</b> Entitled]]></description><Polygon>
				<extrude>1</extrude>
				<altitudeMode>relativeToGround</altitudeMode>
				<outerBoundaryIs>
					<LinearRing>
						<coordinates>
							-122.2914480991251,37.86643863055377,24.5 -122.291532386811,37.86670036502953,24.5 -122.2918753329339,37.8666284355734,24.5 -122.2917894913495,37.86637095150585,24.5 -122.2914480991251,37.86643863055377,24.5 
						</coordinates>
					</LinearRing>
				</outerBoundaryIs>
			</Polygon></Placemark>
  <Placemark><name>2198 San Pablo Ave · 100u</name><styleUrl>#lab1</styleUrl><Region><LatLonAltBox><west>-122.291875</west><east>-122.291448</east><south>37.866371</south><north>37.866700</north></LatLonAltBox><Lod><minLodPixels>700</minLodPixels><maxLodPixels>-1</maxLodPixels></Lod></Region><Point><altitudeMode>relativeToGround</altitudeMode><coordinates>-122.291619,37.866515,24.5</coordinates></Point></Placemark>
  <Placemark><styleUrl>#poly1</styleUrl><description><![CDATA[<b>2450 SHATTUCK Ave</b><br/><b>Units:</b> 94<br/><b>VLI Units:</b> 0<br/><b>Stories:</b> 7<br/><b>Height:</b> 24.5m<br/><b>Status:</b> In Review<br/><i>(height estimated from units)</i>]]></description><Polygon>
				<extrude>1</extrude>
				<altitudeMode>relativeToGround</altitudeMode>
				<outerBoundaryIs>
					<LinearRing>
						<coordinates>
							-122.267745024621,37.8647626827703,24.5 -122.2682199953658,37.86470270034828,24.5 -122.2681572050163,37.86437964667046,24.5 -122.2677079790297,37.8644439220885,24.5 -122.267745024621,37.8647626827703,24.5 
						</coordinates>
					</LinearRing>
				</outerBoundaryIs>
			</Polygon></Placemark>
  <Placemark><name>2450 Shattuck Ave · 94u</name><styleUrl>#lab1</styleUrl><Region><LatLonAltBox><west>-122.268220</west><east>-122.267708</east><south>37.864380</south><north>37.864763</north></LatLonAltBox><Lod><minLodPixels>700</minLodPixels><maxLodPixels>-1</maxLodPixels></Lod></Region><Point><altitudeMode>relativeToGround</altitudeMode><coordinates>-122.267915,37.864610,24.5</coordinates></Point></Placemark>
  <Placemark><styleUrl>#poly1</styleUrl><description><![CDATA[<b>1700 SACRAMENTO St</b><br/><b>Units:</b> 85<br/><b>VLI Units:</b> 0<br/><b>Stories:</b> 7<br/><b>Height:</b> 24.5m<br/><b>Status:</b> In Review<br/><i>(height estimated from units)</i>]]></description><Polygon>
				<extrude>1</extrude>
				<altitudeMode>relativeToGround</altitudeMode>
				<outerBoundaryIs>
					<LinearRing>
						<coordinates>
							-122.2821214290198,37.87483252745301,24.5 -122.2822561117269,37.87481332914388,24.5 -122.2822234909072,37.87453776763364,24.5 -122.2820801396136,37.87455641733663,24.5 -122.2821214290198,37.87483252745301,24.5 
						</coordinates>
					</LinearRing>
				</outerBoundaryIs>
			</Polygon></Placemark>
  <Placemark><name>1700 Sacramento St · 85u</name><styleUrl>#lab1</styleUrl><Region><LatLonAltBox><west>-122.282256</west><east>-122.282080</east><south>37.874538</south><north>37.874833</north></LatLonAltBox><Lod><minLodPixels>700</minLodPixels><maxLodPixels>-1</maxLodPixels></Lod></Region><Point><altitudeMode>relativeToGround</altitudeMode><coordinates>-122.282161,37.874715,24.5</coordinates></Point></Placemark>
  <Placemark><styleUrl>#poly1</styleUrl><description><![CDATA[<b>2550 SHATTUCK Ave</b><br/><b>Units:</b> 72<br/><b>VLI Units:</b> 8<br/><b>Stories:</b> 7<br/><b>Height:</b> 24.5m<br/><b>Status:</b> Entitled]]></description><Polygon>
				<extrude>1</extrude>
				<altitudeMode>relativeToGround</altitudeMode>
				<outerBoundaryIs>
					<LinearRing>
						<coordinates>
							-122.2675115118028,37.86266901739254,24.5 -122.2679760918504,37.86260986802267,24.5 -122.268021912731,37.86286051489864,24.5 -122.2675383966386,37.86292543298442,24.5 -122.2675115118028,37.86266901739254,24.5 
						</coordinates>
					</LinearRing>
				</outerBoundaryIs>
			</Polygon></Placemark>
  <Placemark><name>2550 Shattuck Ave · 72u</name><styleUrl>#lab1</styleUrl><Region><LatLonAltBox><west>-122.268022</west><east>-122.267512</east><south>37.862610</south><north>37.862925</north></LatLonAltBox><Lod><minLodPixels>700</minLodPixels><maxLodPixels>-1</maxLodPixels></Lod></Region><Point><altitudeMode>relativeToGround</altitudeMode><coordinates>-122.267712,37.862747,24.5</coordinates></Point></Placemark>
  <Placemark><styleUrl>#poly1</styleUrl><description><![CDATA[<b>2326 DURANT Ave</b><br/><b>Units:</b> 70<br/><b>VLI Units:</b> 0<br/><b>Stories:</b> 7<br/><b>Height:</b> 24.5m<br/><b>Status:</b> In Review<br/><i>(height estimated from units)</i>]]></description><Polygon>
				<extrude>1</extrude>
				<altitudeMode>relativeToGround</altitudeMode>
				<outerBoundaryIs>
					<LinearRing>
						<coordinates>
							-122.2622129069541,37.86728798013969,24.5 -122.2624063250587,37.86726243176764,24.5 -122.2623336247682,37.8669002554371,24.5 -122.262140177933,37.8669244452682,24.5 -122.2622129069541,37.86728798013969,24.5 
						</coordinates>
					</LinearRing>
				</outerBoundaryIs>
			</Polygon></Placemark>
  <Placemark><name>2326 Durant Ave · 70u</name><styleUrl>#lab1</styleUrl><Region><LatLonAltBox><west>-122.262406</west><east>-122.262140</east><south>37.866900</south><north>37.867288</north></LatLonAltBox><Lod><minLodPixels>700</minLodPixels><maxLodPixels>-1</maxLodPixels></Lod></Region><Point><altitudeMode>relativeToGround</altitudeMode><coordinates>-122.262261,37.867133,24.5</coordinates></Point></Placemark>
  <Placemark><styleUrl>#poly1</styleUrl><description><![CDATA[<b>2300 ELLSWORTH St</b><br/><b>Units:</b> 69<br/><b>VLI Units:</b> 0<br/><b>Stories:</b> 7<br/><b>Height:</b> 24.5m<br/><b>Status:</b> Permits Active]]></description><Polygon>
				<extrude>1</extrude>
				<altitudeMode>relativeToGround</altitudeMode>
				<outerBoundaryIs>
					<LinearRing>
						<coordinates>
							-122.2637889733654,37.86785224763094,24.5 -122.2641395925744,37.86780718302568,24.5 -122.2641766928178,37.867983117229,24.5 -122.2638276875821,37.86802334758866,24.5 -122.2637889733654,37.86785224763094,24.5 
						</coordinates>
					</LinearRing>
				</outerBoundaryIs>
			</Polygon></Placemark>
  <Placemark><name>2300 Ellsworth St · 69u</name><styleUrl>#lab1</styleUrl><Region><LatLonAltBox><west>-122.264177</west><east>-122.263789</east><south>37.867807</south><north>37.868023</north></LatLonAltBox><Lod><minLodPixels>700</minLodPixels><maxLodPixels>-1</maxLodPixels></Lod></Region><Point><altitudeMode>relativeToGround</altitudeMode><coordinates>-122.263944,37.867904,24.5</coordinates></Point></Placemark>
  <Placemark><styleUrl>#poly1</styleUrl><description><![CDATA[<b>1752 SHATTUCK Ave</b><br/><b>Units:</b> 68<br/><b>VLI Units:</b> 0<br/><b>Stories:</b> 7<br/><b>Height:</b> 24.5m<br/><b>Status:</b> Completed]]></description><Polygon>
				<extrude>1</extrude>
				<altitudeMode>relativeToGround</altitudeMode>
				<outerBoundaryIs>
					<LinearRing>
						<coordinates>
							-122.2689195259551,37.87529478389757,24.5 -122.2692648392859,37.87524428965758,24.5 -122.2692695308692,37.87529572390658,24.5 -122.2692716275741,37.87531080199859,24.5 -122.2692198212689,37.87531775114409,24.5 -122.2692464239821,37.87556182091574,24.5 -122.2689561563897,37.87559569011744,24.5 -122.2689195259551,37.87529478389757,24.5 
						</coordinates>
					</LinearRing>
				</outerBoundaryIs>
			</Polygon></Placemark>
  <Placemark><name>1752 Shattuck Ave · 72u</name><styleUrl>#lab1</styleUrl><Region><LatLonAltBox><west>-122.269272</west><east>-122.268920</east><south>37.875244</south><north>37.875596</north></LatLonAltBox><Lod><minLodPixels>700</minLodPixels><maxLodPixels>-1</maxLodPixels></Lod></Region><Point><altitudeMode>relativeToGround</altitudeMode><coordinates>-122.269133,37.875364,24.5</coordinates></Point></Placemark>
  <Placemark><styleUrl>#poly1</styleUrl><description><![CDATA[<b>2441 LE CONTE Ave</b><br/><b>Units:</b> 65<br/><b>VLI Units:</b> 0<br/><b>Stories:</b> 7<br/><b>Height:</b> 24.5m<br/><b>Status:</b> Application Submitted<br/><i>(height estimated from units)</i>]]></description><Polygon>
				<extrude>1</extrude>
				<altitudeMode>relativeToGround</altitudeMode>
				<outerBoundaryIs>
					<LinearRing>
						<coordinates>
							-122.2617455343742,37.87722523043028,24.5 -122.2620857572782,37.87717826116437,24.5 -122.2620090270651,37.87679279853877,24.5 -122.2616733005797,37.87688295317811,24.5 -122.2617455343742,37.87722523043028,24.5 
						</coordinates>
					</LinearRing>
				</outerBoundaryIs>
			</Polygon></Placemark>
  <Placemark><name>2441 Le Conte Ave · 65u</name><styleUrl>#lab1</styleUrl><Region><LatLonAltBox><west>-122.262086</west><east>-122.261673</east><south>37.876793</south><north>37.877225</north></LatLonAltBox><Lod><minLodPixels>700</minLodPixels><maxLodPixels>-1</maxLodPixels></Lod></Region><Point><altitudeMode>relativeToGround</altitudeMode><coordinates>-122.261852,37.877061,24.5</coordinates></Point></Placemark>
  <Placemark><styleUrl>#poly1</styleUrl><description><![CDATA[<b>3031 ADELINE St</b><br/><b>Units:</b> 64<br/><b>VLI Units:</b> 0<br/><b>Stories:</b> 7<br/><b>Height:</b> 24.5m<br/><b>Status:</b> In Review<br/><i>(height estimated from units)</i>]]></description><Polygon>
				<extrude>1</extrude>
				<altitudeMode>relativeToGround</altitudeMode>
				<outerBoundaryIs>
					<LinearRing>
						<coordinates>
							-122.2687358077533,37.85417776073294,24.5 -122.2690668533487,37.85412804295623,24.5 -122.2691693777175,37.85387207791494,24.5 -122.2686822682392,37.85390526090685,24.5 -122.2687358077533,37.85417776073294,24.5 
						</coordinates>
					</LinearRing>
				</outerBoundaryIs>
			</Polygon></Placemark>
  <Placemark><name>3031 Adeline St · 64u</name><styleUrl>#lab1</styleUrl><Region><LatLonAltBox><west>-122.269169</west><east>-122.268682</east><south>37.853872</south><north>37.854178</north></LatLonAltBox><Lod><minLodPixels>700</minLodPixels><maxLodPixels>-1</maxLodPixels></Lod></Region><Point><altitudeMode>relativeToGround</altitudeMode><coordinates>-122.268878,37.854052,24.5</coordinates></Point></Placemark>
  <Placemark><styleUrl>#poly1</styleUrl><description><![CDATA[<b>2372 ELLSWORTH St</b><br/><b>Units:</b> 63<br/><b>VLI Units:</b> 0<br/><b>Stories:</b> 7<br/><b>Height:</b> 24.5m<br/><b>Status:</b> Entitled<br/><i>(height estimated from units)</i>]]></description><Polygon>
				<extrude>1</extrude>
				<altitudeMode>relativeToGround</altitudeMode>
				<outerBoundaryIs>
					<LinearRing>
						<coordinates>
							-122.263757097711,37.86636603608657,24.5 -122.2638276524073,37.86671037783683,24.5 -122.2635633720858,37.86674318237073,24.5 -122.2634945823308,37.866400171001,24.5 -122.263757097711,37.86636603608657,24.5 
						</coordinates>
					</LinearRing>
				</outerBoundaryIs>
			</Polygon></Placemark>
  <Placemark><name>2372 Ellsworth St · 63u</name><styleUrl>#lab1</styleUrl><Region><LatLonAltBox><west>-122.263828</west><east>-122.263495</east><south>37.866366</south><north>37.866743</north></LatLonAltBox><Lod><minLodPixels>700</minLodPixels><maxLodPixels>-1</maxLodPixels></Lod></Region><Point><altitudeMode>relativeToGround</altitudeMode><coordinates>-122.263680,37.866517,24.5</coordinates></Point></Placemark>
  <Placemark><styleUrl>#poly1</styleUrl><description><![CDATA[<b>130 BERKELEY Sq</b><br/><b>Units:</b> 50<br/><b>VLI Units:</b> 0<br/><b>Stories:</b> 7<br/><b>Height:</b> 24.5m<br/><b>Status:</b> In Review<br/><i>(height estimated from units)</i>]]></description><Polygon>
				<extrude>1</extrude>
				<altitudeMode>relativeToGround</altitudeMode>
				<outerBoundaryIs>
					<LinearRing>
						<coordinates>
							-122.2678647965346,37.87080655079178,24.5 -122.2680479560984,37.87078595950883,24.5 -122.268057779161,37.87090735424928,24.5 -122.2678660488419,37.87093150192055,24.5 -122.2678647965346,37.87080655079178,24.5 
						</coordinates>
					</LinearRing>
				</outerBoundaryIs>
			</Polygon></Placemark>
  <Placemark><name>130 Berkeley Sq · 50u</name><styleUrl>#lab1</styleUrl><Region><LatLonAltBox><west>-122.268058</west><east>-122.267865</east><south>37.870786</south><north>37.870932</north></LatLonAltBox><Lod><minLodPixels>700</minLodPixels><maxLodPixels>-1</maxLodPixels></Lod></Region><Point><altitudeMode>relativeToGround</altitudeMode><coordinates>-122.267940,37.870848,24.5</coordinates></Point></Placemark>
  <Placemark><styleUrl>#poly1</styleUrl><description><![CDATA[<b>2016 ASHBY Ave</b><br/><b>Units:</b> 50<br/><b>VLI Units:</b> 50<br/><b>Stories:</b> 7<br/><b>Height:</b> 24.5m<br/><b>Status:</b> Permits Active]]></description><Polygon>
				<extrude>1</extrude>
				<altitudeMode>relativeToGround</altitudeMode>
				<outerBoundaryIs>
					<LinearRing>
						<coordinates>
							-122.2681148583113,37.85469499081151,24.5 -122.2682701590589,37.85467000413911,24.5 -122.2683305154213,37.85494926659176,24.5 -122.2681716565586,37.85497018712021,24.5 -122.2681148583113,37.85469499081151,24.5 
						</coordinates>
					</LinearRing>
				</outerBoundaryIs>
			</Polygon></Placemark>
  <Placemark><name>2016 Ashby Ave · 50u</name><styleUrl>#lab1</styleUrl><Region><LatLonAltBox><west>-122.268331</west><east>-122.268115</east><south>37.854670</south><north>37.854970</north></LatLonAltBox><Lod><minLodPixels>700</minLodPixels><maxLodPixels>-1</maxLodPixels></Lod></Region><Point><altitudeMode>relativeToGround</altitudeMode><coordinates>-122.268200,37.854796,24.5</coordinates></Point></Placemark>
  <Placemark><styleUrl>#poly1</styleUrl><Polygon>
				<extrude>1</extrude>
				<tessellate>1</tessellate>
				<altitudeMode>relativeToGround</altitudeMode>
				<outerBoundaryIs>
					<LinearRing>
						<coordinates>
							-122.2706646314134,37.85387553024245,24 -122.269852255889,37.85392078740944,24 -122.2698585123805,37.85417144666508,24 -122.270737757376,37.85410073086648,24 -122.2706646314134,37.85387553024245,24 
						</coordinates>
					</LinearRing>
				</outerBoundaryIs>
			</Polygon></Placemark>
  <Placemark><name>Ashby Bart · 618u</name><styleUrl>#lab1</styleUrl><Region><LatLonAltBox><west>-122.270738</west><east>-122.269852</east><south>37.853876</south><north>37.854171</north></LatLonAltBox><Lod><minLodPixels>700</minLodPixels><maxLodPixels>-1</maxLodPixels></Lod></Region><Point><altitudeMode>relativeToGround</altitudeMode><coordinates>-122.270356,37.853989,24.0</coordinates></Point></Placemark>
  <Placemark><styleUrl>#poly1</styleUrl><Polygon>
				<extrude>1</extrude>
				<tessellate>1</tessellate>
				<altitudeMode>relativeToGround</altitudeMode>
				<outerBoundaryIs>
					<LinearRing>
						<coordinates>
							-122.2704758764557,37.85270560323494,24 -122.270251970336,37.85264638725582,24 -122.2700917251839,37.85306206415954,24 -122.2703475412823,37.85312292285501,24 -122.2704758764557,37.85270560323494,24 
						</coordinates>
					</LinearRing>
				</outerBoundaryIs>
			</Polygon></Placemark>
  <Placemark><name>Ashby Bart · 618u</name><styleUrl>#lab1</styleUrl><Region><LatLonAltBox><west>-122.270476</west><east>-122.270092</east><south>37.852646</south><north>37.853123</north></LatLonAltBox><Lod><minLodPixels>700</minLodPixels><maxLodPixels>-1</maxLodPixels></Lod></Region><Point><altitudeMode>relativeToGround</altitudeMode><coordinates>-122.270329,37.852849,24.0</coordinates></Point></Placemark>
  <Placemark><styleUrl>#poly1</styleUrl><description>Ashby BART 3</description><Polygon>
				<extrude>1</extrude>
				<tessellate>1</tessellate>
				<altitudeMode>relativeToGround</altitudeMode>
				<outerBoundaryIs>
					<LinearRing>
						<coordinates>
							-122.2703199624122,37.85333677330851,24 -122.2700905551469,37.85327426675852,24 -122.2699143416752,37.85363641583382,24 -122.2701660745468,37.85369286524384,24 -122.2703199624122,37.85333677330851,24 
						</coordinates>
					</LinearRing>
				</outerBoundaryIs>
			</Polygon></Placemark>
  <Placemark><name>Ashby Bart · 618u</name><styleUrl>#lab1</styleUrl><Region><LatLonAltBox><west>-122.270320</west><east>-122.269914</east><south>37.853274</south><north>37.853693</north></LatLonAltBox><Lod><minLodPixels>700</minLodPixels><maxLodPixels>-1</maxLodPixels></Lod></Region><Point><altitudeMode>relativeToGround</altitudeMode><coordinates>-122.270162,37.853455,24.0</coordinates></Point></Placemark>
  <Placemark><styleUrl>#poly1</styleUrl><description><![CDATA[<b>1899 OXFORD St</b><br/><b>Units:</b> 212<br/><b>VLI Units:</b> 0<br/><b>Stories:</b> 7<br/><b>Height:</b> 23.8m<br/><b>Status:</b> Decision Pending]]></description><Polygon>
				<extrude>1</extrude>
				<altitudeMode>relativeToGround</altitudeMode>
				<outerBoundaryIs>
					<LinearRing>
						<coordinates>
							-122.2659360374351,37.87475608609153,23.8 -122.2662808765738,37.87471902298317,23.8 -122.2662152274801,37.87429013021297,23.8 -122.2658927263289,37.87431628590556,23.8 -122.2659360374351,37.87475608609153,23.8 
						</coordinates>
					</LinearRing>
				</outerBoundaryIs>
			</Polygon></Placemark>
  <Placemark><name>1899 Oxford St · 212u</name><styleUrl>#lab1</styleUrl><Region><LatLonAltBox><west>-122.266281</west><east>-122.265893</east><south>37.874290</south><north>37.874756</north></LatLonAltBox><Lod><minLodPixels>700</minLodPixels><maxLodPixels>-1</maxLodPixels></Lod></Region><Point><altitudeMode>relativeToGround</altitudeMode><coordinates>-122.266052,37.874568,23.8</coordinates></Point></Placemark>
  <Placemark><styleUrl>#poly1</styleUrl><description><![CDATA[<b>2955 SHATTUCK Ave</b><br/><b>Units:</b> 74<br/><b>VLI Units:</b> 0<br/><b>Stories:</b> 2<br/><b>Height:</b> 22.9m<br/><b>Status:</b> In Review]]></description><Polygon>
				<extrude>1</extrude>
				<altitudeMode>relativeToGround</altitudeMode>
				<outerBoundaryIs>
					<LinearRing>
						<coordinates>
							-122.2660165016097,37.8557557679286,22.9 -122.2660510374353,37.85575113063698,22.9 -122.2662133320259,37.85572878240878,22.9 -122.2661935136476,37.85562402050176,22.9 -122.2660165016097,37.8557557679286,22.9 
						</coordinates>
					</LinearRing>
				</outerBoundaryIs>
			</Polygon></Placemark>
  <Placemark><name>2955 Shattuck Ave · 74u</name><styleUrl>#lab1</styleUrl><Region><LatLonAltBox><west>-122.266213</west><east>-122.266017</east><south>37.855624</south><north>37.855756</north></LatLonAltBox><Lod><minLodPixels>700</minLodPixels><maxLodPixels>-1</maxLodPixels></Lod></Region><Point><altitudeMode>relativeToGround</altitudeMode><coordinates>-122.266098,37.855723,22.9</coordinates></Point></Placemark>
  <Placemark><styleUrl>#poly1</styleUrl><description><![CDATA[<b>2427 San Pablo</b><br/><b>Units:</b> 78<br/><b>VLI Units:</b> 0<br/><b>Stories:</b> 7<br/><b>Height:</b> 21.3m<br/><b>Status:</b> Entitled<br/><i>(height estimated from units)</i>]]></description><Polygon>
				<extrude>1</extrude>
				<altitudeMode>relativeToGround</altitudeMode>
				<outerBoundaryIs>
					<LinearRing>
						<coordinates>
							-122.2892917772261,37.86193637886238,21.3 -122.2892600231865,37.8618407230334,21.3 -122.2892469620572,37.86180178129661,21.3 -122.2895796282448,37.8617328697494,21.3 -122.2896299120304,37.86187837700161,21.3 -122.2892954731531,37.86194525007528,21.3 -122.2892917772261,37.86193637886238,21.3 
						</coordinates>
					</LinearRing>
				</outerBoundaryIs>
			</Polygon></Placemark>
  <Placemark><name>2427 San Pablo · 78u</name><styleUrl>#lab1</styleUrl><Region><LatLonAltBox><west>-122.289630</west><east>-122.289247</east><south>37.861733</south><north>37.861945</north></LatLonAltBox><Lod><minLodPixels>700</minLodPixels><maxLodPixels>-1</maxLodPixels></Lod></Region><Point><altitudeMode>relativeToGround</altitudeMode><coordinates>-122.289371,37.861867,21.3</coordinates></Point></Placemark>
  <Placemark><styleUrl>#poly1</styleUrl><description><![CDATA[<b>2147 SAN PABLO Ave</b><br/><b>Units:</b> 15<br/><b>VLI Units:</b> 0<br/><b>Stories:</b> 4<br/><b>Height:</b> 21.3m<br/><b>Status:</b> Decision Pending<br/><i>(height estimated from units)</i>]]></description><Polygon>
				<extrude>1</extrude>
				<altitudeMode>relativeToGround</altitudeMode>
				<outerBoundaryIs>
					<LinearRing>
						<coordinates>
							-122.2909848736934,37.86727176169916,21.3 -122.2913285549679,37.86722739352544,21.3 -122.2912027419295,37.86682415555838,21.3 -122.2908614555448,37.86689593891741,21.3 -122.2909848736934,37.86727176169916,21.3 
						</coordinates>
					</LinearRing>
				</outerBoundaryIs>
			</Polygon></Placemark>
  <Placemark><name>2147 San Pablo Ave · 15u</name><styleUrl>#lab1</styleUrl><Region><LatLonAltBox><west>-122.291329</west><east>-122.290861</east><south>37.866824</south><north>37.867272</north></LatLonAltBox><Lod><minLodPixels>700</minLodPixels><maxLodPixels>-1</maxLodPixels></Lod></Region><Point><altitudeMode>relativeToGround</altitudeMode><coordinates>-122.291072,37.867098,21.3</coordinates></Point></Placemark>
  <Placemark><styleUrl>#poly1</styleUrl><description><![CDATA[<b>2131 University Ave</b><br/><b>Units:</b> 205<br/><b>VLI Units:</b> 0<br/><b>Stories:</b> 6<br/><b>Height:</b> 21.0m<br/><b>Status:</b> Completed]]></description><Polygon>
				<extrude>1</extrude>
				<altitudeMode>relativeToGround</altitudeMode>
				<outerBoundaryIs>
					<LinearRing>
						<coordinates>
							-122.2672534244582,37.87246000617155,21 -122.2672983138265,37.87268358919264,21 -122.2676412911225,37.87264086208047,21 -122.2676086845777,37.87241571203526,21 -122.2672534244582,37.87246000617155,21 
						</coordinates>
					</LinearRing>
				</outerBoundaryIs>
			</Polygon></Placemark>
  <Placemark><name>2131 University Ave · 205u</name><styleUrl>#lab1</styleUrl><Region><LatLonAltBox><west>-122.267641</west><east>-122.267253</east><south>37.872416</south><north>37.872684</north></LatLonAltBox><Lod><minLodPixels>700</minLodPixels><maxLodPixels>-1</maxLodPixels></Lod></Region><Point><altitudeMode>relativeToGround</altitudeMode><coordinates>-122.267411,37.872532,21.0</coordinates></Point></Placemark>
  <Placemark><styleUrl>#poly1</styleUrl><description><![CDATA[<b>2136 SAN PABLO Ave</b><br/><b>Units:</b> 125<br/><b>VLI Units:</b> 10<br/><b>Stories:</b> 6<br/><b>Height:</b> 21.0m<br/><b>Status:</b> Entitled]]></description><Polygon>
				<extrude>1</extrude>
				<altitudeMode>relativeToGround</altitudeMode>
				<outerBoundaryIs>
					<LinearRing>
						<coordinates>
							-122.291532386811,37.86670036502953,21 -122.2916877236018,37.86717867955219,21 -122.2921411984429,37.86708938296112,21 -122.2919863974627,37.86661157786645,21 -122.291532386811,37.86670036502953,21 
						</coordinates>
					</LinearRing>
				</outerBoundaryIs>
			</Polygon></Placemark>
  <Placemark><name>2136 San Pablo Ave · 125u</name><styleUrl>#lab1</styleUrl><Region><LatLonAltBox><west>-122.292141</west><east>-122.291532</east><south>37.866612</south><north>37.867179</north></LatLonAltBox><Lod><minLodPixels>700</minLodPixels><maxLodPixels>-1</maxLodPixels></Lod></Region><Point><altitudeMode>relativeToGround</altitudeMode><coordinates>-122.291776,37.866856,21.0</coordinates></Point></Placemark>
  <Placemark><styleUrl>#poly1</styleUrl><description><![CDATA[<b>2000 DWIGHT Way</b><br/><b>Units:</b> 113<br/><b>VLI Units:</b> 0<br/><b>Stories:</b> 6<br/><b>Height:</b> 21.0m<br/><b>Status:</b> Completed]]></description><Polygon>
				<extrude>1</extrude>
				<altitudeMode>relativeToGround</altitudeMode>
				<outerBoundaryIs>
					<LinearRing>
						<coordinates>
							-122.2695034243705,37.86338423421613,21 -122.2696484736413,37.86336420783969,21 -122.2696674424711,37.86336117638604,21 -122.2696935322575,37.86358327434223,21 -122.2695484471651,37.86360124379956,21 -122.2695034243705,37.86338423421613,21 
						</coordinates>
					</LinearRing>
				</outerBoundaryIs>
			</Polygon></Placemark>
  <Placemark><name>2000 Dwight Way · 113u</name><styleUrl>#lab1</styleUrl><Region><LatLonAltBox><west>-122.269694</west><east>-122.269503</east><south>37.863361</south><north>37.863601</north></LatLonAltBox><Lod><minLodPixels>700</minLodPixels><maxLodPixels>-1</maxLodPixels></Lod></Region><Point><altitudeMode>relativeToGround</altitudeMode><coordinates>-122.269594,37.863446,21.0</coordinates></Point></Placemark>
  <Placemark><styleUrl>#poly1</styleUrl><description><![CDATA[<b>2330 DURANT Ave</b><br/><b>Units:</b> 68<br/><b>VLI Units:</b> 0<br/><b>Stories:</b> 6<br/><b>Height:</b> 21.0m<br/><b>Status:</b> In Review]]></description><Polygon>
				<extrude>1</extrude>
				<altitudeMode>relativeToGround</altitudeMode>
				<outerBoundaryIs>
					<LinearRing>
						<coordinates>
							-122.2620488246208,37.86730896766862,21 -122.2622129069541,37.86728798013969,21 -122.262140177933,37.8669244452682,21 -122.2619760862381,37.86694542452996,21 -122.2620488246208,37.86730896766862,21 
						</coordinates>
					</LinearRing>
				</outerBoundaryIs>
			</Polygon></Placemark>
  <Placemark><name>2330 Durant Ave · 68u</name><styleUrl>#lab1</styleUrl><Region><LatLonAltBox><west>-122.262213</west><east>-122.261976</east><south>37.866924</south><north>37.867309</north></LatLonAltBox><Lod><minLodPixels>700</minLodPixels><maxLodPixels>-1</maxLodPixels></Lod></Region><Point><altitudeMode>relativeToGround</altitudeMode><coordinates>-122.262085,37.867155,21.0</coordinates></Point></Placemark>
  <Placemark><styleUrl>#poly1</styleUrl><description><![CDATA[<b>2072 Addison St</b><br/><b>Units:</b> 66<br/><b>VLI Units:</b> 0<br/><b>Stories:</b> 6<br/><b>Height:</b> 21.0m<br/><b>Status:</b> Entitled]]></description><Polygon>
				<extrude>1</extrude>
				<altitudeMode>relativeToGround</altitudeMode>
				<outerBoundaryIs>
					<LinearRing>
						<coordinates>
							-122.2687974802472,37.87103115996177,21 -122.2690496757366,37.87099990456952,21 -122.268980541036,37.87064317763038,21 -122.2687266070228,37.87067444822024,21 -122.2687974802472,37.87103115996177,21 
						</coordinates>
					</LinearRing>
				</outerBoundaryIs>
			</Polygon></Placemark>
  <Placemark><name>2072 Addison St · 66u</name><styleUrl>#lab1</styleUrl><Region><LatLonAltBox><west>-122.269050</west><east>-122.268727</east><south>37.870643</south><north>37.871031</north></LatLonAltBox><Lod><minLodPixels>700</minLodPixels><maxLodPixels>-1</maxLodPixels></Lod></Region><Point><altitudeMode>relativeToGround</altitudeMode><coordinates>-122.268870,37.870876,21.0</coordinates></Point></Placemark>
  <Placemark><styleUrl>#poly1</styleUrl><description><![CDATA[<b>2127 DWIGHT Way</b><br/><b>Units:</b> 58<br/><b>VLI Units:</b> 8<br/><b>Stories:</b> 6<br/><b>Height:</b> 21.0m<br/><b>Status:</b> Entitled]]></description><Polygon>
				<extrude>1</extrude>
				<altitudeMode>relativeToGround</altitudeMode>
				<outerBoundaryIs>
					<LinearRing>
						<coordinates>
							-122.2671225270068,37.86409385677063,21 -122.2671634294443,37.86446417845478,21 -122.2665934866471,37.86453717007876,21 -122.2665189076699,37.86417116561537,21 -122.2671225270068,37.86409385677063,21 
						</coordinates>
					</LinearRing>
				</outerBoundaryIs>
			</Polygon></Placemark>
  <Placemark><name>2127 Dwight Way · 58u</name><styleUrl>#lab1</styleUrl><Region><LatLonAltBox><west>-122.267163</west><east>-122.266519</east><south>37.864094</south><north>37.864537</north></LatLonAltBox><Lod><minLodPixels>700</minLodPixels><maxLodPixels>-1</maxLodPixels></Lod></Region><Point><altitudeMode>relativeToGround</altitudeMode><coordinates>-122.266904,37.864272,21.0</coordinates></Point></Placemark>
  <Placemark><styleUrl>#poly1</styleUrl><description><![CDATA[<b>2712 TELEGRAPH Ave</b><br/><b>Units:</b> 57<br/><b>VLI Units:</b> 0<br/><b>Stories:</b> 6<br/><b>Height:</b> 21.0m<br/><b>Status:</b> In Review]]></description><Polygon>
				<extrude>1</extrude>
				<altitudeMode>relativeToGround</altitudeMode>
				<outerBoundaryIs>
					<LinearRing>
						<coordinates>
							-122.2591867947974,37.86118063970827,21 -122.2591784717601,37.86128009924818,21 -122.2595675901718,37.86124439352367,21 -122.2595596904196,37.86114300347911,21 -122.2591867947974,37.86118063970827,21 
						</coordinates>
					</LinearRing>
				</outerBoundaryIs>
			</Polygon></Placemark>
  <Placemark><name>2712 Telegraph Ave · 57u</name><styleUrl>#lab1</styleUrl><Region><LatLonAltBox><west>-122.259568</west><east>-122.259178</east><south>37.861143</south><north>37.861280</north></LatLonAltBox><Lod><minLodPixels>700</minLodPixels><maxLodPixels>-1</maxLodPixels></Lod></Region><Point><altitudeMode>relativeToGround</altitudeMode><coordinates>-122.259336,37.861206,21.0</coordinates></Point></Placemark>
  <Placemark><styleUrl>#poly1</styleUrl><description><![CDATA[<b>1740 SAN PABLO Ave</b><br/><b>Units:</b> 54<br/><b>VLI Units:</b> 0<br/><b>Stories:</b> 6<br/><b>Height:</b> 21.0m<br/><b>Status:</b> In Review- Demolition Permit issued]]></description><Polygon>
				<extrude>1</extrude>
				<altitudeMode>relativeToGround</altitudeMode>
				<outerBoundaryIs>
					<LinearRing>
						<coordinates>
							-122.293295354317,37.87212047394777,21 -122.2931793730616,37.8717658364801,21 -122.2935069934474,37.87170112169829,21 -122.2935964947559,37.87196344821051,21 -122.2937077779059,37.87194068856764,21 -122.2937078408349,37.87194088542696,21 -122.2937362662525,37.87202966473449,21 -122.2937364749369,37.87203031491708,21 -122.293295354317,37.87212047394777,21 
						</coordinates>
					</LinearRing>
				</outerBoundaryIs>
			</Polygon></Placemark>
  <Placemark><name>1740 San Pablo Ave · 54u</name><styleUrl>#lab1</styleUrl><Region><LatLonAltBox><west>-122.293736</west><east>-122.293179</east><south>37.871701</south><north>37.872120</north></LatLonAltBox><Lod><minLodPixels>700</minLodPixels><maxLodPixels>-1</maxLodPixels></Lod></Region><Point><altitudeMode>relativeToGround</altitudeMode><coordinates>-122.293529,37.871957,21.0</coordinates></Point></Placemark>
  <Placemark><styleUrl>#poly1</styleUrl><description><![CDATA[<b>2902 ADELINE St</b><br/><b>Units:</b> 54<br/><b>VLI Units:</b> 0<br/><b>Stories:</b> 6<br/><b>Height:</b> 21.0m<br/><b>Status:</b> Under Construction]]></description><Polygon>
				<extrude>1</extrude>
				<altitudeMode>relativeToGround</altitudeMode>
				<outerBoundaryIs>
					<LinearRing>
						<coordinates>
							-122.2689516184713,37.85608056732554,21 -122.2692005890103,37.85613382815464,21 -122.2692171718806,37.85632104778109,21 -122.2690220622034,37.8563473207553,21 -122.2689806274467,37.85635275338876,21 -122.2689493860513,37.8563504612152,21 -122.2689089124028,37.85632361094098,21 -122.2688927360787,37.85629913501145,21 -122.268887050377,37.85627861690572,21 -122.2688865980347,37.85626007899035,21 -122.2688946630166,37.8562345539541,21 -122.2689516184713,37.85608056732554,21 
						</coordinates>
					</LinearRing>
				</outerBoundaryIs>
			</Polygon></Placemark>
  <Placemark><name>2902 Adeline St · 54u</name><styleUrl>#lab1</styleUrl><Region><LatLonAltBox><west>-122.269217</west><east>-122.268887</east><south>37.856081</south><north>37.856353</north></LatLonAltBox><Lod><minLodPixels>700</minLodPixels><maxLodPixels>-1</maxLodPixels></Lod></Region><Point><altitudeMode>relativeToGround</altitudeMode><coordinates>-122.268979,37.856255,21.0</coordinates></Point></Placemark>
  <Placemark><styleUrl>#poly1</styleUrl><description><![CDATA[<b>2727 HASTE St</b><br/><b>Units:</b> 45<br/><b>VLI Units:</b> 0<br/><b>Stories:</b> 6<br/><b>Height:</b> 21.0m<br/><b>Status:</b> In Review]]></description><Polygon>
				<extrude>1</extrude>
				<altitudeMode>relativeToGround</altitudeMode>
				<outerBoundaryIs>
					<LinearRing>
						<coordinates>
							-122.2526675863785,37.86679147643808,21 -122.252840349208,37.86677106089854,21 -122.2529190463202,37.86716885763084,21 -122.2527549900336,37.86719120502796,21 -122.2526675863785,37.86679147643808,21 
						</coordinates>
					</LinearRing>
				</outerBoundaryIs>
			</Polygon></Placemark>
  <Placemark><name>2727 Haste St · 45u</name><styleUrl>#lab1</styleUrl><Region><LatLonAltBox><west>-122.252919</west><east>-122.252668</east><south>37.866771</south><north>37.867191</north></LatLonAltBox><Lod><minLodPixels>700</minLodPixels><maxLodPixels>-1</maxLodPixels></Lod></Region><Point><altitudeMode>relativeToGround</altitudeMode><coordinates>-122.252770,37.866943,21.0</coordinates></Point></Placemark>
  <Placemark><styleUrl>#poly1</styleUrl><description><![CDATA[<b>2018 BLAKE St</b><br/><b>Units:</b> 12<br/><b>VLI Units:</b> 0<br/><b>Stories:</b> 6<br/><b>Height:</b> 21.0m<br/><b>Status:</b> Permits Active]]></description><Polygon>
				<extrude>1</extrude>
				<altitudeMode>relativeToGround</altitudeMode>
				<outerBoundaryIs>
					<LinearRing>
						<coordinates>
							-122.2688077024503,37.86275877898005,21 -122.2689284935812,37.86273911476908,21 -122.2688667444597,37.86240150722207,21 -122.2687389942263,37.86241989428217,21 -122.2688077024503,37.86275877898005,21 
						</coordinates>
					</LinearRing>
				</outerBoundaryIs>
			</Polygon></Placemark>
  <Placemark><name>2018 Blake St · 12u</name><styleUrl>#lab1</styleUrl><Region><LatLonAltBox><west>-122.268928</west><east>-122.268739</east><south>37.862402</south><north>37.862759</north></LatLonAltBox><Lod><minLodPixels>700</minLodPixels><maxLodPixels>-1</maxLodPixels></Lod></Region><Point><altitudeMode>relativeToGround</altitudeMode><coordinates>-122.268830,37.862616,21.0</coordinates></Point></Placemark>
  <Placemark><styleUrl>#poly1</styleUrl><description><![CDATA[<b>1449 CORNELL Ave</b><br/><b>Units:</b> 3<br/><b>VLI Units:</b> 0<br/><b>Stories:</b> 2<br/><b>Height:</b> 18.3m<br/><b>Status:</b> In Review]]></description><Polygon>
				<extrude>1</extrude>
				<altitudeMode>relativeToGround</altitudeMode>
				<outerBoundaryIs>
					<LinearRing>
						<coordinates>
							-122.2917975196272,37.87767731446908,18.3 -122.2920492253085,37.87762473014826,18.3 -122.2920010440345,37.87749499598228,18.3 -122.2917544160558,37.87754268609275,18.3 -122.2917975196272,37.87767731446908,18.3 
						</coordinates>
					</LinearRing>
				</outerBoundaryIs>
			</Polygon></Placemark>
  <Placemark><name>1449 Cornell Ave · 3u</name><styleUrl>#lab1</styleUrl><Region><LatLonAltBox><west>-122.292049</west><east>-122.291754</east><south>37.877495</south><north>37.877677</north></LatLonAltBox><Lod><minLodPixels>700</minLodPixels><maxLodPixels>-1</maxLodPixels></Lod></Region><Point><altitudeMode>relativeToGround</altitudeMode><coordinates>-122.291880,37.877603,18.3</coordinates></Point></Placemark>
  <Placemark><styleUrl>#poly1</styleUrl><description><![CDATA[<b>1708 HARMON St</b><br/><b>Units:</b> 80<br/><b>VLI Units:</b> 80<br/><b>Stories:</b> 5<br/><b>Height:</b> 17.5m<br/><b>Status:</b> Permits Active]]></description><Polygon>
				<extrude>1</extrude>
				<altitudeMode>relativeToGround</altitudeMode>
				<outerBoundaryIs>
					<LinearRing>
						<coordinates>
							-122.2732345244464,37.84923034250092,17.5 -122.2732221485848,37.84912023331194,17.5 -122.2728122705305,37.84917477286226,17.5 -122.2727783737108,37.84887318848318,17.5 -122.2729833130868,37.84884592254835,17.5 -122.2731882523263,37.84881865535392,17.5 -122.2731651158681,37.84861281266259,17.5 -122.2735749916395,37.84855827815998,17.5 -122.2736583168587,37.84929958645437,17.5 -122.2732484370311,37.8493541211987,17.5 -122.2732345244464,37.84923034250092,17.5 
						</coordinates>
					</LinearRing>
				</outerBoundaryIs>
			</Polygon></Placemark>
  <Placemark><name>1708 Harmon St · 80u</name><styleUrl>#lab1</styleUrl><Region><LatLonAltBox><west>-122.273658</west><east>-122.272778</east><south>37.848558</south><north>37.849354</north></LatLonAltBox><Lod><minLodPixels>700</minLodPixels><maxLodPixels>-1</maxLodPixels></Lod></Region><Point><altitudeMode>relativeToGround</altitudeMode><coordinates>-122.273191,37.849011,17.5</coordinates></Point></Placemark>
  <Placemark><styleUrl>#poly1</styleUrl><description><![CDATA[<b>2650 TELEGRAPH Ave</b><br/><b>Units:</b> 45<br/><b>VLI Units:</b> 0<br/><b>Stories:</b> 5<br/><b>Height:</b> 17.5m<br/><b>Status:</b> Completed]]></description><Polygon>
				<extrude>1</extrude>
				<altitudeMode>relativeToGround</altitudeMode>
				<outerBoundaryIs>
					<LinearRing>
						<coordinates>
							-122.2594818804423,37.86141491280154,17.5 -122.2595038530172,37.86153819008349,17.5 -122.2595310262993,37.86166139010827,17.5 -122.2595330912307,37.86167509372751,17.5 -122.2590754941378,37.86173685034988,17.5 -122.2591209671242,37.86146286237215,17.5 -122.2594818804423,37.86141491280154,17.5 
						</coordinates>
					</LinearRing>
				</outerBoundaryIs>
			</Polygon></Placemark>
  <Placemark><name>2650 Telegraph Ave · 45u</name><styleUrl>#lab1</styleUrl><Region><LatLonAltBox><west>-122.259533</west><east>-122.259075</east><south>37.861415</south><north>37.861737</north></LatLonAltBox><Lod><minLodPixels>700</minLodPixels><maxLodPixels>-1</maxLodPixels></Lod></Region><Point><altitudeMode>relativeToGround</altitudeMode><coordinates>-122.259390,37.861558,17.5</coordinates></Point></Placemark>
  <Placemark><styleUrl>#poly1</styleUrl><description><![CDATA[<b>2435 SAN PABLO Ave</b><br/><b>Units:</b> 40<br/><b>VLI Units:</b> 0<br/><b>Stories:</b> 5<br/><b>Height:</b> 17.5m<br/><b>Status:</b> In Review<br/><i>(height estimated from units)</i>]]></description><Polygon>
				<extrude>1</extrude>
				<altitudeMode>relativeToGround</altitudeMode>
				<outerBoundaryIs>
					<LinearRing>
						<coordinates>
							-122.2895042915844,37.86142280011865,17.5 -122.2891663897388,37.8614571759268,17.5 -122.2892316568631,37.86166939314461,17.5 -122.2895665510358,37.86162955333157,17.5 -122.2895042915844,37.86142280011865,17.5 
						</coordinates>
					</LinearRing>
				</outerBoundaryIs>
			</Polygon></Placemark>
  <Placemark><name>2435 San Pablo Ave · 40u</name><styleUrl>#lab1</styleUrl><Region><LatLonAltBox><west>-122.289567</west><east>-122.289166</east><south>37.861423</south><north>37.861669</north></LatLonAltBox><Lod><minLodPixels>700</minLodPixels><maxLodPixels>-1</maxLodPixels></Lod></Region><Point><altitudeMode>relativeToGround</altitudeMode><coordinates>-122.289395,37.861520,17.5</coordinates></Point></Placemark>
  <Placemark><styleUrl>#poly1</styleUrl><description><![CDATA[<b>1698 UNIVERSITY Ave</b><br/><b>Units:</b> 36<br/><b>VLI Units:</b> 0<br/><b>Stories:</b> 5<br/><b>Height:</b> 17.5m<br/><b>Status:</b> Completed]]></description><Polygon>
				<extrude>1</extrude>
				<altitudeMode>relativeToGround</altitudeMode>
				<outerBoundaryIs>
					<LinearRing>
						<coordinates>
							-122.2775745227382,37.87054536321396,17.5 -122.2778405116316,37.87051115427237,17.5 -122.2779147615954,37.87050110873362,17.5 -122.2779440282607,37.87078221555851,17.5 -122.2776072426654,37.87082642731322,17.5 -122.2775745227382,37.87054536321396,17.5 
						</coordinates>
					</LinearRing>
				</outerBoundaryIs>
			</Polygon></Placemark>
  <Placemark><name>1698 University Ave · 36u</name><styleUrl>#lab1</styleUrl><Region><LatLonAltBox><west>-122.277944</west><east>-122.277575</east><south>37.870501</south><north>37.870826</north></LatLonAltBox><Lod><minLodPixels>700</minLodPixels><maxLodPixels>-1</maxLodPixels></Lod></Region><Point><altitudeMode>relativeToGround</altitudeMode><coordinates>-122.277743,37.870619,17.5</coordinates></Point></Placemark>
  <Placemark><styleUrl>#poly1</styleUrl><description><![CDATA[<b>3000 SAN PABLO Ave</b><br/><b>Units:</b> 29<br/><b>VLI Units:</b> 0<br/><b>Stories:</b> 5<br/><b>Height:</b> 17.5m<br/><b>Status:</b> In Review<br/><i>(height estimated from units)</i>]]></description><Polygon>
				<extrude>1</extrude>
				<altitudeMode>relativeToGround</altitudeMode>
				<outerBoundaryIs>
					<LinearRing>
						<coordinates>
							-122.2871498413579,37.85169237651806,17.5 -122.2872376181724,37.85195611856017,17.5 -122.2868376658691,37.85203564632605,17.5 -122.2867483346732,37.85177811622123,17.5 -122.2871498413579,37.85169237651806,17.5 
						</coordinates>
					</LinearRing>
				</outerBoundaryIs>
			</Polygon></Placemark>
  <Placemark><name>3000 San Pablo Ave · 78u</name><styleUrl>#lab1</styleUrl><Region><LatLonAltBox><west>-122.287238</west><east>-122.286748</east><south>37.851692</south><north>37.852036</north></LatLonAltBox><Lod><minLodPixels>700</minLodPixels><maxLodPixels>-1</maxLodPixels></Lod></Region><Point><altitudeMode>relativeToGround</altitudeMode><coordinates>-122.287025,37.851831,17.5</coordinates></Point></Placemark>
  <Placemark><styleUrl>#poly1</styleUrl><description><![CDATA[<b>3020 SAN PABLO Ave</b><br/><b>Units:</b> 29<br/><b>VLI Units:</b> 0<br/><b>Stories:</b> 5<br/><b>Height:</b> 17.5m<br/><b>Status:</b> In Review<br/><i>(height estimated from units)</i>]]></description><Polygon>
				<extrude>1</extrude>
				<altitudeMode>relativeToGround</altitudeMode>
				<outerBoundaryIs>
					<LinearRing>
						<coordinates>
							-122.2867671025068,37.85097507654726,17.5 -122.2868723307908,37.85131752475877,17.5 -122.2866138651012,37.85137293907238,17.5 -122.2865034001238,37.85102919799498,17.5 -122.2867671025068,37.85097507654726,17.5 
						</coordinates>
					</LinearRing>
				</outerBoundaryIs>
			</Polygon></Placemark>
  <Placemark><name>3020 San Pablo Ave · 29u</name><styleUrl>#lab1</styleUrl><Region><LatLonAltBox><west>-122.286872</west><east>-122.286503</east><south>37.850975</south><north>37.851373</north></LatLonAltBox><Lod><minLodPixels>700</minLodPixels><maxLodPixels>-1</maxLodPixels></Lod></Region><Point><altitudeMode>relativeToGround</altitudeMode><coordinates>-122.286705,37.851134,17.5</coordinates></Point></Placemark>
  <Placemark><styleUrl>#poly1</styleUrl><description><![CDATA[<b>1773 OXFORD St</b><br/><b>Units:</b> 24<br/><b>VLI Units:</b> 2<br/><b>Stories:</b> 5<br/><b>Height:</b> 17.5m<br/><b>Status:</b> Completed]]></description><Polygon>
				<extrude>1</extrude>
				<altitudeMode>relativeToGround</altitudeMode>
				<outerBoundaryIs>
					<LinearRing>
						<coordinates>
							-122.266015289544,37.87549826294272,17.5 -122.2663974734096,37.87546781556311,17.5 -122.2664188889229,37.87563917712671,17.5 -122.2660366006676,37.87566550321942,17.5 -122.266015289544,37.87549826294272,17.5 
						</coordinates>
					</LinearRing>
				</outerBoundaryIs>
			</Polygon></Placemark>
  <Placemark><name>1773 Oxford St · 24u</name><styleUrl>#lab1</styleUrl><Region><LatLonAltBox><west>-122.266419</west><east>-122.266015</east><south>37.875468</south><north>37.875666</north></LatLonAltBox><Lod><minLodPixels>700</minLodPixels><maxLodPixels>-1</maxLodPixels></Lod></Region><Point><altitudeMode>relativeToGround</altitudeMode><coordinates>-122.266177,37.875554,17.5</coordinates></Point></Placemark>
  <Placemark><styleUrl>#poly1</styleUrl><description><![CDATA[<b>2614 TELEGRAPH Ave</b><br/><b>Units:</b> 31<br/><b>VLI Units:</b> 3<br/><b>Stories:</b> 5<br/><b>Height:</b> 17.4m<br/><b>Status:</b> In Review]]></description><Polygon>
				<extrude>1</extrude>
				<altitudeMode>relativeToGround</altitudeMode>
				<outerBoundaryIs>
					<LinearRing>
						<coordinates>
							-122.259021335817,37.86267379256085,17.4 -122.2589822734276,37.86284465967871,17.4 -122.2593853167459,37.8628168379219,17.4 -122.2593537302589,37.86267666212611,17.4 -122.259021335817,37.86267379256085,17.4 
						</coordinates>
					</LinearRing>
				</outerBoundaryIs>
			</Polygon></Placemark>
  <Placemark><name>2614 Telegraph Ave · 31u</name><styleUrl>#lab1</styleUrl><Region><LatLonAltBox><west>-122.259385</west><east>-122.258982</east><south>37.862674</south><north>37.862845</north></LatLonAltBox><Lod><minLodPixels>700</minLodPixels><maxLodPixels>-1</maxLodPixels></Lod></Region><Point><altitudeMode>relativeToGround</altitudeMode><coordinates>-122.259153,37.862737,17.4</coordinates></Point></Placemark>
  <Placemark><styleUrl>#poly1</styleUrl><description><![CDATA[<b>1790 UNIVERSITY Ave</b><br/><b>Units:</b> 17<br/><b>VLI Units:</b> 0<br/><b>Stories:</b> 5<br/><b>Height:</b> 17.1m<br/><b>Status:</b> In Review]]></description><Polygon>
				<extrude>1</extrude>
				<altitudeMode>relativeToGround</altitudeMode>
				<outerBoundaryIs>
					<LinearRing>
						<coordinates>
							-122.2755106466407,37.87081609308427,17.1 -122.2756834063984,37.87079563501471,17.1 -122.2757187021076,37.87103956960104,17.1 -122.2757246665306,37.87107175537535,17.1 -122.2755519335904,37.87109289324105,17.1 -122.2755106466407,37.87081609308427,17.1 
						</coordinates>
					</LinearRing>
				</outerBoundaryIs>
			</Polygon></Placemark>
  <Placemark><name>1790 University Ave · 17u</name><styleUrl>#lab1</styleUrl><Region><LatLonAltBox><west>-122.275725</west><east>-122.275511</east><south>37.870796</south><north>37.871093</north></LatLonAltBox><Lod><minLodPixels>700</minLodPixels><maxLodPixels>-1</maxLodPixels></Lod></Region><Point><altitudeMode>relativeToGround</altitudeMode><coordinates>-122.275617,37.870939,17.1</coordinates></Point></Placemark>
  <Placemark><styleUrl>#poly1</styleUrl><description><![CDATA[<b>2317 CHANNING Way</b><br/><b>Units:</b> 22<br/><b>VLI Units:</b> 0<br/><b>Stories:</b> 5<br/><b>Height:</b> 15.2m<br/><b>Status:</b> Stalled]]></description><Polygon>
				<extrude>1</extrude>
				<altitudeMode>relativeToGround</altitudeMode>
				<outerBoundaryIs>
					<LinearRing>
						<coordinates>
							-122.2624806264893,37.86652519704887,15.2 -122.2626361026639,37.8665070815042,15.2 -122.2627067987687,37.86685691545285,15.2 -122.2626152089731,37.86686652375656,15.2 -122.2625460924277,37.86687442600704,15.2 -122.2624806264893,37.86652519704887,15.2 
						</coordinates>
					</LinearRing>
				</outerBoundaryIs>
			</Polygon></Placemark>
  <Placemark><name>2317 Channing Way · 22u</name><styleUrl>#lab1</styleUrl><Region><LatLonAltBox><west>-122.262707</west><east>-122.262481</east><south>37.866507</south><north>37.866874</north></LatLonAltBox><Lod><minLodPixels>700</minLodPixels><maxLodPixels>-1</maxLodPixels></Lod></Region><Point><altitudeMode>relativeToGround</altitudeMode><coordinates>-122.262578,37.866693,15.2</coordinates></Point></Placemark>
  <Placemark><styleUrl>#poly1</styleUrl><description><![CDATA[<b>2555 COLLEGE Ave</b><br/><b>Units:</b> 12<br/><b>VLI Units:</b> 1<br/><b>Stories:</b> 4<br/><b>Height:</b> 14.3m<br/><b>Status:</b> Completed]]></description><Polygon>
				<extrude>1</extrude>
				<altitudeMode>relativeToGround</altitudeMode>
				<outerBoundaryIs>
					<LinearRing>
						<coordinates>
							-122.2534527757983,37.86402343221996,14.3 -122.2536291919292,37.86401188032259,14.3 -122.2536604435935,37.86423390797881,14.3 -122.2534787743357,37.86424345729067,14.3 -122.2534527757983,37.86402343221996,14.3 
						</coordinates>
					</LinearRing>
				</outerBoundaryIs>
			</Polygon></Placemark>
  <Placemark><name>2555 College Ave · 12u</name><styleUrl>#lab1</styleUrl><Region><LatLonAltBox><west>-122.253660</west><east>-122.253453</east><south>37.864012</south><north>37.864243</north></LatLonAltBox><Lod><minLodPixels>700</minLodPixels><maxLodPixels>-1</maxLodPixels></Lod></Region><Point><altitudeMode>relativeToGround</altitudeMode><coordinates>-122.253535,37.864107,14.3</coordinates></Point></Placemark>
  <Placemark><styleUrl>#poly1</styleUrl><description><![CDATA[<b>2449 DWIGHT Way</b><br/><b>Units:</b> 39<br/><b>VLI Units:</b> 2<br/><b>Stories:</b> 4<br/><b>Height:</b> 14.0m<br/><b>Status:</b> In Review]]></description><Polygon>
				<extrude>1</extrude>
				<altitudeMode>relativeToGround</altitudeMode>
				<outerBoundaryIs>
					<LinearRing>
						<coordinates>
							-122.2589295486942,37.86515259089632,14 -122.2589915345704,37.86542908280077,14 -122.2589759998851,37.86543137705787,14 -122.2586254514512,37.86547848352895,14 -122.258573724807,37.86519702052679,14 -122.2589295486942,37.86515259089632,14 
						</coordinates>
					</LinearRing>
				</outerBoundaryIs>
			</Polygon></Placemark>
  <Placemark><name>2449 Dwight Way · 39u</name><styleUrl>#lab1</styleUrl><Region><LatLonAltBox><west>-122.258992</west><east>-122.258574</east><south>37.865153</south><north>37.865478</north></LatLonAltBox><Lod><minLodPixels>700</minLodPixels><maxLodPixels>-1</maxLodPixels></Lod></Region><Point><altitudeMode>relativeToGround</altitudeMode><coordinates>-122.258838,37.865307,14.0</coordinates></Point></Placemark>
  <Placemark><styleUrl>#poly1</styleUrl><description><![CDATA[<b>1367 UNIVERSITY Ave</b><br/><b>Units:</b> 39<br/><b>VLI Units:</b> 39<br/><b>Stories:</b> 4<br/><b>Height:</b> 14.0m<br/><b>Status:</b> Completed]]></description><Polygon>
				<extrude>1</extrude>
				<altitudeMode>relativeToGround</altitudeMode>
				<outerBoundaryIs>
					<LinearRing>
						<coordinates>
							-122.2850755543567,37.87015337570012,14 -122.2852482927737,37.87013223017887,14 -122.2853086456282,37.87040805047056,14 -122.2851272830391,37.87043139514015,14 -122.2850755543567,37.87015337570012,14 
						</coordinates>
					</LinearRing>
				</outerBoundaryIs>
			</Polygon></Placemark>
  <Placemark><name>1367 University Ave · 39u</name><styleUrl>#lab1</styleUrl><Region><LatLonAltBox><west>-122.285309</west><east>-122.285076</east><south>37.870132</south><north>37.870431</north></LatLonAltBox><Lod><minLodPixels>700</minLodPixels><maxLodPixels>-1</maxLodPixels></Lod></Region><Point><altitudeMode>relativeToGround</altitudeMode><coordinates>-122.285167,37.870256,14.0</coordinates></Point></Placemark>
  <Placemark><styleUrl>#poly1</styleUrl><description><![CDATA[<b>2403 SAN PABLO Ave</b><br/><b>Units:</b> 36<br/><b>VLI Units:</b> 0<br/><b>Stories:</b> 4<br/><b>Height:</b> 14.0m<br/><b>Status:</b> Under Construction]]></description><Polygon>
				<extrude>1</extrude>
				<altitudeMode>relativeToGround</altitudeMode>
				<outerBoundaryIs>
					<LinearRing>
						<coordinates>
							-122.2895151042547,37.86264853571669,14 -122.2898604719566,37.86260279299499,14 -122.2899278240271,37.86280982982716,14 -122.2895825060205,37.86285764151032,14 -122.2895151042547,37.86264853571669,14 
						</coordinates>
					</LinearRing>
				</outerBoundaryIs>
			</Polygon></Placemark>
  <Placemark><name>2403 San Pablo Ave · 36u</name><styleUrl>#lab1</styleUrl><Region><LatLonAltBox><west>-122.289928</west><east>-122.289515</east><south>37.862603</south><north>37.862858</north></LatLonAltBox><Lod><minLodPixels>700</minLodPixels><maxLodPixels>-1</maxLodPixels></Lod></Region><Point><altitudeMode>relativeToGround</altitudeMode><coordinates>-122.289680,37.862713,14.0</coordinates></Point></Placemark>
  <Placemark><styleUrl>#poly1</styleUrl><description><![CDATA[<b>2800 TELEGRAPH Ave</b><br/><b>Units:</b> 18<br/><b>VLI Units:</b> 0<br/><b>Stories:</b> 4<br/><b>Height:</b> 14.0m<br/><b>Status:</b> Permits Active<br/><i>(height estimated from units)</i>]]></description><Polygon>
				<extrude>1</extrude>
				<altitudeMode>relativeToGround</altitudeMode>
				<outerBoundaryIs>
					<LinearRing>
						<coordinates>
							-122.2594466557661,37.85941383905027,14 -122.2596637435913,37.85939419915811,14 -122.2596206178596,37.85923053171098,14 -122.2594341077352,37.85925459949244,14 -122.2594466557661,37.85941383905027,14 
						</coordinates>
					</LinearRing>
				</outerBoundaryIs>
			</Polygon></Placemark>
  <Placemark><name>2800 Telegraph Ave · 18u</name><styleUrl>#lab1</styleUrl><Region><LatLonAltBox><west>-122.259664</west><east>-122.259434</east><south>37.859231</south><north>37.859414</north></LatLonAltBox><Lod><minLodPixels>700</minLodPixels><maxLodPixels>-1</maxLodPixels></Lod></Region><Point><altitudeMode>relativeToGround</altitudeMode><coordinates>-122.259522,37.859341,14.0</coordinates></Point></Placemark>
  <Placemark><styleUrl>#poly1</styleUrl><description><![CDATA[<b>2344 FULTON St</b><br/><b>Units:</b> 18<br/><b>VLI Units:</b> 0<br/><b>Stories:</b> 4<br/><b>Height:</b> 14.0m<br/><b>Status:</b> Pre-Application<br/><i>(height estimated from units)</i>]]></description><Polygon>
				<extrude>1</extrude>
				<altitudeMode>relativeToGround</altitudeMode>
				<outerBoundaryIs>
					<LinearRing>
						<coordinates>
							-122.2659281962935,37.86609048144079,14 -122.2659504061229,37.86622337123308,14 -122.265784651085,37.86624645176639,14 -122.2657572906457,37.86611638692021,14 -122.2659281962935,37.86609048144079,14 
						</coordinates>
					</LinearRing>
				</outerBoundaryIs>
			</Polygon></Placemark>
  <Placemark><name>2344 Fulton St · 18u</name><styleUrl>#lab1</styleUrl><Region><LatLonAltBox><west>-122.265950</west><east>-122.265757</east><south>37.866090</south><north>37.866246</north></LatLonAltBox><Lod><minLodPixels>700</minLodPixels><maxLodPixels>-1</maxLodPixels></Lod></Region><Point><altitudeMode>relativeToGround</altitudeMode><coordinates>-122.265870,37.866153,14.0</coordinates></Point></Placemark>
  <Placemark><styleUrl>#poly1</styleUrl><description><![CDATA[<b>1710 UNIVERSITY Ave</b><br/><b>Units:</b> 16<br/><b>VLI Units:</b> 0<br/><b>Stories:</b> 4<br/><b>Height:</b> 14.0m<br/><b>Status:</b> Application Submitted]]></description><Polygon>
				<extrude>1</extrude>
				<altitudeMode>relativeToGround</altitudeMode>
				<outerBoundaryIs>
					<LinearRing>
						<coordinates>
							-122.2770412598375,37.87063305544324,14 -122.277191550189,37.87061432014789,14 -122.2772289938015,37.87087538212914,14 -122.277075289304,37.87089555749958,14 -122.2770412598375,37.87063305544324,14 
						</coordinates>
					</LinearRing>
				</outerBoundaryIs>
			</Polygon></Placemark>
  <Placemark><name>1710 University Ave · 16u</name><styleUrl>#lab1</styleUrl><Region><LatLonAltBox><west>-122.277229</west><east>-122.277041</east><south>37.870614</south><north>37.870896</north></LatLonAltBox><Lod><minLodPixels>700</minLodPixels><maxLodPixels>-1</maxLodPixels></Lod></Region><Point><altitudeMode>relativeToGround</altitudeMode><coordinates>-122.277116,37.870730,14.0</coordinates></Point></Placemark>
  <Placemark><styleUrl>#poly1</styleUrl><description><![CDATA[<b>1740 UNIVERSITY Ave</b><br/><b>Units:</b> 12<br/><b>VLI Units:</b> 0<br/><b>Stories:</b> 4<br/><b>Height:</b> 14.0m<br/><b>Status:</b> Entitled<br/><i>(height estimated from units)</i>]]></description><Polygon>
				<extrude>1</extrude>
				<altitudeMode>relativeToGround</altitudeMode>
				<outerBoundaryIs>
					<LinearRing>
						<coordinates>
							-122.2765656903125,37.87095816119169,14 -122.276738432913,37.87093702099357,14 -122.2766861746376,37.87056355514937,14 -122.2765168566166,37.87058326884512,14 -122.2765656903125,37.87095816119169,14 
						</coordinates>
					</LinearRing>
				</outerBoundaryIs>
			</Polygon></Placemark>
  <Placemark><name>1740 University Ave · 12u</name><styleUrl>#lab1</styleUrl><Region><LatLonAltBox><west>-122.276738</west><east>-122.276517</east><south>37.870564</south><north>37.870958</north></LatLonAltBox><Lod><minLodPixels>700</minLodPixels><maxLodPixels>-1</maxLodPixels></Lod></Region><Point><altitudeMode>relativeToGround</altitudeMode><coordinates>-122.276615,37.870800,14.0</coordinates></Point></Placemark>
  <Placemark><styleUrl>#poly1</styleUrl><description><![CDATA[<b>1015 UNIVERSITY Ave</b><br/><b>Units:</b> 9<br/><b>VLI Units:</b> 0<br/><b>Stories:</b> 4<br/><b>Height:</b> 14.0m<br/><b>Status:</b> Application Submitted<br/><i>(height estimated from units)</i>]]></description><Polygon>
				<extrude>1</extrude>
				<altitudeMode>relativeToGround</altitudeMode>
				<outerBoundaryIs>
					<LinearRing>
						<coordinates>
							-122.2929587230795,37.86908832169384,14 -122.2932482445784,37.86902486228168,14 -122.2933360306816,37.86928791244949,14 -122.2930447903793,37.86935207647553,14 -122.2929587230795,37.86908832169384,14 
						</coordinates>
					</LinearRing>
				</outerBoundaryIs>
			</Polygon></Placemark>
  <Placemark><name>1015 University Ave · 9u</name><styleUrl>#lab1</styleUrl><Region><LatLonAltBox><west>-122.293336</west><east>-122.292959</east><south>37.869025</south><north>37.869352</north></LatLonAltBox><Lod><minLodPixels>700</minLodPixels><maxLodPixels>-1</maxLodPixels></Lod></Region><Point><altitudeMode>relativeToGround</altitudeMode><coordinates>-122.293109,37.869168,14.0</coordinates></Point></Placemark>
  <Placemark><styleUrl>#poly1</styleUrl><description><![CDATA[<b>2428 MILVIA St</b><br/><b>Units:</b> 8<br/><b>VLI Units:</b> 0<br/><b>Stories:</b> 4<br/><b>Height:</b> 14.0m<br/><b>Status:</b> In Review<br/><i>(height estimated from units)</i>]]></description><Polygon>
				<extrude>1</extrude>
				<altitudeMode>relativeToGround</altitudeMode>
				<outerBoundaryIs>
					<LinearRing>
						<coordinates>
							-122.2699872507569,37.86427655675264,14 -122.2701685434032,37.86425117094875,14 -122.2702076823545,37.86443943040616,14 -122.270010786763,37.86446435811148,14 -122.2699872507569,37.86427655675264,14 
						</coordinates>
					</LinearRing>
				</outerBoundaryIs>
			</Polygon></Placemark>
  <Placemark><name>2428 Milvia St · 8u</name><styleUrl>#lab1</styleUrl><Region><LatLonAltBox><west>-122.270208</west><east>-122.269987</east><south>37.864251</south><north>37.864464</north></LatLonAltBox><Lod><minLodPixels>700</minLodPixels><maxLodPixels>-1</maxLodPixels></Lod></Region><Point><altitudeMode>relativeToGround</altitudeMode><coordinates>-122.270072,37.864342,14.0</coordinates></Point></Placemark>
  <Placemark><styleUrl>#poly1</styleUrl><description><![CDATA[<b>1614 Sixth St</b><br/><b>Units:</b> 3<br/><b>VLI Units:</b> 0<br/><b>Stories:</b> 3<br/><b>Height:</b> 10.7m<br/><b>Status:</b> Entitled<br/><i>(height estimated from units)</i>]]></description><Polygon>
				<extrude>1</extrude>
				<altitudeMode>relativeToGround</altitudeMode>
				<outerBoundaryIs>
					<LinearRing>
						<coordinates>
							-122.2995356660045,37.87331635156045,10.7 -122.2995789123657,37.87346161634748,10.7 -122.2999528449162,37.87336950282449,10.7 -122.2999545051696,37.87323492788338,10.7 -122.2995356660045,37.87331635156045,10.7 
						</coordinates>
					</LinearRing>
				</outerBoundaryIs>
			</Polygon></Placemark>
  <Placemark><name>1614 Sixth St · 3u</name><styleUrl>#lab1</styleUrl><Region><LatLonAltBox><west>-122.299955</west><east>-122.299536</east><south>37.873235</south><north>37.873462</north></LatLonAltBox><Lod><minLodPixels>700</minLodPixels><maxLodPixels>-1</maxLodPixels></Lod></Region><Point><altitudeMode>relativeToGround</altitudeMode><coordinates>-122.299712,37.873340,10.7</coordinates></Point></Placemark>
  <Placemark><styleUrl>#poly1</styleUrl><description><![CDATA[<b>2150 Kittredge St</b><br/><b>Units:</b> 169<br/><b>VLI Units:</b> 0<br/><b>Stories:</b> 3<br/><b>Height:</b> 10.5m<br/><b>Status:</b> Completed<br/><i>(height estimated from units)</i>]]></description><Polygon>
				<extrude>1</extrude>
				<altitudeMode>relativeToGround</altitudeMode>
				<outerBoundaryIs>
					<LinearRing>
						<coordinates>
							-122.2667128478688,37.86819513897487,10.5 -122.2668924683713,37.86817183885958,10.5 -122.266961933351,37.86854231117494,10.5 -122.2667875679257,37.86856826056821,10.5 -122.2667128478688,37.86819513897487,10.5 
						</coordinates>
					</LinearRing>
				</outerBoundaryIs>
			</Polygon></Placemark>
  <Placemark><name>2150 Kittredge St · 169u</name><styleUrl>#lab1</styleUrl><Region><LatLonAltBox><west>-122.266962</west><east>-122.266713</east><south>37.868172</south><north>37.868568</north></LatLonAltBox><Lod><minLodPixels>700</minLodPixels><maxLodPixels>-1</maxLodPixels></Lod></Region><Point><altitudeMode>relativeToGround</altitudeMode><coordinates>-122.266814,37.868335,10.5</coordinates></Point></Placemark>
  <Placemark><styleUrl>#poly1</styleUrl><description><![CDATA[<b>1951 Shattuck Ave</b><br/><b>Units:</b> 163<br/><b>VLI Units:</b> 0<br/><b>Stories:</b> 3<br/><b>Height:</b> 10.5m<br/><b>Status:</b> Completed<br/><i>(height estimated from units)</i>]]></description><Polygon>
				<extrude>1</extrude>
				<altitudeMode>relativeToGround</altitudeMode>
				<outerBoundaryIs>
					<LinearRing>
						<coordinates>
							-122.2682560704467,37.87231964640237,10.5 -122.2678625869371,37.87237536033668,10.5 -122.2679264155894,37.87269095364908,10.5 -122.268296993053,37.87265441273202,10.5 -122.2682560704467,37.87231964640237,10.5 
						</coordinates>
					</LinearRing>
				</outerBoundaryIs>
			</Polygon></Placemark>
  <Placemark><name>1951 Shattuck Ave · 163u</name><styleUrl>#lab1</styleUrl><Region><LatLonAltBox><west>-122.268297</west><east>-122.267863</east><south>37.872320</south><north>37.872691</north></LatLonAltBox><Lod><minLodPixels>700</minLodPixels><maxLodPixels>-1</maxLodPixels></Lod></Region><Point><altitudeMode>relativeToGround</altitudeMode><coordinates>-122.268120,37.872472,10.5</coordinates></Point></Placemark>
  <Placemark><styleUrl>#poly1</styleUrl><description><![CDATA[<b>2000 University Ave</b><br/><b>Units:</b> 82<br/><b>VLI Units:</b> 0<br/><b>Stories:</b> 3<br/><b>Height:</b> 10.5m<br/><b>Status:</b> Completed<br/><i>(height estimated from units)</i>]]></description><Polygon>
				<extrude>1</extrude>
				<altitudeMode>relativeToGround</altitudeMode>
				<outerBoundaryIs>
					<LinearRing>
						<coordinates>
							-122.270396957898,37.87149925005609,10.5 -122.2705802418811,37.87148413456205,10.5 -122.2706071079295,37.87173850398432,10.5 -122.2704274263947,37.87175973367047,10.5 -122.270396957898,37.87149925005609,10.5 
						</coordinates>
					</LinearRing>
				</outerBoundaryIs>
			</Polygon></Placemark>
  <Placemark><name>2000 University Ave · 82u</name><styleUrl>#lab1</styleUrl><Region><LatLonAltBox><west>-122.270607</west><east>-122.270397</east><south>37.871484</south><north>37.871760</north></LatLonAltBox><Lod><minLodPixels>700</minLodPixels><maxLodPixels>-1</maxLodPixels></Lod></Region><Point><altitudeMode>relativeToGround</altitudeMode><coordinates>-122.270482,37.871596,10.5</coordinates></Point></Placemark>
  <Placemark><styleUrl>#poly1</styleUrl><description><![CDATA[<b>2099 MLK Jr Way</b><br/><b>Units:</b> 72<br/><b>VLI Units:</b> 0<br/><b>Stories:</b> 3<br/><b>Height:</b> 10.5m<br/><b>Status:</b> Completed<br/><i>(height estimated from units)</i>]]></description><Polygon>
				<extrude>1</extrude>
				<altitudeMode>relativeToGround</altitudeMode>
				<outerBoundaryIs>
					<LinearRing>
						<coordinates>
							-122.2724593419027,37.87072941316434,10.5 -122.2727754389462,37.87068964799388,10.5 -122.2728190673195,37.87106530189369,10.5 -122.2725081437602,37.87110430329983,10.5 -122.2724593419027,37.87072941316434,10.5 
						</coordinates>
					</LinearRing>
				</outerBoundaryIs>
			</Polygon></Placemark>
  <Placemark><name>2099 Mlk Jr Way · 72u</name><styleUrl>#lab1</styleUrl><Region><LatLonAltBox><west>-122.272819</west><east>-122.272459</east><south>37.870690</south><north>37.871104</north></LatLonAltBox><Lod><minLodPixels>700</minLodPixels><maxLodPixels>-1</maxLodPixels></Lod></Region><Point><altitudeMode>relativeToGround</altitudeMode><coordinates>-122.272604,37.870864,10.5</coordinates></Point></Placemark>
  <Placemark><styleUrl>#poly1</styleUrl><description><![CDATA[<b>2200 FIFTH St</b><br/><b>Units:</b> 8<br/><b>VLI Units:</b> 0<br/><b>Stories:</b> 3<br/><b>Height:</b> 10.5m<br/><b>Status:</b> Withdrawn]]></description><Polygon>
				<extrude>1</extrude>
				<altitudeMode>relativeToGround</altitudeMode>
				<outerBoundaryIs>
					<LinearRing>
						<coordinates>
							-122.2978934610282,37.86453872729266,10.5 -122.2983070750677,37.86445002534158,10.5 -122.2983537011781,37.86458665546985,10.5 -122.2984347165825,37.86457031288079,10.5 -122.2985225959539,37.864836094511,10.5 -122.2980245484807,37.86494394384462,10.5 -122.2978934610282,37.86453872729266,10.5 
						</coordinates>
					</LinearRing>
				</outerBoundaryIs>
			</Polygon></Placemark>
  <Placemark><name>2200 Fifth St · 8u</name><styleUrl>#lab1</styleUrl><Region><LatLonAltBox><west>-122.298523</west><east>-122.297893</east><south>37.864450</south><north>37.864944</north></LatLonAltBox><Lod><minLodPixels>700</minLodPixels><maxLodPixels>-1</maxLodPixels></Lod></Region><Point><altitudeMode>relativeToGround</altitudeMode><coordinates>-122.298204,37.864638,10.5</coordinates></Point></Placemark>
  <Placemark><styleUrl>#poly1</styleUrl><description><![CDATA[<b>1745 CEDAR St</b><br/><b>Units:</b> 6<br/><b>VLI Units:</b> 0<br/><b>Stories:</b> 3<br/><b>Height:</b> 10.5m<br/><b>Status:</b> In Review]]></description><Polygon>
				<extrude>1</extrude>
				<altitudeMode>relativeToGround</altitudeMode>
				<outerBoundaryIs>
					<LinearRing>
						<coordinates>
							-122.2761909092565,37.87759178798435,10.5 -122.2762264997812,37.8779201686204,10.5 -122.2760969705404,37.87793791356344,10.5 -122.2760579725296,37.87761164799709,10.5 -122.2761909092565,37.87759178798435,10.5 
						</coordinates>
					</LinearRing>
				</outerBoundaryIs>
			</Polygon></Placemark>
  <Placemark><name>1745 Cedar St · 6u</name><styleUrl>#lab1</styleUrl><Region><LatLonAltBox><west>-122.276226</west><east>-122.276058</east><south>37.877592</south><north>37.877938</north></LatLonAltBox><Lod><minLodPixels>700</minLodPixels><maxLodPixels>-1</maxLodPixels></Lod></Region><Point><altitudeMode>relativeToGround</altitudeMode><coordinates>-122.276153,37.877731,10.5</coordinates></Point></Placemark>
  <Placemark><styleUrl>#poly1</styleUrl><description><![CDATA[<b>1850 BERRYMAN St</b><br/><b>Units:</b> 6<br/><b>VLI Units:</b> 0<br/><b>Stories:</b> 3<br/><b>Height:</b> 10.5m<br/><b>Status:</b> Application Submitted]]></description><Polygon>
				<extrude>1</extrude>
				<altitudeMode>relativeToGround</altitudeMode>
				<outerBoundaryIs>
					<LinearRing>
						<coordinates>
							-122.2745386226801,37.8828550331143,10.5 -122.2745934542187,37.8832489562155,10.5 -122.2749873773199,37.8831609668857,10.5 -122.2749325457813,37.88276704378449,10.5 -122.2745386226801,37.8828550331143,10.5 
						</coordinates>
					</LinearRing>
				</outerBoundaryIs>
			</Polygon></Placemark>
  <Placemark><name>1850 Berryman St · 6u</name><styleUrl>#lab1</styleUrl><Region><LatLonAltBox><west>-122.274987</west><east>-122.274539</east><south>37.882767</south><north>37.883249</north></LatLonAltBox><Lod><minLodPixels>700</minLodPixels><maxLodPixels>-1</maxLodPixels></Lod></Region><Point><altitudeMode>relativeToGround</altitudeMode><coordinates>-122.274718,37.882977,10.5</coordinates></Point></Placemark>
  <Placemark><styleUrl>#poly1</styleUrl><description><![CDATA[<b>1618 SIXTH St</b><br/><b>Units:</b> 4<br/><b>VLI Units:</b> 0<br/><b>Stories:</b> 3<br/><b>Height:</b> 10.5m<br/><b>Status:</b> In Review]]></description><Polygon>
				<extrude>1</extrude>
				<altitudeMode>relativeToGround</altitudeMode>
				<outerBoundaryIs>
					<LinearRing>
						<coordinates>
							-122.2995304851045,37.87332001905457,10.5 -122.2999631985291,37.87323032565849,10.5 -122.3000131694715,37.87336209705438,10.5 -122.29958046906,37.87345178169383,10.5 -122.2995304851045,37.87332001905457,10.5 
						</coordinates>
					</LinearRing>
				</outerBoundaryIs>
			</Polygon></Placemark>
  <Placemark><name>1618 Sixth St · 4u</name><styleUrl>#lab1</styleUrl><Region><LatLonAltBox><west>-122.300013</west><east>-122.299530</east><south>37.873230</south><north>37.873452</north></LatLonAltBox><Lod><minLodPixels>700</minLodPixels><maxLodPixels>-1</maxLodPixels></Lod></Region><Point><altitudeMode>relativeToGround</altitudeMode><coordinates>-122.299724,37.873337,10.5</coordinates></Point></Placemark>
  <Placemark><styleUrl>#poly1</styleUrl><description><![CDATA[<b>2420 ASHBY Ave</b><br/><b>Units:</b> 4<br/><b>VLI Units:</b> 0<br/><b>Stories:</b> 3<br/><b>Height:</b> 10.5m<br/><b>Status:</b> In Review<br/><i>(height estimated from units)</i>]]></description><Polygon>
				<extrude>1</extrude>
				<altitudeMode>relativeToGround</altitudeMode>
				<outerBoundaryIs>
					<LinearRing>
						<coordinates>
							-122.25853373974,37.85583660057264,10.5 -122.2586994576728,37.85581284039802,10.5 -122.2587626295752,37.85613945309478,10.5 -122.258600289138,37.85615971507029,10.5 -122.25853373974,37.85583660057264,10.5 
						</coordinates>
					</LinearRing>
				</outerBoundaryIs>
			</Polygon></Placemark>
  <Placemark><name>2420 Ashby Ave · 4u</name><styleUrl>#lab1</styleUrl><Region><LatLonAltBox><west>-122.258763</west><east>-122.258534</east><south>37.855813</south><north>37.856160</north></LatLonAltBox><Lod><minLodPixels>700</minLodPixels><maxLodPixels>-1</maxLodPixels></Lod></Region><Point><altitudeMode>relativeToGround</altitudeMode><coordinates>-122.258626,37.855957,10.5</coordinates></Point></Placemark>
  <Placemark><styleUrl>#poly1</styleUrl><description><![CDATA[<b>2942 COLLEGE Ave</b><br/><b>Units:</b> 4<br/><b>VLI Units:</b> 0<br/><b>Stories:</b> 3<br/><b>Height:</b> 10.5m<br/><b>Status:</b> In Review<br/><i>(height estimated from units)</i>]]></description><Polygon>
				<extrude>1</extrude>
				<altitudeMode>relativeToGround</altitudeMode>
				<outerBoundaryIs>
					<LinearRing>
						<coordinates>
							-122.2532238291327,37.85753020711667,10.5 -122.2537753013353,37.8574658666837,10.5 -122.2537554519357,37.85738521502774,10.5 -122.2532162009051,37.8574528804915,10.5 -122.2532238291327,37.85753020711667,10.5 
						</coordinates>
					</LinearRing>
				</outerBoundaryIs>
			</Polygon></Placemark>
  <Placemark><name>2942 College Ave · 4u</name><styleUrl>#lab1</styleUrl><Region><LatLonAltBox><west>-122.253775</west><east>-122.253216</east><south>37.857385</south><north>37.857530</north></LatLonAltBox><Lod><minLodPixels>700</minLodPixels><maxLodPixels>-1</maxLodPixels></Lod></Region><Point><altitudeMode>relativeToGround</altitudeMode><coordinates>-122.253439,37.857473,10.5</coordinates></Point></Placemark>
  <Placemark><styleUrl>#poly1</styleUrl><description><![CDATA[<b>2641 COLLEGE Ave</b><br/><b>Units:</b> 3<br/><b>VLI Units:</b> 0<br/><b>Stories:</b> 3<br/><b>Height:</b> 10.5m<br/><b>Status:</b> In Review<br/><i>(height estimated from units)</i>]]></description><Polygon>
				<extrude>1</extrude>
				<altitudeMode>relativeToGround</altitudeMode>
				<outerBoundaryIs>
					<LinearRing>
						<coordinates>
							-122.2530578732031,37.86254796112829,10.5 -122.2535242177577,37.86253117715281,10.5 -122.2535130336069,37.86243548415662,10.5 -122.2530513922153,37.86245306163342,10.5 -122.2530578732031,37.86254796112829,10.5 
						</coordinates>
					</LinearRing>
				</outerBoundaryIs>
			</Polygon></Placemark>
  <Placemark><name>2641 College Ave · 3u</name><styleUrl>#lab1</styleUrl><Region><LatLonAltBox><west>-122.253524</west><east>-122.253051</east><south>37.862435</south><north>37.862548</north></LatLonAltBox><Lod><minLodPixels>700</minLodPixels><maxLodPixels>-1</maxLodPixels></Lod></Region><Point><altitudeMode>relativeToGround</altitudeMode><coordinates>-122.253241,37.862503,10.5</coordinates></Point></Placemark>
  <Placemark><styleUrl>#poly1</styleUrl><description><![CDATA[<b>2205 BLAKE St</b><br/><b>Units:</b> 3<br/><b>VLI Units:</b> 0<br/><b>Stories:</b> 3<br/><b>Height:</b> 10.5m<br/><b>Status:</b> In Review]]></description><Polygon>
				<extrude>1</extrude>
				<altitudeMode>relativeToGround</altitudeMode>
				<outerBoundaryIs>
					<LinearRing>
						<coordinates>
							-122.2646311260385,37.86349013639898,10.5 -122.2649713395113,37.86344591901659,10.5 -122.2650492652527,37.86380869710332,10.5 -122.2649075784173,37.86382454958841,10.5 -122.2647694288627,37.86384240593343,10.5 -122.2647072694832,37.86385088918243,10.5 -122.2646311260385,37.86349013639898,10.5 
						</coordinates>
					</LinearRing>
				</outerBoundaryIs>
			</Polygon></Placemark>
  <Placemark><name>2205 Blake St · 3u</name><styleUrl>#lab1</styleUrl><Region><LatLonAltBox><west>-122.265049</west><east>-122.264631</east><south>37.863446</south><north>37.863851</north></LatLonAltBox><Lod><minLodPixels>700</minLodPixels><maxLodPixels>-1</maxLodPixels></Lod></Region><Point><altitudeMode>relativeToGround</altitudeMode><coordinates>-122.264810,37.863679,10.5</coordinates></Point></Placemark>
  <Placemark><styleUrl>#poly1</styleUrl><description><![CDATA[<b>2221 FIFTH St</b><br/><b>Units:</b> 3<br/><b>VLI Units:</b> 0<br/><b>Stories:</b> 3<br/><b>Height:</b> 10.5m<br/><b>Status:</b> In Review<br/><i>(height estimated from units)</i>]]></description><Polygon>
				<extrude>1</extrude>
				<altitudeMode>relativeToGround</altitudeMode>
				<outerBoundaryIs>
					<LinearRing>
						<coordinates>
							-122.2967213715244,37.86433626785998,10.5 -122.2968424322612,37.86473602267948,10.5 -122.297691870285,37.86460387695374,10.5 -122.2975803621208,37.86416395101219,10.5 -122.2967213715244,37.86433626785998,10.5 
						</coordinates>
					</LinearRing>
				</outerBoundaryIs>
			</Polygon></Placemark>
  <Placemark><name>2221 Fifth St · 3u</name><styleUrl>#lab1</styleUrl><Region><LatLonAltBox><west>-122.297692</west><east>-122.296721</east><south>37.864164</south><north>37.864736</north></LatLonAltBox><Lod><minLodPixels>700</minLodPixels><maxLodPixels>-1</maxLodPixels></Lod></Region><Point><altitudeMode>relativeToGround</altitudeMode><coordinates>-122.297111,37.864435,10.5</coordinates></Point></Placemark>
  <Placemark><styleUrl>#poly1</styleUrl><description><![CDATA[<b>1650 FIFTH St</b><br/><b>Units:</b> 3<br/><b>VLI Units:</b> 0<br/><b>Stories:</b> 3<br/><b>Height:</b> 10.5m<br/><b>Status:</b> In Review<br/><i>(height estimated from units)</i>]]></description><Polygon>
				<extrude>1</extrude>
				<altitudeMode>relativeToGround</altitudeMode>
				<outerBoundaryIs>
					<LinearRing>
						<coordinates>
							-122.3003743549161,37.87225306619484,10.5 -122.3008744355716,37.87215547511794,10.5 -122.300904359834,37.87224634721799,10.5 -122.3004061832431,37.8723507734213,10.5 -122.3003743549161,37.87225306619484,10.5 
						</coordinates>
					</LinearRing>
				</outerBoundaryIs>
			</Polygon></Placemark>
  <Placemark><name>1650 Fifth St · 3u</name><styleUrl>#lab1</styleUrl><Region><LatLonAltBox><west>-122.300904</west><east>-122.300374</east><south>37.872155</south><north>37.872351</north></LatLonAltBox><Lod><minLodPixels>700</minLodPixels><maxLodPixels>-1</maxLodPixels></Lod></Region><Point><altitudeMode>relativeToGround</altitudeMode><coordinates>-122.300587,37.872252,10.5</coordinates></Point></Placemark>
  <Placemark><styleUrl>#poly1</styleUrl><description><![CDATA[<b>3101 SACRAMENTO St</b><br/><b>Units:</b> 3<br/><b>VLI Units:</b> 0<br/><b>Stories:</b> 3<br/><b>Height:</b> 10.5m<br/><b>Status:</b> In Review<br/><i>(height estimated from units)</i>]]></description><Polygon>
				<extrude>1</extrude>
				<altitudeMode>relativeToGround</altitudeMode>
				<outerBoundaryIs>
					<LinearRing>
						<coordinates>
							-122.2781588546664,37.85126785924448,10.5 -122.2783522052608,37.85124158639535,10.5 -122.2784005164923,37.85145029611369,10.5 -122.2781984730626,37.85147600111468,10.5 -122.2781588546664,37.85126785924448,10.5 
						</coordinates>
					</LinearRing>
				</outerBoundaryIs>
			</Polygon></Placemark>
  <Placemark><name>3101 Sacramento St · 3u</name><styleUrl>#lab1</styleUrl><Region><LatLonAltBox><west>-122.278401</west><east>-122.278159</east><south>37.851242</south><north>37.851476</north></LatLonAltBox><Lod><minLodPixels>700</minLodPixels><maxLodPixels>-1</maxLodPixels></Lod></Region><Point><altitudeMode>relativeToGround</altitudeMode><coordinates>-122.278254,37.851341,10.5</coordinates></Point></Placemark>
  <Placemark><styleUrl>#poly1</styleUrl><description><![CDATA[<b>1514 WALNUT St</b><br/><b>Units:</b> 3<br/><b>VLI Units:</b> 0<br/><b>Stories:</b> 3<br/><b>Height:</b> 10.5m<br/><b>Status:</b> In Review<br/><i>(height estimated from units)</i>]]></description><Polygon>
				<extrude>1</extrude>
				<altitudeMode>relativeToGround</altitudeMode>
				<outerBoundaryIs>
					<LinearRing>
						<coordinates>
							-122.2682570266659,37.87977440007159,10.5 -122.2686802351938,37.87971930494268,10.5 -122.2686692957966,37.87962401567062,10.5 -122.2682390319388,37.87967372045454,10.5 -122.2682570266659,37.87977440007159,10.5 
						</coordinates>
					</LinearRing>
				</outerBoundaryIs>
			</Polygon></Placemark>
  <Placemark><name>1514 Walnut St · 3u</name><styleUrl>#lab1</styleUrl><Region><LatLonAltBox><west>-122.268680</west><east>-122.268239</east><south>37.879624</south><north>37.879774</north></LatLonAltBox><Lod><minLodPixels>700</minLodPixels><maxLodPixels>-1</maxLodPixels></Lod></Region><Point><altitudeMode>relativeToGround</altitudeMode><coordinates>-122.268421,37.879713,10.5</coordinates></Point></Placemark>
  <Placemark><styleUrl>#poly1</styleUrl><description><![CDATA[<b>1464 SIXTH St</b><br/><b>Units:</b> 3<br/><b>VLI Units:</b> 0<br/><b>Stories:</b> 3<br/><b>Height:</b> 10.5m<br/><b>Status:</b> In Review<br/><i>(height estimated from units)</i>]]></description><Polygon>
				<extrude>1</extrude>
				<altitudeMode>relativeToGround</altitudeMode>
				<outerBoundaryIs>
					<LinearRing>
						<coordinates>
							-122.3006578555886,37.87536703589974,10.5 -122.3002181920467,37.87545614427679,10.5 -122.3001785624104,37.87532215871668,10.5 -122.300618256824,37.87523511732977,10.5 -122.3006578555886,37.87536703589974,10.5 
						</coordinates>
					</LinearRing>
				</outerBoundaryIs>
			</Polygon></Placemark>
  <Placemark><name>1464 Sixth St · 3u</name><styleUrl>#lab1</styleUrl><Region><LatLonAltBox><west>-122.300658</west><east>-122.300179</east><south>37.875235</south><north>37.875456</north></LatLonAltBox><Lod><minLodPixels>700</minLodPixels><maxLodPixels>-1</maxLodPixels></Lod></Region><Point><altitudeMode>relativeToGround</altitudeMode><coordinates>-122.300466,37.875349,10.5</coordinates></Point></Placemark>
  <Placemark><styleUrl>#poly1</styleUrl><description><![CDATA[<b>2812 EIGHTH St</b><br/><b>Units:</b> 3<br/><b>VLI Units:</b> 0<br/><b>Stories:</b> 3<br/><b>Height:</b> 10.5m<br/><b>Status:</b> In Review]]></description><Polygon>
				<extrude>1</extrude>
				<altitudeMode>relativeToGround</altitudeMode>
				<outerBoundaryIs>
					<LinearRing>
						<coordinates>
							-122.2912987604141,37.85494486672717,10.5 -122.291743105901,37.8548392343462,10.5 -122.2917880196993,37.85497795513856,10.5 -122.2915777403029,37.85502097624864,10.5 -122.2915926658395,37.8550653737116,10.5 -122.2913548426109,37.85511568512245,10.5 -122.2912987604141,37.85494486672717,10.5 
						</coordinates>
					</LinearRing>
				</outerBoundaryIs>
			</Polygon></Placemark>
  <Placemark><name>2812 Eighth St · 3u</name><styleUrl>#lab1</styleUrl><Region><LatLonAltBox><west>-122.291788</west><east>-122.291299</east><south>37.854839</south><north>37.855116</north></LatLonAltBox><Lod><minLodPixels>700</minLodPixels><maxLodPixels>-1</maxLodPixels></Lod></Region><Point><altitudeMode>relativeToGround</altitudeMode><coordinates>-122.291522,37.854987,10.5</coordinates></Point></Placemark>
  <Placemark><styleUrl>#poly1</styleUrl><description><![CDATA[<b>2201 BLAKE St</b><br/><b>Units:</b> 3<br/><b>VLI Units:</b> 0<br/><b>Stories:</b> 3<br/><b>Height:</b> 10.5m<br/><b>Status:</b> Entitled]]></description><Polygon>
				<extrude>1</extrude>
				<altitudeMode>relativeToGround</altitudeMode>
				<outerBoundaryIs>
					<LinearRing>
						<coordinates>
							-122.2646311260385,37.86349013639898,10.5 -122.2649713395113,37.86344591901659,10.5 -122.2650492652527,37.86380869710332,10.5 -122.2649075784173,37.86382454958841,10.5 -122.2647694288627,37.86384240593343,10.5 -122.2647072694832,37.86385088918243,10.5 -122.2646311260385,37.86349013639898,10.5 
						</coordinates>
					</LinearRing>
				</outerBoundaryIs>
			</Polygon></Placemark>
  <Placemark><name>2201 Blake St · 3u</name><styleUrl>#lab1</styleUrl><Region><LatLonAltBox><west>-122.265049</west><east>-122.264631</east><south>37.863446</south><north>37.863851</north></LatLonAltBox><Lod><minLodPixels>700</minLodPixels><maxLodPixels>-1</maxLodPixels></Lod></Region><Point><altitudeMode>relativeToGround</altitudeMode><coordinates>-122.264810,37.863679,10.5</coordinates></Point></Placemark>
  <Placemark><styleUrl>#poly1</styleUrl><description><![CDATA[<b>1716 SEVENTH St</b><br/><b>Units:</b> 2<br/><b>VLI Units:</b> 0<br/><b>Stories:</b> 3<br/><b>Height:</b> 10.5m<br/><b>Status:</b> In Review<br/><i>(height estimated from units)</i>]]></description><Polygon>
				<extrude>1</extrude>
				<altitudeMode>relativeToGround</altitudeMode>
				<outerBoundaryIs>
					<LinearRing>
						<coordinates>
							-122.2979072889293,37.87182852492391,10.5 -122.2983158675926,37.87174469621577,10.5 -122.2983384983046,37.87182056943755,10.5 -122.2983477635606,37.8718451524407,10.5 -122.2979375151479,37.87193174998486,10.5 -122.2979072889293,37.87182852492391,10.5 
						</coordinates>
					</LinearRing>
				</outerBoundaryIs>
			</Polygon></Placemark>
  <Placemark><name>1716 Seventh St · 2u</name><styleUrl>#lab1</styleUrl><Region><LatLonAltBox><west>-122.298348</west><east>-122.297907</east><south>37.871745</south><north>37.871932</north></LatLonAltBox><Lod><minLodPixels>700</minLodPixels><maxLodPixels>-1</maxLodPixels></Lod></Region><Point><altitudeMode>relativeToGround</altitudeMode><coordinates>-122.298126,37.871833,10.5</coordinates></Point></Placemark>
  <Placemark><styleUrl>#poly1</styleUrl><description><![CDATA[<b>1515 DERBY St</b><br/><b>Units:</b> 2<br/><b>VLI Units:</b> 0<br/><b>Stories:</b> 3<br/><b>Height:</b> 10.5m<br/><b>Status:</b> In Review<br/><i>(height estimated from units)</i>]]></description><Polygon>
				<extrude>1</extrude>
				<altitudeMode>relativeToGround</altitudeMode>
				<outerBoundaryIs>
					<LinearRing>
						<coordinates>
							-122.2794035600591,37.85889684437249,10.5 -122.2795763253005,37.85887775674125,10.5 -122.2796524134825,37.85923300939513,10.5 -122.2794762943421,37.85925695441234,10.5 -122.2794035600591,37.85889684437249,10.5 
						</coordinates>
					</LinearRing>
				</outerBoundaryIs>
			</Polygon></Placemark>
  <Placemark><name>1515 Derby St · 2u</name><styleUrl>#lab1</styleUrl><Region><LatLonAltBox><west>-122.279652</west><east>-122.279404</east><south>37.858878</south><north>37.859257</north></LatLonAltBox><Lod><minLodPixels>700</minLodPixels><maxLodPixels>-1</maxLodPixels></Lod></Region><Point><altitudeMode>relativeToGround</altitudeMode><coordinates>-122.279502,37.859032,10.5</coordinates></Point></Placemark>
  <Placemark><styleUrl>#poly1</styleUrl><description><![CDATA[<b>1922 FRANCISCO St</b><br/><b>Units:</b> 2<br/><b>VLI Units:</b> 0<br/><b>Stories:</b> 3<br/><b>Height:</b> 10.5m<br/><b>Status:</b> In Review]]></description><Polygon>
				<extrude>1</extrude>
				<altitudeMode>relativeToGround</altitudeMode>
				<outerBoundaryIs>
					<LinearRing>
						<coordinates>
							-122.2721271060999,37.8748078755748,10.5 -122.2722791872551,37.87479116935766,10.5 -122.2723537805915,37.87515811161909,10.5 -122.27220183445,37.87517962624993,10.5 -122.2721271060999,37.8748078755748,10.5 
						</coordinates>
					</LinearRing>
				</outerBoundaryIs>
			</Polygon></Placemark>
  <Placemark><name>1922 Francisco St · 2u</name><styleUrl>#lab1</styleUrl><Region><LatLonAltBox><west>-122.272354</west><east>-122.272127</east><south>37.874791</south><north>37.875180</north></LatLonAltBox><Lod><minLodPixels>700</minLodPixels><maxLodPixels>-1</maxLodPixels></Lod></Region><Point><altitudeMode>relativeToGround</altitudeMode><coordinates>-122.272218,37.874949,10.5</coordinates></Point></Placemark>
  <Placemark><styleUrl>#poly1</styleUrl><description><![CDATA[<b>2204 DWIGHT Way</b><br/><b>Units:</b> 2<br/><b>VLI Units:</b> 0<br/><b>Stories:</b> 3<br/><b>Height:</b> 10.5m<br/><b>Status:</b> Decision Pending]]></description><Polygon>
				<extrude>1</extrude>
				<altitudeMode>relativeToGround</altitudeMode>
				<outerBoundaryIs>
					<LinearRing>
						<coordinates>
							-122.2647694288627,37.86384240593343,10.5 -122.2649075784173,37.86382454958841,10.5 -122.2649874587704,37.86419622754107,10.5 -122.2648406590461,37.86421490331741,10.5 -122.2647694288627,37.86384240593343,10.5 
						</coordinates>
					</LinearRing>
				</outerBoundaryIs>
			</Polygon></Placemark>
  <Placemark><name>2204 Dwight Way · 2u</name><styleUrl>#lab1</styleUrl><Region><LatLonAltBox><west>-122.264987</west><east>-122.264769</east><south>37.863825</south><north>37.864215</north></LatLonAltBox><Lod><minLodPixels>700</minLodPixels><maxLodPixels>-1</maxLodPixels></Lod></Region><Point><altitudeMode>relativeToGround</altitudeMode><coordinates>-122.264855,37.863984,10.5</coordinates></Point></Placemark>
  <Placemark><styleUrl>#poly1</styleUrl><description><![CDATA[<b>1419 GRANT St</b><br/><b>Units:</b> 2<br/><b>VLI Units:</b> 0<br/><b>Stories:</b> 3<br/><b>Height:</b> 10.5m<br/><b>Status:</b> In Review<br/><i>(height estimated from units)</i>]]></description><Polygon>
				<extrude>1</extrude>
				<altitudeMode>relativeToGround</altitudeMode>
				<outerBoundaryIs>
					<LinearRing>
						<coordinates>
							-122.2757238216694,37.88051726100064,10.5 -122.2761850849904,37.88045950420329,10.5 -122.2761703397393,37.88035054395793,10.5 -122.275710746264,37.88040552598741,10.5 -122.2757238216694,37.88051726100064,10.5 
						</coordinates>
					</LinearRing>
				</outerBoundaryIs>
			</Polygon></Placemark>
  <Placemark><name>1419 Grant St · 2u</name><styleUrl>#lab1</styleUrl><Region><LatLonAltBox><west>-122.276185</west><east>-122.275711</east><south>37.880351</south><north>37.880517</north></LatLonAltBox><Lod><minLodPixels>700</minLodPixels><maxLodPixels>-1</maxLodPixels></Lod></Region><Point><altitudeMode>relativeToGround</altitudeMode><coordinates>-122.275903,37.880450,10.5</coordinates></Point></Placemark>
  <Placemark><styleUrl>#poly1</styleUrl><description><![CDATA[<b>1236 DWIGHT Way</b><br/><b>Units:</b> 2<br/><b>VLI Units:</b> 0<br/><b>Stories:</b> 3<br/><b>Height:</b> 10.5m<br/><b>Status:</b> In Review<br/><i>(height estimated from units)</i>]]></description><Polygon>
				<extrude>1</extrude>
				<altitudeMode>relativeToGround</altitudeMode>
				<outerBoundaryIs>
					<LinearRing>
						<coordinates>
							-122.2858295699419,37.86150522557607,10.5 -122.2856927856159,37.86152275338185,10.5 -122.285637554962,37.86125163718545,10.5 -122.2857743387979,37.8612341094381,10.5 -122.2858295699419,37.86150522557607,10.5 
						</coordinates>
					</LinearRing>
				</outerBoundaryIs>
			</Polygon></Placemark>
  <Placemark><name>1236 Dwight Way · 2u</name><styleUrl>#lab1</styleUrl><Region><LatLonAltBox><west>-122.285830</west><east>-122.285638</east><south>37.861234</south><north>37.861523</north></LatLonAltBox><Lod><minLodPixels>700</minLodPixels><maxLodPixels>-1</maxLodPixels></Lod></Region><Point><altitudeMode>relativeToGround</altitudeMode><coordinates>-122.285753,37.861404,10.5</coordinates></Point></Placemark>
  <Placemark><styleUrl>#poly1</styleUrl><description><![CDATA[<b>2808 NINTH St</b><br/><b>Units:</b> 2<br/><b>VLI Units:</b> 0<br/><b>Stories:</b> 3<br/><b>Height:</b> 10.5m<br/><b>Status:</b> In Review<br/><i>(height estimated from units)</i>]]></description><Polygon>
				<extrude>1</extrude>
				<altitudeMode>relativeToGround</altitudeMode>
				<outerBoundaryIs>
					<LinearRing>
						<coordinates>
							-122.2902608705141,37.85529023130587,10.5 -122.2902925691056,37.85538381996034,10.5 -122.290728675211,37.85529549169966,10.5 -122.2906988636242,37.85520101593506,10.5 -122.2902608705141,37.85529023130587,10.5 
						</coordinates>
					</LinearRing>
				</outerBoundaryIs>
			</Polygon></Placemark>
  <Placemark><name>2808 Ninth St · 2u</name><styleUrl>#lab1</styleUrl><Region><LatLonAltBox><west>-122.290729</west><east>-122.290261</east><south>37.855201</south><north>37.855384</north></LatLonAltBox><Lod><minLodPixels>700</minLodPixels><maxLodPixels>-1</maxLodPixels></Lod></Region><Point><altitudeMode>relativeToGround</altitudeMode><coordinates>-122.290448,37.855292,10.5</coordinates></Point></Placemark>
  <Placemark><styleUrl>#poly1</styleUrl><description><![CDATA[<b>3001 BENVENUE Ave</b><br/><b>Units:</b> 1<br/><b>VLI Units:</b> 0<br/><b>Stories:</b> 3<br/><b>Height:</b> 10.5m<br/><b>Status:</b> Decision Pending<br/><i>(height estimated from units)</i>]]></description><Polygon>
				<extrude>1</extrude>
				<altitudeMode>relativeToGround</altitudeMode>
				<outerBoundaryIs>
					<LinearRing>
						<coordinates>
							-122.2535669662178,37.85580887181235,10.5 -122.2538588307862,37.85577226076924,10.5 -122.2538683035356,37.85587993068437,10.5 -122.2535765333967,37.85592066305906,10.5 -122.2535669662178,37.85580887181235,10.5 
						</coordinates>
					</LinearRing>
				</outerBoundaryIs>
			</Polygon></Placemark>
  <Placemark><name>3001 Benvenue Ave · 1u</name><styleUrl>#lab1</styleUrl><Region><LatLonAltBox><west>-122.253868</west><east>-122.253567</east><south>37.855772</south><north>37.855921</north></LatLonAltBox><Lod><minLodPixels>700</minLodPixels><maxLodPixels>-1</maxLodPixels></Lod></Region><Point><altitudeMode>relativeToGround</altitudeMode><coordinates>-122.253688,37.855838,10.5</coordinates></Point></Placemark>
  <Placemark><styleUrl>#poly1</styleUrl><description><![CDATA[<b>40 HILL Rd</b><br/><b>Units:</b> 1<br/><b>VLI Units:</b> 0<br/><b>Stories:</b> 3<br/><b>Height:</b> 10.5m<br/><b>Status:</b> Application Submitted<br/><i>(height estimated from units)</i>]]></description><Polygon>
				<extrude>1</extrude>
				<altitudeMode>relativeToGround</altitudeMode>
				<outerBoundaryIs>
					<LinearRing>
						<coordinates>
							-122.2511743019085,37.88917711373094,10.5 -122.2513996066737,37.88917789153698,10.5 -122.2515034742541,37.88946681545936,10.5 -122.2512392564809,37.8895057606488,10.5 -122.2512454207317,37.88947338954652,10.5 -122.251244886985,37.88945074309589,10.5 -122.2512268486229,37.8894207930225,10.5 -122.2512091669131,37.88940526131482,10.5 -122.2511903218388,37.88934166733588,10.5 -122.2511893525845,37.88930048943742,10.5 -122.2511743019085,37.88917711373094,10.5 
						</coordinates>
					</LinearRing>
				</outerBoundaryIs>
			</Polygon></Placemark>
  <Placemark><name>40 Hill Rd · 1u</name><styleUrl>#lab1</styleUrl><Region><LatLonAltBox><west>-122.251503</west><east>-122.251174</east><south>37.889177</south><north>37.889506</north></LatLonAltBox><Lod><minLodPixels>700</minLodPixels><maxLodPixels>-1</maxLodPixels></Lod></Region><Point><altitudeMode>relativeToGround</altitudeMode><coordinates>-122.251254,37.889354,10.5</coordinates></Point></Placemark>
  <Placemark><styleUrl>#poly1</styleUrl><description><![CDATA[<b>5 W PARNASSUS Ct</b><br/><b>Units:</b> 1<br/><b>VLI Units:</b> 0<br/><b>Stories:</b> 3<br/><b>Height:</b> 10.5m<br/><b>Status:</b> In Review<br/><i>(height estimated from units)</i>]]></description><Polygon>
				<extrude>1</extrude>
				<altitudeMode>relativeToGround</altitudeMode>
				<outerBoundaryIs>
					<LinearRing>
						<coordinates>
							-122.2577747370187,37.88252427616687,10.5 -122.2581606349859,37.88241444513801,10.5 -122.2580718616908,37.88223580490754,10.5 -122.2576688714977,37.88235584287475,10.5 -122.2577747370187,37.88252427616687,10.5 
						</coordinates>
					</LinearRing>
				</outerBoundaryIs>
			</Polygon></Placemark>
  <Placemark><name>5 W Parnassus Ct · 1u</name><styleUrl>#lab1</styleUrl><Region><LatLonAltBox><west>-122.258161</west><east>-122.257669</east><south>37.882236</south><north>37.882524</north></LatLonAltBox><Lod><minLodPixels>700</minLodPixels><maxLodPixels>-1</maxLodPixels></Lod></Region><Point><altitudeMode>relativeToGround</altitudeMode><coordinates>-122.257890,37.882411,10.5</coordinates></Point></Placemark>
  <Placemark><styleUrl>#poly1</styleUrl><description><![CDATA[<b>0 LE ROY Ave</b><br/><b>Units:</b> 1<br/><b>VLI Units:</b> 0<br/><b>Stories:</b> 3<br/><b>Height:</b> 10.5m<br/><b>Status:</b> In Review<br/><i>(height estimated from units)</i>]]></description><Polygon>
				<extrude>1</extrude>
				<altitudeMode>relativeToGround</altitudeMode>
				<outerBoundaryIs>
					<LinearRing>
						<coordinates>
							-122.2600833587867,37.88253206520005,10.5 -122.2600937346184,37.88253122371832,10.5 -122.2604259528359,37.88251184622342,10.5 -122.2604015434318,37.88235907573156,10.5 -122.2600553122963,37.88237248056372,10.5 -122.2600833587867,37.88253206520005,10.5 
						</coordinates>
					</LinearRing>
				</outerBoundaryIs>
			</Polygon></Placemark>
  <Placemark><name>0 Le Roy Ave · 1u</name><styleUrl>#lab1</styleUrl><Region><LatLonAltBox><west>-122.260426</west><east>-122.260055</east><south>37.882359</south><north>37.882532</north></LatLonAltBox><Lod><minLodPixels>700</minLodPixels><maxLodPixels>-1</maxLodPixels></Lod></Region><Point><altitudeMode>relativeToGround</altitudeMode><coordinates>-122.260191,37.882473,10.5</coordinates></Point></Placemark>
  <Placemark><styleUrl>#poly1</styleUrl><description><![CDATA[<b>2328 GRANT St</b><br/><b>Units:</b> 1<br/><b>VLI Units:</b> 0<br/><b>Stories:</b> 3<br/><b>Height:</b> 10.5m<br/><b>Status:</b> In Review<br/><i>(height estimated from units)</i>]]></description><Polygon>
				<extrude>1</extrude>
				<altitudeMode>relativeToGround</altitudeMode>
				<outerBoundaryIs>
					<LinearRing>
						<coordinates>
							-122.2748196545017,37.86590424850414,10.5 -122.2752721913305,37.86584800116381,10.5 -122.2752644833178,37.86574305226406,10.5 -122.2748068034313,37.8658014264963,10.5 -122.2748196545017,37.86590424850414,10.5 
						</coordinates>
					</LinearRing>
				</outerBoundaryIs>
			</Polygon></Placemark>
  <Placemark><name>2328 Grant St · 1u</name><styleUrl>#lab1</styleUrl><Region><LatLonAltBox><west>-122.275272</west><east>-122.274807</east><south>37.865743</south><north>37.865904</north></LatLonAltBox><Lod><minLodPixels>700</minLodPixels><maxLodPixels>-1</maxLodPixels></Lod></Region><Point><altitudeMode>relativeToGround</altitudeMode><coordinates>-122.274997,37.865840,10.5</coordinates></Point></Placemark>
  <Placemark><styleUrl>#poly1</styleUrl><description><![CDATA[<b>1939 MARIN Ave</b><br/><b>Units:</b> 1<br/><b>VLI Units:</b> 0<br/><b>Stories:</b> 3<br/><b>Height:</b> 10.5m<br/><b>Status:</b> In Review<br/><i>(height estimated from units)</i>]]></description><Polygon>
				<extrude>1</extrude>
				<altitudeMode>relativeToGround</altitudeMode>
				<outerBoundaryIs>
					<LinearRing>
						<coordinates>
							-122.2746692005212,37.88945051566243,10.5 -122.2748362684062,37.88940680589739,10.5 -122.2750335997726,37.88983233293715,10.5 -122.2748718662054,37.88988077065038,10.5 -122.2746692005212,37.88945051566243,10.5 
						</coordinates>
					</LinearRing>
				</outerBoundaryIs>
			</Polygon></Placemark>
  <Placemark><name>1939 Marin Ave · 1u</name><styleUrl>#lab1</styleUrl><Region><LatLonAltBox><west>-122.275034</west><east>-122.274669</east><south>37.889407</south><north>37.889881</north></LatLonAltBox><Lod><minLodPixels>700</minLodPixels><maxLodPixels>-1</maxLodPixels></Lod></Region><Point><altitudeMode>relativeToGround</altitudeMode><coordinates>-122.274816,37.889604,10.5</coordinates></Point></Placemark>
  <Placemark><styleUrl>#poly1</styleUrl><description><![CDATA[<b>1731 ADDISON St</b><br/><b>Units:</b> 1<br/><b>VLI Units:</b> 0<br/><b>Stories:</b> 3<br/><b>Height:</b> 10.5m<br/><b>Status:</b> In Review<br/><i>(height estimated from units)</i>]]></description><Polygon>
				<extrude>1</extrude>
				<altitudeMode>relativeToGround</altitudeMode>
				<outerBoundaryIs>
					<LinearRing>
						<coordinates>
							-122.2759463935778,37.87027391477567,10.5 -122.2761189825786,37.87024659707811,10.5 -122.2761714850204,37.87063035383182,10.5 -122.2760039877582,37.8706534758533,10.5 -122.2759463935778,37.87027391477567,10.5 
						</coordinates>
					</LinearRing>
				</outerBoundaryIs>
			</Polygon></Placemark>
  <Placemark><name>1731 Addison St · 1u</name><styleUrl>#lab1</styleUrl><Region><LatLonAltBox><west>-122.276171</west><east>-122.275946</east><south>37.870247</south><north>37.870653</north></LatLonAltBox><Lod><minLodPixels>700</minLodPixels><maxLodPixels>-1</maxLodPixels></Lod></Region><Point><altitudeMode>relativeToGround</altitudeMode><coordinates>-122.276037,37.870416,10.5</coordinates></Point></Placemark>
  <Placemark><styleUrl>#poly1</styleUrl><description><![CDATA[<b>1420 FIFTH St</b><br/><b>Units:</b> 1<br/><b>VLI Units:</b> 0<br/><b>Stories:</b> 3<br/><b>Height:</b> 10.5m<br/><b>Status:</b> Decision Pending<br/><i>(height estimated from units)</i>]]></description><Polygon>
				<extrude>1</extrude>
				<altitudeMode>relativeToGround</altitudeMode>
				<outerBoundaryIs>
					<LinearRing>
						<coordinates>
							-122.3017754360336,37.87665265554791,10.5 -122.3021980774577,37.87657546914713,10.5 -122.3021569742371,37.87645248751765,10.5 -122.3021293715947,37.87645772173673,10.5 -122.301732745239,37.87653518928078,10.5 -122.3017754360336,37.87665265554791,10.5 
						</coordinates>
					</LinearRing>
				</outerBoundaryIs>
			</Polygon></Placemark>
  <Placemark><name>1420 Fifth St · 1u</name><styleUrl>#lab1</styleUrl><Region><LatLonAltBox><west>-122.302198</west><east>-122.301733</east><south>37.876452</south><north>37.876653</north></LatLonAltBox><Lod><minLodPixels>700</minLodPixels><maxLodPixels>-1</maxLodPixels></Lod></Region><Point><altitudeMode>relativeToGround</altitudeMode><coordinates>-122.301961,37.876554,10.5</coordinates></Point></Placemark>
  <Placemark><styleUrl>#poly1</styleUrl><description><![CDATA[<b>1139 KEELER Ave</b><br/><b>Units:</b> 1<br/><b>VLI Units:</b> 0<br/><b>Stories:</b> 3<br/><b>Height:</b> 10.5m<br/><b>Status:</b> In Review<br/><i>(height estimated from units)</i>]]></description><Polygon>
				<extrude>1</extrude>
				<altitudeMode>relativeToGround</altitudeMode>
				<outerBoundaryIs>
					<LinearRing>
						<coordinates>
							-122.2574555721583,37.88980755593164,10.5 -122.2575555324617,37.88956504052949,10.5 -122.2576080384348,37.88958691607768,10.5 -122.2577218002023,37.88963466721738,10.5 -122.2577345073299,37.88963869408649,10.5 -122.2577342424561,37.88963936297466,10.5 -122.2576484993511,37.889857663151,10.5 -122.2576369204663,37.88985498450472,10.5 -122.2574555721583,37.88980755593164,10.5 
						</coordinates>
					</LinearRing>
				</outerBoundaryIs>
			</Polygon></Placemark>
  <Placemark><name>1139 Keeler Ave · 1u</name><styleUrl>#lab1</styleUrl><Region><LatLonAltBox><west>-122.257735</west><east>-122.257456</east><south>37.889565</south><north>37.889858</north></LatLonAltBox><Lod><minLodPixels>700</minLodPixels><maxLodPixels>-1</maxLodPixels></Lod></Region><Point><altitudeMode>relativeToGround</altitudeMode><coordinates>-122.257617,37.889710,10.5</coordinates></Point></Placemark>
  <Placemark><styleUrl>#poly1</styleUrl><description><![CDATA[<b>1111 ALLSTON Way</b><br/><b>Units:</b> 1<br/><b>VLI Units:</b> 0<br/><b>Stories:</b> 3<br/><b>Height:</b> 10.5m<br/><b>Status:</b> In Review<br/><i>(height estimated from units)</i>]]></description><Polygon>
				<extrude>1</extrude>
				<altitudeMode>relativeToGround</altitudeMode>
				<outerBoundaryIs>
					<LinearRing>
						<coordinates>
							-122.2905993293409,37.86694592731715,10.5 -122.2907374324932,37.86692529685125,10.5 -122.2906609375409,37.86655563474009,10.5 -122.2905135061605,37.86658110182137,10.5 -122.2905993293409,37.86694592731715,10.5 
						</coordinates>
					</LinearRing>
				</outerBoundaryIs>
			</Polygon></Placemark>
  <Placemark><name>1111 Allston Way · 1u</name><styleUrl>#lab1</styleUrl><Region><LatLonAltBox><west>-122.290737</west><east>-122.290514</east><south>37.866556</south><north>37.866946</north></LatLonAltBox><Lod><minLodPixels>700</minLodPixels><maxLodPixels>-1</maxLodPixels></Lod></Region><Point><altitudeMode>relativeToGround</altitudeMode><coordinates>-122.290622,37.866791,10.5</coordinates></Point></Placemark>
  <Placemark><styleUrl>#poly1</styleUrl><description><![CDATA[<b>659 GRIZZLY PEAK Blvd</b><br/><b>Units:</b> 1<br/><b>VLI Units:</b> 0<br/><b>Stories:</b> 3<br/><b>Height:</b> 10.5m<br/><b>Status:</b> Application Submitted<br/><i>(height estimated from units)</i>]]></description><Polygon>
				<extrude>1</extrude>
				<altitudeMode>relativeToGround</altitudeMode>
				<outerBoundaryIs>
					<LinearRing>
						<coordinates>
							-122.2652753699198,37.90017392645916,10.5 -122.2652470769679,37.90015031277855,10.5 -122.2656159216541,37.89999098239007,10.5 -122.2657036973033,37.90011120831468,10.5 -122.26537084571,37.90025283342347,10.5 -122.2652753699198,37.90017392645916,10.5 
						</coordinates>
					</LinearRing>
				</outerBoundaryIs>
			</Polygon></Placemark>
  <Placemark><name>659 Grizzly Peak Blvd · 1u</name><styleUrl>#lab1</styleUrl><Region><LatLonAltBox><west>-122.265704</west><east>-122.265247</east><south>37.899991</south><north>37.900253</north></LatLonAltBox><Lod><minLodPixels>700</minLodPixels><maxLodPixels>-1</maxLodPixels></Lod></Region><Point><altitudeMode>relativeToGround</altitudeMode><coordinates>-122.265415,37.900142,10.5</coordinates></Point></Placemark>
  <Placemark><styleUrl>#poly1</styleUrl><description><![CDATA[<b>3036 REGENT St</b><br/><b>Units:</b> 1<br/><b>VLI Units:</b> 0<br/><b>Stories:</b> 3<br/><b>Height:</b> 10.5m<br/><b>Status:</b> In Review<br/><i>(height estimated from units)</i>]]></description><Polygon>
				<extrude>1</extrude>
				<altitudeMode>relativeToGround</altitudeMode>
				<outerBoundaryIs>
					<LinearRing>
						<coordinates>
							-122.2566629194917,37.85407768120614,10.5 -122.2567059867797,37.85428717123387,10.5 -122.2564487250194,37.85432190156281,10.5 -122.2564055735954,37.85410897608433,10.5 -122.2566629194917,37.85407768120614,10.5 
						</coordinates>
					</LinearRing>
				</outerBoundaryIs>
			</Polygon></Placemark>
  <Placemark><name>3036 Regent St · 1u</name><styleUrl>#lab1</styleUrl><Region><LatLonAltBox><west>-122.256706</west><east>-122.256406</east><south>37.854078</south><north>37.854322</north></LatLonAltBox><Lod><minLodPixels>700</minLodPixels><maxLodPixels>-1</maxLodPixels></Lod></Region><Point><altitudeMode>relativeToGround</altitudeMode><coordinates>-122.256577,37.854175,10.5</coordinates></Point></Placemark>
  <Placemark><styleUrl>#poly1</styleUrl><description><![CDATA[<b>1621 SACRAMENTO St</b><br/><b>Units:</b> 1<br/><b>VLI Units:</b> 0<br/><b>Stories:</b> 3<br/><b>Height:</b> 10.5m<br/><b>Status:</b> In Review<br/><i>(height estimated from units)</i>]]></description><Polygon>
				<extrude>1</extrude>
				<altitudeMode>relativeToGround</altitudeMode>
				<outerBoundaryIs>
					<LinearRing>
						<coordinates>
							-122.2821175320758,37.87604048492319,10.5 -122.2823869444151,37.87600414521808,10.5 -122.2823985280952,37.87612551523691,10.5 -122.2821290453164,37.8761591092028,10.5 -122.2821175320758,37.87604048492319,10.5 
						</coordinates>
					</LinearRing>
				</outerBoundaryIs>
			</Polygon></Placemark>
  <Placemark><name>1621 Sacramento St · 1u</name><styleUrl>#lab1</styleUrl><Region><LatLonAltBox><west>-122.282399</west><east>-122.282118</east><south>37.876004</south><north>37.876159</north></LatLonAltBox><Lod><minLodPixels>700</minLodPixels><maxLodPixels>-1</maxLodPixels></Lod></Region><Point><altitudeMode>relativeToGround</altitudeMode><coordinates>-122.282230,37.876074,10.5</coordinates></Point></Placemark>
  <Placemark><styleUrl>#poly1</styleUrl><description><![CDATA[<b>0 PARKER St</b><br/><b>Units:</b> 1<br/><b>VLI Units:</b> 0<br/><b>Stories:</b> 3<br/><b>Height:</b> 10.5m<br/><b>Status:</b> Entitled<br/><i>(height estimated from units)</i>]]></description><Polygon>
				<extrude>1</extrude>
				<altitudeMode>relativeToGround</altitudeMode>
				<outerBoundaryIs>
					<LinearRing>
						<coordinates>
							-122.2641985165749,37.86263617999568,10.5 -122.2643677307542,37.86261304665285,10.5 -122.2643932831507,37.86274038949876,10.5 -122.264416835676,37.86285677634831,10.5 -122.2644405713173,37.86298071085767,10.5 -122.2642730709297,37.86300313397537,10.5 -122.2641985165749,37.86263617999568,10.5 
						</coordinates>
					</LinearRing>
				</outerBoundaryIs>
			</Polygon></Placemark>
  <Placemark><name>0 Parker St · 1u</name><styleUrl>#lab1</styleUrl><Region><LatLonAltBox><west>-122.264441</west><east>-122.264199</east><south>37.862613</south><north>37.863003</north></LatLonAltBox><Lod><minLodPixels>700</minLodPixels><maxLodPixels>-1</maxLodPixels></Lod></Region><Point><altitudeMode>relativeToGround</altitudeMode><coordinates>-122.264327,37.862781,10.5</coordinates></Point></Placemark>
  <Placemark><styleUrl>#poly1</styleUrl><description><![CDATA[<b>1522 JOSEPHINE St</b><br/><b>Units:</b> 0<br/><b>VLI Units:</b> 0<br/><b>Stories:</b> 3<br/><b>Height:</b> 10.5m<br/><b>Status:</b> In Review<br/><i>(height estimated from units)</i>]]></description><Polygon>
				<extrude>1</extrude>
				<altitudeMode>relativeToGround</altitudeMode>
				<outerBoundaryIs>
					<LinearRing>
						<coordinates>
							-122.2750209422674,37.87851581068767,10.5 -122.2754805243573,37.87846084023148,10.5 -122.2754986764271,37.87856768009149,10.5 -122.2750356889762,37.87862546059855,10.5 -122.2750209422674,37.87851581068767,10.5 
						</coordinates>
					</LinearRing>
				</outerBoundaryIs>
			</Polygon></Placemark>
  <Placemark><name>1522 Josephine St · 0u</name><styleUrl>#lab1</styleUrl><Region><LatLonAltBox><west>-122.275499</west><east>-122.275021</east><south>37.878461</south><north>37.878625</north></LatLonAltBox><Lod><minLodPixels>700</minLodPixels><maxLodPixels>-1</maxLodPixels></Lod></Region><Point><altitudeMode>relativeToGround</altitudeMode><coordinates>-122.275211,37.878537,10.5</coordinates></Point></Placemark>
  <Placemark><styleUrl>#poly1</styleUrl><description><![CDATA[<b>3035 COLBY St</b><br/><b>Units:</b> 0<br/><b>VLI Units:</b> 0<br/><b>Stories:</b> 3<br/><b>Height:</b> 10.5m<br/><b>Status:</b> Entitled<br/><i>(height estimated from units)</i>]]></description><Polygon>
				<extrude>1</extrude>
				<altitudeMode>relativeToGround</altitudeMode>
				<outerBoundaryIs>
					<LinearRing>
						<coordinates>
							-122.257224156823,37.85400545743518,10.5 -122.2572932062326,37.85399551008219,10.5 -122.2573327750343,37.85420366824454,10.5 -122.2572706070568,37.85421146888252,10.5 -122.257224156823,37.85400545743518,10.5 
						</coordinates>
					</LinearRing>
				</outerBoundaryIs>
			</Polygon></Placemark>
  <Placemark><name>3035 Colby St · 0u</name><styleUrl>#lab1</styleUrl><Region><LatLonAltBox><west>-122.257333</west><east>-122.257224</east><south>37.853996</south><north>37.854211</north></LatLonAltBox><Lod><minLodPixels>700</minLodPixels><maxLodPixels>-1</maxLodPixels></Lod></Region><Point><altitudeMode>relativeToGround</altitudeMode><coordinates>-122.257269,37.854084,10.5</coordinates></Point></Placemark>
  <Placemark><styleUrl>#poly1</styleUrl><description><![CDATA[<b>1136 KEITH Ave</b><br/><b>Units:</b> 0<br/><b>VLI Units:</b> 0<br/><b>Stories:</b> 3<br/><b>Height:</b> 10.5m<br/><b>Status:</b> In Review<br/><i>(height estimated from units)</i>]]></description><Polygon>
				<extrude>1</extrude>
				<altitudeMode>relativeToGround</altitudeMode>
				<outerBoundaryIs>
					<LinearRing>
						<coordinates>
							-122.2603803930279,37.88862201597461,10.5 -122.2607503323817,37.88851075490241,10.5 -122.2607064230968,37.88841320217202,10.5 -122.2606843605582,37.88835998041825,10.5 -122.2603183956589,37.88849247177863,10.5 -122.2603803930279,37.88862201597461,10.5 
						</coordinates>
					</LinearRing>
				</outerBoundaryIs>
			</Polygon></Placemark>
  <Placemark><name>1136 Keith Ave · 1u</name><styleUrl>#lab1</styleUrl><Region><LatLonAltBox><west>-122.260750</west><east>-122.260318</east><south>37.888360</south><north>37.888622</north></LatLonAltBox><Lod><minLodPixels>700</minLodPixels><maxLodPixels>-1</maxLodPixels></Lod></Region><Point><altitudeMode>relativeToGround</altitudeMode><coordinates>-122.260537,37.888503,10.5</coordinates></Point></Placemark>
  <Placemark><styleUrl>#poly1</styleUrl><description><![CDATA[<b>1730 PARKER St</b><br/><b>Units:</b> 0<br/><b>VLI Units:</b> 0<br/><b>Stories:</b> 3<br/><b>Height:</b> 10.5m<br/><b>Status:</b> Application Submitted<br/><i>(height estimated from units)</i>]]></description><Polygon>
				<extrude>1</extrude>
				<altitudeMode>relativeToGround</altitudeMode>
				<outerBoundaryIs>
					<LinearRing>
						<coordinates>
							-122.274622459079,37.86111193876957,10.5 -122.2747818818366,37.86110226775669,10.5 -122.2747211506294,37.86070904512206,10.5 -122.2745451111923,37.86072794113542,10.5 -122.274622459079,37.86111193876957,10.5 
						</coordinates>
					</LinearRing>
				</outerBoundaryIs>
			</Polygon></Placemark>
  <Placemark><name>1730 Parker St · 0u</name><styleUrl>#lab1</styleUrl><Region><LatLonAltBox><west>-122.274782</west><east>-122.274545</east><south>37.860709</south><north>37.861112</north></LatLonAltBox><Lod><minLodPixels>700</minLodPixels><maxLodPixels>-1</maxLodPixels></Lod></Region><Point><altitudeMode>relativeToGround</altitudeMode><coordinates>-122.274659,37.860953,10.5</coordinates></Point></Placemark>
  <Placemark><styleUrl>#poly1</styleUrl><description><![CDATA[<b>2740 SHASTA Rd</b><br/><b>Units:</b> 0<br/><b>VLI Units:</b> 0<br/><b>Stories:</b> 3<br/><b>Height:</b> 10.5m<br/><b>Status:</b> Application Submitted<br/><i>(height estimated from units)</i>]]></description><Polygon>
				<extrude>1</extrude>
				<altitudeMode>relativeToGround</altitudeMode>
				<outerBoundaryIs>
					<LinearRing>
						<coordinates>
							-122.2579708371979,37.88654290907646,10.5 -122.2579067509549,37.88625133656897,10.5 -122.2579752006197,37.88621338127207,10.5 -122.2583240855227,37.88601988672094,10.5 -122.2583538195581,37.88605009238004,10.5 -122.2584307602861,37.88612825196846,10.5 -122.2584307659085,37.88612825831292,10.5 -122.2584859767301,37.88618433459213,10.5 -122.2585260406167,37.88622504129849,10.5 -122.2585374466151,37.88623662890824,10.5 -122.2585909013661,37.88629092845228,10.5 -122.258693761313,37.88677454261325,10.5 -122.2585895934608,37.88676648249412,10.5 -122.2584973632489,37.88675000553771,10.5 -122.2583682100211,37.88671141170391,10.5 -122.2583000149726,37.88668495913674,10.5 -122.2582122475448,37.88663819793578,10.5 -122.2581054890759,37.88659378471049,10.5 -122.2579747581975,37.88656139128314,10.5 -122.2579708371979,37.88654290907646,10.5 
						</coordinates>
					</LinearRing>
				</outerBoundaryIs>
			</Polygon></Placemark>
  <Placemark><name>2740 Shasta Rd · 0u</name><styleUrl>#lab1</styleUrl><Region><LatLonAltBox><west>-122.258694</west><east>-122.257907</east><south>37.886020</south><north>37.886775</north></LatLonAltBox><Lod><minLodPixels>700</minLodPixels><maxLodPixels>-1</maxLodPixels></Lod></Region><Point><altitudeMode>relativeToGround</altitudeMode><coordinates>-122.258312,37.886415,10.5</coordinates></Point></Placemark>
  <Placemark><styleUrl>#poly1</styleUrl><description><![CDATA[<b>1109 COWPER St</b><br/><b>Units:</b> 0<br/><b>VLI Units:</b> 0<br/><b>Stories:</b> 3<br/><b>Height:</b> 10.5m<br/><b>Status:</b> In Review<br/><i>(height estimated from units)</i>]]></description><Polygon>
				<extrude>1</extrude>
				<altitudeMode>relativeToGround</altitudeMode>
				<outerBoundaryIs>
					<LinearRing>
						<coordinates>
							-122.2909929745718,37.86778978798448,10.5 -122.2911528786378,37.86777255660387,10.5 -122.291063737951,37.86739518057693,10.5 -122.2909085708297,37.86741231039857,10.5 -122.2909929745718,37.86778978798448,10.5 
						</coordinates>
					</LinearRing>
				</outerBoundaryIs>
			</Polygon></Placemark>
  <Placemark><name>1109 Cowper St · 0u</name><styleUrl>#lab1</styleUrl><Region><LatLonAltBox><west>-122.291153</west><east>-122.290909</east><south>37.867395</south><north>37.867790</north></LatLonAltBox><Lod><minLodPixels>700</minLodPixels><maxLodPixels>-1</maxLodPixels></Lod></Region><Point><altitudeMode>relativeToGround</altitudeMode><coordinates>-122.291022,37.867632,10.5</coordinates></Point></Placemark>
  <Placemark><styleUrl>#poly1</styleUrl><description><![CDATA[<b>705 ARLINGTON Ave</b><br/><b>Units:</b> 0<br/><b>VLI Units:</b> 0<br/><b>Stories:</b> 3<br/><b>Height:</b> 10.5m<br/><b>Status:</b> In Review<br/><i>(height estimated from units)</i>]]></description><Polygon>
				<extrude>1</extrude>
				<altitudeMode>relativeToGround</altitudeMode>
				<outerBoundaryIs>
					<LinearRing>
						<coordinates>
							-122.2756100070465,37.89762105980626,10.5 -122.2758426934195,37.89742253275681,10.5 -122.2758160825325,37.89739753044255,10.5 -122.2757842076807,37.89736848410184,10.5 -122.275744984349,37.89732306029823,10.5 -122.2754522974047,37.89747647880446,10.5 -122.2756100070465,37.89762105980626,10.5 
						</coordinates>
					</LinearRing>
				</outerBoundaryIs>
			</Polygon></Placemark>
  <Placemark><name>705 Arlington Ave · 0u</name><styleUrl>#lab1</styleUrl><Region><LatLonAltBox><west>-122.275843</west><east>-122.275452</east><south>37.897323</south><north>37.897621</north></LatLonAltBox><Lod><minLodPixels>700</minLodPixels><maxLodPixels>-1</maxLodPixels></Lod></Region><Point><altitudeMode>relativeToGround</altitudeMode><coordinates>-122.275694,37.897461,10.5</coordinates></Point></Placemark>
  <Placemark><styleUrl>#poly1</styleUrl><description><![CDATA[<b>2027 SEVENTH St</b><br/><b>Units:</b> 0<br/><b>VLI Units:</b> 0<br/><b>Stories:</b> 3<br/><b>Height:</b> 10.5m<br/><b>Status:</b> In Review<br/><i>(height estimated from units)</i>]]></description><Polygon>
				<extrude>1</extrude>
				<altitudeMode>relativeToGround</altitudeMode>
				<outerBoundaryIs>
					<LinearRing>
						<coordinates>
							-122.295631331372,37.86741678681684,10.5 -122.2962277782053,37.86729371374868,10.5 -122.2961467119803,37.86702233367549,10.5 -122.295543492796,37.86715168569547,10.5 -122.295631331372,37.86741678681684,10.5 
						</coordinates>
					</LinearRing>
				</outerBoundaryIs>
			</Polygon></Placemark>
  <Placemark><name>2027 Seventh St · 0u</name><styleUrl>#lab1</styleUrl><Region><LatLonAltBox><west>-122.296228</west><east>-122.295543</east><south>37.867022</south><north>37.867417</north></LatLonAltBox><Lod><minLodPixels>700</minLodPixels><maxLodPixels>-1</maxLodPixels></Lod></Region><Point><altitudeMode>relativeToGround</altitudeMode><coordinates>-122.295836,37.867260,10.5</coordinates></Point></Placemark>
  <Placemark><styleUrl>#poly1</styleUrl><description><![CDATA[<b>576 SAN LUIS Rd</b><br/><b>Units:</b> 0<br/><b>VLI Units:</b> 0<br/><b>Stories:</b> 3<br/><b>Height:</b> 10.5m<br/><b>Status:</b> Application Submitted<br/><i>(height estimated from units)</i>]]></description><Polygon>
				<extrude>1</extrude>
				<altitudeMode>relativeToGround</altitudeMode>
				<outerBoundaryIs>
					<LinearRing>
						<coordinates>
							-122.2755873947399,37.90007837616216,10.5 -122.2758859073701,37.89987818039231,10.5 -122.2760082761299,37.89992165868265,10.5 -122.2756988211267,37.90017215948414,10.5 -122.2755873947399,37.90007837616216,10.5 
						</coordinates>
					</LinearRing>
				</outerBoundaryIs>
			</Polygon></Placemark>
  <Placemark><name>576 San Luis Rd · 0u</name><styleUrl>#lab1</styleUrl><Region><LatLonAltBox><west>-122.276008</west><east>-122.275587</east><south>37.899878</south><north>37.900172</north></LatLonAltBox><Lod><minLodPixels>700</minLodPixels><maxLodPixels>-1</maxLodPixels></Lod></Region><Point><altitudeMode>relativeToGround</altitudeMode><coordinates>-122.275754,37.900026,10.5</coordinates></Point></Placemark>
  <Placemark><styleUrl>#poly1</styleUrl><description><![CDATA[<b>2009 ADDISON St</b><br/><b>Units:</b> 0<br/><b>VLI Units:</b> 0<br/><b>Stories:</b> 3<br/><b>Height:</b> 10.5m<br/><b>Status:</b> Application Submitted<br/><i>(height estimated from units)</i>]]></description><Polygon>
				<extrude>1</extrude>
				<altitudeMode>relativeToGround</altitudeMode>
				<outerBoundaryIs>
					<LinearRing>
						<coordinates>
							-122.2699628081217,37.87139541042202,10.5 -122.2702014836265,37.87136689878681,10.5 -122.270156853799,37.87102148332558,10.5 -122.2698683839099,37.87105718753173,10.5 -122.2699628081217,37.87139541042202,10.5 
						</coordinates>
					</LinearRing>
				</outerBoundaryIs>
			</Polygon></Placemark>
  <Placemark><name>2009 Addison St · 45u</name><styleUrl>#lab1</styleUrl><Region><LatLonAltBox><west>-122.270201</west><east>-122.269868</east><south>37.871021</south><north>37.871395</north></LatLonAltBox><Lod><minLodPixels>700</minLodPixels><maxLodPixels>-1</maxLodPixels></Lod></Region><Point><altitudeMode>relativeToGround</altitudeMode><coordinates>-122.270030,37.871247,10.5</coordinates></Point></Placemark>
  <Placemark><styleUrl>#poly1</styleUrl><description><![CDATA[<b>1312 ADDISON St</b><br/><b>Units:</b> 0<br/><b>VLI Units:</b> 0<br/><b>Stories:</b> 3<br/><b>Height:</b> 10.5m<br/><b>Status:</b> In Review<br/><i>(height estimated from units)</i>]]></description><Polygon>
				<extrude>1</extrude>
				<altitudeMode>relativeToGround</altitudeMode>
				<outerBoundaryIs>
					<LinearRing>
						<coordinates>
							-122.2839904144735,37.86688737168851,10.5 -122.2843306421425,37.86684308676911,10.5 -122.2843417704304,37.86694592073535,10.5 -122.2839981326481,37.86699232461555,10.5 -122.2839904144735,37.86688737168851,10.5 
						</coordinates>
					</LinearRing>
				</outerBoundaryIs>
			</Polygon></Placemark>
  <Placemark><name>1312 Addison St · 0u</name><styleUrl>#lab1</styleUrl><Region><LatLonAltBox><west>-122.284342</west><east>-122.283990</east><south>37.866843</south><north>37.866992</north></LatLonAltBox><Lod><minLodPixels>700</minLodPixels><maxLodPixels>-1</maxLodPixels></Lod></Region><Point><altitudeMode>relativeToGround</altitudeMode><coordinates>-122.284130,37.866911,10.5</coordinates></Point></Placemark>
  <Placemark><styleUrl>#poly1</styleUrl><description><![CDATA[<b>2145 GRANT St</b><br/><b>Units:</b> 0<br/><b>VLI Units:</b> 0<br/><b>Stories:</b> 3<br/><b>Height:</b> 10.5m<br/><b>Status:</b> Decision Pending<br/><i>(height estimated from units)</i>]]></description><Polygon>
				<extrude>1</extrude>
				<altitudeMode>relativeToGround</altitudeMode>
				<outerBoundaryIs>
					<LinearRing>
						<coordinates>
							-122.2744561092362,37.86902937163162,10.5 -122.2749000428892,37.86897463385072,10.5 -122.2748844714125,37.8688306556655,10.5 -122.2744489530667,37.86887566082511,10.5 -122.2744561092362,37.86902937163162,10.5 
						</coordinates>
					</LinearRing>
				</outerBoundaryIs>
			</Polygon></Placemark>
  <Placemark><name>2145 Grant St · 1u</name><styleUrl>#lab1</styleUrl><Region><LatLonAltBox><west>-122.274900</west><east>-122.274449</east><south>37.868831</south><north>37.869029</north></LatLonAltBox><Lod><minLodPixels>700</minLodPixels><maxLodPixels>-1</maxLodPixels></Lod></Region><Point><altitudeMode>relativeToGround</altitudeMode><coordinates>-122.274629,37.868948,10.5</coordinates></Point></Placemark>
  <Placemark><styleUrl>#poly1</styleUrl><description><![CDATA[<b>2903 ADELINE St</b><br/><b>Units:</b> 0<br/><b>VLI Units:</b> 0<br/><b>Stories:</b> 3<br/><b>Height:</b> 10.5m<br/><b>Status:</b> In Review<br/><i>(height estimated from units)</i>]]></description><Polygon>
				<extrude>1</extrude>
				<altitudeMode>relativeToGround</altitudeMode>
				<outerBoundaryIs>
					<LinearRing>
						<coordinates>
							-122.2679960853905,37.85627626657994,10.5 -122.2682499657071,37.8562449897447,10.5 -122.268166830552,37.85646323598519,10.5 -122.2680148148441,37.85648130295828,10.5 -122.2679960853905,37.85627626657994,10.5 
						</coordinates>
					</LinearRing>
				</outerBoundaryIs>
			</Polygon></Placemark>
  <Placemark><name>2903 Adeline St · 0u</name><styleUrl>#lab1</styleUrl><Region><LatLonAltBox><west>-122.268250</west><east>-122.267996</east><south>37.856245</south><north>37.856481</north></LatLonAltBox><Lod><minLodPixels>700</minLodPixels><maxLodPixels>-1</maxLodPixels></Lod></Region><Point><altitudeMode>relativeToGround</altitudeMode><coordinates>-122.268085,37.856348,10.5</coordinates></Point></Placemark>
  <Placemark><styleUrl>#poly1</styleUrl><description><![CDATA[<b>2099 M L KING JR Way</b><br/><b>Units:</b> 0<br/><b>VLI Units:</b> 0<br/><b>Stories:</b> 3<br/><b>Height:</b> 10.5m<br/><b>Status:</b> Application Submitted<br/><i>(height estimated from units)</i>]]></description><Polygon>
				<extrude>1</extrude>
				<altitudeMode>relativeToGround</altitudeMode>
				<outerBoundaryIs>
					<LinearRing>
						<coordinates>
							-122.2724593419027,37.87072941316434,10.5 -122.2727754389462,37.87068964799388,10.5 -122.2728190673195,37.87106530189369,10.5 -122.2725081437602,37.87110430329983,10.5 -122.2724593419027,37.87072941316434,10.5 
						</coordinates>
					</LinearRing>
				</outerBoundaryIs>
			</Polygon></Placemark>
  <Placemark><name>2099 M L King Jr Way · 72u</name><styleUrl>#lab1</styleUrl><Region><LatLonAltBox><west>-122.272819</west><east>-122.272459</east><south>37.870690</south><north>37.871104</north></LatLonAltBox><Lod><minLodPixels>700</minLodPixels><maxLodPixels>-1</maxLodPixels></Lod></Region><Point><altitudeMode>relativeToGround</altitudeMode><coordinates>-122.272604,37.870864,10.5</coordinates></Point></Placemark>
  <Placemark><styleUrl>#poly1</styleUrl><description><![CDATA[<b>1507 JOSEPHINE St</b><br/><b>Units:</b> 0<br/><b>VLI Units:</b> 0<br/><b>Stories:</b> 3<br/><b>Height:</b> 10.5m<br/><b>Status:</b> In Review<br/><i>(height estimated from units)</i>]]></description><Polygon>
				<extrude>1</extrude>
				<altitudeMode>relativeToGround</altitudeMode>
				<outerBoundaryIs>
					<LinearRing>
						<coordinates>
							-122.2745609017792,37.87913113776579,10.5 -122.2748838304272,37.87908508216814,10.5 -122.274895157545,37.87919684257528,10.5 -122.2745739226178,37.87924081944644,10.5 -122.2745609017792,37.87913113776579,10.5 
						</coordinates>
					</LinearRing>
				</outerBoundaryIs>
			</Polygon></Placemark>
  <Placemark><name>1507 Josephine St · 0u</name><styleUrl>#lab1</styleUrl><Region><LatLonAltBox><west>-122.274895</west><east>-122.274561</east><south>37.879085</south><north>37.879241</north></LatLonAltBox><Lod><minLodPixels>700</minLodPixels><maxLodPixels>-1</maxLodPixels></Lod></Region><Point><altitudeMode>relativeToGround</altitudeMode><coordinates>-122.274695,37.879157,10.5</coordinates></Point></Placemark>
  <Placemark><styleUrl>#poly1</styleUrl><description><![CDATA[<b>1338 SEVENTH St</b><br/><b>Units:</b> 0<br/><b>VLI Units:</b> 0<br/><b>Stories:</b> 3<br/><b>Height:</b> 10.5m<br/><b>Status:</b> Application Submitted<br/><i>(height estimated from units)</i>]]></description><Polygon>
				<extrude>1</extrude>
				<altitudeMode>relativeToGround</altitudeMode>
				<outerBoundaryIs>
					<LinearRing>
						<coordinates>
							-122.2999374712929,37.87816806786761,10.5 -122.3003254464991,37.87809006201326,10.5 -122.3004374750304,37.87842277636735,10.5 -122.3000443537901,37.87850224452324,10.5 -122.2999374712929,37.87816806786761,10.5 
						</coordinates>
					</LinearRing>
				</outerBoundaryIs>
			</Polygon></Placemark>
  <Placemark><name>1338 Seventh St · 0u</name><styleUrl>#lab1</styleUrl><Region><LatLonAltBox><west>-122.300437</west><east>-122.299937</east><south>37.878090</south><north>37.878502</north></LatLonAltBox><Lod><minLodPixels>700</minLodPixels><maxLodPixels>-1</maxLodPixels></Lod></Region><Point><altitudeMode>relativeToGround</altitudeMode><coordinates>-122.300136,37.878270,10.5</coordinates></Point></Placemark>
  <Placemark><styleUrl>#poly1</styleUrl><description><![CDATA[<b>2238 SEVENTH St</b><br/><b>Units:</b> 0<br/><b>VLI Units:</b> 0<br/><b>Stories:</b> 3<br/><b>Height:</b> 10.5m<br/><b>Status:</b> Application Submitted<br/><i>(height estimated from units)</i>]]></description><Polygon>
				<extrude>1</extrude>
				<altitudeMode>relativeToGround</altitudeMode>
				<outerBoundaryIs>
					<LinearRing>
						<coordinates>
							-122.2953972903953,37.86404590457778,10.5 -122.2955696994493,37.86401169742307,10.5 -122.295736952491,37.86397894000046,10.5 -122.2958213849067,37.8639604799748,10.5 -122.2958627231084,37.86409376269392,10.5 -122.2954384983382,37.86417368786754,10.5 -122.2953972903953,37.86404590457778,10.5 
						</coordinates>
					</LinearRing>
				</outerBoundaryIs>
			</Polygon></Placemark>
  <Placemark><name>2238 Seventh St · 0u</name><styleUrl>#lab1</styleUrl><Region><LatLonAltBox><west>-122.295863</west><east>-122.295397</east><south>37.863960</south><north>37.864174</north></LatLonAltBox><Lod><minLodPixels>700</minLodPixels><maxLodPixels>-1</maxLodPixels></Lod></Region><Point><altitudeMode>relativeToGround</altitudeMode><coordinates>-122.295603,37.864044,10.5</coordinates></Point></Placemark>
  <Placemark><styleUrl>#poly1</styleUrl><description><![CDATA[<b>703 SANTA BARBARA Rd</b><br/><b>Units:</b> 0<br/><b>VLI Units:</b> 0<br/><b>Stories:</b> 3<br/><b>Height:</b> 10.5m<br/><b>Status:</b> In Review<br/><i>(height estimated from units)</i>]]></description><Polygon>
				<extrude>1</extrude>
				<altitudeMode>relativeToGround</altitudeMode>
				<outerBoundaryIs>
					<LinearRing>
						<coordinates>
							-122.2712529140685,37.89791309680641,10.5 -122.2715447356929,37.89772262700021,10.5 -122.2716779863264,37.89778655524334,10.5 -122.2717451352688,37.89784047476088,10.5 -122.2717630105123,37.89786355647407,10.5 -122.2713292502223,37.89798886387032,10.5 -122.2712529140685,37.89791309680641,10.5 
						</coordinates>
					</LinearRing>
				</outerBoundaryIs>
			</Polygon></Placemark>
  <Placemark><name>703 Santa Barbara Rd · 0u</name><styleUrl>#lab1</styleUrl><Region><LatLonAltBox><west>-122.271763</west><east>-122.271253</east><south>37.897723</south><north>37.897989</north></LatLonAltBox><Lod><minLodPixels>700</minLodPixels><maxLodPixels>-1</maxLodPixels></Lod></Region><Point><altitudeMode>relativeToGround</altitudeMode><coordinates>-122.271509,37.897861,10.5</coordinates></Point></Placemark>
  <Placemark><styleUrl>#poly1</styleUrl><description><![CDATA[<b>385 VERMONT Ave</b><br/><b>Units:</b> 0<br/><b>VLI Units:</b> 0<br/><b>Stories:</b> 3<br/><b>Height:</b> 10.5m<br/><b>Status:</b> In Review<br/><i>(height estimated from units)</i>]]></description><Polygon>
				<extrude>1</extrude>
				<altitudeMode>relativeToGround</altitudeMode>
				<outerBoundaryIs>
					<LinearRing>
						<coordinates>
							-122.2745774010706,37.90321182490683,10.5 -122.274725258592,37.90316153129197,10.5 -122.2747688108056,37.90324327960526,10.5 -122.2748450038912,37.90338566390554,10.5 -122.2747006272903,37.90343589439705,10.5 -122.2745774010706,37.90321182490683,10.5 
						</coordinates>
					</LinearRing>
				</outerBoundaryIs>
			</Polygon></Placemark>
  <Placemark><name>385 Vermont Ave · 0u</name><styleUrl>#lab1</styleUrl><Region><LatLonAltBox><west>-122.274845</west><east>-122.274577</east><south>37.903162</south><north>37.903436</north></LatLonAltBox><Lod><minLodPixels>700</minLodPixels><maxLodPixels>-1</maxLodPixels></Lod></Region><Point><altitudeMode>relativeToGround</altitudeMode><coordinates>-122.274699,37.903275,10.5</coordinates></Point></Placemark>
  <Placemark><styleUrl>#poly1</styleUrl><description><![CDATA[<b>1246 ROSE St</b><br/><b>Units:</b> 0<br/><b>VLI Units:</b> 0<br/><b>Stories:</b> 3<br/><b>Height:</b> 10.5m<br/><b>Status:</b> In Review<br/><i>(height estimated from units)</i>]]></description><Polygon>
				<extrude>1</extrude>
				<altitudeMode>relativeToGround</altitudeMode>
				<outerBoundaryIs>
					<LinearRing>
						<coordinates>
							-122.2894452987858,37.87670354547467,10.5 -122.2896163424329,37.87668309811826,10.5 -122.2894695109946,37.87623922442375,10.5 -122.2893064345065,37.87626204409984,10.5 -122.2894452987858,37.87670354547467,10.5 
						</coordinates>
					</LinearRing>
				</outerBoundaryIs>
			</Polygon></Placemark>
  <Placemark><name>1246 Rose St · 0u</name><styleUrl>#lab1</styleUrl><Region><LatLonAltBox><west>-122.289616</west><east>-122.289306</east><south>37.876239</south><north>37.876704</north></LatLonAltBox><Lod><minLodPixels>700</minLodPixels><maxLodPixels>-1</maxLodPixels></Lod></Region><Point><altitudeMode>relativeToGround</altitudeMode><coordinates>-122.289457,37.876518,10.5</coordinates></Point></Placemark>
  <Placemark><styleUrl>#poly1</styleUrl><description><![CDATA[<b>1512 CHANNING Way</b><br/><b>Units:</b> 0<br/><b>VLI Units:</b> 0<br/><b>Stories:</b> 3<br/><b>Height:</b> 10.5m<br/><b>Status:</b> Application Submitted<br/><i>(height estimated from units)</i>]]></description><Polygon>
				<extrude>1</extrude>
				<altitudeMode>relativeToGround</altitudeMode>
				<outerBoundaryIs>
					<LinearRing>
						<coordinates>
							-122.280728665981,37.8638739556872,10.5 -122.2807283184426,37.86385953377377,10.5 -122.2808822125753,37.86384760153801,10.5 -122.2809009496127,37.86397848010414,10.5 -122.2807420906398,37.86400010698733,10.5 -122.280728665981,37.8638739556872,10.5 
						</coordinates>
					</LinearRing>
				</outerBoundaryIs>
			</Polygon></Placemark>
  <Placemark><name>1512 Channing Way · 0u</name><styleUrl>#lab1</styleUrl><Region><LatLonAltBox><west>-122.280901</west><east>-122.280728</east><south>37.863848</south><north>37.864000</north></LatLonAltBox><Lod><minLodPixels>700</minLodPixels><maxLodPixels>-1</maxLodPixels></Lod></Region><Point><altitudeMode>relativeToGround</altitudeMode><coordinates>-122.280785,37.863906,10.5</coordinates></Point></Placemark>
  <Placemark><styleUrl>#poly1</styleUrl><description><![CDATA[<b>1475 CATHERINE Dr</b><br/><b>Units:</b> 0<br/><b>VLI Units:</b> 0<br/><b>Stories:</b> 3<br/><b>Height:</b> 10.5m<br/><b>Status:</b> In Review<br/><i>(height estimated from units)</i>]]></description><Polygon>
				<extrude>1</extrude>
				<altitudeMode>relativeToGround</altitudeMode>
				<outerBoundaryIs>
					<LinearRing>
						<coordinates>
							-122.2839901854527,37.87811624028267,10.5 -122.2838871918732,37.87793993774438,10.5 -122.2840245507976,37.87788773311364,10.5 -122.2841530092581,37.87811377221383,10.5 -122.2840894629358,37.87813671211288,10.5 -122.2840173232828,37.87816321028743,10.5 -122.2839901854527,37.87811624028267,10.5 
						</coordinates>
					</LinearRing>
				</outerBoundaryIs>
			</Polygon></Placemark>
  <Placemark><name>1475 Catherine Dr · 0u</name><styleUrl>#lab1</styleUrl><Region><LatLonAltBox><west>-122.284153</west><east>-122.283887</east><south>37.877888</south><north>37.878163</north></LatLonAltBox><Lod><minLodPixels>700</minLodPixels><maxLodPixels>-1</maxLodPixels></Lod></Region><Point><altitudeMode>relativeToGround</altitudeMode><coordinates>-122.284022,37.878068,10.5</coordinates></Point></Placemark>
  <Placemark><styleUrl>#poly1</styleUrl><description><![CDATA[<b>1187 SHATTUCK Ave</b><br/><b>Units:</b> 0<br/><b>VLI Units:</b> 0<br/><b>Stories:</b> 3<br/><b>Height:</b> 10.5m<br/><b>Status:</b> Decision Pending<br/><i>(height estimated from units)</i>]]></description><Polygon>
				<extrude>1</extrude>
				<altitudeMode>relativeToGround</altitudeMode>
				<outerBoundaryIs>
					<LinearRing>
						<coordinates>
							-122.2695235739901,37.88601668654317,10.5 -122.269928260242,37.88598315540745,10.5 -122.2699397118868,37.88609971717542,10.5 -122.2695401635072,37.88613111533204,10.5 -122.2695235739901,37.88601668654317,10.5 
						</coordinates>
					</LinearRing>
				</outerBoundaryIs>
			</Polygon></Placemark>
  <Placemark><name>1187 Shattuck Ave · 0u</name><styleUrl>#lab1</styleUrl><Region><LatLonAltBox><west>-122.269940</west><east>-122.269524</east><south>37.885983</south><north>37.886131</north></LatLonAltBox><Lod><minLodPixels>700</minLodPixels><maxLodPixels>-1</maxLodPixels></Lod></Region><Point><altitudeMode>relativeToGround</altitudeMode><coordinates>-122.269691,37.886049,10.5</coordinates></Point></Placemark>
  <Placemark><styleUrl>#poly1</styleUrl><description><![CDATA[<b>2016 DELAWARE St A</b><br/><b>Units:</b> 0<br/><b>VLI Units:</b> 0<br/><b>Stories:</b> 3<br/><b>Height:</b> 10.5m<br/><b>Status:</b> Application Submitted<br/><i>(height estimated from units)</i>]]></description><Polygon>
				<extrude>1</extrude>
				<altitudeMode>relativeToGround</altitudeMode>
				<outerBoundaryIs>
					<LinearRing>
						<coordinates>
							-122.2702193052628,37.874146374614,10.5 -122.2703574797825,37.87412850492201,10.5 -122.2704318666464,37.87448653064781,10.5 -122.2702919527332,37.87450442299006,10.5 -122.2702193052628,37.874146374614,10.5 
						</coordinates>
					</LinearRing>
				</outerBoundaryIs>
			</Polygon></Placemark>
  <Placemark><name>2016 Delaware St A · 0u</name><styleUrl>#lab1</styleUrl><Region><LatLonAltBox><west>-122.270432</west><east>-122.270219</east><south>37.874129</south><north>37.874504</north></LatLonAltBox><Lod><minLodPixels>700</minLodPixels><maxLodPixels>-1</maxLodPixels></Lod></Region><Point><altitudeMode>relativeToGround</altitudeMode><coordinates>-122.270304,37.874282,10.5</coordinates></Point></Placemark>
  <Placemark><styleUrl>#poly1</styleUrl><description><![CDATA[<b>1123 BLAKE St</b><br/><b>Units:</b> 0<br/><b>VLI Units:</b> 0<br/><b>Stories:</b> 3<br/><b>Height:</b> 10.5m<br/><b>Status:</b> In Review<br/><i>(height estimated from units)</i>]]></description><Polygon>
				<extrude>1</extrude>
				<altitudeMode>relativeToGround</altitudeMode>
				<outerBoundaryIs>
					<LinearRing>
						<coordinates>
							-122.2881274517778,37.86048761268489,10.5 -122.287990669838,37.86050514318767,10.5 -122.2880623931225,37.86085690852195,10.5 -122.2881991768348,37.86083937795011,10.5 -122.2881274517778,37.86048761268489,10.5 
						</coordinates>
					</LinearRing>
				</outerBoundaryIs>
			</Polygon></Placemark>
  <Placemark><name>1123 Blake St · 0u</name><styleUrl>#lab1</styleUrl><Region><LatLonAltBox><west>-122.288199</west><east>-122.287991</east><south>37.860488</south><north>37.860857</north></LatLonAltBox><Lod><minLodPixels>700</minLodPixels><maxLodPixels>-1</maxLodPixels></Lod></Region><Point><altitudeMode>relativeToGround</altitudeMode><coordinates>-122.288101,37.860635,10.5</coordinates></Point></Placemark>
  <Placemark><styleUrl>#poly1</styleUrl><description><![CDATA[<b>830 BANCROFT Way</b><br/><b>Units:</b> 0<br/><b>VLI Units:</b> 0<br/><b>Stories:</b> 3<br/><b>Height:</b> 10.5m<br/><b>Status:</b> Decision Pending<br/><i>(height estimated from units)</i>]]></description><Polygon>
				<extrude>1</extrude>
				<altitudeMode>relativeToGround</altitudeMode>
				<outerBoundaryIs>
					<LinearRing>
						<coordinates>
							-122.295591700343,37.86327453181551,10.5 -122.2955504335263,37.86314399836062,10.5 -122.295943441451,37.86306247736043,10.5 -122.2960691818365,37.86346228794463,10.5 -122.2957554360562,37.86352542839894,10.5 -122.2956744311917,37.86325679446211,10.5 -122.295591700343,37.86327453181551,10.5 
						</coordinates>
					</LinearRing>
				</outerBoundaryIs>
			</Polygon></Placemark>
  <Placemark><name>830 Bancroft Way · 0u</name><styleUrl>#lab1</styleUrl><Region><LatLonAltBox><west>-122.296069</west><east>-122.295550</east><south>37.863062</south><north>37.863525</north></LatLonAltBox><Lod><minLodPixels>700</minLodPixels><maxLodPixels>-1</maxLodPixels></Lod></Region><Point><altitudeMode>relativeToGround</altitudeMode><coordinates>-122.295739,37.863286,10.5</coordinates></Point></Placemark>
  <Placemark><styleUrl>#poly1</styleUrl><description><![CDATA[<b>2740 SHASTA Rd</b><br/><b>Units:</b> 0<br/><b>VLI Units:</b> 0<br/><b>Stories:</b> 3<br/><b>Height:</b> 10.5m<br/><b>Status:</b> In Review<br/><i>(height estimated from units)</i>]]></description><Polygon>
				<extrude>1</extrude>
				<altitudeMode>relativeToGround</altitudeMode>
				<outerBoundaryIs>
					<LinearRing>
						<coordinates>
							-122.2579708371979,37.88654290907646,10.5 -122.2579067509549,37.88625133656897,10.5 -122.2579752006197,37.88621338127207,10.5 -122.2583240855227,37.88601988672094,10.5 -122.2583538195581,37.88605009238004,10.5 -122.2584307602861,37.88612825196846,10.5 -122.2584307659085,37.88612825831292,10.5 -122.2584859767301,37.88618433459213,10.5 -122.2585260406167,37.88622504129849,10.5 -122.2585374466151,37.88623662890824,10.5 -122.2585909013661,37.88629092845228,10.5 -122.258693761313,37.88677454261325,10.5 -122.2585895934608,37.88676648249412,10.5 -122.2584973632489,37.88675000553771,10.5 -122.2583682100211,37.88671141170391,10.5 -122.2583000149726,37.88668495913674,10.5 -122.2582122475448,37.88663819793578,10.5 -122.2581054890759,37.88659378471049,10.5 -122.2579747581975,37.88656139128314,10.5 -122.2579708371979,37.88654290907646,10.5 
						</coordinates>
					</LinearRing>
				</outerBoundaryIs>
			</Polygon></Placemark>
  <Placemark><name>2740 Shasta Rd · 0u</name><styleUrl>#lab1</styleUrl><Region><LatLonAltBox><west>-122.258694</west><east>-122.257907</east><south>37.886020</south><north>37.886775</north></LatLonAltBox><Lod><minLodPixels>700</minLodPixels><maxLodPixels>-1</maxLodPixels></Lod></Region><Point><altitudeMode>relativeToGround</altitudeMode><coordinates>-122.258312,37.886415,10.5</coordinates></Point></Placemark>
  <Placemark><styleUrl>#poly1</styleUrl><description><![CDATA[<b>2143 BLAKE St</b><br/><b>Units:</b> 0<br/><b>VLI Units:</b> 0<br/><b>Stories:</b> 3<br/><b>Height:</b> 10.5m<br/><b>Status:</b> Application Submitted<br/><i>(height estimated from units)</i>]]></description><Polygon>
				<extrude>1</extrude>
				<altitudeMode>relativeToGround</altitudeMode>
				<outerBoundaryIs>
					<LinearRing>
						<coordinates>
							-122.2653979201759,37.86339077239495,10.5 -122.2655101559326,37.86337536289597,10.5 -122.2655632483527,37.86364100125797,10.5 -122.2654492678771,37.86365576180536,10.5 -122.2653979201759,37.86339077239495,10.5 
						</coordinates>
					</LinearRing>
				</outerBoundaryIs>
			</Polygon></Placemark>
  <Placemark><name>2143 Blake St · 0u</name><styleUrl>#lab1</styleUrl><Region><LatLonAltBox><west>-122.265563</west><east>-122.265398</east><south>37.863375</south><north>37.863656</north></LatLonAltBox><Lod><minLodPixels>700</minLodPixels><maxLodPixels>-1</maxLodPixels></Lod></Region><Point><altitudeMode>relativeToGround</altitudeMode><coordinates>-122.265464,37.863491,10.5</coordinates></Point></Placemark>
  <Placemark><styleUrl>#poly1</styleUrl><description><![CDATA[<b>411 VASSAR Ave</b><br/><b>Units:</b> 0<br/><b>VLI Units:</b> 0<br/><b>Stories:</b> 3<br/><b>Height:</b> 10.5m<br/><b>Status:</b> Application Submitted<br/><i>(height estimated from units)</i>]]></description><Polygon>
				<extrude>1</extrude>
				<altitudeMode>relativeToGround</altitudeMode>
				<outerBoundaryIs>
					<LinearRing>
						<coordinates>
							-122.2721223724031,37.9044153763826,10.5 -122.272293347219,37.9041717856449,10.5 -122.2724424290066,37.90424507791309,10.5 -122.2722783108293,37.90448513585587,10.5 -122.2721223724031,37.9044153763826,10.5 
						</coordinates>
					</LinearRing>
				</outerBoundaryIs>
			</Polygon></Placemark>
  <Placemark><name>411 Vassar Ave · 0u</name><styleUrl>#lab1</styleUrl><Region><LatLonAltBox><west>-122.272442</west><east>-122.272122</east><south>37.904172</south><north>37.904485</north></LatLonAltBox><Lod><minLodPixels>700</minLodPixels><maxLodPixels>-1</maxLodPixels></Lod></Region><Point><altitudeMode>relativeToGround</altitudeMode><coordinates>-122.272252,37.904347,10.5</coordinates></Point></Placemark>
  <Placemark><styleUrl>#poly1</styleUrl><description><![CDATA[<b>1048 Keith St</b><br/><b>Units:</b> 0<br/><b>VLI Units:</b> 0<br/><b>Stories:</b> 3<br/><b>Height:</b> 10.5m<br/><b>Status:</b> Entitled<br/><i>(height estimated from units)</i>]]></description><Polygon>
				<extrude>1</extrude>
				<altitudeMode>relativeToGround</altitudeMode>
				<outerBoundaryIs>
					<LinearRing>
						<coordinates>
							-122.2638953026801,37.8891697231143,10.5 -122.2639501342187,37.88956364621551,10.5 -122.2643440573199,37.8894756568857,10.5 -122.2642892257813,37.88908173378449,10.5 -122.2638953026801,37.8891697231143,10.5 
						</coordinates>
					</LinearRing>
				</outerBoundaryIs>
			</Polygon></Placemark>
  <Placemark><name>1048 Keith St · 0u</name><styleUrl>#lab1</styleUrl><Region><LatLonAltBox><west>-122.264344</west><east>-122.263895</east><south>37.889082</south><north>37.889564</north></LatLonAltBox><Lod><minLodPixels>700</minLodPixels><maxLodPixels>-1</maxLodPixels></Lod></Region><Point><altitudeMode>relativeToGround</altitudeMode><coordinates>-122.264075,37.889292,10.5</coordinates></Point></Placemark>
  <Placemark><styleUrl>#poly1</styleUrl><description><![CDATA[<b>1627 Jaynes St</b><br/><b>Units:</b> 0<br/><b>VLI Units:</b> 0<br/><b>Stories:</b> 3<br/><b>Height:</b> 10.5m<br/><b>Status:</b> Entitled]]></description><Polygon>
				<extrude>1</extrude>
				<altitudeMode>relativeToGround</altitudeMode>
				<outerBoundaryIs>
					<LinearRing>
						<coordinates>
							-122.2795970204728,37.87844416637996,10.5 -122.2796536881283,37.87842272172306,10.5 -122.2796828783408,37.87841198209196,10.5 -122.2794992503154,37.87805216981601,10.5 -122.2793714043297,37.87806783046049,10.5 -122.2795970204728,37.87844416637996,10.5 
						</coordinates>
					</LinearRing>
				</outerBoundaryIs>
			</Polygon></Placemark>
  <Placemark><name>1627 Jaynes St · 0u</name><styleUrl>#lab1</styleUrl><Region><LatLonAltBox><west>-122.279683</west><east>-122.279371</east><south>37.878052</south><north>37.878444</north></LatLonAltBox><Lod><minLodPixels>700</minLodPixels><maxLodPixels>-1</maxLodPixels></Lod></Region><Point><altitudeMode>relativeToGround</altitudeMode><coordinates>-122.279567,37.878307,10.5</coordinates></Point></Placemark>
  <Placemark><styleUrl>#poly1</styleUrl><description><![CDATA[<b>2705 BENVENUE Ave</b><br/><b>Units:</b> -1<br/><b>VLI Units:</b> 0<br/><b>Stories:</b> 3<br/><b>Height:</b> 10.5m<br/><b>Status:</b> In Review<br/><i>(height estimated from units)</i>]]></description><Polygon>
				<extrude>1</extrude>
				<altitudeMode>relativeToGround</altitudeMode>
				<outerBoundaryIs>
					<LinearRing>
						<coordinates>
							-122.2542656457475,37.86140259788645,10.5 -122.254625398627,37.86137871225898,10.5 -122.2546406536107,37.86151101218565,10.5 -122.2542773723538,37.86153220588187,10.5 -122.2542656457475,37.86140259788645,10.5 
						</coordinates>
					</LinearRing>
				</outerBoundaryIs>
			</Polygon></Placemark>
  <Placemark><name>2705 Benvenue Ave · 0u</name><styleUrl>#lab1</styleUrl><Region><LatLonAltBox><west>-122.254641</west><east>-122.254266</east><south>37.861379</south><north>37.861532</north></LatLonAltBox><Lod><minLodPixels>700</minLodPixels><maxLodPixels>-1</maxLodPixels></Lod></Region><Point><altitudeMode>relativeToGround</altitudeMode><coordinates>-122.254415,37.861445,10.5</coordinates></Point></Placemark>
  <Placemark><styleUrl>#poly1</styleUrl><Polygon><extrude>1</extrude><altitudeMode>relativeToGround</altitudeMode><outerBoundaryIs><LinearRing><coordinates>-122.281328,37.877195,10 -122.281123,37.877195,10 -122.281123,37.877357,10 -122.281328,37.877357,10 -122.281328,37.877195,10</coordinates></LinearRing></outerBoundaryIs></Polygon></Placemark>
  <Placemark><name>Fourplex</name><styleUrl>#lab1</styleUrl><Region><LatLonAltBox><west>-122.281328</west><east>-122.281123</east><south>37.877195</south><north>37.877357</north></LatLonAltBox><Lod><minLodPixels>700</minLodPixels><maxLodPixels>-1</maxLodPixels></Lod></Region><Point><altitudeMode>relativeToGround</altitudeMode><coordinates>-122.281246,37.877260,10.0</coordinates></Point></Placemark>
  <Placemark><styleUrl>#poly1</styleUrl><Polygon><extrude>1</extrude><altitudeMode>relativeToGround</altitudeMode><outerBoundaryIs><LinearRing><coordinates>-122.289825,37.879114,10 -122.289620,37.879114,10 -122.289620,37.879276,10 -122.289825,37.879276,10 -122.289825,37.879114,10</coordinates></LinearRing></outerBoundaryIs></Polygon></Placemark>
  <Placemark><name>Fourplex</name><styleUrl>#lab1</styleUrl><Region><LatLonAltBox><west>-122.289825</west><east>-122.289620</east><south>37.879114</south><north>37.879276</north></LatLonAltBox><Lod><minLodPixels>700</minLodPixels><maxLodPixels>-1</maxLodPixels></Lod></Region><Point><altitudeMode>relativeToGround</altitudeMode><coordinates>-122.289743,37.879179,10.0</coordinates></Point></Placemark>
  <Placemark><styleUrl>#poly1</styleUrl><Polygon><extrude>1</extrude><altitudeMode>relativeToGround</altitudeMode><outerBoundaryIs><LinearRing><coordinates>-122.291597,37.872439,10 -122.291392,37.872439,10 -122.291392,37.872600,10 -122.291597,37.872600,10 -122.291597,37.872439,10</coordinates></LinearRing></outerBoundaryIs></Polygon></Placemark>
  <Placemark><name>Fourplex</name><styleUrl>#lab1</styleUrl><Region><LatLonAltBox><west>-122.291597</west><east>-122.291392</east><south>37.872439</south><north>37.872600</north></LatLonAltBox><Lod><minLodPixels>700</minLodPixels><maxLodPixels>-1</maxLodPixels></Lod></Region><Point><altitudeMode>relativeToGround</altitudeMode><coordinates>-122.291515,37.872503,10.0</coordinates></Point></Placemark>
  <Placemark><styleUrl>#poly1</styleUrl><Polygon><extrude>1</extrude><altitudeMode>relativeToGround</altitudeMode><outerBoundaryIs><LinearRing><coordinates>-122.286255,37.881040,10 -122.286051,37.881040,10 -122.286051,37.881202,10 -122.286255,37.881202,10 -122.286255,37.881040,10</coordinates></LinearRing></outerBoundaryIs></Polygon></Placemark>
  <Placemark><name>Fourplex</name><styleUrl>#lab1</styleUrl><Region><LatLonAltBox><west>-122.286255</west><east>-122.286051</east><south>37.881040</south><north>37.881202</north></LatLonAltBox><Lod><minLodPixels>700</minLodPixels><maxLodPixels>-1</maxLodPixels></Lod></Region><Point><altitudeMode>relativeToGround</altitudeMode><coordinates>-122.286173,37.881105,10.0</coordinates></Point></Placemark>
  <Placemark><styleUrl>#poly1</styleUrl><Polygon><extrude>1</extrude><altitudeMode>relativeToGround</altitudeMode><outerBoundaryIs><LinearRing><coordinates>-122.294121,37.862613,10 -122.293916,37.862613,10 -122.293916,37.862775,10 -122.294121,37.862775,10 -122.294121,37.862613,10</coordinates></LinearRing></outerBoundaryIs></Polygon></Placemark>
  <Placemark><name>Fourplex</name><styleUrl>#lab1</styleUrl><Region><LatLonAltBox><west>-122.294121</west><east>-122.293916</east><south>37.862613</south><north>37.862775</north></LatLonAltBox><Lod><minLodPixels>700</minLodPixels><maxLodPixels>-1</maxLodPixels></Lod></Region><Point><altitudeMode>relativeToGround</altitudeMode><coordinates>-122.294039,37.862678,10.0</coordinates></Point></Placemark>
  <Placemark><styleUrl>#poly1</styleUrl><Polygon><extrude>1</extrude><altitudeMode>relativeToGround</altitudeMode><outerBoundaryIs><LinearRing><coordinates>-122.260189,37.857750,10 -122.259984,37.857750,10 -122.259984,37.857911,10 -122.260189,37.857911,10 -122.260189,37.857750,10</coordinates></LinearRing></outerBoundaryIs></Polygon></Placemark>
  <Placemark><name>Fourplex</name><styleUrl>#lab1</styleUrl><Region><LatLonAltBox><west>-122.260189</west><east>-122.259984</east><south>37.857750</south><north>37.857911</north></LatLonAltBox><Lod><minLodPixels>700</minLodPixels><maxLodPixels>-1</maxLodPixels></Lod></Region><Point><altitudeMode>relativeToGround</altitudeMode><coordinates>-122.260107,37.857814,10.0</coordinates></Point></Placemark>
  <Placemark><styleUrl>#poly1</styleUrl><Polygon><extrude>1</extrude><altitudeMode>relativeToGround</altitudeMode><outerBoundaryIs><LinearRing><coordinates>-122.291373,37.854029,10 -122.291168,37.854029,10 -122.291168,37.854191,10 -122.291373,37.854191,10 -122.291373,37.854029,10</coordinates></LinearRing></outerBoundaryIs></Polygon></Placemark>
  <Placemark><name>Fourplex</name><styleUrl>#lab1</styleUrl><Region><LatLonAltBox><west>-122.291373</west><east>-122.291168</east><south>37.854029</south><north>37.854191</north></LatLonAltBox><Lod><minLodPixels>700</minLodPixels><maxLodPixels>-1</maxLodPixels></Lod></Region><Point><altitudeMode>relativeToGround</altitudeMode><coordinates>-122.291291,37.854094,10.0</coordinates></Point></Placemark>
  <Placemark><styleUrl>#poly0</styleUrl><Polygon><extrude>1</extrude><altitudeMode>relativeToGround</altitudeMode><outerBoundaryIs><LinearRing><coordinates>-122.277551,37.858699,8 -122.277369,37.858699,8 -122.277369,37.858843,8 -122.277551,37.858843,8 -122.277551,37.858699,8</coordinates></LinearRing></outerBoundaryIs></Polygon></Placemark>
  <Placemark><name>Triplex</name><styleUrl>#lab0</styleUrl><Region><LatLonAltBox><west>-122.277551</west><east>-122.277369</east><south>37.858699</south><north>37.858843</north></LatLonAltBox><Lod><minLodPixels>700</minLodPixels><maxLodPixels>-1</maxLodPixels></Lod></Region><Point><altitudeMode>relativeToGround</altitudeMode><coordinates>-122.277478,37.858757,8.0</coordinates></Point></Placemark>
  <Placemark><styleUrl>#poly0</styleUrl><Polygon><extrude>1</extrude><altitudeMode>relativeToGround</altitudeMode><outerBoundaryIs><LinearRing><coordinates>-122.261588,37.858773,8 -122.261406,37.858773,8 -122.261406,37.858916,8 -122.261588,37.858916,8 -122.261588,37.858773,8</coordinates></LinearRing></outerBoundaryIs></Polygon></Placemark>
  <Placemark><name>Triplex</name><styleUrl>#lab0</styleUrl><Region><LatLonAltBox><west>-122.261588</west><east>-122.261406</east><south>37.858773</south><north>37.858916</north></LatLonAltBox><Lod><minLodPixels>700</minLodPixels><maxLodPixels>-1</maxLodPixels></Lod></Region><Point><altitudeMode>relativeToGround</altitudeMode><coordinates>-122.261515,37.858830,8.0</coordinates></Point></Placemark>
  <Placemark><styleUrl>#poly0</styleUrl><Polygon><extrude>1</extrude><altitudeMode>relativeToGround</altitudeMode><outerBoundaryIs><LinearRing><coordinates>-122.293416,37.879466,8 -122.293234,37.879466,8 -122.293234,37.879610,8 -122.293416,37.879610,8 -122.293416,37.879466,8</coordinates></LinearRing></outerBoundaryIs></Polygon></Placemark>
  <Placemark><name>Triplex</name><styleUrl>#lab0</styleUrl><Region><LatLonAltBox><west>-122.293416</west><east>-122.293234</east><south>37.879466</south><north>37.879610</north></LatLonAltBox><Lod><minLodPixels>700</minLodPixels><maxLodPixels>-1</maxLodPixels></Lod></Region><Point><altitudeMode>relativeToGround</altitudeMode><coordinates>-122.293343,37.879524,8.0</coordinates></Point></Placemark>
  <Placemark><styleUrl>#poly0</styleUrl><Polygon><extrude>1</extrude><altitudeMode>relativeToGround</altitudeMode><outerBoundaryIs><LinearRing><coordinates>-122.285731,37.868592,8 -122.285549,37.868592,8 -122.285549,37.868736,8 -122.285731,37.868736,8 -122.285731,37.868592,8</coordinates></LinearRing></outerBoundaryIs></Polygon></Placemark>
  <Placemark><name>Triplex</name><styleUrl>#lab0</styleUrl><Region><LatLonAltBox><west>-122.285731</west><east>-122.285549</east><south>37.868592</south><north>37.868736</north></LatLonAltBox><Lod><minLodPixels>700</minLodPixels><maxLodPixels>-1</maxLodPixels></Lod></Region><Point><altitudeMode>relativeToGround</altitudeMode><coordinates>-122.285658,37.868650,8.0</coordinates></Point></Placemark>
  <Placemark><styleUrl>#poly0</styleUrl><Polygon><extrude>1</extrude><altitudeMode>relativeToGround</altitudeMode><outerBoundaryIs><LinearRing><coordinates>-122.283890,37.851388,8 -122.283708,37.851388,8 -122.283708,37.851531,8 -122.283890,37.851531,8 -122.283890,37.851388,8</coordinates></LinearRing></outerBoundaryIs></Polygon></Placemark>
  <Placemark><name>Triplex</name><styleUrl>#lab0</styleUrl><Region><LatLonAltBox><west>-122.283890</west><east>-122.283708</east><south>37.851388</south><north>37.851531</north></LatLonAltBox><Lod><minLodPixels>700</minLodPixels><maxLodPixels>-1</maxLodPixels></Lod></Region><Point><altitudeMode>relativeToGround</altitudeMode><coordinates>-122.283817,37.851445,8.0</coordinates></Point></Placemark>
  <Placemark><styleUrl>#poly0</styleUrl><Polygon><extrude>1</extrude><altitudeMode>relativeToGround</altitudeMode><outerBoundaryIs><LinearRing><coordinates>-122.259722,37.860965,8 -122.259540,37.860965,8 -122.259540,37.861109,8 -122.259722,37.861109,8 -122.259722,37.860965,8</coordinates></LinearRing></outerBoundaryIs></Polygon></Placemark>
  <Placemark><name>Triplex</name><styleUrl>#lab0</styleUrl><Region><LatLonAltBox><west>-122.259722</west><east>-122.259540</east><south>37.860965</south><north>37.861109</north></LatLonAltBox><Lod><minLodPixels>700</minLodPixels><maxLodPixels>-1</maxLodPixels></Lod></Region><Point><altitudeMode>relativeToGround</altitudeMode><coordinates>-122.259649,37.861023,8.0</coordinates></Point></Placemark>
  <Placemark><styleUrl>#poly0</styleUrl><Polygon><extrude>1</extrude><altitudeMode>relativeToGround</altitudeMode><outerBoundaryIs><LinearRing><coordinates>-122.273281,37.868434,8 -122.273099,37.868434,8 -122.273099,37.868578,8 -122.273281,37.868578,8 -122.273281,37.868434,8</coordinates></LinearRing></outerBoundaryIs></Polygon></Placemark>
  <Placemark><name>Triplex</name><styleUrl>#lab0</styleUrl><Region><LatLonAltBox><west>-122.273281</west><east>-122.273099</east><south>37.868434</south><north>37.868578</north></LatLonAltBox><Lod><minLodPixels>700</minLodPixels><maxLodPixels>-1</maxLodPixels></Lod></Region><Point><altitudeMode>relativeToGround</altitudeMode><coordinates>-122.273208,37.868492,8.0</coordinates></Point></Placemark>
  <Placemark><styleUrl>#poly0</styleUrl><Polygon><extrude>1</extrude><altitudeMode>relativeToGround</altitudeMode><outerBoundaryIs><LinearRing><coordinates>-122.290646,37.855202,8 -122.290464,37.855202,8 -122.290464,37.855346,8 -122.290646,37.855346,8 -122.290646,37.855202,8</coordinates></LinearRing></outerBoundaryIs></Polygon></Placemark>
  <Placemark><name>Triplex</name><styleUrl>#lab0</styleUrl><Region><LatLonAltBox><west>-122.290646</west><east>-122.290464</east><south>37.855202</south><north>37.855346</north></LatLonAltBox><Lod><minLodPixels>700</minLodPixels><maxLodPixels>-1</maxLodPixels></Lod></Region><Point><altitudeMode>relativeToGround</altitudeMode><coordinates>-122.290573,37.855260,8.0</coordinates></Point></Placemark>
  <Placemark><styleUrl>#poly0</styleUrl><description><![CDATA[<b>2437 WARRING St</b><br/><b>Units:</b> 4<br/><b>VLI Units:</b> 0<br/><b>Stories:</b> 2<br/><b>Height:</b> 7.0m<br/><b>Status:</b> In Review]]></description><Polygon>
				<extrude>1</extrude>
				<altitudeMode>relativeToGround</altitudeMode>
				<outerBoundaryIs>
					<LinearRing>
						<coordinates>
							-122.2500807588333,37.86655723923688,7 -122.2504710851602,37.86650612135452,7 -122.2504951513369,37.86664516805629,7 -122.250154852925,37.86668729610788,7 -122.2501082066693,37.86669280062856,7 -122.2500807588333,37.86655723923688,7 
						</coordinates>
					</LinearRing>
				</outerBoundaryIs>
			</Polygon></Placemark>
  <Placemark><name>2437 Warring St · 4u</name><styleUrl>#lab0</styleUrl><Region><LatLonAltBox><west>-122.250495</west><east>-122.250081</east><south>37.866506</south><north>37.866693</north></LatLonAltBox><Lod><minLodPixels>700</minLodPixels><maxLodPixels>-1</maxLodPixels></Lod></Region><Point><altitudeMode>relativeToGround</altitudeMode><coordinates>-122.250232,37.866608,7.0</coordinates></Point></Placemark>
  <Placemark><styleUrl>#poly0</styleUrl><description><![CDATA[<b>2833 Seventh St</b><br/><b>Units:</b> 3<br/><b>VLI Units:</b> 0<br/><b>Stories:</b> 2<br/><b>Height:</b> 7.0m<br/><b>Status:</b> Entitled]]></description><Polygon>
				<extrude>1</extrude>
				<altitudeMode>relativeToGround</altitudeMode>
				<outerBoundaryIs>
					<LinearRing>
						<coordinates>
							-122.2914171990375,37.85419157639416,7 -122.2915090073438,37.85442358699142,7 -122.2920866889824,37.85431806921419,7 -122.2919955231228,37.85406791137463,7 -122.2914171990375,37.85419157639416,7 
						</coordinates>
					</LinearRing>
				</outerBoundaryIs>
			</Polygon></Placemark>
  <Placemark><name>2833 Seventh St · 3u</name><styleUrl>#lab0</styleUrl><Region><LatLonAltBox><west>-122.292087</west><east>-122.291417</east><south>37.854068</south><north>37.854424</north></LatLonAltBox><Lod><minLodPixels>700</minLodPixels><maxLodPixels>-1</maxLodPixels></Lod></Region><Point><altitudeMode>relativeToGround</altitudeMode><coordinates>-122.291685,37.854239,7.0</coordinates></Point></Placemark>
  <Placemark><styleUrl>#poly0</styleUrl><description><![CDATA[<b>2820 SAN PABLO Ave</b><br/><b>Units:</b> 1<br/><b>VLI Units:</b> 0<br/><b>Stories:</b> 2<br/><b>Height:</b> 7.0m<br/><b>Status:</b> Entitled]]></description><Polygon>
				<extrude>1</extrude>
				<altitudeMode>relativeToGround</altitudeMode>
				<outerBoundaryIs>
					<LinearRing>
						<coordinates>
							-122.2878720031796,37.85528180888238,7 -122.2883288178861,37.85518973468466,7 -122.2883666347419,37.85532169289956,7 -122.2879150319901,37.85541368519503,7 -122.2878720031796,37.85528180888238,7 
						</coordinates>
					</LinearRing>
				</outerBoundaryIs>
			</Polygon></Placemark>
  <Placemark><name>2820 San Pablo Ave · 1u</name><styleUrl>#lab0</styleUrl><Region><LatLonAltBox><west>-122.288367</west><east>-122.287872</east><south>37.855190</south><north>37.855414</north></LatLonAltBox><Lod><minLodPixels>700</minLodPixels><maxLodPixels>-1</maxLodPixels></Lod></Region><Point><altitudeMode>relativeToGround</altitudeMode><coordinates>-122.288071,37.855298,7.0</coordinates></Point></Placemark>
  <Placemark><styleUrl>#poly0</styleUrl><description><![CDATA[<b>811 Cedar</b><br/><b>Units:</b> 0<br/><b>VLI Units:</b> 0<br/><b>Stories:</b> 2<br/><b>Height:</b> 7.0m<br/><b>Status:</b> Entitled]]></description><Polygon>
				<extrude>1</extrude>
				<altitudeMode>relativeToGround</altitudeMode>
				<outerBoundaryIs>
					<LinearRing>
						<coordinates>
							-122.3000546194649,37.87412438368553,7 -122.3001327621919,37.8743707679404,7 -122.3003467220076,37.87433158529969,7 -122.3002654267381,37.87407737640122,7 -122.3000546194649,37.87412438368553,7 
						</coordinates>
					</LinearRing>
				</outerBoundaryIs>
			</Polygon></Placemark>
  <Placemark><name>811 Cedar · 0u</name><styleUrl>#lab0</styleUrl><Region><LatLonAltBox><west>-122.300347</west><east>-122.300055</east><south>37.874077</south><north>37.874371</north></LatLonAltBox><Lod><minLodPixels>700</minLodPixels><maxLodPixels>-1</maxLodPixels></Lod></Region><Point><altitudeMode>relativeToGround</altitudeMode><coordinates>-122.300171,37.874206,7.0</coordinates></Point></Placemark>
  <Placemark><styleUrl>#poly0</styleUrl><Polygon><extrude>1</extrude><altitudeMode>relativeToGround</altitudeMode><outerBoundaryIs><LinearRing><coordinates>-122.279554,37.864684,6 -122.279395,37.864684,6 -122.279395,37.864809,6 -122.279554,37.864809,6 -122.279554,37.864684,6</coordinates></LinearRing></outerBoundaryIs></Polygon></Placemark>
  <Placemark><name>Duplex</name><styleUrl>#lab0</styleUrl><Region><LatLonAltBox><west>-122.279554</west><east>-122.279395</east><south>37.864684</south><north>37.864809</north></LatLonAltBox><Lod><minLodPixels>700</minLodPixels><maxLodPixels>-1</maxLodPixels></Lod></Region><Point><altitudeMode>relativeToGround</altitudeMode><coordinates>-122.279490,37.864734,6.0</coordinates></Point></Placemark>
  <Placemark><styleUrl>#poly0</styleUrl><Polygon><extrude>1</extrude><altitudeMode>relativeToGround</altitudeMode><outerBoundaryIs><LinearRing><coordinates>-122.285216,37.855575,6 -122.285056,37.855575,6 -122.285056,37.855701,6 -122.285216,37.855701,6 -122.285216,37.855575,6</coordinates></LinearRing></outerBoundaryIs></Polygon></Placemark>
  <Placemark><name>Duplex</name><styleUrl>#lab0</styleUrl><Region><LatLonAltBox><west>-122.285216</west><east>-122.285056</east><south>37.855575</south><north>37.855701</north></LatLonAltBox><Lod><minLodPixels>700</minLodPixels><maxLodPixels>-1</maxLodPixels></Lod></Region><Point><altitudeMode>relativeToGround</altitudeMode><coordinates>-122.285152,37.855625,6.0</coordinates></Point></Placemark>
  <Placemark><styleUrl>#poly0</styleUrl><Polygon><extrude>1</extrude><altitudeMode>relativeToGround</altitudeMode><outerBoundaryIs><LinearRing><coordinates>-122.250259,37.854685,6 -122.250100,37.854685,6 -122.250100,37.854811,6 -122.250259,37.854811,6 -122.250259,37.854685,6</coordinates></LinearRing></outerBoundaryIs></Polygon></Placemark>
  <Placemark><name>Duplex</name><styleUrl>#lab0</styleUrl><Region><LatLonAltBox><west>-122.250259</west><east>-122.250100</east><south>37.854685</south><north>37.854811</north></LatLonAltBox><Lod><minLodPixels>700</minLodPixels><maxLodPixels>-1</maxLodPixels></Lod></Region><Point><altitudeMode>relativeToGround</altitudeMode><coordinates>-122.250195,37.854735,6.0</coordinates></Point></Placemark>
  <Placemark><styleUrl>#poly0</styleUrl><Polygon><extrude>1</extrude><altitudeMode>relativeToGround</altitudeMode><outerBoundaryIs><LinearRing><coordinates>-122.296139,37.870724,6 -122.295980,37.870724,6 -122.295980,37.870850,6 -122.296139,37.870850,6 -122.296139,37.870724,6</coordinates></LinearRing></outerBoundaryIs></Polygon></Placemark>
  <Placemark><name>Duplex</name><styleUrl>#lab0</styleUrl><Region><LatLonAltBox><west>-122.296139</west><east>-122.295980</east><south>37.870724</south><north>37.870850</north></LatLonAltBox><Lod><minLodPixels>700</minLodPixels><maxLodPixels>-1</maxLodPixels></Lod></Region><Point><altitudeMode>relativeToGround</altitudeMode><coordinates>-122.296075,37.870774,6.0</coordinates></Point></Placemark>
  <Placemark><styleUrl>#poly0</styleUrl><Polygon><extrude>1</extrude><altitudeMode>relativeToGround</altitudeMode><outerBoundaryIs><LinearRing><coordinates>-122.256673,37.854110,6 -122.256514,37.854110,6 -122.256514,37.854235,6 -122.256673,37.854235,6 -122.256673,37.854110,6</coordinates></LinearRing></outerBoundaryIs></Polygon></Placemark>
  <Placemark><name>Duplex</name><styleUrl>#lab0</styleUrl><Region><LatLonAltBox><west>-122.256673</west><east>-122.256514</east><south>37.854110</south><north>37.854235</north></LatLonAltBox><Lod><minLodPixels>700</minLodPixels><maxLodPixels>-1</maxLodPixels></Lod></Region><Point><altitudeMode>relativeToGround</altitudeMode><coordinates>-122.256609,37.854160,6.0</coordinates></Point></Placemark>
  <Placemark><styleUrl>#poly0</styleUrl><Polygon><extrude>1</extrude><altitudeMode>relativeToGround</altitudeMode><outerBoundaryIs><LinearRing><coordinates>-122.276543,37.860333,6 -122.276384,37.860333,6 -122.276384,37.860459,6 -122.276543,37.860459,6 -122.276543,37.860333,6</coordinates></LinearRing></outerBoundaryIs></Polygon></Placemark>
  <Placemark><name>Duplex</name><styleUrl>#lab0</styleUrl><Region><LatLonAltBox><west>-122.276543</west><east>-122.276384</east><south>37.860333</south><north>37.860459</north></LatLonAltBox><Lod><minLodPixels>700</minLodPixels><maxLodPixels>-1</maxLodPixels></Lod></Region><Point><altitudeMode>relativeToGround</altitudeMode><coordinates>-122.276479,37.860383,6.0</coordinates></Point></Placemark>
  <Placemark><styleUrl>#poly0</styleUrl><Polygon><extrude>1</extrude><altitudeMode>relativeToGround</altitudeMode><outerBoundaryIs><LinearRing><coordinates>-122.283347,37.860323,6 -122.283188,37.860323,6 -122.283188,37.860448,6 -122.283347,37.860448,6 -122.283347,37.860323,6</coordinates></LinearRing></outerBoundaryIs></Polygon></Placemark>
  <Placemark><name>Duplex</name><styleUrl>#lab0</styleUrl><Region><LatLonAltBox><west>-122.283347</west><east>-122.283188</east><south>37.860323</south><north>37.860448</north></LatLonAltBox><Lod><minLodPixels>700</minLodPixels><maxLodPixels>-1</maxLodPixels></Lod></Region><Point><altitudeMode>relativeToGround</altitudeMode><coordinates>-122.283283,37.860373,6.0</coordinates></Point></Placemark>
  <Placemark><styleUrl>#poly0</styleUrl><Polygon><extrude>1</extrude><altitudeMode>relativeToGround</altitudeMode><outerBoundaryIs><LinearRing><coordinates>-122.262793,37.852842,6 -122.262634,37.852842,6 -122.262634,37.852968,6 -122.262793,37.852968,6 -122.262793,37.852842,6</coordinates></LinearRing></outerBoundaryIs></Polygon></Placemark>
  <Placemark><name>Duplex</name><styleUrl>#lab0</styleUrl><Region><LatLonAltBox><west>-122.262793</west><east>-122.262634</east><south>37.852842</south><north>37.852968</north></LatLonAltBox><Lod><minLodPixels>700</minLodPixels><maxLodPixels>-1</maxLodPixels></Lod></Region><Point><altitudeMode>relativeToGround</altitudeMode><coordinates>-122.262729,37.852892,6.0</coordinates></Point></Placemark>
  <Placemark><styleUrl>#poly0</styleUrl><Polygon><extrude>1</extrude><altitudeMode>relativeToGround</altitudeMode><outerBoundaryIs><LinearRing><coordinates>-122.274608,37.867912,6 -122.274449,37.867912,6 -122.274449,37.868038,6 -122.274608,37.868038,6 -122.274608,37.867912,6</coordinates></LinearRing></outerBoundaryIs></Polygon></Placemark>
  <Placemark><name>Duplex</name><styleUrl>#lab0</styleUrl><Region><LatLonAltBox><west>-122.274608</west><east>-122.274449</east><south>37.867912</south><north>37.868038</north></LatLonAltBox><Lod><minLodPixels>700</minLodPixels><maxLodPixels>-1</maxLodPixels></Lod></Region><Point><altitudeMode>relativeToGround</altitudeMode><coordinates>-122.274544,37.867962,6.0</coordinates></Point></Placemark>
  <Placemark><styleUrl>#poly0</styleUrl><Polygon><extrude>1</extrude><altitudeMode>relativeToGround</altitudeMode><outerBoundaryIs><LinearRing><coordinates>-122.288196,37.860667,6 -122.288036,37.860667,6 -122.288036,37.860793,6 -122.288196,37.860793,6 -122.288196,37.860667,6</coordinates></LinearRing></outerBoundaryIs></Polygon></Placemark>
  <Placemark><name>Duplex</name><styleUrl>#lab0</styleUrl><Region><LatLonAltBox><west>-122.288196</west><east>-122.288036</east><south>37.860667</south><north>37.860793</north></LatLonAltBox><Lod><minLodPixels>700</minLodPixels><maxLodPixels>-1</maxLodPixels></Lod></Region><Point><altitudeMode>relativeToGround</altitudeMode><coordinates>-122.288132,37.860717,6.0</coordinates></Point></Placemark>
  <Placemark><styleUrl>#poly0</styleUrl><Polygon><extrude>1</extrude><altitudeMode>relativeToGround</altitudeMode><outerBoundaryIs><LinearRing><coordinates>-122.267454,37.853084,6 -122.267295,37.853084,6 -122.267295,37.853210,6 -122.267454,37.853210,6 -122.267454,37.853084,6</coordinates></LinearRing></outerBoundaryIs></Polygon></Placemark>
  <Placemark><name>Duplex</name><styleUrl>#lab0</styleUrl><Region><LatLonAltBox><west>-122.267454</west><east>-122.267295</east><south>37.853084</south><north>37.853210</north></LatLonAltBox><Lod><minLodPixels>700</minLodPixels><maxLodPixels>-1</maxLodPixels></Lod></Region><Point><altitudeMode>relativeToGround</altitudeMode><coordinates>-122.267390,37.853134,6.0</coordinates></Point></Placemark>
  <Placemark><styleUrl>#poly0</styleUrl><Polygon><extrude>1</extrude><altitudeMode>relativeToGround</altitudeMode><outerBoundaryIs><LinearRing><coordinates>-122.278617,37.852648,4 -122.278481,37.852648,4 -122.278481,37.852756,4 -122.278617,37.852756,4 -122.278617,37.852648,4</coordinates></LinearRing></outerBoundaryIs></Polygon></Placemark>
  <Placemark><name>ADU</name><styleUrl>#lab0</styleUrl><Region><LatLonAltBox><west>-122.278617</west><east>-122.278481</east><south>37.852648</south><north>37.852756</north></LatLonAltBox><Lod><minLodPixels>700</minLodPixels><maxLodPixels>-1</maxLodPixels></Lod></Region><Point><altitudeMode>relativeToGround</altitudeMode><coordinates>-122.278563,37.852691,4.0</coordinates></Point></Placemark>
  <Placemark><styleUrl>#poly0</styleUrl><Polygon><extrude>1</extrude><altitudeMode>relativeToGround</altitudeMode><outerBoundaryIs><LinearRing><coordinates>-122.281512,37.851115,4 -122.281375,37.851115,4 -122.281375,37.851223,4 -122.281512,37.851223,4 -122.281512,37.851115,4</coordinates></LinearRing></outerBoundaryIs></Polygon></Placemark>
  <Placemark><name>ADU</name><styleUrl>#lab0</styleUrl><Region><LatLonAltBox><west>-122.281512</west><east>-122.281375</east><south>37.851115</south><north>37.851223</north></LatLonAltBox><Lod><minLodPixels>700</minLodPixels><maxLodPixels>-1</maxLodPixels></Lod></Region><Point><altitudeMode>relativeToGround</altitudeMode><coordinates>-122.281457,37.851158,4.0</coordinates></Point></Placemark>
  <Placemark><styleUrl>#poly0</styleUrl><Polygon><extrude>1</extrude><altitudeMode>relativeToGround</altitudeMode><outerBoundaryIs><LinearRing><coordinates>-122.247957,37.855723,4 -122.247821,37.855723,4 -122.247821,37.855831,4 -122.247957,37.855831,4 -122.247957,37.855723,4</coordinates></LinearRing></outerBoundaryIs></Polygon></Placemark>
  <Placemark><name>ADU</name><styleUrl>#lab0</styleUrl><Region><LatLonAltBox><west>-122.247957</west><east>-122.247821</east><south>37.855723</south><north>37.855831</north></LatLonAltBox><Lod><minLodPixels>700</minLodPixels><maxLodPixels>-1</maxLodPixels></Lod></Region><Point><altitudeMode>relativeToGround</altitudeMode><coordinates>-122.247903,37.855766,4.0</coordinates></Point></Placemark>
  <Placemark><styleUrl>#poly0</styleUrl><Polygon><extrude>1</extrude><altitudeMode>relativeToGround</altitudeMode><outerBoundaryIs><LinearRing><coordinates>-122.296151,37.876512,4 -122.296015,37.876512,4 -122.296015,37.876620,4 -122.296151,37.876620,4 -122.296151,37.876512,4</coordinates></LinearRing></outerBoundaryIs></Polygon></Placemark>
  <Placemark><name>ADU</name><styleUrl>#lab0</styleUrl><Region><LatLonAltBox><west>-122.296151</west><east>-122.296015</east><south>37.876512</south><north>37.876620</north></LatLonAltBox><Lod><minLodPixels>700</minLodPixels><maxLodPixels>-1</maxLodPixels></Lod></Region><Point><altitudeMode>relativeToGround</altitudeMode><coordinates>-122.296097,37.876555,4.0</coordinates></Point></Placemark>
  <Placemark><styleUrl>#poly0</styleUrl><Polygon><extrude>1</extrude><altitudeMode>relativeToGround</altitudeMode><outerBoundaryIs><LinearRing><coordinates>-122.283768,37.857879,4 -122.283631,37.857879,4 -122.283631,37.857987,4 -122.283768,37.857987,4 -122.283768,37.857879,4</coordinates></LinearRing></outerBoundaryIs></Polygon></Placemark>
  <Placemark><name>ADU</name><styleUrl>#lab0</styleUrl><Region><LatLonAltBox><west>-122.283768</west><east>-122.283631</east><south>37.857879</south><north>37.857987</north></LatLonAltBox><Lod><minLodPixels>700</minLodPixels><maxLodPixels>-1</maxLodPixels></Lod></Region><Point><altitudeMode>relativeToGround</altitudeMode><coordinates>-122.283713,37.857922,4.0</coordinates></Point></Placemark>
  <Placemark><styleUrl>#poly0</styleUrl><Polygon><extrude>1</extrude><altitudeMode>relativeToGround</altitudeMode><outerBoundaryIs><LinearRing><coordinates>-122.279571,37.858978,4 -122.279435,37.858978,4 -122.279435,37.859086,4 -122.279571,37.859086,4 -122.279571,37.858978,4</coordinates></LinearRing></outerBoundaryIs></Polygon></Placemark>
  <Placemark><name>ADU</name><styleUrl>#lab0</styleUrl><Region><LatLonAltBox><west>-122.279571</west><east>-122.279435</east><south>37.858978</south><north>37.859086</north></LatLonAltBox><Lod><minLodPixels>700</minLodPixels><maxLodPixels>-1</maxLodPixels></Lod></Region><Point><altitudeMode>relativeToGround</altitudeMode><coordinates>-122.279517,37.859021,4.0</coordinates></Point></Placemark>
  <Placemark><styleUrl>#poly0</styleUrl><Polygon><extrude>1</extrude><altitudeMode>relativeToGround</altitudeMode><outerBoundaryIs><LinearRing><coordinates>-122.279189,37.898724,4 -122.279053,37.898724,4 -122.279053,37.898832,4 -122.279189,37.898832,4 -122.279189,37.898724,4</coordinates></LinearRing></outerBoundaryIs></Polygon></Placemark>
  <Placemark><name>ADU</name><styleUrl>#lab0</styleUrl><Region><LatLonAltBox><west>-122.279189</west><east>-122.279053</east><south>37.898724</south><north>37.898832</north></LatLonAltBox><Lod><minLodPixels>700</minLodPixels><maxLodPixels>-1</maxLodPixels></Lod></Region><Point><altitudeMode>relativeToGround</altitudeMode><coordinates>-122.279135,37.898767,4.0</coordinates></Point></Placemark>
  <Placemark><styleUrl>#poly0</styleUrl><Polygon><extrude>1</extrude><altitudeMode>relativeToGround</altitudeMode><outerBoundaryIs><LinearRing><coordinates>-122.286349,37.891712,4 -122.286212,37.891712,4 -122.286212,37.891819,4 -122.286349,37.891819,4 -122.286349,37.891712,4</coordinates></LinearRing></outerBoundaryIs></Polygon></Placemark>
  <Placemark><name>ADU</name><styleUrl>#lab0</styleUrl><Region><LatLonAltBox><west>-122.286349</west><east>-122.286212</east><south>37.891712</south><north>37.891819</north></LatLonAltBox><Lod><minLodPixels>700</minLodPixels><maxLodPixels>-1</maxLodPixels></Lod></Region><Point><altitudeMode>relativeToGround</altitudeMode><coordinates>-122.286294,37.891755,4.0</coordinates></Point></Placemark>
  <Placemark><styleUrl>#poly0</styleUrl><Polygon><extrude>1</extrude><altitudeMode>relativeToGround</altitudeMode><outerBoundaryIs><LinearRing><coordinates>-122.292558,37.882470,4 -122.292422,37.882470,4 -122.292422,37.882578,4 -122.292558,37.882578,4 -122.292558,37.882470,4</coordinates></LinearRing></outerBoundaryIs></Polygon></Placemark>
  <Placemark><name>ADU</name><styleUrl>#lab0</styleUrl><Region><LatLonAltBox><west>-122.292558</west><east>-122.292422</east><south>37.882470</south><north>37.882578</north></LatLonAltBox><Lod><minLodPixels>700</minLodPixels><maxLodPixels>-1</maxLodPixels></Lod></Region><Point><altitudeMode>relativeToGround</altitudeMode><coordinates>-122.292504,37.882513,4.0</coordinates></Point></Placemark>
  <Placemark><styleUrl>#poly0</styleUrl><Polygon><extrude>1</extrude><altitudeMode>relativeToGround</altitudeMode><outerBoundaryIs><LinearRing><coordinates>-122.287710,37.882159,4 -122.287573,37.882159,4 -122.287573,37.882266,4 -122.287710,37.882266,4 -122.287710,37.882159,4</coordinates></LinearRing></outerBoundaryIs></Polygon></Placemark>
  <Placemark><name>ADU</name><styleUrl>#lab0</styleUrl><Region><LatLonAltBox><west>-122.287710</west><east>-122.287573</east><south>37.882159</south><north>37.882266</north></LatLonAltBox><Lod><minLodPixels>700</minLodPixels><maxLodPixels>-1</maxLodPixels></Lod></Region><Point><altitudeMode>relativeToGround</altitudeMode><coordinates>-122.287655,37.882202,4.0</coordinates></Point></Placemark>
  <Placemark><styleUrl>#poly0</styleUrl><Polygon><extrude>1</extrude><altitudeMode>relativeToGround</altitudeMode><outerBoundaryIs><LinearRing><coordinates>-122.296769,37.873165,4 -122.296633,37.873165,4 -122.296633,37.873273,4 -122.296769,37.873273,4 -122.296769,37.873165,4</coordinates></LinearRing></outerBoundaryIs></Polygon></Placemark>
  <Placemark><name>ADU</name><styleUrl>#lab0</styleUrl><Region><LatLonAltBox><west>-122.296769</west><east>-122.296633</east><south>37.873165</south><north>37.873273</north></LatLonAltBox><Lod><minLodPixels>700</minLodPixels><maxLodPixels>-1</maxLodPixels></Lod></Region><Point><altitudeMode>relativeToGround</altitudeMode><coordinates>-122.296715,37.873208,4.0</coordinates></Point></Placemark>
  <Placemark><styleUrl>#poly0</styleUrl><Polygon><extrude>1</extrude><altitudeMode>relativeToGround</altitudeMode><outerBoundaryIs><LinearRing><coordinates>-122.264203,37.878470,4 -122.264066,37.878470,4 -122.264066,37.878577,4 -122.264203,37.878577,4 -122.264203,37.878470,4</coordinates></LinearRing></outerBoundaryIs></Polygon></Placemark>
  <Placemark><name>ADU</name><styleUrl>#lab0</styleUrl><Region><LatLonAltBox><west>-122.264203</west><east>-122.264066</east><south>37.878470</south><north>37.878577</north></LatLonAltBox><Lod><minLodPixels>700</minLodPixels><maxLodPixels>-1</maxLodPixels></Lod></Region><Point><altitudeMode>relativeToGround</altitudeMode><coordinates>-122.264148,37.878513,4.0</coordinates></Point></Placemark>
  <Placemark><styleUrl>#poly0</styleUrl><Polygon><extrude>1</extrude><altitudeMode>relativeToGround</altitudeMode><outerBoundaryIs><LinearRing><coordinates>-122.288788,37.873580,4 -122.288651,37.873580,4 -122.288651,37.873688,4 -122.288788,37.873688,4 -122.288788,37.873580,4</coordinates></LinearRing></outerBoundaryIs></Polygon></Placemark>
  <Placemark><name>ADU</name><styleUrl>#lab0</styleUrl><Region><LatLonAltBox><west>-122.288788</west><east>-122.288651</east><south>37.873580</south><north>37.873688</north></LatLonAltBox><Lod><minLodPixels>700</minLodPixels><maxLodPixels>-1</maxLodPixels></Lod></Region><Point><altitudeMode>relativeToGround</altitudeMode><coordinates>-122.288733,37.873623,4.0</coordinates></Point></Placemark>
  <Placemark><styleUrl>#poly0</styleUrl><Polygon><extrude>1</extrude><altitudeMode>relativeToGround</altitudeMode><outerBoundaryIs><LinearRing><coordinates>-122.275891,37.869634,4 -122.275754,37.869634,4 -122.275754,37.869742,4 -122.275891,37.869742,4 -122.275891,37.869634,4</coordinates></LinearRing></outerBoundaryIs></Polygon></Placemark>
  <Placemark><name>ADU</name><styleUrl>#lab0</styleUrl><Region><LatLonAltBox><west>-122.275891</west><east>-122.275754</east><south>37.869634</south><north>37.869742</north></LatLonAltBox><Lod><minLodPixels>700</minLodPixels><maxLodPixels>-1</maxLodPixels></Lod></Region><Point><altitudeMode>relativeToGround</altitudeMode><coordinates>-122.275836,37.869677,4.0</coordinates></Point></Placemark>
  <Placemark><styleUrl>#poly0</styleUrl><Polygon><extrude>1</extrude><altitudeMode>relativeToGround</altitudeMode><outerBoundaryIs><LinearRing><coordinates>-122.271834,37.853876,4 -122.271698,37.853876,4 -122.271698,37.853984,4 -122.271834,37.853984,4 -122.271834,37.853876,4</coordinates></LinearRing></outerBoundaryIs></Polygon></Placemark>
  <Placemark><name>ADU</name><styleUrl>#lab0</styleUrl><Region><LatLonAltBox><west>-122.271834</west><east>-122.271698</east><south>37.853876</south><north>37.853984</north></LatLonAltBox><Lod><minLodPixels>700</minLodPixels><maxLodPixels>-1</maxLodPixels></Lod></Region><Point><altitudeMode>relativeToGround</altitudeMode><coordinates>-122.271780,37.853919,4.0</coordinates></Point></Placemark>
  <Placemark><styleUrl>#poly0</styleUrl><Polygon><extrude>1</extrude><altitudeMode>relativeToGround</altitudeMode><outerBoundaryIs><LinearRing><coordinates>-122.270620,37.848122,4 -122.270483,37.848122,4 -122.270483,37.848230,4 -122.270620,37.848230,4 -122.270620,37.848122,4</coordinates></LinearRing></outerBoundaryIs></Polygon></Placemark>
  <Placemark><name>ADU</name><styleUrl>#lab0</styleUrl><Region><LatLonAltBox><west>-122.270620</west><east>-122.270483</east><south>37.848122</south><north>37.848230</north></LatLonAltBox><Lod><minLodPixels>700</minLodPixels><maxLodPixels>-1</maxLodPixels></Lod></Region><Point><altitudeMode>relativeToGround</altitudeMode><coordinates>-122.270565,37.848165,4.0</coordinates></Point></Placemark>
  <Placemark><styleUrl>#poly0</styleUrl><Polygon><extrude>1</extrude><altitudeMode>relativeToGround</altitudeMode><outerBoundaryIs><LinearRing><coordinates>-122.277720,37.893531,4 -122.277584,37.893531,4 -122.277584,37.893639,4 -122.277720,37.893639,4 -122.277720,37.893531,4</coordinates></LinearRing></outerBoundaryIs></Polygon></Placemark>
  <Placemark><name>ADU</name><styleUrl>#lab0</styleUrl><Region><LatLonAltBox><west>-122.277720</west><east>-122.277584</east><south>37.893531</south><north>37.893639</north></LatLonAltBox><Lod><minLodPixels>700</minLodPixels><maxLodPixels>-1</maxLodPixels></Lod></Region><Point><altitudeMode>relativeToGround</altitudeMode><coordinates>-122.277666,37.893574,4.0</coordinates></Point></Placemark>
  <Placemark><styleUrl>#poly0</styleUrl><Polygon><extrude>1</extrude><altitudeMode>relativeToGround</altitudeMode><outerBoundaryIs><LinearRing><coordinates>-122.249747,37.855585,4 -122.249611,37.855585,4 -122.249611,37.855693,4 -122.249747,37.855693,4 -122.249747,37.855585,4</coordinates></LinearRing></outerBoundaryIs></Polygon></Placemark>
  <Placemark><name>ADU</name><styleUrl>#lab0</styleUrl><Region><LatLonAltBox><west>-122.249747</west><east>-122.249611</east><south>37.855585</south><north>37.855693</north></LatLonAltBox><Lod><minLodPixels>700</minLodPixels><maxLodPixels>-1</maxLodPixels></Lod></Region><Point><altitudeMode>relativeToGround</altitudeMode><coordinates>-122.249693,37.855628,4.0</coordinates></Point></Placemark>
  <Placemark><styleUrl>#poly0</styleUrl><Polygon><extrude>1</extrude><altitudeMode>relativeToGround</altitudeMode><outerBoundaryIs><LinearRing><coordinates>-122.287885,37.860683,4 -122.287749,37.860683,4 -122.287749,37.860790,4 -122.287885,37.860790,4 -122.287885,37.860683,4</coordinates></LinearRing></outerBoundaryIs></Polygon></Placemark>
  <Placemark><name>ADU</name><styleUrl>#lab0</styleUrl><Region><LatLonAltBox><west>-122.287885</west><east>-122.287749</east><south>37.860683</south><north>37.860790</north></LatLonAltBox><Lod><minLodPixels>700</minLodPixels><maxLodPixels>-1</maxLodPixels></Lod></Region><Point><altitudeMode>relativeToGround</altitudeMode><coordinates>-122.287831,37.860726,4.0</coordinates></Point></Placemark>
  <Placemark><styleUrl>#poly0</styleUrl><Polygon><extrude>1</extrude><altitudeMode>relativeToGround</altitudeMode><outerBoundaryIs><LinearRing><coordinates>-122.278399,37.898629,4 -122.278263,37.898629,4 -122.278263,37.898737,4 -122.278399,37.898737,4 -122.278399,37.898629,4</coordinates></LinearRing></outerBoundaryIs></Polygon></Placemark>
  <Placemark><name>ADU</name><styleUrl>#lab0</styleUrl><Region><LatLonAltBox><west>-122.278399</west><east>-122.278263</east><south>37.898629</south><north>37.898737</north></LatLonAltBox><Lod><minLodPixels>700</minLodPixels><maxLodPixels>-1</maxLodPixels></Lod></Region><Point><altitudeMode>relativeToGround</altitudeMode><coordinates>-122.278345,37.898672,4.0</coordinates></Point></Placemark>
  <Placemark><styleUrl>#poly0</styleUrl><Polygon><extrude>1</extrude><altitudeMode>relativeToGround</altitudeMode><outerBoundaryIs><LinearRing><coordinates>-122.294477,37.881154,4 -122.294341,37.881154,4 -122.294341,37.881261,4 -122.294477,37.881261,4 -122.294477,37.881154,4</coordinates></LinearRing></outerBoundaryIs></Polygon></Placemark>
  <Placemark><name>ADU</name><styleUrl>#lab0</styleUrl><Region><LatLonAltBox><west>-122.294477</west><east>-122.294341</east><south>37.881154</south><north>37.881261</north></LatLonAltBox><Lod><minLodPixels>700</minLodPixels><maxLodPixels>-1</maxLodPixels></Lod></Region><Point><altitudeMode>relativeToGround</altitudeMode><coordinates>-122.294423,37.881197,4.0</coordinates></Point></Placemark>
  <Placemark><styleUrl>#poly0</styleUrl><Polygon><extrude>1</extrude><altitudeMode>relativeToGround</altitudeMode><outerBoundaryIs><LinearRing><coordinates>-122.289544,37.878280,4 -122.289407,37.878280,4 -122.289407,37.878388,4 -122.289544,37.878388,4 -122.289544,37.878280,4</coordinates></LinearRing></outerBoundaryIs></Polygon></Placemark>
  <Placemark><name>ADU</name><styleUrl>#lab0</styleUrl><Region><LatLonAltBox><west>-122.289544</west><east>-122.289407</east><south>37.878280</south><north>37.878388</north></LatLonAltBox><Lod><minLodPixels>700</minLodPixels><maxLodPixels>-1</maxLodPixels></Lod></Region><Point><altitudeMode>relativeToGround</altitudeMode><coordinates>-122.289489,37.878323,4.0</coordinates></Point></Placemark>
  <Placemark><styleUrl>#poly0</styleUrl><Polygon><extrude>1</extrude><altitudeMode>relativeToGround</altitudeMode><outerBoundaryIs><LinearRing><coordinates>-122.243006,37.853302,4 -122.242870,37.853302,4 -122.242870,37.853409,4 -122.243006,37.853409,4 -122.243006,37.853302,4</coordinates></LinearRing></outerBoundaryIs></Polygon></Placemark>
  <Placemark><name>ADU</name><styleUrl>#lab0</styleUrl><Region><LatLonAltBox><west>-122.243006</west><east>-122.242870</east><south>37.853302</south><north>37.853409</north></LatLonAltBox><Lod><minLodPixels>700</minLodPixels><maxLodPixels>-1</maxLodPixels></Lod></Region><Point><altitudeMode>relativeToGround</altitudeMode><coordinates>-122.242952,37.853345,4.0</coordinates></Point></Placemark>
  <Placemark><styleUrl>#poly0</styleUrl><Polygon><extrude>1</extrude><altitudeMode>relativeToGround</altitudeMode><outerBoundaryIs><LinearRing><coordinates>-122.285316,37.861355,4 -122.285179,37.861355,4 -122.285179,37.861463,4 -122.285316,37.861463,4 -122.285316,37.861355,4</coordinates></LinearRing></outerBoundaryIs></Polygon></Placemark>
  <Placemark><name>ADU</name><styleUrl>#lab0</styleUrl><Region><LatLonAltBox><west>-122.285316</west><east>-122.285179</east><south>37.861355</south><north>37.861463</north></LatLonAltBox><Lod><minLodPixels>700</minLodPixels><maxLodPixels>-1</maxLodPixels></Lod></Region><Point><altitudeMode>relativeToGround</altitudeMode><coordinates>-122.285261,37.861398,4.0</coordinates></Point></Placemark>
  <Placemark><styleUrl>#poly0</styleUrl><Polygon><extrude>1</extrude><altitudeMode>relativeToGround</altitudeMode><outerBoundaryIs><LinearRing><coordinates>-122.285922,37.895041,4 -122.285786,37.895041,4 -122.285786,37.895149,4 -122.285922,37.895149,4 -122.285922,37.895041,4</coordinates></LinearRing></outerBoundaryIs></Polygon></Placemark>
  <Placemark><name>ADU</name><styleUrl>#lab0</styleUrl><Region><LatLonAltBox><west>-122.285922</west><east>-122.285786</east><south>37.895041</south><north>37.895149</north></LatLonAltBox><Lod><minLodPixels>700</minLodPixels><maxLodPixels>-1</maxLodPixels></Lod></Region><Point><altitudeMode>relativeToGround</altitudeMode><coordinates>-122.285868,37.895084,4.0</coordinates></Point></Placemark>
  <Placemark><styleUrl>#poly0</styleUrl><Polygon><extrude>1</extrude><altitudeMode>relativeToGround</altitudeMode><outerBoundaryIs><LinearRing><coordinates>-122.251879,37.859680,4 -122.251742,37.859680,4 -122.251742,37.859787,4 -122.251879,37.859787,4 -122.251879,37.859680,4</coordinates></LinearRing></outerBoundaryIs></Polygon></Placemark>
  <Placemark><name>ADU</name><styleUrl>#lab0</styleUrl><Region><LatLonAltBox><west>-122.251879</west><east>-122.251742</east><south>37.859680</south><north>37.859787</north></LatLonAltBox><Lod><minLodPixels>700</minLodPixels><maxLodPixels>-1</maxLodPixels></Lod></Region><Point><altitudeMode>relativeToGround</altitudeMode><coordinates>-122.251824,37.859723,4.0</coordinates></Point></Placemark>
  <Placemark><styleUrl>#poly0</styleUrl><Polygon><extrude>1</extrude><altitudeMode>relativeToGround</altitudeMode><outerBoundaryIs><LinearRing><coordinates>-122.256947,37.854103,4 -122.256810,37.854103,4 -122.256810,37.854211,4 -122.256947,37.854211,4 -122.256947,37.854103,4</coordinates></LinearRing></outerBoundaryIs></Polygon></Placemark>
  <Placemark><name>ADU</name><styleUrl>#lab0</styleUrl><Region><LatLonAltBox><west>-122.256947</west><east>-122.256810</east><south>37.854103</south><north>37.854211</north></LatLonAltBox><Lod><minLodPixels>700</minLodPixels><maxLodPixels>-1</maxLodPixels></Lod></Region><Point><altitudeMode>relativeToGround</altitudeMode><coordinates>-122.256892,37.854146,4.0</coordinates></Point></Placemark>
  <Placemark><styleUrl>#poly0</styleUrl><Polygon><extrude>1</extrude><altitudeMode>relativeToGround</altitudeMode><outerBoundaryIs><LinearRing><coordinates>-122.286150,37.879110,4 -122.286013,37.879110,4 -122.286013,37.879218,4 -122.286150,37.879218,4 -122.286150,37.879110,4</coordinates></LinearRing></outerBoundaryIs></Polygon></Placemark>
  <Placemark><name>ADU</name><styleUrl>#lab0</styleUrl><Region><LatLonAltBox><west>-122.286150</west><east>-122.286013</east><south>37.879110</south><north>37.879218</north></LatLonAltBox><Lod><minLodPixels>700</minLodPixels><maxLodPixels>-1</maxLodPixels></Lod></Region><Point><altitudeMode>relativeToGround</altitudeMode><coordinates>-122.286095,37.879153,4.0</coordinates></Point></Placemark>
  <Placemark><styleUrl>#poly0</styleUrl><Polygon><extrude>1</extrude><altitudeMode>relativeToGround</altitudeMode><outerBoundaryIs><LinearRing><coordinates>-122.289180,37.875525,4 -122.289044,37.875525,4 -122.289044,37.875633,4 -122.289180,37.875633,4 -122.289180,37.875525,4</coordinates></LinearRing></outerBoundaryIs></Polygon></Placemark>
  <Placemark><name>ADU</name><styleUrl>#lab0</styleUrl><Region><LatLonAltBox><west>-122.289180</west><east>-122.289044</east><south>37.875525</south><north>37.875633</north></LatLonAltBox><Lod><minLodPixels>700</minLodPixels><maxLodPixels>-1</maxLodPixels></Lod></Region><Point><altitudeMode>relativeToGround</altitudeMode><coordinates>-122.289126,37.875568,4.0</coordinates></Point></Placemark>
  <Placemark><styleUrl>#poly0</styleUrl><Polygon><extrude>1</extrude><altitudeMode>relativeToGround</altitudeMode><outerBoundaryIs><LinearRing><coordinates>-122.280656,37.855503,4 -122.280520,37.855503,4 -122.280520,37.855611,4 -122.280656,37.855611,4 -122.280656,37.855503,4</coordinates></LinearRing></outerBoundaryIs></Polygon></Placemark>
  <Placemark><name>ADU</name><styleUrl>#lab0</styleUrl><Region><LatLonAltBox><west>-122.280656</west><east>-122.280520</east><south>37.855503</south><north>37.855611</north></LatLonAltBox><Lod><minLodPixels>700</minLodPixels><maxLodPixels>-1</maxLodPixels></Lod></Region><Point><altitudeMode>relativeToGround</altitudeMode><coordinates>-122.280602,37.855546,4.0</coordinates></Point></Placemark>
  <Placemark><styleUrl>#poly0</styleUrl><Polygon><extrude>1</extrude><altitudeMode>relativeToGround</altitudeMode><outerBoundaryIs><LinearRing><coordinates>-122.264031,37.854330,4 -122.263894,37.854330,4 -122.263894,37.854438,4 -122.264031,37.854438,4 -122.264031,37.854330,4</coordinates></LinearRing></outerBoundaryIs></Polygon></Placemark>
  <Placemark><name>ADU</name><styleUrl>#lab0</styleUrl><Region><LatLonAltBox><west>-122.264031</west><east>-122.263894</east><south>37.854330</south><north>37.854438</north></LatLonAltBox><Lod><minLodPixels>700</minLodPixels><maxLodPixels>-1</maxLodPixels></Lod></Region><Point><altitudeMode>relativeToGround</altitudeMode><coordinates>-122.263976,37.854373,4.0</coordinates></Point></Placemark>
  <Placemark><styleUrl>#poly0</styleUrl><Polygon><extrude>1</extrude><altitudeMode>relativeToGround</altitudeMode><outerBoundaryIs><LinearRing><coordinates>-122.286591,37.861218,4 -122.286454,37.861218,4 -122.286454,37.861326,4 -122.286591,37.861326,4 -122.286591,37.861218,4</coordinates></LinearRing></outerBoundaryIs></Polygon></Placemark>
  <Placemark><name>ADU</name><styleUrl>#lab0</styleUrl><Region><LatLonAltBox><west>-122.286591</west><east>-122.286454</east><south>37.861218</south><north>37.861326</north></LatLonAltBox><Lod><minLodPixels>700</minLodPixels><maxLodPixels>-1</maxLodPixels></Lod></Region><Point><altitudeMode>relativeToGround</altitudeMode><coordinates>-122.286536,37.861261,4.0</coordinates></Point></Placemark>
  <Placemark><styleUrl>#poly0</styleUrl><Polygon><extrude>1</extrude><altitudeMode>relativeToGround</altitudeMode><outerBoundaryIs><LinearRing><coordinates>-122.276007,37.854216,4 -122.275870,37.854216,4 -122.275870,37.854324,4 -122.276007,37.854324,4 -122.276007,37.854216,4</coordinates></LinearRing></outerBoundaryIs></Polygon></Placemark>
  <Placemark><name>ADU</name><styleUrl>#lab0</styleUrl><Region><LatLonAltBox><west>-122.276007</west><east>-122.275870</east><south>37.854216</south><north>37.854324</north></LatLonAltBox><Lod><minLodPixels>700</minLodPixels><maxLodPixels>-1</maxLodPixels></Lod></Region><Point><altitudeMode>relativeToGround</altitudeMode><coordinates>-122.275952,37.854259,4.0</coordinates></Point></Placemark>
  <Placemark><styleUrl>#poly0</styleUrl><Polygon><extrude>1</extrude><altitudeMode>relativeToGround</altitudeMode><outerBoundaryIs><LinearRing><coordinates>-122.251095,37.857182,4 -122.250958,37.857182,4 -122.250958,37.857290,4 -122.251095,37.857290,4 -122.251095,37.857182,4</coordinates></LinearRing></outerBoundaryIs></Polygon></Placemark>
  <Placemark><name>ADU</name><styleUrl>#lab0</styleUrl><Region><LatLonAltBox><west>-122.251095</west><east>-122.250958</east><south>37.857182</south><north>37.857290</north></LatLonAltBox><Lod><minLodPixels>700</minLodPixels><maxLodPixels>-1</maxLodPixels></Lod></Region><Point><altitudeMode>relativeToGround</altitudeMode><coordinates>-122.251040,37.857225,4.0</coordinates></Point></Placemark>
  <Placemark><styleUrl>#poly0</styleUrl><Polygon><extrude>1</extrude><altitudeMode>relativeToGround</altitudeMode><outerBoundaryIs><LinearRing><coordinates>-122.288777,37.881545,4 -122.288641,37.881545,4 -122.288641,37.881653,4 -122.288777,37.881653,4 -122.288777,37.881545,4</coordinates></LinearRing></outerBoundaryIs></Polygon></Placemark>
  <Placemark><name>ADU</name><styleUrl>#lab0</styleUrl><Region><LatLonAltBox><west>-122.288777</west><east>-122.288641</east><south>37.881545</south><north>37.881653</north></LatLonAltBox><Lod><minLodPixels>700</minLodPixels><maxLodPixels>-1</maxLodPixels></Lod></Region><Point><altitudeMode>relativeToGround</altitudeMode><coordinates>-122.288723,37.881588,4.0</coordinates></Point></Placemark>
  <Placemark><styleUrl>#poly0</styleUrl><Polygon><extrude>1</extrude><altitudeMode>relativeToGround</altitudeMode><outerBoundaryIs><LinearRing><coordinates>-122.277619,37.867883,4 -122.277482,37.867883,4 -122.277482,37.867991,4 -122.277619,37.867991,4 -122.277619,37.867883,4</coordinates></LinearRing></outerBoundaryIs></Polygon></Placemark>
  <Placemark><name>ADU</name><styleUrl>#lab0</styleUrl><Region><LatLonAltBox><west>-122.277619</west><east>-122.277482</east><south>37.867883</south><north>37.867991</north></LatLonAltBox><Lod><minLodPixels>700</minLodPixels><maxLodPixels>-1</maxLodPixels></Lod></Region><Point><altitudeMode>relativeToGround</altitudeMode><coordinates>-122.277564,37.867926,4.0</coordinates></Point></Placemark>
  <Placemark><styleUrl>#poly0</styleUrl><Polygon><extrude>1</extrude><altitudeMode>relativeToGround</altitudeMode><outerBoundaryIs><LinearRing><coordinates>-122.262859,37.882471,4 -122.262722,37.882471,4 -122.262722,37.882578,4 -122.262859,37.882578,4 -122.262859,37.882471,4</coordinates></LinearRing></outerBoundaryIs></Polygon></Placemark>
  <Placemark><name>ADU</name><styleUrl>#lab0</styleUrl><Region><LatLonAltBox><west>-122.262859</west><east>-122.262722</east><south>37.882471</south><north>37.882578</north></LatLonAltBox><Lod><minLodPixels>700</minLodPixels><maxLodPixels>-1</maxLodPixels></Lod></Region><Point><altitudeMode>relativeToGround</altitudeMode><coordinates>-122.262804,37.882514,4.0</coordinates></Point></Placemark>
  <Placemark><styleUrl>#poly0</styleUrl><Polygon><extrude>1</extrude><altitudeMode>relativeToGround</altitudeMode><outerBoundaryIs><LinearRing><coordinates>-122.275204,37.866988,4 -122.275067,37.866988,4 -122.275067,37.867096,4 -122.275204,37.867096,4 -122.275204,37.866988,4</coordinates></LinearRing></outerBoundaryIs></Polygon></Placemark>
  <Placemark><name>ADU</name><styleUrl>#lab0</styleUrl><Region><LatLonAltBox><west>-122.275204</west><east>-122.275067</east><south>37.866988</south><north>37.867096</north></LatLonAltBox><Lod><minLodPixels>700</minLodPixels><maxLodPixels>-1</maxLodPixels></Lod></Region><Point><altitudeMode>relativeToGround</altitudeMode><coordinates>-122.275149,37.867031,4.0</coordinates></Point></Placemark>
  <Placemark><styleUrl>#poly0</styleUrl><Polygon><extrude>1</extrude><altitudeMode>relativeToGround</altitudeMode><outerBoundaryIs><LinearRing><coordinates>-122.285161,37.892255,4 -122.285024,37.892255,4 -122.285024,37.892363,4 -122.285161,37.892363,4 -122.285161,37.892255,4</coordinates></LinearRing></outerBoundaryIs></Polygon></Placemark>
  <Placemark><name>ADU</name><styleUrl>#lab0</styleUrl><Region><LatLonAltBox><west>-122.285161</west><east>-122.285024</east><south>37.892255</south><north>37.892363</north></LatLonAltBox><Lod><minLodPixels>700</minLodPixels><maxLodPixels>-1</maxLodPixels></Lod></Region><Point><altitudeMode>relativeToGround</altitudeMode><coordinates>-122.285106,37.892298,4.0</coordinates></Point></Placemark>
  <Placemark><styleUrl>#poly0</styleUrl><Polygon><extrude>1</extrude><altitudeMode>relativeToGround</altitudeMode><outerBoundaryIs><LinearRing><coordinates>-122.267026,37.853176,4 -122.266890,37.853176,4 -122.266890,37.853284,4 -122.267026,37.853284,4 -122.267026,37.853176,4</coordinates></LinearRing></outerBoundaryIs></Polygon></Placemark>
  <Placemark><name>ADU</name><styleUrl>#lab0</styleUrl><Region><LatLonAltBox><west>-122.267026</west><east>-122.266890</east><south>37.853176</south><north>37.853284</north></LatLonAltBox><Lod><minLodPixels>700</minLodPixels><maxLodPixels>-1</maxLodPixels></Lod></Region><Point><altitudeMode>relativeToGround</altitudeMode><coordinates>-122.266972,37.853219,4.0</coordinates></Point></Placemark>
  <Placemark><styleUrl>#poly0</styleUrl><Polygon><extrude>1</extrude><altitudeMode>relativeToGround</altitudeMode><outerBoundaryIs><LinearRing><coordinates>-122.289406,37.870466,4 -122.289270,37.870466,4 -122.289270,37.870574,4 -122.289406,37.870574,4 -122.289406,37.870466,4</coordinates></LinearRing></outerBoundaryIs></Polygon></Placemark>
  <Placemark><name>ADU</name><styleUrl>#lab0</styleUrl><Region><LatLonAltBox><west>-122.289406</west><east>-122.289270</east><south>37.870466</south><north>37.870574</north></LatLonAltBox><Lod><minLodPixels>700</minLodPixels><maxLodPixels>-1</maxLodPixels></Lod></Region><Point><altitudeMode>relativeToGround</altitudeMode><coordinates>-122.289352,37.870509,4.0</coordinates></Point></Placemark>
  <Placemark><styleUrl>#poly0</styleUrl><Polygon><extrude>1</extrude><altitudeMode>relativeToGround</altitudeMode><outerBoundaryIs><LinearRing><coordinates>-122.278433,37.859486,4 -122.278297,37.859486,4 -122.278297,37.859593,4 -122.278433,37.859593,4 -122.278433,37.859486,4</coordinates></LinearRing></outerBoundaryIs></Polygon></Placemark>
  <Placemark><name>ADU</name><styleUrl>#lab0</styleUrl><Region><LatLonAltBox><west>-122.278433</west><east>-122.278297</east><south>37.859486</south><north>37.859593</north></LatLonAltBox><Lod><minLodPixels>700</minLodPixels><maxLodPixels>-1</maxLodPixels></Lod></Region><Point><altitudeMode>relativeToGround</altitudeMode><coordinates>-122.278379,37.859529,4.0</coordinates></Point></Placemark>
  <Placemark><styleUrl>#poly0</styleUrl><Polygon><extrude>1</extrude><altitudeMode>relativeToGround</altitudeMode><outerBoundaryIs><LinearRing><coordinates>-122.251179,37.864494,4 -122.251043,37.864494,4 -122.251043,37.864601,4 -122.251179,37.864601,4 -122.251179,37.864494,4</coordinates></LinearRing></outerBoundaryIs></Polygon></Placemark>
  <Placemark><name>ADU</name><styleUrl>#lab0</styleUrl><Region><LatLonAltBox><west>-122.251179</west><east>-122.251043</east><south>37.864494</south><north>37.864601</north></LatLonAltBox><Lod><minLodPixels>700</minLodPixels><maxLodPixels>-1</maxLodPixels></Lod></Region><Point><altitudeMode>relativeToGround</altitudeMode><coordinates>-122.251125,37.864537,4.0</coordinates></Point></Placemark>
  <Placemark><styleUrl>#poly0</styleUrl><Polygon><extrude>1</extrude><altitudeMode>relativeToGround</altitudeMode><outerBoundaryIs><LinearRing><coordinates>-122.277348,37.850937,4 -122.277211,37.850937,4 -122.277211,37.851045,4 -122.277348,37.851045,4 -122.277348,37.850937,4</coordinates></LinearRing></outerBoundaryIs></Polygon></Placemark>
  <Placemark><name>ADU</name><styleUrl>#lab0</styleUrl><Region><LatLonAltBox><west>-122.277348</west><east>-122.277211</east><south>37.850937</south><north>37.851045</north></LatLonAltBox><Lod><minLodPixels>700</minLodPixels><maxLodPixels>-1</maxLodPixels></Lod></Region><Point><altitudeMode>relativeToGround</altitudeMode><coordinates>-122.277293,37.850980,4.0</coordinates></Point></Placemark>
  <Placemark><styleUrl>#poly0</styleUrl><Polygon><extrude>1</extrude><altitudeMode>relativeToGround</altitudeMode><outerBoundaryIs><LinearRing><coordinates>-122.247536,37.855798,4 -122.247399,37.855798,4 -122.247399,37.855906,4 -122.247536,37.855906,4 -122.247536,37.855798,4</coordinates></LinearRing></outerBoundaryIs></Polygon></Placemark>
  <Placemark><name>ADU</name><styleUrl>#lab0</styleUrl><Region><LatLonAltBox><west>-122.247536</west><east>-122.247399</east><south>37.855798</south><north>37.855906</north></LatLonAltBox><Lod><minLodPixels>700</minLodPixels><maxLodPixels>-1</maxLodPixels></Lod></Region><Point><altitudeMode>relativeToGround</altitudeMode><coordinates>-122.247481,37.855841,4.0</coordinates></Point></Placemark>
  <Placemark><styleUrl>#poly0</styleUrl><Polygon><extrude>1</extrude><altitudeMode>relativeToGround</altitudeMode><outerBoundaryIs><LinearRing><coordinates>-122.271773,37.851616,4 -122.271636,37.851616,4 -122.271636,37.851723,4 -122.271773,37.851723,4 -122.271773,37.851616,4</coordinates></LinearRing></outerBoundaryIs></Polygon></Placemark>
  <Placemark><name>ADU</name><styleUrl>#lab0</styleUrl><Region><LatLonAltBox><west>-122.271773</west><east>-122.271636</east><south>37.851616</south><north>37.851723</north></LatLonAltBox><Lod><minLodPixels>700</minLodPixels><maxLodPixels>-1</maxLodPixels></Lod></Region><Point><altitudeMode>relativeToGround</altitudeMode><coordinates>-122.271718,37.851659,4.0</coordinates></Point></Placemark>
  <Placemark><styleUrl>#poly0</styleUrl><Polygon><extrude>1</extrude><altitudeMode>relativeToGround</altitudeMode><outerBoundaryIs><LinearRing><coordinates>-122.300261,37.876624,4 -122.300124,37.876624,4 -122.300124,37.876732,4 -122.300261,37.876732,4 -122.300261,37.876624,4</coordinates></LinearRing></outerBoundaryIs></Polygon></Placemark>
  <Placemark><name>ADU</name><styleUrl>#lab0</styleUrl><Region><LatLonAltBox><west>-122.300261</west><east>-122.300124</east><south>37.876624</south><north>37.876732</north></LatLonAltBox><Lod><minLodPixels>700</minLodPixels><maxLodPixels>-1</maxLodPixels></Lod></Region><Point><altitudeMode>relativeToGround</altitudeMode><coordinates>-122.300206,37.876667,4.0</coordinates></Point></Placemark>
  <Placemark><styleUrl>#poly0</styleUrl><Polygon><extrude>1</extrude><altitudeMode>relativeToGround</altitudeMode><outerBoundaryIs><LinearRing><coordinates>-122.254051,37.881124,4 -122.253915,37.881124,4 -122.253915,37.881232,4 -122.254051,37.881232,4 -122.254051,37.881124,4</coordinates></LinearRing></outerBoundaryIs></Polygon></Placemark>
  <Placemark><name>ADU</name><styleUrl>#lab0</styleUrl><Region><LatLonAltBox><west>-122.254051</west><east>-122.253915</east><south>37.881124</south><north>37.881232</north></LatLonAltBox><Lod><minLodPixels>700</minLodPixels><maxLodPixels>-1</maxLodPixels></Lod></Region><Point><altitudeMode>relativeToGround</altitudeMode><coordinates>-122.253997,37.881167,4.0</coordinates></Point></Placemark>
  <Placemark><styleUrl>#poly0</styleUrl><Polygon><extrude>1</extrude><altitudeMode>relativeToGround</altitudeMode><outerBoundaryIs><LinearRing><coordinates>-122.261254,37.864429,4 -122.261118,37.864429,4 -122.261118,37.864536,4 -122.261254,37.864536,4 -122.261254,37.864429,4</coordinates></LinearRing></outerBoundaryIs></Polygon></Placemark>
  <Placemark><name>ADU</name><styleUrl>#lab0</styleUrl><Region><LatLonAltBox><west>-122.261254</west><east>-122.261118</east><south>37.864429</south><north>37.864536</north></LatLonAltBox><Lod><minLodPixels>700</minLodPixels><maxLodPixels>-1</maxLodPixels></Lod></Region><Point><altitudeMode>relativeToGround</altitudeMode><coordinates>-122.261200,37.864472,4.0</coordinates></Point></Placemark>
  <Placemark><styleUrl>#poly0</styleUrl><Polygon><extrude>1</extrude><altitudeMode>relativeToGround</altitudeMode><outerBoundaryIs><LinearRing><coordinates>-122.275304,37.864935,4 -122.275167,37.864935,4 -122.275167,37.865042,4 -122.275304,37.865042,4 -122.275304,37.864935,4</coordinates></LinearRing></outerBoundaryIs></Polygon></Placemark>
  <Placemark><name>ADU</name><styleUrl>#lab0</styleUrl><Region><LatLonAltBox><west>-122.275304</west><east>-122.275167</east><south>37.864935</south><north>37.865042</north></LatLonAltBox><Lod><minLodPixels>700</minLodPixels><maxLodPixels>-1</maxLodPixels></Lod></Region><Point><altitudeMode>relativeToGround</altitudeMode><coordinates>-122.275249,37.864978,4.0</coordinates></Point></Placemark>
  <Placemark><styleUrl>#poly0</styleUrl><Polygon><extrude>1</extrude><altitudeMode>relativeToGround</altitudeMode><outerBoundaryIs><LinearRing><coordinates>-122.267156,37.889121,4 -122.267020,37.889121,4 -122.267020,37.889229,4 -122.267156,37.889229,4 -122.267156,37.889121,4</coordinates></LinearRing></outerBoundaryIs></Polygon></Placemark>
  <Placemark><name>ADU</name><styleUrl>#lab0</styleUrl><Region><LatLonAltBox><west>-122.267156</west><east>-122.267020</east><south>37.889121</south><north>37.889229</north></LatLonAltBox><Lod><minLodPixels>700</minLodPixels><maxLodPixels>-1</maxLodPixels></Lod></Region><Point><altitudeMode>relativeToGround</altitudeMode><coordinates>-122.267102,37.889164,4.0</coordinates></Point></Placemark>
  <Placemark><styleUrl>#poly0</styleUrl><Polygon><extrude>1</extrude><altitudeMode>relativeToGround</altitudeMode><outerBoundaryIs><LinearRing><coordinates>-122.292708,37.878114,4 -122.292571,37.878114,4 -122.292571,37.878222,4 -122.292708,37.878222,4 -122.292708,37.878114,4</coordinates></LinearRing></outerBoundaryIs></Polygon></Placemark>
  <Placemark><name>ADU</name><styleUrl>#lab0</styleUrl><Region><LatLonAltBox><west>-122.292708</west><east>-122.292571</east><south>37.878114</south><north>37.878222</north></LatLonAltBox><Lod><minLodPixels>700</minLodPixels><maxLodPixels>-1</maxLodPixels></Lod></Region><Point><altitudeMode>relativeToGround</altitudeMode><coordinates>-122.292653,37.878157,4.0</coordinates></Point></Placemark>
  <Placemark><styleUrl>#poly0</styleUrl><Polygon><extrude>1</extrude><altitudeMode>relativeToGround</altitudeMode><outerBoundaryIs><LinearRing><coordinates>-122.280776,37.865331,4 -122.280639,37.865331,4 -122.280639,37.865439,4 -122.280776,37.865439,4 -122.280776,37.865331,4</coordinates></LinearRing></outerBoundaryIs></Polygon></Placemark>
  <Placemark><name>ADU</name><styleUrl>#lab0</styleUrl><Region><LatLonAltBox><west>-122.280776</west><east>-122.280639</east><south>37.865331</south><north>37.865439</north></LatLonAltBox><Lod><minLodPixels>700</minLodPixels><maxLodPixels>-1</maxLodPixels></Lod></Region><Point><altitudeMode>relativeToGround</altitudeMode><coordinates>-122.280721,37.865374,4.0</coordinates></Point></Placemark>
  <Placemark><styleUrl>#poly0</styleUrl><Polygon><extrude>1</extrude><altitudeMode>relativeToGround</altitudeMode><outerBoundaryIs><LinearRing><coordinates>-122.261155,37.855625,4 -122.261018,37.855625,4 -122.261018,37.855733,4 -122.261155,37.855733,4 -122.261155,37.855625,4</coordinates></LinearRing></outerBoundaryIs></Polygon></Placemark>
  <Placemark><name>ADU</name><styleUrl>#lab0</styleUrl><Region><LatLonAltBox><west>-122.261155</west><east>-122.261018</east><south>37.855625</south><north>37.855733</north></LatLonAltBox><Lod><minLodPixels>700</minLodPixels><maxLodPixels>-1</maxLodPixels></Lod></Region><Point><altitudeMode>relativeToGround</altitudeMode><coordinates>-122.261100,37.855668,4.0</coordinates></Point></Placemark>
  <Placemark><styleUrl>#poly0</styleUrl><Polygon><extrude>1</extrude><altitudeMode>relativeToGround</altitudeMode><outerBoundaryIs><LinearRing><coordinates>-122.296663,37.865825,4 -122.296526,37.865825,4 -122.296526,37.865933,4 -122.296663,37.865933,4 -122.296663,37.865825,4</coordinates></LinearRing></outerBoundaryIs></Polygon></Placemark>
  <Placemark><name>ADU</name><styleUrl>#lab0</styleUrl><Region><LatLonAltBox><west>-122.296663</west><east>-122.296526</east><south>37.865825</south><north>37.865933</north></LatLonAltBox><Lod><minLodPixels>700</minLodPixels><maxLodPixels>-1</maxLodPixels></Lod></Region><Point><altitudeMode>relativeToGround</altitudeMode><coordinates>-122.296608,37.865868,4.0</coordinates></Point></Placemark>
  <Placemark><styleUrl>#poly0</styleUrl><Polygon><extrude>1</extrude><altitudeMode>relativeToGround</altitudeMode><outerBoundaryIs><LinearRing><coordinates>-122.282272,37.859542,4 -122.282136,37.859542,4 -122.282136,37.859650,4 -122.282272,37.859650,4 -122.282272,37.859542,4</coordinates></LinearRing></outerBoundaryIs></Polygon></Placemark>
  <Placemark><name>ADU</name><styleUrl>#lab0</styleUrl><Region><LatLonAltBox><west>-122.282272</west><east>-122.282136</east><south>37.859542</south><north>37.859650</north></LatLonAltBox><Lod><minLodPixels>700</minLodPixels><maxLodPixels>-1</maxLodPixels></Lod></Region><Point><altitudeMode>relativeToGround</altitudeMode><coordinates>-122.282218,37.859585,4.0</coordinates></Point></Placemark>
  <Placemark><styleUrl>#poly0</styleUrl><Polygon><extrude>1</extrude><altitudeMode>relativeToGround</altitudeMode><outerBoundaryIs><LinearRing><coordinates>-122.283235,37.872614,4 -122.283098,37.872614,4 -122.283098,37.872722,4 -122.283235,37.872722,4 -122.283235,37.872614,4</coordinates></LinearRing></outerBoundaryIs></Polygon></Placemark>
  <Placemark><name>ADU</name><styleUrl>#lab0</styleUrl><Region><LatLonAltBox><west>-122.283235</west><east>-122.283098</east><south>37.872614</south><north>37.872722</north></LatLonAltBox><Lod><minLodPixels>700</minLodPixels><maxLodPixels>-1</maxLodPixels></Lod></Region><Point><altitudeMode>relativeToGround</altitudeMode><coordinates>-122.283180,37.872657,4.0</coordinates></Point></Placemark>
  <Placemark><styleUrl>#poly0</styleUrl><Polygon><extrude>1</extrude><altitudeMode>relativeToGround</altitudeMode><outerBoundaryIs><LinearRing><coordinates>-122.260708,37.881174,4 -122.260572,37.881174,4 -122.260572,37.881282,4 -122.260708,37.881282,4 -122.260708,37.881174,4</coordinates></LinearRing></outerBoundaryIs></Polygon></Placemark>
  <Placemark><name>ADU</name><styleUrl>#lab0</styleUrl><Region><LatLonAltBox><west>-122.260708</west><east>-122.260572</east><south>37.881174</south><north>37.881282</north></LatLonAltBox><Lod><minLodPixels>700</minLodPixels><maxLodPixels>-1</maxLodPixels></Lod></Region><Point><altitudeMode>relativeToGround</altitudeMode><coordinates>-122.260654,37.881217,4.0</coordinates></Point></Placemark>
  <Placemark><styleUrl>#poly0</styleUrl><Polygon><extrude>1</extrude><altitudeMode>relativeToGround</altitudeMode><outerBoundaryIs><LinearRing><coordinates>-122.279990,37.864769,4 -122.279853,37.864769,4 -122.279853,37.864877,4 -122.279990,37.864877,4 -122.279990,37.864769,4</coordinates></LinearRing></outerBoundaryIs></Polygon></Placemark>
  <Placemark><name>ADU</name><styleUrl>#lab0</styleUrl><Region><LatLonAltBox><west>-122.279990</west><east>-122.279853</east><south>37.864769</south><north>37.864877</north></LatLonAltBox><Lod><minLodPixels>700</minLodPixels><maxLodPixels>-1</maxLodPixels></Lod></Region><Point><altitudeMode>relativeToGround</altitudeMode><coordinates>-122.279935,37.864812,4.0</coordinates></Point></Placemark>
  <Placemark><styleUrl>#poly0</styleUrl><Polygon><extrude>1</extrude><altitudeMode>relativeToGround</altitudeMode><outerBoundaryIs><LinearRing><coordinates>-122.280907,37.890604,4 -122.280770,37.890604,4 -122.280770,37.890711,4 -122.280907,37.890711,4 -122.280907,37.890604,4</coordinates></LinearRing></outerBoundaryIs></Polygon></Placemark>
  <Placemark><name>ADU</name><styleUrl>#lab0</styleUrl><Region><LatLonAltBox><west>-122.280907</west><east>-122.280770</east><south>37.890604</south><north>37.890711</north></LatLonAltBox><Lod><minLodPixels>700</minLodPixels><maxLodPixels>-1</maxLodPixels></Lod></Region><Point><altitudeMode>relativeToGround</altitudeMode><coordinates>-122.280852,37.890647,4.0</coordinates></Point></Placemark>
  <Placemark><styleUrl>#poly0</styleUrl><Polygon><extrude>1</extrude><altitudeMode>relativeToGround</altitudeMode><outerBoundaryIs><LinearRing><coordinates>-122.247937,37.855392,4 -122.247800,37.855392,4 -122.247800,37.855500,4 -122.247937,37.855500,4 -122.247937,37.855392,4</coordinates></LinearRing></outerBoundaryIs></Polygon></Placemark>
  <Placemark><name>ADU</name><styleUrl>#lab0</styleUrl><Region><LatLonAltBox><west>-122.247937</west><east>-122.247800</east><south>37.855392</south><north>37.855500</north></LatLonAltBox><Lod><minLodPixels>700</minLodPixels><maxLodPixels>-1</maxLodPixels></Lod></Region><Point><altitudeMode>relativeToGround</altitudeMode><coordinates>-122.247882,37.855435,4.0</coordinates></Point></Placemark>
  <Placemark><styleUrl>#poly0</styleUrl><Polygon><extrude>1</extrude><altitudeMode>relativeToGround</altitudeMode><outerBoundaryIs><LinearRing><coordinates>-122.279724,37.874843,4 -122.279587,37.874843,4 -122.279587,37.874951,4 -122.279724,37.874951,4 -122.279724,37.874843,4</coordinates></LinearRing></outerBoundaryIs></Polygon></Placemark>
  <Placemark><name>ADU</name><styleUrl>#lab0</styleUrl><Region><LatLonAltBox><west>-122.279724</west><east>-122.279587</east><south>37.874843</south><north>37.874951</north></LatLonAltBox><Lod><minLodPixels>700</minLodPixels><maxLodPixels>-1</maxLodPixels></Lod></Region><Point><altitudeMode>relativeToGround</altitudeMode><coordinates>-122.279669,37.874886,4.0</coordinates></Point></Placemark>
  <Placemark><styleUrl>#poly0</styleUrl><Polygon><extrude>1</extrude><altitudeMode>relativeToGround</altitudeMode><outerBoundaryIs><LinearRing><coordinates>-122.287217,37.856316,4 -122.287080,37.856316,4 -122.287080,37.856424,4 -122.287217,37.856424,4 -122.287217,37.856316,4</coordinates></LinearRing></outerBoundaryIs></Polygon></Placemark>
  <Placemark><name>ADU</name><styleUrl>#lab0</styleUrl><Region><LatLonAltBox><west>-122.287217</west><east>-122.287080</east><south>37.856316</south><north>37.856424</north></LatLonAltBox><Lod><minLodPixels>700</minLodPixels><maxLodPixels>-1</maxLodPixels></Lod></Region><Point><altitudeMode>relativeToGround</altitudeMode><coordinates>-122.287162,37.856359,4.0</coordinates></Point></Placemark>
  <Placemark><styleUrl>#poly0</styleUrl><Polygon><extrude>1</extrude><altitudeMode>relativeToGround</altitudeMode><outerBoundaryIs><LinearRing><coordinates>-122.295951,37.871303,4 -122.295814,37.871303,4 -122.295814,37.871410,4 -122.295951,37.871410,4 -122.295951,37.871303,4</coordinates></LinearRing></outerBoundaryIs></Polygon></Placemark>
  <Placemark><name>ADU</name><styleUrl>#lab0</styleUrl><Region><LatLonAltBox><west>-122.295951</west><east>-122.295814</east><south>37.871303</south><north>37.871410</north></LatLonAltBox><Lod><minLodPixels>700</minLodPixels><maxLodPixels>-1</maxLodPixels></Lod></Region><Point><altitudeMode>relativeToGround</altitudeMode><coordinates>-122.295896,37.871346,4.0</coordinates></Point></Placemark>
  <Placemark><styleUrl>#poly0</styleUrl><Polygon><extrude>1</extrude><altitudeMode>relativeToGround</altitudeMode><outerBoundaryIs><LinearRing><coordinates>-122.265950,37.883090,4 -122.265813,37.883090,4 -122.265813,37.883197,4 -122.265950,37.883197,4 -122.265950,37.883090,4</coordinates></LinearRing></outerBoundaryIs></Polygon></Placemark>
  <Placemark><name>ADU</name><styleUrl>#lab0</styleUrl><Region><LatLonAltBox><west>-122.265950</west><east>-122.265813</east><south>37.883090</south><north>37.883197</north></LatLonAltBox><Lod><minLodPixels>700</minLodPixels><maxLodPixels>-1</maxLodPixels></Lod></Region><Point><altitudeMode>relativeToGround</altitudeMode><coordinates>-122.265895,37.883133,4.0</coordinates></Point></Placemark>
  <Placemark><styleUrl>#poly0</styleUrl><Polygon><extrude>1</extrude><altitudeMode>relativeToGround</altitudeMode><outerBoundaryIs><LinearRing><coordinates>-122.256035,37.893863,4 -122.255898,37.893863,4 -122.255898,37.893970,4 -122.256035,37.893970,4 -122.256035,37.893863,4</coordinates></LinearRing></outerBoundaryIs></Polygon></Placemark>
  <Placemark><name>ADU</name><styleUrl>#lab0</styleUrl><Region><LatLonAltBox><west>-122.256035</west><east>-122.255898</east><south>37.893863</south><north>37.893970</north></LatLonAltBox><Lod><minLodPixels>700</minLodPixels><maxLodPixels>-1</maxLodPixels></Lod></Region><Point><altitudeMode>relativeToGround</altitudeMode><coordinates>-122.255980,37.893906,4.0</coordinates></Point></Placemark>
  <Placemark><styleUrl>#poly0</styleUrl><Polygon><extrude>1</extrude><altitudeMode>relativeToGround</altitudeMode><outerBoundaryIs><LinearRing><coordinates>-122.300359,37.873457,4 -122.300222,37.873457,4 -122.300222,37.873565,4 -122.300359,37.873565,4 -122.300359,37.873457,4</coordinates></LinearRing></outerBoundaryIs></Polygon></Placemark>
  <Placemark><name>ADU</name><styleUrl>#lab0</styleUrl><Region><LatLonAltBox><west>-122.300359</west><east>-122.300222</east><south>37.873457</south><north>37.873565</north></LatLonAltBox><Lod><minLodPixels>700</minLodPixels><maxLodPixels>-1</maxLodPixels></Lod></Region><Point><altitudeMode>relativeToGround</altitudeMode><coordinates>-122.300304,37.873500,4.0</coordinates></Point></Placemark>
  <Placemark><styleUrl>#poly0</styleUrl><Polygon><extrude>1</extrude><altitudeMode>relativeToGround</altitudeMode><outerBoundaryIs><LinearRing><coordinates>-122.249397,37.851604,4 -122.249261,37.851604,4 -122.249261,37.851712,4 -122.249397,37.851712,4 -122.249397,37.851604,4</coordinates></LinearRing></outerBoundaryIs></Polygon></Placemark>
  <Placemark><name>ADU</name><styleUrl>#lab0</styleUrl><Region><LatLonAltBox><west>-122.249397</west><east>-122.249261</east><south>37.851604</south><north>37.851712</north></LatLonAltBox><Lod><minLodPixels>700</minLodPixels><maxLodPixels>-1</maxLodPixels></Lod></Region><Point><altitudeMode>relativeToGround</altitudeMode><coordinates>-122.249343,37.851647,4.0</coordinates></Point></Placemark>
  <Placemark><styleUrl>#poly0</styleUrl><Polygon><extrude>1</extrude><altitudeMode>relativeToGround</altitudeMode><outerBoundaryIs><LinearRing><coordinates>-122.275980,37.852951,4 -122.275844,37.852951,4 -122.275844,37.853059,4 -122.275980,37.853059,4 -122.275980,37.852951,4</coordinates></LinearRing></outerBoundaryIs></Polygon></Placemark>
  <Placemark><name>ADU</name><styleUrl>#lab0</styleUrl><Region><LatLonAltBox><west>-122.275980</west><east>-122.275844</east><south>37.852951</south><north>37.853059</north></LatLonAltBox><Lod><minLodPixels>700</minLodPixels><maxLodPixels>-1</maxLodPixels></Lod></Region><Point><altitudeMode>relativeToGround</altitudeMode><coordinates>-122.275926,37.852994,4.0</coordinates></Point></Placemark>
  <Placemark><styleUrl>#poly0</styleUrl><Polygon><extrude>1</extrude><altitudeMode>relativeToGround</altitudeMode><outerBoundaryIs><LinearRing><coordinates>-122.262679,37.890456,4 -122.262542,37.890456,4 -122.262542,37.890563,4 -122.262679,37.890563,4 -122.262679,37.890456,4</coordinates></LinearRing></outerBoundaryIs></Polygon></Placemark>
  <Placemark><name>ADU</name><styleUrl>#lab0</styleUrl><Region><LatLonAltBox><west>-122.262679</west><east>-122.262542</east><south>37.890456</south><north>37.890563</north></LatLonAltBox><Lod><minLodPixels>700</minLodPixels><maxLodPixels>-1</maxLodPixels></Lod></Region><Point><altitudeMode>relativeToGround</altitudeMode><coordinates>-122.262624,37.890499,4.0</coordinates></Point></Placemark>
  <Placemark><styleUrl>#poly0</styleUrl><Polygon><extrude>1</extrude><altitudeMode>relativeToGround</altitudeMode><outerBoundaryIs><LinearRing><coordinates>-122.292728,37.875507,4 -122.292592,37.875507,4 -122.292592,37.875615,4 -122.292728,37.875615,4 -122.292728,37.875507,4</coordinates></LinearRing></outerBoundaryIs></Polygon></Placemark>
  <Placemark><name>ADU</name><styleUrl>#lab0</styleUrl><Region><LatLonAltBox><west>-122.292728</west><east>-122.292592</east><south>37.875507</south><north>37.875615</north></LatLonAltBox><Lod><minLodPixels>700</minLodPixels><maxLodPixels>-1</maxLodPixels></Lod></Region><Point><altitudeMode>relativeToGround</altitudeMode><coordinates>-122.292674,37.875550,4.0</coordinates></Point></Placemark>
  <Placemark><styleUrl>#poly0</styleUrl><Polygon><extrude>1</extrude><altitudeMode>relativeToGround</altitudeMode><outerBoundaryIs><LinearRing><coordinates>-122.286834,37.879482,4 -122.286697,37.879482,4 -122.286697,37.879590,4 -122.286834,37.879590,4 -122.286834,37.879482,4</coordinates></LinearRing></outerBoundaryIs></Polygon></Placemark>
  <Placemark><name>ADU</name><styleUrl>#lab0</styleUrl><Region><LatLonAltBox><west>-122.286834</west><east>-122.286697</east><south>37.879482</south><north>37.879590</north></LatLonAltBox><Lod><minLodPixels>700</minLodPixels><maxLodPixels>-1</maxLodPixels></Lod></Region><Point><altitudeMode>relativeToGround</altitudeMode><coordinates>-122.286779,37.879525,4.0</coordinates></Point></Placemark>
  <Placemark><styleUrl>#poly0</styleUrl><Polygon><extrude>1</extrude><altitudeMode>relativeToGround</altitudeMode><outerBoundaryIs><LinearRing><coordinates>-122.279292,37.873941,4 -122.279156,37.873941,4 -122.279156,37.874049,4 -122.279292,37.874049,4 -122.279292,37.873941,4</coordinates></LinearRing></outerBoundaryIs></Polygon></Placemark>
  <Placemark><name>ADU</name><styleUrl>#lab0</styleUrl><Region><LatLonAltBox><west>-122.279292</west><east>-122.279156</east><south>37.873941</south><north>37.874049</north></LatLonAltBox><Lod><minLodPixels>700</minLodPixels><maxLodPixels>-1</maxLodPixels></Lod></Region><Point><altitudeMode>relativeToGround</altitudeMode><coordinates>-122.279238,37.873984,4.0</coordinates></Point></Placemark>
  <Placemark><styleUrl>#poly0</styleUrl><Polygon><extrude>1</extrude><altitudeMode>relativeToGround</altitudeMode><outerBoundaryIs><LinearRing><coordinates>-122.249913,37.882923,4 -122.249777,37.882923,4 -122.249777,37.883031,4 -122.249913,37.883031,4 -122.249913,37.882923,4</coordinates></LinearRing></outerBoundaryIs></Polygon></Placemark>
  <Placemark><name>ADU</name><styleUrl>#lab0</styleUrl><Region><LatLonAltBox><west>-122.249913</west><east>-122.249777</east><south>37.882923</south><north>37.883031</north></LatLonAltBox><Lod><minLodPixels>700</minLodPixels><maxLodPixels>-1</maxLodPixels></Lod></Region><Point><altitudeMode>relativeToGround</altitudeMode><coordinates>-122.249859,37.882966,4.0</coordinates></Point></Placemark>
  <Placemark><styleUrl>#poly0</styleUrl><Polygon><extrude>1</extrude><altitudeMode>relativeToGround</altitudeMode><outerBoundaryIs><LinearRing><coordinates>-122.249865,37.882774,4 -122.249728,37.882774,4 -122.249728,37.882882,4 -122.249865,37.882882,4 -122.249865,37.882774,4</coordinates></LinearRing></outerBoundaryIs></Polygon></Placemark>
  <Placemark><name>ADU</name><styleUrl>#lab0</styleUrl><Region><LatLonAltBox><west>-122.249865</west><east>-122.249728</east><south>37.882774</south><north>37.882882</north></LatLonAltBox><Lod><minLodPixels>700</minLodPixels><maxLodPixels>-1</maxLodPixels></Lod></Region><Point><altitudeMode>relativeToGround</altitudeMode><coordinates>-122.249810,37.882817,4.0</coordinates></Point></Placemark>
  <Placemark><styleUrl>#poly0</styleUrl><Polygon><extrude>1</extrude><altitudeMode>relativeToGround</altitudeMode><outerBoundaryIs><LinearRing><coordinates>-122.249490,37.855600,4 -122.249353,37.855600,4 -122.249353,37.855708,4 -122.249490,37.855708,4 -122.249490,37.855600,4</coordinates></LinearRing></outerBoundaryIs></Polygon></Placemark>
  <Placemark><name>ADU</name><styleUrl>#lab0</styleUrl><Region><LatLonAltBox><west>-122.249490</west><east>-122.249353</east><south>37.855600</south><north>37.855708</north></LatLonAltBox><Lod><minLodPixels>700</minLodPixels><maxLodPixels>-1</maxLodPixels></Lod></Region><Point><altitudeMode>relativeToGround</altitudeMode><coordinates>-122.249435,37.855643,4.0</coordinates></Point></Placemark>
  <Placemark><styleUrl>#poly0</styleUrl><Polygon><extrude>1</extrude><altitudeMode>relativeToGround</altitudeMode><outerBoundaryIs><LinearRing><coordinates>-122.295261,37.866411,4 -122.295124,37.866411,4 -122.295124,37.866519,4 -122.295261,37.866519,4 -122.295261,37.866411,4</coordinates></LinearRing></outerBoundaryIs></Polygon></Placemark>
  <Placemark><name>ADU</name><styleUrl>#lab0</styleUrl><Region><LatLonAltBox><west>-122.295261</west><east>-122.295124</east><south>37.866411</south><north>37.866519</north></LatLonAltBox><Lod><minLodPixels>700</minLodPixels><maxLodPixels>-1</maxLodPixels></Lod></Region><Point><altitudeMode>relativeToGround</altitudeMode><coordinates>-122.295206,37.866454,4.0</coordinates></Point></Placemark>
  <Placemark><styleUrl>#poly0</styleUrl><Polygon><extrude>1</extrude><altitudeMode>relativeToGround</altitudeMode><outerBoundaryIs><LinearRing><coordinates>-122.285929,37.856975,4 -122.285792,37.856975,4 -122.285792,37.857083,4 -122.285929,37.857083,4 -122.285929,37.856975,4</coordinates></LinearRing></outerBoundaryIs></Polygon></Placemark>
  <Placemark><name>ADU</name><styleUrl>#lab0</styleUrl><Region><LatLonAltBox><west>-122.285929</west><east>-122.285792</east><south>37.856975</south><north>37.857083</north></LatLonAltBox><Lod><minLodPixels>700</minLodPixels><maxLodPixels>-1</maxLodPixels></Lod></Region><Point><altitudeMode>relativeToGround</altitudeMode><coordinates>-122.285874,37.857018,4.0</coordinates></Point></Placemark>
  <Placemark><styleUrl>#poly0</styleUrl><Polygon><extrude>1</extrude><altitudeMode>relativeToGround</altitudeMode><outerBoundaryIs><LinearRing><coordinates>-122.295681,37.877529,4 -122.295544,37.877529,4 -122.295544,37.877636,4 -122.295681,37.877636,4 -122.295681,37.877529,4</coordinates></LinearRing></outerBoundaryIs></Polygon></Placemark>
  <Placemark><name>ADU</name><styleUrl>#lab0</styleUrl><Region><LatLonAltBox><west>-122.295681</west><east>-122.295544</east><south>37.877529</south><north>37.877636</north></LatLonAltBox><Lod><minLodPixels>700</minLodPixels><maxLodPixels>-1</maxLodPixels></Lod></Region><Point><altitudeMode>relativeToGround</altitudeMode><coordinates>-122.295626,37.877572,4.0</coordinates></Point></Placemark>
  <Placemark><styleUrl>#poly0</styleUrl><Polygon><extrude>1</extrude><altitudeMode>relativeToGround</altitudeMode><outerBoundaryIs><LinearRing><coordinates>-122.274467,37.880856,4 -122.274330,37.880856,4 -122.274330,37.880963,4 -122.274467,37.880963,4 -122.274467,37.880856,4</coordinates></LinearRing></outerBoundaryIs></Polygon></Placemark>
  <Placemark><name>ADU</name><styleUrl>#lab0</styleUrl><Region><LatLonAltBox><west>-122.274467</west><east>-122.274330</east><south>37.880856</south><north>37.880963</north></LatLonAltBox><Lod><minLodPixels>700</minLodPixels><maxLodPixels>-1</maxLodPixels></Lod></Region><Point><altitudeMode>relativeToGround</altitudeMode><coordinates>-122.274412,37.880899,4.0</coordinates></Point></Placemark>
  <Placemark><styleUrl>#poly0</styleUrl><Polygon><extrude>1</extrude><altitudeMode>relativeToGround</altitudeMode><outerBoundaryIs><LinearRing><coordinates>-122.262434,37.857073,4 -122.262297,37.857073,4 -122.262297,37.857181,4 -122.262434,37.857181,4 -122.262434,37.857073,4</coordinates></LinearRing></outerBoundaryIs></Polygon></Placemark>
  <Placemark><name>ADU</name><styleUrl>#lab0</styleUrl><Region><LatLonAltBox><west>-122.262434</west><east>-122.262297</east><south>37.857073</south><north>37.857181</north></LatLonAltBox><Lod><minLodPixels>700</minLodPixels><maxLodPixels>-1</maxLodPixels></Lod></Region><Point><altitudeMode>relativeToGround</altitudeMode><coordinates>-122.262379,37.857116,4.0</coordinates></Point></Placemark>
  <Placemark><styleUrl>#poly0</styleUrl><Polygon><extrude>1</extrude><altitudeMode>relativeToGround</altitudeMode><outerBoundaryIs><LinearRing><coordinates>-122.282836,37.866200,4 -122.282699,37.866200,4 -122.282699,37.866307,4 -122.282836,37.866307,4 -122.282836,37.866200,4</coordinates></LinearRing></outerBoundaryIs></Polygon></Placemark>
  <Placemark><name>ADU</name><styleUrl>#lab0</styleUrl><Region><LatLonAltBox><west>-122.282836</west><east>-122.282699</east><south>37.866200</south><north>37.866307</north></LatLonAltBox><Lod><minLodPixels>700</minLodPixels><maxLodPixels>-1</maxLodPixels></Lod></Region><Point><altitudeMode>relativeToGround</altitudeMode><coordinates>-122.282781,37.866243,4.0</coordinates></Point></Placemark>
  <Placemark><styleUrl>#poly0</styleUrl><Polygon><extrude>1</extrude><altitudeMode>relativeToGround</altitudeMode><outerBoundaryIs><LinearRing><coordinates>-122.279293,37.857532,4 -122.279157,37.857532,4 -122.279157,37.857640,4 -122.279293,37.857640,4 -122.279293,37.857532,4</coordinates></LinearRing></outerBoundaryIs></Polygon></Placemark>
  <Placemark><name>ADU</name><styleUrl>#lab0</styleUrl><Region><LatLonAltBox><west>-122.279293</west><east>-122.279157</east><south>37.857532</south><north>37.857640</north></LatLonAltBox><Lod><minLodPixels>700</minLodPixels><maxLodPixels>-1</maxLodPixels></Lod></Region><Point><altitudeMode>relativeToGround</altitudeMode><coordinates>-122.279239,37.857575,4.0</coordinates></Point></Placemark>
  <Placemark><styleUrl>#poly0</styleUrl><Polygon><extrude>1</extrude><altitudeMode>relativeToGround</altitudeMode><outerBoundaryIs><LinearRing><coordinates>-122.257704,37.856747,4 -122.257567,37.856747,4 -122.257567,37.856854,4 -122.257704,37.856854,4 -122.257704,37.856747,4</coordinates></LinearRing></outerBoundaryIs></Polygon></Placemark>
  <Placemark><name>ADU</name><styleUrl>#lab0</styleUrl><Region><LatLonAltBox><west>-122.257704</west><east>-122.257567</east><south>37.856747</south><north>37.856854</north></LatLonAltBox><Lod><minLodPixels>700</minLodPixels><maxLodPixels>-1</maxLodPixels></Lod></Region><Point><altitudeMode>relativeToGround</altitudeMode><coordinates>-122.257649,37.856790,4.0</coordinates></Point></Placemark>
  <Placemark><styleUrl>#poly0</styleUrl><Polygon><extrude>1</extrude><altitudeMode>relativeToGround</altitudeMode><outerBoundaryIs><LinearRing><coordinates>-122.276775,37.861525,4 -122.276639,37.861525,4 -122.276639,37.861633,4 -122.276775,37.861633,4 -122.276775,37.861525,4</coordinates></LinearRing></outerBoundaryIs></Polygon></Placemark>
  <Placemark><name>ADU</name><styleUrl>#lab0</styleUrl><Region><LatLonAltBox><west>-122.276775</west><east>-122.276639</east><south>37.861525</south><north>37.861633</north></LatLonAltBox><Lod><minLodPixels>700</minLodPixels><maxLodPixels>-1</maxLodPixels></Lod></Region><Point><altitudeMode>relativeToGround</altitudeMode><coordinates>-122.276721,37.861568,4.0</coordinates></Point></Placemark>
  <Placemark><styleUrl>#poly0</styleUrl><Polygon><extrude>1</extrude><altitudeMode>relativeToGround</altitudeMode><outerBoundaryIs><LinearRing><coordinates>-122.281908,37.848339,4 -122.281772,37.848339,4 -122.281772,37.848447,4 -122.281908,37.848447,4 -122.281908,37.848339,4</coordinates></LinearRing></outerBoundaryIs></Polygon></Placemark>
  <Placemark><name>ADU</name><styleUrl>#lab0</styleUrl><Region><LatLonAltBox><west>-122.281908</west><east>-122.281772</east><south>37.848339</south><north>37.848447</north></LatLonAltBox><Lod><minLodPixels>700</minLodPixels><maxLodPixels>-1</maxLodPixels></Lod></Region><Point><altitudeMode>relativeToGround</altitudeMode><coordinates>-122.281854,37.848382,4.0</coordinates></Point></Placemark>
  <Placemark><styleUrl>#poly0</styleUrl><Polygon><extrude>1</extrude><altitudeMode>relativeToGround</altitudeMode><outerBoundaryIs><LinearRing><coordinates>-122.270961,37.861854,4 -122.270825,37.861854,4 -122.270825,37.861962,4 -122.270961,37.861962,4 -122.270961,37.861854,4</coordinates></LinearRing></outerBoundaryIs></Polygon></Placemark>
  <Placemark><name>ADU</name><styleUrl>#lab0</styleUrl><Region><LatLonAltBox><west>-122.270961</west><east>-122.270825</east><south>37.861854</south><north>37.861962</north></LatLonAltBox><Lod><minLodPixels>700</minLodPixels><maxLodPixels>-1</maxLodPixels></Lod></Region><Point><altitudeMode>relativeToGround</altitudeMode><coordinates>-122.270907,37.861897,4.0</coordinates></Point></Placemark>
  <Placemark><styleUrl>#poly0</styleUrl><Polygon><extrude>1</extrude><altitudeMode>relativeToGround</altitudeMode><outerBoundaryIs><LinearRing><coordinates>-122.243609,37.854383,4 -122.243473,37.854383,4 -122.243473,37.854490,4 -122.243609,37.854490,4 -122.243609,37.854383,4</coordinates></LinearRing></outerBoundaryIs></Polygon></Placemark>
  <Placemark><name>ADU</name><styleUrl>#lab0</styleUrl><Region><LatLonAltBox><west>-122.243609</west><east>-122.243473</east><south>37.854383</south><north>37.854490</north></LatLonAltBox><Lod><minLodPixels>700</minLodPixels><maxLodPixels>-1</maxLodPixels></Lod></Region><Point><altitudeMode>relativeToGround</altitudeMode><coordinates>-122.243555,37.854426,4.0</coordinates></Point></Placemark>
  <Placemark><styleUrl>#poly0</styleUrl><Polygon><extrude>1</extrude><altitudeMode>relativeToGround</altitudeMode><outerBoundaryIs><LinearRing><coordinates>-122.279194,37.848279,4 -122.279057,37.848279,4 -122.279057,37.848387,4 -122.279194,37.848387,4 -122.279194,37.848279,4</coordinates></LinearRing></outerBoundaryIs></Polygon></Placemark>
  <Placemark><name>ADU</name><styleUrl>#lab0</styleUrl><Region><LatLonAltBox><west>-122.279194</west><east>-122.279057</east><south>37.848279</south><north>37.848387</north></LatLonAltBox><Lod><minLodPixels>700</minLodPixels><maxLodPixels>-1</maxLodPixels></Lod></Region><Point><altitudeMode>relativeToGround</altitudeMode><coordinates>-122.279139,37.848322,4.0</coordinates></Point></Placemark>
  <Placemark><styleUrl>#poly0</styleUrl><Polygon><extrude>1</extrude><altitudeMode>relativeToGround</altitudeMode><outerBoundaryIs><LinearRing><coordinates>-122.278230,37.873932,4 -122.278094,37.873932,4 -122.278094,37.874040,4 -122.278230,37.874040,4 -122.278230,37.873932,4</coordinates></LinearRing></outerBoundaryIs></Polygon></Placemark>
  <Placemark><name>ADU</name><styleUrl>#lab0</styleUrl><Region><LatLonAltBox><west>-122.278230</west><east>-122.278094</east><south>37.873932</south><north>37.874040</north></LatLonAltBox><Lod><minLodPixels>700</minLodPixels><maxLodPixels>-1</maxLodPixels></Lod></Region><Point><altitudeMode>relativeToGround</altitudeMode><coordinates>-122.278176,37.873975,4.0</coordinates></Point></Placemark>
  <Placemark><styleUrl>#poly0</styleUrl><Polygon><extrude>1</extrude><altitudeMode>relativeToGround</altitudeMode><outerBoundaryIs><LinearRing><coordinates>-122.300409,37.873607,4 -122.300272,37.873607,4 -122.300272,37.873715,4 -122.300409,37.873715,4 -122.300409,37.873607,4</coordinates></LinearRing></outerBoundaryIs></Polygon></Placemark>
  <Placemark><name>ADU</name><styleUrl>#lab0</styleUrl><Region><LatLonAltBox><west>-122.300409</west><east>-122.300272</east><south>37.873607</south><north>37.873715</north></LatLonAltBox><Lod><minLodPixels>700</minLodPixels><maxLodPixels>-1</maxLodPixels></Lod></Region><Point><altitudeMode>relativeToGround</altitudeMode><coordinates>-122.300354,37.873650,4.0</coordinates></Point></Placemark>
  <Placemark><styleUrl>#poly0</styleUrl><Polygon><extrude>1</extrude><altitudeMode>relativeToGround</altitudeMode><outerBoundaryIs><LinearRing><coordinates>-122.253270,37.861630,4 -122.253134,37.861630,4 -122.253134,37.861737,4 -122.253270,37.861737,4 -122.253270,37.861630,4</coordinates></LinearRing></outerBoundaryIs></Polygon></Placemark>
  <Placemark><name>ADU</name><styleUrl>#lab0</styleUrl><Region><LatLonAltBox><west>-122.253270</west><east>-122.253134</east><south>37.861630</south><north>37.861737</north></LatLonAltBox><Lod><minLodPixels>700</minLodPixels><maxLodPixels>-1</maxLodPixels></Lod></Region><Point><altitudeMode>relativeToGround</altitudeMode><coordinates>-122.253216,37.861673,4.0</coordinates></Point></Placemark>
  <Placemark><styleUrl>#poly0</styleUrl><Polygon><extrude>1</extrude><altitudeMode>relativeToGround</altitudeMode><outerBoundaryIs><LinearRing><coordinates>-122.250537,37.859595,4 -122.250401,37.859595,4 -122.250401,37.859703,4 -122.250537,37.859703,4 -122.250537,37.859595,4</coordinates></LinearRing></outerBoundaryIs></Polygon></Placemark>
  <Placemark><name>ADU</name><styleUrl>#lab0</styleUrl><Region><LatLonAltBox><west>-122.250537</west><east>-122.250401</east><south>37.859595</south><north>37.859703</north></LatLonAltBox><Lod><minLodPixels>700</minLodPixels><maxLodPixels>-1</maxLodPixels></Lod></Region><Point><altitudeMode>relativeToGround</altitudeMode><coordinates>-122.250483,37.859638,4.0</coordinates></Point></Placemark>
  <Placemark><styleUrl>#poly0</styleUrl><Polygon><extrude>1</extrude><altitudeMode>relativeToGround</altitudeMode><outerBoundaryIs><LinearRing><coordinates>-122.265565,37.860155,4 -122.265429,37.860155,4 -122.265429,37.860263,4 -122.265565,37.860263,4 -122.265565,37.860155,4</coordinates></LinearRing></outerBoundaryIs></Polygon></Placemark>
  <Placemark><name>ADU</name><styleUrl>#lab0</styleUrl><Region><LatLonAltBox><west>-122.265565</west><east>-122.265429</east><south>37.860155</south><north>37.860263</north></LatLonAltBox><Lod><minLodPixels>700</minLodPixels><maxLodPixels>-1</maxLodPixels></Lod></Region><Point><altitudeMode>relativeToGround</altitudeMode><coordinates>-122.265511,37.860198,4.0</coordinates></Point></Placemark>
  <Placemark><styleUrl>#poly0</styleUrl><Polygon><extrude>1</extrude><altitudeMode>relativeToGround</altitudeMode><outerBoundaryIs><LinearRing><coordinates>-122.286694,37.881699,4 -122.286558,37.881699,4 -122.286558,37.881806,4 -122.286694,37.881806,4 -122.286694,37.881699,4</coordinates></LinearRing></outerBoundaryIs></Polygon></Placemark>
  <Placemark><name>ADU</name><styleUrl>#lab0</styleUrl><Region><LatLonAltBox><west>-122.286694</west><east>-122.286558</east><south>37.881699</south><north>37.881806</north></LatLonAltBox><Lod><minLodPixels>700</minLodPixels><maxLodPixels>-1</maxLodPixels></Lod></Region><Point><altitudeMode>relativeToGround</altitudeMode><coordinates>-122.286640,37.881742,4.0</coordinates></Point></Placemark>
  <Placemark><styleUrl>#poly0</styleUrl><Polygon><extrude>1</extrude><altitudeMode>relativeToGround</altitudeMode><outerBoundaryIs><LinearRing><coordinates>-122.249273,37.866461,4 -122.249136,37.866461,4 -122.249136,37.866569,4 -122.249273,37.866569,4 -122.249273,37.866461,4</coordinates></LinearRing></outerBoundaryIs></Polygon></Placemark>
  <Placemark><name>ADU</name><styleUrl>#lab0</styleUrl><Region><LatLonAltBox><west>-122.249273</west><east>-122.249136</east><south>37.866461</south><north>37.866569</north></LatLonAltBox><Lod><minLodPixels>700</minLodPixels><maxLodPixels>-1</maxLodPixels></Lod></Region><Point><altitudeMode>relativeToGround</altitudeMode><coordinates>-122.249218,37.866504,4.0</coordinates></Point></Placemark>
  <Placemark><styleUrl>#poly0</styleUrl><Polygon><extrude>1</extrude><altitudeMode>relativeToGround</altitudeMode><outerBoundaryIs><LinearRing><coordinates>-122.282356,37.858879,4 -122.282220,37.858879,4 -122.282220,37.858987,4 -122.282356,37.858987,4 -122.282356,37.858879,4</coordinates></LinearRing></outerBoundaryIs></Polygon></Placemark>
  <Placemark><name>ADU</name><styleUrl>#lab0</styleUrl><Region><LatLonAltBox><west>-122.282356</west><east>-122.282220</east><south>37.858879</south><north>37.858987</north></LatLonAltBox><Lod><minLodPixels>700</minLodPixels><maxLodPixels>-1</maxLodPixels></Lod></Region><Point><altitudeMode>relativeToGround</altitudeMode><coordinates>-122.282302,37.858922,4.0</coordinates></Point></Placemark>
  <Placemark><styleUrl>#poly0</styleUrl><Polygon><extrude>1</extrude><altitudeMode>relativeToGround</altitudeMode><outerBoundaryIs><LinearRing><coordinates>-122.252406,37.854543,4 -122.252270,37.854543,4 -122.252270,37.854651,4 -122.252406,37.854651,4 -122.252406,37.854543,4</coordinates></LinearRing></outerBoundaryIs></Polygon></Placemark>
  <Placemark><name>ADU</name><styleUrl>#lab0</styleUrl><Region><LatLonAltBox><west>-122.252406</west><east>-122.252270</east><south>37.854543</south><north>37.854651</north></LatLonAltBox><Lod><minLodPixels>700</minLodPixels><maxLodPixels>-1</maxLodPixels></Lod></Region><Point><altitudeMode>relativeToGround</altitudeMode><coordinates>-122.252352,37.854586,4.0</coordinates></Point></Placemark>
  <Placemark><styleUrl>#poly0</styleUrl><Polygon><extrude>1</extrude><altitudeMode>relativeToGround</altitudeMode><outerBoundaryIs><LinearRing><coordinates>-122.250963,37.883707,4 -122.250826,37.883707,4 -122.250826,37.883814,4 -122.250963,37.883814,4 -122.250963,37.883707,4</coordinates></LinearRing></outerBoundaryIs></Polygon></Placemark>
  <Placemark><name>ADU</name><styleUrl>#lab0</styleUrl><Region><LatLonAltBox><west>-122.250963</west><east>-122.250826</east><south>37.883707</south><north>37.883814</north></LatLonAltBox><Lod><minLodPixels>700</minLodPixels><maxLodPixels>-1</maxLodPixels></Lod></Region><Point><altitudeMode>relativeToGround</altitudeMode><coordinates>-122.250908,37.883750,4.0</coordinates></Point></Placemark>
  <Placemark><styleUrl>#poly0</styleUrl><Polygon><extrude>1</extrude><altitudeMode>relativeToGround</altitudeMode><outerBoundaryIs><LinearRing><coordinates>-122.292534,37.863951,4 -122.292398,37.863951,4 -122.292398,37.864059,4 -122.292534,37.864059,4 -122.292534,37.863951,4</coordinates></LinearRing></outerBoundaryIs></Polygon></Placemark>
  <Placemark><name>ADU</name><styleUrl>#lab0</styleUrl><Region><LatLonAltBox><west>-122.292534</west><east>-122.292398</east><south>37.863951</south><north>37.864059</north></LatLonAltBox><Lod><minLodPixels>700</minLodPixels><maxLodPixels>-1</maxLodPixels></Lod></Region><Point><altitudeMode>relativeToGround</altitudeMode><coordinates>-122.292480,37.863994,4.0</coordinates></Point></Placemark>
  <Placemark><styleUrl>#poly0</styleUrl><Polygon><extrude>1</extrude><altitudeMode>relativeToGround</altitudeMode><outerBoundaryIs><LinearRing><coordinates>-122.293265,37.866194,4 -122.293128,37.866194,4 -122.293128,37.866302,4 -122.293265,37.866302,4 -122.293265,37.866194,4</coordinates></LinearRing></outerBoundaryIs></Polygon></Placemark>
  <Placemark><name>ADU</name><styleUrl>#lab0</styleUrl><Region><LatLonAltBox><west>-122.293265</west><east>-122.293128</east><south>37.866194</south><north>37.866302</north></LatLonAltBox><Lod><minLodPixels>700</minLodPixels><maxLodPixels>-1</maxLodPixels></Lod></Region><Point><altitudeMode>relativeToGround</altitudeMode><coordinates>-122.293210,37.866237,4.0</coordinates></Point></Placemark>
  <Placemark><styleUrl>#poly0</styleUrl><Polygon><extrude>1</extrude><altitudeMode>relativeToGround</altitudeMode><outerBoundaryIs><LinearRing><coordinates>-122.249724,37.883374,4 -122.249587,37.883374,4 -122.249587,37.883481,4 -122.249724,37.883481,4 -122.249724,37.883374,4</coordinates></LinearRing></outerBoundaryIs></Polygon></Placemark>
  <Placemark><name>ADU</name><styleUrl>#lab0</styleUrl><Region><LatLonAltBox><west>-122.249724</west><east>-122.249587</east><south>37.883374</south><north>37.883481</north></LatLonAltBox><Lod><minLodPixels>700</minLodPixels><maxLodPixels>-1</maxLodPixels></Lod></Region><Point><altitudeMode>relativeToGround</altitudeMode><coordinates>-122.249669,37.883417,4.0</coordinates></Point></Placemark>
  <Placemark><styleUrl>#poly0</styleUrl><Polygon><extrude>1</extrude><altitudeMode>relativeToGround</altitudeMode><outerBoundaryIs><LinearRing><coordinates>-122.271685,37.882954,4 -122.271548,37.882954,4 -122.271548,37.883062,4 -122.271685,37.883062,4 -122.271685,37.882954,4</coordinates></LinearRing></outerBoundaryIs></Polygon></Placemark>
  <Placemark><name>ADU</name><styleUrl>#lab0</styleUrl><Region><LatLonAltBox><west>-122.271685</west><east>-122.271548</east><south>37.882954</south><north>37.883062</north></LatLonAltBox><Lod><minLodPixels>700</minLodPixels><maxLodPixels>-1</maxLodPixels></Lod></Region><Point><altitudeMode>relativeToGround</altitudeMode><coordinates>-122.271630,37.882997,4.0</coordinates></Point></Placemark>
  <Placemark><styleUrl>#poly0</styleUrl><Polygon><extrude>1</extrude><altitudeMode>relativeToGround</altitudeMode><outerBoundaryIs><LinearRing><coordinates>-122.282571,37.881952,4 -122.282434,37.881952,4 -122.282434,37.882060,4 -122.282571,37.882060,4 -122.282571,37.881952,4</coordinates></LinearRing></outerBoundaryIs></Polygon></Placemark>
  <Placemark><name>ADU</name><styleUrl>#lab0</styleUrl><Region><LatLonAltBox><west>-122.282571</west><east>-122.282434</east><south>37.881952</south><north>37.882060</north></LatLonAltBox><Lod><minLodPixels>700</minLodPixels><maxLodPixels>-1</maxLodPixels></Lod></Region><Point><altitudeMode>relativeToGround</altitudeMode><coordinates>-122.282516,37.881995,4.0</coordinates></Point></Placemark>
  <Placemark><styleUrl>#poly0</styleUrl><Polygon><extrude>1</extrude><altitudeMode>relativeToGround</altitudeMode><outerBoundaryIs><LinearRing><coordinates>-122.292087,37.872058,4 -122.291951,37.872058,4 -122.291951,37.872166,4 -122.292087,37.872166,4 -122.292087,37.872058,4</coordinates></LinearRing></outerBoundaryIs></Polygon></Placemark>
  <Placemark><name>ADU</name><styleUrl>#lab0</styleUrl><Region><LatLonAltBox><west>-122.292087</west><east>-122.291951</east><south>37.872058</south><north>37.872166</north></LatLonAltBox><Lod><minLodPixels>700</minLodPixels><maxLodPixels>-1</maxLodPixels></Lod></Region><Point><altitudeMode>relativeToGround</altitudeMode><coordinates>-122.292033,37.872101,4.0</coordinates></Point></Placemark>
  <Placemark><styleUrl>#poly0</styleUrl><Polygon><extrude>1</extrude><altitudeMode>relativeToGround</altitudeMode><outerBoundaryIs><LinearRing><coordinates>-122.288884,37.864400,4 -122.288747,37.864400,4 -122.288747,37.864508,4 -122.288884,37.864508,4 -122.288884,37.864400,4</coordinates></LinearRing></outerBoundaryIs></Polygon></Placemark>
  <Placemark><name>ADU</name><styleUrl>#lab0</styleUrl><Region><LatLonAltBox><west>-122.288884</west><east>-122.288747</east><south>37.864400</south><north>37.864508</north></LatLonAltBox><Lod><minLodPixels>700</minLodPixels><maxLodPixels>-1</maxLodPixels></Lod></Region><Point><altitudeMode>relativeToGround</altitudeMode><coordinates>-122.288829,37.864443,4.0</coordinates></Point></Placemark>
  <Placemark><styleUrl>#poly0</styleUrl><Polygon><extrude>1</extrude><altitudeMode>relativeToGround</altitudeMode><outerBoundaryIs><LinearRing><coordinates>-122.270169,37.904229,4 -122.270032,37.904229,4 -122.270032,37.904337,4 -122.270169,37.904337,4 -122.270169,37.904229,4</coordinates></LinearRing></outerBoundaryIs></Polygon></Placemark>
  <Placemark><name>ADU</name><styleUrl>#lab0</styleUrl><Region><LatLonAltBox><west>-122.270169</west><east>-122.270032</east><south>37.904229</south><north>37.904337</north></LatLonAltBox><Lod><minLodPixels>700</minLodPixels><maxLodPixels>-1</maxLodPixels></Lod></Region><Point><altitudeMode>relativeToGround</altitudeMode><coordinates>-122.270114,37.904272,4.0</coordinates></Point></Placemark>
  <Placemark><styleUrl>#poly0</styleUrl><Polygon><extrude>1</extrude><altitudeMode>relativeToGround</altitudeMode><outerBoundaryIs><LinearRing><coordinates>-122.279851,37.884240,4 -122.279715,37.884240,4 -122.279715,37.884348,4 -122.279851,37.884348,4 -122.279851,37.884240,4</coordinates></LinearRing></outerBoundaryIs></Polygon></Placemark>
  <Placemark><name>ADU</name><styleUrl>#lab0</styleUrl><Region><LatLonAltBox><west>-122.279851</west><east>-122.279715</east><south>37.884240</south><north>37.884348</north></LatLonAltBox><Lod><minLodPixels>700</minLodPixels><maxLodPixels>-1</maxLodPixels></Lod></Region><Point><altitudeMode>relativeToGround</altitudeMode><coordinates>-122.279797,37.884283,4.0</coordinates></Point></Placemark>
  <Placemark><styleUrl>#poly0</styleUrl><Polygon><extrude>1</extrude><altitudeMode>relativeToGround</altitudeMode><outerBoundaryIs><LinearRing><coordinates>-122.297795,37.870454,4 -122.297659,37.870454,4 -122.297659,37.870562,4 -122.297795,37.870562,4 -122.297795,37.870454,4</coordinates></LinearRing></outerBoundaryIs></Polygon></Placemark>
  <Placemark><name>ADU</name><styleUrl>#lab0</styleUrl><Region><LatLonAltBox><west>-122.297795</west><east>-122.297659</east><south>37.870454</south><north>37.870562</north></LatLonAltBox><Lod><minLodPixels>700</minLodPixels><maxLodPixels>-1</maxLodPixels></Lod></Region><Point><altitudeMode>relativeToGround</altitudeMode><coordinates>-122.297741,37.870497,4.0</coordinates></Point></Placemark>
  <Placemark><styleUrl>#poly0</styleUrl><Polygon><extrude>1</extrude><altitudeMode>relativeToGround</altitudeMode><outerBoundaryIs><LinearRing><coordinates>-122.252737,37.885214,4 -122.252600,37.885214,4 -122.252600,37.885322,4 -122.252737,37.885322,4 -122.252737,37.885214,4</coordinates></LinearRing></outerBoundaryIs></Polygon></Placemark>
  <Placemark><name>ADU</name><styleUrl>#lab0</styleUrl><Region><LatLonAltBox><west>-122.252737</west><east>-122.252600</east><south>37.885214</south><north>37.885322</north></LatLonAltBox><Lod><minLodPixels>700</minLodPixels><maxLodPixels>-1</maxLodPixels></Lod></Region><Point><altitudeMode>relativeToGround</altitudeMode><coordinates>-122.252682,37.885257,4.0</coordinates></Point></Placemark>
  <Placemark><styleUrl>#poly0</styleUrl><Polygon><extrude>1</extrude><altitudeMode>relativeToGround</altitudeMode><outerBoundaryIs><LinearRing><coordinates>-122.275180,37.853405,4 -122.275044,37.853405,4 -122.275044,37.853513,4 -122.275180,37.853513,4 -122.275180,37.853405,4</coordinates></LinearRing></outerBoundaryIs></Polygon></Placemark>
  <Placemark><name>ADU</name><styleUrl>#lab0</styleUrl><Region><LatLonAltBox><west>-122.275180</west><east>-122.275044</east><south>37.853405</south><north>37.853513</north></LatLonAltBox><Lod><minLodPixels>700</minLodPixels><maxLodPixels>-1</maxLodPixels></Lod></Region><Point><altitudeMode>relativeToGround</altitudeMode><coordinates>-122.275126,37.853448,4.0</coordinates></Point></Placemark>
  <Placemark><styleUrl>#poly0</styleUrl><Polygon><extrude>1</extrude><altitudeMode>relativeToGround</altitudeMode><outerBoundaryIs><LinearRing><coordinates>-122.286153,37.854239,4 -122.286017,37.854239,4 -122.286017,37.854347,4 -122.286153,37.854347,4 -122.286153,37.854239,4</coordinates></LinearRing></outerBoundaryIs></Polygon></Placemark>
  <Placemark><name>ADU</name><styleUrl>#lab0</styleUrl><Region><LatLonAltBox><west>-122.286153</west><east>-122.286017</east><south>37.854239</south><north>37.854347</north></LatLonAltBox><Lod><minLodPixels>700</minLodPixels><maxLodPixels>-1</maxLodPixels></Lod></Region><Point><altitudeMode>relativeToGround</altitudeMode><coordinates>-122.286099,37.854282,4.0</coordinates></Point></Placemark>
  <Placemark><styleUrl>#poly0</styleUrl><Polygon><extrude>1</extrude><altitudeMode>relativeToGround</altitudeMode><outerBoundaryIs><LinearRing><coordinates>-122.282559,37.863384,4 -122.282422,37.863384,4 -122.282422,37.863492,4 -122.282559,37.863492,4 -122.282559,37.863384,4</coordinates></LinearRing></outerBoundaryIs></Polygon></Placemark>
  <Placemark><name>ADU</name><styleUrl>#lab0</styleUrl><Region><LatLonAltBox><west>-122.282559</west><east>-122.282422</east><south>37.863384</south><north>37.863492</north></LatLonAltBox><Lod><minLodPixels>700</minLodPixels><maxLodPixels>-1</maxLodPixels></Lod></Region><Point><altitudeMode>relativeToGround</altitudeMode><coordinates>-122.282504,37.863427,4.0</coordinates></Point></Placemark>
  <Placemark><styleUrl>#poly0</styleUrl><Polygon><extrude>1</extrude><altitudeMode>relativeToGround</altitudeMode><outerBoundaryIs><LinearRing><coordinates>-122.279691,37.890052,4 -122.279555,37.890052,4 -122.279555,37.890160,4 -122.279691,37.890160,4 -122.279691,37.890052,4</coordinates></LinearRing></outerBoundaryIs></Polygon></Placemark>
  <Placemark><name>ADU</name><styleUrl>#lab0</styleUrl><Region><LatLonAltBox><west>-122.279691</west><east>-122.279555</east><south>37.890052</south><north>37.890160</north></LatLonAltBox><Lod><minLodPixels>700</minLodPixels><maxLodPixels>-1</maxLodPixels></Lod></Region><Point><altitudeMode>relativeToGround</altitudeMode><coordinates>-122.279637,37.890095,4.0</coordinates></Point></Placemark>
  <Placemark><styleUrl>#poly0</styleUrl><Polygon><extrude>1</extrude><altitudeMode>relativeToGround</altitudeMode><outerBoundaryIs><LinearRing><coordinates>-122.265937,37.856097,4 -122.265800,37.856097,4 -122.265800,37.856204,4 -122.265937,37.856204,4 -122.265937,37.856097,4</coordinates></LinearRing></outerBoundaryIs></Polygon></Placemark>
  <Placemark><name>ADU</name><styleUrl>#lab0</styleUrl><Region><LatLonAltBox><west>-122.265937</west><east>-122.265800</east><south>37.856097</south><north>37.856204</north></LatLonAltBox><Lod><minLodPixels>700</minLodPixels><maxLodPixels>-1</maxLodPixels></Lod></Region><Point><altitudeMode>relativeToGround</altitudeMode><coordinates>-122.265882,37.856140,4.0</coordinates></Point></Placemark>
  <Placemark><styleUrl>#poly0</styleUrl><Polygon><extrude>1</extrude><altitudeMode>relativeToGround</altitudeMode><outerBoundaryIs><LinearRing><coordinates>-122.264707,37.896770,4 -122.264570,37.896770,4 -122.264570,37.896877,4 -122.264707,37.896877,4 -122.264707,37.896770,4</coordinates></LinearRing></outerBoundaryIs></Polygon></Placemark>
  <Placemark><name>ADU</name><styleUrl>#lab0</styleUrl><Region><LatLonAltBox><west>-122.264707</west><east>-122.264570</east><south>37.896770</south><north>37.896877</north></LatLonAltBox><Lod><minLodPixels>700</minLodPixels><maxLodPixels>-1</maxLodPixels></Lod></Region><Point><altitudeMode>relativeToGround</altitudeMode><coordinates>-122.264652,37.896813,4.0</coordinates></Point></Placemark>
  <Placemark><styleUrl>#poly0</styleUrl><Polygon><extrude>1</extrude><altitudeMode>relativeToGround</altitudeMode><outerBoundaryIs><LinearRing><coordinates>-122.278310,37.897945,4 -122.278173,37.897945,4 -122.278173,37.898053,4 -122.278310,37.898053,4 -122.278310,37.897945,4</coordinates></LinearRing></outerBoundaryIs></Polygon></Placemark>
  <Placemark><name>ADU</name><styleUrl>#lab0</styleUrl><Region><LatLonAltBox><west>-122.278310</west><east>-122.278173</east><south>37.897945</south><north>37.898053</north></LatLonAltBox><Lod><minLodPixels>700</minLodPixels><maxLodPixels>-1</maxLodPixels></Lod></Region><Point><altitudeMode>relativeToGround</altitudeMode><coordinates>-122.278255,37.897988,4.0</coordinates></Point></Placemark>
  <Placemark><styleUrl>#poly0</styleUrl><Polygon><extrude>1</extrude><altitudeMode>relativeToGround</altitudeMode><outerBoundaryIs><LinearRing><coordinates>-122.281968,37.848496,4 -122.281831,37.848496,4 -122.281831,37.848603,4 -122.281968,37.848603,4 -122.281968,37.848496,4</coordinates></LinearRing></outerBoundaryIs></Polygon></Placemark>
  <Placemark><name>ADU</name><styleUrl>#lab0</styleUrl><Region><LatLonAltBox><west>-122.281968</west><east>-122.281831</east><south>37.848496</south><north>37.848603</north></LatLonAltBox><Lod><minLodPixels>700</minLodPixels><maxLodPixels>-1</maxLodPixels></Lod></Region><Point><altitudeMode>relativeToGround</altitudeMode><coordinates>-122.281913,37.848539,4.0</coordinates></Point></Placemark>
  <Placemark><styleUrl>#poly0</styleUrl><Polygon><extrude>1</extrude><altitudeMode>relativeToGround</altitudeMode><outerBoundaryIs><LinearRing><coordinates>-122.246114,37.855444,4 -122.245977,37.855444,4 -122.245977,37.855552,4 -122.246114,37.855552,4 -122.246114,37.855444,4</coordinates></LinearRing></outerBoundaryIs></Polygon></Placemark>
  <Placemark><name>ADU</name><styleUrl>#lab0</styleUrl><Region><LatLonAltBox><west>-122.246114</west><east>-122.245977</east><south>37.855444</south><north>37.855552</north></LatLonAltBox><Lod><minLodPixels>700</minLodPixels><maxLodPixels>-1</maxLodPixels></Lod></Region><Point><altitudeMode>relativeToGround</altitudeMode><coordinates>-122.246059,37.855487,4.0</coordinates></Point></Placemark>
  <Placemark><styleUrl>#poly0</styleUrl><Polygon><extrude>1</extrude><altitudeMode>relativeToGround</altitudeMode><outerBoundaryIs><LinearRing><coordinates>-122.260616,37.875440,4 -122.260479,37.875440,4 -122.260479,37.875548,4 -122.260616,37.875548,4 -122.260616,37.875440,4</coordinates></LinearRing></outerBoundaryIs></Polygon></Placemark>
  <Placemark><name>ADU</name><styleUrl>#lab0</styleUrl><Region><LatLonAltBox><west>-122.260616</west><east>-122.260479</east><south>37.875440</south><north>37.875548</north></LatLonAltBox><Lod><minLodPixels>700</minLodPixels><maxLodPixels>-1</maxLodPixels></Lod></Region><Point><altitudeMode>relativeToGround</altitudeMode><coordinates>-122.260561,37.875483,4.0</coordinates></Point></Placemark>
  <Placemark><styleUrl>#poly0</styleUrl><Polygon><extrude>1</extrude><altitudeMode>relativeToGround</altitudeMode><outerBoundaryIs><LinearRing><coordinates>-122.261266,37.882217,4 -122.261129,37.882217,4 -122.261129,37.882325,4 -122.261266,37.882325,4 -122.261266,37.882217,4</coordinates></LinearRing></outerBoundaryIs></Polygon></Placemark>
  <Placemark><name>ADU</name><styleUrl>#lab0</styleUrl><Region><LatLonAltBox><west>-122.261266</west><east>-122.261129</east><south>37.882217</south><north>37.882325</north></LatLonAltBox><Lod><minLodPixels>700</minLodPixels><maxLodPixels>-1</maxLodPixels></Lod></Region><Point><altitudeMode>relativeToGround</altitudeMode><coordinates>-122.261211,37.882260,4.0</coordinates></Point></Placemark>
  <Placemark><styleUrl>#poly0</styleUrl><Polygon><extrude>1</extrude><altitudeMode>relativeToGround</altitudeMode><outerBoundaryIs><LinearRing><coordinates>-122.273717,37.872561,4 -122.273580,37.872561,4 -122.273580,37.872669,4 -122.273717,37.872669,4 -122.273717,37.872561,4</coordinates></LinearRing></outerBoundaryIs></Polygon></Placemark>
  <Placemark><name>ADU</name><styleUrl>#lab0</styleUrl><Region><LatLonAltBox><west>-122.273717</west><east>-122.273580</east><south>37.872561</south><north>37.872669</north></LatLonAltBox><Lod><minLodPixels>700</minLodPixels><maxLodPixels>-1</maxLodPixels></Lod></Region><Point><altitudeMode>relativeToGround</altitudeMode><coordinates>-122.273662,37.872604,4.0</coordinates></Point></Placemark>
  <Placemark><styleUrl>#poly0</styleUrl><Polygon><extrude>1</extrude><altitudeMode>relativeToGround</altitudeMode><outerBoundaryIs><LinearRing><coordinates>-122.276511,37.887132,4 -122.276374,37.887132,4 -122.276374,37.887240,4 -122.276511,37.887240,4 -122.276511,37.887132,4</coordinates></LinearRing></outerBoundaryIs></Polygon></Placemark>
  <Placemark><name>ADU</name><styleUrl>#lab0</styleUrl><Region><LatLonAltBox><west>-122.276511</west><east>-122.276374</east><south>37.887132</south><north>37.887240</north></LatLonAltBox><Lod><minLodPixels>700</minLodPixels><maxLodPixels>-1</maxLodPixels></Lod></Region><Point><altitudeMode>relativeToGround</altitudeMode><coordinates>-122.276456,37.887175,4.0</coordinates></Point></Placemark>
  <Placemark><styleUrl>#poly0</styleUrl><Polygon><extrude>1</extrude><altitudeMode>relativeToGround</altitudeMode><outerBoundaryIs><LinearRing><coordinates>-122.250160,37.857985,4 -122.250023,37.857985,4 -122.250023,37.858093,4 -122.250160,37.858093,4 -122.250160,37.857985,4</coordinates></LinearRing></outerBoundaryIs></Polygon></Placemark>
  <Placemark><name>ADU</name><styleUrl>#lab0</styleUrl><Region><LatLonAltBox><west>-122.250160</west><east>-122.250023</east><south>37.857985</south><north>37.858093</north></LatLonAltBox><Lod><minLodPixels>700</minLodPixels><maxLodPixels>-1</maxLodPixels></Lod></Region><Point><altitudeMode>relativeToGround</altitudeMode><coordinates>-122.250105,37.858028,4.0</coordinates></Point></Placemark>
  <Placemark><styleUrl>#poly0</styleUrl><Polygon><extrude>1</extrude><altitudeMode>relativeToGround</altitudeMode><outerBoundaryIs><LinearRing><coordinates>-122.295203,37.861291,4 -122.295067,37.861291,4 -122.295067,37.861399,4 -122.295203,37.861399,4 -122.295203,37.861291,4</coordinates></LinearRing></outerBoundaryIs></Polygon></Placemark>
  <Placemark><name>ADU</name><styleUrl>#lab0</styleUrl><Region><LatLonAltBox><west>-122.295203</west><east>-122.295067</east><south>37.861291</south><north>37.861399</north></LatLonAltBox><Lod><minLodPixels>700</minLodPixels><maxLodPixels>-1</maxLodPixels></Lod></Region><Point><altitudeMode>relativeToGround</altitudeMode><coordinates>-122.295149,37.861334,4.0</coordinates></Point></Placemark>
  <Placemark><styleUrl>#poly0</styleUrl><Polygon><extrude>1</extrude><altitudeMode>relativeToGround</altitudeMode><outerBoundaryIs><LinearRing><coordinates>-122.270768,37.889274,4 -122.270631,37.889274,4 -122.270631,37.889382,4 -122.270768,37.889382,4 -122.270768,37.889274,4</coordinates></LinearRing></outerBoundaryIs></Polygon></Placemark>
  <Placemark><name>ADU</name><styleUrl>#lab0</styleUrl><Region><LatLonAltBox><west>-122.270768</west><east>-122.270631</east><south>37.889274</south><north>37.889382</north></LatLonAltBox><Lod><minLodPixels>700</minLodPixels><maxLodPixels>-1</maxLodPixels></Lod></Region><Point><altitudeMode>relativeToGround</altitudeMode><coordinates>-122.270713,37.889317,4.0</coordinates></Point></Placemark>
  <Placemark><styleUrl>#poly0</styleUrl><Polygon><extrude>1</extrude><altitudeMode>relativeToGround</altitudeMode><outerBoundaryIs><LinearRing><coordinates>-122.295861,37.874269,4 -122.295724,37.874269,4 -122.295724,37.874376,4 -122.295861,37.874376,4 -122.295861,37.874269,4</coordinates></LinearRing></outerBoundaryIs></Polygon></Placemark>
  <Placemark><name>ADU</name><styleUrl>#lab0</styleUrl><Region><LatLonAltBox><west>-122.295861</west><east>-122.295724</east><south>37.874269</south><north>37.874376</north></LatLonAltBox><Lod><minLodPixels>700</minLodPixels><maxLodPixels>-1</maxLodPixels></Lod></Region><Point><altitudeMode>relativeToGround</altitudeMode><coordinates>-122.295806,37.874312,4.0</coordinates></Point></Placemark>
  <Placemark><styleUrl>#poly0</styleUrl><Polygon><extrude>1</extrude><altitudeMode>relativeToGround</altitudeMode><outerBoundaryIs><LinearRing><coordinates>-122.282583,37.872724,4 -122.282447,37.872724,4 -122.282447,37.872832,4 -122.282583,37.872832,4 -122.282583,37.872724,4</coordinates></LinearRing></outerBoundaryIs></Polygon></Placemark>
  <Placemark><name>ADU</name><styleUrl>#lab0</styleUrl><Region><LatLonAltBox><west>-122.282583</west><east>-122.282447</east><south>37.872724</south><north>37.872832</north></LatLonAltBox><Lod><minLodPixels>700</minLodPixels><maxLodPixels>-1</maxLodPixels></Lod></Region><Point><altitudeMode>relativeToGround</altitudeMode><coordinates>-122.282529,37.872767,4.0</coordinates></Point></Placemark>
  <Placemark><styleUrl>#poly0</styleUrl><Polygon><extrude>1</extrude><altitudeMode>relativeToGround</altitudeMode><outerBoundaryIs><LinearRing><coordinates>-122.253341,37.863000,4 -122.253205,37.863000,4 -122.253205,37.863108,4 -122.253341,37.863108,4 -122.253341,37.863000,4</coordinates></LinearRing></outerBoundaryIs></Polygon></Placemark>
  <Placemark><name>ADU</name><styleUrl>#lab0</styleUrl><Region><LatLonAltBox><west>-122.253341</west><east>-122.253205</east><south>37.863000</south><north>37.863108</north></LatLonAltBox><Lod><minLodPixels>700</minLodPixels><maxLodPixels>-1</maxLodPixels></Lod></Region><Point><altitudeMode>relativeToGround</altitudeMode><coordinates>-122.253287,37.863043,4.0</coordinates></Point></Placemark>
  <Placemark><styleUrl>#poly0</styleUrl><Polygon><extrude>1</extrude><altitudeMode>relativeToGround</altitudeMode><outerBoundaryIs><LinearRing><coordinates>-122.275713,37.867944,4 -122.275577,37.867944,4 -122.275577,37.868051,4 -122.275713,37.868051,4 -122.275713,37.867944,4</coordinates></LinearRing></outerBoundaryIs></Polygon></Placemark>
  <Placemark><name>ADU</name><styleUrl>#lab0</styleUrl><Region><LatLonAltBox><west>-122.275713</west><east>-122.275577</east><south>37.867944</south><north>37.868051</north></LatLonAltBox><Lod><minLodPixels>700</minLodPixels><maxLodPixels>-1</maxLodPixels></Lod></Region><Point><altitudeMode>relativeToGround</altitudeMode><coordinates>-122.275659,37.867987,4.0</coordinates></Point></Placemark>
  <Placemark><styleUrl>#poly0</styleUrl><Polygon><extrude>1</extrude><altitudeMode>relativeToGround</altitudeMode><outerBoundaryIs><LinearRing><coordinates>-122.270655,37.857353,4 -122.270519,37.857353,4 -122.270519,37.857461,4 -122.270655,37.857461,4 -122.270655,37.857353,4</coordinates></LinearRing></outerBoundaryIs></Polygon></Placemark>
  <Placemark><name>ADU</name><styleUrl>#lab0</styleUrl><Region><LatLonAltBox><west>-122.270655</west><east>-122.270519</east><south>37.857353</south><north>37.857461</north></LatLonAltBox><Lod><minLodPixels>700</minLodPixels><maxLodPixels>-1</maxLodPixels></Lod></Region><Point><altitudeMode>relativeToGround</altitudeMode><coordinates>-122.270601,37.857396,4.0</coordinates></Point></Placemark>
  <Placemark><styleUrl>#poly0</styleUrl><Polygon><extrude>1</extrude><altitudeMode>relativeToGround</altitudeMode><outerBoundaryIs><LinearRing><coordinates>-122.271195,37.888501,4 -122.271059,37.888501,4 -122.271059,37.888608,4 -122.271195,37.888608,4 -122.271195,37.888501,4</coordinates></LinearRing></outerBoundaryIs></Polygon></Placemark>
  <Placemark><name>ADU</name><styleUrl>#lab0</styleUrl><Region><LatLonAltBox><west>-122.271195</west><east>-122.271059</east><south>37.888501</south><north>37.888608</north></LatLonAltBox><Lod><minLodPixels>700</minLodPixels><maxLodPixels>-1</maxLodPixels></Lod></Region><Point><altitudeMode>relativeToGround</altitudeMode><coordinates>-122.271141,37.888544,4.0</coordinates></Point></Placemark>
  <Placemark><styleUrl>#poly0</styleUrl><Polygon><extrude>1</extrude><altitudeMode>relativeToGround</altitudeMode><outerBoundaryIs><LinearRing><coordinates>-122.292993,37.878263,4 -122.292857,37.878263,4 -122.292857,37.878371,4 -122.292993,37.878371,4 -122.292993,37.878263,4</coordinates></LinearRing></outerBoundaryIs></Polygon></Placemark>
  <Placemark><name>ADU</name><styleUrl>#lab0</styleUrl><Region><LatLonAltBox><west>-122.292993</west><east>-122.292857</east><south>37.878263</south><north>37.878371</north></LatLonAltBox><Lod><minLodPixels>700</minLodPixels><maxLodPixels>-1</maxLodPixels></Lod></Region><Point><altitudeMode>relativeToGround</altitudeMode><coordinates>-122.292939,37.878306,4.0</coordinates></Point></Placemark>
  <Placemark><styleUrl>#poly0</styleUrl><Polygon><extrude>1</extrude><altitudeMode>relativeToGround</altitudeMode><outerBoundaryIs><LinearRing><coordinates>-122.299109,37.873497,4 -122.298972,37.873497,4 -122.298972,37.873604,4 -122.299109,37.873604,4 -122.299109,37.873497,4</coordinates></LinearRing></outerBoundaryIs></Polygon></Placemark>
  <Placemark><name>ADU</name><styleUrl>#lab0</styleUrl><Region><LatLonAltBox><west>-122.299109</west><east>-122.298972</east><south>37.873497</south><north>37.873604</north></LatLonAltBox><Lod><minLodPixels>700</minLodPixels><maxLodPixels>-1</maxLodPixels></Lod></Region><Point><altitudeMode>relativeToGround</altitudeMode><coordinates>-122.299054,37.873540,4.0</coordinates></Point></Placemark>
  <Placemark><styleUrl>#poly0</styleUrl><Polygon><extrude>1</extrude><altitudeMode>relativeToGround</altitudeMode><outerBoundaryIs><LinearRing><coordinates>-122.244358,37.853493,4 -122.244221,37.853493,4 -122.244221,37.853601,4 -122.244358,37.853601,4 -122.244358,37.853493,4</coordinates></LinearRing></outerBoundaryIs></Polygon></Placemark>
  <Placemark><name>ADU</name><styleUrl>#lab0</styleUrl><Region><LatLonAltBox><west>-122.244358</west><east>-122.244221</east><south>37.853493</south><north>37.853601</north></LatLonAltBox><Lod><minLodPixels>700</minLodPixels><maxLodPixels>-1</maxLodPixels></Lod></Region><Point><altitudeMode>relativeToGround</altitudeMode><coordinates>-122.244303,37.853536,4.0</coordinates></Point></Placemark>
  <Placemark><styleUrl>#poly0</styleUrl><Polygon><extrude>1</extrude><altitudeMode>relativeToGround</altitudeMode><outerBoundaryIs><LinearRing><coordinates>-122.267002,37.852696,4 -122.266866,37.852696,4 -122.266866,37.852804,4 -122.267002,37.852804,4 -122.267002,37.852696,4</coordinates></LinearRing></outerBoundaryIs></Polygon></Placemark>
  <Placemark><name>ADU</name><styleUrl>#lab0</styleUrl><Region><LatLonAltBox><west>-122.267002</west><east>-122.266866</east><south>37.852696</south><north>37.852804</north></LatLonAltBox><Lod><minLodPixels>700</minLodPixels><maxLodPixels>-1</maxLodPixels></Lod></Region><Point><altitudeMode>relativeToGround</altitudeMode><coordinates>-122.266948,37.852739,4.0</coordinates></Point></Placemark>
  <Placemark><styleUrl>#poly0</styleUrl><Polygon><extrude>1</extrude><altitudeMode>relativeToGround</altitudeMode><outerBoundaryIs><LinearRing><coordinates>-122.287898,37.860060,4 -122.287762,37.860060,4 -122.287762,37.860168,4 -122.287898,37.860168,4 -122.287898,37.860060,4</coordinates></LinearRing></outerBoundaryIs></Polygon></Placemark>
  <Placemark><name>ADU</name><styleUrl>#lab0</styleUrl><Region><LatLonAltBox><west>-122.287898</west><east>-122.287762</east><south>37.860060</south><north>37.860168</north></LatLonAltBox><Lod><minLodPixels>700</minLodPixels><maxLodPixels>-1</maxLodPixels></Lod></Region><Point><altitudeMode>relativeToGround</altitudeMode><coordinates>-122.287844,37.860103,4.0</coordinates></Point></Placemark>
  <Placemark><styleUrl>#poly0</styleUrl><Polygon><extrude>1</extrude><altitudeMode>relativeToGround</altitudeMode><outerBoundaryIs><LinearRing><coordinates>-122.286560,37.863557,4 -122.286424,37.863557,4 -122.286424,37.863665,4 -122.286560,37.863665,4 -122.286560,37.863557,4</coordinates></LinearRing></outerBoundaryIs></Polygon></Placemark>
  <Placemark><name>ADU</name><styleUrl>#lab0</styleUrl><Region><LatLonAltBox><west>-122.286560</west><east>-122.286424</east><south>37.863557</south><north>37.863665</north></LatLonAltBox><Lod><minLodPixels>700</minLodPixels><maxLodPixels>-1</maxLodPixels></Lod></Region><Point><altitudeMode>relativeToGround</altitudeMode><coordinates>-122.286506,37.863600,4.0</coordinates></Point></Placemark>
  <Placemark><styleUrl>#poly0</styleUrl><Polygon><extrude>1</extrude><altitudeMode>relativeToGround</altitudeMode><outerBoundaryIs><LinearRing><coordinates>-122.272372,37.882201,4 -122.272235,37.882201,4 -122.272235,37.882309,4 -122.272372,37.882309,4 -122.272372,37.882201,4</coordinates></LinearRing></outerBoundaryIs></Polygon></Placemark>
  <Placemark><name>ADU</name><styleUrl>#lab0</styleUrl><Region><LatLonAltBox><west>-122.272372</west><east>-122.272235</east><south>37.882201</south><north>37.882309</north></LatLonAltBox><Lod><minLodPixels>700</minLodPixels><maxLodPixels>-1</maxLodPixels></Lod></Region><Point><altitudeMode>relativeToGround</altitudeMode><coordinates>-122.272317,37.882244,4.0</coordinates></Point></Placemark>
  <Placemark><styleUrl>#poly0</styleUrl><Polygon><extrude>1</extrude><altitudeMode>relativeToGround</altitudeMode><outerBoundaryIs><LinearRing><coordinates>-122.297790,37.873945,4 -122.297654,37.873945,4 -122.297654,37.874053,4 -122.297790,37.874053,4 -122.297790,37.873945,4</coordinates></LinearRing></outerBoundaryIs></Polygon></Placemark>
  <Placemark><name>ADU</name><styleUrl>#lab0</styleUrl><Region><LatLonAltBox><west>-122.297790</west><east>-122.297654</east><south>37.873945</south><north>37.874053</north></LatLonAltBox><Lod><minLodPixels>700</minLodPixels><maxLodPixels>-1</maxLodPixels></Lod></Region><Point><altitudeMode>relativeToGround</altitudeMode><coordinates>-122.297736,37.873988,4.0</coordinates></Point></Placemark>
  <Placemark><styleUrl>#poly0</styleUrl><Polygon><extrude>1</extrude><altitudeMode>relativeToGround</altitudeMode><outerBoundaryIs><LinearRing><coordinates>-122.250705,37.860519,4 -122.250569,37.860519,4 -122.250569,37.860627,4 -122.250705,37.860627,4 -122.250705,37.860519,4</coordinates></LinearRing></outerBoundaryIs></Polygon></Placemark>
  <Placemark><name>ADU</name><styleUrl>#lab0</styleUrl><Region><LatLonAltBox><west>-122.250705</west><east>-122.250569</east><south>37.860519</south><north>37.860627</north></LatLonAltBox><Lod><minLodPixels>700</minLodPixels><maxLodPixels>-1</maxLodPixels></Lod></Region><Point><altitudeMode>relativeToGround</altitudeMode><coordinates>-122.250651,37.860562,4.0</coordinates></Point></Placemark>
  <Placemark><styleUrl>#poly0</styleUrl><Polygon><extrude>1</extrude><altitudeMode>relativeToGround</altitudeMode><outerBoundaryIs><LinearRing><coordinates>-122.268668,37.863499,4 -122.268532,37.863499,4 -122.268532,37.863606,4 -122.268668,37.863606,4 -122.268668,37.863499,4</coordinates></LinearRing></outerBoundaryIs></Polygon></Placemark>
  <Placemark><name>ADU</name><styleUrl>#lab0</styleUrl><Region><LatLonAltBox><west>-122.268668</west><east>-122.268532</east><south>37.863499</south><north>37.863606</north></LatLonAltBox><Lod><minLodPixels>700</minLodPixels><maxLodPixels>-1</maxLodPixels></Lod></Region><Point><altitudeMode>relativeToGround</altitudeMode><coordinates>-122.268614,37.863542,4.0</coordinates></Point></Placemark>
  <Placemark><styleUrl>#poly0</styleUrl><Polygon><extrude>1</extrude><altitudeMode>relativeToGround</altitudeMode><outerBoundaryIs><LinearRing><coordinates>-122.288514,37.882212,4 -122.288377,37.882212,4 -122.288377,37.882320,4 -122.288514,37.882320,4 -122.288514,37.882212,4</coordinates></LinearRing></outerBoundaryIs></Polygon></Placemark>
  <Placemark><name>ADU</name><styleUrl>#lab0</styleUrl><Region><LatLonAltBox><west>-122.288514</west><east>-122.288377</east><south>37.882212</south><north>37.882320</north></LatLonAltBox><Lod><minLodPixels>700</minLodPixels><maxLodPixels>-1</maxLodPixels></Lod></Region><Point><altitudeMode>relativeToGround</altitudeMode><coordinates>-122.288459,37.882255,4.0</coordinates></Point></Placemark>
  <Placemark><styleUrl>#poly0</styleUrl><Polygon><extrude>1</extrude><altitudeMode>relativeToGround</altitudeMode><outerBoundaryIs><LinearRing><coordinates>-122.276170,37.886331,4 -122.276033,37.886331,4 -122.276033,37.886439,4 -122.276170,37.886439,4 -122.276170,37.886331,4</coordinates></LinearRing></outerBoundaryIs></Polygon></Placemark>
  <Placemark><name>ADU</name><styleUrl>#lab0</styleUrl><Region><LatLonAltBox><west>-122.276170</west><east>-122.276033</east><south>37.886331</south><north>37.886439</north></LatLonAltBox><Lod><minLodPixels>700</minLodPixels><maxLodPixels>-1</maxLodPixels></Lod></Region><Point><altitudeMode>relativeToGround</altitudeMode><coordinates>-122.276115,37.886374,4.0</coordinates></Point></Placemark>
  <Placemark><styleUrl>#poly0</styleUrl><Polygon><extrude>1</extrude><altitudeMode>relativeToGround</altitudeMode><outerBoundaryIs><LinearRing><coordinates>-122.294149,37.866523,4 -122.294013,37.866523,4 -122.294013,37.866631,4 -122.294149,37.866631,4 -122.294149,37.866523,4</coordinates></LinearRing></outerBoundaryIs></Polygon></Placemark>
  <Placemark><name>ADU</name><styleUrl>#lab0</styleUrl><Region><LatLonAltBox><west>-122.294149</west><east>-122.294013</east><south>37.866523</south><north>37.866631</north></LatLonAltBox><Lod><minLodPixels>700</minLodPixels><maxLodPixels>-1</maxLodPixels></Lod></Region><Point><altitudeMode>relativeToGround</altitudeMode><coordinates>-122.294095,37.866566,4.0</coordinates></Point></Placemark>
  <Placemark><styleUrl>#poly0</styleUrl><Polygon><extrude>1</extrude><altitudeMode>relativeToGround</altitudeMode><outerBoundaryIs><LinearRing><coordinates>-122.257821,37.862320,4 -122.257685,37.862320,4 -122.257685,37.862428,4 -122.257821,37.862428,4 -122.257821,37.862320,4</coordinates></LinearRing></outerBoundaryIs></Polygon></Placemark>
  <Placemark><name>ADU</name><styleUrl>#lab0</styleUrl><Region><LatLonAltBox><west>-122.257821</west><east>-122.257685</east><south>37.862320</south><north>37.862428</north></LatLonAltBox><Lod><minLodPixels>700</minLodPixels><maxLodPixels>-1</maxLodPixels></Lod></Region><Point><altitudeMode>relativeToGround</altitudeMode><coordinates>-122.257767,37.862363,4.0</coordinates></Point></Placemark>
  <Placemark><styleUrl>#poly0</styleUrl><Polygon><extrude>1</extrude><altitudeMode>relativeToGround</altitudeMode><outerBoundaryIs><LinearRing><coordinates>-122.297949,37.871077,4 -122.297812,37.871077,4 -122.297812,37.871185,4 -122.297949,37.871185,4 -122.297949,37.871077,4</coordinates></LinearRing></outerBoundaryIs></Polygon></Placemark>
  <Placemark><name>ADU</name><styleUrl>#lab0</styleUrl><Region><LatLonAltBox><west>-122.297949</west><east>-122.297812</east><south>37.871077</south><north>37.871185</north></LatLonAltBox><Lod><minLodPixels>700</minLodPixels><maxLodPixels>-1</maxLodPixels></Lod></Region><Point><altitudeMode>relativeToGround</altitudeMode><coordinates>-122.297894,37.871120,4.0</coordinates></Point></Placemark>
  <Placemark><styleUrl>#poly0</styleUrl><Polygon><extrude>1</extrude><altitudeMode>relativeToGround</altitudeMode><outerBoundaryIs><LinearRing><coordinates>-122.278706,37.867607,4 -122.278570,37.867607,4 -122.278570,37.867715,4 -122.278706,37.867715,4 -122.278706,37.867607,4</coordinates></LinearRing></outerBoundaryIs></Polygon></Placemark>
  <Placemark><name>ADU</name><styleUrl>#lab0</styleUrl><Region><LatLonAltBox><west>-122.278706</west><east>-122.278570</east><south>37.867607</south><north>37.867715</north></LatLonAltBox><Lod><minLodPixels>700</minLodPixels><maxLodPixels>-1</maxLodPixels></Lod></Region><Point><altitudeMode>relativeToGround</altitudeMode><coordinates>-122.278652,37.867650,4.0</coordinates></Point></Placemark>
  <Placemark><styleUrl>#poly0</styleUrl><Polygon><extrude>1</extrude><altitudeMode>relativeToGround</altitudeMode><outerBoundaryIs><LinearRing><coordinates>-122.292210,37.876430,4 -122.292073,37.876430,4 -122.292073,37.876538,4 -122.292210,37.876538,4 -122.292210,37.876430,4</coordinates></LinearRing></outerBoundaryIs></Polygon></Placemark>
  <Placemark><name>ADU</name><styleUrl>#lab0</styleUrl><Region><LatLonAltBox><west>-122.292210</west><east>-122.292073</east><south>37.876430</south><north>37.876538</north></LatLonAltBox><Lod><minLodPixels>700</minLodPixels><maxLodPixels>-1</maxLodPixels></Lod></Region><Point><altitudeMode>relativeToGround</altitudeMode><coordinates>-122.292155,37.876473,4.0</coordinates></Point></Placemark>
  <Placemark><styleUrl>#poly0</styleUrl><Polygon><extrude>1</extrude><altitudeMode>relativeToGround</altitudeMode><outerBoundaryIs><LinearRing><coordinates>-122.285891,37.895900,4 -122.285755,37.895900,4 -122.285755,37.896008,4 -122.285891,37.896008,4 -122.285891,37.895900,4</coordinates></LinearRing></outerBoundaryIs></Polygon></Placemark>
  <Placemark><name>ADU</name><styleUrl>#lab0</styleUrl><Region><LatLonAltBox><west>-122.285891</west><east>-122.285755</east><south>37.895900</south><north>37.896008</north></LatLonAltBox><Lod><minLodPixels>700</minLodPixels><maxLodPixels>-1</maxLodPixels></Lod></Region><Point><altitudeMode>relativeToGround</altitudeMode><coordinates>-122.285837,37.895943,4.0</coordinates></Point></Placemark>
  <Placemark><styleUrl>#poly0</styleUrl><Polygon><extrude>1</extrude><altitudeMode>relativeToGround</altitudeMode><outerBoundaryIs><LinearRing><coordinates>-122.279560,37.874546,4 -122.279423,37.874546,4 -122.279423,37.874654,4 -122.279560,37.874654,4 -122.279560,37.874546,4</coordinates></LinearRing></outerBoundaryIs></Polygon></Placemark>
  <Placemark><name>ADU</name><styleUrl>#lab0</styleUrl><Region><LatLonAltBox><west>-122.279560</west><east>-122.279423</east><south>37.874546</south><north>37.874654</north></LatLonAltBox><Lod><minLodPixels>700</minLodPixels><maxLodPixels>-1</maxLodPixels></Lod></Region><Point><altitudeMode>relativeToGround</altitudeMode><coordinates>-122.279505,37.874589,4.0</coordinates></Point></Placemark>
  <Placemark><styleUrl>#poly0</styleUrl><Polygon><extrude>1</extrude><altitudeMode>relativeToGround</altitudeMode><outerBoundaryIs><LinearRing><coordinates>-122.262261,37.853160,4 -122.262124,37.853160,4 -122.262124,37.853268,4 -122.262261,37.853268,4 -122.262261,37.853160,4</coordinates></LinearRing></outerBoundaryIs></Polygon></Placemark>
  <Placemark><name>ADU</name><styleUrl>#lab0</styleUrl><Region><LatLonAltBox><west>-122.262261</west><east>-122.262124</east><south>37.853160</south><north>37.853268</north></LatLonAltBox><Lod><minLodPixels>700</minLodPixels><maxLodPixels>-1</maxLodPixels></Lod></Region><Point><altitudeMode>relativeToGround</altitudeMode><coordinates>-122.262206,37.853203,4.0</coordinates></Point></Placemark>
  <Placemark><styleUrl>#poly0</styleUrl><Polygon><extrude>1</extrude><altitudeMode>relativeToGround</altitudeMode><outerBoundaryIs><LinearRing><coordinates>-122.293092,37.881276,4 -122.292956,37.881276,4 -122.292956,37.881384,4 -122.293092,37.881384,4 -122.293092,37.881276,4</coordinates></LinearRing></outerBoundaryIs></Polygon></Placemark>
  <Placemark><name>ADU</name><styleUrl>#lab0</styleUrl><Region><LatLonAltBox><west>-122.293092</west><east>-122.292956</east><south>37.881276</south><north>37.881384</north></LatLonAltBox><Lod><minLodPixels>700</minLodPixels><maxLodPixels>-1</maxLodPixels></Lod></Region><Point><altitudeMode>relativeToGround</altitudeMode><coordinates>-122.293038,37.881319,4.0</coordinates></Point></Placemark>
  <Placemark><styleUrl>#poly0</styleUrl><Polygon><extrude>1</extrude><altitudeMode>relativeToGround</altitudeMode><outerBoundaryIs><LinearRing><coordinates>-122.267647,37.881512,4 -122.267510,37.881512,4 -122.267510,37.881620,4 -122.267647,37.881620,4 -122.267647,37.881512,4</coordinates></LinearRing></outerBoundaryIs></Polygon></Placemark>
  <Placemark><name>ADU</name><styleUrl>#lab0</styleUrl><Region><LatLonAltBox><west>-122.267647</west><east>-122.267510</east><south>37.881512</south><north>37.881620</north></LatLonAltBox><Lod><minLodPixels>700</minLodPixels><maxLodPixels>-1</maxLodPixels></Lod></Region><Point><altitudeMode>relativeToGround</altitudeMode><coordinates>-122.267592,37.881555,4.0</coordinates></Point></Placemark>
  <Placemark><styleUrl>#poly0</styleUrl><Polygon><extrude>1</extrude><altitudeMode>relativeToGround</altitudeMode><outerBoundaryIs><LinearRing><coordinates>-122.284529,37.861046,4 -122.284393,37.861046,4 -122.284393,37.861154,4 -122.284529,37.861154,4 -122.284529,37.861046,4</coordinates></LinearRing></outerBoundaryIs></Polygon></Placemark>
  <Placemark><name>ADU</name><styleUrl>#lab0</styleUrl><Region><LatLonAltBox><west>-122.284529</west><east>-122.284393</east><south>37.861046</south><north>37.861154</north></LatLonAltBox><Lod><minLodPixels>700</minLodPixels><maxLodPixels>-1</maxLodPixels></Lod></Region><Point><altitudeMode>relativeToGround</altitudeMode><coordinates>-122.284475,37.861089,4.0</coordinates></Point></Placemark>
  <Placemark><styleUrl>#poly0</styleUrl><Polygon><extrude>1</extrude><altitudeMode>relativeToGround</altitudeMode><outerBoundaryIs><LinearRing><coordinates>-122.243484,37.853708,4 -122.243347,37.853708,4 -122.243347,37.853816,4 -122.243484,37.853816,4 -122.243484,37.853708,4</coordinates></LinearRing></outerBoundaryIs></Polygon></Placemark>
  <Placemark><name>ADU</name><styleUrl>#lab0</styleUrl><Region><LatLonAltBox><west>-122.243484</west><east>-122.243347</east><south>37.853708</south><north>37.853816</north></LatLonAltBox><Lod><minLodPixels>700</minLodPixels><maxLodPixels>-1</maxLodPixels></Lod></Region><Point><altitudeMode>relativeToGround</altitudeMode><coordinates>-122.243429,37.853751,4.0</coordinates></Point></Placemark>
  <Placemark><styleUrl>#poly0</styleUrl><Polygon><extrude>1</extrude><altitudeMode>relativeToGround</altitudeMode><outerBoundaryIs><LinearRing><coordinates>-122.264856,37.894492,4 -122.264720,37.894492,4 -122.264720,37.894600,4 -122.264856,37.894600,4 -122.264856,37.894492,4</coordinates></LinearRing></outerBoundaryIs></Polygon></Placemark>
  <Placemark><name>ADU</name><styleUrl>#lab0</styleUrl><Region><LatLonAltBox><west>-122.264856</west><east>-122.264720</east><south>37.894492</south><north>37.894600</north></LatLonAltBox><Lod><minLodPixels>700</minLodPixels><maxLodPixels>-1</maxLodPixels></Lod></Region><Point><altitudeMode>relativeToGround</altitudeMode><coordinates>-122.264802,37.894535,4.0</coordinates></Point></Placemark>
  <Placemark><styleUrl>#poly0</styleUrl><Polygon><extrude>1</extrude><altitudeMode>relativeToGround</altitudeMode><outerBoundaryIs><LinearRing><coordinates>-122.256329,37.896026,4 -122.256192,37.896026,4 -122.256192,37.896134,4 -122.256329,37.896134,4 -122.256329,37.896026,4</coordinates></LinearRing></outerBoundaryIs></Polygon></Placemark>
  <Placemark><name>ADU</name><styleUrl>#lab0</styleUrl><Region><LatLonAltBox><west>-122.256329</west><east>-122.256192</east><south>37.896026</south><north>37.896134</north></LatLonAltBox><Lod><minLodPixels>700</minLodPixels><maxLodPixels>-1</maxLodPixels></Lod></Region><Point><altitudeMode>relativeToGround</altitudeMode><coordinates>-122.256274,37.896069,4.0</coordinates></Point></Placemark>
  <Placemark><styleUrl>#poly0</styleUrl><Polygon><extrude>1</extrude><altitudeMode>relativeToGround</altitudeMode><outerBoundaryIs><LinearRing><coordinates>-122.285010,37.880971,4 -122.284874,37.880971,4 -122.284874,37.881078,4 -122.285010,37.881078,4 -122.285010,37.880971,4</coordinates></LinearRing></outerBoundaryIs></Polygon></Placemark>
  <Placemark><name>ADU</name><styleUrl>#lab0</styleUrl><Region><LatLonAltBox><west>-122.285010</west><east>-122.284874</east><south>37.880971</south><north>37.881078</north></LatLonAltBox><Lod><minLodPixels>700</minLodPixels><maxLodPixels>-1</maxLodPixels></Lod></Region><Point><altitudeMode>relativeToGround</altitudeMode><coordinates>-122.284956,37.881014,4.0</coordinates></Point></Placemark>
  <Placemark><styleUrl>#poly0</styleUrl><Polygon><extrude>1</extrude><altitudeMode>relativeToGround</altitudeMode><outerBoundaryIs><LinearRing><coordinates>-122.287123,37.870937,4 -122.286986,37.870937,4 -122.286986,37.871044,4 -122.287123,37.871044,4 -122.287123,37.870937,4</coordinates></LinearRing></outerBoundaryIs></Polygon></Placemark>
  <Placemark><name>ADU</name><styleUrl>#lab0</styleUrl><Region><LatLonAltBox><west>-122.287123</west><east>-122.286986</east><south>37.870937</south><north>37.871044</north></LatLonAltBox><Lod><minLodPixels>700</minLodPixels><maxLodPixels>-1</maxLodPixels></Lod></Region><Point><altitudeMode>relativeToGround</altitudeMode><coordinates>-122.287068,37.870980,4.0</coordinates></Point></Placemark>
  <Placemark><styleUrl>#poly0</styleUrl><Polygon><extrude>1</extrude><altitudeMode>relativeToGround</altitudeMode><outerBoundaryIs><LinearRing><coordinates>-122.273093,37.857924,4 -122.272956,37.857924,4 -122.272956,37.858032,4 -122.273093,37.858032,4 -122.273093,37.857924,4</coordinates></LinearRing></outerBoundaryIs></Polygon></Placemark>
  <Placemark><name>ADU</name><styleUrl>#lab0</styleUrl><Region><LatLonAltBox><west>-122.273093</west><east>-122.272956</east><south>37.857924</south><north>37.858032</north></LatLonAltBox><Lod><minLodPixels>700</minLodPixels><maxLodPixels>-1</maxLodPixels></Lod></Region><Point><altitudeMode>relativeToGround</altitudeMode><coordinates>-122.273038,37.857967,4.0</coordinates></Point></Placemark>
  <Placemark><styleUrl>#poly0</styleUrl><Polygon><extrude>1</extrude><altitudeMode>relativeToGround</altitudeMode><outerBoundaryIs><LinearRing><coordinates>-122.281998,37.872358,4 -122.281862,37.872358,4 -122.281862,37.872465,4 -122.281998,37.872465,4 -122.281998,37.872358,4</coordinates></LinearRing></outerBoundaryIs></Polygon></Placemark>
  <Placemark><name>ADU</name><styleUrl>#lab0</styleUrl><Region><LatLonAltBox><west>-122.281998</west><east>-122.281862</east><south>37.872358</south><north>37.872465</north></LatLonAltBox><Lod><minLodPixels>700</minLodPixels><maxLodPixels>-1</maxLodPixels></Lod></Region><Point><altitudeMode>relativeToGround</altitudeMode><coordinates>-122.281944,37.872401,4.0</coordinates></Point></Placemark>
  <Placemark><styleUrl>#poly0</styleUrl><Polygon><extrude>1</extrude><altitudeMode>relativeToGround</altitudeMode><outerBoundaryIs><LinearRing><coordinates>-122.258158,37.853584,4 -122.258021,37.853584,4 -122.258021,37.853692,4 -122.258158,37.853692,4 -122.258158,37.853584,4</coordinates></LinearRing></outerBoundaryIs></Polygon></Placemark>
  <Placemark><name>ADU</name><styleUrl>#lab0</styleUrl><Region><LatLonAltBox><west>-122.258158</west><east>-122.258021</east><south>37.853584</south><north>37.853692</north></LatLonAltBox><Lod><minLodPixels>700</minLodPixels><maxLodPixels>-1</maxLodPixels></Lod></Region><Point><altitudeMode>relativeToGround</altitudeMode><coordinates>-122.258103,37.853627,4.0</coordinates></Point></Placemark>
  <Placemark><styleUrl>#poly0</styleUrl><Polygon><extrude>1</extrude><altitudeMode>relativeToGround</altitudeMode><outerBoundaryIs><LinearRing><coordinates>-122.285462,37.851743,4 -122.285326,37.851743,4 -122.285326,37.851851,4 -122.285462,37.851851,4 -122.285462,37.851743,4</coordinates></LinearRing></outerBoundaryIs></Polygon></Placemark>
  <Placemark><name>ADU</name><styleUrl>#lab0</styleUrl><Region><LatLonAltBox><west>-122.285462</west><east>-122.285326</east><south>37.851743</south><north>37.851851</north></LatLonAltBox><Lod><minLodPixels>700</minLodPixels><maxLodPixels>-1</maxLodPixels></Lod></Region><Point><altitudeMode>relativeToGround</altitudeMode><coordinates>-122.285408,37.851786,4.0</coordinates></Point></Placemark>
  <Placemark><styleUrl>#poly0</styleUrl><Polygon><extrude>1</extrude><altitudeMode>relativeToGround</altitudeMode><outerBoundaryIs><LinearRing><coordinates>-122.280885,37.879880,4 -122.280748,37.879880,4 -122.280748,37.879988,4 -122.280885,37.879988,4 -122.280885,37.879880,4</coordinates></LinearRing></outerBoundaryIs></Polygon></Placemark>
  <Placemark><name>ADU</name><styleUrl>#lab0</styleUrl><Region><LatLonAltBox><west>-122.280885</west><east>-122.280748</east><south>37.879880</south><north>37.879988</north></LatLonAltBox><Lod><minLodPixels>700</minLodPixels><maxLodPixels>-1</maxLodPixels></Lod></Region><Point><altitudeMode>relativeToGround</altitudeMode><coordinates>-122.280830,37.879923,4.0</coordinates></Point></Placemark>
  <Placemark><styleUrl>#poly0</styleUrl><Polygon><extrude>1</extrude><altitudeMode>relativeToGround</altitudeMode><outerBoundaryIs><LinearRing><coordinates>-122.256248,37.886343,4 -122.256111,37.886343,4 -122.256111,37.886450,4 -122.256248,37.886450,4 -122.256248,37.886343,4</coordinates></LinearRing></outerBoundaryIs></Polygon></Placemark>
  <Placemark><name>ADU</name><styleUrl>#lab0</styleUrl><Region><LatLonAltBox><west>-122.256248</west><east>-122.256111</east><south>37.886343</south><north>37.886450</north></LatLonAltBox><Lod><minLodPixels>700</minLodPixels><maxLodPixels>-1</maxLodPixels></Lod></Region><Point><altitudeMode>relativeToGround</altitudeMode><coordinates>-122.256193,37.886386,4.0</coordinates></Point></Placemark>
  <Placemark><styleUrl>#poly0</styleUrl><Polygon><extrude>1</extrude><altitudeMode>relativeToGround</altitudeMode><outerBoundaryIs><LinearRing><coordinates>-122.270446,37.847217,4 -122.270309,37.847217,4 -122.270309,37.847325,4 -122.270446,37.847325,4 -122.270446,37.847217,4</coordinates></LinearRing></outerBoundaryIs></Polygon></Placemark>
  <Placemark><name>ADU</name><styleUrl>#lab0</styleUrl><Region><LatLonAltBox><west>-122.270446</west><east>-122.270309</east><south>37.847217</south><north>37.847325</north></LatLonAltBox><Lod><minLodPixels>700</minLodPixels><maxLodPixels>-1</maxLodPixels></Lod></Region><Point><altitudeMode>relativeToGround</altitudeMode><coordinates>-122.270391,37.847260,4.0</coordinates></Point></Placemark>
  <Placemark><styleUrl>#poly0</styleUrl><Polygon><extrude>1</extrude><altitudeMode>relativeToGround</altitudeMode><outerBoundaryIs><LinearRing><coordinates>-122.275243,37.851563,4 -122.275107,37.851563,4 -122.275107,37.851671,4 -122.275243,37.851671,4 -122.275243,37.851563,4</coordinates></LinearRing></outerBoundaryIs></Polygon></Placemark>
  <Placemark><name>ADU</name><styleUrl>#lab0</styleUrl><Region><LatLonAltBox><west>-122.275243</west><east>-122.275107</east><south>37.851563</south><north>37.851671</north></LatLonAltBox><Lod><minLodPixels>700</minLodPixels><maxLodPixels>-1</maxLodPixels></Lod></Region><Point><altitudeMode>relativeToGround</altitudeMode><coordinates>-122.275189,37.851606,4.0</coordinates></Point></Placemark>
  <Placemark><styleUrl>#poly0</styleUrl><Polygon><extrude>1</extrude><altitudeMode>relativeToGround</altitudeMode><outerBoundaryIs><LinearRing><coordinates>-122.282431,37.882774,4 -122.282294,37.882774,4 -122.282294,37.882882,4 -122.282431,37.882882,4 -122.282431,37.882774,4</coordinates></LinearRing></outerBoundaryIs></Polygon></Placemark>
  <Placemark><name>ADU</name><styleUrl>#lab0</styleUrl><Region><LatLonAltBox><west>-122.282431</west><east>-122.282294</east><south>37.882774</south><north>37.882882</north></LatLonAltBox><Lod><minLodPixels>700</minLodPixels><maxLodPixels>-1</maxLodPixels></Lod></Region><Point><altitudeMode>relativeToGround</altitudeMode><coordinates>-122.282376,37.882817,4.0</coordinates></Point></Placemark>
  <Placemark><styleUrl>#poly0</styleUrl><Polygon><extrude>1</extrude><altitudeMode>relativeToGround</altitudeMode><outerBoundaryIs><LinearRing><coordinates>-122.280068,37.879559,4 -122.279931,37.879559,4 -122.279931,37.879666,4 -122.280068,37.879666,4 -122.280068,37.879559,4</coordinates></LinearRing></outerBoundaryIs></Polygon></Placemark>
  <Placemark><name>ADU</name><styleUrl>#lab0</styleUrl><Region><LatLonAltBox><west>-122.280068</west><east>-122.279931</east><south>37.879559</south><north>37.879666</north></LatLonAltBox><Lod><minLodPixels>700</minLodPixels><maxLodPixels>-1</maxLodPixels></Lod></Region><Point><altitudeMode>relativeToGround</altitudeMode><coordinates>-122.280013,37.879602,4.0</coordinates></Point></Placemark>
  <Placemark><styleUrl>#poly0</styleUrl><Polygon><extrude>1</extrude><altitudeMode>relativeToGround</altitudeMode><outerBoundaryIs><LinearRing><coordinates>-122.259173,37.880704,4 -122.259036,37.880704,4 -122.259036,37.880812,4 -122.259173,37.880812,4 -122.259173,37.880704,4</coordinates></LinearRing></outerBoundaryIs></Polygon></Placemark>
  <Placemark><name>ADU</name><styleUrl>#lab0</styleUrl><Region><LatLonAltBox><west>-122.259173</west><east>-122.259036</east><south>37.880704</south><north>37.880812</north></LatLonAltBox><Lod><minLodPixels>700</minLodPixels><maxLodPixels>-1</maxLodPixels></Lod></Region><Point><altitudeMode>relativeToGround</altitudeMode><coordinates>-122.259118,37.880747,4.0</coordinates></Point></Placemark>
  <Placemark><styleUrl>#poly0</styleUrl><Polygon><extrude>1</extrude><altitudeMode>relativeToGround</altitudeMode><outerBoundaryIs><LinearRing><coordinates>-122.253300,37.891634,4 -122.253163,37.891634,4 -122.253163,37.891742,4 -122.253300,37.891742,4 -122.253300,37.891634,4</coordinates></LinearRing></outerBoundaryIs></Polygon></Placemark>
  <Placemark><name>ADU</name><styleUrl>#lab0</styleUrl><Region><LatLonAltBox><west>-122.253300</west><east>-122.253163</east><south>37.891634</south><north>37.891742</north></LatLonAltBox><Lod><minLodPixels>700</minLodPixels><maxLodPixels>-1</maxLodPixels></Lod></Region><Point><altitudeMode>relativeToGround</altitudeMode><coordinates>-122.253245,37.891677,4.0</coordinates></Point></Placemark>
  <Placemark><styleUrl>#poly0</styleUrl><Polygon><extrude>1</extrude><altitudeMode>relativeToGround</altitudeMode><outerBoundaryIs><LinearRing><coordinates>-122.285491,37.875745,4 -122.285354,37.875745,4 -122.285354,37.875853,4 -122.285491,37.875853,4 -122.285491,37.875745,4</coordinates></LinearRing></outerBoundaryIs></Polygon></Placemark>
  <Placemark><name>ADU</name><styleUrl>#lab0</styleUrl><Region><LatLonAltBox><west>-122.285491</west><east>-122.285354</east><south>37.875745</south><north>37.875853</north></LatLonAltBox><Lod><minLodPixels>700</minLodPixels><maxLodPixels>-1</maxLodPixels></Lod></Region><Point><altitudeMode>relativeToGround</altitudeMode><coordinates>-122.285436,37.875788,4.0</coordinates></Point></Placemark>
  <Placemark><styleUrl>#poly0</styleUrl><Polygon><extrude>1</extrude><altitudeMode>relativeToGround</altitudeMode><outerBoundaryIs><LinearRing><coordinates>-122.279793,37.883845,4 -122.279656,37.883845,4 -122.279656,37.883953,4 -122.279793,37.883953,4 -122.279793,37.883845,4</coordinates></LinearRing></outerBoundaryIs></Polygon></Placemark>
  <Placemark><name>ADU</name><styleUrl>#lab0</styleUrl><Region><LatLonAltBox><west>-122.279793</west><east>-122.279656</east><south>37.883845</south><north>37.883953</north></LatLonAltBox><Lod><minLodPixels>700</minLodPixels><maxLodPixels>-1</maxLodPixels></Lod></Region><Point><altitudeMode>relativeToGround</altitudeMode><coordinates>-122.279738,37.883888,4.0</coordinates></Point></Placemark>
  <Placemark><styleUrl>#poly0</styleUrl><Polygon><extrude>1</extrude><altitudeMode>relativeToGround</altitudeMode><outerBoundaryIs><LinearRing><coordinates>-122.263990,37.877763,4 -122.263853,37.877763,4 -122.263853,37.877871,4 -122.263990,37.877871,4 -122.263990,37.877763,4</coordinates></LinearRing></outerBoundaryIs></Polygon></Placemark>
  <Placemark><name>ADU</name><styleUrl>#lab0</styleUrl><Region><LatLonAltBox><west>-122.263990</west><east>-122.263853</east><south>37.877763</south><north>37.877871</north></LatLonAltBox><Lod><minLodPixels>700</minLodPixels><maxLodPixels>-1</maxLodPixels></Lod></Region><Point><altitudeMode>relativeToGround</altitudeMode><coordinates>-122.263935,37.877806,4.0</coordinates></Point></Placemark>
  <Placemark><styleUrl>#poly0</styleUrl><Polygon><extrude>1</extrude><altitudeMode>relativeToGround</altitudeMode><outerBoundaryIs><LinearRing><coordinates>-122.253463,37.894178,4 -122.253326,37.894178,4 -122.253326,37.894286,4 -122.253463,37.894286,4 -122.253463,37.894178,4</coordinates></LinearRing></outerBoundaryIs></Polygon></Placemark>
  <Placemark><name>ADU</name><styleUrl>#lab0</styleUrl><Region><LatLonAltBox><west>-122.253463</west><east>-122.253326</east><south>37.894178</south><north>37.894286</north></LatLonAltBox><Lod><minLodPixels>700</minLodPixels><maxLodPixels>-1</maxLodPixels></Lod></Region><Point><altitudeMode>relativeToGround</altitudeMode><coordinates>-122.253408,37.894221,4.0</coordinates></Point></Placemark>
  <Placemark><styleUrl>#poly0</styleUrl><Polygon><extrude>1</extrude><altitudeMode>relativeToGround</altitudeMode><outerBoundaryIs><LinearRing><coordinates>-122.277694,37.865038,4 -122.277557,37.865038,4 -122.277557,37.865145,4 -122.277694,37.865145,4 -122.277694,37.865038,4</coordinates></LinearRing></outerBoundaryIs></Polygon></Placemark>
  <Placemark><name>ADU</name><styleUrl>#lab0</styleUrl><Region><LatLonAltBox><west>-122.277694</west><east>-122.277557</east><south>37.865038</south><north>37.865145</north></LatLonAltBox><Lod><minLodPixels>700</minLodPixels><maxLodPixels>-1</maxLodPixels></Lod></Region><Point><altitudeMode>relativeToGround</altitudeMode><coordinates>-122.277639,37.865081,4.0</coordinates></Point></Placemark>
  <Placemark><styleUrl>#poly0</styleUrl><Polygon><extrude>1</extrude><altitudeMode>relativeToGround</altitudeMode><outerBoundaryIs><LinearRing><coordinates>-122.283798,37.858778,4 -122.283662,37.858778,4 -122.283662,37.858886,4 -122.283798,37.858886,4 -122.283798,37.858778,4</coordinates></LinearRing></outerBoundaryIs></Polygon></Placemark>
  <Placemark><name>ADU</name><styleUrl>#lab0</styleUrl><Region><LatLonAltBox><west>-122.283798</west><east>-122.283662</east><south>37.858778</south><north>37.858886</north></LatLonAltBox><Lod><minLodPixels>700</minLodPixels><maxLodPixels>-1</maxLodPixels></Lod></Region><Point><altitudeMode>relativeToGround</altitudeMode><coordinates>-122.283744,37.858821,4.0</coordinates></Point></Placemark>
  <Placemark><styleUrl>#poly0</styleUrl><Polygon><extrude>1</extrude><altitudeMode>relativeToGround</altitudeMode><outerBoundaryIs><LinearRing><coordinates>-122.278802,37.864865,4 -122.278665,37.864865,4 -122.278665,37.864973,4 -122.278802,37.864973,4 -122.278802,37.864865,4</coordinates></LinearRing></outerBoundaryIs></Polygon></Placemark>
  <Placemark><name>ADU</name><styleUrl>#lab0</styleUrl><Region><LatLonAltBox><west>-122.278802</west><east>-122.278665</east><south>37.864865</south><north>37.864973</north></LatLonAltBox><Lod><minLodPixels>700</minLodPixels><maxLodPixels>-1</maxLodPixels></Lod></Region><Point><altitudeMode>relativeToGround</altitudeMode><coordinates>-122.278747,37.864908,4.0</coordinates></Point></Placemark>
  <Placemark><styleUrl>#poly0</styleUrl><Polygon><extrude>1</extrude><altitudeMode>relativeToGround</altitudeMode><outerBoundaryIs><LinearRing><coordinates>-122.276796,37.874305,4 -122.276659,37.874305,4 -122.276659,37.874412,4 -122.276796,37.874412,4 -122.276796,37.874305,4</coordinates></LinearRing></outerBoundaryIs></Polygon></Placemark>
  <Placemark><name>ADU</name><styleUrl>#lab0</styleUrl><Region><LatLonAltBox><west>-122.276796</west><east>-122.276659</east><south>37.874305</south><north>37.874412</north></LatLonAltBox><Lod><minLodPixels>700</minLodPixels><maxLodPixels>-1</maxLodPixels></Lod></Region><Point><altitudeMode>relativeToGround</altitudeMode><coordinates>-122.276741,37.874348,4.0</coordinates></Point></Placemark>
  <Placemark><styleUrl>#poly0</styleUrl><Polygon><extrude>1</extrude><altitudeMode>relativeToGround</altitudeMode><outerBoundaryIs><LinearRing><coordinates>-122.265999,37.883508,4 -122.265862,37.883508,4 -122.265862,37.883616,4 -122.265999,37.883616,4 -122.265999,37.883508,4</coordinates></LinearRing></outerBoundaryIs></Polygon></Placemark>
  <Placemark><name>ADU</name><styleUrl>#lab0</styleUrl><Region><LatLonAltBox><west>-122.265999</west><east>-122.265862</east><south>37.883508</south><north>37.883616</north></LatLonAltBox><Lod><minLodPixels>700</minLodPixels><maxLodPixels>-1</maxLodPixels></Lod></Region><Point><altitudeMode>relativeToGround</altitudeMode><coordinates>-122.265944,37.883551,4.0</coordinates></Point></Placemark>
  <Placemark><styleUrl>#poly0</styleUrl><Polygon><extrude>1</extrude><altitudeMode>relativeToGround</altitudeMode><outerBoundaryIs><LinearRing><coordinates>-122.289044,37.865195,4 -122.288907,37.865195,4 -122.288907,37.865303,4 -122.289044,37.865303,4 -122.289044,37.865195,4</coordinates></LinearRing></outerBoundaryIs></Polygon></Placemark>
  <Placemark><name>ADU</name><styleUrl>#lab0</styleUrl><Region><LatLonAltBox><west>-122.289044</west><east>-122.288907</east><south>37.865195</south><north>37.865303</north></LatLonAltBox><Lod><minLodPixels>700</minLodPixels><maxLodPixels>-1</maxLodPixels></Lod></Region><Point><altitudeMode>relativeToGround</altitudeMode><coordinates>-122.288989,37.865238,4.0</coordinates></Point></Placemark>
  <Placemark><styleUrl>#poly0</styleUrl><Polygon><extrude>1</extrude><altitudeMode>relativeToGround</altitudeMode><outerBoundaryIs><LinearRing><coordinates>-122.274407,37.880759,4 -122.274270,37.880759,4 -122.274270,37.880867,4 -122.274407,37.880867,4 -122.274407,37.880759,4</coordinates></LinearRing></outerBoundaryIs></Polygon></Placemark>
  <Placemark><name>ADU</name><styleUrl>#lab0</styleUrl><Region><LatLonAltBox><west>-122.274407</west><east>-122.274270</east><south>37.880759</south><north>37.880867</north></LatLonAltBox><Lod><minLodPixels>700</minLodPixels><maxLodPixels>-1</maxLodPixels></Lod></Region><Point><altitudeMode>relativeToGround</altitudeMode><coordinates>-122.274352,37.880802,4.0</coordinates></Point></Placemark>
  <Placemark><styleUrl>#poly0</styleUrl><Polygon><extrude>1</extrude><altitudeMode>relativeToGround</altitudeMode><outerBoundaryIs><LinearRing><coordinates>-122.280665,37.880567,4 -122.280529,37.880567,4 -122.280529,37.880675,4 -122.280665,37.880675,4 -122.280665,37.880567,4</coordinates></LinearRing></outerBoundaryIs></Polygon></Placemark>
  <Placemark><name>ADU</name><styleUrl>#lab0</styleUrl><Region><LatLonAltBox><west>-122.280665</west><east>-122.280529</east><south>37.880567</south><north>37.880675</north></LatLonAltBox><Lod><minLodPixels>700</minLodPixels><maxLodPixels>-1</maxLodPixels></Lod></Region><Point><altitudeMode>relativeToGround</altitudeMode><coordinates>-122.280611,37.880610,4.0</coordinates></Point></Placemark>
  <Placemark><styleUrl>#poly0</styleUrl><Polygon><extrude>1</extrude><altitudeMode>relativeToGround</altitudeMode><outerBoundaryIs><LinearRing><coordinates>-122.283794,37.859402,4 -122.283657,37.859402,4 -122.283657,37.859510,4 -122.283794,37.859510,4 -122.283794,37.859402,4</coordinates></LinearRing></outerBoundaryIs></Polygon></Placemark>
  <Placemark><name>ADU</name><styleUrl>#lab0</styleUrl><Region><LatLonAltBox><west>-122.283794</west><east>-122.283657</east><south>37.859402</south><north>37.859510</north></LatLonAltBox><Lod><minLodPixels>700</minLodPixels><maxLodPixels>-1</maxLodPixels></Lod></Region><Point><altitudeMode>relativeToGround</altitudeMode><coordinates>-122.283739,37.859445,4.0</coordinates></Point></Placemark>
  <Placemark><styleUrl>#poly0</styleUrl><Polygon><extrude>1</extrude><altitudeMode>relativeToGround</altitudeMode><outerBoundaryIs><LinearRing><coordinates>-122.268070,37.876523,4 -122.267934,37.876523,4 -122.267934,37.876631,4 -122.268070,37.876631,4 -122.268070,37.876523,4</coordinates></LinearRing></outerBoundaryIs></Polygon></Placemark>
  <Placemark><name>ADU</name><styleUrl>#lab0</styleUrl><Region><LatLonAltBox><west>-122.268070</west><east>-122.267934</east><south>37.876523</south><north>37.876631</north></LatLonAltBox><Lod><minLodPixels>700</minLodPixels><maxLodPixels>-1</maxLodPixels></Lod></Region><Point><altitudeMode>relativeToGround</altitudeMode><coordinates>-122.268016,37.876566,4.0</coordinates></Point></Placemark>
  <Placemark><styleUrl>#poly0</styleUrl><Polygon><extrude>1</extrude><altitudeMode>relativeToGround</altitudeMode><outerBoundaryIs><LinearRing><coordinates>-122.246374,37.859079,4 -122.246238,37.859079,4 -122.246238,37.859187,4 -122.246374,37.859187,4 -122.246374,37.859079,4</coordinates></LinearRing></outerBoundaryIs></Polygon></Placemark>
  <Placemark><name>ADU</name><styleUrl>#lab0</styleUrl><Region><LatLonAltBox><west>-122.246374</west><east>-122.246238</east><south>37.859079</south><north>37.859187</north></LatLonAltBox><Lod><minLodPixels>700</minLodPixels><maxLodPixels>-1</maxLodPixels></Lod></Region><Point><altitudeMode>relativeToGround</altitudeMode><coordinates>-122.246320,37.859122,4.0</coordinates></Point></Placemark>
  <Placemark><styleUrl>#poly0</styleUrl><Polygon><extrude>1</extrude><altitudeMode>relativeToGround</altitudeMode><outerBoundaryIs><LinearRing><coordinates>-122.271351,37.862152,4 -122.271215,37.862152,4 -122.271215,37.862259,4 -122.271351,37.862259,4 -122.271351,37.862152,4</coordinates></LinearRing></outerBoundaryIs></Polygon></Placemark>
  <Placemark><name>ADU</name><styleUrl>#lab0</styleUrl><Region><LatLonAltBox><west>-122.271351</west><east>-122.271215</east><south>37.862152</south><north>37.862259</north></LatLonAltBox><Lod><minLodPixels>700</minLodPixels><maxLodPixels>-1</maxLodPixels></Lod></Region><Point><altitudeMode>relativeToGround</altitudeMode><coordinates>-122.271297,37.862195,4.0</coordinates></Point></Placemark>
  <Placemark><styleUrl>#poly0</styleUrl><Polygon><extrude>1</extrude><altitudeMode>relativeToGround</altitudeMode><outerBoundaryIs><LinearRing><coordinates>-122.291649,37.880566,4 -122.291512,37.880566,4 -122.291512,37.880674,4 -122.291649,37.880674,4 -122.291649,37.880566,4</coordinates></LinearRing></outerBoundaryIs></Polygon></Placemark>
  <Placemark><name>ADU</name><styleUrl>#lab0</styleUrl><Region><LatLonAltBox><west>-122.291649</west><east>-122.291512</east><south>37.880566</south><north>37.880674</north></LatLonAltBox><Lod><minLodPixels>700</minLodPixels><maxLodPixels>-1</maxLodPixels></Lod></Region><Point><altitudeMode>relativeToGround</altitudeMode><coordinates>-122.291594,37.880609,4.0</coordinates></Point></Placemark>
  <Placemark><styleUrl>#poly0</styleUrl><Polygon><extrude>1</extrude><altitudeMode>relativeToGround</altitudeMode><outerBoundaryIs><LinearRing><coordinates>-122.263216,37.859200,4 -122.263079,37.859200,4 -122.263079,37.859308,4 -122.263216,37.859308,4 -122.263216,37.859200,4</coordinates></LinearRing></outerBoundaryIs></Polygon></Placemark>
  <Placemark><name>ADU</name><styleUrl>#lab0</styleUrl><Region><LatLonAltBox><west>-122.263216</west><east>-122.263079</east><south>37.859200</south><north>37.859308</north></LatLonAltBox><Lod><minLodPixels>700</minLodPixels><maxLodPixels>-1</maxLodPixels></Lod></Region><Point><altitudeMode>relativeToGround</altitudeMode><coordinates>-122.263161,37.859243,4.0</coordinates></Point></Placemark>
  <Placemark><styleUrl>#poly0</styleUrl><Polygon><extrude>1</extrude><altitudeMode>relativeToGround</altitudeMode><outerBoundaryIs><LinearRing><coordinates>-122.250094,37.866954,4 -122.249958,37.866954,4 -122.249958,37.867062,4 -122.250094,37.867062,4 -122.250094,37.866954,4</coordinates></LinearRing></outerBoundaryIs></Polygon></Placemark>
  <Placemark><name>ADU</name><styleUrl>#lab0</styleUrl><Region><LatLonAltBox><west>-122.250094</west><east>-122.249958</east><south>37.866954</south><north>37.867062</north></LatLonAltBox><Lod><minLodPixels>700</minLodPixels><maxLodPixels>-1</maxLodPixels></Lod></Region><Point><altitudeMode>relativeToGround</altitudeMode><coordinates>-122.250040,37.866997,4.0</coordinates></Point></Placemark>
  <Placemark><styleUrl>#poly0</styleUrl><Polygon><extrude>1</extrude><altitudeMode>relativeToGround</altitudeMode><outerBoundaryIs><LinearRing><coordinates>-122.279486,37.883236,4 -122.279349,37.883236,4 -122.279349,37.883344,4 -122.279486,37.883344,4 -122.279486,37.883236,4</coordinates></LinearRing></outerBoundaryIs></Polygon></Placemark>
  <Placemark><name>ADU</name><styleUrl>#lab0</styleUrl><Region><LatLonAltBox><west>-122.279486</west><east>-122.279349</east><south>37.883236</south><north>37.883344</north></LatLonAltBox><Lod><minLodPixels>700</minLodPixels><maxLodPixels>-1</maxLodPixels></Lod></Region><Point><altitudeMode>relativeToGround</altitudeMode><coordinates>-122.279431,37.883279,4.0</coordinates></Point></Placemark>
  <Placemark><styleUrl>#poly0</styleUrl><Polygon><extrude>1</extrude><altitudeMode>relativeToGround</altitudeMode><outerBoundaryIs><LinearRing><coordinates>-122.279472,37.862039,4 -122.279336,37.862039,4 -122.279336,37.862147,4 -122.279472,37.862147,4 -122.279472,37.862039,4</coordinates></LinearRing></outerBoundaryIs></Polygon></Placemark>
  <Placemark><name>ADU</name><styleUrl>#lab0</styleUrl><Region><LatLonAltBox><west>-122.279472</west><east>-122.279336</east><south>37.862039</south><north>37.862147</north></LatLonAltBox><Lod><minLodPixels>700</minLodPixels><maxLodPixels>-1</maxLodPixels></Lod></Region><Point><altitudeMode>relativeToGround</altitudeMode><coordinates>-122.279418,37.862082,4.0</coordinates></Point></Placemark>
  <Placemark><styleUrl>#poly0</styleUrl><Polygon><extrude>1</extrude><altitudeMode>relativeToGround</altitudeMode><outerBoundaryIs><LinearRing><coordinates>-122.264721,37.894485,4 -122.264585,37.894485,4 -122.264585,37.894593,4 -122.264721,37.894593,4 -122.264721,37.894485,4</coordinates></LinearRing></outerBoundaryIs></Polygon></Placemark>
  <Placemark><name>ADU</name><styleUrl>#lab0</styleUrl><Region><LatLonAltBox><west>-122.264721</west><east>-122.264585</east><south>37.894485</south><north>37.894593</north></LatLonAltBox><Lod><minLodPixels>700</minLodPixels><maxLodPixels>-1</maxLodPixels></Lod></Region><Point><altitudeMode>relativeToGround</altitudeMode><coordinates>-122.264667,37.894528,4.0</coordinates></Point></Placemark>
  <Placemark><styleUrl>#poly0</styleUrl><Polygon><extrude>1</extrude><altitudeMode>relativeToGround</altitudeMode><outerBoundaryIs><LinearRing><coordinates>-122.285451,37.892214,4 -122.285314,37.892214,4 -122.285314,37.892322,4 -122.285451,37.892322,4 -122.285451,37.892214,4</coordinates></LinearRing></outerBoundaryIs></Polygon></Placemark>
  <Placemark><name>ADU</name><styleUrl>#lab0</styleUrl><Region><LatLonAltBox><west>-122.285451</west><east>-122.285314</east><south>37.892214</south><north>37.892322</north></LatLonAltBox><Lod><minLodPixels>700</minLodPixels><maxLodPixels>-1</maxLodPixels></Lod></Region><Point><altitudeMode>relativeToGround</altitudeMode><coordinates>-122.285396,37.892257,4.0</coordinates></Point></Placemark>
  <Placemark><styleUrl>#poly0</styleUrl><Polygon><extrude>1</extrude><altitudeMode>relativeToGround</altitudeMode><outerBoundaryIs><LinearRing><coordinates>-122.257124,37.861795,4 -122.256987,37.861795,4 -122.256987,37.861903,4 -122.257124,37.861903,4 -122.257124,37.861795,4</coordinates></LinearRing></outerBoundaryIs></Polygon></Placemark>
  <Placemark><name>ADU</name><styleUrl>#lab0</styleUrl><Region><LatLonAltBox><west>-122.257124</west><east>-122.256987</east><south>37.861795</south><north>37.861903</north></LatLonAltBox><Lod><minLodPixels>700</minLodPixels><maxLodPixels>-1</maxLodPixels></Lod></Region><Point><altitudeMode>relativeToGround</altitudeMode><coordinates>-122.257069,37.861838,4.0</coordinates></Point></Placemark>
  <Placemark><styleUrl>#poly0</styleUrl><Polygon><extrude>1</extrude><altitudeMode>relativeToGround</altitudeMode><outerBoundaryIs><LinearRing><coordinates>-122.273117,37.900880,4 -122.272980,37.900880,4 -122.272980,37.900988,4 -122.273117,37.900988,4 -122.273117,37.900880,4</coordinates></LinearRing></outerBoundaryIs></Polygon></Placemark>
  <Placemark><name>ADU</name><styleUrl>#lab0</styleUrl><Region><LatLonAltBox><west>-122.273117</west><east>-122.272980</east><south>37.900880</south><north>37.900988</north></LatLonAltBox><Lod><minLodPixels>700</minLodPixels><maxLodPixels>-1</maxLodPixels></Lod></Region><Point><altitudeMode>relativeToGround</altitudeMode><coordinates>-122.273062,37.900923,4.0</coordinates></Point></Placemark>
  <Placemark><styleUrl>#poly0</styleUrl><Polygon><extrude>1</extrude><altitudeMode>relativeToGround</altitudeMode><outerBoundaryIs><LinearRing><coordinates>-122.274060,37.871980,4 -122.273923,37.871980,4 -122.273923,37.872088,4 -122.274060,37.872088,4 -122.274060,37.871980,4</coordinates></LinearRing></outerBoundaryIs></Polygon></Placemark>
  <Placemark><name>ADU</name><styleUrl>#lab0</styleUrl><Region><LatLonAltBox><west>-122.274060</west><east>-122.273923</east><south>37.871980</south><north>37.872088</north></LatLonAltBox><Lod><minLodPixels>700</minLodPixels><maxLodPixels>-1</maxLodPixels></Lod></Region><Point><altitudeMode>relativeToGround</altitudeMode><coordinates>-122.274005,37.872023,4.0</coordinates></Point></Placemark>
  <Placemark><styleUrl>#poly0</styleUrl><Polygon><extrude>1</extrude><altitudeMode>relativeToGround</altitudeMode><outerBoundaryIs><LinearRing><coordinates>-122.282583,37.849661,4 -122.282446,37.849661,4 -122.282446,37.849769,4 -122.282583,37.849769,4 -122.282583,37.849661,4</coordinates></LinearRing></outerBoundaryIs></Polygon></Placemark>
  <Placemark><name>ADU</name><styleUrl>#lab0</styleUrl><Region><LatLonAltBox><west>-122.282583</west><east>-122.282446</east><south>37.849661</south><north>37.849769</north></LatLonAltBox><Lod><minLodPixels>700</minLodPixels><maxLodPixels>-1</maxLodPixels></Lod></Region><Point><altitudeMode>relativeToGround</altitudeMode><coordinates>-122.282528,37.849704,4.0</coordinates></Point></Placemark>
  <Placemark><styleUrl>#poly0</styleUrl><Polygon><extrude>1</extrude><altitudeMode>relativeToGround</altitudeMode><outerBoundaryIs><LinearRing><coordinates>-122.264046,37.883292,4 -122.263909,37.883292,4 -122.263909,37.883400,4 -122.264046,37.883400,4 -122.264046,37.883292,4</coordinates></LinearRing></outerBoundaryIs></Polygon></Placemark>
  <Placemark><name>ADU</name><styleUrl>#lab0</styleUrl><Region><LatLonAltBox><west>-122.264046</west><east>-122.263909</east><south>37.883292</south><north>37.883400</north></LatLonAltBox><Lod><minLodPixels>700</minLodPixels><maxLodPixels>-1</maxLodPixels></Lod></Region><Point><altitudeMode>relativeToGround</altitudeMode><coordinates>-122.263991,37.883335,4.0</coordinates></Point></Placemark>
  <Placemark><styleUrl>#poly0</styleUrl><Polygon><extrude>1</extrude><altitudeMode>relativeToGround</altitudeMode><outerBoundaryIs><LinearRing><coordinates>-122.249518,37.883609,4 -122.249382,37.883609,4 -122.249382,37.883717,4 -122.249518,37.883717,4 -122.249518,37.883609,4</coordinates></LinearRing></outerBoundaryIs></Polygon></Placemark>
  <Placemark><name>ADU</name><styleUrl>#lab0</styleUrl><Region><LatLonAltBox><west>-122.249518</west><east>-122.249382</east><south>37.883609</south><north>37.883717</north></LatLonAltBox><Lod><minLodPixels>700</minLodPixels><maxLodPixels>-1</maxLodPixels></Lod></Region><Point><altitudeMode>relativeToGround</altitudeMode><coordinates>-122.249464,37.883652,4.0</coordinates></Point></Placemark>
  <Placemark><styleUrl>#poly0</styleUrl><Polygon><extrude>1</extrude><altitudeMode>relativeToGround</altitudeMode><outerBoundaryIs><LinearRing><coordinates>-122.275096,37.871767,4 -122.274960,37.871767,4 -122.274960,37.871875,4 -122.275096,37.871875,4 -122.275096,37.871767,4</coordinates></LinearRing></outerBoundaryIs></Polygon></Placemark>
  <Placemark><name>ADU</name><styleUrl>#lab0</styleUrl><Region><LatLonAltBox><west>-122.275096</west><east>-122.274960</east><south>37.871767</south><north>37.871875</north></LatLonAltBox><Lod><minLodPixels>700</minLodPixels><maxLodPixels>-1</maxLodPixels></Lod></Region><Point><altitudeMode>relativeToGround</altitudeMode><coordinates>-122.275042,37.871810,4.0</coordinates></Point></Placemark>
  <Placemark><styleUrl>#poly0</styleUrl><Polygon><extrude>1</extrude><altitudeMode>relativeToGround</altitudeMode><outerBoundaryIs><LinearRing><coordinates>-122.276223,37.876886,4 -122.276086,37.876886,4 -122.276086,37.876994,4 -122.276223,37.876994,4 -122.276223,37.876886,4</coordinates></LinearRing></outerBoundaryIs></Polygon></Placemark>
  <Placemark><name>ADU</name><styleUrl>#lab0</styleUrl><Region><LatLonAltBox><west>-122.276223</west><east>-122.276086</east><south>37.876886</south><north>37.876994</north></LatLonAltBox><Lod><minLodPixels>700</minLodPixels><maxLodPixels>-1</maxLodPixels></Lod></Region><Point><altitudeMode>relativeToGround</altitudeMode><coordinates>-122.276168,37.876929,4.0</coordinates></Point></Placemark>
  <Placemark><styleUrl>#poly0</styleUrl><Polygon><extrude>1</extrude><altitudeMode>relativeToGround</altitudeMode><outerBoundaryIs><LinearRing><coordinates>-122.285890,37.895495,4 -122.285754,37.895495,4 -122.285754,37.895603,4 -122.285890,37.895603,4 -122.285890,37.895495,4</coordinates></LinearRing></outerBoundaryIs></Polygon></Placemark>
  <Placemark><name>ADU</name><styleUrl>#lab0</styleUrl><Region><LatLonAltBox><west>-122.285890</west><east>-122.285754</east><south>37.895495</south><north>37.895603</north></LatLonAltBox><Lod><minLodPixels>700</minLodPixels><maxLodPixels>-1</maxLodPixels></Lod></Region><Point><altitudeMode>relativeToGround</altitudeMode><coordinates>-122.285836,37.895538,4.0</coordinates></Point></Placemark>
  <Placemark><styleUrl>#poly0</styleUrl><Polygon><extrude>1</extrude><altitudeMode>relativeToGround</altitudeMode><outerBoundaryIs><LinearRing><coordinates>-122.275844,37.888127,4 -122.275707,37.888127,4 -122.275707,37.888235,4 -122.275844,37.888235,4 -122.275844,37.888127,4</coordinates></LinearRing></outerBoundaryIs></Polygon></Placemark>
  <Placemark><name>ADU</name><styleUrl>#lab0</styleUrl><Region><LatLonAltBox><west>-122.275844</west><east>-122.275707</east><south>37.888127</south><north>37.888235</north></LatLonAltBox><Lod><minLodPixels>700</minLodPixels><maxLodPixels>-1</maxLodPixels></Lod></Region><Point><altitudeMode>relativeToGround</altitudeMode><coordinates>-122.275789,37.888170,4.0</coordinates></Point></Placemark>
  <Placemark><styleUrl>#poly0</styleUrl><Polygon><extrude>1</extrude><altitudeMode>relativeToGround</altitudeMode><outerBoundaryIs><LinearRing><coordinates>-122.286956,37.858402,4 -122.286819,37.858402,4 -122.286819,37.858510,4 -122.286956,37.858510,4 -122.286956,37.858402,4</coordinates></LinearRing></outerBoundaryIs></Polygon></Placemark>
  <Placemark><name>ADU</name><styleUrl>#lab0</styleUrl><Region><LatLonAltBox><west>-122.286956</west><east>-122.286819</east><south>37.858402</south><north>37.858510</north></LatLonAltBox><Lod><minLodPixels>700</minLodPixels><maxLodPixels>-1</maxLodPixels></Lod></Region><Point><altitudeMode>relativeToGround</altitudeMode><coordinates>-122.286901,37.858445,4.0</coordinates></Point></Placemark>
  <Placemark><styleUrl>#poly0</styleUrl><Polygon><extrude>1</extrude><altitudeMode>relativeToGround</altitudeMode><outerBoundaryIs><LinearRing><coordinates>-122.286645,37.856386,4 -122.286508,37.856386,4 -122.286508,37.856493,4 -122.286645,37.856493,4 -122.286645,37.856386,4</coordinates></LinearRing></outerBoundaryIs></Polygon></Placemark>
  <Placemark><name>ADU</name><styleUrl>#lab0</styleUrl><Region><LatLonAltBox><west>-122.286645</west><east>-122.286508</east><south>37.856386</south><north>37.856493</north></LatLonAltBox><Lod><minLodPixels>700</minLodPixels><maxLodPixels>-1</maxLodPixels></Lod></Region><Point><altitudeMode>relativeToGround</altitudeMode><coordinates>-122.286590,37.856429,4.0</coordinates></Point></Placemark>
  <Placemark><styleUrl>#poly0</styleUrl><Polygon><extrude>1</extrude><altitudeMode>relativeToGround</altitudeMode><outerBoundaryIs><LinearRing><coordinates>-122.281580,37.886226,4 -122.281443,37.886226,4 -122.281443,37.886333,4 -122.281580,37.886333,4 -122.281580,37.886226,4</coordinates></LinearRing></outerBoundaryIs></Polygon></Placemark>
  <Placemark><name>ADU</name><styleUrl>#lab0</styleUrl><Region><LatLonAltBox><west>-122.281580</west><east>-122.281443</east><south>37.886226</south><north>37.886333</north></LatLonAltBox><Lod><minLodPixels>700</minLodPixels><maxLodPixels>-1</maxLodPixels></Lod></Region><Point><altitudeMode>relativeToGround</altitudeMode><coordinates>-122.281525,37.886269,4.0</coordinates></Point></Placemark>
  <Placemark><styleUrl>#poly0</styleUrl><Polygon><extrude>1</extrude><altitudeMode>relativeToGround</altitudeMode><outerBoundaryIs><LinearRing><coordinates>-122.249810,37.882643,4 -122.249674,37.882643,4 -122.249674,37.882751,4 -122.249810,37.882751,4 -122.249810,37.882643,4</coordinates></LinearRing></outerBoundaryIs></Polygon></Placemark>
  <Placemark><name>ADU</name><styleUrl>#lab0</styleUrl><Region><LatLonAltBox><west>-122.249810</west><east>-122.249674</east><south>37.882643</south><north>37.882751</north></LatLonAltBox><Lod><minLodPixels>700</minLodPixels><maxLodPixels>-1</maxLodPixels></Lod></Region><Point><altitudeMode>relativeToGround</altitudeMode><coordinates>-122.249756,37.882686,4.0</coordinates></Point></Placemark>
  <Placemark><styleUrl>#poly0</styleUrl><Polygon><extrude>1</extrude><altitudeMode>relativeToGround</altitudeMode><outerBoundaryIs><LinearRing><coordinates>-122.277949,37.867583,4 -122.277813,37.867583,4 -122.277813,37.867691,4 -122.277949,37.867691,4 -122.277949,37.867583,4</coordinates></LinearRing></outerBoundaryIs></Polygon></Placemark>
  <Placemark><name>ADU</name><styleUrl>#lab0</styleUrl><Region><LatLonAltBox><west>-122.277949</west><east>-122.277813</east><south>37.867583</south><north>37.867691</north></LatLonAltBox><Lod><minLodPixels>700</minLodPixels><maxLodPixels>-1</maxLodPixels></Lod></Region><Point><altitudeMode>relativeToGround</altitudeMode><coordinates>-122.277895,37.867626,4.0</coordinates></Point></Placemark>
  <Placemark><styleUrl>#poly0</styleUrl><Polygon><extrude>1</extrude><altitudeMode>relativeToGround</altitudeMode><outerBoundaryIs><LinearRing><coordinates>-122.288711,37.881715,4 -122.288574,37.881715,4 -122.288574,37.881823,4 -122.288711,37.881823,4 -122.288711,37.881715,4</coordinates></LinearRing></outerBoundaryIs></Polygon></Placemark>
  <Placemark><name>ADU</name><styleUrl>#lab0</styleUrl><Region><LatLonAltBox><west>-122.288711</west><east>-122.288574</east><south>37.881715</south><north>37.881823</north></LatLonAltBox><Lod><minLodPixels>700</minLodPixels><maxLodPixels>-1</maxLodPixels></Lod></Region><Point><altitudeMode>relativeToGround</altitudeMode><coordinates>-122.288656,37.881758,4.0</coordinates></Point></Placemark>
  <Placemark><styleUrl>#poly0</styleUrl><Polygon><extrude>1</extrude><altitudeMode>relativeToGround</altitudeMode><outerBoundaryIs><LinearRing><coordinates>-122.261702,37.856178,4 -122.261566,37.856178,4 -122.261566,37.856286,4 -122.261702,37.856286,4 -122.261702,37.856178,4</coordinates></LinearRing></outerBoundaryIs></Polygon></Placemark>
  <Placemark><name>ADU</name><styleUrl>#lab0</styleUrl><Region><LatLonAltBox><west>-122.261702</west><east>-122.261566</east><south>37.856178</south><north>37.856286</north></LatLonAltBox><Lod><minLodPixels>700</minLodPixels><maxLodPixels>-1</maxLodPixels></Lod></Region><Point><altitudeMode>relativeToGround</altitudeMode><coordinates>-122.261648,37.856221,4.0</coordinates></Point></Placemark>
  <Placemark><styleUrl>#poly0</styleUrl><Polygon><extrude>1</extrude><altitudeMode>relativeToGround</altitudeMode><outerBoundaryIs><LinearRing><coordinates>-122.285665,37.879199,4 -122.285529,37.879199,4 -122.285529,37.879307,4 -122.285665,37.879307,4 -122.285665,37.879199,4</coordinates></LinearRing></outerBoundaryIs></Polygon></Placemark>
  <Placemark><name>ADU</name><styleUrl>#lab0</styleUrl><Region><LatLonAltBox><west>-122.285665</west><east>-122.285529</east><south>37.879199</south><north>37.879307</north></LatLonAltBox><Lod><minLodPixels>700</minLodPixels><maxLodPixels>-1</maxLodPixels></Lod></Region><Point><altitudeMode>relativeToGround</altitudeMode><coordinates>-122.285611,37.879242,4.0</coordinates></Point></Placemark>
  <Placemark><styleUrl>#poly0</styleUrl><Polygon><extrude>1</extrude><altitudeMode>relativeToGround</altitudeMode><outerBoundaryIs><LinearRing><coordinates>-122.262966,37.861065,4 -122.262829,37.861065,4 -122.262829,37.861172,4 -122.262966,37.861172,4 -122.262966,37.861065,4</coordinates></LinearRing></outerBoundaryIs></Polygon></Placemark>
  <Placemark><name>ADU</name><styleUrl>#lab0</styleUrl><Region><LatLonAltBox><west>-122.262966</west><east>-122.262829</east><south>37.861065</south><north>37.861172</north></LatLonAltBox><Lod><minLodPixels>700</minLodPixels><maxLodPixels>-1</maxLodPixels></Lod></Region><Point><altitudeMode>relativeToGround</altitudeMode><coordinates>-122.262911,37.861108,4.0</coordinates></Point></Placemark>
  <Placemark><styleUrl>#poly0</styleUrl><Polygon><extrude>1</extrude><altitudeMode>relativeToGround</altitudeMode><outerBoundaryIs><LinearRing><coordinates>-122.279841,37.883608,4 -122.279705,37.883608,4 -122.279705,37.883716,4 -122.279841,37.883716,4 -122.279841,37.883608,4</coordinates></LinearRing></outerBoundaryIs></Polygon></Placemark>
  <Placemark><name>ADU</name><styleUrl>#lab0</styleUrl><Region><LatLonAltBox><west>-122.279841</west><east>-122.279705</east><south>37.883608</south><north>37.883716</north></LatLonAltBox><Lod><minLodPixels>700</minLodPixels><maxLodPixels>-1</maxLodPixels></Lod></Region><Point><altitudeMode>relativeToGround</altitudeMode><coordinates>-122.279787,37.883651,4.0</coordinates></Point></Placemark>
  <Placemark><styleUrl>#poly0</styleUrl><Polygon><extrude>1</extrude><altitudeMode>relativeToGround</altitudeMode><outerBoundaryIs><LinearRing><coordinates>-122.269693,37.898470,4 -122.269556,37.898470,4 -122.269556,37.898578,4 -122.269693,37.898578,4 -122.269693,37.898470,4</coordinates></LinearRing></outerBoundaryIs></Polygon></Placemark>
  <Placemark><name>ADU</name><styleUrl>#lab0</styleUrl><Region><LatLonAltBox><west>-122.269693</west><east>-122.269556</east><south>37.898470</south><north>37.898578</north></LatLonAltBox><Lod><minLodPixels>700</minLodPixels><maxLodPixels>-1</maxLodPixels></Lod></Region><Point><altitudeMode>relativeToGround</altitudeMode><coordinates>-122.269638,37.898513,4.0</coordinates></Point></Placemark>
  <Placemark><styleUrl>#poly0</styleUrl><Polygon><extrude>1</extrude><altitudeMode>relativeToGround</altitudeMode><outerBoundaryIs><LinearRing><coordinates>-122.282163,37.891715,4 -122.282026,37.891715,4 -122.282026,37.891823,4 -122.282163,37.891823,4 -122.282163,37.891715,4</coordinates></LinearRing></outerBoundaryIs></Polygon></Placemark>
  <Placemark><name>ADU</name><styleUrl>#lab0</styleUrl><Region><LatLonAltBox><west>-122.282163</west><east>-122.282026</east><south>37.891715</south><north>37.891823</north></LatLonAltBox><Lod><minLodPixels>700</minLodPixels><maxLodPixels>-1</maxLodPixels></Lod></Region><Point><altitudeMode>relativeToGround</altitudeMode><coordinates>-122.282108,37.891758,4.0</coordinates></Point></Placemark>
  <Placemark><styleUrl>#poly0</styleUrl><Polygon><extrude>1</extrude><altitudeMode>relativeToGround</altitudeMode><outerBoundaryIs><LinearRing><coordinates>-122.254836,37.887634,4 -122.254700,37.887634,4 -122.254700,37.887742,4 -122.254836,37.887742,4 -122.254836,37.887634,4</coordinates></LinearRing></outerBoundaryIs></Polygon></Placemark>
  <Placemark><name>ADU</name><styleUrl>#lab0</styleUrl><Region><LatLonAltBox><west>-122.254836</west><east>-122.254700</east><south>37.887634</south><north>37.887742</north></LatLonAltBox><Lod><minLodPixels>700</minLodPixels><maxLodPixels>-1</maxLodPixels></Lod></Region><Point><altitudeMode>relativeToGround</altitudeMode><coordinates>-122.254782,37.887677,4.0</coordinates></Point></Placemark>
  <Placemark><styleUrl>#poly0</styleUrl><Polygon><extrude>1</extrude><altitudeMode>relativeToGround</altitudeMode><outerBoundaryIs><LinearRing><coordinates>-122.283928,37.879814,4 -122.283791,37.879814,4 -122.283791,37.879922,4 -122.283928,37.879922,4 -122.283928,37.879814,4</coordinates></LinearRing></outerBoundaryIs></Polygon></Placemark>
  <Placemark><name>ADU</name><styleUrl>#lab0</styleUrl><Region><LatLonAltBox><west>-122.283928</west><east>-122.283791</east><south>37.879814</south><north>37.879922</north></LatLonAltBox><Lod><minLodPixels>700</minLodPixels><maxLodPixels>-1</maxLodPixels></Lod></Region><Point><altitudeMode>relativeToGround</altitudeMode><coordinates>-122.283873,37.879857,4.0</coordinates></Point></Placemark>
  <Placemark><styleUrl>#poly0</styleUrl><Polygon><extrude>1</extrude><altitudeMode>relativeToGround</altitudeMode><outerBoundaryIs><LinearRing><coordinates>-122.281600,37.862962,4 -122.281463,37.862962,4 -122.281463,37.863069,4 -122.281600,37.863069,4 -122.281600,37.862962,4</coordinates></LinearRing></outerBoundaryIs></Polygon></Placemark>
  <Placemark><name>ADU</name><styleUrl>#lab0</styleUrl><Region><LatLonAltBox><west>-122.281600</west><east>-122.281463</east><south>37.862962</south><north>37.863069</north></LatLonAltBox><Lod><minLodPixels>700</minLodPixels><maxLodPixels>-1</maxLodPixels></Lod></Region><Point><altitudeMode>relativeToGround</altitudeMode><coordinates>-122.281545,37.863005,4.0</coordinates></Point></Placemark>
  <Placemark><styleUrl>#poly0</styleUrl><Polygon><extrude>1</extrude><altitudeMode>relativeToGround</altitudeMode><outerBoundaryIs><LinearRing><coordinates>-122.291926,37.874938,4 -122.291789,37.874938,4 -122.291789,37.875046,4 -122.291926,37.875046,4 -122.291926,37.874938,4</coordinates></LinearRing></outerBoundaryIs></Polygon></Placemark>
  <Placemark><name>ADU</name><styleUrl>#lab0</styleUrl><Region><LatLonAltBox><west>-122.291926</west><east>-122.291789</east><south>37.874938</south><north>37.875046</north></LatLonAltBox><Lod><minLodPixels>700</minLodPixels><maxLodPixels>-1</maxLodPixels></Lod></Region><Point><altitudeMode>relativeToGround</altitudeMode><coordinates>-122.291871,37.874981,4.0</coordinates></Point></Placemark>
  <Placemark><styleUrl>#poly0</styleUrl><Polygon><extrude>1</extrude><altitudeMode>relativeToGround</altitudeMode><outerBoundaryIs><LinearRing><coordinates>-122.286218,37.876622,4 -122.286082,37.876622,4 -122.286082,37.876729,4 -122.286218,37.876729,4 -122.286218,37.876622,4</coordinates></LinearRing></outerBoundaryIs></Polygon></Placemark>
  <Placemark><name>ADU</name><styleUrl>#lab0</styleUrl><Region><LatLonAltBox><west>-122.286218</west><east>-122.286082</east><south>37.876622</south><north>37.876729</north></LatLonAltBox><Lod><minLodPixels>700</minLodPixels><maxLodPixels>-1</maxLodPixels></Lod></Region><Point><altitudeMode>relativeToGround</altitudeMode><coordinates>-122.286164,37.876665,4.0</coordinates></Point></Placemark>
  <Placemark><styleUrl>#poly0</styleUrl><Polygon><extrude>1</extrude><altitudeMode>relativeToGround</altitudeMode><outerBoundaryIs><LinearRing><coordinates>-122.253496,37.864983,4 -122.253360,37.864983,4 -122.253360,37.865090,4 -122.253496,37.865090,4 -122.253496,37.864983,4</coordinates></LinearRing></outerBoundaryIs></Polygon></Placemark>
  <Placemark><name>ADU</name><styleUrl>#lab0</styleUrl><Region><LatLonAltBox><west>-122.253496</west><east>-122.253360</east><south>37.864983</south><north>37.865090</north></LatLonAltBox><Lod><minLodPixels>700</minLodPixels><maxLodPixels>-1</maxLodPixels></Lod></Region><Point><altitudeMode>relativeToGround</altitudeMode><coordinates>-122.253442,37.865026,4.0</coordinates></Point></Placemark>
  <Placemark><styleUrl>#poly0</styleUrl><Polygon><extrude>1</extrude><altitudeMode>relativeToGround</altitudeMode><outerBoundaryIs><LinearRing><coordinates>-122.277369,37.898808,4 -122.277232,37.898808,4 -122.277232,37.898916,4 -122.277369,37.898916,4 -122.277369,37.898808,4</coordinates></LinearRing></outerBoundaryIs></Polygon></Placemark>
  <Placemark><name>ADU</name><styleUrl>#lab0</styleUrl><Region><LatLonAltBox><west>-122.277369</west><east>-122.277232</east><south>37.898808</south><north>37.898916</north></LatLonAltBox><Lod><minLodPixels>700</minLodPixels><maxLodPixels>-1</maxLodPixels></Lod></Region><Point><altitudeMode>relativeToGround</altitudeMode><coordinates>-122.277314,37.898851,4.0</coordinates></Point></Placemark>
  <Placemark><styleUrl>#poly0</styleUrl><Polygon><extrude>1</extrude><altitudeMode>relativeToGround</altitudeMode><outerBoundaryIs><LinearRing><coordinates>-122.278980,37.859090,4 -122.278844,37.859090,4 -122.278844,37.859198,4 -122.278980,37.859198,4 -122.278980,37.859090,4</coordinates></LinearRing></outerBoundaryIs></Polygon></Placemark>
  <Placemark><name>ADU</name><styleUrl>#lab0</styleUrl><Region><LatLonAltBox><west>-122.278980</west><east>-122.278844</east><south>37.859090</south><north>37.859198</north></LatLonAltBox><Lod><minLodPixels>700</minLodPixels><maxLodPixels>-1</maxLodPixels></Lod></Region><Point><altitudeMode>relativeToGround</altitudeMode><coordinates>-122.278926,37.859133,4.0</coordinates></Point></Placemark>
  <Placemark><styleUrl>#poly0</styleUrl><Polygon><extrude>1</extrude><altitudeMode>relativeToGround</altitudeMode><outerBoundaryIs><LinearRing><coordinates>-122.288013,37.870948,4 -122.287876,37.870948,4 -122.287876,37.871056,4 -122.288013,37.871056,4 -122.288013,37.870948,4</coordinates></LinearRing></outerBoundaryIs></Polygon></Placemark>
  <Placemark><name>ADU</name><styleUrl>#lab0</styleUrl><Region><LatLonAltBox><west>-122.288013</west><east>-122.287876</east><south>37.870948</south><north>37.871056</north></LatLonAltBox><Lod><minLodPixels>700</minLodPixels><maxLodPixels>-1</maxLodPixels></Lod></Region><Point><altitudeMode>relativeToGround</altitudeMode><coordinates>-122.287958,37.870991,4.0</coordinates></Point></Placemark>
  <Placemark><styleUrl>#poly0</styleUrl><Polygon><extrude>1</extrude><altitudeMode>relativeToGround</altitudeMode><outerBoundaryIs><LinearRing><coordinates>-122.295548,37.874486,4 -122.295412,37.874486,4 -122.295412,37.874594,4 -122.295548,37.874594,4 -122.295548,37.874486,4</coordinates></LinearRing></outerBoundaryIs></Polygon></Placemark>
  <Placemark><name>ADU</name><styleUrl>#lab0</styleUrl><Region><LatLonAltBox><west>-122.295548</west><east>-122.295412</east><south>37.874486</south><north>37.874594</north></LatLonAltBox><Lod><minLodPixels>700</minLodPixels><maxLodPixels>-1</maxLodPixels></Lod></Region><Point><altitudeMode>relativeToGround</altitudeMode><coordinates>-122.295494,37.874529,4.0</coordinates></Point></Placemark>
  <Placemark><styleUrl>#poly0</styleUrl><Polygon><extrude>1</extrude><altitudeMode>relativeToGround</altitudeMode><outerBoundaryIs><LinearRing><coordinates>-122.264840,37.887393,4 -122.264704,37.887393,4 -122.264704,37.887501,4 -122.264840,37.887501,4 -122.264840,37.887393,4</coordinates></LinearRing></outerBoundaryIs></Polygon></Placemark>
  <Placemark><name>ADU</name><styleUrl>#lab0</styleUrl><Region><LatLonAltBox><west>-122.264840</west><east>-122.264704</east><south>37.887393</south><north>37.887501</north></LatLonAltBox><Lod><minLodPixels>700</minLodPixels><maxLodPixels>-1</maxLodPixels></Lod></Region><Point><altitudeMode>relativeToGround</altitudeMode><coordinates>-122.264786,37.887436,4.0</coordinates></Point></Placemark>
  <Placemark><styleUrl>#poly0</styleUrl><Polygon><extrude>1</extrude><altitudeMode>relativeToGround</altitudeMode><outerBoundaryIs><LinearRing><coordinates>-122.270146,37.902706,4 -122.270009,37.902706,4 -122.270009,37.902814,4 -122.270146,37.902814,4 -122.270146,37.902706,4</coordinates></LinearRing></outerBoundaryIs></Polygon></Placemark>
  <Placemark><name>ADU</name><styleUrl>#lab0</styleUrl><Region><LatLonAltBox><west>-122.270146</west><east>-122.270009</east><south>37.902706</south><north>37.902814</north></LatLonAltBox><Lod><minLodPixels>700</minLodPixels><maxLodPixels>-1</maxLodPixels></Lod></Region><Point><altitudeMode>relativeToGround</altitudeMode><coordinates>-122.270091,37.902749,4.0</coordinates></Point></Placemark>
  <Placemark><styleUrl>#poly0</styleUrl><Polygon><extrude>1</extrude><altitudeMode>relativeToGround</altitudeMode><outerBoundaryIs><LinearRing><coordinates>-122.254420,37.889952,4 -122.254283,37.889952,4 -122.254283,37.890060,4 -122.254420,37.890060,4 -122.254420,37.889952,4</coordinates></LinearRing></outerBoundaryIs></Polygon></Placemark>
  <Placemark><name>ADU</name><styleUrl>#lab0</styleUrl><Region><LatLonAltBox><west>-122.254420</west><east>-122.254283</east><south>37.889952</south><north>37.890060</north></LatLonAltBox><Lod><minLodPixels>700</minLodPixels><maxLodPixels>-1</maxLodPixels></Lod></Region><Point><altitudeMode>relativeToGround</altitudeMode><coordinates>-122.254365,37.889995,4.0</coordinates></Point></Placemark>
  <Placemark><styleUrl>#poly0</styleUrl><Polygon><extrude>1</extrude><altitudeMode>relativeToGround</altitudeMode><outerBoundaryIs><LinearRing><coordinates>-122.280121,37.878342,4 -122.279985,37.878342,4 -122.279985,37.878450,4 -122.280121,37.878450,4 -122.280121,37.878342,4</coordinates></LinearRing></outerBoundaryIs></Polygon></Placemark>
  <Placemark><name>ADU</name><styleUrl>#lab0</styleUrl><Region><LatLonAltBox><west>-122.280121</west><east>-122.279985</east><south>37.878342</south><north>37.878450</north></LatLonAltBox><Lod><minLodPixels>700</minLodPixels><maxLodPixels>-1</maxLodPixels></Lod></Region><Point><altitudeMode>relativeToGround</altitudeMode><coordinates>-122.280067,37.878385,4.0</coordinates></Point></Placemark>
  <Placemark><styleUrl>#poly0</styleUrl><Polygon><extrude>1</extrude><altitudeMode>relativeToGround</altitudeMode><outerBoundaryIs><LinearRing><coordinates>-122.285958,37.893925,4 -122.285821,37.893925,4 -122.285821,37.894033,4 -122.285958,37.894033,4 -122.285958,37.893925,4</coordinates></LinearRing></outerBoundaryIs></Polygon></Placemark>
  <Placemark><name>ADU</name><styleUrl>#lab0</styleUrl><Region><LatLonAltBox><west>-122.285958</west><east>-122.285821</east><south>37.893925</south><north>37.894033</north></LatLonAltBox><Lod><minLodPixels>700</minLodPixels><maxLodPixels>-1</maxLodPixels></Lod></Region><Point><altitudeMode>relativeToGround</altitudeMode><coordinates>-122.285903,37.893968,4.0</coordinates></Point></Placemark>
  <Placemark><styleUrl>#poly0</styleUrl><Polygon><extrude>1</extrude><altitudeMode>relativeToGround</altitudeMode><outerBoundaryIs><LinearRing><coordinates>-122.243078,37.856110,4 -122.242942,37.856110,4 -122.242942,37.856218,4 -122.243078,37.856218,4 -122.243078,37.856110,4</coordinates></LinearRing></outerBoundaryIs></Polygon></Placemark>
  <Placemark><name>ADU</name><styleUrl>#lab0</styleUrl><Region><LatLonAltBox><west>-122.243078</west><east>-122.242942</east><south>37.856110</south><north>37.856218</north></LatLonAltBox><Lod><minLodPixels>700</minLodPixels><maxLodPixels>-1</maxLodPixels></Lod></Region><Point><altitudeMode>relativeToGround</altitudeMode><coordinates>-122.243024,37.856153,4.0</coordinates></Point></Placemark>
  <Placemark><styleUrl>#poly0</styleUrl><Polygon><extrude>1</extrude><altitudeMode>relativeToGround</altitudeMode><outerBoundaryIs><LinearRing><coordinates>-122.293766,37.881611,4 -122.293630,37.881611,4 -122.293630,37.881719,4 -122.293766,37.881719,4 -122.293766,37.881611,4</coordinates></LinearRing></outerBoundaryIs></Polygon></Placemark>
  <Placemark><name>ADU</name><styleUrl>#lab0</styleUrl><Region><LatLonAltBox><west>-122.293766</west><east>-122.293630</east><south>37.881611</south><north>37.881719</north></LatLonAltBox><Lod><minLodPixels>700</minLodPixels><maxLodPixels>-1</maxLodPixels></Lod></Region><Point><altitudeMode>relativeToGround</altitudeMode><coordinates>-122.293712,37.881654,4.0</coordinates></Point></Placemark>
  <Placemark><styleUrl>#poly0</styleUrl><Polygon><extrude>1</extrude><altitudeMode>relativeToGround</altitudeMode><outerBoundaryIs><LinearRing><coordinates>-122.269667,37.847356,4 -122.269531,37.847356,4 -122.269531,37.847464,4 -122.269667,37.847464,4 -122.269667,37.847356,4</coordinates></LinearRing></outerBoundaryIs></Polygon></Placemark>
  <Placemark><name>ADU</name><styleUrl>#lab0</styleUrl><Region><LatLonAltBox><west>-122.269667</west><east>-122.269531</east><south>37.847356</south><north>37.847464</north></LatLonAltBox><Lod><minLodPixels>700</minLodPixels><maxLodPixels>-1</maxLodPixels></Lod></Region><Point><altitudeMode>relativeToGround</altitudeMode><coordinates>-122.269613,37.847399,4.0</coordinates></Point></Placemark>
  <Placemark><styleUrl>#poly0</styleUrl><Polygon><extrude>1</extrude><altitudeMode>relativeToGround</altitudeMode><outerBoundaryIs><LinearRing><coordinates>-122.276836,37.855985,4 -122.276700,37.855985,4 -122.276700,37.856093,4 -122.276836,37.856093,4 -122.276836,37.855985,4</coordinates></LinearRing></outerBoundaryIs></Polygon></Placemark>
  <Placemark><name>ADU</name><styleUrl>#lab0</styleUrl><Region><LatLonAltBox><west>-122.276836</west><east>-122.276700</east><south>37.855985</south><north>37.856093</north></LatLonAltBox><Lod><minLodPixels>700</minLodPixels><maxLodPixels>-1</maxLodPixels></Lod></Region><Point><altitudeMode>relativeToGround</altitudeMode><coordinates>-122.276782,37.856028,4.0</coordinates></Point></Placemark>
  <Placemark><styleUrl>#poly0</styleUrl><Polygon><extrude>1</extrude><altitudeMode>relativeToGround</altitudeMode><outerBoundaryIs><LinearRing><coordinates>-122.282257,37.865143,4 -122.282120,37.865143,4 -122.282120,37.865251,4 -122.282257,37.865251,4 -122.282257,37.865143,4</coordinates></LinearRing></outerBoundaryIs></Polygon></Placemark>
  <Placemark><name>ADU</name><styleUrl>#lab0</styleUrl><Region><LatLonAltBox><west>-122.282257</west><east>-122.282120</east><south>37.865143</south><north>37.865251</north></LatLonAltBox><Lod><minLodPixels>700</minLodPixels><maxLodPixels>-1</maxLodPixels></Lod></Region><Point><altitudeMode>relativeToGround</altitudeMode><coordinates>-122.282202,37.865186,4.0</coordinates></Point></Placemark>
  <Placemark><styleUrl>#poly0</styleUrl><Polygon><extrude>1</extrude><altitudeMode>relativeToGround</altitudeMode><outerBoundaryIs><LinearRing><coordinates>-122.276849,37.887987,4 -122.276713,37.887987,4 -122.276713,37.888095,4 -122.276849,37.888095,4 -122.276849,37.887987,4</coordinates></LinearRing></outerBoundaryIs></Polygon></Placemark>
  <Placemark><name>ADU</name><styleUrl>#lab0</styleUrl><Region><LatLonAltBox><west>-122.276849</west><east>-122.276713</east><south>37.887987</south><north>37.888095</north></LatLonAltBox><Lod><minLodPixels>700</minLodPixels><maxLodPixels>-1</maxLodPixels></Lod></Region><Point><altitudeMode>relativeToGround</altitudeMode><coordinates>-122.276795,37.888030,4.0</coordinates></Point></Placemark>
  <Placemark><styleUrl>#poly0</styleUrl><Polygon><extrude>1</extrude><altitudeMode>relativeToGround</altitudeMode><outerBoundaryIs><LinearRing><coordinates>-122.294010,37.878640,4 -122.293873,37.878640,4 -122.293873,37.878747,4 -122.294010,37.878747,4 -122.294010,37.878640,4</coordinates></LinearRing></outerBoundaryIs></Polygon></Placemark>
  <Placemark><name>ADU</name><styleUrl>#lab0</styleUrl><Region><LatLonAltBox><west>-122.294010</west><east>-122.293873</east><south>37.878640</south><north>37.878747</north></LatLonAltBox><Lod><minLodPixels>700</minLodPixels><maxLodPixels>-1</maxLodPixels></Lod></Region><Point><altitudeMode>relativeToGround</altitudeMode><coordinates>-122.293955,37.878683,4.0</coordinates></Point></Placemark>
  <Placemark><styleUrl>#poly0</styleUrl><Polygon><extrude>1</extrude><altitudeMode>relativeToGround</altitudeMode><outerBoundaryIs><LinearRing><coordinates>-122.264685,37.857549,4 -122.264549,37.857549,4 -122.264549,37.857657,4 -122.264685,37.857657,4 -122.264685,37.857549,4</coordinates></LinearRing></outerBoundaryIs></Polygon></Placemark>
  <Placemark><name>ADU</name><styleUrl>#lab0</styleUrl><Region><LatLonAltBox><west>-122.264685</west><east>-122.264549</east><south>37.857549</south><north>37.857657</north></LatLonAltBox><Lod><minLodPixels>700</minLodPixels><maxLodPixels>-1</maxLodPixels></Lod></Region><Point><altitudeMode>relativeToGround</altitudeMode><coordinates>-122.264631,37.857592,4.0</coordinates></Point></Placemark>
  <Placemark><styleUrl>#poly0</styleUrl><Polygon><extrude>1</extrude><altitudeMode>relativeToGround</altitudeMode><outerBoundaryIs><LinearRing><coordinates>-122.295278,37.880851,4 -122.295142,37.880851,4 -122.295142,37.880958,4 -122.295278,37.880958,4 -122.295278,37.880851,4</coordinates></LinearRing></outerBoundaryIs></Polygon></Placemark>
  <Placemark><name>ADU</name><styleUrl>#lab0</styleUrl><Region><LatLonAltBox><west>-122.295278</west><east>-122.295142</east><south>37.880851</south><north>37.880958</north></LatLonAltBox><Lod><minLodPixels>700</minLodPixels><maxLodPixels>-1</maxLodPixels></Lod></Region><Point><altitudeMode>relativeToGround</altitudeMode><coordinates>-122.295224,37.880894,4.0</coordinates></Point></Placemark>
  <Placemark><styleUrl>#poly0</styleUrl><Polygon><extrude>1</extrude><altitudeMode>relativeToGround</altitudeMode><outerBoundaryIs><LinearRing><coordinates>-122.269198,37.865843,4 -122.269062,37.865843,4 -122.269062,37.865950,4 -122.269198,37.865950,4 -122.269198,37.865843,4</coordinates></LinearRing></outerBoundaryIs></Polygon></Placemark>
  <Placemark><name>ADU</name><styleUrl>#lab0</styleUrl><Region><LatLonAltBox><west>-122.269198</west><east>-122.269062</east><south>37.865843</south><north>37.865950</north></LatLonAltBox><Lod><minLodPixels>700</minLodPixels><maxLodPixels>-1</maxLodPixels></Lod></Region><Point><altitudeMode>relativeToGround</altitudeMode><coordinates>-122.269144,37.865886,4.0</coordinates></Point></Placemark>
  <Placemark><styleUrl>#poly0</styleUrl><Polygon><extrude>1</extrude><altitudeMode>relativeToGround</altitudeMode><outerBoundaryIs><LinearRing><coordinates>-122.287780,37.872944,4 -122.287644,37.872944,4 -122.287644,37.873052,4 -122.287780,37.873052,4 -122.287780,37.872944,4</coordinates></LinearRing></outerBoundaryIs></Polygon></Placemark>
  <Placemark><name>ADU</name><styleUrl>#lab0</styleUrl><Region><LatLonAltBox><west>-122.287780</west><east>-122.287644</east><south>37.872944</south><north>37.873052</north></LatLonAltBox><Lod><minLodPixels>700</minLodPixels><maxLodPixels>-1</maxLodPixels></Lod></Region><Point><altitudeMode>relativeToGround</altitudeMode><coordinates>-122.287726,37.872987,4.0</coordinates></Point></Placemark>
  <Placemark><styleUrl>#poly0</styleUrl><Polygon><extrude>1</extrude><altitudeMode>relativeToGround</altitudeMode><outerBoundaryIs><LinearRing><coordinates>-122.288973,37.874584,4 -122.288836,37.874584,4 -122.288836,37.874692,4 -122.288973,37.874692,4 -122.288973,37.874584,4</coordinates></LinearRing></outerBoundaryIs></Polygon></Placemark>
  <Placemark><name>ADU</name><styleUrl>#lab0</styleUrl><Region><LatLonAltBox><west>-122.288973</west><east>-122.288836</east><south>37.874584</south><north>37.874692</north></LatLonAltBox><Lod><minLodPixels>700</minLodPixels><maxLodPixels>-1</maxLodPixels></Lod></Region><Point><altitudeMode>relativeToGround</altitudeMode><coordinates>-122.288918,37.874627,4.0</coordinates></Point></Placemark>
  <Placemark><styleUrl>#poly0</styleUrl><Polygon><extrude>1</extrude><altitudeMode>relativeToGround</altitudeMode><outerBoundaryIs><LinearRing><coordinates>-122.281189,37.853707,4 -122.281053,37.853707,4 -122.281053,37.853815,4 -122.281189,37.853815,4 -122.281189,37.853707,4</coordinates></LinearRing></outerBoundaryIs></Polygon></Placemark>
  <Placemark><name>ADU</name><styleUrl>#lab0</styleUrl><Region><LatLonAltBox><west>-122.281189</west><east>-122.281053</east><south>37.853707</south><north>37.853815</north></LatLonAltBox><Lod><minLodPixels>700</minLodPixels><maxLodPixels>-1</maxLodPixels></Lod></Region><Point><altitudeMode>relativeToGround</altitudeMode><coordinates>-122.281135,37.853750,4.0</coordinates></Point></Placemark>
  <Placemark><styleUrl>#poly0</styleUrl><Polygon><extrude>1</extrude><altitudeMode>relativeToGround</altitudeMode><outerBoundaryIs><LinearRing><coordinates>-122.246153,37.858539,4 -122.246017,37.858539,4 -122.246017,37.858647,4 -122.246153,37.858647,4 -122.246153,37.858539,4</coordinates></LinearRing></outerBoundaryIs></Polygon></Placemark>
  <Placemark><name>ADU</name><styleUrl>#lab0</styleUrl><Region><LatLonAltBox><west>-122.246153</west><east>-122.246017</east><south>37.858539</south><north>37.858647</north></LatLonAltBox><Lod><minLodPixels>700</minLodPixels><maxLodPixels>-1</maxLodPixels></Lod></Region><Point><altitudeMode>relativeToGround</altitudeMode><coordinates>-122.246099,37.858582,4.0</coordinates></Point></Placemark>
  <Placemark><styleUrl>#poly0</styleUrl><Polygon><extrude>1</extrude><altitudeMode>relativeToGround</altitudeMode><outerBoundaryIs><LinearRing><coordinates>-122.255310,37.889445,4 -122.255173,37.889445,4 -122.255173,37.889552,4 -122.255310,37.889552,4 -122.255310,37.889445,4</coordinates></LinearRing></outerBoundaryIs></Polygon></Placemark>
  <Placemark><name>ADU</name><styleUrl>#lab0</styleUrl><Region><LatLonAltBox><west>-122.255310</west><east>-122.255173</east><south>37.889445</south><north>37.889552</north></LatLonAltBox><Lod><minLodPixels>700</minLodPixels><maxLodPixels>-1</maxLodPixels></Lod></Region><Point><altitudeMode>relativeToGround</altitudeMode><coordinates>-122.255255,37.889488,4.0</coordinates></Point></Placemark>
  <Placemark><styleUrl>#poly0</styleUrl><Polygon><extrude>1</extrude><altitudeMode>relativeToGround</altitudeMode><outerBoundaryIs><LinearRing><coordinates>-122.249144,37.882162,4 -122.249008,37.882162,4 -122.249008,37.882270,4 -122.249144,37.882270,4 -122.249144,37.882162,4</coordinates></LinearRing></outerBoundaryIs></Polygon></Placemark>
  <Placemark><name>ADU</name><styleUrl>#lab0</styleUrl><Region><LatLonAltBox><west>-122.249144</west><east>-122.249008</east><south>37.882162</south><north>37.882270</north></LatLonAltBox><Lod><minLodPixels>700</minLodPixels><maxLodPixels>-1</maxLodPixels></Lod></Region><Point><altitudeMode>relativeToGround</altitudeMode><coordinates>-122.249090,37.882205,4.0</coordinates></Point></Placemark>
  <Placemark><styleUrl>#poly0</styleUrl><Polygon><extrude>1</extrude><altitudeMode>relativeToGround</altitudeMode><outerBoundaryIs><LinearRing><coordinates>-122.282713,37.880847,4 -122.282577,37.880847,4 -122.282577,37.880955,4 -122.282713,37.880955,4 -122.282713,37.880847,4</coordinates></LinearRing></outerBoundaryIs></Polygon></Placemark>
  <Placemark><name>ADU</name><styleUrl>#lab0</styleUrl><Region><LatLonAltBox><west>-122.282713</west><east>-122.282577</east><south>37.880847</south><north>37.880955</north></LatLonAltBox><Lod><minLodPixels>700</minLodPixels><maxLodPixels>-1</maxLodPixels></Lod></Region><Point><altitudeMode>relativeToGround</altitudeMode><coordinates>-122.282659,37.880890,4.0</coordinates></Point></Placemark>
  <Placemark><styleUrl>#poly0</styleUrl><Polygon><extrude>1</extrude><altitudeMode>relativeToGround</altitudeMode><outerBoundaryIs><LinearRing><coordinates>-122.285991,37.858156,4 -122.285855,37.858156,4 -122.285855,37.858264,4 -122.285991,37.858264,4 -122.285991,37.858156,4</coordinates></LinearRing></outerBoundaryIs></Polygon></Placemark>
  <Placemark><name>ADU</name><styleUrl>#lab0</styleUrl><Region><LatLonAltBox><west>-122.285991</west><east>-122.285855</east><south>37.858156</south><north>37.858264</north></LatLonAltBox><Lod><minLodPixels>700</minLodPixels><maxLodPixels>-1</maxLodPixels></Lod></Region><Point><altitudeMode>relativeToGround</altitudeMode><coordinates>-122.285937,37.858199,4.0</coordinates></Point></Placemark>
  <Placemark><styleUrl>#poly0</styleUrl><Polygon><extrude>1</extrude><altitudeMode>relativeToGround</altitudeMode><outerBoundaryIs><LinearRing><coordinates>-122.279977,37.876352,4 -122.279840,37.876352,4 -122.279840,37.876460,4 -122.279977,37.876460,4 -122.279977,37.876352,4</coordinates></LinearRing></outerBoundaryIs></Polygon></Placemark>
  <Placemark><name>ADU</name><styleUrl>#lab0</styleUrl><Region><LatLonAltBox><west>-122.279977</west><east>-122.279840</east><south>37.876352</south><north>37.876460</north></LatLonAltBox><Lod><minLodPixels>700</minLodPixels><maxLodPixels>-1</maxLodPixels></Lod></Region><Point><altitudeMode>relativeToGround</altitudeMode><coordinates>-122.279922,37.876395,4.0</coordinates></Point></Placemark>
  <Placemark><styleUrl>#poly0</styleUrl><Polygon><extrude>1</extrude><altitudeMode>relativeToGround</altitudeMode><outerBoundaryIs><LinearRing><coordinates>-122.280377,37.847759,4 -122.280240,37.847759,4 -122.280240,37.847867,4 -122.280377,37.847867,4 -122.280377,37.847759,4</coordinates></LinearRing></outerBoundaryIs></Polygon></Placemark>
  <Placemark><name>ADU</name><styleUrl>#lab0</styleUrl><Region><LatLonAltBox><west>-122.280377</west><east>-122.280240</east><south>37.847759</south><north>37.847867</north></LatLonAltBox><Lod><minLodPixels>700</minLodPixels><maxLodPixels>-1</maxLodPixels></Lod></Region><Point><altitudeMode>relativeToGround</altitudeMode><coordinates>-122.280322,37.847802,4.0</coordinates></Point></Placemark>
  <Placemark><styleUrl>#poly0</styleUrl><Polygon><extrude>1</extrude><altitudeMode>relativeToGround</altitudeMode><outerBoundaryIs><LinearRing><coordinates>-122.250097,37.857477,4 -122.249961,37.857477,4 -122.249961,37.857585,4 -122.250097,37.857585,4 -122.250097,37.857477,4</coordinates></LinearRing></outerBoundaryIs></Polygon></Placemark>
  <Placemark><name>ADU</name><styleUrl>#lab0</styleUrl><Region><LatLonAltBox><west>-122.250097</west><east>-122.249961</east><south>37.857477</south><north>37.857585</north></LatLonAltBox><Lod><minLodPixels>700</minLodPixels><maxLodPixels>-1</maxLodPixels></Lod></Region><Point><altitudeMode>relativeToGround</altitudeMode><coordinates>-122.250043,37.857520,4.0</coordinates></Point></Placemark>
  <Placemark><styleUrl>#poly0</styleUrl><Polygon><extrude>1</extrude><altitudeMode>relativeToGround</altitudeMode><outerBoundaryIs><LinearRing><coordinates>-122.273815,37.875370,4 -122.273679,37.875370,4 -122.273679,37.875477,4 -122.273815,37.875477,4 -122.273815,37.875370,4</coordinates></LinearRing></outerBoundaryIs></Polygon></Placemark>
  <Placemark><name>ADU</name><styleUrl>#lab0</styleUrl><Region><LatLonAltBox><west>-122.273815</west><east>-122.273679</east><south>37.875370</south><north>37.875477</north></LatLonAltBox><Lod><minLodPixels>700</minLodPixels><maxLodPixels>-1</maxLodPixels></Lod></Region><Point><altitudeMode>relativeToGround</altitudeMode><coordinates>-122.273761,37.875413,4.0</coordinates></Point></Placemark>
  <Placemark><styleUrl>#poly0</styleUrl><Polygon><extrude>1</extrude><altitudeMode>relativeToGround</altitudeMode><outerBoundaryIs><LinearRing><coordinates>-122.265839,37.874318,4 -122.265703,37.874318,4 -122.265703,37.874426,4 -122.265839,37.874426,4 -122.265839,37.874318,4</coordinates></LinearRing></outerBoundaryIs></Polygon></Placemark>
  <Placemark><name>ADU</name><styleUrl>#lab0</styleUrl><Region><LatLonAltBox><west>-122.265839</west><east>-122.265703</east><south>37.874318</south><north>37.874426</north></LatLonAltBox><Lod><minLodPixels>700</minLodPixels><maxLodPixels>-1</maxLodPixels></Lod></Region><Point><altitudeMode>relativeToGround</altitudeMode><coordinates>-122.265785,37.874361,4.0</coordinates></Point></Placemark>
  <Placemark><styleUrl>#poly0</styleUrl><Polygon><extrude>1</extrude><altitudeMode>relativeToGround</altitudeMode><outerBoundaryIs><LinearRing><coordinates>-122.276217,37.895890,4 -122.276080,37.895890,4 -122.276080,37.895998,4 -122.276217,37.895998,4 -122.276217,37.895890,4</coordinates></LinearRing></outerBoundaryIs></Polygon></Placemark>
  <Placemark><name>ADU</name><styleUrl>#lab0</styleUrl><Region><LatLonAltBox><west>-122.276217</west><east>-122.276080</east><south>37.895890</south><north>37.895998</north></LatLonAltBox><Lod><minLodPixels>700</minLodPixels><maxLodPixels>-1</maxLodPixels></Lod></Region><Point><altitudeMode>relativeToGround</altitudeMode><coordinates>-122.276162,37.895933,4.0</coordinates></Point></Placemark>
  <Placemark><styleUrl>#poly0</styleUrl><Polygon><extrude>1</extrude><altitudeMode>relativeToGround</altitudeMode><outerBoundaryIs><LinearRing><coordinates>-122.257250,37.856670,4 -122.257113,37.856670,4 -122.257113,37.856778,4 -122.257250,37.856778,4 -122.257250,37.856670,4</coordinates></LinearRing></outerBoundaryIs></Polygon></Placemark>
  <Placemark><name>ADU</name><styleUrl>#lab0</styleUrl><Region><LatLonAltBox><west>-122.257250</west><east>-122.257113</east><south>37.856670</south><north>37.856778</north></LatLonAltBox><Lod><minLodPixels>700</minLodPixels><maxLodPixels>-1</maxLodPixels></Lod></Region><Point><altitudeMode>relativeToGround</altitudeMode><coordinates>-122.257195,37.856713,4.0</coordinates></Point></Placemark>
  <Placemark><styleUrl>#poly0</styleUrl><Polygon><extrude>1</extrude><altitudeMode>relativeToGround</altitudeMode><outerBoundaryIs><LinearRing><coordinates>-122.267755,37.882789,4 -122.267619,37.882789,4 -122.267619,37.882896,4 -122.267755,37.882896,4 -122.267755,37.882789,4</coordinates></LinearRing></outerBoundaryIs></Polygon></Placemark>
  <Placemark><name>ADU</name><styleUrl>#lab0</styleUrl><Region><LatLonAltBox><west>-122.267755</west><east>-122.267619</east><south>37.882789</south><north>37.882896</north></LatLonAltBox><Lod><minLodPixels>700</minLodPixels><maxLodPixels>-1</maxLodPixels></Lod></Region><Point><altitudeMode>relativeToGround</altitudeMode><coordinates>-122.267701,37.882832,4.0</coordinates></Point></Placemark>
  <Placemark><styleUrl>#poly0</styleUrl><Polygon><extrude>1</extrude><altitudeMode>relativeToGround</altitudeMode><outerBoundaryIs><LinearRing><coordinates>-122.266037,37.878241,4 -122.265900,37.878241,4 -122.265900,37.878349,4 -122.266037,37.878349,4 -122.266037,37.878241,4</coordinates></LinearRing></outerBoundaryIs></Polygon></Placemark>
  <Placemark><name>ADU</name><styleUrl>#lab0</styleUrl><Region><LatLonAltBox><west>-122.266037</west><east>-122.265900</east><south>37.878241</south><north>37.878349</north></LatLonAltBox><Lod><minLodPixels>700</minLodPixels><maxLodPixels>-1</maxLodPixels></Lod></Region><Point><altitudeMode>relativeToGround</altitudeMode><coordinates>-122.265982,37.878284,4.0</coordinates></Point></Placemark>
  <Placemark><styleUrl>#poly0</styleUrl><Polygon><extrude>1</extrude><altitudeMode>relativeToGround</altitudeMode><outerBoundaryIs><LinearRing><coordinates>-122.272533,37.853808,4 -122.272396,37.853808,4 -122.272396,37.853916,4 -122.272533,37.853916,4 -122.272533,37.853808,4</coordinates></LinearRing></outerBoundaryIs></Polygon></Placemark>
  <Placemark><name>ADU</name><styleUrl>#lab0</styleUrl><Region><LatLonAltBox><west>-122.272533</west><east>-122.272396</east><south>37.853808</south><north>37.853916</north></LatLonAltBox><Lod><minLodPixels>700</minLodPixels><maxLodPixels>-1</maxLodPixels></Lod></Region><Point><altitudeMode>relativeToGround</altitudeMode><coordinates>-122.272478,37.853851,4.0</coordinates></Point></Placemark>
  <Placemark><styleUrl>#poly0</styleUrl><Polygon><extrude>1</extrude><altitudeMode>relativeToGround</altitudeMode><outerBoundaryIs><LinearRing><coordinates>-122.291507,37.882047,4 -122.291370,37.882047,4 -122.291370,37.882155,4 -122.291507,37.882155,4 -122.291507,37.882047,4</coordinates></LinearRing></outerBoundaryIs></Polygon></Placemark>
  <Placemark><name>ADU</name><styleUrl>#lab0</styleUrl><Region><LatLonAltBox><west>-122.291507</west><east>-122.291370</east><south>37.882047</south><north>37.882155</north></LatLonAltBox><Lod><minLodPixels>700</minLodPixels><maxLodPixels>-1</maxLodPixels></Lod></Region><Point><altitudeMode>relativeToGround</altitudeMode><coordinates>-122.291452,37.882090,4.0</coordinates></Point></Placemark>
  <Placemark><styleUrl>#poly0</styleUrl><Polygon><extrude>1</extrude><altitudeMode>relativeToGround</altitudeMode><outerBoundaryIs><LinearRing><coordinates>-122.249908,37.883545,4 -122.249772,37.883545,4 -122.249772,37.883653,4 -122.249908,37.883653,4 -122.249908,37.883545,4</coordinates></LinearRing></outerBoundaryIs></Polygon></Placemark>
  <Placemark><name>ADU</name><styleUrl>#lab0</styleUrl><Region><LatLonAltBox><west>-122.249908</west><east>-122.249772</east><south>37.883545</south><north>37.883653</north></LatLonAltBox><Lod><minLodPixels>700</minLodPixels><maxLodPixels>-1</maxLodPixels></Lod></Region><Point><altitudeMode>relativeToGround</altitudeMode><coordinates>-122.249854,37.883588,4.0</coordinates></Point></Placemark>
  <Placemark><styleUrl>#poly0</styleUrl><Polygon><extrude>1</extrude><altitudeMode>relativeToGround</altitudeMode><outerBoundaryIs><LinearRing><coordinates>-122.251087,37.856071,4 -122.250950,37.856071,4 -122.250950,37.856179,4 -122.251087,37.856179,4 -122.251087,37.856071,4</coordinates></LinearRing></outerBoundaryIs></Polygon></Placemark>
  <Placemark><name>ADU</name><styleUrl>#lab0</styleUrl><Region><LatLonAltBox><west>-122.251087</west><east>-122.250950</east><south>37.856071</south><north>37.856179</north></LatLonAltBox><Lod><minLodPixels>700</minLodPixels><maxLodPixels>-1</maxLodPixels></Lod></Region><Point><altitudeMode>relativeToGround</altitudeMode><coordinates>-122.251032,37.856114,4.0</coordinates></Point></Placemark>
  <Placemark><styleUrl>#poly0</styleUrl><Polygon><extrude>1</extrude><altitudeMode>relativeToGround</altitudeMode><outerBoundaryIs><LinearRing><coordinates>-122.284541,37.859610,4 -122.284405,37.859610,4 -122.284405,37.859717,4 -122.284541,37.859717,4 -122.284541,37.859610,4</coordinates></LinearRing></outerBoundaryIs></Polygon></Placemark>
  <Placemark><name>ADU</name><styleUrl>#lab0</styleUrl><Region><LatLonAltBox><west>-122.284541</west><east>-122.284405</east><south>37.859610</south><north>37.859717</north></LatLonAltBox><Lod><minLodPixels>700</minLodPixels><maxLodPixels>-1</maxLodPixels></Lod></Region><Point><altitudeMode>relativeToGround</altitudeMode><coordinates>-122.284487,37.859653,4.0</coordinates></Point></Placemark>
  <Placemark><styleUrl>#poly0</styleUrl><Polygon><extrude>1</extrude><altitudeMode>relativeToGround</altitudeMode><outerBoundaryIs><LinearRing><coordinates>-122.287964,37.859174,4 -122.287827,37.859174,4 -122.287827,37.859281,4 -122.287964,37.859281,4 -122.287964,37.859174,4</coordinates></LinearRing></outerBoundaryIs></Polygon></Placemark>
  <Placemark><name>ADU</name><styleUrl>#lab0</styleUrl><Region><LatLonAltBox><west>-122.287964</west><east>-122.287827</east><south>37.859174</south><north>37.859281</north></LatLonAltBox><Lod><minLodPixels>700</minLodPixels><maxLodPixels>-1</maxLodPixels></Lod></Region><Point><altitudeMode>relativeToGround</altitudeMode><coordinates>-122.287909,37.859217,4.0</coordinates></Point></Placemark>
  <Placemark><styleUrl>#poly0</styleUrl><Polygon><extrude>1</extrude><altitudeMode>relativeToGround</altitudeMode><outerBoundaryIs><LinearRing><coordinates>-122.294600,37.864206,4 -122.294464,37.864206,4 -122.294464,37.864314,4 -122.294600,37.864314,4 -122.294600,37.864206,4</coordinates></LinearRing></outerBoundaryIs></Polygon></Placemark>
  <Placemark><name>ADU</name><styleUrl>#lab0</styleUrl><Region><LatLonAltBox><west>-122.294600</west><east>-122.294464</east><south>37.864206</south><north>37.864314</north></LatLonAltBox><Lod><minLodPixels>700</minLodPixels><maxLodPixels>-1</maxLodPixels></Lod></Region><Point><altitudeMode>relativeToGround</altitudeMode><coordinates>-122.294546,37.864249,4.0</coordinates></Point></Placemark>
  <Placemark><styleUrl>#poly0</styleUrl><Polygon><extrude>1</extrude><altitudeMode>relativeToGround</altitudeMode><outerBoundaryIs><LinearRing><coordinates>-122.251373,37.853495,4 -122.251236,37.853495,4 -122.251236,37.853602,4 -122.251373,37.853602,4 -122.251373,37.853495,4</coordinates></LinearRing></outerBoundaryIs></Polygon></Placemark>
  <Placemark><name>ADU</name><styleUrl>#lab0</styleUrl><Region><LatLonAltBox><west>-122.251373</west><east>-122.251236</east><south>37.853495</south><north>37.853602</north></LatLonAltBox><Lod><minLodPixels>700</minLodPixels><maxLodPixels>-1</maxLodPixels></Lod></Region><Point><altitudeMode>relativeToGround</altitudeMode><coordinates>-122.251318,37.853538,4.0</coordinates></Point></Placemark>
  <Placemark><styleUrl>#poly0</styleUrl><Polygon><extrude>1</extrude><altitudeMode>relativeToGround</altitudeMode><outerBoundaryIs><LinearRing><coordinates>-122.286098,37.894893,4 -122.285961,37.894893,4 -122.285961,37.895001,4 -122.286098,37.895001,4 -122.286098,37.894893,4</coordinates></LinearRing></outerBoundaryIs></Polygon></Placemark>
  <Placemark><name>ADU</name><styleUrl>#lab0</styleUrl><Region><LatLonAltBox><west>-122.286098</west><east>-122.285961</east><south>37.894893</south><north>37.895001</north></LatLonAltBox><Lod><minLodPixels>700</minLodPixels><maxLodPixels>-1</maxLodPixels></Lod></Region><Point><altitudeMode>relativeToGround</altitudeMode><coordinates>-122.286043,37.894936,4.0</coordinates></Point></Placemark>
  <Placemark><styleUrl>#poly0</styleUrl><Polygon><extrude>1</extrude><altitudeMode>relativeToGround</altitudeMode><outerBoundaryIs><LinearRing><coordinates>-122.251074,37.853076,4 -122.250937,37.853076,4 -122.250937,37.853184,4 -122.251074,37.853184,4 -122.251074,37.853076,4</coordinates></LinearRing></outerBoundaryIs></Polygon></Placemark>
  <Placemark><name>ADU</name><styleUrl>#lab0</styleUrl><Region><LatLonAltBox><west>-122.251074</west><east>-122.250937</east><south>37.853076</south><north>37.853184</north></LatLonAltBox><Lod><minLodPixels>700</minLodPixels><maxLodPixels>-1</maxLodPixels></Lod></Region><Point><altitudeMode>relativeToGround</altitudeMode><coordinates>-122.251019,37.853119,4.0</coordinates></Point></Placemark>
  <Placemark><styleUrl>#poly0</styleUrl><Polygon><extrude>1</extrude><altitudeMode>relativeToGround</altitudeMode><outerBoundaryIs><LinearRing><coordinates>-122.282120,37.878632,4 -122.281984,37.878632,4 -122.281984,37.878740,4 -122.282120,37.878740,4 -122.282120,37.878632,4</coordinates></LinearRing></outerBoundaryIs></Polygon></Placemark>
  <Placemark><name>ADU</name><styleUrl>#lab0</styleUrl><Region><LatLonAltBox><west>-122.282120</west><east>-122.281984</east><south>37.878632</south><north>37.878740</north></LatLonAltBox><Lod><minLodPixels>700</minLodPixels><maxLodPixels>-1</maxLodPixels></Lod></Region><Point><altitudeMode>relativeToGround</altitudeMode><coordinates>-122.282066,37.878675,4.0</coordinates></Point></Placemark>
  <Placemark><styleUrl>#poly0</styleUrl><Polygon><extrude>1</extrude><altitudeMode>relativeToGround</altitudeMode><outerBoundaryIs><LinearRing><coordinates>-122.285584,37.858209,4 -122.285447,37.858209,4 -122.285447,37.858317,4 -122.285584,37.858317,4 -122.285584,37.858209,4</coordinates></LinearRing></outerBoundaryIs></Polygon></Placemark>
  <Placemark><name>ADU</name><styleUrl>#lab0</styleUrl><Region><LatLonAltBox><west>-122.285584</west><east>-122.285447</east><south>37.858209</south><north>37.858317</north></LatLonAltBox><Lod><minLodPixels>700</minLodPixels><maxLodPixels>-1</maxLodPixels></Lod></Region><Point><altitudeMode>relativeToGround</altitudeMode><coordinates>-122.285529,37.858252,4.0</coordinates></Point></Placemark>
  <Placemark><styleUrl>#poly0</styleUrl><Polygon><extrude>1</extrude><altitudeMode>relativeToGround</altitudeMode><outerBoundaryIs><LinearRing><coordinates>-122.264485,37.882782,4 -122.264349,37.882782,4 -122.264349,37.882889,4 -122.264485,37.882889,4 -122.264485,37.882782,4</coordinates></LinearRing></outerBoundaryIs></Polygon></Placemark>
  <Placemark><name>ADU</name><styleUrl>#lab0</styleUrl><Region><LatLonAltBox><west>-122.264485</west><east>-122.264349</east><south>37.882782</south><north>37.882889</north></LatLonAltBox><Lod><minLodPixels>700</minLodPixels><maxLodPixels>-1</maxLodPixels></Lod></Region><Point><altitudeMode>relativeToGround</altitudeMode><coordinates>-122.264431,37.882825,4.0</coordinates></Point></Placemark>
  <Placemark><styleUrl>#poly0</styleUrl><Polygon><extrude>1</extrude><altitudeMode>relativeToGround</altitudeMode><outerBoundaryIs><LinearRing><coordinates>-122.253845,37.861148,4 -122.253709,37.861148,4 -122.253709,37.861256,4 -122.253845,37.861256,4 -122.253845,37.861148,4</coordinates></LinearRing></outerBoundaryIs></Polygon></Placemark>
  <Placemark><name>ADU</name><styleUrl>#lab0</styleUrl><Region><LatLonAltBox><west>-122.253845</west><east>-122.253709</east><south>37.861148</south><north>37.861256</north></LatLonAltBox><Lod><minLodPixels>700</minLodPixels><maxLodPixels>-1</maxLodPixels></Lod></Region><Point><altitudeMode>relativeToGround</altitudeMode><coordinates>-122.253791,37.861191,4.0</coordinates></Point></Placemark>
  <Placemark><styleUrl>#poly0</styleUrl><Polygon><extrude>1</extrude><altitudeMode>relativeToGround</altitudeMode><outerBoundaryIs><LinearRing><coordinates>-122.293764,37.865169,4 -122.293628,37.865169,4 -122.293628,37.865277,4 -122.293764,37.865277,4 -122.293764,37.865169,4</coordinates></LinearRing></outerBoundaryIs></Polygon></Placemark>
  <Placemark><name>ADU</name><styleUrl>#lab0</styleUrl><Region><LatLonAltBox><west>-122.293764</west><east>-122.293628</east><south>37.865169</south><north>37.865277</north></LatLonAltBox><Lod><minLodPixels>700</minLodPixels><maxLodPixels>-1</maxLodPixels></Lod></Region><Point><altitudeMode>relativeToGround</altitudeMode><coordinates>-122.293710,37.865212,4.0</coordinates></Point></Placemark>
  <Placemark><styleUrl>#poly0</styleUrl><Polygon><extrude>1</extrude><altitudeMode>relativeToGround</altitudeMode><outerBoundaryIs><LinearRing><coordinates>-122.271660,37.886742,4 -122.271523,37.886742,4 -122.271523,37.886849,4 -122.271660,37.886849,4 -122.271660,37.886742,4</coordinates></LinearRing></outerBoundaryIs></Polygon></Placemark>
  <Placemark><name>ADU</name><styleUrl>#lab0</styleUrl><Region><LatLonAltBox><west>-122.271660</west><east>-122.271523</east><south>37.886742</south><north>37.886849</north></LatLonAltBox><Lod><minLodPixels>700</minLodPixels><maxLodPixels>-1</maxLodPixels></Lod></Region><Point><altitudeMode>relativeToGround</altitudeMode><coordinates>-122.271605,37.886785,4.0</coordinates></Point></Placemark>
  <Placemark><styleUrl>#poly0</styleUrl><Polygon><extrude>1</extrude><altitudeMode>relativeToGround</altitudeMode><outerBoundaryIs><LinearRing><coordinates>-122.289890,37.880395,4 -122.289754,37.880395,4 -122.289754,37.880503,4 -122.289890,37.880503,4 -122.289890,37.880395,4</coordinates></LinearRing></outerBoundaryIs></Polygon></Placemark>
  <Placemark><name>ADU</name><styleUrl>#lab0</styleUrl><Region><LatLonAltBox><west>-122.289890</west><east>-122.289754</east><south>37.880395</south><north>37.880503</north></LatLonAltBox><Lod><minLodPixels>700</minLodPixels><maxLodPixels>-1</maxLodPixels></Lod></Region><Point><altitudeMode>relativeToGround</altitudeMode><coordinates>-122.289836,37.880438,4.0</coordinates></Point></Placemark>
  <Placemark><styleUrl>#poly0</styleUrl><Polygon><extrude>1</extrude><altitudeMode>relativeToGround</altitudeMode><outerBoundaryIs><LinearRing><coordinates>-122.285224,37.860923,4 -122.285088,37.860923,4 -122.285088,37.861031,4 -122.285224,37.861031,4 -122.285224,37.860923,4</coordinates></LinearRing></outerBoundaryIs></Polygon></Placemark>
  <Placemark><name>ADU</name><styleUrl>#lab0</styleUrl><Region><LatLonAltBox><west>-122.285224</west><east>-122.285088</east><south>37.860923</south><north>37.861031</north></LatLonAltBox><Lod><minLodPixels>700</minLodPixels><maxLodPixels>-1</maxLodPixels></Lod></Region><Point><altitudeMode>relativeToGround</altitudeMode><coordinates>-122.285170,37.860966,4.0</coordinates></Point></Placemark>
  <Placemark><styleUrl>#poly0</styleUrl><Polygon><extrude>1</extrude><altitudeMode>relativeToGround</altitudeMode><outerBoundaryIs><LinearRing><coordinates>-122.285851,37.870863,4 -122.285714,37.870863,4 -122.285714,37.870971,4 -122.285851,37.870971,4 -122.285851,37.870863,4</coordinates></LinearRing></outerBoundaryIs></Polygon></Placemark>
  <Placemark><name>ADU</name><styleUrl>#lab0</styleUrl><Region><LatLonAltBox><west>-122.285851</west><east>-122.285714</east><south>37.870863</south><north>37.870971</north></LatLonAltBox><Lod><minLodPixels>700</minLodPixels><maxLodPixels>-1</maxLodPixels></Lod></Region><Point><altitudeMode>relativeToGround</altitudeMode><coordinates>-122.285796,37.870906,4.0</coordinates></Point></Placemark>
  <Placemark><styleUrl>#poly0</styleUrl><Polygon><extrude>1</extrude><altitudeMode>relativeToGround</altitudeMode><outerBoundaryIs><LinearRing><coordinates>-122.281462,37.883348,4 -122.281326,37.883348,4 -122.281326,37.883455,4 -122.281462,37.883455,4 -122.281462,37.883348,4</coordinates></LinearRing></outerBoundaryIs></Polygon></Placemark>
  <Placemark><name>ADU</name><styleUrl>#lab0</styleUrl><Region><LatLonAltBox><west>-122.281462</west><east>-122.281326</east><south>37.883348</south><north>37.883455</north></LatLonAltBox><Lod><minLodPixels>700</minLodPixels><maxLodPixels>-1</maxLodPixels></Lod></Region><Point><altitudeMode>relativeToGround</altitudeMode><coordinates>-122.281408,37.883391,4.0</coordinates></Point></Placemark>
  <Placemark><styleUrl>#poly0</styleUrl><Polygon><extrude>1</extrude><altitudeMode>relativeToGround</altitudeMode><outerBoundaryIs><LinearRing><coordinates>-122.254233,37.854939,4 -122.254097,37.854939,4 -122.254097,37.855047,4 -122.254233,37.855047,4 -122.254233,37.854939,4</coordinates></LinearRing></outerBoundaryIs></Polygon></Placemark>
  <Placemark><name>ADU</name><styleUrl>#lab0</styleUrl><Region><LatLonAltBox><west>-122.254233</west><east>-122.254097</east><south>37.854939</south><north>37.855047</north></LatLonAltBox><Lod><minLodPixels>700</minLodPixels><maxLodPixels>-1</maxLodPixels></Lod></Region><Point><altitudeMode>relativeToGround</altitudeMode><coordinates>-122.254179,37.854982,4.0</coordinates></Point></Placemark>
  <Placemark><styleUrl>#poly0</styleUrl><Polygon><extrude>1</extrude><altitudeMode>relativeToGround</altitudeMode><outerBoundaryIs><LinearRing><coordinates>-122.275359,37.852493,4 -122.275223,37.852493,4 -122.275223,37.852600,4 -122.275359,37.852600,4 -122.275359,37.852493,4</coordinates></LinearRing></outerBoundaryIs></Polygon></Placemark>
  <Placemark><name>ADU</name><styleUrl>#lab0</styleUrl><Region><LatLonAltBox><west>-122.275359</west><east>-122.275223</east><south>37.852493</south><north>37.852600</north></LatLonAltBox><Lod><minLodPixels>700</minLodPixels><maxLodPixels>-1</maxLodPixels></Lod></Region><Point><altitudeMode>relativeToGround</altitudeMode><coordinates>-122.275305,37.852536,4.0</coordinates></Point></Placemark>
  <Placemark><styleUrl>#poly0</styleUrl><Polygon><extrude>1</extrude><altitudeMode>relativeToGround</altitudeMode><outerBoundaryIs><LinearRing><coordinates>-122.292783,37.862034,4 -122.292646,37.862034,4 -122.292646,37.862142,4 -122.292783,37.862142,4 -122.292783,37.862034,4</coordinates></LinearRing></outerBoundaryIs></Polygon></Placemark>
  <Placemark><name>ADU</name><styleUrl>#lab0</styleUrl><Region><LatLonAltBox><west>-122.292783</west><east>-122.292646</east><south>37.862034</south><north>37.862142</north></LatLonAltBox><Lod><minLodPixels>700</minLodPixels><maxLodPixels>-1</maxLodPixels></Lod></Region><Point><altitudeMode>relativeToGround</altitudeMode><coordinates>-122.292728,37.862077,4.0</coordinates></Point></Placemark>
  <Placemark><styleUrl>#poly0</styleUrl><Polygon><extrude>1</extrude><altitudeMode>relativeToGround</altitudeMode><outerBoundaryIs><LinearRing><coordinates>-122.279560,37.876711,4 -122.279423,37.876711,4 -122.279423,37.876819,4 -122.279560,37.876819,4 -122.279560,37.876711,4</coordinates></LinearRing></outerBoundaryIs></Polygon></Placemark>
  <Placemark><name>ADU</name><styleUrl>#lab0</styleUrl><Region><LatLonAltBox><west>-122.279560</west><east>-122.279423</east><south>37.876711</south><north>37.876819</north></LatLonAltBox><Lod><minLodPixels>700</minLodPixels><maxLodPixels>-1</maxLodPixels></Lod></Region><Point><altitudeMode>relativeToGround</altitudeMode><coordinates>-122.279505,37.876754,4.0</coordinates></Point></Placemark>
  <Placemark><styleUrl>#poly0</styleUrl><Polygon><extrude>1</extrude><altitudeMode>relativeToGround</altitudeMode><outerBoundaryIs><LinearRing><coordinates>-122.262863,37.880696,4 -122.262727,37.880696,4 -122.262727,37.880804,4 -122.262863,37.880804,4 -122.262863,37.880696,4</coordinates></LinearRing></outerBoundaryIs></Polygon></Placemark>
  <Placemark><name>ADU</name><styleUrl>#lab0</styleUrl><Region><LatLonAltBox><west>-122.262863</west><east>-122.262727</east><south>37.880696</south><north>37.880804</north></LatLonAltBox><Lod><minLodPixels>700</minLodPixels><maxLodPixels>-1</maxLodPixels></Lod></Region><Point><altitudeMode>relativeToGround</altitudeMode><coordinates>-122.262809,37.880739,4.0</coordinates></Point></Placemark>
  <Placemark><styleUrl>#poly0</styleUrl><Polygon><extrude>1</extrude><altitudeMode>relativeToGround</altitudeMode><outerBoundaryIs><LinearRing><coordinates>-122.260712,37.862253,4 -122.260575,37.862253,4 -122.260575,37.862361,4 -122.260712,37.862361,4 -122.260712,37.862253,4</coordinates></LinearRing></outerBoundaryIs></Polygon></Placemark>
  <Placemark><name>ADU</name><styleUrl>#lab0</styleUrl><Region><LatLonAltBox><west>-122.260712</west><east>-122.260575</east><south>37.862253</south><north>37.862361</north></LatLonAltBox><Lod><minLodPixels>700</minLodPixels><maxLodPixels>-1</maxLodPixels></Lod></Region><Point><altitudeMode>relativeToGround</altitudeMode><coordinates>-122.260657,37.862296,4.0</coordinates></Point></Placemark>
  <Placemark><styleUrl>#poly0</styleUrl><Polygon><extrude>1</extrude><altitudeMode>relativeToGround</altitudeMode><outerBoundaryIs><LinearRing><coordinates>-122.285095,37.850931,4 -122.284959,37.850931,4 -122.284959,37.851039,4 -122.285095,37.851039,4 -122.285095,37.850931,4</coordinates></LinearRing></outerBoundaryIs></Polygon></Placemark>
  <Placemark><name>ADU</name><styleUrl>#lab0</styleUrl><Region><LatLonAltBox><west>-122.285095</west><east>-122.284959</east><south>37.850931</south><north>37.851039</north></LatLonAltBox><Lod><minLodPixels>700</minLodPixels><maxLodPixels>-1</maxLodPixels></Lod></Region><Point><altitudeMode>relativeToGround</altitudeMode><coordinates>-122.285041,37.850974,4.0</coordinates></Point></Placemark>
  <Placemark><styleUrl>#poly0</styleUrl><Polygon><extrude>1</extrude><altitudeMode>relativeToGround</altitudeMode><outerBoundaryIs><LinearRing><coordinates>-122.277918,37.862258,4 -122.277781,37.862258,4 -122.277781,37.862366,4 -122.277918,37.862366,4 -122.277918,37.862258,4</coordinates></LinearRing></outerBoundaryIs></Polygon></Placemark>
  <Placemark><name>ADU</name><styleUrl>#lab0</styleUrl><Region><LatLonAltBox><west>-122.277918</west><east>-122.277781</east><south>37.862258</south><north>37.862366</north></LatLonAltBox><Lod><minLodPixels>700</minLodPixels><maxLodPixels>-1</maxLodPixels></Lod></Region><Point><altitudeMode>relativeToGround</altitudeMode><coordinates>-122.277863,37.862301,4.0</coordinates></Point></Placemark>
  <Placemark><styleUrl>#poly0</styleUrl><Polygon><extrude>1</extrude><altitudeMode>relativeToGround</altitudeMode><outerBoundaryIs><LinearRing><coordinates>-122.291067,37.862820,4 -122.290931,37.862820,4 -122.290931,37.862928,4 -122.291067,37.862928,4 -122.291067,37.862820,4</coordinates></LinearRing></outerBoundaryIs></Polygon></Placemark>
  <Placemark><name>ADU</name><styleUrl>#lab0</styleUrl><Region><LatLonAltBox><west>-122.291067</west><east>-122.290931</east><south>37.862820</south><north>37.862928</north></LatLonAltBox><Lod><minLodPixels>700</minLodPixels><maxLodPixels>-1</maxLodPixels></Lod></Region><Point><altitudeMode>relativeToGround</altitudeMode><coordinates>-122.291013,37.862863,4.0</coordinates></Point></Placemark>
  <Placemark><styleUrl>#poly0</styleUrl><Polygon><extrude>1</extrude><altitudeMode>relativeToGround</altitudeMode><outerBoundaryIs><LinearRing><coordinates>-122.279976,37.881011,4 -122.279839,37.881011,4 -122.279839,37.881119,4 -122.279976,37.881119,4 -122.279976,37.881011,4</coordinates></LinearRing></outerBoundaryIs></Polygon></Placemark>
  <Placemark><name>ADU</name><styleUrl>#lab0</styleUrl><Region><LatLonAltBox><west>-122.279976</west><east>-122.279839</east><south>37.881011</south><north>37.881119</north></LatLonAltBox><Lod><minLodPixels>700</minLodPixels><maxLodPixels>-1</maxLodPixels></Lod></Region><Point><altitudeMode>relativeToGround</altitudeMode><coordinates>-122.279921,37.881054,4.0</coordinates></Point></Placemark>
  <Placemark><styleUrl>#poly0</styleUrl><Polygon><extrude>1</extrude><altitudeMode>relativeToGround</altitudeMode><outerBoundaryIs><LinearRing><coordinates>-122.279806,37.862944,4 -122.279670,37.862944,4 -122.279670,37.863052,4 -122.279806,37.863052,4 -122.279806,37.862944,4</coordinates></LinearRing></outerBoundaryIs></Polygon></Placemark>
  <Placemark><name>ADU</name><styleUrl>#lab0</styleUrl><Region><LatLonAltBox><west>-122.279806</west><east>-122.279670</east><south>37.862944</south><north>37.863052</north></LatLonAltBox><Lod><minLodPixels>700</minLodPixels><maxLodPixels>-1</maxLodPixels></Lod></Region><Point><altitudeMode>relativeToGround</altitudeMode><coordinates>-122.279752,37.862987,4.0</coordinates></Point></Placemark>
  <Placemark><styleUrl>#poly0</styleUrl><Polygon><extrude>1</extrude><altitudeMode>relativeToGround</altitudeMode><outerBoundaryIs><LinearRing><coordinates>-122.294108,37.865132,4 -122.293971,37.865132,4 -122.293971,37.865240,4 -122.294108,37.865240,4 -122.294108,37.865132,4</coordinates></LinearRing></outerBoundaryIs></Polygon></Placemark>
  <Placemark><name>ADU</name><styleUrl>#lab0</styleUrl><Region><LatLonAltBox><west>-122.294108</west><east>-122.293971</east><south>37.865132</south><north>37.865240</north></LatLonAltBox><Lod><minLodPixels>700</minLodPixels><maxLodPixels>-1</maxLodPixels></Lod></Region><Point><altitudeMode>relativeToGround</altitudeMode><coordinates>-122.294053,37.865175,4.0</coordinates></Point></Placemark>
  <Placemark><styleUrl>#poly0</styleUrl><Polygon><extrude>1</extrude><altitudeMode>relativeToGround</altitudeMode><outerBoundaryIs><LinearRing><coordinates>-122.277201,37.902278,4 -122.277065,37.902278,4 -122.277065,37.902385,4 -122.277201,37.902385,4 -122.277201,37.902278,4</coordinates></LinearRing></outerBoundaryIs></Polygon></Placemark>
  <Placemark><name>ADU</name><styleUrl>#lab0</styleUrl><Region><LatLonAltBox><west>-122.277201</west><east>-122.277065</east><south>37.902278</south><north>37.902385</north></LatLonAltBox><Lod><minLodPixels>700</minLodPixels><maxLodPixels>-1</maxLodPixels></Lod></Region><Point><altitudeMode>relativeToGround</altitudeMode><coordinates>-122.277147,37.902321,4.0</coordinates></Point></Placemark>
  <Placemark><styleUrl>#poly0</styleUrl><Polygon><extrude>1</extrude><altitudeMode>relativeToGround</altitudeMode><outerBoundaryIs><LinearRing><coordinates>-122.253058,37.864494,4 -122.252922,37.864494,4 -122.252922,37.864601,4 -122.253058,37.864601,4 -122.253058,37.864494,4</coordinates></LinearRing></outerBoundaryIs></Polygon></Placemark>
  <Placemark><name>ADU</name><styleUrl>#lab0</styleUrl><Region><LatLonAltBox><west>-122.253058</west><east>-122.252922</east><south>37.864494</south><north>37.864601</north></LatLonAltBox><Lod><minLodPixels>700</minLodPixels><maxLodPixels>-1</maxLodPixels></Lod></Region><Point><altitudeMode>relativeToGround</altitudeMode><coordinates>-122.253004,37.864537,4.0</coordinates></Point></Placemark>
  <Placemark><styleUrl>#poly0</styleUrl><Polygon><extrude>1</extrude><altitudeMode>relativeToGround</altitudeMode><outerBoundaryIs><LinearRing><coordinates>-122.274494,37.866413,4 -122.274357,37.866413,4 -122.274357,37.866521,4 -122.274494,37.866521,4 -122.274494,37.866413,4</coordinates></LinearRing></outerBoundaryIs></Polygon></Placemark>
  <Placemark><name>ADU</name><styleUrl>#lab0</styleUrl><Region><LatLonAltBox><west>-122.274494</west><east>-122.274357</east><south>37.866413</south><north>37.866521</north></LatLonAltBox><Lod><minLodPixels>700</minLodPixels><maxLodPixels>-1</maxLodPixels></Lod></Region><Point><altitudeMode>relativeToGround</altitudeMode><coordinates>-122.274439,37.866456,4.0</coordinates></Point></Placemark>
  <Placemark><styleUrl>#poly0</styleUrl><Polygon><extrude>1</extrude><altitudeMode>relativeToGround</altitudeMode><outerBoundaryIs><LinearRing><coordinates>-122.280101,37.884412,4 -122.279964,37.884412,4 -122.279964,37.884519,4 -122.280101,37.884519,4 -122.280101,37.884412,4</coordinates></LinearRing></outerBoundaryIs></Polygon></Placemark>
  <Placemark><name>ADU</name><styleUrl>#lab0</styleUrl><Region><LatLonAltBox><west>-122.280101</west><east>-122.279964</east><south>37.884412</south><north>37.884519</north></LatLonAltBox><Lod><minLodPixels>700</minLodPixels><maxLodPixels>-1</maxLodPixels></Lod></Region><Point><altitudeMode>relativeToGround</altitudeMode><coordinates>-122.280046,37.884455,4.0</coordinates></Point></Placemark>
  <Placemark><styleUrl>#poly0</styleUrl><Polygon><extrude>1</extrude><altitudeMode>relativeToGround</altitudeMode><outerBoundaryIs><LinearRing><coordinates>-122.270553,37.888441,4 -122.270417,37.888441,4 -122.270417,37.888549,4 -122.270553,37.888549,4 -122.270553,37.888441,4</coordinates></LinearRing></outerBoundaryIs></Polygon></Placemark>
  <Placemark><name>ADU</name><styleUrl>#lab0</styleUrl><Region><LatLonAltBox><west>-122.270553</west><east>-122.270417</east><south>37.888441</south><north>37.888549</north></LatLonAltBox><Lod><minLodPixels>700</minLodPixels><maxLodPixels>-1</maxLodPixels></Lod></Region><Point><altitudeMode>relativeToGround</altitudeMode><coordinates>-122.270499,37.888484,4.0</coordinates></Point></Placemark>
  <Placemark><styleUrl>#poly0</styleUrl><Polygon><extrude>1</extrude><altitudeMode>relativeToGround</altitudeMode><outerBoundaryIs><LinearRing><coordinates>-122.286205,37.854795,4 -122.286068,37.854795,4 -122.286068,37.854903,4 -122.286205,37.854903,4 -122.286205,37.854795,4</coordinates></LinearRing></outerBoundaryIs></Polygon></Placemark>
  <Placemark><name>ADU</name><styleUrl>#lab0</styleUrl><Region><LatLonAltBox><west>-122.286205</west><east>-122.286068</east><south>37.854795</south><north>37.854903</north></LatLonAltBox><Lod><minLodPixels>700</minLodPixels><maxLodPixels>-1</maxLodPixels></Lod></Region><Point><altitudeMode>relativeToGround</altitudeMode><coordinates>-122.286150,37.854838,4.0</coordinates></Point></Placemark>
  <Placemark><styleUrl>#poly0</styleUrl><Polygon><extrude>1</extrude><altitudeMode>relativeToGround</altitudeMode><outerBoundaryIs><LinearRing><coordinates>-122.272478,37.858955,4 -122.272342,37.858955,4 -122.272342,37.859063,4 -122.272478,37.859063,4 -122.272478,37.858955,4</coordinates></LinearRing></outerBoundaryIs></Polygon></Placemark>
  <Placemark><name>ADU</name><styleUrl>#lab0</styleUrl><Region><LatLonAltBox><west>-122.272478</west><east>-122.272342</east><south>37.858955</south><north>37.859063</north></LatLonAltBox><Lod><minLodPixels>700</minLodPixels><maxLodPixels>-1</maxLodPixels></Lod></Region><Point><altitudeMode>relativeToGround</altitudeMode><coordinates>-122.272424,37.858998,4.0</coordinates></Point></Placemark>
  <Placemark><styleUrl>#poly0</styleUrl><Polygon><extrude>1</extrude><altitudeMode>relativeToGround</altitudeMode><outerBoundaryIs><LinearRing><coordinates>-122.290183,37.880294,4 -122.290046,37.880294,4 -122.290046,37.880402,4 -122.290183,37.880402,4 -122.290183,37.880294,4</coordinates></LinearRing></outerBoundaryIs></Polygon></Placemark>
  <Placemark><name>ADU</name><styleUrl>#lab0</styleUrl><Region><LatLonAltBox><west>-122.290183</west><east>-122.290046</east><south>37.880294</south><north>37.880402</north></LatLonAltBox><Lod><minLodPixels>700</minLodPixels><maxLodPixels>-1</maxLodPixels></Lod></Region><Point><altitudeMode>relativeToGround</altitudeMode><coordinates>-122.290128,37.880337,4.0</coordinates></Point></Placemark>
  <Placemark><styleUrl>#poly0</styleUrl><Polygon><extrude>1</extrude><altitudeMode>relativeToGround</altitudeMode><outerBoundaryIs><LinearRing><coordinates>-122.273798,37.898550,4 -122.273661,37.898550,4 -122.273661,37.898658,4 -122.273798,37.898658,4 -122.273798,37.898550,4</coordinates></LinearRing></outerBoundaryIs></Polygon></Placemark>
  <Placemark><name>ADU</name><styleUrl>#lab0</styleUrl><Region><LatLonAltBox><west>-122.273798</west><east>-122.273661</east><south>37.898550</south><north>37.898658</north></LatLonAltBox><Lod><minLodPixels>700</minLodPixels><maxLodPixels>-1</maxLodPixels></Lod></Region><Point><altitudeMode>relativeToGround</altitudeMode><coordinates>-122.273743,37.898593,4.0</coordinates></Point></Placemark>
  <Placemark><styleUrl>#poly0</styleUrl><Polygon><extrude>1</extrude><altitudeMode>relativeToGround</altitudeMode><outerBoundaryIs><LinearRing><coordinates>-122.244762,37.856617,4 -122.244625,37.856617,4 -122.244625,37.856725,4 -122.244762,37.856725,4 -122.244762,37.856617,4</coordinates></LinearRing></outerBoundaryIs></Polygon></Placemark>
  <Placemark><name>ADU</name><styleUrl>#lab0</styleUrl><Region><LatLonAltBox><west>-122.244762</west><east>-122.244625</east><south>37.856617</south><north>37.856725</north></LatLonAltBox><Lod><minLodPixels>700</minLodPixels><maxLodPixels>-1</maxLodPixels></Lod></Region><Point><altitudeMode>relativeToGround</altitudeMode><coordinates>-122.244707,37.856660,4.0</coordinates></Point></Placemark>
  <Placemark><styleUrl>#poly0</styleUrl><Polygon><extrude>1</extrude><altitudeMode>relativeToGround</altitudeMode><outerBoundaryIs><LinearRing><coordinates>-122.273426,37.878400,4 -122.273289,37.878400,4 -122.273289,37.878508,4 -122.273426,37.878508,4 -122.273426,37.878400,4</coordinates></LinearRing></outerBoundaryIs></Polygon></Placemark>
  <Placemark><name>ADU</name><styleUrl>#lab0</styleUrl><Region><LatLonAltBox><west>-122.273426</west><east>-122.273289</east><south>37.878400</south><north>37.878508</north></LatLonAltBox><Lod><minLodPixels>700</minLodPixels><maxLodPixels>-1</maxLodPixels></Lod></Region><Point><altitudeMode>relativeToGround</altitudeMode><coordinates>-122.273371,37.878443,4.0</coordinates></Point></Placemark>
  <Placemark><styleUrl>#poly0</styleUrl><Polygon><extrude>1</extrude><altitudeMode>relativeToGround</altitudeMode><outerBoundaryIs><LinearRing><coordinates>-122.296691,37.862103,4 -122.296554,37.862103,4 -122.296554,37.862211,4 -122.296691,37.862211,4 -122.296691,37.862103,4</coordinates></LinearRing></outerBoundaryIs></Polygon></Placemark>
  <Placemark><name>ADU</name><styleUrl>#lab0</styleUrl><Region><LatLonAltBox><west>-122.296691</west><east>-122.296554</east><south>37.862103</south><north>37.862211</north></LatLonAltBox><Lod><minLodPixels>700</minLodPixels><maxLodPixels>-1</maxLodPixels></Lod></Region><Point><altitudeMode>relativeToGround</altitudeMode><coordinates>-122.296636,37.862146,4.0</coordinates></Point></Placemark>
  <Placemark><styleUrl>#poly0</styleUrl><Polygon><extrude>1</extrude><altitudeMode>relativeToGround</altitudeMode><outerBoundaryIs><LinearRing><coordinates>-122.263988,37.867458,4 -122.263852,37.867458,4 -122.263852,37.867566,4 -122.263988,37.867566,4 -122.263988,37.867458,4</coordinates></LinearRing></outerBoundaryIs></Polygon></Placemark>
  <Placemark><name>ADU</name><styleUrl>#lab0</styleUrl><Region><LatLonAltBox><west>-122.263988</west><east>-122.263852</east><south>37.867458</south><north>37.867566</north></LatLonAltBox><Lod><minLodPixels>700</minLodPixels><maxLodPixels>-1</maxLodPixels></Lod></Region><Point><altitudeMode>relativeToGround</altitudeMode><coordinates>-122.263934,37.867501,4.0</coordinates></Point></Placemark>
  <Placemark><styleUrl>#poly0</styleUrl><Polygon><extrude>1</extrude><altitudeMode>relativeToGround</altitudeMode><outerBoundaryIs><LinearRing><coordinates>-122.270198,37.849429,4 -122.270061,37.849429,4 -122.270061,37.849537,4 -122.270198,37.849537,4 -122.270198,37.849429,4</coordinates></LinearRing></outerBoundaryIs></Polygon></Placemark>
  <Placemark><name>ADU</name><styleUrl>#lab0</styleUrl><Region><LatLonAltBox><west>-122.270198</west><east>-122.270061</east><south>37.849429</south><north>37.849537</north></LatLonAltBox><Lod><minLodPixels>700</minLodPixels><maxLodPixels>-1</maxLodPixels></Lod></Region><Point><altitudeMode>relativeToGround</altitudeMode><coordinates>-122.270143,37.849472,4.0</coordinates></Point></Placemark>
  <Placemark><styleUrl>#poly0</styleUrl><Polygon><extrude>1</extrude><altitudeMode>relativeToGround</altitudeMode><outerBoundaryIs><LinearRing><coordinates>-122.282495,37.865918,4 -122.282358,37.865918,4 -122.282358,37.866026,4 -122.282495,37.866026,4 -122.282495,37.865918,4</coordinates></LinearRing></outerBoundaryIs></Polygon></Placemark>
  <Placemark><name>ADU</name><styleUrl>#lab0</styleUrl><Region><LatLonAltBox><west>-122.282495</west><east>-122.282358</east><south>37.865918</south><north>37.866026</north></LatLonAltBox><Lod><minLodPixels>700</minLodPixels><maxLodPixels>-1</maxLodPixels></Lod></Region><Point><altitudeMode>relativeToGround</altitudeMode><coordinates>-122.282440,37.865961,4.0</coordinates></Point></Placemark>
  <Placemark><styleUrl>#poly0</styleUrl><Polygon><extrude>1</extrude><altitudeMode>relativeToGround</altitudeMode><outerBoundaryIs><LinearRing><coordinates>-122.277685,37.892472,4 -122.277548,37.892472,4 -122.277548,37.892579,4 -122.277685,37.892579,4 -122.277685,37.892472,4</coordinates></LinearRing></outerBoundaryIs></Polygon></Placemark>
  <Placemark><name>ADU</name><styleUrl>#lab0</styleUrl><Region><LatLonAltBox><west>-122.277685</west><east>-122.277548</east><south>37.892472</south><north>37.892579</north></LatLonAltBox><Lod><minLodPixels>700</minLodPixels><maxLodPixels>-1</maxLodPixels></Lod></Region><Point><altitudeMode>relativeToGround</altitudeMode><coordinates>-122.277630,37.892515,4.0</coordinates></Point></Placemark>
  <Placemark><styleUrl>#poly0</styleUrl><Polygon><extrude>1</extrude><altitudeMode>relativeToGround</altitudeMode><outerBoundaryIs><LinearRing><coordinates>-122.270719,37.861921,4 -122.270582,37.861921,4 -122.270582,37.862028,4 -122.270719,37.862028,4 -122.270719,37.861921,4</coordinates></LinearRing></outerBoundaryIs></Polygon></Placemark>
  <Placemark><name>ADU</name><styleUrl>#lab0</styleUrl><Region><LatLonAltBox><west>-122.270719</west><east>-122.270582</east><south>37.861921</south><north>37.862028</north></LatLonAltBox><Lod><minLodPixels>700</minLodPixels><maxLodPixels>-1</maxLodPixels></Lod></Region><Point><altitudeMode>relativeToGround</altitudeMode><coordinates>-122.270664,37.861964,4.0</coordinates></Point></Placemark>
  <Placemark><styleUrl>#poly0</styleUrl><Polygon><extrude>1</extrude><altitudeMode>relativeToGround</altitudeMode><outerBoundaryIs><LinearRing><coordinates>-122.279248,37.861171,4 -122.279111,37.861171,4 -122.279111,37.861279,4 -122.279248,37.861279,4 -122.279248,37.861171,4</coordinates></LinearRing></outerBoundaryIs></Polygon></Placemark>
  <Placemark><name>ADU</name><styleUrl>#lab0</styleUrl><Region><LatLonAltBox><west>-122.279248</west><east>-122.279111</east><south>37.861171</south><north>37.861279</north></LatLonAltBox><Lod><minLodPixels>700</minLodPixels><maxLodPixels>-1</maxLodPixels></Lod></Region><Point><altitudeMode>relativeToGround</altitudeMode><coordinates>-122.279193,37.861214,4.0</coordinates></Point></Placemark>
  <Placemark><styleUrl>#poly0</styleUrl><Polygon><extrude>1</extrude><altitudeMode>relativeToGround</altitudeMode><outerBoundaryIs><LinearRing><coordinates>-122.251468,37.853726,4 -122.251332,37.853726,4 -122.251332,37.853833,4 -122.251468,37.853833,4 -122.251468,37.853726,4</coordinates></LinearRing></outerBoundaryIs></Polygon></Placemark>
  <Placemark><name>ADU</name><styleUrl>#lab0</styleUrl><Region><LatLonAltBox><west>-122.251468</west><east>-122.251332</east><south>37.853726</south><north>37.853833</north></LatLonAltBox><Lod><minLodPixels>700</minLodPixels><maxLodPixels>-1</maxLodPixels></Lod></Region><Point><altitudeMode>relativeToGround</altitudeMode><coordinates>-122.251414,37.853769,4.0</coordinates></Point></Placemark>
  <Placemark><styleUrl>#poly0</styleUrl><Polygon><extrude>1</extrude><altitudeMode>relativeToGround</altitudeMode><outerBoundaryIs><LinearRing><coordinates>-122.290195,37.860131,4 -122.290058,37.860131,4 -122.290058,37.860239,4 -122.290195,37.860239,4 -122.290195,37.860131,4</coordinates></LinearRing></outerBoundaryIs></Polygon></Placemark>
  <Placemark><name>ADU</name><styleUrl>#lab0</styleUrl><Region><LatLonAltBox><west>-122.290195</west><east>-122.290058</east><south>37.860131</south><north>37.860239</north></LatLonAltBox><Lod><minLodPixels>700</minLodPixels><maxLodPixels>-1</maxLodPixels></Lod></Region><Point><altitudeMode>relativeToGround</altitudeMode><coordinates>-122.290140,37.860174,4.0</coordinates></Point></Placemark>
  <Placemark><styleUrl>#poly0</styleUrl><Polygon><extrude>1</extrude><altitudeMode>relativeToGround</altitudeMode><outerBoundaryIs><LinearRing><coordinates>-122.268470,37.888524,4 -122.268333,37.888524,4 -122.268333,37.888632,4 -122.268470,37.888632,4 -122.268470,37.888524,4</coordinates></LinearRing></outerBoundaryIs></Polygon></Placemark>
  <Placemark><name>ADU</name><styleUrl>#lab0</styleUrl><Region><LatLonAltBox><west>-122.268470</west><east>-122.268333</east><south>37.888524</south><north>37.888632</north></LatLonAltBox><Lod><minLodPixels>700</minLodPixels><maxLodPixels>-1</maxLodPixels></Lod></Region><Point><altitudeMode>relativeToGround</altitudeMode><coordinates>-122.268415,37.888567,4.0</coordinates></Point></Placemark>
  <Placemark><styleUrl>#poly0</styleUrl><Polygon><extrude>1</extrude><altitudeMode>relativeToGround</altitudeMode><outerBoundaryIs><LinearRing><coordinates>-122.274145,37.863862,4 -122.274008,37.863862,4 -122.274008,37.863969,4 -122.274145,37.863969,4 -122.274145,37.863862,4</coordinates></LinearRing></outerBoundaryIs></Polygon></Placemark>
  <Placemark><name>ADU</name><styleUrl>#lab0</styleUrl><Region><LatLonAltBox><west>-122.274145</west><east>-122.274008</east><south>37.863862</south><north>37.863969</north></LatLonAltBox><Lod><minLodPixels>700</minLodPixels><maxLodPixels>-1</maxLodPixels></Lod></Region><Point><altitudeMode>relativeToGround</altitudeMode><coordinates>-122.274090,37.863905,4.0</coordinates></Point></Placemark>
  <Placemark><styleUrl>#poly0</styleUrl><Polygon><extrude>1</extrude><altitudeMode>relativeToGround</altitudeMode><outerBoundaryIs><LinearRing><coordinates>-122.246516,37.860314,4 -122.246379,37.860314,4 -122.246379,37.860422,4 -122.246516,37.860422,4 -122.246516,37.860314,4</coordinates></LinearRing></outerBoundaryIs></Polygon></Placemark>
  <Placemark><name>ADU</name><styleUrl>#lab0</styleUrl><Region><LatLonAltBox><west>-122.246516</west><east>-122.246379</east><south>37.860314</south><north>37.860422</north></LatLonAltBox><Lod><minLodPixels>700</minLodPixels><maxLodPixels>-1</maxLodPixels></Lod></Region><Point><altitudeMode>relativeToGround</altitudeMode><coordinates>-122.246461,37.860357,4.0</coordinates></Point></Placemark>
  <Placemark><styleUrl>#poly0</styleUrl><Polygon><extrude>1</extrude><altitudeMode>relativeToGround</altitudeMode><outerBoundaryIs><LinearRing><coordinates>-122.286492,37.858459,4 -122.286355,37.858459,4 -122.286355,37.858566,4 -122.286492,37.858566,4 -122.286492,37.858459,4</coordinates></LinearRing></outerBoundaryIs></Polygon></Placemark>
  <Placemark><name>ADU</name><styleUrl>#lab0</styleUrl><Region><LatLonAltBox><west>-122.286492</west><east>-122.286355</east><south>37.858459</south><north>37.858566</north></LatLonAltBox><Lod><minLodPixels>700</minLodPixels><maxLodPixels>-1</maxLodPixels></Lod></Region><Point><altitudeMode>relativeToGround</altitudeMode><coordinates>-122.286437,37.858502,4.0</coordinates></Point></Placemark>
  <Placemark><styleUrl>#poly0</styleUrl><Polygon><extrude>1</extrude><altitudeMode>relativeToGround</altitudeMode><outerBoundaryIs><LinearRing><coordinates>-122.286301,37.858131,4 -122.286165,37.858131,4 -122.286165,37.858239,4 -122.286301,37.858239,4 -122.286301,37.858131,4</coordinates></LinearRing></outerBoundaryIs></Polygon></Placemark>
  <Placemark><name>ADU</name><styleUrl>#lab0</styleUrl><Region><LatLonAltBox><west>-122.286301</west><east>-122.286165</east><south>37.858131</south><north>37.858239</north></LatLonAltBox><Lod><minLodPixels>700</minLodPixels><maxLodPixels>-1</maxLodPixels></Lod></Region><Point><altitudeMode>relativeToGround</altitudeMode><coordinates>-122.286247,37.858174,4.0</coordinates></Point></Placemark>
  <Placemark><styleUrl>#poly0</styleUrl><Polygon><extrude>1</extrude><altitudeMode>relativeToGround</altitudeMode><outerBoundaryIs><LinearRing><coordinates>-122.249504,37.884090,4 -122.249367,37.884090,4 -122.249367,37.884198,4 -122.249504,37.884198,4 -122.249504,37.884090,4</coordinates></LinearRing></outerBoundaryIs></Polygon></Placemark>
  <Placemark><name>ADU</name><styleUrl>#lab0</styleUrl><Region><LatLonAltBox><west>-122.249504</west><east>-122.249367</east><south>37.884090</south><north>37.884198</north></LatLonAltBox><Lod><minLodPixels>700</minLodPixels><maxLodPixels>-1</maxLodPixels></Lod></Region><Point><altitudeMode>relativeToGround</altitudeMode><coordinates>-122.249449,37.884133,4.0</coordinates></Point></Placemark>
  <Placemark><styleUrl>#poly0</styleUrl><Polygon><extrude>1</extrude><altitudeMode>relativeToGround</altitudeMode><outerBoundaryIs><LinearRing><coordinates>-122.250115,37.882971,4 -122.249978,37.882971,4 -122.249978,37.883079,4 -122.250115,37.883079,4 -122.250115,37.882971,4</coordinates></LinearRing></outerBoundaryIs></Polygon></Placemark>
  <Placemark><name>ADU</name><styleUrl>#lab0</styleUrl><Region><LatLonAltBox><west>-122.250115</west><east>-122.249978</east><south>37.882971</south><north>37.883079</north></LatLonAltBox><Lod><minLodPixels>700</minLodPixels><maxLodPixels>-1</maxLodPixels></Lod></Region><Point><altitudeMode>relativeToGround</altitudeMode><coordinates>-122.250060,37.883014,4.0</coordinates></Point></Placemark>
  <Placemark><styleUrl>#poly0</styleUrl><Polygon><extrude>1</extrude><altitudeMode>relativeToGround</altitudeMode><outerBoundaryIs><LinearRing><coordinates>-122.286009,37.878901,4 -122.285873,37.878901,4 -122.285873,37.879009,4 -122.286009,37.879009,4 -122.286009,37.878901,4</coordinates></LinearRing></outerBoundaryIs></Polygon></Placemark>
  <Placemark><name>ADU</name><styleUrl>#lab0</styleUrl><Region><LatLonAltBox><west>-122.286009</west><east>-122.285873</east><south>37.878901</south><north>37.879009</north></LatLonAltBox><Lod><minLodPixels>700</minLodPixels><maxLodPixels>-1</maxLodPixels></Lod></Region><Point><altitudeMode>relativeToGround</altitudeMode><coordinates>-122.285955,37.878944,4.0</coordinates></Point></Placemark>
  <Placemark><styleUrl>#poly0</styleUrl><Polygon><extrude>1</extrude><altitudeMode>relativeToGround</altitudeMode><outerBoundaryIs><LinearRing><coordinates>-122.265516,37.879527,4 -122.265379,37.879527,4 -122.265379,37.879635,4 -122.265516,37.879635,4 -122.265516,37.879527,4</coordinates></LinearRing></outerBoundaryIs></Polygon></Placemark>
  <Placemark><name>ADU</name><styleUrl>#lab0</styleUrl><Region><LatLonAltBox><west>-122.265516</west><east>-122.265379</east><south>37.879527</south><north>37.879635</north></LatLonAltBox><Lod><minLodPixels>700</minLodPixels><maxLodPixels>-1</maxLodPixels></Lod></Region><Point><altitudeMode>relativeToGround</altitudeMode><coordinates>-122.265461,37.879570,4.0</coordinates></Point></Placemark>
  <Placemark><styleUrl>#poly0</styleUrl><Polygon><extrude>1</extrude><altitudeMode>relativeToGround</altitudeMode><outerBoundaryIs><LinearRing><coordinates>-122.276890,37.869708,4 -122.276753,37.869708,4 -122.276753,37.869816,4 -122.276890,37.869816,4 -122.276890,37.869708,4</coordinates></LinearRing></outerBoundaryIs></Polygon></Placemark>
  <Placemark><name>ADU</name><styleUrl>#lab0</styleUrl><Region><LatLonAltBox><west>-122.276890</west><east>-122.276753</east><south>37.869708</south><north>37.869816</north></LatLonAltBox><Lod><minLodPixels>700</minLodPixels><maxLodPixels>-1</maxLodPixels></Lod></Region><Point><altitudeMode>relativeToGround</altitudeMode><coordinates>-122.276835,37.869751,4.0</coordinates></Point></Placemark>
  <Placemark><styleUrl>#poly0</styleUrl><Polygon><extrude>1</extrude><altitudeMode>relativeToGround</altitudeMode><outerBoundaryIs><LinearRing><coordinates>-122.275853,37.855646,4 -122.275717,37.855646,4 -122.275717,37.855754,4 -122.275853,37.855754,4 -122.275853,37.855646,4</coordinates></LinearRing></outerBoundaryIs></Polygon></Placemark>
  <Placemark><name>ADU</name><styleUrl>#lab0</styleUrl><Region><LatLonAltBox><west>-122.275853</west><east>-122.275717</east><south>37.855646</south><north>37.855754</north></LatLonAltBox><Lod><minLodPixels>700</minLodPixels><maxLodPixels>-1</maxLodPixels></Lod></Region><Point><altitudeMode>relativeToGround</altitudeMode><coordinates>-122.275799,37.855689,4.0</coordinates></Point></Placemark>
  <Placemark><styleUrl>#poly0</styleUrl><Polygon><extrude>1</extrude><altitudeMode>relativeToGround</altitudeMode><outerBoundaryIs><LinearRing><coordinates>-122.295909,37.877854,4 -122.295772,37.877854,4 -122.295772,37.877962,4 -122.295909,37.877962,4 -122.295909,37.877854,4</coordinates></LinearRing></outerBoundaryIs></Polygon></Placemark>
  <Placemark><name>ADU</name><styleUrl>#lab0</styleUrl><Region><LatLonAltBox><west>-122.295909</west><east>-122.295772</east><south>37.877854</south><north>37.877962</north></LatLonAltBox><Lod><minLodPixels>700</minLodPixels><maxLodPixels>-1</maxLodPixels></Lod></Region><Point><altitudeMode>relativeToGround</altitudeMode><coordinates>-122.295854,37.877897,4.0</coordinates></Point></Placemark>
  <Placemark><styleUrl>#poly0</styleUrl><Polygon><extrude>1</extrude><altitudeMode>relativeToGround</altitudeMode><outerBoundaryIs><LinearRing><coordinates>-122.286239,37.894090,4 -122.286102,37.894090,4 -122.286102,37.894197,4 -122.286239,37.894197,4 -122.286239,37.894090,4</coordinates></LinearRing></outerBoundaryIs></Polygon></Placemark>
  <Placemark><name>ADU</name><styleUrl>#lab0</styleUrl><Region><LatLonAltBox><west>-122.286239</west><east>-122.286102</east><south>37.894090</south><north>37.894197</north></LatLonAltBox><Lod><minLodPixels>700</minLodPixels><maxLodPixels>-1</maxLodPixels></Lod></Region><Point><altitudeMode>relativeToGround</altitudeMode><coordinates>-122.286184,37.894133,4.0</coordinates></Point></Placemark>
  <Placemark><styleUrl>#poly0</styleUrl><Polygon><extrude>1</extrude><altitudeMode>relativeToGround</altitudeMode><outerBoundaryIs><LinearRing><coordinates>-122.286252,37.861890,4 -122.286116,37.861890,4 -122.286116,37.861998,4 -122.286252,37.861998,4 -122.286252,37.861890,4</coordinates></LinearRing></outerBoundaryIs></Polygon></Placemark>
  <Placemark><name>ADU</name><styleUrl>#lab0</styleUrl><Region><LatLonAltBox><west>-122.286252</west><east>-122.286116</east><south>37.861890</south><north>37.861998</north></LatLonAltBox><Lod><minLodPixels>700</minLodPixels><maxLodPixels>-1</maxLodPixels></Lod></Region><Point><altitudeMode>relativeToGround</altitudeMode><coordinates>-122.286198,37.861933,4.0</coordinates></Point></Placemark>
  <Placemark><styleUrl>#poly0</styleUrl><Polygon><extrude>1</extrude><altitudeMode>relativeToGround</altitudeMode><outerBoundaryIs><LinearRing><coordinates>-122.271878,37.857645,4 -122.271742,37.857645,4 -122.271742,37.857753,4 -122.271878,37.857753,4 -122.271878,37.857645,4</coordinates></LinearRing></outerBoundaryIs></Polygon></Placemark>
  <Placemark><name>ADU</name><styleUrl>#lab0</styleUrl><Region><LatLonAltBox><west>-122.271878</west><east>-122.271742</east><south>37.857645</south><north>37.857753</north></LatLonAltBox><Lod><minLodPixels>700</minLodPixels><maxLodPixels>-1</maxLodPixels></Lod></Region><Point><altitudeMode>relativeToGround</altitudeMode><coordinates>-122.271824,37.857688,4.0</coordinates></Point></Placemark>
  <Placemark><styleUrl>#poly0</styleUrl><Polygon><extrude>1</extrude><altitudeMode>relativeToGround</altitudeMode><outerBoundaryIs><LinearRing><coordinates>-122.287180,37.878419,4 -122.287043,37.878419,4 -122.287043,37.878527,4 -122.287180,37.878527,4 -122.287180,37.878419,4</coordinates></LinearRing></outerBoundaryIs></Polygon></Placemark>
  <Placemark><name>ADU</name><styleUrl>#lab0</styleUrl><Region><LatLonAltBox><west>-122.287180</west><east>-122.287043</east><south>37.878419</south><north>37.878527</north></LatLonAltBox><Lod><minLodPixels>700</minLodPixels><maxLodPixels>-1</maxLodPixels></Lod></Region><Point><altitudeMode>relativeToGround</altitudeMode><coordinates>-122.287125,37.878462,4.0</coordinates></Point></Placemark>
  <Placemark><styleUrl>#poly0</styleUrl><Polygon><extrude>1</extrude><altitudeMode>relativeToGround</altitudeMode><outerBoundaryIs><LinearRing><coordinates>-122.270707,37.886847,4 -122.270570,37.886847,4 -122.270570,37.886955,4 -122.270707,37.886955,4 -122.270707,37.886847,4</coordinates></LinearRing></outerBoundaryIs></Polygon></Placemark>
  <Placemark><name>ADU</name><styleUrl>#lab0</styleUrl><Region><LatLonAltBox><west>-122.270707</west><east>-122.270570</east><south>37.886847</south><north>37.886955</north></LatLonAltBox><Lod><minLodPixels>700</minLodPixels><maxLodPixels>-1</maxLodPixels></Lod></Region><Point><altitudeMode>relativeToGround</altitudeMode><coordinates>-122.270652,37.886890,4.0</coordinates></Point></Placemark>
  <Placemark><styleUrl>#poly0</styleUrl><Polygon><extrude>1</extrude><altitudeMode>relativeToGround</altitudeMode><outerBoundaryIs><LinearRing><coordinates>-122.247818,37.852740,4 -122.247681,37.852740,4 -122.247681,37.852847,4 -122.247818,37.852847,4 -122.247818,37.852740,4</coordinates></LinearRing></outerBoundaryIs></Polygon></Placemark>
  <Placemark><name>ADU</name><styleUrl>#lab0</styleUrl><Region><LatLonAltBox><west>-122.247818</west><east>-122.247681</east><south>37.852740</south><north>37.852847</north></LatLonAltBox><Lod><minLodPixels>700</minLodPixels><maxLodPixels>-1</maxLodPixels></Lod></Region><Point><altitudeMode>relativeToGround</altitudeMode><coordinates>-122.247763,37.852783,4.0</coordinates></Point></Placemark>
  <Placemark><styleUrl>#poly0</styleUrl><Polygon><extrude>1</extrude><altitudeMode>relativeToGround</altitudeMode><outerBoundaryIs><LinearRing><coordinates>-122.280035,37.861067,4 -122.279899,37.861067,4 -122.279899,37.861174,4 -122.280035,37.861174,4 -122.280035,37.861067,4</coordinates></LinearRing></outerBoundaryIs></Polygon></Placemark>
  <Placemark><name>ADU</name><styleUrl>#lab0</styleUrl><Region><LatLonAltBox><west>-122.280035</west><east>-122.279899</east><south>37.861067</south><north>37.861174</north></LatLonAltBox><Lod><minLodPixels>700</minLodPixels><maxLodPixels>-1</maxLodPixels></Lod></Region><Point><altitudeMode>relativeToGround</altitudeMode><coordinates>-122.279981,37.861110,4.0</coordinates></Point></Placemark>
  <Placemark><styleUrl>#poly0</styleUrl><Polygon><extrude>1</extrude><altitudeMode>relativeToGround</altitudeMode><outerBoundaryIs><LinearRing><coordinates>-122.285520,37.858585,4 -122.285383,37.858585,4 -122.285383,37.858693,4 -122.285520,37.858693,4 -122.285520,37.858585,4</coordinates></LinearRing></outerBoundaryIs></Polygon></Placemark>
  <Placemark><name>ADU</name><styleUrl>#lab0</styleUrl><Region><LatLonAltBox><west>-122.285520</west><east>-122.285383</east><south>37.858585</south><north>37.858693</north></LatLonAltBox><Lod><minLodPixels>700</minLodPixels><maxLodPixels>-1</maxLodPixels></Lod></Region><Point><altitudeMode>relativeToGround</altitudeMode><coordinates>-122.285465,37.858628,4.0</coordinates></Point></Placemark>
  <Placemark><styleUrl>#poly0</styleUrl><Polygon><extrude>1</extrude><altitudeMode>relativeToGround</altitudeMode><outerBoundaryIs><LinearRing><coordinates>-122.282814,37.858030,4 -122.282677,37.858030,4 -122.282677,37.858138,4 -122.282814,37.858138,4 -122.282814,37.858030,4</coordinates></LinearRing></outerBoundaryIs></Polygon></Placemark>
  <Placemark><name>ADU</name><styleUrl>#lab0</styleUrl><Region><LatLonAltBox><west>-122.282814</west><east>-122.282677</east><south>37.858030</south><north>37.858138</north></LatLonAltBox><Lod><minLodPixels>700</minLodPixels><maxLodPixels>-1</maxLodPixels></Lod></Region><Point><altitudeMode>relativeToGround</altitudeMode><coordinates>-122.282759,37.858073,4.0</coordinates></Point></Placemark>
  <Placemark><styleUrl>#poly0</styleUrl><Polygon><extrude>1</extrude><altitudeMode>relativeToGround</altitudeMode><outerBoundaryIs><LinearRing><coordinates>-122.263382,37.860130,4 -122.263245,37.860130,4 -122.263245,37.860238,4 -122.263382,37.860238,4 -122.263382,37.860130,4</coordinates></LinearRing></outerBoundaryIs></Polygon></Placemark>
  <Placemark><name>ADU</name><styleUrl>#lab0</styleUrl><Region><LatLonAltBox><west>-122.263382</west><east>-122.263245</east><south>37.860130</south><north>37.860238</north></LatLonAltBox><Lod><minLodPixels>700</minLodPixels><maxLodPixels>-1</maxLodPixels></Lod></Region><Point><altitudeMode>relativeToGround</altitudeMode><coordinates>-122.263327,37.860173,4.0</coordinates></Point></Placemark>
  <Placemark><styleUrl>#poly0</styleUrl><Polygon><extrude>1</extrude><altitudeMode>relativeToGround</altitudeMode><outerBoundaryIs><LinearRing><coordinates>-122.286022,37.894125,4 -122.285885,37.894125,4 -122.285885,37.894233,4 -122.286022,37.894233,4 -122.286022,37.894125,4</coordinates></LinearRing></outerBoundaryIs></Polygon></Placemark>
  <Placemark><name>ADU</name><styleUrl>#lab0</styleUrl><Region><LatLonAltBox><west>-122.286022</west><east>-122.285885</east><south>37.894125</south><north>37.894233</north></LatLonAltBox><Lod><minLodPixels>700</minLodPixels><maxLodPixels>-1</maxLodPixels></Lod></Region><Point><altitudeMode>relativeToGround</altitudeMode><coordinates>-122.285967,37.894168,4.0</coordinates></Point></Placemark>
  <Placemark><styleUrl>#poly0</styleUrl><Polygon><extrude>1</extrude><altitudeMode>relativeToGround</altitudeMode><outerBoundaryIs><LinearRing><coordinates>-122.293166,37.882488,4 -122.293030,37.882488,4 -122.293030,37.882595,4 -122.293166,37.882595,4 -122.293166,37.882488,4</coordinates></LinearRing></outerBoundaryIs></Polygon></Placemark>
  <Placemark><name>ADU</name><styleUrl>#lab0</styleUrl><Region><LatLonAltBox><west>-122.293166</west><east>-122.293030</east><south>37.882488</south><north>37.882595</north></LatLonAltBox><Lod><minLodPixels>700</minLodPixels><maxLodPixels>-1</maxLodPixels></Lod></Region><Point><altitudeMode>relativeToGround</altitudeMode><coordinates>-122.293112,37.882531,4.0</coordinates></Point></Placemark>
  <Placemark><styleUrl>#poly0</styleUrl><Polygon><extrude>1</extrude><altitudeMode>relativeToGround</altitudeMode><outerBoundaryIs><LinearRing><coordinates>-122.274752,37.855266,4 -122.274616,37.855266,4 -122.274616,37.855373,4 -122.274752,37.855373,4 -122.274752,37.855266,4</coordinates></LinearRing></outerBoundaryIs></Polygon></Placemark>
  <Placemark><name>ADU</name><styleUrl>#lab0</styleUrl><Region><LatLonAltBox><west>-122.274752</west><east>-122.274616</east><south>37.855266</south><north>37.855373</north></LatLonAltBox><Lod><minLodPixels>700</minLodPixels><maxLodPixels>-1</maxLodPixels></Lod></Region><Point><altitudeMode>relativeToGround</altitudeMode><coordinates>-122.274698,37.855309,4.0</coordinates></Point></Placemark>
  <Placemark><styleUrl>#poly0</styleUrl><Polygon><extrude>1</extrude><altitudeMode>relativeToGround</altitudeMode><outerBoundaryIs><LinearRing><coordinates>-122.297034,37.874025,4 -122.296898,37.874025,4 -122.296898,37.874133,4 -122.297034,37.874133,4 -122.297034,37.874025,4</coordinates></LinearRing></outerBoundaryIs></Polygon></Placemark>
  <Placemark><name>ADU</name><styleUrl>#lab0</styleUrl><Region><LatLonAltBox><west>-122.297034</west><east>-122.296898</east><south>37.874025</south><north>37.874133</north></LatLonAltBox><Lod><minLodPixels>700</minLodPixels><maxLodPixels>-1</maxLodPixels></Lod></Region><Point><altitudeMode>relativeToGround</altitudeMode><coordinates>-122.296980,37.874068,4.0</coordinates></Point></Placemark>
  <Placemark><styleUrl>#poly0</styleUrl><Polygon><extrude>1</extrude><altitudeMode>relativeToGround</altitudeMode><outerBoundaryIs><LinearRing><coordinates>-122.277302,37.864877,4 -122.277166,37.864877,4 -122.277166,37.864985,4 -122.277302,37.864985,4 -122.277302,37.864877,4</coordinates></LinearRing></outerBoundaryIs></Polygon></Placemark>
  <Placemark><name>ADU</name><styleUrl>#lab0</styleUrl><Region><LatLonAltBox><west>-122.277302</west><east>-122.277166</east><south>37.864877</south><north>37.864985</north></LatLonAltBox><Lod><minLodPixels>700</minLodPixels><maxLodPixels>-1</maxLodPixels></Lod></Region><Point><altitudeMode>relativeToGround</altitudeMode><coordinates>-122.277248,37.864920,4.0</coordinates></Point></Placemark>
  <Placemark><styleUrl>#poly0</styleUrl><Polygon><extrude>1</extrude><altitudeMode>relativeToGround</altitudeMode><outerBoundaryIs><LinearRing><coordinates>-122.257731,37.853424,4 -122.257594,37.853424,4 -122.257594,37.853532,4 -122.257731,37.853532,4 -122.257731,37.853424,4</coordinates></LinearRing></outerBoundaryIs></Polygon></Placemark>
  <Placemark><name>ADU</name><styleUrl>#lab0</styleUrl><Region><LatLonAltBox><west>-122.257731</west><east>-122.257594</east><south>37.853424</south><north>37.853532</north></LatLonAltBox><Lod><minLodPixels>700</minLodPixels><maxLodPixels>-1</maxLodPixels></Lod></Region><Point><altitudeMode>relativeToGround</altitudeMode><coordinates>-122.257676,37.853467,4.0</coordinates></Point></Placemark>
  <Placemark><styleUrl>#poly0</styleUrl><Polygon><extrude>1</extrude><altitudeMode>relativeToGround</altitudeMode><outerBoundaryIs><LinearRing><coordinates>-122.273147,37.890110,4 -122.273010,37.890110,4 -122.273010,37.890218,4 -122.273147,37.890218,4 -122.273147,37.890110,4</coordinates></LinearRing></outerBoundaryIs></Polygon></Placemark>
  <Placemark><name>ADU</name><styleUrl>#lab0</styleUrl><Region><LatLonAltBox><west>-122.273147</west><east>-122.273010</east><south>37.890110</south><north>37.890218</north></LatLonAltBox><Lod><minLodPixels>700</minLodPixels><maxLodPixels>-1</maxLodPixels></Lod></Region><Point><altitudeMode>relativeToGround</altitudeMode><coordinates>-122.273092,37.890153,4.0</coordinates></Point></Placemark>
  <Placemark><styleUrl>#poly0</styleUrl><Polygon><extrude>1</extrude><altitudeMode>relativeToGround</altitudeMode><outerBoundaryIs><LinearRing><coordinates>-122.272475,37.853258,4 -122.272338,37.853258,4 -122.272338,37.853366,4 -122.272475,37.853366,4 -122.272475,37.853258,4</coordinates></LinearRing></outerBoundaryIs></Polygon></Placemark>
  <Placemark><name>ADU</name><styleUrl>#lab0</styleUrl><Region><LatLonAltBox><west>-122.272475</west><east>-122.272338</east><south>37.853258</south><north>37.853366</north></LatLonAltBox><Lod><minLodPixels>700</minLodPixels><maxLodPixels>-1</maxLodPixels></Lod></Region><Point><altitudeMode>relativeToGround</altitudeMode><coordinates>-122.272420,37.853301,4.0</coordinates></Point></Placemark>
  <Placemark><styleUrl>#poly0</styleUrl><Polygon><extrude>1</extrude><altitudeMode>relativeToGround</altitudeMode><outerBoundaryIs><LinearRing><coordinates>-122.278682,37.883595,4 -122.278545,37.883595,4 -122.278545,37.883703,4 -122.278682,37.883703,4 -122.278682,37.883595,4</coordinates></LinearRing></outerBoundaryIs></Polygon></Placemark>
  <Placemark><name>ADU</name><styleUrl>#lab0</styleUrl><Region><LatLonAltBox><west>-122.278682</west><east>-122.278545</east><south>37.883595</south><north>37.883703</north></LatLonAltBox><Lod><minLodPixels>700</minLodPixels><maxLodPixels>-1</maxLodPixels></Lod></Region><Point><altitudeMode>relativeToGround</altitudeMode><coordinates>-122.278627,37.883638,4.0</coordinates></Point></Placemark>
  <Placemark><styleUrl>#poly0</styleUrl><Polygon><extrude>1</extrude><altitudeMode>relativeToGround</altitudeMode><outerBoundaryIs><LinearRing><coordinates>-122.281887,37.874475,4 -122.281751,37.874475,4 -122.281751,37.874583,4 -122.281887,37.874583,4 -122.281887,37.874475,4</coordinates></LinearRing></outerBoundaryIs></Polygon></Placemark>
  <Placemark><name>ADU</name><styleUrl>#lab0</styleUrl><Region><LatLonAltBox><west>-122.281887</west><east>-122.281751</east><south>37.874475</south><north>37.874583</north></LatLonAltBox><Lod><minLodPixels>700</minLodPixels><maxLodPixels>-1</maxLodPixels></Lod></Region><Point><altitudeMode>relativeToGround</altitudeMode><coordinates>-122.281833,37.874518,4.0</coordinates></Point></Placemark>
  <Placemark><styleUrl>#poly0</styleUrl><Polygon><extrude>1</extrude><altitudeMode>relativeToGround</altitudeMode><outerBoundaryIs><LinearRing><coordinates>-122.290916,37.873100,4 -122.290779,37.873100,4 -122.290779,37.873208,4 -122.290916,37.873208,4 -122.290916,37.873100,4</coordinates></LinearRing></outerBoundaryIs></Polygon></Placemark>
  <Placemark><name>ADU</name><styleUrl>#lab0</styleUrl><Region><LatLonAltBox><west>-122.290916</west><east>-122.290779</east><south>37.873100</south><north>37.873208</north></LatLonAltBox><Lod><minLodPixels>700</minLodPixels><maxLodPixels>-1</maxLodPixels></Lod></Region><Point><altitudeMode>relativeToGround</altitudeMode><coordinates>-122.290861,37.873143,4.0</coordinates></Point></Placemark>
  <Placemark><styleUrl>#poly0</styleUrl><Polygon><extrude>1</extrude><altitudeMode>relativeToGround</altitudeMode><outerBoundaryIs><LinearRing><coordinates>-122.280988,37.883104,4 -122.280852,37.883104,4 -122.280852,37.883212,4 -122.280988,37.883212,4 -122.280988,37.883104,4</coordinates></LinearRing></outerBoundaryIs></Polygon></Placemark>
  <Placemark><name>ADU</name><styleUrl>#lab0</styleUrl><Region><LatLonAltBox><west>-122.280988</west><east>-122.280852</east><south>37.883104</south><north>37.883212</north></LatLonAltBox><Lod><minLodPixels>700</minLodPixels><maxLodPixels>-1</maxLodPixels></Lod></Region><Point><altitudeMode>relativeToGround</altitudeMode><coordinates>-122.280934,37.883147,4.0</coordinates></Point></Placemark>
  <Placemark><styleUrl>#poly0</styleUrl><Polygon><extrude>1</extrude><altitudeMode>relativeToGround</altitudeMode><outerBoundaryIs><LinearRing><coordinates>-122.288740,37.879385,4 -122.288603,37.879385,4 -122.288603,37.879493,4 -122.288740,37.879493,4 -122.288740,37.879385,4</coordinates></LinearRing></outerBoundaryIs></Polygon></Placemark>
  <Placemark><name>ADU</name><styleUrl>#lab0</styleUrl><Region><LatLonAltBox><west>-122.288740</west><east>-122.288603</east><south>37.879385</south><north>37.879493</north></LatLonAltBox><Lod><minLodPixels>700</minLodPixels><maxLodPixels>-1</maxLodPixels></Lod></Region><Point><altitudeMode>relativeToGround</altitudeMode><coordinates>-122.288685,37.879428,4.0</coordinates></Point></Placemark>
  <Placemark><styleUrl>#poly0</styleUrl><Polygon><extrude>1</extrude><altitudeMode>relativeToGround</altitudeMode><outerBoundaryIs><LinearRing><coordinates>-122.276767,37.854000,4 -122.276630,37.854000,4 -122.276630,37.854108,4 -122.276767,37.854108,4 -122.276767,37.854000,4</coordinates></LinearRing></outerBoundaryIs></Polygon></Placemark>
  <Placemark><name>ADU</name><styleUrl>#lab0</styleUrl><Region><LatLonAltBox><west>-122.276767</west><east>-122.276630</east><south>37.854000</south><north>37.854108</north></LatLonAltBox><Lod><minLodPixels>700</minLodPixels><maxLodPixels>-1</maxLodPixels></Lod></Region><Point><altitudeMode>relativeToGround</altitudeMode><coordinates>-122.276712,37.854043,4.0</coordinates></Point></Placemark>
  <Placemark><styleUrl>#poly0</styleUrl><Polygon><extrude>1</extrude><altitudeMode>relativeToGround</altitudeMode><outerBoundaryIs><LinearRing><coordinates>-122.272535,37.891559,4 -122.272398,37.891559,4 -122.272398,37.891666,4 -122.272535,37.891666,4 -122.272535,37.891559,4</coordinates></LinearRing></outerBoundaryIs></Polygon></Placemark>
  <Placemark><name>ADU</name><styleUrl>#lab0</styleUrl><Region><LatLonAltBox><west>-122.272535</west><east>-122.272398</east><south>37.891559</south><north>37.891666</north></LatLonAltBox><Lod><minLodPixels>700</minLodPixels><maxLodPixels>-1</maxLodPixels></Lod></Region><Point><altitudeMode>relativeToGround</altitudeMode><coordinates>-122.272480,37.891602,4.0</coordinates></Point></Placemark>
  <Placemark><styleUrl>#poly0</styleUrl><Polygon><extrude>1</extrude><altitudeMode>relativeToGround</altitudeMode><outerBoundaryIs><LinearRing><coordinates>-122.249241,37.883788,4 -122.249104,37.883788,4 -122.249104,37.883896,4 -122.249241,37.883896,4 -122.249241,37.883788,4</coordinates></LinearRing></outerBoundaryIs></Polygon></Placemark>
  <Placemark><name>ADU</name><styleUrl>#lab0</styleUrl><Region><LatLonAltBox><west>-122.249241</west><east>-122.249104</east><south>37.883788</south><north>37.883896</north></LatLonAltBox><Lod><minLodPixels>700</minLodPixels><maxLodPixels>-1</maxLodPixels></Lod></Region><Point><altitudeMode>relativeToGround</altitudeMode><coordinates>-122.249186,37.883831,4.0</coordinates></Point></Placemark>
  <Placemark><styleUrl>#poly0</styleUrl><Polygon><extrude>1</extrude><altitudeMode>relativeToGround</altitudeMode><outerBoundaryIs><LinearRing><coordinates>-122.267072,37.869132,4 -122.266935,37.869132,4 -122.266935,37.869240,4 -122.267072,37.869240,4 -122.267072,37.869132,4</coordinates></LinearRing></outerBoundaryIs></Polygon></Placemark>
  <Placemark><name>ADU</name><styleUrl>#lab0</styleUrl><Region><LatLonAltBox><west>-122.267072</west><east>-122.266935</east><south>37.869132</south><north>37.869240</north></LatLonAltBox><Lod><minLodPixels>700</minLodPixels><maxLodPixels>-1</maxLodPixels></Lod></Region><Point><altitudeMode>relativeToGround</altitudeMode><coordinates>-122.267017,37.869175,4.0</coordinates></Point></Placemark>
  <Placemark><styleUrl>#poly0</styleUrl><Polygon><extrude>1</extrude><altitudeMode>relativeToGround</altitudeMode><outerBoundaryIs><LinearRing><coordinates>-122.250168,37.852878,4 -122.250032,37.852878,4 -122.250032,37.852986,4 -122.250168,37.852986,4 -122.250168,37.852878,4</coordinates></LinearRing></outerBoundaryIs></Polygon></Placemark>
  <Placemark><name>ADU</name><styleUrl>#lab0</styleUrl><Region><LatLonAltBox><west>-122.250168</west><east>-122.250032</east><south>37.852878</south><north>37.852986</north></LatLonAltBox><Lod><minLodPixels>700</minLodPixels><maxLodPixels>-1</maxLodPixels></Lod></Region><Point><altitudeMode>relativeToGround</altitudeMode><coordinates>-122.250114,37.852921,4.0</coordinates></Point></Placemark>
  <Placemark><styleUrl>#poly0</styleUrl><Polygon><extrude>1</extrude><altitudeMode>relativeToGround</altitudeMode><outerBoundaryIs><LinearRing><coordinates>-122.276327,37.849135,4 -122.276190,37.849135,4 -122.276190,37.849243,4 -122.276327,37.849243,4 -122.276327,37.849135,4</coordinates></LinearRing></outerBoundaryIs></Polygon></Placemark>
  <Placemark><name>ADU</name><styleUrl>#lab0</styleUrl><Region><LatLonAltBox><west>-122.276327</west><east>-122.276190</east><south>37.849135</south><north>37.849243</north></LatLonAltBox><Lod><minLodPixels>700</minLodPixels><maxLodPixels>-1</maxLodPixels></Lod></Region><Point><altitudeMode>relativeToGround</altitudeMode><coordinates>-122.276272,37.849178,4.0</coordinates></Point></Placemark>
  <Placemark><styleUrl>#poly0</styleUrl><Polygon><extrude>1</extrude><altitudeMode>relativeToGround</altitudeMode><outerBoundaryIs><LinearRing><coordinates>-122.292128,37.882134,4 -122.291992,37.882134,4 -122.291992,37.882242,4 -122.292128,37.882242,4 -122.292128,37.882134,4</coordinates></LinearRing></outerBoundaryIs></Polygon></Placemark>
  <Placemark><name>ADU</name><styleUrl>#lab0</styleUrl><Region><LatLonAltBox><west>-122.292128</west><east>-122.291992</east><south>37.882134</south><north>37.882242</north></LatLonAltBox><Lod><minLodPixels>700</minLodPixels><maxLodPixels>-1</maxLodPixels></Lod></Region><Point><altitudeMode>relativeToGround</altitudeMode><coordinates>-122.292074,37.882177,4.0</coordinates></Point></Placemark>
  <Placemark><styleUrl>#poly0</styleUrl><Polygon><extrude>1</extrude><altitudeMode>relativeToGround</altitudeMode><outerBoundaryIs><LinearRing><coordinates>-122.248179,37.858226,4 -122.248042,37.858226,4 -122.248042,37.858334,4 -122.248179,37.858334,4 -122.248179,37.858226,4</coordinates></LinearRing></outerBoundaryIs></Polygon></Placemark>
  <Placemark><name>ADU</name><styleUrl>#lab0</styleUrl><Region><LatLonAltBox><west>-122.248179</west><east>-122.248042</east><south>37.858226</south><north>37.858334</north></LatLonAltBox><Lod><minLodPixels>700</minLodPixels><maxLodPixels>-1</maxLodPixels></Lod></Region><Point><altitudeMode>relativeToGround</altitudeMode><coordinates>-122.248124,37.858269,4.0</coordinates></Point></Placemark>
  <Placemark><styleUrl>#poly0</styleUrl><Polygon><extrude>1</extrude><altitudeMode>relativeToGround</altitudeMode><outerBoundaryIs><LinearRing><coordinates>-122.277512,37.849116,4 -122.277376,37.849116,4 -122.277376,37.849223,4 -122.277512,37.849223,4 -122.277512,37.849116,4</coordinates></LinearRing></outerBoundaryIs></Polygon></Placemark>
  <Placemark><name>ADU</name><styleUrl>#lab0</styleUrl><Region><LatLonAltBox><west>-122.277512</west><east>-122.277376</east><south>37.849116</south><north>37.849223</north></LatLonAltBox><Lod><minLodPixels>700</minLodPixels><maxLodPixels>-1</maxLodPixels></Lod></Region><Point><altitudeMode>relativeToGround</altitudeMode><coordinates>-122.277458,37.849159,4.0</coordinates></Point></Placemark>
  <Placemark><styleUrl>#poly0</styleUrl><Polygon><extrude>1</extrude><altitudeMode>relativeToGround</altitudeMode><outerBoundaryIs><LinearRing><coordinates>-122.274412,37.901385,4 -122.274276,37.901385,4 -122.274276,37.901493,4 -122.274412,37.901493,4 -122.274412,37.901385,4</coordinates></LinearRing></outerBoundaryIs></Polygon></Placemark>
  <Placemark><name>ADU</name><styleUrl>#lab0</styleUrl><Region><LatLonAltBox><west>-122.274412</west><east>-122.274276</east><south>37.901385</south><north>37.901493</north></LatLonAltBox><Lod><minLodPixels>700</minLodPixels><maxLodPixels>-1</maxLodPixels></Lod></Region><Point><altitudeMode>relativeToGround</altitudeMode><coordinates>-122.274358,37.901428,4.0</coordinates></Point></Placemark>
  <Placemark><styleUrl>#poly0</styleUrl><Polygon><extrude>1</extrude><altitudeMode>relativeToGround</altitudeMode><outerBoundaryIs><LinearRing><coordinates>-122.270050,37.849424,4 -122.269914,37.849424,4 -122.269914,37.849532,4 -122.270050,37.849532,4 -122.270050,37.849424,4</coordinates></LinearRing></outerBoundaryIs></Polygon></Placemark>
  <Placemark><name>ADU</name><styleUrl>#lab0</styleUrl><Region><LatLonAltBox><west>-122.270050</west><east>-122.269914</east><south>37.849424</south><north>37.849532</north></LatLonAltBox><Lod><minLodPixels>700</minLodPixels><maxLodPixels>-1</maxLodPixels></Lod></Region><Point><altitudeMode>relativeToGround</altitudeMode><coordinates>-122.269996,37.849467,4.0</coordinates></Point></Placemark>
  <Placemark><styleUrl>#poly0</styleUrl><Polygon><extrude>1</extrude><altitudeMode>relativeToGround</altitudeMode><outerBoundaryIs><LinearRing><coordinates>-122.282528,37.861638,4 -122.282391,37.861638,4 -122.282391,37.861746,4 -122.282528,37.861746,4 -122.282528,37.861638,4</coordinates></LinearRing></outerBoundaryIs></Polygon></Placemark>
  <Placemark><name>ADU</name><styleUrl>#lab0</styleUrl><Region><LatLonAltBox><west>-122.282528</west><east>-122.282391</east><south>37.861638</south><north>37.861746</north></LatLonAltBox><Lod><minLodPixels>700</minLodPixels><maxLodPixels>-1</maxLodPixels></Lod></Region><Point><altitudeMode>relativeToGround</altitudeMode><coordinates>-122.282473,37.861681,4.0</coordinates></Point></Placemark>
  <Placemark><styleUrl>#poly0</styleUrl><Polygon><extrude>1</extrude><altitudeMode>relativeToGround</altitudeMode><outerBoundaryIs><LinearRing><coordinates>-122.288469,37.865505,4 -122.288333,37.865505,4 -122.288333,37.865613,4 -122.288469,37.865613,4 -122.288469,37.865505,4</coordinates></LinearRing></outerBoundaryIs></Polygon></Placemark>
  <Placemark><name>ADU</name><styleUrl>#lab0</styleUrl><Region><LatLonAltBox><west>-122.288469</west><east>-122.288333</east><south>37.865505</south><north>37.865613</north></LatLonAltBox><Lod><minLodPixels>700</minLodPixels><maxLodPixels>-1</maxLodPixels></Lod></Region><Point><altitudeMode>relativeToGround</altitudeMode><coordinates>-122.288415,37.865548,4.0</coordinates></Point></Placemark>
  <Placemark><styleUrl>#poly0</styleUrl><Polygon><extrude>1</extrude><altitudeMode>relativeToGround</altitudeMode><outerBoundaryIs><LinearRing><coordinates>-122.271409,37.889793,4 -122.271273,37.889793,4 -122.271273,37.889901,4 -122.271409,37.889901,4 -122.271409,37.889793,4</coordinates></LinearRing></outerBoundaryIs></Polygon></Placemark>
  <Placemark><name>ADU</name><styleUrl>#lab0</styleUrl><Region><LatLonAltBox><west>-122.271409</west><east>-122.271273</east><south>37.889793</south><north>37.889901</north></LatLonAltBox><Lod><minLodPixels>700</minLodPixels><maxLodPixels>-1</maxLodPixels></Lod></Region><Point><altitudeMode>relativeToGround</altitudeMode><coordinates>-122.271355,37.889836,4.0</coordinates></Point></Placemark>
  <Placemark><styleUrl>#poly0</styleUrl><Polygon><extrude>1</extrude><altitudeMode>relativeToGround</altitudeMode><outerBoundaryIs><LinearRing><coordinates>-122.264551,37.856714,4 -122.264414,37.856714,4 -122.264414,37.856822,4 -122.264551,37.856822,4 -122.264551,37.856714,4</coordinates></LinearRing></outerBoundaryIs></Polygon></Placemark>
  <Placemark><name>ADU</name><styleUrl>#lab0</styleUrl><Region><LatLonAltBox><west>-122.264551</west><east>-122.264414</east><south>37.856714</south><north>37.856822</north></LatLonAltBox><Lod><minLodPixels>700</minLodPixels><maxLodPixels>-1</maxLodPixels></Lod></Region><Point><altitudeMode>relativeToGround</altitudeMode><coordinates>-122.264496,37.856757,4.0</coordinates></Point></Placemark>
  <Placemark><styleUrl>#poly0</styleUrl><Polygon><extrude>1</extrude><altitudeMode>relativeToGround</altitudeMode><outerBoundaryIs><LinearRing><coordinates>-122.295164,37.864634,4 -122.295027,37.864634,4 -122.295027,37.864742,4 -122.295164,37.864742,4 -122.295164,37.864634,4</coordinates></LinearRing></outerBoundaryIs></Polygon></Placemark>
  <Placemark><name>ADU</name><styleUrl>#lab0</styleUrl><Region><LatLonAltBox><west>-122.295164</west><east>-122.295027</east><south>37.864634</south><north>37.864742</north></LatLonAltBox><Lod><minLodPixels>700</minLodPixels><maxLodPixels>-1</maxLodPixels></Lod></Region><Point><altitudeMode>relativeToGround</altitudeMode><coordinates>-122.295109,37.864677,4.0</coordinates></Point></Placemark>
  <Placemark><styleUrl>#poly0</styleUrl><Polygon><extrude>1</extrude><altitudeMode>relativeToGround</altitudeMode><outerBoundaryIs><LinearRing><coordinates>-122.273648,37.854795,4 -122.273511,37.854795,4 -122.273511,37.854903,4 -122.273648,37.854903,4 -122.273648,37.854795,4</coordinates></LinearRing></outerBoundaryIs></Polygon></Placemark>
  <Placemark><name>ADU</name><styleUrl>#lab0</styleUrl><Region><LatLonAltBox><west>-122.273648</west><east>-122.273511</east><south>37.854795</south><north>37.854903</north></LatLonAltBox><Lod><minLodPixels>700</minLodPixels><maxLodPixels>-1</maxLodPixels></Lod></Region><Point><altitudeMode>relativeToGround</altitudeMode><coordinates>-122.273593,37.854838,4.0</coordinates></Point></Placemark>
  <Placemark><styleUrl>#poly0</styleUrl><Polygon><extrude>1</extrude><altitudeMode>relativeToGround</altitudeMode><outerBoundaryIs><LinearRing><coordinates>-122.294672,37.863462,4 -122.294536,37.863462,4 -122.294536,37.863570,4 -122.294672,37.863570,4 -122.294672,37.863462,4</coordinates></LinearRing></outerBoundaryIs></Polygon></Placemark>
  <Placemark><name>ADU</name><styleUrl>#lab0</styleUrl><Region><LatLonAltBox><west>-122.294672</west><east>-122.294536</east><south>37.863462</south><north>37.863570</north></LatLonAltBox><Lod><minLodPixels>700</minLodPixels><maxLodPixels>-1</maxLodPixels></Lod></Region><Point><altitudeMode>relativeToGround</altitudeMode><coordinates>-122.294618,37.863505,4.0</coordinates></Point></Placemark>
  <Placemark><styleUrl>#poly0</styleUrl><Polygon><extrude>1</extrude><altitudeMode>relativeToGround</altitudeMode><outerBoundaryIs><LinearRing><coordinates>-122.247891,37.852307,4 -122.247754,37.852307,4 -122.247754,37.852414,4 -122.247891,37.852414,4 -122.247891,37.852307,4</coordinates></LinearRing></outerBoundaryIs></Polygon></Placemark>
  <Placemark><name>ADU</name><styleUrl>#lab0</styleUrl><Region><LatLonAltBox><west>-122.247891</west><east>-122.247754</east><south>37.852307</south><north>37.852414</north></LatLonAltBox><Lod><minLodPixels>700</minLodPixels><maxLodPixels>-1</maxLodPixels></Lod></Region><Point><altitudeMode>relativeToGround</altitudeMode><coordinates>-122.247836,37.852350,4.0</coordinates></Point></Placemark>
  <Placemark><styleUrl>#poly0</styleUrl><Polygon><extrude>1</extrude><altitudeMode>relativeToGround</altitudeMode><outerBoundaryIs><LinearRing><coordinates>-122.251272,37.855521,4 -122.251136,37.855521,4 -122.251136,37.855629,4 -122.251272,37.855629,4 -122.251272,37.855521,4</coordinates></LinearRing></outerBoundaryIs></Polygon></Placemark>
  <Placemark><name>ADU</name><styleUrl>#lab0</styleUrl><Region><LatLonAltBox><west>-122.251272</west><east>-122.251136</east><south>37.855521</south><north>37.855629</north></LatLonAltBox><Lod><minLodPixels>700</minLodPixels><maxLodPixels>-1</maxLodPixels></Lod></Region><Point><altitudeMode>relativeToGround</altitudeMode><coordinates>-122.251218,37.855564,4.0</coordinates></Point></Placemark>
  <Placemark><styleUrl>#poly0</styleUrl><Polygon><extrude>1</extrude><altitudeMode>relativeToGround</altitudeMode><outerBoundaryIs><LinearRing><coordinates>-122.291068,37.877264,4 -122.290931,37.877264,4 -122.290931,37.877371,4 -122.291068,37.877371,4 -122.291068,37.877264,4</coordinates></LinearRing></outerBoundaryIs></Polygon></Placemark>
  <Placemark><name>ADU</name><styleUrl>#lab0</styleUrl><Region><LatLonAltBox><west>-122.291068</west><east>-122.290931</east><south>37.877264</south><north>37.877371</north></LatLonAltBox><Lod><minLodPixels>700</minLodPixels><maxLodPixels>-1</maxLodPixels></Lod></Region><Point><altitudeMode>relativeToGround</altitudeMode><coordinates>-122.291013,37.877307,4.0</coordinates></Point></Placemark>
  <Placemark><styleUrl>#poly0</styleUrl><Polygon><extrude>1</extrude><altitudeMode>relativeToGround</altitudeMode><outerBoundaryIs><LinearRing><coordinates>-122.273427,37.867951,4 -122.273290,37.867951,4 -122.273290,37.868058,4 -122.273427,37.868058,4 -122.273427,37.867951,4</coordinates></LinearRing></outerBoundaryIs></Polygon></Placemark>
  <Placemark><name>ADU</name><styleUrl>#lab0</styleUrl><Region><LatLonAltBox><west>-122.273427</west><east>-122.273290</east><south>37.867951</south><north>37.868058</north></LatLonAltBox><Lod><minLodPixels>700</minLodPixels><maxLodPixels>-1</maxLodPixels></Lod></Region><Point><altitudeMode>relativeToGround</altitudeMode><coordinates>-122.273372,37.867994,4.0</coordinates></Point></Placemark>
  <Placemark><styleUrl>#poly0</styleUrl><Polygon><extrude>1</extrude><altitudeMode>relativeToGround</altitudeMode><outerBoundaryIs><LinearRing><coordinates>-122.296241,37.871576,4 -122.296104,37.871576,4 -122.296104,37.871684,4 -122.296241,37.871684,4 -122.296241,37.871576,4</coordinates></LinearRing></outerBoundaryIs></Polygon></Placemark>
  <Placemark><name>ADU</name><styleUrl>#lab0</styleUrl><Region><LatLonAltBox><west>-122.296241</west><east>-122.296104</east><south>37.871576</south><north>37.871684</north></LatLonAltBox><Lod><minLodPixels>700</minLodPixels><maxLodPixels>-1</maxLodPixels></Lod></Region><Point><altitudeMode>relativeToGround</altitudeMode><coordinates>-122.296186,37.871619,4.0</coordinates></Point></Placemark>
  <Placemark><styleUrl>#poly0</styleUrl><Polygon><extrude>1</extrude><altitudeMode>relativeToGround</altitudeMode><outerBoundaryIs><LinearRing><coordinates>-122.247619,37.882779,4 -122.247483,37.882779,4 -122.247483,37.882886,4 -122.247619,37.882886,4 -122.247619,37.882779,4</coordinates></LinearRing></outerBoundaryIs></Polygon></Placemark>
  <Placemark><name>ADU</name><styleUrl>#lab0</styleUrl><Region><LatLonAltBox><west>-122.247619</west><east>-122.247483</east><south>37.882779</south><north>37.882886</north></LatLonAltBox><Lod><minLodPixels>700</minLodPixels><maxLodPixels>-1</maxLodPixels></Lod></Region><Point><altitudeMode>relativeToGround</altitudeMode><coordinates>-122.247565,37.882822,4.0</coordinates></Point></Placemark>
  <Placemark><styleUrl>#poly0</styleUrl><Polygon><extrude>1</extrude><altitudeMode>relativeToGround</altitudeMode><outerBoundaryIs><LinearRing><coordinates>-122.294288,37.879532,4 -122.294152,37.879532,4 -122.294152,37.879639,4 -122.294288,37.879639,4 -122.294288,37.879532,4</coordinates></LinearRing></outerBoundaryIs></Polygon></Placemark>
  <Placemark><name>ADU</name><styleUrl>#lab0</styleUrl><Region><LatLonAltBox><west>-122.294288</west><east>-122.294152</east><south>37.879532</south><north>37.879639</north></LatLonAltBox><Lod><minLodPixels>700</minLodPixels><maxLodPixels>-1</maxLodPixels></Lod></Region><Point><altitudeMode>relativeToGround</altitudeMode><coordinates>-122.294234,37.879575,4.0</coordinates></Point></Placemark>
  <Placemark><styleUrl>#poly0</styleUrl><Polygon><extrude>1</extrude><altitudeMode>relativeToGround</altitudeMode><outerBoundaryIs><LinearRing><coordinates>-122.298105,37.877295,4 -122.297969,37.877295,4 -122.297969,37.877403,4 -122.298105,37.877403,4 -122.298105,37.877295,4</coordinates></LinearRing></outerBoundaryIs></Polygon></Placemark>
  <Placemark><name>ADU</name><styleUrl>#lab0</styleUrl><Region><LatLonAltBox><west>-122.298105</west><east>-122.297969</east><south>37.877295</south><north>37.877403</north></LatLonAltBox><Lod><minLodPixels>700</minLodPixels><maxLodPixels>-1</maxLodPixels></Lod></Region><Point><altitudeMode>relativeToGround</altitudeMode><coordinates>-122.298051,37.877338,4.0</coordinates></Point></Placemark>
  <Placemark><styleUrl>#poly0</styleUrl><Polygon><extrude>1</extrude><altitudeMode>relativeToGround</altitudeMode><outerBoundaryIs><LinearRing><coordinates>-122.284190,37.858731,4 -122.284054,37.858731,4 -122.284054,37.858839,4 -122.284190,37.858839,4 -122.284190,37.858731,4</coordinates></LinearRing></outerBoundaryIs></Polygon></Placemark>
  <Placemark><name>ADU</name><styleUrl>#lab0</styleUrl><Region><LatLonAltBox><west>-122.284190</west><east>-122.284054</east><south>37.858731</south><north>37.858839</north></LatLonAltBox><Lod><minLodPixels>700</minLodPixels><maxLodPixels>-1</maxLodPixels></Lod></Region><Point><altitudeMode>relativeToGround</altitudeMode><coordinates>-122.284136,37.858774,4.0</coordinates></Point></Placemark>
  <Placemark><styleUrl>#poly0</styleUrl><Polygon><extrude>1</extrude><altitudeMode>relativeToGround</altitudeMode><outerBoundaryIs><LinearRing><coordinates>-122.282530,37.871509,4 -122.282393,37.871509,4 -122.282393,37.871617,4 -122.282530,37.871617,4 -122.282530,37.871509,4</coordinates></LinearRing></outerBoundaryIs></Polygon></Placemark>
  <Placemark><name>ADU</name><styleUrl>#lab0</styleUrl><Region><LatLonAltBox><west>-122.282530</west><east>-122.282393</east><south>37.871509</south><north>37.871617</north></LatLonAltBox><Lod><minLodPixels>700</minLodPixels><maxLodPixels>-1</maxLodPixels></Lod></Region><Point><altitudeMode>relativeToGround</altitudeMode><coordinates>-122.282475,37.871552,4.0</coordinates></Point></Placemark>
  <Placemark><styleUrl>#poly0</styleUrl><Polygon><extrude>1</extrude><altitudeMode>relativeToGround</altitudeMode><outerBoundaryIs><LinearRing><coordinates>-122.254882,37.895800,4 -122.254746,37.895800,4 -122.254746,37.895908,4 -122.254882,37.895908,4 -122.254882,37.895800,4</coordinates></LinearRing></outerBoundaryIs></Polygon></Placemark>
  <Placemark><name>ADU</name><styleUrl>#lab0</styleUrl><Region><LatLonAltBox><west>-122.254882</west><east>-122.254746</east><south>37.895800</south><north>37.895908</north></LatLonAltBox><Lod><minLodPixels>700</minLodPixels><maxLodPixels>-1</maxLodPixels></Lod></Region><Point><altitudeMode>relativeToGround</altitudeMode><coordinates>-122.254828,37.895843,4.0</coordinates></Point></Placemark>
  <Placemark><styleUrl>#poly0</styleUrl><Polygon><extrude>1</extrude><altitudeMode>relativeToGround</altitudeMode><outerBoundaryIs><LinearRing><coordinates>-122.259178,37.866476,4 -122.259042,37.866476,4 -122.259042,37.866583,4 -122.259178,37.866583,4 -122.259178,37.866476,4</coordinates></LinearRing></outerBoundaryIs></Polygon></Placemark>
  <Placemark><name>ADU</name><styleUrl>#lab0</styleUrl><Region><LatLonAltBox><west>-122.259178</west><east>-122.259042</east><south>37.866476</south><north>37.866583</north></LatLonAltBox><Lod><minLodPixels>700</minLodPixels><maxLodPixels>-1</maxLodPixels></Lod></Region><Point><altitudeMode>relativeToGround</altitudeMode><coordinates>-122.259124,37.866519,4.0</coordinates></Point></Placemark>
  <Placemark><styleUrl>#poly0</styleUrl><Polygon><extrude>1</extrude><altitudeMode>relativeToGround</altitudeMode><outerBoundaryIs><LinearRing><coordinates>-122.292653,37.874412,4 -122.292517,37.874412,4 -122.292517,37.874519,4 -122.292653,37.874519,4 -122.292653,37.874412,4</coordinates></LinearRing></outerBoundaryIs></Polygon></Placemark>
  <Placemark><name>ADU</name><styleUrl>#lab0</styleUrl><Region><LatLonAltBox><west>-122.292653</west><east>-122.292517</east><south>37.874412</south><north>37.874519</north></LatLonAltBox><Lod><minLodPixels>700</minLodPixels><maxLodPixels>-1</maxLodPixels></Lod></Region><Point><altitudeMode>relativeToGround</altitudeMode><coordinates>-122.292599,37.874455,4.0</coordinates></Point></Placemark>
  <Placemark><styleUrl>#poly0</styleUrl><Polygon><extrude>1</extrude><altitudeMode>relativeToGround</altitudeMode><outerBoundaryIs><LinearRing><coordinates>-122.270770,37.887226,4 -122.270634,37.887226,4 -122.270634,37.887333,4 -122.270770,37.887333,4 -122.270770,37.887226,4</coordinates></LinearRing></outerBoundaryIs></Polygon></Placemark>
  <Placemark><name>ADU</name><styleUrl>#lab0</styleUrl><Region><LatLonAltBox><west>-122.270770</west><east>-122.270634</east><south>37.887226</south><north>37.887333</north></LatLonAltBox><Lod><minLodPixels>700</minLodPixels><maxLodPixels>-1</maxLodPixels></Lod></Region><Point><altitudeMode>relativeToGround</altitudeMode><coordinates>-122.270716,37.887269,4.0</coordinates></Point></Placemark>
  <Placemark><styleUrl>#poly0</styleUrl><Polygon><extrude>1</extrude><altitudeMode>relativeToGround</altitudeMode><outerBoundaryIs><LinearRing><coordinates>-122.270563,37.856754,4 -122.270427,37.856754,4 -122.270427,37.856862,4 -122.270563,37.856862,4 -122.270563,37.856754,4</coordinates></LinearRing></outerBoundaryIs></Polygon></Placemark>
  <Placemark><name>ADU</name><styleUrl>#lab0</styleUrl><Region><LatLonAltBox><west>-122.270563</west><east>-122.270427</east><south>37.856754</south><north>37.856862</north></LatLonAltBox><Lod><minLodPixels>700</minLodPixels><maxLodPixels>-1</maxLodPixels></Lod></Region><Point><altitudeMode>relativeToGround</altitudeMode><coordinates>-122.270509,37.856797,4.0</coordinates></Point></Placemark>
  <Placemark><styleUrl>#poly0</styleUrl><Polygon><extrude>1</extrude><altitudeMode>relativeToGround</altitudeMode><outerBoundaryIs><LinearRing><coordinates>-122.295760,37.875235,4 -122.295624,37.875235,4 -122.295624,37.875343,4 -122.295760,37.875343,4 -122.295760,37.875235,4</coordinates></LinearRing></outerBoundaryIs></Polygon></Placemark>
  <Placemark><name>ADU</name><styleUrl>#lab0</styleUrl><Region><LatLonAltBox><west>-122.295760</west><east>-122.295624</east><south>37.875235</south><north>37.875343</north></LatLonAltBox><Lod><minLodPixels>700</minLodPixels><maxLodPixels>-1</maxLodPixels></Lod></Region><Point><altitudeMode>relativeToGround</altitudeMode><coordinates>-122.295706,37.875278,4.0</coordinates></Point></Placemark>
  <Placemark><styleUrl>#poly0</styleUrl><Polygon><extrude>1</extrude><altitudeMode>relativeToGround</altitudeMode><outerBoundaryIs><LinearRing><coordinates>-122.284172,37.857828,4 -122.284036,37.857828,4 -122.284036,37.857936,4 -122.284172,37.857936,4 -122.284172,37.857828,4</coordinates></LinearRing></outerBoundaryIs></Polygon></Placemark>
  <Placemark><name>ADU</name><styleUrl>#lab0</styleUrl><Region><LatLonAltBox><west>-122.284172</west><east>-122.284036</east><south>37.857828</south><north>37.857936</north></LatLonAltBox><Lod><minLodPixels>700</minLodPixels><maxLodPixels>-1</maxLodPixels></Lod></Region><Point><altitudeMode>relativeToGround</altitudeMode><coordinates>-122.284118,37.857871,4.0</coordinates></Point></Placemark>
  <Placemark><styleUrl>#poly0</styleUrl><Polygon><extrude>1</extrude><altitudeMode>relativeToGround</altitudeMode><outerBoundaryIs><LinearRing><coordinates>-122.296874,37.869731,4 -122.296738,37.869731,4 -122.296738,37.869839,4 -122.296874,37.869839,4 -122.296874,37.869731,4</coordinates></LinearRing></outerBoundaryIs></Polygon></Placemark>
  <Placemark><name>ADU</name><styleUrl>#lab0</styleUrl><Region><LatLonAltBox><west>-122.296874</west><east>-122.296738</east><south>37.869731</south><north>37.869839</north></LatLonAltBox><Lod><minLodPixels>700</minLodPixels><maxLodPixels>-1</maxLodPixels></Lod></Region><Point><altitudeMode>relativeToGround</altitudeMode><coordinates>-122.296820,37.869774,4.0</coordinates></Point></Placemark>
  <Placemark><styleUrl>#poly0</styleUrl><Polygon><extrude>1</extrude><altitudeMode>relativeToGround</altitudeMode><outerBoundaryIs><LinearRing><coordinates>-122.251948,37.852907,4 -122.251812,37.852907,4 -122.251812,37.853015,4 -122.251948,37.853015,4 -122.251948,37.852907,4</coordinates></LinearRing></outerBoundaryIs></Polygon></Placemark>
  <Placemark><name>ADU</name><styleUrl>#lab0</styleUrl><Region><LatLonAltBox><west>-122.251948</west><east>-122.251812</east><south>37.852907</south><north>37.853015</north></LatLonAltBox><Lod><minLodPixels>700</minLodPixels><maxLodPixels>-1</maxLodPixels></Lod></Region><Point><altitudeMode>relativeToGround</altitudeMode><coordinates>-122.251894,37.852950,4.0</coordinates></Point></Placemark>
  <Placemark><styleUrl>#poly0</styleUrl><Polygon><extrude>1</extrude><altitudeMode>relativeToGround</altitudeMode><outerBoundaryIs><LinearRing><coordinates>-122.283326,37.858496,4 -122.283190,37.858496,4 -122.283190,37.858604,4 -122.283326,37.858604,4 -122.283326,37.858496,4</coordinates></LinearRing></outerBoundaryIs></Polygon></Placemark>
  <Placemark><name>ADU</name><styleUrl>#lab0</styleUrl><Region><LatLonAltBox><west>-122.283326</west><east>-122.283190</east><south>37.858496</south><north>37.858604</north></LatLonAltBox><Lod><minLodPixels>700</minLodPixels><maxLodPixels>-1</maxLodPixels></Lod></Region><Point><altitudeMode>relativeToGround</altitudeMode><coordinates>-122.283272,37.858539,4.0</coordinates></Point></Placemark>
  <Placemark><styleUrl>#poly0</styleUrl><Polygon><extrude>1</extrude><altitudeMode>relativeToGround</altitudeMode><outerBoundaryIs><LinearRing><coordinates>-122.276763,37.847795,4 -122.276627,37.847795,4 -122.276627,37.847903,4 -122.276763,37.847903,4 -122.276763,37.847795,4</coordinates></LinearRing></outerBoundaryIs></Polygon></Placemark>
  <Placemark><name>ADU</name><styleUrl>#lab0</styleUrl><Region><LatLonAltBox><west>-122.276763</west><east>-122.276627</east><south>37.847795</south><north>37.847903</north></LatLonAltBox><Lod><minLodPixels>700</minLodPixels><maxLodPixels>-1</maxLodPixels></Lod></Region><Point><altitudeMode>relativeToGround</altitudeMode><coordinates>-122.276709,37.847838,4.0</coordinates></Point></Placemark>
  <Placemark><styleUrl>#poly0</styleUrl><Polygon><extrude>1</extrude><altitudeMode>relativeToGround</altitudeMode><outerBoundaryIs><LinearRing><coordinates>-122.238087,37.855456,4 -122.237950,37.855456,4 -122.237950,37.855564,4 -122.238087,37.855564,4 -122.238087,37.855456,4</coordinates></LinearRing></outerBoundaryIs></Polygon></Placemark>
  <Placemark><name>ADU</name><styleUrl>#lab0</styleUrl><Region><LatLonAltBox><west>-122.238087</west><east>-122.237950</east><south>37.855456</south><north>37.855564</north></LatLonAltBox><Lod><minLodPixels>700</minLodPixels><maxLodPixels>-1</maxLodPixels></Lod></Region><Point><altitudeMode>relativeToGround</altitudeMode><coordinates>-122.238032,37.855499,4.0</coordinates></Point></Placemark>
  <Placemark><styleUrl>#poly0</styleUrl><Polygon><extrude>1</extrude><altitudeMode>relativeToGround</altitudeMode><outerBoundaryIs><LinearRing><coordinates>-122.259370,37.880224,4 -122.259233,37.880224,4 -122.259233,37.880331,4 -122.259370,37.880331,4 -122.259370,37.880224,4</coordinates></LinearRing></outerBoundaryIs></Polygon></Placemark>
  <Placemark><name>ADU</name><styleUrl>#lab0</styleUrl><Region><LatLonAltBox><west>-122.259370</west><east>-122.259233</east><south>37.880224</south><north>37.880331</north></LatLonAltBox><Lod><minLodPixels>700</minLodPixels><maxLodPixels>-1</maxLodPixels></Lod></Region><Point><altitudeMode>relativeToGround</altitudeMode><coordinates>-122.259315,37.880267,4.0</coordinates></Point></Placemark>
  <Placemark><styleUrl>#poly0</styleUrl><Polygon><extrude>1</extrude><altitudeMode>relativeToGround</altitudeMode><outerBoundaryIs><LinearRing><coordinates>-122.278697,37.852599,4 -122.278561,37.852599,4 -122.278561,37.852707,4 -122.278697,37.852707,4 -122.278697,37.852599,4</coordinates></LinearRing></outerBoundaryIs></Polygon></Placemark>
  <Placemark><name>ADU</name><styleUrl>#lab0</styleUrl><Region><LatLonAltBox><west>-122.278697</west><east>-122.278561</east><south>37.852599</south><north>37.852707</north></LatLonAltBox><Lod><minLodPixels>700</minLodPixels><maxLodPixels>-1</maxLodPixels></Lod></Region><Point><altitudeMode>relativeToGround</altitudeMode><coordinates>-122.278643,37.852642,4.0</coordinates></Point></Placemark>
  <Placemark><styleUrl>#poly0</styleUrl><Polygon><extrude>1</extrude><altitudeMode>relativeToGround</altitudeMode><outerBoundaryIs><LinearRing><coordinates>-122.280281,37.876235,4 -122.280145,37.876235,4 -122.280145,37.876343,4 -122.280281,37.876343,4 -122.280281,37.876235,4</coordinates></LinearRing></outerBoundaryIs></Polygon></Placemark>
  <Placemark><name>ADU</name><styleUrl>#lab0</styleUrl><Region><LatLonAltBox><west>-122.280281</west><east>-122.280145</east><south>37.876235</south><north>37.876343</north></LatLonAltBox><Lod><minLodPixels>700</minLodPixels><maxLodPixels>-1</maxLodPixels></Lod></Region><Point><altitudeMode>relativeToGround</altitudeMode><coordinates>-122.280227,37.876278,4.0</coordinates></Point></Placemark>
  <Placemark><styleUrl>#poly0</styleUrl><Polygon><extrude>1</extrude><altitudeMode>relativeToGround</altitudeMode><outerBoundaryIs><LinearRing><coordinates>-122.284188,37.880114,4 -122.284052,37.880114,4 -122.284052,37.880221,4 -122.284188,37.880221,4 -122.284188,37.880114,4</coordinates></LinearRing></outerBoundaryIs></Polygon></Placemark>
  <Placemark><name>ADU</name><styleUrl>#lab0</styleUrl><Region><LatLonAltBox><west>-122.284188</west><east>-122.284052</east><south>37.880114</south><north>37.880221</north></LatLonAltBox><Lod><minLodPixels>700</minLodPixels><maxLodPixels>-1</maxLodPixels></Lod></Region><Point><altitudeMode>relativeToGround</altitudeMode><coordinates>-122.284134,37.880157,4.0</coordinates></Point></Placemark>
  <Placemark><styleUrl>#poly0</styleUrl><Polygon><extrude>1</extrude><altitudeMode>relativeToGround</altitudeMode><outerBoundaryIs><LinearRing><coordinates>-122.294000,37.862262,4 -122.293864,37.862262,4 -122.293864,37.862370,4 -122.294000,37.862370,4 -122.294000,37.862262,4</coordinates></LinearRing></outerBoundaryIs></Polygon></Placemark>
  <Placemark><name>ADU</name><styleUrl>#lab0</styleUrl><Region><LatLonAltBox><west>-122.294000</west><east>-122.293864</east><south>37.862262</south><north>37.862370</north></LatLonAltBox><Lod><minLodPixels>700</minLodPixels><maxLodPixels>-1</maxLodPixels></Lod></Region><Point><altitudeMode>relativeToGround</altitudeMode><coordinates>-122.293946,37.862305,4.0</coordinates></Point></Placemark>
  <Placemark><styleUrl>#poly0</styleUrl><Polygon><extrude>1</extrude><altitudeMode>relativeToGround</altitudeMode><outerBoundaryIs><LinearRing><coordinates>-122.282028,37.856338,4 -122.281892,37.856338,4 -122.281892,37.856446,4 -122.282028,37.856446,4 -122.282028,37.856338,4</coordinates></LinearRing></outerBoundaryIs></Polygon></Placemark>
  <Placemark><name>ADU</name><styleUrl>#lab0</styleUrl><Region><LatLonAltBox><west>-122.282028</west><east>-122.281892</east><south>37.856338</south><north>37.856446</north></LatLonAltBox><Lod><minLodPixels>700</minLodPixels><maxLodPixels>-1</maxLodPixels></Lod></Region><Point><altitudeMode>relativeToGround</altitudeMode><coordinates>-122.281974,37.856381,4.0</coordinates></Point></Placemark>
  <Placemark><styleUrl>#poly0</styleUrl><Polygon><extrude>1</extrude><altitudeMode>relativeToGround</altitudeMode><outerBoundaryIs><LinearRing><coordinates>-122.266325,37.879978,4 -122.266189,37.879978,4 -122.266189,37.880086,4 -122.266325,37.880086,4 -122.266325,37.879978,4</coordinates></LinearRing></outerBoundaryIs></Polygon></Placemark>
  <Placemark><name>ADU</name><styleUrl>#lab0</styleUrl><Region><LatLonAltBox><west>-122.266325</west><east>-122.266189</east><south>37.879978</south><north>37.880086</north></LatLonAltBox><Lod><minLodPixels>700</minLodPixels><maxLodPixels>-1</maxLodPixels></Lod></Region><Point><altitudeMode>relativeToGround</altitudeMode><coordinates>-122.266271,37.880021,4.0</coordinates></Point></Placemark>
  <Placemark><styleUrl>#poly0</styleUrl><Polygon><extrude>1</extrude><altitudeMode>relativeToGround</altitudeMode><outerBoundaryIs><LinearRing><coordinates>-122.281715,37.886848,4 -122.281578,37.886848,4 -122.281578,37.886956,4 -122.281715,37.886956,4 -122.281715,37.886848,4</coordinates></LinearRing></outerBoundaryIs></Polygon></Placemark>
  <Placemark><name>ADU</name><styleUrl>#lab0</styleUrl><Region><LatLonAltBox><west>-122.281715</west><east>-122.281578</east><south>37.886848</south><north>37.886956</north></LatLonAltBox><Lod><minLodPixels>700</minLodPixels><maxLodPixels>-1</maxLodPixels></Lod></Region><Point><altitudeMode>relativeToGround</altitudeMode><coordinates>-122.281660,37.886891,4.0</coordinates></Point></Placemark>
  <Placemark><styleUrl>#poly0</styleUrl><Polygon><extrude>1</extrude><altitudeMode>relativeToGround</altitudeMode><outerBoundaryIs><LinearRing><coordinates>-122.290711,37.859874,4 -122.290574,37.859874,4 -122.290574,37.859982,4 -122.290711,37.859982,4 -122.290711,37.859874,4</coordinates></LinearRing></outerBoundaryIs></Polygon></Placemark>
  <Placemark><name>ADU</name><styleUrl>#lab0</styleUrl><Region><LatLonAltBox><west>-122.290711</west><east>-122.290574</east><south>37.859874</south><north>37.859982</north></LatLonAltBox><Lod><minLodPixels>700</minLodPixels><maxLodPixels>-1</maxLodPixels></Lod></Region><Point><altitudeMode>relativeToGround</altitudeMode><coordinates>-122.290656,37.859917,4.0</coordinates></Point></Placemark>
  <Placemark><styleUrl>#poly0</styleUrl><Polygon><extrude>1</extrude><altitudeMode>relativeToGround</altitudeMode><outerBoundaryIs><LinearRing><coordinates>-122.274510,37.886264,4 -122.274373,37.886264,4 -122.274373,37.886371,4 -122.274510,37.886371,4 -122.274510,37.886264,4</coordinates></LinearRing></outerBoundaryIs></Polygon></Placemark>
  <Placemark><name>ADU</name><styleUrl>#lab0</styleUrl><Region><LatLonAltBox><west>-122.274510</west><east>-122.274373</east><south>37.886264</south><north>37.886371</north></LatLonAltBox><Lod><minLodPixels>700</minLodPixels><maxLodPixels>-1</maxLodPixels></Lod></Region><Point><altitudeMode>relativeToGround</altitudeMode><coordinates>-122.274455,37.886307,4.0</coordinates></Point></Placemark>
  <Placemark><styleUrl>#poly0</styleUrl><Polygon><extrude>1</extrude><altitudeMode>relativeToGround</altitudeMode><outerBoundaryIs><LinearRing><coordinates>-122.298043,37.869865,4 -122.297906,37.869865,4 -122.297906,37.869973,4 -122.298043,37.869973,4 -122.298043,37.869865,4</coordinates></LinearRing></outerBoundaryIs></Polygon></Placemark>
  <Placemark><name>ADU</name><styleUrl>#lab0</styleUrl><Region><LatLonAltBox><west>-122.298043</west><east>-122.297906</east><south>37.869865</south><north>37.869973</north></LatLonAltBox><Lod><minLodPixels>700</minLodPixels><maxLodPixels>-1</maxLodPixels></Lod></Region><Point><altitudeMode>relativeToGround</altitudeMode><coordinates>-122.297988,37.869908,4.0</coordinates></Point></Placemark>
  <Placemark><styleUrl>#poly0</styleUrl><Polygon><extrude>1</extrude><altitudeMode>relativeToGround</altitudeMode><outerBoundaryIs><LinearRing><coordinates>-122.281615,37.847570,4 -122.281479,37.847570,4 -122.281479,37.847678,4 -122.281615,37.847678,4 -122.281615,37.847570,4</coordinates></LinearRing></outerBoundaryIs></Polygon></Placemark>
  <Placemark><name>ADU</name><styleUrl>#lab0</styleUrl><Region><LatLonAltBox><west>-122.281615</west><east>-122.281479</east><south>37.847570</south><north>37.847678</north></LatLonAltBox><Lod><minLodPixels>700</minLodPixels><maxLodPixels>-1</maxLodPixels></Lod></Region><Point><altitudeMode>relativeToGround</altitudeMode><coordinates>-122.281561,37.847613,4.0</coordinates></Point></Placemark>
  <Placemark><styleUrl>#poly0</styleUrl><Polygon><extrude>1</extrude><altitudeMode>relativeToGround</altitudeMode><outerBoundaryIs><LinearRing><coordinates>-122.251873,37.861674,4 -122.251737,37.861674,4 -122.251737,37.861782,4 -122.251873,37.861782,4 -122.251873,37.861674,4</coordinates></LinearRing></outerBoundaryIs></Polygon></Placemark>
  <Placemark><name>ADU</name><styleUrl>#lab0</styleUrl><Region><LatLonAltBox><west>-122.251873</west><east>-122.251737</east><south>37.861674</south><north>37.861782</north></LatLonAltBox><Lod><minLodPixels>700</minLodPixels><maxLodPixels>-1</maxLodPixels></Lod></Region><Point><altitudeMode>relativeToGround</altitudeMode><coordinates>-122.251819,37.861717,4.0</coordinates></Point></Placemark>
  <Placemark><styleUrl>#poly0</styleUrl><Polygon><extrude>1</extrude><altitudeMode>relativeToGround</altitudeMode><outerBoundaryIs><LinearRing><coordinates>-122.249374,37.852447,4 -122.249238,37.852447,4 -122.249238,37.852554,4 -122.249374,37.852554,4 -122.249374,37.852447,4</coordinates></LinearRing></outerBoundaryIs></Polygon></Placemark>
  <Placemark><name>ADU</name><styleUrl>#lab0</styleUrl><Region><LatLonAltBox><west>-122.249374</west><east>-122.249238</east><south>37.852447</south><north>37.852554</north></LatLonAltBox><Lod><minLodPixels>700</minLodPixels><maxLodPixels>-1</maxLodPixels></Lod></Region><Point><altitudeMode>relativeToGround</altitudeMode><coordinates>-122.249320,37.852490,4.0</coordinates></Point></Placemark>
  <Placemark><styleUrl>#poly0</styleUrl><Polygon><extrude>1</extrude><altitudeMode>relativeToGround</altitudeMode><outerBoundaryIs><LinearRing><coordinates>-122.292163,37.882245,4 -122.292026,37.882245,4 -122.292026,37.882353,4 -122.292163,37.882353,4 -122.292163,37.882245,4</coordinates></LinearRing></outerBoundaryIs></Polygon></Placemark>
  <Placemark><name>ADU</name><styleUrl>#lab0</styleUrl><Region><LatLonAltBox><west>-122.292163</west><east>-122.292026</east><south>37.882245</south><north>37.882353</north></LatLonAltBox><Lod><minLodPixels>700</minLodPixels><maxLodPixels>-1</maxLodPixels></Lod></Region><Point><altitudeMode>relativeToGround</altitudeMode><coordinates>-122.292108,37.882288,4.0</coordinates></Point></Placemark>
  <Placemark><styleUrl>#poly0</styleUrl><Polygon><extrude>1</extrude><altitudeMode>relativeToGround</altitudeMode><outerBoundaryIs><LinearRing><coordinates>-122.289217,37.870496,4 -122.289081,37.870496,4 -122.289081,37.870603,4 -122.289217,37.870603,4 -122.289217,37.870496,4</coordinates></LinearRing></outerBoundaryIs></Polygon></Placemark>
  <Placemark><name>ADU</name><styleUrl>#lab0</styleUrl><Region><LatLonAltBox><west>-122.289217</west><east>-122.289081</east><south>37.870496</south><north>37.870603</north></LatLonAltBox><Lod><minLodPixels>700</minLodPixels><maxLodPixels>-1</maxLodPixels></Lod></Region><Point><altitudeMode>relativeToGround</altitudeMode><coordinates>-122.289163,37.870539,4.0</coordinates></Point></Placemark>
  <Placemark><styleUrl>#poly0</styleUrl><Polygon><extrude>1</extrude><altitudeMode>relativeToGround</altitudeMode><outerBoundaryIs><LinearRing><coordinates>-122.264231,37.856749,4 -122.264095,37.856749,4 -122.264095,37.856857,4 -122.264231,37.856857,4 -122.264231,37.856749,4</coordinates></LinearRing></outerBoundaryIs></Polygon></Placemark>
  <Placemark><name>ADU</name><styleUrl>#lab0</styleUrl><Region><LatLonAltBox><west>-122.264231</west><east>-122.264095</east><south>37.856749</south><north>37.856857</north></LatLonAltBox><Lod><minLodPixels>700</minLodPixels><maxLodPixels>-1</maxLodPixels></Lod></Region><Point><altitudeMode>relativeToGround</altitudeMode><coordinates>-122.264177,37.856792,4.0</coordinates></Point></Placemark>
  <Placemark><styleUrl>#poly0</styleUrl><Polygon><extrude>1</extrude><altitudeMode>relativeToGround</altitudeMode><outerBoundaryIs><LinearRing><coordinates>-122.266448,37.881359,4 -122.266311,37.881359,4 -122.266311,37.881466,4 -122.266448,37.881466,4 -122.266448,37.881359,4</coordinates></LinearRing></outerBoundaryIs></Polygon></Placemark>
  <Placemark><name>ADU</name><styleUrl>#lab0</styleUrl><Region><LatLonAltBox><west>-122.266448</west><east>-122.266311</east><south>37.881359</south><north>37.881466</north></LatLonAltBox><Lod><minLodPixels>700</minLodPixels><maxLodPixels>-1</maxLodPixels></Lod></Region><Point><altitudeMode>relativeToGround</altitudeMode><coordinates>-122.266393,37.881402,4.0</coordinates></Point></Placemark>
  <Placemark><styleUrl>#poly0</styleUrl><Polygon><extrude>1</extrude><altitudeMode>relativeToGround</altitudeMode><outerBoundaryIs><LinearRing><coordinates>-122.286185,37.872729,4 -122.286048,37.872729,4 -122.286048,37.872837,4 -122.286185,37.872837,4 -122.286185,37.872729,4</coordinates></LinearRing></outerBoundaryIs></Polygon></Placemark>
  <Placemark><name>ADU</name><styleUrl>#lab0</styleUrl><Region><LatLonAltBox><west>-122.286185</west><east>-122.286048</east><south>37.872729</south><north>37.872837</north></LatLonAltBox><Lod><minLodPixels>700</minLodPixels><maxLodPixels>-1</maxLodPixels></Lod></Region><Point><altitudeMode>relativeToGround</altitudeMode><coordinates>-122.286130,37.872772,4.0</coordinates></Point></Placemark>
  <Placemark><styleUrl>#poly0</styleUrl><Polygon><extrude>1</extrude><altitudeMode>relativeToGround</altitudeMode><outerBoundaryIs><LinearRing><coordinates>-122.281292,37.851301,4 -122.281155,37.851301,4 -122.281155,37.851409,4 -122.281292,37.851409,4 -122.281292,37.851301,4</coordinates></LinearRing></outerBoundaryIs></Polygon></Placemark>
  <Placemark><name>ADU</name><styleUrl>#lab0</styleUrl><Region><LatLonAltBox><west>-122.281292</west><east>-122.281155</east><south>37.851301</south><north>37.851409</north></LatLonAltBox><Lod><minLodPixels>700</minLodPixels><maxLodPixels>-1</maxLodPixels></Lod></Region><Point><altitudeMode>relativeToGround</altitudeMode><coordinates>-122.281237,37.851344,4.0</coordinates></Point></Placemark>
  <Placemark><styleUrl>#poly0</styleUrl><Polygon><extrude>1</extrude><altitudeMode>relativeToGround</altitudeMode><outerBoundaryIs><LinearRing><coordinates>-122.276528,37.895502,4 -122.276392,37.895502,4 -122.276392,37.895609,4 -122.276528,37.895609,4 -122.276528,37.895502,4</coordinates></LinearRing></outerBoundaryIs></Polygon></Placemark>
  <Placemark><name>ADU</name><styleUrl>#lab0</styleUrl><Region><LatLonAltBox><west>-122.276528</west><east>-122.276392</east><south>37.895502</south><north>37.895609</north></LatLonAltBox><Lod><minLodPixels>700</minLodPixels><maxLodPixels>-1</maxLodPixels></Lod></Region><Point><altitudeMode>relativeToGround</altitudeMode><coordinates>-122.276474,37.895545,4.0</coordinates></Point></Placemark>
  <Placemark><styleUrl>#poly0</styleUrl><Polygon><extrude>1</extrude><altitudeMode>relativeToGround</altitudeMode><outerBoundaryIs><LinearRing><coordinates>-122.248148,37.858109,4 -122.248012,37.858109,4 -122.248012,37.858217,4 -122.248148,37.858217,4 -122.248148,37.858109,4</coordinates></LinearRing></outerBoundaryIs></Polygon></Placemark>
  <Placemark><name>ADU</name><styleUrl>#lab0</styleUrl><Region><LatLonAltBox><west>-122.248148</west><east>-122.248012</east><south>37.858109</south><north>37.858217</north></LatLonAltBox><Lod><minLodPixels>700</minLodPixels><maxLodPixels>-1</maxLodPixels></Lod></Region><Point><altitudeMode>relativeToGround</altitudeMode><coordinates>-122.248094,37.858152,4.0</coordinates></Point></Placemark>
  <Placemark><styleUrl>#poly0</styleUrl><Polygon><extrude>1</extrude><altitudeMode>relativeToGround</altitudeMode><outerBoundaryIs><LinearRing><coordinates>-122.294578,37.862979,4 -122.294441,37.862979,4 -122.294441,37.863087,4 -122.294578,37.863087,4 -122.294578,37.862979,4</coordinates></LinearRing></outerBoundaryIs></Polygon></Placemark>
  <Placemark><name>ADU</name><styleUrl>#lab0</styleUrl><Region><LatLonAltBox><west>-122.294578</west><east>-122.294441</east><south>37.862979</south><north>37.863087</north></LatLonAltBox><Lod><minLodPixels>700</minLodPixels><maxLodPixels>-1</maxLodPixels></Lod></Region><Point><altitudeMode>relativeToGround</altitudeMode><coordinates>-122.294523,37.863022,4.0</coordinates></Point></Placemark>
  <Placemark><styleUrl>#poly0</styleUrl><Polygon><extrude>1</extrude><altitudeMode>relativeToGround</altitudeMode><outerBoundaryIs><LinearRing><coordinates>-122.250611,37.855224,4 -122.250474,37.855224,4 -122.250474,37.855332,4 -122.250611,37.855332,4 -122.250611,37.855224,4</coordinates></LinearRing></outerBoundaryIs></Polygon></Placemark>
  <Placemark><name>ADU</name><styleUrl>#lab0</styleUrl><Region><LatLonAltBox><west>-122.250611</west><east>-122.250474</east><south>37.855224</south><north>37.855332</north></LatLonAltBox><Lod><minLodPixels>700</minLodPixels><maxLodPixels>-1</maxLodPixels></Lod></Region><Point><altitudeMode>relativeToGround</altitudeMode><coordinates>-122.250556,37.855267,4.0</coordinates></Point></Placemark>
  <Placemark><styleUrl>#poly0</styleUrl><Polygon><extrude>1</extrude><altitudeMode>relativeToGround</altitudeMode><outerBoundaryIs><LinearRing><coordinates>-122.265828,37.857386,4 -122.265692,37.857386,4 -122.265692,37.857494,4 -122.265828,37.857494,4 -122.265828,37.857386,4</coordinates></LinearRing></outerBoundaryIs></Polygon></Placemark>
  <Placemark><name>ADU</name><styleUrl>#lab0</styleUrl><Region><LatLonAltBox><west>-122.265828</west><east>-122.265692</east><south>37.857386</south><north>37.857494</north></LatLonAltBox><Lod><minLodPixels>700</minLodPixels><maxLodPixels>-1</maxLodPixels></Lod></Region><Point><altitudeMode>relativeToGround</altitudeMode><coordinates>-122.265774,37.857429,4.0</coordinates></Point></Placemark>
  <Placemark><styleUrl>#poly0</styleUrl><Polygon><extrude>1</extrude><altitudeMode>relativeToGround</altitudeMode><outerBoundaryIs><LinearRing><coordinates>-122.295704,37.862844,4 -122.295568,37.862844,4 -122.295568,37.862951,4 -122.295704,37.862951,4 -122.295704,37.862844,4</coordinates></LinearRing></outerBoundaryIs></Polygon></Placemark>
  <Placemark><name>ADU</name><styleUrl>#lab0</styleUrl><Region><LatLonAltBox><west>-122.295704</west><east>-122.295568</east><south>37.862844</south><north>37.862951</north></LatLonAltBox><Lod><minLodPixels>700</minLodPixels><maxLodPixels>-1</maxLodPixels></Lod></Region><Point><altitudeMode>relativeToGround</altitudeMode><coordinates>-122.295650,37.862887,4.0</coordinates></Point></Placemark>
  <Placemark><styleUrl>#poly0</styleUrl><Polygon><extrude>1</extrude><altitudeMode>relativeToGround</altitudeMode><outerBoundaryIs><LinearRing><coordinates>-122.262059,37.900629,4 -122.261922,37.900629,4 -122.261922,37.900737,4 -122.262059,37.900737,4 -122.262059,37.900629,4</coordinates></LinearRing></outerBoundaryIs></Polygon></Placemark>
  <Placemark><name>ADU</name><styleUrl>#lab0</styleUrl><Region><LatLonAltBox><west>-122.262059</west><east>-122.261922</east><south>37.900629</south><north>37.900737</north></LatLonAltBox><Lod><minLodPixels>700</minLodPixels><maxLodPixels>-1</maxLodPixels></Lod></Region><Point><altitudeMode>relativeToGround</altitudeMode><coordinates>-122.262004,37.900672,4.0</coordinates></Point></Placemark>
  <Placemark><styleUrl>#poly0</styleUrl><Polygon><extrude>1</extrude><altitudeMode>relativeToGround</altitudeMode><outerBoundaryIs><LinearRing><coordinates>-122.289149,37.874157,4 -122.289012,37.874157,4 -122.289012,37.874265,4 -122.289149,37.874265,4 -122.289149,37.874157,4</coordinates></LinearRing></outerBoundaryIs></Polygon></Placemark>
  <Placemark><name>ADU</name><styleUrl>#lab0</styleUrl><Region><LatLonAltBox><west>-122.289149</west><east>-122.289012</east><south>37.874157</south><north>37.874265</north></LatLonAltBox><Lod><minLodPixels>700</minLodPixels><maxLodPixels>-1</maxLodPixels></Lod></Region><Point><altitudeMode>relativeToGround</altitudeMode><coordinates>-122.289094,37.874200,4.0</coordinates></Point></Placemark>
  <Placemark><styleUrl>#poly0</styleUrl><Polygon><extrude>1</extrude><altitudeMode>relativeToGround</altitudeMode><outerBoundaryIs><LinearRing><coordinates>-122.283684,37.864272,4 -122.283547,37.864272,4 -122.283547,37.864380,4 -122.283684,37.864380,4 -122.283684,37.864272,4</coordinates></LinearRing></outerBoundaryIs></Polygon></Placemark>
  <Placemark><name>ADU</name><styleUrl>#lab0</styleUrl><Region><LatLonAltBox><west>-122.283684</west><east>-122.283547</east><south>37.864272</south><north>37.864380</north></LatLonAltBox><Lod><minLodPixels>700</minLodPixels><maxLodPixels>-1</maxLodPixels></Lod></Region><Point><altitudeMode>relativeToGround</altitudeMode><coordinates>-122.283629,37.864315,4.0</coordinates></Point></Placemark>
  <Placemark><styleUrl>#poly0</styleUrl><Polygon><extrude>1</extrude><altitudeMode>relativeToGround</altitudeMode><outerBoundaryIs><LinearRing><coordinates>-122.268797,37.848785,4 -122.268661,37.848785,4 -122.268661,37.848893,4 -122.268797,37.848893,4 -122.268797,37.848785,4</coordinates></LinearRing></outerBoundaryIs></Polygon></Placemark>
  <Placemark><name>ADU</name><styleUrl>#lab0</styleUrl><Region><LatLonAltBox><west>-122.268797</west><east>-122.268661</east><south>37.848785</south><north>37.848893</north></LatLonAltBox><Lod><minLodPixels>700</minLodPixels><maxLodPixels>-1</maxLodPixels></Lod></Region><Point><altitudeMode>relativeToGround</altitudeMode><coordinates>-122.268743,37.848828,4.0</coordinates></Point></Placemark>
  <Placemark><styleUrl>#poly0</styleUrl><Polygon><extrude>1</extrude><altitudeMode>relativeToGround</altitudeMode><outerBoundaryIs><LinearRing><coordinates>-122.272053,37.846361,4 -122.271917,37.846361,4 -122.271917,37.846469,4 -122.272053,37.846469,4 -122.272053,37.846361,4</coordinates></LinearRing></outerBoundaryIs></Polygon></Placemark>
  <Placemark><name>ADU</name><styleUrl>#lab0</styleUrl><Region><LatLonAltBox><west>-122.272053</west><east>-122.271917</east><south>37.846361</south><north>37.846469</north></LatLonAltBox><Lod><minLodPixels>700</minLodPixels><maxLodPixels>-1</maxLodPixels></Lod></Region><Point><altitudeMode>relativeToGround</altitudeMode><coordinates>-122.271999,37.846404,4.0</coordinates></Point></Placemark>
  <Placemark><styleUrl>#poly0</styleUrl><Polygon><extrude>1</extrude><altitudeMode>relativeToGround</altitudeMode><outerBoundaryIs><LinearRing><coordinates>-122.287846,37.868353,4 -122.287709,37.868353,4 -122.287709,37.868461,4 -122.287846,37.868461,4 -122.287846,37.868353,4</coordinates></LinearRing></outerBoundaryIs></Polygon></Placemark>
  <Placemark><name>ADU</name><styleUrl>#lab0</styleUrl><Region><LatLonAltBox><west>-122.287846</west><east>-122.287709</east><south>37.868353</south><north>37.868461</north></LatLonAltBox><Lod><minLodPixels>700</minLodPixels><maxLodPixels>-1</maxLodPixels></Lod></Region><Point><altitudeMode>relativeToGround</altitudeMode><coordinates>-122.287791,37.868396,4.0</coordinates></Point></Placemark>
  <Placemark><styleUrl>#poly0</styleUrl><Polygon><extrude>1</extrude><altitudeMode>relativeToGround</altitudeMode><outerBoundaryIs><LinearRing><coordinates>-122.266490,37.895583,4 -122.266353,37.895583,4 -122.266353,37.895690,4 -122.266490,37.895690,4 -122.266490,37.895583,4</coordinates></LinearRing></outerBoundaryIs></Polygon></Placemark>
  <Placemark><name>ADU</name><styleUrl>#lab0</styleUrl><Region><LatLonAltBox><west>-122.266490</west><east>-122.266353</east><south>37.895583</south><north>37.895690</north></LatLonAltBox><Lod><minLodPixels>700</minLodPixels><maxLodPixels>-1</maxLodPixels></Lod></Region><Point><altitudeMode>relativeToGround</altitudeMode><coordinates>-122.266435,37.895626,4.0</coordinates></Point></Placemark>
  <Placemark><styleUrl>#poly0</styleUrl><Polygon><extrude>1</extrude><altitudeMode>relativeToGround</altitudeMode><outerBoundaryIs><LinearRing><coordinates>-122.279903,37.855162,4 -122.279767,37.855162,4 -122.279767,37.855270,4 -122.279903,37.855270,4 -122.279903,37.855162,4</coordinates></LinearRing></outerBoundaryIs></Polygon></Placemark>
  <Placemark><name>ADU</name><styleUrl>#lab0</styleUrl><Region><LatLonAltBox><west>-122.279903</west><east>-122.279767</east><south>37.855162</south><north>37.855270</north></LatLonAltBox><Lod><minLodPixels>700</minLodPixels><maxLodPixels>-1</maxLodPixels></Lod></Region><Point><altitudeMode>relativeToGround</altitudeMode><coordinates>-122.279849,37.855205,4.0</coordinates></Point></Placemark>
  <Placemark><styleUrl>#poly0</styleUrl><Polygon><extrude>1</extrude><altitudeMode>relativeToGround</altitudeMode><outerBoundaryIs><LinearRing><coordinates>-122.277893,37.888062,4 -122.277757,37.888062,4 -122.277757,37.888169,4 -122.277893,37.888169,4 -122.277893,37.888062,4</coordinates></LinearRing></outerBoundaryIs></Polygon></Placemark>
  <Placemark><name>ADU</name><styleUrl>#lab0</styleUrl><Region><LatLonAltBox><west>-122.277893</west><east>-122.277757</east><south>37.888062</south><north>37.888169</north></LatLonAltBox><Lod><minLodPixels>700</minLodPixels><maxLodPixels>-1</maxLodPixels></Lod></Region><Point><altitudeMode>relativeToGround</altitudeMode><coordinates>-122.277839,37.888105,4.0</coordinates></Point></Placemark>
  <Placemark><styleUrl>#poly0</styleUrl><Polygon><extrude>1</extrude><altitudeMode>relativeToGround</altitudeMode><outerBoundaryIs><LinearRing><coordinates>-122.291330,37.854179,4 -122.291194,37.854179,4 -122.291194,37.854286,4 -122.291330,37.854286,4 -122.291330,37.854179,4</coordinates></LinearRing></outerBoundaryIs></Polygon></Placemark>
  <Placemark><name>ADU</name><styleUrl>#lab0</styleUrl><Region><LatLonAltBox><west>-122.291330</west><east>-122.291194</east><south>37.854179</south><north>37.854286</north></LatLonAltBox><Lod><minLodPixels>700</minLodPixels><maxLodPixels>-1</maxLodPixels></Lod></Region><Point><altitudeMode>relativeToGround</altitudeMode><coordinates>-122.291276,37.854222,4.0</coordinates></Point></Placemark>
  <Placemark><styleUrl>#poly0</styleUrl><Polygon><extrude>1</extrude><altitudeMode>relativeToGround</altitudeMode><outerBoundaryIs><LinearRing><coordinates>-122.282225,37.885252,4 -122.282089,37.885252,4 -122.282089,37.885360,4 -122.282225,37.885360,4 -122.282225,37.885252,4</coordinates></LinearRing></outerBoundaryIs></Polygon></Placemark>
  <Placemark><name>ADU</name><styleUrl>#lab0</styleUrl><Region><LatLonAltBox><west>-122.282225</west><east>-122.282089</east><south>37.885252</south><north>37.885360</north></LatLonAltBox><Lod><minLodPixels>700</minLodPixels><maxLodPixels>-1</maxLodPixels></Lod></Region><Point><altitudeMode>relativeToGround</altitudeMode><coordinates>-122.282171,37.885295,4.0</coordinates></Point></Placemark>
  <Placemark><styleUrl>#poly0</styleUrl><Polygon><extrude>1</extrude><altitudeMode>relativeToGround</altitudeMode><outerBoundaryIs><LinearRing><coordinates>-122.275827,37.868821,4 -122.275690,37.868821,4 -122.275690,37.868929,4 -122.275827,37.868929,4 -122.275827,37.868821,4</coordinates></LinearRing></outerBoundaryIs></Polygon></Placemark>
  <Placemark><name>ADU</name><styleUrl>#lab0</styleUrl><Region><LatLonAltBox><west>-122.275827</west><east>-122.275690</east><south>37.868821</south><north>37.868929</north></LatLonAltBox><Lod><minLodPixels>700</minLodPixels><maxLodPixels>-1</maxLodPixels></Lod></Region><Point><altitudeMode>relativeToGround</altitudeMode><coordinates>-122.275772,37.868864,4.0</coordinates></Point></Placemark>
  <Placemark><styleUrl>#poly0</styleUrl><Polygon><extrude>1</extrude><altitudeMode>relativeToGround</altitudeMode><outerBoundaryIs><LinearRing><coordinates>-122.260872,37.859852,4 -122.260736,37.859852,4 -122.260736,37.859960,4 -122.260872,37.859960,4 -122.260872,37.859852,4</coordinates></LinearRing></outerBoundaryIs></Polygon></Placemark>
  <Placemark><name>ADU</name><styleUrl>#lab0</styleUrl><Region><LatLonAltBox><west>-122.260872</west><east>-122.260736</east><south>37.859852</south><north>37.859960</north></LatLonAltBox><Lod><minLodPixels>700</minLodPixels><maxLodPixels>-1</maxLodPixels></Lod></Region><Point><altitudeMode>relativeToGround</altitudeMode><coordinates>-122.260818,37.859895,4.0</coordinates></Point></Placemark>
  <Placemark><styleUrl>#poly0</styleUrl><Polygon><extrude>1</extrude><altitudeMode>relativeToGround</altitudeMode><outerBoundaryIs><LinearRing><coordinates>-122.263816,37.861873,4 -122.263680,37.861873,4 -122.263680,37.861981,4 -122.263816,37.861981,4 -122.263816,37.861873,4</coordinates></LinearRing></outerBoundaryIs></Polygon></Placemark>
  <Placemark><name>ADU</name><styleUrl>#lab0</styleUrl><Region><LatLonAltBox><west>-122.263816</west><east>-122.263680</east><south>37.861873</south><north>37.861981</north></LatLonAltBox><Lod><minLodPixels>700</minLodPixels><maxLodPixels>-1</maxLodPixels></Lod></Region><Point><altitudeMode>relativeToGround</altitudeMode><coordinates>-122.263762,37.861916,4.0</coordinates></Point></Placemark>
  <Placemark><styleUrl>#poly0</styleUrl><Polygon><extrude>1</extrude><altitudeMode>relativeToGround</altitudeMode><outerBoundaryIs><LinearRing><coordinates>-122.284175,37.852034,4 -122.284038,37.852034,4 -122.284038,37.852142,4 -122.284175,37.852142,4 -122.284175,37.852034,4</coordinates></LinearRing></outerBoundaryIs></Polygon></Placemark>
  <Placemark><name>ADU</name><styleUrl>#lab0</styleUrl><Region><LatLonAltBox><west>-122.284175</west><east>-122.284038</east><south>37.852034</south><north>37.852142</north></LatLonAltBox><Lod><minLodPixels>700</minLodPixels><maxLodPixels>-1</maxLodPixels></Lod></Region><Point><altitudeMode>relativeToGround</altitudeMode><coordinates>-122.284120,37.852077,4.0</coordinates></Point></Placemark>
  <Placemark><styleUrl>#poly0</styleUrl><Polygon><extrude>1</extrude><altitudeMode>relativeToGround</altitudeMode><outerBoundaryIs><LinearRing><coordinates>-122.284995,37.881098,4 -122.284859,37.881098,4 -122.284859,37.881205,4 -122.284995,37.881205,4 -122.284995,37.881098,4</coordinates></LinearRing></outerBoundaryIs></Polygon></Placemark>
  <Placemark><name>ADU</name><styleUrl>#lab0</styleUrl><Region><LatLonAltBox><west>-122.284995</west><east>-122.284859</east><south>37.881098</south><north>37.881205</north></LatLonAltBox><Lod><minLodPixels>700</minLodPixels><maxLodPixels>-1</maxLodPixels></Lod></Region><Point><altitudeMode>relativeToGround</altitudeMode><coordinates>-122.284941,37.881141,4.0</coordinates></Point></Placemark>
  <Placemark><styleUrl>#poly0</styleUrl><Polygon><extrude>1</extrude><altitudeMode>relativeToGround</altitudeMode><outerBoundaryIs><LinearRing><coordinates>-122.274593,37.862720,4 -122.274456,37.862720,4 -122.274456,37.862828,4 -122.274593,37.862828,4 -122.274593,37.862720,4</coordinates></LinearRing></outerBoundaryIs></Polygon></Placemark>
  <Placemark><name>ADU</name><styleUrl>#lab0</styleUrl><Region><LatLonAltBox><west>-122.274593</west><east>-122.274456</east><south>37.862720</south><north>37.862828</north></LatLonAltBox><Lod><minLodPixels>700</minLodPixels><maxLodPixels>-1</maxLodPixels></Lod></Region><Point><altitudeMode>relativeToGround</altitudeMode><coordinates>-122.274538,37.862763,4.0</coordinates></Point></Placemark>
  <Placemark><styleUrl>#poly0</styleUrl><Polygon><extrude>1</extrude><altitudeMode>relativeToGround</altitudeMode><outerBoundaryIs><LinearRing><coordinates>-122.283057,37.896351,4 -122.282920,37.896351,4 -122.282920,37.896458,4 -122.283057,37.896458,4 -122.283057,37.896351,4</coordinates></LinearRing></outerBoundaryIs></Polygon></Placemark>
  <Placemark><name>ADU</name><styleUrl>#lab0</styleUrl><Region><LatLonAltBox><west>-122.283057</west><east>-122.282920</east><south>37.896351</south><north>37.896458</north></LatLonAltBox><Lod><minLodPixels>700</minLodPixels><maxLodPixels>-1</maxLodPixels></Lod></Region><Point><altitudeMode>relativeToGround</altitudeMode><coordinates>-122.283002,37.896394,4.0</coordinates></Point></Placemark>
  <Placemark><styleUrl>#poly0</styleUrl><Polygon><extrude>1</extrude><altitudeMode>relativeToGround</altitudeMode><outerBoundaryIs><LinearRing><coordinates>-122.276555,37.874360,4 -122.276418,37.874360,4 -122.276418,37.874468,4 -122.276555,37.874468,4 -122.276555,37.874360,4</coordinates></LinearRing></outerBoundaryIs></Polygon></Placemark>
  <Placemark><name>ADU</name><styleUrl>#lab0</styleUrl><Region><LatLonAltBox><west>-122.276555</west><east>-122.276418</east><south>37.874360</south><north>37.874468</north></LatLonAltBox><Lod><minLodPixels>700</minLodPixels><maxLodPixels>-1</maxLodPixels></Lod></Region><Point><altitudeMode>relativeToGround</altitudeMode><coordinates>-122.276500,37.874403,4.0</coordinates></Point></Placemark>
  <Placemark><styleUrl>#poly0</styleUrl><Polygon><extrude>1</extrude><altitudeMode>relativeToGround</altitudeMode><outerBoundaryIs><LinearRing><coordinates>-122.287783,37.858292,4 -122.287647,37.858292,4 -122.287647,37.858400,4 -122.287783,37.858400,4 -122.287783,37.858292,4</coordinates></LinearRing></outerBoundaryIs></Polygon></Placemark>
  <Placemark><name>ADU</name><styleUrl>#lab0</styleUrl><Region><LatLonAltBox><west>-122.287783</west><east>-122.287647</east><south>37.858292</south><north>37.858400</north></LatLonAltBox><Lod><minLodPixels>700</minLodPixels><maxLodPixels>-1</maxLodPixels></Lod></Region><Point><altitudeMode>relativeToGround</altitudeMode><coordinates>-122.287729,37.858335,4.0</coordinates></Point></Placemark>
  <Placemark><styleUrl>#poly0</styleUrl><Polygon><extrude>1</extrude><altitudeMode>relativeToGround</altitudeMode><outerBoundaryIs><LinearRing><coordinates>-122.256340,37.887567,4 -122.256203,37.887567,4 -122.256203,37.887675,4 -122.256340,37.887675,4 -122.256340,37.887567,4</coordinates></LinearRing></outerBoundaryIs></Polygon></Placemark>
  <Placemark><name>ADU</name><styleUrl>#lab0</styleUrl><Region><LatLonAltBox><west>-122.256340</west><east>-122.256203</east><south>37.887567</south><north>37.887675</north></LatLonAltBox><Lod><minLodPixels>700</minLodPixels><maxLodPixels>-1</maxLodPixels></Lod></Region><Point><altitudeMode>relativeToGround</altitudeMode><coordinates>-122.256285,37.887610,4.0</coordinates></Point></Placemark>
  <Placemark><styleUrl>#poly0</styleUrl><Polygon><extrude>1</extrude><altitudeMode>relativeToGround</altitudeMode><outerBoundaryIs><LinearRing><coordinates>-122.301574,37.875044,4 -122.301437,37.875044,4 -122.301437,37.875151,4 -122.301574,37.875151,4 -122.301574,37.875044,4</coordinates></LinearRing></outerBoundaryIs></Polygon></Placemark>
  <Placemark><name>ADU</name><styleUrl>#lab0</styleUrl><Region><LatLonAltBox><west>-122.301574</west><east>-122.301437</east><south>37.875044</south><north>37.875151</north></LatLonAltBox><Lod><minLodPixels>700</minLodPixels><maxLodPixels>-1</maxLodPixels></Lod></Region><Point><altitudeMode>relativeToGround</altitudeMode><coordinates>-122.301519,37.875087,4.0</coordinates></Point></Placemark>
  <Placemark><styleUrl>#poly0</styleUrl><Polygon><extrude>1</extrude><altitudeMode>relativeToGround</altitudeMode><outerBoundaryIs><LinearRing><coordinates>-122.241864,37.856936,4 -122.241728,37.856936,4 -122.241728,37.857044,4 -122.241864,37.857044,4 -122.241864,37.856936,4</coordinates></LinearRing></outerBoundaryIs></Polygon></Placemark>
  <Placemark><name>ADU</name><styleUrl>#lab0</styleUrl><Region><LatLonAltBox><west>-122.241864</west><east>-122.241728</east><south>37.856936</south><north>37.857044</north></LatLonAltBox><Lod><minLodPixels>700</minLodPixels><maxLodPixels>-1</maxLodPixels></Lod></Region><Point><altitudeMode>relativeToGround</altitudeMode><coordinates>-122.241810,37.856979,4.0</coordinates></Point></Placemark>
  <Placemark><styleUrl>#poly0</styleUrl><Polygon><extrude>1</extrude><altitudeMode>relativeToGround</altitudeMode><outerBoundaryIs><LinearRing><coordinates>-122.253075,37.883034,4 -122.252939,37.883034,4 -122.252939,37.883142,4 -122.253075,37.883142,4 -122.253075,37.883034,4</coordinates></LinearRing></outerBoundaryIs></Polygon></Placemark>
  <Placemark><name>ADU</name><styleUrl>#lab0</styleUrl><Region><LatLonAltBox><west>-122.253075</west><east>-122.252939</east><south>37.883034</south><north>37.883142</north></LatLonAltBox><Lod><minLodPixels>700</minLodPixels><maxLodPixels>-1</maxLodPixels></Lod></Region><Point><altitudeMode>relativeToGround</altitudeMode><coordinates>-122.253021,37.883077,4.0</coordinates></Point></Placemark>
  <Placemark><styleUrl>#poly0</styleUrl><Polygon><extrude>1</extrude><altitudeMode>relativeToGround</altitudeMode><outerBoundaryIs><LinearRing><coordinates>-122.289447,37.867214,4 -122.289311,37.867214,4 -122.289311,37.867321,4 -122.289447,37.867321,4 -122.289447,37.867214,4</coordinates></LinearRing></outerBoundaryIs></Polygon></Placemark>
  <Placemark><name>ADU</name><styleUrl>#lab0</styleUrl><Region><LatLonAltBox><west>-122.289447</west><east>-122.289311</east><south>37.867214</south><north>37.867321</north></LatLonAltBox><Lod><minLodPixels>700</minLodPixels><maxLodPixels>-1</maxLodPixels></Lod></Region><Point><altitudeMode>relativeToGround</altitudeMode><coordinates>-122.289393,37.867257,4.0</coordinates></Point></Placemark>
  <Placemark><styleUrl>#poly0</styleUrl><Polygon><extrude>1</extrude><altitudeMode>relativeToGround</altitudeMode><outerBoundaryIs><LinearRing><coordinates>-122.275108,37.865767,4 -122.274972,37.865767,4 -122.274972,37.865875,4 -122.275108,37.865875,4 -122.275108,37.865767,4</coordinates></LinearRing></outerBoundaryIs></Polygon></Placemark>
  <Placemark><name>ADU</name><styleUrl>#lab0</styleUrl><Region><LatLonAltBox><west>-122.275108</west><east>-122.274972</east><south>37.865767</south><north>37.865875</north></LatLonAltBox><Lod><minLodPixels>700</minLodPixels><maxLodPixels>-1</maxLodPixels></Lod></Region><Point><altitudeMode>relativeToGround</altitudeMode><coordinates>-122.275054,37.865810,4.0</coordinates></Point></Placemark>
  <Placemark><styleUrl>#poly0</styleUrl><Polygon><extrude>1</extrude><altitudeMode>relativeToGround</altitudeMode><outerBoundaryIs><LinearRing><coordinates>-122.265553,37.860766,4 -122.265416,37.860766,4 -122.265416,37.860874,4 -122.265553,37.860874,4 -122.265553,37.860766,4</coordinates></LinearRing></outerBoundaryIs></Polygon></Placemark>
  <Placemark><name>ADU</name><styleUrl>#lab0</styleUrl><Region><LatLonAltBox><west>-122.265553</west><east>-122.265416</east><south>37.860766</south><north>37.860874</north></LatLonAltBox><Lod><minLodPixels>700</minLodPixels><maxLodPixels>-1</maxLodPixels></Lod></Region><Point><altitudeMode>relativeToGround</altitudeMode><coordinates>-122.265498,37.860809,4.0</coordinates></Point></Placemark>
  <Placemark><styleUrl>#poly0</styleUrl><Polygon><extrude>1</extrude><altitudeMode>relativeToGround</altitudeMode><outerBoundaryIs><LinearRing><coordinates>-122.264114,37.857291,4 -122.263978,37.857291,4 -122.263978,37.857399,4 -122.264114,37.857399,4 -122.264114,37.857291,4</coordinates></LinearRing></outerBoundaryIs></Polygon></Placemark>
  <Placemark><name>ADU</name><styleUrl>#lab0</styleUrl><Region><LatLonAltBox><west>-122.264114</west><east>-122.263978</east><south>37.857291</south><north>37.857399</north></LatLonAltBox><Lod><minLodPixels>700</minLodPixels><maxLodPixels>-1</maxLodPixels></Lod></Region><Point><altitudeMode>relativeToGround</altitudeMode><coordinates>-122.264060,37.857334,4.0</coordinates></Point></Placemark>
  <Placemark><styleUrl>#poly0</styleUrl><Polygon><extrude>1</extrude><altitudeMode>relativeToGround</altitudeMode><outerBoundaryIs><LinearRing><coordinates>-122.287341,37.858933,4 -122.287204,37.858933,4 -122.287204,37.859041,4 -122.287341,37.859041,4 -122.287341,37.858933,4</coordinates></LinearRing></outerBoundaryIs></Polygon></Placemark>
  <Placemark><name>ADU</name><styleUrl>#lab0</styleUrl><Region><LatLonAltBox><west>-122.287341</west><east>-122.287204</east><south>37.858933</south><north>37.859041</north></LatLonAltBox><Lod><minLodPixels>700</minLodPixels><maxLodPixels>-1</maxLodPixels></Lod></Region><Point><altitudeMode>relativeToGround</altitudeMode><coordinates>-122.287286,37.858976,4.0</coordinates></Point></Placemark>
  <Placemark><styleUrl>#poly0</styleUrl><Polygon><extrude>1</extrude><altitudeMode>relativeToGround</altitudeMode><outerBoundaryIs><LinearRing><coordinates>-122.275506,37.876353,4 -122.275370,37.876353,4 -122.275370,37.876461,4 -122.275506,37.876461,4 -122.275506,37.876353,4</coordinates></LinearRing></outerBoundaryIs></Polygon></Placemark>
  <Placemark><name>ADU</name><styleUrl>#lab0</styleUrl><Region><LatLonAltBox><west>-122.275506</west><east>-122.275370</east><south>37.876353</south><north>37.876461</north></LatLonAltBox><Lod><minLodPixels>700</minLodPixels><maxLodPixels>-1</maxLodPixels></Lod></Region><Point><altitudeMode>relativeToGround</altitudeMode><coordinates>-122.275452,37.876396,4.0</coordinates></Point></Placemark>
  <Placemark><styleUrl>#poly0</styleUrl><Polygon><extrude>1</extrude><altitudeMode>relativeToGround</altitudeMode><outerBoundaryIs><LinearRing><coordinates>-122.258153,37.858986,4 -122.258017,37.858986,4 -122.258017,37.859094,4 -122.258153,37.859094,4 -122.258153,37.858986,4</coordinates></LinearRing></outerBoundaryIs></Polygon></Placemark>
  <Placemark><name>ADU</name><styleUrl>#lab0</styleUrl><Region><LatLonAltBox><west>-122.258153</west><east>-122.258017</east><south>37.858986</south><north>37.859094</north></LatLonAltBox><Lod><minLodPixels>700</minLodPixels><maxLodPixels>-1</maxLodPixels></Lod></Region><Point><altitudeMode>relativeToGround</altitudeMode><coordinates>-122.258099,37.859029,4.0</coordinates></Point></Placemark>
  <Placemark><styleUrl>#poly0</styleUrl><Polygon><extrude>1</extrude><altitudeMode>relativeToGround</altitudeMode><outerBoundaryIs><LinearRing><coordinates>-122.277616,37.886762,4 -122.277479,37.886762,4 -122.277479,37.886869,4 -122.277616,37.886869,4 -122.277616,37.886762,4</coordinates></LinearRing></outerBoundaryIs></Polygon></Placemark>
  <Placemark><name>ADU</name><styleUrl>#lab0</styleUrl><Region><LatLonAltBox><west>-122.277616</west><east>-122.277479</east><south>37.886762</south><north>37.886869</north></LatLonAltBox><Lod><minLodPixels>700</minLodPixels><maxLodPixels>-1</maxLodPixels></Lod></Region><Point><altitudeMode>relativeToGround</altitudeMode><coordinates>-122.277561,37.886805,4.0</coordinates></Point></Placemark>
  <Placemark><styleUrl>#poly0</styleUrl><Polygon><extrude>1</extrude><altitudeMode>relativeToGround</altitudeMode><outerBoundaryIs><LinearRing><coordinates>-122.291303,37.878899,4 -122.291166,37.878899,4 -122.291166,37.879007,4 -122.291303,37.879007,4 -122.291303,37.878899,4</coordinates></LinearRing></outerBoundaryIs></Polygon></Placemark>
  <Placemark><name>ADU</name><styleUrl>#lab0</styleUrl><Region><LatLonAltBox><west>-122.291303</west><east>-122.291166</east><south>37.878899</south><north>37.879007</north></LatLonAltBox><Lod><minLodPixels>700</minLodPixels><maxLodPixels>-1</maxLodPixels></Lod></Region><Point><altitudeMode>relativeToGround</altitudeMode><coordinates>-122.291248,37.878942,4.0</coordinates></Point></Placemark>
  <Placemark><styleUrl>#poly0</styleUrl><Polygon><extrude>1</extrude><altitudeMode>relativeToGround</altitudeMode><outerBoundaryIs><LinearRing><coordinates>-122.281247,37.880536,4 -122.281111,37.880536,4 -122.281111,37.880644,4 -122.281247,37.880644,4 -122.281247,37.880536,4</coordinates></LinearRing></outerBoundaryIs></Polygon></Placemark>
  <Placemark><name>ADU</name><styleUrl>#lab0</styleUrl><Region><LatLonAltBox><west>-122.281247</west><east>-122.281111</east><south>37.880536</south><north>37.880644</north></LatLonAltBox><Lod><minLodPixels>700</minLodPixels><maxLodPixels>-1</maxLodPixels></Lod></Region><Point><altitudeMode>relativeToGround</altitudeMode><coordinates>-122.281193,37.880579,4.0</coordinates></Point></Placemark>
  <Placemark><styleUrl>#poly0</styleUrl><Polygon><extrude>1</extrude><altitudeMode>relativeToGround</altitudeMode><outerBoundaryIs><LinearRing><coordinates>-122.281331,37.892984,4 -122.281195,37.892984,4 -122.281195,37.893092,4 -122.281331,37.893092,4 -122.281331,37.892984,4</coordinates></LinearRing></outerBoundaryIs></Polygon></Placemark>
  <Placemark><name>ADU</name><styleUrl>#lab0</styleUrl><Region><LatLonAltBox><west>-122.281331</west><east>-122.281195</east><south>37.892984</south><north>37.893092</north></LatLonAltBox><Lod><minLodPixels>700</minLodPixels><maxLodPixels>-1</maxLodPixels></Lod></Region><Point><altitudeMode>relativeToGround</altitudeMode><coordinates>-122.281277,37.893027,4.0</coordinates></Point></Placemark>
  <Placemark><styleUrl>#poly0</styleUrl><Polygon><extrude>1</extrude><altitudeMode>relativeToGround</altitudeMode><outerBoundaryIs><LinearRing><coordinates>-122.265064,37.863913,4 -122.264927,37.863913,4 -122.264927,37.864020,4 -122.265064,37.864020,4 -122.265064,37.863913,4</coordinates></LinearRing></outerBoundaryIs></Polygon></Placemark>
  <Placemark><name>ADU</name><styleUrl>#lab0</styleUrl><Region><LatLonAltBox><west>-122.265064</west><east>-122.264927</east><south>37.863913</south><north>37.864020</north></LatLonAltBox><Lod><minLodPixels>700</minLodPixels><maxLodPixels>-1</maxLodPixels></Lod></Region><Point><altitudeMode>relativeToGround</altitudeMode><coordinates>-122.265009,37.863956,4.0</coordinates></Point></Placemark>
  <Placemark><styleUrl>#poly0</styleUrl><Polygon><extrude>1</extrude><altitudeMode>relativeToGround</altitudeMode><outerBoundaryIs><LinearRing><coordinates>-122.275378,37.886860,4 -122.275241,37.886860,4 -122.275241,37.886967,4 -122.275378,37.886967,4 -122.275378,37.886860,4</coordinates></LinearRing></outerBoundaryIs></Polygon></Placemark>
  <Placemark><name>ADU</name><styleUrl>#lab0</styleUrl><Region><LatLonAltBox><west>-122.275378</west><east>-122.275241</east><south>37.886860</south><north>37.886967</north></LatLonAltBox><Lod><minLodPixels>700</minLodPixels><maxLodPixels>-1</maxLodPixels></Lod></Region><Point><altitudeMode>relativeToGround</altitudeMode><coordinates>-122.275323,37.886903,4.0</coordinates></Point></Placemark>
  <Placemark><styleUrl>#poly0</styleUrl><Polygon><extrude>1</extrude><altitudeMode>relativeToGround</altitudeMode><outerBoundaryIs><LinearRing><coordinates>-122.253582,37.868091,4 -122.253446,37.868091,4 -122.253446,37.868198,4 -122.253582,37.868198,4 -122.253582,37.868091,4</coordinates></LinearRing></outerBoundaryIs></Polygon></Placemark>
  <Placemark><name>ADU</name><styleUrl>#lab0</styleUrl><Region><LatLonAltBox><west>-122.253582</west><east>-122.253446</east><south>37.868091</south><north>37.868198</north></LatLonAltBox><Lod><minLodPixels>700</minLodPixels><maxLodPixels>-1</maxLodPixels></Lod></Region><Point><altitudeMode>relativeToGround</altitudeMode><coordinates>-122.253528,37.868134,4.0</coordinates></Point></Placemark>
  <Placemark><styleUrl>#poly0</styleUrl><Polygon><extrude>1</extrude><altitudeMode>relativeToGround</altitudeMode><outerBoundaryIs><LinearRing><coordinates>-122.295136,37.880414,4 -122.294999,37.880414,4 -122.294999,37.880521,4 -122.295136,37.880521,4 -122.295136,37.880414,4</coordinates></LinearRing></outerBoundaryIs></Polygon></Placemark>
  <Placemark><name>ADU</name><styleUrl>#lab0</styleUrl><Region><LatLonAltBox><west>-122.295136</west><east>-122.294999</east><south>37.880414</south><north>37.880521</north></LatLonAltBox><Lod><minLodPixels>700</minLodPixels><maxLodPixels>-1</maxLodPixels></Lod></Region><Point><altitudeMode>relativeToGround</altitudeMode><coordinates>-122.295081,37.880457,4.0</coordinates></Point></Placemark>
  <Placemark><styleUrl>#poly0</styleUrl><Polygon><extrude>1</extrude><altitudeMode>relativeToGround</altitudeMode><outerBoundaryIs><LinearRing><coordinates>-122.252942,37.863329,4 -122.252806,37.863329,4 -122.252806,37.863436,4 -122.252942,37.863436,4 -122.252942,37.863329,4</coordinates></LinearRing></outerBoundaryIs></Polygon></Placemark>
  <Placemark><name>ADU</name><styleUrl>#lab0</styleUrl><Region><LatLonAltBox><west>-122.252942</west><east>-122.252806</east><south>37.863329</south><north>37.863436</north></LatLonAltBox><Lod><minLodPixels>700</minLodPixels><maxLodPixels>-1</maxLodPixels></Lod></Region><Point><altitudeMode>relativeToGround</altitudeMode><coordinates>-122.252888,37.863372,4.0</coordinates></Point></Placemark>
  <Placemark><styleUrl>#poly0</styleUrl><Polygon><extrude>1</extrude><altitudeMode>relativeToGround</altitudeMode><outerBoundaryIs><LinearRing><coordinates>-122.271812,37.902169,4 -122.271675,37.902169,4 -122.271675,37.902277,4 -122.271812,37.902277,4 -122.271812,37.902169,4</coordinates></LinearRing></outerBoundaryIs></Polygon></Placemark>
  <Placemark><name>ADU</name><styleUrl>#lab0</styleUrl><Region><LatLonAltBox><west>-122.271812</west><east>-122.271675</east><south>37.902169</south><north>37.902277</north></LatLonAltBox><Lod><minLodPixels>700</minLodPixels><maxLodPixels>-1</maxLodPixels></Lod></Region><Point><altitudeMode>relativeToGround</altitudeMode><coordinates>-122.271757,37.902212,4.0</coordinates></Point></Placemark>
  <Placemark><styleUrl>#poly0</styleUrl><Polygon><extrude>1</extrude><altitudeMode>relativeToGround</altitudeMode><outerBoundaryIs><LinearRing><coordinates>-122.289202,37.878251,4 -122.289066,37.878251,4 -122.289066,37.878358,4 -122.289202,37.878358,4 -122.289202,37.878251,4</coordinates></LinearRing></outerBoundaryIs></Polygon></Placemark>
  <Placemark><name>ADU</name><styleUrl>#lab0</styleUrl><Region><LatLonAltBox><west>-122.289202</west><east>-122.289066</east><south>37.878251</south><north>37.878358</north></LatLonAltBox><Lod><minLodPixels>700</minLodPixels><maxLodPixels>-1</maxLodPixels></Lod></Region><Point><altitudeMode>relativeToGround</altitudeMode><coordinates>-122.289148,37.878294,4.0</coordinates></Point></Placemark>
  <Placemark><styleUrl>#poly0</styleUrl><Polygon><extrude>1</extrude><altitudeMode>relativeToGround</altitudeMode><outerBoundaryIs><LinearRing><coordinates>-122.290662,37.879072,4 -122.290525,37.879072,4 -122.290525,37.879180,4 -122.290662,37.879180,4 -122.290662,37.879072,4</coordinates></LinearRing></outerBoundaryIs></Polygon></Placemark>
  <Placemark><name>ADU</name><styleUrl>#lab0</styleUrl><Region><LatLonAltBox><west>-122.290662</west><east>-122.290525</east><south>37.879072</south><north>37.879180</north></LatLonAltBox><Lod><minLodPixels>700</minLodPixels><maxLodPixels>-1</maxLodPixels></Lod></Region><Point><altitudeMode>relativeToGround</altitudeMode><coordinates>-122.290607,37.879115,4.0</coordinates></Point></Placemark>
  <Placemark><styleUrl>#poly0</styleUrl><Polygon><extrude>1</extrude><altitudeMode>relativeToGround</altitudeMode><outerBoundaryIs><LinearRing><coordinates>-122.275758,37.855927,4 -122.275621,37.855927,4 -122.275621,37.856035,4 -122.275758,37.856035,4 -122.275758,37.855927,4</coordinates></LinearRing></outerBoundaryIs></Polygon></Placemark>
  <Placemark><name>ADU</name><styleUrl>#lab0</styleUrl><Region><LatLonAltBox><west>-122.275758</west><east>-122.275621</east><south>37.855927</south><north>37.856035</north></LatLonAltBox><Lod><minLodPixels>700</minLodPixels><maxLodPixels>-1</maxLodPixels></Lod></Region><Point><altitudeMode>relativeToGround</altitudeMode><coordinates>-122.275703,37.855970,4.0</coordinates></Point></Placemark>
  <Placemark><styleUrl>#poly0</styleUrl><Polygon><extrude>1</extrude><altitudeMode>relativeToGround</altitudeMode><outerBoundaryIs><LinearRing><coordinates>-122.282874,37.862783,4 -122.282737,37.862783,4 -122.282737,37.862890,4 -122.282874,37.862890,4 -122.282874,37.862783,4</coordinates></LinearRing></outerBoundaryIs></Polygon></Placemark>
  <Placemark><name>ADU</name><styleUrl>#lab0</styleUrl><Region><LatLonAltBox><west>-122.282874</west><east>-122.282737</east><south>37.862783</south><north>37.862890</north></LatLonAltBox><Lod><minLodPixels>700</minLodPixels><maxLodPixels>-1</maxLodPixels></Lod></Region><Point><altitudeMode>relativeToGround</altitudeMode><coordinates>-122.282819,37.862826,4.0</coordinates></Point></Placemark>
  <Placemark><styleUrl>#poly0</styleUrl><Polygon><extrude>1</extrude><altitudeMode>relativeToGround</altitudeMode><outerBoundaryIs><LinearRing><coordinates>-122.278763,37.890415,4 -122.278627,37.890415,4 -122.278627,37.890523,4 -122.278763,37.890523,4 -122.278763,37.890415,4</coordinates></LinearRing></outerBoundaryIs></Polygon></Placemark>
  <Placemark><name>ADU</name><styleUrl>#lab0</styleUrl><Region><LatLonAltBox><west>-122.278763</west><east>-122.278627</east><south>37.890415</south><north>37.890523</north></LatLonAltBox><Lod><minLodPixels>700</minLodPixels><maxLodPixels>-1</maxLodPixels></Lod></Region><Point><altitudeMode>relativeToGround</altitudeMode><coordinates>-122.278709,37.890458,4.0</coordinates></Point></Placemark>
  <Placemark><styleUrl>#poly0</styleUrl><Polygon><extrude>1</extrude><altitudeMode>relativeToGround</altitudeMode><outerBoundaryIs><LinearRing><coordinates>-122.283068,37.894041,4 -122.282932,37.894041,4 -122.282932,37.894149,4 -122.283068,37.894149,4 -122.283068,37.894041,4</coordinates></LinearRing></outerBoundaryIs></Polygon></Placemark>
  <Placemark><name>ADU</name><styleUrl>#lab0</styleUrl><Region><LatLonAltBox><west>-122.283068</west><east>-122.282932</east><south>37.894041</south><north>37.894149</north></LatLonAltBox><Lod><minLodPixels>700</minLodPixels><maxLodPixels>-1</maxLodPixels></Lod></Region><Point><altitudeMode>relativeToGround</altitudeMode><coordinates>-122.283014,37.894084,4.0</coordinates></Point></Placemark>
  <Placemark><styleUrl>#poly0</styleUrl><Polygon><extrude>1</extrude><altitudeMode>relativeToGround</altitudeMode><outerBoundaryIs><LinearRing><coordinates>-122.269610,37.899196,4 -122.269473,37.899196,4 -122.269473,37.899304,4 -122.269610,37.899304,4 -122.269610,37.899196,4</coordinates></LinearRing></outerBoundaryIs></Polygon></Placemark>
  <Placemark><name>ADU</name><styleUrl>#lab0</styleUrl><Region><LatLonAltBox><west>-122.269610</west><east>-122.269473</east><south>37.899196</south><north>37.899304</north></LatLonAltBox><Lod><minLodPixels>700</minLodPixels><maxLodPixels>-1</maxLodPixels></Lod></Region><Point><altitudeMode>relativeToGround</altitudeMode><coordinates>-122.269555,37.899239,4.0</coordinates></Point></Placemark>
  <Placemark><styleUrl>#poly0</styleUrl><Polygon><extrude>1</extrude><altitudeMode>relativeToGround</altitudeMode><outerBoundaryIs><LinearRing><coordinates>-122.275178,37.866813,4 -122.275042,37.866813,4 -122.275042,37.866921,4 -122.275178,37.866921,4 -122.275178,37.866813,4</coordinates></LinearRing></outerBoundaryIs></Polygon></Placemark>
  <Placemark><name>ADU</name><styleUrl>#lab0</styleUrl><Region><LatLonAltBox><west>-122.275178</west><east>-122.275042</east><south>37.866813</south><north>37.866921</north></LatLonAltBox><Lod><minLodPixels>700</minLodPixels><maxLodPixels>-1</maxLodPixels></Lod></Region><Point><altitudeMode>relativeToGround</altitudeMode><coordinates>-122.275124,37.866856,4.0</coordinates></Point></Placemark>
  <Placemark><styleUrl>#poly0</styleUrl><Polygon><extrude>1</extrude><altitudeMode>relativeToGround</altitudeMode><outerBoundaryIs><LinearRing><coordinates>-122.249080,37.852123,4 -122.248944,37.852123,4 -122.248944,37.852231,4 -122.249080,37.852231,4 -122.249080,37.852123,4</coordinates></LinearRing></outerBoundaryIs></Polygon></Placemark>
  <Placemark><name>ADU</name><styleUrl>#lab0</styleUrl><Region><LatLonAltBox><west>-122.249080</west><east>-122.248944</east><south>37.852123</south><north>37.852231</north></LatLonAltBox><Lod><minLodPixels>700</minLodPixels><maxLodPixels>-1</maxLodPixels></Lod></Region><Point><altitudeMode>relativeToGround</altitudeMode><coordinates>-122.249026,37.852166,4.0</coordinates></Point></Placemark>
  <Placemark><styleUrl>#poly0</styleUrl><Polygon><extrude>1</extrude><altitudeMode>relativeToGround</altitudeMode><outerBoundaryIs><LinearRing><coordinates>-122.296931,37.873703,4 -122.296794,37.873703,4 -122.296794,37.873811,4 -122.296931,37.873811,4 -122.296931,37.873703,4</coordinates></LinearRing></outerBoundaryIs></Polygon></Placemark>
  <Placemark><name>ADU</name><styleUrl>#lab0</styleUrl><Region><LatLonAltBox><west>-122.296931</west><east>-122.296794</east><south>37.873703</south><north>37.873811</north></LatLonAltBox><Lod><minLodPixels>700</minLodPixels><maxLodPixels>-1</maxLodPixels></Lod></Region><Point><altitudeMode>relativeToGround</altitudeMode><coordinates>-122.296876,37.873746,4.0</coordinates></Point></Placemark>
  <Placemark><styleUrl>#poly0</styleUrl><Polygon><extrude>1</extrude><altitudeMode>relativeToGround</altitudeMode><outerBoundaryIs><LinearRing><coordinates>-122.264214,37.896939,4 -122.264078,37.896939,4 -122.264078,37.897047,4 -122.264214,37.897047,4 -122.264214,37.896939,4</coordinates></LinearRing></outerBoundaryIs></Polygon></Placemark>
  <Placemark><name>ADU</name><styleUrl>#lab0</styleUrl><Region><LatLonAltBox><west>-122.264214</west><east>-122.264078</east><south>37.896939</south><north>37.897047</north></LatLonAltBox><Lod><minLodPixels>700</minLodPixels><maxLodPixels>-1</maxLodPixels></Lod></Region><Point><altitudeMode>relativeToGround</altitudeMode><coordinates>-122.264160,37.896982,4.0</coordinates></Point></Placemark>
  <Placemark><styleUrl>#poly0</styleUrl><Polygon><extrude>1</extrude><altitudeMode>relativeToGround</altitudeMode><outerBoundaryIs><LinearRing><coordinates>-122.294709,37.879072,4 -122.294572,37.879072,4 -122.294572,37.879180,4 -122.294709,37.879180,4 -122.294709,37.879072,4</coordinates></LinearRing></outerBoundaryIs></Polygon></Placemark>
  <Placemark><name>ADU</name><styleUrl>#lab0</styleUrl><Region><LatLonAltBox><west>-122.294709</west><east>-122.294572</east><south>37.879072</south><north>37.879180</north></LatLonAltBox><Lod><minLodPixels>700</minLodPixels><maxLodPixels>-1</maxLodPixels></Lod></Region><Point><altitudeMode>relativeToGround</altitudeMode><coordinates>-122.294654,37.879115,4.0</coordinates></Point></Placemark>
  <Placemark><styleUrl>#poly0</styleUrl><Polygon><extrude>1</extrude><altitudeMode>relativeToGround</altitudeMode><outerBoundaryIs><LinearRing><coordinates>-122.288082,37.865668,4 -122.287946,37.865668,4 -122.287946,37.865776,4 -122.288082,37.865776,4 -122.288082,37.865668,4</coordinates></LinearRing></outerBoundaryIs></Polygon></Placemark>
  <Placemark><name>ADU</name><styleUrl>#lab0</styleUrl><Region><LatLonAltBox><west>-122.288082</west><east>-122.287946</east><south>37.865668</south><north>37.865776</north></LatLonAltBox><Lod><minLodPixels>700</minLodPixels><maxLodPixels>-1</maxLodPixels></Lod></Region><Point><altitudeMode>relativeToGround</altitudeMode><coordinates>-122.288028,37.865711,4.0</coordinates></Point></Placemark>
  <Placemark><styleUrl>#poly0</styleUrl><Polygon><extrude>1</extrude><altitudeMode>relativeToGround</altitudeMode><outerBoundaryIs><LinearRing><coordinates>-122.266315,37.886336,4 -122.266179,37.886336,4 -122.266179,37.886444,4 -122.266315,37.886444,4 -122.266315,37.886336,4</coordinates></LinearRing></outerBoundaryIs></Polygon></Placemark>
  <Placemark><name>ADU</name><styleUrl>#lab0</styleUrl><Region><LatLonAltBox><west>-122.266315</west><east>-122.266179</east><south>37.886336</south><north>37.886444</north></LatLonAltBox><Lod><minLodPixels>700</minLodPixels><maxLodPixels>-1</maxLodPixels></Lod></Region><Point><altitudeMode>relativeToGround</altitudeMode><coordinates>-122.266261,37.886379,4.0</coordinates></Point></Placemark>
  <Placemark><styleUrl>#poly0</styleUrl><Polygon><extrude>1</extrude><altitudeMode>relativeToGround</altitudeMode><outerBoundaryIs><LinearRing><coordinates>-122.253040,37.881504,4 -122.252903,37.881504,4 -122.252903,37.881612,4 -122.253040,37.881612,4 -122.253040,37.881504,4</coordinates></LinearRing></outerBoundaryIs></Polygon></Placemark>
  <Placemark><name>ADU</name><styleUrl>#lab0</styleUrl><Region><LatLonAltBox><west>-122.253040</west><east>-122.252903</east><south>37.881504</south><north>37.881612</north></LatLonAltBox><Lod><minLodPixels>700</minLodPixels><maxLodPixels>-1</maxLodPixels></Lod></Region><Point><altitudeMode>relativeToGround</altitudeMode><coordinates>-122.252985,37.881547,4.0</coordinates></Point></Placemark>
  <Placemark><styleUrl>#poly0</styleUrl><Polygon><extrude>1</extrude><altitudeMode>relativeToGround</altitudeMode><outerBoundaryIs><LinearRing><coordinates>-122.280524,37.853537,4 -122.280387,37.853537,4 -122.280387,37.853645,4 -122.280524,37.853645,4 -122.280524,37.853537,4</coordinates></LinearRing></outerBoundaryIs></Polygon></Placemark>
  <Placemark><name>ADU</name><styleUrl>#lab0</styleUrl><Region><LatLonAltBox><west>-122.280524</west><east>-122.280387</east><south>37.853537</south><north>37.853645</north></LatLonAltBox><Lod><minLodPixels>700</minLodPixels><maxLodPixels>-1</maxLodPixels></Lod></Region><Point><altitudeMode>relativeToGround</altitudeMode><coordinates>-122.280469,37.853580,4.0</coordinates></Point></Placemark>
  <Placemark><styleUrl>#poly0</styleUrl><Polygon><extrude>1</extrude><altitudeMode>relativeToGround</altitudeMode><outerBoundaryIs><LinearRing><coordinates>-122.252151,37.862695,4 -122.252014,37.862695,4 -122.252014,37.862803,4 -122.252151,37.862803,4 -122.252151,37.862695,4</coordinates></LinearRing></outerBoundaryIs></Polygon></Placemark>
  <Placemark><name>ADU</name><styleUrl>#lab0</styleUrl><Region><LatLonAltBox><west>-122.252151</west><east>-122.252014</east><south>37.862695</south><north>37.862803</north></LatLonAltBox><Lod><minLodPixels>700</minLodPixels><maxLodPixels>-1</maxLodPixels></Lod></Region><Point><altitudeMode>relativeToGround</altitudeMode><coordinates>-122.252096,37.862738,4.0</coordinates></Point></Placemark>
  <Placemark><styleUrl>#poly0</styleUrl><Polygon><extrude>1</extrude><altitudeMode>relativeToGround</altitudeMode><outerBoundaryIs><LinearRing><coordinates>-122.299479,37.875752,4 -122.299342,37.875752,4 -122.299342,37.875860,4 -122.299479,37.875860,4 -122.299479,37.875752,4</coordinates></LinearRing></outerBoundaryIs></Polygon></Placemark>
  <Placemark><name>ADU</name><styleUrl>#lab0</styleUrl><Region><LatLonAltBox><west>-122.299479</west><east>-122.299342</east><south>37.875752</south><north>37.875860</north></LatLonAltBox><Lod><minLodPixels>700</minLodPixels><maxLodPixels>-1</maxLodPixels></Lod></Region><Point><altitudeMode>relativeToGround</altitudeMode><coordinates>-122.299424,37.875795,4.0</coordinates></Point></Placemark>
  <Placemark><styleUrl>#poly0</styleUrl><Polygon><extrude>1</extrude><altitudeMode>relativeToGround</altitudeMode><outerBoundaryIs><LinearRing><coordinates>-122.283905,37.850747,4 -122.283768,37.850747,4 -122.283768,37.850855,4 -122.283905,37.850855,4 -122.283905,37.850747,4</coordinates></LinearRing></outerBoundaryIs></Polygon></Placemark>
  <Placemark><name>ADU</name><styleUrl>#lab0</styleUrl><Region><LatLonAltBox><west>-122.283905</west><east>-122.283768</east><south>37.850747</south><north>37.850855</north></LatLonAltBox><Lod><minLodPixels>700</minLodPixels><maxLodPixels>-1</maxLodPixels></Lod></Region><Point><altitudeMode>relativeToGround</altitudeMode><coordinates>-122.283850,37.850790,4.0</coordinates></Point></Placemark>
  <Placemark><styleUrl>#poly0</styleUrl><Polygon><extrude>1</extrude><altitudeMode>relativeToGround</altitudeMode><outerBoundaryIs><LinearRing><coordinates>-122.254116,37.859086,4 -122.253979,37.859086,4 -122.253979,37.859193,4 -122.254116,37.859193,4 -122.254116,37.859086,4</coordinates></LinearRing></outerBoundaryIs></Polygon></Placemark>
  <Placemark><name>ADU</name><styleUrl>#lab0</styleUrl><Region><LatLonAltBox><west>-122.254116</west><east>-122.253979</east><south>37.859086</south><north>37.859193</north></LatLonAltBox><Lod><minLodPixels>700</minLodPixels><maxLodPixels>-1</maxLodPixels></Lod></Region><Point><altitudeMode>relativeToGround</altitudeMode><coordinates>-122.254061,37.859129,4.0</coordinates></Point></Placemark>
  <Placemark><styleUrl>#poly0</styleUrl><Polygon><extrude>1</extrude><altitudeMode>relativeToGround</altitudeMode><outerBoundaryIs><LinearRing><coordinates>-122.277935,37.876631,4 -122.277799,37.876631,4 -122.277799,37.876739,4 -122.277935,37.876739,4 -122.277935,37.876631,4</coordinates></LinearRing></outerBoundaryIs></Polygon></Placemark>
  <Placemark><name>ADU</name><styleUrl>#lab0</styleUrl><Region><LatLonAltBox><west>-122.277935</west><east>-122.277799</east><south>37.876631</south><north>37.876739</north></LatLonAltBox><Lod><minLodPixels>700</minLodPixels><maxLodPixels>-1</maxLodPixels></Lod></Region><Point><altitudeMode>relativeToGround</altitudeMode><coordinates>-122.277881,37.876674,4.0</coordinates></Point></Placemark>
  <Placemark><styleUrl>#poly0</styleUrl><Polygon><extrude>1</extrude><altitudeMode>relativeToGround</altitudeMode><outerBoundaryIs><LinearRing><coordinates>-122.262950,37.858357,4 -122.262813,37.858357,4 -122.262813,37.858465,4 -122.262950,37.858465,4 -122.262950,37.858357,4</coordinates></LinearRing></outerBoundaryIs></Polygon></Placemark>
  <Placemark><name>ADU</name><styleUrl>#lab0</styleUrl><Region><LatLonAltBox><west>-122.262950</west><east>-122.262813</east><south>37.858357</south><north>37.858465</north></LatLonAltBox><Lod><minLodPixels>700</minLodPixels><maxLodPixels>-1</maxLodPixels></Lod></Region><Point><altitudeMode>relativeToGround</altitudeMode><coordinates>-122.262895,37.858400,4.0</coordinates></Point></Placemark>
  <Placemark><styleUrl>#poly0</styleUrl><Polygon><extrude>1</extrude><altitudeMode>relativeToGround</altitudeMode><outerBoundaryIs><LinearRing><coordinates>-122.261218,37.858932,4 -122.261081,37.858932,4 -122.261081,37.859040,4 -122.261218,37.859040,4 -122.261218,37.858932,4</coordinates></LinearRing></outerBoundaryIs></Polygon></Placemark>
  <Placemark><name>ADU</name><styleUrl>#lab0</styleUrl><Region><LatLonAltBox><west>-122.261218</west><east>-122.261081</east><south>37.858932</south><north>37.859040</north></LatLonAltBox><Lod><minLodPixels>700</minLodPixels><maxLodPixels>-1</maxLodPixels></Lod></Region><Point><altitudeMode>relativeToGround</altitudeMode><coordinates>-122.261163,37.858975,4.0</coordinates></Point></Placemark>
  <Placemark><styleUrl>#poly0</styleUrl><Polygon><extrude>1</extrude><altitudeMode>relativeToGround</altitudeMode><outerBoundaryIs><LinearRing><coordinates>-122.286664,37.863772,4 -122.286527,37.863772,4 -122.286527,37.863879,4 -122.286664,37.863879,4 -122.286664,37.863772,4</coordinates></LinearRing></outerBoundaryIs></Polygon></Placemark>
  <Placemark><name>ADU</name><styleUrl>#lab0</styleUrl><Region><LatLonAltBox><west>-122.286664</west><east>-122.286527</east><south>37.863772</south><north>37.863879</north></LatLonAltBox><Lod><minLodPixels>700</minLodPixels><maxLodPixels>-1</maxLodPixels></Lod></Region><Point><altitudeMode>relativeToGround</altitudeMode><coordinates>-122.286609,37.863815,4.0</coordinates></Point></Placemark>
  <Placemark><styleUrl>#poly0</styleUrl><Polygon><extrude>1</extrude><altitudeMode>relativeToGround</altitudeMode><outerBoundaryIs><LinearRing><coordinates>-122.280995,37.864534,4 -122.280858,37.864534,4 -122.280858,37.864642,4 -122.280995,37.864642,4 -122.280995,37.864534,4</coordinates></LinearRing></outerBoundaryIs></Polygon></Placemark>
  <Placemark><name>ADU</name><styleUrl>#lab0</styleUrl><Region><LatLonAltBox><west>-122.280995</west><east>-122.280858</east><south>37.864534</south><north>37.864642</north></LatLonAltBox><Lod><minLodPixels>700</minLodPixels><maxLodPixels>-1</maxLodPixels></Lod></Region><Point><altitudeMode>relativeToGround</altitudeMode><coordinates>-122.280940,37.864577,4.0</coordinates></Point></Placemark>
  <Placemark><styleUrl>#poly0</styleUrl><Polygon><extrude>1</extrude><altitudeMode>relativeToGround</altitudeMode><outerBoundaryIs><LinearRing><coordinates>-122.298791,37.873617,4 -122.298654,37.873617,4 -122.298654,37.873725,4 -122.298791,37.873725,4 -122.298791,37.873617,4</coordinates></LinearRing></outerBoundaryIs></Polygon></Placemark>
  <Placemark><name>ADU</name><styleUrl>#lab0</styleUrl><Region><LatLonAltBox><west>-122.298791</west><east>-122.298654</east><south>37.873617</south><north>37.873725</north></LatLonAltBox><Lod><minLodPixels>700</minLodPixels><maxLodPixels>-1</maxLodPixels></Lod></Region><Point><altitudeMode>relativeToGround</altitudeMode><coordinates>-122.298736,37.873660,4.0</coordinates></Point></Placemark>
  <Placemark><styleUrl>#poly0</styleUrl><Polygon><extrude>1</extrude><altitudeMode>relativeToGround</altitudeMode><outerBoundaryIs><LinearRing><coordinates>-122.283640,37.859395,4 -122.283503,37.859395,4 -122.283503,37.859503,4 -122.283640,37.859503,4 -122.283640,37.859395,4</coordinates></LinearRing></outerBoundaryIs></Polygon></Placemark>
  <Placemark><name>ADU</name><styleUrl>#lab0</styleUrl><Region><LatLonAltBox><west>-122.283640</west><east>-122.283503</east><south>37.859395</south><north>37.859503</north></LatLonAltBox><Lod><minLodPixels>700</minLodPixels><maxLodPixels>-1</maxLodPixels></Lod></Region><Point><altitudeMode>relativeToGround</altitudeMode><coordinates>-122.283585,37.859438,4.0</coordinates></Point></Placemark>
  <Placemark><styleUrl>#poly0</styleUrl><Polygon><extrude>1</extrude><altitudeMode>relativeToGround</altitudeMode><outerBoundaryIs><LinearRing><coordinates>-122.247328,37.861217,4 -122.247192,37.861217,4 -122.247192,37.861324,4 -122.247328,37.861324,4 -122.247328,37.861217,4</coordinates></LinearRing></outerBoundaryIs></Polygon></Placemark>
  <Placemark><name>ADU</name><styleUrl>#lab0</styleUrl><Region><LatLonAltBox><west>-122.247328</west><east>-122.247192</east><south>37.861217</south><north>37.861324</north></LatLonAltBox><Lod><minLodPixels>700</minLodPixels><maxLodPixels>-1</maxLodPixels></Lod></Region><Point><altitudeMode>relativeToGround</altitudeMode><coordinates>-122.247274,37.861260,4.0</coordinates></Point></Placemark>
  <Placemark><styleUrl>#poly0</styleUrl><Polygon><extrude>1</extrude><altitudeMode>relativeToGround</altitudeMode><outerBoundaryIs><LinearRing><coordinates>-122.285606,37.857643,4 -122.285469,37.857643,4 -122.285469,37.857751,4 -122.285606,37.857751,4 -122.285606,37.857643,4</coordinates></LinearRing></outerBoundaryIs></Polygon></Placemark>
  <Placemark><name>ADU</name><styleUrl>#lab0</styleUrl><Region><LatLonAltBox><west>-122.285606</west><east>-122.285469</east><south>37.857643</south><north>37.857751</north></LatLonAltBox><Lod><minLodPixels>700</minLodPixels><maxLodPixels>-1</maxLodPixels></Lod></Region><Point><altitudeMode>relativeToGround</altitudeMode><coordinates>-122.285551,37.857686,4.0</coordinates></Point></Placemark>
  <Placemark><styleUrl>#poly0</styleUrl><Polygon><extrude>1</extrude><altitudeMode>relativeToGround</altitudeMode><outerBoundaryIs><LinearRing><coordinates>-122.295156,37.882193,4 -122.295020,37.882193,4 -122.295020,37.882301,4 -122.295156,37.882301,4 -122.295156,37.882193,4</coordinates></LinearRing></outerBoundaryIs></Polygon></Placemark>
  <Placemark><name>ADU</name><styleUrl>#lab0</styleUrl><Region><LatLonAltBox><west>-122.295156</west><east>-122.295020</east><south>37.882193</south><north>37.882301</north></LatLonAltBox><Lod><minLodPixels>700</minLodPixels><maxLodPixels>-1</maxLodPixels></Lod></Region><Point><altitudeMode>relativeToGround</altitudeMode><coordinates>-122.295102,37.882236,4.0</coordinates></Point></Placemark>
  <Placemark><styleUrl>#poly0</styleUrl><Polygon><extrude>1</extrude><altitudeMode>relativeToGround</altitudeMode><outerBoundaryIs><LinearRing><coordinates>-122.287559,37.859226,4 -122.287422,37.859226,4 -122.287422,37.859334,4 -122.287559,37.859334,4 -122.287559,37.859226,4</coordinates></LinearRing></outerBoundaryIs></Polygon></Placemark>
  <Placemark><name>ADU</name><styleUrl>#lab0</styleUrl><Region><LatLonAltBox><west>-122.287559</west><east>-122.287422</east><south>37.859226</south><north>37.859334</north></LatLonAltBox><Lod><minLodPixels>700</minLodPixels><maxLodPixels>-1</maxLodPixels></Lod></Region><Point><altitudeMode>relativeToGround</altitudeMode><coordinates>-122.287504,37.859269,4.0</coordinates></Point></Placemark>
  <Placemark><styleUrl>#poly0</styleUrl><Polygon><extrude>1</extrude><altitudeMode>relativeToGround</altitudeMode><outerBoundaryIs><LinearRing><coordinates>-122.252249,37.854570,4 -122.252113,37.854570,4 -122.252113,37.854677,4 -122.252249,37.854677,4 -122.252249,37.854570,4</coordinates></LinearRing></outerBoundaryIs></Polygon></Placemark>
  <Placemark><name>ADU</name><styleUrl>#lab0</styleUrl><Region><LatLonAltBox><west>-122.252249</west><east>-122.252113</east><south>37.854570</south><north>37.854677</north></LatLonAltBox><Lod><minLodPixels>700</minLodPixels><maxLodPixels>-1</maxLodPixels></Lod></Region><Point><altitudeMode>relativeToGround</altitudeMode><coordinates>-122.252195,37.854613,4.0</coordinates></Point></Placemark>
  <Placemark><styleUrl>#poly0</styleUrl><Polygon><extrude>1</extrude><altitudeMode>relativeToGround</altitudeMode><outerBoundaryIs><LinearRing><coordinates>-122.278436,37.880164,4 -122.278300,37.880164,4 -122.278300,37.880272,4 -122.278436,37.880272,4 -122.278436,37.880164,4</coordinates></LinearRing></outerBoundaryIs></Polygon></Placemark>
  <Placemark><name>ADU</name><styleUrl>#lab0</styleUrl><Region><LatLonAltBox><west>-122.278436</west><east>-122.278300</east><south>37.880164</south><north>37.880272</north></LatLonAltBox><Lod><minLodPixels>700</minLodPixels><maxLodPixels>-1</maxLodPixels></Lod></Region><Point><altitudeMode>relativeToGround</altitudeMode><coordinates>-122.278382,37.880207,4.0</coordinates></Point></Placemark>
  <Placemark><styleUrl>#poly0</styleUrl><Polygon><extrude>1</extrude><altitudeMode>relativeToGround</altitudeMode><outerBoundaryIs><LinearRing><coordinates>-122.281145,37.884236,4 -122.281008,37.884236,4 -122.281008,37.884344,4 -122.281145,37.884344,4 -122.281145,37.884236,4</coordinates></LinearRing></outerBoundaryIs></Polygon></Placemark>
  <Placemark><name>ADU</name><styleUrl>#lab0</styleUrl><Region><LatLonAltBox><west>-122.281145</west><east>-122.281008</east><south>37.884236</south><north>37.884344</north></LatLonAltBox><Lod><minLodPixels>700</minLodPixels><maxLodPixels>-1</maxLodPixels></Lod></Region><Point><altitudeMode>relativeToGround</altitudeMode><coordinates>-122.281090,37.884279,4.0</coordinates></Point></Placemark>
  <Placemark><styleUrl>#poly0</styleUrl><Polygon><extrude>1</extrude><altitudeMode>relativeToGround</altitudeMode><outerBoundaryIs><LinearRing><coordinates>-122.273392,37.861537,4 -122.273255,37.861537,4 -122.273255,37.861645,4 -122.273392,37.861645,4 -122.273392,37.861537,4</coordinates></LinearRing></outerBoundaryIs></Polygon></Placemark>
  <Placemark><name>ADU</name><styleUrl>#lab0</styleUrl><Region><LatLonAltBox><west>-122.273392</west><east>-122.273255</east><south>37.861537</south><north>37.861645</north></LatLonAltBox><Lod><minLodPixels>700</minLodPixels><maxLodPixels>-1</maxLodPixels></Lod></Region><Point><altitudeMode>relativeToGround</altitudeMode><coordinates>-122.273337,37.861580,4.0</coordinates></Point></Placemark>
  <Placemark><styleUrl>#poly0</styleUrl><Polygon><extrude>1</extrude><altitudeMode>relativeToGround</altitudeMode><outerBoundaryIs><LinearRing><coordinates>-122.282588,37.856225,4 -122.282452,37.856225,4 -122.282452,37.856333,4 -122.282588,37.856333,4 -122.282588,37.856225,4</coordinates></LinearRing></outerBoundaryIs></Polygon></Placemark>
  <Placemark><name>ADU</name><styleUrl>#lab0</styleUrl><Region><LatLonAltBox><west>-122.282588</west><east>-122.282452</east><south>37.856225</south><north>37.856333</north></LatLonAltBox><Lod><minLodPixels>700</minLodPixels><maxLodPixels>-1</maxLodPixels></Lod></Region><Point><altitudeMode>relativeToGround</altitudeMode><coordinates>-122.282534,37.856268,4.0</coordinates></Point></Placemark>
  <Placemark><styleUrl>#poly0</styleUrl><Polygon><extrude>1</extrude><altitudeMode>relativeToGround</altitudeMode><outerBoundaryIs><LinearRing><coordinates>-122.259504,37.883422,4 -122.259367,37.883422,4 -122.259367,37.883530,4 -122.259504,37.883530,4 -122.259504,37.883422,4</coordinates></LinearRing></outerBoundaryIs></Polygon></Placemark>
  <Placemark><name>ADU</name><styleUrl>#lab0</styleUrl><Region><LatLonAltBox><west>-122.259504</west><east>-122.259367</east><south>37.883422</south><north>37.883530</north></LatLonAltBox><Lod><minLodPixels>700</minLodPixels><maxLodPixels>-1</maxLodPixels></Lod></Region><Point><altitudeMode>relativeToGround</altitudeMode><coordinates>-122.259449,37.883465,4.0</coordinates></Point></Placemark>
  <Placemark><styleUrl>#poly0</styleUrl><Polygon><extrude>1</extrude><altitudeMode>relativeToGround</altitudeMode><outerBoundaryIs><LinearRing><coordinates>-122.234751,37.854010,4 -122.234614,37.854010,4 -122.234614,37.854118,4 -122.234751,37.854118,4 -122.234751,37.854010,4</coordinates></LinearRing></outerBoundaryIs></Polygon></Placemark>
  <Placemark><name>ADU</name><styleUrl>#lab0</styleUrl><Region><LatLonAltBox><west>-122.234751</west><east>-122.234614</east><south>37.854010</south><north>37.854118</north></LatLonAltBox><Lod><minLodPixels>700</minLodPixels><maxLodPixels>-1</maxLodPixels></Lod></Region><Point><altitudeMode>relativeToGround</altitudeMode><coordinates>-122.234696,37.854053,4.0</coordinates></Point></Placemark>
  <Placemark><styleUrl>#poly0</styleUrl><Polygon><extrude>1</extrude><altitudeMode>relativeToGround</altitudeMode><outerBoundaryIs><LinearRing><coordinates>-122.284069,37.864431,4 -122.283932,37.864431,4 -122.283932,37.864539,4 -122.284069,37.864539,4 -122.284069,37.864431,4</coordinates></LinearRing></outerBoundaryIs></Polygon></Placemark>
  <Placemark><name>ADU</name><styleUrl>#lab0</styleUrl><Region><LatLonAltBox><west>-122.284069</west><east>-122.283932</east><south>37.864431</south><north>37.864539</north></LatLonAltBox><Lod><minLodPixels>700</minLodPixels><maxLodPixels>-1</maxLodPixels></Lod></Region><Point><altitudeMode>relativeToGround</altitudeMode><coordinates>-122.284014,37.864474,4.0</coordinates></Point></Placemark>
  <Placemark><styleUrl>#poly0</styleUrl><Polygon><extrude>1</extrude><altitudeMode>relativeToGround</altitudeMode><outerBoundaryIs><LinearRing><coordinates>-122.277184,37.857921,4 -122.277048,37.857921,4 -122.277048,37.858029,4 -122.277184,37.858029,4 -122.277184,37.857921,4</coordinates></LinearRing></outerBoundaryIs></Polygon></Placemark>
  <Placemark><name>ADU</name><styleUrl>#lab0</styleUrl><Region><LatLonAltBox><west>-122.277184</west><east>-122.277048</east><south>37.857921</south><north>37.858029</north></LatLonAltBox><Lod><minLodPixels>700</minLodPixels><maxLodPixels>-1</maxLodPixels></Lod></Region><Point><altitudeMode>relativeToGround</altitudeMode><coordinates>-122.277130,37.857964,4.0</coordinates></Point></Placemark>
  <Placemark><styleUrl>#poly0</styleUrl><Polygon><extrude>1</extrude><altitudeMode>relativeToGround</altitudeMode><outerBoundaryIs><LinearRing><coordinates>-122.251188,37.864904,4 -122.251052,37.864904,4 -122.251052,37.865012,4 -122.251188,37.865012,4 -122.251188,37.864904,4</coordinates></LinearRing></outerBoundaryIs></Polygon></Placemark>
  <Placemark><name>ADU</name><styleUrl>#lab0</styleUrl><Region><LatLonAltBox><west>-122.251188</west><east>-122.251052</east><south>37.864904</south><north>37.865012</north></LatLonAltBox><Lod><minLodPixels>700</minLodPixels><maxLodPixels>-1</maxLodPixels></Lod></Region><Point><altitudeMode>relativeToGround</altitudeMode><coordinates>-122.251134,37.864947,4.0</coordinates></Point></Placemark>
  <Placemark><styleUrl>#poly0</styleUrl><Polygon><extrude>1</extrude><altitudeMode>relativeToGround</altitudeMode><outerBoundaryIs><LinearRing><coordinates>-122.274877,37.855874,4 -122.274740,37.855874,4 -122.274740,37.855982,4 -122.274877,37.855982,4 -122.274877,37.855874,4</coordinates></LinearRing></outerBoundaryIs></Polygon></Placemark>
  <Placemark><name>ADU</name><styleUrl>#lab0</styleUrl><Region><LatLonAltBox><west>-122.274877</west><east>-122.274740</east><south>37.855874</south><north>37.855982</north></LatLonAltBox><Lod><minLodPixels>700</minLodPixels><maxLodPixels>-1</maxLodPixels></Lod></Region><Point><altitudeMode>relativeToGround</altitudeMode><coordinates>-122.274822,37.855917,4.0</coordinates></Point></Placemark>
  <Placemark><styleUrl>#poly0</styleUrl><Polygon><extrude>1</extrude><altitudeMode>relativeToGround</altitudeMode><outerBoundaryIs><LinearRing><coordinates>-122.287974,37.878860,4 -122.287837,37.878860,4 -122.287837,37.878968,4 -122.287974,37.878968,4 -122.287974,37.878860,4</coordinates></LinearRing></outerBoundaryIs></Polygon></Placemark>
  <Placemark><name>ADU</name><styleUrl>#lab0</styleUrl><Region><LatLonAltBox><west>-122.287974</west><east>-122.287837</east><south>37.878860</south><north>37.878968</north></LatLonAltBox><Lod><minLodPixels>700</minLodPixels><maxLodPixels>-1</maxLodPixels></Lod></Region><Point><altitudeMode>relativeToGround</altitudeMode><coordinates>-122.287919,37.878903,4.0</coordinates></Point></Placemark>
  <Placemark><styleUrl>#poly0</styleUrl><Polygon><extrude>1</extrude><altitudeMode>relativeToGround</altitudeMode><outerBoundaryIs><LinearRing><coordinates>-122.251916,37.858972,4 -122.251780,37.858972,4 -122.251780,37.859080,4 -122.251916,37.859080,4 -122.251916,37.858972,4</coordinates></LinearRing></outerBoundaryIs></Polygon></Placemark>
  <Placemark><name>ADU</name><styleUrl>#lab0</styleUrl><Region><LatLonAltBox><west>-122.251916</west><east>-122.251780</east><south>37.858972</south><north>37.859080</north></LatLonAltBox><Lod><minLodPixels>700</minLodPixels><maxLodPixels>-1</maxLodPixels></Lod></Region><Point><altitudeMode>relativeToGround</altitudeMode><coordinates>-122.251862,37.859015,4.0</coordinates></Point></Placemark>
  <Placemark><styleUrl>#poly0</styleUrl><Polygon><extrude>1</extrude><altitudeMode>relativeToGround</altitudeMode><outerBoundaryIs><LinearRing><coordinates>-122.247969,37.860749,4 -122.247833,37.860749,4 -122.247833,37.860857,4 -122.247969,37.860857,4 -122.247969,37.860749,4</coordinates></LinearRing></outerBoundaryIs></Polygon></Placemark>
  <Placemark><name>ADU</name><styleUrl>#lab0</styleUrl><Region><LatLonAltBox><west>-122.247969</west><east>-122.247833</east><south>37.860749</south><north>37.860857</north></LatLonAltBox><Lod><minLodPixels>700</minLodPixels><maxLodPixels>-1</maxLodPixels></Lod></Region><Point><altitudeMode>relativeToGround</altitudeMode><coordinates>-122.247915,37.860792,4.0</coordinates></Point></Placemark>
  <Placemark><styleUrl>#poly0</styleUrl><Polygon><extrude>1</extrude><altitudeMode>relativeToGround</altitudeMode><outerBoundaryIs><LinearRing><coordinates>-122.277285,37.884442,4 -122.277148,37.884442,4 -122.277148,37.884549,4 -122.277285,37.884549,4 -122.277285,37.884442,4</coordinates></LinearRing></outerBoundaryIs></Polygon></Placemark>
  <Placemark><name>ADU</name><styleUrl>#lab0</styleUrl><Region><LatLonAltBox><west>-122.277285</west><east>-122.277148</east><south>37.884442</south><north>37.884549</north></LatLonAltBox><Lod><minLodPixels>700</minLodPixels><maxLodPixels>-1</maxLodPixels></Lod></Region><Point><altitudeMode>relativeToGround</altitudeMode><coordinates>-122.277230,37.884485,4.0</coordinates></Point></Placemark>
  <Placemark><styleUrl>#poly0</styleUrl><Polygon><extrude>1</extrude><altitudeMode>relativeToGround</altitudeMode><outerBoundaryIs><LinearRing><coordinates>-122.287581,37.860674,4 -122.287444,37.860674,4 -122.287444,37.860781,4 -122.287581,37.860781,4 -122.287581,37.860674,4</coordinates></LinearRing></outerBoundaryIs></Polygon></Placemark>
  <Placemark><name>ADU</name><styleUrl>#lab0</styleUrl><Region><LatLonAltBox><west>-122.287581</west><east>-122.287444</east><south>37.860674</south><north>37.860781</north></LatLonAltBox><Lod><minLodPixels>700</minLodPixels><maxLodPixels>-1</maxLodPixels></Lod></Region><Point><altitudeMode>relativeToGround</altitudeMode><coordinates>-122.287526,37.860717,4.0</coordinates></Point></Placemark>
  <Placemark><styleUrl>#poly0</styleUrl><Polygon><extrude>1</extrude><altitudeMode>relativeToGround</altitudeMode><outerBoundaryIs><LinearRing><coordinates>-122.267150,37.853396,4 -122.267013,37.853396,4 -122.267013,37.853504,4 -122.267150,37.853504,4 -122.267150,37.853396,4</coordinates></LinearRing></outerBoundaryIs></Polygon></Placemark>
  <Placemark><name>ADU</name><styleUrl>#lab0</styleUrl><Region><LatLonAltBox><west>-122.267150</west><east>-122.267013</east><south>37.853396</south><north>37.853504</north></LatLonAltBox><Lod><minLodPixels>700</minLodPixels><maxLodPixels>-1</maxLodPixels></Lod></Region><Point><altitudeMode>relativeToGround</altitudeMode><coordinates>-122.267095,37.853439,4.0</coordinates></Point></Placemark>
  <Placemark><styleUrl>#poly0</styleUrl><Polygon><extrude>1</extrude><altitudeMode>relativeToGround</altitudeMode><outerBoundaryIs><LinearRing><coordinates>-122.296389,37.875706,4 -122.296252,37.875706,4 -122.296252,37.875814,4 -122.296389,37.875814,4 -122.296389,37.875706,4</coordinates></LinearRing></outerBoundaryIs></Polygon></Placemark>
  <Placemark><name>ADU</name><styleUrl>#lab0</styleUrl><Region><LatLonAltBox><west>-122.296389</west><east>-122.296252</east><south>37.875706</south><north>37.875814</north></LatLonAltBox><Lod><minLodPixels>700</minLodPixels><maxLodPixels>-1</maxLodPixels></Lod></Region><Point><altitudeMode>relativeToGround</altitudeMode><coordinates>-122.296334,37.875749,4.0</coordinates></Point></Placemark>
  <Placemark><styleUrl>#poly0</styleUrl><Polygon><extrude>1</extrude><altitudeMode>relativeToGround</altitudeMode><outerBoundaryIs><LinearRing><coordinates>-122.283533,37.858836,4 -122.283397,37.858836,4 -122.283397,37.858944,4 -122.283533,37.858944,4 -122.283533,37.858836,4</coordinates></LinearRing></outerBoundaryIs></Polygon></Placemark>
  <Placemark><name>ADU</name><styleUrl>#lab0</styleUrl><Region><LatLonAltBox><west>-122.283533</west><east>-122.283397</east><south>37.858836</south><north>37.858944</north></LatLonAltBox><Lod><minLodPixels>700</minLodPixels><maxLodPixels>-1</maxLodPixels></Lod></Region><Point><altitudeMode>relativeToGround</altitudeMode><coordinates>-122.283479,37.858879,4.0</coordinates></Point></Placemark>
  <Placemark><styleUrl>#poly0</styleUrl><Polygon><extrude>1</extrude><altitudeMode>relativeToGround</altitudeMode><outerBoundaryIs><LinearRing><coordinates>-122.286332,37.862321,4 -122.286196,37.862321,4 -122.286196,37.862428,4 -122.286332,37.862428,4 -122.286332,37.862321,4</coordinates></LinearRing></outerBoundaryIs></Polygon></Placemark>
  <Placemark><name>ADU</name><styleUrl>#lab0</styleUrl><Region><LatLonAltBox><west>-122.286332</west><east>-122.286196</east><south>37.862321</south><north>37.862428</north></LatLonAltBox><Lod><minLodPixels>700</minLodPixels><maxLodPixels>-1</maxLodPixels></Lod></Region><Point><altitudeMode>relativeToGround</altitudeMode><coordinates>-122.286278,37.862364,4.0</coordinates></Point></Placemark>
  <Placemark><styleUrl>#poly0</styleUrl><Polygon><extrude>1</extrude><altitudeMode>relativeToGround</altitudeMode><outerBoundaryIs><LinearRing><coordinates>-122.274358,37.848654,4 -122.274222,37.848654,4 -122.274222,37.848762,4 -122.274358,37.848762,4 -122.274358,37.848654,4</coordinates></LinearRing></outerBoundaryIs></Polygon></Placemark>
  <Placemark><name>ADU</name><styleUrl>#lab0</styleUrl><Region><LatLonAltBox><west>-122.274358</west><east>-122.274222</east><south>37.848654</south><north>37.848762</north></LatLonAltBox><Lod><minLodPixels>700</minLodPixels><maxLodPixels>-1</maxLodPixels></Lod></Region><Point><altitudeMode>relativeToGround</altitudeMode><coordinates>-122.274304,37.848697,4.0</coordinates></Point></Placemark>
  <Placemark><styleUrl>#poly0</styleUrl><Polygon><extrude>1</extrude><altitudeMode>relativeToGround</altitudeMode><outerBoundaryIs><LinearRing><coordinates>-122.266849,37.885185,4 -122.266713,37.885185,4 -122.266713,37.885293,4 -122.266849,37.885293,4 -122.266849,37.885185,4</coordinates></LinearRing></outerBoundaryIs></Polygon></Placemark>
  <Placemark><name>ADU</name><styleUrl>#lab0</styleUrl><Region><LatLonAltBox><west>-122.266849</west><east>-122.266713</east><south>37.885185</south><north>37.885293</north></LatLonAltBox><Lod><minLodPixels>700</minLodPixels><maxLodPixels>-1</maxLodPixels></Lod></Region><Point><altitudeMode>relativeToGround</altitudeMode><coordinates>-122.266795,37.885228,4.0</coordinates></Point></Placemark>
  <Placemark><styleUrl>#poly0</styleUrl><Polygon><extrude>1</extrude><altitudeMode>relativeToGround</altitudeMode><outerBoundaryIs><LinearRing><coordinates>-122.271806,37.850698,4 -122.271670,37.850698,4 -122.271670,37.850806,4 -122.271806,37.850806,4 -122.271806,37.850698,4</coordinates></LinearRing></outerBoundaryIs></Polygon></Placemark>
  <Placemark><name>ADU</name><styleUrl>#lab0</styleUrl><Region><LatLonAltBox><west>-122.271806</west><east>-122.271670</east><south>37.850698</south><north>37.850806</north></LatLonAltBox><Lod><minLodPixels>700</minLodPixels><maxLodPixels>-1</maxLodPixels></Lod></Region><Point><altitudeMode>relativeToGround</altitudeMode><coordinates>-122.271752,37.850741,4.0</coordinates></Point></Placemark>
  <Placemark><styleUrl>#poly0</styleUrl><Polygon><extrude>1</extrude><altitudeMode>relativeToGround</altitudeMode><outerBoundaryIs><LinearRing><coordinates>-122.251934,37.852769,4 -122.251798,37.852769,4 -122.251798,37.852877,4 -122.251934,37.852877,4 -122.251934,37.852769,4</coordinates></LinearRing></outerBoundaryIs></Polygon></Placemark>
  <Placemark><name>ADU</name><styleUrl>#lab0</styleUrl><Region><LatLonAltBox><west>-122.251934</west><east>-122.251798</east><south>37.852769</south><north>37.852877</north></LatLonAltBox><Lod><minLodPixels>700</minLodPixels><maxLodPixels>-1</maxLodPixels></Lod></Region><Point><altitudeMode>relativeToGround</altitudeMode><coordinates>-122.251880,37.852812,4.0</coordinates></Point></Placemark>
  <Placemark><styleUrl>#poly0</styleUrl><Polygon><extrude>1</extrude><altitudeMode>relativeToGround</altitudeMode><outerBoundaryIs><LinearRing><coordinates>-122.264513,37.880516,4 -122.264376,37.880516,4 -122.264376,37.880624,4 -122.264513,37.880624,4 -122.264513,37.880516,4</coordinates></LinearRing></outerBoundaryIs></Polygon></Placemark>
  <Placemark><name>ADU</name><styleUrl>#lab0</styleUrl><Region><LatLonAltBox><west>-122.264513</west><east>-122.264376</east><south>37.880516</south><north>37.880624</north></LatLonAltBox><Lod><minLodPixels>700</minLodPixels><maxLodPixels>-1</maxLodPixels></Lod></Region><Point><altitudeMode>relativeToGround</altitudeMode><coordinates>-122.264458,37.880559,4.0</coordinates></Point></Placemark>
  <Placemark><styleUrl>#poly0</styleUrl><Polygon><extrude>1</extrude><altitudeMode>relativeToGround</altitudeMode><outerBoundaryIs><LinearRing><coordinates>-122.251323,37.851319,4 -122.251187,37.851319,4 -122.251187,37.851427,4 -122.251323,37.851427,4 -122.251323,37.851319,4</coordinates></LinearRing></outerBoundaryIs></Polygon></Placemark>
  <Placemark><name>ADU</name><styleUrl>#lab0</styleUrl><Region><LatLonAltBox><west>-122.251323</west><east>-122.251187</east><south>37.851319</south><north>37.851427</north></LatLonAltBox><Lod><minLodPixels>700</minLodPixels><maxLodPixels>-1</maxLodPixels></Lod></Region><Point><altitudeMode>relativeToGround</altitudeMode><coordinates>-122.251269,37.851362,4.0</coordinates></Point></Placemark>
  <Placemark><styleUrl>#poly0</styleUrl><Polygon><extrude>1</extrude><altitudeMode>relativeToGround</altitudeMode><outerBoundaryIs><LinearRing><coordinates>-122.260411,37.858659,4 -122.260275,37.858659,4 -122.260275,37.858766,4 -122.260411,37.858766,4 -122.260411,37.858659,4</coordinates></LinearRing></outerBoundaryIs></Polygon></Placemark>
  <Placemark><name>ADU</name><styleUrl>#lab0</styleUrl><Region><LatLonAltBox><west>-122.260411</west><east>-122.260275</east><south>37.858659</south><north>37.858766</north></LatLonAltBox><Lod><minLodPixels>700</minLodPixels><maxLodPixels>-1</maxLodPixels></Lod></Region><Point><altitudeMode>relativeToGround</altitudeMode><coordinates>-122.260357,37.858702,4.0</coordinates></Point></Placemark>
  <Placemark><styleUrl>#poly0</styleUrl><Polygon><extrude>1</extrude><altitudeMode>relativeToGround</altitudeMode><outerBoundaryIs><LinearRing><coordinates>-122.290888,37.877572,4 -122.290752,37.877572,4 -122.290752,37.877680,4 -122.290888,37.877680,4 -122.290888,37.877572,4</coordinates></LinearRing></outerBoundaryIs></Polygon></Placemark>
  <Placemark><name>ADU</name><styleUrl>#lab0</styleUrl><Region><LatLonAltBox><west>-122.290888</west><east>-122.290752</east><south>37.877572</south><north>37.877680</north></LatLonAltBox><Lod><minLodPixels>700</minLodPixels><maxLodPixels>-1</maxLodPixels></Lod></Region><Point><altitudeMode>relativeToGround</altitudeMode><coordinates>-122.290834,37.877615,4.0</coordinates></Point></Placemark>
  <Placemark><styleUrl>#poly0</styleUrl><Polygon><extrude>1</extrude><altitudeMode>relativeToGround</altitudeMode><outerBoundaryIs><LinearRing><coordinates>-122.278368,37.878313,4 -122.278232,37.878313,4 -122.278232,37.878421,4 -122.278368,37.878421,4 -122.278368,37.878313,4</coordinates></LinearRing></outerBoundaryIs></Polygon></Placemark>
  <Placemark><name>ADU</name><styleUrl>#lab0</styleUrl><Region><LatLonAltBox><west>-122.278368</west><east>-122.278232</east><south>37.878313</south><north>37.878421</north></LatLonAltBox><Lod><minLodPixels>700</minLodPixels><maxLodPixels>-1</maxLodPixels></Lod></Region><Point><altitudeMode>relativeToGround</altitudeMode><coordinates>-122.278314,37.878356,4.0</coordinates></Point></Placemark>
  <Placemark><styleUrl>#poly0</styleUrl><Polygon><extrude>1</extrude><altitudeMode>relativeToGround</altitudeMode><outerBoundaryIs><LinearRing><coordinates>-122.265634,37.861986,4 -122.265498,37.861986,4 -122.265498,37.862094,4 -122.265634,37.862094,4 -122.265634,37.861986,4</coordinates></LinearRing></outerBoundaryIs></Polygon></Placemark>
  <Placemark><name>ADU</name><styleUrl>#lab0</styleUrl><Region><LatLonAltBox><west>-122.265634</west><east>-122.265498</east><south>37.861986</south><north>37.862094</north></LatLonAltBox><Lod><minLodPixels>700</minLodPixels><maxLodPixels>-1</maxLodPixels></Lod></Region><Point><altitudeMode>relativeToGround</altitudeMode><coordinates>-122.265580,37.862029,4.0</coordinates></Point></Placemark>
  <Placemark><styleUrl>#poly0</styleUrl><Polygon><extrude>1</extrude><altitudeMode>relativeToGround</altitudeMode><outerBoundaryIs><LinearRing><coordinates>-122.263590,37.853044,4 -122.263453,37.853044,4 -122.263453,37.853152,4 -122.263590,37.853152,4 -122.263590,37.853044,4</coordinates></LinearRing></outerBoundaryIs></Polygon></Placemark>
  <Placemark><name>ADU</name><styleUrl>#lab0</styleUrl><Region><LatLonAltBox><west>-122.263590</west><east>-122.263453</east><south>37.853044</south><north>37.853152</north></LatLonAltBox><Lod><minLodPixels>700</minLodPixels><maxLodPixels>-1</maxLodPixels></Lod></Region><Point><altitudeMode>relativeToGround</altitudeMode><coordinates>-122.263535,37.853087,4.0</coordinates></Point></Placemark>
  <Placemark><styleUrl>#poly0</styleUrl><Polygon><extrude>1</extrude><altitudeMode>relativeToGround</altitudeMode><outerBoundaryIs><LinearRing><coordinates>-122.293418,37.880623,4 -122.293281,37.880623,4 -122.293281,37.880731,4 -122.293418,37.880731,4 -122.293418,37.880623,4</coordinates></LinearRing></outerBoundaryIs></Polygon></Placemark>
  <Placemark><name>ADU</name><styleUrl>#lab0</styleUrl><Region><LatLonAltBox><west>-122.293418</west><east>-122.293281</east><south>37.880623</south><north>37.880731</north></LatLonAltBox><Lod><minLodPixels>700</minLodPixels><maxLodPixels>-1</maxLodPixels></Lod></Region><Point><altitudeMode>relativeToGround</altitudeMode><coordinates>-122.293363,37.880666,4.0</coordinates></Point></Placemark>
  <Placemark><styleUrl>#poly0</styleUrl><Polygon><extrude>1</extrude><altitudeMode>relativeToGround</altitudeMode><outerBoundaryIs><LinearRing><coordinates>-122.251890,37.886082,4 -122.251753,37.886082,4 -122.251753,37.886190,4 -122.251890,37.886190,4 -122.251890,37.886082,4</coordinates></LinearRing></outerBoundaryIs></Polygon></Placemark>
  <Placemark><name>ADU</name><styleUrl>#lab0</styleUrl><Region><LatLonAltBox><west>-122.251890</west><east>-122.251753</east><south>37.886082</south><north>37.886190</north></LatLonAltBox><Lod><minLodPixels>700</minLodPixels><maxLodPixels>-1</maxLodPixels></Lod></Region><Point><altitudeMode>relativeToGround</altitudeMode><coordinates>-122.251835,37.886125,4.0</coordinates></Point></Placemark>
  <Placemark><styleUrl>#poly0</styleUrl><Polygon><extrude>1</extrude><altitudeMode>relativeToGround</altitudeMode><outerBoundaryIs><LinearRing><coordinates>-122.287560,37.878215,4 -122.287424,37.878215,4 -122.287424,37.878322,4 -122.287560,37.878322,4 -122.287560,37.878215,4</coordinates></LinearRing></outerBoundaryIs></Polygon></Placemark>
  <Placemark><name>ADU</name><styleUrl>#lab0</styleUrl><Region><LatLonAltBox><west>-122.287560</west><east>-122.287424</east><south>37.878215</south><north>37.878322</north></LatLonAltBox><Lod><minLodPixels>700</minLodPixels><maxLodPixels>-1</maxLodPixels></Lod></Region><Point><altitudeMode>relativeToGround</altitudeMode><coordinates>-122.287506,37.878258,4.0</coordinates></Point></Placemark>
  <Placemark><styleUrl>#poly0</styleUrl><Polygon><extrude>1</extrude><altitudeMode>relativeToGround</altitudeMode><outerBoundaryIs><LinearRing><coordinates>-122.248271,37.853178,4 -122.248134,37.853178,4 -122.248134,37.853286,4 -122.248271,37.853286,4 -122.248271,37.853178,4</coordinates></LinearRing></outerBoundaryIs></Polygon></Placemark>
  <Placemark><name>ADU</name><styleUrl>#lab0</styleUrl><Region><LatLonAltBox><west>-122.248271</west><east>-122.248134</east><south>37.853178</south><north>37.853286</north></LatLonAltBox><Lod><minLodPixels>700</minLodPixels><maxLodPixels>-1</maxLodPixels></Lod></Region><Point><altitudeMode>relativeToGround</altitudeMode><coordinates>-122.248216,37.853221,4.0</coordinates></Point></Placemark>
  <Placemark><styleUrl>#poly0</styleUrl><Polygon><extrude>1</extrude><altitudeMode>relativeToGround</altitudeMode><outerBoundaryIs><LinearRing><coordinates>-122.283514,37.866404,4 -122.283378,37.866404,4 -122.283378,37.866512,4 -122.283514,37.866512,4 -122.283514,37.866404,4</coordinates></LinearRing></outerBoundaryIs></Polygon></Placemark>
  <Placemark><name>ADU</name><styleUrl>#lab0</styleUrl><Region><LatLonAltBox><west>-122.283514</west><east>-122.283378</east><south>37.866404</south><north>37.866512</north></LatLonAltBox><Lod><minLodPixels>700</minLodPixels><maxLodPixels>-1</maxLodPixels></Lod></Region><Point><altitudeMode>relativeToGround</altitudeMode><coordinates>-122.283460,37.866447,4.0</coordinates></Point></Placemark>
  <Placemark><styleUrl>#poly0</styleUrl><Polygon><extrude>1</extrude><altitudeMode>relativeToGround</altitudeMode><outerBoundaryIs><LinearRing><coordinates>-122.263199,37.886186,4 -122.263062,37.886186,4 -122.263062,37.886294,4 -122.263199,37.886294,4 -122.263199,37.886186,4</coordinates></LinearRing></outerBoundaryIs></Polygon></Placemark>
  <Placemark><name>ADU</name><styleUrl>#lab0</styleUrl><Region><LatLonAltBox><west>-122.263199</west><east>-122.263062</east><south>37.886186</south><north>37.886294</north></LatLonAltBox><Lod><minLodPixels>700</minLodPixels><maxLodPixels>-1</maxLodPixels></Lod></Region><Point><altitudeMode>relativeToGround</altitudeMode><coordinates>-122.263144,37.886229,4.0</coordinates></Point></Placemark>
  <Placemark><styleUrl>#poly0</styleUrl><Polygon><extrude>1</extrude><altitudeMode>relativeToGround</altitudeMode><outerBoundaryIs><LinearRing><coordinates>-122.286506,37.880391,4 -122.286369,37.880391,4 -122.286369,37.880499,4 -122.286506,37.880499,4 -122.286506,37.880391,4</coordinates></LinearRing></outerBoundaryIs></Polygon></Placemark>
  <Placemark><name>ADU</name><styleUrl>#lab0</styleUrl><Region><LatLonAltBox><west>-122.286506</west><east>-122.286369</east><south>37.880391</south><north>37.880499</north></LatLonAltBox><Lod><minLodPixels>700</minLodPixels><maxLodPixels>-1</maxLodPixels></Lod></Region><Point><altitudeMode>relativeToGround</altitudeMode><coordinates>-122.286451,37.880434,4.0</coordinates></Point></Placemark>
  <Placemark><styleUrl>#poly0</styleUrl><Polygon><extrude>1</extrude><altitudeMode>relativeToGround</altitudeMode><outerBoundaryIs><LinearRing><coordinates>-122.258013,37.878322,4 -122.257877,37.878322,4 -122.257877,37.878430,4 -122.258013,37.878430,4 -122.258013,37.878322,4</coordinates></LinearRing></outerBoundaryIs></Polygon></Placemark>
  <Placemark><name>ADU</name><styleUrl>#lab0</styleUrl><Region><LatLonAltBox><west>-122.258013</west><east>-122.257877</east><south>37.878322</south><north>37.878430</north></LatLonAltBox><Lod><minLodPixels>700</minLodPixels><maxLodPixels>-1</maxLodPixels></Lod></Region><Point><altitudeMode>relativeToGround</altitudeMode><coordinates>-122.257959,37.878365,4.0</coordinates></Point></Placemark>
  <Placemark><styleUrl>#poly0</styleUrl><Polygon><extrude>1</extrude><altitudeMode>relativeToGround</altitudeMode><outerBoundaryIs><LinearRing><coordinates>-122.285778,37.852901,4 -122.285641,37.852901,4 -122.285641,37.853009,4 -122.285778,37.853009,4 -122.285778,37.852901,4</coordinates></LinearRing></outerBoundaryIs></Polygon></Placemark>
  <Placemark><name>ADU</name><styleUrl>#lab0</styleUrl><Region><LatLonAltBox><west>-122.285778</west><east>-122.285641</east><south>37.852901</south><north>37.853009</north></LatLonAltBox><Lod><minLodPixels>700</minLodPixels><maxLodPixels>-1</maxLodPixels></Lod></Region><Point><altitudeMode>relativeToGround</altitudeMode><coordinates>-122.285723,37.852944,4.0</coordinates></Point></Placemark>
  <Placemark><styleUrl>#poly0</styleUrl><Polygon><extrude>1</extrude><altitudeMode>relativeToGround</altitudeMode><outerBoundaryIs><LinearRing><coordinates>-122.270862,37.857626,4 -122.270726,37.857626,4 -122.270726,37.857734,4 -122.270862,37.857734,4 -122.270862,37.857626,4</coordinates></LinearRing></outerBoundaryIs></Polygon></Placemark>
  <Placemark><name>ADU</name><styleUrl>#lab0</styleUrl><Region><LatLonAltBox><west>-122.270862</west><east>-122.270726</east><south>37.857626</south><north>37.857734</north></LatLonAltBox><Lod><minLodPixels>700</minLodPixels><maxLodPixels>-1</maxLodPixels></Lod></Region><Point><altitudeMode>relativeToGround</altitudeMode><coordinates>-122.270808,37.857669,4.0</coordinates></Point></Placemark>
  <Placemark><styleUrl>#poly0</styleUrl><Polygon><extrude>1</extrude><altitudeMode>relativeToGround</altitudeMode><outerBoundaryIs><LinearRing><coordinates>-122.249336,37.882101,4 -122.249200,37.882101,4 -122.249200,37.882209,4 -122.249336,37.882209,4 -122.249336,37.882101,4</coordinates></LinearRing></outerBoundaryIs></Polygon></Placemark>
  <Placemark><name>ADU</name><styleUrl>#lab0</styleUrl><Region><LatLonAltBox><west>-122.249336</west><east>-122.249200</east><south>37.882101</south><north>37.882209</north></LatLonAltBox><Lod><minLodPixels>700</minLodPixels><maxLodPixels>-1</maxLodPixels></Lod></Region><Point><altitudeMode>relativeToGround</altitudeMode><coordinates>-122.249282,37.882144,4.0</coordinates></Point></Placemark>
  <Placemark><styleUrl>#poly0</styleUrl><Polygon><extrude>1</extrude><altitudeMode>relativeToGround</altitudeMode><outerBoundaryIs><LinearRing><coordinates>-122.280271,37.860611,4 -122.280135,37.860611,4 -122.280135,37.860719,4 -122.280271,37.860719,4 -122.280271,37.860611,4</coordinates></LinearRing></outerBoundaryIs></Polygon></Placemark>
  <Placemark><name>ADU</name><styleUrl>#lab0</styleUrl><Region><LatLonAltBox><west>-122.280271</west><east>-122.280135</east><south>37.860611</south><north>37.860719</north></LatLonAltBox><Lod><minLodPixels>700</minLodPixels><maxLodPixels>-1</maxLodPixels></Lod></Region><Point><altitudeMode>relativeToGround</altitudeMode><coordinates>-122.280217,37.860654,4.0</coordinates></Point></Placemark>
  <Placemark><styleUrl>#poly0</styleUrl><Polygon><extrude>1</extrude><altitudeMode>relativeToGround</altitudeMode><outerBoundaryIs><LinearRing><coordinates>-122.288206,37.859677,4 -122.288070,37.859677,4 -122.288070,37.859785,4 -122.288206,37.859785,4 -122.288206,37.859677,4</coordinates></LinearRing></outerBoundaryIs></Polygon></Placemark>
  <Placemark><name>ADU</name><styleUrl>#lab0</styleUrl><Region><LatLonAltBox><west>-122.288206</west><east>-122.288070</east><south>37.859677</south><north>37.859785</north></LatLonAltBox><Lod><minLodPixels>700</minLodPixels><maxLodPixels>-1</maxLodPixels></Lod></Region><Point><altitudeMode>relativeToGround</altitudeMode><coordinates>-122.288152,37.859720,4.0</coordinates></Point></Placemark>
  <Placemark><styleUrl>#poly0</styleUrl><Polygon><extrude>1</extrude><altitudeMode>relativeToGround</altitudeMode><outerBoundaryIs><LinearRing><coordinates>-122.276829,37.875741,4 -122.276692,37.875741,4 -122.276692,37.875848,4 -122.276829,37.875848,4 -122.276829,37.875741,4</coordinates></LinearRing></outerBoundaryIs></Polygon></Placemark>
  <Placemark><name>ADU</name><styleUrl>#lab0</styleUrl><Region><LatLonAltBox><west>-122.276829</west><east>-122.276692</east><south>37.875741</south><north>37.875848</north></LatLonAltBox><Lod><minLodPixels>700</minLodPixels><maxLodPixels>-1</maxLodPixels></Lod></Region><Point><altitudeMode>relativeToGround</altitudeMode><coordinates>-122.276774,37.875784,4.0</coordinates></Point></Placemark>
  <Placemark><styleUrl>#poly0</styleUrl><Polygon><extrude>1</extrude><altitudeMode>relativeToGround</altitudeMode><outerBoundaryIs><LinearRing><coordinates>-122.287530,37.866585,4 -122.287394,37.866585,4 -122.287394,37.866693,4 -122.287530,37.866693,4 -122.287530,37.866585,4</coordinates></LinearRing></outerBoundaryIs></Polygon></Placemark>
  <Placemark><name>ADU</name><styleUrl>#lab0</styleUrl><Region><LatLonAltBox><west>-122.287530</west><east>-122.287394</east><south>37.866585</south><north>37.866693</north></LatLonAltBox><Lod><minLodPixels>700</minLodPixels><maxLodPixels>-1</maxLodPixels></Lod></Region><Point><altitudeMode>relativeToGround</altitudeMode><coordinates>-122.287476,37.866628,4.0</coordinates></Point></Placemark>
  <Placemark><styleUrl>#poly0</styleUrl><Polygon><extrude>1</extrude><altitudeMode>relativeToGround</altitudeMode><outerBoundaryIs><LinearRing><coordinates>-122.286410,37.862509,4 -122.286274,37.862509,4 -122.286274,37.862617,4 -122.286410,37.862617,4 -122.286410,37.862509,4</coordinates></LinearRing></outerBoundaryIs></Polygon></Placemark>
  <Placemark><name>ADU</name><styleUrl>#lab0</styleUrl><Region><LatLonAltBox><west>-122.286410</west><east>-122.286274</east><south>37.862509</south><north>37.862617</north></LatLonAltBox><Lod><minLodPixels>700</minLodPixels><maxLodPixels>-1</maxLodPixels></Lod></Region><Point><altitudeMode>relativeToGround</altitudeMode><coordinates>-122.286356,37.862552,4.0</coordinates></Point></Placemark>
  <Placemark><styleUrl>#poly0</styleUrl><Polygon><extrude>1</extrude><altitudeMode>relativeToGround</altitudeMode><outerBoundaryIs><LinearRing><coordinates>-122.277964,37.857319,4 -122.277827,37.857319,4 -122.277827,37.857426,4 -122.277964,37.857426,4 -122.277964,37.857319,4</coordinates></LinearRing></outerBoundaryIs></Polygon></Placemark>
  <Placemark><name>ADU</name><styleUrl>#lab0</styleUrl><Region><LatLonAltBox><west>-122.277964</west><east>-122.277827</east><south>37.857319</south><north>37.857426</north></LatLonAltBox><Lod><minLodPixels>700</minLodPixels><maxLodPixels>-1</maxLodPixels></Lod></Region><Point><altitudeMode>relativeToGround</altitudeMode><coordinates>-122.277909,37.857362,4.0</coordinates></Point></Placemark>
  <Placemark><styleUrl>#poly0</styleUrl><Polygon><extrude>1</extrude><altitudeMode>relativeToGround</altitudeMode><outerBoundaryIs><LinearRing><coordinates>-122.253049,37.865999,4 -122.252913,37.865999,4 -122.252913,37.866107,4 -122.253049,37.866107,4 -122.253049,37.865999,4</coordinates></LinearRing></outerBoundaryIs></Polygon></Placemark>
  <Placemark><name>ADU</name><styleUrl>#lab0</styleUrl><Region><LatLonAltBox><west>-122.253049</west><east>-122.252913</east><south>37.865999</south><north>37.866107</north></LatLonAltBox><Lod><minLodPixels>700</minLodPixels><maxLodPixels>-1</maxLodPixels></Lod></Region><Point><altitudeMode>relativeToGround</altitudeMode><coordinates>-122.252995,37.866042,4.0</coordinates></Point></Placemark>
  <Placemark><styleUrl>#poly0</styleUrl><Polygon><extrude>1</extrude><altitudeMode>relativeToGround</altitudeMode><outerBoundaryIs><LinearRing><coordinates>-122.261372,37.857191,4 -122.261235,37.857191,4 -122.261235,37.857298,4 -122.261372,37.857298,4 -122.261372,37.857191,4</coordinates></LinearRing></outerBoundaryIs></Polygon></Placemark>
  <Placemark><name>ADU</name><styleUrl>#lab0</styleUrl><Region><LatLonAltBox><west>-122.261372</west><east>-122.261235</east><south>37.857191</south><north>37.857298</north></LatLonAltBox><Lod><minLodPixels>700</minLodPixels><maxLodPixels>-1</maxLodPixels></Lod></Region><Point><altitudeMode>relativeToGround</altitudeMode><coordinates>-122.261317,37.857234,4.0</coordinates></Point></Placemark>
  <Placemark><styleUrl>#poly0</styleUrl><Polygon><extrude>1</extrude><altitudeMode>relativeToGround</altitudeMode><outerBoundaryIs><LinearRing><coordinates>-122.293580,37.877286,4 -122.293444,37.877286,4 -122.293444,37.877394,4 -122.293580,37.877394,4 -122.293580,37.877286,4</coordinates></LinearRing></outerBoundaryIs></Polygon></Placemark>
  <Placemark><name>ADU</name><styleUrl>#lab0</styleUrl><Region><LatLonAltBox><west>-122.293580</west><east>-122.293444</east><south>37.877286</south><north>37.877394</north></LatLonAltBox><Lod><minLodPixels>700</minLodPixels><maxLodPixels>-1</maxLodPixels></Lod></Region><Point><altitudeMode>relativeToGround</altitudeMode><coordinates>-122.293526,37.877329,4.0</coordinates></Point></Placemark>
  <Placemark><styleUrl>#poly0</styleUrl><Polygon><extrude>1</extrude><altitudeMode>relativeToGround</altitudeMode><outerBoundaryIs><LinearRing><coordinates>-122.243218,37.855578,4 -122.243081,37.855578,4 -122.243081,37.855686,4 -122.243218,37.855686,4 -122.243218,37.855578,4</coordinates></LinearRing></outerBoundaryIs></Polygon></Placemark>
  <Placemark><name>ADU</name><styleUrl>#lab0</styleUrl><Region><LatLonAltBox><west>-122.243218</west><east>-122.243081</east><south>37.855578</south><north>37.855686</north></LatLonAltBox><Lod><minLodPixels>700</minLodPixels><maxLodPixels>-1</maxLodPixels></Lod></Region><Point><altitudeMode>relativeToGround</altitudeMode><coordinates>-122.243163,37.855621,4.0</coordinates></Point></Placemark>
  <Placemark><styleUrl>#poly0</styleUrl><Polygon><extrude>1</extrude><altitudeMode>relativeToGround</altitudeMode><outerBoundaryIs><LinearRing><coordinates>-122.252551,37.858822,4 -122.252414,37.858822,4 -122.252414,37.858929,4 -122.252551,37.858929,4 -122.252551,37.858822,4</coordinates></LinearRing></outerBoundaryIs></Polygon></Placemark>
  <Placemark><name>ADU</name><styleUrl>#lab0</styleUrl><Region><LatLonAltBox><west>-122.252551</west><east>-122.252414</east><south>37.858822</south><north>37.858929</north></LatLonAltBox><Lod><minLodPixels>700</minLodPixels><maxLodPixels>-1</maxLodPixels></Lod></Region><Point><altitudeMode>relativeToGround</altitudeMode><coordinates>-122.252496,37.858865,4.0</coordinates></Point></Placemark>
  <Placemark><styleUrl>#poly0</styleUrl><Polygon><extrude>1</extrude><altitudeMode>relativeToGround</altitudeMode><outerBoundaryIs><LinearRing><coordinates>-122.281197,37.869040,4 -122.281060,37.869040,4 -122.281060,37.869147,4 -122.281197,37.869147,4 -122.281197,37.869040,4</coordinates></LinearRing></outerBoundaryIs></Polygon></Placemark>
  <Placemark><name>ADU</name><styleUrl>#lab0</styleUrl><Region><LatLonAltBox><west>-122.281197</west><east>-122.281060</east><south>37.869040</south><north>37.869147</north></LatLonAltBox><Lod><minLodPixels>700</minLodPixels><maxLodPixels>-1</maxLodPixels></Lod></Region><Point><altitudeMode>relativeToGround</altitudeMode><coordinates>-122.281142,37.869083,4.0</coordinates></Point></Placemark>
  <Placemark><styleUrl>#poly0</styleUrl><Polygon><extrude>1</extrude><altitudeMode>relativeToGround</altitudeMode><outerBoundaryIs><LinearRing><coordinates>-122.284754,37.861056,4 -122.284618,37.861056,4 -122.284618,37.861164,4 -122.284754,37.861164,4 -122.284754,37.861056,4</coordinates></LinearRing></outerBoundaryIs></Polygon></Placemark>
  <Placemark><name>ADU</name><styleUrl>#lab0</styleUrl><Region><LatLonAltBox><west>-122.284754</west><east>-122.284618</east><south>37.861056</south><north>37.861164</north></LatLonAltBox><Lod><minLodPixels>700</minLodPixels><maxLodPixels>-1</maxLodPixels></Lod></Region><Point><altitudeMode>relativeToGround</altitudeMode><coordinates>-122.284700,37.861099,4.0</coordinates></Point></Placemark>
  <Placemark><styleUrl>#poly0</styleUrl><Polygon><extrude>1</extrude><altitudeMode>relativeToGround</altitudeMode><outerBoundaryIs><LinearRing><coordinates>-122.255017,37.858395,4 -122.254880,37.858395,4 -122.254880,37.858503,4 -122.255017,37.858503,4 -122.255017,37.858395,4</coordinates></LinearRing></outerBoundaryIs></Polygon></Placemark>
  <Placemark><name>ADU</name><styleUrl>#lab0</styleUrl><Region><LatLonAltBox><west>-122.255017</west><east>-122.254880</east><south>37.858395</south><north>37.858503</north></LatLonAltBox><Lod><minLodPixels>700</minLodPixels><maxLodPixels>-1</maxLodPixels></Lod></Region><Point><altitudeMode>relativeToGround</altitudeMode><coordinates>-122.254962,37.858438,4.0</coordinates></Point></Placemark>
  <Placemark><styleUrl>#poly0</styleUrl><Polygon><extrude>1</extrude><altitudeMode>relativeToGround</altitudeMode><outerBoundaryIs><LinearRing><coordinates>-122.263968,37.853662,4 -122.263831,37.853662,4 -122.263831,37.853770,4 -122.263968,37.853770,4 -122.263968,37.853662,4</coordinates></LinearRing></outerBoundaryIs></Polygon></Placemark>
  <Placemark><name>ADU</name><styleUrl>#lab0</styleUrl><Region><LatLonAltBox><west>-122.263968</west><east>-122.263831</east><south>37.853662</south><north>37.853770</north></LatLonAltBox><Lod><minLodPixels>700</minLodPixels><maxLodPixels>-1</maxLodPixels></Lod></Region><Point><altitudeMode>relativeToGround</altitudeMode><coordinates>-122.263913,37.853705,4.0</coordinates></Point></Placemark>
  <Placemark><styleUrl>#poly0</styleUrl><Polygon><extrude>1</extrude><altitudeMode>relativeToGround</altitudeMode><outerBoundaryIs><LinearRing><coordinates>-122.281168,37.893851,4 -122.281032,37.893851,4 -122.281032,37.893959,4 -122.281168,37.893959,4 -122.281168,37.893851,4</coordinates></LinearRing></outerBoundaryIs></Polygon></Placemark>
  <Placemark><name>ADU</name><styleUrl>#lab0</styleUrl><Region><LatLonAltBox><west>-122.281168</west><east>-122.281032</east><south>37.893851</south><north>37.893959</north></LatLonAltBox><Lod><minLodPixels>700</minLodPixels><maxLodPixels>-1</maxLodPixels></Lod></Region><Point><altitudeMode>relativeToGround</altitudeMode><coordinates>-122.281114,37.893894,4.0</coordinates></Point></Placemark>
  <Placemark><styleUrl>#poly0</styleUrl><Polygon><extrude>1</extrude><altitudeMode>relativeToGround</altitudeMode><outerBoundaryIs><LinearRing><coordinates>-122.277069,37.848591,4 -122.276932,37.848591,4 -122.276932,37.848699,4 -122.277069,37.848699,4 -122.277069,37.848591,4</coordinates></LinearRing></outerBoundaryIs></Polygon></Placemark>
  <Placemark><name>ADU</name><styleUrl>#lab0</styleUrl><Region><LatLonAltBox><west>-122.277069</west><east>-122.276932</east><south>37.848591</south><north>37.848699</north></LatLonAltBox><Lod><minLodPixels>700</minLodPixels><maxLodPixels>-1</maxLodPixels></Lod></Region><Point><altitudeMode>relativeToGround</altitudeMode><coordinates>-122.277014,37.848634,4.0</coordinates></Point></Placemark>
  <Placemark><styleUrl>#poly0</styleUrl><Polygon><extrude>1</extrude><altitudeMode>relativeToGround</altitudeMode><outerBoundaryIs><LinearRing><coordinates>-122.267357,37.885575,4 -122.267220,37.885575,4 -122.267220,37.885682,4 -122.267357,37.885682,4 -122.267357,37.885575,4</coordinates></LinearRing></outerBoundaryIs></Polygon></Placemark>
  <Placemark><name>ADU</name><styleUrl>#lab0</styleUrl><Region><LatLonAltBox><west>-122.267357</west><east>-122.267220</east><south>37.885575</south><north>37.885682</north></LatLonAltBox><Lod><minLodPixels>700</minLodPixels><maxLodPixels>-1</maxLodPixels></Lod></Region><Point><altitudeMode>relativeToGround</altitudeMode><coordinates>-122.267302,37.885618,4.0</coordinates></Point></Placemark>
  <Placemark><styleUrl>#poly0</styleUrl><Polygon><extrude>1</extrude><altitudeMode>relativeToGround</altitudeMode><outerBoundaryIs><LinearRing><coordinates>-122.285461,37.864211,4 -122.285325,37.864211,4 -122.285325,37.864319,4 -122.285461,37.864319,4 -122.285461,37.864211,4</coordinates></LinearRing></outerBoundaryIs></Polygon></Placemark>
  <Placemark><name>ADU</name><styleUrl>#lab0</styleUrl><Region><LatLonAltBox><west>-122.285461</west><east>-122.285325</east><south>37.864211</south><north>37.864319</north></LatLonAltBox><Lod><minLodPixels>700</minLodPixels><maxLodPixels>-1</maxLodPixels></Lod></Region><Point><altitudeMode>relativeToGround</altitudeMode><coordinates>-122.285407,37.864254,4.0</coordinates></Point></Placemark>
  <Placemark><styleUrl>#poly0</styleUrl><Polygon><extrude>1</extrude><altitudeMode>relativeToGround</altitudeMode><outerBoundaryIs><LinearRing><coordinates>-122.249152,37.855622,4 -122.249015,37.855622,4 -122.249015,37.855730,4 -122.249152,37.855730,4 -122.249152,37.855622,4</coordinates></LinearRing></outerBoundaryIs></Polygon></Placemark>
  <Placemark><name>ADU</name><styleUrl>#lab0</styleUrl><Region><LatLonAltBox><west>-122.249152</west><east>-122.249015</east><south>37.855622</south><north>37.855730</north></LatLonAltBox><Lod><minLodPixels>700</minLodPixels><maxLodPixels>-1</maxLodPixels></Lod></Region><Point><altitudeMode>relativeToGround</altitudeMode><coordinates>-122.249097,37.855665,4.0</coordinates></Point></Placemark>
  <Placemark><styleUrl>#poly0</styleUrl><Polygon><extrude>1</extrude><altitudeMode>relativeToGround</altitudeMode><outerBoundaryIs><LinearRing><coordinates>-122.274237,37.846121,4 -122.274101,37.846121,4 -122.274101,37.846229,4 -122.274237,37.846229,4 -122.274237,37.846121,4</coordinates></LinearRing></outerBoundaryIs></Polygon></Placemark>
  <Placemark><name>ADU</name><styleUrl>#lab0</styleUrl><Region><LatLonAltBox><west>-122.274237</west><east>-122.274101</east><south>37.846121</south><north>37.846229</north></LatLonAltBox><Lod><minLodPixels>700</minLodPixels><maxLodPixels>-1</maxLodPixels></Lod></Region><Point><altitudeMode>relativeToGround</altitudeMode><coordinates>-122.274183,37.846164,4.0</coordinates></Point></Placemark>
  <Placemark><styleUrl>#poly0</styleUrl><Polygon><extrude>1</extrude><altitudeMode>relativeToGround</altitudeMode><outerBoundaryIs><LinearRing><coordinates>-122.265843,37.893884,4 -122.265707,37.893884,4 -122.265707,37.893992,4 -122.265843,37.893992,4 -122.265843,37.893884,4</coordinates></LinearRing></outerBoundaryIs></Polygon></Placemark>
  <Placemark><name>ADU</name><styleUrl>#lab0</styleUrl><Region><LatLonAltBox><west>-122.265843</west><east>-122.265707</east><south>37.893884</south><north>37.893992</north></LatLonAltBox><Lod><minLodPixels>700</minLodPixels><maxLodPixels>-1</maxLodPixels></Lod></Region><Point><altitudeMode>relativeToGround</altitudeMode><coordinates>-122.265789,37.893927,4.0</coordinates></Point></Placemark>
  <Placemark><styleUrl>#poly0</styleUrl><Polygon><extrude>1</extrude><altitudeMode>relativeToGround</altitudeMode><outerBoundaryIs><LinearRing><coordinates>-122.285184,37.891921,4 -122.285048,37.891921,4 -122.285048,37.892029,4 -122.285184,37.892029,4 -122.285184,37.891921,4</coordinates></LinearRing></outerBoundaryIs></Polygon></Placemark>
  <Placemark><name>ADU</name><styleUrl>#lab0</styleUrl><Region><LatLonAltBox><west>-122.285184</west><east>-122.285048</east><south>37.891921</south><north>37.892029</north></LatLonAltBox><Lod><minLodPixels>700</minLodPixels><maxLodPixels>-1</maxLodPixels></Lod></Region><Point><altitudeMode>relativeToGround</altitudeMode><coordinates>-122.285130,37.891964,4.0</coordinates></Point></Placemark>
  <Placemark><styleUrl>#poly0</styleUrl><Polygon><extrude>1</extrude><altitudeMode>relativeToGround</altitudeMode><outerBoundaryIs><LinearRing><coordinates>-122.278030,37.886730,4 -122.277893,37.886730,4 -122.277893,37.886837,4 -122.278030,37.886837,4 -122.278030,37.886730,4</coordinates></LinearRing></outerBoundaryIs></Polygon></Placemark>
  <Placemark><name>ADU</name><styleUrl>#lab0</styleUrl><Region><LatLonAltBox><west>-122.278030</west><east>-122.277893</east><south>37.886730</south><north>37.886837</north></LatLonAltBox><Lod><minLodPixels>700</minLodPixels><maxLodPixels>-1</maxLodPixels></Lod></Region><Point><altitudeMode>relativeToGround</altitudeMode><coordinates>-122.277975,37.886773,4.0</coordinates></Point></Placemark>
  <Placemark><styleUrl>#poly0</styleUrl><Polygon><extrude>1</extrude><altitudeMode>relativeToGround</altitudeMode><outerBoundaryIs><LinearRing><coordinates>-122.279298,37.881778,4 -122.279161,37.881778,4 -122.279161,37.881886,4 -122.279298,37.881886,4 -122.279298,37.881778,4</coordinates></LinearRing></outerBoundaryIs></Polygon></Placemark>
  <Placemark><name>ADU</name><styleUrl>#lab0</styleUrl><Region><LatLonAltBox><west>-122.279298</west><east>-122.279161</east><south>37.881778</south><north>37.881886</north></LatLonAltBox><Lod><minLodPixels>700</minLodPixels><maxLodPixels>-1</maxLodPixels></Lod></Region><Point><altitudeMode>relativeToGround</altitudeMode><coordinates>-122.279243,37.881821,4.0</coordinates></Point></Placemark>
  <Placemark><styleUrl>#poly0</styleUrl><Polygon><extrude>1</extrude><altitudeMode>relativeToGround</altitudeMode><outerBoundaryIs><LinearRing><coordinates>-122.277567,37.874779,4 -122.277430,37.874779,4 -122.277430,37.874887,4 -122.277567,37.874887,4 -122.277567,37.874779,4</coordinates></LinearRing></outerBoundaryIs></Polygon></Placemark>
  <Placemark><name>ADU</name><styleUrl>#lab0</styleUrl><Region><LatLonAltBox><west>-122.277567</west><east>-122.277430</east><south>37.874779</south><north>37.874887</north></LatLonAltBox><Lod><minLodPixels>700</minLodPixels><maxLodPixels>-1</maxLodPixels></Lod></Region><Point><altitudeMode>relativeToGround</altitudeMode><coordinates>-122.277512,37.874822,4.0</coordinates></Point></Placemark>
  <Placemark><styleUrl>#poly0</styleUrl><Polygon><extrude>1</extrude><altitudeMode>relativeToGround</altitudeMode><outerBoundaryIs><LinearRing><coordinates>-122.274670,37.849816,4 -122.274533,37.849816,4 -122.274533,37.849924,4 -122.274670,37.849924,4 -122.274670,37.849816,4</coordinates></LinearRing></outerBoundaryIs></Polygon></Placemark>
  <Placemark><name>ADU</name><styleUrl>#lab0</styleUrl><Region><LatLonAltBox><west>-122.274670</west><east>-122.274533</east><south>37.849816</south><north>37.849924</north></LatLonAltBox><Lod><minLodPixels>700</minLodPixels><maxLodPixels>-1</maxLodPixels></Lod></Region><Point><altitudeMode>relativeToGround</altitudeMode><coordinates>-122.274615,37.849859,4.0</coordinates></Point></Placemark>
  <Placemark><styleUrl>#poly0</styleUrl><Polygon><extrude>1</extrude><altitudeMode>relativeToGround</altitudeMode><outerBoundaryIs><LinearRing><coordinates>-122.289320,37.878968,4 -122.289183,37.878968,4 -122.289183,37.879076,4 -122.289320,37.879076,4 -122.289320,37.878968,4</coordinates></LinearRing></outerBoundaryIs></Polygon></Placemark>
  <Placemark><name>ADU</name><styleUrl>#lab0</styleUrl><Region><LatLonAltBox><west>-122.289320</west><east>-122.289183</east><south>37.878968</south><north>37.879076</north></LatLonAltBox><Lod><minLodPixels>700</minLodPixels><maxLodPixels>-1</maxLodPixels></Lod></Region><Point><altitudeMode>relativeToGround</altitudeMode><coordinates>-122.289265,37.879011,4.0</coordinates></Point></Placemark>
  <Placemark><styleUrl>#poly0</styleUrl><Polygon><extrude>1</extrude><altitudeMode>relativeToGround</altitudeMode><outerBoundaryIs><LinearRing><coordinates>-122.280024,37.855364,4 -122.279888,37.855364,4 -122.279888,37.855472,4 -122.280024,37.855472,4 -122.280024,37.855364,4</coordinates></LinearRing></outerBoundaryIs></Polygon></Placemark>
  <Placemark><name>ADU</name><styleUrl>#lab0</styleUrl><Region><LatLonAltBox><west>-122.280024</west><east>-122.279888</east><south>37.855364</south><north>37.855472</north></LatLonAltBox><Lod><minLodPixels>700</minLodPixels><maxLodPixels>-1</maxLodPixels></Lod></Region><Point><altitudeMode>relativeToGround</altitudeMode><coordinates>-122.279970,37.855407,4.0</coordinates></Point></Placemark>
  <Placemark><styleUrl>#poly0</styleUrl><Polygon><extrude>1</extrude><altitudeMode>relativeToGround</altitudeMode><outerBoundaryIs><LinearRing><coordinates>-122.255294,37.857730,4 -122.255158,37.857730,4 -122.255158,37.857838,4 -122.255294,37.857838,4 -122.255294,37.857730,4</coordinates></LinearRing></outerBoundaryIs></Polygon></Placemark>
  <Placemark><name>ADU</name><styleUrl>#lab0</styleUrl><Region><LatLonAltBox><west>-122.255294</west><east>-122.255158</east><south>37.857730</south><north>37.857838</north></LatLonAltBox><Lod><minLodPixels>700</minLodPixels><maxLodPixels>-1</maxLodPixels></Lod></Region><Point><altitudeMode>relativeToGround</altitudeMode><coordinates>-122.255240,37.857773,4.0</coordinates></Point></Placemark>
  <Placemark><styleUrl>#poly0</styleUrl><Polygon><extrude>1</extrude><altitudeMode>relativeToGround</altitudeMode><outerBoundaryIs><LinearRing><coordinates>-122.299963,37.877329,4 -122.299827,37.877329,4 -122.299827,37.877436,4 -122.299963,37.877436,4 -122.299963,37.877329,4</coordinates></LinearRing></outerBoundaryIs></Polygon></Placemark>
  <Placemark><name>ADU</name><styleUrl>#lab0</styleUrl><Region><LatLonAltBox><west>-122.299963</west><east>-122.299827</east><south>37.877329</south><north>37.877436</north></LatLonAltBox><Lod><minLodPixels>700</minLodPixels><maxLodPixels>-1</maxLodPixels></Lod></Region><Point><altitudeMode>relativeToGround</altitudeMode><coordinates>-122.299909,37.877372,4.0</coordinates></Point></Placemark>
  <Placemark><styleUrl>#poly0</styleUrl><Polygon><extrude>1</extrude><altitudeMode>relativeToGround</altitudeMode><outerBoundaryIs><LinearRing><coordinates>-122.272717,37.858026,4 -122.272581,37.858026,4 -122.272581,37.858134,4 -122.272717,37.858134,4 -122.272717,37.858026,4</coordinates></LinearRing></outerBoundaryIs></Polygon></Placemark>
  <Placemark><name>ADU</name><styleUrl>#lab0</styleUrl><Region><LatLonAltBox><west>-122.272717</west><east>-122.272581</east><south>37.858026</south><north>37.858134</north></LatLonAltBox><Lod><minLodPixels>700</minLodPixels><maxLodPixels>-1</maxLodPixels></Lod></Region><Point><altitudeMode>relativeToGround</altitudeMode><coordinates>-122.272663,37.858069,4.0</coordinates></Point></Placemark>
  <Placemark><styleUrl>#poly0</styleUrl><Polygon><extrude>1</extrude><altitudeMode>relativeToGround</altitudeMode><outerBoundaryIs><LinearRing><coordinates>-122.276198,37.885782,4 -122.276061,37.885782,4 -122.276061,37.885890,4 -122.276198,37.885890,4 -122.276198,37.885782,4</coordinates></LinearRing></outerBoundaryIs></Polygon></Placemark>
  <Placemark><name>ADU</name><styleUrl>#lab0</styleUrl><Region><LatLonAltBox><west>-122.276198</west><east>-122.276061</east><south>37.885782</south><north>37.885890</north></LatLonAltBox><Lod><minLodPixels>700</minLodPixels><maxLodPixels>-1</maxLodPixels></Lod></Region><Point><altitudeMode>relativeToGround</altitudeMode><coordinates>-122.276143,37.885825,4.0</coordinates></Point></Placemark>
  <Placemark><styleUrl>#poly0</styleUrl><Polygon><extrude>1</extrude><altitudeMode>relativeToGround</altitudeMode><outerBoundaryIs><LinearRing><coordinates>-122.265028,37.866335,4 -122.264892,37.866335,4 -122.264892,37.866443,4 -122.265028,37.866443,4 -122.265028,37.866335,4</coordinates></LinearRing></outerBoundaryIs></Polygon></Placemark>
  <Placemark><name>ADU</name><styleUrl>#lab0</styleUrl><Region><LatLonAltBox><west>-122.265028</west><east>-122.264892</east><south>37.866335</south><north>37.866443</north></LatLonAltBox><Lod><minLodPixels>700</minLodPixels><maxLodPixels>-1</maxLodPixels></Lod></Region><Point><altitudeMode>relativeToGround</altitudeMode><coordinates>-122.264974,37.866378,4.0</coordinates></Point></Placemark>
  <Placemark><styleUrl>#poly0</styleUrl><Polygon><extrude>1</extrude><altitudeMode>relativeToGround</altitudeMode><outerBoundaryIs><LinearRing><coordinates>-122.251690,37.862723,4 -122.251554,37.862723,4 -122.251554,37.862831,4 -122.251690,37.862831,4 -122.251690,37.862723,4</coordinates></LinearRing></outerBoundaryIs></Polygon></Placemark>
  <Placemark><name>ADU</name><styleUrl>#lab0</styleUrl><Region><LatLonAltBox><west>-122.251690</west><east>-122.251554</east><south>37.862723</south><north>37.862831</north></LatLonAltBox><Lod><minLodPixels>700</minLodPixels><maxLodPixels>-1</maxLodPixels></Lod></Region><Point><altitudeMode>relativeToGround</altitudeMode><coordinates>-122.251636,37.862766,4.0</coordinates></Point></Placemark>
  <Placemark><styleUrl>#poly0</styleUrl><Polygon><extrude>1</extrude><altitudeMode>relativeToGround</altitudeMode><outerBoundaryIs><LinearRing><coordinates>-122.292778,37.862483,4 -122.292641,37.862483,4 -122.292641,37.862591,4 -122.292778,37.862591,4 -122.292778,37.862483,4</coordinates></LinearRing></outerBoundaryIs></Polygon></Placemark>
  <Placemark><name>ADU</name><styleUrl>#lab0</styleUrl><Region><LatLonAltBox><west>-122.292778</west><east>-122.292641</east><south>37.862483</south><north>37.862591</north></LatLonAltBox><Lod><minLodPixels>700</minLodPixels><maxLodPixels>-1</maxLodPixels></Lod></Region><Point><altitudeMode>relativeToGround</altitudeMode><coordinates>-122.292723,37.862526,4.0</coordinates></Point></Placemark>
  <Placemark><styleUrl>#poly0</styleUrl><Polygon><extrude>1</extrude><altitudeMode>relativeToGround</altitudeMode><outerBoundaryIs><LinearRing><coordinates>-122.251150,37.883369,4 -122.251013,37.883369,4 -122.251013,37.883477,4 -122.251150,37.883477,4 -122.251150,37.883369,4</coordinates></LinearRing></outerBoundaryIs></Polygon></Placemark>
  <Placemark><name>ADU</name><styleUrl>#lab0</styleUrl><Region><LatLonAltBox><west>-122.251150</west><east>-122.251013</east><south>37.883369</south><north>37.883477</north></LatLonAltBox><Lod><minLodPixels>700</minLodPixels><maxLodPixels>-1</maxLodPixels></Lod></Region><Point><altitudeMode>relativeToGround</altitudeMode><coordinates>-122.251095,37.883412,4.0</coordinates></Point></Placemark>
  <Placemark><styleUrl>#poly0</styleUrl><Polygon><extrude>1</extrude><altitudeMode>relativeToGround</altitudeMode><outerBoundaryIs><LinearRing><coordinates>-122.270847,37.861905,4 -122.270711,37.861905,4 -122.270711,37.862013,4 -122.270847,37.862013,4 -122.270847,37.861905,4</coordinates></LinearRing></outerBoundaryIs></Polygon></Placemark>
  <Placemark><name>ADU</name><styleUrl>#lab0</styleUrl><Region><LatLonAltBox><west>-122.270847</west><east>-122.270711</east><south>37.861905</south><north>37.862013</north></LatLonAltBox><Lod><minLodPixels>700</minLodPixels><maxLodPixels>-1</maxLodPixels></Lod></Region><Point><altitudeMode>relativeToGround</altitudeMode><coordinates>-122.270793,37.861948,4.0</coordinates></Point></Placemark>
  <Placemark><styleUrl>#poly0</styleUrl><Polygon><extrude>1</extrude><altitudeMode>relativeToGround</altitudeMode><outerBoundaryIs><LinearRing><coordinates>-122.297491,37.873202,4 -122.297355,37.873202,4 -122.297355,37.873310,4 -122.297491,37.873310,4 -122.297491,37.873202,4</coordinates></LinearRing></outerBoundaryIs></Polygon></Placemark>
  <Placemark><name>ADU</name><styleUrl>#lab0</styleUrl><Region><LatLonAltBox><west>-122.297491</west><east>-122.297355</east><south>37.873202</south><north>37.873310</north></LatLonAltBox><Lod><minLodPixels>700</minLodPixels><maxLodPixels>-1</maxLodPixels></Lod></Region><Point><altitudeMode>relativeToGround</altitudeMode><coordinates>-122.297437,37.873245,4.0</coordinates></Point></Placemark>
  <Placemark><styleUrl>#poly0</styleUrl><Polygon><extrude>1</extrude><altitudeMode>relativeToGround</altitudeMode><outerBoundaryIs><LinearRing><coordinates>-122.293152,37.876880,4 -122.293015,37.876880,4 -122.293015,37.876988,4 -122.293152,37.876988,4 -122.293152,37.876880,4</coordinates></LinearRing></outerBoundaryIs></Polygon></Placemark>
  <Placemark><name>ADU</name><styleUrl>#lab0</styleUrl><Region><LatLonAltBox><west>-122.293152</west><east>-122.293015</east><south>37.876880</south><north>37.876988</north></LatLonAltBox><Lod><minLodPixels>700</minLodPixels><maxLodPixels>-1</maxLodPixels></Lod></Region><Point><altitudeMode>relativeToGround</altitudeMode><coordinates>-122.293097,37.876923,4.0</coordinates></Point></Placemark>
  <Placemark><styleUrl>#poly0</styleUrl><Polygon><extrude>1</extrude><altitudeMode>relativeToGround</altitudeMode><outerBoundaryIs><LinearRing><coordinates>-122.272762,37.852576,4 -122.272625,37.852576,4 -122.272625,37.852684,4 -122.272762,37.852684,4 -122.272762,37.852576,4</coordinates></LinearRing></outerBoundaryIs></Polygon></Placemark>
  <Placemark><name>ADU</name><styleUrl>#lab0</styleUrl><Region><LatLonAltBox><west>-122.272762</west><east>-122.272625</east><south>37.852576</south><north>37.852684</north></LatLonAltBox><Lod><minLodPixels>700</minLodPixels><maxLodPixels>-1</maxLodPixels></Lod></Region><Point><altitudeMode>relativeToGround</altitudeMode><coordinates>-122.272707,37.852619,4.0</coordinates></Point></Placemark>
  <Placemark><styleUrl>#poly0</styleUrl><Polygon><extrude>1</extrude><altitudeMode>relativeToGround</altitudeMode><outerBoundaryIs><LinearRing><coordinates>-122.273044,37.863920,4 -122.272907,37.863920,4 -122.272907,37.864028,4 -122.273044,37.864028,4 -122.273044,37.863920,4</coordinates></LinearRing></outerBoundaryIs></Polygon></Placemark>
  <Placemark><name>ADU</name><styleUrl>#lab0</styleUrl><Region><LatLonAltBox><west>-122.273044</west><east>-122.272907</east><south>37.863920</south><north>37.864028</north></LatLonAltBox><Lod><minLodPixels>700</minLodPixels><maxLodPixels>-1</maxLodPixels></Lod></Region><Point><altitudeMode>relativeToGround</altitudeMode><coordinates>-122.272989,37.863963,4.0</coordinates></Point></Placemark>
  <Placemark><styleUrl>#poly0</styleUrl><Polygon><extrude>1</extrude><altitudeMode>relativeToGround</altitudeMode><outerBoundaryIs><LinearRing><coordinates>-122.273080,37.868145,4 -122.272943,37.868145,4 -122.272943,37.868252,4 -122.273080,37.868252,4 -122.273080,37.868145,4</coordinates></LinearRing></outerBoundaryIs></Polygon></Placemark>
  <Placemark><name>ADU</name><styleUrl>#lab0</styleUrl><Region><LatLonAltBox><west>-122.273080</west><east>-122.272943</east><south>37.868145</south><north>37.868252</north></LatLonAltBox><Lod><minLodPixels>700</minLodPixels><maxLodPixels>-1</maxLodPixels></Lod></Region><Point><altitudeMode>relativeToGround</altitudeMode><coordinates>-122.273025,37.868188,4.0</coordinates></Point></Placemark>
  <Placemark><styleUrl>#poly0</styleUrl><Polygon><extrude>1</extrude><altitudeMode>relativeToGround</altitudeMode><outerBoundaryIs><LinearRing><coordinates>-122.278853,37.860998,4 -122.278717,37.860998,4 -122.278717,37.861105,4 -122.278853,37.861105,4 -122.278853,37.860998,4</coordinates></LinearRing></outerBoundaryIs></Polygon></Placemark>
  <Placemark><name>ADU</name><styleUrl>#lab0</styleUrl><Region><LatLonAltBox><west>-122.278853</west><east>-122.278717</east><south>37.860998</south><north>37.861105</north></LatLonAltBox><Lod><minLodPixels>700</minLodPixels><maxLodPixels>-1</maxLodPixels></Lod></Region><Point><altitudeMode>relativeToGround</altitudeMode><coordinates>-122.278799,37.861041,4.0</coordinates></Point></Placemark>
  <Placemark><styleUrl>#poly0</styleUrl><Polygon><extrude>1</extrude><altitudeMode>relativeToGround</altitudeMode><outerBoundaryIs><LinearRing><coordinates>-122.278291,37.889745,4 -122.278154,37.889745,4 -122.278154,37.889853,4 -122.278291,37.889853,4 -122.278291,37.889745,4</coordinates></LinearRing></outerBoundaryIs></Polygon></Placemark>
  <Placemark><name>ADU</name><styleUrl>#lab0</styleUrl><Region><LatLonAltBox><west>-122.278291</west><east>-122.278154</east><south>37.889745</south><north>37.889853</north></LatLonAltBox><Lod><minLodPixels>700</minLodPixels><maxLodPixels>-1</maxLodPixels></Lod></Region><Point><altitudeMode>relativeToGround</altitudeMode><coordinates>-122.278236,37.889788,4.0</coordinates></Point></Placemark>
  <Placemark><styleUrl>#poly0</styleUrl><Polygon><extrude>1</extrude><altitudeMode>relativeToGround</altitudeMode><outerBoundaryIs><LinearRing><coordinates>-122.282164,37.849883,4 -122.282028,37.849883,4 -122.282028,37.849991,4 -122.282164,37.849991,4 -122.282164,37.849883,4</coordinates></LinearRing></outerBoundaryIs></Polygon></Placemark>
  <Placemark><name>ADU</name><styleUrl>#lab0</styleUrl><Region><LatLonAltBox><west>-122.282164</west><east>-122.282028</east><south>37.849883</south><north>37.849991</north></LatLonAltBox><Lod><minLodPixels>700</minLodPixels><maxLodPixels>-1</maxLodPixels></Lod></Region><Point><altitudeMode>relativeToGround</altitudeMode><coordinates>-122.282110,37.849926,4.0</coordinates></Point></Placemark>
  <Placemark><styleUrl>#poly0</styleUrl><Polygon><extrude>1</extrude><altitudeMode>relativeToGround</altitudeMode><outerBoundaryIs><LinearRing><coordinates>-122.291603,37.873093,4 -122.291467,37.873093,4 -122.291467,37.873200,4 -122.291603,37.873200,4 -122.291603,37.873093,4</coordinates></LinearRing></outerBoundaryIs></Polygon></Placemark>
  <Placemark><name>ADU</name><styleUrl>#lab0</styleUrl><Region><LatLonAltBox><west>-122.291603</west><east>-122.291467</east><south>37.873093</south><north>37.873200</north></LatLonAltBox><Lod><minLodPixels>700</minLodPixels><maxLodPixels>-1</maxLodPixels></Lod></Region><Point><altitudeMode>relativeToGround</altitudeMode><coordinates>-122.291549,37.873136,4.0</coordinates></Point></Placemark>
  <Placemark><styleUrl>#poly0</styleUrl><Polygon><extrude>1</extrude><altitudeMode>relativeToGround</altitudeMode><outerBoundaryIs><LinearRing><coordinates>-122.278869,37.865217,4 -122.278732,37.865217,4 -122.278732,37.865324,4 -122.278869,37.865324,4 -122.278869,37.865217,4</coordinates></LinearRing></outerBoundaryIs></Polygon></Placemark>
  <Placemark><name>ADU</name><styleUrl>#lab0</styleUrl><Region><LatLonAltBox><west>-122.278869</west><east>-122.278732</east><south>37.865217</south><north>37.865324</north></LatLonAltBox><Lod><minLodPixels>700</minLodPixels><maxLodPixels>-1</maxLodPixels></Lod></Region><Point><altitudeMode>relativeToGround</altitudeMode><coordinates>-122.278814,37.865260,4.0</coordinates></Point></Placemark>
  <Placemark><styleUrl>#poly0</styleUrl><Polygon><extrude>1</extrude><altitudeMode>relativeToGround</altitudeMode><outerBoundaryIs><LinearRing><coordinates>-122.266182,37.874997,4 -122.266046,37.874997,4 -122.266046,37.875105,4 -122.266182,37.875105,4 -122.266182,37.874997,4</coordinates></LinearRing></outerBoundaryIs></Polygon></Placemark>
  <Placemark><name>ADU</name><styleUrl>#lab0</styleUrl><Region><LatLonAltBox><west>-122.266182</west><east>-122.266046</east><south>37.874997</south><north>37.875105</north></LatLonAltBox><Lod><minLodPixels>700</minLodPixels><maxLodPixels>-1</maxLodPixels></Lod></Region><Point><altitudeMode>relativeToGround</altitudeMode><coordinates>-122.266128,37.875040,4.0</coordinates></Point></Placemark>
  <Placemark><styleUrl>#poly0</styleUrl><Polygon><extrude>1</extrude><altitudeMode>relativeToGround</altitudeMode><outerBoundaryIs><LinearRing><coordinates>-122.298004,37.875188,4 -122.297868,37.875188,4 -122.297868,37.875296,4 -122.298004,37.875296,4 -122.298004,37.875188,4</coordinates></LinearRing></outerBoundaryIs></Polygon></Placemark>
  <Placemark><name>ADU</name><styleUrl>#lab0</styleUrl><Region><LatLonAltBox><west>-122.298004</west><east>-122.297868</east><south>37.875188</south><north>37.875296</north></LatLonAltBox><Lod><minLodPixels>700</minLodPixels><maxLodPixels>-1</maxLodPixels></Lod></Region><Point><altitudeMode>relativeToGround</altitudeMode><coordinates>-122.297950,37.875231,4.0</coordinates></Point></Placemark>
  <Placemark><styleUrl>#poly0</styleUrl><Polygon><extrude>1</extrude><altitudeMode>relativeToGround</altitudeMode><outerBoundaryIs><LinearRing><coordinates>-122.277658,37.868729,4 -122.277521,37.868729,4 -122.277521,37.868836,4 -122.277658,37.868836,4 -122.277658,37.868729,4</coordinates></LinearRing></outerBoundaryIs></Polygon></Placemark>
  <Placemark><name>ADU</name><styleUrl>#lab0</styleUrl><Region><LatLonAltBox><west>-122.277658</west><east>-122.277521</east><south>37.868729</south><north>37.868836</north></LatLonAltBox><Lod><minLodPixels>700</minLodPixels><maxLodPixels>-1</maxLodPixels></Lod></Region><Point><altitudeMode>relativeToGround</altitudeMode><coordinates>-122.277603,37.868772,4.0</coordinates></Point></Placemark>
  <Placemark><styleUrl>#poly0</styleUrl><Polygon><extrude>1</extrude><altitudeMode>relativeToGround</altitudeMode><outerBoundaryIs><LinearRing><coordinates>-122.271710,37.877877,4 -122.271573,37.877877,4 -122.271573,37.877985,4 -122.271710,37.877985,4 -122.271710,37.877877,4</coordinates></LinearRing></outerBoundaryIs></Polygon></Placemark>
  <Placemark><name>ADU</name><styleUrl>#lab0</styleUrl><Region><LatLonAltBox><west>-122.271710</west><east>-122.271573</east><south>37.877877</south><north>37.877985</north></LatLonAltBox><Lod><minLodPixels>700</minLodPixels><maxLodPixels>-1</maxLodPixels></Lod></Region><Point><altitudeMode>relativeToGround</altitudeMode><coordinates>-122.271655,37.877920,4.0</coordinates></Point></Placemark>
  <Placemark><styleUrl>#poly0</styleUrl><Polygon><extrude>1</extrude><altitudeMode>relativeToGround</altitudeMode><outerBoundaryIs><LinearRing><coordinates>-122.289055,37.875259,4 -122.288919,37.875259,4 -122.288919,37.875367,4 -122.289055,37.875367,4 -122.289055,37.875259,4</coordinates></LinearRing></outerBoundaryIs></Polygon></Placemark>
  <Placemark><name>ADU</name><styleUrl>#lab0</styleUrl><Region><LatLonAltBox><west>-122.289055</west><east>-122.288919</east><south>37.875259</south><north>37.875367</north></LatLonAltBox><Lod><minLodPixels>700</minLodPixels><maxLodPixels>-1</maxLodPixels></Lod></Region><Point><altitudeMode>relativeToGround</altitudeMode><coordinates>-122.289001,37.875302,4.0</coordinates></Point></Placemark>
  <Placemark><styleUrl>#poly0</styleUrl><Polygon><extrude>1</extrude><altitudeMode>relativeToGround</altitudeMode><outerBoundaryIs><LinearRing><coordinates>-122.251867,37.851863,4 -122.251730,37.851863,4 -122.251730,37.851971,4 -122.251867,37.851971,4 -122.251867,37.851863,4</coordinates></LinearRing></outerBoundaryIs></Polygon></Placemark>
  <Placemark><name>ADU</name><styleUrl>#lab0</styleUrl><Region><LatLonAltBox><west>-122.251867</west><east>-122.251730</east><south>37.851863</south><north>37.851971</north></LatLonAltBox><Lod><minLodPixels>700</minLodPixels><maxLodPixels>-1</maxLodPixels></Lod></Region><Point><altitudeMode>relativeToGround</altitudeMode><coordinates>-122.251812,37.851906,4.0</coordinates></Point></Placemark>
  <Placemark><styleUrl>#poly0</styleUrl><Polygon><extrude>1</extrude><altitudeMode>relativeToGround</altitudeMode><outerBoundaryIs><LinearRing><coordinates>-122.280014,37.864979,4 -122.279877,37.864979,4 -122.279877,37.865087,4 -122.280014,37.865087,4 -122.280014,37.864979,4</coordinates></LinearRing></outerBoundaryIs></Polygon></Placemark>
  <Placemark><name>ADU</name><styleUrl>#lab0</styleUrl><Region><LatLonAltBox><west>-122.280014</west><east>-122.279877</east><south>37.864979</south><north>37.865087</north></LatLonAltBox><Lod><minLodPixels>700</minLodPixels><maxLodPixels>-1</maxLodPixels></Lod></Region><Point><altitudeMode>relativeToGround</altitudeMode><coordinates>-122.279959,37.865022,4.0</coordinates></Point></Placemark>
  <Placemark><styleUrl>#poly0</styleUrl><Polygon><extrude>1</extrude><altitudeMode>relativeToGround</altitudeMode><outerBoundaryIs><LinearRing><coordinates>-122.292112,37.863765,4 -122.291976,37.863765,4 -122.291976,37.863873,4 -122.292112,37.863873,4 -122.292112,37.863765,4</coordinates></LinearRing></outerBoundaryIs></Polygon></Placemark>
  <Placemark><name>ADU</name><styleUrl>#lab0</styleUrl><Region><LatLonAltBox><west>-122.292112</west><east>-122.291976</east><south>37.863765</south><north>37.863873</north></LatLonAltBox><Lod><minLodPixels>700</minLodPixels><maxLodPixels>-1</maxLodPixels></Lod></Region><Point><altitudeMode>relativeToGround</altitudeMode><coordinates>-122.292058,37.863808,4.0</coordinates></Point></Placemark>
  <Placemark><styleUrl>#poly0</styleUrl><Polygon><extrude>1</extrude><altitudeMode>relativeToGround</altitudeMode><outerBoundaryIs><LinearRing><coordinates>-122.250424,37.853230,4 -122.250288,37.853230,4 -122.250288,37.853338,4 -122.250424,37.853338,4 -122.250424,37.853230,4</coordinates></LinearRing></outerBoundaryIs></Polygon></Placemark>
  <Placemark><name>ADU</name><styleUrl>#lab0</styleUrl><Region><LatLonAltBox><west>-122.250424</west><east>-122.250288</east><south>37.853230</south><north>37.853338</north></LatLonAltBox><Lod><minLodPixels>700</minLodPixels><maxLodPixels>-1</maxLodPixels></Lod></Region><Point><altitudeMode>relativeToGround</altitudeMode><coordinates>-122.250370,37.853273,4.0</coordinates></Point></Placemark>
  <Placemark><styleUrl>#poly0</styleUrl><Polygon><extrude>1</extrude><altitudeMode>relativeToGround</altitudeMode><outerBoundaryIs><LinearRing><coordinates>-122.294587,37.866435,4 -122.294451,37.866435,4 -122.294451,37.866543,4 -122.294587,37.866543,4 -122.294587,37.866435,4</coordinates></LinearRing></outerBoundaryIs></Polygon></Placemark>
  <Placemark><name>ADU</name><styleUrl>#lab0</styleUrl><Region><LatLonAltBox><west>-122.294587</west><east>-122.294451</east><south>37.866435</south><north>37.866543</north></LatLonAltBox><Lod><minLodPixels>700</minLodPixels><maxLodPixels>-1</maxLodPixels></Lod></Region><Point><altitudeMode>relativeToGround</altitudeMode><coordinates>-122.294533,37.866478,4.0</coordinates></Point></Placemark>
  <Placemark><styleUrl>#poly0</styleUrl><Polygon><extrude>1</extrude><altitudeMode>relativeToGround</altitudeMode><outerBoundaryIs><LinearRing><coordinates>-122.279544,37.849070,4 -122.279407,37.849070,4 -122.279407,37.849178,4 -122.279544,37.849178,4 -122.279544,37.849070,4</coordinates></LinearRing></outerBoundaryIs></Polygon></Placemark>
  <Placemark><name>ADU</name><styleUrl>#lab0</styleUrl><Region><LatLonAltBox><west>-122.279544</west><east>-122.279407</east><south>37.849070</south><north>37.849178</north></LatLonAltBox><Lod><minLodPixels>700</minLodPixels><maxLodPixels>-1</maxLodPixels></Lod></Region><Point><altitudeMode>relativeToGround</altitudeMode><coordinates>-122.279489,37.849113,4.0</coordinates></Point></Placemark>
  <Placemark><styleUrl>#poly0</styleUrl><Polygon><extrude>1</extrude><altitudeMode>relativeToGround</altitudeMode><outerBoundaryIs><LinearRing><coordinates>-122.263918,37.864039,4 -122.263781,37.864039,4 -122.263781,37.864147,4 -122.263918,37.864147,4 -122.263918,37.864039,4</coordinates></LinearRing></outerBoundaryIs></Polygon></Placemark>
  <Placemark><name>ADU</name><styleUrl>#lab0</styleUrl><Region><LatLonAltBox><west>-122.263918</west><east>-122.263781</east><south>37.864039</south><north>37.864147</north></LatLonAltBox><Lod><minLodPixels>700</minLodPixels><maxLodPixels>-1</maxLodPixels></Lod></Region><Point><altitudeMode>relativeToGround</altitudeMode><coordinates>-122.263863,37.864082,4.0</coordinates></Point></Placemark>
  <Placemark><styleUrl>#poly0</styleUrl><Polygon><extrude>1</extrude><altitudeMode>relativeToGround</altitudeMode><outerBoundaryIs><LinearRing><coordinates>-122.285417,37.872181,4 -122.285280,37.872181,4 -122.285280,37.872288,4 -122.285417,37.872288,4 -122.285417,37.872181,4</coordinates></LinearRing></outerBoundaryIs></Polygon></Placemark>
  <Placemark><name>ADU</name><styleUrl>#lab0</styleUrl><Region><LatLonAltBox><west>-122.285417</west><east>-122.285280</east><south>37.872181</south><north>37.872288</north></LatLonAltBox><Lod><minLodPixels>700</minLodPixels><maxLodPixels>-1</maxLodPixels></Lod></Region><Point><altitudeMode>relativeToGround</altitudeMode><coordinates>-122.285362,37.872224,4.0</coordinates></Point></Placemark>
  <Placemark><styleUrl>#poly0</styleUrl><Polygon><extrude>1</extrude><altitudeMode>relativeToGround</altitudeMode><outerBoundaryIs><LinearRing><coordinates>-122.281103,37.875584,4 -122.280966,37.875584,4 -122.280966,37.875692,4 -122.281103,37.875692,4 -122.281103,37.875584,4</coordinates></LinearRing></outerBoundaryIs></Polygon></Placemark>
  <Placemark><name>ADU</name><styleUrl>#lab0</styleUrl><Region><LatLonAltBox><west>-122.281103</west><east>-122.280966</east><south>37.875584</south><north>37.875692</north></LatLonAltBox><Lod><minLodPixels>700</minLodPixels><maxLodPixels>-1</maxLodPixels></Lod></Region><Point><altitudeMode>relativeToGround</altitudeMode><coordinates>-122.281048,37.875627,4.0</coordinates></Point></Placemark>
  <Placemark><styleUrl>#poly0</styleUrl><Polygon><extrude>1</extrude><altitudeMode>relativeToGround</altitudeMode><outerBoundaryIs><LinearRing><coordinates>-122.267125,37.877727,4 -122.266988,37.877727,4 -122.266988,37.877835,4 -122.267125,37.877835,4 -122.267125,37.877727,4</coordinates></LinearRing></outerBoundaryIs></Polygon></Placemark>
  <Placemark><name>ADU</name><styleUrl>#lab0</styleUrl><Region><LatLonAltBox><west>-122.267125</west><east>-122.266988</east><south>37.877727</south><north>37.877835</north></LatLonAltBox><Lod><minLodPixels>700</minLodPixels><maxLodPixels>-1</maxLodPixels></Lod></Region><Point><altitudeMode>relativeToGround</altitudeMode><coordinates>-122.267070,37.877770,4.0</coordinates></Point></Placemark>
  <Placemark><styleUrl>#poly0</styleUrl><Polygon><extrude>1</extrude><altitudeMode>relativeToGround</altitudeMode><outerBoundaryIs><LinearRing><coordinates>-122.262282,37.862952,4 -122.262146,37.862952,4 -122.262146,37.863060,4 -122.262282,37.863060,4 -122.262282,37.862952,4</coordinates></LinearRing></outerBoundaryIs></Polygon></Placemark>
  <Placemark><name>ADU</name><styleUrl>#lab0</styleUrl><Region><LatLonAltBox><west>-122.262282</west><east>-122.262146</east><south>37.862952</south><north>37.863060</north></LatLonAltBox><Lod><minLodPixels>700</minLodPixels><maxLodPixels>-1</maxLodPixels></Lod></Region><Point><altitudeMode>relativeToGround</altitudeMode><coordinates>-122.262228,37.862995,4.0</coordinates></Point></Placemark>
  <Placemark><styleUrl>#poly0</styleUrl><Polygon><extrude>1</extrude><altitudeMode>relativeToGround</altitudeMode><outerBoundaryIs><LinearRing><coordinates>-122.286351,37.859915,4 -122.286215,37.859915,4 -122.286215,37.860023,4 -122.286351,37.860023,4 -122.286351,37.859915,4</coordinates></LinearRing></outerBoundaryIs></Polygon></Placemark>
  <Placemark><name>ADU</name><styleUrl>#lab0</styleUrl><Region><LatLonAltBox><west>-122.286351</west><east>-122.286215</east><south>37.859915</south><north>37.860023</north></LatLonAltBox><Lod><minLodPixels>700</minLodPixels><maxLodPixels>-1</maxLodPixels></Lod></Region><Point><altitudeMode>relativeToGround</altitudeMode><coordinates>-122.286297,37.859958,4.0</coordinates></Point></Placemark>
  <Placemark><styleUrl>#poly0</styleUrl><Polygon><extrude>1</extrude><altitudeMode>relativeToGround</altitudeMode><outerBoundaryIs><LinearRing><coordinates>-122.291844,37.861828,4 -122.291707,37.861828,4 -122.291707,37.861936,4 -122.291844,37.861936,4 -122.291844,37.861828,4</coordinates></LinearRing></outerBoundaryIs></Polygon></Placemark>
  <Placemark><name>ADU</name><styleUrl>#lab0</styleUrl><Region><LatLonAltBox><west>-122.291844</west><east>-122.291707</east><south>37.861828</south><north>37.861936</north></LatLonAltBox><Lod><minLodPixels>700</minLodPixels><maxLodPixels>-1</maxLodPixels></Lod></Region><Point><altitudeMode>relativeToGround</altitudeMode><coordinates>-122.291789,37.861871,4.0</coordinates></Point></Placemark>
  <Placemark><styleUrl>#poly0</styleUrl><Polygon><extrude>1</extrude><altitudeMode>relativeToGround</altitudeMode><outerBoundaryIs><LinearRing><coordinates>-122.286270,37.893301,4 -122.286133,37.893301,4 -122.286133,37.893409,4 -122.286270,37.893409,4 -122.286270,37.893301,4</coordinates></LinearRing></outerBoundaryIs></Polygon></Placemark>
  <Placemark><name>ADU</name><styleUrl>#lab0</styleUrl><Region><LatLonAltBox><west>-122.286270</west><east>-122.286133</east><south>37.893301</south><north>37.893409</north></LatLonAltBox><Lod><minLodPixels>700</minLodPixels><maxLodPixels>-1</maxLodPixels></Lod></Region><Point><altitudeMode>relativeToGround</altitudeMode><coordinates>-122.286215,37.893344,4.0</coordinates></Point></Placemark>
  <Placemark><styleUrl>#poly0</styleUrl><Polygon><extrude>1</extrude><altitudeMode>relativeToGround</altitudeMode><outerBoundaryIs><LinearRing><coordinates>-122.264071,37.856770,4 -122.263935,37.856770,4 -122.263935,37.856878,4 -122.264071,37.856878,4 -122.264071,37.856770,4</coordinates></LinearRing></outerBoundaryIs></Polygon></Placemark>
  <Placemark><name>ADU</name><styleUrl>#lab0</styleUrl><Region><LatLonAltBox><west>-122.264071</west><east>-122.263935</east><south>37.856770</south><north>37.856878</north></LatLonAltBox><Lod><minLodPixels>700</minLodPixels><maxLodPixels>-1</maxLodPixels></Lod></Region><Point><altitudeMode>relativeToGround</altitudeMode><coordinates>-122.264017,37.856813,4.0</coordinates></Point></Placemark>
  <Placemark><styleUrl>#poly0</styleUrl><Polygon><extrude>1</extrude><altitudeMode>relativeToGround</altitudeMode><outerBoundaryIs><LinearRing><coordinates>-122.266630,37.882845,4 -122.266494,37.882845,4 -122.266494,37.882953,4 -122.266630,37.882953,4 -122.266630,37.882845,4</coordinates></LinearRing></outerBoundaryIs></Polygon></Placemark>
  <Placemark><name>ADU</name><styleUrl>#lab0</styleUrl><Region><LatLonAltBox><west>-122.266630</west><east>-122.266494</east><south>37.882845</south><north>37.882953</north></LatLonAltBox><Lod><minLodPixels>700</minLodPixels><maxLodPixels>-1</maxLodPixels></Lod></Region><Point><altitudeMode>relativeToGround</altitudeMode><coordinates>-122.266576,37.882888,4.0</coordinates></Point></Placemark>
  <Placemark><styleUrl>#poly0</styleUrl><Polygon><extrude>1</extrude><altitudeMode>relativeToGround</altitudeMode><outerBoundaryIs><LinearRing><coordinates>-122.295862,37.877664,4 -122.295725,37.877664,4 -122.295725,37.877772,4 -122.295862,37.877772,4 -122.295862,37.877664,4</coordinates></LinearRing></outerBoundaryIs></Polygon></Placemark>
  <Placemark><name>ADU</name><styleUrl>#lab0</styleUrl><Region><LatLonAltBox><west>-122.295862</west><east>-122.295725</east><south>37.877664</south><north>37.877772</north></LatLonAltBox><Lod><minLodPixels>700</minLodPixels><maxLodPixels>-1</maxLodPixels></Lod></Region><Point><altitudeMode>relativeToGround</altitudeMode><coordinates>-122.295807,37.877707,4.0</coordinates></Point></Placemark>
  <Placemark><styleUrl>#poly0</styleUrl><Polygon><extrude>1</extrude><altitudeMode>relativeToGround</altitudeMode><outerBoundaryIs><LinearRing><coordinates>-122.281654,37.863454,4 -122.281517,37.863454,4 -122.281517,37.863562,4 -122.281654,37.863562,4 -122.281654,37.863454,4</coordinates></LinearRing></outerBoundaryIs></Polygon></Placemark>
  <Placemark><name>ADU</name><styleUrl>#lab0</styleUrl><Region><LatLonAltBox><west>-122.281654</west><east>-122.281517</east><south>37.863454</south><north>37.863562</north></LatLonAltBox><Lod><minLodPixels>700</minLodPixels><maxLodPixels>-1</maxLodPixels></Lod></Region><Point><altitudeMode>relativeToGround</altitudeMode><coordinates>-122.281599,37.863497,4.0</coordinates></Point></Placemark>
  <Placemark><styleUrl>#poly0</styleUrl><Polygon><extrude>1</extrude><altitudeMode>relativeToGround</altitudeMode><outerBoundaryIs><LinearRing><coordinates>-122.273874,37.884888,4 -122.273738,37.884888,4 -122.273738,37.884996,4 -122.273874,37.884996,4 -122.273874,37.884888,4</coordinates></LinearRing></outerBoundaryIs></Polygon></Placemark>
  <Placemark><name>ADU</name><styleUrl>#lab0</styleUrl><Region><LatLonAltBox><west>-122.273874</west><east>-122.273738</east><south>37.884888</south><north>37.884996</north></LatLonAltBox><Lod><minLodPixels>700</minLodPixels><maxLodPixels>-1</maxLodPixels></Lod></Region><Point><altitudeMode>relativeToGround</altitudeMode><coordinates>-122.273820,37.884931,4.0</coordinates></Point></Placemark>
  <Placemark><styleUrl>#poly0</styleUrl><Polygon><extrude>1</extrude><altitudeMode>relativeToGround</altitudeMode><outerBoundaryIs><LinearRing><coordinates>-122.269203,37.851364,4 -122.269067,37.851364,4 -122.269067,37.851472,4 -122.269203,37.851472,4 -122.269203,37.851364,4</coordinates></LinearRing></outerBoundaryIs></Polygon></Placemark>
  <Placemark><name>ADU</name><styleUrl>#lab0</styleUrl><Region><LatLonAltBox><west>-122.269203</west><east>-122.269067</east><south>37.851364</south><north>37.851472</north></LatLonAltBox><Lod><minLodPixels>700</minLodPixels><maxLodPixels>-1</maxLodPixels></Lod></Region><Point><altitudeMode>relativeToGround</altitudeMode><coordinates>-122.269149,37.851407,4.0</coordinates></Point></Placemark>
  <Placemark><styleUrl>#poly0</styleUrl><Polygon><extrude>1</extrude><altitudeMode>relativeToGround</altitudeMode><outerBoundaryIs><LinearRing><coordinates>-122.292012,37.877892,4 -122.291875,37.877892,4 -122.291875,37.877999,4 -122.292012,37.877999,4 -122.292012,37.877892,4</coordinates></LinearRing></outerBoundaryIs></Polygon></Placemark>
  <Placemark><name>ADU</name><styleUrl>#lab0</styleUrl><Region><LatLonAltBox><west>-122.292012</west><east>-122.291875</east><south>37.877892</south><north>37.877999</north></LatLonAltBox><Lod><minLodPixels>700</minLodPixels><maxLodPixels>-1</maxLodPixels></Lod></Region><Point><altitudeMode>relativeToGround</altitudeMode><coordinates>-122.291957,37.877935,4.0</coordinates></Point></Placemark>
  <Placemark><styleUrl>#poly0</styleUrl><Polygon><extrude>1</extrude><altitudeMode>relativeToGround</altitudeMode><outerBoundaryIs><LinearRing><coordinates>-122.278711,37.893486,4 -122.278575,37.893486,4 -122.278575,37.893594,4 -122.278711,37.893594,4 -122.278711,37.893486,4</coordinates></LinearRing></outerBoundaryIs></Polygon></Placemark>
  <Placemark><name>ADU</name><styleUrl>#lab0</styleUrl><Region><LatLonAltBox><west>-122.278711</west><east>-122.278575</east><south>37.893486</south><north>37.893594</north></LatLonAltBox><Lod><minLodPixels>700</minLodPixels><maxLodPixels>-1</maxLodPixels></Lod></Region><Point><altitudeMode>relativeToGround</altitudeMode><coordinates>-122.278657,37.893529,4.0</coordinates></Point></Placemark>
  <Placemark><styleUrl>#poly0</styleUrl><Polygon><extrude>1</extrude><altitudeMode>relativeToGround</altitudeMode><outerBoundaryIs><LinearRing><coordinates>-122.248298,37.885908,4 -122.248161,37.885908,4 -122.248161,37.886015,4 -122.248298,37.886015,4 -122.248298,37.885908,4</coordinates></LinearRing></outerBoundaryIs></Polygon></Placemark>
  <Placemark><name>ADU</name><styleUrl>#lab0</styleUrl><Region><LatLonAltBox><west>-122.248298</west><east>-122.248161</east><south>37.885908</south><north>37.886015</north></LatLonAltBox><Lod><minLodPixels>700</minLodPixels><maxLodPixels>-1</maxLodPixels></Lod></Region><Point><altitudeMode>relativeToGround</altitudeMode><coordinates>-122.248243,37.885951,4.0</coordinates></Point></Placemark>
  <Placemark><styleUrl>#poly0</styleUrl><Polygon><extrude>1</extrude><altitudeMode>relativeToGround</altitudeMode><outerBoundaryIs><LinearRing><coordinates>-122.253603,37.864053,4 -122.253467,37.864053,4 -122.253467,37.864161,4 -122.253603,37.864161,4 -122.253603,37.864053,4</coordinates></LinearRing></outerBoundaryIs></Polygon></Placemark>
  <Placemark><name>ADU</name><styleUrl>#lab0</styleUrl><Region><LatLonAltBox><west>-122.253603</west><east>-122.253467</east><south>37.864053</south><north>37.864161</north></LatLonAltBox><Lod><minLodPixels>700</minLodPixels><maxLodPixels>-1</maxLodPixels></Lod></Region><Point><altitudeMode>relativeToGround</altitudeMode><coordinates>-122.253549,37.864096,4.0</coordinates></Point></Placemark>
  <Placemark><styleUrl>#poly0</styleUrl><Polygon><extrude>1</extrude><altitudeMode>relativeToGround</altitudeMode><outerBoundaryIs><LinearRing><coordinates>-122.290622,37.879177,4 -122.290486,37.879177,4 -122.290486,37.879285,4 -122.290622,37.879285,4 -122.290622,37.879177,4</coordinates></LinearRing></outerBoundaryIs></Polygon></Placemark>
  <Placemark><name>ADU</name><styleUrl>#lab0</styleUrl><Region><LatLonAltBox><west>-122.290622</west><east>-122.290486</east><south>37.879177</south><north>37.879285</north></LatLonAltBox><Lod><minLodPixels>700</minLodPixels><maxLodPixels>-1</maxLodPixels></Lod></Region><Point><altitudeMode>relativeToGround</altitudeMode><coordinates>-122.290568,37.879220,4.0</coordinates></Point></Placemark>
  <Placemark><styleUrl>#poly0</styleUrl><Polygon><extrude>1</extrude><altitudeMode>relativeToGround</altitudeMode><outerBoundaryIs><LinearRing><coordinates>-122.269039,37.863544,4 -122.268902,37.863544,4 -122.268902,37.863652,4 -122.269039,37.863652,4 -122.269039,37.863544,4</coordinates></LinearRing></outerBoundaryIs></Polygon></Placemark>
  <Placemark><name>ADU</name><styleUrl>#lab0</styleUrl><Region><LatLonAltBox><west>-122.269039</west><east>-122.268902</east><south>37.863544</south><north>37.863652</north></LatLonAltBox><Lod><minLodPixels>700</minLodPixels><maxLodPixels>-1</maxLodPixels></Lod></Region><Point><altitudeMode>relativeToGround</altitudeMode><coordinates>-122.268984,37.863587,4.0</coordinates></Point></Placemark>
  <Placemark><styleUrl>#poly0</styleUrl><Polygon><extrude>1</extrude><altitudeMode>relativeToGround</altitudeMode><outerBoundaryIs><LinearRing><coordinates>-122.288926,37.863553,4 -122.288789,37.863553,4 -122.288789,37.863661,4 -122.288926,37.863661,4 -122.288926,37.863553,4</coordinates></LinearRing></outerBoundaryIs></Polygon></Placemark>
  <Placemark><name>ADU</name><styleUrl>#lab0</styleUrl><Region><LatLonAltBox><west>-122.288926</west><east>-122.288789</east><south>37.863553</south><north>37.863661</north></LatLonAltBox><Lod><minLodPixels>700</minLodPixels><maxLodPixels>-1</maxLodPixels></Lod></Region><Point><altitudeMode>relativeToGround</altitudeMode><coordinates>-122.288871,37.863596,4.0</coordinates></Point></Placemark>
  <Placemark><styleUrl>#poly0</styleUrl><Polygon><extrude>1</extrude><altitudeMode>relativeToGround</altitudeMode><outerBoundaryIs><LinearRing><coordinates>-122.277358,37.902346,4 -122.277222,37.902346,4 -122.277222,37.902454,4 -122.277358,37.902454,4 -122.277358,37.902346,4</coordinates></LinearRing></outerBoundaryIs></Polygon></Placemark>
  <Placemark><name>ADU</name><styleUrl>#lab0</styleUrl><Region><LatLonAltBox><west>-122.277358</west><east>-122.277222</east><south>37.902346</south><north>37.902454</north></LatLonAltBox><Lod><minLodPixels>700</minLodPixels><maxLodPixels>-1</maxLodPixels></Lod></Region><Point><altitudeMode>relativeToGround</altitudeMode><coordinates>-122.277304,37.902389,4.0</coordinates></Point></Placemark>
  <Placemark><styleUrl>#poly0</styleUrl><Polygon><extrude>1</extrude><altitudeMode>relativeToGround</altitudeMode><outerBoundaryIs><LinearRing><coordinates>-122.277029,37.855603,4 -122.276893,37.855603,4 -122.276893,37.855711,4 -122.277029,37.855711,4 -122.277029,37.855603,4</coordinates></LinearRing></outerBoundaryIs></Polygon></Placemark>
  <Placemark><name>ADU</name><styleUrl>#lab0</styleUrl><Region><LatLonAltBox><west>-122.277029</west><east>-122.276893</east><south>37.855603</south><north>37.855711</north></LatLonAltBox><Lod><minLodPixels>700</minLodPixels><maxLodPixels>-1</maxLodPixels></Lod></Region><Point><altitudeMode>relativeToGround</altitudeMode><coordinates>-122.276975,37.855646,4.0</coordinates></Point></Placemark>
  <Placemark><styleUrl>#poly0</styleUrl><Polygon><extrude>1</extrude><altitudeMode>relativeToGround</altitudeMode><outerBoundaryIs><LinearRing><coordinates>-122.280746,37.883892,4 -122.280609,37.883892,4 -122.280609,37.884000,4 -122.280746,37.884000,4 -122.280746,37.883892,4</coordinates></LinearRing></outerBoundaryIs></Polygon></Placemark>
  <Placemark><name>ADU</name><styleUrl>#lab0</styleUrl><Region><LatLonAltBox><west>-122.280746</west><east>-122.280609</east><south>37.883892</south><north>37.884000</north></LatLonAltBox><Lod><minLodPixels>700</minLodPixels><maxLodPixels>-1</maxLodPixels></Lod></Region><Point><altitudeMode>relativeToGround</altitudeMode><coordinates>-122.280691,37.883935,4.0</coordinates></Point></Placemark>
  <Placemark><styleUrl>#poly0</styleUrl><Polygon><extrude>1</extrude><altitudeMode>relativeToGround</altitudeMode><outerBoundaryIs><LinearRing><coordinates>-122.288395,37.874869,4 -122.288258,37.874869,4 -122.288258,37.874976,4 -122.288395,37.874976,4 -122.288395,37.874869,4</coordinates></LinearRing></outerBoundaryIs></Polygon></Placemark>
  <Placemark><name>ADU</name><styleUrl>#lab0</styleUrl><Region><LatLonAltBox><west>-122.288395</west><east>-122.288258</east><south>37.874869</south><north>37.874976</north></LatLonAltBox><Lod><minLodPixels>700</minLodPixels><maxLodPixels>-1</maxLodPixels></Lod></Region><Point><altitudeMode>relativeToGround</altitudeMode><coordinates>-122.288340,37.874912,4.0</coordinates></Point></Placemark>
  <Placemark><styleUrl>#poly0</styleUrl><Polygon><extrude>1</extrude><altitudeMode>relativeToGround</altitudeMode><outerBoundaryIs><LinearRing><coordinates>-122.260003,37.858775,4 -122.259867,37.858775,4 -122.259867,37.858883,4 -122.260003,37.858883,4 -122.260003,37.858775,4</coordinates></LinearRing></outerBoundaryIs></Polygon></Placemark>
  <Placemark><name>ADU</name><styleUrl>#lab0</styleUrl><Region><LatLonAltBox><west>-122.260003</west><east>-122.259867</east><south>37.858775</south><north>37.858883</north></LatLonAltBox><Lod><minLodPixels>700</minLodPixels><maxLodPixels>-1</maxLodPixels></Lod></Region><Point><altitudeMode>relativeToGround</altitudeMode><coordinates>-122.259949,37.858818,4.0</coordinates></Point></Placemark>
  <Placemark><styleUrl>#poly0</styleUrl><Polygon><extrude>1</extrude><altitudeMode>relativeToGround</altitudeMode><outerBoundaryIs><LinearRing><coordinates>-122.276792,37.859370,4 -122.276655,37.859370,4 -122.276655,37.859478,4 -122.276792,37.859478,4 -122.276792,37.859370,4</coordinates></LinearRing></outerBoundaryIs></Polygon></Placemark>
  <Placemark><name>ADU</name><styleUrl>#lab0</styleUrl><Region><LatLonAltBox><west>-122.276792</west><east>-122.276655</east><south>37.859370</south><north>37.859478</north></LatLonAltBox><Lod><minLodPixels>700</minLodPixels><maxLodPixels>-1</maxLodPixels></Lod></Region><Point><altitudeMode>relativeToGround</altitudeMode><coordinates>-122.276737,37.859413,4.0</coordinates></Point></Placemark>
  <Placemark><styleUrl>#poly0</styleUrl><Polygon><extrude>1</extrude><altitudeMode>relativeToGround</altitudeMode><outerBoundaryIs><LinearRing><coordinates>-122.243882,37.855155,4 -122.243745,37.855155,4 -122.243745,37.855262,4 -122.243882,37.855262,4 -122.243882,37.855155,4</coordinates></LinearRing></outerBoundaryIs></Polygon></Placemark>
  <Placemark><name>ADU</name><styleUrl>#lab0</styleUrl><Region><LatLonAltBox><west>-122.243882</west><east>-122.243745</east><south>37.855155</south><north>37.855262</north></LatLonAltBox><Lod><minLodPixels>700</minLodPixels><maxLodPixels>-1</maxLodPixels></Lod></Region><Point><altitudeMode>relativeToGround</altitudeMode><coordinates>-122.243827,37.855198,4.0</coordinates></Point></Placemark>
  <Placemark><styleUrl>#poly0</styleUrl><Polygon><extrude>1</extrude><altitudeMode>relativeToGround</altitudeMode><outerBoundaryIs><LinearRing><coordinates>-122.253072,37.859617,4 -122.252936,37.859617,4 -122.252936,37.859724,4 -122.253072,37.859724,4 -122.253072,37.859617,4</coordinates></LinearRing></outerBoundaryIs></Polygon></Placemark>
  <Placemark><name>ADU</name><styleUrl>#lab0</styleUrl><Region><LatLonAltBox><west>-122.253072</west><east>-122.252936</east><south>37.859617</south><north>37.859724</north></LatLonAltBox><Lod><minLodPixels>700</minLodPixels><maxLodPixels>-1</maxLodPixels></Lod></Region><Point><altitudeMode>relativeToGround</altitudeMode><coordinates>-122.253018,37.859660,4.0</coordinates></Point></Placemark>
  <Placemark><styleUrl>#poly0</styleUrl><Polygon><extrude>1</extrude><altitudeMode>relativeToGround</altitudeMode><outerBoundaryIs><LinearRing><coordinates>-122.285307,37.850458,4 -122.285170,37.850458,4 -122.285170,37.850565,4 -122.285307,37.850565,4 -122.285307,37.850458,4</coordinates></LinearRing></outerBoundaryIs></Polygon></Placemark>
  <Placemark><name>ADU</name><styleUrl>#lab0</styleUrl><Region><LatLonAltBox><west>-122.285307</west><east>-122.285170</east><south>37.850458</south><north>37.850565</north></LatLonAltBox><Lod><minLodPixels>700</minLodPixels><maxLodPixels>-1</maxLodPixels></Lod></Region><Point><altitudeMode>relativeToGround</altitudeMode><coordinates>-122.285252,37.850501,4.0</coordinates></Point></Placemark>
  <Placemark><styleUrl>#poly0</styleUrl><Polygon><extrude>1</extrude><altitudeMode>relativeToGround</altitudeMode><outerBoundaryIs><LinearRing><coordinates>-122.279283,37.880771,4 -122.279146,37.880771,4 -122.279146,37.880879,4 -122.279283,37.880879,4 -122.279283,37.880771,4</coordinates></LinearRing></outerBoundaryIs></Polygon></Placemark>
  <Placemark><name>ADU</name><styleUrl>#lab0</styleUrl><Region><LatLonAltBox><west>-122.279283</west><east>-122.279146</east><south>37.880771</south><north>37.880879</north></LatLonAltBox><Lod><minLodPixels>700</minLodPixels><maxLodPixels>-1</maxLodPixels></Lod></Region><Point><altitudeMode>relativeToGround</altitudeMode><coordinates>-122.279228,37.880814,4.0</coordinates></Point></Placemark>
  <Placemark><styleUrl>#poly0</styleUrl><Polygon><extrude>1</extrude><altitudeMode>relativeToGround</altitudeMode><outerBoundaryIs><LinearRing><coordinates>-122.273172,37.865439,4 -122.273036,37.865439,4 -122.273036,37.865547,4 -122.273172,37.865547,4 -122.273172,37.865439,4</coordinates></LinearRing></outerBoundaryIs></Polygon></Placemark>
  <Placemark><name>ADU</name><styleUrl>#lab0</styleUrl><Region><LatLonAltBox><west>-122.273172</west><east>-122.273036</east><south>37.865439</south><north>37.865547</north></LatLonAltBox><Lod><minLodPixels>700</minLodPixels><maxLodPixels>-1</maxLodPixels></Lod></Region><Point><altitudeMode>relativeToGround</altitudeMode><coordinates>-122.273118,37.865482,4.0</coordinates></Point></Placemark>
  <Placemark><styleUrl>#poly0</styleUrl><Polygon><extrude>1</extrude><altitudeMode>relativeToGround</altitudeMode><outerBoundaryIs><LinearRing><coordinates>-122.288871,37.864249,4 -122.288735,37.864249,4 -122.288735,37.864357,4 -122.288871,37.864357,4 -122.288871,37.864249,4</coordinates></LinearRing></outerBoundaryIs></Polygon></Placemark>
  <Placemark><name>ADU</name><styleUrl>#lab0</styleUrl><Region><LatLonAltBox><west>-122.288871</west><east>-122.288735</east><south>37.864249</south><north>37.864357</north></LatLonAltBox><Lod><minLodPixels>700</minLodPixels><maxLodPixels>-1</maxLodPixels></Lod></Region><Point><altitudeMode>relativeToGround</altitudeMode><coordinates>-122.288817,37.864292,4.0</coordinates></Point></Placemark>
  <Placemark><styleUrl>#poly0</styleUrl><Polygon><extrude>1</extrude><altitudeMode>relativeToGround</altitudeMode><outerBoundaryIs><LinearRing><coordinates>-122.275504,37.870467,4 -122.275367,37.870467,4 -122.275367,37.870575,4 -122.275504,37.870575,4 -122.275504,37.870467,4</coordinates></LinearRing></outerBoundaryIs></Polygon></Placemark>
  <Placemark><name>ADU</name><styleUrl>#lab0</styleUrl><Region><LatLonAltBox><west>-122.275504</west><east>-122.275367</east><south>37.870467</south><north>37.870575</north></LatLonAltBox><Lod><minLodPixels>700</minLodPixels><maxLodPixels>-1</maxLodPixels></Lod></Region><Point><altitudeMode>relativeToGround</altitudeMode><coordinates>-122.275449,37.870510,4.0</coordinates></Point></Placemark>
  <Placemark><styleUrl>#poly0</styleUrl><Polygon><extrude>1</extrude><altitudeMode>relativeToGround</altitudeMode><outerBoundaryIs><LinearRing><coordinates>-122.274956,37.851599,4 -122.274820,37.851599,4 -122.274820,37.851707,4 -122.274956,37.851707,4 -122.274956,37.851599,4</coordinates></LinearRing></outerBoundaryIs></Polygon></Placemark>
  <Placemark><name>ADU</name><styleUrl>#lab0</styleUrl><Region><LatLonAltBox><west>-122.274956</west><east>-122.274820</east><south>37.851599</south><north>37.851707</north></LatLonAltBox><Lod><minLodPixels>700</minLodPixels><maxLodPixels>-1</maxLodPixels></Lod></Region><Point><altitudeMode>relativeToGround</altitudeMode><coordinates>-122.274902,37.851642,4.0</coordinates></Point></Placemark>
  <Placemark><styleUrl>#poly0</styleUrl><Polygon><extrude>1</extrude><altitudeMode>relativeToGround</altitudeMode><outerBoundaryIs><LinearRing><coordinates>-122.281391,37.875571,4 -122.281254,37.875571,4 -122.281254,37.875679,4 -122.281391,37.875679,4 -122.281391,37.875571,4</coordinates></LinearRing></outerBoundaryIs></Polygon></Placemark>
  <Placemark><name>ADU</name><styleUrl>#lab0</styleUrl><Region><LatLonAltBox><west>-122.281391</west><east>-122.281254</east><south>37.875571</south><north>37.875679</north></LatLonAltBox><Lod><minLodPixels>700</minLodPixels><maxLodPixels>-1</maxLodPixels></Lod></Region><Point><altitudeMode>relativeToGround</altitudeMode><coordinates>-122.281336,37.875614,4.0</coordinates></Point></Placemark>
  <Placemark><styleUrl>#poly0</styleUrl><Polygon><extrude>1</extrude><altitudeMode>relativeToGround</altitudeMode><outerBoundaryIs><LinearRing><coordinates>-122.274257,37.872492,4 -122.274120,37.872492,4 -122.274120,37.872600,4 -122.274257,37.872600,4 -122.274257,37.872492,4</coordinates></LinearRing></outerBoundaryIs></Polygon></Placemark>
  <Placemark><name>ADU</name><styleUrl>#lab0</styleUrl><Region><LatLonAltBox><west>-122.274257</west><east>-122.274120</east><south>37.872492</south><north>37.872600</north></LatLonAltBox><Lod><minLodPixels>700</minLodPixels><maxLodPixels>-1</maxLodPixels></Lod></Region><Point><altitudeMode>relativeToGround</altitudeMode><coordinates>-122.274202,37.872535,4.0</coordinates></Point></Placemark>
  <Placemark><styleUrl>#poly0</styleUrl><Polygon><extrude>1</extrude><altitudeMode>relativeToGround</altitudeMode><outerBoundaryIs><LinearRing><coordinates>-122.255230,37.854488,4 -122.255094,37.854488,4 -122.255094,37.854596,4 -122.255230,37.854596,4 -122.255230,37.854488,4</coordinates></LinearRing></outerBoundaryIs></Polygon></Placemark>
  <Placemark><name>ADU</name><styleUrl>#lab0</styleUrl><Region><LatLonAltBox><west>-122.255230</west><east>-122.255094</east><south>37.854488</south><north>37.854596</north></LatLonAltBox><Lod><minLodPixels>700</minLodPixels><maxLodPixels>-1</maxLodPixels></Lod></Region><Point><altitudeMode>relativeToGround</altitudeMode><coordinates>-122.255176,37.854531,4.0</coordinates></Point></Placemark>
  <Placemark><styleUrl>#poly0</styleUrl><Polygon><extrude>1</extrude><altitudeMode>relativeToGround</altitudeMode><outerBoundaryIs><LinearRing><coordinates>-122.262806,37.858376,4 -122.262669,37.858376,4 -122.262669,37.858484,4 -122.262806,37.858484,4 -122.262806,37.858376,4</coordinates></LinearRing></outerBoundaryIs></Polygon></Placemark>
  <Placemark><name>ADU</name><styleUrl>#lab0</styleUrl><Region><LatLonAltBox><west>-122.262806</west><east>-122.262669</east><south>37.858376</south><north>37.858484</north></LatLonAltBox><Lod><minLodPixels>700</minLodPixels><maxLodPixels>-1</maxLodPixels></Lod></Region><Point><altitudeMode>relativeToGround</altitudeMode><coordinates>-122.262751,37.858419,4.0</coordinates></Point></Placemark>
  <Placemark><styleUrl>#poly0</styleUrl><Polygon><extrude>1</extrude><altitudeMode>relativeToGround</altitudeMode><outerBoundaryIs><LinearRing><coordinates>-122.250876,37.854676,4 -122.250740,37.854676,4 -122.250740,37.854784,4 -122.250876,37.854784,4 -122.250876,37.854676,4</coordinates></LinearRing></outerBoundaryIs></Polygon></Placemark>
  <Placemark><name>ADU</name><styleUrl>#lab0</styleUrl><Region><LatLonAltBox><west>-122.250876</west><east>-122.250740</east><south>37.854676</south><north>37.854784</north></LatLonAltBox><Lod><minLodPixels>700</minLodPixels><maxLodPixels>-1</maxLodPixels></Lod></Region><Point><altitudeMode>relativeToGround</altitudeMode><coordinates>-122.250822,37.854719,4.0</coordinates></Point></Placemark>
  <Placemark><styleUrl>#poly0</styleUrl><Polygon><extrude>1</extrude><altitudeMode>relativeToGround</altitudeMode><outerBoundaryIs><LinearRing><coordinates>-122.282847,37.862494,4 -122.282710,37.862494,4 -122.282710,37.862602,4 -122.282847,37.862602,4 -122.282847,37.862494,4</coordinates></LinearRing></outerBoundaryIs></Polygon></Placemark>
  <Placemark><name>ADU</name><styleUrl>#lab0</styleUrl><Region><LatLonAltBox><west>-122.282847</west><east>-122.282710</east><south>37.862494</south><north>37.862602</north></LatLonAltBox><Lod><minLodPixels>700</minLodPixels><maxLodPixels>-1</maxLodPixels></Lod></Region><Point><altitudeMode>relativeToGround</altitudeMode><coordinates>-122.282792,37.862537,4.0</coordinates></Point></Placemark>
  <Placemark><styleUrl>#poly0</styleUrl><Polygon><extrude>1</extrude><altitudeMode>relativeToGround</altitudeMode><outerBoundaryIs><LinearRing><coordinates>-122.276661,37.892611,4 -122.276524,37.892611,4 -122.276524,37.892719,4 -122.276661,37.892719,4 -122.276661,37.892611,4</coordinates></LinearRing></outerBoundaryIs></Polygon></Placemark>
  <Placemark><name>ADU</name><styleUrl>#lab0</styleUrl><Region><LatLonAltBox><west>-122.276661</west><east>-122.276524</east><south>37.892611</south><north>37.892719</north></LatLonAltBox><Lod><minLodPixels>700</minLodPixels><maxLodPixels>-1</maxLodPixels></Lod></Region><Point><altitudeMode>relativeToGround</altitudeMode><coordinates>-122.276606,37.892654,4.0</coordinates></Point></Placemark>
  <Placemark><styleUrl>#poly0</styleUrl><Polygon><extrude>1</extrude><altitudeMode>relativeToGround</altitudeMode><outerBoundaryIs><LinearRing><coordinates>-122.282666,37.860385,4 -122.282530,37.860385,4 -122.282530,37.860493,4 -122.282666,37.860493,4 -122.282666,37.860385,4</coordinates></LinearRing></outerBoundaryIs></Polygon></Placemark>
  <Placemark><name>ADU</name><styleUrl>#lab0</styleUrl><Region><LatLonAltBox><west>-122.282666</west><east>-122.282530</east><south>37.860385</south><north>37.860493</north></LatLonAltBox><Lod><minLodPixels>700</minLodPixels><maxLodPixels>-1</maxLodPixels></Lod></Region><Point><altitudeMode>relativeToGround</altitudeMode><coordinates>-122.282612,37.860428,4.0</coordinates></Point></Placemark>
  <Placemark><styleUrl>#poly0</styleUrl><Polygon><extrude>1</extrude><altitudeMode>relativeToGround</altitudeMode><outerBoundaryIs><LinearRing><coordinates>-122.283203,37.865706,4 -122.283067,37.865706,4 -122.283067,37.865814,4 -122.283203,37.865814,4 -122.283203,37.865706,4</coordinates></LinearRing></outerBoundaryIs></Polygon></Placemark>
  <Placemark><name>ADU</name><styleUrl>#lab0</styleUrl><Region><LatLonAltBox><west>-122.283203</west><east>-122.283067</east><south>37.865706</south><north>37.865814</north></LatLonAltBox><Lod><minLodPixels>700</minLodPixels><maxLodPixels>-1</maxLodPixels></Lod></Region><Point><altitudeMode>relativeToGround</altitudeMode><coordinates>-122.283149,37.865749,4.0</coordinates></Point></Placemark>
  <Placemark><styleUrl>#poly0</styleUrl><Polygon><extrude>1</extrude><altitudeMode>relativeToGround</altitudeMode><outerBoundaryIs><LinearRing><coordinates>-122.283904,37.861126,4 -122.283768,37.861126,4 -122.283768,37.861234,4 -122.283904,37.861234,4 -122.283904,37.861126,4</coordinates></LinearRing></outerBoundaryIs></Polygon></Placemark>
  <Placemark><name>ADU</name><styleUrl>#lab0</styleUrl><Region><LatLonAltBox><west>-122.283904</west><east>-122.283768</east><south>37.861126</south><north>37.861234</north></LatLonAltBox><Lod><minLodPixels>700</minLodPixels><maxLodPixels>-1</maxLodPixels></Lod></Region><Point><altitudeMode>relativeToGround</altitudeMode><coordinates>-122.283850,37.861169,4.0</coordinates></Point></Placemark>
  <Placemark><styleUrl>#poly0</styleUrl><Polygon><extrude>1</extrude><altitudeMode>relativeToGround</altitudeMode><outerBoundaryIs><LinearRing><coordinates>-122.279391,37.890145,4 -122.279254,37.890145,4 -122.279254,37.890253,4 -122.279391,37.890253,4 -122.279391,37.890145,4</coordinates></LinearRing></outerBoundaryIs></Polygon></Placemark>
  <Placemark><name>ADU</name><styleUrl>#lab0</styleUrl><Region><LatLonAltBox><west>-122.279391</west><east>-122.279254</east><south>37.890145</south><north>37.890253</north></LatLonAltBox><Lod><minLodPixels>700</minLodPixels><maxLodPixels>-1</maxLodPixels></Lod></Region><Point><altitudeMode>relativeToGround</altitudeMode><coordinates>-122.279336,37.890188,4.0</coordinates></Point></Placemark>
  <Placemark><styleUrl>#poly0</styleUrl><Polygon><extrude>1</extrude><altitudeMode>relativeToGround</altitudeMode><outerBoundaryIs><LinearRing><coordinates>-122.293498,37.878067,4 -122.293362,37.878067,4 -122.293362,37.878174,4 -122.293498,37.878174,4 -122.293498,37.878067,4</coordinates></LinearRing></outerBoundaryIs></Polygon></Placemark>
  <Placemark><name>ADU</name><styleUrl>#lab0</styleUrl><Region><LatLonAltBox><west>-122.293498</west><east>-122.293362</east><south>37.878067</south><north>37.878174</north></LatLonAltBox><Lod><minLodPixels>700</minLodPixels><maxLodPixels>-1</maxLodPixels></Lod></Region><Point><altitudeMode>relativeToGround</altitudeMode><coordinates>-122.293444,37.878110,4.0</coordinates></Point></Placemark>
  <Placemark><styleUrl>#poly0</styleUrl><Polygon><extrude>1</extrude><altitudeMode>relativeToGround</altitudeMode><outerBoundaryIs><LinearRing><coordinates>-122.254258,37.892870,4 -122.254121,37.892870,4 -122.254121,37.892977,4 -122.254258,37.892977,4 -122.254258,37.892870,4</coordinates></LinearRing></outerBoundaryIs></Polygon></Placemark>
  <Placemark><name>ADU</name><styleUrl>#lab0</styleUrl><Region><LatLonAltBox><west>-122.254258</west><east>-122.254121</east><south>37.892870</south><north>37.892977</north></LatLonAltBox><Lod><minLodPixels>700</minLodPixels><maxLodPixels>-1</maxLodPixels></Lod></Region><Point><altitudeMode>relativeToGround</altitudeMode><coordinates>-122.254203,37.892913,4.0</coordinates></Point></Placemark>
  <Placemark><styleUrl>#poly0</styleUrl><Polygon><extrude>1</extrude><altitudeMode>relativeToGround</altitudeMode><outerBoundaryIs><LinearRing><coordinates>-122.257970,37.862575,4 -122.257834,37.862575,4 -122.257834,37.862683,4 -122.257970,37.862683,4 -122.257970,37.862575,4</coordinates></LinearRing></outerBoundaryIs></Polygon></Placemark>
  <Placemark><name>ADU</name><styleUrl>#lab0</styleUrl><Region><LatLonAltBox><west>-122.257970</west><east>-122.257834</east><south>37.862575</south><north>37.862683</north></LatLonAltBox><Lod><minLodPixels>700</minLodPixels><maxLodPixels>-1</maxLodPixels></Lod></Region><Point><altitudeMode>relativeToGround</altitudeMode><coordinates>-122.257916,37.862618,4.0</coordinates></Point></Placemark>
  <Placemark><styleUrl>#poly0</styleUrl><Polygon><extrude>1</extrude><altitudeMode>relativeToGround</altitudeMode><outerBoundaryIs><LinearRing><coordinates>-122.281018,37.889481,4 -122.280881,37.889481,4 -122.280881,37.889589,4 -122.281018,37.889589,4 -122.281018,37.889481,4</coordinates></LinearRing></outerBoundaryIs></Polygon></Placemark>
  <Placemark><name>ADU</name><styleUrl>#lab0</styleUrl><Region><LatLonAltBox><west>-122.281018</west><east>-122.280881</east><south>37.889481</south><north>37.889589</north></LatLonAltBox><Lod><minLodPixels>700</minLodPixels><maxLodPixels>-1</maxLodPixels></Lod></Region><Point><altitudeMode>relativeToGround</altitudeMode><coordinates>-122.280963,37.889524,4.0</coordinates></Point></Placemark>
  <Placemark><styleUrl>#poly0</styleUrl><Polygon><extrude>1</extrude><altitudeMode>relativeToGround</altitudeMode><outerBoundaryIs><LinearRing><coordinates>-122.277156,37.847742,4 -122.277019,37.847742,4 -122.277019,37.847850,4 -122.277156,37.847850,4 -122.277156,37.847742,4</coordinates></LinearRing></outerBoundaryIs></Polygon></Placemark>
  <Placemark><name>ADU</name><styleUrl>#lab0</styleUrl><Region><LatLonAltBox><west>-122.277156</west><east>-122.277019</east><south>37.847742</south><north>37.847850</north></LatLonAltBox><Lod><minLodPixels>700</minLodPixels><maxLodPixels>-1</maxLodPixels></Lod></Region><Point><altitudeMode>relativeToGround</altitudeMode><coordinates>-122.277101,37.847785,4.0</coordinates></Point></Placemark>
  <Placemark><styleUrl>#poly0</styleUrl><Polygon><extrude>1</extrude><altitudeMode>relativeToGround</altitudeMode><outerBoundaryIs><LinearRing><coordinates>-122.282074,37.857829,4 -122.281937,37.857829,4 -122.281937,37.857937,4 -122.282074,37.857937,4 -122.282074,37.857829,4</coordinates></LinearRing></outerBoundaryIs></Polygon></Placemark>
  <Placemark><name>ADU</name><styleUrl>#lab0</styleUrl><Region><LatLonAltBox><west>-122.282074</west><east>-122.281937</east><south>37.857829</south><north>37.857937</north></LatLonAltBox><Lod><minLodPixels>700</minLodPixels><maxLodPixels>-1</maxLodPixels></Lod></Region><Point><altitudeMode>relativeToGround</altitudeMode><coordinates>-122.282019,37.857872,4.0</coordinates></Point></Placemark>
  <Placemark><styleUrl>#poly0</styleUrl><Polygon><extrude>1</extrude><altitudeMode>relativeToGround</altitudeMode><outerBoundaryIs><LinearRing><coordinates>-122.250249,37.856582,4 -122.250112,37.856582,4 -122.250112,37.856690,4 -122.250249,37.856690,4 -122.250249,37.856582,4</coordinates></LinearRing></outerBoundaryIs></Polygon></Placemark>
  <Placemark><name>ADU</name><styleUrl>#lab0</styleUrl><Region><LatLonAltBox><west>-122.250249</west><east>-122.250112</east><south>37.856582</south><north>37.856690</north></LatLonAltBox><Lod><minLodPixels>700</minLodPixels><maxLodPixels>-1</maxLodPixels></Lod></Region><Point><altitudeMode>relativeToGround</altitudeMode><coordinates>-122.250194,37.856625,4.0</coordinates></Point></Placemark>
  <Placemark><styleUrl>#poly0</styleUrl><Polygon><extrude>1</extrude><altitudeMode>relativeToGround</altitudeMode><outerBoundaryIs><LinearRing><coordinates>-122.279164,37.881625,4 -122.279027,37.881625,4 -122.279027,37.881733,4 -122.279164,37.881733,4 -122.279164,37.881625,4</coordinates></LinearRing></outerBoundaryIs></Polygon></Placemark>
  <Placemark><name>ADU</name><styleUrl>#lab0</styleUrl><Region><LatLonAltBox><west>-122.279164</west><east>-122.279027</east><south>37.881625</south><north>37.881733</north></LatLonAltBox><Lod><minLodPixels>700</minLodPixels><maxLodPixels>-1</maxLodPixels></Lod></Region><Point><altitudeMode>relativeToGround</altitudeMode><coordinates>-122.279109,37.881668,4.0</coordinates></Point></Placemark>
  <Placemark><styleUrl>#poly0</styleUrl><Polygon><extrude>1</extrude><altitudeMode>relativeToGround</altitudeMode><outerBoundaryIs><LinearRing><coordinates>-122.294338,37.877931,4 -122.294202,37.877931,4 -122.294202,37.878038,4 -122.294338,37.878038,4 -122.294338,37.877931,4</coordinates></LinearRing></outerBoundaryIs></Polygon></Placemark>
  <Placemark><name>ADU</name><styleUrl>#lab0</styleUrl><Region><LatLonAltBox><west>-122.294338</west><east>-122.294202</east><south>37.877931</south><north>37.878038</north></LatLonAltBox><Lod><minLodPixels>700</minLodPixels><maxLodPixels>-1</maxLodPixels></Lod></Region><Point><altitudeMode>relativeToGround</altitudeMode><coordinates>-122.294284,37.877974,4.0</coordinates></Point></Placemark>
  <Placemark><styleUrl>#poly0</styleUrl><Polygon><extrude>1</extrude><altitudeMode>relativeToGround</altitudeMode><outerBoundaryIs><LinearRing><coordinates>-122.258981,37.893860,4 -122.258844,37.893860,4 -122.258844,37.893968,4 -122.258981,37.893968,4 -122.258981,37.893860,4</coordinates></LinearRing></outerBoundaryIs></Polygon></Placemark>
  <Placemark><name>ADU</name><styleUrl>#lab0</styleUrl><Region><LatLonAltBox><west>-122.258981</west><east>-122.258844</east><south>37.893860</south><north>37.893968</north></LatLonAltBox><Lod><minLodPixels>700</minLodPixels><maxLodPixels>-1</maxLodPixels></Lod></Region><Point><altitudeMode>relativeToGround</altitudeMode><coordinates>-122.258926,37.893903,4.0</coordinates></Point></Placemark>
  <Placemark><styleUrl>#poly0</styleUrl><Polygon><extrude>1</extrude><altitudeMode>relativeToGround</altitudeMode><outerBoundaryIs><LinearRing><coordinates>-122.281622,37.875164,4 -122.281485,37.875164,4 -122.281485,37.875272,4 -122.281622,37.875272,4 -122.281622,37.875164,4</coordinates></LinearRing></outerBoundaryIs></Polygon></Placemark>
  <Placemark><name>ADU</name><styleUrl>#lab0</styleUrl><Region><LatLonAltBox><west>-122.281622</west><east>-122.281485</east><south>37.875164</south><north>37.875272</north></LatLonAltBox><Lod><minLodPixels>700</minLodPixels><maxLodPixels>-1</maxLodPixels></Lod></Region><Point><altitudeMode>relativeToGround</altitudeMode><coordinates>-122.281567,37.875207,4.0</coordinates></Point></Placemark>
  <Placemark><styleUrl>#poly0</styleUrl><Polygon><extrude>1</extrude><altitudeMode>relativeToGround</altitudeMode><outerBoundaryIs><LinearRing><coordinates>-122.250512,37.883367,4 -122.250376,37.883367,4 -122.250376,37.883475,4 -122.250512,37.883475,4 -122.250512,37.883367,4</coordinates></LinearRing></outerBoundaryIs></Polygon></Placemark>
  <Placemark><name>ADU</name><styleUrl>#lab0</styleUrl><Region><LatLonAltBox><west>-122.250512</west><east>-122.250376</east><south>37.883367</south><north>37.883475</north></LatLonAltBox><Lod><minLodPixels>700</minLodPixels><maxLodPixels>-1</maxLodPixels></Lod></Region><Point><altitudeMode>relativeToGround</altitudeMode><coordinates>-122.250458,37.883410,4.0</coordinates></Point></Placemark>
  <Placemark><styleUrl>#poly0</styleUrl><Polygon><extrude>1</extrude><altitudeMode>relativeToGround</altitudeMode><outerBoundaryIs><LinearRing><coordinates>-122.281148,37.893289,4 -122.281012,37.893289,4 -122.281012,37.893396,4 -122.281148,37.893396,4 -122.281148,37.893289,4</coordinates></LinearRing></outerBoundaryIs></Polygon></Placemark>
  <Placemark><name>ADU</name><styleUrl>#lab0</styleUrl><Region><LatLonAltBox><west>-122.281148</west><east>-122.281012</east><south>37.893289</south><north>37.893396</north></LatLonAltBox><Lod><minLodPixels>700</minLodPixels><maxLodPixels>-1</maxLodPixels></Lod></Region><Point><altitudeMode>relativeToGround</altitudeMode><coordinates>-122.281094,37.893332,4.0</coordinates></Point></Placemark>
  <Placemark><styleUrl>#poly0</styleUrl><Polygon><extrude>1</extrude><altitudeMode>relativeToGround</altitudeMode><outerBoundaryIs><LinearRing><coordinates>-122.292695,37.878260,4 -122.292559,37.878260,4 -122.292559,37.878367,4 -122.292695,37.878367,4 -122.292695,37.878260,4</coordinates></LinearRing></outerBoundaryIs></Polygon></Placemark>
  <Placemark><name>ADU</name><styleUrl>#lab0</styleUrl><Region><LatLonAltBox><west>-122.292695</west><east>-122.292559</east><south>37.878260</south><north>37.878367</north></LatLonAltBox><Lod><minLodPixels>700</minLodPixels><maxLodPixels>-1</maxLodPixels></Lod></Region><Point><altitudeMode>relativeToGround</altitudeMode><coordinates>-122.292641,37.878303,4.0</coordinates></Point></Placemark>
  <Placemark><styleUrl>#poly0</styleUrl><Polygon><extrude>1</extrude><altitudeMode>relativeToGround</altitudeMode><outerBoundaryIs><LinearRing><coordinates>-122.281333,37.879657,4 -122.281197,37.879657,4 -122.281197,37.879764,4 -122.281333,37.879764,4 -122.281333,37.879657,4</coordinates></LinearRing></outerBoundaryIs></Polygon></Placemark>
  <Placemark><name>ADU</name><styleUrl>#lab0</styleUrl><Region><LatLonAltBox><west>-122.281333</west><east>-122.281197</east><south>37.879657</south><north>37.879764</north></LatLonAltBox><Lod><minLodPixels>700</minLodPixels><maxLodPixels>-1</maxLodPixels></Lod></Region><Point><altitudeMode>relativeToGround</altitudeMode><coordinates>-122.281279,37.879700,4.0</coordinates></Point></Placemark>
  <Placemark><styleUrl>#poly0</styleUrl><Polygon><extrude>1</extrude><altitudeMode>relativeToGround</altitudeMode><outerBoundaryIs><LinearRing><coordinates>-122.291701,37.861403,4 -122.291565,37.861403,4 -122.291565,37.861511,4 -122.291701,37.861511,4 -122.291701,37.861403,4</coordinates></LinearRing></outerBoundaryIs></Polygon></Placemark>
  <Placemark><name>ADU</name><styleUrl>#lab0</styleUrl><Region><LatLonAltBox><west>-122.291701</west><east>-122.291565</east><south>37.861403</south><north>37.861511</north></LatLonAltBox><Lod><minLodPixels>700</minLodPixels><maxLodPixels>-1</maxLodPixels></Lod></Region><Point><altitudeMode>relativeToGround</altitudeMode><coordinates>-122.291647,37.861446,4.0</coordinates></Point></Placemark>
  <Placemark><styleUrl>#poly0</styleUrl><Polygon><extrude>1</extrude><altitudeMode>relativeToGround</altitudeMode><outerBoundaryIs><LinearRing><coordinates>-122.283088,37.868048,4 -122.282951,37.868048,4 -122.282951,37.868156,4 -122.283088,37.868156,4 -122.283088,37.868048,4</coordinates></LinearRing></outerBoundaryIs></Polygon></Placemark>
  <Placemark><name>ADU</name><styleUrl>#lab0</styleUrl><Region><LatLonAltBox><west>-122.283088</west><east>-122.282951</east><south>37.868048</south><north>37.868156</north></LatLonAltBox><Lod><minLodPixels>700</minLodPixels><maxLodPixels>-1</maxLodPixels></Lod></Region><Point><altitudeMode>relativeToGround</altitudeMode><coordinates>-122.283033,37.868091,4.0</coordinates></Point></Placemark>
  <Placemark><styleUrl>#poly0</styleUrl><Polygon><extrude>1</extrude><altitudeMode>relativeToGround</altitudeMode><outerBoundaryIs><LinearRing><coordinates>-122.249714,37.868542,4 -122.249577,37.868542,4 -122.249577,37.868650,4 -122.249714,37.868650,4 -122.249714,37.868542,4</coordinates></LinearRing></outerBoundaryIs></Polygon></Placemark>
  <Placemark><name>ADU</name><styleUrl>#lab0</styleUrl><Region><LatLonAltBox><west>-122.249714</west><east>-122.249577</east><south>37.868542</south><north>37.868650</north></LatLonAltBox><Lod><minLodPixels>700</minLodPixels><maxLodPixels>-1</maxLodPixels></Lod></Region><Point><altitudeMode>relativeToGround</altitudeMode><coordinates>-122.249659,37.868585,4.0</coordinates></Point></Placemark>
  <Placemark><styleUrl>#poly0</styleUrl><Polygon><extrude>1</extrude><altitudeMode>relativeToGround</altitudeMode><outerBoundaryIs><LinearRing><coordinates>-122.270672,37.861038,4 -122.270536,37.861038,4 -122.270536,37.861146,4 -122.270672,37.861146,4 -122.270672,37.861038,4</coordinates></LinearRing></outerBoundaryIs></Polygon></Placemark>
  <Placemark><name>ADU</name><styleUrl>#lab0</styleUrl><Region><LatLonAltBox><west>-122.270672</west><east>-122.270536</east><south>37.861038</south><north>37.861146</north></LatLonAltBox><Lod><minLodPixels>700</minLodPixels><maxLodPixels>-1</maxLodPixels></Lod></Region><Point><altitudeMode>relativeToGround</altitudeMode><coordinates>-122.270618,37.861081,4.0</coordinates></Point></Placemark>
  <Placemark><styleUrl>#poly0</styleUrl><Polygon><extrude>1</extrude><altitudeMode>relativeToGround</altitudeMode><outerBoundaryIs><LinearRing><coordinates>-122.257575,37.853443,4 -122.257438,37.853443,4 -122.257438,37.853551,4 -122.257575,37.853551,4 -122.257575,37.853443,4</coordinates></LinearRing></outerBoundaryIs></Polygon></Placemark>
  <Placemark><name>ADU</name><styleUrl>#lab0</styleUrl><Region><LatLonAltBox><west>-122.257575</west><east>-122.257438</east><south>37.853443</south><north>37.853551</north></LatLonAltBox><Lod><minLodPixels>700</minLodPixels><maxLodPixels>-1</maxLodPixels></Lod></Region><Point><altitudeMode>relativeToGround</altitudeMode><coordinates>-122.257520,37.853486,4.0</coordinates></Point></Placemark>
  <Placemark><styleUrl>#poly0</styleUrl><Polygon><extrude>1</extrude><altitudeMode>relativeToGround</altitudeMode><outerBoundaryIs><LinearRing><coordinates>-122.271893,37.857732,4 -122.271756,37.857732,4 -122.271756,37.857840,4 -122.271893,37.857840,4 -122.271893,37.857732,4</coordinates></LinearRing></outerBoundaryIs></Polygon></Placemark>
  <Placemark><name>ADU</name><styleUrl>#lab0</styleUrl><Region><LatLonAltBox><west>-122.271893</west><east>-122.271756</east><south>37.857732</south><north>37.857840</north></LatLonAltBox><Lod><minLodPixels>700</minLodPixels><maxLodPixels>-1</maxLodPixels></Lod></Region><Point><altitudeMode>relativeToGround</altitudeMode><coordinates>-122.271838,37.857775,4.0</coordinates></Point></Placemark>
  <Placemark><styleUrl>#poly0</styleUrl><Polygon><extrude>1</extrude><altitudeMode>relativeToGround</altitudeMode><outerBoundaryIs><LinearRing><coordinates>-122.262477,37.866624,4 -122.262340,37.866624,4 -122.262340,37.866732,4 -122.262477,37.866732,4 -122.262477,37.866624,4</coordinates></LinearRing></outerBoundaryIs></Polygon></Placemark>
  <Placemark><name>ADU</name><styleUrl>#lab0</styleUrl><Region><LatLonAltBox><west>-122.262477</west><east>-122.262340</east><south>37.866624</south><north>37.866732</north></LatLonAltBox><Lod><minLodPixels>700</minLodPixels><maxLodPixels>-1</maxLodPixels></Lod></Region><Point><altitudeMode>relativeToGround</altitudeMode><coordinates>-122.262422,37.866667,4.0</coordinates></Point></Placemark>
  <Placemark><styleUrl>#poly0</styleUrl><Polygon><extrude>1</extrude><altitudeMode>relativeToGround</altitudeMode><outerBoundaryIs><LinearRing><coordinates>-122.250845,37.883399,4 -122.250709,37.883399,4 -122.250709,37.883507,4 -122.250845,37.883507,4 -122.250845,37.883399,4</coordinates></LinearRing></outerBoundaryIs></Polygon></Placemark>
  <Placemark><name>ADU</name><styleUrl>#lab0</styleUrl><Region><LatLonAltBox><west>-122.250845</west><east>-122.250709</east><south>37.883399</south><north>37.883507</north></LatLonAltBox><Lod><minLodPixels>700</minLodPixels><maxLodPixels>-1</maxLodPixels></Lod></Region><Point><altitudeMode>relativeToGround</altitudeMode><coordinates>-122.250791,37.883442,4.0</coordinates></Point></Placemark>
  <Placemark><styleUrl>#poly0</styleUrl><Polygon><extrude>1</extrude><altitudeMode>relativeToGround</altitudeMode><outerBoundaryIs><LinearRing><coordinates>-122.250459,37.857843,4 -122.250323,37.857843,4 -122.250323,37.857951,4 -122.250459,37.857951,4 -122.250459,37.857843,4</coordinates></LinearRing></outerBoundaryIs></Polygon></Placemark>
  <Placemark><name>ADU</name><styleUrl>#lab0</styleUrl><Region><LatLonAltBox><west>-122.250459</west><east>-122.250323</east><south>37.857843</south><north>37.857951</north></LatLonAltBox><Lod><minLodPixels>700</minLodPixels><maxLodPixels>-1</maxLodPixels></Lod></Region><Point><altitudeMode>relativeToGround</altitudeMode><coordinates>-122.250405,37.857886,4.0</coordinates></Point></Placemark>
  <Placemark><styleUrl>#poly0</styleUrl><Polygon><extrude>1</extrude><altitudeMode>relativeToGround</altitudeMode><outerBoundaryIs><LinearRing><coordinates>-122.281651,37.852409,4 -122.281514,37.852409,4 -122.281514,37.852517,4 -122.281651,37.852517,4 -122.281651,37.852409,4</coordinates></LinearRing></outerBoundaryIs></Polygon></Placemark>
  <Placemark><name>ADU</name><styleUrl>#lab0</styleUrl><Region><LatLonAltBox><west>-122.281651</west><east>-122.281514</east><south>37.852409</south><north>37.852517</north></LatLonAltBox><Lod><minLodPixels>700</minLodPixels><maxLodPixels>-1</maxLodPixels></Lod></Region><Point><altitudeMode>relativeToGround</altitudeMode><coordinates>-122.281596,37.852452,4.0</coordinates></Point></Placemark>
  <Placemark><styleUrl>#poly0</styleUrl><Polygon><extrude>1</extrude><altitudeMode>relativeToGround</altitudeMode><outerBoundaryIs><LinearRing><coordinates>-122.286251,37.856241,4 -122.286114,37.856241,4 -122.286114,37.856349,4 -122.286251,37.856349,4 -122.286251,37.856241,4</coordinates></LinearRing></outerBoundaryIs></Polygon></Placemark>
  <Placemark><name>ADU</name><styleUrl>#lab0</styleUrl><Region><LatLonAltBox><west>-122.286251</west><east>-122.286114</east><south>37.856241</south><north>37.856349</north></LatLonAltBox><Lod><minLodPixels>700</minLodPixels><maxLodPixels>-1</maxLodPixels></Lod></Region><Point><altitudeMode>relativeToGround</altitudeMode><coordinates>-122.286196,37.856284,4.0</coordinates></Point></Placemark>
  <Placemark><styleUrl>#poly0</styleUrl><Polygon><extrude>1</extrude><altitudeMode>relativeToGround</altitudeMode><outerBoundaryIs><LinearRing><coordinates>-122.284305,37.857543,4 -122.284168,37.857543,4 -122.284168,37.857651,4 -122.284305,37.857651,4 -122.284305,37.857543,4</coordinates></LinearRing></outerBoundaryIs></Polygon></Placemark>
  <Placemark><name>ADU</name><styleUrl>#lab0</styleUrl><Region><LatLonAltBox><west>-122.284305</west><east>-122.284168</east><south>37.857543</south><north>37.857651</north></LatLonAltBox><Lod><minLodPixels>700</minLodPixels><maxLodPixels>-1</maxLodPixels></Lod></Region><Point><altitudeMode>relativeToGround</altitudeMode><coordinates>-122.284250,37.857586,4.0</coordinates></Point></Placemark>
  <Placemark><styleUrl>#poly0</styleUrl><Polygon><extrude>1</extrude><altitudeMode>relativeToGround</altitudeMode><outerBoundaryIs><LinearRing><coordinates>-122.292189,37.864033,4 -122.292053,37.864033,4 -122.292053,37.864141,4 -122.292189,37.864141,4 -122.292189,37.864033,4</coordinates></LinearRing></outerBoundaryIs></Polygon></Placemark>
  <Placemark><name>ADU</name><styleUrl>#lab0</styleUrl><Region><LatLonAltBox><west>-122.292189</west><east>-122.292053</east><south>37.864033</south><north>37.864141</north></LatLonAltBox><Lod><minLodPixels>700</minLodPixels><maxLodPixels>-1</maxLodPixels></Lod></Region><Point><altitudeMode>relativeToGround</altitudeMode><coordinates>-122.292135,37.864076,4.0</coordinates></Point></Placemark>
  <Placemark><styleUrl>#poly0</styleUrl><Polygon><extrude>1</extrude><altitudeMode>relativeToGround</altitudeMode><outerBoundaryIs><LinearRing><coordinates>-122.249729,37.882091,4 -122.249593,37.882091,4 -122.249593,37.882198,4 -122.249729,37.882198,4 -122.249729,37.882091,4</coordinates></LinearRing></outerBoundaryIs></Polygon></Placemark>
  <Placemark><name>ADU</name><styleUrl>#lab0</styleUrl><Region><LatLonAltBox><west>-122.249729</west><east>-122.249593</east><south>37.882091</south><north>37.882198</north></LatLonAltBox><Lod><minLodPixels>700</minLodPixels><maxLodPixels>-1</maxLodPixels></Lod></Region><Point><altitudeMode>relativeToGround</altitudeMode><coordinates>-122.249675,37.882134,4.0</coordinates></Point></Placemark>
  <Placemark><styleUrl>#poly0</styleUrl><Polygon><extrude>1</extrude><altitudeMode>relativeToGround</altitudeMode><outerBoundaryIs><LinearRing><coordinates>-122.262538,37.896750,4 -122.262401,37.896750,4 -122.262401,37.896858,4 -122.262538,37.896858,4 -122.262538,37.896750,4</coordinates></LinearRing></outerBoundaryIs></Polygon></Placemark>
  <Placemark><name>ADU</name><styleUrl>#lab0</styleUrl><Region><LatLonAltBox><west>-122.262538</west><east>-122.262401</east><south>37.896750</south><north>37.896858</north></LatLonAltBox><Lod><minLodPixels>700</minLodPixels><maxLodPixels>-1</maxLodPixels></Lod></Region><Point><altitudeMode>relativeToGround</altitudeMode><coordinates>-122.262483,37.896793,4.0</coordinates></Point></Placemark>
  <Placemark><styleUrl>#poly0</styleUrl><Polygon><extrude>1</extrude><altitudeMode>relativeToGround</altitudeMode><outerBoundaryIs><LinearRing><coordinates>-122.265065,37.877899,4 -122.264928,37.877899,4 -122.264928,37.878006,4 -122.265065,37.878006,4 -122.265065,37.877899,4</coordinates></LinearRing></outerBoundaryIs></Polygon></Placemark>
  <Placemark><name>ADU</name><styleUrl>#lab0</styleUrl><Region><LatLonAltBox><west>-122.265065</west><east>-122.264928</east><south>37.877899</south><north>37.878006</north></LatLonAltBox><Lod><minLodPixels>700</minLodPixels><maxLodPixels>-1</maxLodPixels></Lod></Region><Point><altitudeMode>relativeToGround</altitudeMode><coordinates>-122.265010,37.877942,4.0</coordinates></Point></Placemark>
  <Placemark><styleUrl>#poly0</styleUrl><Polygon><extrude>1</extrude><altitudeMode>relativeToGround</altitudeMode><outerBoundaryIs><LinearRing><coordinates>-122.301390,37.877197,4 -122.301254,37.877197,4 -122.301254,37.877304,4 -122.301390,37.877304,4 -122.301390,37.877197,4</coordinates></LinearRing></outerBoundaryIs></Polygon></Placemark>
  <Placemark><name>ADU</name><styleUrl>#lab0</styleUrl><Region><LatLonAltBox><west>-122.301390</west><east>-122.301254</east><south>37.877197</south><north>37.877304</north></LatLonAltBox><Lod><minLodPixels>700</minLodPixels><maxLodPixels>-1</maxLodPixels></Lod></Region><Point><altitudeMode>relativeToGround</altitudeMode><coordinates>-122.301336,37.877240,4.0</coordinates></Point></Placemark>
  <Placemark><styleUrl>#poly0</styleUrl><Polygon><extrude>1</extrude><altitudeMode>relativeToGround</altitudeMode><outerBoundaryIs><LinearRing><coordinates>-122.277499,37.867295,4 -122.277362,37.867295,4 -122.277362,37.867403,4 -122.277499,37.867403,4 -122.277499,37.867295,4</coordinates></LinearRing></outerBoundaryIs></Polygon></Placemark>
  <Placemark><name>ADU</name><styleUrl>#lab0</styleUrl><Region><LatLonAltBox><west>-122.277499</west><east>-122.277362</east><south>37.867295</south><north>37.867403</north></LatLonAltBox><Lod><minLodPixels>700</minLodPixels><maxLodPixels>-1</maxLodPixels></Lod></Region><Point><altitudeMode>relativeToGround</altitudeMode><coordinates>-122.277444,37.867338,4.0</coordinates></Point></Placemark>
  <Placemark><styleUrl>#poly0</styleUrl><Polygon><extrude>1</extrude><altitudeMode>relativeToGround</altitudeMode><outerBoundaryIs><LinearRing><coordinates>-122.265514,37.901470,4 -122.265377,37.901470,4 -122.265377,37.901577,4 -122.265514,37.901577,4 -122.265514,37.901470,4</coordinates></LinearRing></outerBoundaryIs></Polygon></Placemark>
  <Placemark><name>ADU</name><styleUrl>#lab0</styleUrl><Region><LatLonAltBox><west>-122.265514</west><east>-122.265377</east><south>37.901470</south><north>37.901577</north></LatLonAltBox><Lod><minLodPixels>700</minLodPixels><maxLodPixels>-1</maxLodPixels></Lod></Region><Point><altitudeMode>relativeToGround</altitudeMode><coordinates>-122.265459,37.901513,4.0</coordinates></Point></Placemark>
  <Placemark><styleUrl>#poly0</styleUrl><Polygon><extrude>1</extrude><altitudeMode>relativeToGround</altitudeMode><outerBoundaryIs><LinearRing><coordinates>-122.264132,37.852367,4 -122.263995,37.852367,4 -122.263995,37.852474,4 -122.264132,37.852474,4 -122.264132,37.852367,4</coordinates></LinearRing></outerBoundaryIs></Polygon></Placemark>
  <Placemark><name>ADU</name><styleUrl>#lab0</styleUrl><Region><LatLonAltBox><west>-122.264132</west><east>-122.263995</east><south>37.852367</south><north>37.852474</north></LatLonAltBox><Lod><minLodPixels>700</minLodPixels><maxLodPixels>-1</maxLodPixels></Lod></Region><Point><altitudeMode>relativeToGround</altitudeMode><coordinates>-122.264077,37.852410,4.0</coordinates></Point></Placemark>
  <Placemark><styleUrl>#poly0</styleUrl><Polygon><extrude>1</extrude><altitudeMode>relativeToGround</altitudeMode><outerBoundaryIs><LinearRing><coordinates>-122.282731,37.860744,4 -122.282594,37.860744,4 -122.282594,37.860852,4 -122.282731,37.860852,4 -122.282731,37.860744,4</coordinates></LinearRing></outerBoundaryIs></Polygon></Placemark>
  <Placemark><name>ADU</name><styleUrl>#lab0</styleUrl><Region><LatLonAltBox><west>-122.282731</west><east>-122.282594</east><south>37.860744</south><north>37.860852</north></LatLonAltBox><Lod><minLodPixels>700</minLodPixels><maxLodPixels>-1</maxLodPixels></Lod></Region><Point><altitudeMode>relativeToGround</altitudeMode><coordinates>-122.282676,37.860787,4.0</coordinates></Point></Placemark>
  <Placemark><styleUrl>#poly0</styleUrl><Polygon><extrude>1</extrude><altitudeMode>relativeToGround</altitudeMode><outerBoundaryIs><LinearRing><coordinates>-122.279121,37.886161,4 -122.278984,37.886161,4 -122.278984,37.886269,4 -122.279121,37.886269,4 -122.279121,37.886161,4</coordinates></LinearRing></outerBoundaryIs></Polygon></Placemark>
  <Placemark><name>ADU</name><styleUrl>#lab0</styleUrl><Region><LatLonAltBox><west>-122.279121</west><east>-122.278984</east><south>37.886161</south><north>37.886269</north></LatLonAltBox><Lod><minLodPixels>700</minLodPixels><maxLodPixels>-1</maxLodPixels></Lod></Region><Point><altitudeMode>relativeToGround</altitudeMode><coordinates>-122.279066,37.886204,4.0</coordinates></Point></Placemark>
  <Placemark><styleUrl>#poly0</styleUrl><Polygon><extrude>1</extrude><altitudeMode>relativeToGround</altitudeMode><outerBoundaryIs><LinearRing><coordinates>-122.276731,37.894199,4 -122.276594,37.894199,4 -122.276594,37.894307,4 -122.276731,37.894307,4 -122.276731,37.894199,4</coordinates></LinearRing></outerBoundaryIs></Polygon></Placemark>
  <Placemark><name>ADU</name><styleUrl>#lab0</styleUrl><Region><LatLonAltBox><west>-122.276731</west><east>-122.276594</east><south>37.894199</south><north>37.894307</north></LatLonAltBox><Lod><minLodPixels>700</minLodPixels><maxLodPixels>-1</maxLodPixels></Lod></Region><Point><altitudeMode>relativeToGround</altitudeMode><coordinates>-122.276676,37.894242,4.0</coordinates></Point></Placemark>
  <Placemark><styleUrl>#poly0</styleUrl><Polygon><extrude>1</extrude><altitudeMode>relativeToGround</altitudeMode><outerBoundaryIs><LinearRing><coordinates>-122.270497,37.846650,4 -122.270360,37.846650,4 -122.270360,37.846758,4 -122.270497,37.846758,4 -122.270497,37.846650,4</coordinates></LinearRing></outerBoundaryIs></Polygon></Placemark>
  <Placemark><name>ADU</name><styleUrl>#lab0</styleUrl><Region><LatLonAltBox><west>-122.270497</west><east>-122.270360</east><south>37.846650</south><north>37.846758</north></LatLonAltBox><Lod><minLodPixels>700</minLodPixels><maxLodPixels>-1</maxLodPixels></Lod></Region><Point><altitudeMode>relativeToGround</altitudeMode><coordinates>-122.270442,37.846693,4.0</coordinates></Point></Placemark>
  <Placemark><styleUrl>#poly0</styleUrl><Polygon><extrude>1</extrude><altitudeMode>relativeToGround</altitudeMode><outerBoundaryIs><LinearRing><coordinates>-122.283205,37.881603,4 -122.283068,37.881603,4 -122.283068,37.881711,4 -122.283205,37.881711,4 -122.283205,37.881603,4</coordinates></LinearRing></outerBoundaryIs></Polygon></Placemark>
  <Placemark><name>ADU</name><styleUrl>#lab0</styleUrl><Region><LatLonAltBox><west>-122.283205</west><east>-122.283068</east><south>37.881603</south><north>37.881711</north></LatLonAltBox><Lod><minLodPixels>700</minLodPixels><maxLodPixels>-1</maxLodPixels></Lod></Region><Point><altitudeMode>relativeToGround</altitudeMode><coordinates>-122.283150,37.881646,4.0</coordinates></Point></Placemark>
  <Placemark><styleUrl>#poly0</styleUrl><Polygon><extrude>1</extrude><altitudeMode>relativeToGround</altitudeMode><outerBoundaryIs><LinearRing><coordinates>-122.275213,37.875410,4 -122.275077,37.875410,4 -122.275077,37.875517,4 -122.275213,37.875517,4 -122.275213,37.875410,4</coordinates></LinearRing></outerBoundaryIs></Polygon></Placemark>
  <Placemark><name>ADU</name><styleUrl>#lab0</styleUrl><Region><LatLonAltBox><west>-122.275213</west><east>-122.275077</east><south>37.875410</south><north>37.875517</north></LatLonAltBox><Lod><minLodPixels>700</minLodPixels><maxLodPixels>-1</maxLodPixels></Lod></Region><Point><altitudeMode>relativeToGround</altitudeMode><coordinates>-122.275159,37.875453,4.0</coordinates></Point></Placemark>
  <Placemark><styleUrl>#poly0</styleUrl><Polygon><extrude>1</extrude><altitudeMode>relativeToGround</altitudeMode><outerBoundaryIs><LinearRing><coordinates>-122.270039,37.889010,4 -122.269902,37.889010,4 -122.269902,37.889118,4 -122.270039,37.889118,4 -122.270039,37.889010,4</coordinates></LinearRing></outerBoundaryIs></Polygon></Placemark>
  <Placemark><name>ADU</name><styleUrl>#lab0</styleUrl><Region><LatLonAltBox><west>-122.270039</west><east>-122.269902</east><south>37.889010</south><north>37.889118</north></LatLonAltBox><Lod><minLodPixels>700</minLodPixels><maxLodPixels>-1</maxLodPixels></Lod></Region><Point><altitudeMode>relativeToGround</altitudeMode><coordinates>-122.269984,37.889053,4.0</coordinates></Point></Placemark>
  <Placemark><styleUrl>#poly0</styleUrl><Polygon><extrude>1</extrude><altitudeMode>relativeToGround</altitudeMode><outerBoundaryIs><LinearRing><coordinates>-122.281953,37.857845,4 -122.281816,37.857845,4 -122.281816,37.857953,4 -122.281953,37.857953,4 -122.281953,37.857845,4</coordinates></LinearRing></outerBoundaryIs></Polygon></Placemark>
  <Placemark><name>ADU</name><styleUrl>#lab0</styleUrl><Region><LatLonAltBox><west>-122.281953</west><east>-122.281816</east><south>37.857845</south><north>37.857953</north></LatLonAltBox><Lod><minLodPixels>700</minLodPixels><maxLodPixels>-1</maxLodPixels></Lod></Region><Point><altitudeMode>relativeToGround</altitudeMode><coordinates>-122.281898,37.857888,4.0</coordinates></Point></Placemark>
  <Placemark><styleUrl>#poly0</styleUrl><Polygon><extrude>1</extrude><altitudeMode>relativeToGround</altitudeMode><outerBoundaryIs><LinearRing><coordinates>-122.246383,37.857687,4 -122.246246,37.857687,4 -122.246246,37.857795,4 -122.246383,37.857795,4 -122.246383,37.857687,4</coordinates></LinearRing></outerBoundaryIs></Polygon></Placemark>
  <Placemark><name>ADU</name><styleUrl>#lab0</styleUrl><Region><LatLonAltBox><west>-122.246383</west><east>-122.246246</east><south>37.857687</south><north>37.857795</north></LatLonAltBox><Lod><minLodPixels>700</minLodPixels><maxLodPixels>-1</maxLodPixels></Lod></Region><Point><altitudeMode>relativeToGround</altitudeMode><coordinates>-122.246328,37.857730,4.0</coordinates></Point></Placemark>
  <Placemark><styleUrl>#poly0</styleUrl><Polygon><extrude>1</extrude><altitudeMode>relativeToGround</altitudeMode><outerBoundaryIs><LinearRing><coordinates>-122.273005,37.884500,4 -122.272868,37.884500,4 -122.272868,37.884608,4 -122.273005,37.884608,4 -122.273005,37.884500,4</coordinates></LinearRing></outerBoundaryIs></Polygon></Placemark>
  <Placemark><name>ADU</name><styleUrl>#lab0</styleUrl><Region><LatLonAltBox><west>-122.273005</west><east>-122.272868</east><south>37.884500</south><north>37.884608</north></LatLonAltBox><Lod><minLodPixels>700</minLodPixels><maxLodPixels>-1</maxLodPixels></Lod></Region><Point><altitudeMode>relativeToGround</altitudeMode><coordinates>-122.272950,37.884543,4.0</coordinates></Point></Placemark>
  <Placemark><styleUrl>#poly0</styleUrl><Polygon><extrude>1</extrude><altitudeMode>relativeToGround</altitudeMode><outerBoundaryIs><LinearRing><coordinates>-122.276652,37.872196,4 -122.276515,37.872196,4 -122.276515,37.872304,4 -122.276652,37.872304,4 -122.276652,37.872196,4</coordinates></LinearRing></outerBoundaryIs></Polygon></Placemark>
  <Placemark><name>ADU</name><styleUrl>#lab0</styleUrl><Region><LatLonAltBox><west>-122.276652</west><east>-122.276515</east><south>37.872196</south><north>37.872304</north></LatLonAltBox><Lod><minLodPixels>700</minLodPixels><maxLodPixels>-1</maxLodPixels></Lod></Region><Point><altitudeMode>relativeToGround</altitudeMode><coordinates>-122.276597,37.872239,4.0</coordinates></Point></Placemark>
  <Placemark><styleUrl>#poly0</styleUrl><Polygon><extrude>1</extrude><altitudeMode>relativeToGround</altitudeMode><outerBoundaryIs><LinearRing><coordinates>-122.257128,37.862261,4 -122.256991,37.862261,4 -122.256991,37.862369,4 -122.257128,37.862369,4 -122.257128,37.862261,4</coordinates></LinearRing></outerBoundaryIs></Polygon></Placemark>
  <Placemark><name>ADU</name><styleUrl>#lab0</styleUrl><Region><LatLonAltBox><west>-122.257128</west><east>-122.256991</east><south>37.862261</south><north>37.862369</north></LatLonAltBox><Lod><minLodPixels>700</minLodPixels><maxLodPixels>-1</maxLodPixels></Lod></Region><Point><altitudeMode>relativeToGround</altitudeMode><coordinates>-122.257073,37.862304,4.0</coordinates></Point></Placemark>
  <Placemark><styleUrl>#poly0</styleUrl><Polygon><extrude>1</extrude><altitudeMode>relativeToGround</altitudeMode><outerBoundaryIs><LinearRing><coordinates>-122.291711,37.864575,4 -122.291574,37.864575,4 -122.291574,37.864683,4 -122.291711,37.864683,4 -122.291711,37.864575,4</coordinates></LinearRing></outerBoundaryIs></Polygon></Placemark>
  <Placemark><name>ADU</name><styleUrl>#lab0</styleUrl><Region><LatLonAltBox><west>-122.291711</west><east>-122.291574</east><south>37.864575</south><north>37.864683</north></LatLonAltBox><Lod><minLodPixels>700</minLodPixels><maxLodPixels>-1</maxLodPixels></Lod></Region><Point><altitudeMode>relativeToGround</altitudeMode><coordinates>-122.291656,37.864618,4.0</coordinates></Point></Placemark>
  <Placemark><styleUrl>#poly0</styleUrl><Polygon><extrude>1</extrude><altitudeMode>relativeToGround</altitudeMode><outerBoundaryIs><LinearRing><coordinates>-122.270468,37.855428,4 -122.270331,37.855428,4 -122.270331,37.855536,4 -122.270468,37.855536,4 -122.270468,37.855428,4</coordinates></LinearRing></outerBoundaryIs></Polygon></Placemark>
  <Placemark><name>ADU</name><styleUrl>#lab0</styleUrl><Region><LatLonAltBox><west>-122.270468</west><east>-122.270331</east><south>37.855428</south><north>37.855536</north></LatLonAltBox><Lod><minLodPixels>700</minLodPixels><maxLodPixels>-1</maxLodPixels></Lod></Region><Point><altitudeMode>relativeToGround</altitudeMode><coordinates>-122.270413,37.855471,4.0</coordinates></Point></Placemark>
  <Placemark><styleUrl>#poly0</styleUrl><Polygon><extrude>1</extrude><altitudeMode>relativeToGround</altitudeMode><outerBoundaryIs><LinearRing><coordinates>-122.268653,37.888234,4 -122.268517,37.888234,4 -122.268517,37.888342,4 -122.268653,37.888342,4 -122.268653,37.888234,4</coordinates></LinearRing></outerBoundaryIs></Polygon></Placemark>
  <Placemark><name>ADU</name><styleUrl>#lab0</styleUrl><Region><LatLonAltBox><west>-122.268653</west><east>-122.268517</east><south>37.888234</south><north>37.888342</north></LatLonAltBox><Lod><minLodPixels>700</minLodPixels><maxLodPixels>-1</maxLodPixels></Lod></Region><Point><altitudeMode>relativeToGround</altitudeMode><coordinates>-122.268599,37.888277,4.0</coordinates></Point></Placemark>
  <Placemark><styleUrl>#poly0</styleUrl><Polygon><extrude>1</extrude><altitudeMode>relativeToGround</altitudeMode><outerBoundaryIs><LinearRing><coordinates>-122.286660,37.879899,4 -122.286523,37.879899,4 -122.286523,37.880007,4 -122.286660,37.880007,4 -122.286660,37.879899,4</coordinates></LinearRing></outerBoundaryIs></Polygon></Placemark>
  <Placemark><name>ADU</name><styleUrl>#lab0</styleUrl><Region><LatLonAltBox><west>-122.286660</west><east>-122.286523</east><south>37.879899</south><north>37.880007</north></LatLonAltBox><Lod><minLodPixels>700</minLodPixels><maxLodPixels>-1</maxLodPixels></Lod></Region><Point><altitudeMode>relativeToGround</altitudeMode><coordinates>-122.286605,37.879942,4.0</coordinates></Point></Placemark>
  <Placemark><styleUrl>#poly0</styleUrl><Polygon><extrude>1</extrude><altitudeMode>relativeToGround</altitudeMode><outerBoundaryIs><LinearRing><coordinates>-122.254115,37.868439,4 -122.253978,37.868439,4 -122.253978,37.868547,4 -122.254115,37.868547,4 -122.254115,37.868439,4</coordinates></LinearRing></outerBoundaryIs></Polygon></Placemark>
  <Placemark><name>ADU</name><styleUrl>#lab0</styleUrl><Region><LatLonAltBox><west>-122.254115</west><east>-122.253978</east><south>37.868439</south><north>37.868547</north></LatLonAltBox><Lod><minLodPixels>700</minLodPixels><maxLodPixels>-1</maxLodPixels></Lod></Region><Point><altitudeMode>relativeToGround</altitudeMode><coordinates>-122.254060,37.868482,4.0</coordinates></Point></Placemark>
  <Placemark><styleUrl>#poly0</styleUrl><Polygon><extrude>1</extrude><altitudeMode>relativeToGround</altitudeMode><outerBoundaryIs><LinearRing><coordinates>-122.250631,37.863538,4 -122.250494,37.863538,4 -122.250494,37.863646,4 -122.250631,37.863646,4 -122.250631,37.863538,4</coordinates></LinearRing></outerBoundaryIs></Polygon></Placemark>
  <Placemark><name>ADU</name><styleUrl>#lab0</styleUrl><Region><LatLonAltBox><west>-122.250631</west><east>-122.250494</east><south>37.863538</south><north>37.863646</north></LatLonAltBox><Lod><minLodPixels>700</minLodPixels><maxLodPixels>-1</maxLodPixels></Lod></Region><Point><altitudeMode>relativeToGround</altitudeMode><coordinates>-122.250576,37.863581,4.0</coordinates></Point></Placemark>
  <Placemark><styleUrl>#poly0</styleUrl><Polygon><extrude>1</extrude><altitudeMode>relativeToGround</altitudeMode><outerBoundaryIs><LinearRing><coordinates>-122.274940,37.857710,4 -122.274804,37.857710,4 -122.274804,37.857818,4 -122.274940,37.857818,4 -122.274940,37.857710,4</coordinates></LinearRing></outerBoundaryIs></Polygon></Placemark>
  <Placemark><name>ADU</name><styleUrl>#lab0</styleUrl><Region><LatLonAltBox><west>-122.274940</west><east>-122.274804</east><south>37.857710</south><north>37.857818</north></LatLonAltBox><Lod><minLodPixels>700</minLodPixels><maxLodPixels>-1</maxLodPixels></Lod></Region><Point><altitudeMode>relativeToGround</altitudeMode><coordinates>-122.274886,37.857753,4.0</coordinates></Point></Placemark>
  <Placemark><styleUrl>#poly0</styleUrl><Polygon><extrude>1</extrude><altitudeMode>relativeToGround</altitudeMode><outerBoundaryIs><LinearRing><coordinates>-122.272843,37.876256,4 -122.272706,37.876256,4 -122.272706,37.876364,4 -122.272843,37.876364,4 -122.272843,37.876256,4</coordinates></LinearRing></outerBoundaryIs></Polygon></Placemark>
  <Placemark><name>ADU</name><styleUrl>#lab0</styleUrl><Region><LatLonAltBox><west>-122.272843</west><east>-122.272706</east><south>37.876256</south><north>37.876364</north></LatLonAltBox><Lod><minLodPixels>700</minLodPixels><maxLodPixels>-1</maxLodPixels></Lod></Region><Point><altitudeMode>relativeToGround</altitudeMode><coordinates>-122.272788,37.876299,4.0</coordinates></Point></Placemark>
  <Placemark><styleUrl>#poly0</styleUrl><Polygon><extrude>1</extrude><altitudeMode>relativeToGround</altitudeMode><outerBoundaryIs><LinearRing><coordinates>-122.269613,37.847779,4 -122.269476,37.847779,4 -122.269476,37.847886,4 -122.269613,37.847886,4 -122.269613,37.847779,4</coordinates></LinearRing></outerBoundaryIs></Polygon></Placemark>
  <Placemark><name>ADU</name><styleUrl>#lab0</styleUrl><Region><LatLonAltBox><west>-122.269613</west><east>-122.269476</east><south>37.847779</south><north>37.847886</north></LatLonAltBox><Lod><minLodPixels>700</minLodPixels><maxLodPixels>-1</maxLodPixels></Lod></Region><Point><altitudeMode>relativeToGround</altitudeMode><coordinates>-122.269558,37.847822,4.0</coordinates></Point></Placemark>
  <Placemark><styleUrl>#poly0</styleUrl><Polygon><extrude>1</extrude><altitudeMode>relativeToGround</altitudeMode><outerBoundaryIs><LinearRing><coordinates>-122.262969,37.886990,4 -122.262833,37.886990,4 -122.262833,37.887098,4 -122.262969,37.887098,4 -122.262969,37.886990,4</coordinates></LinearRing></outerBoundaryIs></Polygon></Placemark>
  <Placemark><name>ADU</name><styleUrl>#lab0</styleUrl><Region><LatLonAltBox><west>-122.262969</west><east>-122.262833</east><south>37.886990</south><north>37.887098</north></LatLonAltBox><Lod><minLodPixels>700</minLodPixels><maxLodPixels>-1</maxLodPixels></Lod></Region><Point><altitudeMode>relativeToGround</altitudeMode><coordinates>-122.262915,37.887033,4.0</coordinates></Point></Placemark>
  <Placemark><styleUrl>#poly0</styleUrl><Polygon><extrude>1</extrude><altitudeMode>relativeToGround</altitudeMode><outerBoundaryIs><LinearRing><coordinates>-122.281020,37.860089,4 -122.280883,37.860089,4 -122.280883,37.860197,4 -122.281020,37.860197,4 -122.281020,37.860089,4</coordinates></LinearRing></outerBoundaryIs></Polygon></Placemark>
  <Placemark><name>ADU</name><styleUrl>#lab0</styleUrl><Region><LatLonAltBox><west>-122.281020</west><east>-122.280883</east><south>37.860089</south><north>37.860197</north></LatLonAltBox><Lod><minLodPixels>700</minLodPixels><maxLodPixels>-1</maxLodPixels></Lod></Region><Point><altitudeMode>relativeToGround</altitudeMode><coordinates>-122.280965,37.860132,4.0</coordinates></Point></Placemark>
  <Placemark><styleUrl>#poly0</styleUrl><Polygon><extrude>1</extrude><altitudeMode>relativeToGround</altitudeMode><outerBoundaryIs><LinearRing><coordinates>-122.277536,37.863709,4 -122.277399,37.863709,4 -122.277399,37.863816,4 -122.277536,37.863816,4 -122.277536,37.863709,4</coordinates></LinearRing></outerBoundaryIs></Polygon></Placemark>
  <Placemark><name>ADU</name><styleUrl>#lab0</styleUrl><Region><LatLonAltBox><west>-122.277536</west><east>-122.277399</east><south>37.863709</south><north>37.863816</north></LatLonAltBox><Lod><minLodPixels>700</minLodPixels><maxLodPixels>-1</maxLodPixels></Lod></Region><Point><altitudeMode>relativeToGround</altitudeMode><coordinates>-122.277481,37.863752,4.0</coordinates></Point></Placemark>
  <Placemark><styleUrl>#poly0</styleUrl><Polygon><extrude>1</extrude><altitudeMode>relativeToGround</altitudeMode><outerBoundaryIs><LinearRing><coordinates>-122.282507,37.862902,4 -122.282370,37.862902,4 -122.282370,37.863010,4 -122.282507,37.863010,4 -122.282507,37.862902,4</coordinates></LinearRing></outerBoundaryIs></Polygon></Placemark>
  <Placemark><name>ADU</name><styleUrl>#lab0</styleUrl><Region><LatLonAltBox><west>-122.282507</west><east>-122.282370</east><south>37.862902</south><north>37.863010</north></LatLonAltBox><Lod><minLodPixels>700</minLodPixels><maxLodPixels>-1</maxLodPixels></Lod></Region><Point><altitudeMode>relativeToGround</altitudeMode><coordinates>-122.282452,37.862945,4.0</coordinates></Point></Placemark>
  <Placemark><styleUrl>#poly0</styleUrl><Polygon><extrude>1</extrude><altitudeMode>relativeToGround</altitudeMode><outerBoundaryIs><LinearRing><coordinates>-122.291673,37.882497,4 -122.291537,37.882497,4 -122.291537,37.882605,4 -122.291673,37.882605,4 -122.291673,37.882497,4</coordinates></LinearRing></outerBoundaryIs></Polygon></Placemark>
  <Placemark><name>ADU</name><styleUrl>#lab0</styleUrl><Region><LatLonAltBox><west>-122.291673</west><east>-122.291537</east><south>37.882497</south><north>37.882605</north></LatLonAltBox><Lod><minLodPixels>700</minLodPixels><maxLodPixels>-1</maxLodPixels></Lod></Region><Point><altitudeMode>relativeToGround</altitudeMode><coordinates>-122.291619,37.882540,4.0</coordinates></Point></Placemark>
  <Placemark><styleUrl>#poly0</styleUrl><Polygon><extrude>1</extrude><altitudeMode>relativeToGround</altitudeMode><outerBoundaryIs><LinearRing><coordinates>-122.278444,37.865489,4 -122.278307,37.865489,4 -122.278307,37.865596,4 -122.278444,37.865596,4 -122.278444,37.865489,4</coordinates></LinearRing></outerBoundaryIs></Polygon></Placemark>
  <Placemark><name>ADU</name><styleUrl>#lab0</styleUrl><Region><LatLonAltBox><west>-122.278444</west><east>-122.278307</east><south>37.865489</south><north>37.865596</north></LatLonAltBox><Lod><minLodPixels>700</minLodPixels><maxLodPixels>-1</maxLodPixels></Lod></Region><Point><altitudeMode>relativeToGround</altitudeMode><coordinates>-122.278389,37.865532,4.0</coordinates></Point></Placemark>
  <Placemark><styleUrl>#poly0</styleUrl><Polygon><extrude>1</extrude><altitudeMode>relativeToGround</altitudeMode><outerBoundaryIs><LinearRing><coordinates>-122.275607,37.886751,4 -122.275470,37.886751,4 -122.275470,37.886859,4 -122.275607,37.886859,4 -122.275607,37.886751,4</coordinates></LinearRing></outerBoundaryIs></Polygon></Placemark>
  <Placemark><name>ADU</name><styleUrl>#lab0</styleUrl><Region><LatLonAltBox><west>-122.275607</west><east>-122.275470</east><south>37.886751</south><north>37.886859</north></LatLonAltBox><Lod><minLodPixels>700</minLodPixels><maxLodPixels>-1</maxLodPixels></Lod></Region><Point><altitudeMode>relativeToGround</altitudeMode><coordinates>-122.275552,37.886794,4.0</coordinates></Point></Placemark>
  <Placemark><styleUrl>#poly0</styleUrl><Polygon><extrude>1</extrude><altitudeMode>relativeToGround</altitudeMode><outerBoundaryIs><LinearRing><coordinates>-122.284621,37.867758,4 -122.284484,37.867758,4 -122.284484,37.867866,4 -122.284621,37.867866,4 -122.284621,37.867758,4</coordinates></LinearRing></outerBoundaryIs></Polygon></Placemark>
  <Placemark><name>ADU</name><styleUrl>#lab0</styleUrl><Region><LatLonAltBox><west>-122.284621</west><east>-122.284484</east><south>37.867758</south><north>37.867866</north></LatLonAltBox><Lod><minLodPixels>700</minLodPixels><maxLodPixels>-1</maxLodPixels></Lod></Region><Point><altitudeMode>relativeToGround</altitudeMode><coordinates>-122.284566,37.867801,4.0</coordinates></Point></Placemark>
  <Placemark><styleUrl>#poly0</styleUrl><Polygon><extrude>1</extrude><altitudeMode>relativeToGround</altitudeMode><outerBoundaryIs><LinearRing><coordinates>-122.279543,37.864693,4 -122.279406,37.864693,4 -122.279406,37.864800,4 -122.279543,37.864800,4 -122.279543,37.864693,4</coordinates></LinearRing></outerBoundaryIs></Polygon></Placemark>
  <Placemark><name>ADU</name><styleUrl>#lab0</styleUrl><Region><LatLonAltBox><west>-122.279543</west><east>-122.279406</east><south>37.864693</south><north>37.864800</north></LatLonAltBox><Lod><minLodPixels>700</minLodPixels><maxLodPixels>-1</maxLodPixels></Lod></Region><Point><altitudeMode>relativeToGround</altitudeMode><coordinates>-122.279488,37.864736,4.0</coordinates></Point></Placemark>
  <Placemark><styleUrl>#poly0</styleUrl><Polygon><extrude>1</extrude><altitudeMode>relativeToGround</altitudeMode><outerBoundaryIs><LinearRing><coordinates>-122.287864,37.857936,4 -122.287727,37.857936,4 -122.287727,37.858044,4 -122.287864,37.858044,4 -122.287864,37.857936,4</coordinates></LinearRing></outerBoundaryIs></Polygon></Placemark>
  <Placemark><name>ADU</name><styleUrl>#lab0</styleUrl><Region><LatLonAltBox><west>-122.287864</west><east>-122.287727</east><south>37.857936</south><north>37.858044</north></LatLonAltBox><Lod><minLodPixels>700</minLodPixels><maxLodPixels>-1</maxLodPixels></Lod></Region><Point><altitudeMode>relativeToGround</altitudeMode><coordinates>-122.287809,37.857979,4.0</coordinates></Point></Placemark>
  <Placemark><styleUrl>#poly0</styleUrl><Polygon><extrude>1</extrude><altitudeMode>relativeToGround</altitudeMode><outerBoundaryIs><LinearRing><coordinates>-122.285985,37.893247,4 -122.285848,37.893247,4 -122.285848,37.893355,4 -122.285985,37.893355,4 -122.285985,37.893247,4</coordinates></LinearRing></outerBoundaryIs></Polygon></Placemark>
  <Placemark><name>ADU</name><styleUrl>#lab0</styleUrl><Region><LatLonAltBox><west>-122.285985</west><east>-122.285848</east><south>37.893247</south><north>37.893355</north></LatLonAltBox><Lod><minLodPixels>700</minLodPixels><maxLodPixels>-1</maxLodPixels></Lod></Region><Point><altitudeMode>relativeToGround</altitudeMode><coordinates>-122.285930,37.893290,4.0</coordinates></Point></Placemark>
  <Placemark><styleUrl>#poly0</styleUrl><Polygon><extrude>1</extrude><altitudeMode>relativeToGround</altitudeMode><outerBoundaryIs><LinearRing><coordinates>-122.272466,37.882743,4 -122.272330,37.882743,4 -122.272330,37.882851,4 -122.272466,37.882851,4 -122.272466,37.882743,4</coordinates></LinearRing></outerBoundaryIs></Polygon></Placemark>
  <Placemark><name>ADU</name><styleUrl>#lab0</styleUrl><Region><LatLonAltBox><west>-122.272466</west><east>-122.272330</east><south>37.882743</south><north>37.882851</north></LatLonAltBox><Lod><minLodPixels>700</minLodPixels><maxLodPixels>-1</maxLodPixels></Lod></Region><Point><altitudeMode>relativeToGround</altitudeMode><coordinates>-122.272412,37.882786,4.0</coordinates></Point></Placemark>
  <Placemark><styleUrl>#poly0</styleUrl><Polygon><extrude>1</extrude><altitudeMode>relativeToGround</altitudeMode><outerBoundaryIs><LinearRing><coordinates>-122.274611,37.882138,4 -122.274475,37.882138,4 -122.274475,37.882245,4 -122.274611,37.882245,4 -122.274611,37.882138,4</coordinates></LinearRing></outerBoundaryIs></Polygon></Placemark>
  <Placemark><name>ADU</name><styleUrl>#lab0</styleUrl><Region><LatLonAltBox><west>-122.274611</west><east>-122.274475</east><south>37.882138</south><north>37.882245</north></LatLonAltBox><Lod><minLodPixels>700</minLodPixels><maxLodPixels>-1</maxLodPixels></Lod></Region><Point><altitudeMode>relativeToGround</altitudeMode><coordinates>-122.274557,37.882181,4.0</coordinates></Point></Placemark>
  <Placemark><styleUrl>#poly0</styleUrl><Polygon><extrude>1</extrude><altitudeMode>relativeToGround</altitudeMode><outerBoundaryIs><LinearRing><coordinates>-122.263740,37.886109,4 -122.263603,37.886109,4 -122.263603,37.886217,4 -122.263740,37.886217,4 -122.263740,37.886109,4</coordinates></LinearRing></outerBoundaryIs></Polygon></Placemark>
  <Placemark><name>ADU</name><styleUrl>#lab0</styleUrl><Region><LatLonAltBox><west>-122.263740</west><east>-122.263603</east><south>37.886109</south><north>37.886217</north></LatLonAltBox><Lod><minLodPixels>700</minLodPixels><maxLodPixels>-1</maxLodPixels></Lod></Region><Point><altitudeMode>relativeToGround</altitudeMode><coordinates>-122.263685,37.886152,4.0</coordinates></Point></Placemark>
  <Placemark><styleUrl>#poly0</styleUrl><Polygon><extrude>1</extrude><altitudeMode>relativeToGround</altitudeMode><outerBoundaryIs><LinearRing><coordinates>-122.278297,37.863880,4 -122.278161,37.863880,4 -122.278161,37.863988,4 -122.278297,37.863988,4 -122.278297,37.863880,4</coordinates></LinearRing></outerBoundaryIs></Polygon></Placemark>
  <Placemark><name>ADU</name><styleUrl>#lab0</styleUrl><Region><LatLonAltBox><west>-122.278297</west><east>-122.278161</east><south>37.863880</south><north>37.863988</north></LatLonAltBox><Lod><minLodPixels>700</minLodPixels><maxLodPixels>-1</maxLodPixels></Lod></Region><Point><altitudeMode>relativeToGround</altitudeMode><coordinates>-122.278243,37.863923,4.0</coordinates></Point></Placemark>
  <Placemark><styleUrl>#poly0</styleUrl><Polygon><extrude>1</extrude><altitudeMode>relativeToGround</altitudeMode><outerBoundaryIs><LinearRing><coordinates>-122.266949,37.851966,4 -122.266812,37.851966,4 -122.266812,37.852074,4 -122.266949,37.852074,4 -122.266949,37.851966,4</coordinates></LinearRing></outerBoundaryIs></Polygon></Placemark>
  <Placemark><name>ADU</name><styleUrl>#lab0</styleUrl><Region><LatLonAltBox><west>-122.266949</west><east>-122.266812</east><south>37.851966</south><north>37.852074</north></LatLonAltBox><Lod><minLodPixels>700</minLodPixels><maxLodPixels>-1</maxLodPixels></Lod></Region><Point><altitudeMode>relativeToGround</altitudeMode><coordinates>-122.266894,37.852009,4.0</coordinates></Point></Placemark>
  <Placemark><styleUrl>#poly0</styleUrl><Polygon><extrude>1</extrude><altitudeMode>relativeToGround</altitudeMode><outerBoundaryIs><LinearRing><coordinates>-122.274623,37.851334,4 -122.274487,37.851334,4 -122.274487,37.851442,4 -122.274623,37.851442,4 -122.274623,37.851334,4</coordinates></LinearRing></outerBoundaryIs></Polygon></Placemark>
  <Placemark><name>ADU</name><styleUrl>#lab0</styleUrl><Region><LatLonAltBox><west>-122.274623</west><east>-122.274487</east><south>37.851334</south><north>37.851442</north></LatLonAltBox><Lod><minLodPixels>700</minLodPixels><maxLodPixels>-1</maxLodPixels></Lod></Region><Point><altitudeMode>relativeToGround</altitudeMode><coordinates>-122.274569,37.851377,4.0</coordinates></Point></Placemark>
  <Placemark><styleUrl>#poly0</styleUrl><Polygon><extrude>1</extrude><altitudeMode>relativeToGround</altitudeMode><outerBoundaryIs><LinearRing><coordinates>-122.287270,37.859799,4 -122.287133,37.859799,4 -122.287133,37.859907,4 -122.287270,37.859907,4 -122.287270,37.859799,4</coordinates></LinearRing></outerBoundaryIs></Polygon></Placemark>
  <Placemark><name>ADU</name><styleUrl>#lab0</styleUrl><Region><LatLonAltBox><west>-122.287270</west><east>-122.287133</east><south>37.859799</south><north>37.859907</north></LatLonAltBox><Lod><minLodPixels>700</minLodPixels><maxLodPixels>-1</maxLodPixels></Lod></Region><Point><altitudeMode>relativeToGround</altitudeMode><coordinates>-122.287215,37.859842,4.0</coordinates></Point></Placemark>
  <Placemark><styleUrl>#poly0</styleUrl><Polygon><extrude>1</extrude><altitudeMode>relativeToGround</altitudeMode><outerBoundaryIs><LinearRing><coordinates>-122.250054,37.853872,4 -122.249918,37.853872,4 -122.249918,37.853980,4 -122.250054,37.853980,4 -122.250054,37.853872,4</coordinates></LinearRing></outerBoundaryIs></Polygon></Placemark>
  <Placemark><name>ADU</name><styleUrl>#lab0</styleUrl><Region><LatLonAltBox><west>-122.250054</west><east>-122.249918</east><south>37.853872</south><north>37.853980</north></LatLonAltBox><Lod><minLodPixels>700</minLodPixels><maxLodPixels>-1</maxLodPixels></Lod></Region><Point><altitudeMode>relativeToGround</altitudeMode><coordinates>-122.250000,37.853915,4.0</coordinates></Point></Placemark>
  <Placemark><styleUrl>#poly0</styleUrl><Polygon><extrude>1</extrude><altitudeMode>relativeToGround</altitudeMode><outerBoundaryIs><LinearRing><coordinates>-122.281395,37.851712,4 -122.281259,37.851712,4 -122.281259,37.851820,4 -122.281395,37.851820,4 -122.281395,37.851712,4</coordinates></LinearRing></outerBoundaryIs></Polygon></Placemark>
  <Placemark><name>ADU</name><styleUrl>#lab0</styleUrl><Region><LatLonAltBox><west>-122.281395</west><east>-122.281259</east><south>37.851712</south><north>37.851820</north></LatLonAltBox><Lod><minLodPixels>700</minLodPixels><maxLodPixels>-1</maxLodPixels></Lod></Region><Point><altitudeMode>relativeToGround</altitudeMode><coordinates>-122.281341,37.851755,4.0</coordinates></Point></Placemark>
  <Placemark><styleUrl>#poly0</styleUrl><Polygon><extrude>1</extrude><altitudeMode>relativeToGround</altitudeMode><outerBoundaryIs><LinearRing><coordinates>-122.264885,37.859354,4 -122.264748,37.859354,4 -122.264748,37.859462,4 -122.264885,37.859462,4 -122.264885,37.859354,4</coordinates></LinearRing></outerBoundaryIs></Polygon></Placemark>
  <Placemark><name>ADU</name><styleUrl>#lab0</styleUrl><Region><LatLonAltBox><west>-122.264885</west><east>-122.264748</east><south>37.859354</south><north>37.859462</north></LatLonAltBox><Lod><minLodPixels>700</minLodPixels><maxLodPixels>-1</maxLodPixels></Lod></Region><Point><altitudeMode>relativeToGround</altitudeMode><coordinates>-122.264830,37.859397,4.0</coordinates></Point></Placemark>
  <Placemark><styleUrl>#poly0</styleUrl><Polygon><extrude>1</extrude><altitudeMode>relativeToGround</altitudeMode><outerBoundaryIs><LinearRing><coordinates>-122.286856,37.860261,4 -122.286720,37.860261,4 -122.286720,37.860369,4 -122.286856,37.860369,4 -122.286856,37.860261,4</coordinates></LinearRing></outerBoundaryIs></Polygon></Placemark>
  <Placemark><name>ADU</name><styleUrl>#lab0</styleUrl><Region><LatLonAltBox><west>-122.286856</west><east>-122.286720</east><south>37.860261</south><north>37.860369</north></LatLonAltBox><Lod><minLodPixels>700</minLodPixels><maxLodPixels>-1</maxLodPixels></Lod></Region><Point><altitudeMode>relativeToGround</altitudeMode><coordinates>-122.286802,37.860304,4.0</coordinates></Point></Placemark>
  <Placemark><styleUrl>#poly0</styleUrl><Polygon><extrude>1</extrude><altitudeMode>relativeToGround</altitudeMode><outerBoundaryIs><LinearRing><coordinates>-122.281633,37.849962,4 -122.281497,37.849962,4 -122.281497,37.850069,4 -122.281633,37.850069,4 -122.281633,37.849962,4</coordinates></LinearRing></outerBoundaryIs></Polygon></Placemark>
  <Placemark><name>ADU</name><styleUrl>#lab0</styleUrl><Region><LatLonAltBox><west>-122.281633</west><east>-122.281497</east><south>37.849962</south><north>37.850069</north></LatLonAltBox><Lod><minLodPixels>700</minLodPixels><maxLodPixels>-1</maxLodPixels></Lod></Region><Point><altitudeMode>relativeToGround</altitudeMode><coordinates>-122.281579,37.850005,4.0</coordinates></Point></Placemark>
  <Placemark><styleUrl>#poly0</styleUrl><Polygon><extrude>1</extrude><altitudeMode>relativeToGround</altitudeMode><outerBoundaryIs><LinearRing><coordinates>-122.279649,37.861993,4 -122.279512,37.861993,4 -122.279512,37.862101,4 -122.279649,37.862101,4 -122.279649,37.861993,4</coordinates></LinearRing></outerBoundaryIs></Polygon></Placemark>
  <Placemark><name>ADU</name><styleUrl>#lab0</styleUrl><Region><LatLonAltBox><west>-122.279649</west><east>-122.279512</east><south>37.861993</south><north>37.862101</north></LatLonAltBox><Lod><minLodPixels>700</minLodPixels><maxLodPixels>-1</maxLodPixels></Lod></Region><Point><altitudeMode>relativeToGround</altitudeMode><coordinates>-122.279594,37.862036,4.0</coordinates></Point></Placemark>
  <Placemark><styleUrl>#poly0</styleUrl><Polygon><extrude>1</extrude><altitudeMode>relativeToGround</altitudeMode><outerBoundaryIs><LinearRing><coordinates>-122.249784,37.884626,4 -122.249647,37.884626,4 -122.249647,37.884734,4 -122.249784,37.884734,4 -122.249784,37.884626,4</coordinates></LinearRing></outerBoundaryIs></Polygon></Placemark>
  <Placemark><name>ADU</name><styleUrl>#lab0</styleUrl><Region><LatLonAltBox><west>-122.249784</west><east>-122.249647</east><south>37.884626</south><north>37.884734</north></LatLonAltBox><Lod><minLodPixels>700</minLodPixels><maxLodPixels>-1</maxLodPixels></Lod></Region><Point><altitudeMode>relativeToGround</altitudeMode><coordinates>-122.249729,37.884669,4.0</coordinates></Point></Placemark>
  <Placemark><styleUrl>#poly0</styleUrl><Polygon><extrude>1</extrude><altitudeMode>relativeToGround</altitudeMode><outerBoundaryIs><LinearRing><coordinates>-122.253014,37.888465,4 -122.252877,37.888465,4 -122.252877,37.888573,4 -122.253014,37.888573,4 -122.253014,37.888465,4</coordinates></LinearRing></outerBoundaryIs></Polygon></Placemark>
  <Placemark><name>ADU</name><styleUrl>#lab0</styleUrl><Region><LatLonAltBox><west>-122.253014</west><east>-122.252877</east><south>37.888465</south><north>37.888573</north></LatLonAltBox><Lod><minLodPixels>700</minLodPixels><maxLodPixels>-1</maxLodPixels></Lod></Region><Point><altitudeMode>relativeToGround</altitudeMode><coordinates>-122.252959,37.888508,4.0</coordinates></Point></Placemark>
  <Placemark><styleUrl>#poly0</styleUrl><Polygon><extrude>1</extrude><altitudeMode>relativeToGround</altitudeMode><outerBoundaryIs><LinearRing><coordinates>-122.289028,37.854320,4 -122.288891,37.854320,4 -122.288891,37.854428,4 -122.289028,37.854428,4 -122.289028,37.854320,4</coordinates></LinearRing></outerBoundaryIs></Polygon></Placemark>
  <Placemark><name>ADU</name><styleUrl>#lab0</styleUrl><Region><LatLonAltBox><west>-122.289028</west><east>-122.288891</east><south>37.854320</south><north>37.854428</north></LatLonAltBox><Lod><minLodPixels>700</minLodPixels><maxLodPixels>-1</maxLodPixels></Lod></Region><Point><altitudeMode>relativeToGround</altitudeMode><coordinates>-122.288973,37.854363,4.0</coordinates></Point></Placemark>
  <Placemark><styleUrl>#poly0</styleUrl><Polygon><extrude>1</extrude><altitudeMode>relativeToGround</altitudeMode><outerBoundaryIs><LinearRing><coordinates>-122.297678,37.875445,4 -122.297541,37.875445,4 -122.297541,37.875553,4 -122.297678,37.875553,4 -122.297678,37.875445,4</coordinates></LinearRing></outerBoundaryIs></Polygon></Placemark>
  <Placemark><name>ADU</name><styleUrl>#lab0</styleUrl><Region><LatLonAltBox><west>-122.297678</west><east>-122.297541</east><south>37.875445</south><north>37.875553</north></LatLonAltBox><Lod><minLodPixels>700</minLodPixels><maxLodPixels>-1</maxLodPixels></Lod></Region><Point><altitudeMode>relativeToGround</altitudeMode><coordinates>-122.297623,37.875488,4.0</coordinates></Point></Placemark>
  <Placemark><styleUrl>#poly0</styleUrl><Polygon><extrude>1</extrude><altitudeMode>relativeToGround</altitudeMode><outerBoundaryIs><LinearRing><coordinates>-122.254714,37.890040,4 -122.254578,37.890040,4 -122.254578,37.890148,4 -122.254714,37.890148,4 -122.254714,37.890040,4</coordinates></LinearRing></outerBoundaryIs></Polygon></Placemark>
  <Placemark><name>ADU</name><styleUrl>#lab0</styleUrl><Region><LatLonAltBox><west>-122.254714</west><east>-122.254578</east><south>37.890040</south><north>37.890148</north></LatLonAltBox><Lod><minLodPixels>700</minLodPixels><maxLodPixels>-1</maxLodPixels></Lod></Region><Point><altitudeMode>relativeToGround</altitudeMode><coordinates>-122.254660,37.890083,4.0</coordinates></Point></Placemark>
  <Placemark><styleUrl>#poly0</styleUrl><Polygon><extrude>1</extrude><altitudeMode>relativeToGround</altitudeMode><outerBoundaryIs><LinearRing><coordinates>-122.271804,37.851168,4 -122.271668,37.851168,4 -122.271668,37.851276,4 -122.271804,37.851276,4 -122.271804,37.851168,4</coordinates></LinearRing></outerBoundaryIs></Polygon></Placemark>
  <Placemark><name>ADU</name><styleUrl>#lab0</styleUrl><Region><LatLonAltBox><west>-122.271804</west><east>-122.271668</east><south>37.851168</south><north>37.851276</north></LatLonAltBox><Lod><minLodPixels>700</minLodPixels><maxLodPixels>-1</maxLodPixels></Lod></Region><Point><altitudeMode>relativeToGround</altitudeMode><coordinates>-122.271750,37.851211,4.0</coordinates></Point></Placemark>
  <Placemark><styleUrl>#poly0</styleUrl><Polygon><extrude>1</extrude><altitudeMode>relativeToGround</altitudeMode><outerBoundaryIs><LinearRing><coordinates>-122.252576,37.855292,4 -122.252440,37.855292,4 -122.252440,37.855399,4 -122.252576,37.855399,4 -122.252576,37.855292,4</coordinates></LinearRing></outerBoundaryIs></Polygon></Placemark>
  <Placemark><name>ADU</name><styleUrl>#lab0</styleUrl><Region><LatLonAltBox><west>-122.252576</west><east>-122.252440</east><south>37.855292</south><north>37.855399</north></LatLonAltBox><Lod><minLodPixels>700</minLodPixels><maxLodPixels>-1</maxLodPixels></Lod></Region><Point><altitudeMode>relativeToGround</altitudeMode><coordinates>-122.252522,37.855335,4.0</coordinates></Point></Placemark>
  <Placemark><styleUrl>#poly0</styleUrl><Polygon><extrude>1</extrude><altitudeMode>relativeToGround</altitudeMode><outerBoundaryIs><LinearRing><coordinates>-122.276045,37.852402,4 -122.275908,37.852402,4 -122.275908,37.852509,4 -122.276045,37.852509,4 -122.276045,37.852402,4</coordinates></LinearRing></outerBoundaryIs></Polygon></Placemark>
  <Placemark><name>ADU</name><styleUrl>#lab0</styleUrl><Region><LatLonAltBox><west>-122.276045</west><east>-122.275908</east><south>37.852402</south><north>37.852509</north></LatLonAltBox><Lod><minLodPixels>700</minLodPixels><maxLodPixels>-1</maxLodPixels></Lod></Region><Point><altitudeMode>relativeToGround</altitudeMode><coordinates>-122.275990,37.852445,4.0</coordinates></Point></Placemark>
  <Placemark><styleUrl>#poly0</styleUrl><Polygon><extrude>1</extrude><altitudeMode>relativeToGround</altitudeMode><outerBoundaryIs><LinearRing><coordinates>-122.268754,37.867086,4 -122.268618,37.867086,4 -122.268618,37.867194,4 -122.268754,37.867194,4 -122.268754,37.867086,4</coordinates></LinearRing></outerBoundaryIs></Polygon></Placemark>
  <Placemark><name>ADU</name><styleUrl>#lab0</styleUrl><Region><LatLonAltBox><west>-122.268754</west><east>-122.268618</east><south>37.867086</south><north>37.867194</north></LatLonAltBox><Lod><minLodPixels>700</minLodPixels><maxLodPixels>-1</maxLodPixels></Lod></Region><Point><altitudeMode>relativeToGround</altitudeMode><coordinates>-122.268700,37.867129,4.0</coordinates></Point></Placemark>
  <Placemark><styleUrl>#poly0</styleUrl><Polygon><extrude>1</extrude><altitudeMode>relativeToGround</altitudeMode><outerBoundaryIs><LinearRing><coordinates>-122.265221,37.866283,4 -122.265084,37.866283,4 -122.265084,37.866391,4 -122.265221,37.866391,4 -122.265221,37.866283,4</coordinates></LinearRing></outerBoundaryIs></Polygon></Placemark>
  <Placemark><name>ADU</name><styleUrl>#lab0</styleUrl><Region><LatLonAltBox><west>-122.265221</west><east>-122.265084</east><south>37.866283</south><north>37.866391</north></LatLonAltBox><Lod><minLodPixels>700</minLodPixels><maxLodPixels>-1</maxLodPixels></Lod></Region><Point><altitudeMode>relativeToGround</altitudeMode><coordinates>-122.265166,37.866326,4.0</coordinates></Point></Placemark>
  <Placemark><styleUrl>#poly0</styleUrl><Polygon><extrude>1</extrude><altitudeMode>relativeToGround</altitudeMode><outerBoundaryIs><LinearRing><coordinates>-122.285195,37.853007,4 -122.285059,37.853007,4 -122.285059,37.853115,4 -122.285195,37.853115,4 -122.285195,37.853007,4</coordinates></LinearRing></outerBoundaryIs></Polygon></Placemark>
  <Placemark><name>ADU</name><styleUrl>#lab0</styleUrl><Region><LatLonAltBox><west>-122.285195</west><east>-122.285059</east><south>37.853007</south><north>37.853115</north></LatLonAltBox><Lod><minLodPixels>700</minLodPixels><maxLodPixels>-1</maxLodPixels></Lod></Region><Point><altitudeMode>relativeToGround</altitudeMode><coordinates>-122.285141,37.853050,4.0</coordinates></Point></Placemark>
  <Placemark><styleUrl>#poly0</styleUrl><Polygon><extrude>1</extrude><altitudeMode>relativeToGround</altitudeMode><outerBoundaryIs><LinearRing><coordinates>-122.282415,37.855367,4 -122.282279,37.855367,4 -122.282279,37.855474,4 -122.282415,37.855474,4 -122.282415,37.855367,4</coordinates></LinearRing></outerBoundaryIs></Polygon></Placemark>
  <Placemark><name>ADU</name><styleUrl>#lab0</styleUrl><Region><LatLonAltBox><west>-122.282415</west><east>-122.282279</east><south>37.855367</south><north>37.855474</north></LatLonAltBox><Lod><minLodPixels>700</minLodPixels><maxLodPixels>-1</maxLodPixels></Lod></Region><Point><altitudeMode>relativeToGround</altitudeMode><coordinates>-122.282361,37.855410,4.0</coordinates></Point></Placemark>
  <Placemark><styleUrl>#poly0</styleUrl><Polygon><extrude>1</extrude><altitudeMode>relativeToGround</altitudeMode><outerBoundaryIs><LinearRing><coordinates>-122.272016,37.855303,4 -122.271879,37.855303,4 -122.271879,37.855411,4 -122.272016,37.855411,4 -122.272016,37.855303,4</coordinates></LinearRing></outerBoundaryIs></Polygon></Placemark>
  <Placemark><name>ADU</name><styleUrl>#lab0</styleUrl><Region><LatLonAltBox><west>-122.272016</west><east>-122.271879</east><south>37.855303</south><north>37.855411</north></LatLonAltBox><Lod><minLodPixels>700</minLodPixels><maxLodPixels>-1</maxLodPixels></Lod></Region><Point><altitudeMode>relativeToGround</altitudeMode><coordinates>-122.271961,37.855346,4.0</coordinates></Point></Placemark>
  <Placemark><styleUrl>#poly0</styleUrl><Polygon><extrude>1</extrude><altitudeMode>relativeToGround</altitudeMode><outerBoundaryIs><LinearRing><coordinates>-122.270654,37.897262,4 -122.270518,37.897262,4 -122.270518,37.897369,4 -122.270654,37.897369,4 -122.270654,37.897262,4</coordinates></LinearRing></outerBoundaryIs></Polygon></Placemark>
  <Placemark><name>ADU</name><styleUrl>#lab0</styleUrl><Region><LatLonAltBox><west>-122.270654</west><east>-122.270518</east><south>37.897262</south><north>37.897369</north></LatLonAltBox><Lod><minLodPixels>700</minLodPixels><maxLodPixels>-1</maxLodPixels></Lod></Region><Point><altitudeMode>relativeToGround</altitudeMode><coordinates>-122.270600,37.897305,4.0</coordinates></Point></Placemark>
  <Placemark><styleUrl>#poly0</styleUrl><Polygon><extrude>1</extrude><altitudeMode>relativeToGround</altitudeMode><outerBoundaryIs><LinearRing><coordinates>-122.262937,37.858670,4 -122.262800,37.858670,4 -122.262800,37.858778,4 -122.262937,37.858778,4 -122.262937,37.858670,4</coordinates></LinearRing></outerBoundaryIs></Polygon></Placemark>
  <Placemark><name>ADU</name><styleUrl>#lab0</styleUrl><Region><LatLonAltBox><west>-122.262937</west><east>-122.262800</east><south>37.858670</south><north>37.858778</north></LatLonAltBox><Lod><minLodPixels>700</minLodPixels><maxLodPixels>-1</maxLodPixels></Lod></Region><Point><altitudeMode>relativeToGround</altitudeMode><coordinates>-122.262882,37.858713,4.0</coordinates></Point></Placemark>
  <Placemark><styleUrl>#poly0</styleUrl><Polygon><extrude>1</extrude><altitudeMode>relativeToGround</altitudeMode><outerBoundaryIs><LinearRing><coordinates>-122.274686,37.892159,4 -122.274550,37.892159,4 -122.274550,37.892266,4 -122.274686,37.892266,4 -122.274686,37.892159,4</coordinates></LinearRing></outerBoundaryIs></Polygon></Placemark>
  <Placemark><name>ADU</name><styleUrl>#lab0</styleUrl><Region><LatLonAltBox><west>-122.274686</west><east>-122.274550</east><south>37.892159</south><north>37.892266</north></LatLonAltBox><Lod><minLodPixels>700</minLodPixels><maxLodPixels>-1</maxLodPixels></Lod></Region><Point><altitudeMode>relativeToGround</altitudeMode><coordinates>-122.274632,37.892202,4.0</coordinates></Point></Placemark>
  <Placemark><styleUrl>#poly0</styleUrl><Polygon><extrude>1</extrude><altitudeMode>relativeToGround</altitudeMode><outerBoundaryIs><LinearRing><coordinates>-122.273007,37.887287,4 -122.272871,37.887287,4 -122.272871,37.887395,4 -122.273007,37.887395,4 -122.273007,37.887287,4</coordinates></LinearRing></outerBoundaryIs></Polygon></Placemark>
  <Placemark><name>ADU</name><styleUrl>#lab0</styleUrl><Region><LatLonAltBox><west>-122.273007</west><east>-122.272871</east><south>37.887287</south><north>37.887395</north></LatLonAltBox><Lod><minLodPixels>700</minLodPixels><maxLodPixels>-1</maxLodPixels></Lod></Region><Point><altitudeMode>relativeToGround</altitudeMode><coordinates>-122.272953,37.887330,4.0</coordinates></Point></Placemark>
  <Placemark><styleUrl>#poly0</styleUrl><Polygon><extrude>1</extrude><altitudeMode>relativeToGround</altitudeMode><outerBoundaryIs><LinearRing><coordinates>-122.276714,37.850503,4 -122.276578,37.850503,4 -122.276578,37.850611,4 -122.276714,37.850611,4 -122.276714,37.850503,4</coordinates></LinearRing></outerBoundaryIs></Polygon></Placemark>
  <Placemark><name>ADU</name><styleUrl>#lab0</styleUrl><Region><LatLonAltBox><west>-122.276714</west><east>-122.276578</east><south>37.850503</south><north>37.850611</north></LatLonAltBox><Lod><minLodPixels>700</minLodPixels><maxLodPixels>-1</maxLodPixels></Lod></Region><Point><altitudeMode>relativeToGround</altitudeMode><coordinates>-122.276660,37.850546,4.0</coordinates></Point></Placemark>
  <Placemark><styleUrl>#poly0</styleUrl><Polygon><extrude>1</extrude><altitudeMode>relativeToGround</altitudeMode><outerBoundaryIs><LinearRing><coordinates>-122.276830,37.876605,4 -122.276694,37.876605,4 -122.276694,37.876712,4 -122.276830,37.876712,4 -122.276830,37.876605,4</coordinates></LinearRing></outerBoundaryIs></Polygon></Placemark>
  <Placemark><name>ADU</name><styleUrl>#lab0</styleUrl><Region><LatLonAltBox><west>-122.276830</west><east>-122.276694</east><south>37.876605</south><north>37.876712</north></LatLonAltBox><Lod><minLodPixels>700</minLodPixels><maxLodPixels>-1</maxLodPixels></Lod></Region><Point><altitudeMode>relativeToGround</altitudeMode><coordinates>-122.276776,37.876648,4.0</coordinates></Point></Placemark>
  <Placemark><styleUrl>#poly0</styleUrl><Polygon><extrude>1</extrude><altitudeMode>relativeToGround</altitudeMode><outerBoundaryIs><LinearRing><coordinates>-122.263430,37.881489,4 -122.263294,37.881489,4 -122.263294,37.881596,4 -122.263430,37.881596,4 -122.263430,37.881489,4</coordinates></LinearRing></outerBoundaryIs></Polygon></Placemark>
  <Placemark><name>ADU</name><styleUrl>#lab0</styleUrl><Region><LatLonAltBox><west>-122.263430</west><east>-122.263294</east><south>37.881489</south><north>37.881596</north></LatLonAltBox><Lod><minLodPixels>700</minLodPixels><maxLodPixels>-1</maxLodPixels></Lod></Region><Point><altitudeMode>relativeToGround</altitudeMode><coordinates>-122.263376,37.881532,4.0</coordinates></Point></Placemark>
  <Placemark><styleUrl>#poly0</styleUrl><Polygon><extrude>1</extrude><altitudeMode>relativeToGround</altitudeMode><outerBoundaryIs><LinearRing><coordinates>-122.279508,37.860829,4 -122.279372,37.860829,4 -122.279372,37.860937,4 -122.279508,37.860937,4 -122.279508,37.860829,4</coordinates></LinearRing></outerBoundaryIs></Polygon></Placemark>
  <Placemark><name>ADU</name><styleUrl>#lab0</styleUrl><Region><LatLonAltBox><west>-122.279508</west><east>-122.279372</east><south>37.860829</south><north>37.860937</north></LatLonAltBox><Lod><minLodPixels>700</minLodPixels><maxLodPixels>-1</maxLodPixels></Lod></Region><Point><altitudeMode>relativeToGround</altitudeMode><coordinates>-122.279454,37.860872,4.0</coordinates></Point></Placemark>
  <Placemark><styleUrl>#poly0</styleUrl><Polygon><extrude>1</extrude><altitudeMode>relativeToGround</altitudeMode><outerBoundaryIs><LinearRing><coordinates>-122.250678,37.885266,4 -122.250541,37.885266,4 -122.250541,37.885373,4 -122.250678,37.885373,4 -122.250678,37.885266,4</coordinates></LinearRing></outerBoundaryIs></Polygon></Placemark>
  <Placemark><name>ADU</name><styleUrl>#lab0</styleUrl><Region><LatLonAltBox><west>-122.250678</west><east>-122.250541</east><south>37.885266</south><north>37.885373</north></LatLonAltBox><Lod><minLodPixels>700</minLodPixels><maxLodPixels>-1</maxLodPixels></Lod></Region><Point><altitudeMode>relativeToGround</altitudeMode><coordinates>-122.250623,37.885309,4.0</coordinates></Point></Placemark>
  <Placemark><styleUrl>#poly0</styleUrl><Polygon><extrude>1</extrude><altitudeMode>relativeToGround</altitudeMode><outerBoundaryIs><LinearRing><coordinates>-122.281899,37.883996,4 -122.281763,37.883996,4 -122.281763,37.884104,4 -122.281899,37.884104,4 -122.281899,37.883996,4</coordinates></LinearRing></outerBoundaryIs></Polygon></Placemark>
  <Placemark><name>ADU</name><styleUrl>#lab0</styleUrl><Region><LatLonAltBox><west>-122.281899</west><east>-122.281763</east><south>37.883996</south><north>37.884104</north></LatLonAltBox><Lod><minLodPixels>700</minLodPixels><maxLodPixels>-1</maxLodPixels></Lod></Region><Point><altitudeMode>relativeToGround</altitudeMode><coordinates>-122.281845,37.884039,4.0</coordinates></Point></Placemark>
  <Placemark><styleUrl>#poly0</styleUrl><Polygon><extrude>1</extrude><altitudeMode>relativeToGround</altitudeMode><outerBoundaryIs><LinearRing><coordinates>-122.250453,37.883638,4 -122.250316,37.883638,4 -122.250316,37.883746,4 -122.250453,37.883746,4 -122.250453,37.883638,4</coordinates></LinearRing></outerBoundaryIs></Polygon></Placemark>
  <Placemark><name>ADU</name><styleUrl>#lab0</styleUrl><Region><LatLonAltBox><west>-122.250453</west><east>-122.250316</east><south>37.883638</south><north>37.883746</north></LatLonAltBox><Lod><minLodPixels>700</minLodPixels><maxLodPixels>-1</maxLodPixels></Lod></Region><Point><altitudeMode>relativeToGround</altitudeMode><coordinates>-122.250398,37.883681,4.0</coordinates></Point></Placemark>
  <Placemark><styleUrl>#poly0</styleUrl><Polygon><extrude>1</extrude><altitudeMode>relativeToGround</altitudeMode><outerBoundaryIs><LinearRing><coordinates>-122.254230,37.854468,4 -122.254094,37.854468,4 -122.254094,37.854576,4 -122.254230,37.854576,4 -122.254230,37.854468,4</coordinates></LinearRing></outerBoundaryIs></Polygon></Placemark>
  <Placemark><name>ADU</name><styleUrl>#lab0</styleUrl><Region><LatLonAltBox><west>-122.254230</west><east>-122.254094</east><south>37.854468</south><north>37.854576</north></LatLonAltBox><Lod><minLodPixels>700</minLodPixels><maxLodPixels>-1</maxLodPixels></Lod></Region><Point><altitudeMode>relativeToGround</altitudeMode><coordinates>-122.254176,37.854511,4.0</coordinates></Point></Placemark>
  <Placemark><styleUrl>#poly0</styleUrl><Polygon><extrude>1</extrude><altitudeMode>relativeToGround</altitudeMode><outerBoundaryIs><LinearRing><coordinates>-122.286980,37.864841,4 -122.286844,37.864841,4 -122.286844,37.864949,4 -122.286980,37.864949,4 -122.286980,37.864841,4</coordinates></LinearRing></outerBoundaryIs></Polygon></Placemark>
  <Placemark><name>ADU</name><styleUrl>#lab0</styleUrl><Region><LatLonAltBox><west>-122.286980</west><east>-122.286844</east><south>37.864841</south><north>37.864949</north></LatLonAltBox><Lod><minLodPixels>700</minLodPixels><maxLodPixels>-1</maxLodPixels></Lod></Region><Point><altitudeMode>relativeToGround</altitudeMode><coordinates>-122.286926,37.864884,4.0</coordinates></Point></Placemark>
  <Placemark><styleUrl>#poly0</styleUrl><Polygon><extrude>1</extrude><altitudeMode>relativeToGround</altitudeMode><outerBoundaryIs><LinearRing><coordinates>-122.293364,37.877658,4 -122.293228,37.877658,4 -122.293228,37.877766,4 -122.293364,37.877766,4 -122.293364,37.877658,4</coordinates></LinearRing></outerBoundaryIs></Polygon></Placemark>
  <Placemark><name>ADU</name><styleUrl>#lab0</styleUrl><Region><LatLonAltBox><west>-122.293364</west><east>-122.293228</east><south>37.877658</south><north>37.877766</north></LatLonAltBox><Lod><minLodPixels>700</minLodPixels><maxLodPixels>-1</maxLodPixels></Lod></Region><Point><altitudeMode>relativeToGround</altitudeMode><coordinates>-122.293310,37.877701,4.0</coordinates></Point></Placemark>
  <Placemark><styleUrl>#poly0</styleUrl><Polygon><extrude>1</extrude><altitudeMode>relativeToGround</altitudeMode><outerBoundaryIs><LinearRing><coordinates>-122.247566,37.882577,4 -122.247429,37.882577,4 -122.247429,37.882685,4 -122.247566,37.882685,4 -122.247566,37.882577,4</coordinates></LinearRing></outerBoundaryIs></Polygon></Placemark>
  <Placemark><name>ADU</name><styleUrl>#lab0</styleUrl><Region><LatLonAltBox><west>-122.247566</west><east>-122.247429</east><south>37.882577</south><north>37.882685</north></LatLonAltBox><Lod><minLodPixels>700</minLodPixels><maxLodPixels>-1</maxLodPixels></Lod></Region><Point><altitudeMode>relativeToGround</altitudeMode><coordinates>-122.247511,37.882620,4.0</coordinates></Point></Placemark>
  <Placemark><styleUrl>#poly0</styleUrl><Polygon><extrude>1</extrude><altitudeMode>relativeToGround</altitudeMode><outerBoundaryIs><LinearRing><coordinates>-122.276389,37.867943,4 -122.276253,37.867943,4 -122.276253,37.868051,4 -122.276389,37.868051,4 -122.276389,37.867943,4</coordinates></LinearRing></outerBoundaryIs></Polygon></Placemark>
  <Placemark><name>ADU</name><styleUrl>#lab0</styleUrl><Region><LatLonAltBox><west>-122.276389</west><east>-122.276253</east><south>37.867943</south><north>37.868051</north></LatLonAltBox><Lod><minLodPixels>700</minLodPixels><maxLodPixels>-1</maxLodPixels></Lod></Region><Point><altitudeMode>relativeToGround</altitudeMode><coordinates>-122.276335,37.867986,4.0</coordinates></Point></Placemark>
  <Placemark><styleUrl>#poly0</styleUrl><Polygon><extrude>1</extrude><altitudeMode>relativeToGround</altitudeMode><outerBoundaryIs><LinearRing><coordinates>-122.278437,37.864958,4 -122.278301,37.864958,4 -122.278301,37.865065,4 -122.278437,37.865065,4 -122.278437,37.864958,4</coordinates></LinearRing></outerBoundaryIs></Polygon></Placemark>
  <Placemark><name>ADU</name><styleUrl>#lab0</styleUrl><Region><LatLonAltBox><west>-122.278437</west><east>-122.278301</east><south>37.864958</south><north>37.865065</north></LatLonAltBox><Lod><minLodPixels>700</minLodPixels><maxLodPixels>-1</maxLodPixels></Lod></Region><Point><altitudeMode>relativeToGround</altitudeMode><coordinates>-122.278383,37.865001,4.0</coordinates></Point></Placemark>
  <Placemark><styleUrl>#poly0</styleUrl><Polygon><extrude>1</extrude><altitudeMode>relativeToGround</altitudeMode><outerBoundaryIs><LinearRing><coordinates>-122.242752,37.854427,4 -122.242616,37.854427,4 -122.242616,37.854535,4 -122.242752,37.854535,4 -122.242752,37.854427,4</coordinates></LinearRing></outerBoundaryIs></Polygon></Placemark>
  <Placemark><name>ADU</name><styleUrl>#lab0</styleUrl><Region><LatLonAltBox><west>-122.242752</west><east>-122.242616</east><south>37.854427</south><north>37.854535</north></LatLonAltBox><Lod><minLodPixels>700</minLodPixels><maxLodPixels>-1</maxLodPixels></Lod></Region><Point><altitudeMode>relativeToGround</altitudeMode><coordinates>-122.242698,37.854470,4.0</coordinates></Point></Placemark>
  <Placemark><styleUrl>#poly0</styleUrl><Polygon><extrude>1</extrude><altitudeMode>relativeToGround</altitudeMode><outerBoundaryIs><LinearRing><coordinates>-122.263072,37.897192,4 -122.262936,37.897192,4 -122.262936,37.897300,4 -122.263072,37.897300,4 -122.263072,37.897192,4</coordinates></LinearRing></outerBoundaryIs></Polygon></Placemark>
  <Placemark><name>ADU</name><styleUrl>#lab0</styleUrl><Region><LatLonAltBox><west>-122.263072</west><east>-122.262936</east><south>37.897192</south><north>37.897300</north></LatLonAltBox><Lod><minLodPixels>700</minLodPixels><maxLodPixels>-1</maxLodPixels></Lod></Region><Point><altitudeMode>relativeToGround</altitudeMode><coordinates>-122.263018,37.897235,4.0</coordinates></Point></Placemark>
  <Placemark><styleUrl>#poly0</styleUrl><Polygon><extrude>1</extrude><altitudeMode>relativeToGround</altitudeMode><outerBoundaryIs><LinearRing><coordinates>-122.272905,37.881742,4 -122.272768,37.881742,4 -122.272768,37.881850,4 -122.272905,37.881850,4 -122.272905,37.881742,4</coordinates></LinearRing></outerBoundaryIs></Polygon></Placemark>
  <Placemark><name>ADU</name><styleUrl>#lab0</styleUrl><Region><LatLonAltBox><west>-122.272905</west><east>-122.272768</east><south>37.881742</south><north>37.881850</north></LatLonAltBox><Lod><minLodPixels>700</minLodPixels><maxLodPixels>-1</maxLodPixels></Lod></Region><Point><altitudeMode>relativeToGround</altitudeMode><coordinates>-122.272850,37.881785,4.0</coordinates></Point></Placemark>
  <Placemark><styleUrl>#poly0</styleUrl><Polygon><extrude>1</extrude><altitudeMode>relativeToGround</altitudeMode><outerBoundaryIs><LinearRing><coordinates>-122.261399,37.863453,4 -122.261262,37.863453,4 -122.261262,37.863561,4 -122.261399,37.863561,4 -122.261399,37.863453,4</coordinates></LinearRing></outerBoundaryIs></Polygon></Placemark>
  <Placemark><name>ADU</name><styleUrl>#lab0</styleUrl><Region><LatLonAltBox><west>-122.261399</west><east>-122.261262</east><south>37.863453</south><north>37.863561</north></LatLonAltBox><Lod><minLodPixels>700</minLodPixels><maxLodPixels>-1</maxLodPixels></Lod></Region><Point><altitudeMode>relativeToGround</altitudeMode><coordinates>-122.261344,37.863496,4.0</coordinates></Point></Placemark>
  <Placemark><styleUrl>#poly0</styleUrl><Polygon><extrude>1</extrude><altitudeMode>relativeToGround</altitudeMode><outerBoundaryIs><LinearRing><coordinates>-122.253745,37.855673,4 -122.253609,37.855673,4 -122.253609,37.855781,4 -122.253745,37.855781,4 -122.253745,37.855673,4</coordinates></LinearRing></outerBoundaryIs></Polygon></Placemark>
  <Placemark><name>ADU</name><styleUrl>#lab0</styleUrl><Region><LatLonAltBox><west>-122.253745</west><east>-122.253609</east><south>37.855673</south><north>37.855781</north></LatLonAltBox><Lod><minLodPixels>700</minLodPixels><maxLodPixels>-1</maxLodPixels></Lod></Region><Point><altitudeMode>relativeToGround</altitudeMode><coordinates>-122.253691,37.855716,4.0</coordinates></Point></Placemark>
  <Placemark><styleUrl>#poly0</styleUrl><Polygon><extrude>1</extrude><altitudeMode>relativeToGround</altitudeMode><outerBoundaryIs><LinearRing><coordinates>-122.245918,37.854189,4 -122.245781,37.854189,4 -122.245781,37.854296,4 -122.245918,37.854296,4 -122.245918,37.854189,4</coordinates></LinearRing></outerBoundaryIs></Polygon></Placemark>
  <Placemark><name>ADU</name><styleUrl>#lab0</styleUrl><Region><LatLonAltBox><west>-122.245918</west><east>-122.245781</east><south>37.854189</south><north>37.854296</north></LatLonAltBox><Lod><minLodPixels>700</minLodPixels><maxLodPixels>-1</maxLodPixels></Lod></Region><Point><altitudeMode>relativeToGround</altitudeMode><coordinates>-122.245863,37.854232,4.0</coordinates></Point></Placemark>
  <Placemark><styleUrl>#poly0</styleUrl><Polygon><extrude>1</extrude><altitudeMode>relativeToGround</altitudeMode><outerBoundaryIs><LinearRing><coordinates>-122.281035,37.852827,4 -122.280898,37.852827,4 -122.280898,37.852935,4 -122.281035,37.852935,4 -122.281035,37.852827,4</coordinates></LinearRing></outerBoundaryIs></Polygon></Placemark>
  <Placemark><name>ADU</name><styleUrl>#lab0</styleUrl><Region><LatLonAltBox><west>-122.281035</west><east>-122.280898</east><south>37.852827</south><north>37.852935</north></LatLonAltBox><Lod><minLodPixels>700</minLodPixels><maxLodPixels>-1</maxLodPixels></Lod></Region><Point><altitudeMode>relativeToGround</altitudeMode><coordinates>-122.280980,37.852870,4.0</coordinates></Point></Placemark>
  <Placemark><styleUrl>#poly0</styleUrl><Polygon><extrude>1</extrude><altitudeMode>relativeToGround</altitudeMode><outerBoundaryIs><LinearRing><coordinates>-122.285330,37.856260,4 -122.285194,37.856260,4 -122.285194,37.856368,4 -122.285330,37.856368,4 -122.285330,37.856260,4</coordinates></LinearRing></outerBoundaryIs></Polygon></Placemark>
  <Placemark><name>ADU</name><styleUrl>#lab0</styleUrl><Region><LatLonAltBox><west>-122.285330</west><east>-122.285194</east><south>37.856260</south><north>37.856368</north></LatLonAltBox><Lod><minLodPixels>700</minLodPixels><maxLodPixels>-1</maxLodPixels></Lod></Region><Point><altitudeMode>relativeToGround</altitudeMode><coordinates>-122.285276,37.856303,4.0</coordinates></Point></Placemark>
  <Placemark><styleUrl>#poly0</styleUrl><Polygon><extrude>1</extrude><altitudeMode>relativeToGround</altitudeMode><outerBoundaryIs><LinearRing><coordinates>-122.300746,37.874827,4 -122.300609,37.874827,4 -122.300609,37.874934,4 -122.300746,37.874934,4 -122.300746,37.874827,4</coordinates></LinearRing></outerBoundaryIs></Polygon></Placemark>
  <Placemark><name>ADU</name><styleUrl>#lab0</styleUrl><Region><LatLonAltBox><west>-122.300746</west><east>-122.300609</east><south>37.874827</south><north>37.874934</north></LatLonAltBox><Lod><minLodPixels>700</minLodPixels><maxLodPixels>-1</maxLodPixels></Lod></Region><Point><altitudeMode>relativeToGround</altitudeMode><coordinates>-122.300691,37.874870,4.0</coordinates></Point></Placemark>
  <Placemark><styleUrl>#poly0</styleUrl><Polygon><extrude>1</extrude><altitudeMode>relativeToGround</altitudeMode><outerBoundaryIs><LinearRing><coordinates>-122.283772,37.860612,4 -122.283635,37.860612,4 -122.283635,37.860720,4 -122.283772,37.860720,4 -122.283772,37.860612,4</coordinates></LinearRing></outerBoundaryIs></Polygon></Placemark>
  <Placemark><name>ADU</name><styleUrl>#lab0</styleUrl><Region><LatLonAltBox><west>-122.283772</west><east>-122.283635</east><south>37.860612</south><north>37.860720</north></LatLonAltBox><Lod><minLodPixels>700</minLodPixels><maxLodPixels>-1</maxLodPixels></Lod></Region><Point><altitudeMode>relativeToGround</altitudeMode><coordinates>-122.283717,37.860655,4.0</coordinates></Point></Placemark>
  <Placemark><styleUrl>#poly0</styleUrl><Polygon><extrude>1</extrude><altitudeMode>relativeToGround</altitudeMode><outerBoundaryIs><LinearRing><coordinates>-122.267048,37.853429,4 -122.266912,37.853429,4 -122.266912,37.853537,4 -122.267048,37.853537,4 -122.267048,37.853429,4</coordinates></LinearRing></outerBoundaryIs></Polygon></Placemark>
  <Placemark><name>ADU</name><styleUrl>#lab0</styleUrl><Region><LatLonAltBox><west>-122.267048</west><east>-122.266912</east><south>37.853429</south><north>37.853537</north></LatLonAltBox><Lod><minLodPixels>700</minLodPixels><maxLodPixels>-1</maxLodPixels></Lod></Region><Point><altitudeMode>relativeToGround</altitudeMode><coordinates>-122.266994,37.853472,4.0</coordinates></Point></Placemark>
  <Placemark><styleUrl>#poly0</styleUrl><Polygon><extrude>1</extrude><altitudeMode>relativeToGround</altitudeMode><outerBoundaryIs><LinearRing><coordinates>-122.278790,37.854681,4 -122.278653,37.854681,4 -122.278653,37.854789,4 -122.278790,37.854789,4 -122.278790,37.854681,4</coordinates></LinearRing></outerBoundaryIs></Polygon></Placemark>
  <Placemark><name>ADU</name><styleUrl>#lab0</styleUrl><Region><LatLonAltBox><west>-122.278790</west><east>-122.278653</east><south>37.854681</south><north>37.854789</north></LatLonAltBox><Lod><minLodPixels>700</minLodPixels><maxLodPixels>-1</maxLodPixels></Lod></Region><Point><altitudeMode>relativeToGround</altitudeMode><coordinates>-122.278735,37.854724,4.0</coordinates></Point></Placemark>
  <Placemark><styleUrl>#poly0</styleUrl><Polygon><extrude>1</extrude><altitudeMode>relativeToGround</altitudeMode><outerBoundaryIs><LinearRing><coordinates>-122.266933,37.891028,4 -122.266796,37.891028,4 -122.266796,37.891136,4 -122.266933,37.891136,4 -122.266933,37.891028,4</coordinates></LinearRing></outerBoundaryIs></Polygon></Placemark>
  <Placemark><name>ADU</name><styleUrl>#lab0</styleUrl><Region><LatLonAltBox><west>-122.266933</west><east>-122.266796</east><south>37.891028</south><north>37.891136</north></LatLonAltBox><Lod><minLodPixels>700</minLodPixels><maxLodPixels>-1</maxLodPixels></Lod></Region><Point><altitudeMode>relativeToGround</altitudeMode><coordinates>-122.266878,37.891071,4.0</coordinates></Point></Placemark>
  <Placemark><styleUrl>#poly0</styleUrl><Polygon><extrude>1</extrude><altitudeMode>relativeToGround</altitudeMode><outerBoundaryIs><LinearRing><coordinates>-122.296181,37.876990,4 -122.296045,37.876990,4 -122.296045,37.877097,4 -122.296181,37.877097,4 -122.296181,37.876990,4</coordinates></LinearRing></outerBoundaryIs></Polygon></Placemark>
  <Placemark><name>ADU</name><styleUrl>#lab0</styleUrl><Region><LatLonAltBox><west>-122.296181</west><east>-122.296045</east><south>37.876990</south><north>37.877097</north></LatLonAltBox><Lod><minLodPixels>700</minLodPixels><maxLodPixels>-1</maxLodPixels></Lod></Region><Point><altitudeMode>relativeToGround</altitudeMode><coordinates>-122.296127,37.877033,4.0</coordinates></Point></Placemark>
  <Placemark><styleUrl>#poly0</styleUrl><Polygon><extrude>1</extrude><altitudeMode>relativeToGround</altitudeMode><outerBoundaryIs><LinearRing><coordinates>-122.279629,37.880359,4 -122.279493,37.880359,4 -122.279493,37.880467,4 -122.279629,37.880467,4 -122.279629,37.880359,4</coordinates></LinearRing></outerBoundaryIs></Polygon></Placemark>
  <Placemark><name>ADU</name><styleUrl>#lab0</styleUrl><Region><LatLonAltBox><west>-122.279629</west><east>-122.279493</east><south>37.880359</south><north>37.880467</north></LatLonAltBox><Lod><minLodPixels>700</minLodPixels><maxLodPixels>-1</maxLodPixels></Lod></Region><Point><altitudeMode>relativeToGround</altitudeMode><coordinates>-122.279575,37.880402,4.0</coordinates></Point></Placemark>
  <Placemark><styleUrl>#poly0</styleUrl><Polygon><extrude>1</extrude><altitudeMode>relativeToGround</altitudeMode><outerBoundaryIs><LinearRing><coordinates>-122.248770,37.856284,4 -122.248633,37.856284,4 -122.248633,37.856391,4 -122.248770,37.856391,4 -122.248770,37.856284,4</coordinates></LinearRing></outerBoundaryIs></Polygon></Placemark>
  <Placemark><name>ADU</name><styleUrl>#lab0</styleUrl><Region><LatLonAltBox><west>-122.248770</west><east>-122.248633</east><south>37.856284</south><north>37.856391</north></LatLonAltBox><Lod><minLodPixels>700</minLodPixels><maxLodPixels>-1</maxLodPixels></Lod></Region><Point><altitudeMode>relativeToGround</altitudeMode><coordinates>-122.248715,37.856327,4.0</coordinates></Point></Placemark>
  <Placemark><styleUrl>#poly0</styleUrl><Polygon><extrude>1</extrude><altitudeMode>relativeToGround</altitudeMode><outerBoundaryIs><LinearRing><coordinates>-122.252121,37.854577,4 -122.251984,37.854577,4 -122.251984,37.854685,4 -122.252121,37.854685,4 -122.252121,37.854577,4</coordinates></LinearRing></outerBoundaryIs></Polygon></Placemark>
  <Placemark><name>ADU</name><styleUrl>#lab0</styleUrl><Region><LatLonAltBox><west>-122.252121</west><east>-122.251984</east><south>37.854577</south><north>37.854685</north></LatLonAltBox><Lod><minLodPixels>700</minLodPixels><maxLodPixels>-1</maxLodPixels></Lod></Region><Point><altitudeMode>relativeToGround</altitudeMode><coordinates>-122.252066,37.854620,4.0</coordinates></Point></Placemark>
  <Placemark><styleUrl>#poly0</styleUrl><Polygon><extrude>1</extrude><altitudeMode>relativeToGround</altitudeMode><outerBoundaryIs><LinearRing><coordinates>-122.278204,37.883842,4 -122.278068,37.883842,4 -122.278068,37.883950,4 -122.278204,37.883950,4 -122.278204,37.883842,4</coordinates></LinearRing></outerBoundaryIs></Polygon></Placemark>
  <Placemark><name>ADU</name><styleUrl>#lab0</styleUrl><Region><LatLonAltBox><west>-122.278204</west><east>-122.278068</east><south>37.883842</south><north>37.883950</north></LatLonAltBox><Lod><minLodPixels>700</minLodPixels><maxLodPixels>-1</maxLodPixels></Lod></Region><Point><altitudeMode>relativeToGround</altitudeMode><coordinates>-122.278150,37.883885,4.0</coordinates></Point></Placemark>
  <Placemark><styleUrl>#poly0</styleUrl><Polygon><extrude>1</extrude><altitudeMode>relativeToGround</altitudeMode><outerBoundaryIs><LinearRing><coordinates>-122.264870,37.878568,4 -122.264733,37.878568,4 -122.264733,37.878676,4 -122.264870,37.878676,4 -122.264870,37.878568,4</coordinates></LinearRing></outerBoundaryIs></Polygon></Placemark>
  <Placemark><name>ADU</name><styleUrl>#lab0</styleUrl><Region><LatLonAltBox><west>-122.264870</west><east>-122.264733</east><south>37.878568</south><north>37.878676</north></LatLonAltBox><Lod><minLodPixels>700</minLodPixels><maxLodPixels>-1</maxLodPixels></Lod></Region><Point><altitudeMode>relativeToGround</altitudeMode><coordinates>-122.264815,37.878611,4.0</coordinates></Point></Placemark>
  <Placemark><styleUrl>#poly0</styleUrl><Polygon><extrude>1</extrude><altitudeMode>relativeToGround</altitudeMode><outerBoundaryIs><LinearRing><coordinates>-122.277730,37.864621,4 -122.277594,37.864621,4 -122.277594,37.864728,4 -122.277730,37.864728,4 -122.277730,37.864621,4</coordinates></LinearRing></outerBoundaryIs></Polygon></Placemark>
  <Placemark><name>ADU</name><styleUrl>#lab0</styleUrl><Region><LatLonAltBox><west>-122.277730</west><east>-122.277594</east><south>37.864621</south><north>37.864728</north></LatLonAltBox><Lod><minLodPixels>700</minLodPixels><maxLodPixels>-1</maxLodPixels></Lod></Region><Point><altitudeMode>relativeToGround</altitudeMode><coordinates>-122.277676,37.864664,4.0</coordinates></Point></Placemark>
  <Placemark><styleUrl>#poly0</styleUrl><Polygon><extrude>1</extrude><altitudeMode>relativeToGround</altitudeMode><outerBoundaryIs><LinearRing><coordinates>-122.290037,37.871095,4 -122.289901,37.871095,4 -122.289901,37.871203,4 -122.290037,37.871203,4 -122.290037,37.871095,4</coordinates></LinearRing></outerBoundaryIs></Polygon></Placemark>
  <Placemark><name>ADU</name><styleUrl>#lab0</styleUrl><Region><LatLonAltBox><west>-122.290037</west><east>-122.289901</east><south>37.871095</south><north>37.871203</north></LatLonAltBox><Lod><minLodPixels>700</minLodPixels><maxLodPixels>-1</maxLodPixels></Lod></Region><Point><altitudeMode>relativeToGround</altitudeMode><coordinates>-122.289983,37.871138,4.0</coordinates></Point></Placemark>
  <Placemark><styleUrl>#poly0</styleUrl><Polygon><extrude>1</extrude><altitudeMode>relativeToGround</altitudeMode><outerBoundaryIs><LinearRing><coordinates>-122.298194,37.871779,4 -122.298057,37.871779,4 -122.298057,37.871887,4 -122.298194,37.871887,4 -122.298194,37.871779,4</coordinates></LinearRing></outerBoundaryIs></Polygon></Placemark>
  <Placemark><name>ADU</name><styleUrl>#lab0</styleUrl><Region><LatLonAltBox><west>-122.298194</west><east>-122.298057</east><south>37.871779</south><north>37.871887</north></LatLonAltBox><Lod><minLodPixels>700</minLodPixels><maxLodPixels>-1</maxLodPixels></Lod></Region><Point><altitudeMode>relativeToGround</altitudeMode><coordinates>-122.298139,37.871822,4.0</coordinates></Point></Placemark>
  <Placemark><styleUrl>#poly0</styleUrl><Polygon><extrude>1</extrude><altitudeMode>relativeToGround</altitudeMode><outerBoundaryIs><LinearRing><coordinates>-122.280993,37.880594,4 -122.280857,37.880594,4 -122.280857,37.880701,4 -122.280993,37.880701,4 -122.280993,37.880594,4</coordinates></LinearRing></outerBoundaryIs></Polygon></Placemark>
  <Placemark><name>ADU</name><styleUrl>#lab0</styleUrl><Region><LatLonAltBox><west>-122.280993</west><east>-122.280857</east><south>37.880594</south><north>37.880701</north></LatLonAltBox><Lod><minLodPixels>700</minLodPixels><maxLodPixels>-1</maxLodPixels></Lod></Region><Point><altitudeMode>relativeToGround</altitudeMode><coordinates>-122.280939,37.880637,4.0</coordinates></Point></Placemark>
  <Placemark><styleUrl>#poly0</styleUrl><Polygon><extrude>1</extrude><altitudeMode>relativeToGround</altitudeMode><outerBoundaryIs><LinearRing><coordinates>-122.286743,37.856860,4 -122.286607,37.856860,4 -122.286607,37.856968,4 -122.286743,37.856968,4 -122.286743,37.856860,4</coordinates></LinearRing></outerBoundaryIs></Polygon></Placemark>
  <Placemark><name>ADU</name><styleUrl>#lab0</styleUrl><Region><LatLonAltBox><west>-122.286743</west><east>-122.286607</east><south>37.856860</south><north>37.856968</north></LatLonAltBox><Lod><minLodPixels>700</minLodPixels><maxLodPixels>-1</maxLodPixels></Lod></Region><Point><altitudeMode>relativeToGround</altitudeMode><coordinates>-122.286689,37.856903,4.0</coordinates></Point></Placemark>
  <Placemark><styleUrl>#poly0</styleUrl><Polygon><extrude>1</extrude><altitudeMode>relativeToGround</altitudeMode><outerBoundaryIs><LinearRing><coordinates>-122.279059,37.873117,4 -122.278922,37.873117,4 -122.278922,37.873225,4 -122.279059,37.873225,4 -122.279059,37.873117,4</coordinates></LinearRing></outerBoundaryIs></Polygon></Placemark>
  <Placemark><name>ADU</name><styleUrl>#lab0</styleUrl><Region><LatLonAltBox><west>-122.279059</west><east>-122.278922</east><south>37.873117</south><north>37.873225</north></LatLonAltBox><Lod><minLodPixels>700</minLodPixels><maxLodPixels>-1</maxLodPixels></Lod></Region><Point><altitudeMode>relativeToGround</altitudeMode><coordinates>-122.279004,37.873160,4.0</coordinates></Point></Placemark>
  <Placemark><styleUrl>#poly0</styleUrl><Polygon><extrude>1</extrude><altitudeMode>relativeToGround</altitudeMode><outerBoundaryIs><LinearRing><coordinates>-122.277747,37.880222,4 -122.277610,37.880222,4 -122.277610,37.880330,4 -122.277747,37.880330,4 -122.277747,37.880222,4</coordinates></LinearRing></outerBoundaryIs></Polygon></Placemark>
  <Placemark><name>ADU</name><styleUrl>#lab0</styleUrl><Region><LatLonAltBox><west>-122.277747</west><east>-122.277610</east><south>37.880222</south><north>37.880330</north></LatLonAltBox><Lod><minLodPixels>700</minLodPixels><maxLodPixels>-1</maxLodPixels></Lod></Region><Point><altitudeMode>relativeToGround</altitudeMode><coordinates>-122.277692,37.880265,4.0</coordinates></Point></Placemark>
  <Placemark><styleUrl>#poly0</styleUrl><Polygon><extrude>1</extrude><altitudeMode>relativeToGround</altitudeMode><outerBoundaryIs><LinearRing><coordinates>-122.293051,37.873605,4 -122.292914,37.873605,4 -122.292914,37.873713,4 -122.293051,37.873713,4 -122.293051,37.873605,4</coordinates></LinearRing></outerBoundaryIs></Polygon></Placemark>
  <Placemark><name>ADU</name><styleUrl>#lab0</styleUrl><Region><LatLonAltBox><west>-122.293051</west><east>-122.292914</east><south>37.873605</south><north>37.873713</north></LatLonAltBox><Lod><minLodPixels>700</minLodPixels><maxLodPixels>-1</maxLodPixels></Lod></Region><Point><altitudeMode>relativeToGround</altitudeMode><coordinates>-122.292996,37.873648,4.0</coordinates></Point></Placemark>
  <Placemark><styleUrl>#poly0</styleUrl><Polygon><extrude>1</extrude><altitudeMode>relativeToGround</altitudeMode><outerBoundaryIs><LinearRing><coordinates>-122.271284,37.888732,4 -122.271147,37.888732,4 -122.271147,37.888839,4 -122.271284,37.888839,4 -122.271284,37.888732,4</coordinates></LinearRing></outerBoundaryIs></Polygon></Placemark>
  <Placemark><name>ADU</name><styleUrl>#lab0</styleUrl><Region><LatLonAltBox><west>-122.271284</west><east>-122.271147</east><south>37.888732</south><north>37.888839</north></LatLonAltBox><Lod><minLodPixels>700</minLodPixels><maxLodPixels>-1</maxLodPixels></Lod></Region><Point><altitudeMode>relativeToGround</altitudeMode><coordinates>-122.271229,37.888775,4.0</coordinates></Point></Placemark>
  <Placemark><styleUrl>#poly0</styleUrl><Polygon><extrude>1</extrude><altitudeMode>relativeToGround</altitudeMode><outerBoundaryIs><LinearRing><coordinates>-122.281806,37.865428,4 -122.281669,37.865428,4 -122.281669,37.865536,4 -122.281806,37.865536,4 -122.281806,37.865428,4</coordinates></LinearRing></outerBoundaryIs></Polygon></Placemark>
  <Placemark><name>ADU</name><styleUrl>#lab0</styleUrl><Region><LatLonAltBox><west>-122.281806</west><east>-122.281669</east><south>37.865428</south><north>37.865536</north></LatLonAltBox><Lod><minLodPixels>700</minLodPixels><maxLodPixels>-1</maxLodPixels></Lod></Region><Point><altitudeMode>relativeToGround</altitudeMode><coordinates>-122.281751,37.865471,4.0</coordinates></Point></Placemark>
  <Placemark><styleUrl>#poly0</styleUrl><Polygon><extrude>1</extrude><altitudeMode>relativeToGround</altitudeMode><outerBoundaryIs><LinearRing><coordinates>-122.274505,37.867318,4 -122.274368,37.867318,4 -122.274368,37.867426,4 -122.274505,37.867426,4 -122.274505,37.867318,4</coordinates></LinearRing></outerBoundaryIs></Polygon></Placemark>
  <Placemark><name>ADU</name><styleUrl>#lab0</styleUrl><Region><LatLonAltBox><west>-122.274505</west><east>-122.274368</east><south>37.867318</south><north>37.867426</north></LatLonAltBox><Lod><minLodPixels>700</minLodPixels><maxLodPixels>-1</maxLodPixels></Lod></Region><Point><altitudeMode>relativeToGround</altitudeMode><coordinates>-122.274450,37.867361,4.0</coordinates></Point></Placemark>
  <Placemark><styleUrl>#poly0</styleUrl><Polygon><extrude>1</extrude><altitudeMode>relativeToGround</altitudeMode><outerBoundaryIs><LinearRing><coordinates>-122.270310,37.847234,4 -122.270173,37.847234,4 -122.270173,37.847342,4 -122.270310,37.847342,4 -122.270310,37.847234,4</coordinates></LinearRing></outerBoundaryIs></Polygon></Placemark>
  <Placemark><name>ADU</name><styleUrl>#lab0</styleUrl><Region><LatLonAltBox><west>-122.270310</west><east>-122.270173</east><south>37.847234</south><north>37.847342</north></LatLonAltBox><Lod><minLodPixels>700</minLodPixels><maxLodPixels>-1</maxLodPixels></Lod></Region><Point><altitudeMode>relativeToGround</altitudeMode><coordinates>-122.270255,37.847277,4.0</coordinates></Point></Placemark>
  <Placemark><styleUrl>#poly0</styleUrl><Polygon><extrude>1</extrude><altitudeMode>relativeToGround</altitudeMode><outerBoundaryIs><LinearRing><coordinates>-122.258085,37.878664,4 -122.257948,37.878664,4 -122.257948,37.878772,4 -122.258085,37.878772,4 -122.258085,37.878664,4</coordinates></LinearRing></outerBoundaryIs></Polygon></Placemark>
  <Placemark><name>ADU</name><styleUrl>#lab0</styleUrl><Region><LatLonAltBox><west>-122.258085</west><east>-122.257948</east><south>37.878664</south><north>37.878772</north></LatLonAltBox><Lod><minLodPixels>700</minLodPixels><maxLodPixels>-1</maxLodPixels></Lod></Region><Point><altitudeMode>relativeToGround</altitudeMode><coordinates>-122.258030,37.878707,4.0</coordinates></Point></Placemark>
  <Placemark><styleUrl>#poly0</styleUrl><Polygon><extrude>1</extrude><altitudeMode>relativeToGround</altitudeMode><outerBoundaryIs><LinearRing><coordinates>-122.295280,37.861534,4 -122.295144,37.861534,4 -122.295144,37.861642,4 -122.295280,37.861642,4 -122.295280,37.861534,4</coordinates></LinearRing></outerBoundaryIs></Polygon></Placemark>
  <Placemark><name>ADU</name><styleUrl>#lab0</styleUrl><Region><LatLonAltBox><west>-122.295280</west><east>-122.295144</east><south>37.861534</south><north>37.861642</north></LatLonAltBox><Lod><minLodPixels>700</minLodPixels><maxLodPixels>-1</maxLodPixels></Lod></Region><Point><altitudeMode>relativeToGround</altitudeMode><coordinates>-122.295226,37.861577,4.0</coordinates></Point></Placemark>
  <Placemark><styleUrl>#poly0</styleUrl><Polygon><extrude>1</extrude><altitudeMode>relativeToGround</altitudeMode><outerBoundaryIs><LinearRing><coordinates>-122.279263,37.877678,4 -122.279127,37.877678,4 -122.279127,37.877786,4 -122.279263,37.877786,4 -122.279263,37.877678,4</coordinates></LinearRing></outerBoundaryIs></Polygon></Placemark>
  <Placemark><name>ADU</name><styleUrl>#lab0</styleUrl><Region><LatLonAltBox><west>-122.279263</west><east>-122.279127</east><south>37.877678</south><north>37.877786</north></LatLonAltBox><Lod><minLodPixels>700</minLodPixels><maxLodPixels>-1</maxLodPixels></Lod></Region><Point><altitudeMode>relativeToGround</altitudeMode><coordinates>-122.279209,37.877721,4.0</coordinates></Point></Placemark>
  <Placemark><styleUrl>#poly0</styleUrl><Polygon><extrude>1</extrude><altitudeMode>relativeToGround</altitudeMode><outerBoundaryIs><LinearRing><coordinates>-122.262222,37.852781,4 -122.262085,37.852781,4 -122.262085,37.852889,4 -122.262222,37.852889,4 -122.262222,37.852781,4</coordinates></LinearRing></outerBoundaryIs></Polygon></Placemark>
  <Placemark><name>ADU</name><styleUrl>#lab0</styleUrl><Region><LatLonAltBox><west>-122.262222</west><east>-122.262085</east><south>37.852781</south><north>37.852889</north></LatLonAltBox><Lod><minLodPixels>700</minLodPixels><maxLodPixels>-1</maxLodPixels></Lod></Region><Point><altitudeMode>relativeToGround</altitudeMode><coordinates>-122.262167,37.852824,4.0</coordinates></Point></Placemark>
  <Placemark><styleUrl>#poly0</styleUrl><Polygon><extrude>1</extrude><altitudeMode>relativeToGround</altitudeMode><outerBoundaryIs><LinearRing><coordinates>-122.273268,37.850766,4 -122.273132,37.850766,4 -122.273132,37.850874,4 -122.273268,37.850874,4 -122.273268,37.850766,4</coordinates></LinearRing></outerBoundaryIs></Polygon></Placemark>
  <Placemark><name>ADU</name><styleUrl>#lab0</styleUrl><Region><LatLonAltBox><west>-122.273268</west><east>-122.273132</east><south>37.850766</south><north>37.850874</north></LatLonAltBox><Lod><minLodPixels>700</minLodPixels><maxLodPixels>-1</maxLodPixels></Lod></Region><Point><altitudeMode>relativeToGround</altitudeMode><coordinates>-122.273214,37.850809,4.0</coordinates></Point></Placemark>
  <Placemark><styleUrl>#poly0</styleUrl><Polygon><extrude>1</extrude><altitudeMode>relativeToGround</altitudeMode><outerBoundaryIs><LinearRing><coordinates>-122.253784,37.856170,4 -122.253647,37.856170,4 -122.253647,37.856277,4 -122.253784,37.856277,4 -122.253784,37.856170,4</coordinates></LinearRing></outerBoundaryIs></Polygon></Placemark>
  <Placemark><name>ADU</name><styleUrl>#lab0</styleUrl><Region><LatLonAltBox><west>-122.253784</west><east>-122.253647</east><south>37.856170</south><north>37.856277</north></LatLonAltBox><Lod><minLodPixels>700</minLodPixels><maxLodPixels>-1</maxLodPixels></Lod></Region><Point><altitudeMode>relativeToGround</altitudeMode><coordinates>-122.253729,37.856213,4.0</coordinates></Point></Placemark>
  <Placemark><styleUrl>#poly0</styleUrl><Polygon><extrude>1</extrude><altitudeMode>relativeToGround</altitudeMode><outerBoundaryIs><LinearRing><coordinates>-122.273618,37.873718,4 -122.273482,37.873718,4 -122.273482,37.873826,4 -122.273618,37.873826,4 -122.273618,37.873718,4</coordinates></LinearRing></outerBoundaryIs></Polygon></Placemark>
  <Placemark><name>ADU</name><styleUrl>#lab0</styleUrl><Region><LatLonAltBox><west>-122.273618</west><east>-122.273482</east><south>37.873718</south><north>37.873826</north></LatLonAltBox><Lod><minLodPixels>700</minLodPixels><maxLodPixels>-1</maxLodPixels></Lod></Region><Point><altitudeMode>relativeToGround</altitudeMode><coordinates>-122.273564,37.873761,4.0</coordinates></Point></Placemark>
  <Placemark><styleUrl>#poly0</styleUrl><Polygon><extrude>1</extrude><altitudeMode>relativeToGround</altitudeMode><outerBoundaryIs><LinearRing><coordinates>-122.265437,37.856386,4 -122.265300,37.856386,4 -122.265300,37.856494,4 -122.265437,37.856494,4 -122.265437,37.856386,4</coordinates></LinearRing></outerBoundaryIs></Polygon></Placemark>
  <Placemark><name>ADU</name><styleUrl>#lab0</styleUrl><Region><LatLonAltBox><west>-122.265437</west><east>-122.265300</east><south>37.856386</south><north>37.856494</north></LatLonAltBox><Lod><minLodPixels>700</minLodPixels><maxLodPixels>-1</maxLodPixels></Lod></Region><Point><altitudeMode>relativeToGround</altitudeMode><coordinates>-122.265382,37.856429,4.0</coordinates></Point></Placemark>
  <Placemark><styleUrl>#poly0</styleUrl><Polygon><extrude>1</extrude><altitudeMode>relativeToGround</altitudeMode><outerBoundaryIs><LinearRing><coordinates>-122.286888,37.894145,4 -122.286751,37.894145,4 -122.286751,37.894253,4 -122.286888,37.894253,4 -122.286888,37.894145,4</coordinates></LinearRing></outerBoundaryIs></Polygon></Placemark>
  <Placemark><name>ADU</name><styleUrl>#lab0</styleUrl><Region><LatLonAltBox><west>-122.286888</west><east>-122.286751</east><south>37.894145</south><north>37.894253</north></LatLonAltBox><Lod><minLodPixels>700</minLodPixels><maxLodPixels>-1</maxLodPixels></Lod></Region><Point><altitudeMode>relativeToGround</altitudeMode><coordinates>-122.286833,37.894188,4.0</coordinates></Point></Placemark>
  <Placemark><styleUrl>#poly0</styleUrl><Polygon><extrude>1</extrude><altitudeMode>relativeToGround</altitudeMode><outerBoundaryIs><LinearRing><coordinates>-122.273550,37.881645,4 -122.273414,37.881645,4 -122.273414,37.881753,4 -122.273550,37.881753,4 -122.273550,37.881645,4</coordinates></LinearRing></outerBoundaryIs></Polygon></Placemark>
  <Placemark><name>ADU</name><styleUrl>#lab0</styleUrl><Region><LatLonAltBox><west>-122.273550</west><east>-122.273414</east><south>37.881645</south><north>37.881753</north></LatLonAltBox><Lod><minLodPixels>700</minLodPixels><maxLodPixels>-1</maxLodPixels></Lod></Region><Point><altitudeMode>relativeToGround</altitudeMode><coordinates>-122.273496,37.881688,4.0</coordinates></Point></Placemark>
  <Placemark><styleUrl>#poly0</styleUrl><Polygon><extrude>1</extrude><altitudeMode>relativeToGround</altitudeMode><outerBoundaryIs><LinearRing><coordinates>-122.249353,37.883684,4 -122.249217,37.883684,4 -122.249217,37.883791,4 -122.249353,37.883791,4 -122.249353,37.883684,4</coordinates></LinearRing></outerBoundaryIs></Polygon></Placemark>
  <Placemark><name>ADU</name><styleUrl>#lab0</styleUrl><Region><LatLonAltBox><west>-122.249353</west><east>-122.249217</east><south>37.883684</south><north>37.883791</north></LatLonAltBox><Lod><minLodPixels>700</minLodPixels><maxLodPixels>-1</maxLodPixels></Lod></Region><Point><altitudeMode>relativeToGround</altitudeMode><coordinates>-122.249299,37.883727,4.0</coordinates></Point></Placemark>
  <Placemark><styleUrl>#poly0</styleUrl><Polygon><extrude>1</extrude><altitudeMode>relativeToGround</altitudeMode><outerBoundaryIs><LinearRing><coordinates>-122.289474,37.871833,4 -122.289337,37.871833,4 -122.289337,37.871941,4 -122.289474,37.871941,4 -122.289474,37.871833,4</coordinates></LinearRing></outerBoundaryIs></Polygon></Placemark>
  <Placemark><name>ADU</name><styleUrl>#lab0</styleUrl><Region><LatLonAltBox><west>-122.289474</west><east>-122.289337</east><south>37.871833</south><north>37.871941</north></LatLonAltBox><Lod><minLodPixels>700</minLodPixels><maxLodPixels>-1</maxLodPixels></Lod></Region><Point><altitudeMode>relativeToGround</altitudeMode><coordinates>-122.289419,37.871876,4.0</coordinates></Point></Placemark>
  <Placemark><styleUrl>#poly0</styleUrl><Polygon><extrude>1</extrude><altitudeMode>relativeToGround</altitudeMode><outerBoundaryIs><LinearRing><coordinates>-122.294350,37.863307,4 -122.294214,37.863307,4 -122.294214,37.863415,4 -122.294350,37.863415,4 -122.294350,37.863307,4</coordinates></LinearRing></outerBoundaryIs></Polygon></Placemark>
  <Placemark><name>ADU</name><styleUrl>#lab0</styleUrl><Region><LatLonAltBox><west>-122.294350</west><east>-122.294214</east><south>37.863307</south><north>37.863415</north></LatLonAltBox><Lod><minLodPixels>700</minLodPixels><maxLodPixels>-1</maxLodPixels></Lod></Region><Point><altitudeMode>relativeToGround</altitudeMode><coordinates>-122.294296,37.863350,4.0</coordinates></Point></Placemark>
  <Placemark><styleUrl>#poly0</styleUrl><Polygon><extrude>1</extrude><altitudeMode>relativeToGround</altitudeMode><outerBoundaryIs><LinearRing><coordinates>-122.251289,37.852818,4 -122.251152,37.852818,4 -122.251152,37.852926,4 -122.251289,37.852926,4 -122.251289,37.852818,4</coordinates></LinearRing></outerBoundaryIs></Polygon></Placemark>
  <Placemark><name>ADU</name><styleUrl>#lab0</styleUrl><Region><LatLonAltBox><west>-122.251289</west><east>-122.251152</east><south>37.852818</south><north>37.852926</north></LatLonAltBox><Lod><minLodPixels>700</minLodPixels><maxLodPixels>-1</maxLodPixels></Lod></Region><Point><altitudeMode>relativeToGround</altitudeMode><coordinates>-122.251234,37.852861,4.0</coordinates></Point></Placemark>
  <Placemark><styleUrl>#poly0</styleUrl><Polygon><extrude>1</extrude><altitudeMode>relativeToGround</altitudeMode><outerBoundaryIs><LinearRing><coordinates>-122.278063,37.892991,4 -122.277926,37.892991,4 -122.277926,37.893098,4 -122.278063,37.893098,4 -122.278063,37.892991,4</coordinates></LinearRing></outerBoundaryIs></Polygon></Placemark>
  <Placemark><name>ADU</name><styleUrl>#lab0</styleUrl><Region><LatLonAltBox><west>-122.278063</west><east>-122.277926</east><south>37.892991</south><north>37.893098</north></LatLonAltBox><Lod><minLodPixels>700</minLodPixels><maxLodPixels>-1</maxLodPixels></Lod></Region><Point><altitudeMode>relativeToGround</altitudeMode><coordinates>-122.278008,37.893034,4.0</coordinates></Point></Placemark>
  <Placemark><styleUrl>#poly0</styleUrl><Polygon><extrude>1</extrude><altitudeMode>relativeToGround</altitudeMode><outerBoundaryIs><LinearRing><coordinates>-122.250841,37.858811,4 -122.250705,37.858811,4 -122.250705,37.858919,4 -122.250841,37.858919,4 -122.250841,37.858811,4</coordinates></LinearRing></outerBoundaryIs></Polygon></Placemark>
  <Placemark><name>ADU</name><styleUrl>#lab0</styleUrl><Region><LatLonAltBox><west>-122.250841</west><east>-122.250705</east><south>37.858811</south><north>37.858919</north></LatLonAltBox><Lod><minLodPixels>700</minLodPixels><maxLodPixels>-1</maxLodPixels></Lod></Region><Point><altitudeMode>relativeToGround</altitudeMode><coordinates>-122.250787,37.858854,4.0</coordinates></Point></Placemark>
  <Placemark><styleUrl>#poly0</styleUrl><Polygon><extrude>1</extrude><altitudeMode>relativeToGround</altitudeMode><outerBoundaryIs><LinearRing><coordinates>-122.281749,37.884767,4 -122.281613,37.884767,4 -122.281613,37.884875,4 -122.281749,37.884875,4 -122.281749,37.884767,4</coordinates></LinearRing></outerBoundaryIs></Polygon></Placemark>
  <Placemark><name>ADU</name><styleUrl>#lab0</styleUrl><Region><LatLonAltBox><west>-122.281749</west><east>-122.281613</east><south>37.884767</south><north>37.884875</north></LatLonAltBox><Lod><minLodPixels>700</minLodPixels><maxLodPixels>-1</maxLodPixels></Lod></Region><Point><altitudeMode>relativeToGround</altitudeMode><coordinates>-122.281695,37.884810,4.0</coordinates></Point></Placemark>
  <Placemark><styleUrl>#poly0</styleUrl><Polygon><extrude>1</extrude><altitudeMode>relativeToGround</altitudeMode><outerBoundaryIs><LinearRing><coordinates>-122.275426,37.854826,4 -122.275289,37.854826,4 -122.275289,37.854934,4 -122.275426,37.854934,4 -122.275426,37.854826,4</coordinates></LinearRing></outerBoundaryIs></Polygon></Placemark>
  <Placemark><name>ADU</name><styleUrl>#lab0</styleUrl><Region><LatLonAltBox><west>-122.275426</west><east>-122.275289</east><south>37.854826</south><north>37.854934</north></LatLonAltBox><Lod><minLodPixels>700</minLodPixels><maxLodPixels>-1</maxLodPixels></Lod></Region><Point><altitudeMode>relativeToGround</altitudeMode><coordinates>-122.275371,37.854869,4.0</coordinates></Point></Placemark>
  <Placemark><styleUrl>#poly0</styleUrl><Polygon><extrude>1</extrude><altitudeMode>relativeToGround</altitudeMode><outerBoundaryIs><LinearRing><coordinates>-122.279143,37.896947,4 -122.279006,37.896947,4 -122.279006,37.897055,4 -122.279143,37.897055,4 -122.279143,37.896947,4</coordinates></LinearRing></outerBoundaryIs></Polygon></Placemark>
  <Placemark><name>ADU</name><styleUrl>#lab0</styleUrl><Region><LatLonAltBox><west>-122.279143</west><east>-122.279006</east><south>37.896947</south><north>37.897055</north></LatLonAltBox><Lod><minLodPixels>700</minLodPixels><maxLodPixels>-1</maxLodPixels></Lod></Region><Point><altitudeMode>relativeToGround</altitudeMode><coordinates>-122.279088,37.896990,4.0</coordinates></Point></Placemark>
  <Placemark><styleUrl>#poly0</styleUrl><Polygon><extrude>1</extrude><altitudeMode>relativeToGround</altitudeMode><outerBoundaryIs><LinearRing><coordinates>-122.254158,37.862782,4 -122.254021,37.862782,4 -122.254021,37.862889,4 -122.254158,37.862889,4 -122.254158,37.862782,4</coordinates></LinearRing></outerBoundaryIs></Polygon></Placemark>
  <Placemark><name>ADU</name><styleUrl>#lab0</styleUrl><Region><LatLonAltBox><west>-122.254158</west><east>-122.254021</east><south>37.862782</south><north>37.862889</north></LatLonAltBox><Lod><minLodPixels>700</minLodPixels><maxLodPixels>-1</maxLodPixels></Lod></Region><Point><altitudeMode>relativeToGround</altitudeMode><coordinates>-122.254103,37.862825,4.0</coordinates></Point></Placemark>
  <Placemark><styleUrl>#poly0</styleUrl><Polygon><extrude>1</extrude><altitudeMode>relativeToGround</altitudeMode><outerBoundaryIs><LinearRing><coordinates>-122.288633,37.861716,4 -122.288496,37.861716,4 -122.288496,37.861824,4 -122.288633,37.861824,4 -122.288633,37.861716,4</coordinates></LinearRing></outerBoundaryIs></Polygon></Placemark>
  <Placemark><name>ADU</name><styleUrl>#lab0</styleUrl><Region><LatLonAltBox><west>-122.288633</west><east>-122.288496</east><south>37.861716</south><north>37.861824</north></LatLonAltBox><Lod><minLodPixels>700</minLodPixels><maxLodPixels>-1</maxLodPixels></Lod></Region><Point><altitudeMode>relativeToGround</altitudeMode><coordinates>-122.288578,37.861759,4.0</coordinates></Point></Placemark>
  <Placemark><styleUrl>#poly0</styleUrl><Polygon><extrude>1</extrude><altitudeMode>relativeToGround</altitudeMode><outerBoundaryIs><LinearRing><coordinates>-122.282353,37.885643,4 -122.282216,37.885643,4 -122.282216,37.885751,4 -122.282353,37.885751,4 -122.282353,37.885643,4</coordinates></LinearRing></outerBoundaryIs></Polygon></Placemark>
  <Placemark><name>ADU</name><styleUrl>#lab0</styleUrl><Region><LatLonAltBox><west>-122.282353</west><east>-122.282216</east><south>37.885643</south><north>37.885751</north></LatLonAltBox><Lod><minLodPixels>700</minLodPixels><maxLodPixels>-1</maxLodPixels></Lod></Region><Point><altitudeMode>relativeToGround</altitudeMode><coordinates>-122.282298,37.885686,4.0</coordinates></Point></Placemark>
  <Placemark><styleUrl>#poly0</styleUrl><Polygon><extrude>1</extrude><altitudeMode>relativeToGround</altitudeMode><outerBoundaryIs><LinearRing><coordinates>-122.266943,37.882551,4 -122.266806,37.882551,4 -122.266806,37.882659,4 -122.266943,37.882659,4 -122.266943,37.882551,4</coordinates></LinearRing></outerBoundaryIs></Polygon></Placemark>
  <Placemark><name>ADU</name><styleUrl>#lab0</styleUrl><Region><LatLonAltBox><west>-122.266943</west><east>-122.266806</east><south>37.882551</south><north>37.882659</north></LatLonAltBox><Lod><minLodPixels>700</minLodPixels><maxLodPixels>-1</maxLodPixels></Lod></Region><Point><altitudeMode>relativeToGround</altitudeMode><coordinates>-122.266888,37.882594,4.0</coordinates></Point></Placemark>
  <Placemark><styleUrl>#poly0</styleUrl><Polygon><extrude>1</extrude><altitudeMode>relativeToGround</altitudeMode><outerBoundaryIs><LinearRing><coordinates>-122.279408,37.863375,4 -122.279272,37.863375,4 -122.279272,37.863483,4 -122.279408,37.863483,4 -122.279408,37.863375,4</coordinates></LinearRing></outerBoundaryIs></Polygon></Placemark>
  <Placemark><name>ADU</name><styleUrl>#lab0</styleUrl><Region><LatLonAltBox><west>-122.279408</west><east>-122.279272</east><south>37.863375</south><north>37.863483</north></LatLonAltBox><Lod><minLodPixels>700</minLodPixels><maxLodPixels>-1</maxLodPixels></Lod></Region><Point><altitudeMode>relativeToGround</altitudeMode><coordinates>-122.279354,37.863418,4.0</coordinates></Point></Placemark>
  <Placemark><styleUrl>#poly0</styleUrl><Polygon><extrude>1</extrude><altitudeMode>relativeToGround</altitudeMode><outerBoundaryIs><LinearRing><coordinates>-122.273867,37.847753,4 -122.273731,37.847753,4 -122.273731,37.847860,4 -122.273867,37.847860,4 -122.273867,37.847753,4</coordinates></LinearRing></outerBoundaryIs></Polygon></Placemark>
  <Placemark><name>ADU</name><styleUrl>#lab0</styleUrl><Region><LatLonAltBox><west>-122.273867</west><east>-122.273731</east><south>37.847753</south><north>37.847860</north></LatLonAltBox><Lod><minLodPixels>700</minLodPixels><maxLodPixels>-1</maxLodPixels></Lod></Region><Point><altitudeMode>relativeToGround</altitudeMode><coordinates>-122.273813,37.847796,4.0</coordinates></Point></Placemark>
  <Placemark><styleUrl>#poly0</styleUrl><Polygon><extrude>1</extrude><altitudeMode>relativeToGround</altitudeMode><outerBoundaryIs><LinearRing><coordinates>-122.251564,37.859160,4 -122.251427,37.859160,4 -122.251427,37.859268,4 -122.251564,37.859268,4 -122.251564,37.859160,4</coordinates></LinearRing></outerBoundaryIs></Polygon></Placemark>
  <Placemark><name>ADU</name><styleUrl>#lab0</styleUrl><Region><LatLonAltBox><west>-122.251564</west><east>-122.251427</east><south>37.859160</south><north>37.859268</north></LatLonAltBox><Lod><minLodPixels>700</minLodPixels><maxLodPixels>-1</maxLodPixels></Lod></Region><Point><altitudeMode>relativeToGround</altitudeMode><coordinates>-122.251509,37.859203,4.0</coordinates></Point></Placemark>
  <Placemark><styleUrl>#poly0</styleUrl><Polygon><extrude>1</extrude><altitudeMode>relativeToGround</altitudeMode><outerBoundaryIs><LinearRing><coordinates>-122.284350,37.868285,4 -122.284213,37.868285,4 -122.284213,37.868393,4 -122.284350,37.868393,4 -122.284350,37.868285,4</coordinates></LinearRing></outerBoundaryIs></Polygon></Placemark>
  <Placemark><name>ADU</name><styleUrl>#lab0</styleUrl><Region><LatLonAltBox><west>-122.284350</west><east>-122.284213</east><south>37.868285</south><north>37.868393</north></LatLonAltBox><Lod><minLodPixels>700</minLodPixels><maxLodPixels>-1</maxLodPixels></Lod></Region><Point><altitudeMode>relativeToGround</altitudeMode><coordinates>-122.284295,37.868328,4.0</coordinates></Point></Placemark>
  <Placemark><styleUrl>#poly0</styleUrl><Polygon><extrude>1</extrude><altitudeMode>relativeToGround</altitudeMode><outerBoundaryIs><LinearRing><coordinates>-122.252814,37.890901,4 -122.252678,37.890901,4 -122.252678,37.891009,4 -122.252814,37.891009,4 -122.252814,37.890901,4</coordinates></LinearRing></outerBoundaryIs></Polygon></Placemark>
  <Placemark><name>ADU</name><styleUrl>#lab0</styleUrl><Region><LatLonAltBox><west>-122.252814</west><east>-122.252678</east><south>37.890901</south><north>37.891009</north></LatLonAltBox><Lod><minLodPixels>700</minLodPixels><maxLodPixels>-1</maxLodPixels></Lod></Region><Point><altitudeMode>relativeToGround</altitudeMode><coordinates>-122.252760,37.890944,4.0</coordinates></Point></Placemark>
  <Placemark><styleUrl>#poly0</styleUrl><Polygon><extrude>1</extrude><altitudeMode>relativeToGround</altitudeMode><outerBoundaryIs><LinearRing><coordinates>-122.267290,37.856034,4 -122.267153,37.856034,4 -122.267153,37.856142,4 -122.267290,37.856142,4 -122.267290,37.856034,4</coordinates></LinearRing></outerBoundaryIs></Polygon></Placemark>
  <Placemark><name>ADU</name><styleUrl>#lab0</styleUrl><Region><LatLonAltBox><west>-122.267290</west><east>-122.267153</east><south>37.856034</south><north>37.856142</north></LatLonAltBox><Lod><minLodPixels>700</minLodPixels><maxLodPixels>-1</maxLodPixels></Lod></Region><Point><altitudeMode>relativeToGround</altitudeMode><coordinates>-122.267235,37.856077,4.0</coordinates></Point></Placemark>
  <Placemark><styleUrl>#poly0</styleUrl><Polygon><extrude>1</extrude><altitudeMode>relativeToGround</altitudeMode><outerBoundaryIs><LinearRing><coordinates>-122.282667,37.854841,4 -122.282531,37.854841,4 -122.282531,37.854949,4 -122.282667,37.854949,4 -122.282667,37.854841,4</coordinates></LinearRing></outerBoundaryIs></Polygon></Placemark>
  <Placemark><name>ADU</name><styleUrl>#lab0</styleUrl><Region><LatLonAltBox><west>-122.282667</west><east>-122.282531</east><south>37.854841</south><north>37.854949</north></LatLonAltBox><Lod><minLodPixels>700</minLodPixels><maxLodPixels>-1</maxLodPixels></Lod></Region><Point><altitudeMode>relativeToGround</altitudeMode><coordinates>-122.282613,37.854884,4.0</coordinates></Point></Placemark>
  <Placemark><styleUrl>#poly0</styleUrl><Polygon><extrude>1</extrude><altitudeMode>relativeToGround</altitudeMode><outerBoundaryIs><LinearRing><coordinates>-122.251093,37.863679,4 -122.250956,37.863679,4 -122.250956,37.863787,4 -122.251093,37.863787,4 -122.251093,37.863679,4</coordinates></LinearRing></outerBoundaryIs></Polygon></Placemark>
  <Placemark><name>ADU</name><styleUrl>#lab0</styleUrl><Region><LatLonAltBox><west>-122.251093</west><east>-122.250956</east><south>37.863679</south><north>37.863787</north></LatLonAltBox><Lod><minLodPixels>700</minLodPixels><maxLodPixels>-1</maxLodPixels></Lod></Region><Point><altitudeMode>relativeToGround</altitudeMode><coordinates>-122.251038,37.863722,4.0</coordinates></Point></Placemark>
  <Placemark><styleUrl>#poly0</styleUrl><Polygon><extrude>1</extrude><altitudeMode>relativeToGround</altitudeMode><outerBoundaryIs><LinearRing><coordinates>-122.281577,37.850701,4 -122.281440,37.850701,4 -122.281440,37.850808,4 -122.281577,37.850808,4 -122.281577,37.850701,4</coordinates></LinearRing></outerBoundaryIs></Polygon></Placemark>
  <Placemark><name>ADU</name><styleUrl>#lab0</styleUrl><Region><LatLonAltBox><west>-122.281577</west><east>-122.281440</east><south>37.850701</south><north>37.850808</north></LatLonAltBox><Lod><minLodPixels>700</minLodPixels><maxLodPixels>-1</maxLodPixels></Lod></Region><Point><altitudeMode>relativeToGround</altitudeMode><coordinates>-122.281522,37.850744,4.0</coordinates></Point></Placemark>
  <Placemark><styleUrl>#poly0</styleUrl><Polygon><extrude>1</extrude><altitudeMode>relativeToGround</altitudeMode><outerBoundaryIs><LinearRing><coordinates>-122.281433,37.876994,4 -122.281297,37.876994,4 -122.281297,37.877101,4 -122.281433,37.877101,4 -122.281433,37.876994,4</coordinates></LinearRing></outerBoundaryIs></Polygon></Placemark>
  <Placemark><name>ADU</name><styleUrl>#lab0</styleUrl><Region><LatLonAltBox><west>-122.281433</west><east>-122.281297</east><south>37.876994</south><north>37.877101</north></LatLonAltBox><Lod><minLodPixels>700</minLodPixels><maxLodPixels>-1</maxLodPixels></Lod></Region><Point><altitudeMode>relativeToGround</altitudeMode><coordinates>-122.281379,37.877037,4.0</coordinates></Point></Placemark>
  <Placemark><styleUrl>#poly0</styleUrl><Polygon><extrude>1</extrude><altitudeMode>relativeToGround</altitudeMode><outerBoundaryIs><LinearRing><coordinates>-122.250538,37.868092,4 -122.250401,37.868092,4 -122.250401,37.868200,4 -122.250538,37.868200,4 -122.250538,37.868092,4</coordinates></LinearRing></outerBoundaryIs></Polygon></Placemark>
  <Placemark><name>ADU</name><styleUrl>#lab0</styleUrl><Region><LatLonAltBox><west>-122.250538</west><east>-122.250401</east><south>37.868092</south><north>37.868200</north></LatLonAltBox><Lod><minLodPixels>700</minLodPixels><maxLodPixels>-1</maxLodPixels></Lod></Region><Point><altitudeMode>relativeToGround</altitudeMode><coordinates>-122.250483,37.868135,4.0</coordinates></Point></Placemark>
  <Placemark><styleUrl>#poly0</styleUrl><Polygon><extrude>1</extrude><altitudeMode>relativeToGround</altitudeMode><outerBoundaryIs><LinearRing><coordinates>-122.269107,37.901213,4 -122.268971,37.901213,4 -122.268971,37.901320,4 -122.269107,37.901320,4 -122.269107,37.901213,4</coordinates></LinearRing></outerBoundaryIs></Polygon></Placemark>
  <Placemark><name>ADU</name><styleUrl>#lab0</styleUrl><Region><LatLonAltBox><west>-122.269107</west><east>-122.268971</east><south>37.901213</south><north>37.901320</north></LatLonAltBox><Lod><minLodPixels>700</minLodPixels><maxLodPixels>-1</maxLodPixels></Lod></Region><Point><altitudeMode>relativeToGround</altitudeMode><coordinates>-122.269053,37.901256,4.0</coordinates></Point></Placemark>
  <Placemark><styleUrl>#poly0</styleUrl><Polygon><extrude>1</extrude><altitudeMode>relativeToGround</altitudeMode><outerBoundaryIs><LinearRing><coordinates>-122.292842,37.877779,4 -122.292705,37.877779,4 -122.292705,37.877887,4 -122.292842,37.877887,4 -122.292842,37.877779,4</coordinates></LinearRing></outerBoundaryIs></Polygon></Placemark>
  <Placemark><name>ADU</name><styleUrl>#lab0</styleUrl><Region><LatLonAltBox><west>-122.292842</west><east>-122.292705</east><south>37.877779</south><north>37.877887</north></LatLonAltBox><Lod><minLodPixels>700</minLodPixels><maxLodPixels>-1</maxLodPixels></Lod></Region><Point><altitudeMode>relativeToGround</altitudeMode><coordinates>-122.292787,37.877822,4.0</coordinates></Point></Placemark>
  <Placemark><styleUrl>#poly0</styleUrl><Polygon><extrude>1</extrude><altitudeMode>relativeToGround</altitudeMode><outerBoundaryIs><LinearRing><coordinates>-122.274824,37.880569,4 -122.274687,37.880569,4 -122.274687,37.880676,4 -122.274824,37.880676,4 -122.274824,37.880569,4</coordinates></LinearRing></outerBoundaryIs></Polygon></Placemark>
  <Placemark><name>ADU</name><styleUrl>#lab0</styleUrl><Region><LatLonAltBox><west>-122.274824</west><east>-122.274687</east><south>37.880569</south><north>37.880676</north></LatLonAltBox><Lod><minLodPixels>700</minLodPixels><maxLodPixels>-1</maxLodPixels></Lod></Region><Point><altitudeMode>relativeToGround</altitudeMode><coordinates>-122.274769,37.880612,4.0</coordinates></Point></Placemark>
  <Placemark><styleUrl>#poly0</styleUrl><Polygon><extrude>1</extrude><altitudeMode>relativeToGround</altitudeMode><outerBoundaryIs><LinearRing><coordinates>-122.299778,37.876253,4 -122.299642,37.876253,4 -122.299642,37.876361,4 -122.299778,37.876361,4 -122.299778,37.876253,4</coordinates></LinearRing></outerBoundaryIs></Polygon></Placemark>
  <Placemark><name>ADU</name><styleUrl>#lab0</styleUrl><Region><LatLonAltBox><west>-122.299778</west><east>-122.299642</east><south>37.876253</south><north>37.876361</north></LatLonAltBox><Lod><minLodPixels>700</minLodPixels><maxLodPixels>-1</maxLodPixels></Lod></Region><Point><altitudeMode>relativeToGround</altitudeMode><coordinates>-122.299724,37.876296,4.0</coordinates></Point></Placemark>
  <Placemark><styleUrl>#poly0</styleUrl><Polygon><extrude>1</extrude><altitudeMode>relativeToGround</altitudeMode><outerBoundaryIs><LinearRing><coordinates>-122.256551,37.853551,4 -122.256414,37.853551,4 -122.256414,37.853659,4 -122.256551,37.853659,4 -122.256551,37.853551,4</coordinates></LinearRing></outerBoundaryIs></Polygon></Placemark>
  <Placemark><name>ADU</name><styleUrl>#lab0</styleUrl><Region><LatLonAltBox><west>-122.256551</west><east>-122.256414</east><south>37.853551</south><north>37.853659</north></LatLonAltBox><Lod><minLodPixels>700</minLodPixels><maxLodPixels>-1</maxLodPixels></Lod></Region><Point><altitudeMode>relativeToGround</altitudeMode><coordinates>-122.256496,37.853594,4.0</coordinates></Point></Placemark>
  <Placemark><styleUrl>#poly0</styleUrl><Polygon><extrude>1</extrude><altitudeMode>relativeToGround</altitudeMode><outerBoundaryIs><LinearRing><coordinates>-122.289251,37.876306,4 -122.289114,37.876306,4 -122.289114,37.876413,4 -122.289251,37.876413,4 -122.289251,37.876306,4</coordinates></LinearRing></outerBoundaryIs></Polygon></Placemark>
  <Placemark><name>ADU</name><styleUrl>#lab0</styleUrl><Region><LatLonAltBox><west>-122.289251</west><east>-122.289114</east><south>37.876306</south><north>37.876413</north></LatLonAltBox><Lod><minLodPixels>700</minLodPixels><maxLodPixels>-1</maxLodPixels></Lod></Region><Point><altitudeMode>relativeToGround</altitudeMode><coordinates>-122.289196,37.876349,4.0</coordinates></Point></Placemark>
  <Placemark><styleUrl>#poly0</styleUrl><Polygon><extrude>1</extrude><altitudeMode>relativeToGround</altitudeMode><outerBoundaryIs><LinearRing><coordinates>-122.286152,37.896375,4 -122.286016,37.896375,4 -122.286016,37.896483,4 -122.286152,37.896483,4 -122.286152,37.896375,4</coordinates></LinearRing></outerBoundaryIs></Polygon></Placemark>
  <Placemark><name>ADU</name><styleUrl>#lab0</styleUrl><Region><LatLonAltBox><west>-122.286152</west><east>-122.286016</east><south>37.896375</south><north>37.896483</north></LatLonAltBox><Lod><minLodPixels>700</minLodPixels><maxLodPixels>-1</maxLodPixels></Lod></Region><Point><altitudeMode>relativeToGround</altitudeMode><coordinates>-122.286098,37.896418,4.0</coordinates></Point></Placemark>
  <Placemark><styleUrl>#poly0</styleUrl><Polygon><extrude>1</extrude><altitudeMode>relativeToGround</altitudeMode><outerBoundaryIs><LinearRing><coordinates>-122.284416,37.858360,4 -122.284280,37.858360,4 -122.284280,37.858468,4 -122.284416,37.858468,4 -122.284416,37.858360,4</coordinates></LinearRing></outerBoundaryIs></Polygon></Placemark>
  <Placemark><name>ADU</name><styleUrl>#lab0</styleUrl><Region><LatLonAltBox><west>-122.284416</west><east>-122.284280</east><south>37.858360</south><north>37.858468</north></LatLonAltBox><Lod><minLodPixels>700</minLodPixels><maxLodPixels>-1</maxLodPixels></Lod></Region><Point><altitudeMode>relativeToGround</altitudeMode><coordinates>-122.284362,37.858403,4.0</coordinates></Point></Placemark>
  <Placemark><styleUrl>#poly0</styleUrl><Polygon><extrude>1</extrude><altitudeMode>relativeToGround</altitudeMode><outerBoundaryIs><LinearRing><coordinates>-122.297968,37.873434,4 -122.297831,37.873434,4 -122.297831,37.873542,4 -122.297968,37.873542,4 -122.297968,37.873434,4</coordinates></LinearRing></outerBoundaryIs></Polygon></Placemark>
  <Placemark><name>ADU</name><styleUrl>#lab0</styleUrl><Region><LatLonAltBox><west>-122.297968</west><east>-122.297831</east><south>37.873434</south><north>37.873542</north></LatLonAltBox><Lod><minLodPixels>700</minLodPixels><maxLodPixels>-1</maxLodPixels></Lod></Region><Point><altitudeMode>relativeToGround</altitudeMode><coordinates>-122.297913,37.873477,4.0</coordinates></Point></Placemark>
  <Placemark><styleUrl>#poly0</styleUrl><Polygon><extrude>1</extrude><altitudeMode>relativeToGround</altitudeMode><outerBoundaryIs><LinearRing><coordinates>-122.255946,37.878072,4 -122.255810,37.878072,4 -122.255810,37.878180,4 -122.255946,37.878180,4 -122.255946,37.878072,4</coordinates></LinearRing></outerBoundaryIs></Polygon></Placemark>
  <Placemark><name>ADU</name><styleUrl>#lab0</styleUrl><Region><LatLonAltBox><west>-122.255946</west><east>-122.255810</east><south>37.878072</south><north>37.878180</north></LatLonAltBox><Lod><minLodPixels>700</minLodPixels><maxLodPixels>-1</maxLodPixels></Lod></Region><Point><altitudeMode>relativeToGround</altitudeMode><coordinates>-122.255892,37.878115,4.0</coordinates></Point></Placemark>
  <Placemark><styleUrl>#poly0</styleUrl><Polygon><extrude>1</extrude><altitudeMode>relativeToGround</altitudeMode><outerBoundaryIs><LinearRing><coordinates>-122.253350,37.863096,4 -122.253213,37.863096,4 -122.253213,37.863204,4 -122.253350,37.863204,4 -122.253350,37.863096,4</coordinates></LinearRing></outerBoundaryIs></Polygon></Placemark>
  <Placemark><name>ADU</name><styleUrl>#lab0</styleUrl><Region><LatLonAltBox><west>-122.253350</west><east>-122.253213</east><south>37.863096</south><north>37.863204</north></LatLonAltBox><Lod><minLodPixels>700</minLodPixels><maxLodPixels>-1</maxLodPixels></Lod></Region><Point><altitudeMode>relativeToGround</altitudeMode><coordinates>-122.253295,37.863139,4.0</coordinates></Point></Placemark>
  <Placemark><styleUrl>#poly0</styleUrl><Polygon><extrude>1</extrude><altitudeMode>relativeToGround</altitudeMode><outerBoundaryIs><LinearRing><coordinates>-122.288133,37.881044,4 -122.287997,37.881044,4 -122.287997,37.881152,4 -122.288133,37.881152,4 -122.288133,37.881044,4</coordinates></LinearRing></outerBoundaryIs></Polygon></Placemark>
  <Placemark><name>ADU</name><styleUrl>#lab0</styleUrl><Region><LatLonAltBox><west>-122.288133</west><east>-122.287997</east><south>37.881044</south><north>37.881152</north></LatLonAltBox><Lod><minLodPixels>700</minLodPixels><maxLodPixels>-1</maxLodPixels></Lod></Region><Point><altitudeMode>relativeToGround</altitudeMode><coordinates>-122.288079,37.881087,4.0</coordinates></Point></Placemark>
  <Placemark><styleUrl>#poly0</styleUrl><Polygon><extrude>1</extrude><altitudeMode>relativeToGround</altitudeMode><outerBoundaryIs><LinearRing><coordinates>-122.252468,37.861619,4 -122.252332,37.861619,4 -122.252332,37.861727,4 -122.252468,37.861727,4 -122.252468,37.861619,4</coordinates></LinearRing></outerBoundaryIs></Polygon></Placemark>
  <Placemark><name>ADU</name><styleUrl>#lab0</styleUrl><Region><LatLonAltBox><west>-122.252468</west><east>-122.252332</east><south>37.861619</south><north>37.861727</north></LatLonAltBox><Lod><minLodPixels>700</minLodPixels><maxLodPixels>-1</maxLodPixels></Lod></Region><Point><altitudeMode>relativeToGround</altitudeMode><coordinates>-122.252414,37.861662,4.0</coordinates></Point></Placemark>
  <Placemark><styleUrl>#poly0</styleUrl><Polygon><extrude>1</extrude><altitudeMode>relativeToGround</altitudeMode><outerBoundaryIs><LinearRing><coordinates>-122.289243,37.872387,4 -122.289106,37.872387,4 -122.289106,37.872494,4 -122.289243,37.872494,4 -122.289243,37.872387,4</coordinates></LinearRing></outerBoundaryIs></Polygon></Placemark>
  <Placemark><name>ADU</name><styleUrl>#lab0</styleUrl><Region><LatLonAltBox><west>-122.289243</west><east>-122.289106</east><south>37.872387</south><north>37.872494</north></LatLonAltBox><Lod><minLodPixels>700</minLodPixels><maxLodPixels>-1</maxLodPixels></Lod></Region><Point><altitudeMode>relativeToGround</altitudeMode><coordinates>-122.289188,37.872430,4.0</coordinates></Point></Placemark>
  <Placemark><styleUrl>#poly0</styleUrl><Polygon><extrude>1</extrude><altitudeMode>relativeToGround</altitudeMode><outerBoundaryIs><LinearRing><coordinates>-122.282209,37.880648,4 -122.282073,37.880648,4 -122.282073,37.880755,4 -122.282209,37.880755,4 -122.282209,37.880648,4</coordinates></LinearRing></outerBoundaryIs></Polygon></Placemark>
  <Placemark><name>ADU</name><styleUrl>#lab0</styleUrl><Region><LatLonAltBox><west>-122.282209</west><east>-122.282073</east><south>37.880648</south><north>37.880755</north></LatLonAltBox><Lod><minLodPixels>700</minLodPixels><maxLodPixels>-1</maxLodPixels></Lod></Region><Point><altitudeMode>relativeToGround</altitudeMode><coordinates>-122.282155,37.880691,4.0</coordinates></Point></Placemark>
  <Placemark><styleUrl>#poly0</styleUrl><Polygon><extrude>1</extrude><altitudeMode>relativeToGround</altitudeMode><outerBoundaryIs><LinearRing><coordinates>-122.251936,37.864792,4 -122.251800,37.864792,4 -122.251800,37.864900,4 -122.251936,37.864900,4 -122.251936,37.864792,4</coordinates></LinearRing></outerBoundaryIs></Polygon></Placemark>
  <Placemark><name>ADU</name><styleUrl>#lab0</styleUrl><Region><LatLonAltBox><west>-122.251936</west><east>-122.251800</east><south>37.864792</south><north>37.864900</north></LatLonAltBox><Lod><minLodPixels>700</minLodPixels><maxLodPixels>-1</maxLodPixels></Lod></Region><Point><altitudeMode>relativeToGround</altitudeMode><coordinates>-122.251882,37.864835,4.0</coordinates></Point></Placemark>
  <Placemark><styleUrl>#poly0</styleUrl><Polygon><extrude>1</extrude><altitudeMode>relativeToGround</altitudeMode><outerBoundaryIs><LinearRing><coordinates>-122.297274,37.864808,4 -122.297138,37.864808,4 -122.297138,37.864916,4 -122.297274,37.864916,4 -122.297274,37.864808,4</coordinates></LinearRing></outerBoundaryIs></Polygon></Placemark>
  <Placemark><name>ADU</name><styleUrl>#lab0</styleUrl><Region><LatLonAltBox><west>-122.297274</west><east>-122.297138</east><south>37.864808</south><north>37.864916</north></LatLonAltBox><Lod><minLodPixels>700</minLodPixels><maxLodPixels>-1</maxLodPixels></Lod></Region><Point><altitudeMode>relativeToGround</altitudeMode><coordinates>-122.297220,37.864851,4.0</coordinates></Point></Placemark>
  <Placemark><styleUrl>#poly0</styleUrl><Polygon><extrude>1</extrude><altitudeMode>relativeToGround</altitudeMode><outerBoundaryIs><LinearRing><coordinates>-122.287612,37.871502,4 -122.287475,37.871502,4 -122.287475,37.871610,4 -122.287612,37.871610,4 -122.287612,37.871502,4</coordinates></LinearRing></outerBoundaryIs></Polygon></Placemark>
  <Placemark><name>ADU</name><styleUrl>#lab0</styleUrl><Region><LatLonAltBox><west>-122.287612</west><east>-122.287475</east><south>37.871502</south><north>37.871610</north></LatLonAltBox><Lod><minLodPixels>700</minLodPixels><maxLodPixels>-1</maxLodPixels></Lod></Region><Point><altitudeMode>relativeToGround</altitudeMode><coordinates>-122.287557,37.871545,4.0</coordinates></Point></Placemark>
  <Placemark><styleUrl>#poly0</styleUrl><Polygon><extrude>1</extrude><altitudeMode>relativeToGround</altitudeMode><outerBoundaryIs><LinearRing><coordinates>-122.257769,37.858452,4 -122.257632,37.858452,4 -122.257632,37.858559,4 -122.257769,37.858559,4 -122.257769,37.858452,4</coordinates></LinearRing></outerBoundaryIs></Polygon></Placemark>
  <Placemark><name>ADU</name><styleUrl>#lab0</styleUrl><Region><LatLonAltBox><west>-122.257769</west><east>-122.257632</east><south>37.858452</south><north>37.858559</north></LatLonAltBox><Lod><minLodPixels>700</minLodPixels><maxLodPixels>-1</maxLodPixels></Lod></Region><Point><altitudeMode>relativeToGround</altitudeMode><coordinates>-122.257714,37.858495,4.0</coordinates></Point></Placemark>
  <Placemark><styleUrl>#poly0</styleUrl><Polygon><extrude>1</extrude><altitudeMode>relativeToGround</altitudeMode><outerBoundaryIs><LinearRing><coordinates>-122.282497,37.878230,4 -122.282360,37.878230,4 -122.282360,37.878338,4 -122.282497,37.878338,4 -122.282497,37.878230,4</coordinates></LinearRing></outerBoundaryIs></Polygon></Placemark>
  <Placemark><name>ADU</name><styleUrl>#lab0</styleUrl><Region><LatLonAltBox><west>-122.282497</west><east>-122.282360</east><south>37.878230</south><north>37.878338</north></LatLonAltBox><Lod><minLodPixels>700</minLodPixels><maxLodPixels>-1</maxLodPixels></Lod></Region><Point><altitudeMode>relativeToGround</altitudeMode><coordinates>-122.282442,37.878273,4.0</coordinates></Point></Placemark>
  <Placemark><styleUrl>#poly0</styleUrl><Polygon><extrude>1</extrude><altitudeMode>relativeToGround</altitudeMode><outerBoundaryIs><LinearRing><coordinates>-122.271315,37.858659,4 -122.271179,37.858659,4 -122.271179,37.858766,4 -122.271315,37.858766,4 -122.271315,37.858659,4</coordinates></LinearRing></outerBoundaryIs></Polygon></Placemark>
  <Placemark><name>ADU</name><styleUrl>#lab0</styleUrl><Region><LatLonAltBox><west>-122.271315</west><east>-122.271179</east><south>37.858659</south><north>37.858766</north></LatLonAltBox><Lod><minLodPixels>700</minLodPixels><maxLodPixels>-1</maxLodPixels></Lod></Region><Point><altitudeMode>relativeToGround</altitudeMode><coordinates>-122.271261,37.858702,4.0</coordinates></Point></Placemark>
  <Placemark><styleUrl>#poly0</styleUrl><Polygon><extrude>1</extrude><altitudeMode>relativeToGround</altitudeMode><outerBoundaryIs><LinearRing><coordinates>-122.266393,37.877156,4 -122.266256,37.877156,4 -122.266256,37.877264,4 -122.266393,37.877264,4 -122.266393,37.877156,4</coordinates></LinearRing></outerBoundaryIs></Polygon></Placemark>
  <Placemark><name>ADU</name><styleUrl>#lab0</styleUrl><Region><LatLonAltBox><west>-122.266393</west><east>-122.266256</east><south>37.877156</south><north>37.877264</north></LatLonAltBox><Lod><minLodPixels>700</minLodPixels><maxLodPixels>-1</maxLodPixels></Lod></Region><Point><altitudeMode>relativeToGround</altitudeMode><coordinates>-122.266338,37.877199,4.0</coordinates></Point></Placemark>
  <Placemark><styleUrl>#poly0</styleUrl><Polygon><extrude>1</extrude><altitudeMode>relativeToGround</altitudeMode><outerBoundaryIs><LinearRing><coordinates>-122.294433,37.873369,4 -122.294297,37.873369,4 -122.294297,37.873476,4 -122.294433,37.873476,4 -122.294433,37.873369,4</coordinates></LinearRing></outerBoundaryIs></Polygon></Placemark>
  <Placemark><name>ADU</name><styleUrl>#lab0</styleUrl><Region><LatLonAltBox><west>-122.294433</west><east>-122.294297</east><south>37.873369</south><north>37.873476</north></LatLonAltBox><Lod><minLodPixels>700</minLodPixels><maxLodPixels>-1</maxLodPixels></Lod></Region><Point><altitudeMode>relativeToGround</altitudeMode><coordinates>-122.294379,37.873412,4.0</coordinates></Point></Placemark>
  <Placemark><styleUrl>#poly0</styleUrl><Polygon><extrude>1</extrude><altitudeMode>relativeToGround</altitudeMode><outerBoundaryIs><LinearRing><coordinates>-122.245574,37.861662,4 -122.245438,37.861662,4 -122.245438,37.861770,4 -122.245574,37.861770,4 -122.245574,37.861662,4</coordinates></LinearRing></outerBoundaryIs></Polygon></Placemark>
  <Placemark><name>ADU</name><styleUrl>#lab0</styleUrl><Region><LatLonAltBox><west>-122.245574</west><east>-122.245438</east><south>37.861662</south><north>37.861770</north></LatLonAltBox><Lod><minLodPixels>700</minLodPixels><maxLodPixels>-1</maxLodPixels></Lod></Region><Point><altitudeMode>relativeToGround</altitudeMode><coordinates>-122.245520,37.861705,4.0</coordinates></Point></Placemark>
  <Placemark><styleUrl>#poly0</styleUrl><Polygon><extrude>1</extrude><altitudeMode>relativeToGround</altitudeMode><outerBoundaryIs><LinearRing><coordinates>-122.255072,37.885824,4 -122.254935,37.885824,4 -122.254935,37.885932,4 -122.255072,37.885932,4 -122.255072,37.885824,4</coordinates></LinearRing></outerBoundaryIs></Polygon></Placemark>
  <Placemark><name>ADU</name><styleUrl>#lab0</styleUrl><Region><LatLonAltBox><west>-122.255072</west><east>-122.254935</east><south>37.885824</south><north>37.885932</north></LatLonAltBox><Lod><minLodPixels>700</minLodPixels><maxLodPixels>-1</maxLodPixels></Lod></Region><Point><altitudeMode>relativeToGround</altitudeMode><coordinates>-122.255017,37.885867,4.0</coordinates></Point></Placemark>
  <Placemark><styleUrl>#poly0</styleUrl><Polygon><extrude>1</extrude><altitudeMode>relativeToGround</altitudeMode><outerBoundaryIs><LinearRing><coordinates>-122.270369,37.886667,4 -122.270232,37.886667,4 -122.270232,37.886774,4 -122.270369,37.886774,4 -122.270369,37.886667,4</coordinates></LinearRing></outerBoundaryIs></Polygon></Placemark>
  <Placemark><name>ADU</name><styleUrl>#lab0</styleUrl><Region><LatLonAltBox><west>-122.270369</west><east>-122.270232</east><south>37.886667</south><north>37.886774</north></LatLonAltBox><Lod><minLodPixels>700</minLodPixels><maxLodPixels>-1</maxLodPixels></Lod></Region><Point><altitudeMode>relativeToGround</altitudeMode><coordinates>-122.270314,37.886710,4.0</coordinates></Point></Placemark>
  <Placemark><styleUrl>#poly0</styleUrl><Polygon><extrude>1</extrude><altitudeMode>relativeToGround</altitudeMode><outerBoundaryIs><LinearRing><coordinates>-122.263704,37.861888,4 -122.263567,37.861888,4 -122.263567,37.861996,4 -122.263704,37.861996,4 -122.263704,37.861888,4</coordinates></LinearRing></outerBoundaryIs></Polygon></Placemark>
  <Placemark><name>ADU</name><styleUrl>#lab0</styleUrl><Region><LatLonAltBox><west>-122.263704</west><east>-122.263567</east><south>37.861888</south><north>37.861996</north></LatLonAltBox><Lod><minLodPixels>700</minLodPixels><maxLodPixels>-1</maxLodPixels></Lod></Region><Point><altitudeMode>relativeToGround</altitudeMode><coordinates>-122.263649,37.861931,4.0</coordinates></Point></Placemark>
  <Placemark><styleUrl>#poly0</styleUrl><Polygon><extrude>1</extrude><altitudeMode>relativeToGround</altitudeMode><outerBoundaryIs><LinearRing><coordinates>-122.275626,37.867173,4 -122.275489,37.867173,4 -122.275489,37.867280,4 -122.275626,37.867280,4 -122.275626,37.867173,4</coordinates></LinearRing></outerBoundaryIs></Polygon></Placemark>
  <Placemark><name>ADU</name><styleUrl>#lab0</styleUrl><Region><LatLonAltBox><west>-122.275626</west><east>-122.275489</east><south>37.867173</south><north>37.867280</north></LatLonAltBox><Lod><minLodPixels>700</minLodPixels><maxLodPixels>-1</maxLodPixels></Lod></Region><Point><altitudeMode>relativeToGround</altitudeMode><coordinates>-122.275571,37.867216,4.0</coordinates></Point></Placemark>
  <Placemark><styleUrl>#poly0</styleUrl><Polygon><extrude>1</extrude><altitudeMode>relativeToGround</altitudeMode><outerBoundaryIs><LinearRing><coordinates>-122.294667,37.881618,4 -122.294531,37.881618,4 -122.294531,37.881726,4 -122.294667,37.881726,4 -122.294667,37.881618,4</coordinates></LinearRing></outerBoundaryIs></Polygon></Placemark>
  <Placemark><name>ADU</name><styleUrl>#lab0</styleUrl><Region><LatLonAltBox><west>-122.294667</west><east>-122.294531</east><south>37.881618</south><north>37.881726</north></LatLonAltBox><Lod><minLodPixels>700</minLodPixels><maxLodPixels>-1</maxLodPixels></Lod></Region><Point><altitudeMode>relativeToGround</altitudeMode><coordinates>-122.294613,37.881661,4.0</coordinates></Point></Placemark>
  <Placemark><styleUrl>#poly0</styleUrl><Polygon><extrude>1</extrude><altitudeMode>relativeToGround</altitudeMode><outerBoundaryIs><LinearRing><coordinates>-122.278125,37.899500,4 -122.277989,37.899500,4 -122.277989,37.899608,4 -122.278125,37.899608,4 -122.278125,37.899500,4</coordinates></LinearRing></outerBoundaryIs></Polygon></Placemark>
  <Placemark><name>ADU</name><styleUrl>#lab0</styleUrl><Region><LatLonAltBox><west>-122.278125</west><east>-122.277989</east><south>37.899500</south><north>37.899608</north></LatLonAltBox><Lod><minLodPixels>700</minLodPixels><maxLodPixels>-1</maxLodPixels></Lod></Region><Point><altitudeMode>relativeToGround</altitudeMode><coordinates>-122.278071,37.899543,4.0</coordinates></Point></Placemark>
  <Placemark><styleUrl>#poly0</styleUrl><Polygon><extrude>1</extrude><altitudeMode>relativeToGround</altitudeMode><outerBoundaryIs><LinearRing><coordinates>-122.279827,37.896797,4 -122.279690,37.896797,4 -122.279690,37.896905,4 -122.279827,37.896905,4 -122.279827,37.896797,4</coordinates></LinearRing></outerBoundaryIs></Polygon></Placemark>
  <Placemark><name>ADU</name><styleUrl>#lab0</styleUrl><Region><LatLonAltBox><west>-122.279827</west><east>-122.279690</east><south>37.896797</south><north>37.896905</north></LatLonAltBox><Lod><minLodPixels>700</minLodPixels><maxLodPixels>-1</maxLodPixels></Lod></Region><Point><altitudeMode>relativeToGround</altitudeMode><coordinates>-122.279772,37.896840,4.0</coordinates></Point></Placemark>
  <Placemark><styleUrl>#poly0</styleUrl><Polygon><extrude>1</extrude><altitudeMode>relativeToGround</altitudeMode><outerBoundaryIs><LinearRing><coordinates>-122.274880,37.863362,4 -122.274744,37.863362,4 -122.274744,37.863470,4 -122.274880,37.863470,4 -122.274880,37.863362,4</coordinates></LinearRing></outerBoundaryIs></Polygon></Placemark>
  <Placemark><name>ADU</name><styleUrl>#lab0</styleUrl><Region><LatLonAltBox><west>-122.274880</west><east>-122.274744</east><south>37.863362</south><north>37.863470</north></LatLonAltBox><Lod><minLodPixels>700</minLodPixels><maxLodPixels>-1</maxLodPixels></Lod></Region><Point><altitudeMode>relativeToGround</altitudeMode><coordinates>-122.274826,37.863405,4.0</coordinates></Point></Placemark>
  <Placemark><styleUrl>#poly0</styleUrl><Polygon><extrude>1</extrude><altitudeMode>relativeToGround</altitudeMode><outerBoundaryIs><LinearRing><coordinates>-122.302028,37.876474,4 -122.301891,37.876474,4 -122.301891,37.876582,4 -122.302028,37.876582,4 -122.302028,37.876474,4</coordinates></LinearRing></outerBoundaryIs></Polygon></Placemark>
  <Placemark><name>ADU</name><styleUrl>#lab0</styleUrl><Region><LatLonAltBox><west>-122.302028</west><east>-122.301891</east><south>37.876474</south><north>37.876582</north></LatLonAltBox><Lod><minLodPixels>700</minLodPixels><maxLodPixels>-1</maxLodPixels></Lod></Region><Point><altitudeMode>relativeToGround</altitudeMode><coordinates>-122.301973,37.876517,4.0</coordinates></Point></Placemark>
  <Placemark><styleUrl>#poly0</styleUrl><Polygon><extrude>1</extrude><altitudeMode>relativeToGround</altitudeMode><outerBoundaryIs><LinearRing><coordinates>-122.253542,37.853946,4 -122.253405,37.853946,4 -122.253405,37.854053,4 -122.253542,37.854053,4 -122.253542,37.853946,4</coordinates></LinearRing></outerBoundaryIs></Polygon></Placemark>
  <Placemark><name>ADU</name><styleUrl>#lab0</styleUrl><Region><LatLonAltBox><west>-122.253542</west><east>-122.253405</east><south>37.853946</south><north>37.854053</north></LatLonAltBox><Lod><minLodPixels>700</minLodPixels><maxLodPixels>-1</maxLodPixels></Lod></Region><Point><altitudeMode>relativeToGround</altitudeMode><coordinates>-122.253487,37.853989,4.0</coordinates></Point></Placemark>
  <Placemark><styleUrl>#poly0</styleUrl><Polygon><extrude>1</extrude><altitudeMode>relativeToGround</altitudeMode><outerBoundaryIs><LinearRing><coordinates>-122.277289,37.885671,4 -122.277152,37.885671,4 -122.277152,37.885779,4 -122.277289,37.885779,4 -122.277289,37.885671,4</coordinates></LinearRing></outerBoundaryIs></Polygon></Placemark>
  <Placemark><name>ADU</name><styleUrl>#lab0</styleUrl><Region><LatLonAltBox><west>-122.277289</west><east>-122.277152</east><south>37.885671</south><north>37.885779</north></LatLonAltBox><Lod><minLodPixels>700</minLodPixels><maxLodPixels>-1</maxLodPixels></Lod></Region><Point><altitudeMode>relativeToGround</altitudeMode><coordinates>-122.277234,37.885714,4.0</coordinates></Point></Placemark>
  <Placemark><styleUrl>#poly0</styleUrl><Polygon><extrude>1</extrude><altitudeMode>relativeToGround</altitudeMode><outerBoundaryIs><LinearRing><coordinates>-122.258044,37.864443,4 -122.257908,37.864443,4 -122.257908,37.864551,4 -122.258044,37.864551,4 -122.258044,37.864443,4</coordinates></LinearRing></outerBoundaryIs></Polygon></Placemark>
  <Placemark><name>ADU</name><styleUrl>#lab0</styleUrl><Region><LatLonAltBox><west>-122.258044</west><east>-122.257908</east><south>37.864443</south><north>37.864551</north></LatLonAltBox><Lod><minLodPixels>700</minLodPixels><maxLodPixels>-1</maxLodPixels></Lod></Region><Point><altitudeMode>relativeToGround</altitudeMode><coordinates>-122.257990,37.864486,4.0</coordinates></Point></Placemark>
  <Placemark><styleUrl>#poly0</styleUrl><Polygon><extrude>1</extrude><altitudeMode>relativeToGround</altitudeMode><outerBoundaryIs><LinearRing><coordinates>-122.255268,37.856979,4 -122.255132,37.856979,4 -122.255132,37.857087,4 -122.255268,37.857087,4 -122.255268,37.856979,4</coordinates></LinearRing></outerBoundaryIs></Polygon></Placemark>
  <Placemark><name>ADU</name><styleUrl>#lab0</styleUrl><Region><LatLonAltBox><west>-122.255268</west><east>-122.255132</east><south>37.856979</south><north>37.857087</north></LatLonAltBox><Lod><minLodPixels>700</minLodPixels><maxLodPixels>-1</maxLodPixels></Lod></Region><Point><altitudeMode>relativeToGround</altitudeMode><coordinates>-122.255214,37.857022,4.0</coordinates></Point></Placemark>
  <Placemark><styleUrl>#poly0</styleUrl><Polygon><extrude>1</extrude><altitudeMode>relativeToGround</altitudeMode><outerBoundaryIs><LinearRing><coordinates>-122.281276,37.880653,4 -122.281140,37.880653,4 -122.281140,37.880761,4 -122.281276,37.880761,4 -122.281276,37.880653,4</coordinates></LinearRing></outerBoundaryIs></Polygon></Placemark>
  <Placemark><name>ADU</name><styleUrl>#lab0</styleUrl><Region><LatLonAltBox><west>-122.281276</west><east>-122.281140</east><south>37.880653</south><north>37.880761</north></LatLonAltBox><Lod><minLodPixels>700</minLodPixels><maxLodPixels>-1</maxLodPixels></Lod></Region><Point><altitudeMode>relativeToGround</altitudeMode><coordinates>-122.281222,37.880696,4.0</coordinates></Point></Placemark>
  <Placemark><styleUrl>#poly0</styleUrl><Polygon><extrude>1</extrude><altitudeMode>relativeToGround</altitudeMode><outerBoundaryIs><LinearRing><coordinates>-122.244111,37.855196,4 -122.243975,37.855196,4 -122.243975,37.855304,4 -122.244111,37.855304,4 -122.244111,37.855196,4</coordinates></LinearRing></outerBoundaryIs></Polygon></Placemark>
  <Placemark><name>ADU</name><styleUrl>#lab0</styleUrl><Region><LatLonAltBox><west>-122.244111</west><east>-122.243975</east><south>37.855196</south><north>37.855304</north></LatLonAltBox><Lod><minLodPixels>700</minLodPixels><maxLodPixels>-1</maxLodPixels></Lod></Region><Point><altitudeMode>relativeToGround</altitudeMode><coordinates>-122.244057,37.855239,4.0</coordinates></Point></Placemark>
  <Placemark><styleUrl>#poly0</styleUrl><Polygon><extrude>1</extrude><altitudeMode>relativeToGround</altitudeMode><outerBoundaryIs><LinearRing><coordinates>-122.280482,37.873745,4 -122.280345,37.873745,4 -122.280345,37.873853,4 -122.280482,37.873853,4 -122.280482,37.873745,4</coordinates></LinearRing></outerBoundaryIs></Polygon></Placemark>
  <Placemark><name>ADU</name><styleUrl>#lab0</styleUrl><Region><LatLonAltBox><west>-122.280482</west><east>-122.280345</east><south>37.873745</south><north>37.873853</north></LatLonAltBox><Lod><minLodPixels>700</minLodPixels><maxLodPixels>-1</maxLodPixels></Lod></Region><Point><altitudeMode>relativeToGround</altitudeMode><coordinates>-122.280427,37.873788,4.0</coordinates></Point></Placemark>
  <Placemark><styleUrl>#poly0</styleUrl><Polygon><extrude>1</extrude><altitudeMode>relativeToGround</altitudeMode><outerBoundaryIs><LinearRing><coordinates>-122.288306,37.874384,4 -122.288169,37.874384,4 -122.288169,37.874492,4 -122.288306,37.874492,4 -122.288306,37.874384,4</coordinates></LinearRing></outerBoundaryIs></Polygon></Placemark>
  <Placemark><name>ADU</name><styleUrl>#lab0</styleUrl><Region><LatLonAltBox><west>-122.288306</west><east>-122.288169</east><south>37.874384</south><north>37.874492</north></LatLonAltBox><Lod><minLodPixels>700</minLodPixels><maxLodPixels>-1</maxLodPixels></Lod></Region><Point><altitudeMode>relativeToGround</altitudeMode><coordinates>-122.288251,37.874427,4.0</coordinates></Point></Placemark>
  <Placemark><styleUrl>#poly0</styleUrl><Polygon><extrude>1</extrude><altitudeMode>relativeToGround</altitudeMode><outerBoundaryIs><LinearRing><coordinates>-122.286638,37.861635,4 -122.286502,37.861635,4 -122.286502,37.861743,4 -122.286638,37.861743,4 -122.286638,37.861635,4</coordinates></LinearRing></outerBoundaryIs></Polygon></Placemark>
  <Placemark><name>ADU</name><styleUrl>#lab0</styleUrl><Region><LatLonAltBox><west>-122.286638</west><east>-122.286502</east><south>37.861635</south><north>37.861743</north></LatLonAltBox><Lod><minLodPixels>700</minLodPixels><maxLodPixels>-1</maxLodPixels></Lod></Region><Point><altitudeMode>relativeToGround</altitudeMode><coordinates>-122.286584,37.861678,4.0</coordinates></Point></Placemark>
  <Placemark><styleUrl>#poly0</styleUrl><Polygon><extrude>1</extrude><altitudeMode>relativeToGround</altitudeMode><outerBoundaryIs><LinearRing><coordinates>-122.281686,37.852856,4 -122.281549,37.852856,4 -122.281549,37.852964,4 -122.281686,37.852964,4 -122.281686,37.852856,4</coordinates></LinearRing></outerBoundaryIs></Polygon></Placemark>
  <Placemark><name>ADU</name><styleUrl>#lab0</styleUrl><Region><LatLonAltBox><west>-122.281686</west><east>-122.281549</east><south>37.852856</south><north>37.852964</north></LatLonAltBox><Lod><minLodPixels>700</minLodPixels><maxLodPixels>-1</maxLodPixels></Lod></Region><Point><altitudeMode>relativeToGround</altitudeMode><coordinates>-122.281631,37.852899,4.0</coordinates></Point></Placemark>
  <Placemark><styleUrl>#poly0</styleUrl><Polygon><extrude>1</extrude><altitudeMode>relativeToGround</altitudeMode><outerBoundaryIs><LinearRing><coordinates>-122.289847,37.874085,4 -122.289710,37.874085,4 -122.289710,37.874193,4 -122.289847,37.874193,4 -122.289847,37.874085,4</coordinates></LinearRing></outerBoundaryIs></Polygon></Placemark>
  <Placemark><name>ADU</name><styleUrl>#lab0</styleUrl><Region><LatLonAltBox><west>-122.289847</west><east>-122.289710</east><south>37.874085</south><north>37.874193</north></LatLonAltBox><Lod><minLodPixels>700</minLodPixels><maxLodPixels>-1</maxLodPixels></Lod></Region><Point><altitudeMode>relativeToGround</altitudeMode><coordinates>-122.289792,37.874128,4.0</coordinates></Point></Placemark>
  <Placemark><styleUrl>#poly0</styleUrl><description><![CDATA[<b>2001 ASHBY Ave</b><br/><b>Units:</b> 87<br/><b>VLI Units:</b> 86<br/><b>Stories:</b> 1<br/><b>Height:</b> 3.5m<br/><b>Status:</b> Completed]]></description><Polygon>
				<extrude>1</extrude>
				<altitudeMode>relativeToGround</altitudeMode>
				<outerBoundaryIs>
					<LinearRing>
						<coordinates>
							-122.2680143544641,37.85560352017218,3.5 -122.2680588419296,37.85559787972672,3.5 -122.2680450383111,37.85548857423015,3.5 -122.2681134430646,37.85547990177098,3.5 -122.2680789316493,37.85520663937028,3.5 -122.2685871442872,37.85514220475695,3.5 -122.2685964923144,37.85514167517936,3.5 -122.2686058189153,37.85514239376007,3.5 -122.2686148605719,37.85514433993507,3.5 -122.2686233597965,37.85514745802748,3.5 -122.2686310741988,37.85515166000763,3.5 -122.2686377844509,37.85515682464126,3.5 -122.2686433010093,37.85516280744558,3.5 -122.2686474652964,37.85516943618993,3.5 -122.2686501586689,37.85517652356972,3.5 -122.2686513058279,37.8551838672275,3.5 -122.268650874721,37.85519125966661,3.5 -122.2686488742692,37.85519848823711,3.5 -122.2684715079074,37.85565661552959,3.5 -122.2680281580558,37.85571282566998,3.5 -122.2680280115817,37.85571165938652,3.5 -122.2680143544641,37.85560352017218,3.5 
						</coordinates>
					</LinearRing>
				</outerBoundaryIs>
			</Polygon></Placemark>
  <Placemark><name>2001 Ashby Ave · 87u</name><styleUrl>#lab0</styleUrl><Region><LatLonAltBox><west>-122.268651</west><east>-122.268014</east><south>37.855142</south><north>37.855713</north></LatLonAltBox><Lod><minLodPixels>700</minLodPixels><maxLodPixels>-1</maxLodPixels></Lod></Region><Point><altitudeMode>relativeToGround</altitudeMode><coordinates>-122.268411,37.855326,3.5</coordinates></Point></Placemark>
</Document>
</kml>
