<?xml version="1.0" ?>
<kml xmlns="http://www.opengis.net/kml/2.2">
  <Document>
    <name>Berkeley Housing Pipeline - 3D Skyline</name>
    <description>165 housing projects. Heights shown as stories × 3.5m. Generated 2026-04-25.</description>
    <Style id="style_UC_Project">
      <PolyStyle>
        <color>FF00ECFF</color>
        <fill>1</fill>
        <outline>1</outline>
      </PolyStyle>
      <LineStyle>
        <color>ffffffff</color>
        <width>2</width>
      </LineStyle>
    </Style>
    <Style id="style_Under_Construction">
      <PolyStyle>
        <color>FF00FF00</color>
        <fill>1</fill>
        <outline>1</outline>
      </PolyStyle>
      <LineStyle>
        <color>ff000000</color>
        <width>1</width>
      </LineStyle>
    </Style>
    <Style id="style_Completed">
      <PolyStyle>
        <color>FFFF0000</color>
        <fill>1</fill>
        <outline>1</outline>
      </PolyStyle>
      <LineStyle>
        <color>ff000000</color>
        <width>1</width>
      </LineStyle>
    </Style>
    <Style id="style_Permits_Active">
      <PolyStyle>
        <color>FFFFFF00</color>
        <fill>1</fill>
        <outline>1</outline>
      </PolyStyle>
      <LineStyle>
        <color>ff000000</color>
        <width>1</width>
      </LineStyle>
    </Style>
    <Style id="style_Entitled">
      <PolyStyle>
        <color>FF0080FF</color>
        <fill>1</fill>
        <outline>1</outline>
      </PolyStyle>
      <LineStyle>
        <color>ff000000</color>
        <width>1</width>
      </LineStyle>
    </Style>
    <Style id="style_In_Review">
      <PolyStyle>
        <color>FF00FFFF</color>
        <fill>1</fill>
        <outline>1</outline>
      </PolyStyle>
      <LineStyle>
        <color>ff000000</color>
        <width>1</width>
      </LineStyle>
    </Style>
    <Style id="style_Decision_Pending">
      <PolyStyle>
        <color>FF00FFFF</color>
        <fill>1</fill>
        <outline>1</outline>
      </PolyStyle>
      <LineStyle>
        <color>ff000000</color>
        <width>1</width>
      </LineStyle>
    </Style>
    <Style id="style_Application_Submitted">
      <PolyStyle>
        <color>FF00FFFF</color>
        <fill>1</fill>
        <outline>1</outline>
      </PolyStyle>
      <LineStyle>
        <color>ff000000</color>
        <width>1</width>
      </LineStyle>
    </Style>
    <Style id="style_Pre_Application">
      <PolyStyle>
        <color>FFC0C0C0</color>
        <fill>1</fill>
        <outline>1</outline>
      </PolyStyle>
      <LineStyle>
        <color>ff000000</color>
        <width>1</width>
      </LineStyle>
    </Style>
    <Style id="style_Stalled">
      <PolyStyle>
        <color>FF0000FF</color>
        <fill>1</fill>
        <outline>1</outline>
      </PolyStyle>
      <LineStyle>
        <color>ff000000</color>
        <width>1</width>
      </LineStyle>
    </Style>
    <Style id="style_Withdrawn">
      <PolyStyle>
        <color>FF0000FF</color>
        <fill>1</fill>
        <outline>1</outline>
      </PolyStyle>
      <LineStyle>
        <color>ff000000</color>
        <width>1</width>
      </LineStyle>
    </Style>
    <Style id="style_Unknown">
      <PolyStyle>
        <color>FFC0C0C0</color>
        <fill>1</fill>
        <outline>1</outline>
      </PolyStyle>
      <LineStyle>
        <color>ff000000</color>
        <width>1</width>
      </LineStyle>
    </Style>
    <Folder>
      <name>Housing Projects</name>
      <Placemark>
        <name>2400 BOWDITCH St</name>
        <description><![CDATA[
<b>2400 BOWDITCH St</b><br/><b>Units:</b> 750<br/><b>VLI Units:</b> 0<br/><b>Stories:</b> 26<br/><b>Height:</b> 85.3m<br/><b>Status:</b> Pre-Application<br/><b style='color:gold'>UC Berkeley Project</b>
]]></description>
        <styleUrl>#style_UC_Project</styleUrl>
        <Polygon>
          <extrude>1</extrude>
          <altitudeMode>relativeToGround</altitudeMode>
          <outerBoundaryIs>
            <LinearRing>
              <coordinates>
        -122.2566210475748,37.86683078872532,85.3
        -122.25668958699809,37.86732319260183,85.3
        -122.25737895242521,37.86716921127467,85.3
        -122.25731041300192,37.866676807398164,85.3
        -122.2566210475748,37.86683078872532,85.3
    </coordinates>
            </LinearRing>
          </outerBoundaryIs>
        </Polygon>
      </Placemark>
      <Placemark>
        <name>2556 HASTE St</name>
        <description><![CDATA[
<b>2556 HASTE St</b><br/><b>Units:</b> 556<br/><b>VLI Units:</b> 0<br/><b>Stories:</b> 12<br/><b>Height:</b> 40.2m<br/><b>Status:</b> Under Construction<br/><b style='color:gold'>UC Berkeley Project</b>
]]></description>
        <styleUrl>#style_UC_Project</styleUrl>
        <Polygon>
          <extrude>1</extrude>
          <altitudeMode>relativeToGround</altitudeMode>
          <outerBoundaryIs>
            <LinearRing>
              <coordinates>
        -122.25596,37.86538,40.2
        -122.25596,37.86612,40.2
        -122.25750,37.86612,40.2
        -122.25750,37.86538,40.2
        -122.25596,37.86538,40.2
    </coordinates>
            </LinearRing>
          </outerBoundaryIs>
        </Polygon>
      </Placemark>
      <Placemark>
        <name>2200 BANCROFT Way</name>
        <description><![CDATA[
<b>2200 BANCROFT Way</b><br/><b>Units:</b> 550<br/><b>VLI Units:</b> 0<br/><b>Stories:</b> 23<br/><b>Height:</b> 77.1m<br/><b>Status:</b> Under Construction<br/><b style='color:gold'>UC Berkeley Project</b>
]]></description>
        <styleUrl>#style_UC_Project</styleUrl>
        <Polygon>
          <extrude>1</extrude>
          <altitudeMode>relativeToGround</altitudeMode>
          <outerBoundaryIs>
            <LinearRing>
              <coordinates>
        -122.26536115268007,37.8672850931143,77.1
        -122.2654159842187,37.867679016215504,77.1
        -122.26580990731992,37.8675910268857,77.1
        -122.26575507578129,37.86719710378449,77.1
        -122.26536115268007,37.8672850931143,77.1
    </coordinates>
            </LinearRing>
          </outerBoundaryIs>
        </Polygon>
      </Placemark>
      <Placemark>
        <name>1950 OXFORD St</name>
        <description><![CDATA[
<b>1950 OXFORD St</b><br/><b>Units:</b> 300<br/><b>VLI Units:</b> 0<br/><b>Stories:</b> 14<br/><b>Height:</b> 46.9m<br/><b>Status:</b> Completed<br/><b style='color:gold'>UC Berkeley Project</b>
]]></description>
        <styleUrl>#style_UC_Project</styleUrl>
        <Polygon>
          <extrude>1</extrude>
          <altitudeMode>relativeToGround</altitudeMode>
          <outerBoundaryIs>
            <LinearRing>
              <coordinates>
        -122.26577562268008,37.8723470331143,46.9
        -122.26583045421872,37.87274095621551,46.9
        -122.26622437731993,37.8726529668857,46.9
        -122.2661695457813,37.872259043784496,46.9
        -122.26577562268008,37.8723470331143,46.9
    </coordinates>
            </LinearRing>
          </outerBoundaryIs>
        </Polygon>
      </Placemark>
      <Placemark>
        <name>1750 SACRAMENTO St</name>
        <description><![CDATA[
<b>1750 SACRAMENTO St</b><br/><b>Units:</b> 739<br/><b>VLI Units:</b> 0<br/><b>Stories:</b> 8<br/><b>Height:</b> 28.0m<br/><b>Status:</b> In Review
]]></description>
        <styleUrl>#style_In_Review</styleUrl>
        <Polygon>
          <extrude>1</extrude>
          <altitudeMode>relativeToGround</altitudeMode>
          <outerBoundaryIs>
            <LinearRing>
              <coordinates>
        -122.28273415668127,37.87415914726534,28.0
        -122.2827889882199,37.874553070366545,28.0
        -122.28318291132112,37.87446508103674,28.0
        -122.28312807978249,37.87407115793553,28.0
        -122.28273415668127,37.87415914726534,28.0
    </coordinates>
            </LinearRing>
          </outerBoundaryIs>
        </Polygon>
      </Placemark>
      <Placemark>
        <name>Ashby BART</name>
        <description><![CDATA[
<b>Ashby BART</b><br/><b>Units:</b> 618<br/><b>VLI Units:</b> 309<br/><b>Stories:</b> 20<br/><b>Height:</b> 70.0m<br/><b>Status:</b> Pre-Application<br/><i>(height estimated from units)</i>
]]></description>
        <styleUrl>#style_Pre_Application</styleUrl>
        <Polygon>
          <extrude>1</extrude>
          <altitudeMode>relativeToGround</altitudeMode>
          <outerBoundaryIs>
            <LinearRing>
              <coordinates>
        -122.27017562268007,37.8529470331143,70.0
        -122.2702304542187,37.853340956215504,70.0
        -122.27062437731992,37.8532529668857,70.0
        -122.27056954578129,37.85285904378449,70.0
        -122.27017562268007,37.8529470331143,70.0
    </coordinates>
            </LinearRing>
          </outerBoundaryIs>
        </Polygon>
      </Placemark>
      <Placemark>
        <name>1974 SHATTUCK Ave</name>
        <description><![CDATA[
<b>1974 SHATTUCK Ave</b><br/><b>Units:</b> 599<br/><b>VLI Units:</b> 58<br/><b>Stories:</b> 28<br/><b>Height:</b> 98.0m<br/><b>Status:</b> Entitled
]]></description>
        <styleUrl>#style_Entitled</styleUrl>
        <Polygon>
          <extrude>1</extrude>
          <altitudeMode>relativeToGround</altitudeMode>
          <outerBoundaryIs>
            <LinearRing>
              <coordinates>
        -122.26857619268007,37.8724736531143,98.0
        -122.2686310242187,37.872867576215505,98.0
        -122.26902494731992,37.8727795868857,98.0
        -122.26897011578129,37.87238566378449,98.0
        -122.26857619268007,37.8724736531143,98.0
    </coordinates>
            </LinearRing>
          </outerBoundaryIs>
        </Polygon>
      </Placemark>
      <Placemark>
        <name>2128 Oxford St</name>
        <description><![CDATA[
<b>2128 Oxford St</b><br/><b>Units:</b> 485<br/><b>VLI Units:</b> 47<br/><b>Stories:</b> 26<br/><b>Height:</b> 91.0m<br/><b>Status:</b> Entitled
]]></description>
        <styleUrl>#style_Entitled</styleUrl>
        <Polygon>
          <extrude>1</extrude>
          <altitudeMode>relativeToGround</altitudeMode>
          <outerBoundaryIs>
            <LinearRing>
              <coordinates>
        -122.26596420268008,37.8701123031143,91.0
        -122.26601903421871,37.870506226215504,91.0
        -122.26641295731993,37.8704182368857,91.0
        -122.2663581257813,37.87002431378449,91.0
        -122.26596420268008,37.8701123031143,91.0
    </coordinates>
            </LinearRing>
          </outerBoundaryIs>
        </Polygon>
      </Placemark>
      <Placemark>
        <name>2190 SHATTUCK Ave</name>
        <description><![CDATA[
<b>2190 SHATTUCK Ave</b><br/><b>Units:</b> 452<br/><b>VLI Units:</b> 0<br/><b>Stories:</b> 34<br/><b>Height:</b> 119.0m<br/><b>Status:</b> In Review
]]></description>
        <styleUrl>#style_In_Review</styleUrl>
        <Polygon>
          <extrude>1</extrude>
          <altitudeMode>relativeToGround</altitudeMode>
          <outerBoundaryIs>
            <LinearRing>
              <coordinates>
        -122.26842170709453,37.86933563737885,119.0
        -122.26847653863317,37.86972956048006,119.0
        -122.26887046173438,37.869641571150254,119.0
        -122.26881563019575,37.86924764804905,119.0
        -122.26842170709453,37.86933563737885,119.0
    </coordinates>
            </LinearRing>
          </outerBoundaryIs>
        </Polygon>
      </Placemark>
      <Placemark>
        <name>2700 SHATTUCK Ave</name>
        <description><![CDATA[
<b>2700 SHATTUCK Ave</b><br/><b>Units:</b> 359<br/><b>VLI Units:</b> 0<br/><b>Stories:</b> 15<br/><b>Height:</b> 52.5m<br/><b>Status:</b> In Review<br/><i>(height estimated from units)</i>
]]></description>
        <styleUrl>#style_In_Review</styleUrl>
        <Polygon>
          <extrude>1</extrude>
          <altitudeMode>relativeToGround</altitudeMode>
          <outerBoundaryIs>
            <LinearRing>
              <coordinates>
        -122.26760366167096,37.859627274780706,52.5
        -122.2676584932096,37.86002119788191,52.5
        -122.26805241631081,37.85993320855211,52.5
        -122.26799758477217,37.8595392854509,52.5
        -122.26760366167096,37.859627274780706,52.5
    </coordinates>
            </LinearRing>
          </outerBoundaryIs>
        </Polygon>
      </Placemark>
      <Placemark>
        <name>2276 SHATTUCK Ave</name>
        <description><![CDATA[
<b>2276 SHATTUCK Ave</b><br/><b>Units:</b> 336<br/><b>VLI Units:</b> 0<br/><b>Stories:</b> 18<br/><b>Height:</b> 63.0m<br/><b>Status:</b> In Review
]]></description>
        <styleUrl>#style_In_Review</styleUrl>
        <Polygon>
          <extrude>1</extrude>
          <altitudeMode>relativeToGround</altitudeMode>
          <outerBoundaryIs>
            <LinearRing>
              <coordinates>
        -122.26801596413183,37.86758473560496,63.0
        -122.26807079567047,37.867978658706164,63.0
        -122.26846471877168,37.86789066937636,63.0
        -122.26840988723305,37.86749674627515,63.0
        -122.26801596413183,37.86758473560496,63.0
    </coordinates>
            </LinearRing>
          </outerBoundaryIs>
        </Polygon>
      </Placemark>
      <Placemark>
        <name>2274 SHATTUCK Ave</name>
        <description><![CDATA[
<b>2274 SHATTUCK Ave</b><br/><b>Units:</b> 299<br/><b>VLI Units:</b> 0<br/><b>Stories:</b> 17<br/><b>Height:</b> 59.5m<br/><b>Status:</b> Entitled
]]></description>
        <styleUrl>#style_Entitled</styleUrl>
        <Polygon>
          <extrude>1</extrude>
          <altitudeMode>relativeToGround</altitudeMode>
          <outerBoundaryIs>
            <LinearRing>
              <coordinates>
        -122.26833936268008,37.8676702731143,59.5
        -122.26839419421871,37.86806419621551,59.5
        -122.26878811731993,37.8679762068857,59.5
        -122.2687332857813,37.86758228378449,59.5
        -122.26833936268008,37.8676702731143,59.5
    </coordinates>
            </LinearRing>
          </outerBoundaryIs>
        </Polygon>
      </Placemark>
      <Placemark>
        <name>1914 FIFTH St</name>
        <description><![CDATA[
<b>1914 FIFTH St</b><br/><b>Units:</b> 257<br/><b>VLI Units:</b> 26<br/><b>Stories:</b> 15<br/><b>Height:</b> 52.5m<br/><b>Status:</b> In Review<br/><i>(height estimated from units)</i>
]]></description>
        <styleUrl>#style_In_Review</styleUrl>
        <Polygon>
          <extrude>1</extrude>
          <altitudeMode>relativeToGround</altitudeMode>
          <outerBoundaryIs>
            <LinearRing>
              <coordinates>
        -122.29907154636064,37.86807704770219,52.5
        -122.29912637789927,37.86847097080339,52.5
        -122.29952030100048,37.86838298147359,52.5
        -122.29946546946185,37.86798905837238,52.5
        -122.29907154636064,37.86807704770219,52.5
    </coordinates>
            </LinearRing>
          </outerBoundaryIs>
        </Polygon>
      </Placemark>
      <Placemark>
        <name>2029 UNIVERSITY Ave</name>
        <description><![CDATA[
<b>2029 UNIVERSITY Ave</b><br/><b>Units:</b> 240<br/><b>VLI Units:</b> 0<br/><b>Stories:</b> 23<br/><b>Height:</b> 78.0m<br/><b>Status:</b> Entitled
]]></description>
        <styleUrl>#style_Entitled</styleUrl>
        <Polygon>
          <extrude>1</extrude>
          <altitudeMode>relativeToGround</altitudeMode>
          <outerBoundaryIs>
            <LinearRing>
              <coordinates>
        -122.2696137202726,37.87210883620765,78.0
        -122.26966855181124,37.87250275930886,78.0
        -122.27006247491245,37.87241476997905,78.0
        -122.27000764337382,37.872020846877845,78.0
        -122.2696137202726,37.87210883620765,78.0
    </coordinates>
            </LinearRing>
          </outerBoundaryIs>
        </Polygon>
      </Placemark>
      <Placemark>
        <name>2601 SAN PABLO Ave</name>
        <description><![CDATA[
<b>2601 SAN PABLO Ave</b><br/><b>Units:</b> 223<br/><b>VLI Units:</b> 0<br/><b>Stories:</b> 8<br/><b>Height:</b> 28.0m<br/><b>Status:</b> In Review
]]></description>
        <styleUrl>#style_In_Review</styleUrl>
        <Polygon>
          <extrude>1</extrude>
          <altitudeMode>relativeToGround</altitudeMode>
          <outerBoundaryIs>
            <LinearRing>
              <coordinates>
        -122.28843910821737,37.859114676628295,28.0
        -122.28849393975601,37.8595085997295,28.0
        -122.28888786285722,37.859420610399695,28.0
        -122.28883303131859,37.85902668729849,28.0
        -122.28843910821737,37.859114676628295,28.0
    </coordinates>
            </LinearRing>
          </outerBoundaryIs>
        </Polygon>
      </Placemark>
      <Placemark>
        <name>2920 SHATTUCK Ave</name>
        <description><![CDATA[
<b>2920 SHATTUCK Ave</b><br/><b>Units:</b> 221<br/><b>VLI Units:</b> 0<br/><b>Stories:</b> 10<br/><b>Height:</b> 35.0m<br/><b>Status:</b> In Review
]]></description>
        <styleUrl>#style_In_Review</styleUrl>
        <Polygon>
          <extrude>1</extrude>
          <altitudeMode>relativeToGround</altitudeMode>
          <outerBoundaryIs>
            <LinearRing>
              <coordinates>
        -122.26670763259924,37.856194333161405,35.0
        -122.26676246413787,37.85658825626261,35.0
        -122.26715638723908,37.856500266932805,35.0
        -122.26710155570045,37.8561063438316,35.0
        -122.26670763259924,37.856194333161405,35.0
    </coordinates>
            </LinearRing>
          </outerBoundaryIs>
        </Polygon>
      </Placemark>
      <Placemark>
        <name>1899 OXFORD St</name>
        <description><![CDATA[
<b>1899 OXFORD St</b><br/><b>Units:</b> 212<br/><b>VLI Units:</b> 0<br/><b>Stories:</b> 7<br/><b>Height:</b> 23.8m<br/><b>Status:</b> Decision Pending
]]></description>
        <styleUrl>#style_Decision_Pending</styleUrl>
        <Polygon>
          <extrude>1</extrude>
          <altitudeMode>relativeToGround</altitudeMode>
          <outerBoundaryIs>
            <LinearRing>
              <coordinates>
        -122.26583464351789,37.87434304479478,23.8
        -122.26588947505653,37.874736967895984,23.8
        -122.26628339815774,37.87464897856618,23.8
        -122.2662285666191,37.87425505546497,23.8
        -122.26583464351789,37.87434304479478,23.8
    </coordinates>
            </LinearRing>
          </outerBoundaryIs>
        </Polygon>
      </Placemark>
      <Placemark>
        <name>1598 UNIVERSITY Ave</name>
        <description><![CDATA[
<b>1598 UNIVERSITY Ave</b><br/><b>Units:</b> 207<br/><b>VLI Units:</b> 21<br/><b>Stories:</b> 8<br/><b>Height:</b> 28.0m<br/><b>Status:</b> Under Construction
]]></description>
        <styleUrl>#style_Under_Construction</styleUrl>
        <Polygon>
          <extrude>1</extrude>
          <altitudeMode>relativeToGround</altitudeMode>
          <outerBoundaryIs>
            <LinearRing>
              <coordinates>
        -122.27978144268008,37.8701762431143,28.0
        -122.27983627421871,37.87057016621551,28.0
        -122.28023019731992,37.8704821768857,28.0
        -122.28017536578129,37.870088253784495,28.0
        -122.27978144268008,37.8701762431143,28.0
    </coordinates>
            </LinearRing>
          </outerBoundaryIs>
        </Polygon>
      </Placemark>
      <Placemark>
        <name>2100 MILVIA St</name>
        <description><![CDATA[
<b>2100 MILVIA St</b><br/><b>Units:</b> 205<br/><b>VLI Units:</b> 0<br/><b>Stories:</b> 15<br/><b>Height:</b> 52.5m<br/><b>Status:</b> Entitled<br/><i>(height estimated from units)</i>
]]></description>
        <styleUrl>#style_Entitled</styleUrl>
        <Polygon>
          <extrude>1</extrude>
          <altitudeMode>relativeToGround</altitudeMode>
          <outerBoundaryIs>
            <LinearRing>
              <coordinates>
        -122.27067728268008,37.8705158631143,52.5
        -122.27073211421872,37.870909786215506,52.5
        -122.27112603731993,37.8708217968857,52.5
        -122.2710712057813,37.87042787378449,52.5
        -122.27067728268008,37.8705158631143,52.5
    </coordinates>
            </LinearRing>
          </outerBoundaryIs>
        </Polygon>
      </Placemark>
      <Placemark>
        <name>3000 SHATTUCK Ave</name>
        <description><![CDATA[
<b>3000 SHATTUCK Ave</b><br/><b>Units:</b> 166<br/><b>VLI Units:</b> 17<br/><b>Stories:</b> 10<br/><b>Height:</b> 34.7m<br/><b>Status:</b> In Review
]]></description>
        <styleUrl>#style_In_Review</styleUrl>
        <Polygon>
          <extrude>1</extrude>
          <altitudeMode>relativeToGround</altitudeMode>
          <outerBoundaryIs>
            <LinearRing>
              <coordinates>
        -122.26654766420667,37.854855131489934,34.7
        -122.2666024957453,37.85524905459114,34.7
        -122.26699641884652,37.855161065261335,34.7
        -122.26694158730788,37.85476714216013,34.7
        -122.26654766420667,37.854855131489934,34.7
    </coordinates>
            </LinearRing>
          </outerBoundaryIs>
        </Polygon>
      </Placemark>
      <Placemark>
        <name>1581 UNIVERSITY Ave</name>
        <description><![CDATA[
<b>1581 UNIVERSITY Ave</b><br/><b>Units:</b> 158<br/><b>VLI Units:</b> 0<br/><b>Stories:</b> 7<br/><b>Height:</b> 48.2m<br/><b>Status:</b> In Review
]]></description>
        <styleUrl>#style_In_Review</styleUrl>
        <Polygon>
          <extrude>1</extrude>
          <altitudeMode>relativeToGround</altitudeMode>
          <outerBoundaryIs>
            <LinearRing>
              <coordinates>
        -122.2804238829083,37.870729788566805,48.2
        -122.28047871444693,37.87112371166801,48.2
        -122.28087263754814,37.871035722338206,48.2
        -122.28081780600951,37.870641799237,48.2
        -122.2804238829083,37.870729788566805,48.2
    </coordinates>
            </LinearRing>
          </outerBoundaryIs>
        </Polygon>
      </Placemark>
      <Placemark>
        <name>2115 KITTREDGE St</name>
        <description><![CDATA[
<b>2115 KITTREDGE St</b><br/><b>Units:</b> 148<br/><b>VLI Units:</b> 12<br/><b>Stories:</b> 10<br/><b>Height:</b> 35.0m<br/><b>Status:</b> Application Submitted<br/><i>(height estimated from units)</i>
]]></description>
        <styleUrl>#style_Application_Submitted</styleUrl>
        <Polygon>
          <extrude>1</extrude>
          <altitudeMode>relativeToGround</altitudeMode>
          <outerBoundaryIs>
            <LinearRing>
              <coordinates>
        -122.26695891114711,37.8687039305853,35.0
        -122.26701374268575,37.869097853686505,35.0
        -122.26740766578696,37.8690098643567,35.0
        -122.26735283424833,37.86861594125549,35.0
        -122.26695891114711,37.8687039305853,35.0
    </coordinates>
            </LinearRing>
          </outerBoundaryIs>
        </Polygon>
      </Placemark>
      <Placemark>
        <name>3030 TELEGRAPH Ave</name>
        <description><![CDATA[
<b>3030 TELEGRAPH Ave</b><br/><b>Units:</b> 144<br/><b>VLI Units:</b> 0<br/><b>Stories:</b> 10<br/><b>Height:</b> 35.0m<br/><b>Status:</b> Under Construction<br/><i>(height estimated from units)</i>
]]></description>
        <styleUrl>#style_Under_Construction</styleUrl>
        <Polygon>
          <extrude>1</extrude>
          <altitudeMode>relativeToGround</altitudeMode>
          <outerBoundaryIs>
            <LinearRing>
              <coordinates>
        -122.26012092268007,37.8546743731143,35.0
        -122.26017575421871,37.85506829621551,35.0
        -122.26056967731992,37.8549803068857,35.0
        -122.26051484578129,37.85458638378449,35.0
        -122.26012092268007,37.8546743731143,35.0
    </coordinates>
            </LinearRing>
          </outerBoundaryIs>
        </Polygon>
      </Placemark>
      <Placemark>
        <name>2420 SHATTUCK Ave</name>
        <description><![CDATA[
<b>2420 SHATTUCK Ave</b><br/><b>Units:</b> 132<br/><b>VLI Units:</b> 0<br/><b>Stories:</b> 17<br/><b>Height:</b> 59.5m<br/><b>Status:</b> In Review
]]></description>
        <styleUrl>#style_In_Review</styleUrl>
        <Polygon>
          <extrude>1</extrude>
          <altitudeMode>relativeToGround</altitudeMode>
          <outerBoundaryIs>
            <LinearRing>
              <coordinates>
        -122.26776441069946,37.86513535701611,59.5
        -122.26781924223809,37.865529280117315,59.5
        -122.2682131653393,37.86544129078751,59.5
        -122.26815833380067,37.8650473676863,59.5
        -122.26776441069946,37.86513535701611,59.5
    </coordinates>
            </LinearRing>
          </outerBoundaryIs>
        </Polygon>
      </Placemark>
      <Placemark>
        <name>2847 SHATTUCK Ave</name>
        <description><![CDATA[
<b>2847 SHATTUCK Ave</b><br/><b>Units:</b> 132<br/><b>VLI Units:</b> 0<br/><b>Stories:</b> 9<br/><b>Height:</b> 41.5m<br/><b>Status:</b> Application Submitted
]]></description>
        <styleUrl>#style_Application_Submitted</styleUrl>
        <Polygon>
          <extrude>1</extrude>
          <altitudeMode>relativeToGround</altitudeMode>
          <outerBoundaryIs>
            <LinearRing>
              <coordinates>
        -122.26616151978855,37.85682480314181,41.5
        -122.26621635132719,37.85721872624302,41.5
        -122.2666102744284,37.85713073691321,41.5
        -122.26655544288977,37.856736813812006,41.5
        -122.26616151978855,37.85682480314181,41.5
    </coordinates>
            </LinearRing>
          </outerBoundaryIs>
        </Polygon>
      </Placemark>
      <Placemark>
        <name>2109 VIRGINIA St</name>
        <description><![CDATA[
<b>2109 VIRGINIA St</b><br/><b>Units:</b> 131<br/><b>VLI Units:</b> 0<br/><b>Stories:</b> 2<br/><b>Height:</b> 39.9m<br/><b>Status:</b> Entitled
]]></description>
        <styleUrl>#style_Entitled</styleUrl>
        <Polygon>
          <extrude>1</extrude>
          <altitudeMode>relativeToGround</altitudeMode>
          <outerBoundaryIs>
            <LinearRing>
              <coordinates>
        -122.26829931073875,37.87662460965196,39.9
        -122.26835414227739,37.87701853275317,39.9
        -122.2687480653786,37.87693054342336,39.9
        -122.26869323383997,37.876536620322156,39.9
        -122.26829931073875,37.87662460965196,39.9
    </coordinates>
            </LinearRing>
          </outerBoundaryIs>
        </Polygon>
      </Placemark>
      <Placemark>
        <name>2136 SAN PABLO Ave</name>
        <description><![CDATA[
<b>2136 SAN PABLO Ave</b><br/><b>Units:</b> 125<br/><b>VLI Units:</b> 10<br/><b>Stories:</b> 6<br/><b>Height:</b> 21.0m<br/><b>Status:</b> Entitled
]]></description>
        <styleUrl>#style_Entitled</styleUrl>
        <Polygon>
          <extrude>1</extrude>
          <altitudeMode>relativeToGround</altitudeMode>
          <outerBoundaryIs>
            <LinearRing>
              <coordinates>
        -122.29161250268008,37.8667419331143,21.0
        -122.29166733421872,37.867135856215505,21.0
        -122.29206125731993,37.8670478668857,21.0
        -122.2920064257813,37.86665394378449,21.0
        -122.29161250268008,37.8667419331143,21.0
    </coordinates>
            </LinearRing>
          </outerBoundaryIs>
        </Polygon>
      </Placemark>
      <Placemark>
        <name>2425 DURANT Ave</name>
        <description><![CDATA[
<b>2425 DURANT Ave</b><br/><b>Units:</b> 117<br/><b>VLI Units:</b> 0<br/><b>Stories:</b> 20<br/><b>Height:</b> 61.0m<br/><b>Status:</b> Decision Pending
]]></description>
        <styleUrl>#style_Decision_Pending</styleUrl>
        <Polygon>
          <extrude>1</extrude>
          <altitudeMode>relativeToGround</altitudeMode>
          <outerBoundaryIs>
            <LinearRing>
              <coordinates>
        -122.25991743894478,37.8677977156807,61.0
        -122.25997227048342,37.86819163878191,61.0
        -122.26036619358463,37.8681036494521,61.0
        -122.260311362046,37.867709726350895,61.0
        -122.25991743894478,37.8677977156807,61.0
    </coordinates>
            </LinearRing>
          </outerBoundaryIs>
        </Polygon>
      </Placemark>
      <Placemark>
        <name>2720 SAN PABLO Ave</name>
        <description><![CDATA[
<b>2720 SAN PABLO Ave</b><br/><b>Units:</b> 113<br/><b>VLI Units:</b> 9<br/><b>Stories:</b> 10<br/><b>Height:</b> 35.7m<br/><b>Status:</b> In Review<br/><i>(height estimated from units)</i>
]]></description>
        <styleUrl>#style_In_Review</styleUrl>
        <Polygon>
          <extrude>1</extrude>
          <altitudeMode>relativeToGround</altitudeMode>
          <outerBoundaryIs>
            <LinearRing>
              <coordinates>
        -122.28846643227338,37.85715737035902,35.7
        -122.28852126381202,37.857551293460226,35.7
        -122.28891518691323,37.85746330413042,35.7
        -122.2888603553746,37.85706938102921,35.7
        -122.28846643227338,37.85715737035902,35.7
    </coordinates>
            </LinearRing>
          </outerBoundaryIs>
        </Polygon>
      </Placemark>
      <Placemark>
        <name>2530 BANCROFT Way</name>
        <description><![CDATA[
<b>2530 BANCROFT Way</b><br/><b>Units:</b> 110<br/><b>VLI Units:</b> 11<br/><b>Stories:</b> 12<br/><b>Height:</b> 42.0m<br/><b>Status:</b> Entitled
]]></description>
        <styleUrl>#style_Entitled</styleUrl>
        <Polygon>
          <extrude>1</extrude>
          <altitudeMode>relativeToGround</altitudeMode>
          <outerBoundaryIs>
            <LinearRing>
              <coordinates>
        -122.25802350268008,37.8683939931143,42.0
        -122.25807833421871,37.86878791621551,42.0
        -122.25847225731992,37.868699926885704,42.0
        -122.25841742578129,37.8683060037845,42.0
        -122.25802350268008,37.8683939931143,42.0
    </coordinates>
            </LinearRing>
          </outerBoundaryIs>
        </Polygon>
      </Placemark>
      <Placemark>
        <name>1701 SAN PABLO Ave</name>
        <description><![CDATA[
<b>1701 SAN PABLO Ave</b><br/><b>Units:</b> 110<br/><b>VLI Units:</b> 110<br/><b>Stories:</b> 10<br/><b>Height:</b> 35.0m<br/><b>Status:</b> Under Construction<br/><i>(height estimated from units)</i>
]]></description>
        <styleUrl>#style_Under_Construction</styleUrl>
        <Polygon>
          <extrude>1</extrude>
          <altitudeMode>relativeToGround</altitudeMode>
          <outerBoundaryIs>
            <LinearRing>
              <coordinates>
        -122.29249562268008,37.8726670331143,35.0
        -122.29255045421871,37.873060956215504,35.0
        -122.29294437731993,37.8729729668857,35.0
        -122.29288954578129,37.87257904378449,35.0
        -122.29249562268008,37.8726670331143,35.0
    </coordinates>
            </LinearRing>
          </outerBoundaryIs>
        </Polygon>
      </Placemark>
      <Placemark>
        <name>2109 MILVIA St</name>
        <description><![CDATA[
<b>2109 MILVIA St</b><br/><b>Units:</b> 105<br/><b>VLI Units:</b> 0<br/><b>Stories:</b> 14<br/><b>Height:</b> 49.0m<br/><b>Status:</b> In Review
]]></description>
        <styleUrl>#style_In_Review</styleUrl>
        <Polygon>
          <extrude>1</extrude>
          <altitudeMode>relativeToGround</altitudeMode>
          <outerBoundaryIs>
            <LinearRing>
              <coordinates>
        -122.27011673550919,37.870426538447354,49.0
        -122.27017156704783,37.87082046154856,49.0
        -122.27056549014904,37.870732472218755,49.0
        -122.2705106586104,37.87033854911755,49.0
        -122.27011673550919,37.870426538447354,49.0
    </coordinates>
            </LinearRing>
          </outerBoundaryIs>
        </Polygon>
      </Placemark>
      <Placemark>
        <name>2198 SAN PABLO Ave</name>
        <description><![CDATA[
<b>2198 SAN PABLO Ave</b><br/><b>Units:</b> 100<br/><b>VLI Units:</b> 0<br/><b>Stories:</b> 7<br/><b>Height:</b> 24.5m<br/><b>Status:</b> Entitled
]]></description>
        <styleUrl>#style_Entitled</styleUrl>
        <Polygon>
          <extrude>1</extrude>
          <altitudeMode>relativeToGround</altitudeMode>
          <outerBoundaryIs>
            <LinearRing>
              <coordinates>
        -122.29143755268008,37.8663828731143,24.5
        -122.29149238421871,37.866776796215504,24.5
        -122.29188630731993,37.8666888068857,24.5
        -122.2918314757813,37.86629488378449,24.5
        -122.29143755268008,37.8663828731143,24.5
    </coordinates>
            </LinearRing>
          </outerBoundaryIs>
        </Polygon>
      </Placemark>
      <Placemark>
        <name>2655 SHATTUCK Ave</name>
        <description><![CDATA[
<b>2655 SHATTUCK Ave</b><br/><b>Units:</b> 97<br/><b>VLI Units:</b> 0<br/><b>Stories:</b> 8<br/><b>Height:</b> 25.9m<br/><b>Status:</b> Decision Pending
]]></description>
        <styleUrl>#style_Decision_Pending</styleUrl>
        <Polygon>
          <extrude>1</extrude>
          <altitudeMode>relativeToGround</altitudeMode>
          <outerBoundaryIs>
            <LinearRing>
              <coordinates>
        -122.26621664939752,37.86053768664379,25.9
        -122.26627148093615,37.860931609744995,25.9
        -122.26666540403737,37.86084362041519,25.9
        -122.26661057249873,37.86044969731398,25.9
        -122.26621664939752,37.86053768664379,25.9
    </coordinates>
            </LinearRing>
          </outerBoundaryIs>
        </Polygon>
      </Placemark>
      <Placemark>
        <name>2450 SHATTUCK Ave</name>
        <description><![CDATA[
<b>2450 SHATTUCK Ave</b><br/><b>Units:</b> 94<br/><b>VLI Units:</b> 0<br/><b>Stories:</b> 7<br/><b>Height:</b> 24.5m<br/><b>Status:</b> In Review<br/><i>(height estimated from units)</i>
]]></description>
        <styleUrl>#style_In_Review</styleUrl>
        <Polygon>
          <extrude>1</extrude>
          <altitudeMode>relativeToGround</altitudeMode>
          <outerBoundaryIs>
            <LinearRing>
              <coordinates>
        -122.26772640297979,37.864415759421036,24.5
        -122.26778123451842,37.86480968252224,24.5
        -122.26817515761964,37.864721693192436,24.5
        -122.268120326081,37.86432777009123,24.5
        -122.26772640297979,37.864415759421036,24.5
    </coordinates>
            </LinearRing>
          </outerBoundaryIs>
        </Polygon>
      </Placemark>
      <Placemark>
        <name>2001 ASHBY Ave</name>
        <description><![CDATA[
<b>2001 ASHBY Ave</b><br/><b>Units:</b> 87<br/><b>VLI Units:</b> 86<br/><b>Stories:</b> 1<br/><b>Height:</b> 3.5m<br/><b>Status:</b> Completed
]]></description>
        <styleUrl>#style_Completed</styleUrl>
        <Polygon>
          <extrude>1</extrude>
          <altitudeMode>relativeToGround</altitudeMode>
          <outerBoundaryIs>
            <LinearRing>
              <coordinates>
        -122.26809761268008,37.8552642631143,3.5
        -122.26815244421871,37.85565818621551,3.5
        -122.26854636731993,37.8555701968857,3.5
        -122.2684915357813,37.855176273784494,3.5
        -122.26809761268008,37.8552642631143,3.5
    </coordinates>
            </LinearRing>
          </outerBoundaryIs>
        </Polygon>
      </Placemark>
      <Placemark>
        <name>2036 BANCROFT Way</name>
        <description><![CDATA[
<b>2036 BANCROFT Way</b><br/><b>Units:</b> 85<br/><b>VLI Units:</b> 4<br/><b>Stories:</b> 8<br/><b>Height:</b> 25.9m<br/><b>Status:</b> In Review
]]></description>
        <styleUrl>#style_In_Review</styleUrl>
        <Polygon>
          <extrude>1</extrude>
          <altitudeMode>relativeToGround</altitudeMode>
          <outerBoundaryIs>
            <LinearRing>
              <coordinates>
        -122.26829228321827,37.86707788027578,25.9
        -122.2683471147569,37.867471803376986,25.9
        -122.26874103785812,37.86738381404718,25.9
        -122.26868620631949,37.86698989094597,25.9
        -122.26829228321827,37.86707788027578,25.9
    </coordinates>
            </LinearRing>
          </outerBoundaryIs>
        </Polygon>
      </Placemark>
      <Placemark>
        <name>1700 SACRAMENTO St</name>
        <description><![CDATA[
<b>1700 SACRAMENTO St</b><br/><b>Units:</b> 85<br/><b>VLI Units:</b> 0<br/><b>Stories:</b> 7<br/><b>Height:</b> 24.5m<br/><b>Status:</b> In Review<br/><i>(height estimated from units)</i>
]]></description>
        <styleUrl>#style_In_Review</styleUrl>
        <Polygon>
          <extrude>1</extrude>
          <altitudeMode>relativeToGround</altitudeMode>
          <outerBoundaryIs>
            <LinearRing>
              <coordinates>
        -122.28194573268007,37.8745306131143,24.5
        -122.2820005642187,37.87492453621551,24.5
        -122.28239448731992,37.8748365468857,24.5
        -122.28233965578129,37.874442623784496,24.5
        -122.28194573268007,37.8745306131143,24.5
    </coordinates>
            </LinearRing>
          </outerBoundaryIs>
        </Polygon>
      </Placemark>
      <Placemark>
        <name>2538 DURANT Ave</name>
        <description><![CDATA[
<b>2538 DURANT Ave</b><br/><b>Units:</b> 83<br/><b>VLI Units:</b> 5<br/><b>Stories:</b> 8<br/><b>Height:</b> 28.0m<br/><b>Status:</b> Under Construction
]]></description>
        <styleUrl>#style_Under_Construction</styleUrl>
        <Polygon>
          <extrude>1</extrude>
          <altitudeMode>relativeToGround</altitudeMode>
          <outerBoundaryIs>
            <LinearRing>
              <coordinates>
        -122.25695118268007,37.8676045631143,28.0
        -122.2570060142187,37.867998486215505,28.0
        -122.25739993731992,37.8679104968857,28.0
        -122.25734510578128,37.86751657378449,28.0
        -122.25695118268007,37.8676045631143,28.0
    </coordinates>
            </LinearRing>
          </outerBoundaryIs>
        </Polygon>
      </Placemark>
      <Placemark>
        <name>1708 HARMON St</name>
        <description><![CDATA[
<b>1708 HARMON St</b><br/><b>Units:</b> 80<br/><b>VLI Units:</b> 80<br/><b>Stories:</b> 5<br/><b>Height:</b> 17.5m<br/><b>Status:</b> Permits Active
]]></description>
        <styleUrl>#style_Permits_Active</styleUrl>
        <Polygon>
          <extrude>1</extrude>
          <altitudeMode>relativeToGround</altitudeMode>
          <outerBoundaryIs>
            <LinearRing>
              <coordinates>
        -122.27306835268007,37.8488149531143,17.5
        -122.2731231842187,37.849208876215506,17.5
        -122.27351710731992,37.8491208868857,17.5
        -122.27346227578128,37.84872696378449,17.5
        -122.27306835268007,37.8488149531143,17.5
    </coordinates>
            </LinearRing>
          </outerBoundaryIs>
        </Polygon>
      </Placemark>
      <Placemark>
        <name>2680 BANCROFT Way</name>
        <description><![CDATA[
<b>2680 BANCROFT Way</b><br/><b>Units:</b> 79<br/><b>VLI Units:</b> 9<br/><b>Stories:</b> 8<br/><b>Height:</b> 28.0m<br/><b>Status:</b> Entitled
]]></description>
        <styleUrl>#style_Entitled</styleUrl>
        <Polygon>
          <extrude>1</extrude>
          <altitudeMode>relativeToGround</altitudeMode>
          <outerBoundaryIs>
            <LinearRing>
              <coordinates>
        -122.25471163270302,37.86882424421976,28.0
        -122.25476646424165,37.869218167320966,28.0
        -122.25516038734287,37.86913017799116,28.0
        -122.25510555580423,37.86873625488995,28.0
        -122.25471163270302,37.86882424421976,28.0
    </coordinates>
            </LinearRing>
          </outerBoundaryIs>
        </Polygon>
      </Placemark>
      <Placemark>
        <name>2660 BANCROFT Way</name>
        <description><![CDATA[
<b>2660 BANCROFT Way</b><br/><b>Units:</b> 78<br/><b>VLI Units:</b> 0<br/><b>Stories:</b> 8<br/><b>Height:</b> 28.0m<br/><b>Status:</b> Application Submitted
]]></description>
        <styleUrl>#style_Application_Submitted</styleUrl>
        <Polygon>
          <extrude>1</extrude>
          <altitudeMode>relativeToGround</altitudeMode>
          <outerBoundaryIs>
            <LinearRing>
              <coordinates>
        -122.25506662268008,37.8687860331143,28.0
        -122.25512145421871,37.869179956215504,28.0
        -122.25551537731992,37.8690919668857,28.0
        -122.25546054578129,37.86869804378449,28.0
        -122.25506662268008,37.8687860331143,28.0
    </coordinates>
            </LinearRing>
          </outerBoundaryIs>
        </Polygon>
      </Placemark>
      <Placemark>
        <name>2427 San Pablo</name>
        <description><![CDATA[
<b>2427 San Pablo</b><br/><b>Units:</b> 78<br/><b>VLI Units:</b> 0<br/><b>Stories:</b> 7<br/><b>Height:</b> 21.3m<br/><b>Status:</b> Entitled<br/><i>(height estimated from units)</i>
]]></description>
        <styleUrl>#style_Entitled</styleUrl>
        <Polygon>
          <extrude>1</extrude>
          <altitudeMode>relativeToGround</altitudeMode>
          <outerBoundaryIs>
            <LinearRing>
              <coordinates>
        -122.28949683268007,37.8625768031143,21.3
        -122.2895516642187,37.86297072621551,21.3
        -122.28994558731992,37.8628827368857,21.3
        -122.28989075578129,37.862488813784495,21.3
        -122.28949683268007,37.8625768031143,21.3
    </coordinates>
            </LinearRing>
          </outerBoundaryIs>
        </Polygon>
      </Placemark>
      <Placemark>
        <name>2955 SHATTUCK Ave</name>
        <description><![CDATA[
<b>2955 SHATTUCK Ave</b><br/><b>Units:</b> 74<br/><b>VLI Units:</b> 0<br/><b>Stories:</b> 2<br/><b>Height:</b> 22.9m<br/><b>Status:</b> In Review
]]></description>
        <styleUrl>#style_In_Review</styleUrl>
        <Polygon>
          <extrude>1</extrude>
          <altitudeMode>relativeToGround</altitudeMode>
          <outerBoundaryIs>
            <LinearRing>
              <coordinates>
        -122.26600656130036,37.85562407926159,22.9
        -122.26606139283899,37.856018002362795,22.9
        -122.2664553159402,37.85593001303299,22.9
        -122.26640048440157,37.85553608993178,22.9
        -122.26600656130036,37.85562407926159,22.9
    </coordinates>
            </LinearRing>
          </outerBoundaryIs>
        </Polygon>
      </Placemark>
      <Placemark>
        <name>2037 DURANT Ave</name>
        <description><![CDATA[
<b>2037 DURANT Ave</b><br/><b>Units:</b> 74<br/><b>VLI Units:</b> 4<br/><b>Stories:</b> 1<br/><b>Height:</b> 27.4m<br/><b>Status:</b> Entitled
]]></description>
        <styleUrl>#style_Entitled</styleUrl>
        <Polygon>
          <extrude>1</extrude>
          <altitudeMode>relativeToGround</altitudeMode>
          <outerBoundaryIs>
            <LinearRing>
              <coordinates>
        -122.26832062268008,37.8667179731143,27.4
        -122.26837545421871,37.867111896215505,27.4
        -122.26876937731993,37.8670239068857,27.4
        -122.2687145457813,37.86662998378449,27.4
        -122.26832062268008,37.8667179731143,27.4
    </coordinates>
            </LinearRing>
          </outerBoundaryIs>
        </Polygon>
      </Placemark>
      <Placemark>
        <name>2138 KITTREDGE St</name>
        <description><![CDATA[
<b>2138 KITTREDGE St</b><br/><b>Units:</b> 73<br/><b>VLI Units:</b> 5<br/><b>Stories:</b> 8<br/><b>Height:</b> 28.0m<br/><b>Status:</b> Entitled
]]></description>
        <styleUrl>#style_Entitled</styleUrl>
        <Polygon>
          <extrude>1</extrude>
          <altitudeMode>relativeToGround</altitudeMode>
          <outerBoundaryIs>
            <LinearRing>
              <coordinates>
        -122.26677335514204,37.86818768032093,28.0
        -122.26682818668067,37.868581603422136,28.0
        -122.26722210978188,37.86849361409233,28.0
        -122.26716727824325,37.86809969099112,28.0
        -122.26677335514204,37.86818768032093,28.0
    </coordinates>
            </LinearRing>
          </outerBoundaryIs>
        </Polygon>
      </Placemark>
      <Placemark>
        <name>2550 SHATTUCK Ave</name>
        <description><![CDATA[
<b>2550 SHATTUCK Ave</b><br/><b>Units:</b> 72<br/><b>VLI Units:</b> 8<br/><b>Stories:</b> 7<br/><b>Height:</b> 24.5m<br/><b>Status:</b> Entitled
]]></description>
        <styleUrl>#style_Entitled</styleUrl>
        <Polygon>
          <extrude>1</extrude>
          <altitudeMode>relativeToGround</altitudeMode>
          <outerBoundaryIs>
            <LinearRing>
              <coordinates>
        -122.26753722268008,37.8626141731143,24.5
        -122.26759205421871,37.86300809621551,24.5
        -122.26798597731992,37.8629201068857,24.5
        -122.26793114578129,37.862526183784496,24.5
        -122.26753722268008,37.8626141731143,24.5
    </coordinates>
            </LinearRing>
          </outerBoundaryIs>
        </Polygon>
      </Placemark>
      <Placemark>
        <name>2326 DURANT Ave</name>
        <description><![CDATA[
<b>2326 DURANT Ave</b><br/><b>Units:</b> 70<br/><b>VLI Units:</b> 0<br/><b>Stories:</b> 7<br/><b>Height:</b> 24.5m<br/><b>Status:</b> In Review<br/><i>(height estimated from units)</i>
]]></description>
        <styleUrl>#style_In_Review</styleUrl>
        <Polygon>
          <extrude>1</extrude>
          <altitudeMode>relativeToGround</altitudeMode>
          <outerBoundaryIs>
            <LinearRing>
              <coordinates>
        -122.2620356654864,37.86693609316953,24.5
        -122.26209049702503,37.867330016270735,24.5
        -122.26248442012624,37.86724202694093,24.5
        -122.26242958858761,37.86684810383972,24.5
        -122.2620356654864,37.86693609316953,24.5
    </coordinates>
            </LinearRing>
          </outerBoundaryIs>
        </Polygon>
      </Placemark>
      <Placemark>
        <name>2300 ELLSWORTH St</name>
        <description><![CDATA[
<b>2300 ELLSWORTH St</b><br/><b>Units:</b> 69<br/><b>VLI Units:</b> 0<br/><b>Stories:</b> 7<br/><b>Height:</b> 24.5m<br/><b>Status:</b> Permits Active
]]></description>
        <styleUrl>#style_Permits_Active</styleUrl>
        <Polygon>
          <extrude>1</extrude>
          <altitudeMode>relativeToGround</altitudeMode>
          <outerBoundaryIs>
            <LinearRing>
              <coordinates>
        -122.26375959268007,37.8677633031143,24.5
        -122.26381442421871,37.86815722621551,24.5
        -122.26420834731992,37.8680692368857,24.5
        -122.26415351578129,37.867675313784495,24.5
        -122.26375959268007,37.8677633031143,24.5
    </coordinates>
            </LinearRing>
          </outerBoundaryIs>
        </Polygon>
      </Placemark>
      <Placemark>
        <name>2330 DURANT Ave</name>
        <description><![CDATA[
<b>2330 DURANT Ave</b><br/><b>Units:</b> 68<br/><b>VLI Units:</b> 0<br/><b>Stories:</b> 6<br/><b>Height:</b> 21.0m<br/><b>Status:</b> In Review
]]></description>
        <styleUrl>#style_In_Review</styleUrl>
        <Polygon>
          <extrude>1</extrude>
          <altitudeMode>relativeToGround</altitudeMode>
          <outerBoundaryIs>
            <LinearRing>
              <coordinates>
        -122.26185690972804,37.86695883531895,21.0
        -122.26191174126667,37.867352758420154,21.0
        -122.26230566436789,37.86726476909035,21.0
        -122.26225083282925,37.86687084598914,21.0
        -122.26185690972804,37.86695883531895,21.0
    </coordinates>
            </LinearRing>
          </outerBoundaryIs>
        </Polygon>
      </Placemark>
      <Placemark>
        <name>2455 TELEGRAPH Ave</name>
        <description><![CDATA[
<b>2455 TELEGRAPH Ave</b><br/><b>Units:</b> 68<br/><b>VLI Units:</b> 7<br/><b>Stories:</b> 8<br/><b>Height:</b> 28.0m<br/><b>Status:</b> In Review
]]></description>
        <styleUrl>#style_In_Review</styleUrl>
        <Polygon>
          <extrude>1</extrude>
          <altitudeMode>relativeToGround</altitudeMode>
          <outerBoundaryIs>
            <LinearRing>
              <coordinates>
        -122.25806373391495,37.86571544663249,28.0
        -122.25811856545359,37.8661093697337,28.0
        -122.2585124885548,37.86602138040389,28.0
        -122.25845765701617,37.865627457302686,28.0
        -122.25806373391495,37.86571544663249,28.0
    </coordinates>
            </LinearRing>
          </outerBoundaryIs>
        </Polygon>
      </Placemark>
      <Placemark>
        <name>2455 TELEGRAPH Ave</name>
        <description><![CDATA[
<b>2455 TELEGRAPH Ave</b><br/><b>Units:</b> 68<br/><b>VLI Units:</b> 7<br/><b>Stories:</b> 8<br/><b>Height:</b> 28.0m<br/><b>Status:</b> In Review
]]></description>
        <styleUrl>#style_In_Review</styleUrl>
        <Polygon>
          <extrude>1</extrude>
          <altitudeMode>relativeToGround</altitudeMode>
          <outerBoundaryIs>
            <LinearRing>
              <coordinates>
        -122.25806373391495,37.86571544663249,28.0
        -122.25811856545359,37.8661093697337,28.0
        -122.2585124885548,37.86602138040389,28.0
        -122.25845765701617,37.865627457302686,28.0
        -122.25806373391495,37.86571544663249,28.0
    </coordinates>
            </LinearRing>
          </outerBoundaryIs>
        </Polygon>
      </Placemark>
      <Placemark>
        <name>1752 SHATTUCK Ave</name>
        <description><![CDATA[
<b>1752 SHATTUCK Ave</b><br/><b>Units:</b> 68<br/><b>VLI Units:</b> 0<br/><b>Stories:</b> 7<br/><b>Height:</b> 24.5m<br/><b>Status:</b> Completed
]]></description>
        <styleUrl>#style_Completed</styleUrl>
        <Polygon>
          <extrude>1</extrude>
          <altitudeMode>relativeToGround</altitudeMode>
          <outerBoundaryIs>
            <LinearRing>
              <coordinates>
        -122.26887562268007,37.8774470331143,24.5
        -122.2689304542187,37.87784095621551,24.5
        -122.26932437731992,37.8777529668857,24.5
        -122.26926954578128,37.877359043784494,24.5
        -122.26887562268007,37.8774470331143,24.5
    </coordinates>
            </LinearRing>
          </outerBoundaryIs>
        </Polygon>
      </Placemark>
      <Placemark>
        <name>2462 BANCROFT Way</name>
        <description><![CDATA[
<b>2462 BANCROFT Way</b><br/><b>Units:</b> 66<br/><b>VLI Units:</b> 3<br/><b>Stories:</b> 8<br/><b>Height:</b> 26.8m<br/><b>Status:</b> Entitled
]]></description>
        <styleUrl>#style_Entitled</styleUrl>
        <Polygon>
          <extrude>1</extrude>
          <altitudeMode>relativeToGround</altitudeMode>
          <outerBoundaryIs>
            <LinearRing>
              <coordinates>
        -122.25802350268008,37.8683939931143,26.8
        -122.25807833421871,37.86878791621551,26.8
        -122.25847225731992,37.868699926885704,26.8
        -122.25841742578129,37.8683060037845,26.8
        -122.25802350268008,37.8683939931143,26.8
    </coordinates>
            </LinearRing>
          </outerBoundaryIs>
        </Polygon>
      </Placemark>
      <Placemark>
        <name>2138 KITTREDGE St</name>
        <description><![CDATA[
<b>2138 KITTREDGE St</b><br/><b>Units:</b> 66<br/><b>VLI Units:</b> 5<br/><b>Stories:</b> 8<br/><b>Height:</b> 28.0m<br/><b>Status:</b> Entitled
]]></description>
        <styleUrl>#style_Entitled</styleUrl>
        <Polygon>
          <extrude>1</extrude>
          <altitudeMode>relativeToGround</altitudeMode>
          <outerBoundaryIs>
            <LinearRing>
              <coordinates>
        -122.26677335514204,37.86818768032093,28.0
        -122.26682818668067,37.868581603422136,28.0
        -122.26722210978188,37.86849361409233,28.0
        -122.26716727824325,37.86809969099112,28.0
        -122.26677335514204,37.86818768032093,28.0
    </coordinates>
            </LinearRing>
          </outerBoundaryIs>
        </Polygon>
      </Placemark>
      <Placemark>
        <name>2298 DURANT Ave</name>
        <description><![CDATA[
<b>2298 DURANT Ave</b><br/><b>Units:</b> 65<br/><b>VLI Units:</b> 0<br/><b>Stories:</b> 8<br/><b>Height:</b> 27.7m<br/><b>Status:</b> Decision Pending
]]></description>
        <styleUrl>#style_Decision_Pending</styleUrl>
        <Polygon>
          <extrude>1</extrude>
          <altitudeMode>relativeToGround</altitudeMode>
          <outerBoundaryIs>
            <LinearRing>
              <coordinates>
        -122.26354395661141,37.86679670914888,27.7
        -122.26359878815005,37.867190632250086,27.7
        -122.26399271125126,37.86710264292028,27.7
        -122.26393787971263,37.86670871981907,27.7
        -122.26354395661141,37.86679670914888,27.7
    </coordinates>
            </LinearRing>
          </outerBoundaryIs>
        </Polygon>
      </Placemark>
      <Placemark>
        <name>2441 LE CONTE Ave</name>
        <description><![CDATA[
<b>2441 LE CONTE Ave</b><br/><b>Units:</b> 65<br/><b>VLI Units:</b> 0<br/><b>Stories:</b> 7<br/><b>Height:</b> 24.5m<br/><b>Status:</b> Application Submitted<br/><i>(height estimated from units)</i>
]]></description>
        <styleUrl>#style_Application_Submitted</styleUrl>
        <Polygon>
          <extrude>1</extrude>
          <altitudeMode>relativeToGround</altitudeMode>
          <outerBoundaryIs>
            <LinearRing>
              <coordinates>
        -122.26164197881316,37.8768688781526,24.5
        -122.2616968103518,37.877262801253806,24.5
        -122.26209073345301,37.877174811924,24.5
        -122.26203590191437,37.87678088882279,24.5
        -122.26164197881316,37.8768688781526,24.5
    </coordinates>
            </LinearRing>
          </outerBoundaryIs>
        </Polygon>
      </Placemark>
      <Placemark>
        <name>2372 ELLSWORTH St</name>
        <description><![CDATA[
<b>2372 ELLSWORTH St</b><br/><b>Units:</b> 63<br/><b>VLI Units:</b> 0<br/><b>Stories:</b> 7<br/><b>Height:</b> 24.5m<br/><b>Status:</b> Entitled<br/><i>(height estimated from units)</i>
]]></description>
        <styleUrl>#style_Entitled</styleUrl>
        <Polygon>
          <extrude>1</extrude>
          <altitudeMode>relativeToGround</altitudeMode>
          <outerBoundaryIs>
            <LinearRing>
              <coordinates>
        -122.26342354283743,37.86639685772377,24.5
        -122.26347837437606,37.86679078082498,24.5
        -122.26387229747728,37.86670279149517,24.5
        -122.26381746593864,37.866308868393965,24.5
        -122.26342354283743,37.86639685772377,24.5
    </coordinates>
            </LinearRing>
          </outerBoundaryIs>
        </Polygon>
      </Placemark>
      <Placemark>
        <name>2001 CENTER St</name>
        <description><![CDATA[
<b>2001 CENTER St</b><br/><b>Units:</b> 58<br/><b>VLI Units:</b> 0<br/><b>Stories:</b> 7<br/><b>Height:</b> 30.5m<br/><b>Status:</b> In Review
]]></description>
        <styleUrl>#style_In_Review</styleUrl>
        <Polygon>
          <extrude>1</extrude>
          <altitudeMode>relativeToGround</altitudeMode>
          <outerBoundaryIs>
            <LinearRing>
              <coordinates>
        -122.27008282051396,37.87005794333013,30.5
        -122.2701376520526,37.87045186643134,30.5
        -122.27053157515381,37.87036387710153,30.5
        -122.27047674361518,37.869969954000325,30.5
        -122.27008282051396,37.87005794333013,30.5
    </coordinates>
            </LinearRing>
          </outerBoundaryIs>
        </Polygon>
      </Placemark>
      <Placemark>
        <name>2127 DWIGHT Way</name>
        <description><![CDATA[
<b>2127 DWIGHT Way</b><br/><b>Units:</b> 58<br/><b>VLI Units:</b> 8<br/><b>Stories:</b> 6<br/><b>Height:</b> 21.0m<br/><b>Status:</b> Entitled
]]></description>
        <styleUrl>#style_Entitled</styleUrl>
        <Polygon>
          <extrude>1</extrude>
          <altitudeMode>relativeToGround</altitudeMode>
          <outerBoundaryIs>
            <LinearRing>
              <coordinates>
        -122.26662493268007,37.8641618631143,21.0
        -122.26667976421871,37.864555786215504,21.0
        -122.26707368731992,37.8644677968857,21.0
        -122.26701885578129,37.86407387378449,21.0
        -122.26662493268007,37.8641618631143,21.0
    </coordinates>
            </LinearRing>
          </outerBoundaryIs>
        </Polygon>
      </Placemark>
      <Placemark>
        <name>2712 TELEGRAPH Ave</name>
        <description><![CDATA[
<b>2712 TELEGRAPH Ave</b><br/><b>Units:</b> 57<br/><b>VLI Units:</b> 0<br/><b>Stories:</b> 6<br/><b>Height:</b> 21.0m<br/><b>Status:</b> In Review
]]></description>
        <styleUrl>#style_In_Review</styleUrl>
        <Polygon>
          <extrude>1</extrude>
          <altitudeMode>relativeToGround</altitudeMode>
          <outerBoundaryIs>
            <LinearRing>
              <coordinates>
        -122.2591249308281,37.86085454983675,21.0
        -122.25917976236673,37.86124847293796,21.0
        -122.25957368546794,37.86116048360815,21.0
        -122.25951885392931,37.860766560506946,21.0
        -122.2591249308281,37.86085454983675,21.0
    </coordinates>
            </LinearRing>
          </outerBoundaryIs>
        </Polygon>
      </Placemark>
      <Placemark>
        <name>1740 SAN PABLO Ave</name>
        <description><![CDATA[
<b>1740 SAN PABLO Ave</b><br/><b>Units:</b> 54<br/><b>VLI Units:</b> 0<br/><b>Stories:</b> 6<br/><b>Height:</b> 21.0m<br/><b>Status:</b> In Review
]]></description>
        <styleUrl>#style_In_Review</styleUrl>
        <Polygon>
          <extrude>1</extrude>
          <altitudeMode>relativeToGround</altitudeMode>
          <outerBoundaryIs>
            <LinearRing>
              <coordinates>
        -122.2932247463496,37.87174010059217,21.0
        -122.29327957788823,37.87213402369338,21.0
        -122.29367350098944,37.87204603436357,21.0
        -122.29361866945081,37.871652111262364,21.0
        -122.2932247463496,37.87174010059217,21.0
    </coordinates>
            </LinearRing>
          </outerBoundaryIs>
        </Polygon>
      </Placemark>
      <Placemark>
        <name>2902 ADELINE St</name>
        <description><![CDATA[
<b>2902 ADELINE St</b><br/><b>Units:</b> 54<br/><b>VLI Units:</b> 0<br/><b>Stories:</b> 6<br/><b>Height:</b> 21.0m<br/><b>Status:</b> Under Construction
]]></description>
        <styleUrl>#style_Under_Construction</styleUrl>
        <Polygon>
          <extrude>1</extrude>
          <altitudeMode>relativeToGround</altitudeMode>
          <outerBoundaryIs>
            <LinearRing>
              <coordinates>
        -122.26882648268007,37.8560734931143,21.0
        -122.2688813142187,37.85646741621551,21.0
        -122.26927523731992,37.8563794268857,21.0
        -122.26922040578128,37.855985503784495,21.0
        -122.26882648268007,37.8560734931143,21.0
    </coordinates>
            </LinearRing>
          </outerBoundaryIs>
        </Polygon>
      </Placemark>
      <Placemark>
        <name>2587 TELEGRAPH Ave</name>
        <description><![CDATA[
<b>2587 TELEGRAPH Ave</b><br/><b>Units:</b> 52<br/><b>VLI Units:</b> 6<br/><b>Stories:</b> 8<br/><b>Height:</b> 28.0m<br/><b>Status:</b> Under Construction
]]></description>
        <styleUrl>#style_Under_Construction</styleUrl>
        <Polygon>
          <extrude>1</extrude>
          <altitudeMode>relativeToGround</altitudeMode>
          <outerBoundaryIs>
            <LinearRing>
              <coordinates>
        -122.25806441268007,37.8636610131143,28.0
        -122.2581192442187,37.86405493621551,28.0
        -122.25851316731992,37.863966946885704,28.0
        -122.25845833578128,37.8635730237845,28.0
        -122.25806441268007,37.8636610131143,28.0
    </coordinates>
            </LinearRing>
          </outerBoundaryIs>
        </Polygon>
      </Placemark>
      <Placemark>
        <name>130 BERKELEY Sq</name>
        <description><![CDATA[
<b>130 BERKELEY Sq</b><br/><b>Units:</b> 50<br/><b>VLI Units:</b> 0<br/><b>Stories:</b> 7<br/><b>Height:</b> 24.5m<br/><b>Status:</b> In Review<br/><i>(height estimated from units)</i>
]]></description>
        <styleUrl>#style_In_Review</styleUrl>
        <Polygon>
          <extrude>1</extrude>
          <altitudeMode>relativeToGround</altitudeMode>
          <outerBoundaryIs>
            <LinearRing>
              <coordinates>
        -122.26773462268008,37.8707050331143,24.5
        -122.26778945421871,37.871098956215505,24.5
        -122.26818337731993,37.8710109668857,24.5
        -122.2681285457813,37.87061704378449,24.5
        -122.26773462268008,37.8707050331143,24.5
    </coordinates>
            </LinearRing>
          </outerBoundaryIs>
        </Polygon>
      </Placemark>
      <Placemark>
        <name>2016 ASHBY Ave</name>
        <description><![CDATA[
<b>2016 ASHBY Ave</b><br/><b>Units:</b> 50<br/><b>VLI Units:</b> 50<br/><b>Stories:</b> 7<br/><b>Height:</b> 24.5m<br/><b>Status:</b> Permits Active
]]></description>
        <styleUrl>#style_Permits_Active</styleUrl>
        <Polygon>
          <extrude>1</extrude>
          <altitudeMode>relativeToGround</altitudeMode>
          <outerBoundaryIs>
            <LinearRing>
              <coordinates>
        -122.26799771268007,37.8546685031143,24.5
        -122.2680525442187,37.855062426215504,24.5
        -122.26844646731992,37.8549744368857,24.5
        -122.26839163578128,37.85458051378449,24.5
        -122.26799771268007,37.8546685031143,24.5
    </coordinates>
            </LinearRing>
          </outerBoundaryIs>
        </Polygon>
      </Placemark>
      <Placemark>
        <name>2350 TELEGRAPH Ave</name>
        <description><![CDATA[
<b>2350 TELEGRAPH Ave</b><br/><b>Units:</b> 48<br/><b>VLI Units:</b> 2<br/><b>Stories:</b> 8<br/><b>Height:</b> 28.0m<br/><b>Status:</b> In Review
]]></description>
        <styleUrl>#style_In_Review</styleUrl>
        <Polygon>
          <extrude>1</extrude>
          <altitudeMode>relativeToGround</altitudeMode>
          <outerBoundaryIs>
            <LinearRing>
              <coordinates>
        -122.25900011268007,37.8674519931143,28.0
        -122.2590549442187,37.86784591621551,28.0
        -122.25944886731992,37.8677579268857,28.0
        -122.25939403578128,37.867364003784495,28.0
        -122.25900011268007,37.8674519931143,28.0
    </coordinates>
            </LinearRing>
          </outerBoundaryIs>
        </Polygon>
      </Placemark>
      <Placemark>
        <name>2727 HASTE St</name>
        <description><![CDATA[
<b>2727 HASTE St</b><br/><b>Units:</b> 45<br/><b>VLI Units:</b> 0<br/><b>Stories:</b> 6<br/><b>Height:</b> 21.0m<br/><b>Status:</b> In Review
]]></description>
        <styleUrl>#style_In_Review</styleUrl>
        <Polygon>
          <extrude>1</extrude>
          <altitudeMode>relativeToGround</altitudeMode>
          <outerBoundaryIs>
            <LinearRing>
              <coordinates>
        -122.25255572183524,37.866823402095385,21.0
        -122.25261055337387,37.86721732519659,21.0
        -122.25300447647508,37.867129335866785,21.0
        -122.25294964493645,37.86673541276558,21.0
        -122.25255572183524,37.866823402095385,21.0
    </coordinates>
            </LinearRing>
          </outerBoundaryIs>
        </Polygon>
      </Placemark>
      <Placemark>
        <name>2449 DWIGHT Way</name>
        <description><![CDATA[
<b>2449 DWIGHT Way</b><br/><b>Units:</b> 39<br/><b>VLI Units:</b> 2<br/><b>Stories:</b> 4<br/><b>Height:</b> 14.0m<br/><b>Status:</b> In Review
]]></description>
        <styleUrl>#style_In_Review</styleUrl>
        <Polygon>
          <extrude>1</extrude>
          <altitudeMode>relativeToGround</altitudeMode>
          <outerBoundaryIs>
            <LinearRing>
              <coordinates>
        -122.25854503866776,37.86515623528639,14.0
        -122.2585998702064,37.8655501583876,14.0
        -122.25899379330761,37.86546216905779,14.0
        -122.25893896176898,37.865068245956586,14.0
        -122.25854503866776,37.86515623528639,14.0
    </coordinates>
            </LinearRing>
          </outerBoundaryIs>
        </Polygon>
      </Placemark>
      <Placemark>
        <name>1367 UNIVERSITY Ave</name>
        <description><![CDATA[
<b>1367 UNIVERSITY Ave</b><br/><b>Units:</b> 39<br/><b>VLI Units:</b> 39<br/><b>Stories:</b> 4<br/><b>Height:</b> 14.0m<br/><b>Status:</b> Completed
]]></description>
        <styleUrl>#style_Completed</styleUrl>
        <Polygon>
          <extrude>1</extrude>
          <altitudeMode>relativeToGround</altitudeMode>
          <outerBoundaryIs>
            <LinearRing>
              <coordinates>
        -122.28496574268007,37.8701294531143,14.0
        -122.2850205742187,37.87052337621551,14.0
        -122.28541449731992,37.8704353868857,14.0
        -122.28535966578129,37.870041463784496,14.0
        -122.28496574268007,37.8701294531143,14.0
    </coordinates>
            </LinearRing>
          </outerBoundaryIs>
        </Polygon>
      </Placemark>
      <Placemark>
        <name>2403 SAN PABLO Ave</name>
        <description><![CDATA[
<b>2403 SAN PABLO Ave</b><br/><b>Units:</b> 36<br/><b>VLI Units:</b> 0<br/><b>Stories:</b> 4<br/><b>Height:</b> 14.0m<br/><b>Status:</b> Under Construction
]]></description>
        <styleUrl>#style_Under_Construction</styleUrl>
        <Polygon>
          <extrude>1</extrude>
          <altitudeMode>relativeToGround</altitudeMode>
          <outerBoundaryIs>
            <LinearRing>
              <coordinates>
        -122.28949683268007,37.8625768031143,14.0
        -122.2895516642187,37.86297072621551,14.0
        -122.28994558731992,37.8628827368857,14.0
        -122.28989075578129,37.862488813784495,14.0
        -122.28949683268007,37.8625768031143,14.0
    </coordinates>
            </LinearRing>
          </outerBoundaryIs>
        </Polygon>
      </Placemark>
      <Placemark>
        <name>2442 HASTE St</name>
        <description><![CDATA[
<b>2442 HASTE St</b><br/><b>Units:</b> 34<br/><b>VLI Units:</b> 2<br/><b>Stories:</b> 8<br/><b>Height:</b> 25.9m<br/><b>Status:</b> Under Construction
]]></description>
        <styleUrl>#style_Under_Construction</styleUrl>
        <Polygon>
          <extrude>1</extrude>
          <altitudeMode>relativeToGround</altitudeMode>
          <outerBoundaryIs>
            <LinearRing>
              <coordinates>
        -122.25888397268008,37.8655366331143,25.9
        -122.25893880421872,37.86593055621551,25.9
        -122.25933272731993,37.8658425668857,25.9
        -122.2592778957813,37.8654486437845,25.9
        -122.25888397268008,37.8655366331143,25.9
    </coordinates>
            </LinearRing>
          </outerBoundaryIs>
        </Polygon>
      </Placemark>
      <Placemark>
        <name>2733 SAN PABLO Ave</name>
        <description><![CDATA[
<b>2733 SAN PABLO Ave</b><br/><b>Units:</b> 32<br/><b>VLI Units:</b> 0<br/><b>Stories:</b> 8<br/><b>Height:</b> 28.0m<br/><b>Status:</b> In Review
]]></description>
        <styleUrl>#style_In_Review</styleUrl>
        <Polygon>
          <extrude>1</extrude>
          <altitudeMode>relativeToGround</altitudeMode>
          <outerBoundaryIs>
            <LinearRing>
              <coordinates>
        -122.28739176781751,37.85619528854339,28.0
        -122.28744659935614,37.8565892116446,28.0
        -122.28784052245736,37.85650122231479,28.0
        -122.28778569091872,37.85610729921358,28.0
        -122.28739176781751,37.85619528854339,28.0
    </coordinates>
            </LinearRing>
          </outerBoundaryIs>
        </Polygon>
      </Placemark>
      <Placemark>
        <name>2614 TELEGRAPH Ave</name>
        <description><![CDATA[
<b>2614 TELEGRAPH Ave</b><br/><b>Units:</b> 31<br/><b>VLI Units:</b> 3<br/><b>Stories:</b> 5<br/><b>Height:</b> 17.4m<br/><b>Status:</b> In Review
]]></description>
        <styleUrl>#style_In_Review</styleUrl>
        <Polygon>
          <extrude>1</extrude>
          <altitudeMode>relativeToGround</altitudeMode>
          <outerBoundaryIs>
            <LinearRing>
              <coordinates>
        -122.25891545717856,37.86252976273843,17.4
        -122.2589702887172,37.86292368583964,17.4
        -122.25936421181841,37.86283569650983,17.4
        -122.25930938027977,37.86244177340863,17.4
        -122.25891545717856,37.86252976273843,17.4
    </coordinates>
            </LinearRing>
          </outerBoundaryIs>
        </Polygon>
      </Placemark>
      <Placemark>
        <name>2480 Bancroft Way</name>
        <description><![CDATA[
<b>2480 Bancroft Way</b><br/><b>Units:</b> 28<br/><b>VLI Units:</b> 0<br/><b>Stories:</b> 8<br/><b>Height:</b> 28.0m<br/><b>Status:</b> Completed
]]></description>
        <styleUrl>#style_Completed</styleUrl>
        <Polygon>
          <extrude>1</extrude>
          <altitudeMode>relativeToGround</altitudeMode>
          <outerBoundaryIs>
            <LinearRing>
              <coordinates>
        -122.25943794268008,37.8682324431143,28.0
        -122.25949277421871,37.86862636621551,28.0
        -122.25988669731993,37.8685383768857,28.0
        -122.2598318657813,37.868144453784495,28.0
        -122.25943794268008,37.8682324431143,28.0
    </coordinates>
            </LinearRing>
          </outerBoundaryIs>
        </Polygon>
      </Placemark>
      <Placemark>
        <name>2317 CHANNING Way</name>
        <description><![CDATA[
<b>2317 CHANNING Way</b><br/><b>Units:</b> 22<br/><b>VLI Units:</b> 0<br/><b>Stories:</b> 5<br/><b>Height:</b> 15.2m<br/><b>Status:</b> Stalled
]]></description>
        <styleUrl>#style_Stalled</styleUrl>
        <Polygon>
          <extrude>1</extrude>
          <altitudeMode>relativeToGround</altitudeMode>
          <outerBoundaryIs>
            <LinearRing>
              <coordinates>
        -122.26235612958256,37.8665325718523,15.2
        -122.26241096112119,37.8669264949535,15.2
        -122.2628048842224,37.8668385056237,15.2
        -122.26275005268377,37.86644458252249,15.2
        -122.26235612958256,37.8665325718523,15.2
    </coordinates>
            </LinearRing>
          </outerBoundaryIs>
        </Polygon>
      </Placemark>
      <Placemark>
        <name>2800 TELEGRAPH Ave</name>
        <description><![CDATA[
<b>2800 TELEGRAPH Ave</b><br/><b>Units:</b> 18<br/><b>VLI Units:</b> 0<br/><b>Stories:</b> 4<br/><b>Height:</b> 14.0m<br/><b>Status:</b> Permits Active<br/><i>(height estimated from units)</i>
]]></description>
        <styleUrl>#style_Permits_Active</styleUrl>
        <Polygon>
          <extrude>1</extrude>
          <altitudeMode>relativeToGround</altitudeMode>
          <outerBoundaryIs>
            <LinearRing>
              <coordinates>
        -122.25929558268008,37.8591701831143,14.0
        -122.25935041421872,37.85956410621551,14.0
        -122.25974433731993,37.8594761168857,14.0
        -122.2596895057813,37.859082193784495,14.0
        -122.25929558268008,37.8591701831143,14.0
    </coordinates>
            </LinearRing>
          </outerBoundaryIs>
        </Polygon>
      </Placemark>
      <Placemark>
        <name>2344 FULTON St</name>
        <description><![CDATA[
<b>2344 FULTON St</b><br/><b>Units:</b> 18<br/><b>VLI Units:</b> 0<br/><b>Stories:</b> 4<br/><b>Height:</b> 14.0m<br/><b>Status:</b> Pre-Application<br/><i>(height estimated from units)</i>
]]></description>
        <styleUrl>#style_Pre_Application</styleUrl>
        <Polygon>
          <extrude>1</extrude>
          <altitudeMode>relativeToGround</altitudeMode>
          <outerBoundaryIs>
            <LinearRing>
              <coordinates>
        -122.26563090268007,37.8660158131143,14.0
        -122.2656857342187,37.86640973621551,14.0
        -122.26607965731992,37.8663217468857,14.0
        -122.26602482578129,37.865927823784496,14.0
        -122.26563090268007,37.8660158131143,14.0
    </coordinates>
            </LinearRing>
          </outerBoundaryIs>
        </Polygon>
      </Placemark>
      <Placemark>
        <name>1790 UNIVERSITY Ave</name>
        <description><![CDATA[
<b>1790 UNIVERSITY Ave</b><br/><b>Units:</b> 17<br/><b>VLI Units:</b> 0<br/><b>Stories:</b> 5<br/><b>Height:</b> 17.1m<br/><b>Status:</b> In Review
]]></description>
        <styleUrl>#style_In_Review</styleUrl>
        <Polygon>
          <extrude>1</extrude>
          <altitudeMode>relativeToGround</altitudeMode>
          <outerBoundaryIs>
            <LinearRing>
              <coordinates>
        -122.27538007076004,37.870786219424396,17.1
        -122.27543490229867,37.8711801425256,17.1
        -122.27582882539988,37.8710921531958,17.1
        -122.27577399386125,37.87069823009459,17.1
        -122.27538007076004,37.870786219424396,17.1
    </coordinates>
            </LinearRing>
          </outerBoundaryIs>
        </Polygon>
      </Placemark>
      <Placemark>
        <name>1710 UNIVERSITY Ave</name>
        <description><![CDATA[
<b>1710 UNIVERSITY Ave</b><br/><b>Units:</b> 16<br/><b>VLI Units:</b> 0<br/><b>Stories:</b> 4<br/><b>Height:</b> 14.0m<br/><b>Status:</b> Application Submitted
]]></description>
        <styleUrl>#style_Application_Submitted</styleUrl>
        <Polygon>
          <extrude>1</extrude>
          <altitudeMode>relativeToGround</altitudeMode>
          <outerBoundaryIs>
            <LinearRing>
              <coordinates>
        -122.27689753458239,37.87059661020985,14.0
        -122.27695236612102,37.87099053331106,14.0
        -122.27734628922224,37.87090254398125,14.0
        -122.2772914576836,37.870508620880045,14.0
        -122.27689753458239,37.87059661020985,14.0
    </coordinates>
            </LinearRing>
          </outerBoundaryIs>
        </Polygon>
      </Placemark>
      <Placemark>
        <name>2147 SAN PABLO Ave</name>
        <description><![CDATA[
<b>2147 SAN PABLO Ave</b><br/><b>Units:</b> 15<br/><b>VLI Units:</b> 0<br/><b>Stories:</b> 4<br/><b>Height:</b> 21.3m<br/><b>Status:</b> Decision Pending<br/><i>(height estimated from units)</i>
]]></description>
        <styleUrl>#style_Decision_Pending</styleUrl>
        <Polygon>
          <extrude>1</extrude>
          <altitudeMode>relativeToGround</altitudeMode>
          <outerBoundaryIs>
            <LinearRing>
              <coordinates>
        -122.29085751130279,37.866894165304956,21.3
        -122.29091234284142,37.86728808840616,21.3
        -122.29130626594264,37.867200099076356,21.3
        -122.291251434404,37.86680617597515,21.3
        -122.29085751130279,37.866894165304956,21.3
    </coordinates>
            </LinearRing>
          </outerBoundaryIs>
        </Polygon>
      </Placemark>
      <Placemark>
        <name>1740 UNIVERSITY Ave</name>
        <description><![CDATA[
<b>1740 UNIVERSITY Ave</b><br/><b>Units:</b> 12<br/><b>VLI Units:</b> 0<br/><b>Stories:</b> 4<br/><b>Height:</b> 14.0m<br/><b>Status:</b> Entitled<br/><i>(height estimated from units)</i>
]]></description>
        <styleUrl>#style_Entitled</styleUrl>
        <Polygon>
          <extrude>1</extrude>
          <altitudeMode>relativeToGround</altitudeMode>
          <outerBoundaryIs>
            <LinearRing>
              <coordinates>
        -122.27639005651548,37.87060290301071,14.0
        -122.27644488805412,37.87099682611192,14.0
        -122.27683881115533,37.870908836782114,14.0
        -122.2767839796167,37.87051491368091,14.0
        -122.27639005651548,37.87060290301071,14.0
    </coordinates>
            </LinearRing>
          </outerBoundaryIs>
        </Polygon>
      </Placemark>
      <Placemark>
        <name>2018 BLAKE St</name>
        <description><![CDATA[
<b>2018 BLAKE St</b><br/><b>Units:</b> 12<br/><b>VLI Units:</b> 0<br/><b>Stories:</b> 6<br/><b>Height:</b> 21.0m<br/><b>Status:</b> Permits Active
]]></description>
        <styleUrl>#style_Permits_Active</styleUrl>
        <Polygon>
          <extrude>1</extrude>
          <altitudeMode>relativeToGround</altitudeMode>
          <outerBoundaryIs>
            <LinearRing>
              <coordinates>
        -122.26861073268007,37.8624252331143,21.0
        -122.26866556421871,37.86281915621551,21.0
        -122.26905948731992,37.8627311668857,21.0
        -122.26900465578129,37.862337243784495,21.0
        -122.26861073268007,37.8624252331143,21.0
    </coordinates>
            </LinearRing>
          </outerBoundaryIs>
        </Polygon>
      </Placemark>
      <Placemark>
        <name>2555 COLLEGE Ave</name>
        <description><![CDATA[
<b>2555 COLLEGE Ave</b><br/><b>Units:</b> 12<br/><b>VLI Units:</b> 1<br/><b>Stories:</b> 4<br/><b>Height:</b> 14.3m<br/><b>Status:</b> Completed
]]></description>
        <styleUrl>#style_Completed</styleUrl>
        <Polygon>
          <extrude>1</extrude>
          <altitudeMode>relativeToGround</altitudeMode>
          <outerBoundaryIs>
            <LinearRing>
              <coordinates>
        -122.25331904268008,37.8639700631143,14.3
        -122.25337387421871,37.86436398621551,14.3
        -122.25376779731992,37.8642759968857,14.3
        -122.25371296578129,37.863882073784495,14.3
        -122.25331904268008,37.8639700631143,14.3
    </coordinates>
            </LinearRing>
          </outerBoundaryIs>
        </Polygon>
      </Placemark>
      <Placemark>
        <name>1015 UNIVERSITY Ave</name>
        <description><![CDATA[
<b>1015 UNIVERSITY Ave</b><br/><b>Units:</b> 9<br/><b>VLI Units:</b> 0<br/><b>Stories:</b> 4<br/><b>Height:</b> 14.0m<br/><b>Status:</b> Application Submitted<br/><i>(height estimated from units)</i>
]]></description>
        <styleUrl>#style_Application_Submitted</styleUrl>
        <Polygon>
          <extrude>1</extrude>
          <altitudeMode>relativeToGround</altitudeMode>
          <outerBoundaryIs>
            <LinearRing>
              <coordinates>
        -122.29290978623122,37.86903030515066,14.0
        -122.29296461776985,37.869424228251866,14.0
        -122.29335854087107,37.86933623892206,14.0
        -122.29330370933243,37.86894231582085,14.0
        -122.29290978623122,37.86903030515066,14.0
    </coordinates>
            </LinearRing>
          </outerBoundaryIs>
        </Polygon>
      </Placemark>
      <Placemark>
        <name>2428 MILVIA St</name>
        <description><![CDATA[
<b>2428 MILVIA St</b><br/><b>Units:</b> 8<br/><b>VLI Units:</b> 0<br/><b>Stories:</b> 4<br/><b>Height:</b> 14.0m<br/><b>Status:</b> In Review<br/><i>(height estimated from units)</i>
]]></description>
        <styleUrl>#style_In_Review</styleUrl>
        <Polygon>
          <extrude>1</extrude>
          <altitudeMode>relativeToGround</altitudeMode>
          <outerBoundaryIs>
            <LinearRing>
              <coordinates>
        -122.26985988830484,37.864199328583084,14.0
        -122.26991471984347,37.86459325168429,14.0
        -122.27030864294468,37.864505262354484,14.0
        -122.27025381140605,37.86411133925328,14.0
        -122.26985988830484,37.864199328583084,14.0
    </coordinates>
            </LinearRing>
          </outerBoundaryIs>
        </Polygon>
      </Placemark>
      <Placemark>
        <name>2200 FIFTH St</name>
        <description><![CDATA[
<b>2200 FIFTH St</b><br/><b>Units:</b> 8<br/><b>VLI Units:</b> 0<br/><b>Stories:</b> 3<br/><b>Height:</b> 10.5m<br/><b>Status:</b> Withdrawn
]]></description>
        <styleUrl>#style_Withdrawn</styleUrl>
        <Polygon>
          <extrude>1</extrude>
          <altitudeMode>relativeToGround</altitudeMode>
          <outerBoundaryIs>
            <LinearRing>
              <coordinates>
        -122.2979704399944,37.86452982148835,10.5
        -122.29802527153304,37.864923744589554,10.5
        -122.29841919463425,37.86483575525975,10.5
        -122.29836436309562,37.86444183215854,10.5
        -122.2979704399944,37.86452982148835,10.5
    </coordinates>
            </LinearRing>
          </outerBoundaryIs>
        </Polygon>
      </Placemark>
      <Placemark>
        <name>1745 CEDAR St</name>
        <description><![CDATA[
<b>1745 CEDAR St</b><br/><b>Units:</b> 6<br/><b>VLI Units:</b> 0<br/><b>Stories:</b> 3<br/><b>Height:</b> 10.5m<br/><b>Status:</b> In Review
]]></description>
        <styleUrl>#style_In_Review</styleUrl>
        <Polygon>
          <extrude>1</extrude>
          <altitudeMode>relativeToGround</altitudeMode>
          <outerBoundaryIs>
            <LinearRing>
              <coordinates>
        -122.27590465364831,37.877607457637204,10.5
        -122.27595948518695,37.87800138073841,10.5
        -122.27635340828816,37.877913391408605,10.5
        -122.27629857674953,37.8775194683074,10.5
        -122.27590465364831,37.877607457637204,10.5
    </coordinates>
            </LinearRing>
          </outerBoundaryIs>
        </Polygon>
      </Placemark>
      <Placemark>
        <name>1850 BERRYMAN St</name>
        <description><![CDATA[
<b>1850 BERRYMAN St</b><br/><b>Units:</b> 6<br/><b>VLI Units:</b> 0<br/><b>Stories:</b> 3<br/><b>Height:</b> 10.5m<br/><b>Status:</b> Application Submitted
]]></description>
        <styleUrl>#style_Application_Submitted</styleUrl>
        <Polygon>
          <extrude>1</extrude>
          <altitudeMode>relativeToGround</altitudeMode>
          <outerBoundaryIs>
            <LinearRing>
              <coordinates>
        -122.27453862268007,37.882855033114296,10.5
        -122.2745934542187,37.8832489562155,10.5
        -122.27498737731992,37.8831609668857,10.5
        -122.27493254578128,37.88276704378449,10.5
        -122.27453862268007,37.882855033114296,10.5
    </coordinates>
            </LinearRing>
          </outerBoundaryIs>
        </Polygon>
      </Placemark>
      <Placemark>
        <name>1618 SIXTH St</name>
        <description><![CDATA[
<b>1618 SIXTH St</b><br/><b>Units:</b> 4<br/><b>VLI Units:</b> 0<br/><b>Stories:</b> 3<br/><b>Height:</b> 10.5m<br/><b>Status:</b> In Review
]]></description>
        <styleUrl>#style_In_Review</styleUrl>
        <Polygon>
          <extrude>1</extrude>
          <altitudeMode>relativeToGround</altitudeMode>
          <outerBoundaryIs>
            <LinearRing>
              <coordinates>
        -122.29953424341068,37.873183136533896,10.5
        -122.29958907494931,37.8735770596351,10.5
        -122.29998299805052,37.8734890703053,10.5
        -122.29992816651189,37.87309514720409,10.5
        -122.29953424341068,37.873183136533896,10.5
    </coordinates>
            </LinearRing>
          </outerBoundaryIs>
        </Polygon>
      </Placemark>
      <Placemark>
        <name>2420 ASHBY Ave</name>
        <description><![CDATA[
<b>2420 ASHBY Ave</b><br/><b>Units:</b> 4<br/><b>VLI Units:</b> 0<br/><b>Stories:</b> 3<br/><b>Height:</b> 10.5m<br/><b>Status:</b> In Review<br/><i>(height estimated from units)</i>
]]></description>
        <styleUrl>#style_In_Review</styleUrl>
        <Polygon>
          <extrude>1</extrude>
          <altitudeMode>relativeToGround</altitudeMode>
          <outerBoundaryIs>
            <LinearRing>
              <coordinates>
        -122.25841061297204,37.85582902241146,10.5
        -122.25846544451068,37.85622294551267,10.5
        -122.25885936761189,37.85613495618286,10.5
        -122.25880453607326,37.85574103308166,10.5
        -122.25841061297204,37.85582902241146,10.5
    </coordinates>
            </LinearRing>
          </outerBoundaryIs>
        </Polygon>
      </Placemark>
      <Placemark>
        <name>2942 COLLEGE Ave</name>
        <description><![CDATA[
<b>2942 COLLEGE Ave</b><br/><b>Units:</b> 4<br/><b>VLI Units:</b> 0<br/><b>Stories:</b> 3<br/><b>Height:</b> 10.5m<br/><b>Status:</b> In Review<br/><i>(height estimated from units)</i>
]]></description>
        <styleUrl>#style_In_Review</styleUrl>
        <Polygon>
          <extrude>1</extrude>
          <altitudeMode>relativeToGround</altitudeMode>
          <outerBoundaryIs>
            <LinearRing>
              <coordinates>
        -122.25324253058231,37.85729039285393,10.5
        -122.25329736212095,37.85768431595514,10.5
        -122.25369128522216,37.857596326625334,10.5
        -122.25363645368353,37.85720240352413,10.5
        -122.25324253058231,37.85729039285393,10.5
    </coordinates>
            </LinearRing>
          </outerBoundaryIs>
        </Polygon>
      </Placemark>
      <Placemark>
        <name>2437 WARRING St</name>
        <description><![CDATA[
<b>2437 WARRING St</b><br/><b>Units:</b> 4<br/><b>VLI Units:</b> 0<br/><b>Stories:</b> 2<br/><b>Height:</b> 7.0m<br/><b>Status:</b> In Review
]]></description>
        <styleUrl>#style_In_Review</styleUrl>
        <Polygon>
          <extrude>1</extrude>
          <altitudeMode>relativeToGround</altitudeMode>
          <outerBoundaryIs>
            <LinearRing>
              <coordinates>
        -122.25005038159328,37.86644253098711,7.0
        -122.25010521313192,37.866836454088315,7.0
        -122.25049913623313,37.86674846475851,7.0
        -122.2504443046945,37.8663545416573,7.0
        -122.25005038159328,37.86644253098711,7.0
    </coordinates>
            </LinearRing>
          </outerBoundaryIs>
        </Polygon>
      </Placemark>
      <Placemark>
        <name>2641 COLLEGE Ave</name>
        <description><![CDATA[
<b>2641 COLLEGE Ave</b><br/><b>Units:</b> 3<br/><b>VLI Units:</b> 0<br/><b>Stories:</b> 3<br/><b>Height:</b> 10.5m<br/><b>Status:</b> In Review<br/><i>(height estimated from units)</i>
]]></description>
        <styleUrl>#style_In_Review</styleUrl>
        <Polygon>
          <extrude>1</extrude>
          <altitudeMode>relativeToGround</altitudeMode>
          <outerBoundaryIs>
            <LinearRing>
              <coordinates>
        -122.25301449324748,37.86233481109458,10.5
        -122.25306932478611,37.862728734195784,10.5
        -122.25346324788732,37.86264074486598,10.5
        -122.25340841634869,37.86224682176477,10.5
        -122.25301449324748,37.86233481109458,10.5
    </coordinates>
            </LinearRing>
          </outerBoundaryIs>
        </Polygon>
      </Placemark>
      <Placemark>
        <name>2205 BLAKE St</name>
        <description><![CDATA[
<b>2205 BLAKE St</b><br/><b>Units:</b> 3<br/><b>VLI Units:</b> 0<br/><b>Stories:</b> 3<br/><b>Height:</b> 10.5m<br/><b>Status:</b> In Review
]]></description>
        <styleUrl>#style_In_Review</styleUrl>
        <Polygon>
          <extrude>1</extrude>
          <altitudeMode>relativeToGround</altitudeMode>
          <outerBoundaryIs>
            <LinearRing>
              <coordinates>
        -122.26460262207208,37.86349018533092,10.5
        -122.26465745361071,37.863884108432124,10.5
        -122.26505137671192,37.86379611910232,10.5
        -122.26499654517329,37.86340219600111,10.5
        -122.26460262207208,37.86349018533092,10.5
    </coordinates>
            </LinearRing>
          </outerBoundaryIs>
        </Polygon>
      </Placemark>
      <Placemark>
        <name>2221 FIFTH St</name>
        <description><![CDATA[
<b>2221 FIFTH St</b><br/><b>Units:</b> 3<br/><b>VLI Units:</b> 0<br/><b>Stories:</b> 3<br/><b>Height:</b> 10.5m<br/><b>Status:</b> In Review<br/><i>(height estimated from units)</i>
]]></description>
        <styleUrl>#style_In_Review</styleUrl>
        <Polygon>
          <extrude>1</extrude>
          <altitudeMode>relativeToGround</altitudeMode>
          <outerBoundaryIs>
            <LinearRing>
              <coordinates>
        -122.29712296306715,37.864193172108905,10.5
        -122.29717779460579,37.86458709521011,10.5
        -122.297571717707,37.864499105880306,10.5
        -122.29751688616837,37.8641051827791,10.5
        -122.29712296306715,37.864193172108905,10.5
    </coordinates>
            </LinearRing>
          </outerBoundaryIs>
        </Polygon>
      </Placemark>
      <Placemark>
        <name>1650 FIFTH St</name>
        <description><![CDATA[
<b>1650 FIFTH St</b><br/><b>Units:</b> 3<br/><b>VLI Units:</b> 0<br/><b>Stories:</b> 3<br/><b>Height:</b> 10.5m<br/><b>Status:</b> In Review<br/><i>(height estimated from units)</i>
]]></description>
        <styleUrl>#style_In_Review</styleUrl>
        <Polygon>
          <extrude>1</extrude>
          <altitudeMode>relativeToGround</altitudeMode>
          <outerBoundaryIs>
            <LinearRing>
              <coordinates>
        -122.3004017545654,37.87209371294543,10.5
        -122.30045658610403,37.872487636046635,10.5
        -122.30085050920525,37.87239964671683,10.5
        -122.30079567766661,37.87200572361562,10.5
        -122.3004017545654,37.87209371294543,10.5
    </coordinates>
            </LinearRing>
          </outerBoundaryIs>
        </Polygon>
      </Placemark>
      <Placemark>
        <name>3101 SACRAMENTO St</name>
        <description><![CDATA[
<b>3101 SACRAMENTO St</b><br/><b>Units:</b> 3<br/><b>VLI Units:</b> 0<br/><b>Stories:</b> 3<br/><b>Height:</b> 10.5m<br/><b>Status:</b> In Review<br/><i>(height estimated from units)</i>
]]></description>
        <styleUrl>#style_In_Review</styleUrl>
        <Polygon>
          <extrude>1</extrude>
          <altitudeMode>relativeToGround</altitudeMode>
          <outerBoundaryIs>
            <LinearRing>
              <coordinates>
        -122.27804211401848,37.85120062847681,10.5
        -122.27809694555711,37.85159455157802,10.5
        -122.27849086865832,37.85150656224821,10.5
        -122.27843603711969,37.851112639147004,10.5
        -122.27804211401848,37.85120062847681,10.5
    </coordinates>
            </LinearRing>
          </outerBoundaryIs>
        </Polygon>
      </Placemark>
      <Placemark>
        <name>1449 CORNELL Ave</name>
        <description><![CDATA[
<b>1449 CORNELL Ave</b><br/><b>Units:</b> 3<br/><b>VLI Units:</b> 0<br/><b>Stories:</b> 2<br/><b>Height:</b> 18.3m<br/><b>Status:</b> In Review
]]></description>
        <styleUrl>#style_In_Review</styleUrl>
        <Polygon>
          <extrude>1</extrude>
          <altitudeMode>relativeToGround</altitudeMode>
          <outerBoundaryIs>
            <LinearRing>
              <coordinates>
        -122.29166421639424,37.87742721992729,18.3
        -122.29171904793287,37.8778211430285,18.3
        -122.29211297103409,37.87773315369869,18.3
        -122.29205813949545,37.877339230597485,18.3
        -122.29166421639424,37.87742721992729,18.3
    </coordinates>
            </LinearRing>
          </outerBoundaryIs>
        </Polygon>
      </Placemark>
      <Placemark>
        <name>1514 WALNUT St</name>
        <description><![CDATA[
<b>1514 WALNUT St</b><br/><b>Units:</b> 3<br/><b>VLI Units:</b> 0<br/><b>Stories:</b> 3<br/><b>Height:</b> 10.5m<br/><b>Status:</b> In Review<br/><i>(height estimated from units)</i>
]]></description>
        <styleUrl>#style_In_Review</styleUrl>
        <Polygon>
          <extrude>1</extrude>
          <altitudeMode>relativeToGround</altitudeMode>
          <outerBoundaryIs>
            <LinearRing>
              <coordinates>
        -122.26822203675968,37.87954021189529,10.5
        -122.26827686829832,37.879934134996496,10.5
        -122.26867079139953,37.87984614566669,10.5
        -122.2686159598609,37.87945222256548,10.5
        -122.26822203675968,37.87954021189529,10.5
    </coordinates>
            </LinearRing>
          </outerBoundaryIs>
        </Polygon>
      </Placemark>
      <Placemark>
        <name>1464 SIXTH St</name>
        <description><![CDATA[
<b>1464 SIXTH St</b><br/><b>Units:</b> 3<br/><b>VLI Units:</b> 0<br/><b>Stories:</b> 3<br/><b>Height:</b> 10.5m<br/><b>Status:</b> In Review<br/><i>(height estimated from units)</i>
]]></description>
        <styleUrl>#style_In_Review</styleUrl>
        <Polygon>
          <extrude>1</extrude>
          <altitudeMode>relativeToGround</altitudeMode>
          <outerBoundaryIs>
            <LinearRing>
              <coordinates>
        -122.30018061090199,37.87518724572041,10.5
        -122.30023544244062,37.87558116882162,10.5
        -122.30062936554184,37.87549317949181,10.5
        -122.3005745340032,37.875099256390605,10.5
        -122.30018061090199,37.87518724572041,10.5
    </coordinates>
            </LinearRing>
          </outerBoundaryIs>
        </Polygon>
      </Placemark>
      <Placemark>
        <name>2812 EIGHTH St</name>
        <description><![CDATA[
<b>2812 EIGHTH St</b><br/><b>Units:</b> 3<br/><b>VLI Units:</b> 0<br/><b>Stories:</b> 3<br/><b>Height:</b> 10.5m<br/><b>Status:</b> In Review
]]></description>
        <styleUrl>#style_In_Review</styleUrl>
        <Polygon>
          <extrude>1</extrude>
          <altitudeMode>relativeToGround</altitudeMode>
          <outerBoundaryIs>
            <LinearRing>
              <coordinates>
        -122.29130561252606,37.854823371370266,10.5
        -122.2913604440647,37.85521729447147,10.5
        -122.29175436716591,37.855129305141666,10.5
        -122.29169953562727,37.85473538204046,10.5
        -122.29130561252606,37.854823371370266,10.5
    </coordinates>
            </LinearRing>
          </outerBoundaryIs>
        </Polygon>
      </Placemark>
      <Placemark>
        <name>2201 BLAKE St</name>
        <description><![CDATA[
<b>2201 BLAKE St</b><br/><b>Units:</b> 3<br/><b>VLI Units:</b> 0<br/><b>Stories:</b> 3<br/><b>Height:</b> 10.5m<br/><b>Status:</b> Entitled
]]></description>
        <styleUrl>#style_Entitled</styleUrl>
        <Polygon>
          <extrude>1</extrude>
          <altitudeMode>relativeToGround</altitudeMode>
          <outerBoundaryIs>
            <LinearRing>
              <coordinates>
        -122.26460262207208,37.86349018533092,10.5
        -122.26465745361071,37.863884108432124,10.5
        -122.26505137671192,37.86379611910232,10.5
        -122.26499654517329,37.86340219600111,10.5
        -122.26460262207208,37.86349018533092,10.5
    </coordinates>
            </LinearRing>
          </outerBoundaryIs>
        </Polygon>
      </Placemark>
      <Placemark>
        <name>2833 Seventh St</name>
        <description><![CDATA[
<b>2833 Seventh St</b><br/><b>Units:</b> 3<br/><b>VLI Units:</b> 0<br/><b>Stories:</b> 2<br/><b>Height:</b> 7.0m<br/><b>Status:</b> Entitled
]]></description>
        <styleUrl>#style_Entitled</styleUrl>
        <Polygon>
          <extrude>1</extrude>
          <altitudeMode>relativeToGround</altitudeMode>
          <outerBoundaryIs>
            <LinearRing>
              <coordinates>
        -122.29539243053752,37.86391082406296,7.0
        -122.29544726207615,37.86430474716417,7.0
        -122.29584118517737,37.86421675783436,7.0
        -122.29578635363873,37.863822834733156,7.0
        -122.29539243053752,37.86391082406296,7.0
    </coordinates>
            </LinearRing>
          </outerBoundaryIs>
        </Polygon>
      </Placemark>
      <Placemark>
        <name>1614 Sixth St</name>
        <description><![CDATA[
<b>1614 Sixth St</b><br/><b>Units:</b> 3<br/><b>VLI Units:</b> 0<br/><b>Stories:</b> 3<br/><b>Height:</b> 10.7m<br/><b>Status:</b> Entitled<br/><i>(height estimated from units)</i>
]]></description>
        <styleUrl>#style_Entitled</styleUrl>
        <Polygon>
          <extrude>1</extrude>
          <altitudeMode>relativeToGround</altitudeMode>
          <outerBoundaryIs>
            <LinearRing>
              <coordinates>
        -122.29953424341068,37.873183136533896,10.7
        -122.29958907494931,37.8735770596351,10.7
        -122.29998299805052,37.8734890703053,10.7
        -122.29992816651189,37.87309514720409,10.7
        -122.29953424341068,37.873183136533896,10.7
    </coordinates>
            </LinearRing>
          </outerBoundaryIs>
        </Polygon>
      </Placemark>
      <Placemark>
        <name>1716 SEVENTH St</name>
        <description><![CDATA[
<b>1716 SEVENTH St</b><br/><b>Units:</b> 2<br/><b>VLI Units:</b> 0<br/><b>Stories:</b> 3<br/><b>Height:</b> 10.5m<br/><b>Status:</b> In Review<br/><i>(height estimated from units)</i>
]]></description>
        <styleUrl>#style_In_Review</styleUrl>
        <Polygon>
          <extrude>1</extrude>
          <altitudeMode>relativeToGround</altitudeMode>
          <outerBoundaryIs>
            <LinearRing>
              <coordinates>
        -122.29788993477527,37.871679573893516,10.5
        -122.2979447663139,37.87207349699472,10.5
        -122.29833868941512,37.87198550766492,10.5
        -122.29828385787648,37.87159158456371,10.5
        -122.29788993477527,37.871679573893516,10.5
    </coordinates>
            </LinearRing>
          </outerBoundaryIs>
        </Polygon>
      </Placemark>
      <Placemark>
        <name>1515 DERBY St</name>
        <description><![CDATA[
<b>1515 DERBY St</b><br/><b>Units:</b> 2<br/><b>VLI Units:</b> 0<br/><b>Stories:</b> 3<br/><b>Height:</b> 10.5m<br/><b>Status:</b> In Review<br/><i>(height estimated from units)</i>
]]></description>
        <styleUrl>#style_In_Review</styleUrl>
        <Polygon>
          <extrude>1</extrude>
          <altitudeMode>relativeToGround</altitudeMode>
          <outerBoundaryIs>
            <LinearRing>
              <coordinates>
        -122.27929038778447,37.85890861563039,10.5
        -122.2793452193231,37.8593025387316,10.5
        -122.27973914242432,37.85921454940179,10.5
        -122.27968431088568,37.858820626300584,10.5
        -122.27929038778447,37.85890861563039,10.5
    </coordinates>
            </LinearRing>
          </outerBoundaryIs>
        </Polygon>
      </Placemark>
      <Placemark>
        <name>1922 FRANCISCO St</name>
        <description><![CDATA[
<b>1922 FRANCISCO St</b><br/><b>Units:</b> 2<br/><b>VLI Units:</b> 0<br/><b>Stories:</b> 3<br/><b>Height:</b> 10.5m<br/><b>Status:</b> In Review
]]></description>
        <styleUrl>#style_In_Review</styleUrl>
        <Polygon>
          <extrude>1</extrude>
          <altitudeMode>relativeToGround</altitudeMode>
          <outerBoundaryIs>
            <LinearRing>
              <coordinates>
        -122.27200283648311,37.874826903378676,10.5
        -122.27205766802174,37.87522082647988,10.5
        -122.27245159112296,37.875132837150076,10.5
        -122.27239675958432,37.87473891404887,10.5
        -122.27200283648311,37.874826903378676,10.5
    </coordinates>
            </LinearRing>
          </outerBoundaryIs>
        </Polygon>
      </Placemark>
      <Placemark>
        <name>2204 DWIGHT Way</name>
        <description><![CDATA[
<b>2204 DWIGHT Way</b><br/><b>Units:</b> 2<br/><b>VLI Units:</b> 0<br/><b>Stories:</b> 3<br/><b>Height:</b> 10.5m<br/><b>Status:</b> Decision Pending
]]></description>
        <styleUrl>#style_Decision_Pending</styleUrl>
        <Polygon>
          <extrude>1</extrude>
          <altitudeMode>relativeToGround</altitudeMode>
          <outerBoundaryIs>
            <LinearRing>
              <coordinates>
        -122.26464086604864,37.863861277747404,10.5
        -122.26469569758727,37.86425520084861,10.5
        -122.26508962068849,37.864167211518804,10.5
        -122.26503478914985,37.8637732884176,10.5
        -122.26464086604864,37.863861277747404,10.5
    </coordinates>
            </LinearRing>
          </outerBoundaryIs>
        </Polygon>
      </Placemark>
      <Placemark>
        <name>1419 GRANT St</name>
        <description><![CDATA[
<b>1419 GRANT St</b><br/><b>Units:</b> 2<br/><b>VLI Units:</b> 0<br/><b>Stories:</b> 3<br/><b>Height:</b> 10.5m<br/><b>Status:</b> In Review<br/><i>(height estimated from units)</i>
]]></description>
        <styleUrl>#style_In_Review</styleUrl>
        <Polygon>
          <extrude>1</extrude>
          <altitudeMode>relativeToGround</altitudeMode>
          <outerBoundaryIs>
            <LinearRing>
              <coordinates>
        -122.27571032379784,37.88027525983528,10.5
        -122.27576515533647,37.88066918293649,10.5
        -122.27615907843769,37.88058119360668,10.5
        -122.27610424689905,37.88018727050547,10.5
        -122.27571032379784,37.88027525983528,10.5
    </coordinates>
            </LinearRing>
          </outerBoundaryIs>
        </Polygon>
      </Placemark>
      <Placemark>
        <name>1236 DWIGHT Way</name>
        <description><![CDATA[
<b>1236 DWIGHT Way</b><br/><b>Units:</b> 2<br/><b>VLI Units:</b> 0<br/><b>Stories:</b> 3<br/><b>Height:</b> 10.5m<br/><b>Status:</b> In Review<br/><i>(height estimated from units)</i>
]]></description>
        <styleUrl>#style_In_Review</styleUrl>
        <Polygon>
          <extrude>1</extrude>
          <altitudeMode>relativeToGround</altitudeMode>
          <outerBoundaryIs>
            <LinearRing>
              <coordinates>
        -122.28550248590918,37.86121881440641,10.5
        -122.28555731744781,37.86161273750762,10.5
        -122.28595124054902,37.861524748177814,10.5
        -122.28589640901039,37.86113082507661,10.5
        -122.28550248590918,37.86121881440641,10.5
    </coordinates>
            </LinearRing>
          </outerBoundaryIs>
        </Polygon>
      </Placemark>
      <Placemark>
        <name>2808 NINTH St</name>
        <description><![CDATA[
<b>2808 NINTH St</b><br/><b>Units:</b> 2<br/><b>VLI Units:</b> 0<br/><b>Stories:</b> 3<br/><b>Height:</b> 10.5m<br/><b>Status:</b> In Review<br/><i>(height estimated from units)</i>
]]></description>
        <styleUrl>#style_In_Review</styleUrl>
        <Polygon>
          <extrude>1</extrude>
          <altitudeMode>relativeToGround</altitudeMode>
          <outerBoundaryIs>
            <LinearRing>
              <coordinates>
        -122.29025718696131,37.85513479698861,10.5
        -122.29031201849995,37.855528720089815,10.5
        -122.29070594160116,37.85544073076001,10.5
        -122.29065111006253,37.8550468076588,10.5
        -122.29025718696131,37.85513479698861,10.5
    </coordinates>
            </LinearRing>
          </outerBoundaryIs>
        </Polygon>
      </Placemark>
      <Placemark>
        <name>3001 BENVENUE Ave</name>
        <description><![CDATA[
<b>3001 BENVENUE Ave</b><br/><b>Units:</b> 1<br/><b>VLI Units:</b> 0<br/><b>Stories:</b> 3<br/><b>Height:</b> 10.5m<br/><b>Status:</b> Decision Pending<br/><i>(height estimated from units)</i>
]]></description>
        <styleUrl>#style_Decision_Pending</styleUrl>
        <Polygon>
          <extrude>1</extrude>
          <altitudeMode>relativeToGround</altitudeMode>
          <outerBoundaryIs>
            <LinearRing>
              <coordinates>
        -122.25348004155019,37.85568755482251,10.5
        -122.25353487308882,37.856081477923716,10.5
        -122.25392879619004,37.85599348859391,10.5
        -122.2538739646514,37.8555995654927,10.5
        -122.25348004155019,37.85568755482251,10.5
    </coordinates>
            </LinearRing>
          </outerBoundaryIs>
        </Polygon>
      </Placemark>
      <Placemark>
        <name>40 HILL Rd</name>
        <description><![CDATA[
<b>40 HILL Rd</b><br/><b>Units:</b> 1<br/><b>VLI Units:</b> 0<br/><b>Stories:</b> 3<br/><b>Height:</b> 10.5m<br/><b>Status:</b> Application Submitted<br/><i>(height estimated from units)</i>
]]></description>
        <styleUrl>#style_Application_Submitted</styleUrl>
        <Polygon>
          <extrude>1</extrude>
          <altitudeMode>relativeToGround</altitudeMode>
          <outerBoundaryIs>
            <LinearRing>
              <coordinates>
        -122.25110117871036,37.88917657941289,10.5
        -122.25115601024899,37.8895705025141,10.5
        -122.2515499333502,37.88948251318429,10.5
        -122.25149510181157,37.889088590083084,10.5
        -122.25110117871036,37.88917657941289,10.5
    </coordinates>
            </LinearRing>
          </outerBoundaryIs>
        </Polygon>
      </Placemark>
      <Placemark>
        <name>5 W PARNASSUS Ct</name>
        <description><![CDATA[
<b>5 W PARNASSUS Ct</b><br/><b>Units:</b> 1<br/><b>VLI Units:</b> 0<br/><b>Stories:</b> 3<br/><b>Height:</b> 10.5m<br/><b>Status:</b> In Review<br/><i>(height estimated from units)</i>
]]></description>
        <styleUrl>#style_In_Review</styleUrl>
        <Polygon>
          <extrude>1</extrude>
          <altitudeMode>relativeToGround</altitudeMode>
          <outerBoundaryIs>
            <LinearRing>
              <coordinates>
        -122.25382151813916,37.88093621339152,10.5
        -122.2538763496778,37.88133013649273,10.5
        -122.25427027277901,37.88124214716292,10.5
        -122.25421544124038,37.880848224061715,10.5
        -122.25382151813916,37.88093621339152,10.5
    </coordinates>
            </LinearRing>
          </outerBoundaryIs>
        </Polygon>
      </Placemark>
      <Placemark>
        <name>0 LE ROY Ave</name>
        <description><![CDATA[
<b>0 LE ROY Ave</b><br/><b>Units:</b> 1<br/><b>VLI Units:</b> 0<br/><b>Stories:</b> 3<br/><b>Height:</b> 10.5m<br/><b>Status:</b> In Review<br/><i>(height estimated from units)</i>
]]></description>
        <styleUrl>#style_In_Review</styleUrl>
        <Polygon>
          <extrude>1</extrude>
          <altitudeMode>relativeToGround</altitudeMode>
          <outerBoundaryIs>
            <LinearRing>
              <coordinates>
        -122.25817462268007,37.8762970331143,10.5
        -122.25822945421871,37.876690956215505,10.5
        -122.25862337731992,37.8766029668857,10.5
        -122.25856854578129,37.87620904378449,10.5
        -122.25817462268007,37.8762970331143,10.5
    </coordinates>
            </LinearRing>
          </outerBoundaryIs>
        </Polygon>
      </Placemark>
      <Placemark>
        <name>2328 GRANT St</name>
        <description><![CDATA[
<b>2328 GRANT St</b><br/><b>Units:</b> 1<br/><b>VLI Units:</b> 0<br/><b>Stories:</b> 3<br/><b>Height:</b> 10.5m<br/><b>Status:</b> In Review<br/><i>(height estimated from units)</i>
]]></description>
        <styleUrl>#style_In_Review</styleUrl>
        <Polygon>
          <extrude>1</extrude>
          <altitudeMode>relativeToGround</altitudeMode>
          <outerBoundaryIs>
            <LinearRing>
              <coordinates>
        -122.2748019159415,37.86566641284572,10.5
        -122.27485674748013,37.866060335946926,10.5
        -122.27525067058134,37.86597234661712,10.5
        -122.27519583904271,37.86557842351591,10.5
        -122.2748019159415,37.86566641284572,10.5
    </coordinates>
            </LinearRing>
          </outerBoundaryIs>
        </Polygon>
      </Placemark>
      <Placemark>
        <name>1939 MARIN Ave</name>
        <description><![CDATA[
<b>1939 MARIN Ave</b><br/><b>Units:</b> 1<br/><b>VLI Units:</b> 0<br/><b>Stories:</b> 3<br/><b>Height:</b> 10.5m<br/><b>Status:</b> In Review<br/><i>(height estimated from units)</i>
]]></description>
        <styleUrl>#style_In_Review</styleUrl>
        <Polygon>
          <extrude>1</extrude>
          <altitudeMode>relativeToGround</altitudeMode>
          <outerBoundaryIs>
            <LinearRing>
              <coordinates>
        -122.274613842857,37.88948054990688,10.5
        -122.27466867439563,37.889874473008085,10.5
        -122.27506259749684,37.88978648367828,10.5
        -122.27500776595821,37.88939256057707,10.5
        -122.274613842857,37.88948054990688,10.5
    </coordinates>
            </LinearRing>
          </outerBoundaryIs>
        </Polygon>
      </Placemark>
      <Placemark>
        <name>1731 ADDISON St</name>
        <description><![CDATA[
<b>1731 ADDISON St</b><br/><b>Units:</b> 1<br/><b>VLI Units:</b> 0<br/><b>Stories:</b> 3<br/><b>Height:</b> 10.5m<br/><b>Status:</b> In Review<br/><i>(height estimated from units)</i>
]]></description>
        <styleUrl>#style_In_Review</styleUrl>
        <Polygon>
          <extrude>1</extrude>
          <altitudeMode>relativeToGround</altitudeMode>
          <outerBoundaryIs>
            <LinearRing>
              <coordinates>
        -122.2758213636518,37.87029305390687,10.5
        -122.27587619519043,37.87068697700808,10.5
        -122.27627011829165,37.87059898767827,10.5
        -122.27621528675301,37.870205064577064,10.5
        -122.2758213636518,37.87029305390687,10.5
    </coordinates>
            </LinearRing>
          </outerBoundaryIs>
        </Polygon>
      </Placemark>
      <Placemark>
        <name>1420 FIFTH St</name>
        <description><![CDATA[
<b>1420 FIFTH St</b><br/><b>Units:</b> 1<br/><b>VLI Units:</b> 0<br/><b>Stories:</b> 3<br/><b>Height:</b> 10.5m<br/><b>Status:</b> Decision Pending<br/><i>(height estimated from units)</i>
]]></description>
        <styleUrl>#style_Decision_Pending</styleUrl>
        <Polygon>
          <extrude>1</extrude>
          <altitudeMode>relativeToGround</altitudeMode>
          <outerBoundaryIs>
            <LinearRing>
              <coordinates>
        -122.30172783860468,37.87639587469436,10.5
        -122.30178267014331,37.87678979779557,10.5
        -122.30217659324452,37.87670180846576,10.5
        -122.30212176170589,37.876307885364554,10.5
        -122.30172783860468,37.87639587469436,10.5
    </coordinates>
            </LinearRing>
          </outerBoundaryIs>
        </Polygon>
      </Placemark>
      <Placemark>
        <name>1139 KEELER Ave</name>
        <description><![CDATA[
<b>1139 KEELER Ave</b><br/><b>Units:</b> 1<br/><b>VLI Units:</b> 0<br/><b>Stories:</b> 3<br/><b>Height:</b> 10.5m<br/><b>Status:</b> In Review<br/><i>(height estimated from units)</i>
]]></description>
        <styleUrl>#style_In_Review</styleUrl>
        <Polygon>
          <extrude>1</extrude>
          <altitudeMode>relativeToGround</altitudeMode>
          <outerBoundaryIs>
            <LinearRing>
              <coordinates>
        -122.25735120729959,37.889552821257084,10.5
        -122.25740603883823,37.88994674435829,10.5
        -122.25779996193944,37.889858755028484,10.5
        -122.2577451304008,37.88946483192728,10.5
        -122.25735120729959,37.889552821257084,10.5
    </coordinates>
            </LinearRing>
          </outerBoundaryIs>
        </Polygon>
      </Placemark>
      <Placemark>
        <name>1111 ALLSTON Way</name>
        <description><![CDATA[
<b>1111 ALLSTON Way</b><br/><b>Units:</b> 1<br/><b>VLI Units:</b> 0<br/><b>Stories:</b> 3<br/><b>Height:</b> 10.5m<br/><b>Status:</b> In Review<br/><i>(height estimated from units)</i>
]]></description>
        <styleUrl>#style_In_Review</styleUrl>
        <Polygon>
          <extrude>1</extrude>
          <altitudeMode>relativeToGround</altitudeMode>
          <outerBoundaryIs>
            <LinearRing>
              <coordinates>
        -122.29035977366846,37.866588362710544,10.5
        -122.29041460520709,37.86698228581175,10.5
        -122.2908085283083,37.866894296481945,10.5
        -122.29075369676967,37.86650037338074,10.5
        -122.29035977366846,37.866588362710544,10.5
    </coordinates>
            </LinearRing>
          </outerBoundaryIs>
        </Polygon>
      </Placemark>
      <Placemark>
        <name>659 GRIZZLY PEAK Blvd</name>
        <description><![CDATA[
<b>659 GRIZZLY PEAK Blvd</b><br/><b>Units:</b> 1<br/><b>VLI Units:</b> 0<br/><b>Stories:</b> 3<br/><b>Height:</b> 10.5m<br/><b>Status:</b> Application Submitted<br/><i>(height estimated from units)</i>
]]></description>
        <styleUrl>#style_Application_Submitted</styleUrl>
        <Polygon>
          <extrude>1</extrude>
          <altitudeMode>relativeToGround</altitudeMode>
          <outerBoundaryIs>
            <LinearRing>
              <coordinates>
        -122.26523780643642,37.89997209075791,10.5
        -122.26529263797505,37.90036601385912,10.5
        -122.26568656107627,37.900278024529314,10.5
        -122.26563172953763,37.89988410142811,10.5
        -122.26523780643642,37.89997209075791,10.5
    </coordinates>
            </LinearRing>
          </outerBoundaryIs>
        </Polygon>
      </Placemark>
      <Placemark>
        <name>1621 SACRAMENTO St</name>
        <description><![CDATA[
<b>1621 SACRAMENTO St</b><br/><b>Units:</b> 1<br/><b>VLI Units:</b> 0<br/><b>Stories:</b> 3<br/><b>Height:</b> 10.5m<br/><b>Status:</b> In Review<br/><i>(height estimated from units)</i>
]]></description>
        <styleUrl>#style_In_Review</styleUrl>
        <Polygon>
          <extrude>1</extrude>
          <altitudeMode>relativeToGround</altitudeMode>
          <outerBoundaryIs>
            <LinearRing>
              <coordinates>
        -122.282020447883,37.87592435867789,10.5
        -122.28207527942163,37.8763182817791,10.5
        -122.28246920252285,37.87623029244929,10.5
        -122.28241437098421,37.875836369348086,10.5
        -122.282020447883,37.87592435867789,10.5
    </coordinates>
            </LinearRing>
          </outerBoundaryIs>
        </Polygon>
      </Placemark>
      <Placemark>
        <name>2820 SAN PABLO Ave</name>
        <description><![CDATA[
<b>2820 SAN PABLO Ave</b><br/><b>Units:</b> 1<br/><b>VLI Units:</b> 0<br/><b>Stories:</b> 2<br/><b>Height:</b> 7.0m<br/><b>Status:</b> Entitled
]]></description>
        <styleUrl>#style_Entitled</styleUrl>
        <Polygon>
          <extrude>1</extrude>
          <altitudeMode>relativeToGround</altitudeMode>
          <outerBoundaryIs>
            <LinearRing>
              <coordinates>
        -122.28789594268008,37.8551487031143,7.0
        -122.28795077421871,37.85554262621551,7.0
        -122.28834469731993,37.8554546368857,7.0
        -122.2882898657813,37.855060713784496,7.0
        -122.28789594268008,37.8551487031143,7.0
    </coordinates>
            </LinearRing>
          </outerBoundaryIs>
        </Polygon>
      </Placemark>
      <Placemark>
        <name>0 PARKER St</name>
        <description><![CDATA[
<b>0 PARKER St</b><br/><b>Units:</b> 1<br/><b>VLI Units:</b> 0<br/><b>Stories:</b> 3<br/><b>Height:</b> 10.5m<br/><b>Status:</b> Entitled<br/><i>(height estimated from units)</i>
]]></description>
        <styleUrl>#style_Entitled</styleUrl>
        <Polygon>
          <extrude>1</extrude>
          <altitudeMode>relativeToGround</altitudeMode>
          <outerBoundaryIs>
            <LinearRing>
              <coordinates>
        -122.26677562268007,37.8598470331143,10.5
        -122.2668304542187,37.860240956215506,10.5
        -122.26722437731992,37.8601529668857,10.5
        -122.26716954578129,37.85975904378449,10.5
        -122.26677562268007,37.8598470331143,10.5
    </coordinates>
            </LinearRing>
          </outerBoundaryIs>
        </Polygon>
      </Placemark>
      <Placemark>
        <name>1522 JOSEPHINE St</name>
        <description><![CDATA[
<b>1522 JOSEPHINE St</b><br/><b>Units:</b> 0<br/><b>VLI Units:</b> 0<br/><b>Stories:</b> 3<br/><b>Height:</b> 10.5m<br/><b>Status:</b> In Review<br/><i>(height estimated from units)</i>
]]></description>
        <styleUrl>#style_In_Review</styleUrl>
        <Polygon>
          <extrude>1</extrude>
          <altitudeMode>relativeToGround</altitudeMode>
          <outerBoundaryIs>
            <LinearRing>
              <coordinates>
        -122.27502222057839,37.878384441251676,10.5
        -122.27507705211703,37.87877836435288,10.5
        -122.27547097521824,37.878690375023076,10.5
        -122.2754161436796,37.87829645192187,10.5
        -122.27502222057839,37.878384441251676,10.5
    </coordinates>
            </LinearRing>
          </outerBoundaryIs>
        </Polygon>
      </Placemark>
      <Placemark>
        <name>3035 COLBY St</name>
        <description><![CDATA[
<b>3035 COLBY St</b><br/><b>Units:</b> 0<br/><b>VLI Units:</b> 0<br/><b>Stories:</b> 3<br/><b>Height:</b> 10.5m<br/><b>Status:</b> Entitled<br/><i>(height estimated from units)</i>
]]></description>
        <styleUrl>#style_Entitled</styleUrl>
        <Polygon>
          <extrude>1</extrude>
          <altitudeMode>relativeToGround</altitudeMode>
          <outerBoundaryIs>
            <LinearRing>
              <coordinates>
        -122.25704089147122,37.85394612334029,10.5
        -122.25709572300985,37.8543400464415,10.5
        -122.25748964611107,37.854252057111694,10.5
        -122.25743481457243,37.85385813401049,10.5
        -122.25704089147122,37.85394612334029,10.5
    </coordinates>
            </LinearRing>
          </outerBoundaryIs>
        </Polygon>
      </Placemark>
      <Placemark>
        <name>1136 KEITH Ave</name>
        <description><![CDATA[
<b>1136 KEITH Ave</b><br/><b>Units:</b> 0<br/><b>VLI Units:</b> 0<br/><b>Stories:</b> 3<br/><b>Height:</b> 10.5m<br/><b>Status:</b> In Review<br/><i>(height estimated from units)</i>
]]></description>
        <styleUrl>#style_In_Review</styleUrl>
        <Polygon>
          <extrude>1</extrude>
          <altitudeMode>relativeToGround</altitudeMode>
          <outerBoundaryIs>
            <LinearRing>
              <coordinates>
        -122.26029684330335,37.888337019437756,10.5
        -122.26035167484198,37.88873094253896,10.5
        -122.2607455979432,37.88864295320916,10.5
        -122.26069076640457,37.88824903010795,10.5
        -122.26029684330335,37.888337019437756,10.5
    </coordinates>
            </LinearRing>
          </outerBoundaryIs>
        </Polygon>
      </Placemark>
      <Placemark>
        <name>1730 PARKER St</name>
        <description><![CDATA[
<b>1730 PARKER St</b><br/><b>Units:</b> 0<br/><b>VLI Units:</b> 0<br/><b>Stories:</b> 3<br/><b>Height:</b> 10.5m<br/><b>Status:</b> Application Submitted<br/><i>(height estimated from units)</i>
]]></description>
        <styleUrl>#style_Application_Submitted</styleUrl>
        <Polygon>
          <extrude>1</extrude>
          <altitudeMode>relativeToGround</altitudeMode>
          <outerBoundaryIs>
            <LinearRing>
              <coordinates>
        -122.27441111735187,37.86073991612134,10.5
        -122.27446594889051,37.861133839222546,10.5
        -122.27485987199172,37.86104584989274,10.5
        -122.27480504045309,37.86065192679153,10.5
        -122.27441111735187,37.86073991612134,10.5
    </coordinates>
            </LinearRing>
          </outerBoundaryIs>
        </Polygon>
      </Placemark>
      <Placemark>
        <name>2740 SHASTA Rd</name>
        <description><![CDATA[
<b>2740 SHASTA Rd</b><br/><b>Units:</b> 0<br/><b>VLI Units:</b> 0<br/><b>Stories:</b> 3<br/><b>Height:</b> 10.5m<br/><b>Status:</b> Application Submitted<br/><i>(height estimated from units)</i>
]]></description>
        <styleUrl>#style_Application_Submitted</styleUrl>
        <Polygon>
          <extrude>1</extrude>
          <altitudeMode>relativeToGround</altitudeMode>
          <outerBoundaryIs>
            <LinearRing>
              <coordinates>
        -122.25806423697153,37.886199367799165,10.5
        -122.25811906851017,37.88659329090037,10.5
        -122.25851299161138,37.886505301570566,10.5
        -122.25845816007275,37.88611137846936,10.5
        -122.25806423697153,37.886199367799165,10.5
    </coordinates>
            </LinearRing>
          </outerBoundaryIs>
        </Polygon>
      </Placemark>
      <Placemark>
        <name>1109 COWPER St</name>
        <description><![CDATA[
<b>1109 COWPER St</b><br/><b>Units:</b> 0<br/><b>VLI Units:</b> 0<br/><b>Stories:</b> 3<br/><b>Height:</b> 10.5m<br/><b>Status:</b> In Review<br/><i>(height estimated from units)</i>
]]></description>
        <styleUrl>#style_In_Review</styleUrl>
        <Polygon>
          <extrude>1</extrude>
          <altitudeMode>relativeToGround</altitudeMode>
          <outerBoundaryIs>
            <LinearRing>
              <coordinates>
        -122.29079305538451,37.86744293316329,10.5
        -122.29084788692315,37.867836856264496,10.5
        -122.29124181002436,37.86774886693469,10.5
        -122.29118697848573,37.86735494383348,10.5
        -122.29079305538451,37.86744293316329,10.5
    </coordinates>
            </LinearRing>
          </outerBoundaryIs>
        </Polygon>
      </Placemark>
      <Placemark>
        <name>705 ARLINGTON Ave</name>
        <description><![CDATA[
<b>705 ARLINGTON Ave</b><br/><b>Units:</b> 0<br/><b>VLI Units:</b> 0<br/><b>Stories:</b> 3<br/><b>Height:</b> 10.5m<br/><b>Status:</b> In Review<br/><i>(height estimated from units)</i>
]]></description>
        <styleUrl>#style_In_Review</styleUrl>
        <Polygon>
          <extrude>1</extrude>
          <altitudeMode>relativeToGround</altitudeMode>
          <outerBoundaryIs>
            <LinearRing>
              <coordinates>
        -122.27540958490872,37.89732409487653,10.5
        -122.27546441644735,37.89771801797774,10.5
        -122.27585833954856,37.89763002864793,10.5
        -122.27580350800993,37.897236105546725,10.5
        -122.27540958490872,37.89732409487653,10.5
    </coordinates>
            </LinearRing>
          </outerBoundaryIs>
        </Polygon>
      </Placemark>
      <Placemark>
        <name>2027 SEVENTH St</name>
        <description><![CDATA[
<b>2027 SEVENTH St</b><br/><b>Units:</b> 0<br/><b>VLI Units:</b> 0<br/><b>Stories:</b> 3<br/><b>Height:</b> 10.5m<br/><b>Status:</b> In Review<br/><i>(height estimated from units)</i>
]]></description>
        <styleUrl>#style_In_Review</styleUrl>
        <Polygon>
          <extrude>1</extrude>
          <altitudeMode>relativeToGround</altitudeMode>
          <outerBoundaryIs>
            <LinearRing>
              <coordinates>
        -122.2956480739994,37.86706239289003,10.5
        -122.29570290553804,37.867456315991234,10.5
        -122.29609682863925,37.86736832666143,10.5
        -122.29604199710062,37.86697440356022,10.5
        -122.2956480739994,37.86706239289003,10.5
    </coordinates>
            </LinearRing>
          </outerBoundaryIs>
        </Polygon>
      </Placemark>
      <Placemark>
        <name>576 SAN LUIS Rd</name>
        <description><![CDATA[
<b>576 SAN LUIS Rd</b><br/><b>Units:</b> 0<br/><b>VLI Units:</b> 0<br/><b>Stories:</b> 3<br/><b>Height:</b> 10.5m<br/><b>Status:</b> Application Submitted<br/><i>(height estimated from units)</i>
]]></description>
        <styleUrl>#style_Application_Submitted</styleUrl>
        <Polygon>
          <extrude>1</extrude>
          <altitudeMode>relativeToGround</altitudeMode>
          <outerBoundaryIs>
            <LinearRing>
              <coordinates>
        -122.27556009853288,37.8998568707338,10.5
        -122.27561493007151,37.900250793835006,10.5
        -122.27600885317273,37.9001628045052,10.5
        -122.27595402163409,37.89976888140399,10.5
        -122.27556009853288,37.8998568707338,10.5
    </coordinates>
            </LinearRing>
          </outerBoundaryIs>
        </Polygon>
      </Placemark>
      <Placemark>
        <name>2009 ADDISON St</name>
        <description><![CDATA[
<b>2009 ADDISON St</b><br/><b>Units:</b> 0<br/><b>VLI Units:</b> 0<br/><b>Stories:</b> 3<br/><b>Height:</b> 10.5m<br/><b>Status:</b> Application Submitted<br/><i>(height estimated from units)</i>
]]></description>
        <styleUrl>#style_Application_Submitted</styleUrl>
        <Polygon>
          <extrude>1</extrude>
          <altitudeMode>relativeToGround</altitudeMode>
          <outerBoundaryIs>
            <LinearRing>
              <coordinates>
        -122.26979735837456,37.87105375873919,10.5
        -122.2698521899132,37.871447681840394,10.5
        -122.27024611301441,37.87135969251059,10.5
        -122.27019128147577,37.87096576940938,10.5
        -122.26979735837456,37.87105375873919,10.5
    </coordinates>
            </LinearRing>
          </outerBoundaryIs>
        </Polygon>
      </Placemark>
      <Placemark>
        <name>3036 REGENT St</name>
        <description><![CDATA[
<b>3036 REGENT St</b><br/><b>Units:</b> 0<br/><b>VLI Units:</b> 0<br/><b>Stories:</b> 3<br/><b>Height:</b> 10.5m<br/><b>Status:</b> In Review<br/><i>(height estimated from units)</i>
]]></description>
        <styleUrl>#style_In_Review</styleUrl>
        <Polygon>
          <extrude>1</extrude>
          <altitudeMode>relativeToGround</altitudeMode>
          <outerBoundaryIs>
            <LinearRing>
              <coordinates>
        -122.25631819592684,37.85404116434373,10.5
        -122.25637302746547,37.854435087444934,10.5
        -122.25676695056669,37.85434709811513,10.5
        -122.25671211902805,37.85395317501392,10.5
        -122.25631819592684,37.85404116434373,10.5
    </coordinates>
            </LinearRing>
          </outerBoundaryIs>
        </Polygon>
      </Placemark>
      <Placemark>
        <name>1312 ADDISON St</name>
        <description><![CDATA[
<b>1312 ADDISON St</b><br/><b>Units:</b> 0<br/><b>VLI Units:</b> 0<br/><b>Stories:</b> 3<br/><b>Height:</b> 10.5m<br/><b>Status:</b> In Review<br/><i>(height estimated from units)</i>
]]></description>
        <styleUrl>#style_In_Review</styleUrl>
        <Polygon>
          <extrude>1</extrude>
          <altitudeMode>relativeToGround</altitudeMode>
          <outerBoundaryIs>
            <LinearRing>
              <coordinates>
        -122.28392850098747,37.86675915958889,10.5
        -122.2839833325261,37.867153082690095,10.5
        -122.28437725562732,37.86706509336029,10.5
        -122.28432242408869,37.86667117025908,10.5
        -122.28392850098747,37.86675915958889,10.5
    </coordinates>
            </LinearRing>
          </outerBoundaryIs>
        </Polygon>
      </Placemark>
      <Placemark>
        <name>2145 GRANT St</name>
        <description><![CDATA[
<b>2145 GRANT St</b><br/><b>Units:</b> 0<br/><b>VLI Units:</b> 0<br/><b>Stories:</b> 3<br/><b>Height:</b> 10.5m<br/><b>Status:</b> Decision Pending<br/><i>(height estimated from units)</i>
]]></description>
        <styleUrl>#style_Decision_Pending</styleUrl>
        <Polygon>
          <extrude>1</extrude>
          <altitudeMode>relativeToGround</altitudeMode>
          <outerBoundaryIs>
            <LinearRing>
              <coordinates>
        -122.2744369322382,37.86876545678715,10.5
        -122.27449176377684,37.86915937988836,10.5
        -122.27488568687805,37.86907139055855,10.5
        -122.27483085533942,37.868677467457346,10.5
        -122.2744369322382,37.86876545678715,10.5
    </coordinates>
            </LinearRing>
          </outerBoundaryIs>
        </Polygon>
      </Placemark>
      <Placemark>
        <name>2903 ADELINE St</name>
        <description><![CDATA[
<b>2903 ADELINE St</b><br/><b>Units:</b> 0<br/><b>VLI Units:</b> 0<br/><b>Stories:</b> 3<br/><b>Height:</b> 10.5m<br/><b>Status:</b> In Review<br/><i>(height estimated from units)</i>
]]></description>
        <styleUrl>#style_In_Review</styleUrl>
        <Polygon>
          <extrude>1</extrude>
          <altitudeMode>relativeToGround</altitudeMode>
          <outerBoundaryIs>
            <LinearRing>
              <coordinates>
        -122.26787811405823,37.85620880006898,10.5
        -122.26793294559687,37.856602723170184,10.5
        -122.26832686869808,37.85651473384038,10.5
        -122.26827203715945,37.85612081073917,10.5
        -122.26787811405823,37.85620880006898,10.5
    </coordinates>
            </LinearRing>
          </outerBoundaryIs>
        </Polygon>
      </Placemark>
      <Placemark>
        <name>2099 M L KING JR Way</name>
        <description><![CDATA[
<b>2099 M L KING JR Way</b><br/><b>Units:</b> 0<br/><b>VLI Units:</b> 0<br/><b>Stories:</b> 3<br/><b>Height:</b> 10.5m<br/><b>Status:</b> Application Submitted<br/><i>(height estimated from units)</i>
]]></description>
        <styleUrl>#style_Application_Submitted</styleUrl>
        <Polygon>
          <extrude>1</extrude>
          <altitudeMode>relativeToGround</altitudeMode>
          <outerBoundaryIs>
            <LinearRing>
              <coordinates>
        -122.27240162289223,37.87073940077767,10.5
        -122.27245645443087,37.87113332387888,10.5
        -122.27285037753208,37.87104533454907,10.5
        -122.27279554599345,37.87065141144787,10.5
        -122.27240162289223,37.87073940077767,10.5
    </coordinates>
            </LinearRing>
          </outerBoundaryIs>
        </Polygon>
      </Placemark>
      <Placemark>
        <name>1507 JOSEPHINE St</name>
        <description><![CDATA[
<b>1507 JOSEPHINE St</b><br/><b>Units:</b> 0<br/><b>VLI Units:</b> 0<br/><b>Stories:</b> 3<br/><b>Height:</b> 10.5m<br/><b>Status:</b> In Review<br/><i>(height estimated from units)</i>
]]></description>
        <styleUrl>#style_In_Review</styleUrl>
        <Polygon>
          <extrude>1</extrude>
          <altitudeMode>relativeToGround</altitudeMode>
          <outerBoundaryIs>
            <LinearRing>
              <coordinates>
        -122.27449045116788,37.87900559241785,10.5
        -122.27454528270651,37.879399515519054,10.5
        -122.27493920580773,37.87931152618925,10.5
        -122.27488437426909,37.87891760308804,10.5
        -122.27449045116788,37.87900559241785,10.5
    </coordinates>
            </LinearRing>
          </outerBoundaryIs>
        </Polygon>
      </Placemark>
      <Placemark>
        <name>1338 SEVENTH St</name>
        <description><![CDATA[
<b>1338 SEVENTH St</b><br/><b>Units:</b> 0<br/><b>VLI Units:</b> 0<br/><b>Stories:</b> 3<br/><b>Height:</b> 10.5m<br/><b>Status:</b> Application Submitted<br/><i>(height estimated from units)</i>
]]></description>
        <styleUrl>#style_Application_Submitted</styleUrl>
        <Polygon>
          <extrude>1</extrude>
          <altitudeMode>relativeToGround</altitudeMode>
          <outerBoundaryIs>
            <LinearRing>
              <coordinates>
        -122.29994988580779,37.87813763581364,10.5
        -122.30000471734643,37.878531558914844,10.5
        -122.30039864044764,37.87844356958504,10.5
        -122.300343808909,37.87804964648383,10.5
        -122.29994988580779,37.87813763581364,10.5
    </coordinates>
            </LinearRing>
          </outerBoundaryIs>
        </Polygon>
      </Placemark>
      <Placemark>
        <name>2238 SEVENTH St</name>
        <description><![CDATA[
<b>2238 SEVENTH St</b><br/><b>Units:</b> 0<br/><b>VLI Units:</b> 0<br/><b>Stories:</b> 3<br/><b>Height:</b> 10.5m<br/><b>Status:</b> Application Submitted<br/><i>(height estimated from units)</i>
]]></description>
        <styleUrl>#style_Application_Submitted</styleUrl>
        <Polygon>
          <extrude>1</extrude>
          <altitudeMode>relativeToGround</altitudeMode>
          <outerBoundaryIs>
            <LinearRing>
              <coordinates>
        -122.29539243053752,37.86391082406296,10.5
        -122.29544726207615,37.86430474716417,10.5
        -122.29584118517737,37.86421675783436,10.5
        -122.29578635363873,37.863822834733156,10.5
        -122.29539243053752,37.86391082406296,10.5
    </coordinates>
            </LinearRing>
          </outerBoundaryIs>
        </Polygon>
      </Placemark>
      <Placemark>
        <name>703 SANTA BARBARA Rd</name>
        <description><![CDATA[
<b>703 SANTA BARBARA Rd</b><br/><b>Units:</b> 0<br/><b>VLI Units:</b> 0<br/><b>Stories:</b> 3<br/><b>Height:</b> 10.5m<br/><b>Status:</b> In Review<br/><i>(height estimated from units)</i>
]]></description>
        <styleUrl>#style_In_Review</styleUrl>
        <Polygon>
          <extrude>1</extrude>
          <altitudeMode>relativeToGround</altitudeMode>
          <outerBoundaryIs>
            <LinearRing>
              <coordinates>
        -122.27127083349404,37.897683620403,10.5
        -122.27132566503268,37.89807754350421,10.5
        -122.27171958813389,37.8979895541744,10.5
        -122.27166475659526,37.897595631073195,10.5
        -122.27127083349404,37.897683620403,10.5
    </coordinates>
            </LinearRing>
          </outerBoundaryIs>
        </Polygon>
      </Placemark>
      <Placemark>
        <name>385 VERMONT Ave</name>
        <description><![CDATA[
<b>385 VERMONT Ave</b><br/><b>Units:</b> 0<br/><b>VLI Units:</b> 0<br/><b>Stories:</b> 3<br/><b>Height:</b> 10.5m<br/><b>Status:</b> In Review<br/><i>(height estimated from units)</i>
]]></description>
        <styleUrl>#style_In_Review</styleUrl>
        <Polygon>
          <extrude>1</extrude>
          <altitudeMode>relativeToGround</altitudeMode>
          <outerBoundaryIs>
            <LinearRing>
              <coordinates>
        -122.27447360955296,37.9031413419248,10.5
        -122.27452844109159,37.90353526502601,10.5
        -122.2749223641928,37.9034472756962,10.5
        -122.27486753265417,37.903053352594995,10.5
        -122.27447360955296,37.9031413419248,10.5
    </coordinates>
            </LinearRing>
          </outerBoundaryIs>
        </Polygon>
      </Placemark>
      <Placemark>
        <name>1246 ROSE St</name>
        <description><![CDATA[
<b>1246 ROSE St</b><br/><b>Units:</b> 0<br/><b>VLI Units:</b> 0<br/><b>Stories:</b> 3<br/><b>Height:</b> 10.5m<br/><b>Status:</b> In Review<br/><i>(height estimated from units)</i>
]]></description>
        <styleUrl>#style_In_Review</styleUrl>
        <Polygon>
          <extrude>1</extrude>
          <altitudeMode>relativeToGround</altitudeMode>
          <outerBoundaryIs>
            <LinearRing>
              <coordinates>
        -122.2892238117709,37.87631303659121,10.5
        -122.28927864330953,37.87670695969242,10.5
        -122.28967256641074,37.876618970362614,10.5
        -122.28961773487211,37.87622504726141,10.5
        -122.2892238117709,37.87631303659121,10.5
    </coordinates>
            </LinearRing>
          </outerBoundaryIs>
        </Polygon>
      </Placemark>
      <Placemark>
        <name>1512 CHANNING Way</name>
        <description><![CDATA[
<b>1512 CHANNING Way</b><br/><b>Units:</b> 0<br/><b>VLI Units:</b> 0<br/><b>Stories:</b> 3<br/><b>Height:</b> 10.5m<br/><b>Status:</b> Application Submitted<br/><i>(height estimated from units)</i>
]]></description>
        <styleUrl>#style_Application_Submitted</styleUrl>
        <Polygon>
          <extrude>1</extrude>
          <altitudeMode>relativeToGround</altitudeMode>
          <outerBoundaryIs>
            <LinearRing>
              <coordinates>
        -122.28057702859624,37.86376363460838,10.5
        -122.28063186013487,37.86415755770959,10.5
        -122.28102578323609,37.86406956837978,10.5
        -122.28097095169746,37.863675645278576,10.5
        -122.28057702859624,37.86376363460838,10.5
    </coordinates>
            </LinearRing>
          </outerBoundaryIs>
        </Polygon>
      </Placemark>
      <Placemark>
        <name>1475 CATHERINE Dr</name>
        <description><![CDATA[
<b>1475 CATHERINE Dr</b><br/><b>Units:</b> 0<br/><b>VLI Units:</b> 0<br/><b>Stories:</b> 3<br/><b>Height:</b> 10.5m<br/><b>Status:</b> In Review<br/><i>(height estimated from units)</i>
]]></description>
        <styleUrl>#style_In_Review</styleUrl>
        <Polygon>
          <extrude>1</extrude>
          <altitudeMode>relativeToGround</altitudeMode>
          <outerBoundaryIs>
            <LinearRing>
              <coordinates>
        -122.28378252475382,37.87786787238369,10.5
        -122.28383735629245,37.878261795484896,10.5
        -122.28423127939367,37.87817380615509,10.5
        -122.28417644785503,37.87777988305388,10.5
        -122.28378252475382,37.87786787238369,10.5
    </coordinates>
            </LinearRing>
          </outerBoundaryIs>
        </Polygon>
      </Placemark>
      <Placemark>
        <name>1187 SHATTUCK Ave</name>
        <description><![CDATA[
<b>1187 SHATTUCK Ave</b><br/><b>Units:</b> 0<br/><b>VLI Units:</b> 0<br/><b>Stories:</b> 3<br/><b>Height:</b> 10.5m<br/><b>Status:</b> Decision Pending<br/><i>(height estimated from units)</i>
]]></description>
        <styleUrl>#style_Decision_Pending</styleUrl>
        <Polygon>
          <extrude>1</extrude>
          <altitudeMode>relativeToGround</altitudeMode>
          <outerBoundaryIs>
            <LinearRing>
              <coordinates>
        -122.26949406018515,37.88589983544862,10.5
        -122.26954889172379,37.886293758549826,10.5
        -122.269942814825,37.88620576922002,10.5
        -122.26988798328637,37.88581184611881,10.5
        -122.26949406018515,37.88589983544862,10.5
    </coordinates>
            </LinearRing>
          </outerBoundaryIs>
        </Polygon>
      </Placemark>
      <Placemark>
        <name>2016 DELAWARE St A</name>
        <description><![CDATA[
<b>2016 DELAWARE St A</b><br/><b>Units:</b> 0<br/><b>VLI Units:</b> 0<br/><b>Stories:</b> 3<br/><b>Height:</b> 10.5m<br/><b>Status:</b> Application Submitted<br/><i>(height estimated from units)</i>
]]></description>
        <styleUrl>#style_Application_Submitted</styleUrl>
        <Polygon>
          <extrude>1</extrude>
          <altitudeMode>relativeToGround</altitudeMode>
          <outerBoundaryIs>
            <LinearRing>
              <coordinates>
        -122.27008800379316,37.874158453771756,10.5
        -122.2701428353318,37.87455237687296,10.5
        -122.27053675843301,37.874464387543156,10.5
        -122.27048192689438,37.87407046444195,10.5
        -122.27008800379316,37.874158453771756,10.5
    </coordinates>
            </LinearRing>
          </outerBoundaryIs>
        </Polygon>
      </Placemark>
      <Placemark>
        <name>1123 BLAKE St</name>
        <description><![CDATA[
<b>1123 BLAKE St</b><br/><b>Units:</b> 0<br/><b>VLI Units:</b> 0<br/><b>Stories:</b> 3<br/><b>Height:</b> 10.5m<br/><b>Status:</b> In Review<br/><i>(height estimated from units)</i>
]]></description>
        <styleUrl>#style_In_Review</styleUrl>
        <Polygon>
          <extrude>1</extrude>
          <altitudeMode>relativeToGround</altitudeMode>
          <outerBoundaryIs>
            <LinearRing>
              <coordinates>
        -122.28784919175682,37.86051217298935,10.5
        -122.28790402329545,37.86090609609056,10.5
        -122.28829794639667,37.86081810676075,10.5
        -122.28824311485803,37.860424183659546,10.5
        -122.28784919175682,37.86051217298935,10.5
    </coordinates>
            </LinearRing>
          </outerBoundaryIs>
        </Polygon>
      </Placemark>
      <Placemark>
        <name>830 BANCROFT Way</name>
        <description><![CDATA[
<b>830 BANCROFT Way</b><br/><b>Units:</b> 0<br/><b>VLI Units:</b> 0<br/><b>Stories:</b> 3<br/><b>Height:</b> 10.5m<br/><b>Status:</b> Decision Pending<br/><i>(height estimated from units)</i>
]]></description>
        <styleUrl>#style_Decision_Pending</styleUrl>
        <Polygon>
          <extrude>1</extrude>
          <altitudeMode>relativeToGround</altitudeMode>
          <outerBoundaryIs>
            <LinearRing>
              <coordinates>
        -122.2955722247484,37.86314441515066,10.5
        -122.29562705628703,37.863538338251864,10.5
        -122.29602097938825,37.86345034892206,10.5
        -122.29596614784961,37.86305642582085,10.5
        -122.2955722247484,37.86314441515066,10.5
    </coordinates>
            </LinearRing>
          </outerBoundaryIs>
        </Polygon>
      </Placemark>
      <Placemark>
        <name>2740 SHASTA Rd</name>
        <description><![CDATA[
<b>2740 SHASTA Rd</b><br/><b>Units:</b> 0<br/><b>VLI Units:</b> 0<br/><b>Stories:</b> 3<br/><b>Height:</b> 10.5m<br/><b>Status:</b> In Review<br/><i>(height estimated from units)</i>
]]></description>
        <styleUrl>#style_In_Review</styleUrl>
        <Polygon>
          <extrude>1</extrude>
          <altitudeMode>relativeToGround</altitudeMode>
          <outerBoundaryIs>
            <LinearRing>
              <coordinates>
        -122.25806423697153,37.886199367799165,10.5
        -122.25811906851017,37.88659329090037,10.5
        -122.25851299161138,37.886505301570566,10.5
        -122.25845816007275,37.88611137846936,10.5
        -122.25806423697153,37.886199367799165,10.5
    </coordinates>
            </LinearRing>
          </outerBoundaryIs>
        </Polygon>
      </Placemark>
      <Placemark>
        <name>2143 BLAKE St</name>
        <description><![CDATA[
<b>2143 BLAKE St</b><br/><b>Units:</b> 0<br/><b>VLI Units:</b> 0<br/><b>Stories:</b> 3<br/><b>Height:</b> 10.5m<br/><b>Status:</b> Application Submitted<br/><i>(height estimated from units)</i>
]]></description>
        <styleUrl>#style_Application_Submitted</styleUrl>
        <Polygon>
          <extrude>1</extrude>
          <altitudeMode>relativeToGround</altitudeMode>
          <outerBoundaryIs>
            <LinearRing>
              <coordinates>
        -122.2652430013937,37.863357638549374,10.5
        -122.26529783293233,37.86375156165058,10.5
        -122.26569175603355,37.863663572320775,10.5
        -122.26563692449491,37.86326964921957,10.5
        -122.2652430013937,37.863357638549374,10.5
    </coordinates>
            </LinearRing>
          </outerBoundaryIs>
        </Polygon>
      </Placemark>
      <Placemark>
        <name>411 VASSAR Ave</name>
        <description><![CDATA[
<b>411 VASSAR Ave</b><br/><b>Units:</b> 0<br/><b>VLI Units:</b> 0<br/><b>Stories:</b> 3<br/><b>Height:</b> 10.5m<br/><b>Status:</b> Application Submitted<br/><i>(height estimated from units)</i>
]]></description>
        <styleUrl>#style_Application_Submitted</styleUrl>
        <Polygon>
          <extrude>1</extrude>
          <altitudeMode>relativeToGround</altitudeMode>
          <outerBoundaryIs>
            <LinearRing>
              <coordinates>
        -122.27204478690854,37.904175417848755,10.5
        -122.27209961844717,37.90456934094996,10.5
        -122.27249354154839,37.904481351620156,10.5
        -122.27243871000975,37.90408742851895,10.5
        -122.27204478690854,37.904175417848755,10.5
    </coordinates>
            </LinearRing>
          </outerBoundaryIs>
        </Polygon>
      </Placemark>
      <Placemark>
        <name>2820 San Pablo</name>
        <description><![CDATA[
<b>2820 San Pablo</b><br/><b>Units:</b> 0<br/><b>VLI Units:</b> 0<br/><b>Stories:</b> 2<br/><b>Height:</b> 7.0m<br/><b>Status:</b> Unknown
]]></description>
        <styleUrl>#style_Unknown</styleUrl>
        <Polygon>
          <extrude>1</extrude>
          <altitudeMode>relativeToGround</altitudeMode>
          <outerBoundaryIs>
            <LinearRing>
              <coordinates>
        -122.28789594268008,37.8551487031143,7.0
        -122.28795077421871,37.85554262621551,7.0
        -122.28834469731993,37.8554546368857,7.0
        -122.2882898657813,37.855060713784496,7.0
        -122.28789594268008,37.8551487031143,7.0
    </coordinates>
            </LinearRing>
          </outerBoundaryIs>
        </Polygon>
      </Placemark>
      <Placemark>
        <name>1048 Keith St</name>
        <description><![CDATA[
<b>1048 Keith St</b><br/><b>Units:</b> 0<br/><b>VLI Units:</b> 0<br/><b>Stories:</b> 3<br/><b>Height:</b> 10.5m<br/><b>Status:</b> Entitled<br/><i>(height estimated from units)</i>
]]></description>
        <styleUrl>#style_Entitled</styleUrl>
        <Polygon>
          <extrude>1</extrude>
          <altitudeMode>relativeToGround</altitudeMode>
          <outerBoundaryIs>
            <LinearRing>
              <coordinates>
        -122.26389530268007,37.8891697231143,10.5
        -122.2639501342187,37.88956364621551,10.5
        -122.26434405731992,37.8894756568857,10.5
        -122.26428922578128,37.889081733784494,10.5
        -122.26389530268007,37.8891697231143,10.5
    </coordinates>
            </LinearRing>
          </outerBoundaryIs>
        </Polygon>
      </Placemark>
      <Placemark>
        <name>811 Cedar</name>
        <description><![CDATA[
<b>811 Cedar</b><br/><b>Units:</b> 0<br/><b>VLI Units:</b> 0<br/><b>Stories:</b> 2<br/><b>Height:</b> 7.0m<br/><b>Status:</b> Entitled
]]></description>
        <styleUrl>#style_Entitled</styleUrl>
        <Polygon>
          <extrude>1</extrude>
          <altitudeMode>relativeToGround</altitudeMode>
          <outerBoundaryIs>
            <LinearRing>
              <coordinates>
        -122.29996366268007,37.8739986131143,7.0
        -122.3000184942187,37.87439253621551,7.0
        -122.30041241731992,37.8743045468857,7.0
        -122.30035758578128,37.8739106237845,7.0
        -122.29996366268007,37.8739986131143,7.0
    </coordinates>
            </LinearRing>
          </outerBoundaryIs>
        </Polygon>
      </Placemark>
      <Placemark>
        <name>1627 Jaynes St</name>
        <description><![CDATA[
<b>1627 Jaynes St</b><br/><b>Units:</b> 0<br/><b>VLI Units:</b> 0<br/><b>Stories:</b> 3<br/><b>Height:</b> 10.5m<br/><b>Status:</b> Entitled
]]></description>
        <styleUrl>#style_Entitled</styleUrl>
        <Polygon>
          <extrude>1</extrude>
          <altitudeMode>relativeToGround</altitudeMode>
          <outerBoundaryIs>
            <LinearRing>
              <coordinates>
        -122.27930781268007,37.878082633114296,10.5
        -122.27936264421871,37.8784765562155,10.5
        -122.27975656731992,37.8783885668857,10.5
        -122.27970173578129,37.87799464378449,10.5
        -122.27930781268007,37.878082633114296,10.5
    </coordinates>
            </LinearRing>
          </outerBoundaryIs>
        </Polygon>
      </Placemark>
      <Placemark>
        <name>2150 Kittredge St</name>
        <description><![CDATA[
<b>2150 Kittredge St</b><br/><b>Units:</b> 0<br/><b>VLI Units:</b> 0<br/><b>Stories:</b> 3<br/><b>Height:</b> 10.5m<br/><b>Status:</b> Completed<br/><i>(height estimated from units)</i>
]]></description>
        <styleUrl>#style_Completed</styleUrl>
        <Polygon>
          <extrude>1</extrude>
          <altitudeMode>relativeToGround</altitudeMode>
          <outerBoundaryIs>
            <LinearRing>
              <coordinates>
        -122.26661404268008,37.868215633114296,10.5
        -122.26666887421871,37.8686095562155,10.5
        -122.26706279731992,37.8685215668857,10.5
        -122.26700796578129,37.86812764378449,10.5
        -122.26661404268008,37.868215633114296,10.5
    </coordinates>
            </LinearRing>
          </outerBoundaryIs>
        </Polygon>
      </Placemark>
      <Placemark>
        <name>1951 Shattuck Ave</name>
        <description><![CDATA[
<b>1951 Shattuck Ave</b><br/><b>Units:</b> 0<br/><b>VLI Units:</b> 0<br/><b>Stories:</b> 3<br/><b>Height:</b> 10.5m<br/><b>Status:</b> Completed<br/><i>(height estimated from units)</i>
]]></description>
        <styleUrl>#style_Completed</styleUrl>
        <Polygon>
          <extrude>1</extrude>
          <altitudeMode>relativeToGround</altitudeMode>
          <outerBoundaryIs>
            <LinearRing>
              <coordinates>
        -122.26858940268008,37.8726228031143,10.5
        -122.26864423421871,37.8730167262155,10.5
        -122.26903815731993,37.8729287368857,10.5
        -122.26898332578129,37.87253481378449,10.5
        -122.26858940268008,37.8726228031143,10.5
    </coordinates>
            </LinearRing>
          </outerBoundaryIs>
        </Polygon>
      </Placemark>
      <Placemark>
        <name>2000 University Ave</name>
        <description><![CDATA[
<b>2000 University Ave</b><br/><b>Units:</b> 0<br/><b>VLI Units:</b> 0<br/><b>Stories:</b> 3<br/><b>Height:</b> 10.5m<br/><b>Status:</b> Completed<br/><i>(height estimated from units)</i>
]]></description>
        <styleUrl>#style_Completed</styleUrl>
        <Polygon>
          <extrude>1</extrude>
          <altitudeMode>relativeToGround</altitudeMode>
          <outerBoundaryIs>
            <LinearRing>
              <coordinates>
        -122.27027814268007,37.8714671331143,10.5
        -122.2703329742187,37.87186105621551,10.5
        -122.27072689731992,37.8717730668857,10.5
        -122.27067206578128,37.871379143784495,10.5
        -122.27027814268007,37.8714671331143,10.5
    </coordinates>
            </LinearRing>
          </outerBoundaryIs>
        </Polygon>
      </Placemark>
      <Placemark>
        <name>2099 MLK Jr Way</name>
        <description><![CDATA[
<b>2099 MLK Jr Way</b><br/><b>Units:</b> 0<br/><b>VLI Units:</b> 0<br/><b>Stories:</b> 3<br/><b>Height:</b> 10.5m<br/><b>Status:</b> Completed<br/><i>(height estimated from units)</i>
]]></description>
        <styleUrl>#style_Completed</styleUrl>
        <Polygon>
          <extrude>1</extrude>
          <altitudeMode>relativeToGround</altitudeMode>
          <outerBoundaryIs>
            <LinearRing>
              <coordinates>
        -122.27241606268008,37.8707436831143,10.5
        -122.27247089421871,37.871137606215505,10.5
        -122.27286481731993,37.8710496168857,10.5
        -122.2728099857813,37.87065569378449,10.5
        -122.27241606268008,37.8707436831143,10.5
    </coordinates>
            </LinearRing>
          </outerBoundaryIs>
        </Polygon>
      </Placemark>
      <Placemark>
        <name>2705 BENVENUE Ave</name>
        <description><![CDATA[
<b>2705 BENVENUE Ave</b><br/><b>Units:</b> -1<br/><b>VLI Units:</b> 0<br/><b>Stories:</b> 3<br/><b>Height:</b> 10.5m<br/><b>Status:</b> In Review<br/><i>(height estimated from units)</i>
]]></description>
        <styleUrl>#style_In_Review</styleUrl>
        <Polygon>
          <extrude>1</extrude>
          <altitudeMode>relativeToGround</altitudeMode>
          <outerBoundaryIs>
            <LinearRing>
              <coordinates>
        -122.25421557491832,37.861298124812734,10.5
        -122.25427040645695,37.86169204791394,10.5
        -122.25466432955817,37.861604058584135,10.5
        -122.25460949801953,37.86121013548293,10.5
        -122.25421557491832,37.861298124812734,10.5
    </coordinates>
            </LinearRing>
          </outerBoundaryIs>
        </Polygon>
      </Placemark>
    </Folder>
  </Document>
</kml>