{"type":"FeatureCollection","crs":{"type":"name","properties":{"name":"EPSG:4326"}},"features":[{"type":"Feature","id":1,"geometry":{"type":"Polygon","coordinates":[[[-122.286724397387,37.8985360779309],[-122.284184703545,37.8993213922733],[-122.283644477198,37.9000410397662],[-122.280044533766,37.9008246967358],[-122.278560028049,37.9009233246025],[-122.277331173632,37.9017422842877],[-122.278036871012,37.9031425782399],[-122.277152642992,37.9026099197055],[-122.27658296283,37.9023545464395],[-122.276445453706,37.901804510249],[-122.277231219237,37.9006258613183],[-122.27766339022,37.8998597395641],[-122.277545525,37.8993882807431],[-122.277015133523,37.8991132626818],[-122.276582962409,37.8987596681416],[-122.276582962363,37.8983667848842],[-122.276697774249,37.8976811111143],[-122.276445453221,37.8976595957504],[-122.275797195671,37.8973060021254],[-122.274481038152,37.8938289872825],[-122.27463819106,37.8934361058122],[-122.274697123575,37.8928664257142],[-122.274059046269,37.891796012104],[-122.272379115028,37.8909020104966],[-122.272300537612,37.8905680607229],[-122.272320181459,37.8901555335709],[-122.273754204677,37.8905091280376],[-122.275050717921,37.8907252134641],[-122.27597399359,37.8910788079683],[-122.277329438535,37.8914520463338],[-122.282595067015,37.8913025777113],[-122.287044050688,37.8910537007796],[-122.286968495233,37.8927475470191],[-122.286958088304,37.8929808095941],[-122.286884613874,37.8946275826157],[-122.286874206046,37.8948608541839],[-122.286793430938,37.8966714935888],[-122.28672914396,37.898112251697],[-122.286722998008,37.8982494747632],[-122.286730079304,37.8985333826621],[-122.286724397387,37.8985360779309]]]},"properties":{"FID":1,"Shape_Leng":0.0510380281689,"Name":"Thousand Oaks","Num_Units":6,"Calc_Area":253.073736904,"Shape__Area":11030092.287109375,"Shape__Length":16377.089897944295}},{"type":"Feature","id":2,"geometry":{"type":"Polygon","coordinates":[[[-122.277329438535,37.8914520463338],[-122.27667463376,37.8897299101719],[-122.276465096033,37.8884028389903],[-122.27604602071,37.8868662311659],[-122.275822514783,37.8861524059405],[-122.275554305215,37.8842973004782],[-122.274839083407,37.8777038529561],[-122.282572415876,37.8766757212603],[-122.283220585768,37.8811011540658],[-122.282452561072,37.8814719248473],[-122.282944360912,37.8824137291099],[-122.282036323604,37.8841630455989],[-122.281907719683,37.8845905176938],[-122.281949762097,37.8845984632017],[-122.28184722322,37.884939661525],[-122.281629934412,37.8851188712586],[-122.282674929695,37.8850864146465],[-122.282747077853,37.8853893629886],[-122.282292735036,37.8866290174109],[-122.28228239376,37.8868882173352],[-122.281718830097,37.8884222387813],[-122.282595067015,37.8913025777113],[-122.277329438535,37.8914520463338]]]},"properties":{"FID":2,"Shape_Leng":0.0441698899892,"Name":"Northbrae","Num_Units":69,"Calc_Area":230.7432646447,"Shape__Area":10056816.159179688,"Shape__Length":14827.105265968952}},{"type":"Feature","id":3,"geometry":{"type":"Polygon","coordinates":[[[-122.296750132828,37.883457475054],[-122.296563502793,37.8834796388613],[-122.296347488276,37.8832409012298],[-122.295964890505,37.8829465297456],[-122.295149748465,37.8828428163812],[-122.294864335966,37.8827144471627],[-122.29461333964,37.8827023863722],[-122.294458351341,37.8825827081931],[-122.294256603708,37.8826729569814],[-122.29403037025,37.8829282799438],[-122.29373332595,37.8830778174491],[-122.293293077149,37.8829346004338],[-122.293042476544,37.8830860642837],[-122.292769686023,37.8828883276511],[-122.2925543865,37.882939840838],[-122.292362614136,37.8829163046929],[-122.292231738483,37.8829657934995],[-122.292175919367,37.8830748911693],[-122.292053805814,37.8831659367511],[-122.291858209525,37.8830793446357],[-122.291771772976,37.8831088531995],[-122.291637954754,37.8832763843298],[-122.291549126903,37.883269705071],[-122.291387012365,37.8830678297499],[-122.291197997326,37.8830683945381],[-122.290982652845,37.8831928976075],[-122.290763471837,37.8831550217732],[-122.290548408837,37.8832153051494],[-122.290378149145,37.8830690034394],[-122.290210851832,37.8830291122203],[-122.289883982385,37.8829530574719],[-122.289502882045,37.8831682670819],[-122.287657857782,37.8826763011454],[-122.28727640757,37.8825848661941],[-122.286641669546,37.8823653165301],[-122.28545843856,37.8824756337635],[-122.284937881207,37.8824984792815],[-122.284707685297,37.8824286415398],[-122.284730738515,37.8823682286754],[-122.284558095635,37.8823645360714],[-122.284386563425,37.8824125967575],[-122.284230045396,37.8824478600886],[-122.284058360296,37.8824498287174],[-122.283885407147,37.8824194289444],[-122.283755726681,37.8823698727078],[-122.283526238544,37.8823527478328],[-122.283402525997,37.8824414138084],[-122.28309775561,37.8825102020804],[-122.282944360912,37.8824137291099],[-122.282452561072,37.8814719248473],[-122.283220585768,37.8811011540658],[-122.282572415876,37.8766757212603],[-122.294085494166,37.8749100174448],[-122.296750132828,37.883457475054]]]},"properties":{"FID":3,"Shape_Leng":0.0421623209863,"Name":"Westbrae","Num_Units":488,"Calc_Area":213.6846990874,"Shape__Area":9313350.4970703125,"Shape__Length":13412.388477061981}},{"type":"Feature","id":4,"geometry":{"type":"Polygon","coordinates":[[[-122.272320181459,37.8901555335709],[-122.270665820737,37.8900476456149],[-122.269169907054,37.8895988713962],[-122.266626855793,37.8882525503959],[-122.266103285939,37.8825306853892],[-122.275231065093,37.8813174335283],[-122.275483571651,37.8836452173024],[-122.275554305215,37.8842973004782],[-122.275822514783,37.8861524059405],[-122.27604602071,37.8868662311659],[-122.276465096033,37.8884028389903],[-122.27667463376,37.8897299101719],[-122.277329438535,37.8914520463338],[-122.27597399359,37.8910788079683],[-122.275050717921,37.8907252134641],[-122.273754204677,37.8905091280376],[-122.272708840638,37.8902513671062],[-122.272320181459,37.8901555335709]]]},"properties":{"FID":4,"Shape_Leng":0.0366352609777,"Name":"Live Oak","Num_Units":53,"Calc_Area":186.8180917159,"Shape__Area":8142346.1484375,"Shape__Length":11860.077251897208}},{"type":"Feature","id":5,"geometry":{"type":"Polygon","coordinates":[[[-122.266103285939,37.8825306853892],[-122.26524199879,37.8825258381062],[-122.265058180996,37.8830619734983],[-122.264322910469,37.8830619735523],[-122.263587639088,37.8834449265489],[-122.263235321522,37.8833836548594],[-122.26332723039,37.8828628376276],[-122.263281275879,37.8824645656354],[-122.262791094932,37.8824952028781],[-122.262530687195,37.8824492475368],[-122.262346869353,37.8825717927797],[-122.261887324705,37.8825105201987],[-122.261565644344,37.8824186113003],[-122.261489052539,37.8812850688331],[-122.261489052414,37.8802127980758],[-122.261167371994,37.879615390106],[-122.261060144893,37.8794622094764],[-122.263725501979,37.8791558462072],[-122.267248675714,37.8787269376458],[-122.272349618451,37.8780069840486],[-122.274839083407,37.8777038529561],[-122.275231065093,37.8813174335283],[-122.266103285939,37.8825306853892]]]},"properties":{"FID":5,"Shape_Leng":0.0358625686371,"Name":"Upper North Berkeley","Num_Units":116,"Calc_Area":119.8717094518,"Shape__Area":5224523.896484375,"Shape__Length":11003.89108535285}},{"type":"Feature","id":6,"geometry":{"type":"Polygon","coordinates":[[[-122.261060144893,37.8794622094764],[-122.25542000275,37.8801821631131],[-122.255106287647,37.8797508041804],[-122.254969036568,37.8786822098619],[-122.254887127147,37.8782035726489],[-122.254797271236,37.8770482890705],[-122.255849863993,37.87700978002],[-122.255734335108,37.8756491110562],[-122.256743490593,37.8755156425863],[-122.259115964528,37.8752411414221],[-122.26355700175,37.8746431206645],[-122.264223647684,37.8745156740806],[-122.265096168241,37.8742999940891],[-122.266380442569,37.8741725474599],[-122.266880586748,37.8787717490954],[-122.261060144893,37.8794622094764]]]},"properties":{"FID":6,"Shape_Leng":0.0326028940433,"Name":"Northside","Num_Units":123,"Calc_Area":124.536680382,"Shape__Area":5427830.59375,"Shape__Length":10121.59504321315}},{"type":"Feature","id":7,"geometry":{"type":"Polygon","coordinates":[[[-122.318641229227,37.8758873692453],[-122.318618014125,37.8758910240921],[-122.318594467172,37.875892934254],[-122.318579686812,37.8758927822697],[-122.318565067431,37.8758910447805],[-122.318545708621,37.8758868476455],[-122.318526973041,37.8758811432467],[-122.318507277884,37.8758733245416],[-122.318488611552,37.8758640570285],[-122.318474731413,37.875855409148],[-122.31846224792,37.875845514807],[-122.318438619126,37.8758210676362],[-122.318433591915,37.8758140205485],[-122.318429823754,37.8758064968199],[-122.318422353082,37.87578663709],[-122.318413546017,37.8757600000688],[-122.318402606657,37.8757205791838],[-122.318393077435,37.8756869130609],[-122.318376948088,37.8756471342461],[-122.318341598423,37.8755824819815],[-122.318284962699,37.8754957117902],[-122.318237887673,37.8754354140441],[-122.318123414735,37.8753028719584],[-122.318013989694,37.8751769012191],[-122.31800186683,37.8751642324693],[-122.317983551232,37.8751478585128],[-122.317974951014,37.8751417359284],[-122.317965202361,37.8751368094426],[-122.317954346642,37.8751331087328],[-122.317942882982,37.8751308316501],[-122.317927779765,37.8751296571365],[-122.317912614495,37.8751300888123],[-122.317859574272,37.8751312021769],[-122.31779891589,37.8751273899549],[-122.317767455801,37.8751232620686],[-122.317757567753,37.875121021858],[-122.317748081702,37.8751178742313],[-122.317739129849,37.8751138632552],[-122.317718327626,37.8751019436414],[-122.317699229619,37.8750883512882],[-122.317685882777,37.8750766645983],[-122.317674100755,37.8750639634728],[-122.317671007986,37.8750595981635],[-122.317668736297,37.875054925286],[-122.317667337851,37.875050041967],[-122.317666252368,37.8750411485706],[-122.317666401654,37.8750322147046],[-122.317667589658,37.8750255911971],[-122.317669985452,37.8750191763322],[-122.317676295994,37.8750063681862],[-122.317685181295,37.8749893197361],[-122.317699043445,37.8749658555216],[-122.317706724554,37.8749518998404],[-122.317707754277,37.8749490435932],[-122.317708283978,37.8749461037092],[-122.317708302863,37.8749431341476],[-122.317707810934,37.8749401888677],[-122.317706302769,37.8749302963244],[-122.317706806388,37.8749203381306],[-122.317711190582,37.8749015692776],[-122.317712059327,37.874899367737],[-122.317713245532,37.8748972606252],[-122.317714733011,37.8748952785191],[-122.317717531701,37.8748923889969],[-122.317720744979,37.8748897836605],[-122.317724326979,37.8748875029794],[-122.317732403791,37.8748823588562],[-122.317739655925,37.8748764952755],[-122.317748286719,37.874868226008],[-122.317751317434,37.8748647519264],[-122.317752691598,37.8748626277275],[-122.317753689845,37.8748603749255],[-122.317754290592,37.8748580357886],[-122.31775498217,37.8748512423092],[-122.317754763634,37.8748444281455],[-122.317752558495,37.8748322225459],[-122.317748001628,37.8748187435062],[-122.317733025212,37.8747892358493],[-122.317713518911,37.8747617498688],[-122.317676457838,37.8747180688968],[-122.317630399946,37.8746668120359],[-122.31754691316,37.8745772017873],[-122.317426145866,37.8744380478859],[-122.317357071617,37.8743564299119],[-122.317225151822,37.8741589091064],[-122.317136655806,37.8740279318393],[-122.317118478704,37.8740044118692],[-122.317034765287,37.8739085657211],[-122.316968732548,37.8738375057886],[-122.316927071443,37.8737916772357],[-122.316899530596,37.8737582521325],[-122.316850102043,37.8736946979412],[-122.316812928555,37.8736428187488],[-122.316779363147,37.8735963228983],[-122.316758322603,37.8735710267673],[-122.316732975204,37.8735444104317],[-122.316718902609,37.8735318361108],[-122.316703356924,37.8735204030298],[-122.316668750104,37.8734930645393],[-122.316636076826,37.8734602221972],[-122.316615896933,37.873435911723],[-122.316594106353,37.8734047619044],[-122.316562189403,37.8733544070626],[-122.316543818046,37.8733220359642],[-122.316528217501,37.8732948845312],[-122.316508809226,37.8732684129861],[-122.316459827637,37.8732143565356],[-122.316439836602,37.8731956965024],[-122.316417565785,37.8731787370875],[-122.316402704485,37.873166866936],[-122.316390231784,37.8731533789037],[-122.316372088855,37.8731278147744],[-122.316349391758,37.8730891484215],[-122.316319927258,37.8730302617106],[-122.316298910094,37.8729896708082],[-122.316277217539,37.8729535540334],[-122.316257194127,37.8729200695744],[-122.316240935278,37.8728900025392],[-122.316218048423,37.8728469600849],[-122.316176874747,37.8727783427095],[-122.316152093921,37.8727453025159],[-122.316120610446,37.8727111651499],[-122.316081542986,37.8726693565667],[-122.316019666014,37.8725988650054],[-122.315977606509,37.872548246663],[-122.315957094766,37.8725248507996],[-122.31586218389,37.8724346128249],[-122.315778653038,37.8723565651609],[-122.315767645333,37.8723446941097],[-122.315758467748,37.8723318814681],[-122.315751249787,37.8723183044026],[-122.315738525275,37.8722956226004],[-122.315721501103,37.8722747871067],[-122.315634549229,37.8721864898687],[-122.315557410759,37.8721098649318],[-122.315525498307,37.8720718991515],[-122.315467407481,37.8719969829251],[-122.315438263144,37.8719648051818],[-122.315406571026,37.87193417787],[-122.315384138331,37.8719119259444],[-122.315364304677,37.8718881739494],[-122.315353053255,37.8718711731649],[-122.315344316338,37.8718532667627],[-122.315335744897,37.8718357650556],[-122.315324661648,37.8718191725633],[-122.315302017612,37.8717908367236],[-122.315288697749,37.8717760617614],[-122.315265113022,37.8717526155362],[-122.315196942595,37.8716878283756],[-122.315148478117,37.8716443119805],[-122.315107221708,37.8716069847195],[-122.315086307968,37.8715837939016],[-122.315069876449,37.8715584348176],[-122.315048285518,37.8715234341017],[-122.315022119735,37.8714904523641],[-122.314992687615,37.8714598421393],[-122.314960490079,37.8714310341561],[-122.314935412477,37.8714081509066],[-122.314913147955,37.8713835076835],[-122.314879888318,37.8713412188619],[-122.314859295635,37.8713123677104],[-122.314824821012,37.8712561519866],[-122.314797822456,37.8712133721347],[-122.314727761649,37.871116927037],[-122.314667520544,37.8710369521239],[-122.314605971821,37.8709357496115],[-122.314562392459,37.8708664217718],[-122.314548934999,37.870846197817],[-122.314527253238,37.8708183709935],[-122.31446765335,37.8707525864841],[-122.314371822466,37.8706521735792],[-122.314266477652,37.8705383346949],[-122.314117844859,37.8703929754729],[-122.313956287907,37.870238724654],[-122.313905630881,37.8701934986476],[-122.313862314125,37.8701544644735],[-122.313814567306,37.8701055035821],[-122.313734471863,37.870014499384],[-122.313622127621,37.8698815184289],[-122.313508728475,37.8697487398215],[-122.313475694568,37.8697132166002],[-122.313432679084,37.8696677306891],[-122.31340216238,37.8696299798467],[-122.313375859001,37.8695980125445],[-122.313354141267,37.8695753891989],[-122.313305246014,37.8695272448921],[-122.313287074308,37.8695100561497],[-122.313281605529,37.8695050226442],[-122.31326591865,37.8694896981965],[-122.313245691095,37.8694833256014],[-122.313212343329,37.8694800241923],[-122.313165842976,37.8694781149349],[-122.313101374165,37.8694697314588],[-122.313047913957,37.8694628273668],[-122.31299375048,37.8694624559507],[-122.312940147282,37.8694686235058],[-122.31288835352,37.8694811879389],[-122.312816993207,37.869500875904],[-122.312743935872,37.8695161625868],[-122.312669614989,37.8695269589543],[-122.31262667955,37.8695338108926],[-122.312584974384,37.8695444157022],[-122.312545021099,37.8695586411825],[-122.31246046863,37.8695905356476],[-122.312373391763,37.869617831879],[-122.312269679234,37.8696460822924],[-122.312165151919,37.8696723784788],[-122.312090595415,37.8696920709408],[-122.312017439155,37.8697148282924],[-122.311974637716,37.8697268531316],[-122.311930338006,37.8697347599749],[-122.311885166852,37.8697384382057],[-122.311804662229,37.8697436650718],[-122.311724913037,37.8697538346122],[-122.311646402212,37.8697688892702],[-122.311563002672,37.8697846885674],[-122.311478235263,37.8697949372485],[-122.311392685442,37.8697995642671],[-122.311322769438,37.8698039826418],[-122.311253838193,37.8698142520061],[-122.311186666922,37.8698302536495],[-122.311142898711,37.8698401596859],[-122.311097853462,37.8698453433819],[-122.311052337867,37.869845711208],[-122.310990408743,37.8698462193295],[-122.310929125334,37.8698533059923],[-122.310869593804,37.8698668452912],[-122.310812891543,37.8698865917112],[-122.310764091625,37.8699039873025],[-122.310713062288,37.8699167432912],[-122.310660501404,37.8699246816114],[-122.310607129331,37.8699276970424],[-122.310559001205,37.8699304660587],[-122.310511634806,37.8699377721551],[-122.310465708222,37.8699495101108],[-122.310421877959,37.8699655117525],[-122.310396321921,37.8699743673793],[-122.310369320673,37.8699799063062],[-122.310341555,37.8699819900376],[-122.310313721878,37.8699805664127],[-122.310248313276,37.8699756660113],[-122.310182613294,37.8699759241216],[-122.310117267645,37.8699813380456],[-122.310041372049,37.8699891729454],[-122.309965087045,37.8699940859478],[-122.309925873002,37.8699979971025],[-122.309887701273,37.8700061197827],[-122.309851286819,37.8700183011035],[-122.309817314926,37.870034312637],[-122.309771623067,37.870057115852],[-122.30972364513,37.8700767471581],[-122.309673730053,37.8700930626637],[-122.309563586471,37.8701217213698],[-122.309451391535,37.8701448420504],[-122.309377637225,37.8701545871103],[-122.309302955713,37.8701575296978],[-122.309254243927,37.8701593679158],[-122.309206090621,37.8701654842091],[-122.309159092944,37.8701758030345],[-122.309113831859,37.8701901966883],[-122.309070399995,37.8702036568457],[-122.309025144306,37.8702125799231],[-122.308978818422,37.8702168184317],[-122.308927102001,37.8702211369803],[-122.308876283104,37.8702298828916],[-122.308826962479,37.8702429554416],[-122.308706235675,37.8702797862886],[-122.308646585435,37.8702943373248],[-122.308585188711,37.8703032163366],[-122.30844984612,37.8703164462743],[-122.308331516007,37.8703299136317],[-122.308213896359,37.8703468487752],[-122.308032178423,37.8703764193992],[-122.307768562816,37.8704236122461],[-122.307600013655,37.8704559599758],[-122.307469065154,37.8704804898956],[-122.307403822929,37.8705006347158],[-122.307337110312,37.8705174862186],[-122.30728900557,37.8705300524501],[-122.30724237212,37.8705457240408],[-122.307203405391,37.870559198587],[-122.307163464695,37.8705707395907],[-122.307154744868,37.8705736075296],[-122.307146666257,37.8705774800112],[-122.307139411425,37.8705822707007],[-122.307134329356,37.8705868005866],[-122.307130179884,37.870591893448],[-122.307127058338,37.8705974269773],[-122.307125038461,37.8706032743699],[-122.307124167918,37.8706092971302],[-122.307124600493,37.8706176176584],[-122.307126768759,37.8706257655166],[-122.307130614262,37.8706335140758],[-122.307136028182,37.870640649297],[-122.307142863931,37.8706469724304],[-122.30720000237,37.8706885121149],[-122.307297057228,37.8707554972166],[-122.307350831303,37.8707913414944],[-122.307407267371,37.870824513886],[-122.307599773591,37.8709309639333],[-122.30771270868,37.870996966974],[-122.307727368532,37.8710048135585],[-122.307743205596,37.8710110584501],[-122.307759942882,37.8710155946296],[-122.307783132804,37.8710221785652],[-122.307804661679,37.8710316646133],[-122.307823957537,37.8710438009639],[-122.307840505966,37.8710582638611],[-122.307907810347,37.8711248370754],[-122.3079783343,37.8711892824934],[-122.308051970808,37.8712515020888],[-122.308085972384,37.8712814953784],[-122.308116761582,37.8713135948806],[-122.308144129759,37.8713475865568],[-122.308194474723,37.8714231080274],[-122.308236778847,37.8715016674088],[-122.308270752551,37.8715827287049],[-122.308296164707,37.8716657370341],[-122.308312839949,37.8717501267227],[-122.308320664961,37.8718353186072],[-122.308320037239,37.8718741603297],[-122.308315064891,37.8719128042015],[-122.308311294037,37.8719481169842],[-122.308313036928,37.8719835304905],[-122.30831749487,37.8720049505444],[-122.308325295593,37.8720257626564],[-122.308336470574,37.8720552253475],[-122.308343164233,37.8720855307038],[-122.308345278543,37.8721162515473],[-122.308346204851,37.8721664903789],[-122.308349595301,37.8722166626604],[-122.308355484067,37.8722573569859],[-122.308365589755,37.872297528805],[-122.308377736006,37.8723428924104],[-122.308386527785,37.8723887407508],[-122.308398028327,37.8724771315239],[-122.308400229873,37.8725180596734],[-122.308398153343,37.8725589914205],[-122.308397674906,37.8725772440623],[-122.308399998756,37.8725954085704],[-122.308405089821,37.8726132133493],[-122.308410626051,37.8726332403532],[-122.308412689998,37.8726536774482],[-122.30841124389,37.8726741478184],[-122.308409564859,37.8727014440435],[-122.308413056031,37.8727286332489],[-122.308421635567,37.872755102097],[-122.308429186279,37.8727785186458],[-122.308432151347,37.8728025728143],[-122.308434141549,37.8728184431517],[-122.308439234412,37.8728338737202],[-122.308447302233,37.8728484841068],[-122.308477102179,37.8728970906665],[-122.308502106938,37.8729473663685],[-122.308514719936,37.8729807833789],[-122.308523371419,37.8730149845985],[-122.308527986745,37.8730496723517],[-122.308536566285,37.8731044671485],[-122.308554005947,37.8731579255521],[-122.308572052651,37.8732093766686],[-122.308583965978,37.8732619384483],[-122.308589640707,37.8733151513377],[-122.308595875715,37.8733753591546],[-122.308608808874,37.873434894278],[-122.308628337662,37.8734932881612],[-122.308654309194,37.8735500830491],[-122.308682592882,37.87359726868],[-122.308696668176,37.8736152614167],[-122.308713373986,37.8736317810635],[-122.308717123261,37.873635543827],[-122.308720193547,37.8736396753126],[-122.30872252639,37.8736440981786],[-122.308724077721,37.8736487323853],[-122.308727772138,37.8736596555515],[-122.308733361426,37.8736700598087],[-122.308740734071,37.8736797401115],[-122.308744459064,37.8736846926781],[-122.308747186709,37.8736900373493],[-122.308748855851,37.8736956500185],[-122.308749426022,37.8737013984854],[-122.30874888553,37.8737071487512],[-122.30874798531,37.8737176690214],[-122.30874928753,37.8737281641104],[-122.308752756217,37.8737383444365],[-122.308758296942,37.8737479321093],[-122.308770983682,37.8737698036223],[-122.30877904341,37.8737930124277],[-122.308785631849,37.8738307362922],[-122.308787442189,37.8738687920069],[-122.308788130171,37.8738775738873],[-122.308790543953,37.8738861606148],[-122.308794626877,37.8738943417478],[-122.308800277319,37.8739019131403],[-122.308807354086,37.8739086904313],[-122.308815682709,37.8739145054475],[-122.308820571425,37.8739179588441],[-122.308824677731,37.8739220012967],[-122.308827891909,37.8739265221888],[-122.308830128524,37.8739314010111],[-122.308850740995,37.8739948634737],[-122.308868785902,37.8740588142683],[-122.308877758445,37.8741005527066],[-122.308882994303,37.8741426877462],[-122.308886205785,37.874162546577],[-122.308892635941,37.8741819098811],[-122.308902174154,37.8742004494059],[-122.308929838209,37.8742426698795],[-122.308960335128,37.8742836465903],[-122.308985516154,37.8743211321331],[-122.30900375711,37.8743610647319],[-122.309014692873,37.8744026394934],[-122.309025402006,37.8744444570718],[-122.309042895626,37.8744848132514],[-122.30906267892,37.8745264482668],[-122.309078631102,37.8745691049124],[-122.309109008417,37.8746639006563],[-122.309138160855,37.8747468028651],[-122.309158217545,37.8748023108236],[-122.309166239501,37.8748211174472],[-122.309177340736,37.8748389132324],[-122.3091913225,37.8748553843161],[-122.309214760638,37.8748837974974],[-122.309232189505,37.8749148079215],[-122.309243162139,37.8749476214869],[-122.309259941699,37.8750015466386],[-122.309285032793,37.8750534033489],[-122.309291217434,37.8750665172636],[-122.309295004481,37.8750801923555],[-122.309296317493,37.8750941543313],[-122.309299633299,37.8751379324326],[-122.309309142737,37.8751811367658],[-122.309324723498,37.8752232187446],[-122.309343303499,37.8752564199173],[-122.309363720814,37.8752881057321],[-122.309372077317,37.8753042755432],[-122.30937782129,37.8753211468257],[-122.3093808628,37.8753384533804],[-122.30938594847,37.8753649501076],[-122.309396000197,37.8753905403179],[-122.309410789553,37.8754146439483],[-122.309416679215,37.8754242397148],[-122.309420695589,37.8754344263361],[-122.309422745145,37.8754449735859],[-122.30942853139,37.8754892876829],[-122.309437066862,37.8755333202919],[-122.309452543304,37.8755926143969],[-122.309457776463,37.8756172117557],[-122.309459009436,37.8756421364683],[-122.309456223339,37.8756669829399],[-122.309455202609,37.8756772064339],[-122.309456081248,37.8756874371223],[-122.30945884037,37.8756974573691],[-122.309473334751,37.8757448246641],[-122.309481750614,37.8757931065702],[-122.309487808452,37.8758235926903],[-122.30949911923,37.8758531246292],[-122.309504889283,37.8758690759053],[-122.309507180758,37.8758855703721],[-122.309505927105,37.8759021349864],[-122.309504535855,37.8759195458627],[-122.309506739197,37.8759369036788],[-122.309512480471,37.8759537452837],[-122.309521604097,37.8759696228151],[-122.309524371312,37.875974346954],[-122.309526221218,37.8759793444868],[-122.309527112447,37.8759845056964],[-122.309527026113,37.8759897145701],[-122.309525963114,37.8759948541962],[-122.309524097921,37.8760044256816],[-122.309524264297,37.8760141086829],[-122.309526462242,37.8760236352019],[-122.309530629702,37.8760327381402],[-122.309535254917,37.8760423285109],[-122.309538235272,37.8760523181808],[-122.309539520404,37.87606253448],[-122.309539087831,37.8760727957454],[-122.309538884586,37.8760838717966],[-122.309541071739,37.8760948129494],[-122.309545583639,37.876105296347],[-122.309552288087,37.87611501622],[-122.309561364947,37.8761271993361],[-122.309568801444,37.8761400605412],[-122.309581680641,37.8761696347482],[-122.309629033567,37.8763080736939],[-122.309652400665,37.8763918194674],[-122.309670551694,37.8764763737318],[-122.309684829341,37.8765416024634],[-122.30970365396,37.8766061027438],[-122.309746092989,37.8767349486209],[-122.309767670432,37.8767884735739],[-122.309796363313,37.8768398554418],[-122.309848950288,37.876924630937],[-122.309896760063,37.8770050249351],[-122.309983403476,37.8771436059708],[-122.309999924028,37.8771741955122],[-122.310010202385,37.8772064568939],[-122.310014609965,37.8772199134505],[-122.310021845912,37.8772325786034],[-122.310031700686,37.8772440782346],[-122.310045481901,37.8772599143968],[-122.310055970698,37.8772772623197],[-122.310062908071,37.8772956975234],[-122.310069211422,37.877312527437],[-122.310078712763,37.8773283869819],[-122.310091183665,37.8773428948454],[-122.310100497946,37.8773506389076],[-122.310111363557,37.877356985423],[-122.310123454045,37.8773617446347],[-122.310131772776,37.8773649363283],[-122.310139353163,37.8773691298668],[-122.310146001853,37.8773742182308],[-122.310151556067,37.8773800755155],[-122.310155872814,37.8773865533323],[-122.310161998998,37.8773956184989],[-122.31016998498,37.8774037222899],[-122.310179597836,37.8774106272844],[-122.310190556077,37.877416133833],[-122.310202537747,37.8774200764603],[-122.310222809369,37.8774264499546],[-122.310241839926,37.87743489189],[-122.310259294872,37.8774452547775],[-122.310321192525,37.8774897010708],[-122.310335997168,37.8775028356693],[-122.310347996826,37.8775176609936],[-122.310356891124,37.8775338020263],[-122.310359387643,37.877538461414],[-122.310362712437,37.8775427835559],[-122.310366797159,37.8775466758217],[-122.310371552775,37.8775500545746],[-122.310376878562,37.877552848768],[-122.310382662103,37.8775549972481],[-122.310393694089,37.8775590954582],[-122.310403879812,37.8775643933641],[-122.310413014228,37.8775707848458],[-122.310420909379,37.8775781386021],[-122.310427408781,37.8775863080438],[-122.310436974873,37.8776037315099],[-122.310442773705,37.8776221694115],[-122.310444647894,37.8776411136318],[-122.310442434665,37.8776651399218],[-122.310436106138,37.8776887030611],[-122.310425776526,37.8777113587847],[-122.310421301499,37.8777179373264],[-122.310415467597,37.8777238099002],[-122.310408449287,37.8777288002392],[-122.310400452515,37.8777327617538],[-122.3103917165,37.8777355757333],[-122.310382502045,37.8777371594402],[-122.310373080746,37.8777374652105],[-122.310358991065,37.8777377341088],[-122.310345052471,37.8777393870638],[-122.310330945703,37.8777407900074],[-122.310316742708,37.877740263905],[-122.310302862569,37.8777378213472],[-122.31028971178,37.8777335387762],[-122.310279240073,37.8777299333946],[-122.310268260248,37.8777274548636],[-122.310256962962,37.8777261445521],[-122.310245546967,37.8777260276411],[-122.310210513871,37.8777251606972],[-122.310176159763,37.877719650553],[-122.310148082924,37.8777150262407],[-122.310119436814,37.8777139650427],[-122.310090938194,37.8777164903414],[-122.310081212924,37.8777173986574],[-122.310071423802,37.877717172029],[-122.310061782169,37.8777158158519],[-122.31005249307,37.8777133580052],[-122.310048320215,37.8777122833156],[-122.310043981884,37.8777117608097],[-122.310039594991,37.8777118012796],[-122.310035273748,37.8777124065237],[-122.310031135067,37.8777135594549],[-122.310027285969,37.8777152294964],[-122.310001064434,37.8777315000341],[-122.3099785571,37.8777509514739],[-122.309967551196,37.8777640114306],[-122.309959021127,37.8777781874457],[-122.309953140461,37.8777931854412],[-122.309950034204,37.8778086978487],[-122.309944576227,37.8778865620576],[-122.309945224647,37.8779645440772],[-122.309951978566,37.878042343534],[-122.309963609506,37.8780997823376],[-122.309983750733,37.8781557237693],[-122.310004562851,37.8781970736996],[-122.310029706105,37.8782368830907],[-122.310054506718,37.8782756717512],[-122.310075599425,37.8783158138919],[-122.310107289748,37.8783875159429],[-122.310117676024,37.8784193753275],[-122.310122888499,37.8784520216195],[-122.310126529857,37.8784738544623],[-122.310133953764,37.8784950757658],[-122.310145018127,37.8785152763385],[-122.310159508009,37.8785340667738],[-122.310191064328,37.8785657750708],[-122.310226485035,37.8785948060855],[-122.310311266842,37.8786567729707],[-122.310351709365,37.8786905901774],[-122.310385323334,37.8787288158617],[-122.310411356918,37.8787705929695],[-122.310415417358,37.8787770815783],[-122.310420689185,37.8787829973188],[-122.310427048293,37.8787881980982],[-122.310434342696,37.87879255981],[-122.31044447536,37.8787985636837],[-122.310453399334,37.8788056719251],[-122.310460924863,37.8788137316494],[-122.310466892766,37.8788225728847],[-122.310470955005,37.8788286370134],[-122.310476056861,37.8788341849312],[-122.310482096709,37.8788391051221],[-122.310488954041,37.87884329956],[-122.310496490362,37.8788466837086],[-122.310513413807,37.8788543216501],[-122.310528783224,37.8788638023028],[-122.310542279354,37.878874931413],[-122.310553624305,37.8788874796537],[-122.310612824894,37.8789619030514],[-122.310674183856,37.8790352211821],[-122.310689698964,37.8790510789279],[-122.310707599974,37.879065271129],[-122.310727603599,37.8790775720555],[-122.310760778697,37.8790981827173],[-122.310790071422,37.879122206307],[-122.310814926891,37.8791491904654],[-122.310834875659,37.879178622579],[-122.310843127841,37.8791907400446],[-122.310853443068,37.8792018196924],[-122.310865618093,37.8792116420876],[-122.310904264668,37.8792414708009],[-122.310939112507,37.8792741080975],[-122.310969836954,37.8793092500064],[-122.310996152924,37.8793465727717],[-122.311060371734,37.8794475531513],[-122.311120026483,37.879536380092],[-122.311183496156,37.8796235297968],[-122.311257801763,37.879716160869],[-122.311300993516,37.8797719044481],[-122.311338243447,37.8798302794442],[-122.311361908216,37.8798670185497],[-122.311389655906,37.8799019176419],[-122.311421261689,37.8799346916356],[-122.31143938663,37.8799551305281],[-122.311452848587,37.8799777197001],[-122.311461255453,37.88000179815],[-122.311470010358,37.8800269449945],[-122.311483966042,37.8800505719842],[-122.311536314695,37.8801181515411],[-122.311593445043,37.8801832516665],[-122.311655174525,37.8802456601205],[-122.311721298095,37.8803051718576],[-122.311768659104,37.880348808762],[-122.311811451557,37.8803953172024],[-122.311855725194,37.880451338672],[-122.311895640717,37.8805093836166],[-122.311922696829,37.8805481291096],[-122.311953282781,37.8805851874739],[-122.311987231298,37.8806203590602],[-122.312015616607,37.8806506842],[-122.312039887518,37.8806831767065],[-122.312059783227,37.8807174858439],[-122.312079857001,37.8807541404134],[-122.312102708782,37.8807897598629],[-122.312135357779,37.8808310585309],[-122.312173891041,37.8808690369013],[-122.312193010633,37.8808886789943],[-122.312207934887,37.8809104857559],[-122.312218281592,37.8809338996066],[-122.312223787245,37.8809583206984],[-122.312224092116,37.8809606625332],[-122.312233479245,37.8810024405415],[-122.312250178764,37.8810427589496],[-122.312316170142,37.8811779360526],[-122.312340487819,37.8812264715663],[-122.312368102412,37.8812738865245],[-122.312413744819,37.8813424049741],[-122.312431544207,37.8813708271491],[-122.312445566442,37.8814005479455],[-122.312455661337,37.8814312526006],[-122.308332298912,37.8822664119876],[-122.308286939807,37.882329899636],[-122.308027577081,37.8822684741556],[-122.308124451126,37.8819118245793],[-122.298278421519,37.8480301674908],[-122.30102818266,37.847469335626],[-122.30102962877,37.8474690397489],[-122.301046348076,37.8475340292607],[-122.301056935804,37.8475998236663],[-122.301061335295,37.8476660596394],[-122.301059518672,37.8477323720554],[-122.301058599566,37.847743641461],[-122.301052215284,37.8477941968545],[-122.301016425882,37.8479940352254],[-122.300974229708,37.8481930857907],[-122.300925654642,37.8483912199472],[-122.30087073306,37.8485883090919],[-122.300809498235,37.8487842246216],[-122.3007489406,37.8489770833554],[-122.30069406848,37.8491710077856],[-122.300644909753,37.8493658953892],[-122.300601494099,37.8495616373486],[-122.300563843099,37.8497581293421],[-122.300545395312,37.8498373452331],[-122.300518315831,37.8499149864117],[-122.300482809701,37.8499904620232],[-122.300439149416,37.8500631983001],[-122.300410184953,37.8501134991871],[-122.300388977143,37.8501661751832],[-122.300375825462,37.8502204780525],[-122.300370916968,37.8502756370758],[-122.300374322707,37.8503308662455],[-122.300385993218,37.8503853822524],[-122.300398474916,37.8504364763384],[-122.300406263952,37.8504881513868],[-122.30040880904,37.8505464175675],[-122.300404273765,37.850604606407],[-122.300392702193,37.8506621801106],[-122.300370390021,37.8507568229736],[-122.300353212079,37.8508521367304],[-122.300341198945,37.850947947812],[-122.300290841462,37.8514903838452],[-122.300285793579,37.8515960586913],[-122.300289142667,37.8517017740063],[-122.300300874338,37.851807113404],[-122.300320943624,37.851911659599],[-122.300349268687,37.8520149962052],[-122.300365106657,37.852072187695],[-122.30037668094,37.8521300159051],[-122.300383953765,37.8521882856827],[-122.300392439784,37.8523174787006],[-122.30039530504,37.8524468264023],[-122.300398521021,37.8524919031247],[-122.300408100606,37.8525364096765],[-122.300423921487,37.8525797803839],[-122.30045603899,37.8526622976826],[-122.3004800536,37.8527465299893],[-122.300495820526,37.8528319781801],[-122.30050324624,37.852918134138],[-122.300506481105,37.8529469493178],[-122.300513973361,37.8529752626756],[-122.300525619587,37.8530026776103],[-122.300542762471,37.85304467865],[-122.30055224313,37.853088177961],[-122.300553870909,37.8531323049993],[-122.300547612531,37.8531761703355],[-122.300543277801,37.8532037111764],[-122.300543096141,37.8532314651564],[-122.30054706935,37.853259040171],[-122.300564342638,37.8533203406634],[-122.300588721471,37.8533801033145],[-122.300619995406,37.8534378128126],[-122.300651183906,37.8534941472473],[-122.300676775924,37.8535522290652],[-122.300696617676,37.8536117075309],[-122.300710591352,37.8536722256133],[-122.300718611514,37.8537334190871],[-122.300727785508,37.8538103246175],[-122.300742643219,37.8538866689705],[-122.300756117769,37.853932214239],[-122.300775028721,37.8539765274358],[-122.300799203405,37.8540192011679],[-122.300818843706,37.8540518924249],[-122.300836364305,37.8540853337167],[-122.300850277722,37.8541200079793],[-122.300858806898,37.8541557623282],[-122.300861828625,37.8541920715593],[-122.300864016683,37.8542517083069],[-122.300869793036,37.8543111948674],[-122.300901836816,37.8545855906345],[-122.300907334376,37.8546153150288],[-122.300917400493,37.8546442785963],[-122.300931880483,37.8546720406691],[-122.300945018683,37.8546972207882],[-122.300954165692,37.8547234863894],[-122.300959183014,37.8547504444689],[-122.300975125312,37.8548667250192],[-122.300997828714,37.8549822978025],[-122.301042302015,37.8551601540371],[-122.301094865618,37.855336617221],[-122.301155452974,37.8555114562286],[-122.301195806473,37.8556290362976],[-122.301230032891,37.855747830452],[-122.30125807467,37.8558676408407],[-122.301278555842,37.8559470195062],[-122.301306746904,37.8560248981018],[-122.301342476983,37.8561008071814],[-122.30136062441,37.8561431373729],[-122.301371303866,37.8561870368821],[-122.301374315701,37.8562316819299],[-122.301369605956,37.8562762334488],[-122.301363540933,37.8563219423953],[-122.30136295458,37.8563679022523],[-122.301367853193,37.8564136993316],[-122.301379101021,37.8564542677516],[-122.301398843845,37.8564927416498],[-122.301426512395,37.8565280121621],[-122.301453129638,37.8565620326166],[-122.301471992026,37.8565991692228],[-122.301482538381,37.8566383230092],[-122.301503005168,37.8567460537038],[-122.301530170106,37.8568528500023],[-122.301563968445,37.8569584493025],[-122.30159980195,37.8570713079307],[-122.301628000211,37.8571855182406],[-122.301648483186,37.8573007591742],[-122.301658499842,37.8573446164153],[-122.301675711974,37.8573870464318],[-122.301699819209,37.8574273099806],[-122.301721313913,37.8574639042954],[-122.301735817286,37.8575025994273],[-122.301743016365,37.8575425617045],[-122.301742756465,37.8575829295765],[-122.301735041185,37.8576228316002],[-122.301731834204,37.8576398350838],[-122.301732015869,37.8576570274248],[-122.301735585281,37.8576739859417],[-122.301742452507,37.8576902933492],[-122.301752449374,37.8577055503482],[-122.301765330367,37.8577193819215],[-122.301776535024,37.8577313977635],[-122.301785276437,37.8577446375832],[-122.301791342367,37.8577587857183],[-122.301794591619,37.8577735058225],[-122.30181246746,37.8578921416974],[-122.301836866984,37.8580100446242],[-122.301867746124,37.8581269888732],[-122.301905044626,37.8582427505131],[-122.301951985663,37.8583860377044],[-122.301992447983,37.8585305614642],[-122.302026381225,37.8586761374313],[-122.302053743119,37.858822582144],[-122.302062422482,37.8588596018391],[-122.302076166827,37.8588956457694],[-122.302094807082,37.8589302786629],[-122.302118122013,37.8589630841334],[-122.3021320741,37.8589838063127],[-122.302141792178,37.8590059979847],[-122.302147041524,37.8590291177573],[-122.302147692637,37.8590526026551],[-122.302143731125,37.8590758816085],[-122.302132007566,37.8591164806072],[-122.302127028022,37.8591392145714],[-122.302125884086,37.8591622722914],[-122.302128596445,37.8591852463741],[-122.302137485352,37.8592394898864],[-122.302142200504,37.859294059853],[-122.302142723017,37.859348755725],[-122.302136157076,37.8594391465918],[-122.302121692389,37.8595289573964],[-122.302119363147,37.8595514251611],[-122.302121624045,37.8595738956234],[-122.302128415729,37.8595957860227],[-122.302139559232,37.8596165234906],[-122.302154767672,37.859635571132],[-122.302179431586,37.8596654987717],[-122.30219894868,37.8596977277771],[-122.302212982607,37.8597317014679],[-122.302250401616,37.8598376038393],[-122.302293611361,37.8599421104625],[-122.302342528205,37.8600450234864],[-122.302374506311,37.8601153513732],[-122.302399971526,37.8601873322145],[-122.302418789852,37.8602605846978],[-122.302430861462,37.8603347275105],[-122.302438253895,37.8603720295929],[-122.302451609732,37.8604082749713],[-122.30247071134,37.8604428646972],[-122.302495243054,37.8604752295],[-122.302521029323,37.8605090314192],[-122.302541413363,37.8605450789463],[-122.302556089407,37.8605828306892],[-122.302564838017,37.8606217209743],[-122.302577460911,37.8606845575093],[-122.302596725298,37.8607463265483],[-122.302622493584,37.8608065865245],[-122.302654582305,37.8608649084609],[-122.302695371071,37.8609375062361],[-122.302729765657,37.8610121544662],[-122.302757602385,37.8610885042142],[-122.302778751754,37.8611661885567],[-122.302790519389,37.8612059961502],[-122.302807463523,37.8612446112422],[-122.302829398895,37.8612816129499],[-122.302856085385,37.8613165992763],[-122.303006614852,37.8614969466253],[-122.303151985808,37.8616799352838],[-122.303216549955,37.8617575701604],[-122.30328728525,37.861831747143],[-122.303363897616,37.8619021595628],[-122.30344606959,37.8619685160394],[-122.303528120156,37.8620273550825],[-122.303614089068,37.8620825635618],[-122.303703721817,37.8621339804988],[-122.303796754005,37.8621814521094],[-122.303853572284,37.8622115272356],[-122.303906812161,37.8622454685479],[-122.30395605725,37.8622830107462],[-122.304000920841,37.8623238588529],[-122.304068885324,37.8623943045482],[-122.304133343351,37.8624667926044],[-122.304194197793,37.862541213304],[-122.304237957918,37.8626027647054],[-122.304274940752,37.8626670500465],[-122.304304878296,37.8627335998812],[-122.304327552015,37.8628019312735],[-122.304330816556,37.862820052614],[-122.304330660976,37.8628383583158],[-122.304327092467,37.8628564427846],[-122.304320184776,37.8628739103186],[-122.304310093483,37.8628903751087],[-122.304297038924,37.8629054738288],[-122.30428960333,37.8629139337525],[-122.30428400505,37.8629232417369],[-122.304280394273,37.8629331477702],[-122.304278867225,37.862943387452],[-122.304279465275,37.8629536891869],[-122.304282171337,37.8629637741849],[-122.304286914363,37.8629733762468],[-122.30429356755,37.8629822354686],[-122.304301951931,37.8629901189257],[-122.304311844476,37.8629968134788],[-122.304322979884,37.8630021410623],[-122.304335062278,37.8630059586838],[-122.304363177788,37.8630136119129],[-122.304421414297,37.8630272537259],[-122.304481283974,37.8630352981579],[-122.30454193696,37.8630376291964],[-122.304602509007,37.8630342135665],[-122.304709016631,37.8630265252539],[-122.30471165884,37.8630262941279],[-122.304714214713,37.863025708669],[-122.304716605111,37.8630247850651],[-122.304718761686,37.8630235520943],[-122.304720619685,37.8630220430316],[-122.304722124251,37.8630203046419],[-122.304723232216,37.8630183890857],[-122.304723910305,37.863016349423],[-122.304724139631,37.8630142495058],[-122.304723910304,37.8630121486894],[-122.304722277134,37.86300654951],[-122.304719476644,37.8630012498049],[-122.304715588874,37.8629963988617],[-122.304710726238,37.8629921369745],[-122.304706309667,37.862988248306],[-122.304702810404,37.8629838119503],[-122.304700331871,37.8629789619062],[-122.304698951411,37.8629738447634],[-122.304698709493,37.8629686152054],[-122.304699613311,37.8629634315126],[-122.304701635886,37.8629584510665],[-122.304704716064,37.8629538231547],[-122.304709636255,37.8629487257965],[-122.304715561888,37.8629443532919],[-122.304722327489,37.8629408270494],[-122.304729740601,37.8629382468938],[-122.304737592583,37.8629366865693],[-122.304745663999,37.8629361892435],[-122.304753727322,37.8629367675071],[-122.304761553224,37.8629384087694],[-122.304768924069,37.8629410626684],[-122.304775631214,37.8629446581578],[-122.304781650378,37.8629491565666],[-122.30478667759,37.8629543645406],[-122.304790582447,37.8629601471815],[-122.304793264227,37.8629663507053],[-122.30479465368,37.862972815932],[-122.304794712137,37.8629793737889],[-122.304793440496,37.8629858534048],[-122.304790870234,37.862992087506],[-122.304787069699,37.8629979124156],[-122.304782136018,37.8630031770477],[-122.304779813069,37.8630056411904],[-122.304778063888,37.863008386821],[-122.304776942434,37.863011332101],[-122.304776481082,37.8630143861989],[-122.304776695121,37.8630174582833],[-122.304777578255,37.8630204530259],[-122.304779102607,37.8630232822932],[-122.30478122231,37.8630258588509],[-122.304783873512,37.8630281044581],[-122.304786976173,37.8630299516655],[-122.304790435866,37.8630313447152],[-122.304805284575,37.8630351245649],[-122.304820713346,37.8630369268053],[-122.304836304895,37.8630367019737],[-122.304889596029,37.8630341766732],[-122.304942969901,37.8630350732935],[-122.304990573723,37.8630357064127],[-122.305038057034,37.8630329580809],[-122.305085038523,37.863026845385],[-122.305134207164,37.8630203675641],[-122.305183895614,37.8630172541073],[-122.305250020075,37.8630130245906],[-122.305315412488,37.8630041671622],[-122.30537955754,37.8629907510701],[-122.305441950712,37.8629728806357],[-122.305470203817,37.8629655988224],[-122.305499526217,37.8629618198687],[-122.305529234425,37.8629616337068],[-122.305558629671,37.8629650439342],[-122.305595743798,37.8629694578044],[-122.305633271614,37.8629695612237],[-122.305670423512,37.8629653496955],[-122.305705890979,37.8629615563522],[-122.305741668714,37.8629623270686],[-122.305776824118,37.8629676420597],[-122.305810447977,37.8629773619308],[-122.305822984528,37.8629810347614],[-122.305836080458,37.862983149966],[-122.305849429997,37.8629836589814],[-122.305862721079,37.8629825474183],[-122.305875644338,37.8629798449544],[-122.305887896703,37.8629756118443],[-122.30589919129,37.8629699479127],[-122.30592738324,37.862954523637],[-122.30595691518,37.862940765805],[-122.306002899319,37.8629174598689],[-122.306044012729,37.8628890035153],[-122.306079344395,37.8628560271692],[-122.306091306278,37.8628407413903],[-122.306100226653,37.8628242019565],[-122.306105900474,37.8628067856839],[-122.30610819824,37.8627888900728],[-122.306106487725,37.8627462927814],[-122.306098520624,37.8627041433529],[-122.306051367345,37.8625411457187],[-122.306015352177,37.8624371283262],[-122.305973025567,37.8623346163995],[-122.305924486439,37.8622338509567],[-122.305810119611,37.8620051389608],[-122.305702454531,37.8617743908991],[-122.305466199835,37.8612524981022],[-122.305413147006,37.86112867494],[-122.305366044993,37.86100334901],[-122.305324962142,37.8608766983781],[-122.305291977688,37.8607553906184],[-122.305265282194,37.8606331142883],[-122.305244920626,37.8605100744332],[-122.305231725763,37.860438596312],[-122.305212197873,37.8603680363992],[-122.305186433184,37.8602987454304],[-122.305173830978,37.860262519837],[-122.305166130078,37.8602254416859],[-122.30516341412,37.8601879255645],[-122.305167211051,37.8601242139879],[-122.305179274552,37.8600611517213],[-122.305199478716,37.859999412357],[-122.305214256373,37.8599523058632],[-122.305221595736,37.8599041147875],[-122.305221388886,37.8598555729768],[-122.305221439247,37.8598470599936],[-122.305223108388,37.8598386486336],[-122.305226356739,37.8598305349493],[-122.305231113253,37.8598229015027],[-122.305237267314,37.8598159245613],[-122.305244677728,37.8598097633049],[-122.305253176322,37.8598045598265],[-122.305271699659,37.8597929531738],[-122.305287599674,37.8597791144039],[-122.305300451885,37.8597634113394],[-122.305332695277,37.8597104493581],[-122.305358796299,37.8596554009498],[-122.305366835338,37.8596402338817],[-122.305378005817,37.8596263681324],[-122.305391985779,37.8596142101957],[-122.305408366931,37.8596041117063],[-122.305491084781,37.8595574566673],[-122.305568751138,37.8595056305265],[-122.305640854287,37.8594489768249],[-122.305669557951,37.8594279263899],[-122.305701977614,37.8594105973496],[-122.305737354249,37.8593973934997],[-122.305774856883,37.8593886242069],[-122.305813608675,37.8593844963156],[-122.305852701311,37.8593851042544],[-122.305868303652,37.8593872221569],[-122.305883255783,37.8593913437491],[-122.305897150311,37.8593973557164],[-122.305909610421,37.8594050970803],[-122.305920296168,37.8594143565001],[-122.305928917971,37.8594248812662],[-122.305935241107,37.8594363862937],[-122.306031869703,37.8596491614036],[-122.3060653209,37.8597292163583],[-122.306091546943,37.8598109467507],[-122.30611041743,37.8598939433892],[-122.306121837033,37.8599777898876],[-122.306125748195,37.8600620662625],[-122.306130282595,37.8602152064301],[-122.306143318288,37.8603680399282],[-122.30616483279,37.860520268182],[-122.306185301374,37.8606187853214],[-122.306213102132,37.8607161666166],[-122.306248137937,37.8608120694256],[-122.306320687179,37.8609992498298],[-122.306386847635,37.8611879123173],[-122.306427785696,37.8613185712278],[-122.306464018502,37.8614501006825],[-122.306495517277,37.8615823936621],[-122.306595506668,37.8620376529952],[-122.306621633788,37.8621356584199],[-122.30665656617,37.8622319236558],[-122.306700127549,37.8623259522768],[-122.306752089496,37.8624172595486],[-122.306779736465,37.8624694948733],[-122.306798943295,37.8625240576442],[-122.306809411412,37.8625800935055],[-122.306816190506,37.8626148729893],[-122.3068289411,37.8626485804808],[-122.306847421275,37.8626805774611],[-122.306864216121,37.8627095284376],[-122.306875944185,37.8627400073627],[-122.30688239053,37.8627714602541],[-122.306883438244,37.8628033160422],[-122.306884410414,37.8628325700913],[-122.306890359434,37.8628614509214],[-122.306901176485,37.8628894288318],[-122.306916664614,37.8629159921082],[-122.306930035739,37.8629397351105],[-122.30693841023,37.8629648747604],[-122.306941570451,37.8629907554522],[-122.306939433665,37.8630167026941],[-122.306938567619,37.8630264117758],[-122.306939561371,37.8630361127635],[-122.306942393338,37.8630455835245],[-122.306946997868,37.8630546073223],[-122.306953268843,37.8630629755142],[-122.306969976453,37.8630851680849],[-122.30698240239,37.8631090612741],[-122.306990278657,37.8631341406695],[-122.306993434381,37.8631598639798],[-122.306991803014,37.8631856754242],[-122.306990190533,37.8632164781062],[-122.306994906582,37.8632470784403],[-122.307005823457,37.8632766670366],[-122.307022654275,37.8633044587869],[-122.307046249796,37.8633425936403],[-122.307062600377,37.8633830433494],[-122.307071358881,37.8634249490616],[-122.307072338247,37.86346741775],[-122.307072628733,37.8635036244586],[-122.307078447351,37.8635395370884],[-122.307089710466,37.8635746259387],[-122.307106251703,37.8636083747987],[-122.307135182005,37.8636661301625],[-122.307156194675,37.8637259980345],[-122.307169051392,37.8637872976279],[-122.307189274464,37.863909354524],[-122.307215363815,37.8640307108476],[-122.307247279874,37.8641511876337],[-122.307284976776,37.864270610414],[-122.30730005122,37.8643217018018],[-122.307310640745,37.86437349646],[-122.307316695887,37.8644257470747],[-122.307320190655,37.8644458649103],[-122.307327731474,37.8644652740797],[-122.307339121392,37.8644834646674],[-122.307354063632,37.864499960932],[-122.307368222562,37.8645154013924],[-122.307379287824,37.8645323554122],[-122.307387007608,37.8645504389808],[-122.307391204746,37.8645692357122],[-122.307391785711,37.8645883202268],[-122.307393018685,37.8646193621284],[-122.307400597277,37.8646498320606],[-122.307414318239,37.8646789215329],[-122.307419760038,37.8646903914867],[-122.307422843816,37.8647024010342],[-122.30742348953,37.8647146444054],[-122.307421683693,37.8647268167305],[-122.307417468571,37.8647386068438],[-122.307410953883,37.8647497206671],[-122.30734209819,37.8648437385045],[-122.307327605615,37.86486017002],[-122.307310178552,37.8648746967715],[-122.307290207305,37.8648869959023],[-122.307268139739,37.8648967886225],[-122.307244474976,37.8649038554974],[-122.307166188083,37.8649232367942],[-122.307152140671,37.8649278107475],[-122.307139096903,37.864933973803],[-122.307127336467,37.8649415910622],[-122.30711711747,37.8649504961506],[-122.307108662944,37.8649604957139],[-122.307078307227,37.8649962977297],[-122.307041704818,37.865028219171],[-122.30700146465,37.865053904713],[-122.306956442785,37.8650739937739],[-122.306930840883,37.8650852766711],[-122.306907792156,37.8650996055721],[-122.306887866776,37.8651166270433],[-122.306871562067,37.865135917504],[-122.306847108601,37.8651644440035],[-122.306816965123,37.865189312061],[-122.30679997513,37.8652028837323],[-122.306785501441,37.8652181812027],[-122.306773822845,37.8652349112929],[-122.306765158777,37.865252755643],[-122.306747694844,37.8652877104965],[-122.306723601107,37.8653200941885],[-122.306721943656,37.865322127556],[-122.306720723276,37.865324347083],[-122.306719970544,37.8653266925151],[-122.306719707942,37.8653291062958],[-122.306719939068,37.8653315200763],[-122.306720659426,37.8653338718036],[-122.306721850128,37.8653361021224],[-122.3067234797,37.8653381498787],[-122.306725504974,37.8653399620127],[-122.306727873789,37.8653414899607],[-122.306730523192,37.8653426950522],[-122.306733382138,37.8653435449114],[-122.306736376881,37.8653440179546],[-122.306739430079,37.8653440997927],[-122.306747563549,37.8653445746342],[-122.30675550996,37.8653460297368],[-122.306763084052,37.865348430027],[-122.30677010596,37.8653517188474],[-122.306773984737,37.8653535345786],[-122.306778198061,37.8653547999244],[-122.306782620928,37.8653554771137],[-122.306787125633,37.8653555454618],[-122.306791579076,37.8653550058682],[-122.306795850856,37.8653538709234],[-122.306799815967,37.8653521757009],[-122.306803359297,37.8653499696635],[-122.306806375623,37.865347316663],[-122.306808776813,37.8653442958398],[-122.306810494518,37.8653409935289],[-122.306816826644,37.8653283823343],[-122.306825146272,37.865316517577],[-122.306830598862,37.8653108500486],[-122.306837172007,37.8653059865141],[-122.306844680447,37.8653020645697],[-122.306852911943,37.8652991957316],[-122.30686163267,37.8652974609386],[-122.306870597113,37.8652969087541],[-122.306879551664,37.8652975544667],[-122.306888242714,37.8652993809894],[-122.306952180926,37.8653165931107],[-122.306958326894,37.8653185590284],[-122.306963992624,37.8653212857727],[-122.306969029728,37.865324702297],[-122.306973305106,37.8653287168707],[-122.306976705444,37.8653332269708],[-122.306979145305,37.8653381129878],[-122.306980557242,37.8653432472176],[-122.30698090528,37.8653484947622],[-122.306979495144,37.8653604485519],[-122.306975745872,37.8653720812838],[-122.30696975189,37.8653831069734],[-122.306961658891,37.8653932549248],[-122.306926242689,37.8654275712609],[-122.30688710509,37.8654592426909],[-122.306844555463,37.8654880192032],[-122.306806734471,37.865508120854],[-122.306765681315,37.8655237348877],[-122.306722235961,37.8655345429441],[-122.306677288738,37.8655403219914],[-122.306631761452,37.8655409551175],[-122.306586587599,37.8655364279332],[-122.306562872473,37.8655342560721],[-122.306539033241,37.865535228241],[-122.306515724609,37.865539319259],[-122.30649359409,37.8655464131135],[-122.306473250524,37.8655563155509],[-122.306455257786,37.8655687540765],[-122.306429208023,37.8655938982255],[-122.306409027236,37.8656222322697],[-122.306395320671,37.8656529027524],[-122.306388502014,37.8656849887675],[-122.306388774512,37.8657175271411],[-122.306396130971,37.8657495376121],[-122.30641708968,37.8657981720515],[-122.306445887781,37.8658442173419],[-122.306482031544,37.86588688208],[-122.306524900438,37.8659254351168],[-122.306539406506,37.8659353087733],[-122.306555618588,37.8659433433159],[-122.306573168861,37.8659493561823],[-122.306591659825,37.8659532106756],[-122.306610670597,37.8659548195615],[-122.3066297713,37.8659541477664],[-122.30665601622,37.8659532259594],[-122.306682144227,37.8659553969211],[-122.306707577059,37.8659606129875],[-122.306731756236,37.8659687572468],[-122.306754052233,37.8659761568676],[-122.306777545226,37.8659806651677],[-122.306801641665,37.8659821670338],[-122.306825734506,37.8659806237953],[-122.306849215808,37.8659760768209],[-122.306871492017,37.865968638526],[-122.30697454624,37.8659226040178],[-122.307037133664,37.8658891150561],[-122.307095578809,37.8658512122217],[-122.307149387049,37.8658092156734],[-122.307198103326,37.8657634788448],[-122.307241316651,37.865714390243],[-122.307279995593,37.8656697964535],[-122.307322895954,37.8656277009805],[-122.307369760528,37.8655883511377],[-122.307420312323,37.8655519807488],[-122.307468733624,37.8655236718836],[-122.307521307097,37.8655004765636],[-122.307577174788,37.8654827752022],[-122.307635430179,37.8654708528846],[-122.307695126285,37.8654649047637],[-122.307718451105,37.8654623147143],[-122.307740973729,37.8654568540287],[-122.307762135679,37.8654486567061],[-122.30778141085,37.8654379259931],[-122.307798320803,37.8654249289885],[-122.307811917654,37.8654145076428],[-122.307827442652,37.8654059460951],[-122.307844495598,37.8653994628807],[-122.307862636725,37.8653952261729],[-122.307881399283,37.8653933438903],[-122.308208918031,37.8653842894912],[-122.308281344943,37.8653799664444],[-122.308352798787,37.8653696377246],[-122.308422489959,37.8653534175457],[-122.308489645941,37.8653314848729],[-122.308566712452,37.865305039401],[-122.308645911258,37.8652829088765],[-122.308726861044,37.86526519852],[-122.308924869301,37.8652303398808],[-122.309124179777,37.8652005039555],[-122.309179231783,37.8651907579977],[-122.309232811599,37.8651767726354],[-122.309284399415,37.8651586845658],[-122.309333497907,37.8651366682574],[-122.309366770128,37.8651228420767],[-122.309402424654,37.8651134594464],[-122.309439520794,37.8651087694788],[-122.309493424366,37.8651038070154],[-122.309546684923,37.8650955656236],[-122.309598986802,37.8650840965648],[-122.309662770326,37.8650648492681],[-122.30972346198,37.8650401062141],[-122.309780313527,37.8650101722732],[-122.309832619,37.8649754197646],[-122.309868875171,37.8649527667371],[-122.309909496653,37.8649353792402],[-122.309953277454,37.8649237752837],[-122.309998919853,37.8649182984087],[-122.310042495609,37.8649137928016],[-122.310084967897,37.864904854436],[-122.310275170935,37.864855371021],[-122.310466253511,37.8648080612675],[-122.310575767567,37.8647841455863],[-122.310686734029,37.8647648964875],[-122.310798838135,37.8647503697291],[-122.310911761523,37.8647406057806],[-122.310974010805,37.8647341936093],[-122.311035214175,37.8647231391373],[-122.311094823046,37.8647075412901],[-122.311152302322,37.8646875394626],[-122.311207135791,37.8646633144186],[-122.311237103002,37.8646463289195],[-122.311263989136,37.8646263630671],[-122.311287325645,37.8646037648992],[-122.311306704236,37.8645789274195],[-122.311313791793,37.8645700223313],[-122.311322536801,37.8645620984034],[-122.31133272702,37.8645553471916],[-122.311344117834,37.8645499323722],[-122.311356429554,37.8645459852465],[-122.311369366304,37.8645436029413],[-122.311378896421,37.8645418672489],[-122.311387969682,37.864538974129],[-122.311396361257,37.8645349955273],[-122.311403866999,37.864530026772],[-122.311410303447,37.8645241892717],[-122.31141551232,37.8645176287165],[-122.311419365016,37.864510503387],[-122.311470091271,37.8644025982187],[-122.311476044782,37.8643876613772],[-122.311479157334,37.8643721912378],[-122.311479361478,37.8643565277444],[-122.311476651819,37.8643410108408],[-122.31147108861,37.8643259795712],[-122.311462791462,37.8643117621885],[-122.311452187552,37.8642937694515],[-122.311444869765,37.8642747757689],[-122.311440983792,37.8642551552585],[-122.311440604276,37.8642352973268],[-122.311439735526,37.8641944501162],[-122.311431471649,37.8641541254122],[-122.311415982619,37.8641151613832],[-122.311393591291,37.8640783665196],[-122.311374847615,37.8640481528951],[-122.311361163525,37.8640162773228],[-122.311352767449,37.863983270403],[-122.311349799682,37.8639496825206],[-122.311347050451,37.8639215796039],[-122.311339224546,37.86389408373],[-122.311326484745,37.8638677686663],[-122.311309095448,37.8638431812008],[-122.311278897104,37.8638025156554],[-122.311254056021,37.8637596296833],[-122.311234829407,37.8637149684489],[-122.311213785261,37.8636480247105],[-122.311198519259,37.8635801025091],[-122.31119523493,37.8635462960915],[-122.311199325043,37.8635125454314],[-122.31121066819,37.8634798532728],[-122.311228927125,37.8634491935818],[-122.311253558657,37.8634214746736],[-122.311283830738,37.8633975230253],[-122.311318841348,37.8633780500009],[-122.31135755267,37.8633636356631],[-122.311398809973,37.86335470719],[-122.311464427216,37.8633453893087],[-122.311530526497,37.8633385400666],[-122.311771723803,37.8633153555247],[-122.312011981318,37.8632866941111],[-122.312267648717,37.8632513570283],[-122.312522479747,37.8632124118652],[-122.312776394366,37.863169873011],[-122.312831317769,37.8631575909647],[-122.312884074704,37.8631403473585],[-122.312933955607,37.8631183724189],[-122.312980289582,37.8630919620227],[-122.313030447473,37.8630570970991],[-122.31307704315,37.8630192536208],[-122.313119796922,37.8629786573179],[-122.313134451375,37.8629659112244],[-122.313151592455,37.8629552911282],[-122.313170734526,37.862947097403],[-122.313191337097,37.8629415602752],[-122.313212818307,37.8629388362269],[-122.313295384176,37.8629315661008],[-122.31337713346,37.8629198524242],[-122.313457685746,37.8629037491564],[-122.313536666016,37.8628833309412],[-122.313575195676,37.8628748494314],[-122.313614925031,37.8628712440462],[-122.31365487652,37.8628726038183],[-122.313694069881,37.862878895473],[-122.313796258064,37.8629015835639],[-122.31385834547,37.8629124752496],[-122.313921496774,37.8629183837913],[-122.313985077053,37.8629192534311],[-122.314048446891,37.8629150715786],[-122.314110970466,37.8629058814013],[-122.31417202095,37.8628917755293],[-122.31436970455,37.8628351757779],[-122.314565490579,37.8627745731438],[-122.314742334185,37.8627145757549],[-122.31491612639,37.8626492193058],[-122.315086612686,37.8625785991244],[-122.315173335219,37.8625386206525],[-122.315257326509,37.8624951330259],[-122.315307788373,37.8624638752833],[-122.315353208635,37.8624280840581],[-122.315392942483,37.8623882692664],[-122.31542642784,37.8623449920848],[-122.315500040046,37.8622387560567],[-122.315516262916,37.8622116432922],[-122.315527499943,37.8621829872914],[-122.315533524499,37.862153360023],[-122.315539450129,37.862120550953],[-122.315549723083,37.8620884226695],[-122.315580545544,37.8620211326882],[-122.31561925686,37.8619564561365],[-122.315665508992,37.861894970379],[-122.315718886455,37.8618372267004],[-122.315761004406,37.8617938892636],[-122.315800566482,37.8617490616503],[-122.315848029103,37.8616871774931],[-122.315888884402,37.8616223975191],[-122.315922855391,37.8615551659936],[-122.315929592211,37.8615347675688],[-122.315931945734,37.8615137647998],[-122.315929853009,37.8614927458434],[-122.315923370693,37.8614722961581],[-122.315898574576,37.861423100542],[-122.315867669363,37.8613761289499],[-122.31577338531,37.861243322462],[-122.315685350646,37.861107847685],[-122.315603684082,37.8609698880805],[-122.315576565015,37.8609145986578],[-122.315556475949,37.8608574548324],[-122.315543614736,37.8607990159827],[-122.315519663972,37.8606639791708],[-122.315490120323,37.8605296411326],[-122.315455018864,37.8603961457596],[-122.315446458211,37.8603554406424],[-122.315443775528,37.8603142292065],[-122.315447002291,37.8602730420518],[-122.315456097132,37.8602324097785],[-122.315466589518,37.860182894001],[-122.31546876857,37.8601327136252],[-122.315462597415,37.8600827436914],[-122.315454229215,37.8600236186585],[-122.315453624864,37.859964124903],[-122.315460789757,37.8599049009435],[-122.31547378855,37.8598230734216],[-122.315482191807,37.8597408699832],[-122.31548738359,37.8597123803574],[-122.315498682671,37.8596850256756],[-122.315515750904,37.8596596207238],[-122.315538078373,37.8596369227311],[-122.315567912484,37.8596076587871],[-122.315592473868,37.8595754603555],[-122.315602159566,37.8595571834313],[-122.315608119372,37.8595379307429],[-122.315610206696,37.8595181744345],[-122.315608369379,37.8594984037371],[-122.315593744592,37.8594198101795],[-122.31557648569,37.8593372056453],[-122.315567234357,37.8592859883519],[-122.315563814229,37.8592343204977],[-122.315565052594,37.8592178575069],[-122.31556907526,37.8592016778023],[-122.315575810282,37.8591860736638],[-122.315585135352,37.8591713319748],[-122.315644303548,37.8590976648983],[-122.315660466164,37.8590813538919],[-122.315679123501,37.8590668118518],[-122.315691972116,37.8590593276922],[-122.315706161621,37.8590535630364],[-122.315721328689,37.8590496644738],[-122.315737085712,37.8590477336281],[-122.315782056317,37.8590425004694],[-122.315825621281,37.8590322239123],[-122.315831555908,37.8590308389558],[-122.315837685688,37.8590301770543],[-122.315843871226,37.8590302525969],[-122.315849972228,37.8590310655837],[-122.315855849299,37.8590325953301],[-122.315861370238,37.8590348094608],[-122.315866408241,37.8590376558149],[-122.315886245491,37.859049352397],[-122.315907578314,37.8590592566299],[-122.315963879482,37.8590857416622],[-122.316015713719,37.8591174445619],[-122.3160623148,37.8591538985805],[-122.316091850341,37.8591759697418],[-122.316125625287,37.8591938149882],[-122.316162688154,37.8592069315986],[-122.316213828112,37.859220288327],[-122.316217316583,37.8592209403353],[-122.316220891388,37.8592211237967],[-122.316224456301,37.8592208324161],[-122.316227910598,37.8592200769853],[-122.316231157151,37.8592188745914],[-122.316234107827,37.8592172621066],[-122.31623667719,37.8592152826984],[-122.316238797791,37.8592129921248],[-122.316240406678,37.8592104524391],[-122.316241461583,37.8592077373855],[-122.316250634665,37.8591671716619],[-122.316252923436,37.8591327770873],[-122.316248962817,37.8590984769419],[-122.316247369216,37.8590856490113],[-122.316247903412,37.8590727653225],[-122.316250555512,37.8590600489076],[-122.316253518777,37.8590524028707],[-122.316257814839,37.859045165126],[-122.316263355562,37.8590384804642],[-122.31627003123,37.8590324837839],[-122.316277709642,37.8590272937954],[-122.316282214346,37.8590250418924],[-122.316287094968,37.8590233529651],[-122.316292240889,37.8590222656843],[-122.3162975334,37.8590218034323],[-122.316302854689,37.8590219787998],[-122.31630808155,37.8590227854913],[-122.31631527253,37.8590248089656],[-122.316321944602,37.8590277470504],[-122.316327910706,37.859031518807],[-122.316333009863,37.8590360208131],[-122.316337099981,37.8590411289625],[-122.316340068644,37.8590467029607],[-122.316341834914,37.8590525890239],[-122.316361440146,37.8591270744777],[-122.316371353379,37.8591660663862],[-122.316376066731,37.8592056680354],[-122.316377912141,37.8592176011405],[-122.316382183024,37.8592291376443],[-122.316388759768,37.8592399699788],[-122.316397471503,37.8592498103608],[-122.31642340526,37.8592716396047],[-122.316440010346,37.859285957711],[-122.316453636878,37.859302133817],[-122.316463956602,37.8593197803148],[-122.316470725802,37.8593384781206],[-122.316473780802,37.859357777573],[-122.31648083599,37.8594073967711],[-122.316495641537,37.8594559295876],[-122.316517966316,37.8595026205918],[-122.316546690673,37.8595597059606],[-122.316568776234,37.8596186196518],[-122.316584044034,37.8596788769307],[-122.316592366368,37.8597399813715],[-122.316602154599,37.8598122886679],[-122.316620029535,37.8598836157026],[-122.316645849083,37.8599533977014],[-122.316677414402,37.8600341999929],[-122.316702887712,37.8601163431742],[-122.316722179082,37.8601995376634],[-122.316735221062,37.8602834929797],[-122.316748745079,37.8603691273303],[-122.316769077864,37.8604539127204],[-122.316796137579,37.8605375074074],[-122.316829818104,37.8606195768436],[-122.316866584203,37.8607072715396],[-122.316897708855,37.8607963287089],[-122.316923112919,37.8608865208232],[-122.316942730743,37.8609776149579],[-122.31696420567,37.8610817024985],[-122.316990460494,37.8611850984601],[-122.317021460141,37.8612876661457],[-122.317090826686,37.8615113356458],[-122.317153218088,37.861736293875],[-122.317208594777,37.8619624041364],[-122.317256925276,37.862189527035],[-122.317297127698,37.8623789026868],[-122.317309711019,37.8624213677771],[-122.317327827869,37.8624625567288],[-122.317351280397,37.8625020171831],[-122.317379807801,37.8625393156667],[-122.317420196365,37.862581767265],[-122.317465646314,37.8626208697875],[-122.317519827782,37.8626659671906],[-122.317570184434,37.8627137697549],[-122.317616501331,37.8627640751329],[-122.317692417624,37.8628558806274],[-122.317706087323,37.8628759552947],[-122.317716189412,37.8628973150937],[-122.317722539528,37.8629195652217],[-122.317725017163,37.8629422928902],[-122.31772897149,37.8630009862487],[-122.317738047456,37.8630593216768],[-122.317747510132,37.8631223362777],[-122.317750760289,37.8631857429836],[-122.317747777245,37.8632491586831],[-122.317745707012,37.8633067953386],[-122.31775058854,37.863364324075],[-122.31775999096,37.8634287650008],[-122.317765064041,37.8634616909819],[-122.317765990344,37.8634715322638],[-122.317764791548,37.8634813546601],[-122.31776150003,37.8634908721863],[-122.317759472959,37.8634964416883],[-122.317758472913,37.8635021838602],[-122.317758521477,37.8635079799912],[-122.317759616852,37.8635137122703],[-122.317766654952,37.8635505727856],[-122.31776692925,37.863587854184],[-122.317767612739,37.8636215517838],[-122.31777527137,37.8636547016959],[-122.317781039625,37.8636788979572],[-122.317782053164,37.8637035088063],[-122.317778289504,37.8637279505831],[-122.317775841551,37.8637441500726],[-122.317776650043,37.8637604529839],[-122.317780696995,37.8637764492263],[-122.317785781765,37.8637944185811],[-122.317788287278,37.86381272788],[-122.317791889075,37.8639131740667],[-122.31778954995,37.8640136436361],[-122.317789248682,37.864056133009],[-122.31779284058,37.8640985270535],[-122.317804268275,37.8641662981691],[-122.31780748875,37.8641890150456],[-122.317807823301,37.8642118731159],[-122.317807111944,37.8642706087429],[-122.317810695749,37.8643292778198],[-122.317823609135,37.8644857832502],[-122.317831776797,37.8646424892297],[-122.317834598873,37.8646642932943],[-122.317841381563,37.8646855406782],[-122.317845358367,37.8646974081326],[-122.31784749246,37.8647095687661],[-122.317847753265,37.8647218454124],[-122.317847284722,37.8647526696781],[-122.31784926863,37.8647834579708],[-122.317853081762,37.8648333694488],[-122.317854143867,37.8648833654634],[-122.317856917381,37.8649192502144],[-122.317865643508,37.8649545297212],[-122.317875644875,37.8649943696904],[-122.317879206196,37.8650348940442],[-122.31788232146,37.8651433540903],[-122.317889998087,37.8652516711439],[-122.317914622463,37.8655540601111],[-122.317932869745,37.8658567332646],[-122.317937382554,37.8659415941989],[-122.317938305259,37.8659478759638],[-122.317940463633,37.8659539643744],[-122.317943803716,37.8659597083445],[-122.317948242771,37.8659649630834],[-122.317953668383,37.8659695981892],[-122.317959947451,37.8659734994481],[-122.317966922594,37.865976568834],[-122.317974744898,37.8659790158889],[-122.317982882865,37.8659806967213],[-122.318033186452,37.8659920524581],[-122.318039044637,37.8659941955422],[-122.318044443269,37.8659969960309],[-122.318049266334,37.8660003945689],[-122.318053409512,37.8660043147137],[-122.31805678197,37.8660086764257],[-122.318069113479,37.8660316909772],[-122.318076846753,37.8660559331037],[-122.318079408924,37.8660745310849],[-122.318079047399,37.8660932369851],[-122.318075768472,37.866111763021],[-122.3180704274,37.866126332939],[-122.318062146443,37.8661400125284],[-122.318051149532,37.8661524303691],[-122.318022601452,37.8661768037993],[-122.317990876066,37.8661985691955],[-122.317956347492,37.8662174639558],[-122.317881758614,37.8662496587939],[-122.317803403373,37.8662756312224],[-122.317736843641,37.8662924224707],[-122.317668908845,37.8663052971711],[-122.317599965908,37.8663141869753],[-122.31754693288,37.8663171475476],[-122.31749380722,37.8663155305704],[-122.317441217556,37.8663093576272],[-122.31740809552,37.866302105496],[-122.317376523914,37.8662913550017],[-122.3173470855,37.8662773048944],[-122.317340549226,37.8662730735843],[-122.317334895187,37.866268107528],[-122.317330251986,37.8662625209393],[-122.317323129353,37.8662505815394],[-122.317318055375,37.8662380000233],[-122.317315118188,37.8662249994229],[-122.317314368151,37.8662118054682],[-122.317313333926,37.8661736508279],[-122.317308240161,37.8661357021328],[-122.317306070094,37.8661091073792],[-122.317309525286,37.8660825980609],[-122.317318509512,37.8660569161184],[-122.317328728507,37.8660302395256],[-122.317334878069,37.866002789516],[-122.317335726127,37.8659849361732],[-122.317333035353,37.865967197944],[-122.317326872296,37.865950012798],[-122.317307391174,37.8659017731609],[-122.317271951573,37.8658025095852],[-122.317233616155,37.8657039240985],[-122.317163183019,37.8655246559302],[-122.317096693412,37.865344445272],[-122.31705578773,37.8652412201828],[-122.317007504909,37.8651400167701],[-122.316978686123,37.8650797163248],[-122.316954178687,37.8650182278746],[-122.316934057245,37.864955748371],[-122.316915209244,37.8648991378436],[-122.316891242301,37.8648437584885],[-122.316862281423,37.8647898989882],[-122.316825299488,37.8647228815065],[-122.31679288611,37.8646543927334],[-122.316765136617,37.8645846287213],[-122.316709800407,37.8644363439977],[-122.316651147496,37.8642888623688],[-122.316642517599,37.8642723831909],[-122.316630648343,37.8642572224195],[-122.316615850894,37.8642437766555],[-122.31659851376,37.8642323993327],[-122.316539414799,37.8642024932792],[-122.316477211379,37.8641768482142],[-122.316412389133,37.8641556646864],[-122.316357112293,37.8641417890494],[-122.316300608779,37.8641314702316],[-122.316243245513,37.8641247756819],[-122.316031807672,37.8641105529181],[-122.315945753331,37.8641090573517],[-122.315859837486,37.8641131960384],[-122.315757545884,37.8641240859375],[-122.315656321779,37.8641400588051],[-122.315556567166,37.864161052588],[-122.315379698377,37.8642006272708],[-122.315201334014,37.8642357323229],[-122.315021653943,37.8642663335698],[-122.314866767284,37.8642927826448],[-122.314713058737,37.8643232471929],[-122.314560694678,37.8643576966372],[-122.314409838783,37.8643960914076],[-122.314254420626,37.8644351723609],[-122.314097160657,37.8644693115395],[-122.313938310685,37.8644984549838],[-122.313663498517,37.8645470192977],[-122.313390215197,37.8646007286335],[-122.313118610912,37.8646595515146],[-122.31303396671,37.8646775190775],[-122.312948606648,37.8646932167513],[-122.312914426111,37.8647004293173],[-122.312881301378,37.8647102643064],[-122.312796438642,37.8647360289921],[-122.312709163923,37.8647561000696],[-122.312644425318,37.8647707284479],[-122.312581233548,37.8647891222879],[-122.312555038092,37.864795792562],[-122.312527849785,37.8647991443375],[-122.312500335023,37.8647990975748],[-122.312487479212,37.8647991092668],[-122.31247479787,37.8648007748124],[-122.312462624645,37.8648040483458],[-122.31241967302,37.8648187837419],[-122.312516915849,37.8649950625615],[-122.312016879246,37.8651684195274],[-122.312010655935,37.8651571249413],[-122.311894075907,37.8651975530765],[-122.31181342018,37.8650513358961],[-122.311755343755,37.8650780205864],[-122.311701993269,37.8651103161469],[-122.311660156805,37.8651421314687],[-122.311622468914,37.865177053948],[-122.311612753538,37.8651888386658],[-122.31160554817,37.8652017079658],[-122.31160103987,37.8652153246024],[-122.31159934375,37.8652293396384],[-122.311600799757,37.865270426968],[-122.311606828818,37.8653112498966],[-122.311613766192,37.8653383194919],[-122.311623386245,37.8653648674802],[-122.31162675061,37.8653713219148],[-122.311631296684,37.8653773033059],[-122.311636920146,37.8653826785538],[-122.31164349689,37.8653873253507],[-122.311650876728,37.8653911393753],[-122.311676332943,37.8654034906634],[-122.31170032776,37.8654175605562],[-122.311733571207,37.8654414897168],[-122.311763149917,37.8654682724266],[-122.311788674483,37.8654975588496],[-122.311809813054,37.8655289649752],[-122.311835676665,37.8655649567438],[-122.31186881759,37.8655969816021],[-122.311902275077,37.8656285514034],[-122.311929557818,37.8656636573396],[-122.311950080355,37.8657015448797],[-122.311990754909,37.8657886235397],[-122.312036183279,37.8658742111232],[-122.312086282729,37.8659581457524],[-122.312126546291,37.866029616677],[-122.312158770812,37.866103605704],[-122.312193764347,37.8661903516152],[-122.312233293164,37.8662758654549],[-122.312277286217,37.8663599979353],[-122.312319221619,37.8664396113222],[-122.312357462607,37.8665203866336],[-122.312365592481,37.8665350293957],[-122.312376370859,37.866548553401],[-122.312389561218,37.8665606627724],[-122.312425590767,37.8665931795597],[-122.312455924908,37.8666291659321],[-122.312480038438,37.8666679968608],[-122.312556702073,37.8668075006018],[-122.312639926263,37.8669446202394],[-122.312675260639,37.8670044692246],[-122.312706078618,37.8670658677421],[-122.312732272284,37.867128600854],[-122.31277274719,37.8672303897259],[-122.312817128751,37.8673311488737],[-122.312860521956,37.8674171051794],[-122.312910214012,37.8675008914204],[-122.312966031352,37.867582218015],[-122.312996721625,37.8676188123291],[-122.313032752073,37.8676522095528],[-122.313073595693,37.8676819204546],[-122.313118658032,37.8677075133602],[-122.313167283486,37.8677286150509],[-122.313235621183,37.8677537744815],[-122.313310141719,37.8677782863997],[-122.313386617382,37.867798666832],[-122.313464683945,37.8678148159536],[-122.313520772872,37.8678269819791],[-122.313575200752,37.8678432102428],[-122.313621101258,37.8678567423394],[-122.313668478451,37.86786656743],[-122.313716857489,37.8678725856902],[-122.313756576053,37.8678778458223],[-122.313795214533,37.867886842638],[-122.313832213548,37.8678994457354],[-122.313864979454,37.8679103068463],[-122.31389933536,37.8679174357702],[-122.313934611273,37.867920694911],[-122.313979223949,37.8679239927219],[-122.31402324667,37.8679306153267],[-122.314066281936,37.8679405042697],[-122.314224162446,37.8679851654939],[-122.314277716184,37.8679976633695],[-122.314332940862,37.8680041447799],[-122.314388766287,37.8680044811223],[-122.314424184292,37.8680038228159],[-122.314459560929,37.8680053318759],[-122.314480041193,37.868005520732],[-122.314500292129,37.8680030898628],[-122.314519784038,37.8679981013216],[-122.314532967201,37.867994489643],[-122.314546605422,37.8679921657936],[-122.314560496352,37.8679911648471],[-122.3145710472,37.8679916064135],[-122.314581344439,37.867993485996],[-122.314591076904,37.86799674334],[-122.314599957711,37.868001282218],[-122.314607715265,37.8680069686312],[-122.314614121138,37.8680136299097],[-122.314654503408,37.8680683464632],[-122.314681885076,37.8681134744452],[-122.314704342055,37.868160281462],[-122.314722534449,37.8682075084625],[-122.314737776167,37.8682553865724],[-122.314761796173,37.8683394659943],[-122.314817083825,37.8685298434898],[-122.314854204262,37.868650614354],[-122.314887171624,37.8687369609662],[-122.3149242336,37.8688209900252],[-122.314953861778,37.8688945356867],[-122.314978701064,37.8689552174449],[-122.314986177131,37.868969494183],[-122.314995511197,37.8689830658525],[-122.31500457187,37.8689931679372],[-122.315015231536,37.869002234902],[-122.315022549322,37.8690071487975],[-122.315030474149,37.8690114322682],[-122.315054558898,37.8690211980053],[-122.315085199705,37.8690294582768],[-122.315119757959,37.8690347534829],[-122.315150229692,37.8690367274927],[-122.31518080215,37.8690365898942],[-122.315225085673,37.8690337992944],[-122.315269078715,37.8690289096768],[-122.315378182681,37.8690118081593],[-122.315447526715,37.8689970916471],[-122.315530296729,37.8689745159578],[-122.315597089385,37.8689567219654],[-122.315737258636,37.8689253365125],[-122.31582751101,37.8689075209347],[-122.31606596808,37.8688650675172],[-122.316347609701,37.8688133321929],[-122.316453084003,37.8687958475645],[-122.316558547513,37.8687783701306],[-122.316657419891,37.8687583296293],[-122.316753457605,37.8687389276468],[-122.316952750094,37.8687041211682],[-122.317172026421,37.8686641777601],[-122.31720934919,37.8686587314627],[-122.317247074856,37.8686554750145],[-122.317286199867,37.8686521457211],[-122.317324929176,37.8686466265784],[-122.317365293452,37.8686385659513],[-122.317404351913,37.8686285277149],[-122.317426900617,37.8686211244936],[-122.317448507731,37.8686121267742],[-122.317465386209,37.8686053108106],[-122.317483157714,37.8686001154254],[-122.317578145919,37.8685790155229],[-122.317736508456,37.8685418537226],[-122.317781704791,37.8685302479673],[-122.317786173522,37.8685289115743],[-122.31780772218,37.8685218617866],[-122.317844589892,37.8685079141971],[-122.317879586113,37.8684912101855],[-122.317928434593,37.8684633896522],[-122.317974879184,37.8684330905872],[-122.318012161481,37.8684057395008],[-122.318047653227,37.8683769297141],[-122.318066916706,37.8683589801425],[-122.318084152214,37.8683397787146],[-122.318121968706,37.8682922846113],[-122.31815547115,37.8682477474795],[-122.31819714933,37.8681898365279],[-122.318233984661,37.868137125457],[-122.318271783166,37.8680778241537],[-122.318327073482,37.8679789194008],[-122.318346093242,37.8679405642103],[-122.318362827825,37.8679015462195],[-122.318369472015,37.8678815551877],[-122.3183737339,37.8678611603603],[-122.318378214318,37.8678163894069],[-122.318379291699,37.8677532749804],[-122.318375197966,37.8676011582413],[-122.318367466473,37.8674279209225],[-122.31836123866,37.867365977414],[-122.318356749242,37.8673477301685],[-122.318348603179,37.8673302986085],[-122.31834232501,37.8673212100596],[-122.318334611523,37.8673128445658],[-122.318325594918,37.8673053433206],[-122.318301796153,37.8672891483297],[-122.318252096008,37.8672588115002],[-122.318200788775,37.867230764345],[-122.3181658582,37.8672110278243],[-122.318156132929,37.8672040598772],[-122.318147633434,37.8671961485412],[-122.318137098773,37.8671838044465],[-122.318128016517,37.8671707543839],[-122.318122771669,37.8671604949175],[-122.318119487343,37.8671497363273],[-122.31811706097,37.8671331195526],[-122.318116684152,37.8671163930605],[-122.318118802053,37.867099984029],[-122.31812385894,37.8670839841887],[-122.318133416934,37.8670647063191],[-122.318145677391,37.8670464150056],[-122.318160729345,37.8670296840158],[-122.318178751759,37.86701491085],[-122.318201514501,37.8670008850205],[-122.318226433818,37.8669893925813],[-122.318250648967,37.8669814722497],[-122.318276008053,37.866976266072],[-122.318301072162,37.8669740177649],[-122.31832628376,37.8669746275035],[-122.318357295986,37.8669790000053],[-122.318387153484,37.8669869563059],[-122.318413880441,37.866997881269],[-122.31843815135,37.8670119547591],[-122.318463187582,37.8670303458947],[-122.318486376607,37.8670502011267],[-122.318503320738,37.8670674663116],[-122.318518125382,37.8670859257963],[-122.318553591058,37.8671403464732],[-122.31857374757,37.8671809877376],[-122.318596784615,37.8672444043345],[-122.318602695863,37.8672725216402],[-122.318607636745,37.8673276437906],[-122.318613430187,37.8673947368176],[-122.318628888653,37.8675410394383],[-122.318639236262,37.867615324344],[-122.318654749579,37.867694555521],[-122.318663077306,37.8677259922244],[-122.31867390335,37.867756946891],[-122.318683339041,37.8677775107899],[-122.31869515254,37.8677972877818],[-122.318719261573,37.867832124821],[-122.318763427292,37.8678929873416],[-122.318856427113,37.8680166396296],[-122.318901414811,37.8680664332935],[-122.318972578184,37.8681429530102],[-122.319070721227,37.8682547998964],[-122.319140341363,37.8683328034948],[-122.319184666261,37.8683808893459],[-122.319209906641,37.8684057762851],[-122.319237379137,37.8684291298799],[-122.319276170504,37.8684614308297],[-122.319312772021,37.8684952992981],[-122.319379221146,37.8685615091863],[-122.319441210533,37.8686259734907],[-122.319503783579,37.8686965172125],[-122.319550186811,37.8687477021276],[-122.319607082435,37.8688019906025],[-122.319674643122,37.8688658208844],[-122.319829394005,37.8690233434376],[-122.319952807103,37.8691432491475],[-122.320081928199,37.8692716525517],[-122.32017196295,37.8693597573346],[-122.320245685794,37.8694353822256],[-122.320324270374,37.869516210594],[-122.3204765742,37.8696652678284],[-122.320604692553,37.8697928825271],[-122.320667513811,37.869853319667],[-122.32080002805,37.8699768010809],[-122.320955002862,37.8701171789573],[-122.321039252272,37.8701969560178],[-122.32110099974,37.8702580244818],[-122.321220263366,37.8703799365797],[-122.321361826586,37.8705229215918],[-122.321439899451,37.8705956866381],[-122.321533541383,37.8706819091396],[-122.321560693722,37.8707099616925],[-122.32158600245,37.8707390745463],[-122.321601972615,37.8707568244658],[-122.321619742324,37.870773462823],[-122.32175577471,37.87088920557],[-122.321885059481,37.8709998392684],[-122.321934103122,37.8710392682445],[-122.321975010594,37.8710725305694],[-122.322000357992,37.8710970029211],[-122.32201795683,37.8711183852025],[-122.322078350821,37.8712004987036],[-122.322188068142,37.8713271655182],[-122.322334612707,37.8714606464939],[-122.322483257189,37.8715968479187],[-122.32258550384,37.8717135430502],[-122.322745440219,37.8719091024321],[-122.322860333141,37.8720558574046],[-122.322992377939,37.8722292736793],[-122.323121794916,37.8723863132985],[-122.323237349741,37.8725486301408],[-122.323367443911,37.8727375435345],[-122.323470076372,37.8728628820509],[-122.323569546813,37.8729635071955],[-122.323696056277,37.8730830288947],[-122.323769596559,37.8731692603908],[-122.323914574508,37.873326526638],[-122.324009057308,37.8734288784816],[-122.32410735953,37.8735300180386],[-122.324305726646,37.8737470487334],[-122.324486256603,37.8739458303849],[-122.324646612961,37.874102583118],[-122.32474109756,37.8742049385589],[-122.32482251141,37.8743004744411],[-122.324861091438,37.8743542440085],[-122.324888784271,37.8743988917525],[-122.324900631946,37.8744361830426],[-122.324903107784,37.8744704849867],[-122.324891593766,37.8745008991623],[-122.32487001993,37.8745336353884],[-122.318641229227,37.8758873692453]]]},"properties":{"FID":7,"Shape_Leng":0.160592854949,"Name":"Berkeley Marina","Num_Units":0,"Calc_Area":423.2538607775,"Shape__Area":18447489.66015625,"Shape__Length":53822.980757054844}},{"type":"Feature","id":8,"geometry":{"type":"Polygon","coordinates":[[[-122.297524016622,37.8678011474267],[-122.299501031484,37.8741161737206],[-122.305477946331,37.8728047970547],[-122.307064335108,37.8782638000194],[-122.295779020091,37.8803424121582],[-122.294085494166,37.8749100174448],[-122.292057369967,37.868955276683],[-122.297524016622,37.8678011474267]]]},"properties":{"FID":8,"Shape_Leng":0.0474643680275,"Name":"Northwest Berkeley","Num_Units":791,"Calc_Area":239.5280556075,"Shape__Area":10439743.14453125,"Shape__Length":15459.49799030863}},{"type":"Feature","id":9,"geometry":{"type":"Polygon","coordinates":[[[-122.295779020091,37.8803424121582],[-122.307064335108,37.8782638000194],[-122.308124451126,37.8819118245793],[-122.307550691657,37.8818143390029],[-122.306790751837,37.8819363959562],[-122.302413889328,37.8823689576268],[-122.300043683515,37.8829066409128],[-122.29863981281,37.8828895781773],[-122.296934098171,37.8834356287075],[-122.296750132828,37.883457475054],[-122.295779020091,37.8803424121582]]]},"properties":{"FID":9,"Shape_Leng":0.0300974984053,"Name":"Gilman","Num_Units":297,"Calc_Area":91.3380822258,"Shape__Area":3980942.796875,"Shape__Length":9242.8434237971833}},{"type":"Feature","id":10,"geometry":{"type":"Polygon","coordinates":[[[-122.297524016622,37.8678011474267],[-122.303648152311,37.8665082140482],[-122.305477946331,37.8728047970547],[-122.299501031484,37.8741161737206],[-122.297524016622,37.8678011474267]]]},"properties":{"FID":10,"Shape_Leng":0.0255525400318,"Name":"4th St.","Num_Units":927,"Calc_Area":97.9852190321,"Shape__Area":4270651.9853515625,"Shape__Length":8341.4995016052089}},{"type":"Feature","id":11,"geometry":{"type":"Polygon","coordinates":[[[-122.292057369967,37.868955276683],[-122.285963900655,37.850464002049],[-122.298278421519,37.8480301674908],[-122.303648152311,37.8665082140482],[-122.292057369967,37.868955276683]]]},"properties":{"FID":11,"Shape_Leng":0.0631108607281,"Name":"Southwest Berkeley","Num_Units":1590,"Calc_Area":566.6288361413,"Shape__Area":24696258.27734375,"Shape__Length":20990.6190662474}},{"type":"Feature","id":12,"geometry":{"type":"Polygon","coordinates":[[[-122.292547409892,37.870394076027],[-122.294085494166,37.8749100174448],[-122.282572415876,37.8766757212603],[-122.266880586748,37.8787717490954],[-122.266380442569,37.8741725474599],[-122.282153231391,37.8721860894289],[-122.282091958747,37.871971635282],[-122.292547409892,37.870394076027]]]},"properties":{"FID":12,"Shape_Leng":0.0635700959297,"Name":"North Berkeley","Num_Units":1167,"Calc_Area":300.6173148912,"Shape__Area":13102229.509765625,"Shape__Length":19123.602475039694}},{"type":"Feature","id":13,"geometry":{"type":"Polygon","coordinates":[[[-122.266380442569,37.8741725474599],[-122.26576717088,37.8697990460072],[-122.265958886525,37.8692936152703],[-122.266272602419,37.8687881854237],[-122.266028600964,37.8682827538195],[-122.265924028615,37.8677250383148],[-122.265279168338,37.8642393089908],[-122.289467741152,37.8610967726569],[-122.292547409892,37.870394076027],[-122.282091958747,37.871971635282],[-122.282153231391,37.8721860894289],[-122.266380442569,37.8741725474599]]]},"properties":{"FID":13,"Shape_Leng":0.0711054456565,"Name":"Central Berkeley","Num_Units":4703,"Calc_Area":605.99558923,"Shape__Area":26411939.3828125,"Shape__Length":22022.835869744118}},{"type":"Feature","id":14,"geometry":{"type":"Polygon","coordinates":[[[-122.265924028615,37.8677250383148],[-122.252266602929,37.8695895723925],[-122.252146833787,37.8686314220237],[-122.251757585476,37.8678828667886],[-122.251757585371,37.8669846022709],[-122.251547989256,37.8662360470227],[-122.250979088794,37.8658767408977],[-122.254691919714,37.865697087542],[-122.25819515546,37.8651281851049],[-122.260830067789,37.8647988207756],[-122.265279168338,37.8642393089908],[-122.265924028615,37.8677250383148]]]},"properties":{"FID":14,"Shape_Leng":0.0358926450542,"Name":"Southside","Num_Units":1155,"Calc_Area":120.3062333861,"Shape__Area":5243442.19921875,"Shape__Length":10921.30822112303}},{"type":"Feature","id":15,"geometry":{"type":"Polygon","coordinates":[[[-122.25221657269,37.8691893299858],[-122.250856205818,37.869360909055],[-122.250672242339,37.8699495963353],[-122.245373741048,37.8710643676461],[-122.244473032032,37.8626722048491],[-122.250120346314,37.8623334549733],[-122.25035336816,37.8646882040237],[-122.250451483401,37.865460855717],[-122.250856205395,37.8657429352649],[-122.250979088794,37.8658767408977],[-122.251547989256,37.8662360470227],[-122.251757585371,37.8669846022709],[-122.251757585476,37.8678828667886],[-122.252146833787,37.8686314220237],[-122.252183691641,37.868926280966],[-122.25221657269,37.8691893299858]]]},"properties":{"FID":15,"Shape_Leng":0.0290747689193,"Name":"Panoramic Hill","Num_Units":0,"Calc_Area":118.5430957112,"Shape__Area":5166583.029296875,"Shape__Length":9576.4822361436454}},{"type":"Feature","id":16,"geometry":{"type":"Polygon","coordinates":[[[-122.267295240895,37.8639773848727],[-122.267079600168,37.8609314887852],[-122.267137089179,37.8595709151369],[-122.268095239336,37.8571180517547],[-122.27029898361,37.8514266411918],[-122.268976736312,37.8516374342999],[-122.268393112744,37.8486791133281],[-122.269501351947,37.8485302745366],[-122.269136792608,37.8467518147081],[-122.275818127688,37.8458909588032],[-122.276195008648,37.8477383624633],[-122.281910333221,37.8469777657571],[-122.282473674282,37.8491281330393],[-122.283023268938,37.8490065014808],[-122.283614506017,37.8506702680447],[-122.285882500277,37.8502111792245],[-122.285963900655,37.850464002049],[-122.288479266115,37.8580971440515],[-122.289285461971,37.860543630211],[-122.289467741152,37.8610967726569],[-122.267295240895,37.8639773848727]]]},"properties":{"FID":16,"Shape_Leng":0.0755126395911,"Name":"South Berkeley","Num_Units":2962,"Calc_Area":691.7166035198,"Shape__Area":30147995.55078125,"Shape__Length":24331.5207438524}},{"type":"Feature","id":17,"geometry":{"type":"Polygon","coordinates":[[[-122.268935770774,37.8549472877438],[-122.259759334685,37.8561024137208],[-122.260153616028,37.8527833970578],[-122.27029898361,37.8514266411918],[-122.268935770774,37.8549472877438]]]},"properties":{"FID":17,"Shape_Leng":0.0266022442442,"Name":"Lorin","Num_Units":575,"Calc_Area":77.0295486086,"Shape__Area":3357269.029296875,"Shape__Length":8207.9566216350649}},{"type":"Feature","id":18,"geometry":{"type":"Polygon","coordinates":[[[-122.25819515546,37.8651281851049],[-122.259759334685,37.8561024137208],[-122.268935770774,37.8549472877438],[-122.268095239336,37.8571180517547],[-122.267137089179,37.8595709151369],[-122.267079600168,37.8609314887852],[-122.267295240895,37.8639773848727],[-122.25819515546,37.8651281851049]]]},"properties":{"FID":18,"Shape_Leng":0.0369581987543,"Name":"Le Conte","Num_Units":1310,"Calc_Area":183.5400927837,"Shape__Area":7999443.26171875,"Shape__Length":12028.448714630287}},{"type":"Feature","id":19,"geometry":{"type":"Polygon","coordinates":[[[-122.244239443633,37.8604958003685],[-122.244601401743,37.8589301551739],[-122.250835129898,37.8513319404014],[-122.252310187298,37.8509005750423],[-122.252829419044,37.8508252396896],[-122.253144867428,37.8537131122829],[-122.256118795434,37.8533191766006],[-122.260153616028,37.8527833970578],[-122.259454220056,37.8578630157591],[-122.25819515546,37.8651281851049],[-122.254691919714,37.865697087542],[-122.250979088794,37.8658767408977],[-122.250856205395,37.8657429352649],[-122.250451483401,37.865460855717],[-122.25035336816,37.8646882040237],[-122.250120346314,37.8623334549733],[-122.246213771725,37.8625677880274],[-122.244473032032,37.8626722048491],[-122.244239443633,37.8604958003685]]]},"properties":{"FID":19,"Shape_Leng":0.0549055462725,"Name":"Elmwood District","Num_Units":394,"Calc_Area":376.0739475106,"Shape__Area":16390819.72265625,"Shape__Length":18019.549398826639}},{"type":"Feature","id":20,"geometry":{"type":"Polygon","coordinates":[[[-122.250835129898,37.8513319404014],[-122.244601401743,37.8589301551739],[-122.244239443633,37.8604958003685],[-122.244083118785,37.8590392699647],[-122.244042097055,37.8586285873269],[-122.243089401908,37.8586856637744],[-122.243003824197,37.8585925110961],[-122.242919221311,37.8581602339386],[-122.242646442463,37.857801308205],[-122.24181287597,37.8573608769488],[-122.241811196935,37.8573575638462],[-122.234779066798,37.8577797817081],[-122.234182527779,37.8523854570163],[-122.247251016273,37.8515870945375],[-122.250548231743,37.8514158426797],[-122.250835129898,37.8513319404014]]]},"properties":{"FID":20,"Shape_Leng":0.0453967968597,"Name":"Claremont","Num_Units":36,"Calc_Area":194.2873977131,"Shape__Area":8467798.1298828125,"Shape__Length":14316.998688414491}},{"type":"Feature","id":21,"geometry":{"type":"Polygon","coordinates":[[[-122.272320181459,37.8901555335709],[-122.26953134132,37.8919820192306],[-122.267702243348,37.8931556383292],[-122.26803934621,37.8934677714287],[-122.268338994118,37.8939109987165],[-122.26858870086,37.8943105288454],[-122.26856372943,37.8947287873776],[-122.268613670619,37.8949784931538],[-122.268938289079,37.8951907430429],[-122.269275392835,37.8954591771812],[-122.269412731049,37.8956714270841],[-122.269312848781,37.8961084131056],[-122.26925042147,37.8964330315235],[-122.269369033122,37.8968512891458],[-122.269543827209,37.8971009949129],[-122.269787289959,37.8975067681364],[-122.269912142919,37.8980373933592],[-122.268207898639,37.8983058276475],[-122.268326509267,37.8976628348058],[-122.268326509223,37.8972945174315],[-122.267277743946,37.8970260833454],[-122.267077978409,37.8970260833601],[-122.266603536512,37.8971634224732],[-122.266459955244,37.8972882753737],[-122.265848175125,37.8971446941455],[-122.265673381051,37.8970011137845],[-122.265623438962,37.8967451649141],[-122.265826716299,37.8962871095663],[-122.265894995501,37.8959847313841],[-122.265709665818,37.8954189903349],[-122.265290238106,37.8951263662362],[-122.264207527924,37.8949507916582],[-122.263768591206,37.8945703793329],[-122.263768591167,37.8942387381131],[-122.263924656788,37.8937900483094],[-122.26421401998,37.893664779012],[-122.264928588974,37.8933554355325],[-122.264968350669,37.8930487334117],[-122.264948842476,37.8922196303639],[-122.26491957935,37.8915270857835],[-122.264392855277,37.8909710988071],[-122.263651540374,37.8906979828274],[-122.263241865824,37.8905126550516],[-122.263690557394,37.8900737183747],[-122.264597691906,37.8893811737256],[-122.26501712136,37.8891958449895],[-122.265924256896,37.8895665023334],[-122.266841146513,37.8902200297585],[-122.26711426258,37.8903468341573],[-122.266899671648,37.8897518309671],[-122.266743605908,37.889186090815],[-122.26672409687,37.8888251865543],[-122.266846383949,37.888368771576],[-122.269169907054,37.8895988713962],[-122.270665820737,37.8900476456149],[-122.272320181459,37.8901555335709]]]},"properties":{"FID":21,"Shape_Leng":0.038953901888,"Name":"Cragmont","Num_Units":1,"Calc_Area":92.8139790911,"Shape__Area":4045234.9453125,"Shape__Length":12531.966451220964}},{"type":"Feature","id":22,"geometry":{"type":"Polygon","coordinates":[[[-122.25542000275,37.8801821631131],[-122.246425087593,37.8808600646937],[-122.245758756581,37.8746516709264],[-122.245373741048,37.8710643676461],[-122.250672242339,37.8699495963353],[-122.250856205818,37.869360909055],[-122.25221657269,37.8691893299858],[-122.252266602929,37.8695895723925],[-122.265924028615,37.8677250383148],[-122.266028600964,37.8682827538195],[-122.266272602419,37.8687881854237],[-122.265958886525,37.8692936152703],[-122.26576717088,37.8697990460072],[-122.266380442569,37.8741725474599],[-122.265096168241,37.8742999940891],[-122.264223647684,37.8745156740806],[-122.26355700175,37.8746431206645],[-122.259115964528,37.8752411414221],[-122.256743490593,37.8755156425863],[-122.255734335108,37.8756491110562],[-122.255849863993,37.87700978002],[-122.254797271236,37.8770482890705],[-122.254887127147,37.8782035726489],[-122.254969036568,37.8786822098619],[-122.255106287647,37.8797508041804],[-122.25542000275,37.8801821631131]]]},"properties":{"FID":22,"Shape_Leng":0.063572088074,"Name":"University of California Berkeley","Num_Units":0,"Calc_Area":410.3702503009,"Shape__Area":17885621.528320313,"Shape__Length":20030.418229432631}},{"type":"Feature","id":23,"geometry":{"type":"Polygon","coordinates":[[[-122.25032775121,37.8898597562343],[-122.249554625464,37.8894258441598],[-122.249247437409,37.8870117209694],[-122.24690458332,37.8853276613305],[-122.246425087593,37.8808600646937],[-122.252336451848,37.8804145553699],[-122.25542000275,37.8801821631131],[-122.2578908994,37.8798667580737],[-122.258016528483,37.8804651598088],[-122.258374389536,37.8810854519266],[-122.258326674249,37.8815148854371],[-122.25811195843,37.88194431896],[-122.258255102707,37.8824930385426],[-122.25839824698,37.883017900908],[-122.258040386952,37.8834711916586],[-122.256752086411,37.8840437694628],[-122.255271630379,37.8844608733722],[-122.254910066009,37.8846269970803],[-122.255183682096,37.8847247174017],[-122.255427982098,37.8849885605075],[-122.255203226217,37.8851644562396],[-122.254362835764,37.8855455647342],[-122.252888447465,37.8860233099338],[-122.251760623757,37.8864652935639],[-122.251394844306,37.8869834829965],[-122.251547252479,37.8873492633721],[-122.251897792164,37.8880960658311],[-122.25182158822,37.8891324437489],[-122.252446463493,37.890336470547],[-122.252065441421,37.8907784559208],[-122.251791106769,37.8906260469219],[-122.251217170944,37.8897695451671],[-122.25032775121,37.8898597562343]]]},"properties":{"FID":23,"Shape_Leng":0.0411773804392,"Name":"Terrace View","Num_Units":24,"Calc_Area":164.0883153612,"Shape__Area":7151642.546875,"Shape__Length":13222.713272739084}},{"type":"Feature","id":24,"geometry":{"type":"Polygon","coordinates":[[[-122.26711426258,37.8903468341573],[-122.266841146513,37.8902200297585],[-122.265924256896,37.8895665023334],[-122.26501712136,37.8891958449895],[-122.264597691906,37.8893811737256],[-122.263690557394,37.8900737183747],[-122.263241865824,37.8905126550516],[-122.263651540374,37.8906979828274],[-122.264392855277,37.8909710988071],[-122.26491957935,37.8915270857835],[-122.264948842476,37.8922196303639],[-122.264968350669,37.8930487334117],[-122.264928588974,37.8933554355325],[-122.26421401998,37.893664779012],[-122.263924656788,37.8937900483094],[-122.263768591167,37.8942387381131],[-122.263768591206,37.8945703793329],[-122.264207527924,37.8949507916582],[-122.265290238106,37.8951263662362],[-122.265709665818,37.8954189903349],[-122.265894995501,37.8959847313841],[-122.265826716299,37.8962871095663],[-122.265623438962,37.8967451649141],[-122.265673381051,37.8970011137845],[-122.265848175125,37.8971446941455],[-122.266459955244,37.8972882753737],[-122.266603536512,37.8971634224732],[-122.267077978409,37.8970260833601],[-122.267277743946,37.8970260833454],[-122.268326509223,37.8972945174315],[-122.268326509267,37.8976628348058],[-122.268207898639,37.8983058276475],[-122.269912142919,37.8980373933592],[-122.269787289959,37.8975067681364],[-122.269543827209,37.8971009949129],[-122.269369033122,37.8968512891458],[-122.26925042147,37.8964330315235],[-122.269312848781,37.8961084131056],[-122.269412731049,37.8956714270841],[-122.269275392835,37.8954591771812],[-122.268938289079,37.8951907430429],[-122.268613670619,37.8949784931538],[-122.26856372943,37.8947287873776],[-122.26858870086,37.8943105288454],[-122.268338994118,37.8939109987165],[-122.26803934621,37.8934677714287],[-122.267702243348,37.8931556383292],[-122.26953134132,37.8919820192306],[-122.272320181459,37.8901555335709],[-122.272300537612,37.8905680607229],[-122.272379115028,37.8909020104966],[-122.274059046269,37.891796012104],[-122.274697123575,37.8928664257142],[-122.27463819106,37.8934361058122],[-122.274481038152,37.8938289872825],[-122.275797195671,37.8973060021254],[-122.276445453221,37.8976595957504],[-122.276697774249,37.8976811111143],[-122.276582962363,37.8983667848842],[-122.276582962409,37.8987596681416],[-122.277015133523,37.8991132626818],[-122.277545525,37.8993882807431],[-122.27766339022,37.8998597395641],[-122.277231219237,37.9006258613183],[-122.276445453706,37.901804510249],[-122.27658296283,37.9023545464395],[-122.277152642992,37.9026099197055],[-122.278036871012,37.9031425782399],[-122.274863518356,37.9039062270597],[-122.273643330752,37.9051060028975],[-122.270772641376,37.9058463358698],[-122.271329858597,37.9049531246023],[-122.270380785851,37.9044265985503],[-122.270317315293,37.9044608069698],[-122.270249503706,37.9044893091907],[-122.270178165876,37.9045117661686],[-122.270104156159,37.9045279054088],[-122.270028363085,37.9045375371543],[-122.26995169497,37.9045405426945],[-122.269875071821,37.9045368869556],[-122.269799412744,37.904526614904],[-122.269725625155,37.9045098488471],[-122.269654593989,37.9044867884345],[-122.269345809006,37.9043713029065],[-122.268519516247,37.9040637869627],[-122.268463900363,37.9040464561302],[-122.268405731303,37.9040355950212],[-122.26834620157,37.9040314284662],[-122.268286530645,37.9040340419007],[-122.268227941604,37.9040433795666],[-122.268171637742,37.9040592517068],[-122.268118770191,37.9040813327667],[-122.268070425332,37.9041091685885],[-122.267922402308,37.9042069096254],[-122.267819935345,37.9042704800156],[-122.267712674095,37.9043288748075],[-122.267601037641,37.9043818700696],[-122.267485454961,37.9044292589579],[-122.267366374817,37.9044708580107],[-122.267244259459,37.9045065071484],[-122.267119581033,37.904536066077],[-122.266992823373,37.9045594232805],[-122.266864477509,37.9045764852292],[-122.266735039867,37.9045871871719],[-122.266605013169,37.9045914877398],[-122.266474900135,37.9045893698458],[-122.266345206184,37.9045808433823],[-122.266216432239,37.9045659389263],[-122.266089078323,37.9045447149336],[-122.265963638164,37.9045172550412],[-122.265319289092,37.9043592855608],[-122.265249847028,37.9043388961348],[-122.265183834078,37.9043123004866],[-122.26512213158,37.9042798511504],[-122.265065559713,37.9042419824987],[-122.265014877508,37.9041991981519],[-122.264970756756,37.9041520691794],[-122.264933788313,37.9041012251067],[-122.264900580836,37.9040555305522],[-122.264860757946,37.9040132839993],[-122.264814881718,37.9039750870942],[-122.264763603263,37.9039414794303],[-122.264707648333,37.9039129358497],[-122.26464781013,37.9038898628458],[-122.264584934917,37.9038725877718],[-122.264519915721,37.9038613534446],[-122.264453671648,37.9038563190443],[-122.264387143391,37.9038575574157],[-122.264301545906,37.9038594244147],[-122.26421617325,37.9038541723798],[-122.264131966116,37.9038418579682],[-122.264049850804,37.9038226178768],[-122.263970733831,37.9037966643456],[-122.263895485742,37.9037642824595],[-122.26382493661,37.9037258292494],[-122.263759863451,37.9036817282961],[-122.263700983023,37.9036324652333],[-122.263585085562,37.9035199960175],[-122.263475935714,37.903403366537],[-122.2633737727,37.9032828286021],[-122.263278816854,37.9031586448147],[-122.263191276818,37.9030310867702],[-122.263111340551,37.9029004323591],[-122.262597223136,37.9020084667315],[-122.262558708757,37.9019488164968],[-122.262512974621,37.9018924559829],[-122.262460463192,37.9018399364742],[-122.262401686187,37.9017917633898],[-122.262337213775,37.9017484070751],[-122.262268130538,37.9017100276094],[-122.26219469818,37.9016771043313],[-122.262117601085,37.9016499466076],[-122.26203755961,37.9016288053491],[-122.261955317494,37.9016138802052],[-122.26187164096,37.9016053078729],[-122.261787313317,37.9016031692911],[-122.261710565162,37.9016019830908],[-122.261634520276,37.9015936949438],[-122.261560218276,37.9015784181644],[-122.261488681691,37.9015563622946],[-122.261420888982,37.9015278295067],[-122.261357773648,37.9014932119049],[-122.261300198138,37.9014529843314],[-122.261248953856,37.9014076971712],[-122.261204743172,37.9013579745537],[-122.261168174027,37.9013044954672],[-122.261139746447,37.9012479964564],[-122.261119850735,37.9011892500389],[-122.261108761186,37.9011290638062],[-122.261106627987,37.9010682633358],[-122.261115624695,37.9001167013914],[-122.261120385701,37.900071743379],[-122.261116740743,37.9000267188173],[-122.26110476986,37.8999826124641],[-122.261084732957,37.8999403820974],[-122.261057068903,37.8999009495224],[-122.261022379344,37.899865174491],[-122.260981418813,37.8998338358161],[-122.260935083932,37.8998076178818],[-122.260884381044,37.8997870917574],[-122.260830418115,37.8997727053054],[-122.260774368758,37.8997647714898],[-122.260717456952,37.899763462081],[-122.260660921963,37.8997688067565],[-122.260608336797,37.8997738735412],[-122.260556930643,37.8997840044086],[-122.260507477818,37.8997990482727],[-122.260460722959,37.8998187785041],[-122.26030076323,37.8998965932617],[-122.260231371534,37.8999269076168],[-122.260158492266,37.8999515490482],[-122.260082859273,37.8999702702423],[-122.260005236079,37.8999828805429],[-122.259926407792,37.8999892540445],[-122.259847171213,37.8999893259961],[-122.259768324938,37.8999830954982],[-122.259690665769,37.8999706264027],[-122.259614978812,37.8999520419167],[-122.259542027592,37.8999275335956],[-122.259472549554,37.8998973451558],[-122.259407246169,37.8998617841653],[-122.25934677664,37.8998212094536],[-122.259291752507,37.8997760302123],[-122.259242729549,37.8997267023976],[-122.259028597313,37.8994892265149],[-122.258978184004,37.8994393159396],[-122.258921020383,37.8993942032483],[-122.258857831303,37.8993544559132],[-122.258789414465,37.899320578454],[-122.258716632318,37.8992929962498],[-122.258640405767,37.8992720582378],[-122.25856169439,37.8992580279193],[-122.258481494636,37.8992510851583],[-122.258400817343,37.8992513144914],[-122.25832068324,37.899258715019],[-122.258242102269,37.8992731923123],[-122.258166066379,37.8992945647081],[-122.258093537847,37.8993225615104],[-122.258025429485,37.8993568283861],[-122.257303360156,37.8997656081144],[-122.257247485272,37.8997934862049],[-122.257187523867,37.8998153927968],[-122.257124484082,37.899830959168],[-122.257059432513,37.8998399227164],[-122.256993462734,37.8998421314563],[-122.256927688108,37.899837549415],[-122.256863216599,37.8998262530346],[-122.256801135487,37.8998084329713],[-122.256742491584,37.899784390498],[-122.256688273245,37.8997545294103],[-122.256639394181,37.8997193542278],[-122.256596678172,37.8996794576038],[-122.256560845574,37.8996355113317],[-122.256532500731,37.8995882564529],[-122.256039752103,37.8986255231661],[-122.256017520853,37.8985750280293],[-122.256001723353,37.8985230355207],[-122.255992515187,37.8984700564552],[-122.255989986287,37.8984166151377],[-122.255994830929,37.8983577661958],[-122.256007515861,37.8982996555968],[-122.256027897193,37.8982429353491],[-122.256055746497,37.8981882457703],[-122.25609074901,37.8981362010973],[-122.256132511727,37.8980873885875],[-122.256180565204,37.8980423541294],[-122.256227337147,37.8980000940802],[-122.256267228376,37.8979536153115],[-122.256299639941,37.8979036156972],[-122.256324084411,37.89785084797],[-122.256340193963,37.8977961071307],[-122.25634772578,37.8977402142603],[-122.256346568346,37.8976840120238],[-122.256290682598,37.897097471443],[-122.256278029125,37.8970080743286],[-122.256257716124,37.8969195684429],[-122.256229838925,37.8968323647762],[-122.25608781882,37.8964474693083],[-122.25606225648,37.8963936403847],[-122.256031916042,37.896341393369],[-122.25599695039,37.8962909935613],[-122.255957541187,37.896242696369],[-122.255868888693,37.8961501831091],[-122.255843063755,37.8961271919409],[-122.255812930164,37.8961077701826],[-122.255779264936,37.8960924178572],[-122.255742934117,37.8960815297669],[-122.255704873003,37.8960753865004],[-122.255666062754,37.8960741454386],[-122.255627501618,37.8960778398568],[-122.255590181547,37.8960863744264],[-122.255555065715,37.8960995279143],[-122.255523056143,37.8961169630746],[-122.255494976609,37.8961382302462],[-122.25526528615,37.8963414689684],[-122.255225028896,37.896372670053],[-122.255179811879,37.8963992639107],[-122.255130466074,37.8964207613103],[-122.255077901593,37.896436763852],[-122.255023087008,37.8964469801553],[-122.254967030458,37.8964512195639],[-122.254910767064,37.8964494038366],[-122.254855331045,37.8964415680471],[-122.254801744931,37.8964278560867],[-122.25435163776,37.8962860105383],[-122.254287043943,37.8962690969919],[-122.254220430248,37.8962581540453],[-122.254152674415,37.8962533264891],[-122.254084666773,37.8962546754773],[-122.254017300347,37.8962621839226],[-122.253903684482,37.8962803601303],[-122.253838770508,37.8962876725232],[-122.253773210821,37.8962884000796],[-122.253708063921,37.8962825356049],[-122.253644380218,37.8962701699304],[-122.253583191234,37.8962515054036],[-122.253525482626,37.8962268414987],[-122.253472187891,37.8961965784139],[-122.253424165881,37.8961612026825],[-122.253382192711,37.8961212871726],[-122.253346946471,37.8960774766981],[-122.253141909074,37.8957866934961],[-122.253094499499,37.8957212336411],[-122.253041644528,37.8956584474711],[-122.252983583382,37.8955986182726],[-122.252920579561,37.895542017641],[-122.252852917252,37.8954888991849],[-122.252763847476,37.8954205624015],[-122.25272299846,37.8953857577391],[-122.252688054392,37.8953471264607],[-122.252659580049,37.8953052926957],[-122.252638034982,37.8952609336337],[-122.252623769928,37.8952147660344],[-122.252617014214,37.8951675381337],[-122.252582501774,37.8947160712372],[-122.252580423434,37.8946661732489],[-122.252586760952,37.894616501889],[-122.252601405508,37.8945679438894],[-122.252624091804,37.8945213679951],[-122.252654416044,37.8944776069785],[-122.252691835936,37.8944374432499],[-122.252948234458,37.8941775004674],[-122.252979977829,37.8941434404384],[-122.253004149806,37.8941056779008],[-122.253020079495,37.8940652605649],[-122.25302732443,37.8940233089861],[-122.253025683162,37.8939809859879],[-122.253015203356,37.8939394651857],[-122.252996173694,37.8938998995104],[-122.252969122978,37.893863383437],[-122.252934801242,37.8938309314008],[-122.252894159071,37.8938034436232],[-122.252848325113,37.8937816800312],[-122.252798569212,37.8937662458687],[-122.252746270929,37.8937575692127],[-122.252692880869,37.8937558901822],[-122.252618152591,37.8937522326446],[-122.252544340722,37.8937422942413],[-122.252472280731,37.893726189186],[-122.252402792802,37.8937041000412],[-122.252336664739,37.893676278617],[-122.252274646578,37.8936430378773],[-122.252208619239,37.8936037563913],[-122.252171992542,37.8935847231406],[-122.252131985294,37.893570597491],[-122.252089636211,37.8935617445671],[-122.252046041568,37.8935583954948],[-122.252002333611,37.8935606348101],[-122.251959648184,37.8935684085536],[-122.251919089654,37.8935815098813],[-122.251881712927,37.8935996033457],[-122.251848486572,37.8936222177022],[-122.251460017197,37.8939226425803],[-122.251429804471,37.8939451786956],[-122.251395453963,37.8939636201975],[-122.251357839814,37.8939774976399],[-122.251317918904,37.8939864584884],[-122.251276709264,37.8939902734159],[-122.251235256806,37.8939888461947],[-122.251194619134,37.8939822118984],[-122.251155828669,37.8939705422974],[-122.251119874666,37.89395413147],[-122.251087672634,37.8939333985002],[-122.250954010864,37.8938441353936],[-122.250865330496,37.8937859780373],[-122.250772694909,37.8937318316579],[-122.250676392786,37.8936818644286],[-122.250576723601,37.8936362310329],[-122.250473997621,37.8935950744629],[-122.250368535903,37.8935585224224],[-122.250300124462,37.8935322505303],[-122.250235367865,37.8935006942212],[-122.250174913625,37.8934641673584],[-122.250119367885,37.8934230377646],[-122.250069285527,37.8933777155307],[-122.250025167473,37.8933286557136],[-122.24998745529,37.8932763466453],[-122.24996449559,37.8932359697817],[-122.249949759292,37.8931932483848],[-122.249943608823,37.8931492292654],[-122.24994619257,37.8931049880128],[-122.249957448481,37.8930616083102],[-122.249977101364,37.893020149559],[-122.250016173307,37.8929483341882],[-122.250023431735,37.892933574513],[-122.250027476884,37.8929180603068],[-122.250028194541,37.8929022295395],[-122.25002556672,37.8928865255768],[-122.250019664467,37.8928713899859],[-122.250010656854,37.8928572481463],[-122.249998794793,37.8928444975582],[-122.249984411932,37.8928334952524],[-122.249967911168,37.8928245523944],[-122.249949758349,37.8928179189958],[-122.249930462492,37.8928137812161],[-122.249907091806,37.8928095526052],[-122.249883172533,37.8928082809655],[-122.249859297328,37.8928099995718],[-122.249836058844,37.8928146634581],[-122.249814030847,37.8928221593095],[-122.249793759227,37.8928323000673],[-122.249775745805,37.8928448366189],[-122.249723364789,37.8928816000117],[-122.249654423643,37.8928199146133],[-122.249626662456,37.892729333992],[-122.249214524527,37.8913848141773],[-122.249029925087,37.8907671642552],[-122.25032775121,37.8898597562343],[-122.251217170944,37.8897695451671],[-122.251791106769,37.8906260469219],[-122.252065441421,37.8907784559208],[-122.252446463493,37.890336470547],[-122.25182158822,37.8891324437489],[-122.251897792164,37.8880960658311],[-122.251547252479,37.8873492633721],[-122.251394844306,37.8869834829965],[-122.251760623757,37.8864652935639],[-122.252888447465,37.8860233099338],[-122.254362835764,37.8855455647342],[-122.255203226217,37.8851644562396],[-122.255427982098,37.8849885605075],[-122.255183682096,37.8847247174017],[-122.254910066009,37.8846269970803],[-122.255271630379,37.8844608733722],[-122.256752086411,37.8840437694628],[-122.258040386952,37.8834711916586],[-122.25839824698,37.883017900908],[-122.258255102707,37.8824930385426],[-122.25811195843,37.88194431896],[-122.258326674249,37.8815148854371],[-122.258374389536,37.8810854519266],[-122.258016528483,37.8804651598088],[-122.2578908994,37.8798667580737],[-122.261060144893,37.8794622094764],[-122.261167371994,37.879615390106],[-122.261489052414,37.8802127980758],[-122.261489052539,37.8812850688331],[-122.261565644344,37.8824186113003],[-122.261887324705,37.8825105201987],[-122.262346869353,37.8825717927797],[-122.262530687195,37.8824492475368],[-122.262791094932,37.8824952028781],[-122.263281275879,37.8824645656354],[-122.26332723039,37.8828628376276],[-122.263235321522,37.8833836548594],[-122.263587639088,37.8834449265489],[-122.264322910469,37.8830619735523],[-122.265058180996,37.8830619734983],[-122.26524199879,37.8825258381062],[-122.266103285939,37.8825306853892],[-122.266626855793,37.8882525503959],[-122.266846383949,37.888368771576],[-122.26672409687,37.8888251865543],[-122.266743605908,37.889186090815],[-122.266899671648,37.8897518309671],[-122.26711426258,37.8903468341573]]]},"properties":{"FID":24,"Shape_Leng":0.131820610929,"Name":"Berekley Hills","Num_Units":63,"Calc_Area":845.9003632538,"Shape__Area":36867961.989257813,"Shape__Length":42903.068463656942}}]}