{"type":"FeatureCollection","crs":{"type":"name","properties":{"name":"EPSG:4326"}},"features":[{"type":"Feature","geometry":{"type":"Polygon","coordinates":[[[-122.250650750395,37.8513770368794],[-122.250233961071,37.8519438372744],[-122.249966374002,37.8522753638775],[-122.249444651126,37.8529210356523],[-122.249362131565,37.8530211426377],[-122.249070991588,37.8533818558622],[-122.249012087303,37.8534548337481],[-122.248594699499,37.8539719079948],[-122.248195859005,37.8544667434426],[-122.247991642534,37.8544004128999],[-122.247808776985,37.8543591815092],[-122.247320816667,37.8543066635072],[-122.246911553638,37.8542859334172],[-122.246858009871,37.854365693368],[-122.246692247321,37.8546826578236],[-122.246611512076,37.854784805757],[-122.246524735021,37.854851317508],[-122.24530531321,37.8549249813779],[-122.244478263957,37.8549632983826],[-122.243968236275,37.8550037987272],[-122.243549392075,37.8550189137372],[-122.243636974334,37.8557970251158],[-122.243662200168,37.8560596471502],[-122.243687905709,37.8561952323672],[-122.243721128759,37.856281964433],[-122.243802168173,37.8564139744751],[-122.243849904331,37.8565286388299],[-122.243872299084,37.8566704477921],[-122.243877122175,37.8568022197793],[-122.243870170224,37.8570220652499],[-122.243847755896,37.8571741522985],[-122.243830072143,37.8573062628309],[-122.243819967521,37.8576133646739],[-122.243884909681,37.8586322581715],[-122.243076202271,37.8586806998674],[-122.242990626429,37.8585875473548],[-122.242906022158,37.8581552700254],[-122.242633243435,37.8577963444833],[-122.24179967791,37.857355908983],[-122.241797998653,37.8573526048479],[-122.23476586949,37.8577748167141],[-122.234169330684,37.8523804926576],[-122.247237817411,37.8515821310909],[-122.250535033273,37.8514108803578],[-122.250650750395,37.8513770368794]]]},"properties":{"PLN_HILL_Z":2}},{"type":"Feature","geometry":{"type":"Polygon","coordinates":[[[-122.245236350682,37.8699042653699],[-122.244836191446,37.8661755099708],[-122.246225841338,37.866197308824],[-122.24610266631,37.8665569392739],[-122.245280547114,37.8675828661996],[-122.245225895271,37.8676582134709],[-122.245347113002,37.8680142261803],[-122.247119172426,37.8681967183152],[-122.247342320298,37.8680890645331],[-122.247314745508,37.8677167596427],[-122.247480427678,37.867565226565],[-122.248131382111,37.8672574170235],[-122.248171436337,37.867361185183],[-122.248456239009,37.8674762290984],[-122.248213605192,37.8675543730991],[-122.248327102369,37.8675825105323],[-122.248581678106,37.8680110789289],[-122.248749824834,37.8679638589915],[-122.249186783327,37.8681511982923],[-122.249317670618,37.8681194359134],[-122.249443823112,37.8686840869265],[-122.249658357406,37.8690088889364],[-122.249743755647,37.8694399734991],[-122.249804719571,37.8696328794957],[-122.249813857668,37.8700203566613],[-122.249613735493,37.8703065813517],[-122.249427489811,37.8703838857465],[-122.249183801604,37.870417309218],[-122.248198626907,37.8709089781843],[-122.247660793092,37.8712300152042],[-122.247527984207,37.8703822048258],[-122.246435121818,37.870294021231],[-122.246125892691,37.8699407888121],[-122.246217431693,37.8698350803162],[-122.245236350682,37.8699042653699]]]},"properties":{"PLN_HILL_Z":3}},{"type":"Feature","geometry":{"type":"Polygon","coordinates":[[[-122.245236350682,37.8699042653699],[-122.246217431693,37.8698350803162],[-122.246125892691,37.8699407888121],[-122.246435121818,37.870294021231],[-122.247527984207,37.8703822048258],[-122.247660793092,37.8712300152042],[-122.248198626907,37.8709089781843],[-122.249183801604,37.870417309218],[-122.249427489811,37.8703838857465],[-122.249613735493,37.8703065813517],[-122.249813857668,37.8700203566613],[-122.249804719571,37.8696328794957],[-122.249743755647,37.8694399734991],[-122.249658357406,37.8690088889364],[-122.249443823112,37.8686840869265],[-122.249317670618,37.8681194359134],[-122.249186783327,37.8681511982923],[-122.248749824834,37.8679638589915],[-122.248581678106,37.8680110789289],[-122.248327102369,37.8675825105323],[-122.248213605192,37.8675543730991],[-122.248456239009,37.8674762290984],[-122.248171436337,37.867361185183],[-122.248131382111,37.8672574170235],[-122.247480427678,37.867565226565],[-122.247314745508,37.8677167596427],[-122.247342320298,37.8680890645331],[-122.247119172426,37.8681967183152],[-122.245347113002,37.8680142261803],[-122.245225895271,37.8676582134709],[-122.245280547114,37.8675828661996],[-122.24610266631,37.8665569392739],[-122.246225841338,37.866197308824],[-122.248136119517,37.8660611373738],[-122.248415366588,37.8660603570254],[-122.24955024086,37.8659934189248],[-122.250441183125,37.8659403905402],[-122.250399723849,37.865504958754],[-122.250636262997,37.8655250319913],[-122.25145075724,37.8654657744255],[-122.251662364733,37.8654289498868],[-122.252120667291,37.8654019381626],[-122.252147421037,37.8654554339172],[-122.252614537213,37.8654417712048],[-122.252800651329,37.8654053145479],[-122.253148671505,37.8653866721872],[-122.253149781605,37.8654338194841],[-122.253845333305,37.8653763261203],[-122.253902521223,37.8657207710296],[-122.254058275186,37.8665198281648],[-122.254075969757,37.8666088319456],[-122.254230274342,37.8673922079132],[-122.254251374469,37.8675057943186],[-122.254410660302,37.8683075418749],[-122.254428203068,37.8683903671682],[-122.254605487877,37.8692934820852],[-122.254456956195,37.8693128567139],[-122.252292820406,37.8695949597131],[-122.252319778788,37.8697827202032],[-122.252373655524,37.8700098992335],[-122.252464258294,37.8702516374443],[-122.252557092284,37.8704411662493],[-122.252666798592,37.8706846839465],[-122.252706197324,37.8708125054331],[-122.252753685875,37.8710624499708],[-122.252753419249,37.8712712052358],[-122.252750815131,37.871381112825],[-122.252713112911,37.8715451094125],[-122.252726267142,37.8715881727542],[-122.252782704182,37.8717033833302],[-122.252847449577,37.8718040493017],[-122.253004193687,37.8719857590126],[-122.25313846507,37.8720956994873],[-122.253718553076,37.8725217579362],[-122.253750312635,37.8725460101907],[-122.25385221269,37.8726149964086],[-122.253968641102,37.8726938328747],[-122.254287677987,37.8728504695981],[-122.254491353935,37.8729648597653],[-122.25469109514,37.873132198022],[-122.255099106879,37.8735347189484],[-122.25526375555,37.8736833397058],[-122.255334964479,37.8737639932739],[-122.255408204094,37.8738569775784],[-122.255493753969,37.8739580260205],[-122.255536063287,37.8740617734307],[-122.255568408818,37.8741107404799],[-122.256080193488,37.8747245817328],[-122.256197129983,37.8748333997233],[-122.25645445144,37.875017718542],[-122.256591145562,37.8751564593838],[-122.256724485756,37.8753728430755],[-122.25677993889,37.875519656442],[-122.257365319462,37.8754360975035],[-122.258303331312,37.8753177535045],[-122.26014123749,37.8750816056442],[-122.262134819138,37.8748348737174],[-122.263955457491,37.874602358699],[-122.264181661531,37.8745701374457],[-122.264319367568,37.8745323705218],[-122.264496873753,37.8744191544777],[-122.264579093268,37.8743794750443],[-122.26469794167,37.8743502368585],[-122.265192051838,37.8742906515308],[-122.265376945892,37.8742700338209],[-122.265843701814,37.8742124895325],[-122.266014366355,37.8756686480467],[-122.26597188681,37.8756692835855],[-122.266004270818,37.8759585231099],[-122.265978785688,37.8759589076933],[-122.266010357897,37.876214466318],[-122.265985674458,37.8762485227109],[-122.266070813692,37.8769681887562],[-122.265604259298,37.8770088512302],[-122.265566527191,37.877188263767],[-122.264261898968,37.8772345339405],[-122.264276123621,37.877421790205],[-122.264296148569,37.8775624048835],[-122.264362847008,37.8781808085011],[-122.26445919735,37.8790267459267],[-122.264618079347,37.8790044626955],[-122.26573557809,37.878854538704],[-122.265941348284,37.8806560804061],[-122.267065774092,37.8805053480112],[-122.26727694769,37.8823136902613],[-122.268401516995,37.8821684412975],[-122.269453559649,37.8820331837687],[-122.269536490841,37.8820230153984],[-122.270434809527,37.8819086036326],[-122.270572478514,37.8820136665927],[-122.270659399385,37.8820982008614],[-122.270819172216,37.8823306554062],[-122.270846619191,37.882392051842],[-122.270879303494,37.8825996230675],[-122.27096219588,37.8836778168099],[-122.271140978425,37.8852679831339],[-122.271156071359,37.8854816434392],[-122.271219595713,37.8856117449046],[-122.271339484063,37.8858077901804],[-122.271429503212,37.8859019228319],[-122.271561120803,37.8860434619881],[-122.271736182674,37.8861905296994],[-122.272860992953,37.8856902156689],[-122.273548458054,37.885380492281],[-122.274575479657,37.8849221396283],[-122.274947713066,37.885415092302],[-122.275600494914,37.8861173663704],[-122.275713661362,37.8862845975971],[-122.275866855186,37.8865308674837],[-122.275988669349,37.8867693841529],[-122.276096816277,37.8870156569605],[-122.276215665842,37.8873476008423],[-122.276269002028,37.8875486864888],[-122.276325893334,37.887898046152],[-122.276377272483,37.8880895407992],[-122.276525738327,37.8886449058192],[-122.276570593419,37.8888536695252],[-122.276601822358,37.8891443586774],[-122.276784638265,37.8900480437756],[-122.277032222642,37.8912680001152],[-122.277090633622,37.8914635158371],[-122.277176134741,37.8916783899235],[-122.277642935641,37.8916444125667],[-122.27764600469,37.8917723792696],[-122.279958197358,37.8917577657197],[-122.280016572895,37.8921391048382],[-122.280105025343,37.8925751900791],[-122.280159886738,37.892767324361],[-122.280252819475,37.8929568235071],[-122.28034975787,37.8930961326619],[-122.280465032622,37.8932056301338],[-122.28052756142,37.8932836646791],[-122.280609147852,37.893361406479],[-122.281093514343,37.8936850857192],[-122.281814945996,37.894137716739],[-122.282545219827,37.8945977661689],[-122.284807055557,37.8960448095438],[-122.284920289222,37.8961405978652],[-122.285033976318,37.8962556214277],[-122.285132169471,37.89637499143],[-122.285222696646,37.8965356884469],[-122.285321065084,37.8969524800436],[-122.285579912399,37.8981989460549],[-122.285636916738,37.8984068388926],[-122.285679547925,37.898522246204],[-122.285852349081,37.8988312919876],[-122.285674497176,37.8988785416469],[-122.284171493191,37.8993164278496],[-122.283788037596,37.8996881450368],[-122.283631267316,37.9000360750545],[-122.280031324252,37.9008197321829],[-122.278546818343,37.9009183605747],[-122.277317964687,37.9017373195882],[-122.278023660944,37.9031376218293],[-122.274850309998,37.9039012625114],[-122.273630121887,37.9051010373626],[-122.271761156303,37.9056092051794],[-122.270342237627,37.9044130200169],[-122.269641386418,37.9044818232994],[-122.269332601004,37.9043663365578],[-122.268506308236,37.9040588170214],[-122.268450691928,37.9040414866095],[-122.26839252277,37.9040306268623],[-122.268332992888,37.9040264614957],[-122.268273321961,37.9040290737982],[-122.268214733272,37.9040384127916],[-122.268158428767,37.9040542849642],[-122.268105561634,37.904076366718],[-122.268057216976,37.9041042033468],[-122.267909188981,37.904201943829],[-122.267806722267,37.9042655131844],[-122.267699462088,37.9043239089832],[-122.267587824754,37.904376903975],[-122.267472242288,37.9044242926394],[-122.267353163556,37.9044658920938],[-122.267231047459,37.9045015402497],[-122.267106369721,37.9045310994592],[-122.266979612661,37.9045544555512],[-122.266851267468,37.9045715178449],[-122.266721829632,37.9045822209246],[-122.266591803528,37.9045865210628],[-122.266461690963,37.9045844042607],[-122.266331996958,37.9045758763702],[-122.266203223965,37.9045609729715],[-122.266075870826,37.904539749453],[-122.265950430414,37.9045122891077],[-122.265306081743,37.9043543191056],[-122.265236639514,37.9043339302332],[-122.265170626015,37.9043073339368],[-122.265108922691,37.9042748854247],[-122.265052353349,37.9042370161563],[-122.265001669391,37.9041942319464],[-122.264957548763,37.9041471039454],[-122.264920580124,37.9040962595273],[-122.264887373153,37.9040505642074],[-122.264847550433,37.9040083182379],[-122.26480167361,37.9039701208708],[-122.264750395912,37.9039365124451],[-122.264694440571,37.9039079706475],[-122.264634602088,37.9038848979026],[-122.264571728035,37.9038676212597],[-122.264506707731,37.9038563869148],[-122.26444046436,37.903851352951],[-122.264373935613,37.9038525910207],[-122.264288338703,37.9038544588321],[-122.264202966252,37.9038492060196],[-122.264118758384,37.9038368925387],[-122.264036644247,37.9038176521847],[-122.263957527167,37.903791698808],[-122.263882279053,37.9037593163655],[-122.263811730121,37.9037208633615],[-122.263746656482,37.9036767619549],[-122.263687775581,37.9036274997326],[-122.263571878537,37.903515030447],[-122.263462729863,37.903398399677],[-122.263360564747,37.9032778612731],[-122.263265609182,37.9031536780409],[-122.263178066326,37.9030261207539],[-122.263098129035,37.9028954664296],[-122.262584016531,37.9020035014217],[-122.262545501673,37.9019438500061],[-122.262499767613,37.9018874908072],[-122.262447257067,37.9018349700668],[-122.262388480215,37.9017867974962],[-122.262324006794,37.9017434417208],[-122.262254923759,37.9017050609604],[-122.262181491297,37.9016721390264],[-122.262104394514,37.9016449803342],[-122.262024351989,37.9016238399397],[-122.261942110188,37.9016089135904],[-122.261858434325,37.901600342175],[-122.261774106161,37.9015982035976],[-122.261697888541,37.9015970342461],[-122.261622357401,37.9015888607472],[-122.261548535354,37.9015737940676],[-122.261477420199,37.9015520378529],[-122.26140997356,37.901523886554],[-122.261347108437,37.9014897199409],[-122.261289674435,37.9014500003054],[-122.261238448727,37.9014052669963],[-122.261194124821,37.9013561219276],[-122.26115730116,37.9013032322107],[-122.261128476744,37.9012473130012],[-122.261108040975,37.9011891193238],[-122.261096269173,37.9011294397344],[-122.261093322737,37.9010690800975],[-122.261093421506,37.9010632971613],[-122.261102419105,37.9001117354854],[-122.26110622501,37.9000709986829],[-122.261103199763,37.9000256909317],[-122.261091753631,37.8999812361094],[-122.261072139616,37.899938610093],[-122.261044788539,37.8998987502177],[-122.261010301306,37.8998625326965],[-122.260969435451,37.8998307527083],[-122.260923090511,37.8998041089842],[-122.260872283151,37.899783188331],[-122.260818131417,37.8997684484077],[-122.260761824052,37.8997602148297],[-122.260704599027,37.8997586675156],[-122.260647715098,37.8997638414095],[-122.260595130543,37.8997689070913],[-122.260543723709,37.8997790381701],[-122.260494271834,37.8997940818053],[-122.260447516485,37.8998138128306],[-122.260287556035,37.8998916278883],[-122.260218165773,37.8999219418811],[-122.260145285772,37.8999465828289],[-122.260069652152,37.899965303894],[-122.25999203005,37.8999779143024],[-122.259913202149,37.899984288285],[-122.259833964182,37.8999843605431],[-122.259755118061,37.8999781298103],[-122.259677459365,37.899965659675],[-122.2596017728,37.8999470767495],[-122.259528822003,37.8999225670003],[-122.259459343818,37.8998923793171],[-122.259394040395,37.8998568191538],[-122.259333571273,37.899816243972],[-122.25927854655,37.8997710640988],[-122.25922952353,37.8997217363965],[-122.259015391644,37.8994842604344],[-122.258964976944,37.8994343506415],[-122.258907813727,37.8993892373452],[-122.258844625353,37.8993494910988],[-122.258776208671,37.8993156126184],[-122.258703426082,37.89928803003],[-122.258627198793,37.8992670916168],[-122.258548488645,37.8992530630017],[-122.258468289096,37.8992461189789],[-122.258387611522,37.8992463488363],[-122.258307477326,37.8992537490947],[-122.258228896299,37.8992682269775],[-122.258152860949,37.8992895985714],[-122.258080330517,37.8993175950353],[-122.258012223018,37.899351862549],[-122.257290154298,37.8997606421694],[-122.257234279471,37.8997885196837],[-122.257174317589,37.8998104264911],[-122.257111278994,37.8998259931258],[-122.257046226422,37.8998349559051],[-122.256980256731,37.8998371649262],[-122.256914482707,37.8998325830496],[-122.256850011445,37.8998212866648],[-122.25678793068,37.8998034674061],[-122.256729286113,37.8997794247988],[-122.256675067788,37.8997495634691],[-122.256626188525,37.8997143885009],[-122.256583472696,37.8996744909439],[-122.256547640324,37.8996305450085],[-122.256519294748,37.8995832908631],[-122.256026547183,37.8986205530952],[-122.256004514734,37.8985706015162],[-122.255988778984,37.8985191773755],[-122.255979491882,37.8984667773436],[-122.255976742723,37.8984139076083],[-122.255976781381,37.898411649228],[-122.255981626518,37.8983528005918],[-122.255994309968,37.8982946891827],[-122.256014692052,37.8982379693506],[-122.256042539986,37.8981832795338],[-122.256077542741,37.8981312351428],[-122.256119306565,37.8980824213217],[-122.256167359583,37.8980373884714],[-122.256209806218,37.8979994890093],[-122.256246714638,37.8979581080157],[-122.256277632768,37.8979137509651],[-122.256302183216,37.8978669616577],[-122.256320066808,37.8978183105242],[-122.256331063736,37.8977683928309],[-122.256335040496,37.8977178179074],[-122.256333362846,37.8976790456622],[-122.256277477572,37.8970925054473],[-122.256264824161,37.8970031079548],[-122.256244510699,37.8969146021002],[-122.256216633162,37.8968273994731],[-122.256074614137,37.8964425077207],[-122.256049052272,37.8963886772204],[-122.256018711238,37.8963364289094],[-122.255983746468,37.8962860278438],[-122.255944335096,37.8962377302034],[-122.255855684454,37.8961452132636],[-122.255829857843,37.8961222230855],[-122.255799724527,37.8961028018082],[-122.255766058558,37.8960874500306],[-122.255729728309,37.8960765625963],[-122.255691667006,37.8960704193956],[-122.25565285686,37.8960691789554],[-122.25561429614,37.8960728737255],[-122.255576976449,37.8960814072305],[-122.255541859912,37.8960945611364],[-122.255509850722,37.8961119968722],[-122.255481772309,37.896133264499],[-122.255252080633,37.8963365036349],[-122.255211824296,37.8963677047387],[-122.255166606535,37.8963942985988],[-122.255117261435,37.89641579478],[-122.255064696047,37.8964317988464],[-122.255009881267,37.8964420141064],[-122.254953825566,37.8964462531634],[-122.254897561335,37.8964444378301],[-122.254842126656,37.8964366026177],[-122.25478854032,37.8964228900721],[-122.254338432807,37.8962810439498],[-122.254273838585,37.8962641312658],[-122.254207225619,37.8962531884988],[-122.25413947048,37.896248359998],[-122.254071461921,37.8962497099772],[-122.254004096365,37.8962572188813],[-122.253890479187,37.896275394229],[-122.25382556546,37.8962827058684],[-122.253760005062,37.8962834339772],[-122.253694858128,37.8962775690528],[-122.253631175794,37.8962652042848],[-122.253569986514,37.8962465390729],[-122.253512277893,37.8962218753063],[-122.253458981964,37.8961916118628],[-122.253410960474,37.8961562364026],[-122.253368987871,37.8961163216553],[-122.253333741215,37.8960725100336],[-122.253128705257,37.8957817266479],[-122.253081295273,37.8957162672676],[-122.253028440011,37.8956534807784],[-122.252970378859,37.8955936516964],[-122.252907374086,37.8955370511636],[-122.252839712013,37.8954839333499],[-122.252750642024,37.8954155956534],[-122.252709793413,37.8953807908923],[-122.252674849968,37.8953421597913],[-122.252646375192,37.8953003260191],[-122.252624830818,37.8952559666747],[-122.252610565558,37.8952098004992],[-122.25260380958,37.8951625716172],[-122.252569297744,37.8947111050497],[-122.252566989868,37.8946710840603],[-122.252570552858,37.8946279206088],[-122.252580389991,37.8945853729189],[-122.252596370379,37.894544011574],[-122.252618279117,37.8945043931039],[-122.252645823093,37.8944670474035],[-122.252678631001,37.8944324768325],[-122.252935029241,37.894172534627],[-122.252961266492,37.8941439320555],[-122.252982287937,37.8941127403261],[-122.252997692922,37.8940795535511],[-122.253007188473,37.8940450025772],[-122.253010593949,37.8940097441992],[-122.253007393706,37.8939686450179],[-122.252995855231,37.8939284951519],[-122.252976282908,37.8938903501354],[-122.252949188638,37.8938552136422],[-122.252915286449,37.8938240077096],[-122.252875466538,37.8937975527457],[-122.252830776167,37.8937765448771],[-122.252782389158,37.8937615359271],[-122.252731577598,37.8937529197179],[-122.252679676667,37.8937509237362],[-122.252604948255,37.8937472659238],[-122.252531136352,37.893737327405],[-122.252459076891,37.8937212225461],[-122.252389588049,37.8936991341005],[-122.252323460033,37.893671311341],[-122.252261442551,37.8936380717822],[-122.252195414641,37.8935987897187],[-122.252158788681,37.8935797570767],[-122.252118781884,37.8935656311817],[-122.252076433453,37.8935567791485],[-122.252032839717,37.8935534296575],[-122.251989132555,37.8935556701148],[-122.251946447587,37.8935634428443],[-122.251905890058,37.8935765448718],[-122.251868513135,37.8935946376998],[-122.251835287161,37.8936172507179],[-122.251446807748,37.8939176755861],[-122.251416596198,37.8939402112157],[-122.251382246413,37.8939586530095],[-122.251344632076,37.893972530641],[-122.251304712129,37.8939814905929],[-122.251263502235,37.8939853058903],[-122.251222050874,37.8939838786521],[-122.251181413125,37.8939772453326],[-122.251142624527,37.8939655747524],[-122.25110667155,37.8939491643054],[-122.251074468926,37.8939284317023],[-122.250940795881,37.8938391693592],[-122.250852116621,37.8937810127483],[-122.250759483328,37.8937268659653],[-122.250663182022,37.8936768984613],[-122.250563514803,37.8936312635669],[-122.250460791823,37.893590105652],[-122.250355331365,37.8935535520146],[-122.250286920699,37.8935272809149],[-122.250222164445,37.8934957244716],[-122.25016171109,37.893459198667],[-122.250106164255,37.8934180696706],[-122.250056081606,37.8933727484242],[-122.250011963516,37.893323687865],[-122.24997425195,37.8932713802148],[-122.249954952091,37.8932387225705],[-122.249941047658,37.893204385055],[-122.249932766136,37.893168925214],[-122.249930240427,37.8931329189167],[-122.24993430329,37.8930925301836],[-122.249945599684,37.893053015826],[-122.249963897362,37.8930151828165],[-122.250002969314,37.8929433684465],[-122.250009259537,37.8929305011896],[-122.250013142319,37.8929170489798],[-122.250014538595,37.8929032943177],[-122.250013394421,37.892888613169],[-122.250009392371,37.8928742499915],[-122.250002627869,37.8928605523884],[-122.249993264742,37.8928478512743],[-122.249981530742,37.8928364545375],[-122.249967707406,37.8928266370612],[-122.249952131228,37.8928186380274],[-122.249935178984,37.8928126491067],[-122.249917258635,37.8928088153015],[-122.249893887763,37.8928045862453],[-122.249869968264,37.8928033153183],[-122.249846093497,37.8928050333402],[-122.249822855298,37.8928096972161],[-122.249800826882,37.892817193432],[-122.24978055606,37.8928273344072],[-122.249762542372,37.8928398700648],[-122.2497101612,37.892876634082],[-122.249641219212,37.8928149485443],[-122.249613458017,37.8927243679503],[-122.249201321159,37.8913798482609],[-122.249016722282,37.8907621981299],[-122.250314547043,37.8898547896126],[-122.249541421398,37.889420878181],[-122.249234239747,37.887006754637],[-122.246891380536,37.8853226953337],[-122.245236350682,37.8699042653699]]]},"properties":{"PLN_HILL_Z":2}},{"type":"Feature","geometry":{"type":"Polygon","coordinates":[[[-122.244456731223,37.8626393042315],[-122.245753997608,37.8625598781992],[-122.245945429515,37.8625218404818],[-122.24579334379,37.8607818553879],[-122.245646483368,37.860612626246],[-122.245499104446,37.8604938767619],[-122.245453352328,37.860123344541],[-122.245435446522,37.8597978642678],[-122.244157332595,37.8598489832298],[-122.24406991986,37.8590343065873],[-122.244028897601,37.8586236227152],[-122.243884909681,37.8586322581715],[-122.243819967521,37.8576133646739],[-122.243830072143,37.8573062628309],[-122.243847755896,37.8571741522985],[-122.243870170224,37.8570220652499],[-122.243877122175,37.8568022197793],[-122.243872299084,37.8566704477921],[-122.243849904331,37.8565286388299],[-122.243802168173,37.8564139744751],[-122.243721128759,37.856281964433],[-122.243687905709,37.8561952323672],[-122.243662200168,37.8560596471502],[-122.243636974334,37.8557970251158],[-122.243549392075,37.8550189137372],[-122.243968236275,37.8550037987272],[-122.244478263957,37.8549632983826],[-122.24530531321,37.8549249813779],[-122.246524735021,37.854851317508],[-122.246611512076,37.854784805757],[-122.246692247321,37.8546826578236],[-122.246858009871,37.854365693368],[-122.246911553638,37.8542859334172],[-122.247320816667,37.8543066635072],[-122.247808776985,37.8543591815092],[-122.247991642534,37.8544004128999],[-122.248195859005,37.8544667434426],[-122.248594699499,37.8539719079948],[-122.249012087303,37.8534548337481],[-122.249070991588,37.8533818558622],[-122.249362131565,37.8530211426377],[-122.249444651126,37.8529210356523],[-122.249966374002,37.8522753638775],[-122.250233961071,37.8519438372744],[-122.250650750395,37.8513770368794],[-122.252296987853,37.8508956160767],[-122.252816219776,37.8508202776473],[-122.253131666944,37.8537081497294],[-122.256105595636,37.8533142143582],[-122.261420512912,37.8526084573654],[-122.265963355177,37.8520170205758],[-122.268981181354,37.8516421683111],[-122.268379911866,37.8486741560398],[-122.269488150802,37.8485253133078],[-122.269123592473,37.8467468535845],[-122.272315454394,37.8463267743826],[-122.275804925212,37.8458859986313],[-122.276181805545,37.8477334021174],[-122.28189712971,37.8469728057075],[-122.282187276036,37.8483474896726],[-122.28246047074,37.8491231738221],[-122.283010065929,37.8490015406265],[-122.28360130156,37.8506653082196],[-122.285869295245,37.8502062189512],[-122.285950696703,37.8504590419883],[-122.286309612704,37.8504634530844],[-122.301015115187,37.8474643491382],[-122.301033946348,37.8475359012952],[-122.301045020814,37.8476084646295],[-122.301048260553,37.847681513224],[-122.301045690375,37.8477354865396],[-122.301039008856,37.8477892380673],[-122.301003219215,37.8479890765263],[-122.300961023963,37.8481881270627],[-122.300912449273,37.8483862609396],[-122.300857526999,37.8485833494527],[-122.30079629239,37.8487792657195],[-122.300735734212,37.8489721242594],[-122.300680861346,37.8491660494101],[-122.300631703247,37.8493609359028],[-122.300588287093,37.8495566784545],[-122.300550636675,37.8497531699586],[-122.300532188374,37.8498323861694],[-122.300505109534,37.8499100270168],[-122.300469603482,37.8499855024522],[-122.300425942727,37.8500582390601],[-122.300396804371,37.8501089026619],[-122.300375533933,37.850161969892],[-122.300362438727,37.8502166764789],[-122.300357706958,37.8502722331068],[-122.300361230998,37.8503266797191],[-122.300372786507,37.8503804232696],[-122.300385268443,37.8504315171041],[-122.300393058445,37.8504831923373],[-122.30039565705,37.8505377830637],[-122.300391321692,37.8505978205859],[-122.300379496049,37.850657220552],[-122.300357183506,37.8507518637817],[-122.300340004571,37.8508471783295],[-122.300327992747,37.850942988644],[-122.300277634626,37.8514854246829],[-122.300272617501,37.8515891962332],[-122.300275843406,37.8516953898767],[-122.300287529761,37.8518012101832],[-122.300307629465,37.85190623236],[-122.300336062404,37.8520100368244],[-122.30035189928,37.8520672280224],[-122.300363474393,37.8521250572502],[-122.300370746417,37.8521833259783],[-122.300379232838,37.8523125185886],[-122.300382099143,37.8524418670763],[-122.300385315112,37.8524869446699],[-122.300394894019,37.8525314498902],[-122.300410715006,37.8525748214117],[-122.300442833459,37.8526573383982],[-122.300466847039,37.8527415710624],[-122.300482613812,37.8528270192481],[-122.300490039648,37.852913175871],[-122.300493274098,37.8529419905862],[-122.300500766824,37.8529703033392],[-122.300512412444,37.8529977187358],[-122.300528458682,37.8530362759532],[-122.300538041607,37.8530761611399],[-122.300540997119,37.8531166955482],[-122.300539215304,37.8531440690346],[-122.300534405217,37.8531712118266],[-122.300530800553,37.8531915624033],[-122.300529466531,37.8532120850959],[-122.30053046775,37.8532331615365],[-122.300533863215,37.8532540809532],[-122.300551135983,37.8533153806381],[-122.300575515201,37.8533751443625],[-122.300606788672,37.8534328535179],[-122.300637976278,37.85348918858],[-122.300663568472,37.8535472695596],[-122.300683410525,37.8536067485426],[-122.300697384191,37.8536672661139],[-122.300705405349,37.8537284603563],[-122.30071457851,37.8538053656156],[-122.300729436003,37.8538817106763],[-122.300742910077,37.8539272556526],[-122.300761821349,37.853971568397],[-122.300785996341,37.8540142422937],[-122.300805636936,37.8540469335484],[-122.300823158454,37.854080373812],[-122.30083707175,37.8541150490546],[-122.300845602735,37.8541508036352],[-122.300848626777,37.8541871122608],[-122.300850812118,37.8542467495496],[-122.300856590933,37.8543062351254],[-122.300888629706,37.8545806319285],[-122.300894128091,37.8546103568561],[-122.300904193087,37.8546393193609],[-122.300918674241,37.8546670814203],[-122.300931812308,37.8546922614038],[-122.300940959312,37.8547185271866],[-122.300945975741,37.8547454849763],[-122.300961918359,37.8548617656359],[-122.300984621027,37.8549773383468],[-122.301029094051,37.8551551945252],[-122.301081659212,37.8553316584444],[-122.301142246013,37.8555064971413],[-122.301182599701,37.8556240762969],[-122.301216826364,37.8557428709754],[-122.301244867619,37.855862680748],[-122.301265348165,37.8559420594996],[-122.301293537542,37.8560199391699],[-122.301329265166,37.8560958482652],[-122.301347145278,37.8561373778935],[-122.301357834705,37.8561804340095],[-122.301361139572,37.8562242385483],[-122.301356398718,37.8562712742613],[-122.301351274679,37.8563061555347],[-122.30134934413,37.8563412396202],[-122.301350510622,37.8563750631435],[-122.301354645421,37.856408740243],[-122.30136589379,37.8564493075913],[-122.301385636424,37.8564877820557],[-122.301413304077,37.8565230525629],[-122.301439922961,37.856557073054],[-122.301458784793,37.8565942101657],[-122.301469330439,37.8566333628071],[-122.301489797365,37.8567410943783],[-122.301516963006,37.8568478904799],[-122.301550760509,37.8569534902365],[-122.301586594902,37.8570663484776],[-122.301614793489,37.8571805602269],[-122.301635275178,37.8572958005425],[-122.301645292365,37.8573396574949],[-122.301662505128,37.8573820871096],[-122.301686612388,37.8574223503383],[-122.30170587159,37.8574543947412],[-122.30171976172,37.85748813959],[-122.301728050488,37.8575230229033],[-122.301730600154,37.8575584616288],[-122.301728260579,37.8575883563344],[-122.301721834477,37.857617871695],[-122.301719253828,37.8576296994097],[-122.301718315515,37.8576416792685],[-122.301719593098,37.8576574802406],[-122.301723728043,37.8576729709875],[-122.301730632469,37.8576878274229],[-122.301740163775,37.8577017413589],[-122.301752122359,37.8577144222956],[-122.301763326729,37.857726437208],[-122.301772067538,37.8577396758902],[-122.301778134043,37.8577538234423],[-122.301781383924,37.8577685419365],[-122.301799259183,37.8578871790617],[-122.301823659699,37.8580050824636],[-122.301854538731,37.85812202834],[-122.301891837052,37.8582377910112],[-122.30193877727,37.8583810787004],[-122.301979239975,37.8585256023997],[-122.302013173428,37.8586711788459],[-122.302040535012,37.858817622125],[-122.302049215432,37.8588546428986],[-122.302062958116,37.8588906860302],[-122.302081600041,37.8589253188314],[-122.302104914376,37.8589581244586],[-122.302117929453,37.8589771792677],[-122.302127361774,37.8589975170144],[-122.30213301408,37.8590187183296],[-122.302134771156,37.8590403426989],[-122.302133633753,37.8590557192606],[-122.30213052337,37.8590709227967],[-122.302118799917,37.8591115206431],[-122.302114251777,37.859131274407],[-122.302112603195,37.8591513121399],[-122.302115389101,37.8591802872597],[-122.302126533234,37.8592549030231],[-122.302129784644,37.8593299965587],[-122.302129515835,37.859343796495],[-122.302122949989,37.8594341872047],[-122.302108485414,37.8595239984307],[-122.302106174653,37.859545541005],[-122.302108288683,37.859568250845],[-122.30211503036,37.8595903869498],[-122.302126219949,37.8596113597077],[-122.302141560323,37.8596306112574],[-122.302166224129,37.8596605398227],[-122.302185740431,37.8596927677235],[-122.30219977453,37.8597267422876],[-122.302237194414,37.8598326435754],[-122.302280403655,37.8599371515048],[-122.302329321187,37.8600400646007],[-122.302361298326,37.8601103919341],[-122.302386763068,37.860182372404],[-122.302405581427,37.8602556257757],[-122.302417653549,37.8603297684103],[-122.302425044796,37.8603670708261],[-122.302438401791,37.8604033153141],[-122.302457502807,37.860437904803],[-122.302482034903,37.8604702705218],[-122.302507822156,37.8605040740255],[-122.302528205453,37.8605401221832],[-122.302542881808,37.8605778742286],[-122.30255162917,37.8606167655392],[-122.302564253678,37.860679601079],[-122.302583518196,37.8607413691571],[-122.302609285935,37.8608016282269],[-122.302641374516,37.860859949089],[-122.302682162877,37.8609325466002],[-122.302716557812,37.8610071963371],[-122.302744394393,37.861083544021],[-122.302765542987,37.8611612292722],[-122.302777311547,37.861201036143],[-122.302794254813,37.8612396514983],[-122.302816190319,37.8612766542524],[-122.302842877471,37.8613116391979],[-122.302993405937,37.8614919871634],[-122.303138777462,37.8616749758498],[-122.303203341697,37.8617526106232],[-122.303274076398,37.8618267875543],[-122.303350690018,37.8618972002699],[-122.303432862457,37.8619635557465],[-122.303514911384,37.8620223945393],[-122.303600880309,37.8620776044144],[-122.303690513851,37.8621290207186],[-122.303783545132,37.8621764922507],[-122.30384036349,37.8622065682247],[-122.303893604256,37.8622405112051],[-122.303942849317,37.8622780537443],[-122.303987712626,37.8623189033483],[-122.304055676882,37.8623893473935],[-122.304120135374,37.86246183194],[-122.304180990204,37.862536249161],[-122.304224749672,37.862597802097],[-122.304261731771,37.8626620882524],[-122.304291666909,37.8627286391699],[-122.30431433793,37.862796971379],[-122.304317102377,37.8628105558008],[-122.304317933813,37.8628243000471],[-122.304315592548,37.8628447897628],[-122.304308986839,37.8628646864658],[-122.304298300387,37.8628834351423],[-122.304283831396,37.8629005148023],[-122.304276242871,37.8629093459111],[-122.304270634372,37.8629190629749],[-122.30426716653,37.8629293884432],[-122.304265937591,37.862940029976],[-122.304266783091,37.8629501006291],[-122.304269648733,37.8629599344618],[-122.304274461862,37.8629692786823],[-122.304281098557,37.8629778919124],[-122.304289386965,37.8629855523193],[-122.304299114071,37.862992063063],[-122.304310030203,37.8629972568298],[-122.304321853546,37.8630009994639],[-122.304349965359,37.8630086526132],[-122.304408202092,37.8630222952782],[-122.304468073972,37.863030338818],[-122.304528728273,37.863032670038],[-122.304589300162,37.8630292540862],[-122.304695808152,37.8630215650538],[-122.304698452443,37.8630213265042],[-122.304701006845,37.8630207332149],[-122.304703396161,37.8630198027679],[-122.304705549654,37.8630185617842],[-122.30470740331,37.8630170477401],[-122.304708903283,37.8630153044813],[-122.304710004749,37.863013384018],[-122.304710676489,37.8630113420462],[-122.304710897472,37.8630092388285],[-122.304710701857,37.8630071899322],[-122.304709068511,37.8630015904584],[-122.304706268221,37.8629962896322],[-122.304702380276,37.8629914393394],[-122.304697517068,37.8629871772403],[-122.30469329531,37.8629834921523],[-122.304689897946,37.8629793045037],[-122.304687420519,37.8629747302245],[-122.304685931205,37.862969894096],[-122.304685468547,37.8629649288362],[-122.304685885734,37.8629606979195],[-122.304687048997,37.8629565561304],[-122.304688935974,37.8629525844532],[-122.304691508398,37.8629488628773],[-122.304696428837,37.8629437662723],[-122.304702354278,37.8629393930323],[-122.304709118719,37.8629358665556],[-122.304716531359,37.8629332875617],[-122.304724384624,37.8629317269281],[-122.304732455273,37.8629312293026],[-122.304740518077,37.8629318086771],[-122.304748344677,37.8629334492827],[-122.304755716105,37.8629361038602],[-122.304762422741,37.8629396981672],[-122.304768064479,37.8629438621131],[-122.304772853382,37.8629486519292],[-122.304776677923,37.8629539588016],[-122.304779452851,37.8629596605525],[-122.30478111344,37.8629656279145],[-122.304781623439,37.8629717263807],[-122.304781056543,37.8629774931209],[-122.304779460798,37.8629831384205],[-122.304776869135,37.8629885453055],[-122.304773334861,37.8629936059353],[-122.304768928295,37.8629982170762],[-122.304766982376,37.8630002344],[-122.304765421111,37.8630024513786],[-122.304764275617,37.863004823131],[-122.304763570233,37.8630073002297],[-122.304763319074,37.8630098322855],[-122.304763596634,37.8630128397416],[-122.304764518414,37.8630157662801],[-122.304766055678,37.8630185243055],[-122.304768164838,37.8630210342467],[-122.304770782926,37.8630232218256],[-122.304773834371,37.8630250235053],[-122.304777227591,37.8630263855686],[-122.30479207578,37.8630301658447],[-122.304807504162,37.863031967598],[-122.304823097104,37.8630317424083],[-122.304876388154,37.8630292170616],[-122.304929761892,37.8630301125917],[-122.304977365137,37.8630307469085],[-122.305024847817,37.8630279979361],[-122.305071830018,37.8630218868659],[-122.305120998405,37.8630154101355],[-122.305170686564,37.8630122982805],[-122.305236811634,37.8630080675494],[-122.305302203669,37.8629992088151],[-122.305366348151,37.8629857911468],[-122.305428741585,37.8629679206329],[-122.305456994804,37.8629606390003],[-122.305486317888,37.8629568606945],[-122.305516025629,37.8629566736052],[-122.305545421086,37.8629600835358],[-122.305582534307,37.8629644988558],[-122.305620063163,37.862964601217],[-122.305657214125,37.8629603904458],[-122.305692683172,37.8629565969585],[-122.305728459547,37.8629573676258],[-122.30576361578,37.8629626816568],[-122.305797240267,37.8629724020883],[-122.305809776008,37.8629760748675],[-122.305822872053,37.8629781899065],[-122.305836221905,37.8629786985309],[-122.30584951305,37.8629775880826],[-122.305862434879,37.8629748846706],[-122.30587468667,37.8629706514154],[-122.305885982141,37.8629649875744],[-122.305914174119,37.8629495640769],[-122.305943706731,37.8629358059561],[-122.305989690454,37.8629125009453],[-122.306030803297,37.8628840442491],[-122.306066135541,37.8628510668247],[-122.30607809757,37.8628357828697],[-122.306087017773,37.8628192444102],[-122.306092691392,37.862801828784],[-122.306094989638,37.8627839345059],[-122.306095141745,37.8627769269354],[-122.306092859328,37.8627378459674],[-122.306085311646,37.8626991837143],[-122.306038157941,37.8625361860691],[-122.306002143786,37.8624321689895],[-122.305959816355,37.8623296577001],[-122.305911278025,37.8622288907395],[-122.30579691185,37.8620001790233],[-122.305689245511,37.8617694319176],[-122.305452991049,37.8612475380864],[-122.305399937879,37.8611237152855],[-122.305352836624,37.860998389063],[-122.305311753779,37.8608717391757],[-122.305278769649,37.8607504312631],[-122.305252074501,37.8606281546023],[-122.30523171298,37.8605051149562],[-122.30521851824,37.860433637415],[-122.305198989682,37.8603630769678],[-122.305173224059,37.8602937856872],[-122.305160622679,37.8602575603834],[-122.305152922151,37.8602204825332],[-122.305150206115,37.8601829663255],[-122.305150223913,37.8601756217779],[-122.30515464011,37.8601143850175],[-122.305166695238,37.8600537981042],[-122.305186271133,37.859994457897],[-122.305198733909,37.859956681556],[-122.305206407941,37.8599181108551],[-122.305209218034,37.8598791275005],[-122.305208180658,37.8598506134178],[-122.305208021822,37.8598463412435],[-122.305209029975,37.8598371584897],[-122.30521191375,37.8598282292519],[-122.305216597009,37.8598197928252],[-122.30522295485,37.8598120755987],[-122.305230814817,37.8598052838524],[-122.305239967158,37.8597996002125],[-122.305258491206,37.8597879944805],[-122.30527439086,37.8597741560751],[-122.305287243186,37.8597584529343],[-122.305319486696,37.8597054901977],[-122.305345588264,37.8596504416716],[-122.305353627987,37.859635274341],[-122.305364801019,37.859621408939],[-122.305378780702,37.8596092509229],[-122.305395163581,37.8595991521206],[-122.305477879706,37.8595524969127],[-122.305555544547,37.8595006717684],[-122.305627645619,37.8594440170687],[-122.305656351758,37.8594229671617],[-122.305688773284,37.8594056371701],[-122.305724150424,37.8593924327002],[-122.305761654953,37.8593836643193],[-122.305800408493,37.8593795359472],[-122.305839502964,37.8593801458781],[-122.30585510385,37.8593822639627],[-122.305870052752,37.8593863853858],[-122.305883946024,37.8593923978102],[-122.305896404373,37.8594001376686],[-122.305907088723,37.8594093956648],[-122.305915710418,37.8594199195375],[-122.305922033415,37.8594314230866],[-122.306018661344,37.8596442016748],[-122.306052112586,37.859724257179],[-122.306078338582,37.8598059870587],[-122.306097208984,37.8598889840664],[-122.306108627648,37.8599728303392],[-122.306112539357,37.8600571073529],[-122.306117073014,37.8602102460681],[-122.306130110663,37.8603630770797],[-122.306151624427,37.8605153054974],[-122.30617209231,37.8606138240854],[-122.306199894289,37.8607112060893],[-122.306234930142,37.8608071102241],[-122.306307478294,37.860994290479],[-122.306373638723,37.8611829535394],[-122.306414576849,37.8613136120655],[-122.306450809572,37.8614451414497],[-122.306482309453,37.8615774342804],[-122.306582297075,37.8620326939485],[-122.306608424237,37.8621306995836],[-122.306643357841,37.8622269643958],[-122.306686918389,37.8623209934109],[-122.306738880822,37.8624123003978],[-122.306766527303,37.8624645354773],[-122.30678573481,37.8625190975793],[-122.30679620209,37.8625751341121],[-122.306802981621,37.8626099126271],[-122.306815731679,37.8626436213048],[-122.306834212726,37.8626756179127],[-122.306854418842,37.8627120572401],[-122.306866621672,37.8627506684372],[-122.306870473353,37.862790356188],[-122.306870230168,37.8627983564504],[-122.306869997904,37.8628056762995],[-122.306873554729,37.8628421311728],[-122.306884813981,37.8628775885904],[-122.306903455497,37.862911032709],[-122.306917346383,37.8629359514543],[-122.306925736766,37.8629623709221],[-122.306928387041,37.8629895335168],[-122.306926219103,37.8630117430757],[-122.306925364006,37.863020623906],[-122.306926237467,37.8630305396831],[-122.306929029781,37.8630402297149],[-122.306933673771,37.863049461973],[-122.306940058957,37.863058015891],[-122.306957535891,37.8630814388608],[-122.306970246793,37.8631067192833],[-122.306977885842,37.8631332505914],[-122.306980272522,37.8631603990146],[-122.30697858842,37.8631807169005],[-122.306976808534,37.8632025222599],[-122.306978710871,37.8632278544273],[-122.306984871351,37.8632527574052],[-122.306995177084,37.8632767825852],[-122.307009445665,37.863299498975],[-122.307031399565,37.8633344623215],[-122.307047256976,37.8633714393275],[-122.307056735346,37.8634097658811],[-122.307059661499,37.8634487523754],[-122.307059129578,37.8634624579352],[-122.3070585895,37.8634764275262],[-122.307062195177,37.8635199407154],[-122.307073760323,37.8635625733152],[-122.307093037678,37.8636034153633],[-122.307121970112,37.8636611702368],[-122.307142985004,37.8637210380132],[-122.307155843141,37.8637823386142],[-122.307176066676,37.8639043955542],[-122.307202155129,37.8640257515421],[-122.307234070402,37.8641462287951],[-122.307271767558,37.8642656512917],[-122.30728684173,37.8643167424301],[-122.307297431193,37.8643685363286],[-122.307303487082,37.8644207866474],[-122.3073069811,37.864440905168],[-122.307314522225,37.8644603138446],[-122.307325912848,37.8644785049866],[-122.307340855032,37.8644950009566],[-122.307354279886,37.8645095114598],[-122.307364971431,37.8645253857639],[-122.307372712118,37.8645423026303],[-122.307377344861,37.8645599186436],[-122.307378776352,37.8645778781453],[-122.307378576107,37.8645833604425],[-122.307378280749,37.8645914739598],[-122.307380675066,37.8646197697617],[-122.307388340984,37.8646474701745],[-122.30740110803,37.8646739622154],[-122.307406275942,37.8646846882759],[-122.307409379252,37.864695903311],[-122.307410347522,37.8647073590506],[-122.307408839104,37.8647203324219],[-122.30740459783,37.8647329192853],[-122.307397744158,37.8647447607328],[-122.307328888823,37.8648387797771],[-122.307314396661,37.8648552098356],[-122.30729696981,37.8648697380201],[-122.307276997878,37.8648820367477],[-122.307254931386,37.8648918292666],[-122.307231265794,37.8648988967725],[-122.30715297816,37.8649182772031],[-122.307138932331,37.8649228515365],[-122.307125886864,37.864929014428],[-122.307114127237,37.8649366314624],[-122.307103908531,37.8649455365007],[-122.307095453113,37.8649555361722],[-122.307065097287,37.8649913380933],[-122.307028495344,37.8650232592239],[-122.306988254608,37.865048945402],[-122.306943233364,37.8650690343288],[-122.306917631883,37.8650803165447],[-122.306894582579,37.8650946466346],[-122.306874657239,37.865111667448],[-122.306858352075,37.8651309582997],[-122.30683389986,37.8651594845164],[-122.306803755393,37.8651843522089],[-122.306786764795,37.8651979239077],[-122.306772292149,37.8652132210857],[-122.306760613048,37.8652299515448],[-122.306751949898,37.8652477966357],[-122.306734483815,37.8652827514375],[-122.306710386464,37.8653151336512],[-122.306708823798,37.8653171370397],[-122.306707673382,37.8653193086939],[-122.306706964138,37.8653215956076],[-122.306706712502,37.8653239419974],[-122.306706903571,37.865326361295],[-122.306707586306,37.8653287240023],[-122.306708743093,37.8653309687275],[-122.30671034153,37.8653330348932],[-122.306712341188,37.8653348690849],[-122.306714689102,37.8653364214195],[-122.306717323101,37.8653376536765],[-122.30672017303,37.8653385302924],[-122.30672316519,37.8653390301035],[-122.306726220122,37.8653391400236],[-122.306734353531,37.8653396151281],[-122.30674230041,37.8653410697419],[-122.306749874621,37.8653434703224],[-122.306756895942,37.8653467590271],[-122.306760775057,37.8653485745414],[-122.306764987883,37.8653498404283],[-122.306769412004,37.8653505172114],[-122.306773915711,37.8653505869906],[-122.306778369429,37.8653500462991],[-122.306782641125,37.8653489114841],[-122.306786606557,37.8653472169646],[-122.306790149312,37.8653450107251],[-122.306793166458,37.8653423579542],[-122.30679556859,37.865339336538],[-122.306797285533,37.8653360343903],[-122.306811936268,37.8653115585759],[-122.306817389588,37.8653058908972],[-122.306823963168,37.865301027459],[-122.306831471541,37.8652971059687],[-122.306839702213,37.8652942369354],[-122.306848423637,37.8652925010138],[-122.306857387498,37.8652919490168],[-122.306866342413,37.8652925947866],[-122.306875033885,37.8652944206016],[-122.306938971647,37.8653116331599],[-122.306945050607,37.8653135742791],[-122.306950661027,37.8653162589116],[-122.306955659153,37.8653196195157],[-122.306959916199,37.865323568809],[-122.306963323965,37.8653280061111],[-122.306965795971,37.8653328182512],[-122.306967266309,37.8653378804628],[-122.306967699798,37.8653430645552],[-122.306967695392,37.8653435350049],[-122.306966285109,37.8653554886813],[-122.306962536975,37.8653671212552],[-122.306956542338,37.8653781475539],[-122.306948449267,37.8653882953563],[-122.306913033163,37.8654226109566],[-122.306873895722,37.8654542836749],[-122.306831346286,37.8654830593612],[-122.306793525695,37.8655031608778],[-122.306752471729,37.8655187756286],[-122.306709026422,37.8655295832011],[-122.306664079776,37.8655353617076],[-122.306618552634,37.8655359948948],[-122.306573378538,37.8655314675303],[-122.306549663973,37.8655292954419],[-122.306525823302,37.8655302681228],[-122.306502515033,37.8655343588076],[-122.306480383717,37.8655414532237],[-122.306460041697,37.8655513557927],[-122.306442048601,37.865563794016],[-122.306418735562,37.8655858582652],[-122.306399952842,37.8656104899461],[-122.306386142454,37.8656371085277],[-122.306377629739,37.8656650877262],[-122.306374614133,37.8656937707729],[-122.306376572641,37.8657194006969],[-122.306382921533,37.8657445787993],[-122.306403880252,37.8657932126252],[-122.306432678304,37.8658392572426],[-122.306468821731,37.8658819229064],[-122.306511690984,37.8659204759126],[-122.306526197374,37.86593034941],[-122.306542409303,37.8659383834953],[-122.306559960114,37.8659443966507],[-122.306578450908,37.8659482513323],[-122.306597461846,37.8659498603454],[-122.306616562378,37.8659491878062],[-122.306642807248,37.8659482662189],[-122.306668934462,37.8659504371744],[-122.306694368069,37.8659556522166],[-122.306718546377,37.8659637971795],[-122.306740842141,37.8659711973994],[-122.306764336013,37.865975705206],[-122.306788432183,37.865977207133],[-122.306812526179,37.8659756644705],[-122.306836005975,37.8659711168774],[-122.306858282716,37.8659636789572],[-122.306961336151,37.8659176436271],[-122.307023923429,37.8658841548986],[-122.30708236706,37.8658462524476],[-122.30713617405,37.8658042551408],[-122.307184889716,37.8657585190242],[-122.307228102302,37.8657094301391],[-122.307266784268,37.8656648381768],[-122.307309685711,37.8656227423745],[-122.307356551907,37.865583391789],[-122.30740710325,37.8655470218112],[-122.307455524739,37.8655187121761],[-122.307508096869,37.8654955174433],[-122.307563965714,37.8654778156354],[-122.307622220224,37.8654658934096],[-122.307681916108,37.8654599452971],[-122.307705240939,37.8654573560321],[-122.307727764976,37.8654518950368],[-122.307748926472,37.865443696907],[-122.307768201671,37.865432966763],[-122.307785111737,37.8654199694749],[-122.30779870867,37.8654095484337],[-122.307814233432,37.8654009863779],[-122.30783128605,37.8653945035751],[-122.307849427269,37.8653902659844],[-122.30786818993,37.8653883844222],[-122.308195709465,37.8653793297295],[-122.30826813686,37.8653750072531],[-122.308339590367,37.8653646781934],[-122.308409281028,37.8653484577898],[-122.308476437477,37.8653265253789],[-122.308553503125,37.8653000797587],[-122.308632702142,37.8652779484929],[-122.308713651537,37.8652602392865],[-122.308911660529,37.8652253805655],[-122.309110970788,37.8651955448497],[-122.309166023511,37.8651857977213],[-122.309219602581,37.8651718130479],[-122.309271190581,37.8651537256939],[-122.309320289065,37.8651317093915],[-122.309353560656,37.8651178822252],[-122.309389214587,37.8651085006879],[-122.309426311774,37.8651038107307],[-122.309480214697,37.8650988470909],[-122.309533476293,37.865090606164],[-122.309585777764,37.8650791374553],[-122.309649560441,37.8650598902743],[-122.309710253141,37.8650351468748],[-122.309767103794,37.8650052128979],[-122.309819409742,37.86497046007],[-122.309855665951,37.864947806755],[-122.309896286406,37.8649304200362],[-122.30994006802,37.8649188165099],[-122.309985710418,37.8649133391555],[-122.310029285995,37.8649088329838],[-122.310071759173,37.8648998958815],[-122.310261961767,37.8648504115997],[-122.310453044249,37.8648031024796],[-122.310562557843,37.8647791862269],[-122.310673524026,37.8647599371678],[-122.310785628536,37.864745409339],[-122.310898551527,37.8647356459302],[-122.310960800909,37.8647292343111],[-122.311022005509,37.8647181802861],[-122.311081614146,37.8647025824781],[-122.311139093448,37.8646825810745],[-122.311193925593,37.8646583551105],[-122.311223893824,37.8646413697791],[-122.31125077928,37.8646214038513],[-122.311274114877,37.8645988052005],[-122.311293494491,37.8645739680227],[-122.311300581676,37.8645650632281],[-122.311309326391,37.8645571397238],[-122.311319517675,37.8645503882515],[-122.311330907296,37.8645449731969],[-122.311343220039,37.8645410263417],[-122.311356156017,37.8645386432713],[-122.311365686698,37.8645369081421],[-122.311374759754,37.8645340157772],[-122.311383151706,37.864530036072],[-122.311390658141,37.8645250669734],[-122.311397094882,37.8645192308819],[-122.311402302587,37.8645126692703],[-122.311406155834,37.8645055436383],[-122.3114568812,37.8643976389706],[-122.311462070268,37.8643851368143],[-122.311465265693,37.8643722210217],[-122.311466417866,37.8643590913902],[-122.311464625263,37.8643409811084],[-122.31145895801,37.8643233790303],[-122.311449581826,37.8643068025663],[-122.311437078415,37.8642846945937],[-122.311429522904,37.8642612194509],[-122.311427137395,37.8642370652241],[-122.311427394392,37.8642303385625],[-122.311427919271,37.864216815002],[-122.311425152372,37.8641794014014],[-122.311416184932,37.864142603174],[-122.311401174673,37.8641070647652],[-122.311380381857,37.8640734068844],[-122.311361637482,37.8640431931108],[-122.311347954011,37.8640113181061],[-122.311339558433,37.8639783113583],[-122.31133659,37.8639447234728],[-122.311333841102,37.8639166203481],[-122.311326014983,37.8638891247416],[-122.311313274578,37.8638628090262],[-122.311295886488,37.863838222747],[-122.311265687782,37.8637975563377],[-122.311240846214,37.8637546707259],[-122.311221620269,37.8637100090614],[-122.311200575872,37.8636430630588],[-122.311185309056,37.8635751395995],[-122.311182396814,37.8635434627818],[-122.311186103449,37.8635094587873],[-122.311197161792,37.863476472101],[-122.311215239714,37.8634454967084],[-122.311239795375,37.8634174613755],[-122.311270088781,37.863393209888],[-122.311305210484,37.8633734705759],[-122.311344104509,37.8633588366198],[-122.311385601484,37.8633497482189],[-122.311451217929,37.8633404304238],[-122.311517316155,37.8633335813519],[-122.311758513089,37.8633103960505],[-122.311998771709,37.8632817357144],[-122.312254438656,37.8632463979689],[-122.312509269166,37.8632074541102],[-122.312763184664,37.8631649145002],[-122.31281810774,37.8631526322577],[-122.312870864561,37.8631353865346],[-122.312920745831,37.8631134102352],[-122.312967079184,37.8630869995711],[-122.313017238046,37.8630521363331],[-122.313063833195,37.8630142933305],[-122.313106586257,37.8629736987738],[-122.313121241512,37.8629609534357],[-122.313138382653,37.8629503343316],[-122.313157524879,37.8629421405659],[-122.313178128305,37.8629366042266],[-122.313199609415,37.8629338814382],[-122.313282174964,37.8629266091828],[-122.313363923394,37.8629148941279],[-122.313444475621,37.8628987899451],[-122.313523455771,37.8628783719564],[-122.313561986222,37.8628698900871],[-122.313601715149,37.8628662848885],[-122.313641667461,37.86286764441],[-122.313680860092,37.8628739358823],[-122.313783048321,37.8628966240372],[-122.31384513548,37.8629075157033],[-122.313908286325,37.8629134257685],[-122.31397186704,37.8629142937566],[-122.314035236496,37.8629101123265],[-122.314097761078,37.8629009219507],[-122.314158810087,37.8628868162966],[-122.314356494356,37.8628302171566],[-122.314552280482,37.8627696147972],[-122.314729123033,37.8627096174864],[-122.314902915866,37.8626442601874],[-122.315073402265,37.8625736396611],[-122.315160124937,37.8625336624417],[-122.315244117466,37.8624901740576],[-122.315294579141,37.8624589158803],[-122.315339998728,37.8624231254916],[-122.315379732624,37.8623833101892],[-122.315413217428,37.8623400336177],[-122.315486829662,37.8622337969226],[-122.315503053083,37.8622066838421],[-122.31551428865,37.8621780284884],[-122.31552031395,37.8621484018922],[-122.315526240222,37.8621155922467],[-122.315536513142,37.8620834649129],[-122.315567335636,37.8620161749325],[-122.315606046317,37.8619514967818],[-122.315652297607,37.8618900115708],[-122.315705676292,37.8618322684817],[-122.315747794357,37.861788930223],[-122.315787356885,37.8617441034805],[-122.315834818897,37.8616822196473],[-122.315875675306,37.8616174403076],[-122.315909645791,37.8615502072769],[-122.315916348126,37.8615299607648],[-122.31591873264,37.8615091132383],[-122.315916674034,37.8614879379636],[-122.315910160561,37.8614673370687],[-122.315885364014,37.8614181418047],[-122.315854459215,37.8613711705909],[-122.315760176309,37.8612383639487],[-122.315672141398,37.8611028887556],[-122.315590474389,37.8609649295866],[-122.315563355202,37.860909640613],[-122.315543266269,37.860852496175],[-122.315530404742,37.8607940571268],[-122.315506453737,37.8606590210141],[-122.315476911183,37.8605246824359],[-122.315441808725,37.860391187582],[-122.315433191975,37.8603501042078],[-122.315430556202,37.8603085085201],[-122.315433843855,37.8602677052604],[-122.315442887782,37.8602274519093],[-122.315452352818,37.8601853010746],[-122.31545578671,37.8601425734965],[-122.315454334372,37.8601100706477],[-122.315449387751,37.8600777845241],[-122.315441933809,37.8600291000738],[-122.3154397486,37.8599800884405],[-122.315441892553,37.8599399049293],[-122.315447580198,37.8598999385027],[-122.315460579277,37.8598181133547],[-122.315468981167,37.8597359108735],[-122.315474173837,37.859707422269],[-122.315485473164,37.8596800669434],[-122.315502540771,37.8596546622055],[-122.315524869463,37.8596319648965],[-122.315554702659,37.8596027002038],[-122.315579264316,37.8595705026897],[-122.315588912289,37.8595523156471],[-122.315594871215,37.8595331580965],[-122.315596994654,37.8595134996636],[-122.315595160005,37.8594934450876],[-122.315580534287,37.8594148509204],[-122.315563276477,37.8593322469085],[-122.315554024795,37.8592810301841],[-122.315550604517,37.8592293624594],[-122.3155506012,37.8592275084751],[-122.315552072278,37.8592115208321],[-122.315556171211,37.8591958242609],[-122.315562827301,37.8591806878378],[-122.315571925584,37.859166373171],[-122.315631093759,37.8590927062959],[-122.315647257463,37.8590763957607],[-122.315665913714,37.8590618536312],[-122.315678762756,37.8590543691422],[-122.315692952096,37.8590486040016],[-122.315708118868,37.8590447057153],[-122.315723875634,37.8590427747789],[-122.315768846695,37.8590375427214],[-122.315812411568,37.8590272651343],[-122.315818347068,37.859025880083],[-122.315824477104,37.8590252171983],[-122.315830663966,37.8590252937059],[-122.315836765586,37.8590261060765],[-122.315842643444,37.8590276363804],[-122.315848164848,37.859029850499],[-122.315853204088,37.8590326972291],[-122.315873037603,37.8590443950179],[-122.315894368948,37.8590542989144],[-122.315950669461,37.8590807834103],[-122.316002503063,37.85911248657],[-122.31604910448,37.8591489397868],[-122.31607864023,37.8591710128317],[-122.316112415515,37.8591888590818],[-122.31614947892,37.8592019772951],[-122.316200618266,37.8592153295615],[-122.316204105618,37.8592159816223],[-122.316207681419,37.8592161655228],[-122.31621124683,37.8592158743801],[-122.31621470059,37.8592151175204],[-122.316217948151,37.8592139160257],[-122.316220898256,37.8592123036152],[-122.316223468654,37.8592103239749],[-122.316225587213,37.8592080325662],[-122.316227197634,37.8592054939555],[-122.316228251516,37.8592027790641],[-122.316237425077,37.8591622136458],[-122.316239760861,37.8591341933102],[-122.316235752011,37.8590935179914],[-122.316234095891,37.8590767623008],[-122.316234960587,37.8590658544344],[-122.316237344983,37.8590550905874],[-122.316240308764,37.8590474440814],[-122.316244604501,37.8590402063866],[-122.316250145599,37.8590335221086],[-122.316256822826,37.859027524906],[-122.316264499796,37.8590223347602],[-122.316269004109,37.859020083342],[-122.316273885185,37.8590183947173],[-122.316279030131,37.8590173069862],[-122.316284323894,37.8590168456182],[-122.316289644753,37.8590170198208],[-122.316294871095,37.8590178270851],[-122.316302063084,37.8590198507952],[-122.316308733932,37.8590227889978],[-122.316314701366,37.8590265604195],[-122.316319799219,37.8590310631502],[-122.31632388883,37.8590361711049],[-122.316326857807,37.8590417448316],[-122.316328624584,37.8590476306366],[-122.316348230634,37.8591221157869],[-122.316358143693,37.8591611084142],[-122.316362855978,37.8592007098633],[-122.316364703322,37.8592126429277],[-122.316368972299,37.8592241790614],[-122.316375549794,37.8592350111667],[-122.316384261124,37.8592448516171],[-122.316410195614,37.8592666810505],[-122.316426801576,37.8592809999029],[-122.316440426759,37.8592971761433],[-122.316450747334,37.8593148230395],[-122.316457514822,37.8593335191462],[-122.316460570772,37.8593528192053],[-122.316467625638,37.8594024377284],[-122.316482431008,37.8594509710183],[-122.31650475744,37.8594976615533],[-122.316533481314,37.859554747809],[-122.316555566482,37.8596136612054],[-122.316570834375,37.8596739176153],[-122.316579156531,37.8597350232869],[-122.316588944067,37.859807329751],[-122.316606819946,37.8598786574842],[-122.316632639373,37.8599484387277],[-122.316664204848,37.8600292401051],[-122.316689677211,37.8601113823912],[-122.316708969302,37.8601945766697],[-122.316722011045,37.8602785305169],[-122.316735535213,37.8603641662747],[-122.316755867683,37.8604489528597],[-122.316782927509,37.8605325482078],[-122.316816607527,37.8606146182136],[-122.316853373312,37.8607023139726],[-122.316884498215,37.8607913712966],[-122.316909902466,37.8608815626007],[-122.316929521105,37.86097265678],[-122.316950995676,37.8610767439802],[-122.316977250225,37.8611801396696],[-122.317008249657,37.8612827066447],[-122.317077616057,37.8615063769775],[-122.317140007864,37.8617313353225],[-122.317195384212,37.8619574453577],[-122.317243714491,37.8621845681157],[-122.317283916952,37.8623739443427],[-122.317296501177,37.8624164079275],[-122.317314618848,37.8624575958152],[-122.317338069526,37.8624970543909],[-122.317366597988,37.8625343531554],[-122.317406985146,37.8625768066712],[-122.317452436075,37.862615910572],[-122.31750661735,37.8626610082014],[-122.317556974383,37.8627088118607],[-122.317603290786,37.8627591166079],[-122.317679206817,37.8628509217612],[-122.317692875421,37.8628709962036],[-122.317702977242,37.8628923559522],[-122.317709324927,37.8629146060561],[-122.31771180177,37.8629373339478],[-122.317715759172,37.8629960275882],[-122.317724836867,37.8630543633415],[-122.317734652984,37.8631210205239],[-122.317737519091,37.8631880925865],[-122.317734566665,37.8632442000256],[-122.317732372643,37.8632857433249],[-122.317733454924,37.8633226143679],[-122.317737378194,37.8633593648762],[-122.317746780507,37.8634238060758],[-122.317751853175,37.8634567318379],[-122.317748289518,37.8634859131483],[-122.31774598001,37.8634926306374],[-122.31774516122,37.8634995631609],[-122.317745450558,37.8635041866785],[-122.317746406627,37.8635087527715],[-122.317752554453,37.8635380137884],[-122.317754432256,37.8635676412246],[-122.317753718648,37.8635828951135],[-122.317753152463,37.8635949827057],[-122.317755262507,37.8636226025007],[-122.317762060855,37.8636497429336],[-122.317767383284,37.863670993864],[-122.317769032445,37.8636926209811],[-122.317767972029,37.8637078818732],[-122.317765079233,37.863722992447],[-122.3177632137,37.8637327273405],[-122.317762529614,37.8637425592092],[-122.317763708039,37.8637571652142],[-122.317767491348,37.8637714897867],[-122.317772572325,37.8637894595048],[-122.317775076308,37.8638077684998],[-122.317778041415,37.8638711368052],[-122.317778640321,37.8639345463785],[-122.3177763402,37.8640086852934],[-122.317775707924,37.8640289283203],[-122.317779629927,37.8640935684873],[-122.31779105827,37.864161339082],[-122.317794811472,37.8641997731183],[-122.317794618304,37.8642069147616],[-122.317793692258,37.8642385529603],[-122.317794443734,37.8642814679668],[-122.317797485469,37.8643243187316],[-122.317810399146,37.8644808241039],[-122.317818565678,37.864637530895],[-122.317821387619,37.8646593369503],[-122.317828175586,37.8646805864517],[-122.317833109061,37.8646966824194],[-122.317834664385,37.864713200449],[-122.317834542869,37.864716886041],[-122.317833975502,37.8647346517823],[-122.3178360622,37.8647784992496],[-122.317839872222,37.8648284106987],[-122.317840932487,37.8648784062596],[-122.317843706513,37.8649142911628],[-122.317852432023,37.8649495715289],[-122.317862434294,37.8649894117315],[-122.317865995505,37.8650299347509],[-122.317869110091,37.865138394786],[-122.317876787194,37.8652467127099],[-122.317901411369,37.8655491009657],[-122.317919658509,37.8658517740209],[-122.317924171955,37.8659366354332],[-122.317925095195,37.8659429173979],[-122.317927252621,37.8659490055237],[-122.317930593327,37.8659547489993],[-122.317935031098,37.8659600040194],[-122.317940458001,37.8659646392708],[-122.317946736388,37.8659685403929],[-122.317953711402,37.8659716100501],[-122.31796153346,37.8659740573124],[-122.317969671824,37.8659757376022],[-122.318019975071,37.865987093279],[-122.318025834236,37.8659892362466],[-122.318031232576,37.8659920371937],[-122.318036055827,37.8659954350719],[-122.3180401978,37.8659993562611],[-122.318043570585,37.8660037173333],[-122.318055903049,37.8660267321214],[-122.318063635676,37.8660509739671],[-122.318065768485,37.866064299344],[-122.318066397409,37.8660777223632],[-122.318065369115,37.8660923372097],[-122.318062558378,37.8661068047356],[-122.318057217086,37.8661213747726],[-122.318048934879,37.8661350535196],[-122.318037937991,37.8661474718541],[-122.318009390804,37.8661718460502],[-122.317977665002,37.866193609703],[-122.317943136998,37.8662125054179],[-122.317868548053,37.866244700168],[-122.317790193003,37.8662706721415],[-122.317723632678,37.8662874633262],[-122.317655697535,37.866300338492],[-122.317586754312,37.8663092276586],[-122.317428006089,37.8663043976282],[-122.317394884425,37.8662971466658],[-122.317363312824,37.8662863959412],[-122.317333874944,37.8662723462234],[-122.31732734268,37.866268113723],[-122.31732169146,37.8662631481704],[-122.317317050982,37.8662575629797],[-122.317308189905,37.8662419174006],[-122.317302832629,37.8662253016146],[-122.317301134946,37.8662082041259],[-122.317301157709,37.8662068460069],[-122.317301264769,37.8662007872239],[-122.317299866368,37.866165669183],[-122.317295030476,37.866130743014],[-122.317292833428,37.8661060348013],[-122.317296099654,37.8660785660565],[-122.317305298256,37.8660519572957],[-122.317315517279,37.8660252805446],[-122.317321667641,37.8659978303242],[-122.317322641179,37.865985469305],[-122.317321713896,37.8659717444211],[-122.31731870548,37.8659582084588],[-122.317313661866,37.8659450581667],[-122.317294180526,37.8658968142681],[-122.317258740609,37.8657975528747],[-122.317220405675,37.8656989695791],[-122.317149972799,37.8655197000771],[-122.317083482614,37.8653394863082],[-122.317042576158,37.8652362589836],[-122.316994294349,37.8651350537256],[-122.316965473761,37.8650747539492],[-122.316940963873,37.8650132678334],[-122.316920841327,37.8649507896039],[-122.31690199594,37.8648941789991],[-122.31687803007,37.8648387986922],[-122.316849070647,37.8647849396337],[-122.316812088131,37.8647179219767],[-122.316779675875,37.8646494337772],[-122.316751926426,37.8645796702556],[-122.316696590405,37.8644313853527],[-122.316637942295,37.8642839031787],[-122.316629309842,37.8642674242727],[-122.31661743991,37.8642522631955],[-122.316602642601,37.864238818316],[-122.316585303482,37.8642274406721],[-122.31652620419,37.8641975342466],[-122.316464000577,37.8641718891177],[-122.316399178493,37.8641507063862],[-122.316343901203,37.8641368299584],[-122.316287398487,37.86412651101],[-122.316230034653,37.8641198165482],[-122.316018597621,37.8641055935831],[-122.315932543424,37.8641040977127],[-122.315846626994,37.8641082365742],[-122.315744335155,37.8641191264433],[-122.31564311155,37.8641350994264],[-122.315543356916,37.8641560929624],[-122.315366487889,37.864195667976],[-122.315188122982,37.8642307735143],[-122.315008443312,37.8642613745726],[-122.314853556252,37.8642878231576],[-122.314699848342,37.8643182882621],[-122.314547484714,37.8643527366025],[-122.314396629389,37.864391132186],[-122.314241210956,37.8644302130212],[-122.314083950942,37.8644643528396],[-122.313925100003,37.8644934963132],[-122.313650286862,37.8645420607126],[-122.313377001334,37.864595770757],[-122.313105395981,37.8646545967027],[-122.313020754461,37.8646725613885],[-122.312935397261,37.8646882577847],[-122.31290121591,37.8646954705637],[-122.312868091382,37.8647053050573],[-122.312783231787,37.8647310699054],[-122.312695959123,37.8647511406471],[-122.312631218804,37.8647657692645],[-122.312568023753,37.864784162563],[-122.312541827135,37.8647908333109],[-122.312514639289,37.8647941851061],[-122.312487124902,37.8647941380089],[-122.312474270059,37.864794150371],[-122.312461588588,37.8647958149159],[-122.312449415123,37.8647990894343],[-122.31240646208,37.8648138244243],[-122.312503705836,37.8649901032694],[-122.312003669907,37.8651634603268],[-122.311997445905,37.8651521613809],[-122.311880865213,37.8651925935429],[-122.311800211077,37.865046376503],[-122.311742134031,37.8650730614378],[-122.311688783086,37.8651053574924],[-122.311646946424,37.8651371719519],[-122.31160925888,37.8651720939836],[-122.311599543674,37.8651838792896],[-122.311592338875,37.8651967473068],[-122.311587829477,37.8652103656385],[-122.311586133605,37.8652243798654],[-122.311586075186,37.865228459684],[-122.311587781115,37.8652675011183],[-122.311593618572,37.8653062909127],[-122.311600556438,37.8653333603979],[-122.311610176538,37.8653599083933],[-122.311613540813,37.8653663624046],[-122.311618086159,37.8653723447338],[-122.311623710381,37.8653777195891],[-122.311630287272,37.8653823663602],[-122.311637666595,37.8653861805198],[-122.311663122668,37.8653985310708],[-122.311687117768,37.8654126008568],[-122.311720361876,37.8654365298888],[-122.311749939134,37.8654633126062],[-122.31177546398,37.8654925988581],[-122.311796602318,37.8655240054468],[-122.311822463889,37.8655599974849],[-122.311855602124,37.8655920221879],[-122.311889061812,37.865623591804],[-122.311916345997,37.8656586980513],[-122.311936870507,37.8656965858407],[-122.311977545052,37.8657836641561],[-122.312022974421,37.8658692515591],[-122.312073072591,37.8659531862101],[-122.31211333658,37.8660246570658],[-122.312145560939,37.8660986460219],[-122.312180555653,37.8661853918503],[-122.312220083367,37.8662709059405],[-122.312264075002,37.8663550382696],[-122.312306011136,37.8664346521037],[-122.312344252977,37.8665154277451],[-122.31235238223,37.8665300698835],[-122.312363160638,37.8665435945665],[-122.312376349953,37.8665557029748],[-122.312412379991,37.8665882211921],[-122.312442714891,37.8666242067676],[-122.312466828357,37.866663037443],[-122.31254349139,37.8668025412885],[-122.31262671525,37.8669396616076],[-122.312662050583,37.8669995101449],[-122.312692868246,37.8670609086626],[-122.312719061093,37.8671236411293],[-122.312759535884,37.8672254298204],[-122.312803918845,37.8673261894967],[-122.312847311564,37.8674121468283],[-122.312897002641,37.867495932729],[-122.312952820821,37.8675772586788],[-122.312983511131,37.8676138536577],[-122.313019541754,37.8676472495504],[-122.313060385119,37.8676769610813],[-122.313105447233,37.8677025539615],[-122.313154072132,37.8677236557301],[-122.313222411245,37.8677488147373],[-122.313296931059,37.8677733274745],[-122.313373407272,37.8677937074234],[-122.313451473552,37.8678098569067],[-122.313507563612,37.8678220224662],[-122.313561991322,37.8678382512555],[-122.313607890955,37.8678517832012],[-122.313655267759,37.8678616077042],[-122.313703646274,37.8678676255527],[-122.313743366141,37.8678728862979],[-122.313782003117,37.8678818828918],[-122.31381900244,37.8678944868223],[-122.313851765808,37.8679053490894],[-122.313886121371,37.8679124811564],[-122.313921395076,37.8679157438997],[-122.313966010654,37.8679190376329],[-122.314010033749,37.8679256581793],[-122.314053071552,37.8679355446668],[-122.314210952451,37.8679802069054],[-122.314264506599,37.8679927052333],[-122.314319730979,37.8679991854083],[-122.314375555749,37.8679995222272],[-122.314410973865,37.8679988632325],[-122.31444635029,37.8680003724983],[-122.314466830366,37.8680005611471],[-122.314487082313,37.8679981302044],[-122.314506573466,37.8679931423634],[-122.314519756681,37.8679895301215],[-122.314533395243,37.8679872057749],[-122.314547286447,37.8679862050961],[-122.314557836481,37.8679866477645],[-122.314568133327,37.867988525621],[-122.314577865985,37.8679917827775],[-122.314586745445,37.867996321113],[-122.314594504644,37.8680020056816],[-122.314600910954,37.8680086656859],[-122.3146412927,37.8680633866997],[-122.314668674975,37.8681085152659],[-122.314691132457,37.8681553222111],[-122.314709323705,37.8682025495594],[-122.314724565424,37.868250427596],[-122.314748585567,37.8683345067317],[-122.314803872883,37.8685248844058],[-122.3148409932,37.8686456557347],[-122.314873960816,37.8687320013891],[-122.314911022494,37.8688160301954],[-122.314940650181,37.8688895769453],[-122.314965491116,37.8689502587041],[-122.314972967377,37.8689645354403],[-122.314982301125,37.8689781064546],[-122.314991361162,37.8689882076959],[-122.315002020221,37.8689972754426],[-122.31500933874,37.8690021886156],[-122.315017263427,37.8690064690012],[-122.315041347899,37.8690162376465],[-122.315071989458,37.869024499615],[-122.315106546847,37.8690297947623],[-122.315137019238,37.8690317683022],[-122.315167591903,37.8690316297841],[-122.315211874552,37.8690288391782],[-122.315255867366,37.8690239504598],[-122.315364971325,37.8690068492873],[-122.315434315741,37.8689921323964],[-122.315517085144,37.8689695558171],[-122.315583883909,37.8689517623418],[-122.315724048134,37.8689203774216],[-122.315814299927,37.8689025614932],[-122.316052756273,37.8688601080221],[-122.316334398538,37.8688083727584],[-122.316439872942,37.8687908880918],[-122.31654533699,37.868773411382],[-122.316644208803,37.8687533699877],[-122.316740245942,37.8687339682018],[-122.316939537995,37.8686991620496],[-122.317158815793,37.8686592223358],[-122.317196137311,37.8686537732505],[-122.317233863816,37.8686505157456],[-122.317272988284,37.86864718612],[-122.317311717962,37.8686416676523],[-122.317352082135,37.8686336070847],[-122.317391140009,37.8686235687004],[-122.317413689033,37.8686161673167],[-122.317435296594,37.8686071714888],[-122.317452173728,37.8686003518979],[-122.317469946568,37.8685951562216],[-122.317564934811,37.8685740523456],[-122.317723297433,37.8685368940804],[-122.317768494351,37.8685252886445],[-122.317772962345,37.8685239517776],[-122.31779451096,37.8685169023375],[-122.317831378619,37.8685029557215],[-122.317866374139,37.8684862511022],[-122.317915223401,37.8684584299534],[-122.317961668097,37.8684281316171],[-122.317998950292,37.8684007805964],[-122.318034441593,37.868371969909],[-122.318053706436,37.8683540213597],[-122.318070940886,37.8683348190634],[-122.318108757668,37.8682873253723],[-122.318142259771,37.8682427881623],[-122.318183937984,37.8681848771163],[-122.31822077377,37.8681321655211],[-122.318258571796,37.8680728656157],[-122.31831386254,37.8679739595539],[-122.318332882037,37.8679356051323],[-122.318349616715,37.8678965867445],[-122.318356260913,37.867876596647],[-122.318360522422,37.8678562015927],[-122.318365002806,37.8678114304949],[-122.31836607998,37.8677483118713],[-122.318361986531,37.8675961992396],[-122.318354256265,37.8674229626393],[-122.318348026989,37.8673610184581],[-122.31834353939,37.867342771907],[-122.318335397056,37.8673253387945],[-122.31831238374,37.8673003839012],[-122.318288579152,37.8672841895108],[-122.318238884188,37.8672538517011],[-122.318187577605,37.8672258046411],[-122.318152646829,37.8672060694985],[-122.318142921029,37.8671991011459],[-122.318134422705,37.8671911890356],[-122.318123888072,37.8671788451831],[-122.318114806112,37.8671657950163],[-122.318109560548,37.8671555358446],[-122.318106276227,37.8671447769975],[-122.318103369953,37.8671154491662],[-122.318103478577,37.8671114345282],[-122.318105592121,37.8670950251828],[-122.318110647648,37.8670790249393],[-122.318120204869,37.8670597475228],[-122.318132466818,37.8670414564639],[-122.318147519166,37.8670247245799],[-122.318165541267,37.867009952182],[-122.318188304245,37.8669959264685],[-122.318213223347,37.8669844332558],[-122.318237441012,37.866976513214],[-122.318262801278,37.8669713072721],[-122.318287864846,37.8669690585569],[-122.318313077168,37.8669696678013],[-122.318344087195,37.8669740410651],[-122.318373943217,37.8669819974961],[-122.318400670399,37.8669929217952],[-122.318424940117,37.8670069963073],[-122.318449976154,37.8670253879448],[-122.318473166018,37.8670452425071],[-122.318490108508,37.8670625075352],[-122.318504909421,37.8670809669984],[-122.318540380302,37.8671353869772],[-122.31856053648,37.8671760294464],[-122.318583574238,37.867239445375],[-122.318589485405,37.867267558516],[-122.318594431546,37.8673226850787],[-122.318600219102,37.8673897775897],[-122.318615677812,37.8675360795553],[-122.318626024214,37.8676103610335],[-122.318641538966,37.8676895961917],[-122.318649866251,37.8677210328634],[-122.318660692396,37.8677519882833],[-122.318670128274,37.8677725518433],[-122.318681941897,37.8677923288126],[-122.318706050275,37.8678271699591],[-122.318750215605,37.8678880276545],[-122.318843215078,37.8680116807498],[-122.318888204431,37.8680614743629],[-122.318959366772,37.8681379940235],[-122.31905750991,37.868249840902],[-122.319127129774,37.8683278440826],[-122.319171454193,37.8683759302946],[-122.319196694882,37.8684008167811],[-122.319224167851,37.8684241713511],[-122.319262958616,37.8684564718069],[-122.319299561167,37.8684903395676],[-122.31936600992,37.868556549762],[-122.319427998708,37.8686210144682],[-122.319490571791,37.8686915581439],[-122.319536976055,37.8687427431716],[-122.31959387086,37.8687970306755],[-122.31966143235,37.8688608623075],[-122.319816183443,37.8690183842685],[-122.319939595318,37.8691382861437],[-122.320068716513,37.8692666930269],[-122.320158751642,37.869354798028],[-122.320232473795,37.8694304231889],[-122.320311058815,37.8695112507071],[-122.320463362906,37.8696603098529],[-122.320591480164,37.869787923534],[-122.320654301617,37.8698483609051],[-122.320786816578,37.8699718420772],[-122.320941791111,37.8701122203191],[-122.321026041391,37.8701919975776],[-122.321087787873,37.8702530648303],[-122.321207051379,37.8703749774696],[-122.321348614672,37.8705179619037],[-122.321426688184,37.8705907272519],[-122.321520329797,37.8706769502601],[-122.321547481569,37.8707050017817],[-122.321572790821,37.8707341152197],[-122.321588759444,37.8707518653907],[-122.321606530132,37.8707685047333],[-122.321742563167,37.8708842467544],[-122.321871847775,37.870994875462],[-122.321920890322,37.8710343092447],[-122.321961798688,37.871067570967],[-122.321987146207,37.8710920437722],[-122.322004739433,37.8711134264446],[-122.322065138319,37.8711955396507],[-122.322174856209,37.8713222056411],[-122.322321400352,37.8714556908945],[-122.322470044067,37.8715918892254],[-122.322572292418,37.871708584102],[-122.322732227471,37.8719041432026],[-122.322847120038,37.872050898428],[-122.322979165122,37.8722243142112],[-122.32310858297,37.8723813535493],[-122.323224137366,37.872543671243],[-122.323354231197,37.872732584847],[-122.323456863934,37.8728579236605],[-122.323556334751,37.872958544257],[-122.323682843927,37.8730780697123],[-122.323756383121,37.8731643052324],[-122.323901361102,37.8733215673551],[-122.323995845152,37.8734239191661],[-122.324094146123,37.8735250598438],[-122.324292514109,37.8737420899448],[-122.324473043985,37.8739408716081],[-122.32463339996,37.8740976244005],[-122.324727884836,37.874199979228],[-122.324809293844,37.8742955146075],[-122.324847878189,37.874349288957],[-122.324875571266,37.8743939365268],[-122.324887418793,37.8744312242921],[-122.324889894876,37.8744655264084],[-122.324878381154,37.8744959403348],[-122.324856807364,37.8745286768859],[-122.324819965691,37.8745569050269],[-122.324773281266,37.8745804611795],[-122.324697832318,37.8746128400235],[-122.324624677835,37.8746409850854],[-122.324570129044,37.8746583717507],[-122.32450759865,37.8746745931884],[-122.324408200323,37.8746972383561],[-122.324211355042,37.8747378799518],[-122.32414189241,37.8747511934857],[-122.323954142161,37.8747706668044],[-122.323807692025,37.8747915487236],[-122.323627252657,37.8748268235309],[-122.323464612825,37.8748554523622],[-122.32338787058,37.8748747388508],[-122.323362450097,37.874883783243],[-122.323333201495,37.8748940385967],[-122.323304197088,37.8749066837747],[-122.323275439476,37.8749247904006],[-122.323250484699,37.8749417138499],[-122.32323421167,37.8749575921294],[-122.323217926092,37.8749703671806],[-122.323194241296,37.8749848121508],[-122.323173680047,37.8749940259396],[-122.323153101698,37.8750001373741],[-122.323129061797,37.8750048012542],[-122.32310096227,37.8750051588412],[-122.323078296459,37.8750023075141],[-122.323051581155,37.8749951616677],[-122.323021969641,37.8749862957165],[-122.322995832102,37.8749819922546],[-122.322973978372,37.874978122609],[-122.322949923855,37.8749765566274],[-122.322908535591,37.8749770567599],[-122.322863681137,37.8749823309221],[-122.322772824314,37.8749996539246],[-122.322641180648,37.8750327509716],[-122.322476581301,37.8750691534344],[-122.322366214631,37.8750970594928],[-122.322244963236,37.8751251857919],[-122.322161608072,37.8751451391205],[-122.322093191877,37.8751598211237],[-122.322039789028,37.8751704237659],[-122.321989390761,37.8751808445015],[-122.321964665597,37.8751876862283],[-122.321952404567,37.8751923086481],[-122.321935551237,37.875202241176],[-122.321910712508,37.8752203538135],[-122.32187745101,37.8752480906122],[-122.321835306311,37.8752869297376],[-122.321814976364,37.8753016443128],[-122.321795218766,37.8753129643052],[-122.321776733505,37.8753218049555],[-122.321763789567,37.8753255059045],[-122.321746333539,37.8753263868478],[-122.321735107471,37.8753230414642],[-122.321716257303,37.8753158757347],[-122.321694271344,37.8753045991615],[-122.321669518176,37.8752927883965],[-122.32163364984,37.8752788081587],[-122.321598130879,37.8752652922867],[-122.321554530847,37.8752525328875],[-122.321533601973,37.8752488629838],[-122.321513930775,37.8752458014873],[-122.321485615072,37.8752469073186],[-122.321459254553,37.8752495584134],[-122.321408159632,37.8752590582689],[-122.321324822593,37.8752758800142],[-122.321231546976,37.8753024513737],[-122.321163356352,37.8753226257162],[-122.321132266376,37.8753294143439],[-122.321088579817,37.8753372371113],[-122.321054477354,37.8753411007736],[-122.320972152432,37.8753468638274],[-122.320885681872,37.8753533654038],[-122.320815042132,37.8753610082535],[-122.320767886999,37.8753704990137],[-122.320722123757,37.8753849251571],[-122.320670004802,37.8754054992836],[-122.320610146062,37.8754303936864],[-122.320566577535,37.8754487503564],[-122.320536994859,37.8754585443257],[-122.32050659586,37.8754631304093],[-122.320465551099,37.875464082311],[-122.320421842035,37.8754625808204],[-122.320376985041,37.8754647391483],[-122.320331089677,37.8754717503369],[-122.320260462081,37.8754825077929],[-122.320201165692,37.8754946897868],[-122.320154814385,37.8755062732388],[-122.320128921762,37.8755136720465],[-122.320085936734,37.8755286493535],[-122.320022723559,37.8755532798326],[-122.319964011092,37.8755776289339],[-122.31989930737,37.8756023606942],[-122.319843253642,37.8756229567865],[-122.319801535375,37.8756354384158],[-122.319735992764,37.8756518472029],[-122.319678543935,37.8756643920136],[-122.319619017895,37.8756741956754],[-122.319541449925,37.8756851487271],[-122.319438573985,37.8757001239124],[-122.319347695447,37.8757112225097],[-122.319284345585,37.8757161900868],[-122.319190945775,37.8757289368707],[-122.319124243966,37.8757427870513],[-122.31894913249,37.8757874868681],[-122.318813233579,37.8758244891466],[-122.318766222163,37.8758399212588],[-122.318690177463,37.8758665614595],[-122.318628016624,37.8758824087651],[-122.318604800712,37.8758860643351],[-122.318581255208,37.8758879748917],[-122.31856647492,37.875887822646],[-122.318551855916,37.8758860850559],[-122.318532496454,37.8758818883349],[-122.318513761491,37.8758761828558],[-122.318494068124,37.8758683655035],[-122.318475404658,37.8758590967187],[-122.318461522461,37.8758504495625],[-122.318449035554,37.8758405549807],[-122.318425406595,37.8758161076041],[-122.318420379806,37.8758090610329],[-122.318416611586,37.8758015368523],[-122.318409139952,37.8757816768612],[-122.318400328781,37.8757550404021],[-122.318389394294,37.8757156194224],[-122.318379865625,37.8756819532266],[-122.31836373587,37.875642174094],[-122.318328386126,37.8755775224436],[-122.318271751233,37.8754907523681],[-122.318224674961,37.8754304536241],[-122.31811020348,37.8752979116221],[-122.318000777136,37.8751719412218],[-122.317988654809,37.8751592736206],[-122.317970340224,37.8751428991777],[-122.317961740371,37.8751367773436],[-122.317951991283,37.8751318547815],[-122.317941134853,37.8751281506608],[-122.317929670604,37.8751258724689],[-122.317914567888,37.8751246971086],[-122.317899402593,37.875125129291],[-122.317846363001,37.8751262415148],[-122.31778570856,37.8751224308879],[-122.317754243776,37.8751183017891],[-122.31774435514,37.8751160597487],[-122.317734868296,37.8751129097296],[-122.317725917016,37.8751088948682],[-122.317705115593,37.8750969799921],[-122.317686016984,37.8750833913654],[-122.317672670183,37.8750717044527],[-122.317660889339,37.8750590045478],[-122.31765779479,37.8750546387734],[-122.317655525163,37.8750499650313],[-122.317654125029,37.8750450818208],[-122.317652954469,37.8750321982589],[-122.317653189953,37.8750272551286],[-122.317654377861,37.8750206311987],[-122.317656773653,37.8750142161593],[-122.317663082976,37.8750014083961],[-122.31767196928,37.8749843605623],[-122.317685832457,37.8749608964234],[-122.317693513399,37.8749469402485],[-122.317694717364,37.874943382611],[-122.317695145754,37.8749397141261],[-122.317695018721,37.8749374610578],[-122.317694598131,37.8749352297219],[-122.317693391556,37.8749288388685],[-122.317693028121,37.874922383502],[-122.317693594169,37.8749153783256],[-122.317697978882,37.8748966090676],[-122.317698847417,37.8748944077351],[-122.317700033449,37.8748923010759],[-122.317701520787,37.8748903187388],[-122.317704319537,37.8748874291891],[-122.317707532947,37.8748848250487],[-122.317711115198,37.8748825430048],[-122.317719192393,37.874877400168],[-122.317726443936,37.8748715351164],[-122.317735075273,37.8748632661994],[-122.317738105682,37.8748597921508],[-122.317739480617,37.87485766856],[-122.317740476974,37.874855415693],[-122.317741078435,37.8748530767171],[-122.317741797879,37.8748449728515],[-122.317741551883,37.8748394681288],[-122.317739347167,37.8748272635571],[-122.317734789179,37.8748137835371],[-122.317719813682,37.8747842758316],[-122.317700306647,37.8747567905015],[-122.317663245384,37.8747131090333],[-122.317617187333,37.8746618523109],[-122.317533701843,37.8745722421872],[-122.317412933371,37.8744330880595],[-122.31734386038,37.8743514702107],[-122.317211939302,37.8741539492385],[-122.31712344383,37.8740229719411],[-122.317105267304,37.8739994527087],[-122.317021554215,37.8739036066501],[-122.316955520561,37.8738325468284],[-122.316913859173,37.8737867176885],[-122.316886318789,37.8737532920525],[-122.316836890467,37.8736897380457],[-122.316799717201,37.873637859289],[-122.316766152059,37.8735913632545],[-122.316745110961,37.8735660671152],[-122.316719763672,37.8735394517228],[-122.316705690994,37.8735268763173],[-122.316690145564,37.8735154433141],[-122.316655538305,37.8734881054028],[-122.316622865966,37.8734552618951],[-122.316602685659,37.8734309522353],[-122.316580894871,37.8733998023199],[-122.316548977918,37.8733494465371],[-122.316530606081,37.8733170762798],[-122.316515005872,37.8732899207712],[-122.316495598284,37.8732634533756],[-122.316446614981,37.8732093969131],[-122.316426624778,37.873190736733],[-122.316404353948,37.8731737766661],[-122.316389492608,37.8731619068626],[-122.316377020298,37.8731484195881],[-122.3163588779,37.8731228554018],[-122.316336180071,37.8730841896941],[-122.316306716344,37.8730253020246],[-122.316285698672,37.8729847109865],[-122.316264006361,37.8729485936529],[-122.316243987275,37.8729151105997],[-122.316227724001,37.8728850436279],[-122.316204835965,37.8728420001076],[-122.316163663665,37.8727733834298],[-122.316138882213,37.8727403431713],[-122.316107399198,37.872706204959],[-122.316068331667,37.8726643977345],[-122.316006455068,37.8725939050026],[-122.315964394666,37.8725432873348],[-122.315943878915,37.8725198913255],[-122.315848977925,37.8724296539607],[-122.315765441298,37.872351604966],[-122.315754433522,37.872339734044],[-122.315745257062,37.8723269219985],[-122.315738038767,37.8723133453194],[-122.315725315214,37.8722906633197],[-122.315708294934,37.8722698274304],[-122.315621337852,37.8721815296704],[-122.315544200079,37.8721049048048],[-122.315512286845,37.8720669397417],[-122.315454196318,37.8719920235479],[-122.315425051642,37.8719598455417],[-122.315393359424,37.8719292182615],[-122.315370926698,37.8719069664626],[-122.315351093385,37.8718832147012],[-122.315339841012,37.8718662139567],[-122.31533110409,37.8718483076187],[-122.315322533984,37.8718308051284],[-122.31531145066,37.8718142136502],[-122.315288805974,37.8717858777717],[-122.315275486455,37.8717711020096],[-122.315251901729,37.8717476555828],[-122.31518373178,37.8716828688539],[-122.315135266908,37.8716393482743],[-122.315094011198,37.8716020254498],[-122.315073096139,37.8715788342617],[-122.315056664969,37.8715534754073],[-122.315035072485,37.8715184742248],[-122.315008903143,37.8714854932474],[-122.314979474888,37.8714548817308],[-122.314947278454,37.8714260738116],[-122.314922201547,37.8714031909571],[-122.314899936797,37.8713785480116],[-122.314866677121,37.8713362595418],[-122.314846085228,37.8713074082662],[-122.314811609556,37.8712511922221],[-122.314784612477,37.871208412919],[-122.314714551367,37.8711119713867],[-122.314654309233,37.8710319923194],[-122.314592760765,37.8709307900613],[-122.314549181518,37.8708614620939],[-122.314535724053,37.8708412380242],[-122.314514047359,37.8708134105521],[-122.314454442737,37.8707476268644],[-122.314358612286,37.870647214478],[-122.31425326731,37.8705333750002],[-122.314104633712,37.8703880164594],[-122.313943071719,37.8702337650367],[-122.313892419752,37.870188539468],[-122.313849104107,37.8701495052603],[-122.313801356595,37.8701005444929],[-122.313721260286,37.8700095399614],[-122.313608917129,37.8698765597902],[-122.313495517419,37.8697437797461],[-122.313462484135,37.869708257306],[-122.313419468764,37.8696627714255],[-122.313388951855,37.8696250203185],[-122.313362649432,37.8695930530509],[-122.313340930897,37.8695704327924],[-122.313292036176,37.869522285303],[-122.31327386346,37.8695050961811],[-122.31326839481,37.8695000630033],[-122.313252707239,37.8694847378286],[-122.313232480847,37.8694783657678],[-122.313199132787,37.8694750644782],[-122.31315263317,37.8694731546635],[-122.313088163829,37.8694647723479],[-122.313034703545,37.8694578683637],[-122.312980540245,37.8694574955354],[-122.312926936978,37.8694636639365],[-122.312875142316,37.869476228536],[-122.312803781569,37.869495916301],[-122.312730725537,37.8695112030225],[-122.31265640483,37.8695219992793],[-122.312613468869,37.869528851706],[-122.312571763469,37.8695394561782],[-122.312531810571,37.8695536814519],[-122.312447257823,37.8695855757039],[-122.312360181625,37.8696128720769],[-122.312256468506,37.8696411221109],[-122.312151942354,37.8696674187058],[-122.312077385196,37.8696871116887],[-122.312004228667,37.869709868195],[-122.311961428626,37.8697218928014],[-122.311917128554,37.8697298005281],[-122.311871957107,37.8697334787809],[-122.311791451647,37.8697387052987],[-122.31171170288,37.8697488752752],[-122.311633192275,37.8697639293378],[-122.3115497926,37.8697797289705],[-122.311465024488,37.8697899775843],[-122.311379475291,37.869794603804],[-122.311309557788,37.8697990230722],[-122.311240623872,37.8698092911406],[-122.311173452272,37.8698252935962],[-122.311129684876,37.8698351996068],[-122.311084641436,37.8698403825654],[-122.311039127774,37.8698407516488],[-122.310977198537,37.8698412589826],[-122.310915915207,37.8698483459036],[-122.310856384076,37.8698618854968],[-122.310799681848,37.8698816317055],[-122.31075088176,37.8698990276079],[-122.310699852106,37.8699117822932],[-122.310647290329,37.8699197222872],[-122.310593919438,37.8699227373572],[-122.310545791088,37.8699255064063],[-122.310498424293,37.8699328116006],[-122.310452497633,37.8699445496615],[-122.310408667562,37.8699605522882],[-122.310383111399,37.8699694074242],[-122.310356110358,37.8699749472443],[-122.310328344522,37.8699770306232],[-122.310300511328,37.8699756066671],[-122.310235102126,37.8699707061914],[-122.310169402657,37.8699709647865],[-122.310104057605,37.869976378118],[-122.31002816169,37.8699842135467],[-122.309951876897,37.8699891255542],[-122.309912661831,37.8699930380518],[-122.309874489873,37.8700011611859],[-122.309838076435,37.8700133441286],[-122.309804104693,37.8700293574515],[-122.309758412334,37.8700521581917],[-122.309710434681,37.870071787382],[-122.30966051983,37.8700881037549],[-122.309550377373,37.8701167616402],[-122.309438181992,37.8701398824505],[-122.309364425976,37.8701496272246],[-122.309289745421,37.8701525698732],[-122.309241033214,37.8701544075315],[-122.309192880231,37.8701605241879],[-122.30914588295,37.8701708431282],[-122.309100622404,37.8701852370755],[-122.309057189706,37.8701986971768],[-122.30901193588,37.8702076202769],[-122.308965609301,37.870211858448],[-122.308913891617,37.8702161767161],[-122.308863071687,37.8702249237807],[-122.308813751936,37.8702379950243],[-122.30869302585,37.8702748268926],[-122.308633376513,37.8702893777177],[-122.308571979208,37.8702982563206],[-122.308436634962,37.8703114864234],[-122.30831830544,37.8703249533288],[-122.30820068701,37.8703418897672],[-122.308018968655,37.8703714595308],[-122.30775535203,37.870418652686],[-122.307586802974,37.8704510003887],[-122.307455856038,37.8704755304049],[-122.307390613484,37.8704956744726],[-122.307323900926,37.8705125255417],[-122.307275795167,37.8705250931488],[-122.307229163361,37.8705407689576],[-122.30719019604,37.8705542393202],[-122.307150254213,37.8705657787721],[-122.307141535214,37.870568646751],[-122.307133456028,37.8705725180292],[-122.307126201654,37.8705773062699],[-122.307121119023,37.8705818378043],[-122.307116969141,37.8705869300247],[-122.307113847478,37.8705924654236],[-122.30711182802,37.8705983137489],[-122.307110957534,37.8706043373781],[-122.307110906565,37.8706060161879],[-122.307111625513,37.8706139878534],[-122.307113938024,37.8706217670076],[-122.307117785708,37.870629154121],[-122.307123069144,37.8706359602378],[-122.307129653516,37.8706420124175],[-122.307186793019,37.870683552206],[-122.307283847684,37.8707505369042],[-122.307337621798,37.8707863813732],[-122.307394057614,37.8708195547201],[-122.307586563046,37.8709260040816],[-122.307699498638,37.8709920074932],[-122.307714159313,37.8709998529359],[-122.307729995817,37.8710060982845],[-122.307746732892,37.8710106337646],[-122.307769922476,37.8710172179668],[-122.307791452209,37.8710267044845],[-122.307810748004,37.8710388411865],[-122.307827295567,37.8710533041897],[-122.307894600399,37.8711198773376],[-122.307965124719,37.87118432249],[-122.308038760296,37.8712465416654],[-122.308072762037,37.8712765346569],[-122.308103551453,37.8713086349116],[-122.308130919079,37.8713426266931],[-122.308181265655,37.8714181481024],[-122.308223570456,37.8714967073652],[-122.308257545132,37.8715777683289],[-122.308282957208,37.8716607771416],[-122.30829963346,37.8717451658775],[-122.308307459864,37.8718303579438],[-122.308307714978,37.8718474587801],[-122.308306105065,37.8718777318768],[-122.308301854284,37.8719078443497],[-122.308297999276,37.8719475525137],[-122.308299827488,37.8719785695481],[-122.308304285463,37.8719999906405],[-122.308312085077,37.8720208022624],[-122.308323261404,37.8720502654082],[-122.308329953517,37.872080571055],[-122.308332068766,37.8721112914465],[-122.308332994134,37.8721615322681],[-122.308336383996,37.8722117064516],[-122.308342274077,37.8722523992968],[-122.308352379365,37.8722925680173],[-122.308364525894,37.872337932066],[-122.308373318313,37.8723837802321],[-122.308384817019,37.872472171818],[-122.308386999444,37.872517358358],[-122.308384942001,37.8725540307094],[-122.308384321866,37.8725651481238],[-122.308386118314,37.8725869195011],[-122.308391880165,37.8726082536121],[-122.308397680499,37.8726297285505],[-122.308399491537,37.8726516424175],[-122.308398033604,37.87266918744],[-122.308396280539,37.8726903286913],[-122.308399195572,37.8727206382807],[-122.308408425102,37.8727501422542],[-122.308415975349,37.8727735580408],[-122.308418940915,37.87279761205],[-122.308420931253,37.872813482897],[-122.30842602405,37.8728289132101],[-122.308434092098,37.8728435236985],[-122.308463892318,37.8728921297345],[-122.30848889698,37.872942406533],[-122.308501508974,37.8729758239523],[-122.308510160286,37.8730100238632],[-122.308514776347,37.8730447120073],[-122.308523355682,37.8730995078459],[-122.308540795757,37.8731529650292],[-122.308558842436,37.8732044167899],[-122.30857075596,37.8732569780713],[-122.308576431438,37.8733101913038],[-122.308582666906,37.8733703991552],[-122.308595598866,37.8734299343112],[-122.308615127105,37.87348832841],[-122.308641099018,37.8735451226953],[-122.308669382498,37.8735923083433],[-122.308683457763,37.8736103014909],[-122.308700163084,37.8736268211439],[-122.308703913057,37.8736305835296],[-122.308706983063,37.8736347141566],[-122.308709315817,37.8736391378812],[-122.308710867744,37.87364377243],[-122.308714562176,37.8736546952629],[-122.308720151181,37.8736650992597],[-122.308727524106,37.8736747800782],[-122.308731298574,37.8736798152327],[-122.308734044821,37.8736852535368],[-122.308735695868,37.8736909621073],[-122.308736210911,37.8736968055106],[-122.308735673965,37.8737021884854],[-122.308734776226,37.873711260137],[-122.308735871926,37.8737222524319],[-122.30873934353,37.8737329297051],[-122.308745086008,37.8737429722819],[-122.30875777431,37.8737648427513],[-122.308765832667,37.8737880523957],[-122.308772320022,37.8738248524269],[-122.308774259657,37.8738619790637],[-122.30877423211,37.8738638319605],[-122.308774228354,37.8738642339152],[-122.308774982678,37.8738729439337],[-122.308777436427,37.8738814557313],[-122.308781530153,37.8738895607601],[-122.308787165638,37.8738970619613],[-122.308794202447,37.8739037782517],[-122.308802472706,37.8739095446101],[-122.308807360332,37.873912998219],[-122.308811467002,37.8739170411949],[-122.308814682322,37.8739215629319],[-122.308816917608,37.873926441235],[-122.308837530134,37.8739899033208],[-122.308855575275,37.8740538541532],[-122.308864547583,37.8740955916286],[-122.308869783327,37.8741377271703],[-122.308872995212,37.8741575870902],[-122.308879424983,37.8741769494594],[-122.308888963114,37.8741954891689],[-122.308916628222,37.8742377095057],[-122.308947124805,37.8742786864485],[-122.308972305454,37.8743161721171],[-122.308990546733,37.8743561037175],[-122.309001482045,37.874397678753],[-122.309012191097,37.874439497611],[-122.309029684851,37.8744798529314],[-122.309049469158,37.8745214880089],[-122.30906542011,37.8745641442829],[-122.309095797418,37.874658940294],[-122.309124951012,37.8747418419622],[-122.309145006109,37.8747973504111],[-122.30915302966,37.8748161543017],[-122.309164130374,37.8748339478733],[-122.309178112212,37.8748504163248],[-122.309201550652,37.8748788319223],[-122.309218979497,37.8749098440291],[-122.309229952452,37.8749426613978],[-122.309246730743,37.874996585957],[-122.309271821922,37.8750484439517],[-122.309278006627,37.8750615579979],[-122.309281793771,37.8750752321009],[-122.309283107445,37.875089193625],[-122.30928642247,37.875132971746],[-122.309295931776,37.8751761760326],[-122.309311512,37.8752182586749],[-122.309330092832,37.8752514586512],[-122.309350509353,37.8752831453072],[-122.309358865742,37.8752993148535],[-122.309364609482,37.8753161856005],[-122.309367650944,37.8753334929439],[-122.309372737427,37.875359990149],[-122.3093827899,37.8753855800421],[-122.309397578415,37.8754096826427],[-122.309403468543,37.8754192790103],[-122.30940748386,37.8754294655424],[-122.309409534399,37.8754400136843],[-122.309415319863,37.8754843272381],[-122.309423855057,37.8755283603955],[-122.309439332744,37.8755876535056],[-122.309444337877,37.8756105675905],[-122.309445870997,37.8756337902815],[-122.309443012684,37.8756620227368],[-122.309441997491,37.8756721112616],[-122.309442861007,37.8756824108934],[-122.309445629935,37.8756924972797],[-122.309460124028,37.8757398641174],[-122.309468540018,37.8757881461663],[-122.309474597888,37.8758186327771],[-122.309485908764,37.8758481641838],[-122.309490458076,37.8758597391315],[-122.309493166581,37.8758716710097],[-122.309493992772,37.875883777514],[-122.309492717017,37.8758971740578],[-122.309491305703,37.8759118153931],[-122.309493126899,37.8759301250224],[-122.309498879182,37.8759479160314],[-122.309508393501,37.8759646619744],[-122.309511505638,37.8759701411604],[-122.309513387705,37.8759759619322],[-122.309513983322,37.8759819518122],[-122.309513656045,37.8759859507313],[-122.3095127528,37.8759898939974],[-122.309511255549,37.8759964448247],[-122.309510715975,37.876003087793],[-122.30951141815,37.8760115487415],[-122.309513668326,37.8760198376093],[-122.309517419253,37.8760277783671],[-122.309522421236,37.8760383672501],[-122.309525422212,37.8760494211808],[-122.309526357299,37.8760607036402],[-122.309525876846,37.8760678345547],[-122.309525473007,37.8760738230792],[-122.309526279756,37.876083384218],[-122.309528861031,37.8760927466644],[-122.309533159642,37.8761017027855],[-122.309539083046,37.8761100564579],[-122.309548155603,37.8761222392651],[-122.309555591294,37.876135100158],[-122.309568465305,37.8761646740708],[-122.309615823304,37.8763031127666],[-122.309639190548,37.8763868582157],[-122.309657340274,37.8764714130692],[-122.309671617911,37.876536642228],[-122.309690442676,37.8766011418626],[-122.309732881906,37.8767299889459],[-122.309754459691,37.876783513446],[-122.309783152804,37.8768348949247],[-122.30983573459,37.8769196696361],[-122.309883548687,37.8770000649343],[-122.309970193443,37.8771386445371],[-122.309986712858,37.8771692347942],[-122.309996992358,37.877201496426],[-122.310001398059,37.8772149533106],[-122.310008635638,37.877227618333],[-122.310018490255,37.877239118901],[-122.310032272826,37.8772549542729],[-122.310042763106,37.8772723025457],[-122.310049702403,37.8772907376952],[-122.310056003998,37.8773075675101],[-122.310065503018,37.8773234255424],[-122.310077972156,37.8773379346204],[-122.310087286482,37.8773456781326],[-122.31009815343,37.8773520256275],[-122.310110242776,37.8773567840956],[-122.310118562543,37.8773599765585],[-122.310126141839,37.8773641696229],[-122.310132790612,37.8773692585267],[-122.310138344044,37.8773751152219],[-122.310142661369,37.8773815928745],[-122.310148787529,37.8773906579217],[-122.310156773819,37.8773987613738],[-122.310166387062,37.8774056675278],[-122.310177344887,37.8774111728394],[-122.310189327008,37.8774151159026],[-122.310209598497,37.8774214887494],[-122.310228629472,37.8774299309026],[-122.310246083602,37.8774402943828],[-122.310307982095,37.8774847401483],[-122.310322786027,37.8774978757891],[-122.310334786102,37.8775127002481],[-122.310343679916,37.8775288413235],[-122.310346175562,37.8775335012052],[-122.310349502149,37.8775378234634],[-122.310353586637,37.8775417148371],[-122.310358342231,37.8775450937012],[-122.310363668402,37.8775478882648],[-122.310369450874,37.8775500374718],[-122.31038048326,37.8775541353822],[-122.310390668706,37.8775594333586],[-122.310399803541,37.8775658238557],[-122.310407699067,37.8775731786862],[-122.310414197498,37.8775813473114],[-122.3104237639,37.8775987712545],[-122.31042956281,37.8776172087143],[-122.310431436346,37.8776361531415],[-122.310431431506,37.8776366722577],[-122.31042916127,37.8776605224835],[-122.310422833713,37.8776839082116],[-122.31041256542,37.8777063984051],[-122.31040808994,37.8777129768616],[-122.310402256549,37.8777188488621],[-122.310395237438,37.8777238396629],[-122.310387240939,37.8777278008696],[-122.31037850579,37.8777306158113],[-122.310369290902,37.8777321994802],[-122.310359869605,37.8777325057091],[-122.310345779809,37.8777327737732],[-122.310331841981,37.8777344262099],[-122.310317734773,37.8777358297973],[-122.310303531856,37.8777353031549],[-122.310289651527,37.8777328622527],[-122.310276501338,37.8777285779768],[-122.310266029467,37.8777249727425],[-122.310255049052,37.8777224938473],[-122.310243751853,37.8777211847754],[-122.310232335519,37.8777210674144],[-122.310197302183,37.8777202005977],[-122.310162948917,37.8777146906911],[-122.310134872039,37.8777100665712],[-122.310106226375,37.8777090046248],[-122.310077726902,37.8777115306725],[-122.310068002067,37.8777124398664],[-122.310058212772,37.8777122139545],[-122.310048571607,37.8777108577877],[-122.310039281831,37.8777084013987],[-122.310035108534,37.8777073269344],[-122.310030772047,37.8777068031044],[-122.310026384816,37.8777068431861],[-122.310022063954,37.8777074478657],[-122.310017923331,37.8777085997848],[-122.310014074662,37.8777102689542],[-122.309987854171,37.8777265386277],[-122.309965346112,37.877745990888],[-122.309954341256,37.8777590519074],[-122.309945811662,37.8777732270115],[-122.309939934012,37.8777882261189],[-122.309936828337,37.877803737185],[-122.309932639534,37.8778533188711],[-122.309930933257,37.8779029926194],[-122.309932578593,37.8779702711313],[-122.309938767002,37.8780373833955],[-122.309950399073,37.8780948224492],[-122.309970539177,37.8781507638508],[-122.309991352142,37.878192113662],[-122.310016494759,37.8782319223989],[-122.310041296697,37.8782707106731],[-122.310062393896,37.8783108535038],[-122.310094078694,37.8783825558445],[-122.310104464483,37.8784144161077],[-122.310109677147,37.8784470617244],[-122.310113318011,37.8784688943373],[-122.310120742002,37.8784901155108],[-122.310131806254,37.8785103161217],[-122.310146296082,37.8785291064538],[-122.310177852612,37.8785608140685],[-122.310213272963,37.8785898449431],[-122.310298051095,37.8786518115969],[-122.310338493803,37.8786856288788],[-122.310372110386,37.8787238549394],[-122.31039814584,37.878765632739],[-122.310402205043,37.878772121487],[-122.310407477189,37.8787780369075],[-122.310413836242,37.8787832376605],[-122.310421130989,37.8787875993831],[-122.310431263401,37.8787936036582],[-122.310440187027,37.8788007112443],[-122.310447713377,37.8788087714232],[-122.310453681444,37.8788176129078],[-122.310457743483,37.8788236762605],[-122.310462845091,37.8788292238537],[-122.310468884958,37.8788341451361],[-122.310475742356,37.8788383393571],[-122.310483278192,37.8788417236844],[-122.31050020206,37.8788493612158],[-122.310515571384,37.8788588426974],[-122.310529067337,37.8788699715835],[-122.310540412323,37.8788825191232],[-122.310599614156,37.8789569421448],[-122.310660972117,37.8790302601589],[-122.310676487884,37.8790461182193],[-122.310694388905,37.8790603102347],[-122.310714392994,37.8790726119329],[-122.310747566914,37.8790932204352],[-122.310776858811,37.8791172428287],[-122.310801715742,37.8791442243317],[-122.310821664885,37.8791736538499],[-122.310829916479,37.8791857740655],[-122.310840231356,37.8791968563533],[-122.310852406882,37.8792066814139],[-122.310891053161,37.8792365096845],[-122.310925900391,37.8792691466648],[-122.310956625041,37.879304289433],[-122.310982942461,37.879341611861],[-122.311047161378,37.8794425926573],[-122.311106815615,37.8795314189168],[-122.311170284695,37.8796185685309],[-122.311244590713,37.8797112000821],[-122.311287782192,37.8797669435333],[-122.311325031689,37.8798253191324],[-122.311348696328,37.8798620590454],[-122.311376445598,37.8798969571715],[-122.311408050161,37.8799297309631],[-122.311426173102,37.8799501701201],[-122.311439633191,37.8799727595237],[-122.311448038598,37.8799968371379],[-122.311456796772,37.8800219866487],[-122.311470754361,37.8800456154444],[-122.311523102399,37.8801131940533],[-122.311580233591,37.8801782932142],[-122.3116419623,37.8802407000312],[-122.311708086876,37.8803002114287],[-122.311755446695,37.8803438467816],[-122.311798239336,37.8803903521694],[-122.311842513814,37.8804463775404],[-122.311882428022,37.8805044233412],[-122.31190948473,37.8805431685132],[-122.311940070872,37.8805802272599],[-122.311974020027,37.8806153985192],[-122.312002404839,37.8806457252507],[-122.31202667586,37.8806782189758],[-122.312046571397,37.8807125293676],[-122.312066646432,37.8807491823619],[-122.312089496624,37.8807847988599],[-122.312122144932,37.8808260975703],[-122.312160680372,37.8808640760598],[-122.312179799319,37.8808837187687],[-122.312194722612,37.8809055252985],[-122.312205069936,37.8809289391342],[-122.312210575093,37.8809533602636],[-122.31221990697,37.8809963379217],[-122.312236967267,37.8810377987908],[-122.312302969369,37.8811729753137],[-122.312327279142,37.8812215122013],[-122.312354890255,37.8812689264304],[-122.312400532349,37.8813374442737],[-122.312418313283,37.881365870331],[-122.312432276062,37.8813956052939],[-122.312442270152,37.8814263283257],[-122.308319087063,37.8822614510349],[-122.308273728154,37.8823249382918],[-122.308014366006,37.8822635132564],[-122.308111239091,37.8819068628589],[-122.30753748085,37.8818093782207],[-122.306777540172,37.8819314353101],[-122.302400678066,37.882363995977],[-122.300030473566,37.8829016791792],[-122.298626603462,37.8828846160115],[-122.296920888798,37.8834306666125],[-122.296550292446,37.8834746771734],[-122.296384062364,37.8832742433458],[-122.29595168507,37.8829415675903],[-122.295136538269,37.8828378540744],[-122.294851126704,37.8827094854702],[-122.294600130273,37.8826974249122],[-122.294445135989,37.8825777455596],[-122.294243394063,37.8826679947678],[-122.294017166558,37.8829233187509],[-122.293720121165,37.8830728547075],[-122.293279868383,37.8829296381832],[-122.293029267499,37.8830811023694],[-122.292756475943,37.8828833654319],[-122.292541178317,37.8829348784046],[-122.292349405456,37.8829113422037],[-122.292218529158,37.8829608312085],[-122.292162710151,37.8830699294291],[-122.292040596601,37.8831609735637],[-122.291845000174,37.8830743817692],[-122.291758563841,37.8831038954902],[-122.291624745738,37.8832714226127],[-122.291535917538,37.8832647430602],[-122.291373803474,37.883062866885],[-122.291184788109,37.8830634323838],[-122.290969444061,37.8831879350333],[-122.290750261947,37.8831500592417],[-122.290535199838,37.8832103431177],[-122.290364940901,37.88306404144],[-122.290197642463,37.8830241502384],[-122.289870773727,37.8829480955149],[-122.289489673482,37.8831633089832],[-122.287644649457,37.8826713381945],[-122.287263199661,37.8825799034054],[-122.286628466829,37.8823603582359],[-122.285445230425,37.8824706707154],[-122.284924673622,37.8824935156794],[-122.28469447756,37.8824236794702],[-122.284717530872,37.8823632663355],[-122.284544888001,37.882359572832],[-122.284373355661,37.8824076343278],[-122.28421683799,37.8824428966094],[-122.284045152198,37.8824448664939],[-122.283872199217,37.8824144666799],[-122.283742518566,37.8823649106975],[-122.283513031225,37.8823477857699],[-122.283389318862,37.8824364506917],[-122.283084548065,37.8825052391014],[-122.282931153689,37.8824087662387],[-122.282023115045,37.8841580818278],[-122.281894511026,37.8845855544395],[-122.281936555183,37.8845935007162],[-122.281834016375,37.8849346984964],[-122.281616726639,37.8851139082876],[-122.282549255431,37.8851133251316],[-122.28266172143,37.8850814505107],[-122.282733870456,37.8853844009526],[-122.282385705031,37.8863338880428],[-122.282279526177,37.886624054519],[-122.282269186096,37.8868832547093],[-122.281705616847,37.88841727501],[-122.281702508298,37.8885617724141],[-122.282491653114,37.8910165655181],[-122.282581854334,37.891297614523],[-122.287030841812,37.8910487375192],[-122.286955285878,37.8927425829668],[-122.286944877943,37.8929758456544],[-122.286871404696,37.8946226197707],[-122.286860996059,37.8948558904825],[-122.286780225335,37.8966665308399],[-122.286715933646,37.8981072879798],[-122.286709787922,37.8982445106415],[-122.286716869384,37.8985284188126],[-122.286365995615,37.8986948311162],[-122.285852349081,37.8988312919876],[-122.285679547925,37.898522246204],[-122.285636916738,37.8984068388926],[-122.285579912399,37.8981989460549],[-122.285321065084,37.8969524800436],[-122.285222696646,37.8965356884469],[-122.285132169471,37.89637499143],[-122.285033976318,37.8962556214277],[-122.284920289222,37.8961405978652],[-122.284807055557,37.8960448095438],[-122.282545219827,37.8945977661689],[-122.281814945996,37.894137716739],[-122.281093514343,37.8936850857192],[-122.280609147852,37.893361406479],[-122.28052756142,37.8932836646791],[-122.280465032622,37.8932056301338],[-122.28034975787,37.8930961326619],[-122.280252819475,37.8929568235071],[-122.280159886738,37.892767324361],[-122.280105025343,37.8925751900791],[-122.280016572895,37.8921391048382],[-122.279958197358,37.8917577657197],[-122.27764600469,37.8917723792696],[-122.277642935641,37.8916444125667],[-122.277176134741,37.8916783899235],[-122.277090633622,37.8914635158371],[-122.277032222642,37.8912680001152],[-122.276784638265,37.8900480437756],[-122.276601822358,37.8891443586774],[-122.276570593419,37.8888536695252],[-122.276525738327,37.8886449058192],[-122.276377272483,37.8880895407992],[-122.276325893334,37.887898046152],[-122.276269002028,37.8875486864888],[-122.276215665842,37.8873476008423],[-122.276096816277,37.8870156569605],[-122.275988669349,37.8867693841529],[-122.275866855186,37.8865308674837],[-122.275713661362,37.8862845975971],[-122.275600494914,37.8861173663704],[-122.274947713066,37.885415092302],[-122.274575479657,37.8849221396283],[-122.273548458054,37.885380492281],[-122.272860992953,37.8856902156689],[-122.271736182674,37.8861905296994],[-122.271561120803,37.8860434619881],[-122.271429503212,37.8859019228319],[-122.271339484063,37.8858077901804],[-122.271219595713,37.8856117449046],[-122.271156071359,37.8854816434392],[-122.271140978425,37.8852679831339],[-122.27096219588,37.8836778168099],[-122.270879303494,37.8825996230675],[-122.270846619191,37.882392051842],[-122.270819172216,37.8823306554062],[-122.270659399385,37.8820982008614],[-122.270572478514,37.8820136665927],[-122.270434809527,37.8819086036326],[-122.269536490841,37.8820230153984],[-122.269453559649,37.8820331837687],[-122.268401516995,37.8821684412975],[-122.26727694769,37.8823136902613],[-122.267065774092,37.8805053480112],[-122.265941348284,37.8806560804061],[-122.26573557809,37.878854538704],[-122.264618079347,37.8790044626955],[-122.26445919735,37.8790267459267],[-122.264362847008,37.8781808085011],[-122.264296148569,37.8775624048835],[-122.264276123621,37.877421790205],[-122.264261898968,37.8772345339405],[-122.265566527191,37.877188263767],[-122.265604259298,37.8770088512302],[-122.266070813692,37.8769681887562],[-122.265985674458,37.8762485227109],[-122.266010357897,37.876214466318],[-122.265978785688,37.8759589076933],[-122.266004270818,37.8759585231099],[-122.26597188681,37.8756692835855],[-122.266014366355,37.8756686480467],[-122.265843701814,37.8742124895325],[-122.265376945892,37.8742700338209],[-122.265192051838,37.8742906515308],[-122.26469794167,37.8743502368585],[-122.264579093268,37.8743794750443],[-122.264496873753,37.8744191544777],[-122.264319367568,37.8745323705218],[-122.264181661531,37.8745701374457],[-122.263955457491,37.874602358699],[-122.262134819138,37.8748348737174],[-122.26014123749,37.8750816056442],[-122.258303331312,37.8753177535045],[-122.257365319462,37.8754360975035],[-122.25677993889,37.875519656442],[-122.256724485756,37.8753728430755],[-122.256591145562,37.8751564593838],[-122.25645445144,37.875017718542],[-122.256197129983,37.8748333997233],[-122.256080193488,37.8747245817328],[-122.255568408818,37.8741107404799],[-122.255536063287,37.8740617734307],[-122.255493753969,37.8739580260205],[-122.255408204094,37.8738569775784],[-122.255334964479,37.8737639932739],[-122.25526375555,37.8736833397058],[-122.255099106879,37.8735347189484],[-122.25469109514,37.873132198022],[-122.254491353935,37.8729648597653],[-122.254287677987,37.8728504695981],[-122.253968641102,37.8726938328747],[-122.25385221269,37.8726149964086],[-122.253750312635,37.8725460101907],[-122.253718553076,37.8725217579362],[-122.25313846507,37.8720956994873],[-122.253004193687,37.8719857590126],[-122.252847449577,37.8718040493017],[-122.252782704182,37.8717033833302],[-122.252726267142,37.8715881727542],[-122.252713112911,37.8715451094125],[-122.252750815131,37.871381112825],[-122.252753419249,37.8712712052358],[-122.252753685875,37.8710624499708],[-122.252706197324,37.8708125054331],[-122.252666798592,37.8706846839465],[-122.252557092284,37.8704411662493],[-122.252464258294,37.8702516374443],[-122.252373655524,37.8700098992335],[-122.252319778788,37.8697827202032],[-122.252292820406,37.8695949597131],[-122.254456956195,37.8693128567139],[-122.254605487877,37.8692934820852],[-122.254428203068,37.8683903671682],[-122.254410660302,37.8683075418749],[-122.254251374469,37.8675057943186],[-122.254230274342,37.8673922079132],[-122.254075969757,37.8666088319456],[-122.254058275186,37.8665198281648],[-122.253902521223,37.8657207710296],[-122.253845333305,37.8653763261203],[-122.253149781605,37.8654338194841],[-122.253148671505,37.8653866721872],[-122.252800651329,37.8654053145479],[-122.252614537213,37.8654417712048],[-122.252147421037,37.8654554339172],[-122.252120667291,37.8654019381626],[-122.251662364733,37.8654289498868],[-122.25145075724,37.8654657744255],[-122.250636262997,37.8655250319913],[-122.250399723849,37.865504958754],[-122.250441183125,37.8659403905402],[-122.24955024086,37.8659934189248],[-122.248415366588,37.8660603570254],[-122.248136119517,37.8660611373738],[-122.246225841338,37.866197308824],[-122.244836191446,37.8661755099708],[-122.244456731223,37.8626393042315]]]},"properties":{"PLN_HILL_Z":1}},{"type":"Feature","geometry":{"type":"Polygon","coordinates":[[[-122.244157332595,37.8598489832298],[-122.245435446522,37.8597978642678],[-122.245453352328,37.860123344541],[-122.245499104446,37.8604938767619],[-122.245646483368,37.860612626246],[-122.24579334379,37.8607818553879],[-122.245945429515,37.8625218404818],[-122.245753997608,37.8625598781992],[-122.244456731223,37.8626393042315],[-122.244157332595,37.8598489832298]]]},"properties":{"PLN_HILL_Z":2}}]}