Record #,Address,Type,Description,Status,Date (Applied/Opened),Density Flag
B2019-01146,"2501 BENVENUE Ave, BERKELEY CA 94704",Building Permit,Remove unpermitted kitchen from storage space. To clear violation #2016-06679.,Finaled,03/15/2019,
B2016-00077-REV02,"2501 BENVENUE Ave, BERKELEY CA 94704",Building Revision for B2016-00077,"Revision Submitted to Proposed Support and Framing. Valuation Increased From $7,000 to $32,000",Issued,03/16/2017,
B2016-00077-REV01,"2501 BENVENUE Ave, BERKELEY CA 94704",Building Revision for B2016-00077,"**** REVISION 5/3/16 REPAIR IN KIND (2) BEAMS & CONCRETE DECKING - INCREASE IN VALUATION $4K TO NEW VALUATION $7,000 MR1",Issued,05/03/2016,
B2016-00077,"2501 BENVENUE Ave, BERKELEY CA 94704",Building Permit,E-3 Program to install vents and repair in kind balcony railings.,Finaled,01/07/2016,
B2020-03127,"2515 BENVENUE Ave, 301, BERKELEY CA 94704",Building Electrical Mechanical Plumbing Permit,"Fire damage repair, in unit 201 replace sheetrock, flooring and ceiling from water intrusion and in unit 301 replace sheetrock, flooring & ceiling, electrical, plumbing and one window like for like. We are renovating bathroom and kitchen and a wall heater all above on unit #301 Exactly lower of above unit, we are replacing drywall damaged cynic flooring and a wall heater.",Finaled,09/18/2020,
B1993-04538,"2515 BENVENUE AVE, 402, BERKELEY CA 94704",Building Electrical Permit,ADDING INTERIOR WALL TO CONVERT PATIO TO BEDROOM.,Closed Expired,05/27/1993,
B1993-04538-E,"2515 BENVENUE AVE, 402, BERKELEY CA 94704",Building Electrical Permit,ADDING INTERIOR WALL TO CONVERT PATIO TO BEDROOM.,Closed Expired,05/27/1993,
B2013-04962,"2521 BENVENUE AVE, BERKELEY CA 94704",Building Permit,DEMOLITION OF 173 S.F. OF GARAGE.,Closed Expired,10/28/2013,demolition
B2010-01506,"2524 BENVENUE AVE, BERKELEY CA 94704",Building Permit,TEAR OFF AND INSTALL MODIFIED BITUMEN ROOF SYSTEM. CLASS A.,Closed Expired,05/03/2010,
B2006-03581,"2525 BENVENUE AVE, BERKELEY CA 94704",Building Permit,Install New window guards with apropriate kick pedal fire releases,Closed Expired,09/07/2006,
B2004-02964,"2525 BENVENUE AVE, BERKELEY CA 94704",Building Permit,"Remove and replace built up roof. Class ""A""",Closed Expired,07/09/2004,
B2002-03348,"2525 BENVENUE AVE, BERKELEY CA 94704",Building Permit,REMOVE (E) WATER PROOFING SYSTEM ON EXTERIOR WALKWAYS & REPLACE.,Closed Expired,08/05/2002,
B2023-03762,"2528 BENVENUE Ave, BERKELEY CA 94704",Building Permit,tear off all the way to the wood installing 1/2 plywood 40 year shingles,Closed Expired,07/24/2023,
B2023-02108,"2528 BENVENUE Ave, BERKELEY CA 94704",Electrical Permit,replace breaker sub panel. add 1 50 amp 240 volt circuit for stove,Closed Expired,04/25/2023,
B2020-02715,"2528 BENVENUE Ave, BERKELEY CA 94704",Plumbing Permit,Install exterior tank-less water heater.,Finaled,08/19/2020,
B1998-04557,"2528 BENVENUE AVE, BERKELEY CA 94704",Building Permit,"SEISMIC RETROFIT. REPLACE BRICK FOUNDA- TION, SHEARWALLS, DRAINAGE.",Closed Expired,10/14/1998,
B2017-05237,"2529 BENVENUE Ave, BERKELEY CA 94704",Plumbing Permit,Remove old hot water heater system & install two (2) new hot water heaters & new flue pipe.** Plumbing ext. expires 12/4/2019.**,Closed Expired,12/04/2017,
B2017-02803-REV01,"2529 BENVENUE Ave, BERKELEY CA 94704",Building Revision for B2017-02803,Remove existing stucco discovered dry rot replaced plywood sheathing for entire exterior walls (North & South) and re-stucco. increase in valuation from $55450.00 to $73950.00 (increase $18500.00),Closed Expired,08/16/2017,
B2017-02803,"2529 BENVENUE Ave, BERKELEY CA 94704",Building Permit,Replace (61) windows and (5) sliders in kind and stucco patch @ garage opening.,Closed Expired,06/26/2017,
B2010-02591,"2529 BENVENUE AVE, BERKELEY CA 94704",Building Permit,"REMOVE/SWEEP GRAVEL, INSTALL 3 LAYERS OF FIBERCLASS PLY AND INSTALL GRAVEL BACK ON ROOF.",Closed Expired,07/19/2010,
B1999-05428,"2529 BENVENUE AVE, BERKELEY CA 94704",Building Permit,VOLUNTARY SEISMIC RETROFIT,Closed Expired,11/29/1999,
B2022-05000,"2530 BENVENUE Ave, BERKELEY CA 94704",Plumbing Permit,"Replace all cast iron drain lines using 3-4"" ABS in crawl space under home.",Finaled,10/26/2022,
B2017-05386,"2530 BENVENUE Ave, BERKELEY CA 94704",Plumbing Permit,Extending gas line plumbing to new meter location per direction of PG&E and gas pressure test included.,Closed Expired,12/13/2017,
B2021-01493,"2532 BENVENUE Ave, BERKELEY CA 94704",Building Electrical Plumbing Permit,Kitchen Remodel of the Main House (front building),Closed Expired,04/19/2021,
B2003-02998,"2532 BENVENUE AVE, A, BERKELEY CA 94704",Building Electrical Mechanical Plumbing Permit,"Relocate and remodel kitchen, remodel bedroom and study, relocate water heater.",Closed Expired,07/10/2003,
B2003-02998-E,"2532 BENVENUE AVE, A, BERKELEY CA 94704",Building Electrical Mechanical Plumbing Permit,"Relocate and remodel kitchen, remodel bedroom and study, relocate water heater.",Closed Expired,07/10/2003,
B2003-02998-M,"2532 BENVENUE AVE, A, BERKELEY CA 94704",Building Electrical Mechanical Plumbing Permit,"Relocate and remodel kitchen, remodel bedroom and study, relocate water heater.",Closed Expired,07/10/2003,
B2003-02998-P,"2532 BENVENUE AVE, A, BERKELEY CA 94704",Building Electrical Mechanical Plumbing Permit,"Relocate and remodel kitchen, remodel bedroom and study, relocate water heater.",Closed Expired,07/10/2003,
B1994-03614,"2532 BENVENUE AVE, BERKELEY CA 94704",Building Permit,"& INSTALL 1/2 1/2"" CDX PLYWOOD SHEAR WALL PERMIT CLOSED TIME LIMIT EXPIRED MP61401",Closed Expired,09/29/1994,
B1993-04239,"2532 BENVENUE AVE, A, BERKELEY CA 94704",Plumbing Permit,"SEWER REPAIR,BLD.DRAIN,REPLACE CAST IRON WITH ABS. 2""AND 4"".",Closed Expired,05/05/1993,
B1993-04240,"2532 BENVENUE AVE, BERKELEY CA 94704",Mechanical Permit,STUB GAS PIPE FOR FUTURE STOVE,Closed Expired,05/05/1993,
B1993-04160,"2532 BENVENUE AVE, BERKELEY CA 94704",Mechanical Permit,PRESSURE TEST FOR RE CONNECT GAS SERVICE- REAR COTTAGE,Closed Expired,04/29/1993,ADU/unit
B1993-04161,"2532 BENVENUE AVE, BERKELEY CA 94704",Mechanical Permit,KITCHEN STOVE UPSTAIRS FRONT (1/2),Closed Expired,04/29/1993,
B1993-03811,"2532 BENVENUE AVE, BERKELEY CA 94704",Building Electrical Plumbing Permit,EXTERIOR ENTRY AND STAIR RESTORATION BUILDING IS STRUCTURE OF MERIT.,Closed Expired,04/07/1993,
B1993-03811-E,"2532 BENVENUE AVE, BERKELEY CA 94704",Building Electrical Plumbing Permit,EXTERIOR ENTRY AND STAIR RESTORATION BUILDING IS STRUCTURE OF MERIT.,Closed Expired,04/07/1993,
B1993-03811-P,"2532 BENVENUE AVE, BERKELEY CA 94704",Building Electrical Plumbing Permit,EXTERIOR ENTRY AND STAIR RESTORATION BUILDING IS STRUCTURE OF MERIT.,Closed Expired,04/07/1993,
B2023-01144,"2534 BENVENUE Ave, 5, BERKELEY CA 94704",Building Permit,Add doors to create new bedroom 3. Add window in living area to meet light and air.,Closed Expired,03/14/2023,
B2023-00935,"2534 BENVENUE Ave, 6, BERKELEY CA 94704",Building Electrical Plumbing Permit,Convert kitchen into new bedroom 2. Create new kitchen in living area. Remodel bathroom. Replace 1 window with new fire rated emergency escape window and 1 window in kind.,Finaled,03/01/2023,
B2018-04024,"2534 BENVENUE Ave, BERKELEY CA 94704",Building Permit,Response to Housing Code Violation H2018-00278 Item #7. Replacing 66 windows and 2-sliding glass doors in kind.,Finaled,10/09/2018,
B2018-02394-REV01,"2534 BENVENUE Ave, BERKELEY CA 94704",Building Revision for B2018-02394,Revision to remove electrical work from scope. No increase in valuation.,Issued,08/06/2018,
B2018-02394,"2534 BENVENUE Ave, BERKELEY CA 94704",Building Electrical Permit,"Per Notice of Violation, legalize work performed without permit. Add a non-bearing wall, new pocket doors & closet. Repair floor/wall/ceiling fire assemblies at new openings & remodel kitchen in Unit #5. Replace tub with shower in Unit #9.",Finaled,06/19/2018,ADU/unit
B2015-00041,"2534 BENVENUE AVE, BERKELEY CA 94704",Building Permit,"**THREE (3) NEW WINDOWS IN BEDROOMS OF UNITS 3, 8, & 14 (SEE ATTACHED HOUSING REPORT #14-1210, item #3)",Finaled,01/06/2015,
B2016-02716,"2537 BENVENUE Ave, BERKELEY CA 94704",Building Permit,Re-Roof,Finaled,06/09/2016,
B2002-00774,"2537 BENVENUE AVE, BERKELEY CA 94704",Building Permit,INSTALLATION OF MESH GRILL ON LIVING ROOM WINDOW. SUBJECT TO FIELD INSPECTION,Closed Expired,02/27/2002,
B1999-05222,"2537 BENVENUE AVE, BERKELEY CA 94704",Building Permit,"VOLUNTART SEISMIC UPGRADE: SHEAR WALLS, TIE-DOWNS AND STEEL MOMENT FRAMES",Closed Expired,11/12/1999,
B1995-04906,"2537 BENVENUE AVE, BERKELEY CA 94704",Building Permit,INSTALL TWO STEEL MOMENT FRAMES AT EAST,Closed Expired,12/19/1995,
B2013-02623,"2539 BENVENUE AVE, BERKELEY CA 94704",Building Permit,Re-roof class A,Closed Expired,06/12/2013,
B1999-01864,"2539 BENVENUE AVE, BERKELEY CA 94704",Building Permit,REMOVE ALL IMPROVEMENTS IN BASEMENT AND RETURN TO STORAGE AREA CLOSED MARG 6/11/02,Closed Expired,04/30/1999,
B2023-01205-REV01,"2540 BENVENUE Ave, BERKELEY CA 94704",Building Revision for B2023-01205,Install secondary breakers to remove parallel conditions. Relocation of Main Service Panel from inside to the exterior southeast side of building. No increase in valuation.,Issued,10/29/2024,
B2024-02745,"2540 BENVENUE Ave, BERKELEY CA 94704",Plumbing Permit,Replace water heater per housing report H2023-00821 Item # 4.,Finaled,06/04/2024,
B2023-01205,"2540 BENVENUE Ave, BERKELEY CA 94704",Building Electrical Permit,"Replace and upgrade electrical subpanels. Move subpanels from closets to living room walls. Sheetrock repair, painting and trim work. Please reference attached plans.",Issued,03/15/2023,
ESR-2022-01772,"2540 BENVENUE Ave, BERKELEY CA 94704",,,Closed Expired,08/09/2022,
ESR-2022-01621,"2540 BENVENUE Ave, BERKELEY CA 94704",,,Closed Expired,07/25/2022,
ESR-2022-01589,"2540 BENVENUE Ave, BERKELEY CA 94704",,,Closed Expired,07/20/2022,
B2006-04006,"2540 BENVENUE AVE, 203, BERKELEY CA 94704",Mechanical Permit,Install Gas Meter & pressure test,Closed Expired,10/02/2006,
B1992-02084,"2540 BENVENUE AVE, BERKELEY CA 94704",Plumbing Permit,PERMIT CLOSED TIME LIMIT EXPIRED'MH 2/23/01,Closed Expired,11/19/1992,
B2013-02340,"2545 BENVENUE AVE, 4, BERKELEY CA 94704",Building Permit,REBUILD EXTERIOR STAIRS,Closed Expired,05/28/2013,
B2002-05344-P,"2545 BENVENUE AVE, BERKELEY CA 94704",Building Electrical Mechanical Plumbing Permit,"REMODEL BATHROOMS IN UNITS A AND B: NEW TILE, NEW FIXTURES, INSULATE WALLS. 12-18-02, ELECTRICAL ITEMS ADDED, SERVICE UPGRADE. ADDED ITEMS TO MECH. - WALL HEATERS, PRESSURE TESTS. CLW 2/19/03 KITCHEN REMODEL FOR UNITS A&B INCREASE VALUATION. SBB",Closed Expired,12/06/2002,
B2002-05344-M,"2545 BENVENUE AVE, BERKELEY CA 94704",Building Electrical Mechanical Plumbing Permit,"REMODEL BATHROOMS IN UNITS A AND B: NEW TILE, NEW FIXTURES, INSULATE WALLS. 12-18-02, ELECTRICAL ITEMS ADDED, SERVICE UPGRADE. ADDED ITEMS TO MECH. - WALL HEATERS, PRESSURE TESTS. CLW 2/19/03 KITCHEN REMODEL FOR UNITS A&B INCREASE VALUATION. SBB",Closed Expired,12/06/2002,
B2002-05344-E,"2545 BENVENUE AVE, BERKELEY CA 94704",Building Electrical Mechanical Plumbing Permit,"REMODEL BATHROOMS IN UNITS A AND B: NEW TILE, NEW FIXTURES, INSULATE WALLS. 12-18-02, ELECTRICAL ITEMS ADDED, SERVICE UPGRADE. ADDED ITEMS TO MECH. - WALL HEATERS, PRESSURE TESTS. CLW 2/19/03 KITCHEN REMODEL FOR UNITS A&B INCREASE VALUATION. SBB",Closed Expired,12/06/2002,
B2002-05344,"2545 BENVENUE AVE, BERKELEY CA 94704",Building Electrical Mechanical Plumbing Permit,"REMODEL BATHROOMS IN UNITS A AND B: NEW TILE, NEW FIXTURES, INSULATE WALLS. 12-18-02, ELECTRICAL ITEMS ADDED, SERVICE UPGRADE. ADDED ITEMS TO MECH. - WALL HEATERS, PRESSURE TESTS. CLW 2/19/03 KITCHEN REMODEL FOR UNITS A&B INCREASE VALUATION. SBB",Closed Expired,12/06/2002,
B2024-03402,"2548 BENVENUE Ave, BERKELEY CA 94704",Plumbing Permit,Installing a new water heater and ensuring it is up to code.,Finaled,07/11/2024,
B2024-03403,"2550 BENVENUE Ave, BERKELEY CA 94704",Plumbing Permit,Installing a new water heater and ensuring it is up to code.,Finaled,07/11/2024,
B2021-05593,"2551 BENVENUE Ave, BERKELEY CA 94704",Building Electrical Permit,Per Housing report H2021-02495 Item #4: New non Load bearing partition in living room. (2) New duplex outlets.,Closed Expired,12/13/2021,
B2021-05346,"2551 BENVENUE Ave, A, BERKELEY CA 94704",Building Permit,"Per Housing Report #H2021-02458, Dated October 13, 2021. Item # 24. Dry rot repair of exterior stair landing.",Finaled,11/24/2021,
B2021-05272,"2551 BENVENUE Ave, BERKELEY CA 94704",Plumbing Permit,"2- wall heaters in Unit A. See housing report # H2021-02458, item #8, Item #13, and item # 25",Finaled,11/22/2021,
B2004-01992,"2551 BENVENUE AVE, BERKELEY CA 94704",Building Electrical Mechanical Plumbing Permit,"Unit 2551: close in two existing interior doorways, install new bath doorway, new bedroom doorway and partial wall, remove brick chimney, relocate both water heaters in both units to exterior prefab enclosure, Unit 2551A: kitchen remodel, frame in where brick chimney removed.",Closed Expired,05/10/2004,
B2004-01992-E,"2551 BENVENUE AVE, BERKELEY CA 94704",Building Electrical Mechanical Plumbing Permit,"Unit 2551: close in two existing interior doorways, install new bath doorway, new bedroom doorway and partial wall, remove brick chimney, relocate both water heaters in both units to exterior prefab enclosure, Unit 2551A: kitchen remodel, frame in where brick chimney removed.",Closed Expired,05/10/2004,
B2004-01992-M,"2551 BENVENUE AVE, BERKELEY CA 94704",Building Electrical Mechanical Plumbing Permit,"Unit 2551: close in two existing interior doorways, install new bath doorway, new bedroom doorway and partial wall, remove brick chimney, relocate both water heaters in both units to exterior prefab enclosure, Unit 2551A: kitchen remodel, frame in where brick chimney removed.",Closed Expired,05/10/2004,
B2004-01992-P,"2551 BENVENUE AVE, BERKELEY CA 94704",Building Electrical Mechanical Plumbing Permit,"Unit 2551: close in two existing interior doorways, install new bath doorway, new bedroom doorway and partial wall, remove brick chimney, relocate both water heaters in both units to exterior prefab enclosure, Unit 2551A: kitchen remodel, frame in where brick chimney removed.",Closed Expired,05/10/2004,
B1998-04052,"2553 BENVENUE AVE, BERKELEY CA 94704",Building Permit,EXTERIOR STAIRS & RAIL REPAIR,Closed Expired,09/14/1998,
B2003-05522,"2555 BENVENUE AVE, B, BERKELEY CA 94704",Building Electrical Plumbing Permit,"Kitchen remodel: repl cabinets/countertops, new wiring for counter lighting",Closed Expired,12/12/2003,
B2003-05522-E,"2555 BENVENUE AVE, B, BERKELEY CA 94704",Building Electrical Plumbing Permit,"Kitchen remodel: repl cabinets/countertops, new wiring for counter lighting",Closed Expired,12/12/2003,
B2003-05522-P,"2555 BENVENUE AVE, B, BERKELEY CA 94704",Building Electrical Plumbing Permit,"Kitchen remodel: repl cabinets/countertops, new wiring for counter lighting",Closed Expired,12/12/2003,
B2003-03646,"2555 BENVENUE AVE, BERKELEY CA 94704",Building Electrical Plumbing Permit,gut and remodel kitchen,Closed Expired,08/15/2003,
B2003-03646-E,"2555 BENVENUE AVE, BERKELEY CA 94704",Building Electrical Plumbing Permit,gut and remodel kitchen,Closed Expired,08/15/2003,
B2003-03646-P,"2555 BENVENUE AVE, BERKELEY CA 94704",Building Electrical Plumbing Permit,gut and remodel kitchen,Closed Expired,08/15/2003,
ESR-2026-02344,"2600 BENVENUE Ave, BERKELEY CA 94704",,,Closed Expired,07/07/2026,
ESR-2026-01579,"2600 BENVENUE Ave, BERKELEY CA 94704",,,Closed Expired,05/05/2026,
B2025-00849,"2600 BENVENUE Ave, BERKELEY CA 94704",Electrical Permit,Electrical service upgrade to 400-amp service and relocate new meter stacks and breaker module per PG&E requirements to west exterior elevation.,Issued,03/04/2025,
ESR-2025-00220,"2600 BENVENUE Ave, BERKELEY CA 94704",,,Closed Expired,01/22/2025,
B2023-03446,"2600 BENVENUE Ave, BERKELEY CA 94704",Building Electrical Mechanical Plumbing Permit,Legalize addition and two (2) Attic ADUs. Add new 3rd floor deck and exit stairs. Seismic Upgrade,Closed Expired,07/07/2023,addition
B2020-01542,"2600 BENVENUE Ave, BERKELEY CA 94704",Building Permit,"Seismic Upgrade retrofit: 72 linear foot of new interior 24"" wide footing with cripple wall at crawl space. Retrofit existing 93 linear foot of existing interior wall (add plywood at existing). (Upgrade is part of an addition that requires AUP that is incomplete. KChung)",Closed Expired,05/22/2020,addition
B2022-04686,"2601 BENVENUE Ave, BERKELEY CA 94704",PermitPermit,Install 4.0 KW (DC) / 3.6 KW (AC) PV solar panels (10 modules) on the roof.,Finaled,10/10/2022,
B2022-04608,"2601 BENVENUE Ave, BERKELEY CA 94704",Building Permit,"Remove existing roof layers, install 1/2"" sheathing. Install class A composition asphalt shingles.",Closed Expired,10/05/2022,
B1993-04380,"2601 BENVENUE AVE, BERKELEY CA 94704",Building Permit,"TERMITE REPAIR, ITEMS 1A,4A,4B,4G,4E",Closed Expired,05/18/1993,
ESR-2026-02501,"2603 BENVENUE Ave, 4, BERKELEY CA 94704",,,Documents Required,07/19/2026,
B2025-00771,"2603 BENVENUE Ave, 1, BERKELEY CA 94704",Plumbing Permit,Install sump pump on front exterior of home. Install discharge line from sump pump.,Issued,02/26/2025,
24TMP-030928,"2603 BENVENUE Ave, 4, BERKELEY CA 94704",,,,11/22/2024,
B2023-00241,"2603 BENVENUE Ave, 3, BERKELEY CA 94704",Electrical Permit,Install car charger in garage.,Finaled,01/20/2023,
B2021-02049,"2603 BENVENUE Ave, COM, BERKELEY CA 94704",Building Permit,Voluntary Foundation strenghening by installing UFRP and A35 into the existing concrete foundation.,Finaled,05/18/2021,
B2012-02073,"2603 BENVENUE AVE, 3, BERKELEY CA 94704",Building Permit,"** REMOVE/REPLACE SEVEN (7) WINDOWS, TWO (2) DOORS, IN KIND. SEE ATTACHED CONDITIONS OF APPROVAL.",Closed Expired,05/30/2012,
B2007-03393,"2603 BENVENUE AVE, 4, BERKELEY CA 94704",Building Permit,REPLACE 6 WINDOWS.,Closed Expired,07/30/2007,
B2020-03924,"2607 BENVENUE Ave, BERKELEY CA 94704",Electrical Permit,200A main panel upgrade.,Finaled,11/12/2020,
B2020-03618,"2607 BENVENUE Ave, BERKELEY CA 94704",Electrical Permit,Install 4.5 KW PV solar panels (12 modules) on the roof.,Finaled,10/22/2020,
B2005-01771,"2607 BENVENUE AVE, BERKELEY CA 94704",Plumbing Permit,INSTALL TRENCHLESS SEWER,Closed Expired,04/28/2005,
B2016-03353,"2608 BENVENUE Ave, BERKELEY CA 94704",Building Permit,Deck and stair replacement in rear yard.,Finaled,07/18/2016,
B2016-02352,"2608 BENVENUE Ave, A, BERKELEY CA 94704",Building Permit,Install three (3) retrofit windows--no size change,Closed Expired,05/18/2016,
B2016-01570,"2608 BENVENUE Ave, BERKELEY CA 94704",Building Permit,DEMO OLD DECK AND REPLACE WITH NEW DECK DUE TO DRY ROT ( REPLACE IN KIND ),Closed Expired,04/05/2016,demolition
B2016-00790,"2608 BENVENUE Ave, A, BERKELEY CA 94704",Building Permit,Install one retrofit window in bedroom no size change,Finaled,02/24/2016,
B2008-02418,"2608 BENVENUE AVE, BERKELEY CA 94704",Electrical Permit,"(N) SERVICE 200AMPS- (5) SUB PANELS, 2-CIRCUIT FOR KITCHEN A & B 4-CIRCUIST FOR EACH BATH-REMOVE TUBE IN ATTIC UNIT C & D.",Closed Expired,06/03/2008,
B2007-01657,"2608 BENVENUE AVE, A, BERKELEY CA 94704",Building Permit,Recover roof at rear cottage with new felt & shingles.,Closed Expired,04/18/2007,ADU/unit
B2007-01658,"2608 BENVENUE AVE, C, BERKELEY CA 94704",Building Permit,Recover small porch roof with new felt & shingles.,Closed Expired,04/18/2007,
B2002-01400,"2608 BENVENUE AVE, BERKELEY CA 94704",Building Permit,NEW DECK AND STAIR AT REAR CORNER OF RESIDENCE permit closed - time limit expired - mlw 7/9/03,Closed Expired,04/11/2002,
B2025-04341,"2611 BENVENUE Ave, 4, BERKELEY CA 94704",Building Permit record created from ESR-2025-03279,Voluntary Seismic Retrofit,Finaled,10/01/2025,
B2025-02972,"2611 BENVENUE Ave, BERKELEY CA 94704",Building Permit,"Remove & replace three (3) windows, same sizes & locations. An Address Assignment is required.",Finaled,07/16/2025,
B2015-04249,"2611 BENVENUE AVE, BERKELEY CA 94704",Electrical Permit,200AMP OVERHEAD SERVICE MAIN PANEL UPGRADE FOR 4-PLEX,Finaled,09/01/2015,
B1997-04202,"2611 BENVENUE AVE, COM, BERKELEY CA 94704",Mechanical Permit,REPLACEMENT FURNACE,Closed Expired,09/22/1997,
B2020-04210,"2615 BENVENUE Ave, B, BERKELEY CA 94704",Building Permit,Complete removal of all existing roofing materials and installation of new roofing assembly at 2230 sq ft.,Finaled,12/02/2020,
B2016-03767,"2615 BENVENUE Ave, A, BERKELEY CA 94704",Building Permit,Basement seismic improvements Add: (2) posts and sheathing - for transfer tax rebate,Closed Expired,08/11/2016,
B2015-03259,"2615 BENVENUE AVE, B, BERKELEY CA 94704",Plumbing Permit,REPLACE WATER HEATER EF.67,Finaled,07/08/2015,
B2014-02971,"2615 BENVENUE AVE, A, BERKELEY CA 94704",Building Electrical Mechanical Permit,"CREATE BEDROOM, BATH REMODEL & WINDOW REPLACEMENT",Closed Expired,06/30/2014,
B2014-02971-E,"2615 BENVENUE AVE, A, BERKELEY CA 94704",Building Electrical Mechanical Permit,"CREATE BEDROOM, BATH REMODEL & WINDOW REPLACEMENT",Closed Expired,06/30/2014,
B2014-02971-M,"2615 BENVENUE AVE, A, BERKELEY CA 94704",Building Electrical Mechanical Permit,"CREATE BEDROOM, BATH REMODEL & WINDOW REPLACEMENT",Closed Expired,06/30/2014,
B2026-02169,"2619 BENVENUE Ave, F, BERKELEY CA 94704",Building Permit,"Remove & replace two (2) retrofit kitchen windows & one (1) sliding bedroom patio door, same sizes & locations.",Issued,05/22/2026,
B2025-03693,"2619 BENVENUE Ave, A, BERKELEY CA 94704",Building Permit,"Remove & replace sixteen (16) windows, same sizes & locations.",Finaled,08/28/2025,
B2025-01595,"2619 BENVENUE Ave, F, BERKELEY CA 94704",Electrical Mechanical Permit,Install ductless mini split heat pump system for second floor unit. Install dedicated 220 V electrical circuit in second floor unit.,Closed Expired,04/18/2025,
B2025-01542,"2619 BENVENUE Ave, C, BERKELEY CA 94704",Electrical Mechanical Permit,Install non-ducted multi-split heat pump on the exterior (upper deck) with air handlers in the living room & bedroom. Install a dedicated 220 V electrical circuit. (Second floor unit.),Closed Expired,04/16/2025,
B2025-01374,"2619 BENVENUE Ave, B, BERKELEY CA 94704",Building Permit record created from ESR-2025-00908,"Replace knob and tube wiring. Install new 200-amp overhead service (no added load) Units A&B Replace Knob and Tube with Romex, and like for like service replacement for Units DEF from Closets to hallway, House panel same location.",Finaled,04/07/2025,
ESR-2025-00906,"2619 BENVENUE Ave, A, BERKELEY CA 94704",,,Closed Expired,03/25/2025,
ESR-2025-00909,"2619 BENVENUE Ave, D, BERKELEY CA 94704",,,Closed Expired,03/25/2025,
ESR-2025-00910,"2619 BENVENUE Ave, E, BERKELEY CA 94704",,,Closed Expired,03/25/2025,
ESR-2025-00911,"2619 BENVENUE Ave, F, BERKELEY CA 94704",,,Closed Expired,03/25/2025,
B2019-04821,"2619 BENVENUE Ave, B, BERKELEY CA 94704",Mechanical Permit,"Install Williams 30,000 BTU wall heater",Finaled,11/05/2019,
B2019-00798,"2619 BENVENUE Ave, A, BERKELEY CA 94704",Mechanical Permit,replace customer existing furnace and cut in 3 new ducts,Finaled,02/25/2019,
B2018-00441,"2619 BENVENUE Ave, BERKELEY CA 94704",Building Permit,Front entrance stair tread replacement,Finaled,01/31/2018,
B2017-03007,"2619 BENVENUE Ave, BERKELEY CA 94704",Building Permit,Install new plywood sheathing and anchor bolts to cripple walls of building 1 and building 2 as part of voluntary strengthening measures.,Finaled,07/12/2017,
B2016-02033,"2619 BENVENUE Ave, BERKELEY CA 94704",Building Electrical Mechanical Plumbing Permit,Kitchen and bath remodel in unit G.,Finaled,05/02/2016,
B2016-01340,"2619 BENVENUE Ave, G, BERKELEY CA 94704",Mechanical Permit,INSTALL MINI SPLIT HEAT PUMP & MATCHING WALL MOUNTED HEADS. INSTALL UNIT ON BALCONY,Finaled,03/24/2016,
B2016-01231,"2619 BENVENUE Ave, G, BERKELEY CA 94704",Building Permit,Remove & replace six (6) windows and one (1) Sliding patio door,Closed Expired,03/16/2016,
B1999-02391,"2619 BENVENUE AVE, BERKELEY CA 94704",Building Permit,REPLACE EXT DOORS. NO SIZE OR SHAPE CHANGE,Closed Expired,06/02/1999,
B2023-03375,"2620 BENVENUE Ave, BERKELEY CA 94704",Building Permit,Roofing material to be removed down to the solid sheathing on building 2620 and 2622 Benvenue Avenue. Install comp shingle. Install double layer modified bitumen in the valleys.,Finaled,06/30/2023,
PBA-2022-00057,"2620 BENVENUE Ave, 2, BERKELEY CA 94704",,,Closed Expired,01/13/2022,
B2018-03300,"2620 BENVENUE Ave, BERKELEY CA 94704",Plumbing Permit,Install 5 Gas Shut-off Valves for five units (Group) rate.,Finaled,08/21/2018,
B2023-04092,"2621 BENVENUE Ave, B, BERKELEY CA 94704",Plumbing Permit,Replaced tankless water heater with new Navien tankless water heater in same location,Closed Expired,08/09/2023,
B2022-02500,"2621 BENVENUE Ave, A, BERKELEY CA 94704",Building Permit,"Upgrade of existing stair to level 2 deck, Ugrade level 1 and level 2 deck.",Finaled,06/01/2022,
B2002-03561,"2621 BENVENUE AVE, A, BERKELEY CA 94704",Building Permit,ELLIE: PLEASE GIVE ME THE CORRECTION LETTER WHEN YOU GET IT FINISHED-MIKE FAX NUMBER: ORA HATHEWAY 415 621-3393 FAX CORRECTION LETTER AND CALL APPLICANT TO SAY CORRECTION LETTER IS READY,Closed Expired,08/16/2002,
B1999-03060-P,"2621 BENVENUE AVE, A, BERKELEY CA 94704",Building Electrical Plumbing Permit,"R&R TUB, NEW SURROUND, SINK. REMOVE WATER HEATER-REPL W/TANKLESS UNIT.",Closed Expired,07/07/1999,
B1999-03060-E,"2621 BENVENUE AVE, A, BERKELEY CA 94704",Building Electrical Plumbing Permit,"R&R TUB, NEW SURROUND, SINK. REMOVE WATER HEATER-REPL W/TANKLESS UNIT.",Closed Expired,07/07/1999,
B1999-03060,"2621 BENVENUE AVE, A, BERKELEY CA 94704",Building Electrical Plumbing Permit,"R&R TUB, NEW SURROUND, SINK. REMOVE WATER HEATER-REPL W/TANKLESS UNIT.",Closed Expired,07/07/1999,
B2022-00702,"2622 BENVENUE Ave, 2, BERKELEY CA 94704",Building Permit record created from PBA-2022-00244,Replace existing gas line with new,Closed Expired,02/16/2022,
B2022-04545,"2623 BENVENUE Ave, A, BERKELEY CA 94704",Plumbing Permit,Tankless water heater,Finaled,10/03/2022,
B2021-00549,"2626 BENVENUE Ave, COM, BERKELEY CA 94704",Building Permit,"Re-roofing of the building for a new one for approximately total surface area of 3725 Sq. Ft. Also, repair 200 Sq. Ft. of plywood.",Finaled,02/10/2021,
B2008-05400,"2626 BENVENUE AVE, COM, BERKELEY CA 94704",Building Permit,"REMOVE & REPLACE 9E) AROOF MATERIAL, INSTALLATION OF COMP SHINGLED MODIFIED BITUMEN SYSTEM-CLASS A.",Closed Expired,12/09/2008,
B2007-03932,"2626 BENVENUE AVE, COM, BERKELEY CA 94704",Plumbing Permit,REPLACE & REROUTE SANITARY DRAIN LINE FOR DUPLEX TO INSURE GRADE.,Closed Expired,08/27/2007,
B2002-04951,"2626 BENVENUE AVE, 5, BERKELEY CA 94704",Mechanical Permit,"INSTALL GAS HEATER IN EXISTING CLOSET W/DUCTS TO 3 ROOMS VIA CHASE. ADD GAS PIPE VIA CHASE, VENT THROUGH ROOF",Closed Expired,11/08/2002,
B2000-00161,"2626 BENVENUE AVE, COM, BERKELEY CA 94704",Building Permit,SEISMIC,Closed Expired,01/13/2000,
B1999-04586,"2626 BENVENUE AVE, COM, BERKELEY CA 94704",Building Electrical Plumbing Permit,NEW STUDIO & HOT TUB,Closed Expired,10/06/1999,
B1999-04586-E,"2626 BENVENUE AVE, COM, BERKELEY CA 94704",Building Electrical Plumbing Permit,NEW STUDIO & HOT TUB,Closed Expired,10/06/1999,
B1999-04586-P,"2626 BENVENUE AVE, COM, BERKELEY CA 94704",Building Electrical Plumbing Permit,NEW STUDIO & HOT TUB,Closed Expired,10/06/1999,
B1999-04060,"2626 BENVENUE AVE, COM, BERKELEY CA 94704",Building Permit,NEW DECK OVER FIRST FLOOR ROOF,Closed Expired,09/03/1999,
B1999-02699,"2626 BENVENUE AVE, COM, BERKELEY CA 94704",Building Permit,REMOVE CONCRETE STAIR AND REPLACE WITH WOOD FRAME STAIRS.,Closed Expired,06/17/1999,
B1998-01559,"2626 BENVENUE AVE, COM, BERKELEY CA 94704",Building Permit,"REMOVE ONE KITCHEN, MERGE 2 UNITS INTO ONE (CONVERTING FROM 5 TO 4 UNITS TOTAL) AND LEGALIZE ROOF DECK",Closed Expired,04/28/1998,ADU/unit
B1993-06995,"2626 BENVENUE AVE, COM, BERKELEY CA 94704",Building Permit,TEAR OFF THREE LAYER OF REROOF WITH FIBERGLASS SHINGLES CLASS A ROOF,Closed Expired,11/17/1993,
B1993-06064,"2626 BENVENUE AVE, COM, BERKELEY CA 94704",Building Electrical Plumbing Permit,"BATHROOM REMODEL. REMOVE TILE AND PLACE NEW, REMOVE LAV/TOILET. REPLACE WITH NEW ONE. NO STRUCTURAL CHANGES",Closed Expired,09/17/1993,
B1993-06064-E,"2626 BENVENUE AVE, COM, BERKELEY CA 94704",Building Electrical Plumbing Permit,"BATHROOM REMODEL. REMOVE TILE AND PLACE NEW, REMOVE LAV/TOILET. REPLACE WITH NEW ONE. NO STRUCTURAL CHANGES",Closed Expired,09/17/1993,
B1993-06064-P,"2626 BENVENUE AVE, COM, BERKELEY CA 94704",Building Electrical Plumbing Permit,"BATHROOM REMODEL. REMOVE TILE AND PLACE NEW, REMOVE LAV/TOILET. REPLACE WITH NEW ONE. NO STRUCTURAL CHANGES",Closed Expired,09/17/1993,
B2022-01291,"2627 BENVENUE Ave, A, BERKELEY CA 94704",Plumbing Permit,Install 30 gallon tank water heater at location of existing water heater,Finaled,03/24/2022,
B2026-01855,"2628 BENVENUE Ave, A, BERKELEY CA 94704",Building Permit,Replace exterior stair,Finaled,05/05/2026,
ESR-2026-00821,"2628 BENVENUE Ave, A, BERKELEY CA 94704",,,Closed Expired,03/10/2026,
ESR-2026-00562,"2628 BENVENUE Ave, A, BERKELEY CA 94704",,,Closed Expired,02/23/2026,
B2022-01106,"2628 BENVENUE Ave, B, BERKELEY CA 94704",Mechanical Permit,install Rinnai wall furnace,Finaled,03/14/2022,
B2019-00040,"2628 BENVENUE Ave, BERKELEY CA 94704",Building Permit,The pitched roof and all of the lower roofs including the rear balcony will be removed down to the solid sheathing. Install Certain Teed Landmark Shingles and a double layer of Certain Teed Bitumen on the lower pitched roof.,Finaled,01/04/2019,
B2016-00884,"2628 BENVENUE Ave, BERKELEY CA 94704",Electrical Permit,Remove non-working(electrical fire pull station) per request of the Fire department.,Closed Expired,02/29/2016,
B2014-03727,"2628 BENVENUE AVE, BERKELEY CA 94704",Mechanical Permit,REPLACE (E) FURNACE,Finaled,08/15/2014,
B2006-05196,"2628 BENVENUE AVE, BERKELEY CA 94704",Building Permit,"Construct post and beam open carport with solid wall at property line. Comp roof, concrete post footing.",Closed Expired,12/12/2006,
B2006-05197,"2628 BENVENUE AVE, BERKELEY CA 94704",Building Electrical Permit,"Construct 14'X22' single car garage. Slab on grade/platform style wood frame, comp roof and cedar shingle siding.",Closed Expired,12/12/2006,
B2006-05197-E,"2628 BENVENUE AVE, BERKELEY CA 94704",Building Electrical Permit,"Construct 14'X22' single car garage. Slab on grade/platform style wood frame, comp roof and cedar shingle siding.",Closed Expired,12/12/2006,
B2002-00161,"2628 BENVENUE AVE, BERKELEY CA 94704",Building Permit,REMOVE DOORS AND ROOF OF (E) CARPORT ONE WALL TO REMAIN AS PORTION OF (E) FENCE. REPAIR SIDING ON DWELLING AND INSTALL FOOTING FOR FOUNDATION OF CANTILEVER SECTION OF DWELLING.,Closed Expired,01/14/2002,
B1998-01010,"2628 BENVENUE AVE, BERKELEY CA 94704",Mechanical Permit,REPLACING 2 UNDERGROUND SECTIONS OF GAS LINE FOR 2 REAR COTTAGES,Closed Expired,03/19/1998,ADU/unit
B2007-01388-P,"2630 BENVENUE AVE, A, BERKELEY CA 94704",Building Plumbing Permit,Condo Conversion Repairs: REPLACE APPROX 100 S.F. OF COMP SHINGLES ON ROOF. STRAP WATER HEATER AND RUN DRAIN FROM PRESS REL VALVE TO THE OUTSIDE. BRING COMBUSTION AIR OPENING UP TO CODE. THIS PERMIT WAS EXPANDED TO INCLUDE INFILLING LIV RM WINDOW AND RPL ENTIRE ROOF TO AVOID MULTIPLE PERMITS ON SAME JOB SITE.--BT,Closed Expired,04/02/2007,
B2007-01388,"2630 BENVENUE AVE, A, BERKELEY CA 94704",Building Plumbing Permit,Condo Conversion Repairs: REPLACE APPROX 100 S.F. OF COMP SHINGLES ON ROOF. STRAP WATER HEATER AND RUN DRAIN FROM PRESS REL VALVE TO THE OUTSIDE. BRING COMBUSTION AIR OPENING UP TO CODE. THIS PERMIT WAS EXPANDED TO INCLUDE INFILLING LIV RM WINDOW AND RPL ENTIRE ROOF TO AVOID MULTIPLE PERMITS ON SAME JOB SITE.--BT,Closed Expired,04/02/2007,
B2018-00095,"2632 BENVENUE Ave, BERKELEY CA 94704",Building Permit,15 squares - complete removal of existing membrane roof and installing new membrane roof,Finaled,01/08/2018,
B2006-03568,"2632 BENVENUE AVE, BERKELEY CA 94704",Building Permit,Rear portion of building only. T/O existing roof. Re-roof w/ certified flintlastic 3-ply self adhered built up roof,Closed Expired,09/07/2006,
B2000-04603,"2632 BENVENUE AVE, BERKELEY CA 94704",Building Permit,T/O EXISTING ROOFING MATL. INSTALL 40# BASE 11# GLASS AND MODIFIED BITUMEN,Closed Expired,10/17/2000,
B2025-05838,"2633 BENVENUE Ave, 3, BERKELEY CA 94704",Mechanical Permit,Unit 3 - changeout furnace at interior closet.,Finaled,12/18/2025,
24TMP-006573,"2633 BENVENUE Ave, 4, BERKELEY CA 94704",,,,02/06/2024,
B2022-01324,"2633 BENVENUE Ave, 3, BERKELEY CA 94704",Building Permit record created from PBA-2022-00515,Enlarge current 18”x30” window to fire escape to 18”x80” door for easier access.,Closed Expired,03/25/2022,
B2017-03733,"2633 BENVENUE Ave, BERKELEY CA 94704",Building Mechanical Permit,"Repair 18 feet of brick chimney from the 3rd floor up, matching existing look of old. Chimney has two fireplaces; Apartments 1 and 3.",Finaled,08/28/2017,
B2017-00098,"2633 BENVENUE Ave, 4, BERKELEY CA 94704",Mechanical Permit,Replace wall furnace.,Finaled,01/05/2017,
B2007-05533,"2633 BENVENUE AVE, BERKELEY CA 94704",Building Permit,"BOLT MUDSILL TO THE FOUNDATION, SECURE THE FLOOR JOISTS TO THE TOP PLATE OF THE CRIPPLE WALLS AND INSTALL PLYWOOD SHEATHING(SHEAR PANELS) ON THE CRIPPLE WALLS. * PERMIT EXTENSION FOR BLDG ON 11-25-08.DC",Closed Expired,11/29/2007,
B2026-01569,"2634 BENVENUE Ave, BERKELEY CA 94704",Plumbing Permit,40gal natural gas water hater replacement.,Issued,04/15/2026,
B2023-03750,"2634 BENVENUE Ave, BERKELEY CA 94704",Building Permit,"Remove & Replace Comp Shingles Roof with Title 24 Class ""A"" Shingles",Finaled,07/24/2023,
23TMP-022976,"2634 BENVENUE Ave, BERKELEY CA 94704",,,,07/19/2023,
B2020-00828,"2634 BENVENUE Ave, BERKELEY CA 94704",Plumbing Permit,30 GALLON WATER HEATER. CHANGE OUT. SAME LOCATION,Closed Expired,02/28/2020,
B2006-03569,"2634 BENVENUE AVE, BERKELEY CA 94704",Building Permit,"back garage roof only, t/o existing roof. re-roof w/ certainteed flintlastic s/a 3-ply built up roof",Closed Expired,09/07/2006,
B2000-02915,"2634 BENVENUE AVE, BERKELEY CA 94704",Building Permit,T/O ALL LAYERS OF ROOFING MATL. INSTALL GAF 25YR COMPOSITION SHINGLE ROOF SYSTEM,Closed Expired,07/13/2000,
B2012-01284,"2635 BENVENUE AVE, BERKELEY CA 94703",Mechanical Permit,** INSTALL NEW DUCTWORK.,Closed Expired,04/09/2012,
25TMP-029184,"2636 BENVENUE Ave, BERKELEY CA 94704",,,,09/22/2025,
B2018-02551,"2636 BENVENUE Ave, BERKELEY CA 94704",Building Permit,Remove existing comp and install 17 squares of new comp.,Finaled,06/28/2018,
B2022-02775,"2639 BENVENUE Ave, BERKELEY CA 94704",Building Permit,Interior renovation of lower dwelling unit. Install shower pan. No exterior changes [EMP's added 1/18/2022],Finaled,06/16/2022,
B2012-01283,"2639 BENVENUE AVE, BERKELEY CA 94704",Building Permit,"** INSTALL ATTIC, WALL & FLOOR INSULATION.",Closed Expired,04/09/2012,
B2005-04564,"2639 BENVENUE AVE, BERKELEY CA 94704",Mechanical Permit,REMOVE & REPLACE CENTRAL AIR FURNACE,Closed Expired,10/25/2005,
B2025-02535,"2640 BENVENUE Ave, BERKELEY CA 94704",Mechanical Permit,Remove existing furnace in the crawl space & install Hydro Furnace in same location.,Finaled,06/23/2025,
B2022-01140,"2643 BENVENUE Ave, BERKELEY CA 94704",Building Permit,Tear off all way to wood and installing safeguard underlayment and 30year shingles,Finaled,03/15/2022,
B2018-00454-REV01,"2643 BENVENUE Ave, BERKELEY CA 94704",Building Revision for B2018-00454,"Foundation cap, repair framing in-kind current valuation 8,000 to 14,000.",Issued,05/16/2018,
B2018-00454,"2643 BENVENUE Ave, BERKELEY CA 94704",Building Electrical Permit,"Balcony Repair. 5/17/18: Revision: Foundation cap, replace damage framing for balcony w/electrical work. Valuation increase $6000 to existing. New project valuation is $14,000.",Finaled,02/01/2018,
B1999-04511,"2643 BENVENUE AVE, BERKELEY CA 94704",Building Permit,"TERMITE REPAIR - CIRCLED ITEMS 1A,11A, 11B AND 11C OF ATTACHED REPORT",Closed Expired,10/01/1999,
B2023-05482,"2644 BENVENUE Ave, BERKELEY CA 94704",Building Permit,Reroof- Remove the existing roof and install new fiber glass shingles. 15 sq.,Finaled,10/24/2023,
B2016-05776,"2644 BENVENUE Ave, BERKELEY CA 94704",Electrical Permit,Install 200amps service with (2) meters and two (2) sub panels,Finaled,12/15/2016,
B2016-05078,"2644 BENVENUE Ave, BERKELEY CA 94704",Building Permit,Remove (E) brick and replace with a (2) story foundation. For transfer tax rebate.,Finaled,10/27/2016,
B2025-02762,"2649 BENVENUE Ave, BERKELEY CA 94704",Building Permit,"Rehab existing 3 story 6 unit building. Demo existing deck on east side of property. Replace all electrical outlets, switches and lighting. Update all the plumbing throughout the units. Remodel interior layout and replace all windows and doors. Install new sheetrock, flooring, cabinets and trims. Repair and replace exterior siding like for like. Install new 30 year comp shingles on roof",Issued,07/03/2025,demolition
B2011-04650,"2649 BENVENUE AVE, BERKELEY CA 94704",Building Permit,** VOLUNTARY SEISMIC.,Closed Expired,11/16/2011,
B2001-02674,"2649 BENVENUE AVE, 6, BERKELEY CA 94704",Building Permit,CREATE (N) BATHROOM IN (E) BEDROOM SPACE OF UPPER FLOOR (UNIT 6),Closed Expired,07/10/2001,
B2001-02672,"2649 BENVENUE AVE, 3, BERKELEY CA 94704",Building Permit,UNIT 3: ADD SUNROOM/BAY WINDOW AT LOWER FLOOR,Closed Expired,07/10/2001,
B2000-00791,"2649 BENVENUE AVE, BERKELEY CA 94704",Electrical Mechanical Permit,"UPGRADE SERVICE IN APARTMENT #4, WATER HEATER IN UNITS 4 & 5, STOVE W/HOOD IN UNIT #4",Closed Expired,03/02/2000,
B2000-00791-M,"2649 BENVENUE AVE, BERKELEY CA 94704",Electrical Mechanical Permit,"UPGRADE SERVICE IN APARTMENT #4, WATER HEATER IN UNITS 4 & 5, STOVE W/HOOD IN UNIT #4",Closed Expired,03/02/2000,
B1996-03400,"2649 BENVENUE AVE, BERKELEY CA 94704",Building Electrical Plumbing Permit,REPLACE WINDOWS IN UNIT NO 5,Closed Expired,08/27/1996,
B1996-03400-E,"2649 BENVENUE AVE, BERKELEY CA 94704",Building Electrical Plumbing Permit,REPLACE WINDOWS IN UNIT NO 5,Closed Expired,08/27/1996,
B1996-03400-P,"2649 BENVENUE AVE, BERKELEY CA 94704",Building Electrical Plumbing Permit,REPLACE WINDOWS IN UNIT NO 5,Closed Expired,08/27/1996,
B2016-01598,"2701 BENVENUE Ave, BERKELEY CA 94705",Plumbing Permit,REPLACE 50 GAL WATER HEATER IN KIND,Closed Expired,04/06/2016,
B2003-04542,"2701 BENVENUE AVE, BERKELEY CA 94705",Building Electrical Permit,"Remove lathe/plaster from walls in 2 bedrooms on 2nd floor and upper hall. insulate exterior walls. Replace electrical knob & tube with new wiring and add 4 outlets, 4 lights and 2 switches. subject to field inspection.",Closed Expired,10/09/2003,
B2003-04542-E,"2701 BENVENUE AVE, BERKELEY CA 94705",Building Electrical Permit,"Remove lathe/plaster from walls in 2 bedrooms on 2nd floor and upper hall. insulate exterior walls. Replace electrical knob & tube with new wiring and add 4 outlets, 4 lights and 2 switches. subject to field inspection.",Closed Expired,10/09/2003,
B2002-02895-P,"2701 BENVENUE AVE, BERKELEY CA 94705",Building Electrical Plumbing Permit,"REPLACE DRYROT AND WATER DAMAGED WOOD AROUND TUB/SHOWERS IN 2 BATHROOMS, AND REPAIR DRYROT IN LAUNDRYROOM PLANS SUBJECT TO FIELD INSPECTION",Closed Expired,07/10/2002,
B2002-02895-E,"2701 BENVENUE AVE, BERKELEY CA 94705",Building Electrical Plumbing Permit,"REPLACE DRYROT AND WATER DAMAGED WOOD AROUND TUB/SHOWERS IN 2 BATHROOMS, AND REPAIR DRYROT IN LAUNDRYROOM PLANS SUBJECT TO FIELD INSPECTION",Closed Expired,07/10/2002,
B2002-02895,"2701 BENVENUE AVE, BERKELEY CA 94705",Building Electrical Plumbing Permit,"REPLACE DRYROT AND WATER DAMAGED WOOD AROUND TUB/SHOWERS IN 2 BATHROOMS, AND REPAIR DRYROT IN LAUNDRYROOM PLANS SUBJECT TO FIELD INSPECTION",Closed Expired,07/10/2002,
B2001-02631,"2701 BENVENUE AVE, BERKELEY CA 94705",Building Permit,"REPAIR PARTIAL FOUNDATION W/ NEW 2 STORY REINFORCED CONCRETE, NEW PIERS, AND CONCRETE CAP.",Closed Expired,07/06/2001,addition
B1999-01155,"2701 BENVENUE AVE, BERKELEY CA 94705",Building Permit,DEMOLITION OF GARAGE,Closed Expired,03/18/1999,demolition
B1994-00650,"2701 BENVENUE AVE, BERKELEY CA 94705",Building Permit,"REPLACE LOOSE PLASTER WITH SHEETROCK, REBUILD DECK AND STAIRS, CLOSE DOOR TO HALLWAY AND CREATE OPENING BETWEEN ROOMS REPLACE 20' OF FALLEN RAIN GUTTER",Closed Expired,03/01/1994,
B1996-00565,"2703 BENVENUE AVE, B, BERKELEY CA 94705",Electrical Permit,"ELECTRICAL WORK INSTALL 1/2"" CONDUIT, WIRE, BOXES & RECEPT. FOR 2703 B - BASEBOARD HEATERS (2)",Closed Expired,02/20/1996,
B2026-03236,"2705 BENVENUE Ave, BERKELEY CA 94705",Building Permit,Install new interior staircase and remove two kitchens to combine 2705 and 2703 A&B into one unit. Approved by planning under AUP ZP2025-0086. See Karen Hernandez for questions. Thanks!,Under Review,07/30/2026,ADU/unit
B2026-01592,"2705 BENVENUE Ave, BERKELEY CA 94705",Electrical Permit,Upgrade main service panel from a 3 meter 100 amp to 2 meter 400 amp main service on the same location as the existent.,Corrections List Issued,04/16/2026,
B2023-00595,"2705 BENVENUE Ave, BERKELEY CA 94705",Building Plumbing Permit,"Insulation, drywall, replace shower pan/walls. Reset toilet.",Finaled,02/09/2023,
B2022-04326,"2705 BENVENUE Ave, BERKELEY CA 94705",Building Permit,Elevated Elements Repairs to stairs --Report dated 5/27/22,Finaled,09/15/2022,
B1995-04278,"2705 BENVENUE AVE, BERKELEY CA 94705",Building Permit,RE-ROOFING OVER LIVINGROOM AREA CLASS C,Closed Expired,10/31/1995,
B1993-06774,"2707 BENVENUE AVE, BERKELEY CA 94705",Electrical Permit,"SERVICE, METER SUBEED TO UNIT",Closed Expired,11/08/1993,
B2024-03907,"2708 BENVENUE Ave, B, BERKELEY CA 94705",Building Permit,"Rear Cottage- Rear Roof Remove existing roofing material Install new class A fire rated, limited lifetime warranty comp shingles.",Finaled,08/08/2024,ADU/unit
B2024-03908,"2708 BENVENUE Ave, A, BERKELEY CA 94705",Building Permit,Rear flat roof. Remove existing roofing material. Install new modified bitumen roofing material. Front lower shingle roof. Remove existing. Install new comp shingles. No work to upper main sloping roof.,Finaled,08/08/2024,
B2007-01594,"2708 BENVENUE AVE, BERKELEY CA 94705",Plumbing Permit,REMOVE/REPLACE GAS WATER HEATER.,Closed Expired,04/13/2007,
B1993-06775,"2709 BENVENUE AVE, BERKELEY CA 94705",Electrical Permit,"SERVICE, METER, SUBFEED TO UNIT",Closed Expired,11/08/1993,
B1993-06776,"2709 BENVENUE AVE, B, BERKELEY CA 94705",Electrical Permit,"SERVICE, METER, SUBFEED TO UNIT",Closed Expired,11/08/1993,
B2006-01846,"2710 BENVENUE AVE, BERKELEY CA 94705",Building Permit,REPAIR EXISTING EXTERIOR STAIRS AND LANDINGS Ellie said needs engineered design & to remove from system 5/22/06--pmj,Closed Expired,05/22/2006,
B2017-03302,"2711 BENVENUE Ave, BERKELEY CA 94705",Building Permit,Add new deck to (E) structure in rear.,Finaled,07/31/2017,
B2016-00485-REV02,"2711 BENVENUE Ave, BERKELEY CA 94705",Building Revision for B2016-00485,"*** Revision - details for insulation/ roof, ventilation, CF-1R compliance report, furnace location, gas line sizing, BTU for appliances, electrical & ventialtion",Issued,07/01/2016,
B2016-00485-REV01,"2711 BENVENUE Ave, BERKELEY CA 94705",Building Revision for B2016-00485,"REVISION SUBMITTED FOR INTERIOR RENOVATION,NEW WINDOWS,PLUMBING,ELECTRICAL NO CHANGE IN VALUATION.",Issued,02/16/2016,
B2016-00485,"2711 BENVENUE Ave, BERKELEY CA 94705",Building Electrical Mechanical Plumbing Permit,"REPLACE 7 WINDOWS LIKE FOR LIKE. REVISION SUBMITTED 2/16/16 FOR INTERIOR RENOVATION,NEW WINDOWS,PLUMBING,ELECTRICAL NO CHANGE IN VALUATION.",Finaled,02/04/2016,
B1993-06777,"2711 BENVENUE AVE, BERKELEY CA 94705",Electrical Permit,"INSTALL METER, SERVICE, SUBFEED TO UNIT",Closed Expired,11/08/1993,
B2025-05972,"2712 BENVENUE Ave, BERKELEY CA 94705",Building Permit record created from ESR-2025-04547,"To remove the left over knob and tube throughout the house. To replace wires in place of removed knob and tube. This includes 2 existing receptacles, 9 wall sconces, and 5 switches originally fed by knob and tube.",Finaled,12/30/2025,
25TMP-035188,"2712 BENVENUE Ave, BERKELEY CA 94705",,To,,12/19/2025,
B2016-03557-REV01,"2712 BENVENUE Ave, BERKELEY CA 94705",Building Revision for B2016-03557,"Revision submitted to add new partition walls for interior closet. Valuation increased form $125,000 to $126,000.",Issued,10/24/2016,
B2016-03557,"2712 BENVENUE Ave, BERKELEY CA 94705",Building Electrical Mechanical Plumbing Permit,"Partial kitchen remodel (remove/replace countertop, install (N) appliances, remodel bathroom, remove tub & install shower, install (N) plumbing fixtures, convert closet into power room, install (N) toilet & lavatory, laundry room washer and dryer replacement 12/1/16 Install gas fireplace insert Iron Strike Madison Park 27 #H9122",Finaled,07/29/2016,
B2016-03352,"2712 BENVENUE Ave, BERKELEY CA 94705",Plumbing Permit,"Replace (E) tankless water heater, gas line & water line",Finaled,07/18/2016,
B2016-02872,"2712 BENVENUE Ave, BERKELEY CA 94705",Electrical Permit,Install new sub-panel in laundry room,Finaled,06/17/2016,
B2000-02820,"2712 BENVENUE AVE, BERKELEY CA 94705",Building Permit,"REMOVE ALL ROOTING UPPER ROOF ONLY. 3 LAYERS INSTALL 4A ""PLYWOOD"", #15 FELT INSTALL 25 YEAR COMP SHINGLE. COAT FLATROOF WITH EMULSION.",Closed Expired,07/05/2000,
B2025-05463,"2714 BENVENUE Ave, BERKELEY CA 94705",Building Permit record created from ESR-2025-04064,"Revision to scope: Replace sub panel, 30-space rated up to 100A 240V, using new 70A sub feed. Fish Method. Remediate hazardous wiring by fish method (24) Plugs, (16) Lights, (10) switches.",Finaled,12/01/2025,
B2019-01210,"2714 BENVENUE Ave, BERKELEY CA 94705",Mechanical Permit,Replace furnace,Issued,03/20/2019,
B2013-02657,"2714 BENVENUE AVE, BERKELEY CA 94705",Building Permit,REPLACING SINGLE PIER AT FOUNDATION.,Closed Expired,06/13/2013,
B2002-00134,"2714 BENVENUE AVE, BERKELEY CA 94705",Plumbing Permit,REPLACE WATER HEATER.,Closed Expired,01/11/2002,
B2025-05137,"2716 BENVENUE Ave, BERKELEY CA 94705",Building Permit record created from ESR-2025-03946,"Remediate hazardous wiring by fish method. (26) plugs, (20) lights, (14) switches. Replace the subpanel, 30-Space, 100A 240V, existing 60A sub feed. Fishing Method, subject to field inspection.",Finaled,11/10/2025,
B2022-04780,"2716 BENVENUE Ave, BERKELEY CA 94705",Building Electrical Plumbing Permit,"Create a 1/2 bathroom by removing a closet, installing a new water closet & relocating the existing sink.",Finaled,10/14/2022,
B2020-02925,"2716 BENVENUE Ave, BERKELEY CA 94705",Plumbing Permit,Exterior tankless water heater and new gas line for second floor unit.,Finaled,09/03/2020,
B2020-02588,"2716 BENVENUE Ave, BERKELEY CA 94705",Mechanical Permit,Redo gas line,Finaled,08/10/2020,
B2015-04471,"2716 BENVENUE AVE, BERKELEY CA 94705",Electrical Permit,Install PV Solar System K.W. 2.56,Finaled,09/15/2015,
B2023-05061,"2717 BENVENUE Ave, BERKELEY CA 94705",Plumbing Permit,Replaced existing tankless water heater with new tankless water heater in same location.,Closed Expired,10/02/2023,
B2022-01261,"2717 BENVENUE Ave, BERKELEY CA 94705",Mechanical Permit,DUCT SYSTEM (8 SUPPLIES) CHANGE OUT LIKE FOR LIKE,Closed Expired,03/22/2022,
B2015-04948,"2717 BENVENUE AVE, BERKELEY CA 94705",Electrical Plumbing Permit,** RPLC TANKLESS WTR HTR ELEC SAME LOC,Closed Expired,10/13/2015,
B2015-04948-P,"2717 BENVENUE AVE, BERKELEY CA 94705",Electrical Plumbing Permit,** RPLC TANKLESS WTR HTR ELEC SAME LOC,Closed Expired,10/13/2015,
B2015-04151,"2717 BENVENUE AVE, BERKELEY CA 94705",Electrical Permit,INSTALL 3.2KW SOLAR INSTALLATION ON ROOF. SEE ATTACHED CONDITIONS OF APPROVAL,Finaled,08/26/2015,
B2014-02613,"2717 BENVENUE AVE, BERKELEY CA 94705",Electrical Permit,SERVICE UPGRADE,Finaled,06/12/2014,
B2006-05014,"2717 BENVENUE AVE, BERKELEY CA 94705",Building Permit,"ROOFING - TEAROFF AND RESHEATH AND INSTALL COMPOSITION SHINGLE, CLASS A",Closed Expired,11/29/2006,
B2025-03367,"2722 BENVENUE Ave, BERKELEY CA 94705",Building Permit,shingle to shingle 25.sq,Finaled,08/11/2025,
B2024-02773,"2722 BENVENUE Ave, BERKELEY CA 94705",Building Permit,Remove old roof to be replaced with OC duration cool shingles- 60 sq.,Finaled,06/05/2024,
B2017-03986,"2722 BENVENUE Ave, BERKELEY CA 94705",Electrical Permit,Revised Description: Installation of new riser and 200 amp commercial grade meter main service with distribution (2017-12-07).,Finaled,09/14/2017,
B1995-05012,"2722 BENVENUE AVE, BERKELEY CA 94705",Building Permit,"PHONED CUSTOMER NEED TO PAY A PLAN FEE CUSTOMER ALSO NEED TO SUBMIT 3 MORE SETS OF PLANS & FILL OUT A ZONING APPLICATION SEISMIC UPGRADE INTERIOR FDT. WORK, BOLTS & SHEARWALLS ALL WORK IN SUBSTRUCTURE",Closed Expired,12/29/1995,
B1995-00277,"2722 BENVENUE AVE, BERKELEY CA 94705",Building Permit,SEISMIC UPGRADE WORK TO BE DONE IN ACCORDANCE WITH ORDINANCE 6128,Closed Expired,01/25/1995,
B2022-01611-REV01,"2723 BENVENUE Ave, BERKELEY CA 94705",Building Revision for B2022-01611,Revision to change module locations. No increase in valuation.,Issued,05/26/2022,
B2022-01611,"2723 BENVENUE Ave, BERKELEY CA 94705",Electrical Permit,Install 6.0 KW PV solar panels (15 modules) on the roof.,Finaled,04/12/2022,
B1998-02714,"2723 BENVENUE AVE, BERKELEY CA 94705",Building Permit,"REPLACE DAMAGED WOOD MEMBERS, REBUILD REAR PORCH & DRY ROT.",Closed Expired,07/02/1998,
B1996-05170,"2728 BENVENUE AVE, BERKELEY CA 94705",Plumbing Permit,MAIN WASTE REPAIR,Closed Expired,12/23/1996,
B1996-05041,"2728 BENVENUE AVE, BERKELEY CA 94705",Building Permit,SEISMIC REPAIRS UNDER TERMITE REP. # 3B AND REROOF-30 YR COMP SHINGLES,Closed Expired,12/12/1996,
B2025-00276,"2733 BENVENUE Ave, BERKELEY CA 94705",PermitPermit,New 8.61kW Solar PV Installation. 21 modules flush mounted on roof. 20kWh Energy Storage System to be installed in detach garage,Finaled,01/22/2025,
B2023-04900,"2733 BENVENUE Ave, BERKELEY CA 94705",Building Permit record created from ESR-2023-02771,Upgrade from existing overhead 100 amps main meter panel to 200 amps overhead surface-mounted main meter panel service.,Finaled,09/21/2023,
B2023-00302-REV01,"2733 BENVENUE Ave, BERKELEY CA 94705",Building Revision for B2023-00302,"Converting non-conditioned attic to conditioned space, including (1) bedroom, (1) bathroom and family room. Adding seismic upgrade to the project (see structural drawings). New window at (E) office on the first level to be reduced in size.",Finaled,06/13/2023,
B2023-00302,"2733 BENVENUE Ave, BERKELEY CA 94705",Building Electrical Mechanical Plumbing Permit,"Remove greenhouse, remove walls to enlarge kitchen, add 1/2 bath/mudroom on 1st floor, add 2 bathrooms to 2nd floor and laundry room. New rear deck.",Finaled,01/25/2023,
B2008-04720,"2733 BENVENUE AVE, BERKELEY CA 94705",Plumbing Permit,Plumbing- replace shower pan on the second floor only,Closed Expired,10/20/2008,
B2024-06112,"2734 BENVENUE Ave, BERKELEY CA 94705",Building Permit,Removal of the old roof and installation of new asphalt shingle roof.,Finaled,12/30/2024,
B2020-04510,"2734 BENVENUE Ave, BERKELEY CA 94705",Mechanical Permit,"96% 110,000 BTUS FAU CHANGE OUT",Closed Expired,12/28/2020,
B2020-03788,"2734 BENVENUE Ave, BERKELEY CA 94705",Building Permit,Retrofit Marvin window replacement. In kind and type with the exception of changing 2 bedroom windows to Casement (with simulated rail) to meet Fire Egress code.,Finaled,11/03/2020,
B1995-04973,"2734 BENVENUE AVE, BERKELEY CA 94705",Building Permit,SEISMIC UPGRADE,Closed Expired,12/26/1995,
B2021-02719,"2735 BENVENUE Ave, BERKELEY CA 94705",Plumbing Permit,Replace existing hot water heater- Single unit,Finaled,06/24/2021,
B2012-01049,"2735 BENVENUE AVE, BERKELEY CA 94705",Building Permit,"Ellie spent over 60 min. w/ applicant and another 30 minutes doing cor. letter, no longer otc. Replace windows",Closed Expired,03/21/2012,
B2012-01056,"2735 BENVENUE AVE, BERKELEY CA 94705",Building Permit,"Ellie spent over 60 min. w/ applicant and another 30 minutes doing cor. letter, no longer otc. REPLACE WINDOWS",Closed Expired,03/21/2012,
B2012-01055,"2737 BENVENUE AVE, BERKELEY CA 94705",Building Permit,"Ellie spent over 60 min. w/ applicant and another 30 minutes doing cor. letter, no longer otc. REPLACE WINDOWS",Closed Expired,03/21/2012,
B2019-01275,"2738 BENVENUE Ave, BERKELEY CA 94705",Electrical Permit,3 new 120-bolt circuits and 4 new outlets.,Finaled,03/26/2019,
B2023-00144,"2742 BENVENUE Ave, BERKELEY CA 94705",Electrical Permit,Main panel upgrade- 200 Amps,Finaled,01/17/2023,
B2022-03465,"2742 BENVENUE Ave, BERKELEY CA 94705",PermitPermit,Install 4.32 KW PV solar panels (12 modules) on the roof.,Finaled,07/26/2022,
B2021-05302,"2742 BENVENUE Ave, BERKELEY CA 94705",Building Permit,Tear off 22 sqs of existing composition shingle roof and 9 sqs of flat roof and replace with new.,Finaled,11/23/2021,
B2018-01492,"2742 BENVENUE Ave, BERKELEY CA 94705",Building Permit,Voluntary Seismic at the crawl space not for Transfer Tax Rebate. Correct address from 2712 to 2742 Benvenue Ave.,Finaled,04/17/2018,
B2018-03083,"2793 BENVENUE Ave, BERKELEY CA 94705",Building Permit,Engineered voluntary seismic: Typical Plywood Shear. Not for Transfer Tax Rebate.,Finaled,08/07/2018,
B2018-02938,"2793 BENVENUE Ave, BERKELEY CA 94705",Building Permit,"Foundation Repair per Plan Dave Olnes PE, Inc.",Finaled,07/27/2018,
B2016-04286,"2793 BENVENUE Ave, BERKELEY CA 94705",Plumbing Permit,"Repair 30' under home 3"" line of pipe. Put a riser and repair 3"" section outside put a cleanout.",Finaled,09/12/2016,
B1995-02663,"2793 BENVENUE AVE, BERKELEY CA 94705",Building Electrical Permit,UPGRADE WIRING FOR TWO LIGHT FIXTURES AND ONE ELECTRICAL OUTLET. REPLACE APPROX. 100 S.F. OF PLASTER WITH GYPSUM WALL BOARD.,Closed Expired,07/24/1995,
B1995-02663-E,"2793 BENVENUE AVE, BERKELEY CA 94705",Building Electrical Permit,UPGRADE WIRING FOR TWO LIGHT FIXTURES AND ONE ELECTRICAL OUTLET. REPLACE APPROX. 100 S.F. OF PLASTER WITH GYPSUM WALL BOARD.,Closed Expired,07/24/1995,
B1996-03101,"2799 BENVENUE AVE, BERKELEY CA 94705",Mechanical Permit,REPLACE FLUE AND AND DUCT.,Closed Expired,08/07/1996,
B2019-02791-REV01,"2801 BENVENUE Ave, BERKELEY CA 94705",Building Revision for B2019-02791,Revision 01 to add a reinforcing beam to the upper floor framing. No increase in valuation.,Issued,03/09/2023,
B2019-02791,"2801 BENVENUE Ave, BERKELEY CA 94705",Building Electrical Mechanical Plumbing Permit,"Remove & replace partition walls. Reconfigure kitchen, relocate bath & build new cantilevered window seating. New roof over front & rear porches. New rear exterior stairs & concrete stairs to the basement with a retaining wall. Relocate one existing fence, build one new fence, change door to a window, relocate interior door & remove interior stairs. Upgrade main service panel to 200 AMPs.",Finaled,07/08/2019,
B2022-00232,"2804 BENVENUE Ave, BERKELEY CA 94705",Mechanical Permit,Install Carrier Performance furnace,Finaled,01/20/2022,
B2011-00589,"2804 BENVENUE AVE, BERKELEY CA 94705",Building Permit,"** TEAR OFF AND INSTALL 28LB MODFIED BITUMENT SYSTEM AND COMPOSITION SHINGLE ROOF SYSTEM, CLASS A.",Closed Expired,02/14/2011,
B2003-05382,"2804 BENVENUE AVE, BERKELEY CA 94705",Mechanical Permit,Replacing heating system,Closed Expired,12/03/2003,
B2002-01202,"2804 BENVENUE AVE, BERKELEY CA 94705",Plumbing Permit,REPLACE 50GAL GAS WATER HEATER,Closed Expired,03/28/2002,
B2017-00861,"2808 BENVENUE Ave, BERKELEY CA 94705",Plumbing Permit,"Replace galvanized pipe water line from meter to sidewalk which serves two (2) 5/8"" meters. Sidewalk will not be broken.",Finaled,03/01/2017,
B2001-02145,"2808 BENVENUE AVE, BERKELEY CA 94705",Plumbing Permit,REPLACE GALVANIZED WATER SUPPLY TO 1ST POINT OF COPPER.,Closed Expired,06/05/2001,
B2000-05244,"2811 BENVENUE AVE, BERKELEY CA 94705",Plumbing Permit,SEWER LATERAL REPAIR (ENGINEERING PERMIT NR IS 00-5245),Closed Expired,12/01/2000,
B2016-05932-REV02,"2812 BENVENUE Ave, BERKELEY CA 94705",Building Revision for B2016-05932,"Revision to repair deck due to dry rot, new trellis on deck. Increase valuation $5,000.",Issued,04/09/2018,
B2016-05932-REV01,"2812 BENVENUE Ave, BERKELEY CA 94705",Building Revision for B2016-05932,Engineering changes and reduction.,Issued,03/06/2018,
B2016-05932,"2812 BENVENUE Ave, BERKELEY CA 94705",Building Electrical Mechanical Plumbing Permit,"Remodel kitchen & bath, foyer, sunroom & deck with new stairs. Remove interior stairs by kitchen, enclose living room and create bedroom, install gas fireplace insert in existing fireplace. 2/16/18 - MEP permits issued.",Finaled,12/23/2016,
B2016-02816,"2812 BENVENUE Ave, BERKELEY CA 94705",Mechanical Permit,FURNACE REPLACEMENT,Finaled,06/15/2016,
B2015-03498,"2812 BENVENUE AVE, BERKELEY CA 94705",Building Permit,SEISMIC STRENGTHENING AT THE CRAWL SPACE AND FOUNDATION REPLACEMENT FOR TRANSFER TAX REBATE,Finaled,07/22/2015,
B2024-04233,"2815 BENVENUE Ave, BERKELEY CA 94705",Building Permit,"Removal of existing roofing materials down to the existing sheathing, and installation of new class A ""like for like"" asphalt composition shingles with manufacturer limited lifetime warranty.",Finaled,08/29/2024,
B2024-01929,"2815 BENVENUE Ave, BERKELEY CA 94705",PermitPermit,"Install 5.81 (DC) KW PV solar panels (14 modules) on the roof with a 13.5 kWh Tesla Powerwall, battery disconnect & NEMA 14-50 EV outlet on the exterior.",Finaled,04/19/2024,
B2016-00153,"2815 BENVENUE Ave, BERKELEY CA 94705",Mechanical Permit,REPLACE FURNACE,Finaled,01/13/2016,
B1996-04046,"2815 BENVENUE AVE, BERKELEY CA 94705",Building Permit,KITCHEN/FAMILY ROOM REMODEL,Closed Expired,10/08/1996,
B2019-00580,"2816 BENVENUE Ave, BERKELEY CA 94705",Demolition Permit,Demo (E) garage for new ADU,Finaled,02/11/2019,"ADU/unit, demolition"
PREAPP000294,"2816 BENVENUE Ave, BERKELEY CA 94705",,The Condiminiums,Closed,02/11/2019,
B2018-04616,"2816 BENVENUE Ave, BERKELEY CA 94705",Building Electrical Mechanical Plumbing Permit,"Construction of a new secondary dwelling unit. AUP obtained March 20, 2017",Closed Expired,11/19/2018,
B2018-03795,"2816 BENVENUE Ave, BERKELEY CA 94705",Building Electrical Mechanical Plumbing Permit,"Remove second floor kitchen, remodel & expand bathroom, replace bathroom window. Remove exterior stairs to deck & repair guard. Fire Zone 2 Property.",Finaled,09/24/2018,
B1995-04656,"2816 BENVENUE AVE, BERKELEY CA 94705",Building Permit,"REPLACE DRY ROT AFFECTED WOOD; REPLACE WITH REDWOOD OR PRESURE TREATED DOUGLAS FIR; ADD CONCRETE BOTTOM STEP AND RE BUILD HAND RAILING TO CODE WITH MAXIMUM 4"" OPENINGS BETWEEN PICKETS",Closed Expired,11/28/1995,
B2005-02892,"2818 BENVENUE AVE, BERKELEY CA 94705",Plumbing Permit,PLUMBING - REPLACE WATER HEATER,Closed Expired,07/11/2005,
B1995-03621,"2818 BENVENUE AVE, BERKELEY CA 94705",Building Permit,REMOVE SHINGLES WOOD; REPLACE WITH ALCOA VINYL SIDING ICBO 3985; PERMIT CLOSED TIME LIMIT EXPIRED MP62001,Closed Expired,09/20/1995,
B2023-02814,"2819 BENVENUE Ave, BERKELEY CA 94705",Building Permit record created from ESR-2023-01586,Upgrade to 400A panel.,Finaled,05/31/2023,
B2021-01192-REV01,"2819 BENVENUE Ave, BERKELEY CA 94705",Building Revision for B2021-01192,Reduce ADU 10sqft to 563sqft total. Reconfigure bathroom and laundry closet. Minor window/door size revised. No increase in valuation.,Finaled,03/02/2022,ADU/unit
PREAPP000796,"2819 BENVENUE Ave, BERKELEY CA 94705",,Add address to parcel for new ADU: 2819 A Benvenue Ave.,Closed,09/13/2021,ADU/unit
B2021-01192,"2819 BENVENUE Ave, BERKELEY CA 94705",Building Electrical Mechanical Plumbing Permit,Convert portion of basement into ADU. Including new exterior entry at north side and new windows at north and west front.,Finaled,03/30/2021,ADU/unit
B2019-00582,"2819 BENVENUE Ave, BERKELEY CA 94705",Electrical Permit,Install (N) EV charger 40A/240V...Replacing sub-panel in basement 100 amps,Finaled,02/11/2019,
B2008-01656,"2819 BENVENUE AVE, BERKELEY CA 94705",Building Permit,REROOF - REMOVE AND REPLACE WITH CLASS A.,Closed Expired,04/17/2008,
B2007-05747,"2819 BENVENUE AVE, BERKELEY CA 94705",Mechanical Permit,,Closed Expired,12/12/2007,
B2025-04329-DEF02,"2822 BENVENUE Ave, BERKELEY CA 94705",Trusses Deferred Submittal for B2025-04329,Roof Trusses - No change in valuation.,Issued,04/14/2026,
B2025-04329-REV01,"2822 BENVENUE Ave, BERKELEY CA 94705",Building Revision for B2025-04329,"Changes to framing layout at dining/kitchen floor. Plan updates at basement stair, upper-level primary bath and laundry. Minor changes to windows and doors. No change in job valuation.",Issued,02/09/2026,
B2025-04329,"2822 BENVENUE Ave, BERKELEY CA 94705",Building Electrical Mechanical Plumbing Permit,Addition at rear of house and full remodel. Replace windows throughout. Related to ZP2025-0047.,Issued,10/01/2025,addition
B1997-02942,"2822 BENVENUE AVE, BERKELEY CA 94705",Building Permit,EXTERIOR DECK REMODEL,Closed Expired,07/16/1997,
B2025-01894,"2823 BENVENUE Ave, BERKELEY CA 94705",Building Permit,"Voluntary seismic upgrade per plan. Not for Transfer Tax Rebate, EBB or any other retrofit programs",Closed Expired,05/07/2025,
B2001-00239,"2823 BENVENUE AVE, BERKELEY CA 94705",Building Permit,PARTIAL VOLUNTARY CRAWLSPACE BRACING.,Closed Expired,01/19/2001,
B2025-02691,"2824 BENVENUE Ave, BERKELEY CA 94705",PermitPermit,"Install 4.14 (DC) / 5.0 (AC) KW PV solar panels (9 modules) on the roof with a 13.5 kWh Powerwall, Battery Backup, & 125 AMP Subpanel.",Finaled,06/30/2025,
B2023-02289,"2824 BENVENUE Ave, BERKELEY CA 94705",Building Permit record created from ESR-2023-01285,Upgrade electrical service from 100A to 200A.,Finaled,05/03/2023,
B2023-01107,"2824 BENVENUE Ave, BERKELEY CA 94705",Mechanical Permit,Replace furnace like for like with new in crawlspace AFUE 96,Closed Expired,03/10/2023,
B2022-05708,"2824 BENVENUE Ave, BERKELEY CA 94705",Building Electrical Plumbing Permit,"Bathroom and laundry remodel. Remove (3) windows and exterior door to the deck on the west side. Replace with a new bifold exterior glass door. Voluntary Partial foundation refurbish / seismic retrofit. For Transfer tax Rebate. Total Valuation $250,000/ Remodel $100,000/ Seismic $150,000.",Finaled,12/08/2022,
B1995-01725,"2824 BENVENUE AVE, BERKELEY CA 94705",Building Permit,SEISMIC UPGRADE WORK TO BE DONE IN ATTIC & SUBAREA,Closed Expired,05/17/1995,
B2022-00387,"2828 BENVENUE Ave, BERKELEY CA 94705",PermitPermit,Install 6.0 KW PV solar panels (15 modules) on the roof.,Finaled,01/27/2022,
B2022-00325,"2828 BENVENUE Ave, BERKELEY CA 94705",Building Permit,"Remove existing composition roof, install new composition roof.",Finaled,01/26/2022,
B2017-02165,"2828 BENVENUE Ave, BERKELEY CA 94705",Electrical Permit,Install 3.6KW Photovoltaic Solar panels on roof (12 panels).,Closed Expired,05/22/2017,
B2025-00540,"2829 BENVENUE Ave, BERKELEY CA 94705",Electrical Permit,Replace existing PV solar system with new PV solar system.,Finaled,02/11/2025,
B2024-01280,"2829 BENVENUE Ave, BERKELEY CA 94705",Building Permit,Removal of existing roofing materials and installation of new roofing assembly.,Finaled,03/20/2024,
B2021-02601,"2829 BENVENUE Ave, BERKELEY CA 94705",Building Permit,Replace 6 windows in existing openings,Closed Expired,06/18/2021,
B2023-00190,"2830 BENVENUE Ave, BERKELEY CA 94705",Building Permit,Seismic retrofit upgrade for transfer tax rebate.,Finaled,01/18/2023,
B2022-00996-REV01,"2830 BENVENUE Ave, BERKELEY CA 94705",Building Revision for B2022-00996,Upgrade electrical service to 400 amps. Replace existing furnace with new. [MEP added 1/23/2023],Finaled,11/28/2022,
B2022-00996,"2830 BENVENUE Ave, BERKELEY CA 94705",Building Electrical Mechanical Plumbing Permit,New 260 SF covered screened porch with new stairs; minor remodel in kitchen and bathrooms.,Finaled,03/07/2022,
B2016-05350,"2830 BENVENUE Ave, BERKELEY CA 94705",Electrical Permit,Install 2.75 KW Solar PV Roof Mounted 10 Modules.,Closed Expired,11/15/2016,
B1993-06979,"2830 BENVENUE AVE, BERKELEY CA 94705",Mechanical Permit,WORK TO BE DONE IN THE FRONT UNIT UNDERGROUND UTILITIES DISTRICT,Closed Expired,11/17/1993,
B2025-03006,"2831 BENVENUE Ave, BERKELEY CA 94705",Building Permit,"Remove chimney, replace stucco & roofing at chimney. Qualifies for TTR",Finaled,07/18/2025,
ESR-2025-01984,"2831 BENVENUE Ave, BERKELEY CA 94705",,,Closed Expired,06/25/2025,
25TMP-024054,"2831 BENVENUE Ave, BERKELEY CA 94705",,-remove whole chimney for safety reasons and patch roof top where the chimney currently is.,,06/24/2025,
B1997-00184,"2832 BENVENUE AVE, BERKELEY CA 94705",Building Mechanical Permit,"TEAR OUT BRICK FIREPLACE, INSTALL ZERO CL. NEW FIREBOX",Closed Expired,01/15/1997,
B1997-00184-M,"2832 BENVENUE AVE, BERKELEY CA 94705",Building Mechanical Permit,"TEAR OUT BRICK FIREPLACE, INSTALL ZERO CL. NEW FIREBOX",Closed Expired,01/15/1997,
B1996-02085,"2835 BENVENUE AVE, BERKELEY CA 94705",Mechanical Permit,PERMIT CLOSED - TIME LIMIT EXPIRED - BR1,Closed Expired,06/10/1996,
B1995-03585,"2835 BENVENUE AVE, BERKELEY CA 94705",Building Permit,SEISMIC UPGRADE,Closed Expired,09/18/1995,
B2024-03415,"2838 BENVENUE Ave, BERKELEY CA 94705",Building Electrical Plumbing Permit,"Footing replacement, Brace & Bolt Program and installation of sump pump. Other alterations under B2024-03320.",Finaled,07/11/2024,
B2024-03320,"2838 BENVENUE Ave, BERKELEY CA 94705",Building Electrical Mechanical Plumbing Permit,"Remodel kitchen & 3.5 bathrooms. Install gas fireplaces in living room and primary bedroom. New electrical & plumbing. New HVAC ducted mini-split system in attic to serve second floor. Ducting and vents modification in basement to serve first floor, existing gas furnace to remain. New, replaced & removed windows, including (3) new skylights. Install insulation & replace (E) cedar shingles in kind.",Finaled,07/05/2024,
B2019-00462,"2838 BENVENUE Ave, BERKELEY CA 94705",Mechanical Permit,"Replace furnace, add circuit, replace duct work in crawlspace",Issued,02/04/2019,
B2025-05014,"2900 BENVENUE Ave, BERKELEY CA 94705",Building Permit,"Removal of the old roof and installation of new asphalt shingles. (2,120 Sq.ft.)",Finaled,11/04/2025,
B2025-00074,"2900 BENVENUE Ave, BERKELEY CA 94705",Mechanical Permit,"New HP mini split with (2) wall mounts, (1) ductless split, replace (13) R8 ducts (2) returns.",Closed Expired,01/07/2025,
B2024-05312,"2901 BENVENUE Ave, BERKELEY CA 94705",Building Permit,"Add hand rail to exterior front stairs, repair brick & mortar stair surfaces.",Finaled,11/04/2024,
B2022-01086,"2901 BENVENUE Ave, BERKELEY CA 94705",Electrical Permit,Install dedicated 240 V / 50 AMP Tesla Wall EV Charger inside the garage next to the garage door with 25 LF of surface mounted 1 inch flex conduit going to the basement & 8 LF outdoor EMT conduit.,Finaled,03/11/2022,
B2019-00941,"2901 BENVENUE Ave, BERKELEY CA 94705",Building Permit,Rebuild chimney (seismic upgrade),Finaled,03/05/2019,
B2019-00943,"2901 BENVENUE Ave, BERKELEY CA 94705",Building Permit,Reroof-Tear off existing composite shingles & replace with new ones.,Finaled,03/05/2019,
B2013-02466,"2901 BENVENUE AVE, BERKELEY CA 94705",Building Electrical Permit,Install Gate at garage and front entrance,Closed Expired,06/04/2013,
B2013-02466-E,"2901 BENVENUE AVE, BERKELEY CA 94705",Building Electrical Permit,Install Gate at garage and front entrance,Closed Expired,06/04/2013,
B1995-01719,"2902 BENVENUE AVE, BERKELEY CA 94705",Plumbing Permit,WATER HEATER,Closed Expired,05/17/1995,
B2026-00907,"2905 BENVENUE Ave, BERKELEY CA 94705",Building Permit record created from ESR-2026-00699,R&R furnace same location basement.,Finaled,03/05/2026,
B1993-03090,"2905 BENVENUE AVE, BERKELEY CA 94705",Electrical Plumbing Permit,UNDERGROUND UTILITIES/NEW SERVICE DO NOT ISSUE ANY MECHANICAL PERMITS UNTIL CLEARANCE FROM INSPECTOR KENDALL PERMIT CLOSED TIME LIMIT EXP MH 2/26/01,Closed Expired,02/09/1993,
B1993-03090-P,"2905 BENVENUE AVE, BERKELEY CA 94705",Electrical Plumbing Permit,UNDERGROUND UTILITIES/NEW SERVICE DO NOT ISSUE ANY MECHANICAL PERMITS UNTIL CLEARANCE FROM INSPECTOR KENDALL PERMIT CLOSED TIME LIMIT EXP MH 2/26/01,Closed Expired,02/09/1993,
B2025-02181-REV01,"2908 BENVENUE Ave, BERKELEY CA 94705",Building Revision for B2025-02181,"Add electrical repairs to approved permit : Remove and replace knob and tube wiring. New job valuation is $135,000.",Finaled,07/24/2025,
B2025-02181,"2908 BENVENUE Ave, BERKELEY CA 94705",Building Permit,R&R foundation and seismic retrofit per plans. Intended for Berkeley Transfer Tax Program.,Finaled,05/29/2025,
ESR-2025-00608,"2908 BENVENUE Ave, BERKELEY CA 94705",,,Closed Expired,02/25/2025,
B2025-02871,"2910 BENVENUE Ave, 1/2, BERKELEY CA 94705",Building Permit,Rear House (2910 1/2) - Remove and replace approximately 153 LF of foundation and seismic retrofit for transfer tax,Finaled,07/10/2025,
B1993-06821,"2910 BENVENUE AVE, BERKELEY CA 94705",Plumbing Permit,PERMIT CLOSED TIME LIMIT EXP MH,Closed Expired,11/09/1993,
B2023-05143,"2911 BENVENUE Ave, BERKELEY CA 94705",Plumbing Permit,Replaced existing tanked water heater in crawlspace with new Navien tankless water heater in existing location,Closed Expired,10/05/2023,
B2022-03682,"2911 BENVENUE Ave, BERKELEY CA 94705",Building Permit,"Tear off existing comp and install comp, 22 squares",Finaled,08/09/2022,
B2021-01301,"2911 BENVENUE Ave, BERKELEY CA 94705",Mechanical Permit,"Replace existing furnace, and 4 supply ducts",Finaled,04/05/2021,
B2018-00863,"2911 BENVENUE Ave, BERKELEY CA 94705",Electrical Permit,Install 2.6KW PV solar panels on roof (8 modules).,Finaled,03/02/2018,
B1998-05510,"2911 BENVENUE AVE, BERKELEY CA 94705",Building Permit,"TERMITE REPAIR-REPORT #1836,DATED 8/6/97 ITEMS #1A, 1B, 1C, 1D, 1E, 1F, 3A, 3B, 4A, 4B, 6A, 7A,10A, 11A, 11B (CIRCLED ON TERMITE REPORT)",Closed Expired,12/15/1998,
B2023-03779,"2912 BENVENUE Ave, BERKELEY CA 94705",PermitPermit,"(N) residential, roof-mount solar PV. (24) modules, (8.76) kW total.",Finaled,07/25/2023,
B2023-03501,"2912 BENVENUE Ave, BERKELEY CA 94705",Building Permit,Install new Class A 30-year Comp shingles over the existing layer,Closed Expired,07/11/2023,
B2023-03504,"2912 BENVENUE Ave, BERKELEY CA 94705",Mechanical Permit,Add new ducted heat pump system. Add new duct work,Finaled,07/11/2023,
B2019-00018-REV01,"2912 BENVENUE Ave, BERKELEY CA 94705",Building Revision for B2019-00018,Relocate existing stained glass window on first floor. Reconfigure bath layouts upstairs to keep more of the existing interior walls and reduce scope. Add new stained glass window in Bath 3.,Issued,01/27/2020,
B2019-01409,"2912 BENVENUE Ave, BERKELEY CA 94705",Plumbing Permit,"Install 40 gallon water heater, like for like.",Issued,04/04/2019,
B2019-00018,"2912 BENVENUE Ave, BERKELEY CA 94705",Building Electrical Plumbing Permit,"5/11/20 - Portion of work ($75,000 of voluntary seismic strengthening) qualifies for transfer tax rebate. (AC) 9/6/19 -Trades permit issue - New electrical panel and first floor wiring, outlets, switches, lighting, new plumbing, fixtures, and hot water heater. Voluntary seismic upgrade foundation work, kitchen, second floor bathroom and closet remodel.",Finaled,01/02/2019,
B2026-01711,"2915 BENVENUE Ave, 3, BERKELEY CA 94705",Building Permit,In-kind Repair and Replacement of minor fungus damaged wood members at landing of lower steps and the small deck above the garage as necessary. Paint to match existing. Tenant relocation.,Finaled,04/23/2026,
26TMP-015694,"2915 BENVENUE Ave, 3, BERKELEY CA 94705",,,,03/18/2026,
ESR-2026-00904,"2915 BENVENUE Ave, 3, BERKELEY CA 94705",,,Closed Expired,03/14/2026,
B2024-05786,"2915 BENVENUE Ave, 3, BERKELEY CA 94705",PermitPermit,Replace damaged siding panels (T1-11 plywood).,Issued,12/05/2024,
B2015-06089,"2915 BENVENUE Ave, 2, BERKELEY CA 94705",Building Permit,INSTALL (7) SEVEN RETROFIT WINDOWS- NO SIZE CHANGE,Closed Expired,12/16/2015,
B2015-06080,"2915 BENVENUE Ave, 1, BERKELEY CA 94705",Mechanical Permit,replace furnace and ducting,Finaled,12/15/2015,
B2015-06084,"2915 BENVENUE Ave, 2, BERKELEY CA 94705",Mechanical Permit,REPLACE FURNACE AND DUCTING,Finaled,12/15/2015,
B1993-03155,"2915 BENVENUE AVE, BERKELEY CA 94705",Electrical Permit,UNDERGROUND ELECTRICAL SERVICE PERMIT CLOSED TIME LIMIT EXP MH 2/26/01,Closed Expired,02/11/1993,
B2003-03897,"2917 BENVENUE AVE, BERKELEY CA 94705",Building Permit,"TEAR OFF (E) ROOF, REROOF W/ 40 YR, COMP SHINGLE.",Closed Expired,08/29/2003,
B2025-01982,"2918 BENVENUE Ave, BERKELEY CA 94705",Electrical Permit,Changing the fuse panels to breaker panels in all 4 units,Finaled,05/13/2025,
B2019-00599,"2919 BENVENUE Ave, BERKELEY CA 94705",Mechanical Permit,Furnace Replacement,Closed Expired,02/13/2019,
B2016-00459,"2919 BENVENUE Ave, BERKELEY CA 94705",Building Mechanical Plumbing Permit,"REPLACE SHEETROCK IN BATHROOM AND UTILITY ROOM DUE TO WATER DAMAGE, ALSO REPLACE SINK AND TOILET",Finaled,02/02/2016,
B2024-04228,"2920 BENVENUE Ave, A, BERKELEY CA 94705",Plumbing Permit,Re-install and bring everything up to plumbing code the current unpermitted water heater - housing Report# H2404-01580,Finaled,08/28/2024,
B2016-03545,"2920 BENVENUE Ave, BERKELEY CA 94705",Building Permit,Replace damaged deck from failed tree,Finaled,07/28/2016,
B2000-00088,"2920 BENVENUE AVE, BERKELEY CA 94705",Mechanical Permit,"REPLACEMENT 80,000 BTU FURNACE",Closed Expired,01/07/2000,
B1997-02175,"2920 BENVENUE AVE, BERKELEY CA 94705",Building Permit,PARTIAL FOUNDATION REPLACEMENT,Closed Expired,06/02/1997,
B1994-01153,"2920 BENVENUE AVE, BERKELEY CA 94705",Mechanical Permit,FURNACE,Closed Expired,04/04/1994,
B2019-02538,"2924 BENVENUE Ave, BERKELEY CA 94705",Plumbing Permit,"Replace water heater like for like in basement, laundry room",Finaled,06/20/2019,
B2012-04175,"2924 BENVENUE AVE, BERKELEY CA 94705",Building Permit,** EMERGENCY PARTIAL DEMOLITION & BRACING EXTERIOR WALLS. REMOVE FAILING ROOF & CHIMNEY. TEMPORARY FENCING. SEE ATTACHED NOTICE OF VIOLATION. NO OTHER WORK TO BE PERFORMED UNDER THIS PERMIT. SUBJECT TO FIELD INSPECTION.,Closed Expired,10/05/2012,demolition
B2008-05090,"2924 BENVENUE AVE, BERKELEY CA 94705",Building Permit,REPLACE SHINGLE SIDING ON NORTH & WEST SIDES OF HOUSE. REPLACE 7 WINDOWS AND 2 DOORS.,Closed Expired,11/13/2008,
B1995-03426,"2924 BENVENUE AVE, BERKELEY CA 94705",Building Permit,REPLACE DRY ROTTED WOOD DECKING AND ANY ROTTED FLOOR JOISTS ONLY.,Closed Expired,09/07/1995,
B2024-03142,"2926 BENVENUE Ave, BERKELEY CA 94705",Building Electrical Mechanical Plumbing Permit,"Remodel Bathroom upgrade electrical, relocate washer and dryer & vent in basement",Finaled,06/25/2024,
24TMP-022888,"2926 BENVENUE Ave, BERKELEY CA 94705",,,,06/25/2024,
B1992-02600,"2926 BENVENUE AVE, BERKELEY CA 94705",Electrical Permit,UNDERGROUND ELECTRICAL FOR DUPLEX AT 2926 AND 2928 BENVENUE AVE,Closed Expired,12/30/1992,
B2024-01912,"2927 BENVENUE Ave, BERKELEY CA 94705",Building Permit,Removal of existing roofing materials and installation of new class-A roofing assembly.,Finaled,04/18/2024,
B2006-00346,"2927 BENVENUE AVE, BERKELEY CA 94705",Electrical Permit,"Add/replace receptacles, ck and resecure fixtures, rep outside lighting circuit",Closed Expired,01/30/2006,
B2025-02503,"2928 BENVENUE Ave, BERKELEY CA 94705",Building Permit,Replace existing 2x6 redwood deck boards with new redwood deck boards. Replace existing redwood guardrail boards with new redwood boards.,Finaled,06/19/2025,
B2021-00595,"2928 BENVENUE Ave, BERKELEY CA 94705",Plumbing Permit,Replace (E) water heater with tank less model in same location.,Finaled,02/16/2021,
B2015-04465,"2928 BENVENUE AVE, BERKELEY CA 94705",Building Permit,DECK REPAIR,Closed Expired,09/15/2015,
B1993-06748,"2928 BENVENUE AVE, BERKELEY CA 94705",Mechanical Permit,REPLACE WATER HEATER,Closed Expired,11/04/1993,
B1993-02643,"2930 BENVENUE AVE, BERKELEY CA 94705",Electrical Permit,UNDERGROUND SERVICE PERMIT CLOSED TIME LIMIT EXP MH 2/26/01,Closed Expired,01/06/1993,
B2024-00395,"2933 BENVENUE Ave, BERKELEY CA 94705",Mechanical Permit,Installation of ductless mini split 1 outdoor unit 1 indoor unit,Finaled,01/26/2024,
B2020-01925,"2933 BENVENUE Ave, BERKELEY CA 94705",Building Permit,Plan Set A - Seismic For Transfer Tax Rebate.,Finaled,06/25/2020,
B2025-01415,"2940 BENVENUE Ave, BERKELEY CA 94703",Electrical Mechanical Permit,Remove and replace outdoor HVAC.,Issued,04/08/2025,
B2024-01889-REV01,"2940 BENVENUE Ave, BERKELEY CA 94703",Building Revision for B2024-01889,Add joists and install bracket. No Change in Valuation.,Closed Expired,06/24/2024,
B2024-01889,"2940 BENVENUE Ave, BERKELEY CA 94703",Building Mechanical Permit,Removing old condenser and replacing with new. (Calcs address says 3940 Benvenue) REV01 - Adding 4-joists as shown in Plans from Structural Engineer and installing bracket as shown in plans from Mason Industries. No Change in Valuation.** Like for like replacement of outdoor condensing unit with roof framing alteration.,Closed Expired,04/17/2024,
B2010-03145,"2951 BENVENUE AVE, BERKELEY CA 94703",Building Permit,REMOVE ROOF AND INSTALL CLASS A COMPOSITIONS SHINGLES AND MODIFIED BITUMEN SYSTEM.,Closed Expired,08/23/2010,
B2013-00565-P,"2953 BENVENUE AVE, BERKELEY CA 94705",Building Electrical Mechanical Plumbing Permit,"(N)341SF 2nd STORY ADDITION, DECK & PORCHES, RENOVATE (E) REAR ELEVATION.",Closed Expired,02/07/2013,addition
B2013-00565-M,"2953 BENVENUE AVE, BERKELEY CA 94705",Building Electrical Mechanical Plumbing Permit,"(N)341SF 2nd STORY ADDITION, DECK & PORCHES, RENOVATE (E) REAR ELEVATION.",Closed Expired,02/07/2013,addition
B2013-00565-E,"2953 BENVENUE AVE, BERKELEY CA 94705",Building Electrical Mechanical Plumbing Permit,"(N)341SF 2nd STORY ADDITION, DECK & PORCHES, RENOVATE (E) REAR ELEVATION.",Closed Expired,02/07/2013,addition
B2013-00565,"2953 BENVENUE AVE, BERKELEY CA 94705",Building Electrical Mechanical Plumbing Permit,"(N)341SF 2nd STORY ADDITION, DECK & PORCHES, RENOVATE (E) REAR ELEVATION.",Closed Expired,02/07/2013,addition
B2025-00043-REV01,"2954 BENVENUE Ave, BERKELEY CA 94705",Building Revision for B2025-00043,Removed fire set back from site plan. No increase in valuation.,Finaled,04/01/2025,
B2025-00043,"2954 BENVENUE Ave, BERKELEY CA 94705",Electrical Permit,Install 6.3 KW PV solar panels (15 modules) on the roof of a rooming house.,Finaled,01/06/2025,
B2024-03684,"2954 BENVENUE Ave, BERKELEY CA 94705",Building Permit,remove and replace existing roofing with comp shingle roofing,Finaled,07/26/2024,
B2023-03942,"2954 BENVENUE Ave, BERKELEY CA 94705",Building Permit,Sister rafters & install 6.40 KW PV solar panels (16 modules) on the roof with a new 100 AMP load center with load side tap (for a rooming house).,Closed Expired,08/02/2023,
B2018-02544,"2954 BENVENUE Ave, BERKELEY CA 94705",Building Electrical Mechanical Plumbing Permit,"Remodel kitchen, 2 powder rooms, master & guest bathrooms, laundry and window replacement 9/13/18 Add plumbing for restrooms.",Finaled,06/28/2018,
B1999-00658,"2954 BENVENUE AVE, BERKELEY CA 94705",Building Permit,VOLUNTARY RESIDENTIAL SEISMIC: HOLDOWNS AND SHEAR PLYWOOD TO CRAWL SPACE,Closed Expired,02/17/1999,
B2023-03102,"2957 BENVENUE Ave, BERKELEY CA 94705",Electrical Permit,Install Span panel as new subpanel. Install Span Drive EV charger,Finaled,06/15/2023,
B2022-03896,"2957 BENVENUE Ave, BERKELEY CA 94705",PermitPermit,Install 5.6 KW PV solar panels (14 modules) on the roof.,Finaled,08/22/2022,
B2020-02247,"2957 BENVENUE Ave, BERKELEY CA 94705",Building Permit,Seismic safety work for transfer tax reduction per standard Plan-Set A; URFP/FRFP Retrofit foundation plates and nails to bring to code.,Closed Expired,07/21/2020,
B2020-01693,"2957 BENVENUE Ave, BERKELEY CA 94705",Building Electrical Mechanical Permit,"Remove chimney to roof line, install gas fireplace insert",Finaled,06/05/2020,
B2020-00160,"2957 BENVENUE Ave, BERKELEY CA 94705",Building Permit,"Remove & replace four (4) windows, same sizes & locations.",Finaled,01/15/2020,
B2018-03857-REV01,"2957 BENVENUE Ave, BERKELEY CA 94705",Building Revision for B2018-03857,Rebuild back porch,Issued,01/02/2019,
B2018-03909,"2957 BENVENUE Ave, BERKELEY CA 94705",Building Permit,"Repair & replace siding, install plywood, moister barrier, cedar shingles.",Finaled,10/01/2018,
B2018-03857,"2957 BENVENUE Ave, BERKELEY CA 94705",Building Electrical Mechanical Plumbing Permit,"Remove (e) non-bearing wall @ kitchen, replace w/beam & post,(n) bath at 2nd floor. Kitchen remodel.",Finaled,09/26/2018,
B2016-02865,"2957 BENVENUE Ave, BERKELEY CA 94705",Building Permit,"REROOF- COMPLETE REMOVAL OF EXISTING ROOF MATERIALS, INSTALLATION OF NEW ROOF ASSEMBLY",Finaled,06/16/2016,
B2025-02139,"2960 BENVENUE Ave, BERKELEY CA 94705",Building Permit record created from ESR-2025-01495,"AC with a heat pump replacement, furnace with an air handler replacement and ductwork replacement.",Finaled,05/27/2025,
B2018-01984-REV01,"2960 BENVENUE Ave, BERKELEY CA 94705",Building Revision for B2018-01984,Revision to add one (1) 13.5KW Energy Storage System (ESS) to scope. Change electrical tie in & wire sizes. No increase in valuation.,Closed Expired,09/10/2018,
B2018-01984,"2960 BENVENUE Ave, BERKELEY CA 94705",Electrical Permit,Install 5.525KW PV solar panels on roof (17 modules).,Closed Expired,05/21/2018,
B2016-01264,"2960 BENVENUE Ave, BERKELEY CA 94705",Building Electrical Plumbing Permit,Kitchen Remodel.,Finaled,03/18/2016,
B2005-03985,"2960 BENVENUE AVE, BERKELEY CA 94705",Mechanical Permit,"Replace (e) forced air furnace. Although applicant has existing mechanical, request another--pmj",Closed Expired,09/14/2005,
B1999-05813-P,"2960 BENVENUE AVE, BERKELEY CA 94705",Building Electrical Mechanical Plumbing Permit,INTERIOR REMODELING,Closed Expired,12/23/1999,
B1999-05813-M,"2960 BENVENUE AVE, BERKELEY CA 94705",Building Electrical Mechanical Plumbing Permit,INTERIOR REMODELING,Closed Expired,12/23/1999,
B1999-05813-E,"2960 BENVENUE AVE, BERKELEY CA 94705",Building Electrical Mechanical Plumbing Permit,INTERIOR REMODELING,Closed Expired,12/23/1999,
B1999-05813,"2960 BENVENUE AVE, BERKELEY CA 94705",Building Electrical Mechanical Plumbing Permit,INTERIOR REMODELING,Closed Expired,12/23/1999,
B1999-05657,"2960 BENVENUE AVE, BERKELEY CA 94705",Building Permit,"TERMITE REPAIRS PER REPORT ITEMS: 1C,1D, 4A,4B,9B,10A,10B,11A,11B,11C,11D DATED 11/18/99 REPORT #21444",Closed Expired,12/13/1999,
B2021-03494,"2961 BENVENUE Ave, BERKELEY CA 94705",Mechanical Permit,"Install Heat pump, Air handler, and ductwork more than 40 ft in main house.",Finaled,08/05/2021,
B2021-03432,"2961 BENVENUE Ave, BERKELEY CA 94705",Mechanical Permit,Install two zone ductless mini split system in ADU,Finaled,08/02/2021,ADU/unit
B2021-02339,"2961 BENVENUE Ave, BERKELEY CA 94705",Electrical Permit,Install 4.74 KW PV solar panels (12 modules) on the roof.,Finaled,06/07/2021,
B2021-02210,"2961 BENVENUE Ave, A, BERKELEY CA 94705",Electrical Permit,Install 3.16 KW PV solar panels on the roof.,Finaled,05/27/2021,
B2021-00539-REV01,"2961 BENVENUE Ave, BERKELEY CA 94705",Building Revision for B2021-00539,Revise structural plan to reflect (E) conditions of a non-load wall. discovered during construction. See sheet S2.1. No change in valuation.,Issued,04/07/2021,
B2021-00539,"2961 BENVENUE Ave, BERKELEY CA 94705",Building Electrical Mechanical Plumbing Permit,Remodel (E) kitchen and laundry room. (N) gas insert in (E) fireplace. (N) FAU/AC and upgrade electrical panels. No new SF or windows.,Finaled,02/09/2021,
B2019-00268,"2961 BENVENUE Ave, BERKELEY CA 94705",Building Permit,Removal of existing roofing materials and installation of CertainTead Landmark shingles,Finaled,01/21/2019,
B2008-01932,"2961 BENVENUE AVE, BERKELEY CA 94705",Building Permit,REPLACE 17 WINDOWS,Closed Expired,05/05/2008,
B2008-01933,"2961 BENVENUE AVE, BERKELEY CA 94705",Building Permit,REPLACE 2 WINDOWS & 1 FRENCH DOOR,Closed Expired,05/05/2008,
B1992-01957,"2961 BENVENUE AVE, BERKELEY CA 94705",Electrical Permit,UNDERGROUND ELECTRICAL SERVICE PERMIT CLOSED TIME LIMIT EXPIRED MH 2/23/01,Closed Expired,11/13/1992,
B2026-03290,"3001 BENVENUE Ave, BERKELEY CA 94705",Electrical Permit,Installing 1 phase 100amp 240v 4 clip underground residential meter panel to provide temporary power for construction ref. B2026-02153,Approved w/Conditions,08/05/2026,
B2026-02153,"3001 BENVENUE Ave, BERKELEY CA 94705",Building Permit,"New 1,451 sq ft crawlspace expansion includes a new (2) bedroom ADU w/ separate entrance. Also includes main house family room, laundry and powder room addition, all within the existing footprint.",Corrections List Issued,05/22/2026,"ADU/unit, addition"
B2025-00605,"3001 BENVENUE Ave, BERKELEY CA 94705",Mechanical Permit,(1) Furnace changeout in attic.,Finaled,02/18/2025,
B1993-04315,"3001 BENVENUE AVE, BERKELEY CA 94705",Building Permit,,Closed Expired,05/10/1993,
B2024-03269,"3005 BENVENUE Ave, BERKELEY CA 94705",PermitPermit,(12) Roof Mounted Solar Panels 4.8kW (1) ESS,Finaled,07/02/2024,
24TMP-018432,"3005 BENVENUE Ave, BERKELEY CA 94705",,,,04/08/2024,
PREAPP001052,"3005 BENVENUE Ave, BERKELEY CA 94705",,"Address Assignment for new Accessory Dwelling Unit. New address is 3005 Benvenue Ave, Unit A. See Permit #B2021-05304 for new ADU.",Open,06/15/2023,ADU/unit
ESR-2022-02038,"3005 BENVENUE Ave, BERKELEY CA 94705",,,Closed Expired,09/07/2022,
B2021-05304-REV01,"3005 BENVENUE Ave, BERKELEY CA 94705",Building Revision for B2021-05304,"Revise retaining wall height to 8'-3"" max to reflect the site conditions. No change in valuation.",Issued,06/03/2022,
B2021-05304,"3005 BENVENUE Ave, BERKELEY CA 94705",Building Electrical Mechanical Plumbing Permit,Excavate and create new 854 Sq. Ft. 2 bedroom ADU and shared laundry utility room in existing basement. Reconfigure/enlarge kitchen in main house.,Issued,11/23/2021,"ADU/unit, addition"
B2021-03563,"3005 BENVENUE Ave, BERKELEY CA 94705",Building Electrical Plumbing Permit,Add new powder room with a new window and upgraded electrical to the existing garage. No work is proposed at the main house and the garage is to remain non-habitable. [x.REF Building Permit #B2021-03563],Finaled,08/11/2021,
B1993-04324,"3005 BENVENUE AVE, BERKELEY CA 94705",Building Electrical Plumbing Permit,"EXISTING BATHROOM REMODEL- REMOVE LATH AND PLASTER, SHEETROCK; PAINT/INSTALL NEW FLOOR- NEW GFI, NO STRUCTURAL CHANGE UPGRADE BATHROOM MOVE FIXTURES",Closed Expired,05/11/1993,
B1993-04324-E,"3005 BENVENUE AVE, BERKELEY CA 94705",Building Electrical Plumbing Permit,"EXISTING BATHROOM REMODEL- REMOVE LATH AND PLASTER, SHEETROCK; PAINT/INSTALL NEW FLOOR- NEW GFI, NO STRUCTURAL CHANGE UPGRADE BATHROOM MOVE FIXTURES",Closed Expired,05/11/1993,
B1993-04324-P,"3005 BENVENUE AVE, BERKELEY CA 94705",Building Electrical Plumbing Permit,"EXISTING BATHROOM REMODEL- REMOVE LATH AND PLASTER, SHEETROCK; PAINT/INSTALL NEW FLOOR- NEW GFI, NO STRUCTURAL CHANGE UPGRADE BATHROOM MOVE FIXTURES",Closed Expired,05/11/1993,
ESR-2026-01064,"3006 BENVENUE Ave, BERKELEY CA 94705",,,Closed Expired,03/25/2026,
B2024-02547,"3006 BENVENUE Ave, BERKELEY CA 94705",Plumbing Permit,"Tanked 50 gallon water heater changeout, like for like same location.",Finaled,05/22/2024,
B2022-01082,"3006 BENVENUE Ave, BERKELEY CA 94705",Building Permit,"STRIP ROOF, INSTALL 15# FELT AND LIFETIME SHINGLES 23SQ",Finaled,03/10/2022,
B2016-04373,"3006 BENVENUE Ave, BERKELEY CA 94705",Building Electrical Mechanical Plumbing Permit,Remodel Work in Unit A and B of 3006 Benvenue Ave.,Finaled,09/16/2016,
B2020-01127,"3007 BENVENUE Ave, BERKELEY CA 94705",Plumbing Permit,Replace (E) main water line from meter to under home for approx.20-30 ft.,Closed Expired,03/26/2020,
B2003-05202,"3010 BENVENUE AVE, BERKELEY CA 94705",Building Permit,"Remodel existing kitchen, breakfast nook and laundry room. TIME LIMIT EXPIRED - APPLICATION CLOSED 12-28-04. SBB",Closed Expired,11/20/2003,
B1999-02385-P,"3010 BENVENUE AVE, BERKELEY CA 94705",Building Electrical Mechanical Plumbing Permit,KITCHEN & BATH REMODEL,Closed Expired,06/02/1999,
B1999-02385-M,"3010 BENVENUE AVE, BERKELEY CA 94705",Building Electrical Mechanical Plumbing Permit,KITCHEN & BATH REMODEL,Closed Expired,06/02/1999,
B1999-02385-E,"3010 BENVENUE AVE, BERKELEY CA 94705",Building Electrical Mechanical Plumbing Permit,KITCHEN & BATH REMODEL,Closed Expired,06/02/1999,
B1999-02385,"3010 BENVENUE AVE, BERKELEY CA 94705",Building Electrical Mechanical Plumbing Permit,KITCHEN & BATH REMODEL,Closed Expired,06/02/1999,
B1992-01932,"3010 BENVENUE AVE, BERKELEY CA 94705",Electrical Mechanical Permit,"UNDERGROUND ELECTRICAL CONVERSION AND WALL HEATER 30,000 BTU AND WATER HEATER 70,000 BTU",Closed Expired,11/13/1992,
B1992-01932-M,"3010 BENVENUE AVE, BERKELEY CA 94705",Electrical Mechanical Permit,"UNDERGROUND ELECTRICAL CONVERSION AND WALL HEATER 30,000 BTU AND WATER HEATER 70,000 BTU",Closed Expired,11/13/1992,
B2006-00633,"3011 BENVENUE AVE, BERKELEY CA 94705",Plumbing Permit,"Split meter & gas meter, gas lines to heater. permit 04-875 issued for split on electrical for duplex.",Closed Expired,02/17/2006,
B2003-05598,"3011 BENVENUE AVE, BERKELEY CA 94705",Mechanical Permit,REMOVE & REPLACE FURNACE,Closed Expired,12/18/2003,
B2023-00714,"3014 BENVENUE Ave, BERKELEY CA 94705",Mechanical Permit,Swop out existing Heater,Finaled,02/16/2023,
B2002-02260,"3014 BENVENUE AVE, BERKELEY CA 94705",Mechanical Permit,FURNACE INSTALLATION AND DUCTING,Closed Expired,06/03/2002,
B2016-01323-REV01,"3016 BENVENUE Ave, BERKELEY CA 94705",Building Revision for B2016-01323,Inverter to be moved next to msp and tied into that rather than the sub panel.,Closed Expired,04/07/2016,
B2016-01323,"3016 BENVENUE Ave, BERKELEY CA 94705",Electrical Permit,Roof Mounted Solar PV system 13 modules 3.64kw. See attached Conditions of Approval. (Note: 200 amp service upgrade by others).,Closed Expired,03/23/2016,
B2016-00882,"3016 BENVENUE Ave, BERKELEY CA 94705",Electrical Permit,Panel upgrade from 125 to 200 amps.,Finaled,02/29/2016,
B2026-02109,"3019 BENVENUE Ave, BERKELEY CA 94705",Demolition Building Permit,Demolish storage shed in the rear.,Issued,05/20/2026,demolition
B2026-02021,"3019 BENVENUE Ave, BERKELEY CA 94705",Building Electrical Mechanical Plumbing Permit,New ADU on the second floor with first floor storage.,Corrections List Issued,05/14/2026,ADU/unit
26TMP-022554,"3019 BENVENUE Ave, BERKELEY CA 94705",,,,05/14/2026,
B2026-00799,"3019 BENVENUE Ave, BERKELEY CA 94705",Building Permit,Convert existing walk-in closet in the main house into a new bathroom; design a new fence in the back yard and side yard.,Issued,02/27/2026,
ESR-2026-00515,"3019 BENVENUE Ave, BERKELEY CA 94705",,,Documents Uploaded,02/18/2026,
B2025-05744,"3019 BENVENUE Ave, BERKELEY CA 94705",Building Permit record created from ESR-2025-04395,Rewire 20x electrical plugs 10x electrical switches 5x lights 1x car charge,Issued,12/15/2025,
B2025-05167,"3019 BENVENUE Ave, BERKELEY CA 94705",Electrical Permit,Main Panel upgrade from 100 amps to 200 amps.,Issued,11/12/2025,
B2023-03205-REV01,"3020 BENVENUE Ave, 7, BERKELEY CA 94705",Building Revision for B2023-03205,Revision 01 to change the main service panel from 100 AMPs to 125 AMPs with a 125 AMP Circuit. No increase in valuation.,Issued,08/28/2023,
B2023-03205,"3020 BENVENUE Ave, 7, BERKELEY CA 94705",Electrical Permit,Install 2.0 (DC) KW PV solar panels (5 modules) on the roof of Accessory Dwelling Unit.,Finaled,06/22/2023,ADU/unit
B2021-01835-REV01,"3020 BENVENUE Ave, BERKELEY CA 94705",Building Revision for B2021-01835,"Revised water heater location, revised window location at stair. Change from post to bracket.",Issued,12/19/2022,
PREAPP000926,"3020 BENVENUE Ave, BERKELEY CA 94705",,New ADU,Closed,08/16/2022,ADU/unit
B2021-01835,"3020 BENVENUE Ave, BERKELEY CA 94705",Building Electrical Mechanical Plumbing Permit,New ADU in the back of an existing multi-family property.,Finaled,05/08/2021,ADU/unit
B2016-04743,"3020 BENVENUE Ave, 5, BERKELEY CA 94705",Mechanical Permit,Replace wall furnace,Finaled,10/06/2016,
B2015-05140,"3023 BENVENUE AVE, BERKELEY CA 94705",Electrical Permit,REPLACE (E) 100 AMP SERVICE WITH 200 AMP SERVICE.,Finaled,10/21/2015,
B2015-04087,"3023 BENVENUE AVE, BERKELEY CA 94705",Building Plumbing Permit,"REMOVE & REPLACE (E) FRONT STEPS, INSTALL HOT TUB ON DECK ON GRADE.",Finaled,08/24/2015,
B2015-04087-P,"3023 BENVENUE AVE, BERKELEY CA 94705",Building Plumbing Permit,"REMOVE & REPLACE (E) FRONT STEPS, INSTALL HOT TUB ON DECK ON GRADE.",Closed Expired,08/24/2015,
B1995-01836,"3023 BENVENUE AVE, BERKELEY CA 94705",Building Mechanical Permit,REMODEL AND ENLARGE KITCHEN; REMODEL MASTER BEDROOM; ENLARGE MASTER BEDROOM PERMIT CLOSED TIME LIMIT EXPIRED MP62001,Closed Expired,05/25/1995,
B1995-01836-M,"3023 BENVENUE AVE, BERKELEY CA 94705",Building Mechanical Permit,REMODEL AND ENLARGE KITCHEN; REMODEL MASTER BEDROOM; ENLARGE MASTER BEDROOM PERMIT CLOSED TIME LIMIT EXPIRED MP62001,Closed Expired,05/25/1995,
B1992-01760,"3026 BENVENUE AVE, BERKELEY CA 94705",Electrical Permit,UNDERGROUND ELECTRICAL CONVERSION,Closed Expired,11/02/1992,
B2026-00748,"3027 BENVENUE Ave, BERKELEY CA 94705",Building Permit,Voluntary Seismic Improvements. Not for transfer tax rebate.,Finaled,02/25/2026,
B2026-00714,"3027 BENVENUE Ave, BERKELEY CA 94705",Building Permit,Foundation Replacement *For Transfer Tax Rebate*,Finaled,02/23/2026,
B2022-00170,"3027 BENVENUE Ave, BERKELEY CA 94705",Plumbing Permit,Replace the old existing 40 gallon gas water heater with new 50 gallon heat pump water heater.,Finaled,01/13/2022,
B2021-03232,"3027 BENVENUE Ave, BERKELEY CA 94705",Electrical Permit,Provide and install (1) fire alarm nd (1) strobe.,Finaled,07/21/2021,
B2020-02672,"3027 BENVENUE Ave, BERKELEY CA 94705",Mechanical Permit,Remove and replace furnace. Like for like same location. 60k BTU 96% AFUE. Duct replacement more than 40 ft.,Issued,08/17/2020,
B2014-01836,"3027 BENVENUE AVE, BERKELEY CA 94705",Electrical Permit,"INSTALLING EV CHARGER ON FRONT OF HOUSE, IN FRONT YARD ON PARKING PAD MADE OF PAVERS, NO CURB CUT.",Closed Expired,04/28/2014,
B2024-05039,"3030 BENVENUE Ave, BERKELEY CA 94705",Building Permit,"Remove & replace one (1) window at the stairs, same sizes & locations.",Finaled,10/18/2024,
B2020-04130,"3030 BENVENUE Ave, BERKELEY CA 94705",Electrical Permit,"Replace 100Amp main service panel, like for like.",Finaled,11/24/2020,
B2017-04164,"3030 BENVENUE Ave, BERKELEY CA 94705",Building Electrical Mechanical Plumbing Permit,Renovation to main bath at first floor,Finaled,09/26/2017,
B1995-00891,"3030 BENVENUE AVE, BERKELEY CA 94705",Building Permit,ADDITION AND RENOVATION TO SFR,Closed Expired,03/17/1995,addition
B2021-03018,"3031 BENVENUE Ave, BERKELEY CA 94705",Building Permit,Engineered Seismic Retrofit for Transfer Tax Rebate.,Finaled,07/09/2021,
B2018-00421,"3031 BENVENUE Ave, BERKELEY CA 94705",Electrical Permit,Installing 27KW energy storage system & (N) 200AMP Bryant load center.,Finaled,01/31/2018,
B2017-00372-REV01,"3031 BENVENUE Ave, BERKELEY CA 94705",Building Revision for B2017-00372,Revisions submitted to change inverter model. No increase in valuation.,Closed Expired,05/17/2017,
B2017-01275,"3031 BENVENUE Ave, BERKELEY CA 94705",Building Permit,"Reroof-Remove one layer of comp shingles, install (N) #30 felt & GAF timberline shingles to match (E) at 20sq",Closed Expired,03/28/2017,
B2017-00372,"3031 BENVENUE Ave, BERKELEY CA 94705",Building Electrical Permit,Install 5.04KW Photovoltaic Solar Panels on roof. Purlin install per engineer for rafter strengthening.,Closed Expired,01/24/2017,
B2020-00814,"3034 BENVENUE Ave, BERKELEY CA 94705",Building Permit,Engineered Seismic Retrofit in accordance with CBC Chapter A3 for the Earthquake Brace & Bolt Program. Qualifies for Transfer Tax Rebate.,Finaled,02/27/2020,
B2018-01292,"3034 BENVENUE Ave, BERKELEY CA 94705",Mechanical Permit,replace furnace,Finaled,04/03/2018,
B2009-00200,"3034 BENVENUE AVE, BERKELEY CA 94705",Building Permit,"ADD NEW ""VALOR"" FIREPLACE INSERT #5301, DIRECT VENT.",Closed Expired,01/16/2009,
B1994-00207,"3034 BENVENUE AVE, BERKELEY CA 94705",Building Permit,"REMOVE ALL EXISTING ROOFING MATERIAL INSTALL NEW 1/2"" CDX PLYWOOD, ADD 40 YR CLASS A ELK FIBERGLASS SHINGLE NEW GUTTER AND DOWNSPOUTS",Closed Expired,01/19/1994,
B2023-04741,"3038 BENVENUE Ave, BERKELEY CA 94705",Electrical Permit,Main panel upgrade 400 AMPs.,Closed Expired,09/14/2023,
B2021-03009-REV02,"3038 BENVENUE Ave, BERKELEY CA 94705",Building Revision for B2021-03009,Concrete landing and ramp built on south side of ADU instead of stairs.,Issued,08/10/2022,ADU/unit
B2022-02964,"3038 BENVENUE Ave, BERKELEY CA 94705",Building Permit record created from ESR-2022-01330,Replace exiting 200 amp service to New 200 amp two meter service,Finaled,06/28/2022,
B2021-03009-REV01,"3038 BENVENUE Ave, BERKELEY CA 94705",Building Revision for B2021-03009,ADU moved to 5' setbacks to property lines. NO Increase in valuation.,Issued,03/29/2022,ADU/unit
B2021-04075,"3038 BENVENUE Ave, BERKELEY CA 94705",Demolition Building Permit,Existing 511 sq. ft. Garage to be demolished.,Closed Expired,09/09/2021,demolition
PREAPP000759,"3038 BENVENUE Ave, BERKELEY CA 94705",,Address Assignment,Closed,07/08/2021,
B2021-03009,"3038 BENVENUE Ave, BERKELEY CA 94705",Building Electrical Mechanical Plumbing Permit,New 665 sq ft. HCD/HUD approved manufactured unit to be installed on permanent foundation.,Finaled,07/08/2021,addition
B2017-04394,"3038 BENVENUE Ave, BERKELEY CA 94705",Electrical Permit,200 AMP Panel upgrade with new meter,Finaled,10/10/2017,
B2009-00365,"3038 BENVENUE AVE, BERKELEY CA 94705",Electrical Mechanical Permit,INSTALL NATURAL GAS FIREPLACE INSERT W/ METAL FLUE IN EXISTING MASONRY FIREPLACE.,Closed Expired,01/29/2009,
B2009-00365-M,"3038 BENVENUE AVE, BERKELEY CA 94705",Electrical Mechanical Permit,INSTALL NATURAL GAS FIREPLACE INSERT W/ METAL FLUE IN EXISTING MASONRY FIREPLACE.,Closed Expired,01/29/2009,
B1998-05266,"3038 BENVENUE AVE, BERKELEY CA 94705",Building Permit,"TERMITE REPAIR-ITEM 3A ONLY, FOUNDATION REPLACEMENT (PARTIAL) PER REPORT",Closed Expired,11/30/1998,
B2023-06513,"3039 BENVENUE Ave, BERKELEY CA 94705",PermitPermit,"Install 4.0 KW (DC) PV solar panels on the roof with a battery, upgrade main service panel to 125 AMPs with a 125 AMP main circuit.",Finaled,12/28/2023,
B2021-03643,"3039 BENVENUE Ave, BERKELEY CA 94705",Building Electrical Mechanical Plumbing Permit,Kitchen & guest room suite remodel. New deck in rear yard.,Closed Expired,08/17/2021,
B2018-03736,"3039 BENVENUE Ave, BERKELEY CA 94705",Electrical Permit,Install Electric Vehicle Charging station with dedicated circuit in garage.,Finaled,09/20/2018,
B2017-03686,"3039 BENVENUE Ave, BERKELEY CA 94705",Building Permit,Complete removal of the existing roofing materials and installation of a new modified bitumen roof system on the small flat roof area and installation of a new comp shingle roof system on all sloped roofs.,Finaled,08/24/2017,
B2024-03790,"3040 BENVENUE Ave, BERKELEY CA 94705",Building Permit,"Remove existing comp shingles and tar/gravel on pitched and flat roof, and install new roofing.",Finaled,08/01/2024,
B2024-02719,"3040 BENVENUE Ave, BERKELEY CA 94705",PermitPermit,Install 7.06 (DC) KW PV solar panels (17 modules) on the roof.,Finaled,06/03/2024,
B1996-04927,"3040 BENVENUE AVE, BERKELEY CA 94705",Plumbing Permit,"WASHER, FLOOR DRAIN, SUMP PUMP",Closed Expired,12/05/1996,
B1996-04692,"3040 BENVENUE AVE, BERKELEY CA 94705",Building Electrical Plumbing Permit,"CONST. 3-STORY ADD. AT BACK OF RESIDENCE RE-ROOF EXISTING ROOF, PAINT ENTIRE BUILDING EXTERIOR",Closed Expired,11/15/1996,
B1996-04692-E,"3040 BENVENUE AVE, BERKELEY CA 94705",Building Electrical Plumbing Permit,"CONST. 3-STORY ADD. AT BACK OF RESIDENCE RE-ROOF EXISTING ROOF, PAINT ENTIRE BUILDING EXTERIOR",Closed Expired,11/15/1996,
B1996-04692-P,"3040 BENVENUE AVE, BERKELEY CA 94705",Building Electrical Plumbing Permit,"CONST. 3-STORY ADD. AT BACK OF RESIDENCE RE-ROOF EXISTING ROOF, PAINT ENTIRE BUILDING EXTERIOR",Closed Expired,11/15/1996,
B2015-04326,"3042 BENVENUE AVE, BERKELEY CA 94705",Plumbing Permit,REPLACE DRAIN WASTE VENT PER HOUSING REPORT ATTACHED,Closed Expired,09/04/2015,
B1992-02578,"3042 BENVENUE AVE, BERKELEY CA 94705",Electrical Permit,,Closed Expired,12/29/1992,
B2015-05772-REV01,"3044 BENVENUE AVE, C, BERKELEY CA 94705",Building Revision for B2015-05772,**Revision - Add 4x4 lumber to add enforcement at end stringer per engineer. NO INCREASE IN VALUATION.,Issued,04/04/2016,
B2015-05772,"3044 BENVENUE AVE, C, BERKELEY CA 94705",Building Permit,REPLACE (E) STAIRS LIKE FOR LIKE IN RESPONSE TO HOUSING CODE CASE # 15-00001146 ITEM 11.,Finaled,11/30/2015,
B2002-02324,"3044 BENVENUE AVE, BERKELEY CA 94705",Plumbing Permit,REPLACE WATER HEATER,Closed Expired,06/05/2002,
B2022-03818,"3046 BENVENUE Ave, BERKELEY CA 94705",Mechanical Permit,Replace heat pump and air handler.,Finaled,08/17/2022,
B2019-01072,"3046 BENVENUE Ave, BERKELEY CA 94705",Electrical Permit,Install 4.96KW PV solar panels (16 modules) on the roof. Upgrade main electrical panel from 100 to 125AMPS. Upgrade two (2) additional main electrical panels from 100 to 125AMPS (not tied into Solar PV system).,Closed Expired,03/12/2019,
B2022-03817,"3048 BENVENUE Ave, BERKELEY CA 94705",Mechanical Permit,Replace four headed ductless mini split system.,Finaled,08/17/2022,
B2025-02808-REV01,"3051 BENVENUE Ave, BERKELEY CA 94705",Building Revision for B2025-02808,Added (2) additional skylights and modified some window sizes to be smaller. Please see plans. Provide new stairs up to non-habitable attic. Add bathroom to non-habitable attic. Change roof slope of dormer to 1:12. No change in valuation.,Corrections List Issued,07/15/2026,
B2025-02808,"3051 BENVENUE Ave, BERKELEY CA 94705",Building Electrical Mechanical Plumbing Permit,"Replace/add (12) windows, (1) exterior door, and (4) skylights. Remodel kitchen at first floor and open wall between dining room and kitchen. Add new floor hatch down in kitchen to utilities below. Build new deck with stairs down to backyard. Frame (2) new dormers and reinforce floors for better access to storage. Provide new stairs up to attic. Remove chimney and patch roof.",Issued,07/08/2025,
B2022-03311,"3051 BENVENUE Ave, BERKELEY CA 94705",Building Permit record created from ESR-2022-01556,Install wall insulation. Drill and fill. Install floor insulation. Fiberglass batt,Finaled,07/18/2022,
ESR-2022-00897,"3051 BENVENUE Ave, BERKELEY CA 94705",,,Closed Expired,05/05/2022,
B2021-03927,"3051 BENVENUE Ave, BERKELEY CA 94705",Mechanical Permit,Install ducted mini split system. Install ductwork more than 40 ft. Install ductless mini split system.,Finaled,09/01/2021,
B2019-04255-REV01,"3051 BENVENUE Ave, BERKELEY CA 94705",Building Revision for B2019-04255,"We additionally want to replace a small section of our foundation that will be accessible during the retaining wall replacement. Valuation increased from $25,000 to $33,000",Issued,06/03/2021,
B2020-01203,"3051 BENVENUE Ave, BERKELEY CA 94705",Building Permit,"Engineered foundation replacement. Install all anchor bolts, hold-downs, blocking, UFRP connectors & shear walls For Transfer Tax Rebate.",Finaled,04/07/2020,
B2019-04255,"3051 BENVENUE Ave, BERKELEY CA 94705",Building Permit,Replace existing retaining wall at front of house,Finaled,10/04/2019,
B2018-03710,"3051 BENVENUE Ave, BERKELEY CA 94705",Electrical Permit,200AMP panel upgrade,Finaled,09/19/2018,
B1993-04102,"3051 BENVENUE AVE, BERKELEY CA 94705",Building Permit,WOOD CEDAR SHINGLES,Closed Expired,04/26/1993,
B2022-02469,"3058 BENVENUE Ave, BERKELEY CA 94705",Building Permit,"We will tear off the existing 2 layers of roof, install new #30 felt paper and new 30 year composition shingles",Finaled,05/30/2022,
B2022-00104,"3058 BENVENUE Ave, BERKELEY CA 94705",Building Permit,Engineered Voluntary sub-structural strengthening for Transfer Tax Rebate.,Closed Expired,01/10/2022,
B2018-01674,"3058 BENVENUE Ave, BERKELEY CA 94705",Plumbing Permit,Install gas shut off valve.,Finaled,04/30/2018,
B2019-04547,"3101 BENVENUE Ave, BERKELEY CA 94705",Building Mechanical Permit,REMOVE TOPS OF 2 CHIMNEY- ONE TO BE CLOSED OFF AT TOP AND CLOSE OFF FIREBOX. THE OTHER TO HAVE A GAS INSERT INSTALLED.,Finaled,10/22/2019,
B2009-02705,"3101 BENVENUE AVE, BERKELEY CA 94705",Building Permit,"REMOVE AND REPLACE EXISTING ROOF WITH 1/2"" PLY & 40 YRS SHINGLES",Closed Expired,07/23/2009,