building_id,apns,label,n,signal,members,inferred_units,grouping_confidence,representative,representative_confidence,representative_status,roles,kind,flag_notes,sort_key
B3_0171,057-2046-006-00,(unlabeled-residual),1,multi,B2015-03000,,low,B2015-03000,high,single,sitework,multi,-,2
B3_3063,057-2046-008-03,(unlabeled-residual),1,multi,B2015-02995,37.0,low,B2015-02995,high,single,completion,multi,-,2
B3_0040,059-2325-007-00,(single),8,xref/base,B2018-02503|B2018-03127|B2018-03576|B2018-03577|B2019-01608|B2019-01615|B2019-01636|B2019-01637,,high,B2018-02503,low,ambiguous_tie,ancillary|completion,multi,representative_tie;large_cluster,20
B3_0160,057-2046-008-02,Building B,7,building_label,B2015-02998-DEF03|B2015-02998-DEF04|B2015-02998-DEF06|B2015-02998-DEF07|B2015-02998-DEF08|B2015-02998-DEF10|B2015-02998-DEF11,,high,B2015-02998-DEF03,low,all_revision,revision,multi,revision_family;large_cluster,20
B3_0170,057-2046-006-00,Building C,5,building_label,B2015-03000-DEF05|B2015-03000-DEF06|B2015-03000-DEF09|B2015-03000-DEF11|B2015-03000-DEF12,,high,B2015-03000-DEF05,low,all_revision,revision,multi,revision_family;large_cluster,20
B3_0329,053-1598-005-01|053-1598-006-00,(single),5,xref/base,B2021-04232|B2021-05386|B2022-00381|B2022-02027|B2025-01468,54.0,high,B2021-04232,low,ambiguous_tie,completion|sitework,multi,cross_apn_same_building;representative_tie;large_cluster,20
B3_0477,055-1894-014-01|055-1894-015-00,(single),5,xref/base,B2019-02634|B2019-04686|B2020-01168|B2020-01168-REV01|B2020-01168-REV04,37.0,high,B2019-04686,low,ambiguous_tie,completion|revision,multi,cross_apn_same_building;representative_tie;revision_family;large_cluster,20
B3_0863,057-2046-001-00,(single),5,xref/base,B2019-05608|B2021-04893|B2021-04893-REV04|B2021-05057|B2022-03392,163.0,high,B2019-05608,low,ambiguous_tie,completion|revision|sitework,multi,representative_tie;revision_family;large_cluster,20
B3_1292,063-2988-038-00,(single),5,xref/base,B2024-02569|B2024-02570|B2024-02712|B2024-03997|B2025-02220,1.0,high,B2024-02570,low,ambiguous_tie,ancillary|completion|sitework,multi,representative_tie;large_cluster,20
B3_2282,055-1870-008-00,(single),5,xref/base,B2022-01079|B2022-01079-REV01|B2022-02040|B2022-05981|B2022-05981-REV01,28.0,high,B2022-05981,low,ambiguous_tie,completion|revision,multi,representative_tie;revision_family;large_cluster,20
B3_0080,054-1733-013-00,(single),4,xref/base,B2025-01704|B2025-01728|B2025-03217|B2025-04831,1.0,high,B2025-01704,low,ambiguous_tie,completion,multi,representative_tie;large_cluster,20
B3_0098,063-2952-050-00,(single),4,xref/base,B2018-02705|B2018-02705-REV01|B2018-02706|B2018-02706-REV01,1.0,high,B2018-02706,low,ambiguous_tie,completion|revision,multi,representative_tie;revision_family;large_cluster,20
B3_0189,057-2053-005-00,(single),4,xref/base,B2017-02610|B2017-02610-REV06|B2017-02610-REV07|B2019-03036,50.0,high,B2017-02610,low,ambiguous_tie,completion|revision,multi,representative_tie;revision_family;large_cluster,20
B3_0294,062-2916-014-00,(single),4,xref/base,B2018-02833|B2018-02839|B2018-02840|B2018-02956,,high,B2018-02839,low,ambiguous_tie,completion|sitework,multi,representative_tie;large_cluster,20
B3_0578,052-1576-027-01,(single),4,xref/base,B2023-06416|B2023-06442|B2023-06443|B2024-03794,,high,B2023-06416,low,ambiguous_tie,ancillary|completion,multi,representative_tie;large_cluster,20
B3_0758,062-2945-028-00,(single),4,xref/base,B2023-04389|B2023-04472|B2023-04473|B2024-04679,1.0,high,B2024-04679,low,ambiguous_tie,completion,multi,representative_tie;large_cluster,20
B3_0961,058-2172-003-01,(single),4,xref/base,B2022-05577|B2022-05578|B2024-00684|B2025-04535,,high,B2022-05577,low,ambiguous_tie,completion,multi,representative_tie;large_cluster,20
B3_1158,060-2445-045-00,(single),4,xref/base,B2019-00016|B2019-00016-REV01|B2019-00017|B2019-00017-REV01,,high,B2019-00016,low,ambiguous_tie,completion|revision,multi,representative_tie;revision_family;large_cluster,20
B3_1210,055-1869-016-00,Building 4,4,building_label,B2020-03715|B2020-03715-REV01|B2021-00989|B2021-01148,4.0,high,B2020-03715,low,ambiguous_tie,completion|revision,multi,representative_tie;revision_family;large_cluster,20
B3_1479,056-1938-007-00,(single),4,xref/base,B2023-01027|B2023-02555|B2023-02556|B2024-00029,,high,B2023-01027,low,ambiguous_tie,completion,multi,representative_tie;large_cluster,20
B3_1587,052-1516-032-00,(single),4,xref/base,B2024-02473|B2024-02474|B2024-03665|B2024-05897,1.0,high,B2024-03665,low,ambiguous_tie,completion,multi,representative_tie;large_cluster,20
B3_1610,056-2011-010-00,(single),4,xref/base,B2023-05875|B2023-05881|B2024-00729|B2024-02287,,high,B2023-05875,low,ambiguous_tie,completion,multi,representative_tie;large_cluster,20
B3_1674,058-2130-025-00,(single),4,xref/base,B2019-03024|B2019-03025|B2019-03026|B2019-03027,,high,B2019-03024,low,ambiguous_tie,completion,multi,representative_tie;large_cluster,20
B3_1989,058-2119-009-00,(single),4,xref/base,B2022-01332|B2022-01386|B2025-05132|B2025-05133,1.0,high,B2022-01332,low,ambiguous_tie,ancillary|completion,multi,representative_tie;large_cluster,20
B3_0002,055-1865-007-00,(single),3,xref/base,B2023-00442|B2023-00442-REV03|B2023-02685,2.0,high,B2023-00442,low,ambiguous_tie,completion|revision,multi,representative_tie;revision_family,20
B3_0075,064-4295-026-00,(single),3,xref/base,B2022-01927|B2023-03522|B2024-00350,,high,B2022-01927,low,ambiguous_tie,ancillary|completion,multi,representative_tie,20
B3_0107,053-1689-009-00,(single),3,xref/base,B2022-04721|B2022-04747|B2022-05667,1.0,high,B2022-04721,low,ambiguous_tie,completion,multi,representative_tie,20
B3_0156,052-1527-011-00,(single),3,xref/base,B2019-03765|B2019-03766|B2020-00944,,high,B2019-03765,low,ambiguous_tie,completion,multi,representative_tie,20
B3_0200,064-4242-006-00,(single),3,xref/base,B2020-04530|B2021-00982|B2021-00982-REV01,,high,B2020-04530,low,ambiguous_tie,completion|revision,multi,representative_tie;revision_family,20
B3_0234,058-2153-028-00,(single),3,xref/base,B2023-03870|B2023-03871|B2024-04931,,high,B2023-03870,low,ambiguous_tie,ancillary|completion,multi,representative_tie,20
B3_0270,054-1781-029-00,(single),3,xref/base,B2023-03735|B2023-03743|B2024-04490,,high,B2023-03735,low,ambiguous_tie,completion,multi,representative_tie,20
B3_0448,055-1832-026-01,(single),3,xref/base,B2024-04552|B2025-00168|B2025-04813,,high,B2024-04552,low,ambiguous_tie,completion,multi,representative_tie,20
B3_0472,057-2082-002-00,(single),3,xref/base,B2024-00117|B2024-00243|B2024-00247,1.0,high,B2024-00243,low,ambiguous_tie,completion,multi,representative_tie,20
B3_0512,055-1876-021-01,(single),3,xref/base,B2023-01880|B2023-02332|B2024-06011,,high,B2023-01880,low,ambiguous_tie,completion,multi,representative_tie,20
B3_0583,054-1742-100-00,(single),3,xref/base,B2025-00487|B2025-02475|B2025-02962,1.0,high,B2025-02962,low,ambiguous_tie,completion,multi,representative_tie,20
B3_0592,060-2487-031-00,(single),3,xref/base,B2021-00317|B2021-00317-REV03|B2022-03366,,high,B2021-00317,low,ambiguous_tie,completion|revision,multi,representative_tie;revision_family,20
B3_0625,052-1563-036-00,(single),3,xref/base,B2024-06091|B2024-06133|B2025-01666,1.0,high,B2024-06091,low,ambiguous_tie,completion,multi,representative_tie,20
B3_0627,061-2578-012-02,(single),3,xref/base,B2024-02013|B2024-03031|B2025-02113,,high,B2024-02013,low,ambiguous_tie,completion,multi,representative_tie,20
B3_0668,054-1742-067-00,(single),3,xref/base,B2024-02286|B2024-03811|B2025-01245,,high,B2024-02286,low,ambiguous_tie,completion,multi,representative_tie,20
B3_0802,054-1702-093-01,(single),3,xref/base,B2018-00336|B2018-00336-REV02|B2021-02872,,high,B2018-00336,low,ambiguous_tie,completion|revision,multi,representative_tie;revision_family,20
B3_0815,055-1886-001-00|055-1886-002-00,(single),3,xref/base,B2025-00386|B2025-00387|B2025-00388,,high,B2025-00386,low,ambiguous_tie,completion,multi,cross_apn_same_building;representative_tie,20
B3_0816,058-2181-027-00,(single),3,xref/base,B2023-02354|B2023-03067|B2023-04569,,high,B2023-02354,low,ambiguous_tie,completion,multi,representative_tie,20
B3_0927,054-1787-008-00,(single),3,xref/base,B2024-01564|B2024-01882|B2025-02753,,high,B2024-01564,low,ambiguous_tie,ancillary|completion,multi,representative_tie,20
B3_1085,056-2001-009-00,(single),3,xref/base,B2019-03295|B2019-04005|B2024-02519,,high,B2019-03295,low,ambiguous_tie,completion,multi,representative_tie,20
B3_1101,052-1452-021-00,(single),3,xref/base,B2017-02788|B2017-02832|B2018-01550,,high,B2017-02788,low,ambiguous_tie,completion,multi,representative_tie,20
B3_1115,060-2489-041-00,(single),3,xref/base,B2023-04170|B2023-04171|B2024-04295,1.0,high,B2023-04170,low,ambiguous_tie,completion,multi,representative_tie,20
B3_1200,060-2417-044-00,(single),3,xref/base,B2024-04942|B2025-00581|B2025-03852,,high,B2024-04942,low,ambiguous_tie,completion,multi,representative_tie,20
B3_1541,056-1981-008-00|056-1981-009-00|056-1981-010-00,(single),3,xref/base,B2019-00827|B2019-00828|B2019-00829,,high,B2019-00827,low,ambiguous_tie,completion,multi,cross_apn_same_building;representative_tie,20
B3_1552,061-2575-065-00,(single),3,xref/base,B2023-06287|B2024-05252|B2025-01138,,high,B2023-06287,low,ambiguous_tie,ancillary|completion,multi,representative_tie,20
B3_1731,054-1784-001-00,(single),3,xref/base,B2020-03994|B2020-03995|B2021-00951,,high,B2020-03994,low,ambiguous_tie,completion,multi,representative_tie,20
B3_1809,060-2469-059-02|060-2469-098-00,(single),3,xref/base,B2023-05059|B2023-05062|B2024-04446,1.0,high,B2023-05059,low,ambiguous_tie,completion,multi,cross_apn_same_building;representative_tie,20
B3_1986,054-1702-076-00,(single),3,xref/base,B2019-04162|B2020-01545|B2020-03615,,high,B2019-04162,low,ambiguous_tie,completion|sitework,multi,representative_tie,20
B3_2021,057-2061-016-00,(single),3,xref/base,B2025-02574|B2025-02575|B2025-03757,,high,B2025-02574,low,ambiguous_tie,completion,multi,representative_tie,20
B3_2038,060-2403-031-00,(single),3,xref/base,B2019-02904|B2019-02904-REV02|B2019-04649,,high,B2019-02904,low,ambiguous_tie,completion|revision,multi,representative_tie;revision_family,20
B3_2091,059-2338-010-00,(single),3,xref/base,B2020-02550|B2020-02551|B2020-02553,,high,B2020-02550,low,ambiguous_tie,ancillary|completion,multi,representative_tie,20
B3_2104,058-2157-005-00,(single),3,xref/base,B2023-04188|B2023-04188-REV01|B2024-00470,,high,B2023-04188,low,ambiguous_tie,completion|revision,multi,representative_tie;revision_family,20
B3_2533,054-1739-035-00,(single),3,xref/base,B2024-02794|B2024-03343|B2024-03632,,high,B2024-02794,low,ambiguous_tie,completion,multi,representative_tie,20
B3_2949,056-1971-024-00|058-2119-019-00,(single),3,xref/base,B2020-00101|B2020-00103|B2020-02279,,high,B2020-00101,low,ambiguous_tie,ancillary|completion,multi,cross_apn_same_building;representative_tie,20
B3_3439,058-2138-011-00,(single),3,xref/base,B2020-03419|B2020-03659|B2020-03883,,high,B2020-03419,low,ambiguous_tie,ancillary|completion,multi,representative_tie,20
B3_0013,055-1862-008-01,(single),2,xref/base,B2023-04437|B2023-04475,,high,B2023-04437,low,ambiguous_tie,completion,multi,representative_tie,20
B3_0020,062-2939-041-00,(single),2,xref/base,B2025-02782|B2025-04266,,high,B2025-02782,low,ambiguous_tie,completion,multi,representative_tie,20
B3_0030,060-2430-004-00,(single),2,xref/base,B2025-01459|B2025-01467,,high,B2025-01459,low,ambiguous_tie,completion,multi,representative_tie,20
B3_0033,053-1660-024-00,(single),2,xref/base,B2022-02577|B2024-00183,,high,B2022-02577,low,ambiguous_tie,completion,multi,representative_tie,20
B3_0051,056-2002-019-00,(single),2,xref/base,B2017-05394|B2018-01212,,high,B2017-05394,low,ambiguous_tie,completion,multi,representative_tie,20
B3_0056,063-3110-010-00,(single),2,xref/base,B2018-04883|B2019-02929,,high,B2018-04883,low,ambiguous_tie,completion,multi,representative_tie,20
B3_0065,052-1520-017-00,(single),2,xref/base,B2016-01346|B2024-04977,,high,B2016-01346,low,ambiguous_tie,completion,multi,representative_tie,20
B3_0076,052-1435-006-00,(single),2,xref/base,B2017-02517|B2019-03932,,high,B2017-02517,low,ambiguous_tie,completion,multi,representative_tie,20
B3_0081,056-1934-015-00,(single),2,xref/base,B2021-01681|B2021-02103,,high,B2021-01681,low,ambiguous_tie,completion,multi,representative_tie,20
B3_0109,063-3150-082-00,(single),2,xref/base,B2017-05499|B2017-05501,,high,B2017-05499,low,ambiguous_tie,completion,multi,representative_tie,20
B3_0110,060-2416-051-00,(single),2,xref/base,B2004-04914|B2025-02307,,high,B2004-04914,low,ambiguous_tie,completion,multi,representative_tie,20
B3_0113,060-2433-024-00,(single),2,xref/base,B2021-05114|B2022-04670,,high,B2021-05114,low,ambiguous_tie,completion,multi,representative_tie,20
B3_0125,058-2128-017-00,(single),2,xref/base,B2017-00195|B2017-00196,,high,B2017-00195,low,ambiguous_tie,completion,multi,representative_tie,20
B3_0126,056-1937-023-00,(single),2,xref/base,B2018-01153|B2018-01154,1.0,high,B2018-01153,low,ambiguous_tie,completion,multi,representative_tie,20
B3_0128,054-1794-027-00,(single),2,xref/base,B2018-00101|B2018-01083,,high,B2018-00101,low,ambiguous_tie,completion,multi,representative_tie,20
B3_0129,052-1564-044-00,(single),2,xref/base,B2023-00578|B2023-00763,,high,B2023-00578,low,ambiguous_tie,completion,multi,representative_tie,20
B3_0132,055-1913-059-00,(single),2,xref/base,B2018-03594|B2018-03595,,high,B2018-03594,low,ambiguous_tie,completion,multi,representative_tie,20
B3_0137,054-1730-005-00,(single),2,xref/base,B2021-01651|B2022-02237,,high,B2021-01651,low,ambiguous_tie,completion,multi,representative_tie,20
B3_0146,058-2184-008-00,(single),2,xref/base,B2023-06013|B2023-06014,,high,B2023-06013,low,ambiguous_tie,completion,multi,representative_tie,20
B3_0149,053-1615-007-00,(single),2,xref/base,B2020-01612|B2021-02512,,high,B2020-01612,low,ambiguous_tie,completion,multi,representative_tie,20
B3_0154,054-1731-004-00,(single),2,xref/base,B2022-04020|B2022-04941,,high,B2022-04020,low,ambiguous_tie,completion,multi,representative_tie,20
B3_0155,054-1800-022-00,(single),2,xref/base,B2023-05250|B2023-05559,,high,B2023-05250,low,ambiguous_tie,completion,multi,representative_tie,20
B3_0158,060-2485-055-00,(single),2,xref/base,B2024-02684|B2025-04139,,high,B2024-02684,low,ambiguous_tie,completion,multi,representative_tie,20
B3_0159,057-2046-008-02,Building A,2,building_label,B2015-02998-REV05|B2015-02998-REV09,,high,B2015-02998-REV05,low,all_revision,revision,multi,revision_family,20
B3_0161,057-2046-008-02|057-2046-008-04,(unlabeled-residual),2,xref/base,B2015-02998|B2022-01721,,high,B2015-02998,low,ambiguous_tie,completion,multi,cross_apn_same_building;representative_tie,20
B3_0163,056-2009-006-00,(single),2,xref/base,B2019-00301|B2019-01610,1.0,high,B2019-00301,low,ambiguous_tie,completion,multi,representative_tie,20
B3_0191,054-1803-006-00,(single),2,xref/base,B2019-00465|B2019-00466,,high,B2019-00465,low,ambiguous_tie,completion,multi,representative_tie,20
B3_0198,060-2465-027-00,(single),2,xref/base,B2023-00965|B2023-01384,,high,B2023-00965,low,ambiguous_tie,completion,multi,representative_tie,20
B3_0212,061-2598-003-00,(single),2,xref/base,B2024-03337|B2024-04664,,high,B2024-03337,low,ambiguous_tie,completion,multi,representative_tie,20
B3_0213,056-2000-008-00,(single),2,xref/base,B2020-00638|B2021-02762,,high,B2020-00638,low,ambiguous_tie,completion,multi,representative_tie,20
B3_0217,056-1985-006-00,(single),2,xref/base,B2019-03992|B2019-05270,,high,B2019-03992,low,ambiguous_tie,completion,multi,representative_tie,20
B3_0222,061-2577-022-00,(single),2,xref/base,B2017-04089|B2023-02278,,high,B2017-04089,low,ambiguous_tie,completion,multi,representative_tie,20
B3_0224,060-2436-024-00,(single),2,xref/base,B2020-01891|B2020-01892,,high,B2020-01891,low,ambiguous_tie,completion,multi,representative_tie,20
B3_0226,063-2961-032-00,(single),2,xref/base,B2021-00454|B2021-00455,,high,B2021-00454,low,ambiguous_tie,completion,multi,representative_tie,20
B3_0239,062-2881-009-00,(single),2,xref/base,B2021-02398|B2021-02547,,high,B2021-02398,low,ambiguous_tie,completion,multi,representative_tie,20
B3_0240,055-1853-033-02,(single),2,xref/base,B2021-00639|B2022-01599,,high,B2021-00639,low,ambiguous_tie,completion,multi,representative_tie,20
B3_0244,054-1781-029-00,(single),2,xref/base,B2024-03016|B2024-03439,1.0,high,B2024-03439,low,ambiguous_tie,completion,multi,representative_tie,20
B3_0248,058-2155-027-00,(single),2,xref/base,B2025-00145|B2025-02462,,high,B2025-00145,low,ambiguous_tie,completion,multi,representative_tie,20
B3_0254,052-1536-005-00|052-1536-006-00,(single),2,xref/base,B2020-01820|B2021-01439,,high,B2020-01820,low,ambiguous_tie,completion,multi,cross_apn_same_building;representative_tie,20
B3_0256,052-1433-010-00,(single),2,xref/base,B2023-04866|B2023-05671,,high,B2023-04866,low,ambiguous_tie,completion,multi,representative_tie,20
B3_0258,053-1701-054-03,(single),2,xref/base,B2022-03120|B2023-01590,,high,B2022-03120,low,ambiguous_tie,completion,multi,representative_tie,20
B3_0269,052-1584-030-00,(single),2,xref/base,B2024-05069|B2024-05367,1.0,high,B2024-05367,low,ambiguous_tie,completion,multi,representative_tie,20
B3_0272,053-1697-008-00,(single),2,xref/base,B2020-03228|B2020-03267,,high,B2020-03228,low,ambiguous_tie,completion,multi,representative_tie,20
B3_0301,054-1718-002-00,(single),2,xref/base,B2021-01857|B2025-01387,,high,B2021-01857,low,ambiguous_tie,completion,multi,representative_tie,20
B3_0305,061-2574-030-00,(single),2,xref/base,B2018-03469|B2018-03510,,high,B2018-03469,low,ambiguous_tie,completion,multi,representative_tie,20
B3_0310,056-2009-012-00,(single),2,xref/base,B2024-03709|B2024-03710,1.0,high,B2024-03709,low,ambiguous_tie,completion,multi,representative_tie,20
B3_0316,056-1933-019-00,(single),2,xref/base,B2019-05145|B2020-03755,,high,B2019-05145,low,ambiguous_tie,completion,multi,representative_tie,20
B3_0339,052-1528-021-00,(single),2,xref/base,B2024-05549|B2025-00964,,high,B2024-05549,low,ambiguous_tie,completion,multi,representative_tie,20
B3_0358,053-1593-014-00,(single),2,xref/base,B2016-03486|B2016-04643,,high,B2016-03486,low,ambiguous_tie,completion,multi,representative_tie,20
B3_0366,052-1558-008-00,(single),2,xref/base,B2018-00901|B2018-00902,,high,B2018-00901,low,ambiguous_tie,completion,multi,representative_tie,20
B3_0371,063-3130-047-00,(single),2,xref/base,B2014-04382|B2019-00914,,high,B2014-04382,low,ambiguous_tie,completion,multi,representative_tie,20
B3_0374,056-2009-019-00,(single),2,xref/base,B2018-05090|B2022-05307,,high,B2018-05090,low,ambiguous_tie,completion,multi,representative_tie,20
B3_0376,058-2123-019-00,(single),2,xref/base,B2024-03463|B2025-02476,,high,B2024-03463,low,ambiguous_tie,completion,multi,representative_tie,20
B3_0379,055-1913-043-00,(single),2,xref/base,B2022-02858|B2023-01233,,high,B2022-02858,low,ambiguous_tie,completion,multi,representative_tie,20
B3_0390,064-4240-003-00,(single),2,xref/base,B2018-00431|B2018-00432,,high,B2018-00431,low,ambiguous_tie,completion,multi,representative_tie,20
B3_0394,061-2575-023-00,(single),2,xref/base,B2025-01012|B2025-01034,,high,B2025-01012,low,ambiguous_tie,completion,multi,representative_tie,20
B3_0397,052-1560-032-00,(single),2,xref/base,B2023-03857|B2023-03862,,high,B2023-03857,low,ambiguous_tie,completion,multi,representative_tie,20
B3_0399,054-1791-009-00,(single),2,xref/base,B2025-01388|B2025-01504,,high,B2025-01388,low,ambiguous_tie,completion,multi,representative_tie,20
B3_0404,060-2415-012-00,(single),2,xref/base,B2021-03844|B2023-02034,,high,B2021-03844,low,ambiguous_tie,completion,multi,representative_tie,20
B3_0407,052-1536-011-00,(single),2,xref/base,B2021-00504|B2021-01973,,high,B2021-00504,low,ambiguous_tie,completion,multi,representative_tie,20
B3_0416,064-4295-046-00,(single),2,xref/base,B2018-01031|B2018-01227,,high,B2018-01031,low,ambiguous_tie,completion,multi,representative_tie,20
B3_0437,052-1576-032-00,(single),2,xref/base,B2016-02615|B2016-05173,,high,B2016-02615,low,ambiguous_tie,completion,multi,representative_tie,20
B3_0450,054-1790-002-00,(single),2,xref/base,B2025-00037|B2025-03877,,high,B2025-00037,low,ambiguous_tie,completion,multi,representative_tie,20
B3_0464,061-2610-011-00,(single),2,xref/base,B2019-03638|B2019-03904,,high,B2019-03638,low,ambiguous_tie,completion,multi,representative_tie,20
B3_0476,058-2188-003-00,(single),2,xref/base,B2022-00900|B2022-00901,,high,B2022-00900,low,ambiguous_tie,completion,multi,representative_tie,20
B3_0492,060-2391-029-00,(single),2,xref/base,B2019-03512|B2020-01971,,high,B2019-03512,low,ambiguous_tie,completion,multi,representative_tie,20
B3_0493,056-1926-004-00,(single),2,xref/base,B2024-00955|B2024-02270,,high,B2024-00955,low,ambiguous_tie,completion,multi,representative_tie,20
B3_0495,053-1608-025-00,(single),2,xref/base,B2018-04846|B2018-04848,1.0,high,B2018-04848,low,ambiguous_tie,completion,multi,representative_tie,20
B3_0504,052-1574-050-00,(single),2,xref/base,B2022-01909|B2022-01910,,high,B2022-01909,low,ambiguous_tie,completion,multi,representative_tie,20
B3_0505,054-1787-010-00,(single),2,xref/base,B2020-01243|B2020-01244,,high,B2020-01243,low,ambiguous_tie,completion,multi,representative_tie,20
B3_0506,055-1837-001-00,Building W,2,building_label,B2018-05067|B2021-00927,22.0,high,B2018-05067,low,ambiguous_tie,completion,multi,representative_tie,20
B3_0526,060-2445-045-00|060-2445-046-00,(single),2,xref/base,B2020-02141|B2020-02846,,high,B2020-02141,low,ambiguous_tie,completion,multi,cross_apn_same_building;representative_tie,20
B3_0527,062-2868-001-00,(single),2,xref/base,B2020-00480|B2020-00481,,high,B2020-00480,low,ambiguous_tie,completion,multi,representative_tie,20
B3_0529,056-1945-006-00,Building A,2,building_label,B2018-02291|B2019-02400,6.0,high,B2018-02291,low,ambiguous_tie,completion,multi,representative_tie,20
B3_0530,058-2157-012-00,(single),2,xref/base,B2019-02957|B2019-04147,1.0,high,B2019-02957,low,ambiguous_tie,completion,multi,representative_tie,20
B3_0550,055-1853-056-00,(single),2,xref/base,B2018-02613|B2018-04143,,high,B2018-02613,low,ambiguous_tie,completion,multi,representative_tie,20
B3_0555,062-2916-059-05,(single),2,xref/base,B2021-03862|B2024-05941,1.0,high,B2024-05941,low,ambiguous_tie,completion,multi,representative_tie,20
B3_0560,056-1938-008-00,(single),2,xref/base,B2022-00337|B2022-00339,,high,B2022-00337,low,ambiguous_tie,completion,multi,representative_tie,20
B3_0566,061-2573-022-00,(single),2,xref/base,B2021-03479|B2023-04710,,high,B2021-03479,low,ambiguous_tie,completion,multi,representative_tie,20
B3_0580,058-2164-004-00|060-2478-042-00,(single),2,xref/base,B2022-01495|B2022-04525,,high,B2022-01495,low,ambiguous_tie,completion,multi,cross_apn_same_building;representative_tie,20
B3_0588,055-1853-015-00,(single),2,xref/base,B2023-01789|B2023-01790,,high,B2023-01789,low,ambiguous_tie,completion,multi,representative_tie,20
B3_0595,064-4251-030-00,(single),2,xref/base,B2016-05909|B2018-03905,,high,B2016-05909,low,ambiguous_tie,completion,multi,representative_tie,20
B3_0596,060-2466-080-00,(single),2,xref/base,B2020-02794|B2021-00222,,high,B2020-02794,low,ambiguous_tie,completion,multi,representative_tie,20
B3_0600,060-2469-039-00,(single),2,xref/base,B2022-03277|B2023-01914,,high,B2022-03277,low,ambiguous_tie,completion,multi,representative_tie,20
B3_0605,061-2620-021-00,(single),2,xref/base,B2017-03937|B2017-03938,,high,B2017-03937,low,ambiguous_tie,completion,multi,representative_tie,20
B3_0610,056-2007-015-00,(single),2,xref/base,B2019-05183|B2020-01355,,high,B2019-05183,low,ambiguous_tie,completion,multi,representative_tie,20
B3_0641,056-2012-016-00|056-2012-042-00,(single),2,xref/base,B2023-02073|B2023-03238,,high,B2023-02073,low,ambiguous_tie,completion,multi,cross_apn_same_building;representative_tie,20
B3_0648,061-2618-010-00,(single),2,xref/base,B2019-05615|B2020-01684,,high,B2019-05615,low,ambiguous_tie,completion,multi,representative_tie,20
B3_0650,058-2140-011-00,(single),2,xref/base,B2021-05676|B2022-02523,,high,B2021-05676,low,ambiguous_tie,completion,multi,representative_tie,20
B3_0654,063-3140-065-00,(single),2,xref/base,B2018-03638|B2018-04603,,high,B2018-03638,low,ambiguous_tie,completion,multi,representative_tie,20
B3_0657,058-2242-115-01,(single),2,xref/base,B2018-02854|B2018-02859,1.0,high,B2018-02854,low,ambiguous_tie,completion,multi,representative_tie,20
B3_0666,064-4246-010-00,(single),2,xref/base,B2024-02697|B2024-02736,,high,B2024-02697,low,ambiguous_tie,completion,multi,representative_tie,20
B3_0688,063-2988-015-00,(single),2,xref/base,B2018-02801|B2024-02677,,high,B2018-02801,low,ambiguous_tie,completion,multi,representative_tie,20
B3_0705,057-2086-013-00,(single),2,shared_unit_count,B2020-02941|B2020-02942,1.0,high,B2020-02941,low,ambiguous_tie,completion,multi,representative_tie,20
B3_0710,060-2453-053-00|063-2971-036-01,(single),2,xref/base,B2018-02452|B2019-02453,,high,B2018-02452,low,ambiguous_tie,completion,multi,cross_apn_same_building;representative_tie,20
B3_0712,061-2615-007-00,(single),2,xref/base,B2022-05940|B2024-02903,,high,B2022-05940,low,ambiguous_tie,completion,multi,representative_tie,20
B3_0715,052-1559-019-00,(single),2,xref/base,B2023-05918|B2025-00091,,high,B2023-05918,low,ambiguous_tie,completion,multi,representative_tie,20
B3_0727,059-2325-011-00,(single),2,xref/base,B2023-05338|B2023-05592,,high,B2023-05338,low,ambiguous_tie,completion,multi,representative_tie,20
B3_0733,060-2423-016-00,(single),2,xref/base,B2016-03981|B2019-00807,,high,B2016-03981,low,ambiguous_tie,completion,multi,representative_tie,20
B3_0738,058-2166-022-00,(single),2,xref/base,B2019-04883|B2020-00675,,high,B2019-04883,low,ambiguous_tie,completion,multi,representative_tie,20
B3_0759,060-2391-067-00,(single),2,xref/base,B2024-00594|B2025-01581,,high,B2024-00594,low,ambiguous_tie,completion,multi,representative_tie,20
B3_0770,062-2942-042-00,(single),2,xref/base,B2023-00613-REV02|B2023-00613-REV03,,high,B2023-00613-REV02,low,all_revision,revision,multi,revision_family,20
B3_0777,053-1615-024-00,(single),2,xref/base,B2019-00758|B2022-01749,,high,B2019-00758,low,ambiguous_tie,completion,multi,representative_tie,20
B3_0781,052-1567-040-00,(single),2,xref/base,B2019-03775|B2021-02019,,high,B2019-03775,low,ambiguous_tie,completion,multi,representative_tie,20
B3_0787,053-1671-018-00,(single),2,xref/base,B2024-00096|B2024-00175,1.0,high,B2024-00175,low,ambiguous_tie,completion,multi,representative_tie,20
B3_0808,054-1731-034-00,(single),2,xref/base,B2021-00997|B2021-04124,,high,B2021-00997,low,ambiguous_tie,completion,multi,representative_tie,20
B3_0821,053-1689-006-02,(single),2,xref/base,B2020-01498|B2021-05224,7.0,high,B2021-05224,low,ambiguous_tie,completion,multi,representative_tie,20
B3_0822,054-1794-007-00,(single),2,xref/base,B2022-01741|B2023-04533,,high,B2022-01741,low,ambiguous_tie,completion,multi,representative_tie,20
B3_0825,055-1868-004-02,(single),2,xref/base,B2018-04420|B2021-03104,,high,B2018-04420,low,ambiguous_tie,completion,multi,representative_tie,20
B3_0830,062-2862-006-00,(single),2,xref/base,B2019-02810|B2019-02811,,high,B2019-02810,low,ambiguous_tie,completion,multi,representative_tie,20
B3_0856,054-1764-012-05|056-1926-003-00,(single),2,xref/base,B2019-05405|B2019-05408,,high,B2019-05405,low,ambiguous_tie,completion,multi,cross_apn_same_building;representative_tie,20
B3_0872,053-1594-003-00,(single),2,xref/base,B2014-02947|B2017-03526,,high,B2014-02947,low,ambiguous_tie,completion,multi,representative_tie,20
B3_0877,055-1907-028-00,(single),2,xref/base,B2016-03542|B2016-05008,,high,B2016-03542,low,ambiguous_tie,completion,multi,representative_tie,20
B3_0893,061-2573-018-00,(single),2,xref/base,B2017-02331|B2019-05460,,high,B2017-02331,low,ambiguous_tie,completion,multi,representative_tie,20
B3_0938,062-2870-002-00,(single),2,xref/base,B2020-03383|B2021-03714,,high,B2020-03383,low,ambiguous_tie,completion,multi,representative_tie,20
B3_0943,052-1576-032-00,(single),2,xref/base,B2016-01647|B2016-05172,,high,B2016-01647,low,ambiguous_tie,completion,multi,representative_tie,20
B3_0945,056-1919-001-00,(single),2,xref/base,B2025-01486|B2025-01571,,high,B2025-01486,low,ambiguous_tie,completion,multi,representative_tie,20
B3_0946,054-1738-023-00,(single),2,xref/base,B2025-01662|B2025-02064,,high,B2025-01662,low,ambiguous_tie,completion,multi,representative_tie,20
B3_0973,053-1594-017-00,(single),2,xref/base,B2024-00572|B2024-00573,,high,B2024-00572,low,ambiguous_tie,completion,multi,representative_tie,20
B3_0975,058-2161-008-00,(single),2,xref/base,B2023-06133|B2024-01224,,high,B2023-06133,low,ambiguous_tie,completion,multi,representative_tie,20
B3_0977,053-1686-024-00,(single),2,xref/base,B2018-04967|B2018-04970,,high,B2018-04967,low,ambiguous_tie,completion,multi,representative_tie,20
B3_0979,063-2988-003-01,(single),2,xref/base,B2022-00789|B2022-01193,,high,B2022-00789,low,ambiguous_tie,completion,multi,representative_tie,20
B3_0984,055-1906-015-00,(single),2,xref/base,B2017-03631|B2020-00118,,high,B2017-03631,low,ambiguous_tie,completion,multi,representative_tie,20
B3_0988,058-2181-023-00,(single),2,xref/base,B2024-05182|B2024-05185,,high,B2024-05182,low,ambiguous_tie,completion,multi,representative_tie,20
B3_1002,061-2577-019-00,(single),2,xref/base,B2019-00275|B2020-00443,,high,B2019-00275,low,ambiguous_tie,completion,multi,representative_tie,20
B3_1031,060-2401-002-00,(single),2,xref/base,B2019-03278|B2019-04417,,high,B2019-03278,low,ambiguous_tie,completion,multi,representative_tie,20
B3_1038,054-1804-006-00,(single),2,xref/base,B2017-05194|B2018-01163,,high,B2017-05194,low,ambiguous_tie,completion,multi,representative_tie,20
B3_1049,060-2407-014-00,(single),2,xref/base,B2021-04272|B2024-00688,,high,B2021-04272,low,ambiguous_tie,completion,multi,representative_tie,20
B3_1059,052-1523-005-01,(single),2,xref/base,B2022-01706|B2022-02336,,high,B2022-01706,low,ambiguous_tie,completion,multi,representative_tie,20
B3_1065,052-1425-020-00,(single),2,xref/base,B2022-01722|B2022-02231,,high,B2022-01722,low,ambiguous_tie,completion,multi,representative_tie,20
B3_1066,061-2550-003-00,(single),2,xref/base,B2022-03053|B2024-03118,,high,B2022-03053,low,ambiguous_tie,completion,multi,representative_tie,20
B3_1067,058-2159-033-00,(single),2,xref/base,B2019-02048|B2020-02399,,high,B2019-02048,low,ambiguous_tie,completion,multi,representative_tie,20
B3_1078,060-2396-009-00,(single),2,xref/base,B2019-03602|B2019-03603,,high,B2019-03602,low,ambiguous_tie,completion,multi,representative_tie,20
B3_1092,058-2137-004-00,(single),2,xref/base,B2024-03152|B2024-04007,,high,B2024-03152,low,ambiguous_tie,completion,multi,representative_tie,20
B3_1121,058-2156-015-00,(single),2,xref/base,B2021-02725|B2021-02726,,high,B2021-02725,low,ambiguous_tie,completion,multi,representative_tie,20
B3_1150,060-2464-014-00,(single),2,xref/base,B2019-05569|B2021-04278,1.0,high,B2019-05569,low,ambiguous_tie,completion,multi,representative_tie,20
B3_1157,055-1829-016-00,(single),2,xref/base,B2024-04884|B2024-06086,,high,B2024-04884,low,ambiguous_tie,completion,multi,representative_tie,20
B3_1174,053-1623-012-01,(single),2,shared_unit_count,B2018-05100|B2018-05102,2.0,high,B2018-05100,low,ambiguous_tie,completion,multi,representative_tie,20
B3_1205,059-2282-036-00,(single),2,xref/base,B2023-00170|B2023-00172,,high,B2023-00170,low,ambiguous_tie,completion,multi,representative_tie,20
B3_1218,056-1931-012-00,(single),2,xref/base,B2019-02640|B2019-02641,,high,B2019-02640,low,ambiguous_tie,completion,multi,representative_tie,20
B3_1276,061-2575-064-00,(single),2,xref/base,B2020-04067|B2020-04069,,high,B2020-04067,low,ambiguous_tie,completion,multi,representative_tie,20
B3_1281,061-2579-024-00,(single),2,xref/base,B2023-04345|B2023-04495,,high,B2023-04345,low,ambiguous_tie,completion,multi,representative_tie,20
B3_1283,057-2094-016-00,(single),2,xref/base,B2016-03507|B2016-03511,,high,B2016-03507,low,ambiguous_tie,completion,multi,representative_tie,20
B3_1303,062-2907-049-01,(single),2,xref/base,B2019-05082|B2019-05083,,high,B2019-05082,low,ambiguous_tie,completion,multi,representative_tie,20
B3_1335,062-2907-016-00,(single),2,xref/base,B2018-02579|B2018-02972,,high,B2018-02579,low,ambiguous_tie,completion,multi,representative_tie,20
B3_1338,057-2068-015-00,(single),2,xref/base,B2018-04463|B2018-04595,,high,B2018-04463,low,ambiguous_tie,completion,multi,representative_tie,20
B3_1339,059-2336-013-00,(single),2,xref/base,B2017-01577|B2017-03802,,high,B2017-01577,low,ambiguous_tie,completion,multi,representative_tie,20
B3_1342,052-1581-017-00,(single),2,xref/base,B2021-05781|B2021-05785,,high,B2021-05781,low,ambiguous_tie,completion,multi,representative_tie,20
B3_1347,056-2000-005-00,(single),2,xref/base,B2019-03487|B2019-03488,,high,B2019-03487,low,ambiguous_tie,completion,multi,representative_tie,20
B3_1348,054-1800-029-00,(single),2,xref/base,B2023-00357|B2023-02743,,high,B2023-00357,low,ambiguous_tie,completion,multi,representative_tie,20
B3_1350,054-1730-021-02,(single),2,xref/base,B2022-00662|B2023-01513,,high,B2022-00662,low,ambiguous_tie,completion,multi,representative_tie,20
B3_1366,055-1828-011-00,(single),2,xref/base,B2024-01632|B2025-00104,,high,B2024-01632,low,ambiguous_tie,completion,multi,representative_tie,20
B3_1373,057-2013-015-00,(single),2,xref/base,B2024-04949|B2024-04955,,high,B2024-04949,low,ambiguous_tie,completion,multi,representative_tie,20
B3_1377,060-2482-010-00,(single),2,xref/base,B2017-03352|B2018-01621,,high,B2017-03352,low,ambiguous_tie,completion,multi,representative_tie,20
B3_1385,060-2409-070-04,(single),2,shared_unit_count,B2017-04801|B2017-04803,1.0,high,B2017-04801,low,ambiguous_tie,completion,multi,representative_tie,20
B3_1400,054-1788-024-00,(single),2,xref/base,B2019-05492|B2019-05493,,high,B2019-05492,low,ambiguous_tie,completion,multi,representative_tie,20
B3_1411,052-1535-016-00,(single),2,xref/base,B2022-05458|B2023-01503,1.0,high,B2022-05458,low,ambiguous_tie,completion,multi,representative_tie,20
B3_1414,063-2951-013-00,(single),2,xref/base,B2019-02213|B2025-03015,,high,B2019-02213,low,ambiguous_tie,completion,multi,representative_tie,20
B3_1465,054-1791-024-00,(single),2,xref/base,B2022-02623|B2022-02624,,high,B2022-02623,low,ambiguous_tie,completion,multi,representative_tie,20
B3_1469,058-2183-009-00,(single),2,xref/base,B2021-01758|B2022-01942,,high,B2021-01758,low,ambiguous_tie,completion,multi,representative_tie,20
B3_1474,064-4229-002-15,(single),2,xref/base,B2019-05360|B2023-03796,1.0,high,B2019-05360,low,ambiguous_tie,completion,multi,representative_tie,20
B3_1484,059-2254-017-00,(single),2,xref/base,B2019-03402|B2019-03403,,high,B2019-03402,low,ambiguous_tie,completion,multi,representative_tie,20
B3_1493,058-2209-016-00,(single),2,xref/base,B2022-03116|B2022-05775,,high,B2022-03116,low,ambiguous_tie,completion,multi,representative_tie,20
B3_1500,058-2121-022-00,(single),2,xref/base,B2019-03538|B2019-03539,,high,B2019-03538,low,ambiguous_tie,completion,multi,representative_tie,20
B3_1511,057-2062-010-00,(single),2,xref/base,B2022-01835|B2022-01891,,high,B2022-01835,low,ambiguous_tie,completion,multi,representative_tie,20
B3_1518,059-2332-021-00,(single),2,xref/base,B2020-01219|B2020-01489,,high,B2020-01219,low,ambiguous_tie,completion,multi,representative_tie,20
B3_1520,062-2893-024-00,(single),2,xref/base,B2023-02835|B2023-05519,,high,B2023-02835,low,ambiguous_tie,completion,multi,representative_tie,20
B3_1527,055-1848-023-00,(single),2,xref/base,B2023-06132|B2025-02201,,high,B2023-06132,low,ambiguous_tie,completion,multi,representative_tie,20
B3_1530,053-1688-011-00,(single),2,xref/base,B2025-01862|B2025-01868,,high,B2025-01862,low,ambiguous_tie,completion,multi,representative_tie,20
B3_1543,062-2876-005-00,(single),2,xref/base,B2016-05277|B2017-04490,,high,B2016-05277,low,ambiguous_tie,completion,multi,representative_tie,20
B3_1547,059-2286-074-00,(single),2,xref/base,B2020-02880|B2022-02946,,high,B2020-02880,low,ambiguous_tie,completion,multi,representative_tie,20
B3_1575,058-2130-020-02,(single),2,xref/base,B2017-02738|B2020-04223,,high,B2017-02738,low,ambiguous_tie,completion,multi,representative_tie,20
B3_1581,061-2617-005-00,Building A,2,building_label,B2022-04179|B2024-05979,,high,B2022-04179,low,ambiguous_tie,completion,multi,representative_tie,20
B3_1583,053-1607-032-00,(single),2,xref/base,B2018-03724|B2018-03725,,high,B2018-03724,low,ambiguous_tie,completion,multi,representative_tie,20
B3_1612,061-2551-020-00,(single),2,xref/base,B2018-04840|B2019-00325,,high,B2018-04840,low,ambiguous_tie,completion,multi,representative_tie,20
B3_1616,059-2258-008-00,(single),2,xref/base,B2019-01815|B2019-01817,,high,B2019-01815,low,ambiguous_tie,completion,multi,representative_tie,20
B3_1635,057-2076-007-00,(single),2,xref/base,B2018-03475|B2018-03476,,high,B2018-03475,low,ambiguous_tie,completion,multi,representative_tie,20
B3_1643,055-1894-016-00|058-2209-005-00,(single),2,xref/base,B2020-04271|B2021-05397,,high,B2020-04271,low,ambiguous_tie,completion,multi,cross_apn_same_building;representative_tie,20
B3_1647,059-2255-019-00,(single),2,xref/base,B2005-01341|B2024-00667,,high,B2005-01341,low,ambiguous_tie,completion,multi,representative_tie,20
B3_1663,061-2611-023-00,(single),2,xref/base,B2019-02325|B2019-02327,,high,B2019-02325,low,ambiguous_tie,completion,multi,representative_tie,20
B3_1664,055-1878-002-00,(single),2,xref/base,B2019-02891|B2020-01652,,high,B2019-02891,low,ambiguous_tie,completion,multi,representative_tie,20
B3_1686,057-2089-016-01,(single),2,xref/base,B2019-05502|B2020-03275,,high,B2019-05502,low,ambiguous_tie,completion,multi,representative_tie,20
B3_1689,056-1933-021-00,(single),2,xref/base,B2020-01885|B2020-01889,,high,B2020-01885,low,ambiguous_tie,completion,multi,representative_tie,20
B3_1694,055-1849-022-00,(single),2,xref/base,B2019-02700|B2019-02701,,high,B2019-02700,low,ambiguous_tie,completion,multi,representative_tie,20
B3_1719,060-2437-018-00,(single),2,xref/base,B2018-04861|B2018-04862,,high,B2018-04861,low,ambiguous_tie,completion,multi,representative_tie,20
B3_1738,057-2051-025-00,(single),2,xref/base,B2022-01482|B2022-05537,,high,B2022-01482,low,ambiguous_tie,completion,multi,representative_tie,20
B3_1739,058-2187-026-00,(single),2,xref/base,B2018-04943|B2019-00004,,high,B2018-04943,low,ambiguous_tie,completion,multi,representative_tie,20
B3_1764,052-1565-013-00,(single),2,xref/base,B2022-03638|B2023-05597,,high,B2022-03638,low,ambiguous_tie,completion,multi,representative_tie,20
B3_1767,057-2088-008-01,(single),2,xref/base,B2023-04798|B2025-02222,,high,B2023-04798,low,ambiguous_tie,completion,multi,representative_tie,20
B3_1771,062-2868-013-00,(single),2,xref/base,B2022-02710|B2022-05407,1.0,high,B2022-02710,low,ambiguous_tie,completion,multi,representative_tie,20
B3_1784,055-1898-011-00,(single),2,xref/base,B2024-05230|B2025-02190,,high,B2024-05230,low,ambiguous_tie,completion,multi,representative_tie,20
B3_1789,057-2072-010-00,(single),2,xref/base,B2022-01951|B2022-04139,,high,B2022-01951,low,ambiguous_tie,completion,multi,representative_tie,20
B3_1792,054-1736-010-00,(single),2,xref/base,B2021-02621|B2023-05981,,high,B2021-02621,low,ambiguous_tie,completion,multi,representative_tie,20
B3_1799,057-2081-019-00,(single),2,xref/base,B2022-06082|B2023-04340,,high,B2022-06082,low,ambiguous_tie,completion,multi,representative_tie,20
B3_1843,056-1942-020-00,(single),2,xref/base,B2023-02152|B2023-04306,,high,B2023-02152,low,ambiguous_tie,completion,multi,representative_tie,20
B3_1845,052-1565-093-00,(single),2,xref/base,B2024-04287|B2024-04288,,high,B2024-04287,low,ambiguous_tie,completion,multi,representative_tie,20
B3_1851,058-2130-021-00,(single),2,xref/base,B2025-02090|B2025-02456,,high,B2025-02090,low,ambiguous_tie,completion,multi,representative_tie,20
B3_1874,058-2211-005-00,(single),2,xref/base,B2018-04113|B2024-03958,,high,B2018-04113,low,ambiguous_tie,completion,multi,representative_tie,20
B3_1898,052-1564-069-00,(single),2,xref/base,B2019-05406|B2020-03184,,high,B2019-05406,low,ambiguous_tie,completion,multi,representative_tie,20
B3_1899,052-1559-021-00,(single),2,xref/base,B2020-02543|B2021-05585,,high,B2020-02543,low,ambiguous_tie,completion,multi,representative_tie,20
B3_1936,062-2868-016-00,(single),2,xref/base,B2021-01627|B2021-01628,,high,B2021-01627,low,ambiguous_tie,completion,multi,representative_tie,20
B3_1940,061-2558-039-00,(single),2,xref/base,B2025-02444|B2025-03710,,high,B2025-02444,low,ambiguous_tie,completion,multi,representative_tie,20
B3_1952,055-1822-009-00|055-1822-009-01,(single),2,xref/base,B2016-00895|B2018-02985,,high,B2016-00895,low,ambiguous_tie,completion,multi,cross_apn_same_building;representative_tie,20
B3_2003,059-2334-003-00,(single),2,xref/base,B2025-00135|B2025-01929,,high,B2025-00135,low,ambiguous_tie,completion,multi,representative_tie,20
B3_2009,057-2086-009-00,(single),2,xref/base,B2021-03120|B2021-03122,,high,B2021-03120,low,ambiguous_tie,completion,multi,representative_tie,20
B3_2039,052-1563-036-00,(single),2,xref/base,B2024-06000|B2024-06003,2.0,high,B2024-06003,low,ambiguous_tie,completion,multi,representative_tie,20
B3_2064,055-1890-008-00|055-1890-010-001,(single),2,xref/base,B2024-00331|B2024-00332,4.0,high,B2024-00331,low,ambiguous_tie,completion,multi,cross_apn_same_building;representative_tie,20
B3_2111,058-2167-022-00,(single),2,xref/base,B2020-01258|B2020-01259,1.0,high,B2020-01259,low,ambiguous_tie,completion,multi,representative_tie,20
B3_2146,053-1603-032-00,(single),2,xref/base,B2022-01152|B2022-01154,,high,B2022-01152,low,ambiguous_tie,completion,multi,representative_tie,20
B3_2174,061-2575-018-00,(single),2,xref/base,B2022-04384|B2022-04388,,high,B2022-04384,low,ambiguous_tie,completion,multi,representative_tie,20
B3_2188,057-2013-017-00,(single),2,xref/base,B2024-02444|B2024-02632,,high,B2024-02444,low,ambiguous_tie,completion,multi,representative_tie,20
B3_2203,057-2015-022-00,(single),2,xref/base,B2019-01597|B2019-01599,,high,B2019-01597,low,ambiguous_tie,completion,multi,representative_tie,20
B3_2214,055-1852-006-00,(single),2,xref/base,B2023-01199|B2023-01357,,high,B2023-01199,low,ambiguous_tie,completion,multi,representative_tie,20
B3_2216,053-1659-030-00,(single),2,xref/base,B2016-05831|B2017-01908,4.0,high,B2016-05831,low,ambiguous_tie,completion,multi,representative_tie,20
B3_2222,052-1563-047-00,(single),2,xref/base,B2025-03285|B2025-04366,,high,B2025-03285,low,ambiguous_tie,completion,multi,representative_tie,20
B3_2227,063-2977-008-00,(single),2,xref/base,B2019-01619|B2020-02217,,high,B2019-01619,low,ambiguous_tie,completion,multi,representative_tie,20
B3_2234,054-1800-028-00,(single),2,xref/base,B2023-03115|B2023-03116,,high,B2023-03115,low,ambiguous_tie,completion,multi,representative_tie,20
B3_2260,064-4244-017-00,(single),2,xref/base,B2021-00306|B2021-00307,,high,B2021-00306,low,ambiguous_tie,completion,multi,representative_tie,20
B3_2272,053-1697-002-00,(single),2,xref/base,B2025-01379|B2025-05483,,high,B2025-01379,low,ambiguous_tie,completion,multi,representative_tie,20
B3_2277,056-1941-019-00,(single),2,xref/base,B2020-01409|B2020-01452,,high,B2020-01409,low,ambiguous_tie,completion,multi,representative_tie,20
B3_2281,055-1886-001-00,(single),2,xref/base,B2024-05944|B2025-02211,,high,B2024-05944,low,ambiguous_tie,completion,multi,representative_tie,20
B3_2284,054-1730-021-02|054-1783-006-00,(single),2,xref/base,B2022-00715|B2022-01823,,high,B2022-00715,low,ambiguous_tie,completion,multi,cross_apn_same_building;representative_tie,20
B3_2293,052-1569-024-00,(single),2,xref/base,B2020-01030|B2020-02833,,high,B2020-01030,low,ambiguous_tie,completion,multi,representative_tie,20
B3_2309,064-4245-011-00,(single),2,xref/base,B2023-00989|B2024-00687,,high,B2023-00989,low,ambiguous_tie,completion,multi,representative_tie,20
B3_2319,063-3150-082-00,(single),2,xref/base,B2017-05497|B2017-05502,,high,B2017-05497,low,ambiguous_tie,completion,multi,representative_tie,20
B3_2320,054-1789-009-00,(single),2,xref/base,B2017-04535|B2018-03397,,high,B2017-04535,low,ambiguous_tie,completion,multi,representative_tie,20
B3_2338,061-2577-008-01,(single),2,xref/base,B2017-02367|B2017-02369,,high,B2017-02367,low,ambiguous_tie,completion,multi,representative_tie,20
B3_2339,058-2128-022-00,(single),2,xref/base,B2025-01597|B2025-02029,,high,B2025-01597,low,ambiguous_tie,completion,multi,representative_tie,20
B3_2341,052-1565-063-00,(single),2,xref/base,B2025-00123|B2025-00125,,high,B2025-00123,low,ambiguous_tie,completion,multi,representative_tie,20
B3_2352,063-3100-037-00,(single),2,xref/base,B2024-01784|B2024-05954,,high,B2024-01784,low,ambiguous_tie,completion,multi,representative_tie,20
B3_2356,058-2244-012-00,(single),2,xref/base,B2019-03607|B2019-04619,,high,B2019-03607,low,ambiguous_tie,completion,multi,representative_tie,20
B3_2366,060-2429-002-00,(single),2,xref/base,B2021-01799|B2021-04157,,high,B2021-01799,low,ambiguous_tie,completion,multi,representative_tie,20
B3_2408,055-1912-018-00,(single),2,xref/base,B2018-01255|B2019-00098,,high,B2018-01255,low,ambiguous_tie,completion,multi,representative_tie,20
B3_2419,052-1560-018-00,(single),2,xref/base,B2019-02764|B2020-03747,,high,B2019-02764,low,ambiguous_tie,completion,multi,representative_tie,20
B3_2428,054-1739-017-00,(single),2,xref/base,B2020-01020|B2020-01021,,high,B2020-01020,low,ambiguous_tie,completion,multi,representative_tie,20
B3_2457,052-1565-058-00,(single),2,xref/base,B2022-04396|B2022-04659,,high,B2022-04396,low,ambiguous_tie,completion,multi,representative_tie,20
B3_2460,053-1660-024-00|058-2165-011-00,(single),2,xref/base,B2022-00577|B2023-00117,,high,B2022-00577,low,ambiguous_tie,completion,multi,cross_apn_same_building;representative_tie,20
B3_2481,056-1989-003-00,(single),2,xref/base,B2018-00429|B2018-00430,,high,B2018-00429,low,ambiguous_tie,completion,multi,representative_tie,20
B3_2485,060-2478-005-00,(single),2,xref/base,B2023-03886|B2025-00798,,high,B2023-03886,low,ambiguous_tie,completion,multi,representative_tie,20
B3_2532,052-1567-076-00,(single),2,xref/base,B2017-02661|B2017-02662,,high,B2017-02661,low,ambiguous_tie,completion,multi,representative_tie,20
B3_2538,054-1702-120-01,(single),2,xref/base,B2019-00391|B2019-00947,,high,B2019-00391,low,ambiguous_tie,completion,multi,representative_tie,20
B3_2548,055-1889-006-00,(single),2,xref/base,B2017-03074|B2018-04875,,high,B2017-03074,low,ambiguous_tie,completion,multi,representative_tie,20
B3_2553,064-4247-021-00,(single),2,xref/base,B2023-00606|B2023-00611,,high,B2023-00606,low,ambiguous_tie,completion,multi,representative_tie,20
B3_2593,061-2560-015-00,(single),2,xref/base,B2018-01376|B2018-02352,,high,B2018-01376,low,ambiguous_tie,completion,multi,representative_tie,20
B3_2600,058-2163-010-00,(single),2,xref/base,B2023-03590|B2023-03767,,high,B2023-03590,low,ambiguous_tie,completion,multi,representative_tie,20
B3_2603,056-1938-003-00,(single),2,xref/base,B2019-04260|B2020-02264,,high,B2019-04260,low,ambiguous_tie,completion,multi,representative_tie,20
B3_2604,058-2211-005-00,(single),2,xref/base,B2018-01067|B2024-03957,,high,B2018-01067,low,ambiguous_tie,completion,multi,representative_tie,20
B3_2648,061-2556-021-00,(single),2,xref/base,B2024-01265|B2024-01704,,high,B2024-01265,low,ambiguous_tie,completion,multi,representative_tie,20
B3_2656,064-4259-009-05,(single),2,xref/base,B2021-03757|B2022-02718,,high,B2021-03757,low,ambiguous_tie,completion,multi,representative_tie,20
B3_2692,056-1965-017-00,(single),2,xref/base,B2022-00800|B2022-02332,,high,B2022-00800,low,ambiguous_tie,completion,multi,representative_tie,20
B3_2701,056-1924-016-00,(single),2,xref/base,B2020-04487|B2023-02105,,high,B2020-04487,low,ambiguous_tie,completion,multi,representative_tie,20
B3_2710,061-2569-009-00,(single),2,xref/base,B2019-05417|B2019-05420,,high,B2019-05417,low,ambiguous_tie,completion,multi,representative_tie,20
B3_2711,058-2183-001-00,(single),2,xref/base,B2019-05475|B2020-03198,38.0,high,B2019-05475,low,ambiguous_tie,completion,multi,representative_tie,20
B3_2715,054-1805-033-00,(single),2,xref/base,B2025-01031|B2025-01033,,high,B2025-01031,low,ambiguous_tie,completion,multi,representative_tie,20
B3_2722,059-2265-008-00,(single),2,xref/base,B2020-02184|B2020-02977,,high,B2020-02184,low,ambiguous_tie,completion,multi,representative_tie,20
B3_2724,052-1574-076-00,(single),2,xref/base,B2022-06048|B2025-03460,1.0,high,B2022-06048,low,ambiguous_tie,completion,multi,representative_tie,20
B3_2749,061-2561-027-00,(single),2,xref/base,B2019-05588|B2021-00390,,high,B2019-05588,low,ambiguous_tie,completion,multi,representative_tie,20
B3_2752,060-2429-055-01,(single),2,xref/base,B2022-03648|B2022-03649,,high,B2022-03648,low,ambiguous_tie,completion,multi,representative_tie,20
B3_2767,059-2257-029-00,(single),2,xref/base,B2025-03521|B2025-03535,,high,B2025-03521,low,ambiguous_tie,completion,multi,representative_tie,20
B3_2779,055-1827-011-00,(single),2,xref/base,B2023-06290|B2024-00158,,high,B2023-06290,low,ambiguous_tie,completion,multi,representative_tie,20
B3_2780,053-1610-015-00,(single),2,xref/base,B2024-00742|B2024-00743,,high,B2024-00742,low,ambiguous_tie,completion,multi,representative_tie,20
B3_2790,060-2406-033-00,(single),2,xref/base,B2024-02503|B2024-04235,1.0,high,B2024-02503,low,ambiguous_tie,completion,multi,representative_tie,20
B3_2836,055-1839-019-01,(single),2,xref/base,B2024-03583|B2025-00050,,high,B2024-03583,low,ambiguous_tie,completion,multi,representative_tie,20
B3_2860,054-1800-013-00,(single),2,xref/base,B2023-02095|B2023-02369,,high,B2023-02095,low,ambiguous_tie,completion,multi,representative_tie,20
B3_2899,052-1548-013-00,(single),2,xref/base,B2021-03275|B2025-01273,,high,B2021-03275,low,ambiguous_tie,completion,multi,representative_tie,20
B3_2973,057-2083-029-00,(single),2,xref/base,B2021-05343|B2022-01241,,high,B2021-05343,low,ambiguous_tie,completion,multi,representative_tie,20
B3_2997,052-1583-024-00,(single),2,xref/base,B2023-00813|B2024-00252,,high,B2023-00813,low,ambiguous_tie,completion,multi,representative_tie,20
B3_3002,058-2168-033-00,(single),2,xref/base,B2021-01671|B2021-02658,,high,B2021-01671,low,ambiguous_tie,completion,multi,representative_tie,20
B3_3046,056-1919-011-00,(single),2,xref/base,B2021-04271|B2022-00850,,high,B2021-04271,low,ambiguous_tie,completion,multi,representative_tie,20
B3_3084,060-2423-001-00,(single),2,xref/base,B2021-03801|B2022-02524,,high,B2021-03801,low,ambiguous_tie,completion,multi,representative_tie,20
B3_3085,054-1797-022-00,(single),2,xref/base,B2023-03953|B2025-02146,,high,B2023-03953,low,ambiguous_tie,completion,multi,representative_tie,20
B3_3132,053-1661-003-03,(single),2,xref/base,B2017-00518|B2017-03295,,high,B2017-00518,low,ambiguous_tie,completion,multi,representative_tie,20
B3_3147,054-1729-017-00,(single),2,xref/base,B2019-03190|B2020-03211,,high,B2019-03190,low,ambiguous_tie,completion,multi,representative_tie,20
B3_3150,054-1702-023-00,(single),2,xref/base,B2018-03492|B2018-05111,,high,B2018-03492,low,ambiguous_tie,completion,multi,representative_tie,20
B3_3165,058-2160-022-00,(single),2,xref/base,B2021-04788|B2021-04851,,high,B2021-04788,low,ambiguous_tie,completion,multi,representative_tie,20
B3_3167,056-1938-019-03,(single),2,xref/base,B2024-02148|B2024-02244,,high,B2024-02148,low,ambiguous_tie,completion,multi,representative_tie,20
B3_3185,054-1742-072-00,(single),2,xref/base,B2020-01744|B2020-01776,,high,B2020-01744,low,ambiguous_tie,completion,multi,representative_tie,20
B3_3205,055-1895-018-05|055-1895-041-00,Building SOUTH,2,building_label,B2019-05575|B2021-03302,,high,B2019-05575,low,ambiguous_tie,completion,multi,cross_apn_same_building;representative_tie,20
B3_3212,052-1516-031-00,(single),2,xref/base,B2024-02475|B2024-02477,,high,B2024-02475,low,ambiguous_tie,completion,multi,representative_tie,20
B3_3284,059-2312-001-00|061-2565-021-00,(single),2,xref/base,B2022-04789|B2022-06011,,high,B2022-04789,low,ambiguous_tie,completion,multi,cross_apn_same_building;representative_tie,20
B3_3288,052-1364-002-00,(single),2,xref/base,B2024-02003|B2024-04763,,high,B2024-02003,low,ambiguous_tie,completion,multi,representative_tie,20
B3_3294,060-2469-095-00,(single),2,xref/base,B2018-00577|B2018-03124,,high,B2018-00577,low,ambiguous_tie,completion,multi,representative_tie,20
B3_3354,054-1797-003-00,(single),2,xref/base,B2023-02342|B2023-05587,,high,B2023-02342,low,ambiguous_tie,completion,multi,representative_tie,20
B3_3446,059-2326-011-00,(single),2,xref/base,B2022-04987|B2024-02508,6.0,high,B2024-02508,low,ambiguous_tie,completion,multi,representative_tie,20
B3_3496,057-2074-030-00,(single),2,xref/base,B2025-01950|B2025-02729,,high,B2025-01950,low,ambiguous_tie,completion,multi,representative_tie,20
B3_0124,055-1875-004-00|055-1875-045-00,(single),3,xref/base,B2018-02244|B2018-02708|B2018-03422,,high,B2018-02244,med,base_fallback,sitework,multi,cross_apn_same_building,21
B3_0905,055-1903-020-00,(single),3,xref/base,B2023-03150|B2023-03150-REV02|B2024-02921,,high,B2023-03150,med,base_fallback,ancillary|revision,multi,revision_family,21
B3_1613,058-2183-012-00,(single),3,xref/base,B2019-02724|B2019-02724-REV01|B2019-03044,,high,B2019-02724,med,base_fallback,ancillary|revision,multi,revision_family,21
B3_0024,057-2013-003-00,(single),2,xref/base,B2025-00533|B2025-02728,,high,B2025-00533,med,base_fallback,ancillary,multi,-,21
B3_0028,053-1616-036-00,(single),2,xref/base,B2024-00815|B2024-01527,,high,B2024-00815,med,base_fallback,ancillary|sitework,multi,-,21
B3_0057,060-2408-008-00,(single),2,xref/base,B2024-00805|B2024-02420,,high,B2024-00805,med,base_fallback,ancillary,multi,-,21
B3_0063,058-2164-010-00,(single),2,xref/base,B2022-01554|B2023-01292,,high,B2022-01554,med,base_fallback,ancillary,multi,-,21
B3_0071,056-2012-006-01,(single),2,xref/base,B2024-00711|B2024-01062,,high,B2024-00711,med,base_fallback,ancillary,multi,-,21
B3_0087,054-1731-012-00,(single),2,xref/base,B2024-03088|B2024-04881,,high,B2024-03088,med,base_fallback,ancillary,multi,-,21
B3_0089,061-2588-045-00,(single),2,xref/base,B2024-04079|B2024-04127,,high,B2024-04079,med,base_fallback,ancillary,multi,-,21
B3_0268,056-1986-012-00,(single),2,xref/base,B2025-00384|B2025-01472,,high,B2025-00384,med,base_fallback,ancillary,multi,-,21
B3_0333,058-2142-014-00,(single),2,xref/base,B2024-04277|B2024-04277-REV01,,high,B2024-04277,med,base_fallback,ancillary|revision,multi,revision_family,21
B3_0342,053-1680-024-00,(single),2,xref/base,B2023-00520|B2024-01486,,high,B2023-00520,med,base_fallback,ancillary,multi,-,21
B3_0351,054-1705-012-00,(single),2,xref/base,B2016-03435|B2016-03435-DEF04,,high,B2016-03435,med,base_fallback,revision|sitework,multi,revision_family,21
B3_0396,058-2127-019-00,(single),2,xref/base,B2017-01412|B2017-04531,,high,B2017-01412,med,base_fallback,ancillary,multi,-,21
B3_0412,054-1729-031-00,(single),2,xref/base,B2022-00398|B2022-00642,,high,B2022-00398,med,base_fallback,ancillary,multi,-,21
B3_0553,055-1859-037-00,(single),2,xref/base,B2023-04236|B2023-05210,,high,B2023-04236,med,base_fallback,ancillary,multi,-,21
B3_0563,058-2139-018-04,(single),2,xref/base,B2023-00212|B2025-04212,,high,B2023-00212,med,base_fallback,ancillary,multi,-,21
B3_0626,056-2012-016-00,(single),2,xref/base,B2021-05621|B2022-00986,,high,B2021-05621,med,base_fallback,sitework,multi,-,21
B3_0729,060-2476-030-00,(single),2,xref/base,B2018-03509|B2022-03958,,high,B2018-03509,med,base_fallback,ancillary,multi,-,21
B3_0740,063-2982-022-01,(single),2,xref/base,B2022-04508|B2025-04984,,high,B2022-04508,med,base_fallback,ancillary,multi,-,21
B3_0841,060-2445-051-00,(single),2,xref/base,B2018-01305|B2018-01305-REV01,,high,B2018-01305,med,base_fallback,revision|sitework,multi,revision_family,21
B3_0869,057-2050-023-00,(single),2,xref/base,B2021-05411|B2021-05619,,high,B2021-05411,med,base_fallback,ancillary,multi,-,21
B3_0870,052-1565-119-00,(single),2,xref/base,B2025-01674|B2025-02173,,high,B2025-01674,med,base_fallback,ancillary,multi,-,21
B3_0900,059-2331-008-00,(single),2,xref/base,B2025-00542|B2025-01274,,high,B2025-00542,med,base_fallback,ancillary,multi,-,21
B3_0933,055-1850-004-01,(single),2,xref/base,B2025-01086|B2025-01367,,high,B2025-01086,med,base_fallback,ancillary,multi,-,21
B3_0937,055-1893-018-00,(single),2,xref/base,B2016-04483|B2016-04483-DEF06,50.0,high,B2016-04483,med,base_fallback,revision|sitework,multi,revision_family,21
B3_0995,053-1586-007-00,(single),2,xref/base,B2025-03829|B2025-03834,,high,B2025-03829,med,base_fallback,ancillary,multi,-,21
B3_1021,060-2417-012-00,(single),2,xref/base,B2024-04351|B2024-04978,,high,B2024-04351,med,base_fallback,ancillary,multi,-,21
B3_1090,061-2562-007-00,(single),2,xref/base,B2020-00059|B2020-01573,,high,B2020-00059,med,base_fallback,sitework,multi,-,21
B3_1098,053-1668-007-00,(single),2,xref/base,B2024-04229|B2025-02331,,high,B2024-04229,med,base_fallback,ancillary,multi,-,21
B3_1110,062-2896-009-02,(single),2,xref/base,B2024-04333|B2024-04639,,high,B2024-04333,med,base_fallback,ancillary,multi,-,21
B3_1130,056-1927-003-00,(single),2,xref/base,B2022-01851|B2022-02635,,high,B2022-01851,med,base_fallback,ancillary,multi,-,21
B3_1170,062-2939-045-00,(single),2,xref/base,B2023-01671|B2024-00219,,high,B2023-01671,med,base_fallback,ancillary,multi,-,21
B3_1257,053-1686-005-00,(single),2,xref/base,B2022-00877|B2022-04480,,high,B2022-00877,med,base_fallback,ancillary,multi,-,21
B3_1265,055-1844-020-02,(single),2,xref/base,B2017-02167|B2018-01401,,high,B2017-02167,med,base_fallback,ancillary,multi,-,21
B3_1275,062-2940-023-01,(single),2,xref/base,B2025-03376|B2025-03399,,high,B2025-03376,med,base_fallback,ancillary,multi,-,21
B3_1286,060-2408-032-00,(single),2,xref/base,B2021-01285|B2021-03992,,high,B2021-01285,med,base_fallback,ancillary,multi,-,21
B3_1390,061-2578-024-00,(single),2,xref/base,B2019-00136|B2022-04890,,high,B2019-00136,med,base_fallback,ancillary,multi,-,21
B3_1637,059-2267-002-03,(single),2,xref/base,B2023-00135|B2023-00136,,high,B2023-00135,med,base_fallback,ancillary,multi,-,21
B3_1696,063-3161-009-00|063-3161-011-00,(single),2,xref/base,B2022-00022|B2022-00023,,high,B2022-00022,med,base_fallback,sitework,multi,cross_apn_same_building,21
B3_1740,052-1584-030-00,(single),2,xref/base,B2016-03671|B2017-02564,,high,B2016-03671,med,base_fallback,ancillary|sitework,multi,-,21
B3_1747,055-1848-024-00,(single),2,xref/base,B2024-05615|B2025-04800,,high,B2024-05615,med,base_fallback,ancillary,multi,-,21
B3_1754,053-1688-021-00,(single),2,xref/base,B2024-01571|B2024-04437,,high,B2024-01571,med,base_fallback,ancillary,multi,-,21
B3_1859,061-2571-005-00,(single),2,xref/base,B2018-03433|B2024-05711,,high,B2018-03433,med,base_fallback,ancillary,multi,-,21
B3_1871,063-2969-013-00,(single),2,xref/base,B2020-00339|B2020-00340,,high,B2020-00339,med,base_fallback,ancillary,multi,-,21
B3_2086,056-1918-011-00,(single),2,xref/base,B2022-00268|B2024-02450,,high,B2022-00268,med,base_fallback,ancillary,multi,-,21
B3_2204,057-2081-014-00,(single),2,xref/base,B2023-02169|B2024-00300,,high,B2023-02169,med,base_fallback,ancillary,multi,-,21
B3_2210,057-2062-001-00,(single),2,xref/base,B2025-01601|B2025-03425,,high,B2025-01601,med,base_fallback,ancillary,multi,-,21
B3_2270,058-2242-115-01,(single),2,xref/base,B2020-02901|B2020-02934,,high,B2020-02901,med,base_fallback,ancillary,multi,-,21
B3_2317,063-3120-017-00,(single),2,xref/base,B2022-05686|B2023-00276,,high,B2022-05686,med,base_fallback,ancillary,multi,-,21
B3_2357,055-1831-029-00,(single),2,xref/base,B2025-01244|B2025-01320,2336.0,high,B2025-01244,med,base_fallback,sitework,multi,-,21
B3_2379,061-2558-012-00,(single),2,xref/base,B2018-00512-REV01|B2020-03171,,high,B2020-03171,med,base_fallback,revision|sitework,multi,revision_family,21
B3_2522,061-2606-055-00,(single),2,xref/base,B2019-01405|B2019-04952,,high,B2019-01405,med,base_fallback,ancillary,multi,-,21
B3_2563,060-2429-055-01,(single),2,xref/base,B2021-01800|B2021-01838,,high,B2021-01800,med,base_fallback,ancillary,multi,-,21
B3_2567,056-1960-014-04,(single),2,xref/base,B2016-01691|B2016-03894,152.0,high,B2016-03894,med,base_fallback,sitework,multi,-,21
B3_2585,060-2490-001-01,(single),2,xref/base,B2023-01673|B2024-00218,,high,B2023-01673,med,base_fallback,ancillary,multi,-,21
B3_2911,052-1516-001-00,(single),2,xref/base,B2021-05573|B2021-05573-REV01,,high,B2021-05573,med,base_fallback,ancillary|revision,multi,revision_family,21
B3_3010,053-1619-002-00,(single),2,xref/base,B2019-01614|B2019-01614-REV01,,high,B2019-01614,med,base_fallback,revision|sitework,multi,revision_family,21
B3_3240,061-2557-027-00,(single),2,xref/base,B2024-01076|B2024-01076-REV02,,high,B2024-01076,med,base_fallback,revision|sitework,multi,revision_family,21
B3_3457,058-2244-001-00,(single),2,xref/base,B2023-01935|B2024-03295-REV01,,high,B2023-01935,med,base_fallback,ancillary|revision,multi,revision_family,21
B3_0350,052-1563-050-00,(single),5,xref/base,B2021-01293|B2021-01293-REV02|B2021-01294|B2021-01294-REV01|B2022-04619,,high,B2022-04619,high,sole_completion,completion|revision|sitework,multi,revision_family;large_cluster,22
B3_0722,057-2046-010-00,Building D,4,building_label,B2015-03005|B2015-03005-DEF09|B2015-03005-DEF12|B2015-03005-DEF14,,high,B2015-03005,high,sole_completion,completion|revision,multi,revision_family;large_cluster,22
B3_1206,056-2011-021-00,(single),4,xref/base,B2018-02048|B2018-02048-DEF02|B2018-02048-DEF03|B2018-02048-DEF04,,high,B2018-02048,high,sole_completion,completion|revision,multi,revision_family;large_cluster,22
B3_0031,060-2423-031-00,(single),3,xref/base,B2021-01537|B2021-01798|B2023-00349,,high,B2021-01798,high,sole_completion,ancillary|completion,multi,-,22
B3_0207,056-1954-008-01,(single),3,xref/base,B2015-06007|B2015-06007-DEF01|B2015-06007-DEF02,19.0,high,B2015-06007,high,sole_completion,completion|revision,multi,revision_family,22
B3_0247,057-2061-010-00,(single),3,xref/base,B2020-00206|B2020-00206-REV01|B2020-00206-REV08,,high,B2020-00206,high,sole_completion,completion|revision,multi,revision_family,22
B3_0380,057-2063-007-00,(single),3,xref/base,B2022-01344|B2022-01345|B2024-01390,,high,B2022-01345,high,sole_completion,ancillary|completion|sitework,multi,-,22
B3_0381,055-1871-006-00,(single),3,xref/base,B2016-05821|B2016-05821-REV12|B2016-05821-REV13,56.0,high,B2016-05821,high,sole_completion,completion|revision,multi,revision_family,22
B3_0457,056-1928-019-00,(single),3,xref/base,B2021-02423|B2021-04949|B2021-04949-REV01,41.0,high,B2021-02423,high,sole_completion,completion|revision|sitework,multi,revision_family,22
B3_0549,060-2392-054-00,(single),3,xref/base,B2021-01449|B2021-01451|B2022-01772,,high,B2021-01451,high,sole_completion,ancillary|completion,multi,-,22
B3_0621,055-1875-008-00,(single),3,xref/base,B2018-01337|B2018-01337-REV01|B2019-01789,40.0,high,B2018-01337,high,sole_completion,completion|revision|sitework,multi,revision_family,22
B3_0782,063-2992-002-00,(single),3,xref/base,B2023-04232|B2023-05565|B2025-02223,1.0,high,B2023-05565,high,sole_completion,ancillary|completion|sitework,multi,-,22
B3_1705,052-1581-014-00,(single),3,xref/base,B2018-05007|B2018-05007-REV01|B2019-03522,,high,B2019-03522,high,sole_completion,completion|revision|sitework,multi,revision_family,22
B3_1713,061-2616-003-00,(single),3,xref/base,B2022-02026|B2022-02026-REV01|B2023-00471,,high,B2023-00471,high,sole_completion,completion|revision|sitework,multi,revision_family,22
B3_1812,055-1840-007-00,(single),3,xref/base,B2024-01193|B2024-05764|B2024-05765,,high,B2024-01193,high,sole_completion,ancillary|completion,multi,-,22
B3_2613,056-2010-009-00,(single),3,xref/base,B2017-03233|B2017-03233-REV01|B2018-02594,,high,B2018-02594,high,sole_completion,ancillary|completion|revision,multi,revision_family,22
B3_0005,056-1998-040-00,(single),2,xref/base,B2021-02904|B2021-02904-REV02,,high,B2021-02904,high,sole_completion,completion|revision,multi,revision_family,22
B3_0011,055-1869-002-00,(single),2,xref/base,B2024-01111|B2024-02067,,high,B2024-01111,high,sole_completion,ancillary|completion,multi,-,22
B3_0074,062-2883-017-00,(single),2,xref/base,B2021-00720|B2021-01682,,high,B2021-01682,high,sole_completion,completion|sitework,multi,-,22
B3_0078,055-1869-002-00,(single),2,xref/base,B2024-01248|B2024-02576,,high,B2024-01248,high,sole_completion,ancillary|completion,multi,-,22
B3_0085,055-1827-005-00,(single),2,xref/base,B2021-04253|B2023-01754,,high,B2021-04253,high,sole_completion,ancillary|completion,multi,-,22
B3_0096,063-2975-052-00,(single),2,xref/base,B2025-02435|B2025-03623,,high,B2025-03623,high,sole_completion,completion|sitework,multi,-,22
B3_0105,062-2876-016-00,(single),2,xref/base,B2025-02565|B2025-02786,,high,B2025-02565,high,sole_completion,ancillary|completion,multi,-,22
B3_0151,057-2053-022-01,(single),2,xref/base,B2019-02922|B2019-03862,,high,B2019-02922,high,sole_completion,completion|sitework,multi,-,22
B3_0175,054-1704-026-00|054-1742-043-00,(single),2,xref/base,B2020-02086|B2020-02822,,high,B2020-02086,high,sole_completion,ancillary|completion,multi,cross_apn_same_building,22
B3_0192,053-1591-018-03|053-1591-018-04,(single),2,xref/base,B2022-05247|B2024-05279,,high,B2024-05279,high,sole_completion,ancillary|completion,multi,cross_apn_same_building,22
B3_0199,060-2463-017-00,(single),2,xref/base,B2019-00970|B2019-02137,,high,B2019-00970,high,sole_completion,ancillary|completion,multi,-,22
B3_0208,061-2563-013-00,(single),2,xref/base,B2022-04665|B2024-03926,,high,B2022-04665,high,sole_completion,ancillary|completion,multi,-,22
B3_0214,057-2095-009-04,(single),2,xref/base,B2018-00235|B2018-01494,,high,B2018-01494,high,sole_completion,completion|sitework,multi,-,22
B3_0237,053-1602-018-00,(single),2,xref/base,B2024-05530|B2025-01454,,high,B2025-01454,high,sole_completion,completion|sitework,multi,-,22
B3_0261,053-1600-014-00,(single),2,xref/base,B2021-03928|B2022-05582,,high,B2021-03928,high,sole_completion,ancillary|completion,multi,-,22
B3_0289,053-1697-004-00,(single),2,xref/base,B2021-05083|B2025-02832,,high,B2025-02832,high,sole_completion,completion|sitework,multi,-,22
B3_0318,064-4245-002-00,(single),2,xref/base,B2023-00360|B2023-04704,,high,B2023-04704,high,sole_completion,completion|sitework,multi,-,22
B3_0321,054-1805-016-00|061-2573-005-00,(single),2,xref/base,B2019-01949|B2019-03485,,high,B2019-01949,high,sole_completion,ancillary|completion,multi,cross_apn_same_building,22
B3_0328,056-1993-001-00,(single),2,xref/base,B2017-04442|B2017-04442-REV02,,high,B2017-04442,high,sole_completion,completion|revision,multi,revision_family,22
B3_0384,059-2325-005-00,(single),2,xref/base,B2021-05366|B2022-04172,,high,B2021-05366,high,sole_completion,ancillary|completion,multi,-,22
B3_0389,052-1539-014-00,(single),2,xref/base,B2020-01449|B2021-01601,,high,B2020-01449,high,sole_completion,ancillary|completion,multi,-,22
B3_0406,052-1563-065-00,(single),2,xref/base,B2020-01620|B2020-02536,,high,B2020-01620,high,sole_completion,ancillary|completion,multi,-,22
B3_0421,053-1695-035-00,(single),2,xref/base,B2017-03111|B2017-03111-REV01,,high,B2017-03111,high,sole_completion,completion|revision,multi,revision_family,22
B3_0427,058-2182-042-00|063-2974-049-00,(single),2,xref/base,B2019-02261|B2019-02308,,high,B2019-02308,high,sole_completion,ancillary|completion,multi,cross_apn_same_building,22
B3_0428,055-1852-023-00,(single),2,xref/base,B2019-01395|B2019-03248,,high,B2019-01395,high,sole_completion,ancillary|completion,multi,-,22
B3_0439,056-1916-005-00,(single),2,xref/base,B2017-01706|B2018-00967,,high,B2017-01706,high,sole_completion,ancillary|completion,multi,-,22
B3_0451,056-1977-006-05,(single),2,xref/base,B2019-03689|B2020-02631,96.0,high,B2020-02631,high,sole_completion,completion|sitework,multi,-,22
B3_0548,054-1763-008-00,(single),2,xref/base,B2015-00812|B2019-00852,,high,B2019-00852,high,sole_completion,ancillary|completion,multi,-,22
B3_0565,063-3120-006-00,(single),2,xref/base,B2023-00728|B2024-00485,,high,B2024-00485,high,sole_completion,ancillary|completion,multi,-,22
B3_0649,064-4241-001-00,(single),2,xref/base,B2023-06123|B2024-01185,,high,B2023-06123,high,sole_completion,ancillary|completion,multi,-,22
B3_0662,054-1718-006-00,(single),2,xref/base,B2010-02552|B2010-02552-REV02,,high,B2010-02552,high,sole_completion,completion|revision,multi,revision_family,22
B3_0677,055-1845-006-00,(single),2,xref/base,B2003-04623|B2022-05942,,high,B2003-04623,high,sole_completion,ancillary|completion,multi,-,22
B3_0685,052-1542-003-00,(single),2,xref/base,B2025-02107|B2025-03553,,high,B2025-03553,high,sole_completion,completion|sitework,multi,-,22
B3_0698,060-2446-016-00,(single),2,xref/base,B2016-04290|B2018-04327,,high,B2018-04327,high,sole_completion,completion|sitework,multi,-,22
B3_0718,060-2408-019-00,(single),2,xref/base,B2021-03895|B2022-00646,1.0,high,B2022-00646,high,sole_completion,completion|sitework,multi,-,22
B3_0731,056-1919-025-00,(single),2,xref/base,B2021-01939|B2023-05267,,high,B2023-05267,high,sole_completion,ancillary|completion,multi,-,22
B3_0753,059-2325-005-00,(single),2,xref/base,B2021-05050|B2022-04174,,high,B2021-05050,high,sole_completion,ancillary|completion,multi,-,22
B3_0757,058-2191-002-00,(single),2,xref/base,B2021-03440|B2024-04777,2.0,high,B2021-03440,high,sole_completion,ancillary|completion,multi,-,22
B3_0765,056-2003-001-00,(single),2,shared_unit_count,B2024-00587|B2024-01924,207.0,high,B2024-01924,high,sole_completion,completion|sitework,multi,-,22
B3_0788,059-2325-005-00,(single),2,xref/base,B2021-05315|B2022-04173,,high,B2021-05315,high,sole_completion,ancillary|completion,multi,-,22
B3_0879,052-1567-075-00,(single),2,xref/base,B2016-04055|B2016-05834,,high,B2016-04055,high,sole_completion,completion|sitework,multi,-,22
B3_0903,057-2025-013-00,(single),2,shared_unit_count,B2021-05812|B2022-01111,81.0,high,B2022-01111,high,sole_completion,completion|sitework,multi,-,22
B3_0907,055-1839-019-01,(single),2,xref/base,B2024-04602|B2024-04602-REV01,,high,B2024-04602,high,sole_completion,completion|revision,multi,revision_family,22
B3_0936,059-2269-023-00,(single),2,xref/base,B2024-04341|B2025-05203,,high,B2024-04341,high,sole_completion,ancillary|completion,multi,-,22
B3_0947,057-2075-002-01,(single),2,xref/base,B2019-00961|B2019-00961-REV01,6.0,high,B2019-00961,high,sole_completion,completion|revision,multi,revision_family,22
B3_0999,055-1851-012-00,(single),2,xref/base,B2024-05038|B2025-00869,,high,B2025-00869,high,sole_completion,completion|sitework,multi,-,22
B3_1006,057-2025-023-00,(single),2,xref/base,B2019-02956|B2021-00414,,high,B2019-02956,high,sole_completion,completion|sitework,multi,-,22
B3_1011,054-1801-023-00,(single),2,xref/base,B2023-00426|B2023-01195,,high,B2023-00426,high,sole_completion,completion|sitework,multi,-,22
B3_1053,053-1601-030-00,(single),2,xref/base,B2020-03895|B2020-03895-REV01,,high,B2020-03895,high,sole_completion,completion|revision,multi,revision_family,22
B3_1076,055-1848-024-00,(single),2,xref/base,B2024-00819|B2024-04912,,high,B2024-00819,high,sole_completion,ancillary|completion,multi,-,22
B3_1097,060-2393-012-00,(single),2,xref/base,B2017-01634|B2019-02771,,high,B2019-02771,high,sole_completion,ancillary|completion,multi,-,22
B3_1108,053-1672-011-00,(single),2,xref/base,B2018-02471|B2018-03444,,high,B2018-03444,high,sole_completion,ancillary|completion,multi,-,22
B3_1145,052-1537-016-00,(single),2,xref/base,B2019-00838|B2019-01931,,high,B2019-01931,high,sole_completion,completion|sitework,multi,-,22
B3_1147,053-1701-067-00,(single),2,xref/base,B2020-03398|B2021-02286,,high,B2020-03398,high,sole_completion,ancillary|completion,multi,-,22
B3_1167,054-1797-009-00,(single),2,xref/base,B2021-05275|B2021-05276,,high,B2021-05276,high,sole_completion,ancillary|completion,multi,-,22
B3_1168,056-1941-017-00,(single),2,xref/base,B2020-00388|B2020-00433,,high,B2020-00388,high,sole_completion,ancillary|completion,multi,-,22
B3_1172,058-2183-039-00,(single),2,xref/base,B2019-00045|B2019-00045-REV01,,high,B2019-00045,high,sole_completion,completion|revision,multi,revision_family,22
B3_1196,054-1742-031-01,Building SOUTH,2,building_label,B2016-03011|B2016-03011-REV06,39.0,high,B2016-03011,high,sole_completion,completion|revision,multi,revision_family,22
B3_1202,055-1822-018-00|055-1822-019-02,(single),2,xref/base,B2021-02404|B2023-00675,113.0,high,B2021-02404,high,sole_completion,ancillary|completion,multi,cross_apn_same_building,22
B3_1203,058-2247-009-00,(single),2,xref/base,B2024-03825|B2025-02355,,high,B2024-03825,high,sole_completion,ancillary|completion,multi,-,22
B3_1230,053-1602-003-00,(single),2,xref/base,B2022-04521|B2024-00755,,high,B2024-00755,high,sole_completion,ancillary|completion,multi,-,22
B3_1251,053-1698-027-00,(single),2,xref/base,B2023-06361|B2025-02263,,high,B2023-06361,high,sole_completion,ancillary|completion,multi,-,22
B3_1254,064-4295-012-00,(single),2,xref/base,B2021-03087|B2022-04142,,high,B2021-03087,high,sole_completion,ancillary|completion,multi,-,22
B3_1261,060-2429-024-00,(single),2,xref/base,B2024-00824|B2025-03934,,high,B2024-00824,high,sole_completion,ancillary|completion,multi,-,22
B3_1263,063-2952-033-00,(single),2,xref/base,B2014-02827|B2018-03094,,high,B2018-03094,high,sole_completion,completion|sitework,multi,-,22
B3_1270,053-1701-013-00,(single),2,xref/base,B2018-03258|B2019-03875,,high,B2019-03875,high,sole_completion,completion|sitework,multi,-,22
B3_1272,055-1877-001-00,(single),2,xref/base,B2020-02831|B2022-04997,87.0,high,B2020-02831,high,sole_completion,ancillary|completion,multi,-,22
B3_1288,056-1998-031-00,(single),2,xref/base,B2024-00874|B2024-05129,,high,B2024-00874,high,sole_completion,ancillary|completion,multi,-,22
B3_1355,052-1547-006-00,(single),2,xref/base,B2020-02422|B2023-06165,,high,B2020-02422,high,sole_completion,ancillary|completion,multi,-,22
B3_1367,058-2247-008-00,(single),2,xref/base,B2018-00510|B2018-00510-DEF01,,high,B2018-00510,high,sole_completion,completion|revision,multi,revision_family,22
B3_1422,060-2437-022-00,(single),2,xref/base,B2017-04758|B2017-04758-DEF01,,high,B2017-04758,high,sole_completion,completion|revision,multi,revision_family,22
B3_1435,056-2009-026-00,(single),2,xref/base,B2023-05925|B2023-06031,,high,B2023-05925,high,sole_completion,ancillary|completion,multi,-,22
B3_1457,063-2951-019-00,(single),2,xref/base,B2017-02483|B2017-02483-DEF01,,high,B2017-02483,high,sole_completion,completion|revision,multi,revision_family,22
B3_1462,055-1896-005-00,(single),2,xref/base,B2022-02525|B2022-05117,40.0,high,B2022-05117,high,sole_completion,completion|sitework,multi,-,22
B3_1486,060-2407-021-00,(single),2,xref/base,B2021-04381|B2022-06026,,high,B2021-04381,high,sole_completion,ancillary|completion,multi,-,22
B3_1517,052-1566-047-00,(single),2,xref/base,B2019-04476|B2019-04512,,high,B2019-04476,high,sole_completion,completion|sitework,multi,-,22
B3_1535,058-2120-009-01,(single),2,xref/base,B2019-05014|B2019-05015,,high,B2019-05015,high,sole_completion,ancillary|completion,multi,-,22
B3_1536,055-1895-018-05,(single),2,xref/base,B2020-02902|B2024-05208,,high,B2024-05208,high,sole_completion,ancillary|completion,multi,-,22
B3_1546,058-2206-013-00,(single),2,xref/base,B2018-01469|B2018-03122,,high,B2018-01469,high,sole_completion,ancillary|completion,multi,-,22
B3_1601,056-1931-015-00,(single),2,xref/base,B2021-00248|B2021-03922,1.0,high,B2021-00248,high,sole_completion,ancillary|completion,multi,-,22
B3_1636,052-1534-008-00,(single),2,xref/base,B2019-05171|B2020-01509,,high,B2019-05171,high,sole_completion,ancillary|completion,multi,-,22
B3_1642,059-2336-005-00,(single),2,xref/base,B2021-03412|B2022-05710,,high,B2021-03412,high,sole_completion,ancillary|completion,multi,-,22
B3_1710,062-2849-004-00,(single),2,xref/base,B2024-01121|B2024-05515,,high,B2024-01121,high,sole_completion,ancillary|completion,multi,-,22
B3_1724,055-1847-020-00,(single),2,xref/base,B2023-02975|B2024-05972,11.0,high,B2023-02975,high,sole_completion,ancillary|completion,multi,-,22
B3_1741,052-1569-017-00,(single),2,xref/base,B2021-00091|B2022-01617,1.0,high,B2021-00091,high,sole_completion,ancillary|completion,multi,-,22
B3_1743,060-2445-010-00,(single),2,xref/base,B2018-01484|B2018-01484-DEF01,,high,B2018-01484,high,sole_completion,completion|revision,multi,revision_family,22
B3_1769,055-1905-012-00,(single),2,xref/base,B2024-01452|B2024-05045,,high,B2024-05045,high,sole_completion,completion|sitework,multi,-,22
B3_1786,060-2409-026-00,(single),2,xref/base,B2018-01061|B2019-01256,,high,B2018-01061,high,sole_completion,ancillary|completion,multi,-,22
B3_1791,062-2903-014-00,(single),2,xref/base,B2017-00027-REV02|B2019-00341,,high,B2019-00341,high,sole_completion,completion|revision,multi,revision_family,22
B3_1849,057-2032-005-03,(single),2,xref/base,B2017-02450|B2018-01249,,high,B2017-02450,high,sole_completion,completion|sitework,multi,-,22
B3_1880,052-1564-056-00,(single),2,xref/base,B2022-01755|B2024-01964,,high,B2022-01755,high,sole_completion,ancillary|completion,multi,-,22
B3_1883,054-1716-023-00,Building A,2,building_label,B2019-01926|B2020-00848,,high,B2019-01926,high,sole_completion,ancillary|completion,multi,-,22
B3_1963,058-2142-013-00,(single),2,xref/base,B2019-01043|B2019-02893,,high,B2019-02893,high,sole_completion,completion|sitework,multi,-,22
B3_1976,058-2187-019-00,(single),2,xref/base,B2021-03071|B2021-05106,,high,B2021-05106,high,sole_completion,ancillary|completion,multi,-,22
B3_1978,053-1602-021-00,(single),2,xref/base,B2023-03018|B2024-01867,,high,B2023-03018,high,sole_completion,ancillary|completion,multi,-,22
B3_2053,059-2292-033-00,(single),2,xref/base,B2023-05114|B2023-05255,,high,B2023-05114,high,sole_completion,completion|sitework,multi,-,22
B3_2062,054-1781-015-01,(single),2,xref/base,B2018-03255|B2018-03255-DEF01,63.0,high,B2018-03255,high,sole_completion,completion|revision,multi,revision_family,22
B3_2068,054-1783-020-00,(single),2,xref/base,B2020-03502|B2025-00385,,high,B2020-03502,high,sole_completion,ancillary|completion,multi,-,22
B3_2075,060-2478-015-03,(single),2,xref/base,B2023-02301|B2024-03511,1.0,high,B2024-03511,high,sole_completion,ancillary|completion,multi,-,22
B3_2110,052-1519-022-00,(single),2,xref/base,B2019-04125|B2021-01046,,high,B2019-04125,high,sole_completion,ancillary|completion,multi,-,22
B3_2154,052-1566-024-00,(single),2,xref/base,B2023-03088|B2023-03088-REV01,,high,B2023-03088,high,sole_completion,completion|revision,multi,revision_family,22
B3_2161,058-2136-006-02,(single),2,xref/base,B2019-02827|B2019-03835,,high,B2019-03835,high,sole_completion,ancillary|completion,multi,-,22
B3_2165,057-2061-001-01,(single),2,xref/base,B2019-02550|B2020-00948,4.0,high,B2020-00948,high,sole_completion,ancillary|completion,multi,-,22
B3_2215,055-1819-001-02,(single),2,shared_unit_count,B2019-01150|B2019-01950,78.0,high,B2019-01950,high,sole_completion,completion|sitework,multi,-,22
B3_2229,058-2164-016-00,(single),2,xref/base,B2024-01247|B2025-05242,,high,B2024-01247,high,sole_completion,ancillary|completion,multi,-,22
B3_2302,056-1941-022-03,(single),2,xref/base,B2015-02829|B2019-00854,,high,B2019-00854,high,sole_completion,ancillary|completion,multi,-,22
B3_2369,058-2176-005-00,(single),2,xref/base,B2025-01190|B2025-02226,,high,B2025-02226,high,sole_completion,ancillary|completion,multi,-,22
B3_2409,061-2574-020-00,(single),2,xref/base,B2017-03138|B2017-03138-REV01,,high,B2017-03138,high,sole_completion,completion|revision,multi,revision_family,22
B3_2429,060-2391-074-03,(single),2,xref/base,B2020-03497|B2023-04466,,high,B2023-04466,high,sole_completion,ancillary|completion,multi,-,22
B3_2480,058-2178-003-00,(single),2,xref/base,B2020-02078|B2022-00586,,high,B2022-00586,high,sole_completion,completion|sitework,multi,-,22
B3_2531,055-1842-002-00,Building 2,2,building_label,B2018-03160|B2018-03160-DEF01,,high,B2018-03160,high,sole_completion,completion|revision,multi,revision_family,22
B3_2542,053-1674-029-01,(single),2,xref/base,B2020-00314|B2020-00315,,high,B2020-00315,high,sole_completion,ancillary|completion,multi,-,22
B3_2664,055-1909-021-00,(single),2,xref/base,B2025-02408|B2025-03023,,high,B2025-02408,high,sole_completion,ancillary|completion,multi,-,22
B3_2672,057-2074-012-00,(single),2,xref/base,B2018-04404|B2020-03354,,high,B2018-04404,high,sole_completion,ancillary|completion,multi,-,22
B3_2707,053-1694-013-02,(single),2,xref/base,B2024-03320|B2024-03415,,high,B2024-03415,high,sole_completion,ancillary|completion,multi,-,22
B3_2709,058-2232-012-01,(single),2,xref/base,B2015-00442|B2018-01737,,high,B2015-00442,high,sole_completion,ancillary|completion,multi,-,22
B3_2737,055-1840-009-00,(single),2,xref/base,B2021-01738|B2024-02847,,high,B2021-01738,high,sole_completion,ancillary|completion,multi,-,22
B3_2806,062-2889-021-00,(single),2,xref/base,B2022-02008|B2025-03694,,high,B2022-02008,high,sole_completion,ancillary|completion,multi,-,22
B3_2849,061-2579-011-00,(single),2,xref/base,B2022-05964|B2024-00864,,high,B2022-05964,high,sole_completion,ancillary|completion,multi,-,22
B3_2900,053-1600-027-00,(single),2,xref/base,B2020-04464|B2020-04464-REV01,,high,B2020-04464,high,sole_completion,completion|revision,multi,revision_family,22
B3_2962,054-1744-025-00,(single),2,xref/base,B2016-05139|B2016-05139-DEF04,,high,B2016-05139,high,sole_completion,completion|revision,multi,revision_family,22
B3_2989,055-1895-018-05,Building NORTH,2,building_label,B2019-03704|B2019-05574,,high,B2019-05574,high,sole_completion,completion|sitework,multi,-,22
B3_3045,060-2404-015-00,(single),2,xref/base,B2024-03322|B2025-00085,,high,B2024-03322,high,sole_completion,ancillary|completion,multi,-,22
B3_3089,061-2576-073-00,(single),2,xref/base,B2023-06345|B2024-00201,,high,B2023-06345,high,sole_completion,completion|sitework,multi,-,22
B3_3093,059-2292-017-02,(single),2,xref/base,B2021-00856|B2023-06163,,high,B2021-00856,high,sole_completion,ancillary|completion,multi,-,22
B3_3110,052-1563-100-01,(single),2,xref/base,B2022-00713|B2023-00033,,high,B2023-00033,high,sole_completion,ancillary|completion,multi,-,22
B3_3125,057-2018-008-00,(single),2,xref/base,B2016-04212|B2018-00250,,high,B2018-00250,high,sole_completion,completion|sitework,multi,-,22
B3_3155,052-1438-023-00,(single),2,xref/base,B2021-02470|B2025-04359,,high,B2021-02470,high,sole_completion,ancillary|completion,multi,-,22
B3_3174,059-2312-017-00|063-2968-026-00,(single),2,xref/base,B2022-03215|B2024-00414,,high,B2022-03215,high,sole_completion,ancillary|completion,multi,cross_apn_same_building,22
B3_3203,062-2914-037-00,(single),2,xref/base,B2017-05170|B2018-03366,1.0,high,B2018-03366,high,sole_completion,ancillary|completion,multi,-,22
B3_3265,057-2029-016-00,(single),2,xref/base,B2021-00008|B2021-00008-REV03,169.0,high,B2021-00008,high,sole_completion,completion|revision,multi,revision_family,22
B3_3298,060-2476-035-00,(single),2,xref/base,B2018-04231|B2018-04231-REV02,,high,B2018-04231,high,sole_completion,completion|revision,multi,revision_family,22
B3_3378,061-2612-013-00,(single),2,xref/base,B2024-04779|B2025-04521,,high,B2024-04779,high,sole_completion,ancillary|completion,multi,-,22
B3_3441,064-4252-009-00,(single),2,xref/base,B2023-05775-REV01|B2024-01105,,high,B2024-01105,high,sole_completion,completion|revision,multi,revision_family,22
B3_0001,058-2123-011-00,(housing-singleton),1,housing_singleton,B2024-04461,,high,B2024-04461,high,single,ancillary,housing_singleton,housing_singleton_kept,22
B3_0003,060-2483-005-00,(housing-singleton),1,housing_singleton,B2025-05027,,high,B2025-05027,high,single,ancillary,housing_singleton,housing_singleton_kept,22
B3_0004,052-1548-011-00,(housing-singleton),1,housing_singleton,B2020-01549,,high,B2020-01549,high,single,completion,housing_singleton,housing_singleton_kept,22
B3_0006,056-2008-017-00,(housing-singleton),1,housing_singleton,B2025-00532,,high,B2025-00532,high,single,completion,housing_singleton,housing_singleton_kept,22
B3_0007,063-2969-034-23,(housing-singleton),1,housing_singleton,B2021-05697,1.0,high,B2021-05697,high,single,completion,housing_singleton,housing_singleton_kept,22
B3_0008,052-1564-020-00,(housing-singleton),1,housing_singleton,B2024-01245,,high,B2024-01245,high,single,ancillary,housing_singleton,housing_singleton_kept,22
B3_0009,060-2492-024-01,(housing-singleton),1,housing_singleton,B2024-01733,,high,B2024-01733,high,single,ancillary,housing_singleton,housing_singleton_kept,22
B3_0010,056-1984-016-00,(housing-singleton),1,housing_singleton,B2019-05017,,high,B2019-05017,high,single,completion,housing_singleton,housing_singleton_kept,22
B3_0012,052-1564-067-00,(housing-singleton),1,housing_singleton,B2018-00747,,high,B2018-00747,high,single,completion,housing_singleton,housing_singleton_kept,22
B3_0014,062-2923-035-01,(housing-singleton),1,housing_singleton,B2024-04518,,high,B2024-04518,high,single,completion,housing_singleton,housing_singleton_kept,22
B3_0015,062-2942-033-01,(housing-singleton),1,housing_singleton,B2023-04936,,high,B2023-04936,high,single,completion,housing_singleton,housing_singleton_kept,22
B3_0016,060-2451-034-00,(housing-singleton),1,housing_singleton,B2024-05180,,high,B2024-05180,high,single,completion,housing_singleton,housing_singleton_kept,22
B3_0017,055-1856-001-00,(housing-singleton),1,housing_singleton,B2025-00608,,high,B2025-00608,high,single,ancillary,housing_singleton,housing_singleton_kept,22
B3_0018,062-2896-026-00,(housing-singleton),1,housing_singleton,B2021-03817,,high,B2021-03817,high,single,ancillary,housing_singleton,housing_singleton_kept,22
B3_0019,052-1580-010-01,(housing-singleton),1,housing_singleton,B2024-00396,,high,B2024-00396,high,single,ancillary,housing_singleton,housing_singleton_kept,22
B3_0021,058-2130-021-00,(housing-singleton),1,housing_singleton,B2025-05125,,high,B2025-05125,high,single,ancillary,housing_singleton,housing_singleton_kept,22
B3_0022,054-1802-020-00,(housing-singleton),1,housing_singleton,B2020-01040,,high,B2020-01040,high,single,completion,housing_singleton,housing_singleton_kept,22
B3_0023,062-2915-014-00,(housing-singleton),1,housing_singleton,B2025-04862,,high,B2025-04862,high,single,completion,housing_singleton,housing_singleton_kept,22
B3_0025,053-1615-010-00,(housing-singleton),1,housing_singleton,B2024-04625,,high,B2024-04625,high,single,ancillary,housing_singleton,housing_singleton_kept,22
B3_0026,054-1742-103-00,(housing-singleton),1,housing_singleton,B2025-01740,,high,B2025-01740,high,single,ancillary,housing_singleton,housing_singleton_kept,22
B3_0027,055-1887-010-00,(housing-singleton),1,housing_singleton,B2024-02487,,high,B2024-02487,high,single,completion,housing_singleton,housing_singleton_kept,22
B3_0029,059-2265-015-00,(housing-singleton),1,housing_singleton,B2024-03380,,high,B2024-03380,high,single,ancillary,housing_singleton,housing_singleton_kept,22
B3_0032,054-1716-027-00,(housing-singleton),1,housing_singleton,B2021-01872,,high,B2021-01872,high,single,completion,housing_singleton,housing_singleton_kept,22
B3_0034,057-2080-015-00,(housing-singleton),1,housing_singleton,B2024-01077,,high,B2024-01077,high,single,completion,housing_singleton,housing_singleton_kept,22
B3_0035,052-1534-007-00,(housing-singleton),1,housing_singleton,B2022-03297,,high,B2022-03297,high,single,completion,housing_singleton,housing_singleton_kept,22
B3_0036,060-2450-021-00,(housing-singleton),1,housing_singleton,B2025-03692,,high,B2025-03692,high,single,completion,housing_singleton,housing_singleton_kept,22
B3_0037,052-1526-010-00,(housing-singleton),1,housing_singleton,B2021-04761,,high,B2021-04761,high,single,completion,housing_singleton,housing_singleton_kept,22
B3_0038,055-1870-003-00,(housing-singleton),1,housing_singleton,B2025-04859,,high,B2025-04859,high,single,ancillary,housing_singleton,housing_singleton_kept,22
B3_0039,061-2555-034-00,(housing-singleton),1,housing_singleton,B2019-02172,,high,B2019-02172,high,single,completion,housing_singleton,housing_singleton_kept,22
B3_0041,054-1741-017-00,(housing-singleton),1,housing_singleton,B2024-02536,,high,B2024-02536,high,single,completion,housing_singleton,housing_singleton_kept,22
B3_0042,061-2583-034-00,(housing-singleton),1,housing_singleton,B2024-03049,,high,B2024-03049,high,single,ancillary,housing_singleton,housing_singleton_kept,22
B3_0043,055-1856-014-00,(housing-singleton),1,housing_singleton,B2021-05291,,high,B2021-05291,high,single,completion,housing_singleton,housing_singleton_kept,22
B3_0044,056-2012-023-00,(housing-singleton),1,housing_singleton,B2016-02610,,high,B2016-02610,high,single,completion,housing_singleton,housing_singleton_kept,22
B3_0045,060-2416-007-00,(housing-singleton),1,housing_singleton,B2018-02331,,high,B2018-02331,high,single,completion,housing_singleton,housing_singleton_kept,22
B3_0046,061-2575-024-00,(housing-singleton),1,housing_singleton,B2025-00513,,high,B2025-00513,high,single,completion,housing_singleton,housing_singleton_kept,22
B3_0047,057-2082-023-01,(housing-singleton),1,housing_singleton,B2016-04149,,high,B2016-04149,high,single,completion,housing_singleton,housing_singleton_kept,22
B3_0048,062-2914-047-00,(housing-singleton),1,housing_singleton,B2024-04913,,high,B2024-04913,high,single,completion,housing_singleton,housing_singleton_kept,22
B3_0049,053-1598-014-01,(housing-singleton),1,housing_singleton,B2025-02785,,high,B2025-02785,high,single,ancillary,housing_singleton,housing_singleton_kept,22
B3_0050,063-2952-009-00,(housing-singleton),1,housing_singleton,B2016-03067,1.0,high,B2016-03067,high,single,completion,housing_singleton,housing_singleton_kept,22
B3_0052,059-2286-043-00,(housing-singleton),1,housing_singleton,B2025-00716,,high,B2025-00716,high,single,ancillary,housing_singleton,housing_singleton_kept,22
B3_0053,053-1679-002-00,(housing-singleton),1,housing_singleton,B2025-05358,,high,B2025-05358,high,single,ancillary,housing_singleton,housing_singleton_kept,22
B3_0054,062-2878-010-00,(housing-singleton),1,housing_singleton,B2023-01847,,high,B2023-01847,high,single,ancillary,housing_singleton,housing_singleton_kept,22
B3_0055,054-1812-005-00,(housing-singleton),1,housing_singleton,B2024-03729,,high,B2024-03729,high,single,completion,housing_singleton,housing_singleton_kept,22
B3_0058,062-2877-009-00,(housing-singleton),1,housing_singleton,B2024-00012,,high,B2024-00012,high,single,completion,housing_singleton,housing_singleton_kept,22
B3_0059,056-1998-040-00,(housing-singleton),1,housing_singleton,B2021-01581,,high,B2021-01581,high,single,completion,housing_singleton,housing_singleton_kept,22
B3_0060,060-2489-023-00,(housing-singleton),1,housing_singleton,B2025-03846,,high,B2025-03846,high,single,ancillary,housing_singleton,housing_singleton_kept,22
B3_0061,060-2466-085-00,(housing-singleton),1,housing_singleton,B2024-02383,,high,B2024-02383,high,single,ancillary,housing_singleton,housing_singleton_kept,22
B3_0062,062-2914-041-01,(housing-singleton),1,housing_singleton,B2025-05481,,high,B2025-05481,high,single,completion,housing_singleton,housing_singleton_kept,22
B3_0064,063-2985-049-00,(housing-singleton),1,housing_singleton,B2016-03666,,high,B2016-03666,high,single,completion,housing_singleton,housing_singleton_kept,22
B3_0066,052-1556-003-00,Building 2,1,building_label,B2019-05540,,high,B2019-05540,high,single,completion,label_singleton,labeled_singleton,22
B3_0067,056-1940-026-00,(housing-singleton),1,housing_singleton,B2023-05709,1.0,high,B2023-05709,high,single,completion,housing_singleton,housing_singleton_kept,22
B3_0068,062-2920-018-00,(housing-singleton),1,housing_singleton,B2024-04444,,high,B2024-04444,high,single,ancillary,housing_singleton,housing_singleton_kept,22
B3_0069,058-2155-002-00,(housing-singleton),1,housing_singleton,B2024-05636,,high,B2024-05636,high,single,ancillary,housing_singleton,housing_singleton_kept,22
B3_0070,060-2447-019-00,(housing-singleton),1,housing_singleton,B2025-02177,,high,B2025-02177,high,single,completion,housing_singleton,housing_singleton_kept,22
B3_0072,061-2588-006-00,(housing-singleton),1,housing_singleton,B2025-05066,,high,B2025-05066,high,single,ancillary,housing_singleton,housing_singleton_kept,22
B3_0073,059-2285-022-00,(housing-singleton),1,housing_singleton,B2023-00752,,high,B2023-00752,high,single,ancillary,housing_singleton,housing_singleton_kept,22
B3_0077,061-2598-029-00,(housing-singleton),1,housing_singleton,B2024-00547,,high,B2024-00547,high,single,completion,housing_singleton,housing_singleton_kept,22
B3_0079,054-1806-014-00,(housing-singleton),1,housing_singleton,B2024-03827,,high,B2024-03827,high,single,completion,housing_singleton,housing_singleton_kept,22
B3_0082,058-2153-011-00,(housing-singleton),1,housing_singleton,B2024-04715,,high,B2024-04715,high,single,completion,housing_singleton,housing_singleton_kept,22
B3_0083,060-2466-090-00,(housing-singleton),1,housing_singleton,B2023-04841,,high,B2023-04841,high,single,ancillary,housing_singleton,housing_singleton_kept,22
B3_0084,059-2254-016-00,(housing-singleton),1,housing_singleton,B2023-03724,,high,B2023-03724,high,single,ancillary,housing_singleton,housing_singleton_kept,22
B3_0086,056-1929-020-00,(housing-singleton),1,housing_singleton,B2025-05426,,high,B2025-05426,high,single,ancillary,housing_singleton,housing_singleton_kept,22
B3_0088,056-1999-021-00,(housing-singleton),1,housing_singleton,B2025-02326,,high,B2025-02326,high,single,completion,housing_singleton,housing_singleton_kept,22
B3_0090,061-2569-011-00,(housing-singleton),1,housing_singleton,B2024-00714,,high,B2024-00714,high,single,completion,housing_singleton,housing_singleton_kept,22
B3_0091,055-1841-028-00,(housing-singleton),1,housing_singleton,B2016-03285,,high,B2016-03285,high,single,completion,housing_singleton,housing_singleton_kept,22
B3_0092,064-4251-015-00,(housing-singleton),1,housing_singleton,B2023-02134,,high,B2023-02134,high,single,ancillary,housing_singleton,housing_singleton_kept,22
B3_0093,056-1991-001-13,(housing-singleton),1,housing_singleton,B2024-02959,,high,B2024-02959,high,single,ancillary,housing_singleton,housing_singleton_kept,22
B3_0094,055-1831-029-00,(housing-singleton),1,housing_singleton,B2025-04153,,high,B2025-04153,high,single,ancillary,housing_singleton,housing_singleton_kept,22
B3_0095,053-1635-021-00,Building D,1,building_label,B2018-00018,,high,B2018-00018,high,single,completion,label_singleton,labeled_singleton,22
B3_0097,060-2487-049-00,(housing-singleton),1,housing_singleton,B2025-00338,,high,B2025-00338,high,single,ancillary,housing_singleton,housing_singleton_kept,22
B3_0099,060-2393-001-00,(housing-singleton),1,housing_singleton,B2021-01034,,high,B2021-01034,high,single,completion,housing_singleton,housing_singleton_kept,22
B3_0100,055-1832-107-00,(housing-singleton),1,housing_singleton,B2023-01868,,high,B2023-01868,high,single,completion,housing_singleton,housing_singleton_kept,22
B3_0101,055-1839-015-01,(housing-singleton),1,housing_singleton,B2024-02051,,high,B2024-02051,high,single,completion,housing_singleton,housing_singleton_kept,22
B3_0102,059-2329-008-00,(housing-singleton),1,housing_singleton,B2025-00492,,high,B2025-00492,high,single,ancillary,housing_singleton,housing_singleton_kept,22
B3_0103,058-2168-024-00,(housing-singleton),1,housing_singleton,B2022-04090,,high,B2022-04090,high,single,completion,housing_singleton,housing_singleton_kept,22
B3_0104,054-1811-013-00,(housing-singleton),1,housing_singleton,B2022-05445,,high,B2022-05445,high,single,completion,housing_singleton,housing_singleton_kept,22
B3_0106,056-1976-026-00,(housing-singleton),1,housing_singleton,B2023-00851,,high,B2023-00851,high,single,completion,housing_singleton,housing_singleton_kept,22
B3_0108,056-1940-009-01,(housing-singleton),1,housing_singleton,B2025-05788,,high,B2025-05788,high,single,completion,housing_singleton,housing_singleton_kept,22
B3_0111,064-4251-029-00,(housing-singleton),1,housing_singleton,B2022-05659,,high,B2022-05659,high,single,ancillary,housing_singleton,housing_singleton_kept,22
B3_0112,060-2416-062-00,(housing-singleton),1,housing_singleton,B2025-04967,,high,B2025-04967,high,single,completion,housing_singleton,housing_singleton_kept,22
B3_0114,055-1903-010-00,(housing-singleton),1,housing_singleton,B2025-04789,,high,B2025-04789,high,single,ancillary,housing_singleton,housing_singleton_kept,22
B3_0115,054-1792-031-00,(housing-singleton),1,housing_singleton,B2017-05024,,high,B2017-05024,high,single,completion,housing_singleton,housing_singleton_kept,22
B3_0116,059-2250-038-00,(housing-singleton),1,housing_singleton,B2024-04860,,high,B2024-04860,high,single,completion,housing_singleton,housing_singleton_kept,22
B3_0117,060-2406-016-00,(housing-singleton),1,housing_singleton,B2025-04928,,high,B2025-04928,high,single,completion,housing_singleton,housing_singleton_kept,22
B3_0118,056-2003-012-00,(housing-singleton),1,housing_singleton,B2025-04250,,high,B2025-04250,high,single,completion,housing_singleton,housing_singleton_kept,22
B3_0119,055-1913-058-00,(housing-singleton),1,housing_singleton,B2024-04651,,high,B2024-04651,high,single,completion,housing_singleton,housing_singleton_kept,22
B3_0120,063-2953-008-00,(housing-singleton),1,housing_singleton,B2025-01107,,high,B2025-01107,high,single,completion,housing_singleton,housing_singleton_kept,22
B3_0121,054-1803-013-00,(housing-singleton),1,housing_singleton,B2025-01646,,high,B2025-01646,high,single,completion,housing_singleton,housing_singleton_kept,22
B3_0122,060-2416-015-00,(housing-singleton),1,housing_singleton,B2024-01938,,high,B2024-01938,high,single,completion,housing_singleton,housing_singleton_kept,22
B3_0123,063-2972-003-00,(housing-singleton),1,housing_singleton,B2023-04855,,high,B2023-04855,high,single,ancillary,housing_singleton,housing_singleton_kept,22
B3_0127,052-1560-031-00,(housing-singleton),1,housing_singleton,B2022-03446,,high,B2022-03446,high,single,completion,housing_singleton,housing_singleton_kept,22
B3_0130,061-2574-007-00,(housing-singleton),1,housing_singleton,B2023-03337,,high,B2023-03337,high,single,completion,housing_singleton,housing_singleton_kept,22
B3_0131,056-1938-029-00,(housing-singleton),1,housing_singleton,B2024-00257,,high,B2024-00257,high,single,completion,housing_singleton,housing_singleton_kept,22
B3_0133,063-2984-050-00,(housing-singleton),1,housing_singleton,B2023-04629,,high,B2023-04629,high,single,ancillary,housing_singleton,housing_singleton_kept,22
B3_0134,063-2975-020-00,(housing-singleton),1,housing_singleton,B2023-00462,,high,B2023-00462,high,single,ancillary,housing_singleton,housing_singleton_kept,22
B3_0135,055-1914-022-00,(housing-singleton),1,housing_singleton,B2025-01463,,high,B2025-01463,high,single,completion,housing_singleton,housing_singleton_kept,22
B3_0136,062-2889-033-00,(housing-singleton),1,housing_singleton,B2023-02026,,high,B2023-02026,high,single,ancillary,housing_singleton,housing_singleton_kept,22
B3_0138,062-2874-008-00,(housing-singleton),1,housing_singleton,B2024-00678,,high,B2024-00678,high,single,completion,housing_singleton,housing_singleton_kept,22
B3_0139,052-1556-024-00,(housing-singleton),1,housing_singleton,B2019-05479,,high,B2019-05479,high,single,completion,housing_singleton,housing_singleton_kept,22
B3_0140,060-2490-045-06,(housing-singleton),1,housing_singleton,B2024-02183,,high,B2024-02183,high,single,ancillary,housing_singleton,housing_singleton_kept,22
B3_0141,057-2090-004-00,(housing-singleton),1,housing_singleton,B2025-00890,,high,B2025-00890,high,single,completion,housing_singleton,housing_singleton_kept,22
B3_0142,062-2949-037-00,(housing-singleton),1,housing_singleton,B2024-05629,,high,B2024-05629,high,single,completion,housing_singleton,housing_singleton_kept,22
B3_0143,060-2448-027-02,(housing-singleton),1,housing_singleton,B2025-05262,,high,B2025-05262,high,single,ancillary,housing_singleton,housing_singleton_kept,22
B3_0144,062-2903-020-01,(housing-singleton),1,housing_singleton,B2022-04187,,high,B2022-04187,high,single,ancillary,housing_singleton,housing_singleton_kept,22
B3_0145,056-1918-025-00,(housing-singleton),1,housing_singleton,B2021-04273,,high,B2021-04273,high,single,ancillary,housing_singleton,housing_singleton_kept,22
B3_0147,060-2493-037-00,(housing-singleton),1,housing_singleton,B2023-00751,,high,B2023-00751,high,single,completion,housing_singleton,housing_singleton_kept,22
B3_0148,053-1698-021-00,(housing-singleton),1,housing_singleton,B2024-04044,,high,B2024-04044,high,single,completion,housing_singleton,housing_singleton_kept,22
B3_0150,052-1518-012-00,(housing-singleton),1,housing_singleton,B2024-00336,,high,B2024-00336,high,single,ancillary,housing_singleton,housing_singleton_kept,22
B3_0152,062-2901-012-01,(housing-singleton),1,housing_singleton,B2023-04288,,high,B2023-04288,high,single,completion,housing_singleton,housing_singleton_kept,22
B3_0153,059-2279-016-00,(housing-singleton),1,housing_singleton,B2025-05288,,high,B2025-05288,high,single,ancillary,housing_singleton,housing_singleton_kept,22
B3_0157,058-2121-004-00,Building A,1,building_label,B2017-05298,,high,B2017-05298,high,single,completion,label_singleton,labeled_singleton,22
B3_0162,059-2251-012-00,(housing-singleton),1,housing_singleton,B2025-00437,,high,B2025-00437,high,single,ancillary,housing_singleton,housing_singleton_kept,22
B3_0164,059-2286-100-00,(housing-singleton),1,housing_singleton,B2023-00226,,high,B2023-00226,high,single,completion,housing_singleton,housing_singleton_kept,22
B3_0165,060-2466-040-00,(housing-singleton),1,housing_singleton,B2023-04692,,high,B2023-04692,high,single,completion,housing_singleton,housing_singleton_kept,22
B3_0166,060-2489-006-00,(housing-singleton),1,housing_singleton,B2024-01651,,high,B2024-01651,high,single,ancillary,housing_singleton,housing_singleton_kept,22
B3_0167,063-3110-100-00,(housing-singleton),1,housing_singleton,B2016-02874,,high,B2016-02874,high,single,completion,housing_singleton,housing_singleton_kept,22
B3_0168,060-2436-020-00,(housing-singleton),1,housing_singleton,B2025-00739,,high,B2025-00739,high,single,ancillary,housing_singleton,housing_singleton_kept,22
B3_0169,057-2046-006-00,Building A,1,building_label,B2015-03000-REV03,,high,B2015-03000-REV03,high,single,revision,multi,revision_family,22
B3_0172,060-2451-003-00,(housing-singleton),1,housing_singleton,B2024-05952,,high,B2024-05952,high,single,completion,housing_singleton,housing_singleton_kept,22
B3_0173,058-2194-008-00,(housing-singleton),1,xref/base,B2017-01244,,high,B2017-01244,high,single,ancillary,housing_singleton,housing_singleton_kept,22
B3_0174,063-3140-111-00,(housing-singleton),1,housing_singleton,B2019-04599,,high,B2019-04599,high,single,completion,housing_singleton,housing_singleton_kept,22
B3_0176,063-3110-115-00,(housing-singleton),1,housing_singleton,B2024-00882,,high,B2024-00882,high,single,completion,housing_singleton,housing_singleton_kept,22
B3_0177,053-1591-005-00,(housing-singleton),1,housing_singleton,B2024-01573,,high,B2024-01573,high,single,ancillary,housing_singleton,housing_singleton_kept,22
B3_0178,053-1663-009-00,(housing-singleton),1,housing_singleton,B2024-01681,,high,B2024-01681,high,single,ancillary,housing_singleton,housing_singleton_kept,22
B3_0179,056-1973-015-00,(housing-singleton),1,housing_singleton,B2024-04584,,high,B2024-04584,high,single,ancillary,housing_singleton,housing_singleton_kept,22
B3_0180,056-1931-005-00,(housing-singleton),1,housing_singleton,B2025-03772,,high,B2025-03772,high,single,ancillary,housing_singleton,housing_singleton_kept,22
B3_0181,060-2409-055-00,(housing-singleton),1,housing_singleton,B2022-04050,,high,B2022-04050,high,single,completion,housing_singleton,housing_singleton_kept,22
B3_0182,060-2416-002-00,(housing-singleton),1,housing_singleton,B2025-02247,,high,B2025-02247,high,single,completion,housing_singleton,housing_singleton_kept,22
B3_0183,055-1889-001-00,(housing-singleton),1,housing_singleton,B2025-03010,,high,B2025-03010,high,single,completion,housing_singleton,housing_singleton_kept,22
B3_0184,054-1791-008-00,(housing-singleton),1,housing_singleton,B2024-04590,,high,B2024-04590,high,single,completion,housing_singleton,housing_singleton_kept,22
B3_0185,060-2490-018-02,(housing-singleton),1,housing_singleton,B2024-01718,,high,B2024-01718,high,single,ancillary,housing_singleton,housing_singleton_kept,22
B3_0186,058-2169-010-00,(housing-singleton),1,housing_singleton,B2025-01889,,high,B2025-01889,high,single,completion,housing_singleton,housing_singleton_kept,22
B3_0187,054-1783-001-00,(housing-singleton),1,housing_singleton,B2025-04958,,high,B2025-04958,high,single,ancillary,housing_singleton,housing_singleton_kept,22
B3_0188,063-2952-067-00,(housing-singleton),1,housing_singleton,B2024-04512,,high,B2024-04512,high,single,completion,housing_singleton,housing_singleton_kept,22
B3_0190,058-2195-023-00,(housing-singleton),1,housing_singleton,B2024-05078,,high,B2024-05078,high,single,ancillary,housing_singleton,housing_singleton_kept,22
B3_0193,060-2469-012-02,(housing-singleton),1,housing_singleton,B2025-02084,,high,B2025-02084,high,single,ancillary,housing_singleton,housing_singleton_kept,22
B3_0194,060-2466-053-00,(housing-singleton),1,housing_singleton,B2018-02060,,high,B2018-02060,high,single,completion,housing_singleton,housing_singleton_kept,22
B3_0195,056-1937-014-00,(housing-singleton),1,housing_singleton,B2023-04322,,high,B2023-04322,high,single,completion,housing_singleton,housing_singleton_kept,22
B3_0196,062-2915-026-00,(housing-singleton),1,housing_singleton,B2025-04632,,high,B2025-04632,high,single,completion,housing_singleton,housing_singleton_kept,22
B3_0197,054-1739-013-00,(housing-singleton),1,housing_singleton,B2020-03986,,high,B2020-03986,high,single,completion,housing_singleton,housing_singleton_kept,22
B3_0201,054-1742-081-00,(housing-singleton),1,housing_singleton,B2024-03873,,high,B2024-03873,high,single,completion,housing_singleton,housing_singleton_kept,22
B3_0202,064-4249-002-00,(housing-singleton),1,housing_singleton,B2019-05539,,high,B2019-05539,high,single,completion,housing_singleton,housing_singleton_kept,22
B3_0203,060-2403-022-00,(housing-singleton),1,housing_singleton,B2023-00406,,high,B2023-00406,high,single,completion,housing_singleton,housing_singleton_kept,22
B3_0204,058-2176-001-01,(housing-singleton),1,housing_singleton,B2023-00774,72.0,high,B2023-00774,high,single,completion,housing_singleton,housing_singleton_kept,22
B3_0205,059-2253-003-00,(housing-singleton),1,housing_singleton,B2021-03186,,high,B2021-03186,high,single,completion,housing_singleton,housing_singleton_kept,22
B3_0206,059-2286-134-00,(housing-singleton),1,housing_singleton,B2024-05870,,high,B2024-05870,high,single,ancillary,housing_singleton,housing_singleton_kept,22
B3_0209,056-1919-018-00,(housing-singleton),1,housing_singleton,B2025-01192,,high,B2025-01192,high,single,completion,housing_singleton,housing_singleton_kept,22
B3_0210,054-1784-011-00,(housing-singleton),1,housing_singleton,B2025-01253,,high,B2025-01253,high,single,completion,housing_singleton,housing_singleton_kept,22
B3_0211,054-1811-017-00,(housing-singleton),1,housing_singleton,B2025-05563,,high,B2025-05563,high,single,ancillary,housing_singleton,housing_singleton_kept,22
B3_0215,058-2121-004-00,Building A,1,building_label,B2017-05297,,high,B2017-05297,high,single,completion,label_singleton,labeled_singleton,22
B3_0216,058-2120-023-01,(housing-singleton),1,housing_singleton,B2019-00878,,high,B2019-00878,high,single,completion,housing_singleton,housing_singleton_kept,22
B3_0218,052-1549-005-00,(housing-singleton),1,housing_singleton,B2023-01965,,high,B2023-01965,high,single,completion,housing_singleton,housing_singleton_kept,22
B3_0219,057-2072-002-00,(housing-singleton),1,housing_singleton,B2013-05175,,high,B2013-05175,high,single,completion,housing_singleton,housing_singleton_kept,22
B3_0220,053-1633-001-01,(housing-singleton),1,xref/base,B2020-04316,78.0,high,B2020-04316,high,single,completion,housing_singleton,housing_singleton_kept,22
B3_0221,060-2429-004-00,(housing-singleton),1,housing_singleton,B2023-04838,,high,B2023-04838,high,single,completion,housing_singleton,housing_singleton_kept,22
B3_0223,056-1995-007-00,(housing-singleton),1,housing_singleton,B2022-04178,,high,B2022-04178,high,single,ancillary,housing_singleton,housing_singleton_kept,22
B3_0225,060-2391-057-01,(housing-singleton),1,housing_singleton,B2017-02359,,high,B2017-02359,high,single,completion,housing_singleton,housing_singleton_kept,22
B3_0227,052-1544-002-00,(housing-singleton),1,housing_singleton,B2022-04102,,high,B2022-04102,high,single,completion,housing_singleton,housing_singleton_kept,22
B3_0228,060-2404-002-00,(housing-singleton),1,housing_singleton,B2023-00112,,high,B2023-00112,high,single,completion,housing_singleton,housing_singleton_kept,22
B3_0229,058-2133-031-00,(housing-singleton),1,housing_singleton,B2023-04751,,high,B2023-04751,high,single,completion,housing_singleton,housing_singleton_kept,22
B3_0230,060-2433-018-00,(housing-singleton),1,housing_singleton,B2024-01282,,high,B2024-01282,high,single,completion,housing_singleton,housing_singleton_kept,22
B3_0231,060-2493-040-00,(housing-singleton),1,housing_singleton,B2024-01730,,high,B2024-01730,high,single,ancillary,housing_singleton,housing_singleton_kept,22
B3_0232,064-4222-003-00,(housing-singleton),1,housing_singleton,B2023-00345,,high,B2023-00345,high,single,completion,housing_singleton,housing_singleton_kept,22
B3_0233,063-2965-013-00,(housing-singleton),1,housing_singleton,B2024-03852,,high,B2024-03852,high,single,completion,housing_singleton,housing_singleton_kept,22
B3_0235,057-2075-020-00,(housing-singleton),1,housing_singleton,B2025-05794,,high,B2025-05794,high,single,ancillary,housing_singleton,housing_singleton_kept,22
B3_0236,060-2437-010-00,(housing-singleton),1,housing_singleton,B2024-03717,,high,B2024-03717,high,single,ancillary,housing_singleton,housing_singleton_kept,22
B3_0238,053-1667-003-00,(housing-singleton),1,housing_singleton,B2020-04057,,high,B2020-04057,high,single,completion,housing_singleton,housing_singleton_kept,22
B3_0241,057-2023-025-00,(housing-singleton),1,housing_singleton,B2018-04293,,high,B2018-04293,high,single,completion,housing_singleton,housing_singleton_kept,22
B3_0242,061-2576-007-00,(housing-singleton),1,housing_singleton,B2024-01040,,high,B2024-01040,high,single,completion,housing_singleton,housing_singleton_kept,22
B3_0243,063-2983-025-00,(housing-singleton),1,housing_singleton,B2020-01774,,high,B2020-01774,high,single,completion,housing_singleton,housing_singleton_kept,22
B3_0245,062-2895-016-00,(housing-singleton),1,housing_singleton,B2017-04059,,high,B2017-04059,high,single,completion,housing_singleton,housing_singleton_kept,22
B3_0246,058-2158-013-00,(housing-singleton),1,housing_singleton,B2025-04485,,high,B2025-04485,high,single,ancillary,housing_singleton,housing_singleton_kept,22
B3_0249,058-2158-036-00,(housing-singleton),1,housing_singleton,B2025-04647,,high,B2025-04647,high,single,sitework,housing_singleton,housing_singleton_kept,22
B3_0250,054-1807-003-00,(housing-singleton),1,housing_singleton,B2017-00166,,high,B2017-00166,high,single,ancillary,housing_singleton,housing_singleton_kept,22
B3_0251,055-1832-075-00,(housing-singleton),1,housing_singleton,B2023-03162,,high,B2023-03162,high,single,completion,housing_singleton,housing_singleton_kept,22
B3_0252,059-2253-023-00,(housing-singleton),1,housing_singleton,B2022-00550,,high,B2022-00550,high,single,completion,housing_singleton,housing_singleton_kept,22
B3_0253,053-1612-008-01,(housing-singleton),1,housing_singleton,B2023-02195,,high,B2023-02195,high,single,ancillary,housing_singleton,housing_singleton_kept,22
B3_0255,058-2177-007-08,(housing-singleton),1,housing_singleton,B2024-05138,,high,B2024-05138,high,single,ancillary,housing_singleton,housing_singleton_kept,22
B3_0257,062-2888-031-00,(housing-singleton),1,housing_singleton,B2022-03481,,high,B2022-03481,high,single,completion,housing_singleton,housing_singleton_kept,22
B3_0259,057-2082-004-08,(housing-singleton),1,housing_singleton,B2023-05663,,high,B2023-05663,high,single,ancillary,housing_singleton,housing_singleton_kept,22
B3_0260,054-1784-005-00,(housing-singleton),1,housing_singleton,B2024-00615,,high,B2024-00615,high,single,ancillary,housing_singleton,housing_singleton_kept,22
B3_0262,060-2417-063-00,(housing-singleton),1,housing_singleton,B2017-04855,,high,B2017-04855,high,single,completion,housing_singleton,housing_singleton_kept,22
B3_0263,058-2152-010-01,(housing-singleton),1,housing_singleton,B2023-03410,,high,B2023-03410,high,single,ancillary,housing_singleton,housing_singleton_kept,22
B3_0264,052-1445-036-00,(housing-singleton),1,housing_singleton,B2023-05658,,high,B2023-05658,high,single,completion,housing_singleton,housing_singleton_kept,22
B3_0265,060-2465-002-00,(housing-singleton),1,housing_singleton,B2024-04068,,high,B2024-04068,high,single,completion,housing_singleton,housing_singleton_kept,22
B3_0266,058-2165-006-00,(housing-singleton),1,housing_singleton,B2022-04877,,high,B2022-04877,high,single,ancillary,housing_singleton,housing_singleton_kept,22
B3_0267,055-1853-054-00,(housing-singleton),1,housing_singleton,B2025-00767,,high,B2025-00767,high,single,completion,housing_singleton,housing_singleton_kept,22
B3_0271,057-2086-057-00,(housing-singleton),1,housing_singleton,B2025-04001,,high,B2025-04001,high,single,ancillary,housing_singleton,housing_singleton_kept,22
B3_0273,061-2563-006-08,(housing-singleton),1,housing_singleton,B2024-03098,,high,B2024-03098,high,single,completion,housing_singleton,housing_singleton_kept,22
B3_0274,058-2125-029-00,(housing-singleton),1,housing_singleton,B2019-00458,,high,B2019-00458,high,single,completion,housing_singleton,housing_singleton_kept,22
B3_0275,059-2270-006-00,(housing-singleton),1,housing_singleton,B2018-02818,,high,B2018-02818,high,single,completion,housing_singleton,housing_singleton_kept,22
B3_0276,053-1686-036-00,(housing-singleton),1,housing_singleton,B2022-04742,,high,B2022-04742,high,single,ancillary,housing_singleton,housing_singleton_kept,22
B3_0277,058-2134-018-00,(housing-singleton),1,housing_singleton,B2023-04400,,high,B2023-04400,high,single,completion,housing_singleton,housing_singleton_kept,22
B3_0278,058-2145-038-00,(housing-singleton),1,housing_singleton,B2025-00753,,high,B2025-00753,high,single,completion,housing_singleton,housing_singleton_kept,22
B3_0279,059-2271-026-00,(housing-singleton),1,housing_singleton,B2025-02919,,high,B2025-02919,high,single,completion,housing_singleton,housing_singleton_kept,22
B3_0280,060-2416-050-00,(housing-singleton),1,housing_singleton,B2021-01096,,high,B2021-01096,high,single,completion,housing_singleton,housing_singleton_kept,22
B3_0281,058-2245-018-03,(housing-singleton),1,housing_singleton,B2024-02255,,high,B2024-02255,high,single,completion,housing_singleton,housing_singleton_kept,22
B3_0282,058-2182-039-00,(housing-singleton),1,housing_singleton,B2025-00395,,high,B2025-00395,high,single,ancillary,housing_singleton,housing_singleton_kept,22
B3_0283,054-1711-015-00,(housing-singleton),1,housing_singleton,B2023-05128,,high,B2023-05128,high,single,ancillary,housing_singleton,housing_singleton_kept,22
B3_0284,055-1912-016-00,(housing-singleton),1,housing_singleton,B2025-01899,,high,B2025-01899,high,single,completion,housing_singleton,housing_singleton_kept,22
B3_0285,061-2610-021-00,(housing-singleton),1,housing_singleton,B2025-04936,,high,B2025-04936,high,single,ancillary,housing_singleton,housing_singleton_kept,22
B3_0286,057-2086-013-00,(housing-singleton),1,housing_singleton,B2021-00030,,high,B2021-00030,high,single,sitework,housing_singleton,housing_singleton_kept,22
B3_0287,060-2437-008-00,(housing-singleton),1,housing_singleton,B2018-03582,,high,B2018-03582,high,single,completion,housing_singleton,housing_singleton_kept,22
B3_0288,060-2393-015-00,(housing-singleton),1,housing_singleton,B2019-05628,,high,B2019-05628,high,single,completion,housing_singleton,housing_singleton_kept,22
B3_0290,063-3110-023-00,(housing-singleton),1,housing_singleton,B2022-00618,,high,B2022-00618,high,single,ancillary,housing_singleton,housing_singleton_kept,22
B3_0291,056-1987-030-00,(housing-singleton),1,housing_singleton,B2018-03254,,high,B2018-03254,high,single,completion,housing_singleton,housing_singleton_kept,22
B3_0292,054-1715-017-00,(housing-singleton),1,housing_singleton,B2025-02974,,high,B2025-02974,high,single,ancillary,housing_singleton,housing_singleton_kept,22
B3_0293,060-2485-039-00,(housing-singleton),1,housing_singleton,B2025-03809,,high,B2025-03809,high,single,ancillary,housing_singleton,housing_singleton_kept,22
B3_0295,053-1669-024-00,(housing-singleton),1,housing_singleton,B2018-03850,,high,B2018-03850,high,single,completion,housing_singleton,housing_singleton_kept,22
B3_0296,063-2956-036-00,(housing-singleton),1,housing_singleton,B2023-03865,,high,B2023-03865,high,single,completion,housing_singleton,housing_singleton_kept,22
B3_0297,062-2900-017-00,(housing-singleton),1,housing_singleton,B2024-00554,,high,B2024-00554,high,single,completion,housing_singleton,housing_singleton_kept,22
B3_0298,052-1565-096-00,(housing-singleton),1,housing_singleton,B2024-05935,,high,B2024-05935,high,single,ancillary,housing_singleton,housing_singleton_kept,22
B3_0299,053-1701-039-00,(housing-singleton),1,housing_singleton,B2022-05216,,high,B2022-05216,high,single,completion,housing_singleton,housing_singleton_kept,22
B3_0300,056-1938-021-00,(housing-singleton),1,housing_singleton,B2023-03452,,high,B2023-03452,high,single,ancillary,housing_singleton,housing_singleton_kept,22
B3_0302,063-2984-028-00,(housing-singleton),1,housing_singleton,B2025-04735,,high,B2025-04735,high,single,completion,housing_singleton,housing_singleton_kept,22
B3_0303,057-2023-017-01,(housing-singleton),1,housing_singleton,B2016-03148,,high,B2016-03148,high,single,completion,housing_singleton,housing_singleton_kept,22
B3_0304,061-2607-005-00,(housing-singleton),1,housing_singleton,B2023-00513,,high,B2023-00513,high,single,completion,housing_singleton,housing_singleton_kept,22
B3_0306,063-2979-041-00,(housing-singleton),1,housing_singleton,B2024-03604,,high,B2024-03604,high,single,completion,housing_singleton,housing_singleton_kept,22
B3_0307,052-1584-033-00,(housing-singleton),1,housing_singleton,B2025-02816,,high,B2025-02816,high,single,ancillary,housing_singleton,housing_singleton_kept,22
B3_0308,061-2588-040-00,(housing-singleton),1,housing_singleton,B2023-05604,,high,B2023-05604,high,single,ancillary,housing_singleton,housing_singleton_kept,22
B3_0309,058-2198-009-00,(housing-singleton),1,housing_singleton,B2025-05045,,high,B2025-05045,high,single,ancillary,housing_singleton,housing_singleton_kept,22
B3_0311,064-4239-008-00,(housing-singleton),1,housing_singleton,B2024-04413,,high,B2024-04413,high,single,completion,housing_singleton,housing_singleton_kept,22
B3_0312,055-1877-019-02,(housing-singleton),1,xref/base,B2019-00478,117.0,high,B2019-00478,high,single,completion,housing_singleton,housing_singleton_kept,22
B3_0313,052-1574-049-00,(housing-singleton),1,housing_singleton,B2021-01398,,high,B2021-01398,high,single,completion,housing_singleton,housing_singleton_kept,22
B3_0314,064-4295-035-00,(housing-singleton),1,housing_singleton,B2022-04432,,high,B2022-04432,high,single,ancillary,housing_singleton,housing_singleton_kept,22
B3_0315,064-4244-017-00,(housing-singleton),1,housing_singleton,B2017-00002,,high,B2017-00002,high,single,sitework,housing_singleton,housing_singleton_kept,22
B3_0317,052-1563-009-00,(housing-singleton),1,housing_singleton,B2022-04831,,high,B2022-04831,high,single,ancillary,housing_singleton,housing_singleton_kept,22
B3_0319,056-1983-003-00,(housing-singleton),1,housing_singleton,B2024-00406,,high,B2024-00406,high,single,sitework,housing_singleton,housing_singleton_kept,22
B3_0320,060-2492-007-00,(housing-singleton),1,housing_singleton,B2025-01172,,high,B2025-01172,high,single,ancillary,housing_singleton,housing_singleton_kept,22
B3_0322,061-2588-036-02,(housing-singleton),1,housing_singleton,B2022-00926,,high,B2022-00926,high,single,completion,housing_singleton,housing_singleton_kept,22
B3_0323,056-1997-004-00,(housing-singleton),1,housing_singleton,B2025-01768,,high,B2025-01768,high,single,ancillary,housing_singleton,housing_singleton_kept,22
B3_0324,053-1606-021-00,(housing-singleton),1,housing_singleton,B2023-02047,,high,B2023-02047,high,single,sitework,housing_singleton,housing_singleton_kept,22
B3_0325,053-1691-024-00,(housing-singleton),1,housing_singleton,B2021-04655,,high,B2021-04655,high,single,completion,housing_singleton,housing_singleton_kept,22
B3_0326,058-2197-020-00,(housing-singleton),1,housing_singleton,B2024-03970,,high,B2024-03970,high,single,ancillary,housing_singleton,housing_singleton_kept,22
B3_0327,058-2130-021-00,(housing-singleton),1,housing_singleton,B2025-05123,,high,B2025-05123,high,single,ancillary,housing_singleton,housing_singleton_kept,22
B3_0330,052-1563-087-00,(housing-singleton),1,housing_singleton,B2023-03338,,high,B2023-03338,high,single,completion,housing_singleton,housing_singleton_kept,22
B3_0331,053-1624-005-00,(housing-singleton),1,housing_singleton,B2022-00438,,high,B2022-00438,high,single,completion,housing_singleton,housing_singleton_kept,22
B3_0332,057-2068-008-00,(housing-singleton),1,housing_singleton,B2025-01317,,high,B2025-01317,high,single,completion,housing_singleton,housing_singleton_kept,22
B3_0334,055-1905-021-00,(housing-singleton),1,housing_singleton,B2019-00717,,high,B2019-00717,high,single,completion,housing_singleton,housing_singleton_kept,22
B3_0335,054-1742-089-00,(housing-singleton),1,housing_singleton,B2022-04898,,high,B2022-04898,high,single,completion,housing_singleton,housing_singleton_kept,22
B3_0336,053-1701-032-00,(housing-singleton),1,housing_singleton,B2023-03936,,high,B2023-03936,high,single,completion,housing_singleton,housing_singleton_kept,22
B3_0337,061-2558-012-00,(housing-singleton),1,housing_singleton,B2023-04840,,high,B2023-04840,high,single,completion,housing_singleton,housing_singleton_kept,22
B3_0338,058-2144-022-00,(housing-singleton),1,housing_singleton,B2025-05803,,high,B2025-05803,high,single,completion,housing_singleton,housing_singleton_kept,22
B3_0340,063-3140-107-00,(housing-singleton),1,housing_singleton,B2024-01360,,high,B2024-01360,high,single,completion,housing_singleton,housing_singleton_kept,22
B3_0341,058-2156-003-00,(housing-singleton),1,housing_singleton,B2024-02889,,high,B2024-02889,high,single,completion,housing_singleton,housing_singleton_kept,22
B3_0343,058-2158-030-00,(housing-singleton),1,housing_singleton,B2020-01421,,high,B2020-01421,high,single,completion,housing_singleton,housing_singleton_kept,22
B3_0344,055-1830-010-01,(housing-singleton),1,housing_singleton,B2020-00823,,high,B2020-00823,high,single,sitework,housing_singleton,housing_singleton_kept,22
B3_0345,055-1912-034-00,(housing-singleton),1,housing_singleton,B2020-04134,,high,B2020-04134,high,single,completion,housing_singleton,housing_singleton_kept,22
B3_0346,060-2433-001-00,(housing-singleton),1,housing_singleton,B2024-04037,,high,B2024-04037,high,single,completion,housing_singleton,housing_singleton_kept,22
B3_0347,060-2490-025-00,(housing-singleton),1,housing_singleton,B2025-03862,,high,B2025-03862,high,single,ancillary,housing_singleton,housing_singleton_kept,22
B3_0348,052-1521-009-00,(housing-singleton),1,housing_singleton,B2024-00890,,high,B2024-00890,high,single,completion,housing_singleton,housing_singleton_kept,22
B3_0349,063-2986-057-00,(housing-singleton),1,housing_singleton,B2025-03885,,high,B2025-03885,high,single,completion,housing_singleton,housing_singleton_kept,22
B3_0352,058-2145-049-00,(housing-singleton),1,housing_singleton,B2025-03437,,high,B2025-03437,high,single,completion,housing_singleton,housing_singleton_kept,22
B3_0353,053-1673-005-00,(housing-singleton),1,housing_singleton,B2023-02290,,high,B2023-02290,high,single,completion,housing_singleton,housing_singleton_kept,22
B3_0354,062-2923-039-00,(housing-singleton),1,housing_singleton,B2022-02066,,high,B2022-02066,high,single,ancillary,housing_singleton,housing_singleton_kept,22
B3_0355,063-3100-001-00,(housing-singleton),1,housing_singleton,B2025-05549,,high,B2025-05549,high,single,ancillary,housing_singleton,housing_singleton_kept,22
B3_0356,064-4250-007-00,(housing-singleton),1,housing_singleton,B2025-00314,,high,B2025-00314,high,single,completion,housing_singleton,housing_singleton_kept,22
B3_0357,055-1903-005-00,(housing-singleton),1,housing_singleton,B2025-01577,,high,B2025-01577,high,single,completion,housing_singleton,housing_singleton_kept,22
B3_0359,057-2069-023-00,(housing-singleton),1,housing_singleton,B2018-03239,,high,B2018-03239,high,single,completion,housing_singleton,housing_singleton_kept,22
B3_0360,053-1672-021-01,(housing-singleton),1,housing_singleton,B2021-03756,,high,B2021-03756,high,single,completion,housing_singleton,housing_singleton_kept,22
B3_0361,055-1905-006-00,(housing-singleton),1,housing_singleton,B2023-03470,,high,B2023-03470,high,single,completion,housing_singleton,housing_singleton_kept,22
B3_0362,061-2609-023-00,(housing-singleton),1,housing_singleton,B2020-02775,,high,B2020-02775,high,single,sitework,housing_singleton,housing_singleton_kept,22
B3_0363,057-2089-008-03,(housing-singleton),1,housing_singleton,B2023-00836,,high,B2023-00836,high,single,completion,housing_singleton,housing_singleton_kept,22
B3_0364,060-2407-013-00,(housing-singleton),1,housing_singleton,B2025-00755,,high,B2025-00755,high,single,completion,housing_singleton,housing_singleton_kept,22
B3_0365,063-2965-008-00,(housing-singleton),1,housing_singleton,B2025-03097,,high,B2025-03097,high,single,ancillary,housing_singleton,housing_singleton_kept,22
B3_0367,061-2588-008-00,(housing-singleton),1,housing_singleton,B2024-03222,,high,B2024-03222,high,single,completion,housing_singleton,housing_singleton_kept,22
B3_0368,061-2588-020-00,(housing-singleton),1,housing_singleton,B2024-04189,,high,B2024-04189,high,single,completion,housing_singleton,housing_singleton_kept,22
B3_0369,058-2153-012-00,(housing-singleton),1,xref/base,B2022-01742,,high,B2022-01742,high,single,completion,housing_singleton,housing_singleton_kept,22
B3_0370,057-2081-015-00,(housing-singleton),1,housing_singleton,B2025-01000,,high,B2025-01000,high,single,ancillary,housing_singleton,housing_singleton_kept,22
B3_0372,052-1574-076-00,(housing-singleton),1,housing_singleton,B2019-02303,,high,B2019-02303,high,single,completion,housing_singleton,housing_singleton_kept,22
B3_0373,063-2984-048-00,(housing-singleton),1,housing_singleton,B2025-03518,,high,B2025-03518,high,single,ancillary,housing_singleton,housing_singleton_kept,22
B3_0375,058-2247-016-00,(housing-singleton),1,xref/base,B2018-04470,,high,B2018-04470,high,single,completion,housing_singleton,housing_singleton_kept,22
B3_0377,060-2493-024-01,(housing-singleton),1,housing_singleton,B2024-01578,,high,B2024-01578,high,single,ancillary,housing_singleton,housing_singleton_kept,22
B3_0378,062-2940-019-00,(housing-singleton),1,housing_singleton,B2024-04244,,high,B2024-04244,high,single,completion,housing_singleton,housing_singleton_kept,22
B3_0382,060-2489-026-00,(housing-singleton),1,housing_singleton,B2025-03857,,high,B2025-03857,high,single,ancillary,housing_singleton,housing_singleton_kept,22
B3_0383,054-1742-043-00,(housing-singleton),1,housing_singleton,B2017-00305,,high,B2017-00305,high,single,completion,housing_singleton,housing_singleton_kept,22
B3_0385,053-1595-005-00,(housing-singleton),1,housing_singleton,B2025-05610,,high,B2025-05610,high,single,ancillary,housing_singleton,housing_singleton_kept,22
B3_0386,058-2125-023-00,(housing-singleton),1,housing_singleton,B2021-04514,,high,B2021-04514,high,single,completion,housing_singleton,housing_singleton_kept,22
B3_0387,059-2292-029-00,(housing-singleton),1,housing_singleton,B2024-02715,,high,B2024-02715,high,single,completion,housing_singleton,housing_singleton_kept,22
B3_0388,052-1574-050-00,(housing-singleton),1,housing_singleton,B2025-02650,,high,B2025-02650,high,single,ancillary,housing_singleton,housing_singleton_kept,22
B3_0391,058-2209-023-00,(housing-singleton),1,housing_singleton,B2023-06015,,high,B2023-06015,high,single,completion,housing_singleton,housing_singleton_kept,22
B3_0392,062-2862-002-00,(housing-singleton),1,housing_singleton,B2023-00352,,high,B2023-00352,high,single,completion,housing_singleton,housing_singleton_kept,22
B3_0393,055-1820-024-00,(housing-singleton),1,housing_singleton,B2024-02261,,high,B2024-02261,high,single,completion,housing_singleton,housing_singleton_kept,22
B3_0395,061-2608-015-00,(housing-singleton),1,housing_singleton,B2025-04004,,high,B2025-04004,high,single,completion,housing_singleton,housing_singleton_kept,22
B3_0398,058-2204-006-00,(housing-singleton),1,housing_singleton,B2024-04906,,high,B2024-04906,high,single,ancillary,housing_singleton,housing_singleton_kept,22
B3_0400,058-2139-030-00,(housing-singleton),1,housing_singleton,B2025-03925,,high,B2025-03925,high,single,completion,housing_singleton,housing_singleton_kept,22
B3_0401,053-1610-020-00,(housing-singleton),1,housing_singleton,B2022-01691,,high,B2022-01691,high,single,completion,housing_singleton,housing_singleton_kept,22
B3_0402,054-1796-017-00,(housing-singleton),1,housing_singleton,B2023-00691,,high,B2023-00691,high,single,ancillary,housing_singleton,housing_singleton_kept,22
B3_0403,060-2445-036-00,(housing-singleton),1,housing_singleton,B2025-04889,,high,B2025-04889,high,single,completion,housing_singleton,housing_singleton_kept,22
B3_0405,057-2062-016-00,(housing-singleton),1,xref/base,B2020-03901,,high,B2020-03901,high,single,completion,housing_singleton,housing_singleton_kept,22
B3_0408,056-1998-068-00,(housing-singleton),1,housing_singleton,B2024-01145,,high,B2024-01145,high,single,completion,housing_singleton,housing_singleton_kept,22
B3_0409,058-2124-023-00,(housing-singleton),1,housing_singleton,B2016-04204,,high,B2016-04204,high,single,completion,housing_singleton,housing_singleton_kept,22
B3_0410,053-1628-042-00,(housing-singleton),1,housing_singleton,B2024-04732,,high,B2024-04732,high,single,ancillary,housing_singleton,housing_singleton_kept,22
B3_0411,055-1862-043-00,(housing-singleton),1,housing_singleton,B2024-02822,,high,B2024-02822,high,single,completion,housing_singleton,housing_singleton_kept,22
B3_0413,056-2000-024-00,(housing-singleton),1,housing_singleton,B2024-01897,,high,B2024-01897,high,single,completion,housing_singleton,housing_singleton_kept,22
B3_0414,053-1671-025-00,(housing-singleton),1,housing_singleton,B2022-00885,,high,B2022-00885,high,single,completion,housing_singleton,housing_singleton_kept,22
B3_0415,059-2257-006-00,(housing-singleton),1,housing_singleton,B2024-06085,,high,B2024-06085,high,single,completion,housing_singleton,housing_singleton_kept,22
B3_0417,061-2563-002-00,(housing-singleton),1,housing_singleton,B2024-00200,,high,B2024-00200,high,single,ancillary,housing_singleton,housing_singleton_kept,22
B3_0418,059-2249-021-01,(housing-singleton),1,housing_singleton,B2024-03804,,high,B2024-03804,high,single,completion,housing_singleton,housing_singleton_kept,22
B3_0419,059-2286-070-00,(housing-singleton),1,housing_singleton,B2025-03979,,high,B2025-03979,high,single,completion,housing_singleton,housing_singleton_kept,22
B3_0420,058-2160-023-00,(housing-singleton),1,housing_singleton,B2023-02281,,high,B2023-02281,high,single,completion,housing_singleton,housing_singleton_kept,22
B3_0422,052-1582-004-00,(housing-singleton),1,housing_singleton,B2022-05356,,high,B2022-05356,high,single,completion,housing_singleton,housing_singleton_kept,22
B3_0423,058-2125-008-00,(housing-singleton),1,housing_singleton,B2025-02295,,high,B2025-02295,high,single,completion,housing_singleton,housing_singleton_kept,22
B3_0424,053-1606-026-00,(housing-singleton),1,housing_singleton,B2020-04188,3.0,high,B2020-04188,high,single,completion,housing_singleton,housing_singleton_kept,22
B3_0425,056-1995-010-01,(housing-singleton),1,housing_singleton,B2023-04155,,high,B2023-04155,high,single,completion,housing_singleton,housing_singleton_kept,22
B3_0426,052-1526-010-00,(housing-singleton),1,housing_singleton,B2024-03075,,high,B2024-03075,high,single,completion,housing_singleton,housing_singleton_kept,22
B3_0429,053-1701-062-00,(housing-singleton),1,housing_singleton,B2025-05953,,high,B2025-05953,high,single,completion,housing_singleton,housing_singleton_kept,22
B3_0430,062-2944-011-00,(housing-singleton),1,housing_singleton,B2018-03952,,high,B2018-03952,high,single,completion,housing_singleton,housing_singleton_kept,22
B3_0431,060-2489-013-00,(housing-singleton),1,housing_singleton,B2022-00992,,high,B2022-00992,high,single,ancillary,housing_singleton,housing_singleton_kept,22
B3_0432,056-1919-057-00,(housing-singleton),1,housing_singleton,B2024-04153,,high,B2024-04153,high,single,completion,housing_singleton,housing_singleton_kept,22
B3_0433,060-2494-010-00,(housing-singleton),1,housing_singleton,B2023-02778,,high,B2023-02778,high,single,completion,housing_singleton,housing_singleton_kept,22
B3_0434,053-1698-006-00,(housing-singleton),1,housing_singleton,B2021-01297,,high,B2021-01297,high,single,completion,housing_singleton,housing_singleton_kept,22
B3_0435,061-2576-035-04,(housing-singleton),1,housing_singleton,B2023-02840,,high,B2023-02840,high,single,completion,housing_singleton,housing_singleton_kept,22
B3_0436,055-1825-012-00,(housing-singleton),1,housing_singleton,B2025-05569,,high,B2025-05569,high,single,ancillary,housing_singleton,housing_singleton_kept,22
B3_0438,060-2489-018-00,(housing-singleton),1,housing_singleton,B2025-00114,,high,B2025-00114,high,single,ancillary,housing_singleton,housing_singleton_kept,22
B3_0440,054-1786-009-00,(housing-singleton),1,housing_singleton,B2017-03179,,high,B2017-03179,high,single,completion,housing_singleton,housing_singleton_kept,22
B3_0441,055-1902-024-00,(housing-singleton),1,housing_singleton,B2019-03192,,high,B2019-03192,high,single,completion,housing_singleton,housing_singleton_kept,22
B3_0442,059-2313-008-00,(housing-singleton),1,housing_singleton,B2020-01463,,high,B2020-01463,high,single,completion,housing_singleton,housing_singleton_kept,22
B3_0443,061-2576-018-00,(housing-singleton),1,housing_singleton,B2022-03172,,high,B2022-03172,high,single,completion,housing_singleton,housing_singleton_kept,22
B3_0444,062-2940-008-00,(housing-singleton),1,housing_singleton,B2024-01453,,high,B2024-01453,high,single,ancillary,housing_singleton,housing_singleton_kept,22
B3_0445,058-2163-014-00,(housing-singleton),1,housing_singleton,B2023-03480,,high,B2023-03480,high,single,completion,housing_singleton,housing_singleton_kept,22
B3_0446,061-2614-004-00,(housing-singleton),1,housing_singleton,B2022-00963,,high,B2022-00963,high,single,ancillary,housing_singleton,housing_singleton_kept,22
B3_0447,064-4229-019-00,(housing-singleton),1,housing_singleton,B2019-04517,1.0,high,B2019-04517,high,single,completion,housing_singleton,housing_singleton_kept,22
B3_0449,063-2980-012-00,(housing-singleton),1,housing_singleton,B2024-05085,,high,B2024-05085,high,single,ancillary,housing_singleton,housing_singleton_kept,22
B3_0452,057-2117-004-01,Building A,1,building_label,B2024-04504,,high,B2024-04504,high,single,completion,label_singleton,labeled_singleton,22
B3_0453,059-2325-006-00,Building A,1,building_label,B2019-01863,,high,B2019-01863,high,single,completion,multi,-,22
B3_0454,059-2325-006-05,Building B,1,building_label,B2019-03782,,high,B2019-03782,high,single,completion,multi,-,22
B3_0455,059-2325-006-05,Building C,1,building_label,B2019-03783,,high,B2019-03783,high,single,completion,multi,-,22
B3_0456,059-2325-006-00,Building D,1,building_label,B2019-01349,,high,B2019-01349,high,single,completion,multi,-,22
B3_0458,058-2208-001-05,(housing-singleton),1,housing_singleton,B2022-05022,,high,B2022-05022,high,single,completion,housing_singleton,housing_singleton_kept,22
B3_0459,058-2142-001-00,(housing-singleton),1,housing_singleton,B2025-04576,,high,B2025-04576,high,single,completion,housing_singleton,housing_singleton_kept,22
B3_0460,063-2964-017-01,(housing-singleton),1,housing_singleton,B2023-01605,,high,B2023-01605,high,single,completion,housing_singleton,housing_singleton_kept,22
B3_0461,058-2128-022-00,(housing-singleton),1,housing_singleton,B2025-00809,,high,B2025-00809,high,single,ancillary,housing_singleton,housing_singleton_kept,22
B3_0462,055-1816-012-00,(housing-singleton),1,housing_singleton,B2021-00733,,high,B2021-00733,high,single,completion,housing_singleton,housing_singleton_kept,22
B3_0463,054-1805-028-02,(housing-singleton),1,housing_singleton,B2025-04191,,high,B2025-04191,high,single,ancillary,housing_singleton,housing_singleton_kept,22
B3_0465,054-1770-008-01,Building 69,1,building_label,B2024-00936,,high,B2024-00936,high,single,completion,label_singleton,labeled_singleton,22
B3_0466,062-2901-006-00,(housing-singleton),1,housing_singleton,B2025-03394,,high,B2025-03394,high,single,completion,housing_singleton,housing_singleton_kept,22
B3_0467,063-2963-038-00,(housing-singleton),1,housing_singleton,B2025-00271,,high,B2025-00271,high,single,completion,housing_singleton,housing_singleton_kept,22
B3_0468,058-2142-007-00,(housing-singleton),1,housing_singleton,B2024-04152,,high,B2024-04152,high,single,completion,housing_singleton,housing_singleton_kept,22
B3_0469,057-2085-024-00,(housing-singleton),1,housing_singleton,B2025-02723,,high,B2025-02723,high,single,ancillary,housing_singleton,housing_singleton_kept,22
B3_0470,053-1607-015-00,(housing-singleton),1,housing_singleton,B2022-02366,,high,B2022-02366,high,single,completion,housing_singleton,housing_singleton_kept,22
B3_0471,064-4251-020-00,(housing-singleton),1,housing_singleton,B2022-04660,,high,B2022-04660,high,single,ancillary,housing_singleton,housing_singleton_kept,22
B3_0473,053-1693-017-00,(housing-singleton),1,housing_singleton,B2025-03766,,high,B2025-03766,high,single,completion,housing_singleton,housing_singleton_kept,22
B3_0474,055-1903-023-00,(housing-singleton),1,housing_singleton,B2023-00458,,high,B2023-00458,high,single,ancillary,housing_singleton,housing_singleton_kept,22
B3_0475,056-1915-007-00,(housing-singleton),1,housing_singleton,B2023-00332,,high,B2023-00332,high,single,completion,housing_singleton,housing_singleton_kept,22
B3_0478,060-2427-033-00,(housing-singleton),1,housing_singleton,B2023-02972,,high,B2023-02972,high,single,completion,housing_singleton,housing_singleton_kept,22
B3_0479,059-2269-007-00,(housing-singleton),1,housing_singleton,B2022-03948,,high,B2022-03948,high,single,completion,housing_singleton,housing_singleton_kept,22
B3_0480,057-2017-016-01,(housing-singleton),1,housing_singleton,B2023-05989,,high,B2023-05989,high,single,completion,housing_singleton,housing_singleton_kept,22
B3_0481,062-2874-015-00,(housing-singleton),1,housing_singleton,B2022-02890,,high,B2022-02890,high,single,ancillary,housing_singleton,housing_singleton_kept,22
B3_0482,056-1916-008-00,(housing-singleton),1,housing_singleton,B2022-03629,,high,B2022-03629,high,single,completion,housing_singleton,housing_singleton_kept,22
B3_0483,061-2609-007-00,(housing-singleton),1,housing_singleton,B2020-02014,,high,B2020-02014,high,single,completion,housing_singleton,housing_singleton_kept,22
B3_0484,056-2011-018-00,(housing-singleton),1,housing_singleton,B2025-02883,,high,B2025-02883,high,single,completion,housing_singleton,housing_singleton_kept,22
B3_0485,053-1693-002-00,(housing-singleton),1,housing_singleton,B2024-02739,,high,B2024-02739,high,single,completion,housing_singleton,housing_singleton_kept,22
B3_0486,061-2620-006-00,(housing-singleton),1,housing_singleton,B2025-03128,,high,B2025-03128,high,single,ancillary,housing_singleton,housing_singleton_kept,22
B3_0487,057-2057-005-00,(housing-singleton),1,housing_singleton,B2021-03800,,high,B2021-03800,high,single,completion,housing_singleton,housing_singleton_kept,22
B3_0488,063-2978-052-00,(housing-singleton),1,housing_singleton,B2023-02217,,high,B2023-02217,high,single,completion,housing_singleton,housing_singleton_kept,22
B3_0489,060-2447-021-00,(housing-singleton),1,housing_singleton,B2023-02651,,high,B2023-02651,high,single,ancillary,housing_singleton,housing_singleton_kept,22
B3_0490,058-2140-010-00,(housing-singleton),1,housing_singleton,B2025-01282,,high,B2025-01282,high,single,ancillary,housing_singleton,housing_singleton_kept,22
B3_0491,054-1783-017-00,(housing-singleton),1,housing_singleton,B2021-04281,,high,B2021-04281,high,single,completion,housing_singleton,housing_singleton_kept,22
B3_0494,056-1932-023-00,(housing-singleton),1,housing_singleton,B2020-01988,,high,B2020-01988,high,single,sitework,housing_singleton,housing_singleton_kept,22
B3_0496,052-1573-009-00,(housing-singleton),1,housing_singleton,B2021-03815,,high,B2021-03815,high,single,completion,housing_singleton,housing_singleton_kept,22
B3_0497,054-1792-029-00,(housing-singleton),1,housing_singleton,B2018-03253,,high,B2018-03253,high,single,completion,housing_singleton,housing_singleton_kept,22
B3_0498,054-1795-015-00,(housing-singleton),1,housing_singleton,B2020-01300,,high,B2020-01300,high,single,completion,housing_singleton,housing_singleton_kept,22
B3_0499,058-2159-031-00,(housing-singleton),1,housing_singleton,B2018-03167,,high,B2018-03167,high,single,completion,housing_singleton,housing_singleton_kept,22
B3_0500,059-2254-019-00,(housing-singleton),1,housing_singleton,B2022-02373,,high,B2022-02373,high,single,ancillary,housing_singleton,housing_singleton_kept,22
B3_0501,063-3110-106-00,(housing-singleton),1,housing_singleton,B2024-00198,,high,B2024-00198,high,single,completion,housing_singleton,housing_singleton_kept,22
B3_0502,057-2018-007-00,(housing-singleton),1,housing_singleton,B2020-02346,,high,B2020-02346,high,single,completion,housing_singleton,housing_singleton_kept,22
B3_0503,056-1968-008-00,(housing-singleton),1,housing_singleton,B2020-02428,,high,B2020-02428,high,single,completion,housing_singleton,housing_singleton_kept,22
B3_0507,060-2469-081-00,(housing-singleton),1,housing_singleton,B2021-04722,,high,B2021-04722,high,single,ancillary,housing_singleton,housing_singleton_kept,22
B3_0508,064-4251-028-00,(housing-singleton),1,housing_singleton,B2023-00361,,high,B2023-00361,high,single,completion,housing_singleton,housing_singleton_kept,22
B3_0509,058-2137-001-00,(housing-singleton),1,housing_singleton,B2022-00304,,high,B2022-00304,high,single,completion,housing_singleton,housing_singleton_kept,22
B3_0510,053-1591-018-03,(housing-singleton),1,housing_singleton,B2021-02905,87.0,high,B2021-02905,high,single,completion,housing_singleton,housing_singleton_kept,22
B3_0511,058-2118-024-00,(housing-singleton),1,housing_singleton,B2024-03024,,high,B2024-03024,high,single,ancillary,housing_singleton,housing_singleton_kept,22
B3_0513,062-2885-035-00,(housing-singleton),1,housing_singleton,B2025-04436,,high,B2025-04436,high,single,ancillary,housing_singleton,housing_singleton_kept,22
B3_0514,053-1663-010-00,(housing-singleton),1,housing_singleton,B2024-01227,,high,B2024-01227,high,single,ancillary,housing_singleton,housing_singleton_kept,22
B3_0515,060-2438-042-00,(housing-singleton),1,housing_singleton,B2022-00422,,high,B2022-00422,high,single,completion,housing_singleton,housing_singleton_kept,22
B3_0516,061-2608-018-00,(housing-singleton),1,housing_singleton,B2025-03479,,high,B2025-03479,high,single,ancillary,housing_singleton,housing_singleton_kept,22
B3_0517,055-1904-033-00,(housing-singleton),1,housing_singleton,B2023-01058,,high,B2023-01058,high,single,completion,housing_singleton,housing_singleton_kept,22
B3_0518,053-1593-020-00,(housing-singleton),1,housing_singleton,B2025-01323,,high,B2025-01323,high,single,completion,housing_singleton,housing_singleton_kept,22
B3_0519,056-2010-013-00,(housing-singleton),1,housing_singleton,B2024-02549,,high,B2024-02549,high,single,completion,housing_singleton,housing_singleton_kept,22
B3_0520,052-1563-183-00,(housing-singleton),1,housing_singleton,B2025-01132,,high,B2025-01132,high,single,ancillary,housing_singleton,housing_singleton_kept,22
B3_0521,060-2493-057-01,(housing-singleton),1,housing_singleton,B2024-01579,,high,B2024-01579,high,single,ancillary,housing_singleton,housing_singleton_kept,22
B3_0522,060-2423-067-00,(housing-singleton),1,housing_singleton,B2025-00977,,high,B2025-00977,high,single,ancillary,housing_singleton,housing_singleton_kept,22
B3_0523,056-1916-021-00,(housing-singleton),1,housing_singleton,B2018-02487,,high,B2018-02487,high,single,completion,housing_singleton,housing_singleton_kept,22
B3_0524,062-2878-018-00,(housing-singleton),1,housing_singleton,B2025-04450,,high,B2025-04450,high,single,ancillary,housing_singleton,housing_singleton_kept,22
B3_0525,052-1516-009-00,(housing-singleton),1,housing_singleton,B2022-05695,,high,B2022-05695,high,single,completion,housing_singleton,housing_singleton_kept,22
B3_0528,052-1563-038-00,(housing-singleton),1,housing_singleton,B2016-02228,,high,B2016-02228,high,single,completion,housing_singleton,housing_singleton_kept,22
B3_0531,062-2870-010-00,(housing-singleton),1,housing_singleton,B2024-00570,,high,B2024-00570,high,single,completion,housing_singleton,housing_singleton_kept,22
B3_0532,061-2610-019-00,(housing-singleton),1,housing_singleton,B2024-02153,,high,B2024-02153,high,single,completion,housing_singleton,housing_singleton_kept,22
B3_0533,052-1559-022-00,(housing-singleton),1,housing_singleton,B2024-03207,,high,B2024-03207,high,single,completion,housing_singleton,housing_singleton_kept,22
B3_0534,058-2171-026-00,(housing-singleton),1,housing_singleton,B2024-05174,,high,B2024-05174,high,single,ancillary,housing_singleton,housing_singleton_kept,22
B3_0535,052-1565-096-00,(housing-singleton),1,housing_singleton,B2025-03442,,high,B2025-03442,high,single,completion,housing_singleton,housing_singleton_kept,22
B3_0536,060-2487-027-00,(housing-singleton),1,housing_singleton,B2022-01995,,high,B2022-01995,high,single,completion,housing_singleton,housing_singleton_kept,22
B3_0537,056-1975-009-00,Building A,1,building_label,B2018-01573,1.0,high,B2018-01573,high,single,completion,label_singleton,labeled_singleton,22
B3_0538,057-2015-016-00,(housing-singleton),1,housing_singleton,B2022-03877,,high,B2022-03877,high,single,completion,housing_singleton,housing_singleton_kept,22
B3_0539,057-2076-016-00,(housing-singleton),1,housing_singleton,B2024-04739,,high,B2024-04739,high,single,completion,housing_singleton,housing_singleton_kept,22
B3_0540,062-2849-009-00,(housing-singleton),1,housing_singleton,B2024-05833,,high,B2024-05833,high,single,completion,housing_singleton,housing_singleton_kept,22
B3_0541,062-2891-006-00,(housing-singleton),1,housing_singleton,B2022-03349,,high,B2022-03349,high,single,ancillary,housing_singleton,housing_singleton_kept,22
B3_0542,054-1742-063-00,(housing-singleton),1,housing_singleton,B2025-04318,,high,B2025-04318,high,single,completion,housing_singleton,housing_singleton_kept,22
B3_0543,061-2602-026-00,(housing-singleton),1,housing_singleton,B2024-00058,,high,B2024-00058,high,single,completion,housing_singleton,housing_singleton_kept,22
B3_0544,063-2964-017-01,(housing-singleton),1,housing_singleton,B2022-04836,,high,B2022-04836,high,single,ancillary,housing_singleton,housing_singleton_kept,22
B3_0545,054-1795-018-00,(housing-singleton),1,housing_singleton,B2022-03080,,high,B2022-03080,high,single,sitework,housing_singleton,housing_singleton_kept,22
B3_0546,061-2553-001-00,(housing-singleton),1,housing_singleton,B2023-02423,,high,B2023-02423,high,single,ancillary,housing_singleton,housing_singleton_kept,22
B3_0547,058-2158-005-00,(housing-singleton),1,housing_singleton,B2024-05631,,high,B2024-05631,high,single,completion,housing_singleton,housing_singleton_kept,22
B3_0551,056-1965-012-00,(housing-singleton),1,housing_singleton,B2022-04862,,high,B2022-04862,high,single,completion,housing_singleton,housing_singleton_kept,22
B3_0552,060-2487-029-00,(housing-singleton),1,housing_singleton,B2024-01594,,high,B2024-01594,high,single,ancillary,housing_singleton,housing_singleton_kept,22
B3_0554,058-2144-022-00,(housing-singleton),1,housing_singleton,B2022-05789,,high,B2022-05789,high,single,completion,housing_singleton,housing_singleton_kept,22
B3_0556,056-1969-021-00,(housing-singleton),1,housing_singleton,B2024-01163,,high,B2024-01163,high,single,completion,housing_singleton,housing_singleton_kept,22
B3_0557,060-2438-028-00,(housing-singleton),1,housing_singleton,B2022-02628,,high,B2022-02628,high,single,completion,housing_singleton,housing_singleton_kept,22
B3_0558,058-2167-003-00,(housing-singleton),1,housing_singleton,B2022-01120,,high,B2022-01120,high,single,completion,housing_singleton,housing_singleton_kept,22
B3_0559,052-1559-012-00,(housing-singleton),1,housing_singleton,B2020-01052,,high,B2020-01052,high,single,completion,housing_singleton,housing_singleton_kept,22
B3_0561,056-1940-026-00,(housing-singleton),1,housing_singleton,B2022-05925,,high,B2022-05925,high,single,completion,housing_singleton,housing_singleton_kept,22
B3_0562,057-2049-006-00,(housing-singleton),1,housing_singleton,B2024-05529,,high,B2024-05529,high,single,ancillary,housing_singleton,housing_singleton_kept,22
B3_0564,052-1521-013-00,(housing-singleton),1,housing_singleton,B2025-05677,,high,B2025-05677,high,single,ancillary,housing_singleton,housing_singleton_kept,22
B3_0567,058-2159-033-00,(housing-singleton),1,housing_singleton,B2018-05070,,high,B2018-05070,high,single,completion,housing_singleton,housing_singleton_kept,22
B3_0568,052-1565-027-00,(housing-singleton),1,housing_singleton,B2023-03980,,high,B2023-03980,high,single,ancillary,housing_singleton,housing_singleton_kept,22
B3_0569,055-1912-031-00,(housing-singleton),1,housing_singleton,B2020-02678,,high,B2020-02678,high,single,completion,housing_singleton,housing_singleton_kept,22
B3_0570,060-2429-009-00,(housing-singleton),1,housing_singleton,B2024-01931,,high,B2024-01931,high,single,completion,housing_singleton,housing_singleton_kept,22
B3_0571,058-2164-007-00,(housing-singleton),1,housing_singleton,B2025-00436,,high,B2025-00436,high,single,completion,housing_singleton,housing_singleton_kept,22
B3_0572,064-4252-040-00,(housing-singleton),1,housing_singleton,B2023-00153,,high,B2023-00153,high,single,completion,housing_singleton,housing_singleton_kept,22
B3_0573,060-2466-033-00,(housing-singleton),1,housing_singleton,B2018-00885,,high,B2018-00885,high,single,completion,housing_singleton,housing_singleton_kept,22
B3_0574,061-2573-006-00,(housing-singleton),1,housing_singleton,B2024-04346,,high,B2024-04346,high,single,completion,housing_singleton,housing_singleton_kept,22
B3_0575,055-1830-013-00,(housing-singleton),1,housing_singleton,B2023-05329,,high,B2023-05329,high,single,ancillary,housing_singleton,housing_singleton_kept,22
B3_0576,058-2118-024-00,Building 1728,1,building_label,B2024-02886,,high,B2024-02886,high,single,ancillary,label_singleton,labeled_singleton,22
B3_0577,053-1594-004-00,(housing-singleton),1,housing_singleton,B2024-03130,,high,B2024-03130,high,single,completion,housing_singleton,housing_singleton_kept,22
B3_0579,063-2968-001-00,(housing-singleton),1,housing_singleton,B2024-05835,,high,B2024-05835,high,single,completion,housing_singleton,housing_singleton_kept,22
B3_0581,053-1697-001-00,(housing-singleton),1,housing_singleton,B2025-01498,,high,B2025-01498,high,single,ancillary,housing_singleton,housing_singleton_kept,22
B3_0582,057-2060-016-00,(housing-singleton),1,housing_singleton,B2016-04789,,high,B2016-04789,high,single,completion,housing_singleton,housing_singleton_kept,22
B3_0584,063-2969-034-35,(housing-singleton),1,housing_singleton,B2019-05487,,high,B2019-05487,high,single,completion,housing_singleton,housing_singleton_kept,22
B3_0585,060-2489-033-00,(housing-singleton),1,housing_singleton,B2025-03812,,high,B2025-03812,high,single,ancillary,housing_singleton,housing_singleton_kept,22
B3_0586,054-1792-031-00,(housing-singleton),1,housing_singleton,B2017-05026,,high,B2017-05026,high,single,completion,housing_singleton,housing_singleton_kept,22
B3_0587,057-2089-016-01,(housing-singleton),1,housing_singleton,B2019-05503,,high,B2019-05503,high,single,completion,housing_singleton,housing_singleton_kept,22
B3_0589,060-2399-008-00,(housing-singleton),1,housing_singleton,B2022-01168,,high,B2022-01168,high,single,completion,housing_singleton,housing_singleton_kept,22
B3_0590,059-2254-015-01,(housing-singleton),1,housing_singleton,B2024-05383,,high,B2024-05383,high,single,ancillary,housing_singleton,housing_singleton_kept,22
B3_0591,058-2130-033-00,(housing-singleton),1,housing_singleton,B2017-03440,,high,B2017-03440,high,single,completion,housing_singleton,housing_singleton_kept,22
B3_0593,060-2435-049-00,(housing-singleton),1,housing_singleton,B2021-01873,,high,B2021-01873,high,single,completion,housing_singleton,housing_singleton_kept,22
B3_0594,062-2867-030-00,(housing-singleton),1,housing_singleton,B2024-04151,,high,B2024-04151,high,single,completion,housing_singleton,housing_singleton_kept,22
B3_0597,059-2288-022-00,(housing-singleton),1,housing_singleton,B2024-04075,,high,B2024-04075,high,single,completion,housing_singleton,housing_singleton_kept,22
B3_0598,064-4245-017-00,(housing-singleton),1,xref/base,B2018-02206,,high,B2018-02206,high,single,completion,housing_singleton,housing_singleton_kept,22
B3_0599,060-2487-032-00,(housing-singleton),1,housing_singleton,B2024-01587,,high,B2024-01587,high,single,ancillary,housing_singleton,housing_singleton_kept,22
B3_0601,054-1726-009-00,(housing-singleton),1,housing_singleton,B2022-04991,,high,B2022-04991,high,single,ancillary,housing_singleton,housing_singleton_kept,22
B3_0602,059-2286-033-00,(housing-singleton),1,housing_singleton,B2023-04820,,high,B2023-04820,high,single,ancillary,housing_singleton,housing_singleton_kept,22
B3_0603,055-1909-026-00,(housing-singleton),1,housing_singleton,B2022-03622,,high,B2022-03622,high,single,completion,housing_singleton,housing_singleton_kept,22
B3_0604,056-1919-046-00,(housing-singleton),1,housing_singleton,B2025-01534,,high,B2025-01534,high,single,completion,housing_singleton,housing_singleton_kept,22
B3_0606,052-1565-094-00,(housing-singleton),1,housing_singleton,B2025-04812,,high,B2025-04812,high,single,completion,housing_singleton,housing_singleton_kept,22
B3_0607,061-2570-008-00,(housing-singleton),1,housing_singleton,B2024-06088,,high,B2024-06088,high,single,completion,housing_singleton,housing_singleton_kept,22
B3_0608,055-1898-011-00,(housing-singleton),1,housing_singleton,B2025-03206,,high,B2025-03206,high,single,completion,housing_singleton,housing_singleton_kept,22
B3_0609,060-2469-019-00,(housing-singleton),1,housing_singleton,B2023-03915,,high,B2023-03915,high,single,completion,housing_singleton,housing_singleton_kept,22
B3_0611,052-1583-013-00,(housing-singleton),1,housing_singleton,B2023-00031,,high,B2023-00031,high,single,ancillary,housing_singleton,housing_singleton_kept,22
B3_0612,053-1624-030-01,(housing-singleton),1,housing_singleton,B2018-02461,,high,B2018-02461,high,single,ancillary,housing_singleton,housing_singleton_kept,22
B3_0613,059-2331-005-00,(housing-singleton),1,housing_singleton,B2021-02085,,high,B2021-02085,high,single,sitework,housing_singleton,housing_singleton_kept,22
B3_0614,059-2286-141-00,(housing-singleton),1,housing_singleton,B2023-01657,,high,B2023-01657,high,single,completion,housing_singleton,housing_singleton_kept,22
B3_0615,053-1703-005-00,(housing-singleton),1,housing_singleton,B2024-00021,,high,B2024-00021,high,single,completion,housing_singleton,housing_singleton_kept,22
B3_0616,054-1742-058-00,(housing-singleton),1,housing_singleton,B2025-00109,,high,B2025-00109,high,single,completion,housing_singleton,housing_singleton_kept,22
B3_0617,052-1517-015-00,(housing-singleton),1,housing_singleton,B2021-02542,,high,B2021-02542,high,single,completion,housing_singleton,housing_singleton_kept,22
B3_0618,064-4251-032-00,(housing-singleton),1,housing_singleton,B2025-01063,,high,B2025-01063,high,single,completion,housing_singleton,housing_singleton_kept,22
B3_0619,059-2270-025-00,(housing-singleton),1,housing_singleton,B2022-04594,,high,B2022-04594,high,single,ancillary,housing_singleton,housing_singleton_kept,22
B3_0620,054-1702-075-00,(housing-singleton),1,housing_singleton,B2023-06498,,high,B2023-06498,high,single,completion,housing_singleton,housing_singleton_kept,22
B3_0622,061-2587-010-03,(housing-singleton),1,housing_singleton,B2023-05057,,high,B2023-05057,high,single,completion,housing_singleton,housing_singleton_kept,22
B3_0623,052-1517-025-00,(housing-singleton),1,housing_singleton,B2025-03771,,high,B2025-03771,high,single,completion,housing_singleton,housing_singleton_kept,22
B3_0624,058-2245-009-03,(housing-singleton),1,housing_singleton,B2020-03077,,high,B2020-03077,high,single,completion,housing_singleton,housing_singleton_kept,22
B3_0628,059-2291-037-01,(housing-singleton),1,housing_singleton,B2016-05136,,high,B2016-05136,high,single,completion,housing_singleton,housing_singleton_kept,22
B3_0629,061-2611-015-00,(housing-singleton),1,housing_singleton,B2024-02069,,high,B2024-02069,high,single,ancillary,housing_singleton,housing_singleton_kept,22
B3_0630,058-2211-015-02,(housing-singleton),1,housing_singleton,B2024-04051,,high,B2024-04051,high,single,ancillary,housing_singleton,housing_singleton_kept,22
B3_0631,060-2417-057-00,(housing-singleton),1,housing_singleton,B2023-00645,,high,B2023-00645,high,single,completion,housing_singleton,housing_singleton_kept,22
B3_0632,052-1438-004-00,(housing-singleton),1,housing_singleton,B2025-00879,,high,B2025-00879,high,single,ancillary,housing_singleton,housing_singleton_kept,22
B3_0633,060-2462-015-00,(housing-singleton),1,housing_singleton,B2023-02600,,high,B2023-02600,high,single,completion,housing_singleton,housing_singleton_kept,22
B3_0634,054-1795-021-00,(housing-singleton),1,housing_singleton,B2024-04073,,high,B2024-04073,high,single,ancillary,housing_singleton,housing_singleton_kept,22
B3_0635,063-3100-009-00,(housing-singleton),1,housing_singleton,B2023-04285,,high,B2023-04285,high,single,completion,housing_singleton,housing_singleton_kept,22
B3_0636,056-1994-049-01,(housing-singleton),1,housing_singleton,B2025-01650,,high,B2025-01650,high,single,completion,housing_singleton,housing_singleton_kept,22
B3_0637,054-1742-083-00,(housing-singleton),1,housing_singleton,B2025-03300,,high,B2025-03300,high,single,completion,housing_singleton,housing_singleton_kept,22
B3_0638,060-2474-001-02,(housing-singleton),1,housing_singleton,B2018-04067,,high,B2018-04067,high,single,completion,housing_singleton,housing_singleton_kept,22
B3_0639,062-2867-012-00,(housing-singleton),1,housing_singleton,B2025-04811,,high,B2025-04811,high,single,ancillary,housing_singleton,housing_singleton_kept,22
B3_0640,060-2492-012-01,(housing-singleton),1,housing_singleton,B2025-03850,,high,B2025-03850,high,single,ancillary,housing_singleton,housing_singleton_kept,22
B3_0642,060-2408-019-00,(housing-singleton),1,housing_singleton,B2021-03896,,high,B2021-03896,high,single,completion,housing_singleton,housing_singleton_kept,22
B3_0643,060-2486-020-00,(housing-singleton),1,housing_singleton,B2025-00310,,high,B2025-00310,high,single,ancillary,housing_singleton,housing_singleton_kept,22
B3_0644,054-1734-002-00,(housing-singleton),1,housing_singleton,B2024-03724,,high,B2024-03724,high,single,completion,housing_singleton,housing_singleton_kept,22
B3_0645,058-2145-032-00,(housing-singleton),1,housing_singleton,B2024-00501,,high,B2024-00501,high,single,ancillary,housing_singleton,housing_singleton_kept,22
B3_0646,054-1814-008-00,(housing-singleton),1,housing_singleton,B2023-02789,,high,B2023-02789,high,single,completion,housing_singleton,housing_singleton_kept,22
B3_0647,062-2942-055-00,(housing-singleton),1,housing_singleton,B2025-03257,,high,B2025-03257,high,single,completion,housing_singleton,housing_singleton_kept,22
B3_0651,063-2974-041-00,(housing-singleton),1,housing_singleton,B2019-01780,,high,B2019-01780,high,single,completion,housing_singleton,housing_singleton_kept,22
B3_0652,058-2154-031-00,(housing-singleton),1,housing_singleton,B2022-04278,,high,B2022-04278,high,single,completion,housing_singleton,housing_singleton_kept,22
B3_0653,063-2979-027-00,(housing-singleton),1,housing_singleton,B2023-01670,,high,B2023-01670,high,single,completion,housing_singleton,housing_singleton_kept,22
B3_0655,058-2152-009-00,(housing-singleton),1,housing_singleton,B2024-02141,,high,B2024-02141,high,single,ancillary,housing_singleton,housing_singleton_kept,22
B3_0656,062-2923-024-00,(housing-singleton),1,housing_singleton,B2019-00524,,high,B2019-00524,high,single,completion,housing_singleton,housing_singleton_kept,22
B3_0658,053-1607-014-00,(housing-singleton),1,housing_singleton,B2022-03033,,high,B2022-03033,high,single,completion,housing_singleton,housing_singleton_kept,22
B3_0659,055-1848-058-00,(housing-singleton),1,housing_singleton,B2023-01390,,high,B2023-01390,high,single,completion,housing_singleton,housing_singleton_kept,22
B3_0660,062-2867-021-00,(housing-singleton),1,housing_singleton,B2024-03875,,high,B2024-03875,high,single,completion,housing_singleton,housing_singleton_kept,22
B3_0661,060-2493-062-00,(housing-singleton),1,housing_singleton,B2024-01576,,high,B2024-01576,high,single,ancillary,housing_singleton,housing_singleton_kept,22
B3_0663,063-2963-015-00,(housing-singleton),1,housing_singleton,B2023-02288,,high,B2023-02288,high,single,completion,housing_singleton,housing_singleton_kept,22
B3_0664,056-1924-032-00,(housing-singleton),1,housing_singleton,B2023-05793,,high,B2023-05793,high,single,ancillary,housing_singleton,housing_singleton_kept,22
B3_0665,060-2482-023-00,(housing-singleton),1,housing_singleton,B2013-06041,,high,B2013-06041,high,single,completion,housing_singleton,housing_singleton_kept,22
B3_0667,062-2891-005-00,(housing-singleton),1,housing_singleton,B2025-02938,,high,B2025-02938,high,single,completion,housing_singleton,housing_singleton_kept,22
B3_0669,063-2975-033-00,(housing-singleton),1,housing_singleton,B2025-00205,,high,B2025-00205,high,single,ancillary,housing_singleton,housing_singleton_kept,22
B3_0670,060-2493-010-00,(housing-singleton),1,housing_singleton,B2019-05318,1.0,high,B2019-05318,high,single,completion,housing_singleton,housing_singleton_kept,22
B3_0671,064-4243-020-00,(housing-singleton),1,housing_singleton,B2022-04248,,high,B2022-04248,high,single,completion,housing_singleton,housing_singleton_kept,22
B3_0672,060-2478-006-00,(housing-singleton),1,housing_singleton,B2022-03693,,high,B2022-03693,high,single,completion,housing_singleton,housing_singleton_kept,22
B3_0673,059-2283-024-00,(housing-singleton),1,housing_singleton,B2023-04610,,high,B2023-04610,high,single,ancillary,housing_singleton,housing_singleton_kept,22
B3_0674,057-2018-027-00,(housing-singleton),1,housing_singleton,B2020-03753,,high,B2020-03753,high,single,completion,housing_singleton,housing_singleton_kept,22
B3_0675,060-2423-041-00,(housing-singleton),1,housing_singleton,B2022-01069,,high,B2022-01069,high,single,completion,housing_singleton,housing_singleton_kept,22
B3_0676,059-2325-003-01,(housing-singleton),1,housing_singleton,B2021-01330,,high,B2021-01330,high,single,completion,housing_singleton,housing_singleton_kept,22
B3_0678,055-1903-002-00,(housing-singleton),1,housing_singleton,B2022-02918,,high,B2022-02918,high,single,completion,housing_singleton,housing_singleton_kept,22
B3_0679,052-1547-009-00,(housing-singleton),1,housing_singleton,B2024-04226,,high,B2024-04226,high,single,ancillary,housing_singleton,housing_singleton_kept,22
B3_0680,056-1983-018-02,(housing-singleton),1,housing_singleton,B2017-04122,,high,B2017-04122,high,single,completion,housing_singleton,housing_singleton_kept,22
B3_0681,054-1787-023-00,(housing-singleton),1,housing_singleton,B2019-01241,,high,B2019-01241,high,single,completion,housing_singleton,housing_singleton_kept,22
B3_0682,060-2433-014-00,(housing-singleton),1,housing_singleton,B2023-01117,,high,B2023-01117,high,single,ancillary,housing_singleton,housing_singleton_kept,22
B3_0683,059-2253-057-00,(housing-singleton),1,housing_singleton,B2024-06052,,high,B2024-06052,high,single,ancillary,housing_singleton,housing_singleton_kept,22
B3_0684,058-2168-030-00,(housing-singleton),1,housing_singleton,B2025-02440,,high,B2025-02440,high,single,ancillary,housing_singleton,housing_singleton_kept,22
B3_0686,060-2492-010-01,(housing-singleton),1,housing_singleton,B2025-04012,,high,B2025-04012,high,single,ancillary,housing_singleton,housing_singleton_kept,22
B3_0687,061-2560-025-00,(housing-singleton),1,housing_singleton,B2024-05611,,high,B2024-05611,high,single,ancillary,housing_singleton,housing_singleton_kept,22
B3_0689,056-1939-006-00,(housing-singleton),1,housing_singleton,B2023-00880,,high,B2023-00880,high,single,completion,housing_singleton,housing_singleton_kept,22
B3_0690,063-2959-001-00,(housing-singleton),1,housing_singleton,B2024-02821,,high,B2024-02821,high,single,ancillary,housing_singleton,housing_singleton_kept,22
B3_0691,057-2068-022-00,(housing-singleton),1,housing_singleton,B2025-04002,,high,B2025-04002,high,single,completion,housing_singleton,housing_singleton_kept,22
B3_0692,063-3140-052-00,(housing-singleton),1,housing_singleton,B2025-04353,1.0,high,B2025-04353,high,single,completion,housing_singleton,housing_singleton_kept,22
B3_0693,058-2242-016-24,(housing-singleton),1,housing_singleton,B2018-00857,,high,B2018-00857,high,single,completion,housing_singleton,housing_singleton_kept,22
B3_0694,053-1615-016-00,(housing-singleton),1,housing_singleton,B2025-03906,,high,B2025-03906,high,single,ancillary,housing_singleton,housing_singleton_kept,22
B3_0695,056-1995-013-00,(housing-singleton),1,housing_singleton,B2024-04213,,high,B2024-04213,high,single,ancillary,housing_singleton,housing_singleton_kept,22
B3_0696,058-2118-024-00,(housing-singleton),1,housing_singleton,B2024-03018,,high,B2024-03018,high,single,ancillary,housing_singleton,housing_singleton_kept,22
B3_0697,059-2271-033-00,(housing-singleton),1,housing_singleton,B2019-04272,,high,B2019-04272,high,single,ancillary,housing_singleton,housing_singleton_kept,22
B3_0699,061-2617-004-00,(housing-singleton),1,housing_singleton,B2023-03231,,high,B2023-03231,high,single,ancillary,housing_singleton,housing_singleton_kept,22
B3_0700,055-1882-007-00,(housing-singleton),1,housing_singleton,B2023-06328,,high,B2023-06328,high,single,completion,housing_singleton,housing_singleton_kept,22
B3_0701,063-2963-059-00,(housing-singleton),1,housing_singleton,B2025-05057,,high,B2025-05057,high,single,ancillary,housing_singleton,housing_singleton_kept,22
B3_0702,054-1780-011-00,(housing-singleton),1,housing_singleton,B2022-02109,,high,B2022-02109,high,single,completion,housing_singleton,housing_singleton_kept,22
B3_0703,061-2606-003-00,(housing-singleton),1,housing_singleton,B2023-06468,,high,B2023-06468,high,single,ancillary,housing_singleton,housing_singleton_kept,22
B3_0704,059-2272-010-00,(housing-singleton),1,housing_singleton,B2022-03725,,high,B2022-03725,high,single,completion,housing_singleton,housing_singleton_kept,22
B3_0706,055-1910-029-00,(housing-singleton),1,housing_singleton,B2020-03762,,high,B2020-03762,high,single,completion,housing_singleton,housing_singleton_kept,22
B3_0707,059-2286-036-00,(housing-singleton),1,housing_singleton,B2022-04334,,high,B2022-04334,high,single,completion,housing_singleton,housing_singleton_kept,22
B3_0708,061-2564-007-00,(housing-singleton),1,housing_singleton,B2024-05866,,high,B2024-05866,high,single,completion,housing_singleton,housing_singleton_kept,22
B3_0709,056-1928-004-00,(housing-singleton),1,housing_singleton,B2024-02620,,high,B2024-02620,high,single,completion,housing_singleton,housing_singleton_kept,22
B3_0711,053-1671-009-00,(housing-singleton),1,housing_singleton,B2024-00699,,high,B2024-00699,high,single,completion,housing_singleton,housing_singleton_kept,22
B3_0713,060-2489-003-00,(housing-singleton),1,housing_singleton,B2024-01580,,high,B2024-01580,high,single,ancillary,housing_singleton,housing_singleton_kept,22
B3_0714,054-1737-013-00,(housing-singleton),1,housing_singleton,B2022-03318,,high,B2022-03318,high,single,ancillary,housing_singleton,housing_singleton_kept,22
B3_0716,053-1693-036-00,(housing-singleton),1,housing_singleton,B2024-05982,,high,B2024-05982,high,single,completion,housing_singleton,housing_singleton_kept,22
B3_0717,054-1796-002-00,(housing-singleton),1,housing_singleton,B2024-04774,,high,B2024-04774,high,single,completion,housing_singleton,housing_singleton_kept,22
B3_0719,062-2888-032-00,(housing-singleton),1,housing_singleton,B2023-02777,,high,B2023-02777,high,single,completion,housing_singleton,housing_singleton_kept,22
B3_0720,053-1672-008-00,(housing-singleton),1,housing_singleton,B2023-05525,,high,B2023-05525,high,single,completion,housing_singleton,housing_singleton_kept,22
B3_0721,053-1701-018-00,(housing-singleton),1,housing_singleton,B2025-01928,,high,B2025-01928,high,single,completion,housing_singleton,housing_singleton_kept,22
B3_0723,062-2885-005-00,(housing-singleton),1,housing_singleton,B2023-05893,,high,B2023-05893,high,single,ancillary,housing_singleton,housing_singleton_kept,22
B3_0724,061-2584-018-00,(housing-singleton),1,housing_singleton,B2025-05729,,high,B2025-05729,high,single,ancillary,housing_singleton,housing_singleton_kept,22
B3_0725,063-2978-032-01,(housing-singleton),1,housing_singleton,B2025-00754,,high,B2025-00754,high,single,completion,housing_singleton,housing_singleton_kept,22
B3_0726,063-2974-035-00,(housing-singleton),1,housing_singleton,B2024-04637,,high,B2024-04637,high,single,completion,housing_singleton,housing_singleton_kept,22
B3_0728,055-1863-002-00,(housing-singleton),1,housing_singleton,B2023-03056,,high,B2023-03056,high,single,ancillary,housing_singleton,housing_singleton_kept,22
B3_0730,061-2563-002-00,(housing-singleton),1,housing_singleton,B2024-03335,,high,B2024-03335,high,single,completion,housing_singleton,housing_singleton_kept,22
B3_0732,054-1806-014-00,(housing-singleton),1,xref/base,B2025-04086,,high,B2025-04086,high,single,ancillary,housing_singleton,housing_singleton_kept,22
B3_0734,057-2075-022-00,(housing-singleton),1,housing_singleton,B2024-06025,,high,B2024-06025,high,single,completion,housing_singleton,housing_singleton_kept,22
B3_0735,056-1995-030-00,(housing-singleton),1,housing_singleton,B2023-04908,,high,B2023-04908,high,single,completion,housing_singleton,housing_singleton_kept,22
B3_0736,058-2243-001-07,(housing-singleton),1,housing_singleton,B2023-01634,,high,B2023-01634,high,single,ancillary,housing_singleton,housing_singleton_kept,22
B3_0737,060-2487-050-00,(housing-singleton),1,housing_singleton,B2025-04537,,high,B2025-04537,high,single,completion,housing_singleton,housing_singleton_kept,22
B3_0739,059-2278-012-00,(housing-singleton),1,housing_singleton,B2022-02825,,high,B2022-02825,high,single,ancillary,housing_singleton,housing_singleton_kept,22
B3_0741,061-2577-030-00,(housing-singleton),1,housing_singleton,B2024-00374,,high,B2024-00374,high,single,completion,housing_singleton,housing_singleton_kept,22
B3_0742,058-2160-029-00,(housing-singleton),1,housing_singleton,B2023-05787,,high,B2023-05787,high,single,completion,housing_singleton,housing_singleton_kept,22
B3_0743,062-2870-023-00,(housing-singleton),1,housing_singleton,B2024-05342,,high,B2024-05342,high,single,completion,housing_singleton,housing_singleton_kept,22
B3_0744,060-2469-069-02,(housing-singleton),1,housing_singleton,B2017-01399,,high,B2017-01399,high,single,completion,housing_singleton,housing_singleton_kept,22
B3_0745,063-2963-005-00,(housing-singleton),1,housing_singleton,B2019-01428,,high,B2019-01428,high,single,completion,housing_singleton,housing_singleton_kept,22
B3_0746,059-2285-038-00,(housing-singleton),1,housing_singleton,B2021-02467,,high,B2021-02467,high,single,completion,housing_singleton,housing_singleton_kept,22
B3_0747,063-2958-006-00,(housing-singleton),1,housing_singleton,B2025-03423,,high,B2025-03423,high,single,completion,housing_singleton,housing_singleton_kept,22
B3_0748,052-1565-121-00,(housing-singleton),1,housing_singleton,B2025-04420,,high,B2025-04420,high,single,completion,housing_singleton,housing_singleton_kept,22
B3_0749,055-1829-019-00,(housing-singleton),1,housing_singleton,B2023-01099,,high,B2023-01099,high,single,completion,housing_singleton,housing_singleton_kept,22
B3_0750,063-2973-049-00,(housing-singleton),1,housing_singleton,B2023-00294,,high,B2023-00294,high,single,ancillary,housing_singleton,housing_singleton_kept,22
B3_0751,056-1935-013-00,(housing-singleton),1,housing_singleton,B2024-00549,,high,B2024-00549,high,single,ancillary,housing_singleton,housing_singleton_kept,22
B3_0752,057-2081-001-00,(housing-singleton),1,housing_singleton,B2022-03063,,high,B2022-03063,high,single,completion,housing_singleton,housing_singleton_kept,22
B3_0754,053-1591-009-00,(housing-singleton),1,housing_singleton,B2025-02861,,high,B2025-02861,high,single,ancillary,housing_singleton,housing_singleton_kept,22
B3_0755,063-2951-009-00,(housing-singleton),1,housing_singleton,B2025-04326,,high,B2025-04326,high,single,completion,housing_singleton,housing_singleton_kept,22
B3_0756,058-2135-003-00,(housing-singleton),1,housing_singleton,B2021-02473,,high,B2021-02473,high,single,completion,housing_singleton,housing_singleton_kept,22
B3_0760,054-1808-016-00,(housing-singleton),1,housing_singleton,B2024-01648,,high,B2024-01648,high,single,ancillary,housing_singleton,housing_singleton_kept,22
B3_0761,053-1613-023-00,(housing-singleton),1,housing_singleton,B2022-04528,,high,B2022-04528,high,single,completion,housing_singleton,housing_singleton_kept,22
B3_0762,052-1410-037-00,(housing-singleton),1,housing_singleton,B2025-01793,,high,B2025-01793,high,single,completion,housing_singleton,housing_singleton_kept,22
B3_0763,053-1614-018-00,Building 10,1,building_label,B2025-02378-REV01,,high,B2025-02378-REV01,high,single,revision,multi,revision_family,22
B3_0764,053-1614-018-00,Building 6,1,building_label,B2025-02378,,high,B2025-02378,high,single,ancillary,multi,-,22
B3_0766,060-2403-015-00,(housing-singleton),1,housing_singleton,B2025-00270,,high,B2025-00270,high,single,completion,housing_singleton,housing_singleton_kept,22
B3_0767,063-2958-006-00,(housing-singleton),1,housing_singleton,B2024-00735,,high,B2024-00735,high,single,completion,housing_singleton,housing_singleton_kept,22
B3_0768,054-1790-025-00,(housing-singleton),1,housing_singleton,B2019-04237,,high,B2019-04237,high,single,completion,housing_singleton,housing_singleton_kept,22
B3_0769,054-1800-020-00,(housing-singleton),1,housing_singleton,B2015-04752,,high,B2015-04752,high,single,completion,housing_singleton,housing_singleton_kept,22
B3_0771,055-1833-031-00,(housing-singleton),1,housing_singleton,B2024-05347,,high,B2024-05347,high,single,ancillary,housing_singleton,housing_singleton_kept,22
B3_0772,063-2983-013-01,(housing-singleton),1,housing_singleton,B2024-05807,,high,B2024-05807,high,single,completion,housing_singleton,housing_singleton_kept,22
B3_0773,052-1563-168-00,(housing-singleton),1,housing_singleton,B2022-04548,,high,B2022-04548,high,single,ancillary,housing_singleton,housing_singleton_kept,22
B3_0774,061-2614-016-00,(housing-singleton),1,housing_singleton,B2023-02888,,high,B2023-02888,high,single,completion,housing_singleton,housing_singleton_kept,22
B3_0775,055-1913-046-00,(housing-singleton),1,housing_singleton,B2024-04633,,high,B2024-04633,high,single,ancillary,housing_singleton,housing_singleton_kept,22
B3_0776,056-2010-003-00,(housing-singleton),1,housing_singleton,B2018-03979,,high,B2018-03979,high,single,completion,housing_singleton,housing_singleton_kept,22
B3_0778,060-2438-024-00,(housing-singleton),1,housing_singleton,B2022-04416,,high,B2022-04416,high,single,ancillary,housing_singleton,housing_singleton_kept,22
B3_0779,056-1979-004-00,(housing-singleton),1,housing_singleton,B2024-02060,,high,B2024-02060,high,single,ancillary,housing_singleton,housing_singleton_kept,22
B3_0780,055-1906-015-00,(housing-singleton),1,housing_singleton,B2019-00501,,high,B2019-00501,high,single,completion,housing_singleton,housing_singleton_kept,22
B3_0783,059-2313-007-00,(housing-singleton),1,housing_singleton,B2023-00351,,high,B2023-00351,high,single,completion,housing_singleton,housing_singleton_kept,22
B3_0784,059-2333-013-03,(housing-singleton),1,housing_singleton,B2023-03683,,high,B2023-03683,high,single,completion,housing_singleton,housing_singleton_kept,22
B3_0785,052-1545-012-00,(housing-singleton),1,housing_singleton,B2024-00961,,high,B2024-00961,high,single,sitework,housing_singleton,housing_singleton_kept,22
B3_0786,058-2181-018-00,(housing-singleton),1,housing_singleton,B2022-01040,,high,B2022-01040,high,single,completion,housing_singleton,housing_singleton_kept,22
B3_0789,058-2165-025-00,(housing-singleton),1,housing_singleton,B2017-05402,,high,B2017-05402,high,single,completion,housing_singleton,housing_singleton_kept,22
B3_0790,055-1820-018-00,(housing-singleton),1,housing_singleton,B2022-04755,,high,B2022-04755,high,single,completion,housing_singleton,housing_singleton_kept,22
B3_0791,057-2013-025-00,(housing-singleton),1,housing_singleton,B2024-04685,,high,B2024-04685,high,single,completion,housing_singleton,housing_singleton_kept,22
B3_0792,060-2484-012-00,(housing-singleton),1,housing_singleton,B2024-01611,,high,B2024-01611,high,single,ancillary,housing_singleton,housing_singleton_kept,22
B3_0793,058-2152-007-00,(housing-singleton),1,housing_singleton,B2022-05104,,high,B2022-05104,high,single,ancillary,housing_singleton,housing_singleton_kept,22
B3_0794,059-2289-035-00,(housing-singleton),1,housing_singleton,B2024-04842,,high,B2024-04842,high,single,completion,housing_singleton,housing_singleton_kept,22
B3_0795,055-1853-055-00,(housing-singleton),1,housing_singleton,B2025-00019,,high,B2025-00019,high,single,ancillary,housing_singleton,housing_singleton_kept,22
B3_0796,059-2274-001-00,(housing-singleton),1,housing_singleton,B2024-00765,,high,B2024-00765,high,single,completion,housing_singleton,housing_singleton_kept,22
B3_0797,059-2327-011-00,(housing-singleton),1,housing_singleton,B2023-04602,,high,B2023-04602,high,single,ancillary,housing_singleton,housing_singleton_kept,22
B3_0798,064-4240-017-00,(housing-singleton),1,housing_singleton,B2019-04140,,high,B2019-04140,high,single,completion,housing_singleton,housing_singleton_kept,22
B3_0799,059-2286-030-00,(housing-singleton),1,housing_singleton,B2025-00238,,high,B2025-00238,high,single,completion,housing_singleton,housing_singleton_kept,22
B3_0800,058-2244-002-09,(housing-singleton),1,housing_singleton,B2025-00432,,high,B2025-00432,high,single,completion,housing_singleton,housing_singleton_kept,22
B3_0801,062-2889-009-00,(housing-singleton),1,housing_singleton,B2025-02690,,high,B2025-02690,high,single,completion,housing_singleton,housing_singleton_kept,22
B3_0803,059-2249-030-01,(housing-singleton),1,housing_singleton,B2023-05699,,high,B2023-05699,high,single,ancillary,housing_singleton,housing_singleton_kept,22
B3_0804,052-1433-003-00,(housing-singleton),1,housing_singleton,B2025-03318,,high,B2025-03318,high,single,ancillary,housing_singleton,housing_singleton_kept,22
B3_0805,060-2487-026-00,(housing-singleton),1,housing_singleton,B2025-03836,,high,B2025-03836,high,single,ancillary,housing_singleton,housing_singleton_kept,22
B3_0806,061-2603-024-00,(housing-singleton),1,housing_singleton,B2013-03040,,high,B2013-03040,high,single,completion,housing_singleton,housing_singleton_kept,22
B3_0807,056-1994-014-00,(housing-singleton),1,housing_singleton,B2020-00981,,high,B2020-00981,high,single,completion,housing_singleton,housing_singleton_kept,22
B3_0809,063-2992-003-00,(housing-singleton),1,housing_singleton,B2022-03914,,high,B2022-03914,high,single,ancillary,housing_singleton,housing_singleton_kept,22
B3_0810,060-2489-025-00,(housing-singleton),1,housing_singleton,B2024-01603,,high,B2024-01603,high,single,ancillary,housing_singleton,housing_singleton_kept,22
B3_0811,052-1564-022-00,(housing-singleton),1,housing_singleton,B2017-04165,,high,B2017-04165,high,single,completion,housing_singleton,housing_singleton_kept,22
B3_0812,061-2603-026-00,(housing-singleton),1,housing_singleton,B2023-00845,,high,B2023-00845,high,single,completion,housing_singleton,housing_singleton_kept,22
B3_0813,059-2337-011-00,(housing-singleton),1,housing_singleton,B2025-00430,,high,B2025-00430,high,single,ancillary,housing_singleton,housing_singleton_kept,22
B3_0814,052-1526-009-00,(housing-singleton),1,housing_singleton,B2023-05812,,high,B2023-05812,high,single,completion,housing_singleton,housing_singleton_kept,22
B3_0817,057-2071-002-00,(housing-singleton),1,housing_singleton,B2017-01987,,high,B2017-01987,high,single,completion,housing_singleton,housing_singleton_kept,22
B3_0818,058-2127-001-00,(housing-singleton),1,housing_singleton,B2022-04043,,high,B2022-04043,high,single,completion,housing_singleton,housing_singleton_kept,22
B3_0819,059-2253-038-00,(housing-singleton),1,housing_singleton,B2022-01379,,high,B2022-01379,high,single,completion,housing_singleton,housing_singleton_kept,22
B3_0820,052-1571-024-00,(housing-singleton),1,housing_singleton,B2022-03620,,high,B2022-03620,high,single,completion,housing_singleton,housing_singleton_kept,22
B3_0823,054-1803-020-01,(housing-singleton),1,housing_singleton,B2025-03527,,high,B2025-03527,high,single,completion,housing_singleton,housing_singleton_kept,22
B3_0824,055-1905-022-00,(housing-singleton),1,housing_singleton,B2022-04718,,high,B2022-04718,high,single,ancillary,housing_singleton,housing_singleton_kept,22
B3_0826,058-2179-008-00,(housing-singleton),1,housing_singleton,B2024-01607,,high,B2024-01607,high,single,completion,housing_singleton,housing_singleton_kept,22
B3_0827,055-1826-006-00,(housing-singleton),1,housing_singleton,B2024-03969,,high,B2024-03969,high,single,completion,housing_singleton,housing_singleton_kept,22
B3_0828,052-1563-126-00,(housing-singleton),1,xref/base,B2019-05564,,high,B2019-05564,high,single,completion,housing_singleton,housing_singleton_kept,22
B3_0829,064-4295-023-01,(housing-singleton),1,housing_singleton,B2024-01983,,high,B2024-01983,high,single,completion,housing_singleton,housing_singleton_kept,22
B3_0831,055-1910-015-00,(housing-singleton),1,housing_singleton,B2017-02417,,high,B2017-02417,high,single,completion,housing_singleton,housing_singleton_kept,22
B3_0832,053-1595-005-00,(housing-singleton),1,housing_singleton,B2022-03743,,high,B2022-03743,high,single,completion,housing_singleton,housing_singleton_kept,22
B3_0833,055-1851-010-00,(housing-singleton),1,housing_singleton,B2024-05993,,high,B2024-05993,high,single,ancillary,housing_singleton,housing_singleton_kept,22
B3_0834,060-2438-036-00,(housing-singleton),1,housing_singleton,B2022-01702,,high,B2022-01702,high,single,ancillary,housing_singleton,housing_singleton_kept,22
B3_0835,061-2615-013-00,(housing-singleton),1,housing_singleton,B2022-00676,,high,B2022-00676,high,single,ancillary,housing_singleton,housing_singleton_kept,22
B3_0836,058-2145-043-00,(housing-singleton),1,housing_singleton,B2022-03212,,high,B2022-03212,high,single,completion,housing_singleton,housing_singleton_kept,22
B3_0837,060-2436-013-01,(housing-singleton),1,housing_singleton,B2023-00277,,high,B2023-00277,high,single,completion,housing_singleton,housing_singleton_kept,22
B3_0838,056-1989-009-01,(housing-singleton),1,housing_singleton,B2025-04792,,high,B2025-04792,high,single,completion,housing_singleton,housing_singleton_kept,22
B3_0839,058-2179-025-00,(housing-singleton),1,housing_singleton,B2022-05010,,high,B2022-05010,high,single,completion,housing_singleton,housing_singleton_kept,22
B3_0840,060-2398-018-00,(housing-singleton),1,housing_singleton,B2024-04542,,high,B2024-04542,high,single,completion,housing_singleton,housing_singleton_kept,22
B3_0842,060-2403-015-00,(housing-singleton),1,housing_singleton,B2021-05718,,high,B2021-05718,high,single,completion,housing_singleton,housing_singleton_kept,22
B3_0843,053-1609-017-00,(housing-singleton),1,housing_singleton,B2021-05463,,high,B2021-05463,high,single,completion,housing_singleton,housing_singleton_kept,22
B3_0844,060-2493-053-00,(housing-singleton),1,housing_singleton,B2024-01650,,high,B2024-01650,high,single,ancillary,housing_singleton,housing_singleton_kept,22
B3_0845,057-2064-003-00,(housing-singleton),1,housing_singleton,B2025-00819,,high,B2025-00819,high,single,sitework,housing_singleton,housing_singleton_kept,22
B3_0846,061-2606-018-00,(housing-singleton),1,housing_singleton,B2018-03696,,high,B2018-03696,high,single,completion,housing_singleton,housing_singleton_kept,22
B3_0847,059-2282-029-00,(housing-singleton),1,housing_singleton,B2018-03533,,high,B2018-03533,high,single,completion,housing_singleton,housing_singleton_kept,22
B3_0848,058-2177-003-00,(housing-singleton),1,housing_singleton,B2022-04690,,high,B2022-04690,high,single,sitework,housing_singleton,housing_singleton_kept,22
B3_0849,060-2490-045-02,(housing-singleton),1,housing_singleton,B2024-01727,,high,B2024-01727,high,single,ancillary,housing_singleton,housing_singleton_kept,22
B3_0850,059-2258-030-00,(housing-singleton),1,housing_singleton,B2023-00050,,high,B2023-00050,high,single,completion,housing_singleton,housing_singleton_kept,22
B3_0851,053-1614-018-00,Building 11,1,building_label,B2025-02381-REV01,,high,B2025-02381-REV01,high,single,revision,multi,revision_family,22
B3_0852,053-1614-018-00,Building 7,1,building_label,B2025-02381,,high,B2025-02381,high,single,ancillary,multi,-,22
B3_0853,060-2487-022-00,(housing-singleton),1,housing_singleton,B2025-03840,,high,B2025-03840,high,single,ancillary,housing_singleton,housing_singleton_kept,22
B3_0854,053-1606-002-00,(housing-singleton),1,housing_singleton,B2025-01687,,high,B2025-01687,high,single,completion,housing_singleton,housing_singleton_kept,22
B3_0855,064-4244-001-00,(housing-singleton),1,housing_singleton,B2022-06044,,high,B2022-06044,high,single,completion,housing_singleton,housing_singleton_kept,22
B3_0857,060-2466-080-00,(housing-singleton),1,housing_singleton,B2022-04254,,high,B2022-04254,high,single,completion,housing_singleton,housing_singleton_kept,22
B3_0858,056-1932-014-00,(housing-singleton),1,housing_singleton,B2024-04549,,high,B2024-04549,high,single,completion,housing_singleton,housing_singleton_kept,22
B3_0859,060-2489-028-00,(housing-singleton),1,housing_singleton,B2024-01716,,high,B2024-01716,high,single,ancillary,housing_singleton,housing_singleton_kept,22
B3_0860,058-2175-015-01,(housing-singleton),1,housing_singleton,B2023-05149,,high,B2023-05149,high,single,ancillary,housing_singleton,housing_singleton_kept,22
B3_0861,055-1883-018-00,(housing-singleton),1,housing_singleton,B2025-00579,,high,B2025-00579,high,single,ancillary,housing_singleton,housing_singleton_kept,22
B3_0862,060-2490-020-00,(housing-singleton),1,housing_singleton,B2025-03796,,high,B2025-03796,high,single,completion,housing_singleton,housing_singleton_kept,22
B3_0864,058-2244-003-00,(housing-singleton),1,housing_singleton,B2022-02503,,high,B2022-02503,high,single,ancillary,housing_singleton,housing_singleton_kept,22
B3_0865,060-2484-024-00,(housing-singleton),1,housing_singleton,B2025-05026,,high,B2025-05026,high,single,ancillary,housing_singleton,housing_singleton_kept,22
B3_0866,055-1829-011-00,(housing-singleton),1,xref/base,B2025-00820,1.0,high,B2025-00820,high,single,ancillary,housing_singleton,housing_singleton_kept,22
B3_0867,058-2196-004-00,(housing-singleton),1,housing_singleton,B2023-04922,,high,B2023-04922,high,single,completion,housing_singleton,housing_singleton_kept,22
B3_0868,063-2975-013-00,(housing-singleton),1,housing_singleton,B2024-02776,,high,B2024-02776,high,single,completion,housing_singleton,housing_singleton_kept,22
B3_0871,055-1909-023-00,(housing-singleton),1,housing_singleton,B2020-04513,,high,B2020-04513,high,single,ancillary,housing_singleton,housing_singleton_kept,22
B3_0873,062-2897-015-00,(housing-singleton),1,housing_singleton,B2023-05180,,high,B2023-05180,high,single,ancillary,housing_singleton,housing_singleton_kept,22
B3_0874,052-1428-008-00,(housing-singleton),1,housing_singleton,B2024-05536,,high,B2024-05536,high,single,completion,housing_singleton,housing_singleton_kept,22
B3_0875,061-2577-011-00,(housing-singleton),1,housing_singleton,B2025-04361,,high,B2025-04361,high,single,completion,housing_singleton,housing_singleton_kept,22
B3_0876,058-2120-006-00,(housing-singleton),1,housing_singleton,B2019-05208,,high,B2019-05208,high,single,completion,housing_singleton,housing_singleton_kept,22
B3_0878,059-2270-026-00,(housing-singleton),1,housing_singleton,B2022-05592,,high,B2022-05592,high,single,ancillary,housing_singleton,housing_singleton_kept,22
B3_0880,056-1994-017-00,(housing-singleton),1,housing_singleton,B2019-00953,,high,B2019-00953,high,single,completion,housing_singleton,housing_singleton_kept,22
B3_0881,062-2886-022-00,(housing-singleton),1,housing_singleton,B2023-05953,,high,B2023-05953,high,single,completion,housing_singleton,housing_singleton_kept,22
B3_0882,053-1694-014-00,(housing-singleton),1,housing_singleton,B2018-03427,,high,B2018-03427,high,single,ancillary,housing_singleton,housing_singleton_kept,22
B3_0883,060-2455-030-03,(housing-singleton),1,housing_singleton,B2023-06093,,high,B2023-06093,high,single,completion,housing_singleton,housing_singleton_kept,22
B3_0884,059-2290-026-00,(housing-singleton),1,housing_singleton,B2024-03685,,high,B2024-03685,high,single,ancillary,housing_singleton,housing_singleton_kept,22
B3_0885,053-1622-006-00,(housing-singleton),1,housing_singleton,B2025-02799,,high,B2025-02799,high,single,ancillary,housing_singleton,housing_singleton_kept,22
B3_0886,059-2258-013-00,(housing-singleton),1,housing_singleton,B2023-01263,,high,B2023-01263,high,single,completion,housing_singleton,housing_singleton_kept,22
B3_0887,059-2252-012-00,(housing-singleton),1,housing_singleton,B2023-04296,,high,B2023-04296,high,single,completion,housing_singleton,housing_singleton_kept,22
B3_0888,060-2493-029-00,(housing-singleton),1,housing_singleton,B2024-02170,,high,B2024-02170,high,single,ancillary,housing_singleton,housing_singleton_kept,22
B3_0889,060-2400-025-00,(housing-singleton),1,housing_singleton,B2024-03772,,high,B2024-03772,high,single,completion,housing_singleton,housing_singleton_kept,22
B3_0890,063-3140-083-00,(housing-singleton),1,housing_singleton,B2025-05127,,high,B2025-05127,high,single,ancillary,housing_singleton,housing_singleton_kept,22
B3_0891,062-2885-035-00,(housing-singleton),1,housing_singleton,B2025-02992,,high,B2025-02992,high,single,completion,housing_singleton,housing_singleton_kept,22
B3_0892,061-2588-037-00,(housing-singleton),1,housing_singleton,B2024-02703,,high,B2024-02703,high,single,completion,housing_singleton,housing_singleton_kept,22
B3_0894,053-1696-012-00,(housing-singleton),1,housing_singleton,B2023-04178,,high,B2023-04178,high,single,completion,housing_singleton,housing_singleton_kept,22
B3_0895,055-1825-024-01,(housing-singleton),1,housing_singleton,B2024-00339,,high,B2024-00339,high,single,completion,housing_singleton,housing_singleton_kept,22
B3_0896,058-2124-016-00,(housing-singleton),1,housing_singleton,B2018-03252,1.0,high,B2018-03252,high,single,completion,housing_singleton,housing_singleton_kept,22
B3_0897,060-2423-070-00,(housing-singleton),1,housing_singleton,B2016-01338,,high,B2016-01338,high,single,completion,housing_singleton,housing_singleton_kept,22
B3_0898,059-2274-017-00,(housing-singleton),1,housing_singleton,B2022-05343,,high,B2022-05343,high,single,completion,housing_singleton,housing_singleton_kept,22
B3_0899,052-1428-012-01,(housing-singleton),1,housing_singleton,B2024-03557,,high,B2024-03557,high,single,completion,housing_singleton,housing_singleton_kept,22
B3_0901,056-1919-011-00,(housing-singleton),1,housing_singleton,B2019-04629,,high,B2019-04629,high,single,completion,housing_singleton,housing_singleton_kept,22
B3_0902,064-4226-002-00,(housing-singleton),1,housing_singleton,B2024-01250,,high,B2024-01250,high,single,ancillary,housing_singleton,housing_singleton_kept,22
B3_0904,056-2002-033-00,(housing-singleton),1,housing_singleton,B2022-05549,,high,B2022-05549,high,single,completion,housing_singleton,housing_singleton_kept,22
B3_0906,056-2008-009-00,(housing-singleton),1,housing_singleton,B2024-00567,,high,B2024-00567,high,single,completion,housing_singleton,housing_singleton_kept,22
B3_0908,054-1803-020-01,(housing-singleton),1,housing_singleton,B2025-05523,,high,B2025-05523,high,single,completion,housing_singleton,housing_singleton_kept,22
B3_0909,054-1792-017-00,(housing-singleton),1,housing_singleton,B2024-05962,,high,B2024-05962,high,single,completion,housing_singleton,housing_singleton_kept,22
B3_0910,053-1667-014-00,(housing-singleton),1,housing_singleton,B2024-00431,,high,B2024-00431,high,single,completion,housing_singleton,housing_singleton_kept,22
B3_0911,061-2574-023-00,(housing-singleton),1,housing_singleton,B2023-03363,,high,B2023-03363,high,single,ancillary,housing_singleton,housing_singleton_kept,22
B3_0912,057-2065-028-00,(housing-singleton),1,housing_singleton,B2025-03438,,high,B2025-03438,high,single,completion,housing_singleton,housing_singleton_kept,22
B3_0913,058-2126-027-00,(housing-singleton),1,housing_singleton,B2023-01438,,high,B2023-01438,high,single,completion,housing_singleton,housing_singleton_kept,22
B3_0914,059-2289-039-00,(housing-singleton),1,housing_singleton,B2017-04866,,high,B2017-04866,high,single,completion,housing_singleton,housing_singleton_kept,22
B3_0915,060-2402-018-00,(housing-singleton),1,housing_singleton,B2018-03156,,high,B2018-03156,high,single,completion,housing_singleton,housing_singleton_kept,22
B3_0916,053-1621-010-00,(housing-singleton),1,housing_singleton,B2022-05764,,high,B2022-05764,high,single,ancillary,housing_singleton,housing_singleton_kept,22
B3_0917,062-2885-029-00,(housing-singleton),1,xref/base,B2016-05523,,high,B2016-05523,high,single,completion,housing_singleton,housing_singleton_kept,22
B3_0918,058-2156-031-00,(housing-singleton),1,housing_singleton,B2025-01912,,high,B2025-01912,high,single,completion,housing_singleton,housing_singleton_kept,22
B3_0919,060-2449-003-00,(housing-singleton),1,housing_singleton,B2019-05514,,high,B2019-05514,high,single,completion,housing_singleton,housing_singleton_kept,22
B3_0920,056-1969-024-00,(housing-singleton),1,housing_singleton,B2024-05846,,high,B2024-05846,high,single,ancillary,housing_singleton,housing_singleton_kept,22
B3_0921,054-1787-016-00,(housing-singleton),1,housing_singleton,B2020-01013,,high,B2020-01013,high,single,completion,housing_singleton,housing_singleton_kept,22
B3_0922,056-1941-010-00,(housing-singleton),1,housing_singleton,B2022-05673,,high,B2022-05673,high,single,completion,housing_singleton,housing_singleton_kept,22
B3_0923,060-2489-027-00,(housing-singleton),1,housing_singleton,B2025-03833,,high,B2025-03833,high,single,ancillary,housing_singleton,housing_singleton_kept,22
B3_0924,060-2473-010-00,(housing-singleton),1,housing_singleton,B2023-02980,,high,B2023-02980,high,single,ancillary,housing_singleton,housing_singleton_kept,22
B3_0925,060-2493-034-00,(housing-singleton),1,housing_singleton,B2024-01728,,high,B2024-01728,high,single,ancillary,housing_singleton,housing_singleton_kept,22
B3_0926,059-2293-016-00,(housing-singleton),1,housing_singleton,B2022-05115,,high,B2022-05115,high,single,ancillary,housing_singleton,housing_singleton_kept,22
B3_0928,060-2423-040-00,(housing-singleton),1,housing_singleton,B2023-03756,,high,B2023-03756,high,single,completion,housing_singleton,housing_singleton_kept,22
B3_0929,057-2015-029-00,(housing-singleton),1,housing_singleton,B2025-00899,,high,B2025-00899,high,single,completion,housing_singleton,housing_singleton_kept,22
B3_0930,060-2478-017-00,(housing-singleton),1,housing_singleton,B2022-05697,,high,B2022-05697,high,single,completion,housing_singleton,housing_singleton_kept,22
B3_0931,062-2882-025-00,(housing-singleton),1,housing_singleton,B2023-01770,,high,B2023-01770,high,single,completion,housing_singleton,housing_singleton_kept,22
B3_0932,053-1677-006-00,(housing-singleton),1,housing_singleton,B2024-03270,,high,B2024-03270,high,single,completion,housing_singleton,housing_singleton_kept,22
B3_0934,056-1927-012-00,(housing-singleton),1,housing_singleton,B2025-01300,,high,B2025-01300,high,single,completion,housing_singleton,housing_singleton_kept,22
B3_0935,055-1844-026-00,(housing-singleton),1,housing_singleton,B2022-03771,,high,B2022-03771,high,single,completion,housing_singleton,housing_singleton_kept,22
B3_0939,052-1566-045-00,(housing-singleton),1,housing_singleton,B2023-03593,,high,B2023-03593,high,single,completion,housing_singleton,housing_singleton_kept,22
B3_0940,057-2089-016-01,(housing-singleton),1,housing_singleton,B2019-05504,,high,B2019-05504,high,single,completion,housing_singleton,housing_singleton_kept,22
B3_0941,060-2466-035-00,(housing-singleton),1,housing_singleton,B2023-01245,,high,B2023-01245,high,single,completion,housing_singleton,housing_singleton_kept,22
B3_0942,056-1987-014-00,(housing-singleton),1,housing_singleton,B2023-06362,,high,B2023-06362,high,single,completion,housing_singleton,housing_singleton_kept,22
B3_0944,053-1621-009-00,(housing-singleton),1,housing_singleton,B2022-05766,,high,B2022-05766,high,single,ancillary,housing_singleton,housing_singleton_kept,22
B3_0948,058-2170-022-00,(housing-singleton),1,housing_singleton,B2022-04453,,high,B2022-04453,high,single,ancillary,housing_singleton,housing_singleton_kept,22
B3_0949,060-2445-009-00,(housing-singleton),1,housing_singleton,B2022-06091,,high,B2022-06091,high,single,ancillary,housing_singleton,housing_singleton_kept,22
B3_0950,061-2605-017-00,(housing-singleton),1,housing_singleton,B2019-05341,,high,B2019-05341,high,single,completion,housing_singleton,housing_singleton_kept,22
B3_0951,060-2436-023-00,(housing-singleton),1,housing_singleton,B2023-06524,,high,B2023-06524,high,single,ancillary,housing_singleton,housing_singleton_kept,22
B3_0952,064-4251-011-00,(housing-singleton),1,housing_singleton,B2024-00402,,high,B2024-00402,high,single,completion,housing_singleton,housing_singleton_kept,22
B3_0953,055-1830-005-00,(housing-singleton),1,housing_singleton,B2017-00492,,high,B2017-00492,high,single,completion,housing_singleton,housing_singleton_kept,22
B3_0954,059-2330-006-00,(housing-singleton),1,housing_singleton,B2021-04809,,high,B2021-04809,high,single,completion,housing_singleton,housing_singleton_kept,22
B3_0955,061-2606-031-01,(housing-singleton),1,housing_singleton,B2023-04671,,high,B2023-04671,high,single,ancillary,housing_singleton,housing_singleton_kept,22
B3_0956,056-1988-019-00,(housing-singleton),1,housing_singleton,B2023-01326,,high,B2023-01326,high,single,completion,housing_singleton,housing_singleton_kept,22
B3_0957,053-1680-025-00,(housing-singleton),1,housing_singleton,B2025-00631,,high,B2025-00631,high,single,completion,housing_singleton,housing_singleton_kept,22
B3_0958,056-2011-004-00,(housing-singleton),1,housing_singleton,B2025-02752,,high,B2025-02752,high,single,ancillary,housing_singleton,housing_singleton_kept,22
B3_0959,061-2552-004-00,(housing-singleton),1,housing_singleton,B2024-05878,,high,B2024-05878,high,single,ancillary,housing_singleton,housing_singleton_kept,22
B3_0960,062-2892-010-00,(housing-singleton),1,housing_singleton,B2023-02429,,high,B2023-02429,high,single,completion,housing_singleton,housing_singleton_kept,22
B3_0962,056-1982-013-00,(housing-singleton),1,housing_singleton,B2024-04799,,high,B2024-04799,high,single,ancillary,housing_singleton,housing_singleton_kept,22
B3_0963,056-1937-007-00,(housing-singleton),1,housing_singleton,B2025-02739,,high,B2025-02739,high,single,ancillary,housing_singleton,housing_singleton_kept,22
B3_0964,060-2438-019-00,(housing-singleton),1,housing_singleton,B2022-04550,,high,B2022-04550,high,single,ancillary,housing_singleton,housing_singleton_kept,22
B3_0965,059-2289-028-01,(housing-singleton),1,housing_singleton,B2018-03458,1.0,high,B2018-03458,high,single,completion,housing_singleton,housing_singleton_kept,22
B3_0966,061-2552-005-00,(housing-singleton),1,housing_singleton,B2023-00341,,high,B2023-00341,high,single,completion,housing_singleton,housing_singleton_kept,22
B3_0967,057-2081-002-00,(housing-singleton),1,housing_singleton,B2025-02327,,high,B2025-02327,high,single,ancillary,housing_singleton,housing_singleton_kept,22
B3_0968,060-2478-014-00,(housing-singleton),1,housing_singleton,B2019-02404,1.0,high,B2019-02404,high,single,completion,housing_singleton,housing_singleton_kept,22
B3_0969,059-2268-005-00,(housing-singleton),1,housing_singleton,B2021-00525,,high,B2021-00525,high,single,completion,housing_singleton,housing_singleton_kept,22
B3_0970,058-2167-037-00,(housing-singleton),1,housing_singleton,B2025-05638,,high,B2025-05638,high,single,completion,housing_singleton,housing_singleton_kept,22
B3_0971,060-2434-017-00,(housing-singleton),1,housing_singleton,B2021-03341,,high,B2021-03341,high,single,completion,housing_singleton,housing_singleton_kept,22
B3_0972,059-2330-010-00,(housing-singleton),1,housing_singleton,B2019-01023,,high,B2019-01023,high,single,completion,housing_singleton,housing_singleton_kept,22
B3_0974,061-2570-029-00,(housing-singleton),1,housing_singleton,B2023-04550,,high,B2023-04550,high,single,completion,housing_singleton,housing_singleton_kept,22
B3_0976,056-1987-013-00,(housing-singleton),1,housing_singleton,B2025-00029,,high,B2025-00029,high,single,ancillary,housing_singleton,housing_singleton_kept,22
B3_0978,054-1802-010-00,(housing-singleton),1,housing_singleton,B2017-02961,,high,B2017-02961,high,single,completion,housing_singleton,housing_singleton_kept,22
B3_0980,063-2976-051-00,(housing-singleton),1,housing_singleton,B2023-04312,,high,B2023-04312,high,single,ancillary,housing_singleton,housing_singleton_kept,22
B3_0981,055-1853-004-00,(housing-singleton),1,housing_singleton,B2022-04176,,high,B2022-04176,high,single,ancillary,housing_singleton,housing_singleton_kept,22
B3_0982,063-2952-016-00,(housing-singleton),1,housing_singleton,B2025-00992,,high,B2025-00992,high,single,completion,housing_singleton,housing_singleton_kept,22
B3_0983,060-2466-031-00,(housing-singleton),1,housing_singleton,B2024-04348,,high,B2024-04348,high,single,completion,housing_singleton,housing_singleton_kept,22
B3_0985,063-2962-013-00,(housing-singleton),1,housing_singleton,B2023-05240,,high,B2023-05240,high,single,ancillary,housing_singleton,housing_singleton_kept,22
B3_0986,055-1863-011-00,(housing-singleton),1,housing_singleton,B2020-02734,,high,B2020-02734,high,single,completion,housing_singleton,housing_singleton_kept,22
B3_0987,063-2973-023-00,(housing-singleton),1,housing_singleton,B2023-04577,,high,B2023-04577,high,single,completion,housing_singleton,housing_singleton_kept,22
B3_0989,052-1567-052-00,(housing-singleton),1,housing_singleton,B2018-04005,,high,B2018-04005,high,single,completion,housing_singleton,housing_singleton_kept,22
B3_0990,060-2493-037-00,(housing-singleton),1,housing_singleton,B2022-04593,,high,B2022-04593,high,single,completion,housing_singleton,housing_singleton_kept,22
B3_0991,061-2569-009-00,(housing-singleton),1,housing_singleton,B2023-01003,,high,B2023-01003,high,single,ancillary,housing_singleton,housing_singleton_kept,22
B3_0992,063-2988-055-00,(housing-singleton),1,housing_singleton,B2023-04043,,high,B2023-04043,high,single,completion,housing_singleton,housing_singleton_kept,22
B3_0993,060-2494-010-00,(housing-singleton),1,housing_singleton,B2024-05079,,high,B2024-05079,high,single,ancillary,housing_singleton,housing_singleton_kept,22
B3_0994,053-1673-020-00,(housing-singleton),1,housing_singleton,B2021-04004,,high,B2021-04004,high,single,sitework,housing_singleton,housing_singleton_kept,22
B3_0996,052-1527-010-02,(housing-singleton),1,housing_singleton,B2024-03408,,high,B2024-03408,high,single,completion,housing_singleton,housing_singleton_kept,22
B3_0997,060-2432-030-00,(housing-singleton),1,housing_singleton,B2023-03722,,high,B2023-03722,high,single,ancillary,housing_singleton,housing_singleton_kept,22
B3_0998,058-2182-003-00,(housing-singleton),1,housing_singleton,B2024-05592,,high,B2024-05592,high,single,completion,housing_singleton,housing_singleton_kept,22
B3_1000,056-1982-008-00,(housing-singleton),1,housing_singleton,B2024-03512,,high,B2024-03512,high,single,completion,housing_singleton,housing_singleton_kept,22
B3_1001,052-1582-010-00,(housing-singleton),1,housing_singleton,B2025-05867,,high,B2025-05867,high,single,ancillary,housing_singleton,housing_singleton_kept,22
B3_1003,060-2430-021-00,(housing-singleton),1,housing_singleton,B2019-00944,,high,B2019-00944,high,single,completion,housing_singleton,housing_singleton_kept,22
B3_1004,060-2436-013-01,(housing-singleton),1,housing_singleton,B2024-04368,,high,B2024-04368,high,single,ancillary,housing_singleton,housing_singleton_kept,22
B3_1005,054-1788-020-00,(housing-singleton),1,housing_singleton,B2023-06456,,high,B2023-06456,high,single,completion,housing_singleton,housing_singleton_kept,22
B3_1007,063-2985-020-00,(housing-singleton),1,housing_singleton,B2023-03529,,high,B2023-03529,high,single,ancillary,housing_singleton,housing_singleton_kept,22
B3_1008,059-2293-001-06,(housing-singleton),1,housing_singleton,B2025-02845,,high,B2025-02845,high,single,ancillary,housing_singleton,housing_singleton_kept,22
B3_1009,060-2453-030-00,(housing-singleton),1,housing_singleton,B2025-05128,,high,B2025-05128,high,single,ancillary,housing_singleton,housing_singleton_kept,22
B3_1010,053-1677-009-00,(housing-singleton),1,housing_singleton,B2022-05601,,high,B2022-05601,high,single,completion,housing_singleton,housing_singleton_kept,22
B3_1012,055-1832-131-00,(housing-singleton),1,housing_singleton,B2023-01710,,high,B2023-01710,high,single,completion,housing_singleton,housing_singleton_kept,22
B3_1013,062-2874-003-00,(housing-singleton),1,housing_singleton,B2023-06457,,high,B2023-06457,high,single,sitework,housing_singleton,housing_singleton_kept,22
B3_1014,062-2922-027-00,(housing-singleton),1,housing_singleton,B2019-01938,,high,B2019-01938,high,single,completion,housing_singleton,housing_singleton_kept,22
B3_1015,056-1919-004-00,(housing-singleton),1,housing_singleton,B2022-03946,,high,B2022-03946,high,single,ancillary,housing_singleton,housing_singleton_kept,22
B3_1016,063-2952-050-00,(housing-singleton),1,housing_singleton,B2024-01420,,high,B2024-01420,high,single,completion,housing_singleton,housing_singleton_kept,22
B3_1017,063-2956-031-00,(housing-singleton),1,housing_singleton,B2021-02667,,high,B2021-02667,high,single,completion,housing_singleton,housing_singleton_kept,22
B3_1018,054-1795-018-00,(housing-singleton),1,housing_singleton,B2023-05198,,high,B2023-05198,high,single,completion,housing_singleton,housing_singleton_kept,22
B3_1019,064-4242-019-00,(housing-singleton),1,housing_singleton,B2025-04839,,high,B2025-04839,high,single,ancillary,housing_singleton,housing_singleton_kept,22
B3_1020,056-1963-004-00,(housing-singleton),1,housing_singleton,B2024-04001,,high,B2024-04001,high,single,completion,housing_singleton,housing_singleton_kept,22
B3_1022,059-2254-039-00,Building 2,1,building_label,B2020-00252,,high,B2020-00252,high,single,completion,multi,-,22
B3_1023,059-2254-036-00,Building 3,1,building_label,B2020-00253,,high,B2020-00253,high,single,completion,multi,-,22
B3_1024,058-2168-024-00,(housing-singleton),1,housing_singleton,B2022-04540,,high,B2022-04540,high,single,completion,housing_singleton,housing_singleton_kept,22
B3_1025,063-2979-025-00,(housing-singleton),1,housing_singleton,B2024-00761,,high,B2024-00761,high,single,ancillary,housing_singleton,housing_singleton_kept,22
B3_1026,061-2610-020-00,(housing-singleton),1,housing_singleton,B2024-00841,,high,B2024-00841,high,single,ancillary,housing_singleton,housing_singleton_kept,22
B3_1027,063-2955-019-00,(housing-singleton),1,housing_singleton,B2024-03605,,high,B2024-03605,high,single,completion,housing_singleton,housing_singleton_kept,22
B3_1028,059-2282-023-00,(housing-singleton),1,housing_singleton,B2024-04727,,high,B2024-04727,high,single,completion,housing_singleton,housing_singleton_kept,22
B3_1029,058-2157-015-00,(housing-singleton),1,housing_singleton,B2024-05186,,high,B2024-05186,high,single,completion,housing_singleton,housing_singleton_kept,22
B3_1030,053-1612-022-00,(housing-singleton),1,housing_singleton,B2023-05136,,high,B2023-05136,high,single,completion,housing_singleton,housing_singleton_kept,22
B3_1032,062-2899-030-00,(housing-singleton),1,housing_singleton,B2019-01573,,high,B2019-01573,high,single,completion,housing_singleton,housing_singleton_kept,22
B3_1033,059-2325-003-01,(housing-singleton),1,housing_singleton,B2021-01332,,high,B2021-01332,high,single,completion,housing_singleton,housing_singleton_kept,22
B3_1034,059-2330-010-00,(housing-singleton),1,housing_singleton,B2022-00111,,high,B2022-00111,high,single,completion,housing_singleton,housing_singleton_kept,22
B3_1035,060-2417-018-00,(housing-singleton),1,housing_singleton,B2022-00579,,high,B2022-00579,high,single,completion,housing_singleton,housing_singleton_kept,22
B3_1036,058-2209-009-00,(housing-singleton),1,housing_singleton,B2025-01088,,high,B2025-01088,high,single,completion,housing_singleton,housing_singleton_kept,22
B3_1037,055-1829-015-00,(housing-singleton),1,housing_singleton,B2016-04297,,high,B2016-04297,high,single,completion,housing_singleton,housing_singleton_kept,22
B3_1039,060-2473-026-01,(housing-singleton),1,housing_singleton,B2023-05410,,high,B2023-05410,high,single,ancillary,housing_singleton,housing_singleton_kept,22
B3_1040,058-2118-024-00,(housing-singleton),1,housing_singleton,B2024-03022,,high,B2024-03022,high,single,ancillary,housing_singleton,housing_singleton_kept,22
B3_1041,060-2404-002-00,(housing-singleton),1,housing_singleton,B2022-04711,,high,B2022-04711,high,single,completion,housing_singleton,housing_singleton_kept,22
B3_1042,058-2137-004-00,(housing-singleton),1,housing_singleton,B2024-01857,,high,B2024-01857,high,single,completion,housing_singleton,housing_singleton_kept,22
B3_1043,056-1927-003-00,(housing-singleton),1,housing_singleton,B2024-06035,,high,B2024-06035,high,single,ancillary,housing_singleton,housing_singleton_kept,22
B3_1044,058-2242-114-00,(housing-singleton),1,housing_singleton,B2025-00699,,high,B2025-00699,high,single,ancillary,housing_singleton,housing_singleton_kept,22
B3_1045,058-2118-024-00,(housing-singleton),1,housing_singleton,B2024-03039,,high,B2024-03039,high,single,ancillary,housing_singleton,housing_singleton_kept,22
B3_1046,059-2266-039-00,(housing-singleton),1,housing_singleton,B2023-03778,,high,B2023-03778,high,single,completion,housing_singleton,housing_singleton_kept,22
B3_1047,056-1991-001-08,(housing-singleton),1,housing_singleton,B2025-02208,,high,B2025-02208,high,single,ancillary,housing_singleton,housing_singleton_kept,22
B3_1048,064-4244-032-00,(housing-singleton),1,housing_singleton,B2023-00909,,high,B2023-00909,high,single,ancillary,housing_singleton,housing_singleton_kept,22
B3_1050,059-2285-001-00,(housing-singleton),1,housing_singleton,B2024-03715,,high,B2024-03715,high,single,completion,housing_singleton,housing_singleton_kept,22
B3_1051,060-2493-044-00,(housing-singleton),1,housing_singleton,B2025-02282,,high,B2025-02282,high,single,completion,housing_singleton,housing_singleton_kept,22
B3_1052,053-1701-003-00,(housing-singleton),1,housing_singleton,B2020-01569,,high,B2020-01569,high,single,completion,housing_singleton,housing_singleton_kept,22
B3_1054,059-2285-001-00,(housing-singleton),1,housing_singleton,B2024-05997,,high,B2024-05997,high,single,completion,housing_singleton,housing_singleton_kept,22
B3_1055,059-2282-019-00,(housing-singleton),1,housing_singleton,B2023-03342,,high,B2023-03342,high,single,ancillary,housing_singleton,housing_singleton_kept,22
B3_1056,054-1728-005-00,(housing-singleton),1,housing_singleton,B2023-03613,,high,B2023-03613,high,single,completion,housing_singleton,housing_singleton_kept,22
B3_1057,061-2578-012-02,(housing-singleton),1,housing_singleton,B2024-00751,,high,B2024-00751,high,single,completion,housing_singleton,housing_singleton_kept,22
B3_1058,058-2164-010-00,(housing-singleton),1,housing_singleton,B2021-03710,,high,B2021-03710,high,single,completion,housing_singleton,housing_singleton_kept,22
B3_1060,052-1569-017-00,(housing-singleton),1,housing_singleton,B2019-02819,,high,B2019-02819,high,single,completion,housing_singleton,housing_singleton_kept,22
B3_1061,054-1725-014-00,(housing-singleton),1,housing_singleton,B2022-04599,,high,B2022-04599,high,single,completion,housing_singleton,housing_singleton_kept,22
B3_1062,058-2181-023-00,(housing-singleton),1,housing_singleton,B2024-05121,,high,B2024-05121,high,single,completion,housing_singleton,housing_singleton_kept,22
B3_1063,056-1965-005-00,(housing-singleton),1,housing_singleton,B2025-03153,,high,B2025-03153,high,single,completion,housing_singleton,housing_singleton_kept,22
B3_1064,052-1563-061-00,(housing-singleton),1,housing_singleton,B2022-05842,,high,B2022-05842,high,single,completion,housing_singleton,housing_singleton_kept,22
B3_1068,053-1628-032-00,(housing-singleton),1,housing_singleton,B2022-01276,,high,B2022-01276,high,single,completion,housing_singleton,housing_singleton_kept,22
B3_1069,054-1791-015-00,(housing-singleton),1,housing_singleton,B2022-04530,,high,B2022-04530,high,single,completion,housing_singleton,housing_singleton_kept,22
B3_1070,052-1583-034-00,(housing-singleton),1,housing_singleton,B2023-03282,,high,B2023-03282,high,single,completion,housing_singleton,housing_singleton_kept,22
B3_1071,055-1847-015-00,(housing-singleton),1,housing_singleton,B2023-06297,,high,B2023-06297,high,single,ancillary,housing_singleton,housing_singleton_kept,22
B3_1072,064-4251-035-00,(housing-singleton),1,housing_singleton,B2024-03355,,high,B2024-03355,high,single,ancillary,housing_singleton,housing_singleton_kept,22
B3_1073,054-1781-007-00,(housing-singleton),1,housing_singleton,B2018-01749,,high,B2018-01749,high,single,completion,housing_singleton,housing_singleton_kept,22
B3_1074,055-1903-002-00,(housing-singleton),1,housing_singleton,B2022-03342,,high,B2022-03342,high,single,ancillary,housing_singleton,housing_singleton_kept,22
B3_1075,053-1686-015-00,(housing-singleton),1,housing_singleton,B2015-04523,,high,B2015-04523,high,single,completion,housing_singleton,housing_singleton_kept,22
B3_1077,063-2960-007-00,(housing-singleton),1,housing_singleton,B2023-03213,,high,B2023-03213,high,single,completion,housing_singleton,housing_singleton_kept,22
B3_1079,058-2176-025-00,(housing-singleton),1,housing_singleton,B2017-02592,,high,B2017-02592,high,single,completion,housing_singleton,housing_singleton_kept,22
B3_1080,062-2881-001-00,(housing-singleton),1,housing_singleton,B2023-00764,,high,B2023-00764,high,single,ancillary,housing_singleton,housing_singleton_kept,22
B3_1081,058-2246-023-00,(housing-singleton),1,housing_singleton,B2025-05615,,high,B2025-05615,high,single,ancillary,housing_singleton,housing_singleton_kept,22
B3_1082,054-1710-032-00,(housing-singleton),1,housing_singleton,B2025-05463,,high,B2025-05463,high,single,completion,housing_singleton,housing_singleton_kept,22
B3_1083,062-2942-030-00,(housing-singleton),1,housing_singleton,B2023-01666,,high,B2023-01666,high,single,sitework,housing_singleton,housing_singleton_kept,22
B3_1084,060-2446-015-00,(housing-singleton),1,housing_singleton,B2024-00758,,high,B2024-00758,high,single,completion,housing_singleton,housing_singleton_kept,22
B3_1086,060-2490-005-01,(housing-singleton),1,housing_singleton,B2025-05024,,high,B2025-05024,high,single,ancillary,housing_singleton,housing_singleton_kept,22
B3_1087,059-2268-009-00,(housing-singleton),1,housing_singleton,B2023-02826,,high,B2023-02826,high,single,ancillary,housing_singleton,housing_singleton_kept,22
B3_1088,057-2072-015-01,(housing-singleton),1,housing_singleton,B2024-02228,,high,B2024-02228,high,single,ancillary,housing_singleton,housing_singleton_kept,22
B3_1089,057-2079-001-01,Building A,1,building_label,B2019-03964,,high,B2019-03964,high,single,completion,label_singleton,labeled_singleton,22
B3_1091,058-2123-019-00,(housing-singleton),1,housing_singleton,B2019-01366,,high,B2019-01366,high,single,completion,housing_singleton,housing_singleton_kept,22
B3_1093,055-1914-036-00,(housing-singleton),1,housing_singleton,B2019-00959,,high,B2019-00959,high,single,completion,housing_singleton,housing_singleton_kept,22
B3_1094,059-2277-014-00,(housing-singleton),1,housing_singleton,B2024-01769,,high,B2024-01769,high,single,ancillary,housing_singleton,housing_singleton_kept,22
B3_1095,056-2002-011-00,(housing-singleton),1,housing_singleton,B2023-06367,,high,B2023-06367,high,single,completion,housing_singleton,housing_singleton_kept,22
B3_1096,060-2393-020-00,(housing-singleton),1,housing_singleton,B2019-05136,,high,B2019-05136,high,single,completion,housing_singleton,housing_singleton_kept,22
B3_1099,058-2160-016-00,(housing-singleton),1,housing_singleton,B2025-05597,,high,B2025-05597,high,single,ancillary,housing_singleton,housing_singleton_kept,22
B3_1100,054-1797-024-01,(housing-singleton),1,housing_singleton,B2020-00794,1.0,high,B2020-00794,high,single,completion,housing_singleton,housing_singleton_kept,22
B3_1102,055-1909-016-00,(housing-singleton),1,housing_singleton,B2020-03314,,high,B2020-03314,high,single,ancillary,housing_singleton,housing_singleton_kept,22
B3_1103,060-2490-034-00,(housing-singleton),1,housing_singleton,B2024-02173,,high,B2024-02173,high,single,ancillary,housing_singleton,housing_singleton_kept,22
B3_1104,055-1895-005-00,(housing-singleton),1,housing_singleton,B2024-00782,,high,B2024-00782,high,single,completion,housing_singleton,housing_singleton_kept,22
B3_1105,058-2193-003-00,(housing-singleton),1,housing_singleton,B2023-02316,,high,B2023-02316,high,single,ancillary,housing_singleton,housing_singleton_kept,22
B3_1106,056-1997-052-00,(housing-singleton),1,housing_singleton,B2020-04073,,high,B2020-04073,high,single,sitework,housing_singleton,housing_singleton_kept,22
B3_1107,060-2478-029-00,(housing-singleton),1,housing_singleton,B2023-01614,,high,B2023-01614,high,single,completion,housing_singleton,housing_singleton_kept,22
B3_1109,053-1594-023-00,(housing-singleton),1,housing_singleton,B2023-04985,,high,B2023-04985,high,single,completion,housing_singleton,housing_singleton_kept,22
B3_1111,059-2338-010-00,(housing-singleton),1,housing_singleton,B2020-01978,,high,B2020-01978,high,single,completion,housing_singleton,housing_singleton_kept,22
B3_1112,052-1536-033-00,(housing-singleton),1,housing_singleton,B2023-02649,,high,B2023-02649,high,single,completion,housing_singleton,housing_singleton_kept,22
B3_1113,062-2870-023-00,(housing-singleton),1,housing_singleton,B2024-03877,,high,B2024-03877,high,single,sitework,housing_singleton,housing_singleton_kept,22
B3_1114,063-2975-030-00,(housing-singleton),1,housing_singleton,B2024-00204,,high,B2024-00204,high,single,ancillary,housing_singleton,housing_singleton_kept,22
B3_1116,055-1896-007-01,(housing-singleton),1,housing_singleton,B2024-05891,,high,B2024-05891,high,single,completion,housing_singleton,housing_singleton_kept,22
B3_1117,063-2964-025-00,(housing-singleton),1,housing_singleton,B2025-02804,,high,B2025-02804,high,single,completion,housing_singleton,housing_singleton_kept,22
B3_1118,063-3140-022-00,(housing-singleton),1,housing_singleton,B2025-04106,,high,B2025-04106,high,single,completion,housing_singleton,housing_singleton_kept,22
B3_1119,053-1594-023-00,(housing-singleton),1,housing_singleton,B2024-03384,,high,B2024-03384,high,single,completion,housing_singleton,housing_singleton_kept,22
B3_1120,061-2576-076-00,(housing-singleton),1,housing_singleton,B2022-03965,,high,B2022-03965,high,single,completion,housing_singleton,housing_singleton_kept,22
B3_1122,054-1806-023-00,(housing-singleton),1,housing_singleton,B2024-01376,,high,B2024-01376,high,single,completion,housing_singleton,housing_singleton_kept,22
B3_1123,056-1934-008-00,(housing-singleton),1,housing_singleton,B2019-05135,,high,B2019-05135,high,single,ancillary,housing_singleton,housing_singleton_kept,22
B3_1124,053-1614-018-00,Building 8,1,building_label,B2023-00259,,high,B2023-00259,high,single,completion,label_singleton,labeled_singleton,22
B3_1125,060-2393-027-00,(housing-singleton),1,housing_singleton,B2023-05071,,high,B2023-05071,high,single,completion,housing_singleton,housing_singleton_kept,22
B3_1126,062-2940-013-00,(housing-singleton),1,housing_singleton,B2023-05288,,high,B2023-05288,high,single,completion,housing_singleton,housing_singleton_kept,22
B3_1127,062-2907-022-00,(housing-singleton),1,housing_singleton,B2023-00299,,high,B2023-00299,high,single,ancillary,housing_singleton,housing_singleton_kept,22
B3_1128,056-1974-029-00,(housing-singleton),1,housing_singleton,B2024-01850,,high,B2024-01850,high,single,completion,housing_singleton,housing_singleton_kept,22
B3_1129,056-1975-015-03,(housing-singleton),1,housing_singleton,B2024-02311,,high,B2024-02311,high,single,completion,housing_singleton,housing_singleton_kept,22
B3_1131,054-1812-016-00,(housing-singleton),1,housing_singleton,B2024-02851,,high,B2024-02851,high,single,ancillary,housing_singleton,housing_singleton_kept,22
B3_1132,058-2118-024-00,(housing-singleton),1,housing_singleton,B2024-04072,,high,B2024-04072,high,single,ancillary,housing_singleton,housing_singleton_kept,22
B3_1133,060-2445-015-00,(housing-singleton),1,housing_singleton,B2022-02144,,high,B2022-02144,high,single,ancillary,housing_singleton,housing_singleton_kept,22
B3_1134,058-2124-013-00,(housing-singleton),1,housing_singleton,B2024-03178,,high,B2024-03178,high,single,completion,housing_singleton,housing_singleton_kept,22
B3_1135,060-2483-006-00,(housing-singleton),1,housing_singleton,B2025-05028,,high,B2025-05028,high,single,ancillary,housing_singleton,housing_singleton_kept,22
B3_1136,063-2988-003-01,(housing-singleton),1,housing_singleton,B2024-03728,,high,B2024-03728,high,single,ancillary,housing_singleton,housing_singleton_kept,22
B3_1137,060-2438-038-00,(housing-singleton),1,housing_singleton,B2023-05275,,high,B2023-05275,high,single,completion,housing_singleton,housing_singleton_kept,22
B3_1138,058-2232-003-00,(housing-singleton),1,housing_singleton,B2025-01357,,high,B2025-01357,high,single,completion,housing_singleton,housing_singleton_kept,22
B3_1139,060-2429-050-00,(housing-singleton),1,housing_singleton,B2025-01383,,high,B2025-01383,high,single,ancillary,housing_singleton,housing_singleton_kept,22
B3_1140,054-1800-005-00,(housing-singleton),1,housing_singleton,B2024-03154,,high,B2024-03154,high,single,completion,housing_singleton,housing_singleton_kept,22
B3_1141,057-2049-040-00,(housing-singleton),1,housing_singleton,B2025-00546,,high,B2025-00546,high,single,ancillary,housing_singleton,housing_singleton_kept,22
B3_1142,054-1807-013-00,(housing-singleton),1,housing_singleton,B2022-02908,,high,B2022-02908,high,single,completion,housing_singleton,housing_singleton_kept,22
B3_1143,052-1584-030-00,(housing-singleton),1,housing_singleton,B2025-01543,,high,B2025-01543,high,single,completion,housing_singleton,housing_singleton_kept,22
B3_1144,058-2157-004-00,(housing-singleton),1,housing_singleton,B2025-01378,,high,B2025-01378,high,single,completion,housing_singleton,housing_singleton_kept,22
B3_1146,060-2438-029-00,(housing-singleton),1,housing_singleton,B2023-06244,,high,B2023-06244,high,single,ancillary,housing_singleton,housing_singleton_kept,22
B3_1148,056-1944-023-00,(housing-singleton),1,housing_singleton,B2025-00265,,high,B2025-00265,high,single,completion,housing_singleton,housing_singleton_kept,22
B3_1149,059-2279-009-00,(housing-singleton),1,housing_singleton,B2025-05703,,high,B2025-05703,high,single,ancillary,housing_singleton,housing_singleton_kept,22
B3_1151,056-1925-016-00,(housing-singleton),1,housing_singleton,B2023-04585,,high,B2023-04585,high,single,ancillary,housing_singleton,housing_singleton_kept,22
B3_1152,060-2433-002-00,(housing-singleton),1,housing_singleton,B2023-03341,,high,B2023-03341,high,single,completion,housing_singleton,housing_singleton_kept,22
B3_1153,057-2079-004-00,(housing-singleton),1,housing_singleton,B2025-01140,,high,B2025-01140,high,single,completion,housing_singleton,housing_singleton_kept,22
B3_1154,053-1686-015-00,(housing-singleton),1,housing_singleton,B2015-04522,,high,B2015-04522,high,single,completion,housing_singleton,housing_singleton_kept,22
B3_1155,058-2158-032-01,(housing-singleton),1,housing_singleton,B2023-02585,,high,B2023-02585,high,single,completion,housing_singleton,housing_singleton_kept,22
B3_1156,055-1878-022-00,(housing-singleton),1,housing_singleton,B2024-02120,,high,B2024-02120,high,single,completion,housing_singleton,housing_singleton_kept,22
B3_1159,053-1664-004-00,(housing-singleton),1,housing_singleton,B2024-02296,,high,B2024-02296,high,single,completion,housing_singleton,housing_singleton_kept,22
B3_1160,054-1708-005-00,(housing-singleton),1,housing_singleton,B2024-00492,,high,B2024-00492,high,single,completion,housing_singleton,housing_singleton_kept,22
B3_1161,055-1884-005-00,(housing-singleton),1,xref/base,B2024-04276,,high,B2024-04276,high,single,completion,housing_singleton,housing_singleton_kept,22
B3_1162,057-2081-020-00,(housing-singleton),1,housing_singleton,B2024-04334,,high,B2024-04334,high,single,completion,housing_singleton,housing_singleton_kept,22
B3_1163,052-1561-009-00,(housing-singleton),1,housing_singleton,B2021-01835,,high,B2021-01835,high,single,completion,housing_singleton,housing_singleton_kept,22
B3_1164,063-2976-001-00,(housing-singleton),1,housing_singleton,B2025-01515,,high,B2025-01515,high,single,completion,housing_singleton,housing_singleton_kept,22
B3_1165,060-2469-039-00,(housing-singleton),1,housing_singleton,B2024-02892,,high,B2024-02892,high,single,completion,housing_singleton,housing_singleton_kept,22
B3_1166,054-1811-001-02,(housing-singleton),1,housing_singleton,B2024-03551,,high,B2024-03551,high,single,ancillary,housing_singleton,housing_singleton_kept,22
B3_1169,055-1832-028-00,(housing-singleton),1,housing_singleton,B2021-05229,,high,B2021-05229,high,single,ancillary,housing_singleton,housing_singleton_kept,22
B3_1171,058-2140-005-00,(housing-singleton),1,housing_singleton,B2019-01149,,high,B2019-01149,high,single,completion,housing_singleton,housing_singleton_kept,22
B3_1173,062-2920-020-00,(housing-singleton),1,housing_singleton,B2023-06240,,high,B2023-06240,high,single,ancillary,housing_singleton,housing_singleton_kept,22
B3_1175,060-2430-009-00,(housing-singleton),1,housing_singleton,B2021-03915,,high,B2021-03915,high,single,completion,housing_singleton,housing_singleton_kept,22
B3_1176,055-1895-009-00,(housing-singleton),1,housing_singleton,B2024-02481,,high,B2024-02481,high,single,completion,housing_singleton,housing_singleton_kept,22
B3_1177,058-2139-024-00,(housing-singleton),1,housing_singleton,B2024-02957,,high,B2024-02957,high,single,completion,housing_singleton,housing_singleton_kept,22
B3_1178,053-1615-010-00,(housing-singleton),1,housing_singleton,B2024-04284,,high,B2024-04284,high,single,ancillary,housing_singleton,housing_singleton_kept,22
B3_1179,052-1552-009-00,(housing-singleton),1,housing_singleton,B2025-02293,,high,B2025-02293,high,single,ancillary,housing_singleton,housing_singleton_kept,22
B3_1180,058-2205-005-00,(housing-singleton),1,housing_singleton,B2022-00523,,high,B2022-00523,high,single,completion,housing_singleton,housing_singleton_kept,22
B3_1181,057-2083-002-00,(housing-singleton),1,housing_singleton,B2021-04128,,high,B2021-04128,high,single,completion,housing_singleton,housing_singleton_kept,22
B3_1182,060-2398-009-00,(housing-singleton),1,housing_singleton,B2022-05767,,high,B2022-05767,high,single,sitework,housing_singleton,housing_singleton_kept,22
B3_1183,055-1832-106-00,(housing-singleton),1,housing_singleton,B2023-01870,,high,B2023-01870,high,single,completion,housing_singleton,housing_singleton_kept,22
B3_1184,058-2179-018-00,(housing-singleton),1,housing_singleton,B2023-03276,,high,B2023-03276,high,single,ancillary,housing_singleton,housing_singleton_kept,22
B3_1185,057-2058-001-01,(housing-singleton),1,housing_singleton,B2024-05556,,high,B2024-05556,high,single,ancillary,housing_singleton,housing_singleton_kept,22
B3_1186,052-1522-003-00,(housing-singleton),1,housing_singleton,B2025-00152,,high,B2025-00152,high,single,completion,housing_singleton,housing_singleton_kept,22
B3_1187,059-2252-037-00,(housing-singleton),1,housing_singleton,B2025-01232,,high,B2025-01232,high,single,ancillary,housing_singleton,housing_singleton_kept,22
B3_1188,054-1791-009-00,(housing-singleton),1,housing_singleton,B2022-02969,,high,B2022-02969,high,single,ancillary,housing_singleton,housing_singleton_kept,22
B3_1189,058-2186-014-00,(housing-singleton),1,housing_singleton,B2022-05411,,high,B2022-05411,high,single,completion,housing_singleton,housing_singleton_kept,22
B3_1190,060-2466-085-00,(housing-singleton),1,housing_singleton,B2024-01967,,high,B2024-01967,high,single,completion,housing_singleton,housing_singleton_kept,22
B3_1191,060-2484-027-00,(housing-singleton),1,housing_singleton,B2025-05025,,high,B2025-05025,high,single,ancillary,housing_singleton,housing_singleton_kept,22
B3_1192,054-1710-031-00,(housing-singleton),1,housing_singleton,B2025-05972,,high,B2025-05972,high,single,completion,housing_singleton,housing_singleton_kept,22
B3_1193,060-2405-018-00,(housing-singleton),1,housing_singleton,B2022-02055,,high,B2022-02055,high,single,completion,housing_singleton,housing_singleton_kept,22
B3_1194,060-2433-007-00,(housing-singleton),1,housing_singleton,B2020-01103,,high,B2020-01103,high,single,completion,housing_singleton,housing_singleton_kept,22
B3_1195,062-2849-006-00,(housing-singleton),1,housing_singleton,B2022-05381,,high,B2022-05381,high,single,completion,housing_singleton,housing_singleton_kept,22
B3_1197,062-2920-020-00,(housing-singleton),1,housing_singleton,B2023-02913,,high,B2023-02913,high,single,completion,housing_singleton,housing_singleton_kept,22
B3_1198,062-2871-004-00,(housing-singleton),1,housing_singleton,B2019-01705,,high,B2019-01705,high,single,completion,housing_singleton,housing_singleton_kept,22
B3_1199,053-1698-001-00,(housing-singleton),1,housing_singleton,B2023-02943,,high,B2023-02943,high,single,ancillary,housing_singleton,housing_singleton_kept,22
B3_1201,061-2611-018-00,(housing-singleton),1,housing_singleton,B2025-01749,,high,B2025-01749,high,single,ancillary,housing_singleton,housing_singleton_kept,22
B3_1204,053-1594-022-00,(housing-singleton),1,housing_singleton,B2022-05608,,high,B2022-05608,high,single,completion,housing_singleton,housing_singleton_kept,22
B3_1207,052-1434-003-00,(housing-singleton),1,housing_singleton,B2020-02735,,high,B2020-02735,high,single,completion,housing_singleton,housing_singleton_kept,22
B3_1208,057-2070-007-05,(housing-singleton),1,housing_singleton,B2024-03656,,high,B2024-03656,high,single,completion,housing_singleton,housing_singleton_kept,22
B3_1209,063-3130-040-00,(housing-singleton),1,housing_singleton,B2025-02472,,high,B2025-02472,high,single,completion,housing_singleton,housing_singleton_kept,22
B3_1211,062-2914-030-00,(housing-singleton),1,housing_singleton,B2024-02116,,high,B2024-02116,high,single,completion,housing_singleton,housing_singleton_kept,22
B3_1212,062-2886-014-00,(housing-singleton),1,housing_singleton,B2025-00806,,high,B2025-00806,high,single,completion,housing_singleton,housing_singleton_kept,22
B3_1213,058-2120-023-01,(housing-singleton),1,housing_singleton,B2019-03709,,high,B2019-03709,high,single,completion,housing_singleton,housing_singleton_kept,22
B3_1214,063-2962-007-00,(housing-singleton),1,housing_singleton,B2023-04634,,high,B2023-04634,high,single,ancillary,housing_singleton,housing_singleton_kept,22
B3_1215,062-2921-006-00,(housing-singleton),1,housing_singleton,B2024-04987,,high,B2024-04987,high,single,completion,housing_singleton,housing_singleton_kept,22
B3_1216,058-2161-006-00,(housing-singleton),1,housing_singleton,B2024-01404,,high,B2024-01404,high,single,completion,housing_singleton,housing_singleton_kept,22
B3_1217,060-2470-002-00,(housing-singleton),1,housing_singleton,B2025-05683,,high,B2025-05683,high,single,completion,housing_singleton,housing_singleton_kept,22
B3_1219,063-2959-060-00,(housing-singleton),1,housing_singleton,B2024-02650,,high,B2024-02650,high,single,completion,housing_singleton,housing_singleton_kept,22
B3_1220,052-1526-024-00,(housing-singleton),1,housing_singleton,B2017-02864,,high,B2017-02864,high,single,completion,housing_singleton,housing_singleton_kept,22
B3_1221,052-1564-023-00,(housing-singleton),1,housing_singleton,B2024-00891,,high,B2024-00891,high,single,completion,housing_singleton,housing_singleton_kept,22
B3_1222,061-2575-003-02,(housing-singleton),1,housing_singleton,B2024-00912,,high,B2024-00912,high,single,completion,housing_singleton,housing_singleton_kept,22
B3_1223,056-1970-020-00,(housing-singleton),1,housing_singleton,B2017-03507,,high,B2017-03507,high,single,completion,housing_singleton,housing_singleton_kept,22
B3_1224,053-1660-012-00,(housing-singleton),1,housing_singleton,B2024-05830,,high,B2024-05830,high,single,completion,housing_singleton,housing_singleton_kept,22
B3_1225,058-2154-032-00,(housing-singleton),1,housing_singleton,B2023-03524,,high,B2023-03524,high,single,completion,housing_singleton,housing_singleton_kept,22
B3_1226,055-1903-023-00,(housing-singleton),1,housing_singleton,B2020-00577,,high,B2020-00577,high,single,completion,housing_singleton,housing_singleton_kept,22
B3_1227,054-1808-032-00,(housing-singleton),1,housing_singleton,B2024-04058,,high,B2024-04058,high,single,ancillary,housing_singleton,housing_singleton_kept,22
B3_1228,060-2494-020-01,(housing-singleton),1,housing_singleton,B2018-03587,1.0,high,B2018-03587,high,single,completion,housing_singleton,housing_singleton_kept,22
B3_1229,058-2121-007-00,(housing-singleton),1,housing_singleton,B2016-05739,,high,B2016-05739,high,single,completion,housing_singleton,housing_singleton_kept,22
B3_1231,060-2394-023-00,(housing-singleton),1,housing_singleton,B2025-02063,,high,B2025-02063,high,single,ancillary,housing_singleton,housing_singleton_kept,22
B3_1232,056-2008-005-00,(housing-singleton),1,housing_singleton,B2025-00495,,high,B2025-00495,high,single,completion,housing_singleton,housing_singleton_kept,22
B3_1233,063-3161-021-00,(housing-singleton),1,housing_singleton,B2025-05003,,high,B2025-05003,high,single,ancillary,housing_singleton,housing_singleton_kept,22
B3_1234,058-2242-038-03,(housing-singleton),1,housing_singleton,B2022-05869,,high,B2022-05869,high,single,ancillary,housing_singleton,housing_singleton_kept,22
B3_1235,062-2887-012-00,(housing-singleton),1,housing_singleton,B2023-04611,,high,B2023-04611,high,single,completion,housing_singleton,housing_singleton_kept,22
B3_1236,056-1934-004-00,(housing-singleton),1,housing_singleton,B2024-03983,,high,B2024-03983,high,single,completion,housing_singleton,housing_singleton_kept,22
B3_1237,052-1563-159-00,(housing-singleton),1,housing_singleton,B2023-04184,,high,B2023-04184,high,single,completion,housing_singleton,housing_singleton_kept,22
B3_1238,060-2417-028-00,(housing-singleton),1,housing_singleton,B2016-04953,,high,B2016-04953,high,single,ancillary,housing_singleton,housing_singleton_kept,22
B3_1239,059-2335-005-00,(housing-singleton),1,housing_singleton,B2022-04347,,high,B2022-04347,high,single,ancillary,housing_singleton,housing_singleton_kept,22
B3_1240,055-1911-022-00,(housing-singleton),1,housing_singleton,B2022-04886,,high,B2022-04886,high,single,completion,housing_singleton,housing_singleton_kept,22
B3_1241,056-1998-046-00,(housing-singleton),1,housing_singleton,B2024-04622,,high,B2024-04622,high,single,ancillary,housing_singleton,housing_singleton_kept,22
B3_1242,060-2482-005-00,(housing-singleton),1,housing_singleton,B2024-00664,,high,B2024-00664,high,single,completion,housing_singleton,housing_singleton_kept,22
B3_1243,060-2490-001-01,(housing-singleton),1,housing_singleton,B2025-05001,,high,B2025-05001,high,single,ancillary,housing_singleton,housing_singleton_kept,22
B3_1244,060-2495-020-00,(housing-singleton),1,housing_singleton,B2023-01761,,high,B2023-01761,high,single,completion,housing_singleton,housing_singleton_kept,22
B3_1245,052-1569-019-00,(housing-singleton),1,housing_singleton,B2021-04175,,high,B2021-04175,high,single,completion,housing_singleton,housing_singleton_kept,22
B3_1246,061-2588-049-00,(housing-singleton),1,housing_singleton,B2023-05497,,high,B2023-05497,high,single,completion,housing_singleton,housing_singleton_kept,22
B3_1247,052-1535-001-00,(housing-singleton),1,housing_singleton,B2023-01257,,high,B2023-01257,high,single,ancillary,housing_singleton,housing_singleton_kept,22
B3_1248,063-2973-017-00,(housing-singleton),1,housing_singleton,B2025-00189,,high,B2025-00189,high,single,completion,housing_singleton,housing_singleton_kept,22
B3_1249,058-2145-035-00,(housing-singleton),1,housing_singleton,B2025-04548,,high,B2025-04548,high,single,completion,housing_singleton,housing_singleton_kept,22
B3_1250,059-2284-037-00,(housing-singleton),1,housing_singleton,B2020-01517,,high,B2020-01517,high,single,completion,housing_singleton,housing_singleton_kept,22
B3_1252,059-2330-001-00,(housing-singleton),1,housing_singleton,B2025-05817,,high,B2025-05817,high,single,completion,housing_singleton,housing_singleton_kept,22
B3_1253,053-1625-006-00,(housing-singleton),1,housing_singleton,B2019-00978,,high,B2019-00978,high,single,completion,housing_singleton,housing_singleton_kept,22
B3_1255,064-4249-008-00,(housing-singleton),1,housing_singleton,B2022-03639,,high,B2022-03639,high,single,ancillary,housing_singleton,housing_singleton_kept,22
B3_1256,053-1595-005-00,(housing-singleton),1,housing_singleton,B2022-03416,,high,B2022-03416,high,single,completion,housing_singleton,housing_singleton_kept,22
B3_1258,055-1832-020-00,(housing-singleton),1,housing_singleton,B2022-01902,,high,B2022-01902,high,single,completion,housing_singleton,housing_singleton_kept,22
B3_1259,060-2479-031-02,(housing-singleton),1,housing_singleton,B2023-00137,,high,B2023-00137,high,single,completion,housing_singleton,housing_singleton_kept,22
B3_1260,058-2165-016-00,(housing-singleton),1,housing_singleton,B2024-04256,,high,B2024-04256,high,single,completion,housing_singleton,housing_singleton_kept,22
B3_1262,062-2849-015-00,(housing-singleton),1,housing_singleton,B2025-01284,,high,B2025-01284,high,single,ancillary,housing_singleton,housing_singleton_kept,22
B3_1264,055-1911-007-00,(housing-singleton),1,housing_singleton,B2025-02080,,high,B2025-02080,high,single,completion,housing_singleton,housing_singleton_kept,22
B3_1266,062-2914-012-04,(housing-singleton),1,housing_singleton,B2025-04578,,high,B2025-04578,high,single,completion,housing_singleton,housing_singleton_kept,22
B3_1267,064-4244-008-00,(housing-singleton),1,housing_singleton,B2024-04741,,high,B2024-04741,high,single,completion,housing_singleton,housing_singleton_kept,22
B3_1268,055-1839-020-00,(housing-singleton),1,housing_singleton,B2016-03471,70.0,high,B2016-03471,high,single,sitework,housing_singleton,housing_singleton_kept,22
B3_1269,052-1518-007-00,(housing-singleton),1,housing_singleton,B2022-02907,1.0,high,B2022-02907,high,single,completion,housing_singleton,housing_singleton_kept,22
B3_1271,054-1788-024-00,(housing-singleton),1,housing_singleton,B2021-01691,,high,B2021-01691,high,single,ancillary,housing_singleton,housing_singleton_kept,22
B3_1273,060-2398-010-00,(housing-singleton),1,housing_singleton,B2021-00065,,high,B2021-00065,high,single,completion,housing_singleton,housing_singleton_kept,22
B3_1274,060-2493-039-00,(housing-singleton),1,housing_singleton,B2024-01729,,high,B2024-01729,high,single,ancillary,housing_singleton,housing_singleton_kept,22
B3_1277,053-1663-012-00,(housing-singleton),1,housing_singleton,B2025-04874,,high,B2025-04874,high,single,completion,housing_singleton,housing_singleton_kept,22
B3_1278,060-2483-010-00,(housing-singleton),1,housing_singleton,B2025-04900,,high,B2025-04900,high,single,ancillary,housing_singleton,housing_singleton_kept,22
B3_1279,060-2469-026-00,(housing-singleton),1,housing_singleton,B2022-03337,,high,B2022-03337,high,single,completion,housing_singleton,housing_singleton_kept,22
B3_1280,056-1917-013-00,(housing-singleton),1,housing_singleton,B2018-01921,,high,B2018-01921,high,single,completion,housing_singleton,housing_singleton_kept,22
B3_1282,058-2130-021-00,(housing-singleton),1,housing_singleton,B2025-03258,,high,B2025-03258,high,single,completion,housing_singleton,housing_singleton_kept,22
B3_1284,055-1905-011-03,(housing-singleton),1,housing_singleton,B2024-05037,,high,B2024-05037,high,single,completion,housing_singleton,housing_singleton_kept,22
B3_1285,062-2911-011-00,(housing-singleton),1,housing_singleton,B2020-03985,,high,B2020-03985,high,single,completion,housing_singleton,housing_singleton_kept,22
B3_1287,060-2394-016-00,(housing-singleton),1,housing_singleton,B2023-04863,,high,B2023-04863,high,single,completion,housing_singleton,housing_singleton_kept,22
B3_1289,060-2493-018-02,(housing-singleton),1,housing_singleton,B2025-02635,,high,B2025-02635,high,single,ancillary,housing_singleton,housing_singleton_kept,22
B3_1290,053-1619-012-00,(housing-singleton),1,housing_singleton,B2017-02462,,high,B2017-02462,high,single,completion,housing_singleton,housing_singleton_kept,22
B3_1291,062-2942-056-00,(housing-singleton),1,housing_singleton,B2024-03646,,high,B2024-03646,high,single,ancillary,housing_singleton,housing_singleton_kept,22
B3_1293,054-1702-090-00,(housing-singleton),1,housing_singleton,B2023-05733,,high,B2023-05733,high,single,completion,housing_singleton,housing_singleton_kept,22
B3_1294,062-2942-018-00,(housing-singleton),1,housing_singleton,B2025-01230,,high,B2025-01230,high,single,completion,housing_singleton,housing_singleton_kept,22
B3_1295,056-1984-027-00,(housing-singleton),1,housing_singleton,B2023-05286,,high,B2023-05286,high,single,ancillary,housing_singleton,housing_singleton_kept,22
B3_1296,054-1731-003-00,(housing-singleton),1,housing_singleton,B2025-03732,,high,B2025-03732,high,single,completion,housing_singleton,housing_singleton_kept,22
B3_1297,056-1943-023-00,(housing-singleton),1,housing_singleton,B2017-01029,,high,B2017-01029,high,single,ancillary,housing_singleton,housing_singleton_kept,22
B3_1298,052-1438-029-00,(housing-singleton),1,housing_singleton,B2018-00936,,high,B2018-00936,high,single,completion,housing_singleton,housing_singleton_kept,22
B3_1299,053-1588-019-00,(housing-singleton),1,housing_singleton,B2025-02529,,high,B2025-02529,high,single,completion,housing_singleton,housing_singleton_kept,22
B3_1300,056-1918-006-00,(housing-singleton),1,housing_singleton,B2019-05445,1.0,high,B2019-05445,high,single,completion,housing_singleton,housing_singleton_kept,22
B3_1301,056-1969-019-00,(housing-singleton),1,housing_singleton,B2023-06238,,high,B2023-06238,high,single,completion,housing_singleton,housing_singleton_kept,22
B3_1302,060-2483-044-00,(housing-singleton),1,housing_singleton,B2025-04451,,high,B2025-04451,high,single,completion,housing_singleton,housing_singleton_kept,22
B3_1304,053-1601-016-00,(housing-singleton),1,housing_singleton,B2022-03216,4.0,high,B2022-03216,high,single,sitework,housing_singleton,housing_singleton_kept,22
B3_1305,060-2391-062-00,(housing-singleton),1,housing_singleton,B2024-00015,,high,B2024-00015,high,single,ancillary,housing_singleton,housing_singleton_kept,22
B3_1306,060-2490-025-00,(housing-singleton),1,housing_singleton,B2024-01604,,high,B2024-01604,high,single,ancillary,housing_singleton,housing_singleton_kept,22
B3_1307,062-2916-022-00,(housing-singleton),1,housing_singleton,B2025-01546,,high,B2025-01546,high,single,ancillary,housing_singleton,housing_singleton_kept,22
B3_1308,059-2250-043-01,(housing-singleton),1,housing_singleton,B2023-00816,,high,B2023-00816,high,single,completion,housing_singleton,housing_singleton_kept,22
B3_1309,054-1715-027-00,(housing-singleton),1,housing_singleton,B2023-04812,,high,B2023-04812,high,single,completion,housing_singleton,housing_singleton_kept,22
B3_1310,055-1842-018-01,(housing-singleton),1,housing_singleton,B2023-05543,,high,B2023-05543,high,single,completion,housing_singleton,housing_singleton_kept,22
B3_1311,056-2011-018-00,(housing-singleton),1,housing_singleton,B2022-03853,,high,B2022-03853,high,single,ancillary,housing_singleton,housing_singleton_kept,22
B3_1312,064-4251-032-00,(housing-singleton),1,housing_singleton,B2025-01182,,high,B2025-01182,high,single,completion,housing_singleton,housing_singleton_kept,22
B3_1313,060-2391-042-00,(housing-singleton),1,housing_singleton,B2024-03867,,high,B2024-03867,high,single,ancillary,housing_singleton,housing_singleton_kept,22
B3_1314,053-1686-036-00,(housing-singleton),1,housing_singleton,B2025-04846,,high,B2025-04846,high,single,completion,housing_singleton,housing_singleton_kept,22
B3_1315,063-3110-048-00,(housing-singleton),1,xref/base,B2021-02376,,high,B2021-02376,high,single,completion,housing_singleton,housing_singleton_kept,22
B3_1316,062-2885-019-00,(housing-singleton),1,housing_singleton,B2023-04823,,high,B2023-04823,high,single,ancillary,housing_singleton,housing_singleton_kept,22
B3_1317,060-2391-055-00,(housing-singleton),1,housing_singleton,B2023-01554,,high,B2023-01554,high,single,completion,housing_singleton,housing_singleton_kept,22
B3_1318,062-2870-024-00,(housing-singleton),1,housing_singleton,B2019-01118,,high,B2019-01118,high,single,completion,housing_singleton,housing_singleton_kept,22
B3_1319,055-1832-131-00,(housing-singleton),1,housing_singleton,B2023-02926,,high,B2023-02926,high,single,completion,housing_singleton,housing_singleton_kept,22
B3_1320,058-2134-020-00,(housing-singleton),1,housing_singleton,B2024-00223,,high,B2024-00223,high,single,completion,housing_singleton,housing_singleton_kept,22
B3_1321,058-2118-024-00,(housing-singleton),1,housing_singleton,B2024-03025,,high,B2024-03025,high,single,ancillary,housing_singleton,housing_singleton_kept,22
B3_1322,052-1565-003-00,(housing-singleton),1,housing_singleton,B2024-03316,,high,B2024-03316,high,single,ancillary,housing_singleton,housing_singleton_kept,22
B3_1323,063-3120-004-05,(housing-singleton),1,housing_singleton,B2024-01873,,high,B2024-01873,high,single,ancillary,housing_singleton,housing_singleton_kept,22
B3_1324,060-2484-012-00,(housing-singleton),1,housing_singleton,B2025-03793,,high,B2025-03793,high,single,completion,housing_singleton,housing_singleton_kept,22
B3_1325,060-2489-012-00,(housing-singleton),1,housing_singleton,B2024-02216,,high,B2024-02216,high,single,ancillary,housing_singleton,housing_singleton_kept,22
B3_1326,056-1924-016-00,(housing-singleton),1,housing_singleton,B2022-03711,,high,B2022-03711,high,single,completion,housing_singleton,housing_singleton_kept,22
B3_1327,062-2874-005-00,(housing-singleton),1,housing_singleton,B2018-02161,,high,B2018-02161,high,single,completion,housing_singleton,housing_singleton_kept,22
B3_1328,060-2469-018-00,(housing-singleton),1,housing_singleton,B2017-02783,,high,B2017-02783,high,single,completion,housing_singleton,housing_singleton_kept,22
B3_1329,054-1794-026-00,(housing-singleton),1,housing_singleton,B2024-04585,,high,B2024-04585,high,single,ancillary,housing_singleton,housing_singleton_kept,22
B3_1330,055-1842-017-00,(housing-singleton),1,housing_singleton,B2025-03701,,high,B2025-03701,high,single,ancillary,housing_singleton,housing_singleton_kept,22
B3_1331,060-2404-017-00,(housing-singleton),1,housing_singleton,B2024-04349,,high,B2024-04349,high,single,completion,housing_singleton,housing_singleton_kept,22
B3_1332,059-2251-030-00,(housing-singleton),1,housing_singleton,B2025-00888,,high,B2025-00888,high,single,ancillary,housing_singleton,housing_singleton_kept,22
B3_1333,057-2056-002-00,(housing-singleton),1,housing_singleton,B2025-03424,,high,B2025-03424,high,single,ancillary,housing_singleton,housing_singleton_kept,22
B3_1334,058-2156-006-00,(housing-singleton),1,housing_singleton,B2022-06054,,high,B2022-06054,high,single,ancillary,housing_singleton,housing_singleton_kept,22
B3_1336,054-1729-033-00,(housing-singleton),1,housing_singleton,B2025-00886,,high,B2025-00886,high,single,ancillary,housing_singleton,housing_singleton_kept,22
B3_1337,055-1909-006-02,(housing-singleton),1,housing_singleton,B2022-03287,,high,B2022-03287,high,single,completion,housing_singleton,housing_singleton_kept,22
B3_1340,062-2923-037-00,(housing-singleton),1,housing_singleton,B2024-00364,,high,B2024-00364,high,single,ancillary,housing_singleton,housing_singleton_kept,22
B3_1341,053-1624-004-00,(housing-singleton),1,housing_singleton,B2025-01675,,high,B2025-01675,high,single,completion,housing_singleton,housing_singleton_kept,22
B3_1343,060-2417-006-00,(housing-singleton),1,housing_singleton,B2021-00369,,high,B2021-00369,high,single,completion,housing_singleton,housing_singleton_kept,22
B3_1344,057-2093-031-00,(housing-singleton),1,housing_singleton,B2024-03668,,high,B2024-03668,high,single,ancillary,housing_singleton,housing_singleton_kept,22
B3_1345,058-2120-011-00,(housing-singleton),1,housing_singleton,B2022-05892,,high,B2022-05892,high,single,ancillary,housing_singleton,housing_singleton_kept,22
B3_1346,060-2469-068-01,(housing-singleton),1,housing_singleton,B2023-06505,,high,B2023-06505,high,single,completion,housing_singleton,housing_singleton_kept,22
B3_1349,060-2409-070-04,(housing-singleton),1,housing_singleton,B2023-03340,,high,B2023-03340,high,single,ancillary,housing_singleton,housing_singleton_kept,22
B3_1351,061-2578-026-00,(housing-singleton),1,housing_singleton,B2023-04806,,high,B2023-04806,high,single,completion,housing_singleton,housing_singleton_kept,22
B3_1352,062-2939-007-02,(housing-singleton),1,housing_singleton,B2023-04865,,high,B2023-04865,high,single,ancillary,housing_singleton,housing_singleton_kept,22
B3_1353,055-1844-028-00,(housing-singleton),1,housing_singleton,B2023-05939,,high,B2023-05939,high,single,ancillary,housing_singleton,housing_singleton_kept,22
B3_1354,060-2430-028-00,(housing-singleton),1,housing_singleton,B2023-04361,,high,B2023-04361,high,single,completion,housing_singleton,housing_singleton_kept,22
B3_1356,053-1598-033-00,(housing-singleton),1,housing_singleton,B2023-00780,,high,B2023-00780,high,single,completion,housing_singleton,housing_singleton_kept,22
B3_1357,059-2293-001-04,(housing-singleton),1,housing_singleton,B2024-00662,,high,B2024-00662,high,single,ancillary,housing_singleton,housing_singleton_kept,22
B3_1358,060-2417-056-00,(housing-singleton),1,housing_singleton,B2021-00072,,high,B2021-00072,high,single,completion,housing_singleton,housing_singleton_kept,22
B3_1359,062-2916-070-00,(housing-singleton),1,housing_singleton,B2023-00340,,high,B2023-00340,high,single,ancillary,housing_singleton,housing_singleton_kept,22
B3_1360,055-1890-009-00,(housing-singleton),1,housing_singleton,B2024-00763,58.0,high,B2024-00763,high,single,completion,housing_singleton,housing_singleton_kept,22
B3_1361,061-2617-024-00,(housing-singleton),1,housing_singleton,B2024-02092,,high,B2024-02092,high,single,completion,housing_singleton,housing_singleton_kept,22
B3_1362,058-2200-009-00,(housing-singleton),1,housing_singleton,B2024-05580,,high,B2024-05580,high,single,completion,housing_singleton,housing_singleton_kept,22
B3_1363,058-2183-003-00,(housing-singleton),1,housing_singleton,B2019-04885,,high,B2019-04885,high,single,completion,housing_singleton,housing_singleton_kept,22
B3_1364,060-2417-012-00,(housing-singleton),1,housing_singleton,B2024-05181,,high,B2024-05181,high,single,completion,housing_singleton,housing_singleton_kept,22
B3_1365,059-2293-001-04,(housing-singleton),1,housing_singleton,B2023-04482,,high,B2023-04482,high,single,ancillary,housing_singleton,housing_singleton_kept,22
B3_1368,054-1778-019-00,(housing-singleton),1,housing_singleton,B2023-05108,,high,B2023-05108,high,single,ancillary,housing_singleton,housing_singleton_kept,22
B3_1369,052-1563-127-00,(housing-singleton),1,housing_singleton,B2023-00165,,high,B2023-00165,high,single,ancillary,housing_singleton,housing_singleton_kept,22
B3_1370,060-2476-036-00,(housing-singleton),1,housing_singleton,B2024-02521,,high,B2024-02521,high,single,completion,housing_singleton,housing_singleton_kept,22
B3_1371,052-1564-004-00,(housing-singleton),1,housing_singleton,B2020-02202,,high,B2020-02202,high,single,completion,housing_singleton,housing_singleton_kept,22
B3_1372,052-1538-001-01,(housing-singleton),1,housing_singleton,B2024-03961,,high,B2024-03961,high,single,completion,housing_singleton,housing_singleton_kept,22
B3_1374,060-2445-043-00,(housing-singleton),1,housing_singleton,B2019-00843,,high,B2019-00843,high,single,completion,housing_singleton,housing_singleton_kept,22
B3_1375,058-2177-015-01,(housing-singleton),1,housing_singleton,B2024-02112,,high,B2024-02112,high,single,ancillary,housing_singleton,housing_singleton_kept,22
B3_1376,052-1566-046-00,(housing-singleton),1,housing_singleton,B2024-01384,,high,B2024-01384,high,single,ancillary,housing_singleton,housing_singleton_kept,22
B3_1378,058-2160-026-00,(housing-singleton),1,housing_singleton,B2024-02556,,high,B2024-02556,high,single,ancillary,housing_singleton,housing_singleton_kept,22
B3_1379,063-2970-007-02,(housing-singleton),1,housing_singleton,B2025-02567,,high,B2025-02567,high,single,completion,housing_singleton,housing_singleton_kept,22
B3_1380,053-1599-003-00,(housing-singleton),1,housing_singleton,B2025-02855,,high,B2025-02855,high,single,completion,housing_singleton,housing_singleton_kept,22
B3_1381,052-1582-012-00,(housing-singleton),1,housing_singleton,B2024-05385,,high,B2024-05385,high,single,ancillary,housing_singleton,housing_singleton_kept,22
B3_1382,059-2313-007-00,(housing-singleton),1,housing_singleton,B2024-00954,,high,B2024-00954,high,single,ancillary,housing_singleton,housing_singleton_kept,22
B3_1383,059-2271-034-00,(housing-singleton),1,housing_singleton,B2025-02858,,high,B2025-02858,high,single,completion,housing_singleton,housing_singleton_kept,22
B3_1384,054-1803-010-00,(housing-singleton),1,housing_singleton,B2023-06169,,high,B2023-06169,high,single,completion,housing_singleton,housing_singleton_kept,22
B3_1386,060-2493-054-00,(housing-singleton),1,housing_singleton,B2024-01649,,high,B2024-01649,high,single,ancillary,housing_singleton,housing_singleton_kept,22
B3_1387,054-1702-037-00,(housing-singleton),1,housing_singleton,B2025-01514,,high,B2025-01514,high,single,completion,housing_singleton,housing_singleton_kept,22
B3_1388,057-2062-047-00,(housing-singleton),1,housing_singleton,B2022-04644,,high,B2022-04644,high,single,ancillary,housing_singleton,housing_singleton_kept,22
B3_1389,052-1564-054-00,(housing-singleton),1,housing_singleton,B2018-01917,,high,B2018-01917,high,single,completion,housing_singleton,housing_singleton_kept,22
B3_1391,060-2485-039-00,(housing-singleton),1,housing_singleton,B2024-01585,,high,B2024-01585,high,single,ancillary,housing_singleton,housing_singleton_kept,22
B3_1392,058-2153-026-00,(housing-singleton),1,housing_singleton,B2021-00628,,high,B2021-00628,high,single,completion,housing_singleton,housing_singleton_kept,22
B3_1393,055-1884-006-00,(housing-singleton),1,housing_singleton,B2022-04242,,high,B2022-04242,high,single,completion,housing_singleton,housing_singleton_kept,22
B3_1394,061-2588-034-00,(housing-singleton),1,housing_singleton,B2022-03617,,high,B2022-03617,high,single,completion,housing_singleton,housing_singleton_kept,22
B3_1395,060-2469-005-00,(housing-singleton),1,housing_singleton,B2025-00812,,high,B2025-00812,high,single,ancillary,housing_singleton,housing_singleton_kept,22
B3_1396,063-2963-061-00,(housing-singleton),1,housing_singleton,B2023-02402,,high,B2023-02402,high,single,completion,housing_singleton,housing_singleton_kept,22
B3_1397,057-2117-017-00,(housing-singleton),1,housing_singleton,B2023-03200,,high,B2023-03200,high,single,completion,housing_singleton,housing_singleton_kept,22
B3_1398,060-2406-016-00,(housing-singleton),1,housing_singleton,B2023-03731,,high,B2023-03731,high,single,completion,housing_singleton,housing_singleton_kept,22
B3_1399,052-1517-007-00,(housing-singleton),1,housing_singleton,B2023-03080,,high,B2023-03080,high,single,completion,housing_singleton,housing_singleton_kept,22
B3_1401,055-1851-014-00,(housing-singleton),1,housing_singleton,B2023-03098,,high,B2023-03098,high,single,completion,housing_singleton,housing_singleton_kept,22
B3_1402,056-2001-031-00,(housing-singleton),1,housing_singleton,B2025-00521,,high,B2025-00521,high,single,completion,housing_singleton,housing_singleton_kept,22
B3_1403,055-1847-028-00,Building 2,1,building_label,B2021-00697,,high,B2021-00697,high,single,completion,label_singleton,labeled_singleton,22
B3_1404,058-2119-013-00,(housing-singleton),1,housing_singleton,B2025-01221,,high,B2025-01221,high,single,completion,housing_singleton,housing_singleton_kept,22
B3_1405,054-1792-027-00,(housing-singleton),1,housing_singleton,B2025-04909,,high,B2025-04909,high,single,completion,housing_singleton,housing_singleton_kept,22
B3_1406,053-1696-014-00,(housing-singleton),1,housing_singleton,B2025-02533,,high,B2025-02533,high,single,ancillary,housing_singleton,housing_singleton_kept,22
B3_1407,063-2951-023-03,(housing-singleton),1,housing_singleton,B2024-04170,,high,B2024-04170,high,single,completion,housing_singleton,housing_singleton_kept,22
B3_1408,063-3100-056-00,(housing-singleton),1,housing_singleton,B2025-01255,,high,B2025-01255,high,single,completion,housing_singleton,housing_singleton_kept,22
B3_1409,061-2580-036-00,(housing-singleton),1,housing_singleton,B2023-03368,,high,B2023-03368,high,single,ancillary,housing_singleton,housing_singleton_kept,22
B3_1410,062-2868-025-00,(housing-singleton),1,housing_singleton,B2022-03162,,high,B2022-03162,high,single,completion,housing_singleton,housing_singleton_kept,22
B3_1412,061-2557-022-00,(housing-singleton),1,housing_singleton,B2023-01889,,high,B2023-01889,high,single,ancillary,housing_singleton,housing_singleton_kept,22
B3_1413,052-1555-032-00,(housing-singleton),1,housing_singleton,B2024-04053,,high,B2024-04053,high,single,completion,housing_singleton,housing_singleton_kept,22
B3_1415,054-1812-026-00,(housing-singleton),1,housing_singleton,B2025-01372,,high,B2025-01372,high,single,ancillary,housing_singleton,housing_singleton_kept,22
B3_1416,056-1998-051-00,(housing-singleton),1,housing_singleton,B2025-03726,,high,B2025-03726,high,single,sitework,housing_singleton,housing_singleton_kept,22
B3_1417,056-2010-032-00,(housing-singleton),1,housing_singleton,B2020-03417,,high,B2020-03417,high,single,completion,housing_singleton,housing_singleton_kept,22
B3_1418,060-2487-030-00,(housing-singleton),1,housing_singleton,B2025-03827,,high,B2025-03827,high,single,ancillary,housing_singleton,housing_singleton_kept,22
B3_1419,055-1863-009-01,(housing-singleton),1,housing_singleton,B2020-00635,,high,B2020-00635,high,single,completion,housing_singleton,housing_singleton_kept,22
B3_1420,053-1615-028-00,(housing-singleton),1,housing_singleton,B2025-04275,,high,B2025-04275,high,single,ancillary,housing_singleton,housing_singleton_kept,22
B3_1421,052-1563-037-00,(housing-singleton),1,housing_singleton,B2016-05926,,high,B2016-05926,high,single,completion,housing_singleton,housing_singleton_kept,22
B3_1423,054-1720-029-00,(housing-singleton),1,housing_singleton,B2020-03619,,high,B2020-03619,high,single,completion,housing_singleton,housing_singleton_kept,22
B3_1424,052-1448-003-00,(housing-singleton),1,housing_singleton,B2018-04819,,high,B2018-04819,high,single,completion,housing_singleton,housing_singleton_kept,22
B3_1425,055-1822-027-00,(housing-singleton),1,housing_singleton,B2023-06296,,high,B2023-06296,high,single,completion,housing_singleton,housing_singleton_kept,22
B3_1426,059-2249-030-02,(housing-singleton),1,housing_singleton,B2014-01391,,high,B2014-01391,high,single,completion,housing_singleton,housing_singleton_kept,22
B3_1427,056-1998-003-02,(housing-singleton),1,housing_singleton,B2023-01567,,high,B2023-01567,high,single,ancillary,housing_singleton,housing_singleton_kept,22
B3_1428,058-2182-023-00,(housing-singleton),1,housing_singleton,B2025-01233,,high,B2025-01233,high,single,completion,housing_singleton,housing_singleton_kept,22
B3_1429,058-2177-005-00,Building 2,1,building_label,B2020-02139,,high,B2020-02139,high,single,completion,label_singleton,labeled_singleton,22
B3_1430,063-2983-011-00,(housing-singleton),1,housing_singleton,B2023-01963,,high,B2023-01963,high,single,completion,housing_singleton,housing_singleton_kept,22
B3_1431,063-2985-030-00,(housing-singleton),1,housing_singleton,B2025-02329,,high,B2025-02329,high,single,completion,housing_singleton,housing_singleton_kept,22
B3_1432,058-2157-030-00,(housing-singleton),1,housing_singleton,B2023-01260,,high,B2023-01260,high,single,completion,housing_singleton,housing_singleton_kept,22
B3_1433,052-1571-013-00,Building F,1,building_label,B2025-01655,,high,B2025-01655,high,single,completion,label_singleton,labeled_singleton,22
B3_1434,052-1518-008-00,(housing-singleton),1,housing_singleton,B2020-03772,,high,B2020-03772,high,single,completion,housing_singleton,housing_singleton_kept,22
B3_1436,060-2483-006-00,(housing-singleton),1,housing_singleton,B2022-05409,,high,B2022-05409,high,single,ancillary,housing_singleton,housing_singleton_kept,22
B3_1437,061-2562-019-00,(housing-singleton),1,housing_singleton,B2024-05955,,high,B2024-05955,high,single,completion,housing_singleton,housing_singleton_kept,22
B3_1438,058-2118-024-00,(housing-singleton),1,housing_singleton,B2024-03020,,high,B2024-03020,high,single,ancillary,housing_singleton,housing_singleton_kept,22
B3_1439,059-2277-025-00,(housing-singleton),1,housing_singleton,B2024-04245,,high,B2024-04245,high,single,completion,housing_singleton,housing_singleton_kept,22
B3_1440,061-2563-021-00,(housing-singleton),1,housing_singleton,B2025-00036,,high,B2025-00036,high,single,ancillary,housing_singleton,housing_singleton_kept,22
B3_1441,056-1935-027-00,(housing-singleton),1,housing_singleton,B2020-04102,,high,B2020-04102,high,single,completion,housing_singleton,housing_singleton_kept,22
B3_1442,060-2469-084-00,(housing-singleton),1,housing_singleton,B2022-03014,,high,B2022-03014,high,single,ancillary,housing_singleton,housing_singleton_kept,22
B3_1443,061-2565-021-00,(housing-singleton),1,housing_singleton,B2024-01137,,high,B2024-01137,high,single,completion,housing_singleton,housing_singleton_kept,22
B3_1444,062-2890-048-00,(housing-singleton),1,housing_singleton,B2024-05092,,high,B2024-05092,high,single,ancillary,housing_singleton,housing_singleton_kept,22
B3_1445,060-2416-052-00,(housing-singleton),1,housing_singleton,B2021-00751,,high,B2021-00751,high,single,completion,housing_singleton,housing_singleton_kept,22
B3_1446,059-2334-013-00,(housing-singleton),1,housing_singleton,B2023-00457,,high,B2023-00457,high,single,ancillary,housing_singleton,housing_singleton_kept,22
B3_1447,055-1841-021-00,(housing-singleton),1,housing_singleton,B2023-06071,,high,B2023-06071,high,single,completion,housing_singleton,housing_singleton_kept,22
B3_1448,061-2581-022-01,(housing-singleton),1,housing_singleton,B2023-01038,,high,B2023-01038,high,single,completion,housing_singleton,housing_singleton_kept,22
B3_1449,055-1853-004-00,(housing-singleton),1,housing_singleton,B2024-00772,,high,B2024-00772,high,single,completion,housing_singleton,housing_singleton_kept,22
B3_1450,058-2164-018-00,(housing-singleton),1,housing_singleton,B2024-02545,,high,B2024-02545,high,single,completion,housing_singleton,housing_singleton_kept,22
B3_1451,060-2455-119-00,(housing-singleton),1,housing_singleton,B2024-04749,,high,B2024-04749,high,single,completion,housing_singleton,housing_singleton_kept,22
B3_1452,056-2008-023-00,(housing-singleton),1,housing_singleton,B2025-02405,,high,B2025-02405,high,single,completion,housing_singleton,housing_singleton_kept,22
B3_1453,060-2446-007-00,(housing-singleton),1,housing_singleton,B2024-02936,,high,B2024-02936,high,single,ancillary,housing_singleton,housing_singleton_kept,22
B3_1454,055-1845-026-00,(housing-singleton),1,housing_singleton,B2025-01374,,high,B2025-01374,high,single,completion,housing_singleton,housing_singleton_kept,22
B3_1455,059-2257-012-00,(housing-singleton),1,housing_singleton,B2022-02002,,high,B2022-02002,high,single,sitework,housing_singleton,housing_singleton_kept,22
B3_1456,056-1939-016-00,(housing-singleton),1,housing_singleton,B2025-04611,,high,B2025-04611,high,single,completion,housing_singleton,housing_singleton_kept,22
B3_1458,061-2605-003-00,(housing-singleton),1,housing_singleton,B2022-00587,,high,B2022-00587,high,single,completion,housing_singleton,housing_singleton_kept,22
B3_1459,052-1560-013-00,(housing-singleton),1,housing_singleton,B2017-00955,,high,B2017-00955,high,single,completion,housing_singleton,housing_singleton_kept,22
B3_1460,062-2896-017-00,(housing-singleton),1,housing_singleton,B2022-05336,,high,B2022-05336,high,single,completion,housing_singleton,housing_singleton_kept,22
B3_1461,059-2266-033-00,(housing-singleton),1,housing_singleton,B2025-04503,,high,B2025-04503,high,single,completion,housing_singleton,housing_singleton_kept,22
B3_1463,063-2963-051-00,(housing-singleton),1,housing_singleton,B2024-03208,,high,B2024-03208,high,single,completion,housing_singleton,housing_singleton_kept,22
B3_1464,062-2881-010-00,(housing-singleton),1,housing_singleton,B2024-05628,,high,B2024-05628,high,single,ancillary,housing_singleton,housing_singleton_kept,22
B3_1466,060-2486-022-00,(housing-singleton),1,housing_singleton,B2024-04330,,high,B2024-04330,high,single,completion,housing_singleton,housing_singleton_kept,22
B3_1467,055-1836-014-00,(housing-singleton),1,housing_singleton,B2024-03281,,high,B2024-03281,high,single,completion,housing_singleton,housing_singleton_kept,22
B3_1468,061-2564-008-00,(housing-singleton),1,housing_singleton,B2025-04102,,high,B2025-04102,high,single,completion,housing_singleton,housing_singleton_kept,22
B3_1470,056-1994-033-00,(housing-singleton),1,housing_singleton,B2025-00403,,high,B2025-00403,high,single,completion,housing_singleton,housing_singleton_kept,22
B3_1471,053-1606-026-00,(housing-singleton),1,housing_singleton,B2022-04134,,high,B2022-04134,high,single,completion,housing_singleton,housing_singleton_kept,22
B3_1472,052-1535-027-00,(housing-singleton),1,housing_singleton,B2023-01051,,high,B2023-01051,high,single,completion,housing_singleton,housing_singleton_kept,22
B3_1473,064-4242-025-00,(housing-singleton),1,housing_singleton,B2019-00584,,high,B2019-00584,high,single,completion,housing_singleton,housing_singleton_kept,22
B3_1475,060-2487-031-00,(housing-singleton),1,housing_singleton,B2025-03814,,high,B2025-03814,high,single,ancillary,housing_singleton,housing_singleton_kept,22
B3_1476,060-2485-038-00,(housing-singleton),1,housing_singleton,B2025-02633,,high,B2025-02633,high,single,ancillary,housing_singleton,housing_singleton_kept,22
B3_1477,064-4246-019-00,(housing-singleton),1,housing_singleton,B2017-03861,,high,B2017-03861,high,single,completion,housing_singleton,housing_singleton_kept,22
B3_1478,055-1914-020-00,(housing-singleton),1,housing_singleton,B2018-01473,,high,B2018-01473,high,single,completion,housing_singleton,housing_singleton_kept,22
B3_1480,060-2493-047-00,(housing-singleton),1,housing_singleton,B2017-02990,,high,B2017-02990,high,single,completion,housing_singleton,housing_singleton_kept,22
B3_1481,056-1924-019-00,(housing-singleton),1,housing_singleton,B2018-05107,,high,B2018-05107,high,single,completion,housing_singleton,housing_singleton_kept,22
B3_1482,056-1994-033-00,(housing-singleton),1,housing_singleton,B2025-00528,,high,B2025-00528,high,single,completion,housing_singleton,housing_singleton_kept,22
B3_1483,059-2326-011-00,(housing-singleton),1,housing_singleton,B2022-04556,,high,B2022-04556,high,single,ancillary,housing_singleton,housing_singleton_kept,22
B3_1485,055-1851-010-00,(housing-singleton),1,housing_singleton,B2022-04918,,high,B2022-04918,high,single,ancillary,housing_singleton,housing_singleton_kept,22
B3_1487,054-1812-007-00,(housing-singleton),1,housing_singleton,B2024-01281,,high,B2024-01281,high,single,ancillary,housing_singleton,housing_singleton_kept,22
B3_1488,059-2278-004-00,(housing-singleton),1,housing_singleton,B2024-01899,,high,B2024-01899,high,single,completion,housing_singleton,housing_singleton_kept,22
B3_1489,058-2145-058-00,(housing-singleton),1,housing_singleton,B2023-02513,,high,B2023-02513,high,single,completion,housing_singleton,housing_singleton_kept,22
B3_1490,052-1563-097-00,(housing-singleton),1,housing_singleton,B2024-05664,,high,B2024-05664,high,single,ancillary,housing_singleton,housing_singleton_kept,22
B3_1491,055-1891-020-00,(housing-singleton),1,housing_singleton,B2022-05120,,high,B2022-05120,high,single,completion,housing_singleton,housing_singleton_kept,22
B3_1492,056-1995-028-01,(housing-singleton),1,housing_singleton,B2019-01563,,high,B2019-01563,high,single,completion,housing_singleton,housing_singleton_kept,22
B3_1494,052-1581-017-00,(housing-singleton),1,housing_singleton,B2023-06281,,high,B2023-06281,high,single,ancillary,housing_singleton,housing_singleton_kept,22
B3_1495,058-2184-006-00,(housing-singleton),1,housing_singleton,B2019-05024,,high,B2019-05024,high,single,completion,housing_singleton,housing_singleton_kept,22
B3_1496,058-2182-020-00,(housing-singleton),1,housing_singleton,B2018-03897,,high,B2018-03897,high,single,completion,housing_singleton,housing_singleton_kept,22
B3_1497,060-2473-008-00,(housing-singleton),1,housing_singleton,B2024-00698,,high,B2024-00698,high,single,completion,housing_singleton,housing_singleton_kept,22
B3_1498,053-1688-010-00,(housing-singleton),1,housing_singleton,B2018-01649,,high,B2018-01649,high,single,completion,housing_singleton,housing_singleton_kept,22
B3_1499,061-2584-021-00,(housing-singleton),1,housing_singleton,B2025-01578,,high,B2025-01578,high,single,ancillary,housing_singleton,housing_singleton_kept,22
B3_1501,059-2271-016-00,(housing-singleton),1,housing_singleton,B2024-00078,,high,B2024-00078,high,single,completion,housing_singleton,housing_singleton_kept,22
B3_1502,062-2882-012-00,(housing-singleton),1,housing_singleton,B2024-01424,,high,B2024-01424,high,single,completion,housing_singleton,housing_singleton_kept,22
B3_1503,055-1853-065-00,(housing-singleton),1,housing_singleton,B2024-03633,,high,B2024-03633,high,single,completion,housing_singleton,housing_singleton_kept,22
B3_1504,059-2311-015-00,(housing-singleton),1,housing_singleton,B2025-01222,,high,B2025-01222,high,single,ancillary,housing_singleton,housing_singleton_kept,22
B3_1505,052-1569-002-00,(housing-singleton),1,housing_singleton,B2024-03440,,high,B2024-03440,high,single,completion,housing_singleton,housing_singleton_kept,22
B3_1506,058-2168-029-01,(housing-singleton),1,housing_singleton,B2024-05577,,high,B2024-05577,high,single,completion,housing_singleton,housing_singleton_kept,22
B3_1507,060-2466-002-00,(housing-singleton),1,housing_singleton,B2024-01864,,high,B2024-01864,high,single,ancillary,housing_singleton,housing_singleton_kept,22
B3_1508,054-1731-012-00,(housing-singleton),1,housing_singleton,B2025-04690,,high,B2025-04690,high,single,completion,housing_singleton,housing_singleton_kept,22
B3_1509,056-1998-023-00,(housing-singleton),1,housing_singleton,B2024-04804,,high,B2024-04804,high,single,completion,housing_singleton,housing_singleton_kept,22
B3_1510,060-2473-023-00,(housing-singleton),1,housing_singleton,B2017-02725,,high,B2017-02725,high,single,completion,housing_singleton,housing_singleton_kept,22
B3_1512,059-2275-005-00,(housing-singleton),1,housing_singleton,B2021-03925,,high,B2021-03925,high,single,ancillary,housing_singleton,housing_singleton_kept,22
B3_1513,061-2577-003-00,(housing-singleton),1,housing_singleton,B2023-02197,,high,B2023-02197,high,single,completion,housing_singleton,housing_singleton_kept,22
B3_1514,062-2861-011-00,(housing-singleton),1,housing_singleton,B2023-02525,,high,B2023-02525,high,single,completion,housing_singleton,housing_singleton_kept,22
B3_1515,060-2434-008-00,(housing-singleton),1,housing_singleton,B2022-01513,,high,B2022-01513,high,single,completion,housing_singleton,housing_singleton_kept,22
B3_1516,055-1905-015-00,(housing-singleton),1,housing_singleton,B2024-01179,,high,B2024-01179,high,single,completion,housing_singleton,housing_singleton_kept,22
B3_1519,061-2590-005-00,(housing-singleton),1,housing_singleton,B2025-02155,,high,B2025-02155,high,single,completion,housing_singleton,housing_singleton_kept,22
B3_1521,059-2285-001-00,(housing-singleton),1,housing_singleton,B2025-03634,,high,B2025-03634,high,single,ancillary,housing_singleton,housing_singleton_kept,22
B3_1522,056-1918-019-00,(housing-singleton),1,housing_singleton,B2025-00170,,high,B2025-00170,high,single,completion,housing_singleton,housing_singleton_kept,22
B3_1523,064-4250-008-00,(housing-singleton),1,housing_singleton,B2024-05692,,high,B2024-05692,high,single,ancillary,housing_singleton,housing_singleton_kept,22
B3_1524,062-2916-043-00,(housing-singleton),1,housing_singleton,B2025-04972,,high,B2025-04972,high,single,completion,housing_singleton,housing_singleton_kept,22
B3_1525,063-2987-049-00,(housing-singleton),1,housing_singleton,B2025-02489,,high,B2025-02489,high,single,ancillary,housing_singleton,housing_singleton_kept,22
B3_1526,060-2493-065-00,(housing-singleton),1,housing_singleton,B2024-01581,,high,B2024-01581,high,single,ancillary,housing_singleton,housing_singleton_kept,22
B3_1528,057-2069-011-00,(housing-singleton),1,housing_singleton,B2025-04264,,high,B2025-04264,high,single,ancillary,housing_singleton,housing_singleton_kept,22
B3_1529,060-2489-032-00,(housing-singleton),1,housing_singleton,B2025-03811,,high,B2025-03811,high,single,ancillary,housing_singleton,housing_singleton_kept,22
B3_1531,060-2449-005-00,(housing-singleton),1,housing_singleton,B2023-02790,,high,B2023-02790,high,single,ancillary,housing_singleton,housing_singleton_kept,22
B3_1532,059-2327-004-00,(housing-singleton),1,housing_singleton,B2023-01079,,high,B2023-01079,high,single,completion,housing_singleton,housing_singleton_kept,22
B3_1533,060-2484-016-00,(housing-singleton),1,housing_singleton,B2024-01719,,high,B2024-01719,high,single,ancillary,housing_singleton,housing_singleton_kept,22
B3_1534,060-2407-009-00,(housing-singleton),1,housing_singleton,B2018-00298,,high,B2018-00298,high,single,completion,housing_singleton,housing_singleton_kept,22
B3_1537,062-2942-030-00,(housing-singleton),1,housing_singleton,B2023-04099,,high,B2023-04099,high,single,completion,housing_singleton,housing_singleton_kept,22
B3_1538,053-1588-018-00,(housing-singleton),1,housing_singleton,B2024-01029,,high,B2024-01029,high,single,ancillary,housing_singleton,housing_singleton_kept,22
B3_1539,052-1536-003-00,(housing-singleton),1,housing_singleton,B2024-02865,,high,B2024-02865,high,single,completion,housing_singleton,housing_singleton_kept,22
B3_1540,054-1742-072-00,(housing-singleton),1,housing_singleton,B2024-04891,,high,B2024-04891,high,single,completion,housing_singleton,housing_singleton_kept,22
B3_1542,053-1623-022-00,(housing-singleton),1,housing_singleton,B2023-02952,,high,B2023-02952,high,single,ancillary,housing_singleton,housing_singleton_kept,22
B3_1544,060-2429-018-00,(housing-singleton),1,housing_singleton,B2022-04517,,high,B2022-04517,high,single,completion,housing_singleton,housing_singleton_kept,22
B3_1545,063-2983-033-00,(housing-singleton),1,housing_singleton,B2023-02662,,high,B2023-02662,high,single,completion,housing_singleton,housing_singleton_kept,22
B3_1548,063-2962-004-00,(housing-singleton),1,housing_singleton,B2024-00493,,high,B2024-00493,high,single,completion,housing_singleton,housing_singleton_kept,22
B3_1549,053-1689-025-00,(housing-singleton),1,housing_singleton,B2017-03831,,high,B2017-03831,high,single,completion,housing_singleton,housing_singleton_kept,22
B3_1550,058-2139-018-04,(housing-singleton),1,housing_singleton,B2023-02971,,high,B2023-02971,high,single,completion,housing_singleton,housing_singleton_kept,22
B3_1551,056-1998-026-00,(housing-singleton),1,housing_singleton,B2023-00510,,high,B2023-00510,high,single,completion,housing_singleton,housing_singleton_kept,22
B3_1553,059-2288-034-00,(housing-singleton),1,housing_singleton,B2024-00940,,high,B2024-00940,high,single,completion,housing_singleton,housing_singleton_kept,22
B3_1554,058-2123-009-00,(housing-singleton),1,housing_singleton,B2024-03773,,high,B2024-03773,high,single,completion,housing_singleton,housing_singleton_kept,22
B3_1555,053-1695-015-00,(housing-singleton),1,housing_singleton,B2023-02646,,high,B2023-02646,high,single,completion,housing_singleton,housing_singleton_kept,22
B3_1556,058-2232-023-00,(housing-singleton),1,housing_singleton,B2023-03228,,high,B2023-03228,high,single,completion,housing_singleton,housing_singleton_kept,22
B3_1557,059-2286-118-00,(housing-singleton),1,housing_singleton,B2024-03661,,high,B2024-03661,high,single,ancillary,housing_singleton,housing_singleton_kept,22
B3_1558,052-1526-006-00,(housing-singleton),1,housing_singleton,B2025-00333,,high,B2025-00333,high,single,completion,housing_singleton,housing_singleton_kept,22
B3_1559,054-1733-008-00,(housing-singleton),1,housing_singleton,B2025-04319,,high,B2025-04319,high,single,ancillary,housing_singleton,housing_singleton_kept,22
B3_1560,052-1563-124-00,(housing-singleton),1,housing_singleton,B2019-02211,,high,B2019-02211,high,single,completion,housing_singleton,housing_singleton_kept,22
B3_1561,056-1916-024-00,(housing-singleton),1,housing_singleton,B2022-02517,,high,B2022-02517,high,single,completion,housing_singleton,housing_singleton_kept,22
B3_1562,063-2959-055-00,(housing-singleton),1,housing_singleton,B2025-00991,,high,B2025-00991,high,single,ancillary,housing_singleton,housing_singleton_kept,22
B3_1563,063-2963-059-00,(housing-singleton),1,housing_singleton,B2017-02782,,high,B2017-02782,high,single,completion,housing_singleton,housing_singleton_kept,22
B3_1564,060-2446-020-00,(housing-singleton),1,housing_singleton,B2025-03576,,high,B2025-03576,high,single,completion,housing_singleton,housing_singleton_kept,22
B3_1565,054-1797-005-00,(housing-singleton),1,housing_singleton,B2016-02992,,high,B2016-02992,high,single,completion,housing_singleton,housing_singleton_kept,22
B3_1566,054-1720-028-00,(housing-singleton),1,housing_singleton,B2024-05825,,high,B2024-05825,high,single,ancillary,housing_singleton,housing_singleton_kept,22
B3_1567,057-2083-030-00,(housing-singleton),1,housing_singleton,B2024-02436,,high,B2024-02436,high,single,ancillary,housing_singleton,housing_singleton_kept,22
B3_1568,060-2493-052-00,(housing-singleton),1,housing_singleton,B2024-01652,,high,B2024-01652,high,single,ancillary,housing_singleton,housing_singleton_kept,22
B3_1569,060-2494-024-00,(housing-singleton),1,housing_singleton,B2025-00416,,high,B2025-00416,high,single,completion,housing_singleton,housing_singleton_kept,22
B3_1570,058-2244-004-00,(housing-singleton),1,housing_singleton,B2024-03615,,high,B2024-03615,high,single,completion,housing_singleton,housing_singleton_kept,22
B3_1571,058-2155-017-01,(housing-singleton),1,housing_singleton,B2020-03794,,high,B2020-03794,high,single,completion,housing_singleton,housing_singleton_kept,22
B3_1572,053-1614-018-00,Building 10,1,building_label,B2025-02379,,high,B2025-02379,high,single,ancillary,multi,-,22
B3_1573,053-1614-018-00,Building 9,1,building_label,B2025-02379-REV01,,high,B2025-02379-REV01,high,single,revision,multi,revision_family,22
B3_1574,053-1675-009-00,(housing-singleton),1,housing_singleton,B2025-02953,,high,B2025-02953,high,single,completion,housing_singleton,housing_singleton_kept,22
B3_1576,056-1917-026-00,(housing-singleton),1,housing_singleton,B2025-03127,,high,B2025-03127,high,single,completion,housing_singleton,housing_singleton_kept,22
B3_1577,059-2286-028-00,(housing-singleton),1,housing_singleton,B2018-03532,,high,B2018-03532,high,single,completion,housing_singleton,housing_singleton_kept,22
B3_1578,060-2485-042-00,(housing-singleton),1,housing_singleton,B2024-01454,,high,B2024-01454,high,single,ancillary,housing_singleton,housing_singleton_kept,22
B3_1579,054-1803-022-02,(housing-singleton),1,housing_singleton,B2025-00182,,high,B2025-00182,high,single,completion,housing_singleton,housing_singleton_kept,22
B3_1580,057-2029-014-00,(housing-singleton),1,housing_singleton,B2020-00459,,high,B2020-00459,high,single,ancillary,housing_singleton,housing_singleton_kept,22
B3_1582,061-2560-009-00,(housing-singleton),1,housing_singleton,B2022-04181,,high,B2022-04181,high,single,completion,housing_singleton,housing_singleton_kept,22
B3_1584,062-2892-002-00,(housing-singleton),1,housing_singleton,B2018-03144,,high,B2018-03144,high,single,completion,housing_singleton,housing_singleton_kept,22
B3_1585,058-2137-004-00,(housing-singleton),1,housing_singleton,B2025-00629,1.0,high,B2025-00629,high,single,completion,housing_singleton,housing_singleton_kept,22
B3_1586,062-2920-028-00,(housing-singleton),1,housing_singleton,B2019-04743,,high,B2019-04743,high,single,sitework,housing_singleton,housing_singleton_kept,22
B3_1588,058-2181-005-00,(housing-singleton),1,housing_singleton,B2024-00290,,high,B2024-00290,high,single,ancillary,housing_singleton,housing_singleton_kept,22
B3_1589,056-2007-023-01,(housing-singleton),1,housing_singleton,B2025-03465,,high,B2025-03465,high,single,completion,housing_singleton,housing_singleton_kept,22
B3_1590,062-2907-022-00,(housing-singleton),1,housing_singleton,B2023-00043,,high,B2023-00043,high,single,completion,housing_singleton,housing_singleton_kept,22
B3_1591,052-1536-015-00,(housing-singleton),1,housing_singleton,B2025-04878,,high,B2025-04878,high,single,completion,housing_singleton,housing_singleton_kept,22
B3_1592,054-1788-004-00,(housing-singleton),1,housing_singleton,B2025-05929,,high,B2025-05929,high,single,completion,housing_singleton,housing_singleton_kept,22
B3_1593,056-1970-008-01,(housing-singleton),1,housing_singleton,B2025-02637,,high,B2025-02637,high,single,completion,housing_singleton,housing_singleton_kept,22
B3_1594,055-1853-002-00,(housing-singleton),1,housing_singleton,B2024-05517,,high,B2024-05517,high,single,completion,housing_singleton,housing_singleton_kept,22
B3_1595,055-1903-023-00,(housing-singleton),1,housing_singleton,B2024-05558,,high,B2024-05558,high,single,completion,housing_singleton,housing_singleton_kept,22
B3_1596,052-1563-050-00,(housing-singleton),1,housing_singleton,B2023-00314,,high,B2023-00314,high,single,completion,housing_singleton,housing_singleton_kept,22
B3_1597,062-2881-011-00,(housing-singleton),1,housing_singleton,B2023-02319,,high,B2023-02319,high,single,ancillary,housing_singleton,housing_singleton_kept,22
B3_1598,055-1899-023-00,(housing-singleton),1,housing_singleton,B2024-00700,,high,B2024-00700,high,single,ancillary,housing_singleton,housing_singleton_kept,22
B3_1599,053-1627-012-00,(housing-singleton),1,housing_singleton,B2021-00335,1.0,high,B2021-00335,high,single,completion,housing_singleton,housing_singleton_kept,22
B3_1600,061-2577-006-00,(housing-singleton),1,housing_singleton,B2023-04456,,high,B2023-04456,high,single,completion,housing_singleton,housing_singleton_kept,22
B3_1602,054-1702-093-01,(housing-singleton),1,housing_singleton,B2022-05341,,high,B2022-05341,high,single,completion,housing_singleton,housing_singleton_kept,22
B3_1603,056-1994-033-00,(housing-singleton),1,housing_singleton,B2024-03921,,high,B2024-03921,high,single,completion,housing_singleton,housing_singleton_kept,22
B3_1604,055-1834-023-00,(housing-singleton),1,housing_singleton,B2022-05443,,high,B2022-05443,high,single,completion,housing_singleton,housing_singleton_kept,22
B3_1605,061-2556-020-00,(housing-singleton),1,housing_singleton,B2018-01505,,high,B2018-01505,high,single,completion,housing_singleton,housing_singleton_kept,22
B3_1606,055-1905-022-00,(housing-singleton),1,housing_singleton,B2023-00850,,high,B2023-00850,high,single,completion,housing_singleton,housing_singleton_kept,22
B3_1607,057-2032-005-03,(housing-singleton),1,housing_singleton,B2018-01860,,high,B2018-01860,high,single,completion,housing_singleton,housing_singleton_kept,22
B3_1608,058-2159-008-00,(housing-singleton),1,housing_singleton,B2025-04613,,high,B2025-04613,high,single,completion,housing_singleton,housing_singleton_kept,22
B3_1609,052-1530-015-00,(housing-singleton),1,housing_singleton,B2025-04997,,high,B2025-04997,high,single,completion,housing_singleton,housing_singleton_kept,22
B3_1611,052-1560-002-00,(housing-singleton),1,housing_singleton,B2024-04035,,high,B2024-04035,high,single,completion,housing_singleton,housing_singleton_kept,22
B3_1614,054-1738-004-00,(housing-singleton),1,housing_singleton,B2024-04150,,high,B2024-04150,high,single,completion,housing_singleton,housing_singleton_kept,22
B3_1615,058-2169-022-00,(housing-singleton),1,housing_singleton,B2025-03778,,high,B2025-03778,high,single,completion,housing_singleton,housing_singleton_kept,22
B3_1617,060-2435-017-00,(housing-singleton),1,housing_singleton,B2025-01965,,high,B2025-01965,high,single,completion,housing_singleton,housing_singleton_kept,22
B3_1618,063-2977-003-02,(housing-singleton),1,housing_singleton,B2024-06059,,high,B2024-06059,high,single,ancillary,housing_singleton,housing_singleton_kept,22
B3_1619,059-2283-024-00,(housing-singleton),1,housing_singleton,B2025-05068,,high,B2025-05068,high,single,completion,housing_singleton,housing_singleton_kept,22
B3_1620,053-1671-028-00,(housing-singleton),1,housing_singleton,B2023-05589,,high,B2023-05589,high,single,ancillary,housing_singleton,housing_singleton_kept,22
B3_1621,060-2430-022-00,(housing-singleton),1,housing_singleton,B2022-02474,,high,B2022-02474,high,single,completion,housing_singleton,housing_singleton_kept,22
B3_1622,063-2986-043-01,(housing-singleton),1,housing_singleton,B2025-03575,,high,B2025-03575,high,single,completion,housing_singleton,housing_singleton_kept,22
B3_1623,060-2492-009-02,(housing-singleton),1,housing_singleton,B2025-03847,,high,B2025-03847,high,single,ancillary,housing_singleton,housing_singleton_kept,22
B3_1624,052-1552-010-00,(housing-singleton),1,housing_singleton,B2025-05476,,high,B2025-05476,high,single,completion,housing_singleton,housing_singleton_kept,22
B3_1625,060-2483-022-00,(housing-singleton),1,housing_singleton,B2024-01340,,high,B2024-01340,high,single,completion,housing_singleton,housing_singleton_kept,22
B3_1626,059-2249-034-00,(housing-singleton),1,housing_singleton,B2024-05291,,high,B2024-05291,high,single,completion,housing_singleton,housing_singleton_kept,22
B3_1627,060-2482-038-00,(housing-singleton),1,housing_singleton,B2022-04146,,high,B2022-04146,high,single,completion,housing_singleton,housing_singleton_kept,22
B3_1628,062-2887-036-00,(housing-singleton),1,housing_singleton,B2025-03302,,high,B2025-03302,high,single,ancillary,housing_singleton,housing_singleton_kept,22
B3_1629,058-2161-003-00,(housing-singleton),1,housing_singleton,B2023-00030,,high,B2023-00030,high,single,completion,housing_singleton,housing_singleton_kept,22
B3_1630,059-2315-011-00,(housing-singleton),1,housing_singleton,B2022-03463,,high,B2022-03463,high,single,completion,housing_singleton,housing_singleton_kept,22
B3_1631,063-2969-034-35,(housing-singleton),1,housing_singleton,B2020-00781,,high,B2020-00781,high,single,ancillary,housing_singleton,housing_singleton_kept,22
B3_1632,056-1940-002-00,(housing-singleton),1,housing_singleton,B2020-03543,,high,B2020-03543,high,single,completion,housing_singleton,housing_singleton_kept,22
B3_1633,055-1853-033-02,(housing-singleton),1,housing_singleton,B2022-05428,,high,B2022-05428,high,single,completion,housing_singleton,housing_singleton_kept,22
B3_1634,061-2610-020-00,(housing-singleton),1,housing_singleton,B2024-02616,,high,B2024-02616,high,single,completion,housing_singleton,housing_singleton_kept,22
B3_1638,062-2869-008-00,(housing-singleton),1,housing_singleton,B2021-05544,,high,B2021-05544,high,single,completion,housing_singleton,housing_singleton_kept,22
B3_1639,055-1852-009-00,(housing-singleton),1,housing_singleton,B2024-02191,,high,B2024-02191,high,single,ancillary,housing_singleton,housing_singleton_kept,22
B3_1640,058-2118-024-00,(housing-singleton),1,housing_singleton,B2024-03026,,high,B2024-03026,high,single,ancillary,housing_singleton,housing_singleton_kept,22
B3_1641,054-1803-020-01,(housing-singleton),1,housing_singleton,B2025-02988,,high,B2025-02988,high,single,completion,housing_singleton,housing_singleton_kept,22
B3_1644,060-2397-017-01,(housing-singleton),1,housing_singleton,B2025-01171,,high,B2025-01171,high,single,completion,housing_singleton,housing_singleton_kept,22
B3_1645,059-2277-012-00,(housing-singleton),1,housing_singleton,B2023-02371,,high,B2023-02371,high,single,ancillary,housing_singleton,housing_singleton_kept,22
B3_1646,054-1787-022-00,(housing-singleton),1,housing_singleton,B2023-00400,,high,B2023-00400,high,single,completion,housing_singleton,housing_singleton_kept,22
B3_1648,055-1834-013-00,(housing-singleton),1,housing_singleton,B2018-04108,,high,B2018-04108,high,single,completion,housing_singleton,housing_singleton_kept,22
B3_1649,058-2162-011-00,(housing-singleton),1,housing_singleton,B2024-04915,,high,B2024-04915,high,single,completion,housing_singleton,housing_singleton_kept,22
B3_1650,054-1733-027-00,(housing-singleton),1,housing_singleton,B2025-05527,,high,B2025-05527,high,single,ancillary,housing_singleton,housing_singleton_kept,22
B3_1651,060-2486-022-00,(housing-singleton),1,housing_singleton,B2022-04296,,high,B2022-04296,high,single,completion,housing_singleton,housing_singleton_kept,22
B3_1652,057-2049-006-00,(housing-singleton),1,housing_singleton,B2024-05709,,high,B2024-05709,high,single,ancillary,housing_singleton,housing_singleton_kept,22
B3_1653,061-2588-023-00,(housing-singleton),1,housing_singleton,B2023-00996,,high,B2023-00996,high,single,completion,housing_singleton,housing_singleton_kept,22
B3_1654,060-2429-039-00,(housing-singleton),1,housing_singleton,B2024-00725,,high,B2024-00725,high,single,completion,housing_singleton,housing_singleton_kept,22
B3_1655,055-1856-008-00,(housing-singleton),1,housing_singleton,B2024-02459,,high,B2024-02459,high,single,ancillary,housing_singleton,housing_singleton_kept,22
B3_1656,056-1931-023-00,(housing-singleton),1,housing_singleton,B2017-04413,,high,B2017-04413,high,single,completion,housing_singleton,housing_singleton_kept,22
B3_1657,060-2392-032-00,(housing-singleton),1,housing_singleton,B2022-02289,,high,B2022-02289,high,single,completion,housing_singleton,housing_singleton_kept,22
B3_1658,059-2332-023-00,(housing-singleton),1,housing_singleton,B2018-04427,,high,B2018-04427,high,single,completion,housing_singleton,housing_singleton_kept,22
B3_1659,053-1635-021-00,Building A,1,building_label,B2018-00015,,high,B2018-00015,high,single,completion,label_singleton,labeled_singleton,22
B3_1660,056-1941-021-00,(housing-singleton),1,housing_singleton,B2020-02676,,high,B2020-02676,high,single,completion,housing_singleton,housing_singleton_kept,22
B3_1661,052-1571-003-00,(housing-singleton),1,housing_singleton,B2023-03797,,high,B2023-03797,high,single,completion,housing_singleton,housing_singleton_kept,22
B3_1662,054-1702-095-01,(housing-singleton),1,housing_singleton,B2024-05170,,high,B2024-05170,high,single,completion,housing_singleton,housing_singleton_kept,22
B3_1665,061-2574-024-00,(housing-singleton),1,housing_singleton,B2021-00688,,high,B2021-00688,high,single,completion,housing_singleton,housing_singleton_kept,22
B3_1666,054-1729-010-00,(housing-singleton),1,housing_singleton,B2022-00440,,high,B2022-00440,high,single,completion,housing_singleton,housing_singleton_kept,22
B3_1667,062-2901-005-00,(housing-singleton),1,housing_singleton,B2023-01711,,high,B2023-01711,high,single,ancillary,housing_singleton,housing_singleton_kept,22
B3_1668,059-2326-012-00,(housing-singleton),1,housing_singleton,B2024-00797,,high,B2024-00797,high,single,completion,housing_singleton,housing_singleton_kept,22
B3_1669,060-2465-006-00,(housing-singleton),1,housing_singleton,B2023-06087,,high,B2023-06087,high,single,completion,housing_singleton,housing_singleton_kept,22
B3_1670,054-1802-014-00,(housing-singleton),1,housing_singleton,B2023-04430,,high,B2023-04430,high,single,completion,housing_singleton,housing_singleton_kept,22
B3_1671,061-2555-019-00,(housing-singleton),1,housing_singleton,B2025-00258,,high,B2025-00258,high,single,ancillary,housing_singleton,housing_singleton_kept,22
B3_1672,055-1852-023-00,(housing-singleton),1,housing_singleton,B2023-01656,,high,B2023-01656,high,single,completion,housing_singleton,housing_singleton_kept,22
B3_1673,052-1515-026-00,(housing-singleton),1,housing_singleton,B2022-03577,,high,B2022-03577,high,single,completion,housing_singleton,housing_singleton_kept,22
B3_1675,059-2264-020-00,(housing-singleton),1,housing_singleton,B2016-04746,,high,B2016-04746,high,single,completion,housing_singleton,housing_singleton_kept,22
B3_1676,063-3110-096-00,(housing-singleton),1,housing_singleton,B2024-00500,,high,B2024-00500,high,single,completion,housing_singleton,housing_singleton_kept,22
B3_1677,061-2583-022-00,(housing-singleton),1,housing_singleton,B2025-00828,,high,B2025-00828,high,single,ancillary,housing_singleton,housing_singleton_kept,22
B3_1678,055-1860-005-00,(housing-singleton),1,housing_singleton,B2025-05387,,high,B2025-05387,high,single,completion,housing_singleton,housing_singleton_kept,22
B3_1679,058-2167-032-00,(housing-singleton),1,housing_singleton,B2022-02464,,high,B2022-02464,high,single,completion,housing_singleton,housing_singleton_kept,22
B3_1680,063-2952-050-00,(housing-singleton),1,housing_singleton,B2022-03056,,high,B2022-03056,high,single,completion,housing_singleton,housing_singleton_kept,22
B3_1681,055-1911-007-00,(housing-singleton),1,housing_singleton,B2024-05755,,high,B2024-05755,high,single,completion,housing_singleton,housing_singleton_kept,22
B3_1682,060-2493-008-01,(housing-singleton),1,housing_singleton,B2025-03819,,high,B2025-03819,high,single,completion,housing_singleton,housing_singleton_kept,22
B3_1683,062-2890-052-00,(housing-singleton),1,housing_singleton,B2025-00477,,high,B2025-00477,high,single,ancillary,housing_singleton,housing_singleton_kept,22
B3_1684,052-1571-024-00,(housing-singleton),1,housing_singleton,B2022-03623,,high,B2022-03623,high,single,completion,housing_singleton,housing_singleton_kept,22
B3_1685,060-2453-038-00,(housing-singleton),1,housing_singleton,B2023-06086,,high,B2023-06086,high,single,completion,housing_singleton,housing_singleton_kept,22
B3_1687,063-3161-004-00,(housing-singleton),1,housing_singleton,B2025-00934,,high,B2025-00934,high,single,completion,housing_singleton,housing_singleton_kept,22
B3_1688,053-1612-018-00,(housing-singleton),1,housing_singleton,B2019-01035,,high,B2019-01035,high,single,completion,housing_singleton,housing_singleton_kept,22
B3_1690,056-2010-002-00,(housing-singleton),1,housing_singleton,B2024-04252,,high,B2024-04252,high,single,ancillary,housing_singleton,housing_singleton_kept,22
B3_1691,062-2890-048-00,(housing-singleton),1,housing_singleton,B2025-00749,,high,B2025-00749,high,single,ancillary,housing_singleton,housing_singleton_kept,22
B3_1692,062-2887-016-00,(housing-singleton),1,housing_singleton,B2022-02791,,high,B2022-02791,high,single,completion,housing_singleton,housing_singleton_kept,22
B3_1693,053-1694-010-00,(housing-singleton),1,housing_singleton,B2023-02289,,high,B2023-02289,high,single,completion,housing_singleton,housing_singleton_kept,22
B3_1695,060-2430-021-00,(housing-singleton),1,housing_singleton,B2023-05715,,high,B2023-05715,high,single,completion,housing_singleton,housing_singleton_kept,22
B3_1697,061-2604-007-00,(housing-singleton),1,housing_singleton,B2017-01124,,high,B2017-01124,high,single,completion,housing_singleton,housing_singleton_kept,22
B3_1698,060-2427-040-00,(housing-singleton),1,housing_singleton,B2024-00704,,high,B2024-00704,high,single,completion,housing_singleton,housing_singleton_kept,22
B3_1699,060-2484-011-00,(housing-singleton),1,housing_singleton,B2025-02991,,high,B2025-02991,high,single,ancillary,housing_singleton,housing_singleton_kept,22
B3_1700,060-2406-007-00,(housing-singleton),1,housing_singleton,B2023-00878,,high,B2023-00878,high,single,completion,housing_singleton,housing_singleton_kept,22
B3_1701,055-1849-013-00,(housing-singleton),1,xref/base,B2017-00128,,high,B2017-00128,high,single,ancillary,housing_singleton,housing_singleton_kept,22
B3_1702,059-2268-025-00,(housing-singleton),1,housing_singleton,B2022-00960,,high,B2022-00960,high,single,completion,housing_singleton,housing_singleton_kept,22
B3_1703,061-2603-036-00,(housing-singleton),1,housing_singleton,B2023-04754,,high,B2023-04754,high,single,ancillary,housing_singleton,housing_singleton_kept,22
B3_1704,054-1783-021-00,(housing-singleton),1,housing_singleton,B2022-03674,,high,B2022-03674,high,single,completion,housing_singleton,housing_singleton_kept,22
B3_1706,061-2605-007-00,(housing-singleton),1,housing_singleton,B2021-02133,,high,B2021-02133,high,single,completion,housing_singleton,housing_singleton_kept,22
B3_1707,053-1629-033-00,(housing-singleton),1,housing_singleton,B2022-03906,,high,B2022-03906,high,single,completion,housing_singleton,housing_singleton_kept,22
B3_1708,056-1974-023-00,(housing-singleton),1,housing_singleton,B2019-01963,,high,B2019-01963,high,single,completion,housing_singleton,housing_singleton_kept,22
B3_1709,056-2012-028-00,(housing-singleton),1,housing_singleton,B2024-04887,,high,B2024-04887,high,single,ancillary,housing_singleton,housing_singleton_kept,22
B3_1711,052-1538-011-00,(housing-singleton),1,housing_singleton,B2024-05290,,high,B2024-05290,high,single,ancillary,housing_singleton,housing_singleton_kept,22
B3_1712,053-1599-009-00,(housing-singleton),1,housing_singleton,B2019-03876,1.0,high,B2019-03876,high,single,completion,housing_singleton,housing_singleton_kept,22
B3_1714,058-2127-014-03,(housing-singleton),1,housing_singleton,B2022-05881,54.0,high,B2022-05881,high,single,completion,housing_singleton,housing_singleton_kept,22
B3_1715,063-2970-012-00,(housing-singleton),1,housing_singleton,B2025-00394,,high,B2025-00394,high,single,ancillary,housing_singleton,housing_singleton_kept,22
B3_1716,054-1702-075-00,(housing-singleton),1,housing_singleton,B2023-06502,,high,B2023-06502,high,single,ancillary,housing_singleton,housing_singleton_kept,22
B3_1717,056-2008-007-00,(housing-singleton),1,housing_singleton,B2025-03260,,high,B2025-03260,high,single,ancillary,housing_singleton,housing_singleton_kept,22
B3_1718,052-1565-040-00,(housing-singleton),1,housing_singleton,B2017-01537,,high,B2017-01537,high,single,completion,housing_singleton,housing_singleton_kept,22
B3_1720,053-1689-024-00,(housing-singleton),1,housing_singleton,B2022-02966,,high,B2022-02966,high,single,ancillary,housing_singleton,housing_singleton_kept,22
B3_1721,060-2455-032-00,(housing-singleton),1,housing_singleton,B2023-02839,,high,B2023-02839,high,single,completion,housing_singleton,housing_singleton_kept,22
B3_1722,063-2993-017-00,(housing-singleton),1,housing_singleton,B2019-01571,,high,B2019-01571,high,single,completion,housing_singleton,housing_singleton_kept,22
B3_1723,060-2445-008-00,(housing-singleton),1,housing_singleton,B2024-05132,,high,B2024-05132,high,single,completion,housing_singleton,housing_singleton_kept,22
B3_1725,060-2448-016-00,(housing-singleton),1,housing_singleton,B2025-02286,,high,B2025-02286,high,single,completion,housing_singleton,housing_singleton_kept,22
B3_1726,062-2877-003-00,(housing-singleton),1,housing_singleton,B2023-04540,,high,B2023-04540,high,single,completion,housing_singleton,housing_singleton_kept,22
B3_1727,064-4251-024-00,(housing-singleton),1,xref/base,B2018-00704,,high,B2018-00704,high,single,completion,housing_singleton,housing_singleton_kept,22
B3_1728,059-2248-004-00,(housing-singleton),1,housing_singleton,B2022-00474,,high,B2022-00474,high,single,ancillary,housing_singleton,housing_singleton_kept,22
B3_1729,052-1518-009-00,(housing-singleton),1,housing_singleton,B2024-05957,,high,B2024-05957,high,single,completion,housing_singleton,housing_singleton_kept,22
B3_1730,061-2579-012-00,(housing-singleton),1,housing_singleton,B2025-05580,,high,B2025-05580,high,single,ancillary,housing_singleton,housing_singleton_kept,22
B3_1732,052-1544-028-00,(housing-singleton),1,housing_singleton,B2024-04825,,high,B2024-04825,high,single,completion,housing_singleton,housing_singleton_kept,22
B3_1733,062-2887-030-00,(housing-singleton),1,housing_singleton,B2022-03316,,high,B2022-03316,high,single,completion,housing_singleton,housing_singleton_kept,22
B3_1734,054-1720-025-00,(housing-singleton),1,housing_singleton,B2025-02948,,high,B2025-02948,high,single,completion,housing_singleton,housing_singleton_kept,22
B3_1735,053-1594-024-00,(housing-singleton),1,housing_singleton,B2025-04618,,high,B2025-04618,high,single,ancillary,housing_singleton,housing_singleton_kept,22
B3_1736,052-1571-019-00,(housing-singleton),1,housing_singleton,B2020-04419,,high,B2020-04419,high,single,completion,housing_singleton,housing_singleton_kept,22
B3_1737,056-1998-047-00,(housing-singleton),1,housing_singleton,B2019-02162,,high,B2019-02162,high,single,completion,housing_singleton,housing_singleton_kept,22
B3_1742,052-1574-002-00,(housing-singleton),1,housing_singleton,B2024-05724,,high,B2024-05724,high,single,completion,housing_singleton,housing_singleton_kept,22
B3_1744,061-2602-014-01,(housing-singleton),1,housing_singleton,B2024-02269,,high,B2024-02269,high,single,completion,housing_singleton,housing_singleton_kept,22
B3_1745,055-1843-015-00,(housing-singleton),1,housing_singleton,B2025-02824,,high,B2025-02824,high,single,ancillary,housing_singleton,housing_singleton_kept,22
B3_1746,059-2270-029-01,(housing-singleton),1,housing_singleton,B2017-00828,,high,B2017-00828,high,single,completion,housing_singleton,housing_singleton_kept,22
B3_1748,061-2575-055-00,(housing-singleton),1,housing_singleton,B2025-01227,,high,B2025-01227,high,single,ancillary,housing_singleton,housing_singleton_kept,22
B3_1749,054-1796-012-00,(housing-singleton),1,housing_singleton,B2023-00313,,high,B2023-00313,high,single,completion,housing_singleton,housing_singleton_kept,22
B3_1750,057-2067-015-01,(housing-singleton),1,housing_singleton,B2019-03105,,high,B2019-03105,high,single,ancillary,housing_singleton,housing_singleton_kept,22
B3_1751,064-4244-018-00,(housing-singleton),1,housing_singleton,B2025-00637,,high,B2025-00637,high,single,ancillary,housing_singleton,housing_singleton_kept,22
B3_1752,058-2162-012-00,(housing-singleton),1,housing_singleton,B2025-04791,,high,B2025-04791,high,single,completion,housing_singleton,housing_singleton_kept,22
B3_1753,058-2194-004-00,(housing-singleton),1,housing_singleton,B2024-03097,,high,B2024-03097,high,single,completion,housing_singleton,housing_singleton_kept,22
B3_1755,054-1702-097-00,(housing-singleton),1,housing_singleton,B2024-00914,,high,B2024-00914,high,single,ancillary,housing_singleton,housing_singleton_kept,22
B3_1756,058-2144-009-00,(housing-singleton),1,housing_singleton,B2018-01245,,high,B2018-01245,high,single,completion,housing_singleton,housing_singleton_kept,22
B3_1757,064-4252-027-00,(housing-singleton),1,housing_singleton,B2022-05563,,high,B2022-05563,high,single,ancillary,housing_singleton,housing_singleton_kept,22
B3_1758,064-4242-025-00,(housing-singleton),1,housing_singleton,B2022-04262,,high,B2022-04262,high,single,completion,housing_singleton,housing_singleton_kept,22
B3_1759,064-4240-012-00,(housing-singleton),1,housing_singleton,B2023-02011,,high,B2023-02011,high,single,completion,housing_singleton,housing_singleton_kept,22
B3_1760,055-1827-029-00,(housing-singleton),1,housing_singleton,B2024-05339,,high,B2024-05339,high,single,ancillary,housing_singleton,housing_singleton_kept,22
B3_1761,058-2206-033-00,(housing-singleton),1,housing_singleton,B2025-05722,,high,B2025-05722,high,single,completion,housing_singleton,housing_singleton_kept,22
B3_1762,062-2876-022-00,(housing-singleton),1,housing_singleton,B2022-03114,,high,B2022-03114,high,single,completion,housing_singleton,housing_singleton_kept,22
B3_1763,053-1604-012-00,(housing-singleton),1,housing_singleton,B2019-00281,,high,B2019-00281,high,single,completion,housing_singleton,housing_singleton_kept,22
B3_1765,062-2894-011-00,(housing-singleton),1,housing_singleton,B2023-05944,,high,B2023-05944,high,single,ancillary,housing_singleton,housing_singleton_kept,22
B3_1766,058-2156-001-00,(housing-singleton),1,housing_singleton,B2022-04175,,high,B2022-04175,high,single,completion,housing_singleton,housing_singleton_kept,22
B3_1768,058-2173-008-00,(housing-singleton),1,housing_singleton,B2020-00845,,high,B2020-00845,high,single,completion,housing_singleton,housing_singleton_kept,22
B3_1770,055-1850-006-00,(housing-singleton),1,housing_singleton,B2022-05694,,high,B2022-05694,high,single,completion,housing_singleton,housing_singleton_kept,22
B3_1772,053-1601-016-00,(housing-singleton),1,housing_singleton,B2022-06004,,high,B2022-06004,high,single,ancillary,housing_singleton,housing_singleton_kept,22
B3_1773,055-1830-004-00,(housing-singleton),1,housing_singleton,B2025-02539,,high,B2025-02539,high,single,ancillary,housing_singleton,housing_singleton_kept,22
B3_1774,060-2493-016-02,(housing-singleton),1,housing_singleton,B2025-03823,,high,B2025-03823,high,single,completion,housing_singleton,housing_singleton_kept,22
B3_1775,053-1602-013-00,(housing-singleton),1,housing_singleton,B2018-02549,,high,B2018-02549,high,single,completion,housing_singleton,housing_singleton_kept,22
B3_1776,056-1917-026-00,(housing-singleton),1,housing_singleton,B2023-01644,,high,B2023-01644,high,single,ancillary,housing_singleton,housing_singleton_kept,22
B3_1777,060-2435-008-00,(housing-singleton),1,housing_singleton,B2023-03717,,high,B2023-03717,high,single,completion,housing_singleton,housing_singleton_kept,22
B3_1778,054-1718-027-00,(housing-singleton),1,housing_singleton,B2023-04843,,high,B2023-04843,high,single,completion,housing_singleton,housing_singleton_kept,22
B3_1779,060-2432-025-01,(housing-singleton),1,housing_singleton,B2024-04095,,high,B2024-04095,high,single,completion,housing_singleton,housing_singleton_kept,22
B3_1780,055-1816-011-00,(housing-singleton),1,housing_singleton,B2018-01059,,high,B2018-01059,high,single,completion,housing_singleton,housing_singleton_kept,22
B3_1781,056-1994-064-00,(housing-singleton),1,housing_singleton,B2025-01513,,high,B2025-01513,high,single,completion,housing_singleton,housing_singleton_kept,22
B3_1782,063-2975-015-03,(housing-singleton),1,housing_singleton,B2025-03001,,high,B2025-03001,high,single,ancillary,housing_singleton,housing_singleton_kept,22
B3_1783,064-4238-005-00,(housing-singleton),1,housing_singleton,B2025-05178,,high,B2025-05178,high,single,ancillary,housing_singleton,housing_singleton_kept,22
B3_1785,055-1846-015-01,(housing-singleton),1,housing_singleton,B2022-03498,,high,B2022-03498,high,single,ancillary,housing_singleton,housing_singleton_kept,22
B3_1787,052-1548-008-00,(housing-singleton),1,housing_singleton,B2022-01667,,high,B2022-01667,high,single,completion,housing_singleton,housing_singleton_kept,22
B3_1788,055-1914-055-00,(housing-singleton),1,housing_singleton,B2023-01379,,high,B2023-01379,high,single,completion,housing_singleton,housing_singleton_kept,22
B3_1790,058-2168-029-01,(housing-singleton),1,housing_singleton,B2025-00309,,high,B2025-00309,high,single,completion,housing_singleton,housing_singleton_kept,22
B3_1793,058-2172-032-00,(housing-singleton),1,housing_singleton,B2024-00871,,high,B2024-00871,high,single,completion,housing_singleton,housing_singleton_kept,22
B3_1794,053-1609-012-00,(housing-singleton),1,housing_singleton,B2024-05082,,high,B2024-05082,high,single,ancillary,housing_singleton,housing_singleton_kept,22
B3_1795,052-1549-008-00,(housing-singleton),1,housing_singleton,B2025-02892,,high,B2025-02892,high,single,completion,housing_singleton,housing_singleton_kept,22
B3_1796,058-2244-002-09,(housing-singleton),1,housing_singleton,B2025-02303,,high,B2025-02303,high,single,completion,housing_singleton,housing_singleton_kept,22
B3_1797,053-1664-004-00,(housing-singleton),1,housing_singleton,B2023-03061,,high,B2023-03061,high,single,completion,housing_singleton,housing_singleton_kept,22
B3_1798,056-1935-013-00,(housing-singleton),1,housing_singleton,B2024-00142,,high,B2024-00142,high,single,completion,housing_singleton,housing_singleton_kept,22
B3_1800,061-2555-026-00,(housing-singleton),1,housing_singleton,B2024-02758,,high,B2024-02758,high,single,completion,housing_singleton,housing_singleton_kept,22
B3_1801,057-2024-014-00,(housing-singleton),1,housing_singleton,B2024-05602,,high,B2024-05602,high,single,completion,housing_singleton,housing_singleton_kept,22
B3_1802,062-2946-033-00,(housing-singleton),1,housing_singleton,B2024-05622,,high,B2024-05622,high,single,completion,housing_singleton,housing_singleton_kept,22
B3_1803,060-2428-027-00,(housing-singleton),1,housing_singleton,B2024-05992,,high,B2024-05992,high,single,completion,housing_singleton,housing_singleton_kept,22
B3_1804,059-2253-011-00,(housing-singleton),1,housing_singleton,B2025-02818,,high,B2025-02818,high,single,completion,housing_singleton,housing_singleton_kept,22
B3_1805,055-1845-010-00,(housing-singleton),1,housing_singleton,B2021-05671,,high,B2021-05671,high,single,completion,housing_singleton,housing_singleton_kept,22
B3_1806,061-2578-026-00,(housing-singleton),1,housing_singleton,B2022-00005,,high,B2022-00005,high,single,completion,housing_singleton,housing_singleton_kept,22
B3_1807,058-2150-021-00,(housing-singleton),1,housing_singleton,B2022-02891,,high,B2022-02891,high,single,ancillary,housing_singleton,housing_singleton_kept,22
B3_1808,054-1709-035-00,(housing-singleton),1,housing_singleton,B2024-00176,,high,B2024-00176,high,single,completion,housing_singleton,housing_singleton_kept,22
B3_1810,056-1965-005-00,(housing-singleton),1,housing_singleton,B2024-04359,,high,B2024-04359,high,single,completion,housing_singleton,housing_singleton_kept,22
B3_1811,056-2001-011-00,(housing-singleton),1,housing_singleton,B2024-05758,,high,B2024-05758,high,single,completion,housing_singleton,housing_singleton_kept,22
B3_1813,056-1994-016-00,(housing-singleton),1,housing_singleton,B2018-03930,,high,B2018-03930,high,single,ancillary,housing_singleton,housing_singleton_kept,22
B3_1814,055-1853-011-00,(housing-singleton),1,housing_singleton,B2024-02828,,high,B2024-02828,high,single,ancillary,housing_singleton,housing_singleton_kept,22
B3_1815,053-1669-008-00,(housing-singleton),1,housing_singleton,B2025-02152,,high,B2025-02152,high,single,ancillary,housing_singleton,housing_singleton_kept,22
B3_1816,052-1579-014-00,(housing-singleton),1,housing_singleton,B2025-03005,,high,B2025-03005,high,single,completion,housing_singleton,housing_singleton_kept,22
B3_1817,060-2489-035-01,(housing-singleton),1,housing_singleton,B2025-03820,,high,B2025-03820,high,single,ancillary,housing_singleton,housing_singleton_kept,22
B3_1818,059-2273-003-00,(housing-singleton),1,housing_singleton,B2024-02861,,high,B2024-02861,high,single,completion,housing_singleton,housing_singleton_kept,22
B3_1819,060-2489-034-00,(housing-singleton),1,housing_singleton,B2025-03813,,high,B2025-03813,high,single,ancillary,housing_singleton,housing_singleton_kept,22
B3_1820,062-2940-013-00,(housing-singleton),1,housing_singleton,B2023-02360,,high,B2023-02360,high,single,completion,housing_singleton,housing_singleton_kept,22
B3_1821,054-1786-004-00,(housing-singleton),1,housing_singleton,B2024-05199,,high,B2024-05199,high,single,ancillary,housing_singleton,housing_singleton_kept,22
B3_1822,061-2554-003-00,(housing-singleton),1,xref/base,B2021-01866,,high,B2021-01866,high,single,ancillary,housing_singleton,housing_singleton_kept,22
B3_1823,054-1786-020-00,(housing-singleton),1,housing_singleton,B2022-04626,,high,B2022-04626,high,single,completion,housing_singleton,housing_singleton_kept,22
B3_1824,063-2964-032-00,(housing-singleton),1,housing_singleton,B2025-00948,,high,B2025-00948,high,single,ancillary,housing_singleton,housing_singleton_kept,22
B3_1825,058-2182-042-00,(housing-singleton),1,housing_singleton,B2025-02467,,high,B2025-02467,high,single,ancillary,housing_singleton,housing_singleton_kept,22
B3_1826,059-2250-017-00,(housing-singleton),1,housing_singleton,B2022-03270,,high,B2022-03270,high,single,ancillary,housing_singleton,housing_singleton_kept,22
B3_1827,060-2473-024-00,(housing-singleton),1,housing_singleton,B2025-00317,,high,B2025-00317,high,single,ancillary,housing_singleton,housing_singleton_kept,22
B3_1828,058-2128-016-00,(housing-singleton),1,housing_singleton,B2022-05902,,high,B2022-05902,high,single,sitework,housing_singleton,housing_singleton_kept,22
B3_1829,062-2890-048-00,(housing-singleton),1,housing_singleton,B2025-03173,,high,B2025-03173,high,single,ancillary,housing_singleton,housing_singleton_kept,22
B3_1830,063-2956-009-00,(housing-singleton),1,housing_singleton,B2025-01094,,high,B2025-01094,high,single,completion,housing_singleton,housing_singleton_kept,22
B3_1831,059-2266-036-00,(housing-singleton),1,housing_singleton,B2023-00228,,high,B2023-00228,high,single,ancillary,housing_singleton,housing_singleton_kept,22
B3_1832,052-1562-034-00,(housing-singleton),1,housing_singleton,B2025-05744,,high,B2025-05744,high,single,completion,housing_singleton,housing_singleton_kept,22
B3_1833,054-1717-023-00,(housing-singleton),1,housing_singleton,B2022-04607,,high,B2022-04607,high,single,ancillary,housing_singleton,housing_singleton_kept,22
B3_1834,062-2874-017-00,(housing-singleton),1,housing_singleton,B2017-01223,,high,B2017-01223,high,single,completion,housing_singleton,housing_singleton_kept,22
B3_1835,053-1626-018-00,(housing-singleton),1,housing_singleton,B2017-02125,,high,B2017-02125,high,single,completion,housing_singleton,housing_singleton_kept,22
B3_1836,052-1522-004-00,(housing-singleton),1,housing_singleton,B2023-02452,,high,B2023-02452,high,single,completion,housing_singleton,housing_singleton_kept,22
B3_1837,053-1659-033-00,(housing-singleton),1,housing_singleton,B2017-01569,,high,B2017-01569,high,single,completion,housing_singleton,housing_singleton_kept,22
B3_1838,056-1938-002-00,(housing-singleton),1,housing_singleton,B2022-04245,,high,B2022-04245,high,single,completion,housing_singleton,housing_singleton_kept,22
B3_1839,052-1554-020-00,(housing-singleton),1,housing_singleton,B2022-05486,,high,B2022-05486,high,single,completion,housing_singleton,housing_singleton_kept,22
B3_1840,062-2890-015-00,(housing-singleton),1,housing_singleton,B2022-03139,,high,B2022-03139,high,single,completion,housing_singleton,housing_singleton_kept,22
B3_1841,060-2437-028-00,(housing-singleton),1,housing_singleton,B2023-00291,,high,B2023-00291,high,single,completion,housing_singleton,housing_singleton_kept,22
B3_1842,064-4247-017-00,(housing-singleton),1,housing_singleton,B2023-01703,,high,B2023-01703,high,single,completion,housing_singleton,housing_singleton_kept,22
B3_1844,052-1577-026-00,(housing-singleton),1,housing_singleton,B2025-00511,,high,B2025-00511,high,single,completion,housing_singleton,housing_singleton_kept,22
B3_1846,060-2489-011-00,(housing-singleton),1,housing_singleton,B2024-01709,,high,B2024-01709,high,single,ancillary,housing_singleton,housing_singleton_kept,22
B3_1847,054-1791-022-00,(housing-singleton),1,housing_singleton,B2022-05945,,high,B2022-05945,high,single,sitework,housing_singleton,housing_singleton_kept,22
B3_1848,052-1526-009-00,(housing-singleton),1,housing_singleton,B2024-04807,,high,B2024-04807,high,single,completion,housing_singleton,housing_singleton_kept,22
B3_1850,060-2493-077-00,(housing-singleton),1,housing_singleton,B2024-01612,,high,B2024-01612,high,single,ancillary,housing_singleton,housing_singleton_kept,22
B3_1852,058-2125-014-00,(housing-singleton),1,housing_singleton,B2023-03800,,high,B2023-03800,high,single,ancillary,housing_singleton,housing_singleton_kept,22
B3_1853,063-2973-044-00,(housing-singleton),1,housing_singleton,B2022-02807,,high,B2022-02807,high,single,ancillary,housing_singleton,housing_singleton_kept,22
B3_1854,056-1938-027-00,(housing-singleton),1,housing_singleton,B2022-05938,,high,B2022-05938,high,single,completion,housing_singleton,housing_singleton_kept,22
B3_1855,063-3120-038-00,(housing-singleton),1,housing_singleton,B2024-05518,,high,B2024-05518,high,single,ancillary,housing_singleton,housing_singleton_kept,22
B3_1856,059-2265-009-00,(housing-singleton),1,housing_singleton,B2022-05987,,high,B2022-05987,high,single,ancillary,housing_singleton,housing_singleton_kept,22
B3_1857,056-2001-015-00,(housing-singleton),1,housing_singleton,B2025-04169,,high,B2025-04169,high,single,ancillary,housing_singleton,housing_singleton_kept,22
B3_1858,061-2562-038-00,(housing-singleton),1,housing_singleton,B2023-05395,,high,B2023-05395,high,single,ancillary,housing_singleton,housing_singleton_kept,22
B3_1860,060-2466-044-00,(housing-singleton),1,housing_singleton,B2022-05663,,high,B2022-05663,high,single,completion,housing_singleton,housing_singleton_kept,22
B3_1861,060-2478-013-00,(housing-singleton),1,xref/base,B2019-03338,1.0,high,B2019-03338,high,single,ancillary,housing_singleton,housing_singleton_kept,22
B3_1862,052-1565-003-00,(housing-singleton),1,housing_singleton,B2023-00437,,high,B2023-00437,high,single,ancillary,housing_singleton,housing_singleton_kept,22
B3_1863,061-2584-018-00,(housing-singleton),1,housing_singleton,B2023-02504,,high,B2023-02504,high,single,completion,housing_singleton,housing_singleton_kept,22
B3_1864,057-2068-025-00,(housing-singleton),1,housing_singleton,B2025-00694,,high,B2025-00694,high,single,ancillary,housing_singleton,housing_singleton_kept,22
B3_1865,064-4247-006-00,(housing-singleton),1,housing_singleton,B2024-03215,,high,B2024-03215,high,single,completion,housing_singleton,housing_singleton_kept,22
B3_1866,054-1702-092-00,(housing-singleton),1,housing_singleton,B2022-03615,,high,B2022-03615,high,single,ancillary,housing_singleton,housing_singleton_kept,22
B3_1867,055-1847-013-00,(housing-singleton),1,housing_singleton,B2024-00249,,high,B2024-00249,high,single,ancillary,housing_singleton,housing_singleton_kept,22
B3_1868,061-2559-020-00,(housing-singleton),1,housing_singleton,B2019-04275,,high,B2019-04275,high,single,ancillary,housing_singleton,housing_singleton_kept,22
B3_1869,056-1917-019-00,(housing-singleton),1,housing_singleton,B2022-05130,,high,B2022-05130,high,single,ancillary,housing_singleton,housing_singleton_kept,22
B3_1870,054-1717-014-00,(housing-singleton),1,housing_singleton,B2022-04361,,high,B2022-04361,high,single,ancillary,housing_singleton,housing_singleton_kept,22
B3_1872,054-1783-006-00,(housing-singleton),1,housing_singleton,B2021-05139,,high,B2021-05139,high,single,completion,housing_singleton,housing_singleton_kept,22
B3_1873,058-2121-003-00,(housing-singleton),1,housing_singleton,B2017-02403,,high,B2017-02403,high,single,completion,housing_singleton,housing_singleton_kept,22
B3_1875,056-1989-007-00,(housing-singleton),1,housing_singleton,B2022-01382,,high,B2022-01382,high,single,completion,housing_singleton,housing_singleton_kept,22
B3_1876,052-1582-002-00,(housing-singleton),1,xref/base,B2022-06045,,high,B2022-06045,high,single,completion,housing_singleton,housing_singleton_kept,22
B3_1877,052-1520-001-00,(housing-singleton),1,housing_singleton,B2022-04277,,high,B2022-04277,high,single,completion,housing_singleton,housing_singleton_kept,22
B3_1878,063-3130-010-02,(housing-singleton),1,housing_singleton,B2023-03749,,high,B2023-03749,high,single,completion,housing_singleton,housing_singleton_kept,22
B3_1879,053-1586-007-00,(housing-singleton),1,housing_singleton,B2025-03630,,high,B2025-03630,high,single,ancillary,housing_singleton,housing_singleton_kept,22
B3_1881,061-2560-026-00,(housing-singleton),1,housing_singleton,B2024-01327,,high,B2024-01327,high,single,completion,housing_singleton,housing_singleton_kept,22
B3_1882,060-2487-025-00,(housing-singleton),1,housing_singleton,B2025-03837,,high,B2025-03837,high,single,ancillary,housing_singleton,housing_singleton_kept,22
B3_1884,054-1738-004-00,(housing-singleton),1,housing_singleton,B2022-03365,,high,B2022-03365,high,single,completion,housing_singleton,housing_singleton_kept,22
B3_1885,063-2961-036-01,(housing-singleton),1,housing_singleton,B2024-03810,,high,B2024-03810,high,single,ancillary,housing_singleton,housing_singleton_kept,22
B3_1886,063-2975-044-03,(housing-singleton),1,housing_singleton,B2024-03986,,high,B2024-03986,high,single,completion,housing_singleton,housing_singleton_kept,22
B3_1887,055-1841-004-00,(housing-singleton),1,housing_singleton,B2022-04799,,high,B2022-04799,high,single,completion,housing_singleton,housing_singleton_kept,22
B3_1888,060-2490-035-02,(housing-singleton),1,housing_singleton,B2024-01732,,high,B2024-01732,high,single,ancillary,housing_singleton,housing_singleton_kept,22
B3_1889,056-1965-026-00,(housing-singleton),1,housing_singleton,B2022-06018,,high,B2022-06018,high,single,completion,housing_singleton,housing_singleton_kept,22
B3_1890,053-1635-010-01,(housing-singleton),1,housing_singleton,B2024-03890,,high,B2024-03890,high,single,ancillary,housing_singleton,housing_singleton_kept,22
B3_1891,060-2432-025-01,(housing-singleton),1,housing_singleton,B2023-04128,,high,B2023-04128,high,single,ancillary,housing_singleton,housing_singleton_kept,22
B3_1892,057-2013-015-00,(housing-singleton),1,housing_singleton,B2025-03420,,high,B2025-03420,high,single,ancillary,housing_singleton,housing_singleton_kept,22
B3_1893,058-2165-027-00,(housing-singleton),1,housing_singleton,B2022-02101,,high,B2022-02101,high,single,completion,housing_singleton,housing_singleton_kept,22
B3_1894,059-2276-018-00,(housing-singleton),1,housing_singleton,B2023-02934,,high,B2023-02934,high,single,ancillary,housing_singleton,housing_singleton_kept,22
B3_1895,052-1516-006-00,(housing-singleton),1,housing_singleton,B2025-05294,,high,B2025-05294,high,single,completion,housing_singleton,housing_singleton_kept,22
B3_1896,063-2978-067-00,(housing-singleton),1,housing_singleton,B2024-05745,,high,B2024-05745,high,single,ancillary,housing_singleton,housing_singleton_kept,22
B3_1897,054-1702-072-00,(housing-singleton),1,housing_singleton,B2023-06188,,high,B2023-06188,high,single,completion,housing_singleton,housing_singleton_kept,22
B3_1900,064-4244-004-00,(housing-singleton),1,housing_singleton,B2024-01691,,high,B2024-01691,high,single,completion,housing_singleton,housing_singleton_kept,22
B3_1901,053-1701-044-00,(housing-singleton),1,housing_singleton,B2024-02294,,high,B2024-02294,high,single,completion,housing_singleton,housing_singleton_kept,22
B3_1902,056-1929-003-00,(housing-singleton),1,housing_singleton,B2023-02752,,high,B2023-02752,high,single,completion,housing_singleton,housing_singleton_kept,22
B3_1903,064-4252-042-00,(housing-singleton),1,housing_singleton,B2023-03086,,high,B2023-03086,high,single,completion,housing_singleton,housing_singleton_kept,22
B3_1904,058-2242-048-29,(housing-singleton),1,housing_singleton,B2025-02917,,high,B2025-02917,high,single,ancillary,housing_singleton,housing_singleton_kept,22
B3_1905,059-2336-009-00,(housing-singleton),1,housing_singleton,B2018-02250,,high,B2018-02250,high,single,completion,housing_singleton,housing_singleton_kept,22
B3_1906,059-2288-007-00,(housing-singleton),1,housing_singleton,B2023-02339,,high,B2023-02339,high,single,ancillary,housing_singleton,housing_singleton_kept,22
B3_1907,060-2492-010-01,(housing-singleton),1,housing_singleton,B2024-02177,,high,B2024-02177,high,single,ancillary,housing_singleton,housing_singleton_kept,22
B3_1908,056-2008-025-00,(housing-singleton),1,housing_singleton,B2024-02900,,high,B2024-02900,high,single,completion,housing_singleton,housing_singleton_kept,22
B3_1909,059-2256-007-00,(housing-singleton),1,housing_singleton,B2021-01987,,high,B2021-01987,high,single,completion,housing_singleton,housing_singleton_kept,22
B3_1910,060-2490-022-01,(housing-singleton),1,housing_singleton,B2022-03348,,high,B2022-03348,high,single,ancillary,housing_singleton,housing_singleton_kept,22
B3_1911,054-1735-001-00,(housing-singleton),1,housing_singleton,B2025-00245,,high,B2025-00245,high,single,completion,housing_singleton,housing_singleton_kept,22
B3_1912,054-1791-015-00,(housing-singleton),1,housing_singleton,B2021-05335,,high,B2021-05335,high,single,completion,housing_singleton,housing_singleton_kept,22
B3_1913,054-1702-075-00,(housing-singleton),1,housing_singleton,B2025-01220,,high,B2025-01220,high,single,completion,housing_singleton,housing_singleton_kept,22
B3_1914,060-2484-020-00,(housing-singleton),1,housing_singleton,B2025-05029,,high,B2025-05029,high,single,ancillary,housing_singleton,housing_singleton_kept,22
B3_1915,061-2587-036-00,(housing-singleton),1,housing_singleton,B2021-03819,,high,B2021-03819,high,single,ancillary,housing_singleton,housing_singleton_kept,22
B3_1916,060-2466-030-00,(housing-singleton),1,housing_singleton,B2025-05641,,high,B2025-05641,high,single,completion,housing_singleton,housing_singleton_kept,22
B3_1917,063-2956-038-01,(housing-singleton),1,housing_singleton,B2025-05085,,high,B2025-05085,high,single,ancillary,housing_singleton,housing_singleton_kept,22
B3_1918,063-3110-100-01,(housing-singleton),1,housing_singleton,B2018-03859,,high,B2018-03859,high,single,completion,housing_singleton,housing_singleton_kept,22
B3_1919,060-2487-028-00,(housing-singleton),1,housing_singleton,B2025-03832,,high,B2025-03832,high,single,ancillary,housing_singleton,housing_singleton_kept,22
B3_1920,062-2869-030-00,(housing-singleton),1,housing_singleton,B2024-00099,,high,B2024-00099,high,single,ancillary,housing_singleton,housing_singleton_kept,22
B3_1921,064-4244-027-00,(housing-singleton),1,housing_singleton,B2024-04734,,high,B2024-04734,high,single,ancillary,housing_singleton,housing_singleton_kept,22
B3_1922,060-2437-004-00,(housing-singleton),1,housing_singleton,B2023-03729,,high,B2023-03729,high,single,completion,housing_singleton,housing_singleton_kept,22
B3_1923,059-2329-016-00,(housing-singleton),1,housing_singleton,B2022-04992,,high,B2022-04992,high,single,completion,housing_singleton,housing_singleton_kept,22
B3_1924,060-2408-021-00,(housing-singleton),1,housing_singleton,B2022-05222,,high,B2022-05222,high,single,completion,housing_singleton,housing_singleton_kept,22
B3_1925,060-2453-018-00,(housing-singleton),1,housing_singleton,B2022-06002,,high,B2022-06002,high,single,completion,housing_singleton,housing_singleton_kept,22
B3_1926,061-2605-013-00,(housing-singleton),1,housing_singleton,B2023-02425,,high,B2023-02425,high,single,completion,housing_singleton,housing_singleton_kept,22
B3_1927,059-2333-013-03,(housing-singleton),1,housing_singleton,B2023-03652,,high,B2023-03652,high,single,ancillary,housing_singleton,housing_singleton_kept,22
B3_1928,055-1830-015-00,(housing-singleton),1,housing_singleton,B2021-03292,,high,B2021-03292,high,single,completion,housing_singleton,housing_singleton_kept,22
B3_1929,053-1686-033-00,(housing-singleton),1,housing_singleton,B2024-00671,,high,B2024-00671,high,single,ancillary,housing_singleton,housing_singleton_kept,22
B3_1930,060-2487-027-00,(housing-singleton),1,housing_singleton,B2024-02184,,high,B2024-02184,high,single,ancillary,housing_singleton,housing_singleton_kept,22
B3_1931,061-2581-001-00,(housing-singleton),1,housing_singleton,B2023-05025,,high,B2023-05025,high,single,completion,housing_singleton,housing_singleton_kept,22
B3_1932,052-1571-027-00,(housing-singleton),1,housing_singleton,B2025-01225,,high,B2025-01225,high,single,ancillary,housing_singleton,housing_singleton_kept,22
B3_1933,060-2432-029-00,(housing-singleton),1,housing_singleton,B2023-06475,,high,B2023-06475,high,single,ancillary,housing_singleton,housing_singleton_kept,22
B3_1934,054-1803-017-00,(housing-singleton),1,housing_singleton,B2025-05606,,high,B2025-05606,high,single,ancillary,housing_singleton,housing_singleton_kept,22
B3_1935,060-2435-014-00,(housing-singleton),1,housing_singleton,B2024-04702,,high,B2024-04702,high,single,completion,housing_singleton,housing_singleton_kept,22
B3_1937,061-2573-012-00,(housing-singleton),1,housing_singleton,B2022-03010,,high,B2022-03010,high,single,completion,housing_singleton,housing_singleton_kept,22
B3_1938,060-2463-009-00,(housing-singleton),1,housing_singleton,B2024-04462,,high,B2024-04462,high,single,ancillary,housing_singleton,housing_singleton_kept,22
B3_1939,060-2417-023-00,(housing-singleton),1,housing_singleton,B2025-01857,,high,B2025-01857,high,single,completion,housing_singleton,housing_singleton_kept,22
B3_1941,057-2013-024-00,(housing-singleton),1,housing_singleton,B2023-04152,,high,B2023-04152,high,single,completion,housing_singleton,housing_singleton_kept,22
B3_1942,063-3130-016-00,(housing-singleton),1,housing_singleton,B2020-01793,,high,B2020-01793,high,single,completion,housing_singleton,housing_singleton_kept,22
B3_1943,063-2988-033-01,(housing-singleton),1,housing_singleton,B2022-04840,,high,B2022-04840,high,single,completion,housing_singleton,housing_singleton_kept,22
B3_1944,064-4245-002-00,(housing-singleton),1,housing_singleton,B2022-03228,,high,B2022-03228,high,single,completion,housing_singleton,housing_singleton_kept,22
B3_1945,063-2987-008-00,(housing-singleton),1,housing_singleton,B2025-02470,,high,B2025-02470,high,single,completion,housing_singleton,housing_singleton_kept,22
B3_1946,064-4252-005-00,(housing-singleton),1,housing_singleton,B2025-05737,,high,B2025-05737,high,single,ancillary,housing_singleton,housing_singleton_kept,22
B3_1947,058-2160-013-00,(housing-singleton),1,housing_singleton,B2024-00915,,high,B2024-00915,high,single,ancillary,housing_singleton,housing_singleton_kept,22
B3_1948,054-1733-006-00,(housing-singleton),1,housing_singleton,B2024-04796,,high,B2024-04796,high,single,ancillary,housing_singleton,housing_singleton_kept,22
B3_1949,056-2007-029-00,(housing-singleton),1,housing_singleton,B2025-00248,,high,B2025-00248,high,single,completion,housing_singleton,housing_singleton_kept,22
B3_1950,058-2205-001-00,(housing-singleton),1,housing_singleton,B2022-05329,,high,B2022-05329,high,single,completion,housing_singleton,housing_singleton_kept,22
B3_1951,055-1827-014-00,(housing-singleton),1,housing_singleton,B2023-05947,,high,B2023-05947,high,single,ancillary,housing_singleton,housing_singleton_kept,22
B3_1953,055-1881-017-01,(housing-singleton),1,housing_singleton,B2022-02911,,high,B2022-02911,high,single,completion,housing_singleton,housing_singleton_kept,22
B3_1954,055-1914-054-00,(housing-singleton),1,housing_singleton,B2024-05133,,high,B2024-05133,high,single,ancillary,housing_singleton,housing_singleton_kept,22
B3_1955,061-2602-022-00,(housing-singleton),1,housing_singleton,B2025-00459,,high,B2025-00459,high,single,ancillary,housing_singleton,housing_singleton_kept,22
B3_1956,058-2199-009-00,(housing-singleton),1,housing_singleton,B2024-04817,,high,B2024-04817,high,single,completion,housing_singleton,housing_singleton_kept,22
B3_1957,058-2155-015-00,(housing-singleton),1,housing_singleton,B2019-04354,,high,B2019-04354,high,single,completion,housing_singleton,housing_singleton_kept,22
B3_1958,063-2964-014-00,(housing-singleton),1,housing_singleton,B2021-04432,,high,B2021-04432,high,single,completion,housing_singleton,housing_singleton_kept,22
B3_1959,052-1575-008-00,(housing-singleton),1,housing_singleton,B2022-03346,2.0,high,B2022-03346,high,single,completion,housing_singleton,housing_singleton_kept,22
B3_1960,060-2423-002-00,(housing-singleton),1,housing_singleton,B2022-03534,,high,B2022-03534,high,single,completion,housing_singleton,housing_singleton_kept,22
B3_1961,063-3140-047-02,(housing-singleton),1,housing_singleton,B2022-04590,,high,B2022-04590,high,single,completion,housing_singleton,housing_singleton_kept,22
B3_1962,063-2971-044-00,(housing-singleton),1,housing_singleton,B2024-02404,,high,B2024-02404,high,single,ancillary,housing_singleton,housing_singleton_kept,22
B3_1964,052-1565-039-00,(housing-singleton),1,housing_singleton,B2016-01064,,high,B2016-01064,high,single,ancillary,housing_singleton,housing_singleton_kept,22
B3_1965,059-2330-006-00,(housing-singleton),1,housing_singleton,B2022-03122,,high,B2022-03122,high,single,completion,housing_singleton,housing_singleton_kept,22
B3_1966,060-2487-027-00,(housing-singleton),1,housing_singleton,B2025-03835,,high,B2025-03835,high,single,ancillary,housing_singleton,housing_singleton_kept,22
B3_1967,052-1552-027-00,(housing-singleton),1,housing_singleton,B2024-04680,,high,B2024-04680,high,single,ancillary,housing_singleton,housing_singleton_kept,22
B3_1968,061-2569-008-00,(housing-singleton),1,housing_singleton,B2022-02947,,high,B2022-02947,high,single,completion,housing_singleton,housing_singleton_kept,22
B3_1969,063-3140-002-04,(housing-singleton),1,housing_singleton,B2021-05189,,high,B2021-05189,high,single,completion,housing_singleton,housing_singleton_kept,22
B3_1970,063-2987-013-00,(housing-singleton),1,housing_singleton,B2020-00013,1.0,high,B2020-00013,high,single,completion,housing_singleton,housing_singleton_kept,22
B3_1971,053-1607-035-00,(housing-singleton),1,housing_singleton,B2023-05569,,high,B2023-05569,high,single,ancillary,housing_singleton,housing_singleton_kept,22
B3_1972,059-2268-012-00,(housing-singleton),1,housing_singleton,B2022-00481,,high,B2022-00481,high,single,completion,housing_singleton,housing_singleton_kept,22
B3_1973,052-1574-078-00,(housing-singleton),1,housing_singleton,B2025-01412,,high,B2025-01412,high,single,ancillary,housing_singleton,housing_singleton_kept,22
B3_1974,056-1917-002-02,(housing-singleton),1,housing_singleton,B2025-02492,,high,B2025-02492,high,single,completion,housing_singleton,housing_singleton_kept,22
B3_1975,060-2434-007-00,(housing-singleton),1,housing_singleton,B2025-00479,,high,B2025-00479,high,single,ancillary,housing_singleton,housing_singleton_kept,22
B3_1977,057-2075-013-00,(housing-singleton),1,housing_singleton,B2024-00807,,high,B2024-00807,high,single,completion,housing_singleton,housing_singleton_kept,22
B3_1979,052-1555-006-00,(housing-singleton),1,housing_singleton,B2023-06217,,high,B2023-06217,high,single,ancillary,housing_singleton,housing_singleton_kept,22
B3_1980,054-1808-010-00,(housing-singleton),1,housing_singleton,B2024-05415,,high,B2024-05415,high,single,completion,housing_singleton,housing_singleton_kept,22
B3_1981,052-1448-005-00,(housing-singleton),1,housing_singleton,B2022-00368,,high,B2022-00368,high,single,completion,housing_singleton,housing_singleton_kept,22
B3_1982,053-1628-027-00,(housing-singleton),1,housing_singleton,B2023-02242,,high,B2023-02242,high,single,completion,housing_singleton,housing_singleton_kept,22
B3_1983,054-1802-014-00,(housing-singleton),1,xref/base,B2025-02754,,high,B2025-02754,high,single,ancillary,housing_singleton,housing_singleton_kept,22
B3_1984,059-2310-002-05,(housing-singleton),1,housing_singleton,B2017-01855,159.0,high,B2017-01855,high,single,completion,housing_singleton,housing_singleton_kept,22
B3_1985,060-2465-027-00,(housing-singleton),1,housing_singleton,B2023-00885,,high,B2023-00885,high,single,completion,housing_singleton,housing_singleton_kept,22
B3_1987,061-2558-009-00,(housing-singleton),1,housing_singleton,B2022-02714,,high,B2022-02714,high,single,ancillary,housing_singleton,housing_singleton_kept,22
B3_1988,058-2168-029-01,(housing-singleton),1,housing_singleton,B2024-05097,,high,B2024-05097,high,single,completion,housing_singleton,housing_singleton_kept,22
B3_1990,053-1698-005-00,(housing-singleton),1,housing_singleton,B2025-00658,,high,B2025-00658,high,single,completion,housing_singleton,housing_singleton_kept,22
B3_1991,062-2891-030-01,(housing-singleton),1,housing_singleton,B2025-02428,,high,B2025-02428,high,single,completion,housing_singleton,housing_singleton_kept,22
B3_1992,052-1562-023-00,(housing-singleton),1,housing_singleton,B2020-01236,,high,B2020-01236,high,single,completion,housing_singleton,housing_singleton_kept,22
B3_1993,058-2242-033-01,(housing-singleton),1,housing_singleton,B2025-04915,,high,B2025-04915,high,single,completion,housing_singleton,housing_singleton_kept,22
B3_1994,055-1841-003-00,(housing-singleton),1,housing_singleton,B2022-01735,,high,B2022-01735,high,single,ancillary,housing_singleton,housing_singleton_kept,22
B3_1995,062-2868-013-00,(housing-singleton),1,housing_singleton,B2023-01833,,high,B2023-01833,high,single,completion,housing_singleton,housing_singleton_kept,22
B3_1996,058-2159-029-00,(housing-singleton),1,housing_singleton,B2023-00849,,high,B2023-00849,high,single,completion,housing_singleton,housing_singleton_kept,22
B3_1997,056-1988-002-02,(housing-singleton),1,housing_singleton,B2024-05253,,high,B2024-05253,high,single,completion,housing_singleton,housing_singleton_kept,22
B3_1998,054-1794-010-00,(housing-singleton),1,housing_singleton,B2024-01986,,high,B2024-01986,high,single,completion,housing_singleton,housing_singleton_kept,22
B3_1999,055-1890-010-01,(housing-singleton),1,housing_singleton,B2024-05305,,high,B2024-05305,high,single,completion,housing_singleton,housing_singleton_kept,22
B3_2000,055-1832-014-00,(housing-singleton),1,housing_singleton,B2025-01540,,high,B2025-01540,high,single,completion,housing_singleton,housing_singleton_kept,22
B3_2001,054-1792-008-00,(housing-singleton),1,housing_singleton,B2020-01247,,high,B2020-01247,high,single,completion,housing_singleton,housing_singleton_kept,22
B3_2002,063-2986-019-00,(housing-singleton),1,housing_singleton,B2024-04669,,high,B2024-04669,high,single,ancillary,housing_singleton,housing_singleton_kept,22
B3_2004,056-2007-025-01,(housing-singleton),1,housing_singleton,B2025-02571,,high,B2025-02571,high,single,ancillary,housing_singleton,housing_singleton_kept,22
B3_2005,062-2867-001-00,(housing-singleton),1,housing_singleton,B2024-05177,,high,B2024-05177,high,single,completion,housing_singleton,housing_singleton_kept,22
B3_2006,052-1448-005-00,(housing-singleton),1,housing_singleton,B2016-04602,,high,B2016-04602,high,single,completion,housing_singleton,housing_singleton_kept,22
B3_2007,055-1867-010-00,(housing-singleton),1,housing_singleton,B2024-03777,,high,B2024-03777,high,single,completion,housing_singleton,housing_singleton_kept,22
B3_2008,059-2329-015-00,(housing-singleton),1,housing_singleton,B2022-05083,,high,B2022-05083,high,single,completion,housing_singleton,housing_singleton_kept,22
B3_2010,056-1976-020-00,(housing-singleton),1,housing_singleton,B2022-02804,,high,B2022-02804,high,single,completion,housing_singleton,housing_singleton_kept,22
B3_2011,055-1832-131-00,(housing-singleton),1,housing_singleton,B2023-00421,,high,B2023-00421,high,single,completion,housing_singleton,housing_singleton_kept,22
B3_2012,056-1981-013-00,(housing-singleton),1,housing_singleton,B2025-01297,,high,B2025-01297,high,single,completion,housing_singleton,housing_singleton_kept,22
B3_2013,053-1658-014-00,(housing-singleton),1,housing_singleton,B2025-04268,,high,B2025-04268,high,single,ancillary,housing_singleton,housing_singleton_kept,22
B3_2014,053-1602-008-00,(housing-singleton),1,housing_singleton,B2021-00448,,high,B2021-00448,high,single,completion,housing_singleton,housing_singleton_kept,22
B3_2015,060-2400-013-00,(housing-singleton),1,housing_singleton,B2025-05706,,high,B2025-05706,high,single,ancillary,housing_singleton,housing_singleton_kept,22
B3_2016,48H-7680-023-01,(housing-singleton),1,housing_singleton,B2023-02475,,high,B2023-02475,high,single,ancillary,housing_singleton,housing_singleton_kept,22
B3_2017,052-1536-011-00,(housing-singleton),1,housing_singleton,B2022-03494,,high,B2022-03494,high,single,completion,housing_singleton,housing_singleton_kept,22
B3_2018,052-1517-025-00,(housing-singleton),1,xref/base,B2025-04007,,high,B2025-04007,high,single,ancillary,housing_singleton,housing_singleton_kept,22
B3_2019,060-2482-016-00,(housing-singleton),1,housing_singleton,B2022-03402,,high,B2022-03402,high,single,ancillary,housing_singleton,housing_singleton_kept,22
B3_2020,061-2568-015-00,(housing-singleton),1,housing_singleton,B2024-03819,,high,B2024-03819,high,single,completion,housing_singleton,housing_singleton_kept,22
B3_2022,061-2616-020-00,(housing-singleton),1,housing_singleton,B2024-04422,,high,B2024-04422,high,single,completion,housing_singleton,housing_singleton_kept,22
B3_2023,056-1965-020-00,(housing-singleton),1,housing_singleton,B2018-04808,,high,B2018-04808,high,single,completion,housing_singleton,housing_singleton_kept,22
B3_2024,052-1585-006-00,(housing-singleton),1,housing_singleton,B2023-03232,,high,B2023-03232,high,single,completion,housing_singleton,housing_singleton_kept,22
B3_2025,058-2246-016-00,(housing-singleton),1,housing_singleton,B2025-02779,,high,B2025-02779,high,single,ancillary,housing_singleton,housing_singleton_kept,22
B3_2026,060-2423-049-00,(housing-singleton),1,housing_singleton,B2023-03417,,high,B2023-03417,high,single,completion,housing_singleton,housing_singleton_kept,22
B3_2027,057-2088-008-01,(housing-singleton),1,housing_singleton,B2024-01153,,high,B2024-01153,high,single,completion,housing_singleton,housing_singleton_kept,22
B3_2028,061-2585-001-00,(housing-singleton),1,housing_singleton,B2023-03167,,high,B2023-03167,high,single,completion,housing_singleton,housing_singleton_kept,22
B3_2029,052-1567-037-00,(housing-singleton),1,housing_singleton,B2021-03236,,high,B2021-03236,high,single,sitework,housing_singleton,housing_singleton_kept,22
B3_2030,054-1791-010-00,(housing-singleton),1,housing_singleton,B2024-03555,,high,B2024-03555,high,single,ancillary,housing_singleton,housing_singleton_kept,22
B3_2031,061-2584-009-00,(housing-singleton),1,housing_singleton,B2025-01973,,high,B2025-01973,high,single,ancillary,housing_singleton,housing_singleton_kept,22
B3_2032,058-2171-019-00,(housing-singleton),1,housing_singleton,B2016-01284,,high,B2016-01284,high,single,completion,housing_singleton,housing_singleton_kept,22
B3_2033,058-2160-027-00,(housing-singleton),1,housing_singleton,B2018-01124,,high,B2018-01124,high,single,completion,housing_singleton,housing_singleton_kept,22
B3_2034,,(housing-singleton),1,housing_singleton,B2023-04830,,high,B2023-04830,high,single,completion,housing_singleton,housing_singleton_kept,22
B3_2035,055-1832-014-00,(housing-singleton),1,housing_singleton,B2024-02185,,high,B2024-02185,high,single,completion,housing_singleton,housing_singleton_kept,22
B3_2036,060-2416-048-02,(housing-singleton),1,housing_singleton,B2023-02956,,high,B2023-02956,high,single,sitework,housing_singleton,housing_singleton_kept,22
B3_2037,054-1809-021-00,(housing-singleton),1,housing_singleton,B2024-01010,,high,B2024-01010,high,single,completion,housing_singleton,housing_singleton_kept,22
B3_2040,060-2383-001-02,(housing-singleton),1,housing_singleton,B2020-01361,,high,B2020-01361,high,single,completion,housing_singleton,housing_singleton_kept,22
B3_2041,054-1702-001-00,(housing-singleton),1,housing_singleton,B2023-00032,,high,B2023-00032,high,single,ancillary,housing_singleton,housing_singleton_kept,22
B3_2042,063-2984-050-00,(housing-singleton),1,housing_singleton,B2024-00123,,high,B2024-00123,high,single,completion,housing_singleton,housing_singleton_kept,22
B3_2043,056-2004-016-00,(housing-singleton),1,housing_singleton,B2024-00049,,high,B2024-00049,high,single,ancillary,housing_singleton,housing_singleton_kept,22
B3_2044,061-2588-038-00,(housing-singleton),1,housing_singleton,B2024-03985,,high,B2024-03985,high,single,completion,housing_singleton,housing_singleton_kept,22
B3_2045,052-1548-018-00,(housing-singleton),1,housing_singleton,B2022-04078,,high,B2022-04078,high,single,ancillary,housing_singleton,housing_singleton_kept,22
B3_2046,060-2398-018-00,(housing-singleton),1,housing_singleton,B2024-05847,,high,B2024-05847,high,single,completion,housing_singleton,housing_singleton_kept,22
B3_2047,055-1911-029-00,(housing-singleton),1,housing_singleton,B2025-00759,,high,B2025-00759,high,single,ancillary,housing_singleton,housing_singleton_kept,22
B3_2048,057-2082-049-00,(housing-singleton),1,housing_singleton,B2025-01753,,high,B2025-01753,high,single,ancillary,housing_singleton,housing_singleton_kept,22
B3_2049,052-1565-109-00,(housing-singleton),1,housing_singleton,B2022-04383,,high,B2022-04383,high,single,ancillary,housing_singleton,housing_singleton_kept,22
B3_2050,058-2182-049-00,(housing-singleton),1,housing_singleton,B2025-04920,,high,B2025-04920,high,single,completion,housing_singleton,housing_singleton_kept,22
B3_2051,059-2277-019-00,(housing-singleton),1,housing_singleton,B2024-04468,,high,B2024-04468,high,single,completion,housing_singleton,housing_singleton_kept,22
B3_2052,056-1989-013-00,(housing-singleton),1,housing_singleton,B2023-01208,,high,B2023-01208,high,single,completion,housing_singleton,housing_singleton_kept,22
B3_2054,054-1794-008-00,(housing-singleton),1,housing_singleton,B2025-01547,,high,B2025-01547,high,single,completion,housing_singleton,housing_singleton_kept,22
B3_2055,055-1851-022-00,(housing-singleton),1,housing_singleton,B2021-02219,,high,B2021-02219,high,single,completion,housing_singleton,housing_singleton_kept,22
B3_2056,053-1673-027-00,(housing-singleton),1,housing_singleton,B2024-01981,,high,B2024-01981,high,single,completion,housing_singleton,housing_singleton_kept,22
B3_2057,056-1921-008-00,(housing-singleton),1,housing_singleton,B2024-03550,,high,B2024-03550,high,single,completion,housing_singleton,housing_singleton_kept,22
B3_2058,055-1914-054-00,(housing-singleton),1,housing_singleton,B2018-01872,,high,B2018-01872,high,single,completion,housing_singleton,housing_singleton_kept,22
B3_2059,052-1545-026-00,(housing-singleton),1,housing_singleton,B2024-00759,,high,B2024-00759,high,single,completion,housing_singleton,housing_singleton_kept,22
B3_2060,052-1545-021-00,(housing-singleton),1,housing_singleton,B2024-03848,,high,B2024-03848,high,single,ancillary,housing_singleton,housing_singleton_kept,22
B3_2061,061-2615-006-00,(housing-singleton),1,housing_singleton,B2024-02792,,high,B2024-02792,high,single,completion,housing_singleton,housing_singleton_kept,22
B3_2063,063-2969-034-37,(housing-singleton),1,housing_singleton,B2019-05488,,high,B2019-05488,high,single,completion,housing_singleton,housing_singleton_kept,22
B3_2065,056-1998-003-02,(housing-singleton),1,housing_singleton,B2023-02528,,high,B2023-02528,high,single,ancillary,housing_singleton,housing_singleton_kept,22
B3_2066,059-2257-012-00,(housing-singleton),1,housing_singleton,B2025-00616,,high,B2025-00616,high,single,completion,housing_singleton,housing_singleton_kept,22
B3_2067,058-2179-008-00,(housing-singleton),1,housing_singleton,B2024-02435,,high,B2024-02435,high,single,completion,housing_singleton,housing_singleton_kept,22
B3_2069,063-3140-091-01,(housing-singleton),1,housing_singleton,B2025-01484,,high,B2025-01484,high,single,completion,housing_singleton,housing_singleton_kept,22
B3_2070,058-2140-012-01,(housing-singleton),1,housing_singleton,B2021-05046,,high,B2021-05046,high,single,completion,housing_singleton,housing_singleton_kept,22
B3_2071,48H-7670-031-00,(housing-singleton),1,housing_singleton,B2024-06060,,high,B2024-06060,high,single,ancillary,housing_singleton,housing_singleton_kept,22
B3_2072,063-2991-009-01,(housing-singleton),1,housing_singleton,B2023-03444,,high,B2023-03444,high,single,ancillary,housing_singleton,housing_singleton_kept,22
B3_2073,060-2417-013-00,(housing-singleton),1,housing_singleton,B2022-05934,,high,B2022-05934,high,single,completion,housing_singleton,housing_singleton_kept,22
B3_2074,062-2868-006-00,(housing-singleton),1,housing_singleton,B2022-00430,,high,B2022-00430,high,single,completion,housing_singleton,housing_singleton_kept,22
B3_2076,059-2313-007-00,(housing-singleton),1,housing_singleton,B2023-00892,,high,B2023-00892,high,single,sitework,housing_singleton,housing_singleton_kept,22
B3_2077,060-2469-038-01,(housing-singleton),1,housing_singleton,B2022-04555,,high,B2022-04555,high,single,completion,housing_singleton,housing_singleton_kept,22
B3_2078,061-2583-030-00,(housing-singleton),1,xref/base,B2024-02030,,high,B2024-02030,high,single,ancillary,housing_singleton,housing_singleton_kept,22
B3_2079,055-1887-011-00,(housing-singleton),1,housing_singleton,B2024-02377,,high,B2024-02377,high,single,completion,housing_singleton,housing_singleton_kept,22
B3_2080,060-2466-014-00,(housing-singleton),1,housing_singleton,B2023-01571,,high,B2023-01571,high,single,completion,housing_singleton,housing_singleton_kept,22
B3_2081,052-1580-019-00,(housing-singleton),1,housing_singleton,B2025-02914,,high,B2025-02914,high,single,ancillary,housing_singleton,housing_singleton_kept,22
B3_2082,054-1794-014-01,(housing-singleton),1,housing_singleton,B2023-04424,2.0,high,B2023-04424,high,single,completion,housing_singleton,housing_singleton_kept,22
B3_2083,060-2398-015-00,(housing-singleton),1,housing_singleton,B2023-02572,,high,B2023-02572,high,single,completion,housing_singleton,housing_singleton_kept,22
B3_2084,060-2436-003-00,(housing-singleton),1,housing_singleton,B2023-02002,,high,B2023-02002,high,single,completion,housing_singleton,housing_singleton_kept,22
B3_2085,054-1803-013-00,(housing-singleton),1,housing_singleton,B2025-03504,,high,B2025-03504,high,single,completion,housing_singleton,housing_singleton_kept,22
B3_2087,061-2629-013-00,(housing-singleton),1,housing_singleton,B2024-01574,,high,B2024-01574,high,single,ancillary,housing_singleton,housing_singleton_kept,22
B3_2088,060-2482-040-00,(housing-singleton),1,housing_singleton,B2024-00520,,high,B2024-00520,high,single,completion,housing_singleton,housing_singleton_kept,22
B3_2089,058-2207-002-02,(housing-singleton),1,housing_singleton,B2023-05876,,high,B2023-05876,high,single,ancillary,housing_singleton,housing_singleton_kept,22
B3_2090,059-2311-010-00,(housing-singleton),1,housing_singleton,B2023-03106,,high,B2023-03106,high,single,completion,housing_singleton,housing_singleton_kept,22
B3_2092,054-1809-033-00,(housing-singleton),1,housing_singleton,B2022-01116,,high,B2022-01116,high,single,ancillary,housing_singleton,housing_singleton_kept,22
B3_2093,058-2153-032-00,(housing-singleton),1,housing_singleton,B2024-00504,,high,B2024-00504,high,single,ancillary,housing_singleton,housing_singleton_kept,22
B3_2094,052-1575-007-00,(housing-singleton),1,housing_singleton,B2025-03201,,high,B2025-03201,high,single,ancillary,housing_singleton,housing_singleton_kept,22
B3_2095,059-2292-024-00,(housing-singleton),1,housing_singleton,B2019-00551,,high,B2019-00551,high,single,completion,housing_singleton,housing_singleton_kept,22
B3_2096,060-2453-027-00,Building 2,1,building_label,B2025-05158,,high,B2025-05158,high,single,ancillary,label_singleton,labeled_singleton,22
B3_2097,055-1847-012-00,(housing-singleton),1,housing_singleton,B2025-04067,,high,B2025-04067,high,single,ancillary,housing_singleton,housing_singleton_kept,22
B3_2098,058-2119-015-00,(housing-singleton),1,housing_singleton,B2018-02645,,high,B2018-02645,high,single,completion,housing_singleton,housing_singleton_kept,22
B3_2099,055-1821-011-00,(housing-singleton),1,housing_singleton,B2022-01427,,high,B2022-01427,high,single,completion,housing_singleton,housing_singleton_kept,22
B3_2100,055-1864-010-00,Building A,1,building_label,B2018-02623,,high,B2018-02623,high,single,sitework,multi,-,22
B3_2101,055-1864-010-00,Building B,1,building_label,B2018-02624,8.0,high,B2018-02624,high,single,completion,multi,-,22
B3_2102,055-1864-010-00,(unlabeled-residual),1,xref/base,B2018-02626,3.0,high,B2018-02626,high,single,completion,multi,-,22
B3_2103,055-1905-036-00,(housing-singleton),1,housing_singleton,B2020-00728,,high,B2020-00728,high,single,completion,housing_singleton,housing_singleton_kept,22
B3_2105,059-2292-033-00,(housing-singleton),1,housing_singleton,B2023-05295,,high,B2023-05295,high,single,ancillary,housing_singleton,housing_singleton_kept,22
B3_2106,055-1848-071-00,(housing-singleton),1,housing_singleton,B2023-01295,,high,B2023-01295,high,single,completion,housing_singleton,housing_singleton_kept,22
B3_2107,055-1903-017-00,(housing-singleton),1,housing_singleton,B2024-05073,,high,B2024-05073,high,single,completion,housing_singleton,housing_singleton_kept,22
B3_2108,061-2555-024-00,(housing-singleton),1,housing_singleton,B2025-01808,,high,B2025-01808,high,single,ancillary,housing_singleton,housing_singleton_kept,22
B3_2109,064-4295-018-00,(housing-singleton),1,housing_singleton,B2024-03651,,high,B2024-03651,high,single,ancillary,housing_singleton,housing_singleton_kept,22
B3_2112,052-1563-182-00,(housing-singleton),1,xref/base,B2021-04796,,high,B2021-04796,high,single,completion,housing_singleton,housing_singleton_kept,22
B3_2113,056-1938-015-00,(housing-singleton),1,housing_singleton,B2023-02112,,high,B2023-02112,high,single,completion,housing_singleton,housing_singleton_kept,22
B3_2114,060-2466-083-00,(housing-singleton),1,housing_singleton,B2017-00897,,high,B2017-00897,high,single,completion,housing_singleton,housing_singleton_kept,22
B3_2115,060-2465-011-00,(housing-singleton),1,housing_singleton,B2023-02822,,high,B2023-02822,high,single,ancillary,housing_singleton,housing_singleton_kept,22
B3_2116,054-1784-021-00,(housing-singleton),1,housing_singleton,B2023-02570,,high,B2023-02570,high,single,ancillary,housing_singleton,housing_singleton_kept,22
B3_2117,060-2423-052-00,(housing-singleton),1,housing_singleton,B2024-04509,,high,B2024-04509,high,single,completion,housing_singleton,housing_singleton_kept,22
B3_2118,055-1911-021-00,(housing-singleton),1,housing_singleton,B2024-00787,,high,B2024-00787,high,single,completion,housing_singleton,housing_singleton_kept,22
B3_2119,058-2118-024-00,Building 813,1,building_label,B2024-03050,,high,B2024-03050,high,single,ancillary,label_singleton,labeled_singleton,22
B3_2120,061-2614-011-00,(housing-singleton),1,housing_singleton,B2025-02763,,high,B2025-02763,high,single,ancillary,housing_singleton,housing_singleton_kept,22
B3_2121,055-1853-024-00,(housing-singleton),1,housing_singleton,B2025-03601,,high,B2025-03601,high,single,completion,housing_singleton,housing_singleton_kept,22
B3_2122,062-2895-006-00,(housing-singleton),1,housing_singleton,B2023-02751,,high,B2023-02751,high,single,completion,housing_singleton,housing_singleton_kept,22
B3_2123,060-2466-036-00,(housing-singleton),1,housing_singleton,B2022-04881,,high,B2022-04881,high,single,completion,housing_singleton,housing_singleton_kept,22
B3_2124,063-2963-064-00,(housing-singleton),1,housing_singleton,B2025-04554,1.0,high,B2025-04554,high,single,completion,housing_singleton,housing_singleton_kept,22
B3_2125,057-2056-017-00,(housing-singleton),1,housing_singleton,B2025-01644,,high,B2025-01644,high,single,completion,housing_singleton,housing_singleton_kept,22
B3_2126,058-2120-011-00,(housing-singleton),1,housing_singleton,B2022-05893,,high,B2022-05893,high,single,ancillary,housing_singleton,housing_singleton_kept,22
B3_2127,055-1837-019-00,(housing-singleton),1,housing_singleton,B2023-05308,,high,B2023-05308,high,single,completion,housing_singleton,housing_singleton_kept,22
B3_2128,055-1899-008-00,(housing-singleton),1,housing_singleton,B2025-00913,,high,B2025-00913,high,single,completion,housing_singleton,housing_singleton_kept,22
B3_2129,060-2483-037-01,(housing-singleton),1,housing_singleton,B2024-00311,,high,B2024-00311,high,single,completion,housing_singleton,housing_singleton_kept,22
B3_2130,053-1676-012-00,(housing-singleton),1,housing_singleton,B2024-01935,,high,B2024-01935,high,single,completion,housing_singleton,housing_singleton_kept,22
B3_2131,053-1614-018-00,Building 5,1,building_label,B2025-02377,,high,B2025-02377,high,single,ancillary,multi,-,22
B3_2132,053-1614-018-00,Building 7,1,building_label,B2025-02377-REV01,,high,B2025-02377-REV01,high,single,revision,multi,revision_family,22
B3_2133,060-2453-046-00,(housing-singleton),1,housing_singleton,B2024-04565,,high,B2024-04565,high,single,ancillary,housing_singleton,housing_singleton_kept,22
B3_2134,059-2270-005-04,(housing-singleton),1,housing_singleton,B2018-00964,,high,B2018-00964,high,single,completion,housing_singleton,housing_singleton_kept,22
B3_2135,062-2878-006-00,(housing-singleton),1,housing_singleton,B2023-03950,,high,B2023-03950,high,single,ancillary,housing_singleton,housing_singleton_kept,22
B3_2136,062-2915-041-00,(housing-singleton),1,housing_singleton,B2024-04336,,high,B2024-04336,high,single,completion,housing_singleton,housing_singleton_kept,22
B3_2137,058-2151-002-00,(housing-singleton),1,housing_singleton,B2025-00211,,high,B2025-00211,high,single,ancillary,housing_singleton,housing_singleton_kept,22
B3_2138,058-2139-030-00,(housing-singleton),1,xref/base,B2025-04323,,high,B2025-04323,high,single,completion,housing_singleton,housing_singleton_kept,22
B3_2139,053-1627-025-00,(housing-singleton),1,housing_singleton,B2025-02342,,high,B2025-02342,high,single,completion,housing_singleton,housing_singleton_kept,22
B3_2140,053-1599-010-00,(housing-singleton),1,housing_singleton,B2024-04145,,high,B2024-04145,high,single,ancillary,housing_singleton,housing_singleton_kept,22
B3_2141,053-1679-022-00,(housing-singleton),1,housing_singleton,B2019-00805,,high,B2019-00805,high,single,completion,housing_singleton,housing_singleton_kept,22
B3_2142,053-1696-002-00,(housing-singleton),1,housing_singleton,B2024-00883,,high,B2024-00883,high,single,ancillary,housing_singleton,housing_singleton_kept,22
B3_2143,053-1689-008-00,(housing-singleton),1,housing_singleton,B2024-04558,,high,B2024-04558,high,single,ancillary,housing_singleton,housing_singleton_kept,22
B3_2144,057-2087-009-00,(housing-singleton),1,housing_singleton,B2025-02868,,high,B2025-02868,high,single,ancillary,housing_singleton,housing_singleton_kept,22
B3_2145,059-2275-010-01,(housing-singleton),1,housing_singleton,B2022-04583,,high,B2022-04583,high,single,completion,housing_singleton,housing_singleton_kept,22
B3_2147,056-1915-023-00,(housing-singleton),1,housing_singleton,B2023-04625,,high,B2023-04625,high,single,completion,housing_singleton,housing_singleton_kept,22
B3_2148,052-1535-001-00,(housing-singleton),1,housing_singleton,B2022-05768,,high,B2022-05768,high,single,ancillary,housing_singleton,housing_singleton_kept,22
B3_2149,055-1845-010-00,(housing-singleton),1,housing_singleton,B2024-05247,,high,B2024-05247,high,single,ancillary,housing_singleton,housing_singleton_kept,22
B3_2150,060-2493-009-00,(housing-singleton),1,housing_singleton,B2025-01784,,high,B2025-01784,high,single,ancillary,housing_singleton,housing_singleton_kept,22
B3_2151,057-2015-007-00,(housing-singleton),1,housing_singleton,B2024-00228,,high,B2024-00228,high,single,completion,housing_singleton,housing_singleton_kept,22
B3_2152,053-1591-009-00,(housing-singleton),1,housing_singleton,B2022-05909,,high,B2022-05909,high,single,completion,housing_singleton,housing_singleton_kept,22
B3_2153,063-2993-022-00,(housing-singleton),1,housing_singleton,B2024-03423,,high,B2024-03423,high,single,ancillary,housing_singleton,housing_singleton_kept,22
B3_2155,054-1731-032-00,(housing-singleton),1,housing_singleton,B2023-04422,,high,B2023-04422,high,single,ancillary,housing_singleton,housing_singleton_kept,22
B3_2156,052-1435-001-03,(housing-singleton),1,housing_singleton,B2024-01290,,high,B2024-01290,high,single,completion,housing_singleton,housing_singleton_kept,22
B3_2157,056-2010-013-00,(housing-singleton),1,housing_singleton,B2024-04831,,high,B2024-04831,high,single,completion,housing_singleton,housing_singleton_kept,22
B3_2158,062-2888-008-00,(housing-singleton),1,housing_singleton,B2021-01114,,high,B2021-01114,high,single,completion,housing_singleton,housing_singleton_kept,22
B3_2159,052-1562-038-00,(housing-singleton),1,housing_singleton,B2021-05304,,high,B2021-05304,high,single,completion,housing_singleton,housing_singleton_kept,22
B3_2160,063-2965-050-00,(housing-singleton),1,housing_singleton,B2025-03374,,high,B2025-03374,high,single,completion,housing_singleton,housing_singleton_kept,22
B3_2162,056-1971-010-00,(housing-singleton),1,housing_singleton,B2023-03543,,high,B2023-03543,high,single,completion,housing_singleton,housing_singleton_kept,22
B3_2163,061-2610-009-00,(housing-singleton),1,housing_singleton,B2024-02618,,high,B2024-02618,high,single,completion,housing_singleton,housing_singleton_kept,22
B3_2164,059-2266-019-00,(housing-singleton),1,housing_singleton,B2024-05953,,high,B2024-05953,high,single,ancillary,housing_singleton,housing_singleton_kept,22
B3_2166,060-2423-082-00,(housing-singleton),1,housing_singleton,B2024-06054,,high,B2024-06054,high,single,ancillary,housing_singleton,housing_singleton_kept,22
B3_2167,058-2242-028-00,(housing-singleton),1,housing_singleton,B2025-00972,,high,B2025-00972,high,single,ancillary,housing_singleton,housing_singleton_kept,22
B3_2168,055-1862-009-00,(housing-singleton),1,housing_singleton,B2018-01426,,high,B2018-01426,high,single,ancillary,housing_singleton,housing_singleton_kept,22
B3_2169,058-2188-005-00,(housing-singleton),1,housing_singleton,B2025-00636,,high,B2025-00636,high,single,completion,housing_singleton,housing_singleton_kept,22
B3_2170,060-2430-032-01,(housing-singleton),1,housing_singleton,B2023-05748,,high,B2023-05748,high,single,ancillary,housing_singleton,housing_singleton_kept,22
B3_2171,060-2415-015-00,(housing-singleton),1,housing_singleton,B2022-02972,,high,B2022-02972,high,single,ancillary,housing_singleton,housing_singleton_kept,22
B3_2172,054-1780-011-00,(housing-singleton),1,housing_singleton,B2023-02804,,high,B2023-02804,high,single,completion,housing_singleton,housing_singleton_kept,22
B3_2173,059-2346-024-00,(housing-singleton),1,housing_singleton,B2023-06107,,high,B2023-06107,high,single,ancillary,housing_singleton,housing_singleton_kept,22
B3_2175,055-1833-018-00,(housing-singleton),1,housing_singleton,B2018-03357,,high,B2018-03357,high,single,completion,housing_singleton,housing_singleton_kept,22
B3_2176,056-1970-010-00,(housing-singleton),1,housing_singleton,B2023-05125,,high,B2023-05125,high,single,completion,housing_singleton,housing_singleton_kept,22
B3_2177,053-1673-012-00,(housing-singleton),1,housing_singleton,B2020-01282,,high,B2020-01282,high,single,completion,housing_singleton,housing_singleton_kept,22
B3_2178,059-2293-001-04,(housing-singleton),1,housing_singleton,B2023-03990,,high,B2023-03990,high,single,ancillary,housing_singleton,housing_singleton_kept,22
B3_2179,055-1863-009-01,(housing-singleton),1,housing_singleton,B2019-02693,,high,B2019-02693,high,single,completion,housing_singleton,housing_singleton_kept,22
B3_2180,056-1975-026-00,(housing-singleton),1,housing_singleton,B2025-00303,,high,B2025-00303,high,single,ancillary,housing_singleton,housing_singleton_kept,22
B3_2181,054-1789-005-00,(housing-singleton),1,housing_singleton,B2025-00695,,high,B2025-00695,high,single,ancillary,housing_singleton,housing_singleton_kept,22
B3_2182,056-1935-028-00,(housing-singleton),1,housing_singleton,B2016-02230,,high,B2016-02230,high,single,completion,housing_singleton,housing_singleton_kept,22
B3_2183,056-1984-021-00,(housing-singleton),1,housing_singleton,B2023-03910,,high,B2023-03910,high,single,completion,housing_singleton,housing_singleton_kept,22
B3_2184,060-2451-015-00,(housing-singleton),1,housing_singleton,B2016-05881,,high,B2016-05881,high,single,completion,housing_singleton,housing_singleton_kept,22
B3_2185,063-2952-067-00,(housing-singleton),1,housing_singleton,B2025-02424,,high,B2025-02424,high,single,completion,housing_singleton,housing_singleton_kept,22
B3_2186,060-2489-040-01,(housing-singleton),1,housing_singleton,B2025-03839,,high,B2025-03839,high,single,ancillary,housing_singleton,housing_singleton_kept,22
B3_2187,060-2485-011-00,(housing-singleton),1,housing_singleton,B2015-05829,,high,B2015-05829,high,single,completion,housing_singleton,housing_singleton_kept,22
B3_2189,060-2436-005-00,(housing-singleton),1,housing_singleton,B2023-02912,,high,B2023-02912,high,single,ancillary,housing_singleton,housing_singleton_kept,22
B3_2190,060-2438-016-00,(housing-singleton),1,housing_singleton,B2024-05021,,high,B2024-05021,high,single,ancillary,housing_singleton,housing_singleton_kept,22
B3_2191,061-2614-006-00,(housing-singleton),1,housing_singleton,B2024-06068,,high,B2024-06068,high,single,completion,housing_singleton,housing_singleton_kept,22
B3_2192,061-2577-017-00,(housing-singleton),1,housing_singleton,B2023-00052,,high,B2023-00052,high,single,completion,housing_singleton,housing_singleton_kept,22
B3_2193,061-2555-004-00,(housing-singleton),1,housing_singleton,B2025-04095,,high,B2025-04095,high,single,ancillary,housing_singleton,housing_singleton_kept,22
B3_2194,062-2916-004-00,(housing-singleton),1,housing_singleton,B2024-02774,,high,B2024-02774,high,single,ancillary,housing_singleton,housing_singleton_kept,22
B3_2195,062-2945-012-00,(housing-singleton),1,housing_singleton,B2024-05620,,high,B2024-05620,high,single,ancillary,housing_singleton,housing_singleton_kept,22
B3_2196,055-1845-017-00,(housing-singleton),1,housing_singleton,B2025-05899,,high,B2025-05899,high,single,completion,housing_singleton,housing_singleton_kept,22
B3_2197,057-2068-009-00,(housing-singleton),1,housing_singleton,B2019-01537,,high,B2019-01537,high,single,completion,housing_singleton,housing_singleton_kept,22
B3_2198,063-2964-052-00,(housing-singleton),1,housing_singleton,B2024-04293,,high,B2024-04293,high,single,completion,housing_singleton,housing_singleton_kept,22
B3_2199,053-1612-017-00,(housing-singleton),1,housing_singleton,B2019-00401,,high,B2019-00401,high,single,completion,housing_singleton,housing_singleton_kept,22
B3_2200,060-2489-025-00,(housing-singleton),1,housing_singleton,B2025-03858,,high,B2025-03858,high,single,ancillary,housing_singleton,housing_singleton_kept,22
B3_2201,059-2292-036-00,(housing-singleton),1,housing_singleton,B2023-02196,,high,B2023-02196,high,single,ancillary,housing_singleton,housing_singleton_kept,22
B3_2202,058-2151-018-01,(housing-singleton),1,housing_singleton,B2022-03086,,high,B2022-03086,high,single,completion,housing_singleton,housing_singleton_kept,22
B3_2205,058-2232-023-00,(housing-singleton),1,housing_singleton,B2023-01645,,high,B2023-01645,high,single,completion,housing_singleton,housing_singleton_kept,22
B3_2206,060-2394-012-00,(housing-singleton),1,housing_singleton,B2023-03790,,high,B2023-03790,high,single,completion,housing_singleton,housing_singleton_kept,22
B3_2207,062-2883-014-00,(housing-singleton),1,housing_singleton,B2023-00166,,high,B2023-00166,high,single,completion,housing_singleton,housing_singleton_kept,22
B3_2208,060-2435-049-00,(housing-singleton),1,housing_singleton,B2022-03409,,high,B2022-03409,high,single,completion,housing_singleton,housing_singleton_kept,22
B3_2209,064-4240-002-00,(housing-singleton),1,housing_singleton,B2018-01758,,high,B2018-01758,high,single,completion,housing_singleton,housing_singleton_kept,22
B3_2211,059-2277-011-00,(housing-singleton),1,housing_singleton,B2022-05620,,high,B2022-05620,high,single,completion,housing_singleton,housing_singleton_kept,22
B3_2212,052-1522-009-00,(housing-singleton),1,housing_singleton,B2024-03791,,high,B2024-03791,high,single,completion,housing_singleton,housing_singleton_kept,22
B3_2213,056-1915-032-00,(housing-singleton),1,housing_singleton,B2017-03973,,high,B2017-03973,high,single,completion,housing_singleton,housing_singleton_kept,22
B3_2217,056-2004-001-00,(housing-singleton),1,housing_singleton,B2014-05752,36.0,high,B2014-05752,high,single,completion,housing_singleton,housing_singleton_kept,22
B3_2218,060-2423-034-00,(housing-singleton),1,housing_singleton,B2025-04230,,high,B2025-04230,high,single,ancillary,housing_singleton,housing_singleton_kept,22
B3_2219,055-1903-026-00,(housing-singleton),1,housing_singleton,B2023-00748,,high,B2023-00748,high,single,completion,housing_singleton,housing_singleton_kept,22
B3_2220,063-2953-029-00,(housing-singleton),1,housing_singleton,B2024-04460,,high,B2024-04460,high,single,completion,housing_singleton,housing_singleton_kept,22
B3_2221,058-2164-010-00,(housing-singleton),1,housing_singleton,B2023-05105,,high,B2023-05105,high,single,ancillary,housing_singleton,housing_singleton_kept,22
B3_2223,059-2263-003-01,(housing-singleton),1,housing_singleton,B2024-04614,,high,B2024-04614,high,single,completion,housing_singleton,housing_singleton_kept,22
B3_2224,056-1969-030-00,(housing-singleton),1,housing_singleton,B2017-00538,,high,B2017-00538,high,single,completion,housing_singleton,housing_singleton_kept,22
B3_2225,060-2438-034-00,(housing-singleton),1,housing_singleton,B2022-04658,,high,B2022-04658,high,single,completion,housing_singleton,housing_singleton_kept,22
B3_2226,056-1970-002-00,(housing-singleton),1,housing_singleton,B2017-01699,,high,B2017-01699,high,single,completion,housing_singleton,housing_singleton_kept,22
B3_2228,054-1789-017-00,(housing-singleton),1,housing_singleton,B2023-05163,,high,B2023-05163,high,single,ancillary,housing_singleton,housing_singleton_kept,22
B3_2230,064-4237-004-00,(housing-singleton),1,housing_singleton,B2024-04493,,high,B2024-04493,high,single,completion,housing_singleton,housing_singleton_kept,22
B3_2231,060-2446-015-00,(housing-singleton),1,housing_singleton,B2024-04665,,high,B2024-04665,high,single,completion,housing_singleton,housing_singleton_kept,22
B3_2232,056-1923-028-00,(housing-singleton),1,housing_singleton,B2024-05691,,high,B2024-05691,high,single,completion,housing_singleton,housing_singleton_kept,22
B3_2233,055-1888-024-00,(housing-singleton),1,housing_singleton,B2025-03007,,high,B2025-03007,high,single,ancillary,housing_singleton,housing_singleton_kept,22
B3_2235,063-2983-013-01,(housing-singleton),1,housing_singleton,B2022-00059,,high,B2022-00059,high,single,completion,housing_singleton,housing_singleton_kept,22
B3_2236,052-1565-012-00,(housing-singleton),1,housing_singleton,B2023-06277,,high,B2023-06277,high,single,ancillary,housing_singleton,housing_singleton_kept,22
B3_2237,062-2883-019-00,(housing-singleton),1,housing_singleton,B2024-02411,,high,B2024-02411,high,single,completion,housing_singleton,housing_singleton_kept,22
B3_2238,061-2562-020-01,(housing-singleton),1,housing_singleton,B2017-02712,,high,B2017-02712,high,single,completion,housing_singleton,housing_singleton_kept,22
B3_2239,062-2870-014-00,(housing-singleton),1,housing_singleton,B2025-01260,,high,B2025-01260,high,single,completion,housing_singleton,housing_singleton_kept,22
B3_2240,060-2434-012-00,(housing-singleton),1,housing_singleton,B2025-05050,,high,B2025-05050,high,single,completion,housing_singleton,housing_singleton_kept,22
B3_2241,058-2141-011-00,(housing-singleton),1,housing_singleton,B2025-05065,,high,B2025-05065,high,single,ancillary,housing_singleton,housing_singleton_kept,22
B3_2242,052-1535-028-00,(housing-singleton),1,housing_singleton,B2022-01505,,high,B2022-01505,high,single,completion,housing_singleton,housing_singleton_kept,22
B3_2243,054-1704-026-00,(housing-singleton),1,housing_singleton,B2024-05159,,high,B2024-05159,high,single,completion,housing_singleton,housing_singleton_kept,22
B3_2244,062-2915-031-00,(housing-singleton),1,housing_singleton,B2022-02844,,high,B2022-02844,high,single,sitework,housing_singleton,housing_singleton_kept,22
B3_2245,059-2277-018-00,(housing-singleton),1,housing_singleton,B2023-04199,,high,B2023-04199,high,single,completion,housing_singleton,housing_singleton_kept,22
B3_2246,060-2412-004-02,(housing-singleton),1,housing_singleton,B2024-05938,,high,B2024-05938,high,single,completion,housing_singleton,housing_singleton_kept,22
B3_2247,058-2141-010-00,(housing-singleton),1,housing_singleton,B2021-00868,,high,B2021-00868,high,single,completion,housing_singleton,housing_singleton_kept,22
B3_2248,058-2145-047-00,(housing-singleton),1,housing_singleton,B2023-00348,,high,B2023-00348,high,single,completion,housing_singleton,housing_singleton_kept,22
B3_2249,054-1727-023-00,(housing-singleton),1,housing_singleton,B2023-03545,,high,B2023-03545,high,single,ancillary,housing_singleton,housing_singleton_kept,22
B3_2250,054-1781-022-02,(housing-singleton),1,housing_singleton,B2025-01419,,high,B2025-01419,high,single,completion,housing_singleton,housing_singleton_kept,22
B3_2251,061-2577-006-00,(housing-singleton),1,housing_singleton,B2024-03750,,high,B2024-03750,high,single,ancillary,housing_singleton,housing_singleton_kept,22
B3_2252,058-2232-022-00,(housing-singleton),1,housing_singleton,B2025-01579,,high,B2025-01579,high,single,completion,housing_singleton,housing_singleton_kept,22
B3_2253,055-1876-021-01,(housing-singleton),1,housing_singleton,B2025-00875,,high,B2025-00875,high,single,completion,housing_singleton,housing_singleton_kept,22
B3_2254,054-1792-013-00,(housing-singleton),1,housing_singleton,B2021-01892,,high,B2021-01892,high,single,completion,housing_singleton,housing_singleton_kept,22
B3_2255,060-2417-044-00,(housing-singleton),1,housing_singleton,B2023-04834,,high,B2023-04834,high,single,completion,housing_singleton,housing_singleton_kept,22
B3_2256,061-2575-063-00,(housing-singleton),1,housing_singleton,B2023-02141,,high,B2023-02141,high,single,ancillary,housing_singleton,housing_singleton_kept,22
B3_2257,060-2487-031-00,(housing-singleton),1,housing_singleton,B2024-01673,,high,B2024-01673,high,single,ancillary,housing_singleton,housing_singleton_kept,22
B3_2258,063-2971-047-04,(housing-singleton),1,housing_singleton,B2024-02836,,high,B2024-02836,high,single,completion,housing_singleton,housing_singleton_kept,22
B3_2259,054-1790-003-00,(housing-singleton),1,housing_singleton,B2024-04713,,high,B2024-04713,high,single,completion,housing_singleton,housing_singleton_kept,22
B3_2261,060-2484-005-00,(housing-singleton),1,housing_singleton,B2025-03807,,high,B2025-03807,high,single,ancillary,housing_singleton,housing_singleton_kept,22
B3_2262,063-3140-045-01,(housing-singleton),1,housing_singleton,B2024-05582,,high,B2024-05582,high,single,ancillary,housing_singleton,housing_singleton_kept,22
B3_2263,060-2450-004-01,(housing-singleton),1,housing_singleton,B2025-05496,,high,B2025-05496,high,single,completion,housing_singleton,housing_singleton_kept,22
B3_2264,055-1840-010-00,(housing-singleton),1,housing_singleton,B2024-00429,,high,B2024-00429,high,single,completion,housing_singleton,housing_singleton_kept,22
B3_2265,058-2118-024-00,(housing-singleton),1,housing_singleton,B2024-03038,,high,B2024-03038,high,single,ancillary,housing_singleton,housing_singleton_kept,22
B3_2266,054-1708-005-00,(housing-singleton),1,housing_singleton,B2021-02307,,high,B2021-02307,high,single,completion,housing_singleton,housing_singleton_kept,22
B3_2267,060-2482-016-00,(housing-singleton),1,housing_singleton,B2022-05670,,high,B2022-05670,high,single,ancillary,housing_singleton,housing_singleton_kept,22
B3_2268,056-1936-027-00,(housing-singleton),1,housing_singleton,B2023-01960,,high,B2023-01960,high,single,ancillary,housing_singleton,housing_singleton_kept,22
B3_2269,052-1538-018-00,(housing-singleton),1,housing_singleton,B2025-01122,,high,B2025-01122,high,single,completion,housing_singleton,housing_singleton_kept,22
B3_2271,056-1935-026-03,(housing-singleton),1,housing_singleton,B2020-00601,,high,B2020-00601,high,single,completion,housing_singleton,housing_singleton_kept,22
B3_2273,063-2961-003-00,(housing-singleton),1,housing_singleton,B2023-03710,,high,B2023-03710,high,single,ancillary,housing_singleton,housing_singleton_kept,22
B3_2274,058-2145-058-00,(housing-singleton),1,housing_singleton,B2024-00410,,high,B2024-00410,high,single,ancillary,housing_singleton,housing_singleton_kept,22
B3_2275,057-2086-034-00,(housing-singleton),1,housing_singleton,B2024-05782,,high,B2024-05782,high,single,completion,housing_singleton,housing_singleton_kept,22
B3_2276,060-2448-024-00,(housing-singleton),1,housing_singleton,B2025-04826,,high,B2025-04826,high,single,completion,housing_singleton,housing_singleton_kept,22
B3_2278,054-1709-003-00,(housing-singleton),1,housing_singleton,B2024-05363,,high,B2024-05363,high,single,ancillary,housing_singleton,housing_singleton_kept,22
B3_2279,056-2009-016-00,(housing-singleton),1,housing_singleton,B2025-04723,,high,B2025-04723,high,single,completion,housing_singleton,housing_singleton_kept,22
B3_2280,053-1590-018-00,(housing-singleton),1,housing_singleton,B2019-01102,,high,B2019-01102,high,single,completion,housing_singleton,housing_singleton_kept,22
B3_2283,056-1931-014-00,(housing-singleton),1,housing_singleton,B2023-03614,,high,B2023-03614,high,single,completion,housing_singleton,housing_singleton_kept,22
B3_2285,059-2255-019-00,(housing-singleton),1,housing_singleton,B2023-00960,2.0,high,B2023-00960,high,single,ancillary,housing_singleton,housing_singleton_kept,22
B3_2286,056-1962-059-00,(housing-singleton),1,housing_singleton,B2024-04112,,high,B2024-04112,high,single,completion,housing_singleton,housing_singleton_kept,22
B3_2287,061-2572-003-00,(housing-singleton),1,housing_singleton,B2017-01941,,high,B2017-01941,high,single,completion,housing_singleton,housing_singleton_kept,22
B3_2288,058-2155-015-00,(housing-singleton),1,housing_singleton,B2019-04355,,high,B2019-04355,high,single,completion,housing_singleton,housing_singleton_kept,22
B3_2289,056-1989-022-00,(housing-singleton),1,housing_singleton,B2024-01888,,high,B2024-01888,high,single,ancillary,housing_singleton,housing_singleton_kept,22
B3_2290,062-2911-029-00,(housing-singleton),1,housing_singleton,B2024-05784,,high,B2024-05784,high,single,completion,housing_singleton,housing_singleton_kept,22
B3_2291,060-2423-085-00,(housing-singleton),1,housing_singleton,B2025-00750,,high,B2025-00750,high,single,completion,housing_singleton,housing_singleton_kept,22
B3_2292,063-2974-020-00,(housing-singleton),1,housing_singleton,B2023-03465,,high,B2023-03465,high,single,completion,housing_singleton,housing_singleton_kept,22
B3_2294,057-2095-013-02,(housing-singleton),1,housing_singleton,B2021-00200,,high,B2021-00200,high,single,completion,housing_singleton,housing_singleton_kept,22
B3_2295,054-1708-015-00,(housing-singleton),1,housing_singleton,B2017-02721,,high,B2017-02721,high,single,completion,housing_singleton,housing_singleton_kept,22
B3_2296,058-2123-015-00,(housing-singleton),1,housing_singleton,B2021-04759,,high,B2021-04759,high,single,ancillary,housing_singleton,housing_singleton_kept,22
B3_2297,054-1781-004-00,(housing-singleton),1,housing_singleton,B2022-04803,,high,B2022-04803,high,single,completion,housing_singleton,housing_singleton_kept,22
B3_2298,064-4234-010-00,(housing-singleton),1,housing_singleton,B2023-06134,,high,B2023-06134,high,single,completion,housing_singleton,housing_singleton_kept,22
B3_2299,063-2963-006-00,(housing-singleton),1,housing_singleton,B2023-00388,,high,B2023-00388,high,single,completion,housing_singleton,housing_singleton_kept,22
B3_2300,056-1963-004-00,(housing-singleton),1,housing_singleton,B2023-02023,,high,B2023-02023,high,single,completion,housing_singleton,housing_singleton_kept,22
B3_2301,054-1793-014-00,(housing-singleton),1,housing_singleton,B2024-01364,,high,B2024-01364,high,single,completion,housing_singleton,housing_singleton_kept,22
B3_2303,061-2551-034-00,(housing-singleton),1,housing_singleton,B2022-03380,,high,B2022-03380,high,single,completion,housing_singleton,housing_singleton_kept,22
B3_2304,060-2423-036-00,(housing-singleton),1,housing_singleton,B2018-01961,,high,B2018-01961,high,single,completion,housing_singleton,housing_singleton_kept,22
B3_2305,061-2556-017-00,(housing-singleton),1,housing_singleton,B2022-05187,,high,B2022-05187,high,single,ancillary,housing_singleton,housing_singleton_kept,22
B3_2306,055-1890-009-00,(housing-singleton),1,housing_singleton,B2024-00460,,high,B2024-00460,high,single,sitework,housing_singleton,housing_singleton_kept,22
B3_2307,061-2587-025-00,(housing-singleton),1,housing_singleton,B2023-02031,,high,B2023-02031,high,single,ancillary,housing_singleton,housing_singleton_kept,22
B3_2308,052-1555-027-00,(housing-singleton),1,housing_singleton,B2023-00225,,high,B2023-00225,high,single,completion,housing_singleton,housing_singleton_kept,22
B3_2310,061-2573-007-00,(housing-singleton),1,housing_singleton,B2020-02630,,high,B2020-02630,high,single,completion,housing_singleton,housing_singleton_kept,22
B3_2311,054-1718-012-00,(housing-singleton),1,housing_singleton,B2018-04829,,high,B2018-04829,high,single,completion,housing_singleton,housing_singleton_kept,22
B3_2312,060-2490-009-03,(housing-singleton),1,housing_singleton,B2025-05033,,high,B2025-05033,high,single,ancillary,housing_singleton,housing_singleton_kept,22
B3_2313,059-2287-020-00,(housing-singleton),1,housing_singleton,B2025-02283,,high,B2025-02283,high,single,completion,housing_singleton,housing_singleton_kept,22
B3_2314,052-1574-066-00,(housing-singleton),1,housing_singleton,B2025-04456,,high,B2025-04456,high,single,completion,housing_singleton,housing_singleton_kept,22
B3_2315,055-1881-017-01,Building B,1,building_label,B2025-04799,,high,B2025-04799,high,single,ancillary,label_singleton,labeled_singleton,22
B3_2316,056-1931-018-00,(housing-singleton),1,xref/base,B2019-02468,,high,B2019-02468,high,single,completion,housing_singleton,housing_singleton_kept,22
B3_2318,059-2326-001-02,(housing-singleton),1,housing_singleton,B2016-02794,,high,B2016-02794,high,single,completion,housing_singleton,housing_singleton_kept,22
B3_2321,062-2923-004-00,(housing-singleton),1,housing_singleton,B2021-01954,,high,B2021-01954,high,single,completion,housing_singleton,housing_singleton_kept,22
B3_2322,064-4247-017-00,(housing-singleton),1,housing_singleton,B2023-00709,,high,B2023-00709,high,single,completion,housing_singleton,housing_singleton_kept,22
B3_2323,052-1580-001-00,(housing-singleton),1,housing_singleton,B2024-05176,,high,B2024-05176,high,single,completion,housing_singleton,housing_singleton_kept,22
B3_2324,064-4255-014-00,(housing-singleton),1,housing_singleton,B2024-01537,,high,B2024-01537,high,single,ancillary,housing_singleton,housing_singleton_kept,22
B3_2325,062-2949-002-00,(housing-singleton),1,housing_singleton,B2025-01624,,high,B2025-01624,high,single,completion,housing_singleton,housing_singleton_kept,22
B3_2326,053-1674-016-00,(housing-singleton),1,housing_singleton,B2022-04445,,high,B2022-04445,high,single,completion,housing_singleton,housing_singleton_kept,22
B3_2327,054-1726-012-00,(housing-singleton),1,housing_singleton,B2023-05958,,high,B2023-05958,high,single,ancillary,housing_singleton,housing_singleton_kept,22
B3_2328,061-2551-026-03,(housing-singleton),1,housing_singleton,B2023-01529,,high,B2023-01529,high,single,completion,housing_singleton,housing_singleton_kept,22
B3_2329,060-2415-026-00,(housing-singleton),1,housing_singleton,B2020-02816,,high,B2020-02816,high,single,completion,housing_singleton,housing_singleton_kept,22
B3_2330,056-1998-040-00,(housing-singleton),1,housing_singleton,B2023-01905,,high,B2023-01905,high,single,ancillary,housing_singleton,housing_singleton_kept,22
B3_2331,057-2083-030-00,(housing-singleton),1,housing_singleton,B2024-00555,,high,B2024-00555,high,single,ancillary,housing_singleton,housing_singleton_kept,22
B3_2332,056-1925-007-00,(housing-singleton),1,housing_singleton,B2025-02485,,high,B2025-02485,high,single,completion,housing_singleton,housing_singleton_kept,22
B3_2333,056-2005-036-00,(housing-singleton),1,housing_singleton,B2024-00174,,high,B2024-00174,high,single,ancillary,housing_singleton,housing_singleton_kept,22
B3_2334,054-1739-025-00,(housing-singleton),1,housing_singleton,B2021-03651,,high,B2021-03651,high,single,completion,housing_singleton,housing_singleton_kept,22
B3_2335,054-1742-097-00,(housing-singleton),1,housing_singleton,B2023-01446,,high,B2023-01446,high,single,ancillary,housing_singleton,housing_singleton_kept,22
B3_2336,061-2556-004-00,(housing-singleton),1,housing_singleton,B2025-04738,,high,B2025-04738,high,single,completion,housing_singleton,housing_singleton_kept,22
B3_2337,056-1971-009-00,(housing-singleton),1,housing_singleton,B2024-02631,,high,B2024-02631,high,single,completion,housing_singleton,housing_singleton_kept,22
B3_2340,060-2391-038-00,(housing-singleton),1,housing_singleton,B2018-03893,,high,B2018-03893,high,single,completion,housing_singleton,housing_singleton_kept,22
B3_2342,056-1969-026-00,(housing-singleton),1,housing_singleton,B2023-05396,,high,B2023-05396,high,single,completion,housing_singleton,housing_singleton_kept,22
B3_2343,064-4255-018-00,(housing-singleton),1,housing_singleton,B2022-00583,,high,B2022-00583,high,single,completion,housing_singleton,housing_singleton_kept,22
B3_2344,060-2397-006-00,(housing-singleton),1,housing_singleton,B2022-03294,,high,B2022-03294,high,single,completion,housing_singleton,housing_singleton_kept,22
B3_2345,056-1969-026-00,(housing-singleton),1,housing_singleton,B2022-05319,,high,B2022-05319,high,single,completion,housing_singleton,housing_singleton_kept,22
B3_2346,054-1722-014-03,(housing-singleton),1,housing_singleton,B2024-01249,,high,B2024-01249,high,single,ancillary,housing_singleton,housing_singleton_kept,22
B3_2347,056-1998-059-00,(housing-singleton),1,housing_singleton,B2024-02787,,high,B2024-02787,high,single,completion,housing_singleton,housing_singleton_kept,22
B3_2348,063-3110-106-00,(housing-singleton),1,housing_singleton,B2022-03151,,high,B2022-03151,high,single,completion,housing_singleton,housing_singleton_kept,22
B3_2349,055-1820-017-00,(housing-singleton),1,housing_singleton,B2022-00465,,high,B2022-00465,high,single,ancillary,housing_singleton,housing_singleton_kept,22
B3_2350,058-2170-017-00,(housing-singleton),1,housing_singleton,B2018-02288,,high,B2018-02288,high,single,completion,housing_singleton,housing_singleton_kept,22
B3_2351,052-1516-009-00,(housing-singleton),1,housing_singleton,B2024-01642,,high,B2024-01642,high,single,completion,housing_singleton,housing_singleton_kept,22
B3_2353,060-2429-052-00,(housing-singleton),1,housing_singleton,B2019-02921,,high,B2019-02921,high,single,completion,housing_singleton,housing_singleton_kept,22
B3_2354,060-2392-065-00,(housing-singleton),1,housing_singleton,B2025-01229,,high,B2025-01229,high,single,completion,housing_singleton,housing_singleton_kept,22
B3_2355,053-1634-004-01,(housing-singleton),1,xref/base,B2015-00694,,high,B2015-00694,high,single,sitework,housing_singleton,housing_singleton_kept,22
B3_2358,055-1901-018-00,Building 1,1,building_label,B2025-02947,,high,B2025-02947,high,single,ancillary,multi,-,22
B3_2359,055-1901-018-00,Building 2,1,building_label,B2025-03041,,high,B2025-03041,high,single,completion,multi,-,22
B3_2360,055-1901-018-00,Building 3,1,building_label,B2025-03042,,high,B2025-03042,high,single,completion,multi,-,22
B3_2361,053-1675-020-00,(housing-singleton),1,housing_singleton,B2025-03559,,high,B2025-03559,high,single,ancillary,housing_singleton,housing_singleton_kept,22
B3_2362,054-1715-034-00,(housing-singleton),1,housing_singleton,B2022-03395,,high,B2022-03395,high,single,completion,housing_singleton,housing_singleton_kept,22
B3_2363,057-2049-007-00,(housing-singleton),1,housing_singleton,B2024-05306,,high,B2024-05306,high,single,completion,housing_singleton,housing_singleton_kept,22
B3_2364,055-1845-026-00,Building 1,1,building_label,B2017-03007,,high,B2017-03007,high,single,completion,label_singleton,labeled_singleton,22
B3_2365,055-1913-027-00,(housing-singleton),1,housing_singleton,B2021-03913,,high,B2021-03913,high,single,completion,housing_singleton,housing_singleton_kept,22
B3_2367,063-2984-040-00,(housing-singleton),1,housing_singleton,B2024-01506,,high,B2024-01506,high,single,ancillary,housing_singleton,housing_singleton_kept,22
B3_2368,053-1688-028-00,(housing-singleton),1,housing_singleton,B2016-02018,,high,B2016-02018,high,single,completion,housing_singleton,housing_singleton_kept,22
B3_2370,060-2484-010-00,(housing-singleton),1,housing_singleton,B2024-01601,,high,B2024-01601,high,single,ancillary,housing_singleton,housing_singleton_kept,22
B3_2371,058-2121-026-00,(housing-singleton),1,housing_singleton,B2022-03940,,high,B2022-03940,high,single,completion,housing_singleton,housing_singleton_kept,22
B3_2372,060-2493-048-00,(housing-singleton),1,housing_singleton,B2025-03762,,high,B2025-03762,high,single,ancillary,housing_singleton,housing_singleton_kept,22
B3_2373,060-2409-028-00,(housing-singleton),1,housing_singleton,B2024-04697,,high,B2024-04697,high,single,completion,housing_singleton,housing_singleton_kept,22
B3_2374,056-1971-005-01,(housing-singleton),1,housing_singleton,B2023-00478,,high,B2023-00478,high,single,completion,housing_singleton,housing_singleton_kept,22
B3_2375,056-1998-021-00,(housing-singleton),1,housing_singleton,B2023-04529,,high,B2023-04529,high,single,ancillary,housing_singleton,housing_singleton_kept,22
B3_2376,056-1974-023-00,(housing-singleton),1,housing_singleton,B2019-01961,,high,B2019-01961,high,single,completion,housing_singleton,housing_singleton_kept,22
B3_2377,056-1991-001-03,(housing-singleton),1,housing_singleton,B2024-03327,,high,B2024-03327,high,single,ancillary,housing_singleton,housing_singleton_kept,22
B3_2378,063-2953-025-00,(housing-singleton),1,housing_singleton,B2024-00071,,high,B2024-00071,high,single,completion,housing_singleton,housing_singleton_kept,22
B3_2380,055-1822-006-00,(housing-singleton),1,housing_singleton,B2022-02357,,high,B2022-02357,high,single,ancillary,housing_singleton,housing_singleton_kept,22
B3_2381,053-1625-021-00,(housing-singleton),1,housing_singleton,B2022-04249,,high,B2022-04249,high,single,completion,housing_singleton,housing_singleton_kept,22
B3_2382,058-2159-001-00,(housing-singleton),1,housing_singleton,B2024-03806,,high,B2024-03806,high,single,completion,housing_singleton,housing_singleton_kept,22
B3_2383,056-1927-023-00,(housing-singleton),1,housing_singleton,B2025-02483,,high,B2025-02483,high,single,completion,housing_singleton,housing_singleton_kept,22
B3_2384,057-2083-008-00,(housing-singleton),1,housing_singleton,B2022-04879,,high,B2022-04879,high,single,ancillary,housing_singleton,housing_singleton_kept,22
B3_2385,052-1435-002-01,(housing-singleton),1,housing_singleton,B2025-01653,,high,B2025-01653,high,single,ancillary,housing_singleton,housing_singleton_kept,22
B3_2386,052-1566-030-00,(housing-singleton),1,housing_singleton,B2017-02581,,high,B2017-02581,high,single,completion,housing_singleton,housing_singleton_kept,22
B3_2387,061-2611-018-00,(housing-singleton),1,housing_singleton,B2025-02746,,high,B2025-02746,high,single,ancillary,housing_singleton,housing_singleton_kept,22
B3_2388,054-1742-014-00,(housing-singleton),1,housing_singleton,B2023-06006,,high,B2023-06006,high,single,ancillary,housing_singleton,housing_singleton_kept,22
B3_2389,052-1567-007-00,(housing-singleton),1,housing_singleton,B2022-06104,,high,B2022-06104,high,single,ancillary,housing_singleton,housing_singleton_kept,22
B3_2390,060-2397-009-00,(housing-singleton),1,housing_singleton,B2020-01331,,high,B2020-01331,high,single,completion,housing_singleton,housing_singleton_kept,22
B3_2391,056-1919-029-00,(housing-singleton),1,housing_singleton,B2024-01854,,high,B2024-01854,high,single,ancillary,housing_singleton,housing_singleton_kept,22
B3_2392,061-2556-024-00,(housing-singleton),1,housing_singleton,B2015-02031,,high,B2015-02031,high,single,completion,housing_singleton,housing_singleton_kept,22
B3_2393,063-2972-028-00,(housing-singleton),1,housing_singleton,B2024-01078,,high,B2024-01078,high,single,completion,housing_singleton,housing_singleton_kept,22
B3_2394,056-1934-017-00,(housing-singleton),1,housing_singleton,B2024-00043,,high,B2024-00043,high,single,completion,housing_singleton,housing_singleton_kept,22
B3_2395,060-2493-013-03,(housing-singleton),1,housing_singleton,B2025-04014,,high,B2025-04014,high,single,ancillary,housing_singleton,housing_singleton_kept,22
B3_2396,054-1783-013-00,(housing-singleton),1,housing_singleton,B2020-01422,,high,B2020-01422,high,single,completion,housing_singleton,housing_singleton_kept,22
B3_2397,057-2086-088-00,(housing-singleton),1,housing_singleton,B2024-01117,,high,B2024-01117,high,single,completion,housing_singleton,housing_singleton_kept,22
B3_2398,062-2891-012-00,(housing-singleton),1,housing_singleton,B2024-05693,,high,B2024-05693,high,single,completion,housing_singleton,housing_singleton_kept,22
B3_2399,057-2065-024-00,(housing-singleton),1,housing_singleton,B2024-00552,,high,B2024-00552,high,single,completion,housing_singleton,housing_singleton_kept,22
B3_2400,062-2894-009-00,(housing-singleton),1,housing_singleton,B2024-06021,,high,B2024-06021,high,single,ancillary,housing_singleton,housing_singleton_kept,22
B3_2401,052-1577-009-02,(housing-singleton),1,housing_singleton,B2022-04273,,high,B2022-04273,high,single,completion,housing_singleton,housing_singleton_kept,22
B3_2402,057-2028-002-00,(housing-singleton),1,housing_singleton,B2023-01664,,high,B2023-01664,high,single,ancillary,housing_singleton,housing_singleton_kept,22
B3_2403,063-2964-048-00,(housing-singleton),1,housing_singleton,B2024-05200,,high,B2024-05200,high,single,completion,housing_singleton,housing_singleton_kept,22
B3_2404,052-1577-009-02,(housing-singleton),1,housing_singleton,B2022-01819,,high,B2022-01819,high,single,ancillary,housing_singleton,housing_singleton_kept,22
B3_2405,056-1939-033-02,(housing-singleton),1,housing_singleton,B2024-01954,,high,B2024-01954,high,single,completion,housing_singleton,housing_singleton_kept,22
B3_2406,061-2610-020-00,(housing-singleton),1,housing_singleton,B2024-02617,,high,B2024-02617,high,single,ancillary,housing_singleton,housing_singleton_kept,22
B3_2407,054-1786-001-00,(housing-singleton),1,xref/base,B2016-05950,,high,B2016-05950,high,single,completion,housing_singleton,housing_singleton_kept,22
B3_2410,054-1733-003-00,(housing-singleton),1,housing_singleton,B2023-03708,,high,B2023-03708,high,single,ancillary,housing_singleton,housing_singleton_kept,22
B3_2411,060-2429-041-00,(housing-singleton),1,housing_singleton,B2024-00221,,high,B2024-00221,high,single,completion,housing_singleton,housing_singleton_kept,22
B3_2412,056-1998-064-00,(housing-singleton),1,housing_singleton,B2024-02725,,high,B2024-02725,high,single,completion,housing_singleton,housing_singleton_kept,22
B3_2413,060-2489-024-00,(housing-singleton),1,housing_singleton,B2025-03863,,high,B2025-03863,high,single,ancillary,housing_singleton,housing_singleton_kept,22
B3_2414,059-2337-018-00,(housing-singleton),1,housing_singleton,B2017-03769,,high,B2017-03769,high,single,completion,housing_singleton,housing_singleton_kept,22
B3_2415,060-2433-011-00,(housing-singleton),1,housing_singleton,B2022-03487,,high,B2022-03487,high,single,ancillary,housing_singleton,housing_singleton_kept,22
B3_2416,061-2574-017-00,(housing-singleton),1,housing_singleton,B2025-01799,,high,B2025-01799,high,single,completion,housing_singleton,housing_singleton_kept,22
B3_2417,060-2466-059-00,(housing-singleton),1,housing_singleton,B2021-00048,,high,B2021-00048,high,single,completion,housing_singleton,housing_singleton_kept,22
B3_2418,060-2403-026-00,(housing-singleton),1,housing_singleton,B2022-04764,,high,B2022-04764,high,single,ancillary,housing_singleton,housing_singleton_kept,22
B3_2420,063-2959-039-01,(housing-singleton),1,housing_singleton,B2022-04989,,high,B2022-04989,high,single,completion,housing_singleton,housing_singleton_kept,22
B3_2421,058-2246-038-00,(housing-singleton),1,housing_singleton,B2024-01316,,high,B2024-01316,high,single,completion,housing_singleton,housing_singleton_kept,22
B3_2422,052-1570-021-00,(housing-singleton),1,housing_singleton,B2024-02133,,high,B2024-02133,high,single,completion,housing_singleton,housing_singleton_kept,22
B3_2423,061-2585-017-00,(housing-singleton),1,housing_singleton,B2024-03060,,high,B2024-03060,high,single,completion,housing_singleton,housing_singleton_kept,22
B3_2424,055-1826-014-00,(housing-singleton),1,housing_singleton,B2024-03978,,high,B2024-03978,high,single,completion,housing_singleton,housing_singleton_kept,22
B3_2425,062-2886-007-00,(housing-singleton),1,housing_singleton,B2018-03002,,high,B2018-03002,high,single,completion,housing_singleton,housing_singleton_kept,22
B3_2426,052-1563-048-00,(housing-singleton),1,housing_singleton,B2025-05550,,high,B2025-05550,high,single,completion,housing_singleton,housing_singleton_kept,22
B3_2427,058-2242-076-01,(housing-singleton),1,housing_singleton,B2023-01268,,high,B2023-01268,high,single,sitework,housing_singleton,housing_singleton_kept,22
B3_2430,055-1892-002-01,(housing-singleton),1,housing_singleton,B2024-03127,,high,B2024-03127,high,single,completion,housing_singleton,housing_singleton_kept,22
B3_2431,059-2286-051-00,(housing-singleton),1,housing_singleton,B2025-00836,,high,B2025-00836,high,single,ancillary,housing_singleton,housing_singleton_kept,22
B3_2432,060-2483-037-01,(housing-singleton),1,housing_singleton,B2025-05056,,high,B2025-05056,high,single,ancillary,housing_singleton,housing_singleton_kept,22
B3_2433,054-1785-005-00,(housing-singleton),1,housing_singleton,B2017-02775,,high,B2017-02775,high,single,completion,housing_singleton,housing_singleton_kept,22
B3_2434,058-2168-008-00,(housing-singleton),1,housing_singleton,B2019-04187,,high,B2019-04187,high,single,completion,housing_singleton,housing_singleton_kept,22
B3_2435,060-2466-097-00,(housing-singleton),1,housing_singleton,B2023-05178,,high,B2023-05178,high,single,ancillary,housing_singleton,housing_singleton_kept,22
B3_2436,052-1550-013-00,(housing-singleton),1,housing_singleton,B2020-01376,1.0,high,B2020-01376,high,single,completion,housing_singleton,housing_singleton_kept,22
B3_2437,057-2085-006-00,(housing-singleton),1,housing_singleton,B2024-01034,,high,B2024-01034,high,single,completion,housing_singleton,housing_singleton_kept,22
B3_2438,052-1530-015-00,(housing-singleton),1,housing_singleton,B2025-01782,,high,B2025-01782,high,single,ancillary,housing_singleton,housing_singleton_kept,22
B3_2439,063-2991-014-00,(housing-singleton),1,housing_singleton,B2022-01864,,high,B2022-01864,high,single,completion,housing_singleton,housing_singleton_kept,22
B3_2440,054-1725-028-00,(housing-singleton),1,housing_singleton,B2025-04226,,high,B2025-04226,high,single,ancillary,housing_singleton,housing_singleton_kept,22
B3_2441,063-3100-045-02,(housing-singleton),1,housing_singleton,B2023-00715,,high,B2023-00715,high,single,completion,housing_singleton,housing_singleton_kept,22
B3_2442,053-1609-002-01,(housing-singleton),1,housing_singleton,B2022-00126,,high,B2022-00126,high,single,completion,housing_singleton,housing_singleton_kept,22
B3_2443,060-2417-056-00,(housing-singleton),1,housing_singleton,B2022-04122,,high,B2022-04122,high,single,completion,housing_singleton,housing_singleton_kept,22
B3_2444,053-1607-019-00,(housing-singleton),1,housing_singleton,B2020-02773,,high,B2020-02773,high,single,completion,housing_singleton,housing_singleton_kept,22
B3_2445,056-1969-016-00,(housing-singleton),1,housing_singleton,B2020-01864,,high,B2020-01864,high,single,ancillary,housing_singleton,housing_singleton_kept,22
B3_2446,063-2958-014-00,(housing-singleton),1,housing_singleton,B2020-02985,,high,B2020-02985,high,single,completion,housing_singleton,housing_singleton_kept,22
B3_2447,057-2086-009-00,(housing-singleton),1,housing_singleton,B2022-04411,,high,B2022-04411,high,single,ancillary,housing_singleton,housing_singleton_kept,22
B3_2448,061-2574-011-00,(housing-singleton),1,housing_singleton,B2023-00162,,high,B2023-00162,high,single,ancillary,housing_singleton,housing_singleton_kept,22
B3_2449,055-1909-022-00,(housing-singleton),1,housing_singleton,B2023-03084,,high,B2023-03084,high,single,completion,housing_singleton,housing_singleton_kept,22
B3_2450,056-1985-024-00,(housing-singleton),1,housing_singleton,B2024-00719,,high,B2024-00719,high,single,completion,housing_singleton,housing_singleton_kept,22
B3_2451,053-1625-032-00,(housing-singleton),1,housing_singleton,B2024-06064,,high,B2024-06064,high,single,ancillary,housing_singleton,housing_singleton_kept,22
B3_2452,057-2076-002-00,(housing-singleton),1,housing_singleton,B2022-00248,,high,B2022-00248,high,single,completion,housing_singleton,housing_singleton_kept,22
B3_2453,062-2942-022-00,(housing-singleton),1,housing_singleton,B2023-02688,,high,B2023-02688,high,single,completion,housing_singleton,housing_singleton_kept,22
B3_2454,063-2965-040-00,(housing-singleton),1,housing_singleton,B2025-00552,,high,B2025-00552,high,single,ancillary,housing_singleton,housing_singleton_kept,22
B3_2455,063-2953-018-00,(housing-singleton),1,housing_singleton,B2024-04888,,high,B2024-04888,high,single,completion,housing_singleton,housing_singleton_kept,22
B3_2456,057-2013-032-00,(housing-singleton),1,housing_singleton,B2020-04505,,high,B2020-04505,high,single,completion,housing_singleton,housing_singleton_kept,22
B3_2458,062-2876-001-00,(housing-singleton),1,housing_singleton,B2024-06023,,high,B2024-06023,high,single,ancillary,housing_singleton,housing_singleton_kept,22
B3_2459,061-2615-023-00,(housing-singleton),1,housing_singleton,B2020-00688,,high,B2020-00688,high,single,completion,housing_singleton,housing_singleton_kept,22
B3_2461,061-2598-039-00,(housing-singleton),1,housing_singleton,B2013-05098,,high,B2013-05098,high,single,sitework,housing_singleton,housing_singleton_kept,22
B3_2462,063-3161-022-00,(housing-singleton),1,housing_singleton,B2025-05002,,high,B2025-05002,high,single,ancillary,housing_singleton,housing_singleton_kept,22
B3_2463,058-2141-008-00,(housing-singleton),1,housing_singleton,B2023-06352,,high,B2023-06352,high,single,ancillary,housing_singleton,housing_singleton_kept,22
B3_2464,054-1741-009-00,(housing-singleton),1,housing_singleton,B2022-03145,,high,B2022-03145,high,single,completion,housing_singleton,housing_singleton_kept,22
B3_2465,059-2329-006-00,(housing-singleton),1,housing_singleton,B2025-03086,,high,B2025-03086,high,single,completion,housing_singleton,housing_singleton_kept,22
B3_2466,061-2576-076-00,(housing-singleton),1,housing_singleton,B2022-05195,,high,B2022-05195,high,single,completion,housing_singleton,housing_singleton_kept,22
B3_2467,052-1528-022-00,(housing-singleton),1,housing_singleton,B2021-00336,,high,B2021-00336,high,single,completion,housing_singleton,housing_singleton_kept,22
B3_2468,056-1924-005-00,(housing-singleton),1,housing_singleton,B2024-01337,,high,B2024-01337,high,single,completion,housing_singleton,housing_singleton_kept,22
B3_2469,052-1563-101-00,(housing-singleton),1,housing_singleton,B2019-02948,,high,B2019-02948,high,single,completion,housing_singleton,housing_singleton_kept,22
B3_2470,062-2893-022-00,(housing-singleton),1,housing_singleton,B2023-04706,,high,B2023-04706,high,single,ancillary,housing_singleton,housing_singleton_kept,22
B3_2471,056-1935-030-00,(housing-singleton),1,housing_singleton,B2021-04244,,high,B2021-04244,high,single,completion,housing_singleton,housing_singleton_kept,22
B3_2472,056-1920-017-00,(housing-singleton),1,housing_singleton,B2024-03375,,high,B2024-03375,high,single,completion,housing_singleton,housing_singleton_kept,22
B3_2473,058-2169-008-00,(housing-singleton),1,housing_singleton,B2024-02985,,high,B2024-02985,high,single,completion,housing_singleton,housing_singleton_kept,22
B3_2474,060-2423-071-00,(housing-singleton),1,housing_singleton,B2023-00565,,high,B2023-00565,high,single,completion,housing_singleton,housing_singleton_kept,22
B3_2475,059-2312-003-00,(housing-singleton),1,housing_singleton,B2025-02400,,high,B2025-02400,high,single,completion,housing_singleton,housing_singleton_kept,22
B3_2476,063-2972-049-00,(housing-singleton),1,housing_singleton,B2025-05218,,high,B2025-05218,high,single,completion,housing_singleton,housing_singleton_kept,22
B3_2477,056-1998-054-00,(housing-singleton),1,housing_singleton,B2024-02852,,high,B2024-02852,high,single,completion,housing_singleton,housing_singleton_kept,22
B3_2478,060-2483-030-00,(housing-singleton),1,housing_singleton,B2025-05031,,high,B2025-05031,high,single,ancillary,housing_singleton,housing_singleton_kept,22
B3_2479,052-1561-013-00,(housing-singleton),1,housing_singleton,B2022-02964,,high,B2022-02964,high,single,ancillary,housing_singleton,housing_singleton_kept,22
B3_2482,053-1668-003-00,(housing-singleton),1,housing_singleton,B2023-04801,,high,B2023-04801,high,single,completion,housing_singleton,housing_singleton_kept,22
B3_2483,052-1555-003-00,(housing-singleton),1,housing_singleton,B2025-04285,,high,B2025-04285,high,single,completion,housing_singleton,housing_singleton_kept,22
B3_2484,052-1577-019-00,(housing-singleton),1,housing_singleton,B2023-05935,,high,B2023-05935,high,single,completion,housing_singleton,housing_singleton_kept,22
B3_2486,056-1936-005-00,(housing-singleton),1,housing_singleton,B2024-01429,,high,B2024-01429,high,single,completion,housing_singleton,housing_singleton_kept,22
B3_2487,052-1526-004-00,(housing-singleton),1,housing_singleton,B2019-00439,,high,B2019-00439,high,single,completion,housing_singleton,housing_singleton_kept,22
B3_2488,062-2887-027-00,(housing-singleton),1,housing_singleton,B2023-03481,,high,B2023-03481,high,single,completion,housing_singleton,housing_singleton_kept,22
B3_2489,061-2583-013-00,(housing-singleton),1,housing_singleton,B2024-02154,,high,B2024-02154,high,single,completion,housing_singleton,housing_singleton_kept,22
B3_2490,053-1623-016-01,(housing-singleton),1,housing_singleton,B2025-00192,,high,B2025-00192,high,single,ancillary,housing_singleton,housing_singleton_kept,22
B3_2491,060-2490-020-00,(housing-singleton),1,housing_singleton,B2024-01600,,high,B2024-01600,high,single,ancillary,housing_singleton,housing_singleton_kept,22
B3_2492,057-2046-008-04,Building C,1,building_label,B2018-04001,,high,B2018-04001,high,single,completion,label_singleton,labeled_singleton,22
B3_2493,064-4234-010-00,(housing-singleton),1,housing_singleton,B2022-04673,,high,B2022-04673,high,single,completion,housing_singleton,housing_singleton_kept,22
B3_2494,052-1565-125-00,(housing-singleton),1,housing_singleton,B2023-03702,,high,B2023-03702,high,single,completion,housing_singleton,housing_singleton_kept,22
B3_2495,063-3161-010-00,(housing-singleton),1,housing_singleton,B2025-05020,,high,B2025-05020,high,single,ancillary,housing_singleton,housing_singleton_kept,22
B3_2496,060-2394-002-01,(housing-singleton),1,housing_singleton,B2022-01543,,high,B2022-01543,high,single,completion,housing_singleton,housing_singleton_kept,22
B3_2497,052-1571-016-00,(housing-singleton),1,housing_singleton,B2022-05864,,high,B2022-05864,high,single,completion,housing_singleton,housing_singleton_kept,22
B3_2498,062-2939-004-00,(housing-singleton),1,housing_singleton,B2017-03927,,high,B2017-03927,high,single,completion,housing_singleton,housing_singleton_kept,22
B3_2499,054-1726-012-00,(housing-singleton),1,housing_singleton,B2023-04265,,high,B2023-04265,high,single,ancillary,housing_singleton,housing_singleton_kept,22
B3_2500,056-1934-011-01,(housing-singleton),1,housing_singleton,B2023-04441,,high,B2023-04441,high,single,completion,housing_singleton,housing_singleton_kept,22
B3_2501,060-2493-046-00,(housing-singleton),1,housing_singleton,B2024-01072,,high,B2024-01072,high,single,completion,housing_singleton,housing_singleton_kept,22
B3_2502,056-2006-010-00,(housing-singleton),1,housing_singleton,B2020-03292,,high,B2020-03292,high,single,completion,housing_singleton,housing_singleton_kept,22
B3_2503,052-1565-116-00,(housing-singleton),1,housing_singleton,B2025-04786,,high,B2025-04786,high,single,completion,housing_singleton,housing_singleton_kept,22
B3_2504,057-2080-011-00,(housing-singleton),1,housing_singleton,B2023-04828,,high,B2023-04828,high,single,ancillary,housing_singleton,housing_singleton_kept,22
B3_2505,059-2256-025-00,(housing-singleton),1,housing_singleton,B2023-02712,,high,B2023-02712,high,single,ancillary,housing_singleton,housing_singleton_kept,22
B3_2506,058-2244-022-00,(housing-singleton),1,housing_singleton,B2025-02346,,high,B2025-02346,high,single,completion,housing_singleton,housing_singleton_kept,22
B3_2507,061-2615-020-00,(housing-singleton),1,housing_singleton,B2025-03643,,high,B2025-03643,high,single,ancillary,housing_singleton,housing_singleton_kept,22
B3_2508,057-2030-002-00,(housing-singleton),1,housing_singleton,B2020-02394,,high,B2020-02394,high,single,completion,housing_singleton,housing_singleton_kept,22
B3_2509,053-1623-001-02,(housing-singleton),1,housing_singleton,B2022-05762,,high,B2022-05762,high,single,ancillary,housing_singleton,housing_singleton_kept,22
B3_2510,060-2487-038-00,(housing-singleton),1,housing_singleton,B2024-02140,,high,B2024-02140,high,single,completion,housing_singleton,housing_singleton_kept,22
B3_2511,054-1735-019-00,(housing-singleton),1,housing_singleton,B2024-03842,,high,B2024-03842,high,single,completion,housing_singleton,housing_singleton_kept,22
B3_2512,055-1832-101-00,(housing-singleton),1,housing_singleton,B2023-01869,,high,B2023-01869,high,single,completion,housing_singleton,housing_singleton_kept,22
B3_2513,056-1985-029-00,(housing-singleton),1,housing_singleton,B2023-04219,,high,B2023-04219,high,single,ancillary,housing_singleton,housing_singleton_kept,22
B3_2514,060-2453-018-00,(housing-singleton),1,xref/base,B2020-03702,,high,B2020-03702,high,single,completion,housing_singleton,housing_singleton_kept,22
B3_2515,053-1619-010-00,(housing-singleton),1,housing_singleton,B2023-06314,,high,B2023-06314,high,single,completion,housing_singleton,housing_singleton_kept,22
B3_2516,060-2397-026-00,(housing-singleton),1,housing_singleton,B2024-03374,,high,B2024-03374,high,single,ancillary,housing_singleton,housing_singleton_kept,22
B3_2517,060-2487-024-00,(housing-singleton),1,housing_singleton,B2025-03838,,high,B2025-03838,high,single,ancillary,housing_singleton,housing_singleton_kept,22
B3_2518,061-2606-013-00,(housing-singleton),1,housing_singleton,B2025-04520,,high,B2025-04520,high,single,ancillary,housing_singleton,housing_singleton_kept,22
B3_2519,055-1856-009-00,(housing-singleton),1,housing_singleton,B2024-00205,,high,B2024-00205,high,single,ancillary,housing_singleton,housing_singleton_kept,22
B3_2520,063-3100-066-01,(housing-singleton),1,housing_singleton,B2025-00775,,high,B2025-00775,high,single,ancillary,housing_singleton,housing_singleton_kept,22
B3_2521,058-2129-017-00,(housing-singleton),1,housing_singleton,B2025-03904,,high,B2025-03904,high,single,completion,housing_singleton,housing_singleton_kept,22
B3_2523,053-1696-012-00,(housing-singleton),1,housing_singleton,B2022-04111,,high,B2022-04111,high,single,completion,housing_singleton,housing_singleton_kept,22
B3_2524,063-2958-015-00,(housing-singleton),1,housing_singleton,B2017-03691,,high,B2017-03691,high,single,completion,housing_singleton,housing_singleton_kept,22
B3_2525,053-1692-004-00,(housing-singleton),1,housing_singleton,B2025-03495,,high,B2025-03495,high,single,completion,housing_singleton,housing_singleton_kept,22
B3_2526,060-2465-021-00,(housing-singleton),1,housing_singleton,B2020-02613,,high,B2020-02613,high,single,completion,housing_singleton,housing_singleton_kept,22
B3_2527,062-2921-006-00,(housing-singleton),1,housing_singleton,B2024-05338,,high,B2024-05338,high,single,ancillary,housing_singleton,housing_singleton_kept,22
B3_2528,060-2486-029-00,(housing-singleton),1,housing_singleton,B2024-05384,,high,B2024-05384,high,single,completion,housing_singleton,housing_singleton_kept,22
B3_2529,060-2404-015-00,(housing-singleton),1,housing_singleton,B2024-00780,,high,B2024-00780,high,single,ancillary,housing_singleton,housing_singleton_kept,22
B3_2530,060-2391-055-00,(housing-singleton),1,housing_singleton,B2025-04882,,high,B2025-04882,high,single,completion,housing_singleton,housing_singleton_kept,22
B3_2534,059-2249-018-00,(housing-singleton),1,housing_singleton,B2025-00607,,high,B2025-00607,high,single,completion,housing_singleton,housing_singleton_kept,22
B3_2535,058-2242-105-00,(housing-singleton),1,housing_singleton,B2024-03718,,high,B2024-03718,high,single,completion,housing_singleton,housing_singleton_kept,22
B3_2536,063-2961-040-00,(housing-singleton),1,housing_singleton,B2023-03706,,high,B2023-03706,high,single,completion,housing_singleton,housing_singleton_kept,22
B3_2537,055-1902-017-00,(housing-singleton),1,housing_singleton,B2023-01516,,high,B2023-01516,high,single,completion,housing_singleton,housing_singleton_kept,22
B3_2539,060-2399-008-00,(housing-singleton),1,housing_singleton,B2022-05628,,high,B2022-05628,high,single,ancillary,housing_singleton,housing_singleton_kept,22
B3_2540,055-1880-001-00,(housing-singleton),1,housing_singleton,B2024-02527,,high,B2024-02527,high,single,ancillary,housing_singleton,housing_singleton_kept,22
B3_2541,063-2960-007-00,(housing-singleton),1,housing_singleton,B2024-02260,,high,B2024-02260,high,single,ancillary,housing_singleton,housing_singleton_kept,22
B3_2543,062-2861-010-00,(housing-singleton),1,housing_singleton,B2025-01184,,high,B2025-01184,high,single,completion,housing_singleton,housing_singleton_kept,22
B3_2544,056-1971-010-00,(housing-singleton),1,housing_singleton,B2023-04107,,high,B2023-04107,high,single,completion,housing_singleton,housing_singleton_kept,22
B3_2545,053-1619-020-00,(housing-singleton),1,housing_singleton,B2022-05765,,high,B2022-05765,high,single,ancillary,housing_singleton,housing_singleton_kept,22
B3_2546,056-1996-008-00,(housing-singleton),1,housing_singleton,B2024-00522,,high,B2024-00522,high,single,completion,housing_singleton,housing_singleton_kept,22
B3_2547,052-1550-014-00,(housing-singleton),1,housing_singleton,B2016-02309,,high,B2016-02309,high,single,sitework,housing_singleton,housing_singleton_kept,22
B3_2549,053-1668-019-00,(housing-singleton),1,housing_singleton,B2025-01898,,high,B2025-01898,high,single,completion,housing_singleton,housing_singleton_kept,22
B3_2550,056-1923-010-00,(housing-singleton),1,housing_singleton,B2023-02255,,high,B2023-02255,high,single,ancillary,housing_singleton,housing_singleton_kept,22
B3_2551,062-2860-001-00,(housing-singleton),1,housing_singleton,B2025-04591,,high,B2025-04591,high,single,completion,housing_singleton,housing_singleton_kept,22
B3_2552,052-1563-050-00,(housing-singleton),1,housing_singleton,B2023-02377,,high,B2023-02377,high,single,ancillary,housing_singleton,housing_singleton_kept,22
B3_2554,062-2914-034-00,(housing-singleton),1,housing_singleton,B2023-04394,,high,B2023-04394,high,single,completion,housing_singleton,housing_singleton_kept,22
B3_2555,063-2986-022-00,(housing-singleton),1,housing_singleton,B2022-01436,1.0,high,B2022-01436,high,single,completion,housing_singleton,housing_singleton_kept,22
B3_2556,061-2588-043-00,(housing-singleton),1,housing_singleton,B2024-00847,,high,B2024-00847,high,single,ancillary,housing_singleton,housing_singleton_kept,22
B3_2557,056-1975-009-00,(housing-singleton),1,housing_singleton,B2018-01574,1.0,high,B2018-01574,high,single,completion,housing_singleton,housing_singleton_kept,22
B3_2558,057-2117-015-00,(housing-singleton),1,housing_singleton,B2023-01998,,high,B2023-01998,high,single,completion,housing_singleton,housing_singleton_kept,22
B3_2559,057-2063-011-00,(housing-singleton),1,xref/base,B2021-02227,,high,B2021-02227,high,single,ancillary,housing_singleton,housing_singleton_kept,22
B3_2560,058-2169-013-00,(housing-singleton),1,housing_singleton,B2023-04905,,high,B2023-04905,high,single,completion,housing_singleton,housing_singleton_kept,22
B3_2561,054-1742-009-00,(housing-singleton),1,housing_singleton,B2023-05510,,high,B2023-05510,high,single,completion,housing_singleton,housing_singleton_kept,22
B3_2562,057-2061-001-01,(housing-singleton),1,housing_singleton,B2025-04807,,high,B2025-04807,high,single,ancillary,housing_singleton,housing_singleton_kept,22
B3_2564,063-3100-001-00,(housing-singleton),1,housing_singleton,B2024-03476,,high,B2024-03476,high,single,completion,housing_singleton,housing_singleton_kept,22
B3_2565,052-1565-086-00,(housing-singleton),1,housing_singleton,B2024-03078,,high,B2024-03078,high,single,completion,housing_singleton,housing_singleton_kept,22
B3_2566,052-1535-023-00,(housing-singleton),1,housing_singleton,B2024-02272,,high,B2024-02272,high,single,completion,housing_singleton,housing_singleton_kept,22
B3_2568,054-1784-024-00,(housing-singleton),1,housing_singleton,B2017-04149,,high,B2017-04149,high,single,completion,housing_singleton,housing_singleton_kept,22
B3_2569,054-1715-013-00,(housing-singleton),1,housing_singleton,B2024-00885,,high,B2024-00885,high,single,ancillary,housing_singleton,housing_singleton_kept,22
B3_2570,060-2463-018-00,(housing-singleton),1,housing_singleton,B2025-01083,,high,B2025-01083,high,single,completion,housing_singleton,housing_singleton_kept,22
B3_2571,060-2486-020-00,(housing-singleton),1,housing_singleton,B2025-04401,,high,B2025-04401,high,single,completion,housing_singleton,housing_singleton_kept,22
B3_2572,052-1439-012-00,Building 5,1,building_label,B2023-03376,,high,B2023-03376,high,single,completion,label_singleton,labeled_singleton,22
B3_2573,054-1725-004-00,(housing-singleton),1,housing_singleton,B2024-04866,,high,B2024-04866,high,single,ancillary,housing_singleton,housing_singleton_kept,22
B3_2574,053-1680-021-00,(housing-singleton),1,housing_singleton,B2024-00013,,high,B2024-00013,high,single,completion,housing_singleton,housing_singleton_kept,22
B3_2575,064-4238-036-00,(housing-singleton),1,housing_singleton,B2024-01075,,high,B2024-01075,high,single,sitework,housing_singleton,housing_singleton_kept,22
B3_2576,059-2266-017-00,(housing-singleton),1,housing_singleton,B2024-05619,,high,B2024-05619,high,single,completion,housing_singleton,housing_singleton_kept,22
B3_2577,060-2432-032-00,(housing-singleton),1,housing_singleton,B2025-00221,,high,B2025-00221,high,single,ancillary,housing_singleton,housing_singleton_kept,22
B3_2578,063-3161-012-00,(housing-singleton),1,housing_singleton,B2025-05022,,high,B2025-05022,high,single,ancillary,housing_singleton,housing_singleton_kept,22
B3_2579,054-1789-021-00,(housing-singleton),1,housing_singleton,B2023-02340,,high,B2023-02340,high,single,completion,housing_singleton,housing_singleton_kept,22
B3_2580,056-1998-064-00,(housing-singleton),1,housing_singleton,B2024-02854,,high,B2024-02854,high,single,ancillary,housing_singleton,housing_singleton_kept,22
B3_2581,052-1565-111-00,(housing-singleton),1,housing_singleton,B2023-04720,,high,B2023-04720,high,single,completion,housing_singleton,housing_singleton_kept,22
B3_2582,064-4247-007-00,(housing-singleton),1,housing_singleton,B2018-03627,,high,B2018-03627,high,single,completion,housing_singleton,housing_singleton_kept,22
B3_2583,054-1742-019-00,(housing-singleton),1,housing_singleton,B2024-05229,,high,B2024-05229,high,single,completion,housing_singleton,housing_singleton_kept,22
B3_2584,052-1518-021-00,(housing-singleton),1,housing_singleton,B2023-03285,,high,B2023-03285,high,single,ancillary,housing_singleton,housing_singleton_kept,22
B3_2586,055-1829-014-00,(housing-singleton),1,housing_singleton,B2022-02792,,high,B2022-02792,high,single,completion,housing_singleton,housing_singleton_kept,22
B3_2587,060-2490-040-06,(housing-singleton),1,housing_singleton,B2024-01726,,high,B2024-01726,high,single,ancillary,housing_singleton,housing_singleton_kept,22
B3_2588,057-2015-010-00,(housing-singleton),1,housing_singleton,B2025-00139,,high,B2025-00139,high,single,ancillary,housing_singleton,housing_singleton_kept,22
B3_2589,053-1608-004-00,(housing-singleton),1,housing_singleton,B2025-04522,,high,B2025-04522,high,single,ancillary,housing_singleton,housing_singleton_kept,22
B3_2590,061-2576-040-01,(housing-singleton),1,housing_singleton,B2023-01814,,high,B2023-01814,high,single,completion,housing_singleton,housing_singleton_kept,22
B3_2591,062-2886-016-00,(housing-singleton),1,housing_singleton,B2024-03711,,high,B2024-03711,high,single,ancillary,housing_singleton,housing_singleton_kept,22
B3_2592,056-1922-009-00,(housing-singleton),1,housing_singleton,B2024-05217,,high,B2024-05217,high,single,completion,housing_singleton,housing_singleton_kept,22
B3_2594,055-1817-010-00,(housing-singleton),1,housing_singleton,B2018-04609,,high,B2018-04609,high,single,completion,housing_singleton,housing_singleton_kept,22
B3_2595,058-2118-024-00,Building 1721,1,building_label,B2024-02888,,high,B2024-02888,high,single,ancillary,label_singleton,labeled_singleton,22
B3_2596,058-2184-021-00,(housing-singleton),1,housing_singleton,B2025-00357,,high,B2025-00357,high,single,ancillary,housing_singleton,housing_singleton_kept,22
B3_2597,060-2447-012-00,(housing-singleton),1,housing_singleton,B2022-06031,,high,B2022-06031,high,single,completion,housing_singleton,housing_singleton_kept,22
B3_2598,054-1787-005-00,(housing-singleton),1,housing_singleton,B2018-04312,,high,B2018-04312,high,single,completion,housing_singleton,housing_singleton_kept,22
B3_2599,064-4237-009-00,(housing-singleton),1,housing_singleton,B2022-04367,,high,B2022-04367,high,single,completion,housing_singleton,housing_singleton_kept,22
B3_2601,052-1538-028-00,(housing-singleton),1,housing_singleton,B2022-02354,,high,B2022-02354,high,single,ancillary,housing_singleton,housing_singleton_kept,22
B3_2602,059-2288-035-00,(housing-singleton),1,housing_singleton,B2019-02889,,high,B2019-02889,high,single,completion,housing_singleton,housing_singleton_kept,22
B3_2605,062-2869-015-00,(housing-singleton),1,housing_singleton,B2021-05113,,high,B2021-05113,high,single,completion,housing_singleton,housing_singleton_kept,22
B3_2606,063-3120-013-00,(housing-singleton),1,housing_singleton,B2025-05625,,high,B2025-05625,high,single,ancillary,housing_singleton,housing_singleton_kept,22
B3_2607,054-1802-020-00,(housing-singleton),1,housing_singleton,B2020-01041,,high,B2020-01041,high,single,completion,housing_singleton,housing_singleton_kept,22
B3_2608,054-1729-020-00,(housing-singleton),1,housing_singleton,B2024-03191,,high,B2024-03191,high,single,ancillary,housing_singleton,housing_singleton_kept,22
B3_2609,053-1677-001-00,(housing-singleton),1,housing_singleton,B2023-04921,,high,B2023-04921,high,single,sitework,housing_singleton,housing_singleton_kept,22
B3_2610,064-4244-029-00,(housing-singleton),1,housing_singleton,B2024-01589,,high,B2024-01589,high,single,ancillary,housing_singleton,housing_singleton_kept,22
B3_2611,056-1971-005-01,(housing-singleton),1,housing_singleton,B2024-04435,,high,B2024-04435,high,single,completion,housing_singleton,housing_singleton_kept,22
B3_2612,061-2570-021-00,(housing-singleton),1,housing_singleton,B2022-00343,,high,B2022-00343,high,single,completion,housing_singleton,housing_singleton_kept,22
B3_2614,058-2157-012-00,(housing-singleton),1,housing_singleton,B2019-04236,,high,B2019-04236,high,single,completion,housing_singleton,housing_singleton_kept,22
B3_2615,059-2278-005-00,(housing-singleton),1,housing_singleton,B2021-04467,,high,B2021-04467,high,single,completion,housing_singleton,housing_singleton_kept,22
B3_2616,060-2434-004-00,(housing-singleton),1,housing_singleton,B2022-02784,,high,B2022-02784,high,single,completion,housing_singleton,housing_singleton_kept,22
B3_2617,063-3150-062-00,(housing-singleton),1,housing_singleton,B2022-02938,,high,B2022-02938,high,single,ancillary,housing_singleton,housing_singleton_kept,22
B3_2618,058-2168-017-00,(housing-singleton),1,housing_singleton,B2022-03664,,high,B2022-03664,high,single,ancillary,housing_singleton,housing_singleton_kept,22
B3_2619,059-2325-004-00,(housing-singleton),1,housing_singleton,B2021-05520,,high,B2021-05520,high,single,completion,housing_singleton,housing_singleton_kept,22
B3_2620,063-3140-102-00,(housing-singleton),1,housing_singleton,B2022-03969,,high,B2022-03969,high,single,completion,housing_singleton,housing_singleton_kept,22
B3_2621,060-2405-018-00,(housing-singleton),1,housing_singleton,B2023-02828,,high,B2023-02828,high,single,completion,housing_singleton,housing_singleton_kept,22
B3_2622,052-1566-036-00,(housing-singleton),1,housing_singleton,B2023-05402,,high,B2023-05402,high,single,completion,housing_singleton,housing_singleton_kept,22
B3_2623,060-2489-027-00,(housing-singleton),1,housing_singleton,B2024-01717,,high,B2024-01717,high,single,ancillary,housing_singleton,housing_singleton_kept,22
B3_2624,054-1805-001-00,(housing-singleton),1,housing_singleton,B2025-00870,,high,B2025-00870,high,single,completion,housing_singleton,housing_singleton_kept,22
B3_2625,062-2868-001-00,(housing-singleton),1,housing_singleton,B2022-06065,,high,B2022-06065,high,single,completion,housing_singleton,housing_singleton_kept,22
B3_2626,060-2428-028-00,(housing-singleton),1,housing_singleton,B2018-04874,,high,B2018-04874,high,single,completion,housing_singleton,housing_singleton_kept,22
B3_2627,060-2489-014-03,(housing-singleton),1,housing_singleton,B2024-01711,,high,B2024-01711,high,single,ancillary,housing_singleton,housing_singleton_kept,22
B3_2628,058-2195-011-00,(housing-singleton),1,housing_singleton,B2024-00604,,high,B2024-00604,high,single,completion,housing_singleton,housing_singleton_kept,22
B3_2629,052-1560-017-00,(housing-singleton),1,housing_singleton,B2024-00682,,high,B2024-00682,high,single,completion,housing_singleton,housing_singleton_kept,22
B3_2630,059-2257-016-00,(housing-singleton),1,housing_singleton,B2024-00241,,high,B2024-00241,high,single,completion,housing_singleton,housing_singleton_kept,22
B3_2631,057-2063-011-00,(housing-singleton),1,housing_singleton,B2022-02049,,high,B2022-02049,high,single,completion,housing_singleton,housing_singleton_kept,22
B3_2632,060-2485-040-00,(housing-singleton),1,housing_singleton,B2024-01583,,high,B2024-01583,high,single,ancillary,housing_singleton,housing_singleton_kept,22
B3_2633,052-1549-005-00,(housing-singleton),1,housing_singleton,B2024-03767,,high,B2024-03767,high,single,completion,housing_singleton,housing_singleton_kept,22
B3_2634,061-2569-020-00,(housing-singleton),1,housing_singleton,B2025-01538,,high,B2025-01538,high,single,completion,housing_singleton,housing_singleton_kept,22
B3_2635,053-1608-023-00,(housing-singleton),1,housing_singleton,B2019-01859,,high,B2019-01859,high,single,completion,housing_singleton,housing_singleton_kept,22
B3_2636,054-1742-035-00,(housing-singleton),1,housing_singleton,B2022-02658,,high,B2022-02658,high,single,completion,housing_singleton,housing_singleton_kept,22
B3_2637,064-4245-002-00,(housing-singleton),1,housing_singleton,B2022-03070,,high,B2022-03070,high,single,ancillary,housing_singleton,housing_singleton_kept,22
B3_2638,053-1619-020-00,(housing-singleton),1,housing_singleton,B2025-05893,,high,B2025-05893,high,single,completion,housing_singleton,housing_singleton_kept,22
B3_2639,057-2021-001-00,(housing-singleton),1,housing_singleton,B2021-00839,,high,B2021-00839,high,single,completion,housing_singleton,housing_singleton_kept,22
B3_2640,052-1565-108-00,(housing-singleton),1,housing_singleton,B2024-03421,,high,B2024-03421,high,single,completion,housing_singleton,housing_singleton_kept,22
B3_2641,053-1614-018-00,(housing-singleton),1,housing_singleton,B2024-04418,,high,B2024-04418,high,single,ancillary,housing_singleton,housing_singleton_kept,22
B3_2642,060-2487-023-00,(housing-singleton),1,housing_singleton,B2024-02186,,high,B2024-02186,high,single,ancillary,housing_singleton,housing_singleton_kept,22
B3_2643,060-2490-026-03,(housing-singleton),1,housing_singleton,B2025-03816,,high,B2025-03816,high,single,completion,housing_singleton,housing_singleton_kept,22
B3_2644,054-1726-015-00,(housing-singleton),1,housing_singleton,B2018-00613,,high,B2018-00613,high,single,completion,housing_singleton,housing_singleton_kept,22
B3_2645,056-2008-023-00,(housing-singleton),1,housing_singleton,B2024-04675,,high,B2024-04675,high,single,ancillary,housing_singleton,housing_singleton_kept,22
B3_2646,053-1663-020-00,(housing-singleton),1,housing_singleton,B2020-02188,,high,B2020-02188,high,single,completion,housing_singleton,housing_singleton_kept,22
B3_2647,053-1659-037-00,(housing-singleton),1,housing_singleton,B2024-04202,,high,B2024-04202,high,single,ancillary,housing_singleton,housing_singleton_kept,22
B3_2649,060-2405-006-00,(housing-singleton),1,xref/base,B2022-03752,,high,B2022-03752,high,single,completion,housing_singleton,housing_singleton_kept,22
B3_2650,053-1673-030-00,(housing-singleton),1,housing_singleton,B2023-02810,,high,B2023-02810,high,single,completion,housing_singleton,housing_singleton_kept,22
B3_2651,055-1828-011-00,(housing-singleton),1,housing_singleton,B2023-04737,,high,B2023-04737,high,single,completion,housing_singleton,housing_singleton_kept,22
B3_2652,061-2611-023-00,(housing-singleton),1,housing_singleton,B2020-02873,,high,B2020-02873,high,single,completion,housing_singleton,housing_singleton_kept,22
B3_2653,058-2247-001-00,(housing-singleton),1,housing_singleton,B2024-02390,,high,B2024-02390,high,single,completion,housing_singleton,housing_singleton_kept,22
B3_2654,063-2952-012-00,(housing-singleton),1,housing_singleton,B2024-04076,,high,B2024-04076,high,single,ancillary,housing_singleton,housing_singleton_kept,22
B3_2655,054-1782-009-00,(housing-singleton),1,housing_singleton,B2024-00705,,high,B2024-00705,high,single,completion,housing_singleton,housing_singleton_kept,22
B3_2657,053-1685-032-00,(housing-singleton),1,housing_singleton,B2016-02856,,high,B2016-02856,high,single,completion,housing_singleton,housing_singleton_kept,22
B3_2658,059-2290-045-00,(housing-singleton),1,housing_singleton,B2024-03469,,high,B2024-03469,high,single,ancillary,housing_singleton,housing_singleton_kept,22
B3_2659,064-4242-022-00,(housing-singleton),1,housing_singleton,B2024-04223,,high,B2024-04223,high,single,completion,housing_singleton,housing_singleton_kept,22
B3_2660,061-2606-019-00,(housing-singleton),1,housing_singleton,B2023-02318,,high,B2023-02318,high,single,completion,housing_singleton,housing_singleton_kept,22
B3_2661,062-2903-029-00,(housing-singleton),1,housing_singleton,B2023-06372,,high,B2023-06372,high,single,ancillary,housing_singleton,housing_singleton_kept,22
B3_2662,061-2570-033-00,(housing-singleton),1,housing_singleton,B2025-00055,,high,B2025-00055,high,single,ancillary,housing_singleton,housing_singleton_kept,22
B3_2663,055-1833-017-01,Building 1,1,building_label,B2017-04239,,high,B2017-04239,high,single,completion,label_singleton,labeled_singleton,22
B3_2665,059-2292-005-00,(housing-singleton),1,housing_singleton,B2022-02018,,high,B2022-02018,high,single,completion,housing_singleton,housing_singleton_kept,22
B3_2666,061-2613-019-00,(housing-singleton),1,housing_singleton,B2023-02857,1.0,high,B2023-02857,high,single,completion,housing_singleton,housing_singleton_kept,22
B3_2667,055-1849-017-00,(housing-singleton),1,housing_singleton,B2025-05609,,high,B2025-05609,high,single,completion,housing_singleton,housing_singleton_kept,22
B3_2668,063-2987-011-00,(housing-singleton),1,housing_singleton,B2024-03988,,high,B2024-03988,high,single,completion,housing_singleton,housing_singleton_kept,22
B3_2669,060-2394-002-01,(housing-singleton),1,housing_singleton,B2021-01569,,high,B2021-01569,high,single,sitework,housing_singleton,housing_singleton_kept,22
B3_2670,056-1943-020-00,Building B,1,building_label,B2021-05014,,high,B2021-05014,high,single,completion,label_singleton,labeled_singleton,22
B3_2671,062-2900-007-00,(housing-singleton),1,housing_singleton,B2025-00376,,high,B2025-00376,high,single,completion,housing_singleton,housing_singleton_kept,22
B3_2673,062-2915-021-00,(housing-singleton),1,housing_singleton,B2024-03521,,high,B2024-03521,high,single,completion,housing_singleton,housing_singleton_kept,22
B3_2674,060-2485-015-00,(housing-singleton),1,housing_singleton,B2023-02170,,high,B2023-02170,high,single,ancillary,housing_singleton,housing_singleton_kept,22
B3_2675,053-1688-019-00,(housing-singleton),1,housing_singleton,B2023-06052,,high,B2023-06052,high,single,ancillary,housing_singleton,housing_singleton_kept,22
B3_2676,063-3150-059-00,(housing-singleton),1,housing_singleton,B2019-01052,,high,B2019-01052,high,single,completion,housing_singleton,housing_singleton_kept,22
B3_2677,053-1686-003-00,(housing-singleton),1,housing_singleton,B2024-05158,,high,B2024-05158,high,single,completion,housing_singleton,housing_singleton_kept,22
B3_2678,062-2888-026-00,(housing-singleton),1,housing_singleton,B2024-00447,,high,B2024-00447,high,single,completion,housing_singleton,housing_singleton_kept,22
B3_2679,063-3140-022-00,(housing-singleton),1,housing_singleton,B2024-05003,,high,B2024-05003,high,single,ancillary,housing_singleton,housing_singleton_kept,22
B3_2680,052-1448-011-00,(housing-singleton),1,housing_singleton,B2021-00975,,high,B2021-00975,high,single,completion,housing_singleton,housing_singleton_kept,22
B3_2681,063-2963-068-00,(housing-singleton),1,housing_singleton,B2024-04424,,high,B2024-04424,high,single,completion,housing_singleton,housing_singleton_kept,22
B3_2682,060-2465-003-00,(housing-singleton),1,housing_singleton,B2017-01320,,high,B2017-01320,high,single,completion,housing_singleton,housing_singleton_kept,22
B3_2683,053-1680-020-00,(housing-singleton),1,housing_singleton,B2018-01385,,high,B2018-01385,high,single,completion,housing_singleton,housing_singleton_kept,22
B3_2684,064-4246-011-00,(housing-singleton),1,housing_singleton,B2024-03792,,high,B2024-03792,high,single,completion,housing_singleton,housing_singleton_kept,22
B3_2685,059-2259-008-00,(housing-singleton),1,housing_singleton,B2024-06087,5.0,high,B2024-06087,high,single,ancillary,housing_singleton,housing_singleton_kept,22
B3_2686,052-1573-019-00,(housing-singleton),1,housing_singleton,B2025-02139,,high,B2025-02139,high,single,ancillary,housing_singleton,housing_singleton_kept,22
B3_2687,056-1936-014-00,(housing-singleton),1,housing_singleton,B2017-04551,,high,B2017-04551,high,single,completion,housing_singleton,housing_singleton_kept,22
B3_2688,053-1623-022-00,(housing-singleton),1,housing_singleton,B2023-02858,,high,B2023-02858,high,single,ancillary,housing_singleton,housing_singleton_kept,22
B3_2689,053-1664-002-00,(housing-singleton),1,housing_singleton,B2021-04697,,high,B2021-04697,high,single,completion,housing_singleton,housing_singleton_kept,22
B3_2690,061-2577-018-00,(housing-singleton),1,housing_singleton,B2023-00876,,high,B2023-00876,high,single,completion,housing_singleton,housing_singleton_kept,22
B3_2691,063-2961-014-00,(housing-singleton),1,housing_singleton,B2024-01394,,high,B2024-01394,high,single,completion,housing_singleton,housing_singleton_kept,22
B3_2693,052-1584-016-00,(housing-singleton),1,housing_singleton,B2025-05494,,high,B2025-05494,high,single,ancillary,housing_singleton,housing_singleton_kept,22
B3_2694,053-1674-022-00,(housing-singleton),1,housing_singleton,B2020-01025,,high,B2020-01025,high,single,completion,housing_singleton,housing_singleton_kept,22
B3_2695,055-1905-035-00,(housing-singleton),1,housing_singleton,B2022-00718,,high,B2022-00718,high,single,ancillary,housing_singleton,housing_singleton_kept,22
B3_2696,055-1912-013-00,(housing-singleton),1,housing_singleton,B2018-04354,,high,B2018-04354,high,single,completion,housing_singleton,housing_singleton_kept,22
B3_2697,057-2057-005-00,(housing-singleton),1,housing_singleton,B2019-03935,,high,B2019-03935,high,single,completion,housing_singleton,housing_singleton_kept,22
B3_2698,060-2427-004-00,(housing-singleton),1,housing_singleton,B2013-04300,4.0,high,B2013-04300,high,single,ancillary,housing_singleton,housing_singleton_kept,22
B3_2699,060-2445-027-00,(housing-singleton),1,housing_singleton,B2022-02546,,high,B2022-02546,high,single,completion,housing_singleton,housing_singleton_kept,22
B3_2700,055-1851-018-00,(housing-singleton),1,housing_singleton,B2020-02125,,high,B2020-02125,high,single,completion,housing_singleton,housing_singleton_kept,22
B3_2702,055-1825-010-00,(housing-singleton),1,housing_singleton,B2023-03082,,high,B2023-03082,high,single,completion,housing_singleton,housing_singleton_kept,22
B3_2703,060-2447-010-00,(housing-singleton),1,housing_singleton,B2023-05179,,high,B2023-05179,high,single,completion,housing_singleton,housing_singleton_kept,22
B3_2704,060-2423-040-00,(housing-singleton),1,housing_singleton,B2024-02437,,high,B2024-02437,high,single,ancillary,housing_singleton,housing_singleton_kept,22
B3_2705,052-1563-071-00,(housing-singleton),1,housing_singleton,B2018-05115,,high,B2018-05115,high,single,completion,housing_singleton,housing_singleton_kept,22
B3_2706,061-2551-045-00,(housing-singleton),1,housing_singleton,B2024-03277,,high,B2024-03277,high,single,ancillary,housing_singleton,housing_singleton_kept,22
B3_2708,054-1739-028-00,(housing-singleton),1,housing_singleton,B2025-00165,,high,B2025-00165,high,single,completion,housing_singleton,housing_singleton_kept,22
B3_2712,053-1677-001-00,(housing-singleton),1,housing_singleton,B2023-06044,,high,B2023-06044,high,single,completion,housing_singleton,housing_singleton_kept,22
B3_2713,055-1832-076-00,(housing-singleton),1,housing_singleton,B2023-01080,,high,B2023-01080,high,single,completion,housing_singleton,housing_singleton_kept,22
B3_2714,059-2277-001-00,(housing-singleton),1,housing_singleton,B2024-05009,,high,B2024-05009,high,single,ancillary,housing_singleton,housing_singleton_kept,22
B3_2716,059-2284-028-00,(housing-singleton),1,housing_singleton,B2024-03371,,high,B2024-03371,high,single,ancillary,housing_singleton,housing_singleton_kept,22
B3_2717,062-2940-053-00,(housing-singleton),1,housing_singleton,B2025-05864,,high,B2025-05864,high,single,completion,housing_singleton,housing_singleton_kept,22
B3_2718,055-1826-011-00,(housing-singleton),1,housing_singleton,B2020-03928,,high,B2020-03928,high,single,completion,housing_singleton,housing_singleton_kept,22
B3_2719,063-2973-014-00,(housing-singleton),1,housing_singleton,B2021-01621,,high,B2021-01621,high,single,completion,housing_singleton,housing_singleton_kept,22
B3_2720,063-2962-039-00,(housing-singleton),1,housing_singleton,B2025-00480,,high,B2025-00480,high,single,ancillary,housing_singleton,housing_singleton_kept,22
B3_2721,058-2126-022-00,(housing-singleton),1,housing_singleton,B2022-00411,,high,B2022-00411,high,single,completion,housing_singleton,housing_singleton_kept,22
B3_2723,060-2486-030-00,(housing-singleton),1,housing_singleton,B2022-05140,,high,B2022-05140,high,single,completion,housing_singleton,housing_singleton_kept,22
B3_2725,055-1816-023-00,(housing-singleton),1,housing_singleton,B2016-00118,,high,B2016-00118,high,single,completion,housing_singleton,housing_singleton_kept,22
B3_2726,063-2961-033-00,(housing-singleton),1,housing_singleton,B2021-02006,,high,B2021-02006,high,single,completion,housing_singleton,housing_singleton_kept,22
B3_2727,060-2486-034-00,(housing-singleton),1,housing_singleton,B2023-05838,,high,B2023-05838,high,single,ancillary,housing_singleton,housing_singleton_kept,22
B3_2728,053-1602-004-02,(housing-singleton),1,housing_singleton,B2025-02429,,high,B2025-02429,high,single,completion,housing_singleton,housing_singleton_kept,22
B3_2729,057-2079-001-01,Building B,1,building_label,B2020-01654,,high,B2020-01654,high,single,ancillary,label_singleton,labeled_singleton,22
B3_2730,062-2902-006-00,(housing-singleton),1,housing_singleton,B2023-03186,,high,B2023-03186,high,single,completion,housing_singleton,housing_singleton_kept,22
B3_2731,055-1834-032-00,(housing-singleton),1,housing_singleton,B2025-05555,,high,B2025-05555,high,single,ancillary,housing_singleton,housing_singleton_kept,22
B3_2732,057-2050-014-02,(housing-singleton),1,housing_singleton,B2024-05810,,high,B2024-05810,high,single,completion,housing_singleton,housing_singleton_kept,22
B3_2733,061-2598-039-00,(housing-singleton),1,housing_singleton,B2022-03089,,high,B2022-03089,high,single,completion,housing_singleton,housing_singleton_kept,22
B3_2734,058-2123-022-00,(housing-singleton),1,housing_singleton,B2025-02114,,high,B2025-02114,high,single,completion,housing_singleton,housing_singleton_kept,22
B3_2735,053-1623-001-03,(housing-singleton),1,housing_singleton,B2022-05756,,high,B2022-05756,high,single,ancillary,housing_singleton,housing_singleton_kept,22
B3_2736,059-2331-005-00,(housing-singleton),1,housing_singleton,B2024-01126,,high,B2024-01126,high,single,completion,housing_singleton,housing_singleton_kept,22
B3_2738,063-2959-032-00,(housing-singleton),1,housing_singleton,B2024-01023,,high,B2024-01023,high,single,ancillary,housing_singleton,housing_singleton_kept,22
B3_2739,061-2589-013-00,(housing-singleton),1,housing_singleton,B2023-01550,,high,B2023-01550,high,single,completion,housing_singleton,housing_singleton_kept,22
B3_2740,060-2490-027-03,(housing-singleton),1,housing_singleton,B2025-03818,,high,B2025-03818,high,single,completion,housing_singleton,housing_singleton_kept,22
B3_2741,059-2277-019-00,(housing-singleton),1,housing_singleton,B2024-05562,,high,B2024-05562,high,single,completion,housing_singleton,housing_singleton_kept,22
B3_2742,052-1563-137-00,(housing-singleton),1,housing_singleton,B2018-04990,,high,B2018-04990,high,single,completion,housing_singleton,housing_singleton_kept,22
B3_2743,056-1996-008-00,(housing-singleton),1,housing_singleton,B2023-04442,,high,B2023-04442,high,single,ancillary,housing_singleton,housing_singleton_kept,22
B3_2744,055-1852-004-00,(housing-singleton),1,housing_singleton,B2017-03433,,high,B2017-03433,high,single,completion,housing_singleton,housing_singleton_kept,22
B3_2745,054-1736-009-00,(housing-singleton),1,housing_singleton,B2025-01432,,high,B2025-01432,high,single,completion,housing_singleton,housing_singleton_kept,22
B3_2746,052-1542-008-00,(housing-singleton),1,housing_singleton,B2024-05661,,high,B2024-05661,high,single,completion,housing_singleton,housing_singleton_kept,22
B3_2747,054-1809-032-00,(housing-singleton),1,housing_singleton,B2022-01003,,high,B2022-01003,high,single,ancillary,housing_singleton,housing_singleton_kept,22
B3_2748,055-1832-119-00,(housing-singleton),1,housing_singleton,B2023-03091,,high,B2023-03091,high,single,completion,housing_singleton,housing_singleton_kept,22
B3_2750,059-2292-031-00,(housing-singleton),1,housing_singleton,B2022-03614,,high,B2022-03614,high,single,completion,housing_singleton,housing_singleton_kept,22
B3_2751,061-2606-044-00,(housing-singleton),1,housing_singleton,B2025-04737,,high,B2025-04737,high,single,completion,housing_singleton,housing_singleton_kept,22
B3_2753,055-1829-027-01,(housing-singleton),1,housing_singleton,B2023-04613,,high,B2023-04613,high,single,ancillary,housing_singleton,housing_singleton_kept,22
B3_2754,058-2127-023-00,(housing-singleton),1,housing_singleton,B2023-03595,,high,B2023-03595,high,single,ancillary,housing_singleton,housing_singleton_kept,22
B3_2755,058-2154-008-00,(housing-singleton),1,housing_singleton,B2024-06014,,high,B2024-06014,high,single,completion,housing_singleton,housing_singleton_kept,22
B3_2756,055-1867-008-01,(housing-singleton),1,housing_singleton,B2024-00574,,high,B2024-00574,high,single,completion,housing_singleton,housing_singleton_kept,22
B3_2757,057-2022-019-00,(housing-singleton),1,housing_singleton,B2016-05125,107.0,high,B2016-05125,high,single,sitework,housing_singleton,housing_singleton_kept,22
B3_2758,058-2242-016-23,(housing-singleton),1,housing_singleton,B2024-04550,,high,B2024-04550,high,single,completion,housing_singleton,housing_singleton_kept,22
B3_2759,052-1565-124-00,(housing-singleton),1,housing_singleton,B2023-00570,,high,B2023-00570,high,single,completion,housing_singleton,housing_singleton_kept,22
B3_2760,060-2392-024-00,(housing-singleton),1,housing_singleton,B2023-06102,,high,B2023-06102,high,single,ancillary,housing_singleton,housing_singleton_kept,22
B3_2761,060-2466-085-00,(housing-singleton),1,housing_singleton,B2024-01966,,high,B2024-01966,high,single,completion,housing_singleton,housing_singleton_kept,22
B3_2762,052-1536-004-00,(housing-singleton),1,housing_singleton,B2023-03241,,high,B2023-03241,high,single,completion,housing_singleton,housing_singleton_kept,22
B3_2763,058-2161-001-00,(housing-singleton),1,housing_singleton,B2022-05367,,high,B2022-05367,high,single,completion,housing_singleton,housing_singleton_kept,22
B3_2764,063-2964-044-00,(housing-singleton),1,housing_singleton,B2018-04394,,high,B2018-04394,high,single,completion,housing_singleton,housing_singleton_kept,22
B3_2765,062-2899-008-00,(housing-singleton),1,housing_singleton,B2020-02167,,high,B2020-02167,high,single,completion,housing_singleton,housing_singleton_kept,22
B3_2766,055-1867-006-00,(housing-singleton),1,housing_singleton,B2023-03077,,high,B2023-03077,high,single,ancillary,housing_singleton,housing_singleton_kept,22
B3_2768,055-1832-011-00,(housing-singleton),1,housing_singleton,B2024-01423,,high,B2024-01423,high,single,completion,housing_singleton,housing_singleton_kept,22
B3_2769,055-1824-023-00,(housing-singleton),1,housing_singleton,B2025-05592,,high,B2025-05592,high,single,completion,housing_singleton,housing_singleton_kept,22
B3_2770,053-1619-026-00,(housing-singleton),1,housing_singleton,B2023-03581,,high,B2023-03581,high,single,completion,housing_singleton,housing_singleton_kept,22
B3_2771,058-2121-003-00,(housing-singleton),1,housing_singleton,B2017-02402,,high,B2017-02402,high,single,completion,housing_singleton,housing_singleton_kept,22
B3_2772,056-1998-003-02,(housing-singleton),1,housing_singleton,B2023-05954,,high,B2023-05954,high,single,ancillary,housing_singleton,housing_singleton_kept,22
B3_2773,054-1702-089-00,(housing-singleton),1,xref/base,B2016-05318,,high,B2016-05318,high,single,completion,housing_singleton,housing_singleton_kept,22
B3_2774,060-2392-022-00,(housing-singleton),1,housing_singleton,B2023-00589,,high,B2023-00589,high,single,completion,housing_singleton,housing_singleton_kept,22
B3_2775,063-3110-069-00,(housing-singleton),1,housing_singleton,B2022-00032,,high,B2022-00032,high,single,completion,housing_singleton,housing_singleton_kept,22
B3_2776,062-2868-012-00,(housing-singleton),1,housing_singleton,B2024-00796,,high,B2024-00796,high,single,completion,housing_singleton,housing_singleton_kept,22
B3_2777,055-1913-015-00,(housing-singleton),1,housing_singleton,B2020-02495,,high,B2020-02495,high,single,completion,housing_singleton,housing_singleton_kept,22
B3_2778,053-1588-020-00,(housing-singleton),1,housing_singleton,B2020-02547,1.0,high,B2020-02547,high,single,completion,housing_singleton,housing_singleton_kept,22
B3_2781,061-2583-018-00,(housing-singleton),1,housing_singleton,B2025-01483,,high,B2025-01483,high,single,completion,housing_singleton,housing_singleton_kept,22
B3_2782,061-2586-020-00,(housing-singleton),1,housing_singleton,B2025-02083,,high,B2025-02083,high,single,completion,housing_singleton,housing_singleton_kept,22
B3_2783,063-2991-001-00,(housing-singleton),1,housing_singleton,B2021-02151,,high,B2021-02151,high,single,completion,housing_singleton,housing_singleton_kept,22
B3_2784,052-1433-012-00,(housing-singleton),1,housing_singleton,B2017-02082,,high,B2017-02082,high,single,completion,housing_singleton,housing_singleton_kept,22
B3_2785,062-2869-027-00,(housing-singleton),1,housing_singleton,B2025-04568,,high,B2025-04568,high,single,completion,housing_singleton,housing_singleton_kept,22
B3_2786,061-2550-003-00,(housing-singleton),1,housing_singleton,B2022-01596,,high,B2022-01596,high,single,completion,housing_singleton,housing_singleton_kept,22
B3_2787,059-2326-012-00,(housing-singleton),1,housing_singleton,B2024-00721,,high,B2024-00721,high,single,completion,housing_singleton,housing_singleton_kept,22
B3_2788,057-2067-017-00,(housing-singleton),1,housing_singleton,B2018-03346,1.0,high,B2018-03346,high,single,completion,housing_singleton,housing_singleton_kept,22
B3_2789,060-2453-021-00,(housing-singleton),1,housing_singleton,B2024-02630,,high,B2024-02630,high,single,completion,housing_singleton,housing_singleton_kept,22
B3_2791,052-1561-013-00,(housing-singleton),1,housing_singleton,B2021-03009,,high,B2021-03009,high,single,sitework,housing_singleton,housing_singleton_kept,22
B3_2792,060-2494-028-00,(housing-singleton),1,housing_singleton,B2023-06040,,high,B2023-06040,high,single,completion,housing_singleton,housing_singleton_kept,22
B3_2793,054-1733-041-00,(housing-singleton),1,housing_singleton,B2020-01536,,high,B2020-01536,high,single,sitework,housing_singleton,housing_singleton_kept,22
B3_2794,063-3100-038-00,(housing-singleton),1,housing_singleton,B2025-05034,,high,B2025-05034,high,single,completion,housing_singleton,housing_singleton_kept,22
B3_2795,060-2489-039-00,(housing-singleton),1,housing_singleton,B2025-03828,,high,B2025-03828,high,single,ancillary,housing_singleton,housing_singleton_kept,22
B3_2796,054-1782-023-00,(housing-singleton),1,housing_singleton,B2017-02989,,high,B2017-02989,high,single,completion,housing_singleton,housing_singleton_kept,22
B3_2797,057-2073-005-00,(housing-singleton),1,housing_singleton,B2022-04366,39.0,high,B2022-04366,high,single,completion,housing_singleton,housing_singleton_kept,22
B3_2798,056-1988-016-00,(housing-singleton),1,housing_singleton,B2025-01536,,high,B2025-01536,high,single,ancillary,housing_singleton,housing_singleton_kept,22
B3_2799,059-2251-027-00,(housing-singleton),1,housing_singleton,B2024-02046,,high,B2024-02046,high,single,ancillary,housing_singleton,housing_singleton_kept,22
B3_2800,061-2602-022-00,(housing-singleton),1,housing_singleton,B2024-04619,,high,B2024-04619,high,single,completion,housing_singleton,housing_singleton_kept,22
B3_2801,061-2570-025-00,(housing-singleton),1,xref/base,B2021-01501,,high,B2021-01501,high,single,ancillary,housing_singleton,housing_singleton_kept,22
B3_2802,054-1779-010-00,(housing-singleton),1,housing_singleton,B2024-01417,,high,B2024-01417,high,single,completion,housing_singleton,housing_singleton_kept,22
B3_2803,052-1556-006-00,(housing-singleton),1,housing_singleton,B2023-01911,,high,B2023-01911,high,single,ancillary,housing_singleton,housing_singleton_kept,22
B3_2804,060-2437-021-00,(housing-singleton),1,housing_singleton,B2025-03469,,high,B2025-03469,high,single,ancillary,housing_singleton,housing_singleton_kept,22
B3_2805,060-2398-013-00,(housing-singleton),1,housing_singleton,B2020-00799,,high,B2020-00799,high,single,completion,housing_singleton,housing_singleton_kept,22
B3_2807,060-2483-002-00,(housing-singleton),1,housing_singleton,B2025-05439,,high,B2025-05439,high,single,ancillary,housing_singleton,housing_singleton_kept,22
B3_2808,062-2920-011-00,(housing-singleton),1,housing_singleton,B2024-02506,,high,B2024-02506,high,single,ancillary,housing_singleton,housing_singleton_kept,22
B3_2809,061-2565-027-00,(housing-singleton),1,housing_singleton,B2025-01091,,high,B2025-01091,high,single,completion,housing_singleton,housing_singleton_kept,22
B3_2810,064-4247-013-00,(housing-singleton),1,housing_singleton,B2025-03565,,high,B2025-03565,high,single,ancillary,housing_singleton,housing_singleton_kept,22
B3_2811,060-2493-075-01,(housing-singleton),1,housing_singleton,B2025-02634,,high,B2025-02634,high,single,ancillary,housing_singleton,housing_singleton_kept,22
B3_2812,056-1988-019-00,(housing-singleton),1,housing_singleton,B2024-03010,,high,B2024-03010,high,single,ancillary,housing_singleton,housing_singleton_kept,22
B3_2813,055-1911-029-00,(housing-singleton),1,housing_singleton,B2024-02562,,high,B2024-02562,high,single,completion,housing_singleton,housing_singleton_kept,22
B3_2814,054-1717-010-00,(housing-singleton),1,housing_singleton,B2024-03483,,high,B2024-03483,high,single,completion,housing_singleton,housing_singleton_kept,22
B3_2815,060-2416-035-00,(housing-singleton),1,housing_singleton,B2024-02198,,high,B2024-02198,high,single,completion,housing_singleton,housing_singleton_kept,22
B3_2816,058-2194-011-00,(housing-singleton),1,housing_singleton,B2024-05500,,high,B2024-05500,high,single,ancillary,housing_singleton,housing_singleton_kept,22
B3_2817,058-2247-002-01,(housing-singleton),1,housing_singleton,B2022-02694,,high,B2022-02694,high,single,completion,housing_singleton,housing_singleton_kept,22
B3_2818,059-2337-004-00,(housing-singleton),1,housing_singleton,B2022-04888,,high,B2022-04888,high,single,completion,housing_singleton,housing_singleton_kept,22
B3_2819,060-2394-021-00,(housing-singleton),1,housing_singleton,B2023-04335,,high,B2023-04335,high,single,completion,housing_singleton,housing_singleton_kept,22
B3_2820,061-2584-019-00,(housing-singleton),1,housing_singleton,B2025-02333,,high,B2025-02333,high,single,ancillary,housing_singleton,housing_singleton_kept,22
B3_2821,059-2269-027-00,(housing-singleton),1,housing_singleton,B2020-03996,,high,B2020-03996,high,single,completion,housing_singleton,housing_singleton_kept,22
B3_2822,053-1699-008-00,(housing-singleton),1,housing_singleton,B2025-00405,,high,B2025-00405,high,single,ancillary,housing_singleton,housing_singleton_kept,22
B3_2823,052-1577-028-00,(housing-singleton),1,housing_singleton,B2016-02420,,high,B2016-02420,high,single,completion,housing_singleton,housing_singleton_kept,22
B3_2824,063-2959-058-00,(housing-singleton),1,housing_singleton,B2022-04418,,high,B2022-04418,high,single,ancillary,housing_singleton,housing_singleton_kept,22
B3_2825,054-1737-013-00,(housing-singleton),1,housing_singleton,B2024-04540,,high,B2024-04540,high,single,completion,housing_singleton,housing_singleton_kept,22
B3_2826,056-1919-016-00,(housing-singleton),1,housing_singleton,B2022-04081,,high,B2022-04081,high,single,ancillary,housing_singleton,housing_singleton_kept,22
B3_2827,062-2914-053-00,(housing-singleton),1,housing_singleton,B2023-00027,,high,B2023-00027,high,single,completion,housing_singleton,housing_singleton_kept,22
B3_2828,060-2400-022-00,(housing-singleton),1,housing_singleton,B2024-00513,,high,B2024-00513,high,single,completion,housing_singleton,housing_singleton_kept,22
B3_2829,061-2556-043-00,(housing-singleton),1,housing_singleton,B2025-00543,,high,B2025-00543,high,single,ancillary,housing_singleton,housing_singleton_kept,22
B3_2830,058-2145-030-00,(housing-singleton),1,housing_singleton,B2025-02820,,high,B2025-02820,high,single,completion,housing_singleton,housing_singleton_kept,22
B3_2831,061-2565-006-00,(housing-singleton),1,housing_singleton,B2025-00158,,high,B2025-00158,high,single,completion,housing_singleton,housing_singleton_kept,22
B3_2832,061-2605-011-00,(housing-singleton),1,housing_singleton,B2024-01093,,high,B2024-01093,high,single,completion,housing_singleton,housing_singleton_kept,22
B3_2833,060-2483-003-00,(housing-singleton),1,housing_singleton,B2025-01759,,high,B2025-01759,high,single,ancillary,housing_singleton,housing_singleton_kept,22
B3_2834,060-2429-035-00,(housing-singleton),1,housing_singleton,B2023-04831,,high,B2023-04831,high,single,completion,housing_singleton,housing_singleton_kept,22
B3_2835,054-1783-023-00,(housing-singleton),1,housing_singleton,B2022-04417,,high,B2022-04417,high,single,completion,housing_singleton,housing_singleton_kept,22
B3_2837,056-1926-030-00,(housing-singleton),1,housing_singleton,B2024-04052,,high,B2024-04052,high,single,completion,housing_singleton,housing_singleton_kept,22
B3_2838,056-2005-026-00,(housing-singleton),1,housing_singleton,B2024-00957,,high,B2024-00957,high,single,ancillary,housing_singleton,housing_singleton_kept,22
B3_2839,058-2118-024-00,(housing-singleton),1,housing_singleton,B2024-03021,,high,B2024-03021,high,single,ancillary,housing_singleton,housing_singleton_kept,22
B3_2840,061-2590-001-00,(housing-singleton),1,housing_singleton,B2024-04381,,high,B2024-04381,high,single,completion,housing_singleton,housing_singleton_kept,22
B3_2841,053-1610-020-00,(housing-singleton),1,housing_singleton,B2023-00837,,high,B2023-00837,high,single,ancillary,housing_singleton,housing_singleton_kept,22
B3_2842,056-1936-036-00,(housing-singleton),1,housing_singleton,B2021-05438,,high,B2021-05438,high,single,ancillary,housing_singleton,housing_singleton_kept,22
B3_2843,060-2403-026-00,(housing-singleton),1,housing_singleton,B2025-03416,,high,B2025-03416,high,single,ancillary,housing_singleton,housing_singleton_kept,22
B3_2844,058-2168-011-00,(housing-singleton),1,housing_singleton,B2018-00804,,high,B2018-00804,high,single,ancillary,housing_singleton,housing_singleton_kept,22
B3_2845,052-1571-013-00,(housing-singleton),1,housing_singleton,B2023-03127,,high,B2023-03127,high,single,completion,housing_singleton,housing_singleton_kept,22
B3_2846,059-2254-004-00,(housing-singleton),1,housing_singleton,B2024-05293,,high,B2024-05293,high,single,completion,housing_singleton,housing_singleton_kept,22
B3_2847,061-2588-025-00,(housing-singleton),1,housing_singleton,B2020-04459,,high,B2020-04459,high,single,sitework,housing_singleton,housing_singleton_kept,22
B3_2848,060-2401-006-00,(housing-singleton),1,housing_singleton,B2024-02394,,high,B2024-02394,high,single,ancillary,housing_singleton,housing_singleton_kept,22
B3_2850,057-2086-063-00,(housing-singleton),1,housing_singleton,B2024-03424,,high,B2024-03424,high,single,ancillary,housing_singleton,housing_singleton_kept,22
B3_2851,055-1853-015-00,(housing-singleton),1,housing_singleton,B2024-05444,,high,B2024-05444,high,single,ancillary,housing_singleton,housing_singleton_kept,22
B3_2852,058-2179-018-00,(housing-singleton),1,housing_singleton,B2022-04916,,high,B2022-04916,high,single,completion,housing_singleton,housing_singleton_kept,22
B3_2853,060-2492-002-03,(housing-singleton),1,housing_singleton,B2024-04764,,high,B2024-04764,high,single,completion,housing_singleton,housing_singleton_kept,22
B3_2854,063-2983-019-02,(housing-singleton),1,housing_singleton,B2025-00020,,high,B2025-00020,high,single,ancillary,housing_singleton,housing_singleton_kept,22
B3_2855,061-2574-018-00,(housing-singleton),1,housing_singleton,B2025-00688,,high,B2025-00688,high,single,ancillary,housing_singleton,housing_singleton_kept,22
B3_2856,056-1921-008-00,(housing-singleton),1,housing_singleton,B2024-02820,,high,B2024-02820,high,single,completion,housing_singleton,housing_singleton_kept,22
B3_2857,059-2334-008-01,Building 1416,1,building_label,B2020-04430,,high,B2020-04430,high,single,completion,label_singleton,labeled_singleton,22
B3_2858,062-2903-029-00,(housing-singleton),1,housing_singleton,B2024-02348,,high,B2024-02348,high,single,completion,housing_singleton,housing_singleton_kept,22
B3_2859,058-2161-014-00,(housing-singleton),1,housing_singleton,B2025-02854,,high,B2025-02854,high,single,ancillary,housing_singleton,housing_singleton_kept,22
B3_2861,059-2259-007-00,(housing-singleton),1,housing_singleton,B2025-01265,,high,B2025-01265,high,single,ancillary,housing_singleton,housing_singleton_kept,22
B3_2862,060-2402-003-00,(housing-singleton),1,housing_singleton,B2021-04660,,high,B2021-04660,high,single,completion,housing_singleton,housing_singleton_kept,22
B3_2863,055-1904-015-00,(housing-singleton),1,housing_singleton,B2022-05926,,high,B2022-05926,high,single,ancillary,housing_singleton,housing_singleton_kept,22
B3_2864,060-2409-024-00,(housing-singleton),1,housing_singleton,B2023-04616,,high,B2023-04616,high,single,completion,housing_singleton,housing_singleton_kept,22
B3_2865,053-1614-018-00,Building 11,1,building_label,B2025-02380,,high,B2025-02380,high,single,ancillary,label_singleton,labeled_singleton,22
B3_2866,059-2286-081-00,(housing-singleton),1,housing_singleton,B2022-01078,,high,B2022-01078,high,single,completion,housing_singleton,housing_singleton_kept,22
B3_2867,058-2194-004-00,(housing-singleton),1,housing_singleton,B2024-03400,,high,B2024-03400,high,single,ancillary,housing_singleton,housing_singleton_kept,22
B3_2868,060-2489-028-00,(housing-singleton),1,housing_singleton,B2025-03841,,high,B2025-03841,high,single,ancillary,housing_singleton,housing_singleton_kept,22
B3_2869,063-2963-032-00,(housing-singleton),1,housing_singleton,B2021-03618,,high,B2021-03618,high,single,completion,housing_singleton,housing_singleton_kept,22
B3_2870,058-2169-020-00,(housing-singleton),1,housing_singleton,B2023-03071,,high,B2023-03071,high,single,ancillary,housing_singleton,housing_singleton_kept,22
B3_2871,062-2922-032-00,(housing-singleton),1,housing_singleton,B2018-03583,,high,B2018-03583,high,single,completion,housing_singleton,housing_singleton_kept,22
B3_2872,052-1516-001-00,(housing-singleton),1,housing_singleton,B2022-03173,,high,B2022-03173,high,single,ancillary,housing_singleton,housing_singleton_kept,22
B3_2873,052-1573-021-00,(housing-singleton),1,housing_singleton,B2024-05681,,high,B2024-05681,high,single,ancillary,housing_singleton,housing_singleton_kept,22
B3_2874,058-2195-024-00,(housing-singleton),1,housing_singleton,B2024-03995,,high,B2024-03995,high,single,completion,housing_singleton,housing_singleton_kept,22
B3_2875,063-2963-061-00,(housing-singleton),1,housing_singleton,B2024-03923,,high,B2024-03923,high,single,completion,housing_singleton,housing_singleton_kept,22
B3_2876,062-2869-033-00,(housing-singleton),1,housing_singleton,B2018-03598,,high,B2018-03598,high,single,completion,housing_singleton,housing_singleton_kept,22
B3_2877,060-2453-033-00,(housing-singleton),1,housing_singleton,B2025-05135,,high,B2025-05135,high,single,ancillary,housing_singleton,housing_singleton_kept,22
B3_2878,056-1919-028-00,(housing-singleton),1,housing_singleton,B2021-01081,,high,B2021-01081,high,single,sitework,housing_singleton,housing_singleton_kept,22
B3_2879,055-1821-011-00,(housing-singleton),1,housing_singleton,B2022-04155,,high,B2022-04155,high,single,completion,housing_singleton,housing_singleton_kept,22
B3_2880,055-1853-015-00,(housing-singleton),1,housing_singleton,B2025-03171,,high,B2025-03171,high,single,completion,housing_singleton,housing_singleton_kept,22
B3_2881,060-2423-052-00,(housing-singleton),1,housing_singleton,B2024-04246,,high,B2024-04246,high,single,ancillary,housing_singleton,housing_singleton_kept,22
B3_2882,056-1971-009-00,(housing-singleton),1,housing_singleton,B2022-02350,,high,B2022-02350,high,single,completion,housing_singleton,housing_singleton_kept,22
B3_2883,058-2195-041-00,(housing-singleton),1,housing_singleton,B2022-02814,,high,B2022-02814,high,single,completion,housing_singleton,housing_singleton_kept,22
B3_2884,055-1845-010-00,(housing-singleton),1,housing_singleton,B2024-05766,,high,B2024-05766,high,single,ancillary,housing_singleton,housing_singleton_kept,22
B3_2885,059-2325-004-00,(housing-singleton),1,housing_singleton,B2021-05043,,high,B2021-05043,high,single,completion,housing_singleton,housing_singleton_kept,22
B3_2886,060-2436-007-00,(housing-singleton),1,housing_singleton,B2020-01359,,high,B2020-01359,high,single,completion,housing_singleton,housing_singleton_kept,22
B3_2887,063-2963-038-00,(housing-singleton),1,housing_singleton,B2025-00176,,high,B2025-00176,high,single,completion,housing_singleton,housing_singleton_kept,22
B3_2888,059-2286-135-00,(housing-singleton),1,housing_singleton,B2020-01791,,high,B2020-01791,high,single,completion,housing_singleton,housing_singleton_kept,22
B3_2889,054-1785-022-00,(housing-singleton),1,housing_singleton,B2017-03353,,high,B2017-03353,high,single,completion,housing_singleton,housing_singleton_kept,22
B3_2890,060-2446-024-00,(housing-singleton),1,housing_singleton,B2020-04438,,high,B2020-04438,high,single,completion,housing_singleton,housing_singleton_kept,22
B3_2891,058-2242-075-09,(housing-singleton),1,housing_singleton,B2017-01002,,high,B2017-01002,high,single,completion,housing_singleton,housing_singleton_kept,22
B3_2892,062-2872-016-00,(housing-singleton),1,housing_singleton,B2019-05458,,high,B2019-05458,high,single,completion,housing_singleton,housing_singleton_kept,22
B3_2893,060-2451-014-00,(housing-singleton),1,housing_singleton,B2022-03410,,high,B2022-03410,high,single,completion,housing_singleton,housing_singleton_kept,22
B3_2894,054-1744-004-00,(housing-singleton),1,housing_singleton,B2022-05546,,high,B2022-05546,high,single,completion,housing_singleton,housing_singleton_kept,22
B3_2895,053-1685-003-00,(housing-singleton),1,housing_singleton,B2024-01885,,high,B2024-01885,high,single,completion,housing_singleton,housing_singleton_kept,22
B3_2896,054-1792-024-00,(housing-singleton),1,housing_singleton,B2023-06010,,high,B2023-06010,high,single,completion,housing_singleton,housing_singleton_kept,22
B3_2897,058-2129-002-00,(housing-singleton),1,housing_singleton,B2021-02937,,high,B2021-02937,high,single,completion,housing_singleton,housing_singleton_kept,22
B3_2898,054-1710-020-00,(housing-singleton),1,housing_singleton,B2024-02413,,high,B2024-02413,high,single,ancillary,housing_singleton,housing_singleton_kept,22
B3_2901,060-2494-009-00,(housing-singleton),1,housing_singleton,B2023-00322,,high,B2023-00322,high,single,completion,housing_singleton,housing_singleton_kept,22
B3_2902,054-1740-027-00,(housing-singleton),1,housing_singleton,B2024-04342,,high,B2024-04342,high,single,completion,housing_singleton,housing_singleton_kept,22
B3_2903,053-1627-018-00,(housing-singleton),1,housing_singleton,B2022-02837,,high,B2022-02837,high,single,completion,housing_singleton,housing_singleton_kept,22
B3_2904,060-2455-102-00,(housing-singleton),1,housing_singleton,B2025-04898,,high,B2025-04898,high,single,ancillary,housing_singleton,housing_singleton_kept,22
B3_2905,059-2284-039-00,(housing-singleton),1,housing_singleton,B2022-03313,,high,B2022-03313,high,single,completion,housing_singleton,housing_singleton_kept,22
B3_2906,052-1516-024-00,Building 2,1,building_label,B2018-01347,1.0,high,B2018-01347,high,single,completion,label_singleton,labeled_singleton,22
B3_2907,061-2558-010-00,(housing-singleton),1,housing_singleton,B2025-01930,,high,B2025-01930,high,single,sitework,housing_singleton,housing_singleton_kept,22
B3_2908,060-2493-009-00,(housing-singleton),1,housing_singleton,B2025-03822,,high,B2025-03822,high,single,completion,housing_singleton,housing_singleton_kept,22
B3_2909,057-2022-020-00,(housing-singleton),1,housing_singleton,B2023-05527,,high,B2023-05527,high,single,completion,housing_singleton,housing_singleton_kept,22
B3_2910,056-2008-009-00,(housing-singleton),1,housing_singleton,B2024-03341,,high,B2024-03341,high,single,completion,housing_singleton,housing_singleton_kept,22
B3_2912,060-2493-016-02,(housing-singleton),1,housing_singleton,B2024-01613,,high,B2024-01613,high,single,ancillary,housing_singleton,housing_singleton_kept,22
B3_2913,063-3140-002-04,(housing-singleton),1,housing_singleton,B2021-02226,,high,B2021-02226,high,single,completion,housing_singleton,housing_singleton_kept,22
B3_2914,063-2971-054-00,(housing-singleton),1,housing_singleton,B2022-00125,,high,B2022-00125,high,single,completion,housing_singleton,housing_singleton_kept,22
B3_2915,053-1671-018-00,(housing-singleton),1,housing_singleton,B2023-00416,,high,B2023-00416,high,single,completion,housing_singleton,housing_singleton_kept,22
B3_2916,053-1586-021-00,(housing-singleton),1,housing_singleton,B2024-01421,,high,B2024-01421,high,single,completion,housing_singleton,housing_singleton_kept,22
B3_2917,058-2182-002-00,(housing-singleton),1,housing_singleton,B2024-04823,,high,B2024-04823,high,single,ancillary,housing_singleton,housing_singleton_kept,22
B3_2918,062-2849-009-00,(housing-singleton),1,housing_singleton,B2024-04894,,high,B2024-04894,high,single,completion,housing_singleton,housing_singleton_kept,22
B3_2919,064-4251-019-00,(housing-singleton),1,housing_singleton,B2025-01096,,high,B2025-01096,high,single,completion,housing_singleton,housing_singleton_kept,22
B3_2920,053-1671-030-00,(housing-singleton),1,housing_singleton,B2024-06034,,high,B2024-06034,high,single,completion,housing_singleton,housing_singleton_kept,22
B3_2921,054-1740-020-00,(housing-singleton),1,housing_singleton,B2022-05856,,high,B2022-05856,high,single,completion,housing_singleton,housing_singleton_kept,22
B3_2922,056-1972-040-00,(housing-singleton),1,housing_singleton,B2023-03155,,high,B2023-03155,high,single,ancillary,housing_singleton,housing_singleton_kept,22
B3_2923,060-2485-014-01,(housing-singleton),1,housing_singleton,B2025-03372,,high,B2025-03372,high,single,completion,housing_singleton,housing_singleton_kept,22
B3_2924,056-1974-002-00,(housing-singleton),1,housing_singleton,B2017-00432,,high,B2017-00432,high,single,completion,housing_singleton,housing_singleton_kept,22
B3_2925,056-1916-010-00,(housing-singleton),1,housing_singleton,B2024-04571,,high,B2024-04571,high,single,ancillary,housing_singleton,housing_singleton_kept,22
B3_2926,053-1680-005-00,(housing-singleton),1,housing_singleton,B2024-05149,,high,B2024-05149,high,single,completion,housing_singleton,housing_singleton_kept,22
B3_2927,061-2556-001-00,(housing-singleton),1,housing_singleton,B2024-02941,,high,B2024-02941,high,single,completion,housing_singleton,housing_singleton_kept,22
B3_2928,060-2416-061-00,(housing-singleton),1,housing_singleton,B2025-01246,,high,B2025-01246,high,single,completion,housing_singleton,housing_singleton_kept,22
B3_2929,052-1516-024-00,Building 1,1,building_label,B2018-01346,1.0,high,B2018-01346,high,single,completion,label_singleton,labeled_singleton,22
B3_2930,055-1837-003-00,Building 25,1,building_label,B2017-01850,,high,B2017-01850,high,single,sitework,label_singleton,labeled_singleton,22
B3_2931,053-1688-015-00,(housing-singleton),1,housing_singleton,B2022-03805,,high,B2022-03805,high,single,completion,housing_singleton,housing_singleton_kept,22
B3_2932,052-1563-104-00,(housing-singleton),1,housing_singleton,B2023-05730,,high,B2023-05730,high,single,completion,housing_singleton,housing_singleton_kept,22
B3_2933,062-2907-009-00,(housing-singleton),1,housing_singleton,B2023-02950,,high,B2023-02950,high,single,ancillary,housing_singleton,housing_singleton_kept,22
B3_2934,063-2972-061-00,(housing-singleton),1,housing_singleton,B2022-03394,,high,B2022-03394,high,single,completion,housing_singleton,housing_singleton_kept,22
B3_2935,061-2564-007-00,(housing-singleton),1,housing_singleton,B2024-02221,,high,B2024-02221,high,single,completion,housing_singleton,housing_singleton_kept,22
B3_2936,060-2479-014-00,(housing-singleton),1,housing_singleton,B2025-02229,,high,B2025-02229,high,single,ancillary,housing_singleton,housing_singleton_kept,22
B3_2937,060-2445-038-00,(housing-singleton),1,housing_singleton,B2022-04000,,high,B2022-04000,high,single,ancillary,housing_singleton,housing_singleton_kept,22
B3_2938,059-2286-140-00,(housing-singleton),1,housing_singleton,B2022-05393,,high,B2022-05393,high,single,ancillary,housing_singleton,housing_singleton_kept,22
B3_2939,060-2482-042-00,(housing-singleton),1,housing_singleton,B2024-03987,,high,B2024-03987,high,single,ancillary,housing_singleton,housing_singleton_kept,22
B3_2940,059-2278-022-00,(housing-singleton),1,housing_singleton,B2025-01043,,high,B2025-01043,high,single,ancillary,housing_singleton,housing_singleton_kept,22
B3_2941,063-2974-024-00,(housing-singleton),1,housing_singleton,B2025-01481,,high,B2025-01481,high,single,ancillary,housing_singleton,housing_singleton_kept,22
B3_2942,056-1985-028-00,(housing-singleton),1,housing_singleton,B2024-04856,,high,B2024-04856,high,single,completion,housing_singleton,housing_singleton_kept,22
B3_2943,057-2049-005-00,(housing-singleton),1,housing_singleton,B2018-02647,,high,B2018-02647,high,single,completion,housing_singleton,housing_singleton_kept,22
B3_2944,054-1740-006-00,(housing-singleton),1,housing_singleton,B2017-02460,,high,B2017-02460,high,single,completion,housing_singleton,housing_singleton_kept,22
B3_2945,058-2145-015-00,(housing-singleton),1,housing_singleton,B2023-00248,,high,B2023-00248,high,single,completion,housing_singleton,housing_singleton_kept,22
B3_2946,059-2290-021-00,(housing-singleton),1,housing_singleton,B2025-01201,,high,B2025-01201,high,single,completion,housing_singleton,housing_singleton_kept,22
B3_2947,058-2176-006-00,(housing-singleton),1,housing_singleton,B2025-05795,,high,B2025-05795,high,single,completion,housing_singleton,housing_singleton_kept,22
B3_2948,053-1669-026-00,(housing-singleton),1,housing_singleton,B2023-03761,1.0,high,B2023-03761,high,single,completion,housing_singleton,housing_singleton_kept,22
B3_2950,056-1984-009-00,(housing-singleton),1,housing_singleton,B2023-01389,,high,B2023-01389,high,single,completion,housing_singleton,housing_singleton_kept,22
B3_2951,060-2408-016-00,(housing-singleton),1,housing_singleton,B2025-00250,,high,B2025-00250,high,single,completion,housing_singleton,housing_singleton_kept,22
B3_2952,059-2250-023-00,(housing-singleton),1,housing_singleton,B2022-01994,,high,B2022-01994,high,single,ancillary,housing_singleton,housing_singleton_kept,22
B3_2953,052-1545-029-00,(housing-singleton),1,housing_singleton,B2025-03021,,high,B2025-03021,high,single,completion,housing_singleton,housing_singleton_kept,22
B3_2954,058-2186-011-00,(housing-singleton),1,housing_singleton,B2024-01215,,high,B2024-01215,high,single,completion,housing_singleton,housing_singleton_kept,22
B3_2955,058-2196-022-00,(housing-singleton),1,housing_singleton,B2024-03725,,high,B2024-03725,high,single,ancillary,housing_singleton,housing_singleton_kept,22
B3_2956,062-2860-009-00,(housing-singleton),1,housing_singleton,B2022-05851,,high,B2022-05851,high,single,ancillary,housing_singleton,housing_singleton_kept,22
B3_2957,054-1702-098-00,(housing-singleton),1,housing_singleton,B2023-02198,,high,B2023-02198,high,single,completion,housing_singleton,housing_singleton_kept,22
B3_2958,055-1896-015-00,(housing-singleton),1,housing_singleton,B2024-05201,,high,B2024-05201,high,single,completion,housing_singleton,housing_singleton_kept,22
B3_2959,060-2450-009-00,(housing-singleton),1,housing_singleton,B2025-00692,,high,B2025-00692,high,single,ancillary,housing_singleton,housing_singleton_kept,22
B3_2960,058-2145-040-00,(housing-singleton),1,housing_singleton,B2025-00331,,high,B2025-00331,high,single,completion,housing_singleton,housing_singleton_kept,22
B3_2961,060-2492-027-00,(housing-singleton),1,housing_singleton,B2024-01713,,high,B2024-01713,high,single,ancillary,housing_singleton,housing_singleton_kept,22
B3_2963,053-1624-002-00,(housing-singleton),1,xref/base,B2020-00137,,high,B2020-00137,high,single,completion,housing_singleton,housing_singleton_kept,22
B3_2964,061-2603-026-00,(housing-singleton),1,housing_singleton,B2024-00016,,high,B2024-00016,high,single,completion,housing_singleton,housing_singleton_kept,22
B3_2965,061-2605-021-00,(housing-singleton),1,housing_singleton,B2024-05044,,high,B2024-05044,high,single,completion,housing_singleton,housing_singleton_kept,22
B3_2966,057-2078-004-00,(housing-singleton),1,housing_singleton,B2025-01777,,high,B2025-01777,high,single,ancillary,housing_singleton,housing_singleton_kept,22
B3_2967,052-1581-004-00,(housing-singleton),1,housing_singleton,B2025-03689,,high,B2025-03689,high,single,completion,housing_singleton,housing_singleton_kept,22
B3_2968,061-2598-025-00,(housing-singleton),1,housing_singleton,B2022-02554,,high,B2022-02554,high,single,sitework,housing_singleton,housing_singleton_kept,22
B3_2969,056-1919-006-00,(housing-singleton),1,housing_singleton,B2020-03458,,high,B2020-03458,high,single,completion,housing_singleton,housing_singleton_kept,22
B3_2970,060-2465-008-01,(housing-singleton),1,housing_singleton,B2023-02899,,high,B2023-02899,high,single,ancillary,housing_singleton,housing_singleton_kept,22
B3_2971,058-2191-012-01,(housing-singleton),1,housing_singleton,B2024-04187,,high,B2024-04187,high,single,ancillary,housing_singleton,housing_singleton_kept,22
B3_2972,064-4234-005-00,(housing-singleton),1,housing_singleton,B2022-05971,,high,B2022-05971,high,single,completion,housing_singleton,housing_singleton_kept,22
B3_2974,060-2462-009-01,(housing-singleton),1,housing_singleton,B2024-00483,,high,B2024-00483,high,single,ancillary,housing_singleton,housing_singleton_kept,22
B3_2975,055-1844-027-00,(housing-singleton),1,housing_singleton,B2023-04522,,high,B2023-04522,high,single,ancillary,housing_singleton,housing_singleton_kept,22
B3_2976,064-4295-043-00,(housing-singleton),1,housing_singleton,B2024-02823,,high,B2024-02823,high,single,sitework,housing_singleton,housing_singleton_kept,22
B3_2977,054-1742-071-00,(housing-singleton),1,housing_singleton,B2024-04863,,high,B2024-04863,high,single,ancillary,housing_singleton,housing_singleton_kept,22
B3_2978,057-2024-013-00,(housing-singleton),1,housing_singleton,B2021-03950,72.0,high,B2021-03950,high,single,completion,housing_singleton,housing_singleton_kept,22
B3_2979,055-1908-002-00,(housing-singleton),1,housing_singleton,B2024-03887,,high,B2024-03887,high,single,completion,housing_singleton,housing_singleton_kept,22
B3_2980,060-2482-038-00,(housing-singleton),1,housing_singleton,B2022-04475,,high,B2022-04475,high,single,ancillary,housing_singleton,housing_singleton_kept,22
B3_2981,057-2068-037-00,(housing-singleton),1,housing_singleton,B2024-06039,,high,B2024-06039,high,single,ancillary,housing_singleton,housing_singleton_kept,22
B3_2982,059-2288-006-00,(housing-singleton),1,housing_singleton,B2021-02335,,high,B2021-02335,high,single,ancillary,housing_singleton,housing_singleton_kept,22
B3_2983,062-2944-026-00,(housing-singleton),1,housing_singleton,B2023-01434,,high,B2023-01434,high,single,ancillary,housing_singleton,housing_singleton_kept,22
B3_2984,059-2255-019-00,(housing-singleton),1,housing_singleton,B2024-00975,,high,B2024-00975,high,single,completion,housing_singleton,housing_singleton_kept,22
B3_2985,052-1518-001-00,(housing-singleton),1,housing_singleton,B2025-02659,,high,B2025-02659,high,single,completion,housing_singleton,housing_singleton_kept,22
B3_2986,061-2587-010-03,(housing-singleton),1,housing_singleton,B2023-04962,,high,B2023-04962,high,single,completion,housing_singleton,housing_singleton_kept,22
B3_2987,059-2249-023-01,(housing-singleton),1,housing_singleton,B2018-05114,,high,B2018-05114,high,single,completion,housing_singleton,housing_singleton_kept,22
B3_2988,062-2888-026-00,(housing-singleton),1,housing_singleton,B2024-00598,,high,B2024-00598,high,single,completion,housing_singleton,housing_singleton_kept,22
B3_2990,054-1807-028-00,(housing-singleton),1,housing_singleton,B2022-03023,,high,B2022-03023,high,single,ancillary,housing_singleton,housing_singleton_kept,22
B3_2991,054-1719-009-00,(housing-singleton),1,housing_singleton,B2018-03289,,high,B2018-03289,high,single,completion,housing_singleton,housing_singleton_kept,22
B3_2992,48H-7663-038-00,(housing-singleton),1,housing_singleton,B2023-04283,,high,B2023-04283,high,single,completion,housing_singleton,housing_singleton_kept,22
B3_2993,055-1820-024-00,(housing-singleton),1,housing_singleton,B2024-02275,,high,B2024-02275,high,single,completion,housing_singleton,housing_singleton_kept,22
B3_2994,064-4245-014-00,(housing-singleton),1,housing_singleton,B2024-05095,,high,B2024-05095,high,single,completion,housing_singleton,housing_singleton_kept,22
B3_2995,053-1663-003-00,(housing-singleton),1,housing_singleton,B2016-04519,,high,B2016-04519,high,single,completion,housing_singleton,housing_singleton_kept,22
B3_2996,058-2136-019-01,Building A,1,building_label,B2022-05137,,high,B2022-05137,high,single,completion,label_singleton,labeled_singleton,22
B3_2998,052-1559-006-00,(housing-singleton),1,housing_singleton,B2019-05629,,high,B2019-05629,high,single,completion,housing_singleton,housing_singleton_kept,22
B3_2999,055-1909-006-02,(housing-singleton),1,housing_singleton,B2022-03149,,high,B2022-03149,high,single,completion,housing_singleton,housing_singleton_kept,22
B3_3000,061-2557-001-00,(housing-singleton),1,housing_singleton,B2024-00132,,high,B2024-00132,high,single,completion,housing_singleton,housing_singleton_kept,22
B3_3001,055-1835-009-01,(housing-singleton),1,housing_singleton,B2021-02225,45.0,high,B2021-02225,high,single,completion,housing_singleton,housing_singleton_kept,22
B3_3003,056-1928-001-00,(housing-singleton),1,housing_singleton,B2024-00143,,high,B2024-00143,high,single,completion,housing_singleton,housing_singleton_kept,22
B3_3004,054-1800-011-00,(housing-singleton),1,housing_singleton,B2016-03120,,high,B2016-03120,high,single,completion,housing_singleton,housing_singleton_kept,22
B3_3005,061-2616-026-00,(housing-singleton),1,housing_singleton,B2023-04410,,high,B2023-04410,high,single,completion,housing_singleton,housing_singleton_kept,22
B3_3006,055-1825-024-01,(housing-singleton),1,housing_singleton,B2024-06030,,high,B2024-06030,high,single,ancillary,housing_singleton,housing_singleton_kept,22
B3_3007,062-2871-023-00,(housing-singleton),1,housing_singleton,B2024-02580,,high,B2024-02580,high,single,completion,housing_singleton,housing_singleton_kept,22
B3_3008,061-2618-032-00,(housing-singleton),1,housing_singleton,B2025-05565,,high,B2025-05565,high,single,ancillary,housing_singleton,housing_singleton_kept,22
B3_3009,060-2490-024-00,(housing-singleton),1,housing_singleton,B2025-03856,,high,B2025-03856,high,single,ancillary,housing_singleton,housing_singleton_kept,22
B3_3011,059-2336-002-00,(housing-singleton),1,housing_singleton,B2023-03907,,high,B2023-03907,high,single,completion,housing_singleton,housing_singleton_kept,22
B3_3012,052-1527-024-00,(housing-singleton),1,housing_singleton,B2024-05521,,high,B2024-05521,high,single,completion,housing_singleton,housing_singleton_kept,22
B3_3013,061-2618-021-03,(housing-singleton),1,housing_singleton,B2018-04302,,high,B2018-04302,high,single,completion,housing_singleton,housing_singleton_kept,22
B3_3014,060-2469-041-00,(housing-singleton),1,housing_singleton,B2024-03721,,high,B2024-03721,high,single,completion,housing_singleton,housing_singleton_kept,22
B3_3015,056-1945-007-04,Building C,1,building_label,B2019-02824,4.0,high,B2019-02824,high,single,completion,label_singleton,labeled_singleton,22
B3_3016,058-2181-030-00,(housing-singleton),1,housing_singleton,B2018-01295,,high,B2018-01295,high,single,completion,housing_singleton,housing_singleton_kept,22
B3_3017,054-1733-007-00,(housing-singleton),1,housing_singleton,B2020-00475,,high,B2020-00475,high,single,completion,housing_singleton,housing_singleton_kept,22
B3_3018,059-2332-017-00,(housing-singleton),1,housing_singleton,B2020-03820,,high,B2020-03820,high,single,completion,housing_singleton,housing_singleton_kept,22
B3_3019,060-2481-004-00,(housing-singleton),1,housing_singleton,B2022-03238,,high,B2022-03238,high,single,completion,housing_singleton,housing_singleton_kept,22
B3_3020,060-2489-038-01,(housing-singleton),1,housing_singleton,B2023-01721,,high,B2023-01721,high,single,completion,housing_singleton,housing_singleton_kept,22
B3_3021,060-2492-026-00,(housing-singleton),1,housing_singleton,B2024-01731,,high,B2024-01731,high,single,ancillary,housing_singleton,housing_singleton_kept,22
B3_3022,057-2076-026-00,(housing-singleton),1,housing_singleton,B2024-06061,,high,B2024-06061,high,single,completion,housing_singleton,housing_singleton_kept,22
B3_3023,054-1805-021-00,(housing-singleton),1,housing_singleton,B2024-00785,,high,B2024-00785,high,single,completion,housing_singleton,housing_singleton_kept,22
B3_3024,058-2123-022-00,(housing-singleton),1,housing_singleton,B2024-03379,,high,B2024-03379,high,single,completion,housing_singleton,housing_singleton_kept,22
B3_3025,055-1841-002-00,(housing-singleton),1,housing_singleton,B2024-03669,,high,B2024-03669,high,single,completion,housing_singleton,housing_singleton_kept,22
B3_3026,059-2315-027-00,(housing-singleton),1,housing_singleton,B2019-00047,,high,B2019-00047,high,single,completion,housing_singleton,housing_singleton_kept,22
B3_3027,061-2560-012-00,(housing-singleton),1,housing_singleton,B2017-01688,,high,B2017-01688,high,single,completion,housing_singleton,housing_singleton_kept,22
B3_3028,060-2494-015-00,(housing-singleton),1,housing_singleton,B2023-04287,,high,B2023-04287,high,single,sitework,housing_singleton,housing_singleton_kept,22
B3_3029,063-2972-005-00,(housing-singleton),1,housing_singleton,B2025-04857,,high,B2025-04857,high,single,completion,housing_singleton,housing_singleton_kept,22
B3_3030,053-1608-036-00,(housing-singleton),1,housing_singleton,B2016-01156,,high,B2016-01156,high,single,completion,housing_singleton,housing_singleton_kept,22
B3_3031,056-2003-033-00,(housing-singleton),1,housing_singleton,B2022-04100,,high,B2022-04100,high,single,completion,housing_singleton,housing_singleton_kept,22
B3_3032,058-2126-008-00,(housing-singleton),1,housing_singleton,B2022-04294,,high,B2022-04294,high,single,completion,housing_singleton,housing_singleton_kept,22
B3_3033,053-1602-030-00,(housing-singleton),1,housing_singleton,B2025-05545,,high,B2025-05545,high,single,completion,housing_singleton,housing_singleton_kept,22
B3_3034,063-2976-021-00,(housing-singleton),1,housing_singleton,B2022-03168,,high,B2022-03168,high,single,completion,housing_singleton,housing_singleton_kept,22
B3_3035,055-1832-090-00,(housing-singleton),1,housing_singleton,B2023-02036,,high,B2023-02036,high,single,completion,housing_singleton,housing_singleton_kept,22
B3_3036,056-1998-047-00,(housing-singleton),1,housing_singleton,B2022-05560,,high,B2022-05560,high,single,completion,housing_singleton,housing_singleton_kept,22
B3_3037,057-2015-014-00,(housing-singleton),1,housing_singleton,B2019-01643,,high,B2019-01643,high,single,completion,housing_singleton,housing_singleton_kept,22
B3_3038,055-1905-015-00,(housing-singleton),1,housing_singleton,B2025-05449,,high,B2025-05449,high,single,ancillary,housing_singleton,housing_singleton_kept,22
B3_3039,057-2032-010-00,(housing-singleton),1,housing_singleton,B2023-05139,,high,B2023-05139,high,single,ancillary,housing_singleton,housing_singleton_kept,22
B3_3040,060-2423-018-00,(housing-singleton),1,housing_singleton,B2022-04832,,high,B2022-04832,high,single,ancillary,housing_singleton,housing_singleton_kept,22
B3_3041,060-2490-006-01,(housing-singleton),1,housing_singleton,B2025-05281,,high,B2025-05281,high,single,ancillary,housing_singleton,housing_singleton_kept,22
B3_3042,052-1579-014-00,(housing-singleton),1,housing_singleton,B2021-02411,,high,B2021-02411,high,single,completion,housing_singleton,housing_singleton_kept,22
B3_3043,052-1516-023-00,(housing-singleton),1,housing_singleton,B2024-03525,,high,B2024-03525,high,single,completion,housing_singleton,housing_singleton_kept,22
B3_3044,060-2429-018-00,(housing-singleton),1,housing_singleton,B2018-04710,,high,B2018-04710,high,single,completion,housing_singleton,housing_singleton_kept,22
B3_3047,061-2611-013-00,(housing-singleton),1,housing_singleton,B2023-05794,,high,B2023-05794,high,single,completion,housing_singleton,housing_singleton_kept,22
B3_3048,061-2578-025-00,(housing-singleton),1,housing_singleton,B2024-02714,,high,B2024-02714,high,single,completion,housing_singleton,housing_singleton_kept,22
B3_3049,054-1780-011-00,(housing-singleton),1,housing_singleton,B2023-02801,,high,B2023-02801,high,single,completion,housing_singleton,housing_singleton_kept,22
B3_3050,057-2117-004-01,Building B,1,building_label,B2024-06099,,high,B2024-06099,high,single,completion,label_singleton,labeled_singleton,22
B3_3051,059-2327-004-00,(housing-singleton),1,housing_singleton,B2023-01887,,high,B2023-01887,high,single,completion,housing_singleton,housing_singleton_kept,22
B3_3052,060-2465-020-00,(housing-singleton),1,housing_singleton,B2018-03242,,high,B2018-03242,high,single,completion,housing_singleton,housing_singleton_kept,22
B3_3053,063-2964-044-00,(housing-singleton),1,housing_singleton,B2020-00368,,high,B2020-00368,high,single,completion,housing_singleton,housing_singleton_kept,22
B3_3054,061-2571-022-00,(housing-singleton),1,housing_singleton,B2023-03030,,high,B2023-03030,high,single,ancillary,housing_singleton,housing_singleton_kept,22
B3_3055,058-2170-025-00,(housing-singleton),1,housing_singleton,B2025-03788,,high,B2025-03788,high,single,completion,housing_singleton,housing_singleton_kept,22
B3_3056,056-1993-001-00,(housing-singleton),1,housing_singleton,B2024-05921,,high,B2024-05921,high,single,completion,housing_singleton,housing_singleton_kept,22
B3_3057,059-2315-014-00,(housing-singleton),1,housing_singleton,B2025-02361,1.0,high,B2025-02361,high,single,completion,housing_singleton,housing_singleton_kept,22
B3_3058,054-1788-015-00,(housing-singleton),1,housing_singleton,B2025-02328,,high,B2025-02328,high,single,ancillary,housing_singleton,housing_singleton_kept,22
B3_3059,055-1848-005-00,(housing-singleton),1,housing_singleton,B2022-06012,,high,B2022-06012,high,single,sitework,housing_singleton,housing_singleton_kept,22
B3_3060,061-2612-008-00,(housing-singleton),1,housing_singleton,B2023-03347,,high,B2023-03347,high,single,completion,housing_singleton,housing_singleton_kept,22
B3_3061,057-2046-008-03,Building A,1,building_label,B2015-02995-DEF07,,high,B2015-02995-DEF07,high,single,revision,multi,revision_family,22
B3_3062,057-2046-008-03,Building D,1,building_label,B2015-02995-DEF05,,high,B2015-02995-DEF05,high,single,revision,multi,revision_family,22
B3_3064,056-1988-014-00,(housing-singleton),1,housing_singleton,B2025-02578,,high,B2025-02578,high,single,ancillary,housing_singleton,housing_singleton_kept,22
B3_3065,053-1673-024-00,(housing-singleton),1,housing_singleton,B2023-06286,,high,B2023-06286,high,single,ancillary,housing_singleton,housing_singleton_kept,22
B3_3066,062-2897-001-00,(housing-singleton),1,housing_singleton,B2025-00904,,high,B2025-00904,high,single,completion,housing_singleton,housing_singleton_kept,22
B3_3067,055-1878-022-00,Building W,1,building_label,B2022-05880,28.0,high,B2022-05880,high,single,completion,label_singleton,labeled_singleton,22
B3_3068,052-1518-007-00,(housing-singleton),1,housing_singleton,B2022-03449,,high,B2022-03449,high,single,completion,housing_singleton,housing_singleton_kept,22
B3_3069,053-1624-006-00,(housing-singleton),1,housing_singleton,B2019-05560,,high,B2019-05560,high,single,completion,housing_singleton,housing_singleton_kept,22
B3_3070,060-2449-014-00,Building 1913,1,building_label,B2020-00516,,high,B2020-00516,high,single,completion,label_singleton,labeled_singleton,22
B3_3071,059-2312-005-00,(housing-singleton),1,housing_singleton,B2022-00434,,high,B2022-00434,high,single,ancillary,housing_singleton,housing_singleton_kept,22
B3_3072,053-1607-027-00,(housing-singleton),1,housing_singleton,B2023-02508,,high,B2023-02508,high,single,completion,housing_singleton,housing_singleton_kept,22
B3_3073,055-1880-011-00,(housing-singleton),1,housing_singleton,B2024-05559,,high,B2024-05559,high,single,completion,housing_singleton,housing_singleton_kept,22
B3_3074,052-1523-014-00,(housing-singleton),1,housing_singleton,B2025-01609,,high,B2025-01609,high,single,ancillary,housing_singleton,housing_singleton_kept,22
B3_3075,057-2014-004-00,(housing-singleton),1,housing_singleton,B2024-02277,,high,B2024-02277,high,single,ancillary,housing_singleton,housing_singleton_kept,22
B3_3076,060-2399-008-00,(housing-singleton),1,housing_singleton,B2022-03123,,high,B2022-03123,high,single,ancillary,housing_singleton,housing_singleton_kept,22
B3_3077,055-1906-006-00,(housing-singleton),1,housing_singleton,B2023-05349,,high,B2023-05349,high,single,ancillary,housing_singleton,housing_singleton_kept,22
B3_3078,052-1559-013-00,(housing-singleton),1,housing_singleton,B2025-01813,,high,B2025-01813,high,single,completion,housing_singleton,housing_singleton_kept,22
B3_3079,060-2411-015-04,(housing-singleton),1,housing_singleton,B2017-01021,,high,B2017-01021,high,single,ancillary,housing_singleton,housing_singleton_kept,22
B3_3080,052-1576-006-00,(housing-singleton),1,housing_singleton,B2022-02285,,high,B2022-02285,high,single,ancillary,housing_singleton,housing_singleton_kept,22
B3_3081,054-1730-038-00,(housing-singleton),1,housing_singleton,B2022-06056,,high,B2022-06056,high,single,completion,housing_singleton,housing_singleton_kept,22
B3_3082,060-2398-005-00,(housing-singleton),1,housing_singleton,B2024-02950,,high,B2024-02950,high,single,completion,housing_singleton,housing_singleton_kept,22
B3_3083,053-1680-032-00,(housing-singleton),1,housing_singleton,B2025-04701,,high,B2025-04701,high,single,ancillary,housing_singleton,housing_singleton_kept,22
B3_3086,060-2446-018-00,(housing-singleton),1,housing_singleton,B2025-01326,,high,B2025-01326,high,single,completion,housing_singleton,housing_singleton_kept,22
B3_3087,061-2605-022-00,(housing-singleton),1,housing_singleton,B2017-05061,,high,B2017-05061,high,single,completion,housing_singleton,housing_singleton_kept,22
B3_3088,056-1916-007-00,(housing-singleton),1,housing_singleton,B2022-04120,,high,B2022-04120,high,single,completion,housing_singleton,housing_singleton_kept,22
B3_3090,063-2987-048-00,(housing-singleton),1,housing_singleton,B2021-04373,,high,B2021-04373,high,single,completion,housing_singleton,housing_singleton_kept,22
B3_3091,055-1838-026-00,(housing-singleton),1,housing_singleton,B2024-04583,,high,B2024-04583,high,single,ancillary,housing_singleton,housing_singleton_kept,22
B3_3092,055-1884-013-00,(housing-singleton),1,housing_singleton,B2022-03255,,high,B2022-03255,high,single,completion,housing_singleton,housing_singleton_kept,22
B3_3094,057-2060-008-00,(housing-singleton),1,housing_singleton,B2023-00762,,high,B2023-00762,high,single,completion,housing_singleton,housing_singleton_kept,22
B3_3095,056-2007-008-01,(housing-singleton),1,xref/base,B2020-03053,,high,B2020-03053,high,single,ancillary,housing_singleton,housing_singleton_kept,22
B3_3096,058-2124-031-00,(housing-singleton),1,housing_singleton,B2013-01836,,high,B2013-01836,high,single,completion,housing_singleton,housing_singleton_kept,22
B3_3097,062-2945-010-00,(housing-singleton),1,housing_singleton,B2024-03641,,high,B2024-03641,high,single,completion,housing_singleton,housing_singleton_kept,22
B3_3098,062-2899-007-00,(housing-singleton),1,housing_singleton,B2024-04355,,high,B2024-04355,high,single,completion,housing_singleton,housing_singleton_kept,22
B3_3099,060-2493-048-00,(housing-singleton),1,housing_singleton,B2024-01707,,high,B2024-01707,high,single,ancillary,housing_singleton,housing_singleton_kept,22
B3_3100,052-1564-058-00,(housing-singleton),1,housing_singleton,B2018-03006,,high,B2018-03006,high,single,completion,housing_singleton,housing_singleton_kept,22
B3_3101,060-2489-040-01,(housing-singleton),1,housing_singleton,B2024-01657,,high,B2024-01657,high,single,ancillary,housing_singleton,housing_singleton_kept,22
B3_3102,057-2050-014-02,(housing-singleton),1,housing_singleton,B2024-05808,,high,B2024-05808,high,single,completion,housing_singleton,housing_singleton_kept,22
B3_3103,054-1813-018-00,(housing-singleton),1,housing_singleton,B2024-05751,,high,B2024-05751,high,single,completion,housing_singleton,housing_singleton_kept,22
B3_3104,057-2049-010-00,(housing-singleton),1,housing_singleton,B2022-03357,,high,B2022-03357,high,single,ancillary,housing_singleton,housing_singleton_kept,22
B3_3105,056-1930-011-00,(housing-singleton),1,housing_singleton,B2024-02595,,high,B2024-02595,high,single,completion,housing_singleton,housing_singleton_kept,22
B3_3106,062-2881-008-00,(housing-singleton),1,housing_singleton,B2023-00272,,high,B2023-00272,high,single,ancillary,housing_singleton,housing_singleton_kept,22
B3_3107,052-1542-008-00,(housing-singleton),1,housing_singleton,B2019-00029,,high,B2019-00029,high,single,completion,housing_singleton,housing_singleton_kept,22
B3_3108,062-2916-028-00,(housing-singleton),1,housing_singleton,B2025-04805,,high,B2025-04805,high,single,ancillary,housing_singleton,housing_singleton_kept,22
B3_3109,058-2160-008-01,(housing-singleton),1,housing_singleton,B2025-04745,,high,B2025-04745,high,single,completion,housing_singleton,housing_singleton_kept,22
B3_3111,056-1997-027-00,(housing-singleton),1,housing_singleton,B2018-02346,,high,B2018-02346,high,single,completion,housing_singleton,housing_singleton_kept,22
B3_3112,060-2493-064-00,(housing-singleton),1,housing_singleton,B2024-01582,,high,B2024-01582,high,single,ancillary,housing_singleton,housing_singleton_kept,22
B3_3113,058-2168-029-01,(housing-singleton),1,housing_singleton,B2024-05096,,high,B2024-05096,high,single,ancillary,housing_singleton,housing_singleton_kept,22
B3_3114,054-1797-023-00,(housing-singleton),1,housing_singleton,B2020-01851,,high,B2020-01851,high,single,completion,housing_singleton,housing_singleton_kept,22
B3_3115,054-1710-033-00,(housing-singleton),1,housing_singleton,B2025-05137,,high,B2025-05137,high,single,completion,housing_singleton,housing_singleton_kept,22
B3_3116,060-2487-029-00,(housing-singleton),1,housing_singleton,B2025-03830,,high,B2025-03830,high,single,ancillary,housing_singleton,housing_singleton_kept,22
B3_3117,052-1517-007-00,(housing-singleton),1,housing_singleton,B2019-04677,,high,B2019-04677,high,single,completion,housing_singleton,housing_singleton_kept,22
B3_3118,061-2558-029-00,(housing-singleton),1,housing_singleton,B2024-02830,,high,B2024-02830,high,single,completion,housing_singleton,housing_singleton_kept,22
B3_3119,056-1981-007-00,(housing-singleton),1,housing_singleton,B2024-03795,,high,B2024-03795,high,single,completion,housing_singleton,housing_singleton_kept,22
B3_3120,060-2409-017-00,(housing-singleton),1,housing_singleton,B2022-00060,,high,B2022-00060,high,single,completion,housing_singleton,housing_singleton_kept,22
B3_3121,053-1698-018-00,(housing-singleton),1,housing_singleton,B2023-02776,,high,B2023-02776,high,single,ancillary,housing_singleton,housing_singleton_kept,22
B3_3122,060-2493-045-00,(housing-singleton),1,housing_singleton,B2024-01710,,high,B2024-01710,high,single,ancillary,housing_singleton,housing_singleton_kept,22
B3_3123,058-2169-031-00,(housing-singleton),1,housing_singleton,B2024-04657,,high,B2024-04657,high,single,ancillary,housing_singleton,housing_singleton_kept,22
B3_3124,061-2583-025-00,(housing-singleton),1,housing_singleton,B2025-00304,,high,B2025-00304,high,single,ancillary,housing_singleton,housing_singleton_kept,22
B3_3126,060-2412-026-00,(housing-singleton),1,housing_singleton,B2025-00183,,high,B2025-00183,high,single,completion,housing_singleton,housing_singleton_kept,22
B3_3127,055-1895-015-01,(housing-singleton),1,housing_singleton,B2023-00415,,high,B2023-00415,high,single,ancillary,housing_singleton,housing_singleton_kept,22
B3_3128,058-2246-036-00,(housing-singleton),1,housing_singleton,B2022-04647,,high,B2022-04647,high,single,completion,housing_singleton,housing_singleton_kept,22
B3_3129,052-1436-001-01,(housing-singleton),1,housing_singleton,B2024-00294,,high,B2024-00294,high,single,completion,housing_singleton,housing_singleton_kept,22
B3_3130,055-1912-005-01,(housing-singleton),1,housing_singleton,B2024-00946,,high,B2024-00946,high,single,completion,housing_singleton,housing_singleton_kept,22
B3_3131,055-1832-085-00,(housing-singleton),1,housing_singleton,B2023-02035,,high,B2023-02035,high,single,completion,housing_singleton,housing_singleton_kept,22
B3_3133,058-2125-004-00,(housing-singleton),1,housing_singleton,B2022-05772,,high,B2022-05772,high,single,completion,housing_singleton,housing_singleton_kept,22
B3_3134,054-1727-010-00,(housing-singleton),1,housing_singleton,B2020-03080,,high,B2020-03080,high,single,completion,housing_singleton,housing_singleton_kept,22
B3_3135,054-1729-031-00,(housing-singleton),1,housing_singleton,B2021-04904,,high,B2021-04904,high,single,completion,housing_singleton,housing_singleton_kept,22
B3_3136,052-1580-009-00,(housing-singleton),1,housing_singleton,B2018-00738,,high,B2018-00738,high,single,completion,housing_singleton,housing_singleton_kept,22
B3_3137,060-2489-042-00,(housing-singleton),1,housing_singleton,B2024-01586,,high,B2024-01586,high,single,ancillary,housing_singleton,housing_singleton_kept,22
B3_3138,057-2081-007-00,(housing-singleton),1,housing_singleton,B2020-00906,,high,B2020-00906,high,single,completion,housing_singleton,housing_singleton_kept,22
B3_3139,053-1627-007-00,(housing-singleton),1,housing_singleton,B2020-03209,,high,B2020-03209,high,single,completion,housing_singleton,housing_singleton_kept,22
B3_3140,054-1787-023-00,(housing-singleton),1,housing_singleton,B2023-02542,,high,B2023-02542,high,single,completion,housing_singleton,housing_singleton_kept,22
B3_3141,055-1886-003-00,(housing-singleton),1,housing_singleton,B2018-02534,,high,B2018-02534,high,single,completion,housing_singleton,housing_singleton_kept,22
B3_3142,056-1934-008-00,(housing-singleton),1,xref/base,B2022-04210,,high,B2022-04210,high,single,completion,housing_singleton,housing_singleton_kept,22
B3_3143,052-1585-006-00,(housing-singleton),1,housing_singleton,B2023-03879,,high,B2023-03879,high,single,ancillary,housing_singleton,housing_singleton_kept,22
B3_3144,060-2490-035-02,(housing-singleton),1,housing_singleton,B2023-05537,,high,B2023-05537,high,single,ancillary,housing_singleton,housing_singleton_kept,22
B3_3145,061-2573-015-00,(housing-singleton),1,housing_singleton,B2025-00717,,high,B2025-00717,high,single,completion,housing_singleton,housing_singleton_kept,22
B3_3146,054-1807-035-00,(housing-singleton),1,housing_singleton,B2022-02312,,high,B2022-02312,high,single,completion,housing_singleton,housing_singleton_kept,22
B3_3148,059-2256-005-00,(housing-singleton),1,housing_singleton,B2023-03229,,high,B2023-03229,high,single,completion,housing_singleton,housing_singleton_kept,22
B3_3149,062-2868-009-00,(housing-singleton),1,housing_singleton,B2020-04204,,high,B2020-04204,high,single,completion,housing_singleton,housing_singleton_kept,22
B3_3151,063-3120-063-00,(housing-singleton),1,housing_singleton,B2023-04951,,high,B2023-04951,high,single,completion,housing_singleton,housing_singleton_kept,22
B3_3152,060-2483-008-01,(housing-singleton),1,housing_singleton,B2025-05030,,high,B2025-05030,high,single,ancillary,housing_singleton,housing_singleton_kept,22
B3_3153,054-1740-028-00,(housing-singleton),1,housing_singleton,B2024-06121,,high,B2024-06121,high,single,ancillary,housing_singleton,housing_singleton_kept,22
B3_3154,059-2293-001-04,(housing-singleton),1,housing_singleton,B2025-01553,,high,B2025-01553,high,single,completion,housing_singleton,housing_singleton_kept,22
B3_3156,060-2485-048-00,(housing-singleton),1,housing_singleton,B2024-03868,,high,B2024-03868,high,single,completion,housing_singleton,housing_singleton_kept,22
B3_3157,060-2392-005-00,(housing-singleton),1,housing_singleton,B2022-02826,,high,B2022-02826,high,single,ancillary,housing_singleton,housing_singleton_kept,22
B3_3158,060-2417-018-00,(housing-singleton),1,housing_singleton,B2020-03244,,high,B2020-03244,high,single,completion,housing_singleton,housing_singleton_kept,22
B3_3159,057-2034-008-00,(housing-singleton),1,housing_singleton,B2020-03911,48.0,high,B2020-03911,high,single,completion,housing_singleton,housing_singleton_kept,22
B3_3160,058-2189-003-00,(housing-singleton),1,housing_singleton,B2023-01374,,high,B2023-01374,high,single,completion,housing_singleton,housing_singleton_kept,22
B3_3161,056-1938-019-02,(housing-singleton),1,housing_singleton,B2025-04797,,high,B2025-04797,high,single,ancillary,housing_singleton,housing_singleton_kept,22
B3_3162,061-2618-004-00,(housing-singleton),1,housing_singleton,B2022-04812,,high,B2022-04812,high,single,completion,housing_singleton,housing_singleton_kept,22
B3_3163,063-2960-027-00,(housing-singleton),1,housing_singleton,B2020-03622,,high,B2020-03622,high,single,completion,housing_singleton,housing_singleton_kept,22
B3_3164,060-2493-035-00,(housing-singleton),1,housing_singleton,B2024-02180,,high,B2024-02180,high,single,ancillary,housing_singleton,housing_singleton_kept,22
B3_3166,060-2489-022-00,(housing-singleton),1,housing_singleton,B2024-01605,,high,B2024-01605,high,single,ancillary,housing_singleton,housing_singleton_kept,22
B3_3168,059-2252-020-00,(housing-singleton),1,housing_singleton,B2017-02735,,high,B2017-02735,high,single,ancillary,housing_singleton,housing_singleton_kept,22
B3_3169,060-2445-027-00,(housing-singleton),1,housing_singleton,B2025-05326,,high,B2025-05326,high,single,completion,housing_singleton,housing_singleton_kept,22
B3_3170,060-2435-010-00,(housing-singleton),1,housing_singleton,B2019-03270,,high,B2019-03270,high,single,completion,housing_singleton,housing_singleton_kept,22
B3_3171,060-2476-010-00,(housing-singleton),1,housing_singleton,B2025-05649,,high,B2025-05649,high,single,completion,housing_singleton,housing_singleton_kept,22
B3_3172,062-2920-024-00,(housing-singleton),1,housing_singleton,B2025-01054,,high,B2025-01054,high,single,ancillary,housing_singleton,housing_singleton_kept,22
B3_3173,059-2278-018-00,(housing-singleton),1,housing_singleton,B2023-03677,,high,B2023-03677,high,single,completion,housing_singleton,housing_singleton_kept,22
B3_3175,060-2493-044-00,(housing-singleton),1,housing_singleton,B2024-01668,,high,B2024-01668,high,single,ancillary,housing_singleton,housing_singleton_kept,22
B3_3176,054-1731-002-00,(housing-singleton),1,housing_singleton,B2024-01653,,high,B2024-01653,high,single,completion,housing_singleton,housing_singleton_kept,22
B3_3177,056-1983-011-00,(housing-singleton),1,housing_singleton,B2025-01202,,high,B2025-01202,high,single,completion,housing_singleton,housing_singleton_kept,22
B3_3178,056-2007-020-00,(housing-singleton),1,housing_singleton,B2024-04560,,high,B2024-04560,high,single,completion,housing_singleton,housing_singleton_kept,22
B3_3179,060-2446-008-00,(housing-singleton),1,housing_singleton,B2023-03210,,high,B2023-03210,high,single,completion,housing_singleton,housing_singleton_kept,22
B3_3180,062-2896-003-00,(housing-singleton),1,housing_singleton,B2025-05830,,high,B2025-05830,high,single,completion,housing_singleton,housing_singleton_kept,22
B3_3181,064-4222-016-00,(housing-singleton),1,housing_singleton,B2023-00567,,high,B2023-00567,high,single,completion,housing_singleton,housing_singleton_kept,22
B3_3182,054-1709-021-00,(housing-singleton),1,housing_singleton,B2023-04900,,high,B2023-04900,high,single,ancillary,housing_singleton,housing_singleton_kept,22
B3_3183,057-2068-031-00,(housing-singleton),1,housing_singleton,B2016-04268,,high,B2016-04268,high,single,completion,housing_singleton,housing_singleton_kept,22
B3_3184,059-2286-143-00,(housing-singleton),1,housing_singleton,B2022-04782,,high,B2022-04782,high,single,ancillary,housing_singleton,housing_singleton_kept,22
B3_3186,056-1974-020-00,Building A,1,building_label,B2022-02472,,high,B2022-02472,high,single,completion,label_singleton,labeled_singleton,22
B3_3187,060-2485-041-00,(housing-singleton),1,housing_singleton,B2025-03805,,high,B2025-03805,high,single,ancillary,housing_singleton,housing_singleton_kept,22
B3_3188,053-1694-032-00,(housing-singleton),1,housing_singleton,B2018-04616,,high,B2018-04616,high,single,completion,housing_singleton,housing_singleton_kept,22
B3_3189,061-2574-002-00,(housing-singleton),1,housing_singleton,B2019-02858,,high,B2019-02858,high,single,completion,housing_singleton,housing_singleton_kept,22
B3_3190,053-1606-018-00,(housing-singleton),1,housing_singleton,B2025-04579,,high,B2025-04579,high,single,ancillary,housing_singleton,housing_singleton_kept,22
B3_3191,057-2050-016-02,(housing-singleton),1,housing_singleton,B2024-05700,,high,B2024-05700,high,single,ancillary,housing_singleton,housing_singleton_kept,22
B3_3192,060-2434-018-00,(housing-singleton),1,housing_singleton,B2023-05968,,high,B2023-05968,high,single,ancillary,housing_singleton,housing_singleton_kept,22
B3_3193,052-1565-057-00,(housing-singleton),1,housing_singleton,B2019-00276,,high,B2019-00276,high,single,completion,housing_singleton,housing_singleton_kept,22
B3_3194,061-2563-008-00,(housing-singleton),1,housing_singleton,B2018-02099,,high,B2018-02099,high,single,completion,housing_singleton,housing_singleton_kept,22
B3_3195,053-1609-008-00,(housing-singleton),1,housing_singleton,B2023-02650,,high,B2023-02650,high,single,ancillary,housing_singleton,housing_singleton_kept,22
B3_3196,062-2907-005-00,(housing-singleton),1,housing_singleton,B2023-05839,,high,B2023-05839,high,single,completion,housing_singleton,housing_singleton_kept,22
B3_3197,056-1920-002-00,(housing-singleton),1,housing_singleton,B2017-01506,,high,B2017-01506,high,single,completion,housing_singleton,housing_singleton_kept,22
B3_3198,063-2986-049-00,(housing-singleton),1,housing_singleton,B2022-05533,,high,B2022-05533,high,single,completion,housing_singleton,housing_singleton_kept,22
B3_3199,052-1445-014-00,(housing-singleton),1,housing_singleton,B2015-01312,,high,B2015-01312,high,single,completion,housing_singleton,housing_singleton_kept,22
B3_3200,061-2552-005-00,(housing-singleton),1,housing_singleton,B2022-04894,,high,B2022-04894,high,single,completion,housing_singleton,housing_singleton_kept,22
B3_3201,052-1535-027-00,(housing-singleton),1,housing_singleton,B2022-03527,,high,B2022-03527,high,single,completion,housing_singleton,housing_singleton_kept,22
B3_3202,055-1862-005-00,(housing-singleton),1,housing_singleton,B2016-05531,,high,B2016-05531,high,single,ancillary,housing_singleton,housing_singleton_kept,22
B3_3204,055-1846-001-01,(housing-singleton),1,housing_singleton,B2019-01146,,high,B2019-01146,high,single,completion,housing_singleton,housing_singleton_kept,22
B3_3206,062-2914-003-00,(housing-singleton),1,housing_singleton,B2020-02609,,high,B2020-02609,high,single,completion,housing_singleton,housing_singleton_kept,22
B3_3207,052-1551-003-00,(housing-singleton),1,housing_singleton,B2023-03328,,high,B2023-03328,high,single,completion,housing_singleton,housing_singleton_kept,22
B3_3208,063-2953-013-01,(housing-singleton),1,housing_singleton,B2023-04068,,high,B2023-04068,high,single,completion,housing_singleton,housing_singleton_kept,22
B3_3209,058-2205-001-00,(housing-singleton),1,housing_singleton,B2023-04222,,high,B2023-04222,high,single,ancillary,housing_singleton,housing_singleton_kept,22
B3_3210,061-2560-009-00,(housing-singleton),1,housing_singleton,B2022-02575,1.0,high,B2022-02575,high,single,completion,housing_singleton,housing_singleton_kept,22
B3_3211,060-2400-015-00,(housing-singleton),1,housing_singleton,B2023-03868,,high,B2023-03868,high,single,completion,housing_singleton,housing_singleton_kept,22
B3_3213,058-2169-019-00,(housing-singleton),1,housing_singleton,B2024-05813,,high,B2024-05813,high,single,ancillary,housing_singleton,housing_singleton_kept,22
B3_3214,060-2479-001-00,(housing-singleton),1,housing_singleton,B2018-04813,,high,B2018-04813,high,single,completion,housing_singleton,housing_singleton_kept,22
B3_3215,059-2334-015-00,(housing-singleton),1,housing_singleton,B2024-05164,,high,B2024-05164,high,single,ancillary,housing_singleton,housing_singleton_kept,22
B3_3216,060-2414-029-00,(housing-singleton),1,housing_singleton,B2022-04230,,high,B2022-04230,high,single,completion,housing_singleton,housing_singleton_kept,22
B3_3217,060-2412-005-00,(housing-singleton),1,housing_singleton,B2023-03152,,high,B2023-03152,high,single,completion,housing_singleton,housing_singleton_kept,22
B3_3218,060-2493-050-00,(housing-singleton),1,housing_singleton,B2024-01706,,high,B2024-01706,high,single,ancillary,housing_singleton,housing_singleton_kept,22
B3_3219,060-2445-040-00,(housing-singleton),1,housing_singleton,B2024-02835,,high,B2024-02835,high,single,completion,housing_singleton,housing_singleton_kept,22
B3_3220,064-4234-015-00,(housing-singleton),1,housing_singleton,B2024-01395,,high,B2024-01395,high,single,ancillary,housing_singleton,housing_singleton_kept,22
B3_3221,059-2282-027-00,(housing-singleton),1,housing_singleton,B2025-01750,,high,B2025-01750,high,single,completion,housing_singleton,housing_singleton_kept,22
B3_3222,053-1677-008-00,(housing-singleton),1,housing_singleton,B2024-02927,,high,B2024-02927,high,single,completion,housing_singleton,housing_singleton_kept,22
B3_3223,064-4242-008-00,(housing-singleton),1,housing_singleton,B2022-01921,,high,B2022-01921,high,single,completion,housing_singleton,housing_singleton_kept,22
B3_3224,062-2914-053-00,(housing-singleton),1,housing_singleton,B2022-04301,,high,B2022-04301,high,single,ancillary,housing_singleton,housing_singleton_kept,22
B3_3225,062-2923-035-01,(housing-singleton),1,housing_singleton,B2024-03981,,high,B2024-03981,high,single,completion,housing_singleton,housing_singleton_kept,22
B3_3226,053-1622-004-00,(housing-singleton),1,housing_singleton,B2022-03111,,high,B2022-03111,high,single,completion,housing_singleton,housing_singleton_kept,22
B3_3227,056-1987-018-00,(housing-singleton),1,housing_singleton,B2024-05519,,high,B2024-05519,high,single,completion,housing_singleton,housing_singleton_kept,22
B3_3228,063-2988-039-00,(housing-singleton),1,housing_singleton,B2025-01633,,high,B2025-01633,high,single,completion,housing_singleton,housing_singleton_kept,22
B3_3229,060-2489-042-00,(housing-singleton),1,housing_singleton,B2025-03810,,high,B2025-03810,high,single,ancillary,housing_singleton,housing_singleton_kept,22
B3_3230,061-2578-022-00,(housing-singleton),1,housing_singleton,B2023-03153,,high,B2023-03153,high,single,completion,housing_singleton,housing_singleton_kept,22
B3_3231,057-2018-007-00,(housing-singleton),1,housing_singleton,B2023-06312,,high,B2023-06312,high,single,ancillary,housing_singleton,housing_singleton_kept,22
B3_3232,060-2492-011-00,(housing-singleton),1,housing_singleton,B2025-03849,,high,B2025-03849,high,single,ancillary,housing_singleton,housing_singleton_kept,22
B3_3233,056-1985-012-00,(housing-singleton),1,housing_singleton,B2018-04041,,high,B2018-04041,high,single,completion,housing_singleton,housing_singleton_kept,22
B3_3234,055-1901-016-00,(housing-singleton),1,housing_singleton,B2021-00301,,high,B2021-00301,high,single,sitework,housing_singleton,housing_singleton_kept,22
B3_3235,061-2577-002-00,(housing-singleton),1,housing_singleton,B2023-03361,,high,B2023-03361,high,single,completion,housing_singleton,housing_singleton_kept,22
B3_3236,054-1715-014-00,(housing-singleton),1,housing_singleton,B2023-03041,,high,B2023-03041,high,single,completion,housing_singleton,housing_singleton_kept,22
B3_3237,063-3100-051-03,(housing-singleton),1,housing_singleton,B2024-04740,,high,B2024-04740,high,single,ancillary,housing_singleton,housing_singleton_kept,22
B3_3238,060-2394-030-00,(housing-singleton),1,housing_singleton,B2019-01994,,high,B2019-01994,high,single,completion,housing_singleton,housing_singleton_kept,22
B3_3239,060-2485-027-00,(housing-singleton),1,housing_singleton,B2024-04962,,high,B2024-04962,high,single,completion,housing_singleton,housing_singleton_kept,22
B3_3241,056-2008-011-01,(housing-singleton),1,housing_singleton,B2020-03174,,high,B2020-03174,high,single,completion,housing_singleton,housing_singleton_kept,22
B3_3242,055-1901-009-00,(housing-singleton),1,housing_singleton,B2023-00252,,high,B2023-00252,high,single,ancillary,housing_singleton,housing_singleton_kept,22
B3_3243,055-1876-017-00,(housing-singleton),1,housing_singleton,B2014-02844,,high,B2014-02844,high,single,completion,housing_singleton,housing_singleton_kept,22
B3_3244,058-2171-026-00,(housing-singleton),1,housing_singleton,B2024-05173,,high,B2024-05173,high,single,ancillary,housing_singleton,housing_singleton_kept,22
B3_3245,054-1737-013-00,(housing-singleton),1,housing_singleton,B2023-04445,,high,B2023-04445,high,single,completion,housing_singleton,housing_singleton_kept,22
B3_3246,055-1844-018-00,(housing-singleton),1,housing_singleton,B2023-03680,,high,B2023-03680,high,single,ancillary,housing_singleton,housing_singleton_kept,22
B3_3247,056-1938-002-00,(housing-singleton),1,housing_singleton,B2023-00985,,high,B2023-00985,high,single,completion,housing_singleton,housing_singleton_kept,22
B3_3248,058-2207-003-00,(housing-singleton),1,housing_singleton,B2022-04818,,high,B2022-04818,high,single,completion,housing_singleton,housing_singleton_kept,22
B3_3249,052-1544-001-00,(housing-singleton),1,housing_singleton,B2023-02925,,high,B2023-02925,high,single,ancillary,housing_singleton,housing_singleton_kept,22
B3_3250,060-2423-031-00,(housing-singleton),1,housing_singleton,B2024-00600,,high,B2024-00600,high,single,ancillary,housing_singleton,housing_singleton_kept,22
B3_3251,060-2489-035-01,(housing-singleton),1,housing_singleton,B2024-01592,,high,B2024-01592,high,single,ancillary,housing_singleton,housing_singleton_kept,22
B3_3252,053-1675-025-00,(housing-singleton),1,housing_singleton,B2024-02161,,high,B2024-02161,high,single,ancillary,housing_singleton,housing_singleton_kept,22
B3_3253,062-2867-001-00,(housing-singleton),1,housing_singleton,B2024-02945,,high,B2024-02945,high,single,ancillary,housing_singleton,housing_singleton_kept,22
B3_3254,060-2401-022-00,(housing-singleton),1,housing_singleton,B2024-03223,,high,B2024-03223,high,single,ancillary,housing_singleton,housing_singleton_kept,22
B3_3255,063-3110-022-00,(housing-singleton),1,housing_singleton,B2023-03455,,high,B2023-03455,high,single,completion,housing_singleton,housing_singleton_kept,22
B3_3256,056-1931-018-00,(housing-singleton),1,housing_singleton,B2024-01928,,high,B2024-01928,high,single,completion,housing_singleton,housing_singleton_kept,22
B3_3257,055-1913-029-00,(housing-singleton),1,housing_singleton,B2025-02497,,high,B2025-02497,high,single,completion,housing_singleton,housing_singleton_kept,22
B3_3258,059-2265-037-00,(housing-singleton),1,housing_singleton,B2022-04341,,high,B2022-04341,high,single,completion,housing_singleton,housing_singleton_kept,22
B3_3259,062-2915-043-00,(housing-singleton),1,housing_singleton,B2024-05017,,high,B2024-05017,high,single,completion,housing_singleton,housing_singleton_kept,22
B3_3260,056-1988-031-00,(housing-singleton),1,housing_singleton,B2019-02398,,high,B2019-02398,high,single,completion,housing_singleton,housing_singleton_kept,22
B3_3261,052-1522-003-00,(housing-singleton),1,housing_singleton,B2024-04546,,high,B2024-04546,high,single,completion,housing_singleton,housing_singleton_kept,22
B3_3262,062-2907-004-00,(housing-singleton),1,housing_singleton,B2024-00921,,high,B2024-00921,high,single,ancillary,housing_singleton,housing_singleton_kept,22
B3_3263,057-2098-017-00,Building 11,1,building_label,B2024-02322,,high,B2024-02322,high,single,completion,label_singleton,labeled_singleton,22
B3_3264,058-2130-043-00,(housing-singleton),1,housing_singleton,B2023-00924,,high,B2023-00924,high,single,completion,housing_singleton,housing_singleton_kept,22
B3_3266,053-1623-022-00,(housing-singleton),1,housing_singleton,B2023-02953,,high,B2023-02953,high,single,ancillary,housing_singleton,housing_singleton_kept,22
B3_3267,059-2326-012-00,(housing-singleton),1,housing_singleton,B2024-00701,,high,B2024-00701,high,single,completion,housing_singleton,housing_singleton_kept,22
B3_3268,063-2974-004-00,(housing-singleton),1,housing_singleton,B2023-00581,,high,B2023-00581,high,single,completion,housing_singleton,housing_singleton_kept,22
B3_3269,054-1725-021-00,(housing-singleton),1,housing_singleton,B2024-03373,,high,B2024-03373,high,single,completion,housing_singleton,housing_singleton_kept,22
B3_3270,062-2940-036-00,(housing-singleton),1,housing_singleton,B2022-02097,,high,B2022-02097,high,single,ancillary,housing_singleton,housing_singleton_kept,22
B3_3271,059-2249-004-00,(housing-singleton),1,housing_singleton,B2025-00401,,high,B2025-00401,high,single,ancillary,housing_singleton,housing_singleton_kept,22
B3_3272,054-1739-006-00,(housing-singleton),1,housing_singleton,B2025-01328,,high,B2025-01328,high,single,completion,housing_singleton,housing_singleton_kept,22
B3_3273,055-1896-021-00,(housing-singleton),1,housing_singleton,B2025-03731,,high,B2025-03731,high,single,ancillary,housing_singleton,housing_singleton_kept,22
B3_3274,060-2434-003-00,(housing-singleton),1,housing_singleton,B2024-04803,,high,B2024-04803,high,single,ancillary,housing_singleton,housing_singleton_kept,22
B3_3275,060-2445-042-00,(housing-singleton),1,housing_singleton,B2025-05416,,high,B2025-05416,high,single,completion,housing_singleton,housing_singleton_kept,22
B3_3276,055-1883-027-00,(housing-singleton),1,housing_singleton,B2024-04161,,high,B2024-04161,high,single,completion,housing_singleton,housing_singleton_kept,22
B3_3277,054-1780-011-00,(housing-singleton),1,housing_singleton,B2023-02799,,high,B2023-02799,high,single,completion,housing_singleton,housing_singleton_kept,22
B3_3278,060-2432-003-03,(housing-singleton),1,housing_singleton,B2025-00880,,high,B2025-00880,high,single,completion,housing_singleton,housing_singleton_kept,22
B3_3279,055-1841-009-00,(housing-singleton),1,housing_singleton,B2024-04291,12.0,high,B2024-04291,high,single,completion,housing_singleton,housing_singleton_kept,22
B3_3280,060-2417-012-00,(housing-singleton),1,housing_singleton,B2024-00407,,high,B2024-00407,high,single,completion,housing_singleton,housing_singleton_kept,22
B3_3281,052-1565-124-00,(housing-singleton),1,housing_singleton,B2019-05580,,high,B2019-05580,high,single,completion,housing_singleton,housing_singleton_kept,22
B3_3282,057-2065-024-00,(housing-singleton),1,housing_singleton,B2021-01761,,high,B2021-01761,high,single,completion,housing_singleton,housing_singleton_kept,22
B3_3283,057-2081-016-00,(housing-singleton),1,housing_singleton,B2023-05520,,high,B2023-05520,high,single,completion,housing_singleton,housing_singleton_kept,22
B3_3285,059-2286-047-00,(housing-singleton),1,housing_singleton,B2017-04815,,high,B2017-04815,high,single,completion,housing_singleton,housing_singleton_kept,22
B3_3286,058-2134-016-00,(housing-singleton),1,housing_singleton,B2024-04668,,high,B2024-04668,high,single,ancillary,housing_singleton,housing_singleton_kept,22
B3_3287,060-2417-015-00,(housing-singleton),1,housing_singleton,B2024-04617,,high,B2024-04617,high,single,completion,housing_singleton,housing_singleton_kept,22
B3_3289,058-2159-013-00,(housing-singleton),1,housing_singleton,B2025-00343,,high,B2025-00343,high,single,completion,housing_singleton,housing_singleton_kept,22
B3_3290,062-2899-014-00,(housing-singleton),1,housing_singleton,B2025-04100,,high,B2025-04100,high,single,completion,housing_singleton,housing_singleton_kept,22
B3_3291,058-2121-026-00,(housing-singleton),1,housing_singleton,B2025-05330,,high,B2025-05330,high,single,completion,housing_singleton,housing_singleton_kept,22
B3_3292,052-1565-093-00,(housing-singleton),1,housing_singleton,B2023-04401,,high,B2023-04401,high,single,completion,housing_singleton,housing_singleton_kept,22
B3_3293,058-2125-035-00,(housing-singleton),1,housing_singleton,B2018-01352,,high,B2018-01352,high,single,completion,housing_singleton,housing_singleton_kept,22
B3_3295,052-1570-042-00,(housing-singleton),1,housing_singleton,B2024-00180,1.0,high,B2024-00180,high,single,completion,housing_singleton,housing_singleton_kept,22
B3_3296,058-2169-013-00,(housing-singleton),1,housing_singleton,B2025-03690,,high,B2025-03690,high,single,completion,housing_singleton,housing_singleton_kept,22
B3_3297,053-1635-021-00,Building B,1,building_label,B2018-00016,,high,B2018-00016,high,single,completion,label_singleton,labeled_singleton,22
B3_3299,054-1787-015-02,(housing-singleton),1,housing_singleton,B2024-04539,,high,B2024-04539,high,single,ancillary,housing_singleton,housing_singleton_kept,22
B3_3300,056-1970-016-00,(housing-singleton),1,housing_singleton,B2016-01981,,high,B2016-01981,high,single,ancillary,housing_singleton,housing_singleton_kept,22
B3_3301,060-2433-001-00,(housing-singleton),1,housing_singleton,B2022-05183,,high,B2022-05183,high,single,completion,housing_singleton,housing_singleton_kept,22
B3_3302,057-2086-010-00,(housing-singleton),1,housing_singleton,B2024-04577,,high,B2024-04577,high,single,ancillary,housing_singleton,housing_singleton_kept,22
B3_3303,056-1973-015-00,(housing-singleton),1,housing_singleton,B2024-05137,,high,B2024-05137,high,single,completion,housing_singleton,housing_singleton_kept,22
B3_3304,056-2007-020-00,(housing-singleton),1,housing_singleton,B2024-04314,,high,B2024-04314,high,single,completion,housing_singleton,housing_singleton_kept,22
B3_3305,063-3130-053-00,(housing-singleton),1,housing_singleton,B2025-02802,,high,B2025-02802,high,single,ancillary,housing_singleton,housing_singleton_kept,22
B3_3306,061-2576-007-00,(housing-singleton),1,housing_singleton,B2022-03233,,high,B2022-03233,high,single,ancillary,housing_singleton,housing_singleton_kept,22
B3_3307,052-1552-010-00,(housing-singleton),1,housing_singleton,B2022-02735,,high,B2022-02735,high,single,completion,housing_singleton,housing_singleton_kept,22
B3_3308,056-1945-007-04,Building B,1,building_label,B2019-02831,4.0,high,B2019-02831,high,single,completion,label_singleton,labeled_singleton,22
B3_3309,058-2244-002-10,(housing-singleton),1,housing_singleton,B2023-05500,,high,B2023-05500,high,single,completion,housing_singleton,housing_singleton_kept,22
B3_3310,063-2961-031-00,(housing-singleton),1,housing_singleton,B2025-04741,,high,B2025-04741,high,single,completion,housing_singleton,housing_singleton_kept,22
B3_3311,063-3161-011-00,(housing-singleton),1,housing_singleton,B2025-05023,,high,B2025-05023,high,single,ancillary,housing_singleton,housing_singleton_kept,22
B3_3312,056-1970-014-00,(housing-singleton),1,housing_singleton,B2022-02133,,high,B2022-02133,high,single,ancillary,housing_singleton,housing_singleton_kept,22
B3_3313,058-2128-022-00,(housing-singleton),1,housing_singleton,B2024-06012,,high,B2024-06012,high,single,completion,housing_singleton,housing_singleton_kept,22
B3_3314,059-2315-002-00,(housing-singleton),1,housing_singleton,B2025-01509,,high,B2025-01509,high,single,completion,housing_singleton,housing_singleton_kept,22
B3_3315,058-2154-014-00,(housing-singleton),1,housing_singleton,B2024-03749,,high,B2024-03749,high,single,completion,housing_singleton,housing_singleton_kept,22
B3_3316,063-2965-005-00,(housing-singleton),1,housing_singleton,B2025-03032,,high,B2025-03032,high,single,completion,housing_singleton,housing_singleton_kept,22
B3_3317,060-2469-069-03,(housing-singleton),1,housing_singleton,B2017-03522,,high,B2017-03522,high,single,completion,housing_singleton,housing_singleton_kept,22
B3_3318,064-4265-003-00,(housing-singleton),1,housing_singleton,B2023-05007,,high,B2023-05007,high,single,completion,housing_singleton,housing_singleton_kept,22
B3_3319,063-2987-035-00,(housing-singleton),1,housing_singleton,B2024-04646,,high,B2024-04646,high,single,ancillary,housing_singleton,housing_singleton_kept,22
B3_3320,058-2161-006-00,(housing-singleton),1,xref/base,B2022-04676,,high,B2022-04676,high,single,completion,housing_singleton,housing_singleton_kept,22
B3_3321,056-1944-011-00,(housing-singleton),1,housing_singleton,B2020-02038,,high,B2020-02038,high,single,completion,housing_singleton,housing_singleton_kept,22
B3_3322,062-2922-018-00,(housing-singleton),1,housing_singleton,B2021-04777,,high,B2021-04777,high,single,completion,housing_singleton,housing_singleton_kept,22
B3_3323,058-2210-010-00,(housing-singleton),1,housing_singleton,B2024-00360,,high,B2024-00360,high,single,ancillary,housing_singleton,housing_singleton_kept,22
B3_3324,062-2872-032-00,(housing-singleton),1,housing_singleton,B2024-03000,,high,B2024-03000,high,single,completion,housing_singleton,housing_singleton_kept,22
B3_3325,055-1896-015-00,(housing-singleton),1,housing_singleton,B2024-01107,,high,B2024-01107,high,single,ancillary,housing_singleton,housing_singleton_kept,22
B3_3326,061-2582-028-01,(housing-singleton),1,housing_singleton,B2025-00501,,high,B2025-00501,high,single,ancillary,housing_singleton,housing_singleton_kept,22
B3_3327,052-1571-003-00,(housing-singleton),1,housing_singleton,B2025-02471,,high,B2025-02471,high,single,completion,housing_singleton,housing_singleton_kept,22
B3_3328,056-1919-016-00,(housing-singleton),1,housing_singleton,B2023-00365,,high,B2023-00365,high,single,completion,housing_singleton,housing_singleton_kept,22
B3_3329,055-1908-029-00,(housing-singleton),1,housing_singleton,B2024-05569,,high,B2024-05569,high,single,ancillary,housing_singleton,housing_singleton_kept,22
B3_3330,053-1695-021-01,(housing-singleton),1,housing_singleton,B2023-02814,,high,B2023-02814,high,single,completion,housing_singleton,housing_singleton_kept,22
B3_3331,064-4295-040-00,(housing-singleton),1,housing_singleton,B2025-02836,,high,B2025-02836,high,single,completion,housing_singleton,housing_singleton_kept,22
B3_3332,056-2009-037-00,(housing-singleton),1,housing_singleton,B2024-00366,,high,B2024-00366,high,single,ancillary,housing_singleton,housing_singleton_kept,22
B3_3333,055-1905-022-00,(housing-singleton),1,housing_singleton,B2023-00689,,high,B2023-00689,high,single,completion,housing_singleton,housing_singleton_kept,22
B3_3334,054-1802-020-00,(housing-singleton),1,housing_singleton,B2020-01039,,high,B2020-01039,high,single,completion,housing_singleton,housing_singleton_kept,22
B3_3335,061-2590-005-00,(housing-singleton),1,housing_singleton,B2024-05464,,high,B2024-05464,high,single,completion,housing_singleton,housing_singleton_kept,22
B3_3336,058-2167-004-00,(housing-singleton),1,housing_singleton,B2020-01101,,high,B2020-01101,high,single,completion,housing_singleton,housing_singleton_kept,22
B3_3337,060-2414-004-00,(housing-singleton),1,housing_singleton,B2024-01244,,high,B2024-01244,high,single,completion,housing_singleton,housing_singleton_kept,22
B3_3338,052-1535-005-00,Building A,1,building_label,B2025-05168,,high,B2025-05168,high,single,completion,label_singleton,labeled_singleton,22
B3_3339,060-2490-003-01,(housing-singleton),1,housing_singleton,B2025-05021,,high,B2025-05021,high,single,ancillary,housing_singleton,housing_singleton_kept,22
B3_3340,059-2285-024-00,(housing-singleton),1,housing_singleton,B2025-02199,,high,B2025-02199,high,single,ancillary,housing_singleton,housing_singleton_kept,22
B3_3341,058-2183-022-00,(housing-singleton),1,housing_singleton,B2022-04606,,high,B2022-04606,high,single,ancillary,housing_singleton,housing_singleton_kept,22
B3_3342,062-2911-002-00,(housing-singleton),1,housing_singleton,B2022-04744,,high,B2022-04744,high,single,completion,housing_singleton,housing_singleton_kept,22
B3_3343,058-2212-005-00,(housing-singleton),1,housing_singleton,B2025-05821,,high,B2025-05821,high,single,completion,housing_singleton,housing_singleton_kept,22
B3_3344,060-2391-029-00,(housing-singleton),1,housing_singleton,B2017-01227,,high,B2017-01227,high,single,completion,housing_singleton,housing_singleton_kept,22
B3_3345,059-2325-003-01,(housing-singleton),1,housing_singleton,B2021-01331,,high,B2021-01331,high,single,completion,housing_singleton,housing_singleton_kept,22
B3_3346,060-2408-007-00,(housing-singleton),1,housing_singleton,B2023-04929,,high,B2023-04929,high,single,ancillary,housing_singleton,housing_singleton_kept,22
B3_3347,061-2574-009-00,(housing-singleton),1,xref/base,B2023-05695,,high,B2023-05695,high,single,ancillary,housing_singleton,housing_singleton_kept,22
B3_3348,053-1698-015-00,(housing-singleton),1,housing_singleton,B2024-03194,,high,B2024-03194,high,single,completion,housing_singleton,housing_singleton_kept,22
B3_3349,057-2095-004-00,(housing-singleton),1,housing_singleton,B2020-01218,,high,B2020-01218,high,single,completion,housing_singleton,housing_singleton_kept,22
B3_3350,059-2336-014-00,(housing-singleton),1,housing_singleton,B2020-03633,,high,B2020-03633,high,single,completion,housing_singleton,housing_singleton_kept,22
B3_3351,059-2314-006-00,(housing-singleton),1,housing_singleton,B2024-00056,,high,B2024-00056,high,single,ancillary,housing_singleton,housing_singleton_kept,22
B3_3352,055-1845-004-00,(housing-singleton),1,housing_singleton,B2025-04284,,high,B2025-04284,high,single,ancillary,housing_singleton,housing_singleton_kept,22
B3_3353,061-2555-034-00,(housing-singleton),1,housing_singleton,B2024-04201,,high,B2024-04201,high,single,completion,housing_singleton,housing_singleton_kept,22
B3_3355,056-1997-009-00,(housing-singleton),1,housing_singleton,B2023-00469,,high,B2023-00469,high,single,ancillary,housing_singleton,housing_singleton_kept,22
B3_3356,055-1866-011-00,(housing-singleton),1,housing_singleton,B2025-01807,,high,B2025-01807,high,single,ancillary,housing_singleton,housing_singleton_kept,22
B3_3357,052-1563-193-00,(housing-singleton),1,housing_singleton,B2025-05511,,high,B2025-05511,high,single,ancillary,housing_singleton,housing_singleton_kept,22
B3_3358,055-1911-022-00,(housing-singleton),1,housing_singleton,B2022-01301,,high,B2022-01301,high,single,ancillary,housing_singleton,housing_singleton_kept,22
B3_3359,059-2256-005-00,(housing-singleton),1,housing_singleton,B2025-02020,,high,B2025-02020,high,single,completion,housing_singleton,housing_singleton_kept,22
B3_3360,060-2391-064-00,(housing-singleton),1,housing_singleton,B2023-04102,,high,B2023-04102,high,single,completion,housing_singleton,housing_singleton_kept,22
B3_3361,064-4226-013-00,(housing-singleton),1,housing_singleton,B2022-04188,,high,B2022-04188,high,single,ancillary,housing_singleton,housing_singleton_kept,22
B3_3362,059-2279-010-00,(housing-singleton),1,housing_singleton,B2025-05724,,high,B2025-05724,high,single,ancillary,housing_singleton,housing_singleton_kept,22
B3_3363,058-2124-028-00,(housing-singleton),1,housing_singleton,B2022-02980,,high,B2022-02980,high,single,completion,housing_singleton,housing_singleton_kept,22
B3_3364,054-1717-002-00,(housing-singleton),1,housing_singleton,B2025-05222,,high,B2025-05222,high,single,ancillary,housing_singleton,housing_singleton_kept,22
B3_3365,054-1782-024-00,(housing-singleton),1,housing_singleton,B2025-04625,,high,B2025-04625,high,single,ancillary,housing_singleton,housing_singleton_kept,22
B3_3366,057-2079-007-00,(housing-singleton),1,housing_singleton,B2023-03003,,high,B2023-03003,high,single,completion,housing_singleton,housing_singleton_kept,22
B3_3367,060-2466-095-00,(housing-singleton),1,housing_singleton,B2024-05834,,high,B2024-05834,high,single,ancillary,housing_singleton,housing_singleton_kept,22
B3_3368,059-2266-033-00,(housing-singleton),1,housing_singleton,B2025-04584,,high,B2025-04584,high,single,ancillary,housing_singleton,housing_singleton_kept,22
B3_3369,055-1836-004-01,(housing-singleton),1,housing_singleton,B2022-01062,,high,B2022-01062,high,single,ancillary,housing_singleton,housing_singleton_kept,22
B3_3370,059-2258-051-00,(housing-singleton),1,housing_singleton,B2024-04006,,high,B2024-04006,high,single,ancillary,housing_singleton,housing_singleton_kept,22
B3_3371,059-2279-017-00,(housing-singleton),1,housing_singleton,B2025-02197,,high,B2025-02197,high,single,ancillary,housing_singleton,housing_singleton_kept,22
B3_3372,064-4247-004-00,(housing-singleton),1,housing_singleton,B2024-04000,,high,B2024-04000,high,single,completion,housing_singleton,housing_singleton_kept,22
B3_3373,062-2867-013-00,(housing-singleton),1,housing_singleton,B2025-04810,,high,B2025-04810,high,single,ancillary,housing_singleton,housing_singleton_kept,22
B3_3374,056-2003-001-00,(housing-singleton),1,housing_singleton,B2024-01602,,high,B2024-01602,high,single,sitework,housing_singleton,housing_singleton_kept,22
B3_3375,055-1832-086-00,(housing-singleton),1,housing_singleton,B2023-01867,,high,B2023-01867,high,single,completion,housing_singleton,housing_singleton_kept,22
B3_3376,062-2911-032-00,(housing-singleton),1,housing_singleton,B2025-05464,,high,B2025-05464,high,single,completion,housing_singleton,housing_singleton_kept,22
B3_3377,056-1921-010-01,(housing-singleton),1,housing_singleton,B2017-04116,,high,B2017-04116,high,single,completion,housing_singleton,housing_singleton_kept,22
B3_3379,052-1580-012-00,(housing-singleton),1,housing_singleton,B2022-05272,,high,B2022-05272,high,single,completion,housing_singleton,housing_singleton_kept,22
B3_3380,059-2278-015-00,(housing-singleton),1,housing_singleton,B2020-01658,,high,B2020-01658,high,single,completion,housing_singleton,housing_singleton_kept,22
B3_3381,061-2581-014-00,(housing-singleton),1,housing_singleton,B2024-00626,,high,B2024-00626,high,single,completion,housing_singleton,housing_singleton_kept,22
B3_3382,061-2589-002-00,(housing-singleton),1,housing_singleton,B2025-04686,,high,B2025-04686,high,single,completion,housing_singleton,housing_singleton_kept,22
B3_3383,058-2121-016-00,(housing-singleton),1,housing_singleton,B2022-04864,,high,B2022-04864,high,single,completion,housing_singleton,housing_singleton_kept,22
B3_3384,055-1870-003-00,(housing-singleton),1,housing_singleton,B2021-04892,4.0,high,B2021-04892,high,single,completion,housing_singleton,housing_singleton_kept,22
B3_3385,054-1783-008-00,(housing-singleton),1,housing_singleton,B2025-00706,,high,B2025-00706,high,single,ancillary,housing_singleton,housing_singleton_kept,22
B3_3386,052-1584-024-00,(housing-singleton),1,housing_singleton,B2017-02842,,high,B2017-02842,high,single,completion,housing_singleton,housing_singleton_kept,22
B3_3387,060-2400-008-00,(housing-singleton),1,housing_singleton,B2025-00312,,high,B2025-00312,high,single,completion,housing_singleton,housing_singleton_kept,22
B3_3388,056-1998-038-00,(housing-singleton),1,housing_singleton,B2025-03008,,high,B2025-03008,high,single,completion,housing_singleton,housing_singleton_kept,22
B3_3389,062-2887-018-00,(housing-singleton),1,housing_singleton,B2023-05201,,high,B2023-05201,high,single,ancillary,housing_singleton,housing_singleton_kept,22
B3_3390,053-1591-007-00,(housing-singleton),1,housing_singleton,B2024-05449,,high,B2024-05449,high,single,completion,housing_singleton,housing_singleton_kept,22
B3_3391,056-1983-011-00,(housing-singleton),1,housing_singleton,B2023-00192,,high,B2023-00192,high,single,completion,housing_singleton,housing_singleton_kept,22
B3_3392,054-1794-006-00,(housing-singleton),1,housing_singleton,B2025-05366,,high,B2025-05366,high,single,completion,housing_singleton,housing_singleton_kept,22
B3_3393,058-2169-013-00,(housing-singleton),1,housing_singleton,B2018-04348,,high,B2018-04348,high,single,completion,housing_singleton,housing_singleton_kept,22
B3_3394,052-1545-031-00,(housing-singleton),1,housing_singleton,B2019-05530,,high,B2019-05530,high,single,completion,housing_singleton,housing_singleton_kept,22
B3_3395,064-4237-001-00,(housing-singleton),1,housing_singleton,B2023-04059,,high,B2023-04059,high,single,ancillary,housing_singleton,housing_singleton_kept,22
B3_3396,052-1526-006-00,(housing-singleton),1,housing_singleton,B2024-02651,,high,B2024-02651,high,single,ancillary,housing_singleton,housing_singleton_kept,22
B3_3397,058-2118-024-00,Building 1715,1,building_label,B2024-02883,,high,B2024-02883,high,single,ancillary,label_singleton,labeled_singleton,22
B3_3398,061-2605-034-00,(housing-singleton),1,housing_singleton,B2024-03778,,high,B2024-03778,high,single,completion,housing_singleton,housing_singleton_kept,22
B3_3399,059-2286-092-00,(housing-singleton),1,housing_singleton,B2025-04495,,high,B2025-04495,high,single,completion,housing_singleton,housing_singleton_kept,22
B3_3400,059-2282-036-00,(housing-singleton),1,housing_singleton,B2023-01934,,high,B2023-01934,high,single,completion,housing_singleton,housing_singleton_kept,22
B3_3401,057-2079-007-00,(housing-singleton),1,housing_singleton,B2023-06197,,high,B2023-06197,high,single,ancillary,housing_singleton,housing_singleton_kept,22
B3_3402,058-2137-019-00,(housing-singleton),1,housing_singleton,B2022-02547,,high,B2022-02547,high,single,completion,housing_singleton,housing_singleton_kept,22
B3_3403,060-2490-010-04,(housing-singleton),1,housing_singleton,B2025-05032,,high,B2025-05032,high,single,ancillary,housing_singleton,housing_singleton_kept,22
B3_3404,054-1747-028-00,(housing-singleton),1,housing_singleton,B2024-01246,,high,B2024-01246,high,single,completion,housing_singleton,housing_singleton_kept,22
B3_3405,061-2555-027-00,(housing-singleton),1,housing_singleton,B2023-00278,,high,B2023-00278,high,single,completion,housing_singleton,housing_singleton_kept,22
B3_3406,056-2001-009-00,(housing-singleton),1,housing_singleton,B2024-04507,,high,B2024-04507,high,single,completion,housing_singleton,housing_singleton_kept,22
B3_3407,053-1692-004-00,(housing-singleton),1,housing_singleton,B2025-03370,,high,B2025-03370,high,single,sitework,housing_singleton,housing_singleton_kept,22
B3_3408,057-2093-001-00,(housing-singleton),1,housing_singleton,B2024-02862,,high,B2024-02862,high,single,completion,housing_singleton,housing_singleton_kept,22
B3_3409,058-2176-005-00,(housing-singleton),1,housing_singleton,B2019-02567,,high,B2019-02567,high,single,completion,housing_singleton,housing_singleton_kept,22
B3_3410,058-2128-003-01,Building A,1,building_label,B2018-03056,,high,B2018-03056,high,single,completion,label_singleton,labeled_singleton,22
B3_3411,059-2325-003-01,(housing-singleton),1,housing_singleton,B2021-01329,,high,B2021-01329,high,single,completion,housing_singleton,housing_singleton_kept,22
B3_3412,060-2451-023-00,(housing-singleton),1,housing_singleton,B2019-02517,,high,B2019-02517,high,single,completion,housing_singleton,housing_singleton_kept,22
B3_3413,063-3140-085-01,(housing-singleton),1,housing_singleton,B2023-00760,,high,B2023-00760,high,single,completion,housing_singleton,housing_singleton_kept,22
B3_3414,053-1699-006-00,(housing-singleton),1,housing_singleton,B2025-02240,,high,B2025-02240,high,single,completion,housing_singleton,housing_singleton_kept,22
B3_3415,057-2016-020-00,(housing-singleton),1,housing_singleton,B2014-05786,,high,B2014-05786,high,single,completion,housing_singleton,housing_singleton_kept,22
B3_3416,057-2018-007-00,(housing-singleton),1,housing_singleton,B2020-01827,,high,B2020-01827,high,single,completion,housing_singleton,housing_singleton_kept,22
B3_3417,063-3140-049-00,(housing-singleton),1,housing_singleton,B2023-03560,,high,B2023-03560,high,single,completion,housing_singleton,housing_singleton_kept,22
B3_3418,052-1554-012-01,(housing-singleton),1,housing_singleton,B2024-02417,,high,B2024-02417,high,single,ancillary,housing_singleton,housing_singleton_kept,22
B3_3419,060-2416-002-00,(housing-singleton),1,housing_singleton,B2024-03629,,high,B2024-03629,high,single,completion,housing_singleton,housing_singleton_kept,22
B3_3420,056-2005-054-00,(housing-singleton),1,housing_singleton,B2024-05397,,high,B2024-05397,high,single,ancillary,housing_singleton,housing_singleton_kept,22
B3_3421,052-1563-168-00,(housing-singleton),1,housing_singleton,B2019-05267,,high,B2019-05267,high,single,completion,housing_singleton,housing_singleton_kept,22
B3_3422,054-1806-023-00,(housing-singleton),1,housing_singleton,B2019-03683,,high,B2019-03683,high,single,completion,housing_singleton,housing_singleton_kept,22
B3_3423,063-2961-014-00,(housing-singleton),1,housing_singleton,B2023-04493,,high,B2023-04493,high,single,ancillary,housing_singleton,housing_singleton_kept,22
B3_3424,062-2945-040-00,(housing-singleton),1,housing_singleton,B2024-04841,,high,B2024-04841,high,single,completion,housing_singleton,housing_singleton_kept,22
B3_3425,060-2447-007-00,(housing-singleton),1,housing_singleton,B2025-05140,,high,B2025-05140,high,single,ancillary,housing_singleton,housing_singleton_kept,22
B3_3426,055-1822-024-00,(housing-singleton),1,housing_singleton,B2021-05070,,high,B2021-05070,high,single,completion,housing_singleton,housing_singleton_kept,22
B3_3427,057-2022-006-00,(housing-singleton),1,housing_singleton,B2023-04813,,high,B2023-04813,high,single,completion,housing_singleton,housing_singleton_kept,22
B3_3428,059-2293-001-06,(housing-singleton),1,housing_singleton,B2025-02512,,high,B2025-02512,high,single,ancillary,housing_singleton,housing_singleton_kept,22
B3_3429,058-2160-013-00,(housing-singleton),1,housing_singleton,B2023-03055,,high,B2023-03055,high,single,completion,housing_singleton,housing_singleton_kept,22
B3_3430,060-2408-032-00,(housing-singleton),1,housing_singleton,B2025-01744,,high,B2025-01744,high,single,completion,housing_singleton,housing_singleton_kept,22
B3_3431,062-2886-010-00,(housing-singleton),1,housing_singleton,B2023-06236,,high,B2023-06236,high,single,ancillary,housing_singleton,housing_singleton_kept,22
B3_3432,052-1572-002-00,(housing-singleton),1,housing_singleton,B2023-06108,,high,B2023-06108,high,single,ancillary,housing_singleton,housing_singleton_kept,22
B3_3433,055-1899-017-00,(housing-singleton),1,housing_singleton,B2023-00910,,high,B2023-00910,high,single,completion,housing_singleton,housing_singleton_kept,22
B3_3434,064-4231-012-00,(housing-singleton),1,housing_singleton,B2018-00868,,high,B2018-00868,high,single,completion,housing_singleton,housing_singleton_kept,22
B3_3435,057-2068-004-00,(housing-singleton),1,housing_singleton,B2021-00811,,high,B2021-00811,high,single,completion,housing_singleton,housing_singleton_kept,22
B3_3436,062-2949-005-00,(housing-singleton),1,housing_singleton,B2025-03190,,high,B2025-03190,high,single,ancillary,housing_singleton,housing_singleton_kept,22
B3_3437,058-2195-004-00,(housing-singleton),1,housing_singleton,B2022-03237,,high,B2022-03237,high,single,completion,housing_singleton,housing_singleton_kept,22
B3_3438,058-2129-017-00,(housing-singleton),1,housing_singleton,B2024-02966,110.0,high,B2024-02966,high,single,completion,housing_singleton,housing_singleton_kept,22
B3_3440,061-2605-007-00,(housing-singleton),1,housing_singleton,B2025-05801,,high,B2025-05801,high,single,ancillary,housing_singleton,housing_singleton_kept,22
B3_3442,058-2133-007-00,(housing-singleton),1,housing_singleton,B2022-05598,,high,B2022-05598,high,single,ancillary,housing_singleton,housing_singleton_kept,22
B3_3443,056-2000-034-00,(housing-singleton),1,housing_singleton,B2023-06322,,high,B2023-06322,high,single,ancillary,housing_singleton,housing_singleton_kept,22
B3_3444,064-4252-007-00,(housing-singleton),1,housing_singleton,B2024-04005,,high,B2024-04005,high,single,completion,housing_singleton,housing_singleton_kept,22
B3_3445,060-2490-006-01,(housing-singleton),1,housing_singleton,B2022-05164,,high,B2022-05164,high,single,completion,housing_singleton,housing_singleton_kept,22
B3_3447,055-1816-013-00,(housing-singleton),1,housing_singleton,B2022-04253,,high,B2022-04253,high,single,completion,housing_singleton,housing_singleton_kept,22
B3_3448,056-1994-033-00,(housing-singleton),1,housing_singleton,B2025-00628,,high,B2025-00628,high,single,completion,housing_singleton,housing_singleton_kept,22
B3_3449,058-2129-002-00,(housing-singleton),1,housing_singleton,B2017-04980,,high,B2017-04980,high,single,completion,housing_singleton,housing_singleton_kept,22
B3_3450,059-2327-004-00,(housing-singleton),1,housing_singleton,B2017-03551,,high,B2017-03551,high,single,completion,housing_singleton,housing_singleton_kept,22
B3_3451,056-1973-011-00,(housing-singleton),1,housing_singleton,B2025-00681,,high,B2025-00681,high,single,completion,housing_singleton,housing_singleton_kept,22
B3_3452,060-2423-079-00,(housing-singleton),1,housing_singleton,B2020-00317,,high,B2020-00317,high,single,completion,housing_singleton,housing_singleton_kept,22
B3_3453,063-2961-008-01,(housing-singleton),1,housing_singleton,B2022-01271,,high,B2022-01271,high,single,completion,housing_singleton,housing_singleton_kept,22
B3_3454,058-2121-013-00,(housing-singleton),1,housing_singleton,B2022-03404,,high,B2022-03404,high,single,completion,housing_singleton,housing_singleton_kept,22
B3_3455,055-1841-024-00,(housing-singleton),1,housing_singleton,B2023-02659,,high,B2023-02659,high,single,completion,housing_singleton,housing_singleton_kept,22
B3_3456,058-2155-025-00,(housing-singleton),1,housing_singleton,B2024-03099,,high,B2024-03099,high,single,completion,housing_singleton,housing_singleton_kept,22
B3_3458,064-4243-013-01,(housing-singleton),1,housing_singleton,B2024-02174,,high,B2024-02174,high,single,completion,housing_singleton,housing_singleton_kept,22
B3_3459,063-3140-063-00,(housing-singleton),1,housing_singleton,B2025-01487,,high,B2025-01487,high,single,completion,housing_singleton,housing_singleton_kept,22
B3_3460,059-2311-002-00,(housing-singleton),1,housing_singleton,B2018-04738,,high,B2018-04738,high,single,completion,housing_singleton,housing_singleton_kept,22
B3_3461,055-1863-008-00,(housing-singleton),1,housing_singleton,B2020-01816,,high,B2020-01816,high,single,completion,housing_singleton,housing_singleton_kept,22
B3_3462,055-1907-030-00,(housing-singleton),1,housing_singleton,B2024-04850,,high,B2024-04850,high,single,completion,housing_singleton,housing_singleton_kept,22
B3_3463,052-1565-125-00,(housing-singleton),1,housing_singleton,B2022-05760,,high,B2022-05760,high,single,ancillary,housing_singleton,housing_singleton_kept,22
B3_3464,062-2922-007-00,(housing-singleton),1,housing_singleton,B2024-03869,,high,B2024-03869,high,single,sitework,housing_singleton,housing_singleton_kept,22
B3_3465,060-2423-009-00,(housing-singleton),1,housing_singleton,B2024-03125,,high,B2024-03125,high,single,completion,housing_singleton,housing_singleton_kept,22
B3_3466,058-2182-043-00,(housing-singleton),1,housing_singleton,B2024-04709,,high,B2024-04709,high,single,ancillary,housing_singleton,housing_singleton_kept,22
B3_3467,054-1781-004-00,(housing-singleton),1,housing_singleton,B2024-01304,,high,B2024-01304,high,single,completion,housing_singleton,housing_singleton_kept,22
B3_3468,059-2290-002-02,(housing-singleton),1,housing_singleton,B2024-05540,,high,B2024-05540,high,single,completion,housing_singleton,housing_singleton_kept,22
B3_3469,052-1584-026-00,(housing-singleton),1,housing_singleton,B2022-03076,,high,B2022-03076,high,single,ancillary,housing_singleton,housing_singleton_kept,22
B3_3470,058-2179-025-00,(housing-singleton),1,housing_singleton,B2023-03020,,high,B2023-03020,high,single,completion,housing_singleton,housing_singleton_kept,22
B3_3471,061-2586-029-01,(housing-singleton),1,housing_singleton,B2025-05768,,high,B2025-05768,high,single,completion,housing_singleton,housing_singleton_kept,22
B3_3472,062-2921-006-00,(housing-singleton),1,housing_singleton,B2024-04805,,high,B2024-04805,high,single,ancillary,housing_singleton,housing_singleton_kept,22
B3_3473,053-1673-030-00,(housing-singleton),1,housing_singleton,B2024-00629,,high,B2024-00629,high,single,completion,housing_singleton,housing_singleton_kept,22
B3_3474,058-2152-020-00,(housing-singleton),1,housing_singleton,B2024-00070,,high,B2024-00070,high,single,completion,housing_singleton,housing_singleton_kept,22
B3_3475,062-2899-018-00,(housing-singleton),1,housing_singleton,B2022-04558,,high,B2022-04558,high,single,ancillary,housing_singleton,housing_singleton_kept,22
B3_3476,060-2445-014-00,(housing-singleton),1,housing_singleton,B2022-04369,,high,B2022-04369,high,single,ancillary,housing_singleton,housing_singleton_kept,22
B3_3477,059-2293-001-04,(housing-singleton),1,housing_singleton,B2025-01237,,high,B2025-01237,high,single,completion,housing_singleton,housing_singleton_kept,22
B3_3478,060-2416-069-00,(housing-singleton),1,housing_singleton,B2025-02315,,high,B2025-02315,high,single,completion,housing_singleton,housing_singleton_kept,22
B3_3479,058-2183-015-00,(housing-singleton),1,housing_singleton,B2021-02315,,high,B2021-02315,high,single,completion,housing_singleton,housing_singleton_kept,22
B3_3480,063-3130-023-00,(housing-singleton),1,housing_singleton,B2022-05901,,high,B2022-05901,high,single,completion,housing_singleton,housing_singleton_kept,22
B3_3481,052-1581-028-00,(housing-singleton),1,housing_singleton,B2024-02438,,high,B2024-02438,high,single,ancillary,housing_singleton,housing_singleton_kept,22
B3_3482,059-2286-059-00,(housing-singleton),1,housing_singleton,B2024-03068,,high,B2024-03068,high,single,completion,housing_singleton,housing_singleton_kept,22
B3_3483,053-1608-033-00,(housing-singleton),1,housing_singleton,B2020-01225,,high,B2020-01225,high,single,completion,housing_singleton,housing_singleton_kept,22
B3_3484,053-1701-071-00,(housing-singleton),1,housing_singleton,B2024-04769,,high,B2024-04769,high,single,completion,housing_singleton,housing_singleton_kept,22
B3_3485,056-1917-005-00,(housing-singleton),1,housing_singleton,B2022-05595,,high,B2022-05595,high,single,completion,housing_singleton,housing_singleton_kept,22
B3_3486,062-2942-045-00,(housing-singleton),1,housing_singleton,B2024-05734,,high,B2024-05734,high,single,completion,housing_singleton,housing_singleton_kept,22
B3_3487,061-2565-028-00,(housing-singleton),1,housing_singleton,B2025-00526,,high,B2025-00526,high,single,ancillary,housing_singleton,housing_singleton_kept,22
B3_3488,052-1565-124-00,(housing-singleton),1,housing_singleton,B2022-05666,,high,B2022-05666,high,single,completion,housing_singleton,housing_singleton_kept,22
B3_3489,059-2326-001-02,(housing-singleton),1,housing_singleton,B2016-02797,,high,B2016-02797,high,single,completion,housing_singleton,housing_singleton_kept,22
B3_3490,056-1926-007-00,(housing-singleton),1,housing_singleton,B2023-01722,,high,B2023-01722,high,single,completion,housing_singleton,housing_singleton_kept,22
B3_3491,064-4246-010-00,(housing-singleton),1,housing_singleton,B2024-00118,,high,B2024-00118,high,single,ancillary,housing_singleton,housing_singleton_kept,22
B3_3492,055-1909-017-00,(housing-singleton),1,housing_singleton,B2025-04790,,high,B2025-04790,high,single,completion,housing_singleton,housing_singleton_kept,22
B3_3493,064-4246-021-00,(housing-singleton),1,housing_singleton,B2022-05024,,high,B2022-05024,high,single,ancillary,housing_singleton,housing_singleton_kept,22
B3_3494,063-3130-087-00,(housing-singleton),1,housing_singleton,B2022-03606,,high,B2022-03606,high,single,completion,housing_singleton,housing_singleton_kept,22
B3_3495,052-1579-018-00,(housing-singleton),1,housing_singleton,B2025-01046,,high,B2025-01046,high,single,ancillary,housing_singleton,housing_singleton_kept,22
B3_3497,055-1912-011-00,(housing-singleton),1,housing_singleton,B2024-04077,,high,B2024-04077,high,single,ancillary,housing_singleton,housing_singleton_kept,22
B3_3498,062-2939-057-02,(housing-singleton),1,housing_singleton,B2025-00028,,high,B2025-00028,high,single,ancillary,housing_singleton,housing_singleton_kept,22
B3_3499,060-2447-004-00,(housing-singleton),1,housing_singleton,B2023-00014,,high,B2023-00014,high,single,ancillary,housing_singleton,housing_singleton_kept,22
B3_3500,054-1733-014-00,(housing-singleton),1,housing_singleton,B2023-03268,,high,B2023-03268,high,single,completion,housing_singleton,housing_singleton_kept,22
B3_3501,064-4251-029-00,(housing-singleton),1,housing_singleton,B2019-01781,,high,B2019-01781,high,single,completion,housing_singleton,housing_singleton_kept,22
B3_3502,059-2265-036-00,(housing-singleton),1,housing_singleton,B2023-03230,,high,B2023-03230,high,single,completion,housing_singleton,housing_singleton_kept,22
B3_3503,054-1792-026-00,(housing-singleton),1,housing_singleton,B2016-03592,,high,B2016-03592,high,single,completion,housing_singleton,housing_singleton_kept,22
B3_3504,054-1803-003-00,(housing-singleton),1,housing_singleton,B2024-00907,,high,B2024-00907,high,single,ancillary,housing_singleton,housing_singleton_kept,22
B3_3505,055-1843-014-00,(housing-singleton),1,housing_singleton,B2025-02680,,high,B2025-02680,high,single,ancillary,housing_singleton,housing_singleton_kept,22
B3_3506,059-2280-007-00,(housing-singleton),1,housing_singleton,B2018-01751,,high,B2018-01751,high,single,completion,housing_singleton,housing_singleton_kept,22
B3_3507,059-2279-003-00,(housing-singleton),1,housing_singleton,B2019-02435,,high,B2019-02435,high,single,completion,housing_singleton,housing_singleton_kept,22
B3_3508,063-2972-062-02,(housing-singleton),1,housing_singleton,B2024-04071,,high,B2024-04071,high,single,completion,housing_singleton,housing_singleton_kept,22
B3_3509,060-2484-007-01,(housing-singleton),1,housing_singleton,B2025-03808,,high,B2025-03808,high,single,ancillary,housing_singleton,housing_singleton_kept,22
B3_3510,052-1563-183-00,(housing-singleton),1,housing_singleton,B2025-05498,,high,B2025-05498,high,single,ancillary,housing_singleton,housing_singleton_kept,22
B3_3511,061-2583-040-00,(housing-singleton),1,housing_singleton,B2024-03101,,high,B2024-03101,high,single,completion,housing_singleton,housing_singleton_kept,22
B3_3512,058-2159-001-00,(housing-singleton),1,housing_singleton,B2024-03807,,high,B2024-03807,high,single,completion,housing_singleton,housing_singleton_kept,22
B3_3513,058-2150-007-00,(housing-singleton),1,housing_singleton,B2025-04858,,high,B2025-04858,high,single,completion,housing_singleton,housing_singleton_kept,22
B3_3514,058-2145-049-00,(housing-singleton),1,housing_singleton,B2024-03546,,high,B2024-03546,high,single,completion,housing_singleton,housing_singleton_kept,22
B3_3515,053-1689-006-02,(housing-singleton),1,housing_singleton,B2021-02350,,high,B2021-02350,high,single,completion,housing_singleton,housing_singleton_kept,22
B3_3516,052-1580-021-00,(housing-singleton),1,housing_singleton,B2025-00169,,high,B2025-00169,high,single,ancillary,housing_singleton,housing_singleton_kept,22
B3_3517,054-1704-004-00,(housing-singleton),1,housing_singleton,B2025-02984,,high,B2025-02984,high,single,completion,housing_singleton,housing_singleton_kept,22
B3_3518,052-1410-038-00,(housing-singleton),1,housing_singleton,B2025-05179,,high,B2025-05179,high,single,completion,housing_singleton,housing_singleton_kept,22
B3_3519,053-1669-004-00,(housing-singleton),1,housing_singleton,B2018-05064,,high,B2018-05064,high,single,completion,housing_singleton,housing_singleton_kept,22
B3_3520,059-2290-048-00,(housing-singleton),1,housing_singleton,B2022-03694,,high,B2022-03694,high,single,completion,housing_singleton,housing_singleton_kept,22
B3_3521,057-2079-001-01,Building B,1,building_label,B2019-03976,,high,B2019-03976,high,single,completion,label_singleton,labeled_singleton,22
B3_3522,059-2265-043-00,(housing-singleton),1,housing_singleton,B2022-02904,,high,B2022-02904,high,single,completion,housing_singleton,housing_singleton_kept,22
B3_3523,056-1928-012-00,(housing-singleton),1,housing_singleton,B2024-01758,,high,B2024-01758,high,single,completion,housing_singleton,housing_singleton_kept,22
B3_3524,053-1689-025-00,(housing-singleton),1,housing_singleton,B2017-03830,,high,B2017-03830,high,single,completion,housing_singleton,housing_singleton_kept,22
B3_3525,055-1883-027-00,(housing-singleton),1,housing_singleton,B2022-05957,13.0,high,B2022-05957,high,single,completion,housing_singleton,housing_singleton_kept,22
B3_3526,059-2328-012-00,(housing-singleton),1,housing_singleton,B2024-03477,,high,B2024-03477,high,single,ancillary,housing_singleton,housing_singleton_kept,22
B3_3527,055-1912-018-00,(housing-singleton),1,housing_singleton,B2018-01256,,high,B2018-01256,high,single,completion,housing_singleton,housing_singleton_kept,22
B3_3528,062-2902-022-00,(housing-singleton),1,housing_singleton,B2024-05588,,high,B2024-05588,high,single,completion,housing_singleton,housing_singleton_kept,22
B3_3529,052-1516-010-00,(housing-singleton),1,housing_singleton,B2019-01663,,high,B2019-01663,high,single,completion,housing_singleton,housing_singleton_kept,22
B3_3530,061-2629-005-00,(housing-singleton),1,housing_singleton,B2021-02612,,high,B2021-02612,high,single,completion,housing_singleton,housing_singleton_kept,22
B3_3531,058-2129-002-00,(housing-singleton),1,housing_singleton,B2017-04979,,high,B2017-04979,high,single,completion,housing_singleton,housing_singleton_kept,22
B3_3532,056-1925-015-00,(housing-singleton),1,housing_singleton,B2022-04004,,high,B2022-04004,high,single,ancillary,housing_singleton,housing_singleton_kept,22
B3_3533,056-2005-010-00,(housing-singleton),1,housing_singleton,B2023-03676,,high,B2023-03676,high,single,ancillary,housing_singleton,housing_singleton_kept,22
B3_3534,060-2462-005-00,(housing-singleton),1,housing_singleton,B2024-05826,,high,B2024-05826,high,single,ancillary,housing_singleton,housing_singleton_kept,22
B3_3535,055-1828-012-00,(housing-singleton),1,housing_singleton,B2023-04736,,high,B2023-04736,high,single,completion,housing_singleton,housing_singleton_kept,22
B3_3536,055-1903-022-00,(housing-singleton),1,housing_singleton,B2025-00295,,high,B2025-00295,high,single,completion,housing_singleton,housing_singleton_kept,22
B3_3537,061-2554-010-00,(housing-singleton),1,housing_singleton,B2023-05039,,high,B2023-05039,high,single,ancillary,housing_singleton,housing_singleton_kept,22
B3_3538,058-2247-009-00,(housing-singleton),1,housing_singleton,B2024-02126,,high,B2024-02126,high,single,completion,housing_singleton,housing_singleton_kept,22
B3_3539,054-1734-003-00,(housing-singleton),1,housing_singleton,B2025-05971,,high,B2025-05971,high,single,ancillary,housing_singleton,housing_singleton_kept,22
B3_3540,052-1516-024-00,Building 3,1,building_label,B2018-01348,1.0,high,B2018-01348,high,single,completion,label_singleton,labeled_singleton,22
B3_3541,056-1919-004-00,(housing-singleton),1,housing_singleton,B2023-01166,,high,B2023-01166,high,single,ancillary,housing_singleton,housing_singleton_kept,22
B3_3542,060-2436-004-00,(housing-singleton),1,housing_singleton,B2023-04192,,high,B2023-04192,high,single,completion,housing_singleton,housing_singleton_kept,22
B3_3543,053-1663-024-00,(housing-singleton),1,housing_singleton,B2025-00865,,high,B2025-00865,high,single,completion,housing_singleton,housing_singleton_kept,22
B3_3544,060-2423-007-00,(housing-singleton),1,housing_singleton,B2023-06191,,high,B2023-06191,high,single,completion,housing_singleton,housing_singleton_kept,22
B3_3545,052-1580-013-00,(housing-singleton),1,housing_singleton,B2021-00565,,high,B2021-00565,high,single,completion,housing_singleton,housing_singleton_kept,22
B3_3546,059-2248-014-00,(housing-singleton),1,housing_singleton,B2020-00043,,high,B2020-00043,high,single,completion,housing_singleton,housing_singleton_kept,22
B3_3547,061-2564-005-00,(housing-singleton),1,housing_singleton,B2023-01922,,high,B2023-01922,high,single,completion,housing_singleton,housing_singleton_kept,22
B3_3548,057-2018-001-00,(housing-singleton),1,housing_singleton,B2022-05761,,high,B2022-05761,high,single,completion,housing_singleton,housing_singleton_kept,22
B3_3549,060-2489-038-01,(housing-singleton),1,housing_singleton,B2024-01596,,high,B2024-01596,high,single,ancillary,housing_singleton,housing_singleton_kept,22
B3_3550,053-1686-033-00,(housing-singleton),1,housing_singleton,B2023-02897,,high,B2023-02897,high,single,completion,housing_singleton,housing_singleton_kept,22
B3_3551,063-2967-017-03,(housing-singleton),1,housing_singleton,B2017-03093,,high,B2017-03093,high,single,completion,housing_singleton,housing_singleton_kept,22
B3_3552,054-1809-020-00,(housing-singleton),1,housing_singleton,B2025-00406,,high,B2025-00406,high,single,completion,housing_singleton,housing_singleton_kept,22
B3_3553,060-2427-022-00,(housing-singleton),1,housing_singleton,B2023-01204,,high,B2023-01204,high,single,sitework,housing_singleton,housing_singleton_kept,22
B3_3554,053-1673-026-00,(housing-singleton),1,housing_singleton,B2019-03475,,high,B2019-03475,high,single,completion,housing_singleton,housing_singleton_kept,22
B3_3555,056-1917-022-00,(housing-singleton),1,housing_singleton,B2025-05468,,high,B2025-05468,high,single,completion,housing_singleton,housing_singleton_kept,22
B3_3556,054-1738-025-01,(housing-singleton),1,housing_singleton,B2024-05116,,high,B2024-05116,high,single,completion,housing_singleton,housing_singleton_kept,22
B3_3557,061-2550-004-00,(housing-singleton),1,housing_singleton,B2018-02038,,high,B2018-02038,high,single,completion,housing_singleton,housing_singleton_kept,22
B3_3558,056-1927-026-00,(housing-singleton),1,housing_singleton,B2021-02706,1.0,high,B2021-02706,high,single,completion,housing_singleton,housing_singleton_kept,22
B3_3559,059-2325-004-00,(housing-singleton),1,housing_singleton,B2021-05365,,high,B2021-05365,high,single,completion,housing_singleton,housing_singleton_kept,22
B3_3560,060-2464-009-00,(housing-singleton),1,housing_singleton,B2018-01529,1.0,high,B2018-01529,high,single,completion,housing_singleton,housing_singleton_kept,22
B3_3561,054-1742-083-00,(housing-singleton),1,housing_singleton,B2025-02398,,high,B2025-02398,high,single,completion,housing_singleton,housing_singleton_kept,22
B3_3562,060-2492-011-00,(housing-singleton),1,housing_singleton,B2024-02062,,high,B2024-02062,high,single,ancillary,housing_singleton,housing_singleton_kept,22
B3_3563,064-4240-018-00,(housing-singleton),1,housing_singleton,B2024-04290,,high,B2024-04290,high,single,ancillary,housing_singleton,housing_singleton_kept,22
B3_3564,054-1806-012-00,(housing-singleton),1,housing_singleton,B2023-00245,,high,B2023-00245,high,single,completion,housing_singleton,housing_singleton_kept,22
B3_3565,052-1585-003-00,(housing-singleton),1,housing_singleton,B2018-04619,,high,B2018-04619,high,single,completion,housing_singleton,housing_singleton_kept,22
B3_3566,060-2484-004-03,(housing-singleton),1,housing_singleton,B2025-03806,,high,B2025-03806,high,single,ancillary,housing_singleton,housing_singleton_kept,22
B3_3567,058-2172-023-00,(housing-singleton),1,housing_singleton,B2025-04943,,high,B2025-04943,high,single,ancillary,housing_singleton,housing_singleton_kept,22
B3_3568,060-2436-009-00,(housing-singleton),1,housing_singleton,B2024-01049,,high,B2024-01049,high,single,ancillary,housing_singleton,housing_singleton_kept,22
B3_3569,060-2453-045-00,Building 1,1,building_label,B2025-05159,,high,B2025-05159,high,single,ancillary,label_singleton,labeled_singleton,22
B3_3570,062-2849-009-00,(housing-singleton),1,housing_singleton,B2024-05187,,high,B2024-05187,high,single,completion,housing_singleton,housing_singleton_kept,22
B3_3571,058-2150-003-00,(housing-singleton),1,housing_singleton,B2024-02212,,high,B2024-02212,high,single,completion,housing_singleton,housing_singleton_kept,22
B3_3572,053-1598-027-00,(housing-singleton),1,housing_singleton,B2022-03551,,high,B2022-03551,high,single,sitework,housing_singleton,housing_singleton_kept,22
B3_3573,061-2576-001-00,(housing-singleton),1,housing_singleton,B2024-05266,,high,B2024-05266,high,single,completion,housing_singleton,housing_singleton_kept,22
B3_3574,053-1663-014-00,(housing-singleton),1,housing_singleton,B2025-02403,,high,B2025-02403,high,single,sitework,housing_singleton,housing_singleton_kept,22
B3_3575,060-2435-041-00,(housing-singleton),1,housing_singleton,B2020-04225,,high,B2020-04225,high,single,completion,housing_singleton,housing_singleton_kept,22
B3_3576,063-3140-115-00,(housing-singleton),1,housing_singleton,B2025-02509,,high,B2025-02509,high,single,completion,housing_singleton,housing_singleton_kept,22
B3_3577,063-2968-004-00,(housing-singleton),1,housing_singleton,B2022-00417,,high,B2022-00417,high,single,completion,housing_singleton,housing_singleton_kept,22
B3_3578,057-2013-027-00,(housing-singleton),1,housing_singleton,B2025-00490,,high,B2025-00490,high,single,ancillary,housing_singleton,housing_singleton_kept,22
B3_3579,062-2869-006-00,(housing-singleton),1,housing_singleton,B2018-01975,,high,B2018-01975,high,single,completion,housing_singleton,housing_singleton_kept,22
B3_3580,061-2570-016-00,(housing-singleton),1,housing_singleton,B2024-04154,,high,B2024-04154,high,single,ancillary,housing_singleton,housing_singleton_kept,22
B3_3581,058-2199-012-00,(housing-singleton),1,housing_singleton,B2024-04819,,high,B2024-04819,high,single,completion,housing_singleton,housing_singleton_kept,22
B3_3582,056-1923-027-00,(housing-singleton),1,housing_singleton,B2024-02024,,high,B2024-02024,high,single,ancillary,housing_singleton,housing_singleton_kept,22
B3_3583,058-2118-024-00,(housing-singleton),1,housing_singleton,B2024-03019,,high,B2024-03019,high,single,ancillary,housing_singleton,housing_singleton_kept,22
B3_3584,056-1943-020-00,(housing-singleton),1,housing_singleton,B2021-04907,,high,B2021-04907,high,single,completion,housing_singleton,housing_singleton_kept,22
B3_3585,058-2157-006-00,(housing-singleton),1,housing_singleton,B2024-04971,,high,B2024-04971,high,single,completion,housing_singleton,housing_singleton_kept,22
B3_3586,061-2618-006-00,(housing-singleton),1,housing_singleton,B2023-06414,,high,B2023-06414,high,single,ancillary,housing_singleton,housing_singleton_kept,22
B3_3587,052-1436-001-01,(housing-singleton),1,housing_singleton,B2022-04101,,high,B2022-04101,high,single,ancillary,housing_singleton,housing_singleton_kept,22
B3_3588,059-2278-026-00,(housing-singleton),1,housing_singleton,B2023-05094,,high,B2023-05094,high,single,completion,housing_singleton,housing_singleton_kept,22
B3_3589,055-1899-008-00,(housing-singleton),1,housing_singleton,B2024-05528,,high,B2024-05528,high,single,ancillary,housing_singleton,housing_singleton_kept,22
B3_3590,059-2312-001-00,(housing-singleton),1,housing_singleton,B2022-04798,1.0,high,B2022-04798,high,single,completion,housing_singleton,housing_singleton_kept,22
B3_3591,056-1979-008-00,(housing-singleton),1,housing_singleton,B2025-04168,,high,B2025-04168,high,single,completion,housing_singleton,housing_singleton_kept,22
B3_3592,057-2067-017-00,(housing-singleton),1,housing_singleton,B2020-00943,,high,B2020-00943,high,single,completion,housing_singleton,housing_singleton_kept,22
B3_3593,058-2157-003-00,(housing-singleton),1,housing_singleton,B2023-06020,,high,B2023-06020,high,single,completion,housing_singleton,housing_singleton_kept,22
B3_3594,060-2401-028-00,(housing-singleton),1,housing_singleton,B2022-02565,,high,B2022-02565,high,single,completion,housing_singleton,housing_singleton_kept,22
B3_3595,059-2251-025-00,(housing-singleton),1,housing_singleton,B2025-00768,,high,B2025-00768,high,single,ancillary,housing_singleton,housing_singleton_kept,22
B3_3596,052-1515-046-00,(housing-singleton),1,housing_singleton,B2020-00446,,high,B2020-00446,high,single,sitework,housing_singleton,housing_singleton_kept,22
B3_3597,054-1792-003-00,(housing-singleton),1,housing_singleton,B2025-04107,,high,B2025-04107,high,single,completion,housing_singleton,housing_singleton_kept,22
B3_3598,052-1565-012-00,(housing-singleton),1,housing_singleton,B2022-05645,,high,B2022-05645,high,single,ancillary,housing_singleton,housing_singleton_kept,22
B3_3599,063-2960-014-00,(housing-singleton),1,housing_singleton,B2023-02895,,high,B2023-02895,high,single,completion,housing_singleton,housing_singleton_kept,22
B3_3600,052-1584-016-00,(housing-singleton),1,housing_singleton,B2025-05764,,high,B2025-05764,high,single,ancillary,housing_singleton,housing_singleton_kept,22
B3_3601,058-2167-033-00,(housing-singleton),1,housing_singleton,B2025-01716,,high,B2025-01716,high,single,ancillary,housing_singleton,housing_singleton_kept,22
B3_3602,063-2979-004-00,(housing-singleton),1,housing_singleton,B2022-04407,,high,B2022-04407,high,single,ancillary,housing_singleton,housing_singleton_kept,22
B3_3603,059-2292-021-00,(housing-singleton),1,housing_singleton,B2019-04441,,high,B2019-04441,high,single,completion,housing_singleton,housing_singleton_kept,22
B3_3604,060-2492-009-02,(housing-singleton),1,housing_singleton,B2024-02178,,high,B2024-02178,high,single,ancillary,housing_singleton,housing_singleton_kept,22
B3_3605,063-2983-037-00,(housing-singleton),1,housing_singleton,B2023-00572,,high,B2023-00572,high,single,completion,housing_singleton,housing_singleton_kept,22
B3_3606,061-2577-024-00,(housing-singleton),1,housing_singleton,B2023-00723,,high,B2023-00723,high,single,completion,housing_singleton,housing_singleton_kept,22
B3_3607,058-2172-037-00,(housing-singleton),1,housing_singleton,B2025-04050,,high,B2025-04050,high,single,ancillary,housing_singleton,housing_singleton_kept,22
B3_3608,057-2092-004-00,(housing-singleton),1,housing_singleton,B2025-02343,,high,B2025-02343,high,single,completion,housing_singleton,housing_singleton_kept,22
B3_3609,056-2002-004-00,(housing-singleton),1,housing_singleton,B2025-05947,,high,B2025-05947,high,single,ancillary,housing_singleton,housing_singleton_kept,22
B3_3610,058-2207-005-01,(housing-singleton),1,housing_singleton,B2023-04429,,high,B2023-04429,high,single,completion,housing_singleton,housing_singleton_kept,22
B3_3611,054-1704-020-00,(housing-singleton),1,housing_singleton,B2024-05725,,high,B2024-05725,high,single,completion,housing_singleton,housing_singleton_kept,22
B3_3612,058-2157-022-00,(housing-singleton),1,housing_singleton,B2017-03281,,high,B2017-03281,high,single,completion,housing_singleton,housing_singleton_kept,22
B3_3613,059-2273-032-00,(housing-singleton),1,housing_singleton,B2024-04986,,high,B2024-04986,high,single,completion,housing_singleton,housing_singleton_kept,22
B3_3614,056-1982-008-00,(housing-singleton),1,housing_singleton,B2024-03513,,high,B2024-03513,high,single,completion,housing_singleton,housing_singleton_kept,22
B3_3615,052-1574-026-00,(housing-singleton),1,housing_singleton,B2023-00338,,high,B2023-00338,high,single,completion,housing_singleton,housing_singleton_kept,22
B3_3616,057-2067-015-01,(housing-singleton),1,housing_singleton,B2024-01317,,high,B2024-01317,high,single,completion,housing_singleton,housing_singleton_kept,22
B3_3617,053-1623-012-01,Building B,1,building_label,B2018-05101,,high,B2018-05101,high,single,completion,label_singleton,labeled_singleton,22
B3_3618,061-2582-026-00,(housing-singleton),1,housing_singleton,B2022-06029,,high,B2022-06029,high,single,completion,housing_singleton,housing_singleton_kept,22
B3_3619,062-2921-005-00,(housing-singleton),1,housing_singleton,B2023-02841,,high,B2023-02841,high,single,completion,housing_singleton,housing_singleton_kept,22
B3_3620,060-2411-001-02,(housing-singleton),1,housing_singleton,B2021-00122,,high,B2021-00122,high,single,completion,housing_singleton,housing_singleton_kept,22
B3_3621,057-2063-007-00,(housing-singleton),1,housing_singleton,B2020-02131,,high,B2020-02131,high,single,completion,housing_singleton,housing_singleton_kept,22
B3_3622,054-1791-010-00,(housing-singleton),1,housing_singleton,B2022-00935,,high,B2022-00935,high,single,completion,housing_singleton,housing_singleton_kept,22
B3_3623,058-2242-012-00,(housing-singleton),1,housing_singleton,B2022-05921,,high,B2022-05921,high,single,completion,housing_singleton,housing_singleton_kept,22
B3_3624,059-2256-025-00,(housing-singleton),1,housing_singleton,B2024-00271,,high,B2024-00271,high,single,completion,housing_singleton,housing_singleton_kept,22
B3_3625,055-1880-022-01,Building 1,1,building_label,B2023-05281,,high,B2023-05281,high,single,completion,label_singleton,labeled_singleton,22
B3_3626,059-2288-034-00,(housing-singleton),1,housing_singleton,B2024-04772,,high,B2024-04772,high,single,ancillary,housing_singleton,housing_singleton_kept,22
B3_3627,053-1619-021-00,(housing-singleton),1,housing_singleton,B2022-05763,,high,B2022-05763,high,single,ancillary,housing_singleton,housing_singleton_kept,22
B3_3628,055-1901-018-00,Building 14,1,building_label,B2022-02956,,high,B2022-02956,high,single,completion,label_singleton,labeled_singleton,22
B3_3629,054-1792-016-00,(housing-singleton),1,housing_singleton,B2023-03665,,high,B2023-03665,high,single,completion,housing_singleton,housing_singleton_kept,22
B3_3630,056-1962-008-00,(housing-singleton),1,housing_singleton,B2023-00296,,high,B2023-00296,high,single,ancillary,housing_singleton,housing_singleton_kept,22
B3_3631,059-2282-037-00,(housing-singleton),1,housing_singleton,B2022-00473,,high,B2022-00473,high,single,completion,housing_singleton,housing_singleton_kept,22
B3_3632,059-2270-001-00,(housing-singleton),1,housing_singleton,B2022-01317,,high,B2022-01317,high,single,completion,housing_singleton,housing_singleton_kept,22
B3_3633,057-2057-002-00,(housing-singleton),1,housing_singleton,B2022-01636,,high,B2022-01636,high,single,ancillary,housing_singleton,housing_singleton_kept,22
B3_3634,055-1883-018-00,(housing-singleton),1,housing_singleton,B2024-05718,,high,B2024-05718,high,single,ancillary,housing_singleton,housing_singleton_kept,22
B3_3635,062-2943-005-00,(housing-singleton),1,housing_singleton,B2025-01800,,high,B2025-01800,high,single,completion,housing_singleton,housing_singleton_kept,22
B3_3636,052-1530-015-00,(housing-singleton),1,housing_singleton,B2025-00503,,high,B2025-00503,high,single,ancillary,housing_singleton,housing_singleton_kept,22
B3_3637,062-2916-028-00,(housing-singleton),1,housing_singleton,B2022-05525,,high,B2022-05525,high,single,ancillary,housing_singleton,housing_singleton_kept,22
B3_3638,061-2563-002-00,(housing-singleton),1,housing_singleton,B2021-05201,,high,B2021-05201,high,single,completion,housing_singleton,housing_singleton_kept,22
B3_3639,053-1607-013-00,(housing-singleton),1,housing_singleton,B2024-04505,,high,B2024-04505,high,single,ancillary,housing_singleton,housing_singleton_kept,22
B3_3640,058-2182-033-01,(housing-singleton),1,housing_singleton,B2025-02592,,high,B2025-02592,high,single,completion,housing_singleton,housing_singleton_kept,22
B3_3641,055-1911-015-00,(housing-singleton),1,housing_singleton,B2025-00956,,high,B2025-00956,high,single,completion,housing_singleton,housing_singleton_kept,22
B3_3642,060-2489-032-00,(housing-singleton),1,housing_singleton,B2015-03376,,high,B2015-03376,high,single,completion,housing_singleton,housing_singleton_kept,22
B3_3643,058-2232-018-01,(housing-singleton),1,housing_singleton,B2024-01391,,high,B2024-01391,high,single,ancillary,housing_singleton,housing_singleton_kept,22
B3_3644,063-2962-013-00,(housing-singleton),1,housing_singleton,B2020-01468,,high,B2020-01468,high,single,completion,housing_singleton,housing_singleton_kept,22
B3_3645,060-2415-012-00,(housing-singleton),1,housing_singleton,B2023-06445,,high,B2023-06445,high,single,completion,housing_singleton,housing_singleton_kept,22
B3_3646,058-2232-008-00,(housing-singleton),1,housing_singleton,B2025-01455,,high,B2025-01455,high,single,completion,housing_singleton,housing_singleton_kept,22
B3_3647,058-2244-009-00,(housing-singleton),1,housing_singleton,B2025-04327,1.0,high,B2025-04327,high,single,completion,housing_singleton,housing_singleton_kept,22
B3_3648,061-2610-020-00,(housing-singleton),1,housing_singleton,B2023-01828,,high,B2023-01828,high,single,completion,housing_singleton,housing_singleton_kept,22
B3_3649,052-1515-048-00,(housing-singleton),1,housing_singleton,B2017-00005,,high,B2017-00005,high,single,completion,housing_singleton,housing_singleton_kept,22
B3_3650,056-1934-004-00,(housing-singleton),1,housing_singleton,B2022-03219,,high,B2022-03219,high,single,sitework,housing_singleton,housing_singleton_kept,22
B3_3651,054-1715-036-00,(housing-singleton),1,housing_singleton,B2023-00879,,high,B2023-00879,high,single,completion,housing_singleton,housing_singleton_kept,22
B3_3652,053-1663-022-00,(housing-singleton),1,housing_singleton,B2024-00353,,high,B2024-00353,high,single,ancillary,housing_singleton,housing_singleton_kept,22
B3_3653,054-1791-028-00,(housing-singleton),1,housing_singleton,B2024-04699,,high,B2024-04699,high,single,completion,housing_singleton,housing_singleton_kept,22
B3_3654,058-2125-013-00,(housing-singleton),1,housing_singleton,B2018-01356,,high,B2018-01356,high,single,completion,housing_singleton,housing_singleton_kept,22
B3_3655,058-2183-022-00,(housing-singleton),1,housing_singleton,B2025-02572,,high,B2025-02572,high,single,completion,housing_singleton,housing_singleton_kept,22
B3_3656,059-2328-003-01,(housing-singleton),1,housing_singleton,B2025-00640,,high,B2025-00640,high,single,completion,housing_singleton,housing_singleton_kept,22
B3_3657,056-1976-020-00,(housing-singleton),1,housing_singleton,B2021-04178,,high,B2021-04178,high,single,completion,housing_singleton,housing_singleton_kept,22
B3_3658,053-1677-009-00,(housing-singleton),1,housing_singleton,B2020-03494,,high,B2020-03494,high,single,completion,housing_singleton,housing_singleton_kept,22
B3_3659,054-1801-018-00,(housing-singleton),1,housing_singleton,B2024-04155,,high,B2024-04155,high,single,completion,housing_singleton,housing_singleton_kept,22
B3_3660,058-2153-033-00,(housing-singleton),1,housing_singleton,B2024-00499,,high,B2024-00499,high,single,ancillary,housing_singleton,housing_singleton_kept,22
B3_3661,056-2000-011-00,(housing-singleton),1,housing_singleton,B2023-03966,,high,B2023-03966,high,single,ancillary,housing_singleton,housing_singleton_kept,22
B3_3662,052-1585-018-00,(housing-singleton),1,housing_singleton,B2024-00727,,high,B2024-00727,high,single,completion,housing_singleton,housing_singleton_kept,22
B3_3663,060-2489-017-00,(housing-singleton),1,housing_singleton,B2024-01712,,high,B2024-01712,high,single,ancillary,housing_singleton,housing_singleton_kept,22
B3_3664,054-1784-004-00,(housing-singleton),1,housing_singleton,B2024-03760,,high,B2024-03760,high,single,completion,housing_singleton,housing_singleton_kept,22
B3_3665,060-2466-030-00,(housing-singleton),1,housing_singleton,B2024-04255,,high,B2024-04255,high,single,completion,housing_singleton,housing_singleton_kept,22
B3_3666,062-2943-018-00,(housing-singleton),1,housing_singleton,B2024-04890,,high,B2024-04890,high,single,completion,housing_singleton,housing_singleton_kept,22
B3_3667,056-1919-041-00,(housing-singleton),1,housing_singleton,B2022-03559,,high,B2022-03559,high,single,completion,housing_singleton,housing_singleton_kept,22
B3_3668,055-1833-011-00,(housing-singleton),1,housing_singleton,B2024-04570,,high,B2024-04570,high,single,ancillary,housing_singleton,housing_singleton_kept,22
B3_3669,052-1585-027-00,(housing-singleton),1,housing_singleton,B2025-00448,,high,B2025-00448,high,single,completion,housing_singleton,housing_singleton_kept,22
B3_3670,052-1516-015-00,(housing-singleton),1,housing_singleton,B2024-01418,,high,B2024-01418,high,single,completion,housing_singleton,housing_singleton_kept,22
B3_3671,058-2246-017-00,(housing-singleton),1,housing_singleton,B2018-02299,,high,B2018-02299,high,single,completion,housing_singleton,housing_singleton_kept,22
B3_3672,057-2076-028-00,(housing-singleton),1,housing_singleton,B2022-05857,,high,B2022-05857,high,single,completion,housing_singleton,housing_singleton_kept,22
B3_3673,059-2254-024-00,(housing-singleton),1,housing_singleton,B2023-04282,,high,B2023-04282,high,single,ancillary,housing_singleton,housing_singleton_kept,22
B3_3674,054-1800-017-00,(housing-singleton),1,housing_singleton,B2024-04198,,high,B2024-04198,high,single,completion,housing_singleton,housing_singleton_kept,22
B3_3675,056-1916-037-00,(housing-singleton),1,housing_singleton,B2025-02584,,high,B2025-02584,high,single,completion,housing_singleton,housing_singleton_kept,22
B3_3676,064-4244-014-02,(housing-singleton),1,housing_singleton,B2023-03083,,high,B2023-03083,high,single,completion,housing_singleton,housing_singleton_kept,22
B3_3677,060-2430-025-00,(housing-singleton),1,housing_singleton,B2024-06126,,high,B2024-06126,high,single,ancillary,housing_singleton,housing_singleton_kept,22
B3_3678,063-2961-015-00,Building A,1,building_label,B2022-04177,,high,B2022-04177,high,single,completion,label_singleton,labeled_singleton,22
B3_3679,063-3100-047-00,(housing-singleton),1,housing_singleton,B2024-01628,,high,B2024-01628,high,single,completion,housing_singleton,housing_singleton_kept,22
B3_3680,056-1938-006-00,(housing-singleton),1,housing_singleton,B2025-03786,,high,B2025-03786,high,single,completion,housing_singleton,housing_singleton_kept,22
B3_3681,058-2181-017-00,(housing-singleton),1,housing_singleton,B2024-04593,,high,B2024-04593,high,single,ancillary,housing_singleton,housing_singleton_kept,22
B3_3682,053-1689-006-02,(housing-singleton),1,housing_singleton,B2021-02352,,high,B2021-02352,high,single,completion,housing_singleton,housing_singleton_kept,22
B3_3683,054-1702-108-00,(housing-singleton),1,housing_singleton,B2023-05795,,high,B2023-05795,high,single,completion,housing_singleton,housing_singleton_kept,22
B3_3684,055-1825-024-01,(housing-singleton),1,housing_singleton,B2024-03840,,high,B2024-03840,high,single,completion,housing_singleton,housing_singleton_kept,22
B3_3685,062-2862-003-00,(housing-singleton),1,housing_singleton,B2025-01087,,high,B2025-01087,high,single,completion,housing_singleton,housing_singleton_kept,22
B3_3686,060-2466-101-00,(housing-singleton),1,housing_singleton,B2025-00971,,high,B2025-00971,high,single,ancillary,housing_singleton,housing_singleton_kept,22
B3_3687,064-4227-018-00,(housing-singleton),1,housing_singleton,B2023-04209,,high,B2023-04209,high,single,ancillary,housing_singleton,housing_singleton_kept,22
B3_3688,052-1562-024-00,(housing-singleton),1,housing_singleton,B2022-03311,,high,B2022-03311,high,single,completion,housing_singleton,housing_singleton_kept,22
B3_3689,052-1566-013-00,(housing-singleton),1,housing_singleton,B2024-03769,,high,B2024-03769,high,single,completion,housing_singleton,housing_singleton_kept,22
B3_3690,061-2557-036-00,(housing-singleton),1,housing_singleton,B2025-05633,,high,B2025-05633,high,single,completion,housing_singleton,housing_singleton_kept,22
B3_3691,053-1685-003-00,(housing-singleton),1,housing_singleton,B2024-01914,,high,B2024-01914,high,single,completion,housing_singleton,housing_singleton_kept,22
B3_3692,060-2493-055-00,(housing-singleton),1,housing_singleton,B2024-01610,,high,B2024-01610,high,single,ancillary,housing_singleton,housing_singleton_kept,22
B3_3693,055-1853-002-00,(housing-singleton),1,housing_singleton,B2024-02695,,high,B2024-02695,high,single,completion,housing_singleton,housing_singleton_kept,22
B3_3694,059-2282-007-00,(housing-singleton),1,xref/base,B2024-01169,,high,B2024-01169,high,single,completion,housing_singleton,housing_singleton_kept,22
B3_3695,060-2409-038-00,(housing-singleton),1,housing_singleton,B2018-00722,,high,B2018-00722,high,single,sitework,housing_singleton,housing_singleton_kept,22
B3_3696,060-2487-025-00,(housing-singleton),1,housing_singleton,B2024-01577,,high,B2024-01577,high,single,ancillary,housing_singleton,housing_singleton_kept,22
B3_3697,062-2911-009-00,(housing-singleton),1,housing_singleton,B2025-02490,,high,B2025-02490,high,single,ancillary,housing_singleton,housing_singleton_kept,22
B3_3698,062-2890-039-00,(housing-singleton),1,housing_singleton,B2021-01552,,high,B2021-01552,high,single,completion,housing_singleton,housing_singleton_kept,22
B3_3699,055-1830-022-00,(housing-singleton),1,housing_singleton,B2022-03844,,high,B2022-03844,high,single,completion,housing_singleton,housing_singleton_kept,22
B3_3700,061-2582-049-00,(housing-singleton),1,housing_singleton,B2023-02740,,high,B2023-02740,high,single,completion,housing_singleton,housing_singleton_kept,22
B3_3701,062-2873-018-00,(housing-singleton),1,housing_singleton,B2022-04532,,high,B2022-04532,high,single,completion,housing_singleton,housing_singleton_kept,22
B3_3702,052-1523-004-00,(housing-singleton),1,housing_singleton,B2018-02870,,high,B2018-02870,high,single,completion,housing_singleton,housing_singleton_kept,22
B3_3703,055-1833-007-00,(housing-singleton),1,housing_singleton,B2019-01469,,high,B2019-01469,high,single,completion,housing_singleton,housing_singleton_kept,22
B3_3704,053-1691-002-00,(housing-singleton),1,housing_singleton,B2023-04281,,high,B2023-04281,high,single,ancillary,housing_singleton,housing_singleton_kept,22
B3_3705,053-1600-027-00,(housing-singleton),1,housing_singleton,B2020-01503,5.0,high,B2020-01503,high,single,completion,housing_singleton,housing_singleton_kept,22
B3_3706,056-1934-002-00,(housing-singleton),1,housing_singleton,B2019-03999,,high,B2019-03999,high,single,completion,housing_singleton,housing_singleton_kept,22
B3_3707,055-1853-040-00,(housing-singleton),1,housing_singleton,B2024-03499,,high,B2024-03499,high,single,completion,housing_singleton,housing_singleton_kept,22
B3_3708,060-2423-014-00,(housing-singleton),1,housing_singleton,B2023-00391,,high,B2023-00391,high,single,completion,housing_singleton,housing_singleton_kept,22
B3_3709,064-4245-012-00,(housing-singleton),1,housing_singleton,B2017-03194,,high,B2017-03194,high,single,completion,housing_singleton,housing_singleton_kept,22
B3_3710,064-4240-006-00,(housing-singleton),1,housing_singleton,B2025-04125,,high,B2025-04125,high,single,completion,housing_singleton,housing_singleton_kept,22
B3_3711,056-1961-013-00,(housing-singleton),1,housing_singleton,B2024-01318,,high,B2024-01318,high,single,completion,housing_singleton,housing_singleton_kept,22
B3_3712,060-2484-007-01,(housing-singleton),1,housing_singleton,B2024-01584,,high,B2024-01584,high,single,ancillary,housing_singleton,housing_singleton_kept,22
B3_3713,054-1702-086-01,(housing-singleton),1,housing_singleton,B2024-03328,,high,B2024-03328,high,single,ancillary,housing_singleton,housing_singleton_kept,22
B3_3714,057-2117-016-00,(housing-singleton),1,housing_singleton,B2022-05138,,high,B2022-05138,high,single,sitework,housing_singleton,housing_singleton_kept,22
B3_3715,055-1914-052-00,(housing-singleton),1,housing_singleton,B2025-00777,,high,B2025-00777,high,single,ancillary,housing_singleton,housing_singleton_kept,22
B3_3716,057-2086-012-00,(housing-singleton),1,housing_singleton,B2024-04882,,high,B2024-04882,high,single,completion,housing_singleton,housing_singleton_kept,22
B3_3717,060-2402-006-00,(housing-singleton),1,housing_singleton,B2024-05463,,high,B2024-05463,high,single,ancillary,housing_singleton,housing_singleton_kept,22
B3_3718,056-2005-022-00,(housing-singleton),1,housing_singleton,B2024-02890,,high,B2024-02890,high,single,ancillary,housing_singleton,housing_singleton_kept,22
B3_3719,058-2120-023-01,(housing-singleton),1,housing_singleton,B2022-04483,,high,B2022-04483,high,single,completion,housing_singleton,housing_singleton_kept,22
B3_3720,063-2972-054-00,(housing-singleton),1,housing_singleton,B2025-04437,,high,B2025-04437,high,single,completion,housing_singleton,housing_singleton_kept,22
B3_3721,053-1680-012-00,(housing-singleton),1,housing_singleton,B2024-04040,,high,B2024-04040,high,single,completion,housing_singleton,housing_singleton_kept,22
B3_3722,052-1567-074-00,(housing-singleton),1,housing_singleton,B2024-01027,,high,B2024-01027,high,single,ancillary,housing_singleton,housing_singleton_kept,22
B3_3723,059-2279-006-00,(housing-singleton),1,housing_singleton,B2025-04743,,high,B2025-04743,high,single,ancillary,housing_singleton,housing_singleton_kept,22
B3_3724,052-1560-019-00,(housing-singleton),1,housing_singleton,B2025-04872,,high,B2025-04872,high,single,ancillary,housing_singleton,housing_singleton_kept,22
B3_3725,055-1817-028-00,(housing-singleton),1,housing_singleton,B2023-05741,,high,B2023-05741,high,single,completion,housing_singleton,housing_singleton_kept,22
B3_3726,056-2009-016-00,(housing-singleton),1,housing_singleton,B2024-04615,,high,B2024-04615,high,single,sitework,housing_singleton,housing_singleton_kept,22
B3_3727,060-2487-030-00,(housing-singleton),1,housing_singleton,B2024-01593,,high,B2024-01593,high,single,ancillary,housing_singleton,housing_singleton_kept,22
B3_3728,060-2438-024-00,(housing-singleton),1,housing_singleton,B2022-05081,,high,B2022-05081,high,single,completion,housing_singleton,housing_singleton_kept,22
B3_3729,064-4244-004-00,(housing-singleton),1,housing_singleton,B2024-03111,,high,B2024-03111,high,single,completion,housing_singleton,housing_singleton_kept,22
B3_3730,060-2383-001-02,(housing-singleton),1,housing_singleton,B2024-05663,,high,B2024-05663,high,single,completion,housing_singleton,housing_singleton_kept,22
B3_3731,063-2956-012-01,(housing-singleton),1,housing_singleton,B2023-01832,,high,B2023-01832,high,single,completion,housing_singleton,housing_singleton_kept,22
B3_3732,062-2869-025-00,(housing-singleton),1,housing_singleton,B2020-01576,,high,B2020-01576,high,single,completion,housing_singleton,housing_singleton_kept,22
B3_3733,061-2615-033-00,(housing-singleton),1,housing_singleton,B2022-05583,,high,B2022-05583,high,single,ancillary,housing_singleton,housing_singleton_kept,22
B3_3734,052-1570-057-00,(housing-singleton),1,housing_singleton,B2022-04170,4.0,high,B2022-04170,high,single,completion,housing_singleton,housing_singleton_kept,22
B3_3735,060-2415-017-00,(housing-singleton),1,housing_singleton,B2020-00258,,high,B2020-00258,high,single,completion,housing_singleton,housing_singleton_kept,22
B3_3736,060-2423-018-00,(housing-singleton),1,housing_singleton,B2019-03691,,high,B2019-03691,high,single,completion,housing_singleton,housing_singleton_kept,22
B3_3737,062-2944-018-00,(housing-singleton),1,housing_singleton,B2023-04278,,high,B2023-04278,high,single,completion,housing_singleton,housing_singleton_kept,22
B3_3738,058-2144-012-00,(housing-singleton),1,housing_singleton,B2023-05045,,high,B2023-05045,high,single,ancillary,housing_singleton,housing_singleton_kept,22
B3_3739,063-2965-031-00,(housing-singleton),1,xref/base,B2023-01010,,high,B2023-01010,high,single,completion,housing_singleton,housing_singleton_kept,22
B3_3740,057-2082-004-08,(housing-singleton),1,housing_singleton,B2024-01257,,high,B2024-01257,high,single,completion,housing_singleton,housing_singleton_kept,22
B3_3741,058-2244-001-00,(housing-singleton),1,housing_singleton,B2025-01020,,high,B2025-01020,high,single,ancillary,housing_singleton,housing_singleton_kept,22
B3_3742,054-1702-037-00,(housing-singleton),1,housing_singleton,B2025-01859,,high,B2025-01859,high,single,completion,housing_singleton,housing_singleton_kept,22
B3_3743,054-1783-006-00,(housing-singleton),1,housing_singleton,B2025-03095,,high,B2025-03095,high,single,completion,housing_singleton,housing_singleton_kept,22
B3_3744,059-2260-015-01,Building W,1,building_label,B2020-01633,,high,B2020-01633,high,single,completion,label_singleton,labeled_singleton,22
B3_3745,055-1825-024-01,(housing-singleton),1,housing_singleton,B2024-03741,,high,B2024-03741,high,single,completion,housing_singleton,housing_singleton_kept,22
B3_3746,052-1582-005-00,(housing-singleton),1,housing_singleton,B2016-02733,,high,B2016-02733,high,single,completion,housing_singleton,housing_singleton_kept,22
B3_3747,054-1796-026-00,(housing-singleton),1,housing_singleton,B2017-05247,,high,B2017-05247,high,single,completion,housing_singleton,housing_singleton_kept,22
B3_3748,055-1862-026-00,(housing-singleton),1,housing_singleton,B2023-04244,,high,B2023-04244,high,single,ancillary,housing_singleton,housing_singleton_kept,22
B3_3749,053-1635-010-01,(housing-singleton),1,housing_singleton,B2024-04002,,high,B2024-04002,high,single,ancillary,housing_singleton,housing_singleton_kept,22
B3_3750,062-2869-030-00,(housing-singleton),1,housing_singleton,B2024-02564,,high,B2024-02564,high,single,completion,housing_singleton,housing_singleton_kept,22
B3_3751,055-1843-008-00,(housing-singleton),1,housing_singleton,B2018-02394,,high,B2018-02394,high,single,completion,housing_singleton,housing_singleton_kept,22
B3_3752,053-1589-007-00,(housing-singleton),1,housing_singleton,B2025-00269,,high,B2025-00269,high,single,completion,housing_singleton,housing_singleton_kept,22
B3_3753,063-2984-028-00,(housing-singleton),1,housing_singleton,B2025-01642,,high,B2025-01642,high,single,completion,housing_singleton,housing_singleton_kept,22
B3_3754,058-2138-012-00,(housing-singleton),1,housing_singleton,B2023-03266,,high,B2023-03266,high,single,ancillary,housing_singleton,housing_singleton_kept,22
B3_3755,064-4234-014-00,(housing-singleton),1,housing_singleton,B2025-00022,,high,B2025-00022,high,single,completion,housing_singleton,housing_singleton_kept,22
B3_3756,063-3110-115-00,(housing-singleton),1,housing_singleton,B2022-04154,,high,B2022-04154,high,single,completion,housing_singleton,housing_singleton_kept,22
B3_3757,056-2002-033-00,(housing-singleton),1,housing_singleton,B2022-05439,,high,B2022-05439,high,single,ancillary,housing_singleton,housing_singleton_kept,22
B3_3758,052-1550-004-00,(housing-singleton),1,housing_singleton,B2022-05077,,high,B2022-05077,high,single,completion,housing_singleton,housing_singleton_kept,22
B3_3759,059-2256-006-00,(housing-singleton),1,housing_singleton,B2018-00955,,high,B2018-00955,high,single,completion,housing_singleton,housing_singleton_kept,22
B3_3760,060-2493-075-01,(housing-singleton),1,housing_singleton,B2024-01614,,high,B2024-01614,high,single,ancillary,housing_singleton,housing_singleton_kept,22
B3_3761,063-3100-021-00,(housing-singleton),1,housing_singleton,B2025-02989,,high,B2025-02989,high,single,completion,housing_singleton,housing_singleton_kept,22
B3_3762,064-4229-003-00,(housing-singleton),1,housing_singleton,B2020-01212,,high,B2020-01212,high,single,completion,housing_singleton,housing_singleton_kept,22
B3_3763,062-2891-001-00,(housing-singleton),1,housing_singleton,B2024-04598,,high,B2024-04598,high,single,ancillary,housing_singleton,housing_singleton_kept,22
B3_3764,053-1622-006-00,(housing-singleton),1,housing_singleton,B2025-02271,,high,B2025-02271,high,single,ancillary,housing_singleton,housing_singleton_kept,22
B3_3765,055-1910-010-00,(housing-singleton),1,housing_singleton,B2025-03589,,high,B2025-03589,high,single,completion,housing_singleton,housing_singleton_kept,22
B3_3766,060-2490-022-01,(housing-singleton),1,housing_singleton,B2025-03848,,high,B2025-03848,high,single,ancillary,housing_singleton,housing_singleton_kept,22
B3_3767,053-1635-021-00,Building C,1,building_label,B2018-00017,,high,B2018-00017,high,single,completion,label_singleton,labeled_singleton,22
B3_3768,063-2978-045-00,(housing-singleton),1,housing_singleton,B2019-01923,,high,B2019-01923,high,single,completion,housing_singleton,housing_singleton_kept,22
B3_3769,061-2620-003-00,(housing-singleton),1,housing_singleton,B2019-02804,,high,B2019-02804,high,single,completion,housing_singleton,housing_singleton_kept,22
B3_3770,054-1719-001-00,(housing-singleton),1,housing_singleton,B2020-01991,,high,B2020-01991,high,single,completion,housing_singleton,housing_singleton_kept,22
B3_3771,055-1863-009-01,(housing-singleton),1,housing_singleton,B2021-04921,,high,B2021-04921,high,single,completion,housing_singleton,housing_singleton_kept,22
B3_3772,060-2453-001-00,(housing-singleton),1,housing_singleton,B2025-02493,,high,B2025-02493,high,single,completion,housing_singleton,housing_singleton_kept,22
B3_3773,060-2393-012-00,(housing-singleton),1,housing_singleton,B2023-02286,,high,B2023-02286,high,single,completion,housing_singleton,housing_singleton_kept,22
B3_3774,058-2182-033-01,(housing-singleton),1,housing_singleton,B2025-02602,,high,B2025-02602,high,single,completion,housing_singleton,housing_singleton_kept,22
B3_3775,060-2490-029-00,(housing-singleton),1,housing_singleton,B2024-04728,,high,B2024-04728,high,single,ancillary,housing_singleton,housing_singleton_kept,22
B3_3776,057-2056-023-00,(housing-singleton),1,housing_singleton,B2022-04623,,high,B2022-04623,high,single,completion,housing_singleton,housing_singleton_kept,22
B3_3777,052-1563-079-00,(housing-singleton),1,housing_singleton,B2019-01872,,high,B2019-01872,high,single,completion,housing_singleton,housing_singleton_kept,22
