id,project_id,address,permit_number,stage,action,event_date,assigned_to,marked_by,comment,stage_status,source,imported_at,permit_type,source_file
1,133,"2128 Oxford St"," ZP2022-0135","Completeness Review","Application Complete",2023-03-17,TBD,"Sharon Gong",,Complete,accela,"2026-03-28 16:22:26",Planning,
2,133,"2128 Oxford St"," ZP2022-0135","CEQA Determination","EIR Required",2024-09-12,TBD,Unknown,,Complete,accela,"2026-03-28 16:22:26",Planning,
3,133,"2128 Oxford St"," ZP2022-0135","Staff Decision",Approved,2024-09-12,TBD,Unknown,,Complete,accela,"2026-03-28 16:22:26",Planning,
4,133,"2128 Oxford St"," ZP2022-0135",Appeal,"No Appeal",2024-10-02,TBD,Unknown,,Complete,accela,"2026-03-28 16:22:26",Planning,
5,133,"2128 Oxford St"," ZP2022-0135","Case Closed",Approved,2024-10-04,TBD,Unknown,,Complete,accela,"2026-03-28 16:22:26",Planning,
6,1,"1750 SACRAMENTO St",B2025-05534,"Application Submittal","Plan Distribution",2025-12-03,"Mariafelisa Baber",,,,accela,"2026-03-28 16:22:26",Building,
7,1,"1750 SACRAMENTO St",B2025-05534,"Plan Distribution","Pending Payment",2025-12-03,"Mariafelisa Baber",,,,accela,"2026-03-28 16:22:26",Building,
8,1,"1750 SACRAMENTO St",B2025-05534,"Plan Distribution",Route,2025-12-16,"Ramona Smith",,,,accela,"2026-03-28 16:22:26",Building,
9,1,"1750 SACRAMENTO St",B2025-05534,"Building and Safety Review",Assigned,2025-12-18,"Kong Chung",,,,accela,"2026-03-28 16:22:26",Building,
10,1,"1750 SACRAMENTO St",B2025-05534,"Building and Safety Review",Corrections,2026-01-13,TLS,,,,accela,"2026-03-28 16:22:26",Building,
11,1,"1750 SACRAMENTO St",B2025-05534,"Zoning Review",Assigned,2025-12-17,"Victoria Schlepp",,,,accela,"2026-03-28 16:22:26",Building,
12,1,"1750 SACRAMENTO St",B2025-05534,"Zoning Review",Corrections,2026-02-05,"Victoria Schlepp",,,,accela,"2026-03-28 16:22:26",Building,
13,1,"1750 SACRAMENTO St",B2025-05534,"Fire Review",Corrections,2026-02-25,"Jesus Del Toro",,,,accela,"2026-03-28 16:22:26",Building,
14,1,"1750 SACRAMENTO St",B2025-05534,"Public Works Review",Corrections,2026-01-06,,,,,accela,"2026-03-28 16:22:26",Building,
15,1,"1750 SACRAMENTO St",B2025-05534,"Traffic Review","Under Review",2025-12-26,"Nhat Phan",,,,accela,"2026-03-28 16:22:26",Building,
16,1,"1750 SACRAMENTO St",B2025-05534,"Traffic Review","Under Review",2026-02-17,"Nhat Phan",,,,accela,"2026-03-28 16:22:26",Building,
17,1,"1750 SACRAMENTO St",B2025-05534,"Traffic Review",Approved,2026-02-24,"Nhat Phan",,,,accela,"2026-03-28 16:22:26",Building,
18,1,"1750 SACRAMENTO St",B2025-05534,"Zero Waste Review",Corrections,2026-02-05,,,,,accela,"2026-03-28 16:22:26",Building,
19,1,"1750 SACRAMENTO St",B2025-05534,"PSC Review",Corrections,2026-02-26,"Deborah Stanley",,,,accela,"2026-03-28 16:22:26",Building,
20,1,"1750 SACRAMENTO St",B2025-05534,"Consolidated Comments","Corrections List Issued",2026-02-26,dc,,,,accela,"2026-03-28 16:22:26",Building,
21,1,"1750 SACRAMENTO St",B2025-05534,"Consolidated Comments","Corrections List Issued",2026-03-03,"Shanitra Roan",,,,accela,"2026-03-28 16:22:26",Building,
22,1,"1750 SACRAMENTO St",B2025-05534,"Consolidated Comments",TBD,,,,,,accela,"2026-03-28 16:22:26",Building,
23,134,"2480 BANCROFT",DRCF2023-0005,"Completeness Review","Application Complete",2023-09-12,TBD,Unknown,,Complete,accela,"2026-03-28 16:22:26",Other,
24,134,"2480 BANCROFT",DRCF2023-0005,"Staff Report",Completed,2023-09-13,TBD,Unknown,,Complete,accela,"2026-03-28 16:22:26",Other,
25,134,"2480 BANCROFT",DRCF2023-0005,"Public Notification",Completed,2023-10-02,TBD,"Desiree Dougherty",,Complete,accela,"2026-03-28 16:22:26",Other,
26,134,"2480 BANCROFT",DRCF2023-0005,"Mailed Project Notices","No Notice Required",2023-09-13,TBD,"Desiree Dougherty",,Complete,accela,"2026-03-28 16:22:26",Other,
27,134,"2480 BANCROFT",DRCF2023-0005,"Posted Project Notices",Completed,2023-09-13,TBD,"Desiree Dougherty",,Complete,accela,"2026-03-28 16:22:26",Other,
28,134,"2480 BANCROFT",DRCF2023-0005,"Posted Project Notices",Approved,2023-09-21,TBD,"Desiree Dougherty",,Complete,accela,"2026-03-28 16:22:26",Other,
29,134,"2480 BANCROFT",DRCF2023-0005,"Case Closed",Approved,2023-10-02,TBD,"Desiree Dougherty",,Complete,accela,"2026-03-28 16:22:26",Other,
30,2,"2276 SHATTUCK Ave",LMSAP2024-0005,"Completeness Review","Application Complete",2025-08-07,,,,,accela,"2026-03-28 16:22:26",Other,
31,2,"2276 SHATTUCK Ave",LMSAP2024-0005,"CEQA Determination","Categorically Exempt",2025-12-04,,,,,accela,"2026-03-28 16:22:26",Other,
32,2,"2276 SHATTUCK Ave",LMSAP2024-0005,"CEQA Determination - LPC Staff Report",Completed,2025-12-23,,,,,accela,"2026-03-28 16:22:26",Other,
33,2,"2276 SHATTUCK Ave",LMSAP2024-0005,"Public Notification",Completed,2025-12-23,,,,,accela,"2026-03-28 16:22:26",Other,
34,2,"2276 SHATTUCK Ave",LMSAP2024-0005,"LPC Meeting","Continued off Calendar",2025-08-07,,,,,accela,"2026-03-28 16:22:26",Other,
35,2,"2276 SHATTUCK Ave",LMSAP2024-0005,"LPC Meeting",Approved,2025-12-04,,,,,accela,"2026-03-28 16:22:26",Other,
36,2,"2276 SHATTUCK Ave",LMSAP2024-0005,"Notice of Decision",TBD,,,,,,accela,"2026-03-28 16:22:26",Other,
37,127,"2820 San Pablo",P2022-0038,"Completeness Review","Incomplete Pending Applicant",2022-05-06,,"Allison Riemer",,Complete,accela,"2026-03-28 16:22:26",Other,
38,127,"2820 San Pablo",P2022-0038,"Completeness Review","Resubmittal Pending Staff",2022-07-15,,"Allison Riemer",,Complete,accela,"2026-03-28 16:22:26",Other,
39,127,"2820 San Pablo",P2022-0038,"Completeness Review","Incomplete Pending Applicant",2022-08-10,,"Allison Riemer",,Complete,accela,"2026-03-28 16:22:26",Other,
40,127,"2820 San Pablo",P2022-0038,"Completeness Review","Resubmittal Pending Staff",2022-08-30,,"Allison Riemer",,Complete,accela,"2026-03-28 16:22:26",Other,
41,127,"2820 San Pablo",P2022-0038,"Completeness Review","Application Complete",2022-09-29,,"Allison Riemer",,Complete,accela,"2026-03-28 16:22:26",Other,
42,127,"2820 San Pablo",P2022-0038,"CEQA Determination","Categorically Exempt",2024-11-21,,NC,,Complete,accela,"2026-03-28 16:22:26",Other,
43,127,"2820 San Pablo",P2022-0038,"Staff Decision",Approved,2024-11-19,,NC,,Complete,accela,"2026-03-28 16:22:26",Other,
44,127,"2820 San Pablo",P2022-0038,Appeal,"No Appeal",2024-12-06,,"Allison Riemer",,Complete,accela,"2026-03-28 16:22:26",Other,
45,127,"2820 San Pablo",P2022-0038,"Case Closed",Approved,2024-12-06,,"Allison Riemer",,Complete,accela,"2026-03-28 16:22:26",Other,
46,4,"1914 FIFTH St",PLN2023-0025,"Case Closed","Research Completed",2023-06-20,,,,,accela,"2026-03-28 16:22:26",Planning,
47,33,"130 BERKELEY Sq",ZP2021-0158,"Completeness Review","Application Complete",2021-11-19,,,,,accela,"2026-03-28 16:22:26",Planning,
48,33,"130 BERKELEY Sq",ZP2021-0158,"CEQA Determination",TBD,,,,,,accela,"2026-03-28 16:22:26",Planning,
49,10,"3000 SHATTUCK Ave",ZP2022-0046,"Completeness Review","Incomplete Pending Applicant",2022-05-11,,,,,accela,"2026-03-28 16:22:26",Planning,
50,10,"3000 SHATTUCK Ave",ZP2022-0046,"Completeness Review","Resubmittal Pending Staff",2022-07-08,,,,,accela,"2026-03-28 16:22:26",Planning,
51,10,"3000 SHATTUCK Ave",ZP2022-0046,"Completeness Review","Application Complete",2022-08-03,,,,,accela,"2026-03-28 16:22:26",Planning,
52,10,"3000 SHATTUCK Ave",ZP2022-0046,"CEQA Determination","Negative Declaration Required",2023-05-18,,,,,accela,"2026-03-28 16:22:26",Planning,
53,10,"3000 SHATTUCK Ave",ZP2022-0046,"Staff Decision",Approved,2023-05-11,,,,,accela,"2026-03-28 16:22:26",Planning,
54,10,"3000 SHATTUCK Ave",ZP2022-0046,Appeal,"Appeal to City Council",2023-05-25,,,,,accela,"2026-03-28 16:22:26",Planning,
55,10,"3000 SHATTUCK Ave",ZP2022-0046,"Hearing Notice","Notice Issued",2025-03-11,,,,,accela,"2026-03-28 16:22:26",Planning,
56,10,"3000 SHATTUCK Ave",ZP2022-0046,"Public Hearing",TBD,,,,,,accela,"2026-03-28 16:22:26",Planning,
57,126,"2427 San Pablo",ZP2022-0115,"Completeness Review","Incomplete Pending Applicant",2022-10-05,,"Katrina Lapira",,Complete,accela,"2026-03-28 16:22:26",Planning,
58,126,"2427 San Pablo",ZP2022-0115,"Completeness Review","Resubmittal Pending Staff",2022-12-05,,"Katrina Lapira",,Complete,accela,"2026-03-28 16:22:26",Planning,
59,126,"2427 San Pablo",ZP2022-0115,"Completeness Review","Incomplete Pending Applicant",2023-01-04,,"Katrina Lapira",,Complete,accela,"2026-03-28 16:22:26",Planning,
60,126,"2427 San Pablo",ZP2022-0115,"Completeness Review","Resubmittal Pending Staff",2023-03-03,,"Katrina Lapira",,Complete,accela,"2026-03-28 16:22:26",Planning,
61,126,"2427 San Pablo",ZP2022-0115,"Completeness Review","Incomplete Pending Applicant",2023-04-14,,"Katrina Lapira",,Complete,accela,"2026-03-28 16:22:26",Planning,
62,126,"2427 San Pablo",ZP2022-0115,"Completeness Review","Resubmittal Pending Staff",2023-11-20,,"Katrina Lapira",,Complete,accela,"2026-03-28 16:22:26",Planning,
63,126,"2427 San Pablo",ZP2022-0115,"Completeness Review","Incomplete Pending Applicant",2023-12-19,,"Katrina Lapira",,Complete,accela,"2026-03-28 16:22:26",Planning,
64,126,"2427 San Pablo",ZP2022-0115,"Completeness Review","Resubmittal Pending Staff",2024-01-16,,"Katrina Lapira",,Complete,accela,"2026-03-28 16:22:26",Planning,
65,126,"2427 San Pablo",ZP2022-0115,"Completeness Review","Application Complete",2024-02-06,,"Katrina Lapira",,Complete,accela,"2026-03-28 16:22:26",Planning,
66,126,"2427 San Pablo",ZP2022-0115,"CEQA Determination","Categorically Exempt",2024-07-22,"to **TBD**",MJ,,Complete,accela,"2026-03-28 16:22:26",Planning,
67,126,"2427 San Pablo",ZP2022-0115,"Staff Decision",Approved,2024-07-11,"to **TBD**",MJ,,Complete,accela,"2026-03-28 16:22:26",Planning,
68,126,"2427 San Pablo",ZP2022-0115,Appeal,"No Appeal",2024-08-05,"to **TBD**",MJ,,Complete,accela,"2026-03-28 16:22:26",Planning,
69,126,"2427 San Pablo",ZP2022-0115,"Case Closed",Approved,2024-09-16,"to **TBD**",MJ,,Complete,accela,"2026-03-28 16:22:26",Planning,
70,8,"2920 SHATTUCK Ave",ZP2022-0116,"Completeness Review","Incomplete Pending Applicant",2022-10-04,"Sharon Gong",,,,accela,"2026-03-28 16:22:26",Planning,
71,8,"2920 SHATTUCK Ave",ZP2022-0116,"Completeness Review","Application Complete",2022-12-15,,,,,accela,"2026-03-28 16:22:26",Planning,
72,8,"2920 SHATTUCK Ave",ZP2022-0116,"CEQA Determination","Categorically Exempt",2022-12-15,,,,,accela,"2026-03-28 16:22:26",Planning,
73,8,"2920 SHATTUCK Ave",ZP2022-0116,"Staff Decision",TBD,,"Singeh Saliki",,,,accela,"2026-03-28 16:22:26",Planning,
74,14,"2847 SHATTUCK Ave",ZP2022-0132,"Completeness Review","Incomplete Pending Applicant",2022-11-23,"Katrina Lapira",,,,accela,"2026-03-28 16:22:26",Planning,
75,14,"2847 SHATTUCK Ave",ZP2022-0132,"Completeness Review","Resubmittal Pending Staff",2023-01-18,"Katrina Lapira",,,,accela,"2026-03-28 16:22:26",Planning,
76,14,"2847 SHATTUCK Ave",ZP2022-0132,"Completeness Review","Incomplete Pending Applicant",2023-02-21,"Katrina Lapira",,,,accela,"2026-03-28 16:22:26",Planning,
77,14,"2847 SHATTUCK Ave",ZP2022-0132,"Completeness Review","Incomplete Pending Applicant",2023-04-18,"Katrina Lapira",,,,accela,"2026-03-28 16:22:26",Planning,
78,14,"2847 SHATTUCK Ave",ZP2022-0132,"Completeness Review","Resubmittal Pending Staff",2023-04-18,"Katrina Lapira",,,,accela,"2026-03-28 16:22:26",Planning,
79,14,"2847 SHATTUCK Ave",ZP2022-0132,"Completeness Review","Resubmittal Pending Staff",2023-06-06,"Katrina Lapira",,,,accela,"2026-03-28 16:22:26",Planning,
80,14,"2847 SHATTUCK Ave",ZP2022-0132,"Completeness Review","Incomplete Pending Applicant",2023-07-05,"Katrina Lapira",,,,accela,"2026-03-28 16:22:26",Planning,
81,14,"2847 SHATTUCK Ave",ZP2022-0132,"Completeness Review",TBD,,,,,,accela,"2026-03-28 16:22:26",Planning,
82,13,"2420 SHATTUCK Ave",ZP2022-0149,"Completeness Review","Incomplete Pending Applicant",2022-10-04,"Sharon Gong",,,,accela,"2026-03-28 16:22:26",Planning,
83,13,"2420 SHATTUCK Ave",ZP2022-0149,"Completeness Review","Incomplete Pending Applicant",2022-11-30,"Sharon Gong",,,,accela,"2026-03-28 16:22:26",Planning,
84,13,"2420 SHATTUCK Ave",ZP2022-0149,"Completeness Review","Incomplete Pending Applicant",2023-02-22,,,,,accela,"2026-03-28 16:22:26",Planning,
85,13,"2420 SHATTUCK Ave",ZP2022-0149,"Completeness Review","Incomplete Pending Applicant",2023-05-18,,,,,accela,"2026-03-28 16:22:26",Planning,
86,13,"2420 SHATTUCK Ave",ZP2022-0149,"Completeness Review","Resubmittal Pending Staff",2023-08-13,,,,,accela,"2026-03-28 16:22:26",Planning,
87,13,"2420 SHATTUCK Ave",ZP2022-0149,"Completeness Review","Incomplete Pending Applicant",2023-09-13,,,,,accela,"2026-03-28 16:22:26",Planning,
88,13,"2420 SHATTUCK Ave",ZP2022-0149,"Completeness Review","Resubmittal Pending Staff",2023-09-26,,,,,accela,"2026-03-28 16:22:26",Planning,
89,13,"2420 SHATTUCK Ave",ZP2022-0149,"Completeness Review","Incomplete Pending Applicant",2023-10-24,,,,,accela,"2026-03-28 16:22:26",Planning,
90,13,"2420 SHATTUCK Ave",ZP2022-0149,"Completeness Review","Resubmittal Pending Staff",2023-11-02,,,,,accela,"2026-03-28 16:22:26",Planning,
91,13,"2420 SHATTUCK Ave",ZP2022-0149,"Completeness Review","Application Complete",2023-12-01,,,,,accela,"2026-03-28 16:22:26",Planning,
92,13,"2420 SHATTUCK Ave",ZP2022-0149,"CEQA Determination",TBD,,,,,,accela,"2026-03-28 16:22:26",Planning,
93,7,"2601 SAN PABLO Ave",ZP2022-0171,"Completeness Review","Incomplete Pending Applicant",2023-01-13,,,,,accela,"2026-03-28 16:22:26",Planning,
94,7,"2601 SAN PABLO Ave",ZP2022-0171,"Completeness Review","Incomplete Pending Applicant",2023-04-10,,,,,accela,"2026-03-28 16:22:26",Planning,
95,7,"2601 SAN PABLO Ave",ZP2022-0171,"Completeness Review","Resubmittal Pending Staff",2023-06-20,"Niloufar Karimzadegan",,,,accela,"2026-03-28 16:22:26",Planning,
96,7,"2601 SAN PABLO Ave",ZP2022-0171,"Completeness Review","Incomplete Pending Applicant",2023-07-20,"Niloufar Karimzadegan",,,,accela,"2026-03-28 16:22:26",Planning,
97,7,"2601 SAN PABLO Ave",ZP2022-0171,"Completeness Review","Application Complete",2023-11-17,"Niloufar Karimzadegan",,,,accela,"2026-03-28 16:22:26",Planning,
98,7,"2601 SAN PABLO Ave",ZP2022-0171,"CEQA Determination",TBD,,,,,,accela,"2026-03-28 16:22:26",Planning,
99,119,"1974 Shattuck",ZP2023-0040,"Processing Status","Incomplete Pending Applicant",2023-04-25,TBD,"Sharon Gong",,Active,accela,"2026-03-28 16:22:26",Planning,
100,119,"1974 Shattuck",ZP2023-0040,"Processing Status","Incomplete Pending Applicant",2023-08-18,TBD,"Sharon Gong",,Active,accela,"2026-03-28 16:22:26",Planning,
101,119,"1974 Shattuck",ZP2023-0040,"Processing Status","Application Complete",2024-04-11,TBD,"Sharon Gong",,Active,accela,"2026-03-28 16:22:26",Planning,
102,119,"1974 Shattuck",ZP2023-0040,"CEQA Determination","Categorically Exempt",2024-11-19,TBD,"Sharon Gong",,Complete,accela,"2026-03-28 16:22:26",Planning,
103,119,"1974 Shattuck",ZP2023-0040,"Staff Decision",Approved,2025-02-27,TBD,MJ,,Complete,accela,"2026-03-28 16:22:26",Planning,
104,119,"1974 Shattuck",ZP2023-0040,"Hearing Notice","Notice Issued",2025-05-20,TBD,"Sharon Gong",,Complete,accela,"2026-03-28 16:22:26",Planning,
105,119,"1974 Shattuck",ZP2023-0040,"Public Hearing","City Council Approved",2025-06-03,TBD,"Sharon Gong",,"Previously Active",accela,"2026-03-28 16:22:26",Planning,
106,119,"1974 Shattuck",ZP2023-0040,"Case Closed",Approved,2025-06-03,TBD,"Sharon Gong",,Complete,accela,"2026-03-28 16:22:26",Planning,
107,16,"2720 SAN PABLO Ave",ZP2023-0058,"Completeness Review","Incomplete Pending Applicant",2023-06-20,"Allison Riemer",,,,accela,"2026-03-28 16:22:26",Planning,
108,16,"2720 SAN PABLO Ave",ZP2023-0058,"Completeness Review","Resubmittal Pending Staff",2023-09-15,,,,,accela,"2026-03-28 16:22:26",Planning,
109,16,"2720 SAN PABLO Ave",ZP2023-0058,"Completeness Review","Incomplete Pending Applicant",2023-10-16,,,,,accela,"2026-03-28 16:22:26",Planning,
110,16,"2720 SAN PABLO Ave",ZP2023-0058,"Completeness Review  Due 01/15/2024, assigned to TBD",TBD,,,,,,accela,"2026-03-28 16:22:26",Planning,
111,123,"2037 Durant",ZP2023-0064,"Completeness Review","Application Complete",2024-03-29,"Claudia Garcia",Unknown,,Complete,accela,"2026-03-28 16:22:27",Planning,
112,123,"2037 Durant",ZP2023-0064,"CEQA Determination","Categorically Exempt",2024-05-02,TBD,Unknown,,Complete,accela,"2026-03-28 16:22:27",Planning,
113,123,"2037 Durant",ZP2023-0064,"Staff Decision",Approved,2024-05-09,TBD,Unknown,,Complete,accela,"2026-03-28 16:22:27",Planning,
114,123,"2037 Durant",ZP2023-0064,Appeal,"No Appeal",2024-05-31,TBD,Unknown,,Complete,accela,"2026-03-28 16:22:27",Planning,
115,123,"2037 Durant",ZP2023-0064,"Case Closed",Approved,2024-06-19,TBD,Unknown,,Complete,accela,"2026-03-28 16:22:27",Planning,
116,120,"2274 SHATTUCK",ZP2023-0079,"Completeness Review","Incomplete Pending Applicant",2023-06-29,,"Sharon Gong",,Complete,accela,"2026-03-28 16:22:27",Planning,
117,120,"2274 SHATTUCK",ZP2023-0079,"Completeness Review","Incomplete Pending Applicant",2023-09-13,,"Sharon Gong",,Complete,accela,"2026-03-28 16:22:27",Planning,
118,120,"2274 SHATTUCK",ZP2023-0079,"Completeness Review","Application Complete",2024-01-04,,"Sharon Gong",,Complete,accela,"2026-03-28 16:22:27",Planning,
119,120,"2274 SHATTUCK",ZP2023-0079,"CEQA Determination","Categorically Exempt",2024-10-04,,"Sharon Gong",,Complete,accela,"2026-03-28 16:22:27",Planning,
120,120,"2274 SHATTUCK",ZP2023-0079,"Staff Decision",Approved,2024-12-12,,"Sharon Gong",,Complete,accela,"2026-03-28 16:22:27",Planning,
121,120,"2274 SHATTUCK",ZP2023-0079,Appeal,"Appeal to City Council",2025-01-13,,Unknown,,Complete,accela,"2026-03-28 16:22:27",Planning,
122,120,"2274 SHATTUCK",ZP2023-0079,"Hearing Notice","Notice Issued",2025-04-08,,"Sharon Gong",,Complete,accela,"2026-03-28 16:22:27",Planning,
123,120,"2274 SHATTUCK",ZP2023-0079,"Public Hearing","City Council Approved",2025-04-22,,"Sharon Gong",,Complete,accela,"2026-03-28 16:22:27",Planning,
124,120,"2274 SHATTUCK",ZP2023-0079,"Case Closed",Approved,2025-04-22,,"Sharon Gong",,Complete,accela,"2026-03-28 16:22:27",Planning,
125,120,"2274 Shattuck ",ZP2023-0079,"ness Review","Incomplete Pending Applicant",2023-06-29,TBD,"Sharon Gong",,Complete,accela,"2026-03-28 16:22:27",Planning,
126,120,"2274 Shattuck ",ZP2023-0079,"ness Review","Incomplete Pending Applicant",2023-09-13,TBD,"Sharon Gong",,Complete,accela,"2026-03-28 16:22:27",Planning,
127,120,"2274 Shattuck ",ZP2023-0079,"ness Review","Application Complete",2024-01-04,TBD,"Sharon Gong",,Complete,accela,"2026-03-28 16:22:27",Planning,
128,27,"2441 LE CONTE Ave",ZP2023-0089,"Completeness Review","Incomplete Pending Applicant",2023-07-21,"Niloufar Karimzadegan",,,,accela,"2026-03-28 16:22:27",Planning,
129,27,"2441 LE CONTE Ave",ZP2023-0089,"Completeness Review","Incomplete Pending Applicant",2023-11-21,,,,,accela,"2026-03-28 16:22:27",Planning,
130,27,"2441 LE CONTE Ave",ZP2023-0089,"Completeness Review",TBD,,"Niloufar Karimzadegan",,,,accela,"2026-03-28 16:22:27",Planning,
131,36,"2733 SAN PABLO Ave",ZP2023-0090,"ness Review","Incomplete Pending Applicant",2023-09-18,"Niloufar Karimzadegan  Marked as Incomplete Pending Applicant on 09/18/2023 by Niloufar Karimzadegan","Niloufar Karimzadegan",,Complete,accela,"2026-03-28 16:22:27",Planning,
132,36,"2733 SAN PABLO Ave",ZP2023-0090,"Due 01/12/2024, assigned to Niloufar Karimzadegan  Marked as Resubmittal Pending Staff on 12/13/2023 by Niloufar Karimzadegan","Incomplete Pending Applicant",2024-01-12,"Niloufar Karimzadegan  Marked as Incomplete Pending Applicant on 01/12/2024 by Niloufar Karimzadegan","Niloufar Karimzadegan",,Active,accela,"2026-03-28 16:22:27",Planning,
133,36,"2733 SAN PABLO Ave",ZP2023-0090,"Due 05/10/2024, assigned to Niloufar Karimzadegan  Marked as Resubmittal Pending Staff on 04/10/2024 by Niloufar Karimzadegan","Application Complete",2024-05-09,"Niloufar Karimzadegan  Marked as Application Complete on 05/09/2024 by Niloufar Karimzadegan","Niloufar Karimzadegan",,Active,accela,"2026-03-28 16:22:27",Planning,
134,21,"2660 BANCROFT",ZP2023-0095,"Completeness Review","Incomplete Pending Applicant",2023-07-28,"Shane Fields","Sharon Gong",,Active,accela,"2026-03-28 16:22:27",Planning,
135,17,"2109 MILVIA St",ZP2023-0099,"Completeness Review","Incomplete Pending Applicant",2023-09-13,,,,,accela,"2026-03-28 16:22:27",Planning,
136,17,"2109 MILVIA St",ZP2023-0099,"Completeness Review","Incomplete Pending Applicant",2023-12-13,,,,,accela,"2026-03-28 16:22:27",Planning,
137,17,"2109 MILVIA St",ZP2023-0099,"Completeness Review","Application Complete",2024-04-11,,,,,accela,"2026-03-28 16:22:27",Planning,
138,17,"2109 MILVIA St",ZP2023-0099,"CEQA Determination","Categorically Exempt",2024-04-11,,,,,accela,"2026-03-28 16:22:27",Planning,
139,17,"2109 MILVIA St",ZP2023-0099,"Staff Decision  Due 06/17/2024, assigned to TBD",TBD,,,,,,accela,"2026-03-28 16:22:27",Planning,
140,116,"2462 BANCROFT",ZP2023-0107,"Completeness Review","Incomplete Pending Applicant",2023-08-18,"Katrina Lapira","Katrina Lapira",,Complete,accela,"2026-03-28 16:22:27",Planning,
141,116,"2462 BANCROFT",ZP2023-0107,"Completeness Review","Resubmittal Pending Staff",2023-11-16,"Katrina Lapira","Katrina Lapira",,Complete,accela,"2026-03-28 16:22:27",Planning,
142,116,"2462 BANCROFT",ZP2023-0107,"Completeness Review","Incomplete Pending Applicant",2023-12-15,"Katrina Lapira","Katrina Lapira",,Complete,accela,"2026-03-28 16:22:27",Planning,
143,116,"2462 BANCROFT",ZP2023-0107,"Completeness Review","Resubmittal Pending Staff",2024-01-26,"Katrina Lapira","Katrina Lapira",,Complete,accela,"2026-03-28 16:22:27",Planning,
144,116,"2462 BANCROFT",ZP2023-0107,"Completeness Review","Application Complete",2024-02-15,"Katrina Lapira","Katrina Lapira",,Complete,accela,"2026-03-28 16:22:27",Planning,
145,116,"2462 BANCROFT",ZP2023-0107,"CEQA Determination","Categorically Exempt",2024-05-30,TBD,Unknown,,Complete,accela,"2026-03-28 16:22:27",Planning,
146,116,"2462 BANCROFT",ZP2023-0107,"Staff Decision",Approved,2024-05-30,TBD,Unknown,,Complete,accela,"2026-03-28 16:22:27",Planning,
147,116,"2462 BANCROFT",ZP2023-0107,Appeal,"No Appeal",2024-06-21,TBD,Unknown,,"Previously active",accela,"2026-03-28 16:22:27",Planning,
148,116,"2462 BANCROFT",ZP2023-0107,"Case Closed",Approved,2024-07-01,TBD,Unknown,,Complete,accela,"2026-03-28 16:22:27",Planning,
149,128,"2833 Seventh St",ZP2023-0123,"Completeness Review","Incomplete Pending Applicant",2023-09-21,,"Cecelia Mariscal",,Complete,accela,"2026-03-28 16:22:27",Planning,
150,128,"2833 Seventh St",ZP2023-0123,"Completeness Review","Resubmittal Pending Staff",2023-12-01,,"Cecelia Mariscal",,Complete,accela,"2026-03-28 16:22:27",Planning,
151,128,"2833 Seventh St",ZP2023-0123,"Completeness Review","Incomplete Pending Applicant",2023-12-26,,"Cecelia Mariscal",,Complete,accela,"2026-03-28 16:22:27",Planning,
152,128,"2833 Seventh St",ZP2023-0123,"Completeness Review","Application Complete",2024-02-26,,"Cecelia Mariscal",,Complete,accela,"2026-03-28 16:22:27",Planning,
153,128,"2833 Seventh St",ZP2023-0123,"CEQA Determination","Categorically Exempt",2024-03-14,,Unknown,,Complete,accela,"2026-03-28 16:22:27",Planning,
154,128,"2833 Seventh St",ZP2023-0123,"Staff Decision",Approved,2024-03-14,,Unknown,,Complete,accela,"2026-03-28 16:22:27",Planning,
155,128,"2833 Seventh St",ZP2023-0123,Appeal,"No Appeal",2024-04-09,,Unknown,,Complete,accela,"2026-03-28 16:22:27",Planning,
156,128,"2833 Seventh St",ZP2023-0123,"Case Closed",Approved,2024-05-07,,Unknown,,Complete,accela,"2026-03-28 16:22:27",Planning,
157,122,"2530 Bancroft",ZP2023-0126,"Completeness Review","Application Complete",2024-03-12,TBD,"Boshi Fu",,Complete,accela,"2026-03-28 16:22:27",Planning,
158,122,"2530 Bancroft",ZP2023-0126,"CEQA Determination","Categorically Exempt",2024-11-14,TBD,"Boshi Fu",,Complete,accela,"2026-03-28 16:22:27",Planning,
159,122,"2530 Bancroft",ZP2023-0126,"Staff Decision",Approved,2024-11-14,TBD,"Boshi Fu",,Complete,accela,"2026-03-28 16:22:27",Planning,
160,122,"2530 Bancroft",ZP2023-0126,Appeal,"No Appeal",2024-12-11,TBD,Unknown,,Complete,accela,"2026-03-28 16:22:27",Planning,
161,122,"2530 Bancroft",ZP2023-0126,"Case Closed",Approved,2024-12-27,TBD,Unknown,,Complete,accela,"2026-03-28 16:22:27",Planning,
162,121,"2100 Milvia",ZP2023-0163,"Completeness Review","Resubmittal Pending Staff",2023-12-20,"Niloufar Karimzadegan","Niloufar Karimzadegan",,Complete,accela,"2026-03-28 16:22:27",Planning,
163,121,"2100 Milvia",ZP2023-0163,"Completeness Review","Incomplete Pending Applicant",2024-01-19,"Niloufar Karimzadegan","Niloufar Karimzadegan",,Complete,accela,"2026-03-28 16:22:27",Planning,
164,121,"2100 Milvia",ZP2023-0163,"Completeness Review","Application Complete",2024-05-17,"Niloufar Karimzadegan","Niloufar Karimzadegan",,Complete,accela,"2026-03-28 16:22:27",Planning,
165,121,"2100 Milvia",ZP2023-0163,"CEQA Determination","Categorically Exempt",2025-06-16,,Unknown,,Complete,accela,"2026-03-28 16:22:27",Planning,
166,121,"2100 Milvia",ZP2023-0163,"Staff Decision",Approved,2025-06-12,,Unknown,,Complete,accela,"2026-03-28 16:22:27",Planning,
167,121,"2100 Milvia",ZP2023-0163,Appeal,"No Appeal",2025-07-01,,Unknown,,Complete,accela,"2026-03-28 16:22:27",Planning,
168,121,"2100 Milvia",ZP2023-0163,"Case Closed",Approved,2025-07-01,,Unknown,,Complete,accela,"2026-03-28 16:22:27",Planning,
169,129,"1614 Sixth St",ZP2024-0008,"Completeness Review","Incomplete Pending Applicant",2024-01-25,,"Samella Stover",,Complete,accela,"2026-03-28 16:22:27",Planning,
170,129,"1614 Sixth St",ZP2024-0008,"Completeness Review","Resubmittal Pending Staff",2024-02-20,,"Samella Stover",,Complete,accela,"2026-03-28 16:22:27",Planning,
171,129,"1614 Sixth St",ZP2024-0008,"Completeness Review","Application Complete",2024-02-22,,"Samella Stover",,Complete,accela,"2026-03-28 16:22:27",Planning,
172,129,"1614 Sixth St",ZP2024-0008,"Application Processing","Corrections - Pending Applicant",2024-03-08,,WS,,Complete,accela,"2026-03-28 16:22:27",Planning,
173,129,"1614 Sixth St",ZP2024-0008,"Application Processing","Resubmittal - Pending Staff Review",2024-04-16,,WS,,Complete,accela,"2026-03-28 16:22:27",Planning,
174,129,"1614 Sixth St",ZP2024-0008,"Application Processing","Corrections - Pending Applicant",2024-05-24,,WS,,Complete,accela,"2026-03-28 16:22:27",Planning,
175,129,"1614 Sixth St",ZP2024-0008,"CEQA Determination","Categorically Exempt",2024-05-24,,WS,,Complete,accela,"2026-03-28 16:22:27",Planning,
176,129,"1614 Sixth St",ZP2024-0008,"Staff Decision",Approved,2024-09-25,,MJ,,Complete,accela,"2026-03-28 16:22:27",Planning,
177,129,"1614 Sixth St",ZP2024-0008,Appeal,"No Appeal",2024-10-16,,MJ,,Complete,accela,"2026-03-28 16:22:27",Planning,
178,129,"1614 Sixth St",ZP2024-0008,"Case Closed",Approved,2024-10-17,,MJ,,Complete,accela,"2026-03-28 16:22:27",Planning,
179,130," 1048 Keith St",ZP2024-0014,"Completeness Review","Incomplete Pending Applicant",2024-02-08,,"Boshi Fu",,Complete,accela,"2026-03-28 16:22:27",Planning,
180,130," 1048 Keith St",ZP2024-0014,"Completeness Review","Resubmittal Pending Staff",2024-02-15,,"Boshi Fu",,Complete,accela,"2026-03-28 16:22:27",Planning,
181,130," 1048 Keith St",ZP2024-0014,"Completeness Review","Incomplete Pending Applicant",2024-02-27,,"Boshi Fu",,Complete,accela,"2026-03-28 16:22:27",Planning,
182,130," 1048 Keith St",ZP2024-0014,"Completeness Review","Application Complete",2024-02-29,,"Boshi Fu",,Complete,accela,"2026-03-28 16:22:27",Planning,
183,130," 1048 Keith St",ZP2024-0014,"Application Processing","Corrections - Pending Applicant",2024-03-21,,WS,,Complete,accela,"2026-03-28 16:22:27",Planning,
184,130," 1048 Keith St",ZP2024-0014,"Application Processing","Resubmittal - Pending Staff Review",2024-04-30,,WS,,Complete,accela,"2026-03-28 16:22:27",Planning,
185,130," 1048 Keith St",ZP2024-0014,"Application Processing","Corrections - Pending Applicant",2024-05-21,,WS,,Complete,accela,"2026-03-28 16:22:27",Planning,
186,130," 1048 Keith St",ZP2024-0014,"Application Processing","Corrections - Pending Applicant",2024-05-30,,WS,,Complete,accela,"2026-03-28 16:22:27",Planning,
187,130," 1048 Keith St",ZP2024-0014,"Application Processing","Resubmittal - Pending Staff Review",2024-05-31,,WS,,Complete,accela,"2026-03-28 16:22:27",Planning,
188,130," 1048 Keith St",ZP2024-0014,"Application Processing","Resubmittal - Pending Staff Review",2024-06-27,,WS,,Complete,accela,"2026-03-28 16:22:27",Planning,
189,130," 1048 Keith St",ZP2024-0014,"Application Processing","Corrections - Pending Applicant",2024-06-27,,WS,,Complete,accela,"2026-03-28 16:22:27",Planning,
190,130," 1048 Keith St",ZP2024-0014,"Application Processing","Pending Final Action",2024-07-10,,WS,,Complete,accela,"2026-03-28 16:22:27",Planning,
191,130," 1048 Keith St",ZP2024-0014,"CEQA Determination","Categorically Exempt",2024-07-10,,Unknown,,Complete,accela,"2026-03-28 16:22:27",Planning,
192,130," 1048 Keith St",ZP2024-0014,"Staff Decision",Approved,2025-01-09,,Unknown,,Complete,accela,"2026-03-28 16:22:27",Planning,
193,130," 1048 Keith St",ZP2024-0014,Appeal,"Appeal to City Council",2025-01-27,,Unknown,,Complete,accela,"2026-03-28 16:22:27",Planning,
194,130," 1048 Keith St",ZP2024-0014,"Hearing Notice","Notice Issued",2025-04-22,,Unknown,,Complete,accela,"2026-03-28 16:22:27",Planning,
195,130," 1048 Keith St",ZP2024-0014,"Hearing Notice","Notice Issued",2025-05-20,,Unknown,,Complete,accela,"2026-03-28 16:22:27",Planning,
196,130," 1048 Keith St",ZP2024-0014,"Public Hearing","City Council Approved",2025-05-06,,Unknown,,Complete,accela,"2026-03-28 16:22:27",Planning,
197,130," 1048 Keith St",ZP2024-0014,"Case Closed",Approved,2025-06-04,,Unknown,,Complete,accela,"2026-03-28 16:22:27",Planning,
198,34,"2680 BANCROFT",ZP2024-0029,"Completeness Review","Incomplete Pending Applicant",2024-03-20,TBD,"Samella Stover",,Complete,accela,"2026-03-28 16:22:27",Planning,
199,34,"2680 BANCROFT",ZP2024-0029,"Completeness Review","Application Complete",2024-04-30,TBD,"Samella Stover",,Complete,accela,"2026-03-28 16:22:27",Planning,
200,34,"2680 BANCROFT",ZP2024-0029,"Application Processing","Pending Final Action",2024-03-19,TBD,Unknown,,Complete,accela,"2026-03-28 16:22:27",Planning,
201,34,"2680 BANCROFT",ZP2024-0029,"Application Processing","Corrections - Pending Applicant",2024-05-30,TBD,"Sharon Gong",,Complete,accela,"2026-03-28 16:22:27",Planning,
202,34,"2680 BANCROFT",ZP2024-0029,"Application Processing","Resubmittal - Pending Staff Review",2024-10-23,TBD,"Sharon Gong",,Complete,accela,"2026-03-28 16:22:27",Planning,
203,34,"2680 BANCROFT",ZP2024-0029,"Application Processing","Corrections - Pending Applicant",2024-11-19,TBD,"Sharon Gong",,Complete,accela,"2026-03-28 16:22:27",Planning,
204,34,"2680 BANCROFT",ZP2024-0029,"Application Processing","Resubmittal - Pending Staff Review",2025-03-07,TBD,"Cecelia Mariscal",,Complete,accela,"2026-03-28 16:22:27",Planning,
205,34,"2680 BANCROFT",ZP2024-0029,"CEQA Determination","Categorically Exempt",2025-05-22,TBD,Unknown,,Complete,accela,"2026-03-28 16:22:27",Planning,
206,34,"2680 BANCROFT",ZP2024-0029,"Staff Decision",Approved,2025-05-22,TBD,Unknown,,Complete,accela,"2026-03-28 16:22:27",Planning,
207,34,"2680 BANCROFT",ZP2024-0029,Appeal,"No Appeal",2025-06-12,TBD,Unknown,,"Previously active",accela,"2026-03-28 16:22:27",Planning,
208,34,"2680 BANCROFT",ZP2024-0029,"Case Closed",Approved,2025-06-13,TBD,Unknown,,Complete,accela,"2026-03-28 16:22:27",Planning,
209,48,"2317 CHANNING Way",ZP2024-0033,"ness Review","Incomplete Pending Applicant",2024-03-29,"TBD  Marked as Incomplete Pending Applicant on 03/29/2024 by Samella Stover","Samella Stover",,Complete,accela,"2026-03-28 16:22:27",Planning,
210,48,"2317 CHANNING Way",ZP2024-0033,"ness Review","Application Complete",2024-04-18,"TBD  Marked as Application Complete on 04/18/2024 by Samella Stover","Samella Stover",,Complete,accela,"2026-03-28 16:22:27",Planning,
211,48,"2317 CHANNING Way",ZP2024-0033,"Stage: Application Processing","Corrections - Pending Applicant",2024-05-16,"Katrina Lapira  Marked as Corrections - Pending Applicant on 05/16/2024 by Katrina Lapira","Katrina Lapira",,Active,accela,"2026-03-28 16:22:27",Planning,
212,48,"2317 CHANNING Way",ZP2024-0033,"Due 08/01/2024, assigned to Katrina Lapira  Marked as Resubmittal - Pending Staff Review on 07/02/2024 by Katrina Lapira","Corrections - Pending Applicant",2024-07-30,"Katrina Lapira  Marked as Corrections - Pending Applicant on 07/30/2024 by Katrina Lapira","Katrina Lapira",,Active,accela,"2026-03-28 16:22:27",Planning,
213,48,"2317 CHANNING Way",ZP2024-0033,"Due 10/23/2024, assigned to Katrina Lapira  Marked as Resubmittal - Pending Staff Review on 09/24/2024 by Katrina Lapira","Pending Final Action",2024-09-30,"Katrina Lapira  Marked as Pending Final Action on 09/30/2024 by Katrina Lapira","Katrina Lapira",,Active,accela,"2026-03-28 16:22:27",Planning,
214,19,"2450 SHATTUCK Ave",ZP2024-0047,"Completeness Review","Incomplete Pending Applicant",2024-05-16,"Boshi Fu",,,,accela,"2026-03-28 16:22:27",Planning,
215,19,"2450 SHATTUCK Ave",ZP2024-0047,"Completeness Review","Resubmittal Pending Staff",2024-08-14,"Boshi Fu",,,,accela,"2026-03-28 16:22:27",Planning,
216,19,"2450 SHATTUCK Ave",ZP2024-0047,"Completeness Review","Application Complete",2024-09-06,,,,,accela,"2026-03-28 16:22:27",Planning,
217,19,"2450 SHATTUCK Ave",ZP2024-0047,"Application Processing","Corrections - Pending Applicant",2024-10-02,,,,,accela,"2026-03-28 16:22:27",Planning,
218,19,"2450 SHATTUCK Ave",ZP2024-0047,"Application Processing","Corrections - Pending Applicant",2024-11-01,,,,,accela,"2026-03-28 16:22:27",Planning,
219,19,"2450 SHATTUCK Ave",ZP2024-0047,"Application Processing  Due 09/06/2024, assigned to TBD",TBD,,,,,,accela,"2026-03-28 16:22:27",Planning,
220,18,"2655 SHATTUCK Ave",ZP2024-0057,"Completeness Review","Incomplete Pending Applicant",2024-06-12,"Katrina Lapira",,,,accela,"2026-03-28 16:22:27",Planning,
221,18,"2655 SHATTUCK Ave",ZP2024-0057,"Completeness Review","Application Complete",2024-08-19,"Katrina Lapira",,,,accela,"2026-03-28 16:22:27",Planning,
222,18,"2655 SHATTUCK Ave",ZP2024-0057,"Application Processing","Corrections - Pending Applicant",2024-09-18,,,,,accela,"2026-03-28 16:22:27",Planning,
223,18,"2655 SHATTUCK Ave",ZP2024-0057,"Application Processing","Resubmittal - Pending Staff Review",2024-10-30,,,,,accela,"2026-03-28 16:22:27",Planning,
224,18,"2655 SHATTUCK Ave",ZP2024-0057,"Application Processing","Pending Final Action",2025-02-21,"Lisa Gordon",,,,accela,"2026-03-28 16:22:27",Planning,
225,18,"2655 SHATTUCK Ave",ZP2024-0057,"CEQA Determination","Categorically Exempt",2025-03-13,,,,,accela,"2026-03-28 16:22:27",Planning,
226,18,"2655 SHATTUCK Ave",ZP2024-0057,"Staff Decision",Approved,2025-03-13,,,,,accela,"2026-03-28 16:22:27",Planning,
227,18,"2655 SHATTUCK Ave",ZP2024-0057,Appeal,"Appeal to ZAB",2025-07-29,,,,,accela,"2026-03-28 16:22:27",Planning,
228,18,"2655 SHATTUCK Ave",ZP2024-0057,"Hearing Notice","Notice Issued",2025-07-09,,,,,accela,"2026-03-28 16:22:27",Planning,
229,18,"2655 SHATTUCK Ave",ZP2024-0057,"Public Hearing","City Council Approved",2025-07-23,,,,,accela,"2026-03-28 16:22:27",Planning,
230,18,"2655 SHATTUCK Ave",ZP2024-0057,"Case Closed",Approved,2025-08-14,,,,,accela,"2026-03-28 16:22:27",Planning,
231,3,"2700 SHATTUCK Ave",ZP2024-0058,"Completeness Review","Incomplete Pending Applicant",2024-06-13,"Sharon Gong",,,,accela,"2026-03-28 16:22:27",Planning,
232,3,"2700 SHATTUCK Ave",ZP2024-0058,"Completeness Review","Application Complete",2024-10-10,"Sharon Gong",,,,accela,"2026-03-28 16:22:27",Planning,
233,3,"2700 SHATTUCK Ave",ZP2024-0058,"Application Processing","Corrections - Pending Applicant",2024-11-07,"Sharon Gong",,,,accela,"2026-03-28 16:22:27",Planning,
234,3,"2700 SHATTUCK Ave",ZP2024-0058,"Application Processing",TBD,,"Singeh Saliki",,,,accela,"2026-03-28 16:22:27",Planning,
235,66,"2204 DWIGHT Way",ZP2024-0059,"ness Review","Application Complete",2024-06-06,"Cecelia Mariscal  Marked as Application Complete on 06/06/2024 by Cecelia Mariscal","Cecelia Mariscal",,Complete,accela,"2026-03-28 16:22:27",Planning,
236,66,"2204 DWIGHT Way",ZP2024-0059,"Stage: Application Processing","Pending Final Action",2024-06-26,"Cecelia Mariscal  Marked as Pending Final Action on 06/26/2024 by Cecelia Mariscal","Cecelia Mariscal",,Active,accela,"2026-03-28 16:22:27",Planning,
237,66,"2204 DWIGHT Way",ZP2024-0059,"Stage: CEQA Determination","Categorically Exempt",2026-02-27,"TBD  Marked as Categorically Exempt on 02/27/2026 by Victoria Schlepp","Victoria Schlepp",,Active,accela,"2026-03-28 16:22:27",Planning,
238,15,"2109 VIRGINIA St",ZP2024-0066,"Completeness Review","Application Complete",2024-07-03,"Cecelia Mariscal",,,,accela,"2026-03-28 16:22:27",Planning,
239,15,"2109 VIRGINIA St",ZP2024-0066,"Completeness Review","Incomplete Pending Applicant",2024-07-03,"Cecelia Mariscal",,,,accela,"2026-03-28 16:22:27",Planning,
240,15,"2109 VIRGINIA St",ZP2024-0066,"Application Processing","Pending Final Action",2024-07-10,"Cecelia Mariscal",,,,accela,"2026-03-28 16:22:27",Planning,
241,15,"2109 VIRGINIA St",ZP2024-0066,"CEQA Determination","Categorically Exempt",2025-09-11,,,,,accela,"2026-03-28 16:22:27",Planning,
242,15,"2109 VIRGINIA St",ZP2024-0066,"Staff Decision",Approved,2025-09-11,,,,,accela,"2026-03-28 16:22:27",Planning,
243,15,"2109 VIRGINIA St",ZP2024-0066,Appeal,"Appeal to City Council",2025-10-07,"Singeh Saliki",,,,accela,"2026-03-28 16:22:27",Planning,
244,15,"2109 VIRGINIA St",ZP2024-0066,"Hearing Notice","Notice Issued",2026-01-27,,,,,accela,"2026-03-28 16:22:27",Planning,
245,15,"2109 VIRGINIA St",ZP2024-0066,"Public Hearing","City Council Approved",2026-02-10,,,,,accela,"2026-03-28 16:22:27",Planning,
246,15,"2109 VIRGINIA St",ZP2024-0066,"Case Closed",Approved,2026-02-26,,,,,accela,"2026-03-28 16:22:27",Planning,
247,124,"2442 Haste",ZP2024-0070,"Completeness Review","Incomplete Pending Applicant",2024-07-03,"Waqar Shah",Unknown,,Complete,accela,"2026-03-28 16:22:27",Planning,
248,124,"2442 Haste",ZP2024-0070,"Completeness Review","Resubmittal Pending Staff",2024-08-19,"Waqar Shah",Unknown,,Complete,accela,"2026-03-28 16:22:27",Planning,
249,124,"2442 Haste",ZP2024-0070,"Completeness Review","Incomplete Pending Applicant",2024-09-18,"Waqar Shah",Unknown,,Complete,accela,"2026-03-28 16:22:27",Planning,
250,124,"2442 Haste",ZP2024-0070,"Completeness Review","Application Complete",2024-10-08,"Waqar Shah",Unknown,,Complete,accela,"2026-03-28 16:22:27",Planning,
251,124,"2442 Haste",ZP2024-0070,"Application Processing","Resubmittal - Pending Staff Review",2024-10-08,TBD,Unknown,,Complete,accela,"2026-03-28 16:22:27",Planning,
252,124,"2442 Haste",ZP2024-0070,"Application Processing","Corrections - Pending Applicant",2024-11-06,TBD,Unknown,,Complete,accela,"2026-03-28 16:22:27",Planning,
253,124,"2442 Haste",ZP2024-0070,"Application Processing","Resubmittal - Pending Staff Review",2024-11-29,TBD,Unknown,,Complete,accela,"2026-03-28 16:22:27",Planning,
254,124,"2442 Haste",ZP2024-0070,"CEQA Determination","Categorically Exempt",2025-07-10,TBD,"Joshua Muller",,Complete,accela,"2026-03-28 16:22:27",Planning,
255,124,"2442 Haste",ZP2024-0070,"Staff Decision","Not Applicable",2025-07-10,TBD,"Joshua Muller",,Complete,accela,"2026-03-28 16:22:27",Planning,
256,124,"2442 Haste",ZP2024-0070,Appeal,"No Appeal",2025-08-13,TBD,Unknown,,Complete,accela,"2026-03-28 16:22:27",Planning,
257,124,"2442 Haste",ZP2024-0070,"Hearing Notice","Notice Issued",2025-07-10,TBD,"Joshua Muller",,Complete,accela,"2026-03-28 16:22:27",Planning,
258,124,"2442 Haste",ZP2024-0070,"Public Hearing","ZAB Approved",2025-07-24,TBD,Unknown,,Complete,accela,"2026-03-28 16:22:27",Planning,
259,124,"2442 Haste",ZP2024-0070,"Notice of Decision","Notice Issued",2025-07-24,TBD,Unknown,,Complete,accela,"2026-03-28 16:22:27",Planning,
260,124,"2442 Haste",ZP2024-0070,"Case Closed",Approved,2025-09-08,TBD,Unknown,,Complete,accela,"2026-03-28 16:22:27",Planning,
261,22,"2955 SHATTUCK Ave",ZP2024-0071,"Completeness Review","Incomplete Pending Applicant",2024-07-03,"Katrina Lapira",,,,accela,"2026-03-28 16:22:27",Planning,
262,22,"2955 SHATTUCK Ave",ZP2024-0071,"Completeness Review","Resubmittal Pending Staff",2024-07-23,"Katrina Lapira",,,,accela,"2026-03-28 16:22:27",Planning,
263,22,"2955 SHATTUCK Ave",ZP2024-0071,"Completeness Review","Application Complete",2024-08-21,"Katrina Lapira",,,,accela,"2026-03-28 16:22:27",Planning,
264,22,"2955 SHATTUCK Ave",ZP2024-0071,"Application Processing","Corrections - Pending Applicant",2024-09-19,,,,,accela,"2026-03-28 16:22:27",Planning,
265,22,"2955 SHATTUCK Ave",ZP2024-0071,"Application Processing","Resubmittal - Pending Staff Review",2024-11-19,,,,,accela,"2026-03-28 16:22:27",Planning,
266,22,"2955 SHATTUCK Ave",ZP2024-0071,"Application Processing","Corrections - Pending Applicant",2024-12-19,,,,,accela,"2026-03-28 16:22:27",Planning,
267,22,"2955 SHATTUCK Ave",ZP2024-0071,"Application Processing","Resubmittal - Pending Staff Review",2025-05-21,,,,,accela,"2026-03-28 16:22:27",Planning,
268,22,"2955 SHATTUCK Ave",ZP2024-0071,"Application Processing","Resubmittal - Pending Staff Review",2025-06-26,,,,,accela,"2026-03-28 16:22:27",Planning,
269,22,"2955 SHATTUCK Ave",ZP2024-0071,"Application Processing","Corrections - Pending Applicant",2025-07-25,,,,,accela,"2026-03-28 16:22:27",Planning,
270,22,"2955 SHATTUCK Ave",ZP2024-0071,"Application Processing",TBD,,,,,,accela,"2026-03-28 16:22:27",Planning,
271,11,"1581 UNIVERSITY Ave",ZP2024-0074,"Completeness Review","Incomplete Pending Applicant",2024-07-12,"Allison Riemer",,,,accela,"2026-03-28 16:22:27",Planning,
272,11,"1581 UNIVERSITY Ave",ZP2024-0074,"Completeness Review","Resubmittal Pending Staff",2024-10-10,"Allison Riemer",,,,accela,"2026-03-28 16:22:27",Planning,
273,11,"1581 UNIVERSITY Ave",ZP2024-0074,"Completeness Review","Application Complete",2024-11-07,"Allison Riemer",,,,accela,"2026-03-28 16:22:27",Planning,
274,11,"1581 UNIVERSITY Ave",ZP2024-0074,"Application Processing","Resubmittal - Pending Staff Review",2024-11-07,"Allison Riemer",,,,accela,"2026-03-28 16:22:27",Planning,
275,11,"1581 UNIVERSITY Ave",ZP2024-0074,"Application Processing","Corrections - Pending Applicant",2024-12-05,"Allison Riemer",,,,accela,"2026-03-28 16:22:27",Planning,
276,11,"1581 UNIVERSITY Ave",ZP2024-0074,"Application Processing",TBD,,,,,,accela,"2026-03-28 16:22:27",Planning,
277,9,"1899 OXFORD St",ZP2024-0075,"Completeness Review","Incomplete Pending Applicant",2024-07-03,"Cecelia Mariscal",,,,accela,"2026-03-28 16:22:27",Planning,
278,9,"1899 OXFORD St",ZP2024-0075,"Completeness Review","Resubmittal Pending Staff",2024-10-01,"Cecelia Mariscal",,,,accela,"2026-03-28 16:22:27",Planning,
279,9,"1899 OXFORD St",ZP2024-0075,"Completeness Review","Application Complete",2024-10-31,"Cecelia Mariscal",,,,accela,"2026-03-28 16:22:27",Planning,
280,9,"1899 OXFORD St",ZP2024-0075,"Application Processing","Corrections - Pending Applicant",2024-10-31,,,,,accela,"2026-03-28 16:22:27",Planning,
281,9,"1899 OXFORD St",ZP2024-0075,"Application Processing","Corrections - Pending Applicant",2024-12-30,,,,,accela,"2026-03-28 16:22:27",Planning,
282,9,"1899 OXFORD St",ZP2024-0075,"Application Processing","Resubmittal - Pending Staff Review",2024-12-30,,,,,accela,"2026-03-28 16:22:27",Planning,
283,9,"1899 OXFORD St",ZP2024-0075,"Application Processing","Corrections - Pending Applicant",2024-12-31,,,,,accela,"2026-03-28 16:22:27",Planning,
284,9,"1899 OXFORD St",ZP2024-0075,"Application Processing","Resubmittal - Pending Staff Review",2024-12-31,,,,,accela,"2026-03-28 16:22:27",Planning,
285,9,"1899 OXFORD St",ZP2024-0075,"Application Processing","Resubmittal - Pending Staff Review",2025-02-28,,,,,accela,"2026-03-28 16:22:27",Planning,
286,9,"1899 OXFORD St",ZP2024-0075,"Application Processing","Resubmittal - Pending Staff Review",2025-03-05,,,,,accela,"2026-03-28 16:22:27",Planning,
287,9,"1899 OXFORD St",ZP2024-0075,"Application Processing","Pending Final Action",2025-04-01,,,,,accela,"2026-03-28 16:22:27",Planning,
288,9,"1899 OXFORD St",ZP2024-0075,"CEQA Determination","Categorically Exempt",2026-01-22,,,,,accela,"2026-03-28 16:22:27",Planning,
289,9,"1899 OXFORD St",ZP2024-0075,"CEQA Determination","Not Applicable",2026-01-27,,,,,accela,"2026-03-28 16:22:27",Planning,
290,9,"1899 OXFORD St",ZP2024-0075,"CEQA Determination","No Appeal",2026-02-11,,,,,accela,"2026-03-28 16:22:27",Planning,
291,9,"1899 OXFORD St",ZP2024-0075,"Hearing Notice","Notice Issued",2026-01-08,,,,,accela,"2026-03-28 16:22:27",Planning,
292,9,"1899 OXFORD St",ZP2024-0075,"Public Hearing","ZAB Approved",2026-01-22,,,,,accela,"2026-03-28 16:22:27",Planning,
293,9,"1899 OXFORD St",ZP2024-0075,"Public Hearing","Notice Issued",2026-01-22,,,,,accela,"2026-03-28 16:22:27",Planning,
294,9,"1899 OXFORD St",ZP2024-0075,"Case Closed",Approved,2026-02-11,,,,,accela,"2026-03-28 16:22:27",Planning,
295,20,"2036 BANCROFT Way",ZP2024-0079,"Completeness Review","Incomplete Pending Applicant",2024-07-19,"Sharon Gong",,,,accela,"2026-03-28 16:22:27",Planning,
296,20,"2036 BANCROFT Way",ZP2024-0079,"Completeness Review","Application Complete",2024-11-15,,,,,accela,"2026-03-28 16:22:27",Planning,
297,20,"2036 BANCROFT Way",ZP2024-0079,"Application Processing",TBD,,"Singeh Saliki",,,,accela,"2026-03-28 16:22:27",Planning,
298,41,"2147 SAN PABLO Ave",ZP2024-0096,"ness Review","Incomplete Pending Applicant",2024-07-17,"Boshi Fu  Marked as Incomplete Pending Applicant on 07/17/2024 by Boshi Fu","Boshi Fu",,Complete,accela,"2026-03-28 16:22:27",Planning,
299,41,"2147 SAN PABLO Ave",ZP2024-0096,"Due 08/08/2024, assigned to Boshi Fu  Marked as Resubmittal Pending Staff on 08/06/2024 by Boshi Fu","Incomplete Pending Applicant",2024-08-13,"Boshi Fu  Marked as Incomplete Pending Applicant on 08/13/2024 by Boshi Fu","Boshi Fu",,Active,accela,"2026-03-28 16:22:27",Planning,
300,41,"2147 SAN PABLO Ave",ZP2024-0096,"Due 09/06/2024, assigned to Boshi Fu  Marked as Resubmittal Pending Staff on 08/14/2024 by Boshi Fu","Application Complete",2024-08-28,"Boshi Fu  Marked as Application Complete on 08/28/2024 by Boshi Fu","Boshi Fu",,Active,accela,"2026-03-28 16:22:27",Planning,
301,41,"2147 SAN PABLO Ave",ZP2024-0096,"Stage: Application Processing","Corrections - Pending Applicant",2024-09-26,"Allison Riemer  Marked as Corrections - Pending Applicant on 09/26/2024 by Allison Riemer","Allison Riemer",,Active,accela,"2026-03-28 16:22:27",Planning,
302,41,"2147 SAN PABLO Ave",ZP2024-0096,"Due 12/13/2024, assigned to TBD  Marked as Resubmittal - Pending Staff Review on 11/14/2024 by Allison Riemer","Corrections - Pending Applicant",2024-12-13,"TBD  Marked as Corrections - Pending Applicant on 12/13/2024 by Allison Riemer","Allison Riemer",,Active,accela,"2026-03-28 16:22:27",Planning,
303,41,"2147 SAN PABLO Ave",ZP2024-0096,"Due 01/17/2025, assigned to TBD  Marked as Resubmittal - Pending Staff Review on 12/18/2024 by Allison Riemer","Corrections - Pending Applicant",2025-01-17,"TBD  Marked as Corrections - Pending Applicant on 01/17/2025 by Allison Riemer","Allison Riemer",,Active,accela,"2026-03-28 16:22:27",Planning,
304,41,"2147 SAN PABLO Ave",ZP2024-0096,"Due 02/21/2025, assigned to Allison Riemer  Marked as Resubmittal - Pending Staff Review on 01/24/2025 by Allison Riemer","Corrections - Pending Applicant",2025-02-21,"Allison Riemer  Marked as Corrections - Pending Applicant on 02/21/2025 by Allison Riemer","Allison Riemer",,Active,accela,"2026-03-28 16:22:27",Planning,
305,41,"2147 SAN PABLO Ave",ZP2024-0096,"Due 04/25/2025, assigned to TBD  Marked as Resubmittal - Pending Staff Review on 03/28/2025 by Allison Riemer","Corrections - Pending Applicant",2025-04-24,"TBD  Marked as Corrections - Pending Applicant on 04/24/2025 by Allison Riemer","Allison Riemer",,Active,accela,"2026-03-28 16:22:27",Planning,
306,41,"2147 SAN PABLO Ave",ZP2024-0096,"Due 04/25/2025, assigned to TBD  Marked as Resubmittal - Pending Staff Review on 03/28/2025 by Allison Riemer","Pending Final Action",2025-06-18,"TBD  Marked as Pending Final Action on 06/18/2025 by Allison Riemer","Allison Riemer",,Active,accela,"2026-03-28 16:22:27",Planning,
307,41,"2147 SAN PABLO Ave",ZP2024-0096,"Stage: CEQA Determination","Categorically Exempt",2025-09-09,"TBD  Marked as Categorically Exempt on 09/09/2025 by Allison Riemer","Allison Riemer",,Active,accela,"2026-03-28 16:22:27",Planning,
308,41,"2147 SAN PABLO Ave",ZP2024-0096,"Stage: Staff Decision",Approved,2025-09-09,"TBD  Marked as Approved on 09/09/2025 by Allison Riemer","Allison Riemer",,Active,accela,"2026-03-28 16:22:27",Planning,
309,82,"3035 COLBY St",ZP2024-0112,"ness Review","Incomplete Pending Applicant",2024-08-19,"TBD  Marked as Incomplete Pending Applicant on 08/19/2024 by Samella Stover","Samella Stover",,Complete,accela,"2026-03-28 16:22:27",Planning,
310,82,"3035 COLBY St",ZP2024-0112,"ness Review","Application Complete",2024-09-16,"TBD  Marked as Application Complete on 09/16/2024 by Samella Stover","Samella Stover",,Complete,accela,"2026-03-28 16:22:27",Planning,
311,29,"2138 KITTREDGE St",ZP2024-0114,"Completeness Review","Application Complete",2024-09-05,"Katrina Lapira",,,,accela,"2026-03-28 16:22:27",Planning,
312,29,"2138 KITTREDGE St",ZP2024-0114,"Application Processing","Corrections - Pending Applicant",2024-10-04,,,,,accela,"2026-03-28 16:22:27",Planning,
313,29,"2138 KITTREDGE St",ZP2024-0114,"Application Processing","Pending Final Action",2025-10-20,,,,,accela,"2026-03-28 16:22:27",Planning,
314,29,"2138 KITTREDGE St",ZP2024-0114,"CEQA Determination","Categorically Exempt",2025-09-25,,,,,accela,"2026-03-28 16:22:27",Planning,
315,29,"2138 KITTREDGE St",ZP2024-0114,"Staff Decision",Approved,2025-09-25,,,,,accela,"2026-03-28 16:22:27",Planning,
316,29,"2138 KITTREDGE St",ZP2024-0114,"Staff Decision","No Appeal",2025-10-15,,,,,accela,"2026-03-28 16:22:27",Planning,
317,29,"2138 KITTREDGE St",ZP2024-0114,"Case Closed",Approved,2025-10-20,,,,,accela,"2026-03-28 16:22:27",Planning,
318,131,"811 Cedar",ZP2024-0116,"Completeness Review","Incomplete Pending Applicant",2024-09-05,,"Samella Stover",,Complete,accela,"2026-03-28 16:22:27",Planning,
319,131,"811 Cedar",ZP2024-0116,"Completeness Review","Resubmittal Pending Staff",2024-12-05,,"Samella Stover",,Complete,accela,"2026-03-28 16:22:27",Planning,
320,131,"811 Cedar",ZP2024-0116,"Completeness Review","Resubmittal Pending Staff",2024-12-16,,"Samella Stover",,Complete,accela,"2026-03-28 16:22:27",Planning,
321,131,"811 Cedar",ZP2024-0116,"Completeness Review","Incomplete Pending Applicant",2024-12-18,,"Samella Stover",,Complete,accela,"2026-03-28 16:22:27",Planning,
322,131,"811 Cedar",ZP2024-0116,"Completeness Review","Application Complete",2024-12-19,,"Samella Stover",,Complete,accela,"2026-03-28 16:22:27",Planning,
323,131,"811 Cedar",ZP2024-0116,"Application Processing","Corrections - Pending Applicant",2024-12-24,,"Cecelia Mariscal",,Complete,accela,"2026-03-28 16:22:27",Planning,
324,131,"811 Cedar",ZP2024-0116,"Application Processing","Resubmittal - Pending Staff Review",2025-02-03,,"Cecelia Mariscal",,Complete,accela,"2026-03-28 16:22:27",Planning,
325,131,"811 Cedar",ZP2024-0116,"Application Processing","Corrections - Pending Applicant",2025-02-28,,"Cecelia Mariscal",,Complete,accela,"2026-03-28 16:22:27",Planning,
326,131,"811 Cedar",ZP2024-0116,"Application Processing","Resubmittal - Pending Staff Review",2025-03-24,,"Cecelia Mariscal",,Complete,accela,"2026-03-28 16:22:27",Planning,
327,131,"811 Cedar",ZP2024-0116,"Application Processing","Pending Final Action",2025-04-10,,"Cecelia Mariscal",,Complete,accela,"2026-03-28 16:22:27",Planning,
328,131,"811 Cedar",ZP2024-0116,"CEQA Determination","Categorically Exempt",2025-06-17,,"Cecelia Mariscal",,Complete,accela,"2026-03-28 16:22:27",Planning,
329,131,"811 Cedar",ZP2024-0116,"Staff Decision",Approved,2025-06-12,,Unknown,,Complete,accela,"2026-03-28 16:22:27",Planning,
330,131,"811 Cedar",ZP2024-0116,Appeal,"No Appeal",2025-07-03,,Unknown,,Complete,accela,"2026-03-28 16:22:27",Planning,
331,131,"811 Cedar",ZP2024-0116,"Case Closed",Approved,2025-07-03,,Unknown,,Complete,accela,"2026-03-28 16:22:27",Planning,
332,92,"3036 REGENT St",ZP2024-0122,"ness Review","Application Complete",2024-10-07,"TBD  Marked as Application Complete on 10/07/2024 by Samella Stover","Samella Stover",,Complete,accela,"2026-03-28 16:22:27",Planning,
333,92,"3036 REGENT St",ZP2024-0122,"ness Review",Withdrawn,2026-03-03,"TBD  Marked as Withdrawn on 03/03/2026 by Boshi Fu","Boshi Fu",,Complete,accela,"2026-03-28 16:22:27",Planning,
334,92,"3036 REGENT St",ZP2024-0122,"Stage: Application Processing","Corrections - Pending Applicant",2024-12-09,"Boshi Fu  Marked as Corrections - Pending Applicant on 12/09/2024 by Boshi Fu","Boshi Fu",,Active,accela,"2026-03-28 16:22:27",Planning,
335,92,"3036 REGENT St",ZP2024-0122,"Due 01/02/2026, assigned to Boshi Fu  Marked as Resubmittal - Pending Staff Review on 12/05/2025 by Boshi Fu","Corrections - Pending Applicant",2025-12-19,"Boshi Fu  Marked as Corrections - Pending Applicant on 12/19/2025 by Boshi Fu","Boshi Fu",,Active,accela,"2026-03-28 16:22:27",Planning,
336,92,"3036 REGENT St",ZP2024-0122,"Due 03/10/2026, assigned to Boshi Fu  Marked as Resubmittal - Pending Staff Review on 02/17/2026 by Boshi Fu",Withdrawn,2026-03-03,"Boshi Fu  Marked as Withdrawn on 03/03/2026 by Boshi Fu","Boshi Fu",,Active,accela,"2026-03-28 16:22:27",Planning,
337,92,"3036 REGENT St",ZP2024-0122,"Stage: CEQA Determination",Withdrawn,2026-03-03,"TBD  Marked as Withdrawn on 03/03/2026 by Boshi Fu","Boshi Fu",,Active,accela,"2026-03-28 16:22:27",Planning,
338,92,"3036 REGENT St",ZP2024-0122,"Stage: Staff Decision",Withdrawn,2026-03-03,"TBD  Marked as Withdrawn on 03/03/2026 by Boshi Fu","Boshi Fu",,Active,accela,"2026-03-28 16:22:27",Planning,
339,92,"3036 REGENT St",ZP2024-0122,"Stage: Appeal",Withdrawn,2026-03-03,"TBD  Marked as Withdrawn on 03/03/2026 by Boshi Fu","Boshi Fu",,Active,accela,"2026-03-28 16:22:27",Planning,
340,92,"3036 REGENT St",ZP2024-0122,"Stage: Hearing Notice",Withdrawn,2026-03-03,"TBD  Marked as Withdrawn on 03/03/2026 by Boshi Fu","Boshi Fu",,Active,accela,"2026-03-28 16:22:27",Planning,
341,92,"3036 REGENT St",ZP2024-0122,"Stage: Public Hearing",Withdrawn,2026-03-03,"TBD  Marked as Withdrawn on 03/03/2026 by Boshi Fu","Boshi Fu",,Active,accela,"2026-03-28 16:22:27",Planning,
342,92,"3036 REGENT St",ZP2024-0122,"Stage: Notice of Decision",Withdrawn,2026-03-03,"TBD  Marked as Withdrawn on 03/03/2026 by Boshi Fu","Boshi Fu",,Active,accela,"2026-03-28 16:22:27",Planning,
343,92,"3036 REGENT St",ZP2024-0122,"Stage: Case Closed",Withdrawn,2026-03-03,"TBD  Marked as Withdrawn on 03/03/2026 by Boshi Fu","Boshi Fu",,Active,accela,"2026-03-28 16:22:27",Planning,
344,26,"2298 DURANT Ave",ZP2024-0126,"ness Review","Incomplete Pending Applicant",2024-10-04,"TBD  Marked as Incomplete Pending Applicant on 10/04/2024 by Allison Riemer","Allison Riemer",,Complete,accela,"2026-03-28 16:22:27",Planning,
345,26,"2298 DURANT Ave",ZP2024-0126,"ness Review","Application Complete",2024-10-21,"TBD  Marked as Application Complete on 10/21/2024 by Allison Riemer","Allison Riemer",,Complete,accela,"2026-03-28 16:22:27",Planning,
346,26,"2298 DURANT Ave",ZP2024-0126,"Stage: Application Processing","Corrections - Pending Applicant",2024-11-20,"TBD  Marked as Corrections - Pending Applicant on 11/20/2024 by Allison Riemer","Allison Riemer",,Active,accela,"2026-03-28 16:22:27",Planning,
347,26,"2298 DURANT Ave",ZP2024-0126,"Due 03/07/2025, assigned to TBD  Marked as Resubmittal - Pending Staff Review on 02/07/2025 by Allison Riemer","Corrections - Pending Applicant",2025-03-07,"TBD  Marked as Corrections - Pending Applicant on 03/07/2025 by Allison Riemer","Allison Riemer",,Active,accela,"2026-03-28 16:22:27",Planning,
348,26,"2298 DURANT Ave",ZP2024-0126,"Due 05/16/2025, assigned to TBD  Marked as Resubmittal - Pending Staff Review on 04/18/2025 by Allison Riemer","Corrections - Pending Applicant",2025-05-16,"TBD  Marked as Corrections - Pending Applicant on 05/16/2025 by Allison Riemer","Allison Riemer",,Active,accela,"2026-03-28 16:22:27",Planning,
349,26,"2298 DURANT Ave",ZP2024-0126,"Due 08/22/2025, assigned to TBD  Marked as Resubmittal - Pending Staff Review on 07/25/2025 by Allison Riemer","Corrections - Pending Applicant",2025-07-25,"TBD  Marked as Corrections - Pending Applicant on 07/25/2025 by Allison Riemer","Allison Riemer",,Active,accela,"2026-03-28 16:22:27",Planning,
350,26,"2298 DURANT Ave",ZP2024-0126,"Due 08/22/2025, assigned to TBD  Marked as Resubmittal - Pending Staff Review on 07/25/2025 by Allison Riemer","Corrections - Pending Applicant",2025-08-22,"TBD  Marked as Corrections - Pending Applicant on 08/22/2025 by Allison Riemer","Allison Riemer",,Active,accela,"2026-03-28 16:22:27",Planning,
351,26,"2298 DURANT Ave",ZP2024-0126,"Due 10/09/2025, assigned to TBD  Marked as Resubmittal - Pending Staff Review on 09/11/2025 by Allison Riemer","Pending Final Action",2025-10-09,"TBD  Marked as Pending Final Action on 10/09/2025 by Allison Riemer","Allison Riemer",,Active,accela,"2026-03-28 16:22:27",Planning,
352,26,"2298 DURANT Ave",ZP2024-0126,"Stage: CEQA Determination","Categorically Exempt",2025-10-09,"TBD  Marked as Categorically Exempt on 10/09/2025 by Allison Riemer","Allison Riemer",,Active,accela,"2026-03-28 16:22:27",Planning,
353,132,"1627 Jaynes St",ZP2024-0129,"Completeness Review","Incomplete Pending Applicant",2024-09-06,,"Samella Stover",,Complete,accela,"2026-03-28 16:22:27",Planning,
354,132,"1627 Jaynes St",ZP2024-0129,"Completeness Review","Resubmittal Pending Staff",2024-10-17,,"Samella Stover",,Complete,accela,"2026-03-28 16:22:27",Planning,
355,132,"1627 Jaynes St",ZP2024-0129,"Completeness Review","Application Complete",2024-10-18,,"Samella Stover",,Complete,accela,"2026-03-28 16:22:27",Planning,
356,132,"1627 Jaynes St",ZP2024-0129,"Application Processing","Corrections - Pending Applicant",2024-11-06,,"Katrina Lapira",,Complete,accela,"2026-03-28 16:22:27",Planning,
357,132,"1627 Jaynes St",ZP2024-0129,"Application Processing","Resubmittal - Pending Staff Review",2024-12-16,,"Victoria Schlepp",,Complete,accela,"2026-03-28 16:22:27",Planning,
358,132,"1627 Jaynes St",ZP2024-0129,"Application Processing","Pending Final Action",2025-03-10,,"Victoria Schlepp",,Complete,accela,"2026-03-28 16:22:27",Planning,
359,132,"1627 Jaynes St",ZP2024-0129,"CEQA Determination","Categorically Exempt",2025-04-24,,Unknown,,Complete,accela,"2026-03-28 16:22:27",Planning,
360,132,"1627 Jaynes St",ZP2024-0129,"Staff Decision",Approved,2025-04-24,,Unknown,,Complete,accela,"2026-03-28 16:22:27",Planning,
361,132,"1627 Jaynes St",ZP2024-0129,Appeal,"No Appeal",2025-05-16,,Unknown,,Complete,accela,"2026-03-28 16:22:27",Planning,
362,132,"1627 Jaynes St",ZP2024-0129,"Case Closed",Approved,2025-05-16,,Unknown,,Complete,accela,"2026-03-28 16:22:27",Planning,
363,12,"2113-15 Kittredge",ZP2024-0131,"Completeness Review","Resubmittal Pending Staff",2024-09-17,"Sharon Gong","Claudia Garcia",,Active,accela,"2026-03-28 16:22:27",Planning,
364,12,"2113-15 Kittredge",ZP2024-0131,"Completeness Review","Incomplete Pending Applicant",2024-10-16,"Sharon Gong","Sharon Gong",,Active,accela,"2026-03-28 16:22:27",Planning,
365,94,"2145 GRANT St",ZP2024-0138,"Completeness Review","Incomplete Pending Applicant",2024-09-24,,,,,accela,"2026-03-28 16:22:27",Planning,
366,94,"2145 GRANT St",ZP2024-0138,"Completeness Review","Resubmittal Pending Staff",2024-10-23,,,,,accela,"2026-03-28 16:22:27",Planning,
367,94,"2145 GRANT St",ZP2024-0138,"Completeness Review","Application Complete",2024-10-24,,,,,accela,"2026-03-28 16:22:27",Planning,
368,94,"2145 GRANT St",ZP2024-0138,"Application Processing","Corrections - Pending Applicant",2024-11-21,,,,,accela,"2026-03-28 16:22:27",Planning,
369,94,"2145 GRANT St",ZP2024-0138,"Application Processing","Resubmittal - Pending Staff Review",2025-02-13,,,,,accela,"2026-03-28 16:22:27",Planning,
370,94,"2145 GRANT St",ZP2024-0138,"Application Processing","Corrections - Pending Applicant",2025-03-13,,,,,accela,"2026-03-28 16:22:27",Planning,
371,94,"2145 GRANT St",ZP2024-0138,"Application Processing","Resubmittal - Pending Staff Review",2025-03-13,,,,,accela,"2026-03-28 16:22:27",Planning,
372,94,"2145 GRANT St",ZP2024-0138,"Application Processing","Resubmittal - Pending Staff Review",2025-04-02,,,,,accela,"2026-03-28 16:22:27",Planning,
373,94,"2145 GRANT St",ZP2024-0138,"Application Processing","Corrections - Pending Applicant",2025-05-02,,,,,accela,"2026-03-28 16:22:27",Planning,
374,94,"2145 GRANT St",ZP2024-0138,"Application Processing","Resubmittal - Pending Staff Review",2025-05-16,,,,,accela,"2026-03-28 16:22:27",Planning,
375,94,"2145 GRANT St",ZP2024-0138,"Application Processing","Corrections - Pending Applicant",2025-06-12,,,,,accela,"2026-03-28 16:22:27",Planning,
376,94,"2145 GRANT St",ZP2024-0138,"Application Processing","Resubmittal - Pending Staff Review",2025-07-02,,,,,accela,"2026-03-28 16:22:27",Planning,
377,94,"2145 GRANT St",ZP2024-0138,"Application Processing","Corrections - Pending Applicant",2025-07-30,,,,,accela,"2026-03-28 16:22:27",Planning,
378,94,"2145 GRANT St",ZP2024-0138,"Application Processing","Pending Final Action",2025-12-11,"Boshi Fu",,,,accela,"2026-03-28 16:22:27",Planning,
379,94,"2145 GRANT St",ZP2024-0138,"CEQA Determination","Categorically Exempt",2026-02-26,"Boshi Fu",,,,accela,"2026-03-28 16:22:27",Planning,
380,94,"2145 GRANT St",ZP2024-0138,"CEQA Determination","Not Applicable",2026-02-12,"Boshi Fu",,,,accela,"2026-03-28 16:22:27",Planning,
381,94,"2145 GRANT St",ZP2024-0138,"CEQA Determination","No Appeal",2026-03-17,,,,,accela,"2026-03-28 16:22:27",Planning,
382,94,"2145 GRANT St",ZP2024-0138,"Hearing Notice","Notice Issued",2026-03-12,,,,,accela,"2026-03-28 16:22:27",Planning,
383,94,"2145 GRANT St",ZP2024-0138,"Public Hearing","ZAB Approved",2026-03-26,,,,,accela,"2026-03-28 16:22:27",Planning,
384,94,"2145 GRANT St",ZP2024-0138,"Public Hearing","Notice Issued",2026-03-02,,,,,accela,"2026-03-28 16:22:27",Planning,
385,94,"2145 GRANT St",ZP2024-0138,"Case Closed",Approved,2026-03-19,,,,,accela,"2026-03-28 16:22:27",Planning,
386,5,"2425 Durant Ave",ZP2024-0162,"Completeness Review","Incomplete Pending Applicant",2024-11-15,TBD,"Niloufar Karimzadegan",,Unknown,accela,"2026-03-28 16:22:27",Planning,
387,5,"2425 Durant Ave",ZP2024-0162,"Completeness Review","Incomplete Pending Applicant",2024-12-13,TBD,"Niloufar Karimzadegan",,Unknown,accela,"2026-03-28 16:22:27",Planning,
388,5,"2425 Durant Ave",ZP2024-0162,"Completeness Review","Resubmittal Pending Staff",2025-02-13,TBD,"Niloufar Karimzadegan",,Unknown,accela,"2026-03-28 16:22:27",Planning,
389,5,"2425 Durant Ave",ZP2024-0162,"Completeness Review","Application Complete",2025-03-13,TBD,"Niloufar Karimzadegan",,Unknown,accela,"2026-03-28 16:22:27",Planning,
390,5,"2425 Durant Ave",ZP2024-0162,"Completeness Review","Application Complete",2025-12-26,TBD,Unknown,,Unknown,accela,"2026-03-28 16:22:27",Planning,
391,5,"2425 Durant Ave",ZP2024-0162,"Application Processing","Pending Final Action",2025-10-22,TBD,Unknown,,Unknown,accela,"2026-03-28 16:22:27",Planning,
392,5,"2425 Durant Ave",ZP2024-0162,"Application Processing","Pending Final Action",2025-12-26,TBD,Unknown,,Unknown,accela,"2026-03-28 16:22:27",Planning,
393,5,"2425 Durant Ave",ZP2024-0162,"CEQA Determination","Categorically Exempt",2025-10-09,TBD,Unknown,,Unknown,accela,"2026-03-28 16:22:27",Planning,
394,5,"2425 Durant Ave",ZP2024-0162,"CEQA Determination","Categorically Exempt",2025-12-26,TBD,Unknown,,Unknown,accela,"2026-03-28 16:22:27",Planning,
395,5,"2425 Durant Ave",ZP2024-0162,"Staff Decision",Approved,2025-10-09,TBD,"-- | Comment: Appeal period: 10/14/25-10/28/25",,Unknown,accela,"2026-03-28 16:22:27",Planning,
396,5,"2425 Durant Ave",ZP2024-0162,"Staff Decision","Not Applicable",2025-12-26,TBD,Unknown,,Unknown,accela,"2026-03-28 16:22:27",Planning,
397,5,"2425 Durant Ave",ZP2024-0162,Appeal,"Appeal to City Council",2025-12-26,TBD,Unknown,,Active,accela,"2026-03-28 16:22:27",Planning,
398,6,"2029 UNIVERSITY",ZP2024-0181,"Completeness Review","Incomplete Pending Applicant",2024-12-19,TBD,"Niloufar Karimzadegan",,Unknown,accela,"2026-03-28 16:22:27",Planning,
399,6,"2029 UNIVERSITY",ZP2024-0181,"Completeness Review","Incomplete Pending Applicant",2025-01-17,TBD,"Niloufar Karimzadegan",,Unknown,accela,"2026-03-28 16:22:27",Planning,
400,6,"2029 UNIVERSITY",ZP2024-0181,"Completeness Review","Resubmittal Pending Staff",2025-04-03,TBD,"Niloufar Karimzadegan",,Unknown,accela,"2026-03-28 16:22:27",Planning,
401,6,"2029 UNIVERSITY",ZP2024-0181,"Completeness Review","Incomplete Pending Applicant",2025-05-02,TBD,"Niloufar Karimzadegan",,Unknown,accela,"2026-03-28 16:22:27",Planning,
402,6,"2029 UNIVERSITY",ZP2024-0181,"Completeness Review","Resubmittal Pending Staff",2025-05-19,TBD,"Niloufar Karimzadegan",,Unknown,accela,"2026-03-28 16:22:27",Planning,
403,6,"2029 UNIVERSITY",ZP2024-0181,"Completeness Review","Application Complete",2025-06-03,TBD,Unknown,,Unknown,accela,"2026-03-28 16:22:27",Planning,
404,6,"2029 UNIVERSITY",ZP2024-0181,"Application Processing","Pending Final Action",2025-11-17,TBD,Unknown,,Unknown,accela,"2026-03-28 16:22:27",Planning,
405,6,"2029 UNIVERSITY",ZP2024-0181,"CEQA Determination","Categorically Exempt",2025-11-13,TBD,Unknown,,Unknown,accela,"2026-03-28 16:22:27",Planning,
406,6,"2029 UNIVERSITY",ZP2024-0181,"Staff Decision",Approved,2025-11-13,TBD,"-- | Comment: Appeal period: 11/17/25-12/01/25",,Unknown,accela,"2026-03-28 16:22:27",Planning,
407,35,"2190 SHATTUCK",ZP2025-0101,"Completeness Review","Incomplete Pending Applicant",2025-11-21,TBD,"Victoria Schlepp",,Active,accela,"2026-03-28 16:22:27",Planning,
408,31,"2712 TELEGRAPH Ave",ZP2025-0105,"Completeness Review","Incomplete Pending Applicant",2025-11-26,,,,,accela,"2026-03-28 16:22:27",Planning,
409,31,"2712 TELEGRAPH Ave",ZP2025-0105,"Completeness Review","Incomplete Pending Applicant",2026-01-02,,,,,accela,"2026-03-28 16:22:27",Planning,
410,31,"2712 TELEGRAPH Ave",ZP2025-0105,"Completeness Review","Application Complete",2026-01-15,,,,,accela,"2026-03-28 16:22:27",Planning,
411,31,"2712 TELEGRAPH Ave",ZP2025-0105,"Application Processing","Pending Final Action",2026-01-15,,,,,accela,"2026-03-28 16:22:27",Planning,
412,31,"2712 TELEGRAPH Ave",ZP2025-0105,"Application Processing","Corrections - Pending Applicant",2026-02-14,,,,,accela,"2026-03-28 16:22:27",Planning,
413,31,"2712 TELEGRAPH Ave",ZP2025-0105,"CEQA Determination",TBD,,,,,,accela,"2026-03-28 16:22:27",Planning,
414,30,"2001 CENTER St",ZP2025-0107,"Completeness Review","Incomplete Pending Applicant",2025-11-26,,,,,accela,"2026-03-28 16:22:27",Planning,
415,30,"2001 CENTER St",ZP2025-0107,"Completeness Review","Resubmittal Pending Staff",2025-12-14,,,,,accela,"2026-03-28 16:22:27",Planning,
416,30,"2001 CENTER St",ZP2025-0107,"Completeness Review","Application Complete",2026-01-09,,,,,accela,"2026-03-28 16:22:27",Planning,
417,30,"2001 CENTER St",ZP2025-0107,"Completeness Review","Incomplete Pending Applicant",2026-01-09,,,,,accela,"2026-03-28 16:22:27",Planning,
418,30,"2001 CENTER St",ZP2025-0107,"Application Processing","Corrections - Pending Applicant",2026-02-06,,,,,accela,"2026-03-28 16:22:27",Planning,
419,30,"2001 CENTER St",ZP2025-0107,"Application Processing",TBD,,,,,,accela,"2026-03-28 16:22:27",Planning,
420,29,"2138 KITTREDGE St",ZP2026-0006,"Completeness Review",TBD,,,,,,accela,"2026-03-28 16:22:27",Planning,
421,25,"2455 TELEGRAPH Ave",ZP2026-0015,"Completeness Review","Incomplete Pending Applicant",2026-03-09,,,,,accela,"2026-03-28 16:22:27",Planning,
422,25,"2455 TELEGRAPH Ave",ZP2026-0015,"Completeness Review","Application Complete",2026-03-17,,,,,accela,"2026-03-28 16:22:27",Planning,
423,25,"2455 TELEGRAPH Ave",ZP2026-0015,"Application Processing",TBD,,,,,,accela,"2026-03-28 16:22:27",Planning,
424,17,"2109 MILVIA St",B2005-02350,"Building Permit (Electrical)","Closed Expired",,,,,Active,accela_building,"2026-03-28 16:22:35",Building,
425,13,"2420 SHATTUCK Ave",B2019-05657,"Building Electrical Mechanical Plumbing Permit","Closed Expired",2019-12-30,,,,Active,accela_building,"2026-03-28 16:22:35",Building,
426,13,"2420 SHATTUCK Ave",B2016-01435-REV01,"Building Revision",Issued,2016-12-14,,,,Active,accela_building,"2026-03-28 16:22:35",Building,
427,13,"2420 SHATTUCK Ave",B2016-01435,"Building Electrical Mechanical Plumbing Permit",Finaled,2016-03-29,,,,Finaled,accela_building,"2026-03-28 16:22:35",Building,
428,13,"2420 SHATTUCK Ave",B2016-00787,"Electrical Permit",Finaled,2016-02-23,,,,Finaled,accela_building,"2026-03-28 16:22:35",Building,
429,13,"2420 SHATTUCK Ave",B2015-06033,"Building Permit",Finaled,2015-12-11,,,,Finaled,accela_building,"2026-03-28 16:22:35",Building,
430,13,"2420 SHATTUCK Ave",B2015-05395,"Building Permit",Finaled,2015-11-04,,,,Finaled,accela_building,"2026-03-28 16:22:35",Building,
431,13,"2420 SHATTUCK Ave",B1998-05207,"Building Permit","Closed Expired",1998-11-24,,,,Active,accela_building,"2026-03-28 16:22:35",Building,
432,7,"2601 SAN PABLO Ave",B2015-00364,"Building Permit (Demolition)",Finaled,2015-12-13,,,,Finaled,accela_building,"2026-03-28 16:22:35",Building,
433,14,"2847 SHATTUCK Ave",B2014-03919,"Building Permit","Closed Expired",,,,,Active,accela_building,"2026-03-28 16:22:35",Building,
434,8,"2920 SHATTUCK Ave",B1999-03755,"Building Permit","Closed Expired",,,,,Active,accela_building,"2026-03-28 16:22:35",Building,
435,14,"2847 SHATTUCK Ave",ZP2022-0132,"ness Review","Incomplete Pending Applicant",2022-11-23,"Katrina Lapira - Marked as Incomplete Pending Applicant on 11/23/2022 by Katrina Lapira","Katrina Lapira",,Complete,accela,"2026-03-28 16:26:45",Planning,
436,14,"2847 SHATTUCK Ave",ZP2022-0132,"Due 02/21/2023, assigned to Katrina Lapira - Marked as Resubmittal Pending Staff on 01/18/2023 by Katrina Lapira","Incomplete Pending Applicant",2023-02-21,"Katrina Lapira - Marked as Incomplete Pending Applicant on 02/21/2023 by Katrina Lapira","Katrina Lapira",,Active,accela,"2026-03-28 16:26:45",Planning,
437,14,"2847 SHATTUCK Ave",ZP2022-0132,"Due 02/21/2023, assigned to Katrina Lapira - Marked as Resubmittal Pending Staff on 01/18/2023 by Katrina Lapira","Incomplete Pending Applicant",2023-04-18,"Katrina Lapira - Marked as Incomplete Pending Applicant on 04/18/2023 by Katrina Lapira","Katrina Lapira",,Active,accela,"2026-03-28 16:26:45",Planning,
438,14,"2847 SHATTUCK Ave",ZP2022-0132,"Due 07/05/2023, assigned to Katrina Lapira - Marked as Resubmittal Pending Staff on 06/06/2023 by Katrina Lapira","Incomplete Pending Applicant",2023-07-05,"Katrina Lapira - Marked as Incomplete Pending Applicant on 07/05/2023 by Katrina Lapira","Katrina Lapira",,Active,accela,"2026-03-28 16:26:45",Planning,
439,16,"2720 SAN PABLO Ave",ZP2023-0058,"ness Review","Incomplete Pending Applicant",2023-06-20,"Allison Riemer - Marked as Incomplete Pending Applicant on 06/20/2023 by Katrina Lapira","Katrina Lapira",,Complete,accela,"2026-03-28 16:26:45",Planning,
440,16,"2720 SAN PABLO Ave",ZP2023-0058,"Due 10/16/2023, assigned to TBD - Marked as Resubmittal Pending Staff on 09/15/2023 by Katrina Lapira","Incomplete Pending Applicant",2023-10-16,"TBD - Marked as Incomplete Pending Applicant on 10/16/2023 by Katrina Lapira","Katrina Lapira",,Active,accela,"2026-03-28 16:26:45",Planning,
441,47,"1850 BERRYMAN St",ZP2023-0063,Unknown,"Incomplete Pending Applicant",2023-06-14,"Katrina Lapira","Allison Riemer",,Complete,accela,"2026-03-28 16:26:45",Planning,
442,37,"2614 TELEGRAPH Ave",ZP2024-0027,Unknown,"Incomplete Pending Applicant",2024-03-15,TBD,"Marytonae Sanchez",,Complete,accela,"2026-03-28 16:26:45",Planning,
443,37,"2614 TELEGRAPH Ave",ZP2024-0027,Unknown,"Resubmittal Pending Staff",2024-12-19,"Allison Riemer","Allison Riemer",,Complete,accela,"2026-03-28 16:26:45",Planning,
444,37,"2614 TELEGRAPH Ave",ZP2024-0027,Unknown,"Incomplete Pending Applicant",2025-01-17,"Allison Riemer","Allison Riemer",,Complete,accela,"2026-03-28 16:26:45",Planning,
445,37,"2614 TELEGRAPH Ave",ZP2024-0027,Unknown,"Resubmittal Pending Staff",2025-03-05,TBD,"Allison Riemer",,Complete,accela,"2026-03-28 16:26:45",Planning,
446,37,"2614 TELEGRAPH Ave",ZP2024-0027,Unknown,"Incomplete Pending Applicant",2025-03-26,TBD,"Allison Riemer",,Complete,accela,"2026-03-28 16:26:45",Planning,
447,37,"2614 TELEGRAPH Ave",ZP2024-0027,Unknown,"Application Complete",2025-04-30,TBD,"Allison Riemer",,Complete,accela,"2026-03-28 16:26:45",Planning,
448,37,"2614 TELEGRAPH Ave",ZP2024-0027,Unknown,"Corrections - Pending Applicant",2025-05-30,TBD,"Allison Riemer",,Complete,accela,"2026-03-28 16:26:45",Planning,
449,37,"2614 TELEGRAPH Ave",ZP2024-0027,Unknown,"Resubmittal - Pending Staff Review",2025-10-30,TBD,"Allison Riemer",,Complete,accela,"2026-03-28 16:26:45",Planning,
450,37,"2614 TELEGRAPH Ave",ZP2024-0027,Unknown,"Corrections - Pending Applicant",2025-11-26,TBD,"Allison Riemer",,Complete,accela,"2026-03-28 16:26:45",Planning,
451,12,"2115 KITTREDGE St",ZP2024-0131,"Due 10/12/2024, assigned to Sharon Gong - Marked as Resubmittal Pending Staff on 09/17/2024 by Claudia Garcia","Incomplete Pending Applicant",2024-10-16,"Sharon Gong - Marked as Incomplete Pending Applicant on 10/16/2024 by Sharon Gong","Sharon Gong",,Active,accela,"2026-03-28 16:26:45",Planning,
452,50,"2420 ASHBY Ave",ZP2024-0147,Unknown,"Incomplete Pending Applicant",2024-10-16,"Kanah Lee",kl,,Complete,accela,"2026-03-28 16:26:45",Planning,
453,42,"1740 UNIVERSITY Ave",ZP2025-0079,Unknown,"Incomplete Pending Applicant",2025-08-27,"Kanah Lee",kl,,Complete,accela,"2026-03-28 16:26:45",Planning,
454,42,"1740 UNIVERSITY Ave",ZP2025-0079,Unknown,"Resubmittal Pending Staff",2025-09-04,"Kanah Lee",kl,,Complete,accela,"2026-03-28 16:26:45",Planning,
455,42,"1740 UNIVERSITY Ave",ZP2025-0079,Unknown,"Application Complete",2025-09-15,"Kanah Lee",kl,,Complete,accela,"2026-03-28 16:26:45",Planning,
456,42,"1740 UNIVERSITY Ave",ZP2025-0079,Unknown,"Corrections - Pending Applicant",2025-10-14,"Victoria Schlepp","Victoria Schlepp",,Complete,accela,"2026-03-28 16:26:45",Planning,
457,42,"1740 UNIVERSITY Ave",ZP2025-0079,Unknown,"Pending Final Action",2026-01-27,"Victoria Schlepp",MJ,,Complete,accela,"2026-03-28 16:26:45",Planning,
458,42,"1740 UNIVERSITY Ave",ZP2025-0079,Unknown,"Categorically Exempt",2026-01-22,TBD,MJ,,Complete,accela,"2026-03-28 16:26:45",Planning,
459,42,"1740 UNIVERSITY Ave",ZP2025-0079,Unknown,"Not Applicable",2026-01-22,TBD,MJ,,Complete,accela,"2026-03-28 16:26:45",Planning,
460,42,"1740 UNIVERSITY Ave",ZP2025-0079,Unknown,"No Appeal",2026-02-10,TBD,MJ,,Complete,accela,"2026-03-28 16:26:45",Planning,
461,42,"1740 UNIVERSITY Ave",ZP2025-0079,Unknown,"Notice Issued",2026-01-08,TBD,MJ,,Complete,accela,"2026-03-28 16:26:45",Planning,
462,42,"1740 UNIVERSITY Ave",ZP2025-0079,Unknown,"ZAB Approved",2026-01-22,TBD,MJ,,Complete,accela,"2026-03-28 16:26:45",Planning,
463,42,"1740 UNIVERSITY Ave",ZP2025-0079,Unknown,"Notice Issued",2026-01-22,TBD,MJ,,Complete,accela,"2026-03-28 16:26:45",Planning,
464,42,"1740 UNIVERSITY Ave",ZP2025-0079,Unknown,Approved,2026-02-11,TBD,MJ,,Complete,accela,"2026-03-28 16:26:45",Planning,
465,45,"2200 FIFTH St",ZP2025-0085,Unknown,"Incomplete Pending Applicant",2025-09-17,"Kanah Lee",kl,,Complete,accela,"2026-03-28 16:26:45",Planning,
466,45,"2200 FIFTH St",ZP2025-0085,Unknown,"Resubmittal Pending Staff",2025-11-05,"Caroline Johnson","Caroline Johnson",,Complete,accela,"2026-03-28 16:26:45",Planning,
467,45,"2200 FIFTH St",ZP2025-0085,Unknown,"Application Complete",2025-11-24,"Caroline Johnson","Caroline Johnson",,Complete,accela,"2026-03-28 16:26:45",Planning,
468,45,"2200 FIFTH St",ZP2025-0085,Unknown,Withdrawn,2026-03-19,"Caroline Johnson","Karen Hernandez-Gonzalez",,Complete,accela,"2026-03-28 16:26:45",Planning,
469,114,"2727 HASTE St",ZP2026-0007,Unknown,"Incomplete Pending Applicant",2026-01-16,TBD,"Marytonae Sanchez",,Complete,accela,"2026-03-28 16:26:45",Planning,
470,114,"2727 HASTE St",ZP2026-0007,Unknown,Note,2026-02-03,"Marytonae Sanchez","Marytonae Sanchez",,Complete,accela,"2026-03-28 16:26:45",Planning,
471,114,"2727 HASTE St",ZP2026-0007,Unknown,"Resubmittal Pending Staff",2026-02-09,"Marytonae Sanchez","Marytonae Sanchez",,Complete,accela,"2026-03-28 16:26:45",Planning,
472,114,"2727 HASTE St",ZP2026-0007,Unknown,"Application Complete",2026-02-24,"Marytonae Sanchez","Marytonae Sanchez",,Complete,accela,"2026-03-28 16:26:45",Planning,
476,152,"1598 UNIVERSITY Ave",1598,Unknown,"Application Complete",2024-05-06,,"Desiree Dougherty",,Complete,accela,"2026-03-29 00:42:06",Other,
477,152,"1598 UNIVERSITY Ave",1598,Unknown,Completed,2024-05-09,,"Desiree Dougherty",,Complete,accela,"2026-03-29 00:42:06",Other,
478,152,"1598 UNIVERSITY Ave",1598,Unknown,Completed,2024-06-12,,"Desiree Dougherty",,Complete,accela,"2026-03-29 00:42:06",Other,
479,152,"1598 UNIVERSITY Ave",1598,Unknown,Completed,2024-06-06,,"Desiree Dougherty",,Complete,accela,"2026-03-29 00:42:06",Other,
480,152,"1598 UNIVERSITY Ave",1598,Unknown,Completed,2024-07-14,,"Desiree Dougherty",,Complete,accela,"2026-03-29 00:42:06",Other,
481,152,"1598 UNIVERSITY Ave",1598,Unknown,"No Notice Required",2024-06-12,,"Desiree Dougherty",,Complete,accela,"2026-03-29 00:42:06",Other,
482,152,"1598 UNIVERSITY Ave",1598,Unknown,"Continued off Calendar",2024-05-16,,"Desiree Dougherty",,Complete,accela,"2026-03-29 00:42:06",Other,
483,152,"1598 UNIVERSITY Ave",1598,Unknown,Approved,2024-06-20,,"Desiree Dougherty",,Complete,accela,"2026-03-29 00:42:06",Other,
484,152,"1598 UNIVERSITY Ave",1598,Unknown,Approved,2024-07-14,,"Desiree Dougherty",,Complete,accela,"2026-03-29 00:42:06",Other,
485,152,"1598 UNIVERSITY Ave",1598,Unknown,"Incomplete Pending Applicant",2022-08-24,,"Katrina Lapira",,Complete,accela,"2026-03-29 00:42:06",Other,
486,152,"1598 UNIVERSITY Ave",1598,Unknown,"Resubmittal Pending Staff",2022-09-22,,"Katrina Lapira",,Complete,accela,"2026-03-29 00:42:06",Other,
487,152,"1598 UNIVERSITY Ave",1598,Unknown,"Incomplete Pending Applicant",2022-10-20,,"Katrina Lapira",,Complete,accela,"2026-03-29 00:42:06",Other,
488,152,"1598 UNIVERSITY Ave",1598,Unknown,"Resubmittal Pending Staff",2022-11-01,,"Katrina Lapira",,Complete,accela,"2026-03-29 00:42:06",Other,
489,152,"1598 UNIVERSITY Ave",1598,Unknown,"Incomplete Pending Applicant",2022-12-01,,"Katrina Lapira",,Complete,accela,"2026-03-29 00:42:06",Other,
490,152,"1598 UNIVERSITY Ave",1598,Unknown,"Resubmittal Pending Staff",2022-12-23,,"Katrina Lapira",,Complete,accela,"2026-03-29 00:42:06",Other,
491,152,"1598 UNIVERSITY Ave",1598,Unknown,"Application Complete",2023-01-23,,"Katrina Lapira",,Complete,accela,"2026-03-29 00:42:06",Other,
492,152,"1598 UNIVERSITY Ave",1598,Unknown,"Categorically Exempt",2023-05-11,,MJ,,Complete,accela,"2026-03-29 00:42:06",Other,
493,152,"1598 UNIVERSITY Ave",1598,Unknown,Approved,2023-05-11,,MJ,,Complete,accela,"2026-03-29 00:42:06",Other,
494,152,"1598 UNIVERSITY Ave",1598,Unknown,"Appeal to City Council",2023-06-01,,MJ,,Complete,accela,"2026-03-29 00:42:06",Other,
495,152,"1598 UNIVERSITY Ave",1598,Unknown,"Notice Issued",2023-09-12,,MJ,,Complete,accela,"2026-03-29 00:42:06",Other,
496,152,"1598 UNIVERSITY Ave",1598,Unknown,"City Council Approved",2023-09-26,,MJ,,Complete,accela,"2026-03-29 00:42:06",Other,
497,152,"1598 UNIVERSITY Ave",1598,Unknown,Approved,2023-10-27,,MJ,,Complete,accela,"2026-03-29 00:42:06",Other,
498,152,"1598 UNIVERSITY Ave",1598,Unknown,"Application Complete",2022-12-01,,M.,,Complete,accela,"2026-03-29 00:42:06",Other,
499,152,"1598 UNIVERSITY Ave",1598,Unknown,Completed,2023-04-13,,"Desiree Dougherty",,Complete,accela,"2026-03-29 00:42:06",Other,
500,152,"1598 UNIVERSITY Ave",1598,Unknown,Completed,2023-09-11,,"Desiree Dougherty",,Complete,accela,"2026-03-29 00:42:06",Other,
501,152,"1598 UNIVERSITY Ave",1598,Unknown,"No Notice Required",2023-04-13,,"Desiree Dougherty",,Complete,accela,"2026-03-29 00:42:06",Other,
502,152,"1598 UNIVERSITY Ave",1598,Unknown,Approved,2023-04-20,,"Desiree Dougherty",,Complete,accela,"2026-03-29 00:42:06",Other,
503,152,"1598 UNIVERSITY Ave",1598,Unknown,Approved,2023-05-04,,"Desiree Dougherty",,Complete,accela,"2026-03-29 00:42:06",Other,
504,153,"1701 SAN PABLO Ave",1701,"Stage: Case Closed","Research Completed",2025-02-24,,"Samella Stover",,Active,accela,"2026-03-29 00:42:06",Other,
505,153,"1701 SAN PABLO Ave",1701,"ness Review",Void,2023-01-18,,SU,,Complete,accela,"2026-03-29 00:42:06",Other,
506,153,"1701 SAN PABLO Ave",1701,"Stage: CEQA Determination",Void,2023-01-18,,SU,,Active,accela,"2026-03-29 00:42:06",Other,
507,153,"1701 SAN PABLO Ave",1701,"Stage: Staff Decision",Void,2023-01-18,,SU,,Active,accela,"2026-03-29 00:42:06",Other,
508,153,"1701 SAN PABLO Ave",1701,"Stage: Appeal",Void,2023-01-18,,SU,,Active,accela,"2026-03-29 00:42:06",Other,
509,153,"1701 SAN PABLO Ave",1701,"Stage: Hearing Notice",Void,2023-01-18,,SU,,Active,accela,"2026-03-29 00:42:06",Other,
510,153,"1701 SAN PABLO Ave",1701,"Stage: Public Hearing",Void,2023-01-18,,SU,,Active,accela,"2026-03-29 00:42:06",Other,
511,153,"1701 SAN PABLO Ave",1701,"Stage: Notice of Decision",Void,2023-01-18,,SU,,Active,accela,"2026-03-29 00:42:06",Other,
512,153,"1701 SAN PABLO Ave",1701,"Stage: Case Closed",Void,2023-01-18,,SU,,Active,accela,"2026-03-29 00:42:06",Other,
513,153,"1701 SAN PABLO Ave",1701,"ness Review",Complete,2013-07-31,,RW,,Complete,accela,"2026-03-29 00:42:06",Other,
514,153,"1701 SAN PABLO Ave",1701,"ness Review","Continuing legal use",2013-05-01,,RW,,Complete,accela,"2026-03-29 00:42:06",Other,
515,153,"1701 SAN PABLO Ave",1701,"Stage: Case Closed",Approved,2013-08-08,,RW,,Active,accela,"2026-03-29 00:42:06",Other,
516,153,"1701 SAN PABLO Ave",1701,"ness Review",Complete,2010-06-24,,"AA CONV",,Complete,accela,"2026-03-29 00:42:06",Other,
517,153,"1701 SAN PABLO Ave",1701,"Stage: Case Closed",Completed,2010-09-03,,"AA CONV",,Active,accela,"2026-03-29 00:42:06",Other,
518,153,"1701 SAN PABLO Ave",1701,"ness Review",Complete,2010-07-28,,"AA CONV",,Complete,accela,"2026-03-29 00:42:06",Other,
519,153,"1701 SAN PABLO Ave",1701,"Stage: Case Closed",Completed,2010-07-28,,"AA CONV",,Active,accela,"2026-03-29 00:42:06",Other,
540,152,"1598 UNIVERSITY Ave",DRCF2024-0004,Unknown,"Application Complete",2024-05-06,,"Desiree Dougherty",,Complete,accela,"2026-03-29 00:46:10",Other,
541,152,"1598 UNIVERSITY Ave",DRCF2024-0004,Unknown,Completed,2024-05-09,,"Desiree Dougherty",,Complete,accela,"2026-03-29 00:46:10",Other,
542,152,"1598 UNIVERSITY Ave",DRCF2024-0004,Unknown,Completed,2024-06-12,,"Desiree Dougherty",,Complete,accela,"2026-03-29 00:46:10",Other,
543,152,"1598 UNIVERSITY Ave",DRCF2024-0004,Unknown,Completed,2024-06-06,,"Desiree Dougherty",,Complete,accela,"2026-03-29 00:46:10",Other,
544,152,"1598 UNIVERSITY Ave",DRCF2024-0004,Unknown,Completed,2024-07-14,,"Desiree Dougherty",,Complete,accela,"2026-03-29 00:46:10",Other,
545,152,"1598 UNIVERSITY Ave",DRCF2024-0004,Unknown,"No Notice Required",2024-06-12,,"Desiree Dougherty",,Complete,accela,"2026-03-29 00:46:10",Other,
546,152,"1598 UNIVERSITY Ave",DRCF2024-0004,Unknown,"Continued off Calendar",2024-05-16,,"Desiree Dougherty",,Complete,accela,"2026-03-29 00:46:10",Other,
547,152,"1598 UNIVERSITY Ave",DRCF2024-0004,Unknown,Approved,2024-06-20,,"Desiree Dougherty",,Complete,accela,"2026-03-29 00:46:10",Other,
548,152,"1598 UNIVERSITY Ave",DRCF2024-0004,Unknown,Approved,2024-07-14,,"Desiree Dougherty",,Complete,accela,"2026-03-29 00:46:10",Other,
549,152,"1598 UNIVERSITY Ave",DRCF2024-0004,Unknown,"Incomplete Pending Applicant",2022-08-24,,"Katrina Lapira",,Complete,accela,"2026-03-29 00:46:10",Other,
550,152,"1598 UNIVERSITY Ave",DRCF2024-0004,Unknown,"Resubmittal Pending Staff",2022-09-22,,"Katrina Lapira",,Complete,accela,"2026-03-29 00:46:10",Other,
551,152,"1598 UNIVERSITY Ave",DRCF2024-0004,Unknown,"Incomplete Pending Applicant",2022-10-20,,"Katrina Lapira",,Complete,accela,"2026-03-29 00:46:10",Other,
552,152,"1598 UNIVERSITY Ave",DRCF2024-0004,Unknown,"Resubmittal Pending Staff",2022-11-01,,"Katrina Lapira",,Complete,accela,"2026-03-29 00:46:10",Other,
553,152,"1598 UNIVERSITY Ave",DRCF2024-0004,Unknown,"Incomplete Pending Applicant",2022-12-01,,"Katrina Lapira",,Complete,accela,"2026-03-29 00:46:10",Other,
554,152,"1598 UNIVERSITY Ave",DRCF2024-0004,Unknown,"Resubmittal Pending Staff",2022-12-23,,"Katrina Lapira",,Complete,accela,"2026-03-29 00:46:10",Other,
555,152,"1598 UNIVERSITY Ave",DRCF2024-0004,Unknown,"Application Complete",2023-01-23,,"Katrina Lapira",,Complete,accela,"2026-03-29 00:46:10",Other,
556,152,"1598 UNIVERSITY Ave",DRCF2024-0004,Unknown,"Categorically Exempt",2023-05-11,,MJ,,Complete,accela,"2026-03-29 00:46:10",Other,
557,152,"1598 UNIVERSITY Ave",DRCF2024-0004,Unknown,Approved,2023-05-11,,MJ,,Complete,accela,"2026-03-29 00:46:10",Other,
558,152,"1598 UNIVERSITY Ave",DRCF2024-0004,Unknown,"Appeal to City Council",2023-06-01,,MJ,,Complete,accela,"2026-03-29 00:46:10",Other,
559,152,"1598 UNIVERSITY Ave",DRCF2024-0004,Unknown,"Notice Issued",2023-09-12,,MJ,,Complete,accela,"2026-03-29 00:46:10",Other,
560,152,"1598 UNIVERSITY Ave",DRCF2024-0004,Unknown,"City Council Approved",2023-09-26,,MJ,,Complete,accela,"2026-03-29 00:46:10",Other,
561,152,"1598 UNIVERSITY Ave",DRCF2024-0004,Unknown,Approved,2023-10-27,,MJ,,Complete,accela,"2026-03-29 00:46:10",Other,
562,152,"1598 UNIVERSITY Ave",DRCF2024-0004,Unknown,"Application Complete",2022-12-01,,M.,,Complete,accela,"2026-03-29 00:46:10",Other,
563,152,"1598 UNIVERSITY Ave",DRCF2024-0004,Unknown,Completed,2023-04-13,,"Desiree Dougherty",,Complete,accela,"2026-03-29 00:46:10",Other,
564,152,"1598 UNIVERSITY Ave",DRCF2024-0004,Unknown,Completed,2023-09-11,,"Desiree Dougherty",,Complete,accela,"2026-03-29 00:46:10",Other,
565,152,"1598 UNIVERSITY Ave",DRCF2024-0004,Unknown,"No Notice Required",2023-04-13,,"Desiree Dougherty",,Complete,accela,"2026-03-29 00:46:10",Other,
566,152,"1598 UNIVERSITY Ave",DRCF2024-0004,Unknown,Approved,2023-04-20,,"Desiree Dougherty",,Complete,accela,"2026-03-29 00:46:10",Other,
567,152,"1598 UNIVERSITY Ave",DRCF2024-0004,Unknown,Approved,2023-05-04,,"Desiree Dougherty",,Complete,accela,"2026-03-29 00:46:10",Other,
568,153,"1701 SAN PABLO Ave",PLN2024-0072,"Stage: Case Closed","Research Completed",2025-02-24,,"Samella Stover",,Active,accela,"2026-03-29 00:46:10",Planning,
569,153,"1701 SAN PABLO Ave",PLN2024-0072,"ness Review",Void,2023-01-18,,SU,,Complete,accela,"2026-03-29 00:46:10",Planning,
570,153,"1701 SAN PABLO Ave",PLN2024-0072,"Stage: CEQA Determination",Void,2023-01-18,,SU,,Active,accela,"2026-03-29 00:46:10",Planning,
571,153,"1701 SAN PABLO Ave",PLN2024-0072,"Stage: Staff Decision",Void,2023-01-18,,SU,,Active,accela,"2026-03-29 00:46:10",Planning,
572,153,"1701 SAN PABLO Ave",PLN2024-0072,"Stage: Appeal",Void,2023-01-18,,SU,,Active,accela,"2026-03-29 00:46:10",Planning,
573,153,"1701 SAN PABLO Ave",PLN2024-0072,"Stage: Hearing Notice",Void,2023-01-18,,SU,,Active,accela,"2026-03-29 00:46:10",Planning,
574,153,"1701 SAN PABLO Ave",PLN2024-0072,"Stage: Public Hearing",Void,2023-01-18,,SU,,Active,accela,"2026-03-29 00:46:10",Planning,
575,153,"1701 SAN PABLO Ave",PLN2024-0072,"Stage: Notice of Decision",Void,2023-01-18,,SU,,Active,accela,"2026-03-29 00:46:10",Planning,
576,153,"1701 SAN PABLO Ave",PLN2024-0072,"Stage: Case Closed",Void,2023-01-18,,SU,,Active,accela,"2026-03-29 00:46:10",Planning,
577,153,"1701 SAN PABLO Ave",PLN2024-0072,"ness Review",Complete,2013-07-31,,RW,,Complete,accela,"2026-03-29 00:46:10",Planning,
578,153,"1701 SAN PABLO Ave",PLN2024-0072,"ness Review","Continuing legal use",2013-05-01,,RW,,Complete,accela,"2026-03-29 00:46:10",Planning,
579,153,"1701 SAN PABLO Ave",PLN2024-0072,"Stage: Case Closed",Approved,2013-08-08,,RW,,Active,accela,"2026-03-29 00:46:10",Planning,
580,153,"1701 SAN PABLO Ave",PLN2024-0072,"ness Review",Complete,2010-06-24,,"AA CONV",,Complete,accela,"2026-03-29 00:46:10",Planning,
581,153,"1701 SAN PABLO Ave",PLN2024-0072,"Stage: Case Closed",Completed,2010-09-03,,"AA CONV",,Active,accela,"2026-03-29 00:46:10",Planning,
582,153,"1701 SAN PABLO Ave",PLN2024-0072,"ness Review",Complete,2010-07-28,,"AA CONV",,Complete,accela,"2026-03-29 00:46:10",Planning,
583,153,"1701 SAN PABLO Ave",PLN2024-0072,"Stage: Case Closed",Completed,2010-07-28,,"AA CONV",,Active,accela,"2026-03-29 00:46:10",Planning,
627,152,"1598 UNIVERSITY Ave",ZP2022-0011,Unknown,"Application Complete",2024-05-06,,"Desiree Dougherty",,Complete,accela,"2026-03-29 02:16:04",Planning,
628,152,"1598 UNIVERSITY Ave",ZP2022-0011,Unknown,Completed,2024-05-09,,"Desiree Dougherty",,Complete,accela,"2026-03-29 02:16:04",Planning,
629,152,"1598 UNIVERSITY Ave",ZP2022-0011,Unknown,Completed,2024-06-12,,"Desiree Dougherty",,Complete,accela,"2026-03-29 02:16:04",Planning,
630,152,"1598 UNIVERSITY Ave",ZP2022-0011,Unknown,Completed,2024-06-06,,"Desiree Dougherty",,Complete,accela,"2026-03-29 02:16:04",Planning,
631,152,"1598 UNIVERSITY Ave",ZP2022-0011,Unknown,Completed,2024-07-14,,"Desiree Dougherty",,Complete,accela,"2026-03-29 02:16:04",Planning,
632,152,"1598 UNIVERSITY Ave",ZP2022-0011,Unknown,"No Notice Required",2024-06-12,,"Desiree Dougherty",,Complete,accela,"2026-03-29 02:16:04",Planning,
633,152,"1598 UNIVERSITY Ave",ZP2022-0011,Unknown,"Continued off Calendar",2024-05-16,,"Desiree Dougherty",,Complete,accela,"2026-03-29 02:16:04",Planning,
634,152,"1598 UNIVERSITY Ave",ZP2022-0011,Unknown,Approved,2024-06-20,,"Desiree Dougherty",,Complete,accela,"2026-03-29 02:16:04",Planning,
635,152,"1598 UNIVERSITY Ave",ZP2022-0011,Unknown,Approved,2024-07-14,,"Desiree Dougherty",,Complete,accela,"2026-03-29 02:16:04",Planning,
636,152,"1598 UNIVERSITY Ave",ZP2022-0011,Unknown,"Incomplete Pending Applicant",2022-08-24,,"Katrina Lapira",,Complete,accela,"2026-03-29 02:16:04",Planning,
637,152,"1598 UNIVERSITY Ave",ZP2022-0011,Unknown,"Resubmittal Pending Staff",2022-09-22,,"Katrina Lapira",,Complete,accela,"2026-03-29 02:16:04",Planning,
638,152,"1598 UNIVERSITY Ave",ZP2022-0011,Unknown,"Incomplete Pending Applicant",2022-10-20,,"Katrina Lapira",,Complete,accela,"2026-03-29 02:16:04",Planning,
639,152,"1598 UNIVERSITY Ave",ZP2022-0011,Unknown,"Resubmittal Pending Staff",2022-11-01,,"Katrina Lapira",,Complete,accela,"2026-03-29 02:16:04",Planning,
640,152,"1598 UNIVERSITY Ave",ZP2022-0011,Unknown,"Incomplete Pending Applicant",2022-12-01,,"Katrina Lapira",,Complete,accela,"2026-03-29 02:16:04",Planning,
641,152,"1598 UNIVERSITY Ave",ZP2022-0011,Unknown,"Resubmittal Pending Staff",2022-12-23,,"Katrina Lapira",,Complete,accela,"2026-03-29 02:16:04",Planning,
642,152,"1598 UNIVERSITY Ave",ZP2022-0011,Unknown,"Application Complete",2023-01-23,,"Katrina Lapira",,Complete,accela,"2026-03-29 02:16:04",Planning,
643,152,"1598 UNIVERSITY Ave",ZP2022-0011,Unknown,"Categorically Exempt",2023-05-11,,MJ,,Complete,accela,"2026-03-29 02:16:04",Planning,
644,152,"1598 UNIVERSITY Ave",ZP2022-0011,Unknown,Approved,2023-05-11,,MJ,,Complete,accela,"2026-03-29 02:16:04",Planning,
645,152,"1598 UNIVERSITY Ave",ZP2022-0011,Unknown,"Appeal to City Council",2023-06-01,,MJ,,Complete,accela,"2026-03-29 02:16:04",Planning,
646,152,"1598 UNIVERSITY Ave",ZP2022-0011,Unknown,"Notice Issued",2023-09-12,,MJ,,Complete,accela,"2026-03-29 02:16:04",Planning,
647,152,"1598 UNIVERSITY Ave",ZP2022-0011,Unknown,"City Council Approved",2023-09-26,,MJ,,Complete,accela,"2026-03-29 02:16:04",Planning,
648,152,"1598 UNIVERSITY Ave",ZP2022-0011,Unknown,Approved,2023-10-27,,MJ,,Complete,accela,"2026-03-29 02:16:04",Planning,
649,152,"1598 UNIVERSITY Ave",ZP2022-0011,Unknown,"Application Complete",2022-12-01,,M.,,Complete,accela,"2026-03-29 02:16:04",Planning,
650,152,"1598 UNIVERSITY Ave",ZP2022-0011,Unknown,Completed,2023-04-13,,"Desiree Dougherty",,Complete,accela,"2026-03-29 02:16:04",Planning,
651,152,"1598 UNIVERSITY Ave",ZP2022-0011,Unknown,Completed,2023-09-11,,"Desiree Dougherty",,Complete,accela,"2026-03-29 02:16:04",Planning,
652,152,"1598 UNIVERSITY Ave",ZP2022-0011,Unknown,"No Notice Required",2023-04-13,,"Desiree Dougherty",,Complete,accela,"2026-03-29 02:16:04",Planning,
653,152,"1598 UNIVERSITY Ave",ZP2022-0011,Unknown,Approved,2023-04-20,,"Desiree Dougherty",,Complete,accela,"2026-03-29 02:16:04",Planning,
654,152,"1598 UNIVERSITY Ave",ZP2022-0011,Unknown,Approved,2023-05-04,,"Desiree Dougherty",,Complete,accela,"2026-03-29 02:16:04",Planning,
672,147,"2300 ELLSWORTH St",,"Completeness Review","Application Submitted",2023-03-03,,"Niloufar Karimzadegan",,Active,accela,"2026-03-30 03:14:27",Unknown,
673,147,"2300 ELLSWORTH St",,"Completeness Review",Incomplete,2023-03-22,,"Niloufar Karimzadegan",,Active,accela,"2026-03-30 03:14:27",Unknown,
674,147,"2300 ELLSWORTH St",,"Completeness Review","Resubmittal Received",2023-04-26,,"Niloufar Karimzadegan",,Active,accela,"2026-03-30 03:14:27",Unknown,
675,147,"2300 ELLSWORTH St",,"Completeness Review",Incomplete,2023-05-10,,"Niloufar Karimzadegan",,Active,accela,"2026-03-30 03:14:27",Unknown,
676,147,"2300 ELLSWORTH St",,"Completeness Review","Resubmittal Received",2023-06-09,,"Niloufar Karimzadegan",,Active,accela,"2026-03-30 03:14:27",Unknown,
677,147,"2300 ELLSWORTH St",,"Completeness Review",Incomplete,2023-06-21,,"Niloufar Karimzadegan",,Active,accela,"2026-03-30 03:14:27",Unknown,
678,147,"2300 ELLSWORTH St",,"Completeness Review","Resubmittal Received",2023-07-20,,"Niloufar Karimzadegan",,Active,accela,"2026-03-30 03:14:27",Unknown,
679,147,"2300 ELLSWORTH St",,"Completeness Review",Incomplete,2023-08-02,,"Niloufar Karimzadegan",,Active,accela,"2026-03-30 03:14:27",Unknown,
680,147,"2300 ELLSWORTH St",,"Completeness Review","Resubmittal Received",2023-09-08,,"Niloufar Karimzadegan",,Active,accela,"2026-03-30 03:14:27",Unknown,
681,147,"2300 ELLSWORTH St",,"Completeness Review",Complete,2023-09-21,,"Niloufar Karimzadegan",,Active,accela,"2026-03-30 03:14:27",Unknown,
682,147,"2300 ELLSWORTH St",,"Application Processing","Pending Final Action",2024-10-01,,MJ,,Active,accela,"2026-03-30 03:14:27",Unknown,
683,147,"2300 ELLSWORTH St",,"CEQA Determination","Categorically Exempt",2024-09-26,,MJ,,Active,accela,"2026-03-30 03:14:27",Unknown,
684,147,"2300 ELLSWORTH St",,"Staff Decision",Approved,2024-10-01,,MJ,,Active,accela,"2026-03-30 03:14:27",Unknown,
685,147,"2300 ELLSWORTH St",,Appeal,"No Appeal Filed",2024-10-16,,MJ,,Active,accela,"2026-03-30 03:14:27",Unknown,
686,147,"2300 ELLSWORTH St",,Appeal,"Hearing Notice",2024-10-01,,MJ,,Active,accela,"2026-03-30 03:14:27",Unknown,
687,147,"2300 ELLSWORTH St",,Appeal,"Public Hearing",2024-10-01,,MJ,,Active,accela,"2026-03-30 03:14:27",Unknown,
688,147,"2300 ELLSWORTH St",,Appeal,"Notice of Decision",2024-10-01,,MJ,,Active,accela,"2026-03-30 03:14:27",Unknown,
689,147,"2300 ELLSWORTH St",,"Case Closed","Approved/Case Closed",2024-10-21,,MJ,,Complete,accela,"2026-03-30 03:14:27",Unknown,
690,139,"2538 DURANT Ave",,"Completeness Review","Application Complete",2025-06-06,,MJ,,Active,accela,"2026-03-30 03:14:27",Unknown,
691,139,"2538 DURANT Ave",,"Application Processing","Pending Final Action",2025-10-20,,MJ,,Active,accela,"2026-03-30 03:14:27",Unknown,
692,139,"2538 DURANT Ave",,"CEQA Determination","Categorically Exempt",2025-09-25,,MJ,,Active,accela,"2026-03-30 03:14:27",Unknown,
693,139,"2538 DURANT Ave",,"Staff Decision",Approved,2025-09-25,,MJ,,Active,accela,"2026-03-30 03:14:27",Unknown,
694,139,"2538 DURANT Ave",,Appeal,"No Appeal",2025-10-15,,MJ,,Active,accela,"2026-03-30 03:14:27",Unknown,
695,139,"2538 DURANT Ave",,"Case Closed",Approved,2025-10-20,,MJ,,Complete,accela,"2026-03-30 03:14:27",Unknown,
696,156,"2550 SHATTUCK Ave",,"Completeness Review","Incomplete Pending Applicant",2023-10-25,TBD,Al,,Active,accela,"2026-03-30 03:14:27",Unknown,
697,156,"2550 SHATTUCK Ave",,"Completeness Review","Resubmittal Pending Staff",2023-11-18,TBD,Al,,Active,accela,"2026-03-30 03:14:27",Unknown,
698,156,"2550 SHATTUCK Ave",,"Completeness Review","Incomplete Pending Applicant",2023-12-18,TBD,Al,,Active,accela,"2026-03-30 03:14:27",Unknown,
699,156,"2550 SHATTUCK Ave",,"Completeness Review","Resubmittal Pending Staff",2024-03-17,TBD,Al,,Active,accela,"2026-03-30 03:14:27",Unknown,
700,156,"2550 SHATTUCK Ave",,"Completeness Review","Application Complete",2024-04-16,TBD,Al,,Active,accela,"2026-03-30 03:14:27",Unknown,
701,156,"2550 SHATTUCK Ave",,"Completeness Review","Incomplete Pending Applicant",2024-04-16,TBD,Al,,Active,accela,"2026-03-30 03:14:27",Unknown,
702,156,"2550 SHATTUCK Ave",,"Application Processing","Corrections - Pending Applicant",2024-04-16,TBD,Al,,Active,accela,"2026-03-30 03:14:27",Unknown,
703,156,"2550 SHATTUCK Ave",,"Application Processing","Resubmittal - Pending Staff Review",2024-07-01,TBD,Al,,Active,accela,"2026-03-30 03:14:27",Unknown,
704,156,"2550 SHATTUCK Ave",,"Application Processing","Pending Final Action",2024-07-31,TBD,Al,,Active,accela,"2026-03-30 03:14:27",Unknown,
705,156,"2550 SHATTUCK Ave",,"Application Processing","Corrections - Pending Applicant",2024-07-31,TBD,Al,,Active,accela,"2026-03-30 03:14:27",Unknown,
707,156,"2550 SHATTUCK Ave",,"CEQA Determination","Categorically Exempt",2024-12-12,TBD,MJ,,Active,accela,"2026-03-30 03:14:27",Unknown,
708,156,"2550 SHATTUCK Ave",,"Staff Decision",Approved,2024-12-12,TBD,MJ,,Active,accela,"2026-03-30 03:14:27",Unknown,
709,156,"2550 SHATTUCK Ave",,Appeal,"No Appeal",2025-01-21,TBD,MJ,,Active,accela,"2026-03-30 03:14:27",Unknown,
710,156,"2550 SHATTUCK Ave",,"Case Closed",Approved,2025-01-21,TBD,MJ,,Complete,accela,"2026-03-30 03:14:27",Unknown,
713,140,"2136 SAN PABLO Ave",ZP2021-0046,"ness Review","Incomplete Pending Applicant",2021-04-29,,"Sharon Gong",,Complete,accela,"2026-03-30 03:14:27",Planning,
714,140,"2136 SAN PABLO Ave",ZP2021-0046,"ness Review","Application Complete",2021-08-27,,"Sharon Gong",,Complete,accela,"2026-03-30 03:14:27",Planning,
715,140,"2136 SAN PABLO Ave",ZP2021-0046,"CEQA Determination","EIR Required",2021-08-27,,"Sharon Gong",,Active,accela,"2026-03-30 03:14:27",Planning,
716,140,"2136 SAN PABLO Ave",ZP2021-0046,"Case Closed",Approved,2024-05-22,,MJ,,Active,accela,"2026-03-30 03:14:27",Planning,
717,140,"2136 SAN PABLO Ave",ZP2021-0046,"ness Review","Application Complete",2021-04-28,,"Desiree Dougherty",,Complete,accela,"2026-03-30 03:14:27",Planning,
718,140,"2136 SAN PABLO Ave",ZP2021-0046,"ness Review",Completed,2021-05-13,,"Desiree Dougherty",,Complete,accela,"2026-03-30 03:14:27",Planning,
719,140,"2136 SAN PABLO Ave",ZP2021-0046,"ness Review",Completed,2024-02-08,,"Desiree Dougherty",,Complete,accela,"2026-03-30 03:14:27",Planning,
720,140,"2136 SAN PABLO Ave",ZP2021-0046,"ness Review",Completed,2022-12-29,,"Desiree Dougherty",,Complete,accela,"2026-03-30 03:14:27",Planning,
721,140,"2136 SAN PABLO Ave",ZP2021-0046,"ness Review",Completed,2024-02-26,,"Desiree Dougherty",,Complete,accela,"2026-03-30 03:14:27",Planning,
722,140,"2136 SAN PABLO Ave",ZP2021-0046,"ness Review","No Notice Required",2021-05-13,,"Desiree Dougherty",,Complete,accela,"2026-03-30 03:14:27",Planning,
723,140,"2136 SAN PABLO Ave",ZP2021-0046,"ness Review","No Notice Required",2024-02-08,,"Desiree Dougherty",,Complete,accela,"2026-03-30 03:14:27",Planning,
724,140,"2136 SAN PABLO Ave",ZP2021-0046,"ness Review","Continued off Calendar",2021-05-20,,"Desiree Dougherty",,Complete,accela,"2026-03-30 03:14:27",Planning,
725,140,"2136 SAN PABLO Ave",ZP2021-0046,"ness Review",Approved,2024-02-15,,"Desiree Dougherty",,Complete,accela,"2026-03-30 03:14:27",Planning,
726,140,"2136 SAN PABLO Ave",ZP2021-0046,"Case Closed",Approved,2024-02-29,,"Desiree Dougherty",,Active,accela,"2026-03-30 03:14:27",Planning,
727,140,"2136 SAN PABLO Ave",ZP2021-0046,"ness Review",Withdrawn,2021-05-18,,"Sharon Gong",,Complete,accela,"2026-03-30 03:14:27",Planning,
728,140,"2136 SAN PABLO Ave",ZP2021-0046,"Case Closed",Withdrawn,2022-05-05,,"Sharon Gong",,Active,accela,"2026-03-30 03:14:27",Planning,
729,140,"2136 SAN PABLO Ave",ZP2021-0046,"ness Review","Incomplete Pending Applicant",2019-01-22,,"Desiree Dougherty",,Complete,accela,"2026-03-30 03:14:27",Planning,
730,140,"2136 SAN PABLO Ave",ZP2021-0046,"ness Review","Incomplete Pending Applicant",2019-11-22,,"Desiree Dougherty",,Complete,accela,"2026-03-30 03:14:27",Planning,
731,140,"2136 SAN PABLO Ave",ZP2021-0046,"ness Review",Withdrawn,2022-05-05,,M.,,Complete,accela,"2026-03-30 03:14:27",Planning,
732,140,"2136 SAN PABLO Ave",ZP2021-0046,"ness Review",Note,2022-05-05,,"M. (Comment: Withdrawn with ZP2019-0179)",,Complete,accela,"2026-03-30 03:14:27",Planning,
734,161,"2555 COLLEGE Ave",ZP2022-0019,"ness Review","Incomplete Pending Applicant",2022-03-01,,"Ashley James",,Complete,accela,"2026-03-30 03:14:27",Planning,
735,161,"2555 COLLEGE Ave",ZP2022-0019,"ness Review","Incomplete Pending Applicant",2022-04-28,,"Katrina Lapira",,Complete,accela,"2026-03-30 03:14:27",Planning,
736,161,"2555 COLLEGE Ave",ZP2022-0019,"Marked as Resubmittal Pending Staff on 05/18/2022 by Katrina Lapira","Incomplete Pending Applicant",2022-06-17,,"Katrina Lapira",,Active,accela,"2026-03-30 03:14:27",Planning,
737,161,"2555 COLLEGE Ave",ZP2022-0019,"Marked as Resubmittal Pending Staff on 06/22/2022 by Katrina Lapira","Application Complete",2022-07-21,,"Katrina Lapira",,Active,accela,"2026-03-30 03:14:27",Planning,
738,161,"2555 COLLEGE Ave",ZP2022-0019,"Stage: CEQA Determination","Negative Declaration Required",2023-05-10,,MJ,,Active,accela,"2026-03-30 03:14:27",Planning,
739,161,"2555 COLLEGE Ave",ZP2022-0019,"Stage: Staff Decision",Approved,2023-04-27,,MJ,,Active,accela,"2026-03-30 03:14:27",Planning,
740,161,"2555 COLLEGE Ave",ZP2022-0019,"Stage: Case Closed",Approved,2023-05-31,,MJ,,Active,accela,"2026-03-30 03:14:27",Planning,
741,161,"2555 COLLEGE Ave",ZP2022-0019,"Stage: Resubmittal-Revision","Documents Uploaded",2023-09-21,,ADM,,Active,accela,"2026-03-30 03:14:27",Planning,
742,161,"2555 COLLEGE Ave",ZP2022-0019,"Stage: Resubmittal-Revision","Documents Uploaded",2024-02-02,,ADM,,Active,accela,"2026-03-30 03:14:27",Planning,
743,161,"2555 COLLEGE Ave",ZP2022-0019,"Stage: Building and Safety Review",Assigned,2023-06-14,,"Kong Chung",,Active,accela,"2026-03-30 03:14:27",Planning,
744,161,"2555 COLLEGE Ave",ZP2022-0019,"Stage: Building and Safety Review",Corrections,2023-07-12,,"Andrew Cockrell",,Active,accela,"2026-03-30 03:14:27",Planning,
745,161,"2555 COLLEGE Ave",ZP2022-0019,"Stage: Building and Safety Review",Corrections,2023-10-17,,"Andrew Cockrell",,Active,accela,"2026-03-30 03:14:27",Planning,
746,161,"2555 COLLEGE Ave",ZP2022-0019,"Stage: Building and Safety Review",Corrections,2023-12-18,,"Andrew Cockrell",,Active,accela,"2026-03-30 03:14:27",Planning,
747,161,"2555 COLLEGE Ave",ZP2022-0019,"Stage: Building and Safety Review","Approved w/Conditions",2024-02-28,,"Andrew Cockrell",,Active,accela,"2026-03-30 03:14:27",Planning,
748,161,"2555 COLLEGE Ave",ZP2022-0019,"Stage: Building and Safety Review","Approved w/Conditions",2024-04-05,,"Andrew Cockrell",,Active,accela,"2026-03-30 03:14:27",Planning,
749,161,"2555 COLLEGE Ave",ZP2022-0019,"Stage: Zoning Review",Assigned,2023-06-13,,MJ,,Active,accela,"2026-03-30 03:14:27",Planning,
750,161,"2555 COLLEGE Ave",ZP2022-0019,"Stage: Zoning Review",Assigned,2023-07-26,,"Katrina Lapira",,Active,accela,"2026-03-30 03:14:27",Planning,
751,161,"2555 COLLEGE Ave",ZP2022-0019,"Stage: Zoning Review",Corrections,2023-07-27,,"Katrina Lapira",,Active,accela,"2026-03-30 03:14:27",Planning,
752,161,"2555 COLLEGE Ave",ZP2022-0019,"Stage: Plan Distribution","Pending Payment",2023-06-09,,"Autumn Maltbie",,Active,accela,"2026-03-30 03:14:27",Planning,
753,161,"2555 COLLEGE Ave",ZP2022-0019,"Stage: Plan Distribution",Route,2023-06-09,,"Autumn Maltbie",,Active,accela,"2026-03-30 03:14:27",Planning,
754,161,"2555 COLLEGE Ave",ZP2022-0019,"Stage: Plan Distribution",Route,2023-06-13,,ADM,,Active,accela,"2026-03-30 03:14:27",Planning,
755,161,"2555 COLLEGE Ave",ZP2022-0019,"Stage: Plan Distribution",Route,2023-09-25,,"Autumn Maltbie",,Active,accela,"2026-03-30 03:14:27",Planning,
756,161,"2555 COLLEGE Ave",ZP2022-0019,"Stage: Plan Distribution",Route,2023-11-27,,"Autumn Maltbie",,Active,accela,"2026-03-30 03:14:27",Planning,
757,161,"2555 COLLEGE Ave",ZP2022-0019,"Stage: Plan Distribution",Route,2024-02-05,,"Autumn Maltbie",,Active,accela,"2026-03-30 03:14:27",Planning,
758,161,"2555 COLLEGE Ave",ZP2022-0019,"Stage: Plan Distribution",Route,2024-03-18,,"Autumn Maltbie",,Active,accela,"2026-03-30 03:14:27",Planning,
759,161,"2555 COLLEGE Ave",ZP2022-0019,"Marked as Resubmittal2 on 11/27/2023 by Autumn Maltbie","Corrections List Issued",2023-12-19,,dc,,Active,accela,"2026-03-30 03:14:27",Planning,
760,161,"2555 COLLEGE Ave",ZP2022-0019,"Stage: Fire CofO Review",Finaled,2025-07-25,,SR,,Active,accela,"2026-03-30 03:14:27",Planning,
778,158,"1367 UNIVERSITY Ave",,"Application Submittal",Complete,2021-09-20,,Ta,,Active,accela,"2026-03-30 03:17:35",Unknown,
779,158,"1367 UNIVERSITY Ave",,"Staff Review",Complete,2021-10-18,,Ta,,Active,accela,"2026-03-30 03:17:35",Unknown,
780,158,"1367 UNIVERSITY Ave",,"Public Notice",Complete,2021-11-01,,Ta,,Active,accela,"2026-03-30 03:17:35",Unknown,
781,158,"1367 UNIVERSITY Ave",,"Public Hearing",Approved,2021-11-04,,Ta,,Active,accela,"2026-03-30 03:17:35",Unknown,
782,158,"1367 UNIVERSITY Ave",,Decision,"Decision Issued",2021-11-18,,Ta,,Active,accela,"2026-03-30 03:17:35",Unknown,
783,154,"2001 ASHBY Ave",,Unknown,Void,2023-12-11,,SU,,Active,accela,"2026-03-30 03:17:35",Unknown,
787,154,"2001 ASHBY Ave",,Hearing,Void,2023-12-11,,SU,,Active,accela,"2026-03-30 03:17:35",Unknown,
791,149,"2198 SAN PABLO Ave",,Unknown,"Application Complete",2019-07-24,,Le,,Active,accela,"2026-03-30 03:17:35",Unknown,
792,149,"2198 SAN PABLO Ave",,Unknown,"Categorically Exempt",2019-07-24,,Le,,Active,accela,"2026-03-30 03:17:35",Unknown,
793,149,"2198 SAN PABLO Ave",,Unknown,Approved,2019-07-24,,Le,,Active,accela,"2026-03-30 03:17:35",Unknown,
794,149,"2198 SAN PABLO Ave",,Unknown,"No Appeal",2019-07-24,,Le,,Active,accela,"2026-03-30 03:17:35",Unknown,
795,149,"2198 SAN PABLO Ave",,Hearing,Approved,2019-09-25,,Le,,Active,accela,"2026-03-30 03:17:35",Unknown,
860,153,"1701 SAN PABLO Ave",PLN2024-0072,Due,"Marked as Research Completed on",2025-02-24,,"Samella Stover",,Active,accela,"2026-03-30 03:27:10",Planning,
861,153,"1701 SAN PABLO Ave",PLN2024-0072,Due,"Marked as Void on",2023-01-18,,SU,,Active,accela,"2026-03-30 03:27:10",Planning,
862,153,"1701 SAN PABLO Ave",PLN2024-0072,Due,"Marked as Complete on",2013-07-31,,RW,,Active,accela,"2026-03-30 03:27:10",Planning,
863,153,"1701 SAN PABLO Ave",PLN2024-0072,Due,"Marked as Continuing legal use on",2013-05-01,,RW,,Active,accela,"2026-03-30 03:27:10",Planning,
864,153,"1701 SAN PABLO Ave",PLN2024-0072,Due,"Marked as Approved on",2013-08-08,,RW,,Active,accela,"2026-03-30 03:27:10",Planning,
865,153,"1701 SAN PABLO Ave",PLN2024-0072,Due,"Marked as Complete on",2010-06-24,,"AA CONV",,Active,accela,"2026-03-30 03:27:10",Planning,
866,153,"1701 SAN PABLO Ave",PLN2024-0072,Due,"Marked as Completed on",2010-09-03,,"AA CONV",,Active,accela,"2026-03-30 03:27:10",Planning,
867,153,"1701 SAN PABLO Ave",PLN2024-0072,Due,"Marked as Complete on",2010-07-28,,"AA CONV",,Active,accela,"2026-03-30 03:27:10",Planning,
868,153,"1701 SAN PABLO Ave",PLN2024-0072,Due,"Marked as Completed on",2010-07-28,,"AA CONV",,Active,accela,"2026-03-30 03:27:10",Planning,
926,150,"3030 TELEGRAPH Ave",ZP2022-0170,"Application Submittal","Plan Distribution",2025-03-24,,ADM,,Active,accela,"2026-03-30 03:27:10",Planning,
927,150,"3030 TELEGRAPH Ave",ZP2022-0170,Resubmittal-Revision,"Documents Uploaded",2026-02-24,,ADM,,Active,accela,"2026-03-30 03:27:10",Planning,
928,150,"3030 TELEGRAPH Ave",ZP2022-0170,"Building and Safety Review","Copy Docs from ESR",2025-03-25,,"Kong Chung",,Active,accela,"2026-03-30 03:27:10",Planning,
929,150,"3030 TELEGRAPH Ave",ZP2022-0170,"Building and Safety Review",Corrections,2025-04-02,,"Kong Chung",,Active,accela,"2026-03-30 03:27:10",Planning,
930,150,"3030 TELEGRAPH Ave",ZP2022-0170,"Fire Review",Corrections,2025-04-02,,"Steven Burkhart",,Active,accela,"2026-03-30 03:27:10",Planning,
931,150,"3030 TELEGRAPH Ave",ZP2022-0170,"PSC Review",Corrections,2025-04-03,,"Shanitra Roan",,Active,accela,"2026-03-30 03:27:10",Planning,
932,150,"3030 TELEGRAPH Ave",ZP2022-0170,"Consolidated Comments","Corrections List Issued",2025-04-03,,"Shanitra Roan",,Complete,accela,"2026-03-30 03:27:10",Planning,
933,150,"3030 TELEGRAPH Ave",ZP2022-0170,Submittal-Revision,Route,2024-11-13,,RLW,,Active,accela,"2026-03-30 03:27:10",Planning,
934,150,"3030 TELEGRAPH Ave",ZP2022-0170,"Building and Safety Review","Review Needed",2024-11-13,,RLW,,Active,accela,"2026-03-30 03:27:10",Planning,
935,150,"3030 TELEGRAPH Ave",ZP2022-0170,"Building and Safety Review",Assigned,2024-11-14,,"Andrew Cockrell",,Active,accela,"2026-03-30 03:27:10",Planning,
936,150,"3030 TELEGRAPH Ave",ZP2022-0170,"Building and Safety Review",Approved,2024-12-03,,A,,Active,accela,"2026-03-30 03:27:10",Planning,
937,150,"3030 TELEGRAPH Ave",ZP2022-0170,"Fire Review",Conditions,2024-12-05,,"Jesus Del Toro",,Active,accela,"2026-03-30 03:27:10",Planning,
938,150,"3030 TELEGRAPH Ave",ZP2022-0170,"PSC Review",Approved,2024-12-10,,"Mariafelisa Baber",,Active,accela,"2026-03-30 03:27:10",Planning,
939,150,"3030 TELEGRAPH Ave",ZP2022-0170,"Consolidated Comments","Ready To Issue",2024-12-10,,"Mariafelisa Baber",,Active,accela,"2026-03-30 03:27:10",Planning,
940,150,"3030 TELEGRAPH Ave",ZP2022-0170,Issuance,Issued,2025-04-17,,"Autumn Maltbie",,Complete,accela,"2026-03-30 03:27:10",Planning,
941,150,"3030 TELEGRAPH Ave",ZP2022-0170,"Application Submittal","Plan Distribution",2024-08-01,,RLW,,Active,accela,"2026-03-30 03:27:10",Planning,
942,150,"3030 TELEGRAPH Ave",ZP2022-0170,Resubmittal-Revision,"Plan Distribution",2024-11-04,,RLW,,Active,accela,"2026-03-30 03:27:10",Planning,
943,150,"3030 TELEGRAPH Ave",ZP2022-0170,Resubmittal-Revision,"Plan Distribution",2024-12-17,,"Autumn Maltbie",,Active,accela,"2026-03-30 03:27:10",Planning,
944,150,"3030 TELEGRAPH Ave",ZP2022-0170,Resubmittal-Revision,"Go to Consolidated Comments",2025-01-03,,,,Active,accela,"2026-03-30 03:27:10",Planning,
945,150,"3030 TELEGRAPH Ave",ZP2022-0170,"Plan Distribution","Pending Payment",2024-08-01,,RLW,,Active,accela,"2026-03-30 03:27:10",Planning,
946,150,"3030 TELEGRAPH Ave",ZP2022-0170,"Plan Distribution",Route,2024-08-19,,ADM,,Active,accela,"2026-03-30 03:27:10",Planning,
947,150,"3030 TELEGRAPH Ave",ZP2022-0170,"Plan Distribution",Route,2024-11-04,,RLW,,Active,accela,"2026-03-30 03:27:10",Planning,
948,150,"3030 TELEGRAPH Ave",ZP2022-0170,"Plan Distribution",Route,2024-12-17,,"Autumn Maltbie",,Active,accela,"2026-03-30 03:27:10",Planning,
949,150,"3030 TELEGRAPH Ave",ZP2022-0170,"Building and Safety Review",Corrections,2024-08-26,,"Kong Chung",,Active,accela,"2026-03-30 03:27:10",Planning,
950,150,"3030 TELEGRAPH Ave",ZP2022-0170,"Building and Safety Review",Corrections,2024-11-13,,"Kong Chung",,Active,accela,"2026-03-30 03:27:10",Planning,
951,150,"3030 TELEGRAPH Ave",ZP2022-0170,"Building and Safety Review",Conditions,2024-12-24,,"Kong Chung",,Active,accela,"2026-03-30 03:27:10",Planning,
952,150,"3030 TELEGRAPH Ave",ZP2022-0170,"PSC Review",Corrections,2024-08-26,,dc,,Active,accela,"2026-03-30 03:27:10",Planning,
953,150,"3030 TELEGRAPH Ave",ZP2022-0170,"PSC Review",Corrections,2024-11-14,,"Shanitra Roan",,Active,accela,"2026-03-30 03:27:10",Planning,
954,150,"3030 TELEGRAPH Ave",ZP2022-0170,"PSC Review",Conditions,2024-12-26,,"Mariafelisa Baber",,Active,accela,"2026-03-30 03:27:10",Planning,
955,150,"3030 TELEGRAPH Ave",ZP2022-0170,"Consolidated Comments","Corrections List Issued",2024-08-26,,dc,,Complete,accela,"2026-03-30 03:27:10",Planning,
956,150,"3030 TELEGRAPH Ave",ZP2022-0170,"Consolidated Comments","Corrections List Issued",2024-11-14,,"Shanitra Roan",,Complete,accela,"2026-03-30 03:27:10",Planning,
957,150,"3030 TELEGRAPH Ave",ZP2022-0170,Issuance,Issued,2025-01-08,,"Autumn Maltbie",,Complete,accela,"2026-03-30 03:27:10",Planning,
958,150,"3030 TELEGRAPH Ave",ZP2022-0170,Inspection,Finaled,2026-01-27,,"Freddie Mares",,Complete,accela,"2026-03-30 03:27:10",Planning,
959,150,"3030 TELEGRAPH Ave",ZP2022-0170,"Application Submittal","Plan Distribution",2023-12-21,,"Chandra Vogt",,Active,accela,"2026-03-30 03:27:10",Planning,
960,150,"3030 TELEGRAPH Ave",ZP2022-0170,Resubmittal-Revision,"Documents Uploaded",2024-01-25,,ADM,,Active,accela,"2026-03-30 03:27:10",Planning,
961,150,"3030 TELEGRAPH Ave",ZP2022-0170,"Building and Safety Review",Conditions,2024-03-20,,"Elysia Miller",,Active,accela,"2026-03-30 03:27:10",Planning,
962,150,"3030 TELEGRAPH Ave",ZP2022-0170,"Zoning Review",Approved,2024-03-20,,"Allison Riemer",,Active,accela,"2026-03-30 03:27:10",Planning,
963,150,"3030 TELEGRAPH Ave",ZP2022-0170,"Fire Review",Corrections,2024-01-08,,"Jesus Del Toro",,Active,accela,"2026-03-30 03:27:10",Planning,
964,150,"3030 TELEGRAPH Ave",ZP2022-0170,"Fire Review",Conditions,2024-02-02,,"Jesus Del Toro",,Active,accela,"2026-03-30 03:27:10",Planning,
965,150,"3030 TELEGRAPH Ave",ZP2022-0170,"Toxics Review",Corrections,2023-12-28,,"Karl Etulle",,Active,accela,"2026-03-30 03:27:10",Planning,
966,150,"3030 TELEGRAPH Ave",ZP2022-0170,"Toxics Review",Conditions,2024-01-30,,"Karl Etulle",,Active,accela,"2026-03-30 03:27:10",Planning,
967,150,"3030 TELEGRAPH Ave",ZP2022-0170,"Traffic Review",Approved,2024-01-10,,"Ray Davis",,Active,accela,"2026-03-30 03:27:10",Planning,
968,150,"3030 TELEGRAPH Ave",ZP2022-0170,"PSC Review",Corrections,2024-01-11,,"Shanitra Roan",,Active,accela,"2026-03-30 03:27:10",Planning,
969,150,"3030 TELEGRAPH Ave",ZP2022-0170,"PSC Review",Corrections,2024-02-06,,dc,,Active,accela,"2026-03-30 03:27:10",Planning,
970,150,"3030 TELEGRAPH Ave",ZP2022-0170,"PSC Review",Conditions,2024-03-21,,"Mariafelisa Baber",,Active,accela,"2026-03-30 03:27:10",Planning,
971,150,"3030 TELEGRAPH Ave",ZP2022-0170,"Consolidated Comments","Corrections List Issued",2024-01-11,,"Shanitra Roan",,Complete,accela,"2026-03-30 03:27:10",Planning,
972,150,"3030 TELEGRAPH Ave",ZP2022-0170,"Consolidated Comments","Ready To Issue",2024-03-21,,"Shanitra Roan",,Active,accela,"2026-03-30 03:27:10",Planning,
973,150,"3030 TELEGRAPH Ave",ZP2022-0170,Issuance,Issued,2024-09-19,,"Shanitra Roan",,Complete,accela,"2026-03-30 03:27:10",Planning,
974,150,"3030 TELEGRAPH Ave",ZP2022-0170,Inspection,Finaled,2025-08-25,,"Freddie Mares",,Complete,accela,"2026-03-30 03:27:10",Planning,
975,150,"3030 TELEGRAPH Ave",ZP2022-0170,"Application Submittal","Plan Distribution",2017-01-17,,KM,,Active,accela,"2026-03-30 03:27:10",Planning,
976,150,"3030 TELEGRAPH Ave",ZP2022-0170,Resubmittal-Revision,"Plan Distribution",2017-03-09,,KM,,Active,accela,"2026-03-30 03:27:10",Planning,
977,150,"3030 TELEGRAPH Ave",ZP2022-0170,"Plan Distribution",Route,2017-01-17,,KM,,Active,accela,"2026-03-30 03:27:10",Planning,
978,150,"3030 TELEGRAPH Ave",ZP2022-0170,"Plan Distribution",Route,2017-03-09,,KM,,Active,accela,"2026-03-30 03:27:10",Planning,
979,150,"3030 TELEGRAPH Ave",ZP2022-0170,"Building and Safety Review",Conditions,2017-02-22,,A,,Active,accela,"2026-03-30 03:27:10",Planning,
980,150,"3030 TELEGRAPH Ave",ZP2022-0170,"Public Works Review",Approved,2017-02-17,,"Diana Aikenhead",,Active,accela,"2026-03-30 03:27:10",Planning,
981,150,"3030 TELEGRAPH Ave",ZP2022-0170,"PSC Review",Corrections,2017-02-23,,PJ,,Active,accela,"2026-03-30 03:27:10",Planning,
982,150,"3030 TELEGRAPH Ave",ZP2022-0170,"PSC Review",Approved,2017-03-09,,KM,,Active,accela,"2026-03-30 03:27:10",Planning,
983,150,"3030 TELEGRAPH Ave",ZP2022-0170,"Consolidated Comments","Corrections List Issued",2017-02-23,,PJ,,Complete,accela,"2026-03-30 03:27:10",Planning,
984,150,"3030 TELEGRAPH Ave",ZP2022-0170,"Consolidated Comments","Ready To Issue",2017-03-09,,KM,,Active,accela,"2026-03-30 03:27:10",Planning,
985,150,"3030 TELEGRAPH Ave",ZP2022-0170,Issuance,Issued,2017-03-09,,"Shanitra Roan",,Complete,accela,"2026-03-30 03:27:10",Planning,
986,150,"3030 TELEGRAPH Ave",ZP2022-0170,Inspection,Finaled,2017-12-20,,"Robert Hall",,Complete,accela,"2026-03-30 03:27:10",Planning,
987,161,"2555 COLLEGE Ave",TBD,"Completeness Review","Incomplete Pending Applicant",2022-03-01,,"Ashley James",,,accela,2026-03-30T20:55:07.500143,Unknown,
988,161,"2555 COLLEGE Ave",TBD,"Completeness Review","Incomplete Pending Applicant",2022-04-28,,"Katrina Lapira",,,accela,2026-03-30T20:55:07.500168,Unknown,
989,161,"2555 COLLEGE Ave",TBD,"Completeness Review","Resubmittal Pending Staff",2022-05-18,,"Katrina Lapira",,,accela,2026-03-30T20:55:07.500180,Unknown,
990,161,"2555 COLLEGE Ave",TBD,"Completeness Review","Incomplete Pending Applicant",2022-06-17,,"Katrina Lapira",,,accela,2026-03-30T20:55:07.500190,Unknown,
991,161,"2555 COLLEGE Ave",TBD,"Completeness Review","Resubmittal Pending Staff",2022-06-22,,"Katrina Lapira",,,accela,2026-03-30T20:55:07.500200,Unknown,
992,161,"2555 COLLEGE Ave",TBD,"Completeness Review","Application Complete",2022-07-21,,"Katrina Lapira",,,accela,2026-03-30T20:55:07.500209,Unknown,
993,161,"2555 COLLEGE Ave",TBD,"CEQA Determination","Negative Declaration Required",2023-05-10,,MJ,,,accela,2026-03-30T20:55:07.500223,Unknown,
994,161,"2555 COLLEGE Ave",TBD,"Staff Decision",Approved,2023-04-27,,MJ,,,accela,2026-03-30T20:55:07.500234,Unknown,
995,161,"2555 COLLEGE Ave",TBD,Appeal,"No Appeal",2023-05-24,,MJ,,,accela,2026-03-30T20:55:07.500244,Unknown,
996,161,"2555 COLLEGE Ave",TBD,"Case Closed",Approved,2023-05-31,,MJ,,,accela,2026-03-30T20:55:07.500261,Unknown,
997,161,"2555 COLLEGE Ave",TBD,"Plan Distribution","Plan Distribution",2023-06-09,,"Autumn Maltbie",,,accela,2026-03-30T20:55:07.500407,Unknown,
998,161,"2555 COLLEGE Ave",TBD,Resubmittal-Revision,"Documents Uploaded",2023-09-21,,ADM,,,accela,2026-03-30T20:55:07.500426,Unknown,
999,161,"2555 COLLEGE Ave",TBD,Resubmittal-Revision,"Documents Uploaded",2024-02-02,,ADM,,,accela,2026-03-30T20:55:07.500434,Unknown,
1000,161,"2555 COLLEGE Ave",TBD,"Building and Safety Review",Assigned,2023-06-14,,"Kong Chung",,,accela,2026-03-30T20:55:07.500444,Unknown,
1001,161,"2555 COLLEGE Ave",TBD,"Building and Safety Review",Corrections,2023-07-12,,"Andrew Cockrell",,,accela,2026-03-30T20:55:07.500452,Unknown,
1002,161,"2555 COLLEGE Ave",TBD,"Building and Safety Review",Corrections,2023-10-17,,"Andrew Cockrell",,,accela,2026-03-30T20:55:07.500460,Unknown,
1003,161,"2555 COLLEGE Ave",TBD,"Building and Safety Review",Corrections,2023-12-18,,"Andrew Cockrell",,,accela,2026-03-30T20:55:07.500469,Unknown,
1004,161,"2555 COLLEGE Ave",TBD,"Building and Safety Review","Approved w/Conditions",2024-02-28,,"Andrew Cockrell",,,accela,2026-03-30T20:55:07.500477,Unknown,
1005,161,"2555 COLLEGE Ave",TBD,"Building and Safety Review","Approved w/Conditions",2024-04-05,,"Andrew Cockrell",,,accela,2026-03-30T20:55:07.500485,Unknown,
1006,161,"2555 COLLEGE Ave",TBD,"Zoning Review",Assigned,2023-06-13,,MJ,,,accela,2026-03-30T20:55:07.500494,Unknown,
1007,161,"2555 COLLEGE Ave",TBD,"Zoning Review",Assigned,2023-07-26,,"Katrina Lapira",,,accela,2026-03-30T20:55:07.500502,Unknown,
1008,161,"2555 COLLEGE Ave",TBD,"Zoning Review",Corrections,2023-07-27,,"Katrina Lapira",,,accela,2026-03-30T20:55:07.500510,Unknown,
1009,161,"2555 COLLEGE Ave",TBD,"Plan Distribution","Pending Payment",2023-06-09,,"Autumn Maltbie",,,accela,2026-03-30T20:55:07.500519,Unknown,
1010,161,"2555 COLLEGE Ave",TBD,"Plan Distribution",Route,2023-06-09,,"Autumn Maltbie",,,accela,2026-03-30T20:55:07.500527,Unknown,
1011,161,"2555 COLLEGE Ave",TBD,"Plan Distribution",Route,2023-06-13,,ADM,,,accela,2026-03-30T20:55:07.500544,Unknown,
1012,161,"2555 COLLEGE Ave",TBD,"Plan Distribution",Route,2023-09-25,,"Autumn Maltbie",,,accela,2026-03-30T20:55:07.500552,Unknown,
1013,161,"2555 COLLEGE Ave",TBD,"Plan Distribution",Route,2023-11-27,,"Autumn Maltbie",,,accela,2026-03-30T20:55:07.500560,Unknown,
1014,161,"2555 COLLEGE Ave",TBD,"Plan Distribution",Route,2024-02-05,,"Autumn Maltbie",,,accela,2026-03-30T20:55:07.500567,Unknown,
1015,161,"2555 COLLEGE Ave",TBD,"Plan Distribution",Route,2024-03-18,,"Autumn Maltbie",,,accela,2026-03-30T20:55:07.500575,Unknown,
1016,161,"2555 COLLEGE Ave",TBD,Resubmittal2,Resubmittal2,2023-11-27,,"Autumn Maltbie",,,accela,2026-03-30T20:55:07.500585,Unknown,
1017,161,"2555 COLLEGE Ave",TBD,Resubmittal2,"Corrections List Issued",2023-12-19,,dc,,,accela,2026-03-30T20:55:07.500592,Unknown,
1018,161,"2555 COLLEGE Ave",TBD,"Fire CofO Review",Finaled,2025-07-25,,SR,,,accela,2026-03-30T20:55:07.500608,Unknown,
1019,30,"2001 CENTER St",TBD,"Completeness Review [COMPLETE]","Incomplete Pending Applicant",2025-11-26,,"Karen Hernandez",,,accela,2026-03-30T20:55:07.501508,Unknown,
1020,30,"2001 CENTER St",TBD,"Completeness Review [COMPLETE]","Resubmittal Pending Staff",2025-12-14,,"Karen Hernandez",,,accela,2026-03-30T20:55:07.501519,Unknown,
1021,30,"2001 CENTER St",TBD,"Completeness Review [COMPLETE]","Application Complete",2026-01-09,,"Karen Hernandez",,,accela,2026-03-30T20:55:07.501529,Unknown,
1022,30,"2001 CENTER St",TBD,"Completeness Review [COMPLETE]","Incomplete Pending Applicant",2026-01-09,,"Karen Hernandez",,,accela,2026-03-30T20:55:07.501538,Unknown,
1023,30,"2001 CENTER St",TBD,"Application Processing [ACTIVE]","Corrections - Pending Applicant",2026-02-06,,"Victoria Schlepp",,,accela,2026-03-30T20:55:07.501551,Unknown,
1024,120,"2274 SHATTUCK Ave",TBD,Unknown,"Incomplete Pending Applicant",2023-06-29,,"Sharon Gong",,,accela,2026-03-30T20:55:07.502165,Unknown,
1025,120,"2274 SHATTUCK Ave",TBD,Unknown,"Incomplete Pending Applicant",2023-09-13,,"Sharon Gong",,,accela,2026-03-30T20:55:07.502177,Unknown,
1026,120,"2274 SHATTUCK Ave",TBD,Unknown,"Application Complete",2024-01-04,,"Sharon Gong",,,accela,2026-03-30T20:55:07.502187,Unknown,
1027,120,"2274 SHATTUCK Ave",TBD,Unknown,"Categorically Exempt",2024-10-04,,"Sharon Gong",,,accela,2026-03-30T20:55:07.502199,Unknown,
1028,120,"2274 SHATTUCK Ave",TBD,Unknown,Approved,2024-12-12,,"Sharon Gong",,,accela,2026-03-30T20:55:07.502210,Unknown,
1029,120,"2274 SHATTUCK Ave",TBD,Unknown,"Appeal to City Council",2025-01-13,,MJ,,,accela,2026-03-30T20:55:07.502224,Unknown,
1030,120,"2274 SHATTUCK Ave",TBD,Unknown,"Notice Issued",2025-04-08,,"Sharon Gong",,,accela,2026-03-30T20:55:07.502235,Unknown,
1031,120,"2274 SHATTUCK Ave",TBD,Unknown,"City Council Approved",2025-04-22,,"Sharon Gong",,,accela,2026-03-30T20:55:07.502246,Unknown,
1032,120,"2274 SHATTUCK Ave",TBD,Unknown,Approved,2025-04-22,,"Sharon Gong",,,accela,2026-03-30T20:55:07.502258,Unknown,
1033,38,"2449 DWIGHT Way",ZP2022-0021,Unknown,"Incomplete Pending Applicant",2022-03-08,,"Ashley James",,,accela,2026-03-30T20:55:07.502726,Planning,
1034,38,"2449 DWIGHT Way",ZP2022-0021,Unknown,"Incomplete Pending Applicant",2022-07-01,,"Sharon Gong",,,accela,2026-03-30T20:55:07.502743,Planning,
1035,38,"2449 DWIGHT Way",ZP2022-0021,Unknown,"Resubmittal Pending Staff",2022-08-30,,SU,,,accela,2026-03-30T20:55:07.502755,Planning,
1036,38,"2449 DWIGHT Way",ZP2022-0021,Unknown,"Application Complete",2022-09-30,,SU,,,accela,2026-03-30T20:55:07.502765,Planning,
1037,38,"2449 DWIGHT Way",ZP2022-0021,Unknown,"EIR Required",2022-09-29,,SU,,,accela,2026-03-30T20:55:07.502778,Planning,
1038,38,"2449 DWIGHT Way",ZP2022-0021,Unknown,"Not Applicable",2026-03-26,,MJ,,,accela,2026-03-30T20:55:07.502790,Planning,
1039,38,"2449 DWIGHT Way",ZP2022-0021,Unknown,"No Appeal",2026-03-17,,MJ,,,accela,2026-03-30T20:55:07.502802,Planning,
1040,38,"2449 DWIGHT Way",ZP2022-0021,Unknown,"Notice Issued",2026-03-12,,MJ,,,accela,2026-03-30T20:55:07.502813,Planning,
1041,38,"2449 DWIGHT Way",ZP2022-0021,Unknown,"ZAB Approved",2026-02-26,,MJ,,,accela,2026-03-30T20:55:07.502825,Planning,
1042,38,"2449 DWIGHT Way",ZP2022-0021,Unknown,"Notice Issued",2026-03-02,,MJ,,,accela,2026-03-30T20:55:07.502841,Planning,
1043,38,"2449 DWIGHT Way",ZP2022-0021,Unknown,Approved,2026-03-19,,MJ,,,accela,2026-03-30T20:55:07.502853,Planning,
1044,38,"2449 DWIGHT Way",DRCP2022-0003,Unknown,"Incomplete Pending Applicant",2022-03-08,,"Desiree Dougherty",,,accela,2026-03-30T20:55:07.503004,Planning,
1045,38,"2449 DWIGHT Way",DRCP2022-0003,Unknown,"Resubmittal Pending Staff",2022-06-06,,M,,,accela,2026-03-30T20:55:07.503013,Planning,
1046,38,"2449 DWIGHT Way",DRCP2022-0003,Unknown,"Incomplete Pending Applicant",2022-07-06,,M,,,accela,2026-03-30T20:55:07.503033,Planning,
1047,38,"2449 DWIGHT Way",DRCP2022-0003,Unknown,"Application Complete",2022-09-27,,M,,,accela,2026-03-30T20:55:07.503041,Planning,
1048,38,"2449 DWIGHT Way",DRCP2022-0003,Unknown,Completed,2025-09-10,,M,,,accela,2026-03-30T20:55:07.503054,Planning,
1049,38,"2449 DWIGHT Way",DRCP2022-0003,Unknown,Completed,2025-09-11,,M,,,accela,2026-03-30T20:55:07.503066,Planning,
1050,38,"2449 DWIGHT Way",DRCP2022-0003,Unknown,"No Notice Required",2025-09-11,,M,,,accela,2026-03-30T20:55:07.503078,Planning,
1051,38,"2449 DWIGHT Way",DRCP2022-0003,Unknown,Approved,2025-09-18,,M,,,accela,2026-03-30T20:55:07.503113,Planning,
1052,38,"2449 DWIGHT Way",DRCP2022-0003,Unknown,Approved,2025-10-02,,M,,,accela,2026-03-30T20:55:07.503124,Planning,
1053,27,"2441 LE CONTE Ave",TBD,"Completeness Review [ACTIVE]","Incomplete Pending Applicant",2023-07-21,,"Niloufar Karimzadegan",,,accela,2026-03-30T20:55:07.503652,Unknown,
1054,27,"2441 LE CONTE Ave",TBD,"Completeness Review [ACTIVE]","Incomplete Pending Applicant",2023-11-21,,SU,,,accela,2026-03-30T20:55:07.503663,Unknown,
1055,127,"P2022-0038 2820 San Pablo",TBD,Unknown,"**Incomplete Pending Applicant**",2022-05-06,,"Allison Riemer",,,accela,2026-03-30T20:55:07.505851,Unknown,
1056,127,"P2022-0038 2820 San Pablo",TBD,Unknown,"**Resubmittal Pending Staff**",2022-07-15,,"Allison Riemer",,,accela,2026-03-30T20:55:07.505863,Unknown,
1057,127,"P2022-0038 2820 San Pablo",TBD,Unknown,"**Incomplete Pending Applicant**",2022-08-10,,"Allison Riemer",,,accela,2026-03-30T20:55:07.505872,Unknown,
1058,127,"P2022-0038 2820 San Pablo",TBD,Unknown,"**Resubmittal Pending Staff**",2022-08-30,,"Allison Riemer",,,accela,2026-03-30T20:55:07.505881,Unknown,
1059,127,"P2022-0038 2820 San Pablo",TBD,Unknown,"**Application Complete**",2022-09-29,,"Allison Riemer",,,accela,2026-03-30T20:55:07.505889,Unknown,
1060,127,"P2022-0038 2820 San Pablo",TBD,Unknown,"**Categorically Exempt**",2024-11-21,,NC,,,accela,2026-03-30T20:55:07.505902,Unknown,
1061,127,"P2022-0038 2820 San Pablo",TBD,Unknown,**Approved**,2024-11-19,,NC,,,accela,2026-03-30T20:55:07.505914,Unknown,
1062,127,"P2022-0038 2820 San Pablo",TBD,Unknown,"**No Appeal**",2024-12-06,,"Allison Riemer",,,accela,2026-03-30T20:55:07.506096,Unknown,
1063,127,"P2022-0038 2820 San Pablo",TBD,Unknown,**Approved**,2024-12-06,,"Allison Riemer",,,accela,2026-03-30T20:55:07.506118,Unknown,
1064,82,"ZP2024-0112 3035 COLBY St",ZP2024-0112,"Completeness Review","Incomplete Pending Applicant",2024-08-19,,"Samella Stover",,,accela,2026-03-30T20:55:07.506526,Planning,
1065,82,"ZP2024-0112 3035 COLBY St",ZP2024-0112,"Completeness Review","Application Complete",2024-09-16,,"Samella Stover",,,accela,2026-03-30T20:55:07.506545,Planning,
1066,157,"2587 TELEGRAPH Ave",TBD,"Completeness Review","Incomplete Pending Applicant",2023-06-26,,"Niloufar Karimzadegan",,,accela,2026-03-30T20:55:07.507453,Unknown,
1067,157,"2587 TELEGRAPH Ave",TBD,"Completeness Review","Resubmittal Pending Staff",2023-07-20,,"Niloufar Karimzadegan",,,accela,2026-03-30T20:55:07.507478,Unknown,
1068,157,"2587 TELEGRAPH Ave",TBD,"Completeness Review","Incomplete Pending Applicant",2023-08-18,,"Niloufar Karimzadegan",,,accela,2026-03-30T20:55:07.507496,Unknown,
1069,157,"2587 TELEGRAPH Ave",TBD,"Completeness Review","Resubmittal Pending Staff",2023-09-13,,"Niloufar Karimzadegan",,,accela,2026-03-30T20:55:07.507512,Unknown,
1070,157,"2587 TELEGRAPH Ave",TBD,"Completeness Review","Incomplete Pending Applicant",2023-10-12,,"Niloufar Karimzadegan",,,accela,2026-03-30T20:55:07.507529,Unknown,
1071,157,"2587 TELEGRAPH Ave",TBD,"Completeness Review","Application Complete",2023-10-13,,"Niloufar Karimzadegan",,,accela,2026-03-30T20:55:07.507545,Unknown,
1072,157,"2587 TELEGRAPH Ave",TBD,"CEQA Determination","Categorically Exempt",2024-01-25,,MJ,,,accela,2026-03-30T20:55:07.507561,Unknown,
1073,157,"2587 TELEGRAPH Ave",TBD,"Staff Decision",Approved,2024-01-25,,MJ,,,accela,2026-03-30T20:55:07.507576,Unknown,
1074,157,"2587 TELEGRAPH Ave",TBD,Appeal,"No Appeal",2024-02-22,,MJ,,,accela,2026-03-30T20:55:07.507598,Unknown,
1075,157,"2587 TELEGRAPH Ave",TBD,"Case Closed",Approved,2024-02-23,,MJ,,,accela,2026-03-30T20:55:07.507619,Unknown,
1076,157,"2587 TELEGRAPH Ave",TBD,"Completeness Review","Application Complete",2023-10-12,,M,,,accela,2026-03-30T20:55:07.507770,Unknown,
1077,157,"2587 TELEGRAPH Ave",TBD,"Completeness Review",Completed,2023-12-14,,"Desiree Dougherty",,,accela,2026-03-30T20:55:07.507786,Unknown,
1078,157,"2587 TELEGRAPH Ave",TBD,"Completeness Review",Completed,2023-12-18,,"Desiree Dougherty",,,accela,2026-03-30T20:55:07.507804,Unknown,
1079,157,"2587 TELEGRAPH Ave",TBD,"Completeness Review","No Notice Required",2023-12-14,,"Desiree Dougherty",,,accela,2026-03-30T20:55:07.507819,Unknown,
1080,157,"2587 TELEGRAPH Ave",TBD,"Completeness Review",Approved,2023-12-21,,"Desiree Dougherty",,,accela,2026-03-30T20:55:07.507867,Unknown,
1081,157,"2587 TELEGRAPH Ave",TBD,"Case Closed",Approved,2024-01-04,,"Desiree Dougherty",,,accela,2026-03-30T20:55:07.507884,Unknown,
1082,157,"2587 TELEGRAPH Ave",TBD,"Completeness Review","Application Complete",2024-10-10,,"Desiree Dougherty",,,accela,2026-03-30T20:55:07.507942,Unknown,
1083,157,"2587 TELEGRAPH Ave",TBD,"Completeness Review",Completed,2024-10-16,,"Desiree Dougherty",,,accela,2026-03-30T20:55:07.507958,Unknown,
1084,157,"2587 TELEGRAPH Ave",TBD,"Completeness Review",Completed,2024-11-04,,"Desiree Dougherty",,,accela,2026-03-30T20:55:07.507976,Unknown,
1085,157,"2587 TELEGRAPH Ave",TBD,"Completeness Review","No Notice Required",2024-10-16,,"Desiree Dougherty",,,accela,2026-03-30T20:55:07.507991,Unknown,
1086,157,"2587 TELEGRAPH Ave",TBD,"Completeness Review",Approved,2024-10-21,,"Desiree Dougherty",,,accela,2026-03-30T20:55:07.508041,Unknown,
1087,157,"2587 TELEGRAPH Ave",TBD,"Case Closed",Approved,2024-11-04,,"Desiree Dougherty",,,accela,2026-03-30T20:55:07.508056,Unknown,
1088,157,"2587 TELEGRAPH Ave",TBD,"Completeness Review","Application Complete",2024-12-19,,MJ,,,accela,2026-03-30T20:55:07.508110,Unknown,
1089,157,"2587 TELEGRAPH Ave",TBD,"Application Processing","Pending Final Action",2025-02-13,,MJ,,,accela,2026-03-30T20:55:07.508126,Unknown,
1090,157,"2587 TELEGRAPH Ave",TBD,"CEQA Determination","Categorically Exempt",2025-02-13,,MJ,,,accela,2026-03-30T20:55:07.508141,Unknown,
1091,157,"2587 TELEGRAPH Ave",TBD,"Staff Decision",Approved,2025-02-27,,MJ,,,accela,2026-03-30T20:55:07.508157,Unknown,
1092,157,"2587 TELEGRAPH Ave",TBD,Appeal,"No Appeal",2025-03-20,,MJ,,,accela,2026-03-30T20:55:07.508178,Unknown,
1093,157,"2587 TELEGRAPH Ave",TBD,"Case Closed",Approved,2025-03-20,,MJ,,,accela,2026-03-30T20:55:07.508199,Unknown,
1094,157,"2587 TELEGRAPH Ave",TBD,"Case Closed","Plan Distribution",2024-06-20,,RLW,,,accela,2026-03-30T20:55:07.508313,Unknown,
1095,157,"2587 TELEGRAPH Ave",TBD,"Case Closed","Documents Uploaded",2024-07-22,,ADM,,,accela,2026-03-30T20:55:07.508329,Unknown,
1096,157,"2587 TELEGRAPH Ave",TBD,"Case Closed",Auto-Closed,2024-07-22,,ADM,,,accela,2026-03-30T20:55:07.508344,Unknown,
1097,157,"2587 TELEGRAPH Ave",TBD,"Case Closed","Plan Distribution",2024-07-23,,YM,,,accela,2026-03-30T20:55:07.508723,Unknown,
1098,157,"2587 TELEGRAPH Ave",TBD,"Case Closed","Plan Distribution",2024-08-08,,YM,,,accela,2026-03-30T20:55:07.508738,Unknown,
1099,157,"2587 TELEGRAPH Ave",TBD,"Case Closed","Plan Distribution",2024-09-04,,"Autumn Maltbie",,,accela,2026-03-30T20:55:07.508755,Unknown,
1100,157,"2587 TELEGRAPH Ave",TBD,"Case Closed","Documents Uploaded",2024-09-19,,ADM,,,accela,2026-03-30T20:55:07.508771,Unknown,
1101,157,"2587 TELEGRAPH Ave",TBD,"Case Closed",Auto-Closed,2024-09-19,,ADM,,,accela,2026-03-30T20:55:07.508794,Unknown,
1102,157,"2587 TELEGRAPH Ave",TBD,"Case Closed","Go to Consolidated Comments",2024-09-20,,"Mariafelisa Baber",,,accela,2026-03-30T20:55:07.508841,Unknown,
1103,157,"2587 TELEGRAPH Ave",TBD,"Case Closed","Documents Uploaded",2025-08-22,,ADM,,,accela,2026-03-30T20:55:07.508857,Unknown,
1104,157,"2587 TELEGRAPH Ave",TBD,"Case Closed",Route,2024-06-20,,ADM,,,accela,2026-03-30T20:55:07.508882,Unknown,
1105,157,"2587 TELEGRAPH Ave",TBD,"Case Closed","Pending Payment",2024-06-20,,RLW,,,accela,2026-03-30T20:55:07.508906,Unknown,
1106,157,"2587 TELEGRAPH Ave",TBD,"Case Closed",Route,2024-07-23,,YM,,,accela,2026-03-30T20:55:07.508922,Unknown,
1107,157,"2587 TELEGRAPH Ave",TBD,"Case Closed",Route,2024-08-08,,YM,,,accela,2026-03-30T20:55:07.508937,Unknown,
1108,157,"2587 TELEGRAPH Ave",TBD,"Case Closed",Route,2024-09-04,,"Autumn Maltbie",,,accela,2026-03-30T20:55:07.508953,Unknown,
1109,157,"2587 TELEGRAPH Ave",TBD,"Building and Safety Review",Corrections,2024-06-28,,"Kong Chung",,,accela,2026-03-30T20:55:07.508970,Unknown,
1110,157,"2587 TELEGRAPH Ave",TBD,"Building and Safety Review","Review Needed",2024-07-23,,YM,,,accela,2026-03-30T20:55:07.508986,Unknown,
1111,157,"2587 TELEGRAPH Ave",TBD,"Building and Safety Review",Corrections,2024-07-30,,"Kong Chung",,,accela,2026-03-30T20:55:07.509009,Unknown,
1112,157,"2587 TELEGRAPH Ave",TBD,"Building and Safety Review","Review Needed",2024-08-08,,YM,,,accela,2026-03-30T20:55:07.509025,Unknown,
1113,157,"2587 TELEGRAPH Ave",TBD,"Building and Safety Review","Approved w/Conditions",2024-08-16,,"Kong Chung",,,accela,2026-03-30T20:55:07.509049,Unknown,
1114,157,"2587 TELEGRAPH Ave",TBD,"Building and Safety Review","Review Needed",2024-09-04,,"Autumn Maltbie",,,accela,2026-03-30T20:55:07.509074,Unknown,
1115,157,"2587 TELEGRAPH Ave",TBD,"Building and Safety Review","Approved w/Conditions",2024-09-11,,"Kong Chung",,,accela,2026-03-30T20:55:07.509096,Unknown,
1116,157,"2587 TELEGRAPH Ave",TBD,"Zoning Review",Assigned,2024-06-24,,MJ,,,accela,2026-03-30T20:55:07.509122,Unknown,
1117,157,"2587 TELEGRAPH Ave",TBD,"Zoning Review",Corrections,2024-07-02,,"Niloufar Karimzadegan",,,accela,2026-03-30T20:55:07.509138,Unknown,
1118,157,"2587 TELEGRAPH Ave",TBD,"Zoning Review","Review Needed",2024-07-23,,YM,,,accela,2026-03-30T20:55:07.509153,Unknown,
1119,157,"2587 TELEGRAPH Ave",TBD,"Zoning Review",Corrections,2024-08-01,,"Niloufar Karimzadegan",,,accela,2026-03-30T20:55:07.509176,Unknown,
1120,157,"2587 TELEGRAPH Ave",TBD,"Zoning Review","Review Needed",2024-08-08,,YM,,,accela,2026-03-30T20:55:07.509192,Unknown,
1121,157,"2587 TELEGRAPH Ave",TBD,"Zoning Review",Corrections,2024-08-20,,"Niloufar Karimzadegan",,,accela,2026-03-30T20:55:07.509214,Unknown,
1122,157,"2587 TELEGRAPH Ave",TBD,"Zoning Review","Review Needed",2024-09-04,,"Autumn Maltbie",,,accela,2026-03-30T20:55:07.509231,Unknown,
1123,157,"2587 TELEGRAPH Ave",TBD,"Zoning Review",Approved,2024-09-17,,"Niloufar Karimzadegan",,,accela,2026-03-30T20:55:07.509254,Unknown,
1124,157,"2587 TELEGRAPH Ave",TBD,"Fire Review",Corrections,2024-06-28,,"Jesus Del",,,accela,2026-03-30T20:55:07.509331,Unknown,
1125,157,"2587 TELEGRAPH Ave",TBD,"Fire Review","Review Needed",2024-07-23,,YM,,,accela,2026-03-30T20:55:07.509347,Unknown,
1126,157,"2587 TELEGRAPH Ave",TBD,"Fire Review",Corrections,2024-07-29,,"Jesus Del",,,accela,2026-03-30T20:55:07.509371,Unknown,
1127,157,"2587 TELEGRAPH Ave",TBD,"Fire Review","Review Needed",2024-08-08,,YM,,,accela,2026-03-30T20:55:07.509387,Unknown,
1128,157,"2587 TELEGRAPH Ave",TBD,"Fire Review","Approved w/Conditions",2024-08-16,,"Jesus Del",,,accela,2026-03-30T20:55:07.509410,Unknown,
1129,157,"2587 TELEGRAPH Ave",TBD,"Fire Review","Review Needed",2024-09-04,,"Autumn Maltbie",,,accela,2026-03-30T20:55:07.509440,Unknown,
1130,157,"2587 TELEGRAPH Ave",TBD,"Fire Review","Approved w/Conditions",2024-09-11,,"Jesus Del",,,accela,2026-03-30T20:55:07.509462,Unknown,
1131,157,"2587 TELEGRAPH Ave",TBD,"Fire Review",Approved,2024-06-24,,,,,accela,2026-03-30T20:55:07.509486,Unknown,
1132,157,"2587 TELEGRAPH Ave",TBD,"Public Works Review",Corrections,2024-06-22,,,,,accela,2026-03-30T20:55:07.509502,Unknown,
1133,157,"2587 TELEGRAPH Ave",TBD,"Public Works Review",Approved,2024-07-23,,,,,accela,2026-03-30T20:55:07.509517,Unknown,
1134,157,"2587 TELEGRAPH Ave",TBD,"Public Works Review","Review Needed",2024-07-23,,YM,,,accela,2026-03-30T20:55:07.509533,Unknown,
1135,157,"2587 TELEGRAPH Ave",TBD,"Public Works Review",Approved,2024-06-28,,"Nicole Kim",,,accela,2026-03-30T20:55:07.509556,Unknown,
1136,157,"2587 TELEGRAPH Ave",TBD,"Public Works Review",Assigned,2024-06-24,,MJ,,,accela,2026-03-30T20:55:07.509572,Unknown,
1137,157,"2587 TELEGRAPH Ave",TBD,"Public Works Review","Review Needed",2024-08-08,,YM,,,accela,2026-03-30T20:55:07.509611,Unknown,
1138,157,"2587 TELEGRAPH Ave",TBD,"Public Works Review","Review Needed",2024-09-04,,"Autumn Maltbie",,,accela,2026-03-30T20:55:07.509626,Unknown,
1139,157,"2587 TELEGRAPH Ave",TBD,"Public Works Review",Assigned,2024-09-06,,MJ,,,accela,2026-03-30T20:55:07.509642,Unknown,
1140,157,"2587 TELEGRAPH Ave",TBD,"PSC Review",Corrections,2024-07-08,,dc,,,accela,2026-03-30T20:55:07.509663,Unknown,
1141,157,"2587 TELEGRAPH Ave",TBD,"PSC Review",Corrections,2024-08-02,,dc,,,accela,2026-03-30T20:55:07.509678,Unknown,
1142,157,"2587 TELEGRAPH Ave",TBD,"PSC Review",Corrections,2024-08-20,,dc,,,accela,2026-03-30T20:55:07.509695,Unknown,
1143,157,"2587 TELEGRAPH Ave",TBD,"PSC Review","Approved w/Conditions",2024-09-19,,"Mariafelisa Baber",,,accela,2026-03-30T20:55:07.509712,Unknown,
1144,157,"2587 TELEGRAPH Ave",TBD,"Consolidated Comments","Corrections List Issued",2024-07-08,,dc,,,accela,2026-03-30T20:55:07.509728,Unknown,
1145,157,"2587 TELEGRAPH Ave",TBD,"Consolidated Comments",Auto-Closed,2024-07-22,,ADM,,,accela,2026-03-30T20:55:07.509743,Unknown,
1146,157,"2587 TELEGRAPH Ave",TBD,"Consolidated Comments","Corrections List Issued",2024-08-02,,dc,,,accela,2026-03-30T20:55:07.510023,Unknown,
1147,157,"2587 TELEGRAPH Ave",TBD,"Consolidated Comments",Resubmittal3,2024-08-08,,YM,,,accela,2026-03-30T20:55:07.510038,Unknown,
1148,157,"2587 TELEGRAPH Ave",TBD,"Consolidated Comments","Corrections List Issued",2024-08-20,,dc,,,accela,2026-03-30T20:55:07.510053,Unknown,
1149,157,"2587 TELEGRAPH Ave",TBD,"Consolidated Comments",Resubmittal3,2024-09-04,,"Autumn Maltbie",,,accela,2026-03-30T20:55:07.510068,Unknown,
1150,157,"2587 TELEGRAPH Ave",TBD,"Consolidated Comments",Auto-Closed,2024-09-19,,ADM,,,accela,2026-03-30T20:55:07.510083,Unknown,
1151,157,"2587 TELEGRAPH Ave",TBD,"Consolidated Comments","Ready To Issue",2024-09-20,,"Mariafelisa Baber",,,accela,2026-03-30T20:55:07.510127,Unknown,
1152,157,"2587 TELEGRAPH Ave",TBD,Issuance,Issued,2024-09-20,,"Mariafelisa Baber",,,accela,2026-03-30T20:55:07.510146,Unknown,
1153,157,"2587 TELEGRAPH Ave",TBD,Inspection,Auto-Closed,2025-08-22,,ADM,,,accela,2026-03-30T20:55:07.510162,Unknown,
1154,157,"2587 TELEGRAPH Ave",TBD,Inspection,"Plan Distribution",2024-07-22,,RLW,,,accela,2026-03-30T20:55:07.510259,Unknown,
1155,157,"2587 TELEGRAPH Ave",TBD,Inspection,"Plan Distribution",2024-09-09,,RLW,,,accela,2026-03-30T20:55:07.510276,Unknown,
1156,157,"2587 TELEGRAPH Ave",TBD,Inspection,"Documents Uploaded",2024-10-03,,ADM,,,accela,2026-03-30T20:55:07.510292,Unknown,
1157,157,"2587 TELEGRAPH Ave",TBD,Inspection,Auto-Closed,2024-10-03,,ADM,,,accela,2026-03-30T20:55:07.510314,Unknown,
1158,157,"2587 TELEGRAPH Ave",TBD,Inspection,"Documents Uploaded",2024-10-06,,ADM,,,accela,2026-03-30T20:55:07.511779,Unknown,
1159,157,"2587 TELEGRAPH Ave",TBD,Inspection,Auto-Closed,2024-10-06,,ADM,,,accela,2026-03-30T20:55:07.511794,Unknown,
1160,157,"2587 TELEGRAPH Ave",TBD,Inspection,"Plan Distribution",2024-10-07,,"Autumn Maltbie",,,accela,2026-03-30T20:55:07.511919,Unknown,
1161,157,"2587 TELEGRAPH Ave",TBD,Inspection,"Plan Distribution",2024-10-28,,RLW,,,accela,2026-03-30T20:55:07.511935,Unknown,
1162,157,"2587 TELEGRAPH Ave",TBD,Inspection,"Documents Uploaded",2024-11-15,,ADM,,,accela,2026-03-30T20:55:07.511950,Unknown,
1163,157,"2587 TELEGRAPH Ave",TBD,Inspection,Auto-Closed,2024-11-15,,ADM,,,accela,2026-03-30T20:55:07.511973,Unknown,
1164,157,"2587 TELEGRAPH Ave",TBD,Inspection,"Documents Uploaded",2024-12-16,,ADM,,,accela,2026-03-30T20:55:07.512153,Unknown,
1165,157,"2587 TELEGRAPH Ave",TBD,Inspection,Auto-Closed,2024-12-16,,ADM,,,accela,2026-03-30T20:55:07.512168,Unknown,
1166,157,"2587 TELEGRAPH Ave",TBD,Inspection,"Documents Uploaded",2025-02-27,,ADM,,,accela,2026-03-30T20:55:07.512230,Unknown,
1167,157,"2587 TELEGRAPH Ave",TBD,Inspection,"Documents Uploaded",2025-06-05,,ADM,,,accela,2026-03-30T20:55:07.512246,Unknown,
1168,157,"2587 TELEGRAPH Ave",TBD,Inspection,Auto-Closed,2025-06-05,,ADM,,,accela,2026-03-30T20:55:07.512264,Unknown,
1169,157,"2587 TELEGRAPH Ave",TBD,Inspection,"Pending Payment",2024-07-22,,RLW,,,accela,2026-03-30T20:55:07.512296,Unknown,
1170,157,"2587 TELEGRAPH Ave",TBD,Inspection,Route,2024-07-30,,"Ramona Smith",,,accela,2026-03-30T20:55:07.512312,Unknown,
1171,157,"2587 TELEGRAPH Ave",TBD,Inspection,Route,2024-09-09,,RLW,,,accela,2026-03-30T20:55:07.512335,Unknown,
1172,157,"2587 TELEGRAPH Ave",TBD,Inspection,Route,2024-10-07,,"Autumn Maltbie",,,accela,2026-03-30T20:55:07.512350,Unknown,
1173,157,"2587 TELEGRAPH Ave",TBD,Inspection,Route,2024-10-28,,RLW,,,accela,2026-03-30T20:55:07.512366,Unknown,
1174,157,"2587 TELEGRAPH Ave",TBD,"Building and Safety Review",Assigned,2024-07-31,,"Kong Chung",,,accela,2026-03-30T20:55:07.512383,Unknown,
1175,157,"2587 TELEGRAPH Ave",TBD,"Building and Safety Review",Corrections,2024-08-14,,A,,,accela,2026-03-30T20:55:07.512399,Unknown,
1176,157,"2587 TELEGRAPH Ave",TBD,"Building and Safety Review","Review Needed",2024-09-09,,RLW,,,accela,2026-03-30T20:55:07.512414,Unknown,
1177,157,"2587 TELEGRAPH Ave",TBD,"Building and Safety Review",Corrections,2024-09-23,,A,,,accela,2026-03-30T20:55:07.512436,Unknown,
1178,157,"2587 TELEGRAPH Ave",TBD,"Building and Safety Review","Review Needed",2024-10-07,,"Autumn Maltbie",,,accela,2026-03-30T20:55:07.512452,Unknown,
1179,157,"2587 TELEGRAPH Ave",TBD,"Building and Safety Review",Approved,2024-10-22,,A,,,accela,2026-03-30T20:55:07.512474,Unknown,
1180,157,"2587 TELEGRAPH Ave",TBD,"Zoning Review",Assigned,2024-07-31,,MJ,,,accela,2026-03-30T20:55:07.512490,Unknown,
1181,157,"2587 TELEGRAPH Ave",TBD,"Zoning Review","Review Needed",2024-09-09,,RLW,,,accela,2026-03-30T20:55:07.512522,Unknown,
1182,157,"2587 TELEGRAPH Ave",TBD,"Zoning Review",Corrections,2024-09-23,,"Niloufar Karimzadegan",,,accela,2026-03-30T20:55:07.512545,Unknown,
1183,157,"2587 TELEGRAPH Ave",TBD,"Zoning Review","Review Needed",2024-10-07,,"Autumn Maltbie",,,accela,2026-03-30T20:55:07.512561,Unknown,
1184,157,"2587 TELEGRAPH Ave",TBD,"Zoning Review","Approved w/Conditions",2024-10-22,,"Niloufar Karimzadegan",,,accela,2026-03-30T20:55:07.512584,Unknown,
1185,157,"2587 TELEGRAPH Ave",TBD,"Fire Review",Corrections,2024-08-20,,"Jesus Del",,,accela,2026-03-30T20:55:07.512612,Unknown,
1186,157,"2587 TELEGRAPH Ave",TBD,"Fire Review","Review Needed",2024-09-09,,RLW,,,accela,2026-03-30T20:55:07.512627,Unknown,
1187,157,"2587 TELEGRAPH Ave",TBD,"Fire Review",Corrections,2024-09-23,,"Jesus Del",,,accela,2026-03-30T20:55:07.512650,Unknown,
1188,157,"2587 TELEGRAPH Ave",TBD,"Fire Review","Review Needed",2024-10-07,,"Autumn Maltbie",,,accela,2026-03-30T20:55:07.512666,Unknown,
1189,157,"2587 TELEGRAPH Ave",TBD,"Fire Review",Corrections,2024-10-22,,"Jesus Del",,,accela,2026-03-30T20:55:07.512689,Unknown,
1190,157,"2587 TELEGRAPH Ave",TBD,"Fire Review","Review Needed",2024-10-28,,RLW,,,accela,2026-03-30T20:55:07.512704,Unknown,
1191,157,"2587 TELEGRAPH Ave",TBD,"Fire Review","Approved w/Conditions",2024-11-12,,"Jesus Del",,,accela,2026-03-30T20:55:07.512725,Unknown,
1192,157,"2587 TELEGRAPH Ave",TBD,"Public Works Review",Corrections,2024-08-18,,,,,accela,2026-03-30T20:55:07.512753,Unknown,
1193,157,"2587 TELEGRAPH Ave",TBD,"Public Works Review","Review Needed",2024-09-09,,RLW,,,accela,2026-03-30T20:55:07.512768,Unknown,
1194,157,"2587 TELEGRAPH Ave",TBD,"Public Works Review",Corrections,2024-09-10,,,,,accela,2026-03-30T20:55:07.512791,Unknown,
1195,157,"2587 TELEGRAPH Ave",TBD,"Public Works Review","Review Needed",2024-10-07,,"Autumn Maltbie",,,accela,2026-03-30T20:55:07.512806,Unknown,
1196,157,"2587 TELEGRAPH Ave",TBD,"Public Works Review",Corrections,2024-10-13,,,,,accela,2026-03-30T20:55:07.512829,Unknown,
1197,157,"2587 TELEGRAPH Ave",TBD,"Public Works Review","Review Needed",2024-10-28,,RLW,,,accela,2026-03-30T20:55:07.512844,Unknown,
1198,157,"2587 TELEGRAPH Ave",TBD,"Public Works Review",Corrections,2024-11-12,,,,,accela,2026-03-30T20:55:07.512868,Unknown,
1199,157,"2587 TELEGRAPH Ave",TBD,"Public Works Review",Approved,2024-11-14,,,,,accela,2026-03-30T20:55:07.512884,Unknown,
1200,157,"2587 TELEGRAPH Ave",TBD,"Public Works Review",Assigned,2024-07-31,,MJ,,,accela,2026-03-30T20:55:07.512902,Unknown,
1201,157,"2587 TELEGRAPH Ave",TBD,"Public Works Review",Assigned,2024-09-10,,MJ,,,accela,2026-03-30T20:55:07.512942,Unknown,
1202,157,"2587 TELEGRAPH Ave",TBD,"Public Works Review",Corrections,2024-08-19,,M,,,accela,2026-03-30T20:55:07.512996,Unknown,
1203,157,"2587 TELEGRAPH Ave",TBD,"Public Works Review",Corrections,2024-09-19,,M,,,accela,2026-03-30T20:55:07.513052,Unknown,
1204,157,"2587 TELEGRAPH Ave",TBD,"Public Works Review",Approved,2024-10-22,,M,,,accela,2026-03-30T20:55:07.513093,Unknown,
1205,157,"2587 TELEGRAPH Ave",TBD,"PSC Review",Corrections,2024-09-25,,dc,,,accela,2026-03-30T20:55:07.513125,Unknown,
1206,157,"2587 TELEGRAPH Ave",TBD,"PSC Review",Corrections,2024-10-23,,dc,,,accela,2026-03-30T20:55:07.513141,Unknown,
1207,157,"2587 TELEGRAPH Ave",TBD,"PSC Review",Corrections,2024-11-13,,"Shanitra Roan",,,accela,2026-03-30T20:55:07.513157,Unknown,
1208,157,"2587 TELEGRAPH Ave",TBD,"PSC Review","Approved w/Conditions",2024-11-15,,"Mariafelisa Baber",,,accela,2026-03-30T20:55:07.513173,Unknown,
1209,157,"2587 TELEGRAPH Ave",TBD,"Consolidated Comments",Resubmittal1,2024-09-09,,RLW,,,accela,2026-03-30T20:55:07.513206,Unknown,
1210,157,"2587 TELEGRAPH Ave",TBD,"Consolidated Comments","Corrections List Issued",2024-09-25,,dc,,,accela,2026-03-30T20:55:07.513222,Unknown,
1211,157,"2587 TELEGRAPH Ave",TBD,"Consolidated Comments","Corrections List Issued",2024-09-26,,dc,,,accela,2026-03-30T20:55:07.513238,Unknown,
1212,157,"2587 TELEGRAPH Ave",TBD,"Consolidated Comments",Auto-Closed,2024-10-03,,ADM,,,accela,2026-03-30T20:55:07.513269,Unknown,
1213,157,"2587 TELEGRAPH Ave",TBD,"Consolidated Comments",Auto-Closed,2024-10-06,,ADM,,,accela,2026-03-30T20:55:07.513834,Unknown,
1214,157,"2587 TELEGRAPH Ave",TBD,"Consolidated Comments",Resubmittal2,2024-10-07,,"Autumn Maltbie",,,accela,2026-03-30T20:55:07.513944,Unknown,
1215,157,"2587 TELEGRAPH Ave",TBD,"Consolidated Comments","Corrections List Issued",2024-10-23,,dc,,,accela,2026-03-30T20:55:07.513959,Unknown,
1216,157,"2587 TELEGRAPH Ave",TBD,"Consolidated Comments",Resubmittal3+,2024-10-28,,RLW,,,accela,2026-03-30T20:55:07.513974,Unknown,
1217,157,"2587 TELEGRAPH Ave",TBD,"Consolidated Comments","Corrections List Issued",2024-11-13,,"Shanitra Roan",,,accela,2026-03-30T20:55:07.513989,Unknown,
1218,157,"2587 TELEGRAPH Ave",TBD,"Consolidated Comments",Auto-Closed,2024-11-15,,ADM,,,accela,2026-03-30T20:55:07.514004,Unknown,
1219,157,"2587 TELEGRAPH Ave",TBD,"Consolidated Comments","Ready To Issue",2024-11-18,,"Autumn Maltbie",,,accela,2026-03-30T20:55:07.514114,Unknown,
1220,157,"2587 TELEGRAPH Ave",TBD,Issuance,Issued,2024-11-19,,"Ramona Smith",,,accela,2026-03-30T20:55:07.514130,Unknown,
1221,157,"2587 TELEGRAPH Ave",TBD,Inspection,Auto-Closed,2025-02-27,,ADM,,,accela,2026-03-30T20:55:07.514191,Unknown,
1222,157,"2587 TELEGRAPH Ave",TBD,Inspection,"Plan Distribution",2024-09-23,,RLW,,,accela,2026-03-30T20:55:07.514345,Unknown,
1223,157,"2587 TELEGRAPH Ave",TBD,Inspection,"Plan Distribution",2024-11-27,,"Autumn Maltbie",,,accela,2026-03-30T20:55:07.514361,Unknown,
1224,157,"2587 TELEGRAPH Ave",TBD,Inspection,"Plan Distribution",2025-01-16,,"Autumn Maltbie",,,accela,2026-03-30T20:55:07.514378,Unknown,
1225,157,"2587 TELEGRAPH Ave",TBD,Inspection,"Plan Distribution",2025-02-19,,"Chandra Vogt",,,accela,2026-03-30T20:55:07.514394,Unknown,
1226,157,"2587 TELEGRAPH Ave",TBD,Inspection,"Plan Distribution",2025-03-18,,"Shanitra Roan",,,accela,2026-03-30T20:55:07.514409,Unknown,
1227,157,"2587 TELEGRAPH Ave",TBD,Inspection,"Documents Uploaded",2025-04-08,,ADM,,,accela,2026-03-30T20:55:07.514424,Unknown,
1228,157,"2587 TELEGRAPH Ave",TBD,Inspection,Auto-Closed,2025-04-08,,ADM,,,accela,2026-03-30T20:55:07.514447,Unknown,
1229,157,"2587 TELEGRAPH Ave",TBD,Inspection,"Documents Uploaded",2025-05-15,,ADM,,,accela,2026-03-30T20:55:07.514581,Unknown,
1230,157,"2587 TELEGRAPH Ave",TBD,Inspection,Auto-Closed,2025-05-15,,ADM,,,accela,2026-03-30T20:55:07.514596,Unknown,
1231,157,"2587 TELEGRAPH Ave",TBD,Inspection,"Pending Payment",2024-09-23,,RLW,,,accela,2026-03-30T20:55:07.514659,Unknown,
1232,157,"2587 TELEGRAPH Ave",TBD,Inspection,Route,2024-09-26,,"Ryan Gonzalez",,,accela,2026-03-30T20:55:07.514677,Unknown,
1233,157,"2587 TELEGRAPH Ave",TBD,Inspection,Route,2024-11-27,,"Autumn Maltbie",,,accela,2026-03-30T20:55:07.514699,Unknown,
1234,157,"2587 TELEGRAPH Ave",TBD,Inspection,Route,2025-01-16,,"Autumn Maltbie",,,accela,2026-03-30T20:55:07.514715,Unknown,
1235,157,"2587 TELEGRAPH Ave",TBD,Inspection,Route,2025-02-19,,"Chandra Vogt",,,accela,2026-03-30T20:55:07.514730,Unknown,
1236,157,"2587 TELEGRAPH Ave",TBD,Inspection,Route,2025-03-18,,"Shanitra Roan",,,accela,2026-03-30T20:55:07.514746,Unknown,
1237,157,"2587 TELEGRAPH Ave",TBD,"Building and Safety Review",Assigned,2024-09-27,,"Kong Chung",,,accela,2026-03-30T20:55:07.514762,Unknown,
1238,157,"2587 TELEGRAPH Ave",TBD,"Building and Safety Review",Corrections,2024-10-31,,A,,,accela,2026-03-30T20:55:07.514777,Unknown,
1239,157,"2587 TELEGRAPH Ave",TBD,"Building and Safety Review",Corrections,2024-12-16,,A,,,accela,2026-03-30T20:55:07.514793,Unknown,
1240,157,"2587 TELEGRAPH Ave",TBD,"Building and Safety Review",Corrections,2025-02-06,,A,,,accela,2026-03-30T20:55:07.514809,Unknown,
1241,157,"2587 TELEGRAPH Ave",TBD,"Building and Safety Review","Approved w/Conditions",2025-03-10,,A,,,accela,2026-03-30T20:55:07.514826,Unknown,
1242,157,"2587 TELEGRAPH Ave",TBD,"Building and Safety Review","Approved w/Conditions",2025-04-03,,A,,,accela,2026-03-30T20:55:07.514852,Unknown,
1243,157,"2587 TELEGRAPH Ave",TBD,"Zoning Review",Assigned,2024-09-27,,MJ,,,accela,2026-03-30T20:55:07.514880,Unknown,
1244,157,"2587 TELEGRAPH Ave",TBD,"Zoning Review",Corrections,2024-11-12,,"Niloufar Karimzadegan",,,accela,2026-03-30T20:55:07.514896,Unknown,
1245,157,"2587 TELEGRAPH Ave",TBD,"Zoning Review",Corrections,2024-12-19,,"Niloufar Karimzadegan",,,accela,2026-03-30T20:55:07.514958,Unknown,
1246,157,"2587 TELEGRAPH Ave",TBD,"Zoning Review",Corrections,2025-02-06,,"Niloufar Karimzadegan",,,accela,2026-03-30T20:55:07.514975,Unknown,
1247,157,"2587 TELEGRAPH Ave",TBD,"Zoning Review",Corrections,2025-03-12,,"Niloufar Karimzadegan",,,accela,2026-03-30T20:55:07.514992,Unknown,
1248,157,"2587 TELEGRAPH Ave",TBD,"Zoning Review","Approved w/Conditions",2025-04-04,,"Niloufar Karimzadegan",,,accela,2026-03-30T20:55:07.515007,Unknown,
1249,157,"2587 TELEGRAPH Ave",TBD,"Fire Review",Corrections,2024-11-12,,"Jesus Del",,,accela,2026-03-30T20:55:07.515086,Unknown,
1250,157,"2587 TELEGRAPH Ave",TBD,"Fire Review",Corrections,2024-12-20,,"Jesus Del",,,accela,2026-03-30T20:55:07.515108,Unknown,
1251,157,"2587 TELEGRAPH Ave",TBD,"Fire Review",Corrections,2025-02-07,,"Jesus Del",,,accela,2026-03-30T20:55:07.515126,Unknown,
1252,157,"2587 TELEGRAPH Ave",TBD,"Fire Review","Approved w/Conditions",2025-03-11,,"Jesus Del",,,accela,2026-03-30T20:55:07.515142,Unknown,
1253,157,"2587 TELEGRAPH Ave",TBD,"Public Works Review",Corrections,2024-12-11,,,,,accela,2026-03-30T20:55:07.515187,Unknown,
1254,157,"2587 TELEGRAPH Ave",TBD,"Public Works Review",Corrections,2025-02-02,,,,,accela,2026-03-30T20:55:07.515202,Unknown,
1255,157,"2587 TELEGRAPH Ave",TBD,"Public Works Review",Approved,2025-02-19,,,,,accela,2026-03-30T20:55:07.515270,Unknown,
1256,157,"2587 TELEGRAPH Ave",TBD,"Public Works Review",Assigned,2024-09-27,,MJ,,,accela,2026-03-30T20:55:07.515294,Unknown,
1257,157,"2587 TELEGRAPH Ave",TBD,"Public Works Review",Assigned,2025-01-17,,MJ,,,accela,2026-03-30T20:55:07.515312,Unknown,
1258,157,"2587 TELEGRAPH Ave",TBD,"Public Works Review",Assigned,2025-02-20,,MJ,,,accela,2026-03-30T20:55:07.515329,Unknown,
1259,157,"2587 TELEGRAPH Ave",TBD,"Public Works Review",Assigned,2025-03-19,,MJ,,,accela,2026-03-30T20:55:07.515352,Unknown,
1260,157,"2587 TELEGRAPH Ave",TBD,"Public Works Review",Corrections,2024-12-19,,M,,,accela,2026-03-30T20:55:07.515389,Unknown,
1261,157,"2587 TELEGRAPH Ave",TBD,"Public Works Review",Corrections,2025-02-06,,M,,,accela,2026-03-30T20:55:07.515405,Unknown,
1262,157,"2587 TELEGRAPH Ave",TBD,"Public Works Review","Approved w/Conditions",2025-03-11,,M,,,accela,2026-03-30T20:55:07.515421,Unknown,
1263,157,"2587 TELEGRAPH Ave",TBD,"Public Works Review",Approved,2025-03-06,,"Violet Henderson",,,accela,2026-03-30T20:55:07.515452,Unknown,
1264,157,"2587 TELEGRAPH Ave",TBD,"PSC Review",Corrections,2024-12-26,,"Mariafelisa Baber",,,accela,2026-03-30T20:55:07.515485,Unknown,
1265,157,"2587 TELEGRAPH Ave",TBD,"PSC Review",Corrections,2025-02-10,,"Mariafelisa Baber",,,accela,2026-03-30T20:55:07.515501,Unknown,
1266,157,"2587 TELEGRAPH Ave",TBD,"PSC Review",Corrections,2025-03-13,,"Shanitra Roan",,,accela,2026-03-30T20:55:07.515516,Unknown,
1267,157,"2587 TELEGRAPH Ave",TBD,"PSC Review","Approved w/Conditions",2025-04-07,,"Mariafelisa Baber",,,accela,2026-03-30T20:55:07.515532,Unknown,
1268,157,"2587 TELEGRAPH Ave",TBD,"Consolidated Comments",Resubmittal1,2024-11-27,,"Autumn Maltbie",,,accela,2026-03-30T20:55:07.515569,Unknown,
1269,157,"2587 TELEGRAPH Ave",TBD,"Consolidated Comments","Corrections List Issued",2024-12-26,,"Mariafelisa Baber",,,accela,2026-03-30T20:55:07.515584,Unknown,
1270,157,"2587 TELEGRAPH Ave",TBD,"Consolidated Comments",Resubmittal2,2025-01-16,,"Autumn Maltbie",,,accela,2026-03-30T20:55:07.515600,Unknown,
1271,157,"2587 TELEGRAPH Ave",TBD,"Consolidated Comments","Corrections List Issued",2025-02-10,,"Mariafelisa Baber",,,accela,2026-03-30T20:55:07.515616,Unknown,
1272,157,"2587 TELEGRAPH Ave",TBD,"Consolidated Comments",Resubmittal3+,2025-02-19,,"Chandra Vogt",,,accela,2026-03-30T20:55:07.515632,Unknown,
1273,157,"2587 TELEGRAPH Ave",TBD,"Consolidated Comments","Corrections List Issued",2025-03-13,,"Shanitra Roan",,,accela,2026-03-30T20:55:07.515648,Unknown,
1274,157,"2587 TELEGRAPH Ave",TBD,"Consolidated Comments",Resubmittal3+,2025-03-18,,"Shanitra Roan",,,accela,2026-03-30T20:55:07.515664,Unknown,
1275,157,"2587 TELEGRAPH Ave",TBD,"Consolidated Comments",Auto-Closed,2025-04-08,,ADM,,,accela,2026-03-30T20:55:07.515680,Unknown,
1276,157,"2587 TELEGRAPH Ave",TBD,"Consolidated Comments","Ready To Issue",2025-04-10,,"Avotcja Jones",,,accela,2026-03-30T20:55:07.515767,Unknown,
1277,157,"2587 TELEGRAPH Ave",TBD,Issuance,Issued,2025-04-14,,"Ramona Smith",,,accela,2026-03-30T20:55:07.515783,Unknown,
1278,10,"ZP2022-0046 3000 SHATTUCK Ave",TBD,Unknown,"as: Incomplete Pending Applicant |",2022-05-11,,"Allison Riemer",,,accela,2026-03-30T20:55:07.516616,Unknown,
1279,10,"ZP2022-0046 3000 SHATTUCK Ave",TBD,Unknown,"as: Resubmittal Pending Staff |",2022-07-08,,"Allison Riemer",,,accela,2026-03-30T20:55:07.516627,Unknown,
1280,10,"ZP2022-0046 3000 SHATTUCK Ave",TBD,Unknown,"as: Application Complete |",2022-08-03,,"Allison Riemer",,,accela,2026-03-30T20:55:07.516636,Unknown,
1281,10,"ZP2022-0046 3000 SHATTUCK Ave",TBD,Unknown,"as: Appeal to City Council |",2023-05-25,,"Allison Riemer",,,accela,2026-03-30T20:55:07.516667,Unknown,
1282,10,"ZP2022-0046 3000 SHATTUCK Ave",TBD,Unknown,"as: Notice Issued |",2025-03-11,,"Allison Riemer",,,accela,2026-03-30T20:55:07.516678,Unknown,
1283,154,"2001 ASHBY Ave",ZP2021-0191,"Completeness Review",Void,2023-12-11,,SU,,,accela,2026-03-30T20:55:07.518276,Planning,
1284,154,"2001 ASHBY Ave",ZP2021-0191,"CEQA Determination",Void,2023-12-11,,SU,,,accela,2026-03-30T20:55:07.518286,Planning,
1285,154,"2001 ASHBY Ave",ZP2021-0191,"Staff Decision",Void,2023-12-11,,SU,,,accela,2026-03-30T20:55:07.518297,Planning,
1286,154,"2001 ASHBY Ave",ZP2021-0191,Appeal,Void,2023-12-11,,SU,,,accela,2026-03-30T20:55:07.518307,Planning,
1287,154,"2001 ASHBY Ave",ZP2021-0191,"Case Closed",Void,2023-12-11,,SU,,,accela,2026-03-30T20:55:07.518346,Planning,
1288,154,"2001 ASHBY Ave",PLN2021-0054,"Case Closed","Research Completed",2021-12-22,,"Sharon Gong",,,accela,2026-03-30T20:55:07.518407,Planning,
1289,154,"2001 ASHBY Ave",PLN2021-0054,"Case Closed",Note,2021-12-22,,"Sharon Gong",,,accela,2026-03-30T20:55:07.518416,Planning,
1290,154,"2001 ASHBY Ave",PLN2019-0059,"Case Closed","Research Completed",2019-12-24,,"Leslie Mendez",,,accela,2026-03-30T20:55:07.518478,Planning,
1291,154,"2001 ASHBY Ave",B2021-02905,"Case Closed","Plan Distribution",2021-07-02,,"Chandra Vogt",,,accela,2026-03-30T20:55:07.518695,Building,
1292,154,"2001 ASHBY Ave",B2021-02905,"Case Closed","Plan Distribution",2021-10-26,,"Shanitra Roan",,,accela,2026-03-30T20:55:07.518706,Building,
1293,154,"2001 ASHBY Ave",B2021-02905,"Case Closed","Plan Distribution",2021-12-17,,"Shanitra Roan",,,accela,2026-03-30T20:55:07.518714,Building,
1294,154,"2001 ASHBY Ave",B2021-02905,"Case Closed","Plan Distribution",2022-01-24,,"Mariafelisa Baber",,,accela,2026-03-30T20:55:07.518723,Building,
1295,154,"2001 ASHBY Ave",B2021-02905,"Case Closed","Documents Uploaded",2023-09-26,,ADM,,,accela,2026-03-30T20:55:07.518731,Building,
1296,154,"2001 ASHBY Ave",B2021-02905,"Case Closed","Documents Uploaded",2023-10-02,,ADM,,,accela,2026-03-30T20:55:07.518740,Building,
1297,154,"2001 ASHBY Ave",B2021-02905,"Case Closed",Auto-Closed,2023-10-02,,ADM,,,accela,2026-03-30T20:55:07.518748,Building,
1298,154,"2001 ASHBY Ave",B2021-02905,"Case Closed","Documents Uploaded",2023-10-04,,ADM,,,accela,2026-03-30T20:55:07.518757,Building,
1299,154,"2001 ASHBY Ave",B2021-02905,"Case Closed",Auto-Closed,2023-10-04,,ADM,,,accela,2026-03-30T20:55:07.518765,Building,
1300,154,"2001 ASHBY Ave",B2021-02905,"Case Closed",Route,2021-07-02,,"Chandra Vogt",,,accela,2026-03-30T20:55:07.518778,Building,
1301,154,"2001 ASHBY Ave",B2021-02905,"Case Closed",Route,2021-10-26,,"Shanitra Roan",,,accela,2026-03-30T20:55:07.518786,Building,
1302,154,"2001 ASHBY Ave",B2021-02905,"Case Closed",Route,2021-12-17,,"Shanitra Roan",,,accela,2026-03-30T20:55:07.518794,Building,
1303,154,"2001 ASHBY Ave",B2021-02905,"Case Closed",Route,2022-01-24,,"Mariafelisa Baber",,,accela,2026-03-30T20:55:07.518802,Building,
1304,154,"2001 ASHBY Ave",B2021-02905,"Building and Safety Review","Approved w/Conditions",2022-01-26,,"Jesus Del",,,accela,2026-03-30T20:55:07.518816,Building,
1305,154,"2001 ASHBY Ave",B2021-02905,"Building and Safety Review","Ready To Issue",2022-02-03,,"Mariafelisa Baber",,,accela,2026-03-30T20:55:07.518828,Building,
1306,154,"2001 ASHBY Ave",B2021-02905,Issuance,Issued,2022-02-04,,"Samella Stover",,,accela,2026-03-30T20:55:07.518838,Building,
1307,154,"2001 ASHBY Ave",B2021-05653,Inspection,"Plan Distribution",2021-12-15,,rl,,,accela,2026-03-30T20:55:07.518955,Building,
1308,154,"2001 ASHBY Ave",B2021-05653,Inspection,"Plan Distribution",2022-01-25,,rl,,,accela,2026-03-30T20:55:07.518965,Building,
1309,154,"2001 ASHBY Ave",B2021-05653,Inspection,"Plan Distribution",2022-02-04,,"David Lopez",,,accela,2026-03-30T20:55:07.518974,Building,
1310,154,"2001 ASHBY Ave",B2021-05653,"Fire Review",Corrections,2022-01-03,,"Jesus Del",,,accela,2026-03-30T20:55:07.518993,Building,
1311,154,"2001 ASHBY Ave",B2021-05653,"Fire Review","Approved w/Conditions",2022-01-31,,"Jesus Del",,,accela,2026-03-30T20:55:07.519002,Building,
1312,154,"2001 ASHBY Ave",B2021-05653,"Fire Review",Approved,2021-12-28,,,,,accela,2026-03-30T20:55:07.519013,Building,
1313,154,"2001 ASHBY Ave",B2021-05653,"Public Works Review",Corrections,2021-12-21,,,,,accela,2026-03-30T20:55:07.519024,Building,
1314,154,"2001 ASHBY Ave",B2021-05653,"Public Works Review",Approved,2022-01-26,,,,,accela,2026-03-30T20:55:07.519032,Building,
1315,154,"2001 ASHBY Ave",B2021-05653,"Public Works Review",Corrections,2022-01-04,,jc,,,accela,2026-03-30T20:55:07.519042,Building,
1316,154,"2001 ASHBY Ave",B2021-05653,Issuance,Issued,2022-02-04,,"Samella Stover",,,accela,2026-03-30T20:55:07.519056,Building,
1317,141,"2016 ASHBY Ave",B2024-01268,Unknown,"Plan Distribution",2024-03-20,,"Mariafelisa Baber",,,accela,2026-03-30T20:55:07.519695,Building,
1318,141,"2016 ASHBY Ave",B2024-01268,Unknown,"Documents Uploaded",2025-01-27,,ADM,,,accela,2026-03-30T20:55:07.519709,Building,
1319,141,"2016 ASHBY Ave",B2024-01268,Unknown,Auto-Closed,2025-01-27,,ADM,,,accela,2026-03-30T20:55:07.519718,Building,
1320,141,"2016 ASHBY Ave",B2024-01268,Unknown,"Plan Distribution",2025-02-03,,"Autumn Maltbie",,,accela,2026-03-30T20:55:07.519727,Building,
1321,141,"2016 ASHBY Ave",B2024-01268,Unknown,"Documents Uploaded",2025-03-24,,ADM,,,accela,2026-03-30T20:55:07.519737,Building,
1322,141,"2016 ASHBY Ave",B2024-01268,Unknown,"Documents Uploaded",2025-05-30,,ADM,,,accela,2026-03-30T20:55:07.519745,Building,
1323,141,"2016 ASHBY Ave",B2024-01268,Unknown,Auto-Closed,2025-05-30,,ADM,,,accela,2026-03-30T20:55:07.519754,Building,
1324,141,"2016 ASHBY Ave",B2024-01268,Unknown,"Documents Uploaded",2025-06-06,,ADM,,,accela,2026-03-30T20:55:07.519762,Building,
1325,141,"2016 ASHBY Ave",B2024-01268,Unknown,Auto-Closed,2025-06-06,,ADM,,,accela,2026-03-30T20:55:07.519770,Building,
1326,141,"2016 ASHBY Ave",B2024-01268,Unknown,"Plan Distribution",2025-06-10,,"Avotcja Jones",,,accela,2026-03-30T20:55:07.519778,Building,
1327,141,"2016 ASHBY Ave",B2024-01268,Unknown,"Documents Uploaded",2025-09-10,,ADM,,,accela,2026-03-30T20:55:07.519787,Building,
1328,141,"2016 ASHBY Ave",B2024-01268,Unknown,"Documents Uploaded",2025-09-26,,ADM,,,accela,2026-03-30T20:55:07.519795,Building,
1329,141,"2016 ASHBY Ave",B2024-01268,Unknown,Auto-Closed,2025-09-26,,ADM,,,accela,2026-03-30T20:55:07.519803,Building,
1330,141,"2016 ASHBY Ave",B2024-01268,Unknown,"Documents Uploaded",2025-10-21,,ADM,,,accela,2026-03-30T20:55:07.519811,Building,
1331,141,"2016 ASHBY Ave",B2024-01268,Unknown,Auto-Closed,2025-10-21,,ADM,,,accela,2026-03-30T20:55:07.519819,Building,
1332,141,"2016 ASHBY Ave",B2024-01268,Unknown,"Plan Distribution",2025-10-24,,"Autumn Maltbie",,,accela,2026-03-30T20:55:07.519828,Building,
1333,141,"2016 ASHBY Ave",B2024-01268,Unknown,"Documents Uploaded",2026-01-27,,ADM,,,accela,2026-03-30T20:55:07.519836,Building,
1334,141,"2016 ASHBY Ave",B2024-01268,Unknown,"Plan Distribution",2026-01-28,,"Shanitra Roan",,,accela,2026-03-30T20:55:07.519845,Building,
1335,141,"2016 ASHBY Ave",B2024-01268,Unknown,"Pending Payment",2024-03-20,,"Mariafelisa Baber",,,accela,2026-03-30T20:55:07.519856,Building,
1336,141,"2016 ASHBY Ave",B2024-01268,Unknown,Route,2024-05-15,,"Ramona Smith",,,accela,2026-03-30T20:55:07.519909,Building,
1337,141,"2016 ASHBY Ave",B2024-01268,Unknown,Route,2025-02-03,,"Autumn Maltbie",,,accela,2026-03-30T20:55:07.519918,Building,
1338,141,"2016 ASHBY Ave",B2024-01268,Unknown,Route,2025-06-10,,"Avotcja Jones",,,accela,2026-03-30T20:55:07.519926,Building,
1339,141,"2016 ASHBY Ave",B2024-01268,Unknown,Route,2025-10-24,,"Autumn Maltbie",,,accela,2026-03-30T20:55:07.519934,Building,
1340,141,"2016 ASHBY Ave",B2024-01268,Unknown,Route,2026-01-28,,"Shanitra Roan",,,accela,2026-03-30T20:55:07.519942,Building,
1341,141,"2016 ASHBY Ave",B2024-01268,Unknown,Assigned,2024-05-16,,"Kong Chung",,,accela,2026-03-30T20:55:07.519954,Building,
1342,141,"2016 ASHBY Ave",B2024-01268,Unknown,Corrections,2024-06-26,,A,,,accela,2026-03-30T20:55:07.519962,Building,
1343,141,"2016 ASHBY Ave",B2024-01268,Unknown,Corrections,2025-02-24,,A,,,accela,2026-03-30T20:55:07.519970,Building,
1344,141,"2016 ASHBY Ave",B2024-01268,Unknown,Corrections,2025-07-01,,A,,,accela,2026-03-30T20:55:07.519978,Building,
1345,141,"2016 ASHBY Ave",B2024-01268,Unknown,"Approved w/Conditions",2025-11-17,,A,,,accela,2026-03-30T20:55:07.519987,Building,
1346,141,"2016 ASHBY Ave",B2024-01268,Unknown,Approved,2026-02-19,,A,,,accela,2026-03-30T20:55:07.519995,Building,
1347,141,"2016 ASHBY Ave",B2024-01268,Unknown,Assigned,2024-06-19,,MJ,,,accela,2026-03-30T20:55:07.520014,Building,
1348,141,"2016 ASHBY Ave",B2024-01268,Unknown,Corrections,2024-07-01,,"Sharon Gong",,,accela,2026-03-30T20:55:07.520022,Building,
1349,141,"2016 ASHBY Ave",B2024-01268,Unknown,Corrections,2025-03-03,,"Sharon Gong",,,accela,2026-03-30T20:55:07.520031,Building,
1350,141,"2016 ASHBY Ave",B2024-01268,Unknown,Corrections,2025-06-27,,"Joshua Muller",,,accela,2026-03-30T20:55:07.520039,Building,
1351,141,"2016 ASHBY Ave",B2024-01268,Unknown,Corrections,2025-11-17,,"Joshua Muller",,,accela,2026-03-30T20:55:07.520047,Building,
1352,141,"2016 ASHBY Ave",B2024-01268,Unknown,"Approved w/Conditions",2026-02-20,,"Joshua Muller",,,accela,2026-03-30T20:55:07.520056,Building,
1353,141,"2016 ASHBY Ave",B2024-01268,Unknown,Corrections,2024-07-02,,"Jesus Del",,,accela,2026-03-30T20:55:07.520067,Building,
1354,141,"2016 ASHBY Ave",B2024-01268,Unknown,Corrections,2025-02-25,,"Jesus Del",,,accela,2026-03-30T20:55:07.520075,Building,
1355,141,"2016 ASHBY Ave",B2024-01268,Unknown,Corrections,2025-07-02,,"Jesus Del",,,accela,2026-03-30T20:55:07.520083,Building,
1356,141,"2016 ASHBY Ave",B2024-01268,Unknown,"Approved w/Conditions",2025-11-20,,"Jesus Del",,,accela,2026-03-30T20:55:07.520092,Building,
1357,141,"2016 ASHBY Ave",B2024-01268,Unknown,Corrections,2025-02-18,,,,,accela,2026-03-30T20:55:07.520115,Building,
1358,141,"2016 ASHBY Ave",B2024-01268,Unknown,Corrections,2025-06-23,,,,,accela,2026-03-30T20:55:07.520123,Building,
1359,141,"2016 ASHBY Ave",B2024-01268,Unknown,Approved,2025-11-06,,,,,accela,2026-03-30T20:55:07.520131,Building,
1360,141,"2016 ASHBY Ave",B2024-01268,Unknown,Approved,2024-05-28,,"Ray Davis",,,accela,2026-03-30T20:55:07.520152,Building,
1361,141,"2016 ASHBY Ave",B2024-01268,Unknown,Approved,2025-02-04,,"Ray Davis",,,accela,2026-03-30T20:55:07.520160,Building,
1362,141,"2016 ASHBY Ave",B2024-01268,Unknown,Approved,2025-10-27,,"Nhat Phan",,,accela,2026-03-30T20:55:07.520168,Building,
1363,141,"2016 ASHBY Ave",B2024-01268,Unknown,Corrections,2024-07-03,,"Shanitra Roan",,,accela,2026-03-30T20:55:07.520183,Building,
1364,141,"2016 ASHBY Ave",B2024-01268,Unknown,Corrections,2025-03-04,,"Mariafelisa Baber",,,accela,2026-03-30T20:55:07.520191,Building,
1365,141,"2016 ASHBY Ave",B2024-01268,Unknown,Corrections,2025-07-03,,"Mariafelisa Baber",,,accela,2026-03-30T20:55:07.520199,Building,
1366,141,"2016 ASHBY Ave",B2024-01268,Unknown,Corrections,2025-11-21,,"Mariafelisa Baber",,,accela,2026-03-30T20:55:07.520207,Building,
1367,141,"2016 ASHBY Ave",B2024-01268,Unknown,"Approved w/Conditions",2026-02-23,,"Mariafelisa Baber",,,accela,2026-03-30T20:55:07.520216,Building,
1368,141,"2016 ASHBY Ave",B2024-01268,Unknown,"Corrections List Issued",2024-07-03,,"Shanitra Roan",,,accela,2026-03-30T20:55:07.520228,Building,
1369,141,"2016 ASHBY Ave",B2024-01268,Unknown,Resubmittal1,2025-02-03,,"Autumn Maltbie",,,accela,2026-03-30T20:55:07.520246,Building,
1370,141,"2016 ASHBY Ave",B2024-01268,Unknown,"Corrections List Issued",2025-03-04,,"Mariafelisa Baber",,,accela,2026-03-30T20:55:07.520254,Building,
1371,141,"2016 ASHBY Ave",B2024-01268,Unknown,Auto-Closed,2025-03-24,,ADM,,,accela,2026-03-30T20:55:07.520262,Building,
1372,141,"2016 ASHBY Ave",B2024-01268,Unknown,Resubmittal2,2025-06-10,,"Avotcja Jones",,,accela,2026-03-30T20:55:07.520286,Building,
1373,141,"2016 ASHBY Ave",B2024-01268,Unknown,"Corrections List Issued",2025-07-03,,"Mariafelisa Baber",,,accela,2026-03-30T20:55:07.520295,Building,
1374,141,"2016 ASHBY Ave",B2024-01268,Unknown,Auto-Closed,2025-09-10,,ADM,,,accela,2026-03-30T20:55:07.520303,Building,
1375,141,"2016 ASHBY Ave",B2024-01268,Unknown,Resubmittal3,2025-10-24,,"Autumn Maltbie",,,accela,2026-03-30T20:55:07.520327,Building,
1376,141,"2016 ASHBY Ave",B2024-01268,Unknown,"Corrections List Issued",2025-11-21,,"Mariafelisa Baber",,,accela,2026-03-30T20:55:07.520336,Building,
1377,141,"2016 ASHBY Ave",B2024-01268,Unknown,Resubmittal1,2026-01-28,,"Shanitra Roan",,,accela,2026-03-30T20:55:07.520344,Building,
1378,141,"2016 ASHBY Ave",B2024-01268,Unknown,"Ready To Issue",2026-03-26,,"David Lopez",,,accela,2026-03-30T20:55:07.520352,Building,
1379,141,"2016 ASHBY Ave",B2024-01268,Unknown,Issued,2026-03-26,,"David Lopez",,,accela,2026-03-30T20:55:07.520363,Building,
1380,129,"ZP2024-0008 1614 Sixth St",TBD,Unknown,"**Incomplete Pending Applicant**",2024-01-25,,"Samella Stover",,,accela,2026-03-30T20:55:07.520775,Unknown,
1381,129,"ZP2024-0008 1614 Sixth St",TBD,Unknown,"**Resubmittal Pending Staff**",2024-02-20,,"Samella Stover",,,accela,2026-03-30T20:55:07.520786,Unknown,
1382,129,"ZP2024-0008 1614 Sixth St",TBD,Unknown,"**Application Complete**",2024-02-22,,"Samella Stover",,,accela,2026-03-30T20:55:07.520795,Unknown,
1383,129,"ZP2024-0008 1614 Sixth St",TBD,Unknown,"**Corrections - Pending Applicant**",2024-03-08,,WS,,,accela,2026-03-30T20:55:07.520807,Unknown,
1384,129,"ZP2024-0008 1614 Sixth St",TBD,Unknown,"**Resubmittal - Pending Staff Review**",2024-04-16,,WS,,,accela,2026-03-30T20:55:07.520816,Unknown,
1385,129,"ZP2024-0008 1614 Sixth St",TBD,Unknown,"**Corrections - Pending Applicant**",2024-05-24,,WS,,,accela,2026-03-30T20:55:07.520824,Unknown,
1386,129,"ZP2024-0008 1614 Sixth St",TBD,Unknown,"**Categorically Exempt**",2024-05-24,,WS,,,accela,2026-03-30T20:55:07.520836,Unknown,
1387,129,"ZP2024-0008 1614 Sixth St",TBD,Unknown,**Approved**,2024-09-25,,MJ,,,accela,2026-03-30T20:55:07.520848,Unknown,
1388,129,"ZP2024-0008 1614 Sixth St",TBD,Unknown,"**No Appeal**",2024-10-16,,MJ,,,accela,2026-03-30T20:55:07.520862,Unknown,
1389,129,"ZP2024-0008 1614 Sixth St",TBD,Unknown,**Approved**,2024-10-17,,MJ,,,accela,2026-03-30T20:55:07.520884,Unknown,
1390,143,"2902 ADELINE St",TBD,"Completeness Review","Application Complete",2021-07-01,,"Desiree Dougherty",,,accela,2026-03-30T20:55:07.521467,Unknown,
1391,143,"2902 ADELINE St",TBD,"Completeness Review",Completed,2021-07-07,,"Desiree Dougherty",,,accela,2026-03-30T20:55:07.521492,Unknown,
1392,143,"2902 ADELINE St",TBD,"Completeness Review",Completed,2021-11-15,,"Desiree Dougherty",,,accela,2026-03-30T20:55:07.521513,Unknown,
1393,143,"2902 ADELINE St",TBD,"Completeness Review","No Notice Required",2021-07-08,,"Desiree Dougherty",,,accela,2026-03-30T20:55:07.521529,Unknown,
1394,143,"2902 ADELINE St",TBD,"Completeness Review",Completed,2021-07-08,,"Desiree Dougherty",,,accela,2026-03-30T20:55:07.521546,Unknown,
1395,143,"2902 ADELINE St",TBD,"Completeness Review",Approved,2021-07-15,,"Desiree Dougherty",,,accela,2026-03-30T20:55:07.521579,Unknown,
1396,143,"2902 ADELINE St",TBD,"Case Closed",Approved,2021-11-15,,"Desiree Dougherty",,,accela,2026-03-30T20:55:07.521595,Unknown,
1397,143,"2902 ADELINE St",TBD,"Completeness Review","Incomplete Pending Applicant",2015-10-29,,SL,,,accela,2026-03-30T20:55:07.521658,Unknown,
1398,143,"2902 ADELINE St",TBD,"Completeness Review","Application Complete",2016-04-07,,M,,,accela,2026-03-30T20:55:07.521674,Unknown,
1399,143,"2902 ADELINE St",TBD,"Completeness Review",Completed,2016-08-11,,SL,,,accela,2026-03-30T20:55:07.521691,Unknown,
1400,143,"2902 ADELINE St",TBD,"Completeness Review",Completed,2016-09-08,,M,,,accela,2026-03-30T20:55:07.521707,Unknown,
1401,143,"2902 ADELINE St",TBD,"Completeness Review",Completed,2016-08-19,,SL,,,accela,2026-03-30T20:55:07.521724,Unknown,
1402,143,"2902 ADELINE St",TBD,"Completeness Review",Completed,2016-09-30,,M,,,accela,2026-03-30T20:55:07.521740,Unknown,
1403,143,"2902 ADELINE St",TBD,"Completeness Review","No Notice Required",2016-08-12,,SL,,,accela,2026-03-30T20:55:07.521755,Unknown,
1404,143,"2902 ADELINE St",TBD,"Completeness Review","No Notice Required",2016-09-08,,M,,,accela,2026-03-30T20:55:07.521771,Unknown,
1405,143,"2902 ADELINE St",TBD,"Completeness Review",Completed,2016-08-12,,SL,,,accela,2026-03-30T20:55:07.521787,Unknown,
1406,143,"2902 ADELINE St",TBD,"Completeness Review",Completed,2016-09-09,,M,,,accela,2026-03-30T20:55:07.521802,Unknown,
1407,143,"2902 ADELINE St",TBD,"Completeness Review","Continued off Calendar",2016-08-18,,SL,,,accela,2026-03-30T20:55:07.521850,Unknown,
1408,143,"2902 ADELINE St",TBD,"Completeness Review",Approved,2016-09-15,,M,,,accela,2026-03-30T20:55:07.521865,Unknown,
1409,143,"2902 ADELINE St",TBD,"Case Closed",Approved,2016-09-30,,M,,,accela,2026-03-30T20:55:07.521883,Unknown,
1410,143,"2902 ADELINE St",TBD,"Completeness Review","Incomplete Pending Applicant",2015-10-08,,"Victoria Schlepp",,,accela,2026-03-30T20:55:07.521993,Unknown,
1411,143,"2902 ADELINE St",TBD,"Case Closed",Approved,2017-05-03,,"Victoria Schlepp",,,accela,2026-03-30T20:55:07.522018,Unknown,
1412,143,"2902 ADELINE St",TBD,"Completeness Review",Void,2015-08-21,,"Victoria Schlepp",,,accela,2026-03-30T20:55:07.522233,Unknown,
1413,143,"2902 ADELINE St",TBD,Appeal,Void,2015-08-21,,"Victoria Schlepp",,,accela,2026-03-30T20:55:07.522677,Unknown,
1414,143,"2902 ADELINE St",TBD,"Case Closed",Void,2015-08-21,,"Victoria Schlepp",,,accela,2026-03-30T20:55:07.523213,Unknown,
1415,143,"2902 ADELINE St",TBD,"Case Closed","Plan Distribution",2021-09-20,,"Chandra Vogt",,,accela,2026-03-30T20:55:07.523327,Unknown,
1416,143,"2902 ADELINE St",TBD,"Case Closed","Plan Distribution",2022-01-04,,"Autumn Maltbie",,,accela,2026-03-30T20:55:07.523346,Unknown,
1417,143,"2902 ADELINE St",TBD,"Case Closed","Plan Distribution",2022-02-23,,"Autumn Maltbie",,,accela,2026-03-30T20:55:07.523362,Unknown,
1418,143,"2902 ADELINE St",TBD,"Case Closed","Plan Distribution",2022-04-06,,"Autumn Maltbie",,,accela,2026-03-30T20:55:07.523378,Unknown,
1419,143,"2902 ADELINE St",TBD,"Case Closed","Documents Uploaded",2024-04-02,,ADM,,,accela,2026-03-30T20:55:07.523394,Unknown,
1420,143,"2902 ADELINE St",TBD,"Case Closed","Documents Uploaded",2024-09-06,,ADM,,,accela,2026-03-30T20:55:07.523417,Unknown,
1421,143,"2902 ADELINE St",TBD,"Case Closed","Documents Uploaded",2024-09-16,,ADM,,,accela,2026-03-30T20:55:07.523434,Unknown,
1422,143,"2902 ADELINE St",TBD,"Case Closed",Auto-Closed,2024-09-16,,ADM,,,accela,2026-03-30T20:55:07.523449,Unknown,
1423,143,"2902 ADELINE St",TBD,"Case Closed","Documents Uploaded",2024-09-18,,ADM,,,accela,2026-03-30T20:55:07.523510,Unknown,
1424,143,"2902 ADELINE St",TBD,"Case Closed",Auto-Closed,2024-09-18,,ADM,,,accela,2026-03-30T20:55:07.523526,Unknown,
1425,143,"2902 ADELINE St",TBD,"Case Closed","Documents Uploaded",2024-09-23,,ADM,,,accela,2026-03-30T20:55:07.523557,Unknown,
1426,143,"2902 ADELINE St",TBD,"Case Closed","Documents Uploaded",2024-10-17,,ADM,,,accela,2026-03-30T20:55:07.523572,Unknown,
1427,143,"2902 ADELINE St",TBD,"Case Closed","Documents Uploaded",2024-10-30,,ADM,,,accela,2026-03-30T20:55:07.523588,Unknown,
1428,143,"2902 ADELINE St",TBD,"Case Closed","Documents Uploaded",2024-10-31,,ADM,,,accela,2026-03-30T20:55:07.523603,Unknown,
1429,143,"2902 ADELINE St",TBD,"Case Closed",Auto-Closed,2024-10-31,,ADM,,,accela,2026-03-30T20:55:07.523618,Unknown,
1430,143,"2902 ADELINE St",TBD,"Case Closed","Documents Uploaded",2025-10-06,,ADM,,,accela,2026-03-30T20:55:07.523634,Unknown,
1431,143,"2902 ADELINE St",TBD,"Case Closed",Auto-Closed,2025-10-06,,ADM,,,accela,2026-03-30T20:55:07.523649,Unknown,
1432,143,"2902 ADELINE St",TBD,"Case Closed","Documents Uploaded",2025-11-11,,ADM,,,accela,2026-03-30T20:55:07.523681,Unknown,
1433,143,"2902 ADELINE St",TBD,"Case Closed",Auto-Closed,2025-11-11,,ADM,,,accela,2026-03-30T20:55:07.523697,Unknown,
1434,143,"2902 ADELINE St",TBD,"Case Closed","Documents Uploaded",2025-11-19,,ADM,,,accela,2026-03-30T20:55:07.523806,Unknown,
1435,143,"2902 ADELINE St",TBD,"Case Closed",Auto-Closed,2025-11-19,,ADM,,,accela,2026-03-30T20:55:07.523822,Unknown,
1436,143,"2902 ADELINE St",TBD,"Case Closed","Documents Uploaded",2026-01-08,,ADM,,,accela,2026-03-30T20:55:07.523855,Unknown,
1437,143,"2902 ADELINE St",TBD,"Case Closed",Auto-Closed,2026-01-08,,ADM,,,accela,2026-03-30T20:55:07.523873,Unknown,
1438,143,"2902 ADELINE St",TBD,"Case Closed","Documents Uploaded",2026-03-03,,ADM,,,accela,2026-03-30T20:55:07.523906,Unknown,
1439,143,"2902 ADELINE St",TBD,"Case Closed",Route,2021-09-20,,"Chandra Vogt",,,accela,2026-03-30T20:55:07.523987,Unknown,
1440,143,"2902 ADELINE St",TBD,"Case Closed",Route,2022-01-04,,"Autumn Maltbie",,,accela,2026-03-30T20:55:07.524003,Unknown,
1441,143,"2902 ADELINE St",TBD,"Case Closed",Route,2022-02-23,,"Autumn Maltbie",,,accela,2026-03-30T20:55:07.524019,Unknown,
1442,143,"2902 ADELINE St",TBD,"Case Closed",Route,2022-04-06,,"Autumn Maltbie",,,accela,2026-03-30T20:55:07.524034,Unknown,
1443,143,"2902 ADELINE St",TBD,"Building and Safety Review",Assigned,2021-09-22,,"Kong Chung",,,accela,2026-03-30T20:55:07.524050,Unknown,
1444,143,"2902 ADELINE St",TBD,"Building and Safety Review",Corrections,2021-11-02,,"Kong Chung",,,accela,2026-03-30T20:55:07.524066,Unknown,
1445,143,"2902 ADELINE St",TBD,"Building and Safety Review",Corrections,2022-01-26,,"Kong Chung",,,accela,2026-03-30T20:55:07.524082,Unknown,
1446,143,"2902 ADELINE St",TBD,"Building and Safety Review","Approved w/Conditions",2022-03-16,,"Andrew Cockrell",,,accela,2026-03-30T20:55:07.524115,Unknown,
1447,143,"2902 ADELINE St",TBD,"Building and Safety Review","Approved w/Conditions",2022-05-17,,"Kong Chung",,,accela,2026-03-30T20:55:07.524183,Unknown,
1448,143,"2902 ADELINE St",TBD,"Zoning Review",Assigned,2021-09-22,,MJ,,,accela,2026-03-30T20:55:07.524215,Unknown,
1449,143,"2902 ADELINE St",TBD,"Zoning Review",Corrections,2021-11-03,,"Ashley James",,,accela,2026-03-30T20:55:07.524232,Unknown,
1450,143,"2902 ADELINE St",TBD,"Zoning Review",Corrections,2022-01-27,,"Ashley James",,,accela,2026-03-30T20:55:07.524248,Unknown,
1451,143,"2902 ADELINE St",TBD,"Zoning Review",Approved,2022-03-09,,"Ashley James",,,accela,2026-03-30T20:55:07.524264,Unknown,
1452,143,"2902 ADELINE St",TBD,"Zoning Review",Approved,2022-04-27,,"Sharon Gong",,,accela,2026-03-30T20:55:07.524280,Unknown,
1453,143,"2902 ADELINE St",TBD,"Fire Review",Corrections,2021-11-09,,"Jesus Del",,,accela,2026-03-30T20:55:07.524297,Unknown,
1454,143,"2902 ADELINE St",TBD,"Fire Review",Corrections,2022-01-27,,"Jesus Del",,,accela,2026-03-30T20:55:07.524313,Unknown,
1455,143,"2902 ADELINE St",TBD,"Fire Review",Corrections,2022-03-16,,"Jesus Del",,,accela,2026-03-30T20:55:07.524329,Unknown,
1456,143,"2902 ADELINE St",TBD,"Fire Review","Approved w/Conditions",2022-04-28,,"Jesus Del",,,accela,2026-03-30T20:55:07.524345,Unknown,
1457,143,"2902 ADELINE St",TBD,"Public Works Review",Corrections,2021-10-18,,,,,accela,2026-03-30T20:55:07.524375,Unknown,
1458,143,"2902 ADELINE St",TBD,"Public Works Review",Corrections,2022-01-25,,,,,accela,2026-03-30T20:55:07.524391,Unknown,
1459,143,"2902 ADELINE St",TBD,"Public Works Review",Corrections,2022-03-09,,,,,accela,2026-03-30T20:55:07.524406,Unknown,
1460,143,"2902 ADELINE St",TBD,"Public Works Review",Approved,2022-04-07,,,,,accela,2026-03-30T20:55:07.524422,Unknown,
1461,143,"2902 ADELINE St",TBD,"Public Works Review",Approved,2021-09-28,,"Ray Davis",,,accela,2026-03-30T20:55:07.524445,Unknown,
1462,143,"2902 ADELINE St",TBD,"Public Works Review",Assigned,2021-09-23,,MJ,,,accela,2026-03-30T20:55:07.524462,Unknown,
1463,143,"2902 ADELINE St",TBD,"Public Works Review",Corrections,2021-11-02,,M,,,accela,2026-03-30T20:55:07.524478,Unknown,
1464,143,"2902 ADELINE St",TBD,"Public Works Review","Approved w/Conditions",2022-01-26,,M,,,accela,2026-03-30T20:55:07.524494,Unknown,
1465,143,"2902 ADELINE St",TBD,"Public Works Review","Approved w/Conditions",2022-03-16,,M,,,accela,2026-03-30T20:55:07.524524,Unknown,
1466,143,"2902 ADELINE St",TBD,"Public Works Review","Approved w/Conditions",2022-04-28,,M,,,accela,2026-03-30T20:55:07.524552,Unknown,
1467,143,"2902 ADELINE St",TBD,"PSC Review",Corrections,2021-11-09,,"Deborah Cowans",,,accela,2026-03-30T20:55:07.524582,Unknown,
1468,143,"2902 ADELINE St",TBD,"PSC Review",Corrections,2022-01-28,,"Mariafelisa Baber",,,accela,2026-03-30T20:55:07.524598,Unknown,
1469,143,"2902 ADELINE St",TBD,"PSC Review",Corrections,2022-03-21,,"Deborah Cowans",,,accela,2026-03-30T20:55:07.524615,Unknown,
1470,143,"2902 ADELINE St",TBD,"PSC Review","Approved w/Conditions",2022-05-18,,"Mariafelisa Baber",,,accela,2026-03-30T20:55:07.524632,Unknown,
1471,143,"2902 ADELINE St",TBD,"Consolidated Comments","Corrections List Issued",2021-11-09,,"Deborah Cowans",,,accela,2026-03-30T20:55:07.524651,Unknown,
1472,143,"2902 ADELINE St",TBD,"Consolidated Comments",Resubmittal1,2022-01-04,,"Autumn Maltbie",,,accela,2026-03-30T20:55:07.524667,Unknown,
1473,143,"2902 ADELINE St",TBD,"Consolidated Comments","Corrections List Issued",2022-01-28,,"Mariafelisa Baber",,,accela,2026-03-30T20:55:07.524684,Unknown,
1474,143,"2902 ADELINE St",TBD,"Consolidated Comments",Resubmittal2,2022-02-23,,"Autumn Maltbie",,,accela,2026-03-30T20:55:07.524702,Unknown,
1475,143,"2902 ADELINE St",TBD,"Consolidated Comments","Corrections List Issued",2022-03-21,,"Deborah Cowans",,,accela,2026-03-30T20:55:07.524718,Unknown,
1476,143,"2902 ADELINE St",TBD,"Consolidated Comments",Resubmittal3,2022-04-06,,"Autumn Maltbie",,,accela,2026-03-30T20:55:07.524734,Unknown,
1477,143,"2902 ADELINE St",TBD,"Consolidated Comments",Auto-Closed,2024-04-02,,ADM,,,accela,2026-03-30T20:55:07.524750,Unknown,
1478,143,"2902 ADELINE St",TBD,"Consolidated Comments",Auto-Closed,2024-09-06,,ADM,,,accela,2026-03-30T20:55:07.524773,Unknown,
1479,143,"2902 ADELINE St",TBD,"Consolidated Comments",Auto-Closed,2024-09-16,,ADM,,,accela,2026-03-30T20:55:07.524854,Unknown,
1480,143,"2902 ADELINE St",TBD,"Consolidated Comments",Auto-Closed,2024-09-18,,ADM,,,accela,2026-03-30T20:55:07.524936,Unknown,
1481,143,"2902 ADELINE St",TBD,"Consolidated Comments",Auto-Closed,2024-09-23,,ADM,,,accela,2026-03-30T20:55:07.524983,Unknown,
1482,143,"2902 ADELINE St",TBD,"Consolidated Comments",Auto-Closed,2024-10-17,,ADM,,,accela,2026-03-30T20:55:07.525006,Unknown,
1483,143,"2902 ADELINE St",TBD,"Consolidated Comments",Auto-Closed,2024-10-30,,ADM,,,accela,2026-03-30T20:55:07.525030,Unknown,
1484,143,"2902 ADELINE St",TBD,"Consolidated Comments","Ready To Issue",2024-10-31,,"Autumn Maltbie",,,accela,2026-03-30T20:55:07.525055,Unknown,
1485,143,"2902 ADELINE St",TBD,"Consolidated Comments",Auto-Closed,2024-10-31,,ADM,,,accela,2026-03-30T20:55:07.525071,Unknown,
1486,143,"2902 ADELINE St",TBD,Issuance,Issued,2025-02-27,,"Ramona Smith",,,accela,2026-03-30T20:55:07.525096,Unknown,
1487,143,"2902 ADELINE St",TBD,Inspection,Auto-Closed,2025-10-06,,ADM,,,accela,2026-03-30T20:55:07.525114,Unknown,
1488,143,"2902 ADELINE St",TBD,Inspection,Auto-Closed,2025-11-11,,ADM,,,accela,2026-03-30T20:55:07.525145,Unknown,
1489,143,"2902 ADELINE St",TBD,Inspection,Auto-Closed,2025-11-19,,ADM,,,accela,2026-03-30T20:55:07.525192,Unknown,
1490,143,"2902 ADELINE St",TBD,Inspection,Auto-Closed,2026-01-08,,ADM,,,accela,2026-03-30T20:55:07.525224,Unknown,
1491,143,"2902 ADELINE St",TBD,Inspection,Auto-Closed,2026-01-23,,ADM,,,accela,2026-03-30T20:55:07.525256,Unknown,
1492,143,"2902 ADELINE St",TBD,Inspection,"Documents Uploaded",2026-03-03,,ADM,,,accela,2026-03-30T20:55:07.525271,Unknown,
1493,143,"2902 ADELINE St",TBD,Inspection,"Plan Distribution",2021-11-30,,"Chandra Vogt",,,accela,2026-03-30T20:55:07.525555,Unknown,
1494,143,"2902 ADELINE St",TBD,Inspection,"Plan Distribution",2022-01-26,,"Shanitra Roan",,,accela,2026-03-30T20:55:07.525574,Unknown,
1495,143,"2902 ADELINE St",TBD,Inspection,"Plan Distribution",2022-03-14,,"Shanitra Roan",,,accela,2026-03-30T20:55:07.525591,Unknown,
1496,143,"2902 ADELINE St",TBD,Inspection,"Documents Uploaded",2024-02-26,,ADM,,,accela,2026-03-30T20:55:07.525608,Unknown,
1497,143,"2902 ADELINE St",TBD,Inspection,"Pending Payment",2021-11-30,,"Chandra Vogt",,,accela,2026-03-30T20:55:07.525632,Unknown,
1498,143,"2902 ADELINE St",TBD,Inspection,Route,2021-12-16,,"Yolanda Fernandez",,,accela,2026-03-30T20:55:07.525649,Unknown,
1499,143,"2902 ADELINE St",TBD,Inspection,Route,2022-01-26,,"Shanitra Roan",,,accela,2026-03-30T20:55:07.525672,Unknown,
1500,143,"2902 ADELINE St",TBD,Inspection,Route,2022-03-14,,"Shanitra Roan",,,accela,2026-03-30T20:55:07.525688,Unknown,
1501,143,"2902 ADELINE St",TBD,"Building and Safety Review",Corrections,2021-12-23,,"Elysia Miller",,,accela,2026-03-30T20:55:07.525708,Unknown,
1502,143,"2902 ADELINE St",TBD,"Building and Safety Review","Approved w/Conditions",2022-02-02,,"Elysia Miller",,,accela,2026-03-30T20:55:07.525725,Unknown,
1503,143,"2902 ADELINE St",TBD,"Zoning Review",Assigned,2021-12-17,,MJ,,,accela,2026-03-30T20:55:07.525749,Unknown,
1504,143,"2902 ADELINE St",TBD,"Zoning Review",Corrections,2021-12-23,,"Ashley James",,,accela,2026-03-30T20:55:07.525765,Unknown,
1505,143,"2902 ADELINE St",TBD,"Zoning Review",Corrections,2022-02-02,,"Ashley James",,,accela,2026-03-30T20:55:07.525781,Unknown,
1506,143,"2902 ADELINE St",TBD,"Zoning Review",Approved,2022-03-15,,"Ashley James",,,accela,2026-03-30T20:55:07.525797,Unknown,
1507,143,"2902 ADELINE St",TBD,"Fire Review","Approved w/Conditions",2021-12-28,,"Jesus Del",,,accela,2026-03-30T20:55:07.525814,Unknown,
1508,143,"2902 ADELINE St",TBD,"Fire Review",Approved,2021-12-28,,,,,accela,2026-03-30T20:55:07.525838,Unknown,
1509,143,"2902 ADELINE St",TBD,"Public Works Review",Corrections,2021-12-16,,,,,accela,2026-03-30T20:55:07.525855,Unknown,
1510,143,"2902 ADELINE St",TBD,"Public Works Review",Corrections,2022-01-26,,,,,accela,2026-03-30T20:55:07.525871,Unknown,
1511,143,"2902 ADELINE St",TBD,"Public Works Review",Approved,2022-03-15,,,,,accela,2026-03-30T20:55:07.525887,Unknown,
1512,143,"2902 ADELINE St",TBD,"Public Works Review",Corrections,2022-01-04,,jc,,,accela,2026-03-30T20:55:07.525904,Unknown,
1513,143,"2902 ADELINE St",TBD,"Public Works Review",Corrections,2022-02-03,,jc,,,accela,2026-03-30T20:55:07.525920,Unknown,
1514,143,"2902 ADELINE St",TBD,"Public Works Review",Approved,2022-03-21,,jc,,,accela,2026-03-30T20:55:07.525937,Unknown,
1515,143,"2902 ADELINE St",TBD,"PSC Review",Corrections,2022-01-04,,"Mariafelisa Baber",,,accela,2026-03-30T20:55:07.525962,Unknown,
1516,143,"2902 ADELINE St",TBD,"PSC Review",Corrections,2022-02-04,,"Deborah Cowans",,,accela,2026-03-30T20:55:07.525978,Unknown,
1517,143,"2902 ADELINE St",TBD,"PSC Review","Approved w/Conditions",2022-03-22,,"Mariafelisa Baber",,,accela,2026-03-30T20:55:07.525995,Unknown,
1518,143,"2902 ADELINE St",TBD,"Consolidated Comments","Corrections List Issued",2022-01-04,,"Mariafelisa Baber",,,accela,2026-03-30T20:55:07.526012,Unknown,
1519,143,"2902 ADELINE St",TBD,"Consolidated Comments",Resubmittal1,2022-01-26,,"Shanitra Roan",,,accela,2026-03-30T20:55:07.526028,Unknown,
1520,143,"2902 ADELINE St",TBD,"Consolidated Comments","Corrections List Issued",2022-02-04,,"Deborah Cowans",,,accela,2026-03-30T20:55:07.526044,Unknown,
1521,143,"2902 ADELINE St",TBD,"Consolidated Comments",Resubmittal2,2022-03-14,,"Shanitra Roan",,,accela,2026-03-30T20:55:07.526060,Unknown,
1522,143,"2902 ADELINE St",TBD,"Consolidated Comments","Ready To Issue",2022-04-27,,"Autumn Maltbie",,,accela,2026-03-30T20:55:07.526077,Unknown,
1523,143,"2902 ADELINE St",TBD,Issuance,Issued,2022-04-27,,"Autumn Maltbie",,,accela,2026-03-30T20:55:07.526094,Unknown,
1524,143,"2902 ADELINE St",TBD,Inspection,Auto-Closed,2024-02-26,,ADM,,,accela,2026-03-30T20:55:07.526111,Unknown,
1525,26,"ZP2024-0126 2298 DURANT Ave",ZP2024-0126,"Completeness Review","Incomplete Pending Applicant",2024-10-04,,"Allison Riemer",,,accela,2026-03-30T20:55:07.526667,Planning,
1526,26,"ZP2024-0126 2298 DURANT Ave",ZP2024-0126,"Completeness Review","Application Complete",2024-10-21,,"Allison Riemer",,,accela,2026-03-30T20:55:07.526678,Planning,
1527,26,"ZP2024-0126 2298 DURANT Ave",ZP2024-0126,"Application Processing","Corrections - Pending Applicant",2024-11-20,,"Allison Riemer",,,accela,2026-03-30T20:55:07.526692,Planning,
1528,26,"ZP2024-0126 2298 DURANT Ave",ZP2024-0126,"Application Processing","Resubmittal - Pending Staff Review",2025-02-07,,"Allison Riemer",,,accela,2026-03-30T20:55:07.526702,Planning,
1529,26,"ZP2024-0126 2298 DURANT Ave",ZP2024-0126,"Application Processing","Corrections - Pending Applicant",2025-03-07,,"Allison Riemer",,,accela,2026-03-30T20:55:07.526712,Planning,
1530,26,"ZP2024-0126 2298 DURANT Ave",ZP2024-0126,"Application Processing","Resubmittal - Pending Staff Review",2025-04-18,,"Allison Riemer",,,accela,2026-03-30T20:55:07.526721,Planning,
1531,26,"ZP2024-0126 2298 DURANT Ave",ZP2024-0126,"Application Processing","Corrections - Pending Applicant",2025-05-16,,"Allison Riemer",,,accela,2026-03-30T20:55:07.526730,Planning,
1532,26,"ZP2024-0126 2298 DURANT Ave",ZP2024-0126,"Application Processing","Resubmittal - Pending Staff Review",2025-06-27,,"Allison Riemer",,,accela,2026-03-30T20:55:07.526740,Planning,
1533,26,"ZP2024-0126 2298 DURANT Ave",ZP2024-0126,"Application Processing","Resubmittal - Pending Staff Review",2025-07-25,,"Allison Riemer",,,accela,2026-03-30T20:55:07.526749,Planning,
1534,26,"ZP2024-0126 2298 DURANT Ave",ZP2024-0126,"Application Processing","Corrections - Pending Applicant",2025-07-25,,"Allison Riemer",,,accela,2026-03-30T20:55:07.526758,Planning,
1535,26,"ZP2024-0126 2298 DURANT Ave",ZP2024-0126,"Application Processing","Corrections - Pending Applicant",2025-08-22,,"Allison Riemer",,,accela,2026-03-30T20:55:07.526767,Planning,
1536,26,"ZP2024-0126 2298 DURANT Ave",ZP2024-0126,"Application Processing","Resubmittal - Pending Staff Review",2025-09-11,,"Allison Riemer",,,accela,2026-03-30T20:55:07.526776,Planning,
1537,26,"ZP2024-0126 2298 DURANT Ave",ZP2024-0126,"Application Processing","Pending Final Action",2025-10-09,,"Allison Riemer",,,accela,2026-03-30T20:55:07.526785,Planning,
1538,26,"ZP2024-0126 2298 DURANT Ave",ZP2024-0126,"CEQA Determination","Categorically Exempt",2025-10-09,,"Allison Riemer",,,accela,2026-03-30T20:55:07.526798,Planning,
1539,26,"ZP2024-0126 2298 DURANT Ave",ZP2024-0126,Appeal,"Appeal to City Council",2025-11-17,,"Allison Riemer",,,accela,2026-03-30T20:55:07.526820,Planning,
1540,153,"1701 SAN PABLO Ave",TBD,"Case Closed","Research Completed",2025-02-24,,"Samella Stover",,,accela,2026-03-30T20:55:07.527433,Unknown,
1541,153,"1701 SAN PABLO Ave",TBD,"Completeness Review",Void,2023-01-18,,SU,,,accela,2026-03-30T20:55:07.527532,Unknown,
1542,153,"1701 SAN PABLO Ave",TBD,"CEQA Determination",Void,2023-01-18,,SU,,,accela,2026-03-30T20:55:07.527545,Unknown,
1543,153,"1701 SAN PABLO Ave",TBD,"Staff Decision",Void,2023-01-18,,SU,,,accela,2026-03-30T20:55:07.527556,Unknown,
1544,153,"1701 SAN PABLO Ave",TBD,Appeal,Void,2023-01-18,,SU,,,accela,2026-03-30T20:55:07.527567,Unknown,
1545,153,"1701 SAN PABLO Ave",TBD,"Hearing Notice",Void,2023-01-18,,SU,,,accela,2026-03-30T20:55:07.527577,Unknown,
1546,153,"1701 SAN PABLO Ave",TBD,"Public Hearing",Void,2023-01-18,,SU,,,accela,2026-03-30T20:55:07.527589,Unknown,
1547,153,"1701 SAN PABLO Ave",TBD,"Notice of Decision",Void,2023-01-18,,SU,,,accela,2026-03-30T20:55:07.527599,Unknown,
1548,153,"1701 SAN PABLO Ave",TBD,"Case Closed",Void,2023-01-18,,SU,,,accela,2026-03-30T20:55:07.527608,Unknown,
1549,153,"1701 SAN PABLO Ave",TBD,"Completeness Review",Complete,2013-07-31,,RW,,,accela,2026-03-30T20:55:07.527747,Unknown,
1550,153,"1701 SAN PABLO Ave",TBD,"Zoning Certificate","Continuing legal use",2013-05-01,,RW,,,accela,2026-03-30T20:55:07.527758,Unknown,
1551,153,"1701 SAN PABLO Ave",TBD,"Case Closed",Approved,2013-08-08,,RW,,,accela,2026-03-30T20:55:07.527767,Unknown,
1552,153,"1701 SAN PABLO Ave",TBD,"Completeness Review",Complete,2010-06-24,,"AA CONV",,,accela,2026-03-30T20:55:07.527847,Unknown,
1553,153,"1701 SAN PABLO Ave",TBD,"Case Closed",Completed,2010-09-03,,"AA CONV",,,accela,2026-03-30T20:55:07.527896,Unknown,
1554,153,"1701 SAN PABLO Ave",TBD,"Completeness Review",Complete,2010-07-28,,"AA CONV",,,accela,2026-03-30T20:55:07.527940,Unknown,
1555,153,"1701 SAN PABLO Ave",TBD,"Case Closed",Completed,2010-07-28,,"AA CONV",,,accela,2026-03-30T20:55:07.528002,Unknown,
1556,15,"ZP2024-0066 2109 VIRGINIA St",ZP2024-0066,"Completeness Review  Marked as Application Complete on 07/03/2024 by Cecelia Mariscal","Application Complete",2024-07-03,,"Cecelia Mariscal",,,accela,2026-03-30T20:55:07.528476,Planning,
1557,15,"ZP2024-0066 2109 VIRGINIA St",ZP2024-0066,"Completeness Review  Marked as Incomplete Pending Applicant on 07/03/2024 by Cecelia Mariscal","Incomplete Pending Applicant",2024-07-03,,"Cecelia Mariscal",,,accela,2026-03-30T20:55:07.528488,Planning,
1558,15,"ZP2024-0066 2109 VIRGINIA St",ZP2024-0066,"Application Processing  Marked as Pending Final Action on 07/10/2024 by Cecelia Mariscal","Pending Final Action",2024-07-10,,"Cecelia Mariscal",,,accela,2026-03-30T20:55:07.528499,Planning,
1559,16,"ZP2023-0058 2720 SAN PABLO Ave",ZP2023-0058,"Completeness Review  Marked as Incomplete Pending Applicant on 06/20/2023 by Katrina Lapira (due 06/19/2023, assigned to Allison Riemer)","Incomplete Pending Applicant",2023-06-20,,"Katrina Lapira",,,accela,2026-03-30T20:55:07.529554,Planning,
1560,16,"ZP2023-0058 2720 SAN PABLO Ave",ZP2023-0058,"Completeness Review  Marked as Resubmittal Pending Staff on 09/15/2023 by Katrina Lapira (due 10/16/2023, assigned to TBD)","Resubmittal Pending Staff",2023-09-15,,"Katrina Lapira",,,accela,2026-03-30T20:55:07.529568,Planning,
1561,16,"ZP2023-0058 2720 SAN PABLO Ave",ZP2023-0058,"Completeness Review  Marked as Incomplete Pending Applicant on 10/16/2023 by Katrina Lapira (due 01/15/2024, assigned to TBD)","Incomplete Pending Applicant",2023-10-16,,"Katrina Lapira",,,accela,2026-03-30T20:55:07.529579,Planning,
1562,92,"ZP2024-0122 3036 REGENT St",ZP2024-0122,"Completeness Review","Application Complete",2024-10-07,,"Samella Stover",,,accela,2026-03-30T20:55:07.529901,Planning,
1563,92,"ZP2024-0122 3036 REGENT St",ZP2024-0122,"Completeness Review",Withdrawn,2026-03-03,,"Boshi Fu",,,accela,2026-03-30T20:55:07.529910,Planning,
1564,92,"ZP2024-0122 3036 REGENT St",ZP2024-0122,"Application Processing","Corrections - Pending Applicant",2024-12-09,,"Boshi Fu",,,accela,2026-03-30T20:55:07.529929,Planning,
1565,92,"ZP2024-0122 3036 REGENT St",ZP2024-0122,"Application Processing","Resubmittal - Pending Staff Review",2025-12-05,,"Boshi Fu",,,accela,2026-03-30T20:55:07.529945,Planning,
1566,92,"ZP2024-0122 3036 REGENT St",ZP2024-0122,"Application Processing","Corrections - Pending Applicant",2025-12-19,,"Boshi Fu",,,accela,2026-03-30T20:55:07.529954,Planning,
1567,92,"ZP2024-0122 3036 REGENT St",ZP2024-0122,"Application Processing","Resubmittal - Pending Staff Review",2026-02-17,,"Boshi Fu",,,accela,2026-03-30T20:55:07.529964,Planning,
1568,92,"ZP2024-0122 3036 REGENT St",ZP2024-0122,"Application Processing",Withdrawn,2026-03-03,,"Boshi Fu",,,accela,2026-03-30T20:55:07.529972,Planning,
1569,92,"ZP2024-0122 3036 REGENT St",ZP2024-0122,"CEQA Determination",Withdrawn,2026-03-03,,"Boshi Fu",,,accela,2026-03-30T20:55:07.529987,Planning,
1570,92,"ZP2024-0122 3036 REGENT St",ZP2024-0122,"Staff Decision",Withdrawn,2026-03-03,,"Boshi Fu",,,accela,2026-03-30T20:55:07.529999,Planning,
1571,92,"ZP2024-0122 3036 REGENT St",ZP2024-0122,Appeal,Withdrawn,2026-03-03,,"Boshi Fu",,,accela,2026-03-30T20:55:07.530011,Planning,
1572,92,"ZP2024-0122 3036 REGENT St",ZP2024-0122,"Hearing Notice",Withdrawn,2026-03-03,,"Boshi Fu",,,accela,2026-03-30T20:55:07.530022,Planning,
1573,92,"ZP2024-0122 3036 REGENT St",ZP2024-0122,"Public Hearing",Withdrawn,2026-03-03,,"Boshi Fu",,,accela,2026-03-30T20:55:07.530034,Planning,
1574,92,"ZP2024-0122 3036 REGENT St",ZP2024-0122,"Notice of Decision",Withdrawn,2026-03-03,,"Boshi Fu",,,accela,2026-03-30T20:55:07.530046,Planning,
1575,92,"ZP2024-0122 3036 REGENT St",ZP2024-0122,"Case Closed",Withdrawn,2026-03-03,,"Boshi Fu",,,accela,2026-03-30T20:55:07.530057,Planning,
1576,17,"ZP2023-0099 2109 MILVIA St",ZP2023-0099,"Completeness Review  Marked as Incomplete Pending Applicant on 09/13/2023 by Sharon Gong (due 09/18/2023, assigned to TBD)","Incomplete Pending Applicant",2023-09-13,,"Sharon Gong",,,accela,2026-03-30T20:55:07.530401,Planning,
1577,17,"ZP2023-0099 2109 MILVIA St",ZP2023-0099,"Completeness Review  Marked as Incomplete Pending Applicant on 12/13/2023 by Sharon Gong (due 09/18/2023, assigned to TBD)","Incomplete Pending Applicant",2023-12-13,,"Sharon Gong",,,accela,2026-03-30T20:55:07.530412,Planning,
1578,17,"ZP2023-0099 2109 MILVIA St",ZP2023-0099,"Completeness Review  Marked as Application Complete on 04/11/2024 by Sharon Gong (due 09/18/2023, assigned to TBD)","Application Complete",2024-04-11,,"Sharon Gong",,,accela,2026-03-30T20:55:07.530423,Planning,
1579,17,"ZP2023-0099 2109 MILVIA St",ZP2023-0099,"CEQA Determination  Marked as Categorically Exempt on 04/11/2024 by Sharon Gong (due 05/16/2024, assigned to TBD)","Categorically Exempt",2024-04-11,,"Sharon Gong",,,accela,2026-03-30T20:55:07.530434,Planning,
1580,94,"2145 GRANT St",TBD,"Completeness Review [COMPLETE]","Incomplete Pending Applicant",2024-09-24,,"Samella Stover",,,accela,2026-03-30T20:55:07.531647,Unknown,
1581,94,"2145 GRANT St",TBD,"Completeness Review [COMPLETE]","Resubmittal Pending Staff",2024-10-23,,"Samella Stover",,,accela,2026-03-30T20:55:07.531662,Unknown,
1582,94,"2145 GRANT St",TBD,"Completeness Review [COMPLETE]","Application Complete",2024-10-24,,"Samella Stover",,,accela,2026-03-30T20:55:07.531671,Unknown,
1583,94,"2145 GRANT St",TBD,"Application Processing [COMPLETE]","Corrections - Pending Applicant",2024-11-21,,"Allison Riemer",,,accela,2026-03-30T20:55:07.531685,Unknown,
1584,94,"2145 GRANT St",TBD,"Application Processing [COMPLETE]","Resubmittal - Pending Staff Review",2025-02-13,,"Allison Riemer",,,accela,2026-03-30T20:55:07.531695,Unknown,
1585,94,"2145 GRANT St",TBD,"Application Processing [COMPLETE]","Corrections - Pending Applicant",2025-03-13,,"Allison Riemer",,,accela,2026-03-30T20:55:07.531704,Unknown,
1586,94,"2145 GRANT St",TBD,"Application Processing [COMPLETE]","Resubmittal - Pending Staff Review",2025-03-13,,"Allison Riemer",,,accela,2026-03-30T20:55:07.531714,Unknown,
1587,94,"2145 GRANT St",TBD,"Application Processing [COMPLETE]","Resubmittal - Pending Staff Review",2025-04-02,,"Allison Riemer",,,accela,2026-03-30T20:55:07.531723,Unknown,
1588,94,"2145 GRANT St",TBD,"Application Processing [COMPLETE]","Corrections - Pending Applicant",2025-05-02,,"Allison Riemer",,,accela,2026-03-30T20:55:07.531732,Unknown,
1589,94,"2145 GRANT St",TBD,"Application Processing [COMPLETE]","Resubmittal - Pending Staff Review",2025-05-16,,"Allison Riemer",,,accela,2026-03-30T20:55:07.531743,Unknown,
1590,94,"2145 GRANT St",TBD,"Application Processing [COMPLETE]","Corrections - Pending Applicant",2025-06-12,,"Allison Riemer",,,accela,2026-03-30T20:55:07.531752,Unknown,
1591,94,"2145 GRANT St",TBD,"Application Processing [COMPLETE]","Resubmittal - Pending Staff Review",2025-07-02,,"Allison Riemer",,,accela,2026-03-30T20:55:07.531761,Unknown,
1592,94,"2145 GRANT St",TBD,"Application Processing [COMPLETE]","Corrections - Pending Applicant",2025-07-30,,"Allison Riemer",,,accela,2026-03-30T20:55:07.531771,Unknown,
1593,94,"2145 GRANT St",TBD,"Application Processing [COMPLETE]","Pending Final Action",2025-12-11,,"Boshi Fu",,,accela,2026-03-30T20:55:07.531780,Unknown,
1594,94,"2145 GRANT St",TBD,"CEQA Determination [COMPLETE]","Categorically Exempt",2026-02-26,,"Boshi Fu",,,accela,2026-03-30T20:55:07.531794,Unknown,
1595,119,"1974 SHATTUCK Ave",TBD,Unknown,"Incomplete Pending Applicant",2023-04-25,,"Sharon Gong",,,accela,2026-03-30T20:55:07.532216,Unknown,
1596,119,"1974 SHATTUCK Ave",TBD,Unknown,"Incomplete Pending Applicant",2023-08-18,,"Sharon Gong",,,accela,2026-03-30T20:55:07.532228,Unknown,
1597,119,"1974 SHATTUCK Ave",TBD,Unknown,"Application Complete",2024-04-11,,"Sharon Gong",,,accela,2026-03-30T20:55:07.532238,Unknown,
1598,119,"1974 SHATTUCK Ave",TBD,Unknown,"Categorically Exempt",2024-11-19,,"Sharon Gong",,,accela,2026-03-30T20:55:07.532250,Unknown,
1599,119,"1974 SHATTUCK Ave",TBD,Unknown,Approved,2025-02-27,,MJ,,,accela,2026-03-30T20:55:07.532264,Unknown,
1600,119,"1974 SHATTUCK Ave",TBD,Unknown,"Appeal to City Council",2025-03-19,,MJ,,,accela,2026-03-30T20:55:07.532275,Unknown,
1601,119,"1974 SHATTUCK Ave",TBD,Unknown,"Notice Issued",2025-05-20,,"Sharon Gong",,,accela,2026-03-30T20:55:07.532287,Unknown,
1602,119,"1974 SHATTUCK Ave",TBD,Unknown,"City Council Approved",2025-06-03,,"Sharon Gong",,,accela,2026-03-30T20:55:07.532298,Unknown,
1603,119,"1974 SHATTUCK Ave",TBD,Unknown,Approved,2025-06-03,,"Sharon Gong",,,accela,2026-03-30T20:55:07.532311,Unknown,
1604,22,"ZP2024-0071 2955 SHATTUCK Ave",TBD,Unknown,"as: Incomplete Pending Applicant |",2024-07-03,,"Katrina Lapira",,,accela,2026-03-30T20:55:07.533333,Unknown,
1605,22,"ZP2024-0071 2955 SHATTUCK Ave",TBD,Unknown,"as: Resubmittal Pending Staff |",2024-07-23,,"Katrina Lapira",,,accela,2026-03-30T20:55:07.533350,Unknown,
1606,22,"ZP2024-0071 2955 SHATTUCK Ave",TBD,Unknown,"as: Application Complete |",2024-08-21,,"Katrina Lapira",,,accela,2026-03-30T20:55:07.533361,Unknown,
1607,22,"ZP2024-0071 2955 SHATTUCK Ave",TBD,Unknown,"as: Corrections - Pending Applicant |",2024-09-19,,"Katrina Lapira",,,accela,2026-03-30T20:55:07.533375,Unknown,
1608,22,"ZP2024-0071 2955 SHATTUCK Ave",TBD,Unknown,"as: Resubmittal - Pending Staff Review |",2024-11-19,,"Allison Riemer",,,accela,2026-03-30T20:55:07.533384,Unknown,
1609,22,"ZP2024-0071 2955 SHATTUCK Ave",TBD,Unknown,"as: Corrections - Pending Applicant |",2024-12-19,,"Allison Riemer",,,accela,2026-03-30T20:55:07.533394,Unknown,
1610,22,"ZP2024-0071 2955 SHATTUCK Ave",TBD,Unknown,"as: Resubmittal - Pending Staff Review |",2025-05-21,,"Allison Riemer",,,accela,2026-03-30T20:55:07.533403,Unknown,
1611,22,"ZP2024-0071 2955 SHATTUCK Ave",TBD,Unknown,"as: Resubmittal - Pending Staff Review |",2025-06-26,,"Allison Riemer",,,accela,2026-03-30T20:55:07.533412,Unknown,
1612,22,"ZP2024-0071 2955 SHATTUCK Ave",TBD,Unknown,"as: Corrections - Pending Applicant |",2025-07-25,,"Allison Riemer",,,accela,2026-03-30T20:55:07.533421,Unknown,
1613,126,"ZP2022-0115 2427 San Pablo",TBD,Unknown,"**Incomplete Pending Applicant**",2022-10-05,,"Katrina Lapira",,,accela,2026-03-30T20:55:07.534578,Unknown,
1614,126,"ZP2022-0115 2427 San Pablo",TBD,Unknown,"**Resubmittal Pending Staff**",2022-12-05,,"Katrina Lapira",,,accela,2026-03-30T20:55:07.534588,Unknown,
1615,126,"ZP2022-0115 2427 San Pablo",TBD,Unknown,"**Incomplete Pending Applicant**",2023-01-04,,"Katrina Lapira",,,accela,2026-03-30T20:55:07.534598,Unknown,
1616,126,"ZP2022-0115 2427 San Pablo",TBD,Unknown,"**Resubmittal Pending Staff**",2023-03-03,,"Katrina Lapira",,,accela,2026-03-30T20:55:07.534607,Unknown,
1617,126,"ZP2022-0115 2427 San Pablo",TBD,Unknown,"**Incomplete Pending Applicant**",2023-04-14,,"Katrina Lapira",,,accela,2026-03-30T20:55:07.534616,Unknown,
1618,126,"ZP2022-0115 2427 San Pablo",TBD,Unknown,"**Resubmittal Pending Staff**",2023-11-20,,"Katrina Lapira",,,accela,2026-03-30T20:55:07.534624,Unknown,
1619,126,"ZP2022-0115 2427 San Pablo",TBD,Unknown,"**Incomplete Pending Applicant**",2023-12-19,,"Katrina Lapira",,,accela,2026-03-30T20:55:07.534633,Unknown,
1620,126,"ZP2022-0115 2427 San Pablo",TBD,Unknown,"**Resubmittal Pending Staff**",2024-01-16,,"Katrina Lapira",,,accela,2026-03-30T20:55:07.534642,Unknown,
1621,126,"ZP2022-0115 2427 San Pablo",TBD,Unknown,"**Application Complete**",2024-02-06,,"Katrina Lapira",,,accela,2026-03-30T20:55:07.534654,Unknown,
1622,126,"ZP2022-0115 2427 San Pablo",TBD,Unknown,"**Categorically Exempt**",2024-07-22,,MJ,,,accela,2026-03-30T20:55:07.534670,Unknown,
1623,126,"ZP2022-0115 2427 San Pablo",TBD,Unknown,**Approved**,2024-07-11,,MJ,,,accela,2026-03-30T20:55:07.534685,Unknown,
1624,126,"ZP2022-0115 2427 San Pablo",TBD,Unknown,"**No Appeal**",2024-08-05,,MJ,,,accela,2026-03-30T20:55:07.534702,Unknown,
1625,126,"ZP2022-0115 2427 San Pablo",TBD,Unknown,**Approved**,2024-09-16,,MJ,,,accela,2026-03-30T20:55:07.534730,Unknown,
1626,115,"ZP2026-0015 2455 TELEGRAPH Ave",TBD,Unknown,"as: Incomplete Pending Applicant |",2026-03-09,,"Karen Hernandez",,,accela,2026-03-30T20:55:07.535131,Unknown,
1627,115,"ZP2026-0015 2455 TELEGRAPH Ave",TBD,Unknown,"as: Application Complete |",2026-03-17,,"Karen Hernandez",,,accela,2026-03-30T20:55:07.535140,Unknown,
1628,19,"ZP2024-0047 2450 SHATTUCK Ave",ZP2024-0047,"Completeness Review  Marked as Incomplete Pending Applicant on 05/16/2024 by Boshi Fu (due 05/26/2024, assigned to Boshi Fu)","Incomplete Pending Applicant",2024-05-16,,"Boshi Fu",,,accela,2026-03-30T20:55:07.535467,Planning,
1629,19,"ZP2024-0047 2450 SHATTUCK Ave",ZP2024-0047,"Completeness Review  Marked as Resubmittal Pending Staff on 08/14/2024 by Boshi Fu (due 05/26/2024, assigned to Boshi Fu)","Resubmittal Pending Staff",2024-08-14,,"Boshi Fu",,,accela,2026-03-30T20:55:07.535499,Planning,
1630,19,"ZP2024-0047 2450 SHATTUCK Ave",ZP2024-0047,"Completeness Review  Marked as Application Complete on 09/06/2024 by Sharon Gong (due 09/14/2024, assigned to TBD)","Application Complete",2024-09-06,,"Sharon Gong",,,accela,2026-03-30T20:55:07.535511,Planning,
1631,19,"ZP2024-0047 2450 SHATTUCK Ave",ZP2024-0047,"Application Processing  Marked as Corrections - Pending Applicant on 10/02/2024 by Sharon Gong (due 09/06/2024, assigned to TBD)","Corrections - Pending Applicant",2024-10-02,,"Sharon Gong",,,accela,2026-03-30T20:55:07.535523,Planning,
1632,19,"ZP2024-0047 2450 SHATTUCK Ave",ZP2024-0047,"Application Processing  Marked as Corrections - Pending Applicant on 11/01/2024 by Sharon Gong (due 09/06/2024, assigned to TBD)","Corrections - Pending Applicant",2024-11-01,,"Sharon Gong",,,accela,2026-03-30T20:55:07.535535,Planning,
1633,33,"130 BERKELEY Sq",TBD,"Completeness Review [COMPLETE]","Application Complete",2021-11-19,,"Layal Nawfal",,,accela,2026-03-30T20:55:07.535946,Unknown,
1634,66,"ZP2024-0059 2204 DWIGHT Way",ZP2024-0059,"Completeness Review","Application Complete",2024-06-06,,"Cecelia Mariscal",,,accela,2026-03-30T20:55:07.537284,Planning,
1635,66,"ZP2024-0059 2204 DWIGHT Way",ZP2024-0059,"Application Processing","Pending Final Action",2024-06-26,,"Cecelia Mariscal",,,accela,2026-03-30T20:55:07.537299,Planning,
1636,66,"ZP2024-0059 2204 DWIGHT Way",ZP2024-0059,"CEQA Determination","Categorically Exempt",2026-02-27,,"Victoria Schlepp",,,accela,2026-03-30T20:55:07.537312,Planning,
1637,11,"ZP2024-0074 1581 UNIVERSITY Ave",ZP2024-0074,"Completeness Review Marked as Incomplete Pending Applicant on 07/12/2024 by Allison Riemer","Incomplete Pending Applicant",2024-07-12,,"Allison Riemer",,,accela,2026-03-30T20:55:07.537627,Planning,
1638,11,"ZP2024-0074 1581 UNIVERSITY Ave",ZP2024-0074,"Completeness Review Marked as Resubmittal Pending Staff on 10/10/2024 by Allison Riemer","Resubmittal Pending Staff",2024-10-10,,"Allison Riemer",,,accela,2026-03-30T20:55:07.537637,Planning,
1639,11,"ZP2024-0074 1581 UNIVERSITY Ave",ZP2024-0074,"Completeness Review Marked as Application Complete on 11/07/2024 by Allison Riemer","Application Complete",2024-11-07,,"Allison Riemer",,,accela,2026-03-30T20:55:07.537647,Planning,
1640,11,"ZP2024-0074 1581 UNIVERSITY Ave",ZP2024-0074,"Application Processing Marked as Resubmittal - Pending Staff Review on 11/07/2024 by Allison Riemer","Resubmittal - Pending Staff Review",2024-11-07,,"Allison Riemer",,,accela,2026-03-30T20:55:07.537660,Planning,
1641,11,"ZP2024-0074 1581 UNIVERSITY Ave",ZP2024-0074,"Application Processing Marked as Corrections - Pending Applicant on 12/05/2024 by Allison Riemer","Corrections - Pending Applicant",2024-12-05,,"Allison Riemer",,,accela,2026-03-30T20:55:07.537670,Planning,
1642,14,"ZP2022-0132 2847 SHATTUCK Ave",ZP2022-0132,"Completeness Review Marked as Incomplete Pending Applicant on 11/23/2022 by Katrina Lapira","Incomplete Pending Applicant",2022-11-23,,"Katrina Lapira",,,accela,2026-03-30T20:55:07.537986,Planning,
1643,14,"ZP2022-0132 2847 SHATTUCK Ave",ZP2022-0132,"Completeness Review Marked as Resubmittal Pending Staff on 01/18/2023 by Katrina Lapira","Resubmittal Pending Staff",2023-01-18,,"Katrina Lapira",,,accela,2026-03-30T20:55:07.537997,Planning,
1644,14,"ZP2022-0132 2847 SHATTUCK Ave",ZP2022-0132,"Completeness Review Marked as Incomplete Pending Applicant on 02/21/2023 by Katrina Lapira","Incomplete Pending Applicant",2023-02-21,,"Katrina Lapira",,,accela,2026-03-30T20:55:07.538008,Planning,
1645,14,"ZP2022-0132 2847 SHATTUCK Ave",ZP2022-0132,"Completeness Review Marked as Incomplete Pending Applicant on 04/18/2023 by Katrina Lapira","Incomplete Pending Applicant",2023-04-18,,"Katrina Lapira",,,accela,2026-03-30T20:55:07.538018,Planning,
1646,14,"ZP2022-0132 2847 SHATTUCK Ave",ZP2022-0132,"Completeness Review Marked as Resubmittal Pending Staff on 04/18/2023 by Katrina Lapira","Resubmittal Pending Staff",2023-04-18,,"Katrina Lapira",,,accela,2026-03-30T20:55:07.538028,Planning,
1647,14,"ZP2022-0132 2847 SHATTUCK Ave",ZP2022-0132,"Completeness Review Marked as Resubmittal Pending Staff on 06/06/2023 by Katrina Lapira","Resubmittal Pending Staff",2023-06-06,,"Katrina Lapira",,,accela,2026-03-30T20:55:07.538038,Planning,
1648,14,"ZP2022-0132 2847 SHATTUCK Ave",ZP2022-0132,"Completeness Review Marked as Incomplete Pending Applicant on 07/05/2023 by Katrina Lapira","Incomplete Pending Applicant",2023-07-05,,"Katrina Lapira",,,accela,2026-03-30T20:55:07.538048,Planning,
1649,130,"ZP2024-0014 1048 Keith St",TBD,Unknown,"**Incomplete Pending Applicant**",2024-02-08,,"Boshi Fu",,,accela,2026-03-30T20:55:07.540917,Unknown,
1650,130,"ZP2024-0014 1048 Keith St",TBD,Unknown,"**Resubmittal Pending Staff**",2024-02-15,,"Boshi Fu",,,accela,2026-03-30T20:55:07.540931,Unknown,
1651,130,"ZP2024-0014 1048 Keith St",TBD,Unknown,"**Incomplete Pending Applicant**",2024-02-27,,"Boshi Fu",,,accela,2026-03-30T20:55:07.540940,Unknown,
1652,130,"ZP2024-0014 1048 Keith St",TBD,Unknown,"**Application Complete**",2024-02-29,,"Boshi Fu",,,accela,2026-03-30T20:55:07.540949,Unknown,
1653,130,"ZP2024-0014 1048 Keith St",TBD,Unknown,"**Corrections - Pending Applicant**",2024-03-21,,WS,,,accela,2026-03-30T20:55:07.540961,Unknown,
1654,130,"ZP2024-0014 1048 Keith St",TBD,Unknown,"**Resubmittal - Pending Staff Review**",2024-04-30,,WS,,,accela,2026-03-30T20:55:07.540971,Unknown,
1655,130,"ZP2024-0014 1048 Keith St",TBD,Unknown,"**Corrections - Pending Applicant**",2024-05-21,,WS,,,accela,2026-03-30T20:55:07.540979,Unknown,
1656,130,"ZP2024-0014 1048 Keith St",TBD,Unknown,"**Corrections - Pending Applicant**",2024-05-30,,WS,,,accela,2026-03-30T20:55:07.540999,Unknown,
1657,130,"ZP2024-0014 1048 Keith St",TBD,Unknown,"**Resubmittal - Pending Staff Review**",2024-05-31,,WS,,,accela,2026-03-30T20:55:07.541008,Unknown,
1658,130,"ZP2024-0014 1048 Keith St",TBD,Unknown,"**Resubmittal - Pending Staff Review**",2024-06-27,,WS,,,accela,2026-03-30T20:55:07.541016,Unknown,
1659,130,"ZP2024-0014 1048 Keith St",TBD,Unknown,"**Corrections - Pending Applicant**",2024-06-27,,WS,,,accela,2026-03-30T20:55:07.541028,Unknown,
1660,130,"ZP2024-0014 1048 Keith St",TBD,Unknown,"**Pending Final Action**",2024-07-10,,WS,,,accela,2026-03-30T20:55:07.541037,Unknown,
1661,158,"1367 UNIVERSITY Ave",DRCF2021-0010,Unknown,Complete,2021-09-20,,"Tano Trachtenberg",,,accela,2026-03-30T20:55:07.542171,Planning,
1662,158,"1367 UNIVERSITY Ave",DRCF2021-0010,Unknown,Complete,2021-10-18,,"Tano Trachtenberg",,,accela,2026-03-30T20:55:07.542184,Planning,
1663,158,"1367 UNIVERSITY Ave",DRCF2021-0010,Unknown,Complete,2021-11-01,,"Tano Trachtenberg",,,accela,2026-03-30T20:55:07.542195,Planning,
1664,158,"1367 UNIVERSITY Ave",DRCF2021-0010,Unknown,Approved,2021-11-04,,"Tano Trachtenberg",,,accela,2026-03-30T20:55:07.542206,Planning,
1665,158,"1367 UNIVERSITY Ave",DRCF2021-0010,Unknown,"Decision Issued",2021-11-18,,"Tano Trachtenberg",,,accela,2026-03-30T20:55:07.542216,Planning,
1666,158,"1367 UNIVERSITY Ave",ZP2019-0173,Unknown,Complete,2019-07-29,,"Alene Pearce",,,accela,2026-03-30T20:55:07.542270,Planning,
1667,158,"1367 UNIVERSITY Ave",ZP2019-0173,Unknown,Assigned,2019-08-19,,AP,,,accela,2026-03-30T20:55:07.542281,Planning,
1668,158,"1367 UNIVERSITY Ave",ZP2019-0173,Unknown,Incomplete,2019-09-16,,AP,,,accela,2026-03-30T20:55:07.542289,Planning,
1669,158,"1367 UNIVERSITY Ave",ZP2019-0173,Unknown,Complete,2019-10-14,,AP,,,accela,2026-03-30T20:55:07.542297,Planning,
1670,158,"1367 UNIVERSITY Ave",ZP2019-0173,Unknown,Corrections,2019-11-04,,AP,,,accela,2026-03-30T20:55:07.542306,Planning,
1671,158,"1367 UNIVERSITY Ave",ZP2019-0173,Unknown,Corrections,2020-06-29,,AP,,,accela,2026-03-30T20:55:07.542314,Planning,
1672,158,"1367 UNIVERSITY Ave",ZP2019-0173,Unknown,Corrections,2020-07-27,,AP,,,accela,2026-03-30T20:55:07.542322,Planning,
1673,158,"1367 UNIVERSITY Ave",ZP2019-0173,Unknown,Corrections,2020-09-21,,AP,,,accela,2026-03-30T20:55:07.542330,Planning,
1674,158,"1367 UNIVERSITY Ave",ZP2019-0173,Unknown,Corrections,2020-10-19,,AP,,,accela,2026-03-30T20:55:07.542338,Planning,
1675,158,"1367 UNIVERSITY Ave",ZP2019-0173,Unknown,Corrections,2020-11-16,,AP,,,accela,2026-03-30T20:55:07.542346,Planning,
1676,158,"1367 UNIVERSITY Ave",ZP2019-0173,Unknown,Corrections,2020-12-14,,AP,,,accela,2026-03-30T20:55:07.542354,Planning,
1677,158,"1367 UNIVERSITY Ave",ZP2019-0173,Unknown,Corrections,2021-02-08,,AP,,,accela,2026-03-30T20:55:07.542362,Planning,
1678,158,"1367 UNIVERSITY Ave",ZP2019-0173,Unknown,Corrections,2021-03-08,,AP,,,accela,2026-03-30T20:55:07.542369,Planning,
1679,158,"1367 UNIVERSITY Ave",ZP2019-0173,Unknown,Corrections,2021-04-05,,AP,,,accela,2026-03-30T20:55:07.542377,Planning,
1680,158,"1367 UNIVERSITY Ave",ZP2019-0173,Unknown,Corrections,2021-05-03,,AP,,,accela,2026-03-30T20:55:07.542385,Planning,
1681,158,"1367 UNIVERSITY Ave",ZP2019-0173,Unknown,Approved,2021-06-14,,"Alene Pearce",,,accela,2026-03-30T20:55:07.542393,Planning,
1682,158,"1367 UNIVERSITY Ave",B2022-04366,Unknown,"Plan Distribution",2022-09-20,,"Shanitra Roan",,,accela,2026-03-30T20:55:07.542721,Building,
1683,158,"1367 UNIVERSITY Ave",B2022-04366,Unknown,"Plan Distribution",2022-11-23,,RLW,,,accela,2026-03-30T20:55:07.542732,Building,
1684,158,"1367 UNIVERSITY Ave",B2022-04366,Unknown,"Plan Distribution",2023-01-11,,"Steven Burkhart",,,accela,2026-03-30T20:55:07.542741,Building,
1685,158,"1367 UNIVERSITY Ave",B2022-04366,Unknown,"Plan Distribution",2023-02-09,,"Autumn Maltbie",,,accela,2026-03-30T20:55:07.542750,Building,
1686,158,"1367 UNIVERSITY Ave",B2022-04366,Unknown,"Documents Uploaded",2023-09-14,,ADM,,,accela,2026-03-30T20:55:07.542759,Building,
1687,158,"1367 UNIVERSITY Ave",B2022-04366,Unknown,Auto-Closed,2023-09-14,,ADM,,,accela,2026-03-30T20:55:07.542767,Building,
1688,158,"1367 UNIVERSITY Ave",B2022-04366,Unknown,"Documents Uploaded",2023-10-12,,ADM,,,accela,2026-03-30T20:55:07.542784,Building,
1689,158,"1367 UNIVERSITY Ave",B2022-04366,Unknown,"Go to Consolidated Comments",2023-10-16,,AR,,,accela,2026-03-30T20:55:07.542792,Building,
1690,158,"1367 UNIVERSITY Ave",B2022-04366,Unknown,"Documents Uploaded",2025-03-19,,ADM,,,accela,2026-03-30T20:55:07.542802,Building,
1691,158,"1367 UNIVERSITY Ave",B2022-04366,Unknown,"Documents Uploaded",2025-04-24,,ADM,,,accela,2026-03-30T20:55:07.542811,Building,
1692,158,"1367 UNIVERSITY Ave",B2022-04366,Unknown,Auto-Closed,2025-04-24,,ADM,,,accela,2026-03-30T20:55:07.542819,Building,
1693,158,"1367 UNIVERSITY Ave",B2022-04366,Unknown,Route,2022-09-20,,ADM,,,accela,2026-03-30T20:55:07.542840,Building,
1694,158,"1367 UNIVERSITY Ave",B2022-04366,Unknown,"Pending Payment",2022-09-20,,"Shanitra Roan",,,accela,2026-03-30T20:55:07.542849,Building,
1695,158,"1367 UNIVERSITY Ave",B2022-04366,Unknown,Route,2022-11-23,,RLW,,,accela,2026-03-30T20:55:07.542858,Building,
1696,158,"1367 UNIVERSITY Ave",B2022-04366,Unknown,Route,2023-01-11,,"Steven Burkhart",,,accela,2026-03-30T20:55:07.542866,Building,
1697,158,"1367 UNIVERSITY Ave",B2022-04366,Unknown,Route,2023-02-09,,"Autumn Maltbie",,,accela,2026-03-30T20:55:07.542878,Building,
1698,158,"1367 UNIVERSITY Ave",B2022-04366,"Building and Safety Review",Assigned,2022-09-23,,"Kong Chung",,,accela,2026-03-30T20:55:07.542888,Building,
1699,158,"1367 UNIVERSITY Ave",B2022-04366,"Building and Safety Review",Corrections,2022-11-01,,"Kong Chung",,,accela,2026-03-30T20:55:07.542897,Building,
1700,158,"1367 UNIVERSITY Ave",B2022-04366,"Building and Safety Review",Corrections,2022-12-16,,"Kong Chung",,,accela,2026-03-30T20:55:07.542905,Building,
1701,158,"1367 UNIVERSITY Ave",B2022-04366,"Building and Safety Review",Corrections,2023-02-01,,"Kong Chung",,,accela,2026-03-30T20:55:07.542914,Building,
1702,158,"1367 UNIVERSITY Ave",B2022-04366,"Building and Safety Review","Approved w/Conditions",2023-03-06,,"Kong Chung",,,accela,2026-03-30T20:55:07.542923,Building,
1703,158,"1367 UNIVERSITY Ave",B2022-04366,"Zoning Review",Assigned,2022-09-21,,MJ,,,accela,2026-03-30T20:55:07.542933,Building,
1704,158,"1367 UNIVERSITY Ave",B2022-04366,"Zoning Review",Corrections,2022-11-02,,"Sharon Gong",,,accela,2026-03-30T20:55:07.542941,Building,
1705,158,"1367 UNIVERSITY Ave",B2022-04366,"Zoning Review",Assigned,2022-11-02,,MJ,,,accela,2026-03-30T20:55:07.542950,Building,
1706,158,"1367 UNIVERSITY Ave",B2022-04366,"Zoning Review",Corrections,2022-12-16,,"Sharon Gong",,,accela,2026-03-30T20:55:07.542958,Building,
1707,158,"1367 UNIVERSITY Ave",B2022-04366,"Zoning Review","Approved w/Conditions",2023-02-01,,"Sharon Gong",,,accela,2026-03-30T20:55:07.542967,Building,
1708,158,"1367 UNIVERSITY Ave",B2022-04366,"Fire Review",Corrections,2022-11-04,,"Jesus Del",,,accela,2026-03-30T20:55:07.542977,Building,
1709,158,"1367 UNIVERSITY Ave",B2022-04366,"Fire Review",Corrections,2022-12-21,,"Jesus Del",,,accela,2026-03-30T20:55:07.542986,Building,
1710,158,"1367 UNIVERSITY Ave",B2022-04366,"Fire Review","Approved w/Conditions",2023-02-07,,"Jesus Del",,,accela,2026-03-30T20:55:07.542995,Building,
1711,158,"1367 UNIVERSITY Ave",B2022-04366,"Public Works Review",Corrections,2022-09-21,,,,,accela,2026-03-30T20:55:07.543009,Building,
1712,158,"1367 UNIVERSITY Ave",B2022-04366,"Public Works Review",Corrections,2022-12-01,,,,,accela,2026-03-30T20:55:07.543018,Building,
1713,158,"1367 UNIVERSITY Ave",B2022-04366,"Public Works Review",Approved,2023-01-15,,,,,accela,2026-03-30T20:55:07.543027,Building,
1714,158,"1367 UNIVERSITY Ave",B2022-04366,"Public Works Review",Corrections,2022-11-04,,"Kim Pham",,,accela,2026-03-30T20:55:07.543048,Building,
1715,158,"1367 UNIVERSITY Ave",B2022-04366,"Public Works Review",Corrections,2022-12-16,,"Kim Pham",,,accela,2026-03-30T20:55:07.543057,Building,
1716,158,"1367 UNIVERSITY Ave",B2022-04366,"Public Works Review",Corrections,2023-01-31,,"Kim Pham",,,accela,2026-03-30T20:55:07.543065,Building,
1717,158,"1367 UNIVERSITY Ave",B2022-04366,"Public Works Review",Approved,2023-03-10,,"Kim Pham",,,accela,2026-03-30T20:55:07.543074,Building,
1718,158,"1367 UNIVERSITY Ave",B2022-04366,"Public Works Review","Approved w/Conditions",2023-02-02,,M,,,accela,2026-03-30T20:55:07.543093,Building,
1719,158,"1367 UNIVERSITY Ave",B2022-04366,"Public Works Review","Approved w/Conditions",2023-02-24,,M,,,accela,2026-03-30T20:55:07.543102,Building,
1720,158,"1367 UNIVERSITY Ave",B2022-04366,"PSC Review",Corrections,2022-11-06,,dc,,,accela,2026-03-30T20:55:07.543112,Building,
1721,158,"1367 UNIVERSITY Ave",B2022-04366,"PSC Review",Corrections,2022-12-22,,dc,,,accela,2026-03-30T20:55:07.543120,Building,
1722,158,"1367 UNIVERSITY Ave",B2022-04366,"PSC Review",Corrections,2023-02-08,,"Shanitra Roan",,,accela,2026-03-30T20:55:07.543129,Building,
1723,158,"1367 UNIVERSITY Ave",B2022-04366,"PSC Review","Approved w/Conditions",2023-03-13,,"Mariafelisa Baber",,,accela,2026-03-30T20:55:07.543138,Building,
1724,158,"1367 UNIVERSITY Ave",B2022-04366,"Consolidated Comments","Corrections List Issued",2022-11-06,,dc,,,accela,2026-03-30T20:55:07.543148,Building,
1725,158,"1367 UNIVERSITY Ave",B2022-04366,"Consolidated Comments",Resubmittal1,2022-11-23,,RLW,,,accela,2026-03-30T20:55:07.543157,Building,
1726,158,"1367 UNIVERSITY Ave",B2022-04366,"Consolidated Comments","Corrections List Issued",2022-12-22,,dc,,,accela,2026-03-30T20:55:07.543165,Building,
1727,158,"1367 UNIVERSITY Ave",B2022-04366,"Consolidated Comments",Resubmittal2,2023-01-11,,"Steven Burkhart",,,accela,2026-03-30T20:55:07.543174,Building,
1728,158,"1367 UNIVERSITY Ave",B2022-04366,"Consolidated Comments","Corrections List Issued",2023-02-08,,"Shanitra Roan",,,accela,2026-03-30T20:55:07.543191,Building,
1729,158,"1367 UNIVERSITY Ave",B2022-04366,"Consolidated Comments",Resubmittal3,2023-02-09,,"Autumn Maltbie",,,accela,2026-03-30T20:55:07.543200,Building,
1730,158,"1367 UNIVERSITY Ave",B2022-04366,"Consolidated Comments",Auto-Closed,2023-09-14,,ADM,,,accela,2026-03-30T20:55:07.543208,Building,
1731,158,"1367 UNIVERSITY Ave",B2022-04366,"Consolidated Comments",Finaled,2025-05-06,,"Anthony Vergara",,,accela,2026-03-30T20:55:07.543219,Building,
1732,158,"1367 UNIVERSITY Ave",B2021-05326,"Consolidated Comments","Plan Distribution",2021-11-24,,"Chandra Vogt",,,accela,2026-03-30T20:55:07.543356,Building,
1733,158,"1367 UNIVERSITY Ave",B2021-05326,"Consolidated Comments","Plan Distribution",2022-03-02,,"Shanitra Roan",,,accela,2026-03-30T20:55:07.543367,Building,
1734,158,"1367 UNIVERSITY Ave",B2021-05326,"Consolidated Comments","Plan Distribution",2022-05-17,,"Autumn Maltbie",,,accela,2026-03-30T20:55:07.543377,Building,
1735,158,"1367 UNIVERSITY Ave",B2021-05326,"Consolidated Comments","Pending Payment",2021-11-24,,"Chandra Vogt",,,accela,2026-03-30T20:55:07.543388,Building,
1736,158,"1367 UNIVERSITY Ave",B2021-05326,"Consolidated Comments",Route,2021-12-28,,"Mariafelisa Baber",,,accela,2026-03-30T20:55:07.543399,Building,
1737,158,"1367 UNIVERSITY Ave",B2021-05326,"Consolidated Comments",Route,2022-03-02,,"Shanitra Roan",,,accela,2026-03-30T20:55:07.543407,Building,
1738,158,"1367 UNIVERSITY Ave",B2021-05326,"Consolidated Comments",Route,2022-05-17,,"Autumn Maltbie",,,accela,2026-03-30T20:55:07.543416,Building,
1739,158,"1367 UNIVERSITY Ave",B2021-05326,"Building and Safety Review",Assigned,2022-01-07,,A,,,accela,2026-03-30T20:55:07.543426,Building,
1740,158,"1367 UNIVERSITY Ave",B2021-05326,"Building and Safety Review",Corrections,2022-02-04,,A,,,accela,2026-03-30T20:55:07.543434,Building,
1741,158,"1367 UNIVERSITY Ave",B2021-05326,"Building and Safety Review",Corrections,2022-03-23,,A,,,accela,2026-03-30T20:55:07.543442,Building,
1742,158,"1367 UNIVERSITY Ave",B2021-05326,"Building and Safety Review","Approved w/Conditions",2022-06-08,,A,,,accela,2026-03-30T20:55:07.543451,Building,
1743,158,"1367 UNIVERSITY Ave",B2021-05326,"Zoning Review",Assigned,2021-12-29,,MJ,,,accela,2026-03-30T20:55:07.543461,Building,
1744,158,"1367 UNIVERSITY Ave",B2021-05326,"Zoning Review",Corrections,2022-01-14,,"Ashley James",,,accela,2026-03-30T20:55:07.543469,Building,
1745,158,"1367 UNIVERSITY Ave",B2021-05326,"Zoning Review",Corrections,2022-03-23,,"Sharon Gong",,,accela,2026-03-30T20:55:07.543478,Building,
1746,158,"1367 UNIVERSITY Ave",B2021-05326,"Zoning Review",Corrections,2022-06-08,,"Sharon Gong",,,accela,2026-03-30T20:55:07.543486,Building,
1747,158,"1367 UNIVERSITY Ave",B2021-05326,"Fire Review",Corrections,2022-01-21,,"Jesus Del",,,accela,2026-03-30T20:55:07.543496,Building,
1748,158,"1367 UNIVERSITY Ave",B2021-05326,"Fire Review",Corrections,2022-03-25,,"Jesus Del",,,accela,2026-03-30T20:55:07.543505,Building,
1749,158,"1367 UNIVERSITY Ave",B2021-05326,"Fire Review","Approved w/Conditions",2022-06-08,,"Jesus Del",,,accela,2026-03-30T20:55:07.543513,Building,
1750,158,"1367 UNIVERSITY Ave",B2021-05326,"Public Works Review",Corrections,2022-01-08,,,,,accela,2026-03-30T20:55:07.543525,Building,
1751,158,"1367 UNIVERSITY Ave",B2021-05326,"Public Works Review",Corrections,2022-03-21,,,,,accela,2026-03-30T20:55:07.543534,Building,
1752,158,"1367 UNIVERSITY Ave",B2021-05326,"Public Works Review",Corrections,2022-05-23,,,,,accela,2026-03-30T20:55:07.543542,Building,
1753,158,"1367 UNIVERSITY Ave",B2021-05326,"Public Works Review",Corrections,2022-01-04,,"Kim Pham",,,accela,2026-03-30T20:55:07.543559,Building,
1754,158,"1367 UNIVERSITY Ave",B2021-05326,"Public Works Review",Corrections,2022-03-24,,"Kim Pham",,,accela,2026-03-30T20:55:07.543567,Building,
1755,158,"1367 UNIVERSITY Ave",B2021-05326,"Public Works Review",Corrections,2022-06-13,,"Kim Pham",,,accela,2026-03-30T20:55:07.543576,Building,
1756,158,"1367 UNIVERSITY Ave",B2021-05326,"Public Works Review",Assigned,2022-06-02,,MJ,,,accela,2026-03-30T20:55:07.543586,Building,
1757,158,"1367 UNIVERSITY Ave",B2021-05326,"Public Works Review","Approved w/Conditions",2022-06-08,,M,,,accela,2026-03-30T20:55:07.543594,Building,
1758,158,"1367 UNIVERSITY Ave",B2021-05326,"PSC Review",Corrections,2022-03-29,,"Deborah Cowans",,,accela,2026-03-30T20:55:07.543605,Building,
1759,158,"1367 UNIVERSITY Ave",B2021-05326,"PSC Review",Corrections,2022-06-14,,"Shanitra Roan",,,accela,2026-03-30T20:55:07.543613,Building,
1760,158,"1367 UNIVERSITY Ave",B2021-05326,"Consolidated Comments","Corrections List Issued",2022-02-06,,"Deborah Cowans",,,accela,2026-03-30T20:55:07.543623,Building,
1761,158,"1367 UNIVERSITY Ave",B2021-05326,"Consolidated Comments",Resubmittal1,2022-03-02,,"Shanitra Roan",,,accela,2026-03-30T20:55:07.543632,Building,
1762,158,"1367 UNIVERSITY Ave",B2021-05326,"Consolidated Comments","Corrections List Issued",2022-03-29,,"Deborah Cowans",,,accela,2026-03-30T20:55:07.543640,Building,
1763,158,"1367 UNIVERSITY Ave",B2021-05326,"Consolidated Comments",Resubmittal2,2022-05-17,,"Autumn Maltbie",,,accela,2026-03-30T20:55:07.543649,Building,
1764,158,"1367 UNIVERSITY Ave",B2021-05326,"Consolidated Comments","Corrections List Issued",2022-06-14,,"Shanitra Roan",,,accela,2026-03-30T20:55:07.543657,Building,
1765,128,"ZP2023-0123 2833 Seventh St",TBD,Unknown,"**Incomplete Pending Applicant**",2023-09-21,,"Cecelia Mariscal",,,accela,2026-03-30T20:55:07.544133,Unknown,
1766,128,"ZP2023-0123 2833 Seventh St",TBD,Unknown,"**Resubmittal Pending Staff**",2023-12-01,,"Cecelia Mariscal",,,accela,2026-03-30T20:55:07.544143,Unknown,
1767,128,"ZP2023-0123 2833 Seventh St",TBD,Unknown,"**Incomplete Pending Applicant**",2023-12-26,,"Cecelia Mariscal",,,accela,2026-03-30T20:55:07.544152,Unknown,
1768,128,"ZP2023-0123 2833 Seventh St",TBD,Unknown,"**Application Complete**",2024-02-26,,"Cecelia Mariscal",,,accela,2026-03-30T20:55:07.544161,Unknown,
1769,1,"B2025-05534 1750 SACRAMENTO St",B2025-05534,"Application Submittal Marked as Plan Distribution on 12/03/2025 by Mariafelisa Baber","Plan Distribution",2025-12-03,,"Mariafelisa Baber",,,accela,2026-03-30T20:55:07.544876,Building,
1770,1,"B2025-05534 1750 SACRAMENTO St",B2025-05534,"Plan Distribution Marked as Pending Payment on 12/03/2025 by Mariafelisa Baber","Pending Payment",2025-12-03,,"Mariafelisa Baber",,,accela,2026-03-30T20:55:07.544900,Building,
1771,1,"B2025-05534 1750 SACRAMENTO St",B2025-05534,"Plan Distribution Marked as Route on 12/16/2025 by Ramona Smith (Comment: Auto-distribution after plan check payment made)",Route,2025-12-16,,"Ramona Smith",,,accela,2026-03-30T20:55:07.544913,Building,
1772,1,"B2025-05534 1750 SACRAMENTO St",B2025-05534,"Building and Safety Review Marked as Assigned on 12/18/2025 by Kong Chung",Assigned,2025-12-18,,"Kong Chung",,,accela,2026-03-30T20:55:07.544925,Building,
1773,1,"B2025-05534 1750 SACRAMENTO St",B2025-05534,"Zoning Review Marked as Corrections on 02/05/2026 by Victoria Schlepp",Corrections,2026-02-05,,"Victoria Schlepp",,,accela,2026-03-30T20:55:07.544949,Building,
1774,1,"B2025-05534 1750 SACRAMENTO St",B2025-05534,"Fire Review Marked as Corrections on 02/25/2026 by Jesus Del Toro",Corrections,2026-02-25,,"Jesus Del",,,accela,2026-03-30T20:55:07.544960,Building,
1775,1,"B2025-05534 1750 SACRAMENTO St",B2025-05534,"Traffic Review Marked as Under Review on 12/26/2025 by Nhat Phan","Under Review",2025-12-26,,"Nhat Phan",,,accela,2026-03-30T20:55:07.544991,Building,
1776,1,"B2025-05534 1750 SACRAMENTO St",B2025-05534,"Traffic Review Marked as Under Review on 02/17/2026 by Nhat Phan (Comment: Waiting on a few responses from team members.)","Under Review",2026-02-17,,"Nhat Phan",,,accela,2026-03-30T20:55:07.545005,Building,
1777,1,"B2025-05534 1750 SACRAMENTO St",B2025-05534,"Traffic Review Marked as Approved on 02/24/2026 by Nhat Phan",Approved,2026-02-24,,"Nhat Phan",,,accela,2026-03-30T20:55:07.545015,Building,
1778,1,"B2025-05534 1750 SACRAMENTO St",B2025-05534,"Consolidated Comments Marked as Corrections List Issued on 02/26/2026 by dc","Corrections List Issued",2026-02-26,,dc,,,accela,2026-03-30T20:55:07.545043,Building,
1779,1,"B2025-05534 1750 SACRAMENTO St",B2025-05534,"Consolidated Comments Marked as Corrections List Issued on 03/03/2026 by Shanitra Roan","Corrections List Issued",2026-03-03,,"Shanitra Roan",,,accela,2026-03-30T20:55:07.545063,Building,
1780,144,"2127 DWIGHT Way (PROJECT: 2127-2159 DWIGHT Way)",DRCF2024-0002,"Completeness Review",Complete,2024-03-28,,"Desiree Dougherty",,,accela,2026-03-30T20:55:07.545636,Planning,
1781,144,"2127 DWIGHT Way (PROJECT: 2127-2159 DWIGHT Way)",DRCF2024-0002,"Completeness Review",Completed,2024-04-11,,"Desiree Dougherty",,,accela,2026-03-30T20:55:07.545648,Planning,
1782,144,"2127 DWIGHT Way (PROJECT: 2127-2159 DWIGHT Way)",DRCF2024-0002,"Completeness Review",Notified,2024-04-17,,"Desiree Dougherty",,,accela,2026-03-30T20:55:07.545658,Planning,
1783,144,"2127 DWIGHT Way (PROJECT: 2127-2159 DWIGHT Way)",DRCF2024-0002,"Completeness Review","No Notice Required",2024-04-10,,"Desiree Dougherty",,,accela,2026-03-30T20:55:07.545667,Planning,
1784,144,"2127 DWIGHT Way (PROJECT: 2127-2159 DWIGHT Way)",DRCF2024-0002,"Completeness Review",Posted,2024-04-11,,"Desiree Dougherty",,,accela,2026-03-30T20:55:07.545676,Planning,
1785,144,"2127 DWIGHT Way (PROJECT: 2127-2159 DWIGHT Way)",DRCF2024-0002,"Completeness Review",Published,2024-04-11,,"Desiree Dougherty",,,accela,2026-03-30T20:55:07.545685,Planning,
1786,144,"2127 DWIGHT Way (PROJECT: 2127-2159 DWIGHT Way)",DRCF2024-0002,"Completeness Review",Approved,2024-04-18,,"Desiree Dougherty",,,accela,2026-03-30T20:55:07.545693,Planning,
1787,144,"2127 DWIGHT Way (PROJECT: 2127-2159 DWIGHT Way)",DRCF2024-0002,"Case Closed",Approved,2024-05-06,,"Desiree Dougherty",,,accela,2026-03-30T20:55:07.545701,Planning,
1788,144,"2127 DWIGHT Way (PROJECT: 2127-2159 DWIGHT Way)",ZP2023-0057,"Completeness Review",Incomplete,2023-06-05,,"Allison Riemer",,,accela,2026-03-30T20:55:07.545741,Planning,
1789,144,"2127 DWIGHT Way (PROJECT: 2127-2159 DWIGHT Way)",ZP2023-0057,"Completeness Review",Resubmittal,2023-06-30,,"Allison Riemer",,,accela,2026-03-30T20:55:07.545747,Planning,
1790,144,"2127 DWIGHT Way (PROJECT: 2127-2159 DWIGHT Way)",ZP2023-0057,"Completeness Review",Incomplete,2023-07-25,,"Allison Riemer",,,accela,2026-03-30T20:55:07.545754,Planning,
1791,144,"2127 DWIGHT Way (PROJECT: 2127-2159 DWIGHT Way)",ZP2023-0057,"Completeness Review",Resubmittal,2023-07-27,,"Allison Riemer",,,accela,2026-03-30T20:55:07.545760,Planning,
1792,144,"2127 DWIGHT Way (PROJECT: 2127-2159 DWIGHT Way)",ZP2023-0057,"Completeness Review",Complete,2023-08-09,,"Allison Riemer",,,accela,2026-03-30T20:55:07.545766,Planning,
1793,144,"2127 DWIGHT Way (PROJECT: 2127-2159 DWIGHT Way)",ZP2023-0057,"CEQA Determination","Categorically Exempt",2023-12-07,,"David Sanford",,,accela,2026-03-30T20:55:07.545774,Planning,
1794,144,"2127 DWIGHT Way (PROJECT: 2127-2159 DWIGHT Way)",ZP2023-0057,"Staff Decision",Approved,2023-12-07,,"David Sanford",,,accela,2026-03-30T20:55:07.545782,Planning,
1795,144,"2127 DWIGHT Way (PROJECT: 2127-2159 DWIGHT Way)",ZP2023-0057,Appeal,"No Appeal",2023-12-21,,"Allison Riemer",,,accela,2026-03-30T20:55:07.545790,Planning,
1796,144,"2127 DWIGHT Way (PROJECT: 2127-2159 DWIGHT Way)",ZP2023-0057,"Case Closed",Approved,2023-12-21,,"Allison Riemer",,,accela,2026-03-30T20:55:07.545798,Planning,
1797,144,"2127 DWIGHT Way (PROJECT: 2127-2159 DWIGHT Way)",DRCP2023-0004,"Completeness Review",Incomplete,2023-05-25,,M,,,accela,2026-03-30T20:55:07.545835,Planning,
1798,144,"2127 DWIGHT Way (PROJECT: 2127-2159 DWIGHT Way)",DRCP2023-0004,"Completeness Review",Resubmittal,2023-06-30,,M,,,accela,2026-03-30T20:55:07.545841,Planning,
1799,144,"2127 DWIGHT Way (PROJECT: 2127-2159 DWIGHT Way)",DRCP2023-0004,"Completeness Review",Complete,2023-07-19,,M,,,accela,2026-03-30T20:55:07.545848,Planning,
1800,144,"2127 DWIGHT Way (PROJECT: 2127-2159 DWIGHT Way)",DRCP2023-0004,"Completeness Review",Completed,2023-10-11,,M,,,accela,2026-03-30T20:55:07.545856,Planning,
1801,144,"2127 DWIGHT Way (PROJECT: 2127-2159 DWIGHT Way)",DRCP2023-0004,"Completeness Review",Notified,2023-10-26,,"Desiree Dougherty",,,accela,2026-03-30T20:55:07.545864,Planning,
1802,144,"2127 DWIGHT Way (PROJECT: 2127-2159 DWIGHT Way)",DRCP2023-0004,"Completeness Review","No Notice Required",2023-10-12,,"Desiree Dougherty",,,accela,2026-03-30T20:55:07.545872,Planning,
1803,144,"2127 DWIGHT Way (PROJECT: 2127-2159 DWIGHT Way)",DRCP2023-0004,"Completeness Review",Posted,2023-10-12,,"Desiree Dougherty",,,accela,2026-03-30T20:55:07.545881,Planning,
1804,144,"2127 DWIGHT Way (PROJECT: 2127-2159 DWIGHT Way)",DRCP2023-0004,"Completeness Review",Published,2023-10-12,,"Desiree Dougherty",,,accela,2026-03-30T20:55:07.545889,Planning,
1805,144,"2127 DWIGHT Way (PROJECT: 2127-2159 DWIGHT Way)",DRCP2023-0004,"Completeness Review",Approved,2023-10-19,,"Desiree Dougherty",,,accela,2026-03-30T20:55:07.545897,Planning,
1806,144,"2127 DWIGHT Way (PROJECT: 2127-2159 DWIGHT Way)",DRCP2023-0004,"Case Closed",Approved,2023-11-02,,"Desiree Dougherty",,,accela,2026-03-30T20:55:07.545905,Planning,
1807,144,"2127 DWIGHT Way (PROJECT: 2127-2159 DWIGHT Way)",B2024-00460,"Case Closed","Plan Distribution",2024-01-31,,YM,,,accela,2026-03-30T20:55:07.545982,Building,
1808,144,"2127 DWIGHT Way (PROJECT: 2127-2159 DWIGHT Way)",B2024-00460,"Case Closed","Plan Distribution",2024-04-05,,ADM,,,accela,2026-03-30T20:55:07.545993,Building,
1809,144,"2127 DWIGHT Way (PROJECT: 2127-2159 DWIGHT Way)",B2024-00460,"Case Closed","Documents Uploaded",2024-04-05,,ADM,,,accela,2026-03-30T20:55:07.545999,Building,
1810,144,"2127 DWIGHT Way (PROJECT: 2127-2159 DWIGHT Way)",B2024-00460,"Case Closed",Auto-Closed,2024-04-05,,ADM,,,accela,2026-03-30T20:55:07.546005,Building,
1811,144,"2127 DWIGHT Way (PROJECT: 2127-2159 DWIGHT Way)",B2024-00460,"Case Closed","Documents Uploaded",2024-07-01,,ADM,,,accela,2026-03-30T20:55:07.546012,Building,
1812,144,"2127 DWIGHT Way (PROJECT: 2127-2159 DWIGHT Way)",B2024-00460,"Case Closed",Auto-Closed,2024-07-01,,ADM,,,accela,2026-03-30T20:55:07.546018,Building,
1813,144,"2127 DWIGHT Way (PROJECT: 2127-2159 DWIGHT Way)",B2024-00460,"Case Closed","Plan Distribution",2024-07-01,,ADM,,,accela,2026-03-30T20:55:07.546024,Building,
1814,144,"2127 DWIGHT Way (PROJECT: 2127-2159 DWIGHT Way)",B2024-00460,"Case Closed","Documents Uploaded",2024-09-16,,ADM,,,accela,2026-03-30T20:55:07.546030,Building,
1815,144,"2127 DWIGHT Way (PROJECT: 2127-2159 DWIGHT Way)",B2024-00460,"Case Closed","Plan Distribution",2024-09-16,,"Chandra Vogt",,,accela,2026-03-30T20:55:07.546038,Building,
1816,144,"2127 DWIGHT Way (PROJECT: 2127-2159 DWIGHT Way)",B2024-00460,"Case Closed","Documents Uploaded",2024-10-01,,ADM,,,accela,2026-03-30T20:55:07.546045,Building,
1817,144,"2127 DWIGHT Way (PROJECT: 2127-2159 DWIGHT Way)",B2024-00460,"Case Closed",Auto-Closed,2024-10-01,,ADM,,,accela,2026-03-30T20:55:07.546050,Building,
1818,144,"2127 DWIGHT Way (PROJECT: 2127-2159 DWIGHT Way)",B2024-00460,"Case Closed","Pending Payment",2024-01-31,,YM,,,accela,2026-03-30T20:55:07.546059,Building,
1819,144,"2127 DWIGHT Way (PROJECT: 2127-2159 DWIGHT Way)",B2024-00460,"Case Closed",Route,2024-02-09,,ADM,,,accela,2026-03-30T20:55:07.546065,Building,
1820,144,"2127 DWIGHT Way (PROJECT: 2127-2159 DWIGHT Way)",B2024-00460,"Case Closed",Route,2024-04-05,,ADM,,,accela,2026-03-30T20:55:07.546071,Building,
1821,144,"2127 DWIGHT Way (PROJECT: 2127-2159 DWIGHT Way)",B2024-00460,"Case Closed",Route,2024-07-01,,ADM,,,accela,2026-03-30T20:55:07.546077,Building,
1822,144,"2127 DWIGHT Way (PROJECT: 2127-2159 DWIGHT Way)",B2024-00460,"Case Closed",Route,2024-09-16,,"Chandra Vogt",,,accela,2026-03-30T20:55:07.546083,Building,
1823,144,"2127 DWIGHT Way (PROJECT: 2127-2159 DWIGHT Way)",B2024-00460,"Building and Safety Review",Assigned,2024-02-09,,"Andrew Cockrell",,,accela,2026-03-30T20:55:07.546092,Building,
1824,144,"2127 DWIGHT Way (PROJECT: 2127-2159 DWIGHT Way)",B2024-00460,"Building and Safety Review",Corrections,2024-02-26,,"Andrew Cockrell",,,accela,2026-03-30T20:55:07.546099,Building,
1825,144,"2127 DWIGHT Way (PROJECT: 2127-2159 DWIGHT Way)",B2024-00460,"Building and Safety Review","Review Needed",2024-04-05,,ADM,,,accela,2026-03-30T20:55:07.546105,Building,
1826,144,"2127 DWIGHT Way (PROJECT: 2127-2159 DWIGHT Way)",B2024-00460,"Building and Safety Review",Corrections,2024-04-29,,"Andrew Cockrell",,,accela,2026-03-30T20:55:07.546111,Building,
1827,144,"2127 DWIGHT Way (PROJECT: 2127-2159 DWIGHT Way)",B2024-00460,"Building and Safety Review","Review Needed",2024-07-01,,ADM,,,accela,2026-03-30T20:55:07.546117,Building,
1828,144,"2127 DWIGHT Way (PROJECT: 2127-2159 DWIGHT Way)",B2024-00460,"Building and Safety Review",Corrections,2024-07-19,,"Andrew Cockrell",,,accela,2026-03-30T20:55:07.546122,Building,
1829,144,"2127 DWIGHT Way (PROJECT: 2127-2159 DWIGHT Way)",B2024-00460,"Building and Safety Review","Review Needed",2024-08-16,,RLW,,,accela,2026-03-30T20:55:07.546129,Building,
1830,144,"2127 DWIGHT Way (PROJECT: 2127-2159 DWIGHT Way)",B2024-00460,"Building and Safety Review","Approved BEMP",2024-08-23,,"Andrew Cockrell",,,accela,2026-03-30T20:55:07.546135,Building,
1831,144,"2127 DWIGHT Way (PROJECT: 2127-2159 DWIGHT Way)",B2024-00460,"Building and Safety Review","Review Needed",2024-09-16,,"Chandra Vogt",,,accela,2026-03-30T20:55:07.546142,Building,
1832,144,"2127 DWIGHT Way (PROJECT: 2127-2159 DWIGHT Way)",B2024-00460,"Zoning Review",Assigned,2024-02-09,,MJ,,,accela,2026-03-30T20:55:07.546151,Building,
1833,144,"2127 DWIGHT Way (PROJECT: 2127-2159 DWIGHT Way)",B2024-00460,"Zoning Review",Corrections,2024-04-09,,"Allison Riemer",,,accela,2026-03-30T20:55:07.546157,Building,
1834,144,"2127 DWIGHT Way (PROJECT: 2127-2159 DWIGHT Way)",B2024-00460,"Zoning Review","Review Needed",2024-04-05,,ADM,,,accela,2026-03-30T20:55:07.546163,Building,
1835,144,"2127 DWIGHT Way (PROJECT: 2127-2159 DWIGHT Way)",B2024-00460,"Zoning Review",Corrections,2024-05-14,,"Allison Riemer",,,accela,2026-03-30T20:55:07.546169,Building,
1836,144,"2127 DWIGHT Way (PROJECT: 2127-2159 DWIGHT Way)",B2024-00460,"Zoning Review","Review Needed",2024-07-01,,ADM,,,accela,2026-03-30T20:55:07.546175,Building,
1837,144,"2127 DWIGHT Way (PROJECT: 2127-2159 DWIGHT Way)",B2024-00460,"Zoning Review",Corrections,2024-07-22,,"Allison Riemer",,,accela,2026-03-30T20:55:07.546182,Building,
1838,144,"2127 DWIGHT Way (PROJECT: 2127-2159 DWIGHT Way)",B2024-00460,"Zoning Review","Review Needed",2024-09-16,,"Chandra Vogt",,,accela,2026-03-30T20:55:07.546188,Building,
1839,144,"2127 DWIGHT Way (PROJECT: 2127-2159 DWIGHT Way)",B2024-00460,"Zoning Review",Approved,2024-09-30,,"Allison Riemer",,,accela,2026-03-30T20:55:07.546194,Building,
1840,144,"2127 DWIGHT Way (PROJECT: 2127-2159 DWIGHT Way)",B2024-00460,"Fire Review",Corrections,2024-03-04,,"Jesus Del",,,accela,2026-03-30T20:55:07.546202,Building,
1841,144,"2127 DWIGHT Way (PROJECT: 2127-2159 DWIGHT Way)",B2024-00460,"Fire Review","Approved w/Conditions",2024-08-02,,"Jesus Del",,,accela,2026-03-30T20:55:07.546208,Building,
1842,144,"2127 DWIGHT Way (PROJECT: 2127-2159 DWIGHT Way)",B2024-00460,"PSC Review",Corrections,2024-03-04,,dc,,,accela,2026-03-30T20:55:07.546217,Building,
1843,144,"2127 DWIGHT Way (PROJECT: 2127-2159 DWIGHT Way)",B2024-00460,"PSC Review",Corrections,2024-05-31,,dc,,,accela,2026-03-30T20:55:07.546223,Building,
1844,144,"2127 DWIGHT Way (PROJECT: 2127-2159 DWIGHT Way)",B2024-00460,"PSC Review",Corrections,2024-07-30,,dc,,,accela,2026-03-30T20:55:07.546229,Building,
1845,144,"2127 DWIGHT Way (PROJECT: 2127-2159 DWIGHT Way)",B2024-00460,"PSC Review",Corrections,2024-09-03,,dc,,,accela,2026-03-30T20:55:07.546234,Building,
1846,144,"2127 DWIGHT Way (PROJECT: 2127-2159 DWIGHT Way)",B2024-00460,"PSC Review","Approved w/Conditions",2024-10-01,,"Shanitra Roan",,,accela,2026-03-30T20:55:07.546241,Building,
1847,144,"2127 DWIGHT Way (PROJECT: 2127-2159 DWIGHT Way)",B2024-00460,"Consolidated Comments","Corrections List Issued",2024-03-05,,dc,,,accela,2026-03-30T20:55:07.546250,Building,
1848,144,"2127 DWIGHT Way (PROJECT: 2127-2159 DWIGHT Way)",B2024-00460,"Consolidated Comments",Resubmittal1,2024-04-05,,ADM,,,accela,2026-03-30T20:55:07.546256,Building,
1849,144,"2127 DWIGHT Way (PROJECT: 2127-2159 DWIGHT Way)",B2024-00460,"Consolidated Comments","Corrections List Issued",2024-05-31,,dc,,,accela,2026-03-30T20:55:07.546262,Building,
1850,144,"2127 DWIGHT Way (PROJECT: 2127-2159 DWIGHT Way)",B2024-00460,"Consolidated Comments",Resubmittal2,2024-07-01,,ADM,,,accela,2026-03-30T20:55:07.546268,Building,
1851,144,"2127 DWIGHT Way (PROJECT: 2127-2159 DWIGHT Way)",B2024-00460,"Consolidated Comments","Corrections List Issued",2024-07-30,,dc,,,accela,2026-03-30T20:55:07.546274,Building,
1852,144,"2127 DWIGHT Way (PROJECT: 2127-2159 DWIGHT Way)",B2024-00460,"Consolidated Comments",Resubmittal3+,2024-09-16,,"Chandra Vogt",,,accela,2026-03-30T20:55:07.546280,Building,
1853,144,"2127 DWIGHT Way (PROJECT: 2127-2159 DWIGHT Way)",B2024-00460,"Consolidated Comments","Corrections List Issued",2024-09-03,,dc,,,accela,2026-03-30T20:55:07.546286,Building,
1854,144,"2127 DWIGHT Way (PROJECT: 2127-2159 DWIGHT Way)",B2024-00460,"Consolidated Comments","Ready To Issue",2024-10-04,,"Autumn Maltbie",,,accela,2026-03-30T20:55:07.546292,Building,
1855,144,"2127 DWIGHT Way (PROJECT: 2127-2159 DWIGHT Way)",B2024-00460,Issuance,Issued,2024-10-24,,"Ramona Smith",,,accela,2026-03-30T20:55:07.546303,Building,
1856,144,"2127 DWIGHT Way (PROJECT: 2127-2159 DWIGHT Way)",B2024-00763,Inspection,"Plan Distribution",2024-02-21,,RLW,,,accela,2026-03-30T20:55:07.546478,Building,
1857,144,"2127 DWIGHT Way (PROJECT: 2127-2159 DWIGHT Way)",B2024-00763,Inspection,"Plan Distribution",2024-04-30,,"Shanitra Roan",,,accela,2026-03-30T20:55:07.546490,Building,
1858,144,"2127 DWIGHT Way (PROJECT: 2127-2159 DWIGHT Way)",B2024-00763,Inspection,"Documents Uploaded",2024-04-30,,ADM,,,accela,2026-03-30T20:55:07.546496,Building,
1859,144,"2127 DWIGHT Way (PROJECT: 2127-2159 DWIGHT Way)",B2024-00763,Inspection,"Documents Uploaded",2024-07-01,,ADM,,,accela,2026-03-30T20:55:07.546503,Building,
1860,144,"2127 DWIGHT Way (PROJECT: 2127-2159 DWIGHT Way)",B2024-00763,Inspection,"Plan Distribution",2024-07-05,,YM,,,accela,2026-03-30T20:55:07.546510,Building,
1861,144,"2127 DWIGHT Way (PROJECT: 2127-2159 DWIGHT Way)",B2024-00763,Inspection,"Plan Distribution",2024-08-13,,RLW,,,accela,2026-03-30T20:55:07.546516,Building,
1862,144,"2127 DWIGHT Way (PROJECT: 2127-2159 DWIGHT Way)",B2024-00763,Inspection,"Documents Uploaded",2024-09-16,,ADM,,,accela,2026-03-30T20:55:07.546522,Building,
1863,144,"2127 DWIGHT Way (PROJECT: 2127-2159 DWIGHT Way)",B2024-00763,Inspection,"Plan Distribution",2024-09-16,,"Chandra Vogt",,,accela,2026-03-30T20:55:07.546529,Building,
1864,144,"2127 DWIGHT Way (PROJECT: 2127-2159 DWIGHT Way)",B2024-00763,Inspection,"Documents Uploaded",2024-10-07,,ADM,,,accela,2026-03-30T20:55:07.546536,Building,
1865,144,"2127 DWIGHT Way (PROJECT: 2127-2159 DWIGHT Way)",B2024-00763,Inspection,Auto-Closed,2024-10-07,,ADM,,,accela,2026-03-30T20:55:07.546542,Building,
1866,144,"2127 DWIGHT Way (PROJECT: 2127-2159 DWIGHT Way)",B2024-00763,Inspection,"Documents Uploaded",2024-12-05,,ADM,,,accela,2026-03-30T20:55:07.546548,Building,
1867,144,"2127 DWIGHT Way (PROJECT: 2127-2159 DWIGHT Way)",B2024-00763,Inspection,"Documents Uploaded",2024-12-18,,ADM,,,accela,2026-03-30T20:55:07.546554,Building,
1868,144,"2127 DWIGHT Way (PROJECT: 2127-2159 DWIGHT Way)",B2024-00763,Inspection,"Documents Uploaded",2026-03-19,,ADM,,,accela,2026-03-30T20:55:07.546561,Building,
1869,144,"2127 DWIGHT Way (PROJECT: 2127-2159 DWIGHT Way)",B2024-00763,Inspection,"Pending Payment",2024-02-21,,RLW,,,accela,2026-03-30T20:55:07.546570,Building,
1870,144,"2127 DWIGHT Way (PROJECT: 2127-2159 DWIGHT Way)",B2024-00763,Inspection,Route,2024-02-27,,"Ramona Smith",,,accela,2026-03-30T20:55:07.546576,Building,
1871,144,"2127 DWIGHT Way (PROJECT: 2127-2159 DWIGHT Way)",B2024-00763,Inspection,Route,2024-04-30,,"Shanitra Roan",,,accela,2026-03-30T20:55:07.546582,Building,
1872,144,"2127 DWIGHT Way (PROJECT: 2127-2159 DWIGHT Way)",B2024-00763,Inspection,Route,2024-07-05,,YM,,,accela,2026-03-30T20:55:07.546588,Building,
1873,144,"2127 DWIGHT Way (PROJECT: 2127-2159 DWIGHT Way)",B2024-00763,Inspection,Route,2024-08-13,,RLW,,,accela,2026-03-30T20:55:07.546595,Building,
1874,144,"2127 DWIGHT Way (PROJECT: 2127-2159 DWIGHT Way)",B2024-00763,Inspection,Route,2024-09-16,,"Chandra Vogt",,,accela,2026-03-30T20:55:07.546601,Building,
1875,144,"2127 DWIGHT Way (PROJECT: 2127-2159 DWIGHT Way)",B2024-00763,"Building and Safety Review",Assigned,2024-02-28,,"Kong Chung",,,accela,2026-03-30T20:55:07.546611,Building,
1876,144,"2127 DWIGHT Way (PROJECT: 2127-2159 DWIGHT Way)",B2024-00763,"Building and Safety Review",Corrections,2024-04-03,,"Kong Chung",,,accela,2026-03-30T20:55:07.546617,Building,
1877,144,"2127 DWIGHT Way (PROJECT: 2127-2159 DWIGHT Way)",B2024-00763,"Building and Safety Review","Review Needed",2024-04-30,,"Shanitra Roan",,,accela,2026-03-30T20:55:07.546623,Building,
1878,144,"2127 DWIGHT Way (PROJECT: 2127-2159 DWIGHT Way)",B2024-00763,"Building and Safety Review",Corrections,2024-05-21,,"Kong Chung",,,accela,2026-03-30T20:55:07.546629,Building,
1879,144,"2127 DWIGHT Way (PROJECT: 2127-2159 DWIGHT Way)",B2024-00763,"Building and Safety Review","Review Needed",2024-07-05,,YM,,,accela,2026-03-30T20:55:07.546635,Building,
1880,144,"2127 DWIGHT Way (PROJECT: 2127-2159 DWIGHT Way)",B2024-00763,"Building and Safety Review",Corrections,2024-07-25,,"Kong Chung",,,accela,2026-03-30T20:55:07.546642,Building,
1881,144,"2127 DWIGHT Way (PROJECT: 2127-2159 DWIGHT Way)",B2024-00763,"Building and Safety Review","Review Needed",2024-08-13,,RLW,,,accela,2026-03-30T20:55:07.546648,Building,
1882,144,"2127 DWIGHT Way (PROJECT: 2127-2159 DWIGHT Way)",B2024-00763,"Building and Safety Review","Approved w/Conditions",2024-08-30,,"Kong Chung",,,accela,2026-03-30T20:55:07.546654,Building,
1883,144,"2127 DWIGHT Way (PROJECT: 2127-2159 DWIGHT Way)",B2024-00763,"Building and Safety Review","Review Needed",2024-09-16,,"Chandra Vogt",,,accela,2026-03-30T20:55:07.546660,Building,
1884,144,"2127 DWIGHT Way (PROJECT: 2127-2159 DWIGHT Way)",B2024-00763,"Zoning Review",Assigned,2024-02-28,,MJ,,,accela,2026-03-30T20:55:07.546669,Building,
1885,144,"2127 DWIGHT Way (PROJECT: 2127-2159 DWIGHT Way)",B2024-00763,"Zoning Review",Corrections,2024-04-09,,"Allison Riemer",,,accela,2026-03-30T20:55:07.546675,Building,
1886,144,"2127 DWIGHT Way (PROJECT: 2127-2159 DWIGHT Way)",B2024-00763,"Zoning Review","Review Needed",2024-04-30,,"Shanitra Roan",,,accela,2026-03-30T20:55:07.546681,Building,
1887,144,"2127 DWIGHT Way (PROJECT: 2127-2159 DWIGHT Way)",B2024-00763,"Zoning Review",Corrections,2024-05-22,,"Allison Riemer",,,accela,2026-03-30T20:55:07.546687,Building,
1888,144,"2127 DWIGHT Way (PROJECT: 2127-2159 DWIGHT Way)",B2024-00763,"Zoning Review","Review Needed",2024-07-05,,YM,,,accela,2026-03-30T20:55:07.546693,Building,
1889,144,"2127 DWIGHT Way (PROJECT: 2127-2159 DWIGHT Way)",B2024-00763,"Zoning Review",Corrections,2024-07-22,,"Allison Riemer",,,accela,2026-03-30T20:55:07.546701,Building,
1890,144,"2127 DWIGHT Way (PROJECT: 2127-2159 DWIGHT Way)",B2024-00763,"Zoning Review","Review Needed",2024-08-13,,RLW,,,accela,2026-03-30T20:55:07.546706,Building,
1891,144,"2127 DWIGHT Way (PROJECT: 2127-2159 DWIGHT Way)",B2024-00763,"Zoning Review",Corrections,2024-09-03,,"Allison Riemer",,,accela,2026-03-30T20:55:07.546713,Building,
1892,144,"2127 DWIGHT Way (PROJECT: 2127-2159 DWIGHT Way)",B2024-00763,"Zoning Review","Review Needed",2024-09-16,,"Chandra Vogt",,,accela,2026-03-30T20:55:07.546719,Building,
1893,144,"2127 DWIGHT Way (PROJECT: 2127-2159 DWIGHT Way)",B2024-00763,"Zoning Review",Approved,2024-10-04,,"Allison Riemer",,,accela,2026-03-30T20:55:07.546725,Building,
1894,144,"2127 DWIGHT Way (PROJECT: 2127-2159 DWIGHT Way)",B2024-00763,"Fire Review",Corrections,2024-04-10,,"Jesus Del",,,accela,2026-03-30T20:55:07.546733,Building,
1895,144,"2127 DWIGHT Way (PROJECT: 2127-2159 DWIGHT Way)",B2024-00763,"Fire Review",Corrections,2024-05-28,,"Jesus Del",,,accela,2026-03-30T20:55:07.546740,Building,
1896,144,"2127 DWIGHT Way (PROJECT: 2127-2159 DWIGHT Way)",B2024-00763,"Fire Review",Corrections,2024-07-26,,"Jesus Del",,,accela,2026-03-30T20:55:07.546746,Building,
1897,144,"2127 DWIGHT Way (PROJECT: 2127-2159 DWIGHT Way)",B2024-00763,"Fire Review","Approved w/Conditions",2024-09-03,,"Jesus Del",,,accela,2026-03-30T20:55:07.546753,Building,
1898,144,"2127 DWIGHT Way (PROJECT: 2127-2159 DWIGHT Way)",B2024-00763,"Public Works Review",Approved,2024-04-07,,,,,accela,2026-03-30T20:55:07.546761,Building,
1899,144,"2127 DWIGHT Way (PROJECT: 2127-2159 DWIGHT Way)",B2024-00763,"Public Works Review",Corrections,2024-04-09,,M,,,accela,2026-03-30T20:55:07.546769,Building,
1900,144,"2127 DWIGHT Way (PROJECT: 2127-2159 DWIGHT Way)",B2024-00763,"Public Works Review","Review Needed",2024-04-30,,"Shanitra Roan",,,accela,2026-03-30T20:55:07.546775,Building,
1901,144,"2127 DWIGHT Way (PROJECT: 2127-2159 DWIGHT Way)",B2024-00763,"Public Works Review",Corrections,2024-05-22,,M,,,accela,2026-03-30T20:55:07.546781,Building,
1902,144,"2127 DWIGHT Way (PROJECT: 2127-2159 DWIGHT Way)",B2024-00763,"Public Works Review","Review Needed",2024-07-05,,YM,,,accela,2026-03-30T20:55:07.546787,Building,
1903,144,"2127 DWIGHT Way (PROJECT: 2127-2159 DWIGHT Way)",B2024-00763,"Public Works Review","Approved w/Conditions",2024-07-25,,M,,,accela,2026-03-30T20:55:07.546793,Building,
1904,144,"2127 DWIGHT Way (PROJECT: 2127-2159 DWIGHT Way)",B2024-00763,"PSC Review",Corrections,2024-04-11,,"Shanitra Roan",,,accela,2026-03-30T20:55:07.546801,Building,
1905,144,"2127 DWIGHT Way (PROJECT: 2127-2159 DWIGHT Way)",B2024-00763,"PSC Review",Corrections,2024-05-29,,"Shanitra Roan",,,accela,2026-03-30T20:55:07.546809,Building,
1906,144,"2127 DWIGHT Way (PROJECT: 2127-2159 DWIGHT Way)",B2024-00763,"PSC Review",Corrections,2024-07-28,,dc,,,accela,2026-03-30T20:55:07.546815,Building,
1907,144,"2127 DWIGHT Way (PROJECT: 2127-2159 DWIGHT Way)",B2024-00763,"PSC Review",Corrections,2024-09-03,,dc,,,accela,2026-03-30T20:55:07.546821,Building,
1908,144,"2127 DWIGHT Way (PROJECT: 2127-2159 DWIGHT Way)",B2024-00763,"PSC Review","Approved w/Conditions",2024-10-07,,"Mariafelisa Baber",,,accela,2026-03-30T20:55:07.546827,Building,
1909,144,"2127 DWIGHT Way (PROJECT: 2127-2159 DWIGHT Way)",B2024-00763,"Consolidated Comments","Corrections List Issued",2024-04-11,,"Shanitra Roan",,,accela,2026-03-30T20:55:07.546838,Building,
1910,144,"2127 DWIGHT Way (PROJECT: 2127-2159 DWIGHT Way)",B2024-00763,"Consolidated Comments",Resubmittal1,2024-04-30,,"Shanitra Roan",,,accela,2026-03-30T20:55:07.546844,Building,
1911,144,"2127 DWIGHT Way (PROJECT: 2127-2159 DWIGHT Way)",B2024-00763,"Consolidated Comments",Auto-Closed,2024-04-30,,ADM,,,accela,2026-03-30T20:55:07.546849,Building,
1912,144,"2127 DWIGHT Way (PROJECT: 2127-2159 DWIGHT Way)",B2024-00763,"Consolidated Comments","Corrections List Issued",2024-05-29,,"Shanitra Roan",,,accela,2026-03-30T20:55:07.546856,Building,
1913,144,"2127 DWIGHT Way (PROJECT: 2127-2159 DWIGHT Way)",B2024-00763,"Consolidated Comments",Auto-Closed,2024-07-01,,ADM,,,accela,2026-03-30T20:55:07.546861,Building,
1914,144,"2127 DWIGHT Way (PROJECT: 2127-2159 DWIGHT Way)",B2024-00763,"Consolidated Comments","Corrections List Issued",2024-07-28,,dc,,,accela,2026-03-30T20:55:07.546868,Building,
1915,144,"2127 DWIGHT Way (PROJECT: 2127-2159 DWIGHT Way)",B2024-00763,"Consolidated Comments",Resubmittal3+,2024-08-13,,RLW,,,accela,2026-03-30T20:55:07.546874,Building,
1916,144,"2127 DWIGHT Way (PROJECT: 2127-2159 DWIGHT Way)",B2024-00763,"Consolidated Comments","Corrections List Issued",2024-09-03,,dc,,,accela,2026-03-30T20:55:07.546880,Building,
1917,144,"2127 DWIGHT Way (PROJECT: 2127-2159 DWIGHT Way)",B2024-00763,"Consolidated Comments",Resubmittal3+,2024-09-16,,"Chandra Vogt",,,accela,2026-03-30T20:55:07.546886,Building,
1918,144,"2127 DWIGHT Way (PROJECT: 2127-2159 DWIGHT Way)",B2024-00763,"Consolidated Comments","Ready To Issue",2024-10-08,,"Autumn Maltbie",,,accela,2026-03-30T20:55:07.546892,Building,
1919,144,"2127 DWIGHT Way (PROJECT: 2127-2159 DWIGHT Way)",B2024-00763,Issuance,Issued,2024-10-24,,"Ramona Smith",,,accela,2026-03-30T20:55:07.546900,Building,
1920,144,"2127 DWIGHT Way (PROJECT: 2127-2159 DWIGHT Way)",B2024-00763,Inspection,Auto-Closed,2024-12-05,,ADM,,,accela,2026-03-30T20:55:07.546909,Building,
1921,144,"2127 DWIGHT Way (PROJECT: 2127-2159 DWIGHT Way)",B2024-00763,Inspection,Auto-Closed,2024-12-18,,ADM,,,accela,2026-03-30T20:55:07.546915,Building,
1922,144,"2127 DWIGHT Way (PROJECT: 2127-2159 DWIGHT Way)",B2024-00331,Inspection,"Plan Distribution",2024-01-23,,RLW,,,accela,2026-03-30T20:55:07.547010,Building,
1923,144,"2127 DWIGHT Way (PROJECT: 2127-2159 DWIGHT Way)",B2024-00331,Inspection,"Plan Distribution",2024-02-26,,"Autumn Maltbie",,,accela,2026-03-30T20:55:07.547021,Building,
1924,144,"2127 DWIGHT Way (PROJECT: 2127-2159 DWIGHT Way)",B2024-00331,Inspection,"Documents Uploaded",2024-02-26,,ADM,,,accela,2026-03-30T20:55:07.547027,Building,
1925,144,"2127 DWIGHT Way (PROJECT: 2127-2159 DWIGHT Way)",B2024-00331,Inspection,Auto-Closed,2024-02-26,,ADM,,,accela,2026-03-30T20:55:07.547033,Building,
1926,144,"2127 DWIGHT Way (PROJECT: 2127-2159 DWIGHT Way)",B2024-00331,Inspection,"Documents Uploaded",2024-03-15,,ADM,,,accela,2026-03-30T20:55:07.547039,Building,
1927,144,"2127 DWIGHT Way (PROJECT: 2127-2159 DWIGHT Way)",B2024-00331,Inspection,Auto-Closed,2024-03-15,,ADM,,,accela,2026-03-30T20:55:07.547044,Building,
1928,144,"2127 DWIGHT Way (PROJECT: 2127-2159 DWIGHT Way)",B2024-00331,Inspection,"Plan Distribution",2024-03-18,,"Shanitra Roan",,,accela,2026-03-30T20:55:07.547050,Building,
1929,144,"2127 DWIGHT Way (PROJECT: 2127-2159 DWIGHT Way)",B2024-00331,Inspection,"Documents Uploaded",2024-07-03,,ADM,,,accela,2026-03-30T20:55:07.547057,Building,
1930,144,"2127 DWIGHT Way (PROJECT: 2127-2159 DWIGHT Way)",B2024-00331,Inspection,Auto-Closed,2024-07-03,,ADM,,,accela,2026-03-30T20:55:07.547062,Building,
1931,144,"2127 DWIGHT Way (PROJECT: 2127-2159 DWIGHT Way)",B2024-00331,Inspection,"Plan Distribution",2024-07-05,,"Shanitra Roan",,,accela,2026-03-30T20:55:07.547069,Building,
1932,144,"2127 DWIGHT Way (PROJECT: 2127-2159 DWIGHT Way)",B2024-00331,Inspection,"Documents Uploaded",2024-08-27,,ADM,,,accela,2026-03-30T20:55:07.547075,Building,
1933,144,"2127 DWIGHT Way (PROJECT: 2127-2159 DWIGHT Way)",B2024-00331,Inspection,Auto-Closed,2024-08-27,,ADM,,,accela,2026-03-30T20:55:07.547081,Building,
1934,144,"2127 DWIGHT Way (PROJECT: 2127-2159 DWIGHT Way)",B2024-00331,Inspection,"Plan Distribution",2024-08-29,,RLW,,,accela,2026-03-30T20:55:07.547088,Building,
1935,144,"2127 DWIGHT Way (PROJECT: 2127-2159 DWIGHT Way)",B2024-00331,Inspection,"Documents Uploaded",2024-09-09,,ADM,,,accela,2026-03-30T20:55:07.547094,Building,
1936,144,"2127 DWIGHT Way (PROJECT: 2127-2159 DWIGHT Way)",B2024-00331,Inspection,"Go to Consolidated Comments",2024-09-10,,RLW,,,accela,2026-03-30T20:55:07.547100,Building,
1937,144,"2127 DWIGHT Way (PROJECT: 2127-2159 DWIGHT Way)",B2024-00331,Inspection,"Pending Payment",2024-01-23,,RLW,,,accela,2026-03-30T20:55:07.547108,Building,
1938,144,"2127 DWIGHT Way (PROJECT: 2127-2159 DWIGHT Way)",B2024-00331,Inspection,Route,2024-01-24,,ADM,,,accela,2026-03-30T20:55:07.547114,Building,
1939,144,"2127 DWIGHT Way (PROJECT: 2127-2159 DWIGHT Way)",B2024-00331,Inspection,Route,2024-02-26,,"Autumn Maltbie",,,accela,2026-03-30T20:55:07.547120,Building,
1940,144,"2127 DWIGHT Way (PROJECT: 2127-2159 DWIGHT Way)",B2024-00331,Inspection,Route,2024-03-18,,"Shanitra Roan",,,accela,2026-03-30T20:55:07.547126,Building,
1941,144,"2127 DWIGHT Way (PROJECT: 2127-2159 DWIGHT Way)",B2024-00331,Inspection,Route,2024-07-05,,"Shanitra Roan",,,accela,2026-03-30T20:55:07.547132,Building,
1942,144,"2127 DWIGHT Way (PROJECT: 2127-2159 DWIGHT Way)",B2024-00331,Inspection,Route,2024-08-29,,RLW,,,accela,2026-03-30T20:55:07.547138,Building,
1943,144,"2127 DWIGHT Way (PROJECT: 2127-2159 DWIGHT Way)",B2024-00331,"Building and Safety Review",Corrections,2024-01-31,,"Avotcja Jones",,,accela,2026-03-30T20:55:07.547146,Building,
1944,144,"2127 DWIGHT Way (PROJECT: 2127-2159 DWIGHT Way)",B2024-00331,"Building and Safety Review","Approved w/Conditions",2024-03-04,,"Avotcja Jones",,,accela,2026-03-30T20:55:07.547152,Building,
1945,144,"2127 DWIGHT Way (PROJECT: 2127-2159 DWIGHT Way)",B2024-00331,"Building and Safety Review","Approved w/Conditions",2024-03-25,,"Avotcja Jones",,,accela,2026-03-30T20:55:07.547815,Building,
1946,144,"2127 DWIGHT Way (PROJECT: 2127-2159 DWIGHT Way)",B2024-00331,"Zoning Review",Assigned,2024-01-25,,MJ,,,accela,2026-03-30T20:55:07.547828,Building,
1947,144,"2127 DWIGHT Way (PROJECT: 2127-2159 DWIGHT Way)",B2024-00331,"Zoning Review",Corrections,2024-02-01,,"Allison Riemer",,,accela,2026-03-30T20:55:07.547834,Building,
1948,144,"2127 DWIGHT Way (PROJECT: 2127-2159 DWIGHT Way)",B2024-00331,"Zoning Review",Corrections,2024-03-04,,"Allison Riemer",,,accela,2026-03-30T20:55:07.547841,Building,
1949,144,"2127 DWIGHT Way (PROJECT: 2127-2159 DWIGHT Way)",B2024-00331,"Zoning Review",Corrections,2024-03-25,,"Allison Riemer",,,accela,2026-03-30T20:55:07.547847,Building,
1950,144,"2127 DWIGHT Way (PROJECT: 2127-2159 DWIGHT Way)",B2024-00331,"Zoning Review","Review Needed",2024-07-05,,"Shanitra Roan",,,accela,2026-03-30T20:55:07.547853,Building,
1951,144,"2127 DWIGHT Way (PROJECT: 2127-2159 DWIGHT Way)",B2024-00331,"Zoning Review",Corrections,2024-07-15,,"Allison Riemer",,,accela,2026-03-30T20:55:07.547859,Building,
1952,144,"2127 DWIGHT Way (PROJECT: 2127-2159 DWIGHT Way)",B2024-00331,"Zoning Review","Review Needed",2024-08-29,,RLW,,,accela,2026-03-30T20:55:07.547865,Building,
1953,144,"2127 DWIGHT Way (PROJECT: 2127-2159 DWIGHT Way)",B2024-00331,"Zoning Review",Approved,2024-09-06,,"Allison Riemer",,,accela,2026-03-30T20:55:07.547872,Building,
1954,144,"2127 DWIGHT Way (PROJECT: 2127-2159 DWIGHT Way)",B2024-00331,"Fire Review",Corrections,2024-02-01,,"Jesus Del",,,accela,2026-03-30T20:55:07.547880,Building,
1955,144,"2127 DWIGHT Way (PROJECT: 2127-2159 DWIGHT Way)",B2024-00331,"Fire Review","Approved w/Conditions",2024-03-04,,"Jesus Del",,,accela,2026-03-30T20:55:07.547886,Building,
1956,144,"2127 DWIGHT Way (PROJECT: 2127-2159 DWIGHT Way)",B2024-00331,"Fire Review",Approved,2024-01-25,,,,,accela,2026-03-30T20:55:07.547894,Building,
1957,144,"2127 DWIGHT Way (PROJECT: 2127-2159 DWIGHT Way)",B2024-00331,"Fire Review",Approved,2024-02-27,,,,,accela,2026-03-30T20:55:07.547901,Building,
1958,144,"2127 DWIGHT Way (PROJECT: 2127-2159 DWIGHT Way)",B2024-00331,"Public Works Review",Corrections,2024-01-25,,,,,accela,2026-03-30T20:55:07.547909,Building,
1959,144,"2127 DWIGHT Way (PROJECT: 2127-2159 DWIGHT Way)",B2024-00331,"Public Works Review",Corrections,2024-02-27,,,,,accela,2026-03-30T20:55:07.547915,Building,
1960,144,"2127 DWIGHT Way (PROJECT: 2127-2159 DWIGHT Way)",B2024-00331,"Public Works Review",Approved,2024-03-19,,,,,accela,2026-03-30T20:55:07.547922,Building,
1961,144,"2127 DWIGHT Way (PROJECT: 2127-2159 DWIGHT Way)",B2024-00331,"Public Works Review","Approved w/Conditions",2024-03-03,,jc,,,accela,2026-03-30T20:55:07.547937,Building,
1962,144,"2127 DWIGHT Way (PROJECT: 2127-2159 DWIGHT Way)",B2024-00331,"PSC Review",Corrections,2024-02-02,,"Shanitra Roan",,,accela,2026-03-30T20:55:07.547946,Building,
1963,144,"2127 DWIGHT Way (PROJECT: 2127-2159 DWIGHT Way)",B2024-00331,"PSC Review",Corrections,2024-03-05,,dc,,,accela,2026-03-30T20:55:07.547952,Building,
1964,144,"2127 DWIGHT Way (PROJECT: 2127-2159 DWIGHT Way)",B2024-00331,"PSC Review",Corrections,2024-03-25,,dc,,,accela,2026-03-30T20:55:07.547958,Building,
1965,144,"2127 DWIGHT Way (PROJECT: 2127-2159 DWIGHT Way)",B2024-00331,"PSC Review",Corrections,2024-07-15,,dc,,,accela,2026-03-30T20:55:07.547964,Building,
1966,144,"2127 DWIGHT Way (PROJECT: 2127-2159 DWIGHT Way)",B2024-00331,"PSC Review","Approved w/Conditions",2024-09-09,,"Mariafelisa Baber",,,accela,2026-03-30T20:55:07.547970,Building,
1967,144,"2127 DWIGHT Way (PROJECT: 2127-2159 DWIGHT Way)",B2024-00331,"Consolidated Comments","Corrections List Issued",2024-02-02,,"Shanitra Roan",,,accela,2026-03-30T20:55:07.547981,Building,
1968,144,"2127 DWIGHT Way (PROJECT: 2127-2159 DWIGHT Way)",B2024-00331,"Consolidated Comments",Resubmittal1,2024-02-26,,"Autumn Maltbie",,,accela,2026-03-30T20:55:07.547987,Building,
1969,144,"2127 DWIGHT Way (PROJECT: 2127-2159 DWIGHT Way)",B2024-00331,"Consolidated Comments",Auto-Closed,2024-02-26,,ADM,,,accela,2026-03-30T20:55:07.547993,Building,
1970,144,"2127 DWIGHT Way (PROJECT: 2127-2159 DWIGHT Way)",B2024-00331,"Consolidated Comments","Corrections List Issued",2024-03-05,,dc,,,accela,2026-03-30T20:55:07.548000,Building,
1971,144,"2127 DWIGHT Way (PROJECT: 2127-2159 DWIGHT Way)",B2024-00331,"Consolidated Comments",Auto-Closed,2024-03-15,,ADM,,,accela,2026-03-30T20:55:07.548006,Building,
1972,144,"2127 DWIGHT Way (PROJECT: 2127-2159 DWIGHT Way)",B2024-00331,"Consolidated Comments",Resubmittal2,2024-03-18,,"Shanitra Roan",,,accela,2026-03-30T20:55:07.548012,Building,
1973,144,"2127 DWIGHT Way (PROJECT: 2127-2159 DWIGHT Way)",B2024-00331,"Consolidated Comments","Corrections List Issued",2024-03-25,,dc,,,accela,2026-03-30T20:55:07.548019,Building,
1974,144,"2127 DWIGHT Way (PROJECT: 2127-2159 DWIGHT Way)",B2024-00331,"Consolidated Comments",Auto-Closed,2024-07-03,,ADM,,,accela,2026-03-30T20:55:07.548025,Building,
1975,144,"2127 DWIGHT Way (PROJECT: 2127-2159 DWIGHT Way)",B2024-00331,"Consolidated Comments",Resubmittal3,2024-07-05,,"Shanitra Roan",,,accela,2026-03-30T20:55:07.548032,Building,
1976,144,"2127 DWIGHT Way (PROJECT: 2127-2159 DWIGHT Way)",B2024-00331,"Consolidated Comments","Corrections List Issued",2024-07-15,,dc,,,accela,2026-03-30T20:55:07.548038,Building,
1977,144,"2127 DWIGHT Way (PROJECT: 2127-2159 DWIGHT Way)",B2024-00331,"Consolidated Comments",Auto-Closed,2024-08-27,,ADM,,,accela,2026-03-30T20:55:07.548044,Building,
1978,144,"2127 DWIGHT Way (PROJECT: 2127-2159 DWIGHT Way)",B2024-00331,"Consolidated Comments",Resubmittal3+,2024-08-29,,RLW,,,accela,2026-03-30T20:55:07.548051,Building,
1979,144,"2127 DWIGHT Way (PROJECT: 2127-2159 DWIGHT Way)",B2024-00331,"Consolidated Comments",Auto-Closed,2024-09-09,,ADM,,,accela,2026-03-30T20:55:07.548057,Building,
1980,144,"2127 DWIGHT Way (PROJECT: 2127-2159 DWIGHT Way)",B2024-00331,"Consolidated Comments","Ready To Issue",2024-09-10,,RLW,,,accela,2026-03-30T20:55:07.548063,Building,
1981,144,"2127 DWIGHT Way (PROJECT: 2127-2159 DWIGHT Way)",B2024-00331,Issuance,Issued,2024-09-10,,RLW,,,accela,2026-03-30T20:55:07.548073,Building,
1982,144,"2127 DWIGHT Way (PROJECT: 2127-2159 DWIGHT Way)",B2024-00331,Inspection,Finaled,2025-03-03,,SR,,,accela,2026-03-30T20:55:07.548082,Building,
1983,144,"2127 DWIGHT Way (PROJECT: 2127-2159 DWIGHT Way)",B2024-00332,Inspection,"Plan Distribution",2024-01-23,,RLW,,,accela,2026-03-30T20:55:07.548142,Building,
1984,144,"2127 DWIGHT Way (PROJECT: 2127-2159 DWIGHT Way)",B2024-00332,Inspection,"Documents Uploaded",2024-02-26,,ADM,,,accela,2026-03-30T20:55:07.548153,Building,
1985,144,"2127 DWIGHT Way (PROJECT: 2127-2159 DWIGHT Way)",B2024-00332,Inspection,Auto-Closed,2024-02-26,,ADM,,,accela,2026-03-30T20:55:07.548159,Building,
1986,144,"2127 DWIGHT Way (PROJECT: 2127-2159 DWIGHT Way)",B2024-00332,Inspection,"Plan Distribution",2024-02-27,,"Autumn Maltbie",,,accela,2026-03-30T20:55:07.548166,Building,
1987,144,"2127 DWIGHT Way (PROJECT: 2127-2159 DWIGHT Way)",B2024-00332,Inspection,"Documents Uploaded",2024-03-15,,ADM,,,accela,2026-03-30T20:55:07.548172,Building,
1988,144,"2127 DWIGHT Way (PROJECT: 2127-2159 DWIGHT Way)",B2024-00332,Inspection,Auto-Closed,2024-03-15,,ADM,,,accela,2026-03-30T20:55:07.548178,Building,
1989,144,"2127 DWIGHT Way (PROJECT: 2127-2159 DWIGHT Way)",B2024-00332,Inspection,"Plan Distribution",2024-03-18,,"Shanitra Roan",,,accela,2026-03-30T20:55:07.548184,Building,
1990,144,"2127 DWIGHT Way (PROJECT: 2127-2159 DWIGHT Way)",B2024-00332,Inspection,"Documents Uploaded",2024-07-03,,ADM,,,accela,2026-03-30T20:55:07.548190,Building,
1991,144,"2127 DWIGHT Way (PROJECT: 2127-2159 DWIGHT Way)",B2024-00332,Inspection,Auto-Closed,2024-07-03,,ADM,,,accela,2026-03-30T20:55:07.548196,Building,
1992,144,"2127 DWIGHT Way (PROJECT: 2127-2159 DWIGHT Way)",B2024-00332,Inspection,"Plan Distribution",2024-07-05,,"Shanitra Roan",,,accela,2026-03-30T20:55:07.548202,Building,
1993,144,"2127 DWIGHT Way (PROJECT: 2127-2159 DWIGHT Way)",B2024-00332,Inspection,"Documents Uploaded",2024-08-27,,ADM,,,accela,2026-03-30T20:55:07.548208,Building,
1994,144,"2127 DWIGHT Way (PROJECT: 2127-2159 DWIGHT Way)",B2024-00332,Inspection,Auto-Closed,2024-08-27,,ADM,,,accela,2026-03-30T20:55:07.548214,Building,
1995,144,"2127 DWIGHT Way (PROJECT: 2127-2159 DWIGHT Way)",B2024-00332,Inspection,"Plan Distribution",2024-08-29,,RLW,,,accela,2026-03-30T20:55:07.548220,Building,
1996,144,"2127 DWIGHT Way (PROJECT: 2127-2159 DWIGHT Way)",B2024-00332,Inspection,"Documents Uploaded",2024-09-09,,ADM,,,accela,2026-03-30T20:55:07.548226,Building,
1997,144,"2127 DWIGHT Way (PROJECT: 2127-2159 DWIGHT Way)",B2024-00332,Inspection,"Go to Consolidated Comments",2024-09-10,,RLW,,,accela,2026-03-30T20:55:07.548232,Building,
1998,144,"2127 DWIGHT Way (PROJECT: 2127-2159 DWIGHT Way)",B2024-00332,Inspection,"Pending Payment",2024-01-23,,RLW,,,accela,2026-03-30T20:55:07.548241,Building,
1999,144,"2127 DWIGHT Way (PROJECT: 2127-2159 DWIGHT Way)",B2024-00332,Inspection,Route,2024-01-24,,ADM,,,accela,2026-03-30T20:55:07.548247,Building,
2000,144,"2127 DWIGHT Way (PROJECT: 2127-2159 DWIGHT Way)",B2024-00332,Inspection,Route,2024-02-27,,"Autumn Maltbie",,,accela,2026-03-30T20:55:07.548253,Building,
2001,144,"2127 DWIGHT Way (PROJECT: 2127-2159 DWIGHT Way)",B2024-00332,Inspection,Route,2024-03-18,,"Shanitra Roan",,,accela,2026-03-30T20:55:07.548259,Building,
2002,144,"2127 DWIGHT Way (PROJECT: 2127-2159 DWIGHT Way)",B2024-00332,Inspection,Route,2024-07-05,,"Shanitra Roan",,,accela,2026-03-30T20:55:07.548265,Building,
2003,144,"2127 DWIGHT Way (PROJECT: 2127-2159 DWIGHT Way)",B2024-00332,Inspection,Route,2024-08-29,,RLW,,,accela,2026-03-30T20:55:07.548271,Building,
2004,144,"2127 DWIGHT Way (PROJECT: 2127-2159 DWIGHT Way)",B2024-00332,"Building and Safety Review",Corrections,2024-01-31,,"Avotcja Jones",,,accela,2026-03-30T20:55:07.548279,Building,
2005,144,"2127 DWIGHT Way (PROJECT: 2127-2159 DWIGHT Way)",B2024-00332,"Building and Safety Review","Approved w/Conditions",2024-03-04,,"Avotcja Jones",,,accela,2026-03-30T20:55:07.548286,Building,
2006,144,"2127 DWIGHT Way (PROJECT: 2127-2159 DWIGHT Way)",B2024-00332,"Building and Safety Review","Approved w/Conditions",2024-03-25,,"Avotcja Jones",,,accela,2026-03-30T20:55:07.548292,Building,
2007,144,"2127 DWIGHT Way (PROJECT: 2127-2159 DWIGHT Way)",B2024-00332,"Zoning Review",Assigned,2024-01-25,,MJ,,,accela,2026-03-30T20:55:07.548300,Building,
2008,144,"2127 DWIGHT Way (PROJECT: 2127-2159 DWIGHT Way)",B2024-00332,"Zoning Review",Corrections,2024-02-01,,"Allison Riemer",,,accela,2026-03-30T20:55:07.548306,Building,
2009,144,"2127 DWIGHT Way (PROJECT: 2127-2159 DWIGHT Way)",B2024-00332,"Zoning Review",Corrections,2024-03-05,,"Allison Riemer",,,accela,2026-03-30T20:55:07.548312,Building,
2010,144,"2127 DWIGHT Way (PROJECT: 2127-2159 DWIGHT Way)",B2024-00332,"Zoning Review",Corrections,2024-03-25,,"Allison Riemer",,,accela,2026-03-30T20:55:07.548318,Building,
2011,144,"2127 DWIGHT Way (PROJECT: 2127-2159 DWIGHT Way)",B2024-00332,"Zoning Review","Review Needed",2024-07-05,,"Shanitra Roan",,,accela,2026-03-30T20:55:07.548324,Building,
2012,144,"2127 DWIGHT Way (PROJECT: 2127-2159 DWIGHT Way)",B2024-00332,"Zoning Review",Corrections,2024-07-15,,"Allison Riemer",,,accela,2026-03-30T20:55:07.548330,Building,
2013,144,"2127 DWIGHT Way (PROJECT: 2127-2159 DWIGHT Way)",B2024-00332,"Zoning Review","Review Needed",2024-08-29,,RLW,,,accela,2026-03-30T20:55:07.548378,Building,
2014,144,"2127 DWIGHT Way (PROJECT: 2127-2159 DWIGHT Way)",B2024-00332,"Zoning Review",Approved,2024-09-06,,"Allison Riemer",,,accela,2026-03-30T20:55:07.548384,Building,
2015,144,"2127 DWIGHT Way (PROJECT: 2127-2159 DWIGHT Way)",B2024-00332,"Fire Review",Corrections,2024-02-01,,"Jesus Del",,,accela,2026-03-30T20:55:07.548392,Building,
2016,144,"2127 DWIGHT Way (PROJECT: 2127-2159 DWIGHT Way)",B2024-00332,"Fire Review","Approved w/Conditions",2024-03-04,,"Jesus Del",,,accela,2026-03-30T20:55:07.548398,Building,
2017,144,"2127 DWIGHT Way (PROJECT: 2127-2159 DWIGHT Way)",B2024-00332,"Fire Review",Approved,2024-01-25,,,,,accela,2026-03-30T20:55:07.548407,Building,
2018,144,"2127 DWIGHT Way (PROJECT: 2127-2159 DWIGHT Way)",B2024-00332,"Fire Review",Approved,2024-02-28,,,,,accela,2026-03-30T20:55:07.548412,Building,
2019,144,"2127 DWIGHT Way (PROJECT: 2127-2159 DWIGHT Way)",B2024-00332,"Public Works Review",Corrections,2024-01-25,,,,,accela,2026-03-30T20:55:07.548420,Building,
2020,144,"2127 DWIGHT Way (PROJECT: 2127-2159 DWIGHT Way)",B2024-00332,"Public Works Review",Corrections,2024-02-29,,,,,accela,2026-03-30T20:55:07.548426,Building,
2021,144,"2127 DWIGHT Way (PROJECT: 2127-2159 DWIGHT Way)",B2024-00332,"Public Works Review",Approved,2024-03-19,,,,,accela,2026-03-30T20:55:07.548432,Building,
2022,144,"2127 DWIGHT Way (PROJECT: 2127-2159 DWIGHT Way)",B2024-00332,"Public Works Review","Approved w/Conditions",2024-03-03,,jc,,,accela,2026-03-30T20:55:07.548446,Building,
2023,144,"2127 DWIGHT Way (PROJECT: 2127-2159 DWIGHT Way)",B2024-00332,"PSC Review",Corrections,2024-02-02,,"Shanitra Roan",,,accela,2026-03-30T20:55:07.548454,Building,
2024,144,"2127 DWIGHT Way (PROJECT: 2127-2159 DWIGHT Way)",B2024-00332,"PSC Review",Corrections,2024-03-06,,dc,,,accela,2026-03-30T20:55:07.548460,Building,
2025,144,"2127 DWIGHT Way (PROJECT: 2127-2159 DWIGHT Way)",B2024-00332,"PSC Review",Corrections,2024-03-25,,dc,,,accela,2026-03-30T20:55:07.548466,Building,
2026,144,"2127 DWIGHT Way (PROJECT: 2127-2159 DWIGHT Way)",B2024-00332,"PSC Review",Corrections,2024-07-15,,dc,,,accela,2026-03-30T20:55:07.548471,Building,
2027,144,"2127 DWIGHT Way (PROJECT: 2127-2159 DWIGHT Way)",B2024-00332,"PSC Review","Approved w/Conditions",2024-09-09,,"Mariafelisa Baber",,,accela,2026-03-30T20:55:07.548478,Building,
2028,144,"2127 DWIGHT Way (PROJECT: 2127-2159 DWIGHT Way)",B2024-00332,"Consolidated Comments","Corrections List Issued",2024-02-02,,"Shanitra Roan",,,accela,2026-03-30T20:55:07.548488,Building,
2029,144,"2127 DWIGHT Way (PROJECT: 2127-2159 DWIGHT Way)",B2024-00332,"Consolidated Comments",Auto-Closed,2024-02-26,,ADM,,,accela,2026-03-30T20:55:07.548494,Building,
2030,144,"2127 DWIGHT Way (PROJECT: 2127-2159 DWIGHT Way)",B2024-00332,"Consolidated Comments",Resubmittal1,2024-02-27,,"Autumn Maltbie",,,accela,2026-03-30T20:55:07.548500,Building,
2031,144,"2127 DWIGHT Way (PROJECT: 2127-2159 DWIGHT Way)",B2024-00332,"Consolidated Comments","Corrections List Issued",2024-03-06,,dc,,,accela,2026-03-30T20:55:07.548506,Building,
2032,144,"2127 DWIGHT Way (PROJECT: 2127-2159 DWIGHT Way)",B2024-00332,"Consolidated Comments",Auto-Closed,2024-03-15,,ADM,,,accela,2026-03-30T20:55:07.548512,Building,
2033,144,"2127 DWIGHT Way (PROJECT: 2127-2159 DWIGHT Way)",B2024-00332,"Consolidated Comments",Resubmittal2,2024-03-18,,"Shanitra Roan",,,accela,2026-03-30T20:55:07.548518,Building,
2034,144,"2127 DWIGHT Way (PROJECT: 2127-2159 DWIGHT Way)",B2024-00332,"Consolidated Comments","Corrections List Issued",2024-03-25,,dc,,,accela,2026-03-30T20:55:07.548525,Building,
2035,144,"2127 DWIGHT Way (PROJECT: 2127-2159 DWIGHT Way)",B2024-00332,"Consolidated Comments",Auto-Closed,2024-07-03,,ADM,,,accela,2026-03-30T20:55:07.548532,Building,
2036,144,"2127 DWIGHT Way (PROJECT: 2127-2159 DWIGHT Way)",B2024-00332,"Consolidated Comments",Resubmittal3,2024-07-05,,"Shanitra Roan",,,accela,2026-03-30T20:55:07.548538,Building,
2037,144,"2127 DWIGHT Way (PROJECT: 2127-2159 DWIGHT Way)",B2024-00332,"Consolidated Comments","Corrections List Issued",2024-07-15,,dc,,,accela,2026-03-30T20:55:07.548544,Building,
2038,144,"2127 DWIGHT Way (PROJECT: 2127-2159 DWIGHT Way)",B2024-00332,"Consolidated Comments",Auto-Closed,2024-08-27,,ADM,,,accela,2026-03-30T20:55:07.548550,Building,
2039,144,"2127 DWIGHT Way (PROJECT: 2127-2159 DWIGHT Way)",B2024-00332,"Consolidated Comments",Resubmittal3+,2024-08-29,,RLW,,,accela,2026-03-30T20:55:07.548556,Building,
2040,144,"2127 DWIGHT Way (PROJECT: 2127-2159 DWIGHT Way)",B2024-00332,"Consolidated Comments",Auto-Closed,2024-09-09,,ADM,,,accela,2026-03-30T20:55:07.548562,Building,
2041,144,"2127 DWIGHT Way (PROJECT: 2127-2159 DWIGHT Way)",B2024-00332,"Consolidated Comments","Ready To Issue",2024-09-10,,RLW,,,accela,2026-03-30T20:55:07.548568,Building,
2042,144,"2127 DWIGHT Way (PROJECT: 2127-2159 DWIGHT Way)",B2024-00332,Issuance,Issued,2024-09-10,,RLW,,,accela,2026-03-30T20:55:07.548576,Building,
2043,144,"2127 DWIGHT Way (PROJECT: 2127-2159 DWIGHT Way)",B2024-00332,Inspection,Finaled,2025-03-03,,SR,,,accela,2026-03-30T20:55:07.548584,Building,
2044,41,"ZP2024-0096 2147 SAN PABLO Ave",ZP2024-0096,"Completeness Review","Incomplete Pending Applicant",2024-07-17,,"Boshi Fu",,,accela,2026-03-30T20:55:07.550009,Planning,
2045,41,"ZP2024-0096 2147 SAN PABLO Ave",ZP2024-0096,"Completeness Review","Resubmittal Pending Staff",2024-08-06,,"Boshi Fu",,,accela,2026-03-30T20:55:07.550020,Planning,
2046,41,"ZP2024-0096 2147 SAN PABLO Ave",ZP2024-0096,"Completeness Review","Incomplete Pending Applicant",2024-08-13,,"Boshi Fu",,,accela,2026-03-30T20:55:07.550029,Planning,
2047,41,"ZP2024-0096 2147 SAN PABLO Ave",ZP2024-0096,"Completeness Review","Resubmittal Pending Staff",2024-08-14,,"Boshi Fu",,,accela,2026-03-30T20:55:07.550037,Planning,
2048,41,"ZP2024-0096 2147 SAN PABLO Ave",ZP2024-0096,"Completeness Review","Application Complete",2024-08-28,,"Boshi Fu",,,accela,2026-03-30T20:55:07.550046,Planning,
2049,41,"ZP2024-0096 2147 SAN PABLO Ave",ZP2024-0096,"Application Processing","Corrections - Pending Applicant",2024-09-26,,"Allison Riemer",,,accela,2026-03-30T20:55:07.550059,Planning,
2050,41,"ZP2024-0096 2147 SAN PABLO Ave",ZP2024-0096,"Application Processing","Resubmittal - Pending Staff Review",2024-11-14,,"Allison Riemer",,,accela,2026-03-30T20:55:07.550068,Planning,
2051,41,"ZP2024-0096 2147 SAN PABLO Ave",ZP2024-0096,"Application Processing","Corrections - Pending Applicant",2024-12-13,,"Allison Riemer",,,accela,2026-03-30T20:55:07.550077,Planning,
2052,41,"ZP2024-0096 2147 SAN PABLO Ave",ZP2024-0096,"Application Processing","Resubmittal - Pending Staff Review",2024-12-18,,"Allison Riemer",,,accela,2026-03-30T20:55:07.550088,Planning,
2053,41,"ZP2024-0096 2147 SAN PABLO Ave",ZP2024-0096,"Application Processing","Corrections - Pending Applicant",2025-01-17,,"Allison Riemer",,,accela,2026-03-30T20:55:07.550097,Planning,
2054,41,"ZP2024-0096 2147 SAN PABLO Ave",ZP2024-0096,"Application Processing","Resubmittal - Pending Staff Review",2025-01-24,,"Allison Riemer",,,accela,2026-03-30T20:55:07.550106,Planning,
2055,41,"ZP2024-0096 2147 SAN PABLO Ave",ZP2024-0096,"Application Processing","Corrections - Pending Applicant",2025-02-21,,"Allison Riemer",,,accela,2026-03-30T20:55:07.550115,Planning,
2056,41,"ZP2024-0096 2147 SAN PABLO Ave",ZP2024-0096,"Application Processing","Resubmittal - Pending Staff Review",2025-03-28,,"Allison Riemer",,,accela,2026-03-30T20:55:07.550124,Planning,
2057,41,"ZP2024-0096 2147 SAN PABLO Ave",ZP2024-0096,"Application Processing","Corrections - Pending Applicant",2025-04-24,,"Allison Riemer",,,accela,2026-03-30T20:55:07.550133,Planning,
2058,41,"ZP2024-0096 2147 SAN PABLO Ave",ZP2024-0096,"Application Processing","Pending Final Action",2025-06-18,,"Allison Riemer",,,accela,2026-03-30T20:55:07.550141,Planning,
2059,41,"ZP2024-0096 2147 SAN PABLO Ave",ZP2024-0096,"CEQA Determination","Categorically Exempt",2025-09-09,,"Allison Riemer",,,accela,2026-03-30T20:55:07.550153,Planning,
2060,41,"ZP2024-0096 2147 SAN PABLO Ave",ZP2024-0096,"Staff Decision",Approved,2025-09-09,,"Allison Riemer",,,accela,2026-03-30T20:55:07.550166,Planning,
2061,164,"1752 SHATTUCK Ave",ZP2025-0046,"Completeness Review","Resubmittal Pending Staff",2025-05-08,,"Samella StoverDue",,,accela,2026-03-30T20:55:07.550698,Planning,
2062,164,"1752 SHATTUCK Ave",ZP2025-0046,"Completeness Review",Note,2025-05-08,,klComment,,,accela,2026-03-30T20:55:07.550707,Planning,
2063,164,"1752 SHATTUCK Ave",ZP2025-0046,"Completeness Review","Incomplete Pending Applicant",2025-05-27,,"Joshua MullerDue",,,accela,2026-03-30T20:55:07.550717,Planning,
2064,164,"1752 SHATTUCK Ave",ZP2025-0046,"Completeness Review","Resubmittal Pending Staff",2025-09-19,,"Joshua MullerDue",,,accela,2026-03-30T20:55:07.550726,Planning,
2065,164,"1752 SHATTUCK Ave",ZP2025-0046,"Completeness Review","Application Complete",2025-10-17,,"Joshua Muller",,,accela,2026-03-30T20:55:07.550734,Planning,
2066,164,"1752 SHATTUCK Ave",ZP2025-0046,"Application Processing","Pending Final Action",2025-12-15,,"Joshua Muller",,,accela,2026-03-30T20:55:07.550746,Planning,
2067,164,"1752 SHATTUCK Ave",ZP2025-0046,"CEQA Determination","Categorically Exempt",2026-01-22,,MJ,,,accela,2026-03-30T20:55:07.550759,Planning,
2068,164,"1752 SHATTUCK Ave",ZP2025-0046,"Staff Decision","Not Applicable",2026-01-27,,MJ,,,accela,2026-03-30T20:55:07.550771,Planning,
2069,164,"1752 SHATTUCK Ave",ZP2025-0046,Appeal,"No Appeal",2026-02-10,,MJ,,,accela,2026-03-30T20:55:07.550783,Planning,
2070,164,"1752 SHATTUCK Ave",ZP2025-0046,Appeal,"Notice Issued",2026-01-08,,MJ,,,accela,2026-03-30T20:55:07.550796,Planning,
2071,164,"1752 SHATTUCK Ave",ZP2025-0046,Appeal,"ZAB Approved",2026-01-22,,MJ,,,accela,2026-03-30T20:55:07.550808,Planning,
2072,164,"1752 SHATTUCK Ave",ZP2025-0046,Appeal,"Notice Issued",2026-01-22,,MJComment,,,accela,2026-03-30T20:55:07.550893,Planning,
2073,164,"1752 SHATTUCK Ave",ZP2025-0046,"Case Closed",Approved,2026-02-11,,MJ,,,accela,2026-03-30T20:55:07.550914,Planning,
2074,164,"1752 SHATTUCK Ave",DRCF2023-0001,"Completeness Review","Application Complete",2023-07-12,,M,,,accela,2026-03-30T20:55:07.550980,Planning,
2075,164,"1752 SHATTUCK Ave",DRCF2023-0001,"Completeness Review",Completed,2023-07-12,,M,,,accela,2026-03-30T20:55:07.550994,Planning,
2076,164,"1752 SHATTUCK Ave",DRCF2023-0001,"Completeness Review",Completed,2023-08-23,,M,,,accela,2026-03-30T20:55:07.551033,Planning,
2077,164,"1752 SHATTUCK Ave",DRCF2023-0001,"Completeness Review","No Notice Required",2023-07-13,,M,,,accela,2026-03-30T20:55:07.551052,Planning,
2078,164,"1752 SHATTUCK Ave",DRCF2023-0001,"Completeness Review",Completed,2023-07-13,,M,,,accela,2026-03-30T20:55:07.551099,Planning,
2079,164,"1752 SHATTUCK Ave",DRCF2023-0001,"Completeness Review",Approved,2023-07-20,,M,,,accela,2026-03-30T20:55:07.551136,Planning,
2080,164,"1752 SHATTUCK Ave",DRCF2023-0001,"Case Closed",Approved,2023-08-23,,M,,,accela,2026-03-30T20:55:07.551150,Planning,
2081,164,"1752 SHATTUCK Ave",ZP2022-0011,"Completeness Review","Incomplete Pending Applicant",2022-02-15,,"Ashley James",,,accela,2026-03-30T20:55:07.551212,Planning,
2082,164,"1752 SHATTUCK Ave",ZP2022-0011,"Completeness Review","Resubmittal Pending Staff",2022-03-03,,"Ashley James",,,accela,2026-03-30T20:55:07.551221,Planning,
2083,164,"1752 SHATTUCK Ave",ZP2022-0011,"Completeness Review","Incomplete Pending Applicant",2022-03-30,,"Sharon Gong",,,accela,2026-03-30T20:55:07.551230,Planning,
2084,164,"1752 SHATTUCK Ave",ZP2022-0011,"Completeness Review","Application Complete",2022-05-06,,"Sharon Gong",,,accela,2026-03-30T20:55:07.551238,Planning,
2085,164,"1752 SHATTUCK Ave",ZP2022-0011,"CEQA Determination","Negative Declaration Required",2022-05-06,,"Sharon Gong",,,accela,2026-03-30T20:55:07.551253,Planning,
2086,164,"1752 SHATTUCK Ave",ZP2022-0011,"Staff Decision",Approved,2023-01-12,,MJ,,,accela,2026-03-30T20:55:07.551265,Planning,
2087,164,"1752 SHATTUCK Ave",ZP2022-0011,Appeal,"No Appeal",2023-02-15,,"Sharon Gong",,,accela,2026-03-30T20:55:07.551288,Planning,
2088,164,"1752 SHATTUCK Ave",ZP2022-0011,"Case Closed",Approved,2023-02-15,,"Sharon Gong",,,accela,2026-03-30T20:55:07.551315,Planning,
2089,164,"1752 SHATTUCK Ave",DRCP2022-0001,"Completeness Review","Incomplete Pending Applicant",2022-02-16,,"Desiree Dougherty",,,accela,2026-03-30T20:55:07.551510,Planning,
2090,164,"1752 SHATTUCK Ave",DRCP2022-0001,"Completeness Review","Resubmittal Pending Staff",2022-03-03,,M,,,accela,2026-03-30T20:55:07.551519,Planning,
2091,164,"1752 SHATTUCK Ave",DRCP2022-0001,"Completeness Review","Application Complete",2022-03-30,,M,,,accela,2026-03-30T20:55:07.551527,Planning,
2092,164,"1752 SHATTUCK Ave",DRCP2022-0001,"Completeness Review",Completed,2022-09-07,,M,,,accela,2026-03-30T20:55:07.551540,Planning,
2093,164,"1752 SHATTUCK Ave",DRCP2022-0001,"Completeness Review",Completed,2023-08-23,,M,,,accela,2026-03-30T20:55:07.551553,Planning,
2094,164,"1752 SHATTUCK Ave",DRCP2022-0001,"Completeness Review","No Notice Required",2022-09-08,,M,,,accela,2026-03-30T20:55:07.551566,Planning,
2095,164,"1752 SHATTUCK Ave",DRCP2022-0001,"Completeness Review",Completed,2022-09-09,,M,,,accela,2026-03-30T20:55:07.551580,Planning,
2096,164,"1752 SHATTUCK Ave",DRCP2022-0001,"Completeness Review",Completed,2022-09-08,,M,,,accela,2026-03-30T20:55:07.551594,Planning,
2097,164,"1752 SHATTUCK Ave",DRCP2022-0001,"Completeness Review",Approved,2022-09-15,,M,,,accela,2026-03-30T20:55:07.551607,Planning,
2098,164,"1752 SHATTUCK Ave",DRCP2022-0001,"Case Closed",Approved,2022-09-29,,M,,,accela,2026-03-30T20:55:07.551670,Planning,
2099,164,"1752 SHATTUCK Ave",B2023-00774,"Case Closed","Documents Uploaded",2023-08-08,,ADM,,,accela,2026-03-30T20:55:07.551831,Building,
2100,164,"1752 SHATTUCK Ave",B2023-00774,"Case Closed",Auto-Closed,2023-08-08,,ADM,,,accela,2026-03-30T20:55:07.551840,Building,
2101,164,"1752 SHATTUCK Ave",B2023-00774,"Case Closed","Plan Distribution",2023-08-09,,Shanitra,,,accela,2026-03-30T20:55:07.551896,Building,
2102,164,"1752 SHATTUCK Ave",B2023-00774,"Case Closed","Documents Uploaded",2023-12-08,,"ADM Comment",,,accela,2026-03-30T20:55:07.551907,Building,
2103,164,"1752 SHATTUCK Ave",B2023-00774,"Case Closed",Auto-Closed,2023-12-08,,"ADM Comment",,,accela,2026-03-30T20:55:07.551914,Building,
2104,164,"1752 SHATTUCK Ave",B2023-00774,"Case Closed","Plan Distribution",2023-12-11,,Shanitra,,,accela,2026-03-30T20:55:07.551953,Building,
2105,164,"1752 SHATTUCK Ave",B2023-00774,"Case Closed","Documents Uploaded",2024-01-25,,"ADM Comment",,,accela,2026-03-30T20:55:07.551967,Building,
2106,164,"1752 SHATTUCK Ave",B2023-00774,"Case Closed","Plan Distribution",2024-01-26,,Shanitra,,,accela,2026-03-30T20:55:07.551974,Building,
2107,164,"1752 SHATTUCK Ave",B2023-00774,"Case Closed","Documents Uploaded",2024-02-09,,"ADM Comment",,,accela,2026-03-30T20:55:07.551985,Building,
2108,164,"1752 SHATTUCK Ave",B2023-00774,"Case Closed",Auto-Closed,2024-02-09,,"ADM Comment",,,accela,2026-03-30T20:55:07.551992,Building,
2109,164,"1752 SHATTUCK Ave",B2023-00774,"Case Closed","Plan Distribution",2024-02-13,,Shanitra,,,accela,2026-03-30T20:55:07.552007,Building,
2110,164,"1752 SHATTUCK Ave",B2023-00774,"Case Closed","Documents Uploaded",2024-03-22,,"ADM Comment",,,accela,2026-03-30T20:55:07.552016,Building,
2111,164,"1752 SHATTUCK Ave",B2023-00774,"Case Closed",Auto-Closed,2024-03-22,,"ADM Comment",,,accela,2026-03-30T20:55:07.552023,Building,
2112,164,"1752 SHATTUCK Ave",B2023-00774,"Case Closed","Plan Distribution",2024-03-25,,Shanitra,,,accela,2026-03-30T20:55:07.552064,Building,
2113,164,"1752 SHATTUCK Ave",B2023-00774,"Case Closed","Documents Uploaded",2024-12-12,,"ADM Comment",,,accela,2026-03-30T20:55:07.552074,Building,
2114,164,"1752 SHATTUCK Ave",B2023-00774,"Case Closed",Auto-Closed,2024-12-12,,"ADM Comment",,,accela,2026-03-30T20:55:07.552097,Building,
2115,164,"1752 SHATTUCK Ave",B2023-00774,"Case Closed","Documents Uploaded",2025-05-14,,ADM,,,accela,2026-03-30T20:55:07.552164,Building,
2116,164,"1752 SHATTUCK Ave",B2023-00774,"Case Closed","Documents Uploaded",2025-06-05,,ADM,,,accela,2026-03-30T20:55:07.552172,Building,
2117,164,"1752 SHATTUCK Ave",B2023-00774,"Case Closed",Auto-Closed,2025-06-05,,ADM,,,accela,2026-03-30T20:55:07.552180,Building,
2118,164,"1752 SHATTUCK Ave",B2023-00774,"Case Closed","Documents Uploaded",2025-10-08,,ADM,,,accela,2026-03-30T20:55:07.552188,Building,
2119,164,"1752 SHATTUCK Ave",B2023-00774,"Case Closed",Auto-Closed,2025-10-08,,ADM,,,accela,2026-03-30T20:55:07.552196,Building,
2120,164,"1752 SHATTUCK Ave",B2023-00774,"Case Closed","Documents Uploaded",2026-03-17,,ADM,,,accela,2026-03-30T20:55:07.552205,Building,
2121,164,"1752 SHATTUCK Ave",B2023-00774,"Case Closed","Pending Payment",2023-02-23,,Mariafelisa,,,accela,2026-03-30T20:55:07.552213,Building,
2122,164,"1752 SHATTUCK Ave",B2023-00774,"Case Closed",Route,2023-02-27,,Timothy,,,accela,2026-03-30T20:55:07.552221,Building,
2123,164,"1752 SHATTUCK Ave",B2023-00774,"Case Closed",Route,2023-08-09,,Shanitra,,,accela,2026-03-30T20:55:07.552228,Building,
2124,164,"1752 SHATTUCK Ave",B2023-00774,"Case Closed",Route,2023-12-11,,Shanitra,,,accela,2026-03-30T20:55:07.552236,Building,
2125,164,"1752 SHATTUCK Ave",B2023-00774,"Case Closed",Route,2024-01-26,,Shanitra,,,accela,2026-03-30T20:55:07.552244,Building,
2126,164,"1752 SHATTUCK Ave",B2023-00774,"Case Closed",Route,2024-02-13,,Shanitra,,,accela,2026-03-30T20:55:07.552251,Building,
2127,164,"1752 SHATTUCK Ave",B2023-00774,"Case Closed",Route,2024-03-25,,"Shanitra Roan",,,accela,2026-03-30T20:55:07.552259,Building,
2128,164,"1752 SHATTUCK Ave",B2023-00774,"Building and Safety Review",Assigned,2023-03-02,,Andrew,,,accela,2026-03-30T20:55:07.552277,Building,
2129,164,"1752 SHATTUCK Ave",B2023-00774,"Building and Safety Review",Corrections,2023-04-06,,Andrew,,,accela,2026-03-30T20:55:07.552285,Building,
2130,164,"1752 SHATTUCK Ave",B2023-00774,"Building and Safety Review",Corrections,2023-08-30,,Andrew,,,accela,2026-03-30T20:55:07.552293,Building,
2131,164,"1752 SHATTUCK Ave",B2023-00774,"Building and Safety Review",Corrections,2023-12-29,,Andrew,,,accela,2026-03-30T20:55:07.552301,Building,
2132,164,"1752 SHATTUCK Ave",B2023-00774,"Building and Safety Review","Approved w/Conditions",2024-03-05,,Andrew,,,accela,2026-03-30T20:55:07.552309,Building,
2133,164,"1752 SHATTUCK Ave",B2023-00774,"Zoning Review",Assigned,2023-02-28,,MJ,,,accela,2026-03-30T20:55:07.552329,Building,
2134,164,"1752 SHATTUCK Ave",B2023-00774,"Zoning Review",Corrections,2023-04-11,,Sharon,,,accela,2026-03-30T20:55:07.552337,Building,
2135,164,"1752 SHATTUCK Ave",B2023-00774,"Zoning Review",Corrections,2023-08-31,,Sharon,,,accela,2026-03-30T20:55:07.552345,Building,
2136,164,"1752 SHATTUCK Ave",B2023-00774,"Zoning Review",Corrections,2024-01-05,,Sharon,,,accela,2026-03-30T20:55:07.552353,Building,
2137,164,"1752 SHATTUCK Ave",B2023-00774,"Zoning Review",Assigned,2024-02-15,,MJ,,,accela,2026-03-30T20:55:07.552360,Building,
2138,164,"1752 SHATTUCK Ave",B2023-00774,"Zoning Review",Corrections,2024-03-12,,Sharon,,,accela,2026-03-30T20:55:07.552368,Building,
2139,164,"1752 SHATTUCK Ave",B2023-00774,"Zoning Review","Approved w/Conditions",2024-04-10,,Sharon,,,accela,2026-03-30T20:55:07.552377,Building,
2140,164,"1752 SHATTUCK Ave",B2023-00774,"Fire Review",Corrections,2023-04-13,,Jesus,,,accela,2026-03-30T20:55:07.552394,Building,
2141,164,"1752 SHATTUCK Ave",B2023-00774,"Fire Review",Corrections,2023-09-05,,Jesus,,,accela,2026-03-30T20:55:07.552402,Building,
2142,164,"1752 SHATTUCK Ave",B2023-00774,"Fire Review",Corrections,2024-01-05,,Jesus,,,accela,2026-03-30T20:55:07.552410,Building,
2143,164,"1752 SHATTUCK Ave",B2023-00774,"Fire Review","Approved w/Conditions",2024-03-05,,Jesus,,,accela,2026-03-30T20:55:07.552417,Building,
2144,164,"1752 SHATTUCK Ave",B2023-00774,"Fire Review",Approved,2023-03-01,,,,,accela,2026-03-30T20:55:07.552430,Building,
2145,164,"1752 SHATTUCK Ave",B2023-00774,"Public Works Review",Corrections,2023-04-03,,,,,accela,2026-03-30T20:55:07.552448,Building,
2146,164,"1752 SHATTUCK Ave",B2023-00774,"Public Works Review",Corrections,2023-08-12,,,,,accela,2026-03-30T20:55:07.552456,Building,
2147,164,"1752 SHATTUCK Ave",B2023-00774,"Public Works Review",Corrections,2023-12-12,,,,,accela,2026-03-30T20:55:07.552464,Building,
2148,164,"1752 SHATTUCK Ave",B2023-00774,"Public Works Review",Corrections,2024-01-28,,,,,accela,2026-03-30T20:55:07.552471,Building,
2149,164,"1752 SHATTUCK Ave",B2023-00774,"Public Works Review",Corrections,2024-02-13,,,,,accela,2026-03-30T20:55:07.552479,Building,
2150,164,"1752 SHATTUCK Ave",B2023-00774,"Public Works Review",Approved,2024-02-16,,,,,accela,2026-03-30T20:55:07.552488,Building,
2151,164,"1752 SHATTUCK Ave",B2023-00774,"Public Works Review",Corrections,2023-09-01,,Nicole,,,accela,2026-03-30T20:55:07.552502,Building,
2152,164,"1752 SHATTUCK Ave",B2023-00774,"Public Works Review",Approved,2023-12-21,,"Nicole Kim",,,accela,2026-03-30T20:55:07.552511,Building,
2153,164,"1752 SHATTUCK Ave",B2023-00774,"Public Works Review",Assigned,2023-02-28,,MJ,,,accela,2026-03-30T20:55:07.552523,Building,
2154,164,"1752 SHATTUCK Ave",B2023-00774,"Public Works Review",Corrections,2023-04-14,,Kim,,,accela,2026-03-30T20:55:07.552545,Building,
2155,164,"1752 SHATTUCK Ave",B2023-00774,"Public Works Review",Corrections,2023-09-11,,Kim,,,accela,2026-03-30T20:55:07.552553,Building,
2156,164,"1752 SHATTUCK Ave",B2023-00774,"Public Works Review","Approved w/Conditions",2024-01-09,,Ray,,,accela,2026-03-30T20:55:07.552561,Building,
2157,164,"1752 SHATTUCK Ave",B2023-00774,"Public Works Review",Corrections,2023-04-10,,M,,,accela,2026-03-30T20:55:07.552584,Building,
2158,164,"1752 SHATTUCK Ave",B2023-00774,"Public Works Review",Corrections,2023-08-30,,M,,,accela,2026-03-30T20:55:07.552591,Building,
2159,164,"1752 SHATTUCK Ave",B2023-00774,"PSC Review",Corrections,2023-04-17,,Shanitra,,,accela,2026-03-30T20:55:07.552612,Building,
2160,164,"1752 SHATTUCK Ave",B2023-00774,"PSC Review",Corrections,2023-09-11,,dc,,,accela,2026-03-30T20:55:07.552620,Building,
2161,164,"1752 SHATTUCK Ave",B2023-00774,"PSC Review",Corrections,2024-01-09,,dc,,,accela,2026-03-30T20:55:07.552627,Building,
2162,164,"1752 SHATTUCK Ave",B2023-00774,"PSC Review",Corrections,2024-01-30,,Shanitra,,,accela,2026-03-30T20:55:07.552635,Building,
2163,164,"1752 SHATTUCK Ave",B2023-00774,"PSC Review",Corrections,2024-03-13,,Shanitra,,,accela,2026-03-30T20:55:07.552642,Building,
2164,164,"1752 SHATTUCK Ave",B2023-00774,"PSC Review","Approved w/Conditions",2024-04-12,,Mariafelisa,,,accela,2026-03-30T20:55:07.552650,Building,
2165,164,"1752 SHATTUCK Ave",B2023-00774,"Consolidated Comments","Corrections List Issued",2023-04-17,,Shanitra,,,accela,2026-03-30T20:55:07.552671,Building,
2166,164,"1752 SHATTUCK Ave",B2023-00774,"Consolidated Comments",Auto-Closed,2023-08-08,,"ADM Comment",,,accela,2026-03-30T20:55:07.552679,Building,
2167,164,"1752 SHATTUCK Ave",B2023-00774,"Consolidated Comments","Corrections List Issued",2023-09-11,,dc,,,accela,2026-03-30T20:55:07.552686,Building,
2168,164,"1752 SHATTUCK Ave",B2023-00774,"Consolidated Comments",Auto-Closed,2023-12-08,,"ADM Comment",,,accela,2026-03-30T20:55:07.552702,Building,
2169,164,"1752 SHATTUCK Ave",B2023-00774,"Consolidated Comments",Resubmittal2,2023-12-11,,Shanitra,,,accela,2026-03-30T20:55:07.552718,Building,
2170,164,"1752 SHATTUCK Ave",B2023-00774,"Consolidated Comments","Corrections List Issued",2024-01-09,,dc,,,accela,2026-03-30T20:55:07.552726,Building,
2171,164,"1752 SHATTUCK Ave",B2023-00774,"Consolidated Comments",Auto-Closed,2024-01-25,,"ADM Comment",,,accela,2026-03-30T20:55:07.552735,Building,
2172,164,"1752 SHATTUCK Ave",B2023-00774,"Consolidated Comments",Resubmittal3,2024-01-26,,Shanitra,,,accela,2026-03-30T20:55:07.552742,Building,
2173,164,"1752 SHATTUCK Ave",B2023-00774,"Consolidated Comments","Corrections List Issued",2024-01-30,,Shanitra,,,accela,2026-03-30T20:55:07.552749,Building,
2174,164,"1752 SHATTUCK Ave",B2023-00774,"Consolidated Comments",Auto-Closed,2024-02-09,,"ADM Comment",,,accela,2026-03-30T20:55:07.552757,Building,
2175,164,"1752 SHATTUCK Ave",B2023-00774,"Consolidated Comments",Resubmittal3,2024-02-13,,Shanitra,,,accela,2026-03-30T20:55:07.552771,Building,
2176,164,"1752 SHATTUCK Ave",B2023-00774,"Consolidated Comments","Corrections List Issued",2024-03-13,,Shanitra,,,accela,2026-03-30T20:55:07.552779,Building,
2177,164,"1752 SHATTUCK Ave",B2023-00774,"Consolidated Comments",Auto-Closed,2024-03-22,,"ADM Comment",,,accela,2026-03-30T20:55:07.552787,Building,
2178,164,"1752 SHATTUCK Ave",B2023-00774,"Consolidated Comments",Resubmittal3+,2024-03-25,,Shanitra,,,accela,2026-03-30T20:55:07.552814,Building,
2179,164,"1752 SHATTUCK Ave",B2023-00774,"Consolidated Comments","Ready To Issue",2024-06-13,,"Autumn Maltbie",,,accela,2026-03-30T20:55:07.552821,Building,
2180,164,"1752 SHATTUCK Ave",B2023-00774,Issuance,Issued,2024-06-13,,"Autumn Maltbie",,,accela,2026-03-30T20:55:07.552835,Building,
2181,164,"1752 SHATTUCK Ave",B2023-00774,Inspection,Assigned,2023-02-28,,MJ,,,accela,2026-03-30T20:55:07.552894,Building,
2182,164,"1752 SHATTUCK Ave",B2023-00774,Inspection,Corrections,2023-04-11,,Sharon,,,accela,2026-03-30T20:55:07.552902,Building,
2183,164,"1752 SHATTUCK Ave",B2023-00774,Inspection,Corrections,2023-08-31,,Sharon,,,accela,2026-03-30T20:55:07.552911,Building,
2184,164,"1752 SHATTUCK Ave",B2023-00774,Inspection,Corrections,2024-01-05,,Sharon,,,accela,2026-03-30T20:55:07.552919,Building,
2185,164,"1752 SHATTUCK Ave",B2023-00774,Inspection,Assigned,2024-02-15,,MJ,,,accela,2026-03-30T20:55:07.552927,Building,
2186,164,"1752 SHATTUCK Ave",B2023-00774,Inspection,Corrections,2024-03-12,,Sharon,,,accela,2026-03-30T20:55:07.552935,Building,
2187,164,"1752 SHATTUCK Ave",B2023-00774,Inspection,"Approved w/Conditions",2024-04-10,,Sharon,,,accela,2026-03-30T20:55:07.552943,Building,
2188,164,"1752 SHATTUCK Ave",B2023-00774,Inspection,Corrections,2023-04-13,,Jesus,,,accela,2026-03-30T20:55:07.552950,Building,
2189,164,"1752 SHATTUCK Ave",B2023-00774,Inspection,Corrections,2023-09-05,,Jesus,,,accela,2026-03-30T20:55:07.552958,Building,
2190,164,"1752 SHATTUCK Ave",B2023-00774,Inspection,"Approved w/Conditions",2024-03-05,,Jesus,,,accela,2026-03-30T20:55:07.552974,Building,
2191,164,"1752 SHATTUCK Ave",B2023-00774,Inspection,Approved,2023-03-01,,,,,accela,2026-03-30T20:55:07.552982,Building,
2192,164,"1752 SHATTUCK Ave",B2023-00774,Inspection,Corrections,2023-04-03,,,,,accela,2026-03-30T20:55:07.552991,Building,
2193,164,"1752 SHATTUCK Ave",B2023-00774,Inspection,Corrections,2023-08-12,,,,,accela,2026-03-30T20:55:07.552999,Building,
2194,164,"1752 SHATTUCK Ave",B2023-00774,Inspection,Corrections,2023-12-12,,,,,accela,2026-03-30T20:55:07.553007,Building,
2195,164,"1752 SHATTUCK Ave",B2023-00774,Inspection,Corrections,2024-01-28,,,,,accela,2026-03-30T20:55:07.553015,Building,
2196,164,"1752 SHATTUCK Ave",B2023-00774,Inspection,Corrections,2024-02-13,,,,,accela,2026-03-30T20:55:07.553022,Building,
2197,164,"1752 SHATTUCK Ave",B2023-00774,Inspection,Approved,2024-02-16,,,,,accela,2026-03-30T20:55:07.553030,Building,
2198,164,"1752 SHATTUCK Ave",B2023-00774,Inspection,Corrections,2023-09-01,,Nicole,,,accela,2026-03-30T20:55:07.553038,Building,
2199,164,"1752 SHATTUCK Ave",B2023-00774,Inspection,Approved,2023-12-21,,Nicole,,,accela,2026-03-30T20:55:07.553045,Building,
2200,164,"1752 SHATTUCK Ave",B2023-00774,Inspection,Corrections,2023-04-14,,Kim,,,accela,2026-03-30T20:55:07.553053,Building,
2201,164,"1752 SHATTUCK Ave",B2023-00774,Inspection,Corrections,2023-09-11,,Kim,,,accela,2026-03-30T20:55:07.553061,Building,
2202,164,"1752 SHATTUCK Ave",B2023-00774,Inspection,"Approved w/Conditions",2024-01-09,,Ray,,,accela,2026-03-30T20:55:07.553069,Building,
2203,164,"1752 SHATTUCK Ave",B2023-00774,Inspection,Corrections,2023-04-10,,M,,,accela,2026-03-30T20:55:07.553077,Building,
2204,164,"1752 SHATTUCK Ave",B2023-00774,Inspection,Corrections,2023-08-30,,M,,,accela,2026-03-30T20:55:07.553084,Building,
2205,164,"1752 SHATTUCK Ave",B2023-00774,Inspection,"Approved w/Conditions",2023-12-21,,M,,,accela,2026-03-30T20:55:07.553097,Building,
2206,164,"1752 SHATTUCK Ave",B2023-00774,Inspection,Corrections,2023-04-17,,Shanitra,,,accela,2026-03-30T20:55:07.553106,Building,
2207,164,"1752 SHATTUCK Ave",B2023-00774,Inspection,Corrections,2024-01-09,,dc,,,accela,2026-03-30T20:55:07.553122,Building,
2208,164,"1752 SHATTUCK Ave",B2023-00774,Inspection,Corrections,2024-01-30,,Shanitra,,,accela,2026-03-30T20:55:07.553130,Building,
2209,164,"1752 SHATTUCK Ave",B2023-00774,Inspection,Corrections,2024-03-13,,Shanitra,,,accela,2026-03-30T20:55:07.553138,Building,
2210,164,"1752 SHATTUCK Ave",B2023-00774,Inspection,"Approved w/Conditions",2024-04-12,,Mariafelisa,,,accela,2026-03-30T20:55:07.553146,Building,
2211,164,"1752 SHATTUCK Ave",B2023-00774,Inspection,"Corrections List Issued",2023-04-17,,Shanitra,,,accela,2026-03-30T20:55:07.553154,Building,
2212,164,"1752 SHATTUCK Ave",B2023-00774,Inspection,Auto-Closed,2023-08-08,,"ADM Comment",,,accela,2026-03-30T20:55:07.553162,Building,
2213,164,"1752 SHATTUCK Ave",B2023-00774,Inspection,"Corrections List Issued",2023-09-11,,dc,,,accela,2026-03-30T20:55:07.553169,Building,
2214,164,"1752 SHATTUCK Ave",B2023-00774,Inspection,Auto-Closed,2023-12-08,,"ADM Comment",,,accela,2026-03-30T20:55:07.553185,Building,
2215,164,"1752 SHATTUCK Ave",B2023-00774,Inspection,Resubmittal2,2023-12-11,,Shanitra,,,accela,2026-03-30T20:55:07.553198,Building,
2216,164,"1752 SHATTUCK Ave",B2023-00774,Inspection,"Corrections List Issued",2024-01-09,,dc,,,accela,2026-03-30T20:55:07.553206,Building,
2217,164,"1752 SHATTUCK Ave",B2023-00774,Inspection,Auto-Closed,2024-01-25,,"ADM Comment",,,accela,2026-03-30T20:55:07.553215,Building,
2218,164,"1752 SHATTUCK Ave",B2023-00774,Inspection,Resubmittal3,2024-01-26,,Shanitra,,,accela,2026-03-30T20:55:07.553222,Building,
2219,164,"1752 SHATTUCK Ave",B2023-00774,Inspection,"Corrections List Issued",2024-01-30,,Shanitra,,,accela,2026-03-30T20:55:07.553231,Building,
2220,164,"1752 SHATTUCK Ave",B2023-00774,Inspection,Auto-Closed,2024-02-09,,"ADM Comment",,,accela,2026-03-30T20:55:07.553239,Building,
2221,164,"1752 SHATTUCK Ave",B2023-00774,Inspection,Resubmittal3,2024-02-13,,Shanitra,,,accela,2026-03-30T20:55:07.553253,Building,
2222,164,"1752 SHATTUCK Ave",B2023-00774,Inspection,"Corrections List Issued",2024-03-13,,Shanitra,,,accela,2026-03-30T20:55:07.553261,Building,
2223,164,"1752 SHATTUCK Ave",B2023-00774,Inspection,Auto-Closed,2024-03-22,,"ADM Comment",,,accela,2026-03-30T20:55:07.553269,Building,
2224,164,"1752 SHATTUCK Ave",B2023-00774,Inspection,Resubmittal3+,2024-03-25,,Shanitra,,,accela,2026-03-30T20:55:07.553296,Building,
2225,164,"1752 SHATTUCK Ave",B2023-00774,Inspection,"Ready To Issue",2024-06-13,,Autumn,,,accela,2026-03-30T20:55:07.553304,Building,
2226,164,"1752 SHATTUCK Ave",B2023-00774,Inspection,Issued,2024-06-13,,Autumn,,,accela,2026-03-30T20:55:07.553312,Building,
2227,164,"1752 SHATTUCK Ave",B2023-00774,Inspection,Auto-Closed,2024-12-12,,ADM,,,accela,2026-03-30T20:55:07.553320,Building,
2228,164,"1752 SHATTUCK Ave",B2023-00774,Inspection,Auto-Closed,2025-05-14,,ADM,,,accela,2026-03-30T20:55:07.553327,Building,
2229,164,"1752 SHATTUCK Ave",B2023-00774,Inspection,Auto-Closed,2025-06-05,,ADM,,,accela,2026-03-30T20:55:07.553335,Building,
2230,164,"1752 SHATTUCK Ave",B2023-00774,Inspection,Auto-Closed,2025-10-08,,ADM,,,accela,2026-03-30T20:55:07.553343,Building,
2231,164,"1752 SHATTUCK Ave",B2023-00774,Inspection,"Documents Uploaded",2026-03-17,,ADM,,,accela,2026-03-30T20:55:07.553351,Building,
2232,164,"1752 SHATTUCK Ave",B2023-01026,Inspection,"Plan Distribution",2023-04-03,,"Mariafelisa Baber",,,accela,2026-03-30T20:55:07.553442,Building,
2233,164,"1752 SHATTUCK Ave",B2023-01026,Inspection,"Plan Distribution",2023-04-24,,"Shanitra Roan",,,accela,2026-03-30T20:55:07.553450,Building,
2234,164,"1752 SHATTUCK Ave",B2023-01026,Inspection,"Documents Uploaded",2023-06-29,,ADMComment,,,accela,2026-03-30T20:55:07.553460,Building,
2235,164,"1752 SHATTUCK Ave",B2023-01026,Inspection,Auto-Closed,2023-06-29,,ADMComment,,,accela,2026-03-30T20:55:07.553467,Building,
2236,164,"1752 SHATTUCK Ave",B2023-01026,Inspection,"Plan Distribution",2023-06-30,,"Shanitra Roan",,,accela,2026-03-30T20:55:07.553519,Building,
2237,164,"1752 SHATTUCK Ave",B2023-01026,Inspection,"Documents Uploaded",2023-08-08,,ADMComment,,,accela,2026-03-30T20:55:07.553527,Building,
2238,164,"1752 SHATTUCK Ave",B2023-01026,Inspection,"Plan Distribution",2023-08-09,,"Shanitra Roan",,,accela,2026-03-30T20:55:07.553534,Building,
2239,164,"1752 SHATTUCK Ave",B2023-01026,Inspection,"Documents Uploaded",2024-02-26,,ADMComment,,,accela,2026-03-30T20:55:07.553542,Building,
2240,164,"1752 SHATTUCK Ave",B2023-01026,Inspection,"Documents Uploaded",2024-04-24,,ADM,,,accela,2026-03-30T20:55:07.553549,Building,
2241,164,"1752 SHATTUCK Ave",B2023-01026,Inspection,"Documents Uploaded",2024-06-17,,ADM,,,accela,2026-03-30T20:55:07.553557,Building,
2242,164,"1752 SHATTUCK Ave",B2023-01026,Inspection,Auto-Closed,2024-06-17,,ADM,,,accela,2026-03-30T20:55:07.553565,Building,
2243,164,"1752 SHATTUCK Ave",B2023-01026,"Building and Safety Review",Corrections,2023-03-15,,"Kong Chung",,,accela,2026-03-30T20:55:07.553582,Building,
2244,164,"1752 SHATTUCK Ave",B2023-01026,"Zoning Review",Assigned,2023-03-08,,MJ,,,accela,2026-03-30T20:55:07.553602,Building,
2245,164,"1752 SHATTUCK Ave",B2023-01026,"Zoning Review",Corrections,2023-03-15,,"Sharon Gong",,,accela,2026-03-30T20:55:07.553610,Building,
2246,164,"1752 SHATTUCK Ave",B2023-01026,"Zoning Review",Corrections,2023-04-11,,"Sharon Gong",,,accela,2026-03-30T20:55:07.553618,Building,
2247,164,"1752 SHATTUCK Ave",B2023-01026,"Zoning Review",Corrections,2023-05-02,,"Sharon Gong",,,accela,2026-03-30T20:55:07.553626,Building,
2248,164,"1752 SHATTUCK Ave",B2023-01026,"Zoning Review",Corrections,2023-07-11,,"Sharon Gong",,,accela,2026-03-30T20:55:07.553636,Building,
2249,164,"1752 SHATTUCK Ave",B2023-01026,"Fire Review","Approved w/Conditions",2023-03-21,,Jesus,,,accela,2026-03-30T20:55:07.553648,Building,
2250,164,"1752 SHATTUCK Ave",B2023-01026,"Fire Review",Approved,2023-03-08,,,,,accela,2026-03-30T20:55:07.553661,Building,
2251,164,"1752 SHATTUCK Ave",B2023-01026,"Public Works Review",Corrections,2023-03-08,,,,,accela,2026-03-30T20:55:07.553676,Building,
2252,164,"1752 SHATTUCK Ave",B2023-01026,"Public Works Review",Corrections,2023-04-04,,,,,accela,2026-03-30T20:55:07.553684,Building,
2253,164,"1752 SHATTUCK Ave",B2023-01026,"Public Works Review",Approved,2023-04-26,,,,,accela,2026-03-30T20:55:07.553692,Building,
2254,164,"1752 SHATTUCK Ave",B2023-01026,"Public Works Review",Approved,2023-03-15,,"Nicole Kim",,,accela,2026-03-30T20:55:07.553705,Building,
2255,164,"1752 SHATTUCK Ave",B2023-01026,"Public Works Review",Assigned,2023-03-16,,MJ,,,accela,2026-03-30T20:55:07.553731,Building,
2256,164,"1752 SHATTUCK Ave",B2023-01026,"PSC Review",Corrections,2023-03-22,,dc,,,accela,2026-03-30T20:55:07.553751,Building,
2257,164,"1752 SHATTUCK Ave",B2023-01026,"PSC Review",Corrections,2023-04-11,,dc,,,accela,2026-03-30T20:55:07.553759,Building,
2258,164,"1752 SHATTUCK Ave",B2023-01026,"PSC Review",Corrections,2023-05-03,,dc,,,accela,2026-03-30T20:55:07.553766,Building,
2259,164,"1752 SHATTUCK Ave",B2023-01026,"PSC Review",Corrections,2023-07-12,,"Shanitra Roan",,,accela,2026-03-30T20:55:07.553774,Building,
2260,164,"1752 SHATTUCK Ave",B2023-01026,"PSC Review","Approved w/Conditions",2023-08-22,,"Mariafelisa Baber",,,accela,2026-03-30T20:55:07.553782,Building,
2261,164,"1752 SHATTUCK Ave",B2023-01026,"Consolidated Comments",Route,2023-03-07,,ADMComment,,,accela,2026-03-30T20:55:07.553820,Building,
2262,164,"1752 SHATTUCK Ave",B2023-01026,"Consolidated Comments","Pending Payment",2023-03-07,,RLW,,,accela,2026-03-30T20:55:07.553827,Building,
2263,164,"1752 SHATTUCK Ave",B2023-01026,"Consolidated Comments",Route,2023-04-03,,"Mariafelisa Baber",,,accela,2026-03-30T20:55:07.553835,Building,
2264,164,"1752 SHATTUCK Ave",B2023-01026,"Consolidated Comments",Route,2023-04-24,,"Shanitra Roan",,,accela,2026-03-30T20:55:07.553843,Building,
2265,164,"1752 SHATTUCK Ave",B2023-01026,"Consolidated Comments",Route,2023-06-30,,"Shanitra Roan",,,accela,2026-03-30T20:55:07.553850,Building,
2266,164,"1752 SHATTUCK Ave",B2023-01026,"Consolidated Comments",Route,2023-08-09,,Shanitra,,,accela,2026-03-30T20:55:07.553858,Building,
2267,164,"1752 SHATTUCK Ave",B2023-01026,"Consolidated Comments",Corrections,2023-03-15,,"Kong Chung",,,accela,2026-03-30T20:55:07.553866,Building,
2268,164,"1752 SHATTUCK Ave",B2023-01026,"Consolidated Comments",Approved,2023-04-10,,"Kong ChungComment",,,accela,2026-03-30T20:55:07.553875,Building,
2269,164,"1752 SHATTUCK Ave",B2023-01026,"Consolidated Comments",Approved,2023-05-01,,"Kong ChungComment",,,accela,2026-03-30T20:55:07.553882,Building,
2270,164,"1752 SHATTUCK Ave",B2023-01026,"Consolidated Comments","Approved w/Conditions",2023-07-10,,"Kong ChungComment",,,accela,2026-03-30T20:55:07.553889,Building,
2271,164,"1752 SHATTUCK Ave",B2023-01026,"Consolidated Comments",Assigned,2023-03-08,,MJ,,,accela,2026-03-30T20:55:07.553897,Building,
2272,164,"1752 SHATTUCK Ave",B2023-01026,"Consolidated Comments",Corrections,2023-04-11,,"Sharon Gong",,,accela,2026-03-30T20:55:07.553920,Building,
2273,164,"1752 SHATTUCK Ave",B2023-01026,"Consolidated Comments",Corrections,2023-05-02,,"Sharon Gong",,,accela,2026-03-30T20:55:07.553928,Building,
2274,164,"1752 SHATTUCK Ave",B2023-01026,"Consolidated Comments",Corrections,2023-07-11,,"Sharon Gong",,,accela,2026-03-30T20:55:07.553936,Building,
2275,164,"1752 SHATTUCK Ave",B2023-01026,"Consolidated Comments","Approved w/Conditions",2023-08-18,,"Sharon GongComment",,,accela,2026-03-30T20:55:07.553946,Building,
2276,164,"1752 SHATTUCK Ave",B2023-01026,"Consolidated Comments","Approved w/Conditions",2023-03-21,,Jesus,,,accela,2026-03-30T20:55:07.553956,Building,
2277,164,"1752 SHATTUCK Ave",B2023-01026,Issuance,Issued,2024-06-19,,"Mariafelisa Baber",,,accela,2026-03-30T20:55:07.553969,Building,
2278,164,"1752 SHATTUCK Ave",B2023-01026,Inspection,Approved,2023-03-08,,,,,accela,2026-03-30T20:55:07.554002,Building,
2279,164,"1752 SHATTUCK Ave",B2023-01026,Inspection,Corrections,2023-03-08,,,,,accela,2026-03-30T20:55:07.554010,Building,
2280,164,"1752 SHATTUCK Ave",B2023-01026,Inspection,Corrections,2023-04-04,,,,,accela,2026-03-30T20:55:07.554018,Building,
2281,164,"1752 SHATTUCK Ave",B2023-01026,Inspection,Approved,2023-04-26,,,,,accela,2026-03-30T20:55:07.554025,Building,
2282,164,"1752 SHATTUCK Ave",B2023-01026,Inspection,Approved,2023-03-15,,"Nicole Kim",,,accela,2026-03-30T20:55:07.554033,Building,
2283,164,"1752 SHATTUCK Ave",B2023-01026,Inspection,Assigned,2023-03-16,,"MJ PSC",,,accela,2026-03-30T20:55:07.554041,Building,
2284,164,"1752 SHATTUCK Ave",B2023-01026,Inspection,Corrections,2023-03-22,,dc,,,accela,2026-03-30T20:55:07.554049,Building,
2285,164,"1752 SHATTUCK Ave",B2023-01026,Inspection,Corrections,2023-04-11,,dc,,,accela,2026-03-30T20:55:07.554057,Building,
2286,164,"1752 SHATTUCK Ave",B2023-01026,Inspection,Corrections,2023-05-03,,dc,,,accela,2026-03-30T20:55:07.554066,Building,
2287,164,"1752 SHATTUCK Ave",B2023-01026,Inspection,Corrections,2023-07-12,,"Shanitra Roan",,,accela,2026-03-30T20:55:07.554074,Building,
2288,164,"1752 SHATTUCK Ave",B2023-01026,Inspection,"Approved w/Conditions",2023-08-22,,Mariafelisa,,,accela,2026-03-30T20:55:07.554082,Building,
2289,164,"1752 SHATTUCK Ave",B2023-01026,Inspection,"Corrections List Issued",2023-03-22,,dc,,,accela,2026-03-30T20:55:07.554090,Building,
2290,164,"1752 SHATTUCK Ave",B2023-01026,Inspection,Resubmittal1,2023-04-03,,"Mariafelisa Baber",,,accela,2026-03-30T20:55:07.554098,Building,
2291,164,"1752 SHATTUCK Ave",B2023-01026,Inspection,"Corrections List Issued",2023-04-11,,dc,,,accela,2026-03-30T20:55:07.554106,Building,
2292,164,"1752 SHATTUCK Ave",B2023-01026,Inspection,Resubmittal2,2023-04-24,,"Shanitra Roan",,,accela,2026-03-30T20:55:07.554114,Building,
2293,164,"1752 SHATTUCK Ave",B2023-01026,Inspection,"Corrections List Issued",2023-05-03,,dc,,,accela,2026-03-30T20:55:07.554123,Building,
2294,164,"1752 SHATTUCK Ave",B2023-01026,Inspection,"Corrections List Issued",2023-07-12,,"Shanitra Roan",,,accela,2026-03-30T20:55:07.554137,Building,
2295,164,"1752 SHATTUCK Ave",B2023-01026,Inspection,Auto-Closed,2023-08-08,,ADMComment,,,accela,2026-03-30T20:55:07.554147,Building,
2296,164,"1752 SHATTUCK Ave",B2023-01026,Inspection,Auto-Closed,2024-02-26,,ADMComment,,,accela,2026-03-30T20:55:07.554154,Building,
2297,164,"1752 SHATTUCK Ave",B2023-01026,Inspection,Auto-Closed,2024-04-24,,ADMComment,,,accela,2026-03-30T20:55:07.554161,Building,
2298,164,"1752 SHATTUCK Ave",B2023-01026,Inspection,"Ready To Issue",2024-06-19,,Mariafelisa,,,accela,2026-03-30T20:55:07.554181,Building,
2299,164,"1752 SHATTUCK Ave",B2023-01026,Inspection,Issued,2024-06-19,,Mariafelisa,,,accela,2026-03-30T20:55:07.554188,Building,
2300,164,"1752 SHATTUCK Ave",B2023-01026,Inspection,Finaled,2025-05-27,,SR,,,accela,2026-03-30T20:55:07.554196,Building,
2301,131,"ZP2024-0116 811 Cedar",TBD,Unknown,"**Incomplete Pending Applicant**",2024-09-05,,"Samella Stover",,,accela,2026-03-30T20:55:07.554566,Unknown,
2302,131,"ZP2024-0116 811 Cedar",TBD,Unknown,"**Resubmittal Pending Staff**",2024-12-05,,"Samella Stover",,,accela,2026-03-30T20:55:07.554581,Unknown,
2303,131,"ZP2024-0116 811 Cedar",TBD,Unknown,"**Resubmittal Pending Staff**",2024-12-16,,"Samella Stover",,,accela,2026-03-30T20:55:07.554592,Unknown,
2304,131,"ZP2024-0116 811 Cedar",TBD,Unknown,"**Incomplete Pending Applicant**",2024-12-18,,"Samella Stover",,,accela,2026-03-30T20:55:07.554601,Unknown,
2305,131,"ZP2024-0116 811 Cedar",TBD,Unknown,"**Application Complete**",2024-12-19,,"Samella Stover",,,accela,2026-03-30T20:55:07.554610,Unknown,
2306,131,"ZP2024-0116 811 Cedar",TBD,Unknown,"**Corrections - Pending Applicant**",2024-12-24,,"Cecelia Mariscal",,,accela,2026-03-30T20:55:07.554623,Unknown,
2307,131,"ZP2024-0116 811 Cedar",TBD,Unknown,"**Resubmittal - Pending Staff Review**",2025-02-03,,"Cecelia Mariscal",,,accela,2026-03-30T20:55:07.554632,Unknown,
2308,131,"ZP2024-0116 811 Cedar",TBD,Unknown,"**Corrections - Pending Applicant**",2025-02-28,,"Cecelia Mariscal",,,accela,2026-03-30T20:55:07.554641,Unknown,
2309,131,"ZP2024-0116 811 Cedar",TBD,Unknown,"**Resubmittal - Pending Staff Review**",2025-03-24,,"Cecelia Mariscal",,,accela,2026-03-30T20:55:07.554649,Unknown,
2310,131,"ZP2024-0116 811 Cedar",TBD,Unknown,"**Pending Final Action**",2025-04-10,,"Cecelia Mariscal",,,accela,2026-03-30T20:55:07.554658,Unknown,
2311,131,"ZP2024-0116 811 Cedar",TBD,Unknown,"**Categorically Exempt**",2025-06-17,,"Cecelia Mariscal",,,accela,2026-03-30T20:55:07.554670,Unknown,
2312,31,"2712 TELEGRAPH Ave",TBD,"Completeness Review [COMPLETE]","Incomplete Pending Applicant",2026-01-02,,"Karen Hernandez",,,accela,2026-03-30T20:55:07.555117,Unknown,
2313,31,"2712 TELEGRAPH Ave",TBD,"Completeness Review [COMPLETE]","Application Complete",2026-01-15,,"Karen Hernandez",,,accela,2026-03-30T20:55:07.555126,Unknown,
2314,31,"2712 TELEGRAPH Ave",TBD,"Application Processing [COMPLETE]","Pending Final Action",2026-01-15,,"Victoria Schlepp",,,accela,2026-03-30T20:55:07.555139,Unknown,
2315,31,"2712 TELEGRAPH Ave",TBD,"Application Processing [COMPLETE]","Corrections - Pending Applicant",2026-02-14,,"Victoria Schlepp",,,accela,2026-03-30T20:55:07.555149,Unknown,
2316,13,"ZP2022-0149 2420 SHATTUCK Ave",TBD,Unknown,"as: Incomplete Pending Applicant |",2022-10-04,,"Sharon Gong",,,accela,2026-03-30T20:55:07.556414,Unknown,
2317,13,"ZP2022-0149 2420 SHATTUCK Ave",TBD,Unknown,"as: Incomplete Pending Applicant |",2022-11-30,,"Sharon Gong",,,accela,2026-03-30T20:55:07.556424,Unknown,
2318,13,"ZP2022-0149 2420 SHATTUCK Ave",TBD,Unknown,"as: Incomplete Pending Applicant |",2023-02-22,,"Sharon Gong",,,accela,2026-03-30T20:55:07.556434,Unknown,
2319,13,"ZP2022-0149 2420 SHATTUCK Ave",TBD,Unknown,"as: Incomplete Pending Applicant |",2023-05-18,,"Niloufar Karimzadegan",,,accela,2026-03-30T20:55:07.556451,Unknown,
2320,13,"ZP2022-0149 2420 SHATTUCK Ave",TBD,Unknown,"as: Resubmittal Pending Staff |",2023-08-13,,"Niloufar Karimzadegan",,,accela,2026-03-30T20:55:07.556460,Unknown,
2321,13,"ZP2022-0149 2420 SHATTUCK Ave",TBD,Unknown,"as: Incomplete Pending Applicant |",2023-09-13,,"Niloufar Karimzadegan",,,accela,2026-03-30T20:55:07.556469,Unknown,
2322,13,"ZP2022-0149 2420 SHATTUCK Ave",TBD,Unknown,"as: Resubmittal Pending Staff |",2023-09-26,,"Niloufar Karimzadegan",,,accela,2026-03-30T20:55:07.556477,Unknown,
2323,13,"ZP2022-0149 2420 SHATTUCK Ave",TBD,Unknown,"as: Incomplete Pending Applicant |",2023-10-24,,"Niloufar Karimzadegan",,,accela,2026-03-30T20:55:07.556487,Unknown,
2324,13,"ZP2022-0149 2420 SHATTUCK Ave",TBD,Unknown,"as: Resubmittal Pending Staff |",2023-11-02,,"Niloufar Karimzadegan",,,accela,2026-03-30T20:55:07.556495,Unknown,
2325,13,"ZP2022-0149 2420 SHATTUCK Ave",TBD,Unknown,"as: Application Complete |",2023-12-01,,"Niloufar Karimzadegan",,,accela,2026-03-30T20:55:07.556504,Unknown,
2326,18,"ZP2024-0057 2655 SHATTUCK Ave",ZP2024-0057,"Completeness Review  Marked as Incomplete Pending Applicant on 06/12/2024 by Katrina Lapira (due 09/10/2024, assigned to Katrina Lapira)","Incomplete Pending Applicant",2024-06-12,,"Katrina Lapira",,,accela,2026-03-30T20:55:07.556987,Planning,
2327,18,"ZP2024-0057 2655 SHATTUCK Ave",ZP2024-0057,"Completeness Review  Marked as Application Complete on 08/19/2024 by Katrina Lapira (due 09/10/2024, assigned to Katrina Lapira)","Application Complete",2024-08-19,,"Katrina Lapira",,,accela,2026-03-30T20:55:07.557002,Planning,
2328,18,"ZP2024-0057 2655 SHATTUCK Ave",ZP2024-0057,"Application Processing  Marked as Corrections - Pending Applicant on 09/18/2024 by Katrina Lapira (due 12/18/2024, assigned to TBD)","Corrections - Pending Applicant",2024-09-18,,"Katrina Lapira",,,accela,2026-03-30T20:55:07.557014,Planning,
2329,18,"ZP2024-0057 2655 SHATTUCK Ave",ZP2024-0057,"Application Processing  Marked as Resubmittal - Pending Staff Review on 10/30/2024 by Katrina Lapira (due 11/29/2024, assigned to TBD)","Resubmittal - Pending Staff Review",2024-10-30,,"Katrina Lapira",,,accela,2026-03-30T20:55:07.557025,Planning,
2330,18,"ZP2024-0057 2655 SHATTUCK Ave",ZP2024-0057,"Application Processing  Marked as Pending Final Action on 02/21/2025 by Lisa Gordon (due 12/24/2024, assigned to Lisa Gordon)","Pending Final Action",2025-02-21,,"Lisa Gordon",,,accela,2026-03-30T20:55:07.557036,Planning,
2331,18,"ZP2024-0057 2655 SHATTUCK Ave",ZP2024-0057,"Public Hearing  Marked as City Council Approved on 07/23/2025 by Sharon Gong (due 07/29/2025, assigned to TBD)","City Council Approved",2025-07-23,,"Sharon Gong",,,accela,2026-03-30T20:55:07.557073,Planning,
2332,20,"ZP2024-0079 2036 BANCROFT Way",TBD,Unknown,"as: Incomplete Pending Applicant |",2024-07-19,,"Sharon Gong",,,accela,2026-03-30T20:55:07.557543,Unknown,
2333,20,"ZP2024-0079 2036 BANCROFT Way",TBD,Unknown,"as: Application Complete |",2024-11-15,,"Sharon Gong",,,accela,2026-03-30T20:55:07.557553,Unknown,
2334,3,"ZP2024-0058 2700 SHATTUCK Ave",ZP2024-0058,"Completeness Review Marked as Incomplete Pending Applicant on 06/13/2024 by Sharon Gong","Incomplete Pending Applicant",2024-06-13,,"Sharon Gong",,,accela,2026-03-30T20:55:07.558007,Planning,
2335,3,"ZP2024-0058 2700 SHATTUCK Ave",ZP2024-0058,"Completeness Review Marked as Application Complete on 10/10/2024 by Sharon Gong","Application Complete",2024-10-10,,"Sharon Gong",,,accela,2026-03-30T20:55:07.558018,Planning,
2336,3,"ZP2024-0058 2700 SHATTUCK Ave",ZP2024-0058,"Application Processing Marked as Corrections - Pending Applicant on 11/07/2024 by Sharon Gong","Corrections - Pending Applicant",2024-11-07,,"Sharon Gong",,,accela,2026-03-30T20:55:07.558030,Planning,
2337,132,"ZP2024-0129 1627 Jaynes St",TBD,Unknown,"**Incomplete Pending Applicant**",2024-09-06,,"Samella Stover",,,accela,2026-03-30T20:55:07.558629,Unknown,
2338,132,"ZP2024-0129 1627 Jaynes St",TBD,Unknown,"**Resubmittal Pending Staff**",2024-10-17,,"Samella Stover",,,accela,2026-03-30T20:55:07.558638,Unknown,
2339,132,"ZP2024-0129 1627 Jaynes St",TBD,Unknown,"**Application Complete**",2024-10-18,,"Samella Stover",,,accela,2026-03-30T20:55:07.558647,Unknown,
2340,132,"ZP2024-0129 1627 Jaynes St",TBD,Unknown,"**Corrections - Pending Applicant**",2024-11-06,,"Katrina Lapira",,,accela,2026-03-30T20:55:07.558660,Unknown,
2341,132,"ZP2024-0129 1627 Jaynes St",TBD,Unknown,"**Resubmittal - Pending Staff Review**",2024-12-16,,"Victoria Schlepp",,,accela,2026-03-30T20:55:07.558669,Unknown,
2342,132,"ZP2024-0129 1627 Jaynes St",TBD,Unknown,"**Pending Final Action**",2025-03-10,,"Victoria Schlepp",,,accela,2026-03-30T20:55:07.558678,Unknown,
2343,140,"2136 SAN PABLO Ave",ZP2021-0046,"Completeness Review","Incomplete Pending Applicant",2021-04-29,,"Sharon Gong",,,accela,2026-03-30T20:55:07.559528,Planning,
2344,140,"2136 SAN PABLO Ave",ZP2021-0046,"Completeness Review","Application Complete",2021-08-27,,"Sharon Gong",,,accela,2026-03-30T20:55:07.559539,Planning,
2345,140,"2136 SAN PABLO Ave",ZP2021-0046,"Staff Decision",Approved,2024-03-28,,MJ,,,accela,2026-03-30T20:55:07.559560,Planning,
2346,140,"2136 SAN PABLO Ave",ZP2021-0046,Appeal,"No Appeal",2024-05-22,,MJ,,,accela,2026-03-30T20:55:07.559571,Planning,
2347,140,"2136 SAN PABLO Ave",DRCP2021-0002,"Completeness Review","Application Complete",2021-04-28,,"Desiree Dougherty",,,accela,2026-03-30T20:55:07.559876,Planning,
2348,140,"2136 SAN PABLO Ave",DRCP2021-0002,"Completeness Review",Completed,2021-05-13,,"Desiree Dougherty",,,accela,2026-03-30T20:55:07.559887,Planning,
2349,140,"2136 SAN PABLO Ave",DRCP2021-0002,"Completeness Review",Completed,2024-02-08,,"Desiree Dougherty",,,accela,2026-03-30T20:55:07.559896,Planning,
2350,140,"2136 SAN PABLO Ave",DRCP2021-0002,"Completeness Review",Completed,2022-12-29,,"Desiree Dougherty",,,accela,2026-03-30T20:55:07.559907,Planning,
2351,140,"2136 SAN PABLO Ave",DRCP2021-0002,"Completeness Review",Completed,2024-02-26,,"Desiree Dougherty",,,accela,2026-03-30T20:55:07.559916,Planning,
2352,140,"2136 SAN PABLO Ave",DRCP2021-0002,"Completeness Review","No Notice Required",2021-05-13,,"Desiree Dougherty",,,accela,2026-03-30T20:55:07.559927,Planning,
2353,140,"2136 SAN PABLO Ave",DRCP2021-0002,"Completeness Review","No Notice Required",2024-02-08,,"Desiree Dougherty",,,accela,2026-03-30T20:55:07.559935,Planning,
2354,140,"2136 SAN PABLO Ave",DRCP2021-0002,"Completeness Review","Continued off Calendar",2021-05-20,,"Desiree Dougherty",,,accela,2026-03-30T20:55:07.559984,Planning,
2355,140,"2136 SAN PABLO Ave",DRCP2021-0002,"Completeness Review",Approved,2024-02-15,,"Desiree Dougherty",,,accela,2026-03-30T20:55:07.559993,Planning,
2356,140,"2136 SAN PABLO Ave",DRCP2021-0002,"Case Closed",Approved,2024-02-29,,"Desiree Dougherty",,,accela,2026-03-30T20:55:07.560003,Planning,
2357,140,"2136 SAN PABLO Ave",ZP2019-0179,"Completeness Review",Withdrawn,2021-05-18,,"Sharon Gong",,,accela,2026-03-30T20:55:07.560253,Planning,
2358,140,"2136 SAN PABLO Ave",ZP2019-0179,"Case Closed",Withdrawn,2022-05-05,,"Sharon Gong",,,accela,2026-03-30T20:55:07.560272,Planning,
2359,140,"2136 SAN PABLO Ave",DRCP2019-0015,"Completeness Review","Incomplete Pending Applicant",2019-01-22,,"Desiree Dougherty",,,accela,2026-03-30T20:55:07.560338,Planning,
2360,140,"2136 SAN PABLO Ave",DRCP2019-0015,"Completeness Review","Incomplete Pending Applicant",2019-11-22,,"Desiree Dougherty",,,accela,2026-03-30T20:55:07.560347,Planning,
2361,140,"2136 SAN PABLO Ave",DRCP2019-0015,"Completeness Review",Withdrawn,2022-05-05,,M,,,accela,2026-03-30T20:55:07.560356,Planning,
2362,140,"2136 SAN PABLO Ave",DRCP2019-0015,"Completeness Review",Note,2022-05-05,,M,,,accela,2026-03-30T20:55:07.560376,Planning,
2363,149,"2198 SAN PABLO Ave",ZP2018-0112,"Completeness Review","Application Complete",2019-07-24,,"Leslie Mendez",,,accela,2026-03-30T20:55:07.563015,Planning,
2364,149,"2198 SAN PABLO Ave",ZP2018-0112,"CEQA Determination","Categorically Exempt",2019-07-24,,"Leslie Mendez",,,accela,2026-03-30T20:55:07.563030,Planning,
2365,149,"2198 SAN PABLO Ave",ZP2018-0112,"Staff Decision",Approved,2019-07-24,,"Leslie Mendez",,,accela,2026-03-30T20:55:07.563040,Planning,
2366,149,"2198 SAN PABLO Ave",ZP2018-0112,Appeal,"No Appeal",2019-07-24,,"Leslie Mendez",,,accela,2026-03-30T20:55:07.563050,Planning,
2367,149,"2198 SAN PABLO Ave",ZP2018-0112,"Case Closed",Approved,2019-09-25,,"Leslie Mendez",,,accela,2026-03-30T20:55:07.563066,Planning,
2368,149,"2198 SAN PABLO Ave",DRCP2018-0003,"Completeness Review","Incomplete Pending Applicant",2018-06-26,,"Desiree Dougherty",,,accela,2026-03-30T20:55:07.563309,Planning,
2369,149,"2198 SAN PABLO Ave",DRCP2018-0003,"Completeness Review","Application Complete",2018-11-09,,"Desiree Dougherty",,,accela,2026-03-30T20:55:07.563318,Planning,
2370,149,"2198 SAN PABLO Ave",DRCP2018-0003,"Completeness Review",Completed,2019-01-11,,"Desiree Dougherty",,,accela,2026-03-30T20:55:07.563329,Planning,
2371,149,"2198 SAN PABLO Ave",DRCP2018-0003,"Completeness Review",Completed,2019-03-15,,"Desiree Dougherty",,,accela,2026-03-30T20:55:07.563338,Planning,
2372,149,"2198 SAN PABLO Ave",DRCP2018-0003,"Completeness Review",Completed,2019-08-13,,"Desiree Dougherty",,,accela,2026-03-30T20:55:07.563348,Planning,
2373,149,"2198 SAN PABLO Ave",DRCP2018-0003,"Completeness Review","No Notice Required",2019-01-11,,"Desiree Dougherty",,,accela,2026-03-30T20:55:07.563368,Planning,
2374,149,"2198 SAN PABLO Ave",DRCP2018-0003,"Completeness Review","No Notice Required",2019-03-15,,"Desiree Dougherty",,,accela,2026-03-30T20:55:07.563376,Planning,
2375,149,"2198 SAN PABLO Ave",DRCP2018-0003,"Completeness Review","Continued off Calendar",2019-01-17,,"Desiree Dougherty",,,accela,2026-03-30T20:55:07.563426,Planning,
2376,149,"2198 SAN PABLO Ave",DRCP2018-0003,"Completeness Review",Approved,2019-03-21,,"Desiree Dougherty",,,accela,2026-03-30T20:55:07.563434,Planning,
2377,149,"2198 SAN PABLO Ave",DRCP2018-0003,"Case Closed",Approved,2019-08-13,,"Desiree Dougherty",,,accela,2026-03-30T20:55:07.563443,Planning,
2378,139,"2538 DURANT Ave",ZP2025-0048,"Completeness Review","Application Complete",2025-06-06,,MJ,,,accela,2026-03-30T20:55:07.563928,Planning,
2379,139,"2538 DURANT Ave",ZP2025-0048,"Application Processing","Pending Final Action",2025-10-20,,MJ,,,accela,2026-03-30T20:55:07.563939,Planning,
2380,139,"2538 DURANT Ave",ZP2025-0048,"CEQA Determination","Categorically Exempt",2025-09-25,,MJ,,,accela,2026-03-30T20:55:07.563948,Planning,
2381,139,"2538 DURANT Ave",ZP2025-0048,"Staff Decision",Approved,2025-09-25,,MJ,,,accela,2026-03-30T20:55:07.563958,Planning,
2382,139,"2538 DURANT Ave",ZP2025-0048,Appeal,"No Appeal",2025-10-15,,MJ,,,accela,2026-03-30T20:55:07.563970,Planning,
2383,139,"2538 DURANT Ave",ZP2025-0048,"Case Closed",Approved,2025-10-20,,MJ,,,accela,2026-03-30T20:55:07.563983,Planning,
2384,139,"2538 DURANT Ave",DRCF2023-0003,"Completeness Review","Application Complete",2023-08-07,,M,,,accela,2026-03-30T20:55:07.564053,Planning,
2385,139,"2538 DURANT Ave",DRCF2023-0003,"Completeness Review",Completed,2023-08-09,,M,,,accela,2026-03-30T20:55:07.564063,Planning,
2386,139,"2538 DURANT Ave",DRCF2023-0003,"Completeness Review",Completed,2023-09-11,,"Desiree Dougherty",,,accela,2026-03-30T20:55:07.564074,Planning,
2387,139,"2538 DURANT Ave",DRCF2023-0003,"Completeness Review","No Notice Required",2023-08-10,,"Desiree Dougherty",,,accela,2026-03-30T20:55:07.564085,Planning,
2388,139,"2538 DURANT Ave",DRCF2023-0003,"Completeness Review",Completed,2023-08-10,,"Desiree Dougherty",,,accela,2026-03-30T20:55:07.564095,Planning,
2389,139,"2538 DURANT Ave",DRCF2023-0003,"Completeness Review",Approved,2023-08-17,,"Desiree Dougherty",,,accela,2026-03-30T20:55:07.564115,Planning,
2390,139,"2538 DURANT Ave",DRCF2023-0003,"Case Closed",Approved,2023-09-11,,"Desiree Dougherty",,,accela,2026-03-30T20:55:07.564125,Planning,
2391,139,"2538 DURANT Ave",ZP2022-0097,"Completeness Review","Incomplete Pending Applicant",2022-08-10,,"Niloufar Karimzadegan",,,accela,2026-03-30T20:55:07.564181,Planning,
2392,139,"2538 DURANT Ave",ZP2022-0097,"Completeness Review","Resubmittal Pending Staff",2022-09-12,,"Niloufar Karimzadegan",,,accela,2026-03-30T20:55:07.564189,Planning,
2393,139,"2538 DURANT Ave",ZP2022-0097,"Completeness Review","Incomplete Pending Applicant",2022-10-12,,"Niloufar Karimzadegan",,,accela,2026-03-30T20:55:07.564198,Planning,
2394,139,"2538 DURANT Ave",ZP2022-0097,"Completeness Review","Resubmittal Pending Staff",2022-11-15,,"Niloufar Karimzadegan",,,accela,2026-03-30T20:55:07.564207,Planning,
2395,139,"2538 DURANT Ave",ZP2022-0097,"Completeness Review","Incomplete Pending Applicant",2022-12-14,,"Niloufar Karimzadegan",,,accela,2026-03-30T20:55:07.564215,Planning,
2396,139,"2538 DURANT Ave",ZP2022-0097,"Completeness Review","Resubmittal Pending Staff",2023-01-10,,"Niloufar Karimzadegan",,,accela,2026-03-30T20:55:07.564223,Planning,
2397,139,"2538 DURANT Ave",ZP2022-0097,"Completeness Review","Incomplete Pending Applicant",2023-01-26,,"Niloufar Karimzadegan",,,accela,2026-03-30T20:55:07.564231,Planning,
2398,139,"2538 DURANT Ave",ZP2022-0097,"Completeness Review","Resubmittal Pending Staff",2023-01-27,,"Niloufar Karimzadegan",,,accela,2026-03-30T20:55:07.564239,Planning,
2399,139,"2538 DURANT Ave",ZP2022-0097,"Completeness Review","Application Complete",2023-01-30,,"Niloufar Karimzadegan",,,accela,2026-03-30T20:55:07.564248,Planning,
2400,139,"2538 DURANT Ave",ZP2022-0097,"Completeness Review","No Appeal",2023-05-24,,MJ,,,accela,2026-03-30T20:55:07.564256,Planning,
2401,139,"2538 DURANT Ave",ZP2022-0097,"Case Closed",Approved,2023-05-31,,MJ,,,accela,2026-03-30T20:55:07.564265,Planning,
2402,139,"2538 DURANT Ave",DRCP2022-0007,"Completeness Review","Incomplete Pending Applicant",2022-08-10,,"Desiree Dougherty",,,accela,2026-03-30T20:55:07.564446,Planning,
2403,139,"2538 DURANT Ave",DRCP2022-0007,"Completeness Review","Resubmittal Pending Staff",2022-09-12,,M,,,accela,2026-03-30T20:55:07.564455,Planning,
2404,139,"2538 DURANT Ave",DRCP2022-0007,"Completeness Review","Application Complete",2022-10-12,,M,,,accela,2026-03-30T20:55:07.564463,Planning,
2405,139,"2538 DURANT Ave",DRCP2022-0007,"Completeness Review",Completed,2023-03-09,,"Desiree Dougherty",,,accela,2026-03-30T20:55:07.564474,Planning,
2406,139,"2538 DURANT Ave",DRCP2022-0007,"Completeness Review",Completed,2023-03-23,,"Desiree Dougherty",,,accela,2026-03-30T20:55:07.564484,Planning,
2407,139,"2538 DURANT Ave",DRCP2022-0007,"Completeness Review","No Notice Required",2023-03-09,,"Desiree Dougherty",,,accela,2026-03-30T20:55:07.564495,Planning,
2408,139,"2538 DURANT Ave",DRCP2022-0007,"Completeness Review",Approved,2023-03-16,,"Desiree Dougherty",,,accela,2026-03-30T20:55:07.564526,Planning,
2409,139,"2538 DURANT Ave",DRCP2022-0007,"Case Closed",Approved,2023-03-16,,"Desiree Dougherty",,,accela,2026-03-30T20:55:07.564536,Planning,
2410,139,"2538 DURANT Ave",PLN2022-0018,"Case Closed","Research Completed",2022-04-20,,"Samella Stover",,,accela,2026-03-30T20:55:07.564638,Planning,
2411,152,"1598 UNIVERSITY Ave",TBD,Unknown,"Application Complete",2024-05-06,,"Desiree Dougherty",,,accela,2026-03-30T20:55:07.565590,Unknown,
2412,152,"1598 UNIVERSITY Ave",TBD,Unknown,Completed,2024-05-09,,"Desiree Dougherty",,,accela,2026-03-30T20:55:07.565617,Unknown,
2413,152,"1598 UNIVERSITY Ave",TBD,Unknown,Completed,2024-06-12,,"Desiree Dougherty",,,accela,2026-03-30T20:55:07.565630,Unknown,
2414,152,"1598 UNIVERSITY Ave",TBD,Unknown,Completed,2024-06-06,,"Desiree Dougherty",,,accela,2026-03-30T20:55:07.565665,Unknown,
2415,152,"1598 UNIVERSITY Ave",TBD,Unknown,Completed,2024-07-14,,"Desiree Dougherty",,,accela,2026-03-30T20:55:07.565697,Unknown,
2416,152,"1598 UNIVERSITY Ave",TBD,Unknown,"No Notice Required",2024-06-12,,"Desiree Dougherty",,,accela,2026-03-30T20:55:07.565747,Unknown,
2417,152,"1598 UNIVERSITY Ave",TBD,Unknown,"Continued off Calendar",2024-05-16,,"Desiree Dougherty",,,accela,2026-03-30T20:55:07.565824,Unknown,
2418,152,"1598 UNIVERSITY Ave",TBD,Unknown,Approved,2024-06-20,,"Desiree Dougherty",,,accela,2026-03-30T20:55:07.565835,Unknown,
2419,152,"1598 UNIVERSITY Ave",TBD,Unknown,Approved,2024-07-14,,"Desiree Dougherty",,,accela,2026-03-30T20:55:07.565847,Unknown,
2420,152,"1598 UNIVERSITY Ave",TBD,Unknown,"Incomplete Pending Applicant",2022-08-24,,"Katrina Lapira",,,accela,2026-03-30T20:55:07.565909,Unknown,
2421,152,"1598 UNIVERSITY Ave",TBD,Unknown,"Resubmittal Pending Staff",2022-09-22,,"Katrina Lapira",,,accela,2026-03-30T20:55:07.565920,Unknown,
2422,152,"1598 UNIVERSITY Ave",TBD,Unknown,"Incomplete Pending Applicant",2022-10-20,,"Katrina Lapira",,,accela,2026-03-30T20:55:07.565931,Unknown,
2423,152,"1598 UNIVERSITY Ave",TBD,Unknown,"Resubmittal Pending Staff",2022-11-01,,"Katrina Lapira",,,accela,2026-03-30T20:55:07.565942,Unknown,
2424,152,"1598 UNIVERSITY Ave",TBD,Unknown,"Incomplete Pending Applicant",2022-12-01,,"Katrina Lapira",,,accela,2026-03-30T20:55:07.565952,Unknown,
2425,152,"1598 UNIVERSITY Ave",TBD,Unknown,"Resubmittal Pending Staff",2022-12-23,,"Katrina Lapira",,,accela,2026-03-30T20:55:07.565963,Unknown,
2426,152,"1598 UNIVERSITY Ave",TBD,Unknown,"Application Complete",2023-01-23,,"Katrina Lapira",,,accela,2026-03-30T20:55:07.565976,Unknown,
2427,152,"1598 UNIVERSITY Ave",TBD,Unknown,"Categorically Exempt",2023-05-11,,MJ,,,accela,2026-03-30T20:55:07.565990,Unknown,
2428,152,"1598 UNIVERSITY Ave",TBD,Unknown,Approved,2023-05-11,,MJ,,,accela,2026-03-30T20:55:07.566003,Unknown,
2429,152,"1598 UNIVERSITY Ave",TBD,Unknown,"Appeal to City Council",2023-06-01,,MJ,,,accela,2026-03-30T20:55:07.566016,Unknown,
2430,152,"1598 UNIVERSITY Ave",TBD,Unknown,"Notice Issued",2023-09-12,,MJ,,,accela,2026-03-30T20:55:07.566028,Unknown,
2431,152,"1598 UNIVERSITY Ave",TBD,Unknown,"City Council Approved",2023-09-26,,MJ,,,accela,2026-03-30T20:55:07.566040,Unknown,
2432,152,"1598 UNIVERSITY Ave",TBD,Unknown,Approved,2023-10-27,,MJ,,,accela,2026-03-30T20:55:07.566055,Unknown,
2433,152,"1598 UNIVERSITY Ave",TBD,Unknown,"Application Complete",2022-12-01,,M,,,accela,2026-03-30T20:55:07.566127,Unknown,
2434,152,"1598 UNIVERSITY Ave",TBD,Unknown,Completed,2023-04-13,,"Desiree Dougherty",,,accela,2026-03-30T20:55:07.566140,Unknown,
2435,152,"1598 UNIVERSITY Ave",TBD,Unknown,Completed,2023-09-11,,"Desiree Dougherty",,,accela,2026-03-30T20:55:07.566152,Unknown,
2436,152,"1598 UNIVERSITY Ave",TBD,Unknown,"No Notice Required",2023-04-13,,"Desiree Dougherty",,,accela,2026-03-30T20:55:07.566166,Unknown,
2437,152,"1598 UNIVERSITY Ave",TBD,Unknown,Approved,2023-04-20,,"Desiree Dougherty",,,accela,2026-03-30T20:55:07.566203,Unknown,
2438,152,"1598 UNIVERSITY Ave",TBD,Unknown,Approved,2023-05-04,,"Desiree Dougherty",,,accela,2026-03-30T20:55:07.566216,Unknown,
2439,118,"ZP2024-0114 2138 KITTREDGE St",TBD,Unknown,"as: Application Complete |",2024-09-05,,"Katrina Lapira",,,accela,2026-03-30T20:55:07.567218,Unknown,
2440,118,"ZP2024-0114 2138 KITTREDGE St",TBD,Unknown,"as: Corrections - Pending Applicant |",2024-10-04,,"Katrina Lapira",,,accela,2026-03-30T20:55:07.567231,Unknown,
2441,36,"ZP2023-0090 2733 SAN PABLO Ave",ZP2023-0090,"Completeness Review","Incomplete Pending Applicant",2023-09-18,,"Niloufar Karimzadegan",,,accela,2026-03-30T20:55:07.567790,Planning,
2442,36,"ZP2023-0090 2733 SAN PABLO Ave",ZP2023-0090,"Completeness Review","Resubmittal Pending Staff",2023-12-13,,"Niloufar Karimzadegan",,,accela,2026-03-30T20:55:07.567803,Planning,
2443,36,"ZP2023-0090 2733 SAN PABLO Ave",ZP2023-0090,"Completeness Review","Incomplete Pending Applicant",2024-01-12,,"Niloufar Karimzadegan",,,accela,2026-03-30T20:55:07.567813,Planning,
2444,36,"ZP2023-0090 2733 SAN PABLO Ave",ZP2023-0090,"Completeness Review","Resubmittal Pending Staff",2024-04-10,,"Niloufar Karimzadegan",,,accela,2026-03-30T20:55:07.567822,Planning,
2445,36,"ZP2023-0090 2733 SAN PABLO Ave",ZP2023-0090,"Completeness Review","Application Complete",2024-05-09,,"Niloufar Karimzadegan",,,accela,2026-03-30T20:55:07.567831,Planning,
2446,9,"ZP2024-0075 1899 OXFORD St",TBD,Unknown,"as: Resubmittal Pending Staff |",2024-10-01,,"Cecelia Mariscal",,,accela,2026-03-30T20:55:07.568462,Unknown,
2447,9,"ZP2024-0075 1899 OXFORD St",TBD,Unknown,"as: Application Complete |",2024-10-31,,"Cecelia Mariscal",,,accela,2026-03-30T20:55:07.568482,Unknown,
2448,9,"ZP2024-0075 1899 OXFORD St",TBD,Unknown,"as: Corrections - Pending Applicant |",2024-10-31,,"Cecelia Mariscal",,,accela,2026-03-30T20:55:07.568496,Unknown,
2449,9,"ZP2024-0075 1899 OXFORD St",TBD,Unknown,"as: Corrections - Pending Applicant |",2024-12-30,,"Cecelia Mariscal",,,accela,2026-03-30T20:55:07.568513,Unknown,
2450,9,"ZP2024-0075 1899 OXFORD St",TBD,Unknown,"as: Resubmittal - Pending Staff Review |",2024-12-30,,"Cecelia Mariscal",,,accela,2026-03-30T20:55:07.568522,Unknown,
2451,9,"ZP2024-0075 1899 OXFORD St",TBD,Unknown,"as: Corrections - Pending Applicant |",2024-12-31,,"Cecelia Mariscal",,,accela,2026-03-30T20:55:07.568530,Unknown,
2452,9,"ZP2024-0075 1899 OXFORD St",TBD,Unknown,"as: Resubmittal - Pending Staff Review |",2024-12-31,,"Cecelia Mariscal",,,accela,2026-03-30T20:55:07.568539,Unknown,
2453,9,"ZP2024-0075 1899 OXFORD St",TBD,Unknown,"as: Resubmittal - Pending Staff Review |",2025-02-28,,"Cecelia Mariscal",,,accela,2026-03-30T20:55:07.568548,Unknown,
2454,9,"ZP2024-0075 1899 OXFORD St",TBD,Unknown,"as: Resubmittal - Pending Staff Review |",2025-03-05,,"Cecelia Mariscal",,,accela,2026-03-30T20:55:07.568557,Unknown,
2455,9,"ZP2024-0075 1899 OXFORD St",TBD,Unknown,"as: Pending Final Action |",2025-04-01,,"Cecelia Mariscal",,,accela,2026-03-30T20:55:07.568573,Unknown,
2456,159,"2403 SAN PABLO Ave",DRCF2024-0003,"Completeness Review","Application Complete",2024-04-08,,"Desiree Dougherty",,,accela,2026-03-30T20:55:07.569351,Planning,
2457,159,"2403 SAN PABLO Ave",DRCF2024-0003,"Completeness Review",Completed,2024-04-11,,"Desiree Dougherty",,,accela,2026-03-30T20:55:07.569366,Planning,
2458,159,"2403 SAN PABLO Ave",DRCF2024-0003,"Completeness Review",Completed,2024-04-18,,"Desiree Dougherty",,,accela,2026-03-30T20:55:07.569380,Planning,
2459,159,"2403 SAN PABLO Ave",DRCF2024-0003,"Completeness Review","No Notice Required",2024-04-11,,"Desiree Dougherty",,,accela,2026-03-30T20:55:07.569393,Planning,
2460,159,"2403 SAN PABLO Ave",DRCF2024-0003,"Completeness Review",Approved,2024-04-18,,"Desiree Dougherty",,,accela,2026-03-30T20:55:07.569432,Planning,
2461,159,"2403 SAN PABLO Ave",DRCF2024-0003,"Case Closed",Approved,2024-05-06,,"Desiree Dougherty",,,accela,2026-03-30T20:55:07.569445,Planning,
2462,159,"2403 SAN PABLO Ave",ZP2023-0103,"Completeness Review","Incomplete Pending Applicant",2023-07-27,,"Katrina Lapira",,,accela,2026-03-30T20:55:07.569507,Planning,
2463,159,"2403 SAN PABLO Ave",ZP2023-0103,"Completeness Review","Application Complete",2023-08-14,,"Katrina Lapira",,,accela,2026-03-30T20:55:07.569515,Planning,
2464,159,"2403 SAN PABLO Ave",ZP2023-0103,"Completeness Review","Resubmittal Pending Staff",2023-08-14,,"Katrina Lapira",,,accela,2026-03-30T20:55:07.569524,Planning,
2465,159,"2403 SAN PABLO Ave",ZP2023-0103,"CEQA Determination","Categorically Exempt",2023-10-26,,MJ,,,accela,2026-03-30T20:55:07.569536,Planning,
2466,159,"2403 SAN PABLO Ave",ZP2023-0103,"Staff Decision",Approved,2023-10-26,,MJ,,,accela,2026-03-30T20:55:07.569549,Planning,
2467,159,"2403 SAN PABLO Ave",ZP2023-0103,Appeal,"No Appeal",2023-11-17,,MJ,,,accela,2026-03-30T20:55:07.569561,Planning,
2468,159,"2403 SAN PABLO Ave",ZP2023-0103,"Case Closed",Approved,2024-01-25,,MJ,,,accela,2026-03-30T20:55:07.569587,Planning,
2469,159,"2403 SAN PABLO Ave",ZP2021-0220,"Completeness Review","Incomplete Pending Applicant",2022-01-10,,"Ashley James",,,accela,2026-03-30T20:55:07.569662,Planning,
2470,159,"2403 SAN PABLO Ave",ZP2021-0220,"Completeness Review","Resubmittal Pending Staff",2022-02-04,,"Ashley James",,,accela,2026-03-30T20:55:07.569671,Planning,
2471,159,"2403 SAN PABLO Ave",ZP2021-0220,"Completeness Review","Incomplete Pending Applicant",2022-02-25,,"Ashley James",,,accela,2026-03-30T20:55:07.569681,Planning,
2472,159,"2403 SAN PABLO Ave",ZP2021-0220,"Completeness Review","Resubmittal Pending Staff",2022-03-11,,"Ashley James",,,accela,2026-03-30T20:55:07.569689,Planning,
2473,159,"2403 SAN PABLO Ave",ZP2021-0220,"Completeness Review","Incomplete Pending Applicant",2022-04-06,,"Sharon Gong",,,accela,2026-03-30T20:55:07.569699,Planning,
2474,159,"2403 SAN PABLO Ave",ZP2021-0220,"Completeness Review","Incomplete Pending Applicant",2022-07-06,,"Sharon Gong",,,accela,2026-03-30T20:55:07.569708,Planning,
2475,159,"2403 SAN PABLO Ave",ZP2021-0220,"Completeness Review","Resubmittal Pending Staff",2022-08-24,,"Katrina Lapira",,,accela,2026-03-30T20:55:07.569716,Planning,
2476,159,"2403 SAN PABLO Ave",ZP2021-0220,"Completeness Review","Incomplete Pending Applicant",2022-09-22,,"Katrina Lapira",,,accela,2026-03-30T20:55:07.569730,Planning,
2477,159,"2403 SAN PABLO Ave",ZP2021-0220,"Completeness Review","Application Complete",2022-12-23,,"Katrina Lapira",,,accela,2026-03-30T20:55:07.569739,Planning,
2478,159,"2403 SAN PABLO Ave",ZP2021-0220,"CEQA Determination","Categorically Exempt",2023-03-16,,MJ,,,accela,2026-03-30T20:55:07.569752,Planning,
2479,159,"2403 SAN PABLO Ave",ZP2021-0220,"Staff Decision",Approved,2023-03-30,,"MJ Comment",,,accela,2026-03-30T20:55:07.569765,Planning,
2480,159,"2403 SAN PABLO Ave",ZP2021-0220,Appeal,Approved,2023-03-30,,"SU Comment",,,accela,2026-03-30T20:55:07.569777,Planning,
2481,159,"2403 SAN PABLO Ave",ZP2021-0220,Appeal,"No Appeal",2023-04-21,,MJ,,,accela,2026-03-30T20:55:07.569802,Planning,
2482,159,"2403 SAN PABLO Ave",ZP2021-0220,"Case Closed",Approved,2023-04-28,,MJ,,,accela,2026-03-30T20:55:07.569829,Planning,
2483,159,"2403 SAN PABLO Ave",DRCP2021-0022,"Completeness Review","Incomplete Pending Applicant",2022-01-14,,"Desiree DoughertyDue",,,accela,2026-03-30T20:55:07.570008,Planning,
2484,159,"2403 SAN PABLO Ave",DRCP2021-0022,"Completeness Review","Resubmittal Pending Staff",2022-02-04,,M,,,accela,2026-03-30T20:55:07.570020,Planning,
2485,159,"2403 SAN PABLO Ave",DRCP2021-0022,"Completeness Review","Application Complete",2022-03-04,,M,,,accela,2026-03-30T20:55:07.570041,Planning,
2486,159,"2403 SAN PABLO Ave",DRCP2021-0022,"Completeness Review","Incomplete Pending Applicant",2022-03-04,,"Desiree Dougherty",,,accela,2026-03-30T20:55:07.570050,Planning,
2487,159,"2403 SAN PABLO Ave",DRCP2021-0022,"Completeness Review",Completed,2022-08-09,,M,,,accela,2026-03-30T20:55:07.570064,Planning,
2488,159,"2403 SAN PABLO Ave",DRCP2021-0022,"Completeness Review",Completed,2023-08-23,,M,,,accela,2026-03-30T20:55:07.570077,Planning,
2489,159,"2403 SAN PABLO Ave",DRCP2021-0022,"Completeness Review","No Notice Required",2022-08-11,,M,,,accela,2026-03-30T20:55:07.570090,Planning,
2490,159,"2403 SAN PABLO Ave",DRCP2021-0022,"Completeness Review",Completed,2022-08-12,,M,,,accela,2026-03-30T20:55:07.570103,Planning,
2491,159,"2403 SAN PABLO Ave",DRCP2021-0022,"Completeness Review",Completed,2022-08-11,,M,,,accela,2026-03-30T20:55:07.570118,Planning,
2492,159,"2403 SAN PABLO Ave",DRCP2021-0022,"Completeness Review",Approved,2022-08-18,,M,,,accela,2026-03-30T20:55:07.570131,Planning,
2493,159,"2403 SAN PABLO Ave",DRCP2021-0022,"Case Closed",Approved,2022-09-01,,M,,,accela,2026-03-30T20:55:07.570143,Planning,
2494,156,"2550 SHATTUCK Ave",ZP2023-0138,"Completeness Review","Incomplete Pending Applicant",2023-10-25,,"Allison Riemer",,,accela,2026-03-30T20:55:07.573603,Planning,
2495,156,"2550 SHATTUCK Ave",ZP2023-0138,"Completeness Review","Resubmittal Pending Staff",2023-11-18,,"Allison Riemer",,,accela,2026-03-30T20:55:07.573620,Planning,
2496,156,"2550 SHATTUCK Ave",ZP2023-0138,"Completeness Review","Incomplete Pending Applicant",2023-12-18,,"Allison Riemer",,,accela,2026-03-30T20:55:07.573631,Planning,
2497,156,"2550 SHATTUCK Ave",ZP2023-0138,"Completeness Review","Resubmittal Pending Staff",2024-03-17,,"Allison Riemer",,,accela,2026-03-30T20:55:07.573641,Planning,
2498,156,"2550 SHATTUCK Ave",ZP2023-0138,"Completeness Review","Application Complete",2024-04-16,,"Allison Riemer",,,accela,2026-03-30T20:55:07.573650,Planning,
2499,156,"2550 SHATTUCK Ave",ZP2023-0138,"Completeness Review","Incomplete Pending Applicant",2024-04-16,,"Allison Riemer",,,accela,2026-03-30T20:55:07.573660,Planning,
2500,156,"2550 SHATTUCK Ave",ZP2023-0138,"Application Processing","Corrections - Pending Applicant",2024-04-16,,"Allison Riemer",,,accela,2026-03-30T20:55:07.573671,Planning,
2501,156,"2550 SHATTUCK Ave",ZP2023-0138,"Application Processing","Resubmittal - Pending Staff Review",2024-07-01,,"Allison Riemer",,,accela,2026-03-30T20:55:07.573681,Planning,
2502,156,"2550 SHATTUCK Ave",ZP2023-0138,"Application Processing","Pending Final Action",2024-07-31,,"Allison Riemer",,,accela,2026-03-30T20:55:07.573690,Planning,
2503,156,"2550 SHATTUCK Ave",ZP2023-0138,"Application Processing","Corrections - Pending Applicant",2024-07-31,,"Allison Riemer",,,accela,2026-03-30T20:55:07.573698,Planning,
2504,156,"2550 SHATTUCK Ave",ZP2023-0138,"CEQA Determination","Categorically Exempt",2024-12-12,,MJ,,,accela,2026-03-30T20:55:07.573718,Planning,
2505,156,"2550 SHATTUCK Ave",ZP2023-0138,"Staff Decision",Approved,2024-12-12,,MJ,,,accela,2026-03-30T20:55:07.573729,Planning,
2506,156,"2550 SHATTUCK Ave",ZP2023-0138,Appeal,"No Appeal",2025-01-21,,MJ,,,accela,2026-03-30T20:55:07.573743,Planning,
2507,156,"2550 SHATTUCK Ave",ZP2023-0138,"Case Closed",Approved,2025-01-21,,MJ,,,accela,2026-03-30T20:55:07.573760,Planning,
2508,156,"2550 SHATTUCK Ave",DRCP2023-0015,"Completeness Review","Incomplete Pending Applicant",2023-10-25,,M,,,accela,2026-03-30T20:55:07.573884,Planning,
2509,156,"2550 SHATTUCK Ave",DRCP2023-0015,"Completeness Review","Resubmittal Pending Staff",2023-11-29,,M,,,accela,2026-03-30T20:55:07.573893,Planning,
2510,156,"2550 SHATTUCK Ave",DRCP2023-0015,"Completeness Review","Application Complete",2023-12-18,,M,,,accela,2026-03-30T20:55:07.573901,Planning,
2511,156,"2550 SHATTUCK Ave",DRCP2023-0015,"Staff Report",Completed,2024-07-10,,"Desiree Dougherty",,,accela,2026-03-30T20:55:07.573913,Planning,
2512,156,"2550 SHATTUCK Ave",DRCP2023-0015,"Public Notification",Completed,2024-07-14,,"Desiree Dougherty",,,accela,2026-03-30T20:55:07.573924,Planning,
2513,156,"2550 SHATTUCK Ave",DRCP2023-0015,"Mailed Project Notices",Completed,2024-07-10,,"Desiree Dougherty",,,accela,2026-03-30T20:55:07.573935,Planning,
2514,156,"2550 SHATTUCK Ave",DRCP2023-0015,"Posted Project Notices",Completed,2024-07-10,,"Desiree Dougherty",,,accela,2026-03-30T20:55:07.573946,Planning,
2515,156,"2550 SHATTUCK Ave",DRCP2023-0015,"Published Packet",Completed,2024-07-10,,"Desiree Dougherty",,,accela,2026-03-30T20:55:07.573957,Planning,
2516,156,"2550 SHATTUCK Ave",DRCP2023-0015,"DRC Meeting",Approved,2024-07-18,,"Desiree Dougherty",,,accela,2026-03-30T20:55:07.573967,Planning,
2517,156,"2550 SHATTUCK Ave",DRCP2023-0015,"Case Closed",Approved,2024-08-02,,"Desiree Dougherty",,,accela,2026-03-30T20:55:07.573978,Planning,
2518,117,"2317 Channing Ave",ZP2024-0033,"Completeness Review","Incomplete Pending Applicant",2024-03-29,,"Samella Stover",,,accela,2026-03-30T20:55:07.574835,Planning,
2519,117,"2317 Channing Ave",ZP2024-0033,"Completeness Review","Application Complete",2024-04-18,,"Samella Stover",,,accela,2026-03-30T20:55:07.574847,Planning,
2520,117,"2317 Channing Ave",ZP2024-0033,"Application Processing","Corrections - Pending Applicant",2024-05-16,,"Katrina Lapira",,,accela,2026-03-30T20:55:07.574860,Planning,
2521,117,"2317 Channing Ave",ZP2024-0033,"Application Processing","Resubmittal - Pending Staff Review",2024-07-02,,"Katrina Lapira",,,accela,2026-03-30T20:55:07.574870,Planning,
2522,117,"2317 Channing Ave",ZP2024-0033,"Application Processing","Corrections - Pending Applicant",2024-07-30,,"Katrina Lapira",,,accela,2026-03-30T20:55:07.574879,Planning,
2523,117,"2317 Channing Ave",ZP2024-0033,"Application Processing","Resubmittal - Pending Staff Review",2024-08-21,,"Katrina Lapira",,,accela,2026-03-30T20:55:07.574888,Planning,
2524,117,"2317 Channing Ave",ZP2024-0033,"Application Processing","Resubmittal - Pending Staff Review",2024-09-24,,"Katrina Lapira",,,accela,2026-03-30T20:55:07.574897,Planning,
2525,117,"2317 Channing Ave",ZP2024-0033,"Application Processing","Pending Final Action",2024-09-30,,"Katrina Lapira",,,accela,2026-03-30T20:55:07.574906,Planning,
2526,161,,B2023-02975,Finaled,"Status: Finaled",2024-07-30,,,,,accela,"2026-04-02 03:03:18",,ZP2022-0019_2555_COLLEGE_Ave.txt
2527,161,"2555 COLLEGE AVE",B2023-02975,Finaled,"Status: Finaled",2023-06-09,,,,,accela,"2026-04-02 03:03:18",,ZP2022-0019_2555_COLLEGE_Ave.txt
2528,154,,B2021-05653,Corrections,Corrections,2022-01-03,,"Jesus Del Toro",,,accela,"2026-04-02 03:03:18",,2001_ASHBY_Ave.txt
2529,154,,B2021-05653,Approved,"Approved w/Conditions",2022-01-31,,"Jesus Del Toro",,,accela,"2026-04-02 03:03:18",,2001_ASHBY_Ave.txt
2530,154,,B2021-05653,Approved,Approved,2021-12-28,,,,,accela,"2026-04-02 03:03:18",,2001_ASHBY_Ave.txt
2531,154,,B2021-05653,Corrections,Corrections,2021-12-21,,,,,accela,"2026-04-02 03:03:18",,2001_ASHBY_Ave.txt
2532,154,,B2021-05653,Approved,Approved,2022-01-26,,,,,accela,"2026-04-02 03:03:18",,2001_ASHBY_Ave.txt
2533,154,,B2021-05653,Corrections,Corrections,2022-01-04,,jc,,,accela,"2026-04-02 03:03:18",,2001_ASHBY_Ave.txt
2534,124,"2442 Haste St",B2025-04761,Issued,"Status: Issued",2025-10-23,,,,,accela,"2026-04-02 03:03:18",,B_2442_HASTE_St.txt
2535,118,"2138 Kittredge St",B2025-02344,Corrections,"Status: Corrections",2025-06-09,,,,,accela,"2026-04-02 03:03:18",,B_2138_KITTREDGE_St.txt
2536,131,"811 Cedar St",B2025-02361,Corrections,"Status: Corrections",2026-03-26,,,,,accela,"2026-04-02 03:03:18",,B_811_CEDAR_St.txt
2537,132,"1627 JAYNES St",B2025-04070,Corrections,"Status: Corrections",2026-03-04,,,,,accela,"2026-04-02 03:03:18",,B_1627_JAYNES_St.txt
