id,address_display,units,status,permits,filed,complete,entitled,bp_issued,co_date,height_stories,height_feet,is_uc_project,construction_status,developer,architect,description,latitude,longitude,processing_days,density_bonus,vli_units,apn,owner,accela_status,accela_status_date,construction_start,estimated_completion,sb35_flag,sb330_flag,ab2011_flag,total_fees,app_packet_mb,construction_method,field_survey_date,field_survey_notes,demolition_permit_date,demolition_start_date,inspection_count,first_inspection_date,last_inspection_date,final_inspection_date,density_bonus_pct,construction_data_reliability,is_stalled,fee_count,unit_category,tenure,project_size,created_at,updated_at,bp_filed_date,total_units,year,pipeline_stage,construction_substage,coord_source,project_category
1,"1750 SACRAMENTO St",739,"Under Review","B2025-05534, PLN2024-0010",2025-12-03,"",2026-03-03,,,8,,0,,,,"AB 2011 Ministerial Application. The proposed project is a transit-oriented in-fill development of 13 mixed-use and multi-family residential buildings totaling approximately 769,300 SF and one wrap garage structure with approximately 296 parking spaces in parking lots surrounding the North Berkeley BART Station. Buildings range in height from 3 to 8 stories and consist of 739 units with over 50% of the homes at affordable rent levels. The project includes improvements to the Ohlone Greenway and ",37.874312114151,-122.282958534001,90,0,0,"058 214901904",,"Consolidated Comments: Corrections List Issued",2026-03-03,,,0,0,1,,0.0,,,,,,,,,,,Unknown,1,1,5+,Renter,"Mega (100+)","2026-04-01 21:02:26","2026-04-01 21:02:26",,739.0,2024,"In Review",,initial_import,housing_addition
2,"2276 SHATTUCK Ave",336,"In Review","LMSAP2024-0005, ZP2024-0067",2025-08-07,2025-08-07,2025-12-04,,,18,,0,,,,"SB330 Preliminary Application: Retaining of the existing east and south facades of the existing morse block building; Reduction of existing 32,350 square feet of commercial space to 7,486 square feet; and addition of 105,237 square feet of multi-family residential space. Through utilizing a 50 percent density bonus, 28 density bonus maximum units will be included and 15 percent of the base project units (56 units) are dedicated to nine Very Low-Income households.",37.8677377024907,-122.268240341452,119,1,0,"057 202800400",,"CEQA Determination - LPC Staff Report: Completed",2025-12-23,,,0,1,0,,134.09,,,,,,,,,,50.0,Unknown,1,1,5+,Renter,"Mega (100+)","2026-04-01 21:02:26","2026-04-01 21:02:26",,336.0,2024,"In Review",,initial_import,housing_addition
3,"2700 SHATTUCK Ave",359,"In Review",ZP2024-0058,2024-06-13,2024-10-10,"",,,15,,0,,,"Studio KDA","SB330 project to demolish an existing commercial structure and construct a eight-story mixed-use housing development with 276 dwelling units. [Updated: 359 units per SFYimby]",37.8597802416664,-122.267828038991,119,0,0,"054 172300100",,"Application Processing: Corrections - Pending Applicant",2024-11-07,,,0,1,0,,0.0,,,,,,,,,,,estimated_height,0,1,5+,Renter,"Mega (100+)","2026-04-01 21:02:26","2026-04-01 21:02:26",,359.0,2024,"In Review",,initial_import,housing_addition
4,"1914 FIFTH St",257,"Under Review","PLN2023-0025, ZP2020-0104",2023-06-20,2023-06-20,"",,,15,,0,,,,"demolish an existing parking lot and portions of an existing commercial building and construct a new seven-story mixed-use building with 5,500 square feet of commercial area and 257 dwelling units, including 26 Very Low-Income Units, pursuant to State Density Bonus law.",37.8682300145879,-122.299295923681,0,1,26,"057 210000702",,"Case Closed: Research Completed",2023-06-20,,,0,0,0,,0.0,,,,,,,,,,,estimated_height,0,1,5+,Renter,"Mega (100+)","2026-04-01 21:02:26","2026-04-01 21:02:26",,257.0,2020,"In Review",,initial_import,housing_addition
5,"2425 DURANT Ave",117,"Pending Final Action","ZP2024-0162, PLN2024-0049",2024-11-15,2025-03-13,2025-10-09,,,20,200,0,,Collabhome,,"SB-330 PROJECT - Demolition of all existing buildings on site to construct a 20-story residential building with a total floor area of approximately 145,000 square feet. The building height will be 200-ft with zero vehicle parking spaces. The State Density Bonus Project will have 13 affordable housing units designated for VLI households and 13 for moderate-income households. All 19 existing dwelling units, when replaced, will be below-market-rate rentals.",37.8679506825664,-122.260141816265,328,1,0,"055 187800701","2425 Durant Avenue LLC","Completeness Review: Application Complete",2025-12-26,,,0,1,0,22880.0,0.0,,,,,,,,,,,Unknown,1,1,5+,Renter,"Mega (100+)","2026-04-01 21:02:26","2026-04-01 21:02:26",,250.0,2024,"Decision Pending",,initial_import,housing_addition
6,"2029 UNIVERSITY Ave",240,Entitled,"ZP2024-0181, ZP2024-0182, PLN2024-0069, PLN2024-0070",2024-12-19,2025-06-03,2025-11-13,,,23,256,0,,,,"The project is the construction of a new 23-story (256'-0""), 240-unit housing development with 190,878_sf of new residential use and parking garage for up to 29 spaces. The project includes removal of existing non-landmarked 2-story commercial structure and surface parking. 15% (18 units) of the base project's units will be affordable to very-low-income households, and 15% (18 units) will be affordable to moderate income households, making the project eligible for a 100% density bonus, waivers, ",37.8722618030934,-122.269838097593,329,1,0,"057 205300801","Talai Mohammad E & Kokab S Trs","Application Processing: Pending Final Action",2025-11-17,,,0,0,0,19212.5,0.0,,,,,,,,,,,Unknown,1,1,5+,Renter,"Mega (100+)","2026-04-01 21:02:26","2026-04-01 21:02:26",,240.0,2024,Entitled,,initial_import,housing_addition
7,"2601 SAN PABLO Ave",223,"In Review",ZP2022-0171,2023-01-13,2023-11-17,"",,,8,,0,,"NX Ventures","Trachtenberg Architects","Demolish existing development (includes vacant residential) to construct an 8-story mixed-use building 223 dwelling units over a 1,940 commercial space, utilizing density bonus.",37.859267643514,-122.288663485537,308,1,0,"054 178501700",,"Completeness Review: Application Complete",2023-11-17,,,0,0,0,2573.48,112.97,,,,,,,,,,,Unknown,0,1,5+,Renter,"Mega (100+)","2026-04-01 21:02:26","2026-04-01 21:02:26",,223.0,2022,"In Review",,initial_import,housing_addition
8,"2920 SHATTUCK Ave",221,"In Review",ZP2022-0116,2022-10-04,2022-12-15,"",,,10,,0,,,"Studio KDA","Demolish two commercial buildings and construct a 10-story mixed-use residential building with 221 dwelling units, ground-floor retail, and nine uncovered parking spaces utilizing State Density Bonus.",37.8563473000471,-122.266932009919,72,1,0,"053 159000501",,"Completeness Review: Application Complete",2022-12-15,,,0,0,0,,132.07,,,,,,,,,,,Unknown,0,1,5+,Renter,"Mega (100+)","2026-04-01 21:02:26","2026-04-01 21:02:26",,221.0,2022,"In Review",,initial_import,housing_addition
9,"1899 OXFORD St",212,"Pending Final Action",ZP2024-0075,2024-07-03,2024-10-31,2026-02-11,,,7,78,0,,,"Studio KDA","SB-330 Project -  Use Permit to demolish a two-story multifamily building (8 units), merge two lots, and construct a 7-story, (78 feet, 9 inches in maximum height) mixed-use building with 94,140 residential floor area, 3,873 commercial floor area, 15 off-street parking spaces, and 80 bicycle parking spaces. The project would utilize a 96.3 percent density bonus and provide 17 very-low-income units and 16 middle-income units.",37.8744960116805,-122.266059020838,588,1,0,"058 218101905",,"CEQA Determination: No Appeal",2026-02-11,,,0,0,0,79652.0,18.87,,,,,,,,,,3.0,Unknown,1,1,5+,Renter,"Mega (100+)","2026-04-01 21:02:26","2026-04-01 21:02:26",,220.0,2024,"Decision Pending",,initial_import,housing_addition
10,"3000 SHATTUCK Ave",166,"In Review",ZP2022-0046,2022-05-11,2022-08-03,2025-03-11,,,10,114,0,,"NX Ventures","Trachtenberg Architects","Demolish the existing gas station, and construct a 10-story (114 feet) mixed-use building utilizing a Density Bonus, with 166 dwellings, including 17 Very Low-Income units, and 1,043 square-feet of commercial space.",37.8550080983756,-122.266772041527,1035,1,17,"053 159200100",,"[COMPLETE] Hearing Notice: as: Notice Issued |",2025-03-11,,,0,0,0,89178.38,25.2,,,,,,,,,,,Unknown,0,1,5+,Renter,"Mega (100+)","2026-04-01 21:02:26","2026-04-01 21:02:26",,166.0,2022,"In Review",,initial_import,housing_addition
11,"1581 UNIVERSITY Ave",158,"Corrections Pending Applicant",ZP2024-0074,2024-07-12,2024-11-07,"",,,7,158,0,,,"SDT Architects","SB-330 Project - Demolition of 2 existing non-landmarked mixed-use structures and surface parking to 
construct a new 88'6"", 7-story, 158-unit mixed-use housing development with 96,256 sq ft of new residential space, 1788 sq ft of commercial space, and 32 parking spaces. 

14 units (15%) of base project units are VLI; 9 units (10%) are moderate-income households; project entitled to 82.5% density bonus, waviers, and up to 4 concessions under the State Density Bonus Law.",37.8708827554525,-122.280648260228,118,1,0,"057 207100601",,"Application Processing: Corrections - Pending Applicant",2024-12-05,,,0,0,0,,0.0,,,,,,,,,,,Unknown,0,1,5+,Renter,"Mega (100+)","2026-04-01 21:02:26","2026-04-01 21:02:26",,158.0,2024,"In Review",,initial_import,housing_addition
12,"2115 KITTREDGE St",148,"Incomplete Pending Applicant",ZP2024-0131,2024-09-17,"","",,,10,,0,,"Gilbane Development","DLR Group","Construction of a twenty-three-story building with a live performance theater and 148 dwelling units that will retain the original primary south facade of the building.  The density bonus project includes 24 affordable units (12 VLI + 12 MI units) with residential amenity space and usable open space.",37.868856897471,-122.267183288467,562,1,12,"057 203000900","Aquarius Twins Inc","Completeness Review: Incomplete Pending Applicant",2024-10-16,,,0,0,0,5330.0,0.0,,,,,,,,,,,estimated_height,0,1,5+,Renter,"Mega (100+)","2026-04-01 21:02:26","2026-04-01 21:02:26",,148.0,2024,"Application Submitted",,initial_import,housing_addition
13,"2420 SHATTUCK Ave",132,"In Review",ZP2022-0149,2022-10-04,2023-12-01,"",,,17,,0,,,"Studio KDA","Demolish two non-residential buildings and construct a 17-story mixed-use residential building with ground-floor commercial and 132 dwelling units utilizing State Density Bonus.",37.8652883239018,-122.267988788019,423,1,0,"055 189600300",,"Due 12/02/2023, assigned to TBD | Marked as: Resubmittal Pending Staff | on 11/02/2023 by Niloufar Karimzadegan: as: Application Complete |",2023-12-01,,,0,0,0,16110.6,117.96,,,,,,,,,,,Unknown,0,1,5+,Renter,"Mega (100+)","2026-04-01 21:02:26","2026-04-01 21:02:26",,132.0,2022,"In Review",,initial_import,housing_addition
14,"2847 SHATTUCK Ave",132,"Incomplete Pending Applicant","ZP2022-0132, ZP2024-0077",2022-11-23,"","",,,9,136,0,,"NX Ventures","Trachtenberg Architects","SB-330 Project - Demolition of existing non-landmarked mixed-use structure and surface parking to construct a new 9-story, 102'0"" in height, 136-unit mixed-use housing development with 55,849 sq ft of residential space and 2,503 sq ft commercial space.

14% of the base project's units will be VLI income households; Entitled to 46.25% density bonus, waivers, and up to 3 concessions  under the State Density Bonus Law.",37.8569777700275,-122.266385897108,1226,1,0,"053 168602000",,"Completeness Review: Incomplete Pending Applicant",2023-07-05,,,0,0,0,,0.0,,,,,,,,,,,Unknown,0,1,5+,Renter,"Mega (100+)","2026-04-01 21:02:26","2026-04-01 21:02:26",,136.0,2024,"Application Submitted",,initial_import,housing_addition
15,"2109 VIRGINIA St",131,Approved,ZP2024-0066,2024-07-03,2024-07-03,2026-02-26,,,2,131,0,,"Panoramic Interests","Trachtenberg Architects","Demolition of existing non-landmarked 2-story commercial structure and surface parking. Construction of a new 8-story(88'-4"" tall), 131-unit mixed-use housing development with 107,935sf of new residential use, parking garage for up to 103 spots, and 1,200 sf new commercial space.  15% (11 units) of the base project's units will be affordable to very-low-income households, and 13% (9 units) will be Moderate Income households, entitling it to 92.5% density bonus, waivers, and up to 4 concessions u",37.8767775765377,-122.268523688059,603,1,0,"058 217801800",,"Case Closed: Approved",2026-02-26,,,0,0,0,,0.0,,,,,,,,,,,Estimated,1,1,5+,Renter,"Mega (100+)","2026-04-01 21:02:26","2026-04-01 21:02:26",,131.0,2024,Entitled,,initial_import,housing_addition
16,"2720 SAN PABLO Ave",113,"Under Review","ZP2023-0058, ZP2024-0076",2023-06-20,"","",,,10,117,0,,"NX Ventures","Trachtenberg Architects","SB-330 Project - Demolition of existing non-landmarked mixed-use structure and surface parking for the construction of a new eight-story, 88'10"" in height, 117-unit mixed-use housing development with 49,465 sf of new residential space and 1,244 sf commercial space.  

10 units (15%) of the base project will be VLI household; 6 units (9%) will be moderate income household.
Entitled to 80% density bonus, waivers, and up to 4 concessions under the State Density Bonus Law.",37.8573103372447,-122.288690809593,1017,1,9,"054 174400700",,"Completeness Review: Incomplete Pending Applicant",2023-10-16,,,0,0,0,,0.0,,,,,,,,,,,estimated_height,0,1,5+,Renter,"Mega (100+)","2026-04-01 21:02:26","2026-04-01 21:02:26",,117.0,2024,"In Review",,initial_import,housing_addition
17,"2109 MILVIA St",105,"In Review",ZP2023-0099,2023-09-13,2024-04-11,"",,,14,,0,,,,"SB-330 Project: Removal of existing parking lot to construct a new 14-story mixed-use building with 105 dwelling, ground level lobbies and commercial space.  This is a State of California Density Bonus Project.",37.8705795053331,-122.270341112829,211,1,0,"057 202301601",,"Completeness Review: Application Complete",2024-04-11,,,0,0,0,,0.0,,,,,,,,,,,Unknown,0,1,5+,Renter,"Mega (100+)","2026-04-01 21:02:26","2026-04-01 21:02:26",,105.0,2023,"In Review",,initial_import,housing_addition
18,"2655 SHATTUCK Ave",97,"Pending Final Action",ZP2024-0057,2024-06-12,2024-08-19,2025-08-14,,,8,85,0,,,,"Demolish an existing 1-story commercial building to construct an 85-foot tall, 83,479 square foot, 8-story Mixed Use residential/commercial building.  Total of 97 units, with 10 VLI. 41 on-site automobile parking spaces and 48 on-site bicycle parking spaces.",37.8606906535295,-122.266441026717,428,0,0,"055 182601802",,"Case Closed: Approved",2025-08-14,,,0,0,0,,0.0,,,,,,,,,,,Unknown,1,1,5+,Renter,"Very Large (51-100)","2026-04-01 21:02:26","2026-04-01 21:02:26",,97.0,2024,"Decision Pending",,initial_import,housing_addition
19,"2450 SHATTUCK Ave",94,"Corrections Pending Applicant",ZP2024-0047,2024-05-16,2024-09-06,"",,,7,,0,,,,"SB-330 Mixed-Use Housing Development Project for the construction of an eight story building with 94 residential units, 2,438-sqft of retail space; 4,653-sqft of residential amenities and lobbies. Amenity roof terrace provided on top level. A total of 134,115-sqft.",37.8645687263067,-122.2679507803,113,0,0,"055 189700600",,"Application Processing: Corrections - Pending Applicant",2024-11-01,,,0,0,0,,0.0,,,,,,,,,,,estimated_height,0,1,5+,Renter,"Very Large (51-100)","2026-04-01 21:02:26","2026-04-01 21:02:26",,94.0,2024,"In Review",,initial_import,housing_addition
20,"2036 BANCROFT Way",85,"In Review",ZP2024-0079,2024-07-19,2024-11-15,"",,,8,85,0,,,,"SB-330 Project - Demolition of two existing landmarked buildings and a partial landmarked commercial office building to construct an 85', 8-story, multi-family building.  Residential project will have 87 units including 4 VLI units, 19 vehicle parking spaces and 63 bicycle parking spaces.",37.8672308471615,-122.268516660538,119,0,4,"055 189401704",,"Completeness Review: Application Complete",2024-11-15,,,0,0,0,114313.0,60.27,,,,,,,,,,,Unknown,0,1,5+,Renter,"Very Large (51-100)","2026-04-01 21:02:26","2026-04-01 21:02:26",,87.0,2024,"In Review",,initial_import,housing_addition
21,"2660 BANCROFT Way",78,"Incomplete Pending Applicant",ZP2023-0095,2023-07-28,"","",,,8,,0,,,,"Construction of an 8-story residential development with 78 studio units in a 32,632 SF building.  This project will include 8 affordable units for VLI households. Does not have vehicle parking, only bicycle parking is provided with residential amenities and useable open space.  This is a State Density Bonus project.",37.868939,-122.255291,979,1,0,55-1871-20,"AMI LLC &","Completeness Review: Incomplete Pending Applicant",2023-07-28,,,0,0,0,7423.0,0.0,,,,,,,,,,,Unknown,0,1,5+,Renter,"Very Large (51-100)","2026-04-01 21:02:26","2026-04-01 21:02:26",,78.0,2023,"Application Submitted",,initial_import,housing_addition
22,"2955 SHATTUCK Ave",74,"Corrections Pending Applicant",ZP2024-0071,2024-07-03,2024-08-21,"",,,2,75,0,,,,"State Density Bonus Project to merge two lots and demolish (2) existing 2-story commercial structures and (1) existing 1-story commercial structure. The proposed project is an 8-story, 75-feet, 80,682-sqft mixed-use building with 74 dwelling units, ground level retail space, and a ground level parking garage with 24 parking spaces. This will include 4 affordable units.",37.8557770461473,-122.26623093862,49,1,0,"053 158901801",,"Application Processing: Corrections - Pending Applicant",2025-07-25,,,0,0,0,12900.0,24.11,,,,,,,,,,,Unknown,0,1,5+,Renter,"Very Large (51-100)","2026-04-01 21:02:26","2026-04-01 21:02:26",,74.0,2024,"In Review",,initial_import,housing_addition
23,"2326 DURANT Ave",70,Pending,PLN2024-0023,2024-01-01,"","",,,7,,0,,,,"Pre App requesting feedback on a project proposing a six-story, 70 unit development consisting of 100% affordable housing to low income households (80% AMI). Applicant would like to discuss the project description, applicable zoning requirements, and the use of state density bonus with associated waivers and incentives/concessions, applicability of state streamlined housing laws to entitle the project, and discuss the associated processes.",37.8670890600552,-122.262260042806,822,1,0,"055 188401600",,,,,,0,0,0,,0.0,,,,,,,,,,,estimated_height,0,0,5+,Renter,"Very Large (51-100)","2026-04-01 21:02:26","2026-04-01 21:02:26",,70.0,2024,"In Review",,initial_import,housing_addition
24,"2330 DURANT Ave",68,"Under Review","PLN2025-0038, PLN2025-0053, PLN2025-0100",2025-01-01,"","",,,6,,0,,,,"Removal of all of existing structures and new construction of a 100% affordable 65,585 sq. ft. 6-story housing development with 68 dwelling units using a state of California Density Bonus (per SB 330 provisions) and no parking.",37.8671118022046,-122.262081287048,456,1,0,"055 188401700",,,,,,0,1,0,1055.0,0.47,,,,,,,,,,,Unknown,0,1,5+,Renter,"Very Large (51-100)","2026-04-01 21:02:26","2026-04-01 21:02:26",,68.0,2025,"In Review",,initial_import,housing_addition
25,"2455 TELEGRAPH Ave",68,"Under Review",PLN2025-0066,2026-03-09,2026-03-17,"",,,8,,0,,,,"UPPH to construct a 85,000SF 8-story mixed-use building, including ground-floor record store and 68 units (7 VLI units). Maintain the historic mural and front facade of Amoeba Record Store",37.8658684135182,-122.258288111235,8,0,7,"055 187502900",,"ness Review: as: Application Complete |",2026-03-17,,,0,1,0,630.0,60.98,,,,,,,,,,,Unknown,0,0,5+,Renter,"Very Large (51-100)","2026-04-01 21:02:26","2026-04-01 21:02:26",,68.0,2025,"In Review",,initial_import,housing_addition
26,"2298 DURANT Ave",65,"Pending Final Action",ZP2024-0126,2024-10-04,2024-10-21,"",,,8,91,0,,,,"The proposed project entails the demolition of all existing buildings, merger of two lots, and
construction of a new, 8-Story, 79,522sf, 91'-6"" tall building with 65 total units, 5 of which will be
offered at Very Low Income rates. Density bonus.",37.8669496760346,-122.263768333931,17,1,0,"055 188700100",,"Due 10/09/2025, assigned to TBD  Marked as Resubmittal - Pending Staff Review on 09/11/2025 by Allison Riemer: Pending Final Action",2025-10-09,,,0,0,0,,0.0,,,,,,,,,,,Unknown,0,1,5+,Renter,"Very Large (51-100)","2026-04-01 21:02:26","2026-04-01 21:02:26",,65.0,2024,"Decision Pending",,initial_import,housing_addition
27,"2441 LE CONTE Ave",65,"Incomplete Pending Applicant",ZP2023-0089,2023-07-21,"","",,,7,,0,,,,"Change the use from educational/religious facility to a residential hotel with 65 group living accommodations (7 Very-Low Income Units), and construct a five-story (48 feet average height) major residential addition for a total of 24,300 square feet gross floor feet, utilizing State Density Bonus",37.8770218450383,-122.261866356133,986,1,0,"058 219300600",,"ness Review [ACTIVE]: Incomplete Pending Applicant",2023-11-21,,,0,0,0,72503.1,162.05,,,,,,,,,,,estimated_height,0,1,5+,Renter,"Very Large (51-100)","2026-04-01 21:02:26","2026-04-01 21:02:26",,65.0,2023,"Application Submitted",,initial_import,housing_addition
28,"2372 ELLSWORTH St",63,Entitled,PLN2024-0054,2024-01-01,"",2025-11-18,,,7,,0,,,,"SB-330 Project: Demolition of existing building to construct a seven-story, 49,900-square-foot residential building. A total of 63 units comprised of studios, two, three, and four bedrooms.",37.8665498246095,-122.263647920157,822,0,0,"055 188700300",,,,,,0,0,0,1055.0,6.82,,,,,,,,,,,estimated_height,0,1,5+,Renter,"Very Large (51-100)","2026-04-01 21:02:26","2026-04-01 21:02:26",,63.0,2024,Entitled,,initial_import,housing_addition
30,"2001 CENTER St",58,"In Review","ZP2025-0107, PLN2025-0039",2025-11-26,2026-01-09,"",,,7,100,0,,,,"To convert the existing 7-story,  ~35,904 sq.ft. office building in Berkeley, converting Levels 2–7 into ~58 residential units and keeping ground-floor retail. The mechanical penthouse (86'-4"") will become a roof garden, with height unchanged at 100'-0"". Includes interior demolition only, 10% very-low-income units (~6), and no on-site parking per AB-2097.",37.8702109102158,-122.270307197834,44,0,0,"057 202301300",,"Application Processing: Corrections - Pending Applicant",2026-02-06,,,0,0,0,9260.0,6.74,,,,,,,,,,,Unknown,0,1,5+,Renter,"Very Large (51-100)","2026-04-01 21:02:26","2026-04-01 21:02:26",,58.0,2025,"In Review",,initial_import,housing_addition
31,"2712 TELEGRAPH Ave",57,"Corrections Pending Applicant",ZP2025-0105,2025-11-26,2026-01-15,"",,,6,,0,,"Panoramic Interests","SDT Architects","Modification of Use Permit ZP2022-0179 for the demolition of two existing two-story commercial structures & construction, with the state of California density bonus, of a new 6-story residential building, with 50 residential units, 6 ADUs, 1 live-work unit, a ground level lobby, and 1 parking space.",37.8610075167225,-122.259349308148,50,1,0,"054 171400501",,"Stage: Application Processing [COMPLETE]: Corrections - Pending Applicant",2026-02-14,,,0,0,0,27690.0,29.61,prefab_planned,,,,,,,,,,Unknown,0,1,ADU,Renter,"Very Large (51-100)","2026-04-01 21:02:26","2026-04-01 21:02:26",,57.0,2025,"In Review",,initial_import,housing_addition
32,"1740 SAN PABLO Ave",54,"Under Review",PLN2023-0065,2023-01-01,"","",,,6,,0,,,,"SB 35 Preliminary Development Application (Modification): Demolition of existing 1 story commercial structure.  Construction of a 6-story, 54 units, Mixed-Use Residential building with 100% affordable housing, processing under SB-35 and State Density Bonus for additional height of 33"" and no density limit.",37.8718930674779,-122.29344912367,1187,1,0,"058 212701403",,,,,,1,0,0,1270.0,26.7,,,,,,,,,,,Unknown,0,1,5+,Renter,"Very Large (51-100)","2026-04-01 21:02:26","2026-04-01 21:02:26",,54.0,2023,"In Review",,initial_import,housing_addition
33,"130 BERKELEY Sq",50,"In Review",ZP2021-0158,2021-11-19,2021-11-19,"",,,7,,0,,,,"50 unit multi-family mixed-use project",37.870858,-122.267959,0,0,0,57-2032-17,,"ness Review [COMPLETE]: Application Complete",2021-11-19,,,0,0,0,107645.5,0.84,,,,,,,,,,,estimated_height,0,1,5+,Renter,"Large (21-50)","2026-04-01 21:02:26","2026-04-01 21:02:26",,50.0,2021,"In Review",,initial_import,housing_addition
34,"2680 BANCROFT Way",79,Entitled,"ZP2023-0096, ZP2024-0029",2024-03-19,2024-04-30,2025-06-13,,,8,,0,pre_demolition,,,"Conversion of the Bancroft Hotel (17,466 SF) into a residential building, with 15 dwelling units and 22 Group Living Accommodation rooms for a total of 37 units.  This project will retain & rehabilitate the original facades of the historic building.",37.8689772111055,-122.254936010023,451,0,9,"055 187100103",,"Case Closed: Approved",2025-06-13,,,0,0,0,19998.0,0.0,,2026-04-03,"Vacant, waiting for demolition.",,,,,,,,Estimated,1,1,5+,Renter,"Large (21-50)","2026-04-01 21:02:26","2026-04-01 21:02:26",,37.0,2023,Entitled,"Demolition Pending",initial_import,housing_addition
35,"2190 SHATTUCK Ave",452,"Under Review","ZP2016-0117, ZP2025-0101",2025-11-21,"","",,,34,,0,,,,"SB-330: 34-story mixed-use tower with 452 units. Originally approved as 25-story (ZP2016-0117), modified 2025 to increase density bonus to 34 stories (ZP2025-0101).",37.8694886042646,-122.268646084414,132,1,0,"057 202600405","LMP Shattuck Property Owner LL","Completeness Review: Incomplete Pending Applicant",2025-11-21,,,0,1,0,5430.0,0.0,,,,,,,,,,,Unknown,0,1,5+,Renter,"Mega (100+)","2026-04-01 21:02:26","2026-04-01 21:02:26",,452.0,2025,"In Review",,initial_import,housing_addition
36,"2733 SAN PABLO Ave",32,"In Review",ZP2023-0090,2023-09-18,2024-05-09,"",,,8,,0,,"NX Ventures","Trachtenberg Architects","Demolition of existing non-landmarked structures. Construction of a new 8-story mixed-use residential development with ground level lobbies and commercial spaces with a State of California Density.",37.8563482554291,-122.287616145137,234,0,0,"054 174203200",,"Due 05/10/2024, assigned to Niloufar Karimzadegan  Marked as Resubmittal Pending Staff on 04/10/2024 by Niloufar Karimzadegan: Application Complete",2024-05-09,,,0,0,0,,0.0,,,,,,,,,,,Unknown,0,1,5+,Renter,"Large (21-50)","2026-04-01 21:02:26","2026-04-01 21:02:26",,32.0,2023,"In Review",,initial_import,housing_addition
37,"2614 TELEGRAPH Ave",31,"Corrections Pending Applicant",ZP2024-0027,2024-01-01,2025-04-30,"",,,5,57,0,,,"SDT Architects","SB-330 Mixed-Use Housing Development Project. Use Permit to merge two parcels, demolish a single-family dwelling (2614 Telegraph) and a commercial office (2417 Carleton), and construct a 38,000 square-foot, 5-story (57-foot) mixed-use building with 32 dwelling units (3 Very Low-Income, 2 Low-Income), and 605 sq. ft. of commercial space, using a State Density Bonus.",37.8626827296241,-122.259139834498,485,1,3,"055 183600800",,,,,,0,0,0,,0.0,,,,,,,,,,,Unknown,0,0,5+,Renter,"Large (21-50)","2026-04-01 21:02:26","2026-04-01 21:02:26",,32.0,2024,"In Review",,initial_import,housing_addition
38,"2449 DWIGHT Way",39,"ZAB Review",ZP2022-0021,2022-01-01,"","",,,4,,0,,,,"Renovation of existing 4-story 27,456 square foot, mixed-use building, and add 4 additional stories of residential dwelling units, resulting in an 8-story, 56,217 square foot, mixed-use building, containing 51 residential dwelling units (24 replacement units, plus 27 new dwelling units including 2 Very Low Income units), a 3,600 square-foot ground-floor commercial space. [Updated: project now shows 63 total units per ZAB review 2025]",37.8653092021721,-122.258769415988,1552,0,2,"055 188100400",,,,,,0,0,0,107580.0,0.0,,,,,,,,,,,Unknown,0,1,5+,Renter,"Large (21-50)","2026-04-01 21:02:26","2026-04-01 21:02:26",,63.0,2022,"In Review",,initial_import,housing_addition
39,"1790 UNIVERSITY Ave",17,"Under Review",ZP2023-0070,2023-01-01,"","",,,5,56,0,,,,"Demolish two nonresidential structures and one single-family residence, and construct a 5-story (56 feet) mixed-use building with 17 dwelling units (two VLI) and 950 square feet of ground-floor retail, utilizing State Density Bonus",37.8709391863101,-122.27560444808,1187,1,0,"056 201102800",,,,,,0,0,0,,0.0,,,,,,,,,,,Unknown,0,0,5+,Renter,"Medium (6-20)","2026-04-01 21:02:26","2026-04-01 21:02:26",,17.0,2023,"In Review",,initial_import,housing_addition
40,"1710 UNIVERSITY Ave",16,"Incomplete Pending Applicant",ZP2021-0127,2021-01-01,"","",,,4,,0,,,,"Demolish existing commercial building. Construct 4-story, mixed-use building for non-profit religious education and living spaces",37.8707495770956,-122.277121911902,1917,0,0,"056 201102000",,,,,,0,0,0,,0.0,,,,,,,,,,,Unknown,0,0,5+,Renter,"Medium (6-20)","2026-04-01 21:02:26","2026-04-01 21:02:26",,16.0,2021,"Application Submitted",,initial_import,housing_addition
41,"2147 SAN PABLO Ave",15,"Pending Final Action",ZP2024-0096,2024-07-17,2024-08-28,2025-09-09,,,4,70,0,,,,"Use Permit Modification to modify approved Use Permit #ZP2022-0113, to increase the number of Group Living Accommodation (GLA) units from 128 to 141, increase the height from 70 feet to 75 feet, reduce the ground-level commercial space from 1,873 square feet to 1,804 square feet, remove the 14 parking spaces, and increase the number of Very Low Income (VLI) units from 12 to 15, utilizing a State Density Bonus.",37.8670471321907,-122.291081888623,419,1,0,"056 198304201",,"Stage: CEQA Determination: Categorically Exempt",2025-09-09,,,0,0,0,,0.0,,,,,,,,,,,estimated_height,1,1,5+,Renter,"Medium (6-20)","2026-04-01 21:02:26","2026-04-01 21:02:26",,141.0,2024,"Decision Pending",,initial_import,housing_addition
42,"1740 UNIVERSITY Ave",12,Approved,ZP2025-0079,2025-01-01,2025-09-15,"",,,4,,0,,,,"Use Permit with Public Hearing to convert an existing 12,503 SF, 31 feet in maximum height two story commercial building into a mixed-use building with 12 residential apartments and 3 ground floor retail tenant spaces with a proposed total gross area of 9,666 square feet",37.8707558698964,-122.276614433835,257,0,0,"056 201102200",,,,,,0,0,0,,0.0,,,,,,,,,,,estimated_height,0,0,5+,Renter,"Medium (6-20)","2026-04-01 21:02:26","2026-04-01 21:02:26",,12.0,2025,Entitled,,initial_import,housing_addition
43,"1015 UNIVERSITY Ave",9,"Incomplete Pending Applicant",ZP2022-0120,2022-01-01,"","",,,4,,0,,,,"Legalize nine residential dwelling units and ground floor commercial space.",37.8691832720364,-122.293134163551,1552,0,0,"057 208801200",,,,,,0,0,0,,0.0,,,,,,,,,,,estimated_height,0,0,5+,Renter,"Medium (6-20)","2026-04-01 21:02:26","2026-04-01 21:02:26",,9.0,2022,"Application Submitted",,initial_import,housing_addition
44,"2428 MILVIA St",8,"Under Review",PLN2024-0025,2024-01-01,"","",,,4,,0,,,,"SB-330 pre-application, the project proposes to demolish the existing buildings with six units, and to relocate landmarked ""Broad Buildings"" (from 2030-32 Bancroft) to this site, preserve exteriors and create eight new units.",37.8643522954688,-122.270084265625,822,0,0,"055 189800100",,,,,,0,0,0,,0.0,,,,,,,,,,,estimated_height,0,0,5+,Renter,"Medium (6-20)","2026-04-01 21:02:26","2026-04-01 21:02:26",,14.0,2024,"In Review",,initial_import,housing_addition
45,"2200 FIFTH St",8,Withdrawn,ZP2025-0085,2025-01-01,2025-11-24,"",,,3,,0,,,,"Use Permit with Public Hearing to construct a total of eight three story townhouses 34 feet tall with a gross floor area of 19,064 square feet and 45 feet tall two-unit Research & Development, 3 story building with a gross floor area of 4,956 square feet with 10 proposed off-street shared parking spaces on a split zoned MUR and MU-LI site that is an existing parking lot.",37.864682788374,-122.298194817314,327,0,0,"056 195800301",,,,,,0,0,0,,0.0,,,,,,,,,,,Unknown,0,0,5+,Renter,"Medium (6-20)","2026-04-01 21:02:26","2026-04-01 21:02:26",,8.0,2025,Withdrawn,,initial_import,housing_addition
46,"1745 CEDAR St",6,"Under Review",PLN2025-0040,2025-01-01,"","",,,3,,0,,,,"The project is the construction of a new 3-story (35'-0""), 6-unit housing development with 8,976 sf of
new residential use and 6 parking spots. Project includes removal of an existing non-landmarked
commercial structure and surface parking.",37.8777604245229,-122.276129030968,456,0,0,"059 227501600",,,,,,0,0,0,,0.0,,,,,,,,,,,Unknown,0,0,5+,Renter,"Medium (6-20)","2026-04-01 21:02:26","2026-04-01 21:02:26",,6.0,2025,"In Review",,initial_import,housing_addition
47,"1850 BERRYMAN St",6,"Incomplete Pending Applicant","ZP2023-0063, PLN2025-0050, PLN2025-0052",2025-01-01,"","",,,3,,0,,,,"Preliminary application for the construction of a new 3-story residential development with 7,272 sf of new residential use, 6 dwelling units and ground level parking, in compliance with state of California SB-684 - Subdivision Homeownership project.",37.883008,-122.274763,456,0,0,60-2447-36,,,,,,0,0,0,,0.0,,,,,,,,,,,Unknown,0,0,5+,Owner,"Medium (6-20)","2026-04-01 21:02:26","2026-04-01 21:02:26",,6.0,2025,"Application Submitted",,initial_import,housing_addition
49,"1618 SIXTH St",4,"Under Review",PLN2025-0068,2025-01-01,"","",,,3,,0,,,,"The project proposes the construction of (2) Type V-B, fully-sprinklered, (3) story, single family homes on the front of a 50’X130’ lot in the MU-R district and (2) Type V-B, fully sprinklered, (2) story, single-family homes within an existing warehouse footprint on the rear of the lot. The resultant project will be (4) new single family homes.",37.8733361034196,-122.299758620731,456,0,0,"057 211700402",,,,,,0,0,0,,0.0,,,,,,,,,,,Unknown,0,0,2-4,Owner,"Small (1-5)","2026-04-01 21:02:26","2026-04-01 21:02:26",,4.0,2025,"In Review",,initial_import,housing_addition
50,"2420 ASHBY Ave",4,"Under Review",ZP2024-0147,2024-01-01,"","",,,3,,0,,,,"Use Permit to convert a nonconforming medical office use to a multifamily residential use by reconfiguring interior space to create 4 dwelling units, establish 5 off street parking spaces, and create new window openings within a nonconforming side setback on a site located within the Environmental Management Area",37.8559819892972,-122.258634990292,822,0,0,"052 157307802",,,,,,0,0,0,,0.0,,,,,,,,,,,estimated_height,0,0,2-4,Owner,"Small (1-5)","2026-04-01 21:02:26","2026-04-01 21:02:26",,4.0,2024,"In Review",,initial_import,housing_addition
51,"2942 COLLEGE Ave",4,"In Review",ZP2021-0072,2021-01-01,"","",,,3,,0,,,,"demolish and existing non-residential building and construct a new two-story mixed-use development containing 1,296 sq.ft. of ground floor commercial space and 3,278 sq.ft. of residential space, including four dwelling units, in two seperate buildings.",37.8574433597396,-122.253466907902,1917,0,0,"052 156800900",,,,,,0,0,0,,0.0,,,,,,,,,,,estimated_height,0,0,2-4,Owner,"Small (1-5)","2026-04-01 21:02:26","2026-04-01 21:02:26",,4.0,2021,"In Review",,initial_import,housing_addition
52,"2437 WARRING St",4,"Under Review",PLN2025-0031,2025-01-01,"","",,,2,,0,,,,"Pre-application request for an interdepartmental meeting to discuss a proposed addition of square footage, stories and units to a multi-family building with an additional 2 stories using variances.",37.8665954978728,-122.250274758913,456,0,0,"055 186501401",,,,,,0,0,0,,0.0,,,,,,,,,,,Unknown,0,0,2-4,Owner,"Small (1-5)","2026-04-01 21:02:26","2026-04-01 21:02:26",,4.0,2025,"In Review",,initial_import,housing_addition
53,"2641 COLLEGE Ave",3,"Under Review",PLN2025-0061,2025-01-01,"","",,,3,,0,,,,"Demolish the existing garage in the rear of the lot and utilize SB 684/SB 1123 to subdivide the existing 5,400 square-feet R2A lot (APN# 055 184801800) into one 2,994 square-feet lot in the front with an existing duplex building, and one new 2,406 square-feet lot in the rear and construct a new 3,310 square feet, three-story (39 feet) residential building including three units.",37.8624877779803,-122.253238870567,456,0,0,"055 184801800",,,,,,0,0,0,,0.0,,,,,,,,,,,estimated_height,0,0,2-4,Owner,"Small (1-5)","2026-04-01 21:02:26","2026-04-01 21:02:26",,5.0,2025,"In Review",,initial_import,housing_addition
54,"2205 BLAKE St",3,"Under Review",PLN2024-0001,2024-01-01,"","",,,3,,0,,,,"Pre-application meeting for a proposal of a new 3-story duplex and new 371 sq ft residential unit at the rear of the sit at 2201/2205 Blake Street.  The existing property contains two landmarked Victorian homes.  Owner intends to subdivide the lot into two parcels, and wants to discuss methodology for lot split.",37.8636431522166,-122.264826999392,822,0,0,"055 183001400",,,,,,0,0,0,,0.0,,,,,,,,,,,Unknown,0,0,2-4,Owner,"Small (1-5)","2026-04-01 21:02:26","2026-04-01 21:02:26",,3.0,2024,"In Review",,initial_import,housing_addition
55,"2221 FIFTH St",3,"In Review",ZP2022-0106,2022-01-01,"","",,,3,,0,,,,"To establish three detached dwelling units, totaling 6,790 square feet, on 5,640 square foot vacant lot.",37.8643461389946,-122.297347340387,1552,0,0,"056 196301503",,,,,,0,0,0,,0.0,,,,,,,,,,,estimated_height,0,0,2-4,Owner,"Small (1-5)","2026-04-01 21:02:26","2026-04-01 21:02:26",,3.0,2022,"In Review",,initial_import,housing_addition
56,"1650 FIFTH St",3,"Under Review",PLN2025-0041,2025-01-01,"","",,,3,,0,,,,"SB 684 pre-application to determine eligibility to subdivide an existing lot into four lots and construct three detached single-family houses and renovate an existing 1,618 single-family residence in the MU-R zoning district.",37.8722466798311,-122.300626131885,456,0,0,"057 211602200",,,,,,0,0,0,,0.0,,,,,,,,,,,estimated_height,0,0,2-4,Owner,"Small (1-5)","2026-04-01 21:02:26","2026-04-01 21:02:26",,4.0,2025,"In Review",,initial_import,housing_addition
57,"3101 SACRAMENTO St",3,"Corrections Pending Applicant",ZP2025-0069,2025-01-01,"","",,,3,,0,,,,"Create a first-floor building shell for a future tenant. Remove (e) partial second floor framing (1st floor ceiling frame), fire-damaged framing, and replace in-kind. Remove all interior partitions, doors, electrical components, and plumbing. Install (n) accessible all gender toilets. Accessible upgrade exterior stairs to the 2nd floor. Infill exterior CMU opening. Replace two entries in the storefront system. Extend the scope of work to the second floor - create three living space units. Propos",37.8513535953625,-122.278266491338,456,0,0,"052 154201700",,,,,,0,0,0,,0.0,,,,,,,,,,,estimated_height,0,0,2-4,Owner,"Small (1-5)","2026-04-01 21:02:26","2026-04-01 21:02:26",,3.0,2025,"In Review",,initial_import,housing_addition
58,"1449 CORNELL Ave",3,"Under Review",PLN2025-0046,2025-01-01,"","",,,2,60,0,,,,"The proposed project is to demolish an existing church building and drive aisle and utilizing SB684, subdivide the 8,147 square-foot lots (total for APN#60-2392-50 & APN#60-2392-51) into three separate lots (2,740, 2,667, 2,740 sq. ft.) and construct one new,1,865 sq. ft. (1,750 net habitable sq. ft.), 2-story, single-family dwelling on each lot. Each unit will include 4 bedrooms and 3 bathrooms, one off-street parking space and 763-813 sq. ft. of usable open space",37.877580186813,-122.291888593714,456,0,0,"060 239205100",,,,,,0,0,0,,0.0,,,,,,,,,,,Unknown,0,0,2-4,Owner,"Small (1-5)","2026-04-01 21:02:26","2026-04-01 21:02:26",,3.0,2025,"In Review",,initial_import,housing_addition
59,"1514 WALNUT St",3,"Under Review",PLN2025-0075,2025-01-01,"","",,,3,,0,,,,"Proposed subdivision of existing 4,770 SF R2A lot into one 2,600 SF lot, which contains an
existing duplex building. Propose new three story three unit residential building on new
2,170 SF subdivided lot utilizing SB 684/SB 1123. Gross area of the new building is
3,292SF.",37.879693178781,-122.26844641408,456,0,0,"059 226000500",,,,,,0,0,0,,0.0,,,,,,,,,,,estimated_height,0,0,2-4,Owner,"Small (1-5)","2026-04-01 21:02:26","2026-04-01 21:02:26",,5.0,2025,"In Review",,initial_import,housing_addition
60,"1464 SIXTH St",3,"Under Review","PLN2025-0017, PLN2025-0037",2025-01-01,"","",,,3,,0,,,,"SB 35 Preliminary Development Application to add three dwelling units to the second floor of an existing mixed-use residential building, and make all six dwellings permanently affordable.",37.8753402126061,-122.300404988222,456,0,0,"059 232601100",,,,,,1,0,0,,0.0,,,,,,,,,,,estimated_height,0,0,2-4,Owner,"Small (1-5)","2026-04-01 21:02:26","2026-04-01 21:02:26",,6.0,2025,"In Review",,initial_import,housing_addition
61,"2812 EIGHTH St",3,"Under Review","PLN2025-0058, PLN2025-0089",2025-01-01,"","",,,3,,0,,,,"Demolish unoccupied single-family residence and a garden shed and construct 4 residential units in 3 separate buildings, each 3 stories. There is a total square footage of 8,172sf, including the garages, in all 4 units. The height of the buildings are 35’ at the peak of the pitched roofs. Each unit has a dedicated open space on the ground floor exceeding the zoning requirement.",37.854976338256,-122.291529989846,456,0,0,"053 165800503",,,,,,0,0,0,,0.0,,,,,,,,,,,Unknown,0,0,2-4,Owner,"Small (1-5)","2026-04-01 21:02:26","2026-04-01 21:02:26",,4.0,2025,"In Review",,initial_import,housing_addition
62,"2201 BLAKE St",3,Approved,PLN2024-0013,2024-01-01,"","",,,3,,0,,,,"SB 330 Pre-App which includes a project scope of: (1)the construction of three units for a total of seven units on a landmarked lot -- Construction of a three story - 3,551 SF duplex, relocation of an existing 371 SF accessory building and conversion to one residential unit; and retaining of four existing residential units in two landmarked buildings; and (2) three new proposed parking spaces (2 car garage and one surface space)",37.8636431522166,-122.264826999392,822,0,0,"055 183001400",,,,,,0,1,0,,0.0,,,,,,,,,,,Estimated,0,0,2-4,Owner,"Small (1-5)","2026-04-01 21:02:26","2026-04-01 21:02:26",,7.0,2024,Entitled,,initial_import,housing_addition
63,"1716 SEVENTH St",2,"Under Review",PLN2025-0060,2025-01-01,"","",,,3,,0,,,,"SB 684 Eligibility Review: Create two-lot subdivsion and two-unit housing development",37.8718325407792,-122.298114312095,456,0,0,"058 211900900",,,,,,0,0,0,,0.0,,,,,,,,,,,estimated_height,0,0,2-4,Owner,"Small (1-5)","2026-04-01 21:02:26","2026-04-01 21:02:26",,2.0,2025,"In Review",,initial_import,housing_addition
64,"1515 DERBY St",2,"Under Review",PLN2025-0064,2025-01-01,"","",,,3,,0,,,,"SB 684 pre-application to determine eligibility for 2 new single family homes on separate fee simple lots. Existing single family home and ADU will remain at front of existing lot.",37.8590615825161,-122.279514765104,456,0,0,"054 180201400",,,,,,0,0,0,,0.0,,,,,,,,,,,estimated_height,0,0,ADU,Owner,"Small (1-5)","2026-04-01 21:02:26","2026-04-01 21:02:26",,4.0,2025,"In Review",,initial_import,housing_addition
65,"1922 FRANCISCO St",2,"Under Review",PLN2025-0073,2025-01-01,"","",,,3,,0,,,,"Storage building removed, two new 1,653s.f. 3-story units with SB684 Lot Split, so each new house will be on separate lot and existing house will be on its own lot. No new parking proposed. Max height 31'-2"", Max Avg Height 28'.",37.8749798702644,-122.272227213803,456,0,0,"058 216902900",,,,,,0,0,0,,0.0,,,,,,,,,,,Unknown,0,0,2-4,Owner,"Small (1-5)","2026-04-01 21:02:26","2026-04-01 21:02:26",,2.0,2025,"In Review",,initial_import,housing_addition
66,"2204 DWIGHT Way",2,"Pending Final Action",ZP2024-0059,2024-06-06,2024-06-06,"",,,3,,0,,,,"SB330. Demolish existing 1-story (4-car) garage and construct a new 3-story residential duplex.",37.8640142446331,-122.264865243369,0,0,0,"055 183001600",,"Stage: CEQA Determination: Categorically Exempt",2026-02-27,,,0,1,0,,0.0,,,,,,,,,,,Unknown,0,1,2-4,Owner,"Small (1-5)","2026-04-01 21:02:26","2026-04-01 21:02:26",,2.0,2024,"Decision Pending",,initial_import,housing_addition
67,"1419 GRANT St",2,Pending,"PLN2025-0065, PLN2025-0091",2025-01-01,"","",,,3,,0,,,,"Utilizing Senate Bills SB 330 and SB 684, this project proposes to subdivide an existing 5,389-square-foot R-2 zoned lot into: 

1)  A 3,249-square-foot front lot containing an existing 3,483 square-foot, two-story (X- feet tall) single-family dwelling; and

2) A 2,140-square-foot rear lot containing a new 1,655-square-foot (GFA), two-story single-family dwelling (23 feet to T.O shed roof)",37.880428226721,-122.275934701118,456,0,0,"059 227303000",,,,,,0,1,0,,0.0,,,,,,,,,,,estimated_height,0,0,2-4,Owner,"Small (1-5)","2026-04-01 21:02:26","2026-04-01 21:02:26",,2.0,2025,"In Review",,initial_import,housing_addition
68,"1236 DWIGHT Way",2,Pending,PLN2025-0081,2025-01-01,"","",,,3,,0,,,,"Demolish existing single-family home, subdivide the existing single-family lot into three parcels, and develop three new single-family homes.",37.8613717812921,-122.285726863229,456,0,0,"054 178202900",,,,,,0,0,0,,0.0,,,,,,,,,,,estimated_height,0,0,2-4,Owner,"Small (1-5)","2026-04-01 21:02:26","2026-04-01 21:02:26",,3.0,2025,"In Review",,initial_import,housing_addition
69,"2808 NINTH St",2,"Under Review",PLN2025-0083,2025-01-01,"","",,,3,,0,,,,"Middle Housing project to demolish an inhabitable single-family home and construct a two-story duplex with a detached two-story garage with a living unit, for a total of three living units.",37.8552877638743,-122.290481564281,456,0,0,"053 165900900",,,,,,0,0,0,,0.0,,,,,,,,,,,estimated_height,0,0,2-4,Owner,"Small (1-5)","2026-04-01 21:02:26","2026-04-01 21:02:26",,3.0,2025,"In Review",,initial_import,housing_addition
70,"3001 BENVENUE Ave",1,"Pending Final Action",ZP2025-0068,2025-01-01,"","",,,3,,0,,,,"Administrative Use Permit #ZP2025-0068 to raise an existing approximate 1,860 square-foot, 18 feet, 10 inches in average height, two-story residential dwelling to approximately 21 feet, 4 inches in height resulting in a three-story, single-family dwelling with a basement converted 700 square foot accessory dwelling unit.",37.8558405217082,-122.25370441887,456,0,0,"052 156200100",,,,,,0,0,0,,0.0,,,,,,,,,,,estimated_height,0,0,ADU,Owner,"Small (1-5)","2026-04-01 21:02:26","2026-04-01 21:02:26",,2.0,2025,"Decision Pending",,initial_import,housing_addition
71,"40 HILL Rd",1,"Incomplete Pending Applicant",ZP2020-0006,2020-01-01,"","",,,3,,0,,,,"New Single Family Dwelling on new parcel at 36 Hill Road",37.8893295462986,-122.25132555603,2283,0,0,"063 316100200",,,,,,0,0,0,,0.0,,,,,,,,,,,estimated_height,0,0,SFD,Owner,"Small (1-5)","2026-04-01 21:02:26","2026-04-01 21:02:26",,1.0,2020,"Application Submitted",,initial_import,housing_addition
72,"5 W PARNASSUS Ct",1,"Under Review",PLN2025-0048,2025-01-01,"","",,,3,,0,,,,"Zoning Research Letter: Remove the prior ADU deed restriction with incorrect building permit and replace with current deed restriction. NOL RESCISSION. Related to B2025-01579.",37.8810891802772,-122.254045895459,456,0,0,"058 224204829",,,,,,0,0,0,,0.0,,,,,,,,,,,estimated_height,0,0,ADU,Owner,"Small (1-5)","2026-04-01 21:02:26","2026-04-01 21:02:26",,1.0,2025,"In Review",,initial_import,housing_addition
73,"0 LE ROY Ave",1,"Under Review",PLN2024-0024,2024-01-01,"","",,,3,,0,,,,"SB 9 Preliminary Eligibility Determination to construct a three-story single family residence with an attached 2 car garage.",37.882472,-122.260187,822,0,0,"058 224402501",,,,,,0,0,0,,0.0,,,,,,,,,,,estimated_height,0,1,SFD,Owner,"Small (1-5)","2026-04-01 21:02:26","2026-04-01 21:02:26",,1.0,2024,"In Review",,initial_import,housing_addition
74,"2328 GRANT St",1,"Under Review",PLN2024-0062,2024-01-01,"","",,,3,,0,,,,"Payment of the City Arborist fees for the Building Permit B2024-01452 to install an 800 SF, HUD-Approved Manufactured Accessory Dwelling Unit (ADU) on a permanent foundation.",37.8658193797314,-122.275026293261,822,0,0,"055 190501200",,,,,,0,0,0,,0.0,,,,,,,,,,,estimated_height,0,0,ADU,Owner,"Small (1-5)","2026-04-01 21:02:26","2026-04-01 21:02:26",,1.0,2024,"In Review",,initial_import,housing_addition
75,"1939 MARIN Ave",1,"Under Review",PLN2024-0061,2024-01-01,"","",,,3,,0,,,,"Payment of the City Arborist fees for the Building Permit B2024-02225 to add new detached Accessory Dwelling Unit and upgrade Main Electrical Service to 225 Amps.",37.8896335167926,-122.274838220177,822,0,0,"061 257401300",,,,,,0,0,0,,0.0,,,,,,,,,,,estimated_height,0,0,ADU,Owner,"Small (1-5)","2026-04-01 21:02:26","2026-04-01 21:02:26",,1.0,2024,"In Review",,initial_import,housing_addition
76,"1731 ADDISON St",1,"Corrections Pending Applicant",ZP2025-0095,2025-01-01,"","",,,3,,0,,,,"Construct a detached 265 square foot cottage including 1 bedroom/1 bathroom (maximum height 13'-1""). Remove existing 170 square foot garage. Construct a new 200 square foot garage (maximum height 10'-9"").",37.8704460207926,-122.276045740972,456,0,0,"056 201100800",,,,,,0,0,0,,0.0,,,,,,,,,,,estimated_height,0,0,SFD,Owner,"Small (1-5)","2026-04-01 21:02:26","2026-04-01 21:02:26",,1.0,2025,"In Review",,initial_import,housing_addition
77,"1420 FIFTH St",1,"Pending Final Action",ZP2025-0021,2025-01-01,"","",,,3,,0,,,,"Administrative Use Permit to allocate the existing Accessory Dwelling Unit to a Single-Family Home and construct a 592 square foot residential addition approximately 22 feet tall",37.8765488415801,-122.301952215925,456,0,0,"059 233801000",,,,,,0,0,0,,0.0,,,,,,,,,,,estimated_height,0,0,ADU,Owner,"Small (1-5)","2026-04-01 21:02:26","2026-04-01 21:02:26",,1.0,2025,"Decision Pending",,initial_import,housing_addition
78,"1139 KEELER Ave",1,"Under Review",ZP2022-0172,2022-01-01,"","",,,3,,0,,,,"Construction of a three-story single-family residence with an attached ADU in the Hillside Overlay.  The project includes the construction of a detached partially subterranean garage, the installation of a tram system in the side setback, and retaining walls within the same setback as the tram.",37.8897057881428,-122.25757558462,1552,0,0,"063 298405300",,,,,,0,0,0,,0.0,,,,,,,,,,,estimated_height,0,0,ADU,Owner,"Small (1-5)","2026-04-01 21:02:26","2026-04-01 21:02:26",,1.0,2022,"In Review",,initial_import,housing_addition
79,"1111 ALLSTON Way",1,"Under Review",PLN2025-0013,2025-01-01,"","",,,3,,0,,,,"One new dwelling unit (approved with UPPH that will not be exercised) and subdivision pursuant to SB 684. One Unit and Subdivision",37.8667413295962,-122.290584150988,456,0,0,"056 198301100",,,,,,0,0,0,,0.0,,,,,,,,,,,estimated_height,0,0,SFD,Owner,"Small (1-5)","2026-04-01 21:02:26","2026-04-01 21:02:26",,1.0,2025,"In Review",,initial_import,housing_addition
80,"659 GRIZZLY PEAK Blvd",1,"Incomplete Pending Applicant",ZP2025-0093,2025-01-01,"","",,,3,,0,,,,"Remodel existing two story one bedroom house of 986 sq. ft. with a basement garage into a two story three-bedroom house of 1610 sq. ft. with a basement garage. Add a 440 sq. ft. one bedroom ADU to the rear of the house.",37.9001250576436,-122.265462183756,456,0,0,"063 296505601",,,,,,0,0,0,,0.0,,,,,,,,,,,estimated_height,0,0,ADU,Owner,"Small (1-5)","2026-04-01 21:02:26","2026-04-01 21:02:26",,1.0,2025,"Application Submitted",,initial_import,housing_addition
81,"1522 JOSEPHINE St",0,"Corrections Pending Applicant",ZP2025-0014,2025-01-01,"","",,,3,,0,,,,"Use Permit with Public Hearing to demolish a Single-Family Residence and construct a new 2,100 square feet two-story 28 feet tall Single-Family Residence",37.8785374081374,-122.275246597898,456,0,0,"059 227200900",,,,,,0,0,0,,0.0,,,,,,,,,,,estimated_height,0,0,2-4,Owner,,"2026-04-01 21:02:26","2026-04-01 21:02:26",,1.0,2025,"In Review",,initial_import,housing_replacement
82,"3035 COLBY St",0,Approved,ZP2024-0112,2024-08-19,2024-09-16,"",,,3,,0,,,,"Demolition of an existing two-unit building; construction of a new two-unit building with an average height of 23'3"".",37.854099090226,-122.257265268791,28,0,0,"052 157405200",,"ness Review: Application Complete",2024-09-16,,,0,0,0,,0.0,,,,,,,,,,,estimated_height,0,1,2-4,Owner,,"2026-04-01 21:02:26","2026-04-01 21:02:26",,2.0,2024,Entitled,,initial_import,housing_replacement
83,"1136 KEITH Ave",0,"Under Review",PLN2024-0047,2024-01-01,"","",,,3,,0,,,,"Pre-application to demolish the existing single-family dwelling and rebuild a new single-family dwelling, pursuant to Senate Bill (SB) 9. The proposal also includes a nonconforming addition that was approved under Administrative Use Permit (AUP) ZP#2024-0147.",37.8884899863235,-122.260521220623,822,0,0,"063 298803800",,,,,,0,0,0,,0.0,,,,,,,,,,,estimated_height,0,0,2-4,Owner,,"2026-04-01 21:02:26","2026-04-01 21:02:26",,1.0,2024,"In Review",,initial_import,non_housing
84,"2705 BENVENUE Ave",-1,"Under Review",ZP2025-0086,2025-01-01,"","",,,3,,0,,,,"Use Permit with Public Hearing to combine 2703 Benvenue Avenue Units A, B, and 2705 Benvenue Avenue using Berkeley Municipal Code, Title 23, Code Section23.326.040—Eliminating Dwelling Units through
Combination with Other Units, to create a single-family dwelling.",37.8614510916984,-122.254439952238,456,0,0,"054 170902800",,,,,,0,0,0,,0.0,,,,,,,,,,,estimated_height,0,0,2-4,Owner,,"2026-04-01 21:02:26","2026-04-01 21:02:26",,1.0,2025,"In Review",,initial_import,housing_loss
85,"1730 PARKER St",0,"Incomplete Pending Applicant",ZP2022-0063,2022-01-01,"","",,,3,,0,,,,"Alteration and 239 SF addition at rear yard (lower and upper level) to residential triplex.",37.860892883007,-122.274635494672,1552,0,0,"054 180902900",,,,,,0,0,0,,0.0,,,,,,,,,,,estimated_height,0,0,2-4,Owner,Unknown,"2026-04-01 21:02:26","2026-04-01 21:02:26",,0.0,2022,"Application Submitted",,initial_import,non_housing
86,"2740 SHASTA Rd",0,"Incomplete Pending Applicant",ZP2022-0091,2025-01-01,"","",,,3,,0,,,,"Administrative Use Permit to construct a residential addition above 14 feet in average height (25 feet 2 inches) and 20 feet in maximum height (31 feet 6 inches), partially within the nonconforming front setback, to an existing three-story single-family residence. The project includes new landscape improvements and the installation of a retaining wall within the front setback and will result in six bedrooms and five bathrooms.",37.8863523346849,-122.258288614291,456,0,0,"060 246900700",,,,,,0,0,0,,0.0,,,,,,,,,,,estimated_height,0,0,2-4,Owner,Unknown,"2026-04-01 21:02:26","2026-04-01 21:02:26",,0.0,2022,"Application Submitted",,initial_import,non_housing
87,"1109 COWPER St",0,"In Review",ZP2022-0154,2022-01-01,"","",,,3,,0,,,,"Major residential addition over 14 feet in average height on a lot that exceeds the lot coverage allowance",37.867595900049,-122.291017432704,1552,0,0,"056 198201600",,,,,,0,0,0,,0.0,,,,,,,,,,,estimated_height,0,0,2-4,Owner,Unknown,"2026-04-01 21:02:26","2026-04-01 21:02:26",,0.0,2022,"In Review",,initial_import,non_housing
88,"705 ARLINGTON Ave",0,"In Review",ZP2023-0008,2023-01-01,"","",,,3,,0,,,,"To construct a two-story, 1,700 square-foot, major residential addition exceeding 20 feet in average height in the Hillside Overlay.",37.8974770617622,-122.275633962229,1187,0,0,"062 291606900",,,,,,0,0,0,,0.0,,,,,,,,,,,estimated_height,0,0,2-4,Owner,Unknown,"2026-04-01 21:02:26","2026-04-01 21:02:26",,0.0,2023,"In Review",,initial_import,non_housing
89,"2027 SEVENTH St",0,"Corrections Pending Applicant",ZP2023-0155,2023-01-01,"","",,,3,,0,,,,"Create a new fence over 6-feet in height and a new roof extension over 12-feet in height to an existing school in a residential district, both within the required setback.",37.8672153597757,-122.295872451319,1187,0,0,"056 196701301",,,,,,0,0,0,,0.0,,,,,,,,,,,estimated_height,0,0,2-4,Owner,Unknown,"2026-04-01 21:02:26","2026-04-01 21:02:26",,0.0,2023,"In Review",,initial_import,non_housing
90,"576 SAN LUIS Rd",0,"Incomplete Pending Applicant",ZP2024-0053,2024-01-01,"","",,,3,,0,,,,"AUP to add a two-story 20 feet tall, 577 sq. ft. residential addition to the front of the main residence in the Hillside Overlay District and add a fourth bedroom to the property",37.9000098376195,-122.275784475853,822,0,0,"062 291602800",,,,,,0,0,0,,0.0,,,,,,,,,,,estimated_height,0,0,2-4,Owner,Unknown,"2026-04-01 21:02:26","2026-04-01 21:02:26",,0.0,2024,"Application Submitted",,initial_import,non_housing
91,"2009 ADDISON St",0,"Resubmittal Pending Review",ZP2024-0111,2024-01-01,"","",,,3,,0,,,,"Modify use permits ZP2018-0235 and ZP2017-0004 to allow a tourist hotel use in no more than nine existing apartments, and allow amplified live entertainment and group instruction in the ground floor studio space, and establish a new administrative use permit for on-site sales of alcoholic beverages as part of the public assembly use.",37.8712067256249,-122.270021735694,822,0,0,"057 202502300",,,,,,0,0,0,,0.0,,,,,,,,,,,estimated_height,0,0,2-4,Owner,Unknown,"2026-04-01 21:02:26","2026-04-01 21:02:26",,0.0,2024,"Application Submitted",,initial_import,non_housing
92,"3036 REGENT St",1,"Corrections Pending Applicant",ZP2024-0122,2024-10-07,2024-10-07,"",,,3,,0,,,,"Use Permit for conversion of the existing medical office use and to establish a Single-Family Dwelling",37.8541941312294,-122.256542573247,0,0,0,"052 157404601",,"ness Review: Withdrawn",2026-03-03,,,0,0,0,575.0,0.0,,,,,,,,,,,estimated_height,0,1,2-4,Owner,Unknown,"2026-04-01 21:02:26","2026-04-01 21:02:26",,0.0,2024,"In Review",,initial_import,housing_addition
93,"1312 ADDISON St",0,"Corrections Pending Applicant",ZP2024-0125,2024-01-01,"","",,,3,,0,,,,"Use Permit to construct a three-story major residential addition (700 square feet) to an existing duplex, above 14 feet (35 feet) in average building height, by expanding the existing third-story attic on a property that exceeds allowable lot coverage, and to install a new play structure in the rear yard",37.8669121264746,-122.284152878307,822,0,0,"056 199300100",,,,,,0,0,0,,0.0,,,,,,,,,,,estimated_height,0,0,2-4,Owner,Unknown,"2026-04-01 21:02:26","2026-04-01 21:02:26",,0.0,2024,"In Review",,initial_import,non_housing
94,"2145 GRANT St",0,"Pending Final Action",ZP2024-0138,2024-09-24,2024-10-24,2026-03-26,,,3,,0,,,,"Use Permit with Public Hearing to construct a major residential addition (1,133 square feet) with an average height of 22 feet 10 inches by adding a second story to the front building within the nonconforming front setback on a lot that currently exceeds maximum lot coverage. The project will result in a total of seven bedrooms and four bathrooms in the building, and 13 total bedrooms on the lot.",37.8689184236729,-122.274661309558,548,0,0,"057 201502200",,"Public Hearing: ZAB Approved",2026-03-26,,,0,0,0,9255.0,24.62,,,,,,,,,,,estimated_height,1,1,2-4,Owner,Unknown,"2026-04-01 21:02:26","2026-04-01 21:02:26",,0.0,2024,"Decision Pending",,initial_import,non_housing
95,"2903 ADELINE St",0,"Corrections Pending Applicant",ZP2025-0006,2025-01-01,"","",,,3,,0,,,,"Use Permit with Public Hearing to legalize conversion of an existing commercial space into residential use",37.8563617669547,-122.268102491378,456,0,0,"053 159100100",,,,,,0,0,0,,0.0,,,,,,,,,,,estimated_height,0,0,2-4,Owner,Unknown,"2026-04-01 21:02:26","2026-04-01 21:02:26",,0.0,2025,"In Review",,initial_import,housing_addition
96,"2099 M L KING JR Way",0,"Incomplete Pending Applicant",ZP2025-0024,2025-01-01,"","",,,3,,0,,,,"Use Permit Modification of ZP2019-0081 to convert commercial space into a residential amenity space for a lounge and gym area",37.8708923676634,-122.272626000212,456,0,0,"057 202401300",,,,,,0,0,0,,0.0,,,,,,,,,,,estimated_height,0,0,2-4,Owner,Unknown,"2026-04-01 21:02:26","2026-04-01 21:02:26",,0.0,2025,"Application Submitted",,initial_import,non_housing
97,"1507 JOSEPHINE St",0,"Corrections Pending Applicant",ZP2025-0025,2025-01-01,"","",,,3,,0,,,,"Unit combination of an existing duplex into an SFR through remodel of both floors with new kitchen and 3 baths.",37.8791585593035,-122.274714828488,456,0,0,"059 227103300",,,,,,0,0,0,,0.0,,,,,,,,,,,estimated_height,0,0,2-4,Owner,Unknown,"2026-04-01 21:02:26","2026-04-01 21:02:26",,0.0,2025,"In Review",,initial_import,non_housing
98,"1338 SEVENTH St",0,"Incomplete Pending Applicant",ZP2025-0037,2025-01-01,"","",,,3,,0,,,,"Use Permit with Public Hearing to change 8,000 square feet of protected warehousing use to a martial arts studio, in the MU-LI district.",37.8782906026993,-122.300174263128,456,0,0,"059 234901200",,,,,,0,0,0,,0.0,,,,,,,,,,,estimated_height,0,0,2-4,Owner,Unknown,"2026-04-01 21:02:26","2026-04-01 21:02:26",,0.0,2025,"Application Submitted",,initial_import,non_housing
99,"2238 SEVENTH St",0,"Incomplete Pending Applicant",ZP2025-0057,2025-01-01,"","",,,3,,0,,,,"Proposed interior and exterior remodel of units A and B on the first floor only.",37.8640637909487,-122.295616807857,456,0,0,"056 196401200",,,,,,0,0,0,,0.0,,,,,,,,,,,estimated_height,0,0,2-4,Owner,Unknown,"2026-04-01 21:02:26","2026-04-01 21:02:26",,0.0,2025,"Application Submitted",,initial_import,non_housing
100,"703 SANTA BARBARA Rd",0,"Under Review",ZP2025-0058,2025-01-01,"","",,,3,,0,,,,"A major residential addition over 14' in average height with a two-car garage within the rear setback.",37.8978365872887,-122.271495210814,456,0,0,"062 291403900",,,,,,0,0,0,,0.0,,,,,,,,,,,estimated_height,0,0,2-4,Owner,Unknown,"2026-04-01 21:02:26","2026-04-01 21:02:26",,0.0,2025,"In Review",,initial_import,non_housing
101,"385 VERMONT Ave",0,"In Review",ZP2025-0060,2025-01-01,"","",,,3,,0,,,,"Administrative Use Permit to construct a 783 square feet second story major residential addition with a maximum building height of 31 feet tall with a proposed 250 square feet roof deck that will extend a building wall within a nonconforming side setback, and add a new retaining wall within required setbacks.",37.9032943088105,-122.274697986873,456,0,0,"062 294902800",,,,,,0,0,0,,0.0,,,,,,,,,,,estimated_height,0,0,2-4,Owner,Unknown,"2026-04-01 21:02:26","2026-04-01 21:02:26",,0.0,2025,"In Review",,initial_import,non_housing
102,"1246 ROSE St",0,"Corrections Pending Applicant",ZP2025-0076,2025-01-01,"","",,,3,,0,,,,"Residential remodel and addition to existing 1br/2bath SFH to create 2br/2bath SFH. Convert existing upper level deck and part of second story interior to a bedroom and closet.",37.8764660034769,-122.289448189091,456,0,0,"059 229200201",,,,,,0,0,0,,0.0,,,,,,,,,,,estimated_height,0,0,2-4,Owner,Unknown,"2026-04-01 21:02:26","2026-04-01 21:02:26",,0.0,2025,"In Review",,initial_import,non_housing
103,"1512 CHANNING Way",0,"Incomplete Pending Applicant",ZP2025-0077,2025-01-01,"","",,,3,,0,,,,"Administrative Use Permit to construct a 641 square feet, 25 feet tall major residential addition over the existing building footprint of the existing single-family dwelling extending a building wall within a nonconforming front, side, and rear setback",37.8639166014941,-122.280801405916,456,0,0,"055 191400200",,,,,,0,0,0,,0.0,,,,,,,,,,,estimated_height,0,0,2-4,Owner,Unknown,"2026-04-01 21:02:26","2026-04-01 21:02:26",,0.0,2025,"Application Submitted",,initial_import,non_housing
104,"1475 CATHERINE Dr",0,"On Hold",ZP2025-0082,2025-01-01,"","",,,3,,0,,,,"Second-story residential addition (412 sf). Convert portion of garage to habitable space (64 sf). Addition includes 2 bedrooms, 1 bath, and a staircase.",37.8780208392694,-122.284006902074,456,0,0,"059 228606900",,,,,,0,0,0,,0.0,,,,,,,,,,,estimated_height,0,0,2-4,Owner,Unknown,"2026-04-01 21:02:26","2026-04-01 21:02:26",,0.0,2025,"In Review",,initial_import,non_housing
105,"1187 SHATTUCK Ave",0,"Pending Final Action",ZP2025-0088,2025-01-01,"","",,,3,,0,,,,"Administrative Use Permit #ZP2025-0088 to increase the existing attic to 32-feet, 11-inches max height (447-square-feet below 6-feet in height) and construct a three-story, approximately 250-square-foot residential addition to a single-family dwelling resulting in 1,621-square-feet of habitable space; and expand the basement to create 1,002-square-feet of habitable space. The existing home is a three-story single-family dwelling with three bedrooms, two bathrooms, and is 25-feet, 8-inches in max",37.8860528023343,-122.269718437505,456,0,0,"061 256102100",,,,,,0,0,0,,0.0,,,,,,,,,,,estimated_height,0,0,2-4,Owner,Unknown,"2026-04-01 21:02:26","2026-04-01 21:02:26",,0.0,2025,"Decision Pending",,initial_import,non_housing
106,"2016 DELAWARE St A",0,"Incomplete Pending Applicant",ZP2025-0090,2025-01-01,"","",,,3,,0,,,,"Use Permit to construct an approximate 706 sq. ft. 31 feet in maximum height second-story major residential addition that will vertically extend a building wall within a nonconforming side setback to an existing condo on a property over lot coverage.",37.8743114206575,-122.270312381113,456,0,0,"057 205003500",,,,,,0,0,0,,0.0,,,,,,,,,,,estimated_height,0,0,2-4,Owner,Unknown,"2026-04-01 21:02:26","2026-04-01 21:02:26",,0.0,2025,"Application Submitted",,initial_import,non_housing
107,"1123 BLAKE St",0,"Under Review",ZP2025-0091,2025-01-01,"","",,,3,,0,,,,"Administrative Use Permit to construct a 942 square feet major residential addition consisting of a 450 sq. ft. second story 21 feet tall addition and  492 sq. ft. 1st floor addition and a new deck and hot tub to an existing single family residence.",37.8606651398751,-122.288073569077,456,0,0,"054 178100900",,,,,,0,0,0,,0.0,,,,,,,,,,,estimated_height,0,0,2-4,Owner,Unknown,"2026-04-01 21:02:26","2026-04-01 21:02:26",,0.0,2025,"In Review",,initial_import,non_housing
108,"830 BANCROFT Way",0,"Pending Final Action",ZP2025-0096,2025-01-01,"","",,,3,,0,,,,"to expand the operational hours of the existing, legally nonconforming vocational training center in the Residential Multi-Unit 2 (R-2) Zoning District",37.8632973820364,-122.295796602068,456,0,0,"056 194102202",,,,,,0,0,0,,0.0,,,,,,,,,,,estimated_height,0,0,2-4,Owner,Unknown,"2026-04-01 21:02:26","2026-04-01 21:02:26",,0.0,2025,"Decision Pending",,initial_import,non_housing
109,"2740 SHASTA Rd",0,"Corrections Pending Applicant",ZP2025-0100,2025-01-01,"","",,,3,,0,,,,"Administrative Use Permit to construct a residential addition above 14 feet in average height (25 feet 2 inches) and 20 feet in maximum height (31 feet 6 inches), partially within the nonconforming front setback, to an existing three-story single-family residence. The project includes new landscape improvements and the installation of a retaining wall within the front setback and will result in six bedrooms and five bathrooms.",37.8863523346849,-122.258288614291,456,0,0,"060 246900700",,,,,,0,0,0,,0.0,,,,,,,,,,,estimated_height,0,0,2-4,Owner,Unknown,"2026-04-01 21:02:26","2026-04-01 21:02:26",,0.0,2022,"In Review",,initial_import,non_housing
110,"2143 BLAKE St",0,"Incomplete Pending Applicant",ZP2025-0106,2025-01-01,"","",,,3,,0,,,,"Obtain AUP to add an additional parking stall at the front of the dwelling within the front setback.",37.8635106054351,-122.265467378714,456,0,0,"055 182302200",,,,,,0,0,0,,0.0,,,,,,,,,,,estimated_height,0,0,2-4,Owner,Unknown,"2026-04-01 21:02:26","2026-04-01 21:02:26",,0.0,2025,"Application Submitted",,initial_import,non_housing
111,"411 VASSAR Ave",0,"Resubmittal Pending Staff",ZP2025-0109,2025-01-01,"","",,,3,,0,,,,"Administrative Use Permit to build an approximate 260 square-foot deck within a required front setback, over an existing 8-foot-tall carport attached to an existing three-bedroom, three-bathroom single-family dwelling.",37.9043283847345,-122.272269164228,456,0,0,"062 294602600",,,,,,0,0,0,,0.0,,,,,,,,,,,estimated_height,0,0,2-4,Owner,Unknown,"2026-04-01 21:02:26","2026-04-01 21:02:26",,0.0,2025,"Application Submitted",,initial_import,non_housing
112,"1621 SACRAMENTO St",1,"Under Review",ZP2025-0112,2025-01-01,"","",,,3,,0,,,,"Garage conversion to ADU, increasing height and massing within required setbacks.",37.8760773255636,-122.282244825203,456,0,0,"058 215401900",,,,,,0,0,0,,0.0,,,,,,,,,,,estimated_height,0,0,ADU,Owner,"Small (1-5)","2026-04-01 21:02:26","2026-04-01 21:02:26",,1.0,2025,"In Review",,initial_import,housing_addition
113,"2138 KITTREDGE St",73,"Amendment Pending",ZP2026-0006,2024-09-05,2024-09-05,2025-10-20,,,8,,0,,,,"Amendment to increase from 66 to 73 units, currently under review",37.8683406472066,-122.266997732462,410,1,5,"057 202901500","CARLSON SUSAN TR","Application Processing: Pending Final Action",2025-10-20,,,0,1,0,,40.42,,,,2024-12-31,,,,,,,Unknown,1,0,5+,Renter,"Very Large (51-100)","2026-04-01 21:02:26","2026-04-01 21:02:26",,66.0,2024,Entitled,,initial_import,housing_addition
114,"2727 HASTE St",45,"In Review",ZP2026-0007,2026-01-01,2026-02-24,"",,,6,,0,,,,"Use Permit #ZP2026-0007 to construct a new 6-story (66’-3”), 45-unit housing development, with 34,526-square-feet of new residential use. The project includes a removal of existing non-landmarked group living residential structure. 15% (4 units) of the base units will be affordable to very low-income residents, and 11% (3 units) of the base units will be affordable to low-income and moderate-income residents, making the project eligible for an 85% density bonus, waivers, and up to 3 concessions ",37.8669763689811,-122.252780099155,54,1,0,"055 186800500",,,,,,0,0,0,,0.0,,,,,,,,,,,Unknown,0,0,5+,Renter,"Large (21-50)","2026-04-01 21:02:26","2026-04-01 21:02:26",,45.0,2026,"In Review",,initial_import,housing_addition
115,"2455 TELEGRAPH Ave",68,"Under Review",ZP2026-0015,2026-03-09,2026-03-17,"",,,8,,0,,,,"UPPH to construct a 85,000SF 8-story mixed-use building, including ground-floor record store and 68 units (7 VLI units). Maintain the historic mural and front facade of Amoeba Record Store",37.8658684135182,-122.258288111235,8,0,7,"055 187502900",,"ness Review: as: Application Complete |",2026-03-17,,,0,1,0,,60.98,,,,,,,,,,,Unknown,0,0,5+,Renter,"Very Large (51-100)","2026-04-01 21:02:26","2026-04-01 21:02:26",,68.0,2025,"In Review",,initial_import,housing_addition
116,"2462 BANCROFT Way",66,Approved,ZP2023-0107,2023-08-18,2024-02-15,2024-07-01,,,8,88,0,,,"Studio KDA","8-story, 66 units, 3 VLI, density bonus, 2462 Bancroft",37.86854696,-122.25824788,318,1,3,"055 187802000","ZENGS BERKELEY LLC","Case Closed: Approved",2024-07-01,,,0,0,0,11383.0,0.0,,,,,,,,,,,Estimated,0,1,5+,Renter,"Very Large (51-100)","2026-04-01 21:02:26","2026-04-01 21:02:26",,66.0,2023,Entitled,,initial_import,housing_addition
117,"2317 CHANNING Way",22,Stalled,"PLN2024-0018, ZP2024-0033",2024-03-29,2024-04-18,"",2022-11-01,,5,50,0,demolished_vacant,,,"17 apartments in a newly constructed 5 story building. Building permit B2022-04242 issued.",37.866685538738,-122.262580506902,0,0,0,"055 188400600","2317 CHANNING WAY LLC","Due 10/23/2024, assigned to Katrina Lapira  Marked as Resubmittal - Pending Staff Review on 09/24/2024 by Katrina Lapira: Pending Final Action",2024-09-30,,,0,0,0,,0.0,,2026-04-03,"House demolished, vacant lot. No construction.",,2025-06-01,,,,,,Unknown,0,0,5+,Renter,"Small (1-5)","2026-04-01 21:02:26","2026-04-01 21:02:26",,22.0,2024,Stalled,"Demolition Pending",initial_import,housing_addition
118,"2138 KITTREDGE St",66,Entitled,ZP2024-0114,2024-09-05,2024-09-05,2025-10-20,,,8,,0,,,,"8-story, 66 units, 5 VLI, SB-330, density bonus",37.8683406472066,-122.266997732462,410,1,5,"057 202901500","CARLSON SUSAN TR","Application Processing: Pending Final Action",2025-10-20,,,0,1,0,,40.42,,,,2024-12-31,,,,,,,Unknown,1,0,5+,Renter,"Very Large (51-100)","2026-04-01 21:02:26","2026-04-01 21:02:26",,66.0,2024,Entitled,,initial_import,housing_addition
119,"1974 SHATTUCK Ave",599,Entitled,ZP2023-0040,2023-04-25,2024-04-11,2025-06-03,,,28,,0,,"NX Ventures",,"Demolition of structures at the following addresses: 1950,1974,1984,1998 Shattuck Ave & 2071 University. Construction of a 28-story mixed-use building with 599 dwelling units and a roof-top restaurant over ground-level commercial with lobbies, State of California Density Bonus.",37.87262662,-122.26880057,770,1,58,"057 205300200","1974 SHATTUCK AVENUE LLC","Public Hearing: City Council Approved",2025-06-03,,,0,0,0,38817.0,124.25,,,,,,,,,,,Estimated,1,1,5+,Renter,"Mega (100+)","2026-04-01 21:02:26","2026-04-01 21:02:26",,599.0,2024,Entitled,,initial_import,housing_addition
120,"2274 SHATTUCK Ave",299,Entitled,ZP2023-0079,2023-06-29,2024-01-04,2025-04-22,,,17,,0,,"Panoramic Interests","Trachtenberg Architects","Partial demo of existing commercial structures to construct a new 17-story mixed-used building with 227 dwelling units, ground level lobbies, commercial space, and parking with State of California Density Bonus.",37.86782324,-122.26856374,663,1,0,"057 202800300","WADE WILLIAM J TR","Public Hearing: City Council Approved",2025-04-22,,,0,0,0,51650.76,0.0,prefab,,,,,,,,,,Estimated,1,1,5+,Renter,"Mega (100+)","2026-04-01 21:02:26","2026-04-01 21:02:26",,227.0,2024,Entitled,,initial_import,housing_addition
121,"2100 MILVIA St",205,Entitled,ZP2023-0163,2023-12-20,2024-05-17,2025-07-01,,,15,,0,,"4Terra Investments","Trachtenberg Architects","Demolish existing two story office building to allow for construction of a new mixed use eight-story development with 201 dwelling units, 4 live-work units, 1 commercial space and ground level lobby.",37.87066883,-122.27090166,559,0,0,"057 202201701","FIRST MILVIA LLC","Appeal: No Appeal",2025-07-01,,,0,0,0,78888.0,0.0,,,,,,,,,,,estimated_height,1,1,5+,Renter,"Mega (100+)","2026-04-01 21:02:26","2026-04-01 21:02:26",,201.0,2024,Entitled,,initial_import,housing_addition
122,"2530 BANCROFT Way",110,Approved,ZP2023-0126,2024-03-12,2024-03-12,2024-12-27,,,12,,0,,"Landmark Properties",,"SB-330 PROJECT: Removal of existing commercial structure. Construction of a new 12-story mixed use housing development over ground-level commercial and lobbies for a total of 110 dwelling units proposed. This is a State of California Density Bonus project.",37.86854696,-122.25824788,290,1,11,"055 187701601","MIOTTEL W J JR TR","Case Closed: Approved",2024-12-27,,,0,1,0,18303.0,0.0,,,,,,,,,,,Estimated,0,1,5+,Renter,"Mega (100+)","2026-04-01 21:02:26","2026-04-01 21:02:26",,110.0,2024,Entitled,,initial_import,housing_addition
123,"2037 DURANT Ave",74,Approved,ZP2023-0064,2024-03-29,2024-03-29,2024-06-19,,,1,90,0,,,"Studio KDA","Demolish 1-story 13,000 square foot commercial building, and construct an 8-story (90 feet), 76,373 square foot mixed-use building with 1,552 square feet of ground floor commercial space and 74 units of multi-family housing (including 4 VLI), utilizing State Density Bonus.",37.86687094,-122.268545,82,1,4,"055 189400200","JINDO VENTURES LLC","Case Closed: Approved",2024-06-19,,,0,0,0,9470.0,0.0,,,,,,,,,,,Estimated,0,1,5+,Renter,"Very Large (51-100)","2026-04-01 21:02:26","2026-04-01 21:02:26",,74.0,2024,Entitled,,initial_import,housing_addition
124,"2442 HASTE St",34,"Under Construction",ZP2024-0070,2024-07-03,2024-10-08,2025-09-08,,,8,85,0,demolition,,"SDT Architects","SB330 project to demolish an existing three-story residential building with four units, and construct an eight-story, 85-feet tall residential building with 38 new units including 2 VLI units.",37.8656896,-122.25910835,432,0,2,"055 188101800","2442 HASTE STREET LLC","Case Closed: Approved",2025-09-08,,,0,1,0,39505.0,0.0,,2026-04-03,"House empty, closed, being demolished today.",2026-03-10,2026-04-03,,,,,,Estimated,1,1,5+,Renter,"Large (21-50)","2026-04-01 21:02:26","2026-04-01 21:02:26",,38.0,2024,"Under Construction",Demolition,initial_import,housing_addition
126,"2427 San Pablo",78,Approved,ZP2022-0115,2022-10-05,2024-02-06,2024-09-16,,,7,70,0,,,"Studio KDA","Use Permit to demolish two existing multifamily buildings and construct a 36,280 square foot, five-story (70 feet, 8 inches) residential building containing 8 replacement apartment units and a Residential Hotel (Group Living Accommodation) with 70 single-occupancy rooms (3 Extremely Low-Income, 2 Very Low-Income, and 3 Low-Income) for a total of 78 units, utilizing State Density Bonus. Fifteen off-street automobile parking spaces would be provided. Applicant: Jason Andre, StudioKDA — 1810 6th St",37.86272977,-122.28972121,712,1,0,056192802200,"Aron Homes LLC","Case Closed: Approved",2024-09-16,,,0,0,0,,0.0,,,,,,,,,,,estimated_height,0,0,5+,Renter,"Large (50-99)","2026-04-01 21:02:26","2026-04-01 21:02:26",,78.0,2024,Entitled,,initial_import,housing_addition
127,"2820 San Pablo",0,Unknown,P2022-0038,2022-05-06,2022-09-29,2024-12-06,,,2,,0,,,,,37.85530167,-122.28812032,945,0,0,,,"Appeal: No Appeal",2024-12-06,,,0,0,0,81603.0,0.0,,,,,,,,,,,Unknown,0,1,2-4,Renter,"Small (1-10)","2026-04-01 21:02:26","2026-04-01 21:02:26",,,2022,Unknown,,initial_import,housing_addition
128,"2833 Seventh St",3,Approved,ZP2023-0123,2023-09-21,2024-02-26,2024-05-07,,,2,,0,,,,"Use Permit #ZP2023-0123 to convert a 1,024 square-foot two-story commercial unit to a residential dwelling unit for a total of three dwelling units on a mixed-use lot.",37.8640637909487,-122.295616807857,229,0,0,,"United With Earth Corp","Case Closed: Approved",2024-05-07,,,0,0,0,3224.0,0.0,,,,,,,,,,,Estimated,0,1,2-4,Renter,"Small (1-10)","2026-04-01 21:02:26","2026-04-01 21:02:26",,3.0,2024,Entitled,,initial_import,housing_addition
129,"1614 Sixth St",3,Approved,ZP2024-0008,2024-01-25,2024-02-22,2024-10-17,,,3,35,0,,,,"Administrative Use Permit #ZP2024-0008 to construct two 1,747 square-foot three-story (35 feet) single-family dwellings with attached garages on a lot with an existing landmarked single-family residence, for a total of three dwelling units on one parcel.",37.8733361034196,-122.299758620731,266,0,0,,"Kalash Joseph T","Case Closed: Approved",2024-10-17,,,0,0,0,5782.0,0.0,,,,,,,,,,,estimated_height,0,1,2-4,Renter,"Small (1-10)","2026-04-01 21:02:26","2026-04-01 21:02:26",,3.0,2024,Entitled,,initial_import,housing_addition
130,"1048 Keith St",0,Approved,ZP2024-0014,2024-02-08,2024-02-29,2025-06-04,,,3,,0,,,,"Use Permit #ZP2024-0014 to demolish a 2,760 square-foot single-family dwelling at 1048 Keith Avenue (full description truncated in system)",37.88932269,-122.26411968,482,0,0,,"Kainz Joachim & Newman Lindsay","Case Closed: Approved",2025-06-04,,,0,0,0,,0.0,,,,,,,,,,,estimated_height,1,1,2-4,Renter,"Small (1-10)","2026-04-01 21:02:26","2026-04-01 21:02:26",,,2024,Entitled,,initial_import,housing_replacement
131,"811 Cedar",0,Approved,ZP2024-0116,2024-09-05,2024-12-19,2025-07-03,,,2,,0,,,,"Demolition of an existing single-family residence and detached [structure] at 811 Cedar Street (description truncated in system)",37.87415158,-122.30018804,301,0,0,,"Berliner Wade","Appeal: No Appeal",2025-07-03,,,0,0,0,11335.0,0.0,,,,,,,,,,,Estimated,1,1,2-4,Renter,"Small (1-10)","2026-04-01 21:02:26","2026-04-01 21:02:26",,,2024,Entitled,,initial_import,housing_replacement
132,"1627 Jaynes St",0,Approved,ZP2024-0129,2024-09-06,2024-10-18,2025-05-16,,,3,,0,,,,"Demolition of existing single-family residence to construct a new 2,250 square-foot, two-story [dwelling] at 1627 Jaynes  UPPH: 1627 JAYNES Demolition of existing SFR to construct new 2250 square foot, two-story, four bedroom, three bath house. New 107 square foot patio at lower level; new exterior stairway to main entry; New 890 square foot patio in rear yard. Replacement of entry path from sidewalk to house.",37.8782356,-122.27953219,252,0,0,059227901600,"Humphries Shoana S & Rahimi Al","Appeal: No Appeal",2025-05-16,,,0,0,0,9780.0,0.0,,,,,,,,,,,Estimated,1,1,2-4,Renter,"Small (1-10)","2026-04-01 21:02:26","2026-04-01 21:02:26",,,2024,Entitled,,initial_import,housing_replacement
133,"2128 Oxford St",485,Approved," ZP2022-0135",2023-03-17,2023-03-17,2024-10-04,,,26,,0,,"Core Spaces",,"** SB330 Application — Demolition of existing structure(s) (includes 16 rent-controlled units) and construction of 26-story, mixed-use building with 485 dwelling units (includes 5 ELI and 42 VLI) and 13,500 SF of commercial space. Closed LUST Site (2148 Center). Eligible National Register Historic (2132 Center).",37.87026527,-122.26618858,567,0,47,,"Core Berkeley Oxford LLC","Case Closed: Approved",2024-10-04,,,0,1,0,755449.02,0.0,,,,,,,,,,,Estimated,0,0,5+,Renter,"Mega (100+)","2026-04-01 21:02:26","2026-04-01 21:02:26",,485.0,2023,Entitled,,initial_import,housing_addition
134,"2480 Bancroft Way",28,Completed,DRCF2023-0005,2023-09-12,2023-09-12,2023-10-02,,,8,,0,completed,,,"DRCF: 2480 Bancroft Way. Demolish an existing one story retail building and construct a new eight story mixed-use building with 28 residential units. Proposed restaurant space on the first floor serving beer and wine. Two residential units will be provided at very low income affordability levels.",37.86838541,-122.25966232,20,0,0,055187802200,"Rue Ell Enterprises Inc","Public Notification: Completed",2023-10-02,,,0,0,0,4300.0,0.0,,2026-04-03,"Finished, for rent.",2022-12-19,,,,,,,Estimated,0,1,5+,Renter,"Medium (11-49)","2026-04-01 21:02:26","2026-04-01 21:02:26",,28.0,2023,Completed,"Final Inspection / CO",initial_import,housing_addition
135,"2150 Kittredge St",169,Completed,B2021-00008,2021-01-01,"","",,2024-01-01,3,,0,occupied,,,"Mixed-use residential building with 169 units. CO issued 2024.",37.8683686,-122.26683842,1095,0,0,"057 202901600",,,,2022-06-01,2024-06-01,0,0,0,,0.0,,,,,,,,,,,estimated_height,0,0,,,,"2026-04-01 21:02:26","2026-04-01 21:02:26",,169.0,2021,Completed,Occupied,initial_import,housing_addition
136,"1951 Shattuck Ave",163,Completed,B2021-04893,2021-01-01,"","",,2024-01-01,3,,0,occupied,,,"Mixed-use residential building with 163 units. CO issued 2024.",37.87277577,-122.26881378,1095,0,0,"057 204600100",,,,2022-06-01,2024-06-01,0,0,0,,0.0,,,,,,,,,,,estimated_height,0,0,,,,"2026-04-01 21:02:26","2026-04-01 21:02:26",,163.0,2021,Completed,Occupied,initial_import,housing_addition
137,"2000 University Ave",82,Completed,B2022-01111,2022-01-01,"","",,2024-01-01,3,,0,occupied,"Read Investments",,"Mixed-use residential building with 82 units. CO issued 2024.",37.8716201,-122.27050252,730,0,0,"057 202501300",,,,2022-06-01,2024-06-01,0,0,0,,0.0,,,,,,,,,,,estimated_height,0,0,,,,"2026-04-01 21:02:26","2026-04-01 21:02:26",,82.0,2022,Completed,Occupied,initial_import,housing_addition
138,"2099 MLK Jr Way",72,Completed,B2021-03950,2021-01-01,"","",,2024-01-01,3,,0,occupied,,,"Mixed-use residential building with 72 units. CO issued 2024.",37.87089665,-122.27264044,1095,0,0,"057 202401300",,,,2022-06-01,2024-06-01,0,0,0,,0.0,,,,,,,,,,,estimated_height,0,0,,,,"2026-04-01 21:02:26","2026-04-01 21:02:26",,72.0,2021,Completed,Occupied,initial_import,housing_addition
139,"2538 DURANT Ave",83,"Under Construction",TBD,2024-01-01,"","",2024-10-01,,8,,0,topped_out,"Martin Group / Valiance Capital","Studio KDA","8-story mixed-use with 83 units (5 VLI). Martin Group/Valiance Capital, Studio KDA. Construction imminent.",37.86775753,-122.25717556,274,1,5,"055 187602000",,"Building Permits Filed",,2024-10-01,2026-12-01,0,1,0,95868.4,0.0,,2026-04-03,"Topped out.",,,,,,,,Probable,0,0,5+,Renter,"Very Large (51-100)","2026-04-01 21:02:26","2026-04-01 21:02:26",,83.0,2024,"Under Construction","Enclosure / Rough Systems",initial_import,housing_addition
140,"2136 SAN PABLO Ave",125,Approved,TBD,2024-01-01,"",2024-04-01,,,6,,0,,"Allrise Capital","Trachtenberg Architects","6-story mixed-use with 125 units (10 VLI). Allrise Capital, Trachtenberg Architects. Approved Apr 2024.",37.8668949,-122.29183688,91,1,10,"056 197701101",,Approved,,,,0,0,0,225071.5,0.0,,,,,,,,,,,Estimated,0,0,5+,Renter,"Mega (100+)","2026-04-01 21:02:26","2026-04-01 21:02:26",,125.0,2024,Entitled,,initial_import,housing_addition
141,"2016 ASHBY Ave",50,"Building Permits Filed",TBD,2024-01-01,"","",2024-06-01,,7,,0,foundation,CHDC,"Lowney Architecture","100% affordable housing, 50 units. Community Housing Development Corp, Lowney Architecture. Building permits filed.",37.85482147,-122.26822209,152,1,50,"053 159202000",,"Building Permits Filed",,2025-06-01,2027-06-01,0,0,0,2192720.87,0.0,,,,,,,,,,,Probable,0,1,5+,Renter,"Large (21-50)","2026-04-01 21:02:26","2026-04-01 21:02:26",,50.0,2024,"Permits Active",Foundation,initial_import,housing_addition
142,"2350 TELEGRAPH Ave",48,"Under Review",TBD,2024-01-01,"","",,,8,,0,,,"Trachtenberg Architects","8-story mixed-use with 48 units (2 VLI). Kick-Axe Properties/Ken Sarachan, Trachtenberg Architects. Renderings published.",37.86760496,-122.25922449,822,1,2,"055 187900100",,"Under Review",,,,0,0,0,970.0,0.0,,,,,,,,,,,Unknown,0,0,5+,Renter,"Large (21-50)","2026-04-01 21:02:26","2026-04-01 21:02:26",,48.0,2024,"In Review",,initial_import,housing_addition
143,"2902 ADELINE St",54,"Under Construction",TBD,2024-01-01,"","",2024-01-01,,6,,0,framing,"Realtex Group","SDT Architects","54 units. Realtex Group, SDT Architects. Under construction since July 2025.",37.85622646,-122.26905086,0,1,0,"053 159800600",,"Under Construction",,2024-12-01,2026-06-01,0,0,0,751490.65,0.0,,,,2021-09-01,,,,,,,Probable,0,0,5+,Renter,"Very Large (51-100)","2026-04-01 21:02:26","2026-04-01 21:02:26",,54.0,2024,"Under Construction",Superstructure,initial_import,housing_addition
144,"2127 DWIGHT Way",58,Entitled,TBD,2024-01-01,"","",,,6,,0,,"Riaz Capital","Trachtenberg Architects","58 units (8 affordable). Riaz Capital, Levy Design Partners. Topped out, opening 2026.",37.86431483,-122.26684931,427,1,8,"055 189001201",,"Under Construction",,2024-06-01,2026-03-01,0,0,0,,0.0,,2026-04-03,"Existing apartment still standing - CO date was incorrect",,,,,,,,Confirmed,0,0,5+,Renter,"Very Large (51-100)","2026-04-01 21:02:26","2026-04-01 21:02:26",,58.0,2024,Entitled,,initial_import,housing_addition
145,"1708 HARMON St",80,"Demolition Permits Filed",TBD,2024-01-01,"","",,,5,,0,,CHDC,"Kava Massih Architects","80 units affordable senior housing. Demo permits filed.",37.84896792,-122.27329273,822,1,80,"052 153300103",,"Demolition Permits Filed",,,,0,0,0,3660.0,0.0,,,,,,,,,,,Unknown,0,0,5+,Renter,"Very Large (51-100)","2026-04-01 21:02:26","2026-04-01 21:02:26",,80.0,2024,"Permits Active",,initial_import,housing_addition
146,"2800 TELEGRAPH Ave",18,"Building Permits Filed",TBD,2024-01-01,"","",,,4,,0,,,"SDT Architects","18 units. Bright Street/Via Development, SDT Architects. Building permits filed.",37.85932315,-122.25951996,822,0,0,"053 168900100",,"Building Permits Filed",,,,0,0,0,,0.0,,,,,,,,,,,estimated_height,0,0,5+,Renter,"Medium (6-20)","2026-04-01 21:02:26","2026-04-01 21:02:26",,18.0,2024,"Permits Active",,initial_import,housing_addition
147,"2300 ELLSWORTH St",69,"Demolition Underway",TBD,2024-01-01,"","",2025-09-04,,7,,0,framing,"Riaz Capital","Trachtenberg Architects","7-story with 69 units. Riaz Capital. Demolition underway.",37.86791627,-122.26398397,822,1,0,"055 188600100",,"Demolition Underway",,2025-10-01,2027-06-01,0,0,0,2981382.05,0.0,,2026-04-03,"Demolition done, framing up.",2025-01-30,2025-09-01,,,,,,Unknown,0,1,5+,Renter,"Very Large (51-100)","2026-04-01 21:02:26","2026-04-01 21:02:26",,69.0,2024,"Permits Active",Superstructure,initial_import,housing_addition
148,"2018 BLAKE St",12,"Demolition Permits Filed",TBD,2024-01-01,"","",,,6,,0,,,"SDT Architects","6-story co-living with 12 units. Tripalink. Demo permits filed.",37.8625782,-122.26883511,822,0,0,"055 182102100",,"Demolition Permits Filed",,,,0,0,0,,0.0,,,,,,,,,,,Unknown,0,0,5+,Renter,"Medium (6-20)","2026-04-01 21:02:26","2026-04-01 21:02:26",,12.0,2024,"Permits Active",,initial_import,housing_addition
149,"2198 SAN PABLO Ave",100,Entitled,TBD,2024-01-01,"","",,,7,,0,,"Allrise Capital","Trachtenberg Architects","7-story mixed-use. Allrise Capital, Trachtenberg Architects. Entitled. Unit count TBD.",37.86653584,-122.29166193,822,1,0,"056 197701300",,Entitled,,,,0,0,0,41660.0,0.0,,,,,,,,,,,Estimated,0,0,5+,Renter,"Very Large (51-100)","2026-04-01 21:02:26","2026-04-01 21:02:26",,100.0,2024,Entitled,,initial_import,housing_addition
150,"3030 TELEGRAPH Ave",144,"Under Construction",TBD,2024-01-01,"","",2023-10-01,2026-01-27,10,,0,finishing,,,"144 unit mixed-use development.",37.85482734,-122.2603453,757,1,0,"052 157602701",,"Under Review",,2024-01-01,2025-12-01,0,0,0,1260430.42,0.0,,2026-04-03,"Topped out, finishing, not yet rented.",2024-01-30,,,,,,,estimated_height,0,1,5+,Renter,"Mega (100+)","2026-04-01 21:02:26","2026-04-01 21:02:26",,144.0,2024,"Under Construction","Interior Finishes",initial_import,housing_addition
151,"Ashby BART",618,"Developer Selected",TBD,2025-01-01,"","",,,20,,0,,,,"618 units, 50% affordable. Developer Adeline Alliance/Relequity selected Aug 2025. BART transit-oriented development.",37.8531,-122.2704,456,1,309,"053 165200105",,"Developer Selected",,,,0,0,0,,0.0,,,,,,,,,,,estimated_height,0,0,5+,Renter,"Mega (100+)","2026-04-01 21:02:26","2026-04-01 21:02:26",,618.0,2025,Pre-Application,,manual_corrected,housing_addition
152,"1598 UNIVERSITY Ave",207,"Under Construction",TBD,2024-01-01,"","",2024-01-01,,8,,0,topped_out,"NX Ventures","Trachtenberg Architects","207 units modular construction, topped out. NX Ventures. 21 VLI units.",37.87032921,-122.28000582,0,1,21,"056 200300100",,"Under Construction",,2024-03-01,2026-03-01,0,0,0,75421.2,0.0,,,,,,,,,,,Probable,0,0,5+,Renter,"Mega (100+)","2026-04-01 21:02:26","2026-04-01 21:02:26",,207.0,2024,"Under Construction","Enclosure / Rough Systems",initial_import,housing_addition
153,"1701 SAN PABLO Ave",110,"Under Construction",TBD,2024-01-01,"","",2023-06-01,,10,,0,foundation,,,"110 units 100% affordable educator housing. BUSD + Abode/SAHA. Under construction.",37.87282,-122.29272,0,1,110,"058 212701403",,"Under Construction",,2025-06-01,2027-06-01,0,0,0,57612.6,0.0,,,,,,,,,,,estimated_height,0,0,5+,Renter,"Mega (100+)","2026-04-01 21:02:26","2026-04-01 21:02:26",,110.0,2024,"Under Construction",Foundation,manual_corrected,housing_addition
154,"2001 ASHBY Ave",87,Completed,TBD,2024-01-01,"","",2022-02-04,2025-06-01,1,,0,Completed,RCD,"Pyatok Architects","87 units, 86 affordable. Resources for Community Development. OPEN June 2025.",37.85541723,-122.26832199,517,1,86,"053 159101803",,Open,,2023-06-01,2025-06-01,0,0,0,981306.46,0.0,,,,,,,,,,,Confirmed,0,0,5+,Renter,"Very Large (51-100)","2026-04-01 21:02:26","2026-04-01 21:02:26",2021-12-15,87.0,2024,Completed,"Final Inspection / CO",initial_import,housing_addition
155,"1700 SACRAMENTO St",85,"Under Review",TBD,2024-01-01,"","",,,7,,0,,"Insight Housing","Pyatok Architects","85 units BART Phase 1. Insight Housing. AB 2011. Pyatok Architects.",37.87468358,-122.28217011,822,1,0,"058 215100100",,"Under Review",,,,0,0,1,,0.0,,,,,,,,,,,estimated_height,0,0,5+,Renter,"Very Large (51-100)","2026-04-01 21:02:26","2026-04-01 21:02:26",,85.0,2024,"In Review",,initial_import,housing_addition
156,"2550 SHATTUCK Ave",72,Entitled,TBD,2025-01-01,"",2025-01-21,,,7,,0,,"4Terra Investments","Trachtenberg Architects","72 units, 15 affordable. 4Terra Investments. ZAB/DRC in progress.",37.86276714,-122.2677616,456,1,8,"055 182100101",,"ZAB Review",,,,0,0,0,17633.0,0.0,,,,,,,,,,,Unknown,0,0,5+,Renter,"Very Large (51-100)","2026-04-01 21:02:26","2026-04-01 21:02:26",,72.0,2025,Entitled,,initial_import,housing_addition
157,"2587 TELEGRAPH Ave",52,"Under Construction",TBD,2024-01-01,"","",2024-01-01,,8,,0,topped_out,"Gilbane Development",,"52 units, 6 VLI. Gilbane Development. Topped out summer 2026.",37.86381398,-122.25828879,0,1,6,"055 183901901",,"Under Construction",,2024-06-01,2026-06-01,0,0,0,1759549.01,0.0,,2026-04-03,"Topped out.",2023-06-01,,,,,,,Probable,0,0,5+,Renter,"Very Large (51-100)","2026-04-01 21:02:26","2026-04-01 21:02:26",,52.0,2024,"Under Construction","Enclosure / Rough Systems",initial_import,housing_addition
158,"1367 UNIVERSITY Ave",39,Completed,TBD,2024-01-01,"","",2023-03-13,2025-06-18,4,,0,Completed,"Panoramic Interests",,"39 units supportive housing. Panoramic Interests. OPEN July 2025.",37.87028242,-122.28519012,534,0,39,"057 207300500",,Open,,2023-07-01,2025-07-01,0,0,0,171103.97,0.0,,,,,,,,,,,Confirmed,0,0,5+,Renter,"Large (21-50)","2026-04-01 21:02:26","2026-04-01 21:02:26",,39.0,2024,Completed,"Final Inspection / CO",initial_import,housing_addition
159,"2403 SAN PABLO Ave",36,"Under Construction",TBD,2025-01-01,"","",2024-01-01,,4,,0,foundation,,,"36 units Jewish cohousing co-op. Groundbreaking Apr 2025.",37.86272977,-122.28972121,0,0,0,"056 192800100",,"Under Construction",,2025-04-01,2027-04-01,0,0,0,42242.0,0.0,,,,,,,,,,,Probable,0,0,5+,Renter,"Large (21-50)","2026-04-01 21:02:26","2026-04-01 21:02:26",,36.0,2025,"Under Construction",Foundation,initial_import,housing_addition
160,"2344 FULTON St",18,Pre-Application,TBD,2025-01-01,"","",,,4,,0,,,,"18 units. Pre-application stage.",37.86616878,-122.26585528,456,0,0,"055 189200400",,Pre-Application,,,,0,0,0,,0.0,,,,,,,,,,,estimated_height,0,0,5+,Renter,"Medium (6-20)","2026-04-01 21:02:26","2026-04-01 21:02:26",,18.0,2025,Pre-Application,,initial_import,housing_addition
161,"2555 COLLEGE Ave",12,Completed,ZP2022-0019,2022-02-04,2022-07-21,2023-05-31,,2023-06-09,4,47,0,Completed,"Panoramic Interests","Trachtenberg Architects","11 units (1 VLI), 4-story, State Density Bonus. Trachtenberg Architects.",37.86412303,-122.25354342,490,1,1,"055 184702000","LAWSON DONALD & CAROLYN",Approved,2023-05-31,,,0,0,0,179362.17,47.47,,,,,,,,,,,Confirmed,0,1,5+,Renter,"Medium (6-20)","2026-04-01 21:02:26","2026-04-01 21:02:26",,11.0,2022,Completed,"Final Inspection / CO",initial_import,housing_addition
162,"2820 SAN PABLO Ave",1,Entitled,ZP2022-0038,2024-12-06,,,,,2,,0,,,,SFD,37.85530167,-122.28812032,482,0,0,"053 166101100",,Approved,,,,0,0,0,,,,,,,,,,,,,Estimated,0,0,SFD,Owner,small,"2026-04-01 21:02:26","2026-04-01 21:02:26",,1.0,2024,Entitled,,initial_import,housing_addition
163,"0 PARKER St",1,Entitled,ZP2024-0100,2024-08-08,,,,,3,,0,,,,SFD,37.86,-122.267,602,0,0,"055 182901100",,Approved,,,,0,0,0,,,,,,,,,,,,,estimated_height,0,0,SFD,Owner,small,"2026-04-01 21:02:26","2026-04-01 21:02:26",,1.0,2024,Entitled,,initial_import,housing_addition
164,"1752 SHATTUCK Ave",68,Completed,"ZP2022-0011, B2023-00774, ZP2025-0046",2022-01-18,2022-05-06,2023-01-12,2024-06-13,2025-05-27,7,,0,Completed,"Panoramic Interests","Studio KDA","Demolish existing non-residential building, construct new mixed-use residential development containing 68 dwelling units and 1,200 sq.ft. commercial space, six parking spaces. State Density Bonus.",37.8776,-122.2691,1225,1,0,"058 217600101","1752 Shattuck LLC / Panoramic Interests","Case Closed: Approved",2023-02-15,,,0,1,0,702886.04,48.2,,,,,,,,,,,Confirmed,0,3,5+,Renter,"Very Large (51-100)","2026-04-01 21:02:26","2026-04-01 21:02:26",,68.0,2022,Completed,"Final Inspection / CO",initial_import,housing_addition
165,"2200 BANCROFT Way",550,"Under Construction","",2024-01-01,,,,,23,253,1,foundation,"UC Berkeley Capital Strategies",KieranTimberlake,"Bancroft-Fulton Student Housing. 23 stories, 1,625 beds, 19,500 sf open space, 500-seat dining. Tallest building in Berkeley. UC project — exempt from city zoning, not in Accela, not counted toward RHNA.",37.86743806,-122.26558553,822,0,0,,"UC Berkeley","UC Project - Not in City System",,2024-06-01,2027-08-01,0,0,0,,0.0,,,,,,,,,,,Confirmed,0,0,5+,Renter,"Mega (100+)","2026-04-01 21:02:26","2026-04-01 21:02:26",,550.0,2024,"Under Construction",Foundation,city_gis,housing_addition
166,"3031 ADELINE St",64,"Under Review",ZP2024-0XXX,,,,,,7,,0,,,,,,,,0,0,,,,,,,0,0,0,,,,,,,,,,,,,estimated_height,,,,,,,,,,,"In Review",,initial_import,housing_addition
167,"2435 SAN PABLO Ave",40,"Under Review",B2025-XXXXX,,,,,,5,,0,,,,,,,,0,0,,,,,,,0,0,0,,,,,,,,,,,,,estimated_height,,,,,,,,,,,"In Review",,initial_import,housing_addition
168,"3000 SAN PABLO Ave",29,"Under Review",ZP202X-XXXX,,,,,,5,,0,,,,,,,,0,0,,,,,,,0,0,0,,,,,,,,,,,,,estimated_height,,,,,,,,,,,"In Review",,initial_import,housing_addition
169,"3020 SAN PABLO Ave",29,"Under Review",ZP202X-XXXX,,,,,,5,,0,,,,,,,,0,0,,,,,,,0,0,0,,,,,,,,,,,,,estimated_height,,,,,,,,,,,"In Review",,initial_import,housing_addition
170,"1950 OXFORD St",300,Completed,,,,,,2024-08-21,14,154,1,occupied,"UC Berkeley","Morris Adjmi Architects","14-story UC Berkeley student dorm, 772 apartment-style bedrooms, construction wrapping up. Morris Adjmi Architects.",37.8725,-122.266,,0,0,,,,,,,0,0,0,,,,,,,,,,,,,,,,,,,,,,,,Completed,Occupied,initial_import,housing_addition
171,"2400 BOWDITCH St",750,Pre-Application,"",2026-01-01,,,,,26,280,1,,"UC Berkeley Capital Strategies","SOM (Skidmore Owings & Merrill)","Channing-Bowditch Student Housing (Anna Head site). 26 stories (+ 14-story wing). ~550,000 sf dormitory. ~1,500 beds. Partial demolition of Anna Head School site. Largest UC Berkeley student housing project ever proposed. SOM design with white/grey cement panel facade. UC project — exempt from city zoning, not counted toward RHNA. Site bounded by Channing (N), Bowditch (E), Haste (S), Telegraph (W).",37.867,-122.257,,0,0,,"UC Berkeley","UC Project - Pre-Application",,,,,,,,,,,,,,,,,,,,,,,,,,,,,,Pre-Application,,manual_corrected,housing_addition
172,"2650 TELEGRAPH Ave",45,Completed,"ZP2019-0070, B2021-02225",2019-05-18,2019-09-20,2020-06-16,2023-08-02,2025-06-16,5,,0,,"2650 TELEGRAPH LP","Trachtenberg Architects","New 5 story mixed use Density Bonus project with 45 dwelling units, ground level lobby and commercial space",,,,0,0,,"2650 TELEGRAPH LP",,,,,,,,15207.0,,,,,,,468,,,2025-06-16,,,,,,,,,,,,,Completed,,initial_import,housing_addition
173,"2000 DWIGHT Way",113,Completed,"ZP2019-0074, B2021-02404",2019-05-24,2020-07-01,2020-09-30,2022-04-18,2025-03-15,6,,0,,"Berkeley Ruby WIP Development LLC","Trachtenberg Architects","New 6 story senior living facility Type I-A with 113 units, basement parking and senior amenities",,,,0,0,,"BERKELEY RUBY WIP DEVELOPMENT",,,,,,,,44250.0,,,,,,,527,,,,,,,,,,,,,,,,Completed,,initial_import,housing_addition
174,"1773 OXFORD St",24,Completed,"ZP2022-0062, B2023-02354",2022-05-10,2022-09-21,2023-02-17,2023-11-13,2025-05-21,5,,0,,,,"Demolish existing 4-story 6-unit building and replace with 5-story building with 22 units, 2 units reserved for 50% AMI",,,,0,2,,,,,,,,,,279648.46,,,,,,,478,,,2025-05-21,,,,,,,,,,,,,Completed,,initial_import,housing_addition
175,"1698 UNIVERSITY Ave",36,Completed,"DRCF2015-0003, B2014-05752",2014-12-01,2015-02-26,2015-03-20,2017-06-20,2025-05-22,5,,0,,,,"New 36-unit mixed use building with retail at ground level and structured parking below",,,,0,0,,,,,,,,,,531089.91,,,,,,,788,,,2025-05-22,,,,,,,,,,,,,Completed,,initial_import,housing_addition
176,"2440 SHATTUCK Ave",40,Completed,"ZP2021-0201, B2022-02525, B2022-05117",2021-12-09,2022-02-24,2022-06-24,2022-10-14,2025-03-05,8,,0,,,,"New 8-story mixed-use building with 40 dwelling units utilizing State Density Bonus",,,,0,0,,,,,,,,,,881258.84,,,,,,,,,,2025-03-05,,,,,,,,,,,,,Completed,,initial_import,housing_addition
177,"2556 HASTE St",556,"Under Construction",,,,,,,12,132,1,,"UC Berkeley Capital Strategies","","People's Park Student Housing. 12 stories, 1,113 beds, $312M. Bounded by Bowditch (E), Haste (N), Dwight (S), extending half block west toward Telegraph. Includes supportive housing component.",37.86575,-122.25715,,0,0,,,,,,,,,,,,,,,,,,,,,,,0,0,,,,,,,,,"Under Construction",,city_gis,housing_addition
178,"2131 University Ave",205,Completed,"UP2010-0078, B2015-02995, B2015-02998, B2015-03000, B2015-03005",,2022,2013-07-08,,,,,0,,"Mill Creek Residential Trust","Kirk E. Peterson & Associates","Modera Acheson Commons / Modera Berkeley. Four-building mixed-use project spanning the University/Shattuck/Walnut/Berkeley Way block. Building A (Acheson historic rehab at 2131 University, 37 units), Building B (new 6-story at 2145 University, 35 units), Building C (1900 Walnut St, 65 units), Building D / MacFarlane (2111 University Ave at Shattuck corner, 68 units). Secondary addresses: 2145 University Ave, 1900 Walnut St, 2111 University Ave, 1987 Shattuck Ave. UP2010-0078 approved 2013-07-08, all four building permits filed 2015-06-23, groundbreaking Aug 2018, leasing began early 2021, substantially complete mid-2022. Unit count confidence: developer_reported (matches UP2010-0078 and aggregated building permits). Source: accela_lookup_2026-05-02, see data/raw/accela_research/2026-05-02_modera_and_sfyimby_candidates.md.",,,,0,0,"057-2046-008-03, 057-2046-008-02, 057-2046-006-00, 057-2046-010-00",,,,2018-08-23,,,,,,,,,,,,,,,,,,0,0,,,,"2026-05-03 17:03:26",,,,,,,,housing_addition
179,"2352 Shattuck Ave",237,Completed,"ZP2018-0135, DRCF2020-0003, B2019-05574, B2019-05575",,2022,2018,,,,,0,,,,"Logan Park. Mixed-use 7-story building with 237 dwelling units. Two-phase construction: Phase I (South Building, B2019-05575) and Phase II (North Building, B2019-05574), both Finaled. Use Permit ZP2018-0135 filed 06/28/2018. Design Review DRCF2020-0003 approved 07/24/2020. Source: accela_lookup_2026-05-02.",,,,0,0,055-1895-018-05,,,,,,,,,,,,,,,,,,,,,,0,0,,,,"2026-05-03 17:08:17",,,,,,,,housing_addition
180,"2065 Kittredge St",189,Entitled,"ZP2021-0193, LMSAP2021-0004, DRCF2023-0002",,,2021-07-22,,,,,0,,,,"New 189-unit multi-family apartment building; 5-story Type IIIA over 3-story Type IA with partial basement. Use Permit ZP2021-0193 approved. Structural Alteration Permit LMSAP2021-0004 approved for alteration/demolition of portions of Shattuck Hotel landmark. Building permits B2022-03273 filed but Closed Expired — project needs new building permits. Source: accela_lookup_2026-05-02.",,,,0,0,057-2027-006-00,,,,,,,,,,,,,,,,,,,,,,0,0,,,,"2026-05-03 17:08:17",,,,,,,,housing_addition
181,"2015 Blake St",168,Entitled,"ZP2020-0072, ZP2022-0178",,,2020-07-10,,,,,0,,,,"Demolish 3 existing commercial buildings and 1 duplex; restore and relocate 2 Victorian residential structures; construct new multi-family residential. Use Permit ZP2020-0072 approved 07/10/2020, modified by ZP2022-0178 (SB 330) approved 12/19/2022. No building permits filed yet. Source: accela_lookup_2026-05-02.",,,,0,0,055-1822-013-3,,,,,,,,,,,,,,,,,,,,,,0,0,,,,"2026-05-03 17:08:17",,,,,,,,housing_addition
182,"2072 Addison St",66,Entitled,"ZP2016-0020, ZP2018-0200, DRCF2019-0001",,,2017-11-30,,,,,0,,,,"The Artisan. Use Permit ZP2016-0020 to demolish existing non-residential structure and construct a six-story mixed-use building with 66 dwelling units. Filed 01/27/2016, approved 11/30/2017. ZP2018-0200 modified to waive parking. Design Review DRCF2019-0001 approved 01/07/2019. No building permits filed yet — project is approved but pre-construction. Source: accela_lookup_2026-05-02.",,,,0,0,057-2023-025-00,,,,,,,,,,,,,,,,,,,,,,0,0,,,,"2026-05-03 17:08:17",,,,,,,,housing_addition
